sample_id,project_id,year,latitude,longitude,row,col,true_target,pred_target,prob_target
MH-001_2021_R100_C091,MH-001,2021,21.154921,78.937255,100,91,0,0,0.49045878276110794
MH-001_2021_R100_C092,MH-001,2021,21.154921,78.937524,100,92,0,0,0.44990598666531534
MH-001_2021_R100_C093,MH-001,2021,21.154921,78.937794,100,93,0,1,0.5037004551564287
MH-001_2021_R101_C091,MH-001,2021,21.154651,78.937255,101,91,0,0,0.44391174850925375
MH-001_2021_R101_C092,MH-001,2021,21.154651,78.937524,101,92,0,0,0.3757160658307962
MH-001_2021_R101_C093,MH-001,2021,21.154651,78.937794,101,93,0,1,0.5712940916448452
MH-001_2021_R101_C094,MH-001,2021,21.154651,78.938063,101,94,0,1,0.7114694323571208
MH-001_2021_R102_C091,MH-001,2021,21.154382,78.937255,102,91,0,0,0.4648293550036724
MH-001_2021_R102_C092,MH-001,2021,21.154382,78.937524,102,92,0,0,0.40681806856121283
MH-001_2021_R102_C093,MH-001,2021,21.154382,78.937794,102,93,0,1,0.6611653309131275
MH-001_2021_R102_C094,MH-001,2021,21.154382,78.938063,102,94,0,1,0.8063759356287631
MH-001_2021_R103_C091,MH-001,2021,21.154112,78.937255,103,91,0,1,0.5915158337503441
MH-001_2021_R103_C092,MH-001,2021,21.154112,78.937524,103,92,0,1,0.5978425332534485
MH-001_2021_R103_C094,MH-001,2021,21.154112,78.938063,103,94,0,1,0.7126729508426874
MH-001_2021_R104_C091,MH-001,2021,21.153843,78.937255,104,91,0,1,0.5163878140031801
MH-001_2021_R104_C092,MH-001,2021,21.153843,78.937524,104,92,0,1,0.6157162677699353
MH-001_2021_R105_C091,MH-001,2021,21.153573,78.937255,105,91,0,0,0.42710507227291233
MH-001_2021_R105_C093,MH-001,2021,21.153573,78.937794,105,93,0,1,0.5312559033374247
MH-001_2021_R105_C094,MH-001,2021,21.153573,78.938063,105,94,0,1,0.602863356657557
MH-001_2021_R105_C095,MH-001,2021,21.153573,78.938333,105,95,0,0,0.3934194997146463
MH-001_2021_R106_C091,MH-001,2021,21.153304,78.937255,106,91,0,0,0.46258877439067975
MH-001_2021_R106_C092,MH-001,2021,21.153304,78.937524,106,92,0,1,0.6192308782948538
MH-001_2021_R106_C093,MH-001,2021,21.153304,78.937794,106,93,0,1,0.6888726733907976
MH-001_2021_R106_C094,MH-001,2021,21.153304,78.938063,106,94,0,1,0.6842860719738532
MH-001_2021_R106_C095,MH-001,2021,21.153304,78.938333,106,95,0,0,0.27672285065691266
MH-001_2021_R107_C091,MH-001,2021,21.153034,78.937255,107,91,0,1,0.5532003185278718
MH-001_2021_R107_C092,MH-001,2021,21.153034,78.937524,107,92,0,1,0.6812147489265306
MH-001_2021_R107_C093,MH-001,2021,21.153034,78.937794,107,93,0,1,0.6840299287083358
MH-001_2021_R107_C094,MH-001,2021,21.153034,78.938063,107,94,0,0,0.39843483590176515
MH-001_2021_R107_C095,MH-001,2021,21.153034,78.938333,107,95,0,0,0.15793294508180705
MH-001_2021_R108_C091,MH-001,2021,21.152765,78.937255,108,91,0,1,0.6857307677707439
MH-001_2021_R108_C092,MH-001,2021,21.152765,78.937524,108,92,0,1,0.6586894787133938
MH-001_2021_R108_C093,MH-001,2021,21.152765,78.937794,108,93,0,1,0.6807882608453352
MH-001_2021_R108_C094,MH-001,2021,21.152765,78.938063,108,94,0,1,0.6304734175493713
MH-001_2021_R108_C095,MH-001,2021,21.152765,78.938333,108,95,0,1,0.6686800547279577
MH-001_2021_R109_C091,MH-001,2021,21.152495,78.937255,109,91,0,1,0.6392039166011783
MH-001_2021_R109_C092,MH-001,2021,21.152495,78.937524,109,92,0,1,0.6223471014974734
MH-001_2021_R109_C093,MH-001,2021,21.152495,78.937794,109,93,0,1,0.6785329298328341
MH-001_2021_R109_C094,MH-001,2021,21.152495,78.938063,109,94,0,0,0.4410734968929213
MH-001_2021_R109_C095,MH-001,2021,21.152495,78.938333,109,95,0,0,0.34423449115720556
MH-001_2021_R109_C096,MH-001,2021,21.152495,78.938602,109,96,0,0,0.4466850467489817
MH-001_2021_R110_C091,MH-001,2021,21.152226,78.937255,110,91,0,1,0.5541473027530859
MH-001_2021_R110_C092,MH-001,2021,21.152226,78.937524,110,92,0,1,0.6241308704228665
MH-001_2021_R110_C093,MH-001,2021,21.152226,78.937794,110,93,0,1,0.6581511740437453
MH-001_2021_R110_C094,MH-001,2021,21.152226,78.938063,110,94,0,1,0.5268600759128518
MH-001_2021_R110_C095,MH-001,2021,21.152226,78.938333,110,95,0,0,0.47707236457898905
MH-001_2021_R110_C096,MH-001,2021,21.152226,78.938602,110,96,0,0,0.4804041416069258
MH-001_2021_R111_C091,MH-001,2021,21.151956,78.937255,111,91,0,1,0.599985874956621
MH-001_2021_R111_C094,MH-001,2021,21.151956,78.938063,111,94,0,1,0.5642046397429248
MH-001_2021_R111_C095,MH-001,2021,21.151956,78.938333,111,95,0,1,0.5679734385642252
MH-001_2021_R111_C096,MH-001,2021,21.151956,78.938602,111,96,0,1,0.596939829830643
MH-001_2021_R112_C091,MH-001,2021,21.151687,78.937255,112,91,0,1,0.6777579177487288
MH-001_2021_R112_C092,MH-001,2021,21.151687,78.937524,112,92,0,1,0.6806650593727341
MH-001_2021_R112_C093,MH-001,2021,21.151687,78.937794,112,93,0,1,0.6505498707041294
MH-001_2021_R112_C095,MH-001,2021,21.151687,78.938333,112,95,0,0,0.48931591570609045
MH-001_2021_R112_C096,MH-001,2021,21.151687,78.938602,112,96,0,1,0.5202921262482272
MH-001_2021_R112_C097,MH-001,2021,21.151687,78.938872,112,97,0,1,0.6235241433759869
MH-001_2021_R113_C091,MH-001,2021,21.151417,78.937255,113,91,0,1,0.663306469096767
MH-001_2021_R113_C092,MH-001,2021,21.151417,78.937524,113,92,0,1,0.6961587328641502
MH-001_2021_R113_C093,MH-001,2021,21.151417,78.937794,113,93,0,1,0.7106228201983261
MH-001_2021_R113_C094,MH-001,2021,21.151417,78.938063,113,94,0,1,0.6035243955103838
MH-001_2021_R113_C095,MH-001,2021,21.151417,78.938333,113,95,0,1,0.5118694684139381
MH-001_2021_R113_C097,MH-001,2021,21.151417,78.938872,113,97,0,0,0.48995729488268225
MH-001_2021_R114_C091,MH-001,2021,21.151148,78.937255,114,91,0,1,0.6531388755222022
MH-001_2021_R114_C092,MH-001,2021,21.151148,78.937524,114,92,0,1,0.6989736261209049
MH-001_2021_R114_C093,MH-001,2021,21.151148,78.937794,114,93,0,1,0.6555494961673826
MH-001_2021_R114_C094,MH-001,2021,21.151148,78.938063,114,94,0,1,0.5958371039593325
MH-001_2021_R114_C095,MH-001,2021,21.151148,78.938333,114,95,0,1,0.5727112041512229
MH-001_2021_R114_C096,MH-001,2021,21.151148,78.938602,114,96,0,1,0.5398659400484559
MH-001_2021_R114_C097,MH-001,2021,21.151148,78.938872,114,97,0,0,0.42886275526959633
MH-001_2021_R115_C091,MH-001,2021,21.150878,78.937255,115,91,0,1,0.6070054092522988
MH-001_2021_R115_C092,MH-001,2021,21.150878,78.937524,115,92,0,1,0.5584985730226315
MH-001_2021_R115_C093,MH-001,2021,21.150878,78.937794,115,93,0,1,0.5528194288815133
MH-001_2021_R115_C094,MH-001,2021,21.150878,78.938063,115,94,0,1,0.6062271346023321
MH-001_2021_R115_C095,MH-001,2021,21.150878,78.938333,115,95,0,1,0.592728930804721
MH-001_2021_R115_C096,MH-001,2021,21.150878,78.938602,115,96,0,1,0.5860803673515167
MH-001_2021_R115_C097,MH-001,2021,21.150878,78.938872,115,97,0,1,0.6053593611313739
MH-001_2021_R116_C091,MH-001,2021,21.150609,78.937255,116,91,0,1,0.5833303758379076
MH-001_2021_R116_C092,MH-001,2021,21.150609,78.937524,116,92,0,1,0.5815048759329405
MH-001_2021_R116_C093,MH-001,2021,21.150609,78.937794,116,93,0,1,0.5648930405151403
MH-001_2021_R116_C094,MH-001,2021,21.150609,78.938063,116,94,0,1,0.6295337815412505
MH-001_2021_R116_C095,MH-001,2021,21.150609,78.938333,116,95,0,1,0.6020004343613045
MH-001_2021_R116_C096,MH-001,2021,21.150609,78.938602,116,96,0,1,0.526642788087301
MH-001_2021_R116_C097,MH-001,2021,21.150609,78.938872,116,97,0,1,0.5871226856988372
MH-001_2021_R116_C098,MH-001,2021,21.150609,78.939141,116,98,0,1,0.5962198287005154
MH-001_2021_R117_C091,MH-001,2021,21.150339,78.937255,117,91,0,1,0.6056045254553505
MH-001_2021_R117_C092,MH-001,2021,21.150339,78.937524,117,92,0,1,0.568914307294744
MH-001_2021_R117_C093,MH-001,2021,21.150339,78.937794,117,93,0,1,0.5644285138110687
MH-001_2021_R117_C094,MH-001,2021,21.150339,78.938063,117,94,0,1,0.5636712544646045
MH-001_2021_R117_C095,MH-001,2021,21.150339,78.938333,117,95,0,1,0.5693029129347809
MH-001_2021_R117_C096,MH-001,2021,21.150339,78.938602,117,96,0,1,0.584201188479255
MH-001_2021_R117_C097,MH-001,2021,21.150339,78.938872,117,97,0,1,0.597899881283087
MH-001_2021_R117_C098,MH-001,2021,21.150339,78.939141,117,98,0,1,0.595467033080272
MH-001_2021_R118_C091,MH-001,2021,21.15007,78.937255,118,91,1,1,0.5510755869999612
MH-001_2021_R118_C092,MH-001,2021,21.15007,78.937524,118,92,0,1,0.5849757617622662
MH-001_2021_R118_C093,MH-001,2021,21.15007,78.937794,118,93,0,1,0.5839804758606597
MH-001_2021_R118_C094,MH-001,2021,21.15007,78.938063,118,94,0,1,0.5649112606645521
MH-001_2021_R118_C095,MH-001,2021,21.15007,78.938333,118,95,0,1,0.5598590453675633
MH-001_2021_R118_C096,MH-001,2021,21.15007,78.938602,118,96,0,1,0.5850598340655379
MH-001_2021_R118_C097,MH-001,2021,21.15007,78.938872,118,97,0,1,0.6020239734156098
MH-001_2021_R118_C098,MH-001,2021,21.15007,78.939141,118,98,0,1,0.6488983464939366
MH-001_2021_R119_C091,MH-001,2021,21.1498,78.937255,119,91,1,0,0.4427741816289385
MH-001_2021_R119_C092,MH-001,2021,21.1498,78.937524,119,92,1,1,0.5430548389301154
MH-001_2021_R119_C093,MH-001,2021,21.1498,78.937794,119,93,0,1,0.5888694483536558
MH-001_2021_R119_C094,MH-001,2021,21.1498,78.938063,119,94,0,1,0.588679651930562
MH-001_2021_R119_C095,MH-001,2021,21.1498,78.938333,119,95,0,1,0.5674987448788577
MH-001_2021_R119_C096,MH-001,2021,21.1498,78.938602,119,96,0,1,0.5450374818733713
MH-001_2021_R119_C097,MH-001,2021,21.1498,78.938872,119,97,0,1,0.5974685739121623
MH-001_2021_R119_C098,MH-001,2021,21.1498,78.939141,119,98,0,1,0.6263485037322801
MH-001_2021_R120_C091,MH-001,2021,21.149531,78.937255,120,91,0,0,0.3471450199095443
MH-001_2021_R120_C093,MH-001,2021,21.149531,78.937794,120,93,0,0,0.4764565547109995
MH-001_2021_R120_C094,MH-001,2021,21.149531,78.938063,120,94,0,1,0.5570963895150303
MH-001_2021_R120_C095,MH-001,2021,21.149531,78.938333,120,95,0,1,0.5257989829010963
MH-001_2021_R120_C096,MH-001,2021,21.149531,78.938602,120,96,0,1,0.5689080331255081
MH-001_2021_R120_C097,MH-001,2021,21.149531,78.938872,120,97,0,1,0.6234799304310242
MH-001_2021_R120_C098,MH-001,2021,21.149531,78.939141,120,98,0,1,0.5854051431021825
MH-001_2021_R120_C099,MH-001,2021,21.149531,78.939411,120,99,0,1,0.5822275263452149
MH-001_2021_R121_C091,MH-001,2021,21.149261,78.937255,121,91,0,0,0.329735606220024
MH-001_2021_R121_C092,MH-001,2021,21.149261,78.937524,121,92,0,0,0.3047111408400945
MH-001_2021_R121_C095,MH-001,2021,21.149261,78.938333,121,95,0,0,0.44393556463132167
MH-001_2021_R121_C096,MH-001,2021,21.149261,78.938602,121,96,0,1,0.5348791698929273
MH-001_2021_R121_C097,MH-001,2021,21.149261,78.938872,121,97,0,1,0.5875454437580075
MH-001_2021_R121_C098,MH-001,2021,21.149261,78.939141,121,98,0,1,0.5860971489646947
MH-001_2021_R121_C099,MH-001,2021,21.149261,78.939411,121,99,0,1,0.5991809529964652
MH-001_2021_R122_C091,MH-001,2021,21.148992,78.937255,122,91,0,0,0.42105853318645303
MH-001_2021_R122_C092,MH-001,2021,21.148992,78.937524,122,92,0,0,0.326787569985978
MH-001_2021_R122_C093,MH-001,2021,21.148992,78.937794,122,93,0,0,0.3425514160054486
MH-001_2021_R122_C094,MH-001,2021,21.148992,78.938063,122,94,0,0,0.4949623476289516
MH-001_2021_R122_C095,MH-001,2021,21.148992,78.938333,122,95,0,0,0.40991497573388497
MH-001_2021_R122_C097,MH-001,2021,21.148992,78.938872,122,97,0,0,0.48815816360235975
MH-001_2021_R122_C098,MH-001,2021,21.148992,78.939141,122,98,0,1,0.5668882323715232
MH-001_2021_R122_C099,MH-001,2021,21.148992,78.939411,122,99,0,1,0.5967189198214065
MH-001_2021_R123_C091,MH-001,2021,21.148722,78.937255,123,91,0,0,0.47113831897549024
MH-001_2021_R123_C092,MH-001,2021,21.148722,78.937524,123,92,0,0,0.35329558448310433
MH-001_2021_R123_C093,MH-001,2021,21.148722,78.937794,123,93,1,0,0.4167905295228876
MH-001_2021_R123_C094,MH-001,2021,21.148722,78.938063,123,94,0,1,0.500224643743906
MH-001_2021_R123_C095,MH-001,2021,21.148722,78.938333,123,95,0,0,0.43720126021892414
MH-001_2021_R123_C096,MH-001,2021,21.148722,78.938602,123,96,0,0,0.4407150241938909
MH-001_2021_R123_C097,MH-001,2021,21.148722,78.938872,123,97,0,0,0.36789674424009117
MH-001_2021_R123_C098,MH-001,2021,21.148722,78.939141,123,98,0,0,0.42937124957191025
MH-001_2021_R123_C099,MH-001,2021,21.148722,78.939411,123,99,0,1,0.5259042693025459
MH-001_2021_R124_C091,MH-001,2021,21.148453,78.937255,124,91,0,0,0.37086313243625196
MH-001_2021_R124_C092,MH-001,2021,21.148453,78.937524,124,92,0,0,0.4235294109332646
MH-001_2021_R124_C093,MH-001,2021,21.148453,78.937794,124,93,1,0,0.48394947884047174
MH-001_2021_R124_C094,MH-001,2021,21.148453,78.938063,124,94,0,1,0.501566268653263
MH-001_2021_R124_C095,MH-001,2021,21.148453,78.938333,124,95,0,0,0.42398372565353304
MH-001_2021_R124_C096,MH-001,2021,21.148453,78.938602,124,96,0,0,0.4620860632116075
MH-001_2021_R124_C097,MH-001,2021,21.148453,78.938872,124,97,0,0,0.39794242969221544
MH-001_2021_R124_C099,MH-001,2021,21.148453,78.939411,124,99,0,1,0.5146352938354096
MH-001_2021_R125_C092,MH-001,2021,21.148183,78.937524,125,92,0,0,0.33366703240171497
MH-001_2021_R125_C093,MH-001,2021,21.148183,78.937794,125,93,1,0,0.3950113457982876
MH-001_2021_R125_C094,MH-001,2021,21.148183,78.938063,125,94,1,0,0.3406279872330554
MH-001_2021_R125_C095,MH-001,2021,21.148183,78.938333,125,95,0,0,0.2855550310571735
MH-001_2021_R125_C096,MH-001,2021,21.148183,78.938602,125,96,0,0,0.26037631263069605
MH-001_2021_R125_C098,MH-001,2021,21.148183,78.939141,125,98,0,0,0.47835249241276273
MH-001_2021_R125_C099,MH-001,2021,21.148183,78.939411,125,99,0,0,0.4922354906726412
MH-001_2021_R125_C100,MH-001,2021,21.148183,78.93968,125,100,0,0,0.4845944016571227
MH-001_2021_R126_C091,MH-001,2021,21.147914,78.937255,126,91,0,0,0.4163433682826164
MH-001_2021_R126_C092,MH-001,2021,21.147914,78.937524,126,92,0,0,0.35895707111992353
MH-001_2021_R126_C093,MH-001,2021,21.147914,78.937794,126,93,1,0,0.42546171418188544
MH-001_2021_R126_C094,MH-001,2021,21.147914,78.938063,126,94,1,0,0.4299553969488143
MH-001_2021_R126_C095,MH-001,2021,21.147914,78.938333,126,95,0,0,0.44263985096794606
MH-001_2021_R126_C096,MH-001,2021,21.147914,78.938602,126,96,0,0,0.40978611901548906
MH-001_2021_R126_C097,MH-001,2021,21.147914,78.938872,126,97,0,0,0.46982534534895465
MH-001_2021_R126_C098,MH-001,2021,21.147914,78.939141,126,98,0,1,0.5426483310711796
MH-001_2021_R126_C099,MH-001,2021,21.147914,78.939411,126,99,0,0,0.49991342736603633
MH-001_2021_R127_C091,MH-001,2021,21.147644,78.937255,127,91,1,1,0.543956465131654
MH-001_2021_R127_C092,MH-001,2021,21.147644,78.937524,127,92,1,0,0.4898368865407536
MH-001_2021_R127_C093,MH-001,2021,21.147644,78.937794,127,93,1,1,0.5035164311256836
MH-001_2021_R127_C094,MH-001,2021,21.147644,78.938063,127,94,0,1,0.5553330547486395
MH-001_2021_R127_C095,MH-001,2021,21.147644,78.938333,127,95,0,1,0.5639504525589176
MH-001_2021_R127_C096,MH-001,2021,21.147644,78.938602,127,96,0,1,0.5658752868006549
MH-001_2021_R127_C097,MH-001,2021,21.147644,78.938872,127,97,0,1,0.5633725203886265
MH-001_2021_R127_C098,MH-001,2021,21.147644,78.939141,127,98,0,1,0.5030002781877756
MH-001_2021_R127_C100,MH-001,2021,21.147644,78.93968,127,100,0,0,0.47261556492826434
MH-001_2021_R128_C091,MH-001,2021,21.147375,78.937255,128,91,1,1,0.5151189292646529
MH-001_2021_R128_C092,MH-001,2021,21.147375,78.937524,128,92,1,1,0.5079028428763165
MH-001_2021_R128_C093,MH-001,2021,21.147375,78.937794,128,93,1,1,0.558433237076699
MH-001_2021_R128_C094,MH-001,2021,21.147375,78.938063,128,94,0,1,0.559051034159104
MH-001_2021_R128_C095,MH-001,2021,21.147375,78.938333,128,95,0,0,0.49102999760753446
MH-001_2021_R128_C096,MH-001,2021,21.147375,78.938602,128,96,0,0,0.4837774839998342
MH-001_2021_R128_C097,MH-001,2021,21.147375,78.938872,128,97,0,0,0.48394401636688683
MH-001_2021_R128_C098,MH-001,2021,21.147375,78.939141,128,98,0,0,0.43973060506773126
MH-001_2021_R128_C099,MH-001,2021,21.147375,78.939411,128,99,0,0,0.47908021780647886
MH-001_2021_R128_C100,MH-001,2021,21.147375,78.93968,128,100,0,1,0.5078057028043212
MH-001_2021_R129_C091,MH-001,2021,21.147105,78.937255,129,91,1,1,0.5194560776546508
MH-001_2021_R129_C092,MH-001,2021,21.147105,78.937524,129,92,0,0,0.49321704140856876
MH-001_2021_R129_C093,MH-001,2021,21.147105,78.937794,129,93,0,1,0.5096382662592018
MH-001_2021_R129_C094,MH-001,2021,21.147105,78.938063,129,94,0,0,0.4841650726440573
MH-001_2021_R129_C095,MH-001,2021,21.147105,78.938333,129,95,0,0,0.45155421718304617
MH-001_2021_R129_C096,MH-001,2021,21.147105,78.938602,129,96,0,0,0.4147201072497487
MH-001_2021_R129_C098,MH-001,2021,21.147105,78.939141,129,98,0,0,0.40569466708729385
MH-001_2021_R129_C099,MH-001,2021,21.147105,78.939411,129,99,0,0,0.43441898303808546
MH-001_2021_R129_C100,MH-001,2021,21.147105,78.93968,129,100,0,0,0.4487048032051622
MH-001_2021_R130_C092,MH-001,2021,21.146836,78.937524,130,92,0,1,0.5061955151195707
MH-001_2021_R130_C093,MH-001,2021,21.146836,78.937794,130,93,0,0,0.48288139678622033
MH-001_2021_R130_C094,MH-001,2021,21.146836,78.938063,130,94,0,0,0.42220433167447674
MH-001_2021_R130_C095,MH-001,2021,21.146836,78.938333,130,95,0,0,0.2524884314867049
MH-001_2021_R130_C099,MH-001,2021,21.146836,78.939411,130,99,0,0,0.3397742978805248
MH-001_2021_R130_C101,MH-001,2021,21.146836,78.93995,130,101,0,0,0.34293926292062066
MH-001_2021_R131_C094,MH-001,2021,21.146566,78.938063,131,94,0,0,0.2663054782293834
MH-001_2021_R131_C098,MH-001,2021,21.146566,78.939141,131,98,0,0,0.1518422252670314
MH-001_2021_R131_C099,MH-001,2021,21.146566,78.939411,131,99,0,0,0.22884686237304513
MH-001_2021_R131_C100,MH-001,2021,21.146566,78.93968,131,100,0,0,0.44178047282795363
MH-001_2021_R131_C101,MH-001,2021,21.146566,78.93995,131,101,0,1,0.5705988871800977
MH-001_2021_R132_C096,MH-001,2021,21.146297,78.938602,132,96,0,0,0.10220946112775209
MH-001_2021_R132_C097,MH-001,2021,21.146297,78.938872,132,97,0,0,0.17363479303959733
MH-001_2021_R132_C098,MH-001,2021,21.146297,78.939141,132,98,0,0,0.17094885849495547
MH-001_2021_R132_C099,MH-001,2021,21.146297,78.939411,132,99,0,0,0.3707688478233663
MH-001_2021_R132_C100,MH-001,2021,21.146297,78.93968,132,100,0,1,0.6049769303823359
MH-001_2021_R132_C101,MH-001,2021,21.146297,78.93995,132,101,0,1,0.6560327049115701
MH-001_2021_R133_C097,MH-001,2021,21.146027,78.938872,133,97,0,0,0.18993456388049965
MH-001_2021_R133_C098,MH-001,2021,21.146027,78.939141,133,98,0,0,0.29201537797566446
MH-001_2021_R133_C099,MH-001,2021,21.146027,78.939411,133,99,0,1,0.5645539291154346
MH-001_2021_R133_C100,MH-001,2021,21.146027,78.93968,133,100,0,1,0.6688253057961085
MH-001_2021_R133_C101,MH-001,2021,21.146027,78.93995,133,101,0,1,0.5930305792600467
MH-001_2021_R134_C098,MH-001,2021,21.145758,78.939141,134,98,0,1,0.5428548636626286
MH-001_2021_R134_C099,MH-001,2021,21.145758,78.939411,134,99,0,1,0.6205633520314506
MH-001_2021_R134_C100,MH-001,2021,21.145758,78.93968,134,100,0,1,0.5620892217558837
MH-001_2021_R134_C101,MH-001,2021,21.145758,78.93995,134,101,0,1,0.6017725358137274
MH-001_2021_R134_C102,MH-001,2021,21.145758,78.940219,134,102,0,1,0.6541154847587574
MH-001_2021_R135_C100,MH-001,2021,21.145488,78.93968,135,100,0,1,0.6628487384494924
MH-001_2021_R135_C101,MH-001,2021,21.145488,78.93995,135,101,0,1,0.6091430127815335
MH-001_2021_R136_C102,MH-001,2021,21.145219,78.940219,136,102,0,1,0.542862617480085
MH-001_2021_R157_C091,MH-001,2021,21.13956,78.937255,157,91,0,0,0.4222838019548957
MH-001_2021_R158_C091,MH-001,2021,21.13929,78.937255,158,91,0,1,0.5127555848911259
MH-001_2021_R159_C091,MH-001,2021,21.139021,78.937255,159,91,0,1,0.5995318195735937
MH-001_2021_R159_C092,MH-001,2021,21.139021,78.937524,159,92,0,1,0.5768874380597219
MH-001_2021_R160_C091,MH-001,2021,21.138751,78.937255,160,91,0,1,0.5225804932228948
MH-001_2021_R160_C092,MH-001,2021,21.138751,78.937524,160,92,0,0,0.45187620255692373
MH-001_2021_R160_C093,MH-001,2021,21.138751,78.937794,160,93,0,0,0.434179250973249
MH-001_2021_R161_C093,MH-001,2021,21.138482,78.937794,161,93,0,1,0.5084845266137891
MH-001_2021_R162_C091,MH-001,2021,21.138212,78.937255,162,91,0,0,0.4448062496979344
MH-001_2021_R162_C092,MH-001,2021,21.138212,78.937524,162,92,0,1,0.5008834838716726
MH-001_2021_R162_C093,MH-001,2021,21.138212,78.937794,162,93,0,1,0.5001042900954119
MH-001_2021_R162_C094,MH-001,2021,21.138212,78.938063,162,94,0,1,0.5937468564701355
MH-001_2021_R163_C091,MH-001,2021,21.137943,78.937255,163,91,0,0,0.4910213692147777
MH-001_2021_R163_C092,MH-001,2021,21.137943,78.937524,163,92,0,1,0.509824632707895
MH-001_2021_R163_C093,MH-001,2021,21.137943,78.937794,163,93,0,0,0.4835752957814497
MH-001_2021_R163_C094,MH-001,2021,21.137943,78.938063,163,94,0,1,0.5336546488287202
MH-001_2021_R163_C095,MH-001,2021,21.137943,78.938333,163,95,0,1,0.5502381535198633
MH-001_2021_R164_C091,MH-001,2021,21.137673,78.937255,164,91,0,1,0.5752157939020874
MH-001_2021_R164_C092,MH-001,2021,21.137673,78.937524,164,92,0,1,0.5468862060911355
MH-001_2021_R164_C093,MH-001,2021,21.137673,78.937794,164,93,0,1,0.6015462499584149
MH-001_2021_R164_C094,MH-001,2021,21.137673,78.938063,164,94,0,0,0.49656084309079646
MH-001_2021_R164_C095,MH-001,2021,21.137673,78.938333,164,95,0,1,0.5172416100752509
MH-001_2021_R165_C091,MH-001,2021,21.137404,78.937255,165,91,0,0,0.49794084060461624
MH-001_2021_R165_C092,MH-001,2021,21.137404,78.937524,165,92,0,1,0.5155317264580543
MH-001_2021_R165_C095,MH-001,2021,21.137404,78.938333,165,95,0,0,0.4943569807438256
MH-001_2021_R166_C091,MH-001,2021,21.137134,78.937255,166,91,0,1,0.613921964870181
MH-001_2021_R166_C092,MH-001,2021,21.137134,78.937524,166,92,0,1,0.7115106748339494
MH-001_2021_R166_C093,MH-001,2021,21.137134,78.937794,166,93,0,1,0.6771772308381666
MH-001_2021_R166_C094,MH-001,2021,21.137134,78.938063,166,94,0,0,0.485222172563452
MH-001_2021_R166_C095,MH-001,2021,21.137134,78.938333,166,95,0,0,0.4401771145215535
MH-001_2021_R167_C091,MH-001,2021,21.136865,78.937255,167,91,0,1,0.5596139183864824
MH-001_2021_R167_C092,MH-001,2021,21.136865,78.937524,167,92,0,1,0.6598707521073633
MH-001_2021_R167_C093,MH-001,2021,21.136865,78.937794,167,93,0,1,0.6738369877852959
MH-001_2021_R167_C094,MH-001,2021,21.136865,78.938063,167,94,0,1,0.5653309201553963
MH-001_2021_R167_C095,MH-001,2021,21.136865,78.938333,167,95,0,1,0.5780206343483226
MH-001_2021_R168_C091,MH-001,2021,21.136595,78.937255,168,91,0,1,0.5947964811192445
MH-001_2021_R168_C092,MH-001,2021,21.136595,78.937524,168,92,0,1,0.6934636289353829
MH-001_2021_R168_C093,MH-001,2021,21.136595,78.937794,168,93,0,1,0.5823642081602802
MH-001_2021_R168_C094,MH-001,2021,21.136595,78.938063,168,94,0,1,0.5475500548648163
MH-001_2021_R168_C095,MH-001,2021,21.136595,78.938333,168,95,0,1,0.5399686109930966
MH-001_2021_R169_C091,MH-001,2021,21.136326,78.937255,169,91,0,0,0.49976420204852495
MH-001_2021_R169_C092,MH-001,2021,21.136326,78.937524,169,92,0,1,0.5280976514784834
MH-001_2021_R169_C093,MH-001,2021,21.136326,78.937794,169,93,0,1,0.5639310346910078
MH-001_2021_R169_C094,MH-001,2021,21.136326,78.938063,169,94,0,0,0.4942745699776935
MH-001_2021_R170_C091,MH-001,2021,21.136056,78.937255,170,91,0,0,0.48679953536410925
MH-001_2021_R170_C092,MH-001,2021,21.136056,78.937524,170,92,0,1,0.5281800513308493
MH-001_2021_R170_C093,MH-001,2021,21.136056,78.937794,170,93,0,1,0.6390280349132146
MH-001_2021_R170_C094,MH-001,2021,21.136056,78.938063,170,94,0,1,0.6000832522317637
MH-001_2021_R171_C091,MH-001,2021,21.135787,78.937255,171,91,0,1,0.5382084044172564
MH-001_2021_R171_C092,MH-001,2021,21.135787,78.937524,171,92,0,1,0.5659038965384813
MH-001_2021_R171_C093,MH-001,2021,21.135787,78.937794,171,93,0,1,0.6098952760584987
MH-001_2021_R171_C094,MH-001,2021,21.135787,78.938063,171,94,0,1,0.6261757633588426
MH-001_2021_R172_C091,MH-001,2021,21.135517,78.937255,172,91,0,1,0.5827511814129163
MH-001_2021_R172_C092,MH-001,2021,21.135517,78.937524,172,92,0,1,0.6264085934062066
MH-001_2021_R172_C093,MH-001,2021,21.135517,78.937794,172,93,0,1,0.6503897655222481
MH-001_2021_R173_C091,MH-001,2021,21.135248,78.937255,173,91,0,1,0.631208216551181
MH-001_2021_R173_C092,MH-001,2021,21.135248,78.937524,173,92,0,1,0.6622029434688785
MH-001_2021_R173_C093,MH-001,2021,21.135248,78.937794,173,93,0,1,0.6190871719284856
MH-001_2021_R174_C091,MH-001,2021,21.134978,78.937255,174,91,0,1,0.6802580121632428
MH-001_2021_R174_C092,MH-001,2021,21.134978,78.937524,174,92,0,1,0.6353560803634153
MH-001_2021_R174_C093,MH-001,2021,21.134978,78.937794,174,93,0,1,0.567140442843387
MH-001_2021_R175_C091,MH-001,2021,21.134709,78.937255,175,91,0,1,0.534644366695484
MH-001_2021_R175_C092,MH-001,2021,21.134709,78.937524,175,92,0,1,0.5920857972021869
MH-001_2022_R100_C092,MH-001,2022,21.154921,78.937524,100,92,0,1,0.7019093550248233
MH-001_2022_R100_C093,MH-001,2022,21.154921,78.937794,100,93,0,1,0.7013133989236134
MH-001_2022_R101_C091,MH-001,2022,21.154651,78.937255,101,91,0,0,0.4024511292729204
MH-001_2022_R101_C092,MH-001,2022,21.154651,78.937524,101,92,0,1,0.5613427862396939
MH-001_2022_R101_C093,MH-001,2022,21.154651,78.937794,101,93,0,1,0.6939504809194476
MH-001_2022_R101_C094,MH-001,2022,21.154651,78.938063,101,94,0,1,0.757460268085977
MH-001_2022_R102_C091,MH-001,2022,21.154382,78.937255,102,91,0,1,0.5000399611026247
MH-001_2022_R102_C093,MH-001,2022,21.154382,78.937794,102,93,0,1,0.7433200648525441
MH-001_2022_R102_C094,MH-001,2022,21.154382,78.938063,102,94,0,1,0.7928078880091458
MH-001_2022_R103_C091,MH-001,2022,21.154112,78.937255,103,91,0,1,0.6943040515748308
MH-001_2022_R103_C092,MH-001,2022,21.154112,78.937524,103,92,0,1,0.6587480648370114
MH-001_2022_R103_C094,MH-001,2022,21.154112,78.938063,103,94,0,1,0.7335239315055748
MH-001_2022_R104_C091,MH-001,2022,21.153843,78.937255,104,91,0,1,0.6005511004736402
MH-001_2022_R104_C092,MH-001,2022,21.153843,78.937524,104,92,0,1,0.6690743290183063
MH-001_2022_R105_C091,MH-001,2022,21.153573,78.937255,105,91,0,1,0.5236027485289491
MH-001_2022_R105_C093,MH-001,2022,21.153573,78.937794,105,93,0,1,0.5790569710278832
MH-001_2022_R105_C094,MH-001,2022,21.153573,78.938063,105,94,0,1,0.5965820914972707
MH-001_2022_R105_C095,MH-001,2022,21.153573,78.938333,105,95,0,0,0.3621308020025576
MH-001_2022_R106_C092,MH-001,2022,21.153304,78.937524,106,92,0,1,0.6257759872786262
MH-001_2022_R106_C093,MH-001,2022,21.153304,78.937794,106,93,0,1,0.6878958880248877
MH-001_2022_R106_C094,MH-001,2022,21.153304,78.938063,106,94,0,1,0.6607049311239909
MH-001_2022_R106_C095,MH-001,2022,21.153304,78.938333,106,95,0,0,0.24479893392066612
MH-001_2022_R107_C091,MH-001,2022,21.153034,78.937255,107,91,0,1,0.5251036674374132
MH-001_2022_R107_C092,MH-001,2022,21.153034,78.937524,107,92,0,1,0.722350842239212
MH-001_2022_R107_C093,MH-001,2022,21.153034,78.937794,107,93,0,1,0.6753368773078362
MH-001_2022_R107_C094,MH-001,2022,21.153034,78.938063,107,94,0,0,0.37882309006560466
MH-001_2022_R107_C095,MH-001,2022,21.153034,78.938333,107,95,0,0,0.13239095009405022
MH-001_2022_R108_C091,MH-001,2022,21.152765,78.937255,108,91,0,1,0.6827649504258931
MH-001_2022_R108_C092,MH-001,2022,21.152765,78.937524,108,92,0,1,0.6994851174302806
MH-001_2022_R108_C093,MH-001,2022,21.152765,78.937794,108,93,0,1,0.7344347407378135
MH-001_2022_R108_C094,MH-001,2022,21.152765,78.938063,108,94,0,1,0.6689530033160052
MH-001_2022_R108_C095,MH-001,2022,21.152765,78.938333,108,95,0,1,0.6068972413792716
MH-001_2022_R109_C091,MH-001,2022,21.152495,78.937255,109,91,0,1,0.6590752321708971
MH-001_2022_R109_C092,MH-001,2022,21.152495,78.937524,109,92,0,1,0.6676754602914894
MH-001_2022_R109_C093,MH-001,2022,21.152495,78.937794,109,93,0,1,0.7230681693565659
MH-001_2022_R109_C094,MH-001,2022,21.152495,78.938063,109,94,0,1,0.5877350096159665
MH-001_2022_R109_C095,MH-001,2022,21.152495,78.938333,109,95,0,1,0.6206505247113936
MH-001_2022_R109_C096,MH-001,2022,21.152495,78.938602,109,96,0,0,0.49855036985728046
MH-001_2022_R110_C091,MH-001,2022,21.152226,78.937255,110,91,0,1,0.6126619897215552
MH-001_2022_R110_C092,MH-001,2022,21.152226,78.937524,110,92,0,1,0.6427485922139036
MH-001_2022_R110_C093,MH-001,2022,21.152226,78.937794,110,93,0,1,0.7213242055537686
MH-001_2022_R110_C094,MH-001,2022,21.152226,78.938063,110,94,0,1,0.5255251782513741
MH-001_2022_R110_C095,MH-001,2022,21.152226,78.938333,110,95,0,0,0.48595269834093147
MH-001_2022_R110_C096,MH-001,2022,21.152226,78.938602,110,96,0,1,0.5521639988912171
MH-001_2022_R111_C094,MH-001,2022,21.151956,78.938063,111,94,0,1,0.6085859130612481
MH-001_2022_R111_C095,MH-001,2022,21.151956,78.938333,111,95,0,1,0.6079050985206074
MH-001_2022_R111_C096,MH-001,2022,21.151956,78.938602,111,96,0,1,0.6377897521066545
MH-001_2022_R112_C091,MH-001,2022,21.151687,78.937255,112,91,0,1,0.6148244848384438
MH-001_2022_R112_C092,MH-001,2022,21.151687,78.937524,112,92,0,1,0.7521034497624884
MH-001_2022_R112_C093,MH-001,2022,21.151687,78.937794,112,93,0,1,0.7210313735036525
MH-001_2022_R112_C095,MH-001,2022,21.151687,78.938333,112,95,0,1,0.5201338473695215
MH-001_2022_R112_C096,MH-001,2022,21.151687,78.938602,112,96,0,1,0.5295997116766666
MH-001_2022_R112_C097,MH-001,2022,21.151687,78.938872,112,97,0,1,0.6120117421582045
MH-001_2022_R113_C091,MH-001,2022,21.151417,78.937255,113,91,0,1,0.6777063839765434
MH-001_2022_R113_C092,MH-001,2022,21.151417,78.937524,113,92,0,1,0.7133053186825035
MH-001_2022_R113_C093,MH-001,2022,21.151417,78.937794,113,93,0,1,0.7367138758270884
MH-001_2022_R113_C094,MH-001,2022,21.151417,78.938063,113,94,0,1,0.6477807011393348
MH-001_2022_R113_C095,MH-001,2022,21.151417,78.938333,113,95,0,1,0.5144317325082609
MH-001_2022_R113_C097,MH-001,2022,21.151417,78.938872,113,97,0,0,0.45038842905848964
MH-001_2022_R114_C091,MH-001,2022,21.151148,78.937255,114,91,0,1,0.6763657409673077
MH-001_2022_R114_C092,MH-001,2022,21.151148,78.937524,114,92,0,1,0.7156089037601395
MH-001_2022_R114_C093,MH-001,2022,21.151148,78.937794,114,93,0,1,0.6817424755019225
MH-001_2022_R114_C094,MH-001,2022,21.151148,78.938063,114,94,0,1,0.5813101770900547
MH-001_2022_R114_C095,MH-001,2022,21.151148,78.938333,114,95,0,1,0.5612332026707132
MH-001_2022_R114_C096,MH-001,2022,21.151148,78.938602,114,96,0,1,0.6285440994762157
MH-001_2022_R114_C097,MH-001,2022,21.151148,78.938872,114,97,0,0,0.45473517463006036
MH-001_2022_R115_C091,MH-001,2022,21.150878,78.937255,115,91,0,1,0.5937777695943721
MH-001_2022_R115_C092,MH-001,2022,21.150878,78.937524,115,92,0,1,0.5911913417277384
MH-001_2022_R115_C093,MH-001,2022,21.150878,78.937794,115,93,0,1,0.5314602297580973
MH-001_2022_R115_C094,MH-001,2022,21.150878,78.938063,115,94,0,1,0.580774624863402
MH-001_2022_R115_C095,MH-001,2022,21.150878,78.938333,115,95,0,1,0.562428093694801
MH-001_2022_R115_C096,MH-001,2022,21.150878,78.938602,115,96,0,1,0.5744420338433568
MH-001_2022_R115_C097,MH-001,2022,21.150878,78.938872,115,97,0,1,0.5738505843763854
MH-001_2022_R116_C091,MH-001,2022,21.150609,78.937255,116,91,0,1,0.5734782893668224
MH-001_2022_R116_C092,MH-001,2022,21.150609,78.937524,116,92,0,1,0.5688748684429039
MH-001_2022_R116_C093,MH-001,2022,21.150609,78.937794,116,93,0,1,0.5095351830847905
MH-001_2022_R116_C094,MH-001,2022,21.150609,78.938063,116,94,0,1,0.5357088765538129
MH-001_2022_R116_C095,MH-001,2022,21.150609,78.938333,116,95,0,1,0.5372971560252755
MH-001_2022_R116_C096,MH-001,2022,21.150609,78.938602,116,96,0,1,0.5784386748053847
MH-001_2022_R116_C097,MH-001,2022,21.150609,78.938872,116,97,0,1,0.5889846847638872
MH-001_2022_R116_C098,MH-001,2022,21.150609,78.939141,116,98,0,1,0.5546044176892345
MH-001_2022_R117_C091,MH-001,2022,21.150339,78.937255,117,91,0,1,0.5751781371333606
MH-001_2022_R117_C092,MH-001,2022,21.150339,78.937524,117,92,0,1,0.5228574795053137
MH-001_2022_R117_C093,MH-001,2022,21.150339,78.937794,117,93,0,0,0.4955377524958348
MH-001_2022_R117_C094,MH-001,2022,21.150339,78.938063,117,94,0,1,0.5164216997453924
MH-001_2022_R117_C095,MH-001,2022,21.150339,78.938333,117,95,0,1,0.5140180572947699
MH-001_2022_R117_C096,MH-001,2022,21.150339,78.938602,117,96,0,1,0.541230370588782
MH-001_2022_R117_C097,MH-001,2022,21.150339,78.938872,117,97,0,1,0.5992619004983033
MH-001_2022_R117_C098,MH-001,2022,21.150339,78.939141,117,98,0,1,0.572886897542486
MH-001_2022_R118_C091,MH-001,2022,21.15007,78.937255,118,91,1,0,0.48024963078560773
MH-001_2022_R118_C092,MH-001,2022,21.15007,78.937524,118,92,0,1,0.5172034617145339
MH-001_2022_R118_C093,MH-001,2022,21.15007,78.937794,118,93,0,1,0.5837116293879491
MH-001_2022_R118_C094,MH-001,2022,21.15007,78.938063,118,94,0,1,0.5605188115329268
MH-001_2022_R118_C095,MH-001,2022,21.15007,78.938333,118,95,0,1,0.5356655343915855
MH-001_2022_R118_C096,MH-001,2022,21.15007,78.938602,118,96,0,1,0.5294227142409423
MH-001_2022_R118_C097,MH-001,2022,21.15007,78.938872,118,97,0,1,0.5095734168612976
MH-001_2022_R118_C098,MH-001,2022,21.15007,78.939141,118,98,0,1,0.6041087728131652
MH-001_2022_R119_C092,MH-001,2022,21.1498,78.937524,119,92,1,0,0.45081314144835755
MH-001_2022_R119_C093,MH-001,2022,21.1498,78.937794,119,93,0,0,0.4925090167509426
MH-001_2022_R119_C094,MH-001,2022,21.1498,78.938063,119,94,0,1,0.5467535556122405
MH-001_2022_R119_C095,MH-001,2022,21.1498,78.938333,119,95,0,1,0.5618884004497761
MH-001_2022_R119_C096,MH-001,2022,21.1498,78.938602,119,96,0,1,0.5860838721925676
MH-001_2022_R119_C097,MH-001,2022,21.1498,78.938872,119,97,0,1,0.5382877596951205
MH-001_2022_R119_C098,MH-001,2022,21.1498,78.939141,119,98,0,1,0.575123276734948
MH-001_2022_R120_C091,MH-001,2022,21.149531,78.937255,120,91,0,0,0.42551330560795175
MH-001_2022_R120_C094,MH-001,2022,21.149531,78.938063,120,94,0,1,0.5285207970926445
MH-001_2022_R120_C095,MH-001,2022,21.149531,78.938333,120,95,0,1,0.5275821434868334
MH-001_2022_R120_C096,MH-001,2022,21.149531,78.938602,120,96,0,1,0.5849710984298977
MH-001_2022_R120_C097,MH-001,2022,21.149531,78.938872,120,97,0,1,0.6007910195840509
MH-001_2022_R120_C098,MH-001,2022,21.149531,78.939141,120,98,0,1,0.5825615809429492
MH-001_2022_R120_C099,MH-001,2022,21.149531,78.939411,120,99,0,1,0.6066312690902521
MH-001_2022_R121_C091,MH-001,2022,21.149261,78.937255,121,91,0,0,0.4467296658298669
MH-001_2022_R121_C092,MH-001,2022,21.149261,78.937524,121,92,0,0,0.41803442015997094
MH-001_2022_R121_C093,MH-001,2022,21.149261,78.937794,121,93,0,0,0.43955899523585723
MH-001_2022_R121_C096,MH-001,2022,21.149261,78.938602,121,96,0,0,0.4859629154084543
MH-001_2022_R121_C097,MH-001,2022,21.149261,78.938872,121,97,0,1,0.5324957222641077
MH-001_2022_R121_C098,MH-001,2022,21.149261,78.939141,121,98,0,1,0.5883738556872697
MH-001_2022_R121_C099,MH-001,2022,21.149261,78.939411,121,99,0,1,0.610326978628822
MH-001_2022_R122_C091,MH-001,2022,21.148992,78.937255,122,91,0,0,0.443459819199021
MH-001_2022_R122_C092,MH-001,2022,21.148992,78.937524,122,92,0,0,0.40254866012134594
MH-001_2022_R122_C093,MH-001,2022,21.148992,78.937794,122,93,0,0,0.44292818855267946
MH-001_2022_R122_C094,MH-001,2022,21.148992,78.938063,122,94,0,0,0.49657549951735536
MH-001_2022_R122_C095,MH-001,2022,21.148992,78.938333,122,95,0,0,0.4712128364135359
MH-001_2022_R122_C097,MH-001,2022,21.148992,78.938872,122,97,0,0,0.4564490656315103
MH-001_2022_R122_C098,MH-001,2022,21.148992,78.939141,122,98,0,1,0.5858456072383854
MH-001_2022_R122_C099,MH-001,2022,21.148992,78.939411,122,99,0,1,0.6238450252910613
MH-001_2022_R123_C091,MH-001,2022,21.148722,78.937255,123,91,0,0,0.46057641923114934
MH-001_2022_R123_C092,MH-001,2022,21.148722,78.937524,123,92,0,0,0.4067945235585978
MH-001_2022_R123_C093,MH-001,2022,21.148722,78.937794,123,93,1,1,0.5129250250275624
MH-001_2022_R123_C094,MH-001,2022,21.148722,78.938063,123,94,0,1,0.5509751457602735
MH-001_2022_R123_C095,MH-001,2022,21.148722,78.938333,123,95,0,0,0.49881852697490947
MH-001_2022_R123_C096,MH-001,2022,21.148722,78.938602,123,96,0,0,0.4876857552215221
MH-001_2022_R123_C098,MH-001,2022,21.148722,78.939141,123,98,0,0,0.45196955773096986
MH-001_2022_R123_C099,MH-001,2022,21.148722,78.939411,123,99,0,1,0.5689200486387652
MH-001_2022_R124_C091,MH-001,2022,21.148453,78.937255,124,91,0,0,0.4049931263366402
MH-001_2022_R124_C092,MH-001,2022,21.148453,78.937524,124,92,0,0,0.40232925579368145
MH-001_2022_R124_C093,MH-001,2022,21.148453,78.937794,124,93,1,1,0.5051220005274445
MH-001_2022_R124_C094,MH-001,2022,21.148453,78.938063,124,94,0,0,0.4559642510011713
MH-001_2022_R124_C095,MH-001,2022,21.148453,78.938333,124,95,0,0,0.4356732674885036
MH-001_2022_R124_C096,MH-001,2022,21.148453,78.938602,124,96,0,0,0.4869285795880107
MH-001_2022_R124_C098,MH-001,2022,21.148453,78.939141,124,98,0,0,0.4258129487955399
MH-001_2022_R124_C099,MH-001,2022,21.148453,78.939411,124,99,0,1,0.5431408599059366
MH-001_2022_R125_C092,MH-001,2022,21.148183,78.937524,125,92,0,0,0.3780851001808262
MH-001_2022_R125_C093,MH-001,2022,21.148183,78.937794,125,93,1,0,0.43030705014185094
MH-001_2022_R125_C094,MH-001,2022,21.148183,78.938063,125,94,1,0,0.36375481612309424
MH-001_2022_R125_C095,MH-001,2022,21.148183,78.938333,125,95,0,0,0.34642079607839094
MH-001_2022_R125_C097,MH-001,2022,21.148183,78.938872,125,97,0,0,0.4070330911082136
MH-001_2022_R125_C098,MH-001,2022,21.148183,78.939141,125,98,0,1,0.5597495950052741
MH-001_2022_R125_C099,MH-001,2022,21.148183,78.939411,125,99,0,1,0.5491921070126341
MH-001_2022_R125_C100,MH-001,2022,21.148183,78.93968,125,100,0,1,0.5058815711163833
MH-001_2022_R126_C091,MH-001,2022,21.147914,78.937255,126,91,0,0,0.4300311328324987
MH-001_2022_R126_C092,MH-001,2022,21.147914,78.937524,126,92,0,0,0.35871961624096244
MH-001_2022_R126_C093,MH-001,2022,21.147914,78.937794,126,93,1,0,0.40102684452856246
MH-001_2022_R126_C094,MH-001,2022,21.147914,78.938063,126,94,1,0,0.4507048364886971
MH-001_2022_R126_C095,MH-001,2022,21.147914,78.938333,126,95,0,0,0.45742802256611237
MH-001_2022_R126_C096,MH-001,2022,21.147914,78.938602,126,96,0,0,0.4895647313904496
MH-001_2022_R126_C097,MH-001,2022,21.147914,78.938872,126,97,0,1,0.5245071028734289
MH-001_2022_R126_C098,MH-001,2022,21.147914,78.939141,126,98,0,1,0.5454205210716998
MH-001_2022_R126_C099,MH-001,2022,21.147914,78.939411,126,99,0,1,0.5204663987793596
MH-001_2022_R127_C091,MH-001,2022,21.147644,78.937255,127,91,1,1,0.5264539231690153
MH-001_2022_R127_C092,MH-001,2022,21.147644,78.937524,127,92,1,0,0.4905165853841839
MH-001_2022_R127_C093,MH-001,2022,21.147644,78.937794,127,93,1,0,0.4907447786121829
MH-001_2022_R127_C094,MH-001,2022,21.147644,78.938063,127,94,0,1,0.5246596085577937
MH-001_2022_R127_C095,MH-001,2022,21.147644,78.938333,127,95,0,1,0.5562578214793252
MH-001_2022_R127_C096,MH-001,2022,21.147644,78.938602,127,96,0,1,0.5576903313279824
MH-001_2022_R127_C097,MH-001,2022,21.147644,78.938872,127,97,0,1,0.5350125735157586
MH-001_2022_R127_C098,MH-001,2022,21.147644,78.939141,127,98,0,1,0.5360983237687654
MH-001_2022_R127_C099,MH-001,2022,21.147644,78.939411,127,99,0,0,0.44438448242223444
MH-001_2022_R128_C091,MH-001,2022,21.147375,78.937255,128,91,1,1,0.5017962173112396
MH-001_2022_R128_C092,MH-001,2022,21.147375,78.937524,128,92,1,1,0.5311343410210823
MH-001_2022_R128_C093,MH-001,2022,21.147375,78.937794,128,93,1,1,0.5352716702444272
MH-001_2022_R128_C094,MH-001,2022,21.147375,78.938063,128,94,0,1,0.5536531336125744
MH-001_2022_R128_C095,MH-001,2022,21.147375,78.938333,128,95,0,1,0.5467301010686749
MH-001_2022_R128_C096,MH-001,2022,21.147375,78.938602,128,96,0,1,0.539255772167827
MH-001_2022_R128_C097,MH-001,2022,21.147375,78.938872,128,97,0,1,0.5177649371018062
MH-001_2022_R128_C098,MH-001,2022,21.147375,78.939141,128,98,0,0,0.4637098148046531
MH-001_2022_R129_C091,MH-001,2022,21.147105,78.937255,129,91,1,1,0.509138567793581
MH-001_2022_R129_C092,MH-001,2022,21.147105,78.937524,129,92,0,1,0.5196320834984217
MH-001_2022_R129_C093,MH-001,2022,21.147105,78.937794,129,93,0,1,0.5550050556031136
MH-001_2022_R129_C094,MH-001,2022,21.147105,78.938063,129,94,0,1,0.5093144495034804
MH-001_2022_R129_C095,MH-001,2022,21.147105,78.938333,129,95,0,0,0.4712384943623259
MH-001_2022_R129_C096,MH-001,2022,21.147105,78.938602,129,96,0,0,0.44102622731109814
MH-001_2022_R129_C097,MH-001,2022,21.147105,78.938872,129,97,0,0,0.41934196579010335
MH-001_2022_R130_C092,MH-001,2022,21.146836,78.937524,130,92,0,1,0.5636521970243865
MH-001_2022_R130_C093,MH-001,2022,21.146836,78.937794,130,93,0,1,0.5311481710444911
MH-001_2022_R130_C094,MH-001,2022,21.146836,78.938063,130,94,0,0,0.48528580361630547
MH-001_2022_R130_C095,MH-001,2022,21.146836,78.938333,130,95,0,0,0.38756859217165207
MH-001_2022_R130_C101,MH-001,2022,21.146836,78.93995,130,101,0,0,0.45078825399924716
MH-001_2022_R131_C094,MH-001,2022,21.146566,78.938063,131,94,0,0,0.3636747546583877
MH-001_2022_R131_C097,MH-001,2022,21.146566,78.938872,131,97,0,0,0.16232631269577064
MH-001_2022_R131_C098,MH-001,2022,21.146566,78.939141,131,98,0,0,0.2226427067466185
MH-001_2022_R131_C099,MH-001,2022,21.146566,78.939411,131,99,0,0,0.3905664949256934
MH-001_2022_R131_C100,MH-001,2022,21.146566,78.93968,131,100,0,1,0.5716615588691081
MH-001_2022_R131_C101,MH-001,2022,21.146566,78.93995,131,101,0,1,0.6052985345595848
MH-001_2022_R132_C095,MH-001,2022,21.146297,78.938333,132,95,0,0,0.23699837289338865
MH-001_2022_R132_C096,MH-001,2022,21.146297,78.938602,132,96,0,0,0.21463487038566084
MH-001_2022_R132_C097,MH-001,2022,21.146297,78.938872,132,97,0,0,0.23963324052762414
MH-001_2022_R132_C098,MH-001,2022,21.146297,78.939141,132,98,0,0,0.16382675140963457
MH-001_2022_R132_C099,MH-001,2022,21.146297,78.939411,132,99,0,0,0.46783597795960064
MH-001_2022_R132_C100,MH-001,2022,21.146297,78.93968,132,100,0,1,0.6647792908479382
MH-001_2022_R132_C101,MH-001,2022,21.146297,78.93995,132,101,0,1,0.6945538046060943
MH-001_2022_R133_C097,MH-001,2022,21.146027,78.938872,133,97,0,0,0.2343949423392953
MH-001_2022_R133_C098,MH-001,2022,21.146027,78.939141,133,98,0,0,0.4527538344973866
MH-001_2022_R133_C099,MH-001,2022,21.146027,78.939411,133,99,0,1,0.6095401274618386
MH-001_2022_R133_C100,MH-001,2022,21.146027,78.93968,133,100,0,1,0.7102776243652369
MH-001_2022_R133_C101,MH-001,2022,21.146027,78.93995,133,101,0,1,0.7135870670865712
MH-001_2022_R134_C098,MH-001,2022,21.145758,78.939141,134,98,0,1,0.651191449553712
MH-001_2022_R134_C099,MH-001,2022,21.145758,78.939411,134,99,0,1,0.6576644918279141
MH-001_2022_R134_C100,MH-001,2022,21.145758,78.93968,134,100,0,1,0.6365542723461898
MH-001_2022_R134_C101,MH-001,2022,21.145758,78.93995,134,101,0,1,0.6346088514594169
MH-001_2022_R134_C102,MH-001,2022,21.145758,78.940219,134,102,0,1,0.6408075548150148
MH-001_2022_R135_C100,MH-001,2022,21.145488,78.93968,135,100,0,1,0.6743171311654408
MH-001_2022_R135_C101,MH-001,2022,21.145488,78.93995,135,101,0,1,0.5988316245760675
MH-001_2022_R136_C102,MH-001,2022,21.145219,78.940219,136,102,0,1,0.5196675956923882
MH-001_2022_R157_C091,MH-001,2022,21.13956,78.937255,157,91,0,0,0.4919718257875645
MH-001_2022_R158_C091,MH-001,2022,21.13929,78.937255,158,91,0,1,0.6045054333350648
MH-001_2022_R159_C091,MH-001,2022,21.139021,78.937255,159,91,0,1,0.6509765634826028
MH-001_2022_R159_C092,MH-001,2022,21.139021,78.937524,159,92,0,1,0.5959208722717934
MH-001_2022_R160_C091,MH-001,2022,21.138751,78.937255,160,91,0,1,0.5804750097277961
MH-001_2022_R160_C093,MH-001,2022,21.138751,78.937794,160,93,0,0,0.4229922237955575
MH-001_2022_R161_C091,MH-001,2022,21.138482,78.937255,161,91,0,1,0.5900788897891955
MH-001_2022_R161_C092,MH-001,2022,21.138482,78.937524,161,92,0,1,0.6079939868834723
MH-001_2022_R161_C093,MH-001,2022,21.138482,78.937794,161,93,0,1,0.5137118572873881
MH-001_2022_R162_C091,MH-001,2022,21.138212,78.937255,162,91,0,0,0.47034607404454715
MH-001_2022_R162_C092,MH-001,2022,21.138212,78.937524,162,92,0,1,0.527436898124372
MH-001_2022_R162_C093,MH-001,2022,21.138212,78.937794,162,93,0,1,0.5643007378016115
MH-001_2022_R162_C094,MH-001,2022,21.138212,78.938063,162,94,0,1,0.6096401380487065
MH-001_2022_R163_C091,MH-001,2022,21.137943,78.937255,163,91,0,0,0.48345022972221496
MH-001_2022_R163_C092,MH-001,2022,21.137943,78.937524,163,92,0,1,0.5181141354628428
MH-001_2022_R163_C093,MH-001,2022,21.137943,78.937794,163,93,0,1,0.5238104636175324
MH-001_2022_R163_C094,MH-001,2022,21.137943,78.938063,163,94,0,1,0.5758920999349806
MH-001_2022_R163_C095,MH-001,2022,21.137943,78.938333,163,95,0,1,0.555438095579071
MH-001_2022_R164_C091,MH-001,2022,21.137673,78.937255,164,91,0,1,0.5920413126353539
MH-001_2022_R164_C092,MH-001,2022,21.137673,78.937524,164,92,0,1,0.5776961427305093
MH-001_2022_R164_C093,MH-001,2022,21.137673,78.937794,164,93,0,1,0.6242697541861532
MH-001_2022_R164_C094,MH-001,2022,21.137673,78.938063,164,94,0,1,0.5236831409597383
MH-001_2022_R164_C095,MH-001,2022,21.137673,78.938333,164,95,0,1,0.5427896281224953
MH-001_2022_R165_C091,MH-001,2022,21.137404,78.937255,165,91,0,1,0.5246899592152414
MH-001_2022_R165_C092,MH-001,2022,21.137404,78.937524,165,92,0,1,0.5442726952869551
MH-001_2022_R165_C095,MH-001,2022,21.137404,78.938333,165,95,0,1,0.5486631562632325
MH-001_2022_R166_C091,MH-001,2022,21.137134,78.937255,166,91,0,1,0.6407403483147213
MH-001_2022_R166_C092,MH-001,2022,21.137134,78.937524,166,92,0,1,0.7001060801174172
MH-001_2022_R166_C093,MH-001,2022,21.137134,78.937794,166,93,0,1,0.6715564248722957
MH-001_2022_R166_C094,MH-001,2022,21.137134,78.938063,166,94,0,1,0.5207142033913567
MH-001_2022_R166_C095,MH-001,2022,21.137134,78.938333,166,95,0,0,0.4597994022618791
MH-001_2022_R167_C091,MH-001,2022,21.136865,78.937255,167,91,0,1,0.6063108929153136
MH-001_2022_R167_C092,MH-001,2022,21.136865,78.937524,167,92,0,1,0.6790204300867029
MH-001_2022_R167_C093,MH-001,2022,21.136865,78.937794,167,93,0,1,0.7165552734462355
MH-001_2022_R167_C094,MH-001,2022,21.136865,78.938063,167,94,0,1,0.6054968287766002
MH-001_2022_R167_C095,MH-001,2022,21.136865,78.938333,167,95,0,1,0.6187650413280847
MH-001_2022_R168_C091,MH-001,2022,21.136595,78.937255,168,91,0,1,0.6752698743713371
MH-001_2022_R168_C092,MH-001,2022,21.136595,78.937524,168,92,0,1,0.7572854317918042
MH-001_2022_R168_C093,MH-001,2022,21.136595,78.937794,168,93,0,1,0.6138309494496077
MH-001_2022_R168_C094,MH-001,2022,21.136595,78.938063,168,94,0,1,0.6094353996900719
MH-001_2022_R168_C095,MH-001,2022,21.136595,78.938333,168,95,0,1,0.5710537158500049
MH-001_2022_R169_C091,MH-001,2022,21.136326,78.937255,169,91,0,1,0.6559825455084121
MH-001_2022_R169_C092,MH-001,2022,21.136326,78.937524,169,92,0,1,0.5779034762572756
MH-001_2022_R169_C093,MH-001,2022,21.136326,78.937794,169,93,0,1,0.6088764854551861
MH-001_2022_R169_C094,MH-001,2022,21.136326,78.938063,169,94,0,1,0.5807638108120852
MH-001_2022_R170_C091,MH-001,2022,21.136056,78.937255,170,91,0,1,0.5580738761167012
MH-001_2022_R170_C092,MH-001,2022,21.136056,78.937524,170,92,0,1,0.6619562898586167
MH-001_2022_R170_C093,MH-001,2022,21.136056,78.937794,170,93,0,1,0.6988366190789249
MH-001_2022_R170_C094,MH-001,2022,21.136056,78.938063,170,94,0,1,0.6718271596940932
MH-001_2022_R171_C091,MH-001,2022,21.135787,78.937255,171,91,0,1,0.6282042598873673
MH-001_2022_R171_C092,MH-001,2022,21.135787,78.937524,171,92,0,1,0.6287469870065172
MH-001_2022_R171_C093,MH-001,2022,21.135787,78.937794,171,93,0,1,0.6480425804406404
MH-001_2022_R171_C094,MH-001,2022,21.135787,78.938063,171,94,0,1,0.6160604031788098
MH-001_2022_R172_C091,MH-001,2022,21.135517,78.937255,172,91,0,1,0.6266527022375469
MH-001_2022_R172_C092,MH-001,2022,21.135517,78.937524,172,92,0,1,0.6797900201539048
MH-001_2022_R172_C093,MH-001,2022,21.135517,78.937794,172,93,0,1,0.6307989537640852
MH-001_2022_R173_C091,MH-001,2022,21.135248,78.937255,173,91,0,1,0.674589132642355
MH-001_2022_R173_C092,MH-001,2022,21.135248,78.937524,173,92,0,1,0.6743525143042042
MH-001_2022_R173_C093,MH-001,2022,21.135248,78.937794,173,93,0,1,0.5621922368122318
MH-001_2022_R174_C091,MH-001,2022,21.134978,78.937255,174,91,0,1,0.7192768153279345
MH-001_2022_R174_C092,MH-001,2022,21.134978,78.937524,174,92,0,1,0.6746952804839998
MH-001_2022_R174_C093,MH-001,2022,21.134978,78.937794,174,93,0,1,0.5846122995604953
MH-001_2022_R175_C091,MH-001,2022,21.134709,78.937255,175,91,0,1,0.6293885893380964
MH-001_2022_R175_C092,MH-001,2022,21.134709,78.937524,175,92,0,1,0.662929789003394
MH-001_2023_R100_C092,MH-001,2023,21.154921,78.937524,100,92,0,1,0.6600210323777855
MH-001_2023_R100_C093,MH-001,2023,21.154921,78.937794,100,93,0,1,0.6807027363743584
MH-001_2023_R101_C092,MH-001,2023,21.154651,78.937524,101,92,0,1,0.6073849512014966
MH-001_2023_R101_C093,MH-001,2023,21.154651,78.937794,101,93,0,1,0.6931667287746399
MH-001_2023_R101_C094,MH-001,2023,21.154651,78.938063,101,94,0,1,0.7338858305714766
MH-001_2023_R102_C091,MH-001,2023,21.154382,78.937255,102,91,0,0,0.4009263841814767
MH-001_2023_R102_C092,MH-001,2023,21.154382,78.937524,102,92,0,1,0.6517847550896982
MH-001_2023_R102_C093,MH-001,2023,21.154382,78.937794,102,93,0,1,0.7979234049579417
MH-001_2023_R102_C094,MH-001,2023,21.154382,78.938063,102,94,0,1,0.7812625912114796
MH-001_2023_R103_C091,MH-001,2023,21.154112,78.937255,103,91,0,1,0.5452292464994812
MH-001_2023_R103_C093,MH-001,2023,21.154112,78.937794,103,93,0,1,0.6948917734142878
MH-001_2023_R103_C094,MH-001,2023,21.154112,78.938063,103,94,0,1,0.696385338943234
MH-001_2023_R105_C091,MH-001,2023,21.153573,78.937255,105,91,0,0,0.45864805836182043
MH-001_2023_R105_C092,MH-001,2023,21.153573,78.937524,105,92,0,1,0.5985248144077254
MH-001_2023_R105_C093,MH-001,2023,21.153573,78.937794,105,93,0,1,0.5454842355359643
MH-001_2023_R105_C094,MH-001,2023,21.153573,78.938063,105,94,0,1,0.5537513735294324
MH-001_2023_R105_C095,MH-001,2023,21.153573,78.938333,105,95,0,0,0.40523570720888996
MH-001_2023_R106_C091,MH-001,2023,21.153304,78.937255,106,91,0,1,0.573512654970491
MH-001_2023_R106_C092,MH-001,2023,21.153304,78.937524,106,92,0,1,0.7045769272883909
MH-001_2023_R106_C093,MH-001,2023,21.153304,78.937794,106,93,0,1,0.6971114987072956
MH-001_2023_R106_C094,MH-001,2023,21.153304,78.938063,106,94,0,1,0.6014705566715733
MH-001_2023_R106_C095,MH-001,2023,21.153304,78.938333,106,95,0,0,0.24365864219247638
MH-001_2023_R107_C091,MH-001,2023,21.153034,78.937255,107,91,0,1,0.5592384575908006
MH-001_2023_R107_C092,MH-001,2023,21.153034,78.937524,107,92,0,1,0.7061402820573599
MH-001_2023_R107_C093,MH-001,2023,21.153034,78.937794,107,93,0,1,0.6316314019816909
MH-001_2023_R107_C094,MH-001,2023,21.153034,78.938063,107,94,0,0,0.39527449074617915
MH-001_2023_R107_C095,MH-001,2023,21.153034,78.938333,107,95,0,0,0.13302119597297576
MH-001_2023_R108_C091,MH-001,2023,21.152765,78.937255,108,91,0,1,0.7048602386340045
MH-001_2023_R108_C092,MH-001,2023,21.152765,78.937524,108,92,0,1,0.676641033970514
MH-001_2023_R108_C093,MH-001,2023,21.152765,78.937794,108,93,0,1,0.6577734364847203
MH-001_2023_R108_C094,MH-001,2023,21.152765,78.938063,108,94,0,1,0.7074244229886366
MH-001_2023_R108_C095,MH-001,2023,21.152765,78.938333,108,95,0,1,0.6401402299703495
MH-001_2023_R109_C091,MH-001,2023,21.152495,78.937255,109,91,0,1,0.6313782533636751
MH-001_2023_R109_C092,MH-001,2023,21.152495,78.937524,109,92,0,1,0.6437564928499971
MH-001_2023_R109_C093,MH-001,2023,21.152495,78.937794,109,93,0,1,0.6858989052649966
MH-001_2023_R109_C094,MH-001,2023,21.152495,78.938063,109,94,0,1,0.5828440396930352
MH-001_2023_R109_C095,MH-001,2023,21.152495,78.938333,109,95,0,1,0.5942761864780861
MH-001_2023_R109_C096,MH-001,2023,21.152495,78.938602,109,96,0,1,0.570235332820481
MH-001_2023_R110_C091,MH-001,2023,21.152226,78.937255,110,91,0,1,0.6346021480721281
MH-001_2023_R110_C092,MH-001,2023,21.152226,78.937524,110,92,0,1,0.6720179583201542
MH-001_2023_R110_C093,MH-001,2023,21.152226,78.937794,110,93,0,1,0.7106004333299552
MH-001_2023_R110_C094,MH-001,2023,21.152226,78.938063,110,94,0,1,0.5285450147026048
MH-001_2023_R110_C095,MH-001,2023,21.152226,78.938333,110,95,0,1,0.5112721141313163
MH-001_2023_R110_C096,MH-001,2023,21.152226,78.938602,110,96,0,1,0.5294448832133404
MH-001_2023_R111_C091,MH-001,2023,21.151956,78.937255,111,91,0,1,0.6324352453032368
MH-001_2023_R111_C092,MH-001,2023,21.151956,78.937524,111,92,0,1,0.6858559245508288
MH-001_2023_R111_C093,MH-001,2023,21.151956,78.937794,111,93,0,1,0.6782395161181232
MH-001_2023_R111_C094,MH-001,2023,21.151956,78.938063,111,94,0,1,0.6223067717052537
MH-001_2023_R111_C095,MH-001,2023,21.151956,78.938333,111,95,0,1,0.6168556525257382
MH-001_2023_R111_C096,MH-001,2023,21.151956,78.938602,111,96,0,1,0.6054610450703131
MH-001_2023_R112_C095,MH-001,2023,21.151687,78.938333,112,95,0,1,0.5030038214166701
MH-001_2023_R112_C096,MH-001,2023,21.151687,78.938602,112,96,0,1,0.5161653630100462
MH-001_2023_R112_C097,MH-001,2023,21.151687,78.938872,112,97,0,1,0.6088654613248399
MH-001_2023_R113_C091,MH-001,2023,21.151417,78.937255,113,91,0,1,0.615654447075225
MH-001_2023_R113_C092,MH-001,2023,21.151417,78.937524,113,92,0,1,0.6676126954425691
MH-001_2023_R113_C093,MH-001,2023,21.151417,78.937794,113,93,0,1,0.7029693207889431
MH-001_2023_R113_C094,MH-001,2023,21.151417,78.938063,113,94,0,1,0.5552047198160989
MH-001_2023_R113_C095,MH-001,2023,21.151417,78.938333,113,95,0,1,0.509428371965287
MH-001_2023_R113_C097,MH-001,2023,21.151417,78.938872,113,97,0,1,0.5030320687253367
MH-001_2023_R114_C091,MH-001,2023,21.151148,78.937255,114,91,0,1,0.5993161190709001
MH-001_2023_R114_C092,MH-001,2023,21.151148,78.937524,114,92,0,1,0.7126433267402247
MH-001_2023_R114_C093,MH-001,2023,21.151148,78.937794,114,93,0,1,0.6682077879159065
MH-001_2023_R114_C094,MH-001,2023,21.151148,78.938063,114,94,0,1,0.5971849382576531
MH-001_2023_R114_C095,MH-001,2023,21.151148,78.938333,114,95,0,1,0.5994453868750261
MH-001_2023_R114_C096,MH-001,2023,21.151148,78.938602,114,96,0,1,0.6159213825296475
MH-001_2023_R114_C097,MH-001,2023,21.151148,78.938872,114,97,0,0,0.48402527390852257
MH-001_2023_R115_C091,MH-001,2023,21.150878,78.937255,115,91,0,1,0.5966620113774918
MH-001_2023_R115_C092,MH-001,2023,21.150878,78.937524,115,92,0,1,0.6035234277011269
MH-001_2023_R115_C093,MH-001,2023,21.150878,78.937794,115,93,0,1,0.560673529936073
MH-001_2023_R115_C094,MH-001,2023,21.150878,78.938063,115,94,0,1,0.6055123729354744
MH-001_2023_R115_C095,MH-001,2023,21.150878,78.938333,115,95,0,1,0.6026106228512461
MH-001_2023_R115_C096,MH-001,2023,21.150878,78.938602,115,96,0,1,0.5872941900502994
MH-001_2023_R115_C097,MH-001,2023,21.150878,78.938872,115,97,0,1,0.6103375850765982
MH-001_2023_R116_C091,MH-001,2023,21.150609,78.937255,116,91,0,1,0.5385878228458078
MH-001_2023_R116_C092,MH-001,2023,21.150609,78.937524,116,92,0,1,0.5501366167689404
MH-001_2023_R116_C093,MH-001,2023,21.150609,78.937794,116,93,0,1,0.5363735000455248
MH-001_2023_R116_C094,MH-001,2023,21.150609,78.938063,116,94,0,1,0.6173133526150011
MH-001_2023_R116_C095,MH-001,2023,21.150609,78.938333,116,95,0,1,0.6238691233735539
MH-001_2023_R116_C096,MH-001,2023,21.150609,78.938602,116,96,0,1,0.5902505189267669
MH-001_2023_R116_C097,MH-001,2023,21.150609,78.938872,116,97,0,1,0.6071260180281597
MH-001_2023_R116_C098,MH-001,2023,21.150609,78.939141,116,98,0,1,0.607271166003002
MH-001_2023_R117_C091,MH-001,2023,21.150339,78.937255,117,91,0,1,0.5875571339480135
MH-001_2023_R117_C092,MH-001,2023,21.150339,78.937524,117,92,0,1,0.5674904311657085
MH-001_2023_R117_C093,MH-001,2023,21.150339,78.937794,117,93,0,1,0.5590889172827972
MH-001_2023_R117_C094,MH-001,2023,21.150339,78.938063,117,94,0,1,0.5421290361979734
MH-001_2023_R117_C095,MH-001,2023,21.150339,78.938333,117,95,0,1,0.5881212868518082
MH-001_2023_R117_C096,MH-001,2023,21.150339,78.938602,117,96,0,1,0.5735341968123734
MH-001_2023_R117_C097,MH-001,2023,21.150339,78.938872,117,97,0,1,0.6135977582039402
MH-001_2023_R117_C098,MH-001,2023,21.150339,78.939141,117,98,0,1,0.6207172975594114
MH-001_2023_R118_C091,MH-001,2023,21.15007,78.937255,118,91,1,0,0.4804377543566173
MH-001_2023_R118_C092,MH-001,2023,21.15007,78.937524,118,92,0,1,0.5500001567195227
MH-001_2023_R118_C093,MH-001,2023,21.15007,78.937794,118,93,0,1,0.637933156421842
MH-001_2023_R118_C094,MH-001,2023,21.15007,78.938063,118,94,0,1,0.5402821589713436
MH-001_2023_R118_C095,MH-001,2023,21.15007,78.938333,118,95,0,1,0.5737712818121307
MH-001_2023_R118_C096,MH-001,2023,21.15007,78.938602,118,96,0,1,0.5478258711815247
MH-001_2023_R118_C097,MH-001,2023,21.15007,78.938872,118,97,0,1,0.5244768318236828
MH-001_2023_R118_C098,MH-001,2023,21.15007,78.939141,118,98,0,1,0.6035115904691722
MH-001_2023_R119_C092,MH-001,2023,21.1498,78.937524,119,92,1,0,0.4631005717743906
MH-001_2023_R119_C093,MH-001,2023,21.1498,78.937794,119,93,0,1,0.5344739179678337
MH-001_2023_R119_C094,MH-001,2023,21.1498,78.938063,119,94,0,1,0.5547916554653665
MH-001_2023_R119_C095,MH-001,2023,21.1498,78.938333,119,95,0,1,0.5119349916193451
MH-001_2023_R119_C096,MH-001,2023,21.1498,78.938602,119,96,0,1,0.5609102558819786
MH-001_2023_R119_C097,MH-001,2023,21.1498,78.938872,119,97,0,1,0.5940031125679643
MH-001_2023_R119_C098,MH-001,2023,21.1498,78.939141,119,98,0,1,0.614058445221136
MH-001_2023_R120_C091,MH-001,2023,21.149531,78.937255,120,91,0,0,0.3637654016087286
MH-001_2023_R120_C093,MH-001,2023,21.149531,78.937794,120,93,0,0,0.467915366003357
MH-001_2023_R120_C094,MH-001,2023,21.149531,78.938063,120,94,0,1,0.5803111627238485
MH-001_2023_R120_C095,MH-001,2023,21.149531,78.938333,120,95,0,1,0.5363558748613725
MH-001_2023_R120_C096,MH-001,2023,21.149531,78.938602,120,96,0,1,0.5631623236013769
MH-001_2023_R120_C097,MH-001,2023,21.149531,78.938872,120,97,0,1,0.5965829966309356
MH-001_2023_R120_C098,MH-001,2023,21.149531,78.939141,120,98,0,1,0.5884761648109769
MH-001_2023_R120_C099,MH-001,2023,21.149531,78.939411,120,99,0,1,0.6036447426590944
MH-001_2023_R121_C091,MH-001,2023,21.149261,78.937255,121,91,0,0,0.3721231651311782
MH-001_2023_R121_C092,MH-001,2023,21.149261,78.937524,121,92,0,0,0.336821294873559
MH-001_2023_R121_C093,MH-001,2023,21.149261,78.937794,121,93,0,0,0.3390205587168567
MH-001_2023_R121_C095,MH-001,2023,21.149261,78.938333,121,95,0,1,0.5046123151578661
MH-001_2023_R121_C096,MH-001,2023,21.149261,78.938602,121,96,0,1,0.5462186260087227
MH-001_2023_R121_C097,MH-001,2023,21.149261,78.938872,121,97,0,1,0.5639056504778412
MH-001_2023_R121_C098,MH-001,2023,21.149261,78.939141,121,98,0,1,0.5862028616043689
MH-001_2023_R121_C099,MH-001,2023,21.149261,78.939411,121,99,0,1,0.6046163510603947
MH-001_2023_R122_C091,MH-001,2023,21.148992,78.937255,122,91,0,0,0.42162394120218566
MH-001_2023_R122_C092,MH-001,2023,21.148992,78.937524,122,92,0,0,0.34744434870268176
MH-001_2023_R122_C093,MH-001,2023,21.148992,78.937794,122,93,0,0,0.3591402980277054
MH-001_2023_R122_C094,MH-001,2023,21.148992,78.938063,122,94,0,1,0.505097995402013
MH-001_2023_R122_C095,MH-001,2023,21.148992,78.938333,122,95,0,0,0.4249249263084781
MH-001_2023_R122_C097,MH-001,2023,21.148992,78.938872,122,97,0,0,0.47881149197614314
MH-001_2023_R122_C098,MH-001,2023,21.148992,78.939141,122,98,0,1,0.561552268959106
MH-001_2023_R122_C099,MH-001,2023,21.148992,78.939411,122,99,0,1,0.6441071301356718
MH-001_2023_R123_C091,MH-001,2023,21.148722,78.937255,123,91,0,0,0.47447251898612436
MH-001_2023_R123_C092,MH-001,2023,21.148722,78.937524,123,92,0,0,0.3832675497991863
MH-001_2023_R123_C093,MH-001,2023,21.148722,78.937794,123,93,1,0,0.43924668590611254
MH-001_2023_R123_C094,MH-001,2023,21.148722,78.938063,123,94,0,0,0.4971071015913299
MH-001_2023_R123_C095,MH-001,2023,21.148722,78.938333,123,95,0,0,0.4572699414971328
MH-001_2023_R123_C096,MH-001,2023,21.148722,78.938602,123,96,0,0,0.43515988363017233
MH-001_2023_R123_C098,MH-001,2023,21.148722,78.939141,123,98,0,0,0.44322777951270725
MH-001_2023_R123_C099,MH-001,2023,21.148722,78.939411,123,99,0,1,0.5884551161586105
MH-001_2023_R124_C091,MH-001,2023,21.148453,78.937255,124,91,0,0,0.43352230666906316
MH-001_2023_R124_C092,MH-001,2023,21.148453,78.937524,124,92,0,0,0.42084957817854673
MH-001_2023_R124_C093,MH-001,2023,21.148453,78.937794,124,93,1,0,0.4726844080838364
MH-001_2023_R124_C094,MH-001,2023,21.148453,78.938063,124,94,0,0,0.4630865168188206
MH-001_2023_R124_C095,MH-001,2023,21.148453,78.938333,124,95,0,0,0.4181944815503655
MH-001_2023_R124_C096,MH-001,2023,21.148453,78.938602,124,96,0,0,0.42258924076312443
MH-001_2023_R124_C098,MH-001,2023,21.148453,78.939141,124,98,0,0,0.38361778640094313
MH-001_2023_R124_C099,MH-001,2023,21.148453,78.939411,124,99,0,1,0.5669335397550067
MH-001_2023_R125_C091,MH-001,2023,21.148183,78.937255,125,91,0,0,0.37639859301698536
MH-001_2023_R125_C092,MH-001,2023,21.148183,78.937524,125,92,0,0,0.34171887556777114
MH-001_2023_R125_C093,MH-001,2023,21.148183,78.937794,125,93,1,0,0.37672075212044964
MH-001_2023_R125_C094,MH-001,2023,21.148183,78.938063,125,94,1,0,0.3002596539101685
MH-001_2023_R125_C095,MH-001,2023,21.148183,78.938333,125,95,0,0,0.2693476753117424
MH-001_2023_R125_C097,MH-001,2023,21.148183,78.938872,125,97,0,0,0.39687491506306616
MH-001_2023_R125_C098,MH-001,2023,21.148183,78.939141,125,98,0,1,0.5533740889160543
MH-001_2023_R125_C099,MH-001,2023,21.148183,78.939411,125,99,0,1,0.5496892441249239
MH-001_2023_R125_C100,MH-001,2023,21.148183,78.93968,125,100,0,1,0.5550704917428456
MH-001_2023_R126_C091,MH-001,2023,21.147914,78.937255,126,91,0,0,0.3955992410585305
MH-001_2023_R126_C092,MH-001,2023,21.147914,78.937524,126,92,0,0,0.3615023272995357
MH-001_2023_R126_C093,MH-001,2023,21.147914,78.937794,126,93,1,0,0.42549153582980004
MH-001_2023_R126_C094,MH-001,2023,21.147914,78.938063,126,94,1,0,0.45312060167184365
MH-001_2023_R126_C095,MH-001,2023,21.147914,78.938333,126,95,0,0,0.44782818971418514
MH-001_2023_R126_C096,MH-001,2023,21.147914,78.938602,126,96,0,0,0.4607817456671941
MH-001_2023_R126_C097,MH-001,2023,21.147914,78.938872,126,97,0,1,0.5405805517348882
MH-001_2023_R126_C098,MH-001,2023,21.147914,78.939141,126,98,0,1,0.5811861023074357
MH-001_2023_R126_C099,MH-001,2023,21.147914,78.939411,126,99,0,1,0.536869181828879
MH-001_2023_R126_C100,MH-001,2023,21.147914,78.93968,126,100,0,0,0.4831387204392205
MH-001_2023_R127_C091,MH-001,2023,21.147644,78.937255,127,91,1,1,0.500519529651463
MH-001_2023_R127_C092,MH-001,2023,21.147644,78.937524,127,92,1,0,0.4862443304780867
MH-001_2023_R127_C093,MH-001,2023,21.147644,78.937794,127,93,1,1,0.5280511237679019
MH-001_2023_R127_C094,MH-001,2023,21.147644,78.938063,127,94,0,1,0.5608144410908652
MH-001_2023_R127_C095,MH-001,2023,21.147644,78.938333,127,95,0,1,0.6075033964153593
MH-001_2023_R127_C096,MH-001,2023,21.147644,78.938602,127,96,0,1,0.5983656132500894
MH-001_2023_R127_C097,MH-001,2023,21.147644,78.938872,127,97,0,1,0.593470617698954
MH-001_2023_R127_C098,MH-001,2023,21.147644,78.939141,127,98,0,1,0.5831093859755216
MH-001_2023_R127_C099,MH-001,2023,21.147644,78.939411,127,99,0,0,0.4951638197880457
MH-001_2023_R128_C091,MH-001,2023,21.147375,78.937255,128,91,1,1,0.5178386486409462
MH-001_2023_R128_C092,MH-001,2023,21.147375,78.937524,128,92,1,1,0.5769174159313967
MH-001_2023_R128_C093,MH-001,2023,21.147375,78.937794,128,93,1,1,0.5947845642743601
MH-001_2023_R128_C094,MH-001,2023,21.147375,78.938063,128,94,0,1,0.5928183982792649
MH-001_2023_R128_C095,MH-001,2023,21.147375,78.938333,128,95,0,1,0.5621279404993361
MH-001_2023_R128_C096,MH-001,2023,21.147375,78.938602,128,96,0,1,0.5374154907037122
MH-001_2023_R128_C097,MH-001,2023,21.147375,78.938872,128,97,0,0,0.49436813431417326
MH-001_2023_R128_C098,MH-001,2023,21.147375,78.939141,128,98,0,0,0.47008803705006746
MH-001_2023_R128_C100,MH-001,2023,21.147375,78.93968,128,100,0,0,0.4239112039548851
MH-001_2023_R129_C091,MH-001,2023,21.147105,78.937255,129,91,1,1,0.552049508881818
MH-001_2023_R129_C092,MH-001,2023,21.147105,78.937524,129,92,0,1,0.5249052308031783
MH-001_2023_R129_C093,MH-001,2023,21.147105,78.937794,129,93,0,1,0.5602038080378862
MH-001_2023_R129_C094,MH-001,2023,21.147105,78.938063,129,94,0,1,0.5465630636075165
MH-001_2023_R129_C095,MH-001,2023,21.147105,78.938333,129,95,0,0,0.47878155292421043
MH-001_2023_R129_C096,MH-001,2023,21.147105,78.938602,129,96,0,0,0.4463170539574436
MH-001_2023_R129_C099,MH-001,2023,21.147105,78.939411,129,99,0,0,0.42710091524864147
MH-001_2023_R129_C100,MH-001,2023,21.147105,78.93968,129,100,0,0,0.453522898222324
MH-001_2023_R130_C092,MH-001,2023,21.146836,78.937524,130,92,0,1,0.5555329351684504
MH-001_2023_R130_C093,MH-001,2023,21.146836,78.937794,130,93,0,1,0.5259361900146429
MH-001_2023_R130_C094,MH-001,2023,21.146836,78.938063,130,94,0,0,0.4192729217021662
MH-001_2023_R130_C099,MH-001,2023,21.146836,78.939411,130,99,0,0,0.36796243561058356
MH-001_2023_R130_C101,MH-001,2023,21.146836,78.93995,130,101,0,0,0.4629392666818268
MH-001_2023_R131_C098,MH-001,2023,21.146566,78.939141,131,98,0,0,0.13039146718785063
MH-001_2023_R131_C099,MH-001,2023,21.146566,78.939411,131,99,0,0,0.2900814870198385
MH-001_2023_R131_C100,MH-001,2023,21.146566,78.93968,131,100,0,1,0.5052559433386282
MH-001_2023_R131_C101,MH-001,2023,21.146566,78.93995,131,101,0,1,0.6081302225998387
MH-001_2023_R132_C096,MH-001,2023,21.146297,78.938602,132,96,0,0,0.10190235616514168
MH-001_2023_R132_C097,MH-001,2023,21.146297,78.938872,132,97,0,0,0.17178907976037963
MH-001_2023_R132_C098,MH-001,2023,21.146297,78.939141,132,98,0,0,0.1494090967336389
MH-001_2023_R132_C099,MH-001,2023,21.146297,78.939411,132,99,0,0,0.40367130022143954
MH-001_2023_R132_C100,MH-001,2023,21.146297,78.93968,132,100,0,1,0.6423347160285521
MH-001_2023_R132_C101,MH-001,2023,21.146297,78.93995,132,101,0,1,0.6654443235791045
MH-001_2023_R133_C097,MH-001,2023,21.146027,78.938872,133,97,0,0,0.2594107421949247
MH-001_2023_R133_C098,MH-001,2023,21.146027,78.939141,133,98,0,0,0.32559317420040473
MH-001_2023_R133_C099,MH-001,2023,21.146027,78.939411,133,99,0,1,0.6703674922633681
MH-001_2023_R133_C100,MH-001,2023,21.146027,78.93968,133,100,0,1,0.6847807854532378
MH-001_2023_R133_C101,MH-001,2023,21.146027,78.93995,133,101,0,1,0.7004200696222364
MH-001_2023_R134_C098,MH-001,2023,21.145758,78.939141,134,98,0,1,0.6172242135127589
MH-001_2023_R134_C099,MH-001,2023,21.145758,78.939411,134,99,0,1,0.614009098022699
MH-001_2023_R134_C100,MH-001,2023,21.145758,78.93968,134,100,0,1,0.5706036165315962
MH-001_2023_R134_C101,MH-001,2023,21.145758,78.93995,134,101,0,1,0.6322779891513967
MH-001_2023_R134_C102,MH-001,2023,21.145758,78.940219,134,102,0,1,0.6103808852233197
MH-001_2023_R135_C100,MH-001,2023,21.145488,78.93968,135,100,0,1,0.6909784532546872
MH-001_2023_R135_C101,MH-001,2023,21.145488,78.93995,135,101,0,1,0.5819380178655464
MH-001_2023_R136_C102,MH-001,2023,21.145219,78.940219,136,102,0,0,0.4961136616324111
MH-001_2023_R157_C091,MH-001,2023,21.13956,78.937255,157,91,0,0,0.4257439620626465
MH-001_2023_R158_C091,MH-001,2023,21.13929,78.937255,158,91,0,1,0.6496725115856138
MH-001_2023_R159_C091,MH-001,2023,21.139021,78.937255,159,91,0,1,0.6527708812246583
MH-001_2023_R159_C092,MH-001,2023,21.139021,78.937524,159,92,0,1,0.5993792597487676
MH-001_2023_R160_C091,MH-001,2023,21.138751,78.937255,160,91,0,1,0.5759540742513526
MH-001_2023_R160_C092,MH-001,2023,21.138751,78.937524,160,92,0,0,0.4660586730763795
MH-001_2023_R162_C091,MH-001,2023,21.138212,78.937255,162,91,0,0,0.30508845030915516
MH-001_2023_R162_C092,MH-001,2023,21.138212,78.937524,162,92,0,0,0.3582684401485495
MH-001_2023_R162_C093,MH-001,2023,21.138212,78.937794,162,93,0,0,0.4224447656086303
MH-001_2023_R163_C091,MH-001,2023,21.137943,78.937255,163,91,0,0,0.39914460435737603
MH-001_2023_R163_C092,MH-001,2023,21.137943,78.937524,163,92,0,0,0.44610348945295064
MH-001_2023_R163_C093,MH-001,2023,21.137943,78.937794,163,93,0,0,0.4754897069794427
MH-001_2023_R163_C094,MH-001,2023,21.137943,78.938063,163,94,0,1,0.5861458984552946
MH-001_2023_R163_C095,MH-001,2023,21.137943,78.938333,163,95,0,0,0.49132901731416223
MH-001_2023_R164_C093,MH-001,2023,21.137673,78.937794,164,93,0,1,0.6266802068231805
MH-001_2023_R164_C094,MH-001,2023,21.137673,78.938063,164,94,0,1,0.5179494206949861
MH-001_2023_R164_C095,MH-001,2023,21.137673,78.938333,164,95,0,1,0.5374449699263356
MH-001_2023_R165_C091,MH-001,2023,21.137404,78.937255,165,91,0,0,0.43086227339381994
MH-001_2023_R165_C092,MH-001,2023,21.137404,78.937524,165,92,0,0,0.4969747831148071
MH-001_2023_R165_C095,MH-001,2023,21.137404,78.938333,165,95,0,1,0.5467403022504403
MH-001_2023_R166_C091,MH-001,2023,21.137134,78.937255,166,91,0,1,0.6037679712327321
MH-001_2023_R166_C092,MH-001,2023,21.137134,78.937524,166,92,0,1,0.7059702396710099
MH-001_2023_R166_C093,MH-001,2023,21.137134,78.937794,166,93,0,1,0.6913828097713847
MH-001_2023_R166_C094,MH-001,2023,21.137134,78.938063,166,94,0,1,0.5124648839100789
MH-001_2023_R166_C095,MH-001,2023,21.137134,78.938333,166,95,0,0,0.48844676736166126
MH-001_2023_R167_C091,MH-001,2023,21.136865,78.937255,167,91,0,1,0.5623885886593142
MH-001_2023_R167_C092,MH-001,2023,21.136865,78.937524,167,92,0,1,0.6695111077923873
MH-001_2023_R167_C093,MH-001,2023,21.136865,78.937794,167,93,0,1,0.7099588626022519
MH-001_2023_R167_C094,MH-001,2023,21.136865,78.938063,167,94,0,1,0.5949505316850128
MH-001_2023_R167_C095,MH-001,2023,21.136865,78.938333,167,95,0,1,0.5819731158815503
MH-001_2023_R168_C091,MH-001,2023,21.136595,78.937255,168,91,0,1,0.680332068132163
MH-001_2023_R168_C092,MH-001,2023,21.136595,78.937524,168,92,0,1,0.7301202856456322
MH-001_2023_R168_C093,MH-001,2023,21.136595,78.937794,168,93,0,1,0.6020962907630364
MH-001_2023_R168_C094,MH-001,2023,21.136595,78.938063,168,94,0,1,0.6101575925054966
MH-001_2023_R168_C095,MH-001,2023,21.136595,78.938333,168,95,0,1,0.5549496808410397
MH-001_2023_R169_C091,MH-001,2023,21.136326,78.937255,169,91,0,1,0.5523404582634908
MH-001_2023_R169_C092,MH-001,2023,21.136326,78.937524,169,92,0,1,0.5360919017949993
MH-001_2023_R169_C093,MH-001,2023,21.136326,78.937794,169,93,0,1,0.5751446041410585
MH-001_2023_R169_C094,MH-001,2023,21.136326,78.938063,169,94,0,1,0.5474803828191792
MH-001_2023_R170_C091,MH-001,2023,21.136056,78.937255,170,91,0,1,0.5198067924942154
MH-001_2023_R170_C092,MH-001,2023,21.136056,78.937524,170,92,0,1,0.5990142808875463
MH-001_2023_R170_C093,MH-001,2023,21.136056,78.937794,170,93,0,1,0.6546795609040877
MH-001_2023_R170_C094,MH-001,2023,21.136056,78.938063,170,94,0,1,0.6142417833101207
MH-001_2023_R171_C091,MH-001,2023,21.135787,78.937255,171,91,0,1,0.5328610510670186
MH-001_2023_R171_C092,MH-001,2023,21.135787,78.937524,171,92,0,1,0.5897780034478746
MH-001_2023_R171_C093,MH-001,2023,21.135787,78.937794,171,93,0,1,0.6364463054471792
MH-001_2023_R171_C094,MH-001,2023,21.135787,78.938063,171,94,0,1,0.6132777113944569
MH-001_2023_R172_C091,MH-001,2023,21.135517,78.937255,172,91,0,1,0.5761845265017448
MH-001_2023_R172_C092,MH-001,2023,21.135517,78.937524,172,92,0,1,0.677360263185863
MH-001_2023_R172_C093,MH-001,2023,21.135517,78.937794,172,93,0,1,0.6205273139837204
MH-001_2023_R173_C091,MH-001,2023,21.135248,78.937255,173,91,0,1,0.6650208836428777
MH-001_2023_R173_C092,MH-001,2023,21.135248,78.937524,173,92,0,1,0.6661820788183405
MH-001_2023_R173_C093,MH-001,2023,21.135248,78.937794,173,93,0,1,0.6284993623457622
MH-001_2023_R174_C091,MH-001,2023,21.134978,78.937255,174,91,0,1,0.6944535975025891
MH-001_2023_R174_C092,MH-001,2023,21.134978,78.937524,174,92,0,1,0.6618181616821998
MH-001_2023_R174_C093,MH-001,2023,21.134978,78.937794,174,93,0,1,0.5968476696796442
MH-001_2023_R175_C091,MH-001,2023,21.134709,78.937255,175,91,0,1,0.5640943087962516
MH-001_2023_R175_C092,MH-001,2023,21.134709,78.937524,175,92,0,1,0.6253239697042419
MH-001_2024_R100_C091,MH-001,2024,21.154921,78.937255,100,91,0,0,0.46132172898890533
MH-001_2024_R100_C092,MH-001,2024,21.154921,78.937524,100,92,0,1,0.5973638221342008
MH-001_2024_R100_C093,MH-001,2024,21.154921,78.937794,100,93,0,1,0.7033680821480797
MH-001_2024_R101_C092,MH-001,2024,21.154651,78.937524,101,92,0,1,0.5897426788836201
MH-001_2024_R101_C093,MH-001,2024,21.154651,78.937794,101,93,0,1,0.6881494513790701
MH-001_2024_R101_C094,MH-001,2024,21.154651,78.938063,101,94,0,1,0.7326478459647099
MH-001_2024_R102_C091,MH-001,2024,21.154382,78.937255,102,91,0,0,0.46875617223289817
MH-001_2024_R102_C093,MH-001,2024,21.154382,78.937794,102,93,0,1,0.7240369806399427
MH-001_2024_R102_C094,MH-001,2024,21.154382,78.938063,102,94,0,1,0.7606155510275082
MH-001_2024_R103_C091,MH-001,2024,21.154112,78.937255,103,91,0,1,0.5304995785120978
MH-001_2024_R103_C092,MH-001,2024,21.154112,78.937524,103,92,0,1,0.6181024010118329
MH-001_2024_R103_C094,MH-001,2024,21.154112,78.938063,103,94,0,1,0.6810137843587402
MH-001_2024_R105_C091,MH-001,2024,21.153573,78.937255,105,91,0,0,0.45231799955187324
MH-001_2024_R105_C093,MH-001,2024,21.153573,78.937794,105,93,0,1,0.5296492329262973
MH-001_2024_R105_C094,MH-001,2024,21.153573,78.938063,105,94,0,1,0.5045021103547229
MH-001_2024_R105_C095,MH-001,2024,21.153573,78.938333,105,95,0,0,0.40168416624203207
MH-001_2024_R106_C092,MH-001,2024,21.153304,78.937524,106,92,0,1,0.6495561816934673
MH-001_2024_R106_C093,MH-001,2024,21.153304,78.937794,106,93,0,1,0.6565677734462726
MH-001_2024_R106_C094,MH-001,2024,21.153304,78.938063,106,94,0,1,0.6197153663592757
MH-001_2024_R106_C095,MH-001,2024,21.153304,78.938333,106,95,0,0,0.3319654977693755
MH-001_2024_R107_C091,MH-001,2024,21.153034,78.937255,107,91,0,1,0.5050684514602747
MH-001_2024_R107_C092,MH-001,2024,21.153034,78.937524,107,92,0,1,0.6863234837445193
MH-001_2024_R107_C093,MH-001,2024,21.153034,78.937794,107,93,0,1,0.6242105115559649
MH-001_2024_R107_C094,MH-001,2024,21.153034,78.938063,107,94,0,0,0.4126836522517084
MH-001_2024_R107_C095,MH-001,2024,21.153034,78.938333,107,95,0,0,0.17382404068697732
MH-001_2024_R108_C091,MH-001,2024,21.152765,78.937255,108,91,0,1,0.6208103998008201
MH-001_2024_R108_C092,MH-001,2024,21.152765,78.937524,108,92,0,1,0.6610664428725174
MH-001_2024_R108_C093,MH-001,2024,21.152765,78.937794,108,93,0,1,0.6557611338789815
MH-001_2024_R108_C094,MH-001,2024,21.152765,78.938063,108,94,0,1,0.6487979462487298
MH-001_2024_R108_C095,MH-001,2024,21.152765,78.938333,108,95,0,1,0.6286869316905864
MH-001_2024_R109_C091,MH-001,2024,21.152495,78.937255,109,91,0,1,0.594897288976196
MH-001_2024_R109_C092,MH-001,2024,21.152495,78.937524,109,92,0,1,0.6038967876096948
MH-001_2024_R109_C093,MH-001,2024,21.152495,78.937794,109,93,0,1,0.6772048592064159
MH-001_2024_R109_C094,MH-001,2024,21.152495,78.938063,109,94,0,1,0.5177509838384786
MH-001_2024_R109_C095,MH-001,2024,21.152495,78.938333,109,95,0,1,0.6357140468994913
MH-001_2024_R109_C096,MH-001,2024,21.152495,78.938602,109,96,0,1,0.5161408074002166
MH-001_2024_R110_C093,MH-001,2024,21.152226,78.937794,110,93,0,1,0.6533700820811706
MH-001_2024_R110_C094,MH-001,2024,21.152226,78.938063,110,94,0,0,0.4917474182789415
MH-001_2024_R110_C095,MH-001,2024,21.152226,78.938333,110,95,0,1,0.501257662090234
MH-001_2024_R110_C096,MH-001,2024,21.152226,78.938602,110,96,0,1,0.5558307495020399
MH-001_2024_R111_C091,MH-001,2024,21.151956,78.937255,111,91,0,1,0.6305046578181243
MH-001_2024_R111_C092,MH-001,2024,21.151956,78.937524,111,92,0,1,0.6410223245547889
MH-001_2024_R111_C094,MH-001,2024,21.151956,78.938063,111,94,0,1,0.6017161401174077
MH-001_2024_R111_C095,MH-001,2024,21.151956,78.938333,111,95,0,1,0.5775008310203856
MH-001_2024_R111_C096,MH-001,2024,21.151956,78.938602,111,96,0,1,0.6096792604212711
MH-001_2024_R112_C091,MH-001,2024,21.151687,78.937255,112,91,0,1,0.6498230877973411
MH-001_2024_R112_C092,MH-001,2024,21.151687,78.937524,112,92,0,1,0.6789272269722487
MH-001_2024_R112_C093,MH-001,2024,21.151687,78.937794,112,93,0,1,0.6655169763516846
MH-001_2024_R112_C095,MH-001,2024,21.151687,78.938333,112,95,0,1,0.5005582275902765
MH-001_2024_R112_C096,MH-001,2024,21.151687,78.938602,112,96,0,1,0.5132663897223102
MH-001_2024_R112_C097,MH-001,2024,21.151687,78.938872,112,97,0,1,0.5893654696993452
MH-001_2024_R113_C091,MH-001,2024,21.151417,78.937255,113,91,0,1,0.665408171165266
MH-001_2024_R113_C092,MH-001,2024,21.151417,78.937524,113,92,0,1,0.6608248848198685
MH-001_2024_R113_C093,MH-001,2024,21.151417,78.937794,113,93,0,1,0.7151123363946024
MH-001_2024_R113_C094,MH-001,2024,21.151417,78.938063,113,94,0,1,0.5132553716787677
MH-001_2024_R113_C095,MH-001,2024,21.151417,78.938333,113,95,0,0,0.4940308166416453
MH-001_2024_R113_C097,MH-001,2024,21.151417,78.938872,113,97,0,1,0.5005681442157254
MH-001_2024_R114_C091,MH-001,2024,21.151148,78.937255,114,91,0,1,0.6139267354040356
MH-001_2024_R114_C092,MH-001,2024,21.151148,78.937524,114,92,0,1,0.6582272713251484
MH-001_2024_R114_C093,MH-001,2024,21.151148,78.937794,114,93,0,1,0.6029932881830525
MH-001_2024_R114_C094,MH-001,2024,21.151148,78.938063,114,94,0,1,0.5588322429662361
MH-001_2024_R114_C095,MH-001,2024,21.151148,78.938333,114,95,0,1,0.5319342825877581
MH-001_2024_R114_C096,MH-001,2024,21.151148,78.938602,114,96,0,1,0.5725972946883102
MH-001_2024_R114_C097,MH-001,2024,21.151148,78.938872,114,97,0,1,0.5036857211681803
MH-001_2024_R115_C091,MH-001,2024,21.150878,78.937255,115,91,0,1,0.5855942540248114
MH-001_2024_R115_C092,MH-001,2024,21.150878,78.937524,115,92,0,1,0.6008882974430693
MH-001_2024_R115_C093,MH-001,2024,21.150878,78.937794,115,93,0,1,0.5540019897007193
MH-001_2024_R115_C094,MH-001,2024,21.150878,78.938063,115,94,0,1,0.5468875719082854
MH-001_2024_R115_C095,MH-001,2024,21.150878,78.938333,115,95,0,1,0.5555192956886319
MH-001_2024_R115_C096,MH-001,2024,21.150878,78.938602,115,96,0,1,0.5362687248731188
MH-001_2024_R115_C097,MH-001,2024,21.150878,78.938872,115,97,0,1,0.543814811499639
MH-001_2024_R116_C091,MH-001,2024,21.150609,78.937255,116,91,0,1,0.5871884429594981
MH-001_2024_R116_C092,MH-001,2024,21.150609,78.937524,116,92,0,1,0.5908612632126883
MH-001_2024_R116_C093,MH-001,2024,21.150609,78.937794,116,93,0,1,0.5144125763259336
MH-001_2024_R116_C094,MH-001,2024,21.150609,78.938063,116,94,0,1,0.530396446431736
MH-001_2024_R116_C095,MH-001,2024,21.150609,78.938333,116,95,0,1,0.5244690599107282
MH-001_2024_R116_C096,MH-001,2024,21.150609,78.938602,116,96,0,1,0.536447756083216
MH-001_2024_R116_C097,MH-001,2024,21.150609,78.938872,116,97,0,1,0.5542910098791876
MH-001_2024_R116_C098,MH-001,2024,21.150609,78.939141,116,98,0,1,0.5274665747568628
MH-001_2024_R117_C091,MH-001,2024,21.150339,78.937255,117,91,0,1,0.5945640897241732
MH-001_2024_R117_C092,MH-001,2024,21.150339,78.937524,117,92,0,1,0.5779518492283842
MH-001_2024_R117_C093,MH-001,2024,21.150339,78.937794,117,93,0,1,0.5389754664341142
MH-001_2024_R117_C094,MH-001,2024,21.150339,78.938063,117,94,0,1,0.5171399052351418
MH-001_2024_R117_C095,MH-001,2024,21.150339,78.938333,117,95,0,1,0.5183551783133646
MH-001_2024_R117_C096,MH-001,2024,21.150339,78.938602,117,96,0,1,0.5037642928145535
MH-001_2024_R117_C097,MH-001,2024,21.150339,78.938872,117,97,0,1,0.5144724891134765
MH-001_2024_R117_C098,MH-001,2024,21.150339,78.939141,117,98,0,1,0.5082396158700763
MH-001_2024_R118_C091,MH-001,2024,21.15007,78.937255,118,91,1,1,0.5294655096793855
MH-001_2024_R118_C092,MH-001,2024,21.15007,78.937524,118,92,0,1,0.5512705856429487
MH-001_2024_R118_C093,MH-001,2024,21.15007,78.937794,118,93,0,1,0.5846830352152179
MH-001_2024_R118_C094,MH-001,2024,21.15007,78.938063,118,94,0,1,0.5465286589354614
MH-001_2024_R118_C095,MH-001,2024,21.15007,78.938333,118,95,0,1,0.5066426902181359
MH-001_2024_R118_C096,MH-001,2024,21.15007,78.938602,118,96,0,0,0.47852403472285976
MH-001_2024_R118_C097,MH-001,2024,21.15007,78.938872,118,97,0,0,0.4915755817100077
MH-001_2024_R118_C098,MH-001,2024,21.15007,78.939141,118,98,0,1,0.5270409238853276
MH-001_2024_R119_C092,MH-001,2024,21.1498,78.937524,119,92,1,0,0.46014338761691526
MH-001_2024_R119_C093,MH-001,2024,21.1498,78.937794,119,93,0,1,0.5327691729274449
MH-001_2024_R119_C094,MH-001,2024,21.1498,78.938063,119,94,0,1,0.5367524184427188
MH-001_2024_R119_C095,MH-001,2024,21.1498,78.938333,119,95,0,0,0.489258993697358
MH-001_2024_R119_C096,MH-001,2024,21.1498,78.938602,119,96,0,0,0.4801835213395802
MH-001_2024_R119_C097,MH-001,2024,21.1498,78.938872,119,97,0,1,0.5122848099682383
MH-001_2024_R119_C098,MH-001,2024,21.1498,78.939141,119,98,0,1,0.5218090004246234
MH-001_2024_R120_C091,MH-001,2024,21.149531,78.937255,120,91,0,0,0.3405551135983331
MH-001_2024_R120_C093,MH-001,2024,21.149531,78.937794,120,93,0,0,0.42762952415575795
MH-001_2024_R120_C094,MH-001,2024,21.149531,78.938063,120,94,0,1,0.5052714336540479
MH-001_2024_R120_C095,MH-001,2024,21.149531,78.938333,120,95,0,0,0.4650151489761428
MH-001_2024_R120_C096,MH-001,2024,21.149531,78.938602,120,96,0,1,0.5202803269070566
MH-001_2024_R120_C097,MH-001,2024,21.149531,78.938872,120,97,0,1,0.5159735245141811
MH-001_2024_R120_C098,MH-001,2024,21.149531,78.939141,120,98,0,1,0.521465023560806
MH-001_2024_R120_C099,MH-001,2024,21.149531,78.939411,120,99,0,1,0.5529583696218849
MH-001_2024_R121_C091,MH-001,2024,21.149261,78.937255,121,91,0,0,0.35527832039904594
MH-001_2024_R121_C092,MH-001,2024,21.149261,78.937524,121,92,0,0,0.3448899236516911
MH-001_2024_R121_C093,MH-001,2024,21.149261,78.937794,121,93,0,0,0.36907505770821186
MH-001_2024_R121_C095,MH-001,2024,21.149261,78.938333,121,95,0,0,0.4515858637938432
MH-001_2024_R121_C096,MH-001,2024,21.149261,78.938602,121,96,0,1,0.5059473678235865
MH-001_2024_R121_C097,MH-001,2024,21.149261,78.938872,121,97,0,1,0.5062243950869626
MH-001_2024_R121_C098,MH-001,2024,21.149261,78.939141,121,98,0,1,0.5383343533189556
MH-001_2024_R121_C099,MH-001,2024,21.149261,78.939411,121,99,0,1,0.5371645527122515
MH-001_2024_R122_C091,MH-001,2024,21.148992,78.937255,122,91,0,0,0.3915418452140806
MH-001_2024_R122_C092,MH-001,2024,21.148992,78.937524,122,92,0,0,0.3490167918473807
MH-001_2024_R122_C093,MH-001,2024,21.148992,78.937794,122,93,0,0,0.3761423641646198
MH-001_2024_R122_C094,MH-001,2024,21.148992,78.938063,122,94,0,0,0.4528280093199288
MH-001_2024_R122_C096,MH-001,2024,21.148992,78.938602,122,96,0,0,0.3883458408434418
MH-001_2024_R122_C097,MH-001,2024,21.148992,78.938872,122,97,0,0,0.4900473331194336
MH-001_2024_R122_C098,MH-001,2024,21.148992,78.939141,122,98,0,1,0.5252353250062208
MH-001_2024_R122_C099,MH-001,2024,21.148992,78.939411,122,99,0,1,0.5729456572566198
MH-001_2024_R123_C091,MH-001,2024,21.148722,78.937255,123,91,0,0,0.41312162218417353
MH-001_2024_R123_C092,MH-001,2024,21.148722,78.937524,123,92,0,0,0.34338927239426564
MH-001_2024_R123_C093,MH-001,2024,21.148722,78.937794,123,93,1,0,0.41114684408486474
MH-001_2024_R123_C094,MH-001,2024,21.148722,78.938063,123,94,0,0,0.4516554292599031
MH-001_2024_R123_C095,MH-001,2024,21.148722,78.938333,123,95,0,0,0.4050731852074705
MH-001_2024_R123_C097,MH-001,2024,21.148722,78.938872,123,97,0,0,0.35456035822877113
MH-001_2024_R123_C098,MH-001,2024,21.148722,78.939141,123,98,0,0,0.481004118250658
MH-001_2024_R123_C099,MH-001,2024,21.148722,78.939411,123,99,0,1,0.550544141919709
MH-001_2024_R124_C091,MH-001,2024,21.148453,78.937255,124,91,0,0,0.34717052290222056
MH-001_2024_R124_C092,MH-001,2024,21.148453,78.937524,124,92,0,0,0.36251804545511396
MH-001_2024_R124_C093,MH-001,2024,21.148453,78.937794,124,93,1,0,0.44373242531781987
MH-001_2024_R124_C094,MH-001,2024,21.148453,78.938063,124,94,0,0,0.41501075956454975
MH-001_2024_R124_C095,MH-001,2024,21.148453,78.938333,124,95,0,0,0.38825861149156105
MH-001_2024_R124_C097,MH-001,2024,21.148453,78.938872,124,97,0,0,0.3571459796460614
MH-001_2024_R124_C098,MH-001,2024,21.148453,78.939141,124,98,0,0,0.4795829888988111
MH-001_2024_R124_C099,MH-001,2024,21.148453,78.939411,124,99,0,1,0.5569184634103823
MH-001_2024_R125_C091,MH-001,2024,21.148183,78.937255,125,91,0,0,0.34728889255767836
MH-001_2024_R125_C092,MH-001,2024,21.148183,78.937524,125,92,0,0,0.33705485993171624
MH-001_2024_R125_C093,MH-001,2024,21.148183,78.937794,125,93,1,0,0.3453484136070855
MH-001_2024_R125_C094,MH-001,2024,21.148183,78.938063,125,94,1,0,0.30459078176708154
MH-001_2024_R125_C096,MH-001,2024,21.148183,78.938602,125,96,0,0,0.3324516562992396
MH-001_2024_R125_C097,MH-001,2024,21.148183,78.938872,125,97,0,0,0.44133490241696194
MH-001_2024_R125_C098,MH-001,2024,21.148183,78.939141,125,98,0,1,0.5404263874222648
MH-001_2024_R125_C099,MH-001,2024,21.148183,78.939411,125,99,0,1,0.5550519004893868
MH-001_2024_R125_C100,MH-001,2024,21.148183,78.93968,125,100,0,1,0.5319122966901493
MH-001_2024_R126_C091,MH-001,2024,21.147914,78.937255,126,91,0,0,0.34384702002239825
MH-001_2024_R126_C092,MH-001,2024,21.147914,78.937524,126,92,0,0,0.3372377953549611
MH-001_2024_R126_C093,MH-001,2024,21.147914,78.937794,126,93,1,0,0.3463647273458624
MH-001_2024_R126_C094,MH-001,2024,21.147914,78.938063,126,94,1,0,0.41612581051350883
MH-001_2024_R126_C095,MH-001,2024,21.147914,78.938333,126,95,0,0,0.4263072720321474
MH-001_2024_R126_C096,MH-001,2024,21.147914,78.938602,126,96,0,0,0.4529944567205886
MH-001_2024_R126_C097,MH-001,2024,21.147914,78.938872,126,97,0,1,0.5194178989006949
MH-001_2024_R126_C098,MH-001,2024,21.147914,78.939141,126,98,0,1,0.5396791874476032
MH-001_2024_R126_C099,MH-001,2024,21.147914,78.939411,126,99,0,1,0.5335996114458209
MH-001_2024_R126_C100,MH-001,2024,21.147914,78.93968,126,100,0,0,0.495978602743865
MH-001_2024_R127_C091,MH-001,2024,21.147644,78.937255,127,91,1,0,0.4688632272991221
MH-001_2024_R127_C092,MH-001,2024,21.147644,78.937524,127,92,1,0,0.4207603979818249
MH-001_2024_R127_C093,MH-001,2024,21.147644,78.937794,127,93,1,0,0.4501818286263599
MH-001_2024_R127_C094,MH-001,2024,21.147644,78.938063,127,94,0,1,0.5311497069377182
MH-001_2024_R127_C095,MH-001,2024,21.147644,78.938333,127,95,0,1,0.5520315996320851
MH-001_2024_R127_C096,MH-001,2024,21.147644,78.938602,127,96,0,1,0.5624908226409916
MH-001_2024_R127_C097,MH-001,2024,21.147644,78.938872,127,97,0,1,0.5415694256122285
MH-001_2024_R127_C098,MH-001,2024,21.147644,78.939141,127,98,0,1,0.5180240733665106
MH-001_2024_R127_C099,MH-001,2024,21.147644,78.939411,127,99,0,1,0.5334256134236884
MH-001_2024_R127_C100,MH-001,2024,21.147644,78.93968,127,100,0,0,0.490333255299812
MH-001_2024_R128_C091,MH-001,2024,21.147375,78.937255,128,91,1,0,0.42856113658263284
MH-001_2024_R128_C092,MH-001,2024,21.147375,78.937524,128,92,1,0,0.4823719556080802
MH-001_2024_R128_C093,MH-001,2024,21.147375,78.937794,128,93,1,1,0.5546102532604367
MH-001_2024_R128_C094,MH-001,2024,21.147375,78.938063,128,94,0,1,0.5246554262525667
MH-001_2024_R128_C095,MH-001,2024,21.147375,78.938333,128,95,0,0,0.4975507545932945
MH-001_2024_R128_C096,MH-001,2024,21.147375,78.938602,128,96,0,1,0.5087741239704371
MH-001_2024_R128_C097,MH-001,2024,21.147375,78.938872,128,97,0,1,0.5338536815822141
MH-001_2024_R128_C098,MH-001,2024,21.147375,78.939141,128,98,0,0,0.4990124792961708
MH-001_2024_R128_C099,MH-001,2024,21.147375,78.939411,128,99,0,0,0.45130178461217496
MH-001_2024_R128_C100,MH-001,2024,21.147375,78.93968,128,100,0,0,0.44423805735711386
MH-001_2024_R129_C091,MH-001,2024,21.147105,78.937255,129,91,1,0,0.4383910780833104
MH-001_2024_R129_C092,MH-001,2024,21.147105,78.937524,129,92,0,1,0.5079280722394925
MH-001_2024_R129_C093,MH-001,2024,21.147105,78.937794,129,93,0,0,0.48077405275523855
MH-001_2024_R129_C094,MH-001,2024,21.147105,78.938063,129,94,0,0,0.46693518761224984
MH-001_2024_R129_C095,MH-001,2024,21.147105,78.938333,129,95,0,1,0.5148684604498912
MH-001_2024_R129_C096,MH-001,2024,21.147105,78.938602,129,96,0,0,0.44759969882638
MH-001_2024_R129_C097,MH-001,2024,21.147105,78.938872,129,97,0,0,0.4117964055731732
MH-001_2024_R129_C098,MH-001,2024,21.147105,78.939141,129,98,0,0,0.3722762474405759
MH-001_2024_R130_C092,MH-001,2024,21.146836,78.937524,130,92,0,0,0.4822417968036711
MH-001_2024_R130_C093,MH-001,2024,21.146836,78.937794,130,93,0,0,0.44285416791394444
MH-001_2024_R130_C094,MH-001,2024,21.146836,78.938063,130,94,0,0,0.4414131965469794
MH-001_2024_R130_C095,MH-001,2024,21.146836,78.938333,130,95,0,0,0.3838333292493446
MH-001_2024_R130_C096,MH-001,2024,21.146836,78.938602,130,96,0,0,0.3422701090437152
MH-001_2024_R130_C101,MH-001,2024,21.146836,78.93995,130,101,0,0,0.41771513807271915
MH-001_2024_R131_C094,MH-001,2024,21.146566,78.938063,131,94,0,0,0.364482883193416
MH-001_2024_R131_C095,MH-001,2024,21.146566,78.938333,131,95,0,0,0.22385833534451402
MH-001_2024_R131_C097,MH-001,2024,21.146566,78.938872,131,97,0,0,0.2825764331659165
MH-001_2024_R131_C098,MH-001,2024,21.146566,78.939141,131,98,0,0,0.3140662811021248
MH-001_2024_R131_C099,MH-001,2024,21.146566,78.939411,131,99,0,0,0.37941401330662444
MH-001_2024_R131_C100,MH-001,2024,21.146566,78.93968,131,100,0,1,0.5306046387441158
MH-001_2024_R131_C101,MH-001,2024,21.146566,78.93995,131,101,0,1,0.5638678023875783
MH-001_2024_R132_C096,MH-001,2024,21.146297,78.938602,132,96,0,0,0.2518628775343267
MH-001_2024_R132_C097,MH-001,2024,21.146297,78.938872,132,97,0,0,0.31996066351644475
MH-001_2024_R132_C098,MH-001,2024,21.146297,78.939141,132,98,0,0,0.2369476356719323
MH-001_2024_R132_C099,MH-001,2024,21.146297,78.939411,132,99,0,0,0.4611959870826327
MH-001_2024_R132_C100,MH-001,2024,21.146297,78.93968,132,100,0,1,0.6350193780215214
MH-001_2024_R132_C101,MH-001,2024,21.146297,78.93995,132,101,0,1,0.6486924026230959
MH-001_2024_R133_C097,MH-001,2024,21.146027,78.938872,133,97,0,0,0.29237646170875425
MH-001_2024_R133_C098,MH-001,2024,21.146027,78.939141,133,98,0,0,0.4781489146485356
MH-001_2024_R133_C099,MH-001,2024,21.146027,78.939411,133,99,0,1,0.6015352721934484
MH-001_2024_R133_C100,MH-001,2024,21.146027,78.93968,133,100,0,1,0.6842214729807612
MH-001_2024_R133_C101,MH-001,2024,21.146027,78.93995,133,101,0,1,0.7291243612887255
MH-001_2024_R134_C098,MH-001,2024,21.145758,78.939141,134,98,0,1,0.6131823593401897
MH-001_2024_R134_C099,MH-001,2024,21.145758,78.939411,134,99,0,1,0.6481072935299661
MH-001_2024_R134_C100,MH-001,2024,21.145758,78.93968,134,100,0,1,0.6424103476084824
MH-001_2024_R134_C101,MH-001,2024,21.145758,78.93995,134,101,0,1,0.6513240031049375
MH-001_2024_R134_C102,MH-001,2024,21.145758,78.940219,134,102,0,1,0.5920448937343699
MH-001_2024_R135_C100,MH-001,2024,21.145488,78.93968,135,100,0,1,0.6568306198969929
MH-001_2024_R135_C101,MH-001,2024,21.145488,78.93995,135,101,0,1,0.5108313210862776
MH-001_2024_R136_C102,MH-001,2024,21.145219,78.940219,136,102,0,0,0.41908848631410206
MH-001_2024_R157_C091,MH-001,2024,21.13956,78.937255,157,91,0,0,0.395112528859492
MH-001_2024_R158_C091,MH-001,2024,21.13929,78.937255,158,91,0,0,0.4702665273205133
MH-001_2024_R159_C091,MH-001,2024,21.139021,78.937255,159,91,0,1,0.5212340526769591
MH-001_2024_R159_C092,MH-001,2024,21.139021,78.937524,159,92,0,1,0.5629028805049228
MH-001_2024_R160_C091,MH-001,2024,21.138751,78.937255,160,91,0,0,0.4918396071808615
MH-001_2024_R160_C092,MH-001,2024,21.138751,78.937524,160,92,0,1,0.5035792700939654
MH-001_2024_R160_C093,MH-001,2024,21.138751,78.937794,160,93,0,1,0.5368137274412298
MH-001_2024_R161_C092,MH-001,2024,21.138482,78.937524,161,92,0,0,0.46013427273023577
MH-001_2024_R162_C093,MH-001,2024,21.138212,78.937794,162,93,0,0,0.47858037545844007
MH-001_2024_R162_C094,MH-001,2024,21.138212,78.938063,162,94,0,1,0.588596897539522
MH-001_2024_R163_C092,MH-001,2024,21.137943,78.937524,163,92,0,0,0.3986257846909255
MH-001_2024_R163_C093,MH-001,2024,21.137943,78.937794,163,93,0,1,0.5001434711667039
MH-001_2024_R163_C094,MH-001,2024,21.137943,78.938063,163,94,0,1,0.5942042731739923
MH-001_2024_R163_C095,MH-001,2024,21.137943,78.938333,163,95,0,1,0.5847213096803244
MH-001_2024_R164_C093,MH-001,2024,21.137673,78.937794,164,93,0,0,0.4749843427385107
MH-001_2024_R164_C094,MH-001,2024,21.137673,78.938063,164,94,0,0,0.4964770032334386
MH-001_2024_R164_C095,MH-001,2024,21.137673,78.938333,164,95,0,1,0.511941101987033
MH-001_2024_R165_C091,MH-001,2024,21.137404,78.937255,165,91,0,0,0.47710512421153645
MH-001_2024_R165_C092,MH-001,2024,21.137404,78.937524,165,92,0,0,0.44410550814817135
MH-001_2024_R165_C095,MH-001,2024,21.137404,78.938333,165,95,0,0,0.45523329863340845
MH-001_2024_R166_C091,MH-001,2024,21.137134,78.937255,166,91,0,1,0.6360963952265243
MH-001_2024_R166_C092,MH-001,2024,21.137134,78.937524,166,92,0,1,0.6740569325402612
MH-001_2024_R166_C093,MH-001,2024,21.137134,78.937794,166,93,0,1,0.5951899251003793
MH-001_2024_R166_C094,MH-001,2024,21.137134,78.938063,166,94,0,1,0.530278551705822
MH-001_2024_R166_C095,MH-001,2024,21.137134,78.938333,166,95,0,0,0.4646051946754164
MH-001_2024_R167_C091,MH-001,2024,21.136865,78.937255,167,91,0,1,0.5683926040463126
MH-001_2024_R167_C092,MH-001,2024,21.136865,78.937524,167,92,0,1,0.6387142988530619
MH-001_2024_R167_C093,MH-001,2024,21.136865,78.937794,167,93,0,1,0.6748834390965369
MH-001_2024_R167_C094,MH-001,2024,21.136865,78.938063,167,94,0,1,0.5749481645363331
MH-001_2024_R167_C095,MH-001,2024,21.136865,78.938333,167,95,0,1,0.6082485739768694
MH-001_2024_R168_C091,MH-001,2024,21.136595,78.937255,168,91,0,1,0.6256575745875764
MH-001_2024_R168_C092,MH-001,2024,21.136595,78.937524,168,92,0,1,0.6891366168995301
MH-001_2024_R168_C093,MH-001,2024,21.136595,78.937794,168,93,0,1,0.5930033113828161
MH-001_2024_R168_C094,MH-001,2024,21.136595,78.938063,168,94,0,1,0.5776750937073671
MH-001_2024_R168_C095,MH-001,2024,21.136595,78.938333,168,95,0,1,0.5463693812979173
MH-001_2024_R169_C091,MH-001,2024,21.136326,78.937255,169,91,0,1,0.5634522886869994
MH-001_2024_R169_C092,MH-001,2024,21.136326,78.937524,169,92,0,1,0.5576521558472686
MH-001_2024_R169_C093,MH-001,2024,21.136326,78.937794,169,93,0,1,0.5542692309924355
MH-001_2024_R169_C094,MH-001,2024,21.136326,78.938063,169,94,0,1,0.5618919294284038
MH-001_2024_R170_C091,MH-001,2024,21.136056,78.937255,170,91,0,1,0.5139328761401262
MH-001_2024_R170_C092,MH-001,2024,21.136056,78.937524,170,92,0,1,0.5819180170328894
MH-001_2024_R170_C093,MH-001,2024,21.136056,78.937794,170,93,0,1,0.6182611819395419
MH-001_2024_R170_C094,MH-001,2024,21.136056,78.938063,170,94,0,1,0.5988315433918356
MH-001_2024_R171_C091,MH-001,2024,21.135787,78.937255,171,91,0,1,0.5710081618609899
MH-001_2024_R171_C092,MH-001,2024,21.135787,78.937524,171,92,0,1,0.5780083275759205
MH-001_2024_R171_C093,MH-001,2024,21.135787,78.937794,171,93,0,1,0.6106507645965762
MH-001_2024_R171_C094,MH-001,2024,21.135787,78.938063,171,94,0,1,0.5655794841341828
MH-001_2024_R172_C091,MH-001,2024,21.135517,78.937255,172,91,0,1,0.549116861124681
MH-001_2024_R172_C092,MH-001,2024,21.135517,78.937524,172,92,0,1,0.6493822259180413
MH-001_2024_R172_C093,MH-001,2024,21.135517,78.937794,172,93,0,1,0.6372657680969203
MH-001_2024_R173_C091,MH-001,2024,21.135248,78.937255,173,91,0,1,0.5940565532196384
MH-001_2024_R173_C092,MH-001,2024,21.135248,78.937524,173,92,0,1,0.6363456300285975
MH-001_2024_R173_C093,MH-001,2024,21.135248,78.937794,173,93,0,1,0.5496221741369802
MH-001_2024_R174_C091,MH-001,2024,21.134978,78.937255,174,91,0,1,0.6584297339306581
MH-001_2024_R174_C092,MH-001,2024,21.134978,78.937524,174,92,0,1,0.6237835717630472
MH-001_2024_R174_C093,MH-001,2024,21.134978,78.937794,174,93,0,0,0.48548046216949103
MH-001_2024_R175_C091,MH-001,2024,21.134709,78.937255,175,91,0,1,0.558820466480184
MH-001_2024_R175_C092,MH-001,2024,21.134709,78.937524,175,92,0,1,0.5692441925325172
MH-001_2025_R100_C092,MH-001,2025,21.154921,78.937524,100,92,0,1,0.5922169505223801
MH-001_2025_R100_C093,MH-001,2025,21.154921,78.937794,100,93,0,1,0.6486167620832397
MH-001_2025_R101_C091,MH-001,2025,21.154651,78.937255,101,91,0,0,0.39166245680574235
MH-001_2025_R101_C092,MH-001,2025,21.154651,78.937524,101,92,0,1,0.5566544017640824
MH-001_2025_R101_C093,MH-001,2025,21.154651,78.937794,101,93,0,1,0.6696495984594754
MH-001_2025_R101_C094,MH-001,2025,21.154651,78.938063,101,94,0,1,0.7095928782728147
MH-001_2025_R102_C091,MH-001,2025,21.154382,78.937255,102,91,0,0,0.4282007277967679
MH-001_2025_R102_C093,MH-001,2025,21.154382,78.937794,102,93,0,1,0.7056611061195498
MH-001_2025_R102_C094,MH-001,2025,21.154382,78.938063,102,94,0,1,0.7092659855782258
MH-001_2025_R103_C091,MH-001,2025,21.154112,78.937255,103,91,0,0,0.49064900687447605
MH-001_2025_R103_C092,MH-001,2025,21.154112,78.937524,103,92,0,1,0.5936069025437659
MH-001_2025_R103_C094,MH-001,2025,21.154112,78.938063,103,94,0,1,0.6167743757744718
MH-001_2025_R104_C091,MH-001,2025,21.153843,78.937255,104,91,0,0,0.3409932856813328
MH-001_2025_R104_C092,MH-001,2025,21.153843,78.937524,104,92,0,1,0.6272488434838498
MH-001_2025_R105_C093,MH-001,2025,21.153573,78.937794,105,93,0,1,0.5126796681491089
MH-001_2025_R105_C094,MH-001,2025,21.153573,78.938063,105,94,0,0,0.49008979027559796
MH-001_2025_R105_C095,MH-001,2025,21.153573,78.938333,105,95,0,0,0.4056942876175958
MH-001_2025_R106_C092,MH-001,2025,21.153304,78.937524,106,92,0,1,0.6382753354735422
MH-001_2025_R106_C093,MH-001,2025,21.153304,78.937794,106,93,0,1,0.6843419707304434
MH-001_2025_R106_C094,MH-001,2025,21.153304,78.938063,106,94,0,1,0.631894348366887
MH-001_2025_R106_C095,MH-001,2025,21.153304,78.938333,106,95,0,0,0.28269486635220864
MH-001_2025_R107_C091,MH-001,2025,21.153034,78.937255,107,91,0,1,0.5125323516291571
MH-001_2025_R107_C092,MH-001,2025,21.153034,78.937524,107,92,0,1,0.6666694531528482
MH-001_2025_R107_C093,MH-001,2025,21.153034,78.937794,107,93,0,1,0.6470058680463696
MH-001_2025_R107_C094,MH-001,2025,21.153034,78.938063,107,94,0,0,0.368524491127686
MH-001_2025_R107_C095,MH-001,2025,21.153034,78.938333,107,95,0,0,0.13644593589436263
MH-001_2025_R108_C091,MH-001,2025,21.152765,78.937255,108,91,0,1,0.7062370309828508
MH-001_2025_R108_C092,MH-001,2025,21.152765,78.937524,108,92,0,1,0.6719823910088004
MH-001_2025_R108_C093,MH-001,2025,21.152765,78.937794,108,93,0,1,0.6796163134267356
MH-001_2025_R108_C094,MH-001,2025,21.152765,78.938063,108,94,0,1,0.6077237507266477
MH-001_2025_R108_C095,MH-001,2025,21.152765,78.938333,108,95,0,1,0.5560807702530856
MH-001_2025_R109_C091,MH-001,2025,21.152495,78.937255,109,91,0,1,0.6340883171868672
MH-001_2025_R109_C092,MH-001,2025,21.152495,78.937524,109,92,0,1,0.6280183463639802
MH-001_2025_R109_C093,MH-001,2025,21.152495,78.937794,109,93,0,1,0.6787634215748323
MH-001_2025_R109_C094,MH-001,2025,21.152495,78.938063,109,94,0,1,0.5125403479344877
MH-001_2025_R109_C095,MH-001,2025,21.152495,78.938333,109,95,0,1,0.6042412647491042
MH-001_2025_R109_C096,MH-001,2025,21.152495,78.938602,109,96,0,0,0.4952185919426262
MH-001_2025_R110_C091,MH-001,2025,21.152226,78.937255,110,91,0,1,0.6028361271571531
MH-001_2025_R110_C092,MH-001,2025,21.152226,78.937524,110,92,0,1,0.6107580381883769
MH-001_2025_R110_C093,MH-001,2025,21.152226,78.937794,110,93,0,1,0.6945407883242845
MH-001_2025_R110_C094,MH-001,2025,21.152226,78.938063,110,94,0,0,0.47151289475509506
MH-001_2025_R110_C095,MH-001,2025,21.152226,78.938333,110,95,0,0,0.4570424696503302
MH-001_2025_R110_C096,MH-001,2025,21.152226,78.938602,110,96,0,1,0.5432540564535474
MH-001_2025_R111_C094,MH-001,2025,21.151956,78.938063,111,94,0,1,0.5756524401770297
MH-001_2025_R111_C095,MH-001,2025,21.151956,78.938333,111,95,0,1,0.5959119822889578
MH-001_2025_R111_C096,MH-001,2025,21.151956,78.938602,111,96,0,1,0.6210485850689734
MH-001_2025_R112_C091,MH-001,2025,21.151687,78.937255,112,91,0,1,0.5954180203636306
MH-001_2025_R112_C092,MH-001,2025,21.151687,78.937524,112,92,0,1,0.6756099052462398
MH-001_2025_R112_C093,MH-001,2025,21.151687,78.937794,112,93,0,1,0.6549851176906025
MH-001_2025_R112_C095,MH-001,2025,21.151687,78.938333,112,95,0,0,0.4527361494584946
MH-001_2025_R112_C096,MH-001,2025,21.151687,78.938602,112,96,0,0,0.46427743324796195
MH-001_2025_R112_C097,MH-001,2025,21.151687,78.938872,112,97,0,1,0.5962125842833607
MH-001_2025_R113_C091,MH-001,2025,21.151417,78.937255,113,91,0,1,0.6180276972344013
MH-001_2025_R113_C092,MH-001,2025,21.151417,78.937524,113,92,0,1,0.671096401709533
MH-001_2025_R113_C093,MH-001,2025,21.151417,78.937794,113,93,0,1,0.73218974973662
MH-001_2025_R113_C094,MH-001,2025,21.151417,78.938063,113,94,0,1,0.59321851284002
MH-001_2025_R113_C095,MH-001,2025,21.151417,78.938333,113,95,0,1,0.5167448667008468
MH-001_2025_R113_C097,MH-001,2025,21.151417,78.938872,113,97,0,0,0.45450297759583397
MH-001_2025_R114_C091,MH-001,2025,21.151148,78.937255,114,91,0,1,0.5753711405955935
MH-001_2025_R114_C092,MH-001,2025,21.151148,78.937524,114,92,0,1,0.6854305556653517
MH-001_2025_R114_C093,MH-001,2025,21.151148,78.937794,114,93,0,1,0.6517464579033762
MH-001_2025_R114_C094,MH-001,2025,21.151148,78.938063,114,94,0,1,0.5874304240426698
MH-001_2025_R114_C095,MH-001,2025,21.151148,78.938333,114,95,0,1,0.5734672094507178
MH-001_2025_R114_C096,MH-001,2025,21.151148,78.938602,114,96,0,1,0.5975982804255939
MH-001_2025_R114_C097,MH-001,2025,21.151148,78.938872,114,97,0,0,0.48233630729546395
MH-001_2025_R115_C091,MH-001,2025,21.150878,78.937255,115,91,0,1,0.5731471439589205
MH-001_2025_R115_C092,MH-001,2025,21.150878,78.937524,115,92,0,1,0.5939525578923778
MH-001_2025_R115_C093,MH-001,2025,21.150878,78.937794,115,93,0,1,0.5706878308999704
MH-001_2025_R115_C094,MH-001,2025,21.150878,78.938063,115,94,0,1,0.5285294135007794
MH-001_2025_R115_C095,MH-001,2025,21.150878,78.938333,115,95,0,1,0.5610137999483586
MH-001_2025_R115_C096,MH-001,2025,21.150878,78.938602,115,96,0,1,0.5669477889733293
MH-001_2025_R115_C097,MH-001,2025,21.150878,78.938872,115,97,0,1,0.624415540773665
MH-001_2025_R116_C091,MH-001,2025,21.150609,78.937255,116,91,0,1,0.6189952030978192
MH-001_2025_R116_C092,MH-001,2025,21.150609,78.937524,116,92,0,1,0.6157086030915847
MH-001_2025_R116_C093,MH-001,2025,21.150609,78.937794,116,93,0,1,0.5773777571908555
MH-001_2025_R116_C094,MH-001,2025,21.150609,78.938063,116,94,0,1,0.5550431818559811
MH-001_2025_R116_C096,MH-001,2025,21.150609,78.938602,116,96,0,0,0.49236517261108137
MH-001_2025_R116_C097,MH-001,2025,21.150609,78.938872,116,97,0,1,0.5719300787635807
MH-001_2025_R116_C098,MH-001,2025,21.150609,78.939141,116,98,0,1,0.6155417067259412
MH-001_2025_R117_C091,MH-001,2025,21.150339,78.937255,117,91,0,1,0.5931167721965763
MH-001_2025_R117_C092,MH-001,2025,21.150339,78.937524,117,92,0,1,0.6108539105023044
MH-001_2025_R117_C093,MH-001,2025,21.150339,78.937794,117,93,0,1,0.5825370900404182
MH-001_2025_R117_C094,MH-001,2025,21.150339,78.938063,117,94,0,1,0.5397836787222804
MH-001_2025_R117_C097,MH-001,2025,21.150339,78.938872,117,97,0,1,0.5816906770709662
MH-001_2025_R117_C098,MH-001,2025,21.150339,78.939141,117,98,0,1,0.6355470716091898
MH-001_2025_R118_C091,MH-001,2025,21.15007,78.937255,118,91,1,1,0.5583746514762534
MH-001_2025_R118_C092,MH-001,2025,21.15007,78.937524,118,92,0,1,0.5995936440166175
MH-001_2025_R118_C093,MH-001,2025,21.15007,78.937794,118,93,0,1,0.6267056290193107
MH-001_2025_R118_C094,MH-001,2025,21.15007,78.938063,118,94,0,1,0.5552995568562793
MH-001_2025_R118_C097,MH-001,2025,21.15007,78.938872,118,97,0,1,0.5773197533355128
MH-001_2025_R118_C098,MH-001,2025,21.15007,78.939141,118,98,0,1,0.6585423712924519
MH-001_2025_R119_C092,MH-001,2025,21.1498,78.937524,119,92,1,0,0.47082029504951606
MH-001_2025_R119_C093,MH-001,2025,21.1498,78.937794,119,93,0,1,0.5703834354108774
MH-001_2025_R119_C094,MH-001,2025,21.1498,78.938063,119,94,0,1,0.5702918123911822
MH-001_2025_R119_C095,MH-001,2025,21.1498,78.938333,119,95,0,0,0.45785085146733145
MH-001_2025_R119_C097,MH-001,2025,21.1498,78.938872,119,97,0,1,0.5906200072492123
MH-001_2025_R119_C098,MH-001,2025,21.1498,78.939141,119,98,0,1,0.6662343570490065
MH-001_2025_R120_C091,MH-001,2025,21.149531,78.937255,120,91,0,0,0.30338665844934154
MH-001_2025_R120_C092,MH-001,2025,21.149531,78.937524,120,92,1,0,0.3223576682966881
MH-001_2025_R120_C094,MH-001,2025,21.149531,78.938063,120,94,0,0,0.484234630503884
MH-001_2025_R120_C095,MH-001,2025,21.149531,78.938333,120,95,0,0,0.4472806665318556
MH-001_2025_R120_C096,MH-001,2025,21.149531,78.938602,120,96,0,1,0.5476144190016553
MH-001_2025_R120_C097,MH-001,2025,21.149531,78.938872,120,97,0,1,0.5934328234670464
MH-001_2025_R120_C098,MH-001,2025,21.149531,78.939141,120,98,0,1,0.6207227849267466
MH-001_2025_R120_C099,MH-001,2025,21.149531,78.939411,120,99,0,1,0.6432273537492094
MH-001_2025_R121_C091,MH-001,2025,21.149261,78.937255,121,91,0,0,0.2600358863539185
MH-001_2025_R121_C092,MH-001,2025,21.149261,78.937524,121,92,0,0,0.28464759325066963
MH-001_2025_R121_C093,MH-001,2025,21.149261,78.937794,121,93,0,0,0.36839231397315986
MH-001_2025_R121_C096,MH-001,2025,21.149261,78.938602,121,96,0,1,0.5518913525213527
MH-001_2025_R121_C097,MH-001,2025,21.149261,78.938872,121,97,0,1,0.5837894644458562
MH-001_2025_R121_C098,MH-001,2025,21.149261,78.939141,121,98,0,1,0.5923367826351156
MH-001_2025_R121_C099,MH-001,2025,21.149261,78.939411,121,99,0,1,0.6514895494871137
MH-001_2025_R122_C091,MH-001,2025,21.148992,78.937255,122,91,0,0,0.35451123492556236
MH-001_2025_R122_C092,MH-001,2025,21.148992,78.937524,122,92,0,0,0.23644462437062183
MH-001_2025_R122_C093,MH-001,2025,21.148992,78.937794,122,93,0,0,0.36805837137250175
MH-001_2025_R122_C094,MH-001,2025,21.148992,78.938063,122,94,0,0,0.4700174675481207
MH-001_2025_R122_C095,MH-001,2025,21.148992,78.938333,122,95,0,0,0.41096179960658946
MH-001_2025_R122_C096,MH-001,2025,21.148992,78.938602,122,96,0,0,0.4106995147667739
MH-001_2025_R122_C098,MH-001,2025,21.148992,78.939141,122,98,0,1,0.5613377901620845
MH-001_2025_R122_C099,MH-001,2025,21.148992,78.939411,122,99,0,1,0.6111219618979398
MH-001_2025_R123_C091,MH-001,2025,21.148722,78.937255,123,91,0,0,0.3731792583209075
MH-001_2025_R123_C092,MH-001,2025,21.148722,78.937524,123,92,0,0,0.2495565068733134
MH-001_2025_R123_C093,MH-001,2025,21.148722,78.937794,123,93,1,0,0.4394747822599086
MH-001_2025_R123_C094,MH-001,2025,21.148722,78.938063,123,94,0,0,0.4895801989153752
MH-001_2025_R123_C095,MH-001,2025,21.148722,78.938333,123,95,0,0,0.4435061241527956
MH-001_2025_R123_C096,MH-001,2025,21.148722,78.938602,123,96,0,0,0.437858010674713
MH-001_2025_R123_C098,MH-001,2025,21.148722,78.939141,123,98,0,0,0.40454984196437016
MH-001_2025_R123_C099,MH-001,2025,21.148722,78.939411,123,99,0,1,0.6113933392523329
MH-001_2025_R124_C091,MH-001,2025,21.148453,78.937255,124,91,0,0,0.24327962512127374
MH-001_2025_R124_C092,MH-001,2025,21.148453,78.937524,124,92,0,0,0.29869152089473144
MH-001_2025_R124_C093,MH-001,2025,21.148453,78.937794,124,93,1,0,0.44414551401571845
MH-001_2025_R124_C094,MH-001,2025,21.148453,78.938063,124,94,0,0,0.4184466873976227
MH-001_2025_R124_C095,MH-001,2025,21.148453,78.938333,124,95,0,0,0.3742468739211217
MH-001_2025_R124_C097,MH-001,2025,21.148453,78.938872,124,97,0,0,0.36225156204006825
MH-001_2025_R124_C098,MH-001,2025,21.148453,78.939141,124,98,0,0,0.39088322280638815
MH-001_2025_R124_C099,MH-001,2025,21.148453,78.939411,124,99,0,1,0.6033680664135441
MH-001_2025_R125_C091,MH-001,2025,21.148183,78.937255,125,91,0,0,0.26342785318065376
MH-001_2025_R125_C092,MH-001,2025,21.148183,78.937524,125,92,0,0,0.2579410002088142
MH-001_2025_R125_C093,MH-001,2025,21.148183,78.937794,125,93,1,0,0.3537344409614896
MH-001_2025_R125_C096,MH-001,2025,21.148183,78.938602,125,96,0,0,0.2945035748174724
MH-001_2025_R125_C097,MH-001,2025,21.148183,78.938872,125,97,0,0,0.4341108070122681
MH-001_2025_R125_C098,MH-001,2025,21.148183,78.939141,125,98,0,1,0.5676206766182992
MH-001_2025_R125_C099,MH-001,2025,21.148183,78.939411,125,99,0,1,0.594615652175445
MH-001_2025_R125_C100,MH-001,2025,21.148183,78.93968,125,100,0,1,0.5003232515842488
MH-001_2025_R126_C091,MH-001,2025,21.147914,78.937255,126,91,0,0,0.30663730259135596
MH-001_2025_R126_C092,MH-001,2025,21.147914,78.937524,126,92,0,0,0.27553295112815823
MH-001_2025_R126_C093,MH-001,2025,21.147914,78.937794,126,93,1,0,0.3428287113525308
MH-001_2025_R126_C094,MH-001,2025,21.147914,78.938063,126,94,1,0,0.4077499799574792
MH-001_2025_R126_C095,MH-001,2025,21.147914,78.938333,126,95,0,0,0.44873488333677714
MH-001_2025_R126_C096,MH-001,2025,21.147914,78.938602,126,96,0,0,0.4600140208777601
MH-001_2025_R126_C097,MH-001,2025,21.147914,78.938872,126,97,0,1,0.5400709680902708
MH-001_2025_R126_C098,MH-001,2025,21.147914,78.939141,126,98,0,1,0.5954289769916751
MH-001_2025_R126_C099,MH-001,2025,21.147914,78.939411,126,99,0,1,0.5573416671932829
MH-001_2025_R126_C100,MH-001,2025,21.147914,78.93968,126,100,0,1,0.5195114166453904
MH-001_2025_R127_C091,MH-001,2025,21.147644,78.937255,127,91,1,0,0.46815456029997476
MH-001_2025_R127_C092,MH-001,2025,21.147644,78.937524,127,92,1,0,0.3853711896646172
MH-001_2025_R127_C093,MH-001,2025,21.147644,78.937794,127,93,1,0,0.4528941358465067
MH-001_2025_R127_C094,MH-001,2025,21.147644,78.938063,127,94,0,1,0.5623889144864533
MH-001_2025_R127_C095,MH-001,2025,21.147644,78.938333,127,95,0,1,0.5557632889182046
MH-001_2025_R127_C096,MH-001,2025,21.147644,78.938602,127,96,0,1,0.569463733471958
MH-001_2025_R127_C097,MH-001,2025,21.147644,78.938872,127,97,0,1,0.560146545122991
MH-001_2025_R127_C098,MH-001,2025,21.147644,78.939141,127,98,0,1,0.5651578643155332
MH-001_2025_R127_C099,MH-001,2025,21.147644,78.939411,127,99,0,1,0.5228041513112642
MH-001_2025_R127_C100,MH-001,2025,21.147644,78.93968,127,100,0,1,0.5053704922188743
MH-001_2025_R128_C091,MH-001,2025,21.147375,78.937255,128,91,1,0,0.4355081187481587
MH-001_2025_R128_C092,MH-001,2025,21.147375,78.937524,128,92,1,0,0.47632155256747
MH-001_2025_R128_C093,MH-001,2025,21.147375,78.937794,128,93,1,1,0.5186923509249495
MH-001_2025_R128_C094,MH-001,2025,21.147375,78.938063,128,94,0,1,0.520676533226438
MH-001_2025_R128_C095,MH-001,2025,21.147375,78.938333,128,95,0,0,0.487891929324604
MH-001_2025_R128_C096,MH-001,2025,21.147375,78.938602,128,96,0,0,0.4459534808130277
MH-001_2025_R128_C097,MH-001,2025,21.147375,78.938872,128,97,0,1,0.5193747777794419
MH-001_2025_R128_C098,MH-001,2025,21.147375,78.939141,128,98,0,1,0.5229932472132309
MH-001_2025_R128_C099,MH-001,2025,21.147375,78.939411,128,99,0,0,0.4517761402525184
MH-001_2025_R129_C091,MH-001,2025,21.147105,78.937255,129,91,1,0,0.4662159336142207
MH-001_2025_R129_C092,MH-001,2025,21.147105,78.937524,129,92,0,1,0.5478393895292332
MH-001_2025_R129_C093,MH-001,2025,21.147105,78.937794,129,93,0,0,0.4525186503694333
MH-001_2025_R129_C094,MH-001,2025,21.147105,78.938063,129,94,0,0,0.4436282635556699
MH-001_2025_R129_C095,MH-001,2025,21.147105,78.938333,129,95,0,1,0.5154753294560362
MH-001_2025_R129_C096,MH-001,2025,21.147105,78.938602,129,96,0,1,0.516061193672724
MH-001_2025_R129_C097,MH-001,2025,21.147105,78.938872,129,97,0,0,0.4779901514956327
MH-001_2025_R129_C098,MH-001,2025,21.147105,78.939141,129,98,0,0,0.3914021046958549
MH-001_2025_R130_C092,MH-001,2025,21.146836,78.937524,130,92,0,1,0.5110953541360272
MH-001_2025_R130_C093,MH-001,2025,21.146836,78.937794,130,93,0,0,0.44734020660086515
MH-001_2025_R130_C094,MH-001,2025,21.146836,78.938063,130,94,0,0,0.42168724984430433
MH-001_2025_R130_C095,MH-001,2025,21.146836,78.938333,130,95,0,0,0.3057390582979173
MH-001_2025_R130_C096,MH-001,2025,21.146836,78.938602,130,96,0,0,0.21345530754396955
MH-001_2025_R130_C101,MH-001,2025,21.146836,78.93995,130,101,0,0,0.4721031477491325
MH-001_2025_R131_C094,MH-001,2025,21.146566,78.938063,131,94,0,0,0.16141882582831044
MH-001_2025_R131_C097,MH-001,2025,21.146566,78.938872,131,97,0,0,0.2627916911472156
MH-001_2025_R131_C098,MH-001,2025,21.146566,78.939141,131,98,0,0,0.24572993575172647
MH-001_2025_R131_C099,MH-001,2025,21.146566,78.939411,131,99,0,0,0.428934667534547
MH-001_2025_R131_C100,MH-001,2025,21.146566,78.93968,131,100,0,1,0.5856721804288951
MH-001_2025_R131_C101,MH-001,2025,21.146566,78.93995,131,101,0,1,0.5637187054223463
MH-001_2025_R132_C096,MH-001,2025,21.146297,78.938602,132,96,0,0,0.21626653166364382
MH-001_2025_R132_C097,MH-001,2025,21.146297,78.938872,132,97,0,0,0.345249188297225
MH-001_2025_R132_C098,MH-001,2025,21.146297,78.939141,132,98,0,0,0.3071886988283142
MH-001_2025_R132_C099,MH-001,2025,21.146297,78.939411,132,99,0,1,0.5977417561339617
MH-001_2025_R132_C100,MH-001,2025,21.146297,78.93968,132,100,0,1,0.6705488991462814
MH-001_2025_R132_C101,MH-001,2025,21.146297,78.93995,132,101,0,1,0.6587516586859081
MH-001_2025_R133_C097,MH-001,2025,21.146027,78.938872,133,97,0,0,0.2800093727389075
MH-001_2025_R133_C098,MH-001,2025,21.146027,78.939141,133,98,0,0,0.42105651727953874
MH-001_2025_R133_C099,MH-001,2025,21.146027,78.939411,133,99,0,1,0.6391818772210306
MH-001_2025_R133_C100,MH-001,2025,21.146027,78.93968,133,100,0,1,0.6444694564140465
MH-001_2025_R133_C101,MH-001,2025,21.146027,78.93995,133,101,0,1,0.7331203788421924
MH-001_2025_R134_C098,MH-001,2025,21.145758,78.939141,134,98,0,1,0.6327302475250126
MH-001_2025_R134_C099,MH-001,2025,21.145758,78.939411,134,99,0,1,0.6089340843330568
MH-001_2025_R134_C100,MH-001,2025,21.145758,78.93968,134,100,0,1,0.6171543945171447
MH-001_2025_R134_C101,MH-001,2025,21.145758,78.93995,134,101,0,1,0.640184942720098
MH-001_2025_R134_C102,MH-001,2025,21.145758,78.940219,134,102,0,1,0.7110126958372257
MH-001_2025_R135_C100,MH-001,2025,21.145488,78.93968,135,100,0,1,0.6803274093560703
MH-001_2025_R135_C101,MH-001,2025,21.145488,78.93995,135,101,0,1,0.5961567905753278
MH-001_2025_R136_C102,MH-001,2025,21.145219,78.940219,136,102,0,1,0.5894499008142978
MH-001_2025_R157_C091,MH-001,2025,21.13956,78.937255,157,91,0,0,0.3543522630613376
MH-001_2025_R160_C093,MH-001,2025,21.138751,78.937794,160,93,0,0,0.41760213328993523
MH-001_2025_R161_C092,MH-001,2025,21.138482,78.937524,161,92,0,1,0.5254784388475995
MH-001_2025_R161_C093,MH-001,2025,21.138482,78.937794,161,93,0,1,0.5384715642860546
MH-001_2025_R162_C091,MH-001,2025,21.138212,78.937255,162,91,0,0,0.4500495475857812
MH-001_2025_R162_C092,MH-001,2025,21.138212,78.937524,162,92,0,1,0.5240965900092515
MH-001_2025_R162_C093,MH-001,2025,21.138212,78.937794,162,93,0,0,0.4664016601692355
MH-001_2025_R162_C094,MH-001,2025,21.138212,78.938063,162,94,0,1,0.524213910168562
MH-001_2025_R163_C091,MH-001,2025,21.137943,78.937255,163,91,0,0,0.44526491977386246
MH-001_2025_R163_C092,MH-001,2025,21.137943,78.937524,163,92,0,1,0.5133753131928062
MH-001_2025_R163_C093,MH-001,2025,21.137943,78.937794,163,93,0,0,0.45154207758158044
MH-001_2025_R163_C094,MH-001,2025,21.137943,78.938063,163,94,0,0,0.4185706450860335
MH-001_2025_R163_C095,MH-001,2025,21.137943,78.938333,163,95,0,0,0.49306505059968786
MH-001_2025_R164_C091,MH-001,2025,21.137673,78.937255,164,91,0,1,0.5981457681171939
MH-001_2025_R164_C093,MH-001,2025,21.137673,78.937794,164,93,0,1,0.6419642517765465
MH-001_2025_R164_C094,MH-001,2025,21.137673,78.938063,164,94,0,1,0.5406105790044975
MH-001_2025_R164_C095,MH-001,2025,21.137673,78.938333,164,95,0,1,0.5871043322305365
MH-001_2025_R165_C091,MH-001,2025,21.137404,78.937255,165,91,0,0,0.43899163239865796
MH-001_2025_R165_C092,MH-001,2025,21.137404,78.937524,165,92,0,1,0.520397991581039
MH-001_2025_R165_C093,MH-001,2025,21.137404,78.937794,165,93,0,1,0.5588798671663264
MH-001_2025_R165_C095,MH-001,2025,21.137404,78.938333,165,95,0,1,0.5540360930517317
MH-001_2025_R166_C091,MH-001,2025,21.137134,78.937255,166,91,0,1,0.570260116249388
MH-001_2025_R166_C092,MH-001,2025,21.137134,78.937524,166,92,0,1,0.6293066214774867
MH-001_2025_R166_C093,MH-001,2025,21.137134,78.937794,166,93,0,1,0.5454129171189477
MH-001_2025_R166_C094,MH-001,2025,21.137134,78.938063,166,94,0,1,0.5326259478381953
MH-001_2025_R166_C095,MH-001,2025,21.137134,78.938333,166,95,0,0,0.4657932034372285
MH-001_2025_R167_C091,MH-001,2025,21.136865,78.937255,167,91,0,1,0.6089841040930756
MH-001_2025_R167_C092,MH-001,2025,21.136865,78.937524,167,92,0,1,0.6341413727101881
MH-001_2025_R167_C093,MH-001,2025,21.136865,78.937794,167,93,0,1,0.6091281587856425
MH-001_2025_R167_C094,MH-001,2025,21.136865,78.938063,167,94,0,1,0.6088515551404375
MH-001_2025_R167_C095,MH-001,2025,21.136865,78.938333,167,95,0,1,0.6042755855612922
MH-001_2025_R168_C091,MH-001,2025,21.136595,78.937255,168,91,0,1,0.6269356774357021
MH-001_2025_R168_C092,MH-001,2025,21.136595,78.937524,168,92,0,1,0.6893424274747424
MH-001_2025_R168_C093,MH-001,2025,21.136595,78.937794,168,93,0,1,0.598679358177207
MH-001_2025_R168_C094,MH-001,2025,21.136595,78.938063,168,94,0,1,0.580966379476442
MH-001_2025_R168_C095,MH-001,2025,21.136595,78.938333,168,95,0,1,0.5743602170005833
MH-001_2025_R169_C091,MH-001,2025,21.136326,78.937255,169,91,0,0,0.41286566438237293
MH-001_2025_R169_C092,MH-001,2025,21.136326,78.937524,169,92,0,0,0.49573751594674936
MH-001_2025_R169_C093,MH-001,2025,21.136326,78.937794,169,93,0,1,0.5652988406282594
MH-001_2025_R169_C094,MH-001,2025,21.136326,78.938063,169,94,0,1,0.5776169936193485
MH-001_2025_R170_C091,MH-001,2025,21.136056,78.937255,170,91,0,0,0.4476509783125435
MH-001_2025_R170_C092,MH-001,2025,21.136056,78.937524,170,92,0,1,0.5628460715265408
MH-001_2025_R170_C093,MH-001,2025,21.136056,78.937794,170,93,0,1,0.6897803833141047
MH-001_2025_R170_C094,MH-001,2025,21.136056,78.938063,170,94,0,1,0.6349087032578346
MH-001_2025_R171_C091,MH-001,2025,21.135787,78.937255,171,91,0,1,0.5102482082395877
MH-001_2025_R171_C092,MH-001,2025,21.135787,78.937524,171,92,0,1,0.5203192238451605
MH-001_2025_R171_C093,MH-001,2025,21.135787,78.937794,171,93,0,1,0.5847012996830326
MH-001_2025_R171_C094,MH-001,2025,21.135787,78.938063,171,94,0,0,0.4537741906333888
MH-001_2025_R172_C091,MH-001,2025,21.135517,78.937255,172,91,0,1,0.5857327319903375
MH-001_2025_R172_C092,MH-001,2025,21.135517,78.937524,172,92,0,1,0.6930535044222068
MH-001_2025_R172_C093,MH-001,2025,21.135517,78.937794,172,93,0,1,0.5922802550803369
MH-001_2025_R173_C091,MH-001,2025,21.135248,78.937255,173,91,0,1,0.5779425536484215
MH-001_2025_R173_C092,MH-001,2025,21.135248,78.937524,173,92,0,1,0.6669067238600078
MH-001_2025_R173_C093,MH-001,2025,21.135248,78.937794,173,93,0,1,0.5524291028242732
MH-001_2025_R174_C091,MH-001,2025,21.134978,78.937255,174,91,0,1,0.7120352567793449
MH-001_2025_R174_C092,MH-001,2025,21.134978,78.937524,174,92,0,1,0.6517429260434661
MH-001_2025_R174_C093,MH-001,2025,21.134978,78.937794,174,93,0,1,0.6089576631032646
MH-001_2025_R175_C091,MH-001,2025,21.134709,78.937255,175,91,0,1,0.5558106929478246
MH-001_2025_R175_C092,MH-001,2025,21.134709,78.937524,175,92,0,1,0.641571008528556
MH-002_2021_R058_C161,MH-002,2021,19.609639,80.376356,58,161,0,0,0.3651152641836334
MH-002_2021_R059_C161,MH-002,2021,19.609369,80.376356,59,161,0,0,0.3582447521483403
MH-002_2021_R059_C162,MH-002,2021,19.609369,80.376625,59,162,0,0,0.3486204667412773
MH-002_2021_R060_C161,MH-002,2021,19.6091,80.376356,60,161,0,0,0.35217463029445023
MH-002_2021_R060_C162,MH-002,2021,19.6091,80.376625,60,162,0,0,0.4373654120878545
MH-002_2021_R060_C163,MH-002,2021,19.6091,80.376895,60,163,0,1,0.5426286914433222
MH-002_2021_R061_C162,MH-002,2021,19.60883,80.376625,61,162,0,0,0.3117835380339474
MH-002_2021_R061_C163,MH-002,2021,19.60883,80.376895,61,163,0,0,0.3573176204333817
MH-002_2021_R061_C164,MH-002,2021,19.60883,80.377164,61,164,0,0,0.4118809721253289
MH-002_2021_R062_C162,MH-002,2021,19.608561,80.376625,62,162,0,0,0.29375204105660424
MH-002_2021_R062_C163,MH-002,2021,19.608561,80.376895,62,163,0,0,0.3457558451045296
MH-002_2021_R062_C164,MH-002,2021,19.608561,80.377164,62,164,0,0,0.4009234676339324
MH-002_2021_R062_C165,MH-002,2021,19.608561,80.377434,62,165,0,1,0.5725409634487703
MH-002_2021_R063_C161,MH-002,2021,19.608291,80.376356,63,161,0,0,0.3010207369250879
MH-002_2021_R063_C162,MH-002,2021,19.608291,80.376625,63,162,0,0,0.31949749659652
MH-002_2021_R063_C163,MH-002,2021,19.608291,80.376895,63,163,0,0,0.4052814399434305
MH-002_2021_R063_C164,MH-002,2021,19.608291,80.377164,63,164,0,1,0.5157555624010235
MH-002_2021_R063_C165,MH-002,2021,19.608291,80.377434,63,165,0,0,0.43135776659574054
MH-002_2021_R063_C166,MH-002,2021,19.608291,80.377703,63,166,0,0,0.49440685315976307
MH-002_2021_R064_C161,MH-002,2021,19.608022,80.376356,64,161,0,0,0.4143340227860107
MH-002_2021_R064_C162,MH-002,2021,19.608022,80.376625,64,162,0,0,0.40827909166622794
MH-002_2021_R064_C163,MH-002,2021,19.608022,80.376895,64,163,0,0,0.4147631227196203
MH-002_2021_R064_C164,MH-002,2021,19.608022,80.377164,64,164,0,0,0.35819837647084635
MH-002_2021_R064_C165,MH-002,2021,19.608022,80.377434,64,165,0,0,0.4488167101269616
MH-002_2021_R064_C166,MH-002,2021,19.608022,80.377703,64,166,0,1,0.5622311853049761
MH-002_2021_R064_C167,MH-002,2021,19.608022,80.377973,64,167,0,1,0.5012923774538837
MH-002_2021_R065_C161,MH-002,2021,19.607752,80.376356,65,161,0,0,0.4061431004235823
MH-002_2021_R065_C162,MH-002,2021,19.607752,80.376625,65,162,0,0,0.4581294348915218
MH-002_2021_R065_C163,MH-002,2021,19.607752,80.376895,65,163,0,0,0.4195167596892432
MH-002_2021_R065_C164,MH-002,2021,19.607752,80.377164,65,164,0,0,0.44083742260154973
MH-002_2021_R065_C165,MH-002,2021,19.607752,80.377434,65,165,0,0,0.4610667240264652
MH-002_2021_R065_C166,MH-002,2021,19.607752,80.377703,65,166,0,1,0.5605639507089176
MH-002_2021_R065_C167,MH-002,2021,19.607752,80.377973,65,167,0,1,0.5321444850181293
MH-002_2021_R065_C168,MH-002,2021,19.607752,80.378242,65,168,0,0,0.4333202127987827
MH-002_2021_R066_C161,MH-002,2021,19.607483,80.376356,66,161,0,0,0.4085054944533773
MH-002_2021_R066_C162,MH-002,2021,19.607483,80.376625,66,162,0,0,0.45636669859796997
MH-002_2021_R066_C163,MH-002,2021,19.607483,80.376895,66,163,0,0,0.4405012822898739
MH-002_2021_R066_C164,MH-002,2021,19.607483,80.377164,66,164,0,0,0.47728622736827164
MH-002_2021_R066_C165,MH-002,2021,19.607483,80.377434,66,165,0,0,0.45198690097130845
MH-002_2021_R066_C166,MH-002,2021,19.607483,80.377703,66,166,0,0,0.46077315180602035
MH-002_2021_R066_C167,MH-002,2021,19.607483,80.377973,66,167,0,1,0.5089413381080474
MH-002_2021_R066_C168,MH-002,2021,19.607483,80.378242,66,168,0,1,0.5099493811204143
MH-002_2021_R066_C169,MH-002,2021,19.607483,80.378512,66,169,0,0,0.4907773678341022
MH-002_2021_R066_C170,MH-002,2021,19.607483,80.378781,66,170,0,0,0.4704620992485541
MH-002_2021_R067_C161,MH-002,2021,19.607213,80.376356,67,161,1,0,0.46518304942406624
MH-002_2021_R067_C162,MH-002,2021,19.607213,80.376625,67,162,0,0,0.37366685589732074
MH-002_2021_R067_C163,MH-002,2021,19.607213,80.376895,67,163,0,1,0.5060931573394655
MH-002_2021_R067_C164,MH-002,2021,19.607213,80.377164,67,164,0,1,0.5100936310211076
MH-002_2021_R067_C165,MH-002,2021,19.607213,80.377434,67,165,0,0,0.4469136009062492
MH-002_2021_R067_C166,MH-002,2021,19.607213,80.377703,67,166,0,0,0.4382428197879083
MH-002_2021_R067_C167,MH-002,2021,19.607213,80.377973,67,167,0,0,0.4672387746649618
MH-002_2021_R067_C168,MH-002,2021,19.607213,80.378242,67,168,0,0,0.460285662100309
MH-002_2021_R067_C169,MH-002,2021,19.607213,80.378512,67,169,0,0,0.4824952310404385
MH-002_2021_R067_C170,MH-002,2021,19.607213,80.378781,67,170,0,0,0.44419867992659257
MH-002_2021_R067_C171,MH-002,2021,19.607213,80.379051,67,171,0,0,0.4257502307996906
MH-002_2021_R067_C172,MH-002,2021,19.607213,80.37932,67,172,0,0,0.4749849154688334
MH-002_2021_R068_C161,MH-002,2021,19.606944,80.376356,68,161,0,0,0.4675317676652698
MH-002_2021_R068_C162,MH-002,2021,19.606944,80.376625,68,162,1,0,0.4551020853499585
MH-002_2021_R068_C163,MH-002,2021,19.606944,80.376895,68,163,1,0,0.3803682366165028
MH-002_2021_R068_C164,MH-002,2021,19.606944,80.377164,68,164,0,1,0.5276120427458072
MH-002_2021_R068_C165,MH-002,2021,19.606944,80.377434,68,165,0,0,0.4491411527266563
MH-002_2021_R068_C166,MH-002,2021,19.606944,80.377703,68,166,0,0,0.4675482114961132
MH-002_2021_R068_C167,MH-002,2021,19.606944,80.377973,68,167,0,0,0.4465692639151705
MH-002_2021_R068_C168,MH-002,2021,19.606944,80.378242,68,168,0,0,0.425442945071784
MH-002_2021_R068_C169,MH-002,2021,19.606944,80.378512,68,169,0,0,0.4897416247148947
MH-002_2021_R068_C170,MH-002,2021,19.606944,80.378781,68,170,0,0,0.4491069627174751
MH-002_2021_R068_C171,MH-002,2021,19.606944,80.379051,68,171,0,0,0.43654547534757526
MH-002_2021_R068_C172,MH-002,2021,19.606944,80.37932,68,172,0,0,0.4740457945902025
MH-002_2021_R068_C173,MH-002,2021,19.606944,80.37959,68,173,0,1,0.5253968333048603
MH-002_2021_R068_C174,MH-002,2021,19.606944,80.379859,68,174,0,1,0.5206475093873143
MH-002_2021_R069_C161,MH-002,2021,19.606674,80.376356,69,161,0,0,0.4908580632239219
MH-002_2021_R069_C162,MH-002,2021,19.606674,80.376625,69,162,1,0,0.43758173831890707
MH-002_2021_R069_C163,MH-002,2021,19.606674,80.376895,69,163,1,0,0.4866849171785646
MH-002_2021_R069_C164,MH-002,2021,19.606674,80.377164,69,164,0,0,0.46866899709266163
MH-002_2021_R069_C165,MH-002,2021,19.606674,80.377434,69,165,0,0,0.46242951125193765
MH-002_2021_R069_C166,MH-002,2021,19.606674,80.377703,69,166,0,0,0.4673637038899218
MH-002_2021_R069_C167,MH-002,2021,19.606674,80.377973,69,167,0,0,0.45942999584305544
MH-002_2021_R069_C168,MH-002,2021,19.606674,80.378242,69,168,0,0,0.3689587646233029
MH-002_2021_R069_C169,MH-002,2021,19.606674,80.378512,69,169,0,0,0.45255477254844595
MH-002_2021_R069_C170,MH-002,2021,19.606674,80.378781,69,170,0,0,0.4157322894986858
MH-002_2021_R069_C171,MH-002,2021,19.606674,80.379051,69,171,0,0,0.4717020814509505
MH-002_2021_R069_C172,MH-002,2021,19.606674,80.37932,69,172,0,0,0.4809547623284406
MH-002_2021_R069_C173,MH-002,2021,19.606674,80.37959,69,173,0,0,0.4927636884094529
MH-002_2021_R069_C174,MH-002,2021,19.606674,80.379859,69,174,0,0,0.4409067414618424
MH-002_2021_R069_C175,MH-002,2021,19.606674,80.380129,69,175,0,1,0.5395625282194808
MH-002_2021_R070_C161,MH-002,2021,19.606405,80.376356,70,161,1,0,0.4895629759299311
MH-002_2021_R070_C162,MH-002,2021,19.606405,80.376625,70,162,1,0,0.48982955742749523
MH-002_2021_R070_C163,MH-002,2021,19.606405,80.376895,70,163,1,0,0.48498288291927955
MH-002_2021_R070_C164,MH-002,2021,19.606405,80.377164,70,164,0,0,0.4272944045067273
MH-002_2021_R070_C165,MH-002,2021,19.606405,80.377434,70,165,0,0,0.46266651626851696
MH-002_2021_R070_C166,MH-002,2021,19.606405,80.377703,70,166,0,0,0.44775870933786366
MH-002_2021_R070_C167,MH-002,2021,19.606405,80.377973,70,167,0,0,0.4157121310575787
MH-002_2021_R070_C168,MH-002,2021,19.606405,80.378242,70,168,0,0,0.43669165058782206
MH-002_2021_R070_C169,MH-002,2021,19.606405,80.378512,70,169,0,0,0.4956030536295534
MH-002_2021_R070_C170,MH-002,2021,19.606405,80.378781,70,170,0,0,0.4665470269601023
MH-002_2021_R070_C171,MH-002,2021,19.606405,80.379051,70,171,0,1,0.5230214401160304
MH-002_2021_R070_C172,MH-002,2021,19.606405,80.37932,70,172,0,1,0.5464165933825311
MH-002_2021_R070_C173,MH-002,2021,19.606405,80.37959,70,173,0,1,0.5092039689323751
MH-002_2021_R070_C174,MH-002,2021,19.606405,80.379859,70,174,0,0,0.46654146096983723
MH-002_2021_R070_C175,MH-002,2021,19.606405,80.380129,70,175,0,0,0.4428692355689952
MH-002_2021_R071_C161,MH-002,2021,19.606135,80.376356,71,161,1,1,0.5056654620143273
MH-002_2021_R071_C162,MH-002,2021,19.606135,80.376625,71,162,1,1,0.562305878596725
MH-002_2021_R071_C163,MH-002,2021,19.606135,80.376895,71,163,1,1,0.5523513794921743
MH-002_2021_R071_C164,MH-002,2021,19.606135,80.377164,71,164,1,0,0.43258263521313456
MH-002_2021_R071_C165,MH-002,2021,19.606135,80.377434,71,165,0,1,0.5331345957240807
MH-002_2021_R071_C166,MH-002,2021,19.606135,80.377703,71,166,0,1,0.5020436253343298
MH-002_2021_R071_C167,MH-002,2021,19.606135,80.377973,71,167,0,1,0.5381154064429018
MH-002_2021_R071_C168,MH-002,2021,19.606135,80.378242,71,168,0,0,0.4507671159395739
MH-002_2021_R071_C169,MH-002,2021,19.606135,80.378512,71,169,0,1,0.5050950200677655
MH-002_2021_R071_C170,MH-002,2021,19.606135,80.378781,71,170,0,1,0.5160034307191168
MH-002_2021_R071_C171,MH-002,2021,19.606135,80.379051,71,171,0,0,0.40279645980129564
MH-002_2021_R071_C172,MH-002,2021,19.606135,80.37932,71,172,0,0,0.45476679736828235
MH-002_2021_R071_C173,MH-002,2021,19.606135,80.37959,71,173,0,0,0.4760729039127245
MH-002_2021_R071_C174,MH-002,2021,19.606135,80.379859,71,174,0,0,0.4210744499121206
MH-002_2021_R071_C175,MH-002,2021,19.606135,80.380129,71,175,0,0,0.4733594686827008
MH-002_2021_R072_C161,MH-002,2021,19.605866,80.376356,72,161,1,0,0.49438837632464966
MH-002_2021_R072_C162,MH-002,2021,19.605866,80.376625,72,162,1,1,0.5269241205591342
MH-002_2021_R072_C163,MH-002,2021,19.605866,80.376895,72,163,0,1,0.5244591796825295
MH-002_2021_R072_C164,MH-002,2021,19.605866,80.377164,72,164,0,1,0.5031842019883936
MH-002_2021_R072_C165,MH-002,2021,19.605866,80.377434,72,165,0,0,0.4709887295488334
MH-002_2021_R072_C166,MH-002,2021,19.605866,80.377703,72,166,0,0,0.4816032728185305
MH-002_2021_R072_C167,MH-002,2021,19.605866,80.377973,72,167,0,0,0.4834300553762516
MH-002_2021_R072_C168,MH-002,2021,19.605866,80.378242,72,168,0,0,0.4953376333955722
MH-002_2021_R072_C169,MH-002,2021,19.605866,80.378512,72,169,0,1,0.5093928230992785
MH-002_2021_R072_C170,MH-002,2021,19.605866,80.378781,72,170,0,0,0.45832786445942925
MH-002_2021_R072_C171,MH-002,2021,19.605866,80.379051,72,171,0,0,0.45307100969519454
MH-002_2021_R072_C172,MH-002,2021,19.605866,80.37932,72,172,0,0,0.4494314361311147
MH-002_2021_R072_C173,MH-002,2021,19.605866,80.37959,72,173,0,0,0.4715763595996084
MH-002_2021_R072_C174,MH-002,2021,19.605866,80.379859,72,174,0,0,0.4492499797906112
MH-002_2021_R072_C175,MH-002,2021,19.605866,80.380129,72,175,0,0,0.4194764824139239
MH-002_2021_R073_C161,MH-002,2021,19.605596,80.376356,73,161,1,0,0.41793847588295735
MH-002_2021_R073_C162,MH-002,2021,19.605596,80.376625,73,162,0,0,0.4809710936848087
MH-002_2021_R073_C163,MH-002,2021,19.605596,80.376895,73,163,0,1,0.5122085074639869
MH-002_2021_R073_C164,MH-002,2021,19.605596,80.377164,73,164,0,0,0.4535752063069582
MH-002_2021_R073_C165,MH-002,2021,19.605596,80.377434,73,165,0,0,0.47849990919820595
MH-002_2021_R073_C166,MH-002,2021,19.605596,80.377703,73,166,0,0,0.4118658530124155
MH-002_2021_R073_C167,MH-002,2021,19.605596,80.377973,73,167,0,0,0.42217927231132824
MH-002_2021_R073_C168,MH-002,2021,19.605596,80.378242,73,168,0,0,0.44075529187419693
MH-002_2021_R073_C169,MH-002,2021,19.605596,80.378512,73,169,0,0,0.46614366658972595
MH-002_2021_R073_C170,MH-002,2021,19.605596,80.378781,73,170,0,1,0.5002464900799339
MH-002_2021_R073_C171,MH-002,2021,19.605596,80.379051,73,171,0,0,0.47281469203453497
MH-002_2021_R073_C172,MH-002,2021,19.605596,80.37932,73,172,0,0,0.40834112704974745
MH-002_2021_R073_C173,MH-002,2021,19.605596,80.37959,73,173,0,0,0.44025228677916706
MH-002_2021_R073_C174,MH-002,2021,19.605596,80.379859,73,174,0,0,0.4538530832381689
MH-002_2021_R073_C175,MH-002,2021,19.605596,80.380129,73,175,0,0,0.47233863624697864
MH-002_2021_R074_C161,MH-002,2021,19.605327,80.376356,74,161,1,0,0.429177496743009
MH-002_2021_R074_C162,MH-002,2021,19.605327,80.376625,74,162,1,0,0.4859024602990555
MH-002_2021_R074_C163,MH-002,2021,19.605327,80.376895,74,163,0,1,0.507001531704873
MH-002_2021_R074_C164,MH-002,2021,19.605327,80.377164,74,164,1,1,0.5107748426409211
MH-002_2021_R074_C165,MH-002,2021,19.605327,80.377434,74,165,0,1,0.5036945981267955
MH-002_2021_R074_C166,MH-002,2021,19.605327,80.377703,74,166,0,0,0.4585574719204875
MH-002_2021_R074_C167,MH-002,2021,19.605327,80.377973,74,167,0,0,0.41303874402739027
MH-002_2021_R074_C168,MH-002,2021,19.605327,80.378242,74,168,0,0,0.38678834113839966
MH-002_2021_R074_C169,MH-002,2021,19.605327,80.378512,74,169,0,1,0.5519797542827074
MH-002_2021_R074_C170,MH-002,2021,19.605327,80.378781,74,170,0,1,0.5575888250628263
MH-002_2021_R074_C171,MH-002,2021,19.605327,80.379051,74,171,0,0,0.4773943381658866
MH-002_2021_R074_C172,MH-002,2021,19.605327,80.37932,74,172,0,1,0.5031180781616909
MH-002_2021_R074_C173,MH-002,2021,19.605327,80.37959,74,173,0,0,0.4182220934861835
MH-002_2021_R074_C174,MH-002,2021,19.605327,80.379859,74,174,0,0,0.49432765109301563
MH-002_2021_R074_C175,MH-002,2021,19.605327,80.380129,74,175,0,0,0.4762069214945614
MH-002_2021_R074_C176,MH-002,2021,19.605327,80.380398,74,176,0,0,0.39352100371601334
MH-002_2021_R075_C161,MH-002,2021,19.605057,80.376356,75,161,0,0,0.4372290128589558
MH-002_2021_R075_C162,MH-002,2021,19.605057,80.376625,75,162,0,0,0.498478223998375
MH-002_2021_R075_C163,MH-002,2021,19.605057,80.376895,75,163,0,0,0.4937657541401157
MH-002_2021_R075_C164,MH-002,2021,19.605057,80.377164,75,164,0,0,0.498491673570241
MH-002_2021_R075_C165,MH-002,2021,19.605057,80.377434,75,165,0,0,0.45349481891318194
MH-002_2021_R075_C166,MH-002,2021,19.605057,80.377703,75,166,0,0,0.4394550681386064
MH-002_2021_R075_C167,MH-002,2021,19.605057,80.377973,75,167,0,0,0.4808332577959975
MH-002_2021_R075_C168,MH-002,2021,19.605057,80.378242,75,168,0,0,0.4005749333311205
MH-002_2021_R075_C169,MH-002,2021,19.605057,80.378512,75,169,0,0,0.3361510361684368
MH-002_2021_R075_C170,MH-002,2021,19.605057,80.378781,75,170,0,0,0.4356778482275592
MH-002_2021_R075_C171,MH-002,2021,19.605057,80.379051,75,171,0,1,0.5634609012894323
MH-002_2021_R075_C172,MH-002,2021,19.605057,80.37932,75,172,0,0,0.45606069258422643
MH-002_2021_R075_C173,MH-002,2021,19.605057,80.37959,75,173,0,0,0.4501354349231541
MH-002_2021_R075_C174,MH-002,2021,19.605057,80.379859,75,174,0,0,0.4109083819472467
MH-002_2021_R075_C175,MH-002,2021,19.605057,80.380129,75,175,0,0,0.46193360613825774
MH-002_2021_R075_C176,MH-002,2021,19.605057,80.380398,75,176,0,0,0.27820650087091564
MH-002_2021_R076_C161,MH-002,2021,19.604788,80.376356,76,161,0,0,0.4001322162756952
MH-002_2021_R076_C162,MH-002,2021,19.604788,80.376625,76,162,0,0,0.4576491269030942
MH-002_2021_R076_C163,MH-002,2021,19.604788,80.376895,76,163,1,1,0.5144853742159229
MH-002_2021_R076_C164,MH-002,2021,19.604788,80.377164,76,164,0,0,0.479031181819444
MH-002_2021_R076_C165,MH-002,2021,19.604788,80.377434,76,165,0,1,0.5280172588326201
MH-002_2021_R076_C166,MH-002,2021,19.604788,80.377703,76,166,0,0,0.3434038807354094
MH-002_2021_R076_C167,MH-002,2021,19.604788,80.377973,76,167,0,0,0.277259695892581
MH-002_2021_R076_C170,MH-002,2021,19.604788,80.378781,76,170,0,0,0.37156716249786087
MH-002_2021_R076_C171,MH-002,2021,19.604788,80.379051,76,171,0,1,0.5456592303763018
MH-002_2021_R076_C172,MH-002,2021,19.604788,80.37932,76,172,0,1,0.5168855292274429
MH-002_2021_R076_C173,MH-002,2021,19.604788,80.37959,76,173,0,0,0.4426811617415751
MH-002_2021_R076_C174,MH-002,2021,19.604788,80.379859,76,174,0,0,0.44077677290429645
MH-002_2021_R076_C175,MH-002,2021,19.604788,80.380129,76,175,0,0,0.48817560690609035
MH-002_2021_R076_C176,MH-002,2021,19.604788,80.380398,76,176,0,0,0.3290020008629174
MH-002_2021_R077_C161,MH-002,2021,19.604518,80.376356,77,161,0,0,0.3738088881856762
MH-002_2021_R077_C162,MH-002,2021,19.604518,80.376625,77,162,1,0,0.4783399833838257
MH-002_2021_R077_C163,MH-002,2021,19.604518,80.376895,77,163,0,0,0.3930978566363301
MH-002_2021_R077_C164,MH-002,2021,19.604518,80.377164,77,164,0,0,0.43118565448416935
MH-002_2021_R077_C165,MH-002,2021,19.604518,80.377434,77,165,0,0,0.39564093910315284
MH-002_2021_R077_C166,MH-002,2021,19.604518,80.377703,77,166,0,0,0.3641795983243274
MH-002_2021_R077_C168,MH-002,2021,19.604518,80.378242,77,168,0,0,0.1865007452585138
MH-002_2021_R077_C170,MH-002,2021,19.604518,80.378781,77,170,0,0,0.3141334915490294
MH-002_2021_R077_C171,MH-002,2021,19.604518,80.379051,77,171,0,0,0.440447435535586
MH-002_2021_R077_C172,MH-002,2021,19.604518,80.37932,77,172,0,0,0.4176694172516169
MH-002_2021_R077_C173,MH-002,2021,19.604518,80.37959,77,173,0,0,0.4611273152876846
MH-002_2021_R077_C174,MH-002,2021,19.604518,80.379859,77,174,0,1,0.5210665467434334
MH-002_2021_R077_C175,MH-002,2021,19.604518,80.380129,77,175,0,0,0.3921244211400643
MH-002_2021_R077_C176,MH-002,2021,19.604518,80.380398,77,176,0,0,0.3268738377353487
MH-002_2021_R078_C161,MH-002,2021,19.604249,80.376356,78,161,0,0,0.47321934110211444
MH-002_2021_R078_C162,MH-002,2021,19.604249,80.376625,78,162,1,0,0.48687688470172286
MH-002_2021_R078_C163,MH-002,2021,19.604249,80.376895,78,163,1,0,0.43582461465951455
MH-002_2021_R078_C164,MH-002,2021,19.604249,80.377164,78,164,0,0,0.41423121295973586
MH-002_2021_R078_C165,MH-002,2021,19.604249,80.377434,78,165,0,0,0.3560734519750812
MH-002_2021_R078_C167,MH-002,2021,19.604249,80.377973,78,167,0,0,0.3539743038829191
MH-002_2021_R078_C168,MH-002,2021,19.604249,80.378242,78,168,0,0,0.24771693964392366
MH-002_2021_R078_C169,MH-002,2021,19.604249,80.378512,78,169,0,0,0.3003067414272401
MH-002_2021_R078_C171,MH-002,2021,19.604249,80.379051,78,171,0,0,0.36910063066180676
MH-002_2021_R078_C172,MH-002,2021,19.604249,80.37932,78,172,0,0,0.4243802845815646
MH-002_2021_R078_C173,MH-002,2021,19.604249,80.37959,78,173,0,0,0.43922758815911256
MH-002_2021_R078_C174,MH-002,2021,19.604249,80.379859,78,174,0,0,0.4926108414002065
MH-002_2021_R078_C175,MH-002,2021,19.604249,80.380129,78,175,0,1,0.504170030647478
MH-002_2021_R078_C176,MH-002,2021,19.604249,80.380398,78,176,0,0,0.31760161777848367
MH-002_2021_R079_C161,MH-002,2021,19.603979,80.376356,79,161,0,0,0.39911991808321445
MH-002_2021_R079_C162,MH-002,2021,19.603979,80.376625,79,162,0,0,0.46770080943820086
MH-002_2021_R079_C163,MH-002,2021,19.603979,80.376895,79,163,0,0,0.47802283029293946
MH-002_2021_R079_C164,MH-002,2021,19.603979,80.377164,79,164,0,0,0.33001053957314336
MH-002_2021_R079_C166,MH-002,2021,19.603979,80.377703,79,166,0,0,0.26814532264156393
MH-002_2021_R079_C167,MH-002,2021,19.603979,80.377973,79,167,0,0,0.36443818394534794
MH-002_2021_R079_C168,MH-002,2021,19.603979,80.378242,79,168,0,0,0.42250805023929117
MH-002_2021_R079_C169,MH-002,2021,19.603979,80.378512,79,169,0,0,0.22428541809664074
MH-002_2021_R079_C171,MH-002,2021,19.603979,80.379051,79,171,0,0,0.40630366707132626
MH-002_2021_R079_C172,MH-002,2021,19.603979,80.37932,79,172,0,0,0.4195939860106462
MH-002_2021_R079_C173,MH-002,2021,19.603979,80.37959,79,173,0,0,0.43476446699266036
MH-002_2021_R079_C174,MH-002,2021,19.603979,80.379859,79,174,0,0,0.4822112314600962
MH-002_2021_R079_C175,MH-002,2021,19.603979,80.380129,79,175,0,0,0.4837968402425774
MH-002_2021_R079_C176,MH-002,2021,19.603979,80.380398,79,176,0,0,0.33346738938486165
MH-002_2021_R080_C161,MH-002,2021,19.60371,80.376356,80,161,0,0,0.474771089132055
MH-002_2021_R080_C162,MH-002,2021,19.60371,80.376625,80,162,0,0,0.37415529139429177
MH-002_2021_R080_C163,MH-002,2021,19.60371,80.376895,80,163,1,0,0.48762200757145485
MH-002_2021_R080_C164,MH-002,2021,19.60371,80.377164,80,164,0,0,0.34475865229955993
MH-002_2021_R080_C166,MH-002,2021,19.60371,80.377703,80,166,0,0,0.23974839190876307
MH-002_2021_R080_C167,MH-002,2021,19.60371,80.377973,80,167,0,0,0.42371804389256107
MH-002_2021_R080_C168,MH-002,2021,19.60371,80.378242,80,168,0,0,0.4334181306389568
MH-002_2021_R080_C169,MH-002,2021,19.60371,80.378512,80,169,0,0,0.2693273438858249
MH-002_2021_R080_C171,MH-002,2021,19.60371,80.379051,80,171,0,0,0.38820992147089567
MH-002_2021_R080_C172,MH-002,2021,19.60371,80.37932,80,172,0,0,0.42817372760106576
MH-002_2021_R080_C173,MH-002,2021,19.60371,80.37959,80,173,0,0,0.4850509749824367
MH-002_2021_R080_C174,MH-002,2021,19.60371,80.379859,80,174,0,1,0.5408925203663518
MH-002_2021_R080_C175,MH-002,2021,19.60371,80.380129,80,175,0,0,0.448557808318291
MH-002_2021_R080_C176,MH-002,2021,19.60371,80.380398,80,176,0,0,0.3121428799644011
MH-002_2021_R081_C161,MH-002,2021,19.60344,80.376356,81,161,0,0,0.4680203922532164
MH-002_2021_R081_C162,MH-002,2021,19.60344,80.376625,81,162,0,0,0.38811166906964656
MH-002_2021_R081_C163,MH-002,2021,19.60344,80.376895,81,163,0,1,0.5141526345050572
MH-002_2021_R081_C164,MH-002,2021,19.60344,80.377164,81,164,1,0,0.4465281601095769
MH-002_2021_R081_C166,MH-002,2021,19.60344,80.377703,81,166,1,0,0.360554534084208
MH-002_2021_R081_C167,MH-002,2021,19.60344,80.377973,81,167,0,0,0.36967818953459464
MH-002_2021_R081_C168,MH-002,2021,19.60344,80.378242,81,168,0,0,0.40962797144841095
MH-002_2021_R081_C169,MH-002,2021,19.60344,80.378512,81,169,0,0,0.4200193510212583
MH-002_2021_R081_C171,MH-002,2021,19.60344,80.379051,81,171,0,0,0.4417704148308923
MH-002_2021_R081_C172,MH-002,2021,19.60344,80.37932,81,172,0,1,0.5129856682888242
MH-002_2021_R081_C173,MH-002,2021,19.60344,80.37959,81,173,0,1,0.5020098046908225
MH-002_2021_R081_C174,MH-002,2021,19.60344,80.379859,81,174,0,0,0.4936643598028525
MH-002_2021_R081_C175,MH-002,2021,19.60344,80.380129,81,175,0,0,0.4487573320831109
MH-002_2021_R081_C176,MH-002,2021,19.60344,80.380398,81,176,0,0,0.34229783192856006
MH-002_2021_R082_C161,MH-002,2021,19.603171,80.376356,82,161,0,0,0.4729362230242834
MH-002_2021_R082_C162,MH-002,2021,19.603171,80.376625,82,162,0,1,0.5326375514075506
MH-002_2021_R082_C163,MH-002,2021,19.603171,80.376895,82,163,0,0,0.4374831556259304
MH-002_2021_R082_C164,MH-002,2021,19.603171,80.377164,82,164,1,0,0.42430872664740776
MH-002_2021_R082_C166,MH-002,2021,19.603171,80.377703,82,166,1,0,0.25681019787236975
MH-002_2021_R082_C167,MH-002,2021,19.603171,80.377973,82,167,0,0,0.32712222472822805
MH-002_2021_R082_C168,MH-002,2021,19.603171,80.378242,82,168,0,0,0.4116203492481002
MH-002_2021_R082_C169,MH-002,2021,19.603171,80.378512,82,169,0,0,0.3298770719777078
MH-002_2021_R082_C171,MH-002,2021,19.603171,80.379051,82,171,0,0,0.4115465731246038
MH-002_2021_R082_C172,MH-002,2021,19.603171,80.37932,82,172,0,0,0.3887878472904665
MH-002_2021_R082_C173,MH-002,2021,19.603171,80.37959,82,173,0,0,0.37120373118474076
MH-002_2021_R082_C174,MH-002,2021,19.603171,80.379859,82,174,0,0,0.40641538863786236
MH-002_2021_R082_C175,MH-002,2021,19.603171,80.380129,82,175,0,0,0.4269474051604835
MH-002_2021_R082_C176,MH-002,2021,19.603171,80.380398,82,176,0,0,0.3648107570538047
MH-002_2021_R083_C161,MH-002,2021,19.602901,80.376356,83,161,0,0,0.41508532281031246
MH-002_2021_R083_C162,MH-002,2021,19.602901,80.376625,83,162,0,0,0.4981704107472678
MH-002_2021_R083_C163,MH-002,2021,19.602901,80.376895,83,163,0,0,0.4916420200143319
MH-002_2021_R083_C164,MH-002,2021,19.602901,80.377164,83,164,0,0,0.3656555901055341
MH-002_2021_R083_C166,MH-002,2021,19.602901,80.377703,83,166,0,0,0.28905170511600153
MH-002_2021_R083_C167,MH-002,2021,19.602901,80.377973,83,167,0,0,0.24418049024863328
MH-002_2021_R083_C169,MH-002,2021,19.602901,80.378512,83,169,0,0,0.2014956931267357
MH-002_2021_R083_C170,MH-002,2021,19.602901,80.378781,83,170,0,0,0.19307904404636675
MH-002_2021_R083_C171,MH-002,2021,19.602901,80.379051,83,171,0,0,0.1805225534220694
MH-002_2021_R083_C172,MH-002,2021,19.602901,80.37932,83,172,0,0,0.2996924045815164
MH-002_2021_R083_C173,MH-002,2021,19.602901,80.37959,83,173,0,0,0.29216995576372273
MH-002_2021_R083_C175,MH-002,2021,19.602901,80.380129,83,175,0,0,0.41981263399340535
MH-002_2021_R083_C176,MH-002,2021,19.602901,80.380398,83,176,0,0,0.48786731403122024
MH-002_2021_R083_C177,MH-002,2021,19.602901,80.380668,83,177,0,0,0.4475449407172588
MH-002_2021_R084_C161,MH-002,2021,19.602632,80.376356,84,161,0,0,0.36310221456350433
MH-002_2021_R084_C163,MH-002,2021,19.602632,80.376895,84,163,0,0,0.40413319158593264
MH-002_2021_R084_C165,MH-002,2021,19.602632,80.377434,84,165,0,0,0.27450038847760966
MH-002_2021_R084_C166,MH-002,2021,19.602632,80.377703,84,166,0,0,0.2483626304423393
MH-002_2021_R084_C167,MH-002,2021,19.602632,80.377973,84,167,1,0,0.30288704899063335
MH-002_2021_R084_C168,MH-002,2021,19.602632,80.378242,84,168,0,0,0.34002947917378684
MH-002_2021_R084_C170,MH-002,2021,19.602632,80.378781,84,170,0,0,0.16106829613415896
MH-002_2021_R084_C171,MH-002,2021,19.602632,80.379051,84,171,0,0,0.24862035936084573
MH-002_2021_R084_C172,MH-002,2021,19.602632,80.37932,84,172,0,0,0.3850746098679334
MH-002_2021_R084_C173,MH-002,2021,19.602632,80.37959,84,173,0,0,0.3703266914560045
MH-002_2021_R084_C174,MH-002,2021,19.602632,80.379859,84,174,0,0,0.20013350103108488
MH-002_2021_R084_C176,MH-002,2021,19.602632,80.380398,84,176,0,1,0.5174366754001396
MH-002_2021_R084_C177,MH-002,2021,19.602632,80.380668,84,177,0,0,0.4386420879659547
MH-002_2021_R085_C161,MH-002,2021,19.602362,80.376356,85,161,0,0,0.3199776544716936
MH-002_2021_R085_C162,MH-002,2021,19.602362,80.376625,85,162,0,0,0.34086166021603564
MH-002_2021_R085_C163,MH-002,2021,19.602362,80.376895,85,163,0,0,0.4624058451274659
MH-002_2021_R085_C164,MH-002,2021,19.602362,80.377164,85,164,0,0,0.37682772417862037
MH-002_2021_R085_C165,MH-002,2021,19.602362,80.377434,85,165,0,0,0.3179329165768518
MH-002_2021_R085_C166,MH-002,2021,19.602362,80.377703,85,166,0,0,0.4465917642350941
MH-002_2021_R085_C167,MH-002,2021,19.602362,80.377973,85,167,0,0,0.4375567444387562
MH-002_2021_R085_C171,MH-002,2021,19.602362,80.379051,85,171,0,0,0.24841283114655738
MH-002_2021_R085_C172,MH-002,2021,19.602362,80.37932,85,172,0,0,0.2381677880139257
MH-002_2021_R085_C173,MH-002,2021,19.602362,80.37959,85,173,0,0,0.23909221385698223
MH-002_2021_R085_C174,MH-002,2021,19.602362,80.379859,85,174,0,0,0.3020324020093761
MH-002_2021_R085_C176,MH-002,2021,19.602362,80.380398,85,176,0,0,0.4156413437273056
MH-002_2021_R085_C177,MH-002,2021,19.602362,80.380668,85,177,0,0,0.4630053420770516
MH-002_2021_R086_C161,MH-002,2021,19.602093,80.376356,86,161,0,0,0.3871637790910821
MH-002_2021_R086_C162,MH-002,2021,19.602093,80.376625,86,162,0,0,0.23177092379300138
MH-002_2021_R086_C163,MH-002,2021,19.602093,80.376895,86,163,0,0,0.31930603675296476
MH-002_2021_R086_C172,MH-002,2021,19.602093,80.37932,86,172,0,0,0.1369073178997275
MH-002_2021_R086_C173,MH-002,2021,19.602093,80.37959,86,173,0,0,0.22899962913900784
MH-002_2021_R086_C174,MH-002,2021,19.602093,80.379859,86,174,0,0,0.27261992454475414
MH-002_2021_R086_C175,MH-002,2021,19.602093,80.380129,86,175,0,0,0.31873631504032235
MH-002_2021_R086_C176,MH-002,2021,19.602093,80.380398,86,176,0,0,0.2579728312306311
MH-002_2021_R086_C177,MH-002,2021,19.602093,80.380668,86,177,0,0,0.4190030973990994
MH-002_2021_R087_C170,MH-002,2021,19.601823,80.378781,87,170,0,0,0.15423731953988495
MH-002_2021_R087_C171,MH-002,2021,19.601823,80.379051,87,171,0,0,0.23145887764989892
MH-002_2021_R087_C172,MH-002,2021,19.601823,80.37932,87,172,0,0,0.2688800967589751
MH-002_2021_R087_C173,MH-002,2021,19.601823,80.37959,87,173,0,0,0.3766563212550557
MH-002_2021_R087_C174,MH-002,2021,19.601823,80.379859,87,174,0,0,0.3009784299868699
MH-002_2021_R087_C176,MH-002,2021,19.601823,80.380398,87,176,0,0,0.3329297239538734
MH-002_2021_R087_C177,MH-002,2021,19.601823,80.380668,87,177,0,0,0.4938493321446286
MH-002_2021_R088_C171,MH-002,2021,19.601554,80.379051,88,171,0,0,0.375219267363498
MH-002_2021_R088_C172,MH-002,2021,19.601554,80.37932,88,172,0,0,0.2053625004675587
MH-002_2021_R088_C173,MH-002,2021,19.601554,80.37959,88,173,0,0,0.2795783406655536
MH-002_2021_R088_C174,MH-002,2021,19.601554,80.379859,88,174,0,0,0.319753547520174
MH-002_2021_R088_C176,MH-002,2021,19.601554,80.380398,88,176,0,0,0.3903402333860842
MH-002_2021_R088_C177,MH-002,2021,19.601554,80.380668,88,177,0,0,0.4552862101022757
MH-002_2021_R088_C178,MH-002,2021,19.601554,80.380937,88,178,0,1,0.5059026783042917
MH-002_2021_R089_C161,MH-002,2021,19.601284,80.376356,89,161,0,0,0.4260718576216367
MH-002_2021_R089_C165,MH-002,2021,19.601284,80.377434,89,165,0,0,0.4166828671444643
MH-002_2021_R089_C166,MH-002,2021,19.601284,80.377703,89,166,0,0,0.4997426293005469
MH-002_2021_R089_C167,MH-002,2021,19.601284,80.377973,89,167,0,0,0.46825353153934535
MH-002_2021_R089_C168,MH-002,2021,19.601284,80.378242,89,168,1,0,0.4604380372320303
MH-002_2021_R089_C172,MH-002,2021,19.601284,80.37932,89,172,0,0,0.34438852351126775
MH-002_2021_R089_C173,MH-002,2021,19.601284,80.37959,89,173,0,0,0.30741928345419106
MH-002_2021_R089_C175,MH-002,2021,19.601284,80.380129,89,175,0,0,0.3425903053653466
MH-002_2021_R089_C176,MH-002,2021,19.601284,80.380398,89,176,0,0,0.39866297879105345
MH-002_2021_R089_C177,MH-002,2021,19.601284,80.380668,89,177,0,0,0.4858053943314836
MH-002_2021_R089_C178,MH-002,2021,19.601284,80.380937,89,178,0,0,0.41720438469738885
MH-002_2021_R089_C179,MH-002,2021,19.601284,80.381207,89,179,0,0,0.19324689983464732
MH-002_2021_R089_C180,MH-002,2021,19.601284,80.381476,89,180,0,0,0.24611986718326664
MH-002_2021_R090_C161,MH-002,2021,19.601015,80.376356,90,161,0,1,0.515329548352022
MH-002_2021_R090_C162,MH-002,2021,19.601015,80.376625,90,162,0,0,0.40719857875278087
MH-002_2021_R090_C163,MH-002,2021,19.601015,80.376895,90,163,0,0,0.3710891015084189
MH-002_2021_R090_C165,MH-002,2021,19.601015,80.377434,90,165,0,0,0.4314191563622229
MH-002_2021_R090_C166,MH-002,2021,19.601015,80.377703,90,166,0,0,0.4736060462361274
MH-002_2021_R090_C167,MH-002,2021,19.601015,80.377973,90,167,0,0,0.4513188373042126
MH-002_2021_R090_C168,MH-002,2021,19.601015,80.378242,90,168,0,0,0.40263703533159567
MH-002_2021_R090_C169,MH-002,2021,19.601015,80.378512,90,169,0,0,0.40921378280646914
MH-002_2021_R090_C170,MH-002,2021,19.601015,80.378781,90,170,0,0,0.33951238982644627
MH-002_2021_R090_C172,MH-002,2021,19.601015,80.37932,90,172,0,0,0.34490067538333563
MH-002_2021_R090_C173,MH-002,2021,19.601015,80.37959,90,173,0,0,0.26845586978984476
MH-002_2021_R090_C174,MH-002,2021,19.601015,80.379859,90,174,0,0,0.2919072689335286
MH-002_2021_R090_C175,MH-002,2021,19.601015,80.380129,90,175,0,0,0.40210278139819555
MH-002_2021_R090_C176,MH-002,2021,19.601015,80.380398,90,176,0,0,0.3449367677640965
MH-002_2021_R090_C177,MH-002,2021,19.601015,80.380668,90,177,0,0,0.4514196088621873
MH-002_2021_R090_C178,MH-002,2021,19.601015,80.380937,90,178,0,0,0.32939725826999305
MH-002_2021_R090_C179,MH-002,2021,19.601015,80.381207,90,179,0,0,0.252754203365076
MH-002_2021_R090_C180,MH-002,2021,19.601015,80.381476,90,180,0,0,0.25573182742245737
MH-002_2021_R090_C181,MH-002,2021,19.601015,80.381746,90,181,0,0,0.47406280230566805
MH-002_2021_R090_C182,MH-002,2021,19.601015,80.382015,90,182,0,0,0.4478108288393736
MH-002_2021_R091_C161,MH-002,2021,19.600745,80.376356,91,161,0,0,0.44785064786585116
MH-002_2021_R091_C162,MH-002,2021,19.600745,80.376625,91,162,0,0,0.49518772979108244
MH-002_2021_R091_C163,MH-002,2021,19.600745,80.376895,91,163,0,1,0.5026490476708765
MH-002_2021_R091_C164,MH-002,2021,19.600745,80.377164,91,164,0,0,0.490179648147932
MH-002_2021_R091_C165,MH-002,2021,19.600745,80.377434,91,165,0,0,0.4871117506984717
MH-002_2021_R091_C166,MH-002,2021,19.600745,80.377703,91,166,0,0,0.45803690238107037
MH-002_2021_R091_C167,MH-002,2021,19.600745,80.377973,91,167,0,0,0.47945350776778217
MH-002_2021_R091_C168,MH-002,2021,19.600745,80.378242,91,168,0,0,0.478019259037151
MH-002_2021_R091_C169,MH-002,2021,19.600745,80.378512,91,169,0,0,0.3860449759680855
MH-002_2021_R091_C170,MH-002,2021,19.600745,80.378781,91,170,0,0,0.44950323561897115
MH-002_2021_R091_C171,MH-002,2021,19.600745,80.379051,91,171,1,0,0.3442366721345818
MH-002_2021_R091_C173,MH-002,2021,19.600745,80.37959,91,173,0,0,0.43224723431054374
MH-002_2021_R091_C174,MH-002,2021,19.600745,80.379859,91,174,0,1,0.5012893629585938
MH-002_2021_R091_C175,MH-002,2021,19.600745,80.380129,91,175,0,0,0.4289373388757919
MH-002_2021_R091_C176,MH-002,2021,19.600745,80.380398,91,176,0,0,0.4546761912296116
MH-002_2021_R091_C177,MH-002,2021,19.600745,80.380668,91,177,0,0,0.38249656160735546
MH-002_2021_R091_C180,MH-002,2021,19.600745,80.381476,91,180,0,0,0.1820117024941647
MH-002_2021_R091_C181,MH-002,2021,19.600745,80.381746,91,181,0,0,0.4856985905705717
MH-002_2021_R091_C182,MH-002,2021,19.600745,80.382015,91,182,0,0,0.4956978457724413
MH-002_2021_R092_C161,MH-002,2021,19.600476,80.376356,92,161,0,0,0.4752742056581313
MH-002_2021_R092_C162,MH-002,2021,19.600476,80.376625,92,162,0,1,0.5219077350703945
MH-002_2021_R092_C163,MH-002,2021,19.600476,80.376895,92,163,0,1,0.5106463520131909
MH-002_2021_R092_C164,MH-002,2021,19.600476,80.377164,92,164,0,0,0.3917251154449684
MH-002_2021_R092_C165,MH-002,2021,19.600476,80.377434,92,165,0,0,0.316439614841371
MH-002_2021_R092_C166,MH-002,2021,19.600476,80.377703,92,166,0,0,0.4772923723690758
MH-002_2021_R092_C167,MH-002,2021,19.600476,80.377973,92,167,1,1,0.5112215910949031
MH-002_2021_R092_C168,MH-002,2021,19.600476,80.378242,92,168,0,0,0.4336738786818921
MH-002_2021_R092_C169,MH-002,2021,19.600476,80.378512,92,169,0,0,0.35672432220658407
MH-002_2021_R092_C170,MH-002,2021,19.600476,80.378781,92,170,0,0,0.3364321989819817
MH-002_2021_R092_C171,MH-002,2021,19.600476,80.379051,92,171,0,0,0.39144941106607184
MH-002_2021_R092_C172,MH-002,2021,19.600476,80.37932,92,172,0,0,0.41151022024912076
MH-002_2021_R092_C173,MH-002,2021,19.600476,80.37959,92,173,0,0,0.460694852570477
MH-002_2021_R092_C174,MH-002,2021,19.600476,80.379859,92,174,0,0,0.46359324338561003
MH-002_2021_R092_C175,MH-002,2021,19.600476,80.380129,92,175,0,0,0.40114813151743317
MH-002_2021_R092_C176,MH-002,2021,19.600476,80.380398,92,176,0,0,0.22761544646259935
MH-002_2021_R092_C178,MH-002,2021,19.600476,80.380937,92,178,0,0,0.3104515989369147
MH-002_2021_R092_C179,MH-002,2021,19.600476,80.381207,92,179,0,0,0.33828299749036045
MH-002_2021_R092_C181,MH-002,2021,19.600476,80.381746,92,181,0,0,0.44471982750281774
MH-002_2021_R092_C182,MH-002,2021,19.600476,80.382015,92,182,0,0,0.4781053683468548
MH-002_2021_R093_C161,MH-002,2021,19.600206,80.376356,93,161,0,0,0.49281183286929275
MH-002_2021_R093_C162,MH-002,2021,19.600206,80.376625,93,162,0,0,0.46324638445674726
MH-002_2021_R093_C163,MH-002,2021,19.600206,80.376895,93,163,0,0,0.4839240758922062
MH-002_2021_R093_C164,MH-002,2021,19.600206,80.377164,93,164,0,0,0.45399265296256064
MH-002_2021_R093_C165,MH-002,2021,19.600206,80.377434,93,165,1,0,0.3957411243039474
MH-002_2021_R093_C166,MH-002,2021,19.600206,80.377703,93,166,0,0,0.48255523882651713
MH-002_2021_R093_C167,MH-002,2021,19.600206,80.377973,93,167,0,0,0.4812657559284926
MH-002_2021_R093_C168,MH-002,2021,19.600206,80.378242,93,168,0,0,0.4587558786164736
MH-002_2021_R093_C169,MH-002,2021,19.600206,80.378512,93,169,0,0,0.3995133571657417
MH-002_2021_R093_C170,MH-002,2021,19.600206,80.378781,93,170,0,0,0.4022716942692143
MH-002_2021_R093_C171,MH-002,2021,19.600206,80.379051,93,171,0,0,0.4092745507822632
MH-002_2021_R093_C172,MH-002,2021,19.600206,80.37932,93,172,0,0,0.34457446597234026
MH-002_2021_R093_C173,MH-002,2021,19.600206,80.37959,93,173,0,0,0.384233532751494
MH-002_2021_R093_C174,MH-002,2021,19.600206,80.379859,93,174,0,0,0.46361956086514317
MH-002_2021_R093_C175,MH-002,2021,19.600206,80.380129,93,175,0,0,0.31306388674735736
MH-002_2021_R093_C177,MH-002,2021,19.600206,80.380668,93,177,0,0,0.3161484527491566
MH-002_2021_R093_C178,MH-002,2021,19.600206,80.380937,93,178,0,0,0.3199926651450423
MH-002_2021_R093_C179,MH-002,2021,19.600206,80.381207,93,179,0,0,0.27730454107976366
MH-002_2021_R093_C180,MH-002,2021,19.600206,80.381476,93,180,0,0,0.2507107337286302
MH-002_2021_R093_C181,MH-002,2021,19.600206,80.381746,93,181,0,0,0.3404553718827696
MH-002_2021_R093_C182,MH-002,2021,19.600206,80.382015,93,182,0,0,0.47880399880784524
MH-002_2021_R094_C161,MH-002,2021,19.599937,80.376356,94,161,0,0,0.47012641161892266
MH-002_2021_R094_C162,MH-002,2021,19.599937,80.376625,94,162,0,0,0.4890668089670871
MH-002_2021_R094_C163,MH-002,2021,19.599937,80.376895,94,163,0,0,0.4402618605511994
MH-002_2021_R094_C164,MH-002,2021,19.599937,80.377164,94,164,0,0,0.4276246147399607
MH-002_2021_R094_C165,MH-002,2021,19.599937,80.377434,94,165,0,0,0.45523411127167607
MH-002_2021_R094_C166,MH-002,2021,19.599937,80.377703,94,166,0,1,0.509997411201481
MH-002_2021_R094_C167,MH-002,2021,19.599937,80.377973,94,167,0,1,0.5145902625982269
MH-002_2021_R094_C168,MH-002,2021,19.599937,80.378242,94,168,0,0,0.4542922984234808
MH-002_2021_R094_C169,MH-002,2021,19.599937,80.378512,94,169,0,0,0.4163916090864448
MH-002_2021_R094_C170,MH-002,2021,19.599937,80.378781,94,170,0,0,0.4002374156631757
MH-002_2021_R094_C171,MH-002,2021,19.599937,80.379051,94,171,0,0,0.40295885895582256
MH-002_2021_R094_C172,MH-002,2021,19.599937,80.37932,94,172,0,0,0.4094191489515672
MH-002_2021_R094_C173,MH-002,2021,19.599937,80.37959,94,173,0,0,0.41719997982686025
MH-002_2021_R094_C174,MH-002,2021,19.599937,80.379859,94,174,0,0,0.48029147643221615
MH-002_2021_R094_C175,MH-002,2021,19.599937,80.380129,94,175,0,0,0.39306969072753517
MH-002_2021_R094_C177,MH-002,2021,19.599937,80.380668,94,177,0,0,0.23560315329143394
MH-002_2021_R094_C178,MH-002,2021,19.599937,80.380937,94,178,0,0,0.22157854942790914
MH-002_2021_R094_C179,MH-002,2021,19.599937,80.381207,94,179,0,0,0.27400705847831086
MH-002_2021_R094_C180,MH-002,2021,19.599937,80.381476,94,180,0,0,0.2543235473684307
MH-002_2021_R094_C182,MH-002,2021,19.599937,80.382015,94,182,0,0,0.3954851942974948
MH-002_2021_R095_C161,MH-002,2021,19.599667,80.376356,95,161,0,0,0.45117673572764855
MH-002_2021_R095_C162,MH-002,2021,19.599667,80.376625,95,162,0,0,0.452320280861562
MH-002_2021_R095_C163,MH-002,2021,19.599667,80.376895,95,163,0,0,0.4915745966700599
MH-002_2021_R095_C164,MH-002,2021,19.599667,80.377164,95,164,0,0,0.4943458112675612
MH-002_2021_R095_C165,MH-002,2021,19.599667,80.377434,95,165,0,0,0.4761698904756558
MH-002_2021_R095_C166,MH-002,2021,19.599667,80.377703,95,166,0,1,0.5256170601330904
MH-002_2021_R095_C167,MH-002,2021,19.599667,80.377973,95,167,0,0,0.4932196404770024
MH-002_2021_R095_C168,MH-002,2021,19.599667,80.378242,95,168,0,0,0.4038665513105054
MH-002_2021_R095_C169,MH-002,2021,19.599667,80.378512,95,169,0,0,0.4979460593234315
MH-002_2021_R095_C170,MH-002,2021,19.599667,80.378781,95,170,0,0,0.45116331497655426
MH-002_2021_R095_C171,MH-002,2021,19.599667,80.379051,95,171,0,0,0.4296208836297156
MH-002_2021_R095_C172,MH-002,2021,19.599667,80.37932,95,172,0,0,0.4766999915966741
MH-002_2021_R095_C173,MH-002,2021,19.599667,80.37959,95,173,0,0,0.4593621676085285
MH-002_2021_R095_C174,MH-002,2021,19.599667,80.379859,95,174,0,0,0.4821491726658489
MH-002_2021_R095_C175,MH-002,2021,19.599667,80.380129,95,175,0,0,0.45097677394251834
MH-002_2021_R095_C176,MH-002,2021,19.599667,80.380398,95,176,0,0,0.29748569873113995
MH-002_2021_R095_C177,MH-002,2021,19.599667,80.380668,95,177,0,0,0.3005238662536016
MH-002_2021_R095_C178,MH-002,2021,19.599667,80.380937,95,178,0,0,0.23741320898904875
MH-002_2021_R095_C179,MH-002,2021,19.599667,80.381207,95,179,0,0,0.22188272522768918
MH-002_2021_R095_C180,MH-002,2021,19.599667,80.381476,95,180,0,0,0.2571995204003416
MH-002_2021_R095_C181,MH-002,2021,19.599667,80.381746,95,181,0,0,0.29405015279857205
MH-002_2021_R096_C161,MH-002,2021,19.599398,80.376356,96,161,0,0,0.41278392683408177
MH-002_2021_R096_C162,MH-002,2021,19.599398,80.376625,96,162,0,0,0.29057158355564044
MH-002_2021_R096_C163,MH-002,2021,19.599398,80.376895,96,163,0,0,0.4555919949532992
MH-002_2021_R096_C164,MH-002,2021,19.599398,80.377164,96,164,0,0,0.4353468828665814
MH-002_2021_R096_C165,MH-002,2021,19.599398,80.377434,96,165,0,0,0.48809464766117155
MH-002_2021_R096_C166,MH-002,2021,19.599398,80.377703,96,166,0,0,0.3990111835164394
MH-002_2021_R096_C167,MH-002,2021,19.599398,80.377973,96,167,0,0,0.46173474501197415
MH-002_2021_R096_C168,MH-002,2021,19.599398,80.378242,96,168,0,0,0.43230412912455907
MH-002_2021_R096_C169,MH-002,2021,19.599398,80.378512,96,169,0,0,0.41858139128203153
MH-002_2021_R096_C170,MH-002,2021,19.599398,80.378781,96,170,0,0,0.47166218414549593
MH-002_2021_R096_C171,MH-002,2021,19.599398,80.379051,96,171,0,0,0.4267677489948713
MH-002_2021_R096_C172,MH-002,2021,19.599398,80.37932,96,172,0,1,0.5204841131614304
MH-002_2021_R096_C173,MH-002,2021,19.599398,80.37959,96,173,0,0,0.4654996530682474
MH-002_2021_R096_C174,MH-002,2021,19.599398,80.379859,96,174,0,0,0.3982273410650972
MH-002_2021_R096_C175,MH-002,2021,19.599398,80.380129,96,175,0,0,0.4274363829524457
MH-002_2021_R096_C176,MH-002,2021,19.599398,80.380398,96,176,0,0,0.3985071116762848
MH-002_2021_R096_C177,MH-002,2021,19.599398,80.380668,96,177,0,0,0.32743139345631506
MH-002_2021_R096_C179,MH-002,2021,19.599398,80.381207,96,179,0,0,0.1710885395373844
MH-002_2021_R096_C180,MH-002,2021,19.599398,80.381476,96,180,0,0,0.19226396434872844
MH-002_2021_R096_C181,MH-002,2021,19.599398,80.381746,96,181,0,0,0.3516583115134088
MH-002_2021_R097_C161,MH-002,2021,19.599128,80.376356,97,161,0,0,0.3908830115167465
MH-002_2021_R097_C162,MH-002,2021,19.599128,80.376625,97,162,0,0,0.47752984236184187
MH-002_2021_R097_C163,MH-002,2021,19.599128,80.376895,97,163,0,0,0.42115006307427494
MH-002_2021_R097_C164,MH-002,2021,19.599128,80.377164,97,164,0,0,0.37719290154728335
MH-002_2021_R097_C165,MH-002,2021,19.599128,80.377434,97,165,0,0,0.3839880671960639
MH-002_2021_R097_C166,MH-002,2021,19.599128,80.377703,97,166,0,1,0.5026398840219537
MH-002_2021_R097_C167,MH-002,2021,19.599128,80.377973,97,167,0,1,0.5061200220607558
MH-002_2021_R097_C168,MH-002,2021,19.599128,80.378242,97,168,0,0,0.44593136560845414
MH-002_2021_R097_C169,MH-002,2021,19.599128,80.378512,97,169,0,0,0.43939637285358224
MH-002_2021_R097_C170,MH-002,2021,19.599128,80.378781,97,170,0,0,0.4576005931343143
MH-002_2021_R097_C171,MH-002,2021,19.599128,80.379051,97,171,0,0,0.4869604584495009
MH-002_2021_R097_C172,MH-002,2021,19.599128,80.37932,97,172,0,0,0.4164799555388276
MH-002_2021_R097_C173,MH-002,2021,19.599128,80.37959,97,173,0,0,0.42218857922023867
MH-002_2021_R097_C174,MH-002,2021,19.599128,80.379859,97,174,0,0,0.44085187449946633
MH-002_2021_R097_C175,MH-002,2021,19.599128,80.380129,97,175,0,0,0.3907990360974157
MH-002_2021_R097_C176,MH-002,2021,19.599128,80.380398,97,176,0,0,0.38266718007777034
MH-002_2021_R097_C177,MH-002,2021,19.599128,80.380668,97,177,0,0,0.31494642109977594
MH-002_2021_R097_C178,MH-002,2021,19.599128,80.380937,97,178,0,0,0.3027156811899491
MH-002_2021_R097_C180,MH-002,2021,19.599128,80.381476,97,180,0,0,0.10931043441597624
MH-002_2021_R097_C181,MH-002,2021,19.599128,80.381746,97,181,0,0,0.3163140574394053
MH-002_2021_R098_C161,MH-002,2021,19.598859,80.376356,98,161,0,0,0.44671816016564325
MH-002_2021_R098_C162,MH-002,2021,19.598859,80.376625,98,162,0,0,0.23641704856382925
MH-002_2021_R098_C163,MH-002,2021,19.598859,80.376895,98,163,0,0,0.42956665722081655
MH-002_2021_R098_C164,MH-002,2021,19.598859,80.377164,98,164,0,0,0.46810882050451497
MH-002_2021_R098_C165,MH-002,2021,19.598859,80.377434,98,165,0,0,0.36842654806560177
MH-002_2021_R098_C166,MH-002,2021,19.598859,80.377703,98,166,1,1,0.5260448809002268
MH-002_2021_R098_C167,MH-002,2021,19.598859,80.377973,98,167,0,0,0.45040442397237107
MH-002_2021_R098_C168,MH-002,2021,19.598859,80.378242,98,168,0,1,0.5107035521523651
MH-002_2021_R098_C169,MH-002,2021,19.598859,80.378512,98,169,0,0,0.4490122130361541
MH-002_2021_R098_C170,MH-002,2021,19.598859,80.378781,98,170,0,0,0.4043485844481453
MH-002_2021_R098_C171,MH-002,2021,19.598859,80.379051,98,171,0,0,0.40936209377006627
MH-002_2021_R098_C172,MH-002,2021,19.598859,80.37932,98,172,0,0,0.41233108120498374
MH-002_2021_R098_C173,MH-002,2021,19.598859,80.37959,98,173,0,0,0.4948963751674484
MH-002_2021_R098_C174,MH-002,2021,19.598859,80.379859,98,174,0,0,0.44369379041561063
MH-002_2021_R098_C175,MH-002,2021,19.598859,80.380129,98,175,0,0,0.47323614388487334
MH-002_2021_R098_C176,MH-002,2021,19.598859,80.380398,98,176,0,0,0.33084107571839694
MH-002_2021_R098_C177,MH-002,2021,19.598859,80.380668,98,177,0,0,0.3268178709078371
MH-002_2021_R098_C178,MH-002,2021,19.598859,80.380937,98,178,0,0,0.34458481076339764
MH-002_2021_R098_C179,MH-002,2021,19.598859,80.381207,98,179,0,0,0.25993491412291864
MH-002_2021_R098_C182,MH-002,2021,19.598859,80.382015,98,182,0,0,0.3375955108276591
MH-002_2021_R099_C161,MH-002,2021,19.598589,80.376356,99,161,0,1,0.5037333565183018
MH-002_2021_R099_C162,MH-002,2021,19.598589,80.376625,99,162,0,0,0.3941281217715716
MH-002_2021_R099_C163,MH-002,2021,19.598589,80.376895,99,163,0,0,0.38835395340766293
MH-002_2021_R099_C164,MH-002,2021,19.598589,80.377164,99,164,1,0,0.4732832841453477
MH-002_2021_R099_C165,MH-002,2021,19.598589,80.377434,99,165,0,0,0.4469953028888846
MH-002_2021_R099_C166,MH-002,2021,19.598589,80.377703,99,166,1,0,0.49066857096444505
MH-002_2021_R099_C167,MH-002,2021,19.598589,80.377973,99,167,1,0,0.4092322101064553
MH-002_2021_R099_C168,MH-002,2021,19.598589,80.378242,99,168,1,0,0.4810931297889531
MH-002_2021_R099_C169,MH-002,2021,19.598589,80.378512,99,169,0,0,0.3800144029756369
MH-002_2021_R099_C170,MH-002,2021,19.598589,80.378781,99,170,0,0,0.4345077236121465
MH-002_2021_R099_C171,MH-002,2021,19.598589,80.379051,99,171,0,0,0.44787520697107785
MH-002_2021_R099_C172,MH-002,2021,19.598589,80.37932,99,172,0,0,0.41416949944259407
MH-002_2021_R099_C173,MH-002,2021,19.598589,80.37959,99,173,0,0,0.48486986407613536
MH-002_2021_R099_C174,MH-002,2021,19.598589,80.379859,99,174,0,0,0.45822511797662513
MH-002_2021_R099_C175,MH-002,2021,19.598589,80.380129,99,175,0,0,0.3705171648764319
MH-002_2021_R099_C176,MH-002,2021,19.598589,80.380398,99,176,0,0,0.39527779150271863
MH-002_2021_R099_C177,MH-002,2021,19.598589,80.380668,99,177,0,0,0.44927285412473744
MH-002_2021_R099_C178,MH-002,2021,19.598589,80.380937,99,178,0,0,0.41927183594854184
MH-002_2021_R099_C179,MH-002,2021,19.598589,80.381207,99,179,0,0,0.3007952429661138
MH-002_2021_R099_C180,MH-002,2021,19.598589,80.381476,99,180,0,0,0.3410046783579031
MH-002_2021_R099_C181,MH-002,2021,19.598589,80.381746,99,181,0,0,0.14737363340495532
MH-002_2021_R099_C182,MH-002,2021,19.598589,80.382015,99,182,0,0,0.11815823081964545
MH-002_2021_R100_C161,MH-002,2021,19.59832,80.376356,100,161,0,0,0.4796246058892319
MH-002_2021_R100_C162,MH-002,2021,19.59832,80.376625,100,162,0,0,0.4433394445315738
MH-002_2021_R100_C163,MH-002,2021,19.59832,80.376895,100,163,0,0,0.43852760881704816
MH-002_2021_R100_C164,MH-002,2021,19.59832,80.377164,100,164,0,0,0.40626427732635534
MH-002_2021_R100_C165,MH-002,2021,19.59832,80.377434,100,165,0,0,0.38694292535683084
MH-002_2021_R100_C166,MH-002,2021,19.59832,80.377703,100,166,1,0,0.40606317381515306
MH-002_2021_R100_C167,MH-002,2021,19.59832,80.377973,100,167,1,1,0.5021952685738384
MH-002_2021_R100_C168,MH-002,2021,19.59832,80.378242,100,168,1,1,0.5135439698522822
MH-002_2021_R100_C169,MH-002,2021,19.59832,80.378512,100,169,0,0,0.4156984797923703
MH-002_2021_R100_C170,MH-002,2021,19.59832,80.378781,100,170,0,0,0.4437554500572435
MH-002_2021_R100_C171,MH-002,2021,19.59832,80.379051,100,171,0,0,0.4088189983298919
MH-002_2021_R100_C172,MH-002,2021,19.59832,80.37932,100,172,0,0,0.3637743363524136
MH-002_2021_R100_C173,MH-002,2021,19.59832,80.37959,100,173,0,0,0.3800230492041948
MH-002_2021_R100_C174,MH-002,2021,19.59832,80.379859,100,174,0,0,0.4789263312334269
MH-002_2021_R100_C175,MH-002,2021,19.59832,80.380129,100,175,0,0,0.38165145063566963
MH-002_2021_R100_C176,MH-002,2021,19.59832,80.380398,100,176,0,0,0.4196482439879548
MH-002_2021_R100_C177,MH-002,2021,19.59832,80.380668,100,177,0,0,0.4914618328714847
MH-002_2021_R100_C178,MH-002,2021,19.59832,80.380937,100,178,0,0,0.4853706073723261
MH-002_2021_R100_C179,MH-002,2021,19.59832,80.381207,100,179,0,0,0.4368541678378467
MH-002_2021_R100_C180,MH-002,2021,19.59832,80.381476,100,180,0,0,0.39438252562606024
MH-002_2021_R100_C181,MH-002,2021,19.59832,80.381746,100,181,0,0,0.3341642014276258
MH-002_2021_R101_C161,MH-002,2021,19.59805,80.376356,101,161,0,0,0.49935337936369417
MH-002_2021_R101_C162,MH-002,2021,19.59805,80.376625,101,162,0,0,0.4516618829061015
MH-002_2021_R101_C163,MH-002,2021,19.59805,80.376895,101,163,0,0,0.4980360090828896
MH-002_2021_R101_C164,MH-002,2021,19.59805,80.377164,101,164,1,0,0.48688227591236727
MH-002_2021_R101_C165,MH-002,2021,19.59805,80.377434,101,165,1,0,0.4358948331567549
MH-002_2021_R101_C166,MH-002,2021,19.59805,80.377703,101,166,1,0,0.45274234785673423
MH-002_2021_R101_C167,MH-002,2021,19.59805,80.377973,101,167,0,1,0.5061367702749587
MH-002_2021_R101_C168,MH-002,2021,19.59805,80.378242,101,168,0,0,0.46707205811383495
MH-002_2021_R101_C169,MH-002,2021,19.59805,80.378512,101,169,0,0,0.47860990336368986
MH-002_2021_R101_C170,MH-002,2021,19.59805,80.378781,101,170,0,0,0.3839914011782542
MH-002_2021_R101_C171,MH-002,2021,19.59805,80.379051,101,171,0,0,0.4746762761658706
MH-002_2021_R101_C172,MH-002,2021,19.59805,80.37932,101,172,0,0,0.42188728350292665
MH-002_2021_R101_C173,MH-002,2021,19.59805,80.37959,101,173,0,0,0.4180692777300227
MH-002_2021_R101_C174,MH-002,2021,19.59805,80.379859,101,174,0,0,0.47004433244013566
MH-002_2021_R101_C175,MH-002,2021,19.59805,80.380129,101,175,0,0,0.4958660222143363
MH-002_2021_R101_C176,MH-002,2021,19.59805,80.380398,101,176,0,0,0.40908138173462727
MH-002_2021_R101_C177,MH-002,2021,19.59805,80.380668,101,177,0,0,0.4494829207332923
MH-002_2021_R101_C178,MH-002,2021,19.59805,80.380937,101,178,0,1,0.50082190311999
MH-002_2021_R101_C179,MH-002,2021,19.59805,80.381207,101,179,0,0,0.47134157733168663
MH-002_2021_R101_C180,MH-002,2021,19.59805,80.381476,101,180,0,0,0.42338362182824146
MH-002_2021_R101_C181,MH-002,2021,19.59805,80.381746,101,181,0,0,0.4368606177922574
MH-002_2021_R102_C161,MH-002,2021,19.597781,80.376356,102,161,0,0,0.4659146817995788
MH-002_2021_R102_C162,MH-002,2021,19.597781,80.376625,102,162,0,0,0.37943506735452903
MH-002_2021_R102_C163,MH-002,2021,19.597781,80.376895,102,163,1,0,0.4103939263109225
MH-002_2021_R102_C164,MH-002,2021,19.597781,80.377164,102,164,1,0,0.48704365734486194
MH-002_2021_R102_C165,MH-002,2021,19.597781,80.377434,102,165,1,1,0.5092698406019809
MH-002_2021_R102_C166,MH-002,2021,19.597781,80.377703,102,166,0,0,0.46586678322315306
MH-002_2021_R102_C167,MH-002,2021,19.597781,80.377973,102,167,0,0,0.4945319206616456
MH-002_2021_R102_C168,MH-002,2021,19.597781,80.378242,102,168,0,0,0.4546280009205641
MH-002_2021_R102_C169,MH-002,2021,19.597781,80.378512,102,169,1,0,0.4633490269242683
MH-002_2021_R102_C170,MH-002,2021,19.597781,80.378781,102,170,1,0,0.43807877708113824
MH-002_2021_R102_C171,MH-002,2021,19.597781,80.379051,102,171,1,0,0.490867815434482
MH-002_2021_R102_C172,MH-002,2021,19.597781,80.37932,102,172,0,0,0.4424872459660738
MH-002_2021_R102_C173,MH-002,2021,19.597781,80.37959,102,173,0,0,0.434964028659969
MH-002_2021_R102_C174,MH-002,2021,19.597781,80.379859,102,174,0,0,0.48748012097420634
MH-002_2021_R102_C175,MH-002,2021,19.597781,80.380129,102,175,0,0,0.49236643138321035
MH-002_2021_R102_C176,MH-002,2021,19.597781,80.380398,102,176,0,0,0.4012375147088307
MH-002_2021_R102_C177,MH-002,2021,19.597781,80.380668,102,177,0,0,0.4297261471520747
MH-002_2021_R102_C178,MH-002,2021,19.597781,80.380937,102,178,0,1,0.5374176913491556
MH-002_2021_R102_C179,MH-002,2021,19.597781,80.381207,102,179,0,0,0.47798429091415506
MH-002_2021_R102_C180,MH-002,2021,19.597781,80.381476,102,180,0,0,0.4792084734944037
MH-002_2021_R102_C181,MH-002,2021,19.597781,80.381746,102,181,0,0,0.45552843320553343
MH-002_2021_R103_C161,MH-002,2021,19.597511,80.376356,103,161,0,0,0.4999932478482601
MH-002_2021_R103_C162,MH-002,2021,19.597511,80.376625,103,162,0,0,0.4336600221801119
MH-002_2021_R103_C163,MH-002,2021,19.597511,80.376895,103,163,0,0,0.35308432925078137
MH-002_2021_R103_C164,MH-002,2021,19.597511,80.377164,103,164,1,0,0.47679218838130016
MH-002_2021_R103_C165,MH-002,2021,19.597511,80.377434,103,165,0,1,0.5018304303380762
MH-002_2021_R103_C166,MH-002,2021,19.597511,80.377703,103,166,0,0,0.45415988826974973
MH-002_2021_R103_C167,MH-002,2021,19.597511,80.377973,103,167,0,0,0.4736906789171962
MH-002_2021_R103_C168,MH-002,2021,19.597511,80.378242,103,168,0,1,0.5177927149295976
MH-002_2021_R103_C169,MH-002,2021,19.597511,80.378512,103,169,1,0,0.46897668480778765
MH-002_2021_R103_C170,MH-002,2021,19.597511,80.378781,103,170,1,0,0.3995055720394368
MH-002_2021_R103_C171,MH-002,2021,19.597511,80.379051,103,171,0,0,0.43938255902138124
MH-002_2021_R103_C172,MH-002,2021,19.597511,80.37932,103,172,0,0,0.4421185636981669
MH-002_2021_R103_C173,MH-002,2021,19.597511,80.37959,103,173,0,0,0.47299588213045296
MH-002_2021_R103_C174,MH-002,2021,19.597511,80.379859,103,174,0,0,0.43666179171100855
MH-002_2021_R103_C175,MH-002,2021,19.597511,80.380129,103,175,0,0,0.48467162696490307
MH-002_2021_R103_C176,MH-002,2021,19.597511,80.380398,103,176,0,0,0.39005413597462035
MH-002_2021_R103_C177,MH-002,2021,19.597511,80.380668,103,177,0,1,0.5132558559573018
MH-002_2021_R103_C178,MH-002,2021,19.597511,80.380937,103,178,0,0,0.36833944224143267
MH-002_2021_R103_C179,MH-002,2021,19.597511,80.381207,103,179,0,0,0.3901034303780335
MH-002_2021_R103_C180,MH-002,2021,19.597511,80.381476,103,180,0,0,0.43729899669741445
MH-002_2021_R104_C161,MH-002,2021,19.597242,80.376356,104,161,0,0,0.4930188344262844
MH-002_2021_R104_C162,MH-002,2021,19.597242,80.376625,104,162,0,1,0.5199988060152883
MH-002_2021_R104_C163,MH-002,2021,19.597242,80.376895,104,163,0,1,0.5421062123837402
MH-002_2021_R104_C164,MH-002,2021,19.597242,80.377164,104,164,1,0,0.46596777703724973
MH-002_2021_R104_C165,MH-002,2021,19.597242,80.377434,104,165,1,0,0.4385483646444676
MH-002_2021_R104_C166,MH-002,2021,19.597242,80.377703,104,166,0,0,0.49741913158404794
MH-002_2021_R104_C167,MH-002,2021,19.597242,80.377973,104,167,0,0,0.496699684072556
MH-002_2021_R104_C168,MH-002,2021,19.597242,80.378242,104,168,0,0,0.43068606925153075
MH-002_2021_R104_C169,MH-002,2021,19.597242,80.378512,104,169,0,0,0.4384959790558168
MH-002_2021_R104_C170,MH-002,2021,19.597242,80.378781,104,170,0,0,0.46676001302559605
MH-002_2021_R104_C171,MH-002,2021,19.597242,80.379051,104,171,0,1,0.52951546192309
MH-002_2021_R104_C172,MH-002,2021,19.597242,80.37932,104,172,0,0,0.47587276256730676
MH-002_2021_R104_C173,MH-002,2021,19.597242,80.37959,104,173,0,0,0.3984241844139481
MH-002_2021_R104_C174,MH-002,2021,19.597242,80.379859,104,174,0,1,0.5072329444753881
MH-002_2021_R104_C175,MH-002,2021,19.597242,80.380129,104,175,0,0,0.490554019627998
MH-002_2021_R104_C176,MH-002,2021,19.597242,80.380398,104,176,0,1,0.5130205204838388
MH-002_2021_R104_C177,MH-002,2021,19.597242,80.380668,104,177,0,0,0.49528229902519744
MH-002_2021_R104_C178,MH-002,2021,19.597242,80.380937,104,178,0,1,0.5177943525698989
MH-002_2021_R104_C179,MH-002,2021,19.597242,80.381207,104,179,0,0,0.420638207738904
MH-002_2021_R104_C180,MH-002,2021,19.597242,80.381476,104,180,0,0,0.3909606932442899
MH-002_2021_R105_C161,MH-002,2021,19.596973,80.376356,105,161,0,0,0.44710404859187464
MH-002_2021_R105_C162,MH-002,2021,19.596973,80.376625,105,162,0,0,0.45188019215997044
MH-002_2021_R105_C163,MH-002,2021,19.596973,80.376895,105,163,0,1,0.5019955064035946
MH-002_2021_R105_C164,MH-002,2021,19.596973,80.377164,105,164,1,0,0.46613730240764234
MH-002_2021_R105_C165,MH-002,2021,19.596973,80.377434,105,165,1,0,0.42829010698461395
MH-002_2021_R105_C166,MH-002,2021,19.596973,80.377703,105,166,0,1,0.5057815674178566
MH-002_2021_R105_C167,MH-002,2021,19.596973,80.377973,105,167,0,1,0.5094859092081819
MH-002_2021_R105_C168,MH-002,2021,19.596973,80.378242,105,168,0,0,0.4975234974616999
MH-002_2021_R105_C169,MH-002,2021,19.596973,80.378512,105,169,0,0,0.4571619769057549
MH-002_2021_R105_C170,MH-002,2021,19.596973,80.378781,105,170,0,0,0.4974477484615377
MH-002_2021_R105_C171,MH-002,2021,19.596973,80.379051,105,171,0,0,0.4935800481820892
MH-002_2021_R105_C172,MH-002,2021,19.596973,80.37932,105,172,0,0,0.487595910911551
MH-002_2021_R105_C173,MH-002,2021,19.596973,80.37959,105,173,0,0,0.4832127970051014
MH-002_2021_R105_C174,MH-002,2021,19.596973,80.379859,105,174,0,0,0.44337490762058057
MH-002_2021_R105_C175,MH-002,2021,19.596973,80.380129,105,175,0,1,0.531274540217226
MH-002_2021_R105_C176,MH-002,2021,19.596973,80.380398,105,176,0,0,0.4686873582144647
MH-002_2021_R105_C177,MH-002,2021,19.596973,80.380668,105,177,0,0,0.3510093274687499
MH-002_2021_R105_C178,MH-002,2021,19.596973,80.380937,105,178,0,0,0.44895437182602455
MH-002_2021_R105_C179,MH-002,2021,19.596973,80.381207,105,179,0,1,0.5004307081970158
MH-002_2021_R106_C161,MH-002,2021,19.596703,80.376356,106,161,0,0,0.4781802809969835
MH-002_2021_R106_C162,MH-002,2021,19.596703,80.376625,106,162,0,0,0.4906261613532228
MH-002_2021_R106_C163,MH-002,2021,19.596703,80.376895,106,163,0,0,0.4884410112839123
MH-002_2021_R106_C164,MH-002,2021,19.596703,80.377164,106,164,0,1,0.5136833140631542
MH-002_2021_R106_C165,MH-002,2021,19.596703,80.377434,106,165,1,0,0.4492323332878643
MH-002_2021_R106_C166,MH-002,2021,19.596703,80.377703,106,166,0,0,0.48907415631883705
MH-002_2021_R106_C167,MH-002,2021,19.596703,80.377973,106,167,0,0,0.39687021758146546
MH-002_2021_R106_C168,MH-002,2021,19.596703,80.378242,106,168,0,0,0.42510254784986173
MH-002_2021_R106_C169,MH-002,2021,19.596703,80.378512,106,169,0,0,0.46560123727560315
MH-002_2021_R106_C170,MH-002,2021,19.596703,80.378781,106,170,0,0,0.4952554606902573
MH-002_2021_R106_C171,MH-002,2021,19.596703,80.379051,106,171,0,1,0.5311191833782366
MH-002_2021_R106_C172,MH-002,2021,19.596703,80.37932,106,172,0,1,0.5156546708610061
MH-002_2021_R106_C173,MH-002,2021,19.596703,80.37959,106,173,0,1,0.5616485964948748
MH-002_2021_R106_C174,MH-002,2021,19.596703,80.379859,106,174,0,0,0.47263899096940265
MH-002_2021_R106_C175,MH-002,2021,19.596703,80.380129,106,175,0,0,0.47937635814206464
MH-002_2021_R106_C176,MH-002,2021,19.596703,80.380398,106,176,0,0,0.387035554755577
MH-002_2021_R106_C177,MH-002,2021,19.596703,80.380668,106,177,0,1,0.5167010685588789
MH-002_2021_R106_C178,MH-002,2021,19.596703,80.380937,106,178,0,0,0.45373382340021257
MH-002_2021_R106_C179,MH-002,2021,19.596703,80.381207,106,179,0,1,0.504286945125297
MH-002_2021_R107_C161,MH-002,2021,19.596434,80.376356,107,161,1,1,0.5005941373668574
MH-002_2021_R107_C162,MH-002,2021,19.596434,80.376625,107,162,1,0,0.4765318084448396
MH-002_2021_R107_C163,MH-002,2021,19.596434,80.376895,107,163,1,0,0.48680292072973236
MH-002_2021_R107_C164,MH-002,2021,19.596434,80.377164,107,164,0,0,0.4654178851755943
MH-002_2021_R107_C165,MH-002,2021,19.596434,80.377434,107,165,0,0,0.4906910181264528
MH-002_2021_R107_C166,MH-002,2021,19.596434,80.377703,107,166,0,0,0.437583626773263
MH-002_2021_R107_C167,MH-002,2021,19.596434,80.377973,107,167,0,0,0.48747004754104023
MH-002_2021_R107_C168,MH-002,2021,19.596434,80.378242,107,168,0,0,0.44230898725072576
MH-002_2021_R107_C169,MH-002,2021,19.596434,80.378512,107,169,0,1,0.5132013075698209
MH-002_2021_R107_C170,MH-002,2021,19.596434,80.378781,107,170,0,1,0.5317219942572051
MH-002_2021_R107_C171,MH-002,2021,19.596434,80.379051,107,171,0,1,0.5825812922771559
MH-002_2021_R107_C172,MH-002,2021,19.596434,80.37932,107,172,0,1,0.589501813836948
MH-002_2021_R107_C173,MH-002,2021,19.596434,80.37959,107,173,0,1,0.5142604668478779
MH-002_2021_R107_C174,MH-002,2021,19.596434,80.379859,107,174,0,0,0.4775372639376995
MH-002_2021_R107_C175,MH-002,2021,19.596434,80.380129,107,175,0,0,0.472731260913622
MH-002_2021_R107_C176,MH-002,2021,19.596434,80.380398,107,176,0,0,0.47346517299347934
MH-002_2021_R107_C177,MH-002,2021,19.596434,80.380668,107,177,0,0,0.49687511272991974
MH-002_2021_R107_C178,MH-002,2021,19.596434,80.380937,107,178,0,1,0.5407349752588081
MH-002_2021_R108_C161,MH-002,2021,19.596164,80.376356,108,161,1,1,0.5321250261339172
MH-002_2021_R108_C162,MH-002,2021,19.596164,80.376625,108,162,1,1,0.5199201919404707
MH-002_2021_R108_C163,MH-002,2021,19.596164,80.376895,108,163,0,1,0.5144632705126831
MH-002_2021_R108_C164,MH-002,2021,19.596164,80.377164,108,164,0,0,0.4712047364305294
MH-002_2021_R108_C165,MH-002,2021,19.596164,80.377434,108,165,1,0,0.3933348067309492
MH-002_2021_R108_C166,MH-002,2021,19.596164,80.377703,108,166,1,0,0.25060395643090366
MH-002_2021_R108_C167,MH-002,2021,19.596164,80.377973,108,167,0,1,0.5882872289959357
MH-002_2021_R108_C168,MH-002,2021,19.596164,80.378242,108,168,0,1,0.5279339090235433
MH-002_2021_R108_C169,MH-002,2021,19.596164,80.378512,108,169,0,0,0.475196372907317
MH-002_2021_R108_C170,MH-002,2021,19.596164,80.378781,108,170,0,0,0.4684120780115267
MH-002_2021_R108_C171,MH-002,2021,19.596164,80.379051,108,171,0,1,0.5656880521697746
MH-002_2021_R108_C172,MH-002,2021,19.596164,80.37932,108,172,0,1,0.5304428776826848
MH-002_2021_R108_C173,MH-002,2021,19.596164,80.37959,108,173,0,1,0.501952532902341
MH-002_2021_R108_C174,MH-002,2021,19.596164,80.379859,108,174,0,1,0.5282008825615626
MH-002_2021_R108_C175,MH-002,2021,19.596164,80.380129,108,175,0,1,0.5472765998968782
MH-002_2021_R108_C176,MH-002,2021,19.596164,80.380398,108,176,0,1,0.542775816924824
MH-002_2021_R108_C177,MH-002,2021,19.596164,80.380668,108,177,0,1,0.5334239676014387
MH-002_2021_R108_C178,MH-002,2021,19.596164,80.380937,108,178,0,0,0.4990233976554494
MH-002_2022_R058_C161,MH-002,2022,19.609639,80.376356,58,161,0,0,0.42954089789825267
MH-002_2022_R059_C161,MH-002,2022,19.609369,80.376356,59,161,0,0,0.49254160860705654
MH-002_2022_R059_C162,MH-002,2022,19.609369,80.376625,59,162,0,0,0.45083740416663387
MH-002_2022_R060_C161,MH-002,2022,19.6091,80.376356,60,161,0,1,0.5290556089222157
MH-002_2022_R060_C162,MH-002,2022,19.6091,80.376625,60,162,0,0,0.4893007407658195
MH-002_2022_R060_C163,MH-002,2022,19.6091,80.376895,60,163,0,0,0.47620463808349944
MH-002_2022_R061_C161,MH-002,2022,19.60883,80.376356,61,161,0,0,0.41522310796459794
MH-002_2022_R061_C162,MH-002,2022,19.60883,80.376625,61,162,0,0,0.43942239428173685
MH-002_2022_R061_C163,MH-002,2022,19.60883,80.376895,61,163,0,0,0.42790803252418175
MH-002_2022_R061_C164,MH-002,2022,19.60883,80.377164,61,164,0,0,0.48612003142378196
MH-002_2022_R062_C161,MH-002,2022,19.608561,80.376356,62,161,0,0,0.43850466703962954
MH-002_2022_R062_C162,MH-002,2022,19.608561,80.376625,62,162,0,0,0.43406041943285134
MH-002_2022_R062_C163,MH-002,2022,19.608561,80.376895,62,163,0,0,0.3970917522034494
MH-002_2022_R062_C164,MH-002,2022,19.608561,80.377164,62,164,0,0,0.4636282219884086
MH-002_2022_R062_C165,MH-002,2022,19.608561,80.377434,62,165,0,1,0.582419121247831
MH-002_2022_R063_C161,MH-002,2022,19.608291,80.376356,63,161,0,0,0.4271573133710118
MH-002_2022_R063_C162,MH-002,2022,19.608291,80.376625,63,162,0,0,0.4433894576954163
MH-002_2022_R063_C163,MH-002,2022,19.608291,80.376895,63,163,0,0,0.4994022927116571
MH-002_2022_R063_C164,MH-002,2022,19.608291,80.377164,63,164,0,1,0.526364959547233
MH-002_2022_R063_C165,MH-002,2022,19.608291,80.377434,63,165,0,1,0.5326482011143727
MH-002_2022_R063_C166,MH-002,2022,19.608291,80.377703,63,166,0,1,0.594102324986098
MH-002_2022_R064_C161,MH-002,2022,19.608022,80.376356,64,161,0,1,0.5415110466952852
MH-002_2022_R064_C162,MH-002,2022,19.608022,80.376625,64,162,0,1,0.5060936244907165
MH-002_2022_R064_C163,MH-002,2022,19.608022,80.376895,64,163,0,1,0.5205513495507543
MH-002_2022_R064_C164,MH-002,2022,19.608022,80.377164,64,164,0,0,0.4979977887688127
MH-002_2022_R064_C165,MH-002,2022,19.608022,80.377434,64,165,0,1,0.5201201680538533
MH-002_2022_R064_C166,MH-002,2022,19.608022,80.377703,64,166,0,1,0.5802828006124202
MH-002_2022_R064_C167,MH-002,2022,19.608022,80.377973,64,167,0,1,0.538124046633061
MH-002_2022_R065_C161,MH-002,2022,19.607752,80.376356,65,161,0,1,0.5070435828401243
MH-002_2022_R065_C162,MH-002,2022,19.607752,80.376625,65,162,0,1,0.5668868332648689
MH-002_2022_R065_C163,MH-002,2022,19.607752,80.376895,65,163,0,1,0.5686278266371343
MH-002_2022_R065_C164,MH-002,2022,19.607752,80.377164,65,164,0,1,0.5628988791370176
MH-002_2022_R065_C165,MH-002,2022,19.607752,80.377434,65,165,0,1,0.5478941096577118
MH-002_2022_R065_C166,MH-002,2022,19.607752,80.377703,65,166,0,1,0.5603931409738022
MH-002_2022_R065_C167,MH-002,2022,19.607752,80.377973,65,167,0,1,0.5027400107321126
MH-002_2022_R065_C168,MH-002,2022,19.607752,80.378242,65,168,0,0,0.4576109457008118
MH-002_2022_R066_C161,MH-002,2022,19.607483,80.376356,66,161,0,0,0.4916459770579779
MH-002_2022_R066_C162,MH-002,2022,19.607483,80.376625,66,162,0,1,0.5138684736255504
MH-002_2022_R066_C163,MH-002,2022,19.607483,80.376895,66,163,0,1,0.5157877998227003
MH-002_2022_R066_C164,MH-002,2022,19.607483,80.377164,66,164,0,1,0.5861485466861491
MH-002_2022_R066_C165,MH-002,2022,19.607483,80.377434,66,165,0,1,0.5201031120098547
MH-002_2022_R066_C166,MH-002,2022,19.607483,80.377703,66,166,0,1,0.5575121237839108
MH-002_2022_R066_C167,MH-002,2022,19.607483,80.377973,66,167,0,1,0.5189595028404355
MH-002_2022_R066_C168,MH-002,2022,19.607483,80.378242,66,168,0,1,0.5579991388194816
MH-002_2022_R066_C169,MH-002,2022,19.607483,80.378512,66,169,0,1,0.5093421430833216
MH-002_2022_R066_C170,MH-002,2022,19.607483,80.378781,66,170,0,0,0.43705366347893004
MH-002_2022_R067_C161,MH-002,2022,19.607213,80.376356,67,161,1,0,0.4546513529085981
MH-002_2022_R067_C162,MH-002,2022,19.607213,80.376625,67,162,0,0,0.46616357860565455
MH-002_2022_R067_C163,MH-002,2022,19.607213,80.376895,67,163,0,1,0.5416626940158985
MH-002_2022_R067_C164,MH-002,2022,19.607213,80.377164,67,164,0,1,0.5029226519362773
MH-002_2022_R067_C165,MH-002,2022,19.607213,80.377434,67,165,0,0,0.47801818105696064
MH-002_2022_R067_C166,MH-002,2022,19.607213,80.377703,67,166,0,0,0.46610130380612713
MH-002_2022_R067_C167,MH-002,2022,19.607213,80.377973,67,167,0,1,0.5644788465895595
MH-002_2022_R067_C168,MH-002,2022,19.607213,80.378242,67,168,0,1,0.5004238753641777
MH-002_2022_R067_C169,MH-002,2022,19.607213,80.378512,67,169,0,0,0.4868565342287664
MH-002_2022_R067_C170,MH-002,2022,19.607213,80.378781,67,170,0,1,0.5085652825089294
MH-002_2022_R067_C171,MH-002,2022,19.607213,80.379051,67,171,0,1,0.5886957649688798
MH-002_2022_R067_C172,MH-002,2022,19.607213,80.37932,67,172,0,1,0.6125909823336281
MH-002_2022_R068_C161,MH-002,2022,19.606944,80.376356,68,161,0,1,0.5081924737729876
MH-002_2022_R068_C162,MH-002,2022,19.606944,80.376625,68,162,1,0,0.4791079475561831
MH-002_2022_R068_C163,MH-002,2022,19.606944,80.376895,68,163,1,0,0.470058271387427
MH-002_2022_R068_C164,MH-002,2022,19.606944,80.377164,68,164,0,1,0.5361533287041861
MH-002_2022_R068_C165,MH-002,2022,19.606944,80.377434,68,165,0,0,0.4790259751882365
MH-002_2022_R068_C166,MH-002,2022,19.606944,80.377703,68,166,0,0,0.4727712038333448
MH-002_2022_R068_C167,MH-002,2022,19.606944,80.377973,68,167,0,1,0.5062914697619894
MH-002_2022_R068_C168,MH-002,2022,19.606944,80.378242,68,168,0,0,0.4412352371011335
MH-002_2022_R068_C169,MH-002,2022,19.606944,80.378512,68,169,0,1,0.5287278080545024
MH-002_2022_R068_C170,MH-002,2022,19.606944,80.378781,68,170,0,0,0.49120776416418205
MH-002_2022_R068_C171,MH-002,2022,19.606944,80.379051,68,171,0,1,0.5698012230254202
MH-002_2022_R068_C172,MH-002,2022,19.606944,80.37932,68,172,0,1,0.6016966195608717
MH-002_2022_R068_C173,MH-002,2022,19.606944,80.37959,68,173,0,1,0.590373549726551
MH-002_2022_R068_C174,MH-002,2022,19.606944,80.379859,68,174,0,1,0.5853111991391635
MH-002_2022_R069_C161,MH-002,2022,19.606674,80.376356,69,161,0,1,0.5221608552882152
MH-002_2022_R069_C162,MH-002,2022,19.606674,80.376625,69,162,1,1,0.5286121714437773
MH-002_2022_R069_C163,MH-002,2022,19.606674,80.376895,69,163,1,0,0.48075954724152564
MH-002_2022_R069_C164,MH-002,2022,19.606674,80.377164,69,164,0,0,0.46395247823687746
MH-002_2022_R069_C165,MH-002,2022,19.606674,80.377434,69,165,0,0,0.45571757364469867
MH-002_2022_R069_C166,MH-002,2022,19.606674,80.377703,69,166,0,1,0.5572029463661877
MH-002_2022_R069_C167,MH-002,2022,19.606674,80.377973,69,167,0,1,0.5120871561198359
MH-002_2022_R069_C168,MH-002,2022,19.606674,80.378242,69,168,0,0,0.4250512190007514
MH-002_2022_R069_C169,MH-002,2022,19.606674,80.378512,69,169,0,1,0.5239934422649231
MH-002_2022_R069_C170,MH-002,2022,19.606674,80.378781,69,170,0,1,0.534314861899157
MH-002_2022_R069_C171,MH-002,2022,19.606674,80.379051,69,171,0,1,0.5584099130491081
MH-002_2022_R069_C172,MH-002,2022,19.606674,80.37932,69,172,0,1,0.5595408720229618
MH-002_2022_R069_C173,MH-002,2022,19.606674,80.37959,69,173,0,1,0.551977544850147
MH-002_2022_R069_C174,MH-002,2022,19.606674,80.379859,69,174,0,1,0.5440321760766279
MH-002_2022_R069_C175,MH-002,2022,19.606674,80.380129,69,175,0,1,0.5398563308286454
MH-002_2022_R070_C161,MH-002,2022,19.606405,80.376356,70,161,1,1,0.5125023855220727
MH-002_2022_R070_C162,MH-002,2022,19.606405,80.376625,70,162,1,0,0.49988608630597625
MH-002_2022_R070_C163,MH-002,2022,19.606405,80.376895,70,163,1,0,0.4816849448974932
MH-002_2022_R070_C164,MH-002,2022,19.606405,80.377164,70,164,0,0,0.47545823629275763
MH-002_2022_R070_C165,MH-002,2022,19.606405,80.377434,70,165,0,1,0.5050164650630158
MH-002_2022_R070_C166,MH-002,2022,19.606405,80.377703,70,166,0,0,0.4825614217549393
MH-002_2022_R070_C167,MH-002,2022,19.606405,80.377973,70,167,0,1,0.5327474394910735
MH-002_2022_R070_C168,MH-002,2022,19.606405,80.378242,70,168,0,1,0.5028511412015285
MH-002_2022_R070_C169,MH-002,2022,19.606405,80.378512,70,169,0,1,0.5583633875239622
MH-002_2022_R070_C170,MH-002,2022,19.606405,80.378781,70,170,0,1,0.5332501312641188
MH-002_2022_R070_C171,MH-002,2022,19.606405,80.379051,70,171,0,1,0.5780713833695929
MH-002_2022_R070_C172,MH-002,2022,19.606405,80.37932,70,172,0,1,0.5926898007928714
MH-002_2022_R070_C173,MH-002,2022,19.606405,80.37959,70,173,0,1,0.5174082106866255
MH-002_2022_R070_C174,MH-002,2022,19.606405,80.379859,70,174,0,0,0.49376995993697964
MH-002_2022_R070_C175,MH-002,2022,19.606405,80.380129,70,175,0,1,0.5097984335062891
MH-002_2022_R071_C161,MH-002,2022,19.606135,80.376356,71,161,1,1,0.5552638255021352
MH-002_2022_R071_C162,MH-002,2022,19.606135,80.376625,71,162,1,1,0.5389227561041361
MH-002_2022_R071_C163,MH-002,2022,19.606135,80.376895,71,163,1,1,0.5196182444340806
MH-002_2022_R071_C164,MH-002,2022,19.606135,80.377164,71,164,1,0,0.4485815712457104
MH-002_2022_R071_C165,MH-002,2022,19.606135,80.377434,71,165,0,1,0.5274120379388636
MH-002_2022_R071_C166,MH-002,2022,19.606135,80.377703,71,166,0,1,0.5738062263585771
MH-002_2022_R071_C167,MH-002,2022,19.606135,80.377973,71,167,0,1,0.5956998021277118
MH-002_2022_R071_C168,MH-002,2022,19.606135,80.378242,71,168,0,1,0.5848943980007439
MH-002_2022_R071_C169,MH-002,2022,19.606135,80.378512,71,169,0,1,0.5749190099553458
MH-002_2022_R071_C170,MH-002,2022,19.606135,80.378781,71,170,0,1,0.5852949090088678
MH-002_2022_R071_C171,MH-002,2022,19.606135,80.379051,71,171,0,0,0.484849893113154
MH-002_2022_R071_C172,MH-002,2022,19.606135,80.37932,71,172,0,0,0.47284917377876695
MH-002_2022_R071_C173,MH-002,2022,19.606135,80.37959,71,173,0,1,0.5004083482415576
MH-002_2022_R071_C174,MH-002,2022,19.606135,80.379859,71,174,0,1,0.5022005622108975
MH-002_2022_R071_C175,MH-002,2022,19.606135,80.380129,71,175,0,1,0.535470575087941
MH-002_2022_R072_C161,MH-002,2022,19.605866,80.376356,72,161,1,1,0.5605105683301651
MH-002_2022_R072_C162,MH-002,2022,19.605866,80.376625,72,162,1,1,0.5577550671864692
MH-002_2022_R072_C163,MH-002,2022,19.605866,80.376895,72,163,0,1,0.5382433584289089
MH-002_2022_R072_C164,MH-002,2022,19.605866,80.377164,72,164,0,0,0.48201358415219214
MH-002_2022_R072_C165,MH-002,2022,19.605866,80.377434,72,165,0,0,0.47659979067672076
MH-002_2022_R072_C166,MH-002,2022,19.605866,80.377703,72,166,0,1,0.5817483569764983
MH-002_2022_R072_C167,MH-002,2022,19.605866,80.377973,72,167,0,1,0.537838240423155
MH-002_2022_R072_C168,MH-002,2022,19.605866,80.378242,72,168,0,1,0.5439348548360674
MH-002_2022_R072_C169,MH-002,2022,19.605866,80.378512,72,169,0,1,0.562048109052475
MH-002_2022_R072_C170,MH-002,2022,19.605866,80.378781,72,170,0,1,0.5539843675572915
MH-002_2022_R072_C171,MH-002,2022,19.605866,80.379051,72,171,0,0,0.4837896656716834
MH-002_2022_R072_C172,MH-002,2022,19.605866,80.37932,72,172,0,0,0.45224324703187546
MH-002_2022_R072_C173,MH-002,2022,19.605866,80.37959,72,173,0,0,0.49911472278538127
MH-002_2022_R072_C174,MH-002,2022,19.605866,80.379859,72,174,0,0,0.47729768274801504
MH-002_2022_R072_C175,MH-002,2022,19.605866,80.380129,72,175,0,0,0.4834441350626535
MH-002_2022_R073_C161,MH-002,2022,19.605596,80.376356,73,161,1,0,0.47196828825103787
MH-002_2022_R073_C162,MH-002,2022,19.605596,80.376625,73,162,0,1,0.5102543636607595
MH-002_2022_R073_C163,MH-002,2022,19.605596,80.376895,73,163,0,1,0.5458638966518778
MH-002_2022_R073_C164,MH-002,2022,19.605596,80.377164,73,164,0,0,0.4994938571886046
MH-002_2022_R073_C165,MH-002,2022,19.605596,80.377434,73,165,0,1,0.5259455253842443
MH-002_2022_R073_C166,MH-002,2022,19.605596,80.377703,73,166,0,0,0.46484642295510703
MH-002_2022_R073_C167,MH-002,2022,19.605596,80.377973,73,167,0,0,0.44931368592923004
MH-002_2022_R073_C168,MH-002,2022,19.605596,80.378242,73,168,0,0,0.45829488012843594
MH-002_2022_R073_C169,MH-002,2022,19.605596,80.378512,73,169,0,1,0.5724248068009339
MH-002_2022_R073_C170,MH-002,2022,19.605596,80.378781,73,170,0,1,0.5673556177955181
MH-002_2022_R073_C171,MH-002,2022,19.605596,80.379051,73,171,0,1,0.513395157711153
MH-002_2022_R073_C172,MH-002,2022,19.605596,80.37932,73,172,0,0,0.4460884832126956
MH-002_2022_R073_C173,MH-002,2022,19.605596,80.37959,73,173,0,1,0.5150811652954356
MH-002_2022_R073_C174,MH-002,2022,19.605596,80.379859,73,174,0,1,0.5245537801852008
MH-002_2022_R073_C175,MH-002,2022,19.605596,80.380129,73,175,0,0,0.46614437865600156
MH-002_2022_R074_C161,MH-002,2022,19.605327,80.376356,74,161,1,0,0.49456190736803596
MH-002_2022_R074_C162,MH-002,2022,19.605327,80.376625,74,162,1,1,0.5380866984136532
MH-002_2022_R074_C163,MH-002,2022,19.605327,80.376895,74,163,0,1,0.5455418096872271
MH-002_2022_R074_C164,MH-002,2022,19.605327,80.377164,74,164,1,1,0.5340150527769276
MH-002_2022_R074_C165,MH-002,2022,19.605327,80.377434,74,165,0,1,0.5454579062945468
MH-002_2022_R074_C166,MH-002,2022,19.605327,80.377703,74,166,0,0,0.4882776413089256
MH-002_2022_R074_C167,MH-002,2022,19.605327,80.377973,74,167,0,0,0.4546740583546147
MH-002_2022_R074_C168,MH-002,2022,19.605327,80.378242,74,168,0,0,0.42454758065769066
MH-002_2022_R074_C169,MH-002,2022,19.605327,80.378512,74,169,0,1,0.5297706664333087
MH-002_2022_R074_C170,MH-002,2022,19.605327,80.378781,74,170,0,1,0.5919791454435179
MH-002_2022_R074_C171,MH-002,2022,19.605327,80.379051,74,171,0,0,0.4990162766663971
MH-002_2022_R074_C172,MH-002,2022,19.605327,80.37932,74,172,0,1,0.534564485578837
MH-002_2022_R074_C173,MH-002,2022,19.605327,80.37959,74,173,0,0,0.4564738898485455
MH-002_2022_R074_C174,MH-002,2022,19.605327,80.379859,74,174,0,0,0.48400793855641544
MH-002_2022_R074_C175,MH-002,2022,19.605327,80.380129,74,175,0,0,0.4888960753620994
MH-002_2022_R074_C176,MH-002,2022,19.605327,80.380398,74,176,0,0,0.487576466472831
MH-002_2022_R075_C161,MH-002,2022,19.605057,80.376356,75,161,0,1,0.507315187756202
MH-002_2022_R075_C162,MH-002,2022,19.605057,80.376625,75,162,0,0,0.48347890407183797
MH-002_2022_R075_C163,MH-002,2022,19.605057,80.376895,75,163,0,0,0.4758072930503187
MH-002_2022_R075_C164,MH-002,2022,19.605057,80.377164,75,164,0,0,0.4902286811404107
MH-002_2022_R075_C165,MH-002,2022,19.605057,80.377434,75,165,0,0,0.49054285461988634
MH-002_2022_R075_C166,MH-002,2022,19.605057,80.377703,75,166,0,0,0.4615100543957246
MH-002_2022_R075_C167,MH-002,2022,19.605057,80.377973,75,167,0,0,0.4897097971924499
MH-002_2022_R075_C168,MH-002,2022,19.605057,80.378242,75,168,0,0,0.48249456614305236
MH-002_2022_R075_C169,MH-002,2022,19.605057,80.378512,75,169,0,0,0.43738818439848526
MH-002_2022_R075_C170,MH-002,2022,19.605057,80.378781,75,170,0,0,0.4809723214559518
MH-002_2022_R075_C171,MH-002,2022,19.605057,80.379051,75,171,0,1,0.6183810475941267
MH-002_2022_R075_C172,MH-002,2022,19.605057,80.37932,75,172,0,1,0.592335400450645
MH-002_2022_R075_C173,MH-002,2022,19.605057,80.37959,75,173,0,1,0.5270826343772337
MH-002_2022_R075_C174,MH-002,2022,19.605057,80.379859,75,174,0,1,0.5011428469977276
MH-002_2022_R075_C175,MH-002,2022,19.605057,80.380129,75,175,0,0,0.4646911194265979
MH-002_2022_R075_C176,MH-002,2022,19.605057,80.380398,75,176,0,0,0.42593973790074086
MH-002_2022_R076_C161,MH-002,2022,19.604788,80.376356,76,161,0,0,0.4873506800223759
MH-002_2022_R076_C162,MH-002,2022,19.604788,80.376625,76,162,0,1,0.5355222310950558
MH-002_2022_R076_C163,MH-002,2022,19.604788,80.376895,76,163,1,1,0.524184360844799
MH-002_2022_R076_C164,MH-002,2022,19.604788,80.377164,76,164,0,1,0.5475560947266048
MH-002_2022_R076_C165,MH-002,2022,19.604788,80.377434,76,165,0,1,0.5102752851062528
MH-002_2022_R076_C166,MH-002,2022,19.604788,80.377703,76,166,0,0,0.43429695377615757
MH-002_2022_R076_C167,MH-002,2022,19.604788,80.377973,76,167,0,0,0.34429855080808286
MH-002_2022_R076_C168,MH-002,2022,19.604788,80.378242,76,168,0,0,0.3723666014655257
MH-002_2022_R076_C169,MH-002,2022,19.604788,80.378512,76,169,0,0,0.4407681118713093
MH-002_2022_R076_C170,MH-002,2022,19.604788,80.378781,76,170,0,0,0.4667348072074806
MH-002_2022_R076_C171,MH-002,2022,19.604788,80.379051,76,171,0,1,0.6252892848410555
MH-002_2022_R076_C172,MH-002,2022,19.604788,80.37932,76,172,0,1,0.5736301354068517
MH-002_2022_R076_C173,MH-002,2022,19.604788,80.37959,76,173,0,1,0.5300458794012193
MH-002_2022_R076_C174,MH-002,2022,19.604788,80.379859,76,174,0,0,0.44396879449565274
MH-002_2022_R076_C175,MH-002,2022,19.604788,80.380129,76,175,0,1,0.5059925536612808
MH-002_2022_R076_C176,MH-002,2022,19.604788,80.380398,76,176,0,0,0.4408615342324809
MH-002_2022_R077_C161,MH-002,2022,19.604518,80.376356,77,161,0,1,0.5160432356285981
MH-002_2022_R077_C162,MH-002,2022,19.604518,80.376625,77,162,1,1,0.514467999551579
MH-002_2022_R077_C163,MH-002,2022,19.604518,80.376895,77,163,0,0,0.4323907428258133
MH-002_2022_R077_C164,MH-002,2022,19.604518,80.377164,77,164,0,0,0.44947292603655353
MH-002_2022_R077_C165,MH-002,2022,19.604518,80.377434,77,165,0,0,0.4549167019694992
MH-002_2022_R077_C166,MH-002,2022,19.604518,80.377703,77,166,0,0,0.44338844276185163
MH-002_2022_R077_C168,MH-002,2022,19.604518,80.378242,77,168,0,0,0.26675841384907834
MH-002_2022_R077_C170,MH-002,2022,19.604518,80.378781,77,170,0,0,0.38395498102894027
MH-002_2022_R077_C171,MH-002,2022,19.604518,80.379051,77,171,0,0,0.4730255453150751
MH-002_2022_R077_C172,MH-002,2022,19.604518,80.37932,77,172,0,1,0.5101276940435266
MH-002_2022_R077_C173,MH-002,2022,19.604518,80.37959,77,173,0,1,0.568845844598051
MH-002_2022_R077_C174,MH-002,2022,19.604518,80.379859,77,174,0,1,0.5633221693422635
MH-002_2022_R077_C175,MH-002,2022,19.604518,80.380129,77,175,0,0,0.47237422621540276
MH-002_2022_R077_C176,MH-002,2022,19.604518,80.380398,77,176,0,0,0.4506140897713515
MH-002_2022_R078_C161,MH-002,2022,19.604249,80.376356,78,161,0,1,0.5240442494970914
MH-002_2022_R078_C162,MH-002,2022,19.604249,80.376625,78,162,1,1,0.5360260329844599
MH-002_2022_R078_C163,MH-002,2022,19.604249,80.376895,78,163,1,0,0.4520181004225034
MH-002_2022_R078_C164,MH-002,2022,19.604249,80.377164,78,164,0,0,0.45262636139176526
MH-002_2022_R078_C165,MH-002,2022,19.604249,80.377434,78,165,0,0,0.48878651330914247
MH-002_2022_R078_C166,MH-002,2022,19.604249,80.377703,78,166,0,0,0.35794653287656114
MH-002_2022_R078_C167,MH-002,2022,19.604249,80.377973,78,167,0,0,0.37490005673699806
MH-002_2022_R078_C168,MH-002,2022,19.604249,80.378242,78,168,0,0,0.4244190884771603
MH-002_2022_R078_C169,MH-002,2022,19.604249,80.378512,78,169,0,0,0.3681887092502183
MH-002_2022_R078_C170,MH-002,2022,19.604249,80.378781,78,170,0,0,0.3227683885551198
MH-002_2022_R078_C171,MH-002,2022,19.604249,80.379051,78,171,0,0,0.451299758143911
MH-002_2022_R078_C172,MH-002,2022,19.604249,80.37932,78,172,0,1,0.5480766513369904
MH-002_2022_R078_C173,MH-002,2022,19.604249,80.37959,78,173,0,1,0.5349202852429313
MH-002_2022_R078_C174,MH-002,2022,19.604249,80.379859,78,174,0,1,0.5528324896763755
MH-002_2022_R078_C175,MH-002,2022,19.604249,80.380129,78,175,0,1,0.5223189350401694
MH-002_2022_R078_C176,MH-002,2022,19.604249,80.380398,78,176,0,0,0.3478038483171237
MH-002_2022_R079_C161,MH-002,2022,19.603979,80.376356,79,161,0,0,0.496357465521609
MH-002_2022_R079_C162,MH-002,2022,19.603979,80.376625,79,162,0,1,0.5278187840029618
MH-002_2022_R079_C163,MH-002,2022,19.603979,80.376895,79,163,0,0,0.48303017634151146
MH-002_2022_R079_C164,MH-002,2022,19.603979,80.377164,79,164,0,0,0.46636793867821374
MH-002_2022_R079_C165,MH-002,2022,19.603979,80.377434,79,165,0,0,0.413729480466454
MH-002_2022_R079_C166,MH-002,2022,19.603979,80.377703,79,166,0,0,0.32777314173143585
MH-002_2022_R079_C168,MH-002,2022,19.603979,80.378242,79,168,0,0,0.455922210788151
MH-002_2022_R079_C170,MH-002,2022,19.603979,80.378781,79,170,0,0,0.30657495084353786
MH-002_2022_R079_C171,MH-002,2022,19.603979,80.379051,79,171,0,0,0.47292670070979403
MH-002_2022_R079_C172,MH-002,2022,19.603979,80.37932,79,172,0,1,0.5038441285439437
MH-002_2022_R079_C173,MH-002,2022,19.603979,80.37959,79,173,0,1,0.5106397722596602
MH-002_2022_R079_C174,MH-002,2022,19.603979,80.379859,79,174,0,1,0.5400130754559165
MH-002_2022_R079_C175,MH-002,2022,19.603979,80.380129,79,175,0,1,0.5337263788496722
MH-002_2022_R079_C176,MH-002,2022,19.603979,80.380398,79,176,0,0,0.4350955726750081
MH-002_2022_R080_C161,MH-002,2022,19.60371,80.376356,80,161,0,1,0.5314487417651941
MH-002_2022_R080_C162,MH-002,2022,19.60371,80.376625,80,162,0,0,0.39319494258541227
MH-002_2022_R080_C163,MH-002,2022,19.60371,80.376895,80,163,1,0,0.46972093255535374
MH-002_2022_R080_C164,MH-002,2022,19.60371,80.377164,80,164,0,1,0.5136533783174062
MH-002_2022_R080_C165,MH-002,2022,19.60371,80.377434,80,165,0,0,0.37553594410006386
MH-002_2022_R080_C167,MH-002,2022,19.60371,80.377973,80,167,0,0,0.3588844307510253
MH-002_2022_R080_C170,MH-002,2022,19.60371,80.378781,80,170,0,0,0.27545217231069663
MH-002_2022_R080_C171,MH-002,2022,19.60371,80.379051,80,171,0,0,0.463373790586095
MH-002_2022_R080_C172,MH-002,2022,19.60371,80.37932,80,172,0,0,0.41212575335546364
MH-002_2022_R080_C173,MH-002,2022,19.60371,80.37959,80,173,0,0,0.4598078696582149
MH-002_2022_R080_C174,MH-002,2022,19.60371,80.379859,80,174,0,1,0.5946702963154342
MH-002_2022_R080_C175,MH-002,2022,19.60371,80.380129,80,175,0,0,0.4944655958340281
MH-002_2022_R080_C176,MH-002,2022,19.60371,80.380398,80,176,0,0,0.4513586337784254
MH-002_2022_R080_C177,MH-002,2022,19.60371,80.380668,80,177,0,0,0.33229471654706944
MH-002_2022_R081_C161,MH-002,2022,19.60344,80.376356,81,161,0,0,0.3796248198363629
MH-002_2022_R081_C162,MH-002,2022,19.60344,80.376625,81,162,0,0,0.45840290582212634
MH-002_2022_R081_C163,MH-002,2022,19.60344,80.376895,81,163,0,1,0.5699192007846804
MH-002_2022_R081_C164,MH-002,2022,19.60344,80.377164,81,164,1,1,0.5163513769019993
MH-002_2022_R081_C165,MH-002,2022,19.60344,80.377434,81,165,0,0,0.44682881032424737
MH-002_2022_R081_C166,MH-002,2022,19.60344,80.377703,81,166,1,0,0.35430111835887684
MH-002_2022_R081_C167,MH-002,2022,19.60344,80.377973,81,167,0,0,0.4105628050331369
MH-002_2022_R081_C168,MH-002,2022,19.60344,80.378242,81,168,0,0,0.4462167093437919
MH-002_2022_R081_C169,MH-002,2022,19.60344,80.378512,81,169,0,0,0.4204994605262187
MH-002_2022_R081_C170,MH-002,2022,19.60344,80.378781,81,170,0,0,0.4466496970924458
MH-002_2022_R081_C171,MH-002,2022,19.60344,80.379051,81,171,0,0,0.47982223640971244
MH-002_2022_R081_C172,MH-002,2022,19.60344,80.37932,81,172,0,1,0.5066520556677742
MH-002_2022_R081_C173,MH-002,2022,19.60344,80.37959,81,173,0,1,0.5234490723064262
MH-002_2022_R081_C174,MH-002,2022,19.60344,80.379859,81,174,0,1,0.5604973318055608
MH-002_2022_R081_C175,MH-002,2022,19.60344,80.380129,81,175,0,1,0.5367357211100581
MH-002_2022_R081_C176,MH-002,2022,19.60344,80.380398,81,176,0,0,0.4499244952897032
MH-002_2022_R081_C177,MH-002,2022,19.60344,80.380668,81,177,0,0,0.3592715661472165
MH-002_2022_R082_C161,MH-002,2022,19.603171,80.376356,82,161,0,1,0.5268752695385942
MH-002_2022_R082_C162,MH-002,2022,19.603171,80.376625,82,162,0,1,0.5605334915589366
MH-002_2022_R082_C163,MH-002,2022,19.603171,80.376895,82,163,0,1,0.5034503857417734
MH-002_2022_R082_C164,MH-002,2022,19.603171,80.377164,82,164,1,0,0.4880295407688469
MH-002_2022_R082_C165,MH-002,2022,19.603171,80.377434,82,165,0,0,0.45187671177513755
MH-002_2022_R082_C166,MH-002,2022,19.603171,80.377703,82,166,1,0,0.30456845531054844
MH-002_2022_R082_C167,MH-002,2022,19.603171,80.377973,82,167,0,0,0.43567910444941604
MH-002_2022_R082_C168,MH-002,2022,19.603171,80.378242,82,168,0,1,0.5274550734586485
MH-002_2022_R082_C169,MH-002,2022,19.603171,80.378512,82,169,0,0,0.4320362891181082
MH-002_2022_R082_C170,MH-002,2022,19.603171,80.378781,82,170,0,0,0.3995047314013087
MH-002_2022_R082_C171,MH-002,2022,19.603171,80.379051,82,171,0,0,0.445243206141435
MH-002_2022_R082_C172,MH-002,2022,19.603171,80.37932,82,172,0,0,0.44268977800271453
MH-002_2022_R082_C173,MH-002,2022,19.603171,80.37959,82,173,0,0,0.47896321111877194
MH-002_2022_R082_C174,MH-002,2022,19.603171,80.379859,82,174,0,0,0.46117527956301585
MH-002_2022_R082_C175,MH-002,2022,19.603171,80.380129,82,175,0,1,0.5945341201733494
MH-002_2022_R082_C176,MH-002,2022,19.603171,80.380398,82,176,0,0,0.4895274155361485
MH-002_2022_R082_C177,MH-002,2022,19.603171,80.380668,82,177,0,0,0.41404900654172616
MH-002_2022_R083_C161,MH-002,2022,19.602901,80.376356,83,161,0,0,0.4548011489115369
MH-002_2022_R083_C162,MH-002,2022,19.602901,80.376625,83,162,0,1,0.5470462078626608
MH-002_2022_R083_C163,MH-002,2022,19.602901,80.376895,83,163,0,1,0.5353815215602565
MH-002_2022_R083_C164,MH-002,2022,19.602901,80.377164,83,164,0,0,0.3961651676349253
MH-002_2022_R083_C168,MH-002,2022,19.602901,80.378242,83,168,0,0,0.45034050138056986
MH-002_2022_R083_C169,MH-002,2022,19.602901,80.378512,83,169,0,0,0.30594637474401104
MH-002_2022_R083_C171,MH-002,2022,19.602901,80.379051,83,171,0,0,0.37687816488776354
MH-002_2022_R083_C172,MH-002,2022,19.602901,80.37932,83,172,0,0,0.4321450449846849
MH-002_2022_R083_C174,MH-002,2022,19.602901,80.379859,83,174,0,0,0.33406527848455797
MH-002_2022_R083_C175,MH-002,2022,19.602901,80.380129,83,175,0,1,0.519406365288387
MH-002_2022_R083_C176,MH-002,2022,19.602901,80.380398,83,176,0,1,0.5331433844698154
MH-002_2022_R083_C177,MH-002,2022,19.602901,80.380668,83,177,0,0,0.4887123176771529
MH-002_2022_R084_C161,MH-002,2022,19.602632,80.376356,84,161,0,1,0.5148522192618938
MH-002_2022_R084_C163,MH-002,2022,19.602632,80.376895,84,163,0,0,0.4753228634901515
MH-002_2022_R084_C165,MH-002,2022,19.602632,80.377434,84,165,0,0,0.2320767062267602
MH-002_2022_R084_C166,MH-002,2022,19.602632,80.377703,84,166,0,0,0.3907398152176941
MH-002_2022_R084_C167,MH-002,2022,19.602632,80.377973,84,167,1,0,0.3832130658792674
MH-002_2022_R084_C170,MH-002,2022,19.602632,80.378781,84,170,0,0,0.2885448204502233
MH-002_2022_R084_C171,MH-002,2022,19.602632,80.379051,84,171,0,0,0.4260569529630547
MH-002_2022_R084_C172,MH-002,2022,19.602632,80.37932,84,172,0,0,0.4689759722949127
MH-002_2022_R084_C173,MH-002,2022,19.602632,80.37959,84,173,0,0,0.45148295130128013
MH-002_2022_R084_C174,MH-002,2022,19.602632,80.379859,84,174,0,0,0.3092651162729737
MH-002_2022_R084_C175,MH-002,2022,19.602632,80.380129,84,175,0,0,0.4015038350184222
MH-002_2022_R084_C176,MH-002,2022,19.602632,80.380398,84,176,0,0,0.4941163035787603
MH-002_2022_R084_C177,MH-002,2022,19.602632,80.380668,84,177,0,0,0.3763988907840978
MH-002_2022_R085_C161,MH-002,2022,19.602362,80.376356,85,161,0,1,0.503350876382072
MH-002_2022_R085_C162,MH-002,2022,19.602362,80.376625,85,162,0,0,0.43987585622419
MH-002_2022_R085_C163,MH-002,2022,19.602362,80.376895,85,163,0,1,0.5146960373208703
MH-002_2022_R085_C164,MH-002,2022,19.602362,80.377164,85,164,0,0,0.4370362382866725
MH-002_2022_R085_C165,MH-002,2022,19.602362,80.377434,85,165,0,0,0.4346184702896444
MH-002_2022_R085_C166,MH-002,2022,19.602362,80.377703,85,166,0,1,0.629242853615746
MH-002_2022_R085_C167,MH-002,2022,19.602362,80.377973,85,167,0,1,0.6054511540654559
MH-002_2022_R085_C171,MH-002,2022,19.602362,80.379051,85,171,0,0,0.35259154121641373
MH-002_2022_R085_C172,MH-002,2022,19.602362,80.37932,85,172,0,0,0.29149679666295636
MH-002_2022_R085_C173,MH-002,2022,19.602362,80.37959,85,173,0,0,0.3189212323175057
MH-002_2022_R085_C174,MH-002,2022,19.602362,80.379859,85,174,0,0,0.4929386378367706
MH-002_2022_R085_C176,MH-002,2022,19.602362,80.380398,85,176,0,0,0.4845381736002058
MH-002_2022_R085_C177,MH-002,2022,19.602362,80.380668,85,177,0,1,0.5203002134352871
MH-002_2022_R086_C161,MH-002,2022,19.602093,80.376356,86,161,0,0,0.4824967681562674
MH-002_2022_R086_C162,MH-002,2022,19.602093,80.376625,86,162,0,0,0.3773390007510381
MH-002_2022_R086_C163,MH-002,2022,19.602093,80.376895,86,163,0,0,0.4702140727616673
MH-002_2022_R086_C172,MH-002,2022,19.602093,80.37932,86,172,0,0,0.3531145422691311
MH-002_2022_R086_C173,MH-002,2022,19.602093,80.37959,86,173,0,0,0.39653664197084515
MH-002_2022_R086_C174,MH-002,2022,19.602093,80.379859,86,174,0,0,0.3304645443891546
MH-002_2022_R086_C175,MH-002,2022,19.602093,80.380129,86,175,0,0,0.4083703839279153
MH-002_2022_R086_C176,MH-002,2022,19.602093,80.380398,86,176,0,0,0.36150934858268846
MH-002_2022_R086_C177,MH-002,2022,19.602093,80.380668,86,177,0,1,0.5084002698524677
MH-002_2022_R087_C170,MH-002,2022,19.601823,80.378781,87,170,0,0,0.37752861789779635
MH-002_2022_R087_C171,MH-002,2022,19.601823,80.379051,87,171,0,1,0.5384933479033375
MH-002_2022_R087_C172,MH-002,2022,19.601823,80.37932,87,172,0,0,0.4646068100014364
MH-002_2022_R087_C173,MH-002,2022,19.601823,80.37959,87,173,0,0,0.4722258790251287
MH-002_2022_R087_C174,MH-002,2022,19.601823,80.379859,87,174,0,0,0.44470886540729543
MH-002_2022_R087_C176,MH-002,2022,19.601823,80.380398,87,176,0,1,0.5344490979219794
MH-002_2022_R087_C177,MH-002,2022,19.601823,80.380668,87,177,0,1,0.6103542612181154
MH-002_2022_R088_C171,MH-002,2022,19.601554,80.379051,88,171,0,0,0.46488268922552023
MH-002_2022_R088_C172,MH-002,2022,19.601554,80.37932,88,172,0,0,0.3903718892294762
MH-002_2022_R088_C173,MH-002,2022,19.601554,80.37959,88,173,0,0,0.42471255632172705
MH-002_2022_R088_C174,MH-002,2022,19.601554,80.379859,88,174,0,0,0.45228690857585463
MH-002_2022_R088_C175,MH-002,2022,19.601554,80.380129,88,175,0,0,0.4026044611669197
MH-002_2022_R088_C176,MH-002,2022,19.601554,80.380398,88,176,0,1,0.5021684468407159
MH-002_2022_R088_C177,MH-002,2022,19.601554,80.380668,88,177,0,1,0.5726826431173182
MH-002_2022_R088_C178,MH-002,2022,19.601554,80.380937,88,178,0,1,0.5684749987676294
MH-002_2022_R089_C161,MH-002,2022,19.601284,80.376356,89,161,0,1,0.5625266991150895
MH-002_2022_R089_C165,MH-002,2022,19.601284,80.377434,89,165,0,1,0.5068522612009964
MH-002_2022_R089_C166,MH-002,2022,19.601284,80.377703,89,166,0,1,0.5826225991868307
MH-002_2022_R089_C167,MH-002,2022,19.601284,80.377973,89,167,0,1,0.5173327357157356
MH-002_2022_R089_C168,MH-002,2022,19.601284,80.378242,89,168,1,1,0.5657275127934773
MH-002_2022_R089_C172,MH-002,2022,19.601284,80.37932,89,172,0,0,0.40446387023861513
MH-002_2022_R089_C174,MH-002,2022,19.601284,80.379859,89,174,0,0,0.4722442307551658
MH-002_2022_R089_C175,MH-002,2022,19.601284,80.380129,89,175,0,1,0.5064230290019368
MH-002_2022_R089_C176,MH-002,2022,19.601284,80.380398,89,176,0,1,0.5344048668452125
MH-002_2022_R089_C177,MH-002,2022,19.601284,80.380668,89,177,0,1,0.5078916776739072
MH-002_2022_R089_C178,MH-002,2022,19.601284,80.380937,89,178,0,1,0.5491713973242023
MH-002_2022_R089_C179,MH-002,2022,19.601284,80.381207,89,179,0,0,0.3914516948353683
MH-002_2022_R089_C180,MH-002,2022,19.601284,80.381476,89,180,0,0,0.4497278881219257
MH-002_2022_R090_C161,MH-002,2022,19.601015,80.376356,90,161,0,1,0.59188792404017
MH-002_2022_R090_C162,MH-002,2022,19.601015,80.376625,90,162,0,0,0.4856055159479064
MH-002_2022_R090_C163,MH-002,2022,19.601015,80.376895,90,163,0,0,0.46617571130190816
MH-002_2022_R090_C165,MH-002,2022,19.601015,80.377434,90,165,0,1,0.5352077120944088
MH-002_2022_R090_C166,MH-002,2022,19.601015,80.377703,90,166,0,1,0.6189886115896103
MH-002_2022_R090_C167,MH-002,2022,19.601015,80.377973,90,167,0,1,0.5766373618584778
MH-002_2022_R090_C168,MH-002,2022,19.601015,80.378242,90,168,0,1,0.5303041094803382
MH-002_2022_R090_C169,MH-002,2022,19.601015,80.378512,90,169,0,0,0.4811419200283078
MH-002_2022_R090_C170,MH-002,2022,19.601015,80.378781,90,170,0,0,0.49219297013300706
MH-002_2022_R090_C172,MH-002,2022,19.601015,80.37932,90,172,0,0,0.41452160378290853
MH-002_2022_R090_C173,MH-002,2022,19.601015,80.37959,90,173,0,0,0.39083329538456313
MH-002_2022_R090_C174,MH-002,2022,19.601015,80.379859,90,174,0,0,0.4509282671175853
MH-002_2022_R090_C175,MH-002,2022,19.601015,80.380129,90,175,0,1,0.5604131566788173
MH-002_2022_R090_C176,MH-002,2022,19.601015,80.380398,90,176,0,1,0.5436264628887432
MH-002_2022_R090_C177,MH-002,2022,19.601015,80.380668,90,177,0,1,0.5964870925415349
MH-002_2022_R090_C178,MH-002,2022,19.601015,80.380937,90,178,0,0,0.45059561005605886
MH-002_2022_R090_C179,MH-002,2022,19.601015,80.381207,90,179,0,0,0.3676184563913615
MH-002_2022_R090_C180,MH-002,2022,19.601015,80.381476,90,180,0,0,0.4331282588687194
MH-002_2022_R090_C181,MH-002,2022,19.601015,80.381746,90,181,0,1,0.5901097683424154
MH-002_2022_R090_C182,MH-002,2022,19.601015,80.382015,90,182,0,1,0.5757779866610243
MH-002_2022_R091_C161,MH-002,2022,19.600745,80.376356,91,161,0,1,0.577606876369816
MH-002_2022_R091_C162,MH-002,2022,19.600745,80.376625,91,162,0,1,0.5119576050127319
MH-002_2022_R091_C163,MH-002,2022,19.600745,80.376895,91,163,0,1,0.5750886535182669
MH-002_2022_R091_C164,MH-002,2022,19.600745,80.377164,91,164,0,1,0.5430660999096423
MH-002_2022_R091_C165,MH-002,2022,19.600745,80.377434,91,165,0,1,0.5486576750609358
MH-002_2022_R091_C166,MH-002,2022,19.600745,80.377703,91,166,0,1,0.5298434867393039
MH-002_2022_R091_C167,MH-002,2022,19.600745,80.377973,91,167,0,1,0.5319147492991955
MH-002_2022_R091_C168,MH-002,2022,19.600745,80.378242,91,168,0,1,0.54034810926906
MH-002_2022_R091_C169,MH-002,2022,19.600745,80.378512,91,169,0,1,0.5276805962571004
MH-002_2022_R091_C170,MH-002,2022,19.600745,80.378781,91,170,0,1,0.524911593249766
MH-002_2022_R091_C171,MH-002,2022,19.600745,80.379051,91,171,1,1,0.5102647314893018
MH-002_2022_R091_C173,MH-002,2022,19.600745,80.37959,91,173,0,1,0.529640918904807
MH-002_2022_R091_C174,MH-002,2022,19.600745,80.379859,91,174,0,1,0.5294839027343783
MH-002_2022_R091_C175,MH-002,2022,19.600745,80.380129,91,175,0,1,0.5093105483776437
MH-002_2022_R091_C176,MH-002,2022,19.600745,80.380398,91,176,0,1,0.5110009583392598
MH-002_2022_R091_C177,MH-002,2022,19.600745,80.380668,91,177,0,1,0.508547142968781
MH-002_2022_R091_C180,MH-002,2022,19.600745,80.381476,91,180,0,0,0.41824173854122965
MH-002_2022_R091_C181,MH-002,2022,19.600745,80.381746,91,181,0,1,0.5991253657298963
MH-002_2022_R091_C182,MH-002,2022,19.600745,80.382015,91,182,0,1,0.5722828315132381
MH-002_2022_R092_C161,MH-002,2022,19.600476,80.376356,92,161,0,1,0.6166635956548056
MH-002_2022_R092_C162,MH-002,2022,19.600476,80.376625,92,162,0,1,0.6186484885887519
MH-002_2022_R092_C163,MH-002,2022,19.600476,80.376895,92,163,0,1,0.5740165661625455
MH-002_2022_R092_C164,MH-002,2022,19.600476,80.377164,92,164,0,1,0.5362996392297985
MH-002_2022_R092_C165,MH-002,2022,19.600476,80.377434,92,165,0,0,0.4646600600944103
MH-002_2022_R092_C166,MH-002,2022,19.600476,80.377703,92,166,0,1,0.5709585392816052
MH-002_2022_R092_C167,MH-002,2022,19.600476,80.377973,92,167,1,1,0.5231306371178838
MH-002_2022_R092_C168,MH-002,2022,19.600476,80.378242,92,168,0,1,0.5007691244765077
MH-002_2022_R092_C169,MH-002,2022,19.600476,80.378512,92,169,0,1,0.5136342062182263
MH-002_2022_R092_C170,MH-002,2022,19.600476,80.378781,92,170,0,1,0.5171981721013307
MH-002_2022_R092_C171,MH-002,2022,19.600476,80.379051,92,171,0,1,0.5256005708083641
MH-002_2022_R092_C172,MH-002,2022,19.600476,80.37932,92,172,0,1,0.5010787643489122
MH-002_2022_R092_C173,MH-002,2022,19.600476,80.37959,92,173,0,1,0.5389474073495791
MH-002_2022_R092_C174,MH-002,2022,19.600476,80.379859,92,174,0,1,0.5743558476975353
MH-002_2022_R092_C175,MH-002,2022,19.600476,80.380129,92,175,0,0,0.47716597265375527
MH-002_2022_R092_C176,MH-002,2022,19.600476,80.380398,92,176,0,0,0.39279313123513226
MH-002_2022_R092_C178,MH-002,2022,19.600476,80.380937,92,178,0,0,0.4119397041538171
MH-002_2022_R092_C179,MH-002,2022,19.600476,80.381207,92,179,0,0,0.4256082624605395
MH-002_2022_R092_C181,MH-002,2022,19.600476,80.381746,92,181,0,1,0.572701113191396
MH-002_2022_R092_C182,MH-002,2022,19.600476,80.382015,92,182,0,1,0.5647504417623199
MH-002_2022_R093_C161,MH-002,2022,19.600206,80.376356,93,161,0,1,0.6168782584826417
MH-002_2022_R093_C162,MH-002,2022,19.600206,80.376625,93,162,0,1,0.5936869635329345
MH-002_2022_R093_C163,MH-002,2022,19.600206,80.376895,93,163,0,1,0.5957447005311541
MH-002_2022_R093_C164,MH-002,2022,19.600206,80.377164,93,164,0,1,0.5141050728648655
MH-002_2022_R093_C165,MH-002,2022,19.600206,80.377434,93,165,1,1,0.5050252235110659
MH-002_2022_R093_C166,MH-002,2022,19.600206,80.377703,93,166,0,1,0.547327838006418
MH-002_2022_R093_C167,MH-002,2022,19.600206,80.377973,93,167,0,1,0.5821529285636092
MH-002_2022_R093_C168,MH-002,2022,19.600206,80.378242,93,168,0,1,0.5686668378357748
MH-002_2022_R093_C169,MH-002,2022,19.600206,80.378512,93,169,0,1,0.5263365698964045
MH-002_2022_R093_C170,MH-002,2022,19.600206,80.378781,93,170,0,0,0.49055445353237176
MH-002_2022_R093_C171,MH-002,2022,19.600206,80.379051,93,171,0,1,0.5133757293248447
MH-002_2022_R093_C172,MH-002,2022,19.600206,80.37932,93,172,0,0,0.4970341696288814
MH-002_2022_R093_C173,MH-002,2022,19.600206,80.37959,93,173,0,1,0.528075102821684
MH-002_2022_R093_C174,MH-002,2022,19.600206,80.379859,93,174,0,1,0.5601503474768192
MH-002_2022_R093_C175,MH-002,2022,19.600206,80.380129,93,175,0,0,0.3718169440647696
MH-002_2022_R093_C177,MH-002,2022,19.600206,80.380668,93,177,0,0,0.35984118498165724
MH-002_2022_R093_C178,MH-002,2022,19.600206,80.380937,93,178,0,0,0.4516024421951095
MH-002_2022_R093_C179,MH-002,2022,19.600206,80.381207,93,179,0,0,0.38018387283961436
MH-002_2022_R093_C181,MH-002,2022,19.600206,80.381746,93,181,0,0,0.4554695278100711
MH-002_2022_R093_C182,MH-002,2022,19.600206,80.382015,93,182,0,1,0.5804042508295103
MH-002_2022_R094_C161,MH-002,2022,19.599937,80.376356,94,161,0,1,0.5070692436351812
MH-002_2022_R094_C162,MH-002,2022,19.599937,80.376625,94,162,0,1,0.6021199299131419
MH-002_2022_R094_C163,MH-002,2022,19.599937,80.376895,94,163,0,1,0.5302175209342153
MH-002_2022_R094_C164,MH-002,2022,19.599937,80.377164,94,164,0,1,0.5733071197298721
MH-002_2022_R094_C165,MH-002,2022,19.599937,80.377434,94,165,0,1,0.5854227666564484
MH-002_2022_R094_C166,MH-002,2022,19.599937,80.377703,94,166,0,1,0.5972002365335463
MH-002_2022_R094_C167,MH-002,2022,19.599937,80.377973,94,167,0,1,0.5395248582726878
MH-002_2022_R094_C168,MH-002,2022,19.599937,80.378242,94,168,0,1,0.6519256628455576
MH-002_2022_R094_C169,MH-002,2022,19.599937,80.378512,94,169,0,1,0.5709308870727686
MH-002_2022_R094_C170,MH-002,2022,19.599937,80.378781,94,170,0,1,0.5556654003631073
MH-002_2022_R094_C171,MH-002,2022,19.599937,80.379051,94,171,0,1,0.5287605016931638
MH-002_2022_R094_C172,MH-002,2022,19.599937,80.37932,94,172,0,1,0.5563530624332461
MH-002_2022_R094_C173,MH-002,2022,19.599937,80.37959,94,173,0,1,0.5301835806343882
MH-002_2022_R094_C174,MH-002,2022,19.599937,80.379859,94,174,0,1,0.5576357454657245
MH-002_2022_R094_C175,MH-002,2022,19.599937,80.380129,94,175,0,0,0.427825666877726
MH-002_2022_R094_C177,MH-002,2022,19.599937,80.380668,94,177,0,0,0.28042439866231633
MH-002_2022_R094_C178,MH-002,2022,19.599937,80.380937,94,178,0,0,0.30481751490625675
MH-002_2022_R094_C179,MH-002,2022,19.599937,80.381207,94,179,0,0,0.4492326391962201
MH-002_2022_R094_C180,MH-002,2022,19.599937,80.381476,94,180,0,0,0.3116163193674129
MH-002_2022_R094_C181,MH-002,2022,19.599937,80.381746,94,181,0,0,0.40098957402287844
MH-002_2022_R094_C182,MH-002,2022,19.599937,80.382015,94,182,0,1,0.5922548210539368
MH-002_2022_R095_C161,MH-002,2022,19.599667,80.376356,95,161,0,0,0.4366580449466493
MH-002_2022_R095_C162,MH-002,2022,19.599667,80.376625,95,162,0,1,0.5071525423600046
MH-002_2022_R095_C163,MH-002,2022,19.599667,80.376895,95,163,0,1,0.51112417590533
MH-002_2022_R095_C164,MH-002,2022,19.599667,80.377164,95,164,0,1,0.5959160937942135
MH-002_2022_R095_C165,MH-002,2022,19.599667,80.377434,95,165,0,1,0.6062857631344102
MH-002_2022_R095_C166,MH-002,2022,19.599667,80.377703,95,166,0,1,0.587528024908773
MH-002_2022_R095_C167,MH-002,2022,19.599667,80.377973,95,167,0,1,0.612149312820783
MH-002_2022_R095_C168,MH-002,2022,19.599667,80.378242,95,168,0,1,0.5488865167274218
MH-002_2022_R095_C169,MH-002,2022,19.599667,80.378512,95,169,0,1,0.5603884208224597
MH-002_2022_R095_C170,MH-002,2022,19.599667,80.378781,95,170,0,1,0.5637301370162613
MH-002_2022_R095_C171,MH-002,2022,19.599667,80.379051,95,171,0,0,0.4834075540787722
MH-002_2022_R095_C172,MH-002,2022,19.599667,80.37932,95,172,0,1,0.5740898152936748
MH-002_2022_R095_C173,MH-002,2022,19.599667,80.37959,95,173,0,1,0.5906533158345849
MH-002_2022_R095_C174,MH-002,2022,19.599667,80.379859,95,174,0,1,0.5632569104937689
MH-002_2022_R095_C175,MH-002,2022,19.599667,80.380129,95,175,0,1,0.5308053739790624
MH-002_2022_R095_C176,MH-002,2022,19.599667,80.380398,95,176,0,0,0.44581872164993114
MH-002_2022_R095_C178,MH-002,2022,19.599667,80.380937,95,178,0,0,0.3149377097574976
MH-002_2022_R095_C179,MH-002,2022,19.599667,80.381207,95,179,0,0,0.37318567381102336
MH-002_2022_R095_C180,MH-002,2022,19.599667,80.381476,95,180,0,0,0.2786004593508838
MH-002_2022_R095_C181,MH-002,2022,19.599667,80.381746,95,181,0,0,0.4570427996619031
MH-002_2022_R095_C182,MH-002,2022,19.599667,80.382015,95,182,0,1,0.5755708515937555
MH-002_2022_R096_C161,MH-002,2022,19.599398,80.376356,96,161,0,0,0.48269040933073004
MH-002_2022_R096_C162,MH-002,2022,19.599398,80.376625,96,162,0,0,0.3914797762586111
MH-002_2022_R096_C163,MH-002,2022,19.599398,80.376895,96,163,0,1,0.5228564438885468
MH-002_2022_R096_C164,MH-002,2022,19.599398,80.377164,96,164,0,1,0.6135599660300377
MH-002_2022_R096_C165,MH-002,2022,19.599398,80.377434,96,165,0,1,0.5745556295842675
MH-002_2022_R096_C166,MH-002,2022,19.599398,80.377703,96,166,0,1,0.5687251543343711
MH-002_2022_R096_C167,MH-002,2022,19.599398,80.377973,96,167,0,1,0.6141297121007411
MH-002_2022_R096_C168,MH-002,2022,19.599398,80.378242,96,168,0,1,0.6101039438011053
MH-002_2022_R096_C169,MH-002,2022,19.599398,80.378512,96,169,0,1,0.5872317448891219
MH-002_2022_R096_C170,MH-002,2022,19.599398,80.378781,96,170,0,1,0.5586896461017494
MH-002_2022_R096_C171,MH-002,2022,19.599398,80.379051,96,171,0,1,0.5166632565625462
MH-002_2022_R096_C172,MH-002,2022,19.599398,80.37932,96,172,0,1,0.5667528380730462
MH-002_2022_R096_C173,MH-002,2022,19.599398,80.37959,96,173,0,1,0.5523598713747179
MH-002_2022_R096_C174,MH-002,2022,19.599398,80.379859,96,174,0,1,0.5325549465772662
MH-002_2022_R096_C175,MH-002,2022,19.599398,80.380129,96,175,0,1,0.5561178203459305
MH-002_2022_R096_C176,MH-002,2022,19.599398,80.380398,96,176,0,1,0.5487975851095163
MH-002_2022_R096_C177,MH-002,2022,19.599398,80.380668,96,177,0,1,0.5087246693924793
MH-002_2022_R096_C178,MH-002,2022,19.599398,80.380937,96,178,0,0,0.3554342794933067
MH-002_2022_R096_C179,MH-002,2022,19.599398,80.381207,96,179,0,0,0.3553781106831875
MH-002_2022_R096_C181,MH-002,2022,19.599398,80.381746,96,181,0,0,0.39873015952865926
MH-002_2022_R096_C182,MH-002,2022,19.599398,80.382015,96,182,0,1,0.5759641109404307
MH-002_2022_R097_C161,MH-002,2022,19.599128,80.376356,97,161,0,1,0.5264369000645707
MH-002_2022_R097_C162,MH-002,2022,19.599128,80.376625,97,162,0,1,0.503547072421603
MH-002_2022_R097_C163,MH-002,2022,19.599128,80.376895,97,163,0,0,0.494009892581643
MH-002_2022_R097_C164,MH-002,2022,19.599128,80.377164,97,164,0,1,0.5823933273353664
MH-002_2022_R097_C165,MH-002,2022,19.599128,80.377434,97,165,0,1,0.5840313899196098
MH-002_2022_R097_C166,MH-002,2022,19.599128,80.377703,97,166,0,1,0.6262858984563542
MH-002_2022_R097_C167,MH-002,2022,19.599128,80.377973,97,167,0,1,0.6104360806351621
MH-002_2022_R097_C168,MH-002,2022,19.599128,80.378242,97,168,0,1,0.628990318968545
MH-002_2022_R097_C169,MH-002,2022,19.599128,80.378512,97,169,0,1,0.5882376660854174
MH-002_2022_R097_C170,MH-002,2022,19.599128,80.378781,97,170,0,1,0.5575019550767439
MH-002_2022_R097_C171,MH-002,2022,19.599128,80.379051,97,171,0,1,0.5359358380589296
MH-002_2022_R097_C172,MH-002,2022,19.599128,80.37932,97,172,0,1,0.5608804293876372
MH-002_2022_R097_C173,MH-002,2022,19.599128,80.37959,97,173,0,1,0.5847064028318415
MH-002_2022_R097_C174,MH-002,2022,19.599128,80.379859,97,174,0,1,0.5718842861623546
MH-002_2022_R097_C175,MH-002,2022,19.599128,80.380129,97,175,0,1,0.533212846469605
MH-002_2022_R097_C176,MH-002,2022,19.599128,80.380398,97,176,0,0,0.4559185843312245
MH-002_2022_R097_C177,MH-002,2022,19.599128,80.380668,97,177,0,0,0.4400420894964171
MH-002_2022_R097_C178,MH-002,2022,19.599128,80.380937,97,178,0,0,0.4497488893613589
MH-002_2022_R097_C182,MH-002,2022,19.599128,80.382015,97,182,0,1,0.5627885417685842
MH-002_2022_R098_C161,MH-002,2022,19.598859,80.376356,98,161,0,1,0.558020289356649
MH-002_2022_R098_C162,MH-002,2022,19.598859,80.376625,98,162,0,0,0.31271275871539267
MH-002_2022_R098_C163,MH-002,2022,19.598859,80.376895,98,163,0,0,0.4924841932602396
MH-002_2022_R098_C164,MH-002,2022,19.598859,80.377164,98,164,0,1,0.5700213882269951
MH-002_2022_R098_C165,MH-002,2022,19.598859,80.377434,98,165,0,1,0.6034662421577346
MH-002_2022_R098_C166,MH-002,2022,19.598859,80.377703,98,166,1,1,0.6270996460553359
MH-002_2022_R098_C167,MH-002,2022,19.598859,80.377973,98,167,0,1,0.6274959060363725
MH-002_2022_R098_C168,MH-002,2022,19.598859,80.378242,98,168,0,1,0.602110780077624
MH-002_2022_R098_C169,MH-002,2022,19.598859,80.378512,98,169,0,1,0.6188542805848547
MH-002_2022_R098_C170,MH-002,2022,19.598859,80.378781,98,170,0,1,0.6069006701635047
MH-002_2022_R098_C171,MH-002,2022,19.598859,80.379051,98,171,0,1,0.5672341943754508
MH-002_2022_R098_C172,MH-002,2022,19.598859,80.37932,98,172,0,1,0.5245895225064505
MH-002_2022_R098_C173,MH-002,2022,19.598859,80.37959,98,173,0,1,0.6029817143826249
MH-002_2022_R098_C174,MH-002,2022,19.598859,80.379859,98,174,0,1,0.5956592563778337
MH-002_2022_R098_C175,MH-002,2022,19.598859,80.380129,98,175,0,1,0.5564270993816195
MH-002_2022_R098_C176,MH-002,2022,19.598859,80.380398,98,176,0,1,0.54536247784497
MH-002_2022_R098_C177,MH-002,2022,19.598859,80.380668,98,177,0,0,0.4885590839391952
MH-002_2022_R098_C178,MH-002,2022,19.598859,80.380937,98,178,0,1,0.51636675240944
MH-002_2022_R098_C179,MH-002,2022,19.598859,80.381207,98,179,0,0,0.35462916577713555
MH-002_2022_R098_C182,MH-002,2022,19.598859,80.382015,98,182,0,1,0.5004822367665096
MH-002_2022_R099_C161,MH-002,2022,19.598589,80.376356,99,161,0,1,0.5836269077682742
MH-002_2022_R099_C162,MH-002,2022,19.598589,80.376625,99,162,0,0,0.4248663017483559
MH-002_2022_R099_C163,MH-002,2022,19.598589,80.376895,99,163,0,0,0.49564056398558903
MH-002_2022_R099_C164,MH-002,2022,19.598589,80.377164,99,164,1,1,0.5711662333136069
MH-002_2022_R099_C165,MH-002,2022,19.598589,80.377434,99,165,0,1,0.5840067759086333
MH-002_2022_R099_C166,MH-002,2022,19.598589,80.377703,99,166,1,1,0.6504232400364893
MH-002_2022_R099_C167,MH-002,2022,19.598589,80.377973,99,167,1,1,0.6003410644055306
MH-002_2022_R099_C168,MH-002,2022,19.598589,80.378242,99,168,1,1,0.5700640355434684
MH-002_2022_R099_C169,MH-002,2022,19.598589,80.378512,99,169,0,1,0.6444814771745464
MH-002_2022_R099_C170,MH-002,2022,19.598589,80.378781,99,170,0,1,0.6154693409365366
MH-002_2022_R099_C171,MH-002,2022,19.598589,80.379051,99,171,0,1,0.5835286718645878
MH-002_2022_R099_C172,MH-002,2022,19.598589,80.37932,99,172,0,1,0.5160884827392249
MH-002_2022_R099_C173,MH-002,2022,19.598589,80.37959,99,173,0,1,0.5752983614537449
MH-002_2022_R099_C174,MH-002,2022,19.598589,80.379859,99,174,0,1,0.5770785595077064
MH-002_2022_R099_C175,MH-002,2022,19.598589,80.380129,99,175,0,1,0.5944256952570836
MH-002_2022_R099_C176,MH-002,2022,19.598589,80.380398,99,176,0,1,0.5488229709767494
MH-002_2022_R099_C177,MH-002,2022,19.598589,80.380668,99,177,0,1,0.5746722296448624
MH-002_2022_R099_C178,MH-002,2022,19.598589,80.380937,99,178,0,1,0.5506242442679264
MH-002_2022_R099_C179,MH-002,2022,19.598589,80.381207,99,179,0,1,0.5107216815720586
MH-002_2022_R099_C180,MH-002,2022,19.598589,80.381476,99,180,0,0,0.40195599624360406
MH-002_2022_R099_C181,MH-002,2022,19.598589,80.381746,99,181,0,0,0.370133710607428
MH-002_2022_R099_C182,MH-002,2022,19.598589,80.382015,99,182,0,0,0.3852468674806075
MH-002_2022_R100_C161,MH-002,2022,19.59832,80.376356,100,161,0,1,0.5690702480595504
MH-002_2022_R100_C162,MH-002,2022,19.59832,80.376625,100,162,0,1,0.5429983655971946
MH-002_2022_R100_C163,MH-002,2022,19.59832,80.376895,100,163,0,1,0.540004115938579
MH-002_2022_R100_C164,MH-002,2022,19.59832,80.377164,100,164,0,1,0.5972773273378473
MH-002_2022_R100_C165,MH-002,2022,19.59832,80.377434,100,165,0,0,0.49535522504572976
MH-002_2022_R100_C166,MH-002,2022,19.59832,80.377703,100,166,1,0,0.4963210944811972
MH-002_2022_R100_C167,MH-002,2022,19.59832,80.377973,100,167,1,1,0.5873986276127203
MH-002_2022_R100_C168,MH-002,2022,19.59832,80.378242,100,168,1,1,0.6340167926333046
MH-002_2022_R100_C169,MH-002,2022,19.59832,80.378512,100,169,0,1,0.6237174190334158
MH-002_2022_R100_C170,MH-002,2022,19.59832,80.378781,100,170,0,1,0.5879759815741935
MH-002_2022_R100_C171,MH-002,2022,19.59832,80.379051,100,171,0,1,0.5463500443641763
MH-002_2022_R100_C172,MH-002,2022,19.59832,80.37932,100,172,0,1,0.6258994684867891
MH-002_2022_R100_C173,MH-002,2022,19.59832,80.37959,100,173,0,1,0.5746587931206807
MH-002_2022_R100_C174,MH-002,2022,19.59832,80.379859,100,174,0,1,0.567069802515783
MH-002_2022_R100_C175,MH-002,2022,19.59832,80.380129,100,175,0,1,0.5347296664643028
MH-002_2022_R100_C176,MH-002,2022,19.59832,80.380398,100,176,0,1,0.5935727051643325
MH-002_2022_R100_C177,MH-002,2022,19.59832,80.380668,100,177,0,1,0.5772670404521022
MH-002_2022_R100_C178,MH-002,2022,19.59832,80.380937,100,178,0,1,0.5849644421714868
MH-002_2022_R100_C179,MH-002,2022,19.59832,80.381207,100,179,0,1,0.5372389374209253
MH-002_2022_R100_C180,MH-002,2022,19.59832,80.381476,100,180,0,1,0.5019593287872236
MH-002_2022_R100_C181,MH-002,2022,19.59832,80.381746,100,181,0,0,0.4654646948357417
MH-002_2022_R101_C161,MH-002,2022,19.59805,80.376356,101,161,0,1,0.5447911037014439
MH-002_2022_R101_C162,MH-002,2022,19.59805,80.376625,101,162,0,1,0.5764388832320391
MH-002_2022_R101_C163,MH-002,2022,19.59805,80.376895,101,163,0,1,0.6068143305312734
MH-002_2022_R101_C164,MH-002,2022,19.59805,80.377164,101,164,1,1,0.6385311729823727
MH-002_2022_R101_C165,MH-002,2022,19.59805,80.377434,101,165,1,1,0.5910054855051067
MH-002_2022_R101_C166,MH-002,2022,19.59805,80.377703,101,166,1,1,0.6619897809259803
MH-002_2022_R101_C167,MH-002,2022,19.59805,80.377973,101,167,0,1,0.6386641028175652
MH-002_2022_R101_C168,MH-002,2022,19.59805,80.378242,101,168,0,1,0.6493079770777562
MH-002_2022_R101_C169,MH-002,2022,19.59805,80.378512,101,169,0,1,0.6121595393867609
MH-002_2022_R101_C170,MH-002,2022,19.59805,80.378781,101,170,0,1,0.5421183059452511
MH-002_2022_R101_C171,MH-002,2022,19.59805,80.379051,101,171,0,1,0.5892603040194438
MH-002_2022_R101_C172,MH-002,2022,19.59805,80.37932,101,172,0,1,0.6004610486490605
MH-002_2022_R101_C173,MH-002,2022,19.59805,80.37959,101,173,0,1,0.6120938648196107
MH-002_2022_R101_C174,MH-002,2022,19.59805,80.379859,101,174,0,1,0.5851687618905222
MH-002_2022_R101_C175,MH-002,2022,19.59805,80.380129,101,175,0,1,0.6040281035265113
MH-002_2022_R101_C176,MH-002,2022,19.59805,80.380398,101,176,0,1,0.5869186415770454
MH-002_2022_R101_C177,MH-002,2022,19.59805,80.380668,101,177,0,1,0.5745448317276203
MH-002_2022_R101_C178,MH-002,2022,19.59805,80.380937,101,178,0,1,0.5387606431708517
MH-002_2022_R101_C179,MH-002,2022,19.59805,80.381207,101,179,0,1,0.5630187295012384
MH-002_2022_R101_C180,MH-002,2022,19.59805,80.381476,101,180,0,1,0.5368483222658417
MH-002_2022_R101_C181,MH-002,2022,19.59805,80.381746,101,181,0,1,0.5595997981599523
MH-002_2022_R102_C161,MH-002,2022,19.597781,80.376356,102,161,0,1,0.6284698200690396
MH-002_2022_R102_C162,MH-002,2022,19.597781,80.376625,102,162,0,1,0.5494241099766791
MH-002_2022_R102_C163,MH-002,2022,19.597781,80.376895,102,163,1,1,0.5816407886856578
MH-002_2022_R102_C164,MH-002,2022,19.597781,80.377164,102,164,1,1,0.6222581172050965
MH-002_2022_R102_C165,MH-002,2022,19.597781,80.377434,102,165,1,1,0.6137462745746906
MH-002_2022_R102_C166,MH-002,2022,19.597781,80.377703,102,166,0,1,0.6350677030664194
MH-002_2022_R102_C167,MH-002,2022,19.597781,80.377973,102,167,0,1,0.6360288862217474
MH-002_2022_R102_C168,MH-002,2022,19.597781,80.378242,102,168,0,1,0.5923807801452381
MH-002_2022_R102_C169,MH-002,2022,19.597781,80.378512,102,169,1,1,0.6080078109795791
MH-002_2022_R102_C170,MH-002,2022,19.597781,80.378781,102,170,1,1,0.6164227548840582
MH-002_2022_R102_C171,MH-002,2022,19.597781,80.379051,102,171,1,1,0.603746912352912
MH-002_2022_R102_C172,MH-002,2022,19.597781,80.37932,102,172,0,1,0.660807521238332
MH-002_2022_R102_C173,MH-002,2022,19.597781,80.37959,102,173,0,1,0.636222976892468
MH-002_2022_R102_C174,MH-002,2022,19.597781,80.379859,102,174,0,1,0.6343918754026142
MH-002_2022_R102_C175,MH-002,2022,19.597781,80.380129,102,175,0,1,0.6102991805840652
MH-002_2022_R102_C176,MH-002,2022,19.597781,80.380398,102,176,0,1,0.5924424583091659
MH-002_2022_R102_C177,MH-002,2022,19.597781,80.380668,102,177,0,1,0.5278918028616025
MH-002_2022_R102_C178,MH-002,2022,19.597781,80.380937,102,178,0,1,0.5892952700652647
MH-002_2022_R102_C179,MH-002,2022,19.597781,80.381207,102,179,0,1,0.5922311354157502
MH-002_2022_R102_C180,MH-002,2022,19.597781,80.381476,102,180,0,1,0.5916993033637821
MH-002_2022_R102_C181,MH-002,2022,19.597781,80.381746,102,181,0,1,0.5896555831172636
MH-002_2022_R103_C161,MH-002,2022,19.597511,80.376356,103,161,0,1,0.5786006587717996
MH-002_2022_R103_C162,MH-002,2022,19.597511,80.376625,103,162,0,1,0.5402790637251963
MH-002_2022_R103_C163,MH-002,2022,19.597511,80.376895,103,163,0,1,0.5061686485621515
MH-002_2022_R103_C164,MH-002,2022,19.597511,80.377164,103,164,1,1,0.579572128572392
MH-002_2022_R103_C165,MH-002,2022,19.597511,80.377434,103,165,0,1,0.6293382190372264
MH-002_2022_R103_C166,MH-002,2022,19.597511,80.377703,103,166,0,1,0.6536775785649295
MH-002_2022_R103_C167,MH-002,2022,19.597511,80.377973,103,167,0,1,0.6391639506654079
MH-002_2022_R103_C168,MH-002,2022,19.597511,80.378242,103,168,0,1,0.632218930840796
MH-002_2022_R103_C169,MH-002,2022,19.597511,80.378512,103,169,1,1,0.6222521911218295
MH-002_2022_R103_C170,MH-002,2022,19.597511,80.378781,103,170,1,1,0.5947970048265828
MH-002_2022_R103_C171,MH-002,2022,19.597511,80.379051,103,171,0,1,0.6543871573375224
MH-002_2022_R103_C172,MH-002,2022,19.597511,80.37932,103,172,0,1,0.6191356737943401
MH-002_2022_R103_C173,MH-002,2022,19.597511,80.37959,103,173,0,1,0.6686090802281218
MH-002_2022_R103_C174,MH-002,2022,19.597511,80.379859,103,174,0,1,0.5743601466743847
MH-002_2022_R103_C175,MH-002,2022,19.597511,80.380129,103,175,0,1,0.6185423032805013
MH-002_2022_R103_C176,MH-002,2022,19.597511,80.380398,103,176,0,1,0.60218403465527
MH-002_2022_R103_C177,MH-002,2022,19.597511,80.380668,103,177,0,1,0.5561691762906796
MH-002_2022_R103_C178,MH-002,2022,19.597511,80.380937,103,178,0,1,0.5665235259433857
MH-002_2022_R103_C179,MH-002,2022,19.597511,80.381207,103,179,0,1,0.5544540701102882
MH-002_2022_R103_C180,MH-002,2022,19.597511,80.381476,103,180,0,1,0.5195391817698382
MH-002_2022_R104_C161,MH-002,2022,19.597242,80.376356,104,161,0,1,0.5822191199235845
MH-002_2022_R104_C162,MH-002,2022,19.597242,80.376625,104,162,0,1,0.5758057882963171
MH-002_2022_R104_C163,MH-002,2022,19.597242,80.376895,104,163,0,1,0.6220378219264089
MH-002_2022_R104_C164,MH-002,2022,19.597242,80.377164,104,164,1,1,0.5907691659433684
MH-002_2022_R104_C165,MH-002,2022,19.597242,80.377434,104,165,1,1,0.5960458495205302
MH-002_2022_R104_C166,MH-002,2022,19.597242,80.377703,104,166,0,1,0.6242816200409178
MH-002_2022_R104_C167,MH-002,2022,19.597242,80.377973,104,167,0,1,0.6796820138909528
MH-002_2022_R104_C168,MH-002,2022,19.597242,80.378242,104,168,0,1,0.5999350429133677
MH-002_2022_R104_C169,MH-002,2022,19.597242,80.378512,104,169,0,1,0.6635387244373546
MH-002_2022_R104_C170,MH-002,2022,19.597242,80.378781,104,170,0,1,0.6377332343301744
MH-002_2022_R104_C171,MH-002,2022,19.597242,80.379051,104,171,0,1,0.6452343729501165
MH-002_2022_R104_C172,MH-002,2022,19.597242,80.37932,104,172,0,1,0.6974353258157264
MH-002_2022_R104_C173,MH-002,2022,19.597242,80.37959,104,173,0,1,0.6188419828207902
MH-002_2022_R104_C174,MH-002,2022,19.597242,80.379859,104,174,0,1,0.6515349106411238
MH-002_2022_R104_C175,MH-002,2022,19.597242,80.380129,104,175,0,1,0.6066307361416124
MH-002_2022_R104_C176,MH-002,2022,19.597242,80.380398,104,176,0,1,0.619115621979931
MH-002_2022_R104_C177,MH-002,2022,19.597242,80.380668,104,177,0,1,0.5546761469663496
MH-002_2022_R104_C178,MH-002,2022,19.597242,80.380937,104,178,0,1,0.5828672816398781
MH-002_2022_R104_C179,MH-002,2022,19.597242,80.381207,104,179,0,1,0.5737651028248013
MH-002_2022_R104_C180,MH-002,2022,19.597242,80.381476,104,180,0,1,0.5380759469083509
MH-002_2022_R105_C161,MH-002,2022,19.596973,80.376356,105,161,0,1,0.559898199178658
MH-002_2022_R105_C162,MH-002,2022,19.596973,80.376625,105,162,0,1,0.5785416271649502
MH-002_2022_R105_C163,MH-002,2022,19.596973,80.376895,105,163,0,1,0.6039012849667287
MH-002_2022_R105_C164,MH-002,2022,19.596973,80.377164,105,164,1,1,0.5760084922482372
MH-002_2022_R105_C165,MH-002,2022,19.596973,80.377434,105,165,1,1,0.5353883105411882
MH-002_2022_R105_C166,MH-002,2022,19.596973,80.377703,105,166,0,1,0.5565208318770624
MH-002_2022_R105_C167,MH-002,2022,19.596973,80.377973,105,167,0,1,0.6584347140313438
MH-002_2022_R105_C168,MH-002,2022,19.596973,80.378242,105,168,0,1,0.6318885140019382
MH-002_2022_R105_C169,MH-002,2022,19.596973,80.378512,105,169,0,1,0.684779994413371
MH-002_2022_R105_C170,MH-002,2022,19.596973,80.378781,105,170,0,1,0.6550924277531576
MH-002_2022_R105_C171,MH-002,2022,19.596973,80.379051,105,171,0,1,0.6284215354203103
MH-002_2022_R105_C172,MH-002,2022,19.596973,80.37932,105,172,0,1,0.6707029698191111
MH-002_2022_R105_C173,MH-002,2022,19.596973,80.37959,105,173,0,1,0.6685091695622963
MH-002_2022_R105_C174,MH-002,2022,19.596973,80.379859,105,174,0,1,0.6223590220925567
MH-002_2022_R105_C175,MH-002,2022,19.596973,80.380129,105,175,0,1,0.6368023814441182
MH-002_2022_R105_C176,MH-002,2022,19.596973,80.380398,105,176,0,1,0.605922705586654
MH-002_2022_R105_C177,MH-002,2022,19.596973,80.380668,105,177,0,1,0.579699568745045
MH-002_2022_R105_C178,MH-002,2022,19.596973,80.380937,105,178,0,1,0.5566379225108027
MH-002_2022_R105_C179,MH-002,2022,19.596973,80.381207,105,179,0,1,0.589153657182805
MH-002_2022_R106_C161,MH-002,2022,19.596703,80.376356,106,161,0,1,0.518158574899353
MH-002_2022_R106_C162,MH-002,2022,19.596703,80.376625,106,162,0,1,0.5865460900594253
MH-002_2022_R106_C163,MH-002,2022,19.596703,80.376895,106,163,0,1,0.6050990442877947
MH-002_2022_R106_C164,MH-002,2022,19.596703,80.377164,106,164,0,1,0.6356563939713389
MH-002_2022_R106_C165,MH-002,2022,19.596703,80.377434,106,165,1,1,0.5371533885607593
MH-002_2022_R106_C166,MH-002,2022,19.596703,80.377703,106,166,0,1,0.5795634823096449
MH-002_2022_R106_C167,MH-002,2022,19.596703,80.377973,106,167,0,1,0.5694281267122412
MH-002_2022_R106_C168,MH-002,2022,19.596703,80.378242,106,168,0,1,0.5374360027091409
MH-002_2022_R106_C169,MH-002,2022,19.596703,80.378512,106,169,0,1,0.6370069589302839
MH-002_2022_R106_C170,MH-002,2022,19.596703,80.378781,106,170,0,1,0.6864577850268669
MH-002_2022_R106_C171,MH-002,2022,19.596703,80.379051,106,171,0,1,0.6330793218318408
MH-002_2022_R106_C172,MH-002,2022,19.596703,80.37932,106,172,0,1,0.6409220495592668
MH-002_2022_R106_C173,MH-002,2022,19.596703,80.37959,106,173,0,1,0.6443352022749222
MH-002_2022_R106_C174,MH-002,2022,19.596703,80.379859,106,174,0,1,0.6483475887335671
MH-002_2022_R106_C175,MH-002,2022,19.596703,80.380129,106,175,0,1,0.692909416676529
MH-002_2022_R106_C176,MH-002,2022,19.596703,80.380398,106,176,0,1,0.6499586979724462
MH-002_2022_R106_C177,MH-002,2022,19.596703,80.380668,106,177,0,1,0.6226732284560642
MH-002_2022_R106_C178,MH-002,2022,19.596703,80.380937,106,178,0,1,0.6029030995448664
MH-002_2022_R106_C179,MH-002,2022,19.596703,80.381207,106,179,0,1,0.5829654132669435
MH-002_2022_R107_C161,MH-002,2022,19.596434,80.376356,107,161,1,1,0.5686429382291597
MH-002_2022_R107_C162,MH-002,2022,19.596434,80.376625,107,162,1,1,0.6151642887701873
MH-002_2022_R107_C163,MH-002,2022,19.596434,80.376895,107,163,1,1,0.6517925716706862
MH-002_2022_R107_C164,MH-002,2022,19.596434,80.377164,107,164,0,1,0.6211152853243704
MH-002_2022_R107_C165,MH-002,2022,19.596434,80.377434,107,165,0,1,0.5726391868084865
MH-002_2022_R107_C166,MH-002,2022,19.596434,80.377703,107,166,0,1,0.5830349455202964
MH-002_2022_R107_C167,MH-002,2022,19.596434,80.377973,107,167,0,1,0.5109323649907845
MH-002_2022_R107_C168,MH-002,2022,19.596434,80.378242,107,168,0,1,0.5737628357357242
MH-002_2022_R107_C169,MH-002,2022,19.596434,80.378512,107,169,0,1,0.5995328427678438
MH-002_2022_R107_C170,MH-002,2022,19.596434,80.378781,107,170,0,1,0.6242371867575116
MH-002_2022_R107_C171,MH-002,2022,19.596434,80.379051,107,171,0,1,0.6227455992204989
MH-002_2022_R107_C172,MH-002,2022,19.596434,80.37932,107,172,0,1,0.6334370142322964
MH-002_2022_R107_C173,MH-002,2022,19.596434,80.37959,107,173,0,1,0.6096509540788271
MH-002_2022_R107_C174,MH-002,2022,19.596434,80.379859,107,174,0,1,0.6214415632333629
MH-002_2022_R107_C175,MH-002,2022,19.596434,80.380129,107,175,0,1,0.6112070196059681
MH-002_2022_R107_C176,MH-002,2022,19.596434,80.380398,107,176,0,1,0.616338746577991
MH-002_2022_R107_C177,MH-002,2022,19.596434,80.380668,107,177,0,1,0.5976429430290553
MH-002_2022_R107_C178,MH-002,2022,19.596434,80.380937,107,178,0,1,0.6335824869987755
MH-002_2022_R108_C161,MH-002,2022,19.596164,80.376356,108,161,1,1,0.6457884882972463
MH-002_2022_R108_C162,MH-002,2022,19.596164,80.376625,108,162,1,1,0.6502823513956358
MH-002_2022_R108_C163,MH-002,2022,19.596164,80.376895,108,163,0,1,0.6160101508394594
MH-002_2022_R108_C164,MH-002,2022,19.596164,80.377164,108,164,0,1,0.5684445022323718
MH-002_2022_R108_C165,MH-002,2022,19.596164,80.377434,108,165,1,0,0.49010648914945637
MH-002_2022_R108_C166,MH-002,2022,19.596164,80.377703,108,166,1,0,0.49532499256311296
MH-002_2022_R108_C167,MH-002,2022,19.596164,80.377973,108,167,0,1,0.6067426130357068
MH-002_2022_R108_C168,MH-002,2022,19.596164,80.378242,108,168,0,1,0.6020323572405438
MH-002_2022_R108_C169,MH-002,2022,19.596164,80.378512,108,169,0,1,0.5841611308086996
MH-002_2022_R108_C170,MH-002,2022,19.596164,80.378781,108,170,0,1,0.5706104402066235
MH-002_2022_R108_C171,MH-002,2022,19.596164,80.379051,108,171,0,1,0.6128922317872167
MH-002_2022_R108_C172,MH-002,2022,19.596164,80.37932,108,172,0,1,0.6106807906416034
MH-002_2022_R108_C173,MH-002,2022,19.596164,80.37959,108,173,0,1,0.6630896802819974
MH-002_2022_R108_C174,MH-002,2022,19.596164,80.379859,108,174,0,1,0.5900845411185729
MH-002_2022_R108_C175,MH-002,2022,19.596164,80.380129,108,175,0,1,0.6166486903844922
MH-002_2022_R108_C176,MH-002,2022,19.596164,80.380398,108,176,0,1,0.6237203062381631
MH-002_2022_R108_C177,MH-002,2022,19.596164,80.380668,108,177,0,1,0.6714830209321605
MH-002_2022_R108_C178,MH-002,2022,19.596164,80.380937,108,178,0,1,0.6286221723681024
MH-002_2023_R058_C161,MH-002,2023,19.609639,80.376356,58,161,0,0,0.34031653088669217
MH-002_2023_R059_C161,MH-002,2023,19.609369,80.376356,59,161,0,0,0.4231183745228601
MH-002_2023_R059_C162,MH-002,2023,19.609369,80.376625,59,162,0,0,0.36767614241655705
MH-002_2023_R060_C161,MH-002,2023,19.6091,80.376356,60,161,0,0,0.4836305086564854
MH-002_2023_R060_C162,MH-002,2023,19.6091,80.376625,60,162,0,0,0.38307885881521253
MH-002_2023_R060_C163,MH-002,2023,19.6091,80.376895,60,163,0,0,0.469324978183608
MH-002_2023_R061_C161,MH-002,2023,19.60883,80.376356,61,161,0,0,0.4508240586614475
MH-002_2023_R061_C162,MH-002,2023,19.60883,80.376625,61,162,0,0,0.3407398694170573
MH-002_2023_R061_C163,MH-002,2023,19.60883,80.376895,61,163,0,0,0.37844469950708765
MH-002_2023_R061_C164,MH-002,2023,19.60883,80.377164,61,164,0,0,0.40903217704107697
MH-002_2023_R062_C161,MH-002,2023,19.608561,80.376356,62,161,0,0,0.3797279511924154
MH-002_2023_R062_C162,MH-002,2023,19.608561,80.376625,62,162,0,0,0.3330885260228181
MH-002_2023_R062_C163,MH-002,2023,19.608561,80.376895,62,163,0,0,0.3752118908802725
MH-002_2023_R062_C164,MH-002,2023,19.608561,80.377164,62,164,0,0,0.314579345473095
MH-002_2023_R062_C165,MH-002,2023,19.608561,80.377434,62,165,0,0,0.43282185197876816
MH-002_2023_R063_C161,MH-002,2023,19.608291,80.376356,63,161,0,0,0.3813985206676924
MH-002_2023_R063_C162,MH-002,2023,19.608291,80.376625,63,162,0,0,0.436028188312883
MH-002_2023_R063_C163,MH-002,2023,19.608291,80.376895,63,163,0,0,0.4374059828637371
MH-002_2023_R063_C164,MH-002,2023,19.608291,80.377164,63,164,0,0,0.4240422976490437
MH-002_2023_R063_C165,MH-002,2023,19.608291,80.377434,63,165,0,0,0.4560145833062048
MH-002_2023_R063_C166,MH-002,2023,19.608291,80.377703,63,166,0,0,0.4456859361673758
MH-002_2023_R064_C161,MH-002,2023,19.608022,80.376356,64,161,0,0,0.39372964590416815
MH-002_2023_R064_C162,MH-002,2023,19.608022,80.376625,64,162,0,0,0.4008140444964727
MH-002_2023_R064_C163,MH-002,2023,19.608022,80.376895,64,163,0,0,0.4230242342885825
MH-002_2023_R064_C164,MH-002,2023,19.608022,80.377164,64,164,0,0,0.4236737665947229
MH-002_2023_R064_C165,MH-002,2023,19.608022,80.377434,64,165,0,0,0.33621001914539744
MH-002_2023_R064_C166,MH-002,2023,19.608022,80.377703,64,166,0,1,0.5329237425187857
MH-002_2023_R064_C167,MH-002,2023,19.608022,80.377973,64,167,0,0,0.4861713228200603
MH-002_2023_R065_C161,MH-002,2023,19.607752,80.376356,65,161,0,0,0.42836112607259463
MH-002_2023_R065_C162,MH-002,2023,19.607752,80.376625,65,162,0,0,0.48742259268225385
MH-002_2023_R065_C163,MH-002,2023,19.607752,80.376895,65,163,0,0,0.4555680812604277
MH-002_2023_R065_C164,MH-002,2023,19.607752,80.377164,65,164,0,0,0.48210816328283207
MH-002_2023_R065_C165,MH-002,2023,19.607752,80.377434,65,165,0,0,0.4897339599646822
MH-002_2023_R065_C166,MH-002,2023,19.607752,80.377703,65,166,0,1,0.5379911363556625
MH-002_2023_R065_C167,MH-002,2023,19.607752,80.377973,65,167,0,0,0.41452425644091273
MH-002_2023_R065_C168,MH-002,2023,19.607752,80.378242,65,168,0,0,0.4041173190793923
MH-002_2023_R066_C161,MH-002,2023,19.607483,80.376356,66,161,0,0,0.3965197700723176
MH-002_2023_R066_C162,MH-002,2023,19.607483,80.376625,66,162,0,0,0.4277415417969983
MH-002_2023_R066_C163,MH-002,2023,19.607483,80.376895,66,163,0,0,0.42711620426332064
MH-002_2023_R066_C164,MH-002,2023,19.607483,80.377164,66,164,0,1,0.5514673166659313
MH-002_2023_R066_C165,MH-002,2023,19.607483,80.377434,66,165,0,0,0.48126619142507876
MH-002_2023_R066_C166,MH-002,2023,19.607483,80.377703,66,166,0,0,0.49970382037650785
MH-002_2023_R066_C167,MH-002,2023,19.607483,80.377973,66,167,0,0,0.4570855411208692
MH-002_2023_R066_C168,MH-002,2023,19.607483,80.378242,66,168,0,0,0.45510029468931307
MH-002_2023_R066_C169,MH-002,2023,19.607483,80.378512,66,169,0,0,0.45109615280838766
MH-002_2023_R066_C170,MH-002,2023,19.607483,80.378781,66,170,0,0,0.39037185235402444
MH-002_2023_R067_C161,MH-002,2023,19.607213,80.376356,67,161,1,0,0.38514178371800084
MH-002_2023_R067_C162,MH-002,2023,19.607213,80.376625,67,162,0,0,0.33181581171141433
MH-002_2023_R067_C163,MH-002,2023,19.607213,80.376895,67,163,0,0,0.4592032007379194
MH-002_2023_R067_C164,MH-002,2023,19.607213,80.377164,67,164,0,0,0.4532260574567693
MH-002_2023_R067_C165,MH-002,2023,19.607213,80.377434,67,165,0,0,0.4226027020016269
MH-002_2023_R067_C166,MH-002,2023,19.607213,80.377703,67,166,0,0,0.44686991254367436
MH-002_2023_R067_C167,MH-002,2023,19.607213,80.377973,67,167,0,0,0.48252039124181634
MH-002_2023_R067_C168,MH-002,2023,19.607213,80.378242,67,168,0,0,0.4126797583271154
MH-002_2023_R067_C169,MH-002,2023,19.607213,80.378512,67,169,0,0,0.4487004823596028
MH-002_2023_R067_C170,MH-002,2023,19.607213,80.378781,67,170,0,0,0.39713105254444137
MH-002_2023_R067_C171,MH-002,2023,19.607213,80.379051,67,171,0,1,0.5080583011467029
MH-002_2023_R067_C172,MH-002,2023,19.607213,80.37932,67,172,0,0,0.4952893648235209
MH-002_2023_R068_C161,MH-002,2023,19.606944,80.376356,68,161,0,0,0.4742569656276479
MH-002_2023_R068_C162,MH-002,2023,19.606944,80.376625,68,162,1,0,0.3715231125825181
MH-002_2023_R068_C163,MH-002,2023,19.606944,80.376895,68,163,1,0,0.3882658485735159
MH-002_2023_R068_C164,MH-002,2023,19.606944,80.377164,68,164,0,0,0.4479346926161112
MH-002_2023_R068_C165,MH-002,2023,19.606944,80.377434,68,165,0,0,0.42024769451806954
MH-002_2023_R068_C166,MH-002,2023,19.606944,80.377703,68,166,0,0,0.4382749165666796
MH-002_2023_R068_C167,MH-002,2023,19.606944,80.377973,68,167,0,0,0.42042882917008956
MH-002_2023_R068_C168,MH-002,2023,19.606944,80.378242,68,168,0,0,0.41281121147546895
MH-002_2023_R068_C169,MH-002,2023,19.606944,80.378512,68,169,0,0,0.45280595864039247
MH-002_2023_R068_C170,MH-002,2023,19.606944,80.378781,68,170,0,0,0.46026918785352994
MH-002_2023_R068_C171,MH-002,2023,19.606944,80.379051,68,171,0,1,0.5131591424841397
MH-002_2023_R068_C172,MH-002,2023,19.606944,80.37932,68,172,0,0,0.49245247295186106
MH-002_2023_R068_C173,MH-002,2023,19.606944,80.37959,68,173,0,1,0.5294230589909928
MH-002_2023_R068_C174,MH-002,2023,19.606944,80.379859,68,174,0,1,0.5444093578929077
MH-002_2023_R069_C161,MH-002,2023,19.606674,80.376356,69,161,0,0,0.4461993340460179
MH-002_2023_R069_C162,MH-002,2023,19.606674,80.376625,69,162,1,0,0.4183256557557431
MH-002_2023_R069_C163,MH-002,2023,19.606674,80.376895,69,163,1,0,0.46428376678087524
MH-002_2023_R069_C164,MH-002,2023,19.606674,80.377164,69,164,0,0,0.43649857068034326
MH-002_2023_R069_C165,MH-002,2023,19.606674,80.377434,69,165,0,0,0.4445598204041435
MH-002_2023_R069_C166,MH-002,2023,19.606674,80.377703,69,166,0,1,0.5121583337473848
MH-002_2023_R069_C167,MH-002,2023,19.606674,80.377973,69,167,0,0,0.4507244495319708
MH-002_2023_R069_C168,MH-002,2023,19.606674,80.378242,69,168,0,0,0.3554314182433172
MH-002_2023_R069_C169,MH-002,2023,19.606674,80.378512,69,169,0,0,0.43274430942063724
MH-002_2023_R069_C170,MH-002,2023,19.606674,80.378781,69,170,0,0,0.43444610201537065
MH-002_2023_R069_C171,MH-002,2023,19.606674,80.379051,69,171,0,0,0.4526422767561147
MH-002_2023_R069_C172,MH-002,2023,19.606674,80.37932,69,172,0,0,0.49337604103383575
MH-002_2023_R069_C173,MH-002,2023,19.606674,80.37959,69,173,0,0,0.4974284265044089
MH-002_2023_R069_C174,MH-002,2023,19.606674,80.379859,69,174,0,0,0.4535119072460181
MH-002_2023_R069_C175,MH-002,2023,19.606674,80.380129,69,175,0,0,0.44569271930018817
MH-002_2023_R070_C161,MH-002,2023,19.606405,80.376356,70,161,1,0,0.43527038542309326
MH-002_2023_R070_C162,MH-002,2023,19.606405,80.376625,70,162,1,0,0.43507235320949156
MH-002_2023_R070_C163,MH-002,2023,19.606405,80.376895,70,163,1,0,0.4239191008138808
MH-002_2023_R070_C164,MH-002,2023,19.606405,80.377164,70,164,0,0,0.4522904365740169
MH-002_2023_R070_C165,MH-002,2023,19.606405,80.377434,70,165,0,0,0.47155417700916763
MH-002_2023_R070_C166,MH-002,2023,19.606405,80.377703,70,166,0,0,0.44079828996505493
MH-002_2023_R070_C167,MH-002,2023,19.606405,80.377973,70,167,0,0,0.4516197989670219
MH-002_2023_R070_C168,MH-002,2023,19.606405,80.378242,70,168,0,0,0.4547379643461569
MH-002_2023_R070_C169,MH-002,2023,19.606405,80.378512,70,169,0,0,0.44932326753798946
MH-002_2023_R070_C170,MH-002,2023,19.606405,80.378781,70,170,0,0,0.43792380770524375
MH-002_2023_R070_C171,MH-002,2023,19.606405,80.379051,70,171,0,0,0.4872104382177512
MH-002_2023_R070_C172,MH-002,2023,19.606405,80.37932,70,172,0,1,0.5154524959595478
MH-002_2023_R070_C173,MH-002,2023,19.606405,80.37959,70,173,0,0,0.46993862544260245
MH-002_2023_R070_C174,MH-002,2023,19.606405,80.379859,70,174,0,0,0.4429870423559325
MH-002_2023_R070_C175,MH-002,2023,19.606405,80.380129,70,175,0,0,0.4062667508436327
MH-002_2023_R071_C161,MH-002,2023,19.606135,80.376356,71,161,1,1,0.5009848496314706
MH-002_2023_R071_C162,MH-002,2023,19.606135,80.376625,71,162,1,0,0.4963370206661279
MH-002_2023_R071_C163,MH-002,2023,19.606135,80.376895,71,163,1,0,0.4523063517689514
MH-002_2023_R071_C164,MH-002,2023,19.606135,80.377164,71,164,1,0,0.4588006521317857
MH-002_2023_R071_C165,MH-002,2023,19.606135,80.377434,71,165,0,0,0.487828906625308
MH-002_2023_R071_C166,MH-002,2023,19.606135,80.377703,71,166,0,0,0.46242791443693215
MH-002_2023_R071_C167,MH-002,2023,19.606135,80.377973,71,167,0,1,0.5026728683778329
MH-002_2023_R071_C168,MH-002,2023,19.606135,80.378242,71,168,0,0,0.4922066519798739
MH-002_2023_R071_C169,MH-002,2023,19.606135,80.378512,71,169,0,1,0.5497266518309403
MH-002_2023_R071_C170,MH-002,2023,19.606135,80.378781,71,170,0,1,0.5504328423484562
MH-002_2023_R071_C171,MH-002,2023,19.606135,80.379051,71,171,0,0,0.42233486460453085
MH-002_2023_R071_C172,MH-002,2023,19.606135,80.37932,71,172,0,0,0.46296939314126956
MH-002_2023_R071_C173,MH-002,2023,19.606135,80.37959,71,173,0,0,0.4255737816639954
MH-002_2023_R071_C174,MH-002,2023,19.606135,80.379859,71,174,0,0,0.459706518337725
MH-002_2023_R071_C175,MH-002,2023,19.606135,80.380129,71,175,0,0,0.44070325102453517
MH-002_2023_R072_C161,MH-002,2023,19.605866,80.376356,72,161,1,0,0.4347855940703077
MH-002_2023_R072_C162,MH-002,2023,19.605866,80.376625,72,162,1,0,0.4809719697529422
MH-002_2023_R072_C163,MH-002,2023,19.605866,80.376895,72,163,0,1,0.5135093636069026
MH-002_2023_R072_C164,MH-002,2023,19.605866,80.377164,72,164,0,0,0.4413297250319855
MH-002_2023_R072_C165,MH-002,2023,19.605866,80.377434,72,165,0,0,0.45822249092388206
MH-002_2023_R072_C166,MH-002,2023,19.605866,80.377703,72,166,0,0,0.44585157509009843
MH-002_2023_R072_C167,MH-002,2023,19.605866,80.377973,72,167,0,0,0.4366786843582744
MH-002_2023_R072_C168,MH-002,2023,19.605866,80.378242,72,168,0,1,0.5094073348183795
MH-002_2023_R072_C169,MH-002,2023,19.605866,80.378512,72,169,0,0,0.4421928663996796
MH-002_2023_R072_C170,MH-002,2023,19.605866,80.378781,72,170,0,1,0.5124276334480254
MH-002_2023_R072_C171,MH-002,2023,19.605866,80.379051,72,171,0,0,0.417155891195586
MH-002_2023_R072_C172,MH-002,2023,19.605866,80.37932,72,172,0,0,0.4043072877966004
MH-002_2023_R072_C173,MH-002,2023,19.605866,80.37959,72,173,0,0,0.49351798288824267
MH-002_2023_R072_C174,MH-002,2023,19.605866,80.379859,72,174,0,0,0.4448604061405105
MH-002_2023_R072_C175,MH-002,2023,19.605866,80.380129,72,175,0,0,0.4298317961541156
MH-002_2023_R073_C161,MH-002,2023,19.605596,80.376356,73,161,1,0,0.4397790940493353
MH-002_2023_R073_C162,MH-002,2023,19.605596,80.376625,73,162,0,0,0.46641908134519516
MH-002_2023_R073_C163,MH-002,2023,19.605596,80.376895,73,163,0,1,0.5003378542917098
MH-002_2023_R073_C164,MH-002,2023,19.605596,80.377164,73,164,0,0,0.459309738446611
MH-002_2023_R073_C165,MH-002,2023,19.605596,80.377434,73,165,0,0,0.467106963667571
MH-002_2023_R073_C166,MH-002,2023,19.605596,80.377703,73,166,0,0,0.4006628108870892
MH-002_2023_R073_C167,MH-002,2023,19.605596,80.377973,73,167,0,0,0.42542191456960177
MH-002_2023_R073_C168,MH-002,2023,19.605596,80.378242,73,168,0,0,0.434115257618679
MH-002_2023_R073_C169,MH-002,2023,19.605596,80.378512,73,169,0,1,0.5022005775849192
MH-002_2023_R073_C170,MH-002,2023,19.605596,80.378781,73,170,0,0,0.47010774496360413
MH-002_2023_R073_C171,MH-002,2023,19.605596,80.379051,73,171,0,1,0.5398373878007906
MH-002_2023_R073_C172,MH-002,2023,19.605596,80.37932,73,172,0,0,0.39664724703380805
MH-002_2023_R073_C173,MH-002,2023,19.605596,80.37959,73,173,0,0,0.4693810470982817
MH-002_2023_R073_C174,MH-002,2023,19.605596,80.379859,73,174,0,1,0.5244905097282101
MH-002_2023_R073_C175,MH-002,2023,19.605596,80.380129,73,175,0,0,0.4045799020627159
MH-002_2023_R074_C161,MH-002,2023,19.605327,80.376356,74,161,1,0,0.43889918043676107
MH-002_2023_R074_C162,MH-002,2023,19.605327,80.376625,74,162,1,0,0.4397161474071332
MH-002_2023_R074_C163,MH-002,2023,19.605327,80.376895,74,163,0,0,0.4780931469028335
MH-002_2023_R074_C164,MH-002,2023,19.605327,80.377164,74,164,1,0,0.47502328732993776
MH-002_2023_R074_C165,MH-002,2023,19.605327,80.377434,74,165,0,0,0.411448041175377
MH-002_2023_R074_C166,MH-002,2023,19.605327,80.377703,74,166,0,0,0.3697027687559002
MH-002_2023_R074_C167,MH-002,2023,19.605327,80.377973,74,167,0,0,0.40480524006498536
MH-002_2023_R074_C168,MH-002,2023,19.605327,80.378242,74,168,0,0,0.4831682894249595
MH-002_2023_R074_C169,MH-002,2023,19.605327,80.378512,74,169,0,0,0.39667612015432746
MH-002_2023_R074_C170,MH-002,2023,19.605327,80.378781,74,170,0,1,0.5219506936906398
MH-002_2023_R074_C171,MH-002,2023,19.605327,80.379051,74,171,0,1,0.5134199015236866
MH-002_2023_R074_C172,MH-002,2023,19.605327,80.37932,74,172,0,1,0.5256811901797873
MH-002_2023_R074_C173,MH-002,2023,19.605327,80.37959,74,173,0,0,0.40093367081066933
MH-002_2023_R074_C174,MH-002,2023,19.605327,80.379859,74,174,0,0,0.4700029016761737
MH-002_2023_R074_C175,MH-002,2023,19.605327,80.380129,74,175,0,0,0.39679118474628305
MH-002_2023_R074_C176,MH-002,2023,19.605327,80.380398,74,176,0,0,0.4292835064213477
MH-002_2023_R075_C161,MH-002,2023,19.605057,80.376356,75,161,0,0,0.46106940446499095
MH-002_2023_R075_C162,MH-002,2023,19.605057,80.376625,75,162,0,0,0.449825383307951
MH-002_2023_R075_C163,MH-002,2023,19.605057,80.376895,75,163,0,0,0.4541393633002068
MH-002_2023_R075_C164,MH-002,2023,19.605057,80.377164,75,164,0,0,0.47592604935080296
MH-002_2023_R075_C165,MH-002,2023,19.605057,80.377434,75,165,0,0,0.4424642566625693
MH-002_2023_R075_C166,MH-002,2023,19.605057,80.377703,75,166,0,0,0.39182440449127864
MH-002_2023_R075_C167,MH-002,2023,19.605057,80.377973,75,167,0,0,0.4406384103073599
MH-002_2023_R075_C168,MH-002,2023,19.605057,80.378242,75,168,0,0,0.3602258941159494
MH-002_2023_R075_C169,MH-002,2023,19.605057,80.378512,75,169,0,0,0.3247716060977581
MH-002_2023_R075_C170,MH-002,2023,19.605057,80.378781,75,170,0,0,0.38523740816544366
MH-002_2023_R075_C171,MH-002,2023,19.605057,80.379051,75,171,0,1,0.5529409199235065
MH-002_2023_R075_C172,MH-002,2023,19.605057,80.37932,75,172,0,1,0.5372300317709916
MH-002_2023_R075_C173,MH-002,2023,19.605057,80.37959,75,173,0,0,0.48239014996399693
MH-002_2023_R075_C174,MH-002,2023,19.605057,80.379859,75,174,0,0,0.410464071573768
MH-002_2023_R075_C175,MH-002,2023,19.605057,80.380129,75,175,0,0,0.40012007902009344
MH-002_2023_R075_C176,MH-002,2023,19.605057,80.380398,75,176,0,0,0.32379005239926945
MH-002_2023_R076_C161,MH-002,2023,19.604788,80.376356,76,161,0,0,0.419078951087201
MH-002_2023_R076_C162,MH-002,2023,19.604788,80.376625,76,162,0,0,0.49436183158708336
MH-002_2023_R076_C163,MH-002,2023,19.604788,80.376895,76,163,1,0,0.4581159355991831
MH-002_2023_R076_C164,MH-002,2023,19.604788,80.377164,76,164,0,0,0.471454165026209
MH-002_2023_R076_C165,MH-002,2023,19.604788,80.377434,76,165,0,0,0.49346917463526496
MH-002_2023_R076_C166,MH-002,2023,19.604788,80.377703,76,166,0,0,0.4018743580359644
MH-002_2023_R076_C167,MH-002,2023,19.604788,80.377973,76,167,0,0,0.3736796010319777
MH-002_2023_R076_C170,MH-002,2023,19.604788,80.378781,76,170,0,0,0.4030962083983154
MH-002_2023_R076_C171,MH-002,2023,19.604788,80.379051,76,171,0,1,0.6013043924025957
MH-002_2023_R076_C172,MH-002,2023,19.604788,80.37932,76,172,0,1,0.5094525380306695
MH-002_2023_R076_C173,MH-002,2023,19.604788,80.37959,76,173,0,1,0.5100755661905617
MH-002_2023_R076_C174,MH-002,2023,19.604788,80.379859,76,174,0,0,0.3643087013419553
MH-002_2023_R076_C175,MH-002,2023,19.604788,80.380129,76,175,0,0,0.46299147844982935
MH-002_2023_R076_C176,MH-002,2023,19.604788,80.380398,76,176,0,0,0.40368082876019273
MH-002_2023_R077_C161,MH-002,2023,19.604518,80.376356,77,161,0,0,0.44351253304343186
MH-002_2023_R077_C162,MH-002,2023,19.604518,80.376625,77,162,1,0,0.4642067647750112
MH-002_2023_R077_C163,MH-002,2023,19.604518,80.376895,77,163,0,0,0.39480365626801917
MH-002_2023_R077_C164,MH-002,2023,19.604518,80.377164,77,164,0,0,0.3765671649930836
MH-002_2023_R077_C165,MH-002,2023,19.604518,80.377434,77,165,0,0,0.33280471733513967
MH-002_2023_R077_C166,MH-002,2023,19.604518,80.377703,77,166,0,0,0.37846363984369535
MH-002_2023_R077_C168,MH-002,2023,19.604518,80.378242,77,168,0,0,0.22475130669981658
MH-002_2023_R077_C169,MH-002,2023,19.604518,80.378512,77,169,0,0,0.2669120671255543
MH-002_2023_R077_C170,MH-002,2023,19.604518,80.378781,77,170,0,0,0.27652891978175004
MH-002_2023_R077_C171,MH-002,2023,19.604518,80.379051,77,171,0,0,0.40603911142845
MH-002_2023_R077_C172,MH-002,2023,19.604518,80.37932,77,172,0,0,0.4253654841695193
MH-002_2023_R077_C173,MH-002,2023,19.604518,80.37959,77,173,0,1,0.5331103653032684
MH-002_2023_R077_C174,MH-002,2023,19.604518,80.379859,77,174,0,1,0.5607773297777547
MH-002_2023_R077_C175,MH-002,2023,19.604518,80.380129,77,175,0,0,0.4927805594661215
MH-002_2023_R077_C176,MH-002,2023,19.604518,80.380398,77,176,0,0,0.41049933599434574
MH-002_2023_R078_C161,MH-002,2023,19.604249,80.376356,78,161,0,0,0.38772203530326654
MH-002_2023_R078_C162,MH-002,2023,19.604249,80.376625,78,162,1,1,0.5382071257130633
MH-002_2023_R078_C163,MH-002,2023,19.604249,80.376895,78,163,1,0,0.3686932530684511
MH-002_2023_R078_C164,MH-002,2023,19.604249,80.377164,78,164,0,0,0.42752704206640213
MH-002_2023_R078_C165,MH-002,2023,19.604249,80.377434,78,165,0,0,0.4112592811343187
MH-002_2023_R078_C167,MH-002,2023,19.604249,80.377973,78,167,0,0,0.3874369336679168
MH-002_2023_R078_C168,MH-002,2023,19.604249,80.378242,78,168,0,0,0.26601085501679833
MH-002_2023_R078_C169,MH-002,2023,19.604249,80.378512,78,169,0,0,0.2662718224581367
MH-002_2023_R078_C171,MH-002,2023,19.604249,80.379051,78,171,0,0,0.34264548957651814
MH-002_2023_R078_C172,MH-002,2023,19.604249,80.37932,78,172,0,1,0.553148330462434
MH-002_2023_R078_C173,MH-002,2023,19.604249,80.37959,78,173,0,1,0.5173127044916627
MH-002_2023_R078_C174,MH-002,2023,19.604249,80.379859,78,174,0,1,0.5012465454464823
MH-002_2023_R078_C175,MH-002,2023,19.604249,80.380129,78,175,0,0,0.4818110847128677
MH-002_2023_R078_C176,MH-002,2023,19.604249,80.380398,78,176,0,0,0.36930486156360937
MH-002_2023_R079_C161,MH-002,2023,19.603979,80.376356,79,161,0,0,0.44221643064193067
MH-002_2023_R079_C162,MH-002,2023,19.603979,80.376625,79,162,0,0,0.44779405132859934
MH-002_2023_R079_C163,MH-002,2023,19.603979,80.376895,79,163,0,0,0.466914170885263
MH-002_2023_R079_C164,MH-002,2023,19.603979,80.377164,79,164,0,0,0.45058119308388983
MH-002_2023_R079_C165,MH-002,2023,19.603979,80.377434,79,165,0,0,0.3118233903129775
MH-002_2023_R079_C167,MH-002,2023,19.603979,80.377973,79,167,0,0,0.3089780408975845
MH-002_2023_R079_C168,MH-002,2023,19.603979,80.378242,79,168,0,0,0.3982896347569337
MH-002_2023_R079_C169,MH-002,2023,19.603979,80.378512,79,169,0,0,0.13150395135863166
MH-002_2023_R079_C171,MH-002,2023,19.603979,80.379051,79,171,0,0,0.4013763697275398
MH-002_2023_R079_C172,MH-002,2023,19.603979,80.37932,79,172,0,0,0.45262512084811524
MH-002_2023_R079_C173,MH-002,2023,19.603979,80.37959,79,173,0,0,0.45964534357846304
MH-002_2023_R079_C174,MH-002,2023,19.603979,80.379859,79,174,0,1,0.5019977292971587
MH-002_2023_R079_C175,MH-002,2023,19.603979,80.380129,79,175,0,0,0.49134320363937817
MH-002_2023_R079_C176,MH-002,2023,19.603979,80.380398,79,176,0,0,0.3456077866665319
MH-002_2023_R080_C161,MH-002,2023,19.60371,80.376356,80,161,0,0,0.4776237006705613
MH-002_2023_R080_C162,MH-002,2023,19.60371,80.376625,80,162,0,0,0.38558426458820844
MH-002_2023_R080_C163,MH-002,2023,19.60371,80.376895,80,163,1,0,0.3862277699263473
MH-002_2023_R080_C164,MH-002,2023,19.60371,80.377164,80,164,0,0,0.4833871751981659
MH-002_2023_R080_C165,MH-002,2023,19.60371,80.377434,80,165,0,0,0.2520383833455221
MH-002_2023_R080_C166,MH-002,2023,19.60371,80.377703,80,166,0,0,0.18810343352660822
MH-002_2023_R080_C167,MH-002,2023,19.60371,80.377973,80,167,0,0,0.3351464519642535
MH-002_2023_R080_C170,MH-002,2023,19.60371,80.378781,80,170,0,0,0.1471186062078731
MH-002_2023_R080_C171,MH-002,2023,19.60371,80.379051,80,171,0,0,0.4052795710662356
MH-002_2023_R080_C172,MH-002,2023,19.60371,80.37932,80,172,0,0,0.4074020873594992
MH-002_2023_R080_C173,MH-002,2023,19.60371,80.37959,80,173,0,0,0.3970253640336329
MH-002_2023_R080_C174,MH-002,2023,19.60371,80.379859,80,174,0,1,0.5286986185115854
MH-002_2023_R080_C175,MH-002,2023,19.60371,80.380129,80,175,0,0,0.43592850557621937
MH-002_2023_R080_C176,MH-002,2023,19.60371,80.380398,80,176,0,0,0.33938723087120587
MH-002_2023_R081_C161,MH-002,2023,19.60344,80.376356,81,161,0,0,0.4251609081764157
MH-002_2023_R081_C162,MH-002,2023,19.60344,80.376625,81,162,0,0,0.42160109311022786
MH-002_2023_R081_C163,MH-002,2023,19.60344,80.376895,81,163,0,1,0.5494589145946127
MH-002_2023_R081_C164,MH-002,2023,19.60344,80.377164,81,164,1,0,0.4898725294583204
MH-002_2023_R081_C165,MH-002,2023,19.60344,80.377434,81,165,0,0,0.3236407783305407
MH-002_2023_R081_C168,MH-002,2023,19.60344,80.378242,81,168,0,0,0.3381003558205933
MH-002_2023_R081_C169,MH-002,2023,19.60344,80.378512,81,169,0,0,0.3719522546230921
MH-002_2023_R081_C170,MH-002,2023,19.60344,80.378781,81,170,0,0,0.24674188534260916
MH-002_2023_R081_C171,MH-002,2023,19.60344,80.379051,81,171,0,0,0.40277659076840905
MH-002_2023_R081_C172,MH-002,2023,19.60344,80.37932,81,172,0,0,0.4311955896836005
MH-002_2023_R081_C173,MH-002,2023,19.60344,80.37959,81,173,0,0,0.4261572934732168
MH-002_2023_R081_C174,MH-002,2023,19.60344,80.379859,81,174,0,1,0.5106476082610042
MH-002_2023_R081_C175,MH-002,2023,19.60344,80.380129,81,175,0,0,0.46606394620249164
MH-002_2023_R081_C176,MH-002,2023,19.60344,80.380398,81,176,0,0,0.34755345222147505
MH-002_2023_R082_C161,MH-002,2023,19.603171,80.376356,82,161,0,0,0.45246908012651327
MH-002_2023_R082_C162,MH-002,2023,19.603171,80.376625,82,162,0,0,0.49264341981688986
MH-002_2023_R082_C163,MH-002,2023,19.603171,80.376895,82,163,0,0,0.4940490576319622
MH-002_2023_R082_C164,MH-002,2023,19.603171,80.377164,82,164,1,0,0.4204210612136622
MH-002_2023_R082_C168,MH-002,2023,19.603171,80.378242,82,168,0,0,0.38616247349810645
MH-002_2023_R082_C169,MH-002,2023,19.603171,80.378512,82,169,0,0,0.2833757789716171
MH-002_2023_R082_C170,MH-002,2023,19.603171,80.378781,82,170,0,0,0.2902804785580888
MH-002_2023_R082_C171,MH-002,2023,19.603171,80.379051,82,171,0,0,0.3358962070368919
MH-002_2023_R082_C172,MH-002,2023,19.603171,80.37932,82,172,0,0,0.38974869849595334
MH-002_2023_R082_C173,MH-002,2023,19.603171,80.37959,82,173,0,0,0.37726007462544964
MH-002_2023_R082_C174,MH-002,2023,19.603171,80.379859,82,174,0,0,0.4420796439982215
MH-002_2023_R082_C175,MH-002,2023,19.603171,80.380129,82,175,0,0,0.4743342630432763
MH-002_2023_R082_C176,MH-002,2023,19.603171,80.380398,82,176,0,0,0.3645227083228254
MH-002_2023_R083_C161,MH-002,2023,19.602901,80.376356,83,161,0,0,0.37404145773466885
MH-002_2023_R083_C162,MH-002,2023,19.602901,80.376625,83,162,0,1,0.5504921092790384
MH-002_2023_R083_C163,MH-002,2023,19.602901,80.376895,83,163,0,0,0.4862667482891462
MH-002_2023_R083_C164,MH-002,2023,19.602901,80.377164,83,164,0,0,0.30258359990810807
MH-002_2023_R083_C166,MH-002,2023,19.602901,80.377703,83,166,0,0,0.21205527530320417
MH-002_2023_R083_C168,MH-002,2023,19.602901,80.378242,83,168,0,0,0.39131402211288496
MH-002_2023_R083_C169,MH-002,2023,19.602901,80.378512,83,169,0,0,0.19963908655946763
MH-002_2023_R083_C171,MH-002,2023,19.602901,80.379051,83,171,0,0,0.19928600377133404
MH-002_2023_R083_C172,MH-002,2023,19.602901,80.37932,83,172,0,0,0.34004941428098706
MH-002_2023_R083_C173,MH-002,2023,19.602901,80.37959,83,173,0,0,0.2986087143147112
MH-002_2023_R083_C175,MH-002,2023,19.602901,80.380129,83,175,0,0,0.4052386629170735
MH-002_2023_R083_C176,MH-002,2023,19.602901,80.380398,83,176,0,0,0.48905438916591915
MH-002_2023_R083_C177,MH-002,2023,19.602901,80.380668,83,177,0,0,0.3433969507807827
MH-002_2023_R084_C161,MH-002,2023,19.602632,80.376356,84,161,0,0,0.3645816831287958
MH-002_2023_R084_C163,MH-002,2023,19.602632,80.376895,84,163,0,0,0.38838709927381476
MH-002_2023_R084_C165,MH-002,2023,19.602632,80.377434,84,165,0,0,0.18193400106264604
MH-002_2023_R084_C166,MH-002,2023,19.602632,80.377703,84,166,0,0,0.2095492469830005
MH-002_2023_R084_C167,MH-002,2023,19.602632,80.377973,84,167,1,0,0.25899613047737585
MH-002_2023_R084_C170,MH-002,2023,19.602632,80.378781,84,170,0,0,0.15952444547711614
MH-002_2023_R084_C171,MH-002,2023,19.602632,80.379051,84,171,0,0,0.16118839572687288
MH-002_2023_R084_C172,MH-002,2023,19.602632,80.37932,84,172,0,0,0.3336915601127897
MH-002_2023_R084_C173,MH-002,2023,19.602632,80.37959,84,173,0,0,0.3254070779669013
MH-002_2023_R084_C174,MH-002,2023,19.602632,80.379859,84,174,0,0,0.26062036248469983
MH-002_2023_R084_C176,MH-002,2023,19.602632,80.380398,84,176,0,0,0.46361426639614967
MH-002_2023_R084_C177,MH-002,2023,19.602632,80.380668,84,177,0,0,0.3263362418841215
MH-002_2023_R085_C161,MH-002,2023,19.602362,80.376356,85,161,0,0,0.3267656686580333
MH-002_2023_R085_C162,MH-002,2023,19.602362,80.376625,85,162,0,0,0.41650772262599856
MH-002_2023_R085_C163,MH-002,2023,19.602362,80.376895,85,163,0,0,0.3667474062882404
MH-002_2023_R085_C164,MH-002,2023,19.602362,80.377164,85,164,0,0,0.3899587323027485
MH-002_2023_R085_C165,MH-002,2023,19.602362,80.377434,85,165,0,0,0.28826657508279413
MH-002_2023_R085_C166,MH-002,2023,19.602362,80.377703,85,166,0,0,0.4555147428168804
MH-002_2023_R085_C167,MH-002,2023,19.602362,80.377973,85,167,0,0,0.42843789311404545
MH-002_2023_R085_C171,MH-002,2023,19.602362,80.379051,85,171,0,0,0.2295601436076655
MH-002_2023_R085_C172,MH-002,2023,19.602362,80.37932,85,172,0,0,0.18902889702669567
MH-002_2023_R085_C173,MH-002,2023,19.602362,80.37959,85,173,0,0,0.19015609160649405
MH-002_2023_R085_C174,MH-002,2023,19.602362,80.379859,85,174,0,0,0.3057441961631505
MH-002_2023_R085_C175,MH-002,2023,19.602362,80.380129,85,175,0,0,0.2777292468874924
MH-002_2023_R085_C176,MH-002,2023,19.602362,80.380398,85,176,0,0,0.4408586068051516
MH-002_2023_R085_C177,MH-002,2023,19.602362,80.380668,85,177,0,0,0.40592646602647137
MH-002_2023_R086_C161,MH-002,2023,19.602093,80.376356,86,161,0,0,0.3327074746806838
MH-002_2023_R086_C162,MH-002,2023,19.602093,80.376625,86,162,0,0,0.31414900560023146
MH-002_2023_R086_C163,MH-002,2023,19.602093,80.376895,86,163,0,0,0.3092234441474896
MH-002_2023_R086_C172,MH-002,2023,19.602093,80.37932,86,172,0,0,0.16701489316587
MH-002_2023_R086_C173,MH-002,2023,19.602093,80.37959,86,173,0,0,0.1833877549144393
MH-002_2023_R086_C174,MH-002,2023,19.602093,80.379859,86,174,0,0,0.18558554021897647
MH-002_2023_R086_C175,MH-002,2023,19.602093,80.380129,86,175,0,0,0.19934684546862258
MH-002_2023_R086_C177,MH-002,2023,19.602093,80.380668,86,177,0,0,0.36547484700563143
MH-002_2023_R087_C170,MH-002,2023,19.601823,80.378781,87,170,0,0,0.175108803110924
MH-002_2023_R087_C171,MH-002,2023,19.601823,80.379051,87,171,0,0,0.3088502051039242
MH-002_2023_R087_C172,MH-002,2023,19.601823,80.37932,87,172,0,0,0.2868399795304654
MH-002_2023_R087_C173,MH-002,2023,19.601823,80.37959,87,173,0,0,0.35472581286897614
MH-002_2023_R087_C174,MH-002,2023,19.601823,80.379859,87,174,0,0,0.32477105772194637
MH-002_2023_R087_C175,MH-002,2023,19.601823,80.380129,87,175,0,0,0.27659444957840273
MH-002_2023_R087_C176,MH-002,2023,19.601823,80.380398,87,176,0,0,0.39530296962022327
MH-002_2023_R087_C177,MH-002,2023,19.601823,80.380668,87,177,0,0,0.44725802738577347
MH-002_2023_R088_C171,MH-002,2023,19.601554,80.379051,88,171,0,0,0.36718913160100086
MH-002_2023_R088_C172,MH-002,2023,19.601554,80.37932,88,172,0,0,0.29005548831524125
MH-002_2023_R088_C173,MH-002,2023,19.601554,80.37959,88,173,0,0,0.27346362784134826
MH-002_2023_R088_C174,MH-002,2023,19.601554,80.379859,88,174,0,0,0.32184944981723096
MH-002_2023_R088_C175,MH-002,2023,19.601554,80.380129,88,175,0,0,0.33467540707228416
MH-002_2023_R088_C176,MH-002,2023,19.601554,80.380398,88,176,0,0,0.4948335383985154
MH-002_2023_R088_C177,MH-002,2023,19.601554,80.380668,88,177,0,0,0.48839333007132696
MH-002_2023_R088_C178,MH-002,2023,19.601554,80.380937,88,178,0,0,0.4474213067971034
MH-002_2023_R089_C161,MH-002,2023,19.601284,80.376356,89,161,0,1,0.5831150263037274
MH-002_2023_R089_C165,MH-002,2023,19.601284,80.377434,89,165,0,0,0.3595047405069059
MH-002_2023_R089_C166,MH-002,2023,19.601284,80.377703,89,166,0,1,0.5261544142084411
MH-002_2023_R089_C167,MH-002,2023,19.601284,80.377973,89,167,0,1,0.5867995970275635
MH-002_2023_R089_C168,MH-002,2023,19.601284,80.378242,89,168,1,1,0.5076640363962649
MH-002_2023_R089_C172,MH-002,2023,19.601284,80.37932,89,172,0,0,0.34848832994696394
MH-002_2023_R089_C173,MH-002,2023,19.601284,80.37959,89,173,0,0,0.2779575189992744
MH-002_2023_R089_C174,MH-002,2023,19.601284,80.379859,89,174,0,0,0.34504607224386946
MH-002_2023_R089_C175,MH-002,2023,19.601284,80.380129,89,175,0,0,0.4037923845194494
MH-002_2023_R089_C176,MH-002,2023,19.601284,80.380398,89,176,0,0,0.46907723096764814
MH-002_2023_R089_C177,MH-002,2023,19.601284,80.380668,89,177,0,1,0.5098297987321326
MH-002_2023_R089_C178,MH-002,2023,19.601284,80.380937,89,178,0,0,0.43194539126333376
MH-002_2023_R089_C179,MH-002,2023,19.601284,80.381207,89,179,0,0,0.21299377102904898
MH-002_2023_R089_C180,MH-002,2023,19.601284,80.381476,89,180,0,0,0.3521158012924976
MH-002_2023_R090_C161,MH-002,2023,19.601015,80.376356,90,161,0,1,0.5446910945874723
MH-002_2023_R090_C162,MH-002,2023,19.601015,80.376625,90,162,0,0,0.4685711743456565
MH-002_2023_R090_C163,MH-002,2023,19.601015,80.376895,90,163,0,0,0.40361140249177613
MH-002_2023_R090_C165,MH-002,2023,19.601015,80.377434,90,165,0,0,0.4766060793940225
MH-002_2023_R090_C166,MH-002,2023,19.601015,80.377703,90,166,0,1,0.5430538816098817
MH-002_2023_R090_C167,MH-002,2023,19.601015,80.377973,90,167,0,1,0.58534055923795
MH-002_2023_R090_C168,MH-002,2023,19.601015,80.378242,90,168,0,1,0.5114795476562787
MH-002_2023_R090_C169,MH-002,2023,19.601015,80.378512,90,169,0,0,0.4105692075368249
MH-002_2023_R090_C170,MH-002,2023,19.601015,80.378781,90,170,0,0,0.36071812375155665
MH-002_2023_R090_C173,MH-002,2023,19.601015,80.37959,90,173,0,0,0.2947161378044277
MH-002_2023_R090_C174,MH-002,2023,19.601015,80.379859,90,174,0,0,0.3810641224711789
MH-002_2023_R090_C175,MH-002,2023,19.601015,80.380129,90,175,0,1,0.5063318399041734
MH-002_2023_R090_C176,MH-002,2023,19.601015,80.380398,90,176,0,1,0.5570769862806476
MH-002_2023_R090_C177,MH-002,2023,19.601015,80.380668,90,177,0,0,0.48649408283169027
MH-002_2023_R090_C178,MH-002,2023,19.601015,80.380937,90,178,0,0,0.37192614280121966
MH-002_2023_R090_C179,MH-002,2023,19.601015,80.381207,90,179,0,0,0.246678655502186
MH-002_2023_R090_C180,MH-002,2023,19.601015,80.381476,90,180,0,0,0.2814710527926583
MH-002_2023_R090_C181,MH-002,2023,19.601015,80.381746,90,181,0,1,0.5683680271006254
MH-002_2023_R090_C182,MH-002,2023,19.601015,80.382015,90,182,0,0,0.49022219347915047
MH-002_2023_R091_C161,MH-002,2023,19.600745,80.376356,91,161,0,1,0.5227059358395397
MH-002_2023_R091_C162,MH-002,2023,19.600745,80.376625,91,162,0,1,0.5147944142974411
MH-002_2023_R091_C163,MH-002,2023,19.600745,80.376895,91,163,0,1,0.5703093383122346
MH-002_2023_R091_C164,MH-002,2023,19.600745,80.377164,91,164,0,0,0.4936407275446725
MH-002_2023_R091_C165,MH-002,2023,19.600745,80.377434,91,165,0,1,0.5293623445176109
MH-002_2023_R091_C166,MH-002,2023,19.600745,80.377703,91,166,0,0,0.470171215762228
MH-002_2023_R091_C167,MH-002,2023,19.600745,80.377973,91,167,0,0,0.46924284826027957
MH-002_2023_R091_C168,MH-002,2023,19.600745,80.378242,91,168,0,0,0.4892407514198476
MH-002_2023_R091_C169,MH-002,2023,19.600745,80.378512,91,169,0,0,0.4911209504663079
MH-002_2023_R091_C170,MH-002,2023,19.600745,80.378781,91,170,0,0,0.49753306537859976
MH-002_2023_R091_C171,MH-002,2023,19.600745,80.379051,91,171,1,0,0.3898459855023931
MH-002_2023_R091_C173,MH-002,2023,19.600745,80.37959,91,173,0,0,0.46467883212153066
MH-002_2023_R091_C174,MH-002,2023,19.600745,80.379859,91,174,0,1,0.5773329435845758
MH-002_2023_R091_C175,MH-002,2023,19.600745,80.380129,91,175,0,1,0.5083402147042341
MH-002_2023_R091_C176,MH-002,2023,19.600745,80.380398,91,176,0,0,0.3772133808343828
MH-002_2023_R091_C177,MH-002,2023,19.600745,80.380668,91,177,0,0,0.33991450015749064
MH-002_2023_R091_C180,MH-002,2023,19.600745,80.381476,91,180,0,0,0.25118205295913787
MH-002_2023_R091_C181,MH-002,2023,19.600745,80.381746,91,181,0,1,0.5623863870306364
MH-002_2023_R091_C182,MH-002,2023,19.600745,80.382015,91,182,0,1,0.5229078769331894
MH-002_2023_R092_C161,MH-002,2023,19.600476,80.376356,92,161,0,1,0.5087269405258337
MH-002_2023_R092_C162,MH-002,2023,19.600476,80.376625,92,162,0,1,0.5391949163914715
MH-002_2023_R092_C163,MH-002,2023,19.600476,80.376895,92,163,0,1,0.5515865615095302
MH-002_2023_R092_C164,MH-002,2023,19.600476,80.377164,92,164,0,0,0.4839687536631546
MH-002_2023_R092_C165,MH-002,2023,19.600476,80.377434,92,165,0,0,0.34172285035656613
MH-002_2023_R092_C166,MH-002,2023,19.600476,80.377703,92,166,0,1,0.5233478051870389
MH-002_2023_R092_C167,MH-002,2023,19.600476,80.377973,92,167,1,1,0.5182873553838381
MH-002_2023_R092_C168,MH-002,2023,19.600476,80.378242,92,168,0,0,0.4632184264074678
MH-002_2023_R092_C169,MH-002,2023,19.600476,80.378512,92,169,0,0,0.4472674054665024
MH-002_2023_R092_C170,MH-002,2023,19.600476,80.378781,92,170,0,0,0.48400622678555777
MH-002_2023_R092_C171,MH-002,2023,19.600476,80.379051,92,171,0,0,0.47041709253960073
MH-002_2023_R092_C172,MH-002,2023,19.600476,80.37932,92,172,0,0,0.4367681998341544
MH-002_2023_R092_C173,MH-002,2023,19.600476,80.37959,92,173,0,1,0.5089657204511159
MH-002_2023_R092_C174,MH-002,2023,19.600476,80.379859,92,174,0,1,0.5347180610027497
MH-002_2023_R092_C175,MH-002,2023,19.600476,80.380129,92,175,0,0,0.4403457482737238
MH-002_2023_R092_C176,MH-002,2023,19.600476,80.380398,92,176,0,0,0.27238500332920096
MH-002_2023_R092_C178,MH-002,2023,19.600476,80.380937,92,178,0,0,0.3359143873380584
MH-002_2023_R092_C179,MH-002,2023,19.600476,80.381207,92,179,0,0,0.3940265023696345
MH-002_2023_R092_C181,MH-002,2023,19.600476,80.381746,92,181,0,0,0.46215822257200884
MH-002_2023_R092_C182,MH-002,2023,19.600476,80.382015,92,182,0,0,0.47810618688810747
MH-002_2023_R093_C161,MH-002,2023,19.600206,80.376356,93,161,0,1,0.567452222365278
MH-002_2023_R093_C162,MH-002,2023,19.600206,80.376625,93,162,0,1,0.5146572475543563
MH-002_2023_R093_C163,MH-002,2023,19.600206,80.376895,93,163,0,0,0.49044541916304946
MH-002_2023_R093_C164,MH-002,2023,19.600206,80.377164,93,164,0,0,0.46583448217905354
MH-002_2023_R093_C165,MH-002,2023,19.600206,80.377434,93,165,1,0,0.390314280823321
MH-002_2023_R093_C166,MH-002,2023,19.600206,80.377703,93,166,0,0,0.4796634202886615
MH-002_2023_R093_C167,MH-002,2023,19.600206,80.377973,93,167,0,1,0.5752697615658354
MH-002_2023_R093_C168,MH-002,2023,19.600206,80.378242,93,168,0,1,0.5106201429705375
MH-002_2023_R093_C169,MH-002,2023,19.600206,80.378512,93,169,0,0,0.4967044417809088
MH-002_2023_R093_C170,MH-002,2023,19.600206,80.378781,93,170,0,0,0.44082057264604985
MH-002_2023_R093_C171,MH-002,2023,19.600206,80.379051,93,171,0,0,0.49814806781448756
MH-002_2023_R093_C172,MH-002,2023,19.600206,80.37932,93,172,0,1,0.5099139695784645
MH-002_2023_R093_C173,MH-002,2023,19.600206,80.37959,93,173,0,1,0.5050131784523118
MH-002_2023_R093_C174,MH-002,2023,19.600206,80.379859,93,174,0,0,0.45300878789001614
MH-002_2023_R093_C175,MH-002,2023,19.600206,80.380129,93,175,0,0,0.3463196224455068
MH-002_2023_R093_C177,MH-002,2023,19.600206,80.380668,93,177,0,0,0.29519777929536106
MH-002_2023_R093_C178,MH-002,2023,19.600206,80.380937,93,178,0,0,0.3135750440748715
MH-002_2023_R093_C179,MH-002,2023,19.600206,80.381207,93,179,0,0,0.29497911376465197
MH-002_2023_R093_C180,MH-002,2023,19.600206,80.381476,93,180,0,0,0.31554553077717123
MH-002_2023_R093_C181,MH-002,2023,19.600206,80.381746,93,181,0,0,0.4174188427652278
MH-002_2023_R093_C182,MH-002,2023,19.600206,80.382015,93,182,0,0,0.48847851337666937
MH-002_2023_R094_C161,MH-002,2023,19.599937,80.376356,94,161,0,0,0.46453018146526254
MH-002_2023_R094_C162,MH-002,2023,19.599937,80.376625,94,162,0,0,0.49582505478191397
MH-002_2023_R094_C163,MH-002,2023,19.599937,80.376895,94,163,0,0,0.4748438315481699
MH-002_2023_R094_C164,MH-002,2023,19.599937,80.377164,94,164,0,0,0.4954039424258424
MH-002_2023_R094_C165,MH-002,2023,19.599937,80.377434,94,165,0,1,0.5303995139675316
MH-002_2023_R094_C166,MH-002,2023,19.599937,80.377703,94,166,0,1,0.5351830490579764
MH-002_2023_R094_C167,MH-002,2023,19.599937,80.377973,94,167,0,1,0.6208890961842766
MH-002_2023_R094_C168,MH-002,2023,19.599937,80.378242,94,168,0,1,0.5499644938768579
MH-002_2023_R094_C169,MH-002,2023,19.599937,80.378512,94,169,0,1,0.5456369322067035
MH-002_2023_R094_C170,MH-002,2023,19.599937,80.378781,94,170,0,1,0.548500968895718
MH-002_2023_R094_C171,MH-002,2023,19.599937,80.379051,94,171,0,0,0.443371384676087
MH-002_2023_R094_C172,MH-002,2023,19.599937,80.37932,94,172,0,0,0.4976477453530352
MH-002_2023_R094_C173,MH-002,2023,19.599937,80.37959,94,173,0,1,0.5417368071547942
MH-002_2023_R094_C174,MH-002,2023,19.599937,80.379859,94,174,0,0,0.4676072728393909
MH-002_2023_R094_C175,MH-002,2023,19.599937,80.380129,94,175,0,0,0.3515703652207923
MH-002_2023_R094_C177,MH-002,2023,19.599937,80.380668,94,177,0,0,0.22388431335469602
MH-002_2023_R094_C178,MH-002,2023,19.599937,80.380937,94,178,0,0,0.27805357581321344
MH-002_2023_R094_C179,MH-002,2023,19.599937,80.381207,94,179,0,0,0.24603732556377989
MH-002_2023_R094_C180,MH-002,2023,19.599937,80.381476,94,180,0,0,0.3370861588758621
MH-002_2023_R094_C182,MH-002,2023,19.599937,80.382015,94,182,0,0,0.4110246513513149
MH-002_2023_R095_C161,MH-002,2023,19.599667,80.376356,95,161,0,0,0.3919083016159547
MH-002_2023_R095_C162,MH-002,2023,19.599667,80.376625,95,162,0,0,0.47552559425768803
MH-002_2023_R095_C163,MH-002,2023,19.599667,80.376895,95,163,0,0,0.48085631743765134
MH-002_2023_R095_C164,MH-002,2023,19.599667,80.377164,95,164,0,1,0.5785071650910902
MH-002_2023_R095_C165,MH-002,2023,19.599667,80.377434,95,165,0,1,0.5993962416802283
MH-002_2023_R095_C166,MH-002,2023,19.599667,80.377703,95,166,0,1,0.5849266796211051
MH-002_2023_R095_C167,MH-002,2023,19.599667,80.377973,95,167,0,1,0.6008952716453264
MH-002_2023_R095_C168,MH-002,2023,19.599667,80.378242,95,168,0,1,0.527232125242089
MH-002_2023_R095_C169,MH-002,2023,19.599667,80.378512,95,169,0,1,0.5464805591836
MH-002_2023_R095_C170,MH-002,2023,19.599667,80.378781,95,170,0,1,0.5540157991714968
MH-002_2023_R095_C171,MH-002,2023,19.599667,80.379051,95,171,0,0,0.4701112554527365
MH-002_2023_R095_C172,MH-002,2023,19.599667,80.37932,95,172,0,0,0.47017099695976433
MH-002_2023_R095_C173,MH-002,2023,19.599667,80.37959,95,173,0,1,0.5473740349514996
MH-002_2023_R095_C174,MH-002,2023,19.599667,80.379859,95,174,0,1,0.5060145729957334
MH-002_2023_R095_C175,MH-002,2023,19.599667,80.380129,95,175,0,0,0.46525345491158954
MH-002_2023_R095_C176,MH-002,2023,19.599667,80.380398,95,176,0,0,0.3357537841069928
MH-002_2023_R095_C177,MH-002,2023,19.599667,80.380668,95,177,0,0,0.3116921287225704
MH-002_2023_R095_C178,MH-002,2023,19.599667,80.380937,95,178,0,0,0.22533853447989113
MH-002_2023_R095_C179,MH-002,2023,19.599667,80.381207,95,179,0,0,0.29401638211306297
MH-002_2023_R095_C180,MH-002,2023,19.599667,80.381476,95,180,0,0,0.26177593755117307
MH-002_2023_R095_C182,MH-002,2023,19.599667,80.382015,95,182,0,0,0.38246122035891145
MH-002_2023_R096_C161,MH-002,2023,19.599398,80.376356,96,161,0,0,0.2563980556267938
MH-002_2023_R096_C162,MH-002,2023,19.599398,80.376625,96,162,0,0,0.24736098888179286
MH-002_2023_R096_C163,MH-002,2023,19.599398,80.376895,96,163,0,0,0.3968440878353097
MH-002_2023_R096_C164,MH-002,2023,19.599398,80.377164,96,164,0,1,0.5494338991711005
MH-002_2023_R096_C165,MH-002,2023,19.599398,80.377434,96,165,0,1,0.5485731429694863
MH-002_2023_R096_C166,MH-002,2023,19.599398,80.377703,96,166,0,1,0.5638199442135658
MH-002_2023_R096_C167,MH-002,2023,19.599398,80.377973,96,167,0,1,0.6193070395568988
MH-002_2023_R096_C168,MH-002,2023,19.599398,80.378242,96,168,0,1,0.5749815542743851
MH-002_2023_R096_C169,MH-002,2023,19.599398,80.378512,96,169,0,1,0.5991047789893295
MH-002_2023_R096_C170,MH-002,2023,19.599398,80.378781,96,170,0,1,0.5351845705712925
MH-002_2023_R096_C171,MH-002,2023,19.599398,80.379051,96,171,0,0,0.4835640087106508
MH-002_2023_R096_C172,MH-002,2023,19.599398,80.37932,96,172,0,0,0.4898155938247506
MH-002_2023_R096_C173,MH-002,2023,19.599398,80.37959,96,173,0,0,0.468280300835161
MH-002_2023_R096_C174,MH-002,2023,19.599398,80.379859,96,174,0,0,0.4836122919859604
MH-002_2023_R096_C175,MH-002,2023,19.599398,80.380129,96,175,0,0,0.46426853323034967
MH-002_2023_R096_C176,MH-002,2023,19.599398,80.380398,96,176,0,0,0.4724139577451458
MH-002_2023_R096_C177,MH-002,2023,19.599398,80.380668,96,177,0,0,0.38412410357379306
MH-002_2023_R096_C179,MH-002,2023,19.599398,80.381207,96,179,0,0,0.19800691644526716
MH-002_2023_R096_C180,MH-002,2023,19.599398,80.381476,96,180,0,0,0.1895549281354478
MH-002_2023_R096_C182,MH-002,2023,19.599398,80.382015,96,182,0,0,0.4085396803816634
MH-002_2023_R097_C163,MH-002,2023,19.599128,80.376895,97,163,0,0,0.36026368429939654
MH-002_2023_R097_C164,MH-002,2023,19.599128,80.377164,97,164,0,1,0.5291104876789073
MH-002_2023_R097_C165,MH-002,2023,19.599128,80.377434,97,165,0,1,0.5432680557379711
MH-002_2023_R097_C166,MH-002,2023,19.599128,80.377703,97,166,0,1,0.5581815121267969
MH-002_2023_R097_C167,MH-002,2023,19.599128,80.377973,97,167,0,1,0.5581182866315518
MH-002_2023_R097_C168,MH-002,2023,19.599128,80.378242,97,168,0,1,0.5738495736347105
MH-002_2023_R097_C169,MH-002,2023,19.599128,80.378512,97,169,0,1,0.5747791942419906
MH-002_2023_R097_C170,MH-002,2023,19.599128,80.378781,97,170,0,1,0.5538969306399691
MH-002_2023_R097_C171,MH-002,2023,19.599128,80.379051,97,171,0,1,0.5385823202062808
MH-002_2023_R097_C172,MH-002,2023,19.599128,80.37932,97,172,0,0,0.4995582088564175
MH-002_2023_R097_C173,MH-002,2023,19.599128,80.37959,97,173,0,0,0.4717075600107764
MH-002_2023_R097_C174,MH-002,2023,19.599128,80.379859,97,174,0,1,0.5500852699454573
MH-002_2023_R097_C175,MH-002,2023,19.599128,80.380129,97,175,0,0,0.4949799468815243
MH-002_2023_R097_C176,MH-002,2023,19.599128,80.380398,97,176,0,0,0.43291071224651184
MH-002_2023_R097_C177,MH-002,2023,19.599128,80.380668,97,177,0,0,0.42830063579941463
MH-002_2023_R097_C178,MH-002,2023,19.599128,80.380937,97,178,0,0,0.37524053059237167
MH-002_2023_R097_C180,MH-002,2023,19.599128,80.381476,97,180,0,0,0.12553615683211067
MH-002_2023_R097_C182,MH-002,2023,19.599128,80.382015,97,182,0,0,0.3933621898095185
MH-002_2023_R098_C161,MH-002,2023,19.598859,80.376356,98,161,0,0,0.31464981127742575
MH-002_2023_R098_C163,MH-002,2023,19.598859,80.376895,98,163,0,0,0.3312106049992023
MH-002_2023_R098_C164,MH-002,2023,19.598859,80.377164,98,164,0,0,0.41271109688906854
MH-002_2023_R098_C165,MH-002,2023,19.598859,80.377434,98,165,0,0,0.49684600548766594
MH-002_2023_R098_C166,MH-002,2023,19.598859,80.377703,98,166,1,1,0.5835097461526889
MH-002_2023_R098_C167,MH-002,2023,19.598859,80.377973,98,167,0,1,0.6245720116716179
MH-002_2023_R098_C168,MH-002,2023,19.598859,80.378242,98,168,0,1,0.5656316285124138
MH-002_2023_R098_C169,MH-002,2023,19.598859,80.378512,98,169,0,1,0.5458059881421896
MH-002_2023_R098_C170,MH-002,2023,19.598859,80.378781,98,170,0,1,0.5613705442788213
MH-002_2023_R098_C171,MH-002,2023,19.598859,80.379051,98,171,0,1,0.5433543062769509
MH-002_2023_R098_C172,MH-002,2023,19.598859,80.37932,98,172,0,1,0.531735930014707
MH-002_2023_R098_C173,MH-002,2023,19.598859,80.37959,98,173,0,1,0.5000079670079134
MH-002_2023_R098_C174,MH-002,2023,19.598859,80.379859,98,174,0,1,0.5506755074098081
MH-002_2023_R098_C175,MH-002,2023,19.598859,80.380129,98,175,0,1,0.5293938914957608
MH-002_2023_R098_C176,MH-002,2023,19.598859,80.380398,98,176,0,0,0.4812668097068151
MH-002_2023_R098_C177,MH-002,2023,19.598859,80.380668,98,177,0,1,0.5031610184156905
MH-002_2023_R098_C178,MH-002,2023,19.598859,80.380937,98,178,0,1,0.5177504988608269
MH-002_2023_R098_C179,MH-002,2023,19.598859,80.381207,98,179,0,0,0.31235339659985606
MH-002_2023_R098_C182,MH-002,2023,19.598859,80.382015,98,182,0,0,0.44813911351246755
MH-002_2023_R099_C161,MH-002,2023,19.598589,80.376356,99,161,0,0,0.43564889098988696
MH-002_2023_R099_C162,MH-002,2023,19.598589,80.376625,99,162,0,0,0.40303603244267017
MH-002_2023_R099_C163,MH-002,2023,19.598589,80.376895,99,163,0,0,0.3765941793682768
MH-002_2023_R099_C164,MH-002,2023,19.598589,80.377164,99,164,1,0,0.47071111063103616
MH-002_2023_R099_C165,MH-002,2023,19.598589,80.377434,99,165,0,0,0.47994728954029287
MH-002_2023_R099_C166,MH-002,2023,19.598589,80.377703,99,166,1,0,0.492800387512277
MH-002_2023_R099_C167,MH-002,2023,19.598589,80.377973,99,167,1,1,0.6003973425038515
MH-002_2023_R099_C168,MH-002,2023,19.598589,80.378242,99,168,1,0,0.49111835349932076
MH-002_2023_R099_C169,MH-002,2023,19.598589,80.378512,99,169,0,1,0.5328639199489213
MH-002_2023_R099_C170,MH-002,2023,19.598589,80.378781,99,170,0,1,0.5249193329348677
MH-002_2023_R099_C171,MH-002,2023,19.598589,80.379051,99,171,0,1,0.5601655731782088
MH-002_2023_R099_C172,MH-002,2023,19.598589,80.37932,99,172,0,1,0.5214004696053085
MH-002_2023_R099_C173,MH-002,2023,19.598589,80.37959,99,173,0,0,0.4203562922775744
MH-002_2023_R099_C174,MH-002,2023,19.598589,80.379859,99,174,0,0,0.49358815318724686
MH-002_2023_R099_C175,MH-002,2023,19.598589,80.380129,99,175,0,1,0.5706809493664926
MH-002_2023_R099_C176,MH-002,2023,19.598589,80.380398,99,176,0,1,0.5197983208196676
MH-002_2023_R099_C177,MH-002,2023,19.598589,80.380668,99,177,0,1,0.5142735155927682
MH-002_2023_R099_C178,MH-002,2023,19.598589,80.380937,99,178,0,0,0.4888581560975422
MH-002_2023_R099_C179,MH-002,2023,19.598589,80.381207,99,179,0,0,0.4336841514486691
MH-002_2023_R099_C180,MH-002,2023,19.598589,80.381476,99,180,0,0,0.4010555944184076
MH-002_2023_R099_C181,MH-002,2023,19.598589,80.381746,99,181,0,0,0.28011755533298704
MH-002_2023_R099_C182,MH-002,2023,19.598589,80.382015,99,182,0,0,0.3158827167928217
MH-002_2023_R100_C161,MH-002,2023,19.59832,80.376356,100,161,0,0,0.4774137777754458
MH-002_2023_R100_C162,MH-002,2023,19.59832,80.376625,100,162,0,1,0.5569044003399014
MH-002_2023_R100_C163,MH-002,2023,19.59832,80.376895,100,163,0,0,0.486693154344637
MH-002_2023_R100_C164,MH-002,2023,19.59832,80.377164,100,164,0,0,0.47995582118328134
MH-002_2023_R100_C165,MH-002,2023,19.59832,80.377434,100,165,0,0,0.46299928386058503
MH-002_2023_R100_C166,MH-002,2023,19.59832,80.377703,100,166,1,0,0.4123864975406486
MH-002_2023_R100_C167,MH-002,2023,19.59832,80.377973,100,167,1,1,0.5037170902108202
MH-002_2023_R100_C168,MH-002,2023,19.59832,80.378242,100,168,1,1,0.5278365613152423
MH-002_2023_R100_C169,MH-002,2023,19.59832,80.378512,100,169,0,0,0.45395131435825475
MH-002_2023_R100_C170,MH-002,2023,19.59832,80.378781,100,170,0,1,0.5054410415111641
MH-002_2023_R100_C171,MH-002,2023,19.59832,80.379051,100,171,0,0,0.4863806495729807
MH-002_2023_R100_C172,MH-002,2023,19.59832,80.37932,100,172,0,1,0.5716409537299709
MH-002_2023_R100_C173,MH-002,2023,19.59832,80.37959,100,173,0,1,0.5052261048136302
MH-002_2023_R100_C174,MH-002,2023,19.59832,80.379859,100,174,0,1,0.507398253307517
MH-002_2023_R100_C175,MH-002,2023,19.59832,80.380129,100,175,0,0,0.4994947855984104
MH-002_2023_R100_C176,MH-002,2023,19.59832,80.380398,100,176,0,1,0.5357160617137879
MH-002_2023_R100_C177,MH-002,2023,19.59832,80.380668,100,177,0,1,0.5482639104239176
MH-002_2023_R100_C178,MH-002,2023,19.59832,80.380937,100,178,0,0,0.483966493574922
MH-002_2023_R100_C179,MH-002,2023,19.59832,80.381207,100,179,0,1,0.5392477208440359
MH-002_2023_R100_C180,MH-002,2023,19.59832,80.381476,100,180,0,0,0.49443556292047053
MH-002_2023_R100_C181,MH-002,2023,19.59832,80.381746,100,181,0,0,0.377048988744803
MH-002_2023_R101_C161,MH-002,2023,19.59805,80.376356,101,161,0,1,0.5096243962788186
MH-002_2023_R101_C162,MH-002,2023,19.59805,80.376625,101,162,0,0,0.49198077736886037
MH-002_2023_R101_C163,MH-002,2023,19.59805,80.376895,101,163,0,1,0.5389726106178553
MH-002_2023_R101_C164,MH-002,2023,19.59805,80.377164,101,164,1,1,0.5265703794965898
MH-002_2023_R101_C165,MH-002,2023,19.59805,80.377434,101,165,1,1,0.530139623509704
MH-002_2023_R101_C166,MH-002,2023,19.59805,80.377703,101,166,1,0,0.49936420780387636
MH-002_2023_R101_C167,MH-002,2023,19.59805,80.377973,101,167,0,1,0.5270970678420205
MH-002_2023_R101_C168,MH-002,2023,19.59805,80.378242,101,168,0,1,0.5664444053419279
MH-002_2023_R101_C169,MH-002,2023,19.59805,80.378512,101,169,0,1,0.5581173788261329
MH-002_2023_R101_C170,MH-002,2023,19.59805,80.378781,101,170,0,0,0.4829862154855988
MH-002_2023_R101_C171,MH-002,2023,19.59805,80.379051,101,171,0,1,0.5270610334453216
MH-002_2023_R101_C172,MH-002,2023,19.59805,80.37932,101,172,0,1,0.5293646440613727
MH-002_2023_R101_C173,MH-002,2023,19.59805,80.37959,101,173,0,1,0.5144364563078879
MH-002_2023_R101_C174,MH-002,2023,19.59805,80.379859,101,174,0,1,0.5123594943476768
MH-002_2023_R101_C175,MH-002,2023,19.59805,80.380129,101,175,0,1,0.5244517555631873
MH-002_2023_R101_C176,MH-002,2023,19.59805,80.380398,101,176,0,1,0.5649149395235539
MH-002_2023_R101_C177,MH-002,2023,19.59805,80.380668,101,177,0,1,0.6011097637306217
MH-002_2023_R101_C178,MH-002,2023,19.59805,80.380937,101,178,0,0,0.4034698432648108
MH-002_2023_R101_C179,MH-002,2023,19.59805,80.381207,101,179,0,1,0.5336561258661495
MH-002_2023_R101_C180,MH-002,2023,19.59805,80.381476,101,180,0,1,0.5144151588430176
MH-002_2023_R101_C181,MH-002,2023,19.59805,80.381746,101,181,0,1,0.5318946947568596
MH-002_2023_R102_C161,MH-002,2023,19.597781,80.376356,102,161,0,1,0.5570934599087203
MH-002_2023_R102_C162,MH-002,2023,19.597781,80.376625,102,162,0,0,0.44166993665857734
MH-002_2023_R102_C163,MH-002,2023,19.597781,80.376895,102,163,1,0,0.4638586064512786
MH-002_2023_R102_C164,MH-002,2023,19.597781,80.377164,102,164,1,0,0.49491855177387406
MH-002_2023_R102_C165,MH-002,2023,19.597781,80.377434,102,165,1,1,0.565351832230918
MH-002_2023_R102_C166,MH-002,2023,19.597781,80.377703,102,166,0,1,0.5835615231294375
MH-002_2023_R102_C167,MH-002,2023,19.597781,80.377973,102,167,0,0,0.4849428166406031
MH-002_2023_R102_C168,MH-002,2023,19.597781,80.378242,102,168,0,0,0.4899922590611615
MH-002_2023_R102_C169,MH-002,2023,19.597781,80.378512,102,169,1,1,0.5088848007199674
MH-002_2023_R102_C170,MH-002,2023,19.597781,80.378781,102,170,1,1,0.5773987850135613
MH-002_2023_R102_C171,MH-002,2023,19.597781,80.379051,102,171,1,0,0.49790311211607147
MH-002_2023_R102_C172,MH-002,2023,19.597781,80.37932,102,172,0,1,0.5857503417424067
MH-002_2023_R102_C173,MH-002,2023,19.597781,80.37959,102,173,0,1,0.5515651638604815
MH-002_2023_R102_C174,MH-002,2023,19.597781,80.379859,102,174,0,1,0.5375877274184885
MH-002_2023_R102_C175,MH-002,2023,19.597781,80.380129,102,175,0,1,0.5775539347107591
MH-002_2023_R102_C176,MH-002,2023,19.597781,80.380398,102,176,0,1,0.5003734134225059
MH-002_2023_R102_C177,MH-002,2023,19.597781,80.380668,102,177,0,1,0.5151782619928382
MH-002_2023_R102_C178,MH-002,2023,19.597781,80.380937,102,178,0,0,0.4533373618632429
MH-002_2023_R102_C179,MH-002,2023,19.597781,80.381207,102,179,0,0,0.47343067053349697
MH-002_2023_R102_C180,MH-002,2023,19.597781,80.381476,102,180,0,1,0.5112628492373685
MH-002_2023_R102_C181,MH-002,2023,19.597781,80.381746,102,181,0,1,0.568606884346896
MH-002_2023_R103_C161,MH-002,2023,19.597511,80.376356,103,161,0,1,0.537860600701377
MH-002_2023_R103_C162,MH-002,2023,19.597511,80.376625,103,162,0,0,0.40682570728099876
MH-002_2023_R103_C163,MH-002,2023,19.597511,80.376895,103,163,0,0,0.46456706118820584
MH-002_2023_R103_C164,MH-002,2023,19.597511,80.377164,103,164,1,1,0.5211155769347424
MH-002_2023_R103_C165,MH-002,2023,19.597511,80.377434,103,165,0,1,0.5778303554021466
MH-002_2023_R103_C166,MH-002,2023,19.597511,80.377703,103,166,0,1,0.6013408517712228
MH-002_2023_R103_C167,MH-002,2023,19.597511,80.377973,103,167,0,1,0.5032816373881066
MH-002_2023_R103_C168,MH-002,2023,19.597511,80.378242,103,168,0,1,0.5646657813537364
MH-002_2023_R103_C169,MH-002,2023,19.597511,80.378512,103,169,1,1,0.5763407859112691
MH-002_2023_R103_C170,MH-002,2023,19.597511,80.378781,103,170,1,1,0.5023688173048699
MH-002_2023_R103_C171,MH-002,2023,19.597511,80.379051,103,171,0,0,0.4867632359106006
MH-002_2023_R103_C172,MH-002,2023,19.597511,80.37932,103,172,0,1,0.6271387597598655
MH-002_2023_R103_C173,MH-002,2023,19.597511,80.37959,103,173,0,1,0.5781305431049473
MH-002_2023_R103_C174,MH-002,2023,19.597511,80.379859,103,174,0,1,0.505246547707465
MH-002_2023_R103_C175,MH-002,2023,19.597511,80.380129,103,175,0,0,0.46576791151200997
MH-002_2023_R103_C176,MH-002,2023,19.597511,80.380398,103,176,0,1,0.5043706287796003
MH-002_2023_R103_C177,MH-002,2023,19.597511,80.380668,103,177,0,1,0.5356999120653937
MH-002_2023_R103_C178,MH-002,2023,19.597511,80.380937,103,178,0,0,0.46218481865234345
MH-002_2023_R103_C179,MH-002,2023,19.597511,80.381207,103,179,0,0,0.4367418543708978
MH-002_2023_R103_C180,MH-002,2023,19.597511,80.381476,103,180,0,1,0.5259127282525949
MH-002_2023_R104_C161,MH-002,2023,19.597242,80.376356,104,161,0,0,0.4434807155960486
MH-002_2023_R104_C162,MH-002,2023,19.597242,80.376625,104,162,0,1,0.5108385957005613
MH-002_2023_R104_C163,MH-002,2023,19.597242,80.376895,104,163,0,1,0.5518425895924575
MH-002_2023_R104_C164,MH-002,2023,19.597242,80.377164,104,164,1,1,0.5051823264804205
MH-002_2023_R104_C165,MH-002,2023,19.597242,80.377434,104,165,1,0,0.4671523639752185
MH-002_2023_R104_C166,MH-002,2023,19.597242,80.377703,104,166,0,0,0.47302416458024915
MH-002_2023_R104_C167,MH-002,2023,19.597242,80.377973,104,167,0,1,0.5845761742053519
MH-002_2023_R104_C168,MH-002,2023,19.597242,80.378242,104,168,0,1,0.5581531562393255
MH-002_2023_R104_C169,MH-002,2023,19.597242,80.378512,104,169,0,1,0.5660526289261004
MH-002_2023_R104_C170,MH-002,2023,19.597242,80.378781,104,170,0,1,0.5630008465693838
MH-002_2023_R104_C171,MH-002,2023,19.597242,80.379051,104,171,0,1,0.5776370073705948
MH-002_2023_R104_C172,MH-002,2023,19.597242,80.37932,104,172,0,1,0.5859672719131923
MH-002_2023_R104_C173,MH-002,2023,19.597242,80.37959,104,173,0,1,0.5454389872640185
MH-002_2023_R104_C174,MH-002,2023,19.597242,80.379859,104,174,0,1,0.5772154271011909
MH-002_2023_R104_C175,MH-002,2023,19.597242,80.380129,104,175,0,1,0.524783244773902
MH-002_2023_R104_C176,MH-002,2023,19.597242,80.380398,104,176,0,1,0.5053786094358106
MH-002_2023_R104_C177,MH-002,2023,19.597242,80.380668,104,177,0,0,0.4864839855185221
MH-002_2023_R104_C178,MH-002,2023,19.597242,80.380937,104,178,0,0,0.4798653233271161
MH-002_2023_R104_C179,MH-002,2023,19.597242,80.381207,104,179,0,0,0.48930479484823597
MH-002_2023_R104_C180,MH-002,2023,19.597242,80.381476,104,180,0,0,0.4366226324197549
MH-002_2023_R105_C161,MH-002,2023,19.596973,80.376356,105,161,0,1,0.5036926516312826
MH-002_2023_R105_C162,MH-002,2023,19.596973,80.376625,105,162,0,0,0.497493820752535
MH-002_2023_R105_C163,MH-002,2023,19.596973,80.376895,105,163,0,1,0.5323587026140165
MH-002_2023_R105_C164,MH-002,2023,19.596973,80.377164,105,164,1,0,0.48362928695138974
MH-002_2023_R105_C165,MH-002,2023,19.596973,80.377434,105,165,1,0,0.43785988443458607
MH-002_2023_R105_C166,MH-002,2023,19.596973,80.377703,105,166,0,1,0.5205458850849105
MH-002_2023_R105_C167,MH-002,2023,19.596973,80.377973,105,167,0,0,0.49923279584228974
MH-002_2023_R105_C168,MH-002,2023,19.596973,80.378242,105,168,0,1,0.5652493365065602
MH-002_2023_R105_C169,MH-002,2023,19.596973,80.378512,105,169,0,1,0.5839862390571777
MH-002_2023_R105_C170,MH-002,2023,19.596973,80.378781,105,170,0,1,0.5699067745056555
MH-002_2023_R105_C171,MH-002,2023,19.596973,80.379051,105,171,0,1,0.5437566594954389
MH-002_2023_R105_C172,MH-002,2023,19.596973,80.37932,105,172,0,1,0.5669112813608997
MH-002_2023_R105_C173,MH-002,2023,19.596973,80.37959,105,173,0,1,0.5826997338196528
MH-002_2023_R105_C174,MH-002,2023,19.596973,80.379859,105,174,0,1,0.51009837759592
MH-002_2023_R105_C175,MH-002,2023,19.596973,80.380129,105,175,0,1,0.5849174371456992
MH-002_2023_R105_C176,MH-002,2023,19.596973,80.380398,105,176,0,0,0.46010552571635693
MH-002_2023_R105_C177,MH-002,2023,19.596973,80.380668,105,177,0,0,0.4567725234785914
MH-002_2023_R105_C178,MH-002,2023,19.596973,80.380937,105,178,0,0,0.4286409403385297
MH-002_2023_R105_C179,MH-002,2023,19.596973,80.381207,105,179,0,1,0.5008796180543971
MH-002_2023_R106_C161,MH-002,2023,19.596703,80.376356,106,161,0,1,0.5048139943695149
MH-002_2023_R106_C162,MH-002,2023,19.596703,80.376625,106,162,0,1,0.5220232990586655
MH-002_2023_R106_C163,MH-002,2023,19.596703,80.376895,106,163,0,1,0.5076680770439697
MH-002_2023_R106_C164,MH-002,2023,19.596703,80.377164,106,164,0,1,0.5747761090498588
MH-002_2023_R106_C165,MH-002,2023,19.596703,80.377434,106,165,1,0,0.4923438387791244
MH-002_2023_R106_C166,MH-002,2023,19.596703,80.377703,106,166,0,1,0.5022720734341761
MH-002_2023_R106_C167,MH-002,2023,19.596703,80.377973,106,167,0,0,0.46514442442363746
MH-002_2023_R106_C168,MH-002,2023,19.596703,80.378242,106,168,0,0,0.4535198696204705
MH-002_2023_R106_C169,MH-002,2023,19.596703,80.378512,106,169,0,1,0.5740686688723063
MH-002_2023_R106_C170,MH-002,2023,19.596703,80.378781,106,170,0,1,0.5970900587231995
MH-002_2023_R106_C171,MH-002,2023,19.596703,80.379051,106,171,0,1,0.528864850534185
MH-002_2023_R106_C172,MH-002,2023,19.596703,80.37932,106,172,0,1,0.5648505626381534
MH-002_2023_R106_C173,MH-002,2023,19.596703,80.37959,106,173,0,1,0.5857371347627285
MH-002_2023_R106_C174,MH-002,2023,19.596703,80.379859,106,174,0,1,0.5075054838141746
MH-002_2023_R106_C175,MH-002,2023,19.596703,80.380129,106,175,0,1,0.5453278756511584
MH-002_2023_R106_C176,MH-002,2023,19.596703,80.380398,106,176,0,1,0.5071603429915057
MH-002_2023_R106_C177,MH-002,2023,19.596703,80.380668,106,177,0,1,0.5935912385823835
MH-002_2023_R106_C178,MH-002,2023,19.596703,80.380937,106,178,0,1,0.569819510276517
MH-002_2023_R106_C179,MH-002,2023,19.596703,80.381207,106,179,0,0,0.48639854997001447
MH-002_2023_R107_C161,MH-002,2023,19.596434,80.376356,107,161,1,1,0.5123921563090458
MH-002_2023_R107_C162,MH-002,2023,19.596434,80.376625,107,162,1,1,0.5483757458490818
MH-002_2023_R107_C163,MH-002,2023,19.596434,80.376895,107,163,1,1,0.6051381585655329
MH-002_2023_R107_C164,MH-002,2023,19.596434,80.377164,107,164,0,1,0.5040577504399418
MH-002_2023_R107_C165,MH-002,2023,19.596434,80.377434,107,165,0,0,0.48971282892604545
MH-002_2023_R107_C166,MH-002,2023,19.596434,80.377703,107,166,0,0,0.4806832177930061
MH-002_2023_R107_C167,MH-002,2023,19.596434,80.377973,107,167,0,0,0.4530850160780942
MH-002_2023_R107_C168,MH-002,2023,19.596434,80.378242,107,168,0,0,0.49181625576752586
MH-002_2023_R107_C169,MH-002,2023,19.596434,80.378512,107,169,0,1,0.5242689752289099
MH-002_2023_R107_C170,MH-002,2023,19.596434,80.378781,107,170,0,1,0.5638902341575838
MH-002_2023_R107_C171,MH-002,2023,19.596434,80.379051,107,171,0,1,0.5619106937219797
MH-002_2023_R107_C172,MH-002,2023,19.596434,80.37932,107,172,0,1,0.5620047213221401
MH-002_2023_R107_C173,MH-002,2023,19.596434,80.37959,107,173,0,1,0.5451397525236003
MH-002_2023_R107_C174,MH-002,2023,19.596434,80.379859,107,174,0,0,0.4868966427796466
MH-002_2023_R107_C175,MH-002,2023,19.596434,80.380129,107,175,0,1,0.5147946745616641
MH-002_2023_R107_C176,MH-002,2023,19.596434,80.380398,107,176,0,1,0.5764064922578838
MH-002_2023_R107_C177,MH-002,2023,19.596434,80.380668,107,177,0,1,0.5564517033451617
MH-002_2023_R107_C178,MH-002,2023,19.596434,80.380937,107,178,0,1,0.5661032506208309
MH-002_2023_R108_C161,MH-002,2023,19.596164,80.376356,108,161,1,1,0.5797901821918867
MH-002_2023_R108_C162,MH-002,2023,19.596164,80.376625,108,162,1,1,0.5956557029631159
MH-002_2023_R108_C163,MH-002,2023,19.596164,80.376895,108,163,0,1,0.541058311640141
MH-002_2023_R108_C164,MH-002,2023,19.596164,80.377164,108,164,0,0,0.4955852508777323
MH-002_2023_R108_C165,MH-002,2023,19.596164,80.377434,108,165,1,0,0.40824547598442634
MH-002_2023_R108_C166,MH-002,2023,19.596164,80.377703,108,166,1,0,0.3206901806810908
MH-002_2023_R108_C167,MH-002,2023,19.596164,80.377973,108,167,0,1,0.6045094510470845
MH-002_2023_R108_C168,MH-002,2023,19.596164,80.378242,108,168,0,1,0.6059353503601441
MH-002_2023_R108_C169,MH-002,2023,19.596164,80.378512,108,169,0,1,0.5445658333894174
MH-002_2023_R108_C170,MH-002,2023,19.596164,80.378781,108,170,0,1,0.5354267312749121
MH-002_2023_R108_C171,MH-002,2023,19.596164,80.379051,108,171,0,0,0.4969051702630781
MH-002_2023_R108_C172,MH-002,2023,19.596164,80.37932,108,172,0,1,0.5445154643814865
MH-002_2023_R108_C173,MH-002,2023,19.596164,80.37959,108,173,0,1,0.520525313898495
MH-002_2023_R108_C174,MH-002,2023,19.596164,80.379859,108,174,0,1,0.5105348470536027
MH-002_2023_R108_C175,MH-002,2023,19.596164,80.380129,108,175,0,1,0.528635694746191
MH-002_2023_R108_C176,MH-002,2023,19.596164,80.380398,108,176,0,1,0.5235793589354786
MH-002_2023_R108_C177,MH-002,2023,19.596164,80.380668,108,177,0,1,0.5657973956666079
MH-002_2023_R108_C178,MH-002,2023,19.596164,80.380937,108,178,0,1,0.5412916021410011
MH-002_2024_R058_C161,MH-002,2024,19.609639,80.376356,58,161,0,0,0.3298169107949576
MH-002_2024_R059_C162,MH-002,2024,19.609369,80.376625,59,162,0,0,0.45126668426618183
MH-002_2024_R060_C161,MH-002,2024,19.6091,80.376356,60,161,0,0,0.4232995400290498
MH-002_2024_R060_C163,MH-002,2024,19.6091,80.376895,60,163,0,1,0.501467295646097
MH-002_2024_R061_C161,MH-002,2024,19.60883,80.376356,61,161,0,0,0.4248919366570544
MH-002_2024_R061_C163,MH-002,2024,19.60883,80.376895,61,163,0,0,0.3670726387742697
MH-002_2024_R061_C164,MH-002,2024,19.60883,80.377164,61,164,0,1,0.5676681864840661
MH-002_2024_R062_C161,MH-002,2024,19.608561,80.376356,62,161,0,0,0.3481533986485974
MH-002_2024_R062_C163,MH-002,2024,19.608561,80.376895,62,163,0,0,0.41016486363651455
MH-002_2024_R062_C164,MH-002,2024,19.608561,80.377164,62,164,0,1,0.555842250012413
MH-002_2024_R062_C165,MH-002,2024,19.608561,80.377434,62,165,0,1,0.5868934872768683
MH-002_2024_R063_C161,MH-002,2024,19.608291,80.376356,63,161,0,0,0.3678631227815206
MH-002_2024_R063_C162,MH-002,2024,19.608291,80.376625,63,162,0,0,0.38591796653941746
MH-002_2024_R063_C163,MH-002,2024,19.608291,80.376895,63,163,0,0,0.4325840352026766
MH-002_2024_R063_C164,MH-002,2024,19.608291,80.377164,63,164,0,1,0.5999178352398965
MH-002_2024_R063_C165,MH-002,2024,19.608291,80.377434,63,165,0,1,0.6148333465183479
MH-002_2024_R063_C166,MH-002,2024,19.608291,80.377703,63,166,0,1,0.5894164339420218
MH-002_2024_R064_C161,MH-002,2024,19.608022,80.376356,64,161,0,1,0.6628061692824828
MH-002_2024_R064_C162,MH-002,2024,19.608022,80.376625,64,162,0,1,0.5903541480342631
MH-002_2024_R064_C163,MH-002,2024,19.608022,80.376895,64,163,0,1,0.5999115758632766
MH-002_2024_R064_C164,MH-002,2024,19.608022,80.377164,64,164,0,1,0.5373426064727103
MH-002_2024_R064_C165,MH-002,2024,19.608022,80.377434,64,165,0,1,0.5572026628340581
MH-002_2024_R064_C166,MH-002,2024,19.608022,80.377703,64,166,0,1,0.5329597567266845
MH-002_2024_R064_C167,MH-002,2024,19.608022,80.377973,64,167,0,1,0.5220311085566678
MH-002_2024_R065_C161,MH-002,2024,19.607752,80.376356,65,161,0,0,0.4908988613457895
MH-002_2024_R065_C162,MH-002,2024,19.607752,80.376625,65,162,0,1,0.5485849775228697
MH-002_2024_R065_C163,MH-002,2024,19.607752,80.376895,65,163,0,1,0.5679371318612102
MH-002_2024_R065_C164,MH-002,2024,19.607752,80.377164,65,164,0,1,0.5877805245521069
MH-002_2024_R065_C165,MH-002,2024,19.607752,80.377434,65,165,0,1,0.551924227929888
MH-002_2024_R065_C166,MH-002,2024,19.607752,80.377703,65,166,0,1,0.5540759549046083
MH-002_2024_R065_C167,MH-002,2024,19.607752,80.377973,65,167,0,1,0.6387028056880966
MH-002_2024_R065_C168,MH-002,2024,19.607752,80.378242,65,168,0,1,0.5233225543364822
MH-002_2024_R066_C161,MH-002,2024,19.607483,80.376356,66,161,0,1,0.5206746017413957
MH-002_2024_R066_C162,MH-002,2024,19.607483,80.376625,66,162,0,1,0.5418985402494687
MH-002_2024_R066_C163,MH-002,2024,19.607483,80.376895,66,163,0,1,0.615457100084587
MH-002_2024_R066_C164,MH-002,2024,19.607483,80.377164,66,164,0,1,0.5495871437948394
MH-002_2024_R066_C165,MH-002,2024,19.607483,80.377434,66,165,0,1,0.5181896090389185
MH-002_2024_R066_C166,MH-002,2024,19.607483,80.377703,66,166,0,1,0.5957004889260178
MH-002_2024_R066_C167,MH-002,2024,19.607483,80.377973,66,167,0,1,0.592854687896822
MH-002_2024_R066_C168,MH-002,2024,19.607483,80.378242,66,168,0,1,0.5284979781417098
MH-002_2024_R066_C169,MH-002,2024,19.607483,80.378512,66,169,0,1,0.521347064895336
MH-002_2024_R066_C170,MH-002,2024,19.607483,80.378781,66,170,0,1,0.5827546955263453
MH-002_2024_R067_C161,MH-002,2024,19.607213,80.376356,67,161,1,1,0.5559481024067984
MH-002_2024_R067_C162,MH-002,2024,19.607213,80.376625,67,162,0,1,0.5784488310661687
MH-002_2024_R067_C163,MH-002,2024,19.607213,80.376895,67,163,0,1,0.5648963266412403
MH-002_2024_R067_C164,MH-002,2024,19.607213,80.377164,67,164,0,1,0.5454723125575235
MH-002_2024_R067_C165,MH-002,2024,19.607213,80.377434,67,165,0,1,0.5763269690402654
MH-002_2024_R067_C166,MH-002,2024,19.607213,80.377703,67,166,0,1,0.5495731972276402
MH-002_2024_R067_C167,MH-002,2024,19.607213,80.377973,67,167,0,1,0.5832735543558497
MH-002_2024_R067_C168,MH-002,2024,19.607213,80.378242,67,168,0,1,0.6576130169215714
MH-002_2024_R067_C169,MH-002,2024,19.607213,80.378512,67,169,0,1,0.6071851251229944
MH-002_2024_R067_C170,MH-002,2024,19.607213,80.378781,67,170,0,1,0.5452241257511673
MH-002_2024_R067_C171,MH-002,2024,19.607213,80.379051,67,171,0,0,0.42143240990504477
MH-002_2024_R067_C172,MH-002,2024,19.607213,80.37932,67,172,0,1,0.5561108236681387
MH-002_2024_R068_C161,MH-002,2024,19.606944,80.376356,68,161,0,1,0.568021517625467
MH-002_2024_R068_C162,MH-002,2024,19.606944,80.376625,68,162,1,1,0.5917246771545739
MH-002_2024_R068_C163,MH-002,2024,19.606944,80.376895,68,163,1,1,0.6005792589142622
MH-002_2024_R068_C164,MH-002,2024,19.606944,80.377164,68,164,0,1,0.5733202927970069
MH-002_2024_R068_C165,MH-002,2024,19.606944,80.377434,68,165,0,1,0.5574250171091202
MH-002_2024_R068_C166,MH-002,2024,19.606944,80.377703,68,166,0,1,0.618505487467534
MH-002_2024_R068_C167,MH-002,2024,19.606944,80.377973,68,167,0,1,0.612463381973564
MH-002_2024_R068_C168,MH-002,2024,19.606944,80.378242,68,168,0,1,0.5215146649418018
MH-002_2024_R068_C169,MH-002,2024,19.606944,80.378512,68,169,0,1,0.5447926673384564
MH-002_2024_R068_C170,MH-002,2024,19.606944,80.378781,68,170,0,0,0.48119386330839287
MH-002_2024_R068_C171,MH-002,2024,19.606944,80.379051,68,171,0,1,0.5336776445614172
MH-002_2024_R068_C172,MH-002,2024,19.606944,80.37932,68,172,0,1,0.5429450447116512
MH-002_2024_R068_C173,MH-002,2024,19.606944,80.37959,68,173,0,1,0.5888683123686136
MH-002_2024_R068_C174,MH-002,2024,19.606944,80.379859,68,174,0,1,0.5449343197852217
MH-002_2024_R069_C161,MH-002,2024,19.606674,80.376356,69,161,0,1,0.5882887499225875
MH-002_2024_R069_C162,MH-002,2024,19.606674,80.376625,69,162,1,1,0.5592444776649864
MH-002_2024_R069_C163,MH-002,2024,19.606674,80.376895,69,163,1,1,0.5983836508028356
MH-002_2024_R069_C164,MH-002,2024,19.606674,80.377164,69,164,0,1,0.5543100735210135
MH-002_2024_R069_C165,MH-002,2024,19.606674,80.377434,69,165,0,1,0.5249337939654088
MH-002_2024_R069_C166,MH-002,2024,19.606674,80.377703,69,166,0,1,0.5266249105970107
MH-002_2024_R069_C167,MH-002,2024,19.606674,80.377973,69,167,0,0,0.4710674065521012
MH-002_2024_R069_C168,MH-002,2024,19.606674,80.378242,69,168,0,0,0.48808292542039194
MH-002_2024_R069_C169,MH-002,2024,19.606674,80.378512,69,169,0,1,0.5764236928544528
MH-002_2024_R069_C170,MH-002,2024,19.606674,80.378781,69,170,0,1,0.518455701129074
MH-002_2024_R069_C171,MH-002,2024,19.606674,80.379051,69,171,0,1,0.5574331636368249
MH-002_2024_R069_C172,MH-002,2024,19.606674,80.37932,69,172,0,1,0.6048115444870371
MH-002_2024_R069_C173,MH-002,2024,19.606674,80.37959,69,173,0,1,0.5588399157402653
MH-002_2024_R069_C174,MH-002,2024,19.606674,80.379859,69,174,0,1,0.5505394922029744
MH-002_2024_R069_C175,MH-002,2024,19.606674,80.380129,69,175,0,1,0.5147018283122075
MH-002_2024_R070_C161,MH-002,2024,19.606405,80.376356,70,161,1,1,0.5618585571575939
MH-002_2024_R070_C162,MH-002,2024,19.606405,80.376625,70,162,1,1,0.5636177084553958
MH-002_2024_R070_C163,MH-002,2024,19.606405,80.376895,70,163,1,1,0.5821295846772853
MH-002_2024_R070_C164,MH-002,2024,19.606405,80.377164,70,164,0,1,0.5989205170864764
MH-002_2024_R070_C165,MH-002,2024,19.606405,80.377434,70,165,0,1,0.5432316414026617
MH-002_2024_R070_C166,MH-002,2024,19.606405,80.377703,70,166,0,1,0.5599457249268174
MH-002_2024_R070_C167,MH-002,2024,19.606405,80.377973,70,167,0,1,0.599551944235391
MH-002_2024_R070_C168,MH-002,2024,19.606405,80.378242,70,168,0,1,0.5128048877236783
MH-002_2024_R070_C169,MH-002,2024,19.606405,80.378512,70,169,0,1,0.5972491983366381
MH-002_2024_R070_C170,MH-002,2024,19.606405,80.378781,70,170,0,1,0.557459446829023
MH-002_2024_R070_C171,MH-002,2024,19.606405,80.379051,70,171,0,1,0.5787606870080562
MH-002_2024_R070_C172,MH-002,2024,19.606405,80.37932,70,172,0,1,0.5506249925027484
MH-002_2024_R070_C173,MH-002,2024,19.606405,80.37959,70,173,0,1,0.5201728808663733
MH-002_2024_R070_C174,MH-002,2024,19.606405,80.379859,70,174,0,1,0.5631773757374846
MH-002_2024_R070_C175,MH-002,2024,19.606405,80.380129,70,175,0,1,0.5296453918858914
MH-002_2024_R071_C161,MH-002,2024,19.606135,80.376356,71,161,1,1,0.6361002208851683
MH-002_2024_R071_C162,MH-002,2024,19.606135,80.376625,71,162,1,1,0.6122011931783872
MH-002_2024_R071_C163,MH-002,2024,19.606135,80.376895,71,163,1,1,0.6124904516469832
MH-002_2024_R071_C164,MH-002,2024,19.606135,80.377164,71,164,1,1,0.5795613863481521
MH-002_2024_R071_C165,MH-002,2024,19.606135,80.377434,71,165,0,1,0.5090951753199582
MH-002_2024_R071_C166,MH-002,2024,19.606135,80.377703,71,166,0,1,0.5858794091458447
MH-002_2024_R071_C167,MH-002,2024,19.606135,80.377973,71,167,0,1,0.5781286273988292
MH-002_2024_R071_C168,MH-002,2024,19.606135,80.378242,71,168,0,1,0.6095472133112114
MH-002_2024_R071_C169,MH-002,2024,19.606135,80.378512,71,169,0,1,0.5913098055753678
MH-002_2024_R071_C170,MH-002,2024,19.606135,80.378781,71,170,0,1,0.565517138937503
MH-002_2024_R071_C171,MH-002,2024,19.606135,80.379051,71,171,0,1,0.5277109532516727
MH-002_2024_R071_C172,MH-002,2024,19.606135,80.37932,71,172,0,1,0.5715208200713415
MH-002_2024_R071_C173,MH-002,2024,19.606135,80.37959,71,173,0,1,0.5423529542799163
MH-002_2024_R071_C174,MH-002,2024,19.606135,80.379859,71,174,0,0,0.4603537638279811
MH-002_2024_R071_C175,MH-002,2024,19.606135,80.380129,71,175,0,0,0.45180735730760657
MH-002_2024_R072_C161,MH-002,2024,19.605866,80.376356,72,161,1,1,0.6007163281459701
MH-002_2024_R072_C162,MH-002,2024,19.605866,80.376625,72,162,1,1,0.65355540590763
MH-002_2024_R072_C163,MH-002,2024,19.605866,80.376895,72,163,0,1,0.6270378025981235
MH-002_2024_R072_C164,MH-002,2024,19.605866,80.377164,72,164,0,1,0.5522790628434797
MH-002_2024_R072_C165,MH-002,2024,19.605866,80.377434,72,165,0,0,0.4944335029199842
MH-002_2024_R072_C166,MH-002,2024,19.605866,80.377703,72,166,0,1,0.6222685643425745
MH-002_2024_R072_C167,MH-002,2024,19.605866,80.377973,72,167,0,0,0.4937136012486435
MH-002_2024_R072_C168,MH-002,2024,19.605866,80.378242,72,168,0,0,0.4971352384138214
MH-002_2024_R072_C169,MH-002,2024,19.605866,80.378512,72,169,0,1,0.5972483432106142
MH-002_2024_R072_C170,MH-002,2024,19.605866,80.378781,72,170,0,1,0.5810127459148088
MH-002_2024_R072_C171,MH-002,2024,19.605866,80.379051,72,171,0,1,0.5564613942870583
MH-002_2024_R072_C172,MH-002,2024,19.605866,80.37932,72,172,0,1,0.5281820475863633
MH-002_2024_R072_C173,MH-002,2024,19.605866,80.37959,72,173,0,0,0.48297561169444797
MH-002_2024_R072_C174,MH-002,2024,19.605866,80.379859,72,174,0,1,0.519935048069706
MH-002_2024_R072_C175,MH-002,2024,19.605866,80.380129,72,175,0,1,0.5165630378861037
MH-002_2024_R073_C161,MH-002,2024,19.605596,80.376356,73,161,1,1,0.5161611661943755
MH-002_2024_R073_C162,MH-002,2024,19.605596,80.376625,73,162,0,1,0.6112329276013635
MH-002_2024_R073_C163,MH-002,2024,19.605596,80.376895,73,163,0,1,0.6316108087617304
MH-002_2024_R073_C164,MH-002,2024,19.605596,80.377164,73,164,0,1,0.5348699099348047
MH-002_2024_R073_C165,MH-002,2024,19.605596,80.377434,73,165,0,1,0.5238001129917603
MH-002_2024_R073_C166,MH-002,2024,19.605596,80.377703,73,166,0,1,0.5045602499696988
MH-002_2024_R073_C167,MH-002,2024,19.605596,80.377973,73,167,0,0,0.47821714671714194
MH-002_2024_R073_C168,MH-002,2024,19.605596,80.378242,73,168,0,0,0.4410536183272305
MH-002_2024_R073_C169,MH-002,2024,19.605596,80.378512,73,169,0,1,0.5773160104451144
MH-002_2024_R073_C170,MH-002,2024,19.605596,80.378781,73,170,0,1,0.5013590387751015
MH-002_2024_R073_C171,MH-002,2024,19.605596,80.379051,73,171,0,1,0.5258496369426081
MH-002_2024_R073_C172,MH-002,2024,19.605596,80.37932,73,172,0,0,0.44887941393556446
MH-002_2024_R073_C173,MH-002,2024,19.605596,80.37959,73,173,0,1,0.5059824794528563
MH-002_2024_R073_C174,MH-002,2024,19.605596,80.379859,73,174,0,1,0.539211524441026
MH-002_2024_R073_C175,MH-002,2024,19.605596,80.380129,73,175,0,1,0.5142959981476798
MH-002_2024_R074_C161,MH-002,2024,19.605327,80.376356,74,161,1,1,0.5419529025507198
MH-002_2024_R074_C162,MH-002,2024,19.605327,80.376625,74,162,1,1,0.6166975085975032
MH-002_2024_R074_C163,MH-002,2024,19.605327,80.376895,74,163,0,1,0.6107733201150662
MH-002_2024_R074_C164,MH-002,2024,19.605327,80.377164,74,164,1,1,0.6094024251151001
MH-002_2024_R074_C165,MH-002,2024,19.605327,80.377434,74,165,0,1,0.5236451806856296
MH-002_2024_R074_C166,MH-002,2024,19.605327,80.377703,74,166,0,0,0.4834858766424513
MH-002_2024_R074_C167,MH-002,2024,19.605327,80.377973,74,167,0,0,0.48429270043320993
MH-002_2024_R074_C168,MH-002,2024,19.605327,80.378242,74,168,0,1,0.5058033566646007
MH-002_2024_R074_C169,MH-002,2024,19.605327,80.378512,74,169,0,1,0.604233257211812
MH-002_2024_R074_C170,MH-002,2024,19.605327,80.378781,74,170,0,1,0.5167106575516441
MH-002_2024_R074_C171,MH-002,2024,19.605327,80.379051,74,171,0,0,0.4744621295375736
MH-002_2024_R074_C172,MH-002,2024,19.605327,80.37932,74,172,0,0,0.48154798364813056
MH-002_2024_R074_C173,MH-002,2024,19.605327,80.37959,74,173,0,1,0.5158661422823012
MH-002_2024_R074_C174,MH-002,2024,19.605327,80.379859,74,174,0,1,0.5441382476600618
MH-002_2024_R074_C175,MH-002,2024,19.605327,80.380129,74,175,0,0,0.49245431203832285
MH-002_2024_R074_C176,MH-002,2024,19.605327,80.380398,74,176,0,0,0.4515314925526041
MH-002_2024_R075_C161,MH-002,2024,19.605057,80.376356,75,161,0,0,0.481306853754704
MH-002_2024_R075_C162,MH-002,2024,19.605057,80.376625,75,162,0,1,0.506099855156825
MH-002_2024_R075_C163,MH-002,2024,19.605057,80.376895,75,163,0,1,0.5087273076992115
MH-002_2024_R075_C164,MH-002,2024,19.605057,80.377164,75,164,0,1,0.5612619881188128
MH-002_2024_R075_C165,MH-002,2024,19.605057,80.377434,75,165,0,1,0.5658859978476594
MH-002_2024_R075_C166,MH-002,2024,19.605057,80.377703,75,166,0,0,0.3910457307838832
MH-002_2024_R075_C167,MH-002,2024,19.605057,80.377973,75,167,0,0,0.4600275083766958
MH-002_2024_R075_C168,MH-002,2024,19.605057,80.378242,75,168,0,0,0.33923336737399484
MH-002_2024_R075_C169,MH-002,2024,19.605057,80.378512,75,169,0,0,0.38708944338127554
MH-002_2024_R075_C170,MH-002,2024,19.605057,80.378781,75,170,0,0,0.473271934398174
MH-002_2024_R075_C171,MH-002,2024,19.605057,80.379051,75,171,0,1,0.5821290043726962
MH-002_2024_R075_C172,MH-002,2024,19.605057,80.37932,75,172,0,1,0.5445155868422111
MH-002_2024_R075_C173,MH-002,2024,19.605057,80.37959,75,173,0,1,0.5730052792127044
MH-002_2024_R075_C174,MH-002,2024,19.605057,80.379859,75,174,0,0,0.4669100516628842
MH-002_2024_R075_C175,MH-002,2024,19.605057,80.380129,75,175,0,1,0.5269674257484891
MH-002_2024_R075_C176,MH-002,2024,19.605057,80.380398,75,176,0,0,0.3575388493545832
MH-002_2024_R076_C161,MH-002,2024,19.604788,80.376356,76,161,0,0,0.4596135059385948
MH-002_2024_R076_C162,MH-002,2024,19.604788,80.376625,76,162,0,0,0.48331424700900294
MH-002_2024_R076_C163,MH-002,2024,19.604788,80.376895,76,163,1,1,0.5447814835698997
MH-002_2024_R076_C164,MH-002,2024,19.604788,80.377164,76,164,0,1,0.5020107781223092
MH-002_2024_R076_C165,MH-002,2024,19.604788,80.377434,76,165,0,1,0.5098917678950713
MH-002_2024_R076_C166,MH-002,2024,19.604788,80.377703,76,166,0,0,0.34047128088547624
MH-002_2024_R076_C168,MH-002,2024,19.604788,80.378242,76,168,0,0,0.314996385360095
MH-002_2024_R076_C170,MH-002,2024,19.604788,80.378781,76,170,0,0,0.4266204705244406
MH-002_2024_R076_C171,MH-002,2024,19.604788,80.379051,76,171,0,1,0.574383487552947
MH-002_2024_R076_C172,MH-002,2024,19.604788,80.37932,76,172,0,1,0.5229330776895257
MH-002_2024_R076_C173,MH-002,2024,19.604788,80.37959,76,173,0,1,0.5777649337624807
MH-002_2024_R076_C174,MH-002,2024,19.604788,80.379859,76,174,0,1,0.5046850257154634
MH-002_2024_R076_C175,MH-002,2024,19.604788,80.380129,76,175,0,1,0.6067708434780625
MH-002_2024_R076_C176,MH-002,2024,19.604788,80.380398,76,176,0,0,0.43377548249037007
MH-002_2024_R077_C161,MH-002,2024,19.604518,80.376356,77,161,0,1,0.5121793803000451
MH-002_2024_R077_C162,MH-002,2024,19.604518,80.376625,77,162,1,0,0.47485803574457297
MH-002_2024_R077_C163,MH-002,2024,19.604518,80.376895,77,163,0,0,0.3732015696056788
MH-002_2024_R077_C164,MH-002,2024,19.604518,80.377164,77,164,0,0,0.31129313618773163
MH-002_2024_R077_C165,MH-002,2024,19.604518,80.377434,77,165,0,0,0.3315649303621897
MH-002_2024_R077_C167,MH-002,2024,19.604518,80.377973,77,167,0,0,0.3893842691326147
MH-002_2024_R077_C168,MH-002,2024,19.604518,80.378242,77,168,0,0,0.31672983805971233
MH-002_2024_R077_C169,MH-002,2024,19.604518,80.378512,77,169,0,0,0.3076315233182601
MH-002_2024_R077_C171,MH-002,2024,19.604518,80.379051,77,171,0,0,0.4673244892011867
MH-002_2024_R077_C172,MH-002,2024,19.604518,80.37932,77,172,0,1,0.522351775250514
MH-002_2024_R077_C173,MH-002,2024,19.604518,80.37959,77,173,0,1,0.507742235057223
MH-002_2024_R077_C174,MH-002,2024,19.604518,80.379859,77,174,0,1,0.5159728832605796
MH-002_2024_R077_C175,MH-002,2024,19.604518,80.380129,77,175,0,1,0.5531882980535887
MH-002_2024_R077_C176,MH-002,2024,19.604518,80.380398,77,176,0,0,0.4074109127904985
MH-002_2024_R078_C161,MH-002,2024,19.604249,80.376356,78,161,0,1,0.5816441222771804
MH-002_2024_R078_C162,MH-002,2024,19.604249,80.376625,78,162,1,1,0.5323809525255628
MH-002_2024_R078_C164,MH-002,2024,19.604249,80.377164,78,164,0,0,0.3574099751873303
MH-002_2024_R078_C166,MH-002,2024,19.604249,80.377703,78,166,0,0,0.3118496523826409
MH-002_2024_R078_C167,MH-002,2024,19.604249,80.377973,78,167,0,0,0.41115420676388503
MH-002_2024_R078_C168,MH-002,2024,19.604249,80.378242,78,168,0,0,0.3471407787571012
MH-002_2024_R078_C169,MH-002,2024,19.604249,80.378512,78,169,0,0,0.27825806793463764
MH-002_2024_R078_C171,MH-002,2024,19.604249,80.379051,78,171,0,0,0.4008936771541451
MH-002_2024_R078_C172,MH-002,2024,19.604249,80.37932,78,172,0,1,0.5246898691535071
MH-002_2024_R078_C173,MH-002,2024,19.604249,80.37959,78,173,0,0,0.48629167567304943
MH-002_2024_R078_C174,MH-002,2024,19.604249,80.379859,78,174,0,1,0.5448095265019062
MH-002_2024_R078_C175,MH-002,2024,19.604249,80.380129,78,175,0,0,0.4447756674160664
MH-002_2024_R078_C176,MH-002,2024,19.604249,80.380398,78,176,0,0,0.38097258386900074
MH-002_2024_R079_C161,MH-002,2024,19.603979,80.376356,79,161,0,0,0.45646975770547443
MH-002_2024_R079_C162,MH-002,2024,19.603979,80.376625,79,162,0,0,0.4521526044535826
MH-002_2024_R079_C163,MH-002,2024,19.603979,80.376895,79,163,0,1,0.5161260187974104
MH-002_2024_R079_C164,MH-002,2024,19.603979,80.377164,79,164,0,0,0.3648054849905612
MH-002_2024_R079_C166,MH-002,2024,19.603979,80.377703,79,166,0,0,0.2595842152106991
MH-002_2024_R079_C167,MH-002,2024,19.603979,80.377973,79,167,0,0,0.3416124868343512
MH-002_2024_R079_C168,MH-002,2024,19.603979,80.378242,79,168,0,0,0.4591564896254495
MH-002_2024_R079_C169,MH-002,2024,19.603979,80.378512,79,169,0,0,0.2325516540067248
MH-002_2024_R079_C170,MH-002,2024,19.603979,80.378781,79,170,0,0,0.22291473682849428
MH-002_2024_R079_C171,MH-002,2024,19.603979,80.379051,79,171,0,0,0.39528849693012214
MH-002_2024_R079_C172,MH-002,2024,19.603979,80.37932,79,172,0,1,0.5390132397436379
MH-002_2024_R079_C173,MH-002,2024,19.603979,80.37959,79,173,0,1,0.5304007167359276
MH-002_2024_R079_C174,MH-002,2024,19.603979,80.379859,79,174,0,1,0.5424437220335718
MH-002_2024_R079_C175,MH-002,2024,19.603979,80.380129,79,175,0,1,0.5385214135832522
MH-002_2024_R079_C176,MH-002,2024,19.603979,80.380398,79,176,0,0,0.37911128022482815
MH-002_2024_R080_C161,MH-002,2024,19.60371,80.376356,80,161,0,0,0.45184787742712906
MH-002_2024_R080_C162,MH-002,2024,19.60371,80.376625,80,162,0,0,0.4367675047408011
MH-002_2024_R080_C163,MH-002,2024,19.60371,80.376895,80,163,1,1,0.5683765184748591
MH-002_2024_R080_C164,MH-002,2024,19.60371,80.377164,80,164,0,0,0.36676066097383997
MH-002_2024_R080_C165,MH-002,2024,19.60371,80.377434,80,165,0,0,0.2346669267878614
MH-002_2024_R080_C166,MH-002,2024,19.60371,80.377703,80,166,0,0,0.2706638667262574
MH-002_2024_R080_C167,MH-002,2024,19.60371,80.377973,80,167,0,0,0.33062800006878634
MH-002_2024_R080_C168,MH-002,2024,19.60371,80.378242,80,168,0,1,0.5187016953673279
MH-002_2024_R080_C169,MH-002,2024,19.60371,80.378512,80,169,0,0,0.24507995711014036
MH-002_2024_R080_C171,MH-002,2024,19.60371,80.379051,80,171,0,0,0.452849871688702
MH-002_2024_R080_C172,MH-002,2024,19.60371,80.37932,80,172,0,0,0.4917484331623878
MH-002_2024_R080_C173,MH-002,2024,19.60371,80.37959,80,173,0,1,0.5207779023342903
MH-002_2024_R080_C174,MH-002,2024,19.60371,80.379859,80,174,0,1,0.5329495824445409
MH-002_2024_R080_C175,MH-002,2024,19.60371,80.380129,80,175,0,1,0.554596529845027
MH-002_2024_R080_C176,MH-002,2024,19.60371,80.380398,80,176,0,0,0.4043107146474949
MH-002_2024_R081_C161,MH-002,2024,19.60344,80.376356,81,161,0,1,0.5241911134633248
MH-002_2024_R081_C162,MH-002,2024,19.60344,80.376625,81,162,0,0,0.4955727442086606
MH-002_2024_R081_C163,MH-002,2024,19.60344,80.376895,81,163,0,1,0.6151477642564481
MH-002_2024_R081_C164,MH-002,2024,19.60344,80.377164,81,164,1,0,0.4176121242343177
MH-002_2024_R081_C165,MH-002,2024,19.60344,80.377434,81,165,0,0,0.3653101534835392
MH-002_2024_R081_C166,MH-002,2024,19.60344,80.377703,81,166,1,0,0.3000492991441447
MH-002_2024_R081_C167,MH-002,2024,19.60344,80.377973,81,167,0,0,0.35020859007124044
MH-002_2024_R081_C168,MH-002,2024,19.60344,80.378242,81,168,0,0,0.40538082904816564
MH-002_2024_R081_C169,MH-002,2024,19.60344,80.378512,81,169,0,0,0.456773911481872
MH-002_2024_R081_C171,MH-002,2024,19.60344,80.379051,81,171,0,0,0.4594485434780451
MH-002_2024_R081_C172,MH-002,2024,19.60344,80.37932,81,172,0,1,0.5621452843458937
MH-002_2024_R081_C173,MH-002,2024,19.60344,80.37959,81,173,0,1,0.5944535363194334
MH-002_2024_R081_C174,MH-002,2024,19.60344,80.379859,81,174,0,1,0.5103796479624347
MH-002_2024_R081_C175,MH-002,2024,19.60344,80.380129,81,175,0,1,0.5267079023523785
MH-002_2024_R081_C176,MH-002,2024,19.60344,80.380398,81,176,0,0,0.35426165325898235
MH-002_2024_R082_C161,MH-002,2024,19.603171,80.376356,82,161,0,1,0.5347895404631025
MH-002_2024_R082_C162,MH-002,2024,19.603171,80.376625,82,162,0,1,0.5959068607654229
MH-002_2024_R082_C163,MH-002,2024,19.603171,80.376895,82,163,0,1,0.5291833860850995
MH-002_2024_R082_C164,MH-002,2024,19.603171,80.377164,82,164,1,0,0.41793519286514
MH-002_2024_R082_C165,MH-002,2024,19.603171,80.377434,82,165,0,0,0.39493128993066456
MH-002_2024_R082_C166,MH-002,2024,19.603171,80.377703,82,166,1,0,0.27535154435014936
MH-002_2024_R082_C167,MH-002,2024,19.603171,80.377973,82,167,0,0,0.38885745440369784
MH-002_2024_R082_C168,MH-002,2024,19.603171,80.378242,82,168,0,0,0.4358158294076932
MH-002_2024_R082_C169,MH-002,2024,19.603171,80.378512,82,169,0,0,0.36837407705370867
MH-002_2024_R082_C170,MH-002,2024,19.603171,80.378781,82,170,0,0,0.4090860753448229
MH-002_2024_R082_C172,MH-002,2024,19.603171,80.37932,82,172,0,0,0.464491761416556
MH-002_2024_R082_C173,MH-002,2024,19.603171,80.37959,82,173,0,0,0.3738852321024984
MH-002_2024_R082_C174,MH-002,2024,19.603171,80.379859,82,174,0,0,0.4139597361904441
MH-002_2024_R082_C175,MH-002,2024,19.603171,80.380129,82,175,0,1,0.5259053541686569
MH-002_2024_R082_C176,MH-002,2024,19.603171,80.380398,82,176,0,0,0.43198046779116483
MH-002_2024_R083_C161,MH-002,2024,19.602901,80.376356,83,161,0,0,0.3674787185477205
MH-002_2024_R083_C162,MH-002,2024,19.602901,80.376625,83,162,0,0,0.4980743831269283
MH-002_2024_R083_C163,MH-002,2024,19.602901,80.376895,83,163,0,0,0.4997850737121121
MH-002_2024_R083_C164,MH-002,2024,19.602901,80.377164,83,164,0,0,0.29704488342091906
MH-002_2024_R083_C165,MH-002,2024,19.602901,80.377434,83,165,0,0,0.2474157713561653
MH-002_2024_R083_C166,MH-002,2024,19.602901,80.377703,83,166,0,0,0.29470072517607765
MH-002_2024_R083_C167,MH-002,2024,19.602901,80.377973,83,167,0,0,0.21278723617963038
MH-002_2024_R083_C168,MH-002,2024,19.602901,80.378242,83,168,0,1,0.5459752333882547
MH-002_2024_R083_C169,MH-002,2024,19.602901,80.378512,83,169,0,0,0.26895913881556166
MH-002_2024_R083_C170,MH-002,2024,19.602901,80.378781,83,170,0,0,0.28088119081533686
MH-002_2024_R083_C171,MH-002,2024,19.602901,80.379051,83,171,0,0,0.3751478480488572
MH-002_2024_R083_C172,MH-002,2024,19.602901,80.37932,83,172,0,0,0.265377942363621
MH-002_2024_R083_C173,MH-002,2024,19.602901,80.37959,83,173,0,0,0.25982782622449463
MH-002_2024_R083_C175,MH-002,2024,19.602901,80.380129,83,175,0,0,0.4050980393304179
MH-002_2024_R083_C176,MH-002,2024,19.602901,80.380398,83,176,0,1,0.5179980277236322
MH-002_2024_R083_C177,MH-002,2024,19.602901,80.380668,83,177,0,0,0.4109131402748074
MH-002_2024_R084_C161,MH-002,2024,19.602632,80.376356,84,161,0,0,0.38353265954350546
MH-002_2024_R084_C163,MH-002,2024,19.602632,80.376895,84,163,0,0,0.4535062700411325
MH-002_2024_R084_C165,MH-002,2024,19.602632,80.377434,84,165,0,0,0.18227400481670958
MH-002_2024_R084_C166,MH-002,2024,19.602632,80.377703,84,166,0,0,0.2781081000450576
MH-002_2024_R084_C167,MH-002,2024,19.602632,80.377973,84,167,1,0,0.2858273858815701
MH-002_2024_R084_C168,MH-002,2024,19.602632,80.378242,84,168,0,0,0.3597736791766797
MH-002_2024_R084_C170,MH-002,2024,19.602632,80.378781,84,170,0,0,0.27532402802253453
MH-002_2024_R084_C171,MH-002,2024,19.602632,80.379051,84,171,0,0,0.40837780407887925
MH-002_2024_R084_C172,MH-002,2024,19.602632,80.37932,84,172,0,0,0.3927770899783748
MH-002_2024_R084_C173,MH-002,2024,19.602632,80.37959,84,173,0,0,0.38520343734760026
MH-002_2024_R084_C174,MH-002,2024,19.602632,80.379859,84,174,0,0,0.24951848285447611
MH-002_2024_R084_C175,MH-002,2024,19.602632,80.380129,84,175,0,0,0.3010295295636915
MH-002_2024_R084_C176,MH-002,2024,19.602632,80.380398,84,176,0,0,0.4809237018854594
MH-002_2024_R084_C177,MH-002,2024,19.602632,80.380668,84,177,0,0,0.37831304908106084
MH-002_2024_R085_C161,MH-002,2024,19.602362,80.376356,85,161,0,0,0.34337212684369206
MH-002_2024_R085_C162,MH-002,2024,19.602362,80.376625,85,162,0,0,0.43858980135008524
MH-002_2024_R085_C163,MH-002,2024,19.602362,80.376895,85,163,0,0,0.3622342988990221
MH-002_2024_R085_C164,MH-002,2024,19.602362,80.377164,85,164,0,0,0.3701667986476826
MH-002_2024_R085_C165,MH-002,2024,19.602362,80.377434,85,165,0,0,0.33842125683456403
MH-002_2024_R085_C166,MH-002,2024,19.602362,80.377703,85,166,0,0,0.4075299084827996
MH-002_2024_R085_C167,MH-002,2024,19.602362,80.377973,85,167,0,0,0.41939454094709927
MH-002_2024_R085_C171,MH-002,2024,19.602362,80.379051,85,171,0,0,0.27566802105725874
MH-002_2024_R085_C172,MH-002,2024,19.602362,80.37932,85,172,0,0,0.2608749822928363
MH-002_2024_R085_C173,MH-002,2024,19.602362,80.37959,85,173,0,0,0.2129744403846814
MH-002_2024_R085_C174,MH-002,2024,19.602362,80.379859,85,174,0,0,0.44620196456167743
MH-002_2024_R085_C175,MH-002,2024,19.602362,80.380129,85,175,0,0,0.3721383535340298
MH-002_2024_R085_C177,MH-002,2024,19.602362,80.380668,85,177,0,0,0.39024842625132644
MH-002_2024_R086_C161,MH-002,2024,19.602093,80.376356,86,161,0,0,0.36589176169199583
MH-002_2024_R086_C162,MH-002,2024,19.602093,80.376625,86,162,0,0,0.3122667461844328
MH-002_2024_R086_C163,MH-002,2024,19.602093,80.376895,86,163,0,0,0.3968585681810302
MH-002_2024_R086_C172,MH-002,2024,19.602093,80.37932,86,172,0,0,0.2440398802802878
MH-002_2024_R086_C173,MH-002,2024,19.602093,80.37959,86,173,0,0,0.317742208323312
MH-002_2024_R086_C174,MH-002,2024,19.602093,80.379859,86,174,0,0,0.2693540253679814
MH-002_2024_R086_C175,MH-002,2024,19.602093,80.380129,86,175,0,0,0.3227584222673345
MH-002_2024_R086_C176,MH-002,2024,19.602093,80.380398,86,176,0,0,0.22438873883879015
MH-002_2024_R087_C170,MH-002,2024,19.601823,80.378781,87,170,0,0,0.20348681316249967
MH-002_2024_R087_C171,MH-002,2024,19.601823,80.379051,87,171,0,0,0.39259170688592965
MH-002_2024_R087_C172,MH-002,2024,19.601823,80.37932,87,172,0,0,0.3574797889094388
MH-002_2024_R087_C173,MH-002,2024,19.601823,80.37959,87,173,0,0,0.36981945507732195
MH-002_2024_R087_C174,MH-002,2024,19.601823,80.379859,87,174,0,0,0.2994139863552456
MH-002_2024_R087_C175,MH-002,2024,19.601823,80.380129,87,175,0,0,0.2550559078184942
MH-002_2024_R087_C177,MH-002,2024,19.601823,80.380668,87,177,0,0,0.44305669369324896
MH-002_2024_R088_C171,MH-002,2024,19.601554,80.379051,88,171,0,0,0.41762631212064055
MH-002_2024_R088_C172,MH-002,2024,19.601554,80.37932,88,172,0,0,0.3255820674067803
MH-002_2024_R088_C173,MH-002,2024,19.601554,80.37959,88,173,0,0,0.3236184139179185
MH-002_2024_R088_C174,MH-002,2024,19.601554,80.379859,88,174,0,0,0.38099787623721637
MH-002_2024_R088_C176,MH-002,2024,19.601554,80.380398,88,176,0,0,0.3698952597479834
MH-002_2024_R088_C177,MH-002,2024,19.601554,80.380668,88,177,0,0,0.44113448279129003
MH-002_2024_R088_C178,MH-002,2024,19.601554,80.380937,88,178,0,0,0.44741218277170186
MH-002_2024_R089_C161,MH-002,2024,19.601284,80.376356,89,161,0,1,0.5005239208332838
MH-002_2024_R089_C165,MH-002,2024,19.601284,80.377434,89,165,0,0,0.3822326984928607
MH-002_2024_R089_C166,MH-002,2024,19.601284,80.377703,89,166,0,1,0.5108541350738528
MH-002_2024_R089_C167,MH-002,2024,19.601284,80.377973,89,167,0,0,0.4916542928303222
MH-002_2024_R089_C168,MH-002,2024,19.601284,80.378242,89,168,1,0,0.46384026418918806
MH-002_2024_R089_C172,MH-002,2024,19.601284,80.37932,89,172,0,0,0.4171738555292193
MH-002_2024_R089_C173,MH-002,2024,19.601284,80.37959,89,173,0,0,0.3932299048579327
MH-002_2024_R089_C175,MH-002,2024,19.601284,80.380129,89,175,0,0,0.35971505622290123
MH-002_2024_R089_C176,MH-002,2024,19.601284,80.380398,89,176,0,1,0.5080667840918861
MH-002_2024_R089_C177,MH-002,2024,19.601284,80.380668,89,177,0,0,0.4153058670098477
MH-002_2024_R089_C178,MH-002,2024,19.601284,80.380937,89,178,0,0,0.42590478252716285
MH-002_2024_R089_C179,MH-002,2024,19.601284,80.381207,89,179,0,0,0.2481707271336109
MH-002_2024_R089_C180,MH-002,2024,19.601284,80.381476,89,180,0,0,0.36722811712960063
MH-002_2024_R090_C161,MH-002,2024,19.601015,80.376356,90,161,0,1,0.5813185985383753
MH-002_2024_R090_C162,MH-002,2024,19.601015,80.376625,90,162,0,1,0.5183187018778446
MH-002_2024_R090_C163,MH-002,2024,19.601015,80.376895,90,163,0,0,0.36216492637466335
MH-002_2024_R090_C165,MH-002,2024,19.601015,80.377434,90,165,0,0,0.4541640132301519
MH-002_2024_R090_C166,MH-002,2024,19.601015,80.377703,90,166,0,0,0.49014661951323396
MH-002_2024_R090_C167,MH-002,2024,19.601015,80.377973,90,167,0,0,0.4497597365465357
MH-002_2024_R090_C168,MH-002,2024,19.601015,80.378242,90,168,0,0,0.4919521861725773
MH-002_2024_R090_C169,MH-002,2024,19.601015,80.378512,90,169,0,0,0.46800206104874553
MH-002_2024_R090_C170,MH-002,2024,19.601015,80.378781,90,170,0,0,0.39067069439845237
MH-002_2024_R090_C172,MH-002,2024,19.601015,80.37932,90,172,0,0,0.3609076902787757
MH-002_2024_R090_C173,MH-002,2024,19.601015,80.37959,90,173,0,0,0.38955966601200176
MH-002_2024_R090_C174,MH-002,2024,19.601015,80.379859,90,174,0,0,0.3301429224444972
MH-002_2024_R090_C175,MH-002,2024,19.601015,80.380129,90,175,0,0,0.43375242972777345
MH-002_2024_R090_C176,MH-002,2024,19.601015,80.380398,90,176,0,1,0.5015311268556919
MH-002_2024_R090_C177,MH-002,2024,19.601015,80.380668,90,177,0,0,0.460985909045337
MH-002_2024_R090_C178,MH-002,2024,19.601015,80.380937,90,178,0,0,0.319474036092495
MH-002_2024_R090_C179,MH-002,2024,19.601015,80.381207,90,179,0,0,0.25799611910930825
MH-002_2024_R090_C180,MH-002,2024,19.601015,80.381476,90,180,0,0,0.365657037314207
MH-002_2024_R090_C181,MH-002,2024,19.601015,80.381746,90,181,0,1,0.5501066420500753
MH-002_2024_R090_C182,MH-002,2024,19.601015,80.382015,90,182,0,1,0.6072486221222493
MH-002_2024_R091_C161,MH-002,2024,19.600745,80.376356,91,161,0,1,0.5323456579548743
MH-002_2024_R091_C162,MH-002,2024,19.600745,80.376625,91,162,0,1,0.5603782117236729
MH-002_2024_R091_C163,MH-002,2024,19.600745,80.376895,91,163,0,1,0.5548596744377842
MH-002_2024_R091_C164,MH-002,2024,19.600745,80.377164,91,164,0,0,0.4879673717133584
MH-002_2024_R091_C165,MH-002,2024,19.600745,80.377434,91,165,0,0,0.47561804069599223
MH-002_2024_R091_C166,MH-002,2024,19.600745,80.377703,91,166,0,1,0.5264391641320911
MH-002_2024_R091_C167,MH-002,2024,19.600745,80.377973,91,167,0,0,0.47841674968022074
MH-002_2024_R091_C168,MH-002,2024,19.600745,80.378242,91,168,0,0,0.36742927259431446
MH-002_2024_R091_C169,MH-002,2024,19.600745,80.378512,91,169,0,0,0.4578419734410489
MH-002_2024_R091_C170,MH-002,2024,19.600745,80.378781,91,170,0,0,0.4653331660179729
MH-002_2024_R091_C171,MH-002,2024,19.600745,80.379051,91,171,1,0,0.4205783540431661
MH-002_2024_R091_C173,MH-002,2024,19.600745,80.37959,91,173,0,0,0.4853603592502306
MH-002_2024_R091_C174,MH-002,2024,19.600745,80.379859,91,174,0,0,0.47530619160836235
MH-002_2024_R091_C175,MH-002,2024,19.600745,80.380129,91,175,0,0,0.4610676709280475
MH-002_2024_R091_C176,MH-002,2024,19.600745,80.380398,91,176,0,0,0.4425699993093192
MH-002_2024_R091_C177,MH-002,2024,19.600745,80.380668,91,177,0,0,0.35837468890868923
MH-002_2024_R091_C180,MH-002,2024,19.600745,80.381476,91,180,0,0,0.3023027996389653
MH-002_2024_R091_C181,MH-002,2024,19.600745,80.381746,91,181,0,1,0.6308561364545409
MH-002_2024_R091_C182,MH-002,2024,19.600745,80.382015,91,182,0,1,0.518567899880649
MH-002_2024_R092_C161,MH-002,2024,19.600476,80.376356,92,161,0,1,0.6261024626977735
MH-002_2024_R092_C162,MH-002,2024,19.600476,80.376625,92,162,0,1,0.5757047743313466
MH-002_2024_R092_C163,MH-002,2024,19.600476,80.376895,92,163,0,1,0.5571460416592562
MH-002_2024_R092_C164,MH-002,2024,19.600476,80.377164,92,164,0,0,0.470866598214348
MH-002_2024_R092_C165,MH-002,2024,19.600476,80.377434,92,165,0,0,0.4440292598173563
MH-002_2024_R092_C166,MH-002,2024,19.600476,80.377703,92,166,0,1,0.5339073516669375
MH-002_2024_R092_C167,MH-002,2024,19.600476,80.377973,92,167,1,1,0.502083840782004
MH-002_2024_R092_C168,MH-002,2024,19.600476,80.378242,92,168,0,0,0.39689649808870137
MH-002_2024_R092_C169,MH-002,2024,19.600476,80.378512,92,169,0,0,0.4276082093989872
MH-002_2024_R092_C170,MH-002,2024,19.600476,80.378781,92,170,0,0,0.48354213329538326
MH-002_2024_R092_C171,MH-002,2024,19.600476,80.379051,92,171,0,0,0.459576660374288
MH-002_2024_R092_C172,MH-002,2024,19.600476,80.37932,92,172,0,1,0.5454085577806674
MH-002_2024_R092_C173,MH-002,2024,19.600476,80.37959,92,173,0,0,0.48230523123162106
MH-002_2024_R092_C174,MH-002,2024,19.600476,80.379859,92,174,0,1,0.5408251303442677
MH-002_2024_R092_C175,MH-002,2024,19.600476,80.380129,92,175,0,0,0.43592135192645515
MH-002_2024_R092_C176,MH-002,2024,19.600476,80.380398,92,176,0,0,0.32668272736791565
MH-002_2024_R092_C177,MH-002,2024,19.600476,80.380668,92,177,0,0,0.3331932226122309
MH-002_2024_R092_C178,MH-002,2024,19.600476,80.380937,92,178,0,1,0.5035725319799695
MH-002_2024_R092_C179,MH-002,2024,19.600476,80.381207,92,179,0,0,0.4032870666384669
MH-002_2024_R092_C181,MH-002,2024,19.600476,80.381746,92,181,0,1,0.6368862685728411
MH-002_2024_R092_C182,MH-002,2024,19.600476,80.382015,92,182,0,1,0.5408454275286769
MH-002_2024_R093_C161,MH-002,2024,19.600206,80.376356,93,161,0,1,0.569195966439838
MH-002_2024_R093_C162,MH-002,2024,19.600206,80.376625,93,162,0,1,0.5783057516274718
MH-002_2024_R093_C163,MH-002,2024,19.600206,80.376895,93,163,0,1,0.5659370433257167
MH-002_2024_R093_C164,MH-002,2024,19.600206,80.377164,93,164,0,0,0.4481367434349302
MH-002_2024_R093_C165,MH-002,2024,19.600206,80.377434,93,165,1,1,0.5235331922385834
MH-002_2024_R093_C166,MH-002,2024,19.600206,80.377703,93,166,0,1,0.5608215996805597
MH-002_2024_R093_C167,MH-002,2024,19.600206,80.377973,93,167,0,1,0.5915368568039222
MH-002_2024_R093_C168,MH-002,2024,19.600206,80.378242,93,168,0,1,0.5273701190185869
MH-002_2024_R093_C169,MH-002,2024,19.600206,80.378512,93,169,0,0,0.45606896702502886
MH-002_2024_R093_C170,MH-002,2024,19.600206,80.378781,93,170,0,0,0.45877130997276855
MH-002_2024_R093_C171,MH-002,2024,19.600206,80.379051,93,171,0,0,0.4766656198660605
MH-002_2024_R093_C172,MH-002,2024,19.600206,80.37932,93,172,0,0,0.4541273376373743
MH-002_2024_R093_C173,MH-002,2024,19.600206,80.37959,93,173,0,0,0.45119776531761485
MH-002_2024_R093_C174,MH-002,2024,19.600206,80.379859,93,174,0,0,0.4853009414838428
MH-002_2024_R093_C175,MH-002,2024,19.600206,80.380129,93,175,0,0,0.3629884456389791
MH-002_2024_R093_C177,MH-002,2024,19.600206,80.380668,93,177,0,0,0.34458138297519386
MH-002_2024_R093_C178,MH-002,2024,19.600206,80.380937,93,178,0,0,0.35782771663882496
MH-002_2024_R093_C179,MH-002,2024,19.600206,80.381207,93,179,0,0,0.2906880652590927
MH-002_2024_R093_C180,MH-002,2024,19.600206,80.381476,93,180,0,0,0.2838542441954722
MH-002_2024_R093_C181,MH-002,2024,19.600206,80.381746,93,181,0,0,0.35602622617139934
MH-002_2024_R093_C182,MH-002,2024,19.600206,80.382015,93,182,0,0,0.4352329090899455
MH-002_2024_R094_C161,MH-002,2024,19.599937,80.376356,94,161,0,0,0.458038057607097
MH-002_2024_R094_C162,MH-002,2024,19.599937,80.376625,94,162,0,1,0.5262854359950588
MH-002_2024_R094_C163,MH-002,2024,19.599937,80.376895,94,163,0,1,0.5227307011698239
MH-002_2024_R094_C164,MH-002,2024,19.599937,80.377164,94,164,0,1,0.5502426409670604
MH-002_2024_R094_C165,MH-002,2024,19.599937,80.377434,94,165,0,1,0.5445481931179019
MH-002_2024_R094_C166,MH-002,2024,19.599937,80.377703,94,166,0,1,0.64288388750745
MH-002_2024_R094_C167,MH-002,2024,19.599937,80.377973,94,167,0,1,0.5635990861483073
MH-002_2024_R094_C168,MH-002,2024,19.599937,80.378242,94,168,0,1,0.6105446057584178
MH-002_2024_R094_C169,MH-002,2024,19.599937,80.378512,94,169,0,1,0.5117306870342121
MH-002_2024_R094_C170,MH-002,2024,19.599937,80.378781,94,170,0,0,0.47401321612713215
MH-002_2024_R094_C171,MH-002,2024,19.599937,80.379051,94,171,0,0,0.4678545279758589
MH-002_2024_R094_C172,MH-002,2024,19.599937,80.37932,94,172,0,0,0.48960824331911346
MH-002_2024_R094_C173,MH-002,2024,19.599937,80.37959,94,173,0,0,0.48879327178084864
MH-002_2024_R094_C174,MH-002,2024,19.599937,80.379859,94,174,0,0,0.49971439743438256
MH-002_2024_R094_C175,MH-002,2024,19.599937,80.380129,94,175,0,0,0.3659924681323486
MH-002_2024_R094_C177,MH-002,2024,19.599937,80.380668,94,177,0,0,0.22514919867140357
MH-002_2024_R094_C178,MH-002,2024,19.599937,80.380937,94,178,0,0,0.24140360935843036
MH-002_2024_R094_C179,MH-002,2024,19.599937,80.381207,94,179,0,0,0.3427691882562027
MH-002_2024_R094_C180,MH-002,2024,19.599937,80.381476,94,180,0,0,0.34482103032185896
MH-002_2024_R094_C182,MH-002,2024,19.599937,80.382015,94,182,0,0,0.4960901563433511
MH-002_2024_R095_C161,MH-002,2024,19.599667,80.376356,95,161,0,0,0.22080695487099986
MH-002_2024_R095_C162,MH-002,2024,19.599667,80.376625,95,162,0,0,0.3844960531662078
MH-002_2024_R095_C163,MH-002,2024,19.599667,80.376895,95,163,0,0,0.4135735925111265
MH-002_2024_R095_C164,MH-002,2024,19.599667,80.377164,95,164,0,1,0.573798871007815
MH-002_2024_R095_C165,MH-002,2024,19.599667,80.377434,95,165,0,1,0.6301161387133716
MH-002_2024_R095_C166,MH-002,2024,19.599667,80.377703,95,166,0,1,0.6396235096114357
MH-002_2024_R095_C167,MH-002,2024,19.599667,80.377973,95,167,0,1,0.6010481974017937
MH-002_2024_R095_C168,MH-002,2024,19.599667,80.378242,95,168,0,1,0.5679096364285807
MH-002_2024_R095_C169,MH-002,2024,19.599667,80.378512,95,169,0,1,0.539282553150611
MH-002_2024_R095_C170,MH-002,2024,19.599667,80.378781,95,170,0,1,0.536126806084918
MH-002_2024_R095_C171,MH-002,2024,19.599667,80.379051,95,171,0,1,0.5089723933517283
MH-002_2024_R095_C172,MH-002,2024,19.599667,80.37932,95,172,0,1,0.55834373861553
MH-002_2024_R095_C173,MH-002,2024,19.599667,80.37959,95,173,0,0,0.4815913875646343
MH-002_2024_R095_C174,MH-002,2024,19.599667,80.379859,95,174,0,0,0.47195172872816366
MH-002_2024_R095_C175,MH-002,2024,19.599667,80.380129,95,175,0,0,0.4311803158243184
MH-002_2024_R095_C177,MH-002,2024,19.599667,80.380668,95,177,0,0,0.35138160242349464
MH-002_2024_R095_C178,MH-002,2024,19.599667,80.380937,95,178,0,0,0.31535643846081507
MH-002_2024_R095_C179,MH-002,2024,19.599667,80.381207,95,179,0,0,0.32978949113941847
MH-002_2024_R095_C180,MH-002,2024,19.599667,80.381476,95,180,0,0,0.2598961415368548
MH-002_2024_R095_C181,MH-002,2024,19.599667,80.381746,95,181,0,0,0.39517897847402444
MH-002_2024_R096_C161,MH-002,2024,19.599398,80.376356,96,161,0,0,0.24568832016875436
MH-002_2024_R096_C163,MH-002,2024,19.599398,80.376895,96,163,0,0,0.4851737181484875
MH-002_2024_R096_C164,MH-002,2024,19.599398,80.377164,96,164,0,1,0.5526382826811044
MH-002_2024_R096_C165,MH-002,2024,19.599398,80.377434,96,165,0,1,0.556946772870692
MH-002_2024_R096_C166,MH-002,2024,19.599398,80.377703,96,166,0,1,0.5001080322849398
MH-002_2024_R096_C167,MH-002,2024,19.599398,80.377973,96,167,0,1,0.5666425929190452
MH-002_2024_R096_C168,MH-002,2024,19.599398,80.378242,96,168,0,1,0.5794875121837922
MH-002_2024_R096_C169,MH-002,2024,19.599398,80.378512,96,169,0,1,0.5609754788329178
MH-002_2024_R096_C170,MH-002,2024,19.599398,80.378781,96,170,0,1,0.6243942613838237
MH-002_2024_R096_C171,MH-002,2024,19.599398,80.379051,96,171,0,0,0.4628195056278145
MH-002_2024_R096_C172,MH-002,2024,19.599398,80.37932,96,172,0,1,0.5663401613488949
MH-002_2024_R096_C173,MH-002,2024,19.599398,80.37959,96,173,0,1,0.5269447085085959
MH-002_2024_R096_C174,MH-002,2024,19.599398,80.379859,96,174,0,0,0.48913337816601093
MH-002_2024_R096_C175,MH-002,2024,19.599398,80.380129,96,175,0,1,0.5030946371316507
MH-002_2024_R096_C176,MH-002,2024,19.599398,80.380398,96,176,0,0,0.4204590198434754
MH-002_2024_R096_C178,MH-002,2024,19.599398,80.380937,96,178,0,0,0.46508414346990146
MH-002_2024_R096_C179,MH-002,2024,19.599398,80.381207,96,179,0,0,0.3723256482273525
MH-002_2024_R096_C180,MH-002,2024,19.599398,80.381476,96,180,0,0,0.30502242914308625
MH-002_2024_R096_C181,MH-002,2024,19.599398,80.381746,96,181,0,0,0.4414789088716035
MH-002_2024_R097_C161,MH-002,2024,19.599128,80.376356,97,161,0,0,0.4771083500917386
MH-002_2024_R097_C163,MH-002,2024,19.599128,80.376895,97,163,0,0,0.4237432524514828
MH-002_2024_R097_C164,MH-002,2024,19.599128,80.377164,97,164,0,0,0.4854329317955824
MH-002_2024_R097_C165,MH-002,2024,19.599128,80.377434,97,165,0,1,0.5190912360528493
MH-002_2024_R097_C166,MH-002,2024,19.599128,80.377703,97,166,0,1,0.5547977015138087
MH-002_2024_R097_C167,MH-002,2024,19.599128,80.377973,97,167,0,1,0.6361037628742761
MH-002_2024_R097_C168,MH-002,2024,19.599128,80.378242,97,168,0,1,0.6084104779077125
MH-002_2024_R097_C169,MH-002,2024,19.599128,80.378512,97,169,0,1,0.6000552985123051
MH-002_2024_R097_C170,MH-002,2024,19.599128,80.378781,97,170,0,1,0.6312650239519008
MH-002_2024_R097_C171,MH-002,2024,19.599128,80.379051,97,171,0,1,0.5502836588438441
MH-002_2024_R097_C172,MH-002,2024,19.599128,80.37932,97,172,0,0,0.48908528051533806
MH-002_2024_R097_C173,MH-002,2024,19.599128,80.37959,97,173,0,1,0.5164320233553652
MH-002_2024_R097_C174,MH-002,2024,19.599128,80.379859,97,174,0,0,0.490192881164191
MH-002_2024_R097_C175,MH-002,2024,19.599128,80.380129,97,175,0,1,0.5196730604603382
MH-002_2024_R097_C176,MH-002,2024,19.599128,80.380398,97,176,0,0,0.4028250096657924
MH-002_2024_R097_C177,MH-002,2024,19.599128,80.380668,97,177,0,0,0.3396622932408486
MH-002_2024_R097_C179,MH-002,2024,19.599128,80.381207,97,179,0,0,0.26238192018305034
MH-002_2024_R097_C180,MH-002,2024,19.599128,80.381476,97,180,0,0,0.25881743508294136
MH-002_2024_R097_C181,MH-002,2024,19.599128,80.381746,97,181,0,0,0.4392516134552499
MH-002_2024_R098_C163,MH-002,2024,19.598859,80.376895,98,163,0,0,0.3191896969781459
MH-002_2024_R098_C164,MH-002,2024,19.598859,80.377164,98,164,0,1,0.5340377880633705
MH-002_2024_R098_C165,MH-002,2024,19.598859,80.377434,98,165,0,1,0.537994475155228
MH-002_2024_R098_C166,MH-002,2024,19.598859,80.377703,98,166,1,1,0.5202615599054259
MH-002_2024_R098_C167,MH-002,2024,19.598859,80.377973,98,167,0,0,0.4851165242358659
MH-002_2024_R098_C168,MH-002,2024,19.598859,80.378242,98,168,0,1,0.5412690945564667
MH-002_2024_R098_C169,MH-002,2024,19.598859,80.378512,98,169,0,1,0.599419543578923
MH-002_2024_R098_C170,MH-002,2024,19.598859,80.378781,98,170,0,1,0.5785666270574653
MH-002_2024_R098_C171,MH-002,2024,19.598859,80.379051,98,171,0,0,0.4683054949123752
MH-002_2024_R098_C172,MH-002,2024,19.598859,80.37932,98,172,0,1,0.5175477947329312
MH-002_2024_R098_C173,MH-002,2024,19.598859,80.37959,98,173,0,1,0.5199235833942114
MH-002_2024_R098_C174,MH-002,2024,19.598859,80.379859,98,174,0,1,0.5320961884802191
MH-002_2024_R098_C175,MH-002,2024,19.598859,80.380129,98,175,0,1,0.5251562608778377
MH-002_2024_R098_C176,MH-002,2024,19.598859,80.380398,98,176,0,0,0.48383334929891425
MH-002_2024_R098_C177,MH-002,2024,19.598859,80.380668,98,177,0,0,0.43574779607456404
MH-002_2024_R098_C178,MH-002,2024,19.598859,80.380937,98,178,0,0,0.42620918195756347
MH-002_2024_R098_C182,MH-002,2024,19.598859,80.382015,98,182,0,0,0.432797324258519
MH-002_2024_R099_C161,MH-002,2024,19.598589,80.376356,99,161,0,0,0.46318196592121197
MH-002_2024_R099_C162,MH-002,2024,19.598589,80.376625,99,162,0,0,0.35773211912228164
MH-002_2024_R099_C163,MH-002,2024,19.598589,80.376895,99,163,0,0,0.36508015422183265
MH-002_2024_R099_C164,MH-002,2024,19.598589,80.377164,99,164,1,0,0.3931650679275305
MH-002_2024_R099_C165,MH-002,2024,19.598589,80.377434,99,165,0,0,0.3987935109812103
MH-002_2024_R099_C166,MH-002,2024,19.598589,80.377703,99,166,1,1,0.5735241836103299
MH-002_2024_R099_C167,MH-002,2024,19.598589,80.377973,99,167,1,1,0.514704828932865
MH-002_2024_R099_C168,MH-002,2024,19.598589,80.378242,99,168,1,1,0.5934652108468339
MH-002_2024_R099_C169,MH-002,2024,19.598589,80.378512,99,169,0,1,0.5526757672866359
MH-002_2024_R099_C170,MH-002,2024,19.598589,80.378781,99,170,0,1,0.5622399956698301
MH-002_2024_R099_C171,MH-002,2024,19.598589,80.379051,99,171,0,1,0.5119880132053969
MH-002_2024_R099_C172,MH-002,2024,19.598589,80.37932,99,172,0,1,0.5424159773070262
MH-002_2024_R099_C173,MH-002,2024,19.598589,80.37959,99,173,0,1,0.5778870963069337
MH-002_2024_R099_C174,MH-002,2024,19.598589,80.379859,99,174,0,1,0.5337647225029568
MH-002_2024_R099_C175,MH-002,2024,19.598589,80.380129,99,175,0,0,0.4961983113293733
MH-002_2024_R099_C176,MH-002,2024,19.598589,80.380398,99,176,0,1,0.5014067631388791
MH-002_2024_R099_C177,MH-002,2024,19.598589,80.380668,99,177,0,1,0.5045955030071839
MH-002_2024_R099_C178,MH-002,2024,19.598589,80.380937,99,178,0,0,0.491223781404483
MH-002_2024_R099_C179,MH-002,2024,19.598589,80.381207,99,179,0,0,0.48936599244350615
MH-002_2024_R099_C180,MH-002,2024,19.598589,80.381476,99,180,0,0,0.4055484973176625
MH-002_2024_R099_C181,MH-002,2024,19.598589,80.381746,99,181,0,0,0.29060015825274116
MH-002_2024_R099_C182,MH-002,2024,19.598589,80.382015,99,182,0,0,0.27504424623370705
MH-002_2024_R100_C161,MH-002,2024,19.59832,80.376356,100,161,0,1,0.5644200764238121
MH-002_2024_R100_C162,MH-002,2024,19.59832,80.376625,100,162,0,0,0.48572743194864354
MH-002_2024_R100_C163,MH-002,2024,19.59832,80.376895,100,163,0,1,0.5326459064555997
MH-002_2024_R100_C164,MH-002,2024,19.59832,80.377164,100,164,0,0,0.46643572480913886
MH-002_2024_R100_C165,MH-002,2024,19.59832,80.377434,100,165,0,0,0.49665325968866436
MH-002_2024_R100_C166,MH-002,2024,19.59832,80.377703,100,166,1,0,0.48023077160351907
MH-002_2024_R100_C167,MH-002,2024,19.59832,80.377973,100,167,1,0,0.4884020138694988
MH-002_2024_R100_C168,MH-002,2024,19.59832,80.378242,100,168,1,1,0.5398406063679704
MH-002_2024_R100_C169,MH-002,2024,19.59832,80.378512,100,169,0,0,0.4992209611617084
MH-002_2024_R100_C170,MH-002,2024,19.59832,80.378781,100,170,0,0,0.46185242122595116
MH-002_2024_R100_C171,MH-002,2024,19.59832,80.379051,100,171,0,0,0.45456292979253504
MH-002_2024_R100_C172,MH-002,2024,19.59832,80.37932,100,172,0,1,0.509122819957079
MH-002_2024_R100_C173,MH-002,2024,19.59832,80.37959,100,173,0,0,0.45472173009112415
MH-002_2024_R100_C174,MH-002,2024,19.59832,80.379859,100,174,0,0,0.497747935012679
MH-002_2024_R100_C175,MH-002,2024,19.59832,80.380129,100,175,0,0,0.4407807952770001
MH-002_2024_R100_C176,MH-002,2024,19.59832,80.380398,100,176,0,0,0.4664774010724665
MH-002_2024_R100_C177,MH-002,2024,19.59832,80.380668,100,177,0,0,0.48906520169746825
MH-002_2024_R100_C178,MH-002,2024,19.59832,80.380937,100,178,0,0,0.49552046018286805
MH-002_2024_R100_C179,MH-002,2024,19.59832,80.381207,100,179,0,0,0.4771660793847481
MH-002_2024_R100_C180,MH-002,2024,19.59832,80.381476,100,180,0,1,0.5008920325522325
MH-002_2024_R100_C181,MH-002,2024,19.59832,80.381746,100,181,0,0,0.4257876071272251
MH-002_2024_R101_C161,MH-002,2024,19.59805,80.376356,101,161,0,0,0.4717331624273416
MH-002_2024_R101_C162,MH-002,2024,19.59805,80.376625,101,162,0,0,0.45890294000031623
MH-002_2024_R101_C163,MH-002,2024,19.59805,80.376895,101,163,0,1,0.507326485284882
MH-002_2024_R101_C164,MH-002,2024,19.59805,80.377164,101,164,1,1,0.6307259412126885
MH-002_2024_R101_C165,MH-002,2024,19.59805,80.377434,101,165,1,1,0.6133441333256082
MH-002_2024_R101_C166,MH-002,2024,19.59805,80.377703,101,166,1,1,0.596228316969083
MH-002_2024_R101_C167,MH-002,2024,19.59805,80.377973,101,167,0,0,0.48351819557695674
MH-002_2024_R101_C168,MH-002,2024,19.59805,80.378242,101,168,0,1,0.5476246170229154
MH-002_2024_R101_C169,MH-002,2024,19.59805,80.378512,101,169,0,1,0.5705051937523324
MH-002_2024_R101_C170,MH-002,2024,19.59805,80.378781,101,170,0,1,0.5391510497598004
MH-002_2024_R101_C171,MH-002,2024,19.59805,80.379051,101,171,0,1,0.5997840629679254
MH-002_2024_R101_C172,MH-002,2024,19.59805,80.37932,101,172,0,1,0.5239738752107262
MH-002_2024_R101_C173,MH-002,2024,19.59805,80.37959,101,173,0,1,0.5483776686903797
MH-002_2024_R101_C174,MH-002,2024,19.59805,80.379859,101,174,0,1,0.5705786953662214
MH-002_2024_R101_C175,MH-002,2024,19.59805,80.380129,101,175,0,1,0.5240731854151148
MH-002_2024_R101_C176,MH-002,2024,19.59805,80.380398,101,176,0,0,0.494714868371671
MH-002_2024_R101_C177,MH-002,2024,19.59805,80.380668,101,177,0,1,0.5137658543034695
MH-002_2024_R101_C178,MH-002,2024,19.59805,80.380937,101,178,0,0,0.4886048325231861
MH-002_2024_R101_C179,MH-002,2024,19.59805,80.381207,101,179,0,1,0.5209740159882121
MH-002_2024_R101_C180,MH-002,2024,19.59805,80.381476,101,180,0,0,0.4955315539113798
MH-002_2024_R101_C181,MH-002,2024,19.59805,80.381746,101,181,0,0,0.4845585561278113
MH-002_2024_R102_C161,MH-002,2024,19.597781,80.376356,102,161,0,1,0.5924937999588789
MH-002_2024_R102_C162,MH-002,2024,19.597781,80.376625,102,162,0,0,0.4397728343135245
MH-002_2024_R102_C163,MH-002,2024,19.597781,80.376895,102,163,1,0,0.4832700643862089
MH-002_2024_R102_C164,MH-002,2024,19.597781,80.377164,102,164,1,1,0.5381687046589421
MH-002_2024_R102_C165,MH-002,2024,19.597781,80.377434,102,165,1,1,0.5557850083368292
MH-002_2024_R102_C166,MH-002,2024,19.597781,80.377703,102,166,0,1,0.5657367959204359
MH-002_2024_R102_C167,MH-002,2024,19.597781,80.377973,102,167,0,1,0.6002714836735793
MH-002_2024_R102_C168,MH-002,2024,19.597781,80.378242,102,168,0,1,0.5161390966655196
MH-002_2024_R102_C169,MH-002,2024,19.597781,80.378512,102,169,1,1,0.5139705969950645
MH-002_2024_R102_C170,MH-002,2024,19.597781,80.378781,102,170,1,0,0.4615766136943911
MH-002_2024_R102_C171,MH-002,2024,19.597781,80.379051,102,171,1,1,0.552789895926105
MH-002_2024_R102_C172,MH-002,2024,19.597781,80.37932,102,172,0,1,0.6423261735228641
MH-002_2024_R102_C173,MH-002,2024,19.597781,80.37959,102,173,0,1,0.5693293565924228
MH-002_2024_R102_C174,MH-002,2024,19.597781,80.379859,102,174,0,1,0.5479973000872046
MH-002_2024_R102_C175,MH-002,2024,19.597781,80.380129,102,175,0,1,0.5612113904590935
MH-002_2024_R102_C176,MH-002,2024,19.597781,80.380398,102,176,0,1,0.5312873293687106
MH-002_2024_R102_C177,MH-002,2024,19.597781,80.380668,102,177,0,1,0.537505046626938
MH-002_2024_R102_C178,MH-002,2024,19.597781,80.380937,102,178,0,1,0.571139334039163
MH-002_2024_R102_C179,MH-002,2024,19.597781,80.381207,102,179,0,1,0.5204165471798124
MH-002_2024_R102_C180,MH-002,2024,19.597781,80.381476,102,180,0,1,0.5997689317182616
MH-002_2024_R102_C181,MH-002,2024,19.597781,80.381746,102,181,0,1,0.5161791987711339
MH-002_2024_R103_C161,MH-002,2024,19.597511,80.376356,103,161,0,1,0.591338020118523
MH-002_2024_R103_C162,MH-002,2024,19.597511,80.376625,103,162,0,0,0.4216184948352742
MH-002_2024_R103_C163,MH-002,2024,19.597511,80.376895,103,163,0,0,0.4288395520408605
MH-002_2024_R103_C164,MH-002,2024,19.597511,80.377164,103,164,1,1,0.5493829560263956
MH-002_2024_R103_C165,MH-002,2024,19.597511,80.377434,103,165,0,1,0.5775462795084432
MH-002_2024_R103_C166,MH-002,2024,19.597511,80.377703,103,166,0,1,0.5403494131194162
MH-002_2024_R103_C167,MH-002,2024,19.597511,80.377973,103,167,0,1,0.5561540282605723
MH-002_2024_R103_C168,MH-002,2024,19.597511,80.378242,103,168,0,1,0.5357215229539596
MH-002_2024_R103_C169,MH-002,2024,19.597511,80.378512,103,169,1,1,0.5673459469087757
MH-002_2024_R103_C170,MH-002,2024,19.597511,80.378781,103,170,1,1,0.5356446352861403
MH-002_2024_R103_C171,MH-002,2024,19.597511,80.379051,103,171,0,1,0.5581365496036897
MH-002_2024_R103_C172,MH-002,2024,19.597511,80.37932,103,172,0,1,0.6690221754012858
MH-002_2024_R103_C173,MH-002,2024,19.597511,80.37959,103,173,0,1,0.5646045079297013
MH-002_2024_R103_C174,MH-002,2024,19.597511,80.379859,103,174,0,1,0.5746810648496637
MH-002_2024_R103_C175,MH-002,2024,19.597511,80.380129,103,175,0,1,0.5277725662544196
MH-002_2024_R103_C176,MH-002,2024,19.597511,80.380398,103,176,0,1,0.5355929615052528
MH-002_2024_R103_C177,MH-002,2024,19.597511,80.380668,103,177,0,1,0.6292552857980825
MH-002_2024_R103_C178,MH-002,2024,19.597511,80.380937,103,178,0,1,0.5049582107362462
MH-002_2024_R103_C179,MH-002,2024,19.597511,80.381207,103,179,0,1,0.5128819710513873
MH-002_2024_R103_C180,MH-002,2024,19.597511,80.381476,103,180,0,1,0.5481490783871038
MH-002_2024_R104_C161,MH-002,2024,19.597242,80.376356,104,161,0,1,0.525289925548863
MH-002_2024_R104_C162,MH-002,2024,19.597242,80.376625,104,162,0,1,0.5548031371141307
MH-002_2024_R104_C163,MH-002,2024,19.597242,80.376895,104,163,0,1,0.6153880120910356
MH-002_2024_R104_C164,MH-002,2024,19.597242,80.377164,104,164,1,1,0.5150597931615284
MH-002_2024_R104_C165,MH-002,2024,19.597242,80.377434,104,165,1,1,0.5602634251440427
MH-002_2024_R104_C166,MH-002,2024,19.597242,80.377703,104,166,0,1,0.56881081065415
MH-002_2024_R104_C167,MH-002,2024,19.597242,80.377973,104,167,0,1,0.5956943768454587
MH-002_2024_R104_C168,MH-002,2024,19.597242,80.378242,104,168,0,0,0.48748820838095974
MH-002_2024_R104_C169,MH-002,2024,19.597242,80.378512,104,169,0,1,0.5482590384503556
MH-002_2024_R104_C170,MH-002,2024,19.597242,80.378781,104,170,0,1,0.6321317701665871
MH-002_2024_R104_C171,MH-002,2024,19.597242,80.379051,104,171,0,1,0.6334950110355648
MH-002_2024_R104_C172,MH-002,2024,19.597242,80.37932,104,172,0,1,0.6117031360938531
MH-002_2024_R104_C173,MH-002,2024,19.597242,80.37959,104,173,0,1,0.6104034879951864
MH-002_2024_R104_C174,MH-002,2024,19.597242,80.379859,104,174,0,1,0.6108125863893082
MH-002_2024_R104_C175,MH-002,2024,19.597242,80.380129,104,175,0,1,0.551367090977616
MH-002_2024_R104_C176,MH-002,2024,19.597242,80.380398,104,176,0,1,0.6574281503898095
MH-002_2024_R104_C177,MH-002,2024,19.597242,80.380668,104,177,0,1,0.6185850587053259
MH-002_2024_R104_C178,MH-002,2024,19.597242,80.380937,104,178,0,1,0.5901673238268995
MH-002_2024_R104_C179,MH-002,2024,19.597242,80.381207,104,179,0,1,0.5708434535564816
MH-002_2024_R104_C180,MH-002,2024,19.597242,80.381476,104,180,0,1,0.5505500767608413
MH-002_2024_R105_C161,MH-002,2024,19.596973,80.376356,105,161,0,1,0.538986178396176
MH-002_2024_R105_C162,MH-002,2024,19.596973,80.376625,105,162,0,1,0.548732774673534
MH-002_2024_R105_C163,MH-002,2024,19.596973,80.376895,105,163,0,1,0.61708580817239
MH-002_2024_R105_C164,MH-002,2024,19.596973,80.377164,105,164,1,1,0.5166153024253087
MH-002_2024_R105_C165,MH-002,2024,19.596973,80.377434,105,165,1,1,0.501415826906788
MH-002_2024_R105_C166,MH-002,2024,19.596973,80.377703,105,166,0,1,0.5734283954424462
MH-002_2024_R105_C167,MH-002,2024,19.596973,80.377973,105,167,0,1,0.6301029994785581
MH-002_2024_R105_C168,MH-002,2024,19.596973,80.378242,105,168,0,1,0.5804640427123936
MH-002_2024_R105_C169,MH-002,2024,19.596973,80.378512,105,169,0,1,0.6385134445613977
MH-002_2024_R105_C170,MH-002,2024,19.596973,80.378781,105,170,0,1,0.5666672389126112
MH-002_2024_R105_C171,MH-002,2024,19.596973,80.379051,105,171,0,1,0.6028283535189217
MH-002_2024_R105_C172,MH-002,2024,19.596973,80.37932,105,172,0,1,0.6052654870495683
MH-002_2024_R105_C173,MH-002,2024,19.596973,80.37959,105,173,0,1,0.6007321257177078
MH-002_2024_R105_C174,MH-002,2024,19.596973,80.379859,105,174,0,1,0.5674898790826456
MH-002_2024_R105_C175,MH-002,2024,19.596973,80.380129,105,175,0,1,0.5286410813290128
MH-002_2024_R105_C176,MH-002,2024,19.596973,80.380398,105,176,0,1,0.5428345916269793
MH-002_2024_R105_C177,MH-002,2024,19.596973,80.380668,105,177,0,1,0.5500646985099832
MH-002_2024_R105_C178,MH-002,2024,19.596973,80.380937,105,178,0,1,0.5394008640019617
MH-002_2024_R105_C179,MH-002,2024,19.596973,80.381207,105,179,0,1,0.5552230142628566
MH-002_2024_R106_C161,MH-002,2024,19.596703,80.376356,106,161,0,1,0.5463534108220761
MH-002_2024_R106_C162,MH-002,2024,19.596703,80.376625,106,162,0,1,0.5735165687647765
MH-002_2024_R106_C163,MH-002,2024,19.596703,80.376895,106,163,0,1,0.5297577530147546
MH-002_2024_R106_C164,MH-002,2024,19.596703,80.377164,106,164,0,1,0.6551281722688841
MH-002_2024_R106_C165,MH-002,2024,19.596703,80.377434,106,165,1,1,0.5568524257799727
MH-002_2024_R106_C166,MH-002,2024,19.596703,80.377703,106,166,0,1,0.5738012589887387
MH-002_2024_R106_C167,MH-002,2024,19.596703,80.377973,106,167,0,0,0.4809813488990977
MH-002_2024_R106_C168,MH-002,2024,19.596703,80.378242,106,168,0,1,0.5800623621240861
MH-002_2024_R106_C169,MH-002,2024,19.596703,80.378512,106,169,0,1,0.6641719908149184
MH-002_2024_R106_C170,MH-002,2024,19.596703,80.378781,106,170,0,1,0.6055091140289246
MH-002_2024_R106_C171,MH-002,2024,19.596703,80.379051,106,171,0,1,0.609114631328886
MH-002_2024_R106_C172,MH-002,2024,19.596703,80.37932,106,172,0,1,0.634171809537169
MH-002_2024_R106_C173,MH-002,2024,19.596703,80.37959,106,173,0,1,0.6510456855581986
MH-002_2024_R106_C174,MH-002,2024,19.596703,80.379859,106,174,0,1,0.6187267874077755
MH-002_2024_R106_C175,MH-002,2024,19.596703,80.380129,106,175,0,1,0.5932515337977234
MH-002_2024_R106_C176,MH-002,2024,19.596703,80.380398,106,176,0,1,0.5488560797425146
MH-002_2024_R106_C177,MH-002,2024,19.596703,80.380668,106,177,0,1,0.600145097441515
MH-002_2024_R106_C178,MH-002,2024,19.596703,80.380937,106,178,0,1,0.6758917540723239
MH-002_2024_R106_C179,MH-002,2024,19.596703,80.381207,106,179,0,1,0.6453168258755982
MH-002_2024_R107_C161,MH-002,2024,19.596434,80.376356,107,161,1,1,0.5956958505941988
MH-002_2024_R107_C162,MH-002,2024,19.596434,80.376625,107,162,1,1,0.6129878414249765
MH-002_2024_R107_C163,MH-002,2024,19.596434,80.376895,107,163,1,1,0.6297069408853228
MH-002_2024_R107_C164,MH-002,2024,19.596434,80.377164,107,164,0,1,0.6162850711810112
MH-002_2024_R107_C165,MH-002,2024,19.596434,80.377434,107,165,0,1,0.5270326726380268
MH-002_2024_R107_C166,MH-002,2024,19.596434,80.377703,107,166,0,1,0.5069404413240908
MH-002_2024_R107_C167,MH-002,2024,19.596434,80.377973,107,167,0,1,0.5432838886902751
MH-002_2024_R107_C168,MH-002,2024,19.596434,80.378242,107,168,0,1,0.5884372691800703
MH-002_2024_R107_C169,MH-002,2024,19.596434,80.378512,107,169,0,1,0.6444528564071578
MH-002_2024_R107_C170,MH-002,2024,19.596434,80.378781,107,170,0,1,0.6541158806758766
MH-002_2024_R107_C171,MH-002,2024,19.596434,80.379051,107,171,0,1,0.5924627575081015
MH-002_2024_R107_C172,MH-002,2024,19.596434,80.37932,107,172,0,1,0.6153020761246305
MH-002_2024_R107_C173,MH-002,2024,19.596434,80.37959,107,173,0,1,0.5737033414817456
MH-002_2024_R107_C174,MH-002,2024,19.596434,80.379859,107,174,0,1,0.6383305893879269
MH-002_2024_R107_C175,MH-002,2024,19.596434,80.380129,107,175,0,1,0.6034987804411398
MH-002_2024_R107_C176,MH-002,2024,19.596434,80.380398,107,176,0,1,0.6043663796422472
MH-002_2024_R107_C177,MH-002,2024,19.596434,80.380668,107,177,0,1,0.6264772969065616
MH-002_2024_R107_C178,MH-002,2024,19.596434,80.380937,107,178,0,1,0.5158365011373406
MH-002_2024_R108_C161,MH-002,2024,19.596164,80.376356,108,161,1,1,0.6295229689643753
MH-002_2024_R108_C162,MH-002,2024,19.596164,80.376625,108,162,1,1,0.6216500120139473
MH-002_2024_R108_C163,MH-002,2024,19.596164,80.376895,108,163,0,1,0.5889045673766365
MH-002_2024_R108_C164,MH-002,2024,19.596164,80.377164,108,164,0,1,0.5874226340767992
MH-002_2024_R108_C165,MH-002,2024,19.596164,80.377434,108,165,1,0,0.4377919834702672
MH-002_2024_R108_C166,MH-002,2024,19.596164,80.377703,108,166,1,0,0.3820318336327473
MH-002_2024_R108_C167,MH-002,2024,19.596164,80.377973,108,167,0,1,0.598747466178855
MH-002_2024_R108_C168,MH-002,2024,19.596164,80.378242,108,168,0,1,0.5615467653145658
MH-002_2024_R108_C169,MH-002,2024,19.596164,80.378512,108,169,0,1,0.6151948956017054
MH-002_2024_R108_C170,MH-002,2024,19.596164,80.378781,108,170,0,1,0.5963227259502185
MH-002_2024_R108_C171,MH-002,2024,19.596164,80.379051,108,171,0,1,0.7474051392933323
MH-002_2024_R108_C172,MH-002,2024,19.596164,80.37932,108,172,0,1,0.702379629445461
MH-002_2024_R108_C173,MH-002,2024,19.596164,80.37959,108,173,0,1,0.6072623057845327
MH-002_2024_R108_C174,MH-002,2024,19.596164,80.379859,108,174,0,1,0.615227098100455
MH-002_2024_R108_C175,MH-002,2024,19.596164,80.380129,108,175,0,1,0.657661486441237
MH-002_2024_R108_C176,MH-002,2024,19.596164,80.380398,108,176,0,1,0.5735674037287033
MH-002_2024_R108_C177,MH-002,2024,19.596164,80.380668,108,177,0,1,0.6737714949828161
MH-002_2024_R108_C178,MH-002,2024,19.596164,80.380937,108,178,0,1,0.6108474628799235
MH-002_2025_R058_C161,MH-002,2025,19.609639,80.376356,58,161,0,0,0.28208222532651384
MH-002_2025_R059_C162,MH-002,2025,19.609369,80.376625,59,162,0,0,0.33754858040325103
MH-002_2025_R060_C161,MH-002,2025,19.6091,80.376356,60,161,0,0,0.3832558567988195
MH-002_2025_R060_C163,MH-002,2025,19.6091,80.376895,60,163,0,0,0.36245487116240366
MH-002_2025_R061_C161,MH-002,2025,19.60883,80.376356,61,161,0,0,0.3895762373285281
MH-002_2025_R061_C162,MH-002,2025,19.60883,80.376625,61,162,0,0,0.3101621449772693
MH-002_2025_R061_C164,MH-002,2025,19.60883,80.377164,61,164,0,0,0.39240475815392784
MH-002_2025_R062_C161,MH-002,2025,19.608561,80.376356,62,161,0,0,0.18575538050377463
MH-002_2025_R062_C162,MH-002,2025,19.608561,80.376625,62,162,0,0,0.20206371893994698
MH-002_2025_R062_C164,MH-002,2025,19.608561,80.377164,62,164,0,0,0.37301895624580933
MH-002_2025_R062_C165,MH-002,2025,19.608561,80.377434,62,165,0,1,0.5191447720610951
MH-002_2025_R063_C161,MH-002,2025,19.608291,80.376356,63,161,0,0,0.37848526360699514
MH-002_2025_R063_C162,MH-002,2025,19.608291,80.376625,63,162,0,0,0.3707318147595616
MH-002_2025_R063_C163,MH-002,2025,19.608291,80.376895,63,163,0,0,0.4084623067200159
MH-002_2025_R063_C164,MH-002,2025,19.608291,80.377164,63,164,0,0,0.39294023499540803
MH-002_2025_R063_C165,MH-002,2025,19.608291,80.377434,63,165,0,0,0.46986534096752575
MH-002_2025_R063_C166,MH-002,2025,19.608291,80.377703,63,166,0,1,0.5368798371929595
MH-002_2025_R064_C161,MH-002,2025,19.608022,80.376356,64,161,0,1,0.508821511423871
MH-002_2025_R064_C162,MH-002,2025,19.608022,80.376625,64,162,0,0,0.4760768393127381
MH-002_2025_R064_C163,MH-002,2025,19.608022,80.376895,64,163,0,1,0.5522551056390025
MH-002_2025_R064_C164,MH-002,2025,19.608022,80.377164,64,164,0,0,0.3811399053244771
MH-002_2025_R064_C165,MH-002,2025,19.608022,80.377434,64,165,0,0,0.4068147656897076
MH-002_2025_R064_C166,MH-002,2025,19.608022,80.377703,64,166,0,1,0.5039134533358458
MH-002_2025_R064_C167,MH-002,2025,19.608022,80.377973,64,167,0,0,0.4607724522312795
MH-002_2025_R065_C161,MH-002,2025,19.607752,80.376356,65,161,0,0,0.4564637570103227
MH-002_2025_R065_C162,MH-002,2025,19.607752,80.376625,65,162,0,0,0.4723585736795998
MH-002_2025_R065_C163,MH-002,2025,19.607752,80.376895,65,163,0,0,0.43867371850876047
MH-002_2025_R065_C164,MH-002,2025,19.607752,80.377164,65,164,0,1,0.5274920603236838
MH-002_2025_R065_C165,MH-002,2025,19.607752,80.377434,65,165,0,0,0.42433422421793676
MH-002_2025_R065_C166,MH-002,2025,19.607752,80.377703,65,166,0,0,0.43770951720642687
MH-002_2025_R065_C167,MH-002,2025,19.607752,80.377973,65,167,0,0,0.458907197942049
MH-002_2025_R065_C168,MH-002,2025,19.607752,80.378242,65,168,0,0,0.4371026069194513
MH-002_2025_R066_C161,MH-002,2025,19.607483,80.376356,66,161,0,0,0.4116038577533579
MH-002_2025_R066_C162,MH-002,2025,19.607483,80.376625,66,162,0,0,0.4488385689681451
MH-002_2025_R066_C163,MH-002,2025,19.607483,80.376895,66,163,0,0,0.4392714188181488
MH-002_2025_R066_C164,MH-002,2025,19.607483,80.377164,66,164,0,1,0.525955147553621
MH-002_2025_R066_C165,MH-002,2025,19.607483,80.377434,66,165,0,0,0.41523659799988344
MH-002_2025_R066_C166,MH-002,2025,19.607483,80.377703,66,166,0,0,0.4416727488217294
MH-002_2025_R066_C167,MH-002,2025,19.607483,80.377973,66,167,0,1,0.5046709912208693
MH-002_2025_R066_C168,MH-002,2025,19.607483,80.378242,66,168,0,0,0.4824962303782287
MH-002_2025_R066_C169,MH-002,2025,19.607483,80.378512,66,169,0,0,0.4607977872742623
MH-002_2025_R066_C170,MH-002,2025,19.607483,80.378781,66,170,0,0,0.4572987060731204
MH-002_2025_R067_C161,MH-002,2025,19.607213,80.376356,67,161,1,0,0.41291249174580913
MH-002_2025_R067_C162,MH-002,2025,19.607213,80.376625,67,162,0,0,0.39558048164332477
MH-002_2025_R067_C163,MH-002,2025,19.607213,80.376895,67,163,0,0,0.4709501692660874
MH-002_2025_R067_C164,MH-002,2025,19.607213,80.377164,67,164,0,0,0.4717099911602943
MH-002_2025_R067_C165,MH-002,2025,19.607213,80.377434,67,165,0,0,0.44154040867829153
MH-002_2025_R067_C166,MH-002,2025,19.607213,80.377703,67,166,0,0,0.424530045913341
MH-002_2025_R067_C167,MH-002,2025,19.607213,80.377973,67,167,0,1,0.501304692167202
MH-002_2025_R067_C168,MH-002,2025,19.607213,80.378242,67,168,0,0,0.48226686951877423
MH-002_2025_R067_C169,MH-002,2025,19.607213,80.378512,67,169,0,0,0.4879606470888025
MH-002_2025_R067_C170,MH-002,2025,19.607213,80.378781,67,170,0,0,0.3893987333075544
MH-002_2025_R067_C171,MH-002,2025,19.607213,80.379051,67,171,0,0,0.43555558154854734
MH-002_2025_R067_C172,MH-002,2025,19.607213,80.37932,67,172,0,0,0.49823686831593206
MH-002_2025_R068_C161,MH-002,2025,19.606944,80.376356,68,161,0,0,0.4348636246977084
MH-002_2025_R068_C162,MH-002,2025,19.606944,80.376625,68,162,1,0,0.4270008932121409
MH-002_2025_R068_C163,MH-002,2025,19.606944,80.376895,68,163,1,0,0.4639878365828225
MH-002_2025_R068_C164,MH-002,2025,19.606944,80.377164,68,164,0,0,0.48697823543401375
MH-002_2025_R068_C165,MH-002,2025,19.606944,80.377434,68,165,0,0,0.4507833097357117
MH-002_2025_R068_C166,MH-002,2025,19.606944,80.377703,68,166,0,0,0.4687950941410961
MH-002_2025_R068_C167,MH-002,2025,19.606944,80.377973,68,167,0,0,0.4741856865461616
MH-002_2025_R068_C168,MH-002,2025,19.606944,80.378242,68,168,0,0,0.4115156469398107
MH-002_2025_R068_C169,MH-002,2025,19.606944,80.378512,68,169,0,0,0.4808833384434579
MH-002_2025_R068_C170,MH-002,2025,19.606944,80.378781,68,170,0,0,0.41703672729142377
MH-002_2025_R068_C171,MH-002,2025,19.606944,80.379051,68,171,0,0,0.43565296882477733
MH-002_2025_R068_C172,MH-002,2025,19.606944,80.37932,68,172,0,0,0.4734072138892124
MH-002_2025_R068_C173,MH-002,2025,19.606944,80.37959,68,173,0,0,0.48785921269735516
MH-002_2025_R068_C174,MH-002,2025,19.606944,80.379859,68,174,0,1,0.5060040087827565
MH-002_2025_R069_C161,MH-002,2025,19.606674,80.376356,69,161,0,0,0.4855117472556319
MH-002_2025_R069_C162,MH-002,2025,19.606674,80.376625,69,162,1,0,0.43426782939577485
MH-002_2025_R069_C163,MH-002,2025,19.606674,80.376895,69,163,1,1,0.5123263207586068
MH-002_2025_R069_C164,MH-002,2025,19.606674,80.377164,69,164,0,0,0.4923706114574507
MH-002_2025_R069_C165,MH-002,2025,19.606674,80.377434,69,165,0,0,0.4163376571208268
MH-002_2025_R069_C166,MH-002,2025,19.606674,80.377703,69,166,0,0,0.4528656729064448
MH-002_2025_R069_C167,MH-002,2025,19.606674,80.377973,69,167,0,0,0.4521730876102255
MH-002_2025_R069_C168,MH-002,2025,19.606674,80.378242,69,168,0,0,0.3694284826822151
MH-002_2025_R069_C169,MH-002,2025,19.606674,80.378512,69,169,0,0,0.47204431069969577
MH-002_2025_R069_C170,MH-002,2025,19.606674,80.378781,69,170,0,0,0.3979319435720438
MH-002_2025_R069_C171,MH-002,2025,19.606674,80.379051,69,171,0,0,0.44931770050011505
MH-002_2025_R069_C172,MH-002,2025,19.606674,80.37932,69,172,0,0,0.4523798123819196
MH-002_2025_R069_C173,MH-002,2025,19.606674,80.37959,69,173,0,0,0.4623759005875264
MH-002_2025_R069_C174,MH-002,2025,19.606674,80.379859,69,174,0,0,0.45927468216978545
MH-002_2025_R069_C175,MH-002,2025,19.606674,80.380129,69,175,0,0,0.4360783298123641
MH-002_2025_R070_C161,MH-002,2025,19.606405,80.376356,70,161,1,0,0.4670447703970806
MH-002_2025_R070_C162,MH-002,2025,19.606405,80.376625,70,162,1,0,0.4578581454389849
MH-002_2025_R070_C163,MH-002,2025,19.606405,80.376895,70,163,1,0,0.4738651392190313
MH-002_2025_R070_C164,MH-002,2025,19.606405,80.377164,70,164,0,1,0.5302091460699133
MH-002_2025_R070_C165,MH-002,2025,19.606405,80.377434,70,165,0,0,0.408136917310922
MH-002_2025_R070_C166,MH-002,2025,19.606405,80.377703,70,166,0,0,0.44436678833826615
MH-002_2025_R070_C167,MH-002,2025,19.606405,80.377973,70,167,0,0,0.4624191027274146
MH-002_2025_R070_C168,MH-002,2025,19.606405,80.378242,70,168,0,0,0.45279986955068613
MH-002_2025_R070_C169,MH-002,2025,19.606405,80.378512,70,169,0,0,0.48763370232275904
MH-002_2025_R070_C170,MH-002,2025,19.606405,80.378781,70,170,0,0,0.4083484984844574
MH-002_2025_R070_C171,MH-002,2025,19.606405,80.379051,70,171,0,0,0.46910797467233
MH-002_2025_R070_C172,MH-002,2025,19.606405,80.37932,70,172,0,0,0.47210973118597793
MH-002_2025_R070_C173,MH-002,2025,19.606405,80.37959,70,173,0,0,0.39082010693769137
MH-002_2025_R070_C174,MH-002,2025,19.606405,80.379859,70,174,0,0,0.4217251708700194
MH-002_2025_R070_C175,MH-002,2025,19.606405,80.380129,70,175,0,0,0.39161963468338795
MH-002_2025_R071_C161,MH-002,2025,19.606135,80.376356,71,161,1,1,0.5583956892954657
MH-002_2025_R071_C162,MH-002,2025,19.606135,80.376625,71,162,1,1,0.5176691940599042
MH-002_2025_R071_C163,MH-002,2025,19.606135,80.376895,71,163,1,1,0.5266018416106888
MH-002_2025_R071_C164,MH-002,2025,19.606135,80.377164,71,164,1,0,0.4499526114710839
MH-002_2025_R071_C165,MH-002,2025,19.606135,80.377434,71,165,0,0,0.45331200162704854
MH-002_2025_R071_C166,MH-002,2025,19.606135,80.377703,71,166,0,0,0.48669910458415455
MH-002_2025_R071_C167,MH-002,2025,19.606135,80.377973,71,167,0,1,0.5175299164787237
MH-002_2025_R071_C168,MH-002,2025,19.606135,80.378242,71,168,0,0,0.47402136660241495
MH-002_2025_R071_C169,MH-002,2025,19.606135,80.378512,71,169,0,0,0.4789751948589382
MH-002_2025_R071_C170,MH-002,2025,19.606135,80.378781,71,170,0,0,0.4512415831410766
MH-002_2025_R071_C171,MH-002,2025,19.606135,80.379051,71,171,0,0,0.43487565289477503
MH-002_2025_R071_C172,MH-002,2025,19.606135,80.37932,71,172,0,0,0.4772070015704753
MH-002_2025_R071_C173,MH-002,2025,19.606135,80.37959,71,173,0,0,0.4384446925672525
MH-002_2025_R071_C174,MH-002,2025,19.606135,80.379859,71,174,0,0,0.37805022503836233
MH-002_2025_R071_C175,MH-002,2025,19.606135,80.380129,71,175,0,0,0.37225226617426466
MH-002_2025_R072_C161,MH-002,2025,19.605866,80.376356,72,161,1,0,0.4776264702358633
MH-002_2025_R072_C162,MH-002,2025,19.605866,80.376625,72,162,1,1,0.54932937326125
MH-002_2025_R072_C163,MH-002,2025,19.605866,80.376895,72,163,0,0,0.4935630437185334
MH-002_2025_R072_C164,MH-002,2025,19.605866,80.377164,72,164,0,0,0.49999617516171274
MH-002_2025_R072_C165,MH-002,2025,19.605866,80.377434,72,165,0,0,0.4164104027224279
MH-002_2025_R072_C166,MH-002,2025,19.605866,80.377703,72,166,0,0,0.4913662886862541
MH-002_2025_R072_C167,MH-002,2025,19.605866,80.377973,72,167,0,0,0.4511404323450892
MH-002_2025_R072_C168,MH-002,2025,19.605866,80.378242,72,168,0,0,0.45916353576516655
MH-002_2025_R072_C169,MH-002,2025,19.605866,80.378512,72,169,0,0,0.4874865069237163
MH-002_2025_R072_C170,MH-002,2025,19.605866,80.378781,72,170,0,0,0.43298974502490356
MH-002_2025_R072_C171,MH-002,2025,19.605866,80.379051,72,171,0,0,0.431708319366905
MH-002_2025_R072_C172,MH-002,2025,19.605866,80.37932,72,172,0,0,0.4284991337513252
MH-002_2025_R072_C173,MH-002,2025,19.605866,80.37959,72,173,0,0,0.44845664701546784
MH-002_2025_R072_C174,MH-002,2025,19.605866,80.379859,72,174,0,0,0.4748433329803494
MH-002_2025_R072_C175,MH-002,2025,19.605866,80.380129,72,175,0,0,0.3183909414794517
MH-002_2025_R073_C161,MH-002,2025,19.605596,80.376356,73,161,1,0,0.47827744609759687
MH-002_2025_R073_C162,MH-002,2025,19.605596,80.376625,73,162,0,0,0.47338034994412836
MH-002_2025_R073_C163,MH-002,2025,19.605596,80.376895,73,163,0,1,0.527338200011598
MH-002_2025_R073_C164,MH-002,2025,19.605596,80.377164,73,164,0,0,0.4367803747394637
MH-002_2025_R073_C165,MH-002,2025,19.605596,80.377434,73,165,0,0,0.4973943952023257
MH-002_2025_R073_C166,MH-002,2025,19.605596,80.377703,73,166,0,0,0.4378582669676633
MH-002_2025_R073_C167,MH-002,2025,19.605596,80.377973,73,167,0,0,0.4484050269996441
MH-002_2025_R073_C168,MH-002,2025,19.605596,80.378242,73,168,0,0,0.34251876091436306
MH-002_2025_R073_C169,MH-002,2025,19.605596,80.378512,73,169,0,0,0.48575236552711004
MH-002_2025_R073_C170,MH-002,2025,19.605596,80.378781,73,170,0,0,0.44168658298148533
MH-002_2025_R073_C171,MH-002,2025,19.605596,80.379051,73,171,0,0,0.44607950754107045
MH-002_2025_R073_C172,MH-002,2025,19.605596,80.37932,73,172,0,0,0.37775450075204003
MH-002_2025_R073_C173,MH-002,2025,19.605596,80.37959,73,173,0,0,0.43440389021846126
MH-002_2025_R073_C174,MH-002,2025,19.605596,80.379859,73,174,0,0,0.4095445231887952
MH-002_2025_R073_C175,MH-002,2025,19.605596,80.380129,73,175,0,0,0.39545007747054195
MH-002_2025_R074_C161,MH-002,2025,19.605327,80.376356,74,161,1,0,0.3720385757284198
MH-002_2025_R074_C162,MH-002,2025,19.605327,80.376625,74,162,1,0,0.47035560208780647
MH-002_2025_R074_C163,MH-002,2025,19.605327,80.376895,74,163,0,0,0.4674575420443119
MH-002_2025_R074_C164,MH-002,2025,19.605327,80.377164,74,164,1,1,0.505726548680367
MH-002_2025_R074_C165,MH-002,2025,19.605327,80.377434,74,165,0,0,0.4558710307006195
MH-002_2025_R074_C166,MH-002,2025,19.605327,80.377703,74,166,0,0,0.4492022495564792
MH-002_2025_R074_C167,MH-002,2025,19.605327,80.377973,74,167,0,0,0.48370519127209244
MH-002_2025_R074_C168,MH-002,2025,19.605327,80.378242,74,168,0,0,0.395523090802594
MH-002_2025_R074_C169,MH-002,2025,19.605327,80.378512,74,169,0,1,0.5385591766510595
MH-002_2025_R074_C170,MH-002,2025,19.605327,80.378781,74,170,0,1,0.5224538912216006
MH-002_2025_R074_C171,MH-002,2025,19.605327,80.379051,74,171,0,0,0.4196953933832165
MH-002_2025_R074_C172,MH-002,2025,19.605327,80.37932,74,172,0,0,0.41519771791007914
MH-002_2025_R074_C173,MH-002,2025,19.605327,80.37959,74,173,0,0,0.4424564199291718
MH-002_2025_R074_C174,MH-002,2025,19.605327,80.379859,74,174,0,0,0.45937868909763646
MH-002_2025_R074_C175,MH-002,2025,19.605327,80.380129,74,175,0,0,0.44324441576877327
MH-002_2025_R074_C176,MH-002,2025,19.605327,80.380398,74,176,0,0,0.44362431262408203
MH-002_2025_R075_C161,MH-002,2025,19.605057,80.376356,75,161,0,0,0.44436736662514986
MH-002_2025_R075_C162,MH-002,2025,19.605057,80.376625,75,162,0,0,0.43690436058710247
MH-002_2025_R075_C163,MH-002,2025,19.605057,80.376895,75,163,0,0,0.410937766227249
MH-002_2025_R075_C164,MH-002,2025,19.605057,80.377164,75,164,0,0,0.48173058272158426
MH-002_2025_R075_C165,MH-002,2025,19.605057,80.377434,75,165,0,0,0.4599277389304396
MH-002_2025_R075_C166,MH-002,2025,19.605057,80.377703,75,166,0,0,0.38937095037411135
MH-002_2025_R075_C167,MH-002,2025,19.605057,80.377973,75,167,0,0,0.3903510219435843
MH-002_2025_R075_C168,MH-002,2025,19.605057,80.378242,75,168,0,0,0.3174373968577906
MH-002_2025_R075_C169,MH-002,2025,19.605057,80.378512,75,169,0,0,0.336177269681331
MH-002_2025_R075_C170,MH-002,2025,19.605057,80.378781,75,170,0,0,0.33053673548540985
MH-002_2025_R075_C171,MH-002,2025,19.605057,80.379051,75,171,0,1,0.5341736865193528
MH-002_2025_R075_C172,MH-002,2025,19.605057,80.37932,75,172,0,1,0.5001013225745302
MH-002_2025_R075_C173,MH-002,2025,19.605057,80.37959,75,173,0,0,0.45321676573435016
MH-002_2025_R075_C174,MH-002,2025,19.605057,80.379859,75,174,0,0,0.38198188265402777
MH-002_2025_R075_C175,MH-002,2025,19.605057,80.380129,75,175,0,0,0.4649448244267351
MH-002_2025_R075_C176,MH-002,2025,19.605057,80.380398,75,176,0,0,0.30936473334343617
MH-002_2025_R076_C161,MH-002,2025,19.604788,80.376356,76,161,0,0,0.4231240066001348
MH-002_2025_R076_C162,MH-002,2025,19.604788,80.376625,76,162,0,0,0.43935718060681106
MH-002_2025_R076_C163,MH-002,2025,19.604788,80.376895,76,163,1,0,0.46564622359578606
MH-002_2025_R076_C164,MH-002,2025,19.604788,80.377164,76,164,0,0,0.43591021745964453
MH-002_2025_R076_C165,MH-002,2025,19.604788,80.377434,76,165,0,0,0.42232343733370176
MH-002_2025_R076_C166,MH-002,2025,19.604788,80.377703,76,166,0,0,0.4203456294159555
MH-002_2025_R076_C167,MH-002,2025,19.604788,80.377973,76,167,0,0,0.3072076934652568
MH-002_2025_R076_C170,MH-002,2025,19.604788,80.378781,76,170,0,0,0.391927137808704
MH-002_2025_R076_C171,MH-002,2025,19.604788,80.379051,76,171,0,1,0.5341782316667604
MH-002_2025_R076_C172,MH-002,2025,19.604788,80.37932,76,172,0,0,0.4211782325562299
MH-002_2025_R076_C173,MH-002,2025,19.604788,80.37959,76,173,0,0,0.482029239960269
MH-002_2025_R076_C174,MH-002,2025,19.604788,80.379859,76,174,0,0,0.3556551905808145
MH-002_2025_R076_C175,MH-002,2025,19.604788,80.380129,76,175,0,1,0.5308560962108735
MH-002_2025_R076_C176,MH-002,2025,19.604788,80.380398,76,176,0,0,0.3180812208679946
MH-002_2025_R077_C161,MH-002,2025,19.604518,80.376356,77,161,0,0,0.4229409110165912
MH-002_2025_R077_C162,MH-002,2025,19.604518,80.376625,77,162,1,0,0.4548496498108385
MH-002_2025_R077_C163,MH-002,2025,19.604518,80.376895,77,163,0,0,0.38085035245373755
MH-002_2025_R077_C164,MH-002,2025,19.604518,80.377164,77,164,0,0,0.3440393443686752
MH-002_2025_R077_C165,MH-002,2025,19.604518,80.377434,77,165,0,0,0.38787079960985255
MH-002_2025_R077_C166,MH-002,2025,19.604518,80.377703,77,166,0,0,0.4017710401483775
MH-002_2025_R077_C168,MH-002,2025,19.604518,80.378242,77,168,0,0,0.2120866417449696
MH-002_2025_R077_C169,MH-002,2025,19.604518,80.378512,77,169,0,0,0.23870028608041505
MH-002_2025_R077_C170,MH-002,2025,19.604518,80.378781,77,170,0,0,0.25181131919380234
MH-002_2025_R077_C171,MH-002,2025,19.604518,80.379051,77,171,0,0,0.4119225300260631
MH-002_2025_R077_C172,MH-002,2025,19.604518,80.37932,77,172,0,0,0.4217963183365929
MH-002_2025_R077_C173,MH-002,2025,19.604518,80.37959,77,173,0,0,0.4683463263950673
MH-002_2025_R077_C174,MH-002,2025,19.604518,80.379859,77,174,0,0,0.4798609947963906
MH-002_2025_R077_C175,MH-002,2025,19.604518,80.380129,77,175,0,0,0.48649406743336654
MH-002_2025_R077_C176,MH-002,2025,19.604518,80.380398,77,176,0,0,0.3156843803621615
MH-002_2025_R078_C161,MH-002,2025,19.604249,80.376356,78,161,0,0,0.49410679082323417
MH-002_2025_R078_C162,MH-002,2025,19.604249,80.376625,78,162,1,1,0.5258073127614893
MH-002_2025_R078_C163,MH-002,2025,19.604249,80.376895,78,163,1,0,0.38108759303024736
MH-002_2025_R078_C164,MH-002,2025,19.604249,80.377164,78,164,0,0,0.3774965740165044
MH-002_2025_R078_C165,MH-002,2025,19.604249,80.377434,78,165,0,0,0.37351098336749483
MH-002_2025_R078_C167,MH-002,2025,19.604249,80.377973,78,167,0,0,0.32684699780931536
MH-002_2025_R078_C168,MH-002,2025,19.604249,80.378242,78,168,0,0,0.24587890960117265
MH-002_2025_R078_C169,MH-002,2025,19.604249,80.378512,78,169,0,0,0.23375729153718194
MH-002_2025_R078_C170,MH-002,2025,19.604249,80.378781,78,170,0,0,0.19635708750618563
MH-002_2025_R078_C171,MH-002,2025,19.604249,80.379051,78,171,0,0,0.39099605142726324
MH-002_2025_R078_C172,MH-002,2025,19.604249,80.37932,78,172,0,0,0.4500571259572874
MH-002_2025_R078_C173,MH-002,2025,19.604249,80.37959,78,173,0,0,0.45243700091414485
MH-002_2025_R078_C174,MH-002,2025,19.604249,80.379859,78,174,0,0,0.42173389635119596
MH-002_2025_R078_C175,MH-002,2025,19.604249,80.380129,78,175,0,0,0.4172200192035686
MH-002_2025_R078_C176,MH-002,2025,19.604249,80.380398,78,176,0,0,0.3520604130428772
MH-002_2025_R079_C161,MH-002,2025,19.603979,80.376356,79,161,0,0,0.4072167252587878
MH-002_2025_R079_C162,MH-002,2025,19.603979,80.376625,79,162,0,0,0.4426998432629111
MH-002_2025_R079_C163,MH-002,2025,19.603979,80.376895,79,163,0,0,0.44827645923381476
MH-002_2025_R079_C164,MH-002,2025,19.603979,80.377164,79,164,0,0,0.3808290462846883
MH-002_2025_R079_C165,MH-002,2025,19.603979,80.377434,79,165,0,0,0.272353755078016
MH-002_2025_R079_C167,MH-002,2025,19.603979,80.377973,79,167,0,0,0.2787699139322683
MH-002_2025_R079_C168,MH-002,2025,19.603979,80.378242,79,168,0,0,0.4547276905499363
MH-002_2025_R079_C170,MH-002,2025,19.603979,80.378781,79,170,0,0,0.1287709611324649
MH-002_2025_R079_C171,MH-002,2025,19.603979,80.379051,79,171,0,0,0.3778622733459839
MH-002_2025_R079_C172,MH-002,2025,19.603979,80.37932,79,172,0,0,0.40030917967749885
MH-002_2025_R079_C173,MH-002,2025,19.603979,80.37959,79,173,0,0,0.4724436564613416
MH-002_2025_R079_C174,MH-002,2025,19.603979,80.379859,79,174,0,0,0.40095743407039575
MH-002_2025_R079_C175,MH-002,2025,19.603979,80.380129,79,175,0,0,0.4386802320479253
MH-002_2025_R079_C176,MH-002,2025,19.603979,80.380398,79,176,0,0,0.3158145848149791
MH-002_2025_R080_C161,MH-002,2025,19.60371,80.376356,80,161,0,0,0.44695389026579685
MH-002_2025_R080_C162,MH-002,2025,19.60371,80.376625,80,162,0,0,0.4292660146414034
MH-002_2025_R080_C163,MH-002,2025,19.60371,80.376895,80,163,1,0,0.42279967416245695
MH-002_2025_R080_C164,MH-002,2025,19.60371,80.377164,80,164,0,0,0.42753246823811214
MH-002_2025_R080_C165,MH-002,2025,19.60371,80.377434,80,165,0,0,0.22074348964383897
MH-002_2025_R080_C167,MH-002,2025,19.60371,80.377973,80,167,0,0,0.21162213672660998
MH-002_2025_R080_C170,MH-002,2025,19.60371,80.378781,80,170,0,0,0.10455518164952242
MH-002_2025_R080_C171,MH-002,2025,19.60371,80.379051,80,171,0,0,0.45359985385329293
MH-002_2025_R080_C172,MH-002,2025,19.60371,80.37932,80,172,0,0,0.40881068851261737
MH-002_2025_R080_C173,MH-002,2025,19.60371,80.37959,80,173,0,0,0.3884011049303508
MH-002_2025_R080_C174,MH-002,2025,19.60371,80.379859,80,174,0,0,0.45202404799105017
MH-002_2025_R080_C175,MH-002,2025,19.60371,80.380129,80,175,0,0,0.3846222751893115
MH-002_2025_R080_C176,MH-002,2025,19.60371,80.380398,80,176,0,0,0.2914427677511841
MH-002_2025_R081_C161,MH-002,2025,19.60344,80.376356,81,161,0,0,0.34450152074847024
MH-002_2025_R081_C162,MH-002,2025,19.60344,80.376625,81,162,0,0,0.39797474026038776
MH-002_2025_R081_C163,MH-002,2025,19.60344,80.376895,81,163,0,0,0.4925581385603631
MH-002_2025_R081_C164,MH-002,2025,19.60344,80.377164,81,164,1,0,0.47428083894984774
MH-002_2025_R081_C165,MH-002,2025,19.60344,80.377434,81,165,0,0,0.31586569826494526
MH-002_2025_R081_C167,MH-002,2025,19.60344,80.377973,81,167,0,0,0.2757117858049275
MH-002_2025_R081_C168,MH-002,2025,19.60344,80.378242,81,168,0,0,0.3485859763633971
MH-002_2025_R081_C169,MH-002,2025,19.60344,80.378512,81,169,0,0,0.32165827525297913
MH-002_2025_R081_C170,MH-002,2025,19.60344,80.378781,81,170,0,0,0.2910969086517491
MH-002_2025_R081_C171,MH-002,2025,19.60344,80.379051,81,171,0,0,0.4909830711048097
MH-002_2025_R081_C172,MH-002,2025,19.60344,80.37932,81,172,0,0,0.47975057359607687
MH-002_2025_R081_C173,MH-002,2025,19.60344,80.37959,81,173,0,0,0.4316704830592385
MH-002_2025_R081_C174,MH-002,2025,19.60344,80.379859,81,174,0,0,0.4503787668920332
MH-002_2025_R081_C175,MH-002,2025,19.60344,80.380129,81,175,0,0,0.43916769211079637
MH-002_2025_R081_C176,MH-002,2025,19.60344,80.380398,81,176,0,0,0.3065368702991603
MH-002_2025_R082_C161,MH-002,2025,19.603171,80.376356,82,161,0,0,0.43714413230926136
MH-002_2025_R082_C162,MH-002,2025,19.603171,80.376625,82,162,0,0,0.4144828142710058
MH-002_2025_R082_C163,MH-002,2025,19.603171,80.376895,82,163,0,0,0.4592623840978278
MH-002_2025_R082_C164,MH-002,2025,19.603171,80.377164,82,164,1,0,0.4261918558905572
MH-002_2025_R082_C165,MH-002,2025,19.603171,80.377434,82,165,0,0,0.34396112179216354
MH-002_2025_R082_C167,MH-002,2025,19.603171,80.377973,82,167,0,0,0.27622927047299367
MH-002_2025_R082_C168,MH-002,2025,19.603171,80.378242,82,168,0,0,0.3906939133735505
MH-002_2025_R082_C169,MH-002,2025,19.603171,80.378512,82,169,0,0,0.22677846211875607
MH-002_2025_R082_C170,MH-002,2025,19.603171,80.378781,82,170,0,0,0.1836841187373462
MH-002_2025_R082_C171,MH-002,2025,19.603171,80.379051,82,171,0,0,0.3653175071297302
MH-002_2025_R082_C172,MH-002,2025,19.603171,80.37932,82,172,0,0,0.367417090433074
MH-002_2025_R082_C173,MH-002,2025,19.603171,80.37959,82,173,0,0,0.3114857042012576
MH-002_2025_R082_C174,MH-002,2025,19.603171,80.379859,82,174,0,0,0.3915342716717616
MH-002_2025_R082_C175,MH-002,2025,19.603171,80.380129,82,175,0,0,0.4458458259273542
MH-002_2025_R082_C176,MH-002,2025,19.603171,80.380398,82,176,0,0,0.3674489750505252
MH-002_2025_R083_C162,MH-002,2025,19.602901,80.376625,83,162,0,0,0.4278904424199297
MH-002_2025_R083_C163,MH-002,2025,19.602901,80.376895,83,163,0,0,0.48561849485092806
MH-002_2025_R083_C164,MH-002,2025,19.602901,80.377164,83,164,0,0,0.3006466579492382
MH-002_2025_R083_C166,MH-002,2025,19.602901,80.377703,83,166,0,0,0.27680562262924036
MH-002_2025_R083_C170,MH-002,2025,19.602901,80.378781,83,170,0,0,0.1642466219434109
MH-002_2025_R083_C171,MH-002,2025,19.602901,80.379051,83,171,0,0,0.29754530760254094
MH-002_2025_R083_C172,MH-002,2025,19.602901,80.37932,83,172,0,0,0.3648545703415404
MH-002_2025_R083_C173,MH-002,2025,19.602901,80.37959,83,173,0,0,0.32391851339022887
MH-002_2025_R083_C175,MH-002,2025,19.602901,80.380129,83,175,0,0,0.40199328081594526
MH-002_2025_R083_C176,MH-002,2025,19.602901,80.380398,83,176,0,0,0.3794560264172746
MH-002_2025_R083_C177,MH-002,2025,19.602901,80.380668,83,177,0,0,0.31474326409415904
MH-002_2025_R084_C161,MH-002,2025,19.602632,80.376356,84,161,0,0,0.2893923850917842
MH-002_2025_R084_C163,MH-002,2025,19.602632,80.376895,84,163,0,0,0.4260830407985704
MH-002_2025_R084_C165,MH-002,2025,19.602632,80.377434,84,165,0,0,0.18443202242550347
MH-002_2025_R084_C166,MH-002,2025,19.602632,80.377703,84,166,0,0,0.32186170985186113
MH-002_2025_R084_C167,MH-002,2025,19.602632,80.377973,84,167,1,0,0.34313993848644625
MH-002_2025_R084_C168,MH-002,2025,19.602632,80.378242,84,168,0,0,0.3468364581066738
MH-002_2025_R084_C170,MH-002,2025,19.602632,80.378781,84,170,0,0,0.20787075878756825
MH-002_2025_R084_C171,MH-002,2025,19.602632,80.379051,84,171,0,0,0.31447149173789185
MH-002_2025_R084_C172,MH-002,2025,19.602632,80.37932,84,172,0,0,0.3301071457219037
MH-002_2025_R084_C173,MH-002,2025,19.602632,80.37959,84,173,0,0,0.4478042909048963
MH-002_2025_R084_C174,MH-002,2025,19.602632,80.379859,84,174,0,0,0.26837619501983906
MH-002_2025_R084_C176,MH-002,2025,19.602632,80.380398,84,176,0,0,0.4082073179490192
MH-002_2025_R084_C177,MH-002,2025,19.602632,80.380668,84,177,0,0,0.3306204458968283
MH-002_2025_R085_C161,MH-002,2025,19.602362,80.376356,85,161,0,0,0.14174400265947634
MH-002_2025_R085_C162,MH-002,2025,19.602362,80.376625,85,162,0,0,0.28882707964203763
MH-002_2025_R085_C163,MH-002,2025,19.602362,80.376895,85,163,0,0,0.3529773851919791
MH-002_2025_R085_C164,MH-002,2025,19.602362,80.377164,85,164,0,0,0.4197021380296969
MH-002_2025_R085_C165,MH-002,2025,19.602362,80.377434,85,165,0,0,0.3306459847595349
MH-002_2025_R085_C166,MH-002,2025,19.602362,80.377703,85,166,0,0,0.44333850244098594
MH-002_2025_R085_C167,MH-002,2025,19.602362,80.377973,85,167,0,0,0.45745851337423166
MH-002_2025_R085_C171,MH-002,2025,19.602362,80.379051,85,171,0,0,0.19425527970586715
MH-002_2025_R085_C172,MH-002,2025,19.602362,80.37932,85,172,0,0,0.18443124203800393
MH-002_2025_R085_C173,MH-002,2025,19.602362,80.37959,85,173,0,0,0.11955610489598453
MH-002_2025_R085_C174,MH-002,2025,19.602362,80.379859,85,174,0,0,0.264680471508597
MH-002_2025_R085_C175,MH-002,2025,19.602362,80.380129,85,175,0,0,0.22958520045589795
MH-002_2025_R085_C177,MH-002,2025,19.602362,80.380668,85,177,0,0,0.3574697068890932
MH-002_2025_R086_C161,MH-002,2025,19.602093,80.376356,86,161,0,0,0.35406258267380575
MH-002_2025_R086_C162,MH-002,2025,19.602093,80.376625,86,162,0,0,0.2989409460460832
MH-002_2025_R086_C163,MH-002,2025,19.602093,80.376895,86,163,0,0,0.2946424889701131
MH-002_2025_R086_C172,MH-002,2025,19.602093,80.37932,86,172,0,0,0.10661334677358766
MH-002_2025_R086_C173,MH-002,2025,19.602093,80.37959,86,173,0,0,0.1474724858819115
MH-002_2025_R086_C174,MH-002,2025,19.602093,80.379859,86,174,0,0,0.13485620282740396
MH-002_2025_R086_C175,MH-002,2025,19.602093,80.380129,86,175,0,0,0.21292409086134118
MH-002_2025_R086_C177,MH-002,2025,19.602093,80.380668,86,177,0,0,0.3541599279844232
MH-002_2025_R087_C170,MH-002,2025,19.601823,80.378781,87,170,0,0,0.1364836637270896
MH-002_2025_R087_C171,MH-002,2025,19.601823,80.379051,87,171,0,0,0.3177055854007258
MH-002_2025_R087_C172,MH-002,2025,19.601823,80.37932,87,172,0,0,0.32595878586928567
MH-002_2025_R087_C173,MH-002,2025,19.601823,80.37959,87,173,0,0,0.4283801785525614
MH-002_2025_R087_C174,MH-002,2025,19.601823,80.379859,87,174,0,0,0.2650304222992831
MH-002_2025_R087_C175,MH-002,2025,19.601823,80.380129,87,175,0,0,0.16751115958093432
MH-002_2025_R087_C176,MH-002,2025,19.601823,80.380398,87,176,0,0,0.2428403309696009
MH-002_2025_R087_C177,MH-002,2025,19.601823,80.380668,87,177,0,0,0.4175858219806885
MH-002_2025_R088_C171,MH-002,2025,19.601554,80.379051,88,171,0,0,0.36620884935004266
MH-002_2025_R088_C172,MH-002,2025,19.601554,80.37932,88,172,0,0,0.2417378151057082
MH-002_2025_R088_C173,MH-002,2025,19.601554,80.37959,88,173,0,0,0.29134526619948015
MH-002_2025_R088_C174,MH-002,2025,19.601554,80.379859,88,174,0,0,0.260977654530142
MH-002_2025_R088_C175,MH-002,2025,19.601554,80.380129,88,175,0,0,0.2765280338324827
MH-002_2025_R088_C176,MH-002,2025,19.601554,80.380398,88,176,0,0,0.345190673164861
MH-002_2025_R088_C177,MH-002,2025,19.601554,80.380668,88,177,0,0,0.4367589911465529
MH-002_2025_R088_C178,MH-002,2025,19.601554,80.380937,88,178,0,0,0.4472800428320442
MH-002_2025_R089_C161,MH-002,2025,19.601284,80.376356,89,161,0,0,0.47541815046007874
MH-002_2025_R089_C165,MH-002,2025,19.601284,80.377434,89,165,0,0,0.3397848127081036
MH-002_2025_R089_C166,MH-002,2025,19.601284,80.377703,89,166,0,1,0.5086968547467683
MH-002_2025_R089_C167,MH-002,2025,19.601284,80.377973,89,167,0,1,0.5340965119712229
MH-002_2025_R089_C168,MH-002,2025,19.601284,80.378242,89,168,1,1,0.5120555476647664
MH-002_2025_R089_C172,MH-002,2025,19.601284,80.37932,89,172,0,0,0.3188708467151764
MH-002_2025_R089_C173,MH-002,2025,19.601284,80.37959,89,173,0,0,0.28086511018848476
MH-002_2025_R089_C174,MH-002,2025,19.601284,80.379859,89,174,0,0,0.31562885516089356
MH-002_2025_R089_C175,MH-002,2025,19.601284,80.380129,89,175,0,0,0.39635349800391245
MH-002_2025_R089_C176,MH-002,2025,19.601284,80.380398,89,176,0,0,0.43329443220487374
MH-002_2025_R089_C177,MH-002,2025,19.601284,80.380668,89,177,0,0,0.40102367585527127
MH-002_2025_R089_C178,MH-002,2025,19.601284,80.380937,89,178,0,0,0.37826269630723264
MH-002_2025_R089_C179,MH-002,2025,19.601284,80.381207,89,179,0,0,0.2826124298528405
MH-002_2025_R089_C180,MH-002,2025,19.601284,80.381476,89,180,0,0,0.3506308780599791
MH-002_2025_R090_C161,MH-002,2025,19.601015,80.376356,90,161,0,1,0.5203786481793805
MH-002_2025_R090_C162,MH-002,2025,19.601015,80.376625,90,162,0,0,0.4948640683386778
MH-002_2025_R090_C163,MH-002,2025,19.601015,80.376895,90,163,0,0,0.32181669979387134
MH-002_2025_R090_C165,MH-002,2025,19.601015,80.377434,90,165,0,0,0.4490726356480316
MH-002_2025_R090_C166,MH-002,2025,19.601015,80.377703,90,166,0,1,0.5031865169797027
MH-002_2025_R090_C167,MH-002,2025,19.601015,80.377973,90,167,0,1,0.5283130231786713
MH-002_2025_R090_C168,MH-002,2025,19.601015,80.378242,90,168,0,0,0.3912971490503866
MH-002_2025_R090_C169,MH-002,2025,19.601015,80.378512,90,169,0,0,0.45964819076073105
MH-002_2025_R090_C170,MH-002,2025,19.601015,80.378781,90,170,0,0,0.3263811770324068
MH-002_2025_R090_C173,MH-002,2025,19.601015,80.37959,90,173,0,0,0.2959620169586564
MH-002_2025_R090_C174,MH-002,2025,19.601015,80.379859,90,174,0,0,0.40553676518651033
MH-002_2025_R090_C175,MH-002,2025,19.601015,80.380129,90,175,0,0,0.44982488442281826
MH-002_2025_R090_C176,MH-002,2025,19.601015,80.380398,90,176,0,1,0.501363739549833
MH-002_2025_R090_C177,MH-002,2025,19.601015,80.380668,90,177,0,0,0.38849712469936654
MH-002_2025_R090_C178,MH-002,2025,19.601015,80.380937,90,178,0,0,0.3481881249075829
MH-002_2025_R090_C179,MH-002,2025,19.601015,80.381207,90,179,0,0,0.29189977893212554
MH-002_2025_R090_C180,MH-002,2025,19.601015,80.381476,90,180,0,0,0.3095097470318295
MH-002_2025_R090_C181,MH-002,2025,19.601015,80.381746,90,181,0,1,0.5001406787850322
MH-002_2025_R090_C182,MH-002,2025,19.601015,80.382015,90,182,0,1,0.5178210416727593
MH-002_2025_R091_C161,MH-002,2025,19.600745,80.376356,91,161,0,1,0.5078894084157562
MH-002_2025_R091_C162,MH-002,2025,19.600745,80.376625,91,162,0,0,0.4953915410270999
MH-002_2025_R091_C163,MH-002,2025,19.600745,80.376895,91,163,0,1,0.506227839101275
MH-002_2025_R091_C164,MH-002,2025,19.600745,80.377164,91,164,0,0,0.47319363418784366
MH-002_2025_R091_C165,MH-002,2025,19.600745,80.377434,91,165,0,0,0.47641067753051297
MH-002_2025_R091_C166,MH-002,2025,19.600745,80.377703,91,166,0,0,0.4200001951389579
MH-002_2025_R091_C167,MH-002,2025,19.600745,80.377973,91,167,0,0,0.41834103853141413
MH-002_2025_R091_C168,MH-002,2025,19.600745,80.378242,91,168,0,0,0.37146615683176476
MH-002_2025_R091_C169,MH-002,2025,19.600745,80.378512,91,169,0,0,0.41870705565632066
MH-002_2025_R091_C170,MH-002,2025,19.600745,80.378781,91,170,0,0,0.44686185263880585
MH-002_2025_R091_C171,MH-002,2025,19.600745,80.379051,91,171,1,0,0.4034837820591963
MH-002_2025_R091_C173,MH-002,2025,19.600745,80.37959,91,173,0,0,0.4651968189957987
MH-002_2025_R091_C174,MH-002,2025,19.600745,80.379859,91,174,0,0,0.42578802621358036
MH-002_2025_R091_C175,MH-002,2025,19.600745,80.380129,91,175,0,0,0.4449602737333374
MH-002_2025_R091_C176,MH-002,2025,19.600745,80.380398,91,176,0,0,0.3928465050009443
MH-002_2025_R091_C177,MH-002,2025,19.600745,80.380668,91,177,0,0,0.37021020793953335
MH-002_2025_R091_C180,MH-002,2025,19.600745,80.381476,91,180,0,0,0.21440643857757913
MH-002_2025_R091_C181,MH-002,2025,19.600745,80.381746,91,181,0,1,0.5286580547831531
MH-002_2025_R091_C182,MH-002,2025,19.600745,80.382015,91,182,0,1,0.5071807296322705
MH-002_2025_R092_C161,MH-002,2025,19.600476,80.376356,92,161,0,1,0.5296705530428014
MH-002_2025_R092_C162,MH-002,2025,19.600476,80.376625,92,162,0,1,0.5343591229735781
MH-002_2025_R092_C163,MH-002,2025,19.600476,80.376895,92,163,0,0,0.4673829970630902
MH-002_2025_R092_C164,MH-002,2025,19.600476,80.377164,92,164,0,0,0.3966906864502685
MH-002_2025_R092_C165,MH-002,2025,19.600476,80.377434,92,165,0,0,0.2895926802936108
MH-002_2025_R092_C166,MH-002,2025,19.600476,80.377703,92,166,0,0,0.48088721142091356
MH-002_2025_R092_C167,MH-002,2025,19.600476,80.377973,92,167,1,0,0.4700879777604235
MH-002_2025_R092_C168,MH-002,2025,19.600476,80.378242,92,168,0,0,0.3816144247752655
MH-002_2025_R092_C169,MH-002,2025,19.600476,80.378512,92,169,0,0,0.4039539132640547
MH-002_2025_R092_C170,MH-002,2025,19.600476,80.378781,92,170,0,0,0.41523917943705924
MH-002_2025_R092_C171,MH-002,2025,19.600476,80.379051,92,171,0,0,0.3754007324279587
MH-002_2025_R092_C172,MH-002,2025,19.600476,80.37932,92,172,0,0,0.38838141076191324
MH-002_2025_R092_C173,MH-002,2025,19.600476,80.37959,92,173,0,0,0.4318923333574374
MH-002_2025_R092_C174,MH-002,2025,19.600476,80.379859,92,174,0,0,0.4370140402814419
MH-002_2025_R092_C175,MH-002,2025,19.600476,80.380129,92,175,0,0,0.3718034670774907
MH-002_2025_R092_C176,MH-002,2025,19.600476,80.380398,92,176,0,0,0.18032150653657522
MH-002_2025_R092_C177,MH-002,2025,19.600476,80.380668,92,177,0,0,0.20767106447498307
MH-002_2025_R092_C178,MH-002,2025,19.600476,80.380937,92,178,0,0,0.31208959308459044
MH-002_2025_R092_C179,MH-002,2025,19.600476,80.381207,92,179,0,0,0.3341190839379215
MH-002_2025_R092_C181,MH-002,2025,19.600476,80.381746,92,181,0,0,0.47129506871164056
MH-002_2025_R092_C182,MH-002,2025,19.600476,80.382015,92,182,0,0,0.4803874841342125
MH-002_2025_R093_C161,MH-002,2025,19.600206,80.376356,93,161,0,1,0.5565401257113417
MH-002_2025_R093_C162,MH-002,2025,19.600206,80.376625,93,162,0,0,0.4966372968924363
MH-002_2025_R093_C163,MH-002,2025,19.600206,80.376895,93,163,0,1,0.5011705939809541
MH-002_2025_R093_C164,MH-002,2025,19.600206,80.377164,93,164,0,0,0.4846114802624689
MH-002_2025_R093_C165,MH-002,2025,19.600206,80.377434,93,165,1,0,0.41656229269706957
MH-002_2025_R093_C166,MH-002,2025,19.600206,80.377703,93,166,0,0,0.4796173641878291
MH-002_2025_R093_C167,MH-002,2025,19.600206,80.377973,93,167,0,1,0.5336465670223204
MH-002_2025_R093_C168,MH-002,2025,19.600206,80.378242,93,168,0,0,0.4925987940946999
MH-002_2025_R093_C169,MH-002,2025,19.600206,80.378512,93,169,0,0,0.39926260257785623
MH-002_2025_R093_C170,MH-002,2025,19.600206,80.378781,93,170,0,0,0.38221240463223377
MH-002_2025_R093_C171,MH-002,2025,19.600206,80.379051,93,171,0,0,0.415794320781735
MH-002_2025_R093_C172,MH-002,2025,19.600206,80.37932,93,172,0,0,0.42912866600174093
MH-002_2025_R093_C173,MH-002,2025,19.600206,80.37959,93,173,0,0,0.4420726526280353
MH-002_2025_R093_C174,MH-002,2025,19.600206,80.379859,93,174,0,0,0.4189692033023149
MH-002_2025_R093_C175,MH-002,2025,19.600206,80.380129,93,175,0,0,0.22471821740466086
MH-002_2025_R093_C177,MH-002,2025,19.600206,80.380668,93,177,0,0,0.2421317346027336
MH-002_2025_R093_C178,MH-002,2025,19.600206,80.380937,93,178,0,0,0.20385644316880594
MH-002_2025_R093_C179,MH-002,2025,19.600206,80.381207,93,179,0,0,0.25377130976491585
MH-002_2025_R093_C180,MH-002,2025,19.600206,80.381476,93,180,0,0,0.27347341558607646
MH-002_2025_R093_C181,MH-002,2025,19.600206,80.381746,93,181,0,0,0.2895958256314427
MH-002_2025_R093_C182,MH-002,2025,19.600206,80.382015,93,182,0,0,0.43425513757886763
MH-002_2025_R094_C161,MH-002,2025,19.599937,80.376356,94,161,0,0,0.4023172178496878
MH-002_2025_R094_C162,MH-002,2025,19.599937,80.376625,94,162,0,0,0.4856217381609957
MH-002_2025_R094_C163,MH-002,2025,19.599937,80.376895,94,163,0,0,0.42702966854695795
MH-002_2025_R094_C164,MH-002,2025,19.599937,80.377164,94,164,0,0,0.47540765538621726
MH-002_2025_R094_C165,MH-002,2025,19.599937,80.377434,94,165,0,1,0.5304688873104749
MH-002_2025_R094_C166,MH-002,2025,19.599937,80.377703,94,166,0,0,0.4763270470428951
MH-002_2025_R094_C167,MH-002,2025,19.599937,80.377973,94,167,0,1,0.5712202600269285
MH-002_2025_R094_C168,MH-002,2025,19.599937,80.378242,94,168,0,1,0.5660798725733398
MH-002_2025_R094_C169,MH-002,2025,19.599937,80.378512,94,169,0,0,0.47355394717342436
MH-002_2025_R094_C170,MH-002,2025,19.599937,80.378781,94,170,0,0,0.40984716299413015
MH-002_2025_R094_C171,MH-002,2025,19.599937,80.379051,94,171,0,0,0.4507485483356535
MH-002_2025_R094_C172,MH-002,2025,19.599937,80.37932,94,172,0,0,0.4470716959199937
MH-002_2025_R094_C173,MH-002,2025,19.599937,80.37959,94,173,0,0,0.49998001053782115
MH-002_2025_R094_C174,MH-002,2025,19.599937,80.379859,94,174,0,0,0.47817523616692564
MH-002_2025_R094_C175,MH-002,2025,19.599937,80.380129,94,175,0,0,0.33071417911883855
MH-002_2025_R094_C177,MH-002,2025,19.599937,80.380668,94,177,0,0,0.18864634579059542
MH-002_2025_R094_C178,MH-002,2025,19.599937,80.380937,94,178,0,0,0.1636875089310587
MH-002_2025_R094_C179,MH-002,2025,19.599937,80.381207,94,179,0,0,0.23292775467847956
MH-002_2025_R094_C180,MH-002,2025,19.599937,80.381476,94,180,0,0,0.2568130037494064
MH-002_2025_R094_C182,MH-002,2025,19.599937,80.382015,94,182,0,0,0.43232693839836067
MH-002_2025_R095_C161,MH-002,2025,19.599667,80.376356,95,161,0,0,0.2076281815249685
MH-002_2025_R095_C162,MH-002,2025,19.599667,80.376625,95,162,0,0,0.4088642894007618
MH-002_2025_R095_C163,MH-002,2025,19.599667,80.376895,95,163,0,0,0.43144225174105594
MH-002_2025_R095_C164,MH-002,2025,19.599667,80.377164,95,164,0,0,0.4586809799971582
MH-002_2025_R095_C165,MH-002,2025,19.599667,80.377434,95,165,0,1,0.5307587978581139
MH-002_2025_R095_C166,MH-002,2025,19.599667,80.377703,95,166,0,1,0.5133868330884616
MH-002_2025_R095_C167,MH-002,2025,19.599667,80.377973,95,167,0,1,0.5460617100524365
MH-002_2025_R095_C168,MH-002,2025,19.599667,80.378242,95,168,0,0,0.4429347990424456
MH-002_2025_R095_C169,MH-002,2025,19.599667,80.378512,95,169,0,1,0.5199857030819611
MH-002_2025_R095_C170,MH-002,2025,19.599667,80.378781,95,170,0,0,0.44371623989986547
MH-002_2025_R095_C171,MH-002,2025,19.599667,80.379051,95,171,0,0,0.4180655519818273
MH-002_2025_R095_C172,MH-002,2025,19.599667,80.37932,95,172,0,0,0.4630318994171901
MH-002_2025_R095_C173,MH-002,2025,19.599667,80.37959,95,173,0,1,0.5155451747710196
MH-002_2025_R095_C174,MH-002,2025,19.599667,80.379859,95,174,0,1,0.5331573531987954
MH-002_2025_R095_C175,MH-002,2025,19.599667,80.380129,95,175,0,0,0.496037259305349
MH-002_2025_R095_C176,MH-002,2025,19.599667,80.380398,95,176,0,0,0.3483336570604415
MH-002_2025_R095_C177,MH-002,2025,19.599667,80.380668,95,177,0,0,0.23985939965036646
MH-002_2025_R095_C178,MH-002,2025,19.599667,80.380937,95,178,0,0,0.22253683865955054
MH-002_2025_R095_C179,MH-002,2025,19.599667,80.381207,95,179,0,0,0.24722214896675335
MH-002_2025_R095_C180,MH-002,2025,19.599667,80.381476,95,180,0,0,0.17054748354712454
MH-002_2025_R095_C181,MH-002,2025,19.599667,80.381746,95,181,0,0,0.27876395960209893
MH-002_2025_R096_C163,MH-002,2025,19.599398,80.376895,96,163,0,0,0.34824320702756534
MH-002_2025_R096_C164,MH-002,2025,19.599398,80.377164,96,164,0,1,0.582568310273147
MH-002_2025_R096_C165,MH-002,2025,19.599398,80.377434,96,165,0,1,0.5300674571856494
MH-002_2025_R096_C166,MH-002,2025,19.599398,80.377703,96,166,0,1,0.5040565441418294
MH-002_2025_R096_C167,MH-002,2025,19.599398,80.377973,96,167,0,1,0.5305491525257492
MH-002_2025_R096_C168,MH-002,2025,19.599398,80.378242,96,168,0,1,0.5082679692592125
MH-002_2025_R096_C169,MH-002,2025,19.599398,80.378512,96,169,0,0,0.49627665726656045
MH-002_2025_R096_C170,MH-002,2025,19.599398,80.378781,96,170,0,1,0.5203053080638852
MH-002_2025_R096_C171,MH-002,2025,19.599398,80.379051,96,171,0,0,0.4589015407231364
MH-002_2025_R096_C172,MH-002,2025,19.599398,80.37932,96,172,0,0,0.4732397373584137
MH-002_2025_R096_C173,MH-002,2025,19.599398,80.37959,96,173,0,0,0.41862716598104543
MH-002_2025_R096_C174,MH-002,2025,19.599398,80.379859,96,174,0,0,0.411812725676136
MH-002_2025_R096_C175,MH-002,2025,19.599398,80.380129,96,175,0,0,0.39002734986054993
MH-002_2025_R096_C176,MH-002,2025,19.599398,80.380398,96,176,0,0,0.3835879908098742
MH-002_2025_R096_C177,MH-002,2025,19.599398,80.380668,96,177,0,0,0.27519880856817786
MH-002_2025_R096_C178,MH-002,2025,19.599398,80.380937,96,178,0,0,0.21241461505948775
MH-002_2025_R096_C179,MH-002,2025,19.599398,80.381207,96,179,0,0,0.13314235434720884
MH-002_2025_R096_C180,MH-002,2025,19.599398,80.381476,96,180,0,0,0.1524175429008945
MH-002_2025_R096_C181,MH-002,2025,19.599398,80.381746,96,181,0,0,0.36385086492692637
MH-002_2025_R097_C161,MH-002,2025,19.599128,80.376356,97,161,0,0,0.349938996226965
MH-002_2025_R097_C162,MH-002,2025,19.599128,80.376625,97,162,0,0,0.22903592040849793
MH-002_2025_R097_C164,MH-002,2025,19.599128,80.377164,97,164,0,0,0.4621111791832954
MH-002_2025_R097_C165,MH-002,2025,19.599128,80.377434,97,165,0,1,0.5131616891744806
MH-002_2025_R097_C166,MH-002,2025,19.599128,80.377703,97,166,0,1,0.5340326564580198
MH-002_2025_R097_C167,MH-002,2025,19.599128,80.377973,97,167,0,1,0.5707033519849145
MH-002_2025_R097_C168,MH-002,2025,19.599128,80.378242,97,168,0,1,0.5757663762733922
MH-002_2025_R097_C169,MH-002,2025,19.599128,80.378512,97,169,0,0,0.4788976338539027
MH-002_2025_R097_C170,MH-002,2025,19.599128,80.378781,97,170,0,0,0.47830879015338945
MH-002_2025_R097_C171,MH-002,2025,19.599128,80.379051,97,171,0,1,0.5529195497619022
MH-002_2025_R097_C172,MH-002,2025,19.599128,80.37932,97,172,0,1,0.5317975033216162
MH-002_2025_R097_C173,MH-002,2025,19.599128,80.37959,97,173,0,0,0.4078870951734929
MH-002_2025_R097_C174,MH-002,2025,19.599128,80.379859,97,174,0,0,0.46638204404130434
MH-002_2025_R097_C175,MH-002,2025,19.599128,80.380129,97,175,0,0,0.427213530186254
MH-002_2025_R097_C176,MH-002,2025,19.599128,80.380398,97,176,0,0,0.3668488638755517
MH-002_2025_R097_C177,MH-002,2025,19.599128,80.380668,97,177,0,0,0.31805223402021726
MH-002_2025_R097_C178,MH-002,2025,19.599128,80.380937,97,178,0,0,0.24707176549156545
MH-002_2025_R097_C179,MH-002,2025,19.599128,80.381207,97,179,0,0,0.14855624682901017
MH-002_2025_R097_C180,MH-002,2025,19.599128,80.381476,97,180,0,0,0.14130756693893928
MH-002_2025_R097_C181,MH-002,2025,19.599128,80.381746,97,181,0,0,0.3494138139784612
MH-002_2025_R098_C164,MH-002,2025,19.598859,80.377164,98,164,0,0,0.2924467450835826
MH-002_2025_R098_C165,MH-002,2025,19.598859,80.377434,98,165,0,0,0.41418422720646886
MH-002_2025_R098_C166,MH-002,2025,19.598859,80.377703,98,166,1,1,0.5552766651208398
MH-002_2025_R098_C167,MH-002,2025,19.598859,80.377973,98,167,0,1,0.5312841398181974
MH-002_2025_R098_C168,MH-002,2025,19.598859,80.378242,98,168,0,1,0.5716969939332874
MH-002_2025_R098_C169,MH-002,2025,19.598859,80.378512,98,169,0,1,0.5186579736585872
MH-002_2025_R098_C170,MH-002,2025,19.598859,80.378781,98,170,0,1,0.5712091052880099
MH-002_2025_R098_C171,MH-002,2025,19.598859,80.379051,98,171,0,0,0.4868316613547669
MH-002_2025_R098_C172,MH-002,2025,19.598859,80.37932,98,172,0,0,0.438113421294168
MH-002_2025_R098_C173,MH-002,2025,19.598859,80.37959,98,173,0,0,0.49072370023472023
MH-002_2025_R098_C174,MH-002,2025,19.598859,80.379859,98,174,0,1,0.5186103687874617
MH-002_2025_R098_C175,MH-002,2025,19.598859,80.380129,98,175,0,1,0.5032683955277961
MH-002_2025_R098_C176,MH-002,2025,19.598859,80.380398,98,176,0,0,0.395966784666734
MH-002_2025_R098_C177,MH-002,2025,19.598859,80.380668,98,177,0,0,0.38029819063266407
MH-002_2025_R098_C178,MH-002,2025,19.598859,80.380937,98,178,0,0,0.38638359609842543
MH-002_2025_R098_C179,MH-002,2025,19.598859,80.381207,98,179,0,0,0.14628450526300704
MH-002_2025_R098_C182,MH-002,2025,19.598859,80.382015,98,182,0,0,0.32763959675274335
MH-002_2025_R099_C161,MH-002,2025,19.598589,80.376356,99,161,0,1,0.5377793801725054
MH-002_2025_R099_C162,MH-002,2025,19.598589,80.376625,99,162,0,0,0.25190659961316286
MH-002_2025_R099_C165,MH-002,2025,19.598589,80.377434,99,165,0,0,0.35556147597133536
MH-002_2025_R099_C166,MH-002,2025,19.598589,80.377703,99,166,1,1,0.538636815426817
MH-002_2025_R099_C167,MH-002,2025,19.598589,80.377973,99,167,1,0,0.49216362569166944
MH-002_2025_R099_C168,MH-002,2025,19.598589,80.378242,99,168,1,1,0.5074119687035403
MH-002_2025_R099_C169,MH-002,2025,19.598589,80.378512,99,169,0,1,0.5859416389064144
MH-002_2025_R099_C170,MH-002,2025,19.598589,80.378781,99,170,0,1,0.5351285668965079
MH-002_2025_R099_C171,MH-002,2025,19.598589,80.379051,99,171,0,1,0.5003925665767112
MH-002_2025_R099_C172,MH-002,2025,19.598589,80.37932,99,172,0,0,0.45966504149690224
MH-002_2025_R099_C173,MH-002,2025,19.598589,80.37959,99,173,0,0,0.4387893634883465
MH-002_2025_R099_C174,MH-002,2025,19.598589,80.379859,99,174,0,0,0.4819908625757225
MH-002_2025_R099_C175,MH-002,2025,19.598589,80.380129,99,175,0,1,0.5112177629932939
MH-002_2025_R099_C176,MH-002,2025,19.598589,80.380398,99,176,0,0,0.436342674528301
MH-002_2025_R099_C177,MH-002,2025,19.598589,80.380668,99,177,0,0,0.46649751192698685
MH-002_2025_R099_C178,MH-002,2025,19.598589,80.380937,99,178,0,0,0.38668437108261117
MH-002_2025_R099_C179,MH-002,2025,19.598589,80.381207,99,179,0,0,0.3979052730030872
MH-002_2025_R099_C180,MH-002,2025,19.598589,80.381476,99,180,0,0,0.2977159728889722
MH-002_2025_R099_C181,MH-002,2025,19.598589,80.381746,99,181,0,0,0.16892453624197382
MH-002_2025_R099_C182,MH-002,2025,19.598589,80.382015,99,182,0,0,0.14212573547685567
MH-002_2025_R100_C161,MH-002,2025,19.59832,80.376356,100,161,0,0,0.45001742832919195
MH-002_2025_R100_C162,MH-002,2025,19.59832,80.376625,100,162,0,1,0.5225096240174532
MH-002_2025_R100_C163,MH-002,2025,19.59832,80.376895,100,163,0,0,0.49359754250593696
MH-002_2025_R100_C164,MH-002,2025,19.59832,80.377164,100,164,0,0,0.4447987308295844
MH-002_2025_R100_C165,MH-002,2025,19.59832,80.377434,100,165,0,0,0.45844042544327834
MH-002_2025_R100_C166,MH-002,2025,19.59832,80.377703,100,166,1,0,0.4442820409037108
MH-002_2025_R100_C167,MH-002,2025,19.59832,80.377973,100,167,1,1,0.5417230436151739
MH-002_2025_R100_C168,MH-002,2025,19.59832,80.378242,100,168,1,1,0.5715552624581152
MH-002_2025_R100_C169,MH-002,2025,19.59832,80.378512,100,169,0,0,0.4910150327362693
MH-002_2025_R100_C170,MH-002,2025,19.59832,80.378781,100,170,0,0,0.4972053984502976
MH-002_2025_R100_C171,MH-002,2025,19.59832,80.379051,100,171,0,1,0.5187308613322597
MH-002_2025_R100_C172,MH-002,2025,19.59832,80.37932,100,172,0,0,0.47915386763261514
MH-002_2025_R100_C173,MH-002,2025,19.59832,80.37959,100,173,0,0,0.44864671106346055
MH-002_2025_R100_C174,MH-002,2025,19.59832,80.379859,100,174,0,1,0.513404155641794
MH-002_2025_R100_C175,MH-002,2025,19.59832,80.380129,100,175,0,0,0.45598680439845296
MH-002_2025_R100_C176,MH-002,2025,19.59832,80.380398,100,176,0,0,0.44812749035451505
MH-002_2025_R100_C177,MH-002,2025,19.59832,80.380668,100,177,0,0,0.4480187072429472
MH-002_2025_R100_C178,MH-002,2025,19.59832,80.380937,100,178,0,0,0.4342859823903073
MH-002_2025_R100_C179,MH-002,2025,19.59832,80.381207,100,179,0,0,0.4436977763659265
MH-002_2025_R100_C180,MH-002,2025,19.59832,80.381476,100,180,0,0,0.45574564001120027
MH-002_2025_R100_C181,MH-002,2025,19.59832,80.381746,100,181,0,0,0.3247939215292547
MH-002_2025_R101_C161,MH-002,2025,19.59805,80.376356,101,161,0,0,0.4890912195578492
MH-002_2025_R101_C162,MH-002,2025,19.59805,80.376625,101,162,0,1,0.5059206704911371
MH-002_2025_R101_C163,MH-002,2025,19.59805,80.376895,101,163,0,1,0.5605241585013976
MH-002_2025_R101_C164,MH-002,2025,19.59805,80.377164,101,164,1,1,0.5454825525514884
MH-002_2025_R101_C165,MH-002,2025,19.59805,80.377434,101,165,1,0,0.48712958334824924
MH-002_2025_R101_C166,MH-002,2025,19.59805,80.377703,101,166,1,0,0.47491012104499675
MH-002_2025_R101_C167,MH-002,2025,19.59805,80.377973,101,167,0,0,0.4810431772712365
MH-002_2025_R101_C168,MH-002,2025,19.59805,80.378242,101,168,0,1,0.532511113098313
MH-002_2025_R101_C169,MH-002,2025,19.59805,80.378512,101,169,0,1,0.583515240088636
MH-002_2025_R101_C170,MH-002,2025,19.59805,80.378781,101,170,0,1,0.5080004911190041
MH-002_2025_R101_C171,MH-002,2025,19.59805,80.379051,101,171,0,1,0.5585975867993551
MH-002_2025_R101_C172,MH-002,2025,19.59805,80.37932,101,172,0,1,0.5608038638084326
MH-002_2025_R101_C173,MH-002,2025,19.59805,80.37959,101,173,0,1,0.5076852450779732
MH-002_2025_R101_C174,MH-002,2025,19.59805,80.379859,101,174,0,0,0.4893108425495774
MH-002_2025_R101_C175,MH-002,2025,19.59805,80.380129,101,175,0,1,0.5279750760082496
MH-002_2025_R101_C176,MH-002,2025,19.59805,80.380398,101,176,0,0,0.4613297887088886
MH-002_2025_R101_C177,MH-002,2025,19.59805,80.380668,101,177,0,0,0.46174608558599656
MH-002_2025_R101_C178,MH-002,2025,19.59805,80.380937,101,178,0,0,0.39098051450266674
MH-002_2025_R101_C179,MH-002,2025,19.59805,80.381207,101,179,0,0,0.44028657890353967
MH-002_2025_R101_C180,MH-002,2025,19.59805,80.381476,101,180,0,0,0.4639855711503918
MH-002_2025_R101_C181,MH-002,2025,19.59805,80.381746,101,181,0,0,0.4344997643245923
MH-002_2025_R102_C161,MH-002,2025,19.597781,80.376356,102,161,0,1,0.5051728868274409
MH-002_2025_R102_C162,MH-002,2025,19.597781,80.376625,102,162,0,0,0.3692129601173308
MH-002_2025_R102_C163,MH-002,2025,19.597781,80.376895,102,163,1,0,0.42694917954230216
MH-002_2025_R102_C164,MH-002,2025,19.597781,80.377164,102,164,1,1,0.5645785341925605
MH-002_2025_R102_C165,MH-002,2025,19.597781,80.377434,102,165,1,1,0.5205441393859449
MH-002_2025_R102_C166,MH-002,2025,19.597781,80.377703,102,166,0,1,0.5662253301155078
MH-002_2025_R102_C167,MH-002,2025,19.597781,80.377973,102,167,0,0,0.48578464801751153
MH-002_2025_R102_C168,MH-002,2025,19.597781,80.378242,102,168,0,1,0.529257516246905
MH-002_2025_R102_C169,MH-002,2025,19.597781,80.378512,102,169,1,1,0.5074304052826792
MH-002_2025_R102_C170,MH-002,2025,19.597781,80.378781,102,170,1,0,0.4648480143512473
MH-002_2025_R102_C171,MH-002,2025,19.597781,80.379051,102,171,1,1,0.5533247575240211
MH-002_2025_R102_C172,MH-002,2025,19.597781,80.37932,102,172,0,1,0.5691768845954073
MH-002_2025_R102_C173,MH-002,2025,19.597781,80.37959,102,173,0,1,0.5662130459766624
MH-002_2025_R102_C174,MH-002,2025,19.597781,80.379859,102,174,0,1,0.5191959600955067
MH-002_2025_R102_C175,MH-002,2025,19.597781,80.380129,102,175,0,1,0.5227370717298891
MH-002_2025_R102_C176,MH-002,2025,19.597781,80.380398,102,176,0,0,0.4878772668571853
MH-002_2025_R102_C177,MH-002,2025,19.597781,80.380668,102,177,0,0,0.4389253264538145
MH-002_2025_R102_C178,MH-002,2025,19.597781,80.380937,102,178,0,0,0.4607563581389494
MH-002_2025_R102_C179,MH-002,2025,19.597781,80.381207,102,179,0,0,0.4263873444054481
MH-002_2025_R102_C180,MH-002,2025,19.597781,80.381476,102,180,0,0,0.4075172574890283
MH-002_2025_R102_C181,MH-002,2025,19.597781,80.381746,102,181,0,0,0.48659921590592076
MH-002_2025_R103_C161,MH-002,2025,19.597511,80.376356,103,161,0,1,0.5174916175664798
MH-002_2025_R103_C162,MH-002,2025,19.597511,80.376625,103,162,0,0,0.4268727574163368
MH-002_2025_R103_C163,MH-002,2025,19.597511,80.376895,103,163,0,0,0.37278398097250015
MH-002_2025_R103_C164,MH-002,2025,19.597511,80.377164,103,164,1,0,0.46139042718034307
MH-002_2025_R103_C165,MH-002,2025,19.597511,80.377434,103,165,0,1,0.5210639559717906
MH-002_2025_R103_C166,MH-002,2025,19.597511,80.377703,103,166,0,1,0.52190968514228
MH-002_2025_R103_C167,MH-002,2025,19.597511,80.377973,103,167,0,0,0.49243138197963277
MH-002_2025_R103_C168,MH-002,2025,19.597511,80.378242,103,168,0,1,0.5461589631679835
MH-002_2025_R103_C169,MH-002,2025,19.597511,80.378512,103,169,1,1,0.5527826058226696
MH-002_2025_R103_C170,MH-002,2025,19.597511,80.378781,103,170,1,1,0.5657475604784034
MH-002_2025_R103_C171,MH-002,2025,19.597511,80.379051,103,171,0,0,0.47172073839029366
MH-002_2025_R103_C172,MH-002,2025,19.597511,80.37932,103,172,0,1,0.5488129399088395
MH-002_2025_R103_C173,MH-002,2025,19.597511,80.37959,103,173,0,0,0.47560388841843126
MH-002_2025_R103_C174,MH-002,2025,19.597511,80.379859,103,174,0,0,0.43664862112827213
MH-002_2025_R103_C175,MH-002,2025,19.597511,80.380129,103,175,0,0,0.45596246387246653
MH-002_2025_R103_C176,MH-002,2025,19.597511,80.380398,103,176,0,0,0.47835069014494325
MH-002_2025_R103_C177,MH-002,2025,19.597511,80.380668,103,177,0,1,0.5279916037956339
MH-002_2025_R103_C178,MH-002,2025,19.597511,80.380937,103,178,0,0,0.45542217646193084
MH-002_2025_R103_C179,MH-002,2025,19.597511,80.381207,103,179,0,0,0.37187127818414395
MH-002_2025_R103_C180,MH-002,2025,19.597511,80.381476,103,180,0,0,0.46257043120040553
MH-002_2025_R104_C161,MH-002,2025,19.597242,80.376356,104,161,0,1,0.5399512754887564
MH-002_2025_R104_C162,MH-002,2025,19.597242,80.376625,104,162,0,1,0.5468832725258844
MH-002_2025_R104_C163,MH-002,2025,19.597242,80.376895,104,163,0,1,0.5526482541795936
MH-002_2025_R104_C164,MH-002,2025,19.597242,80.377164,104,164,1,0,0.42555330753297366
MH-002_2025_R104_C165,MH-002,2025,19.597242,80.377434,104,165,1,0,0.41089546378883945
MH-002_2025_R104_C166,MH-002,2025,19.597242,80.377703,104,166,0,0,0.4975708380212138
MH-002_2025_R104_C167,MH-002,2025,19.597242,80.377973,104,167,0,1,0.5953657825285599
MH-002_2025_R104_C168,MH-002,2025,19.597242,80.378242,104,168,0,0,0.4986898237939467
MH-002_2025_R104_C169,MH-002,2025,19.597242,80.378512,104,169,0,1,0.5626007619791046
MH-002_2025_R104_C170,MH-002,2025,19.597242,80.378781,104,170,0,1,0.5877983124805446
MH-002_2025_R104_C171,MH-002,2025,19.597242,80.379051,104,171,0,1,0.5037235584677181
MH-002_2025_R104_C172,MH-002,2025,19.597242,80.37932,104,172,0,1,0.5612682456958878
MH-002_2025_R104_C173,MH-002,2025,19.597242,80.37959,104,173,0,0,0.49009374767639025
MH-002_2025_R104_C174,MH-002,2025,19.597242,80.379859,104,174,0,1,0.531142760424449
MH-002_2025_R104_C175,MH-002,2025,19.597242,80.380129,104,175,0,0,0.46924948892138635
MH-002_2025_R104_C176,MH-002,2025,19.597242,80.380398,104,176,0,1,0.5333721246888494
MH-002_2025_R104_C177,MH-002,2025,19.597242,80.380668,104,177,0,0,0.4640698463330368
MH-002_2025_R104_C178,MH-002,2025,19.597242,80.380937,104,178,0,1,0.5317215475334819
MH-002_2025_R104_C179,MH-002,2025,19.597242,80.381207,104,179,0,0,0.43307684243639555
MH-002_2025_R104_C180,MH-002,2025,19.597242,80.381476,104,180,0,0,0.3821083188714796
MH-002_2025_R105_C161,MH-002,2025,19.596973,80.376356,105,161,0,0,0.47491940182641934
MH-002_2025_R105_C162,MH-002,2025,19.596973,80.376625,105,162,0,0,0.46490484602803517
MH-002_2025_R105_C163,MH-002,2025,19.596973,80.376895,105,163,0,1,0.5576910113575685
MH-002_2025_R105_C164,MH-002,2025,19.596973,80.377164,105,164,1,0,0.47823022328871484
MH-002_2025_R105_C165,MH-002,2025,19.596973,80.377434,105,165,1,0,0.36139336310175657
MH-002_2025_R105_C166,MH-002,2025,19.596973,80.377703,105,166,0,0,0.4897270220743963
MH-002_2025_R105_C167,MH-002,2025,19.596973,80.377973,105,167,0,1,0.577390524621419
MH-002_2025_R105_C168,MH-002,2025,19.596973,80.378242,105,168,0,0,0.4763074073881241
MH-002_2025_R105_C169,MH-002,2025,19.596973,80.378512,105,169,0,1,0.5914635287099862
MH-002_2025_R105_C170,MH-002,2025,19.596973,80.378781,105,170,0,1,0.5138517862338349
MH-002_2025_R105_C171,MH-002,2025,19.596973,80.379051,105,171,0,0,0.4662314281575505
MH-002_2025_R105_C172,MH-002,2025,19.596973,80.37932,105,172,0,1,0.5141988574245079
MH-002_2025_R105_C173,MH-002,2025,19.596973,80.37959,105,173,0,1,0.5009343318989186
MH-002_2025_R105_C174,MH-002,2025,19.596973,80.379859,105,174,0,0,0.4689022213019486
MH-002_2025_R105_C175,MH-002,2025,19.596973,80.380129,105,175,0,1,0.5160632977127879
MH-002_2025_R105_C176,MH-002,2025,19.596973,80.380398,105,176,0,0,0.47524711920769364
MH-002_2025_R105_C177,MH-002,2025,19.596973,80.380668,105,177,0,0,0.47359331930694515
MH-002_2025_R105_C178,MH-002,2025,19.596973,80.380937,105,178,0,0,0.4646033928656764
MH-002_2025_R105_C179,MH-002,2025,19.596973,80.381207,105,179,0,0,0.4759795244389642
MH-002_2025_R106_C161,MH-002,2025,19.596703,80.376356,106,161,0,1,0.5317429480574718
MH-002_2025_R106_C162,MH-002,2025,19.596703,80.376625,106,162,0,1,0.516213411210604
MH-002_2025_R106_C163,MH-002,2025,19.596703,80.376895,106,163,0,0,0.4592243424101838
MH-002_2025_R106_C164,MH-002,2025,19.596703,80.377164,106,164,0,1,0.5778219462143298
MH-002_2025_R106_C165,MH-002,2025,19.596703,80.377434,106,165,1,1,0.6039237630209695
MH-002_2025_R106_C166,MH-002,2025,19.596703,80.377703,106,166,0,0,0.48407780244833604
MH-002_2025_R106_C167,MH-002,2025,19.596703,80.377973,106,167,0,0,0.38153741067685626
MH-002_2025_R106_C168,MH-002,2025,19.596703,80.378242,106,168,0,0,0.45246834361080457
MH-002_2025_R106_C169,MH-002,2025,19.596703,80.378512,106,169,0,0,0.4957925716679518
MH-002_2025_R106_C170,MH-002,2025,19.596703,80.378781,106,170,0,1,0.5460234423800324
MH-002_2025_R106_C171,MH-002,2025,19.596703,80.379051,106,171,0,0,0.4742009922698362
MH-002_2025_R106_C172,MH-002,2025,19.596703,80.37932,106,172,0,1,0.5103150908769482
MH-002_2025_R106_C173,MH-002,2025,19.596703,80.37959,106,173,0,1,0.5428810525531449
MH-002_2025_R106_C174,MH-002,2025,19.596703,80.379859,106,174,0,0,0.4837267505167985
MH-002_2025_R106_C175,MH-002,2025,19.596703,80.380129,106,175,0,1,0.5381288453995368
MH-002_2025_R106_C176,MH-002,2025,19.596703,80.380398,106,176,0,0,0.41973005779599504
MH-002_2025_R106_C177,MH-002,2025,19.596703,80.380668,106,177,0,0,0.47119561373078295
MH-002_2025_R106_C178,MH-002,2025,19.596703,80.380937,106,178,0,1,0.5224686213700184
MH-002_2025_R106_C179,MH-002,2025,19.596703,80.381207,106,179,0,0,0.49756298225715423
MH-002_2025_R107_C161,MH-002,2025,19.596434,80.376356,107,161,1,1,0.5199972139262575
MH-002_2025_R107_C162,MH-002,2025,19.596434,80.376625,107,162,1,1,0.5447294754120732
MH-002_2025_R107_C163,MH-002,2025,19.596434,80.376895,107,163,1,1,0.5144386681285349
MH-002_2025_R107_C164,MH-002,2025,19.596434,80.377164,107,164,0,1,0.5176078528129986
MH-002_2025_R107_C165,MH-002,2025,19.596434,80.377434,107,165,0,0,0.4638673035462198
MH-002_2025_R107_C166,MH-002,2025,19.596434,80.377703,107,166,0,0,0.42603592319865663
MH-002_2025_R107_C167,MH-002,2025,19.596434,80.377973,107,167,0,0,0.47567821942364513
MH-002_2025_R107_C168,MH-002,2025,19.596434,80.378242,107,168,0,0,0.4564044113917793
MH-002_2025_R107_C169,MH-002,2025,19.596434,80.378512,107,169,0,0,0.4959444518069071
MH-002_2025_R107_C170,MH-002,2025,19.596434,80.378781,107,170,0,0,0.4588811360343596
MH-002_2025_R107_C171,MH-002,2025,19.596434,80.379051,107,171,0,1,0.535238966616609
MH-002_2025_R107_C172,MH-002,2025,19.596434,80.37932,107,172,0,1,0.5177080690146132
MH-002_2025_R107_C173,MH-002,2025,19.596434,80.37959,107,173,0,0,0.4420515454195596
MH-002_2025_R107_C174,MH-002,2025,19.596434,80.379859,107,174,0,1,0.5078985311385568
MH-002_2025_R107_C175,MH-002,2025,19.596434,80.380129,107,175,0,1,0.5349655963908272
MH-002_2025_R107_C176,MH-002,2025,19.596434,80.380398,107,176,0,0,0.4669914709270151
MH-002_2025_R107_C177,MH-002,2025,19.596434,80.380668,107,177,0,0,0.4252773984855104
MH-002_2025_R107_C178,MH-002,2025,19.596434,80.380937,107,178,0,0,0.46495965682542345
MH-002_2025_R108_C161,MH-002,2025,19.596164,80.376356,108,161,1,1,0.5729465514480281
MH-002_2025_R108_C162,MH-002,2025,19.596164,80.376625,108,162,1,1,0.5805109886131744
MH-002_2025_R108_C163,MH-002,2025,19.596164,80.376895,108,163,0,1,0.5886498580043719
MH-002_2025_R108_C164,MH-002,2025,19.596164,80.377164,108,164,0,0,0.4824007319415611
MH-002_2025_R108_C165,MH-002,2025,19.596164,80.377434,108,165,1,0,0.3666043670997458
MH-002_2025_R108_C166,MH-002,2025,19.596164,80.377703,108,166,1,0,0.2444903971764054
MH-002_2025_R108_C167,MH-002,2025,19.596164,80.377973,108,167,0,1,0.563905635510009
MH-002_2025_R108_C168,MH-002,2025,19.596164,80.378242,108,168,0,1,0.507577022183162
MH-002_2025_R108_C169,MH-002,2025,19.596164,80.378512,108,169,0,0,0.44356660694252387
MH-002_2025_R108_C170,MH-002,2025,19.596164,80.378781,108,170,0,0,0.46207119749412673
MH-002_2025_R108_C171,MH-002,2025,19.596164,80.379051,108,171,0,1,0.5585176458079365
MH-002_2025_R108_C172,MH-002,2025,19.596164,80.37932,108,172,0,0,0.4909092508634212
MH-002_2025_R108_C173,MH-002,2025,19.596164,80.37959,108,173,0,1,0.50932097606858
MH-002_2025_R108_C174,MH-002,2025,19.596164,80.379859,108,174,0,0,0.4789733258082319
MH-002_2025_R108_C175,MH-002,2025,19.596164,80.380129,108,175,0,1,0.51508837352103
MH-002_2025_R108_C176,MH-002,2025,19.596164,80.380398,108,176,0,0,0.41534000913143276
MH-002_2025_R108_C177,MH-002,2025,19.596164,80.380668,108,177,0,1,0.5375053720922706
MH-002_2025_R108_C178,MH-002,2025,19.596164,80.380937,108,178,0,0,0.42499116548966887
MH-003_2021_R128_C225,MH-003,2021,18.915151,73.503166,128,225,0,0,0.33286045174110324
MH-003_2021_R128_C229,MH-003,2021,18.915151,73.504244,128,229,0,0,0.37906645785845294
MH-003_2021_R128_C231,MH-003,2021,18.915151,73.504783,128,231,0,0,0.29599484198813036
MH-003_2021_R129_C203,MH-003,2021,18.914882,73.497237,129,203,0,1,0.5812512428015801
MH-003_2021_R129_C204,MH-003,2021,18.914882,73.497507,129,204,0,1,0.6206082141700199
MH-003_2021_R129_C205,MH-003,2021,18.914882,73.497776,129,205,0,1,0.6615736890283618
MH-003_2021_R129_C206,MH-003,2021,18.914882,73.498046,129,206,0,1,0.5789785290787409
MH-003_2021_R129_C224,MH-003,2021,18.914882,73.502896,129,224,0,0,0.2791877730044752
MH-003_2021_R129_C225,MH-003,2021,18.914882,73.503166,129,225,0,0,0.2469377163457749
MH-003_2021_R129_C226,MH-003,2021,18.914882,73.503435,129,226,0,0,0.27205451515778
MH-003_2021_R129_C229,MH-003,2021,18.914882,73.504244,129,229,0,1,0.5064518318351721
MH-003_2021_R129_C231,MH-003,2021,18.914882,73.504783,129,231,0,0,0.28365120434406577
MH-003_2021_R130_C203,MH-003,2021,18.914612,73.497237,130,203,0,1,0.532758378281319
MH-003_2021_R130_C204,MH-003,2021,18.914612,73.497507,130,204,0,1,0.53189441283249
MH-003_2021_R130_C205,MH-003,2021,18.914612,73.497776,130,205,0,1,0.5965917908462586
MH-003_2021_R130_C206,MH-003,2021,18.914612,73.498046,130,206,0,0,0.34731004678463734
MH-003_2021_R130_C207,MH-003,2021,18.914612,73.498315,130,207,0,0,0.3989275620773888
MH-003_2021_R130_C208,MH-003,2021,18.914612,73.498584,130,208,0,1,0.5739292178897236
MH-003_2021_R130_C215,MH-003,2021,18.914612,73.500471,130,215,0,1,0.5198777160593431
MH-003_2021_R130_C216,MH-003,2021,18.914612,73.50074,130,216,0,1,0.5618089648507126
MH-003_2021_R130_C217,MH-003,2021,18.914612,73.50101,130,217,0,0,0.4975501152645187
MH-003_2021_R130_C218,MH-003,2021,18.914612,73.501279,130,218,0,0,0.26189305841671245
MH-003_2021_R130_C224,MH-003,2021,18.914612,73.502896,130,224,0,0,0.280330062378498
MH-003_2021_R130_C225,MH-003,2021,18.914612,73.503166,130,225,0,0,0.2838610601798535
MH-003_2021_R130_C226,MH-003,2021,18.914612,73.503435,130,226,0,0,0.41358745635525135
MH-003_2021_R130_C227,MH-003,2021,18.914612,73.503705,130,227,0,0,0.3749329909964875
MH-003_2021_R130_C228,MH-003,2021,18.914612,73.503974,130,228,0,0,0.3702786567021074
MH-003_2021_R130_C229,MH-003,2021,18.914612,73.504244,130,229,0,0,0.48180872692005355
MH-003_2021_R130_C231,MH-003,2021,18.914612,73.504783,130,231,0,0,0.2753049611405844
MH-003_2021_R131_C203,MH-003,2021,18.914343,73.497237,131,203,0,1,0.5429353532524995
MH-003_2021_R131_C204,MH-003,2021,18.914343,73.497507,131,204,0,1,0.5229532716856243
MH-003_2021_R131_C205,MH-003,2021,18.914343,73.497776,131,205,0,0,0.40230895474659584
MH-003_2021_R131_C207,MH-003,2021,18.914343,73.498315,131,207,0,0,0.2899581058405955
MH-003_2021_R131_C208,MH-003,2021,18.914343,73.498584,131,208,0,0,0.4461892849545903
MH-003_2021_R131_C209,MH-003,2021,18.914343,73.498854,131,209,0,1,0.5863148744726185
MH-003_2021_R131_C210,MH-003,2021,18.914343,73.499123,131,210,0,0,0.4848352016746495
MH-003_2021_R131_C212,MH-003,2021,18.914343,73.499662,131,212,0,0,0.1621987785052571
MH-003_2021_R131_C214,MH-003,2021,18.914343,73.500201,131,214,0,0,0.2518182874451637
MH-003_2021_R131_C215,MH-003,2021,18.914343,73.500471,131,215,0,0,0.44414398433105234
MH-003_2021_R131_C216,MH-003,2021,18.914343,73.50074,131,216,0,1,0.5633732864350336
MH-003_2021_R131_C217,MH-003,2021,18.914343,73.50101,131,217,0,1,0.5313390538331372
MH-003_2021_R131_C218,MH-003,2021,18.914343,73.501279,131,218,0,0,0.4243475765581737
MH-003_2021_R131_C219,MH-003,2021,18.914343,73.501549,131,219,0,0,0.28079987381241367
MH-003_2021_R131_C220,MH-003,2021,18.914343,73.501818,131,220,0,0,0.48671491819273616
MH-003_2021_R131_C221,MH-003,2021,18.914343,73.502088,131,221,0,0,0.44678108006893213
MH-003_2021_R131_C222,MH-003,2021,18.914343,73.502357,131,222,0,0,0.31272384027621664
MH-003_2021_R131_C223,MH-003,2021,18.914343,73.502627,131,223,0,0,0.3596267401171033
MH-003_2021_R131_C224,MH-003,2021,18.914343,73.502896,131,224,0,0,0.35729655981484515
MH-003_2021_R131_C225,MH-003,2021,18.914343,73.503166,131,225,0,0,0.38214689207153996
MH-003_2021_R131_C226,MH-003,2021,18.914343,73.503435,131,226,0,0,0.3959395368572333
MH-003_2021_R131_C227,MH-003,2021,18.914343,73.503705,131,227,0,0,0.29826810496169887
MH-003_2021_R131_C228,MH-003,2021,18.914343,73.503974,131,228,0,0,0.2776369843724438
MH-003_2021_R131_C229,MH-003,2021,18.914343,73.504244,131,229,0,0,0.31136919262996876
MH-003_2021_R131_C230,MH-003,2021,18.914343,73.504513,131,230,0,0,0.1651450807558592
MH-003_2021_R132_C210,MH-003,2021,18.914073,73.499123,132,210,0,0,0.4645263657928963
MH-003_2021_R132_C211,MH-003,2021,18.914073,73.499393,132,211,0,0,0.3746658992718542
MH-003_2021_R132_C212,MH-003,2021,18.914073,73.499662,132,212,0,0,0.4680282488491064
MH-003_2021_R132_C214,MH-003,2021,18.914073,73.500201,132,214,0,0,0.43573655573806935
MH-003_2021_R132_C215,MH-003,2021,18.914073,73.500471,132,215,0,1,0.5732268027707044
MH-003_2021_R132_C216,MH-003,2021,18.914073,73.50074,132,216,0,0,0.41502406739772846
MH-003_2021_R132_C217,MH-003,2021,18.914073,73.50101,132,217,0,0,0.43856275724002536
MH-003_2021_R132_C218,MH-003,2021,18.914073,73.501279,132,218,0,0,0.4276295354550893
MH-003_2021_R132_C219,MH-003,2021,18.914073,73.501549,132,219,0,0,0.36695510893273686
MH-003_2021_R132_C220,MH-003,2021,18.914073,73.501818,132,220,0,0,0.49154681683638973
MH-003_2021_R132_C221,MH-003,2021,18.914073,73.502088,132,221,0,1,0.519440935528388
MH-003_2021_R132_C222,MH-003,2021,18.914073,73.502357,132,222,0,1,0.5439564660631642
MH-003_2021_R132_C223,MH-003,2021,18.914073,73.502627,132,223,0,0,0.35758444058932776
MH-003_2021_R132_C224,MH-003,2021,18.914073,73.502896,132,224,0,0,0.32821390915935744
MH-003_2021_R132_C231,MH-003,2021,18.914073,73.504783,132,231,0,0,0.2745811907027972
MH-003_2021_R133_C215,MH-003,2021,18.913804,73.500471,133,215,0,0,0.41991950409966466
MH-003_2021_R133_C216,MH-003,2021,18.913804,73.50074,133,216,0,0,0.2648412893139082
MH-003_2021_R133_C217,MH-003,2021,18.913804,73.50101,133,217,0,0,0.26193104937029615
MH-003_2021_R133_C218,MH-003,2021,18.913804,73.501279,133,218,0,0,0.3468230036204936
MH-003_2021_R133_C219,MH-003,2021,18.913804,73.501549,133,219,0,0,0.4833062841058677
MH-003_2021_R133_C220,MH-003,2021,18.913804,73.501818,133,220,0,1,0.5124164490407627
MH-003_2021_R133_C221,MH-003,2021,18.913804,73.502088,133,221,0,0,0.3584447843774754
MH-003_2021_R133_C222,MH-003,2021,18.913804,73.502357,133,222,0,0,0.39531902047389894
MH-003_2021_R133_C223,MH-003,2021,18.913804,73.502627,133,223,0,0,0.2514969311116316
MH-003_2021_R133_C224,MH-003,2021,18.913804,73.502896,133,224,0,0,0.20605362250183532
MH-003_2021_R134_C203,MH-003,2021,18.913534,73.497237,134,203,0,1,0.5020305793093802
MH-003_2021_R134_C215,MH-003,2021,18.913534,73.500471,134,215,0,0,0.2917374331215449
MH-003_2021_R134_C216,MH-003,2021,18.913534,73.50074,134,216,0,0,0.10079405295769961
MH-003_2021_R134_C217,MH-003,2021,18.913534,73.50101,134,217,0,0,0.17999991994202483
MH-003_2021_R134_C218,MH-003,2021,18.913534,73.501279,134,218,0,0,0.2571902128404493
MH-003_2021_R134_C219,MH-003,2021,18.913534,73.501549,134,219,0,0,0.3758553116090069
MH-003_2021_R134_C220,MH-003,2021,18.913534,73.501818,134,220,0,0,0.4259184937007266
MH-003_2021_R134_C221,MH-003,2021,18.913534,73.502088,134,221,0,0,0.36954817624542785
MH-003_2021_R134_C222,MH-003,2021,18.913534,73.502357,134,222,0,0,0.3425887514486225
MH-003_2021_R134_C223,MH-003,2021,18.913534,73.502627,134,223,0,0,0.22175073500766063
MH-003_2021_R134_C224,MH-003,2021,18.913534,73.502896,134,224,0,0,0.25551292682364946
MH-003_2021_R134_C225,MH-003,2021,18.913534,73.503166,134,225,0,1,0.5211136179169606
MH-003_2021_R135_C203,MH-003,2021,18.913265,73.497237,135,203,0,1,0.5448663659753067
MH-003_2021_R135_C215,MH-003,2021,18.913265,73.500471,135,215,0,0,0.20925380417247974
MH-003_2021_R135_C216,MH-003,2021,18.913265,73.50074,135,216,0,0,0.08160709815188923
MH-003_2021_R135_C217,MH-003,2021,18.913265,73.50101,135,217,0,0,0.2061524534981058
MH-003_2021_R135_C218,MH-003,2021,18.913265,73.501279,135,218,0,0,0.22501282668127826
MH-003_2021_R135_C219,MH-003,2021,18.913265,73.501549,135,219,0,0,0.24350344241328306
MH-003_2021_R135_C227,MH-003,2021,18.913265,73.503705,135,227,0,0,0.4874651139372455
MH-003_2021_R136_C203,MH-003,2021,18.912995,73.497237,136,203,0,1,0.5614308411192878
MH-003_2021_R136_C204,MH-003,2021,18.912995,73.497507,136,204,0,1,0.5739111157624166
MH-003_2021_R136_C216,MH-003,2021,18.912995,73.50074,136,216,0,0,0.23768222301101657
MH-003_2021_R136_C217,MH-003,2021,18.912995,73.50101,136,217,0,0,0.22838360199288407
MH-003_2021_R136_C218,MH-003,2021,18.912995,73.501279,136,218,0,0,0.22816952280723732
MH-003_2021_R136_C223,MH-003,2021,18.912995,73.502627,136,223,0,0,0.32313652755961086
MH-003_2021_R136_C226,MH-003,2021,18.912995,73.503435,136,226,0,1,0.5335698840223523
MH-003_2021_R136_C227,MH-003,2021,18.912995,73.503705,136,227,0,0,0.3722904822792841
MH-003_2021_R136_C228,MH-003,2021,18.912995,73.503974,136,228,0,0,0.2405713535814745
MH-003_2021_R137_C203,MH-003,2021,18.912726,73.497237,137,203,0,1,0.5416765408310037
MH-003_2021_R137_C204,MH-003,2021,18.912726,73.497507,137,204,0,1,0.5348162388939707
MH-003_2021_R137_C205,MH-003,2021,18.912726,73.497776,137,205,0,1,0.5262617402047938
MH-003_2021_R137_C216,MH-003,2021,18.912726,73.50074,137,216,0,0,0.2167176129418112
MH-003_2021_R137_C222,MH-003,2021,18.912726,73.502357,137,222,0,0,0.3038790588548561
MH-003_2021_R137_C223,MH-003,2021,18.912726,73.502627,137,223,0,0,0.22713484947447504
MH-003_2021_R137_C224,MH-003,2021,18.912726,73.502896,137,224,0,0,0.29218103314069543
MH-003_2021_R137_C225,MH-003,2021,18.912726,73.503166,137,225,0,0,0.2965246700366125
MH-003_2021_R137_C226,MH-003,2021,18.912726,73.503435,137,226,0,0,0.2818589908772439
MH-003_2021_R137_C227,MH-003,2021,18.912726,73.503705,137,227,0,0,0.2761499208733763
MH-003_2021_R138_C223,MH-003,2021,18.912456,73.502627,138,223,0,0,0.19321494747430817
MH-003_2021_R138_C224,MH-003,2021,18.912456,73.502896,138,224,0,0,0.19114932333873402
MH-003_2021_R138_C225,MH-003,2021,18.912456,73.503166,138,225,0,0,0.27279380504390194
MH-003_2021_R138_C226,MH-003,2021,18.912456,73.503435,138,226,0,0,0.2919335609747581
MH-003_2021_R138_C227,MH-003,2021,18.912456,73.503705,138,227,0,0,0.2466804814959435
MH-003_2021_R138_C228,MH-003,2021,18.912456,73.503974,138,228,0,0,0.26423080309759334
MH-003_2021_R139_C224,MH-003,2021,18.912187,73.502896,139,224,0,0,0.26332607862170426
MH-003_2021_R139_C226,MH-003,2021,18.912187,73.503435,139,226,0,0,0.34049383676427936
MH-003_2021_R139_C227,MH-003,2021,18.912187,73.503705,139,227,0,0,0.3155689301824405
MH-003_2021_R139_C228,MH-003,2021,18.912187,73.503974,139,228,0,0,0.40714027744026765
MH-003_2021_R141_C222,MH-003,2021,18.911648,73.502357,141,222,0,0,0.1647014731015152
MH-003_2021_R141_C224,MH-003,2021,18.911648,73.502896,141,224,0,0,0.1340439581604187
MH-003_2021_R141_C225,MH-003,2021,18.911648,73.503166,141,225,0,0,0.23597533380925872
MH-003_2021_R142_C223,MH-003,2021,18.911378,73.502627,142,223,0,0,0.1513467219415152
MH-003_2021_R142_C224,MH-003,2021,18.911378,73.502896,142,224,0,0,0.15869815698583142
MH-003_2021_R142_C225,MH-003,2021,18.911378,73.503166,142,225,0,0,0.18289833569327463
MH-003_2021_R142_C226,MH-003,2021,18.911378,73.503435,142,226,0,0,0.13441701867758404
MH-003_2021_R143_C222,MH-003,2021,18.911109,73.502357,143,222,0,0,0.25447434917990785
MH-003_2021_R143_C223,MH-003,2021,18.911109,73.502627,143,223,0,0,0.19171494118324417
MH-003_2021_R143_C224,MH-003,2021,18.911109,73.502896,143,224,0,0,0.2027404394153924
MH-003_2021_R143_C225,MH-003,2021,18.911109,73.503166,143,225,0,0,0.1581499316107271
MH-003_2021_R143_C228,MH-003,2021,18.911109,73.503974,143,228,0,0,0.2138066083874754
MH-003_2021_R144_C223,MH-003,2021,18.910839,73.502627,144,223,0,0,0.2997841338632661
MH-003_2021_R144_C224,MH-003,2021,18.910839,73.502896,144,224,0,0,0.3126049645340899
MH-003_2021_R144_C225,MH-003,2021,18.910839,73.503166,144,225,0,0,0.15106291061074298
MH-003_2021_R144_C227,MH-003,2021,18.910839,73.503705,144,227,0,0,0.2644969121193244
MH-003_2021_R144_C228,MH-003,2021,18.910839,73.503974,144,228,0,0,0.14387873547692737
MH-003_2021_R144_C229,MH-003,2021,18.910839,73.504244,144,229,0,0,0.20690572854276848
MH-003_2021_R144_C230,MH-003,2021,18.910839,73.504513,144,230,0,0,0.3293241931515222
MH-003_2021_R145_C223,MH-003,2021,18.91057,73.502627,145,223,0,0,0.20463607993307406
MH-003_2021_R145_C224,MH-003,2021,18.91057,73.502896,145,224,0,0,0.18389626957140853
MH-003_2021_R145_C226,MH-003,2021,18.91057,73.503435,145,226,0,0,0.2855125622349468
MH-003_2021_R145_C227,MH-003,2021,18.91057,73.503705,145,227,0,0,0.284119108487324
MH-003_2021_R146_C223,MH-003,2021,18.9103,73.502627,146,223,0,0,0.24847154629539958
MH-003_2021_R146_C224,MH-003,2021,18.9103,73.502896,146,224,0,0,0.2022395260417625
MH-003_2021_R146_C231,MH-003,2021,18.9103,73.504783,146,231,0,0,0.09714127888470322
MH-003_2021_R147_C223,MH-003,2021,18.910031,73.502627,147,223,0,0,0.2966011328442719
MH-003_2021_R147_C224,MH-003,2021,18.910031,73.502896,147,224,0,0,0.2217108164524318
MH-003_2021_R147_C229,MH-003,2021,18.910031,73.504244,147,229,0,0,0.18442348912243828
MH-003_2021_R148_C224,MH-003,2021,18.909761,73.502896,148,224,0,0,0.25147907414632287
MH-003_2021_R148_C226,MH-003,2021,18.909761,73.503435,148,226,0,0,0.24652988729517997
MH-003_2021_R148_C227,MH-003,2021,18.909761,73.503705,148,227,0,0,0.25439153467235015
MH-003_2021_R148_C228,MH-003,2021,18.909761,73.503974,148,228,0,0,0.1630446067193453
MH-003_2021_R148_C229,MH-003,2021,18.909761,73.504244,148,229,0,0,0.17946305250481756
MH-003_2021_R149_C221,MH-003,2021,18.909492,73.502088,149,221,0,0,0.394465669638738
MH-003_2021_R149_C222,MH-003,2021,18.909492,73.502357,149,222,0,0,0.39674135684883244
MH-003_2021_R149_C223,MH-003,2021,18.909492,73.502627,149,223,0,0,0.353995951511129
MH-003_2021_R149_C225,MH-003,2021,18.909492,73.503166,149,225,0,0,0.24168360664644387
MH-003_2021_R149_C226,MH-003,2021,18.909492,73.503435,149,226,0,0,0.40859794815253603
MH-003_2021_R149_C227,MH-003,2021,18.909492,73.503705,149,227,0,0,0.24549857529101884
MH-003_2021_R149_C228,MH-003,2021,18.909492,73.503974,149,228,0,0,0.16799197117062617
MH-003_2021_R149_C229,MH-003,2021,18.909492,73.504244,149,229,0,0,0.09935163269644631
MH-003_2021_R150_C220,MH-003,2021,18.909222,73.501818,150,220,0,0,0.3407397690833863
MH-003_2021_R150_C221,MH-003,2021,18.909222,73.502088,150,221,0,0,0.2852378764177215
MH-003_2021_R150_C222,MH-003,2021,18.909222,73.502357,150,222,0,0,0.2394640159710732
MH-003_2021_R150_C223,MH-003,2021,18.909222,73.502627,150,223,0,0,0.2163219880979198
MH-003_2021_R150_C226,MH-003,2021,18.909222,73.503435,150,226,0,0,0.20733529850170893
MH-003_2021_R150_C227,MH-003,2021,18.909222,73.503705,150,227,0,0,0.18553505567751966
MH-003_2021_R150_C228,MH-003,2021,18.909222,73.503974,150,228,0,0,0.17845099477171966
MH-003_2021_R151_C220,MH-003,2021,18.908953,73.501818,151,220,0,0,0.3354774219503393
MH-003_2021_R151_C221,MH-003,2021,18.908953,73.502088,151,221,0,0,0.268413478413905
MH-003_2021_R151_C222,MH-003,2021,18.908953,73.502357,151,222,0,0,0.2338709541160726
MH-003_2021_R152_C222,MH-003,2021,18.908683,73.502357,152,222,0,0,0.28411303433941276
MH-003_2021_R152_C226,MH-003,2021,18.908683,73.503435,152,226,0,0,0.27766118458028033
MH-003_2021_R152_C227,MH-003,2021,18.908683,73.503705,152,227,0,0,0.24388317238559984
MH-003_2021_R152_C228,MH-003,2021,18.908683,73.503974,152,228,0,0,0.27104426141990196
MH-003_2022_R128_C225,MH-003,2022,18.915151,73.503166,128,225,0,0,0.4072652417212069
MH-003_2022_R128_C229,MH-003,2022,18.915151,73.504244,128,229,0,1,0.6103750256836933
MH-003_2022_R128_C230,MH-003,2022,18.915151,73.504513,128,230,0,0,0.45697459588062
MH-003_2022_R128_C231,MH-003,2022,18.915151,73.504783,128,231,0,0,0.4665631180374687
MH-003_2022_R129_C224,MH-003,2022,18.914882,73.502896,129,224,0,0,0.37238862121904176
MH-003_2022_R129_C225,MH-003,2022,18.914882,73.503166,129,225,0,0,0.3406041826600505
MH-003_2022_R129_C226,MH-003,2022,18.914882,73.503435,129,226,0,0,0.3946743425141728
MH-003_2022_R129_C229,MH-003,2022,18.914882,73.504244,129,229,0,1,0.7247953224238204
MH-003_2022_R129_C230,MH-003,2022,18.914882,73.504513,129,230,0,0,0.4670629303980538
MH-003_2022_R129_C231,MH-003,2022,18.914882,73.504783,129,231,0,0,0.4505114031901563
MH-003_2022_R130_C203,MH-003,2022,18.914612,73.497237,130,203,0,1,0.6500568969981732
MH-003_2022_R130_C204,MH-003,2022,18.914612,73.497507,130,204,0,1,0.6313721700250162
MH-003_2022_R130_C205,MH-003,2022,18.914612,73.497776,130,205,0,1,0.6502599240346407
MH-003_2022_R130_C206,MH-003,2022,18.914612,73.498046,130,206,0,1,0.602762462772227
MH-003_2022_R130_C207,MH-003,2022,18.914612,73.498315,130,207,0,1,0.5530491946226238
MH-003_2022_R130_C208,MH-003,2022,18.914612,73.498584,130,208,0,1,0.5815017649920671
MH-003_2022_R130_C215,MH-003,2022,18.914612,73.500471,130,215,0,1,0.5826884111025783
MH-003_2022_R130_C216,MH-003,2022,18.914612,73.50074,130,216,0,1,0.5974767389424741
MH-003_2022_R130_C217,MH-003,2022,18.914612,73.50101,130,217,0,1,0.5600516503782342
MH-003_2022_R130_C218,MH-003,2022,18.914612,73.501279,130,218,0,1,0.5429811585568683
MH-003_2022_R130_C224,MH-003,2022,18.914612,73.502896,130,224,0,0,0.38438621646555937
MH-003_2022_R130_C225,MH-003,2022,18.914612,73.503166,130,225,0,0,0.3864488666547611
MH-003_2022_R130_C226,MH-003,2022,18.914612,73.503435,130,226,0,1,0.5155824634422922
MH-003_2022_R130_C227,MH-003,2022,18.914612,73.503705,130,227,0,1,0.5116811532259936
MH-003_2022_R130_C228,MH-003,2022,18.914612,73.503974,130,228,0,1,0.527212527317349
MH-003_2022_R130_C229,MH-003,2022,18.914612,73.504244,130,229,0,1,0.6972250010010494
MH-003_2022_R130_C230,MH-003,2022,18.914612,73.504513,130,230,0,0,0.4473778098363623
MH-003_2022_R130_C231,MH-003,2022,18.914612,73.504783,130,231,0,0,0.4396130761975883
MH-003_2022_R131_C203,MH-003,2022,18.914343,73.497237,131,203,0,1,0.7021454767084624
MH-003_2022_R131_C204,MH-003,2022,18.914343,73.497507,131,204,0,1,0.6828142882983619
MH-003_2022_R131_C205,MH-003,2022,18.914343,73.497776,131,205,0,1,0.672144509202287
MH-003_2022_R131_C206,MH-003,2022,18.914343,73.498046,131,206,0,1,0.5136651601321917
MH-003_2022_R131_C207,MH-003,2022,18.914343,73.498315,131,207,0,1,0.5207499569582563
MH-003_2022_R131_C208,MH-003,2022,18.914343,73.498584,131,208,0,1,0.5354174055250195
MH-003_2022_R131_C209,MH-003,2022,18.914343,73.498854,131,209,0,1,0.5392510154848897
MH-003_2022_R131_C210,MH-003,2022,18.914343,73.499123,131,210,0,1,0.6932411407880946
MH-003_2022_R131_C212,MH-003,2022,18.914343,73.499662,131,212,0,0,0.29285968313817945
MH-003_2022_R131_C213,MH-003,2022,18.914343,73.499932,131,213,0,0,0.4018856044188823
MH-003_2022_R131_C214,MH-003,2022,18.914343,73.500201,131,214,0,0,0.40531061965975584
MH-003_2022_R131_C215,MH-003,2022,18.914343,73.500471,131,215,0,1,0.522055852038083
MH-003_2022_R131_C216,MH-003,2022,18.914343,73.50074,131,216,0,1,0.641722675749238
MH-003_2022_R131_C217,MH-003,2022,18.914343,73.50101,131,217,0,1,0.6512291120489602
MH-003_2022_R131_C218,MH-003,2022,18.914343,73.501279,131,218,0,1,0.5315284599072432
MH-003_2022_R131_C219,MH-003,2022,18.914343,73.501549,131,219,0,0,0.4142241724681179
MH-003_2022_R131_C220,MH-003,2022,18.914343,73.501818,131,220,0,1,0.5989347314279487
MH-003_2022_R131_C221,MH-003,2022,18.914343,73.502088,131,221,0,1,0.5631920847227475
MH-003_2022_R131_C222,MH-003,2022,18.914343,73.502357,131,222,0,0,0.4571562549588801
MH-003_2022_R131_C223,MH-003,2022,18.914343,73.502627,131,223,0,0,0.4994928413410918
MH-003_2022_R131_C224,MH-003,2022,18.914343,73.502896,131,224,0,0,0.4257390901616172
MH-003_2022_R131_C225,MH-003,2022,18.914343,73.503166,131,225,0,0,0.4539265469262215
MH-003_2022_R131_C226,MH-003,2022,18.914343,73.503435,131,226,0,0,0.4557537739631395
MH-003_2022_R131_C227,MH-003,2022,18.914343,73.503705,131,227,0,0,0.484956524133879
MH-003_2022_R131_C228,MH-003,2022,18.914343,73.503974,131,228,0,0,0.43540049654164015
MH-003_2022_R131_C229,MH-003,2022,18.914343,73.504244,131,229,0,1,0.5317474282464438
MH-003_2022_R131_C230,MH-003,2022,18.914343,73.504513,131,230,0,0,0.3742455511710409
MH-003_2022_R131_C231,MH-003,2022,18.914343,73.504783,131,231,0,0,0.36948944090525
MH-003_2022_R132_C210,MH-003,2022,18.914073,73.499123,132,210,0,1,0.7701544330697332
MH-003_2022_R132_C211,MH-003,2022,18.914073,73.499393,132,211,0,0,0.42475616938526334
MH-003_2022_R132_C212,MH-003,2022,18.914073,73.499662,132,212,0,1,0.6708646480437105
MH-003_2022_R132_C213,MH-003,2022,18.914073,73.499932,132,213,0,1,0.5359301131489718
MH-003_2022_R132_C214,MH-003,2022,18.914073,73.500201,132,214,0,1,0.5724238696166988
MH-003_2022_R132_C215,MH-003,2022,18.914073,73.500471,132,215,0,1,0.6427753158827567
MH-003_2022_R132_C216,MH-003,2022,18.914073,73.50074,132,216,0,1,0.577954186649454
MH-003_2022_R132_C217,MH-003,2022,18.914073,73.50101,132,217,0,1,0.5336111381389056
MH-003_2022_R132_C218,MH-003,2022,18.914073,73.501279,132,218,0,1,0.5776456001385987
MH-003_2022_R132_C219,MH-003,2022,18.914073,73.501549,132,219,0,0,0.49200898703533064
MH-003_2022_R132_C220,MH-003,2022,18.914073,73.501818,132,220,0,1,0.6065229029208932
MH-003_2022_R132_C221,MH-003,2022,18.914073,73.502088,132,221,0,1,0.6385692837190057
MH-003_2022_R132_C222,MH-003,2022,18.914073,73.502357,132,222,0,1,0.6637952122305244
MH-003_2022_R132_C223,MH-003,2022,18.914073,73.502627,132,223,0,0,0.46197850447915406
MH-003_2022_R132_C224,MH-003,2022,18.914073,73.502896,132,224,0,0,0.4563844523921209
MH-003_2022_R132_C231,MH-003,2022,18.914073,73.504783,132,231,0,0,0.377110573647557
MH-003_2022_R133_C215,MH-003,2022,18.913804,73.500471,133,215,0,1,0.5211829645894338
MH-003_2022_R133_C216,MH-003,2022,18.913804,73.50074,133,216,0,0,0.3659553384753512
MH-003_2022_R133_C217,MH-003,2022,18.913804,73.50101,133,217,0,0,0.35876827256557337
MH-003_2022_R133_C218,MH-003,2022,18.913804,73.501279,133,218,0,1,0.531995167468672
MH-003_2022_R133_C219,MH-003,2022,18.913804,73.501549,133,219,0,1,0.6084921213637033
MH-003_2022_R133_C220,MH-003,2022,18.913804,73.501818,133,220,0,1,0.5812968850918938
MH-003_2022_R133_C221,MH-003,2022,18.913804,73.502088,133,221,0,1,0.544150424285963
MH-003_2022_R133_C222,MH-003,2022,18.913804,73.502357,133,222,0,1,0.5140748294906663
MH-003_2022_R133_C223,MH-003,2022,18.913804,73.502627,133,223,0,0,0.365039410557918
MH-003_2022_R133_C224,MH-003,2022,18.913804,73.502896,133,224,0,0,0.33545482763581774
MH-003_2022_R134_C203,MH-003,2022,18.913534,73.497237,134,203,0,0,0.4310258414851914
MH-003_2022_R134_C215,MH-003,2022,18.913534,73.500471,134,215,0,0,0.39451935272640903
MH-003_2022_R134_C216,MH-003,2022,18.913534,73.50074,134,216,0,0,0.10547980113771013
MH-003_2022_R134_C217,MH-003,2022,18.913534,73.50101,134,217,0,0,0.21239948290517222
MH-003_2022_R134_C218,MH-003,2022,18.913534,73.501279,134,218,0,0,0.3481617162675865
MH-003_2022_R134_C219,MH-003,2022,18.913534,73.501549,134,219,0,0,0.47167631730990334
MH-003_2022_R134_C220,MH-003,2022,18.913534,73.501818,134,220,0,1,0.5161879403068799
MH-003_2022_R134_C221,MH-003,2022,18.913534,73.502088,134,221,0,1,0.5044686259555006
MH-003_2022_R134_C222,MH-003,2022,18.913534,73.502357,134,222,0,0,0.4740242242673609
MH-003_2022_R134_C223,MH-003,2022,18.913534,73.502627,134,223,0,0,0.33843636626614104
MH-003_2022_R134_C224,MH-003,2022,18.913534,73.502896,134,224,0,0,0.3291644662568276
MH-003_2022_R134_C225,MH-003,2022,18.913534,73.503166,134,225,0,1,0.5443728394079447
MH-003_2022_R135_C203,MH-003,2022,18.913265,73.497237,135,203,0,0,0.29814835726212946
MH-003_2022_R135_C215,MH-003,2022,18.913265,73.500471,135,215,0,0,0.3423053349156456
MH-003_2022_R135_C216,MH-003,2022,18.913265,73.50074,135,216,0,0,0.278975103479266
MH-003_2022_R135_C217,MH-003,2022,18.913265,73.50101,135,217,0,0,0.28535829852550687
MH-003_2022_R135_C218,MH-003,2022,18.913265,73.501279,135,218,0,0,0.31359534573837344
MH-003_2022_R135_C219,MH-003,2022,18.913265,73.501549,135,219,0,0,0.3434788481734487
MH-003_2022_R135_C227,MH-003,2022,18.913265,73.503705,135,227,0,1,0.5573996029012959
MH-003_2022_R136_C216,MH-003,2022,18.912995,73.50074,136,216,0,0,0.31870780575753616
MH-003_2022_R136_C217,MH-003,2022,18.912995,73.50101,136,217,0,0,0.30685638622450007
MH-003_2022_R136_C218,MH-003,2022,18.912995,73.501279,136,218,0,0,0.2948404558977235
MH-003_2022_R136_C223,MH-003,2022,18.912995,73.502627,136,223,0,0,0.38750195977848456
MH-003_2022_R136_C226,MH-003,2022,18.912995,73.503435,136,226,0,1,0.5662825943172392
MH-003_2022_R136_C227,MH-003,2022,18.912995,73.503705,136,227,0,0,0.4228862671783779
MH-003_2022_R136_C228,MH-003,2022,18.912995,73.503974,136,228,0,0,0.3974767615907194
MH-003_2022_R137_C204,MH-003,2022,18.912726,73.497507,137,204,0,0,0.2334463540458821
MH-003_2022_R137_C216,MH-003,2022,18.912726,73.50074,137,216,0,0,0.3022891507777125
MH-003_2022_R137_C222,MH-003,2022,18.912726,73.502357,137,222,0,0,0.32840202712916583
MH-003_2022_R137_C223,MH-003,2022,18.912726,73.502627,137,223,0,0,0.3550768100889453
MH-003_2022_R137_C224,MH-003,2022,18.912726,73.502896,137,224,0,0,0.3760246605786128
MH-003_2022_R137_C225,MH-003,2022,18.912726,73.503166,137,225,0,0,0.3662131611476892
MH-003_2022_R137_C226,MH-003,2022,18.912726,73.503435,137,226,0,0,0.4127253058107736
MH-003_2022_R137_C227,MH-003,2022,18.912726,73.503705,137,227,0,0,0.385040308697099
MH-003_2022_R138_C223,MH-003,2022,18.912456,73.502627,138,223,0,0,0.32073191758699277
MH-003_2022_R138_C224,MH-003,2022,18.912456,73.502896,138,224,0,0,0.3520477629072077
MH-003_2022_R138_C225,MH-003,2022,18.912456,73.503166,138,225,0,0,0.35869623832815145
MH-003_2022_R138_C226,MH-003,2022,18.912456,73.503435,138,226,0,0,0.3983449225345517
MH-003_2022_R138_C227,MH-003,2022,18.912456,73.503705,138,227,0,0,0.3725186496252186
MH-003_2022_R138_C228,MH-003,2022,18.912456,73.503974,138,228,0,0,0.37667457502113805
MH-003_2022_R139_C223,MH-003,2022,18.912187,73.502627,139,223,0,0,0.46050197908555196
MH-003_2022_R139_C224,MH-003,2022,18.912187,73.502896,139,224,0,0,0.4355863199582042
MH-003_2022_R139_C226,MH-003,2022,18.912187,73.503435,139,226,0,0,0.4050493638296223
MH-003_2022_R139_C227,MH-003,2022,18.912187,73.503705,139,227,0,0,0.35019779988626976
MH-003_2022_R139_C228,MH-003,2022,18.912187,73.503974,139,228,0,0,0.48377894306188146
MH-003_2022_R140_C223,MH-003,2022,18.911917,73.502627,140,223,0,0,0.44781091703223597
MH-003_2022_R140_C224,MH-003,2022,18.911917,73.502896,140,224,0,1,0.501983716455159
MH-003_2022_R141_C222,MH-003,2022,18.911648,73.502357,141,222,0,0,0.2762936351674288
MH-003_2022_R141_C223,MH-003,2022,18.911648,73.502627,141,223,0,0,0.31647265726765716
MH-003_2022_R141_C224,MH-003,2022,18.911648,73.502896,141,224,0,0,0.33504576925999086
MH-003_2022_R141_C225,MH-003,2022,18.911648,73.503166,141,225,0,0,0.41556564587674727
MH-003_2022_R142_C223,MH-003,2022,18.911378,73.502627,142,223,0,0,0.33153986047104533
MH-003_2022_R142_C224,MH-003,2022,18.911378,73.502896,142,224,0,0,0.2774660597051772
MH-003_2022_R142_C225,MH-003,2022,18.911378,73.503166,142,225,0,0,0.3213092763595251
MH-003_2022_R142_C226,MH-003,2022,18.911378,73.503435,142,226,0,0,0.2794734538689382
MH-003_2022_R143_C222,MH-003,2022,18.911109,73.502357,143,222,0,0,0.345149207860571
MH-003_2022_R143_C223,MH-003,2022,18.911109,73.502627,143,223,0,0,0.32771914557241055
MH-003_2022_R143_C224,MH-003,2022,18.911109,73.502896,143,224,0,0,0.32987814404724836
MH-003_2022_R143_C225,MH-003,2022,18.911109,73.503166,143,225,0,0,0.23380982300698935
MH-003_2022_R143_C228,MH-003,2022,18.911109,73.503974,143,228,0,0,0.3528205043502778
MH-003_2022_R144_C223,MH-003,2022,18.910839,73.502627,144,223,0,0,0.38209574080325165
MH-003_2022_R144_C224,MH-003,2022,18.910839,73.502896,144,224,0,0,0.3485916202318148
MH-003_2022_R144_C226,MH-003,2022,18.910839,73.503435,144,226,0,0,0.3199147771089287
MH-003_2022_R144_C227,MH-003,2022,18.910839,73.503705,144,227,0,0,0.4414602889612408
MH-003_2022_R144_C229,MH-003,2022,18.910839,73.504244,144,229,0,0,0.28793536681521475
MH-003_2022_R144_C230,MH-003,2022,18.910839,73.504513,144,230,0,0,0.39051770473650843
MH-003_2022_R145_C223,MH-003,2022,18.91057,73.502627,145,223,0,0,0.2946550887273956
MH-003_2022_R145_C224,MH-003,2022,18.91057,73.502896,145,224,0,0,0.27196316515610147
MH-003_2022_R145_C225,MH-003,2022,18.91057,73.503166,145,225,0,0,0.3688121424125505
MH-003_2022_R145_C226,MH-003,2022,18.91057,73.503435,145,226,0,0,0.43046680059425246
MH-003_2022_R145_C227,MH-003,2022,18.91057,73.503705,145,227,0,0,0.46025780902332697
MH-003_2022_R145_C228,MH-003,2022,18.91057,73.503974,145,228,0,0,0.45618890867575834
MH-003_2022_R146_C223,MH-003,2022,18.9103,73.502627,146,223,0,0,0.29030414448862324
MH-003_2022_R146_C225,MH-003,2022,18.9103,73.503166,146,225,0,0,0.46594121955437034
MH-003_2022_R146_C226,MH-003,2022,18.9103,73.503435,146,226,0,1,0.5116320899699243
MH-003_2022_R146_C227,MH-003,2022,18.9103,73.503705,146,227,0,0,0.49147072594049973
MH-003_2022_R146_C228,MH-003,2022,18.9103,73.503974,146,228,0,1,0.5601708497257414
MH-003_2022_R146_C229,MH-003,2022,18.9103,73.504244,146,229,0,0,0.4884540763334449
MH-003_2022_R146_C230,MH-003,2022,18.9103,73.504513,146,230,0,0,0.3767546604519655
MH-003_2022_R147_C224,MH-003,2022,18.910031,73.502896,147,224,0,0,0.4662710615979164
MH-003_2022_R147_C225,MH-003,2022,18.910031,73.503166,147,225,0,1,0.5043208534836879
MH-003_2022_R147_C226,MH-003,2022,18.910031,73.503435,147,226,0,1,0.6078638134533331
MH-003_2022_R147_C227,MH-003,2022,18.910031,73.503705,147,227,0,1,0.6002342341712043
MH-003_2022_R147_C228,MH-003,2022,18.910031,73.503974,147,228,0,1,0.5983043454950701
MH-003_2022_R147_C229,MH-003,2022,18.910031,73.504244,147,229,0,1,0.631574160886089
MH-003_2022_R148_C224,MH-003,2022,18.909761,73.502896,148,224,0,1,0.5701723860075232
MH-003_2022_R148_C225,MH-003,2022,18.909761,73.503166,148,225,0,1,0.5500751351258777
MH-003_2022_R148_C226,MH-003,2022,18.909761,73.503435,148,226,0,1,0.6864563766727622
MH-003_2022_R148_C227,MH-003,2022,18.909761,73.503705,148,227,0,1,0.6456446579679851
MH-003_2022_R148_C228,MH-003,2022,18.909761,73.503974,148,228,0,1,0.7107581458562168
MH-003_2022_R148_C229,MH-003,2022,18.909761,73.504244,148,229,0,1,0.6284393621073404
MH-003_2022_R149_C221,MH-003,2022,18.909492,73.502088,149,221,0,0,0.3758550460622444
MH-003_2022_R149_C223,MH-003,2022,18.909492,73.502627,149,223,0,1,0.644621584785335
MH-003_2022_R149_C224,MH-003,2022,18.909492,73.502896,149,224,0,1,0.656317111011574
MH-003_2022_R149_C225,MH-003,2022,18.909492,73.503166,149,225,0,1,0.5435858374510038
MH-003_2022_R149_C226,MH-003,2022,18.909492,73.503435,149,226,0,1,0.7900054034604851
MH-003_2022_R149_C227,MH-003,2022,18.909492,73.503705,149,227,0,1,0.5038167614858315
MH-003_2022_R149_C228,MH-003,2022,18.909492,73.503974,149,228,0,0,0.4618490082210289
MH-003_2022_R149_C229,MH-003,2022,18.909492,73.504244,149,229,0,0,0.4249442623864654
MH-003_2022_R150_C221,MH-003,2022,18.909222,73.502088,150,221,0,0,0.2909214348603152
MH-003_2022_R150_C223,MH-003,2022,18.909222,73.502627,150,223,0,0,0.45942733126928326
MH-003_2022_R150_C224,MH-003,2022,18.909222,73.502896,150,224,0,1,0.5796348109515794
MH-003_2022_R150_C225,MH-003,2022,18.909222,73.503166,150,225,0,1,0.6325960202127963
MH-003_2022_R150_C226,MH-003,2022,18.909222,73.503435,150,226,0,1,0.7283322149194021
MH-003_2022_R151_C220,MH-003,2022,18.908953,73.501818,151,220,0,0,0.31985558131878405
MH-003_2022_R151_C221,MH-003,2022,18.908953,73.502088,151,221,0,0,0.2874065035097911
MH-003_2022_R151_C222,MH-003,2022,18.908953,73.502357,151,222,0,0,0.27519405714465345
MH-003_2022_R151_C224,MH-003,2022,18.908953,73.502896,151,224,0,1,0.5653613090958789
MH-003_2022_R151_C225,MH-003,2022,18.908953,73.503166,151,225,0,0,0.46906647612461466
MH-003_2022_R151_C227,MH-003,2022,18.908953,73.503705,151,227,0,0,0.2648744527353103
MH-003_2022_R151_C228,MH-003,2022,18.908953,73.503974,151,228,0,0,0.3093951953500964
MH-003_2022_R152_C222,MH-003,2022,18.908683,73.502357,152,222,0,0,0.394722180476033
MH-003_2022_R152_C226,MH-003,2022,18.908683,73.503435,152,226,0,0,0.37796763237407244
MH-003_2022_R152_C227,MH-003,2022,18.908683,73.503705,152,227,0,0,0.38496576338287336
MH-003_2022_R152_C228,MH-003,2022,18.908683,73.503974,152,228,0,0,0.4054733737541249
MH-003_2023_R128_C225,MH-003,2023,18.915151,73.503166,128,225,0,0,0.28941751390189224
MH-003_2023_R128_C229,MH-003,2023,18.915151,73.504244,128,229,0,1,0.5753158616739297
MH-003_2023_R128_C230,MH-003,2023,18.915151,73.504513,128,230,0,0,0.45111549901605735
MH-003_2023_R128_C231,MH-003,2023,18.915151,73.504783,128,231,0,0,0.3539771180672615
MH-003_2023_R129_C224,MH-003,2023,18.914882,73.502896,129,224,0,0,0.22065704988687507
MH-003_2023_R129_C225,MH-003,2023,18.914882,73.503166,129,225,0,0,0.2957905099907036
MH-003_2023_R129_C226,MH-003,2023,18.914882,73.503435,129,226,0,0,0.2840701849664982
MH-003_2023_R129_C229,MH-003,2023,18.914882,73.504244,129,229,0,1,0.634104152162524
MH-003_2023_R129_C230,MH-003,2023,18.914882,73.504513,129,230,0,0,0.36038496702839157
MH-003_2023_R129_C231,MH-003,2023,18.914882,73.504783,129,231,0,0,0.3605302637970688
MH-003_2023_R130_C203,MH-003,2023,18.914612,73.497237,130,203,0,1,0.615541173967657
MH-003_2023_R130_C204,MH-003,2023,18.914612,73.497507,130,204,0,0,0.440936109926679
MH-003_2023_R130_C205,MH-003,2023,18.914612,73.497776,130,205,0,1,0.5698853828180029
MH-003_2023_R130_C206,MH-003,2023,18.914612,73.498046,130,206,0,1,0.5157365942147617
MH-003_2023_R130_C215,MH-003,2023,18.914612,73.500471,130,215,0,1,0.5817175106729806
MH-003_2023_R130_C216,MH-003,2023,18.914612,73.50074,130,216,0,1,0.6371117045311122
MH-003_2023_R130_C217,MH-003,2023,18.914612,73.50101,130,217,0,1,0.5349272636962291
MH-003_2023_R130_C218,MH-003,2023,18.914612,73.501279,130,218,0,0,0.34020509657874487
MH-003_2023_R130_C224,MH-003,2023,18.914612,73.502896,130,224,0,0,0.3003581516564466
MH-003_2023_R130_C225,MH-003,2023,18.914612,73.503166,130,225,0,0,0.3344460943901621
MH-003_2023_R130_C226,MH-003,2023,18.914612,73.503435,130,226,0,0,0.45834784137829027
MH-003_2023_R130_C227,MH-003,2023,18.914612,73.503705,130,227,0,0,0.428025112292525
MH-003_2023_R130_C228,MH-003,2023,18.914612,73.503974,130,228,0,0,0.458021489346437
MH-003_2023_R130_C229,MH-003,2023,18.914612,73.504244,130,229,0,1,0.6137472463149424
MH-003_2023_R130_C230,MH-003,2023,18.914612,73.504513,130,230,0,0,0.3134738418013598
MH-003_2023_R130_C231,MH-003,2023,18.914612,73.504783,130,231,0,0,0.36285097388164445
MH-003_2023_R131_C203,MH-003,2023,18.914343,73.497237,131,203,0,1,0.606016744164366
MH-003_2023_R131_C204,MH-003,2023,18.914343,73.497507,131,204,0,1,0.6030435182528051
MH-003_2023_R131_C205,MH-003,2023,18.914343,73.497776,131,205,0,1,0.5912279133740747
MH-003_2023_R131_C206,MH-003,2023,18.914343,73.498046,131,206,0,0,0.3865466268338691
MH-003_2023_R131_C207,MH-003,2023,18.914343,73.498315,131,207,0,0,0.35482700235241244
MH-003_2023_R131_C208,MH-003,2023,18.914343,73.498584,131,208,0,1,0.505473423503951
MH-003_2023_R131_C209,MH-003,2023,18.914343,73.498854,131,209,0,1,0.6734116866255139
MH-003_2023_R131_C210,MH-003,2023,18.914343,73.499123,131,210,0,1,0.6300411234815968
MH-003_2023_R131_C212,MH-003,2023,18.914343,73.499662,131,212,0,0,0.20025194680518724
MH-003_2023_R131_C213,MH-003,2023,18.914343,73.499932,131,213,0,0,0.3677212967677284
MH-003_2023_R131_C214,MH-003,2023,18.914343,73.500201,131,214,0,1,0.5735461026367278
MH-003_2023_R131_C215,MH-003,2023,18.914343,73.500471,131,215,0,1,0.6432116566842064
MH-003_2023_R131_C216,MH-003,2023,18.914343,73.50074,131,216,0,1,0.599874096710889
MH-003_2023_R131_C219,MH-003,2023,18.914343,73.501549,131,219,0,0,0.388103603150425
MH-003_2023_R131_C220,MH-003,2023,18.914343,73.501818,131,220,0,0,0.49532289348494823
MH-003_2023_R131_C221,MH-003,2023,18.914343,73.502088,131,221,0,0,0.47139818297824326
MH-003_2023_R131_C222,MH-003,2023,18.914343,73.502357,131,222,0,0,0.43273480987590135
MH-003_2023_R131_C223,MH-003,2023,18.914343,73.502627,131,223,0,0,0.389579216243192
MH-003_2023_R131_C224,MH-003,2023,18.914343,73.502896,131,224,0,0,0.3782904296723545
MH-003_2023_R131_C225,MH-003,2023,18.914343,73.503166,131,225,0,0,0.4892608875536134
MH-003_2023_R131_C226,MH-003,2023,18.914343,73.503435,131,226,0,1,0.5330742642036845
MH-003_2023_R131_C227,MH-003,2023,18.914343,73.503705,131,227,0,0,0.3440137826654891
MH-003_2023_R131_C228,MH-003,2023,18.914343,73.503974,131,228,0,0,0.2606507140215269
MH-003_2023_R131_C229,MH-003,2023,18.914343,73.504244,131,229,0,0,0.3203470426338705
MH-003_2023_R131_C230,MH-003,2023,18.914343,73.504513,131,230,0,0,0.4117869138339601
MH-003_2023_R131_C231,MH-003,2023,18.914343,73.504783,131,231,0,0,0.40772984577173893
MH-003_2023_R132_C210,MH-003,2023,18.914073,73.499123,132,210,0,1,0.7348582254584936
MH-003_2023_R132_C211,MH-003,2023,18.914073,73.499393,132,211,0,0,0.36268329582172726
MH-003_2023_R132_C212,MH-003,2023,18.914073,73.499662,132,212,0,1,0.6412111417865923
MH-003_2023_R132_C213,MH-003,2023,18.914073,73.499932,132,213,0,0,0.44962009375144196
MH-003_2023_R132_C214,MH-003,2023,18.914073,73.500201,132,214,0,1,0.6983164238615513
MH-003_2023_R132_C215,MH-003,2023,18.914073,73.500471,132,215,0,1,0.7295633413105284
MH-003_2023_R132_C216,MH-003,2023,18.914073,73.50074,132,216,0,1,0.5723158985167278
MH-003_2023_R132_C217,MH-003,2023,18.914073,73.50101,132,217,0,1,0.5379562393232615
MH-003_2023_R132_C218,MH-003,2023,18.914073,73.501279,132,218,0,0,0.37624201120194256
MH-003_2023_R132_C219,MH-003,2023,18.914073,73.501549,132,219,0,0,0.47710250129067716
MH-003_2023_R132_C220,MH-003,2023,18.914073,73.501818,132,220,0,1,0.5835033707600767
MH-003_2023_R132_C221,MH-003,2023,18.914073,73.502088,132,221,0,1,0.5965700613292012
MH-003_2023_R132_C222,MH-003,2023,18.914073,73.502357,132,222,0,1,0.5768413770091191
MH-003_2023_R132_C223,MH-003,2023,18.914073,73.502627,132,223,0,0,0.37585326719091205
MH-003_2023_R132_C224,MH-003,2023,18.914073,73.502896,132,224,0,0,0.3823090915345653
MH-003_2023_R132_C230,MH-003,2023,18.914073,73.504513,132,230,0,0,0.47717765024071174
MH-003_2023_R132_C231,MH-003,2023,18.914073,73.504783,132,231,0,0,0.44849567406825513
MH-003_2023_R133_C215,MH-003,2023,18.913804,73.500471,133,215,0,1,0.5541280602060683
MH-003_2023_R133_C216,MH-003,2023,18.913804,73.50074,133,216,0,0,0.3051852211794985
MH-003_2023_R133_C217,MH-003,2023,18.913804,73.50101,133,217,0,0,0.3052291128025747
MH-003_2023_R133_C218,MH-003,2023,18.913804,73.501279,133,218,0,1,0.5079906765555636
MH-003_2023_R133_C219,MH-003,2023,18.913804,73.501549,133,219,0,1,0.6456976043372297
MH-003_2023_R133_C220,MH-003,2023,18.913804,73.501818,133,220,0,1,0.529342011590118
MH-003_2023_R133_C221,MH-003,2023,18.913804,73.502088,133,221,0,0,0.4866290961209442
MH-003_2023_R133_C222,MH-003,2023,18.913804,73.502357,133,222,0,0,0.40934851858045856
MH-003_2023_R133_C223,MH-003,2023,18.913804,73.502627,133,223,0,0,0.24495189310568102
MH-003_2023_R133_C224,MH-003,2023,18.913804,73.502896,133,224,0,0,0.2902414856006358
MH-003_2023_R134_C203,MH-003,2023,18.913534,73.497237,134,203,0,0,0.41446651764960124
MH-003_2023_R134_C215,MH-003,2023,18.913534,73.500471,134,215,0,0,0.45690532623774593
MH-003_2023_R134_C216,MH-003,2023,18.913534,73.50074,134,216,0,0,0.21832358548208206
MH-003_2023_R134_C217,MH-003,2023,18.913534,73.50101,134,217,0,0,0.16316598053409168
MH-003_2023_R134_C218,MH-003,2023,18.913534,73.501279,134,218,0,0,0.12584710524745604
MH-003_2023_R134_C219,MH-003,2023,18.913534,73.501549,134,219,0,0,0.3358643301762648
MH-003_2023_R134_C220,MH-003,2023,18.913534,73.501818,134,220,0,1,0.544868251808934
MH-003_2023_R134_C221,MH-003,2023,18.913534,73.502088,134,221,0,1,0.5232965955095328
MH-003_2023_R134_C222,MH-003,2023,18.913534,73.502357,134,222,0,0,0.4089497844523724
MH-003_2023_R134_C223,MH-003,2023,18.913534,73.502627,134,223,0,0,0.25992241666136084
MH-003_2023_R134_C224,MH-003,2023,18.913534,73.502896,134,224,0,0,0.27428630988924513
MH-003_2023_R134_C225,MH-003,2023,18.913534,73.503166,134,225,0,1,0.5841026986674147
MH-003_2023_R135_C203,MH-003,2023,18.913265,73.497237,135,203,0,0,0.29953409052610686
MH-003_2023_R135_C215,MH-003,2023,18.913265,73.500471,135,215,0,0,0.30151939044700937
MH-003_2023_R135_C216,MH-003,2023,18.913265,73.50074,135,216,0,0,0.19891772344705363
MH-003_2023_R135_C217,MH-003,2023,18.913265,73.50101,135,217,0,0,0.16636712364932182
MH-003_2023_R135_C218,MH-003,2023,18.913265,73.501279,135,218,0,0,0.16666751281964823
MH-003_2023_R135_C219,MH-003,2023,18.913265,73.501549,135,219,0,0,0.2385063143880174
MH-003_2023_R135_C227,MH-003,2023,18.913265,73.503705,135,227,0,1,0.6090208195331902
MH-003_2023_R136_C203,MH-003,2023,18.912995,73.497237,136,203,0,0,0.31741394894511316
MH-003_2023_R136_C204,MH-003,2023,18.912995,73.497507,136,204,0,0,0.26188464974687614
MH-003_2023_R136_C216,MH-003,2023,18.912995,73.50074,136,216,0,0,0.22325801397381503
MH-003_2023_R136_C217,MH-003,2023,18.912995,73.50101,136,217,0,0,0.17025915668496472
MH-003_2023_R136_C218,MH-003,2023,18.912995,73.501279,136,218,0,0,0.16007039400699893
MH-003_2023_R136_C223,MH-003,2023,18.912995,73.502627,136,223,0,0,0.3373293170493068
MH-003_2023_R136_C226,MH-003,2023,18.912995,73.503435,136,226,0,1,0.6392938169978962
MH-003_2023_R136_C227,MH-003,2023,18.912995,73.503705,136,227,0,0,0.4826106033370271
MH-003_2023_R136_C228,MH-003,2023,18.912995,73.503974,136,228,0,0,0.3949509323562531
MH-003_2023_R137_C203,MH-003,2023,18.912726,73.497237,137,203,0,0,0.45524909678302505
MH-003_2023_R137_C204,MH-003,2023,18.912726,73.497507,137,204,0,0,0.2366117134812125
MH-003_2023_R137_C205,MH-003,2023,18.912726,73.497776,137,205,0,0,0.34596714416368396
MH-003_2023_R137_C216,MH-003,2023,18.912726,73.50074,137,216,0,0,0.1888419817619663
MH-003_2023_R137_C222,MH-003,2023,18.912726,73.502357,137,222,0,0,0.21751891979396218
MH-003_2023_R137_C223,MH-003,2023,18.912726,73.502627,137,223,0,0,0.2630516543781805
MH-003_2023_R137_C224,MH-003,2023,18.912726,73.502896,137,224,0,0,0.44289801945906715
MH-003_2023_R137_C225,MH-003,2023,18.912726,73.503166,137,225,0,1,0.5219321292808108
MH-003_2023_R137_C226,MH-003,2023,18.912726,73.503435,137,226,0,0,0.47779846835669937
MH-003_2023_R137_C227,MH-003,2023,18.912726,73.503705,137,227,0,1,0.5073104279675109
MH-003_2023_R138_C223,MH-003,2023,18.912456,73.502627,138,223,0,0,0.25931558389741904
MH-003_2023_R138_C224,MH-003,2023,18.912456,73.502896,138,224,0,0,0.34748718590108923
MH-003_2023_R138_C225,MH-003,2023,18.912456,73.503166,138,225,0,0,0.4643388602685273
MH-003_2023_R138_C226,MH-003,2023,18.912456,73.503435,138,226,0,0,0.4539967904022802
MH-003_2023_R138_C227,MH-003,2023,18.912456,73.503705,138,227,0,0,0.39949530651469095
MH-003_2023_R138_C228,MH-003,2023,18.912456,73.503974,138,228,0,0,0.49726648937891027
MH-003_2023_R139_C224,MH-003,2023,18.912187,73.502896,139,224,0,0,0.3491408195298967
MH-003_2023_R139_C226,MH-003,2023,18.912187,73.503435,139,226,0,0,0.4377861748130141
MH-003_2023_R139_C227,MH-003,2023,18.912187,73.503705,139,227,0,0,0.42395182974721546
MH-003_2023_R139_C228,MH-003,2023,18.912187,73.503974,139,228,0,0,0.48679534933693935
MH-003_2023_R141_C222,MH-003,2023,18.911648,73.502357,141,222,0,0,0.15531660557489613
MH-003_2023_R141_C224,MH-003,2023,18.911648,73.502896,141,224,0,0,0.1262842565233524
MH-003_2023_R141_C225,MH-003,2023,18.911648,73.503166,141,225,0,0,0.2454651769809245
MH-003_2023_R142_C224,MH-003,2023,18.911378,73.502896,142,224,0,0,0.13901877987449146
MH-003_2023_R142_C225,MH-003,2023,18.911378,73.503166,142,225,0,0,0.1550326144639746
MH-003_2023_R142_C226,MH-003,2023,18.911378,73.503435,142,226,0,0,0.1673605937417771
MH-003_2023_R143_C223,MH-003,2023,18.911109,73.502627,143,223,0,0,0.14136409600348962
MH-003_2023_R143_C224,MH-003,2023,18.911109,73.502896,143,224,0,0,0.1979752582923128
MH-003_2023_R143_C225,MH-003,2023,18.911109,73.503166,143,225,0,0,0.11846013639236071
MH-003_2023_R143_C226,MH-003,2023,18.911109,73.503435,143,226,0,0,0.09842132318416197
MH-003_2023_R143_C228,MH-003,2023,18.911109,73.503974,143,228,0,0,0.22772012742162986
MH-003_2023_R144_C223,MH-003,2023,18.910839,73.502627,144,223,0,0,0.23074943949694693
MH-003_2023_R144_C224,MH-003,2023,18.910839,73.502896,144,224,0,0,0.25032489276960446
MH-003_2023_R145_C226,MH-003,2023,18.91057,73.503435,145,226,0,0,0.08115341113204443
MH-003_2023_R145_C227,MH-003,2023,18.91057,73.503705,145,227,0,0,0.0759259181011669
MH-003_2023_R145_C228,MH-003,2023,18.91057,73.503974,145,228,0,0,0.07851121117097254
MH-003_2023_R145_C229,MH-003,2023,18.91057,73.504244,145,229,0,0,0.08211775546273498
MH-003_2023_R145_C230,MH-003,2023,18.91057,73.504513,145,230,0,0,0.0917307761021686
MH-003_2023_R146_C223,MH-003,2023,18.9103,73.502627,146,223,0,0,0.3772108427189702
MH-003_2023_R146_C228,MH-003,2023,18.9103,73.503974,146,228,0,0,0.09889356999080198
MH-003_2023_R146_C229,MH-003,2023,18.9103,73.504244,146,229,0,0,0.12274037095869281
MH-003_2023_R146_C230,MH-003,2023,18.9103,73.504513,146,230,0,0,0.09919545319447626
MH-003_2023_R146_C231,MH-003,2023,18.9103,73.504783,146,231,0,0,0.1236988421354107
MH-003_2023_R147_C223,MH-003,2023,18.910031,73.502627,147,223,0,0,0.49204934961839847
MH-003_2023_R147_C226,MH-003,2023,18.910031,73.503435,147,226,0,0,0.3567891731464742
MH-003_2023_R147_C227,MH-003,2023,18.910031,73.503705,147,227,0,0,0.376738506200155
MH-003_2023_R147_C229,MH-003,2023,18.910031,73.504244,147,229,0,0,0.16007620347523055
MH-003_2023_R148_C224,MH-003,2023,18.909761,73.502896,148,224,0,1,0.5002540426110815
MH-003_2023_R148_C225,MH-003,2023,18.909761,73.503166,148,225,0,0,0.3856962025038427
MH-003_2023_R148_C226,MH-003,2023,18.909761,73.503435,148,226,0,0,0.40654042023543396
MH-003_2023_R148_C227,MH-003,2023,18.909761,73.503705,148,227,0,0,0.4428327364804607
MH-003_2023_R148_C229,MH-003,2023,18.909761,73.504244,148,229,0,0,0.1676769411004319
MH-003_2023_R149_C222,MH-003,2023,18.909492,73.502357,149,222,0,1,0.5782916481614022
MH-003_2023_R149_C223,MH-003,2023,18.909492,73.502627,149,223,0,1,0.6236680986686735
MH-003_2023_R149_C224,MH-003,2023,18.909492,73.502896,149,224,0,1,0.558023233599871
MH-003_2023_R149_C225,MH-003,2023,18.909492,73.503166,149,225,0,0,0.35046338999830623
MH-003_2023_R149_C226,MH-003,2023,18.909492,73.503435,149,226,0,0,0.45885136541350885
MH-003_2023_R149_C228,MH-003,2023,18.909492,73.503974,149,228,0,0,0.08046260239063052
MH-003_2023_R149_C229,MH-003,2023,18.909492,73.504244,149,229,0,0,0.08440803329472726
MH-003_2023_R150_C220,MH-003,2023,18.909222,73.501818,150,220,0,0,0.235317252594565
MH-003_2023_R150_C221,MH-003,2023,18.909222,73.502088,150,221,0,0,0.09644706318680564
MH-003_2023_R150_C225,MH-003,2023,18.909222,73.503166,150,225,0,0,0.14552090066188558
MH-003_2023_R150_C226,MH-003,2023,18.909222,73.503435,150,226,0,0,0.14386201390751657
MH-003_2023_R150_C227,MH-003,2023,18.909222,73.503705,150,227,0,0,0.08881069626147525
MH-003_2023_R150_C228,MH-003,2023,18.909222,73.503974,150,228,0,0,0.08083394143266498
MH-003_2023_R151_C220,MH-003,2023,18.908953,73.501818,151,220,0,0,0.20590839804885055
MH-003_2023_R151_C221,MH-003,2023,18.908953,73.502088,151,221,0,0,0.13782326390482236
MH-003_2023_R151_C222,MH-003,2023,18.908953,73.502357,151,222,0,0,0.12070541215762627
MH-003_2023_R151_C223,MH-003,2023,18.908953,73.502627,151,223,0,0,0.11058257805929397
MH-003_2023_R151_C224,MH-003,2023,18.908953,73.502896,151,224,0,0,0.16268445203958679
MH-003_2023_R151_C225,MH-003,2023,18.908953,73.503166,151,225,0,0,0.1302397255310284
MH-003_2023_R151_C226,MH-003,2023,18.908953,73.503435,151,226,0,0,0.15005917290760223
MH-003_2023_R151_C227,MH-003,2023,18.908953,73.503705,151,227,0,0,0.10447106989061639
MH-003_2023_R151_C228,MH-003,2023,18.908953,73.503974,151,228,0,0,0.12835580874632127
MH-003_2023_R152_C222,MH-003,2023,18.908683,73.502357,152,222,0,0,0.20759747181711516
MH-003_2023_R152_C226,MH-003,2023,18.908683,73.503435,152,226,0,0,0.21993904724951488
MH-003_2023_R152_C227,MH-003,2023,18.908683,73.503705,152,227,0,0,0.12749304674434397
MH-003_2023_R152_C228,MH-003,2023,18.908683,73.503974,152,228,0,0,0.1571539240503677
MH-003_2024_R128_C229,MH-003,2024,18.915151,73.504244,128,229,0,1,0.5125747989262581
MH-003_2024_R128_C230,MH-003,2024,18.915151,73.504513,128,230,0,0,0.42959296369559163
MH-003_2024_R128_C231,MH-003,2024,18.915151,73.504783,128,231,0,0,0.33462856209323205
MH-003_2024_R129_C203,MH-003,2024,18.914882,73.497237,129,203,0,1,0.6109691505532373
MH-003_2024_R129_C204,MH-003,2024,18.914882,73.497507,129,204,0,1,0.6273100502664025
MH-003_2024_R129_C205,MH-003,2024,18.914882,73.497776,129,205,0,1,0.6269139605129644
MH-003_2024_R129_C224,MH-003,2024,18.914882,73.502896,129,224,0,0,0.2840512713169839
MH-003_2024_R129_C225,MH-003,2024,18.914882,73.503166,129,225,0,0,0.2990401782940327
MH-003_2024_R129_C226,MH-003,2024,18.914882,73.503435,129,226,0,0,0.2881205299715845
MH-003_2024_R129_C229,MH-003,2024,18.914882,73.504244,129,229,0,1,0.5622083416314388
MH-003_2024_R129_C230,MH-003,2024,18.914882,73.504513,129,230,0,0,0.3033462877733472
MH-003_2024_R129_C231,MH-003,2024,18.914882,73.504783,129,231,0,0,0.26258694304559027
MH-003_2024_R130_C206,MH-003,2024,18.914612,73.498046,130,206,0,1,0.5112752518674581
MH-003_2024_R130_C207,MH-003,2024,18.914612,73.498315,130,207,0,0,0.49803882945397226
MH-003_2024_R130_C208,MH-003,2024,18.914612,73.498584,130,208,0,0,0.3978829856404046
MH-003_2024_R130_C215,MH-003,2024,18.914612,73.500471,130,215,0,1,0.5600286441703742
MH-003_2024_R130_C216,MH-003,2024,18.914612,73.50074,130,216,0,1,0.6158728844293213
MH-003_2024_R130_C217,MH-003,2024,18.914612,73.50101,130,217,0,1,0.525419113842854
MH-003_2024_R130_C218,MH-003,2024,18.914612,73.501279,130,218,0,0,0.3339457799850119
MH-003_2024_R130_C224,MH-003,2024,18.914612,73.502896,130,224,0,0,0.38642098075497155
MH-003_2024_R130_C225,MH-003,2024,18.914612,73.503166,130,225,0,0,0.3482823383845299
MH-003_2024_R130_C226,MH-003,2024,18.914612,73.503435,130,226,0,0,0.48579950267699334
MH-003_2024_R130_C227,MH-003,2024,18.914612,73.503705,130,227,0,0,0.41008069459964774
MH-003_2024_R130_C228,MH-003,2024,18.914612,73.503974,130,228,0,0,0.42622816584441675
MH-003_2024_R130_C229,MH-003,2024,18.914612,73.504244,130,229,0,1,0.5395626097124913
MH-003_2024_R130_C230,MH-003,2024,18.914612,73.504513,130,230,0,0,0.27536932738488545
MH-003_2024_R130_C231,MH-003,2024,18.914612,73.504783,130,231,0,0,0.29525272911658523
MH-003_2024_R131_C203,MH-003,2024,18.914343,73.497237,131,203,0,1,0.6846756069756421
MH-003_2024_R131_C204,MH-003,2024,18.914343,73.497507,131,204,0,1,0.5460921832945838
MH-003_2024_R131_C205,MH-003,2024,18.914343,73.497776,131,205,0,1,0.6469837212145528
MH-003_2024_R131_C206,MH-003,2024,18.914343,73.498046,131,206,0,0,0.41444118311265676
MH-003_2024_R131_C207,MH-003,2024,18.914343,73.498315,131,207,0,0,0.455466932855951
MH-003_2024_R131_C208,MH-003,2024,18.914343,73.498584,131,208,0,0,0.4442813148156987
MH-003_2024_R131_C209,MH-003,2024,18.914343,73.498854,131,209,0,1,0.541459442074351
MH-003_2024_R131_C212,MH-003,2024,18.914343,73.499662,131,212,0,0,0.2578642277181031
MH-003_2024_R131_C213,MH-003,2024,18.914343,73.499932,131,213,0,0,0.46122507227892307
MH-003_2024_R131_C214,MH-003,2024,18.914343,73.500201,131,214,0,1,0.5058835159852992
MH-003_2024_R131_C215,MH-003,2024,18.914343,73.500471,131,215,0,1,0.5300004367274868
MH-003_2024_R131_C216,MH-003,2024,18.914343,73.50074,131,216,0,1,0.6659526895656682
MH-003_2024_R131_C217,MH-003,2024,18.914343,73.50101,131,217,0,1,0.7318534805556267
MH-003_2024_R131_C218,MH-003,2024,18.914343,73.501279,131,218,0,1,0.5638247303477693
MH-003_2024_R131_C219,MH-003,2024,18.914343,73.501549,131,219,0,0,0.3938171367298047
MH-003_2024_R131_C220,MH-003,2024,18.914343,73.501818,131,220,0,1,0.516362205401454
MH-003_2024_R131_C221,MH-003,2024,18.914343,73.502088,131,221,0,0,0.3826660867708273
MH-003_2024_R131_C222,MH-003,2024,18.914343,73.502357,131,222,0,0,0.36646132887641386
MH-003_2024_R131_C223,MH-003,2024,18.914343,73.502627,131,223,0,1,0.5509330003469307
MH-003_2024_R131_C224,MH-003,2024,18.914343,73.502896,131,224,0,0,0.4789028512847357
MH-003_2024_R131_C225,MH-003,2024,18.914343,73.503166,131,225,0,0,0.4947865816916758
MH-003_2024_R131_C226,MH-003,2024,18.914343,73.503435,131,226,0,1,0.5119767588292602
MH-003_2024_R131_C227,MH-003,2024,18.914343,73.503705,131,227,0,0,0.36407496085433916
MH-003_2024_R131_C228,MH-003,2024,18.914343,73.503974,131,228,0,0,0.38848939838154223
MH-003_2024_R131_C229,MH-003,2024,18.914343,73.504244,131,229,0,0,0.4479348419285164
MH-003_2024_R131_C230,MH-003,2024,18.914343,73.504513,131,230,0,0,0.40738479509588355
MH-003_2024_R131_C231,MH-003,2024,18.914343,73.504783,131,231,0,0,0.4067603769634074
MH-003_2024_R132_C212,MH-003,2024,18.914073,73.499662,132,212,0,1,0.612532982523213
MH-003_2024_R132_C213,MH-003,2024,18.914073,73.499932,132,213,0,1,0.5826747684347952
MH-003_2024_R132_C214,MH-003,2024,18.914073,73.500201,132,214,0,1,0.6017681886059829
MH-003_2024_R132_C215,MH-003,2024,18.914073,73.500471,132,215,0,1,0.6390463406544932
MH-003_2024_R132_C216,MH-003,2024,18.914073,73.50074,132,216,0,1,0.5476255046706435
MH-003_2024_R132_C217,MH-003,2024,18.914073,73.50101,132,217,0,0,0.49833728279032763
MH-003_2024_R132_C218,MH-003,2024,18.914073,73.501279,132,218,0,1,0.6241937349679345
MH-003_2024_R132_C219,MH-003,2024,18.914073,73.501549,132,219,0,0,0.4720627161247305
MH-003_2024_R132_C220,MH-003,2024,18.914073,73.501818,132,220,0,0,0.47086201821614027
MH-003_2024_R132_C221,MH-003,2024,18.914073,73.502088,132,221,0,0,0.38553092489949964
MH-003_2024_R132_C222,MH-003,2024,18.914073,73.502357,132,222,0,0,0.41327041234609097
MH-003_2024_R132_C223,MH-003,2024,18.914073,73.502627,132,223,0,0,0.4246596707677358
MH-003_2024_R132_C224,MH-003,2024,18.914073,73.502896,132,224,0,0,0.4230764515823831
MH-003_2024_R132_C230,MH-003,2024,18.914073,73.504513,132,230,0,0,0.463066578988713
MH-003_2024_R132_C231,MH-003,2024,18.914073,73.504783,132,231,0,0,0.44744669079907606
MH-003_2024_R133_C215,MH-003,2024,18.913804,73.500471,133,215,0,0,0.4812151520527918
MH-003_2024_R133_C216,MH-003,2024,18.913804,73.50074,133,216,0,0,0.3219554586895563
MH-003_2024_R133_C217,MH-003,2024,18.913804,73.50101,133,217,0,0,0.3203932855239255
MH-003_2024_R133_C218,MH-003,2024,18.913804,73.501279,133,218,0,0,0.49093974469300533
MH-003_2024_R133_C219,MH-003,2024,18.913804,73.501549,133,219,0,1,0.6573057507377865
MH-003_2024_R133_C220,MH-003,2024,18.913804,73.501818,133,220,0,0,0.48973425360337863
MH-003_2024_R133_C221,MH-003,2024,18.913804,73.502088,133,221,0,0,0.41959828471570504
MH-003_2024_R133_C222,MH-003,2024,18.913804,73.502357,133,222,0,0,0.37588102188411016
MH-003_2024_R133_C223,MH-003,2024,18.913804,73.502627,133,223,0,0,0.23375977477137141
MH-003_2024_R133_C224,MH-003,2024,18.913804,73.502896,133,224,0,0,0.2992540580959339
MH-003_2024_R134_C203,MH-003,2024,18.913534,73.497237,134,203,0,0,0.39311584078991807
MH-003_2024_R134_C215,MH-003,2024,18.913534,73.500471,134,215,0,0,0.35567357718644327
MH-003_2024_R134_C216,MH-003,2024,18.913534,73.50074,134,216,0,0,0.2330561571626788
MH-003_2024_R134_C217,MH-003,2024,18.913534,73.50101,134,217,0,0,0.19950644653840655
MH-003_2024_R134_C218,MH-003,2024,18.913534,73.501279,134,218,0,0,0.10235661830899519
MH-003_2024_R134_C219,MH-003,2024,18.913534,73.501549,134,219,0,0,0.3979030632681197
MH-003_2024_R134_C220,MH-003,2024,18.913534,73.501818,134,220,0,0,0.4851878381923171
MH-003_2024_R134_C221,MH-003,2024,18.913534,73.502088,134,221,0,0,0.45433222084832237
MH-003_2024_R134_C222,MH-003,2024,18.913534,73.502357,134,222,0,0,0.3517472903050809
MH-003_2024_R134_C223,MH-003,2024,18.913534,73.502627,134,223,0,0,0.1986405104343146
MH-003_2024_R134_C224,MH-003,2024,18.913534,73.502896,134,224,0,0,0.28662852958099627
MH-003_2024_R134_C225,MH-003,2024,18.913534,73.503166,134,225,0,1,0.560136867493025
MH-003_2024_R135_C203,MH-003,2024,18.913265,73.497237,135,203,0,0,0.3526778745840851
MH-003_2024_R135_C215,MH-003,2024,18.913265,73.500471,135,215,0,0,0.2967284117546666
MH-003_2024_R135_C216,MH-003,2024,18.913265,73.50074,135,216,0,0,0.29071722987247195
MH-003_2024_R135_C217,MH-003,2024,18.913265,73.50101,135,217,0,0,0.32421600644068366
MH-003_2024_R135_C218,MH-003,2024,18.913265,73.501279,135,218,0,0,0.2603687302149343
MH-003_2024_R135_C219,MH-003,2024,18.913265,73.501549,135,219,0,0,0.28263158378105385
MH-003_2024_R135_C227,MH-003,2024,18.913265,73.503705,135,227,0,1,0.5811707404425634
MH-003_2024_R136_C203,MH-003,2024,18.912995,73.497237,136,203,0,0,0.4176707663607655
MH-003_2024_R136_C204,MH-003,2024,18.912995,73.497507,136,204,0,0,0.26712035692448327
MH-003_2024_R136_C216,MH-003,2024,18.912995,73.50074,136,216,0,0,0.3664997878454263
MH-003_2024_R136_C217,MH-003,2024,18.912995,73.50101,136,217,0,0,0.33973574780325483
MH-003_2024_R136_C218,MH-003,2024,18.912995,73.501279,136,218,0,0,0.284033219031292
MH-003_2024_R136_C223,MH-003,2024,18.912995,73.502627,136,223,0,0,0.41336071349505166
MH-003_2024_R136_C226,MH-003,2024,18.912995,73.503435,136,226,0,1,0.5678320737905705
MH-003_2024_R136_C227,MH-003,2024,18.912995,73.503705,136,227,0,0,0.44271831401229544
MH-003_2024_R136_C228,MH-003,2024,18.912995,73.503974,136,228,0,0,0.40673183910785926
MH-003_2024_R137_C203,MH-003,2024,18.912726,73.497237,137,203,0,0,0.4993249805736328
MH-003_2024_R137_C205,MH-003,2024,18.912726,73.497776,137,205,0,0,0.30816370301545304
MH-003_2024_R137_C216,MH-003,2024,18.912726,73.50074,137,216,0,0,0.2859368839124468
MH-003_2024_R137_C222,MH-003,2024,18.912726,73.502357,137,222,0,0,0.295612600134246
MH-003_2024_R137_C223,MH-003,2024,18.912726,73.502627,137,223,0,0,0.2256949029972216
MH-003_2024_R137_C224,MH-003,2024,18.912726,73.502896,137,224,0,0,0.33066131835811374
MH-003_2024_R137_C225,MH-003,2024,18.912726,73.503166,137,225,0,0,0.4142856555925084
MH-003_2024_R137_C226,MH-003,2024,18.912726,73.503435,137,226,0,0,0.3408931519603533
MH-003_2024_R137_C227,MH-003,2024,18.912726,73.503705,137,227,0,0,0.36650651943045714
MH-003_2024_R138_C223,MH-003,2024,18.912456,73.502627,138,223,0,0,0.22767275387581642
MH-003_2024_R138_C224,MH-003,2024,18.912456,73.502896,138,224,0,0,0.26846877364097493
MH-003_2024_R138_C225,MH-003,2024,18.912456,73.503166,138,225,0,0,0.3672395810958349
MH-003_2024_R138_C226,MH-003,2024,18.912456,73.503435,138,226,0,0,0.36973649021848054
MH-003_2024_R138_C227,MH-003,2024,18.912456,73.503705,138,227,0,0,0.3212460930308897
MH-003_2024_R138_C228,MH-003,2024,18.912456,73.503974,138,228,0,0,0.37476853527792886
MH-003_2024_R139_C223,MH-003,2024,18.912187,73.502627,139,223,0,0,0.3335772286489118
MH-003_2024_R139_C224,MH-003,2024,18.912187,73.502896,139,224,0,0,0.43320915523048137
MH-003_2024_R139_C226,MH-003,2024,18.912187,73.503435,139,226,0,0,0.43015735334666166
MH-003_2024_R139_C227,MH-003,2024,18.912187,73.503705,139,227,0,0,0.35490955442995153
MH-003_2024_R139_C228,MH-003,2024,18.912187,73.503974,139,228,0,0,0.3983325118420573
MH-003_2024_R140_C223,MH-003,2024,18.911917,73.502627,140,223,0,0,0.33978827487998625
MH-003_2024_R140_C224,MH-003,2024,18.911917,73.502896,140,224,0,0,0.4489974668952253
MH-003_2024_R141_C224,MH-003,2024,18.911648,73.502896,141,224,0,0,0.20117405218755388
MH-003_2024_R141_C225,MH-003,2024,18.911648,73.503166,141,225,0,0,0.3050912623006209
MH-003_2024_R142_C225,MH-003,2024,18.911378,73.503166,142,225,0,0,0.2269543865482938
MH-003_2024_R142_C226,MH-003,2024,18.911378,73.503435,142,226,0,0,0.30595062694315134
MH-003_2024_R143_C224,MH-003,2024,18.911109,73.502896,143,224,0,0,0.2393266358822306
MH-003_2024_R143_C225,MH-003,2024,18.911109,73.503166,143,225,0,0,0.17941259632302867
MH-003_2024_R143_C226,MH-003,2024,18.911109,73.503435,143,226,0,0,0.2129070218286241
MH-003_2024_R143_C227,MH-003,2024,18.911109,73.503705,143,227,0,0,0.2675132948726831
MH-003_2024_R143_C228,MH-003,2024,18.911109,73.503974,143,228,0,0,0.34205659339198086
MH-003_2024_R144_C223,MH-003,2024,18.910839,73.502627,144,223,0,0,0.29433439437705733
MH-003_2024_R144_C224,MH-003,2024,18.910839,73.502896,144,224,0,0,0.2877599202499854
MH-003_2024_R144_C225,MH-003,2024,18.910839,73.503166,144,225,0,0,0.1629920819665729
MH-003_2024_R144_C226,MH-003,2024,18.910839,73.503435,144,226,0,0,0.10190436190618248
MH-003_2024_R144_C227,MH-003,2024,18.910839,73.503705,144,227,0,0,0.2046744590643123
MH-003_2024_R144_C228,MH-003,2024,18.910839,73.503974,144,228,0,0,0.23785567909024538
MH-003_2024_R144_C229,MH-003,2024,18.910839,73.504244,144,229,0,0,0.285728614596219
MH-003_2024_R145_C223,MH-003,2024,18.91057,73.502627,145,223,0,0,0.26116012507183783
MH-003_2024_R145_C225,MH-003,2024,18.91057,73.503166,145,225,0,0,0.1075957406881262
MH-003_2024_R145_C226,MH-003,2024,18.91057,73.503435,145,226,0,0,0.08317809249981788
MH-003_2024_R145_C230,MH-003,2024,18.91057,73.504513,145,230,0,0,0.1711489584241519
MH-003_2024_R146_C225,MH-003,2024,18.9103,73.503166,146,225,0,0,0.12496924601429871
MH-003_2024_R146_C226,MH-003,2024,18.9103,73.503435,146,226,0,0,0.1258640630899404
MH-003_2024_R146_C227,MH-003,2024,18.9103,73.503705,146,227,0,0,0.14069348783337884
MH-003_2024_R146_C228,MH-003,2024,18.9103,73.503974,146,228,0,0,0.13127220083198787
MH-003_2024_R146_C229,MH-003,2024,18.9103,73.504244,146,229,0,0,0.1573386682778688
MH-003_2024_R146_C230,MH-003,2024,18.9103,73.504513,146,230,0,0,0.17739717009875383
MH-003_2024_R146_C231,MH-003,2024,18.9103,73.504783,146,231,0,0,0.17435636267492952
MH-003_2024_R147_C223,MH-003,2024,18.910031,73.502627,147,223,0,0,0.337777460746686
MH-003_2024_R147_C227,MH-003,2024,18.910031,73.503705,147,227,0,0,0.17550826439045433
MH-003_2024_R147_C228,MH-003,2024,18.910031,73.503974,147,228,0,0,0.21871257112395243
MH-003_2024_R147_C229,MH-003,2024,18.910031,73.504244,147,229,0,0,0.2900878286321849
MH-003_2024_R148_C225,MH-003,2024,18.909761,73.503166,148,225,0,0,0.39917570138870334
MH-003_2024_R148_C226,MH-003,2024,18.909761,73.503435,148,226,0,0,0.43322584773312656
MH-003_2024_R148_C227,MH-003,2024,18.909761,73.503705,148,227,0,0,0.217381297471676
MH-003_2024_R148_C228,MH-003,2024,18.909761,73.503974,148,228,0,0,0.294081181247257
MH-003_2024_R148_C229,MH-003,2024,18.909761,73.504244,148,229,0,0,0.25306730325517873
MH-003_2024_R149_C221,MH-003,2024,18.909492,73.502088,149,221,0,0,0.463502701956393
MH-003_2024_R149_C222,MH-003,2024,18.909492,73.502357,149,222,0,1,0.5990985449072768
MH-003_2024_R149_C223,MH-003,2024,18.909492,73.502627,149,223,0,0,0.48952167896839477
MH-003_2024_R149_C224,MH-003,2024,18.909492,73.502896,149,224,0,0,0.380942283250716
MH-003_2024_R149_C227,MH-003,2024,18.909492,73.503705,149,227,0,0,0.14434185196301888
MH-003_2024_R149_C228,MH-003,2024,18.909492,73.503974,149,228,0,0,0.1654135293738814
MH-003_2024_R149_C229,MH-003,2024,18.909492,73.504244,149,229,0,0,0.1745620067490024
MH-003_2024_R150_C221,MH-003,2024,18.909222,73.502088,150,221,0,0,0.3676153266282021
MH-003_2024_R150_C222,MH-003,2024,18.909222,73.502357,150,222,0,0,0.40508868803550857
MH-003_2024_R150_C224,MH-003,2024,18.909222,73.502896,150,224,0,0,0.3409157155884466
MH-003_2024_R150_C225,MH-003,2024,18.909222,73.503166,150,225,0,0,0.34799527884743064
MH-003_2024_R150_C228,MH-003,2024,18.909222,73.503974,150,228,0,0,0.16308541050920253
MH-003_2024_R151_C221,MH-003,2024,18.908953,73.502088,151,221,0,0,0.34567694742403293
MH-003_2024_R151_C222,MH-003,2024,18.908953,73.502357,151,222,0,0,0.3512844524302452
MH-003_2024_R151_C223,MH-003,2024,18.908953,73.502627,151,223,0,0,0.32394391784054244
MH-003_2024_R151_C224,MH-003,2024,18.908953,73.502896,151,224,0,0,0.36837511032134956
MH-003_2024_R151_C225,MH-003,2024,18.908953,73.503166,151,225,0,0,0.31875104661523684
MH-003_2024_R151_C226,MH-003,2024,18.908953,73.503435,151,226,0,0,0.23072671223544364
MH-003_2024_R152_C222,MH-003,2024,18.908683,73.502357,152,222,0,0,0.43861040749520847
MH-003_2024_R152_C226,MH-003,2024,18.908683,73.503435,152,226,0,0,0.2996305999006551
MH-003_2025_R128_C225,MH-003,2025,18.915151,73.503166,128,225,0,0,0.3265111764428095
MH-003_2025_R128_C229,MH-003,2025,18.915151,73.504244,128,229,0,1,0.6392112830176793
MH-003_2025_R128_C230,MH-003,2025,18.915151,73.504513,128,230,0,1,0.560709376680247
MH-003_2025_R128_C231,MH-003,2025,18.915151,73.504783,128,231,0,0,0.43570714509078295
MH-003_2025_R129_C203,MH-003,2025,18.914882,73.497237,129,203,0,1,0.6609318637818765
MH-003_2025_R129_C204,MH-003,2025,18.914882,73.497507,129,204,0,1,0.5996686197836915
MH-003_2025_R129_C206,MH-003,2025,18.914882,73.498046,129,206,0,1,0.6279091794907261
MH-003_2025_R129_C224,MH-003,2025,18.914882,73.502896,129,224,0,0,0.17812932058389386
MH-003_2025_R129_C225,MH-003,2025,18.914882,73.503166,129,225,0,0,0.28467313269397193
MH-003_2025_R129_C226,MH-003,2025,18.914882,73.503435,129,226,0,0,0.28010716500371874
MH-003_2025_R129_C229,MH-003,2025,18.914882,73.504244,129,229,0,1,0.731573263443066
MH-003_2025_R129_C230,MH-003,2025,18.914882,73.504513,129,230,0,0,0.4937260600971253
MH-003_2025_R129_C231,MH-003,2025,18.914882,73.504783,129,231,0,0,0.49575564785530396
MH-003_2025_R130_C203,MH-003,2025,18.914612,73.497237,130,203,0,1,0.5872515396221781
MH-003_2025_R130_C204,MH-003,2025,18.914612,73.497507,130,204,0,1,0.6474278059474684
MH-003_2025_R130_C205,MH-003,2025,18.914612,73.497776,130,205,0,1,0.5844000262502411
MH-003_2025_R130_C206,MH-003,2025,18.914612,73.498046,130,206,0,1,0.5033670085752293
MH-003_2025_R130_C207,MH-003,2025,18.914612,73.498315,130,207,0,1,0.6148893283981194
MH-003_2025_R130_C208,MH-003,2025,18.914612,73.498584,130,208,0,0,0.4968168757243664
MH-003_2025_R130_C215,MH-003,2025,18.914612,73.500471,130,215,0,1,0.6021480295760999
MH-003_2025_R130_C216,MH-003,2025,18.914612,73.50074,130,216,0,1,0.5516066921089541
MH-003_2025_R130_C217,MH-003,2025,18.914612,73.50101,130,217,0,1,0.5243961677211897
MH-003_2025_R130_C218,MH-003,2025,18.914612,73.501279,130,218,0,1,0.5203543484722636
MH-003_2025_R130_C224,MH-003,2025,18.914612,73.502896,130,224,0,0,0.3342457631015998
MH-003_2025_R130_C225,MH-003,2025,18.914612,73.503166,130,225,0,0,0.403632040975404
MH-003_2025_R130_C226,MH-003,2025,18.914612,73.503435,130,226,0,1,0.5444011264110374
MH-003_2025_R130_C227,MH-003,2025,18.914612,73.503705,130,227,0,1,0.5740946662668163
MH-003_2025_R130_C228,MH-003,2025,18.914612,73.503974,130,228,0,1,0.557085503291102
MH-003_2025_R130_C229,MH-003,2025,18.914612,73.504244,130,229,0,1,0.712814575060421
MH-003_2025_R130_C230,MH-003,2025,18.914612,73.504513,130,230,0,0,0.4870148319363979
MH-003_2025_R130_C231,MH-003,2025,18.914612,73.504783,130,231,0,1,0.5194734754532916
MH-003_2025_R131_C203,MH-003,2025,18.914343,73.497237,131,203,0,1,0.701393473742241
MH-003_2025_R131_C204,MH-003,2025,18.914343,73.497507,131,204,0,1,0.6601246998909165
MH-003_2025_R131_C206,MH-003,2025,18.914343,73.498046,131,206,0,0,0.3197834863250888
MH-003_2025_R131_C207,MH-003,2025,18.914343,73.498315,131,207,0,1,0.5128115007411572
MH-003_2025_R131_C208,MH-003,2025,18.914343,73.498584,131,208,0,1,0.6139546383824156
MH-003_2025_R131_C209,MH-003,2025,18.914343,73.498854,131,209,0,1,0.5028057951627053
MH-003_2025_R131_C210,MH-003,2025,18.914343,73.499123,131,210,0,1,0.5593846323984005
MH-003_2025_R131_C212,MH-003,2025,18.914343,73.499662,131,212,0,0,0.17793877567712224
MH-003_2025_R131_C213,MH-003,2025,18.914343,73.499932,131,213,0,0,0.34976605921367016
MH-003_2025_R131_C214,MH-003,2025,18.914343,73.500201,131,214,0,0,0.41279179987130055
MH-003_2025_R131_C215,MH-003,2025,18.914343,73.500471,131,215,0,0,0.46877886595081747
MH-003_2025_R131_C216,MH-003,2025,18.914343,73.50074,131,216,0,1,0.5859359761788759
MH-003_2025_R131_C217,MH-003,2025,18.914343,73.50101,131,217,0,1,0.6226304575003592
MH-003_2025_R131_C218,MH-003,2025,18.914343,73.501279,131,218,0,0,0.45441332717717087
MH-003_2025_R131_C219,MH-003,2025,18.914343,73.501549,131,219,0,0,0.35946239510610556
MH-003_2025_R131_C220,MH-003,2025,18.914343,73.501818,131,220,0,1,0.5939897176704654
MH-003_2025_R131_C221,MH-003,2025,18.914343,73.502088,131,221,0,1,0.5412828532601066
MH-003_2025_R131_C222,MH-003,2025,18.914343,73.502357,131,222,0,0,0.38762910552224916
MH-003_2025_R131_C223,MH-003,2025,18.914343,73.502627,131,223,0,0,0.4497987657037603
MH-003_2025_R131_C224,MH-003,2025,18.914343,73.502896,131,224,0,0,0.4219336514396061
MH-003_2025_R131_C225,MH-003,2025,18.914343,73.503166,131,225,0,0,0.48564607040487573
MH-003_2025_R131_C226,MH-003,2025,18.914343,73.503435,131,226,0,1,0.5338045525590659
MH-003_2025_R131_C227,MH-003,2025,18.914343,73.503705,131,227,0,1,0.5048385968918039
MH-003_2025_R131_C228,MH-003,2025,18.914343,73.503974,131,228,0,0,0.47720279370330143
MH-003_2025_R131_C229,MH-003,2025,18.914343,73.504244,131,229,0,1,0.6051883262282924
MH-003_2025_R131_C230,MH-003,2025,18.914343,73.504513,131,230,0,1,0.5427165226944278
MH-003_2025_R131_C231,MH-003,2025,18.914343,73.504783,131,231,0,1,0.5493608335113808
MH-003_2025_R132_C210,MH-003,2025,18.914073,73.499123,132,210,0,0,0.4787668746968995
MH-003_2025_R132_C211,MH-003,2025,18.914073,73.499393,132,211,0,0,0.27456550144025965
MH-003_2025_R132_C212,MH-003,2025,18.914073,73.499662,132,212,0,0,0.34842786380618584
MH-003_2025_R132_C213,MH-003,2025,18.914073,73.499932,132,213,0,0,0.46713179762636564
MH-003_2025_R132_C214,MH-003,2025,18.914073,73.500201,132,214,0,1,0.5221363894039817
MH-003_2025_R132_C215,MH-003,2025,18.914073,73.500471,132,215,0,1,0.5876296319032811
MH-003_2025_R132_C216,MH-003,2025,18.914073,73.50074,132,216,0,0,0.49819398708243495
MH-003_2025_R132_C217,MH-003,2025,18.914073,73.50101,132,217,0,0,0.4442994986297333
MH-003_2025_R132_C218,MH-003,2025,18.914073,73.501279,132,218,0,0,0.4113068027825555
MH-003_2025_R132_C219,MH-003,2025,18.914073,73.501549,132,219,0,0,0.3724546135811021
MH-003_2025_R132_C220,MH-003,2025,18.914073,73.501818,132,220,0,1,0.6466879923146228
MH-003_2025_R132_C221,MH-003,2025,18.914073,73.502088,132,221,0,1,0.682226075664991
MH-003_2025_R132_C222,MH-003,2025,18.914073,73.502357,132,222,0,1,0.7154085917315087
MH-003_2025_R132_C223,MH-003,2025,18.914073,73.502627,132,223,0,0,0.36719697488500996
MH-003_2025_R132_C224,MH-003,2025,18.914073,73.502896,132,224,0,0,0.41404443813308867
MH-003_2025_R132_C230,MH-003,2025,18.914073,73.504513,132,230,0,1,0.5773847037625479
MH-003_2025_R132_C231,MH-003,2025,18.914073,73.504783,132,231,0,1,0.5958276575309265
MH-003_2025_R133_C215,MH-003,2025,18.913804,73.500471,133,215,0,0,0.4690983225179712
MH-003_2025_R133_C216,MH-003,2025,18.913804,73.50074,133,216,0,0,0.2086034096591253
MH-003_2025_R133_C217,MH-003,2025,18.913804,73.50101,133,217,0,0,0.16202559666038402
MH-003_2025_R133_C218,MH-003,2025,18.913804,73.501279,133,218,0,0,0.2701503794528084
MH-003_2025_R133_C219,MH-003,2025,18.913804,73.501549,133,219,0,0,0.47054896350654446
MH-003_2025_R133_C220,MH-003,2025,18.913804,73.501818,133,220,0,1,0.5279971472684997
MH-003_2025_R133_C221,MH-003,2025,18.913804,73.502088,133,221,0,1,0.5278628881625806
MH-003_2025_R133_C222,MH-003,2025,18.913804,73.502357,133,222,0,0,0.3879474608246521
MH-003_2025_R133_C223,MH-003,2025,18.913804,73.502627,133,223,0,0,0.17671502441932438
MH-003_2025_R133_C224,MH-003,2025,18.913804,73.502896,133,224,0,0,0.15201097912049302
MH-003_2025_R134_C203,MH-003,2025,18.913534,73.497237,134,203,0,0,0.34098554564131245
MH-003_2025_R134_C215,MH-003,2025,18.913534,73.500471,134,215,0,0,0.2820389484348811
MH-003_2025_R134_C216,MH-003,2025,18.913534,73.50074,134,216,0,0,0.16222614867513882
MH-003_2025_R134_C217,MH-003,2025,18.913534,73.50101,134,217,0,0,0.11614516246232492
MH-003_2025_R134_C218,MH-003,2025,18.913534,73.501279,134,218,0,0,0.024464717312711416
MH-003_2025_R134_C219,MH-003,2025,18.913534,73.501549,134,219,0,0,0.27104649290102395
MH-003_2025_R134_C220,MH-003,2025,18.913534,73.501818,134,220,0,0,0.4922536698626954
MH-003_2025_R134_C221,MH-003,2025,18.913534,73.502088,134,221,0,0,0.44982657038964086
MH-003_2025_R134_C222,MH-003,2025,18.913534,73.502357,134,222,0,0,0.3792532245200437
MH-003_2025_R134_C223,MH-003,2025,18.913534,73.502627,134,223,0,0,0.16989207120871128
MH-003_2025_R134_C224,MH-003,2025,18.913534,73.502896,134,224,0,0,0.170942003618989
MH-003_2025_R134_C225,MH-003,2025,18.913534,73.503166,134,225,0,1,0.5842861592870722
MH-003_2025_R135_C203,MH-003,2025,18.913265,73.497237,135,203,0,0,0.17629449136791311
MH-003_2025_R135_C215,MH-003,2025,18.913265,73.500471,135,215,0,0,0.18267614918540434
MH-003_2025_R135_C216,MH-003,2025,18.913265,73.50074,135,216,0,0,0.23581236761235153
MH-003_2025_R135_C217,MH-003,2025,18.913265,73.50101,135,217,0,0,0.19416109386605004
MH-003_2025_R135_C218,MH-003,2025,18.913265,73.501279,135,218,0,0,0.13286889924568818
MH-003_2025_R135_C219,MH-003,2025,18.913265,73.501549,135,219,0,0,0.16313880301901038
MH-003_2025_R135_C227,MH-003,2025,18.913265,73.503705,135,227,0,1,0.5494407234400447
MH-003_2025_R136_C203,MH-003,2025,18.912995,73.497237,136,203,0,0,0.43321302425837255
MH-003_2025_R136_C204,MH-003,2025,18.912995,73.497507,136,204,0,0,0.28038732459059723
MH-003_2025_R136_C216,MH-003,2025,18.912995,73.50074,136,216,0,0,0.24801797387343874
MH-003_2025_R136_C217,MH-003,2025,18.912995,73.50101,136,217,0,0,0.23755119268986852
MH-003_2025_R136_C218,MH-003,2025,18.912995,73.501279,136,218,0,0,0.17284357829420918
MH-003_2025_R136_C223,MH-003,2025,18.912995,73.502627,136,223,0,0,0.28760666675248886
MH-003_2025_R136_C226,MH-003,2025,18.912995,73.503435,136,226,0,1,0.595159219276345
MH-003_2025_R136_C227,MH-003,2025,18.912995,73.503705,136,227,0,0,0.30720063368313105
MH-003_2025_R136_C228,MH-003,2025,18.912995,73.503974,136,228,0,0,0.20146955510980283
MH-003_2025_R137_C203,MH-003,2025,18.912726,73.497237,137,203,0,0,0.47919326175603716
MH-003_2025_R137_C204,MH-003,2025,18.912726,73.497507,137,204,0,0,0.19855364793557212
MH-003_2025_R137_C205,MH-003,2025,18.912726,73.497776,137,205,0,0,0.3358411749402595
MH-003_2025_R137_C216,MH-003,2025,18.912726,73.50074,137,216,0,0,0.20854637498104606
MH-003_2025_R137_C222,MH-003,2025,18.912726,73.502357,137,222,0,0,0.266923460630319
MH-003_2025_R137_C223,MH-003,2025,18.912726,73.502627,137,223,0,0,0.17746455119261648
MH-003_2025_R137_C224,MH-003,2025,18.912726,73.502896,137,224,0,0,0.3024201668338395
MH-003_2025_R137_C225,MH-003,2025,18.912726,73.503166,137,225,0,0,0.3044090603690011
MH-003_2025_R137_C226,MH-003,2025,18.912726,73.503435,137,226,0,0,0.2641478994921462
MH-003_2025_R137_C227,MH-003,2025,18.912726,73.503705,137,227,0,0,0.23787971953197498
MH-003_2025_R138_C223,MH-003,2025,18.912456,73.502627,138,223,0,0,0.1563534282416762
MH-003_2025_R138_C224,MH-003,2025,18.912456,73.502896,138,224,0,0,0.16945182755968186
MH-003_2025_R138_C225,MH-003,2025,18.912456,73.503166,138,225,0,0,0.260138829724235
MH-003_2025_R138_C226,MH-003,2025,18.912456,73.503435,138,226,0,0,0.27229177042875924
MH-003_2025_R138_C227,MH-003,2025,18.912456,73.503705,138,227,0,0,0.2082051576311151
MH-003_2025_R138_C228,MH-003,2025,18.912456,73.503974,138,228,0,0,0.29344735532256033
MH-003_2025_R139_C223,MH-003,2025,18.912187,73.502627,139,223,0,0,0.3507781881637309
MH-003_2025_R139_C224,MH-003,2025,18.912187,73.502896,139,224,0,0,0.3721424107273371
MH-003_2025_R139_C226,MH-003,2025,18.912187,73.503435,139,226,0,0,0.3645177797726713
MH-003_2025_R139_C227,MH-003,2025,18.912187,73.503705,139,227,0,0,0.2879969536398906
MH-003_2025_R139_C228,MH-003,2025,18.912187,73.503974,139,228,0,0,0.39167797905162827
MH-003_2025_R140_C223,MH-003,2025,18.911917,73.502627,140,223,0,0,0.3422401355053194
MH-003_2025_R140_C224,MH-003,2025,18.911917,73.502896,140,224,0,0,0.4494759639753568
MH-003_2025_R141_C222,MH-003,2025,18.911648,73.502357,141,222,0,0,0.23721907061896558
MH-003_2025_R141_C223,MH-003,2025,18.911648,73.502627,141,223,0,0,0.2348400882408218
MH-003_2025_R141_C224,MH-003,2025,18.911648,73.502896,141,224,0,0,0.19220856135600717
MH-003_2025_R141_C225,MH-003,2025,18.911648,73.503166,141,225,0,0,0.2598831710865608
MH-003_2025_R142_C223,MH-003,2025,18.911378,73.502627,142,223,0,0,0.20000627660651019
MH-003_2025_R142_C224,MH-003,2025,18.911378,73.502896,142,224,0,0,0.17290277010045252
MH-003_2025_R142_C225,MH-003,2025,18.911378,73.503166,142,225,0,0,0.19269140316893807
MH-003_2025_R142_C226,MH-003,2025,18.911378,73.503435,142,226,0,0,0.22569586179128703
MH-003_2025_R143_C222,MH-003,2025,18.911109,73.502357,143,222,0,0,0.3995583199640745
MH-003_2025_R143_C223,MH-003,2025,18.911109,73.502627,143,223,0,0,0.20997309553227383
MH-003_2025_R143_C224,MH-003,2025,18.911109,73.502896,143,224,0,0,0.20430383363906213
MH-003_2025_R143_C225,MH-003,2025,18.911109,73.503166,143,225,0,0,0.11676997054470965
MH-003_2025_R143_C226,MH-003,2025,18.911109,73.503435,143,226,0,0,0.14103555145339508
MH-003_2025_R143_C227,MH-003,2025,18.911109,73.503705,143,227,0,0,0.19805237230993322
MH-003_2025_R143_C228,MH-003,2025,18.911109,73.503974,143,228,0,0,0.21947127403727182
MH-003_2025_R144_C223,MH-003,2025,18.910839,73.502627,144,223,0,0,0.31360929802250115
MH-003_2025_R144_C224,MH-003,2025,18.910839,73.502896,144,224,0,0,0.2859365686462668
MH-003_2025_R144_C225,MH-003,2025,18.910839,73.503166,144,225,0,0,0.14397128466719858
MH-003_2025_R144_C226,MH-003,2025,18.910839,73.503435,144,226,0,0,0.09047240608613993
MH-003_2025_R144_C227,MH-003,2025,18.910839,73.503705,144,227,0,0,0.1471113412472689
MH-003_2025_R144_C228,MH-003,2025,18.910839,73.503974,144,228,0,0,0.17839009958593136
MH-003_2025_R144_C229,MH-003,2025,18.910839,73.504244,144,229,0,0,0.2212103542553403
MH-003_2025_R144_C230,MH-003,2025,18.910839,73.504513,144,230,0,0,0.4582150150932893
MH-003_2025_R145_C223,MH-003,2025,18.91057,73.502627,145,223,0,0,0.19453951994620014
MH-003_2025_R145_C224,MH-003,2025,18.91057,73.502896,145,224,0,0,0.17005289886668803
MH-003_2025_R145_C225,MH-003,2025,18.91057,73.503166,145,225,0,0,0.18732671301872095
MH-003_2025_R145_C226,MH-003,2025,18.91057,73.503435,145,226,0,0,0.14221465905572125
MH-003_2025_R145_C227,MH-003,2025,18.91057,73.503705,145,227,0,0,0.1753517738866329
MH-003_2025_R145_C228,MH-003,2025,18.91057,73.503974,145,228,0,0,0.15975907064616163
MH-003_2025_R145_C229,MH-003,2025,18.91057,73.504244,145,229,0,0,0.18841111915356112
MH-003_2025_R145_C230,MH-003,2025,18.91057,73.504513,145,230,0,0,0.23198638642051006
MH-003_2025_R146_C224,MH-003,2025,18.9103,73.502896,146,224,0,0,0.11315703036545337
MH-003_2025_R146_C225,MH-003,2025,18.9103,73.503166,146,225,0,0,0.1481480932213962
MH-003_2025_R146_C226,MH-003,2025,18.9103,73.503435,146,226,0,0,0.15841728429304658
MH-003_2025_R146_C227,MH-003,2025,18.9103,73.503705,146,227,0,0,0.2007609489673097
MH-003_2025_R146_C228,MH-003,2025,18.9103,73.503974,146,228,0,0,0.1541150396203561
MH-003_2025_R146_C229,MH-003,2025,18.9103,73.504244,146,229,0,0,0.17434818528280419
MH-003_2025_R146_C230,MH-003,2025,18.9103,73.504513,146,230,0,0,0.17424644209394727
MH-003_2025_R146_C231,MH-003,2025,18.9103,73.504783,146,231,0,0,0.24663742283941317
MH-003_2025_R147_C223,MH-003,2025,18.910031,73.502627,147,223,0,0,0.2742727177959834
MH-003_2025_R147_C224,MH-003,2025,18.910031,73.502896,147,224,0,0,0.16825098395437393
MH-003_2025_R147_C225,MH-003,2025,18.910031,73.503166,147,225,0,0,0.15507774679796626
MH-003_2025_R147_C226,MH-003,2025,18.910031,73.503435,147,226,0,0,0.20842731451428928
MH-003_2025_R147_C227,MH-003,2025,18.910031,73.503705,147,227,0,0,0.23673035248031818
MH-003_2025_R147_C228,MH-003,2025,18.910031,73.503974,147,228,0,0,0.2682053786402205
MH-003_2025_R148_C224,MH-003,2025,18.909761,73.502896,148,224,0,0,0.33984932421892056
MH-003_2025_R148_C225,MH-003,2025,18.909761,73.503166,148,225,0,0,0.20918825527241594
MH-003_2025_R148_C226,MH-003,2025,18.909761,73.503435,148,226,0,0,0.22234690774758545
MH-003_2025_R148_C227,MH-003,2025,18.909761,73.503705,148,227,0,0,0.3529023261151734
MH-003_2025_R148_C228,MH-003,2025,18.909761,73.503974,148,228,0,0,0.41805240112753084
MH-003_2025_R148_C229,MH-003,2025,18.909761,73.504244,148,229,0,0,0.31356215993761344
MH-003_2025_R149_C221,MH-003,2025,18.909492,73.502088,149,221,0,0,0.4479987147057621
MH-003_2025_R149_C222,MH-003,2025,18.909492,73.502357,149,222,0,1,0.5402760756251561
MH-003_2025_R149_C223,MH-003,2025,18.909492,73.502627,149,223,0,0,0.4843187059651833
MH-003_2025_R149_C224,MH-003,2025,18.909492,73.502896,149,224,0,0,0.42568050729838214
MH-003_2025_R149_C225,MH-003,2025,18.909492,73.503166,149,225,0,0,0.19524792943556876
MH-003_2025_R149_C226,MH-003,2025,18.909492,73.503435,149,226,0,0,0.3979939947346617
MH-003_2025_R149_C228,MH-003,2025,18.909492,73.503974,149,228,0,0,0.15723628830149028
MH-003_2025_R149_C229,MH-003,2025,18.909492,73.504244,149,229,0,0,0.22060943940682193
MH-003_2025_R150_C220,MH-003,2025,18.909222,73.501818,150,220,0,0,0.3907815093251815
MH-003_2025_R150_C221,MH-003,2025,18.909222,73.502088,150,221,0,0,0.2640220845733091
MH-003_2025_R150_C222,MH-003,2025,18.909222,73.502357,150,222,0,0,0.32916385082697014
MH-003_2025_R150_C223,MH-003,2025,18.909222,73.502627,150,223,0,0,0.3276335159747126
MH-003_2025_R150_C224,MH-003,2025,18.909222,73.502896,150,224,0,0,0.33925144161031295
MH-003_2025_R150_C225,MH-003,2025,18.909222,73.503166,150,225,0,0,0.313612867285657
MH-003_2025_R150_C226,MH-003,2025,18.909222,73.503435,150,226,0,0,0.23050975298886192
MH-003_2025_R150_C228,MH-003,2025,18.909222,73.503974,150,228,0,0,0.18820073799581458
MH-003_2025_R151_C221,MH-003,2025,18.908953,73.502088,151,221,0,0,0.2313553315685258
MH-003_2025_R151_C222,MH-003,2025,18.908953,73.502357,151,222,0,0,0.2623762376202811
MH-003_2025_R151_C223,MH-003,2025,18.908953,73.502627,151,223,0,0,0.30005176870292316
MH-003_2025_R151_C224,MH-003,2025,18.908953,73.502896,151,224,0,0,0.3067897972916812
MH-003_2025_R151_C225,MH-003,2025,18.908953,73.503166,151,225,0,0,0.3193722963641949
MH-003_2025_R151_C226,MH-003,2025,18.908953,73.503435,151,226,0,0,0.1833889293105943
MH-003_2025_R151_C227,MH-003,2025,18.908953,73.503705,151,227,0,0,0.12239411410095301
MH-003_2025_R151_C228,MH-003,2025,18.908953,73.503974,151,228,0,0,0.2380046005420179
MH-003_2025_R152_C222,MH-003,2025,18.908683,73.502357,152,222,0,0,0.3922550624624364
MH-003_2025_R152_C226,MH-003,2025,18.908683,73.503435,152,226,0,0,0.40689579278876903
MH-003_2025_R152_C227,MH-003,2025,18.908683,73.503705,152,227,0,0,0.27176470597485575
MH-003_2025_R152_C228,MH-003,2025,18.908683,73.503974,152,228,0,0,0.38939690031698293
