temporal_sample_id,project_id,center_latitude,center_longitude,center_row,center_col,cnn_spatial_split,target
MH-001_21.179984_78.914887,MH-001,21.179984,78.914887,7,8,cnn_test,0
MH-001_21.179984_78.915156,MH-001,21.179984,78.915156,7,9,cnn_test,0
MH-001_21.179984_78.915426,MH-001,21.179984,78.915426,7,10,cnn_test,0
MH-001_21.179984_78.916234,MH-001,21.179984,78.916234,7,13,cnn_test,0
MH-001_21.179984_78.918121,MH-001,21.179984,78.918121,7,20,cnn_test,1
MH-001_21.179984_78.91839,MH-001,21.179984,78.91839,7,21,cnn_test,0
MH-001_21.179984_78.918929,MH-001,21.179984,78.918929,7,23,cnn_test,0
MH-001_21.179984_78.919199,MH-001,21.179984,78.919199,7,24,cnn_test,0
MH-001_21.179984_78.919738,MH-001,21.179984,78.919738,7,26,cnn_test,0
MH-001_21.179984_78.920007,MH-001,21.179984,78.920007,7,27,cnn_test,0
MH-001_21.179984_78.920277,MH-001,21.179984,78.920277,7,28,cnn_test,0
MH-001_21.179984_78.920546,MH-001,21.179984,78.920546,7,29,cnn_test,1
MH-001_21.179984_78.920816,MH-001,21.179984,78.920816,7,30,cnn_test,1
MH-001_21.179984_78.921085,MH-001,21.179984,78.921085,7,31,cnn_test,1
MH-001_21.179984_78.921355,MH-001,21.179984,78.921355,7,32,cnn_test,1
MH-001_21.179984_78.921624,MH-001,21.179984,78.921624,7,33,cnn_test,0
MH-001_21.179984_78.921894,MH-001,21.179984,78.921894,7,34,cnn_test,0
MH-001_21.179984_78.92378,MH-001,21.179984,78.92378,7,41,cnn_test,1
MH-001_21.179984_78.924319,MH-001,21.179984,78.924319,7,43,cnn_test,0
MH-001_21.179984_78.924588,MH-001,21.179984,78.924588,7,44,cnn_test,0
MH-001_21.179714_78.914887,MH-001,21.179714,78.914887,8,8,cnn_test,0
MH-001_21.179714_78.915156,MH-001,21.179714,78.915156,8,9,cnn_test,0
MH-001_21.179714_78.915695,MH-001,21.179714,78.915695,8,11,cnn_test,0
MH-001_21.179714_78.917851,MH-001,21.179714,78.917851,8,19,cnn_test,1
MH-001_21.179714_78.918121,MH-001,21.179714,78.918121,8,20,cnn_test,0
MH-001_21.179714_78.91839,MH-001,21.179714,78.91839,8,21,cnn_test,1
MH-001_21.179714_78.919468,MH-001,21.179714,78.919468,8,25,cnn_test,1
MH-001_21.179714_78.920007,MH-001,21.179714,78.920007,8,27,cnn_test,0
MH-001_21.179714_78.920277,MH-001,21.179714,78.920277,8,28,cnn_test,0
MH-001_21.179714_78.920546,MH-001,21.179714,78.920546,8,29,cnn_test,1
MH-001_21.179714_78.920816,MH-001,21.179714,78.920816,8,30,cnn_test,1
MH-001_21.179714_78.921085,MH-001,21.179714,78.921085,8,31,cnn_test,1
MH-001_21.179714_78.921355,MH-001,21.179714,78.921355,8,32,cnn_test,0
MH-001_21.179714_78.921624,MH-001,21.179714,78.921624,8,33,cnn_test,1
MH-001_21.179714_78.921894,MH-001,21.179714,78.921894,8,34,cnn_test,1
MH-001_21.179714_78.92351,MH-001,21.179714,78.92351,8,40,cnn_test,0
MH-001_21.179714_78.924049,MH-001,21.179714,78.924049,8,42,cnn_test,0
MH-001_21.179714_78.924319,MH-001,21.179714,78.924319,8,43,cnn_test,0
MH-001_21.179714_78.924588,MH-001,21.179714,78.924588,8,44,cnn_test,1
MH-001_21.179445_78.914887,MH-001,21.179445,78.914887,9,8,cnn_test,0
MH-001_21.179445_78.915156,MH-001,21.179445,78.915156,9,9,cnn_test,0
MH-001_21.179445_78.915426,MH-001,21.179445,78.915426,9,10,cnn_test,0
MH-001_21.179445_78.915695,MH-001,21.179445,78.915695,9,11,cnn_test,0
MH-001_21.179445_78.915965,MH-001,21.179445,78.915965,9,12,cnn_test,0
MH-001_21.179445_78.91839,MH-001,21.179445,78.91839,9,21,cnn_test,1
MH-001_21.179445_78.920007,MH-001,21.179445,78.920007,9,27,cnn_test,1
MH-001_21.179445_78.920277,MH-001,21.179445,78.920277,9,28,cnn_test,0
MH-001_21.179445_78.920546,MH-001,21.179445,78.920546,9,29,cnn_test,1
MH-001_21.179445_78.920816,MH-001,21.179445,78.920816,9,30,cnn_test,1
MH-001_21.179445_78.921085,MH-001,21.179445,78.921085,9,31,cnn_test,1
MH-001_21.179445_78.921355,MH-001,21.179445,78.921355,9,32,cnn_test,1
MH-001_21.179445_78.921624,MH-001,21.179445,78.921624,9,33,cnn_test,1
MH-001_21.179445_78.921894,MH-001,21.179445,78.921894,9,34,cnn_test,1
MH-001_21.179445_78.922163,MH-001,21.179445,78.922163,9,35,cnn_test,1
MH-001_21.179445_78.924049,MH-001,21.179445,78.924049,9,42,cnn_test,0
MH-001_21.179445_78.925127,MH-001,21.179445,78.925127,9,46,cnn_test,1
MH-001_21.179445_78.925397,MH-001,21.179445,78.925397,9,47,cnn_test,0
MH-001_21.179445_78.925666,MH-001,21.179445,78.925666,9,48,cnn_test,0
MH-001_21.179445_78.925936,MH-001,21.179445,78.925936,9,49,cnn_test,0
MH-001_21.179175_78.914887,MH-001,21.179175,78.914887,10,8,cnn_test,0
MH-001_21.179175_78.915156,MH-001,21.179175,78.915156,10,9,cnn_test,0
MH-001_21.179175_78.915695,MH-001,21.179175,78.915695,10,11,cnn_test,0
MH-001_21.179175_78.915965,MH-001,21.179175,78.915965,10,12,cnn_test,0
MH-001_21.179175_78.916504,MH-001,21.179175,78.916504,10,14,cnn_test,0
MH-001_21.179175_78.916773,MH-001,21.179175,78.916773,10,15,cnn_test,0
MH-001_21.179175_78.917043,MH-001,21.179175,78.917043,10,16,cnn_test,0
MH-001_21.179175_78.917312,MH-001,21.179175,78.917312,10,17,cnn_test,0
MH-001_21.179175_78.91866,MH-001,21.179175,78.91866,10,22,cnn_test,0
MH-001_21.179175_78.918929,MH-001,21.179175,78.918929,10,23,cnn_test,0
MH-001_21.179175_78.920277,MH-001,21.179175,78.920277,10,28,cnn_test,0
MH-001_21.179175_78.920546,MH-001,21.179175,78.920546,10,29,cnn_test,1
MH-001_21.179175_78.920816,MH-001,21.179175,78.920816,10,30,cnn_test,1
MH-001_21.179175_78.921085,MH-001,21.179175,78.921085,10,31,cnn_test,1
MH-001_21.179175_78.921355,MH-001,21.179175,78.921355,10,32,cnn_test,1
MH-001_21.179175_78.921624,MH-001,21.179175,78.921624,10,33,cnn_test,1
MH-001_21.179175_78.921894,MH-001,21.179175,78.921894,10,34,cnn_test,1
MH-001_21.179175_78.922163,MH-001,21.179175,78.922163,10,35,cnn_test,0
MH-001_21.179175_78.922433,MH-001,21.179175,78.922433,10,36,cnn_test,1
MH-001_21.179175_78.922702,MH-001,21.179175,78.922702,10,37,cnn_test,0
MH-001_21.179175_78.923241,MH-001,21.179175,78.923241,10,39,cnn_test,1
MH-001_21.179175_78.92351,MH-001,21.179175,78.92351,10,40,cnn_test,1
MH-001_21.179175_78.924319,MH-001,21.179175,78.924319,10,43,cnn_test,0
MH-001_21.179175_78.925127,MH-001,21.179175,78.925127,10,46,cnn_test,1
MH-001_21.179175_78.925397,MH-001,21.179175,78.925397,10,47,cnn_test,1
MH-001_21.179175_78.925666,MH-001,21.179175,78.925666,10,48,cnn_test,1
MH-001_21.179175_78.925936,MH-001,21.179175,78.925936,10,49,cnn_test,0
MH-001_21.178906_78.914617,MH-001,21.178906,78.914617,11,7,cnn_test,0
MH-001_21.178906_78.914887,MH-001,21.178906,78.914887,11,8,cnn_test,0
MH-001_21.178906_78.915156,MH-001,21.178906,78.915156,11,9,cnn_test,0
MH-001_21.178906_78.915426,MH-001,21.178906,78.915426,11,10,cnn_test,0
MH-001_21.178906_78.917043,MH-001,21.178906,78.917043,11,16,cnn_test,0
MH-001_21.178906_78.917312,MH-001,21.178906,78.917312,11,17,cnn_test,0
MH-001_21.178906_78.917582,MH-001,21.178906,78.917582,11,18,cnn_test,0
MH-001_21.178906_78.91866,MH-001,21.178906,78.91866,11,22,cnn_test,0
MH-001_21.178906_78.920546,MH-001,21.178906,78.920546,11,29,cnn_test,1
MH-001_21.178906_78.920816,MH-001,21.178906,78.920816,11,30,cnn_test,1
MH-001_21.178906_78.921085,MH-001,21.178906,78.921085,11,31,cnn_test,1
MH-001_21.178906_78.921355,MH-001,21.178906,78.921355,11,32,cnn_test,1
MH-001_21.178906_78.921624,MH-001,21.178906,78.921624,11,33,cnn_test,1
MH-001_21.178906_78.921894,MH-001,21.178906,78.921894,11,34,cnn_test,1
MH-001_21.178906_78.922163,MH-001,21.178906,78.922163,11,35,cnn_test,1
MH-001_21.178906_78.922433,MH-001,21.178906,78.922433,11,36,cnn_test,1
MH-001_21.178906_78.922702,MH-001,21.178906,78.922702,11,37,cnn_test,1
MH-001_21.178906_78.923241,MH-001,21.178906,78.923241,11,39,cnn_test,1
MH-001_21.178906_78.92351,MH-001,21.178906,78.92351,11,40,cnn_test,1
MH-001_21.178906_78.924049,MH-001,21.178906,78.924049,11,42,cnn_test,1
MH-001_21.178906_78.924319,MH-001,21.178906,78.924319,11,43,cnn_test,0
MH-001_21.178906_78.924858,MH-001,21.178906,78.924858,11,45,cnn_test,1
MH-001_21.178906_78.925397,MH-001,21.178906,78.925397,11,47,cnn_test,1
MH-001_21.178906_78.925666,MH-001,21.178906,78.925666,11,48,cnn_test,1
MH-001_21.178906_78.925936,MH-001,21.178906,78.925936,11,49,cnn_test,0
MH-001_21.178906_78.926205,MH-001,21.178906,78.926205,11,50,cnn_test,1
MH-001_21.178906_78.926475,MH-001,21.178906,78.926475,11,51,cnn_test,1
MH-001_21.178636_78.914617,MH-001,21.178636,78.914617,12,7,cnn_test,0
MH-001_21.178636_78.914887,MH-001,21.178636,78.914887,12,8,cnn_test,0
MH-001_21.178636_78.915156,MH-001,21.178636,78.915156,12,9,cnn_test,0
MH-001_21.178636_78.916504,MH-001,21.178636,78.916504,12,14,cnn_test,0
MH-001_21.178636_78.916773,MH-001,21.178636,78.916773,12,15,cnn_test,0
MH-001_21.178636_78.917043,MH-001,21.178636,78.917043,12,16,cnn_test,0
MH-001_21.178636_78.917312,MH-001,21.178636,78.917312,12,17,cnn_test,0
MH-001_21.178636_78.917582,MH-001,21.178636,78.917582,12,18,cnn_test,0
MH-001_21.178636_78.917851,MH-001,21.178636,78.917851,12,19,cnn_test,0
MH-001_21.178636_78.918121,MH-001,21.178636,78.918121,12,20,cnn_test,0
MH-001_21.178636_78.921355,MH-001,21.178636,78.921355,12,32,cnn_test,1
MH-001_21.178636_78.921624,MH-001,21.178636,78.921624,12,33,cnn_test,0
MH-001_21.178636_78.921894,MH-001,21.178636,78.921894,12,34,cnn_test,1
MH-001_21.178636_78.922163,MH-001,21.178636,78.922163,12,35,cnn_test,1
MH-001_21.178636_78.922433,MH-001,21.178636,78.922433,12,36,cnn_test,1
MH-001_21.178636_78.922702,MH-001,21.178636,78.922702,12,37,cnn_test,0
MH-001_21.178636_78.923241,MH-001,21.178636,78.923241,12,39,cnn_test,1
MH-001_21.178636_78.92351,MH-001,21.178636,78.92351,12,40,cnn_test,1
MH-001_21.178636_78.924049,MH-001,21.178636,78.924049,12,42,cnn_test,1
MH-001_21.178636_78.924319,MH-001,21.178636,78.924319,12,43,cnn_test,0
MH-001_21.178636_78.924588,MH-001,21.178636,78.924588,12,44,cnn_test,0
MH-001_21.178636_78.924858,MH-001,21.178636,78.924858,12,45,cnn_test,1
MH-001_21.178636_78.925127,MH-001,21.178636,78.925127,12,46,cnn_test,1
MH-001_21.178636_78.925666,MH-001,21.178636,78.925666,12,48,cnn_test,1
MH-001_21.178367_78.914887,MH-001,21.178367,78.914887,13,8,cnn_test,0
MH-001_21.178367_78.915156,MH-001,21.178367,78.915156,13,9,cnn_test,0
MH-001_21.178367_78.915695,MH-001,21.178367,78.915695,13,11,cnn_test,0
MH-001_21.178367_78.916773,MH-001,21.178367,78.916773,13,15,cnn_test,0
MH-001_21.178367_78.917043,MH-001,21.178367,78.917043,13,16,cnn_test,0
MH-001_21.178367_78.917312,MH-001,21.178367,78.917312,13,17,cnn_test,0
MH-001_21.178367_78.917582,MH-001,21.178367,78.917582,13,18,cnn_test,0
MH-001_21.178367_78.917851,MH-001,21.178367,78.917851,13,19,cnn_test,0
MH-001_21.178367_78.920277,MH-001,21.178367,78.920277,13,28,cnn_test,0
MH-001_21.178367_78.921355,MH-001,21.178367,78.921355,13,32,cnn_test,1
MH-001_21.178367_78.921624,MH-001,21.178367,78.921624,13,33,cnn_test,1
MH-001_21.178367_78.921894,MH-001,21.178367,78.921894,13,34,cnn_test,1
MH-001_21.178367_78.922163,MH-001,21.178367,78.922163,13,35,cnn_test,1
MH-001_21.178367_78.922433,MH-001,21.178367,78.922433,13,36,cnn_test,0
MH-001_21.178367_78.922702,MH-001,21.178367,78.922702,13,37,cnn_test,0
MH-001_21.178367_78.92351,MH-001,21.178367,78.92351,13,40,cnn_test,0
MH-001_21.178367_78.92378,MH-001,21.178367,78.92378,13,41,cnn_test,0
MH-001_21.178367_78.924049,MH-001,21.178367,78.924049,13,42,cnn_test,0
MH-001_21.178367_78.924319,MH-001,21.178367,78.924319,13,43,cnn_test,0
MH-001_21.178367_78.924858,MH-001,21.178367,78.924858,13,45,cnn_test,0
MH-001_21.178367_78.926475,MH-001,21.178367,78.926475,13,51,cnn_test,1
MH-001_21.178097_78.914617,MH-001,21.178097,78.914617,14,7,cnn_test,0
MH-001_21.178097_78.914887,MH-001,21.178097,78.914887,14,8,cnn_test,0
MH-001_21.178097_78.915426,MH-001,21.178097,78.915426,14,10,cnn_test,0
MH-001_21.178097_78.915695,MH-001,21.178097,78.915695,14,11,cnn_test,0
MH-001_21.178097_78.916773,MH-001,21.178097,78.916773,14,15,cnn_test,0
MH-001_21.178097_78.917312,MH-001,21.178097,78.917312,14,17,cnn_test,0
MH-001_21.178097_78.917582,MH-001,21.178097,78.917582,14,18,cnn_test,0
MH-001_21.178097_78.917851,MH-001,21.178097,78.917851,14,19,cnn_test,0
MH-001_21.178097_78.918121,MH-001,21.178097,78.918121,14,20,cnn_test,0
MH-001_21.178097_78.91839,MH-001,21.178097,78.91839,14,21,cnn_test,0
MH-001_21.178097_78.920277,MH-001,21.178097,78.920277,14,28,cnn_test,0
MH-001_21.178097_78.920546,MH-001,21.178097,78.920546,14,29,cnn_test,0
MH-001_21.178097_78.920816,MH-001,21.178097,78.920816,14,30,cnn_test,0
MH-001_21.178097_78.921355,MH-001,21.178097,78.921355,14,32,cnn_test,0
MH-001_21.178097_78.921624,MH-001,21.178097,78.921624,14,33,cnn_test,0
MH-001_21.178097_78.921894,MH-001,21.178097,78.921894,14,34,cnn_test,1
MH-001_21.178097_78.922163,MH-001,21.178097,78.922163,14,35,cnn_test,0
MH-001_21.178097_78.922433,MH-001,21.178097,78.922433,14,36,cnn_test,0
MH-001_21.178097_78.922702,MH-001,21.178097,78.922702,14,37,cnn_test,0
MH-001_21.178097_78.922972,MH-001,21.178097,78.922972,14,38,cnn_test,0
MH-001_21.178097_78.92378,MH-001,21.178097,78.92378,14,41,cnn_test,0
MH-001_21.178097_78.924049,MH-001,21.178097,78.924049,14,42,cnn_test,0
MH-001_21.178097_78.926475,MH-001,21.178097,78.926475,14,51,cnn_test,0
MH-001_21.177828_78.914617,MH-001,21.177828,78.914617,15,7,cnn_test,0
MH-001_21.177828_78.914887,MH-001,21.177828,78.914887,15,8,cnn_test,0
MH-001_21.177828_78.915156,MH-001,21.177828,78.915156,15,9,cnn_test,0
MH-001_21.177828_78.915426,MH-001,21.177828,78.915426,15,10,cnn_test,0
MH-001_21.177828_78.915695,MH-001,21.177828,78.915695,15,11,cnn_test,0
MH-001_21.177828_78.917851,MH-001,21.177828,78.917851,15,19,cnn_test,0
MH-001_21.177828_78.918121,MH-001,21.177828,78.918121,15,20,cnn_test,0
MH-001_21.177828_78.920277,MH-001,21.177828,78.920277,15,28,cnn_test,0
MH-001_21.177828_78.920546,MH-001,21.177828,78.920546,15,29,cnn_test,0
MH-001_21.177828_78.921355,MH-001,21.177828,78.921355,15,32,cnn_test,0
MH-001_21.177828_78.921624,MH-001,21.177828,78.921624,15,33,cnn_test,0
MH-001_21.177828_78.921894,MH-001,21.177828,78.921894,15,34,cnn_test,0
MH-001_21.177828_78.922163,MH-001,21.177828,78.922163,15,35,cnn_test,1
MH-001_21.177828_78.922433,MH-001,21.177828,78.922433,15,36,cnn_test,1
MH-001_21.177828_78.922702,MH-001,21.177828,78.922702,15,37,cnn_test,1
MH-001_21.177828_78.922972,MH-001,21.177828,78.922972,15,38,cnn_test,1
MH-001_21.177828_78.92378,MH-001,21.177828,78.92378,15,41,cnn_test,1
MH-001_21.177828_78.924049,MH-001,21.177828,78.924049,15,42,cnn_test,0
MH-001_21.177828_78.924588,MH-001,21.177828,78.924588,15,44,cnn_test,0
MH-001_21.177828_78.924858,MH-001,21.177828,78.924858,15,45,cnn_test,0
MH-001_21.177828_78.925127,MH-001,21.177828,78.925127,15,46,cnn_test,1
MH-001_21.177828_78.926475,MH-001,21.177828,78.926475,15,51,cnn_test,1
MH-001_21.177558_78.914617,MH-001,21.177558,78.914617,16,7,cnn_test,0
MH-001_21.177558_78.915156,MH-001,21.177558,78.915156,16,9,cnn_test,0
MH-001_21.177558_78.915426,MH-001,21.177558,78.915426,16,10,cnn_test,0
MH-001_21.177558_78.915695,MH-001,21.177558,78.915695,16,11,cnn_test,0
MH-001_21.177558_78.915965,MH-001,21.177558,78.915965,16,12,cnn_test,0
MH-001_21.177558_78.918121,MH-001,21.177558,78.918121,16,20,cnn_test,0
MH-001_21.177558_78.91839,MH-001,21.177558,78.91839,16,21,cnn_test,0
MH-001_21.177558_78.918929,MH-001,21.177558,78.918929,16,23,cnn_test,0
MH-001_21.177558_78.919199,MH-001,21.177558,78.919199,16,24,cnn_test,0
MH-001_21.177558_78.919468,MH-001,21.177558,78.919468,16,25,cnn_test,0
MH-001_21.177558_78.919738,MH-001,21.177558,78.919738,16,26,cnn_test,0
MH-001_21.177558_78.920546,MH-001,21.177558,78.920546,16,29,cnn_test,0
MH-001_21.177558_78.921355,MH-001,21.177558,78.921355,16,32,cnn_test,0
MH-001_21.177558_78.921624,MH-001,21.177558,78.921624,16,33,cnn_test,0
MH-001_21.177558_78.921894,MH-001,21.177558,78.921894,16,34,cnn_test,0
MH-001_21.177558_78.922163,MH-001,21.177558,78.922163,16,35,cnn_test,1
MH-001_21.177558_78.922433,MH-001,21.177558,78.922433,16,36,cnn_test,1
MH-001_21.177558_78.922702,MH-001,21.177558,78.922702,16,37,cnn_test,1
MH-001_21.177558_78.922972,MH-001,21.177558,78.922972,16,38,cnn_test,1
MH-001_21.177558_78.923241,MH-001,21.177558,78.923241,16,39,cnn_test,1
MH-001_21.177558_78.92351,MH-001,21.177558,78.92351,16,40,cnn_test,0
MH-001_21.177558_78.924319,MH-001,21.177558,78.924319,16,43,cnn_test,1
MH-001_21.177558_78.924588,MH-001,21.177558,78.924588,16,44,cnn_test,0
MH-001_21.177558_78.924858,MH-001,21.177558,78.924858,16,45,cnn_test,1
MH-001_21.177558_78.925127,MH-001,21.177558,78.925127,16,46,cnn_test,1
MH-001_21.177558_78.925397,MH-001,21.177558,78.925397,16,47,cnn_test,0
MH-001_21.177558_78.925666,MH-001,21.177558,78.925666,16,48,cnn_test,0
MH-001_21.177289_78.914887,MH-001,21.177289,78.914887,17,8,cnn_test,0
MH-001_21.177289_78.915156,MH-001,21.177289,78.915156,17,9,cnn_test,0
MH-001_21.177289_78.915426,MH-001,21.177289,78.915426,17,10,cnn_test,0
MH-001_21.177289_78.916773,MH-001,21.177289,78.916773,17,15,cnn_test,0
MH-001_21.177289_78.917851,MH-001,21.177289,78.917851,17,19,cnn_test,0
MH-001_21.177289_78.918121,MH-001,21.177289,78.918121,17,20,cnn_test,0
MH-001_21.177289_78.91839,MH-001,21.177289,78.91839,17,21,cnn_test,1
MH-001_21.177289_78.919199,MH-001,21.177289,78.919199,17,24,cnn_test,0
MH-001_21.177289_78.919468,MH-001,21.177289,78.919468,17,25,cnn_test,0
MH-001_21.177289_78.919738,MH-001,21.177289,78.919738,17,26,cnn_test,0
MH-001_21.177289_78.920007,MH-001,21.177289,78.920007,17,27,cnn_test,0
MH-001_21.177289_78.921355,MH-001,21.177289,78.921355,17,32,cnn_test,0
MH-001_21.177289_78.921624,MH-001,21.177289,78.921624,17,33,cnn_test,0
MH-001_21.177289_78.921894,MH-001,21.177289,78.921894,17,34,cnn_test,0
MH-001_21.177289_78.922163,MH-001,21.177289,78.922163,17,35,cnn_test,0
MH-001_21.177289_78.922433,MH-001,21.177289,78.922433,17,36,cnn_test,0
MH-001_21.177289_78.922702,MH-001,21.177289,78.922702,17,37,cnn_test,0
MH-001_21.177289_78.922972,MH-001,21.177289,78.922972,17,38,cnn_test,1
MH-001_21.177289_78.923241,MH-001,21.177289,78.923241,17,39,cnn_test,0
MH-001_21.177289_78.92351,MH-001,21.177289,78.92351,17,40,cnn_test,0
MH-001_21.177289_78.92378,MH-001,21.177289,78.92378,17,41,cnn_test,0
MH-001_21.177289_78.924049,MH-001,21.177289,78.924049,17,42,cnn_test,0
MH-001_21.177289_78.924319,MH-001,21.177289,78.924319,17,43,cnn_test,0
MH-001_21.177289_78.924588,MH-001,21.177289,78.924588,17,44,cnn_test,0
MH-001_21.177289_78.924858,MH-001,21.177289,78.924858,17,45,cnn_test,1
MH-001_21.177289_78.925397,MH-001,21.177289,78.925397,17,47,cnn_test,0
MH-001_21.177019_78.914617,MH-001,21.177019,78.914617,18,7,cnn_test,0
MH-001_21.177019_78.914887,MH-001,21.177019,78.914887,18,8,cnn_test,0
MH-001_21.177019_78.915156,MH-001,21.177019,78.915156,18,9,cnn_test,0
MH-001_21.177019_78.915426,MH-001,21.177019,78.915426,18,10,cnn_test,0
MH-001_21.177019_78.915695,MH-001,21.177019,78.915695,18,11,cnn_test,1
MH-001_21.177019_78.917851,MH-001,21.177019,78.917851,18,19,cnn_test,0
MH-001_21.177019_78.918121,MH-001,21.177019,78.918121,18,20,cnn_test,0
MH-001_21.177019_78.919199,MH-001,21.177019,78.919199,18,24,cnn_test,0
MH-001_21.177019_78.919468,MH-001,21.177019,78.919468,18,25,cnn_test,0
MH-001_21.177019_78.919738,MH-001,21.177019,78.919738,18,26,cnn_test,0
MH-001_21.177019_78.920007,MH-001,21.177019,78.920007,18,27,cnn_test,0
MH-001_21.177019_78.921355,MH-001,21.177019,78.921355,18,32,cnn_test,0
MH-001_21.177019_78.921624,MH-001,21.177019,78.921624,18,33,cnn_test,0
MH-001_21.177019_78.921894,MH-001,21.177019,78.921894,18,34,cnn_test,0
MH-001_21.177019_78.922163,MH-001,21.177019,78.922163,18,35,cnn_test,0
MH-001_21.177019_78.922433,MH-001,21.177019,78.922433,18,36,cnn_test,0
MH-001_21.177019_78.922702,MH-001,21.177019,78.922702,18,37,cnn_test,0
MH-001_21.177019_78.922972,MH-001,21.177019,78.922972,18,38,cnn_test,0
MH-001_21.177019_78.923241,MH-001,21.177019,78.923241,18,39,cnn_test,0
MH-001_21.177019_78.92351,MH-001,21.177019,78.92351,18,40,cnn_test,1
MH-001_21.177019_78.92378,MH-001,21.177019,78.92378,18,41,cnn_test,1
MH-001_21.177019_78.924049,MH-001,21.177019,78.924049,18,42,cnn_test,0
MH-001_21.177019_78.924319,MH-001,21.177019,78.924319,18,43,cnn_test,0
MH-001_21.177019_78.924588,MH-001,21.177019,78.924588,18,44,cnn_test,0
MH-001_21.177019_78.925127,MH-001,21.177019,78.925127,18,46,cnn_test,1
MH-001_21.177019_78.925397,MH-001,21.177019,78.925397,18,47,cnn_test,0
MH-001_21.17675_78.914887,MH-001,21.17675,78.914887,19,8,cnn_test,0
MH-001_21.17675_78.915156,MH-001,21.17675,78.915156,19,9,cnn_test,0
MH-001_21.17675_78.915426,MH-001,21.17675,78.915426,19,10,cnn_test,0
MH-001_21.17675_78.915695,MH-001,21.17675,78.915695,19,11,cnn_test,0
MH-001_21.17675_78.915965,MH-001,21.17675,78.915965,19,12,cnn_test,0
MH-001_21.17675_78.916234,MH-001,21.17675,78.916234,19,13,cnn_test,0
MH-001_21.17675_78.916504,MH-001,21.17675,78.916504,19,14,cnn_test,0
MH-001_21.17675_78.917043,MH-001,21.17675,78.917043,19,16,cnn_test,0
MH-001_21.17675_78.917582,MH-001,21.17675,78.917582,19,18,cnn_test,0
MH-001_21.17675_78.917851,MH-001,21.17675,78.917851,19,19,cnn_test,0
MH-001_21.17675_78.918121,MH-001,21.17675,78.918121,19,20,cnn_test,0
MH-001_21.17675_78.91839,MH-001,21.17675,78.91839,19,21,cnn_test,0
MH-001_21.17675_78.919738,MH-001,21.17675,78.919738,19,26,cnn_test,0
MH-001_21.17675_78.920007,MH-001,21.17675,78.920007,19,27,cnn_test,0
MH-001_21.17675_78.921894,MH-001,21.17675,78.921894,19,34,cnn_test,0
MH-001_21.17675_78.922702,MH-001,21.17675,78.922702,19,37,cnn_test,0
MH-001_21.17675_78.922972,MH-001,21.17675,78.922972,19,38,cnn_test,1
MH-001_21.17675_78.924319,MH-001,21.17675,78.924319,19,43,cnn_test,0
MH-001_21.17675_78.924858,MH-001,21.17675,78.924858,19,45,cnn_test,0
MH-001_21.17675_78.925127,MH-001,21.17675,78.925127,19,46,cnn_test,0
MH-001_21.17675_78.925397,MH-001,21.17675,78.925397,19,47,cnn_test,0
MH-001_21.17675_78.926205,MH-001,21.17675,78.926205,19,50,cnn_test,0
MH-001_21.17648_78.914887,MH-001,21.17648,78.914887,20,8,cnn_test,0
MH-001_21.17648_78.915156,MH-001,21.17648,78.915156,20,9,cnn_test,0
MH-001_21.17648_78.915426,MH-001,21.17648,78.915426,20,10,cnn_test,0
MH-001_21.17648_78.915695,MH-001,21.17648,78.915695,20,11,cnn_test,0
MH-001_21.17648_78.915965,MH-001,21.17648,78.915965,20,12,cnn_test,0
MH-001_21.17648_78.916234,MH-001,21.17648,78.916234,20,13,cnn_test,0
MH-001_21.17648_78.916504,MH-001,21.17648,78.916504,20,14,cnn_test,0
MH-001_21.17648_78.917043,MH-001,21.17648,78.917043,20,16,cnn_test,0
MH-001_21.17648_78.917582,MH-001,21.17648,78.917582,20,18,cnn_test,0
MH-001_21.17648_78.917851,MH-001,21.17648,78.917851,20,19,cnn_test,0
MH-001_21.17648_78.918121,MH-001,21.17648,78.918121,20,20,cnn_test,0
MH-001_21.17648_78.919468,MH-001,21.17648,78.919468,20,25,cnn_test,0
MH-001_21.17648_78.923241,MH-001,21.17648,78.923241,20,39,cnn_test,1
MH-001_21.17648_78.92378,MH-001,21.17648,78.92378,20,41,cnn_test,1
MH-001_21.17648_78.924049,MH-001,21.17648,78.924049,20,42,cnn_test,0
MH-001_21.17648_78.924319,MH-001,21.17648,78.924319,20,43,cnn_test,0
MH-001_21.17648_78.924588,MH-001,21.17648,78.924588,20,44,cnn_test,0
MH-001_21.17648_78.926205,MH-001,21.17648,78.926205,20,50,cnn_test,0
MH-001_21.176211_78.915156,MH-001,21.176211,78.915156,21,9,cnn_test,0
MH-001_21.176211_78.915426,MH-001,21.176211,78.915426,21,10,cnn_test,0
MH-001_21.176211_78.915695,MH-001,21.176211,78.915695,21,11,cnn_test,0
MH-001_21.176211_78.915965,MH-001,21.176211,78.915965,21,12,cnn_test,0
MH-001_21.176211_78.916234,MH-001,21.176211,78.916234,21,13,cnn_test,0
MH-001_21.176211_78.916504,MH-001,21.176211,78.916504,21,14,cnn_test,0
MH-001_21.176211_78.917312,MH-001,21.176211,78.917312,21,17,cnn_test,0
MH-001_21.176211_78.917851,MH-001,21.176211,78.917851,21,19,cnn_test,0
MH-001_21.176211_78.918121,MH-001,21.176211,78.918121,21,20,cnn_test,0
MH-001_21.176211_78.921085,MH-001,21.176211,78.921085,21,31,cnn_test,0
MH-001_21.176211_78.921355,MH-001,21.176211,78.921355,21,32,cnn_test,0
MH-001_21.176211_78.922433,MH-001,21.176211,78.922433,21,36,cnn_test,0
MH-001_21.176211_78.922972,MH-001,21.176211,78.922972,21,38,cnn_test,1
MH-001_21.176211_78.92351,MH-001,21.176211,78.92351,21,40,cnn_test,1
MH-001_21.176211_78.92378,MH-001,21.176211,78.92378,21,41,cnn_test,1
MH-001_21.176211_78.924049,MH-001,21.176211,78.924049,21,42,cnn_test,1
MH-001_21.176211_78.924319,MH-001,21.176211,78.924319,21,43,cnn_test,0
MH-001_21.176211_78.924588,MH-001,21.176211,78.924588,21,44,cnn_test,0
MH-001_21.176211_78.924858,MH-001,21.176211,78.924858,21,45,cnn_test,0
MH-001_21.176211_78.925397,MH-001,21.176211,78.925397,21,47,cnn_test,0
MH-001_21.176211_78.925936,MH-001,21.176211,78.925936,21,49,cnn_test,0
MH-001_21.175941_78.915426,MH-001,21.175941,78.915426,22,10,cnn_test,0
MH-001_21.175941_78.915695,MH-001,21.175941,78.915695,22,11,cnn_test,0
MH-001_21.175941_78.915965,MH-001,21.175941,78.915965,22,12,cnn_test,0
MH-001_21.175941_78.916234,MH-001,21.175941,78.916234,22,13,cnn_test,0
MH-001_21.175941_78.916504,MH-001,21.175941,78.916504,22,14,cnn_test,0
MH-001_21.175941_78.917312,MH-001,21.175941,78.917312,22,17,cnn_test,0
MH-001_21.175941_78.918121,MH-001,21.175941,78.918121,22,20,cnn_test,0
MH-001_21.175941_78.91839,MH-001,21.175941,78.91839,22,21,cnn_test,0
MH-001_21.175941_78.91866,MH-001,21.175941,78.91866,22,22,cnn_test,0
MH-001_21.175941_78.919468,MH-001,21.175941,78.919468,22,25,cnn_test,0
MH-001_21.175941_78.919738,MH-001,21.175941,78.919738,22,26,cnn_test,0
MH-001_21.175941_78.923241,MH-001,21.175941,78.923241,22,39,cnn_test,1
MH-001_21.175941_78.92351,MH-001,21.175941,78.92351,22,40,cnn_test,1
MH-001_21.175941_78.92378,MH-001,21.175941,78.92378,22,41,cnn_test,1
MH-001_21.175941_78.924049,MH-001,21.175941,78.924049,22,42,cnn_test,0
MH-001_21.175941_78.924319,MH-001,21.175941,78.924319,22,43,cnn_test,0
MH-001_21.175941_78.924588,MH-001,21.175941,78.924588,22,44,cnn_test,0
MH-001_21.175941_78.924858,MH-001,21.175941,78.924858,22,45,cnn_test,0
MH-001_21.175941_78.925397,MH-001,21.175941,78.925397,22,47,cnn_test,0
MH-001_21.175941_78.925936,MH-001,21.175941,78.925936,22,49,cnn_test,0
MH-001_21.175941_78.926205,MH-001,21.175941,78.926205,22,50,cnn_test,0
MH-001_21.175672_78.916234,MH-001,21.175672,78.916234,23,13,cnn_test,1
MH-001_21.175672_78.916504,MH-001,21.175672,78.916504,23,14,cnn_test,1
MH-001_21.175672_78.916773,MH-001,21.175672,78.916773,23,15,cnn_test,1
MH-001_21.175672_78.917312,MH-001,21.175672,78.917312,23,17,cnn_test,1
MH-001_21.175672_78.918121,MH-001,21.175672,78.918121,23,20,cnn_test,0
MH-001_21.175672_78.91839,MH-001,21.175672,78.91839,23,21,cnn_test,0
MH-001_21.175672_78.91866,MH-001,21.175672,78.91866,23,22,cnn_test,0
MH-001_21.175672_78.919199,MH-001,21.175672,78.919199,23,24,cnn_test,0
MH-001_21.175672_78.919468,MH-001,21.175672,78.919468,23,25,cnn_test,0
MH-001_21.175672_78.919738,MH-001,21.175672,78.919738,23,26,cnn_test,0
MH-001_21.175672_78.920007,MH-001,21.175672,78.920007,23,27,cnn_test,1
MH-001_21.175672_78.920277,MH-001,21.175672,78.920277,23,28,cnn_test,0
MH-001_21.175672_78.920816,MH-001,21.175672,78.920816,23,30,cnn_test,0
MH-001_21.175672_78.921085,MH-001,21.175672,78.921085,23,31,cnn_test,0
MH-001_21.175672_78.921355,MH-001,21.175672,78.921355,23,32,cnn_test,0
MH-001_21.175672_78.923241,MH-001,21.175672,78.923241,23,39,cnn_test,1
MH-001_21.175672_78.92351,MH-001,21.175672,78.92351,23,40,cnn_test,1
MH-001_21.175672_78.92378,MH-001,21.175672,78.92378,23,41,cnn_test,1
MH-001_21.175672_78.924049,MH-001,21.175672,78.924049,23,42,cnn_test,0
MH-001_21.175672_78.924319,MH-001,21.175672,78.924319,23,43,cnn_test,0
MH-001_21.175672_78.924588,MH-001,21.175672,78.924588,23,44,cnn_test,0
MH-001_21.175672_78.924858,MH-001,21.175672,78.924858,23,45,cnn_test,0
MH-001_21.175672_78.925397,MH-001,21.175672,78.925397,23,47,cnn_test,0
MH-001_21.175672_78.925666,MH-001,21.175672,78.925666,23,48,cnn_test,0
MH-001_21.175672_78.926475,MH-001,21.175672,78.926475,23,51,cnn_test,0
MH-001_21.175402_78.915426,MH-001,21.175402,78.915426,24,10,cnn_test,0
MH-001_21.175402_78.915695,MH-001,21.175402,78.915695,24,11,cnn_test,0
MH-001_21.175402_78.916504,MH-001,21.175402,78.916504,24,14,cnn_test,1
MH-001_21.175402_78.916773,MH-001,21.175402,78.916773,24,15,cnn_test,1
MH-001_21.175402_78.917312,MH-001,21.175402,78.917312,24,17,cnn_test,1
MH-001_21.175402_78.918121,MH-001,21.175402,78.918121,24,20,cnn_test,0
MH-001_21.175402_78.91839,MH-001,21.175402,78.91839,24,21,cnn_test,0
MH-001_21.175402_78.91866,MH-001,21.175402,78.91866,24,22,cnn_test,0
MH-001_21.175402_78.918929,MH-001,21.175402,78.918929,24,23,cnn_test,0
MH-001_21.175402_78.919199,MH-001,21.175402,78.919199,24,24,cnn_test,0
MH-001_21.175402_78.919468,MH-001,21.175402,78.919468,24,25,cnn_test,0
MH-001_21.175402_78.919738,MH-001,21.175402,78.919738,24,26,cnn_test,0
MH-001_21.175402_78.920007,MH-001,21.175402,78.920007,24,27,cnn_test,0
MH-001_21.175402_78.920277,MH-001,21.175402,78.920277,24,28,cnn_test,0
MH-001_21.175402_78.920546,MH-001,21.175402,78.920546,24,29,cnn_test,0
MH-001_21.175402_78.921085,MH-001,21.175402,78.921085,24,31,cnn_test,0
MH-001_21.175402_78.921355,MH-001,21.175402,78.921355,24,32,cnn_test,0
MH-001_21.175402_78.921624,MH-001,21.175402,78.921624,24,33,cnn_test,0
MH-001_21.175402_78.922163,MH-001,21.175402,78.922163,24,35,cnn_test,0
MH-001_21.175402_78.92351,MH-001,21.175402,78.92351,24,40,cnn_test,1
MH-001_21.175402_78.92378,MH-001,21.175402,78.92378,24,41,cnn_test,0
MH-001_21.175402_78.924049,MH-001,21.175402,78.924049,24,42,cnn_test,0
MH-001_21.175402_78.925127,MH-001,21.175402,78.925127,24,46,cnn_test,0
MH-001_21.175402_78.925397,MH-001,21.175402,78.925397,24,47,cnn_test,0
MH-001_21.175402_78.925666,MH-001,21.175402,78.925666,24,48,cnn_test,0
MH-001_21.175133_78.916234,MH-001,21.175133,78.916234,25,13,cnn_test,1
MH-001_21.175133_78.916773,MH-001,21.175133,78.916773,25,15,cnn_test,1
MH-001_21.175133_78.917851,MH-001,21.175133,78.917851,25,19,cnn_test,0
MH-001_21.175133_78.918121,MH-001,21.175133,78.918121,25,20,cnn_test,0
MH-001_21.175133_78.91839,MH-001,21.175133,78.91839,25,21,cnn_test,0
MH-001_21.175133_78.919738,MH-001,21.175133,78.919738,25,26,cnn_test,0
MH-001_21.175133_78.920007,MH-001,21.175133,78.920007,25,27,cnn_test,0
MH-001_21.175133_78.920277,MH-001,21.175133,78.920277,25,28,cnn_test,0
MH-001_21.175133_78.921355,MH-001,21.175133,78.921355,25,32,cnn_test,0
MH-001_21.175133_78.923241,MH-001,21.175133,78.923241,25,39,cnn_test,0
MH-001_21.175133_78.92378,MH-001,21.175133,78.92378,25,41,cnn_test,0
MH-001_21.175133_78.924588,MH-001,21.175133,78.924588,25,44,cnn_test,0
MH-001_21.175133_78.924858,MH-001,21.175133,78.924858,25,45,cnn_test,0
MH-001_21.175133_78.925127,MH-001,21.175133,78.925127,25,46,cnn_test,0
MH-001_21.175133_78.925666,MH-001,21.175133,78.925666,25,48,cnn_test,0
MH-001_21.175133_78.925936,MH-001,21.175133,78.925936,25,49,cnn_test,0
MH-001_21.175133_78.926205,MH-001,21.175133,78.926205,25,50,cnn_test,0
MH-001_21.174863_78.916504,MH-001,21.174863,78.916504,26,14,cnn_test,1
MH-001_21.174863_78.916773,MH-001,21.174863,78.916773,26,15,cnn_test,0
MH-001_21.174863_78.917043,MH-001,21.174863,78.917043,26,16,cnn_test,1
MH-001_21.174863_78.917312,MH-001,21.174863,78.917312,26,17,cnn_test,1
MH-001_21.174863_78.917582,MH-001,21.174863,78.917582,26,18,cnn_test,0
MH-001_21.174863_78.917851,MH-001,21.174863,78.917851,26,19,cnn_test,0
MH-001_21.174863_78.918121,MH-001,21.174863,78.918121,26,20,cnn_test,0
MH-001_21.174863_78.921085,MH-001,21.174863,78.921085,26,31,cnn_test,0
MH-001_21.174863_78.921355,MH-001,21.174863,78.921355,26,32,cnn_test,0
MH-001_21.174863_78.921624,MH-001,21.174863,78.921624,26,33,cnn_test,0
MH-001_21.174863_78.921894,MH-001,21.174863,78.921894,26,34,cnn_test,0
MH-001_21.174863_78.92378,MH-001,21.174863,78.92378,26,41,cnn_test,0
MH-001_21.174863_78.924049,MH-001,21.174863,78.924049,26,42,cnn_test,0
MH-001_21.174863_78.925666,MH-001,21.174863,78.925666,26,48,cnn_test,0
MH-001_21.174594_78.916234,MH-001,21.174594,78.916234,27,13,cnn_test,0
MH-001_21.174594_78.916504,MH-001,21.174594,78.916504,27,14,cnn_test,1
MH-001_21.174594_78.917312,MH-001,21.174594,78.917312,27,17,cnn_test,0
MH-001_21.174594_78.917582,MH-001,21.174594,78.917582,27,18,cnn_test,0
MH-001_21.174594_78.917851,MH-001,21.174594,78.917851,27,19,cnn_test,0
MH-001_21.174594_78.91866,MH-001,21.174594,78.91866,27,22,cnn_test,0
MH-001_21.174594_78.920277,MH-001,21.174594,78.920277,27,28,cnn_test,0
MH-001_21.174594_78.920546,MH-001,21.174594,78.920546,27,29,cnn_test,0
MH-001_21.174594_78.920816,MH-001,21.174594,78.920816,27,30,cnn_test,1
MH-001_21.174594_78.921085,MH-001,21.174594,78.921085,27,31,cnn_test,0
MH-001_21.174594_78.921355,MH-001,21.174594,78.921355,27,32,cnn_test,0
MH-001_21.174594_78.921624,MH-001,21.174594,78.921624,27,33,cnn_test,0
MH-001_21.174594_78.921894,MH-001,21.174594,78.921894,27,34,cnn_test,0
MH-001_21.174594_78.922163,MH-001,21.174594,78.922163,27,35,cnn_test,0
MH-001_21.174594_78.922433,MH-001,21.174594,78.922433,27,36,cnn_test,0
MH-001_21.174594_78.923241,MH-001,21.174594,78.923241,27,39,cnn_test,0
MH-001_21.174594_78.92351,MH-001,21.174594,78.92351,27,40,cnn_test,0
MH-001_21.174594_78.925397,MH-001,21.174594,78.925397,27,47,cnn_test,0
MH-001_21.174594_78.925666,MH-001,21.174594,78.925666,27,48,cnn_test,0
MH-001_21.174594_78.925936,MH-001,21.174594,78.925936,27,49,cnn_test,0
MH-001_21.174594_78.926205,MH-001,21.174594,78.926205,27,50,cnn_test,0
MH-001_21.174594_78.926475,MH-001,21.174594,78.926475,27,51,cnn_test,0
MH-001_21.174324_78.917043,MH-001,21.174324,78.917043,28,16,cnn_test,0
MH-001_21.174324_78.917312,MH-001,21.174324,78.917312,28,17,cnn_test,0
MH-001_21.174324_78.917582,MH-001,21.174324,78.917582,28,18,cnn_test,0
MH-001_21.174324_78.917851,MH-001,21.174324,78.917851,28,19,cnn_test,0
MH-001_21.174324_78.918121,MH-001,21.174324,78.918121,28,20,cnn_test,0
MH-001_21.174324_78.91839,MH-001,21.174324,78.91839,28,21,cnn_test,0
MH-001_21.174324_78.918929,MH-001,21.174324,78.918929,28,23,cnn_test,0
MH-001_21.174324_78.919738,MH-001,21.174324,78.919738,28,26,cnn_test,0
MH-001_21.174324_78.920007,MH-001,21.174324,78.920007,28,27,cnn_test,0
MH-001_21.174324_78.920277,MH-001,21.174324,78.920277,28,28,cnn_test,0
MH-001_21.174324_78.920546,MH-001,21.174324,78.920546,28,29,cnn_test,1
MH-001_21.174324_78.920816,MH-001,21.174324,78.920816,28,30,cnn_test,1
MH-001_21.174324_78.921085,MH-001,21.174324,78.921085,28,31,cnn_test,1
MH-001_21.174324_78.921355,MH-001,21.174324,78.921355,28,32,cnn_test,1
MH-001_21.174324_78.921624,MH-001,21.174324,78.921624,28,33,cnn_test,1
MH-001_21.174324_78.921894,MH-001,21.174324,78.921894,28,34,cnn_test,0
MH-001_21.174324_78.922163,MH-001,21.174324,78.922163,28,35,cnn_test,0
MH-001_21.174324_78.922433,MH-001,21.174324,78.922433,28,36,cnn_test,0
MH-001_21.174324_78.922702,MH-001,21.174324,78.922702,28,37,cnn_test,0
MH-001_21.174324_78.922972,MH-001,21.174324,78.922972,28,38,cnn_test,0
MH-001_21.174324_78.924588,MH-001,21.174324,78.924588,28,44,cnn_test,0
MH-001_21.174324_78.924858,MH-001,21.174324,78.924858,28,45,cnn_test,0
MH-001_21.174324_78.925127,MH-001,21.174324,78.925127,28,46,cnn_test,0
MH-001_21.174324_78.925397,MH-001,21.174324,78.925397,28,47,cnn_test,0
MH-001_21.174324_78.925666,MH-001,21.174324,78.925666,28,48,cnn_test,0
MH-001_21.174324_78.925936,MH-001,21.174324,78.925936,28,49,cnn_test,0
MH-001_21.174324_78.926205,MH-001,21.174324,78.926205,28,50,cnn_test,0
MH-001_21.174324_78.926475,MH-001,21.174324,78.926475,28,51,cnn_test,0
MH-001_21.174055_78.917312,MH-001,21.174055,78.917312,29,17,cnn_test,1
MH-001_21.174055_78.917851,MH-001,21.174055,78.917851,29,19,cnn_test,0
MH-001_21.174055_78.918121,MH-001,21.174055,78.918121,29,20,cnn_test,0
MH-001_21.174055_78.91839,MH-001,21.174055,78.91839,29,21,cnn_test,0
MH-001_21.174055_78.919738,MH-001,21.174055,78.919738,29,26,cnn_test,0
MH-001_21.174055_78.920007,MH-001,21.174055,78.920007,29,27,cnn_test,0
MH-001_21.174055_78.920277,MH-001,21.174055,78.920277,29,28,cnn_test,0
MH-001_21.174055_78.920546,MH-001,21.174055,78.920546,29,29,cnn_test,0
MH-001_21.174055_78.920816,MH-001,21.174055,78.920816,29,30,cnn_test,0
MH-001_21.174055_78.921085,MH-001,21.174055,78.921085,29,31,cnn_test,0
MH-001_21.174055_78.921355,MH-001,21.174055,78.921355,29,32,cnn_test,0
MH-001_21.174055_78.921624,MH-001,21.174055,78.921624,29,33,cnn_test,0
MH-001_21.174055_78.921894,MH-001,21.174055,78.921894,29,34,cnn_test,0
MH-001_21.174055_78.922163,MH-001,21.174055,78.922163,29,35,cnn_test,0
MH-001_21.174055_78.922433,MH-001,21.174055,78.922433,29,36,cnn_test,0
MH-001_21.174055_78.922702,MH-001,21.174055,78.922702,29,37,cnn_test,0
MH-001_21.174055_78.922972,MH-001,21.174055,78.922972,29,38,cnn_test,0
MH-001_21.174055_78.924049,MH-001,21.174055,78.924049,29,42,cnn_test,0
MH-001_21.174055_78.924319,MH-001,21.174055,78.924319,29,43,cnn_test,0
MH-001_21.174055_78.924588,MH-001,21.174055,78.924588,29,44,cnn_test,0
MH-001_21.174055_78.924858,MH-001,21.174055,78.924858,29,45,cnn_test,0
MH-001_21.174055_78.925127,MH-001,21.174055,78.925127,29,46,cnn_test,0
MH-001_21.174055_78.925397,MH-001,21.174055,78.925397,29,47,cnn_test,0
MH-001_21.174055_78.925666,MH-001,21.174055,78.925666,29,48,cnn_test,0
MH-001_21.174055_78.925936,MH-001,21.174055,78.925936,29,49,cnn_test,0
MH-001_21.174055_78.926205,MH-001,21.174055,78.926205,29,50,cnn_test,0
MH-001_21.174055_78.926475,MH-001,21.174055,78.926475,29,51,cnn_test,0
MH-001_21.173785_78.917582,MH-001,21.173785,78.917582,30,18,cnn_test,0
MH-001_21.173785_78.917851,MH-001,21.173785,78.917851,30,19,cnn_test,0
MH-001_21.173785_78.918121,MH-001,21.173785,78.918121,30,20,cnn_test,0
MH-001_21.173785_78.920546,MH-001,21.173785,78.920546,30,29,cnn_test,0
MH-001_21.173785_78.921085,MH-001,21.173785,78.921085,30,31,cnn_test,0
MH-001_21.173785_78.921355,MH-001,21.173785,78.921355,30,32,cnn_test,0
MH-001_21.173785_78.921624,MH-001,21.173785,78.921624,30,33,cnn_test,0
MH-001_21.173785_78.921894,MH-001,21.173785,78.921894,30,34,cnn_test,0
MH-001_21.173785_78.922163,MH-001,21.173785,78.922163,30,35,cnn_test,0
MH-001_21.173785_78.922433,MH-001,21.173785,78.922433,30,36,cnn_test,0
MH-001_21.173785_78.922702,MH-001,21.173785,78.922702,30,37,cnn_test,0
MH-001_21.173785_78.922972,MH-001,21.173785,78.922972,30,38,cnn_test,0
MH-001_21.173785_78.923241,MH-001,21.173785,78.923241,30,39,cnn_test,0
MH-001_21.173785_78.92351,MH-001,21.173785,78.92351,30,40,cnn_test,0
MH-001_21.173785_78.92378,MH-001,21.173785,78.92378,30,41,cnn_test,0
MH-001_21.173785_78.924049,MH-001,21.173785,78.924049,30,42,cnn_test,0
MH-001_21.173785_78.924319,MH-001,21.173785,78.924319,30,43,cnn_test,0
MH-001_21.173785_78.924588,MH-001,21.173785,78.924588,30,44,cnn_test,0
MH-001_21.173785_78.924858,MH-001,21.173785,78.924858,30,45,cnn_test,1
MH-001_21.173785_78.925127,MH-001,21.173785,78.925127,30,46,cnn_test,0
MH-001_21.173785_78.925397,MH-001,21.173785,78.925397,30,47,cnn_test,0
MH-001_21.173785_78.925666,MH-001,21.173785,78.925666,30,48,cnn_test,0
MH-001_21.173785_78.925936,MH-001,21.173785,78.925936,30,49,cnn_test,0
MH-001_21.173785_78.926205,MH-001,21.173785,78.926205,30,50,cnn_test,0
MH-001_21.173785_78.926475,MH-001,21.173785,78.926475,30,51,cnn_test,0
MH-001_21.165431_78.914617,MH-001,21.165431,78.914617,61,7,cnn_val,0
MH-001_21.165431_78.914887,MH-001,21.165431,78.914887,61,8,cnn_val,0
MH-001_21.165431_78.915156,MH-001,21.165431,78.915156,61,9,cnn_val,1
MH-001_21.165431_78.915426,MH-001,21.165431,78.915426,61,10,cnn_val,0
MH-001_21.165431_78.915695,MH-001,21.165431,78.915695,61,11,cnn_val,0
MH-001_21.165431_78.915965,MH-001,21.165431,78.915965,61,12,cnn_val,0
MH-001_21.165431_78.916234,MH-001,21.165431,78.916234,61,13,cnn_val,0
MH-001_21.165431_78.916504,MH-001,21.165431,78.916504,61,14,cnn_val,0
MH-001_21.165431_78.916773,MH-001,21.165431,78.916773,61,15,cnn_val,0
MH-001_21.165431_78.917043,MH-001,21.165431,78.917043,61,16,cnn_val,0
MH-001_21.165431_78.917312,MH-001,21.165431,78.917312,61,17,cnn_val,0
MH-001_21.165431_78.91839,MH-001,21.165431,78.91839,61,21,cnn_val,0
MH-001_21.165431_78.91866,MH-001,21.165431,78.91866,61,22,cnn_val,0
MH-001_21.165431_78.918929,MH-001,21.165431,78.918929,61,23,cnn_val,0
MH-001_21.165431_78.919468,MH-001,21.165431,78.919468,61,25,cnn_val,0
MH-001_21.165431_78.919738,MH-001,21.165431,78.919738,61,26,cnn_val,0
MH-001_21.165431_78.920007,MH-001,21.165431,78.920007,61,27,cnn_val,0
MH-001_21.165431_78.920546,MH-001,21.165431,78.920546,61,29,cnn_val,0
MH-001_21.165431_78.920816,MH-001,21.165431,78.920816,61,30,cnn_val,0
MH-001_21.165431_78.921085,MH-001,21.165431,78.921085,61,31,cnn_val,0
MH-001_21.165431_78.921355,MH-001,21.165431,78.921355,61,32,cnn_val,0
MH-001_21.165431_78.921624,MH-001,21.165431,78.921624,61,33,cnn_val,0
MH-001_21.165431_78.921894,MH-001,21.165431,78.921894,61,34,cnn_val,0
MH-001_21.165431_78.922163,MH-001,21.165431,78.922163,61,35,cnn_val,0
MH-001_21.165431_78.924049,MH-001,21.165431,78.924049,61,42,cnn_val,0
MH-001_21.165431_78.924319,MH-001,21.165431,78.924319,61,43,cnn_val,0
MH-001_21.165431_78.925127,MH-001,21.165431,78.925127,61,46,cnn_val,0
MH-001_21.165431_78.930787,MH-001,21.165431,78.930787,61,67,cnn_val,0
MH-001_21.165431_78.931056,MH-001,21.165431,78.931056,61,68,cnn_val,0
MH-001_21.165431_78.931326,MH-001,21.165431,78.931326,61,69,cnn_val,0
MH-001_21.165161_78.914887,MH-001,21.165161,78.914887,62,8,cnn_val,0
MH-001_21.165161_78.915156,MH-001,21.165161,78.915156,62,9,cnn_val,0
MH-001_21.165161_78.915426,MH-001,21.165161,78.915426,62,10,cnn_val,0
MH-001_21.165161_78.915695,MH-001,21.165161,78.915695,62,11,cnn_val,0
MH-001_21.165161_78.915965,MH-001,21.165161,78.915965,62,12,cnn_val,0
MH-001_21.165161_78.916234,MH-001,21.165161,78.916234,62,13,cnn_val,0
MH-001_21.165161_78.916504,MH-001,21.165161,78.916504,62,14,cnn_val,0
MH-001_21.165161_78.916773,MH-001,21.165161,78.916773,62,15,cnn_val,0
MH-001_21.165161_78.917043,MH-001,21.165161,78.917043,62,16,cnn_val,0
MH-001_21.165161_78.917582,MH-001,21.165161,78.917582,62,18,cnn_val,0
MH-001_21.165161_78.918121,MH-001,21.165161,78.918121,62,20,cnn_val,0
MH-001_21.165161_78.91839,MH-001,21.165161,78.91839,62,21,cnn_val,0
MH-001_21.165161_78.91866,MH-001,21.165161,78.91866,62,22,cnn_val,0
MH-001_21.165161_78.919199,MH-001,21.165161,78.919199,62,24,cnn_val,0
MH-001_21.165161_78.919468,MH-001,21.165161,78.919468,62,25,cnn_val,0
MH-001_21.165161_78.919738,MH-001,21.165161,78.919738,62,26,cnn_val,0
MH-001_21.165161_78.920007,MH-001,21.165161,78.920007,62,27,cnn_val,0
MH-001_21.165161_78.920546,MH-001,21.165161,78.920546,62,29,cnn_val,0
MH-001_21.165161_78.920816,MH-001,21.165161,78.920816,62,30,cnn_val,0
MH-001_21.165161_78.921085,MH-001,21.165161,78.921085,62,31,cnn_val,0
MH-001_21.165161_78.921355,MH-001,21.165161,78.921355,62,32,cnn_val,1
MH-001_21.165161_78.921624,MH-001,21.165161,78.921624,62,33,cnn_val,0
MH-001_21.165161_78.921894,MH-001,21.165161,78.921894,62,34,cnn_val,0
MH-001_21.165161_78.922433,MH-001,21.165161,78.922433,62,36,cnn_val,0
MH-001_21.165161_78.922702,MH-001,21.165161,78.922702,62,37,cnn_val,0
MH-001_21.165161_78.923241,MH-001,21.165161,78.923241,62,39,cnn_val,0
MH-001_21.165161_78.92378,MH-001,21.165161,78.92378,62,41,cnn_val,1
MH-001_21.165161_78.925127,MH-001,21.165161,78.925127,62,46,cnn_val,0
MH-001_21.165161_78.925397,MH-001,21.165161,78.925397,62,47,cnn_val,0
MH-001_21.165161_78.925666,MH-001,21.165161,78.925666,62,48,cnn_val,0
MH-001_21.165161_78.925936,MH-001,21.165161,78.925936,62,49,cnn_val,0
MH-001_21.165161_78.926475,MH-001,21.165161,78.926475,62,51,cnn_val,0
MH-001_21.165161_78.931056,MH-001,21.165161,78.931056,62,68,cnn_val,0
MH-001_21.164892_78.914887,MH-001,21.164892,78.914887,63,8,cnn_val,0
MH-001_21.164892_78.915156,MH-001,21.164892,78.915156,63,9,cnn_val,0
MH-001_21.164892_78.915426,MH-001,21.164892,78.915426,63,10,cnn_val,0
MH-001_21.164892_78.915695,MH-001,21.164892,78.915695,63,11,cnn_val,0
MH-001_21.164892_78.915965,MH-001,21.164892,78.915965,63,12,cnn_val,0
MH-001_21.164892_78.916234,MH-001,21.164892,78.916234,63,13,cnn_val,0
MH-001_21.164892_78.916504,MH-001,21.164892,78.916504,63,14,cnn_val,0
MH-001_21.164892_78.916773,MH-001,21.164892,78.916773,63,15,cnn_val,0
MH-001_21.164892_78.917312,MH-001,21.164892,78.917312,63,17,cnn_val,0
MH-001_21.164892_78.918121,MH-001,21.164892,78.918121,63,20,cnn_val,0
MH-001_21.164892_78.91839,MH-001,21.164892,78.91839,63,21,cnn_val,0
MH-001_21.164892_78.919199,MH-001,21.164892,78.919199,63,24,cnn_val,0
MH-001_21.164892_78.919468,MH-001,21.164892,78.919468,63,25,cnn_val,0
MH-001_21.164892_78.920546,MH-001,21.164892,78.920546,63,29,cnn_val,0
MH-001_21.164892_78.920816,MH-001,21.164892,78.920816,63,30,cnn_val,0
MH-001_21.164892_78.921085,MH-001,21.164892,78.921085,63,31,cnn_val,1
MH-001_21.164892_78.921355,MH-001,21.164892,78.921355,63,32,cnn_val,1
MH-001_21.164892_78.921624,MH-001,21.164892,78.921624,63,33,cnn_val,1
MH-001_21.164892_78.921894,MH-001,21.164892,78.921894,63,34,cnn_val,0
MH-001_21.164892_78.922433,MH-001,21.164892,78.922433,63,36,cnn_val,0
MH-001_21.164892_78.922702,MH-001,21.164892,78.922702,63,37,cnn_val,0
MH-001_21.164892_78.92351,MH-001,21.164892,78.92351,63,40,cnn_val,0
MH-001_21.164892_78.92378,MH-001,21.164892,78.92378,63,41,cnn_val,0
MH-001_21.164892_78.924858,MH-001,21.164892,78.924858,63,45,cnn_val,0
MH-001_21.164892_78.925127,MH-001,21.164892,78.925127,63,46,cnn_val,0
MH-001_21.164892_78.925397,MH-001,21.164892,78.925397,63,47,cnn_val,0
MH-001_21.164892_78.925666,MH-001,21.164892,78.925666,63,48,cnn_val,0
MH-001_21.164892_78.925936,MH-001,21.164892,78.925936,63,49,cnn_val,0
MH-001_21.164892_78.926475,MH-001,21.164892,78.926475,63,51,cnn_val,0
MH-001_21.164892_78.930517,MH-001,21.164892,78.930517,63,66,cnn_val,0
MH-001_21.164892_78.931595,MH-001,21.164892,78.931595,63,70,cnn_val,0
MH-001_21.164623_78.915156,MH-001,21.164623,78.915156,64,9,cnn_val,0
MH-001_21.164623_78.915426,MH-001,21.164623,78.915426,64,10,cnn_val,0
MH-001_21.164623_78.915695,MH-001,21.164623,78.915695,64,11,cnn_val,0
MH-001_21.164623_78.915965,MH-001,21.164623,78.915965,64,12,cnn_val,0
MH-001_21.164623_78.916234,MH-001,21.164623,78.916234,64,13,cnn_val,0
MH-001_21.164623_78.916504,MH-001,21.164623,78.916504,64,14,cnn_val,0
MH-001_21.164623_78.916773,MH-001,21.164623,78.916773,64,15,cnn_val,0
MH-001_21.164623_78.917851,MH-001,21.164623,78.917851,64,19,cnn_val,0
MH-001_21.164623_78.918121,MH-001,21.164623,78.918121,64,20,cnn_val,0
MH-001_21.164623_78.91839,MH-001,21.164623,78.91839,64,21,cnn_val,0
MH-001_21.164623_78.91866,MH-001,21.164623,78.91866,64,22,cnn_val,0
MH-001_21.164623_78.919468,MH-001,21.164623,78.919468,64,25,cnn_val,0
MH-001_21.164623_78.919738,MH-001,21.164623,78.919738,64,26,cnn_val,0
MH-001_21.164623_78.920007,MH-001,21.164623,78.920007,64,27,cnn_val,1
MH-001_21.164623_78.921085,MH-001,21.164623,78.921085,64,31,cnn_val,0
MH-001_21.164623_78.921355,MH-001,21.164623,78.921355,64,32,cnn_val,1
MH-001_21.164623_78.921624,MH-001,21.164623,78.921624,64,33,cnn_val,1
MH-001_21.164623_78.921894,MH-001,21.164623,78.921894,64,34,cnn_val,0
MH-001_21.164623_78.922163,MH-001,21.164623,78.922163,64,35,cnn_val,0
MH-001_21.164623_78.922433,MH-001,21.164623,78.922433,64,36,cnn_val,0
MH-001_21.164623_78.92351,MH-001,21.164623,78.92351,64,40,cnn_val,0
MH-001_21.164623_78.92378,MH-001,21.164623,78.92378,64,41,cnn_val,0
MH-001_21.164623_78.924858,MH-001,21.164623,78.924858,64,45,cnn_val,0
MH-001_21.164623_78.925397,MH-001,21.164623,78.925397,64,47,cnn_val,0
MH-001_21.164623_78.925666,MH-001,21.164623,78.925666,64,48,cnn_val,0
MH-001_21.164623_78.925936,MH-001,21.164623,78.925936,64,49,cnn_val,0
MH-001_21.164623_78.930787,MH-001,21.164623,78.930787,64,67,cnn_val,0
MH-001_21.164623_78.931056,MH-001,21.164623,78.931056,64,68,cnn_val,0
MH-001_21.164353_78.915426,MH-001,21.164353,78.915426,65,10,cnn_val,0
MH-001_21.164353_78.915695,MH-001,21.164353,78.915695,65,11,cnn_val,0
MH-001_21.164353_78.915965,MH-001,21.164353,78.915965,65,12,cnn_val,0
MH-001_21.164353_78.916234,MH-001,21.164353,78.916234,65,13,cnn_val,0
MH-001_21.164353_78.916504,MH-001,21.164353,78.916504,65,14,cnn_val,0
MH-001_21.164353_78.916773,MH-001,21.164353,78.916773,65,15,cnn_val,0
MH-001_21.164353_78.917043,MH-001,21.164353,78.917043,65,16,cnn_val,0
MH-001_21.164353_78.917312,MH-001,21.164353,78.917312,65,17,cnn_val,0
MH-001_21.164353_78.917582,MH-001,21.164353,78.917582,65,18,cnn_val,0
MH-001_21.164353_78.917851,MH-001,21.164353,78.917851,65,19,cnn_val,0
MH-001_21.164353_78.918121,MH-001,21.164353,78.918121,65,20,cnn_val,0
MH-001_21.164353_78.91839,MH-001,21.164353,78.91839,65,21,cnn_val,0
MH-001_21.164353_78.91866,MH-001,21.164353,78.91866,65,22,cnn_val,1
MH-001_21.164353_78.918929,MH-001,21.164353,78.918929,65,23,cnn_val,1
MH-001_21.164353_78.919468,MH-001,21.164353,78.919468,65,25,cnn_val,0
MH-001_21.164353_78.922163,MH-001,21.164353,78.922163,65,35,cnn_val,0
MH-001_21.164353_78.924588,MH-001,21.164353,78.924588,65,44,cnn_val,0
MH-001_21.164353_78.925127,MH-001,21.164353,78.925127,65,46,cnn_val,0
MH-001_21.164353_78.925397,MH-001,21.164353,78.925397,65,47,cnn_val,0
MH-001_21.164353_78.925666,MH-001,21.164353,78.925666,65,48,cnn_val,0
MH-001_21.164353_78.925936,MH-001,21.164353,78.925936,65,49,cnn_val,0
MH-001_21.164353_78.930248,MH-001,21.164353,78.930248,65,65,cnn_val,0
MH-001_21.164353_78.930517,MH-001,21.164353,78.930517,65,66,cnn_val,0
MH-001_21.164353_78.930787,MH-001,21.164353,78.930787,65,67,cnn_val,0
MH-001_21.164353_78.931056,MH-001,21.164353,78.931056,65,68,cnn_val,0
MH-001_21.164353_78.932134,MH-001,21.164353,78.932134,65,72,cnn_val,0
MH-001_21.164084_78.915426,MH-001,21.164084,78.915426,66,10,cnn_val,0
MH-001_21.164084_78.915695,MH-001,21.164084,78.915695,66,11,cnn_val,0
MH-001_21.164084_78.915965,MH-001,21.164084,78.915965,66,12,cnn_val,0
MH-001_21.164084_78.916234,MH-001,21.164084,78.916234,66,13,cnn_val,0
MH-001_21.164084_78.916504,MH-001,21.164084,78.916504,66,14,cnn_val,0
MH-001_21.164084_78.916773,MH-001,21.164084,78.916773,66,15,cnn_val,0
MH-001_21.164084_78.917043,MH-001,21.164084,78.917043,66,16,cnn_val,0
MH-001_21.164084_78.917312,MH-001,21.164084,78.917312,66,17,cnn_val,0
MH-001_21.164084_78.917582,MH-001,21.164084,78.917582,66,18,cnn_val,0
MH-001_21.164084_78.917851,MH-001,21.164084,78.917851,66,19,cnn_val,0
MH-001_21.164084_78.918121,MH-001,21.164084,78.918121,66,20,cnn_val,0
MH-001_21.164084_78.91839,MH-001,21.164084,78.91839,66,21,cnn_val,0
MH-001_21.164084_78.919199,MH-001,21.164084,78.919199,66,24,cnn_val,0
MH-001_21.164084_78.924049,MH-001,21.164084,78.924049,66,42,cnn_val,0
MH-001_21.164084_78.924319,MH-001,21.164084,78.924319,66,43,cnn_val,0
MH-001_21.164084_78.924588,MH-001,21.164084,78.924588,66,44,cnn_val,1
MH-001_21.164084_78.925397,MH-001,21.164084,78.925397,66,47,cnn_val,0
MH-001_21.164084_78.925666,MH-001,21.164084,78.925666,66,48,cnn_val,0
MH-001_21.164084_78.925936,MH-001,21.164084,78.925936,66,49,cnn_val,0
MH-001_21.164084_78.926205,MH-001,21.164084,78.926205,66,50,cnn_val,0
MH-001_21.164084_78.930248,MH-001,21.164084,78.930248,66,65,cnn_val,0
MH-001_21.164084_78.930517,MH-001,21.164084,78.930517,66,66,cnn_val,0
MH-001_21.164084_78.930787,MH-001,21.164084,78.930787,66,67,cnn_val,0
MH-001_21.164084_78.931056,MH-001,21.164084,78.931056,66,68,cnn_val,0
MH-001_21.163814_78.915695,MH-001,21.163814,78.915695,67,11,cnn_val,0
MH-001_21.163814_78.915965,MH-001,21.163814,78.915965,67,12,cnn_val,0
MH-001_21.163814_78.916234,MH-001,21.163814,78.916234,67,13,cnn_val,0
MH-001_21.163814_78.916504,MH-001,21.163814,78.916504,67,14,cnn_val,0
MH-001_21.163814_78.916773,MH-001,21.163814,78.916773,67,15,cnn_val,0
MH-001_21.163814_78.917043,MH-001,21.163814,78.917043,67,16,cnn_val,0
MH-001_21.163814_78.917312,MH-001,21.163814,78.917312,67,17,cnn_val,0
MH-001_21.163814_78.917582,MH-001,21.163814,78.917582,67,18,cnn_val,0
MH-001_21.163814_78.917851,MH-001,21.163814,78.917851,67,19,cnn_val,0
MH-001_21.163814_78.918121,MH-001,21.163814,78.918121,67,20,cnn_val,0
MH-001_21.163814_78.922433,MH-001,21.163814,78.922433,67,36,cnn_val,0
MH-001_21.163814_78.922702,MH-001,21.163814,78.922702,67,37,cnn_val,0
MH-001_21.163814_78.922972,MH-001,21.163814,78.922972,67,38,cnn_val,0
MH-001_21.163814_78.923241,MH-001,21.163814,78.923241,67,39,cnn_val,0
MH-001_21.163814_78.924049,MH-001,21.163814,78.924049,67,42,cnn_val,0
MH-001_21.163814_78.924319,MH-001,21.163814,78.924319,67,43,cnn_val,0
MH-001_21.163814_78.924588,MH-001,21.163814,78.924588,67,44,cnn_val,1
MH-001_21.163814_78.925397,MH-001,21.163814,78.925397,67,47,cnn_val,1
MH-001_21.163814_78.925666,MH-001,21.163814,78.925666,67,48,cnn_val,1
MH-001_21.163814_78.925936,MH-001,21.163814,78.925936,67,49,cnn_val,0
MH-001_21.163814_78.926205,MH-001,21.163814,78.926205,67,50,cnn_val,0
MH-001_21.163814_78.926475,MH-001,21.163814,78.926475,67,51,cnn_val,0
MH-001_21.163814_78.930248,MH-001,21.163814,78.930248,67,65,cnn_val,0
MH-001_21.163814_78.930517,MH-001,21.163814,78.930517,67,66,cnn_val,0
MH-001_21.163814_78.930787,MH-001,21.163814,78.930787,67,67,cnn_val,1
MH-001_21.163814_78.931865,MH-001,21.163814,78.931865,67,71,cnn_val,0
MH-001_21.163814_78.932134,MH-001,21.163814,78.932134,67,72,cnn_val,0
MH-001_21.163814_78.932404,MH-001,21.163814,78.932404,67,73,cnn_val,0
MH-001_21.163545_78.915695,MH-001,21.163545,78.915695,68,11,cnn_val,0
MH-001_21.163545_78.915965,MH-001,21.163545,78.915965,68,12,cnn_val,0
MH-001_21.163545_78.916234,MH-001,21.163545,78.916234,68,13,cnn_val,0
MH-001_21.163545_78.916504,MH-001,21.163545,78.916504,68,14,cnn_val,0
MH-001_21.163545_78.916773,MH-001,21.163545,78.916773,68,15,cnn_val,0
MH-001_21.163545_78.917043,MH-001,21.163545,78.917043,68,16,cnn_val,0
MH-001_21.163545_78.917312,MH-001,21.163545,78.917312,68,17,cnn_val,0
MH-001_21.163545_78.917582,MH-001,21.163545,78.917582,68,18,cnn_val,0
MH-001_21.163545_78.917851,MH-001,21.163545,78.917851,68,19,cnn_val,0
MH-001_21.163545_78.918121,MH-001,21.163545,78.918121,68,20,cnn_val,0
MH-001_21.163545_78.923241,MH-001,21.163545,78.923241,68,39,cnn_val,0
MH-001_21.163545_78.925127,MH-001,21.163545,78.925127,68,46,cnn_val,0
MH-001_21.163545_78.925936,MH-001,21.163545,78.925936,68,49,cnn_val,1
MH-001_21.163545_78.926205,MH-001,21.163545,78.926205,68,50,cnn_val,0
MH-001_21.163545_78.926475,MH-001,21.163545,78.926475,68,51,cnn_val,0
MH-001_21.163545_78.930248,MH-001,21.163545,78.930248,68,65,cnn_val,0
MH-001_21.163545_78.930517,MH-001,21.163545,78.930517,68,66,cnn_val,0
MH-001_21.163545_78.930787,MH-001,21.163545,78.930787,68,67,cnn_val,1
MH-001_21.163545_78.931595,MH-001,21.163545,78.931595,68,70,cnn_val,0
MH-001_21.163545_78.931865,MH-001,21.163545,78.931865,68,71,cnn_val,0
MH-001_21.163545_78.932134,MH-001,21.163545,78.932134,68,72,cnn_val,0
MH-001_21.163545_78.932404,MH-001,21.163545,78.932404,68,73,cnn_val,0
MH-001_21.163545_78.932673,MH-001,21.163545,78.932673,68,74,cnn_val,0
MH-001_21.163275_78.916504,MH-001,21.163275,78.916504,69,14,cnn_val,0
MH-001_21.163275_78.917851,MH-001,21.163275,78.917851,69,19,cnn_val,0
MH-001_21.163275_78.918121,MH-001,21.163275,78.918121,69,20,cnn_val,0
MH-001_21.163275_78.924588,MH-001,21.163275,78.924588,69,44,cnn_val,0
MH-001_21.163275_78.926205,MH-001,21.163275,78.926205,69,50,cnn_val,0
MH-001_21.163275_78.926475,MH-001,21.163275,78.926475,69,51,cnn_val,1
MH-001_21.163275_78.930248,MH-001,21.163275,78.930248,69,65,cnn_val,0
MH-001_21.163275_78.930517,MH-001,21.163275,78.930517,69,66,cnn_val,0
MH-001_21.163275_78.930787,MH-001,21.163275,78.930787,69,67,cnn_val,0
MH-001_21.163275_78.931865,MH-001,21.163275,78.931865,69,71,cnn_val,0
MH-001_21.163275_78.932134,MH-001,21.163275,78.932134,69,72,cnn_val,0
MH-001_21.163275_78.932404,MH-001,21.163275,78.932404,69,73,cnn_val,0
MH-001_21.163275_78.932673,MH-001,21.163275,78.932673,69,74,cnn_val,0
MH-001_21.163006_78.915965,MH-001,21.163006,78.915965,70,12,cnn_val,0
MH-001_21.163006_78.916504,MH-001,21.163006,78.916504,70,14,cnn_val,0
MH-001_21.163006_78.917043,MH-001,21.163006,78.917043,70,16,cnn_val,0
MH-001_21.163006_78.917312,MH-001,21.163006,78.917312,70,17,cnn_val,0
MH-001_21.163006_78.91839,MH-001,21.163006,78.91839,70,21,cnn_val,0
MH-001_21.163006_78.930248,MH-001,21.163006,78.930248,70,65,cnn_val,0
MH-001_21.163006_78.930517,MH-001,21.163006,78.930517,70,66,cnn_val,0
MH-001_21.163006_78.930787,MH-001,21.163006,78.930787,70,67,cnn_val,0
MH-001_21.163006_78.932404,MH-001,21.163006,78.932404,70,73,cnn_val,0
MH-001_21.162736_78.917312,MH-001,21.162736,78.917312,71,17,cnn_val,0
MH-001_21.162736_78.917582,MH-001,21.162736,78.917582,71,18,cnn_val,0
MH-001_21.162736_78.918121,MH-001,21.162736,78.918121,71,20,cnn_val,0
MH-001_21.162736_78.91839,MH-001,21.162736,78.91839,71,21,cnn_val,0
MH-001_21.162736_78.91866,MH-001,21.162736,78.91866,71,22,cnn_val,0
MH-001_21.162736_78.930248,MH-001,21.162736,78.930248,71,65,cnn_val,0
MH-001_21.162736_78.930517,MH-001,21.162736,78.930517,71,66,cnn_val,0
MH-001_21.162467_78.916504,MH-001,21.162467,78.916504,72,14,cnn_val,0
MH-001_21.162467_78.916773,MH-001,21.162467,78.916773,72,15,cnn_val,0
MH-001_21.162467_78.917043,MH-001,21.162467,78.917043,72,16,cnn_val,0
MH-001_21.162467_78.91866,MH-001,21.162467,78.91866,72,22,cnn_val,0
MH-001_21.162467_78.930248,MH-001,21.162467,78.930248,72,65,cnn_val,0
MH-001_21.162467_78.930517,MH-001,21.162467,78.930517,72,66,cnn_val,0
MH-001_21.162467_78.931056,MH-001,21.162467,78.931056,72,68,cnn_val,0
MH-001_21.162467_78.932404,MH-001,21.162467,78.932404,72,73,cnn_val,0
MH-001_21.162467_78.932673,MH-001,21.162467,78.932673,72,74,cnn_val,0
MH-001_21.162197_78.916234,MH-001,21.162197,78.916234,73,13,cnn_val,0
MH-001_21.162197_78.916504,MH-001,21.162197,78.916504,73,14,cnn_val,0
MH-001_21.162197_78.916773,MH-001,21.162197,78.916773,73,15,cnn_val,0
MH-001_21.162197_78.917043,MH-001,21.162197,78.917043,73,16,cnn_val,0
MH-001_21.162197_78.917312,MH-001,21.162197,78.917312,73,17,cnn_val,0
MH-001_21.162197_78.917582,MH-001,21.162197,78.917582,73,18,cnn_val,0
MH-001_21.162197_78.917851,MH-001,21.162197,78.917851,73,19,cnn_val,0
MH-001_21.162197_78.918121,MH-001,21.162197,78.918121,73,20,cnn_val,0
MH-001_21.162197_78.924049,MH-001,21.162197,78.924049,73,42,cnn_val,0
MH-001_21.162197_78.930248,MH-001,21.162197,78.930248,73,65,cnn_val,1
MH-001_21.162197_78.931056,MH-001,21.162197,78.931056,73,68,cnn_val,0
MH-001_21.162197_78.932673,MH-001,21.162197,78.932673,73,74,cnn_val,0
MH-001_21.162197_78.932943,MH-001,21.162197,78.932943,73,75,cnn_val,0
MH-001_21.162197_78.933212,MH-001,21.162197,78.933212,73,76,cnn_val,0
MH-001_21.161928_78.916234,MH-001,21.161928,78.916234,74,13,cnn_val,0
MH-001_21.161928_78.916504,MH-001,21.161928,78.916504,74,14,cnn_val,0
MH-001_21.161928_78.916773,MH-001,21.161928,78.916773,74,15,cnn_val,0
MH-001_21.161928_78.917043,MH-001,21.161928,78.917043,74,16,cnn_val,0
MH-001_21.161928_78.917312,MH-001,21.161928,78.917312,74,17,cnn_val,0
MH-001_21.161928_78.917582,MH-001,21.161928,78.917582,74,18,cnn_val,0
MH-001_21.161928_78.92378,MH-001,21.161928,78.92378,74,41,cnn_val,0
MH-001_21.161928_78.926205,MH-001,21.161928,78.926205,74,50,cnn_val,0
MH-001_21.161928_78.926475,MH-001,21.161928,78.926475,74,51,cnn_val,0
MH-001_21.161928_78.930248,MH-001,21.161928,78.930248,74,65,cnn_val,0
MH-001_21.161928_78.931326,MH-001,21.161928,78.931326,74,69,cnn_val,0
MH-001_21.161928_78.932404,MH-001,21.161928,78.932404,74,73,cnn_val,0
MH-001_21.161928_78.932673,MH-001,21.161928,78.932673,74,74,cnn_val,0
MH-001_21.161928_78.932943,MH-001,21.161928,78.932943,74,75,cnn_val,0
MH-001_21.161928_78.933212,MH-001,21.161928,78.933212,74,76,cnn_val,0
MH-001_21.161928_78.933482,MH-001,21.161928,78.933482,74,77,cnn_val,0
MH-001_21.161658_78.916234,MH-001,21.161658,78.916234,75,13,cnn_val,0
MH-001_21.161658_78.916504,MH-001,21.161658,78.916504,75,14,cnn_val,0
MH-001_21.161658_78.916773,MH-001,21.161658,78.916773,75,15,cnn_val,0
MH-001_21.161658_78.917043,MH-001,21.161658,78.917043,75,16,cnn_val,0
MH-001_21.161658_78.917312,MH-001,21.161658,78.917312,75,17,cnn_val,0
MH-001_21.161658_78.917582,MH-001,21.161658,78.917582,75,18,cnn_val,0
MH-001_21.161658_78.917851,MH-001,21.161658,78.917851,75,19,cnn_val,0
MH-001_21.161658_78.918121,MH-001,21.161658,78.918121,75,20,cnn_val,0
MH-001_21.161658_78.91839,MH-001,21.161658,78.91839,75,21,cnn_val,0
MH-001_21.161658_78.918929,MH-001,21.161658,78.918929,75,23,cnn_val,0
MH-001_21.161658_78.919199,MH-001,21.161658,78.919199,75,24,cnn_val,0
MH-001_21.161658_78.925936,MH-001,21.161658,78.925936,75,49,cnn_val,0
MH-001_21.161658_78.926205,MH-001,21.161658,78.926205,75,50,cnn_val,0
MH-001_21.161658_78.926475,MH-001,21.161658,78.926475,75,51,cnn_val,0
MH-001_21.161658_78.931865,MH-001,21.161658,78.931865,75,71,cnn_val,0
MH-001_21.161658_78.932134,MH-001,21.161658,78.932134,75,72,cnn_val,0
MH-001_21.161658_78.932404,MH-001,21.161658,78.932404,75,73,cnn_val,0
MH-001_21.161658_78.932673,MH-001,21.161658,78.932673,75,74,cnn_val,0
MH-001_21.161658_78.932943,MH-001,21.161658,78.932943,75,75,cnn_val,0
MH-001_21.161658_78.933212,MH-001,21.161658,78.933212,75,76,cnn_val,0
MH-001_21.161658_78.933482,MH-001,21.161658,78.933482,75,77,cnn_val,0
MH-001_21.161389_78.916504,MH-001,21.161389,78.916504,76,14,cnn_val,0
MH-001_21.161389_78.916773,MH-001,21.161389,78.916773,76,15,cnn_val,0
MH-001_21.161389_78.917043,MH-001,21.161389,78.917043,76,16,cnn_val,0
MH-001_21.161389_78.917312,MH-001,21.161389,78.917312,76,17,cnn_val,0
MH-001_21.161389_78.917582,MH-001,21.161389,78.917582,76,18,cnn_val,0
MH-001_21.161389_78.917851,MH-001,21.161389,78.917851,76,19,cnn_val,0
MH-001_21.161389_78.918121,MH-001,21.161389,78.918121,76,20,cnn_val,0
MH-001_21.161389_78.91839,MH-001,21.161389,78.91839,76,21,cnn_val,0
MH-001_21.161389_78.91866,MH-001,21.161389,78.91866,76,22,cnn_val,0
MH-001_21.154651_78.938063,MH-001,21.154651,78.938063,101,94,cnn_train,0
MH-001_21.154382_78.938063,MH-001,21.154382,78.938063,102,94,cnn_train,0
MH-001_21.154112_78.938063,MH-001,21.154112,78.938063,103,94,cnn_train,0
MH-001_21.153573_78.937794,MH-001,21.153573,78.937794,105,93,cnn_train,0
MH-001_21.153573_78.938063,MH-001,21.153573,78.938063,105,94,cnn_train,0
MH-001_21.153573_78.938333,MH-001,21.153573,78.938333,105,95,cnn_train,0
MH-001_21.153304_78.925127,MH-001,21.153304,78.925127,106,46,cnn_train,0
MH-001_21.153304_78.925397,MH-001,21.153304,78.925397,106,47,cnn_train,0
MH-001_21.153304_78.926205,MH-001,21.153304,78.926205,106,50,cnn_train,0
MH-001_21.153304_78.926475,MH-001,21.153304,78.926475,106,51,cnn_train,1
MH-001_21.153304_78.930248,MH-001,21.153304,78.930248,106,65,cnn_train,0
MH-001_21.153304_78.931326,MH-001,21.153304,78.931326,106,69,cnn_train,0
MH-001_21.153304_78.931595,MH-001,21.153304,78.931595,106,70,cnn_train,0
MH-001_21.153304_78.932673,MH-001,21.153304,78.932673,106,74,cnn_train,0
MH-001_21.153304_78.932943,MH-001,21.153304,78.932943,106,75,cnn_train,0
MH-001_21.153304_78.933212,MH-001,21.153304,78.933212,106,76,cnn_train,0
MH-001_21.153304_78.937524,MH-001,21.153304,78.937524,106,92,cnn_train,0
MH-001_21.153304_78.937794,MH-001,21.153304,78.937794,106,93,cnn_train,0
MH-001_21.153304_78.938063,MH-001,21.153304,78.938063,106,94,cnn_train,0
MH-001_21.153304_78.938333,MH-001,21.153304,78.938333,106,95,cnn_train,0
MH-001_21.153034_78.919738,MH-001,21.153034,78.919738,107,26,cnn_train,0
MH-001_21.153034_78.920007,MH-001,21.153034,78.920007,107,27,cnn_train,0
MH-001_21.153034_78.920277,MH-001,21.153034,78.920277,107,28,cnn_train,0
MH-001_21.153034_78.920546,MH-001,21.153034,78.920546,107,29,cnn_train,0
MH-001_21.153034_78.920816,MH-001,21.153034,78.920816,107,30,cnn_train,0
MH-001_21.153034_78.921355,MH-001,21.153034,78.921355,107,32,cnn_train,0
MH-001_21.153034_78.922702,MH-001,21.153034,78.922702,107,37,cnn_train,0
MH-001_21.153034_78.922972,MH-001,21.153034,78.922972,107,38,cnn_train,0
MH-001_21.153034_78.923241,MH-001,21.153034,78.923241,107,39,cnn_train,0
MH-001_21.153034_78.92351,MH-001,21.153034,78.92351,107,40,cnn_train,0
MH-001_21.153034_78.925397,MH-001,21.153034,78.925397,107,47,cnn_train,0
MH-001_21.153034_78.925666,MH-001,21.153034,78.925666,107,48,cnn_train,0
MH-001_21.153034_78.925936,MH-001,21.153034,78.925936,107,49,cnn_train,0
MH-001_21.153034_78.926205,MH-001,21.153034,78.926205,107,50,cnn_train,1
MH-001_21.153034_78.926475,MH-001,21.153034,78.926475,107,51,cnn_train,1
MH-001_21.153034_78.930248,MH-001,21.153034,78.930248,107,65,cnn_train,0
MH-001_21.153034_78.931595,MH-001,21.153034,78.931595,107,70,cnn_train,0
MH-001_21.153034_78.931865,MH-001,21.153034,78.931865,107,71,cnn_train,0
MH-001_21.153034_78.932943,MH-001,21.153034,78.932943,107,75,cnn_train,0
MH-001_21.153034_78.937255,MH-001,21.153034,78.937255,107,91,cnn_train,0
MH-001_21.153034_78.937524,MH-001,21.153034,78.937524,107,92,cnn_train,0
MH-001_21.153034_78.937794,MH-001,21.153034,78.937794,107,93,cnn_train,0
MH-001_21.153034_78.938063,MH-001,21.153034,78.938063,107,94,cnn_train,0
MH-001_21.153034_78.938333,MH-001,21.153034,78.938333,107,95,cnn_train,0
MH-001_21.152765_78.920007,MH-001,21.152765,78.920007,108,27,cnn_train,0
MH-001_21.152765_78.920277,MH-001,21.152765,78.920277,108,28,cnn_train,0
MH-001_21.152765_78.920546,MH-001,21.152765,78.920546,108,29,cnn_train,0
MH-001_21.152765_78.920816,MH-001,21.152765,78.920816,108,30,cnn_train,0
MH-001_21.152765_78.924319,MH-001,21.152765,78.924319,108,43,cnn_train,0
MH-001_21.152765_78.925127,MH-001,21.152765,78.925127,108,46,cnn_train,0
MH-001_21.152765_78.925397,MH-001,21.152765,78.925397,108,47,cnn_train,0
MH-001_21.152765_78.925666,MH-001,21.152765,78.925666,108,48,cnn_train,0
MH-001_21.152765_78.925936,MH-001,21.152765,78.925936,108,49,cnn_train,0
MH-001_21.152765_78.926205,MH-001,21.152765,78.926205,108,50,cnn_train,0
MH-001_21.152765_78.926475,MH-001,21.152765,78.926475,108,51,cnn_train,1
MH-001_21.152765_78.930248,MH-001,21.152765,78.930248,108,65,cnn_train,0
MH-001_21.152765_78.930517,MH-001,21.152765,78.930517,108,66,cnn_train,0
MH-001_21.152765_78.930787,MH-001,21.152765,78.930787,108,67,cnn_train,0
MH-001_21.152765_78.932673,MH-001,21.152765,78.932673,108,74,cnn_train,0
MH-001_21.152765_78.933212,MH-001,21.152765,78.933212,108,76,cnn_train,1
MH-001_21.152765_78.937255,MH-001,21.152765,78.937255,108,91,cnn_train,0
MH-001_21.152765_78.937524,MH-001,21.152765,78.937524,108,92,cnn_train,0
MH-001_21.152765_78.937794,MH-001,21.152765,78.937794,108,93,cnn_train,0
MH-001_21.152765_78.938063,MH-001,21.152765,78.938063,108,94,cnn_train,0
MH-001_21.152765_78.938333,MH-001,21.152765,78.938333,108,95,cnn_train,0
MH-001_21.152495_78.919738,MH-001,21.152495,78.919738,109,26,cnn_train,0
MH-001_21.152495_78.920007,MH-001,21.152495,78.920007,109,27,cnn_train,0
MH-001_21.152495_78.920277,MH-001,21.152495,78.920277,109,28,cnn_train,0
MH-001_21.152495_78.920546,MH-001,21.152495,78.920546,109,29,cnn_train,0
MH-001_21.152495_78.920816,MH-001,21.152495,78.920816,109,30,cnn_train,0
MH-001_21.152495_78.92351,MH-001,21.152495,78.92351,109,40,cnn_train,0
MH-001_21.152495_78.92378,MH-001,21.152495,78.92378,109,41,cnn_train,0
MH-001_21.152495_78.924049,MH-001,21.152495,78.924049,109,42,cnn_train,0
MH-001_21.152495_78.924319,MH-001,21.152495,78.924319,109,43,cnn_train,0
MH-001_21.152495_78.925127,MH-001,21.152495,78.925127,109,46,cnn_train,0
MH-001_21.152495_78.925397,MH-001,21.152495,78.925397,109,47,cnn_train,0
MH-001_21.152495_78.925666,MH-001,21.152495,78.925666,109,48,cnn_train,0
MH-001_21.152495_78.925936,MH-001,21.152495,78.925936,109,49,cnn_train,0
MH-001_21.152495_78.926205,MH-001,21.152495,78.926205,109,50,cnn_train,0
MH-001_21.152495_78.930248,MH-001,21.152495,78.930248,109,65,cnn_train,0
MH-001_21.152495_78.930517,MH-001,21.152495,78.930517,109,66,cnn_train,0
MH-001_21.152495_78.930787,MH-001,21.152495,78.930787,109,67,cnn_train,0
MH-001_21.152495_78.932404,MH-001,21.152495,78.932404,109,73,cnn_train,0
MH-001_21.152495_78.932673,MH-001,21.152495,78.932673,109,74,cnn_train,0
MH-001_21.152495_78.932943,MH-001,21.152495,78.932943,109,75,cnn_train,0
MH-001_21.152495_78.933212,MH-001,21.152495,78.933212,109,76,cnn_train,1
MH-001_21.152495_78.937255,MH-001,21.152495,78.937255,109,91,cnn_train,0
MH-001_21.152495_78.937524,MH-001,21.152495,78.937524,109,92,cnn_train,0
MH-001_21.152495_78.937794,MH-001,21.152495,78.937794,109,93,cnn_train,0
MH-001_21.152495_78.938063,MH-001,21.152495,78.938063,109,94,cnn_train,0
MH-001_21.152495_78.938333,MH-001,21.152495,78.938333,109,95,cnn_train,0
MH-001_21.152495_78.938602,MH-001,21.152495,78.938602,109,96,cnn_train,0
MH-001_21.152226_78.919738,MH-001,21.152226,78.919738,110,26,cnn_train,0
MH-001_21.152226_78.920007,MH-001,21.152226,78.920007,110,27,cnn_train,0
MH-001_21.152226_78.920277,MH-001,21.152226,78.920277,110,28,cnn_train,0
MH-001_21.152226_78.920546,MH-001,21.152226,78.920546,110,29,cnn_train,0
MH-001_21.152226_78.920816,MH-001,21.152226,78.920816,110,30,cnn_train,0
MH-001_21.152226_78.921624,MH-001,21.152226,78.921624,110,33,cnn_train,0
MH-001_21.152226_78.921894,MH-001,21.152226,78.921894,110,34,cnn_train,0
MH-001_21.152226_78.923241,MH-001,21.152226,78.923241,110,39,cnn_train,0
MH-001_21.152226_78.92378,MH-001,21.152226,78.92378,110,41,cnn_train,0
MH-001_21.152226_78.924049,MH-001,21.152226,78.924049,110,42,cnn_train,0
MH-001_21.152226_78.924588,MH-001,21.152226,78.924588,110,44,cnn_train,0
MH-001_21.152226_78.925397,MH-001,21.152226,78.925397,110,47,cnn_train,0
MH-001_21.152226_78.925666,MH-001,21.152226,78.925666,110,48,cnn_train,0
MH-001_21.152226_78.930248,MH-001,21.152226,78.930248,110,65,cnn_train,0
MH-001_21.152226_78.930517,MH-001,21.152226,78.930517,110,66,cnn_train,0
MH-001_21.152226_78.930787,MH-001,21.152226,78.930787,110,67,cnn_train,0
MH-001_21.152226_78.931056,MH-001,21.152226,78.931056,110,68,cnn_train,0
MH-001_21.152226_78.932404,MH-001,21.152226,78.932404,110,73,cnn_train,0
MH-001_21.152226_78.932673,MH-001,21.152226,78.932673,110,74,cnn_train,0
MH-001_21.152226_78.932943,MH-001,21.152226,78.932943,110,75,cnn_train,0
MH-001_21.152226_78.933212,MH-001,21.152226,78.933212,110,76,cnn_train,0
MH-001_21.152226_78.933482,MH-001,21.152226,78.933482,110,77,cnn_train,0
MH-001_21.152226_78.937794,MH-001,21.152226,78.937794,110,93,cnn_train,0
MH-001_21.152226_78.938063,MH-001,21.152226,78.938063,110,94,cnn_train,0
MH-001_21.152226_78.938333,MH-001,21.152226,78.938333,110,95,cnn_train,0
MH-001_21.152226_78.938602,MH-001,21.152226,78.938602,110,96,cnn_train,0
MH-001_21.151956_78.91866,MH-001,21.151956,78.91866,111,22,cnn_train,0
MH-001_21.151956_78.918929,MH-001,21.151956,78.918929,111,23,cnn_train,0
MH-001_21.151956_78.919199,MH-001,21.151956,78.919199,111,24,cnn_train,0
MH-001_21.151956_78.919468,MH-001,21.151956,78.919468,111,25,cnn_train,0
MH-001_21.151956_78.919738,MH-001,21.151956,78.919738,111,26,cnn_train,0
MH-001_21.151956_78.920007,MH-001,21.151956,78.920007,111,27,cnn_train,0
MH-001_21.151956_78.920277,MH-001,21.151956,78.920277,111,28,cnn_train,0
MH-001_21.151956_78.920546,MH-001,21.151956,78.920546,111,29,cnn_train,0
MH-001_21.151956_78.920816,MH-001,21.151956,78.920816,111,30,cnn_train,0
MH-001_21.151956_78.921085,MH-001,21.151956,78.921085,111,31,cnn_train,0
MH-001_21.151956_78.921624,MH-001,21.151956,78.921624,111,33,cnn_train,0
MH-001_21.151956_78.921894,MH-001,21.151956,78.921894,111,34,cnn_train,0
MH-001_21.151956_78.923241,MH-001,21.151956,78.923241,111,39,cnn_train,0
MH-001_21.151956_78.92351,MH-001,21.151956,78.92351,111,40,cnn_train,0
MH-001_21.151956_78.924049,MH-001,21.151956,78.924049,111,42,cnn_train,0
MH-001_21.151956_78.924319,MH-001,21.151956,78.924319,111,43,cnn_train,0
MH-001_21.151956_78.930248,MH-001,21.151956,78.930248,111,65,cnn_train,0
MH-001_21.151956_78.930517,MH-001,21.151956,78.930517,111,66,cnn_train,0
MH-001_21.151956_78.930787,MH-001,21.151956,78.930787,111,67,cnn_train,0
MH-001_21.151956_78.931056,MH-001,21.151956,78.931056,111,68,cnn_train,0
MH-001_21.151956_78.932673,MH-001,21.151956,78.932673,111,74,cnn_train,0
MH-001_21.151956_78.938063,MH-001,21.151956,78.938063,111,94,cnn_train,0
MH-001_21.151956_78.938333,MH-001,21.151956,78.938333,111,95,cnn_train,0
MH-001_21.151956_78.938602,MH-001,21.151956,78.938602,111,96,cnn_train,0
MH-001_21.151687_78.91866,MH-001,21.151687,78.91866,112,22,cnn_train,0
MH-001_21.151687_78.918929,MH-001,21.151687,78.918929,112,23,cnn_train,0
MH-001_21.151687_78.919468,MH-001,21.151687,78.919468,112,25,cnn_train,0
MH-001_21.151687_78.919738,MH-001,21.151687,78.919738,112,26,cnn_train,0
MH-001_21.151687_78.920007,MH-001,21.151687,78.920007,112,27,cnn_train,0
MH-001_21.151687_78.920277,MH-001,21.151687,78.920277,112,28,cnn_train,0
MH-001_21.151687_78.920546,MH-001,21.151687,78.920546,112,29,cnn_train,0
MH-001_21.151687_78.920816,MH-001,21.151687,78.920816,112,30,cnn_train,0
MH-001_21.151687_78.921085,MH-001,21.151687,78.921085,112,31,cnn_train,0
MH-001_21.151687_78.921355,MH-001,21.151687,78.921355,112,32,cnn_train,0
MH-001_21.151687_78.921894,MH-001,21.151687,78.921894,112,34,cnn_train,0
MH-001_21.151687_78.922972,MH-001,21.151687,78.922972,112,38,cnn_train,0
MH-001_21.151687_78.92378,MH-001,21.151687,78.92378,112,41,cnn_train,0
MH-001_21.151687_78.924049,MH-001,21.151687,78.924049,112,42,cnn_train,0
MH-001_21.151687_78.924319,MH-001,21.151687,78.924319,112,43,cnn_train,1
MH-001_21.151687_78.930248,MH-001,21.151687,78.930248,112,65,cnn_train,0
MH-001_21.151687_78.930517,MH-001,21.151687,78.930517,112,66,cnn_train,0
MH-001_21.151687_78.930787,MH-001,21.151687,78.930787,112,67,cnn_train,0
MH-001_21.151687_78.931056,MH-001,21.151687,78.931056,112,68,cnn_train,0
MH-001_21.151687_78.932673,MH-001,21.151687,78.932673,112,74,cnn_train,0
MH-001_21.151687_78.932943,MH-001,21.151687,78.932943,112,75,cnn_train,0
MH-001_21.151687_78.938333,MH-001,21.151687,78.938333,112,95,cnn_train,0
MH-001_21.151687_78.938602,MH-001,21.151687,78.938602,112,96,cnn_train,0
MH-001_21.151417_78.917582,MH-001,21.151417,78.917582,113,18,cnn_train,0
MH-001_21.151417_78.917851,MH-001,21.151417,78.917851,113,19,cnn_train,0
MH-001_21.151417_78.918929,MH-001,21.151417,78.918929,113,23,cnn_train,0
MH-001_21.151417_78.919468,MH-001,21.151417,78.919468,113,25,cnn_train,0
MH-001_21.151417_78.919738,MH-001,21.151417,78.919738,113,26,cnn_train,0
MH-001_21.151417_78.920007,MH-001,21.151417,78.920007,113,27,cnn_train,0
MH-001_21.151417_78.920277,MH-001,21.151417,78.920277,113,28,cnn_train,0
MH-001_21.151417_78.920546,MH-001,21.151417,78.920546,113,29,cnn_train,0
MH-001_21.151417_78.920816,MH-001,21.151417,78.920816,113,30,cnn_train,0
MH-001_21.151417_78.921085,MH-001,21.151417,78.921085,113,31,cnn_train,0
MH-001_21.151417_78.921355,MH-001,21.151417,78.921355,113,32,cnn_train,0
MH-001_21.151417_78.925936,MH-001,21.151417,78.925936,113,49,cnn_train,0
MH-001_21.151417_78.926205,MH-001,21.151417,78.926205,113,50,cnn_train,0
MH-001_21.151417_78.926475,MH-001,21.151417,78.926475,113,51,cnn_train,0
MH-001_21.151417_78.930248,MH-001,21.151417,78.930248,113,65,cnn_train,0
MH-001_21.151417_78.930517,MH-001,21.151417,78.930517,113,66,cnn_train,0
MH-001_21.151417_78.930787,MH-001,21.151417,78.930787,113,67,cnn_train,0
MH-001_21.151417_78.931056,MH-001,21.151417,78.931056,113,68,cnn_train,0
MH-001_21.151417_78.931326,MH-001,21.151417,78.931326,113,69,cnn_train,0
MH-001_21.151417_78.932943,MH-001,21.151417,78.932943,113,75,cnn_train,0
MH-001_21.151417_78.933212,MH-001,21.151417,78.933212,113,76,cnn_train,0
MH-001_21.151417_78.937255,MH-001,21.151417,78.937255,113,91,cnn_train,0
MH-001_21.151417_78.937524,MH-001,21.151417,78.937524,113,92,cnn_train,0
MH-001_21.151417_78.937794,MH-001,21.151417,78.937794,113,93,cnn_train,0
MH-001_21.151417_78.938063,MH-001,21.151417,78.938063,113,94,cnn_train,0
MH-001_21.151417_78.938333,MH-001,21.151417,78.938333,113,95,cnn_train,0
MH-001_21.151148_78.917851,MH-001,21.151148,78.917851,114,19,cnn_train,0
MH-001_21.151148_78.919468,MH-001,21.151148,78.919468,114,25,cnn_train,0
MH-001_21.151148_78.919738,MH-001,21.151148,78.919738,114,26,cnn_train,0
MH-001_21.151148_78.920007,MH-001,21.151148,78.920007,114,27,cnn_train,0
MH-001_21.151148_78.920277,MH-001,21.151148,78.920277,114,28,cnn_train,0
MH-001_21.151148_78.920546,MH-001,21.151148,78.920546,114,29,cnn_train,0
MH-001_21.151148_78.920816,MH-001,21.151148,78.920816,114,30,cnn_train,0
MH-001_21.151148_78.921085,MH-001,21.151148,78.921085,114,31,cnn_train,0
MH-001_21.151148_78.921355,MH-001,21.151148,78.921355,114,32,cnn_train,0
MH-001_21.151148_78.921624,MH-001,21.151148,78.921624,114,33,cnn_train,0
MH-001_21.151148_78.922433,MH-001,21.151148,78.922433,114,36,cnn_train,0
MH-001_21.151148_78.922702,MH-001,21.151148,78.922702,114,37,cnn_train,0
MH-001_21.151148_78.92351,MH-001,21.151148,78.92351,114,40,cnn_train,0
MH-001_21.151148_78.92378,MH-001,21.151148,78.92378,114,41,cnn_train,0
MH-001_21.151148_78.925397,MH-001,21.151148,78.925397,114,47,cnn_train,0
MH-001_21.151148_78.925666,MH-001,21.151148,78.925666,114,48,cnn_train,0
MH-001_21.151148_78.926205,MH-001,21.151148,78.926205,114,50,cnn_train,0
MH-001_21.151148_78.926475,MH-001,21.151148,78.926475,114,51,cnn_train,0
MH-001_21.151148_78.930248,MH-001,21.151148,78.930248,114,65,cnn_train,1
MH-001_21.151148_78.930517,MH-001,21.151148,78.930517,114,66,cnn_train,0
MH-001_21.151148_78.931595,MH-001,21.151148,78.931595,114,70,cnn_train,0
MH-001_21.151148_78.933212,MH-001,21.151148,78.933212,114,76,cnn_train,0
MH-001_21.151148_78.933482,MH-001,21.151148,78.933482,114,77,cnn_train,0
MH-001_21.151148_78.937255,MH-001,21.151148,78.937255,114,91,cnn_train,0
MH-001_21.151148_78.937524,MH-001,21.151148,78.937524,114,92,cnn_train,0
MH-001_21.151148_78.937794,MH-001,21.151148,78.937794,114,93,cnn_train,0
MH-001_21.151148_78.938063,MH-001,21.151148,78.938063,114,94,cnn_train,0
MH-001_21.151148_78.938333,MH-001,21.151148,78.938333,114,95,cnn_train,0
MH-001_21.151148_78.938602,MH-001,21.151148,78.938602,114,96,cnn_train,0
MH-001_21.150878_78.917043,MH-001,21.150878,78.917043,115,16,cnn_train,0
MH-001_21.150878_78.917582,MH-001,21.150878,78.917582,115,18,cnn_train,0
MH-001_21.150878_78.917851,MH-001,21.150878,78.917851,115,19,cnn_train,0
MH-001_21.150878_78.91839,MH-001,21.150878,78.91839,115,21,cnn_train,0
MH-001_21.150878_78.91866,MH-001,21.150878,78.91866,115,22,cnn_train,0
MH-001_21.150878_78.919199,MH-001,21.150878,78.919199,115,24,cnn_train,0
MH-001_21.150878_78.919468,MH-001,21.150878,78.919468,115,25,cnn_train,0
MH-001_21.150878_78.919738,MH-001,21.150878,78.919738,115,26,cnn_train,0
MH-001_21.150878_78.920007,MH-001,21.150878,78.920007,115,27,cnn_train,0
MH-001_21.150878_78.920277,MH-001,21.150878,78.920277,115,28,cnn_train,0
MH-001_21.150878_78.920546,MH-001,21.150878,78.920546,115,29,cnn_train,0
MH-001_21.150878_78.920816,MH-001,21.150878,78.920816,115,30,cnn_train,1
MH-001_21.150878_78.921085,MH-001,21.150878,78.921085,115,31,cnn_train,0
MH-001_21.150878_78.921355,MH-001,21.150878,78.921355,115,32,cnn_train,0
MH-001_21.150878_78.921894,MH-001,21.150878,78.921894,115,34,cnn_train,0
MH-001_21.150878_78.922433,MH-001,21.150878,78.922433,115,36,cnn_train,0
MH-001_21.150878_78.922702,MH-001,21.150878,78.922702,115,37,cnn_train,0
MH-001_21.150878_78.922972,MH-001,21.150878,78.922972,115,38,cnn_train,0
MH-001_21.150878_78.92351,MH-001,21.150878,78.92351,115,40,cnn_train,0
MH-001_21.150878_78.925397,MH-001,21.150878,78.925397,115,47,cnn_train,0
MH-001_21.150878_78.925666,MH-001,21.150878,78.925666,115,48,cnn_train,0
MH-001_21.150878_78.926475,MH-001,21.150878,78.926475,115,51,cnn_train,0
MH-001_21.150878_78.930248,MH-001,21.150878,78.930248,115,65,cnn_train,1
MH-001_21.150878_78.930787,MH-001,21.150878,78.930787,115,67,cnn_train,0
MH-001_21.150878_78.931595,MH-001,21.150878,78.931595,115,70,cnn_train,0
MH-001_21.150878_78.933482,MH-001,21.150878,78.933482,115,77,cnn_train,0
MH-001_21.150878_78.937255,MH-001,21.150878,78.937255,115,91,cnn_train,0
MH-001_21.150878_78.937524,MH-001,21.150878,78.937524,115,92,cnn_train,0
MH-001_21.150878_78.937794,MH-001,21.150878,78.937794,115,93,cnn_train,0
MH-001_21.150878_78.938063,MH-001,21.150878,78.938063,115,94,cnn_train,0
MH-001_21.150878_78.938333,MH-001,21.150878,78.938333,115,95,cnn_train,0
MH-001_21.150878_78.938602,MH-001,21.150878,78.938602,115,96,cnn_train,0
MH-001_21.150609_78.917312,MH-001,21.150609,78.917312,116,17,cnn_train,0
MH-001_21.150609_78.917582,MH-001,21.150609,78.917582,116,18,cnn_train,0
MH-001_21.150609_78.917851,MH-001,21.150609,78.917851,116,19,cnn_train,0
MH-001_21.150609_78.918121,MH-001,21.150609,78.918121,116,20,cnn_train,0
MH-001_21.150609_78.918929,MH-001,21.150609,78.918929,116,23,cnn_train,0
MH-001_21.150609_78.919199,MH-001,21.150609,78.919199,116,24,cnn_train,0
MH-001_21.150609_78.919468,MH-001,21.150609,78.919468,116,25,cnn_train,0
MH-001_21.150609_78.919738,MH-001,21.150609,78.919738,116,26,cnn_train,0
MH-001_21.150609_78.920007,MH-001,21.150609,78.920007,116,27,cnn_train,0
MH-001_21.150609_78.920277,MH-001,21.150609,78.920277,116,28,cnn_train,0
MH-001_21.150609_78.920546,MH-001,21.150609,78.920546,116,29,cnn_train,1
MH-001_21.150609_78.920816,MH-001,21.150609,78.920816,116,30,cnn_train,1
MH-001_21.150609_78.921085,MH-001,21.150609,78.921085,116,31,cnn_train,0
MH-001_21.150609_78.921355,MH-001,21.150609,78.921355,116,32,cnn_train,0
MH-001_21.150609_78.921624,MH-001,21.150609,78.921624,116,33,cnn_train,0
MH-001_21.150609_78.921894,MH-001,21.150609,78.921894,116,34,cnn_train,0
MH-001_21.150609_78.922163,MH-001,21.150609,78.922163,116,35,cnn_train,0
MH-001_21.150609_78.922433,MH-001,21.150609,78.922433,116,36,cnn_train,0
MH-001_21.150609_78.922702,MH-001,21.150609,78.922702,116,37,cnn_train,0
MH-001_21.150609_78.922972,MH-001,21.150609,78.922972,116,38,cnn_train,0
MH-001_21.150609_78.923241,MH-001,21.150609,78.923241,116,39,cnn_train,0
MH-001_21.150609_78.92351,MH-001,21.150609,78.92351,116,40,cnn_train,0
MH-001_21.150609_78.925397,MH-001,21.150609,78.925397,116,47,cnn_train,0
MH-001_21.150609_78.925666,MH-001,21.150609,78.925666,116,48,cnn_train,0
MH-001_21.150609_78.926475,MH-001,21.150609,78.926475,116,51,cnn_train,0
MH-001_21.150609_78.930517,MH-001,21.150609,78.930517,116,66,cnn_train,0
MH-001_21.150609_78.930787,MH-001,21.150609,78.930787,116,67,cnn_train,0
MH-001_21.150609_78.937255,MH-001,21.150609,78.937255,116,91,cnn_train,0
MH-001_21.150609_78.937524,MH-001,21.150609,78.937524,116,92,cnn_train,0
MH-001_21.150609_78.937794,MH-001,21.150609,78.937794,116,93,cnn_train,0
MH-001_21.150609_78.938063,MH-001,21.150609,78.938063,116,94,cnn_train,0
MH-001_21.150609_78.938602,MH-001,21.150609,78.938602,116,96,cnn_train,0
MH-001_21.150339_78.917312,MH-001,21.150339,78.917312,117,17,cnn_train,0
MH-001_21.150339_78.917582,MH-001,21.150339,78.917582,117,18,cnn_train,0
MH-001_21.150339_78.917851,MH-001,21.150339,78.917851,117,19,cnn_train,0
MH-001_21.150339_78.918121,MH-001,21.150339,78.918121,117,20,cnn_train,0
MH-001_21.150339_78.91839,MH-001,21.150339,78.91839,117,21,cnn_train,0
MH-001_21.150339_78.91866,MH-001,21.150339,78.91866,117,22,cnn_train,0
MH-001_21.150339_78.918929,MH-001,21.150339,78.918929,117,23,cnn_train,0
MH-001_21.150339_78.919199,MH-001,21.150339,78.919199,117,24,cnn_train,0
MH-001_21.150339_78.919468,MH-001,21.150339,78.919468,117,25,cnn_train,0
MH-001_21.150339_78.919738,MH-001,21.150339,78.919738,117,26,cnn_train,0
MH-001_21.150339_78.920007,MH-001,21.150339,78.920007,117,27,cnn_train,0
MH-001_21.150339_78.920277,MH-001,21.150339,78.920277,117,28,cnn_train,0
MH-001_21.150339_78.920546,MH-001,21.150339,78.920546,117,29,cnn_train,0
MH-001_21.150339_78.920816,MH-001,21.150339,78.920816,117,30,cnn_train,1
MH-001_21.150339_78.921085,MH-001,21.150339,78.921085,117,31,cnn_train,0
MH-001_21.150339_78.921355,MH-001,21.150339,78.921355,117,32,cnn_train,0
MH-001_21.150339_78.921624,MH-001,21.150339,78.921624,117,33,cnn_train,0
MH-001_21.150339_78.921894,MH-001,21.150339,78.921894,117,34,cnn_train,0
MH-001_21.150339_78.922163,MH-001,21.150339,78.922163,117,35,cnn_train,0
MH-001_21.150339_78.922433,MH-001,21.150339,78.922433,117,36,cnn_train,0
MH-001_21.150339_78.922702,MH-001,21.150339,78.922702,117,37,cnn_train,0
MH-001_21.150339_78.922972,MH-001,21.150339,78.922972,117,38,cnn_train,0
MH-001_21.150339_78.923241,MH-001,21.150339,78.923241,117,39,cnn_train,0
MH-001_21.150339_78.92378,MH-001,21.150339,78.92378,117,41,cnn_train,0
MH-001_21.150339_78.924588,MH-001,21.150339,78.924588,117,44,cnn_train,0
MH-001_21.150339_78.924858,MH-001,21.150339,78.924858,117,45,cnn_train,0
MH-001_21.150339_78.925127,MH-001,21.150339,78.925127,117,46,cnn_train,0
MH-001_21.150339_78.925666,MH-001,21.150339,78.925666,117,48,cnn_train,0
MH-001_21.150339_78.925936,MH-001,21.150339,78.925936,117,49,cnn_train,0
MH-001_21.150339_78.926205,MH-001,21.150339,78.926205,117,50,cnn_train,0
MH-001_21.150339_78.930517,MH-001,21.150339,78.930517,117,66,cnn_train,0
MH-001_21.150339_78.930787,MH-001,21.150339,78.930787,117,67,cnn_train,0
MH-001_21.150339_78.937255,MH-001,21.150339,78.937255,117,91,cnn_train,0
MH-001_21.150339_78.937524,MH-001,21.150339,78.937524,117,92,cnn_train,0
MH-001_21.150339_78.937794,MH-001,21.150339,78.937794,117,93,cnn_train,0
MH-001_21.150339_78.938063,MH-001,21.150339,78.938063,117,94,cnn_train,0
MH-001_21.15007_78.917312,MH-001,21.15007,78.917312,118,17,cnn_train,0
MH-001_21.15007_78.917582,MH-001,21.15007,78.917582,118,18,cnn_train,0
MH-001_21.15007_78.917851,MH-001,21.15007,78.917851,118,19,cnn_train,0
MH-001_21.15007_78.918121,MH-001,21.15007,78.918121,118,20,cnn_train,0
MH-001_21.15007_78.91839,MH-001,21.15007,78.91839,118,21,cnn_train,0
MH-001_21.15007_78.91866,MH-001,21.15007,78.91866,118,22,cnn_train,0
MH-001_21.15007_78.918929,MH-001,21.15007,78.918929,118,23,cnn_train,0
MH-001_21.15007_78.919199,MH-001,21.15007,78.919199,118,24,cnn_train,0
MH-001_21.15007_78.919468,MH-001,21.15007,78.919468,118,25,cnn_train,0
MH-001_21.15007_78.919738,MH-001,21.15007,78.919738,118,26,cnn_train,0
MH-001_21.15007_78.920007,MH-001,21.15007,78.920007,118,27,cnn_train,0
MH-001_21.15007_78.920277,MH-001,21.15007,78.920277,118,28,cnn_train,0
MH-001_21.15007_78.920546,MH-001,21.15007,78.920546,118,29,cnn_train,0
MH-001_21.15007_78.920816,MH-001,21.15007,78.920816,118,30,cnn_train,0
MH-001_21.15007_78.921085,MH-001,21.15007,78.921085,118,31,cnn_train,0
MH-001_21.15007_78.921355,MH-001,21.15007,78.921355,118,32,cnn_train,0
MH-001_21.15007_78.921624,MH-001,21.15007,78.921624,118,33,cnn_train,0
MH-001_21.15007_78.921894,MH-001,21.15007,78.921894,118,34,cnn_train,0
MH-001_21.15007_78.922163,MH-001,21.15007,78.922163,118,35,cnn_train,0
MH-001_21.15007_78.922433,MH-001,21.15007,78.922433,118,36,cnn_train,0
MH-001_21.15007_78.922702,MH-001,21.15007,78.922702,118,37,cnn_train,0
MH-001_21.15007_78.922972,MH-001,21.15007,78.922972,118,38,cnn_train,0
MH-001_21.15007_78.923241,MH-001,21.15007,78.923241,118,39,cnn_train,0
MH-001_21.15007_78.92351,MH-001,21.15007,78.92351,118,40,cnn_train,0
MH-001_21.15007_78.92378,MH-001,21.15007,78.92378,118,41,cnn_train,0
MH-001_21.15007_78.924049,MH-001,21.15007,78.924049,118,42,cnn_train,0
MH-001_21.15007_78.924319,MH-001,21.15007,78.924319,118,43,cnn_train,0
MH-001_21.15007_78.924588,MH-001,21.15007,78.924588,118,44,cnn_train,0
MH-001_21.15007_78.924858,MH-001,21.15007,78.924858,118,45,cnn_train,0
MH-001_21.15007_78.925127,MH-001,21.15007,78.925127,118,46,cnn_train,0
MH-001_21.15007_78.926475,MH-001,21.15007,78.926475,118,51,cnn_train,0
MH-001_21.15007_78.930517,MH-001,21.15007,78.930517,118,66,cnn_train,0
MH-001_21.15007_78.937255,MH-001,21.15007,78.937255,118,91,cnn_train,1
MH-001_21.15007_78.937524,MH-001,21.15007,78.937524,118,92,cnn_train,0
MH-001_21.15007_78.937794,MH-001,21.15007,78.937794,118,93,cnn_train,0
MH-001_21.15007_78.938063,MH-001,21.15007,78.938063,118,94,cnn_train,0
MH-001_21.1498_78.917582,MH-001,21.1498,78.917582,119,18,cnn_train,0
MH-001_21.1498_78.917851,MH-001,21.1498,78.917851,119,19,cnn_train,0
MH-001_21.1498_78.918121,MH-001,21.1498,78.918121,119,20,cnn_train,0
MH-001_21.1498_78.91839,MH-001,21.1498,78.91839,119,21,cnn_train,0
MH-001_21.1498_78.91866,MH-001,21.1498,78.91866,119,22,cnn_train,0
MH-001_21.1498_78.918929,MH-001,21.1498,78.918929,119,23,cnn_train,0
MH-001_21.1498_78.919199,MH-001,21.1498,78.919199,119,24,cnn_train,0
MH-001_21.1498_78.919468,MH-001,21.1498,78.919468,119,25,cnn_train,0
MH-001_21.1498_78.919738,MH-001,21.1498,78.919738,119,26,cnn_train,0
MH-001_21.1498_78.920007,MH-001,21.1498,78.920007,119,27,cnn_train,0
MH-001_21.1498_78.920277,MH-001,21.1498,78.920277,119,28,cnn_train,0
MH-001_21.1498_78.920546,MH-001,21.1498,78.920546,119,29,cnn_train,0
MH-001_21.1498_78.920816,MH-001,21.1498,78.920816,119,30,cnn_train,0
MH-001_21.1498_78.921085,MH-001,21.1498,78.921085,119,31,cnn_train,0
MH-001_21.1498_78.921355,MH-001,21.1498,78.921355,119,32,cnn_train,0
MH-001_21.1498_78.921624,MH-001,21.1498,78.921624,119,33,cnn_train,0
MH-001_21.1498_78.921894,MH-001,21.1498,78.921894,119,34,cnn_train,0
MH-001_21.1498_78.922163,MH-001,21.1498,78.922163,119,35,cnn_train,0
MH-001_21.1498_78.922433,MH-001,21.1498,78.922433,119,36,cnn_train,0
MH-001_21.1498_78.922702,MH-001,21.1498,78.922702,119,37,cnn_train,0
MH-001_21.1498_78.922972,MH-001,21.1498,78.922972,119,38,cnn_train,0
MH-001_21.1498_78.923241,MH-001,21.1498,78.923241,119,39,cnn_train,0
MH-001_21.1498_78.92351,MH-001,21.1498,78.92351,119,40,cnn_train,0
MH-001_21.1498_78.92378,MH-001,21.1498,78.92378,119,41,cnn_train,0
MH-001_21.1498_78.924049,MH-001,21.1498,78.924049,119,42,cnn_train,0
MH-001_21.1498_78.924319,MH-001,21.1498,78.924319,119,43,cnn_train,0
MH-001_21.1498_78.924588,MH-001,21.1498,78.924588,119,44,cnn_train,0
MH-001_21.1498_78.924858,MH-001,21.1498,78.924858,119,45,cnn_train,0
MH-001_21.1498_78.925127,MH-001,21.1498,78.925127,119,46,cnn_train,0
MH-001_21.1498_78.926205,MH-001,21.1498,78.926205,119,50,cnn_train,0
MH-001_21.1498_78.937524,MH-001,21.1498,78.937524,119,92,cnn_train,1
MH-001_21.1498_78.937794,MH-001,21.1498,78.937794,119,93,cnn_train,0
MH-001_21.1498_78.938063,MH-001,21.1498,78.938063,119,94,cnn_train,0
MH-001_21.1498_78.938333,MH-001,21.1498,78.938333,119,95,cnn_train,0
MH-001_21.149531_78.917582,MH-001,21.149531,78.917582,120,18,cnn_train,0
MH-001_21.149531_78.917851,MH-001,21.149531,78.917851,120,19,cnn_train,0
MH-001_21.149531_78.918121,MH-001,21.149531,78.918121,120,20,cnn_train,0
MH-001_21.149531_78.91839,MH-001,21.149531,78.91839,120,21,cnn_train,0
MH-001_21.149531_78.91866,MH-001,21.149531,78.91866,120,22,cnn_train,0
MH-001_21.149531_78.918929,MH-001,21.149531,78.918929,120,23,cnn_train,0
MH-001_21.149531_78.919199,MH-001,21.149531,78.919199,120,24,cnn_train,0
MH-001_21.149531_78.919468,MH-001,21.149531,78.919468,120,25,cnn_train,0
MH-001_21.149531_78.919738,MH-001,21.149531,78.919738,120,26,cnn_train,0
MH-001_21.149531_78.920007,MH-001,21.149531,78.920007,120,27,cnn_train,0
MH-001_21.149531_78.920277,MH-001,21.149531,78.920277,120,28,cnn_train,0
MH-001_21.149531_78.920546,MH-001,21.149531,78.920546,120,29,cnn_train,0
MH-001_21.149531_78.920816,MH-001,21.149531,78.920816,120,30,cnn_train,0
MH-001_21.149531_78.921085,MH-001,21.149531,78.921085,120,31,cnn_train,0
MH-001_21.149531_78.921355,MH-001,21.149531,78.921355,120,32,cnn_train,0
MH-001_21.149531_78.921624,MH-001,21.149531,78.921624,120,33,cnn_train,0
MH-001_21.149531_78.921894,MH-001,21.149531,78.921894,120,34,cnn_train,0
MH-001_21.149531_78.922163,MH-001,21.149531,78.922163,120,35,cnn_train,0
MH-001_21.149531_78.922433,MH-001,21.149531,78.922433,120,36,cnn_train,0
MH-001_21.149531_78.922702,MH-001,21.149531,78.922702,120,37,cnn_train,0
MH-001_21.149531_78.922972,MH-001,21.149531,78.922972,120,38,cnn_train,0
MH-001_21.149531_78.923241,MH-001,21.149531,78.923241,120,39,cnn_train,0
MH-001_21.149531_78.92351,MH-001,21.149531,78.92351,120,40,cnn_train,0
MH-001_21.149531_78.92378,MH-001,21.149531,78.92378,120,41,cnn_train,0
MH-001_21.149531_78.924049,MH-001,21.149531,78.924049,120,42,cnn_train,0
MH-001_21.149531_78.924319,MH-001,21.149531,78.924319,120,43,cnn_train,0
MH-001_21.149531_78.924588,MH-001,21.149531,78.924588,120,44,cnn_train,0
MH-001_21.149531_78.924858,MH-001,21.149531,78.924858,120,45,cnn_train,0
MH-001_21.149531_78.925397,MH-001,21.149531,78.925397,120,47,cnn_train,0
MH-001_21.149531_78.925666,MH-001,21.149531,78.925666,120,48,cnn_train,0
MH-001_21.149531_78.926475,MH-001,21.149531,78.926475,120,51,cnn_train,0
MH-001_21.149531_78.937255,MH-001,21.149531,78.937255,120,91,cnn_train,0
MH-001_21.149531_78.938063,MH-001,21.149531,78.938063,120,94,cnn_train,0
MH-001_21.149531_78.938333,MH-001,21.149531,78.938333,120,95,cnn_train,0
MH-001_21.149531_78.938602,MH-001,21.149531,78.938602,120,96,cnn_train,0
MH-001_21.149261_78.917851,MH-001,21.149261,78.917851,121,19,cnn_train,0
MH-001_21.149261_78.918121,MH-001,21.149261,78.918121,121,20,cnn_train,0
MH-001_21.149261_78.91839,MH-001,21.149261,78.91839,121,21,cnn_train,0
MH-001_21.149261_78.91866,MH-001,21.149261,78.91866,121,22,cnn_train,0
MH-001_21.149261_78.918929,MH-001,21.149261,78.918929,121,23,cnn_train,0
MH-001_21.149261_78.919199,MH-001,21.149261,78.919199,121,24,cnn_train,0
MH-001_21.149261_78.919468,MH-001,21.149261,78.919468,121,25,cnn_train,0
MH-001_21.149261_78.919738,MH-001,21.149261,78.919738,121,26,cnn_train,0
MH-001_21.149261_78.920007,MH-001,21.149261,78.920007,121,27,cnn_train,0
MH-001_21.149261_78.920277,MH-001,21.149261,78.920277,121,28,cnn_train,0
MH-001_21.149261_78.920546,MH-001,21.149261,78.920546,121,29,cnn_train,0
MH-001_21.149261_78.920816,MH-001,21.149261,78.920816,121,30,cnn_train,0
MH-001_21.149261_78.921085,MH-001,21.149261,78.921085,121,31,cnn_train,0
MH-001_21.149261_78.921355,MH-001,21.149261,78.921355,121,32,cnn_train,0
MH-001_21.149261_78.921624,MH-001,21.149261,78.921624,121,33,cnn_train,0
MH-001_21.149261_78.921894,MH-001,21.149261,78.921894,121,34,cnn_train,0
MH-001_21.149261_78.922163,MH-001,21.149261,78.922163,121,35,cnn_train,0
MH-001_21.149261_78.922433,MH-001,21.149261,78.922433,121,36,cnn_train,0
MH-001_21.149261_78.922702,MH-001,21.149261,78.922702,121,37,cnn_train,0
MH-001_21.149261_78.922972,MH-001,21.149261,78.922972,121,38,cnn_train,0
MH-001_21.149261_78.923241,MH-001,21.149261,78.923241,121,39,cnn_train,0
MH-001_21.149261_78.92351,MH-001,21.149261,78.92351,121,40,cnn_train,0
MH-001_21.149261_78.92378,MH-001,21.149261,78.92378,121,41,cnn_train,0
MH-001_21.149261_78.924049,MH-001,21.149261,78.924049,121,42,cnn_train,0
MH-001_21.149261_78.924319,MH-001,21.149261,78.924319,121,43,cnn_train,0
MH-001_21.149261_78.924588,MH-001,21.149261,78.924588,121,44,cnn_train,0
MH-001_21.149261_78.924858,MH-001,21.149261,78.924858,121,45,cnn_train,0
MH-001_21.149261_78.925127,MH-001,21.149261,78.925127,121,46,cnn_train,0
MH-001_21.149261_78.925936,MH-001,21.149261,78.925936,121,49,cnn_train,0
MH-001_21.149261_78.931595,MH-001,21.149261,78.931595,121,70,cnn_train,0
MH-001_21.149261_78.931865,MH-001,21.149261,78.931865,121,71,cnn_train,0
MH-001_21.149261_78.937255,MH-001,21.149261,78.937255,121,91,cnn_train,0
MH-001_21.149261_78.937524,MH-001,21.149261,78.937524,121,92,cnn_train,0
MH-001_21.149261_78.938602,MH-001,21.149261,78.938602,121,96,cnn_train,0
MH-001_21.148992_78.917851,MH-001,21.148992,78.917851,122,19,cnn_train,0
MH-001_21.148992_78.918121,MH-001,21.148992,78.918121,122,20,cnn_train,0
MH-001_21.148992_78.91839,MH-001,21.148992,78.91839,122,21,cnn_train,0
MH-001_21.148992_78.91866,MH-001,21.148992,78.91866,122,22,cnn_train,0
MH-001_21.148992_78.918929,MH-001,21.148992,78.918929,122,23,cnn_train,0
MH-001_21.148992_78.919199,MH-001,21.148992,78.919199,122,24,cnn_train,0
MH-001_21.148992_78.919468,MH-001,21.148992,78.919468,122,25,cnn_train,0
MH-001_21.148992_78.919738,MH-001,21.148992,78.919738,122,26,cnn_train,0
MH-001_21.148992_78.920007,MH-001,21.148992,78.920007,122,27,cnn_train,0
MH-001_21.148992_78.920277,MH-001,21.148992,78.920277,122,28,cnn_train,0
MH-001_21.148992_78.920546,MH-001,21.148992,78.920546,122,29,cnn_train,0
MH-001_21.148992_78.920816,MH-001,21.148992,78.920816,122,30,cnn_train,0
MH-001_21.148992_78.921085,MH-001,21.148992,78.921085,122,31,cnn_train,0
MH-001_21.148992_78.921355,MH-001,21.148992,78.921355,122,32,cnn_train,0
MH-001_21.148992_78.921624,MH-001,21.148992,78.921624,122,33,cnn_train,0
MH-001_21.148992_78.921894,MH-001,21.148992,78.921894,122,34,cnn_train,0
MH-001_21.148992_78.922163,MH-001,21.148992,78.922163,122,35,cnn_train,0
MH-001_21.148992_78.922433,MH-001,21.148992,78.922433,122,36,cnn_train,0
MH-001_21.148992_78.922702,MH-001,21.148992,78.922702,122,37,cnn_train,0
MH-001_21.148992_78.922972,MH-001,21.148992,78.922972,122,38,cnn_train,0
MH-001_21.148992_78.923241,MH-001,21.148992,78.923241,122,39,cnn_train,0
MH-001_21.148992_78.92351,MH-001,21.148992,78.92351,122,40,cnn_train,0
MH-001_21.148992_78.92378,MH-001,21.148992,78.92378,122,41,cnn_train,0
MH-001_21.148992_78.924049,MH-001,21.148992,78.924049,122,42,cnn_train,0
MH-001_21.148992_78.924319,MH-001,21.148992,78.924319,122,43,cnn_train,0
MH-001_21.148992_78.924588,MH-001,21.148992,78.924588,122,44,cnn_train,0
MH-001_21.148992_78.924858,MH-001,21.148992,78.924858,122,45,cnn_train,0
MH-001_21.148992_78.925397,MH-001,21.148992,78.925397,122,47,cnn_train,0
MH-001_21.148992_78.926205,MH-001,21.148992,78.926205,122,50,cnn_train,0
MH-001_21.148992_78.926475,MH-001,21.148992,78.926475,122,51,cnn_train,0
MH-001_21.148992_78.930248,MH-001,21.148992,78.930248,122,65,cnn_train,0
MH-001_21.148992_78.930517,MH-001,21.148992,78.930517,122,66,cnn_train,0
MH-001_21.148992_78.931595,MH-001,21.148992,78.931595,122,70,cnn_train,0
MH-001_21.148992_78.931865,MH-001,21.148992,78.931865,122,71,cnn_train,0
MH-001_21.148992_78.937255,MH-001,21.148992,78.937255,122,91,cnn_train,0
MH-001_21.148992_78.937524,MH-001,21.148992,78.937524,122,92,cnn_train,0
MH-001_21.148992_78.937794,MH-001,21.148992,78.937794,122,93,cnn_train,0
MH-001_21.148992_78.938063,MH-001,21.148992,78.938063,122,94,cnn_train,0
MH-001_21.148722_78.917851,MH-001,21.148722,78.917851,123,19,cnn_train,0
MH-001_21.148722_78.918121,MH-001,21.148722,78.918121,123,20,cnn_train,0
MH-001_21.148722_78.91839,MH-001,21.148722,78.91839,123,21,cnn_train,0
MH-001_21.148722_78.91866,MH-001,21.148722,78.91866,123,22,cnn_train,0
MH-001_21.148722_78.918929,MH-001,21.148722,78.918929,123,23,cnn_train,0
MH-001_21.148722_78.919199,MH-001,21.148722,78.919199,123,24,cnn_train,0
MH-001_21.148722_78.919468,MH-001,21.148722,78.919468,123,25,cnn_train,0
MH-001_21.148722_78.919738,MH-001,21.148722,78.919738,123,26,cnn_train,0
MH-001_21.148722_78.920007,MH-001,21.148722,78.920007,123,27,cnn_train,0
MH-001_21.148722_78.920277,MH-001,21.148722,78.920277,123,28,cnn_train,0
MH-001_21.148722_78.920546,MH-001,21.148722,78.920546,123,29,cnn_train,0
MH-001_21.148722_78.920816,MH-001,21.148722,78.920816,123,30,cnn_train,0
MH-001_21.148722_78.921085,MH-001,21.148722,78.921085,123,31,cnn_train,0
MH-001_21.148722_78.921355,MH-001,21.148722,78.921355,123,32,cnn_train,0
MH-001_21.148722_78.921624,MH-001,21.148722,78.921624,123,33,cnn_train,0
MH-001_21.148722_78.921894,MH-001,21.148722,78.921894,123,34,cnn_train,0
MH-001_21.148722_78.922163,MH-001,21.148722,78.922163,123,35,cnn_train,0
MH-001_21.148722_78.922433,MH-001,21.148722,78.922433,123,36,cnn_train,0
MH-001_21.148722_78.922702,MH-001,21.148722,78.922702,123,37,cnn_train,0
MH-001_21.148722_78.922972,MH-001,21.148722,78.922972,123,38,cnn_train,0
MH-001_21.148722_78.923241,MH-001,21.148722,78.923241,123,39,cnn_train,0
MH-001_21.148722_78.92351,MH-001,21.148722,78.92351,123,40,cnn_train,0
MH-001_21.148722_78.92378,MH-001,21.148722,78.92378,123,41,cnn_train,0
MH-001_21.148722_78.924049,MH-001,21.148722,78.924049,123,42,cnn_train,0
MH-001_21.148722_78.924319,MH-001,21.148722,78.924319,123,43,cnn_train,0
MH-001_21.148722_78.924588,MH-001,21.148722,78.924588,123,44,cnn_train,0
MH-001_21.148722_78.924858,MH-001,21.148722,78.924858,123,45,cnn_train,0
MH-001_21.148722_78.925127,MH-001,21.148722,78.925127,123,46,cnn_train,0
MH-001_21.148722_78.925397,MH-001,21.148722,78.925397,123,47,cnn_train,0
MH-001_21.148722_78.925666,MH-001,21.148722,78.925666,123,48,cnn_train,0
MH-001_21.148722_78.930248,MH-001,21.148722,78.930248,123,65,cnn_train,0
MH-001_21.148722_78.931865,MH-001,21.148722,78.931865,123,71,cnn_train,0
MH-001_21.148722_78.932134,MH-001,21.148722,78.932134,123,72,cnn_train,0
MH-001_21.148722_78.937255,MH-001,21.148722,78.937255,123,91,cnn_train,0
MH-001_21.148722_78.937524,MH-001,21.148722,78.937524,123,92,cnn_train,0
MH-001_21.148722_78.937794,MH-001,21.148722,78.937794,123,93,cnn_train,1
MH-001_21.148722_78.938063,MH-001,21.148722,78.938063,123,94,cnn_train,0
MH-001_21.148722_78.938333,MH-001,21.148722,78.938333,123,95,cnn_train,0
MH-001_21.148453_78.918121,MH-001,21.148453,78.918121,124,20,cnn_train,0
MH-001_21.148453_78.91839,MH-001,21.148453,78.91839,124,21,cnn_train,0
MH-001_21.148453_78.91866,MH-001,21.148453,78.91866,124,22,cnn_train,0
MH-001_21.148453_78.918929,MH-001,21.148453,78.918929,124,23,cnn_train,0
MH-001_21.148453_78.919199,MH-001,21.148453,78.919199,124,24,cnn_train,0
MH-001_21.148453_78.919468,MH-001,21.148453,78.919468,124,25,cnn_train,0
MH-001_21.148453_78.919738,MH-001,21.148453,78.919738,124,26,cnn_train,0
MH-001_21.148453_78.920007,MH-001,21.148453,78.920007,124,27,cnn_train,0
MH-001_21.148453_78.920277,MH-001,21.148453,78.920277,124,28,cnn_train,0
MH-001_21.148453_78.920546,MH-001,21.148453,78.920546,124,29,cnn_train,0
MH-001_21.148453_78.920816,MH-001,21.148453,78.920816,124,30,cnn_train,0
MH-001_21.148453_78.921085,MH-001,21.148453,78.921085,124,31,cnn_train,0
MH-001_21.148453_78.921355,MH-001,21.148453,78.921355,124,32,cnn_train,0
MH-001_21.148453_78.921624,MH-001,21.148453,78.921624,124,33,cnn_train,0
MH-001_21.148453_78.921894,MH-001,21.148453,78.921894,124,34,cnn_train,0
MH-001_21.148453_78.922163,MH-001,21.148453,78.922163,124,35,cnn_train,0
MH-001_21.148453_78.922433,MH-001,21.148453,78.922433,124,36,cnn_train,0
MH-001_21.148453_78.922702,MH-001,21.148453,78.922702,124,37,cnn_train,0
MH-001_21.148453_78.922972,MH-001,21.148453,78.922972,124,38,cnn_train,0
MH-001_21.148453_78.923241,MH-001,21.148453,78.923241,124,39,cnn_train,0
MH-001_21.148453_78.92351,MH-001,21.148453,78.92351,124,40,cnn_train,0
MH-001_21.148453_78.92378,MH-001,21.148453,78.92378,124,41,cnn_train,0
MH-001_21.148453_78.924049,MH-001,21.148453,78.924049,124,42,cnn_train,0
MH-001_21.148453_78.924319,MH-001,21.148453,78.924319,124,43,cnn_train,0
MH-001_21.148453_78.924588,MH-001,21.148453,78.924588,124,44,cnn_train,0
MH-001_21.148453_78.924858,MH-001,21.148453,78.924858,124,45,cnn_train,0
MH-001_21.148453_78.925127,MH-001,21.148453,78.925127,124,46,cnn_train,0
MH-001_21.148453_78.926475,MH-001,21.148453,78.926475,124,51,cnn_train,0
MH-001_21.148453_78.930248,MH-001,21.148453,78.930248,124,65,cnn_train,0
MH-001_21.148453_78.930517,MH-001,21.148453,78.930517,124,66,cnn_train,0
MH-001_21.148453_78.931056,MH-001,21.148453,78.931056,124,68,cnn_train,0
MH-001_21.148453_78.931865,MH-001,21.148453,78.931865,124,71,cnn_train,0
MH-001_21.148453_78.937255,MH-001,21.148453,78.937255,124,91,cnn_train,0
MH-001_21.148453_78.937524,MH-001,21.148453,78.937524,124,92,cnn_train,0
MH-001_21.148453_78.937794,MH-001,21.148453,78.937794,124,93,cnn_train,1
MH-001_21.148453_78.938063,MH-001,21.148453,78.938063,124,94,cnn_train,0
MH-001_21.148453_78.938333,MH-001,21.148453,78.938333,124,95,cnn_train,0
MH-001_21.148183_78.918121,MH-001,21.148183,78.918121,125,20,cnn_train,0
MH-001_21.148183_78.91839,MH-001,21.148183,78.91839,125,21,cnn_train,0
MH-001_21.148183_78.91866,MH-001,21.148183,78.91866,125,22,cnn_train,0
MH-001_21.148183_78.918929,MH-001,21.148183,78.918929,125,23,cnn_train,0
MH-001_21.148183_78.919199,MH-001,21.148183,78.919199,125,24,cnn_train,0
MH-001_21.148183_78.919468,MH-001,21.148183,78.919468,125,25,cnn_train,0
MH-001_21.148183_78.919738,MH-001,21.148183,78.919738,125,26,cnn_train,0
MH-001_21.148183_78.920007,MH-001,21.148183,78.920007,125,27,cnn_train,0
MH-001_21.148183_78.920277,MH-001,21.148183,78.920277,125,28,cnn_train,0
MH-001_21.148183_78.920546,MH-001,21.148183,78.920546,125,29,cnn_train,0
MH-001_21.148183_78.920816,MH-001,21.148183,78.920816,125,30,cnn_train,0
MH-001_21.148183_78.921085,MH-001,21.148183,78.921085,125,31,cnn_train,0
MH-001_21.148183_78.921355,MH-001,21.148183,78.921355,125,32,cnn_train,0
MH-001_21.148183_78.921624,MH-001,21.148183,78.921624,125,33,cnn_train,0
MH-001_21.148183_78.921894,MH-001,21.148183,78.921894,125,34,cnn_train,0
MH-001_21.148183_78.922163,MH-001,21.148183,78.922163,125,35,cnn_train,0
MH-001_21.148183_78.922433,MH-001,21.148183,78.922433,125,36,cnn_train,0
MH-001_21.148183_78.922702,MH-001,21.148183,78.922702,125,37,cnn_train,0
MH-001_21.148183_78.922972,MH-001,21.148183,78.922972,125,38,cnn_train,0
MH-001_21.148183_78.923241,MH-001,21.148183,78.923241,125,39,cnn_train,0
MH-001_21.148183_78.92351,MH-001,21.148183,78.92351,125,40,cnn_train,0
MH-001_21.148183_78.92378,MH-001,21.148183,78.92378,125,41,cnn_train,0
MH-001_21.148183_78.924049,MH-001,21.148183,78.924049,125,42,cnn_train,0
MH-001_21.148183_78.924319,MH-001,21.148183,78.924319,125,43,cnn_train,0
MH-001_21.148183_78.924588,MH-001,21.148183,78.924588,125,44,cnn_train,0
MH-001_21.148183_78.925127,MH-001,21.148183,78.925127,125,46,cnn_train,0
MH-001_21.148183_78.926205,MH-001,21.148183,78.926205,125,50,cnn_train,0
MH-001_21.148183_78.926475,MH-001,21.148183,78.926475,125,51,cnn_train,0
MH-001_21.148183_78.930248,MH-001,21.148183,78.930248,125,65,cnn_train,0
MH-001_21.148183_78.930517,MH-001,21.148183,78.930517,125,66,cnn_train,0
MH-001_21.148183_78.931056,MH-001,21.148183,78.931056,125,68,cnn_train,0
MH-001_21.148183_78.931865,MH-001,21.148183,78.931865,125,71,cnn_train,0
MH-001_21.148183_78.932404,MH-001,21.148183,78.932404,125,73,cnn_train,0
MH-001_21.148183_78.937524,MH-001,21.148183,78.937524,125,92,cnn_train,0
MH-001_21.148183_78.937794,MH-001,21.148183,78.937794,125,93,cnn_train,1
MH-001_21.147914_78.91839,MH-001,21.147914,78.91839,126,21,cnn_train,0
MH-001_21.147914_78.91866,MH-001,21.147914,78.91866,126,22,cnn_train,0
MH-001_21.147914_78.918929,MH-001,21.147914,78.918929,126,23,cnn_train,0
MH-001_21.147914_78.919199,MH-001,21.147914,78.919199,126,24,cnn_train,0
MH-001_21.147914_78.919468,MH-001,21.147914,78.919468,126,25,cnn_train,0
MH-001_21.147914_78.919738,MH-001,21.147914,78.919738,126,26,cnn_train,0
MH-001_21.147914_78.920007,MH-001,21.147914,78.920007,126,27,cnn_train,0
MH-001_21.147914_78.920277,MH-001,21.147914,78.920277,126,28,cnn_train,0
MH-001_21.147914_78.920546,MH-001,21.147914,78.920546,126,29,cnn_train,0
MH-001_21.147914_78.920816,MH-001,21.147914,78.920816,126,30,cnn_train,0
MH-001_21.147914_78.921085,MH-001,21.147914,78.921085,126,31,cnn_train,0
MH-001_21.147914_78.921355,MH-001,21.147914,78.921355,126,32,cnn_train,0
MH-001_21.147914_78.921624,MH-001,21.147914,78.921624,126,33,cnn_train,0
MH-001_21.147914_78.921894,MH-001,21.147914,78.921894,126,34,cnn_train,0
MH-001_21.147914_78.922163,MH-001,21.147914,78.922163,126,35,cnn_train,0
MH-001_21.147914_78.922433,MH-001,21.147914,78.922433,126,36,cnn_train,0
MH-001_21.147914_78.922702,MH-001,21.147914,78.922702,126,37,cnn_train,0
MH-001_21.147914_78.922972,MH-001,21.147914,78.922972,126,38,cnn_train,0
MH-001_21.147914_78.923241,MH-001,21.147914,78.923241,126,39,cnn_train,0
MH-001_21.147914_78.92351,MH-001,21.147914,78.92351,126,40,cnn_train,0
MH-001_21.147914_78.92378,MH-001,21.147914,78.92378,126,41,cnn_train,0
MH-001_21.147914_78.924049,MH-001,21.147914,78.924049,126,42,cnn_train,0
MH-001_21.147914_78.924319,MH-001,21.147914,78.924319,126,43,cnn_train,0
MH-001_21.147914_78.924588,MH-001,21.147914,78.924588,126,44,cnn_train,0
MH-001_21.147914_78.926205,MH-001,21.147914,78.926205,126,50,cnn_train,0
MH-001_21.147914_78.926475,MH-001,21.147914,78.926475,126,51,cnn_train,0
MH-001_21.147914_78.930248,MH-001,21.147914,78.930248,126,65,cnn_train,0
MH-001_21.147914_78.930517,MH-001,21.147914,78.930517,126,66,cnn_train,0
MH-001_21.147914_78.930787,MH-001,21.147914,78.930787,126,67,cnn_train,0
MH-001_21.147914_78.931326,MH-001,21.147914,78.931326,126,69,cnn_train,0
MH-001_21.147914_78.931595,MH-001,21.147914,78.931595,126,70,cnn_train,0
MH-001_21.147914_78.932134,MH-001,21.147914,78.932134,126,72,cnn_train,0
MH-001_21.147914_78.932404,MH-001,21.147914,78.932404,126,73,cnn_train,0
MH-001_21.147914_78.932673,MH-001,21.147914,78.932673,126,74,cnn_train,0
MH-001_21.147914_78.932943,MH-001,21.147914,78.932943,126,75,cnn_train,0
MH-001_21.147914_78.937255,MH-001,21.147914,78.937255,126,91,cnn_train,0
MH-001_21.147914_78.937524,MH-001,21.147914,78.937524,126,92,cnn_train,0
MH-001_21.147914_78.937794,MH-001,21.147914,78.937794,126,93,cnn_train,1
MH-001_21.147914_78.938063,MH-001,21.147914,78.938063,126,94,cnn_train,1
MH-001_21.147914_78.938333,MH-001,21.147914,78.938333,126,95,cnn_train,0
MH-001_21.147914_78.938602,MH-001,21.147914,78.938602,126,96,cnn_train,0
MH-001_21.147644_78.91839,MH-001,21.147644,78.91839,127,21,cnn_train,0
MH-001_21.147644_78.91866,MH-001,21.147644,78.91866,127,22,cnn_train,0
MH-001_21.147644_78.918929,MH-001,21.147644,78.918929,127,23,cnn_train,0
MH-001_21.147644_78.919199,MH-001,21.147644,78.919199,127,24,cnn_train,0
MH-001_21.147644_78.919468,MH-001,21.147644,78.919468,127,25,cnn_train,0
MH-001_21.147644_78.919738,MH-001,21.147644,78.919738,127,26,cnn_train,0
MH-001_21.147644_78.920007,MH-001,21.147644,78.920007,127,27,cnn_train,0
MH-001_21.147644_78.920277,MH-001,21.147644,78.920277,127,28,cnn_train,0
MH-001_21.147644_78.920546,MH-001,21.147644,78.920546,127,29,cnn_train,0
MH-001_21.147644_78.920816,MH-001,21.147644,78.920816,127,30,cnn_train,0
MH-001_21.147644_78.921085,MH-001,21.147644,78.921085,127,31,cnn_train,0
MH-001_21.147644_78.921355,MH-001,21.147644,78.921355,127,32,cnn_train,0
MH-001_21.147644_78.921624,MH-001,21.147644,78.921624,127,33,cnn_train,0
MH-001_21.147644_78.921894,MH-001,21.147644,78.921894,127,34,cnn_train,0
MH-001_21.147644_78.922163,MH-001,21.147644,78.922163,127,35,cnn_train,0
MH-001_21.147644_78.922433,MH-001,21.147644,78.922433,127,36,cnn_train,0
MH-001_21.147644_78.922702,MH-001,21.147644,78.922702,127,37,cnn_train,0
MH-001_21.147644_78.922972,MH-001,21.147644,78.922972,127,38,cnn_train,0
MH-001_21.147644_78.923241,MH-001,21.147644,78.923241,127,39,cnn_train,0
MH-001_21.147644_78.92351,MH-001,21.147644,78.92351,127,40,cnn_train,0
MH-001_21.147644_78.92378,MH-001,21.147644,78.92378,127,41,cnn_train,0
MH-001_21.147644_78.924049,MH-001,21.147644,78.924049,127,42,cnn_train,0
MH-001_21.147644_78.924319,MH-001,21.147644,78.924319,127,43,cnn_train,0
MH-001_21.147644_78.924858,MH-001,21.147644,78.924858,127,45,cnn_train,0
MH-001_21.147644_78.925127,MH-001,21.147644,78.925127,127,46,cnn_train,0
MH-001_21.147644_78.930248,MH-001,21.147644,78.930248,127,65,cnn_train,0
MH-001_21.147644_78.930517,MH-001,21.147644,78.930517,127,66,cnn_train,0
MH-001_21.147644_78.930787,MH-001,21.147644,78.930787,127,67,cnn_train,0
MH-001_21.147644_78.931056,MH-001,21.147644,78.931056,127,68,cnn_train,0
MH-001_21.147644_78.931326,MH-001,21.147644,78.931326,127,69,cnn_train,0
MH-001_21.147644_78.932134,MH-001,21.147644,78.932134,127,72,cnn_train,0
MH-001_21.147644_78.932404,MH-001,21.147644,78.932404,127,73,cnn_train,0
MH-001_21.147644_78.932673,MH-001,21.147644,78.932673,127,74,cnn_train,0
MH-001_21.147644_78.932943,MH-001,21.147644,78.932943,127,75,cnn_train,0
MH-001_21.147644_78.933212,MH-001,21.147644,78.933212,127,76,cnn_train,0
MH-001_21.147644_78.937255,MH-001,21.147644,78.937255,127,91,cnn_train,1
MH-001_21.147644_78.937524,MH-001,21.147644,78.937524,127,92,cnn_train,1
MH-001_21.147644_78.937794,MH-001,21.147644,78.937794,127,93,cnn_train,1
MH-001_21.147644_78.938063,MH-001,21.147644,78.938063,127,94,cnn_train,0
MH-001_21.147644_78.938333,MH-001,21.147644,78.938333,127,95,cnn_train,0
MH-001_21.147644_78.938602,MH-001,21.147644,78.938602,127,96,cnn_train,0
MH-001_21.147375_78.91866,MH-001,21.147375,78.91866,128,22,cnn_train,0
MH-001_21.147375_78.918929,MH-001,21.147375,78.918929,128,23,cnn_train,0
MH-001_21.147375_78.919199,MH-001,21.147375,78.919199,128,24,cnn_train,0
MH-001_21.147375_78.919468,MH-001,21.147375,78.919468,128,25,cnn_train,0
MH-001_21.147375_78.919738,MH-001,21.147375,78.919738,128,26,cnn_train,0
MH-001_21.147375_78.920007,MH-001,21.147375,78.920007,128,27,cnn_train,0
MH-001_21.147375_78.920277,MH-001,21.147375,78.920277,128,28,cnn_train,0
MH-001_21.147375_78.920546,MH-001,21.147375,78.920546,128,29,cnn_train,0
MH-001_21.147375_78.920816,MH-001,21.147375,78.920816,128,30,cnn_train,0
MH-001_21.147375_78.921085,MH-001,21.147375,78.921085,128,31,cnn_train,0
MH-001_21.147375_78.921355,MH-001,21.147375,78.921355,128,32,cnn_train,0
MH-001_21.147375_78.921624,MH-001,21.147375,78.921624,128,33,cnn_train,0
MH-001_21.147375_78.921894,MH-001,21.147375,78.921894,128,34,cnn_train,0
MH-001_21.147375_78.922163,MH-001,21.147375,78.922163,128,35,cnn_train,0
MH-001_21.147375_78.922433,MH-001,21.147375,78.922433,128,36,cnn_train,0
MH-001_21.147375_78.922702,MH-001,21.147375,78.922702,128,37,cnn_train,0
MH-001_21.147375_78.922972,MH-001,21.147375,78.922972,128,38,cnn_train,0
MH-001_21.147375_78.923241,MH-001,21.147375,78.923241,128,39,cnn_train,0
MH-001_21.147375_78.92351,MH-001,21.147375,78.92351,128,40,cnn_train,0
MH-001_21.147375_78.92378,MH-001,21.147375,78.92378,128,41,cnn_train,0
MH-001_21.147375_78.924049,MH-001,21.147375,78.924049,128,42,cnn_train,0
MH-001_21.147375_78.924319,MH-001,21.147375,78.924319,128,43,cnn_train,0
MH-001_21.147375_78.924588,MH-001,21.147375,78.924588,128,44,cnn_train,0
MH-001_21.147375_78.925666,MH-001,21.147375,78.925666,128,48,cnn_train,0
MH-001_21.147375_78.926205,MH-001,21.147375,78.926205,128,50,cnn_train,0
MH-001_21.147375_78.930248,MH-001,21.147375,78.930248,128,65,cnn_train,0
MH-001_21.147375_78.930517,MH-001,21.147375,78.930517,128,66,cnn_train,0
MH-001_21.147375_78.930787,MH-001,21.147375,78.930787,128,67,cnn_train,0
MH-001_21.147375_78.931056,MH-001,21.147375,78.931056,128,68,cnn_train,0
MH-001_21.147375_78.931326,MH-001,21.147375,78.931326,128,69,cnn_train,0
MH-001_21.147375_78.931595,MH-001,21.147375,78.931595,128,70,cnn_train,0
MH-001_21.147375_78.931865,MH-001,21.147375,78.931865,128,71,cnn_train,0
MH-001_21.147375_78.932134,MH-001,21.147375,78.932134,128,72,cnn_train,0
MH-001_21.147375_78.932404,MH-001,21.147375,78.932404,128,73,cnn_train,0
MH-001_21.147375_78.932673,MH-001,21.147375,78.932673,128,74,cnn_train,0
MH-001_21.147375_78.932943,MH-001,21.147375,78.932943,128,75,cnn_train,0
MH-001_21.147375_78.933212,MH-001,21.147375,78.933212,128,76,cnn_train,0
MH-001_21.147375_78.933482,MH-001,21.147375,78.933482,128,77,cnn_train,0
MH-001_21.147375_78.937255,MH-001,21.147375,78.937255,128,91,cnn_train,1
MH-001_21.147375_78.937524,MH-001,21.147375,78.937524,128,92,cnn_train,1
MH-001_21.147375_78.937794,MH-001,21.147375,78.937794,128,93,cnn_train,1
MH-001_21.147375_78.938063,MH-001,21.147375,78.938063,128,94,cnn_train,0
MH-001_21.147375_78.938333,MH-001,21.147375,78.938333,128,95,cnn_train,0
MH-001_21.147375_78.938602,MH-001,21.147375,78.938602,128,96,cnn_train,0
MH-001_21.147105_78.91866,MH-001,21.147105,78.91866,129,22,cnn_train,0
MH-001_21.147105_78.918929,MH-001,21.147105,78.918929,129,23,cnn_train,0
MH-001_21.147105_78.919199,MH-001,21.147105,78.919199,129,24,cnn_train,0
MH-001_21.147105_78.919468,MH-001,21.147105,78.919468,129,25,cnn_train,0
MH-001_21.147105_78.919738,MH-001,21.147105,78.919738,129,26,cnn_train,0
MH-001_21.147105_78.920007,MH-001,21.147105,78.920007,129,27,cnn_train,0
MH-001_21.147105_78.920277,MH-001,21.147105,78.920277,129,28,cnn_train,0
MH-001_21.147105_78.920546,MH-001,21.147105,78.920546,129,29,cnn_train,0
MH-001_21.147105_78.920816,MH-001,21.147105,78.920816,129,30,cnn_train,0
MH-001_21.147105_78.921085,MH-001,21.147105,78.921085,129,31,cnn_train,0
MH-001_21.147105_78.921355,MH-001,21.147105,78.921355,129,32,cnn_train,0
MH-001_21.147105_78.922163,MH-001,21.147105,78.922163,129,35,cnn_train,0
MH-001_21.147105_78.922433,MH-001,21.147105,78.922433,129,36,cnn_train,0
MH-001_21.147105_78.922702,MH-001,21.147105,78.922702,129,37,cnn_train,0
MH-001_21.147105_78.922972,MH-001,21.147105,78.922972,129,38,cnn_train,0
MH-001_21.147105_78.923241,MH-001,21.147105,78.923241,129,39,cnn_train,0
MH-001_21.147105_78.92351,MH-001,21.147105,78.92351,129,40,cnn_train,0
MH-001_21.147105_78.924319,MH-001,21.147105,78.924319,129,43,cnn_train,0
MH-001_21.147105_78.925127,MH-001,21.147105,78.925127,129,46,cnn_train,1
MH-001_21.147105_78.925397,MH-001,21.147105,78.925397,129,47,cnn_train,0
MH-001_21.147105_78.930248,MH-001,21.147105,78.930248,129,65,cnn_train,0
MH-001_21.147105_78.930517,MH-001,21.147105,78.930517,129,66,cnn_train,0
MH-001_21.147105_78.930787,MH-001,21.147105,78.930787,129,67,cnn_train,0
MH-001_21.147105_78.931056,MH-001,21.147105,78.931056,129,68,cnn_train,0
MH-001_21.147105_78.931326,MH-001,21.147105,78.931326,129,69,cnn_train,0
MH-001_21.147105_78.931595,MH-001,21.147105,78.931595,129,70,cnn_train,0
MH-001_21.147105_78.931865,MH-001,21.147105,78.931865,129,71,cnn_train,0
MH-001_21.147105_78.932943,MH-001,21.147105,78.932943,129,75,cnn_train,0
MH-001_21.147105_78.933212,MH-001,21.147105,78.933212,129,76,cnn_train,0
MH-001_21.147105_78.937255,MH-001,21.147105,78.937255,129,91,cnn_train,1
MH-001_21.147105_78.937524,MH-001,21.147105,78.937524,129,92,cnn_train,0
MH-001_21.147105_78.937794,MH-001,21.147105,78.937794,129,93,cnn_train,0
MH-001_21.147105_78.938063,MH-001,21.147105,78.938063,129,94,cnn_train,0
MH-001_21.147105_78.938333,MH-001,21.147105,78.938333,129,95,cnn_train,0
MH-001_21.147105_78.938602,MH-001,21.147105,78.938602,129,96,cnn_train,0
MH-001_21.146836_78.918929,MH-001,21.146836,78.918929,130,23,cnn_train,0
MH-001_21.146836_78.919199,MH-001,21.146836,78.919199,130,24,cnn_train,0
MH-001_21.146836_78.919468,MH-001,21.146836,78.919468,130,25,cnn_train,0
MH-001_21.146836_78.919738,MH-001,21.146836,78.919738,130,26,cnn_train,0
MH-001_21.146836_78.920007,MH-001,21.146836,78.920007,130,27,cnn_train,0
MH-001_21.146836_78.920277,MH-001,21.146836,78.920277,130,28,cnn_train,0
MH-001_21.146836_78.920546,MH-001,21.146836,78.920546,130,29,cnn_train,0
MH-001_21.146836_78.920816,MH-001,21.146836,78.920816,130,30,cnn_train,0
MH-001_21.146836_78.921085,MH-001,21.146836,78.921085,130,31,cnn_train,0
MH-001_21.146836_78.921624,MH-001,21.146836,78.921624,130,33,cnn_train,0
MH-001_21.146836_78.921894,MH-001,21.146836,78.921894,130,34,cnn_train,0
MH-001_21.146836_78.924049,MH-001,21.146836,78.924049,130,42,cnn_train,0
MH-001_21.146836_78.924319,MH-001,21.146836,78.924319,130,43,cnn_train,1
MH-001_21.146836_78.924588,MH-001,21.146836,78.924588,130,44,cnn_train,1
MH-001_21.146836_78.924858,MH-001,21.146836,78.924858,130,45,cnn_train,1
MH-001_21.146836_78.925127,MH-001,21.146836,78.925127,130,46,cnn_train,0
MH-001_21.146836_78.930248,MH-001,21.146836,78.930248,130,65,cnn_train,0
MH-001_21.146836_78.930517,MH-001,21.146836,78.930517,130,66,cnn_train,0
MH-001_21.146836_78.930787,MH-001,21.146836,78.930787,130,67,cnn_train,0
MH-001_21.146836_78.931056,MH-001,21.146836,78.931056,130,68,cnn_train,0
MH-001_21.146836_78.931326,MH-001,21.146836,78.931326,130,69,cnn_train,0
MH-001_21.146836_78.931595,MH-001,21.146836,78.931595,130,70,cnn_train,0
MH-001_21.146836_78.931865,MH-001,21.146836,78.931865,130,71,cnn_train,0
MH-001_21.146836_78.937524,MH-001,21.146836,78.937524,130,92,cnn_train,0
MH-001_21.146836_78.937794,MH-001,21.146836,78.937794,130,93,cnn_train,0
MH-001_21.146836_78.938063,MH-001,21.146836,78.938063,130,94,cnn_train,0
MH-001_21.146566_78.918929,MH-001,21.146566,78.918929,131,23,cnn_train,0
MH-001_21.146566_78.919199,MH-001,21.146566,78.919199,131,24,cnn_train,0
MH-001_21.146566_78.919468,MH-001,21.146566,78.919468,131,25,cnn_train,0
MH-001_21.146566_78.919738,MH-001,21.146566,78.919738,131,26,cnn_train,0
MH-001_21.146566_78.920007,MH-001,21.146566,78.920007,131,27,cnn_train,0
MH-001_21.146566_78.920277,MH-001,21.146566,78.920277,131,28,cnn_train,0
MH-001_21.146566_78.920546,MH-001,21.146566,78.920546,131,29,cnn_train,0
MH-001_21.146566_78.920816,MH-001,21.146566,78.920816,131,30,cnn_train,0
MH-001_21.146566_78.921085,MH-001,21.146566,78.921085,131,31,cnn_train,0
MH-001_21.146566_78.921355,MH-001,21.146566,78.921355,131,32,cnn_train,0
MH-001_21.146566_78.921624,MH-001,21.146566,78.921624,131,33,cnn_train,0
MH-001_21.146566_78.922702,MH-001,21.146566,78.922702,131,37,cnn_train,0
MH-001_21.146566_78.924049,MH-001,21.146566,78.924049,131,42,cnn_train,1
MH-001_21.146566_78.924319,MH-001,21.146566,78.924319,131,43,cnn_train,1
MH-001_21.146566_78.924588,MH-001,21.146566,78.924588,131,44,cnn_train,1
MH-001_21.146566_78.924858,MH-001,21.146566,78.924858,131,45,cnn_train,1
MH-001_21.146566_78.925127,MH-001,21.146566,78.925127,131,46,cnn_train,0
MH-001_21.146566_78.925397,MH-001,21.146566,78.925397,131,47,cnn_train,0
MH-001_21.146566_78.925666,MH-001,21.146566,78.925666,131,48,cnn_train,0
MH-001_21.146566_78.930517,MH-001,21.146566,78.930517,131,66,cnn_train,0
MH-001_21.146566_78.930787,MH-001,21.146566,78.930787,131,67,cnn_train,0
MH-001_21.146566_78.931056,MH-001,21.146566,78.931056,131,68,cnn_train,0
MH-001_21.146566_78.931326,MH-001,21.146566,78.931326,131,69,cnn_train,0
MH-001_21.146566_78.932943,MH-001,21.146566,78.932943,131,75,cnn_train,0
MH-001_21.146566_78.933482,MH-001,21.146566,78.933482,131,77,cnn_train,0
MH-001_21.146297_78.919199,MH-001,21.146297,78.919199,132,24,cnn_train,0
MH-001_21.146297_78.919468,MH-001,21.146297,78.919468,132,25,cnn_train,0
MH-001_21.146297_78.919738,MH-001,21.146297,78.919738,132,26,cnn_train,0
MH-001_21.146297_78.920007,MH-001,21.146297,78.920007,132,27,cnn_train,0
MH-001_21.146297_78.920277,MH-001,21.146297,78.920277,132,28,cnn_train,0
MH-001_21.146297_78.920546,MH-001,21.146297,78.920546,132,29,cnn_train,0
MH-001_21.146297_78.920816,MH-001,21.146297,78.920816,132,30,cnn_train,0
MH-001_21.146297_78.921355,MH-001,21.146297,78.921355,132,32,cnn_train,0
MH-001_21.146297_78.921624,MH-001,21.146297,78.921624,132,33,cnn_train,0
MH-001_21.146297_78.922433,MH-001,21.146297,78.922433,132,36,cnn_train,0
MH-001_21.146297_78.922702,MH-001,21.146297,78.922702,132,37,cnn_train,0
MH-001_21.146297_78.922972,MH-001,21.146297,78.922972,132,38,cnn_train,0
MH-001_21.146297_78.924049,MH-001,21.146297,78.924049,132,42,cnn_train,1
MH-001_21.146297_78.924319,MH-001,21.146297,78.924319,132,43,cnn_train,1
MH-001_21.146297_78.924588,MH-001,21.146297,78.924588,132,44,cnn_train,1
MH-001_21.146297_78.925127,MH-001,21.146297,78.925127,132,46,cnn_train,0
MH-001_21.146297_78.925397,MH-001,21.146297,78.925397,132,47,cnn_train,0
MH-001_21.146297_78.925666,MH-001,21.146297,78.925666,132,48,cnn_train,0
MH-001_21.146297_78.925936,MH-001,21.146297,78.925936,132,49,cnn_train,1
MH-001_21.146297_78.932404,MH-001,21.146297,78.932404,132,73,cnn_train,0
MH-001_21.146297_78.938602,MH-001,21.146297,78.938602,132,96,cnn_train,0
MH-001_21.146027_78.919199,MH-001,21.146027,78.919199,133,24,cnn_train,0
MH-001_21.146027_78.919468,MH-001,21.146027,78.919468,133,25,cnn_train,0
MH-001_21.146027_78.919738,MH-001,21.146027,78.919738,133,26,cnn_train,0
MH-001_21.146027_78.920007,MH-001,21.146027,78.920007,133,27,cnn_train,0
MH-001_21.146027_78.920277,MH-001,21.146027,78.920277,133,28,cnn_train,0
MH-001_21.146027_78.920546,MH-001,21.146027,78.920546,133,29,cnn_train,0
MH-001_21.146027_78.921894,MH-001,21.146027,78.921894,133,34,cnn_train,0
MH-001_21.146027_78.922702,MH-001,21.146027,78.922702,133,37,cnn_train,0
MH-001_21.146027_78.924049,MH-001,21.146027,78.924049,133,42,cnn_train,0
MH-001_21.146027_78.924319,MH-001,21.146027,78.924319,133,43,cnn_train,0
MH-001_21.146027_78.924588,MH-001,21.146027,78.924588,133,44,cnn_train,1
MH-001_21.146027_78.924858,MH-001,21.146027,78.924858,133,45,cnn_train,1
MH-001_21.146027_78.925397,MH-001,21.146027,78.925397,133,47,cnn_train,0
MH-001_21.146027_78.925666,MH-001,21.146027,78.925666,133,48,cnn_train,0
MH-001_21.146027_78.925936,MH-001,21.146027,78.925936,133,49,cnn_train,0
MH-001_21.146027_78.930248,MH-001,21.146027,78.930248,133,65,cnn_train,0
MH-001_21.146027_78.930517,MH-001,21.146027,78.930517,133,66,cnn_train,0
MH-001_21.146027_78.930787,MH-001,21.146027,78.930787,133,67,cnn_train,0
MH-001_21.145758_78.919468,MH-001,21.145758,78.919468,134,25,cnn_train,0
MH-001_21.145758_78.919738,MH-001,21.145758,78.919738,134,26,cnn_train,0
MH-001_21.145758_78.920007,MH-001,21.145758,78.920007,134,27,cnn_train,0
MH-001_21.145758_78.920277,MH-001,21.145758,78.920277,134,28,cnn_train,0
MH-001_21.145758_78.921355,MH-001,21.145758,78.921355,134,32,cnn_train,0
MH-001_21.145758_78.921624,MH-001,21.145758,78.921624,134,33,cnn_train,1
MH-001_21.145758_78.924588,MH-001,21.145758,78.924588,134,44,cnn_train,0
MH-001_21.145758_78.924858,MH-001,21.145758,78.924858,134,45,cnn_train,0
MH-001_21.145758_78.925127,MH-001,21.145758,78.925127,134,46,cnn_train,0
MH-001_21.145758_78.925397,MH-001,21.145758,78.925397,134,47,cnn_train,0
MH-001_21.145758_78.925666,MH-001,21.145758,78.925666,134,48,cnn_train,0
MH-001_21.145758_78.925936,MH-001,21.145758,78.925936,134,49,cnn_train,0
MH-001_21.145758_78.930248,MH-001,21.145758,78.930248,134,65,cnn_train,0
MH-001_21.145758_78.930517,MH-001,21.145758,78.930517,134,66,cnn_train,1
MH-001_21.145758_78.930787,MH-001,21.145758,78.930787,134,67,cnn_train,1
MH-001_21.145758_78.931056,MH-001,21.145758,78.931056,134,68,cnn_train,1
MH-001_21.145758_78.932404,MH-001,21.145758,78.932404,134,73,cnn_train,0
MH-001_21.145488_78.919468,MH-001,21.145488,78.919468,135,25,cnn_train,0
MH-001_21.145488_78.919738,MH-001,21.145488,78.919738,135,26,cnn_train,0
MH-001_21.145488_78.920007,MH-001,21.145488,78.920007,135,27,cnn_train,0
MH-001_21.145488_78.921085,MH-001,21.145488,78.921085,135,31,cnn_train,1
MH-001_21.145488_78.921624,MH-001,21.145488,78.921624,135,33,cnn_train,0
MH-001_21.145488_78.922163,MH-001,21.145488,78.922163,135,35,cnn_train,0
MH-001_21.145488_78.922433,MH-001,21.145488,78.922433,135,36,cnn_train,1
MH-001_21.145488_78.924588,MH-001,21.145488,78.924588,135,44,cnn_train,0
MH-001_21.145488_78.925666,MH-001,21.145488,78.925666,135,48,cnn_train,0
MH-001_21.145488_78.925936,MH-001,21.145488,78.925936,135,49,cnn_train,0
MH-001_21.145488_78.926205,MH-001,21.145488,78.926205,135,50,cnn_train,0
MH-001_21.145488_78.926475,MH-001,21.145488,78.926475,135,51,cnn_train,0
MH-001_21.145488_78.930517,MH-001,21.145488,78.930517,135,66,cnn_train,1
MH-001_21.145488_78.930787,MH-001,21.145488,78.930787,135,67,cnn_train,0
MH-001_21.145488_78.931056,MH-001,21.145488,78.931056,135,68,cnn_train,1
MH-001_21.145488_78.931595,MH-001,21.145488,78.931595,135,70,cnn_train,0
MH-001_21.145488_78.931865,MH-001,21.145488,78.931865,135,71,cnn_train,0
MH-001_21.145488_78.932673,MH-001,21.145488,78.932673,135,74,cnn_train,0
MH-001_21.145488_78.933212,MH-001,21.145488,78.933212,135,76,cnn_train,0
MH-001_21.145219_78.919468,MH-001,21.145219,78.919468,136,25,cnn_train,0
MH-001_21.145219_78.919738,MH-001,21.145219,78.919738,136,26,cnn_train,0
MH-001_21.145219_78.920007,MH-001,21.145219,78.920007,136,27,cnn_train,0
MH-001_21.145219_78.921624,MH-001,21.145219,78.921624,136,33,cnn_train,0
MH-001_21.145219_78.921894,MH-001,21.145219,78.921894,136,34,cnn_train,0
MH-001_21.145219_78.922702,MH-001,21.145219,78.922702,136,37,cnn_train,0
MH-001_21.145219_78.924319,MH-001,21.145219,78.924319,136,43,cnn_train,0
MH-001_21.145219_78.925127,MH-001,21.145219,78.925127,136,46,cnn_train,0
MH-001_21.145219_78.925666,MH-001,21.145219,78.925666,136,48,cnn_train,0
MH-001_21.145219_78.925936,MH-001,21.145219,78.925936,136,49,cnn_train,0
MH-001_21.145219_78.926205,MH-001,21.145219,78.926205,136,50,cnn_train,0
MH-001_21.145219_78.926475,MH-001,21.145219,78.926475,136,51,cnn_train,0
MH-001_21.145219_78.930517,MH-001,21.145219,78.930517,136,66,cnn_train,0
MH-001_21.145219_78.930787,MH-001,21.145219,78.930787,136,67,cnn_train,0
MH-001_21.145219_78.932134,MH-001,21.145219,78.932134,136,72,cnn_train,0
MH-001_21.145219_78.933482,MH-001,21.145219,78.933482,136,77,cnn_train,0
MH-001_21.144949_78.919738,MH-001,21.144949,78.919738,137,26,cnn_train,0
MH-001_21.144949_78.920007,MH-001,21.144949,78.920007,137,27,cnn_train,0
MH-001_21.144949_78.921085,MH-001,21.144949,78.921085,137,31,cnn_train,0
MH-001_21.144949_78.921355,MH-001,21.144949,78.921355,137,32,cnn_train,0
MH-001_21.144949_78.921624,MH-001,21.144949,78.921624,137,33,cnn_train,0
MH-001_21.144949_78.921894,MH-001,21.144949,78.921894,137,34,cnn_train,0
MH-001_21.144949_78.922163,MH-001,21.144949,78.922163,137,35,cnn_train,0
MH-001_21.144949_78.922433,MH-001,21.144949,78.922433,137,36,cnn_train,0
MH-001_21.144949_78.922702,MH-001,21.144949,78.922702,137,37,cnn_train,0
MH-001_21.144949_78.922972,MH-001,21.144949,78.922972,137,38,cnn_train,0
MH-001_21.144949_78.924858,MH-001,21.144949,78.924858,137,45,cnn_train,0
MH-001_21.144949_78.933482,MH-001,21.144949,78.933482,137,77,cnn_train,0
MH-001_21.14468_78.919738,MH-001,21.14468,78.919738,138,26,cnn_train,0
MH-001_21.14468_78.920007,MH-001,21.14468,78.920007,138,27,cnn_train,0
MH-001_21.14468_78.920546,MH-001,21.14468,78.920546,138,29,cnn_train,0
MH-001_21.14468_78.920816,MH-001,21.14468,78.920816,138,30,cnn_train,0
MH-001_21.14468_78.921085,MH-001,21.14468,78.921085,138,31,cnn_train,0
MH-001_21.14468_78.921355,MH-001,21.14468,78.921355,138,32,cnn_train,0
MH-001_21.14468_78.921624,MH-001,21.14468,78.921624,138,33,cnn_train,0
MH-001_21.14468_78.921894,MH-001,21.14468,78.921894,138,34,cnn_train,0
MH-001_21.14468_78.922163,MH-001,21.14468,78.922163,138,35,cnn_train,0
MH-001_21.14468_78.922433,MH-001,21.14468,78.922433,138,36,cnn_train,0
MH-001_21.14468_78.922702,MH-001,21.14468,78.922702,138,37,cnn_train,0
MH-001_21.14468_78.922972,MH-001,21.14468,78.922972,138,38,cnn_train,0
MH-001_21.14468_78.923241,MH-001,21.14468,78.923241,138,39,cnn_train,0
MH-001_21.14468_78.924588,MH-001,21.14468,78.924588,138,44,cnn_train,0
MH-001_21.14468_78.924858,MH-001,21.14468,78.924858,138,45,cnn_train,0
MH-001_21.14468_78.925127,MH-001,21.14468,78.925127,138,46,cnn_train,0
MH-001_21.14468_78.925666,MH-001,21.14468,78.925666,138,48,cnn_train,0
MH-001_21.14468_78.926475,MH-001,21.14468,78.926475,138,51,cnn_train,0
MH-001_21.14441_78.920546,MH-001,21.14441,78.920546,139,29,cnn_train,0
MH-001_21.14441_78.920816,MH-001,21.14441,78.920816,139,30,cnn_train,0
MH-001_21.14441_78.921085,MH-001,21.14441,78.921085,139,31,cnn_train,0
MH-001_21.14441_78.921355,MH-001,21.14441,78.921355,139,32,cnn_train,0
MH-001_21.14441_78.921624,MH-001,21.14441,78.921624,139,33,cnn_train,0
MH-001_21.14441_78.921894,MH-001,21.14441,78.921894,139,34,cnn_train,0
MH-001_21.14441_78.922163,MH-001,21.14441,78.922163,139,35,cnn_train,0
MH-001_21.14441_78.922433,MH-001,21.14441,78.922433,139,36,cnn_train,0
MH-001_21.14441_78.922702,MH-001,21.14441,78.922702,139,37,cnn_train,1
MH-001_21.14441_78.922972,MH-001,21.14441,78.922972,139,38,cnn_train,1
MH-001_21.14441_78.923241,MH-001,21.14441,78.923241,139,39,cnn_train,0
MH-001_21.14441_78.92351,MH-001,21.14441,78.92351,139,40,cnn_train,0
MH-001_21.14441_78.925397,MH-001,21.14441,78.925397,139,47,cnn_train,0
MH-001_21.14441_78.926205,MH-001,21.14441,78.926205,139,50,cnn_train,0
MH-001_21.14441_78.926475,MH-001,21.14441,78.926475,139,51,cnn_train,0
MH-001_21.14441_78.931056,MH-001,21.14441,78.931056,139,68,cnn_train,0
MH-001_21.14441_78.931326,MH-001,21.14441,78.931326,139,69,cnn_train,0
MH-001_21.14441_78.932673,MH-001,21.14441,78.932673,139,74,cnn_train,1
MH-001_21.14441_78.933482,MH-001,21.14441,78.933482,139,77,cnn_train,0
MH-001_21.144141_78.921624,MH-001,21.144141,78.921624,140,33,cnn_train,0
MH-001_21.144141_78.921894,MH-001,21.144141,78.921894,140,34,cnn_train,0
MH-001_21.144141_78.922163,MH-001,21.144141,78.922163,140,35,cnn_train,0
MH-001_21.144141_78.922433,MH-001,21.144141,78.922433,140,36,cnn_train,1
MH-001_21.144141_78.922702,MH-001,21.144141,78.922702,140,37,cnn_train,1
MH-001_21.144141_78.922972,MH-001,21.144141,78.922972,140,38,cnn_train,0
MH-001_21.144141_78.923241,MH-001,21.144141,78.923241,140,39,cnn_train,0
MH-001_21.144141_78.92351,MH-001,21.144141,78.92351,140,40,cnn_train,0
MH-001_21.144141_78.92378,MH-001,21.144141,78.92378,140,41,cnn_train,0
MH-001_21.144141_78.924858,MH-001,21.144141,78.924858,140,45,cnn_train,0
MH-001_21.144141_78.925127,MH-001,21.144141,78.925127,140,46,cnn_train,0
MH-001_21.144141_78.925397,MH-001,21.144141,78.925397,140,47,cnn_train,0
MH-001_21.144141_78.925666,MH-001,21.144141,78.925666,140,48,cnn_train,0
MH-001_21.144141_78.930787,MH-001,21.144141,78.930787,140,67,cnn_train,0
MH-001_21.144141_78.931056,MH-001,21.144141,78.931056,140,68,cnn_train,0
MH-001_21.144141_78.931326,MH-001,21.144141,78.931326,140,69,cnn_train,0
MH-001_21.144141_78.933212,MH-001,21.144141,78.933212,140,76,cnn_train,0
MH-001_21.144141_78.933482,MH-001,21.144141,78.933482,140,77,cnn_train,0
MH-001_21.143871_78.922163,MH-001,21.143871,78.922163,141,35,cnn_train,0
MH-001_21.143871_78.922433,MH-001,21.143871,78.922433,141,36,cnn_train,0
MH-001_21.143871_78.922702,MH-001,21.143871,78.922702,141,37,cnn_train,0
MH-001_21.143871_78.922972,MH-001,21.143871,78.922972,141,38,cnn_train,0
MH-001_21.143871_78.923241,MH-001,21.143871,78.923241,141,39,cnn_train,0
MH-001_21.143871_78.92351,MH-001,21.143871,78.92351,141,40,cnn_train,0
MH-001_21.143871_78.92378,MH-001,21.143871,78.92378,141,41,cnn_train,0
MH-001_21.143871_78.924588,MH-001,21.143871,78.924588,141,44,cnn_train,0
MH-001_21.143871_78.925397,MH-001,21.143871,78.925397,141,47,cnn_train,0
MH-001_21.143871_78.930248,MH-001,21.143871,78.930248,141,65,cnn_train,0
MH-001_21.143871_78.930517,MH-001,21.143871,78.930517,141,66,cnn_train,0
MH-001_21.143871_78.930787,MH-001,21.143871,78.930787,141,67,cnn_train,0
MH-001_21.143871_78.931056,MH-001,21.143871,78.931056,141,68,cnn_train,0
MH-001_21.143871_78.931326,MH-001,21.143871,78.931326,141,69,cnn_train,1
MH-001_21.143871_78.931595,MH-001,21.143871,78.931595,141,70,cnn_train,1
MH-001_21.143871_78.932404,MH-001,21.143871,78.932404,141,73,cnn_train,0
MH-001_21.143871_78.932673,MH-001,21.143871,78.932673,141,74,cnn_train,0
MH-001_21.143871_78.932943,MH-001,21.143871,78.932943,141,75,cnn_train,0
MH-001_21.143871_78.933482,MH-001,21.143871,78.933482,141,77,cnn_train,0
MH-001_21.143602_78.920277,MH-001,21.143602,78.920277,142,28,cnn_train,0
MH-001_21.143602_78.921085,MH-001,21.143602,78.921085,142,31,cnn_train,0
MH-001_21.143602_78.921355,MH-001,21.143602,78.921355,142,32,cnn_train,0
MH-001_21.143602_78.921624,MH-001,21.143602,78.921624,142,33,cnn_train,0
MH-001_21.143602_78.921894,MH-001,21.143602,78.921894,142,34,cnn_train,0
MH-001_21.143602_78.922163,MH-001,21.143602,78.922163,142,35,cnn_train,0
MH-001_21.143602_78.922433,MH-001,21.143602,78.922433,142,36,cnn_train,0
MH-001_21.143602_78.922702,MH-001,21.143602,78.922702,142,37,cnn_train,0
MH-001_21.143602_78.923241,MH-001,21.143602,78.923241,142,39,cnn_train,0
MH-001_21.143602_78.92351,MH-001,21.143602,78.92351,142,40,cnn_train,0
MH-001_21.143602_78.92378,MH-001,21.143602,78.92378,142,41,cnn_train,0
MH-001_21.143602_78.924049,MH-001,21.143602,78.924049,142,42,cnn_train,0
MH-001_21.143602_78.930248,MH-001,21.143602,78.930248,142,65,cnn_train,0
MH-001_21.143602_78.930517,MH-001,21.143602,78.930517,142,66,cnn_train,0
MH-001_21.143602_78.930787,MH-001,21.143602,78.930787,142,67,cnn_train,0
MH-001_21.143602_78.931056,MH-001,21.143602,78.931056,142,68,cnn_train,1
MH-001_21.143602_78.931326,MH-001,21.143602,78.931326,142,69,cnn_train,1
MH-001_21.143602_78.931595,MH-001,21.143602,78.931595,142,70,cnn_train,1
MH-001_21.143602_78.931865,MH-001,21.143602,78.931865,142,71,cnn_train,1
MH-001_21.143602_78.932134,MH-001,21.143602,78.932134,142,72,cnn_train,1
MH-001_21.143602_78.932673,MH-001,21.143602,78.932673,142,74,cnn_train,1
MH-001_21.143602_78.932943,MH-001,21.143602,78.932943,142,75,cnn_train,0
MH-001_21.143602_78.933482,MH-001,21.143602,78.933482,142,77,cnn_train,0
MH-001_21.143332_78.920546,MH-001,21.143332,78.920546,143,29,cnn_train,0
MH-001_21.143332_78.921355,MH-001,21.143332,78.921355,143,32,cnn_train,0
MH-001_21.143332_78.921624,MH-001,21.143332,78.921624,143,33,cnn_train,0
MH-001_21.143332_78.921894,MH-001,21.143332,78.921894,143,34,cnn_train,0
MH-001_21.143332_78.922163,MH-001,21.143332,78.922163,143,35,cnn_train,0
MH-001_21.143332_78.922433,MH-001,21.143332,78.922433,143,36,cnn_train,1
MH-001_21.143332_78.92378,MH-001,21.143332,78.92378,143,41,cnn_train,0
MH-001_21.143332_78.924049,MH-001,21.143332,78.924049,143,42,cnn_train,0
MH-001_21.143332_78.924319,MH-001,21.143332,78.924319,143,43,cnn_train,0
MH-001_21.143332_78.930787,MH-001,21.143332,78.930787,143,67,cnn_train,0
MH-001_21.143332_78.931056,MH-001,21.143332,78.931056,143,68,cnn_train,0
MH-001_21.143332_78.931326,MH-001,21.143332,78.931326,143,69,cnn_train,0
MH-001_21.143332_78.931595,MH-001,21.143332,78.931595,143,70,cnn_train,1
MH-001_21.143332_78.931865,MH-001,21.143332,78.931865,143,71,cnn_train,1
MH-001_21.143332_78.933482,MH-001,21.143332,78.933482,143,77,cnn_train,0
MH-001_21.143063_78.920546,MH-001,21.143063,78.920546,144,29,cnn_train,0
MH-001_21.143063_78.920816,MH-001,21.143063,78.920816,144,30,cnn_train,0
MH-001_21.143063_78.921624,MH-001,21.143063,78.921624,144,33,cnn_train,0
MH-001_21.143063_78.921894,MH-001,21.143063,78.921894,144,34,cnn_train,0
MH-001_21.143063_78.922163,MH-001,21.143063,78.922163,144,35,cnn_train,0
MH-001_21.143063_78.922433,MH-001,21.143063,78.922433,144,36,cnn_train,0
MH-001_21.143063_78.930248,MH-001,21.143063,78.930248,144,65,cnn_train,0
MH-001_21.143063_78.930517,MH-001,21.143063,78.930517,144,66,cnn_train,0
MH-001_21.143063_78.930787,MH-001,21.143063,78.930787,144,67,cnn_train,0
MH-001_21.143063_78.931056,MH-001,21.143063,78.931056,144,68,cnn_train,0
MH-001_21.143063_78.931326,MH-001,21.143063,78.931326,144,69,cnn_train,0
MH-001_21.143063_78.931595,MH-001,21.143063,78.931595,144,70,cnn_train,1
MH-001_21.143063_78.931865,MH-001,21.143063,78.931865,144,71,cnn_train,1
MH-001_21.143063_78.932134,MH-001,21.143063,78.932134,144,72,cnn_train,0
MH-001_21.142793_78.920816,MH-001,21.142793,78.920816,145,30,cnn_train,0
MH-001_21.142793_78.921085,MH-001,21.142793,78.921085,145,31,cnn_train,0
MH-001_21.142793_78.922163,MH-001,21.142793,78.922163,145,35,cnn_train,0
MH-001_21.142793_78.922433,MH-001,21.142793,78.922433,145,36,cnn_train,0
MH-001_21.142793_78.922702,MH-001,21.142793,78.922702,145,37,cnn_train,0
MH-001_21.142793_78.92351,MH-001,21.142793,78.92351,145,40,cnn_train,0
MH-001_21.142793_78.930248,MH-001,21.142793,78.930248,145,65,cnn_train,0
MH-001_21.142793_78.930517,MH-001,21.142793,78.930517,145,66,cnn_train,0
MH-001_21.142793_78.930787,MH-001,21.142793,78.930787,145,67,cnn_train,0
MH-001_21.142793_78.931056,MH-001,21.142793,78.931056,145,68,cnn_train,0
MH-001_21.142793_78.931326,MH-001,21.142793,78.931326,145,69,cnn_train,0
MH-001_21.142793_78.931595,MH-001,21.142793,78.931595,145,70,cnn_train,0
MH-001_21.142793_78.931865,MH-001,21.142793,78.931865,145,71,cnn_train,0
MH-001_21.142793_78.932134,MH-001,21.142793,78.932134,145,72,cnn_train,0
MH-001_21.142793_78.932404,MH-001,21.142793,78.932404,145,73,cnn_train,1
MH-001_21.142793_78.932673,MH-001,21.142793,78.932673,145,74,cnn_train,1
MH-001_21.142524_78.920816,MH-001,21.142524,78.920816,146,30,cnn_train,0
MH-001_21.142524_78.921085,MH-001,21.142524,78.921085,146,31,cnn_train,0
MH-001_21.142524_78.921355,MH-001,21.142524,78.921355,146,32,cnn_train,0
MH-001_21.142524_78.921624,MH-001,21.142524,78.921624,146,33,cnn_train,0
MH-001_21.142524_78.921894,MH-001,21.142524,78.921894,146,34,cnn_train,1
MH-001_21.142524_78.922163,MH-001,21.142524,78.922163,146,35,cnn_train,0
MH-001_21.142524_78.922433,MH-001,21.142524,78.922433,146,36,cnn_train,0
MH-001_21.142524_78.92351,MH-001,21.142524,78.92351,146,40,cnn_train,0
MH-001_21.142524_78.92378,MH-001,21.142524,78.92378,146,41,cnn_train,0
MH-001_21.142524_78.924049,MH-001,21.142524,78.924049,146,42,cnn_train,0
MH-001_21.142524_78.930248,MH-001,21.142524,78.930248,146,65,cnn_train,0
MH-001_21.142524_78.930517,MH-001,21.142524,78.930517,146,66,cnn_train,0
MH-001_21.142524_78.930787,MH-001,21.142524,78.930787,146,67,cnn_train,0
MH-001_21.142524_78.931056,MH-001,21.142524,78.931056,146,68,cnn_train,0
MH-001_21.142524_78.931326,MH-001,21.142524,78.931326,146,69,cnn_train,0
MH-001_21.142524_78.931595,MH-001,21.142524,78.931595,146,70,cnn_train,0
MH-001_21.142524_78.931865,MH-001,21.142524,78.931865,146,71,cnn_train,0
MH-001_21.142524_78.932943,MH-001,21.142524,78.932943,146,75,cnn_train,1
MH-001_21.142524_78.933482,MH-001,21.142524,78.933482,146,77,cnn_train,0
MH-001_21.142254_78.921085,MH-001,21.142254,78.921085,147,31,cnn_train,0
MH-001_21.142254_78.921355,MH-001,21.142254,78.921355,147,32,cnn_train,1
MH-001_21.142254_78.921624,MH-001,21.142254,78.921624,147,33,cnn_train,1
MH-001_21.142254_78.921894,MH-001,21.142254,78.921894,147,34,cnn_train,1
MH-001_21.142254_78.922163,MH-001,21.142254,78.922163,147,35,cnn_train,1
MH-001_21.142254_78.922433,MH-001,21.142254,78.922433,147,36,cnn_train,0
MH-001_21.142254_78.922702,MH-001,21.142254,78.922702,147,37,cnn_train,0
MH-001_21.142254_78.922972,MH-001,21.142254,78.922972,147,38,cnn_train,0
MH-001_21.142254_78.92351,MH-001,21.142254,78.92351,147,40,cnn_train,0
MH-001_21.142254_78.92378,MH-001,21.142254,78.92378,147,41,cnn_train,0
MH-001_21.142254_78.924049,MH-001,21.142254,78.924049,147,42,cnn_train,0
MH-001_21.142254_78.924588,MH-001,21.142254,78.924588,147,44,cnn_train,1
MH-001_21.142254_78.930248,MH-001,21.142254,78.930248,147,65,cnn_train,0
MH-001_21.142254_78.930517,MH-001,21.142254,78.930517,147,66,cnn_train,0
MH-001_21.142254_78.930787,MH-001,21.142254,78.930787,147,67,cnn_train,1
MH-001_21.142254_78.931056,MH-001,21.142254,78.931056,147,68,cnn_train,0
MH-001_21.142254_78.931326,MH-001,21.142254,78.931326,147,69,cnn_train,0
MH-001_21.142254_78.931595,MH-001,21.142254,78.931595,147,70,cnn_train,0
MH-001_21.142254_78.932134,MH-001,21.142254,78.932134,147,72,cnn_train,0
MH-001_21.142254_78.932404,MH-001,21.142254,78.932404,147,73,cnn_train,1
MH-001_21.142254_78.932673,MH-001,21.142254,78.932673,147,74,cnn_train,1
MH-001_21.142254_78.933212,MH-001,21.142254,78.933212,147,76,cnn_train,0
MH-001_21.142254_78.933482,MH-001,21.142254,78.933482,147,77,cnn_train,0
MH-001_21.141985_78.921085,MH-001,21.141985,78.921085,148,31,cnn_train,0
MH-001_21.141985_78.921355,MH-001,21.141985,78.921355,148,32,cnn_train,0
MH-001_21.141985_78.921624,MH-001,21.141985,78.921624,148,33,cnn_train,0
MH-001_21.141985_78.921894,MH-001,21.141985,78.921894,148,34,cnn_train,1
MH-001_21.141985_78.922163,MH-001,21.141985,78.922163,148,35,cnn_train,1
MH-001_21.141985_78.922433,MH-001,21.141985,78.922433,148,36,cnn_train,0
MH-001_21.141985_78.922702,MH-001,21.141985,78.922702,148,37,cnn_train,0
MH-001_21.141985_78.922972,MH-001,21.141985,78.922972,148,38,cnn_train,0
MH-001_21.141985_78.923241,MH-001,21.141985,78.923241,148,39,cnn_train,0
MH-001_21.141985_78.924319,MH-001,21.141985,78.924319,148,43,cnn_train,1
MH-001_21.141985_78.924588,MH-001,21.141985,78.924588,148,44,cnn_train,1
MH-001_21.141985_78.930248,MH-001,21.141985,78.930248,148,65,cnn_train,0
MH-001_21.141985_78.930517,MH-001,21.141985,78.930517,148,66,cnn_train,0
MH-001_21.141985_78.930787,MH-001,21.141985,78.930787,148,67,cnn_train,1
MH-001_21.141985_78.931056,MH-001,21.141985,78.931056,148,68,cnn_train,1
MH-001_21.141985_78.931326,MH-001,21.141985,78.931326,148,69,cnn_train,0
MH-001_21.141985_78.931865,MH-001,21.141985,78.931865,148,71,cnn_train,0
MH-001_21.141985_78.932134,MH-001,21.141985,78.932134,148,72,cnn_train,0
MH-001_21.141985_78.932404,MH-001,21.141985,78.932404,148,73,cnn_train,0
MH-001_21.141985_78.932673,MH-001,21.141985,78.932673,148,74,cnn_train,0
MH-001_21.141715_78.921355,MH-001,21.141715,78.921355,149,32,cnn_train,0
MH-001_21.141715_78.921624,MH-001,21.141715,78.921624,149,33,cnn_train,0
MH-001_21.141715_78.921894,MH-001,21.141715,78.921894,149,34,cnn_train,0
MH-001_21.141715_78.922163,MH-001,21.141715,78.922163,149,35,cnn_train,0
MH-001_21.141715_78.922433,MH-001,21.141715,78.922433,149,36,cnn_train,0
MH-001_21.141715_78.922702,MH-001,21.141715,78.922702,149,37,cnn_train,1
MH-001_21.141715_78.922972,MH-001,21.141715,78.922972,149,38,cnn_train,0
MH-001_21.141715_78.923241,MH-001,21.141715,78.923241,149,39,cnn_train,0
MH-001_21.141715_78.92351,MH-001,21.141715,78.92351,149,40,cnn_train,0
MH-001_21.141715_78.924588,MH-001,21.141715,78.924588,149,44,cnn_train,1
MH-001_21.141715_78.924858,MH-001,21.141715,78.924858,149,45,cnn_train,0
MH-001_21.141715_78.930248,MH-001,21.141715,78.930248,149,65,cnn_train,0
MH-001_21.141715_78.930517,MH-001,21.141715,78.930517,149,66,cnn_train,0
MH-001_21.141715_78.930787,MH-001,21.141715,78.930787,149,67,cnn_train,1
MH-001_21.141715_78.931056,MH-001,21.141715,78.931056,149,68,cnn_train,1
MH-001_21.141715_78.932134,MH-001,21.141715,78.932134,149,72,cnn_train,0
MH-001_21.141715_78.932404,MH-001,21.141715,78.932404,149,73,cnn_train,0
MH-001_21.141446_78.921355,MH-001,21.141446,78.921355,150,32,cnn_train,0
MH-001_21.141446_78.921624,MH-001,21.141446,78.921624,150,33,cnn_train,0
MH-001_21.141446_78.921894,MH-001,21.141446,78.921894,150,34,cnn_train,0
MH-001_21.141446_78.922163,MH-001,21.141446,78.922163,150,35,cnn_train,0
MH-001_21.141446_78.922433,MH-001,21.141446,78.922433,150,36,cnn_train,0
MH-001_21.141446_78.922702,MH-001,21.141446,78.922702,150,37,cnn_train,0
MH-001_21.141446_78.923241,MH-001,21.141446,78.923241,150,39,cnn_train,0
MH-001_21.141446_78.92351,MH-001,21.141446,78.92351,150,40,cnn_train,0
MH-001_21.141446_78.92378,MH-001,21.141446,78.92378,150,41,cnn_train,0
MH-001_21.141446_78.924049,MH-001,21.141446,78.924049,150,42,cnn_train,0
MH-001_21.141446_78.925127,MH-001,21.141446,78.925127,150,46,cnn_train,1
MH-001_21.141446_78.930248,MH-001,21.141446,78.930248,150,65,cnn_train,0
MH-001_21.141446_78.930517,MH-001,21.141446,78.930517,150,66,cnn_train,0
MH-001_21.141446_78.930787,MH-001,21.141446,78.930787,150,67,cnn_train,1
MH-001_21.141176_78.921355,MH-001,21.141176,78.921355,151,32,cnn_train,0
MH-001_21.141176_78.921624,MH-001,21.141176,78.921624,151,33,cnn_train,0
MH-001_21.141176_78.921894,MH-001,21.141176,78.921894,151,34,cnn_train,0
MH-001_21.141176_78.922163,MH-001,21.141176,78.922163,151,35,cnn_train,0
MH-001_21.141176_78.922433,MH-001,21.141176,78.922433,151,36,cnn_train,0
MH-001_21.141176_78.922702,MH-001,21.141176,78.922702,151,37,cnn_train,0
MH-001_21.141176_78.92351,MH-001,21.141176,78.92351,151,40,cnn_train,0
MH-001_21.141176_78.92378,MH-001,21.141176,78.92378,151,41,cnn_train,0
MH-001_21.141176_78.924319,MH-001,21.141176,78.924319,151,43,cnn_train,0
MH-001_21.141176_78.924858,MH-001,21.141176,78.924858,151,45,cnn_train,0
MH-001_21.141176_78.932943,MH-001,21.141176,78.932943,151,75,cnn_train,0
MH-001_21.140907_78.921624,MH-001,21.140907,78.921624,152,33,cnn_train,0
MH-001_21.140907_78.921894,MH-001,21.140907,78.921894,152,34,cnn_train,0
MH-001_21.140907_78.922163,MH-001,21.140907,78.922163,152,35,cnn_train,0
MH-001_21.140907_78.922433,MH-001,21.140907,78.922433,152,36,cnn_train,0
MH-001_21.140907_78.922702,MH-001,21.140907,78.922702,152,37,cnn_train,0
MH-001_21.140907_78.92351,MH-001,21.140907,78.92351,152,40,cnn_train,0
MH-001_21.140907_78.92378,MH-001,21.140907,78.92378,152,41,cnn_train,0
MH-001_21.140907_78.930248,MH-001,21.140907,78.930248,152,65,cnn_train,0
MH-001_21.140907_78.930517,MH-001,21.140907,78.930517,152,66,cnn_train,1
MH-001_21.140907_78.930787,MH-001,21.140907,78.930787,152,67,cnn_train,1
MH-001_21.140907_78.931056,MH-001,21.140907,78.931056,152,68,cnn_train,0
MH-001_21.140907_78.932404,MH-001,21.140907,78.932404,152,73,cnn_train,0
MH-001_21.140907_78.932673,MH-001,21.140907,78.932673,152,74,cnn_train,0
MH-001_21.140907_78.932943,MH-001,21.140907,78.932943,152,75,cnn_train,0
MH-001_21.140907_78.933482,MH-001,21.140907,78.933482,152,77,cnn_train,0
MH-001_21.140637_78.921894,MH-001,21.140637,78.921894,153,34,cnn_train,0
MH-001_21.140637_78.922163,MH-001,21.140637,78.922163,153,35,cnn_train,0
MH-001_21.140637_78.922433,MH-001,21.140637,78.922433,153,36,cnn_train,0
MH-001_21.140637_78.92351,MH-001,21.140637,78.92351,153,40,cnn_train,0
MH-001_21.140637_78.92378,MH-001,21.140637,78.92378,153,41,cnn_train,0
MH-001_21.140637_78.926205,MH-001,21.140637,78.926205,153,50,cnn_train,0
MH-001_21.140637_78.926475,MH-001,21.140637,78.926475,153,51,cnn_train,0
MH-001_21.140637_78.930248,MH-001,21.140637,78.930248,153,65,cnn_train,0
MH-001_21.140637_78.930517,MH-001,21.140637,78.930517,153,66,cnn_train,0
MH-001_21.140637_78.930787,MH-001,21.140637,78.930787,153,67,cnn_train,0
MH-001_21.140637_78.931056,MH-001,21.140637,78.931056,153,68,cnn_train,0
MH-001_21.140637_78.932134,MH-001,21.140637,78.932134,153,72,cnn_train,0
MH-001_21.140637_78.932404,MH-001,21.140637,78.932404,153,73,cnn_train,0
MH-001_21.140637_78.932673,MH-001,21.140637,78.932673,153,74,cnn_train,0
MH-001_21.140368_78.925397,MH-001,21.140368,78.925397,154,47,cnn_train,0
MH-001_21.140368_78.925666,MH-001,21.140368,78.925666,154,48,cnn_train,0
MH-001_21.140368_78.925936,MH-001,21.140368,78.925936,154,49,cnn_train,0
MH-001_21.140368_78.926205,MH-001,21.140368,78.926205,154,50,cnn_train,0
MH-001_21.140368_78.926475,MH-001,21.140368,78.926475,154,51,cnn_train,0
MH-001_21.140368_78.930248,MH-001,21.140368,78.930248,154,65,cnn_train,0
MH-001_21.140368_78.930517,MH-001,21.140368,78.930517,154,66,cnn_train,0
MH-001_21.140368_78.930787,MH-001,21.140368,78.930787,154,67,cnn_train,0
MH-001_21.140368_78.931056,MH-001,21.140368,78.931056,154,68,cnn_train,0
MH-001_21.140368_78.932134,MH-001,21.140368,78.932134,154,72,cnn_train,0
MH-001_21.140368_78.932943,MH-001,21.140368,78.932943,154,75,cnn_train,0
MH-001_21.140368_78.933212,MH-001,21.140368,78.933212,154,76,cnn_train,0
MH-001_21.140368_78.933482,MH-001,21.140368,78.933482,154,77,cnn_train,0
MH-001_21.140098_78.92351,MH-001,21.140098,78.92351,155,40,cnn_train,0
MH-001_21.140098_78.92378,MH-001,21.140098,78.92378,155,41,cnn_train,0
MH-001_21.140098_78.924049,MH-001,21.140098,78.924049,155,42,cnn_train,0
MH-001_21.140098_78.924319,MH-001,21.140098,78.924319,155,43,cnn_train,0
MH-001_21.140098_78.925127,MH-001,21.140098,78.925127,155,46,cnn_train,1
MH-001_21.140098_78.925397,MH-001,21.140098,78.925397,155,47,cnn_train,1
MH-001_21.140098_78.925936,MH-001,21.140098,78.925936,155,49,cnn_train,0
MH-001_21.140098_78.926205,MH-001,21.140098,78.926205,155,50,cnn_train,0
MH-001_21.140098_78.926475,MH-001,21.140098,78.926475,155,51,cnn_train,0
MH-001_21.140098_78.930248,MH-001,21.140098,78.930248,155,65,cnn_train,0
MH-001_21.140098_78.930517,MH-001,21.140098,78.930517,155,66,cnn_train,0
MH-001_21.140098_78.931326,MH-001,21.140098,78.931326,155,69,cnn_train,0
MH-001_21.140098_78.932134,MH-001,21.140098,78.932134,155,72,cnn_train,0
MH-001_21.140098_78.932673,MH-001,21.140098,78.932673,155,74,cnn_train,0
MH-001_21.140098_78.932943,MH-001,21.140098,78.932943,155,75,cnn_train,0
MH-001_21.140098_78.933212,MH-001,21.140098,78.933212,155,76,cnn_train,0
MH-001_21.140098_78.933482,MH-001,21.140098,78.933482,155,77,cnn_train,0
MH-001_21.139829_78.922972,MH-001,21.139829,78.922972,156,38,cnn_train,0
MH-001_21.139829_78.923241,MH-001,21.139829,78.923241,156,39,cnn_train,0
MH-001_21.139829_78.92351,MH-001,21.139829,78.92351,156,40,cnn_train,0
MH-001_21.139829_78.92378,MH-001,21.139829,78.92378,156,41,cnn_train,0
MH-001_21.139829_78.924049,MH-001,21.139829,78.924049,156,42,cnn_train,0
MH-001_21.139829_78.924319,MH-001,21.139829,78.924319,156,43,cnn_train,0
MH-001_21.139829_78.924588,MH-001,21.139829,78.924588,156,44,cnn_train,0
MH-001_21.139829_78.924858,MH-001,21.139829,78.924858,156,45,cnn_train,0
MH-001_21.139829_78.925127,MH-001,21.139829,78.925127,156,46,cnn_train,0
MH-001_21.139829_78.925397,MH-001,21.139829,78.925397,156,47,cnn_train,1
MH-001_21.139829_78.925936,MH-001,21.139829,78.925936,156,49,cnn_train,0
MH-001_21.139829_78.926205,MH-001,21.139829,78.926205,156,50,cnn_train,0
MH-001_21.139829_78.926475,MH-001,21.139829,78.926475,156,51,cnn_train,0
MH-001_21.139829_78.930248,MH-001,21.139829,78.930248,156,65,cnn_train,0
MH-001_21.139829_78.931595,MH-001,21.139829,78.931595,156,70,cnn_train,0
MH-001_21.139829_78.931865,MH-001,21.139829,78.931865,156,71,cnn_train,0
MH-001_21.139829_78.932404,MH-001,21.139829,78.932404,156,73,cnn_train,0
MH-001_21.13956_78.922972,MH-001,21.13956,78.922972,157,38,cnn_train,0
MH-001_21.13956_78.92378,MH-001,21.13956,78.92378,157,41,cnn_train,0
MH-001_21.13956_78.924049,MH-001,21.13956,78.924049,157,42,cnn_train,0
MH-001_21.13956_78.924319,MH-001,21.13956,78.924319,157,43,cnn_train,0
MH-001_21.13956_78.924588,MH-001,21.13956,78.924588,157,44,cnn_train,0
MH-001_21.13956_78.924858,MH-001,21.13956,78.924858,157,45,cnn_train,0
MH-001_21.13956_78.925127,MH-001,21.13956,78.925127,157,46,cnn_train,0
MH-001_21.13956_78.925397,MH-001,21.13956,78.925397,157,47,cnn_train,0
MH-001_21.13956_78.925936,MH-001,21.13956,78.925936,157,49,cnn_train,0
MH-001_21.13956_78.926205,MH-001,21.13956,78.926205,157,50,cnn_train,0
MH-001_21.13956_78.926475,MH-001,21.13956,78.926475,157,51,cnn_train,0
MH-001_21.13956_78.931595,MH-001,21.13956,78.931595,157,70,cnn_train,0
MH-001_21.13956_78.931865,MH-001,21.13956,78.931865,157,71,cnn_train,0
MH-001_21.13956_78.937255,MH-001,21.13956,78.937255,157,91,cnn_train,0
MH-001_21.13929_78.923241,MH-001,21.13929,78.923241,158,39,cnn_train,0
MH-001_21.13929_78.92351,MH-001,21.13929,78.92351,158,40,cnn_train,0
MH-001_21.13929_78.92378,MH-001,21.13929,78.92378,158,41,cnn_train,0
MH-001_21.13929_78.924049,MH-001,21.13929,78.924049,158,42,cnn_train,0
MH-001_21.13929_78.924319,MH-001,21.13929,78.924319,158,43,cnn_train,0
MH-001_21.13929_78.925127,MH-001,21.13929,78.925127,158,46,cnn_train,0
MH-001_21.13929_78.925397,MH-001,21.13929,78.925397,158,47,cnn_train,0
MH-001_21.13929_78.925666,MH-001,21.13929,78.925666,158,48,cnn_train,0
MH-001_21.13929_78.925936,MH-001,21.13929,78.925936,158,49,cnn_train,0
MH-001_21.13929_78.926205,MH-001,21.13929,78.926205,158,50,cnn_train,0
MH-001_21.13929_78.926475,MH-001,21.13929,78.926475,158,51,cnn_train,0
MH-001_21.13929_78.930248,MH-001,21.13929,78.930248,158,65,cnn_train,0
MH-001_21.13929_78.930787,MH-001,21.13929,78.930787,158,67,cnn_train,0
MH-001_21.139021_78.922972,MH-001,21.139021,78.922972,159,38,cnn_train,0
MH-001_21.139021_78.923241,MH-001,21.139021,78.923241,159,39,cnn_train,0
MH-001_21.139021_78.92351,MH-001,21.139021,78.92351,159,40,cnn_train,0
MH-001_21.139021_78.92378,MH-001,21.139021,78.92378,159,41,cnn_train,0
MH-001_21.139021_78.924049,MH-001,21.139021,78.924049,159,42,cnn_train,0
MH-001_21.139021_78.925397,MH-001,21.139021,78.925397,159,47,cnn_train,0
MH-001_21.139021_78.925666,MH-001,21.139021,78.925666,159,48,cnn_train,0
MH-001_21.139021_78.925936,MH-001,21.139021,78.925936,159,49,cnn_train,0
MH-001_21.139021_78.926205,MH-001,21.139021,78.926205,159,50,cnn_train,0
MH-001_21.139021_78.926475,MH-001,21.139021,78.926475,159,51,cnn_train,0
MH-001_21.139021_78.930787,MH-001,21.139021,78.930787,159,67,cnn_train,0
MH-001_21.138751_78.922702,MH-001,21.138751,78.922702,160,37,cnn_train,0
MH-001_21.138751_78.922972,MH-001,21.138751,78.922972,160,38,cnn_train,0
MH-001_21.138751_78.923241,MH-001,21.138751,78.923241,160,39,cnn_train,0
MH-001_21.138751_78.92351,MH-001,21.138751,78.92351,160,40,cnn_train,0
MH-001_21.138751_78.92378,MH-001,21.138751,78.92378,160,41,cnn_train,0
MH-001_21.138751_78.924049,MH-001,21.138751,78.924049,160,42,cnn_train,0
MH-001_21.138751_78.925127,MH-001,21.138751,78.925127,160,46,cnn_train,0
MH-001_21.138751_78.925397,MH-001,21.138751,78.925397,160,47,cnn_train,0
MH-001_21.138751_78.925666,MH-001,21.138751,78.925666,160,48,cnn_train,0
MH-001_21.138751_78.925936,MH-001,21.138751,78.925936,160,49,cnn_train,0
MH-001_21.138751_78.926205,MH-001,21.138751,78.926205,160,50,cnn_train,0
MH-001_21.138751_78.926475,MH-001,21.138751,78.926475,160,51,cnn_train,0
MH-001_21.138751_78.930517,MH-001,21.138751,78.930517,160,66,cnn_train,0
MH-001_21.138751_78.930787,MH-001,21.138751,78.930787,160,67,cnn_train,0
MH-001_21.138751_78.931056,MH-001,21.138751,78.931056,160,68,cnn_train,0
MH-001_21.138751_78.931865,MH-001,21.138751,78.931865,160,71,cnn_train,0
MH-001_21.138751_78.932134,MH-001,21.138751,78.932134,160,72,cnn_train,0
MH-001_21.138751_78.932404,MH-001,21.138751,78.932404,160,73,cnn_train,0
MH-001_21.138482_78.922702,MH-001,21.138482,78.922702,161,37,cnn_train,0
MH-001_21.138482_78.922972,MH-001,21.138482,78.922972,161,38,cnn_train,0
MH-001_21.138482_78.923241,MH-001,21.138482,78.923241,161,39,cnn_train,0
MH-001_21.138482_78.92351,MH-001,21.138482,78.92351,161,40,cnn_train,1
MH-001_21.138482_78.92378,MH-001,21.138482,78.92378,161,41,cnn_train,0
MH-001_21.138482_78.924049,MH-001,21.138482,78.924049,161,42,cnn_train,0
MH-001_21.138482_78.924319,MH-001,21.138482,78.924319,161,43,cnn_train,0
MH-001_21.138482_78.924588,MH-001,21.138482,78.924588,161,44,cnn_train,0
MH-001_21.138482_78.924858,MH-001,21.138482,78.924858,161,45,cnn_train,0
MH-001_21.138482_78.925127,MH-001,21.138482,78.925127,161,46,cnn_train,0
MH-001_21.138482_78.925397,MH-001,21.138482,78.925397,161,47,cnn_train,0
MH-001_21.138482_78.925666,MH-001,21.138482,78.925666,161,48,cnn_train,1
MH-001_21.138482_78.925936,MH-001,21.138482,78.925936,161,49,cnn_train,1
MH-001_21.138482_78.926205,MH-001,21.138482,78.926205,161,50,cnn_train,0
MH-001_21.138482_78.926475,MH-001,21.138482,78.926475,161,51,cnn_train,0
MH-001_21.138482_78.930517,MH-001,21.138482,78.930517,161,66,cnn_train,0
MH-001_21.138482_78.930787,MH-001,21.138482,78.930787,161,67,cnn_train,0
MH-001_21.138482_78.931056,MH-001,21.138482,78.931056,161,68,cnn_train,0
MH-001_21.138482_78.931865,MH-001,21.138482,78.931865,161,71,cnn_train,0
MH-001_21.138482_78.932134,MH-001,21.138482,78.932134,161,72,cnn_train,0
MH-001_21.138212_78.922972,MH-001,21.138212,78.922972,162,38,cnn_train,0
MH-001_21.138212_78.923241,MH-001,21.138212,78.923241,162,39,cnn_train,0
MH-001_21.138212_78.92351,MH-001,21.138212,78.92351,162,40,cnn_train,0
MH-001_21.138212_78.92378,MH-001,21.138212,78.92378,162,41,cnn_train,0
MH-001_21.138212_78.924049,MH-001,21.138212,78.924049,162,42,cnn_train,0
MH-001_21.138212_78.924319,MH-001,21.138212,78.924319,162,43,cnn_train,0
MH-001_21.138212_78.924588,MH-001,21.138212,78.924588,162,44,cnn_train,0
MH-001_21.138212_78.924858,MH-001,21.138212,78.924858,162,45,cnn_train,0
MH-001_21.138212_78.925127,MH-001,21.138212,78.925127,162,46,cnn_train,0
MH-001_21.138212_78.925397,MH-001,21.138212,78.925397,162,47,cnn_train,0
MH-001_21.138212_78.925666,MH-001,21.138212,78.925666,162,48,cnn_train,0
MH-001_21.138212_78.925936,MH-001,21.138212,78.925936,162,49,cnn_train,1
MH-001_21.138212_78.926205,MH-001,21.138212,78.926205,162,50,cnn_train,0
MH-001_21.138212_78.926475,MH-001,21.138212,78.926475,162,51,cnn_train,0
MH-001_21.138212_78.930517,MH-001,21.138212,78.930517,162,66,cnn_train,0
MH-001_21.138212_78.930787,MH-001,21.138212,78.930787,162,67,cnn_train,0
MH-001_21.138212_78.931056,MH-001,21.138212,78.931056,162,68,cnn_train,0
MH-001_21.138212_78.931865,MH-001,21.138212,78.931865,162,71,cnn_train,0
MH-001_21.138212_78.932134,MH-001,21.138212,78.932134,162,72,cnn_train,0
MH-001_21.138212_78.937794,MH-001,21.138212,78.937794,162,93,cnn_train,0
MH-001_21.137943_78.922972,MH-001,21.137943,78.922972,163,38,cnn_train,0
MH-001_21.137943_78.924049,MH-001,21.137943,78.924049,163,42,cnn_train,0
MH-001_21.137943_78.924319,MH-001,21.137943,78.924319,163,43,cnn_train,0
MH-001_21.137943_78.924588,MH-001,21.137943,78.924588,163,44,cnn_train,0
MH-001_21.137943_78.924858,MH-001,21.137943,78.924858,163,45,cnn_train,1
MH-001_21.137943_78.925127,MH-001,21.137943,78.925127,163,46,cnn_train,0
MH-001_21.137943_78.925397,MH-001,21.137943,78.925397,163,47,cnn_train,0
MH-001_21.137943_78.930787,MH-001,21.137943,78.930787,163,67,cnn_train,0
MH-001_21.137943_78.931056,MH-001,21.137943,78.931056,163,68,cnn_train,0
MH-001_21.137943_78.931865,MH-001,21.137943,78.931865,163,71,cnn_train,1
MH-001_21.137943_78.932134,MH-001,21.137943,78.932134,163,72,cnn_train,0
MH-001_21.137943_78.932404,MH-001,21.137943,78.932404,163,73,cnn_train,0
MH-001_21.137943_78.932673,MH-001,21.137943,78.932673,163,74,cnn_train,0
MH-001_21.137943_78.932943,MH-001,21.137943,78.932943,163,75,cnn_train,0
MH-001_21.137943_78.937524,MH-001,21.137943,78.937524,163,92,cnn_train,0
MH-001_21.137943_78.937794,MH-001,21.137943,78.937794,163,93,cnn_train,0
MH-001_21.137943_78.938063,MH-001,21.137943,78.938063,163,94,cnn_train,0
MH-001_21.137943_78.938333,MH-001,21.137943,78.938333,163,95,cnn_train,0
MH-001_21.137673_78.923241,MH-001,21.137673,78.923241,164,39,cnn_train,0
MH-001_21.137673_78.924049,MH-001,21.137673,78.924049,164,42,cnn_train,0
MH-001_21.137673_78.924319,MH-001,21.137673,78.924319,164,43,cnn_train,0
MH-001_21.137673_78.924588,MH-001,21.137673,78.924588,164,44,cnn_train,0
MH-001_21.137673_78.924858,MH-001,21.137673,78.924858,164,45,cnn_train,1
MH-001_21.137673_78.925127,MH-001,21.137673,78.925127,164,46,cnn_train,1
MH-001_21.137673_78.925397,MH-001,21.137673,78.925397,164,47,cnn_train,0
MH-001_21.137673_78.930787,MH-001,21.137673,78.930787,164,67,cnn_train,0
MH-001_21.137673_78.931595,MH-001,21.137673,78.931595,164,70,cnn_train,0
MH-001_21.137673_78.931865,MH-001,21.137673,78.931865,164,71,cnn_train,0
MH-001_21.137673_78.932134,MH-001,21.137673,78.932134,164,72,cnn_train,0
MH-001_21.137673_78.932404,MH-001,21.137673,78.932404,164,73,cnn_train,0
MH-001_21.137673_78.932673,MH-001,21.137673,78.932673,164,74,cnn_train,0
MH-001_21.137673_78.932943,MH-001,21.137673,78.932943,164,75,cnn_train,0
MH-001_21.137673_78.933482,MH-001,21.137673,78.933482,164,77,cnn_train,0
MH-001_21.137673_78.937794,MH-001,21.137673,78.937794,164,93,cnn_train,0
MH-001_21.137673_78.938063,MH-001,21.137673,78.938063,164,94,cnn_train,0
MH-001_21.137673_78.938333,MH-001,21.137673,78.938333,164,95,cnn_train,0
MH-001_21.137404_78.924049,MH-001,21.137404,78.924049,165,42,cnn_train,0
MH-001_21.137404_78.924319,MH-001,21.137404,78.924319,165,43,cnn_train,0
MH-001_21.137404_78.924588,MH-001,21.137404,78.924588,165,44,cnn_train,0
MH-001_21.137404_78.924858,MH-001,21.137404,78.924858,165,45,cnn_train,0
MH-001_21.137404_78.925127,MH-001,21.137404,78.925127,165,46,cnn_train,0
MH-001_21.137404_78.925397,MH-001,21.137404,78.925397,165,47,cnn_train,0
MH-001_21.137404_78.930787,MH-001,21.137404,78.930787,165,67,cnn_train,0
MH-001_21.137404_78.931056,MH-001,21.137404,78.931056,165,68,cnn_train,0
MH-001_21.137404_78.931595,MH-001,21.137404,78.931595,165,70,cnn_train,0
MH-001_21.137404_78.931865,MH-001,21.137404,78.931865,165,71,cnn_train,0
MH-001_21.137404_78.932134,MH-001,21.137404,78.932134,165,72,cnn_train,0
MH-001_21.137404_78.932404,MH-001,21.137404,78.932404,165,73,cnn_train,0
MH-001_21.137404_78.932673,MH-001,21.137404,78.932673,165,74,cnn_train,0
MH-001_21.137404_78.932943,MH-001,21.137404,78.932943,165,75,cnn_train,0
MH-001_21.137404_78.933482,MH-001,21.137404,78.933482,165,77,cnn_train,0
MH-001_21.137404_78.937255,MH-001,21.137404,78.937255,165,91,cnn_train,0
MH-001_21.137404_78.937524,MH-001,21.137404,78.937524,165,92,cnn_train,0
MH-001_21.137404_78.938333,MH-001,21.137404,78.938333,165,95,cnn_train,0
MH-001_21.137134_78.923241,MH-001,21.137134,78.923241,166,39,cnn_train,0
MH-001_21.137134_78.92351,MH-001,21.137134,78.92351,166,40,cnn_train,0
MH-001_21.137134_78.924049,MH-001,21.137134,78.924049,166,42,cnn_train,0
MH-001_21.137134_78.924319,MH-001,21.137134,78.924319,166,43,cnn_train,0
MH-001_21.137134_78.924588,MH-001,21.137134,78.924588,166,44,cnn_train,0
MH-001_21.137134_78.924858,MH-001,21.137134,78.924858,166,45,cnn_train,0
MH-001_21.137134_78.925127,MH-001,21.137134,78.925127,166,46,cnn_train,0
MH-001_21.137134_78.925397,MH-001,21.137134,78.925397,166,47,cnn_train,0
MH-001_21.137134_78.930517,MH-001,21.137134,78.930517,166,66,cnn_train,0
MH-001_21.137134_78.930787,MH-001,21.137134,78.930787,166,67,cnn_train,0
MH-001_21.137134_78.931056,MH-001,21.137134,78.931056,166,68,cnn_train,0
MH-001_21.137134_78.931865,MH-001,21.137134,78.931865,166,71,cnn_train,0
MH-001_21.137134_78.932134,MH-001,21.137134,78.932134,166,72,cnn_train,0
MH-001_21.137134_78.932404,MH-001,21.137134,78.932404,166,73,cnn_train,0
MH-001_21.137134_78.932673,MH-001,21.137134,78.932673,166,74,cnn_train,0
MH-001_21.137134_78.932943,MH-001,21.137134,78.932943,166,75,cnn_train,0
MH-001_21.137134_78.933482,MH-001,21.137134,78.933482,166,77,cnn_train,0
MH-001_21.137134_78.937255,MH-001,21.137134,78.937255,166,91,cnn_train,0
MH-001_21.137134_78.937524,MH-001,21.137134,78.937524,166,92,cnn_train,0
MH-001_21.137134_78.937794,MH-001,21.137134,78.937794,166,93,cnn_train,0
MH-001_21.137134_78.938063,MH-001,21.137134,78.938063,166,94,cnn_train,0
MH-001_21.137134_78.938333,MH-001,21.137134,78.938333,166,95,cnn_train,0
MH-001_21.136865_78.92351,MH-001,21.136865,78.92351,167,40,cnn_train,0
MH-001_21.136865_78.92378,MH-001,21.136865,78.92378,167,41,cnn_train,0
MH-001_21.136865_78.924049,MH-001,21.136865,78.924049,167,42,cnn_train,0
MH-001_21.136865_78.924319,MH-001,21.136865,78.924319,167,43,cnn_train,1
MH-001_21.136865_78.924588,MH-001,21.136865,78.924588,167,44,cnn_train,1
MH-001_21.136865_78.924858,MH-001,21.136865,78.924858,167,45,cnn_train,0
MH-001_21.136865_78.925127,MH-001,21.136865,78.925127,167,46,cnn_train,0
MH-001_21.136865_78.925397,MH-001,21.136865,78.925397,167,47,cnn_train,0
MH-001_21.136865_78.926205,MH-001,21.136865,78.926205,167,50,cnn_train,0
MH-001_21.136865_78.926475,MH-001,21.136865,78.926475,167,51,cnn_train,0
MH-001_21.136865_78.930517,MH-001,21.136865,78.930517,167,66,cnn_train,0
MH-001_21.136865_78.930787,MH-001,21.136865,78.930787,167,67,cnn_train,0
MH-001_21.136865_78.931865,MH-001,21.136865,78.931865,167,71,cnn_train,0
MH-001_21.136865_78.932134,MH-001,21.136865,78.932134,167,72,cnn_train,0
MH-001_21.136865_78.932404,MH-001,21.136865,78.932404,167,73,cnn_train,0
MH-001_21.136865_78.932673,MH-001,21.136865,78.932673,167,74,cnn_train,0
MH-001_21.136865_78.932943,MH-001,21.136865,78.932943,167,75,cnn_train,0
MH-001_21.136865_78.937255,MH-001,21.136865,78.937255,167,91,cnn_train,0
MH-001_21.136865_78.937524,MH-001,21.136865,78.937524,167,92,cnn_train,0
MH-001_21.136865_78.937794,MH-001,21.136865,78.937794,167,93,cnn_train,0
MH-001_21.136865_78.938063,MH-001,21.136865,78.938063,167,94,cnn_train,0
MH-001_21.136865_78.938333,MH-001,21.136865,78.938333,167,95,cnn_train,0
MH-001_21.136595_78.92351,MH-001,21.136595,78.92351,168,40,cnn_train,0
MH-001_21.136595_78.92378,MH-001,21.136595,78.92378,168,41,cnn_train,0
MH-001_21.136595_78.924319,MH-001,21.136595,78.924319,168,43,cnn_train,1
MH-001_21.136595_78.924588,MH-001,21.136595,78.924588,168,44,cnn_train,1
MH-001_21.136595_78.924858,MH-001,21.136595,78.924858,168,45,cnn_train,0
MH-001_21.136595_78.925127,MH-001,21.136595,78.925127,168,46,cnn_train,0
MH-001_21.136595_78.925397,MH-001,21.136595,78.925397,168,47,cnn_train,0
MH-001_21.136595_78.925936,MH-001,21.136595,78.925936,168,49,cnn_train,0
MH-001_21.136595_78.926205,MH-001,21.136595,78.926205,168,50,cnn_train,0
MH-001_21.136595_78.926475,MH-001,21.136595,78.926475,168,51,cnn_train,0
MH-001_21.136595_78.930517,MH-001,21.136595,78.930517,168,66,cnn_train,0
MH-001_21.136595_78.930787,MH-001,21.136595,78.930787,168,67,cnn_train,0
MH-001_21.136595_78.931326,MH-001,21.136595,78.931326,168,69,cnn_train,0
MH-001_21.136595_78.932134,MH-001,21.136595,78.932134,168,72,cnn_train,0
MH-001_21.136595_78.932404,MH-001,21.136595,78.932404,168,73,cnn_train,0
MH-001_21.136595_78.932673,MH-001,21.136595,78.932673,168,74,cnn_train,0
MH-001_21.136595_78.932943,MH-001,21.136595,78.932943,168,75,cnn_train,0
MH-001_21.136595_78.937255,MH-001,21.136595,78.937255,168,91,cnn_train,0
MH-001_21.136595_78.937524,MH-001,21.136595,78.937524,168,92,cnn_train,0
MH-001_21.136595_78.937794,MH-001,21.136595,78.937794,168,93,cnn_train,0
MH-001_21.136595_78.938063,MH-001,21.136595,78.938063,168,94,cnn_train,0
MH-001_21.136595_78.938333,MH-001,21.136595,78.938333,168,95,cnn_train,0
MH-001_21.136326_78.92378,MH-001,21.136326,78.92378,169,41,cnn_train,0
MH-001_21.136326_78.924049,MH-001,21.136326,78.924049,169,42,cnn_train,0
MH-001_21.136326_78.924319,MH-001,21.136326,78.924319,169,43,cnn_train,0
MH-001_21.136326_78.924588,MH-001,21.136326,78.924588,169,44,cnn_train,0
MH-001_21.136326_78.924858,MH-001,21.136326,78.924858,169,45,cnn_train,0
MH-001_21.136326_78.925127,MH-001,21.136326,78.925127,169,46,cnn_train,0
MH-001_21.136326_78.925936,MH-001,21.136326,78.925936,169,49,cnn_train,0
MH-001_21.136326_78.926205,MH-001,21.136326,78.926205,169,50,cnn_train,0
MH-001_21.136326_78.926475,MH-001,21.136326,78.926475,169,51,cnn_train,0
MH-001_21.136326_78.930517,MH-001,21.136326,78.930517,169,66,cnn_train,0
MH-001_21.136326_78.930787,MH-001,21.136326,78.930787,169,67,cnn_train,0
MH-001_21.136326_78.932134,MH-001,21.136326,78.932134,169,72,cnn_train,1
MH-001_21.136326_78.932404,MH-001,21.136326,78.932404,169,73,cnn_train,1
MH-001_21.136326_78.932673,MH-001,21.136326,78.932673,169,74,cnn_train,0
MH-001_21.136326_78.932943,MH-001,21.136326,78.932943,169,75,cnn_train,0
MH-001_21.136326_78.937255,MH-001,21.136326,78.937255,169,91,cnn_train,0
MH-001_21.136326_78.937524,MH-001,21.136326,78.937524,169,92,cnn_train,0
MH-001_21.136326_78.937794,MH-001,21.136326,78.937794,169,93,cnn_train,0
MH-001_21.136326_78.938063,MH-001,21.136326,78.938063,169,94,cnn_train,0
MH-001_21.136056_78.92378,MH-001,21.136056,78.92378,170,41,cnn_train,0
MH-001_21.136056_78.924049,MH-001,21.136056,78.924049,170,42,cnn_train,0
MH-001_21.136056_78.925936,MH-001,21.136056,78.925936,170,49,cnn_train,0
MH-001_21.136056_78.926205,MH-001,21.136056,78.926205,170,50,cnn_train,0
MH-001_21.136056_78.926475,MH-001,21.136056,78.926475,170,51,cnn_train,0
MH-001_21.136056_78.930517,MH-001,21.136056,78.930517,170,66,cnn_train,0
MH-001_21.136056_78.932404,MH-001,21.136056,78.932404,170,73,cnn_train,1
MH-001_21.136056_78.932673,MH-001,21.136056,78.932673,170,74,cnn_train,0
MH-001_21.136056_78.937255,MH-001,21.136056,78.937255,170,91,cnn_train,0
MH-001_21.136056_78.937524,MH-001,21.136056,78.937524,170,92,cnn_train,0
MH-001_21.136056_78.937794,MH-001,21.136056,78.937794,170,93,cnn_train,0
MH-001_21.136056_78.938063,MH-001,21.136056,78.938063,170,94,cnn_train,0
MH-001_21.135787_78.924319,MH-001,21.135787,78.924319,171,43,cnn_train,0
MH-001_21.135787_78.925666,MH-001,21.135787,78.925666,171,48,cnn_train,0
MH-001_21.135787_78.925936,MH-001,21.135787,78.925936,171,49,cnn_train,0
MH-001_21.135787_78.926205,MH-001,21.135787,78.926205,171,50,cnn_train,0
MH-001_21.135787_78.926475,MH-001,21.135787,78.926475,171,51,cnn_train,0
MH-001_21.135787_78.933482,MH-001,21.135787,78.933482,171,77,cnn_train,0
MH-001_21.135787_78.937255,MH-001,21.135787,78.937255,171,91,cnn_train,0
MH-001_21.135787_78.937524,MH-001,21.135787,78.937524,171,92,cnn_train,0
MH-001_21.135787_78.937794,MH-001,21.135787,78.937794,171,93,cnn_train,0
MH-001_21.135787_78.938063,MH-001,21.135787,78.938063,171,94,cnn_train,0
MH-001_21.135517_78.925127,MH-001,21.135517,78.925127,172,46,cnn_train,0
MH-001_21.135517_78.925666,MH-001,21.135517,78.925666,172,48,cnn_train,0
MH-001_21.135517_78.925936,MH-001,21.135517,78.925936,172,49,cnn_train,0
MH-001_21.135517_78.926205,MH-001,21.135517,78.926205,172,50,cnn_train,0
MH-001_21.135517_78.926475,MH-001,21.135517,78.926475,172,51,cnn_train,0
MH-001_21.135517_78.931326,MH-001,21.135517,78.931326,172,69,cnn_train,0
MH-001_21.135517_78.933212,MH-001,21.135517,78.933212,172,76,cnn_train,0
MH-001_21.135517_78.933482,MH-001,21.135517,78.933482,172,77,cnn_train,0
MH-001_21.135517_78.937255,MH-001,21.135517,78.937255,172,91,cnn_train,0
MH-001_21.135517_78.937524,MH-001,21.135517,78.937524,172,92,cnn_train,0
MH-001_21.135517_78.937794,MH-001,21.135517,78.937794,172,93,cnn_train,0
MH-001_21.135248_78.924858,MH-001,21.135248,78.924858,173,45,cnn_train,0
MH-001_21.135248_78.925936,MH-001,21.135248,78.925936,173,49,cnn_train,0
MH-001_21.135248_78.926205,MH-001,21.135248,78.926205,173,50,cnn_train,0
MH-001_21.135248_78.926475,MH-001,21.135248,78.926475,173,51,cnn_train,0
MH-001_21.135248_78.930787,MH-001,21.135248,78.930787,173,67,cnn_train,0
MH-001_21.135248_78.931056,MH-001,21.135248,78.931056,173,68,cnn_train,0
MH-001_21.135248_78.931326,MH-001,21.135248,78.931326,173,69,cnn_train,0
MH-001_21.135248_78.931595,MH-001,21.135248,78.931595,173,70,cnn_train,0
MH-001_21.135248_78.931865,MH-001,21.135248,78.931865,173,71,cnn_train,0
MH-001_21.135248_78.932134,MH-001,21.135248,78.932134,173,72,cnn_train,0
MH-001_21.135248_78.933212,MH-001,21.135248,78.933212,173,76,cnn_train,0
MH-001_21.135248_78.933482,MH-001,21.135248,78.933482,173,77,cnn_train,0
MH-001_21.135248_78.937255,MH-001,21.135248,78.937255,173,91,cnn_train,0
MH-001_21.135248_78.937524,MH-001,21.135248,78.937524,173,92,cnn_train,0
MH-001_21.135248_78.937794,MH-001,21.135248,78.937794,173,93,cnn_train,0
MH-001_21.134978_78.924588,MH-001,21.134978,78.924588,174,44,cnn_train,0
MH-001_21.134978_78.924858,MH-001,21.134978,78.924858,174,45,cnn_train,0
MH-001_21.134978_78.925127,MH-001,21.134978,78.925127,174,46,cnn_train,0
MH-001_21.134978_78.926205,MH-001,21.134978,78.926205,174,50,cnn_train,0
MH-001_21.134978_78.926475,MH-001,21.134978,78.926475,174,51,cnn_train,0
MH-001_21.134978_78.930517,MH-001,21.134978,78.930517,174,66,cnn_train,0
MH-001_21.134978_78.930787,MH-001,21.134978,78.930787,174,67,cnn_train,0
MH-001_21.134978_78.931056,MH-001,21.134978,78.931056,174,68,cnn_train,0
MH-001_21.134978_78.931326,MH-001,21.134978,78.931326,174,69,cnn_train,0
MH-001_21.134978_78.931595,MH-001,21.134978,78.931595,174,70,cnn_train,0
MH-001_21.134978_78.931865,MH-001,21.134978,78.931865,174,71,cnn_train,0
MH-001_21.134978_78.932134,MH-001,21.134978,78.932134,174,72,cnn_train,0
MH-001_21.134978_78.932404,MH-001,21.134978,78.932404,174,73,cnn_train,0
MH-001_21.134978_78.933212,MH-001,21.134978,78.933212,174,76,cnn_train,0
MH-001_21.134978_78.937255,MH-001,21.134978,78.937255,174,91,cnn_train,0
MH-001_21.134978_78.937524,MH-001,21.134978,78.937524,174,92,cnn_train,0
MH-001_21.134978_78.937794,MH-001,21.134978,78.937794,174,93,cnn_train,0
MH-001_21.134709_78.925127,MH-001,21.134709,78.925127,175,46,cnn_train,0
MH-001_21.134709_78.930517,MH-001,21.134709,78.930517,175,66,cnn_train,0
MH-001_21.134709_78.930787,MH-001,21.134709,78.930787,175,67,cnn_train,0
MH-001_21.134709_78.931056,MH-001,21.134709,78.931056,175,68,cnn_train,0
MH-001_21.134709_78.931326,MH-001,21.134709,78.931326,175,69,cnn_train,0
MH-001_21.134709_78.931595,MH-001,21.134709,78.931595,175,70,cnn_train,1
MH-001_21.134709_78.931865,MH-001,21.134709,78.931865,175,71,cnn_train,1
MH-001_21.134709_78.932134,MH-001,21.134709,78.932134,175,72,cnn_train,1
MH-001_21.134709_78.932404,MH-001,21.134709,78.932404,175,73,cnn_train,0
MH-001_21.134709_78.933212,MH-001,21.134709,78.933212,175,76,cnn_train,0
MH-001_21.134709_78.937255,MH-001,21.134709,78.937255,175,91,cnn_train,0
MH-001_21.134709_78.937524,MH-001,21.134709,78.937524,175,92,cnn_train,0
MH-002_19.623383_80.340513,MH-002,19.623383,80.340513,7,28,cnn_train,0
MH-002_19.623383_80.340783,MH-002,19.623383,80.340783,7,29,cnn_train,0
MH-002_19.623383_80.341052,MH-002,19.623383,80.341052,7,30,cnn_train,0
MH-002_19.623383_80.341322,MH-002,19.623383,80.341322,7,31,cnn_train,0
MH-002_19.623383_80.341591,MH-002,19.623383,80.341591,7,32,cnn_train,0
MH-002_19.623383_80.34186,MH-002,19.623383,80.34186,7,33,cnn_train,0
MH-002_19.623383_80.34213,MH-002,19.623383,80.34213,7,34,cnn_train,0
MH-002_19.623383_80.342399,MH-002,19.623383,80.342399,7,35,cnn_train,0
MH-002_19.623383_80.342669,MH-002,19.623383,80.342669,7,36,cnn_train,0
MH-002_19.623383_80.342938,MH-002,19.623383,80.342938,7,37,cnn_train,0
MH-002_19.623383_80.343208,MH-002,19.623383,80.343208,7,38,cnn_train,0
MH-002_19.623383_80.343477,MH-002,19.623383,80.343477,7,39,cnn_train,0
MH-002_19.623383_80.343747,MH-002,19.623383,80.343747,7,40,cnn_train,0
MH-002_19.623383_80.344016,MH-002,19.623383,80.344016,7,41,cnn_train,0
MH-002_19.623113_80.340513,MH-002,19.623113,80.340513,8,28,cnn_train,0
MH-002_19.623113_80.340783,MH-002,19.623113,80.340783,8,29,cnn_train,0
MH-002_19.623113_80.341052,MH-002,19.623113,80.341052,8,30,cnn_train,0
MH-002_19.623113_80.341322,MH-002,19.623113,80.341322,8,31,cnn_train,0
MH-002_19.623113_80.341591,MH-002,19.623113,80.341591,8,32,cnn_train,0
MH-002_19.623113_80.34186,MH-002,19.623113,80.34186,8,33,cnn_train,0
MH-002_19.623113_80.34213,MH-002,19.623113,80.34213,8,34,cnn_train,0
MH-002_19.623113_80.342399,MH-002,19.623113,80.342399,8,35,cnn_train,0
MH-002_19.623113_80.342669,MH-002,19.623113,80.342669,8,36,cnn_train,0
MH-002_19.623113_80.342938,MH-002,19.623113,80.342938,8,37,cnn_train,0
MH-002_19.623113_80.343208,MH-002,19.623113,80.343208,8,38,cnn_train,0
MH-002_19.623113_80.343477,MH-002,19.623113,80.343477,8,39,cnn_train,0
MH-002_19.623113_80.343747,MH-002,19.623113,80.343747,8,40,cnn_train,0
MH-002_19.623113_80.344016,MH-002,19.623113,80.344016,8,41,cnn_train,0
MH-002_19.623113_80.344286,MH-002,19.623113,80.344286,8,42,cnn_train,0
MH-002_19.622844_80.340513,MH-002,19.622844,80.340513,9,28,cnn_train,0
MH-002_19.622844_80.340783,MH-002,19.622844,80.340783,9,29,cnn_train,0
MH-002_19.622844_80.341052,MH-002,19.622844,80.341052,9,30,cnn_train,0
MH-002_19.622844_80.341322,MH-002,19.622844,80.341322,9,31,cnn_train,0
MH-002_19.622844_80.341591,MH-002,19.622844,80.341591,9,32,cnn_train,0
MH-002_19.622844_80.34186,MH-002,19.622844,80.34186,9,33,cnn_train,0
MH-002_19.622844_80.34213,MH-002,19.622844,80.34213,9,34,cnn_train,0
MH-002_19.622844_80.342399,MH-002,19.622844,80.342399,9,35,cnn_train,1
MH-002_19.622844_80.342669,MH-002,19.622844,80.342669,9,36,cnn_train,0
MH-002_19.622844_80.342938,MH-002,19.622844,80.342938,9,37,cnn_train,0
MH-002_19.622844_80.343208,MH-002,19.622844,80.343208,9,38,cnn_train,0
MH-002_19.622844_80.343477,MH-002,19.622844,80.343477,9,39,cnn_train,0
MH-002_19.622844_80.343747,MH-002,19.622844,80.343747,9,40,cnn_train,0
MH-002_19.622844_80.344016,MH-002,19.622844,80.344016,9,41,cnn_train,0
MH-002_19.622844_80.344286,MH-002,19.622844,80.344286,9,42,cnn_train,0
MH-002_19.622574_80.340513,MH-002,19.622574,80.340513,10,28,cnn_train,0
MH-002_19.622574_80.340783,MH-002,19.622574,80.340783,10,29,cnn_train,0
MH-002_19.622574_80.341052,MH-002,19.622574,80.341052,10,30,cnn_train,0
MH-002_19.622574_80.341322,MH-002,19.622574,80.341322,10,31,cnn_train,0
MH-002_19.622574_80.341591,MH-002,19.622574,80.341591,10,32,cnn_train,0
MH-002_19.622574_80.34186,MH-002,19.622574,80.34186,10,33,cnn_train,0
MH-002_19.622574_80.34213,MH-002,19.622574,80.34213,10,34,cnn_train,0
MH-002_19.622574_80.342399,MH-002,19.622574,80.342399,10,35,cnn_train,0
MH-002_19.622574_80.342669,MH-002,19.622574,80.342669,10,36,cnn_train,0
MH-002_19.622574_80.342938,MH-002,19.622574,80.342938,10,37,cnn_train,1
MH-002_19.622574_80.343208,MH-002,19.622574,80.343208,10,38,cnn_train,0
MH-002_19.622574_80.343477,MH-002,19.622574,80.343477,10,39,cnn_train,0
MH-002_19.622574_80.343747,MH-002,19.622574,80.343747,10,40,cnn_train,0
MH-002_19.622574_80.344016,MH-002,19.622574,80.344016,10,41,cnn_train,0
MH-002_19.622574_80.344286,MH-002,19.622574,80.344286,10,42,cnn_train,0
MH-002_19.622574_80.344555,MH-002,19.622574,80.344555,10,43,cnn_train,0
MH-002_19.622305_80.340513,MH-002,19.622305,80.340513,11,28,cnn_train,1
MH-002_19.622305_80.340783,MH-002,19.622305,80.340783,11,29,cnn_train,0
MH-002_19.622305_80.341052,MH-002,19.622305,80.341052,11,30,cnn_train,0
MH-002_19.622305_80.341322,MH-002,19.622305,80.341322,11,31,cnn_train,0
MH-002_19.622305_80.341591,MH-002,19.622305,80.341591,11,32,cnn_train,0
MH-002_19.622305_80.34186,MH-002,19.622305,80.34186,11,33,cnn_train,0
MH-002_19.622305_80.34213,MH-002,19.622305,80.34213,11,34,cnn_train,0
MH-002_19.622305_80.342399,MH-002,19.622305,80.342399,11,35,cnn_train,0
MH-002_19.622305_80.342669,MH-002,19.622305,80.342669,11,36,cnn_train,0
MH-002_19.622305_80.342938,MH-002,19.622305,80.342938,11,37,cnn_train,0
MH-002_19.622305_80.343208,MH-002,19.622305,80.343208,11,38,cnn_train,1
MH-002_19.622305_80.343477,MH-002,19.622305,80.343477,11,39,cnn_train,0
MH-002_19.622305_80.343747,MH-002,19.622305,80.343747,11,40,cnn_train,0
MH-002_19.622305_80.344016,MH-002,19.622305,80.344016,11,41,cnn_train,0
MH-002_19.622305_80.344286,MH-002,19.622305,80.344286,11,42,cnn_train,0
MH-002_19.622305_80.344555,MH-002,19.622305,80.344555,11,43,cnn_train,0
MH-002_19.622305_80.344825,MH-002,19.622305,80.344825,11,44,cnn_train,0
MH-002_19.622035_80.340513,MH-002,19.622035,80.340513,12,28,cnn_train,0
MH-002_19.622035_80.340783,MH-002,19.622035,80.340783,12,29,cnn_train,0
MH-002_19.622035_80.341052,MH-002,19.622035,80.341052,12,30,cnn_train,0
MH-002_19.622035_80.341322,MH-002,19.622035,80.341322,12,31,cnn_train,0
MH-002_19.622035_80.341591,MH-002,19.622035,80.341591,12,32,cnn_train,0
MH-002_19.622035_80.34186,MH-002,19.622035,80.34186,12,33,cnn_train,0
MH-002_19.622035_80.34213,MH-002,19.622035,80.34213,12,34,cnn_train,0
MH-002_19.622035_80.342399,MH-002,19.622035,80.342399,12,35,cnn_train,0
MH-002_19.622035_80.342669,MH-002,19.622035,80.342669,12,36,cnn_train,0
MH-002_19.622035_80.342938,MH-002,19.622035,80.342938,12,37,cnn_train,0
MH-002_19.622035_80.343208,MH-002,19.622035,80.343208,12,38,cnn_train,0
MH-002_19.622035_80.343477,MH-002,19.622035,80.343477,12,39,cnn_train,0
MH-002_19.622035_80.343747,MH-002,19.622035,80.343747,12,40,cnn_train,0
MH-002_19.622035_80.344016,MH-002,19.622035,80.344016,12,41,cnn_train,0
MH-002_19.622035_80.344286,MH-002,19.622035,80.344286,12,42,cnn_train,0
MH-002_19.622035_80.344555,MH-002,19.622035,80.344555,12,43,cnn_train,0
MH-002_19.622035_80.344825,MH-002,19.622035,80.344825,12,44,cnn_train,0
MH-002_19.621766_80.340513,MH-002,19.621766,80.340513,13,28,cnn_train,0
MH-002_19.621766_80.340783,MH-002,19.621766,80.340783,13,29,cnn_train,0
MH-002_19.621766_80.341052,MH-002,19.621766,80.341052,13,30,cnn_train,0
MH-002_19.621766_80.341322,MH-002,19.621766,80.341322,13,31,cnn_train,0
MH-002_19.621766_80.341591,MH-002,19.621766,80.341591,13,32,cnn_train,0
MH-002_19.621766_80.34186,MH-002,19.621766,80.34186,13,33,cnn_train,0
MH-002_19.621766_80.34213,MH-002,19.621766,80.34213,13,34,cnn_train,0
MH-002_19.621766_80.342399,MH-002,19.621766,80.342399,13,35,cnn_train,0
MH-002_19.621766_80.342669,MH-002,19.621766,80.342669,13,36,cnn_train,0
MH-002_19.621766_80.342938,MH-002,19.621766,80.342938,13,37,cnn_train,0
MH-002_19.621766_80.343208,MH-002,19.621766,80.343208,13,38,cnn_train,0
MH-002_19.621766_80.343477,MH-002,19.621766,80.343477,13,39,cnn_train,0
MH-002_19.621766_80.343747,MH-002,19.621766,80.343747,13,40,cnn_train,0
MH-002_19.621766_80.344016,MH-002,19.621766,80.344016,13,41,cnn_train,0
MH-002_19.621766_80.344286,MH-002,19.621766,80.344286,13,42,cnn_train,0
MH-002_19.621766_80.344555,MH-002,19.621766,80.344555,13,43,cnn_train,0
MH-002_19.621766_80.344825,MH-002,19.621766,80.344825,13,44,cnn_train,0
MH-002_19.621766_80.345094,MH-002,19.621766,80.345094,13,45,cnn_train,0
MH-002_19.621497_80.340244,MH-002,19.621497,80.340244,14,27,cnn_train,0
MH-002_19.621497_80.340513,MH-002,19.621497,80.340513,14,28,cnn_train,0
MH-002_19.621497_80.340783,MH-002,19.621497,80.340783,14,29,cnn_train,0
MH-002_19.621497_80.341052,MH-002,19.621497,80.341052,14,30,cnn_train,1
MH-002_19.621497_80.341322,MH-002,19.621497,80.341322,14,31,cnn_train,1
MH-002_19.621497_80.341591,MH-002,19.621497,80.341591,14,32,cnn_train,1
MH-002_19.621497_80.34186,MH-002,19.621497,80.34186,14,33,cnn_train,0
MH-002_19.621497_80.34213,MH-002,19.621497,80.34213,14,34,cnn_train,0
MH-002_19.621497_80.342399,MH-002,19.621497,80.342399,14,35,cnn_train,0
MH-002_19.621497_80.342669,MH-002,19.621497,80.342669,14,36,cnn_train,0
MH-002_19.621497_80.342938,MH-002,19.621497,80.342938,14,37,cnn_train,0
MH-002_19.621497_80.343208,MH-002,19.621497,80.343208,14,38,cnn_train,0
MH-002_19.621497_80.343477,MH-002,19.621497,80.343477,14,39,cnn_train,0
MH-002_19.621497_80.343747,MH-002,19.621497,80.343747,14,40,cnn_train,0
MH-002_19.621497_80.344016,MH-002,19.621497,80.344016,14,41,cnn_train,0
MH-002_19.621497_80.344286,MH-002,19.621497,80.344286,14,42,cnn_train,0
MH-002_19.621497_80.344555,MH-002,19.621497,80.344555,14,43,cnn_train,0
MH-002_19.621497_80.344825,MH-002,19.621497,80.344825,14,44,cnn_train,0
MH-002_19.621497_80.345094,MH-002,19.621497,80.345094,14,45,cnn_train,0
MH-002_19.621497_80.345364,MH-002,19.621497,80.345364,14,46,cnn_train,0
MH-002_19.621227_80.340244,MH-002,19.621227,80.340244,15,27,cnn_train,0
MH-002_19.621227_80.340513,MH-002,19.621227,80.340513,15,28,cnn_train,0
MH-002_19.621227_80.340783,MH-002,19.621227,80.340783,15,29,cnn_train,0
MH-002_19.621227_80.341052,MH-002,19.621227,80.341052,15,30,cnn_train,0
MH-002_19.621227_80.341322,MH-002,19.621227,80.341322,15,31,cnn_train,1
MH-002_19.621227_80.341591,MH-002,19.621227,80.341591,15,32,cnn_train,1
MH-002_19.621227_80.34186,MH-002,19.621227,80.34186,15,33,cnn_train,1
MH-002_19.621227_80.34213,MH-002,19.621227,80.34213,15,34,cnn_train,0
MH-002_19.621227_80.342399,MH-002,19.621227,80.342399,15,35,cnn_train,0
MH-002_19.621227_80.342669,MH-002,19.621227,80.342669,15,36,cnn_train,0
MH-002_19.621227_80.342938,MH-002,19.621227,80.342938,15,37,cnn_train,0
MH-002_19.621227_80.343208,MH-002,19.621227,80.343208,15,38,cnn_train,0
MH-002_19.621227_80.343477,MH-002,19.621227,80.343477,15,39,cnn_train,0
MH-002_19.621227_80.343747,MH-002,19.621227,80.343747,15,40,cnn_train,1
MH-002_19.621227_80.344016,MH-002,19.621227,80.344016,15,41,cnn_train,0
MH-002_19.621227_80.344286,MH-002,19.621227,80.344286,15,42,cnn_train,0
MH-002_19.621227_80.344555,MH-002,19.621227,80.344555,15,43,cnn_train,0
MH-002_19.621227_80.344825,MH-002,19.621227,80.344825,15,44,cnn_train,0
MH-002_19.621227_80.345094,MH-002,19.621227,80.345094,15,45,cnn_train,0
MH-002_19.621227_80.345364,MH-002,19.621227,80.345364,15,46,cnn_train,0
MH-002_19.620958_80.340244,MH-002,19.620958,80.340244,16,27,cnn_train,0
MH-002_19.620958_80.340513,MH-002,19.620958,80.340513,16,28,cnn_train,0
MH-002_19.620958_80.340783,MH-002,19.620958,80.340783,16,29,cnn_train,0
MH-002_19.620958_80.341052,MH-002,19.620958,80.341052,16,30,cnn_train,0
MH-002_19.620958_80.341322,MH-002,19.620958,80.341322,16,31,cnn_train,0
MH-002_19.620958_80.341591,MH-002,19.620958,80.341591,16,32,cnn_train,1
MH-002_19.620958_80.34186,MH-002,19.620958,80.34186,16,33,cnn_train,1
MH-002_19.620958_80.34213,MH-002,19.620958,80.34213,16,34,cnn_train,1
MH-002_19.620958_80.342399,MH-002,19.620958,80.342399,16,35,cnn_train,1
MH-002_19.620958_80.342669,MH-002,19.620958,80.342669,16,36,cnn_train,0
MH-002_19.620958_80.342938,MH-002,19.620958,80.342938,16,37,cnn_train,0
MH-002_19.620958_80.343208,MH-002,19.620958,80.343208,16,38,cnn_train,0
MH-002_19.620958_80.343477,MH-002,19.620958,80.343477,16,39,cnn_train,0
MH-002_19.620958_80.343747,MH-002,19.620958,80.343747,16,40,cnn_train,1
MH-002_19.620958_80.344016,MH-002,19.620958,80.344016,16,41,cnn_train,0
MH-002_19.620958_80.344286,MH-002,19.620958,80.344286,16,42,cnn_train,0
MH-002_19.620958_80.344555,MH-002,19.620958,80.344555,16,43,cnn_train,0
MH-002_19.620958_80.344825,MH-002,19.620958,80.344825,16,44,cnn_train,0
MH-002_19.620958_80.345094,MH-002,19.620958,80.345094,16,45,cnn_train,0
MH-002_19.620958_80.345364,MH-002,19.620958,80.345364,16,46,cnn_train,0
MH-002_19.620958_80.345633,MH-002,19.620958,80.345633,16,47,cnn_train,0
MH-002_19.620688_80.340244,MH-002,19.620688,80.340244,17,27,cnn_train,0
MH-002_19.620688_80.340513,MH-002,19.620688,80.340513,17,28,cnn_train,0
MH-002_19.620688_80.340783,MH-002,19.620688,80.340783,17,29,cnn_train,0
MH-002_19.620688_80.341052,MH-002,19.620688,80.341052,17,30,cnn_train,0
MH-002_19.620688_80.341322,MH-002,19.620688,80.341322,17,31,cnn_train,1
MH-002_19.620688_80.341591,MH-002,19.620688,80.341591,17,32,cnn_train,0
MH-002_19.620688_80.34186,MH-002,19.620688,80.34186,17,33,cnn_train,1
MH-002_19.620688_80.34213,MH-002,19.620688,80.34213,17,34,cnn_train,1
MH-002_19.620688_80.342399,MH-002,19.620688,80.342399,17,35,cnn_train,1
MH-002_19.620688_80.342669,MH-002,19.620688,80.342669,17,36,cnn_train,0
MH-002_19.620688_80.344016,MH-002,19.620688,80.344016,17,41,cnn_train,0
MH-002_19.620688_80.344286,MH-002,19.620688,80.344286,17,42,cnn_train,0
MH-002_19.620688_80.344555,MH-002,19.620688,80.344555,17,43,cnn_train,0
MH-002_19.620688_80.344825,MH-002,19.620688,80.344825,17,44,cnn_train,0
MH-002_19.620688_80.345094,MH-002,19.620688,80.345094,17,45,cnn_train,0
MH-002_19.620688_80.345364,MH-002,19.620688,80.345364,17,46,cnn_train,0
MH-002_19.620688_80.345633,MH-002,19.620688,80.345633,17,47,cnn_train,0
MH-002_19.620688_80.345903,MH-002,19.620688,80.345903,17,48,cnn_train,0
MH-002_19.620419_80.340244,MH-002,19.620419,80.340244,18,27,cnn_train,0
MH-002_19.620419_80.340513,MH-002,19.620419,80.340513,18,28,cnn_train,0
MH-002_19.620419_80.340783,MH-002,19.620419,80.340783,18,29,cnn_train,0
MH-002_19.620419_80.341052,MH-002,19.620419,80.341052,18,30,cnn_train,0
MH-002_19.620419_80.341322,MH-002,19.620419,80.341322,18,31,cnn_train,0
MH-002_19.620419_80.341591,MH-002,19.620419,80.341591,18,32,cnn_train,0
MH-002_19.620419_80.34186,MH-002,19.620419,80.34186,18,33,cnn_train,0
MH-002_19.620419_80.34213,MH-002,19.620419,80.34213,18,34,cnn_train,0
MH-002_19.620419_80.342399,MH-002,19.620419,80.342399,18,35,cnn_train,0
MH-002_19.620419_80.343208,MH-002,19.620419,80.343208,18,38,cnn_train,0
MH-002_19.620419_80.343477,MH-002,19.620419,80.343477,18,39,cnn_train,0
MH-002_19.620419_80.344016,MH-002,19.620419,80.344016,18,41,cnn_train,0
MH-002_19.620419_80.344286,MH-002,19.620419,80.344286,18,42,cnn_train,0
MH-002_19.620419_80.344555,MH-002,19.620419,80.344555,18,43,cnn_train,0
MH-002_19.620419_80.344825,MH-002,19.620419,80.344825,18,44,cnn_train,0
MH-002_19.620419_80.345094,MH-002,19.620419,80.345094,18,45,cnn_train,0
MH-002_19.620419_80.345364,MH-002,19.620419,80.345364,18,46,cnn_train,0
MH-002_19.620419_80.345633,MH-002,19.620419,80.345633,18,47,cnn_train,0
MH-002_19.620419_80.345903,MH-002,19.620419,80.345903,18,48,cnn_train,0
MH-002_19.620149_80.340513,MH-002,19.620149,80.340513,19,28,cnn_train,1
MH-002_19.620149_80.340783,MH-002,19.620149,80.340783,19,29,cnn_train,0
MH-002_19.620149_80.341052,MH-002,19.620149,80.341052,19,30,cnn_train,0
MH-002_19.620149_80.341322,MH-002,19.620149,80.341322,19,31,cnn_train,0
MH-002_19.620149_80.341591,MH-002,19.620149,80.341591,19,32,cnn_train,0
MH-002_19.620149_80.34186,MH-002,19.620149,80.34186,19,33,cnn_train,0
MH-002_19.620149_80.34213,MH-002,19.620149,80.34213,19,34,cnn_train,0
MH-002_19.620149_80.342399,MH-002,19.620149,80.342399,19,35,cnn_train,0
MH-002_19.620149_80.342938,MH-002,19.620149,80.342938,19,37,cnn_train,0
MH-002_19.620149_80.343208,MH-002,19.620149,80.343208,19,38,cnn_train,0
MH-002_19.620149_80.343747,MH-002,19.620149,80.343747,19,40,cnn_train,0
MH-002_19.620149_80.344016,MH-002,19.620149,80.344016,19,41,cnn_train,0
MH-002_19.620149_80.344286,MH-002,19.620149,80.344286,19,42,cnn_train,0
MH-002_19.620149_80.344555,MH-002,19.620149,80.344555,19,43,cnn_train,0
MH-002_19.620149_80.344825,MH-002,19.620149,80.344825,19,44,cnn_train,0
MH-002_19.620149_80.345094,MH-002,19.620149,80.345094,19,45,cnn_train,0
MH-002_19.620149_80.345364,MH-002,19.620149,80.345364,19,46,cnn_train,0
MH-002_19.620149_80.345633,MH-002,19.620149,80.345633,19,47,cnn_train,0
MH-002_19.620149_80.345903,MH-002,19.620149,80.345903,19,48,cnn_train,0
MH-002_19.620149_80.346172,MH-002,19.620149,80.346172,19,49,cnn_train,0
MH-002_19.61988_80.340783,MH-002,19.61988,80.340783,20,29,cnn_train,0
MH-002_19.61988_80.341052,MH-002,19.61988,80.341052,20,30,cnn_train,0
MH-002_19.61988_80.341322,MH-002,19.61988,80.341322,20,31,cnn_train,0
MH-002_19.61988_80.341591,MH-002,19.61988,80.341591,20,32,cnn_train,1
MH-002_19.61988_80.34186,MH-002,19.61988,80.34186,20,33,cnn_train,0
MH-002_19.61988_80.34213,MH-002,19.61988,80.34213,20,34,cnn_train,0
MH-002_19.61988_80.342399,MH-002,19.61988,80.342399,20,35,cnn_train,0
MH-002_19.61988_80.343477,MH-002,19.61988,80.343477,20,39,cnn_train,0
MH-002_19.61988_80.343747,MH-002,19.61988,80.343747,20,40,cnn_train,0
MH-002_19.61988_80.344016,MH-002,19.61988,80.344016,20,41,cnn_train,0
MH-002_19.61988_80.344286,MH-002,19.61988,80.344286,20,42,cnn_train,0
MH-002_19.61988_80.344555,MH-002,19.61988,80.344555,20,43,cnn_train,0
MH-002_19.61988_80.344825,MH-002,19.61988,80.344825,20,44,cnn_train,0
MH-002_19.61988_80.345094,MH-002,19.61988,80.345094,20,45,cnn_train,0
MH-002_19.61988_80.345364,MH-002,19.61988,80.345364,20,46,cnn_train,0
MH-002_19.61988_80.345633,MH-002,19.61988,80.345633,20,47,cnn_train,0
MH-002_19.61988_80.345903,MH-002,19.61988,80.345903,20,48,cnn_train,0
MH-002_19.61988_80.346172,MH-002,19.61988,80.346172,20,49,cnn_train,0
MH-002_19.61988_80.346442,MH-002,19.61988,80.346442,20,50,cnn_train,0
MH-002_19.61961_80.340783,MH-002,19.61961,80.340783,21,29,cnn_train,0
MH-002_19.61961_80.341052,MH-002,19.61961,80.341052,21,30,cnn_train,0
MH-002_19.61961_80.341322,MH-002,19.61961,80.341322,21,31,cnn_train,0
MH-002_19.61961_80.341591,MH-002,19.61961,80.341591,21,32,cnn_train,0
MH-002_19.61961_80.34186,MH-002,19.61961,80.34186,21,33,cnn_train,0
MH-002_19.61961_80.34213,MH-002,19.61961,80.34213,21,34,cnn_train,0
MH-002_19.61961_80.342399,MH-002,19.61961,80.342399,21,35,cnn_train,0
MH-002_19.61961_80.342669,MH-002,19.61961,80.342669,21,36,cnn_train,0
MH-002_19.61961_80.342938,MH-002,19.61961,80.342938,21,37,cnn_train,0
MH-002_19.61961_80.343208,MH-002,19.61961,80.343208,21,38,cnn_train,0
MH-002_19.61961_80.343477,MH-002,19.61961,80.343477,21,39,cnn_train,0
MH-002_19.61961_80.343747,MH-002,19.61961,80.343747,21,40,cnn_train,0
MH-002_19.61961_80.344016,MH-002,19.61961,80.344016,21,41,cnn_train,0
MH-002_19.61961_80.344286,MH-002,19.61961,80.344286,21,42,cnn_train,0
MH-002_19.61961_80.344555,MH-002,19.61961,80.344555,21,43,cnn_train,0
MH-002_19.61961_80.344825,MH-002,19.61961,80.344825,21,44,cnn_train,0
MH-002_19.61961_80.345094,MH-002,19.61961,80.345094,21,45,cnn_train,0
MH-002_19.61961_80.345364,MH-002,19.61961,80.345364,21,46,cnn_train,0
MH-002_19.61961_80.345633,MH-002,19.61961,80.345633,21,47,cnn_train,0
MH-002_19.61961_80.345903,MH-002,19.61961,80.345903,21,48,cnn_train,0
MH-002_19.61961_80.346172,MH-002,19.61961,80.346172,21,49,cnn_train,0
MH-002_19.61961_80.346442,MH-002,19.61961,80.346442,21,50,cnn_train,0
MH-002_19.619341_80.341322,MH-002,19.619341,80.341322,22,31,cnn_train,0
MH-002_19.619341_80.341591,MH-002,19.619341,80.341591,22,32,cnn_train,0
MH-002_19.619341_80.34186,MH-002,19.619341,80.34186,22,33,cnn_train,0
MH-002_19.619341_80.34213,MH-002,19.619341,80.34213,22,34,cnn_train,0
MH-002_19.619341_80.342399,MH-002,19.619341,80.342399,22,35,cnn_train,0
MH-002_19.619341_80.342669,MH-002,19.619341,80.342669,22,36,cnn_train,0
MH-002_19.619341_80.342938,MH-002,19.619341,80.342938,22,37,cnn_train,0
MH-002_19.619341_80.343208,MH-002,19.619341,80.343208,22,38,cnn_train,0
MH-002_19.619341_80.343477,MH-002,19.619341,80.343477,22,39,cnn_train,0
MH-002_19.619341_80.343747,MH-002,19.619341,80.343747,22,40,cnn_train,0
MH-002_19.619341_80.344016,MH-002,19.619341,80.344016,22,41,cnn_train,0
MH-002_19.619341_80.344286,MH-002,19.619341,80.344286,22,42,cnn_train,0
MH-002_19.619341_80.344555,MH-002,19.619341,80.344555,22,43,cnn_train,0
MH-002_19.619341_80.344825,MH-002,19.619341,80.344825,22,44,cnn_train,0
MH-002_19.619341_80.345094,MH-002,19.619341,80.345094,22,45,cnn_train,0
MH-002_19.619341_80.345364,MH-002,19.619341,80.345364,22,46,cnn_train,0
MH-002_19.619341_80.345633,MH-002,19.619341,80.345633,22,47,cnn_train,0
MH-002_19.619341_80.345903,MH-002,19.619341,80.345903,22,48,cnn_train,0
MH-002_19.619341_80.346172,MH-002,19.619341,80.346172,22,49,cnn_train,0
MH-002_19.619341_80.346442,MH-002,19.619341,80.346442,22,50,cnn_train,0
MH-002_19.619341_80.346711,MH-002,19.619341,80.346711,22,51,cnn_train,0
MH-002_19.619071_80.341591,MH-002,19.619071,80.341591,23,32,cnn_train,0
MH-002_19.619071_80.34186,MH-002,19.619071,80.34186,23,33,cnn_train,0
MH-002_19.619071_80.34213,MH-002,19.619071,80.34213,23,34,cnn_train,0
MH-002_19.619071_80.342399,MH-002,19.619071,80.342399,23,35,cnn_train,0
MH-002_19.619071_80.342669,MH-002,19.619071,80.342669,23,36,cnn_train,0
MH-002_19.619071_80.342938,MH-002,19.619071,80.342938,23,37,cnn_train,0
MH-002_19.619071_80.343208,MH-002,19.619071,80.343208,23,38,cnn_train,0
MH-002_19.619071_80.343477,MH-002,19.619071,80.343477,23,39,cnn_train,0
MH-002_19.619071_80.343747,MH-002,19.619071,80.343747,23,40,cnn_train,0
MH-002_19.619071_80.344016,MH-002,19.619071,80.344016,23,41,cnn_train,0
MH-002_19.619071_80.344286,MH-002,19.619071,80.344286,23,42,cnn_train,0
MH-002_19.619071_80.344555,MH-002,19.619071,80.344555,23,43,cnn_train,0
MH-002_19.619071_80.344825,MH-002,19.619071,80.344825,23,44,cnn_train,0
MH-002_19.619071_80.345094,MH-002,19.619071,80.345094,23,45,cnn_train,0
MH-002_19.619071_80.345364,MH-002,19.619071,80.345364,23,46,cnn_train,0
MH-002_19.619071_80.345633,MH-002,19.619071,80.345633,23,47,cnn_train,0
MH-002_19.619071_80.345903,MH-002,19.619071,80.345903,23,48,cnn_train,0
MH-002_19.619071_80.346172,MH-002,19.619071,80.346172,23,49,cnn_train,0
MH-002_19.619071_80.346442,MH-002,19.619071,80.346442,23,50,cnn_train,0
MH-002_19.619071_80.346711,MH-002,19.619071,80.346711,23,51,cnn_train,0
MH-002_19.619071_80.346981,MH-002,19.619071,80.346981,23,52,cnn_train,0
MH-002_19.618802_80.341322,MH-002,19.618802,80.341322,24,31,cnn_train,0
MH-002_19.618802_80.34213,MH-002,19.618802,80.34213,24,34,cnn_train,0
MH-002_19.618802_80.342399,MH-002,19.618802,80.342399,24,35,cnn_train,0
MH-002_19.618802_80.342669,MH-002,19.618802,80.342669,24,36,cnn_train,0
MH-002_19.618802_80.342938,MH-002,19.618802,80.342938,24,37,cnn_train,0
MH-002_19.618802_80.343208,MH-002,19.618802,80.343208,24,38,cnn_train,0
MH-002_19.618802_80.343477,MH-002,19.618802,80.343477,24,39,cnn_train,0
MH-002_19.618802_80.343747,MH-002,19.618802,80.343747,24,40,cnn_train,0
MH-002_19.618802_80.344016,MH-002,19.618802,80.344016,24,41,cnn_train,0
MH-002_19.618802_80.344286,MH-002,19.618802,80.344286,24,42,cnn_train,0
MH-002_19.618802_80.344555,MH-002,19.618802,80.344555,24,43,cnn_train,0
MH-002_19.618802_80.344825,MH-002,19.618802,80.344825,24,44,cnn_train,0
MH-002_19.618802_80.345094,MH-002,19.618802,80.345094,24,45,cnn_train,0
MH-002_19.618802_80.345364,MH-002,19.618802,80.345364,24,46,cnn_train,0
MH-002_19.618802_80.345633,MH-002,19.618802,80.345633,24,47,cnn_train,0
MH-002_19.618802_80.345903,MH-002,19.618802,80.345903,24,48,cnn_train,0
MH-002_19.618802_80.346172,MH-002,19.618802,80.346172,24,49,cnn_train,0
MH-002_19.618802_80.346442,MH-002,19.618802,80.346442,24,50,cnn_train,0
MH-002_19.618802_80.346711,MH-002,19.618802,80.346711,24,51,cnn_train,0
MH-002_19.618802_80.346981,MH-002,19.618802,80.346981,24,52,cnn_train,0
MH-002_19.618532_80.342399,MH-002,19.618532,80.342399,25,35,cnn_train,0
MH-002_19.618532_80.342669,MH-002,19.618532,80.342669,25,36,cnn_train,0
MH-002_19.618532_80.342938,MH-002,19.618532,80.342938,25,37,cnn_train,0
MH-002_19.618532_80.343208,MH-002,19.618532,80.343208,25,38,cnn_train,0
MH-002_19.618532_80.343477,MH-002,19.618532,80.343477,25,39,cnn_train,0
MH-002_19.618532_80.343747,MH-002,19.618532,80.343747,25,40,cnn_train,0
MH-002_19.618532_80.344016,MH-002,19.618532,80.344016,25,41,cnn_train,0
MH-002_19.618532_80.344286,MH-002,19.618532,80.344286,25,42,cnn_train,0
MH-002_19.618532_80.344555,MH-002,19.618532,80.344555,25,43,cnn_train,0
MH-002_19.618532_80.344825,MH-002,19.618532,80.344825,25,44,cnn_train,0
MH-002_19.618532_80.345094,MH-002,19.618532,80.345094,25,45,cnn_train,0
MH-002_19.618532_80.345364,MH-002,19.618532,80.345364,25,46,cnn_train,0
MH-002_19.618532_80.345633,MH-002,19.618532,80.345633,25,47,cnn_train,0
MH-002_19.618532_80.345903,MH-002,19.618532,80.345903,25,48,cnn_train,0
MH-002_19.618532_80.346172,MH-002,19.618532,80.346172,25,49,cnn_train,0
MH-002_19.618532_80.346442,MH-002,19.618532,80.346442,25,50,cnn_train,0
MH-002_19.618532_80.346711,MH-002,19.618532,80.346711,25,51,cnn_train,0
MH-002_19.618532_80.346981,MH-002,19.618532,80.346981,25,52,cnn_train,0
MH-002_19.618532_80.34725,MH-002,19.618532,80.34725,25,53,cnn_train,0
MH-002_19.618263_80.34186,MH-002,19.618263,80.34186,26,33,cnn_train,0
MH-002_19.618263_80.342399,MH-002,19.618263,80.342399,26,35,cnn_train,0
MH-002_19.618263_80.342669,MH-002,19.618263,80.342669,26,36,cnn_train,0
MH-002_19.618263_80.342938,MH-002,19.618263,80.342938,26,37,cnn_train,0
MH-002_19.618263_80.343208,MH-002,19.618263,80.343208,26,38,cnn_train,0
MH-002_19.618263_80.343477,MH-002,19.618263,80.343477,26,39,cnn_train,0
MH-002_19.618263_80.343747,MH-002,19.618263,80.343747,26,40,cnn_train,0
MH-002_19.618263_80.344016,MH-002,19.618263,80.344016,26,41,cnn_train,0
MH-002_19.618263_80.344286,MH-002,19.618263,80.344286,26,42,cnn_train,0
MH-002_19.618263_80.344555,MH-002,19.618263,80.344555,26,43,cnn_train,0
MH-002_19.618263_80.344825,MH-002,19.618263,80.344825,26,44,cnn_train,0
MH-002_19.618263_80.345094,MH-002,19.618263,80.345094,26,45,cnn_train,0
MH-002_19.618263_80.345364,MH-002,19.618263,80.345364,26,46,cnn_train,0
MH-002_19.618263_80.345633,MH-002,19.618263,80.345633,26,47,cnn_train,0
MH-002_19.618263_80.345903,MH-002,19.618263,80.345903,26,48,cnn_train,0
MH-002_19.618263_80.346172,MH-002,19.618263,80.346172,26,49,cnn_train,0
MH-002_19.618263_80.346442,MH-002,19.618263,80.346442,26,50,cnn_train,0
MH-002_19.618263_80.346711,MH-002,19.618263,80.346711,26,51,cnn_train,0
MH-002_19.618263_80.346981,MH-002,19.618263,80.346981,26,52,cnn_train,0
MH-002_19.618263_80.34725,MH-002,19.618263,80.34725,26,53,cnn_train,0
MH-002_19.618263_80.34752,MH-002,19.618263,80.34752,26,54,cnn_train,0
MH-002_19.617993_80.342399,MH-002,19.617993,80.342399,27,35,cnn_train,0
MH-002_19.617993_80.342669,MH-002,19.617993,80.342669,27,36,cnn_train,0
MH-002_19.617993_80.342938,MH-002,19.617993,80.342938,27,37,cnn_train,0
MH-002_19.617993_80.343208,MH-002,19.617993,80.343208,27,38,cnn_train,0
MH-002_19.617993_80.343477,MH-002,19.617993,80.343477,27,39,cnn_train,0
MH-002_19.617993_80.343747,MH-002,19.617993,80.343747,27,40,cnn_train,0
MH-002_19.617993_80.344016,MH-002,19.617993,80.344016,27,41,cnn_train,0
MH-002_19.617993_80.344286,MH-002,19.617993,80.344286,27,42,cnn_train,0
MH-002_19.617993_80.344555,MH-002,19.617993,80.344555,27,43,cnn_train,0
MH-002_19.617993_80.344825,MH-002,19.617993,80.344825,27,44,cnn_train,0
MH-002_19.617993_80.345094,MH-002,19.617993,80.345094,27,45,cnn_train,0
MH-002_19.617993_80.345364,MH-002,19.617993,80.345364,27,46,cnn_train,0
MH-002_19.617993_80.345633,MH-002,19.617993,80.345633,27,47,cnn_train,0
MH-002_19.617993_80.345903,MH-002,19.617993,80.345903,27,48,cnn_train,0
MH-002_19.617993_80.346172,MH-002,19.617993,80.346172,27,49,cnn_train,0
MH-002_19.617993_80.346442,MH-002,19.617993,80.346442,27,50,cnn_train,0
MH-002_19.617993_80.346711,MH-002,19.617993,80.346711,27,51,cnn_train,0
MH-002_19.617993_80.346981,MH-002,19.617993,80.346981,27,52,cnn_train,1
MH-002_19.617993_80.34725,MH-002,19.617993,80.34725,27,53,cnn_train,0
MH-002_19.617993_80.34752,MH-002,19.617993,80.34752,27,54,cnn_train,0
MH-002_19.617724_80.342399,MH-002,19.617724,80.342399,28,35,cnn_train,0
MH-002_19.617724_80.342669,MH-002,19.617724,80.342669,28,36,cnn_train,0
MH-002_19.617724_80.342938,MH-002,19.617724,80.342938,28,37,cnn_train,0
MH-002_19.617724_80.343208,MH-002,19.617724,80.343208,28,38,cnn_train,0
MH-002_19.617724_80.343477,MH-002,19.617724,80.343477,28,39,cnn_train,0
MH-002_19.617724_80.343747,MH-002,19.617724,80.343747,28,40,cnn_train,1
MH-002_19.617724_80.344016,MH-002,19.617724,80.344016,28,41,cnn_train,0
MH-002_19.617724_80.344286,MH-002,19.617724,80.344286,28,42,cnn_train,0
MH-002_19.617724_80.344555,MH-002,19.617724,80.344555,28,43,cnn_train,0
MH-002_19.617724_80.344825,MH-002,19.617724,80.344825,28,44,cnn_train,0
MH-002_19.617724_80.345094,MH-002,19.617724,80.345094,28,45,cnn_train,0
MH-002_19.617724_80.345364,MH-002,19.617724,80.345364,28,46,cnn_train,0
MH-002_19.617724_80.345633,MH-002,19.617724,80.345633,28,47,cnn_train,0
MH-002_19.617724_80.345903,MH-002,19.617724,80.345903,28,48,cnn_train,0
MH-002_19.617724_80.346172,MH-002,19.617724,80.346172,28,49,cnn_train,0
MH-002_19.617724_80.346442,MH-002,19.617724,80.346442,28,50,cnn_train,0
MH-002_19.617724_80.346711,MH-002,19.617724,80.346711,28,51,cnn_train,0
MH-002_19.617724_80.346981,MH-002,19.617724,80.346981,28,52,cnn_train,0
MH-002_19.617724_80.34725,MH-002,19.617724,80.34725,28,53,cnn_train,0
MH-002_19.617724_80.34752,MH-002,19.617724,80.34752,28,54,cnn_train,0
MH-002_19.617724_80.347789,MH-002,19.617724,80.347789,28,55,cnn_train,0
MH-002_19.617454_80.342399,MH-002,19.617454,80.342399,29,35,cnn_train,0
MH-002_19.617454_80.342669,MH-002,19.617454,80.342669,29,36,cnn_train,0
MH-002_19.617454_80.342938,MH-002,19.617454,80.342938,29,37,cnn_train,0
MH-002_19.617454_80.343208,MH-002,19.617454,80.343208,29,38,cnn_train,1
MH-002_19.617454_80.343477,MH-002,19.617454,80.343477,29,39,cnn_train,1
MH-002_19.617454_80.343747,MH-002,19.617454,80.343747,29,40,cnn_train,1
MH-002_19.617454_80.344016,MH-002,19.617454,80.344016,29,41,cnn_train,0
MH-002_19.617454_80.344286,MH-002,19.617454,80.344286,29,42,cnn_train,0
MH-002_19.617454_80.344555,MH-002,19.617454,80.344555,29,43,cnn_train,0
MH-002_19.617454_80.344825,MH-002,19.617454,80.344825,29,44,cnn_train,0
MH-002_19.617454_80.345094,MH-002,19.617454,80.345094,29,45,cnn_train,0
MH-002_19.617454_80.345364,MH-002,19.617454,80.345364,29,46,cnn_train,0
MH-002_19.617454_80.345633,MH-002,19.617454,80.345633,29,47,cnn_train,0
MH-002_19.617454_80.345903,MH-002,19.617454,80.345903,29,48,cnn_train,0
MH-002_19.617454_80.346172,MH-002,19.617454,80.346172,29,49,cnn_train,0
MH-002_19.617454_80.346442,MH-002,19.617454,80.346442,29,50,cnn_train,0
MH-002_19.617454_80.346711,MH-002,19.617454,80.346711,29,51,cnn_train,0
MH-002_19.617454_80.346981,MH-002,19.617454,80.346981,29,52,cnn_train,0
MH-002_19.617454_80.34725,MH-002,19.617454,80.34725,29,53,cnn_train,0
MH-002_19.617454_80.34752,MH-002,19.617454,80.34752,29,54,cnn_train,0
MH-002_19.617454_80.347789,MH-002,19.617454,80.347789,29,55,cnn_train,0
MH-002_19.617454_80.348059,MH-002,19.617454,80.348059,29,56,cnn_train,0
MH-002_19.617185_80.342669,MH-002,19.617185,80.342669,30,36,cnn_train,1
MH-002_19.617185_80.342938,MH-002,19.617185,80.342938,30,37,cnn_train,1
MH-002_19.617185_80.343208,MH-002,19.617185,80.343208,30,38,cnn_train,0
MH-002_19.617185_80.343477,MH-002,19.617185,80.343477,30,39,cnn_train,0
MH-002_19.617185_80.343747,MH-002,19.617185,80.343747,30,40,cnn_train,1
MH-002_19.617185_80.344016,MH-002,19.617185,80.344016,30,41,cnn_train,1
MH-002_19.617185_80.344286,MH-002,19.617185,80.344286,30,42,cnn_train,0
MH-002_19.617185_80.344555,MH-002,19.617185,80.344555,30,43,cnn_train,0
MH-002_19.617185_80.344825,MH-002,19.617185,80.344825,30,44,cnn_train,0
MH-002_19.617185_80.345094,MH-002,19.617185,80.345094,30,45,cnn_train,0
MH-002_19.617185_80.345364,MH-002,19.617185,80.345364,30,46,cnn_train,0
MH-002_19.617185_80.345633,MH-002,19.617185,80.345633,30,47,cnn_train,0
MH-002_19.617185_80.345903,MH-002,19.617185,80.345903,30,48,cnn_train,0
MH-002_19.617185_80.346172,MH-002,19.617185,80.346172,30,49,cnn_train,0
MH-002_19.617185_80.346442,MH-002,19.617185,80.346442,30,50,cnn_train,0
MH-002_19.617185_80.346711,MH-002,19.617185,80.346711,30,51,cnn_train,0
MH-002_19.617185_80.346981,MH-002,19.617185,80.346981,30,52,cnn_train,0
MH-002_19.617185_80.34725,MH-002,19.617185,80.34725,30,53,cnn_train,0
MH-002_19.617185_80.34752,MH-002,19.617185,80.34752,30,54,cnn_train,0
MH-002_19.617185_80.347789,MH-002,19.617185,80.347789,30,55,cnn_train,0
MH-002_19.617185_80.348059,MH-002,19.617185,80.348059,30,56,cnn_train,0
MH-002_19.616915_80.342669,MH-002,19.616915,80.342669,31,36,cnn_train,0
MH-002_19.616915_80.342938,MH-002,19.616915,80.342938,31,37,cnn_train,0
MH-002_19.616915_80.343208,MH-002,19.616915,80.343208,31,38,cnn_train,1
MH-002_19.616915_80.343477,MH-002,19.616915,80.343477,31,39,cnn_train,0
MH-002_19.616915_80.343747,MH-002,19.616915,80.343747,31,40,cnn_train,1
MH-002_19.616915_80.344286,MH-002,19.616915,80.344286,31,42,cnn_train,0
MH-002_19.616915_80.344555,MH-002,19.616915,80.344555,31,43,cnn_train,0
MH-002_19.616915_80.344825,MH-002,19.616915,80.344825,31,44,cnn_train,0
MH-002_19.616915_80.345094,MH-002,19.616915,80.345094,31,45,cnn_train,0
MH-002_19.616915_80.345364,MH-002,19.616915,80.345364,31,46,cnn_train,0
MH-002_19.616915_80.345633,MH-002,19.616915,80.345633,31,47,cnn_train,0
MH-002_19.616915_80.345903,MH-002,19.616915,80.345903,31,48,cnn_train,0
MH-002_19.616915_80.346172,MH-002,19.616915,80.346172,31,49,cnn_train,0
MH-002_19.616915_80.346442,MH-002,19.616915,80.346442,31,50,cnn_train,0
MH-002_19.616915_80.346711,MH-002,19.616915,80.346711,31,51,cnn_train,0
MH-002_19.616915_80.346981,MH-002,19.616915,80.346981,31,52,cnn_train,0
MH-002_19.616915_80.34725,MH-002,19.616915,80.34725,31,53,cnn_train,0
MH-002_19.616915_80.34752,MH-002,19.616915,80.34752,31,54,cnn_train,0
MH-002_19.616915_80.347789,MH-002,19.616915,80.347789,31,55,cnn_train,0
MH-002_19.616915_80.348059,MH-002,19.616915,80.348059,31,56,cnn_train,0
MH-002_19.616915_80.348328,MH-002,19.616915,80.348328,31,57,cnn_train,0
MH-002_19.616646_80.335393,MH-002,19.616646,80.335393,32,9,cnn_train,0
MH-002_19.616646_80.335662,MH-002,19.616646,80.335662,32,10,cnn_train,0
MH-002_19.616646_80.342938,MH-002,19.616646,80.342938,32,37,cnn_train,0
MH-002_19.616646_80.343208,MH-002,19.616646,80.343208,32,38,cnn_train,1
MH-002_19.616646_80.343477,MH-002,19.616646,80.343477,32,39,cnn_train,1
MH-002_19.616646_80.343747,MH-002,19.616646,80.343747,32,40,cnn_train,0
MH-002_19.616646_80.344016,MH-002,19.616646,80.344016,32,41,cnn_train,0
MH-002_19.616646_80.344286,MH-002,19.616646,80.344286,32,42,cnn_train,0
MH-002_19.616646_80.344555,MH-002,19.616646,80.344555,32,43,cnn_train,0
MH-002_19.616646_80.344825,MH-002,19.616646,80.344825,32,44,cnn_train,0
MH-002_19.616646_80.345094,MH-002,19.616646,80.345094,32,45,cnn_train,0
MH-002_19.616646_80.345364,MH-002,19.616646,80.345364,32,46,cnn_train,0
MH-002_19.616646_80.345633,MH-002,19.616646,80.345633,32,47,cnn_train,0
MH-002_19.616646_80.345903,MH-002,19.616646,80.345903,32,48,cnn_train,0
MH-002_19.616646_80.346172,MH-002,19.616646,80.346172,32,49,cnn_train,0
MH-002_19.616646_80.346442,MH-002,19.616646,80.346442,32,50,cnn_train,0
MH-002_19.616646_80.346711,MH-002,19.616646,80.346711,32,51,cnn_train,0
MH-002_19.616646_80.346981,MH-002,19.616646,80.346981,32,52,cnn_train,0
MH-002_19.616646_80.34725,MH-002,19.616646,80.34725,32,53,cnn_train,0
MH-002_19.616646_80.34752,MH-002,19.616646,80.34752,32,54,cnn_train,0
MH-002_19.616646_80.347789,MH-002,19.616646,80.347789,32,55,cnn_train,0
MH-002_19.616646_80.348059,MH-002,19.616646,80.348059,32,56,cnn_train,0
MH-002_19.616646_80.348328,MH-002,19.616646,80.348328,32,57,cnn_train,0
MH-002_19.616646_80.348598,MH-002,19.616646,80.348598,32,58,cnn_train,0
MH-002_19.616376_80.335662,MH-002,19.616376,80.335662,33,10,cnn_train,0
MH-002_19.616376_80.343208,MH-002,19.616376,80.343208,33,38,cnn_train,0
MH-002_19.616376_80.343477,MH-002,19.616376,80.343477,33,39,cnn_train,0
MH-002_19.616376_80.343747,MH-002,19.616376,80.343747,33,40,cnn_train,0
MH-002_19.616376_80.344016,MH-002,19.616376,80.344016,33,41,cnn_train,0
MH-002_19.616376_80.344286,MH-002,19.616376,80.344286,33,42,cnn_train,0
MH-002_19.616376_80.344555,MH-002,19.616376,80.344555,33,43,cnn_train,0
MH-002_19.616376_80.344825,MH-002,19.616376,80.344825,33,44,cnn_train,0
MH-002_19.616376_80.345094,MH-002,19.616376,80.345094,33,45,cnn_train,0
MH-002_19.616376_80.345364,MH-002,19.616376,80.345364,33,46,cnn_train,0
MH-002_19.616376_80.345633,MH-002,19.616376,80.345633,33,47,cnn_train,0
MH-002_19.616376_80.345903,MH-002,19.616376,80.345903,33,48,cnn_train,0
MH-002_19.616376_80.346172,MH-002,19.616376,80.346172,33,49,cnn_train,0
MH-002_19.616376_80.346442,MH-002,19.616376,80.346442,33,50,cnn_train,0
MH-002_19.616376_80.346711,MH-002,19.616376,80.346711,33,51,cnn_train,0
MH-002_19.616376_80.346981,MH-002,19.616376,80.346981,33,52,cnn_train,0
MH-002_19.616376_80.34725,MH-002,19.616376,80.34725,33,53,cnn_train,0
MH-002_19.616376_80.34752,MH-002,19.616376,80.34752,33,54,cnn_train,0
MH-002_19.616376_80.347789,MH-002,19.616376,80.347789,33,55,cnn_train,0
MH-002_19.616376_80.348059,MH-002,19.616376,80.348059,33,56,cnn_train,0
MH-002_19.616376_80.348328,MH-002,19.616376,80.348328,33,57,cnn_train,0
MH-002_19.616376_80.348598,MH-002,19.616376,80.348598,33,58,cnn_train,0
MH-002_19.616107_80.335932,MH-002,19.616107,80.335932,34,11,cnn_train,0
MH-002_19.616107_80.336201,MH-002,19.616107,80.336201,34,12,cnn_train,0
MH-002_19.616107_80.343208,MH-002,19.616107,80.343208,34,38,cnn_train,0
MH-002_19.616107_80.343477,MH-002,19.616107,80.343477,34,39,cnn_train,0
MH-002_19.616107_80.343747,MH-002,19.616107,80.343747,34,40,cnn_train,0
MH-002_19.616107_80.344016,MH-002,19.616107,80.344016,34,41,cnn_train,0
MH-002_19.616107_80.344286,MH-002,19.616107,80.344286,34,42,cnn_train,0
MH-002_19.616107_80.344555,MH-002,19.616107,80.344555,34,43,cnn_train,0
MH-002_19.616107_80.344825,MH-002,19.616107,80.344825,34,44,cnn_train,0
MH-002_19.616107_80.345094,MH-002,19.616107,80.345094,34,45,cnn_train,0
MH-002_19.616107_80.345364,MH-002,19.616107,80.345364,34,46,cnn_train,0
MH-002_19.616107_80.345633,MH-002,19.616107,80.345633,34,47,cnn_train,1
MH-002_19.616107_80.345903,MH-002,19.616107,80.345903,34,48,cnn_train,1
MH-002_19.616107_80.346172,MH-002,19.616107,80.346172,34,49,cnn_train,0
MH-002_19.616107_80.346442,MH-002,19.616107,80.346442,34,50,cnn_train,0
MH-002_19.616107_80.346711,MH-002,19.616107,80.346711,34,51,cnn_train,0
MH-002_19.616107_80.346981,MH-002,19.616107,80.346981,34,52,cnn_train,0
MH-002_19.616107_80.34725,MH-002,19.616107,80.34725,34,53,cnn_train,0
MH-002_19.616107_80.34752,MH-002,19.616107,80.34752,34,54,cnn_train,0
MH-002_19.616107_80.347789,MH-002,19.616107,80.347789,34,55,cnn_train,0
MH-002_19.616107_80.348059,MH-002,19.616107,80.348059,34,56,cnn_train,0
MH-002_19.616107_80.348328,MH-002,19.616107,80.348328,34,57,cnn_train,0
MH-002_19.616107_80.348598,MH-002,19.616107,80.348598,34,58,cnn_train,0
MH-002_19.616107_80.348867,MH-002,19.616107,80.348867,34,59,cnn_train,0
MH-002_19.615837_80.334854,MH-002,19.615837,80.334854,35,7,cnn_train,0
MH-002_19.615837_80.336201,MH-002,19.615837,80.336201,35,12,cnn_train,0
MH-002_19.615837_80.336471,MH-002,19.615837,80.336471,35,13,cnn_train,0
MH-002_19.615837_80.343477,MH-002,19.615837,80.343477,35,39,cnn_train,0
MH-002_19.615837_80.343747,MH-002,19.615837,80.343747,35,40,cnn_train,0
MH-002_19.615837_80.344016,MH-002,19.615837,80.344016,35,41,cnn_train,1
MH-002_19.615837_80.344286,MH-002,19.615837,80.344286,35,42,cnn_train,0
MH-002_19.615837_80.344555,MH-002,19.615837,80.344555,35,43,cnn_train,0
MH-002_19.615837_80.344825,MH-002,19.615837,80.344825,35,44,cnn_train,0
MH-002_19.615837_80.345094,MH-002,19.615837,80.345094,35,45,cnn_train,0
MH-002_19.615837_80.345364,MH-002,19.615837,80.345364,35,46,cnn_train,0
MH-002_19.615837_80.345633,MH-002,19.615837,80.345633,35,47,cnn_train,1
MH-002_19.615837_80.345903,MH-002,19.615837,80.345903,35,48,cnn_train,0
MH-002_19.615837_80.346172,MH-002,19.615837,80.346172,35,49,cnn_train,0
MH-002_19.615837_80.346442,MH-002,19.615837,80.346442,35,50,cnn_train,0
MH-002_19.615837_80.346711,MH-002,19.615837,80.346711,35,51,cnn_train,0
MH-002_19.615837_80.346981,MH-002,19.615837,80.346981,35,52,cnn_train,0
MH-002_19.615837_80.34725,MH-002,19.615837,80.34725,35,53,cnn_train,0
MH-002_19.615837_80.34752,MH-002,19.615837,80.34752,35,54,cnn_train,0
MH-002_19.615837_80.347789,MH-002,19.615837,80.347789,35,55,cnn_train,0
MH-002_19.615837_80.348059,MH-002,19.615837,80.348059,35,56,cnn_train,0
MH-002_19.615837_80.348328,MH-002,19.615837,80.348328,35,57,cnn_train,1
MH-002_19.615837_80.348598,MH-002,19.615837,80.348598,35,58,cnn_train,0
MH-002_19.615837_80.348867,MH-002,19.615837,80.348867,35,59,cnn_train,0
MH-002_19.615837_80.349137,MH-002,19.615837,80.349137,35,60,cnn_train,0
MH-002_19.615568_80.334854,MH-002,19.615568,80.334854,36,7,cnn_train,0
MH-002_19.615568_80.335662,MH-002,19.615568,80.335662,36,10,cnn_train,0
MH-002_19.615568_80.335932,MH-002,19.615568,80.335932,36,11,cnn_train,0
MH-002_19.615568_80.336201,MH-002,19.615568,80.336201,36,12,cnn_train,0
MH-002_19.615568_80.336471,MH-002,19.615568,80.336471,36,13,cnn_train,0
MH-002_19.615568_80.343747,MH-002,19.615568,80.343747,36,40,cnn_train,1
MH-002_19.615568_80.344016,MH-002,19.615568,80.344016,36,41,cnn_train,0
MH-002_19.615568_80.344286,MH-002,19.615568,80.344286,36,42,cnn_train,0
MH-002_19.615568_80.344555,MH-002,19.615568,80.344555,36,43,cnn_train,0
MH-002_19.615568_80.344825,MH-002,19.615568,80.344825,36,44,cnn_train,0
MH-002_19.615568_80.345094,MH-002,19.615568,80.345094,36,45,cnn_train,0
MH-002_19.615568_80.345364,MH-002,19.615568,80.345364,36,46,cnn_train,0
MH-002_19.615568_80.345633,MH-002,19.615568,80.345633,36,47,cnn_train,1
MH-002_19.615568_80.345903,MH-002,19.615568,80.345903,36,48,cnn_train,1
MH-002_19.615568_80.346172,MH-002,19.615568,80.346172,36,49,cnn_train,0
MH-002_19.615568_80.346442,MH-002,19.615568,80.346442,36,50,cnn_train,0
MH-002_19.615568_80.346711,MH-002,19.615568,80.346711,36,51,cnn_train,0
MH-002_19.615568_80.346981,MH-002,19.615568,80.346981,36,52,cnn_train,0
MH-002_19.615568_80.34725,MH-002,19.615568,80.34725,36,53,cnn_train,0
MH-002_19.615568_80.34752,MH-002,19.615568,80.34752,36,54,cnn_train,0
MH-002_19.615568_80.347789,MH-002,19.615568,80.347789,36,55,cnn_train,0
MH-002_19.615568_80.348059,MH-002,19.615568,80.348059,36,56,cnn_train,0
MH-002_19.615568_80.348328,MH-002,19.615568,80.348328,36,57,cnn_train,0
MH-002_19.615568_80.348598,MH-002,19.615568,80.348598,36,58,cnn_train,0
MH-002_19.615568_80.348867,MH-002,19.615568,80.348867,36,59,cnn_train,0
MH-002_19.615568_80.349137,MH-002,19.615568,80.349137,36,60,cnn_train,0
MH-002_19.615298_80.335662,MH-002,19.615298,80.335662,37,10,cnn_train,0
MH-002_19.615298_80.335932,MH-002,19.615298,80.335932,37,11,cnn_train,0
MH-002_19.615298_80.336201,MH-002,19.615298,80.336201,37,12,cnn_train,0
MH-002_19.615298_80.336471,MH-002,19.615298,80.336471,37,13,cnn_train,0
MH-002_19.615298_80.33674,MH-002,19.615298,80.33674,37,14,cnn_train,0
MH-002_19.615298_80.33701,MH-002,19.615298,80.33701,37,15,cnn_train,0
MH-002_19.615298_80.343747,MH-002,19.615298,80.343747,37,40,cnn_train,0
MH-002_19.615298_80.344016,MH-002,19.615298,80.344016,37,41,cnn_train,0
MH-002_19.615298_80.344286,MH-002,19.615298,80.344286,37,42,cnn_train,0
MH-002_19.615298_80.344555,MH-002,19.615298,80.344555,37,43,cnn_train,0
MH-002_19.615298_80.344825,MH-002,19.615298,80.344825,37,44,cnn_train,0
MH-002_19.615298_80.345094,MH-002,19.615298,80.345094,37,45,cnn_train,0
MH-002_19.615298_80.345364,MH-002,19.615298,80.345364,37,46,cnn_train,0
MH-002_19.615298_80.345633,MH-002,19.615298,80.345633,37,47,cnn_train,0
MH-002_19.615298_80.345903,MH-002,19.615298,80.345903,37,48,cnn_train,0
MH-002_19.615298_80.346172,MH-002,19.615298,80.346172,37,49,cnn_train,0
MH-002_19.615298_80.346442,MH-002,19.615298,80.346442,37,50,cnn_train,0
MH-002_19.615298_80.346711,MH-002,19.615298,80.346711,37,51,cnn_train,0
MH-002_19.615298_80.346981,MH-002,19.615298,80.346981,37,52,cnn_train,0
MH-002_19.615298_80.34725,MH-002,19.615298,80.34725,37,53,cnn_train,0
MH-002_19.615298_80.34752,MH-002,19.615298,80.34752,37,54,cnn_train,0
MH-002_19.615298_80.347789,MH-002,19.615298,80.347789,37,55,cnn_train,0
MH-002_19.615298_80.348059,MH-002,19.615298,80.348059,37,56,cnn_train,0
MH-002_19.615298_80.348328,MH-002,19.615298,80.348328,37,57,cnn_train,0
MH-002_19.615298_80.348598,MH-002,19.615298,80.348598,37,58,cnn_train,0
MH-002_19.615298_80.348867,MH-002,19.615298,80.348867,37,59,cnn_train,0
MH-002_19.615298_80.349137,MH-002,19.615298,80.349137,37,60,cnn_train,0
MH-002_19.615298_80.349406,MH-002,19.615298,80.349406,37,61,cnn_train,0
MH-002_19.615029_80.335662,MH-002,19.615029,80.335662,38,10,cnn_train,0
MH-002_19.615029_80.335932,MH-002,19.615029,80.335932,38,11,cnn_train,0
MH-002_19.615029_80.336201,MH-002,19.615029,80.336201,38,12,cnn_train,0
MH-002_19.615029_80.336471,MH-002,19.615029,80.336471,38,13,cnn_train,0
MH-002_19.615029_80.33674,MH-002,19.615029,80.33674,38,14,cnn_train,0
MH-002_19.615029_80.33701,MH-002,19.615029,80.33701,38,15,cnn_train,0
MH-002_19.615029_80.337279,MH-002,19.615029,80.337279,38,16,cnn_train,0
MH-002_19.615029_80.344016,MH-002,19.615029,80.344016,38,41,cnn_train,0
MH-002_19.615029_80.344286,MH-002,19.615029,80.344286,38,42,cnn_train,0
MH-002_19.615029_80.344555,MH-002,19.615029,80.344555,38,43,cnn_train,0
MH-002_19.615029_80.344825,MH-002,19.615029,80.344825,38,44,cnn_train,0
MH-002_19.615029_80.345094,MH-002,19.615029,80.345094,38,45,cnn_train,0
MH-002_19.615029_80.345364,MH-002,19.615029,80.345364,38,46,cnn_train,0
MH-002_19.615029_80.345633,MH-002,19.615029,80.345633,38,47,cnn_train,0
MH-002_19.615029_80.345903,MH-002,19.615029,80.345903,38,48,cnn_train,0
MH-002_19.615029_80.346172,MH-002,19.615029,80.346172,38,49,cnn_train,0
MH-002_19.615029_80.346442,MH-002,19.615029,80.346442,38,50,cnn_train,0
MH-002_19.615029_80.346711,MH-002,19.615029,80.346711,38,51,cnn_train,0
MH-002_19.615029_80.346981,MH-002,19.615029,80.346981,38,52,cnn_train,0
MH-002_19.615029_80.34725,MH-002,19.615029,80.34725,38,53,cnn_train,0
MH-002_19.615029_80.34752,MH-002,19.615029,80.34752,38,54,cnn_train,0
MH-002_19.615029_80.347789,MH-002,19.615029,80.347789,38,55,cnn_train,0
MH-002_19.615029_80.348059,MH-002,19.615029,80.348059,38,56,cnn_train,0
MH-002_19.615029_80.348328,MH-002,19.615029,80.348328,38,57,cnn_train,0
MH-002_19.615029_80.348598,MH-002,19.615029,80.348598,38,58,cnn_train,0
MH-002_19.615029_80.348867,MH-002,19.615029,80.348867,38,59,cnn_train,0
MH-002_19.615029_80.349137,MH-002,19.615029,80.349137,38,60,cnn_train,0
MH-002_19.615029_80.349406,MH-002,19.615029,80.349406,38,61,cnn_train,0
MH-002_19.615029_80.349676,MH-002,19.615029,80.349676,38,62,cnn_train,0
MH-002_19.614759_80.335662,MH-002,19.614759,80.335662,39,10,cnn_train,1
MH-002_19.614759_80.335932,MH-002,19.614759,80.335932,39,11,cnn_train,1
MH-002_19.614759_80.336201,MH-002,19.614759,80.336201,39,12,cnn_train,0
MH-002_19.614759_80.336471,MH-002,19.614759,80.336471,39,13,cnn_train,0
MH-002_19.614759_80.33674,MH-002,19.614759,80.33674,39,14,cnn_train,0
MH-002_19.614759_80.33701,MH-002,19.614759,80.33701,39,15,cnn_train,0
MH-002_19.614759_80.344286,MH-002,19.614759,80.344286,39,42,cnn_train,0
MH-002_19.614759_80.344555,MH-002,19.614759,80.344555,39,43,cnn_train,0
MH-002_19.614759_80.344825,MH-002,19.614759,80.344825,39,44,cnn_train,0
MH-002_19.614759_80.345094,MH-002,19.614759,80.345094,39,45,cnn_train,0
MH-002_19.614759_80.345364,MH-002,19.614759,80.345364,39,46,cnn_train,0
MH-002_19.614759_80.345633,MH-002,19.614759,80.345633,39,47,cnn_train,0
MH-002_19.614759_80.345903,MH-002,19.614759,80.345903,39,48,cnn_train,0
MH-002_19.614759_80.346172,MH-002,19.614759,80.346172,39,49,cnn_train,0
MH-002_19.614759_80.346442,MH-002,19.614759,80.346442,39,50,cnn_train,0
MH-002_19.614759_80.346711,MH-002,19.614759,80.346711,39,51,cnn_train,0
MH-002_19.614759_80.346981,MH-002,19.614759,80.346981,39,52,cnn_train,0
MH-002_19.614759_80.34725,MH-002,19.614759,80.34725,39,53,cnn_train,0
MH-002_19.614759_80.34752,MH-002,19.614759,80.34752,39,54,cnn_train,0
MH-002_19.614759_80.347789,MH-002,19.614759,80.347789,39,55,cnn_train,0
MH-002_19.614759_80.348059,MH-002,19.614759,80.348059,39,56,cnn_train,0
MH-002_19.614759_80.348328,MH-002,19.614759,80.348328,39,57,cnn_train,0
MH-002_19.614759_80.348598,MH-002,19.614759,80.348598,39,58,cnn_train,0
MH-002_19.614759_80.348867,MH-002,19.614759,80.348867,39,59,cnn_train,1
MH-002_19.614759_80.349137,MH-002,19.614759,80.349137,39,60,cnn_train,0
MH-002_19.614759_80.349406,MH-002,19.614759,80.349406,39,61,cnn_train,0
MH-002_19.61449_80.335393,MH-002,19.61449,80.335393,40,9,cnn_train,1
MH-002_19.61449_80.335662,MH-002,19.61449,80.335662,40,10,cnn_train,0
MH-002_19.61449_80.335932,MH-002,19.61449,80.335932,40,11,cnn_train,1
MH-002_19.61449_80.336201,MH-002,19.61449,80.336201,40,12,cnn_train,1
MH-002_19.61449_80.336471,MH-002,19.61449,80.336471,40,13,cnn_train,0
MH-002_19.61449_80.33674,MH-002,19.61449,80.33674,40,14,cnn_train,0
MH-002_19.61449_80.344286,MH-002,19.61449,80.344286,40,42,cnn_train,0
MH-002_19.61449_80.344555,MH-002,19.61449,80.344555,40,43,cnn_train,0
MH-002_19.61449_80.344825,MH-002,19.61449,80.344825,40,44,cnn_train,0
MH-002_19.61449_80.345094,MH-002,19.61449,80.345094,40,45,cnn_train,0
MH-002_19.61449_80.345364,MH-002,19.61449,80.345364,40,46,cnn_train,0
MH-002_19.61449_80.345633,MH-002,19.61449,80.345633,40,47,cnn_train,0
MH-002_19.61449_80.345903,MH-002,19.61449,80.345903,40,48,cnn_train,0
MH-002_19.61449_80.346172,MH-002,19.61449,80.346172,40,49,cnn_train,0
MH-002_19.61449_80.346442,MH-002,19.61449,80.346442,40,50,cnn_train,1
MH-002_19.61449_80.346711,MH-002,19.61449,80.346711,40,51,cnn_train,0
MH-002_19.61449_80.346981,MH-002,19.61449,80.346981,40,52,cnn_train,0
MH-002_19.61449_80.34725,MH-002,19.61449,80.34725,40,53,cnn_train,0
MH-002_19.61449_80.34752,MH-002,19.61449,80.34752,40,54,cnn_train,0
MH-002_19.61449_80.347789,MH-002,19.61449,80.347789,40,55,cnn_train,0
MH-002_19.61449_80.348059,MH-002,19.61449,80.348059,40,56,cnn_train,0
MH-002_19.61449_80.348328,MH-002,19.61449,80.348328,40,57,cnn_train,0
MH-002_19.61449_80.348598,MH-002,19.61449,80.348598,40,58,cnn_train,0
MH-002_19.61449_80.348867,MH-002,19.61449,80.348867,40,59,cnn_train,1
MH-002_19.61449_80.349137,MH-002,19.61449,80.349137,40,60,cnn_train,0
MH-002_19.61449_80.349676,MH-002,19.61449,80.349676,40,62,cnn_train,0
MH-002_19.61449_80.349945,MH-002,19.61449,80.349945,40,63,cnn_train,0
MH-002_19.61422_80.334854,MH-002,19.61422,80.334854,41,7,cnn_train,0
MH-002_19.61422_80.335123,MH-002,19.61422,80.335123,41,8,cnn_train,0
MH-002_19.61422_80.335393,MH-002,19.61422,80.335393,41,9,cnn_train,0
MH-002_19.61422_80.335662,MH-002,19.61422,80.335662,41,10,cnn_train,0
MH-002_19.61422_80.335932,MH-002,19.61422,80.335932,41,11,cnn_train,0
MH-002_19.61422_80.336201,MH-002,19.61422,80.336201,41,12,cnn_train,0
MH-002_19.61422_80.336471,MH-002,19.61422,80.336471,41,13,cnn_train,0
MH-002_19.61422_80.33701,MH-002,19.61422,80.33701,41,15,cnn_train,0
MH-002_19.61422_80.337279,MH-002,19.61422,80.337279,41,16,cnn_train,0
MH-002_19.61422_80.337549,MH-002,19.61422,80.337549,41,17,cnn_train,0
MH-002_19.61422_80.337818,MH-002,19.61422,80.337818,41,18,cnn_train,0
MH-002_19.61422_80.338088,MH-002,19.61422,80.338088,41,19,cnn_train,0
MH-002_19.61422_80.344555,MH-002,19.61422,80.344555,41,43,cnn_train,0
MH-002_19.61422_80.344825,MH-002,19.61422,80.344825,41,44,cnn_train,0
MH-002_19.61422_80.345094,MH-002,19.61422,80.345094,41,45,cnn_train,0
MH-002_19.61422_80.345364,MH-002,19.61422,80.345364,41,46,cnn_train,0
MH-002_19.61422_80.345633,MH-002,19.61422,80.345633,41,47,cnn_train,0
MH-002_19.61422_80.345903,MH-002,19.61422,80.345903,41,48,cnn_train,0
MH-002_19.61422_80.346172,MH-002,19.61422,80.346172,41,49,cnn_train,0
MH-002_19.61422_80.346442,MH-002,19.61422,80.346442,41,50,cnn_train,1
MH-002_19.61422_80.346711,MH-002,19.61422,80.346711,41,51,cnn_train,0
MH-002_19.61422_80.346981,MH-002,19.61422,80.346981,41,52,cnn_train,0
MH-002_19.61422_80.34725,MH-002,19.61422,80.34725,41,53,cnn_train,0
MH-002_19.61422_80.34752,MH-002,19.61422,80.34752,41,54,cnn_train,0
MH-002_19.61422_80.347789,MH-002,19.61422,80.347789,41,55,cnn_train,0
MH-002_19.61422_80.348059,MH-002,19.61422,80.348059,41,56,cnn_train,0
MH-002_19.61422_80.348328,MH-002,19.61422,80.348328,41,57,cnn_train,0
MH-002_19.61422_80.348598,MH-002,19.61422,80.348598,41,58,cnn_train,1
MH-002_19.61422_80.349406,MH-002,19.61422,80.349406,41,61,cnn_train,0
MH-002_19.61422_80.349676,MH-002,19.61422,80.349676,41,62,cnn_train,0
MH-002_19.61422_80.349945,MH-002,19.61422,80.349945,41,63,cnn_train,0
MH-002_19.613951_80.335123,MH-002,19.613951,80.335123,42,8,cnn_train,0
MH-002_19.613951_80.335393,MH-002,19.613951,80.335393,42,9,cnn_train,0
MH-002_19.613951_80.335662,MH-002,19.613951,80.335662,42,10,cnn_train,0
MH-002_19.613951_80.335932,MH-002,19.613951,80.335932,42,11,cnn_train,0
MH-002_19.613951_80.336201,MH-002,19.613951,80.336201,42,12,cnn_train,0
MH-002_19.613951_80.33674,MH-002,19.613951,80.33674,42,14,cnn_train,0
MH-002_19.613951_80.33701,MH-002,19.613951,80.33701,42,15,cnn_train,0
MH-002_19.613951_80.337279,MH-002,19.613951,80.337279,42,16,cnn_train,0
MH-002_19.613951_80.337549,MH-002,19.613951,80.337549,42,17,cnn_train,0
MH-002_19.613951_80.337818,MH-002,19.613951,80.337818,42,18,cnn_train,0
MH-002_19.613951_80.338088,MH-002,19.613951,80.338088,42,19,cnn_train,1
MH-002_19.613951_80.338357,MH-002,19.613951,80.338357,42,20,cnn_train,0
MH-002_19.613951_80.344825,MH-002,19.613951,80.344825,42,44,cnn_train,1
MH-002_19.613951_80.345094,MH-002,19.613951,80.345094,42,45,cnn_train,0
MH-002_19.613951_80.345364,MH-002,19.613951,80.345364,42,46,cnn_train,0
MH-002_19.613951_80.345633,MH-002,19.613951,80.345633,42,47,cnn_train,0
MH-002_19.613951_80.345903,MH-002,19.613951,80.345903,42,48,cnn_train,0
MH-002_19.613951_80.346172,MH-002,19.613951,80.346172,42,49,cnn_train,0
MH-002_19.613951_80.346442,MH-002,19.613951,80.346442,42,50,cnn_train,0
MH-002_19.613951_80.346711,MH-002,19.613951,80.346711,42,51,cnn_train,0
MH-002_19.613951_80.346981,MH-002,19.613951,80.346981,42,52,cnn_train,0
MH-002_19.613951_80.34725,MH-002,19.613951,80.34725,42,53,cnn_train,0
MH-002_19.613951_80.34752,MH-002,19.613951,80.34752,42,54,cnn_train,0
MH-002_19.613951_80.347789,MH-002,19.613951,80.347789,42,55,cnn_train,0
MH-002_19.613951_80.348059,MH-002,19.613951,80.348059,42,56,cnn_train,0
MH-002_19.613951_80.348328,MH-002,19.613951,80.348328,42,57,cnn_train,0
MH-002_19.613951_80.349137,MH-002,19.613951,80.349137,42,60,cnn_train,0
MH-002_19.613951_80.349406,MH-002,19.613951,80.349406,42,61,cnn_train,0
MH-002_19.613951_80.349676,MH-002,19.613951,80.349676,42,62,cnn_train,0
MH-002_19.613951_80.349945,MH-002,19.613951,80.349945,42,63,cnn_train,0
MH-002_19.613951_80.350215,MH-002,19.613951,80.350215,42,64,cnn_train,0
MH-002_19.613681_80.334854,MH-002,19.613681,80.334854,43,7,cnn_train,0
MH-002_19.613681_80.335123,MH-002,19.613681,80.335123,43,8,cnn_train,0
MH-002_19.613681_80.335393,MH-002,19.613681,80.335393,43,9,cnn_train,0
MH-002_19.613681_80.335662,MH-002,19.613681,80.335662,43,10,cnn_train,0
MH-002_19.613681_80.335932,MH-002,19.613681,80.335932,43,11,cnn_train,0
MH-002_19.613681_80.33674,MH-002,19.613681,80.33674,43,14,cnn_train,0
MH-002_19.613681_80.33701,MH-002,19.613681,80.33701,43,15,cnn_train,0
MH-002_19.613681_80.337279,MH-002,19.613681,80.337279,43,16,cnn_train,0
MH-002_19.613681_80.337549,MH-002,19.613681,80.337549,43,17,cnn_train,0
MH-002_19.613681_80.337818,MH-002,19.613681,80.337818,43,18,cnn_train,0
MH-002_19.613681_80.338088,MH-002,19.613681,80.338088,43,19,cnn_train,1
MH-002_19.613681_80.338357,MH-002,19.613681,80.338357,43,20,cnn_train,1
MH-002_19.613681_80.338627,MH-002,19.613681,80.338627,43,21,cnn_train,0
MH-002_19.613681_80.344825,MH-002,19.613681,80.344825,43,44,cnn_train,0
MH-002_19.613681_80.345094,MH-002,19.613681,80.345094,43,45,cnn_train,0
MH-002_19.613681_80.345364,MH-002,19.613681,80.345364,43,46,cnn_train,0
MH-002_19.613681_80.345633,MH-002,19.613681,80.345633,43,47,cnn_train,0
MH-002_19.613681_80.345903,MH-002,19.613681,80.345903,43,48,cnn_train,0
MH-002_19.613681_80.346172,MH-002,19.613681,80.346172,43,49,cnn_train,0
MH-002_19.613681_80.346442,MH-002,19.613681,80.346442,43,50,cnn_train,0
MH-002_19.613681_80.346711,MH-002,19.613681,80.346711,43,51,cnn_train,0
MH-002_19.613681_80.346981,MH-002,19.613681,80.346981,43,52,cnn_train,0
MH-002_19.613681_80.34725,MH-002,19.613681,80.34725,43,53,cnn_train,0
MH-002_19.613681_80.34752,MH-002,19.613681,80.34752,43,54,cnn_train,0
MH-002_19.613681_80.347789,MH-002,19.613681,80.347789,43,55,cnn_train,0
MH-002_19.613681_80.348059,MH-002,19.613681,80.348059,43,56,cnn_train,0
MH-002_19.613681_80.349137,MH-002,19.613681,80.349137,43,60,cnn_train,0
MH-002_19.613681_80.349406,MH-002,19.613681,80.349406,43,61,cnn_train,0
MH-002_19.613681_80.349676,MH-002,19.613681,80.349676,43,62,cnn_train,0
MH-002_19.613681_80.349945,MH-002,19.613681,80.349945,43,63,cnn_train,0
MH-002_19.613681_80.350215,MH-002,19.613681,80.350215,43,64,cnn_train,0
MH-002_19.613412_80.334854,MH-002,19.613412,80.334854,44,7,cnn_train,0
MH-002_19.613412_80.335123,MH-002,19.613412,80.335123,44,8,cnn_train,0
MH-002_19.613412_80.335393,MH-002,19.613412,80.335393,44,9,cnn_train,0
MH-002_19.613412_80.335662,MH-002,19.613412,80.335662,44,10,cnn_train,0
MH-002_19.613412_80.335932,MH-002,19.613412,80.335932,44,11,cnn_train,0
MH-002_19.613412_80.33674,MH-002,19.613412,80.33674,44,14,cnn_train,0
MH-002_19.613412_80.33701,MH-002,19.613412,80.33701,44,15,cnn_train,0
MH-002_19.613412_80.337279,MH-002,19.613412,80.337279,44,16,cnn_train,0
MH-002_19.613412_80.337549,MH-002,19.613412,80.337549,44,17,cnn_train,0
MH-002_19.613412_80.337818,MH-002,19.613412,80.337818,44,18,cnn_train,0
MH-002_19.613412_80.338088,MH-002,19.613412,80.338088,44,19,cnn_train,0
MH-002_19.613412_80.338357,MH-002,19.613412,80.338357,44,20,cnn_train,0
MH-002_19.613412_80.345094,MH-002,19.613412,80.345094,44,45,cnn_train,0
MH-002_19.613412_80.345364,MH-002,19.613412,80.345364,44,46,cnn_train,0
MH-002_19.613412_80.345633,MH-002,19.613412,80.345633,44,47,cnn_train,0
MH-002_19.613412_80.345903,MH-002,19.613412,80.345903,44,48,cnn_train,0
MH-002_19.613412_80.346172,MH-002,19.613412,80.346172,44,49,cnn_train,0
MH-002_19.613412_80.346442,MH-002,19.613412,80.346442,44,50,cnn_train,0
MH-002_19.613412_80.346711,MH-002,19.613412,80.346711,44,51,cnn_train,0
MH-002_19.613412_80.346981,MH-002,19.613412,80.346981,44,52,cnn_train,0
MH-002_19.613412_80.34725,MH-002,19.613412,80.34725,44,53,cnn_train,1
MH-002_19.613412_80.34752,MH-002,19.613412,80.34752,44,54,cnn_train,0
MH-002_19.613412_80.347789,MH-002,19.613412,80.347789,44,55,cnn_train,0
MH-002_19.613412_80.349137,MH-002,19.613412,80.349137,44,60,cnn_train,1
MH-002_19.613412_80.349406,MH-002,19.613412,80.349406,44,61,cnn_train,0
MH-002_19.613412_80.349676,MH-002,19.613412,80.349676,44,62,cnn_train,0
MH-002_19.613412_80.349945,MH-002,19.613412,80.349945,44,63,cnn_train,0
MH-002_19.613412_80.350215,MH-002,19.613412,80.350215,44,64,cnn_train,0
MH-002_19.613412_80.350484,MH-002,19.613412,80.350484,44,65,cnn_train,0
MH-002_19.613142_80.334854,MH-002,19.613142,80.334854,45,7,cnn_train,0
MH-002_19.613142_80.335123,MH-002,19.613142,80.335123,45,8,cnn_train,0
MH-002_19.613142_80.335393,MH-002,19.613142,80.335393,45,9,cnn_train,0
MH-002_19.613142_80.335662,MH-002,19.613142,80.335662,45,10,cnn_train,0
MH-002_19.613142_80.335932,MH-002,19.613142,80.335932,45,11,cnn_train,0
MH-002_19.613142_80.33674,MH-002,19.613142,80.33674,45,14,cnn_train,0
MH-002_19.613142_80.33701,MH-002,19.613142,80.33701,45,15,cnn_train,0
MH-002_19.613142_80.337279,MH-002,19.613142,80.337279,45,16,cnn_train,0
MH-002_19.613142_80.337549,MH-002,19.613142,80.337549,45,17,cnn_train,0
MH-002_19.613142_80.337818,MH-002,19.613142,80.337818,45,18,cnn_train,0
MH-002_19.613142_80.338088,MH-002,19.613142,80.338088,45,19,cnn_train,0
MH-002_19.613142_80.338357,MH-002,19.613142,80.338357,45,20,cnn_train,0
MH-002_19.613142_80.345094,MH-002,19.613142,80.345094,45,45,cnn_train,0
MH-002_19.613142_80.345364,MH-002,19.613142,80.345364,45,46,cnn_train,0
MH-002_19.613142_80.345633,MH-002,19.613142,80.345633,45,47,cnn_train,0
MH-002_19.613142_80.345903,MH-002,19.613142,80.345903,45,48,cnn_train,0
MH-002_19.613142_80.346172,MH-002,19.613142,80.346172,45,49,cnn_train,0
MH-002_19.613142_80.346442,MH-002,19.613142,80.346442,45,50,cnn_train,0
MH-002_19.613142_80.346711,MH-002,19.613142,80.346711,45,51,cnn_train,0
MH-002_19.613142_80.346981,MH-002,19.613142,80.346981,45,52,cnn_train,0
MH-002_19.613142_80.34725,MH-002,19.613142,80.34725,45,53,cnn_train,0
MH-002_19.613142_80.34752,MH-002,19.613142,80.34752,45,54,cnn_train,1
MH-002_19.613142_80.347789,MH-002,19.613142,80.347789,45,55,cnn_train,0
MH-002_19.613142_80.348598,MH-002,19.613142,80.348598,45,58,cnn_train,0
MH-002_19.613142_80.348867,MH-002,19.613142,80.348867,45,59,cnn_train,0
MH-002_19.613142_80.349406,MH-002,19.613142,80.349406,45,61,cnn_train,0
MH-002_19.613142_80.349676,MH-002,19.613142,80.349676,45,62,cnn_train,0
MH-002_19.613142_80.349945,MH-002,19.613142,80.349945,45,63,cnn_train,0
MH-002_19.613142_80.350215,MH-002,19.613142,80.350215,45,64,cnn_train,0
MH-002_19.613142_80.350754,MH-002,19.613142,80.350754,45,66,cnn_train,0
MH-002_19.612873_80.334854,MH-002,19.612873,80.334854,46,7,cnn_train,0
MH-002_19.612873_80.335123,MH-002,19.612873,80.335123,46,8,cnn_train,0
MH-002_19.612873_80.335393,MH-002,19.612873,80.335393,46,9,cnn_train,0
MH-002_19.612873_80.335662,MH-002,19.612873,80.335662,46,10,cnn_train,0
MH-002_19.612873_80.335932,MH-002,19.612873,80.335932,46,11,cnn_train,0
MH-002_19.612873_80.336201,MH-002,19.612873,80.336201,46,12,cnn_train,0
MH-002_19.612873_80.33701,MH-002,19.612873,80.33701,46,15,cnn_train,0
MH-002_19.612873_80.337279,MH-002,19.612873,80.337279,46,16,cnn_train,0
MH-002_19.612873_80.337549,MH-002,19.612873,80.337549,46,17,cnn_train,0
MH-002_19.612873_80.337818,MH-002,19.612873,80.337818,46,18,cnn_train,0
MH-002_19.612873_80.338088,MH-002,19.612873,80.338088,46,19,cnn_train,0
MH-002_19.612873_80.338357,MH-002,19.612873,80.338357,46,20,cnn_train,0
MH-002_19.612873_80.344825,MH-002,19.612873,80.344825,46,44,cnn_train,0
MH-002_19.612873_80.345094,MH-002,19.612873,80.345094,46,45,cnn_train,0
MH-002_19.612873_80.345364,MH-002,19.612873,80.345364,46,46,cnn_train,0
MH-002_19.612873_80.345633,MH-002,19.612873,80.345633,46,47,cnn_train,0
MH-002_19.612873_80.345903,MH-002,19.612873,80.345903,46,48,cnn_train,0
MH-002_19.612873_80.346172,MH-002,19.612873,80.346172,46,49,cnn_train,0
MH-002_19.612873_80.346442,MH-002,19.612873,80.346442,46,50,cnn_train,0
MH-002_19.612873_80.346711,MH-002,19.612873,80.346711,46,51,cnn_train,0
MH-002_19.612873_80.346981,MH-002,19.612873,80.346981,46,52,cnn_train,0
MH-002_19.612873_80.34725,MH-002,19.612873,80.34725,46,53,cnn_train,0
MH-002_19.612873_80.34752,MH-002,19.612873,80.34752,46,54,cnn_train,0
MH-002_19.612873_80.347789,MH-002,19.612873,80.347789,46,55,cnn_train,0
MH-002_19.612873_80.348059,MH-002,19.612873,80.348059,46,56,cnn_train,0
MH-002_19.612873_80.348328,MH-002,19.612873,80.348328,46,57,cnn_train,0
MH-002_19.612873_80.348598,MH-002,19.612873,80.348598,46,58,cnn_train,0
MH-002_19.612873_80.348867,MH-002,19.612873,80.348867,46,59,cnn_train,1
MH-002_19.612873_80.349676,MH-002,19.612873,80.349676,46,62,cnn_train,0
MH-002_19.612873_80.349945,MH-002,19.612873,80.349945,46,63,cnn_train,0
MH-002_19.612873_80.350215,MH-002,19.612873,80.350215,46,64,cnn_train,0
MH-002_19.612873_80.350754,MH-002,19.612873,80.350754,46,66,cnn_train,0
MH-002_19.612873_80.351023,MH-002,19.612873,80.351023,46,67,cnn_train,0
MH-002_19.612603_80.335123,MH-002,19.612603,80.335123,47,8,cnn_train,0
MH-002_19.612603_80.335393,MH-002,19.612603,80.335393,47,9,cnn_train,0
MH-002_19.612603_80.335662,MH-002,19.612603,80.335662,47,10,cnn_train,0
MH-002_19.612603_80.335932,MH-002,19.612603,80.335932,47,11,cnn_train,0
MH-002_19.612603_80.336201,MH-002,19.612603,80.336201,47,12,cnn_train,0
MH-002_19.612603_80.336471,MH-002,19.612603,80.336471,47,13,cnn_train,0
MH-002_19.612603_80.337279,MH-002,19.612603,80.337279,47,16,cnn_train,0
MH-002_19.612603_80.337549,MH-002,19.612603,80.337549,47,17,cnn_train,0
MH-002_19.612603_80.337818,MH-002,19.612603,80.337818,47,18,cnn_train,0
MH-002_19.612603_80.338088,MH-002,19.612603,80.338088,47,19,cnn_train,0
MH-002_19.612603_80.338357,MH-002,19.612603,80.338357,47,20,cnn_train,0
MH-002_19.612603_80.338627,MH-002,19.612603,80.338627,47,21,cnn_train,1
MH-002_19.612603_80.344555,MH-002,19.612603,80.344555,47,43,cnn_train,0
MH-002_19.612603_80.344825,MH-002,19.612603,80.344825,47,44,cnn_train,0
MH-002_19.612603_80.345094,MH-002,19.612603,80.345094,47,45,cnn_train,0
MH-002_19.612603_80.345364,MH-002,19.612603,80.345364,47,46,cnn_train,0
MH-002_19.612603_80.345633,MH-002,19.612603,80.345633,47,47,cnn_train,0
MH-002_19.612603_80.345903,MH-002,19.612603,80.345903,47,48,cnn_train,0
MH-002_19.612603_80.346172,MH-002,19.612603,80.346172,47,49,cnn_train,0
MH-002_19.612603_80.346442,MH-002,19.612603,80.346442,47,50,cnn_train,0
MH-002_19.612603_80.346711,MH-002,19.612603,80.346711,47,51,cnn_train,0
MH-002_19.612603_80.34725,MH-002,19.612603,80.34725,47,53,cnn_train,0
MH-002_19.612603_80.34752,MH-002,19.612603,80.34752,47,54,cnn_train,0
MH-002_19.612603_80.347789,MH-002,19.612603,80.347789,47,55,cnn_train,0
MH-002_19.612603_80.348059,MH-002,19.612603,80.348059,47,56,cnn_train,0
MH-002_19.612603_80.348328,MH-002,19.612603,80.348328,47,57,cnn_train,0
MH-002_19.612603_80.348598,MH-002,19.612603,80.348598,47,58,cnn_train,0
MH-002_19.612603_80.348867,MH-002,19.612603,80.348867,47,59,cnn_train,0
MH-002_19.612603_80.349137,MH-002,19.612603,80.349137,47,60,cnn_train,0
MH-002_19.612603_80.349676,MH-002,19.612603,80.349676,47,62,cnn_train,0
MH-002_19.612603_80.349945,MH-002,19.612603,80.349945,47,63,cnn_train,0
MH-002_19.612603_80.350215,MH-002,19.612603,80.350215,47,64,cnn_train,0
MH-002_19.612603_80.350484,MH-002,19.612603,80.350484,47,65,cnn_train,0
MH-002_19.612603_80.350754,MH-002,19.612603,80.350754,47,66,cnn_train,0
MH-002_19.612603_80.351023,MH-002,19.612603,80.351023,47,67,cnn_train,0
MH-002_19.612603_80.351293,MH-002,19.612603,80.351293,47,68,cnn_train,0
MH-002_19.612334_80.335123,MH-002,19.612334,80.335123,48,8,cnn_train,0
MH-002_19.612334_80.335393,MH-002,19.612334,80.335393,48,9,cnn_train,0
MH-002_19.612334_80.335662,MH-002,19.612334,80.335662,48,10,cnn_train,0
MH-002_19.612334_80.335932,MH-002,19.612334,80.335932,48,11,cnn_train,0
MH-002_19.612334_80.336201,MH-002,19.612334,80.336201,48,12,cnn_train,0
MH-002_19.612334_80.33701,MH-002,19.612334,80.33701,48,15,cnn_train,0
MH-002_19.612334_80.337279,MH-002,19.612334,80.337279,48,16,cnn_train,0
MH-002_19.612334_80.337549,MH-002,19.612334,80.337549,48,17,cnn_train,0
MH-002_19.612334_80.337818,MH-002,19.612334,80.337818,48,18,cnn_train,0
MH-002_19.612334_80.338088,MH-002,19.612334,80.338088,48,19,cnn_train,0
MH-002_19.612334_80.338357,MH-002,19.612334,80.338357,48,20,cnn_train,0
MH-002_19.612334_80.338627,MH-002,19.612334,80.338627,48,21,cnn_train,1
MH-002_19.612334_80.338896,MH-002,19.612334,80.338896,48,22,cnn_train,1
MH-002_19.612334_80.339166,MH-002,19.612334,80.339166,48,23,cnn_train,1
MH-002_19.612334_80.344286,MH-002,19.612334,80.344286,48,42,cnn_train,0
MH-002_19.612334_80.344555,MH-002,19.612334,80.344555,48,43,cnn_train,0
MH-002_19.612334_80.344825,MH-002,19.612334,80.344825,48,44,cnn_train,0
MH-002_19.612334_80.345094,MH-002,19.612334,80.345094,48,45,cnn_train,0
MH-002_19.612334_80.345364,MH-002,19.612334,80.345364,48,46,cnn_train,0
MH-002_19.612334_80.345633,MH-002,19.612334,80.345633,48,47,cnn_train,0
MH-002_19.612334_80.345903,MH-002,19.612334,80.345903,48,48,cnn_train,0
MH-002_19.612334_80.346172,MH-002,19.612334,80.346172,48,49,cnn_train,0
MH-002_19.612334_80.346442,MH-002,19.612334,80.346442,48,50,cnn_train,0
MH-002_19.612334_80.346981,MH-002,19.612334,80.346981,48,52,cnn_train,0
MH-002_19.612334_80.34725,MH-002,19.612334,80.34725,48,53,cnn_train,0
MH-002_19.612334_80.34752,MH-002,19.612334,80.34752,48,54,cnn_train,0
MH-002_19.612334_80.347789,MH-002,19.612334,80.347789,48,55,cnn_train,1
MH-002_19.612334_80.348059,MH-002,19.612334,80.348059,48,56,cnn_train,0
MH-002_19.612334_80.348328,MH-002,19.612334,80.348328,48,57,cnn_train,0
MH-002_19.612334_80.348598,MH-002,19.612334,80.348598,48,58,cnn_train,0
MH-002_19.612334_80.348867,MH-002,19.612334,80.348867,48,59,cnn_train,0
MH-002_19.612334_80.349137,MH-002,19.612334,80.349137,48,60,cnn_train,0
MH-002_19.612334_80.349676,MH-002,19.612334,80.349676,48,62,cnn_train,0
MH-002_19.612334_80.349945,MH-002,19.612334,80.349945,48,63,cnn_train,0
MH-002_19.612334_80.350215,MH-002,19.612334,80.350215,48,64,cnn_train,0
MH-002_19.612334_80.350484,MH-002,19.612334,80.350484,48,65,cnn_train,0
MH-002_19.612334_80.350754,MH-002,19.612334,80.350754,48,66,cnn_train,0
MH-002_19.612334_80.351023,MH-002,19.612334,80.351023,48,67,cnn_train,0
MH-002_19.612334_80.351293,MH-002,19.612334,80.351293,48,68,cnn_train,0
MH-002_19.612064_80.335123,MH-002,19.612064,80.335123,49,8,cnn_train,0
MH-002_19.612064_80.335393,MH-002,19.612064,80.335393,49,9,cnn_train,0
MH-002_19.612064_80.335662,MH-002,19.612064,80.335662,49,10,cnn_train,0
MH-002_19.612064_80.33674,MH-002,19.612064,80.33674,49,14,cnn_train,0
MH-002_19.612064_80.33701,MH-002,19.612064,80.33701,49,15,cnn_train,0
MH-002_19.612064_80.337279,MH-002,19.612064,80.337279,49,16,cnn_train,0
MH-002_19.612064_80.337549,MH-002,19.612064,80.337549,49,17,cnn_train,0
MH-002_19.612064_80.337818,MH-002,19.612064,80.337818,49,18,cnn_train,0
MH-002_19.612064_80.338088,MH-002,19.612064,80.338088,49,19,cnn_train,0
MH-002_19.612064_80.338357,MH-002,19.612064,80.338357,49,20,cnn_train,1
MH-002_19.612064_80.338627,MH-002,19.612064,80.338627,49,21,cnn_train,0
MH-002_19.612064_80.338896,MH-002,19.612064,80.338896,49,22,cnn_train,1
MH-002_19.612064_80.339166,MH-002,19.612064,80.339166,49,23,cnn_train,1
MH-002_19.612064_80.339435,MH-002,19.612064,80.339435,49,24,cnn_train,1
MH-002_19.612064_80.344016,MH-002,19.612064,80.344016,49,41,cnn_train,1
MH-002_19.612064_80.344286,MH-002,19.612064,80.344286,49,42,cnn_train,1
MH-002_19.612064_80.344555,MH-002,19.612064,80.344555,49,43,cnn_train,0
MH-002_19.612064_80.344825,MH-002,19.612064,80.344825,49,44,cnn_train,0
MH-002_19.612064_80.345094,MH-002,19.612064,80.345094,49,45,cnn_train,0
MH-002_19.612064_80.345364,MH-002,19.612064,80.345364,49,46,cnn_train,1
MH-002_19.612064_80.345633,MH-002,19.612064,80.345633,49,47,cnn_train,0
MH-002_19.612064_80.345903,MH-002,19.612064,80.345903,49,48,cnn_train,0
MH-002_19.612064_80.346172,MH-002,19.612064,80.346172,49,49,cnn_train,0
MH-002_19.612064_80.346442,MH-002,19.612064,80.346442,49,50,cnn_train,0
MH-002_19.612064_80.346711,MH-002,19.612064,80.346711,49,51,cnn_train,0
MH-002_19.612064_80.346981,MH-002,19.612064,80.346981,49,52,cnn_train,0
MH-002_19.612064_80.34725,MH-002,19.612064,80.34725,49,53,cnn_train,0
MH-002_19.612064_80.34752,MH-002,19.612064,80.34752,49,54,cnn_train,0
MH-002_19.612064_80.347789,MH-002,19.612064,80.347789,49,55,cnn_train,0
MH-002_19.612064_80.348059,MH-002,19.612064,80.348059,49,56,cnn_train,0
MH-002_19.612064_80.348328,MH-002,19.612064,80.348328,49,57,cnn_train,0
MH-002_19.612064_80.348598,MH-002,19.612064,80.348598,49,58,cnn_train,0
MH-002_19.612064_80.348867,MH-002,19.612064,80.348867,49,59,cnn_train,0
MH-002_19.612064_80.349137,MH-002,19.612064,80.349137,49,60,cnn_train,0
MH-002_19.612064_80.349676,MH-002,19.612064,80.349676,49,62,cnn_train,0
MH-002_19.612064_80.349945,MH-002,19.612064,80.349945,49,63,cnn_train,0
MH-002_19.612064_80.350215,MH-002,19.612064,80.350215,49,64,cnn_train,0
MH-002_19.612064_80.350484,MH-002,19.612064,80.350484,49,65,cnn_train,0
MH-002_19.612064_80.350754,MH-002,19.612064,80.350754,49,66,cnn_train,0
MH-002_19.612064_80.351023,MH-002,19.612064,80.351023,49,67,cnn_train,0
MH-002_19.612064_80.351293,MH-002,19.612064,80.351293,49,68,cnn_train,0
MH-002_19.612064_80.351562,MH-002,19.612064,80.351562,49,69,cnn_train,0
MH-002_19.611795_80.335393,MH-002,19.611795,80.335393,50,9,cnn_train,1
MH-002_19.611795_80.336201,MH-002,19.611795,80.336201,50,12,cnn_train,0
MH-002_19.611795_80.336471,MH-002,19.611795,80.336471,50,13,cnn_train,0
MH-002_19.611795_80.33674,MH-002,19.611795,80.33674,50,14,cnn_train,0
MH-002_19.611795_80.33701,MH-002,19.611795,80.33701,50,15,cnn_train,0
MH-002_19.611795_80.337279,MH-002,19.611795,80.337279,50,16,cnn_train,0
MH-002_19.611795_80.337549,MH-002,19.611795,80.337549,50,17,cnn_train,0
MH-002_19.611795_80.337818,MH-002,19.611795,80.337818,50,18,cnn_train,0
MH-002_19.611795_80.338088,MH-002,19.611795,80.338088,50,19,cnn_train,1
MH-002_19.611795_80.338896,MH-002,19.611795,80.338896,50,22,cnn_train,1
MH-002_19.611795_80.339166,MH-002,19.611795,80.339166,50,23,cnn_train,1
MH-002_19.611795_80.339435,MH-002,19.611795,80.339435,50,24,cnn_train,0
MH-002_19.611795_80.339705,MH-002,19.611795,80.339705,50,25,cnn_train,1
MH-002_19.611795_80.339974,MH-002,19.611795,80.339974,50,26,cnn_train,1
MH-002_19.611795_80.340244,MH-002,19.611795,80.340244,50,27,cnn_train,1
MH-002_19.611795_80.340513,MH-002,19.611795,80.340513,50,28,cnn_train,1
MH-002_19.611795_80.340783,MH-002,19.611795,80.340783,50,29,cnn_train,0
MH-002_19.611795_80.343747,MH-002,19.611795,80.343747,50,40,cnn_train,0
MH-002_19.611795_80.344016,MH-002,19.611795,80.344016,50,41,cnn_train,0
MH-002_19.611795_80.344286,MH-002,19.611795,80.344286,50,42,cnn_train,0
MH-002_19.611795_80.344555,MH-002,19.611795,80.344555,50,43,cnn_train,1
MH-002_19.611795_80.344825,MH-002,19.611795,80.344825,50,44,cnn_train,1
MH-002_19.611795_80.345094,MH-002,19.611795,80.345094,50,45,cnn_train,1
MH-002_19.611795_80.345364,MH-002,19.611795,80.345364,50,46,cnn_train,1
MH-002_19.611795_80.345633,MH-002,19.611795,80.345633,50,47,cnn_train,1
MH-002_19.611795_80.345903,MH-002,19.611795,80.345903,50,48,cnn_train,1
MH-002_19.611795_80.346172,MH-002,19.611795,80.346172,50,49,cnn_train,1
MH-002_19.611795_80.346442,MH-002,19.611795,80.346442,50,50,cnn_train,0
MH-002_19.611795_80.346711,MH-002,19.611795,80.346711,50,51,cnn_train,0
MH-002_19.611795_80.346981,MH-002,19.611795,80.346981,50,52,cnn_train,0
MH-002_19.611795_80.34725,MH-002,19.611795,80.34725,50,53,cnn_train,0
MH-002_19.611795_80.34752,MH-002,19.611795,80.34752,50,54,cnn_train,0
MH-002_19.611795_80.347789,MH-002,19.611795,80.347789,50,55,cnn_train,0
MH-002_19.611795_80.348059,MH-002,19.611795,80.348059,50,56,cnn_train,1
MH-002_19.611795_80.348328,MH-002,19.611795,80.348328,50,57,cnn_train,1
MH-002_19.611795_80.348598,MH-002,19.611795,80.348598,50,58,cnn_train,0
MH-002_19.611795_80.348867,MH-002,19.611795,80.348867,50,59,cnn_train,0
MH-002_19.611795_80.349137,MH-002,19.611795,80.349137,50,60,cnn_train,0
MH-002_19.611795_80.349676,MH-002,19.611795,80.349676,50,62,cnn_train,0
MH-002_19.611795_80.349945,MH-002,19.611795,80.349945,50,63,cnn_train,0
MH-002_19.611795_80.350484,MH-002,19.611795,80.350484,50,65,cnn_train,0
MH-002_19.611795_80.350754,MH-002,19.611795,80.350754,50,66,cnn_train,0
MH-002_19.611795_80.351023,MH-002,19.611795,80.351023,50,67,cnn_train,0
MH-002_19.611795_80.351293,MH-002,19.611795,80.351293,50,68,cnn_train,0
MH-002_19.611795_80.351562,MH-002,19.611795,80.351562,50,69,cnn_train,0
MH-002_19.611795_80.351832,MH-002,19.611795,80.351832,50,70,cnn_train,0
MH-002_19.611795_80.36881,MH-002,19.611795,80.36881,50,133,cnn_val,0
MH-002_19.611795_80.369079,MH-002,19.611795,80.369079,50,134,cnn_val,0
MH-002_19.611795_80.369349,MH-002,19.611795,80.369349,50,135,cnn_val,0
MH-002_19.611795_80.369618,MH-002,19.611795,80.369618,50,136,cnn_val,0
MH-002_19.611795_80.369888,MH-002,19.611795,80.369888,50,137,cnn_val,0
MH-002_19.611525_80.335932,MH-002,19.611525,80.335932,51,11,cnn_train,0
MH-002_19.611525_80.336201,MH-002,19.611525,80.336201,51,12,cnn_train,0
MH-002_19.611525_80.336471,MH-002,19.611525,80.336471,51,13,cnn_train,0
MH-002_19.611525_80.33674,MH-002,19.611525,80.33674,51,14,cnn_train,0
MH-002_19.611525_80.33701,MH-002,19.611525,80.33701,51,15,cnn_train,0
MH-002_19.611525_80.337279,MH-002,19.611525,80.337279,51,16,cnn_train,0
MH-002_19.611525_80.337549,MH-002,19.611525,80.337549,51,17,cnn_train,0
MH-002_19.611525_80.337818,MH-002,19.611525,80.337818,51,18,cnn_train,0
MH-002_19.611525_80.338088,MH-002,19.611525,80.338088,51,19,cnn_train,0
MH-002_19.611525_80.338896,MH-002,19.611525,80.338896,51,22,cnn_train,0
MH-002_19.611525_80.339166,MH-002,19.611525,80.339166,51,23,cnn_train,0
MH-002_19.611525_80.339435,MH-002,19.611525,80.339435,51,24,cnn_train,0
MH-002_19.611525_80.339705,MH-002,19.611525,80.339705,51,25,cnn_train,1
MH-002_19.611525_80.339974,MH-002,19.611525,80.339974,51,26,cnn_train,1
MH-002_19.611525_80.340244,MH-002,19.611525,80.340244,51,27,cnn_train,1
MH-002_19.611525_80.340513,MH-002,19.611525,80.340513,51,28,cnn_train,1
MH-002_19.611525_80.340783,MH-002,19.611525,80.340783,51,29,cnn_train,1
MH-002_19.611525_80.341052,MH-002,19.611525,80.341052,51,30,cnn_train,0
MH-002_19.611525_80.343747,MH-002,19.611525,80.343747,51,40,cnn_train,0
MH-002_19.611525_80.344016,MH-002,19.611525,80.344016,51,41,cnn_train,0
MH-002_19.611525_80.344286,MH-002,19.611525,80.344286,51,42,cnn_train,0
MH-002_19.611525_80.344555,MH-002,19.611525,80.344555,51,43,cnn_train,0
MH-002_19.611525_80.344825,MH-002,19.611525,80.344825,51,44,cnn_train,0
MH-002_19.611525_80.345094,MH-002,19.611525,80.345094,51,45,cnn_train,0
MH-002_19.611525_80.345364,MH-002,19.611525,80.345364,51,46,cnn_train,0
MH-002_19.611525_80.345633,MH-002,19.611525,80.345633,51,47,cnn_train,1
MH-002_19.611525_80.345903,MH-002,19.611525,80.345903,51,48,cnn_train,1
MH-002_19.611525_80.346172,MH-002,19.611525,80.346172,51,49,cnn_train,1
MH-002_19.611525_80.346442,MH-002,19.611525,80.346442,51,50,cnn_train,0
MH-002_19.611525_80.346711,MH-002,19.611525,80.346711,51,51,cnn_train,0
MH-002_19.611525_80.346981,MH-002,19.611525,80.346981,51,52,cnn_train,0
MH-002_19.611525_80.34725,MH-002,19.611525,80.34725,51,53,cnn_train,0
MH-002_19.611525_80.34752,MH-002,19.611525,80.34752,51,54,cnn_train,0
MH-002_19.611525_80.347789,MH-002,19.611525,80.347789,51,55,cnn_train,0
MH-002_19.611525_80.348059,MH-002,19.611525,80.348059,51,56,cnn_train,0
MH-002_19.611525_80.348328,MH-002,19.611525,80.348328,51,57,cnn_train,0
MH-002_19.611525_80.348598,MH-002,19.611525,80.348598,51,58,cnn_train,1
MH-002_19.611525_80.348867,MH-002,19.611525,80.348867,51,59,cnn_train,0
MH-002_19.611525_80.349137,MH-002,19.611525,80.349137,51,60,cnn_train,0
MH-002_19.611525_80.349676,MH-002,19.611525,80.349676,51,62,cnn_train,0
MH-002_19.611525_80.349945,MH-002,19.611525,80.349945,51,63,cnn_train,0
MH-002_19.611525_80.350484,MH-002,19.611525,80.350484,51,65,cnn_train,0
MH-002_19.611525_80.350754,MH-002,19.611525,80.350754,51,66,cnn_train,0
MH-002_19.611525_80.351023,MH-002,19.611525,80.351023,51,67,cnn_train,0
MH-002_19.611525_80.351293,MH-002,19.611525,80.351293,51,68,cnn_train,0
MH-002_19.611525_80.351562,MH-002,19.611525,80.351562,51,69,cnn_train,0
MH-002_19.611525_80.351832,MH-002,19.611525,80.351832,51,70,cnn_train,0
MH-002_19.611525_80.367732,MH-002,19.611525,80.367732,51,129,cnn_val,0
MH-002_19.611525_80.368001,MH-002,19.611525,80.368001,51,130,cnn_val,0
MH-002_19.611525_80.368271,MH-002,19.611525,80.368271,51,131,cnn_val,0
MH-002_19.611525_80.36854,MH-002,19.611525,80.36854,51,132,cnn_val,0
MH-002_19.611525_80.36881,MH-002,19.611525,80.36881,51,133,cnn_val,0
MH-002_19.611525_80.369079,MH-002,19.611525,80.369079,51,134,cnn_val,0
MH-002_19.611525_80.369349,MH-002,19.611525,80.369349,51,135,cnn_val,0
MH-002_19.611525_80.369618,MH-002,19.611525,80.369618,51,136,cnn_val,0
MH-002_19.611525_80.369888,MH-002,19.611525,80.369888,51,137,cnn_val,0
MH-002_19.611256_80.335932,MH-002,19.611256,80.335932,52,11,cnn_train,0
MH-002_19.611256_80.336201,MH-002,19.611256,80.336201,52,12,cnn_train,0
MH-002_19.611256_80.336471,MH-002,19.611256,80.336471,52,13,cnn_train,0
MH-002_19.611256_80.33674,MH-002,19.611256,80.33674,52,14,cnn_train,0
MH-002_19.611256_80.33701,MH-002,19.611256,80.33701,52,15,cnn_train,0
MH-002_19.611256_80.337279,MH-002,19.611256,80.337279,52,16,cnn_train,0
MH-002_19.611256_80.337549,MH-002,19.611256,80.337549,52,17,cnn_train,0
MH-002_19.611256_80.337818,MH-002,19.611256,80.337818,52,18,cnn_train,0
MH-002_19.611256_80.338088,MH-002,19.611256,80.338088,52,19,cnn_train,0
MH-002_19.611256_80.338357,MH-002,19.611256,80.338357,52,20,cnn_train,0
MH-002_19.611256_80.338627,MH-002,19.611256,80.338627,52,21,cnn_train,0
MH-002_19.611256_80.338896,MH-002,19.611256,80.338896,52,22,cnn_train,0
MH-002_19.611256_80.339166,MH-002,19.611256,80.339166,52,23,cnn_train,0
MH-002_19.611256_80.339435,MH-002,19.611256,80.339435,52,24,cnn_train,1
MH-002_19.611256_80.339705,MH-002,19.611256,80.339705,52,25,cnn_train,1
MH-002_19.611256_80.339974,MH-002,19.611256,80.339974,52,26,cnn_train,1
MH-002_19.611256_80.340244,MH-002,19.611256,80.340244,52,27,cnn_train,1
MH-002_19.611256_80.340513,MH-002,19.611256,80.340513,52,28,cnn_train,1
MH-002_19.611256_80.340783,MH-002,19.611256,80.340783,52,29,cnn_train,1
MH-002_19.611256_80.341052,MH-002,19.611256,80.341052,52,30,cnn_train,1
MH-002_19.611256_80.341322,MH-002,19.611256,80.341322,52,31,cnn_train,1
MH-002_19.611256_80.341591,MH-002,19.611256,80.341591,52,32,cnn_train,0
MH-002_19.611256_80.343747,MH-002,19.611256,80.343747,52,40,cnn_train,1
MH-002_19.611256_80.344016,MH-002,19.611256,80.344016,52,41,cnn_train,0
MH-002_19.611256_80.344286,MH-002,19.611256,80.344286,52,42,cnn_train,0
MH-002_19.611256_80.344555,MH-002,19.611256,80.344555,52,43,cnn_train,1
MH-002_19.611256_80.344825,MH-002,19.611256,80.344825,52,44,cnn_train,0
MH-002_19.611256_80.345094,MH-002,19.611256,80.345094,52,45,cnn_train,0
MH-002_19.611256_80.345364,MH-002,19.611256,80.345364,52,46,cnn_train,0
MH-002_19.611256_80.345633,MH-002,19.611256,80.345633,52,47,cnn_train,0
MH-002_19.611256_80.345903,MH-002,19.611256,80.345903,52,48,cnn_train,0
MH-002_19.611256_80.346172,MH-002,19.611256,80.346172,52,49,cnn_train,0
MH-002_19.611256_80.346442,MH-002,19.611256,80.346442,52,50,cnn_train,0
MH-002_19.611256_80.346711,MH-002,19.611256,80.346711,52,51,cnn_train,0
MH-002_19.611256_80.346981,MH-002,19.611256,80.346981,52,52,cnn_train,1
MH-002_19.611256_80.34725,MH-002,19.611256,80.34725,52,53,cnn_train,0
MH-002_19.611256_80.34752,MH-002,19.611256,80.34752,52,54,cnn_train,0
MH-002_19.611256_80.347789,MH-002,19.611256,80.347789,52,55,cnn_train,0
MH-002_19.611256_80.348059,MH-002,19.611256,80.348059,52,56,cnn_train,0
MH-002_19.611256_80.348328,MH-002,19.611256,80.348328,52,57,cnn_train,0
MH-002_19.611256_80.348598,MH-002,19.611256,80.348598,52,58,cnn_train,0
MH-002_19.611256_80.348867,MH-002,19.611256,80.348867,52,59,cnn_train,0
MH-002_19.611256_80.349406,MH-002,19.611256,80.349406,52,61,cnn_train,0
MH-002_19.611256_80.349676,MH-002,19.611256,80.349676,52,62,cnn_train,0
MH-002_19.611256_80.349945,MH-002,19.611256,80.349945,52,63,cnn_train,0
MH-002_19.611256_80.350484,MH-002,19.611256,80.350484,52,65,cnn_train,0
MH-002_19.611256_80.350754,MH-002,19.611256,80.350754,52,66,cnn_train,0
MH-002_19.611256_80.351023,MH-002,19.611256,80.351023,52,67,cnn_train,0
MH-002_19.611256_80.351293,MH-002,19.611256,80.351293,52,68,cnn_train,0
MH-002_19.611256_80.351562,MH-002,19.611256,80.351562,52,69,cnn_train,0
MH-002_19.611256_80.351832,MH-002,19.611256,80.351832,52,70,cnn_train,0
MH-002_19.611256_80.352101,MH-002,19.611256,80.352101,52,71,cnn_train,0
MH-002_19.611256_80.366385,MH-002,19.611256,80.366385,52,124,cnn_val,0
MH-002_19.611256_80.366654,MH-002,19.611256,80.366654,52,125,cnn_val,0
MH-002_19.611256_80.366923,MH-002,19.611256,80.366923,52,126,cnn_val,0
MH-002_19.611256_80.367193,MH-002,19.611256,80.367193,52,127,cnn_val,0
MH-002_19.611256_80.367462,MH-002,19.611256,80.367462,52,128,cnn_val,0
MH-002_19.611256_80.367732,MH-002,19.611256,80.367732,52,129,cnn_val,0
MH-002_19.611256_80.368001,MH-002,19.611256,80.368001,52,130,cnn_val,0
MH-002_19.611256_80.368271,MH-002,19.611256,80.368271,52,131,cnn_val,0
MH-002_19.611256_80.36854,MH-002,19.611256,80.36854,52,132,cnn_val,0
MH-002_19.611256_80.36881,MH-002,19.611256,80.36881,52,133,cnn_val,0
MH-002_19.611256_80.369079,MH-002,19.611256,80.369079,52,134,cnn_val,0
MH-002_19.611256_80.369349,MH-002,19.611256,80.369349,52,135,cnn_val,0
MH-002_19.611256_80.369618,MH-002,19.611256,80.369618,52,136,cnn_val,0
MH-002_19.611256_80.369888,MH-002,19.611256,80.369888,52,137,cnn_val,0
MH-002_19.610986_80.335932,MH-002,19.610986,80.335932,53,11,cnn_train,0
MH-002_19.610986_80.336201,MH-002,19.610986,80.336201,53,12,cnn_train,0
MH-002_19.610986_80.336471,MH-002,19.610986,80.336471,53,13,cnn_train,0
MH-002_19.610986_80.33674,MH-002,19.610986,80.33674,53,14,cnn_train,0
MH-002_19.610986_80.33701,MH-002,19.610986,80.33701,53,15,cnn_train,0
MH-002_19.610986_80.337279,MH-002,19.610986,80.337279,53,16,cnn_train,0
MH-002_19.610986_80.337549,MH-002,19.610986,80.337549,53,17,cnn_train,0
MH-002_19.610986_80.337818,MH-002,19.610986,80.337818,53,18,cnn_train,0
MH-002_19.610986_80.338088,MH-002,19.610986,80.338088,53,19,cnn_train,0
MH-002_19.610986_80.338357,MH-002,19.610986,80.338357,53,20,cnn_train,0
MH-002_19.610986_80.338627,MH-002,19.610986,80.338627,53,21,cnn_train,0
MH-002_19.610986_80.338896,MH-002,19.610986,80.338896,53,22,cnn_train,0
MH-002_19.610986_80.339166,MH-002,19.610986,80.339166,53,23,cnn_train,0
MH-002_19.610986_80.339435,MH-002,19.610986,80.339435,53,24,cnn_train,1
MH-002_19.610986_80.339705,MH-002,19.610986,80.339705,53,25,cnn_train,1
MH-002_19.610986_80.339974,MH-002,19.610986,80.339974,53,26,cnn_train,0
MH-002_19.610986_80.340244,MH-002,19.610986,80.340244,53,27,cnn_train,0
MH-002_19.610986_80.340513,MH-002,19.610986,80.340513,53,28,cnn_train,1
MH-002_19.610986_80.340783,MH-002,19.610986,80.340783,53,29,cnn_train,1
MH-002_19.610986_80.341052,MH-002,19.610986,80.341052,53,30,cnn_train,1
MH-002_19.610986_80.341322,MH-002,19.610986,80.341322,53,31,cnn_train,1
MH-002_19.610986_80.341591,MH-002,19.610986,80.341591,53,32,cnn_train,1
MH-002_19.610986_80.34186,MH-002,19.610986,80.34186,53,33,cnn_train,0
MH-002_19.610986_80.34213,MH-002,19.610986,80.34213,53,34,cnn_train,0
MH-002_19.610986_80.343747,MH-002,19.610986,80.343747,53,40,cnn_train,0
MH-002_19.610986_80.344016,MH-002,19.610986,80.344016,53,41,cnn_train,0
MH-002_19.610986_80.344286,MH-002,19.610986,80.344286,53,42,cnn_train,0
MH-002_19.610986_80.344555,MH-002,19.610986,80.344555,53,43,cnn_train,0
MH-002_19.610986_80.344825,MH-002,19.610986,80.344825,53,44,cnn_train,1
MH-002_19.610986_80.345094,MH-002,19.610986,80.345094,53,45,cnn_train,0
MH-002_19.610986_80.345364,MH-002,19.610986,80.345364,53,46,cnn_train,0
MH-002_19.610986_80.345633,MH-002,19.610986,80.345633,53,47,cnn_train,0
MH-002_19.610986_80.345903,MH-002,19.610986,80.345903,53,48,cnn_train,0
MH-002_19.610986_80.346172,MH-002,19.610986,80.346172,53,49,cnn_train,1
MH-002_19.610986_80.346442,MH-002,19.610986,80.346442,53,50,cnn_train,0
MH-002_19.610986_80.346711,MH-002,19.610986,80.346711,53,51,cnn_train,0
MH-002_19.610986_80.346981,MH-002,19.610986,80.346981,53,52,cnn_train,1
MH-002_19.610986_80.34725,MH-002,19.610986,80.34725,53,53,cnn_train,0
MH-002_19.610986_80.34752,MH-002,19.610986,80.34752,53,54,cnn_train,0
MH-002_19.610986_80.347789,MH-002,19.610986,80.347789,53,55,cnn_train,0
MH-002_19.610986_80.348059,MH-002,19.610986,80.348059,53,56,cnn_train,0
MH-002_19.610986_80.348328,MH-002,19.610986,80.348328,53,57,cnn_train,0
MH-002_19.610986_80.348598,MH-002,19.610986,80.348598,53,58,cnn_train,0
MH-002_19.610986_80.349406,MH-002,19.610986,80.349406,53,61,cnn_train,0
MH-002_19.610986_80.349676,MH-002,19.610986,80.349676,53,62,cnn_train,0
MH-002_19.610986_80.350215,MH-002,19.610986,80.350215,53,64,cnn_train,0
MH-002_19.610986_80.350484,MH-002,19.610986,80.350484,53,65,cnn_train,0
MH-002_19.610986_80.350754,MH-002,19.610986,80.350754,53,66,cnn_train,0
MH-002_19.610986_80.351023,MH-002,19.610986,80.351023,53,67,cnn_train,0
MH-002_19.610986_80.351293,MH-002,19.610986,80.351293,53,68,cnn_train,0
MH-002_19.610986_80.351562,MH-002,19.610986,80.351562,53,69,cnn_train,0
MH-002_19.610986_80.351832,MH-002,19.610986,80.351832,53,70,cnn_train,0
MH-002_19.610986_80.352101,MH-002,19.610986,80.352101,53,71,cnn_train,0
MH-002_19.610986_80.352371,MH-002,19.610986,80.352371,53,72,cnn_train,0
MH-002_19.610986_80.365307,MH-002,19.610986,80.365307,53,120,cnn_val,0
MH-002_19.610986_80.365846,MH-002,19.610986,80.365846,53,122,cnn_val,0
MH-002_19.610986_80.366385,MH-002,19.610986,80.366385,53,124,cnn_val,0
MH-002_19.610986_80.366654,MH-002,19.610986,80.366654,53,125,cnn_val,0
MH-002_19.610986_80.366923,MH-002,19.610986,80.366923,53,126,cnn_val,0
MH-002_19.610986_80.367193,MH-002,19.610986,80.367193,53,127,cnn_val,0
MH-002_19.610986_80.367462,MH-002,19.610986,80.367462,53,128,cnn_val,0
MH-002_19.610986_80.367732,MH-002,19.610986,80.367732,53,129,cnn_val,0
MH-002_19.610986_80.368001,MH-002,19.610986,80.368001,53,130,cnn_val,0
MH-002_19.610986_80.368271,MH-002,19.610986,80.368271,53,131,cnn_val,0
MH-002_19.610986_80.36854,MH-002,19.610986,80.36854,53,132,cnn_val,0
MH-002_19.610986_80.36881,MH-002,19.610986,80.36881,53,133,cnn_val,0
MH-002_19.610986_80.369079,MH-002,19.610986,80.369079,53,134,cnn_val,0
MH-002_19.610986_80.369349,MH-002,19.610986,80.369349,53,135,cnn_val,0
MH-002_19.610986_80.369618,MH-002,19.610986,80.369618,53,136,cnn_val,1
MH-002_19.610986_80.369888,MH-002,19.610986,80.369888,53,137,cnn_val,0
MH-002_19.610717_80.336201,MH-002,19.610717,80.336201,54,12,cnn_train,0
MH-002_19.610717_80.336471,MH-002,19.610717,80.336471,54,13,cnn_train,0
MH-002_19.610717_80.33674,MH-002,19.610717,80.33674,54,14,cnn_train,0
MH-002_19.610717_80.33701,MH-002,19.610717,80.33701,54,15,cnn_train,0
MH-002_19.610717_80.337279,MH-002,19.610717,80.337279,54,16,cnn_train,0
MH-002_19.610717_80.337549,MH-002,19.610717,80.337549,54,17,cnn_train,0
MH-002_19.610717_80.337818,MH-002,19.610717,80.337818,54,18,cnn_train,0
MH-002_19.610717_80.338088,MH-002,19.610717,80.338088,54,19,cnn_train,1
MH-002_19.610717_80.338357,MH-002,19.610717,80.338357,54,20,cnn_train,0
MH-002_19.610717_80.338627,MH-002,19.610717,80.338627,54,21,cnn_train,0
MH-002_19.610717_80.338896,MH-002,19.610717,80.338896,54,22,cnn_train,0
MH-002_19.610717_80.339166,MH-002,19.610717,80.339166,54,23,cnn_train,1
MH-002_19.610717_80.339435,MH-002,19.610717,80.339435,54,24,cnn_train,0
MH-002_19.610717_80.339705,MH-002,19.610717,80.339705,54,25,cnn_train,0
MH-002_19.610717_80.339974,MH-002,19.610717,80.339974,54,26,cnn_train,1
MH-002_19.610717_80.340244,MH-002,19.610717,80.340244,54,27,cnn_train,0
MH-002_19.610717_80.340513,MH-002,19.610717,80.340513,54,28,cnn_train,1
MH-002_19.610717_80.340783,MH-002,19.610717,80.340783,54,29,cnn_train,1
MH-002_19.610717_80.341052,MH-002,19.610717,80.341052,54,30,cnn_train,1
MH-002_19.610717_80.341322,MH-002,19.610717,80.341322,54,31,cnn_train,1
MH-002_19.610717_80.341591,MH-002,19.610717,80.341591,54,32,cnn_train,1
MH-002_19.610717_80.34186,MH-002,19.610717,80.34186,54,33,cnn_train,1
MH-002_19.610717_80.34213,MH-002,19.610717,80.34213,54,34,cnn_train,0
MH-002_19.610717_80.342399,MH-002,19.610717,80.342399,54,35,cnn_train,0
MH-002_19.610717_80.344016,MH-002,19.610717,80.344016,54,41,cnn_train,0
MH-002_19.610717_80.344286,MH-002,19.610717,80.344286,54,42,cnn_train,0
MH-002_19.610717_80.344555,MH-002,19.610717,80.344555,54,43,cnn_train,0
MH-002_19.610717_80.345364,MH-002,19.610717,80.345364,54,46,cnn_train,0
MH-002_19.610717_80.345633,MH-002,19.610717,80.345633,54,47,cnn_train,0
MH-002_19.610717_80.345903,MH-002,19.610717,80.345903,54,48,cnn_train,0
MH-002_19.610717_80.346172,MH-002,19.610717,80.346172,54,49,cnn_train,0
MH-002_19.610717_80.346442,MH-002,19.610717,80.346442,54,50,cnn_train,0
MH-002_19.610717_80.346711,MH-002,19.610717,80.346711,54,51,cnn_train,0
MH-002_19.610717_80.346981,MH-002,19.610717,80.346981,54,52,cnn_train,0
MH-002_19.610717_80.34725,MH-002,19.610717,80.34725,54,53,cnn_train,0
MH-002_19.610717_80.34752,MH-002,19.610717,80.34752,54,54,cnn_train,0
MH-002_19.610717_80.347789,MH-002,19.610717,80.347789,54,55,cnn_train,0
MH-002_19.610717_80.348059,MH-002,19.610717,80.348059,54,56,cnn_train,0
MH-002_19.610717_80.348328,MH-002,19.610717,80.348328,54,57,cnn_train,0
MH-002_19.610717_80.349137,MH-002,19.610717,80.349137,54,60,cnn_train,0
MH-002_19.610717_80.349406,MH-002,19.610717,80.349406,54,61,cnn_train,0
MH-002_19.610717_80.349676,MH-002,19.610717,80.349676,54,62,cnn_train,0
MH-002_19.610717_80.350215,MH-002,19.610717,80.350215,54,64,cnn_train,0
MH-002_19.610717_80.350484,MH-002,19.610717,80.350484,54,65,cnn_train,0
MH-002_19.610717_80.350754,MH-002,19.610717,80.350754,54,66,cnn_train,0
MH-002_19.610717_80.351023,MH-002,19.610717,80.351023,54,67,cnn_train,0
MH-002_19.610717_80.351293,MH-002,19.610717,80.351293,54,68,cnn_train,0
MH-002_19.610717_80.351562,MH-002,19.610717,80.351562,54,69,cnn_train,0
MH-002_19.610717_80.351832,MH-002,19.610717,80.351832,54,70,cnn_train,0
MH-002_19.610717_80.352101,MH-002,19.610717,80.352101,54,71,cnn_train,0
MH-002_19.610717_80.352371,MH-002,19.610717,80.352371,54,72,cnn_train,0
MH-002_19.610717_80.363959,MH-002,19.610717,80.363959,54,115,cnn_val,1
MH-002_19.610717_80.364229,MH-002,19.610717,80.364229,54,116,cnn_val,1
MH-002_19.610717_80.364498,MH-002,19.610717,80.364498,54,117,cnn_val,1
MH-002_19.610717_80.364768,MH-002,19.610717,80.364768,54,118,cnn_val,0
MH-002_19.610717_80.365307,MH-002,19.610717,80.365307,54,120,cnn_val,1
MH-002_19.610717_80.368001,MH-002,19.610717,80.368001,54,130,cnn_val,0
MH-002_19.610717_80.368271,MH-002,19.610717,80.368271,54,131,cnn_val,0
MH-002_19.610717_80.36854,MH-002,19.610717,80.36854,54,132,cnn_val,0
MH-002_19.610717_80.36881,MH-002,19.610717,80.36881,54,133,cnn_val,0
MH-002_19.610717_80.369079,MH-002,19.610717,80.369079,54,134,cnn_val,0
MH-002_19.610717_80.369349,MH-002,19.610717,80.369349,54,135,cnn_val,0
MH-002_19.610717_80.369618,MH-002,19.610717,80.369618,54,136,cnn_val,0
MH-002_19.610717_80.369888,MH-002,19.610717,80.369888,54,137,cnn_val,0
MH-002_19.610447_80.336201,MH-002,19.610447,80.336201,55,12,cnn_train,0
MH-002_19.610447_80.336471,MH-002,19.610447,80.336471,55,13,cnn_train,0
MH-002_19.610447_80.33674,MH-002,19.610447,80.33674,55,14,cnn_train,0
MH-002_19.610447_80.33701,MH-002,19.610447,80.33701,55,15,cnn_train,0
MH-002_19.610447_80.337279,MH-002,19.610447,80.337279,55,16,cnn_train,0
MH-002_19.610447_80.337549,MH-002,19.610447,80.337549,55,17,cnn_train,0
MH-002_19.610447_80.337818,MH-002,19.610447,80.337818,55,18,cnn_train,0
MH-002_19.610447_80.338088,MH-002,19.610447,80.338088,55,19,cnn_train,0
MH-002_19.610447_80.338357,MH-002,19.610447,80.338357,55,20,cnn_train,0
MH-002_19.610447_80.338627,MH-002,19.610447,80.338627,55,21,cnn_train,0
MH-002_19.610447_80.338896,MH-002,19.610447,80.338896,55,22,cnn_train,0
MH-002_19.610447_80.339166,MH-002,19.610447,80.339166,55,23,cnn_train,0
MH-002_19.610447_80.339435,MH-002,19.610447,80.339435,55,24,cnn_train,0
MH-002_19.610447_80.339705,MH-002,19.610447,80.339705,55,25,cnn_train,0
MH-002_19.610447_80.339974,MH-002,19.610447,80.339974,55,26,cnn_train,1
MH-002_19.610447_80.340244,MH-002,19.610447,80.340244,55,27,cnn_train,1
MH-002_19.610447_80.340513,MH-002,19.610447,80.340513,55,28,cnn_train,1
MH-002_19.610447_80.340783,MH-002,19.610447,80.340783,55,29,cnn_train,1
MH-002_19.610447_80.341052,MH-002,19.610447,80.341052,55,30,cnn_train,0
MH-002_19.610447_80.341322,MH-002,19.610447,80.341322,55,31,cnn_train,0
MH-002_19.610447_80.341591,MH-002,19.610447,80.341591,55,32,cnn_train,0
MH-002_19.610447_80.34186,MH-002,19.610447,80.34186,55,33,cnn_train,1
MH-002_19.610447_80.34213,MH-002,19.610447,80.34213,55,34,cnn_train,1
MH-002_19.610447_80.342399,MH-002,19.610447,80.342399,55,35,cnn_train,1
MH-002_19.610447_80.342669,MH-002,19.610447,80.342669,55,36,cnn_train,0
MH-002_19.610447_80.343747,MH-002,19.610447,80.343747,55,40,cnn_train,0
MH-002_19.610447_80.344016,MH-002,19.610447,80.344016,55,41,cnn_train,0
MH-002_19.610447_80.344286,MH-002,19.610447,80.344286,55,42,cnn_train,0
MH-002_19.610447_80.344555,MH-002,19.610447,80.344555,55,43,cnn_train,0
MH-002_19.610447_80.345364,MH-002,19.610447,80.345364,55,46,cnn_train,0
MH-002_19.610447_80.345633,MH-002,19.610447,80.345633,55,47,cnn_train,0
MH-002_19.610447_80.345903,MH-002,19.610447,80.345903,55,48,cnn_train,0
MH-002_19.610447_80.346172,MH-002,19.610447,80.346172,55,49,cnn_train,0
MH-002_19.610447_80.346442,MH-002,19.610447,80.346442,55,50,cnn_train,0
MH-002_19.610447_80.346711,MH-002,19.610447,80.346711,55,51,cnn_train,0
MH-002_19.610447_80.346981,MH-002,19.610447,80.346981,55,52,cnn_train,0
MH-002_19.610447_80.34725,MH-002,19.610447,80.34725,55,53,cnn_train,0
MH-002_19.610447_80.34752,MH-002,19.610447,80.34752,55,54,cnn_train,0
MH-002_19.610447_80.347789,MH-002,19.610447,80.347789,55,55,cnn_train,0
MH-002_19.610447_80.348059,MH-002,19.610447,80.348059,55,56,cnn_train,0
MH-002_19.610447_80.348867,MH-002,19.610447,80.348867,55,59,cnn_train,0
MH-002_19.610447_80.349137,MH-002,19.610447,80.349137,55,60,cnn_train,0
MH-002_19.610447_80.349406,MH-002,19.610447,80.349406,55,61,cnn_train,0
MH-002_19.610447_80.349676,MH-002,19.610447,80.349676,55,62,cnn_train,0
MH-002_19.610447_80.350215,MH-002,19.610447,80.350215,55,64,cnn_train,0
MH-002_19.610447_80.350484,MH-002,19.610447,80.350484,55,65,cnn_train,0
MH-002_19.610447_80.350754,MH-002,19.610447,80.350754,55,66,cnn_train,0
MH-002_19.610447_80.351023,MH-002,19.610447,80.351023,55,67,cnn_train,0
MH-002_19.610447_80.351293,MH-002,19.610447,80.351293,55,68,cnn_train,0
MH-002_19.610447_80.351562,MH-002,19.610447,80.351562,55,69,cnn_train,0
MH-002_19.610447_80.351832,MH-002,19.610447,80.351832,55,70,cnn_train,0
MH-002_19.610447_80.352101,MH-002,19.610447,80.352101,55,71,cnn_train,0
MH-002_19.610447_80.352371,MH-002,19.610447,80.352371,55,72,cnn_train,0
MH-002_19.610447_80.35264,MH-002,19.610447,80.35264,55,73,cnn_train,0
MH-002_19.610447_80.364229,MH-002,19.610447,80.364229,55,116,cnn_val,1
MH-002_19.610447_80.364498,MH-002,19.610447,80.364498,55,117,cnn_val,1
MH-002_19.610447_80.364768,MH-002,19.610447,80.364768,55,118,cnn_val,1
MH-002_19.610447_80.365846,MH-002,19.610447,80.365846,55,122,cnn_val,1
MH-002_19.610447_80.366115,MH-002,19.610447,80.366115,55,123,cnn_val,1
MH-002_19.610447_80.366385,MH-002,19.610447,80.366385,55,124,cnn_val,1
MH-002_19.610447_80.368271,MH-002,19.610447,80.368271,55,131,cnn_val,1
MH-002_19.610447_80.369079,MH-002,19.610447,80.369079,55,134,cnn_val,0
MH-002_19.610447_80.369349,MH-002,19.610447,80.369349,55,135,cnn_val,0
MH-002_19.610447_80.369618,MH-002,19.610447,80.369618,55,136,cnn_val,0
MH-002_19.610447_80.369888,MH-002,19.610447,80.369888,55,137,cnn_val,0
MH-002_19.610178_80.336471,MH-002,19.610178,80.336471,56,13,cnn_train,0
MH-002_19.610178_80.33674,MH-002,19.610178,80.33674,56,14,cnn_train,0
MH-002_19.610178_80.33701,MH-002,19.610178,80.33701,56,15,cnn_train,0
MH-002_19.610178_80.337279,MH-002,19.610178,80.337279,56,16,cnn_train,0
MH-002_19.610178_80.337549,MH-002,19.610178,80.337549,56,17,cnn_train,0
MH-002_19.610178_80.337818,MH-002,19.610178,80.337818,56,18,cnn_train,0
MH-002_19.610178_80.338088,MH-002,19.610178,80.338088,56,19,cnn_train,0
MH-002_19.610178_80.338357,MH-002,19.610178,80.338357,56,20,cnn_train,0
MH-002_19.610178_80.338627,MH-002,19.610178,80.338627,56,21,cnn_train,0
MH-002_19.610178_80.338896,MH-002,19.610178,80.338896,56,22,cnn_train,0
MH-002_19.610178_80.339166,MH-002,19.610178,80.339166,56,23,cnn_train,0
MH-002_19.610178_80.339435,MH-002,19.610178,80.339435,56,24,cnn_train,0
MH-002_19.610178_80.339705,MH-002,19.610178,80.339705,56,25,cnn_train,0
MH-002_19.610178_80.339974,MH-002,19.610178,80.339974,56,26,cnn_train,0
MH-002_19.610178_80.340244,MH-002,19.610178,80.340244,56,27,cnn_train,0
MH-002_19.610178_80.340513,MH-002,19.610178,80.340513,56,28,cnn_train,0
MH-002_19.610178_80.340783,MH-002,19.610178,80.340783,56,29,cnn_train,1
MH-002_19.610178_80.341052,MH-002,19.610178,80.341052,56,30,cnn_train,0
MH-002_19.610178_80.341322,MH-002,19.610178,80.341322,56,31,cnn_train,1
MH-002_19.610178_80.341591,MH-002,19.610178,80.341591,56,32,cnn_train,1
MH-002_19.610178_80.34186,MH-002,19.610178,80.34186,56,33,cnn_train,1
MH-002_19.610178_80.34213,MH-002,19.610178,80.34213,56,34,cnn_train,1
MH-002_19.610178_80.342399,MH-002,19.610178,80.342399,56,35,cnn_train,1
MH-002_19.610178_80.342669,MH-002,19.610178,80.342669,56,36,cnn_train,1
MH-002_19.610178_80.342938,MH-002,19.610178,80.342938,56,37,cnn_train,0
MH-002_19.610178_80.344016,MH-002,19.610178,80.344016,56,41,cnn_train,1
MH-002_19.610178_80.344555,MH-002,19.610178,80.344555,56,43,cnn_train,0
MH-002_19.610178_80.344825,MH-002,19.610178,80.344825,56,44,cnn_train,0
MH-002_19.610178_80.345094,MH-002,19.610178,80.345094,56,45,cnn_train,0
MH-002_19.610178_80.345364,MH-002,19.610178,80.345364,56,46,cnn_train,0
MH-002_19.610178_80.345633,MH-002,19.610178,80.345633,56,47,cnn_train,0
MH-002_19.610178_80.345903,MH-002,19.610178,80.345903,56,48,cnn_train,0
MH-002_19.610178_80.346172,MH-002,19.610178,80.346172,56,49,cnn_train,0
MH-002_19.610178_80.346442,MH-002,19.610178,80.346442,56,50,cnn_train,0
MH-002_19.610178_80.346711,MH-002,19.610178,80.346711,56,51,cnn_train,0
MH-002_19.610178_80.346981,MH-002,19.610178,80.346981,56,52,cnn_train,0
MH-002_19.610178_80.34725,MH-002,19.610178,80.34725,56,53,cnn_train,0
MH-002_19.610178_80.34752,MH-002,19.610178,80.34752,56,54,cnn_train,0
MH-002_19.610178_80.347789,MH-002,19.610178,80.347789,56,55,cnn_train,0
MH-002_19.610178_80.348059,MH-002,19.610178,80.348059,56,56,cnn_train,1
MH-002_19.610178_80.348598,MH-002,19.610178,80.348598,56,58,cnn_train,0
MH-002_19.610178_80.348867,MH-002,19.610178,80.348867,56,59,cnn_train,0
MH-002_19.610178_80.349137,MH-002,19.610178,80.349137,56,60,cnn_train,0
MH-002_19.610178_80.349406,MH-002,19.610178,80.349406,56,61,cnn_train,0
MH-002_19.610178_80.349676,MH-002,19.610178,80.349676,56,62,cnn_train,0
MH-002_19.610178_80.349945,MH-002,19.610178,80.349945,56,63,cnn_train,0
MH-002_19.610178_80.350215,MH-002,19.610178,80.350215,56,64,cnn_train,0
MH-002_19.610178_80.350484,MH-002,19.610178,80.350484,56,65,cnn_train,0
MH-002_19.610178_80.350754,MH-002,19.610178,80.350754,56,66,cnn_train,0
MH-002_19.610178_80.351023,MH-002,19.610178,80.351023,56,67,cnn_train,0
MH-002_19.610178_80.351293,MH-002,19.610178,80.351293,56,68,cnn_train,0
MH-002_19.610178_80.351562,MH-002,19.610178,80.351562,56,69,cnn_train,0
MH-002_19.610178_80.351832,MH-002,19.610178,80.351832,56,70,cnn_train,0
MH-002_19.610178_80.352101,MH-002,19.610178,80.352101,56,71,cnn_train,0
MH-002_19.610178_80.352371,MH-002,19.610178,80.352371,56,72,cnn_train,0
MH-002_19.610178_80.35264,MH-002,19.610178,80.35264,56,73,cnn_train,0
MH-002_19.610178_80.35291,MH-002,19.610178,80.35291,56,74,cnn_train,0
MH-002_19.610178_80.363959,MH-002,19.610178,80.363959,56,115,cnn_val,1
MH-002_19.610178_80.364229,MH-002,19.610178,80.364229,56,116,cnn_val,1
MH-002_19.610178_80.364498,MH-002,19.610178,80.364498,56,117,cnn_val,1
MH-002_19.610178_80.364768,MH-002,19.610178,80.364768,56,118,cnn_val,1
MH-002_19.610178_80.366115,MH-002,19.610178,80.366115,56,123,cnn_val,1
MH-002_19.610178_80.366385,MH-002,19.610178,80.366385,56,124,cnn_val,1
MH-002_19.610178_80.366923,MH-002,19.610178,80.366923,56,126,cnn_val,0
MH-002_19.610178_80.367193,MH-002,19.610178,80.367193,56,127,cnn_val,0
MH-002_19.610178_80.367462,MH-002,19.610178,80.367462,56,128,cnn_val,0
MH-002_19.610178_80.367732,MH-002,19.610178,80.367732,56,129,cnn_val,0
MH-002_19.610178_80.368001,MH-002,19.610178,80.368001,56,130,cnn_val,0
MH-002_19.610178_80.368271,MH-002,19.610178,80.368271,56,131,cnn_val,0
MH-002_19.610178_80.36854,MH-002,19.610178,80.36854,56,132,cnn_val,1
MH-002_19.610178_80.36881,MH-002,19.610178,80.36881,56,133,cnn_val,1
MH-002_19.610178_80.369349,MH-002,19.610178,80.369349,56,135,cnn_val,0
MH-002_19.610178_80.369618,MH-002,19.610178,80.369618,56,136,cnn_val,0
MH-002_19.610178_80.369888,MH-002,19.610178,80.369888,56,137,cnn_val,0
MH-002_19.609908_80.336471,MH-002,19.609908,80.336471,57,13,cnn_train,0
MH-002_19.609908_80.33674,MH-002,19.609908,80.33674,57,14,cnn_train,0
MH-002_19.609908_80.33701,MH-002,19.609908,80.33701,57,15,cnn_train,0
MH-002_19.609908_80.337279,MH-002,19.609908,80.337279,57,16,cnn_train,0
MH-002_19.609908_80.337549,MH-002,19.609908,80.337549,57,17,cnn_train,0
MH-002_19.609908_80.337818,MH-002,19.609908,80.337818,57,18,cnn_train,0
MH-002_19.609908_80.338088,MH-002,19.609908,80.338088,57,19,cnn_train,0
MH-002_19.609908_80.338357,MH-002,19.609908,80.338357,57,20,cnn_train,0
MH-002_19.609908_80.338627,MH-002,19.609908,80.338627,57,21,cnn_train,0
MH-002_19.609908_80.338896,MH-002,19.609908,80.338896,57,22,cnn_train,0
MH-002_19.609908_80.339166,MH-002,19.609908,80.339166,57,23,cnn_train,0
MH-002_19.609908_80.339435,MH-002,19.609908,80.339435,57,24,cnn_train,0
MH-002_19.609908_80.339705,MH-002,19.609908,80.339705,57,25,cnn_train,0
MH-002_19.609908_80.339974,MH-002,19.609908,80.339974,57,26,cnn_train,0
MH-002_19.609908_80.340244,MH-002,19.609908,80.340244,57,27,cnn_train,0
MH-002_19.609908_80.340513,MH-002,19.609908,80.340513,57,28,cnn_train,0
MH-002_19.609908_80.340783,MH-002,19.609908,80.340783,57,29,cnn_train,1
MH-002_19.609908_80.341052,MH-002,19.609908,80.341052,57,30,cnn_train,0
MH-002_19.609908_80.341322,MH-002,19.609908,80.341322,57,31,cnn_train,1
MH-002_19.609908_80.341591,MH-002,19.609908,80.341591,57,32,cnn_train,1
MH-002_19.609908_80.34186,MH-002,19.609908,80.34186,57,33,cnn_train,1
MH-002_19.609908_80.34213,MH-002,19.609908,80.34213,57,34,cnn_train,1
MH-002_19.609908_80.342399,MH-002,19.609908,80.342399,57,35,cnn_train,1
MH-002_19.609908_80.342669,MH-002,19.609908,80.342669,57,36,cnn_train,1
MH-002_19.609908_80.342938,MH-002,19.609908,80.342938,57,37,cnn_train,1
MH-002_19.609908_80.343208,MH-002,19.609908,80.343208,57,38,cnn_train,0
MH-002_19.609908_80.343477,MH-002,19.609908,80.343477,57,39,cnn_train,0
MH-002_19.609908_80.344286,MH-002,19.609908,80.344286,57,42,cnn_train,1
MH-002_19.609908_80.344555,MH-002,19.609908,80.344555,57,43,cnn_train,0
MH-002_19.609908_80.344825,MH-002,19.609908,80.344825,57,44,cnn_train,1
MH-002_19.609908_80.345094,MH-002,19.609908,80.345094,57,45,cnn_train,1
MH-002_19.609908_80.345364,MH-002,19.609908,80.345364,57,46,cnn_train,1
MH-002_19.609908_80.345633,MH-002,19.609908,80.345633,57,47,cnn_train,0
MH-002_19.609908_80.345903,MH-002,19.609908,80.345903,57,48,cnn_train,0
MH-002_19.609908_80.346172,MH-002,19.609908,80.346172,57,49,cnn_train,0
MH-002_19.609908_80.346442,MH-002,19.609908,80.346442,57,50,cnn_train,0
MH-002_19.609908_80.346711,MH-002,19.609908,80.346711,57,51,cnn_train,0
MH-002_19.609908_80.346981,MH-002,19.609908,80.346981,57,52,cnn_train,0
MH-002_19.609908_80.34725,MH-002,19.609908,80.34725,57,53,cnn_train,0
MH-002_19.609908_80.34752,MH-002,19.609908,80.34752,57,54,cnn_train,0
MH-002_19.609908_80.347789,MH-002,19.609908,80.347789,57,55,cnn_train,0
MH-002_19.609908_80.348598,MH-002,19.609908,80.348598,57,58,cnn_train,0
MH-002_19.609908_80.348867,MH-002,19.609908,80.348867,57,59,cnn_train,0
MH-002_19.609908_80.349137,MH-002,19.609908,80.349137,57,60,cnn_train,0
MH-002_19.609908_80.349406,MH-002,19.609908,80.349406,57,61,cnn_train,0
MH-002_19.609908_80.349945,MH-002,19.609908,80.349945,57,63,cnn_train,0
MH-002_19.609908_80.350215,MH-002,19.609908,80.350215,57,64,cnn_train,0
MH-002_19.609908_80.350484,MH-002,19.609908,80.350484,57,65,cnn_train,0
MH-002_19.609908_80.350754,MH-002,19.609908,80.350754,57,66,cnn_train,0
MH-002_19.609908_80.351023,MH-002,19.609908,80.351023,57,67,cnn_train,0
MH-002_19.609908_80.351293,MH-002,19.609908,80.351293,57,68,cnn_train,0
MH-002_19.609908_80.351562,MH-002,19.609908,80.351562,57,69,cnn_train,0
MH-002_19.609908_80.351832,MH-002,19.609908,80.351832,57,70,cnn_train,0
MH-002_19.609908_80.352101,MH-002,19.609908,80.352101,57,71,cnn_train,0
MH-002_19.609908_80.352371,MH-002,19.609908,80.352371,57,72,cnn_train,0
MH-002_19.609908_80.35264,MH-002,19.609908,80.35264,57,73,cnn_train,0
MH-002_19.609908_80.35291,MH-002,19.609908,80.35291,57,74,cnn_train,0
MH-002_19.609908_80.363959,MH-002,19.609908,80.363959,57,115,cnn_val,1
MH-002_19.609908_80.364229,MH-002,19.609908,80.364229,57,116,cnn_val,1
MH-002_19.609908_80.364498,MH-002,19.609908,80.364498,57,117,cnn_val,1
MH-002_19.609908_80.365307,MH-002,19.609908,80.365307,57,120,cnn_val,0
MH-002_19.609908_80.365576,MH-002,19.609908,80.365576,57,121,cnn_val,0
MH-002_19.609908_80.366385,MH-002,19.609908,80.366385,57,124,cnn_val,0
MH-002_19.609908_80.366654,MH-002,19.609908,80.366654,57,125,cnn_val,0
MH-002_19.609908_80.366923,MH-002,19.609908,80.366923,57,126,cnn_val,0
MH-002_19.609908_80.367193,MH-002,19.609908,80.367193,57,127,cnn_val,0
MH-002_19.609908_80.367462,MH-002,19.609908,80.367462,57,128,cnn_val,0
MH-002_19.609908_80.367732,MH-002,19.609908,80.367732,57,129,cnn_val,0
MH-002_19.609908_80.368001,MH-002,19.609908,80.368001,57,130,cnn_val,0
MH-002_19.609908_80.368271,MH-002,19.609908,80.368271,57,131,cnn_val,0
MH-002_19.609908_80.36854,MH-002,19.609908,80.36854,57,132,cnn_val,0
MH-002_19.609908_80.36881,MH-002,19.609908,80.36881,57,133,cnn_val,0
MH-002_19.609908_80.369079,MH-002,19.609908,80.369079,57,134,cnn_val,0
MH-002_19.609908_80.369618,MH-002,19.609908,80.369618,57,136,cnn_val,0
MH-002_19.609908_80.369888,MH-002,19.609908,80.369888,57,137,cnn_val,0
MH-002_19.609639_80.33674,MH-002,19.609639,80.33674,58,14,cnn_train,1
MH-002_19.609639_80.33701,MH-002,19.609639,80.33701,58,15,cnn_train,0
MH-002_19.609639_80.337279,MH-002,19.609639,80.337279,58,16,cnn_train,0
MH-002_19.609639_80.337549,MH-002,19.609639,80.337549,58,17,cnn_train,0
MH-002_19.609639_80.337818,MH-002,19.609639,80.337818,58,18,cnn_train,0
MH-002_19.609639_80.338088,MH-002,19.609639,80.338088,58,19,cnn_train,0
MH-002_19.609639_80.338357,MH-002,19.609639,80.338357,58,20,cnn_train,0
MH-002_19.609639_80.338627,MH-002,19.609639,80.338627,58,21,cnn_train,0
MH-002_19.609639_80.339705,MH-002,19.609639,80.339705,58,25,cnn_train,0
MH-002_19.609639_80.339974,MH-002,19.609639,80.339974,58,26,cnn_train,0
MH-002_19.609639_80.340244,MH-002,19.609639,80.340244,58,27,cnn_train,0
MH-002_19.609639_80.340513,MH-002,19.609639,80.340513,58,28,cnn_train,0
MH-002_19.609639_80.340783,MH-002,19.609639,80.340783,58,29,cnn_train,0
MH-002_19.609639_80.341052,MH-002,19.609639,80.341052,58,30,cnn_train,0
MH-002_19.609639_80.341322,MH-002,19.609639,80.341322,58,31,cnn_train,1
MH-002_19.609639_80.341591,MH-002,19.609639,80.341591,58,32,cnn_train,1
MH-002_19.609639_80.34186,MH-002,19.609639,80.34186,58,33,cnn_train,1
MH-002_19.609639_80.34213,MH-002,19.609639,80.34213,58,34,cnn_train,1
MH-002_19.609639_80.342399,MH-002,19.609639,80.342399,58,35,cnn_train,1
MH-002_19.609639_80.342669,MH-002,19.609639,80.342669,58,36,cnn_train,1
MH-002_19.609639_80.342938,MH-002,19.609639,80.342938,58,37,cnn_train,1
MH-002_19.609639_80.343208,MH-002,19.609639,80.343208,58,38,cnn_train,1
MH-002_19.609639_80.343477,MH-002,19.609639,80.343477,58,39,cnn_train,0
MH-002_19.609639_80.343747,MH-002,19.609639,80.343747,58,40,cnn_train,0
MH-002_19.609639_80.344825,MH-002,19.609639,80.344825,58,44,cnn_train,1
MH-002_19.609639_80.345094,MH-002,19.609639,80.345094,58,45,cnn_train,1
MH-002_19.609639_80.345364,MH-002,19.609639,80.345364,58,46,cnn_train,1
MH-002_19.609639_80.345633,MH-002,19.609639,80.345633,58,47,cnn_train,0
MH-002_19.609639_80.345903,MH-002,19.609639,80.345903,58,48,cnn_train,0
MH-002_19.609639_80.346172,MH-002,19.609639,80.346172,58,49,cnn_train,0
MH-002_19.609639_80.346442,MH-002,19.609639,80.346442,58,50,cnn_train,0
MH-002_19.609639_80.346711,MH-002,19.609639,80.346711,58,51,cnn_train,0
MH-002_19.609639_80.346981,MH-002,19.609639,80.346981,58,52,cnn_train,0
MH-002_19.609639_80.34725,MH-002,19.609639,80.34725,58,53,cnn_train,0
MH-002_19.609639_80.34752,MH-002,19.609639,80.34752,58,54,cnn_train,0
MH-002_19.609639_80.347789,MH-002,19.609639,80.347789,58,55,cnn_train,0
MH-002_19.609639_80.348328,MH-002,19.609639,80.348328,58,57,cnn_train,0
MH-002_19.609639_80.348598,MH-002,19.609639,80.348598,58,58,cnn_train,0
MH-002_19.609639_80.348867,MH-002,19.609639,80.348867,58,59,cnn_train,0
MH-002_19.609639_80.349945,MH-002,19.609639,80.349945,58,63,cnn_train,0
MH-002_19.609639_80.350215,MH-002,19.609639,80.350215,58,64,cnn_train,0
MH-002_19.609639_80.350484,MH-002,19.609639,80.350484,58,65,cnn_train,0
MH-002_19.609639_80.350754,MH-002,19.609639,80.350754,58,66,cnn_train,0
MH-002_19.609639_80.351023,MH-002,19.609639,80.351023,58,67,cnn_train,0
MH-002_19.609639_80.351293,MH-002,19.609639,80.351293,58,68,cnn_train,0
MH-002_19.609639_80.351562,MH-002,19.609639,80.351562,58,69,cnn_train,0
MH-002_19.609639_80.351832,MH-002,19.609639,80.351832,58,70,cnn_train,0
MH-002_19.609639_80.352101,MH-002,19.609639,80.352101,58,71,cnn_train,0
MH-002_19.609639_80.352371,MH-002,19.609639,80.352371,58,72,cnn_train,0
MH-002_19.609639_80.35264,MH-002,19.609639,80.35264,58,73,cnn_train,0
MH-002_19.609639_80.35291,MH-002,19.609639,80.35291,58,74,cnn_train,0
MH-002_19.609639_80.353179,MH-002,19.609639,80.353179,58,75,cnn_train,0
MH-002_19.609639_80.363959,MH-002,19.609639,80.363959,58,115,cnn_val,1
MH-002_19.609639_80.364229,MH-002,19.609639,80.364229,58,116,cnn_val,0
MH-002_19.609639_80.364498,MH-002,19.609639,80.364498,58,117,cnn_val,1
MH-002_19.609639_80.365037,MH-002,19.609639,80.365037,58,119,cnn_val,1
MH-002_19.609639_80.365846,MH-002,19.609639,80.365846,58,122,cnn_val,0
MH-002_19.609639_80.366115,MH-002,19.609639,80.366115,58,123,cnn_val,1
MH-002_19.609639_80.366385,MH-002,19.609639,80.366385,58,124,cnn_val,0
MH-002_19.609639_80.366654,MH-002,19.609639,80.366654,58,125,cnn_val,0
MH-002_19.609639_80.366923,MH-002,19.609639,80.366923,58,126,cnn_val,0
MH-002_19.609639_80.367193,MH-002,19.609639,80.367193,58,127,cnn_val,0
MH-002_19.609639_80.367462,MH-002,19.609639,80.367462,58,128,cnn_val,0
MH-002_19.609639_80.367732,MH-002,19.609639,80.367732,58,129,cnn_val,0
MH-002_19.609639_80.368001,MH-002,19.609639,80.368001,58,130,cnn_val,0
MH-002_19.609639_80.368271,MH-002,19.609639,80.368271,58,131,cnn_val,0
MH-002_19.609639_80.36854,MH-002,19.609639,80.36854,58,132,cnn_val,0
MH-002_19.609639_80.36881,MH-002,19.609639,80.36881,58,133,cnn_val,0
MH-002_19.609639_80.369079,MH-002,19.609639,80.369079,58,134,cnn_val,0
MH-002_19.609639_80.369618,MH-002,19.609639,80.369618,58,136,cnn_val,0
MH-002_19.609639_80.369888,MH-002,19.609639,80.369888,58,137,cnn_val,0
MH-002_19.609639_80.376356,MH-002,19.609639,80.376356,58,161,cnn_test,0
MH-002_19.609369_80.33674,MH-002,19.609369,80.33674,59,14,cnn_train,1
MH-002_19.609369_80.33701,MH-002,19.609369,80.33701,59,15,cnn_train,1
MH-002_19.609369_80.337279,MH-002,19.609369,80.337279,59,16,cnn_train,0
MH-002_19.609369_80.337549,MH-002,19.609369,80.337549,59,17,cnn_train,0
MH-002_19.609369_80.337818,MH-002,19.609369,80.337818,59,18,cnn_train,0
MH-002_19.609369_80.338088,MH-002,19.609369,80.338088,59,19,cnn_train,0
MH-002_19.609369_80.338357,MH-002,19.609369,80.338357,59,20,cnn_train,0
MH-002_19.609369_80.338627,MH-002,19.609369,80.338627,59,21,cnn_train,0
MH-002_19.609369_80.339166,MH-002,19.609369,80.339166,59,23,cnn_train,0
MH-002_19.609369_80.339974,MH-002,19.609369,80.339974,59,26,cnn_train,0
MH-002_19.609369_80.340244,MH-002,19.609369,80.340244,59,27,cnn_train,0
MH-002_19.609369_80.340513,MH-002,19.609369,80.340513,59,28,cnn_train,0
MH-002_19.609369_80.340783,MH-002,19.609369,80.340783,59,29,cnn_train,0
MH-002_19.609369_80.341052,MH-002,19.609369,80.341052,59,30,cnn_train,0
MH-002_19.609369_80.341322,MH-002,19.609369,80.341322,59,31,cnn_train,1
MH-002_19.609369_80.341591,MH-002,19.609369,80.341591,59,32,cnn_train,1
MH-002_19.609369_80.34186,MH-002,19.609369,80.34186,59,33,cnn_train,1
MH-002_19.609369_80.34213,MH-002,19.609369,80.34213,59,34,cnn_train,1
MH-002_19.609369_80.342399,MH-002,19.609369,80.342399,59,35,cnn_train,1
MH-002_19.609369_80.342669,MH-002,19.609369,80.342669,59,36,cnn_train,0
MH-002_19.609369_80.342938,MH-002,19.609369,80.342938,59,37,cnn_train,1
MH-002_19.609369_80.343208,MH-002,19.609369,80.343208,59,38,cnn_train,1
MH-002_19.609369_80.343477,MH-002,19.609369,80.343477,59,39,cnn_train,1
MH-002_19.609369_80.343747,MH-002,19.609369,80.343747,59,40,cnn_train,0
MH-002_19.609369_80.344016,MH-002,19.609369,80.344016,59,41,cnn_train,0
MH-002_19.609369_80.345094,MH-002,19.609369,80.345094,59,45,cnn_train,1
MH-002_19.609369_80.345364,MH-002,19.609369,80.345364,59,46,cnn_train,1
MH-002_19.609369_80.345633,MH-002,19.609369,80.345633,59,47,cnn_train,1
MH-002_19.609369_80.345903,MH-002,19.609369,80.345903,59,48,cnn_train,0
MH-002_19.609369_80.346172,MH-002,19.609369,80.346172,59,49,cnn_train,0
MH-002_19.609369_80.346442,MH-002,19.609369,80.346442,59,50,cnn_train,0
MH-002_19.609369_80.346711,MH-002,19.609369,80.346711,59,51,cnn_train,0
MH-002_19.609369_80.346981,MH-002,19.609369,80.346981,59,52,cnn_train,0
MH-002_19.609369_80.34725,MH-002,19.609369,80.34725,59,53,cnn_train,0
MH-002_19.609369_80.34752,MH-002,19.609369,80.34752,59,54,cnn_train,1
MH-002_19.609369_80.347789,MH-002,19.609369,80.347789,59,55,cnn_train,0
MH-002_19.609369_80.348328,MH-002,19.609369,80.348328,59,57,cnn_train,0
MH-002_19.609369_80.348598,MH-002,19.609369,80.348598,59,58,cnn_train,0
MH-002_19.609369_80.349945,MH-002,19.609369,80.349945,59,63,cnn_train,0
MH-002_19.609369_80.350215,MH-002,19.609369,80.350215,59,64,cnn_train,0
MH-002_19.609369_80.350484,MH-002,19.609369,80.350484,59,65,cnn_train,0
MH-002_19.609369_80.350754,MH-002,19.609369,80.350754,59,66,cnn_train,0
MH-002_19.609369_80.351023,MH-002,19.609369,80.351023,59,67,cnn_train,0
MH-002_19.609369_80.351293,MH-002,19.609369,80.351293,59,68,cnn_train,0
MH-002_19.609369_80.351562,MH-002,19.609369,80.351562,59,69,cnn_train,0
MH-002_19.609369_80.351832,MH-002,19.609369,80.351832,59,70,cnn_train,0
MH-002_19.609369_80.352101,MH-002,19.609369,80.352101,59,71,cnn_train,0
MH-002_19.609369_80.352371,MH-002,19.609369,80.352371,59,72,cnn_train,0
MH-002_19.609369_80.35264,MH-002,19.609369,80.35264,59,73,cnn_train,0
MH-002_19.609369_80.35291,MH-002,19.609369,80.35291,59,74,cnn_train,0
MH-002_19.609369_80.353179,MH-002,19.609369,80.353179,59,75,cnn_train,0
MH-002_19.609369_80.363959,MH-002,19.609369,80.363959,59,115,cnn_val,0
MH-002_19.609369_80.364229,MH-002,19.609369,80.364229,59,116,cnn_val,0
MH-002_19.609369_80.364498,MH-002,19.609369,80.364498,59,117,cnn_val,0
MH-002_19.609369_80.365307,MH-002,19.609369,80.365307,59,120,cnn_val,0
MH-002_19.609369_80.365576,MH-002,19.609369,80.365576,59,121,cnn_val,0
MH-002_19.609369_80.365846,MH-002,19.609369,80.365846,59,122,cnn_val,1
MH-002_19.609369_80.366115,MH-002,19.609369,80.366115,59,123,cnn_val,0
MH-002_19.609369_80.366385,MH-002,19.609369,80.366385,59,124,cnn_val,0
MH-002_19.609369_80.366654,MH-002,19.609369,80.366654,59,125,cnn_val,0
MH-002_19.609369_80.367193,MH-002,19.609369,80.367193,59,127,cnn_val,0
MH-002_19.609369_80.367462,MH-002,19.609369,80.367462,59,128,cnn_val,0
MH-002_19.609369_80.367732,MH-002,19.609369,80.367732,59,129,cnn_val,0
MH-002_19.609369_80.368001,MH-002,19.609369,80.368001,59,130,cnn_val,0
MH-002_19.609369_80.368271,MH-002,19.609369,80.368271,59,131,cnn_val,0
MH-002_19.609369_80.369079,MH-002,19.609369,80.369079,59,134,cnn_val,0
MH-002_19.609369_80.369349,MH-002,19.609369,80.369349,59,135,cnn_val,0
MH-002_19.609369_80.369618,MH-002,19.609369,80.369618,59,136,cnn_val,0
MH-002_19.609369_80.369888,MH-002,19.609369,80.369888,59,137,cnn_val,0
MH-002_19.609369_80.376625,MH-002,19.609369,80.376625,59,162,cnn_test,0
MH-002_19.6091_80.33701,MH-002,19.6091,80.33701,60,15,cnn_train,1
MH-002_19.6091_80.337279,MH-002,19.6091,80.337279,60,16,cnn_train,0
MH-002_19.6091_80.337549,MH-002,19.6091,80.337549,60,17,cnn_train,0
MH-002_19.6091_80.337818,MH-002,19.6091,80.337818,60,18,cnn_train,0
MH-002_19.6091_80.338088,MH-002,19.6091,80.338088,60,19,cnn_train,0
MH-002_19.6091_80.338357,MH-002,19.6091,80.338357,60,20,cnn_train,0
MH-002_19.6091_80.338627,MH-002,19.6091,80.338627,60,21,cnn_train,0
MH-002_19.6091_80.338896,MH-002,19.6091,80.338896,60,22,cnn_train,0
MH-002_19.6091_80.339435,MH-002,19.6091,80.339435,60,24,cnn_train,0
MH-002_19.6091_80.339705,MH-002,19.6091,80.339705,60,25,cnn_train,0
MH-002_19.6091_80.340244,MH-002,19.6091,80.340244,60,27,cnn_train,0
MH-002_19.6091_80.340513,MH-002,19.6091,80.340513,60,28,cnn_train,0
MH-002_19.6091_80.340783,MH-002,19.6091,80.340783,60,29,cnn_train,0
MH-002_19.6091_80.341052,MH-002,19.6091,80.341052,60,30,cnn_train,0
MH-002_19.6091_80.341322,MH-002,19.6091,80.341322,60,31,cnn_train,0
MH-002_19.6091_80.341591,MH-002,19.6091,80.341591,60,32,cnn_train,0
MH-002_19.6091_80.34186,MH-002,19.6091,80.34186,60,33,cnn_train,1
MH-002_19.6091_80.34213,MH-002,19.6091,80.34213,60,34,cnn_train,1
MH-002_19.6091_80.342399,MH-002,19.6091,80.342399,60,35,cnn_train,1
MH-002_19.6091_80.342669,MH-002,19.6091,80.342669,60,36,cnn_train,1
MH-002_19.6091_80.342938,MH-002,19.6091,80.342938,60,37,cnn_train,1
MH-002_19.6091_80.343208,MH-002,19.6091,80.343208,60,38,cnn_train,1
MH-002_19.6091_80.343477,MH-002,19.6091,80.343477,60,39,cnn_train,1
MH-002_19.6091_80.343747,MH-002,19.6091,80.343747,60,40,cnn_train,1
MH-002_19.6091_80.344016,MH-002,19.6091,80.344016,60,41,cnn_train,0
MH-002_19.6091_80.344286,MH-002,19.6091,80.344286,60,42,cnn_train,0
MH-002_19.6091_80.345364,MH-002,19.6091,80.345364,60,46,cnn_train,1
MH-002_19.6091_80.345633,MH-002,19.6091,80.345633,60,47,cnn_train,1
MH-002_19.6091_80.345903,MH-002,19.6091,80.345903,60,48,cnn_train,1
MH-002_19.6091_80.346172,MH-002,19.6091,80.346172,60,49,cnn_train,1
MH-002_19.6091_80.346442,MH-002,19.6091,80.346442,60,50,cnn_train,0
MH-002_19.6091_80.346711,MH-002,19.6091,80.346711,60,51,cnn_train,1
MH-002_19.6091_80.346981,MH-002,19.6091,80.346981,60,52,cnn_train,0
MH-002_19.6091_80.34725,MH-002,19.6091,80.34725,60,53,cnn_train,0
MH-002_19.6091_80.34752,MH-002,19.6091,80.34752,60,54,cnn_train,0
MH-002_19.6091_80.347789,MH-002,19.6091,80.347789,60,55,cnn_train,0
MH-002_19.6091_80.348059,MH-002,19.6091,80.348059,60,56,cnn_train,0
MH-002_19.6091_80.348328,MH-002,19.6091,80.348328,60,57,cnn_train,0
MH-002_19.6091_80.348598,MH-002,19.6091,80.348598,60,58,cnn_train,0
MH-002_19.6091_80.350215,MH-002,19.6091,80.350215,60,64,cnn_train,1
MH-002_19.6091_80.350484,MH-002,19.6091,80.350484,60,65,cnn_train,1
MH-002_19.6091_80.350754,MH-002,19.6091,80.350754,60,66,cnn_train,0
MH-002_19.6091_80.351023,MH-002,19.6091,80.351023,60,67,cnn_train,0
MH-002_19.6091_80.351293,MH-002,19.6091,80.351293,60,68,cnn_train,0
MH-002_19.6091_80.351562,MH-002,19.6091,80.351562,60,69,cnn_train,0
MH-002_19.6091_80.351832,MH-002,19.6091,80.351832,60,70,cnn_train,1
MH-002_19.6091_80.352101,MH-002,19.6091,80.352101,60,71,cnn_train,0
MH-002_19.6091_80.352371,MH-002,19.6091,80.352371,60,72,cnn_train,0
MH-002_19.6091_80.35264,MH-002,19.6091,80.35264,60,73,cnn_train,0
MH-002_19.6091_80.35291,MH-002,19.6091,80.35291,60,74,cnn_train,0
MH-002_19.6091_80.353179,MH-002,19.6091,80.353179,60,75,cnn_train,0
MH-002_19.6091_80.353449,MH-002,19.6091,80.353449,60,76,cnn_train,0
MH-002_19.6091_80.363959,MH-002,19.6091,80.363959,60,115,cnn_val,0
MH-002_19.6091_80.364229,MH-002,19.6091,80.364229,60,116,cnn_val,0
MH-002_19.6091_80.364498,MH-002,19.6091,80.364498,60,117,cnn_val,0
MH-002_19.6091_80.364768,MH-002,19.6091,80.364768,60,118,cnn_val,1
MH-002_19.6091_80.365307,MH-002,19.6091,80.365307,60,120,cnn_val,0
MH-002_19.6091_80.365576,MH-002,19.6091,80.365576,60,121,cnn_val,0
MH-002_19.6091_80.365846,MH-002,19.6091,80.365846,60,122,cnn_val,0
MH-002_19.6091_80.366115,MH-002,19.6091,80.366115,60,123,cnn_val,0
MH-002_19.6091_80.366385,MH-002,19.6091,80.366385,60,124,cnn_val,0
MH-002_19.6091_80.366654,MH-002,19.6091,80.366654,60,125,cnn_val,0
MH-002_19.6091_80.367462,MH-002,19.6091,80.367462,60,128,cnn_val,0
MH-002_19.6091_80.367732,MH-002,19.6091,80.367732,60,129,cnn_val,0
MH-002_19.6091_80.368001,MH-002,19.6091,80.368001,60,130,cnn_val,0
MH-002_19.6091_80.36881,MH-002,19.6091,80.36881,60,133,cnn_val,0
MH-002_19.6091_80.369079,MH-002,19.6091,80.369079,60,134,cnn_val,0
MH-002_19.6091_80.369349,MH-002,19.6091,80.369349,60,135,cnn_val,0
MH-002_19.6091_80.369618,MH-002,19.6091,80.369618,60,136,cnn_val,0
MH-002_19.6091_80.369888,MH-002,19.6091,80.369888,60,137,cnn_val,0
MH-002_19.6091_80.376356,MH-002,19.6091,80.376356,60,161,cnn_test,0
MH-002_19.6091_80.376895,MH-002,19.6091,80.376895,60,163,cnn_test,0
MH-002_19.60883_80.33701,MH-002,19.60883,80.33701,61,15,cnn_train,0
MH-002_19.60883_80.337279,MH-002,19.60883,80.337279,61,16,cnn_train,0
MH-002_19.60883_80.337549,MH-002,19.60883,80.337549,61,17,cnn_train,0
MH-002_19.60883_80.337818,MH-002,19.60883,80.337818,61,18,cnn_train,0
MH-002_19.60883_80.338088,MH-002,19.60883,80.338088,61,19,cnn_train,0
MH-002_19.60883_80.338357,MH-002,19.60883,80.338357,61,20,cnn_train,0
MH-002_19.60883_80.338627,MH-002,19.60883,80.338627,61,21,cnn_train,0
MH-002_19.60883_80.338896,MH-002,19.60883,80.338896,61,22,cnn_train,0
MH-002_19.60883_80.339166,MH-002,19.60883,80.339166,61,23,cnn_train,0
MH-002_19.60883_80.339705,MH-002,19.60883,80.339705,61,25,cnn_train,0
MH-002_19.60883_80.340513,MH-002,19.60883,80.340513,61,28,cnn_train,0
MH-002_19.60883_80.340783,MH-002,19.60883,80.340783,61,29,cnn_train,0
MH-002_19.60883_80.341052,MH-002,19.60883,80.341052,61,30,cnn_train,0
MH-002_19.60883_80.341322,MH-002,19.60883,80.341322,61,31,cnn_train,0
MH-002_19.60883_80.341591,MH-002,19.60883,80.341591,61,32,cnn_train,0
MH-002_19.60883_80.34186,MH-002,19.60883,80.34186,61,33,cnn_train,0
MH-002_19.60883_80.34213,MH-002,19.60883,80.34213,61,34,cnn_train,1
MH-002_19.60883_80.342399,MH-002,19.60883,80.342399,61,35,cnn_train,0
MH-002_19.60883_80.342669,MH-002,19.60883,80.342669,61,36,cnn_train,1
MH-002_19.60883_80.342938,MH-002,19.60883,80.342938,61,37,cnn_train,1
MH-002_19.60883_80.343208,MH-002,19.60883,80.343208,61,38,cnn_train,1
MH-002_19.60883_80.343477,MH-002,19.60883,80.343477,61,39,cnn_train,1
MH-002_19.60883_80.343747,MH-002,19.60883,80.343747,61,40,cnn_train,1
MH-002_19.60883_80.344016,MH-002,19.60883,80.344016,61,41,cnn_train,1
MH-002_19.60883_80.344286,MH-002,19.60883,80.344286,61,42,cnn_train,0
MH-002_19.60883_80.344555,MH-002,19.60883,80.344555,61,43,cnn_train,0
MH-002_19.60883_80.345903,MH-002,19.60883,80.345903,61,48,cnn_train,1
MH-002_19.60883_80.346172,MH-002,19.60883,80.346172,61,49,cnn_train,1
MH-002_19.60883_80.346442,MH-002,19.60883,80.346442,61,50,cnn_train,1
MH-002_19.60883_80.346711,MH-002,19.60883,80.346711,61,51,cnn_train,1
MH-002_19.60883_80.346981,MH-002,19.60883,80.346981,61,52,cnn_train,0
MH-002_19.60883_80.34725,MH-002,19.60883,80.34725,61,53,cnn_train,0
MH-002_19.60883_80.34752,MH-002,19.60883,80.34752,61,54,cnn_train,0
MH-002_19.60883_80.347789,MH-002,19.60883,80.347789,61,55,cnn_train,0
MH-002_19.60883_80.348328,MH-002,19.60883,80.348328,61,57,cnn_train,0
MH-002_19.60883_80.350215,MH-002,19.60883,80.350215,61,64,cnn_train,0
MH-002_19.60883_80.350484,MH-002,19.60883,80.350484,61,65,cnn_train,0
MH-002_19.60883_80.350754,MH-002,19.60883,80.350754,61,66,cnn_train,0
MH-002_19.60883_80.351023,MH-002,19.60883,80.351023,61,67,cnn_train,0
MH-002_19.60883_80.351293,MH-002,19.60883,80.351293,61,68,cnn_train,0
MH-002_19.60883_80.351562,MH-002,19.60883,80.351562,61,69,cnn_train,0
MH-002_19.60883_80.351832,MH-002,19.60883,80.351832,61,70,cnn_train,1
MH-002_19.60883_80.352101,MH-002,19.60883,80.352101,61,71,cnn_train,1
MH-002_19.60883_80.352371,MH-002,19.60883,80.352371,61,72,cnn_train,0
MH-002_19.60883_80.35264,MH-002,19.60883,80.35264,61,73,cnn_train,1
MH-002_19.60883_80.35291,MH-002,19.60883,80.35291,61,74,cnn_train,0
MH-002_19.60883_80.353179,MH-002,19.60883,80.353179,61,75,cnn_train,0
MH-002_19.60883_80.353449,MH-002,19.60883,80.353449,61,76,cnn_train,0
MH-002_19.60883_80.353718,MH-002,19.60883,80.353718,61,77,cnn_train,0
MH-002_19.60883_80.363959,MH-002,19.60883,80.363959,61,115,cnn_val,0
MH-002_19.60883_80.364229,MH-002,19.60883,80.364229,61,116,cnn_val,1
MH-002_19.60883_80.364498,MH-002,19.60883,80.364498,61,117,cnn_val,1
MH-002_19.60883_80.364768,MH-002,19.60883,80.364768,61,118,cnn_val,0
MH-002_19.60883_80.365037,MH-002,19.60883,80.365037,61,119,cnn_val,1
MH-002_19.60883_80.365576,MH-002,19.60883,80.365576,61,121,cnn_val,1
MH-002_19.60883_80.365846,MH-002,19.60883,80.365846,61,122,cnn_val,0
MH-002_19.60883_80.366115,MH-002,19.60883,80.366115,61,123,cnn_val,0
MH-002_19.60883_80.366385,MH-002,19.60883,80.366385,61,124,cnn_val,0
MH-002_19.60883_80.366654,MH-002,19.60883,80.366654,61,125,cnn_val,0
MH-002_19.60883_80.36854,MH-002,19.60883,80.36854,61,132,cnn_val,0
MH-002_19.60883_80.36881,MH-002,19.60883,80.36881,61,133,cnn_val,0
MH-002_19.60883_80.369079,MH-002,19.60883,80.369079,61,134,cnn_val,0
MH-002_19.60883_80.369349,MH-002,19.60883,80.369349,61,135,cnn_val,0
MH-002_19.60883_80.369618,MH-002,19.60883,80.369618,61,136,cnn_val,0
MH-002_19.60883_80.369888,MH-002,19.60883,80.369888,61,137,cnn_val,0
MH-002_19.60883_80.377164,MH-002,19.60883,80.377164,61,164,cnn_test,0
MH-002_19.608561_80.337279,MH-002,19.608561,80.337279,62,16,cnn_train,0
MH-002_19.608561_80.337549,MH-002,19.608561,80.337549,62,17,cnn_train,0
MH-002_19.608561_80.337818,MH-002,19.608561,80.337818,62,18,cnn_train,0
MH-002_19.608561_80.338088,MH-002,19.608561,80.338088,62,19,cnn_train,0
MH-002_19.608561_80.338357,MH-002,19.608561,80.338357,62,20,cnn_train,0
MH-002_19.608561_80.338627,MH-002,19.608561,80.338627,62,21,cnn_train,0
MH-002_19.608561_80.338896,MH-002,19.608561,80.338896,62,22,cnn_train,0
MH-002_19.608561_80.339166,MH-002,19.608561,80.339166,62,23,cnn_train,0
MH-002_19.608561_80.339435,MH-002,19.608561,80.339435,62,24,cnn_train,0
MH-002_19.608561_80.340783,MH-002,19.608561,80.340783,62,29,cnn_train,0
MH-002_19.608561_80.341052,MH-002,19.608561,80.341052,62,30,cnn_train,0
MH-002_19.608561_80.341322,MH-002,19.608561,80.341322,62,31,cnn_train,0
MH-002_19.608561_80.341591,MH-002,19.608561,80.341591,62,32,cnn_train,0
MH-002_19.608561_80.34186,MH-002,19.608561,80.34186,62,33,cnn_train,0
MH-002_19.608561_80.34213,MH-002,19.608561,80.34213,62,34,cnn_train,0
MH-002_19.608561_80.342399,MH-002,19.608561,80.342399,62,35,cnn_train,0
MH-002_19.608561_80.342669,MH-002,19.608561,80.342669,62,36,cnn_train,1
MH-002_19.608561_80.342938,MH-002,19.608561,80.342938,62,37,cnn_train,1
MH-002_19.608561_80.343208,MH-002,19.608561,80.343208,62,38,cnn_train,1
MH-002_19.608561_80.343477,MH-002,19.608561,80.343477,62,39,cnn_train,1
MH-002_19.608561_80.343747,MH-002,19.608561,80.343747,62,40,cnn_train,1
MH-002_19.608561_80.344016,MH-002,19.608561,80.344016,62,41,cnn_train,1
MH-002_19.608561_80.344286,MH-002,19.608561,80.344286,62,42,cnn_train,1
MH-002_19.608561_80.344555,MH-002,19.608561,80.344555,62,43,cnn_train,1
MH-002_19.608561_80.344825,MH-002,19.608561,80.344825,62,44,cnn_train,0
MH-002_19.608561_80.345094,MH-002,19.608561,80.345094,62,45,cnn_train,0
MH-002_19.608561_80.346442,MH-002,19.608561,80.346442,62,50,cnn_train,1
MH-002_19.608561_80.346711,MH-002,19.608561,80.346711,62,51,cnn_train,1
MH-002_19.608561_80.346981,MH-002,19.608561,80.346981,62,52,cnn_train,1
MH-002_19.608561_80.34725,MH-002,19.608561,80.34725,62,53,cnn_train,1
MH-002_19.608561_80.34752,MH-002,19.608561,80.34752,62,54,cnn_train,0
MH-002_19.608561_80.347789,MH-002,19.608561,80.347789,62,55,cnn_train,0
MH-002_19.608561_80.348059,MH-002,19.608561,80.348059,62,56,cnn_train,0
MH-002_19.608561_80.350484,MH-002,19.608561,80.350484,62,65,cnn_train,1
MH-002_19.608561_80.350754,MH-002,19.608561,80.350754,62,66,cnn_train,1
MH-002_19.608561_80.351023,MH-002,19.608561,80.351023,62,67,cnn_train,0
MH-002_19.608561_80.351293,MH-002,19.608561,80.351293,62,68,cnn_train,1
MH-002_19.608561_80.351562,MH-002,19.608561,80.351562,62,69,cnn_train,1
MH-002_19.608561_80.351832,MH-002,19.608561,80.351832,62,70,cnn_train,0
MH-002_19.608561_80.352101,MH-002,19.608561,80.352101,62,71,cnn_train,0
MH-002_19.608561_80.352371,MH-002,19.608561,80.352371,62,72,cnn_train,1
MH-002_19.608561_80.35264,MH-002,19.608561,80.35264,62,73,cnn_train,0
MH-002_19.608561_80.35291,MH-002,19.608561,80.35291,62,74,cnn_train,0
MH-002_19.608561_80.353179,MH-002,19.608561,80.353179,62,75,cnn_train,0
MH-002_19.608561_80.353449,MH-002,19.608561,80.353449,62,76,cnn_train,0
MH-002_19.608561_80.353718,MH-002,19.608561,80.353718,62,77,cnn_train,0
MH-002_19.608561_80.363959,MH-002,19.608561,80.363959,62,115,cnn_val,1
MH-002_19.608561_80.364229,MH-002,19.608561,80.364229,62,116,cnn_val,1
MH-002_19.608561_80.364498,MH-002,19.608561,80.364498,62,117,cnn_val,1
MH-002_19.608561_80.364768,MH-002,19.608561,80.364768,62,118,cnn_val,0
MH-002_19.608561_80.365037,MH-002,19.608561,80.365037,62,119,cnn_val,0
MH-002_19.608561_80.365307,MH-002,19.608561,80.365307,62,120,cnn_val,0
MH-002_19.608561_80.365846,MH-002,19.608561,80.365846,62,122,cnn_val,0
MH-002_19.608561_80.366115,MH-002,19.608561,80.366115,62,123,cnn_val,0
MH-002_19.608561_80.366385,MH-002,19.608561,80.366385,62,124,cnn_val,0
MH-002_19.608561_80.366654,MH-002,19.608561,80.366654,62,125,cnn_val,0
MH-002_19.608561_80.367732,MH-002,19.608561,80.367732,62,129,cnn_val,0
MH-002_19.608561_80.36881,MH-002,19.608561,80.36881,62,133,cnn_val,0
MH-002_19.608561_80.377164,MH-002,19.608561,80.377164,62,164,cnn_test,0
MH-002_19.608561_80.377434,MH-002,19.608561,80.377434,62,165,cnn_test,0
MH-002_19.608291_80.337549,MH-002,19.608291,80.337549,63,17,cnn_train,0
MH-002_19.608291_80.337818,MH-002,19.608291,80.337818,63,18,cnn_train,0
MH-002_19.608291_80.338088,MH-002,19.608291,80.338088,63,19,cnn_train,0
MH-002_19.608291_80.338357,MH-002,19.608291,80.338357,63,20,cnn_train,0
MH-002_19.608291_80.338627,MH-002,19.608291,80.338627,63,21,cnn_train,0
MH-002_19.608291_80.338896,MH-002,19.608291,80.338896,63,22,cnn_train,0
MH-002_19.608291_80.339166,MH-002,19.608291,80.339166,63,23,cnn_train,0
MH-002_19.608291_80.339435,MH-002,19.608291,80.339435,63,24,cnn_train,0
MH-002_19.608291_80.339705,MH-002,19.608291,80.339705,63,25,cnn_train,0
MH-002_19.608291_80.340244,MH-002,19.608291,80.340244,63,27,cnn_train,0
MH-002_19.608291_80.340513,MH-002,19.608291,80.340513,63,28,cnn_train,0
MH-002_19.608291_80.340783,MH-002,19.608291,80.340783,63,29,cnn_train,0
MH-002_19.608291_80.341322,MH-002,19.608291,80.341322,63,31,cnn_train,0
MH-002_19.608291_80.341591,MH-002,19.608291,80.341591,63,32,cnn_train,0
MH-002_19.608291_80.34186,MH-002,19.608291,80.34186,63,33,cnn_train,0
MH-002_19.608291_80.34213,MH-002,19.608291,80.34213,63,34,cnn_train,0
MH-002_19.608291_80.342399,MH-002,19.608291,80.342399,63,35,cnn_train,0
MH-002_19.608291_80.342669,MH-002,19.608291,80.342669,63,36,cnn_train,1
MH-002_19.608291_80.342938,MH-002,19.608291,80.342938,63,37,cnn_train,1
MH-002_19.608291_80.343208,MH-002,19.608291,80.343208,63,38,cnn_train,1
MH-002_19.608291_80.343477,MH-002,19.608291,80.343477,63,39,cnn_train,1
MH-002_19.608291_80.343747,MH-002,19.608291,80.343747,63,40,cnn_train,0
MH-002_19.608291_80.344016,MH-002,19.608291,80.344016,63,41,cnn_train,1
MH-002_19.608291_80.344286,MH-002,19.608291,80.344286,63,42,cnn_train,1
MH-002_19.608291_80.344555,MH-002,19.608291,80.344555,63,43,cnn_train,1
MH-002_19.608291_80.344825,MH-002,19.608291,80.344825,63,44,cnn_train,1
MH-002_19.608291_80.345094,MH-002,19.608291,80.345094,63,45,cnn_train,1
MH-002_19.608291_80.345364,MH-002,19.608291,80.345364,63,46,cnn_train,0
MH-002_19.608291_80.345633,MH-002,19.608291,80.345633,63,47,cnn_train,0
MH-002_19.608291_80.350754,MH-002,19.608291,80.350754,63,66,cnn_train,1
MH-002_19.608291_80.351023,MH-002,19.608291,80.351023,63,67,cnn_train,1
MH-002_19.608291_80.351293,MH-002,19.608291,80.351293,63,68,cnn_train,1
MH-002_19.608291_80.351562,MH-002,19.608291,80.351562,63,69,cnn_train,1
MH-002_19.608291_80.351832,MH-002,19.608291,80.351832,63,70,cnn_train,1
MH-002_19.608291_80.352101,MH-002,19.608291,80.352101,63,71,cnn_train,0
MH-002_19.608291_80.352371,MH-002,19.608291,80.352371,63,72,cnn_train,1
MH-002_19.608291_80.35264,MH-002,19.608291,80.35264,63,73,cnn_train,0
MH-002_19.608291_80.35291,MH-002,19.608291,80.35291,63,74,cnn_train,0
MH-002_19.608291_80.353179,MH-002,19.608291,80.353179,63,75,cnn_train,0
MH-002_19.608291_80.353449,MH-002,19.608291,80.353449,63,76,cnn_train,0
MH-002_19.608291_80.363959,MH-002,19.608291,80.363959,63,115,cnn_val,1
MH-002_19.608291_80.364229,MH-002,19.608291,80.364229,63,116,cnn_val,1
MH-002_19.608291_80.364498,MH-002,19.608291,80.364498,63,117,cnn_val,1
MH-002_19.608291_80.364768,MH-002,19.608291,80.364768,63,118,cnn_val,1
MH-002_19.608291_80.365037,MH-002,19.608291,80.365037,63,119,cnn_val,0
MH-002_19.608291_80.365307,MH-002,19.608291,80.365307,63,120,cnn_val,1
MH-002_19.608291_80.366115,MH-002,19.608291,80.366115,63,123,cnn_val,0
MH-002_19.608291_80.366385,MH-002,19.608291,80.366385,63,124,cnn_val,0
MH-002_19.608291_80.366654,MH-002,19.608291,80.366654,63,125,cnn_val,0
MH-002_19.608291_80.366923,MH-002,19.608291,80.366923,63,126,cnn_val,0
MH-002_19.608291_80.367732,MH-002,19.608291,80.367732,63,129,cnn_val,0
MH-002_19.608291_80.369079,MH-002,19.608291,80.369079,63,134,cnn_val,0
MH-002_19.608291_80.369349,MH-002,19.608291,80.369349,63,135,cnn_val,1
MH-002_19.608291_80.369618,MH-002,19.608291,80.369618,63,136,cnn_val,1
MH-002_19.608291_80.369888,MH-002,19.608291,80.369888,63,137,cnn_val,0
MH-002_19.608291_80.376356,MH-002,19.608291,80.376356,63,161,cnn_test,0
MH-002_19.608291_80.376625,MH-002,19.608291,80.376625,63,162,cnn_test,0
MH-002_19.608291_80.376895,MH-002,19.608291,80.376895,63,163,cnn_test,0
MH-002_19.608291_80.377164,MH-002,19.608291,80.377164,63,164,cnn_test,0
MH-002_19.608291_80.377434,MH-002,19.608291,80.377434,63,165,cnn_test,0
MH-002_19.608291_80.377703,MH-002,19.608291,80.377703,63,166,cnn_test,0
MH-002_19.608022_80.337549,MH-002,19.608022,80.337549,64,17,cnn_train,0
MH-002_19.608022_80.337818,MH-002,19.608022,80.337818,64,18,cnn_train,0
MH-002_19.608022_80.338088,MH-002,19.608022,80.338088,64,19,cnn_train,0
MH-002_19.608022_80.338357,MH-002,19.608022,80.338357,64,20,cnn_train,0
MH-002_19.608022_80.338627,MH-002,19.608022,80.338627,64,21,cnn_train,0
MH-002_19.608022_80.338896,MH-002,19.608022,80.338896,64,22,cnn_train,0
MH-002_19.608022_80.339166,MH-002,19.608022,80.339166,64,23,cnn_train,1
MH-002_19.608022_80.339435,MH-002,19.608022,80.339435,64,24,cnn_train,0
MH-002_19.608022_80.339705,MH-002,19.608022,80.339705,64,25,cnn_train,0
MH-002_19.608022_80.340244,MH-002,19.608022,80.340244,64,27,cnn_train,0
MH-002_19.608022_80.340513,MH-002,19.608022,80.340513,64,28,cnn_train,0
MH-002_19.608022_80.340783,MH-002,19.608022,80.340783,64,29,cnn_train,0
MH-002_19.608022_80.341052,MH-002,19.608022,80.341052,64,30,cnn_train,0
MH-002_19.608022_80.341591,MH-002,19.608022,80.341591,64,32,cnn_train,0
MH-002_19.608022_80.34186,MH-002,19.608022,80.34186,64,33,cnn_train,0
MH-002_19.608022_80.34213,MH-002,19.608022,80.34213,64,34,cnn_train,0
MH-002_19.608022_80.342399,MH-002,19.608022,80.342399,64,35,cnn_train,1
MH-002_19.608022_80.342669,MH-002,19.608022,80.342669,64,36,cnn_train,0
MH-002_19.608022_80.342938,MH-002,19.608022,80.342938,64,37,cnn_train,0
MH-002_19.608022_80.343208,MH-002,19.608022,80.343208,64,38,cnn_train,1
MH-002_19.608022_80.343477,MH-002,19.608022,80.343477,64,39,cnn_train,1
MH-002_19.608022_80.343747,MH-002,19.608022,80.343747,64,40,cnn_train,1
MH-002_19.608022_80.344016,MH-002,19.608022,80.344016,64,41,cnn_train,0
MH-002_19.608022_80.344286,MH-002,19.608022,80.344286,64,42,cnn_train,0
MH-002_19.608022_80.344555,MH-002,19.608022,80.344555,64,43,cnn_train,1
MH-002_19.608022_80.344825,MH-002,19.608022,80.344825,64,44,cnn_train,1
MH-002_19.608022_80.345094,MH-002,19.608022,80.345094,64,45,cnn_train,1
MH-002_19.608022_80.345364,MH-002,19.608022,80.345364,64,46,cnn_train,1
MH-002_19.608022_80.345633,MH-002,19.608022,80.345633,64,47,cnn_train,1
MH-002_19.608022_80.345903,MH-002,19.608022,80.345903,64,48,cnn_train,1
MH-002_19.608022_80.346172,MH-002,19.608022,80.346172,64,49,cnn_train,1
MH-002_19.608022_80.346442,MH-002,19.608022,80.346442,64,50,cnn_train,1
MH-002_19.608022_80.346711,MH-002,19.608022,80.346711,64,51,cnn_train,0
MH-002_19.608022_80.351293,MH-002,19.608022,80.351293,64,68,cnn_train,1
MH-002_19.608022_80.351562,MH-002,19.608022,80.351562,64,69,cnn_train,1
MH-002_19.608022_80.351832,MH-002,19.608022,80.351832,64,70,cnn_train,0
MH-002_19.608022_80.352101,MH-002,19.608022,80.352101,64,71,cnn_train,0
MH-002_19.608022_80.364229,MH-002,19.608022,80.364229,64,116,cnn_val,0
MH-002_19.608022_80.364498,MH-002,19.608022,80.364498,64,117,cnn_val,1
MH-002_19.608022_80.364768,MH-002,19.608022,80.364768,64,118,cnn_val,1
MH-002_19.608022_80.365037,MH-002,19.608022,80.365037,64,119,cnn_val,1
MH-002_19.608022_80.365307,MH-002,19.608022,80.365307,64,120,cnn_val,0
MH-002_19.608022_80.365576,MH-002,19.608022,80.365576,64,121,cnn_val,0
MH-002_19.608022_80.366115,MH-002,19.608022,80.366115,64,123,cnn_val,0
MH-002_19.608022_80.366385,MH-002,19.608022,80.366385,64,124,cnn_val,0
MH-002_19.608022_80.366654,MH-002,19.608022,80.366654,64,125,cnn_val,0
MH-002_19.608022_80.367732,MH-002,19.608022,80.367732,64,129,cnn_val,0
MH-002_19.608022_80.368001,MH-002,19.608022,80.368001,64,130,cnn_val,0
MH-002_19.608022_80.368271,MH-002,19.608022,80.368271,64,131,cnn_val,0
MH-002_19.608022_80.36854,MH-002,19.608022,80.36854,64,132,cnn_val,0
MH-002_19.608022_80.36881,MH-002,19.608022,80.36881,64,133,cnn_val,0
MH-002_19.608022_80.369079,MH-002,19.608022,80.369079,64,134,cnn_val,0
MH-002_19.608022_80.369349,MH-002,19.608022,80.369349,64,135,cnn_val,0
MH-002_19.608022_80.369618,MH-002,19.608022,80.369618,64,136,cnn_val,0
MH-002_19.608022_80.369888,MH-002,19.608022,80.369888,64,137,cnn_val,0
MH-002_19.608022_80.376356,MH-002,19.608022,80.376356,64,161,cnn_test,0
MH-002_19.608022_80.376625,MH-002,19.608022,80.376625,64,162,cnn_test,0
MH-002_19.608022_80.376895,MH-002,19.608022,80.376895,64,163,cnn_test,0
MH-002_19.608022_80.377164,MH-002,19.608022,80.377164,64,164,cnn_test,0
MH-002_19.608022_80.377434,MH-002,19.608022,80.377434,64,165,cnn_test,0
MH-002_19.608022_80.377703,MH-002,19.608022,80.377703,64,166,cnn_test,0
MH-002_19.608022_80.377973,MH-002,19.608022,80.377973,64,167,cnn_test,0
MH-002_19.607752_80.337818,MH-002,19.607752,80.337818,65,18,cnn_train,0
MH-002_19.607752_80.338088,MH-002,19.607752,80.338088,65,19,cnn_train,0
MH-002_19.607752_80.338357,MH-002,19.607752,80.338357,65,20,cnn_train,0
MH-002_19.607752_80.338627,MH-002,19.607752,80.338627,65,21,cnn_train,0
MH-002_19.607752_80.338896,MH-002,19.607752,80.338896,65,22,cnn_train,0
MH-002_19.607752_80.339166,MH-002,19.607752,80.339166,65,23,cnn_train,1
MH-002_19.607752_80.339435,MH-002,19.607752,80.339435,65,24,cnn_train,0
MH-002_19.607752_80.339705,MH-002,19.607752,80.339705,65,25,cnn_train,0
MH-002_19.607752_80.339974,MH-002,19.607752,80.339974,65,26,cnn_train,0
MH-002_19.607752_80.340513,MH-002,19.607752,80.340513,65,28,cnn_train,1
MH-002_19.607752_80.340783,MH-002,19.607752,80.340783,65,29,cnn_train,0
MH-002_19.607752_80.341052,MH-002,19.607752,80.341052,65,30,cnn_train,0
MH-002_19.607752_80.341322,MH-002,19.607752,80.341322,65,31,cnn_train,0
MH-002_19.607752_80.341591,MH-002,19.607752,80.341591,65,32,cnn_train,0
MH-002_19.607752_80.34186,MH-002,19.607752,80.34186,65,33,cnn_train,1
MH-002_19.607752_80.34213,MH-002,19.607752,80.34213,65,34,cnn_train,0
MH-002_19.607752_80.342399,MH-002,19.607752,80.342399,65,35,cnn_train,1
MH-002_19.607752_80.342669,MH-002,19.607752,80.342669,65,36,cnn_train,1
MH-002_19.607752_80.342938,MH-002,19.607752,80.342938,65,37,cnn_train,1
MH-002_19.607752_80.343208,MH-002,19.607752,80.343208,65,38,cnn_train,0
MH-002_19.607752_80.343477,MH-002,19.607752,80.343477,65,39,cnn_train,0
MH-002_19.607752_80.343747,MH-002,19.607752,80.343747,65,40,cnn_train,0
MH-002_19.607752_80.344016,MH-002,19.607752,80.344016,65,41,cnn_train,0
MH-002_19.607752_80.344286,MH-002,19.607752,80.344286,65,42,cnn_train,0
MH-002_19.607752_80.344555,MH-002,19.607752,80.344555,65,43,cnn_train,1
MH-002_19.607752_80.344825,MH-002,19.607752,80.344825,65,44,cnn_train,1
MH-002_19.607752_80.345094,MH-002,19.607752,80.345094,65,45,cnn_train,1
MH-002_19.607752_80.345364,MH-002,19.607752,80.345364,65,46,cnn_train,1
MH-002_19.607752_80.345633,MH-002,19.607752,80.345633,65,47,cnn_train,1
MH-002_19.607752_80.345903,MH-002,19.607752,80.345903,65,48,cnn_train,1
MH-002_19.607752_80.346172,MH-002,19.607752,80.346172,65,49,cnn_train,1
MH-002_19.607752_80.346442,MH-002,19.607752,80.346442,65,50,cnn_train,1
MH-002_19.607752_80.346711,MH-002,19.607752,80.346711,65,51,cnn_train,1
MH-002_19.607752_80.346981,MH-002,19.607752,80.346981,65,52,cnn_train,1
MH-002_19.607752_80.34725,MH-002,19.607752,80.34725,65,53,cnn_train,1
MH-002_19.607752_80.34752,MH-002,19.607752,80.34752,65,54,cnn_train,1
MH-002_19.607752_80.347789,MH-002,19.607752,80.347789,65,55,cnn_train,0
MH-002_19.607752_80.348059,MH-002,19.607752,80.348059,65,56,cnn_train,0
MH-002_19.607752_80.348328,MH-002,19.607752,80.348328,65,57,cnn_train,0
MH-002_19.607752_80.357491,MH-002,19.607752,80.357491,65,91,cnn_train,1
MH-002_19.607752_80.363959,MH-002,19.607752,80.363959,65,115,cnn_val,0
MH-002_19.607752_80.364498,MH-002,19.607752,80.364498,65,117,cnn_val,1
MH-002_19.607752_80.364768,MH-002,19.607752,80.364768,65,118,cnn_val,0
MH-002_19.607752_80.365037,MH-002,19.607752,80.365037,65,119,cnn_val,0
MH-002_19.607752_80.365307,MH-002,19.607752,80.365307,65,120,cnn_val,0
MH-002_19.607752_80.365576,MH-002,19.607752,80.365576,65,121,cnn_val,0
MH-002_19.607752_80.366115,MH-002,19.607752,80.366115,65,123,cnn_val,0
MH-002_19.607752_80.366385,MH-002,19.607752,80.366385,65,124,cnn_val,0
MH-002_19.607752_80.367732,MH-002,19.607752,80.367732,65,129,cnn_val,0
MH-002_19.607752_80.368001,MH-002,19.607752,80.368001,65,130,cnn_val,0
MH-002_19.607752_80.368271,MH-002,19.607752,80.368271,65,131,cnn_val,0
MH-002_19.607752_80.36854,MH-002,19.607752,80.36854,65,132,cnn_val,0
MH-002_19.607752_80.369079,MH-002,19.607752,80.369079,65,134,cnn_val,0
MH-002_19.607752_80.369349,MH-002,19.607752,80.369349,65,135,cnn_val,0
MH-002_19.607752_80.369618,MH-002,19.607752,80.369618,65,136,cnn_val,0
MH-002_19.607752_80.369888,MH-002,19.607752,80.369888,65,137,cnn_val,0
MH-002_19.607752_80.376356,MH-002,19.607752,80.376356,65,161,cnn_test,0
MH-002_19.607752_80.376625,MH-002,19.607752,80.376625,65,162,cnn_test,0
MH-002_19.607752_80.376895,MH-002,19.607752,80.376895,65,163,cnn_test,0
MH-002_19.607752_80.377164,MH-002,19.607752,80.377164,65,164,cnn_test,0
MH-002_19.607752_80.377434,MH-002,19.607752,80.377434,65,165,cnn_test,0
MH-002_19.607752_80.377703,MH-002,19.607752,80.377703,65,166,cnn_test,0
MH-002_19.607752_80.377973,MH-002,19.607752,80.377973,65,167,cnn_test,0
MH-002_19.607752_80.378242,MH-002,19.607752,80.378242,65,168,cnn_test,0
MH-002_19.607483_80.338088,MH-002,19.607483,80.338088,66,19,cnn_train,0
MH-002_19.607483_80.338357,MH-002,19.607483,80.338357,66,20,cnn_train,0
MH-002_19.607483_80.338627,MH-002,19.607483,80.338627,66,21,cnn_train,0
MH-002_19.607483_80.338896,MH-002,19.607483,80.338896,66,22,cnn_train,0
MH-002_19.607483_80.339166,MH-002,19.607483,80.339166,66,23,cnn_train,0
MH-002_19.607483_80.339435,MH-002,19.607483,80.339435,66,24,cnn_train,0
MH-002_19.607483_80.339705,MH-002,19.607483,80.339705,66,25,cnn_train,0
MH-002_19.607483_80.340244,MH-002,19.607483,80.340244,66,27,cnn_train,0
MH-002_19.607483_80.340783,MH-002,19.607483,80.340783,66,29,cnn_train,0
MH-002_19.607483_80.341052,MH-002,19.607483,80.341052,66,30,cnn_train,0
MH-002_19.607483_80.341591,MH-002,19.607483,80.341591,66,32,cnn_train,0
MH-002_19.607483_80.34186,MH-002,19.607483,80.34186,66,33,cnn_train,0
MH-002_19.607483_80.34213,MH-002,19.607483,80.34213,66,34,cnn_train,0
MH-002_19.607483_80.342399,MH-002,19.607483,80.342399,66,35,cnn_train,1
MH-002_19.607483_80.342669,MH-002,19.607483,80.342669,66,36,cnn_train,1
MH-002_19.607483_80.342938,MH-002,19.607483,80.342938,66,37,cnn_train,1
MH-002_19.607483_80.343208,MH-002,19.607483,80.343208,66,38,cnn_train,0
MH-002_19.607483_80.343477,MH-002,19.607483,80.343477,66,39,cnn_train,0
MH-002_19.607483_80.343747,MH-002,19.607483,80.343747,66,40,cnn_train,0
MH-002_19.607483_80.344555,MH-002,19.607483,80.344555,66,43,cnn_train,0
MH-002_19.607483_80.344825,MH-002,19.607483,80.344825,66,44,cnn_train,0
MH-002_19.607483_80.345094,MH-002,19.607483,80.345094,66,45,cnn_train,1
MH-002_19.607483_80.345364,MH-002,19.607483,80.345364,66,46,cnn_train,1
MH-002_19.607483_80.345633,MH-002,19.607483,80.345633,66,47,cnn_train,1
MH-002_19.607483_80.345903,MH-002,19.607483,80.345903,66,48,cnn_train,1
MH-002_19.607483_80.346172,MH-002,19.607483,80.346172,66,49,cnn_train,1
MH-002_19.607483_80.346442,MH-002,19.607483,80.346442,66,50,cnn_train,1
MH-002_19.607483_80.346711,MH-002,19.607483,80.346711,66,51,cnn_train,1
MH-002_19.607483_80.346981,MH-002,19.607483,80.346981,66,52,cnn_train,1
MH-002_19.607483_80.34725,MH-002,19.607483,80.34725,66,53,cnn_train,1
MH-002_19.607483_80.34752,MH-002,19.607483,80.34752,66,54,cnn_train,1
MH-002_19.607483_80.347789,MH-002,19.607483,80.347789,66,55,cnn_train,1
MH-002_19.607483_80.348059,MH-002,19.607483,80.348059,66,56,cnn_train,1
MH-002_19.607483_80.348328,MH-002,19.607483,80.348328,66,57,cnn_train,0
MH-002_19.607483_80.348598,MH-002,19.607483,80.348598,66,58,cnn_train,0
MH-002_19.607483_80.348867,MH-002,19.607483,80.348867,66,59,cnn_train,0
MH-002_19.607483_80.357222,MH-002,19.607483,80.357222,66,90,cnn_train,1
MH-002_19.607483_80.357491,MH-002,19.607483,80.357491,66,91,cnn_train,1
MH-002_19.607483_80.363959,MH-002,19.607483,80.363959,66,115,cnn_val,1
MH-002_19.607483_80.364229,MH-002,19.607483,80.364229,66,116,cnn_val,0
MH-002_19.607483_80.364768,MH-002,19.607483,80.364768,66,118,cnn_val,0
MH-002_19.607483_80.365037,MH-002,19.607483,80.365037,66,119,cnn_val,0
MH-002_19.607483_80.365307,MH-002,19.607483,80.365307,66,120,cnn_val,0
MH-002_19.607483_80.365576,MH-002,19.607483,80.365576,66,121,cnn_val,0
MH-002_19.607483_80.365846,MH-002,19.607483,80.365846,66,122,cnn_val,0
MH-002_19.607483_80.366115,MH-002,19.607483,80.366115,66,123,cnn_val,0
MH-002_19.607483_80.367732,MH-002,19.607483,80.367732,66,129,cnn_val,0
MH-002_19.607483_80.368001,MH-002,19.607483,80.368001,66,130,cnn_val,0
MH-002_19.607483_80.368271,MH-002,19.607483,80.368271,66,131,cnn_val,1
MH-002_19.607483_80.369349,MH-002,19.607483,80.369349,66,135,cnn_val,0
MH-002_19.607483_80.369618,MH-002,19.607483,80.369618,66,136,cnn_val,0
MH-002_19.607483_80.369888,MH-002,19.607483,80.369888,66,137,cnn_val,0
MH-002_19.607483_80.376356,MH-002,19.607483,80.376356,66,161,cnn_test,0
MH-002_19.607483_80.376625,MH-002,19.607483,80.376625,66,162,cnn_test,0
MH-002_19.607483_80.376895,MH-002,19.607483,80.376895,66,163,cnn_test,0
MH-002_19.607483_80.377164,MH-002,19.607483,80.377164,66,164,cnn_test,0
MH-002_19.607483_80.377434,MH-002,19.607483,80.377434,66,165,cnn_test,0
MH-002_19.607483_80.377703,MH-002,19.607483,80.377703,66,166,cnn_test,0
MH-002_19.607483_80.377973,MH-002,19.607483,80.377973,66,167,cnn_test,0
MH-002_19.607483_80.378242,MH-002,19.607483,80.378242,66,168,cnn_test,0
MH-002_19.607483_80.378512,MH-002,19.607483,80.378512,66,169,cnn_test,0
MH-002_19.607483_80.378781,MH-002,19.607483,80.378781,66,170,cnn_test,0
MH-002_19.607213_80.338357,MH-002,19.607213,80.338357,67,20,cnn_train,0
MH-002_19.607213_80.338627,MH-002,19.607213,80.338627,67,21,cnn_train,0
MH-002_19.607213_80.338896,MH-002,19.607213,80.338896,67,22,cnn_train,0
MH-002_19.607213_80.339166,MH-002,19.607213,80.339166,67,23,cnn_train,0
MH-002_19.607213_80.339435,MH-002,19.607213,80.339435,67,24,cnn_train,0
MH-002_19.607213_80.339705,MH-002,19.607213,80.339705,67,25,cnn_train,0
MH-002_19.607213_80.340244,MH-002,19.607213,80.340244,67,27,cnn_train,0
MH-002_19.607213_80.340513,MH-002,19.607213,80.340513,67,28,cnn_train,0
MH-002_19.607213_80.341591,MH-002,19.607213,80.341591,67,32,cnn_train,0
MH-002_19.607213_80.34186,MH-002,19.607213,80.34186,67,33,cnn_train,0
MH-002_19.607213_80.34213,MH-002,19.607213,80.34213,67,34,cnn_train,0
MH-002_19.607213_80.342399,MH-002,19.607213,80.342399,67,35,cnn_train,0
MH-002_19.607213_80.342669,MH-002,19.607213,80.342669,67,36,cnn_train,1
MH-002_19.607213_80.342938,MH-002,19.607213,80.342938,67,37,cnn_train,1
MH-002_19.607213_80.343208,MH-002,19.607213,80.343208,67,38,cnn_train,1
MH-002_19.607213_80.343477,MH-002,19.607213,80.343477,67,39,cnn_train,0
MH-002_19.607213_80.343747,MH-002,19.607213,80.343747,67,40,cnn_train,0
MH-002_19.607213_80.344825,MH-002,19.607213,80.344825,67,44,cnn_train,1
MH-002_19.607213_80.345094,MH-002,19.607213,80.345094,67,45,cnn_train,1
MH-002_19.607213_80.345364,MH-002,19.607213,80.345364,67,46,cnn_train,1
MH-002_19.607213_80.345633,MH-002,19.607213,80.345633,67,47,cnn_train,1
MH-002_19.607213_80.345903,MH-002,19.607213,80.345903,67,48,cnn_train,1
MH-002_19.607213_80.346172,MH-002,19.607213,80.346172,67,49,cnn_train,1
MH-002_19.607213_80.346442,MH-002,19.607213,80.346442,67,50,cnn_train,1
MH-002_19.607213_80.346711,MH-002,19.607213,80.346711,67,51,cnn_train,1
MH-002_19.607213_80.346981,MH-002,19.607213,80.346981,67,52,cnn_train,1
MH-002_19.607213_80.34725,MH-002,19.607213,80.34725,67,53,cnn_train,1
MH-002_19.607213_80.34752,MH-002,19.607213,80.34752,67,54,cnn_train,1
MH-002_19.607213_80.347789,MH-002,19.607213,80.347789,67,55,cnn_train,1
MH-002_19.607213_80.348059,MH-002,19.607213,80.348059,67,56,cnn_train,1
MH-002_19.607213_80.348328,MH-002,19.607213,80.348328,67,57,cnn_train,1
MH-002_19.607213_80.348598,MH-002,19.607213,80.348598,67,58,cnn_train,0
MH-002_19.607213_80.348867,MH-002,19.607213,80.348867,67,59,cnn_train,0
MH-002_19.607213_80.349137,MH-002,19.607213,80.349137,67,60,cnn_train,0
MH-002_19.607213_80.356683,MH-002,19.607213,80.356683,67,88,cnn_train,0
MH-002_19.607213_80.356952,MH-002,19.607213,80.356952,67,89,cnn_train,1
MH-002_19.607213_80.357222,MH-002,19.607213,80.357222,67,90,cnn_train,0
MH-002_19.607213_80.357491,MH-002,19.607213,80.357491,67,91,cnn_train,0
MH-002_19.607213_80.363959,MH-002,19.607213,80.363959,67,115,cnn_val,0
MH-002_19.607213_80.364229,MH-002,19.607213,80.364229,67,116,cnn_val,0
MH-002_19.607213_80.367462,MH-002,19.607213,80.367462,67,128,cnn_val,0
MH-002_19.607213_80.367732,MH-002,19.607213,80.367732,67,129,cnn_val,0
MH-002_19.607213_80.368001,MH-002,19.607213,80.368001,67,130,cnn_val,0
MH-002_19.607213_80.368271,MH-002,19.607213,80.368271,67,131,cnn_val,1
MH-002_19.607213_80.369349,MH-002,19.607213,80.369349,67,135,cnn_val,0
MH-002_19.607213_80.369618,MH-002,19.607213,80.369618,67,136,cnn_val,0
MH-002_19.607213_80.369888,MH-002,19.607213,80.369888,67,137,cnn_val,0
MH-002_19.607213_80.376356,MH-002,19.607213,80.376356,67,161,cnn_test,1
MH-002_19.607213_80.376625,MH-002,19.607213,80.376625,67,162,cnn_test,0
MH-002_19.607213_80.376895,MH-002,19.607213,80.376895,67,163,cnn_test,0
MH-002_19.607213_80.377164,MH-002,19.607213,80.377164,67,164,cnn_test,0
MH-002_19.607213_80.377434,MH-002,19.607213,80.377434,67,165,cnn_test,0
MH-002_19.607213_80.377703,MH-002,19.607213,80.377703,67,166,cnn_test,0
MH-002_19.607213_80.377973,MH-002,19.607213,80.377973,67,167,cnn_test,0
MH-002_19.607213_80.378242,MH-002,19.607213,80.378242,67,168,cnn_test,0
MH-002_19.607213_80.378512,MH-002,19.607213,80.378512,67,169,cnn_test,0
MH-002_19.607213_80.378781,MH-002,19.607213,80.378781,67,170,cnn_test,0
MH-002_19.607213_80.379051,MH-002,19.607213,80.379051,67,171,cnn_test,0
MH-002_19.607213_80.37932,MH-002,19.607213,80.37932,67,172,cnn_test,0
MH-002_19.606944_80.338627,MH-002,19.606944,80.338627,68,21,cnn_train,0
MH-002_19.606944_80.338896,MH-002,19.606944,80.338896,68,22,cnn_train,0
MH-002_19.606944_80.339166,MH-002,19.606944,80.339166,68,23,cnn_train,0
MH-002_19.606944_80.339435,MH-002,19.606944,80.339435,68,24,cnn_train,0
MH-002_19.606944_80.339705,MH-002,19.606944,80.339705,68,25,cnn_train,0
MH-002_19.606944_80.339974,MH-002,19.606944,80.339974,68,26,cnn_train,0
MH-002_19.606944_80.340513,MH-002,19.606944,80.340513,68,28,cnn_train,0
MH-002_19.606944_80.340783,MH-002,19.606944,80.340783,68,29,cnn_train,0
MH-002_19.606944_80.341322,MH-002,19.606944,80.341322,68,31,cnn_train,0
MH-002_19.606944_80.341591,MH-002,19.606944,80.341591,68,32,cnn_train,0
MH-002_19.606944_80.34186,MH-002,19.606944,80.34186,68,33,cnn_train,0
MH-002_19.606944_80.34213,MH-002,19.606944,80.34213,68,34,cnn_train,0
MH-002_19.606944_80.342399,MH-002,19.606944,80.342399,68,35,cnn_train,0
MH-002_19.606944_80.342669,MH-002,19.606944,80.342669,68,36,cnn_train,0
MH-002_19.606944_80.342938,MH-002,19.606944,80.342938,68,37,cnn_train,0
MH-002_19.606944_80.343208,MH-002,19.606944,80.343208,68,38,cnn_train,0
MH-002_19.606944_80.343477,MH-002,19.606944,80.343477,68,39,cnn_train,0
MH-002_19.606944_80.343747,MH-002,19.606944,80.343747,68,40,cnn_train,0
MH-002_19.606944_80.344555,MH-002,19.606944,80.344555,68,43,cnn_train,1
MH-002_19.606944_80.345094,MH-002,19.606944,80.345094,68,45,cnn_train,0
MH-002_19.606944_80.345364,MH-002,19.606944,80.345364,68,46,cnn_train,1
MH-002_19.606944_80.345633,MH-002,19.606944,80.345633,68,47,cnn_train,1
MH-002_19.606944_80.345903,MH-002,19.606944,80.345903,68,48,cnn_train,0
MH-002_19.606944_80.346172,MH-002,19.606944,80.346172,68,49,cnn_train,1
MH-002_19.606944_80.346442,MH-002,19.606944,80.346442,68,50,cnn_train,1
MH-002_19.606944_80.346711,MH-002,19.606944,80.346711,68,51,cnn_train,1
MH-002_19.606944_80.346981,MH-002,19.606944,80.346981,68,52,cnn_train,1
MH-002_19.606944_80.34725,MH-002,19.606944,80.34725,68,53,cnn_train,1
MH-002_19.606944_80.34752,MH-002,19.606944,80.34752,68,54,cnn_train,1
MH-002_19.606944_80.347789,MH-002,19.606944,80.347789,68,55,cnn_train,1
MH-002_19.606944_80.348059,MH-002,19.606944,80.348059,68,56,cnn_train,1
MH-002_19.606944_80.348328,MH-002,19.606944,80.348328,68,57,cnn_train,1
MH-002_19.606944_80.348598,MH-002,19.606944,80.348598,68,58,cnn_train,1
MH-002_19.606944_80.348867,MH-002,19.606944,80.348867,68,59,cnn_train,1
MH-002_19.606944_80.349137,MH-002,19.606944,80.349137,68,60,cnn_train,0
MH-002_19.606944_80.349406,MH-002,19.606944,80.349406,68,61,cnn_train,0
MH-002_19.606944_80.349676,MH-002,19.606944,80.349676,68,62,cnn_train,0
MH-002_19.606944_80.356144,MH-002,19.606944,80.356144,68,86,cnn_train,0
MH-002_19.606944_80.356413,MH-002,19.606944,80.356413,68,87,cnn_train,0
MH-002_19.606944_80.356683,MH-002,19.606944,80.356683,68,88,cnn_train,0
MH-002_19.606944_80.356952,MH-002,19.606944,80.356952,68,89,cnn_train,0
MH-002_19.606944_80.357222,MH-002,19.606944,80.357222,68,90,cnn_train,1
MH-002_19.606944_80.357491,MH-002,19.606944,80.357491,68,91,cnn_train,0
MH-002_19.606944_80.367462,MH-002,19.606944,80.367462,68,128,cnn_val,0
MH-002_19.606944_80.376356,MH-002,19.606944,80.376356,68,161,cnn_test,0
MH-002_19.606944_80.376625,MH-002,19.606944,80.376625,68,162,cnn_test,1
MH-002_19.606944_80.376895,MH-002,19.606944,80.376895,68,163,cnn_test,1
MH-002_19.606944_80.377164,MH-002,19.606944,80.377164,68,164,cnn_test,0
MH-002_19.606944_80.377434,MH-002,19.606944,80.377434,68,165,cnn_test,0
MH-002_19.606944_80.377703,MH-002,19.606944,80.377703,68,166,cnn_test,0
MH-002_19.606944_80.377973,MH-002,19.606944,80.377973,68,167,cnn_test,0
MH-002_19.606944_80.378242,MH-002,19.606944,80.378242,68,168,cnn_test,0
MH-002_19.606944_80.378512,MH-002,19.606944,80.378512,68,169,cnn_test,0
MH-002_19.606944_80.378781,MH-002,19.606944,80.378781,68,170,cnn_test,0
MH-002_19.606944_80.379051,MH-002,19.606944,80.379051,68,171,cnn_test,0
MH-002_19.606944_80.37932,MH-002,19.606944,80.37932,68,172,cnn_test,0
MH-002_19.606944_80.37959,MH-002,19.606944,80.37959,68,173,cnn_test,0
MH-002_19.606944_80.379859,MH-002,19.606944,80.379859,68,174,cnn_test,0
MH-002_19.606674_80.338627,MH-002,19.606674,80.338627,69,21,cnn_train,0
MH-002_19.606674_80.338896,MH-002,19.606674,80.338896,69,22,cnn_train,0
MH-002_19.606674_80.339166,MH-002,19.606674,80.339166,69,23,cnn_train,0
MH-002_19.606674_80.339435,MH-002,19.606674,80.339435,69,24,cnn_train,0
MH-002_19.606674_80.339705,MH-002,19.606674,80.339705,69,25,cnn_train,0
MH-002_19.606674_80.339974,MH-002,19.606674,80.339974,69,26,cnn_train,0
MH-002_19.606674_80.340244,MH-002,19.606674,80.340244,69,27,cnn_train,0
MH-002_19.606674_80.340513,MH-002,19.606674,80.340513,69,28,cnn_train,0
MH-002_19.606674_80.340783,MH-002,19.606674,80.340783,69,29,cnn_train,0
MH-002_19.606674_80.341052,MH-002,19.606674,80.341052,69,30,cnn_train,0
MH-002_19.606674_80.341322,MH-002,19.606674,80.341322,69,31,cnn_train,0
MH-002_19.606674_80.341591,MH-002,19.606674,80.341591,69,32,cnn_train,0
MH-002_19.606674_80.34186,MH-002,19.606674,80.34186,69,33,cnn_train,0
MH-002_19.606674_80.34213,MH-002,19.606674,80.34213,69,34,cnn_train,0
MH-002_19.606674_80.342399,MH-002,19.606674,80.342399,69,35,cnn_train,0
MH-002_19.606674_80.342669,MH-002,19.606674,80.342669,69,36,cnn_train,0
MH-002_19.606674_80.342938,MH-002,19.606674,80.342938,69,37,cnn_train,0
MH-002_19.606674_80.343208,MH-002,19.606674,80.343208,69,38,cnn_train,0
MH-002_19.606674_80.343477,MH-002,19.606674,80.343477,69,39,cnn_train,0
MH-002_19.606674_80.343747,MH-002,19.606674,80.343747,69,40,cnn_train,0
MH-002_19.606674_80.344016,MH-002,19.606674,80.344016,69,41,cnn_train,0
MH-002_19.606674_80.344555,MH-002,19.606674,80.344555,69,43,cnn_train,1
MH-002_19.606674_80.344825,MH-002,19.606674,80.344825,69,44,cnn_train,0
MH-002_19.606674_80.345364,MH-002,19.606674,80.345364,69,46,cnn_train,0
MH-002_19.606674_80.345633,MH-002,19.606674,80.345633,69,47,cnn_train,0
MH-002_19.606674_80.345903,MH-002,19.606674,80.345903,69,48,cnn_train,0
MH-002_19.606674_80.346172,MH-002,19.606674,80.346172,69,49,cnn_train,0
MH-002_19.606674_80.346442,MH-002,19.606674,80.346442,69,50,cnn_train,1
MH-002_19.606674_80.346711,MH-002,19.606674,80.346711,69,51,cnn_train,0
MH-002_19.606674_80.346981,MH-002,19.606674,80.346981,69,52,cnn_train,0
MH-002_19.606674_80.34725,MH-002,19.606674,80.34725,69,53,cnn_train,0
MH-002_19.606674_80.34752,MH-002,19.606674,80.34752,69,54,cnn_train,1
MH-002_19.606674_80.347789,MH-002,19.606674,80.347789,69,55,cnn_train,1
MH-002_19.606674_80.348059,MH-002,19.606674,80.348059,69,56,cnn_train,1
MH-002_19.606674_80.348328,MH-002,19.606674,80.348328,69,57,cnn_train,1
MH-002_19.606674_80.348598,MH-002,19.606674,80.348598,69,58,cnn_train,1
MH-002_19.606674_80.348867,MH-002,19.606674,80.348867,69,59,cnn_train,1
MH-002_19.606674_80.349137,MH-002,19.606674,80.349137,69,60,cnn_train,1
MH-002_19.606674_80.349406,MH-002,19.606674,80.349406,69,61,cnn_train,1
MH-002_19.606674_80.349676,MH-002,19.606674,80.349676,69,62,cnn_train,0
MH-002_19.606674_80.349945,MH-002,19.606674,80.349945,69,63,cnn_train,0
MH-002_19.606674_80.350215,MH-002,19.606674,80.350215,69,64,cnn_train,0
MH-002_19.606674_80.355605,MH-002,19.606674,80.355605,69,84,cnn_train,0
MH-002_19.606674_80.355874,MH-002,19.606674,80.355874,69,85,cnn_train,0
MH-002_19.606674_80.356144,MH-002,19.606674,80.356144,69,86,cnn_train,0
MH-002_19.606674_80.356413,MH-002,19.606674,80.356413,69,87,cnn_train,0
MH-002_19.606674_80.356683,MH-002,19.606674,80.356683,69,88,cnn_train,0
MH-002_19.606674_80.356952,MH-002,19.606674,80.356952,69,89,cnn_train,0
MH-002_19.606674_80.376356,MH-002,19.606674,80.376356,69,161,cnn_test,0
MH-002_19.606674_80.376625,MH-002,19.606674,80.376625,69,162,cnn_test,1
MH-002_19.606674_80.376895,MH-002,19.606674,80.376895,69,163,cnn_test,1
MH-002_19.606674_80.377164,MH-002,19.606674,80.377164,69,164,cnn_test,0
MH-002_19.606674_80.377434,MH-002,19.606674,80.377434,69,165,cnn_test,0
MH-002_19.606674_80.377703,MH-002,19.606674,80.377703,69,166,cnn_test,0
MH-002_19.606674_80.377973,MH-002,19.606674,80.377973,69,167,cnn_test,0
MH-002_19.606674_80.378242,MH-002,19.606674,80.378242,69,168,cnn_test,0
MH-002_19.606674_80.378512,MH-002,19.606674,80.378512,69,169,cnn_test,0
MH-002_19.606674_80.378781,MH-002,19.606674,80.378781,69,170,cnn_test,0
MH-002_19.606674_80.379051,MH-002,19.606674,80.379051,69,171,cnn_test,0
MH-002_19.606674_80.37932,MH-002,19.606674,80.37932,69,172,cnn_test,0
MH-002_19.606674_80.37959,MH-002,19.606674,80.37959,69,173,cnn_test,0
MH-002_19.606674_80.379859,MH-002,19.606674,80.379859,69,174,cnn_test,0
MH-002_19.606674_80.380129,MH-002,19.606674,80.380129,69,175,cnn_test,0
MH-002_19.606405_80.338896,MH-002,19.606405,80.338896,70,22,cnn_train,0
MH-002_19.606405_80.339166,MH-002,19.606405,80.339166,70,23,cnn_train,0
MH-002_19.606405_80.339435,MH-002,19.606405,80.339435,70,24,cnn_train,0
MH-002_19.606405_80.339705,MH-002,19.606405,80.339705,70,25,cnn_train,0
MH-002_19.606405_80.339974,MH-002,19.606405,80.339974,70,26,cnn_train,0
MH-002_19.606405_80.340244,MH-002,19.606405,80.340244,70,27,cnn_train,0
MH-002_19.606405_80.340513,MH-002,19.606405,80.340513,70,28,cnn_train,0
MH-002_19.606405_80.340783,MH-002,19.606405,80.340783,70,29,cnn_train,0
MH-002_19.606405_80.341052,MH-002,19.606405,80.341052,70,30,cnn_train,0
MH-002_19.606405_80.341322,MH-002,19.606405,80.341322,70,31,cnn_train,0
MH-002_19.606405_80.341591,MH-002,19.606405,80.341591,70,32,cnn_train,0
MH-002_19.606405_80.34186,MH-002,19.606405,80.34186,70,33,cnn_train,0
MH-002_19.606405_80.34213,MH-002,19.606405,80.34213,70,34,cnn_train,0
MH-002_19.606405_80.342399,MH-002,19.606405,80.342399,70,35,cnn_train,0
MH-002_19.606405_80.342669,MH-002,19.606405,80.342669,70,36,cnn_train,0
MH-002_19.606405_80.342938,MH-002,19.606405,80.342938,70,37,cnn_train,0
MH-002_19.606405_80.343208,MH-002,19.606405,80.343208,70,38,cnn_train,0
MH-002_19.606405_80.343477,MH-002,19.606405,80.343477,70,39,cnn_train,0
MH-002_19.606405_80.343747,MH-002,19.606405,80.343747,70,40,cnn_train,1
MH-002_19.606405_80.344016,MH-002,19.606405,80.344016,70,41,cnn_train,0
MH-002_19.606405_80.344286,MH-002,19.606405,80.344286,70,42,cnn_train,0
MH-002_19.606405_80.344825,MH-002,19.606405,80.344825,70,44,cnn_train,0
MH-002_19.606405_80.345903,MH-002,19.606405,80.345903,70,48,cnn_train,0
MH-002_19.606405_80.346172,MH-002,19.606405,80.346172,70,49,cnn_train,0
MH-002_19.606405_80.346442,MH-002,19.606405,80.346442,70,50,cnn_train,0
MH-002_19.606405_80.346711,MH-002,19.606405,80.346711,70,51,cnn_train,0
MH-002_19.606405_80.346981,MH-002,19.606405,80.346981,70,52,cnn_train,0
MH-002_19.606405_80.34725,MH-002,19.606405,80.34725,70,53,cnn_train,0
MH-002_19.606405_80.34752,MH-002,19.606405,80.34752,70,54,cnn_train,1
MH-002_19.606405_80.347789,MH-002,19.606405,80.347789,70,55,cnn_train,1
MH-002_19.606405_80.348059,MH-002,19.606405,80.348059,70,56,cnn_train,1
MH-002_19.606405_80.348328,MH-002,19.606405,80.348328,70,57,cnn_train,1
MH-002_19.606405_80.348598,MH-002,19.606405,80.348598,70,58,cnn_train,1
MH-002_19.606405_80.348867,MH-002,19.606405,80.348867,70,59,cnn_train,0
MH-002_19.606405_80.349137,MH-002,19.606405,80.349137,70,60,cnn_train,0
MH-002_19.606405_80.349406,MH-002,19.606405,80.349406,70,61,cnn_train,1
MH-002_19.606405_80.349676,MH-002,19.606405,80.349676,70,62,cnn_train,0
MH-002_19.606405_80.349945,MH-002,19.606405,80.349945,70,63,cnn_train,0
MH-002_19.606405_80.350215,MH-002,19.606405,80.350215,70,64,cnn_train,0
MH-002_19.606405_80.350484,MH-002,19.606405,80.350484,70,65,cnn_train,0
MH-002_19.606405_80.355066,MH-002,19.606405,80.355066,70,82,cnn_train,1
MH-002_19.606405_80.355335,MH-002,19.606405,80.355335,70,83,cnn_train,0
MH-002_19.606405_80.355605,MH-002,19.606405,80.355605,70,84,cnn_train,0
MH-002_19.606405_80.355874,MH-002,19.606405,80.355874,70,85,cnn_train,0
MH-002_19.606405_80.356144,MH-002,19.606405,80.356144,70,86,cnn_train,0
MH-002_19.606405_80.356413,MH-002,19.606405,80.356413,70,87,cnn_train,0
MH-002_19.606405_80.356683,MH-002,19.606405,80.356683,70,88,cnn_train,0
MH-002_19.606405_80.356952,MH-002,19.606405,80.356952,70,89,cnn_train,0
MH-002_19.606405_80.357491,MH-002,19.606405,80.357491,70,91,cnn_train,0
MH-002_19.606405_80.363959,MH-002,19.606405,80.363959,70,115,cnn_val,0
MH-002_19.606405_80.364229,MH-002,19.606405,80.364229,70,116,cnn_val,0
MH-002_19.606405_80.364498,MH-002,19.606405,80.364498,70,117,cnn_val,0
MH-002_19.606405_80.376356,MH-002,19.606405,80.376356,70,161,cnn_test,1
MH-002_19.606405_80.376625,MH-002,19.606405,80.376625,70,162,cnn_test,1
MH-002_19.606405_80.376895,MH-002,19.606405,80.376895,70,163,cnn_test,1
MH-002_19.606405_80.377164,MH-002,19.606405,80.377164,70,164,cnn_test,0
MH-002_19.606405_80.377434,MH-002,19.606405,80.377434,70,165,cnn_test,0
MH-002_19.606405_80.377703,MH-002,19.606405,80.377703,70,166,cnn_test,0
MH-002_19.606405_80.377973,MH-002,19.606405,80.377973,70,167,cnn_test,0
MH-002_19.606405_80.378242,MH-002,19.606405,80.378242,70,168,cnn_test,0
MH-002_19.606405_80.378512,MH-002,19.606405,80.378512,70,169,cnn_test,0
MH-002_19.606405_80.378781,MH-002,19.606405,80.378781,70,170,cnn_test,0
MH-002_19.606405_80.379051,MH-002,19.606405,80.379051,70,171,cnn_test,0
MH-002_19.606405_80.37932,MH-002,19.606405,80.37932,70,172,cnn_test,0
MH-002_19.606405_80.37959,MH-002,19.606405,80.37959,70,173,cnn_test,0
MH-002_19.606405_80.379859,MH-002,19.606405,80.379859,70,174,cnn_test,0
MH-002_19.606405_80.380129,MH-002,19.606405,80.380129,70,175,cnn_test,0
MH-002_19.606135_80.339166,MH-002,19.606135,80.339166,71,23,cnn_train,0
MH-002_19.606135_80.339435,MH-002,19.606135,80.339435,71,24,cnn_train,0
MH-002_19.606135_80.339705,MH-002,19.606135,80.339705,71,25,cnn_train,0
MH-002_19.606135_80.339974,MH-002,19.606135,80.339974,71,26,cnn_train,0
MH-002_19.606135_80.340244,MH-002,19.606135,80.340244,71,27,cnn_train,0
MH-002_19.606135_80.340513,MH-002,19.606135,80.340513,71,28,cnn_train,0
MH-002_19.606135_80.340783,MH-002,19.606135,80.340783,71,29,cnn_train,0
MH-002_19.606135_80.341052,MH-002,19.606135,80.341052,71,30,cnn_train,0
MH-002_19.606135_80.341322,MH-002,19.606135,80.341322,71,31,cnn_train,0
MH-002_19.606135_80.341591,MH-002,19.606135,80.341591,71,32,cnn_train,0
MH-002_19.606135_80.34186,MH-002,19.606135,80.34186,71,33,cnn_train,0
MH-002_19.606135_80.34213,MH-002,19.606135,80.34213,71,34,cnn_train,0
MH-002_19.606135_80.342399,MH-002,19.606135,80.342399,71,35,cnn_train,0
MH-002_19.606135_80.342669,MH-002,19.606135,80.342669,71,36,cnn_train,0
MH-002_19.606135_80.342938,MH-002,19.606135,80.342938,71,37,cnn_train,0
MH-002_19.606135_80.343208,MH-002,19.606135,80.343208,71,38,cnn_train,0
MH-002_19.606135_80.343477,MH-002,19.606135,80.343477,71,39,cnn_train,0
MH-002_19.606135_80.343747,MH-002,19.606135,80.343747,71,40,cnn_train,1
MH-002_19.606135_80.344016,MH-002,19.606135,80.344016,71,41,cnn_train,0
MH-002_19.606135_80.344286,MH-002,19.606135,80.344286,71,42,cnn_train,0
MH-002_19.606135_80.345903,MH-002,19.606135,80.345903,71,48,cnn_train,0
MH-002_19.606135_80.346172,MH-002,19.606135,80.346172,71,49,cnn_train,0
MH-002_19.606135_80.346442,MH-002,19.606135,80.346442,71,50,cnn_train,0
MH-002_19.606135_80.346711,MH-002,19.606135,80.346711,71,51,cnn_train,0
MH-002_19.606135_80.346981,MH-002,19.606135,80.346981,71,52,cnn_train,0
MH-002_19.606135_80.34725,MH-002,19.606135,80.34725,71,53,cnn_train,0
MH-002_19.606135_80.34752,MH-002,19.606135,80.34752,71,54,cnn_train,0
MH-002_19.606135_80.347789,MH-002,19.606135,80.347789,71,55,cnn_train,0
MH-002_19.606135_80.348059,MH-002,19.606135,80.348059,71,56,cnn_train,1
MH-002_19.606135_80.348328,MH-002,19.606135,80.348328,71,57,cnn_train,1
MH-002_19.606135_80.348598,MH-002,19.606135,80.348598,71,58,cnn_train,1
MH-002_19.606135_80.348867,MH-002,19.606135,80.348867,71,59,cnn_train,0
MH-002_19.606135_80.349137,MH-002,19.606135,80.349137,71,60,cnn_train,0
MH-002_19.606135_80.349406,MH-002,19.606135,80.349406,71,61,cnn_train,1
MH-002_19.606135_80.349676,MH-002,19.606135,80.349676,71,62,cnn_train,1
MH-002_19.606135_80.349945,MH-002,19.606135,80.349945,71,63,cnn_train,1
MH-002_19.606135_80.350215,MH-002,19.606135,80.350215,71,64,cnn_train,0
MH-002_19.606135_80.350484,MH-002,19.606135,80.350484,71,65,cnn_train,0
MH-002_19.606135_80.350754,MH-002,19.606135,80.350754,71,66,cnn_train,0
MH-002_19.606135_80.354527,MH-002,19.606135,80.354527,71,80,cnn_train,0
MH-002_19.606135_80.354796,MH-002,19.606135,80.354796,71,81,cnn_train,0
MH-002_19.606135_80.355066,MH-002,19.606135,80.355066,71,82,cnn_train,1
MH-002_19.606135_80.355335,MH-002,19.606135,80.355335,71,83,cnn_train,1
MH-002_19.606135_80.355605,MH-002,19.606135,80.355605,71,84,cnn_train,0
MH-002_19.606135_80.355874,MH-002,19.606135,80.355874,71,85,cnn_train,0
MH-002_19.606135_80.356144,MH-002,19.606135,80.356144,71,86,cnn_train,0
MH-002_19.606135_80.356413,MH-002,19.606135,80.356413,71,87,cnn_train,0
MH-002_19.606135_80.356683,MH-002,19.606135,80.356683,71,88,cnn_train,0
MH-002_19.606135_80.356952,MH-002,19.606135,80.356952,71,89,cnn_train,0
MH-002_19.606135_80.357491,MH-002,19.606135,80.357491,71,91,cnn_train,0
MH-002_19.606135_80.363959,MH-002,19.606135,80.363959,71,115,cnn_val,0
MH-002_19.606135_80.364229,MH-002,19.606135,80.364229,71,116,cnn_val,0
MH-002_19.606135_80.364498,MH-002,19.606135,80.364498,71,117,cnn_val,0
MH-002_19.606135_80.364768,MH-002,19.606135,80.364768,71,118,cnn_val,0
MH-002_19.606135_80.365037,MH-002,19.606135,80.365037,71,119,cnn_val,0
MH-002_19.606135_80.365307,MH-002,19.606135,80.365307,71,120,cnn_val,0
MH-002_19.606135_80.365576,MH-002,19.606135,80.365576,71,121,cnn_val,0
MH-002_19.606135_80.365846,MH-002,19.606135,80.365846,71,122,cnn_val,0
MH-002_19.606135_80.366115,MH-002,19.606135,80.366115,71,123,cnn_val,0
MH-002_19.606135_80.376356,MH-002,19.606135,80.376356,71,161,cnn_test,1
MH-002_19.606135_80.376625,MH-002,19.606135,80.376625,71,162,cnn_test,1
MH-002_19.606135_80.376895,MH-002,19.606135,80.376895,71,163,cnn_test,1
MH-002_19.606135_80.377164,MH-002,19.606135,80.377164,71,164,cnn_test,1
MH-002_19.606135_80.377434,MH-002,19.606135,80.377434,71,165,cnn_test,0
MH-002_19.606135_80.377703,MH-002,19.606135,80.377703,71,166,cnn_test,0
MH-002_19.606135_80.377973,MH-002,19.606135,80.377973,71,167,cnn_test,0
MH-002_19.606135_80.378242,MH-002,19.606135,80.378242,71,168,cnn_test,0
MH-002_19.606135_80.378512,MH-002,19.606135,80.378512,71,169,cnn_test,0
MH-002_19.606135_80.378781,MH-002,19.606135,80.378781,71,170,cnn_test,0
MH-002_19.606135_80.379051,MH-002,19.606135,80.379051,71,171,cnn_test,0
MH-002_19.606135_80.37932,MH-002,19.606135,80.37932,71,172,cnn_test,0
MH-002_19.606135_80.37959,MH-002,19.606135,80.37959,71,173,cnn_test,0
MH-002_19.606135_80.379859,MH-002,19.606135,80.379859,71,174,cnn_test,0
MH-002_19.606135_80.380129,MH-002,19.606135,80.380129,71,175,cnn_test,0
MH-002_19.605866_80.339166,MH-002,19.605866,80.339166,72,23,cnn_train,0
MH-002_19.605866_80.339435,MH-002,19.605866,80.339435,72,24,cnn_train,1
MH-002_19.605866_80.339705,MH-002,19.605866,80.339705,72,25,cnn_train,1
MH-002_19.605866_80.339974,MH-002,19.605866,80.339974,72,26,cnn_train,0
MH-002_19.605866_80.340244,MH-002,19.605866,80.340244,72,27,cnn_train,0
MH-002_19.605866_80.340513,MH-002,19.605866,80.340513,72,28,cnn_train,0
MH-002_19.605866_80.340783,MH-002,19.605866,80.340783,72,29,cnn_train,0
MH-002_19.605866_80.341052,MH-002,19.605866,80.341052,72,30,cnn_train,0
MH-002_19.605866_80.341322,MH-002,19.605866,80.341322,72,31,cnn_train,0
MH-002_19.605866_80.341591,MH-002,19.605866,80.341591,72,32,cnn_train,0
MH-002_19.605866_80.34186,MH-002,19.605866,80.34186,72,33,cnn_train,0
MH-002_19.605866_80.34213,MH-002,19.605866,80.34213,72,34,cnn_train,0
MH-002_19.605866_80.342399,MH-002,19.605866,80.342399,72,35,cnn_train,0
MH-002_19.605866_80.342669,MH-002,19.605866,80.342669,72,36,cnn_train,0
MH-002_19.605866_80.342938,MH-002,19.605866,80.342938,72,37,cnn_train,0
MH-002_19.605866_80.343208,MH-002,19.605866,80.343208,72,38,cnn_train,0
MH-002_19.605866_80.343477,MH-002,19.605866,80.343477,72,39,cnn_train,0
MH-002_19.605866_80.343747,MH-002,19.605866,80.343747,72,40,cnn_train,1
MH-002_19.605866_80.344016,MH-002,19.605866,80.344016,72,41,cnn_train,0
MH-002_19.605866_80.344286,MH-002,19.605866,80.344286,72,42,cnn_train,0
MH-002_19.605866_80.345903,MH-002,19.605866,80.345903,72,48,cnn_train,0
MH-002_19.605866_80.346172,MH-002,19.605866,80.346172,72,49,cnn_train,0
MH-002_19.605866_80.346442,MH-002,19.605866,80.346442,72,50,cnn_train,0
MH-002_19.605866_80.346711,MH-002,19.605866,80.346711,72,51,cnn_train,0
MH-002_19.605866_80.346981,MH-002,19.605866,80.346981,72,52,cnn_train,1
MH-002_19.605866_80.34725,MH-002,19.605866,80.34725,72,53,cnn_train,0
MH-002_19.605866_80.34752,MH-002,19.605866,80.34752,72,54,cnn_train,1
MH-002_19.605866_80.347789,MH-002,19.605866,80.347789,72,55,cnn_train,0
MH-002_19.605866_80.348059,MH-002,19.605866,80.348059,72,56,cnn_train,0
MH-002_19.605866_80.348328,MH-002,19.605866,80.348328,72,57,cnn_train,0
MH-002_19.605866_80.348598,MH-002,19.605866,80.348598,72,58,cnn_train,0
MH-002_19.605866_80.348867,MH-002,19.605866,80.348867,72,59,cnn_train,1
MH-002_19.605866_80.349137,MH-002,19.605866,80.349137,72,60,cnn_train,0
MH-002_19.605866_80.349406,MH-002,19.605866,80.349406,72,61,cnn_train,0
MH-002_19.605866_80.349676,MH-002,19.605866,80.349676,72,62,cnn_train,0
MH-002_19.605866_80.349945,MH-002,19.605866,80.349945,72,63,cnn_train,1
MH-002_19.605866_80.350215,MH-002,19.605866,80.350215,72,64,cnn_train,1
MH-002_19.605866_80.350484,MH-002,19.605866,80.350484,72,65,cnn_train,0
MH-002_19.605866_80.350754,MH-002,19.605866,80.350754,72,66,cnn_train,0
MH-002_19.605866_80.351023,MH-002,19.605866,80.351023,72,67,cnn_train,0
MH-002_19.605866_80.354257,MH-002,19.605866,80.354257,72,79,cnn_train,0
MH-002_19.605866_80.354527,MH-002,19.605866,80.354527,72,80,cnn_train,0
MH-002_19.605866_80.354796,MH-002,19.605866,80.354796,72,81,cnn_train,1
MH-002_19.605866_80.355066,MH-002,19.605866,80.355066,72,82,cnn_train,0
MH-002_19.605866_80.355335,MH-002,19.605866,80.355335,72,83,cnn_train,0
MH-002_19.605866_80.355605,MH-002,19.605866,80.355605,72,84,cnn_train,0
MH-002_19.605866_80.355874,MH-002,19.605866,80.355874,72,85,cnn_train,0
MH-002_19.605866_80.356144,MH-002,19.605866,80.356144,72,86,cnn_train,0
MH-002_19.605866_80.356413,MH-002,19.605866,80.356413,72,87,cnn_train,0
MH-002_19.605866_80.356683,MH-002,19.605866,80.356683,72,88,cnn_train,0
MH-002_19.605866_80.356952,MH-002,19.605866,80.356952,72,89,cnn_train,0
MH-002_19.605866_80.357491,MH-002,19.605866,80.357491,72,91,cnn_train,0
MH-002_19.605866_80.363959,MH-002,19.605866,80.363959,72,115,cnn_val,0
MH-002_19.605866_80.364229,MH-002,19.605866,80.364229,72,116,cnn_val,0
MH-002_19.605866_80.364498,MH-002,19.605866,80.364498,72,117,cnn_val,0
MH-002_19.605866_80.364768,MH-002,19.605866,80.364768,72,118,cnn_val,0
MH-002_19.605866_80.365037,MH-002,19.605866,80.365037,72,119,cnn_val,0
MH-002_19.605866_80.365307,MH-002,19.605866,80.365307,72,120,cnn_val,0
MH-002_19.605866_80.365576,MH-002,19.605866,80.365576,72,121,cnn_val,0
MH-002_19.605866_80.365846,MH-002,19.605866,80.365846,72,122,cnn_val,0
MH-002_19.605866_80.366115,MH-002,19.605866,80.366115,72,123,cnn_val,0
MH-002_19.605866_80.366385,MH-002,19.605866,80.366385,72,124,cnn_val,0
MH-002_19.605866_80.366654,MH-002,19.605866,80.366654,72,125,cnn_val,0
MH-002_19.605866_80.366923,MH-002,19.605866,80.366923,72,126,cnn_val,0
MH-002_19.605866_80.367193,MH-002,19.605866,80.367193,72,127,cnn_val,0
MH-002_19.605866_80.367462,MH-002,19.605866,80.367462,72,128,cnn_val,0
MH-002_19.605866_80.367732,MH-002,19.605866,80.367732,72,129,cnn_val,0
MH-002_19.605866_80.368001,MH-002,19.605866,80.368001,72,130,cnn_val,0
MH-002_19.605866_80.376356,MH-002,19.605866,80.376356,72,161,cnn_test,1
MH-002_19.605866_80.376625,MH-002,19.605866,80.376625,72,162,cnn_test,1
MH-002_19.605866_80.376895,MH-002,19.605866,80.376895,72,163,cnn_test,0
MH-002_19.605866_80.377164,MH-002,19.605866,80.377164,72,164,cnn_test,0
MH-002_19.605866_80.377434,MH-002,19.605866,80.377434,72,165,cnn_test,0
MH-002_19.605866_80.377703,MH-002,19.605866,80.377703,72,166,cnn_test,0
MH-002_19.605866_80.377973,MH-002,19.605866,80.377973,72,167,cnn_test,0
MH-002_19.605866_80.378242,MH-002,19.605866,80.378242,72,168,cnn_test,0
MH-002_19.605866_80.378512,MH-002,19.605866,80.378512,72,169,cnn_test,0
MH-002_19.605866_80.378781,MH-002,19.605866,80.378781,72,170,cnn_test,0
MH-002_19.605866_80.379051,MH-002,19.605866,80.379051,72,171,cnn_test,0
MH-002_19.605866_80.37932,MH-002,19.605866,80.37932,72,172,cnn_test,0
MH-002_19.605866_80.37959,MH-002,19.605866,80.37959,72,173,cnn_test,0
MH-002_19.605866_80.379859,MH-002,19.605866,80.379859,72,174,cnn_test,0
MH-002_19.605866_80.380129,MH-002,19.605866,80.380129,72,175,cnn_test,0
MH-002_19.605596_80.339435,MH-002,19.605596,80.339435,73,24,cnn_train,1
MH-002_19.605596_80.339705,MH-002,19.605596,80.339705,73,25,cnn_train,1
MH-002_19.605596_80.339974,MH-002,19.605596,80.339974,73,26,cnn_train,0
MH-002_19.605596_80.340244,MH-002,19.605596,80.340244,73,27,cnn_train,0
MH-002_19.605596_80.340513,MH-002,19.605596,80.340513,73,28,cnn_train,0
MH-002_19.605596_80.340783,MH-002,19.605596,80.340783,73,29,cnn_train,0
MH-002_19.605596_80.341052,MH-002,19.605596,80.341052,73,30,cnn_train,0
MH-002_19.605596_80.341322,MH-002,19.605596,80.341322,73,31,cnn_train,0
MH-002_19.605596_80.341591,MH-002,19.605596,80.341591,73,32,cnn_train,0
MH-002_19.605596_80.34186,MH-002,19.605596,80.34186,73,33,cnn_train,0
MH-002_19.605596_80.34213,MH-002,19.605596,80.34213,73,34,cnn_train,0
MH-002_19.605596_80.342399,MH-002,19.605596,80.342399,73,35,cnn_train,0
MH-002_19.605596_80.342669,MH-002,19.605596,80.342669,73,36,cnn_train,0
MH-002_19.605596_80.342938,MH-002,19.605596,80.342938,73,37,cnn_train,0
MH-002_19.605596_80.343208,MH-002,19.605596,80.343208,73,38,cnn_train,0
MH-002_19.605596_80.343477,MH-002,19.605596,80.343477,73,39,cnn_train,1
MH-002_19.605596_80.343747,MH-002,19.605596,80.343747,73,40,cnn_train,1
MH-002_19.605596_80.344016,MH-002,19.605596,80.344016,73,41,cnn_train,0
MH-002_19.605596_80.344286,MH-002,19.605596,80.344286,73,42,cnn_train,0
MH-002_19.605596_80.345903,MH-002,19.605596,80.345903,73,48,cnn_train,0
MH-002_19.605596_80.346172,MH-002,19.605596,80.346172,73,49,cnn_train,0
MH-002_19.605596_80.346442,MH-002,19.605596,80.346442,73,50,cnn_train,0
MH-002_19.605596_80.346711,MH-002,19.605596,80.346711,73,51,cnn_train,0
MH-002_19.605596_80.346981,MH-002,19.605596,80.346981,73,52,cnn_train,1
MH-002_19.605596_80.34725,MH-002,19.605596,80.34725,73,53,cnn_train,1
MH-002_19.605596_80.34752,MH-002,19.605596,80.34752,73,54,cnn_train,0
MH-002_19.605596_80.347789,MH-002,19.605596,80.347789,73,55,cnn_train,1
MH-002_19.605596_80.348059,MH-002,19.605596,80.348059,73,56,cnn_train,0
MH-002_19.605596_80.348328,MH-002,19.605596,80.348328,73,57,cnn_train,0
MH-002_19.605596_80.348598,MH-002,19.605596,80.348598,73,58,cnn_train,0
MH-002_19.605596_80.348867,MH-002,19.605596,80.348867,73,59,cnn_train,1
MH-002_19.605596_80.349137,MH-002,19.605596,80.349137,73,60,cnn_train,0
MH-002_19.605596_80.349406,MH-002,19.605596,80.349406,73,61,cnn_train,0
MH-002_19.605596_80.349676,MH-002,19.605596,80.349676,73,62,cnn_train,0
MH-002_19.605596_80.349945,MH-002,19.605596,80.349945,73,63,cnn_train,1
MH-002_19.605596_80.350215,MH-002,19.605596,80.350215,73,64,cnn_train,1
MH-002_19.605596_80.350484,MH-002,19.605596,80.350484,73,65,cnn_train,1
MH-002_19.605596_80.350754,MH-002,19.605596,80.350754,73,66,cnn_train,0
MH-002_19.605596_80.351023,MH-002,19.605596,80.351023,73,67,cnn_train,0
MH-002_19.605596_80.351293,MH-002,19.605596,80.351293,73,68,cnn_train,0
MH-002_19.605596_80.353718,MH-002,19.605596,80.353718,73,77,cnn_train,0
MH-002_19.605596_80.353988,MH-002,19.605596,80.353988,73,78,cnn_train,0
MH-002_19.605596_80.354257,MH-002,19.605596,80.354257,73,79,cnn_train,0
MH-002_19.605596_80.354527,MH-002,19.605596,80.354527,73,80,cnn_train,0
MH-002_19.605596_80.356144,MH-002,19.605596,80.356144,73,86,cnn_train,0
MH-002_19.605596_80.356413,MH-002,19.605596,80.356413,73,87,cnn_train,0
MH-002_19.605596_80.356683,MH-002,19.605596,80.356683,73,88,cnn_train,0
MH-002_19.605596_80.356952,MH-002,19.605596,80.356952,73,89,cnn_train,0
MH-002_19.605596_80.357222,MH-002,19.605596,80.357222,73,90,cnn_train,0
MH-002_19.605596_80.363959,MH-002,19.605596,80.363959,73,115,cnn_val,0
MH-002_19.605596_80.364229,MH-002,19.605596,80.364229,73,116,cnn_val,0
MH-002_19.605596_80.364498,MH-002,19.605596,80.364498,73,117,cnn_val,0
MH-002_19.605596_80.364768,MH-002,19.605596,80.364768,73,118,cnn_val,0
MH-002_19.605596_80.365037,MH-002,19.605596,80.365037,73,119,cnn_val,0
MH-002_19.605596_80.365307,MH-002,19.605596,80.365307,73,120,cnn_val,0
MH-002_19.605596_80.365576,MH-002,19.605596,80.365576,73,121,cnn_val,0
MH-002_19.605596_80.365846,MH-002,19.605596,80.365846,73,122,cnn_val,0
MH-002_19.605596_80.366115,MH-002,19.605596,80.366115,73,123,cnn_val,0
MH-002_19.605596_80.366385,MH-002,19.605596,80.366385,73,124,cnn_val,0
MH-002_19.605596_80.366654,MH-002,19.605596,80.366654,73,125,cnn_val,0
MH-002_19.605596_80.366923,MH-002,19.605596,80.366923,73,126,cnn_val,0
MH-002_19.605596_80.367193,MH-002,19.605596,80.367193,73,127,cnn_val,0
MH-002_19.605596_80.367462,MH-002,19.605596,80.367462,73,128,cnn_val,0
MH-002_19.605596_80.367732,MH-002,19.605596,80.367732,73,129,cnn_val,0
MH-002_19.605596_80.368001,MH-002,19.605596,80.368001,73,130,cnn_val,0
MH-002_19.605596_80.368271,MH-002,19.605596,80.368271,73,131,cnn_val,0
MH-002_19.605596_80.36854,MH-002,19.605596,80.36854,73,132,cnn_val,0
MH-002_19.605596_80.36881,MH-002,19.605596,80.36881,73,133,cnn_val,0
MH-002_19.605596_80.376356,MH-002,19.605596,80.376356,73,161,cnn_test,1
MH-002_19.605596_80.376625,MH-002,19.605596,80.376625,73,162,cnn_test,0
MH-002_19.605596_80.376895,MH-002,19.605596,80.376895,73,163,cnn_test,0
MH-002_19.605596_80.377164,MH-002,19.605596,80.377164,73,164,cnn_test,0
MH-002_19.605596_80.377434,MH-002,19.605596,80.377434,73,165,cnn_test,0
MH-002_19.605596_80.377703,MH-002,19.605596,80.377703,73,166,cnn_test,0
MH-002_19.605596_80.377973,MH-002,19.605596,80.377973,73,167,cnn_test,0
MH-002_19.605596_80.378242,MH-002,19.605596,80.378242,73,168,cnn_test,0
MH-002_19.605596_80.378512,MH-002,19.605596,80.378512,73,169,cnn_test,0
MH-002_19.605596_80.378781,MH-002,19.605596,80.378781,73,170,cnn_test,0
MH-002_19.605596_80.379051,MH-002,19.605596,80.379051,73,171,cnn_test,0
MH-002_19.605596_80.37932,MH-002,19.605596,80.37932,73,172,cnn_test,0
MH-002_19.605596_80.37959,MH-002,19.605596,80.37959,73,173,cnn_test,0
MH-002_19.605596_80.379859,MH-002,19.605596,80.379859,73,174,cnn_test,0
MH-002_19.605596_80.380129,MH-002,19.605596,80.380129,73,175,cnn_test,0
MH-002_19.605327_80.339435,MH-002,19.605327,80.339435,74,24,cnn_train,0
MH-002_19.605327_80.339974,MH-002,19.605327,80.339974,74,26,cnn_train,0
MH-002_19.605327_80.340244,MH-002,19.605327,80.340244,74,27,cnn_train,0
MH-002_19.605327_80.340513,MH-002,19.605327,80.340513,74,28,cnn_train,0
MH-002_19.605327_80.340783,MH-002,19.605327,80.340783,74,29,cnn_train,0
MH-002_19.605327_80.341052,MH-002,19.605327,80.341052,74,30,cnn_train,0
MH-002_19.605327_80.341322,MH-002,19.605327,80.341322,74,31,cnn_train,0
MH-002_19.605327_80.341591,MH-002,19.605327,80.341591,74,32,cnn_train,0
MH-002_19.605327_80.34186,MH-002,19.605327,80.34186,74,33,cnn_train,0
MH-002_19.605327_80.34213,MH-002,19.605327,80.34213,74,34,cnn_train,0
MH-002_19.605327_80.342399,MH-002,19.605327,80.342399,74,35,cnn_train,0
MH-002_19.605327_80.342669,MH-002,19.605327,80.342669,74,36,cnn_train,0
MH-002_19.605327_80.342938,MH-002,19.605327,80.342938,74,37,cnn_train,0
MH-002_19.605327_80.343208,MH-002,19.605327,80.343208,74,38,cnn_train,1
MH-002_19.605327_80.343477,MH-002,19.605327,80.343477,74,39,cnn_train,0
MH-002_19.605327_80.343747,MH-002,19.605327,80.343747,74,40,cnn_train,0
MH-002_19.605327_80.344016,MH-002,19.605327,80.344016,74,41,cnn_train,0
MH-002_19.605327_80.344286,MH-002,19.605327,80.344286,74,42,cnn_train,0
MH-002_19.605327_80.344555,MH-002,19.605327,80.344555,74,43,cnn_train,0
MH-002_19.605327_80.344825,MH-002,19.605327,80.344825,74,44,cnn_train,0
MH-002_19.605327_80.346172,MH-002,19.605327,80.346172,74,49,cnn_train,0
MH-002_19.605327_80.346442,MH-002,19.605327,80.346442,74,50,cnn_train,0
MH-002_19.605327_80.346711,MH-002,19.605327,80.346711,74,51,cnn_train,0
MH-002_19.605327_80.346981,MH-002,19.605327,80.346981,74,52,cnn_train,0
MH-002_19.605327_80.34725,MH-002,19.605327,80.34725,74,53,cnn_train,0
MH-002_19.605327_80.34752,MH-002,19.605327,80.34752,74,54,cnn_train,0
MH-002_19.605327_80.347789,MH-002,19.605327,80.347789,74,55,cnn_train,0
MH-002_19.605327_80.348059,MH-002,19.605327,80.348059,74,56,cnn_train,0
MH-002_19.605327_80.348328,MH-002,19.605327,80.348328,74,57,cnn_train,0
MH-002_19.605327_80.348598,MH-002,19.605327,80.348598,74,58,cnn_train,0
MH-002_19.605327_80.348867,MH-002,19.605327,80.348867,74,59,cnn_train,0
MH-002_19.605327_80.349137,MH-002,19.605327,80.349137,74,60,cnn_train,1
MH-002_19.605327_80.349406,MH-002,19.605327,80.349406,74,61,cnn_train,0
MH-002_19.605327_80.349676,MH-002,19.605327,80.349676,74,62,cnn_train,0
MH-002_19.605327_80.349945,MH-002,19.605327,80.349945,74,63,cnn_train,1
MH-002_19.605327_80.350215,MH-002,19.605327,80.350215,74,64,cnn_train,1
MH-002_19.605327_80.350484,MH-002,19.605327,80.350484,74,65,cnn_train,1
MH-002_19.605327_80.350754,MH-002,19.605327,80.350754,74,66,cnn_train,1
MH-002_19.605327_80.351023,MH-002,19.605327,80.351023,74,67,cnn_train,0
MH-002_19.605327_80.351293,MH-002,19.605327,80.351293,74,68,cnn_train,0
MH-002_19.605327_80.351562,MH-002,19.605327,80.351562,74,69,cnn_train,0
MH-002_19.605327_80.353449,MH-002,19.605327,80.353449,74,76,cnn_train,0
MH-002_19.605327_80.353718,MH-002,19.605327,80.353718,74,77,cnn_train,0
MH-002_19.605327_80.353988,MH-002,19.605327,80.353988,74,78,cnn_train,0
MH-002_19.605327_80.354257,MH-002,19.605327,80.354257,74,79,cnn_train,0
MH-002_19.605327_80.355605,MH-002,19.605327,80.355605,74,84,cnn_train,0
MH-002_19.605327_80.355874,MH-002,19.605327,80.355874,74,85,cnn_train,0
MH-002_19.605327_80.356413,MH-002,19.605327,80.356413,74,87,cnn_train,0
MH-002_19.605327_80.356683,MH-002,19.605327,80.356683,74,88,cnn_train,0
MH-002_19.605327_80.356952,MH-002,19.605327,80.356952,74,89,cnn_train,0
MH-002_19.605327_80.357222,MH-002,19.605327,80.357222,74,90,cnn_train,0
MH-002_19.605327_80.357491,MH-002,19.605327,80.357491,74,91,cnn_train,0
MH-002_19.605327_80.363959,MH-002,19.605327,80.363959,74,115,cnn_val,0
MH-002_19.605327_80.364229,MH-002,19.605327,80.364229,74,116,cnn_val,0
MH-002_19.605327_80.364498,MH-002,19.605327,80.364498,74,117,cnn_val,0
MH-002_19.605327_80.364768,MH-002,19.605327,80.364768,74,118,cnn_val,1
MH-002_19.605327_80.365037,MH-002,19.605327,80.365037,74,119,cnn_val,0
MH-002_19.605327_80.365307,MH-002,19.605327,80.365307,74,120,cnn_val,0
MH-002_19.605327_80.365576,MH-002,19.605327,80.365576,74,121,cnn_val,0
MH-002_19.605327_80.365846,MH-002,19.605327,80.365846,74,122,cnn_val,0
MH-002_19.605327_80.366115,MH-002,19.605327,80.366115,74,123,cnn_val,0
MH-002_19.605327_80.366385,MH-002,19.605327,80.366385,74,124,cnn_val,1
MH-002_19.605327_80.366654,MH-002,19.605327,80.366654,74,125,cnn_val,0
MH-002_19.605327_80.366923,MH-002,19.605327,80.366923,74,126,cnn_val,0
MH-002_19.605327_80.367193,MH-002,19.605327,80.367193,74,127,cnn_val,0
MH-002_19.605327_80.367462,MH-002,19.605327,80.367462,74,128,cnn_val,0
MH-002_19.605327_80.367732,MH-002,19.605327,80.367732,74,129,cnn_val,0
MH-002_19.605327_80.368001,MH-002,19.605327,80.368001,74,130,cnn_val,0
MH-002_19.605327_80.368271,MH-002,19.605327,80.368271,74,131,cnn_val,0
MH-002_19.605327_80.36854,MH-002,19.605327,80.36854,74,132,cnn_val,0
MH-002_19.605327_80.36881,MH-002,19.605327,80.36881,74,133,cnn_val,0
MH-002_19.605327_80.369079,MH-002,19.605327,80.369079,74,134,cnn_val,0
MH-002_19.605327_80.369349,MH-002,19.605327,80.369349,74,135,cnn_val,1
MH-002_19.605327_80.369618,MH-002,19.605327,80.369618,74,136,cnn_val,0
MH-002_19.605327_80.376356,MH-002,19.605327,80.376356,74,161,cnn_test,1
MH-002_19.605327_80.376625,MH-002,19.605327,80.376625,74,162,cnn_test,1
MH-002_19.605327_80.376895,MH-002,19.605327,80.376895,74,163,cnn_test,0
MH-002_19.605327_80.377164,MH-002,19.605327,80.377164,74,164,cnn_test,1
MH-002_19.605327_80.377434,MH-002,19.605327,80.377434,74,165,cnn_test,0
MH-002_19.605327_80.377703,MH-002,19.605327,80.377703,74,166,cnn_test,0
MH-002_19.605327_80.377973,MH-002,19.605327,80.377973,74,167,cnn_test,0
MH-002_19.605327_80.378242,MH-002,19.605327,80.378242,74,168,cnn_test,0
MH-002_19.605327_80.378512,MH-002,19.605327,80.378512,74,169,cnn_test,0
MH-002_19.605327_80.378781,MH-002,19.605327,80.378781,74,170,cnn_test,0
MH-002_19.605327_80.379051,MH-002,19.605327,80.379051,74,171,cnn_test,0
MH-002_19.605327_80.37932,MH-002,19.605327,80.37932,74,172,cnn_test,0
MH-002_19.605327_80.37959,MH-002,19.605327,80.37959,74,173,cnn_test,0
MH-002_19.605327_80.379859,MH-002,19.605327,80.379859,74,174,cnn_test,0
MH-002_19.605327_80.380129,MH-002,19.605327,80.380129,74,175,cnn_test,0
MH-002_19.605327_80.380398,MH-002,19.605327,80.380398,74,176,cnn_test,0
MH-002_19.605057_80.339705,MH-002,19.605057,80.339705,75,25,cnn_train,0
MH-002_19.605057_80.339974,MH-002,19.605057,80.339974,75,26,cnn_train,0
MH-002_19.605057_80.340244,MH-002,19.605057,80.340244,75,27,cnn_train,0
MH-002_19.605057_80.340513,MH-002,19.605057,80.340513,75,28,cnn_train,0
MH-002_19.605057_80.340783,MH-002,19.605057,80.340783,75,29,cnn_train,0
MH-002_19.605057_80.341052,MH-002,19.605057,80.341052,75,30,cnn_train,0
MH-002_19.605057_80.341322,MH-002,19.605057,80.341322,75,31,cnn_train,0
MH-002_19.605057_80.341591,MH-002,19.605057,80.341591,75,32,cnn_train,0
MH-002_19.605057_80.34186,MH-002,19.605057,80.34186,75,33,cnn_train,0
MH-002_19.605057_80.34213,MH-002,19.605057,80.34213,75,34,cnn_train,0
MH-002_19.605057_80.342399,MH-002,19.605057,80.342399,75,35,cnn_train,0
MH-002_19.605057_80.342669,MH-002,19.605057,80.342669,75,36,cnn_train,0
MH-002_19.605057_80.342938,MH-002,19.605057,80.342938,75,37,cnn_train,0
MH-002_19.605057_80.343208,MH-002,19.605057,80.343208,75,38,cnn_train,0
MH-002_19.605057_80.343477,MH-002,19.605057,80.343477,75,39,cnn_train,0
MH-002_19.605057_80.343747,MH-002,19.605057,80.343747,75,40,cnn_train,0
MH-002_19.605057_80.344016,MH-002,19.605057,80.344016,75,41,cnn_train,0
MH-002_19.605057_80.344286,MH-002,19.605057,80.344286,75,42,cnn_train,0
MH-002_19.605057_80.344555,MH-002,19.605057,80.344555,75,43,cnn_train,0
MH-002_19.605057_80.344825,MH-002,19.605057,80.344825,75,44,cnn_train,0
MH-002_19.605057_80.345364,MH-002,19.605057,80.345364,75,46,cnn_train,0
MH-002_19.605057_80.345903,MH-002,19.605057,80.345903,75,48,cnn_train,0
MH-002_19.605057_80.346172,MH-002,19.605057,80.346172,75,49,cnn_train,0
MH-002_19.605057_80.346442,MH-002,19.605057,80.346442,75,50,cnn_train,0
MH-002_19.605057_80.346711,MH-002,19.605057,80.346711,75,51,cnn_train,0
MH-002_19.605057_80.346981,MH-002,19.605057,80.346981,75,52,cnn_train,0
MH-002_19.605057_80.34725,MH-002,19.605057,80.34725,75,53,cnn_train,0
MH-002_19.605057_80.34752,MH-002,19.605057,80.34752,75,54,cnn_train,0
MH-002_19.605057_80.347789,MH-002,19.605057,80.347789,75,55,cnn_train,0
MH-002_19.605057_80.348059,MH-002,19.605057,80.348059,75,56,cnn_train,0
MH-002_19.605057_80.348328,MH-002,19.605057,80.348328,75,57,cnn_train,1
MH-002_19.605057_80.348598,MH-002,19.605057,80.348598,75,58,cnn_train,0
MH-002_19.605057_80.348867,MH-002,19.605057,80.348867,75,59,cnn_train,0
MH-002_19.605057_80.349137,MH-002,19.605057,80.349137,75,60,cnn_train,0
MH-002_19.605057_80.349406,MH-002,19.605057,80.349406,75,61,cnn_train,0
MH-002_19.605057_80.349676,MH-002,19.605057,80.349676,75,62,cnn_train,0
MH-002_19.605057_80.349945,MH-002,19.605057,80.349945,75,63,cnn_train,1
MH-002_19.605057_80.350215,MH-002,19.605057,80.350215,75,64,cnn_train,1
MH-002_19.605057_80.350484,MH-002,19.605057,80.350484,75,65,cnn_train,1
MH-002_19.605057_80.350754,MH-002,19.605057,80.350754,75,66,cnn_train,1
MH-002_19.605057_80.351023,MH-002,19.605057,80.351023,75,67,cnn_train,1
MH-002_19.605057_80.351293,MH-002,19.605057,80.351293,75,68,cnn_train,0
MH-002_19.605057_80.351562,MH-002,19.605057,80.351562,75,69,cnn_train,0
MH-002_19.605057_80.351832,MH-002,19.605057,80.351832,75,70,cnn_train,0
MH-002_19.605057_80.353449,MH-002,19.605057,80.353449,75,76,cnn_train,0
MH-002_19.605057_80.353718,MH-002,19.605057,80.353718,75,77,cnn_train,0
MH-002_19.605057_80.353988,MH-002,19.605057,80.353988,75,78,cnn_train,0
MH-002_19.605057_80.354257,MH-002,19.605057,80.354257,75,79,cnn_train,0
MH-002_19.605057_80.354527,MH-002,19.605057,80.354527,75,80,cnn_train,0
MH-002_19.605057_80.355335,MH-002,19.605057,80.355335,75,83,cnn_train,0
MH-002_19.605057_80.355605,MH-002,19.605057,80.355605,75,84,cnn_train,0
MH-002_19.605057_80.355874,MH-002,19.605057,80.355874,75,85,cnn_train,0
MH-002_19.605057_80.356144,MH-002,19.605057,80.356144,75,86,cnn_train,0
MH-002_19.605057_80.356683,MH-002,19.605057,80.356683,75,88,cnn_train,0
MH-002_19.605057_80.356952,MH-002,19.605057,80.356952,75,89,cnn_train,0
MH-002_19.605057_80.357222,MH-002,19.605057,80.357222,75,90,cnn_train,0
MH-002_19.605057_80.357491,MH-002,19.605057,80.357491,75,91,cnn_train,0
MH-002_19.605057_80.363959,MH-002,19.605057,80.363959,75,115,cnn_val,0
MH-002_19.605057_80.364229,MH-002,19.605057,80.364229,75,116,cnn_val,0
MH-002_19.605057_80.364498,MH-002,19.605057,80.364498,75,117,cnn_val,0
MH-002_19.605057_80.364768,MH-002,19.605057,80.364768,75,118,cnn_val,0
MH-002_19.605057_80.365037,MH-002,19.605057,80.365037,75,119,cnn_val,0
MH-002_19.605057_80.365307,MH-002,19.605057,80.365307,75,120,cnn_val,0
MH-002_19.605057_80.365576,MH-002,19.605057,80.365576,75,121,cnn_val,0
MH-002_19.605057_80.365846,MH-002,19.605057,80.365846,75,122,cnn_val,0
MH-002_19.605057_80.366115,MH-002,19.605057,80.366115,75,123,cnn_val,0
MH-002_19.605057_80.366385,MH-002,19.605057,80.366385,75,124,cnn_val,0
MH-002_19.605057_80.366654,MH-002,19.605057,80.366654,75,125,cnn_val,0
MH-002_19.605057_80.366923,MH-002,19.605057,80.366923,75,126,cnn_val,0
MH-002_19.605057_80.367193,MH-002,19.605057,80.367193,75,127,cnn_val,0
MH-002_19.605057_80.367462,MH-002,19.605057,80.367462,75,128,cnn_val,0
MH-002_19.605057_80.367732,MH-002,19.605057,80.367732,75,129,cnn_val,0
MH-002_19.605057_80.368001,MH-002,19.605057,80.368001,75,130,cnn_val,0
MH-002_19.605057_80.368271,MH-002,19.605057,80.368271,75,131,cnn_val,0
MH-002_19.605057_80.36854,MH-002,19.605057,80.36854,75,132,cnn_val,0
MH-002_19.605057_80.36881,MH-002,19.605057,80.36881,75,133,cnn_val,0
MH-002_19.605057_80.369079,MH-002,19.605057,80.369079,75,134,cnn_val,0
MH-002_19.605057_80.369349,MH-002,19.605057,80.369349,75,135,cnn_val,0
MH-002_19.605057_80.369618,MH-002,19.605057,80.369618,75,136,cnn_val,0
MH-002_19.605057_80.369888,MH-002,19.605057,80.369888,75,137,cnn_val,0
MH-002_19.605057_80.376356,MH-002,19.605057,80.376356,75,161,cnn_test,0
MH-002_19.605057_80.376625,MH-002,19.605057,80.376625,75,162,cnn_test,0
MH-002_19.605057_80.376895,MH-002,19.605057,80.376895,75,163,cnn_test,0
MH-002_19.605057_80.377164,MH-002,19.605057,80.377164,75,164,cnn_test,0
MH-002_19.605057_80.377434,MH-002,19.605057,80.377434,75,165,cnn_test,0
MH-002_19.605057_80.377703,MH-002,19.605057,80.377703,75,166,cnn_test,0
MH-002_19.605057_80.377973,MH-002,19.605057,80.377973,75,167,cnn_test,0
MH-002_19.605057_80.378242,MH-002,19.605057,80.378242,75,168,cnn_test,0
MH-002_19.605057_80.378512,MH-002,19.605057,80.378512,75,169,cnn_test,0
MH-002_19.605057_80.378781,MH-002,19.605057,80.378781,75,170,cnn_test,0
MH-002_19.605057_80.379051,MH-002,19.605057,80.379051,75,171,cnn_test,0
MH-002_19.605057_80.37932,MH-002,19.605057,80.37932,75,172,cnn_test,0
MH-002_19.605057_80.37959,MH-002,19.605057,80.37959,75,173,cnn_test,0
MH-002_19.605057_80.379859,MH-002,19.605057,80.379859,75,174,cnn_test,0
MH-002_19.605057_80.380129,MH-002,19.605057,80.380129,75,175,cnn_test,0
MH-002_19.605057_80.380398,MH-002,19.605057,80.380398,75,176,cnn_test,0
MH-002_19.604788_80.339705,MH-002,19.604788,80.339705,76,25,cnn_train,0
MH-002_19.604788_80.339974,MH-002,19.604788,80.339974,76,26,cnn_train,0
MH-002_19.604788_80.340244,MH-002,19.604788,80.340244,76,27,cnn_train,0
MH-002_19.604788_80.340513,MH-002,19.604788,80.340513,76,28,cnn_train,0
MH-002_19.604788_80.340783,MH-002,19.604788,80.340783,76,29,cnn_train,0
MH-002_19.604788_80.341052,MH-002,19.604788,80.341052,76,30,cnn_train,0
MH-002_19.604788_80.341322,MH-002,19.604788,80.341322,76,31,cnn_train,0
MH-002_19.604788_80.341591,MH-002,19.604788,80.341591,76,32,cnn_train,0
MH-002_19.604788_80.34186,MH-002,19.604788,80.34186,76,33,cnn_train,0
MH-002_19.604788_80.34213,MH-002,19.604788,80.34213,76,34,cnn_train,0
MH-002_19.604788_80.342399,MH-002,19.604788,80.342399,76,35,cnn_train,0
MH-002_19.604788_80.342669,MH-002,19.604788,80.342669,76,36,cnn_train,0
MH-002_19.604788_80.342938,MH-002,19.604788,80.342938,76,37,cnn_train,0
MH-002_19.604788_80.343208,MH-002,19.604788,80.343208,76,38,cnn_train,0
MH-002_19.604788_80.343477,MH-002,19.604788,80.343477,76,39,cnn_train,0
MH-002_19.604788_80.343747,MH-002,19.604788,80.343747,76,40,cnn_train,0
MH-002_19.604788_80.344016,MH-002,19.604788,80.344016,76,41,cnn_train,0
MH-002_19.604788_80.344286,MH-002,19.604788,80.344286,76,42,cnn_train,0
MH-002_19.604788_80.344555,MH-002,19.604788,80.344555,76,43,cnn_train,0
MH-002_19.604788_80.344825,MH-002,19.604788,80.344825,76,44,cnn_train,1
MH-002_19.604788_80.345094,MH-002,19.604788,80.345094,76,45,cnn_train,1
MH-002_19.604788_80.345364,MH-002,19.604788,80.345364,76,46,cnn_train,1
MH-002_19.604788_80.345633,MH-002,19.604788,80.345633,76,47,cnn_train,0
MH-002_19.604788_80.345903,MH-002,19.604788,80.345903,76,48,cnn_train,0
MH-002_19.604788_80.346172,MH-002,19.604788,80.346172,76,49,cnn_train,0
MH-002_19.604788_80.346442,MH-002,19.604788,80.346442,76,50,cnn_train,0
MH-002_19.604788_80.346711,MH-002,19.604788,80.346711,76,51,cnn_train,0
MH-002_19.604788_80.346981,MH-002,19.604788,80.346981,76,52,cnn_train,0
MH-002_19.604788_80.34725,MH-002,19.604788,80.34725,76,53,cnn_train,0
MH-002_19.604788_80.34752,MH-002,19.604788,80.34752,76,54,cnn_train,0
MH-002_19.604788_80.347789,MH-002,19.604788,80.347789,76,55,cnn_train,0
MH-002_19.604788_80.348059,MH-002,19.604788,80.348059,76,56,cnn_train,0
MH-002_19.604788_80.348328,MH-002,19.604788,80.348328,76,57,cnn_train,0
MH-002_19.604788_80.348598,MH-002,19.604788,80.348598,76,58,cnn_train,0
MH-002_19.604788_80.348867,MH-002,19.604788,80.348867,76,59,cnn_train,0
MH-002_19.604788_80.349137,MH-002,19.604788,80.349137,76,60,cnn_train,0
MH-002_19.604788_80.349406,MH-002,19.604788,80.349406,76,61,cnn_train,0
MH-002_19.604788_80.349676,MH-002,19.604788,80.349676,76,62,cnn_train,0
MH-002_19.604788_80.349945,MH-002,19.604788,80.349945,76,63,cnn_train,0
MH-002_19.604788_80.350215,MH-002,19.604788,80.350215,76,64,cnn_train,0
MH-002_19.604788_80.350484,MH-002,19.604788,80.350484,76,65,cnn_train,1
MH-002_19.604788_80.350754,MH-002,19.604788,80.350754,76,66,cnn_train,1
MH-002_19.604788_80.351023,MH-002,19.604788,80.351023,76,67,cnn_train,1
MH-002_19.604788_80.351293,MH-002,19.604788,80.351293,76,68,cnn_train,1
MH-002_19.604788_80.351562,MH-002,19.604788,80.351562,76,69,cnn_train,0
MH-002_19.604788_80.351832,MH-002,19.604788,80.351832,76,70,cnn_train,0
MH-002_19.604788_80.352101,MH-002,19.604788,80.352101,76,71,cnn_train,0
MH-002_19.604788_80.353449,MH-002,19.604788,80.353449,76,76,cnn_train,0
MH-002_19.604788_80.353718,MH-002,19.604788,80.353718,76,77,cnn_train,0
MH-002_19.604788_80.353988,MH-002,19.604788,80.353988,76,78,cnn_train,0
MH-002_19.604788_80.354257,MH-002,19.604788,80.354257,76,79,cnn_train,0
MH-002_19.604788_80.354527,MH-002,19.604788,80.354527,76,80,cnn_train,0
MH-002_19.604788_80.354796,MH-002,19.604788,80.354796,76,81,cnn_train,0
MH-002_19.604788_80.355605,MH-002,19.604788,80.355605,76,84,cnn_train,0
MH-002_19.604788_80.355874,MH-002,19.604788,80.355874,76,85,cnn_train,0
MH-002_19.604788_80.356144,MH-002,19.604788,80.356144,76,86,cnn_train,0
MH-002_19.604788_80.356683,MH-002,19.604788,80.356683,76,88,cnn_train,0
MH-002_19.604788_80.356952,MH-002,19.604788,80.356952,76,89,cnn_train,0
MH-002_19.604788_80.357222,MH-002,19.604788,80.357222,76,90,cnn_train,0
MH-002_19.604788_80.357491,MH-002,19.604788,80.357491,76,91,cnn_train,0
MH-002_19.604788_80.363959,MH-002,19.604788,80.363959,76,115,cnn_val,1
MH-002_19.604788_80.364229,MH-002,19.604788,80.364229,76,116,cnn_val,0
MH-002_19.604788_80.364498,MH-002,19.604788,80.364498,76,117,cnn_val,0
MH-002_19.604788_80.364768,MH-002,19.604788,80.364768,76,118,cnn_val,0
MH-002_19.604788_80.366115,MH-002,19.604788,80.366115,76,123,cnn_val,0
MH-002_19.604788_80.366385,MH-002,19.604788,80.366385,76,124,cnn_val,0
MH-002_19.604788_80.366654,MH-002,19.604788,80.366654,76,125,cnn_val,0
MH-002_19.604788_80.366923,MH-002,19.604788,80.366923,76,126,cnn_val,0
MH-002_19.604788_80.367193,MH-002,19.604788,80.367193,76,127,cnn_val,0
MH-002_19.604788_80.367462,MH-002,19.604788,80.367462,76,128,cnn_val,0
MH-002_19.604788_80.367732,MH-002,19.604788,80.367732,76,129,cnn_val,0
MH-002_19.604788_80.368001,MH-002,19.604788,80.368001,76,130,cnn_val,0
MH-002_19.604788_80.368271,MH-002,19.604788,80.368271,76,131,cnn_val,0
MH-002_19.604788_80.36854,MH-002,19.604788,80.36854,76,132,cnn_val,0
MH-002_19.604788_80.36881,MH-002,19.604788,80.36881,76,133,cnn_val,0
MH-002_19.604788_80.369079,MH-002,19.604788,80.369079,76,134,cnn_val,0
MH-002_19.604788_80.369349,MH-002,19.604788,80.369349,76,135,cnn_val,0
MH-002_19.604788_80.369618,MH-002,19.604788,80.369618,76,136,cnn_val,0
MH-002_19.604788_80.369888,MH-002,19.604788,80.369888,76,137,cnn_val,0
MH-002_19.604788_80.376356,MH-002,19.604788,80.376356,76,161,cnn_test,0
MH-002_19.604788_80.376625,MH-002,19.604788,80.376625,76,162,cnn_test,0
MH-002_19.604788_80.376895,MH-002,19.604788,80.376895,76,163,cnn_test,1
MH-002_19.604788_80.377164,MH-002,19.604788,80.377164,76,164,cnn_test,0
MH-002_19.604788_80.377434,MH-002,19.604788,80.377434,76,165,cnn_test,0
MH-002_19.604788_80.377703,MH-002,19.604788,80.377703,76,166,cnn_test,0
MH-002_19.604788_80.378781,MH-002,19.604788,80.378781,76,170,cnn_test,0
MH-002_19.604788_80.379051,MH-002,19.604788,80.379051,76,171,cnn_test,0
MH-002_19.604788_80.37932,MH-002,19.604788,80.37932,76,172,cnn_test,0
MH-002_19.604788_80.37959,MH-002,19.604788,80.37959,76,173,cnn_test,0
MH-002_19.604788_80.379859,MH-002,19.604788,80.379859,76,174,cnn_test,0
MH-002_19.604788_80.380129,MH-002,19.604788,80.380129,76,175,cnn_test,0
MH-002_19.604788_80.380398,MH-002,19.604788,80.380398,76,176,cnn_test,0
MH-002_19.604518_80.339705,MH-002,19.604518,80.339705,77,25,cnn_train,0
MH-002_19.604518_80.339974,MH-002,19.604518,80.339974,77,26,cnn_train,0
MH-002_19.604518_80.340244,MH-002,19.604518,80.340244,77,27,cnn_train,0
MH-002_19.604518_80.340513,MH-002,19.604518,80.340513,77,28,cnn_train,0
MH-002_19.604518_80.340783,MH-002,19.604518,80.340783,77,29,cnn_train,0
MH-002_19.604518_80.341052,MH-002,19.604518,80.341052,77,30,cnn_train,0
MH-002_19.604518_80.341322,MH-002,19.604518,80.341322,77,31,cnn_train,0
MH-002_19.604518_80.341591,MH-002,19.604518,80.341591,77,32,cnn_train,0
MH-002_19.604518_80.34186,MH-002,19.604518,80.34186,77,33,cnn_train,0
MH-002_19.604518_80.34213,MH-002,19.604518,80.34213,77,34,cnn_train,0
MH-002_19.604518_80.342399,MH-002,19.604518,80.342399,77,35,cnn_train,0
MH-002_19.604518_80.342669,MH-002,19.604518,80.342669,77,36,cnn_train,0
MH-002_19.604518_80.342938,MH-002,19.604518,80.342938,77,37,cnn_train,0
MH-002_19.604518_80.343208,MH-002,19.604518,80.343208,77,38,cnn_train,0
MH-002_19.604518_80.343477,MH-002,19.604518,80.343477,77,39,cnn_train,0
MH-002_19.604518_80.343747,MH-002,19.604518,80.343747,77,40,cnn_train,0
MH-002_19.604518_80.344016,MH-002,19.604518,80.344016,77,41,cnn_train,0
MH-002_19.604518_80.344286,MH-002,19.604518,80.344286,77,42,cnn_train,0
MH-002_19.604518_80.344555,MH-002,19.604518,80.344555,77,43,cnn_train,0
MH-002_19.604518_80.344825,MH-002,19.604518,80.344825,77,44,cnn_train,0
MH-002_19.604518_80.345094,MH-002,19.604518,80.345094,77,45,cnn_train,0
MH-002_19.604518_80.345364,MH-002,19.604518,80.345364,77,46,cnn_train,0
MH-002_19.604518_80.345633,MH-002,19.604518,80.345633,77,47,cnn_train,0
MH-002_19.604518_80.345903,MH-002,19.604518,80.345903,77,48,cnn_train,0
MH-002_19.604518_80.346172,MH-002,19.604518,80.346172,77,49,cnn_train,0
MH-002_19.604518_80.346442,MH-002,19.604518,80.346442,77,50,cnn_train,0
MH-002_19.604518_80.346711,MH-002,19.604518,80.346711,77,51,cnn_train,0
MH-002_19.604518_80.346981,MH-002,19.604518,80.346981,77,52,cnn_train,0
MH-002_19.604518_80.34725,MH-002,19.604518,80.34725,77,53,cnn_train,0
MH-002_19.604518_80.34752,MH-002,19.604518,80.34752,77,54,cnn_train,0
MH-002_19.604518_80.347789,MH-002,19.604518,80.347789,77,55,cnn_train,0
MH-002_19.604518_80.348059,MH-002,19.604518,80.348059,77,56,cnn_train,0
MH-002_19.604518_80.348328,MH-002,19.604518,80.348328,77,57,cnn_train,0
MH-002_19.604518_80.348598,MH-002,19.604518,80.348598,77,58,cnn_train,0
MH-002_19.604518_80.348867,MH-002,19.604518,80.348867,77,59,cnn_train,0
MH-002_19.604518_80.349137,MH-002,19.604518,80.349137,77,60,cnn_train,0
MH-002_19.604518_80.349406,MH-002,19.604518,80.349406,77,61,cnn_train,0
MH-002_19.604518_80.349676,MH-002,19.604518,80.349676,77,62,cnn_train,0
MH-002_19.604518_80.349945,MH-002,19.604518,80.349945,77,63,cnn_train,1
MH-002_19.604518_80.350215,MH-002,19.604518,80.350215,77,64,cnn_train,1
MH-002_19.604518_80.350484,MH-002,19.604518,80.350484,77,65,cnn_train,1
MH-002_19.604518_80.350754,MH-002,19.604518,80.350754,77,66,cnn_train,1
MH-002_19.604518_80.351023,MH-002,19.604518,80.351023,77,67,cnn_train,1
MH-002_19.604518_80.351293,MH-002,19.604518,80.351293,77,68,cnn_train,1
MH-002_19.604518_80.351562,MH-002,19.604518,80.351562,77,69,cnn_train,1
MH-002_19.604518_80.351832,MH-002,19.604518,80.351832,77,70,cnn_train,0
MH-002_19.604518_80.352101,MH-002,19.604518,80.352101,77,71,cnn_train,0
MH-002_19.604518_80.352371,MH-002,19.604518,80.352371,77,72,cnn_train,1
MH-002_19.604518_80.353449,MH-002,19.604518,80.353449,77,76,cnn_train,0
MH-002_19.604518_80.353718,MH-002,19.604518,80.353718,77,77,cnn_train,0
MH-002_19.604518_80.353988,MH-002,19.604518,80.353988,77,78,cnn_train,0
MH-002_19.604518_80.354257,MH-002,19.604518,80.354257,77,79,cnn_train,0
MH-002_19.604518_80.354527,MH-002,19.604518,80.354527,77,80,cnn_train,0
MH-002_19.604518_80.354796,MH-002,19.604518,80.354796,77,81,cnn_train,0
MH-002_19.604518_80.355066,MH-002,19.604518,80.355066,77,82,cnn_train,0
MH-002_19.604518_80.355874,MH-002,19.604518,80.355874,77,85,cnn_train,0
MH-002_19.604518_80.356413,MH-002,19.604518,80.356413,77,87,cnn_train,0
MH-002_19.604518_80.356683,MH-002,19.604518,80.356683,77,88,cnn_train,0
MH-002_19.604518_80.356952,MH-002,19.604518,80.356952,77,89,cnn_train,0
MH-002_19.604518_80.357222,MH-002,19.604518,80.357222,77,90,cnn_train,0
MH-002_19.604518_80.357491,MH-002,19.604518,80.357491,77,91,cnn_train,0
MH-002_19.604518_80.363959,MH-002,19.604518,80.363959,77,115,cnn_val,0
MH-002_19.604518_80.364229,MH-002,19.604518,80.364229,77,116,cnn_val,0
MH-002_19.604518_80.364498,MH-002,19.604518,80.364498,77,117,cnn_val,0
MH-002_19.604518_80.365846,MH-002,19.604518,80.365846,77,122,cnn_val,0
MH-002_19.604518_80.366654,MH-002,19.604518,80.366654,77,125,cnn_val,0
MH-002_19.604518_80.366923,MH-002,19.604518,80.366923,77,126,cnn_val,0
MH-002_19.604518_80.367193,MH-002,19.604518,80.367193,77,127,cnn_val,0
MH-002_19.604518_80.367462,MH-002,19.604518,80.367462,77,128,cnn_val,0
MH-002_19.604518_80.367732,MH-002,19.604518,80.367732,77,129,cnn_val,0
MH-002_19.604518_80.368001,MH-002,19.604518,80.368001,77,130,cnn_val,0
MH-002_19.604518_80.368271,MH-002,19.604518,80.368271,77,131,cnn_val,0
MH-002_19.604518_80.36854,MH-002,19.604518,80.36854,77,132,cnn_val,0
MH-002_19.604518_80.36881,MH-002,19.604518,80.36881,77,133,cnn_val,0
MH-002_19.604518_80.369079,MH-002,19.604518,80.369079,77,134,cnn_val,0
MH-002_19.604518_80.369349,MH-002,19.604518,80.369349,77,135,cnn_val,0
MH-002_19.604518_80.369618,MH-002,19.604518,80.369618,77,136,cnn_val,0
MH-002_19.604518_80.369888,MH-002,19.604518,80.369888,77,137,cnn_val,1
MH-002_19.604518_80.376356,MH-002,19.604518,80.376356,77,161,cnn_test,0
MH-002_19.604518_80.376625,MH-002,19.604518,80.376625,77,162,cnn_test,1
MH-002_19.604518_80.376895,MH-002,19.604518,80.376895,77,163,cnn_test,0
MH-002_19.604518_80.377164,MH-002,19.604518,80.377164,77,164,cnn_test,0
MH-002_19.604518_80.377434,MH-002,19.604518,80.377434,77,165,cnn_test,0
MH-002_19.604518_80.378242,MH-002,19.604518,80.378242,77,168,cnn_test,0
MH-002_19.604518_80.379051,MH-002,19.604518,80.379051,77,171,cnn_test,0
MH-002_19.604518_80.37932,MH-002,19.604518,80.37932,77,172,cnn_test,0
MH-002_19.604518_80.37959,MH-002,19.604518,80.37959,77,173,cnn_test,0
MH-002_19.604518_80.379859,MH-002,19.604518,80.379859,77,174,cnn_test,0
MH-002_19.604518_80.380129,MH-002,19.604518,80.380129,77,175,cnn_test,0
MH-002_19.604518_80.380398,MH-002,19.604518,80.380398,77,176,cnn_test,0
MH-002_19.604249_80.339705,MH-002,19.604249,80.339705,78,25,cnn_train,0
MH-002_19.604249_80.339974,MH-002,19.604249,80.339974,78,26,cnn_train,0
MH-002_19.604249_80.340244,MH-002,19.604249,80.340244,78,27,cnn_train,0
MH-002_19.604249_80.340513,MH-002,19.604249,80.340513,78,28,cnn_train,0
MH-002_19.604249_80.340783,MH-002,19.604249,80.340783,78,29,cnn_train,0
MH-002_19.604249_80.341052,MH-002,19.604249,80.341052,78,30,cnn_train,0
MH-002_19.604249_80.341322,MH-002,19.604249,80.341322,78,31,cnn_train,0
MH-002_19.604249_80.341591,MH-002,19.604249,80.341591,78,32,cnn_train,0
MH-002_19.604249_80.34186,MH-002,19.604249,80.34186,78,33,cnn_train,0
MH-002_19.604249_80.34213,MH-002,19.604249,80.34213,78,34,cnn_train,0
MH-002_19.604249_80.342399,MH-002,19.604249,80.342399,78,35,cnn_train,0
MH-002_19.604249_80.342669,MH-002,19.604249,80.342669,78,36,cnn_train,0
MH-002_19.604249_80.342938,MH-002,19.604249,80.342938,78,37,cnn_train,0
MH-002_19.604249_80.343208,MH-002,19.604249,80.343208,78,38,cnn_train,0
MH-002_19.604249_80.343477,MH-002,19.604249,80.343477,78,39,cnn_train,0
MH-002_19.604249_80.343747,MH-002,19.604249,80.343747,78,40,cnn_train,0
MH-002_19.604249_80.344016,MH-002,19.604249,80.344016,78,41,cnn_train,0
MH-002_19.604249_80.344286,MH-002,19.604249,80.344286,78,42,cnn_train,0
MH-002_19.604249_80.344555,MH-002,19.604249,80.344555,78,43,cnn_train,0
MH-002_19.604249_80.344825,MH-002,19.604249,80.344825,78,44,cnn_train,0
MH-002_19.604249_80.345094,MH-002,19.604249,80.345094,78,45,cnn_train,0
MH-002_19.604249_80.345364,MH-002,19.604249,80.345364,78,46,cnn_train,0
MH-002_19.604249_80.345633,MH-002,19.604249,80.345633,78,47,cnn_train,0
MH-002_19.604249_80.345903,MH-002,19.604249,80.345903,78,48,cnn_train,0
MH-002_19.604249_80.346172,MH-002,19.604249,80.346172,78,49,cnn_train,0
MH-002_19.604249_80.346442,MH-002,19.604249,80.346442,78,50,cnn_train,0
MH-002_19.604249_80.346711,MH-002,19.604249,80.346711,78,51,cnn_train,0
MH-002_19.604249_80.346981,MH-002,19.604249,80.346981,78,52,cnn_train,0
MH-002_19.604249_80.34725,MH-002,19.604249,80.34725,78,53,cnn_train,0
MH-002_19.604249_80.34752,MH-002,19.604249,80.34752,78,54,cnn_train,0
MH-002_19.604249_80.347789,MH-002,19.604249,80.347789,78,55,cnn_train,0
MH-002_19.604249_80.348059,MH-002,19.604249,80.348059,78,56,cnn_train,0
MH-002_19.604249_80.348328,MH-002,19.604249,80.348328,78,57,cnn_train,0
MH-002_19.604249_80.348598,MH-002,19.604249,80.348598,78,58,cnn_train,0
MH-002_19.604249_80.348867,MH-002,19.604249,80.348867,78,59,cnn_train,0
MH-002_19.604249_80.349137,MH-002,19.604249,80.349137,78,60,cnn_train,0
MH-002_19.604249_80.349406,MH-002,19.604249,80.349406,78,61,cnn_train,0
MH-002_19.604249_80.349676,MH-002,19.604249,80.349676,78,62,cnn_train,0
MH-002_19.604249_80.349945,MH-002,19.604249,80.349945,78,63,cnn_train,0
MH-002_19.604249_80.350215,MH-002,19.604249,80.350215,78,64,cnn_train,0
MH-002_19.604249_80.350484,MH-002,19.604249,80.350484,78,65,cnn_train,0
MH-002_19.604249_80.350754,MH-002,19.604249,80.350754,78,66,cnn_train,0
MH-002_19.604249_80.351023,MH-002,19.604249,80.351023,78,67,cnn_train,1
MH-002_19.604249_80.351293,MH-002,19.604249,80.351293,78,68,cnn_train,1
MH-002_19.604249_80.351562,MH-002,19.604249,80.351562,78,69,cnn_train,1
MH-002_19.604249_80.351832,MH-002,19.604249,80.351832,78,70,cnn_train,0
MH-002_19.604249_80.352101,MH-002,19.604249,80.352101,78,71,cnn_train,0
MH-002_19.604249_80.352371,MH-002,19.604249,80.352371,78,72,cnn_train,0
MH-002_19.604249_80.35264,MH-002,19.604249,80.35264,78,73,cnn_train,1
MH-002_19.604249_80.353718,MH-002,19.604249,80.353718,78,77,cnn_train,0
MH-002_19.604249_80.353988,MH-002,19.604249,80.353988,78,78,cnn_train,0
MH-002_19.604249_80.354257,MH-002,19.604249,80.354257,78,79,cnn_train,0
MH-002_19.604249_80.354527,MH-002,19.604249,80.354527,78,80,cnn_train,0
MH-002_19.604249_80.354796,MH-002,19.604249,80.354796,78,81,cnn_train,0
MH-002_19.604249_80.355066,MH-002,19.604249,80.355066,78,82,cnn_train,0
MH-002_19.604249_80.355335,MH-002,19.604249,80.355335,78,83,cnn_train,0
MH-002_19.604249_80.356144,MH-002,19.604249,80.356144,78,86,cnn_train,0
MH-002_19.604249_80.356683,MH-002,19.604249,80.356683,78,88,cnn_train,0
MH-002_19.604249_80.356952,MH-002,19.604249,80.356952,78,89,cnn_train,0
MH-002_19.604249_80.357222,MH-002,19.604249,80.357222,78,90,cnn_train,0
MH-002_19.604249_80.357491,MH-002,19.604249,80.357491,78,91,cnn_train,0
MH-002_19.604249_80.363959,MH-002,19.604249,80.363959,78,115,cnn_val,0
MH-002_19.604249_80.364229,MH-002,19.604249,80.364229,78,116,cnn_val,0
MH-002_19.604249_80.364498,MH-002,19.604249,80.364498,78,117,cnn_val,0
MH-002_19.604249_80.365037,MH-002,19.604249,80.365037,78,119,cnn_val,0
MH-002_19.604249_80.365307,MH-002,19.604249,80.365307,78,120,cnn_val,0
MH-002_19.604249_80.365576,MH-002,19.604249,80.365576,78,121,cnn_val,0
MH-002_19.604249_80.365846,MH-002,19.604249,80.365846,78,122,cnn_val,0
MH-002_19.604249_80.366115,MH-002,19.604249,80.366115,78,123,cnn_val,0
MH-002_19.604249_80.366385,MH-002,19.604249,80.366385,78,124,cnn_val,0
MH-002_19.604249_80.367462,MH-002,19.604249,80.367462,78,128,cnn_val,0
MH-002_19.604249_80.367732,MH-002,19.604249,80.367732,78,129,cnn_val,0
MH-002_19.604249_80.368001,MH-002,19.604249,80.368001,78,130,cnn_val,0
MH-002_19.604249_80.368271,MH-002,19.604249,80.368271,78,131,cnn_val,0
MH-002_19.604249_80.36854,MH-002,19.604249,80.36854,78,132,cnn_val,0
MH-002_19.604249_80.36881,MH-002,19.604249,80.36881,78,133,cnn_val,0
MH-002_19.604249_80.369079,MH-002,19.604249,80.369079,78,134,cnn_val,0
MH-002_19.604249_80.369349,MH-002,19.604249,80.369349,78,135,cnn_val,0
MH-002_19.604249_80.369618,MH-002,19.604249,80.369618,78,136,cnn_val,0
MH-002_19.604249_80.369888,MH-002,19.604249,80.369888,78,137,cnn_val,0
MH-002_19.604249_80.376356,MH-002,19.604249,80.376356,78,161,cnn_test,0
MH-002_19.604249_80.376625,MH-002,19.604249,80.376625,78,162,cnn_test,1
MH-002_19.604249_80.377164,MH-002,19.604249,80.377164,78,164,cnn_test,0
MH-002_19.604249_80.377973,MH-002,19.604249,80.377973,78,167,cnn_test,0
MH-002_19.604249_80.378242,MH-002,19.604249,80.378242,78,168,cnn_test,0
MH-002_19.604249_80.378512,MH-002,19.604249,80.378512,78,169,cnn_test,0
MH-002_19.604249_80.379051,MH-002,19.604249,80.379051,78,171,cnn_test,0
MH-002_19.604249_80.37932,MH-002,19.604249,80.37932,78,172,cnn_test,0
MH-002_19.604249_80.37959,MH-002,19.604249,80.37959,78,173,cnn_test,0
MH-002_19.604249_80.379859,MH-002,19.604249,80.379859,78,174,cnn_test,0
MH-002_19.604249_80.380129,MH-002,19.604249,80.380129,78,175,cnn_test,0
MH-002_19.604249_80.380398,MH-002,19.604249,80.380398,78,176,cnn_test,0
MH-002_19.603979_80.339705,MH-002,19.603979,80.339705,79,25,cnn_train,0
MH-002_19.603979_80.339974,MH-002,19.603979,80.339974,79,26,cnn_train,0
MH-002_19.603979_80.340244,MH-002,19.603979,80.340244,79,27,cnn_train,0
MH-002_19.603979_80.340513,MH-002,19.603979,80.340513,79,28,cnn_train,0
MH-002_19.603979_80.340783,MH-002,19.603979,80.340783,79,29,cnn_train,0
MH-002_19.603979_80.341052,MH-002,19.603979,80.341052,79,30,cnn_train,0
MH-002_19.603979_80.341322,MH-002,19.603979,80.341322,79,31,cnn_train,0
MH-002_19.603979_80.341591,MH-002,19.603979,80.341591,79,32,cnn_train,0
MH-002_19.603979_80.34186,MH-002,19.603979,80.34186,79,33,cnn_train,0
MH-002_19.603979_80.34213,MH-002,19.603979,80.34213,79,34,cnn_train,0
MH-002_19.603979_80.342399,MH-002,19.603979,80.342399,79,35,cnn_train,0
MH-002_19.603979_80.342669,MH-002,19.603979,80.342669,79,36,cnn_train,0
MH-002_19.603979_80.342938,MH-002,19.603979,80.342938,79,37,cnn_train,0
MH-002_19.603979_80.343208,MH-002,19.603979,80.343208,79,38,cnn_train,0
MH-002_19.603979_80.343477,MH-002,19.603979,80.343477,79,39,cnn_train,0
MH-002_19.603979_80.343747,MH-002,19.603979,80.343747,79,40,cnn_train,0
MH-002_19.603979_80.344016,MH-002,19.603979,80.344016,79,41,cnn_train,0
MH-002_19.603979_80.344286,MH-002,19.603979,80.344286,79,42,cnn_train,0
MH-002_19.603979_80.344555,MH-002,19.603979,80.344555,79,43,cnn_train,0
MH-002_19.603979_80.344825,MH-002,19.603979,80.344825,79,44,cnn_train,0
MH-002_19.603979_80.345094,MH-002,19.603979,80.345094,79,45,cnn_train,0
MH-002_19.603979_80.345364,MH-002,19.603979,80.345364,79,46,cnn_train,0
MH-002_19.603979_80.345633,MH-002,19.603979,80.345633,79,47,cnn_train,0
MH-002_19.603979_80.345903,MH-002,19.603979,80.345903,79,48,cnn_train,0
MH-002_19.603979_80.346172,MH-002,19.603979,80.346172,79,49,cnn_train,0
MH-002_19.603979_80.346442,MH-002,19.603979,80.346442,79,50,cnn_train,0
MH-002_19.603979_80.346711,MH-002,19.603979,80.346711,79,51,cnn_train,0
MH-002_19.603979_80.346981,MH-002,19.603979,80.346981,79,52,cnn_train,0
MH-002_19.603979_80.34725,MH-002,19.603979,80.34725,79,53,cnn_train,0
MH-002_19.603979_80.34752,MH-002,19.603979,80.34752,79,54,cnn_train,0
MH-002_19.603979_80.347789,MH-002,19.603979,80.347789,79,55,cnn_train,0
MH-002_19.603979_80.348059,MH-002,19.603979,80.348059,79,56,cnn_train,0
MH-002_19.603979_80.348328,MH-002,19.603979,80.348328,79,57,cnn_train,0
MH-002_19.603979_80.348598,MH-002,19.603979,80.348598,79,58,cnn_train,0
MH-002_19.603979_80.348867,MH-002,19.603979,80.348867,79,59,cnn_train,0
MH-002_19.603979_80.349137,MH-002,19.603979,80.349137,79,60,cnn_train,0
MH-002_19.603979_80.349406,MH-002,19.603979,80.349406,79,61,cnn_train,0
MH-002_19.603979_80.349676,MH-002,19.603979,80.349676,79,62,cnn_train,0
MH-002_19.603979_80.349945,MH-002,19.603979,80.349945,79,63,cnn_train,0
MH-002_19.603979_80.350215,MH-002,19.603979,80.350215,79,64,cnn_train,0
MH-002_19.603979_80.350484,MH-002,19.603979,80.350484,79,65,cnn_train,0
MH-002_19.603979_80.350754,MH-002,19.603979,80.350754,79,66,cnn_train,0
MH-002_19.603979_80.351023,MH-002,19.603979,80.351023,79,67,cnn_train,1
MH-002_19.603979_80.351293,MH-002,19.603979,80.351293,79,68,cnn_train,1
MH-002_19.603979_80.351562,MH-002,19.603979,80.351562,79,69,cnn_train,1
MH-002_19.603979_80.351832,MH-002,19.603979,80.351832,79,70,cnn_train,0
MH-002_19.603979_80.352101,MH-002,19.603979,80.352101,79,71,cnn_train,0
MH-002_19.603979_80.352371,MH-002,19.603979,80.352371,79,72,cnn_train,0
MH-002_19.603979_80.35264,MH-002,19.603979,80.35264,79,73,cnn_train,0
MH-002_19.603979_80.353718,MH-002,19.603979,80.353718,79,77,cnn_train,0
MH-002_19.603979_80.353988,MH-002,19.603979,80.353988,79,78,cnn_train,0
MH-002_19.603979_80.354257,MH-002,19.603979,80.354257,79,79,cnn_train,0
MH-002_19.603979_80.354527,MH-002,19.603979,80.354527,79,80,cnn_train,0
MH-002_19.603979_80.354796,MH-002,19.603979,80.354796,79,81,cnn_train,0
MH-002_19.603979_80.355066,MH-002,19.603979,80.355066,79,82,cnn_train,0
MH-002_19.603979_80.355335,MH-002,19.603979,80.355335,79,83,cnn_train,0
MH-002_19.603979_80.356952,MH-002,19.603979,80.356952,79,89,cnn_train,0
MH-002_19.603979_80.357222,MH-002,19.603979,80.357222,79,90,cnn_train,0
MH-002_19.603979_80.357491,MH-002,19.603979,80.357491,79,91,cnn_train,0
MH-002_19.603979_80.363959,MH-002,19.603979,80.363959,79,115,cnn_val,0
MH-002_19.603979_80.364229,MH-002,19.603979,80.364229,79,116,cnn_val,0
MH-002_19.603979_80.364768,MH-002,19.603979,80.364768,79,118,cnn_val,0
MH-002_19.603979_80.365037,MH-002,19.603979,80.365037,79,119,cnn_val,0
MH-002_19.603979_80.365307,MH-002,19.603979,80.365307,79,120,cnn_val,1
MH-002_19.603979_80.365576,MH-002,19.603979,80.365576,79,121,cnn_val,1
MH-002_19.603979_80.365846,MH-002,19.603979,80.365846,79,122,cnn_val,0
MH-002_19.603979_80.366115,MH-002,19.603979,80.366115,79,123,cnn_val,0
MH-002_19.603979_80.366385,MH-002,19.603979,80.366385,79,124,cnn_val,0
MH-002_19.603979_80.366654,MH-002,19.603979,80.366654,79,125,cnn_val,0
MH-002_19.603979_80.366923,MH-002,19.603979,80.366923,79,126,cnn_val,0
MH-002_19.603979_80.367193,MH-002,19.603979,80.367193,79,127,cnn_val,0
MH-002_19.603979_80.368001,MH-002,19.603979,80.368001,79,130,cnn_val,0
MH-002_19.603979_80.368271,MH-002,19.603979,80.368271,79,131,cnn_val,0
MH-002_19.603979_80.36854,MH-002,19.603979,80.36854,79,132,cnn_val,0
MH-002_19.603979_80.36881,MH-002,19.603979,80.36881,79,133,cnn_val,0
MH-002_19.603979_80.369079,MH-002,19.603979,80.369079,79,134,cnn_val,0
MH-002_19.603979_80.369349,MH-002,19.603979,80.369349,79,135,cnn_val,0
MH-002_19.603979_80.369618,MH-002,19.603979,80.369618,79,136,cnn_val,0
MH-002_19.603979_80.369888,MH-002,19.603979,80.369888,79,137,cnn_val,0
MH-002_19.603979_80.376356,MH-002,19.603979,80.376356,79,161,cnn_test,0
MH-002_19.603979_80.376625,MH-002,19.603979,80.376625,79,162,cnn_test,0
MH-002_19.603979_80.376895,MH-002,19.603979,80.376895,79,163,cnn_test,0
MH-002_19.603979_80.377164,MH-002,19.603979,80.377164,79,164,cnn_test,0
MH-002_19.603979_80.378242,MH-002,19.603979,80.378242,79,168,cnn_test,0
MH-002_19.603979_80.379051,MH-002,19.603979,80.379051,79,171,cnn_test,0
MH-002_19.603979_80.37932,MH-002,19.603979,80.37932,79,172,cnn_test,0
MH-002_19.603979_80.37959,MH-002,19.603979,80.37959,79,173,cnn_test,0
MH-002_19.603979_80.379859,MH-002,19.603979,80.379859,79,174,cnn_test,0
MH-002_19.603979_80.380129,MH-002,19.603979,80.380129,79,175,cnn_test,0
MH-002_19.603979_80.380398,MH-002,19.603979,80.380398,79,176,cnn_test,0
MH-002_19.60371_80.339974,MH-002,19.60371,80.339974,80,26,cnn_train,0
MH-002_19.60371_80.340244,MH-002,19.60371,80.340244,80,27,cnn_train,0
MH-002_19.60371_80.340513,MH-002,19.60371,80.340513,80,28,cnn_train,0
MH-002_19.60371_80.340783,MH-002,19.60371,80.340783,80,29,cnn_train,0
MH-002_19.60371_80.341052,MH-002,19.60371,80.341052,80,30,cnn_train,0
MH-002_19.60371_80.341322,MH-002,19.60371,80.341322,80,31,cnn_train,0
MH-002_19.60371_80.341591,MH-002,19.60371,80.341591,80,32,cnn_train,0
MH-002_19.60371_80.34186,MH-002,19.60371,80.34186,80,33,cnn_train,0
MH-002_19.60371_80.34213,MH-002,19.60371,80.34213,80,34,cnn_train,0
MH-002_19.60371_80.342399,MH-002,19.60371,80.342399,80,35,cnn_train,0
MH-002_19.60371_80.342669,MH-002,19.60371,80.342669,80,36,cnn_train,0
MH-002_19.60371_80.342938,MH-002,19.60371,80.342938,80,37,cnn_train,0
MH-002_19.60371_80.343208,MH-002,19.60371,80.343208,80,38,cnn_train,0
MH-002_19.60371_80.343477,MH-002,19.60371,80.343477,80,39,cnn_train,0
MH-002_19.60371_80.343747,MH-002,19.60371,80.343747,80,40,cnn_train,0
MH-002_19.60371_80.344016,MH-002,19.60371,80.344016,80,41,cnn_train,0
MH-002_19.60371_80.344286,MH-002,19.60371,80.344286,80,42,cnn_train,0
MH-002_19.60371_80.344555,MH-002,19.60371,80.344555,80,43,cnn_train,0
MH-002_19.60371_80.344825,MH-002,19.60371,80.344825,80,44,cnn_train,0
MH-002_19.60371_80.345094,MH-002,19.60371,80.345094,80,45,cnn_train,0
MH-002_19.60371_80.345364,MH-002,19.60371,80.345364,80,46,cnn_train,0
MH-002_19.60371_80.345633,MH-002,19.60371,80.345633,80,47,cnn_train,0
MH-002_19.60371_80.345903,MH-002,19.60371,80.345903,80,48,cnn_train,0
MH-002_19.60371_80.346172,MH-002,19.60371,80.346172,80,49,cnn_train,0
MH-002_19.60371_80.346442,MH-002,19.60371,80.346442,80,50,cnn_train,0
MH-002_19.60371_80.346711,MH-002,19.60371,80.346711,80,51,cnn_train,0
MH-002_19.60371_80.346981,MH-002,19.60371,80.346981,80,52,cnn_train,0
MH-002_19.60371_80.34725,MH-002,19.60371,80.34725,80,53,cnn_train,0
MH-002_19.60371_80.34752,MH-002,19.60371,80.34752,80,54,cnn_train,0
MH-002_19.60371_80.347789,MH-002,19.60371,80.347789,80,55,cnn_train,0
MH-002_19.60371_80.348059,MH-002,19.60371,80.348059,80,56,cnn_train,0
MH-002_19.60371_80.348328,MH-002,19.60371,80.348328,80,57,cnn_train,0
MH-002_19.60371_80.348598,MH-002,19.60371,80.348598,80,58,cnn_train,0
MH-002_19.60371_80.348867,MH-002,19.60371,80.348867,80,59,cnn_train,0
MH-002_19.60371_80.349137,MH-002,19.60371,80.349137,80,60,cnn_train,0
MH-002_19.60371_80.349406,MH-002,19.60371,80.349406,80,61,cnn_train,0
MH-002_19.60371_80.349676,MH-002,19.60371,80.349676,80,62,cnn_train,0
MH-002_19.60371_80.349945,MH-002,19.60371,80.349945,80,63,cnn_train,0
MH-002_19.60371_80.350215,MH-002,19.60371,80.350215,80,64,cnn_train,0
MH-002_19.60371_80.350484,MH-002,19.60371,80.350484,80,65,cnn_train,0
MH-002_19.60371_80.350754,MH-002,19.60371,80.350754,80,66,cnn_train,1
MH-002_19.60371_80.351023,MH-002,19.60371,80.351023,80,67,cnn_train,1
MH-002_19.60371_80.351293,MH-002,19.60371,80.351293,80,68,cnn_train,1
MH-002_19.60371_80.351562,MH-002,19.60371,80.351562,80,69,cnn_train,1
MH-002_19.60371_80.351832,MH-002,19.60371,80.351832,80,70,cnn_train,0
MH-002_19.60371_80.352101,MH-002,19.60371,80.352101,80,71,cnn_train,0
MH-002_19.60371_80.352371,MH-002,19.60371,80.352371,80,72,cnn_train,0
MH-002_19.60371_80.35264,MH-002,19.60371,80.35264,80,73,cnn_train,0
MH-002_19.60371_80.353718,MH-002,19.60371,80.353718,80,77,cnn_train,0
MH-002_19.60371_80.353988,MH-002,19.60371,80.353988,80,78,cnn_train,0
MH-002_19.60371_80.354257,MH-002,19.60371,80.354257,80,79,cnn_train,0
MH-002_19.60371_80.354527,MH-002,19.60371,80.354527,80,80,cnn_train,1
MH-002_19.60371_80.354796,MH-002,19.60371,80.354796,80,81,cnn_train,0
MH-002_19.60371_80.357491,MH-002,19.60371,80.357491,80,91,cnn_train,0
MH-002_19.60371_80.363959,MH-002,19.60371,80.363959,80,115,cnn_val,0
MH-002_19.60371_80.364229,MH-002,19.60371,80.364229,80,116,cnn_val,0
MH-002_19.60371_80.364768,MH-002,19.60371,80.364768,80,118,cnn_val,0
MH-002_19.60371_80.365037,MH-002,19.60371,80.365037,80,119,cnn_val,0
MH-002_19.60371_80.365307,MH-002,19.60371,80.365307,80,120,cnn_val,0
MH-002_19.60371_80.365576,MH-002,19.60371,80.365576,80,121,cnn_val,1
MH-002_19.60371_80.365846,MH-002,19.60371,80.365846,80,122,cnn_val,0
MH-002_19.60371_80.366115,MH-002,19.60371,80.366115,80,123,cnn_val,0
MH-002_19.60371_80.366385,MH-002,19.60371,80.366385,80,124,cnn_val,0
MH-002_19.60371_80.366654,MH-002,19.60371,80.366654,80,125,cnn_val,0
MH-002_19.60371_80.366923,MH-002,19.60371,80.366923,80,126,cnn_val,0
MH-002_19.60371_80.367193,MH-002,19.60371,80.367193,80,127,cnn_val,0
MH-002_19.60371_80.368271,MH-002,19.60371,80.368271,80,131,cnn_val,0
MH-002_19.60371_80.36854,MH-002,19.60371,80.36854,80,132,cnn_val,0
MH-002_19.60371_80.36881,MH-002,19.60371,80.36881,80,133,cnn_val,0
MH-002_19.60371_80.369079,MH-002,19.60371,80.369079,80,134,cnn_val,0
MH-002_19.60371_80.369349,MH-002,19.60371,80.369349,80,135,cnn_val,0
MH-002_19.60371_80.369618,MH-002,19.60371,80.369618,80,136,cnn_val,0
MH-002_19.60371_80.369888,MH-002,19.60371,80.369888,80,137,cnn_val,0
MH-002_19.60371_80.376356,MH-002,19.60371,80.376356,80,161,cnn_test,0
MH-002_19.60371_80.376625,MH-002,19.60371,80.376625,80,162,cnn_test,0
MH-002_19.60371_80.376895,MH-002,19.60371,80.376895,80,163,cnn_test,1
MH-002_19.60371_80.377164,MH-002,19.60371,80.377164,80,164,cnn_test,0
MH-002_19.60371_80.377973,MH-002,19.60371,80.377973,80,167,cnn_test,0
MH-002_19.60371_80.379051,MH-002,19.60371,80.379051,80,171,cnn_test,0
MH-002_19.60371_80.37932,MH-002,19.60371,80.37932,80,172,cnn_test,0
MH-002_19.60371_80.37959,MH-002,19.60371,80.37959,80,173,cnn_test,0
MH-002_19.60371_80.379859,MH-002,19.60371,80.379859,80,174,cnn_test,0
MH-002_19.60371_80.380129,MH-002,19.60371,80.380129,80,175,cnn_test,0
MH-002_19.60371_80.380398,MH-002,19.60371,80.380398,80,176,cnn_test,0
MH-002_19.60344_80.339974,MH-002,19.60344,80.339974,81,26,cnn_train,0
MH-002_19.60344_80.340244,MH-002,19.60344,80.340244,81,27,cnn_train,0
MH-002_19.60344_80.340513,MH-002,19.60344,80.340513,81,28,cnn_train,0
MH-002_19.60344_80.340783,MH-002,19.60344,80.340783,81,29,cnn_train,0
MH-002_19.60344_80.341052,MH-002,19.60344,80.341052,81,30,cnn_train,0
MH-002_19.60344_80.341322,MH-002,19.60344,80.341322,81,31,cnn_train,0
MH-002_19.60344_80.341591,MH-002,19.60344,80.341591,81,32,cnn_train,0
MH-002_19.60344_80.34186,MH-002,19.60344,80.34186,81,33,cnn_train,0
MH-002_19.60344_80.34213,MH-002,19.60344,80.34213,81,34,cnn_train,1
MH-002_19.60344_80.342399,MH-002,19.60344,80.342399,81,35,cnn_train,1
MH-002_19.60344_80.342669,MH-002,19.60344,80.342669,81,36,cnn_train,0
MH-002_19.60344_80.342938,MH-002,19.60344,80.342938,81,37,cnn_train,0
MH-002_19.60344_80.343208,MH-002,19.60344,80.343208,81,38,cnn_train,0
MH-002_19.60344_80.343477,MH-002,19.60344,80.343477,81,39,cnn_train,0
MH-002_19.60344_80.343747,MH-002,19.60344,80.343747,81,40,cnn_train,0
MH-002_19.60344_80.344016,MH-002,19.60344,80.344016,81,41,cnn_train,0
MH-002_19.60344_80.344286,MH-002,19.60344,80.344286,81,42,cnn_train,0
MH-002_19.60344_80.344555,MH-002,19.60344,80.344555,81,43,cnn_train,0
MH-002_19.60344_80.344825,MH-002,19.60344,80.344825,81,44,cnn_train,0
MH-002_19.60344_80.345094,MH-002,19.60344,80.345094,81,45,cnn_train,0
MH-002_19.60344_80.345364,MH-002,19.60344,80.345364,81,46,cnn_train,0
MH-002_19.60344_80.345633,MH-002,19.60344,80.345633,81,47,cnn_train,0
MH-002_19.60344_80.345903,MH-002,19.60344,80.345903,81,48,cnn_train,0
MH-002_19.60344_80.346172,MH-002,19.60344,80.346172,81,49,cnn_train,0
MH-002_19.60344_80.346442,MH-002,19.60344,80.346442,81,50,cnn_train,0
MH-002_19.60344_80.346711,MH-002,19.60344,80.346711,81,51,cnn_train,0
MH-002_19.60344_80.346981,MH-002,19.60344,80.346981,81,52,cnn_train,0
MH-002_19.60344_80.34725,MH-002,19.60344,80.34725,81,53,cnn_train,0
MH-002_19.60344_80.34752,MH-002,19.60344,80.34752,81,54,cnn_train,0
MH-002_19.60344_80.347789,MH-002,19.60344,80.347789,81,55,cnn_train,0
MH-002_19.60344_80.348059,MH-002,19.60344,80.348059,81,56,cnn_train,0
MH-002_19.60344_80.348328,MH-002,19.60344,80.348328,81,57,cnn_train,0
MH-002_19.60344_80.348598,MH-002,19.60344,80.348598,81,58,cnn_train,0
MH-002_19.60344_80.348867,MH-002,19.60344,80.348867,81,59,cnn_train,0
MH-002_19.60344_80.349137,MH-002,19.60344,80.349137,81,60,cnn_train,0
MH-002_19.60344_80.349406,MH-002,19.60344,80.349406,81,61,cnn_train,0
MH-002_19.60344_80.349676,MH-002,19.60344,80.349676,81,62,cnn_train,0
MH-002_19.60344_80.349945,MH-002,19.60344,80.349945,81,63,cnn_train,0
MH-002_19.60344_80.350215,MH-002,19.60344,80.350215,81,64,cnn_train,0
MH-002_19.60344_80.350484,MH-002,19.60344,80.350484,81,65,cnn_train,0
MH-002_19.60344_80.350754,MH-002,19.60344,80.350754,81,66,cnn_train,0
MH-002_19.60344_80.351023,MH-002,19.60344,80.351023,81,67,cnn_train,1
MH-002_19.60344_80.351293,MH-002,19.60344,80.351293,81,68,cnn_train,1
MH-002_19.60344_80.351562,MH-002,19.60344,80.351562,81,69,cnn_train,1
MH-002_19.60344_80.351832,MH-002,19.60344,80.351832,81,70,cnn_train,1
MH-002_19.60344_80.352101,MH-002,19.60344,80.352101,81,71,cnn_train,0
MH-002_19.60344_80.352371,MH-002,19.60344,80.352371,81,72,cnn_train,0
MH-002_19.60344_80.35264,MH-002,19.60344,80.35264,81,73,cnn_train,0
MH-002_19.60344_80.35291,MH-002,19.60344,80.35291,81,74,cnn_train,0
MH-002_19.60344_80.353988,MH-002,19.60344,80.353988,81,78,cnn_train,0
MH-002_19.60344_80.354257,MH-002,19.60344,80.354257,81,79,cnn_train,1
MH-002_19.60344_80.363959,MH-002,19.60344,80.363959,81,115,cnn_val,0
MH-002_19.60344_80.364229,MH-002,19.60344,80.364229,81,116,cnn_val,0
MH-002_19.60344_80.364768,MH-002,19.60344,80.364768,81,118,cnn_val,0
MH-002_19.60344_80.365037,MH-002,19.60344,80.365037,81,119,cnn_val,0
MH-002_19.60344_80.365307,MH-002,19.60344,80.365307,81,120,cnn_val,0
MH-002_19.60344_80.365576,MH-002,19.60344,80.365576,81,121,cnn_val,0
MH-002_19.60344_80.367732,MH-002,19.60344,80.367732,81,129,cnn_val,0
MH-002_19.60344_80.368001,MH-002,19.60344,80.368001,81,130,cnn_val,0
MH-002_19.60344_80.368271,MH-002,19.60344,80.368271,81,131,cnn_val,0
MH-002_19.60344_80.36854,MH-002,19.60344,80.36854,81,132,cnn_val,0
MH-002_19.60344_80.36881,MH-002,19.60344,80.36881,81,133,cnn_val,0
MH-002_19.60344_80.369079,MH-002,19.60344,80.369079,81,134,cnn_val,0
MH-002_19.60344_80.369349,MH-002,19.60344,80.369349,81,135,cnn_val,0
MH-002_19.60344_80.369618,MH-002,19.60344,80.369618,81,136,cnn_val,0
MH-002_19.60344_80.369888,MH-002,19.60344,80.369888,81,137,cnn_val,0
MH-002_19.60344_80.376356,MH-002,19.60344,80.376356,81,161,cnn_test,0
MH-002_19.60344_80.376625,MH-002,19.60344,80.376625,81,162,cnn_test,0
MH-002_19.60344_80.376895,MH-002,19.60344,80.376895,81,163,cnn_test,0
MH-002_19.60344_80.377164,MH-002,19.60344,80.377164,81,164,cnn_test,1
MH-002_19.60344_80.378242,MH-002,19.60344,80.378242,81,168,cnn_test,0
MH-002_19.60344_80.378512,MH-002,19.60344,80.378512,81,169,cnn_test,0
MH-002_19.60344_80.379051,MH-002,19.60344,80.379051,81,171,cnn_test,0
MH-002_19.60344_80.37932,MH-002,19.60344,80.37932,81,172,cnn_test,0
MH-002_19.60344_80.37959,MH-002,19.60344,80.37959,81,173,cnn_test,0
MH-002_19.60344_80.379859,MH-002,19.60344,80.379859,81,174,cnn_test,0
MH-002_19.60344_80.380129,MH-002,19.60344,80.380129,81,175,cnn_test,0
MH-002_19.60344_80.380398,MH-002,19.60344,80.380398,81,176,cnn_test,0
MH-002_19.603171_80.339974,MH-002,19.603171,80.339974,82,26,cnn_train,0
MH-002_19.603171_80.340244,MH-002,19.603171,80.340244,82,27,cnn_train,0
MH-002_19.603171_80.340513,MH-002,19.603171,80.340513,82,28,cnn_train,0
MH-002_19.603171_80.340783,MH-002,19.603171,80.340783,82,29,cnn_train,0
MH-002_19.603171_80.341052,MH-002,19.603171,80.341052,82,30,cnn_train,0
MH-002_19.603171_80.341322,MH-002,19.603171,80.341322,82,31,cnn_train,0
MH-002_19.603171_80.341591,MH-002,19.603171,80.341591,82,32,cnn_train,0
MH-002_19.603171_80.34186,MH-002,19.603171,80.34186,82,33,cnn_train,0
MH-002_19.603171_80.34213,MH-002,19.603171,80.34213,82,34,cnn_train,0
MH-002_19.603171_80.342399,MH-002,19.603171,80.342399,82,35,cnn_train,0
MH-002_19.603171_80.342669,MH-002,19.603171,80.342669,82,36,cnn_train,0
MH-002_19.603171_80.342938,MH-002,19.603171,80.342938,82,37,cnn_train,0
MH-002_19.603171_80.343208,MH-002,19.603171,80.343208,82,38,cnn_train,0
MH-002_19.603171_80.343477,MH-002,19.603171,80.343477,82,39,cnn_train,0
MH-002_19.603171_80.343747,MH-002,19.603171,80.343747,82,40,cnn_train,0
MH-002_19.603171_80.344016,MH-002,19.603171,80.344016,82,41,cnn_train,0
MH-002_19.603171_80.344286,MH-002,19.603171,80.344286,82,42,cnn_train,0
MH-002_19.603171_80.344555,MH-002,19.603171,80.344555,82,43,cnn_train,0
MH-002_19.603171_80.344825,MH-002,19.603171,80.344825,82,44,cnn_train,0
MH-002_19.603171_80.345094,MH-002,19.603171,80.345094,82,45,cnn_train,0
MH-002_19.603171_80.345364,MH-002,19.603171,80.345364,82,46,cnn_train,0
MH-002_19.603171_80.345633,MH-002,19.603171,80.345633,82,47,cnn_train,0
MH-002_19.603171_80.345903,MH-002,19.603171,80.345903,82,48,cnn_train,0
MH-002_19.603171_80.346172,MH-002,19.603171,80.346172,82,49,cnn_train,0
MH-002_19.603171_80.346442,MH-002,19.603171,80.346442,82,50,cnn_train,0
MH-002_19.603171_80.346711,MH-002,19.603171,80.346711,82,51,cnn_train,0
MH-002_19.603171_80.346981,MH-002,19.603171,80.346981,82,52,cnn_train,0
MH-002_19.603171_80.34725,MH-002,19.603171,80.34725,82,53,cnn_train,0
MH-002_19.603171_80.34752,MH-002,19.603171,80.34752,82,54,cnn_train,0
MH-002_19.603171_80.347789,MH-002,19.603171,80.347789,82,55,cnn_train,0
MH-002_19.603171_80.348059,MH-002,19.603171,80.348059,82,56,cnn_train,0
MH-002_19.603171_80.348328,MH-002,19.603171,80.348328,82,57,cnn_train,0
MH-002_19.603171_80.348598,MH-002,19.603171,80.348598,82,58,cnn_train,0
MH-002_19.603171_80.348867,MH-002,19.603171,80.348867,82,59,cnn_train,0
MH-002_19.603171_80.349137,MH-002,19.603171,80.349137,82,60,cnn_train,0
MH-002_19.603171_80.349406,MH-002,19.603171,80.349406,82,61,cnn_train,0
MH-002_19.603171_80.349676,MH-002,19.603171,80.349676,82,62,cnn_train,0
MH-002_19.603171_80.349945,MH-002,19.603171,80.349945,82,63,cnn_train,0
MH-002_19.603171_80.350215,MH-002,19.603171,80.350215,82,64,cnn_train,0
MH-002_19.603171_80.350484,MH-002,19.603171,80.350484,82,65,cnn_train,0
MH-002_19.603171_80.350754,MH-002,19.603171,80.350754,82,66,cnn_train,0
MH-002_19.603171_80.351023,MH-002,19.603171,80.351023,82,67,cnn_train,1
MH-002_19.603171_80.351293,MH-002,19.603171,80.351293,82,68,cnn_train,1
MH-002_19.603171_80.351562,MH-002,19.603171,80.351562,82,69,cnn_train,1
MH-002_19.603171_80.351832,MH-002,19.603171,80.351832,82,70,cnn_train,1
MH-002_19.603171_80.352101,MH-002,19.603171,80.352101,82,71,cnn_train,0
MH-002_19.603171_80.352371,MH-002,19.603171,80.352371,82,72,cnn_train,0
MH-002_19.603171_80.35264,MH-002,19.603171,80.35264,82,73,cnn_train,0
MH-002_19.603171_80.35291,MH-002,19.603171,80.35291,82,74,cnn_train,0
MH-002_19.603171_80.356413,MH-002,19.603171,80.356413,82,87,cnn_train,0
MH-002_19.603171_80.357222,MH-002,19.603171,80.357222,82,90,cnn_train,0
MH-002_19.603171_80.364768,MH-002,19.603171,80.364768,82,118,cnn_val,0
MH-002_19.603171_80.365037,MH-002,19.603171,80.365037,82,119,cnn_val,0
MH-002_19.603171_80.365307,MH-002,19.603171,80.365307,82,120,cnn_val,0
MH-002_19.603171_80.365846,MH-002,19.603171,80.365846,82,122,cnn_val,0
MH-002_19.603171_80.366115,MH-002,19.603171,80.366115,82,123,cnn_val,1
MH-002_19.603171_80.366385,MH-002,19.603171,80.366385,82,124,cnn_val,0
MH-002_19.603171_80.366654,MH-002,19.603171,80.366654,82,125,cnn_val,0
MH-002_19.603171_80.366923,MH-002,19.603171,80.366923,82,126,cnn_val,0
MH-002_19.603171_80.367193,MH-002,19.603171,80.367193,82,127,cnn_val,0
MH-002_19.603171_80.367462,MH-002,19.603171,80.367462,82,128,cnn_val,0
MH-002_19.603171_80.367732,MH-002,19.603171,80.367732,82,129,cnn_val,0
MH-002_19.603171_80.368001,MH-002,19.603171,80.368001,82,130,cnn_val,0
MH-002_19.603171_80.368271,MH-002,19.603171,80.368271,82,131,cnn_val,0
MH-002_19.603171_80.36854,MH-002,19.603171,80.36854,82,132,cnn_val,0
MH-002_19.603171_80.36881,MH-002,19.603171,80.36881,82,133,cnn_val,0
MH-002_19.603171_80.369618,MH-002,19.603171,80.369618,82,136,cnn_val,0
MH-002_19.603171_80.369888,MH-002,19.603171,80.369888,82,137,cnn_val,0
MH-002_19.603171_80.376356,MH-002,19.603171,80.376356,82,161,cnn_test,0
MH-002_19.603171_80.376625,MH-002,19.603171,80.376625,82,162,cnn_test,0
MH-002_19.603171_80.376895,MH-002,19.603171,80.376895,82,163,cnn_test,0
MH-002_19.603171_80.377164,MH-002,19.603171,80.377164,82,164,cnn_test,1
MH-002_19.603171_80.378242,MH-002,19.603171,80.378242,82,168,cnn_test,0
MH-002_19.603171_80.378512,MH-002,19.603171,80.378512,82,169,cnn_test,0
MH-002_19.603171_80.37932,MH-002,19.603171,80.37932,82,172,cnn_test,0
MH-002_19.603171_80.37959,MH-002,19.603171,80.37959,82,173,cnn_test,0
MH-002_19.603171_80.379859,MH-002,19.603171,80.379859,82,174,cnn_test,0
MH-002_19.603171_80.380129,MH-002,19.603171,80.380129,82,175,cnn_test,0
MH-002_19.603171_80.380398,MH-002,19.603171,80.380398,82,176,cnn_test,0
MH-002_19.602901_80.339974,MH-002,19.602901,80.339974,83,26,cnn_train,0
MH-002_19.602901_80.340244,MH-002,19.602901,80.340244,83,27,cnn_train,0
MH-002_19.602901_80.340513,MH-002,19.602901,80.340513,83,28,cnn_train,0
MH-002_19.602901_80.340783,MH-002,19.602901,80.340783,83,29,cnn_train,0
MH-002_19.602901_80.341052,MH-002,19.602901,80.341052,83,30,cnn_train,0
MH-002_19.602901_80.341322,MH-002,19.602901,80.341322,83,31,cnn_train,0
MH-002_19.602901_80.341591,MH-002,19.602901,80.341591,83,32,cnn_train,0
MH-002_19.602901_80.34186,MH-002,19.602901,80.34186,83,33,cnn_train,0
MH-002_19.602901_80.34213,MH-002,19.602901,80.34213,83,34,cnn_train,0
MH-002_19.602901_80.342399,MH-002,19.602901,80.342399,83,35,cnn_train,0
MH-002_19.602901_80.342669,MH-002,19.602901,80.342669,83,36,cnn_train,0
MH-002_19.602901_80.342938,MH-002,19.602901,80.342938,83,37,cnn_train,0
MH-002_19.602901_80.343208,MH-002,19.602901,80.343208,83,38,cnn_train,0
MH-002_19.602901_80.343477,MH-002,19.602901,80.343477,83,39,cnn_train,0
MH-002_19.602901_80.343747,MH-002,19.602901,80.343747,83,40,cnn_train,0
MH-002_19.602901_80.344016,MH-002,19.602901,80.344016,83,41,cnn_train,0
MH-002_19.602901_80.344286,MH-002,19.602901,80.344286,83,42,cnn_train,0
MH-002_19.602901_80.344555,MH-002,19.602901,80.344555,83,43,cnn_train,0
MH-002_19.602901_80.344825,MH-002,19.602901,80.344825,83,44,cnn_train,1
MH-002_19.602901_80.345094,MH-002,19.602901,80.345094,83,45,cnn_train,0
MH-002_19.602901_80.345364,MH-002,19.602901,80.345364,83,46,cnn_train,0
MH-002_19.602901_80.345633,MH-002,19.602901,80.345633,83,47,cnn_train,0
MH-002_19.602901_80.345903,MH-002,19.602901,80.345903,83,48,cnn_train,0
MH-002_19.602901_80.346172,MH-002,19.602901,80.346172,83,49,cnn_train,0
MH-002_19.602901_80.346442,MH-002,19.602901,80.346442,83,50,cnn_train,0
MH-002_19.602901_80.346711,MH-002,19.602901,80.346711,83,51,cnn_train,0
MH-002_19.602901_80.346981,MH-002,19.602901,80.346981,83,52,cnn_train,0
MH-002_19.602901_80.34725,MH-002,19.602901,80.34725,83,53,cnn_train,0
MH-002_19.602901_80.34752,MH-002,19.602901,80.34752,83,54,cnn_train,0
MH-002_19.602901_80.347789,MH-002,19.602901,80.347789,83,55,cnn_train,0
MH-002_19.602901_80.348059,MH-002,19.602901,80.348059,83,56,cnn_train,0
MH-002_19.602901_80.348328,MH-002,19.602901,80.348328,83,57,cnn_train,0
MH-002_19.602901_80.348598,MH-002,19.602901,80.348598,83,58,cnn_train,0
MH-002_19.602901_80.348867,MH-002,19.602901,80.348867,83,59,cnn_train,0
MH-002_19.602901_80.349137,MH-002,19.602901,80.349137,83,60,cnn_train,0
MH-002_19.602901_80.349406,MH-002,19.602901,80.349406,83,61,cnn_train,0
MH-002_19.602901_80.349676,MH-002,19.602901,80.349676,83,62,cnn_train,0
MH-002_19.602901_80.349945,MH-002,19.602901,80.349945,83,63,cnn_train,0
MH-002_19.602901_80.350215,MH-002,19.602901,80.350215,83,64,cnn_train,0
MH-002_19.602901_80.350484,MH-002,19.602901,80.350484,83,65,cnn_train,0
MH-002_19.602901_80.350754,MH-002,19.602901,80.350754,83,66,cnn_train,0
MH-002_19.602901_80.351023,MH-002,19.602901,80.351023,83,67,cnn_train,1
MH-002_19.602901_80.351293,MH-002,19.602901,80.351293,83,68,cnn_train,0
MH-002_19.602901_80.351562,MH-002,19.602901,80.351562,83,69,cnn_train,0
MH-002_19.602901_80.351832,MH-002,19.602901,80.351832,83,70,cnn_train,1
MH-002_19.602901_80.352101,MH-002,19.602901,80.352101,83,71,cnn_train,1
MH-002_19.602901_80.352371,MH-002,19.602901,80.352371,83,72,cnn_train,0
MH-002_19.602901_80.35264,MH-002,19.602901,80.35264,83,73,cnn_train,0
MH-002_19.602901_80.35291,MH-002,19.602901,80.35291,83,74,cnn_train,0
MH-002_19.602901_80.353179,MH-002,19.602901,80.353179,83,75,cnn_train,0
MH-002_19.602901_80.357222,MH-002,19.602901,80.357222,83,90,cnn_train,1
MH-002_19.602901_80.357491,MH-002,19.602901,80.357491,83,91,cnn_train,1
MH-002_19.602901_80.364498,MH-002,19.602901,80.364498,83,117,cnn_val,0
MH-002_19.602901_80.364768,MH-002,19.602901,80.364768,83,118,cnn_val,0
MH-002_19.602901_80.365037,MH-002,19.602901,80.365037,83,119,cnn_val,0
MH-002_19.602901_80.365576,MH-002,19.602901,80.365576,83,121,cnn_val,0
MH-002_19.602901_80.365846,MH-002,19.602901,80.365846,83,122,cnn_val,1
MH-002_19.602901_80.366115,MH-002,19.602901,80.366115,83,123,cnn_val,0
MH-002_19.602901_80.366385,MH-002,19.602901,80.366385,83,124,cnn_val,0
MH-002_19.602901_80.366654,MH-002,19.602901,80.366654,83,125,cnn_val,0
MH-002_19.602901_80.366923,MH-002,19.602901,80.366923,83,126,cnn_val,0
MH-002_19.602901_80.367193,MH-002,19.602901,80.367193,83,127,cnn_val,0
MH-002_19.602901_80.367462,MH-002,19.602901,80.367462,83,128,cnn_val,0
MH-002_19.602901_80.367732,MH-002,19.602901,80.367732,83,129,cnn_val,0
MH-002_19.602901_80.368001,MH-002,19.602901,80.368001,83,130,cnn_val,0
MH-002_19.602901_80.368271,MH-002,19.602901,80.368271,83,131,cnn_val,0
MH-002_19.602901_80.36854,MH-002,19.602901,80.36854,83,132,cnn_val,0
MH-002_19.602901_80.36881,MH-002,19.602901,80.36881,83,133,cnn_val,0
MH-002_19.602901_80.369888,MH-002,19.602901,80.369888,83,137,cnn_val,0
MH-002_19.602901_80.376625,MH-002,19.602901,80.376625,83,162,cnn_test,0
MH-002_19.602901_80.376895,MH-002,19.602901,80.376895,83,163,cnn_test,0
MH-002_19.602901_80.377164,MH-002,19.602901,80.377164,83,164,cnn_test,0
MH-002_19.602901_80.379051,MH-002,19.602901,80.379051,83,171,cnn_test,0
MH-002_19.602901_80.37932,MH-002,19.602901,80.37932,83,172,cnn_test,0
MH-002_19.602901_80.380129,MH-002,19.602901,80.380129,83,175,cnn_test,0
MH-002_19.602901_80.380398,MH-002,19.602901,80.380398,83,176,cnn_test,0
MH-002_19.602632_80.339974,MH-002,19.602632,80.339974,84,26,cnn_train,0
MH-002_19.602632_80.340244,MH-002,19.602632,80.340244,84,27,cnn_train,0
MH-002_19.602632_80.340513,MH-002,19.602632,80.340513,84,28,cnn_train,0
MH-002_19.602632_80.340783,MH-002,19.602632,80.340783,84,29,cnn_train,0
MH-002_19.602632_80.341052,MH-002,19.602632,80.341052,84,30,cnn_train,0
MH-002_19.602632_80.341322,MH-002,19.602632,80.341322,84,31,cnn_train,0
MH-002_19.602632_80.341591,MH-002,19.602632,80.341591,84,32,cnn_train,0
MH-002_19.602632_80.34186,MH-002,19.602632,80.34186,84,33,cnn_train,0
MH-002_19.602632_80.34213,MH-002,19.602632,80.34213,84,34,cnn_train,0
MH-002_19.602632_80.342399,MH-002,19.602632,80.342399,84,35,cnn_train,0
MH-002_19.602632_80.342669,MH-002,19.602632,80.342669,84,36,cnn_train,0
MH-002_19.602632_80.342938,MH-002,19.602632,80.342938,84,37,cnn_train,0
MH-002_19.602632_80.343208,MH-002,19.602632,80.343208,84,38,cnn_train,0
MH-002_19.602632_80.343477,MH-002,19.602632,80.343477,84,39,cnn_train,0
MH-002_19.602632_80.343747,MH-002,19.602632,80.343747,84,40,cnn_train,0
MH-002_19.602632_80.344016,MH-002,19.602632,80.344016,84,41,cnn_train,0
MH-002_19.602632_80.344286,MH-002,19.602632,80.344286,84,42,cnn_train,0
MH-002_19.602632_80.344555,MH-002,19.602632,80.344555,84,43,cnn_train,0
MH-002_19.602632_80.344825,MH-002,19.602632,80.344825,84,44,cnn_train,0
MH-002_19.602632_80.345094,MH-002,19.602632,80.345094,84,45,cnn_train,0
MH-002_19.602632_80.345364,MH-002,19.602632,80.345364,84,46,cnn_train,0
MH-002_19.602632_80.345633,MH-002,19.602632,80.345633,84,47,cnn_train,0
MH-002_19.602632_80.345903,MH-002,19.602632,80.345903,84,48,cnn_train,0
MH-002_19.602632_80.346172,MH-002,19.602632,80.346172,84,49,cnn_train,0
MH-002_19.602632_80.346442,MH-002,19.602632,80.346442,84,50,cnn_train,0
MH-002_19.602632_80.346711,MH-002,19.602632,80.346711,84,51,cnn_train,0
MH-002_19.602632_80.346981,MH-002,19.602632,80.346981,84,52,cnn_train,0
MH-002_19.602632_80.34725,MH-002,19.602632,80.34725,84,53,cnn_train,0
MH-002_19.602632_80.34752,MH-002,19.602632,80.34752,84,54,cnn_train,0
MH-002_19.602632_80.347789,MH-002,19.602632,80.347789,84,55,cnn_train,0
MH-002_19.602632_80.348059,MH-002,19.602632,80.348059,84,56,cnn_train,0
MH-002_19.602632_80.348328,MH-002,19.602632,80.348328,84,57,cnn_train,0
MH-002_19.602632_80.348598,MH-002,19.602632,80.348598,84,58,cnn_train,0
MH-002_19.602632_80.348867,MH-002,19.602632,80.348867,84,59,cnn_train,0
MH-002_19.602632_80.349137,MH-002,19.602632,80.349137,84,60,cnn_train,0
MH-002_19.602632_80.349406,MH-002,19.602632,80.349406,84,61,cnn_train,0
MH-002_19.602632_80.349676,MH-002,19.602632,80.349676,84,62,cnn_train,0
MH-002_19.602632_80.349945,MH-002,19.602632,80.349945,84,63,cnn_train,0
MH-002_19.602632_80.350215,MH-002,19.602632,80.350215,84,64,cnn_train,0
MH-002_19.602632_80.350484,MH-002,19.602632,80.350484,84,65,cnn_train,0
MH-002_19.602632_80.350754,MH-002,19.602632,80.350754,84,66,cnn_train,0
MH-002_19.602632_80.351023,MH-002,19.602632,80.351023,84,67,cnn_train,0
MH-002_19.602632_80.351293,MH-002,19.602632,80.351293,84,68,cnn_train,0
MH-002_19.602632_80.351562,MH-002,19.602632,80.351562,84,69,cnn_train,0
MH-002_19.602632_80.351832,MH-002,19.602632,80.351832,84,70,cnn_train,1
MH-002_19.602632_80.352101,MH-002,19.602632,80.352101,84,71,cnn_train,1
MH-002_19.602632_80.352371,MH-002,19.602632,80.352371,84,72,cnn_train,0
MH-002_19.602632_80.35264,MH-002,19.602632,80.35264,84,73,cnn_train,0
MH-002_19.602632_80.35291,MH-002,19.602632,80.35291,84,74,cnn_train,0
MH-002_19.602632_80.353179,MH-002,19.602632,80.353179,84,75,cnn_train,0
MH-002_19.602632_80.364498,MH-002,19.602632,80.364498,84,117,cnn_val,0
MH-002_19.602632_80.365307,MH-002,19.602632,80.365307,84,120,cnn_val,0
MH-002_19.602632_80.365576,MH-002,19.602632,80.365576,84,121,cnn_val,0
MH-002_19.602632_80.365846,MH-002,19.602632,80.365846,84,122,cnn_val,0
MH-002_19.602632_80.366115,MH-002,19.602632,80.366115,84,123,cnn_val,0
MH-002_19.602632_80.366385,MH-002,19.602632,80.366385,84,124,cnn_val,0
MH-002_19.602632_80.366654,MH-002,19.602632,80.366654,84,125,cnn_val,0
MH-002_19.602632_80.366923,MH-002,19.602632,80.366923,84,126,cnn_val,0
MH-002_19.602632_80.367193,MH-002,19.602632,80.367193,84,127,cnn_val,0
MH-002_19.602632_80.367462,MH-002,19.602632,80.367462,84,128,cnn_val,0
MH-002_19.602632_80.367732,MH-002,19.602632,80.367732,84,129,cnn_val,0
MH-002_19.602632_80.368001,MH-002,19.602632,80.368001,84,130,cnn_val,0
MH-002_19.602632_80.368271,MH-002,19.602632,80.368271,84,131,cnn_val,0
MH-002_19.602632_80.36854,MH-002,19.602632,80.36854,84,132,cnn_val,0
MH-002_19.602632_80.36881,MH-002,19.602632,80.36881,84,133,cnn_val,0
MH-002_19.602632_80.376356,MH-002,19.602632,80.376356,84,161,cnn_test,0
MH-002_19.602632_80.376895,MH-002,19.602632,80.376895,84,163,cnn_test,0
MH-002_19.602632_80.377434,MH-002,19.602632,80.377434,84,165,cnn_test,0
MH-002_19.602632_80.377703,MH-002,19.602632,80.377703,84,166,cnn_test,0
MH-002_19.602632_80.377973,MH-002,19.602632,80.377973,84,167,cnn_test,1
MH-002_19.602632_80.378781,MH-002,19.602632,80.378781,84,170,cnn_test,0
MH-002_19.602632_80.379051,MH-002,19.602632,80.379051,84,171,cnn_test,0
MH-002_19.602632_80.37932,MH-002,19.602632,80.37932,84,172,cnn_test,0
MH-002_19.602632_80.37959,MH-002,19.602632,80.37959,84,173,cnn_test,0
MH-002_19.602632_80.379859,MH-002,19.602632,80.379859,84,174,cnn_test,0
MH-002_19.602632_80.380398,MH-002,19.602632,80.380398,84,176,cnn_test,0
MH-002_19.602362_80.339974,MH-002,19.602362,80.339974,85,26,cnn_train,0
MH-002_19.602362_80.340244,MH-002,19.602362,80.340244,85,27,cnn_train,0
MH-002_19.602362_80.340513,MH-002,19.602362,80.340513,85,28,cnn_train,0
MH-002_19.602362_80.340783,MH-002,19.602362,80.340783,85,29,cnn_train,0
MH-002_19.602362_80.341052,MH-002,19.602362,80.341052,85,30,cnn_train,0
MH-002_19.602362_80.341322,MH-002,19.602362,80.341322,85,31,cnn_train,0
MH-002_19.602362_80.341591,MH-002,19.602362,80.341591,85,32,cnn_train,0
MH-002_19.602362_80.34186,MH-002,19.602362,80.34186,85,33,cnn_train,0
MH-002_19.602362_80.34213,MH-002,19.602362,80.34213,85,34,cnn_train,0
MH-002_19.602362_80.342399,MH-002,19.602362,80.342399,85,35,cnn_train,0
MH-002_19.602362_80.342669,MH-002,19.602362,80.342669,85,36,cnn_train,0
MH-002_19.602362_80.342938,MH-002,19.602362,80.342938,85,37,cnn_train,0
MH-002_19.602362_80.343208,MH-002,19.602362,80.343208,85,38,cnn_train,0
MH-002_19.602362_80.343477,MH-002,19.602362,80.343477,85,39,cnn_train,0
MH-002_19.602362_80.343747,MH-002,19.602362,80.343747,85,40,cnn_train,0
MH-002_19.602362_80.344016,MH-002,19.602362,80.344016,85,41,cnn_train,0
MH-002_19.602362_80.344286,MH-002,19.602362,80.344286,85,42,cnn_train,0
MH-002_19.602362_80.344555,MH-002,19.602362,80.344555,85,43,cnn_train,0
MH-002_19.602362_80.344825,MH-002,19.602362,80.344825,85,44,cnn_train,0
MH-002_19.602362_80.345094,MH-002,19.602362,80.345094,85,45,cnn_train,0
MH-002_19.602362_80.345364,MH-002,19.602362,80.345364,85,46,cnn_train,0
MH-002_19.602362_80.345633,MH-002,19.602362,80.345633,85,47,cnn_train,0
MH-002_19.602362_80.345903,MH-002,19.602362,80.345903,85,48,cnn_train,0
MH-002_19.602362_80.346172,MH-002,19.602362,80.346172,85,49,cnn_train,0
MH-002_19.602362_80.346442,MH-002,19.602362,80.346442,85,50,cnn_train,0
MH-002_19.602362_80.346711,MH-002,19.602362,80.346711,85,51,cnn_train,0
MH-002_19.602362_80.346981,MH-002,19.602362,80.346981,85,52,cnn_train,0
MH-002_19.602362_80.34725,MH-002,19.602362,80.34725,85,53,cnn_train,0
MH-002_19.602362_80.34752,MH-002,19.602362,80.34752,85,54,cnn_train,0
MH-002_19.602362_80.347789,MH-002,19.602362,80.347789,85,55,cnn_train,0
MH-002_19.602362_80.348059,MH-002,19.602362,80.348059,85,56,cnn_train,0
MH-002_19.602362_80.348328,MH-002,19.602362,80.348328,85,57,cnn_train,0
MH-002_19.602362_80.348598,MH-002,19.602362,80.348598,85,58,cnn_train,0
MH-002_19.602362_80.348867,MH-002,19.602362,80.348867,85,59,cnn_train,0
MH-002_19.602362_80.349137,MH-002,19.602362,80.349137,85,60,cnn_train,0
MH-002_19.602362_80.349406,MH-002,19.602362,80.349406,85,61,cnn_train,0
MH-002_19.602362_80.349676,MH-002,19.602362,80.349676,85,62,cnn_train,0
MH-002_19.602362_80.349945,MH-002,19.602362,80.349945,85,63,cnn_train,0
MH-002_19.602362_80.350215,MH-002,19.602362,80.350215,85,64,cnn_train,0
MH-002_19.602362_80.350484,MH-002,19.602362,80.350484,85,65,cnn_train,0
MH-002_19.602362_80.350754,MH-002,19.602362,80.350754,85,66,cnn_train,0
MH-002_19.602362_80.351023,MH-002,19.602362,80.351023,85,67,cnn_train,0
MH-002_19.602362_80.351293,MH-002,19.602362,80.351293,85,68,cnn_train,0
MH-002_19.602362_80.351562,MH-002,19.602362,80.351562,85,69,cnn_train,0
MH-002_19.602362_80.351832,MH-002,19.602362,80.351832,85,70,cnn_train,1
MH-002_19.602362_80.352101,MH-002,19.602362,80.352101,85,71,cnn_train,1
MH-002_19.602362_80.352371,MH-002,19.602362,80.352371,85,72,cnn_train,1
MH-002_19.602362_80.35264,MH-002,19.602362,80.35264,85,73,cnn_train,0
MH-002_19.602362_80.35291,MH-002,19.602362,80.35291,85,74,cnn_train,0
MH-002_19.602362_80.353179,MH-002,19.602362,80.353179,85,75,cnn_train,0
MH-002_19.602362_80.353449,MH-002,19.602362,80.353449,85,76,cnn_train,0
MH-002_19.602362_80.364229,MH-002,19.602362,80.364229,85,116,cnn_val,0
MH-002_19.602362_80.365037,MH-002,19.602362,80.365037,85,119,cnn_val,0
MH-002_19.602362_80.365307,MH-002,19.602362,80.365307,85,120,cnn_val,0
MH-002_19.602362_80.365576,MH-002,19.602362,80.365576,85,121,cnn_val,0
MH-002_19.602362_80.365846,MH-002,19.602362,80.365846,85,122,cnn_val,0
MH-002_19.602362_80.366115,MH-002,19.602362,80.366115,85,123,cnn_val,0
MH-002_19.602362_80.366385,MH-002,19.602362,80.366385,85,124,cnn_val,0
MH-002_19.602362_80.366654,MH-002,19.602362,80.366654,85,125,cnn_val,0
MH-002_19.602362_80.366923,MH-002,19.602362,80.366923,85,126,cnn_val,0
MH-002_19.602362_80.367193,MH-002,19.602362,80.367193,85,127,cnn_val,0
MH-002_19.602362_80.367462,MH-002,19.602362,80.367462,85,128,cnn_val,0
MH-002_19.602362_80.367732,MH-002,19.602362,80.367732,85,129,cnn_val,0
MH-002_19.602362_80.368001,MH-002,19.602362,80.368001,85,130,cnn_val,0
MH-002_19.602362_80.368271,MH-002,19.602362,80.368271,85,131,cnn_val,0
MH-002_19.602362_80.36854,MH-002,19.602362,80.36854,85,132,cnn_val,0
MH-002_19.602362_80.36881,MH-002,19.602362,80.36881,85,133,cnn_val,0
MH-002_19.602362_80.369079,MH-002,19.602362,80.369079,85,134,cnn_val,0
MH-002_19.602362_80.369349,MH-002,19.602362,80.369349,85,135,cnn_val,0
MH-002_19.602362_80.369618,MH-002,19.602362,80.369618,85,136,cnn_val,0
MH-002_19.602362_80.376356,MH-002,19.602362,80.376356,85,161,cnn_test,0
MH-002_19.602362_80.376625,MH-002,19.602362,80.376625,85,162,cnn_test,0
MH-002_19.602362_80.376895,MH-002,19.602362,80.376895,85,163,cnn_test,0
MH-002_19.602362_80.377164,MH-002,19.602362,80.377164,85,164,cnn_test,0
MH-002_19.602362_80.377434,MH-002,19.602362,80.377434,85,165,cnn_test,0
MH-002_19.602362_80.377703,MH-002,19.602362,80.377703,85,166,cnn_test,0
MH-002_19.602362_80.377973,MH-002,19.602362,80.377973,85,167,cnn_test,0
MH-002_19.602362_80.379051,MH-002,19.602362,80.379051,85,171,cnn_test,0
MH-002_19.602362_80.37932,MH-002,19.602362,80.37932,85,172,cnn_test,0
MH-002_19.602362_80.37959,MH-002,19.602362,80.37959,85,173,cnn_test,0
MH-002_19.602362_80.379859,MH-002,19.602362,80.379859,85,174,cnn_test,0
MH-002_19.602093_80.339974,MH-002,19.602093,80.339974,86,26,cnn_train,0
MH-002_19.602093_80.340244,MH-002,19.602093,80.340244,86,27,cnn_train,0
MH-002_19.602093_80.340513,MH-002,19.602093,80.340513,86,28,cnn_train,0
MH-002_19.602093_80.340783,MH-002,19.602093,80.340783,86,29,cnn_train,0
MH-002_19.602093_80.341052,MH-002,19.602093,80.341052,86,30,cnn_train,0
MH-002_19.602093_80.341322,MH-002,19.602093,80.341322,86,31,cnn_train,0
MH-002_19.602093_80.341591,MH-002,19.602093,80.341591,86,32,cnn_train,0
MH-002_19.602093_80.34186,MH-002,19.602093,80.34186,86,33,cnn_train,0
MH-002_19.602093_80.34213,MH-002,19.602093,80.34213,86,34,cnn_train,0
MH-002_19.602093_80.342399,MH-002,19.602093,80.342399,86,35,cnn_train,0
MH-002_19.602093_80.342669,MH-002,19.602093,80.342669,86,36,cnn_train,0
MH-002_19.602093_80.342938,MH-002,19.602093,80.342938,86,37,cnn_train,0
MH-002_19.602093_80.343208,MH-002,19.602093,80.343208,86,38,cnn_train,0
MH-002_19.602093_80.343477,MH-002,19.602093,80.343477,86,39,cnn_train,0
MH-002_19.602093_80.343747,MH-002,19.602093,80.343747,86,40,cnn_train,0
MH-002_19.602093_80.344016,MH-002,19.602093,80.344016,86,41,cnn_train,0
MH-002_19.602093_80.344286,MH-002,19.602093,80.344286,86,42,cnn_train,0
MH-002_19.602093_80.344555,MH-002,19.602093,80.344555,86,43,cnn_train,0
MH-002_19.602093_80.344825,MH-002,19.602093,80.344825,86,44,cnn_train,0
MH-002_19.602093_80.345094,MH-002,19.602093,80.345094,86,45,cnn_train,0
MH-002_19.602093_80.345364,MH-002,19.602093,80.345364,86,46,cnn_train,0
MH-002_19.602093_80.345633,MH-002,19.602093,80.345633,86,47,cnn_train,0
MH-002_19.602093_80.345903,MH-002,19.602093,80.345903,86,48,cnn_train,0
MH-002_19.602093_80.346172,MH-002,19.602093,80.346172,86,49,cnn_train,0
MH-002_19.602093_80.346442,MH-002,19.602093,80.346442,86,50,cnn_train,0
MH-002_19.602093_80.34725,MH-002,19.602093,80.34725,86,53,cnn_train,0
MH-002_19.602093_80.34752,MH-002,19.602093,80.34752,86,54,cnn_train,0
MH-002_19.602093_80.347789,MH-002,19.602093,80.347789,86,55,cnn_train,0
MH-002_19.602093_80.348059,MH-002,19.602093,80.348059,86,56,cnn_train,0
MH-002_19.602093_80.348328,MH-002,19.602093,80.348328,86,57,cnn_train,0
MH-002_19.602093_80.348598,MH-002,19.602093,80.348598,86,58,cnn_train,0
MH-002_19.602093_80.348867,MH-002,19.602093,80.348867,86,59,cnn_train,0
MH-002_19.602093_80.349137,MH-002,19.602093,80.349137,86,60,cnn_train,0
MH-002_19.602093_80.349406,MH-002,19.602093,80.349406,86,61,cnn_train,0
MH-002_19.602093_80.349676,MH-002,19.602093,80.349676,86,62,cnn_train,0
MH-002_19.602093_80.349945,MH-002,19.602093,80.349945,86,63,cnn_train,0
MH-002_19.602093_80.350215,MH-002,19.602093,80.350215,86,64,cnn_train,0
MH-002_19.602093_80.350484,MH-002,19.602093,80.350484,86,65,cnn_train,0
MH-002_19.602093_80.350754,MH-002,19.602093,80.350754,86,66,cnn_train,0
MH-002_19.602093_80.351023,MH-002,19.602093,80.351023,86,67,cnn_train,0
MH-002_19.602093_80.351293,MH-002,19.602093,80.351293,86,68,cnn_train,0
MH-002_19.602093_80.351562,MH-002,19.602093,80.351562,86,69,cnn_train,1
MH-002_19.602093_80.351832,MH-002,19.602093,80.351832,86,70,cnn_train,1
MH-002_19.602093_80.352101,MH-002,19.602093,80.352101,86,71,cnn_train,1
MH-002_19.602093_80.352371,MH-002,19.602093,80.352371,86,72,cnn_train,1
MH-002_19.602093_80.35264,MH-002,19.602093,80.35264,86,73,cnn_train,1
MH-002_19.602093_80.35291,MH-002,19.602093,80.35291,86,74,cnn_train,0
MH-002_19.602093_80.353179,MH-002,19.602093,80.353179,86,75,cnn_train,0
MH-002_19.602093_80.353449,MH-002,19.602093,80.353449,86,76,cnn_train,0
MH-002_19.602093_80.353718,MH-002,19.602093,80.353718,86,77,cnn_train,0
MH-002_19.602093_80.363959,MH-002,19.602093,80.363959,86,115,cnn_val,0
MH-002_19.602093_80.364229,MH-002,19.602093,80.364229,86,116,cnn_val,0
MH-002_19.602093_80.364498,MH-002,19.602093,80.364498,86,117,cnn_val,0
MH-002_19.602093_80.365037,MH-002,19.602093,80.365037,86,119,cnn_val,0
MH-002_19.602093_80.365307,MH-002,19.602093,80.365307,86,120,cnn_val,0
MH-002_19.602093_80.365576,MH-002,19.602093,80.365576,86,121,cnn_val,0
MH-002_19.602093_80.365846,MH-002,19.602093,80.365846,86,122,cnn_val,0
MH-002_19.602093_80.366115,MH-002,19.602093,80.366115,86,123,cnn_val,0
MH-002_19.602093_80.366385,MH-002,19.602093,80.366385,86,124,cnn_val,0
MH-002_19.602093_80.366654,MH-002,19.602093,80.366654,86,125,cnn_val,0
MH-002_19.602093_80.366923,MH-002,19.602093,80.366923,86,126,cnn_val,0
MH-002_19.602093_80.367193,MH-002,19.602093,80.367193,86,127,cnn_val,0
MH-002_19.602093_80.367462,MH-002,19.602093,80.367462,86,128,cnn_val,0
MH-002_19.602093_80.367732,MH-002,19.602093,80.367732,86,129,cnn_val,0
MH-002_19.602093_80.368001,MH-002,19.602093,80.368001,86,130,cnn_val,0
MH-002_19.602093_80.368271,MH-002,19.602093,80.368271,86,131,cnn_val,0
MH-002_19.602093_80.36854,MH-002,19.602093,80.36854,86,132,cnn_val,0
MH-002_19.602093_80.36881,MH-002,19.602093,80.36881,86,133,cnn_val,0
MH-002_19.602093_80.369079,MH-002,19.602093,80.369079,86,134,cnn_val,0
MH-002_19.602093_80.369349,MH-002,19.602093,80.369349,86,135,cnn_val,1
MH-002_19.602093_80.376356,MH-002,19.602093,80.376356,86,161,cnn_test,0
MH-002_19.602093_80.376625,MH-002,19.602093,80.376625,86,162,cnn_test,0
MH-002_19.602093_80.376895,MH-002,19.602093,80.376895,86,163,cnn_test,0
MH-002_19.602093_80.37932,MH-002,19.602093,80.37932,86,172,cnn_test,0
MH-002_19.602093_80.37959,MH-002,19.602093,80.37959,86,173,cnn_test,0
MH-002_19.602093_80.379859,MH-002,19.602093,80.379859,86,174,cnn_test,0
MH-002_19.602093_80.380129,MH-002,19.602093,80.380129,86,175,cnn_test,0
MH-002_19.601823_80.339974,MH-002,19.601823,80.339974,87,26,cnn_train,0
MH-002_19.601823_80.340244,MH-002,19.601823,80.340244,87,27,cnn_train,0
MH-002_19.601823_80.340513,MH-002,19.601823,80.340513,87,28,cnn_train,0
MH-002_19.601823_80.340783,MH-002,19.601823,80.340783,87,29,cnn_train,0
MH-002_19.601823_80.341052,MH-002,19.601823,80.341052,87,30,cnn_train,0
MH-002_19.601823_80.341322,MH-002,19.601823,80.341322,87,31,cnn_train,0
MH-002_19.601823_80.341591,MH-002,19.601823,80.341591,87,32,cnn_train,0
MH-002_19.601823_80.34186,MH-002,19.601823,80.34186,87,33,cnn_train,0
MH-002_19.601823_80.34213,MH-002,19.601823,80.34213,87,34,cnn_train,0
MH-002_19.601823_80.342399,MH-002,19.601823,80.342399,87,35,cnn_train,0
MH-002_19.601823_80.342669,MH-002,19.601823,80.342669,87,36,cnn_train,0
MH-002_19.601823_80.342938,MH-002,19.601823,80.342938,87,37,cnn_train,0
MH-002_19.601823_80.343208,MH-002,19.601823,80.343208,87,38,cnn_train,0
MH-002_19.601823_80.343477,MH-002,19.601823,80.343477,87,39,cnn_train,0
MH-002_19.601823_80.343747,MH-002,19.601823,80.343747,87,40,cnn_train,0
MH-002_19.601823_80.344016,MH-002,19.601823,80.344016,87,41,cnn_train,0
MH-002_19.601823_80.344286,MH-002,19.601823,80.344286,87,42,cnn_train,0
MH-002_19.601823_80.344555,MH-002,19.601823,80.344555,87,43,cnn_train,0
MH-002_19.601823_80.344825,MH-002,19.601823,80.344825,87,44,cnn_train,0
MH-002_19.601823_80.345094,MH-002,19.601823,80.345094,87,45,cnn_train,0
MH-002_19.601823_80.345364,MH-002,19.601823,80.345364,87,46,cnn_train,0
MH-002_19.601823_80.345633,MH-002,19.601823,80.345633,87,47,cnn_train,0
MH-002_19.601823_80.345903,MH-002,19.601823,80.345903,87,48,cnn_train,0
MH-002_19.601823_80.346172,MH-002,19.601823,80.346172,87,49,cnn_train,0
MH-002_19.601823_80.34752,MH-002,19.601823,80.34752,87,54,cnn_train,1
MH-002_19.601823_80.347789,MH-002,19.601823,80.347789,87,55,cnn_train,1
MH-002_19.601823_80.348059,MH-002,19.601823,80.348059,87,56,cnn_train,0
MH-002_19.601823_80.348328,MH-002,19.601823,80.348328,87,57,cnn_train,0
MH-002_19.601823_80.348598,MH-002,19.601823,80.348598,87,58,cnn_train,0
MH-002_19.601823_80.348867,MH-002,19.601823,80.348867,87,59,cnn_train,0
MH-002_19.601823_80.349137,MH-002,19.601823,80.349137,87,60,cnn_train,0
MH-002_19.601823_80.349406,MH-002,19.601823,80.349406,87,61,cnn_train,0
MH-002_19.601823_80.349676,MH-002,19.601823,80.349676,87,62,cnn_train,0
MH-002_19.601823_80.349945,MH-002,19.601823,80.349945,87,63,cnn_train,0
MH-002_19.601823_80.350215,MH-002,19.601823,80.350215,87,64,cnn_train,0
MH-002_19.601823_80.350484,MH-002,19.601823,80.350484,87,65,cnn_train,0
MH-002_19.601823_80.350754,MH-002,19.601823,80.350754,87,66,cnn_train,0
MH-002_19.601823_80.351023,MH-002,19.601823,80.351023,87,67,cnn_train,0
MH-002_19.601823_80.351293,MH-002,19.601823,80.351293,87,68,cnn_train,0
MH-002_19.601823_80.351562,MH-002,19.601823,80.351562,87,69,cnn_train,0
MH-002_19.601823_80.351832,MH-002,19.601823,80.351832,87,70,cnn_train,0
MH-002_19.601823_80.352101,MH-002,19.601823,80.352101,87,71,cnn_train,1
MH-002_19.601823_80.352371,MH-002,19.601823,80.352371,87,72,cnn_train,1
MH-002_19.601823_80.35264,MH-002,19.601823,80.35264,87,73,cnn_train,1
MH-002_19.601823_80.35291,MH-002,19.601823,80.35291,87,74,cnn_train,1
MH-002_19.601823_80.353179,MH-002,19.601823,80.353179,87,75,cnn_train,0
MH-002_19.601823_80.353449,MH-002,19.601823,80.353449,87,76,cnn_train,0
MH-002_19.601823_80.353718,MH-002,19.601823,80.353718,87,77,cnn_train,0
MH-002_19.601823_80.363959,MH-002,19.601823,80.363959,87,115,cnn_val,0
MH-002_19.601823_80.364229,MH-002,19.601823,80.364229,87,116,cnn_val,0
MH-002_19.601823_80.364498,MH-002,19.601823,80.364498,87,117,cnn_val,0
MH-002_19.601823_80.365037,MH-002,19.601823,80.365037,87,119,cnn_val,0
MH-002_19.601823_80.365307,MH-002,19.601823,80.365307,87,120,cnn_val,0
MH-002_19.601823_80.365576,MH-002,19.601823,80.365576,87,121,cnn_val,0
MH-002_19.601823_80.365846,MH-002,19.601823,80.365846,87,122,cnn_val,0
MH-002_19.601823_80.366115,MH-002,19.601823,80.366115,87,123,cnn_val,0
MH-002_19.601823_80.366385,MH-002,19.601823,80.366385,87,124,cnn_val,0
MH-002_19.601823_80.366654,MH-002,19.601823,80.366654,87,125,cnn_val,0
MH-002_19.601823_80.366923,MH-002,19.601823,80.366923,87,126,cnn_val,0
MH-002_19.601823_80.367193,MH-002,19.601823,80.367193,87,127,cnn_val,0
MH-002_19.601823_80.367462,MH-002,19.601823,80.367462,87,128,cnn_val,0
MH-002_19.601823_80.367732,MH-002,19.601823,80.367732,87,129,cnn_val,0
MH-002_19.601823_80.368001,MH-002,19.601823,80.368001,87,130,cnn_val,0
MH-002_19.601823_80.368271,MH-002,19.601823,80.368271,87,131,cnn_val,0
MH-002_19.601823_80.36854,MH-002,19.601823,80.36854,87,132,cnn_val,0
MH-002_19.601823_80.36881,MH-002,19.601823,80.36881,87,133,cnn_val,0
MH-002_19.601823_80.369079,MH-002,19.601823,80.369079,87,134,cnn_val,0
MH-002_19.601823_80.369349,MH-002,19.601823,80.369349,87,135,cnn_val,0
MH-002_19.601823_80.378781,MH-002,19.601823,80.378781,87,170,cnn_test,0
MH-002_19.601823_80.379051,MH-002,19.601823,80.379051,87,171,cnn_test,0
MH-002_19.601823_80.37932,MH-002,19.601823,80.37932,87,172,cnn_test,0
MH-002_19.601823_80.37959,MH-002,19.601823,80.37959,87,173,cnn_test,0
MH-002_19.601823_80.379859,MH-002,19.601823,80.379859,87,174,cnn_test,0
MH-002_19.601554_80.339974,MH-002,19.601554,80.339974,88,26,cnn_train,0
MH-002_19.601554_80.340513,MH-002,19.601554,80.340513,88,28,cnn_train,0
MH-002_19.601554_80.340783,MH-002,19.601554,80.340783,88,29,cnn_train,0
MH-002_19.601554_80.341052,MH-002,19.601554,80.341052,88,30,cnn_train,0
MH-002_19.601554_80.341322,MH-002,19.601554,80.341322,88,31,cnn_train,0
MH-002_19.601554_80.341591,MH-002,19.601554,80.341591,88,32,cnn_train,0
MH-002_19.601554_80.34186,MH-002,19.601554,80.34186,88,33,cnn_train,0
MH-002_19.601554_80.34213,MH-002,19.601554,80.34213,88,34,cnn_train,0
MH-002_19.601554_80.342399,MH-002,19.601554,80.342399,88,35,cnn_train,0
MH-002_19.601554_80.342669,MH-002,19.601554,80.342669,88,36,cnn_train,0
MH-002_19.601554_80.342938,MH-002,19.601554,80.342938,88,37,cnn_train,0
MH-002_19.601554_80.343208,MH-002,19.601554,80.343208,88,38,cnn_train,0
MH-002_19.601554_80.343477,MH-002,19.601554,80.343477,88,39,cnn_train,0
MH-002_19.601554_80.343747,MH-002,19.601554,80.343747,88,40,cnn_train,0
MH-002_19.601554_80.344016,MH-002,19.601554,80.344016,88,41,cnn_train,0
MH-002_19.601554_80.344286,MH-002,19.601554,80.344286,88,42,cnn_train,0
MH-002_19.601554_80.344555,MH-002,19.601554,80.344555,88,43,cnn_train,0
MH-002_19.601554_80.344825,MH-002,19.601554,80.344825,88,44,cnn_train,0
MH-002_19.601554_80.345094,MH-002,19.601554,80.345094,88,45,cnn_train,0
MH-002_19.601554_80.345364,MH-002,19.601554,80.345364,88,46,cnn_train,0
MH-002_19.601554_80.345633,MH-002,19.601554,80.345633,88,47,cnn_train,0
MH-002_19.601554_80.345903,MH-002,19.601554,80.345903,88,48,cnn_train,0
MH-002_19.601554_80.346172,MH-002,19.601554,80.346172,88,49,cnn_train,0
MH-002_19.601554_80.346981,MH-002,19.601554,80.346981,88,52,cnn_train,0
MH-002_19.601554_80.348059,MH-002,19.601554,80.348059,88,56,cnn_train,0
MH-002_19.601554_80.348328,MH-002,19.601554,80.348328,88,57,cnn_train,0
MH-002_19.601554_80.348598,MH-002,19.601554,80.348598,88,58,cnn_train,0
MH-002_19.601554_80.348867,MH-002,19.601554,80.348867,88,59,cnn_train,0
MH-002_19.601554_80.349137,MH-002,19.601554,80.349137,88,60,cnn_train,0
MH-002_19.601554_80.349406,MH-002,19.601554,80.349406,88,61,cnn_train,0
MH-002_19.601554_80.349676,MH-002,19.601554,80.349676,88,62,cnn_train,0
MH-002_19.601554_80.349945,MH-002,19.601554,80.349945,88,63,cnn_train,0
MH-002_19.601554_80.350215,MH-002,19.601554,80.350215,88,64,cnn_train,0
MH-002_19.601554_80.350484,MH-002,19.601554,80.350484,88,65,cnn_train,0
MH-002_19.601554_80.350754,MH-002,19.601554,80.350754,88,66,cnn_train,0
MH-002_19.601554_80.351023,MH-002,19.601554,80.351023,88,67,cnn_train,0
MH-002_19.601554_80.351293,MH-002,19.601554,80.351293,88,68,cnn_train,0
MH-002_19.601554_80.351562,MH-002,19.601554,80.351562,88,69,cnn_train,0
MH-002_19.601554_80.351832,MH-002,19.601554,80.351832,88,70,cnn_train,0
MH-002_19.601554_80.352101,MH-002,19.601554,80.352101,88,71,cnn_train,0
MH-002_19.601554_80.352371,MH-002,19.601554,80.352371,88,72,cnn_train,1
MH-002_19.601554_80.35264,MH-002,19.601554,80.35264,88,73,cnn_train,1
MH-002_19.601554_80.35291,MH-002,19.601554,80.35291,88,74,cnn_train,1
MH-002_19.601554_80.353179,MH-002,19.601554,80.353179,88,75,cnn_train,0
MH-002_19.601554_80.353449,MH-002,19.601554,80.353449,88,76,cnn_train,0
MH-002_19.601554_80.353718,MH-002,19.601554,80.353718,88,77,cnn_train,0
MH-002_19.601554_80.353988,MH-002,19.601554,80.353988,88,78,cnn_train,1
MH-002_19.601554_80.354257,MH-002,19.601554,80.354257,88,79,cnn_train,1
MH-002_19.601554_80.354527,MH-002,19.601554,80.354527,88,80,cnn_train,1
MH-002_19.601554_80.354796,MH-002,19.601554,80.354796,88,81,cnn_train,1
MH-002_19.601554_80.355066,MH-002,19.601554,80.355066,88,82,cnn_train,1
MH-002_19.601554_80.355874,MH-002,19.601554,80.355874,88,85,cnn_train,0
MH-002_19.601554_80.356144,MH-002,19.601554,80.356144,88,86,cnn_train,0
MH-002_19.601554_80.356413,MH-002,19.601554,80.356413,88,87,cnn_train,0
MH-002_19.601554_80.356683,MH-002,19.601554,80.356683,88,88,cnn_train,0
MH-002_19.601554_80.356952,MH-002,19.601554,80.356952,88,89,cnn_train,0
MH-002_19.601554_80.363959,MH-002,19.601554,80.363959,88,115,cnn_val,0
MH-002_19.601554_80.365307,MH-002,19.601554,80.365307,88,120,cnn_val,0
MH-002_19.601554_80.365576,MH-002,19.601554,80.365576,88,121,cnn_val,0
MH-002_19.601554_80.365846,MH-002,19.601554,80.365846,88,122,cnn_val,0
MH-002_19.601554_80.366115,MH-002,19.601554,80.366115,88,123,cnn_val,0
MH-002_19.601554_80.367462,MH-002,19.601554,80.367462,88,128,cnn_val,0
MH-002_19.601554_80.367732,MH-002,19.601554,80.367732,88,129,cnn_val,0
MH-002_19.601554_80.368001,MH-002,19.601554,80.368001,88,130,cnn_val,0
MH-002_19.601554_80.368271,MH-002,19.601554,80.368271,88,131,cnn_val,0
MH-002_19.601554_80.36854,MH-002,19.601554,80.36854,88,132,cnn_val,0
MH-002_19.601554_80.36881,MH-002,19.601554,80.36881,88,133,cnn_val,0
MH-002_19.601554_80.369079,MH-002,19.601554,80.369079,88,134,cnn_val,0
MH-002_19.601554_80.369349,MH-002,19.601554,80.369349,88,135,cnn_val,0
MH-002_19.601554_80.369618,MH-002,19.601554,80.369618,88,136,cnn_val,0
MH-002_19.601554_80.369888,MH-002,19.601554,80.369888,88,137,cnn_val,0
MH-002_19.601554_80.379051,MH-002,19.601554,80.379051,88,171,cnn_test,0
MH-002_19.601554_80.37932,MH-002,19.601554,80.37932,88,172,cnn_test,0
MH-002_19.601554_80.37959,MH-002,19.601554,80.37959,88,173,cnn_test,0
MH-002_19.601554_80.379859,MH-002,19.601554,80.379859,88,174,cnn_test,0
MH-002_19.601554_80.380398,MH-002,19.601554,80.380398,88,176,cnn_test,0
MH-002_19.601284_80.339974,MH-002,19.601284,80.339974,89,26,cnn_train,1
MH-002_19.601284_80.340783,MH-002,19.601284,80.340783,89,29,cnn_train,0
MH-002_19.601284_80.341052,MH-002,19.601284,80.341052,89,30,cnn_train,0
MH-002_19.601284_80.341322,MH-002,19.601284,80.341322,89,31,cnn_train,0
MH-002_19.601284_80.341591,MH-002,19.601284,80.341591,89,32,cnn_train,0
MH-002_19.601284_80.34186,MH-002,19.601284,80.34186,89,33,cnn_train,0
MH-002_19.601284_80.34213,MH-002,19.601284,80.34213,89,34,cnn_train,0
MH-002_19.601284_80.342399,MH-002,19.601284,80.342399,89,35,cnn_train,0
MH-002_19.601284_80.342669,MH-002,19.601284,80.342669,89,36,cnn_train,0
MH-002_19.601284_80.342938,MH-002,19.601284,80.342938,89,37,cnn_train,0
MH-002_19.601284_80.343208,MH-002,19.601284,80.343208,89,38,cnn_train,0
MH-002_19.601284_80.343477,MH-002,19.601284,80.343477,89,39,cnn_train,0
MH-002_19.601284_80.343747,MH-002,19.601284,80.343747,89,40,cnn_train,0
MH-002_19.601284_80.344016,MH-002,19.601284,80.344016,89,41,cnn_train,0
MH-002_19.601284_80.344286,MH-002,19.601284,80.344286,89,42,cnn_train,0
MH-002_19.601284_80.344555,MH-002,19.601284,80.344555,89,43,cnn_train,0
MH-002_19.601284_80.344825,MH-002,19.601284,80.344825,89,44,cnn_train,0
MH-002_19.601284_80.345094,MH-002,19.601284,80.345094,89,45,cnn_train,0
MH-002_19.601284_80.345364,MH-002,19.601284,80.345364,89,46,cnn_train,0
MH-002_19.601284_80.345633,MH-002,19.601284,80.345633,89,47,cnn_train,0
MH-002_19.601284_80.345903,MH-002,19.601284,80.345903,89,48,cnn_train,0
MH-002_19.601284_80.346172,MH-002,19.601284,80.346172,89,49,cnn_train,0
MH-002_19.601284_80.346442,MH-002,19.601284,80.346442,89,50,cnn_train,0
MH-002_19.601284_80.346711,MH-002,19.601284,80.346711,89,51,cnn_train,1
MH-002_19.601284_80.347789,MH-002,19.601284,80.347789,89,55,cnn_train,1
MH-002_19.601284_80.348867,MH-002,19.601284,80.348867,89,59,cnn_train,0
MH-002_19.601284_80.349137,MH-002,19.601284,80.349137,89,60,cnn_train,0
MH-002_19.601284_80.349406,MH-002,19.601284,80.349406,89,61,cnn_train,0
MH-002_19.601284_80.349676,MH-002,19.601284,80.349676,89,62,cnn_train,0
MH-002_19.601284_80.349945,MH-002,19.601284,80.349945,89,63,cnn_train,0
MH-002_19.601284_80.350215,MH-002,19.601284,80.350215,89,64,cnn_train,0
MH-002_19.601284_80.350484,MH-002,19.601284,80.350484,89,65,cnn_train,0
MH-002_19.601284_80.350754,MH-002,19.601284,80.350754,89,66,cnn_train,0
MH-002_19.601284_80.351023,MH-002,19.601284,80.351023,89,67,cnn_train,0
MH-002_19.601284_80.351293,MH-002,19.601284,80.351293,89,68,cnn_train,0
MH-002_19.601284_80.351562,MH-002,19.601284,80.351562,89,69,cnn_train,0
MH-002_19.601284_80.351832,MH-002,19.601284,80.351832,89,70,cnn_train,0
MH-002_19.601284_80.352101,MH-002,19.601284,80.352101,89,71,cnn_train,0
MH-002_19.601284_80.352371,MH-002,19.601284,80.352371,89,72,cnn_train,0
MH-002_19.601284_80.35264,MH-002,19.601284,80.35264,89,73,cnn_train,1
MH-002_19.601284_80.35291,MH-002,19.601284,80.35291,89,74,cnn_train,1
MH-002_19.601284_80.353179,MH-002,19.601284,80.353179,89,75,cnn_train,1
MH-002_19.601284_80.353449,MH-002,19.601284,80.353449,89,76,cnn_train,0
MH-002_19.601284_80.353718,MH-002,19.601284,80.353718,89,77,cnn_train,1
MH-002_19.601284_80.353988,MH-002,19.601284,80.353988,89,78,cnn_train,1
MH-002_19.601284_80.354796,MH-002,19.601284,80.354796,89,81,cnn_train,1
MH-002_19.601284_80.355066,MH-002,19.601284,80.355066,89,82,cnn_train,1
MH-002_19.601284_80.355335,MH-002,19.601284,80.355335,89,83,cnn_train,1
MH-002_19.601284_80.355605,MH-002,19.601284,80.355605,89,84,cnn_train,1
MH-002_19.601284_80.356144,MH-002,19.601284,80.356144,89,86,cnn_train,0
MH-002_19.601284_80.356683,MH-002,19.601284,80.356683,89,88,cnn_train,0
MH-002_19.601284_80.365307,MH-002,19.601284,80.365307,89,120,cnn_val,0
MH-002_19.601284_80.365576,MH-002,19.601284,80.365576,89,121,cnn_val,0
MH-002_19.601284_80.365846,MH-002,19.601284,80.365846,89,122,cnn_val,0
MH-002_19.601284_80.366115,MH-002,19.601284,80.366115,89,123,cnn_val,0
MH-002_19.601284_80.368001,MH-002,19.601284,80.368001,89,130,cnn_val,0
MH-002_19.601284_80.368271,MH-002,19.601284,80.368271,89,131,cnn_val,0
MH-002_19.601284_80.36854,MH-002,19.601284,80.36854,89,132,cnn_val,0
MH-002_19.601284_80.36881,MH-002,19.601284,80.36881,89,133,cnn_val,0
MH-002_19.601284_80.369079,MH-002,19.601284,80.369079,89,134,cnn_val,0
MH-002_19.601284_80.369349,MH-002,19.601284,80.369349,89,135,cnn_val,0
MH-002_19.601284_80.369618,MH-002,19.601284,80.369618,89,136,cnn_val,0
MH-002_19.601284_80.369888,MH-002,19.601284,80.369888,89,137,cnn_val,0
MH-002_19.601284_80.376356,MH-002,19.601284,80.376356,89,161,cnn_test,0
MH-002_19.601284_80.377434,MH-002,19.601284,80.377434,89,165,cnn_test,0
MH-002_19.601284_80.377703,MH-002,19.601284,80.377703,89,166,cnn_test,0
MH-002_19.601284_80.377973,MH-002,19.601284,80.377973,89,167,cnn_test,0
MH-002_19.601284_80.378242,MH-002,19.601284,80.378242,89,168,cnn_test,1
MH-002_19.601284_80.37932,MH-002,19.601284,80.37932,89,172,cnn_test,0
MH-002_19.601284_80.380129,MH-002,19.601284,80.380129,89,175,cnn_test,0
MH-002_19.601284_80.380398,MH-002,19.601284,80.380398,89,176,cnn_test,0
MH-002_19.601015_80.339974,MH-002,19.601015,80.339974,90,26,cnn_train,0
MH-002_19.601015_80.340244,MH-002,19.601015,80.340244,90,27,cnn_train,0
MH-002_19.601015_80.340783,MH-002,19.601015,80.340783,90,29,cnn_train,0
MH-002_19.601015_80.341052,MH-002,19.601015,80.341052,90,30,cnn_train,0
MH-002_19.601015_80.341322,MH-002,19.601015,80.341322,90,31,cnn_train,0
MH-002_19.601015_80.341591,MH-002,19.601015,80.341591,90,32,cnn_train,0
MH-002_19.601015_80.34186,MH-002,19.601015,80.34186,90,33,cnn_train,0
MH-002_19.601015_80.34213,MH-002,19.601015,80.34213,90,34,cnn_train,0
MH-002_19.601015_80.342399,MH-002,19.601015,80.342399,90,35,cnn_train,0
MH-002_19.601015_80.342669,MH-002,19.601015,80.342669,90,36,cnn_train,0
MH-002_19.601015_80.342938,MH-002,19.601015,80.342938,90,37,cnn_train,0
MH-002_19.601015_80.343208,MH-002,19.601015,80.343208,90,38,cnn_train,0
MH-002_19.601015_80.343477,MH-002,19.601015,80.343477,90,39,cnn_train,0
MH-002_19.601015_80.343747,MH-002,19.601015,80.343747,90,40,cnn_train,0
MH-002_19.601015_80.344016,MH-002,19.601015,80.344016,90,41,cnn_train,0
MH-002_19.601015_80.344286,MH-002,19.601015,80.344286,90,42,cnn_train,0
MH-002_19.601015_80.344555,MH-002,19.601015,80.344555,90,43,cnn_train,0
MH-002_19.601015_80.344825,MH-002,19.601015,80.344825,90,44,cnn_train,0
MH-002_19.601015_80.345094,MH-002,19.601015,80.345094,90,45,cnn_train,0
MH-002_19.601015_80.345364,MH-002,19.601015,80.345364,90,46,cnn_train,0
MH-002_19.601015_80.345633,MH-002,19.601015,80.345633,90,47,cnn_train,0
MH-002_19.601015_80.345903,MH-002,19.601015,80.345903,90,48,cnn_train,0
MH-002_19.601015_80.346172,MH-002,19.601015,80.346172,90,49,cnn_train,0
MH-002_19.601015_80.346442,MH-002,19.601015,80.346442,90,50,cnn_train,0
MH-002_19.601015_80.346711,MH-002,19.601015,80.346711,90,51,cnn_train,0
MH-002_19.601015_80.34752,MH-002,19.601015,80.34752,90,54,cnn_train,1
MH-002_19.601015_80.347789,MH-002,19.601015,80.347789,90,55,cnn_train,1
MH-002_19.601015_80.348328,MH-002,19.601015,80.348328,90,57,cnn_train,0
MH-002_19.601015_80.349137,MH-002,19.601015,80.349137,90,60,cnn_train,0
MH-002_19.601015_80.349406,MH-002,19.601015,80.349406,90,61,cnn_train,0
MH-002_19.601015_80.349676,MH-002,19.601015,80.349676,90,62,cnn_train,0
MH-002_19.601015_80.349945,MH-002,19.601015,80.349945,90,63,cnn_train,0
MH-002_19.601015_80.350215,MH-002,19.601015,80.350215,90,64,cnn_train,0
MH-002_19.601015_80.350484,MH-002,19.601015,80.350484,90,65,cnn_train,0
MH-002_19.601015_80.350754,MH-002,19.601015,80.350754,90,66,cnn_train,0
MH-002_19.601015_80.351023,MH-002,19.601015,80.351023,90,67,cnn_train,0
MH-002_19.601015_80.351293,MH-002,19.601015,80.351293,90,68,cnn_train,0
MH-002_19.601015_80.351562,MH-002,19.601015,80.351562,90,69,cnn_train,0
MH-002_19.601015_80.351832,MH-002,19.601015,80.351832,90,70,cnn_train,0
MH-002_19.601015_80.352101,MH-002,19.601015,80.352101,90,71,cnn_train,0
MH-002_19.601015_80.352371,MH-002,19.601015,80.352371,90,72,cnn_train,0
MH-002_19.601015_80.35264,MH-002,19.601015,80.35264,90,73,cnn_train,1
MH-002_19.601015_80.35291,MH-002,19.601015,80.35291,90,74,cnn_train,1
MH-002_19.601015_80.353179,MH-002,19.601015,80.353179,90,75,cnn_train,1
MH-002_19.601015_80.353449,MH-002,19.601015,80.353449,90,76,cnn_train,1
MH-002_19.601015_80.353718,MH-002,19.601015,80.353718,90,77,cnn_train,0
MH-002_19.601015_80.353988,MH-002,19.601015,80.353988,90,78,cnn_train,1
MH-002_19.601015_80.355066,MH-002,19.601015,80.355066,90,82,cnn_train,1
MH-002_19.601015_80.355335,MH-002,19.601015,80.355335,90,83,cnn_train,1
MH-002_19.601015_80.355605,MH-002,19.601015,80.355605,90,84,cnn_train,1
MH-002_19.601015_80.356952,MH-002,19.601015,80.356952,90,89,cnn_train,0
MH-002_19.601015_80.357222,MH-002,19.601015,80.357222,90,90,cnn_train,0
MH-002_19.601015_80.363959,MH-002,19.601015,80.363959,90,115,cnn_val,0
MH-002_19.601015_80.364229,MH-002,19.601015,80.364229,90,116,cnn_val,0
MH-002_19.601015_80.364498,MH-002,19.601015,80.364498,90,117,cnn_val,0
MH-002_19.601015_80.364768,MH-002,19.601015,80.364768,90,118,cnn_val,0
MH-002_19.601015_80.365037,MH-002,19.601015,80.365037,90,119,cnn_val,0
MH-002_19.601015_80.365307,MH-002,19.601015,80.365307,90,120,cnn_val,0
MH-002_19.601015_80.365576,MH-002,19.601015,80.365576,90,121,cnn_val,0
MH-002_19.601015_80.365846,MH-002,19.601015,80.365846,90,122,cnn_val,0
MH-002_19.601015_80.366654,MH-002,19.601015,80.366654,90,125,cnn_val,0
MH-002_19.601015_80.366923,MH-002,19.601015,80.366923,90,126,cnn_val,0
MH-002_19.601015_80.367193,MH-002,19.601015,80.367193,90,127,cnn_val,0
MH-002_19.601015_80.367462,MH-002,19.601015,80.367462,90,128,cnn_val,0
MH-002_19.601015_80.367732,MH-002,19.601015,80.367732,90,129,cnn_val,0
MH-002_19.601015_80.368001,MH-002,19.601015,80.368001,90,130,cnn_val,0
MH-002_19.601015_80.369079,MH-002,19.601015,80.369079,90,134,cnn_val,0
MH-002_19.601015_80.369349,MH-002,19.601015,80.369349,90,135,cnn_val,0
MH-002_19.601015_80.369618,MH-002,19.601015,80.369618,90,136,cnn_val,0
MH-002_19.601015_80.369888,MH-002,19.601015,80.369888,90,137,cnn_val,0
MH-002_19.601015_80.376356,MH-002,19.601015,80.376356,90,161,cnn_test,0
MH-002_19.601015_80.376625,MH-002,19.601015,80.376625,90,162,cnn_test,0
MH-002_19.601015_80.376895,MH-002,19.601015,80.376895,90,163,cnn_test,0
MH-002_19.601015_80.377434,MH-002,19.601015,80.377434,90,165,cnn_test,0
MH-002_19.601015_80.377703,MH-002,19.601015,80.377703,90,166,cnn_test,0
MH-002_19.601015_80.377973,MH-002,19.601015,80.377973,90,167,cnn_test,0
MH-002_19.601015_80.378242,MH-002,19.601015,80.378242,90,168,cnn_test,0
MH-002_19.601015_80.378512,MH-002,19.601015,80.378512,90,169,cnn_test,0
MH-002_19.601015_80.378781,MH-002,19.601015,80.378781,90,170,cnn_test,0
MH-002_19.601015_80.37959,MH-002,19.601015,80.37959,90,173,cnn_test,0
MH-002_19.601015_80.379859,MH-002,19.601015,80.379859,90,174,cnn_test,0
MH-002_19.601015_80.380129,MH-002,19.601015,80.380129,90,175,cnn_test,0
MH-002_19.601015_80.380398,MH-002,19.601015,80.380398,90,176,cnn_test,0
MH-002_19.600745_80.339974,MH-002,19.600745,80.339974,91,26,cnn_train,0
MH-002_19.600745_80.340244,MH-002,19.600745,80.340244,91,27,cnn_train,1
MH-002_19.600745_80.340513,MH-002,19.600745,80.340513,91,28,cnn_train,1
MH-002_19.600745_80.340783,MH-002,19.600745,80.340783,91,29,cnn_train,1
MH-002_19.600745_80.341052,MH-002,19.600745,80.341052,91,30,cnn_train,1
MH-002_19.600745_80.341322,MH-002,19.600745,80.341322,91,31,cnn_train,0
MH-002_19.600745_80.341591,MH-002,19.600745,80.341591,91,32,cnn_train,0
MH-002_19.600745_80.34186,MH-002,19.600745,80.34186,91,33,cnn_train,0
MH-002_19.600745_80.34213,MH-002,19.600745,80.34213,91,34,cnn_train,0
MH-002_19.600745_80.342399,MH-002,19.600745,80.342399,91,35,cnn_train,0
MH-002_19.600745_80.342669,MH-002,19.600745,80.342669,91,36,cnn_train,0
MH-002_19.600745_80.342938,MH-002,19.600745,80.342938,91,37,cnn_train,0
MH-002_19.600745_80.343208,MH-002,19.600745,80.343208,91,38,cnn_train,0
MH-002_19.600745_80.343477,MH-002,19.600745,80.343477,91,39,cnn_train,0
MH-002_19.600745_80.343747,MH-002,19.600745,80.343747,91,40,cnn_train,0
MH-002_19.600745_80.344016,MH-002,19.600745,80.344016,91,41,cnn_train,0
MH-002_19.600745_80.344286,MH-002,19.600745,80.344286,91,42,cnn_train,0
MH-002_19.600745_80.344555,MH-002,19.600745,80.344555,91,43,cnn_train,0
MH-002_19.600745_80.344825,MH-002,19.600745,80.344825,91,44,cnn_train,0
MH-002_19.600745_80.345094,MH-002,19.600745,80.345094,91,45,cnn_train,0
MH-002_19.600745_80.345364,MH-002,19.600745,80.345364,91,46,cnn_train,0
MH-002_19.600745_80.345633,MH-002,19.600745,80.345633,91,47,cnn_train,0
MH-002_19.600745_80.345903,MH-002,19.600745,80.345903,91,48,cnn_train,0
MH-002_19.600745_80.346172,MH-002,19.600745,80.346172,91,49,cnn_train,0
MH-002_19.600745_80.346442,MH-002,19.600745,80.346442,91,50,cnn_train,1
MH-002_19.600745_80.346711,MH-002,19.600745,80.346711,91,51,cnn_train,1
MH-002_19.600745_80.349137,MH-002,19.600745,80.349137,91,60,cnn_train,0
MH-002_19.600745_80.349406,MH-002,19.600745,80.349406,91,61,cnn_train,0
MH-002_19.600745_80.349676,MH-002,19.600745,80.349676,91,62,cnn_train,0
MH-002_19.600745_80.349945,MH-002,19.600745,80.349945,91,63,cnn_train,0
MH-002_19.600745_80.350215,MH-002,19.600745,80.350215,91,64,cnn_train,0
MH-002_19.600745_80.350484,MH-002,19.600745,80.350484,91,65,cnn_train,0
MH-002_19.600745_80.350754,MH-002,19.600745,80.350754,91,66,cnn_train,0
MH-002_19.600745_80.351023,MH-002,19.600745,80.351023,91,67,cnn_train,0
MH-002_19.600745_80.351293,MH-002,19.600745,80.351293,91,68,cnn_train,0
MH-002_19.600745_80.351562,MH-002,19.600745,80.351562,91,69,cnn_train,0
MH-002_19.600745_80.351832,MH-002,19.600745,80.351832,91,70,cnn_train,0
MH-002_19.600745_80.352101,MH-002,19.600745,80.352101,91,71,cnn_train,0
MH-002_19.600745_80.352371,MH-002,19.600745,80.352371,91,72,cnn_train,0
MH-002_19.600745_80.35264,MH-002,19.600745,80.35264,91,73,cnn_train,0
MH-002_19.600745_80.35291,MH-002,19.600745,80.35291,91,74,cnn_train,1
MH-002_19.600745_80.353179,MH-002,19.600745,80.353179,91,75,cnn_train,1
MH-002_19.600745_80.353449,MH-002,19.600745,80.353449,91,76,cnn_train,1
MH-002_19.600745_80.353718,MH-002,19.600745,80.353718,91,77,cnn_train,1
MH-002_19.600745_80.353988,MH-002,19.600745,80.353988,91,78,cnn_train,0
MH-002_19.600745_80.354257,MH-002,19.600745,80.354257,91,79,cnn_train,1
MH-002_19.600745_80.357491,MH-002,19.600745,80.357491,91,91,cnn_train,0
MH-002_19.600745_80.363959,MH-002,19.600745,80.363959,91,115,cnn_val,0
MH-002_19.600745_80.364229,MH-002,19.600745,80.364229,91,116,cnn_val,0
MH-002_19.600745_80.365037,MH-002,19.600745,80.365037,91,119,cnn_val,0
MH-002_19.600745_80.365307,MH-002,19.600745,80.365307,91,120,cnn_val,0
MH-002_19.600745_80.365576,MH-002,19.600745,80.365576,91,121,cnn_val,0
MH-002_19.600745_80.365846,MH-002,19.600745,80.365846,91,122,cnn_val,0
MH-002_19.600745_80.366385,MH-002,19.600745,80.366385,91,124,cnn_val,0
MH-002_19.600745_80.366654,MH-002,19.600745,80.366654,91,125,cnn_val,0
MH-002_19.600745_80.366923,MH-002,19.600745,80.366923,91,126,cnn_val,0
MH-002_19.600745_80.367193,MH-002,19.600745,80.367193,91,127,cnn_val,0
MH-002_19.600745_80.367462,MH-002,19.600745,80.367462,91,128,cnn_val,0
MH-002_19.600745_80.367732,MH-002,19.600745,80.367732,91,129,cnn_val,0
MH-002_19.600745_80.368001,MH-002,19.600745,80.368001,91,130,cnn_val,0
MH-002_19.600745_80.368271,MH-002,19.600745,80.368271,91,131,cnn_val,0
MH-002_19.600745_80.36854,MH-002,19.600745,80.36854,91,132,cnn_val,0
MH-002_19.600745_80.369079,MH-002,19.600745,80.369079,91,134,cnn_val,0
MH-002_19.600745_80.369349,MH-002,19.600745,80.369349,91,135,cnn_val,0
MH-002_19.600745_80.369618,MH-002,19.600745,80.369618,91,136,cnn_val,0
MH-002_19.600745_80.369888,MH-002,19.600745,80.369888,91,137,cnn_val,0
MH-002_19.600745_80.376356,MH-002,19.600745,80.376356,91,161,cnn_test,0
MH-002_19.600745_80.376625,MH-002,19.600745,80.376625,91,162,cnn_test,0
MH-002_19.600745_80.376895,MH-002,19.600745,80.376895,91,163,cnn_test,0
MH-002_19.600745_80.377164,MH-002,19.600745,80.377164,91,164,cnn_test,0
MH-002_19.600745_80.377434,MH-002,19.600745,80.377434,91,165,cnn_test,0
MH-002_19.600745_80.377703,MH-002,19.600745,80.377703,91,166,cnn_test,0
MH-002_19.600745_80.377973,MH-002,19.600745,80.377973,91,167,cnn_test,0
MH-002_19.600745_80.378242,MH-002,19.600745,80.378242,91,168,cnn_test,0
MH-002_19.600745_80.378512,MH-002,19.600745,80.378512,91,169,cnn_test,0
MH-002_19.600745_80.378781,MH-002,19.600745,80.378781,91,170,cnn_test,0
MH-002_19.600745_80.379051,MH-002,19.600745,80.379051,91,171,cnn_test,1
MH-002_19.600745_80.37959,MH-002,19.600745,80.37959,91,173,cnn_test,0
MH-002_19.600745_80.379859,MH-002,19.600745,80.379859,91,174,cnn_test,0
MH-002_19.600745_80.380129,MH-002,19.600745,80.380129,91,175,cnn_test,0
MH-002_19.600745_80.380398,MH-002,19.600745,80.380398,91,176,cnn_test,0
MH-002_19.600476_80.339974,MH-002,19.600476,80.339974,92,26,cnn_train,0
MH-002_19.600476_80.340244,MH-002,19.600476,80.340244,92,27,cnn_train,0
MH-002_19.600476_80.340513,MH-002,19.600476,80.340513,92,28,cnn_train,0
MH-002_19.600476_80.340783,MH-002,19.600476,80.340783,92,29,cnn_train,0
MH-002_19.600476_80.341052,MH-002,19.600476,80.341052,92,30,cnn_train,1
MH-002_19.600476_80.341322,MH-002,19.600476,80.341322,92,31,cnn_train,0
MH-002_19.600476_80.341591,MH-002,19.600476,80.341591,92,32,cnn_train,0
MH-002_19.600476_80.34186,MH-002,19.600476,80.34186,92,33,cnn_train,0
MH-002_19.600476_80.34213,MH-002,19.600476,80.34213,92,34,cnn_train,0
MH-002_19.600476_80.342399,MH-002,19.600476,80.342399,92,35,cnn_train,0
MH-002_19.600476_80.342669,MH-002,19.600476,80.342669,92,36,cnn_train,0
MH-002_19.600476_80.342938,MH-002,19.600476,80.342938,92,37,cnn_train,0
MH-002_19.600476_80.343208,MH-002,19.600476,80.343208,92,38,cnn_train,0
MH-002_19.600476_80.343477,MH-002,19.600476,80.343477,92,39,cnn_train,0
MH-002_19.600476_80.343747,MH-002,19.600476,80.343747,92,40,cnn_train,0
MH-002_19.600476_80.344016,MH-002,19.600476,80.344016,92,41,cnn_train,0
MH-002_19.600476_80.344286,MH-002,19.600476,80.344286,92,42,cnn_train,0
MH-002_19.600476_80.344555,MH-002,19.600476,80.344555,92,43,cnn_train,0
MH-002_19.600476_80.344825,MH-002,19.600476,80.344825,92,44,cnn_train,0
MH-002_19.600476_80.345094,MH-002,19.600476,80.345094,92,45,cnn_train,0
MH-002_19.600476_80.345364,MH-002,19.600476,80.345364,92,46,cnn_train,0
MH-002_19.600476_80.345633,MH-002,19.600476,80.345633,92,47,cnn_train,0
MH-002_19.600476_80.345903,MH-002,19.600476,80.345903,92,48,cnn_train,0
MH-002_19.600476_80.346172,MH-002,19.600476,80.346172,92,49,cnn_train,1
MH-002_19.600476_80.346442,MH-002,19.600476,80.346442,92,50,cnn_train,0
MH-002_19.600476_80.346711,MH-002,19.600476,80.346711,92,51,cnn_train,0
MH-002_19.600476_80.34752,MH-002,19.600476,80.34752,92,54,cnn_train,1
MH-002_19.600476_80.347789,MH-002,19.600476,80.347789,92,55,cnn_train,1
MH-002_19.600476_80.348598,MH-002,19.600476,80.348598,92,58,cnn_train,0
MH-002_19.600476_80.349406,MH-002,19.600476,80.349406,92,61,cnn_train,0
MH-002_19.600476_80.349676,MH-002,19.600476,80.349676,92,62,cnn_train,0
MH-002_19.600476_80.349945,MH-002,19.600476,80.349945,92,63,cnn_train,0
MH-002_19.600476_80.350215,MH-002,19.600476,80.350215,92,64,cnn_train,0
MH-002_19.600476_80.350484,MH-002,19.600476,80.350484,92,65,cnn_train,0
MH-002_19.600476_80.350754,MH-002,19.600476,80.350754,92,66,cnn_train,0
MH-002_19.600476_80.351023,MH-002,19.600476,80.351023,92,67,cnn_train,0
MH-002_19.600476_80.351293,MH-002,19.600476,80.351293,92,68,cnn_train,0
MH-002_19.600476_80.351562,MH-002,19.600476,80.351562,92,69,cnn_train,0
MH-002_19.600476_80.351832,MH-002,19.600476,80.351832,92,70,cnn_train,0
MH-002_19.600476_80.352101,MH-002,19.600476,80.352101,92,71,cnn_train,0
MH-002_19.600476_80.352371,MH-002,19.600476,80.352371,92,72,cnn_train,0
MH-002_19.600476_80.35264,MH-002,19.600476,80.35264,92,73,cnn_train,0
MH-002_19.600476_80.35291,MH-002,19.600476,80.35291,92,74,cnn_train,1
MH-002_19.600476_80.353179,MH-002,19.600476,80.353179,92,75,cnn_train,1
MH-002_19.600476_80.353449,MH-002,19.600476,80.353449,92,76,cnn_train,1
MH-002_19.600476_80.353718,MH-002,19.600476,80.353718,92,77,cnn_train,1
MH-002_19.600476_80.353988,MH-002,19.600476,80.353988,92,78,cnn_train,1
MH-002_19.600476_80.354257,MH-002,19.600476,80.354257,92,79,cnn_train,0
MH-002_19.600476_80.354527,MH-002,19.600476,80.354527,92,80,cnn_train,1
MH-002_19.600476_80.354796,MH-002,19.600476,80.354796,92,81,cnn_train,1
MH-002_19.600476_80.355066,MH-002,19.600476,80.355066,92,82,cnn_train,1
MH-002_19.600476_80.356144,MH-002,19.600476,80.356144,92,86,cnn_train,0
MH-002_19.600476_80.356413,MH-002,19.600476,80.356413,92,87,cnn_train,0
MH-002_19.600476_80.356683,MH-002,19.600476,80.356683,92,88,cnn_train,0
MH-002_19.600476_80.356952,MH-002,19.600476,80.356952,92,89,cnn_train,0
MH-002_19.600476_80.357222,MH-002,19.600476,80.357222,92,90,cnn_train,0
MH-002_19.600476_80.363959,MH-002,19.600476,80.363959,92,115,cnn_val,1
MH-002_19.600476_80.365576,MH-002,19.600476,80.365576,92,121,cnn_val,0
MH-002_19.600476_80.366385,MH-002,19.600476,80.366385,92,124,cnn_val,1
MH-002_19.600476_80.366654,MH-002,19.600476,80.366654,92,125,cnn_val,1
MH-002_19.600476_80.366923,MH-002,19.600476,80.366923,92,126,cnn_val,1
MH-002_19.600476_80.367193,MH-002,19.600476,80.367193,92,127,cnn_val,1
MH-002_19.600476_80.368271,MH-002,19.600476,80.368271,92,131,cnn_val,1
MH-002_19.600476_80.36854,MH-002,19.600476,80.36854,92,132,cnn_val,0
MH-002_19.600476_80.369079,MH-002,19.600476,80.369079,92,134,cnn_val,0
MH-002_19.600476_80.369349,MH-002,19.600476,80.369349,92,135,cnn_val,0
MH-002_19.600476_80.369618,MH-002,19.600476,80.369618,92,136,cnn_val,0
MH-002_19.600476_80.369888,MH-002,19.600476,80.369888,92,137,cnn_val,0
MH-002_19.600476_80.376356,MH-002,19.600476,80.376356,92,161,cnn_test,0
MH-002_19.600476_80.376625,MH-002,19.600476,80.376625,92,162,cnn_test,0
MH-002_19.600476_80.376895,MH-002,19.600476,80.376895,92,163,cnn_test,0
MH-002_19.600476_80.377164,MH-002,19.600476,80.377164,92,164,cnn_test,0
MH-002_19.600476_80.377434,MH-002,19.600476,80.377434,92,165,cnn_test,0
MH-002_19.600476_80.377703,MH-002,19.600476,80.377703,92,166,cnn_test,0
MH-002_19.600476_80.377973,MH-002,19.600476,80.377973,92,167,cnn_test,1
MH-002_19.600476_80.378242,MH-002,19.600476,80.378242,92,168,cnn_test,0
MH-002_19.600476_80.378512,MH-002,19.600476,80.378512,92,169,cnn_test,0
MH-002_19.600476_80.378781,MH-002,19.600476,80.378781,92,170,cnn_test,0
MH-002_19.600476_80.379051,MH-002,19.600476,80.379051,92,171,cnn_test,0
MH-002_19.600476_80.37932,MH-002,19.600476,80.37932,92,172,cnn_test,0
MH-002_19.600476_80.37959,MH-002,19.600476,80.37959,92,173,cnn_test,0
MH-002_19.600476_80.379859,MH-002,19.600476,80.379859,92,174,cnn_test,0
MH-002_19.600476_80.380129,MH-002,19.600476,80.380129,92,175,cnn_test,0
MH-002_19.600476_80.380398,MH-002,19.600476,80.380398,92,176,cnn_test,0
MH-002_19.600206_80.339705,MH-002,19.600206,80.339705,93,25,cnn_train,0
MH-002_19.600206_80.339974,MH-002,19.600206,80.339974,93,26,cnn_train,0
MH-002_19.600206_80.340244,MH-002,19.600206,80.340244,93,27,cnn_train,0
MH-002_19.600206_80.340513,MH-002,19.600206,80.340513,93,28,cnn_train,0
MH-002_19.600206_80.340783,MH-002,19.600206,80.340783,93,29,cnn_train,0
MH-002_19.600206_80.341052,MH-002,19.600206,80.341052,93,30,cnn_train,0
MH-002_19.600206_80.341322,MH-002,19.600206,80.341322,93,31,cnn_train,0
MH-002_19.600206_80.341591,MH-002,19.600206,80.341591,93,32,cnn_train,0
MH-002_19.600206_80.34186,MH-002,19.600206,80.34186,93,33,cnn_train,0
MH-002_19.600206_80.34213,MH-002,19.600206,80.34213,93,34,cnn_train,0
MH-002_19.600206_80.342399,MH-002,19.600206,80.342399,93,35,cnn_train,0
MH-002_19.600206_80.342669,MH-002,19.600206,80.342669,93,36,cnn_train,0
MH-002_19.600206_80.342938,MH-002,19.600206,80.342938,93,37,cnn_train,0
MH-002_19.600206_80.343208,MH-002,19.600206,80.343208,93,38,cnn_train,0
MH-002_19.600206_80.343477,MH-002,19.600206,80.343477,93,39,cnn_train,0
MH-002_19.600206_80.343747,MH-002,19.600206,80.343747,93,40,cnn_train,0
MH-002_19.600206_80.344016,MH-002,19.600206,80.344016,93,41,cnn_train,0
MH-002_19.600206_80.344286,MH-002,19.600206,80.344286,93,42,cnn_train,0
MH-002_19.600206_80.344555,MH-002,19.600206,80.344555,93,43,cnn_train,0
MH-002_19.600206_80.344825,MH-002,19.600206,80.344825,93,44,cnn_train,0
MH-002_19.600206_80.345094,MH-002,19.600206,80.345094,93,45,cnn_train,0
MH-002_19.600206_80.345364,MH-002,19.600206,80.345364,93,46,cnn_train,0
MH-002_19.600206_80.345633,MH-002,19.600206,80.345633,93,47,cnn_train,0
MH-002_19.600206_80.345903,MH-002,19.600206,80.345903,93,48,cnn_train,1
MH-002_19.600206_80.346172,MH-002,19.600206,80.346172,93,49,cnn_train,1
MH-002_19.600206_80.346442,MH-002,19.600206,80.346442,93,50,cnn_train,0
MH-002_19.600206_80.346711,MH-002,19.600206,80.346711,93,51,cnn_train,0
MH-002_19.600206_80.34725,MH-002,19.600206,80.34725,93,53,cnn_train,0
MH-002_19.600206_80.34752,MH-002,19.600206,80.34752,93,54,cnn_train,0
MH-002_19.600206_80.347789,MH-002,19.600206,80.347789,93,55,cnn_train,0
MH-002_19.600206_80.348059,MH-002,19.600206,80.348059,93,56,cnn_train,0
MH-002_19.600206_80.348328,MH-002,19.600206,80.348328,93,57,cnn_train,0
MH-002_19.600206_80.349676,MH-002,19.600206,80.349676,93,62,cnn_train,0
MH-002_19.600206_80.349945,MH-002,19.600206,80.349945,93,63,cnn_train,0
MH-002_19.600206_80.350215,MH-002,19.600206,80.350215,93,64,cnn_train,0
MH-002_19.600206_80.350484,MH-002,19.600206,80.350484,93,65,cnn_train,0
MH-002_19.600206_80.350754,MH-002,19.600206,80.350754,93,66,cnn_train,0
MH-002_19.600206_80.351023,MH-002,19.600206,80.351023,93,67,cnn_train,0
MH-002_19.600206_80.351293,MH-002,19.600206,80.351293,93,68,cnn_train,0
MH-002_19.600206_80.351562,MH-002,19.600206,80.351562,93,69,cnn_train,0
MH-002_19.600206_80.351832,MH-002,19.600206,80.351832,93,70,cnn_train,0
MH-002_19.600206_80.352101,MH-002,19.600206,80.352101,93,71,cnn_train,1
MH-002_19.600206_80.352371,MH-002,19.600206,80.352371,93,72,cnn_train,0
MH-002_19.600206_80.35264,MH-002,19.600206,80.35264,93,73,cnn_train,0
MH-002_19.600206_80.35291,MH-002,19.600206,80.35291,93,74,cnn_train,1
MH-002_19.600206_80.353179,MH-002,19.600206,80.353179,93,75,cnn_train,1
MH-002_19.600206_80.353449,MH-002,19.600206,80.353449,93,76,cnn_train,1
MH-002_19.600206_80.353718,MH-002,19.600206,80.353718,93,77,cnn_train,1
MH-002_19.600206_80.353988,MH-002,19.600206,80.353988,93,78,cnn_train,1
MH-002_19.600206_80.354257,MH-002,19.600206,80.354257,93,79,cnn_train,1
MH-002_19.600206_80.354527,MH-002,19.600206,80.354527,93,80,cnn_train,0
MH-002_19.600206_80.354796,MH-002,19.600206,80.354796,93,81,cnn_train,1
MH-002_19.600206_80.355066,MH-002,19.600206,80.355066,93,82,cnn_train,1
MH-002_19.600206_80.355335,MH-002,19.600206,80.355335,93,83,cnn_train,1
MH-002_19.600206_80.355605,MH-002,19.600206,80.355605,93,84,cnn_train,1
MH-002_19.600206_80.355874,MH-002,19.600206,80.355874,93,85,cnn_train,0
MH-002_19.600206_80.356144,MH-002,19.600206,80.356144,93,86,cnn_train,0
MH-002_19.600206_80.356683,MH-002,19.600206,80.356683,93,88,cnn_train,0
MH-002_19.600206_80.356952,MH-002,19.600206,80.356952,93,89,cnn_train,0
MH-002_19.600206_80.357222,MH-002,19.600206,80.357222,93,90,cnn_train,0
MH-002_19.600206_80.364498,MH-002,19.600206,80.364498,93,117,cnn_val,0
MH-002_19.600206_80.364768,MH-002,19.600206,80.364768,93,118,cnn_val,0
MH-002_19.600206_80.366654,MH-002,19.600206,80.366654,93,125,cnn_val,0
MH-002_19.600206_80.366923,MH-002,19.600206,80.366923,93,126,cnn_val,1
MH-002_19.600206_80.367193,MH-002,19.600206,80.367193,93,127,cnn_val,1
MH-002_19.600206_80.36881,MH-002,19.600206,80.36881,93,133,cnn_val,0
MH-002_19.600206_80.369079,MH-002,19.600206,80.369079,93,134,cnn_val,0
MH-002_19.600206_80.369349,MH-002,19.600206,80.369349,93,135,cnn_val,0
MH-002_19.600206_80.369618,MH-002,19.600206,80.369618,93,136,cnn_val,0
MH-002_19.600206_80.369888,MH-002,19.600206,80.369888,93,137,cnn_val,0
MH-002_19.600206_80.376356,MH-002,19.600206,80.376356,93,161,cnn_test,0
MH-002_19.600206_80.376625,MH-002,19.600206,80.376625,93,162,cnn_test,0
MH-002_19.600206_80.376895,MH-002,19.600206,80.376895,93,163,cnn_test,0
MH-002_19.600206_80.377164,MH-002,19.600206,80.377164,93,164,cnn_test,0
MH-002_19.600206_80.377434,MH-002,19.600206,80.377434,93,165,cnn_test,1
MH-002_19.600206_80.377703,MH-002,19.600206,80.377703,93,166,cnn_test,0
MH-002_19.600206_80.377973,MH-002,19.600206,80.377973,93,167,cnn_test,0
MH-002_19.600206_80.378242,MH-002,19.600206,80.378242,93,168,cnn_test,0
MH-002_19.600206_80.378512,MH-002,19.600206,80.378512,93,169,cnn_test,0
MH-002_19.600206_80.378781,MH-002,19.600206,80.378781,93,170,cnn_test,0
MH-002_19.600206_80.379051,MH-002,19.600206,80.379051,93,171,cnn_test,0
MH-002_19.600206_80.37932,MH-002,19.600206,80.37932,93,172,cnn_test,0
MH-002_19.600206_80.37959,MH-002,19.600206,80.37959,93,173,cnn_test,0
MH-002_19.600206_80.379859,MH-002,19.600206,80.379859,93,174,cnn_test,0
MH-002_19.600206_80.380129,MH-002,19.600206,80.380129,93,175,cnn_test,0
MH-002_19.599937_80.339705,MH-002,19.599937,80.339705,94,25,cnn_train,0
MH-002_19.599937_80.339974,MH-002,19.599937,80.339974,94,26,cnn_train,0
MH-002_19.599937_80.340244,MH-002,19.599937,80.340244,94,27,cnn_train,0
MH-002_19.599937_80.340513,MH-002,19.599937,80.340513,94,28,cnn_train,0
MH-002_19.599937_80.340783,MH-002,19.599937,80.340783,94,29,cnn_train,0
MH-002_19.599937_80.341052,MH-002,19.599937,80.341052,94,30,cnn_train,0
MH-002_19.599937_80.341322,MH-002,19.599937,80.341322,94,31,cnn_train,0
MH-002_19.599937_80.341591,MH-002,19.599937,80.341591,94,32,cnn_train,0
MH-002_19.599937_80.34186,MH-002,19.599937,80.34186,94,33,cnn_train,0
MH-002_19.599937_80.34213,MH-002,19.599937,80.34213,94,34,cnn_train,0
MH-002_19.599937_80.342399,MH-002,19.599937,80.342399,94,35,cnn_train,0
MH-002_19.599937_80.342669,MH-002,19.599937,80.342669,94,36,cnn_train,0
MH-002_19.599937_80.342938,MH-002,19.599937,80.342938,94,37,cnn_train,0
MH-002_19.599937_80.343208,MH-002,19.599937,80.343208,94,38,cnn_train,0
MH-002_19.599937_80.343477,MH-002,19.599937,80.343477,94,39,cnn_train,0
MH-002_19.599937_80.343747,MH-002,19.599937,80.343747,94,40,cnn_train,0
MH-002_19.599937_80.344016,MH-002,19.599937,80.344016,94,41,cnn_train,0
MH-002_19.599937_80.344286,MH-002,19.599937,80.344286,94,42,cnn_train,0
MH-002_19.599937_80.344555,MH-002,19.599937,80.344555,94,43,cnn_train,0
MH-002_19.599937_80.344825,MH-002,19.599937,80.344825,94,44,cnn_train,0
MH-002_19.599937_80.345094,MH-002,19.599937,80.345094,94,45,cnn_train,0
MH-002_19.599937_80.345364,MH-002,19.599937,80.345364,94,46,cnn_train,0
MH-002_19.599937_80.345633,MH-002,19.599937,80.345633,94,47,cnn_train,0
MH-002_19.599937_80.345903,MH-002,19.599937,80.345903,94,48,cnn_train,0
MH-002_19.599937_80.346172,MH-002,19.599937,80.346172,94,49,cnn_train,1
MH-002_19.599937_80.346442,MH-002,19.599937,80.346442,94,50,cnn_train,0
MH-002_19.599937_80.346711,MH-002,19.599937,80.346711,94,51,cnn_train,0
MH-002_19.599937_80.34725,MH-002,19.599937,80.34725,94,53,cnn_train,0
MH-002_19.599937_80.34752,MH-002,19.599937,80.34752,94,54,cnn_train,0
MH-002_19.599937_80.347789,MH-002,19.599937,80.347789,94,55,cnn_train,0
MH-002_19.599937_80.348059,MH-002,19.599937,80.348059,94,56,cnn_train,0
MH-002_19.599937_80.348328,MH-002,19.599937,80.348328,94,57,cnn_train,0
MH-002_19.599937_80.348598,MH-002,19.599937,80.348598,94,58,cnn_train,0
MH-002_19.599937_80.348867,MH-002,19.599937,80.348867,94,59,cnn_train,0
MH-002_19.599937_80.349945,MH-002,19.599937,80.349945,94,63,cnn_train,0
MH-002_19.599937_80.350215,MH-002,19.599937,80.350215,94,64,cnn_train,0
MH-002_19.599937_80.350484,MH-002,19.599937,80.350484,94,65,cnn_train,0
MH-002_19.599937_80.350754,MH-002,19.599937,80.350754,94,66,cnn_train,0
MH-002_19.599937_80.351023,MH-002,19.599937,80.351023,94,67,cnn_train,0
MH-002_19.599937_80.351293,MH-002,19.599937,80.351293,94,68,cnn_train,0
MH-002_19.599937_80.351562,MH-002,19.599937,80.351562,94,69,cnn_train,0
MH-002_19.599937_80.351832,MH-002,19.599937,80.351832,94,70,cnn_train,0
MH-002_19.599937_80.352101,MH-002,19.599937,80.352101,94,71,cnn_train,1
MH-002_19.599937_80.352371,MH-002,19.599937,80.352371,94,72,cnn_train,0
MH-002_19.599937_80.35264,MH-002,19.599937,80.35264,94,73,cnn_train,0
MH-002_19.599937_80.35291,MH-002,19.599937,80.35291,94,74,cnn_train,0
MH-002_19.599937_80.353179,MH-002,19.599937,80.353179,94,75,cnn_train,0
MH-002_19.599937_80.353449,MH-002,19.599937,80.353449,94,76,cnn_train,0
MH-002_19.599937_80.353718,MH-002,19.599937,80.353718,94,77,cnn_train,1
MH-002_19.599937_80.353988,MH-002,19.599937,80.353988,94,78,cnn_train,1
MH-002_19.599937_80.354257,MH-002,19.599937,80.354257,94,79,cnn_train,1
MH-002_19.599937_80.354527,MH-002,19.599937,80.354527,94,80,cnn_train,1
MH-002_19.599937_80.354796,MH-002,19.599937,80.354796,94,81,cnn_train,1
MH-002_19.599937_80.355066,MH-002,19.599937,80.355066,94,82,cnn_train,1
MH-002_19.599937_80.355335,MH-002,19.599937,80.355335,94,83,cnn_train,1
MH-002_19.599937_80.355605,MH-002,19.599937,80.355605,94,84,cnn_train,1
MH-002_19.599937_80.355874,MH-002,19.599937,80.355874,94,85,cnn_train,1
MH-002_19.599937_80.356683,MH-002,19.599937,80.356683,94,88,cnn_train,0
MH-002_19.599937_80.356952,MH-002,19.599937,80.356952,94,89,cnn_train,0
MH-002_19.599937_80.363959,MH-002,19.599937,80.363959,94,115,cnn_val,0
MH-002_19.599937_80.364229,MH-002,19.599937,80.364229,94,116,cnn_val,0
MH-002_19.599937_80.364498,MH-002,19.599937,80.364498,94,117,cnn_val,0
MH-002_19.599937_80.364768,MH-002,19.599937,80.364768,94,118,cnn_val,0
MH-002_19.599937_80.376356,MH-002,19.599937,80.376356,94,161,cnn_test,0
MH-002_19.599937_80.376625,MH-002,19.599937,80.376625,94,162,cnn_test,0
MH-002_19.599937_80.376895,MH-002,19.599937,80.376895,94,163,cnn_test,0
MH-002_19.599937_80.377164,MH-002,19.599937,80.377164,94,164,cnn_test,0
MH-002_19.599937_80.377434,MH-002,19.599937,80.377434,94,165,cnn_test,0
MH-002_19.599937_80.377703,MH-002,19.599937,80.377703,94,166,cnn_test,0
MH-002_19.599937_80.377973,MH-002,19.599937,80.377973,94,167,cnn_test,0
MH-002_19.599937_80.378242,MH-002,19.599937,80.378242,94,168,cnn_test,0
MH-002_19.599937_80.378512,MH-002,19.599937,80.378512,94,169,cnn_test,0
MH-002_19.599937_80.378781,MH-002,19.599937,80.378781,94,170,cnn_test,0
MH-002_19.599937_80.379051,MH-002,19.599937,80.379051,94,171,cnn_test,0
MH-002_19.599937_80.37932,MH-002,19.599937,80.37932,94,172,cnn_test,0
MH-002_19.599937_80.37959,MH-002,19.599937,80.37959,94,173,cnn_test,0
MH-002_19.599937_80.379859,MH-002,19.599937,80.379859,94,174,cnn_test,0
MH-002_19.599937_80.380129,MH-002,19.599937,80.380129,94,175,cnn_test,0
MH-002_19.599667_80.339705,MH-002,19.599667,80.339705,95,25,cnn_train,0
MH-002_19.599667_80.339974,MH-002,19.599667,80.339974,95,26,cnn_train,0
MH-002_19.599667_80.340244,MH-002,19.599667,80.340244,95,27,cnn_train,0
MH-002_19.599667_80.340513,MH-002,19.599667,80.340513,95,28,cnn_train,0
MH-002_19.599667_80.340783,MH-002,19.599667,80.340783,95,29,cnn_train,0
MH-002_19.599667_80.341052,MH-002,19.599667,80.341052,95,30,cnn_train,0
MH-002_19.599667_80.341322,MH-002,19.599667,80.341322,95,31,cnn_train,0
MH-002_19.599667_80.341591,MH-002,19.599667,80.341591,95,32,cnn_train,0
MH-002_19.599667_80.34186,MH-002,19.599667,80.34186,95,33,cnn_train,0
MH-002_19.599667_80.34213,MH-002,19.599667,80.34213,95,34,cnn_train,0
MH-002_19.599667_80.342399,MH-002,19.599667,80.342399,95,35,cnn_train,1
MH-002_19.599667_80.342669,MH-002,19.599667,80.342669,95,36,cnn_train,1
MH-002_19.599667_80.342938,MH-002,19.599667,80.342938,95,37,cnn_train,0
MH-002_19.599667_80.343208,MH-002,19.599667,80.343208,95,38,cnn_train,0
MH-002_19.599667_80.343477,MH-002,19.599667,80.343477,95,39,cnn_train,0
MH-002_19.599667_80.343747,MH-002,19.599667,80.343747,95,40,cnn_train,0
MH-002_19.599667_80.344016,MH-002,19.599667,80.344016,95,41,cnn_train,0
MH-002_19.599667_80.344286,MH-002,19.599667,80.344286,95,42,cnn_train,0
MH-002_19.599667_80.344555,MH-002,19.599667,80.344555,95,43,cnn_train,0
MH-002_19.599667_80.344825,MH-002,19.599667,80.344825,95,44,cnn_train,0
MH-002_19.599667_80.345094,MH-002,19.599667,80.345094,95,45,cnn_train,0
MH-002_19.599667_80.345364,MH-002,19.599667,80.345364,95,46,cnn_train,0
MH-002_19.599667_80.345633,MH-002,19.599667,80.345633,95,47,cnn_train,0
MH-002_19.599667_80.345903,MH-002,19.599667,80.345903,95,48,cnn_train,0
MH-002_19.599667_80.346172,MH-002,19.599667,80.346172,95,49,cnn_train,0
MH-002_19.599667_80.346442,MH-002,19.599667,80.346442,95,50,cnn_train,0
MH-002_19.599667_80.346711,MH-002,19.599667,80.346711,95,51,cnn_train,0
MH-002_19.599667_80.34725,MH-002,19.599667,80.34725,95,53,cnn_train,0
MH-002_19.599667_80.34752,MH-002,19.599667,80.34752,95,54,cnn_train,0
MH-002_19.599667_80.347789,MH-002,19.599667,80.347789,95,55,cnn_train,0
MH-002_19.599667_80.348059,MH-002,19.599667,80.348059,95,56,cnn_train,0
MH-002_19.599667_80.348328,MH-002,19.599667,80.348328,95,57,cnn_train,0
MH-002_19.599667_80.348598,MH-002,19.599667,80.348598,95,58,cnn_train,0
MH-002_19.599667_80.348867,MH-002,19.599667,80.348867,95,59,cnn_train,0
MH-002_19.599667_80.349137,MH-002,19.599667,80.349137,95,60,cnn_train,0
MH-002_19.599667_80.349945,MH-002,19.599667,80.349945,95,63,cnn_train,0
MH-002_19.599667_80.350215,MH-002,19.599667,80.350215,95,64,cnn_train,0
MH-002_19.599667_80.350484,MH-002,19.599667,80.350484,95,65,cnn_train,0
MH-002_19.599667_80.350754,MH-002,19.599667,80.350754,95,66,cnn_train,0
MH-002_19.599667_80.351023,MH-002,19.599667,80.351023,95,67,cnn_train,0
MH-002_19.599667_80.351293,MH-002,19.599667,80.351293,95,68,cnn_train,0
MH-002_19.599667_80.351562,MH-002,19.599667,80.351562,95,69,cnn_train,0
MH-002_19.599667_80.351832,MH-002,19.599667,80.351832,95,70,cnn_train,0
MH-002_19.599667_80.352101,MH-002,19.599667,80.352101,95,71,cnn_train,0
MH-002_19.599667_80.352371,MH-002,19.599667,80.352371,95,72,cnn_train,0
MH-002_19.599667_80.35264,MH-002,19.599667,80.35264,95,73,cnn_train,0
MH-002_19.599667_80.35291,MH-002,19.599667,80.35291,95,74,cnn_train,0
MH-002_19.599667_80.353179,MH-002,19.599667,80.353179,95,75,cnn_train,0
MH-002_19.599667_80.353449,MH-002,19.599667,80.353449,95,76,cnn_train,0
MH-002_19.599667_80.353718,MH-002,19.599667,80.353718,95,77,cnn_train,0
MH-002_19.599667_80.353988,MH-002,19.599667,80.353988,95,78,cnn_train,1
MH-002_19.599667_80.354257,MH-002,19.599667,80.354257,95,79,cnn_train,1
MH-002_19.599667_80.354527,MH-002,19.599667,80.354527,95,80,cnn_train,1
MH-002_19.599667_80.354796,MH-002,19.599667,80.354796,95,81,cnn_train,1
MH-002_19.599667_80.355066,MH-002,19.599667,80.355066,95,82,cnn_train,1
MH-002_19.599667_80.355335,MH-002,19.599667,80.355335,95,83,cnn_train,0
MH-002_19.599667_80.355605,MH-002,19.599667,80.355605,95,84,cnn_train,1
MH-002_19.599667_80.355874,MH-002,19.599667,80.355874,95,85,cnn_train,1
MH-002_19.599667_80.356144,MH-002,19.599667,80.356144,95,86,cnn_train,0
MH-002_19.599667_80.357222,MH-002,19.599667,80.357222,95,90,cnn_train,0
MH-002_19.599667_80.363959,MH-002,19.599667,80.363959,95,115,cnn_val,0
MH-002_19.599667_80.364229,MH-002,19.599667,80.364229,95,116,cnn_val,0
MH-002_19.599667_80.364498,MH-002,19.599667,80.364498,95,117,cnn_val,0
MH-002_19.599667_80.364768,MH-002,19.599667,80.364768,95,118,cnn_val,0
MH-002_19.599667_80.376356,MH-002,19.599667,80.376356,95,161,cnn_test,0
MH-002_19.599667_80.376625,MH-002,19.599667,80.376625,95,162,cnn_test,0
MH-002_19.599667_80.376895,MH-002,19.599667,80.376895,95,163,cnn_test,0
MH-002_19.599667_80.377164,MH-002,19.599667,80.377164,95,164,cnn_test,0
MH-002_19.599667_80.377434,MH-002,19.599667,80.377434,95,165,cnn_test,0
MH-002_19.599667_80.377703,MH-002,19.599667,80.377703,95,166,cnn_test,0
MH-002_19.599667_80.377973,MH-002,19.599667,80.377973,95,167,cnn_test,0
MH-002_19.599667_80.378242,MH-002,19.599667,80.378242,95,168,cnn_test,0
MH-002_19.599667_80.378512,MH-002,19.599667,80.378512,95,169,cnn_test,0
MH-002_19.599667_80.378781,MH-002,19.599667,80.378781,95,170,cnn_test,0
MH-002_19.599667_80.379051,MH-002,19.599667,80.379051,95,171,cnn_test,0
MH-002_19.599667_80.37932,MH-002,19.599667,80.37932,95,172,cnn_test,0
MH-002_19.599667_80.37959,MH-002,19.599667,80.37959,95,173,cnn_test,0
MH-002_19.599667_80.379859,MH-002,19.599667,80.379859,95,174,cnn_test,0
MH-002_19.599667_80.380129,MH-002,19.599667,80.380129,95,175,cnn_test,0
MH-002_19.599398_80.339435,MH-002,19.599398,80.339435,96,24,cnn_train,0
MH-002_19.599398_80.339705,MH-002,19.599398,80.339705,96,25,cnn_train,0
MH-002_19.599398_80.339974,MH-002,19.599398,80.339974,96,26,cnn_train,0
MH-002_19.599398_80.340244,MH-002,19.599398,80.340244,96,27,cnn_train,0
MH-002_19.599398_80.340513,MH-002,19.599398,80.340513,96,28,cnn_train,0
MH-002_19.599398_80.340783,MH-002,19.599398,80.340783,96,29,cnn_train,0
MH-002_19.599398_80.341052,MH-002,19.599398,80.341052,96,30,cnn_train,0
MH-002_19.599398_80.341322,MH-002,19.599398,80.341322,96,31,cnn_train,0
MH-002_19.599398_80.341591,MH-002,19.599398,80.341591,96,32,cnn_train,0
MH-002_19.599398_80.34186,MH-002,19.599398,80.34186,96,33,cnn_train,0
MH-002_19.599398_80.34213,MH-002,19.599398,80.34213,96,34,cnn_train,0
MH-002_19.599398_80.342399,MH-002,19.599398,80.342399,96,35,cnn_train,1
MH-002_19.599398_80.342669,MH-002,19.599398,80.342669,96,36,cnn_train,1
MH-002_19.599398_80.343477,MH-002,19.599398,80.343477,96,39,cnn_train,0
MH-002_19.599398_80.343747,MH-002,19.599398,80.343747,96,40,cnn_train,0
MH-002_19.599398_80.344016,MH-002,19.599398,80.344016,96,41,cnn_train,0
MH-002_19.599398_80.344286,MH-002,19.599398,80.344286,96,42,cnn_train,0
MH-002_19.599398_80.344555,MH-002,19.599398,80.344555,96,43,cnn_train,0
MH-002_19.599398_80.344825,MH-002,19.599398,80.344825,96,44,cnn_train,0
MH-002_19.599398_80.345094,MH-002,19.599398,80.345094,96,45,cnn_train,0
MH-002_19.599398_80.345364,MH-002,19.599398,80.345364,96,46,cnn_train,0
MH-002_19.599398_80.345633,MH-002,19.599398,80.345633,96,47,cnn_train,0
MH-002_19.599398_80.345903,MH-002,19.599398,80.345903,96,48,cnn_train,0
MH-002_19.599398_80.346172,MH-002,19.599398,80.346172,96,49,cnn_train,0
MH-002_19.599398_80.346442,MH-002,19.599398,80.346442,96,50,cnn_train,0
MH-002_19.599398_80.346711,MH-002,19.599398,80.346711,96,51,cnn_train,0
MH-002_19.599398_80.346981,MH-002,19.599398,80.346981,96,52,cnn_train,0
MH-002_19.599398_80.34725,MH-002,19.599398,80.34725,96,53,cnn_train,0
MH-002_19.599398_80.34752,MH-002,19.599398,80.34752,96,54,cnn_train,0
MH-002_19.599398_80.347789,MH-002,19.599398,80.347789,96,55,cnn_train,0
MH-002_19.599398_80.348059,MH-002,19.599398,80.348059,96,56,cnn_train,0
MH-002_19.599398_80.348328,MH-002,19.599398,80.348328,96,57,cnn_train,0
MH-002_19.599398_80.348598,MH-002,19.599398,80.348598,96,58,cnn_train,0
MH-002_19.599398_80.348867,MH-002,19.599398,80.348867,96,59,cnn_train,0
MH-002_19.599398_80.349137,MH-002,19.599398,80.349137,96,60,cnn_train,0
MH-002_19.599398_80.349676,MH-002,19.599398,80.349676,96,62,cnn_train,0
MH-002_19.599398_80.349945,MH-002,19.599398,80.349945,96,63,cnn_train,0
MH-002_19.599398_80.350215,MH-002,19.599398,80.350215,96,64,cnn_train,0
MH-002_19.599398_80.350484,MH-002,19.599398,80.350484,96,65,cnn_train,0
MH-002_19.599398_80.350754,MH-002,19.599398,80.350754,96,66,cnn_train,0
MH-002_19.599398_80.351023,MH-002,19.599398,80.351023,96,67,cnn_train,0
MH-002_19.599398_80.351293,MH-002,19.599398,80.351293,96,68,cnn_train,0
MH-002_19.599398_80.351562,MH-002,19.599398,80.351562,96,69,cnn_train,0
MH-002_19.599398_80.351832,MH-002,19.599398,80.351832,96,70,cnn_train,0
MH-002_19.599398_80.352101,MH-002,19.599398,80.352101,96,71,cnn_train,0
MH-002_19.599398_80.352371,MH-002,19.599398,80.352371,96,72,cnn_train,0
MH-002_19.599398_80.35264,MH-002,19.599398,80.35264,96,73,cnn_train,0
MH-002_19.599398_80.35291,MH-002,19.599398,80.35291,96,74,cnn_train,0
MH-002_19.599398_80.353179,MH-002,19.599398,80.353179,96,75,cnn_train,0
MH-002_19.599398_80.353449,MH-002,19.599398,80.353449,96,76,cnn_train,0
MH-002_19.599398_80.353718,MH-002,19.599398,80.353718,96,77,cnn_train,0
MH-002_19.599398_80.353988,MH-002,19.599398,80.353988,96,78,cnn_train,1
MH-002_19.599398_80.354257,MH-002,19.599398,80.354257,96,79,cnn_train,1
MH-002_19.599398_80.354527,MH-002,19.599398,80.354527,96,80,cnn_train,1
MH-002_19.599398_80.354796,MH-002,19.599398,80.354796,96,81,cnn_train,1
MH-002_19.599398_80.355066,MH-002,19.599398,80.355066,96,82,cnn_train,1
MH-002_19.599398_80.355335,MH-002,19.599398,80.355335,96,83,cnn_train,1
MH-002_19.599398_80.355605,MH-002,19.599398,80.355605,96,84,cnn_train,1
MH-002_19.599398_80.355874,MH-002,19.599398,80.355874,96,85,cnn_train,0
MH-002_19.599398_80.356144,MH-002,19.599398,80.356144,96,86,cnn_train,1
MH-002_19.599398_80.356413,MH-002,19.599398,80.356413,96,87,cnn_train,1
MH-002_19.599398_80.356683,MH-002,19.599398,80.356683,96,88,cnn_train,1
MH-002_19.599398_80.363959,MH-002,19.599398,80.363959,96,115,cnn_val,0
MH-002_19.599398_80.364229,MH-002,19.599398,80.364229,96,116,cnn_val,0
MH-002_19.599398_80.364498,MH-002,19.599398,80.364498,96,117,cnn_val,0
MH-002_19.599398_80.376895,MH-002,19.599398,80.376895,96,163,cnn_test,0
MH-002_19.599398_80.377164,MH-002,19.599398,80.377164,96,164,cnn_test,0
MH-002_19.599398_80.377434,MH-002,19.599398,80.377434,96,165,cnn_test,0
MH-002_19.599398_80.377703,MH-002,19.599398,80.377703,96,166,cnn_test,0
MH-002_19.599398_80.377973,MH-002,19.599398,80.377973,96,167,cnn_test,0
MH-002_19.599398_80.378242,MH-002,19.599398,80.378242,96,168,cnn_test,0
MH-002_19.599398_80.378512,MH-002,19.599398,80.378512,96,169,cnn_test,0
MH-002_19.599398_80.378781,MH-002,19.599398,80.378781,96,170,cnn_test,0
MH-002_19.599398_80.379051,MH-002,19.599398,80.379051,96,171,cnn_test,0
MH-002_19.599398_80.37932,MH-002,19.599398,80.37932,96,172,cnn_test,0
MH-002_19.599398_80.37959,MH-002,19.599398,80.37959,96,173,cnn_test,0
MH-002_19.599398_80.379859,MH-002,19.599398,80.379859,96,174,cnn_test,0
MH-002_19.599398_80.380129,MH-002,19.599398,80.380129,96,175,cnn_test,0
MH-002_19.599398_80.380398,MH-002,19.599398,80.380398,96,176,cnn_test,0
MH-002_19.599128_80.339435,MH-002,19.599128,80.339435,97,24,cnn_train,0
MH-002_19.599128_80.339705,MH-002,19.599128,80.339705,97,25,cnn_train,1
MH-002_19.599128_80.339974,MH-002,19.599128,80.339974,97,26,cnn_train,1
MH-002_19.599128_80.340244,MH-002,19.599128,80.340244,97,27,cnn_train,1
MH-002_19.599128_80.340513,MH-002,19.599128,80.340513,97,28,cnn_train,1
MH-002_19.599128_80.340783,MH-002,19.599128,80.340783,97,29,cnn_train,0
MH-002_19.599128_80.341052,MH-002,19.599128,80.341052,97,30,cnn_train,0
MH-002_19.599128_80.341322,MH-002,19.599128,80.341322,97,31,cnn_train,0
MH-002_19.599128_80.341591,MH-002,19.599128,80.341591,97,32,cnn_train,0
MH-002_19.599128_80.34186,MH-002,19.599128,80.34186,97,33,cnn_train,0
MH-002_19.599128_80.34213,MH-002,19.599128,80.34213,97,34,cnn_train,1
MH-002_19.599128_80.342399,MH-002,19.599128,80.342399,97,35,cnn_train,1
MH-002_19.599128_80.343477,MH-002,19.599128,80.343477,97,39,cnn_train,0
MH-002_19.599128_80.343747,MH-002,19.599128,80.343747,97,40,cnn_train,0
MH-002_19.599128_80.344016,MH-002,19.599128,80.344016,97,41,cnn_train,0
MH-002_19.599128_80.344286,MH-002,19.599128,80.344286,97,42,cnn_train,0
MH-002_19.599128_80.344555,MH-002,19.599128,80.344555,97,43,cnn_train,0
MH-002_19.599128_80.344825,MH-002,19.599128,80.344825,97,44,cnn_train,0
MH-002_19.599128_80.345094,MH-002,19.599128,80.345094,97,45,cnn_train,0
MH-002_19.599128_80.345364,MH-002,19.599128,80.345364,97,46,cnn_train,0
MH-002_19.599128_80.345633,MH-002,19.599128,80.345633,97,47,cnn_train,0
MH-002_19.599128_80.345903,MH-002,19.599128,80.345903,97,48,cnn_train,0
MH-002_19.599128_80.346172,MH-002,19.599128,80.346172,97,49,cnn_train,0
MH-002_19.599128_80.346442,MH-002,19.599128,80.346442,97,50,cnn_train,0
MH-002_19.599128_80.346711,MH-002,19.599128,80.346711,97,51,cnn_train,0
MH-002_19.599128_80.34725,MH-002,19.599128,80.34725,97,53,cnn_train,0
MH-002_19.599128_80.34752,MH-002,19.599128,80.34752,97,54,cnn_train,0
MH-002_19.599128_80.347789,MH-002,19.599128,80.347789,97,55,cnn_train,0
MH-002_19.599128_80.348059,MH-002,19.599128,80.348059,97,56,cnn_train,0
MH-002_19.599128_80.348328,MH-002,19.599128,80.348328,97,57,cnn_train,0
MH-002_19.599128_80.348598,MH-002,19.599128,80.348598,97,58,cnn_train,0
MH-002_19.599128_80.348867,MH-002,19.599128,80.348867,97,59,cnn_train,0
MH-002_19.599128_80.349406,MH-002,19.599128,80.349406,97,61,cnn_train,0
MH-002_19.599128_80.349676,MH-002,19.599128,80.349676,97,62,cnn_train,0
MH-002_19.599128_80.349945,MH-002,19.599128,80.349945,97,63,cnn_train,0
MH-002_19.599128_80.350215,MH-002,19.599128,80.350215,97,64,cnn_train,0
MH-002_19.599128_80.350484,MH-002,19.599128,80.350484,97,65,cnn_train,0
MH-002_19.599128_80.350754,MH-002,19.599128,80.350754,97,66,cnn_train,0
MH-002_19.599128_80.351023,MH-002,19.599128,80.351023,97,67,cnn_train,0
MH-002_19.599128_80.351293,MH-002,19.599128,80.351293,97,68,cnn_train,0
MH-002_19.599128_80.351562,MH-002,19.599128,80.351562,97,69,cnn_train,0
MH-002_19.599128_80.351832,MH-002,19.599128,80.351832,97,70,cnn_train,0
MH-002_19.599128_80.352101,MH-002,19.599128,80.352101,97,71,cnn_train,0
MH-002_19.599128_80.352371,MH-002,19.599128,80.352371,97,72,cnn_train,0
MH-002_19.599128_80.35264,MH-002,19.599128,80.35264,97,73,cnn_train,0
MH-002_19.599128_80.35291,MH-002,19.599128,80.35291,97,74,cnn_train,0
MH-002_19.599128_80.353179,MH-002,19.599128,80.353179,97,75,cnn_train,0
MH-002_19.599128_80.353449,MH-002,19.599128,80.353449,97,76,cnn_train,0
MH-002_19.599128_80.353718,MH-002,19.599128,80.353718,97,77,cnn_train,0
MH-002_19.599128_80.353988,MH-002,19.599128,80.353988,97,78,cnn_train,0
MH-002_19.599128_80.354257,MH-002,19.599128,80.354257,97,79,cnn_train,0
MH-002_19.599128_80.354527,MH-002,19.599128,80.354527,97,80,cnn_train,1
MH-002_19.599128_80.354796,MH-002,19.599128,80.354796,97,81,cnn_train,1
MH-002_19.599128_80.355066,MH-002,19.599128,80.355066,97,82,cnn_train,1
MH-002_19.599128_80.355335,MH-002,19.599128,80.355335,97,83,cnn_train,1
MH-002_19.599128_80.355605,MH-002,19.599128,80.355605,97,84,cnn_train,1
MH-002_19.599128_80.355874,MH-002,19.599128,80.355874,97,85,cnn_train,1
MH-002_19.599128_80.356144,MH-002,19.599128,80.356144,97,86,cnn_train,1
MH-002_19.599128_80.356413,MH-002,19.599128,80.356413,97,87,cnn_train,0
MH-002_19.599128_80.356683,MH-002,19.599128,80.356683,97,88,cnn_train,1
MH-002_19.599128_80.356952,MH-002,19.599128,80.356952,97,89,cnn_train,1
MH-002_19.599128_80.377164,MH-002,19.599128,80.377164,97,164,cnn_test,0
MH-002_19.599128_80.377434,MH-002,19.599128,80.377434,97,165,cnn_test,0
MH-002_19.599128_80.377703,MH-002,19.599128,80.377703,97,166,cnn_test,0
MH-002_19.599128_80.377973,MH-002,19.599128,80.377973,97,167,cnn_test,0
MH-002_19.599128_80.378242,MH-002,19.599128,80.378242,97,168,cnn_test,0
MH-002_19.599128_80.378512,MH-002,19.599128,80.378512,97,169,cnn_test,0
MH-002_19.599128_80.378781,MH-002,19.599128,80.378781,97,170,cnn_test,0
MH-002_19.599128_80.379051,MH-002,19.599128,80.379051,97,171,cnn_test,0
MH-002_19.599128_80.37932,MH-002,19.599128,80.37932,97,172,cnn_test,0
MH-002_19.599128_80.37959,MH-002,19.599128,80.37959,97,173,cnn_test,0
MH-002_19.599128_80.379859,MH-002,19.599128,80.379859,97,174,cnn_test,0
MH-002_19.599128_80.380129,MH-002,19.599128,80.380129,97,175,cnn_test,0
MH-002_19.599128_80.380398,MH-002,19.599128,80.380398,97,176,cnn_test,0
MH-002_19.598859_80.339435,MH-002,19.598859,80.339435,98,24,cnn_train,0
MH-002_19.598859_80.339705,MH-002,19.598859,80.339705,98,25,cnn_train,0
MH-002_19.598859_80.340513,MH-002,19.598859,80.340513,98,28,cnn_train,0
MH-002_19.598859_80.34186,MH-002,19.598859,80.34186,98,33,cnn_train,0
MH-002_19.598859_80.34213,MH-002,19.598859,80.34213,98,34,cnn_train,0
MH-002_19.598859_80.343747,MH-002,19.598859,80.343747,98,40,cnn_train,0
MH-002_19.598859_80.344016,MH-002,19.598859,80.344016,98,41,cnn_train,0
MH-002_19.598859_80.344286,MH-002,19.598859,80.344286,98,42,cnn_train,0
MH-002_19.598859_80.344555,MH-002,19.598859,80.344555,98,43,cnn_train,0
MH-002_19.598859_80.344825,MH-002,19.598859,80.344825,98,44,cnn_train,0
MH-002_19.598859_80.345094,MH-002,19.598859,80.345094,98,45,cnn_train,0
MH-002_19.598859_80.345364,MH-002,19.598859,80.345364,98,46,cnn_train,0
MH-002_19.598859_80.345633,MH-002,19.598859,80.345633,98,47,cnn_train,0
MH-002_19.598859_80.345903,MH-002,19.598859,80.345903,98,48,cnn_train,0
MH-002_19.598859_80.346172,MH-002,19.598859,80.346172,98,49,cnn_train,0
MH-002_19.598859_80.346442,MH-002,19.598859,80.346442,98,50,cnn_train,0
MH-002_19.598859_80.346711,MH-002,19.598859,80.346711,98,51,cnn_train,0
MH-002_19.598859_80.34752,MH-002,19.598859,80.34752,98,54,cnn_train,0
MH-002_19.598859_80.347789,MH-002,19.598859,80.347789,98,55,cnn_train,0
MH-002_19.598859_80.348059,MH-002,19.598859,80.348059,98,56,cnn_train,0
MH-002_19.598859_80.348328,MH-002,19.598859,80.348328,98,57,cnn_train,0
MH-002_19.598859_80.348598,MH-002,19.598859,80.348598,98,58,cnn_train,0
MH-002_19.598859_80.348867,MH-002,19.598859,80.348867,98,59,cnn_train,0
MH-002_19.598859_80.349137,MH-002,19.598859,80.349137,98,60,cnn_train,0
MH-002_19.598859_80.349406,MH-002,19.598859,80.349406,98,61,cnn_train,0
MH-002_19.598859_80.349676,MH-002,19.598859,80.349676,98,62,cnn_train,0
MH-002_19.598859_80.349945,MH-002,19.598859,80.349945,98,63,cnn_train,0
MH-002_19.598859_80.350215,MH-002,19.598859,80.350215,98,64,cnn_train,0
MH-002_19.598859_80.350484,MH-002,19.598859,80.350484,98,65,cnn_train,0
MH-002_19.598859_80.350754,MH-002,19.598859,80.350754,98,66,cnn_train,0
MH-002_19.598859_80.351023,MH-002,19.598859,80.351023,98,67,cnn_train,0
MH-002_19.598859_80.351293,MH-002,19.598859,80.351293,98,68,cnn_train,0
MH-002_19.598859_80.351562,MH-002,19.598859,80.351562,98,69,cnn_train,0
MH-002_19.598859_80.351832,MH-002,19.598859,80.351832,98,70,cnn_train,0
MH-002_19.598859_80.352101,MH-002,19.598859,80.352101,98,71,cnn_train,0
MH-002_19.598859_80.352371,MH-002,19.598859,80.352371,98,72,cnn_train,0
MH-002_19.598859_80.35264,MH-002,19.598859,80.35264,98,73,cnn_train,0
MH-002_19.598859_80.35291,MH-002,19.598859,80.35291,98,74,cnn_train,0
MH-002_19.598859_80.353179,MH-002,19.598859,80.353179,98,75,cnn_train,0
MH-002_19.598859_80.353449,MH-002,19.598859,80.353449,98,76,cnn_train,0
MH-002_19.598859_80.353718,MH-002,19.598859,80.353718,98,77,cnn_train,0
MH-002_19.598859_80.353988,MH-002,19.598859,80.353988,98,78,cnn_train,0
MH-002_19.598859_80.354257,MH-002,19.598859,80.354257,98,79,cnn_train,0
MH-002_19.598859_80.354527,MH-002,19.598859,80.354527,98,80,cnn_train,0
MH-002_19.598859_80.354796,MH-002,19.598859,80.354796,98,81,cnn_train,0
MH-002_19.598859_80.355066,MH-002,19.598859,80.355066,98,82,cnn_train,0
MH-002_19.598859_80.355335,MH-002,19.598859,80.355335,98,83,cnn_train,0
MH-002_19.598859_80.355605,MH-002,19.598859,80.355605,98,84,cnn_train,1
MH-002_19.598859_80.355874,MH-002,19.598859,80.355874,98,85,cnn_train,1
MH-002_19.598859_80.356144,MH-002,19.598859,80.356144,98,86,cnn_train,1
MH-002_19.598859_80.356413,MH-002,19.598859,80.356413,98,87,cnn_train,1
MH-002_19.598859_80.356683,MH-002,19.598859,80.356683,98,88,cnn_train,1
MH-002_19.598859_80.356952,MH-002,19.598859,80.356952,98,89,cnn_train,0
MH-002_19.598859_80.357222,MH-002,19.598859,80.357222,98,90,cnn_train,1
MH-002_19.598859_80.357491,MH-002,19.598859,80.357491,98,91,cnn_train,0
MH-002_19.598859_80.377164,MH-002,19.598859,80.377164,98,164,cnn_test,0
MH-002_19.598859_80.377434,MH-002,19.598859,80.377434,98,165,cnn_test,0
MH-002_19.598859_80.377703,MH-002,19.598859,80.377703,98,166,cnn_test,1
MH-002_19.598859_80.377973,MH-002,19.598859,80.377973,98,167,cnn_test,0
MH-002_19.598859_80.378242,MH-002,19.598859,80.378242,98,168,cnn_test,0
MH-002_19.598859_80.378512,MH-002,19.598859,80.378512,98,169,cnn_test,0
MH-002_19.598859_80.378781,MH-002,19.598859,80.378781,98,170,cnn_test,0
MH-002_19.598859_80.379051,MH-002,19.598859,80.379051,98,171,cnn_test,0
MH-002_19.598859_80.37932,MH-002,19.598859,80.37932,98,172,cnn_test,0
MH-002_19.598859_80.37959,MH-002,19.598859,80.37959,98,173,cnn_test,0
MH-002_19.598859_80.379859,MH-002,19.598859,80.379859,98,174,cnn_test,0
MH-002_19.598859_80.380129,MH-002,19.598859,80.380129,98,175,cnn_test,0
MH-002_19.598859_80.380398,MH-002,19.598859,80.380398,98,176,cnn_test,0
MH-002_19.598589_80.339166,MH-002,19.598589,80.339166,99,23,cnn_train,0
MH-002_19.598589_80.339435,MH-002,19.598589,80.339435,99,24,cnn_train,0
MH-002_19.598589_80.339974,MH-002,19.598589,80.339974,99,26,cnn_train,0
MH-002_19.598589_80.340513,MH-002,19.598589,80.340513,99,28,cnn_train,0
MH-002_19.598589_80.340783,MH-002,19.598589,80.340783,99,29,cnn_train,0
MH-002_19.598589_80.341052,MH-002,19.598589,80.341052,99,30,cnn_train,0
MH-002_19.598589_80.341322,MH-002,19.598589,80.341322,99,31,cnn_train,0
MH-002_19.598589_80.341591,MH-002,19.598589,80.341591,99,32,cnn_train,0
MH-002_19.598589_80.34186,MH-002,19.598589,80.34186,99,33,cnn_train,0
MH-002_19.598589_80.34213,MH-002,19.598589,80.34213,99,34,cnn_train,0
MH-002_19.598589_80.342399,MH-002,19.598589,80.342399,99,35,cnn_train,1
MH-002_19.598589_80.342669,MH-002,19.598589,80.342669,99,36,cnn_train,0
MH-002_19.598589_80.342938,MH-002,19.598589,80.342938,99,37,cnn_train,0
MH-002_19.598589_80.343747,MH-002,19.598589,80.343747,99,40,cnn_train,0
MH-002_19.598589_80.344016,MH-002,19.598589,80.344016,99,41,cnn_train,1
MH-002_19.598589_80.344286,MH-002,19.598589,80.344286,99,42,cnn_train,0
MH-002_19.598589_80.344555,MH-002,19.598589,80.344555,99,43,cnn_train,0
MH-002_19.598589_80.344825,MH-002,19.598589,80.344825,99,44,cnn_train,0
MH-002_19.598589_80.345094,MH-002,19.598589,80.345094,99,45,cnn_train,0
MH-002_19.598589_80.345364,MH-002,19.598589,80.345364,99,46,cnn_train,0
MH-002_19.598589_80.345633,MH-002,19.598589,80.345633,99,47,cnn_train,0
MH-002_19.598589_80.345903,MH-002,19.598589,80.345903,99,48,cnn_train,0
MH-002_19.598589_80.346172,MH-002,19.598589,80.346172,99,49,cnn_train,0
MH-002_19.598589_80.346442,MH-002,19.598589,80.346442,99,50,cnn_train,0
MH-002_19.598589_80.346711,MH-002,19.598589,80.346711,99,51,cnn_train,0
MH-002_19.598589_80.346981,MH-002,19.598589,80.346981,99,52,cnn_train,0
MH-002_19.598589_80.34752,MH-002,19.598589,80.34752,99,54,cnn_train,0
MH-002_19.598589_80.347789,MH-002,19.598589,80.347789,99,55,cnn_train,0
MH-002_19.598589_80.348059,MH-002,19.598589,80.348059,99,56,cnn_train,0
MH-002_19.598589_80.348328,MH-002,19.598589,80.348328,99,57,cnn_train,0
MH-002_19.598589_80.348598,MH-002,19.598589,80.348598,99,58,cnn_train,0
MH-002_19.598589_80.348867,MH-002,19.598589,80.348867,99,59,cnn_train,0
MH-002_19.598589_80.349406,MH-002,19.598589,80.349406,99,61,cnn_train,0
MH-002_19.598589_80.349676,MH-002,19.598589,80.349676,99,62,cnn_train,0
MH-002_19.598589_80.349945,MH-002,19.598589,80.349945,99,63,cnn_train,0
MH-002_19.598589_80.350215,MH-002,19.598589,80.350215,99,64,cnn_train,0
MH-002_19.598589_80.350484,MH-002,19.598589,80.350484,99,65,cnn_train,0
MH-002_19.598589_80.350754,MH-002,19.598589,80.350754,99,66,cnn_train,0
MH-002_19.598589_80.351023,MH-002,19.598589,80.351023,99,67,cnn_train,0
MH-002_19.598589_80.352101,MH-002,19.598589,80.352101,99,71,cnn_train,0
MH-002_19.598589_80.352371,MH-002,19.598589,80.352371,99,72,cnn_train,0
MH-002_19.598589_80.35264,MH-002,19.598589,80.35264,99,73,cnn_train,0
MH-002_19.598589_80.35291,MH-002,19.598589,80.35291,99,74,cnn_train,0
MH-002_19.598589_80.353179,MH-002,19.598589,80.353179,99,75,cnn_train,0
MH-002_19.598589_80.353449,MH-002,19.598589,80.353449,99,76,cnn_train,0
MH-002_19.598589_80.353718,MH-002,19.598589,80.353718,99,77,cnn_train,0
MH-002_19.598589_80.353988,MH-002,19.598589,80.353988,99,78,cnn_train,0
MH-002_19.598589_80.354257,MH-002,19.598589,80.354257,99,79,cnn_train,0
MH-002_19.598589_80.354527,MH-002,19.598589,80.354527,99,80,cnn_train,0
MH-002_19.598589_80.354796,MH-002,19.598589,80.354796,99,81,cnn_train,0
MH-002_19.598589_80.355066,MH-002,19.598589,80.355066,99,82,cnn_train,0
MH-002_19.598589_80.355335,MH-002,19.598589,80.355335,99,83,cnn_train,0
MH-002_19.598589_80.355605,MH-002,19.598589,80.355605,99,84,cnn_train,1
MH-002_19.598589_80.355874,MH-002,19.598589,80.355874,99,85,cnn_train,1
MH-002_19.598589_80.356144,MH-002,19.598589,80.356144,99,86,cnn_train,1
MH-002_19.598589_80.356413,MH-002,19.598589,80.356413,99,87,cnn_train,1
MH-002_19.598589_80.356683,MH-002,19.598589,80.356683,99,88,cnn_train,1
MH-002_19.598589_80.356952,MH-002,19.598589,80.356952,99,89,cnn_train,1
MH-002_19.598589_80.357222,MH-002,19.598589,80.357222,99,90,cnn_train,0
MH-002_19.598589_80.357491,MH-002,19.598589,80.357491,99,91,cnn_train,1
MH-002_19.598589_80.376356,MH-002,19.598589,80.376356,99,161,cnn_test,0
MH-002_19.598589_80.376625,MH-002,19.598589,80.376625,99,162,cnn_test,0
MH-002_19.598589_80.377434,MH-002,19.598589,80.377434,99,165,cnn_test,0
MH-002_19.598589_80.377703,MH-002,19.598589,80.377703,99,166,cnn_test,1
MH-002_19.598589_80.377973,MH-002,19.598589,80.377973,99,167,cnn_test,1
MH-002_19.598589_80.378242,MH-002,19.598589,80.378242,99,168,cnn_test,1
MH-002_19.598589_80.378512,MH-002,19.598589,80.378512,99,169,cnn_test,0
MH-002_19.598589_80.378781,MH-002,19.598589,80.378781,99,170,cnn_test,0
MH-002_19.598589_80.379051,MH-002,19.598589,80.379051,99,171,cnn_test,0
MH-002_19.598589_80.37932,MH-002,19.598589,80.37932,99,172,cnn_test,0
MH-002_19.598589_80.37959,MH-002,19.598589,80.37959,99,173,cnn_test,0
MH-002_19.598589_80.379859,MH-002,19.598589,80.379859,99,174,cnn_test,0
MH-002_19.598589_80.380129,MH-002,19.598589,80.380129,99,175,cnn_test,0
MH-002_19.598589_80.380398,MH-002,19.598589,80.380398,99,176,cnn_test,0
MH-002_19.59832_80.339166,MH-002,19.59832,80.339166,100,23,cnn_train,0
MH-002_19.59832_80.339435,MH-002,19.59832,80.339435,100,24,cnn_train,0
MH-002_19.59832_80.339705,MH-002,19.59832,80.339705,100,25,cnn_train,0
MH-002_19.59832_80.339974,MH-002,19.59832,80.339974,100,26,cnn_train,0
MH-002_19.59832_80.340513,MH-002,19.59832,80.340513,100,28,cnn_train,0
MH-002_19.59832_80.340783,MH-002,19.59832,80.340783,100,29,cnn_train,0
MH-002_19.59832_80.341052,MH-002,19.59832,80.341052,100,30,cnn_train,0
MH-002_19.59832_80.341322,MH-002,19.59832,80.341322,100,31,cnn_train,0
MH-002_19.59832_80.341591,MH-002,19.59832,80.341591,100,32,cnn_train,0
MH-002_19.59832_80.34186,MH-002,19.59832,80.34186,100,33,cnn_train,0
MH-002_19.59832_80.34213,MH-002,19.59832,80.34213,100,34,cnn_train,1
MH-002_19.59832_80.342399,MH-002,19.59832,80.342399,100,35,cnn_train,1
MH-002_19.59832_80.342669,MH-002,19.59832,80.342669,100,36,cnn_train,0
MH-002_19.59832_80.342938,MH-002,19.59832,80.342938,100,37,cnn_train,1
MH-002_19.59832_80.343208,MH-002,19.59832,80.343208,100,38,cnn_train,0
MH-002_19.59832_80.343747,MH-002,19.59832,80.343747,100,40,cnn_train,0
MH-002_19.59832_80.344016,MH-002,19.59832,80.344016,100,41,cnn_train,0
MH-002_19.59832_80.344286,MH-002,19.59832,80.344286,100,42,cnn_train,0
MH-002_19.59832_80.344555,MH-002,19.59832,80.344555,100,43,cnn_train,0
MH-002_19.59832_80.344825,MH-002,19.59832,80.344825,100,44,cnn_train,0
MH-002_19.59832_80.345094,MH-002,19.59832,80.345094,100,45,cnn_train,0
MH-002_19.59832_80.345364,MH-002,19.59832,80.345364,100,46,cnn_train,0
MH-002_19.59832_80.345633,MH-002,19.59832,80.345633,100,47,cnn_train,0
MH-002_19.59832_80.345903,MH-002,19.59832,80.345903,100,48,cnn_train,0
MH-002_19.59832_80.346172,MH-002,19.59832,80.346172,100,49,cnn_train,0
MH-002_19.59832_80.346442,MH-002,19.59832,80.346442,100,50,cnn_train,0
MH-002_19.59832_80.346711,MH-002,19.59832,80.346711,100,51,cnn_train,0
MH-002_19.59832_80.346981,MH-002,19.59832,80.346981,100,52,cnn_train,0
MH-002_19.59832_80.34725,MH-002,19.59832,80.34725,100,53,cnn_train,0
MH-002_19.59832_80.348328,MH-002,19.59832,80.348328,100,57,cnn_train,0
MH-002_19.59832_80.348598,MH-002,19.59832,80.348598,100,58,cnn_train,0
MH-002_19.59832_80.348867,MH-002,19.59832,80.348867,100,59,cnn_train,0
MH-002_19.59832_80.349137,MH-002,19.59832,80.349137,100,60,cnn_train,0
MH-002_19.59832_80.350215,MH-002,19.59832,80.350215,100,64,cnn_train,0
MH-002_19.59832_80.350484,MH-002,19.59832,80.350484,100,65,cnn_train,0
MH-002_19.59832_80.350754,MH-002,19.59832,80.350754,100,66,cnn_train,0
MH-002_19.59832_80.351562,MH-002,19.59832,80.351562,100,69,cnn_train,0
MH-002_19.59832_80.351832,MH-002,19.59832,80.351832,100,70,cnn_train,1
MH-002_19.59832_80.35264,MH-002,19.59832,80.35264,100,73,cnn_train,0
MH-002_19.59832_80.35291,MH-002,19.59832,80.35291,100,74,cnn_train,0
MH-002_19.59832_80.353179,MH-002,19.59832,80.353179,100,75,cnn_train,0
MH-002_19.59832_80.353449,MH-002,19.59832,80.353449,100,76,cnn_train,0
MH-002_19.59832_80.353718,MH-002,19.59832,80.353718,100,77,cnn_train,0
MH-002_19.59832_80.353988,MH-002,19.59832,80.353988,100,78,cnn_train,0
MH-002_19.59832_80.354257,MH-002,19.59832,80.354257,100,79,cnn_train,0
MH-002_19.59832_80.354527,MH-002,19.59832,80.354527,100,80,cnn_train,0
MH-002_19.59832_80.354796,MH-002,19.59832,80.354796,100,81,cnn_train,0
MH-002_19.59832_80.355066,MH-002,19.59832,80.355066,100,82,cnn_train,0
MH-002_19.59832_80.355335,MH-002,19.59832,80.355335,100,83,cnn_train,0
MH-002_19.59832_80.355605,MH-002,19.59832,80.355605,100,84,cnn_train,0
MH-002_19.59832_80.355874,MH-002,19.59832,80.355874,100,85,cnn_train,0
MH-002_19.59832_80.356144,MH-002,19.59832,80.356144,100,86,cnn_train,1
MH-002_19.59832_80.356413,MH-002,19.59832,80.356413,100,87,cnn_train,1
MH-002_19.59832_80.356683,MH-002,19.59832,80.356683,100,88,cnn_train,1
MH-002_19.59832_80.356952,MH-002,19.59832,80.356952,100,89,cnn_train,1
MH-002_19.59832_80.357222,MH-002,19.59832,80.357222,100,90,cnn_train,1
MH-002_19.59832_80.357491,MH-002,19.59832,80.357491,100,91,cnn_train,1
MH-002_19.59832_80.376356,MH-002,19.59832,80.376356,100,161,cnn_test,0
MH-002_19.59832_80.376625,MH-002,19.59832,80.376625,100,162,cnn_test,0
MH-002_19.59832_80.376895,MH-002,19.59832,80.376895,100,163,cnn_test,0
MH-002_19.59832_80.377164,MH-002,19.59832,80.377164,100,164,cnn_test,0
MH-002_19.59832_80.377434,MH-002,19.59832,80.377434,100,165,cnn_test,0
MH-002_19.59832_80.377703,MH-002,19.59832,80.377703,100,166,cnn_test,1
MH-002_19.59832_80.377973,MH-002,19.59832,80.377973,100,167,cnn_test,1
MH-002_19.59832_80.378242,MH-002,19.59832,80.378242,100,168,cnn_test,1
MH-002_19.59832_80.378512,MH-002,19.59832,80.378512,100,169,cnn_test,0
MH-002_19.59832_80.378781,MH-002,19.59832,80.378781,100,170,cnn_test,0
MH-002_19.59832_80.379051,MH-002,19.59832,80.379051,100,171,cnn_test,0
MH-002_19.59832_80.37932,MH-002,19.59832,80.37932,100,172,cnn_test,0
MH-002_19.59832_80.37959,MH-002,19.59832,80.37959,100,173,cnn_test,0
MH-002_19.59832_80.379859,MH-002,19.59832,80.379859,100,174,cnn_test,0
MH-002_19.59832_80.380129,MH-002,19.59832,80.380129,100,175,cnn_test,0
MH-002_19.59832_80.380398,MH-002,19.59832,80.380398,100,176,cnn_test,0
MH-002_19.59805_80.338896,MH-002,19.59805,80.338896,101,22,cnn_train,0
MH-002_19.59805_80.339166,MH-002,19.59805,80.339166,101,23,cnn_train,0
MH-002_19.59805_80.339435,MH-002,19.59805,80.339435,101,24,cnn_train,0
MH-002_19.59805_80.339705,MH-002,19.59805,80.339705,101,25,cnn_train,0
MH-002_19.59805_80.340244,MH-002,19.59805,80.340244,101,27,cnn_train,0
MH-002_19.59805_80.340513,MH-002,19.59805,80.340513,101,28,cnn_train,0
MH-002_19.59805_80.340783,MH-002,19.59805,80.340783,101,29,cnn_train,0
MH-002_19.59805_80.342399,MH-002,19.59805,80.342399,101,35,cnn_train,0
MH-002_19.59805_80.342669,MH-002,19.59805,80.342669,101,36,cnn_train,1
MH-002_19.59805_80.342938,MH-002,19.59805,80.342938,101,37,cnn_train,1
MH-002_19.59805_80.344016,MH-002,19.59805,80.344016,101,41,cnn_train,0
MH-002_19.59805_80.344286,MH-002,19.59805,80.344286,101,42,cnn_train,1
MH-002_19.59805_80.344555,MH-002,19.59805,80.344555,101,43,cnn_train,1
MH-002_19.59805_80.344825,MH-002,19.59805,80.344825,101,44,cnn_train,0
MH-002_19.59805_80.345094,MH-002,19.59805,80.345094,101,45,cnn_train,0
MH-002_19.59805_80.345364,MH-002,19.59805,80.345364,101,46,cnn_train,0
MH-002_19.59805_80.345633,MH-002,19.59805,80.345633,101,47,cnn_train,0
MH-002_19.59805_80.345903,MH-002,19.59805,80.345903,101,48,cnn_train,0
MH-002_19.59805_80.346172,MH-002,19.59805,80.346172,101,49,cnn_train,0
MH-002_19.59805_80.346442,MH-002,19.59805,80.346442,101,50,cnn_train,0
MH-002_19.59805_80.346711,MH-002,19.59805,80.346711,101,51,cnn_train,0
MH-002_19.59805_80.346981,MH-002,19.59805,80.346981,101,52,cnn_train,0
MH-002_19.59805_80.34725,MH-002,19.59805,80.34725,101,53,cnn_train,0
MH-002_19.59805_80.34752,MH-002,19.59805,80.34752,101,54,cnn_train,0
MH-002_19.59805_80.348867,MH-002,19.59805,80.348867,101,59,cnn_train,0
MH-002_19.59805_80.349137,MH-002,19.59805,80.349137,101,60,cnn_train,0
MH-002_19.59805_80.349406,MH-002,19.59805,80.349406,101,61,cnn_train,0
MH-002_19.59805_80.349676,MH-002,19.59805,80.349676,101,62,cnn_train,0
MH-002_19.59805_80.350215,MH-002,19.59805,80.350215,101,64,cnn_train,0
MH-002_19.59805_80.350484,MH-002,19.59805,80.350484,101,65,cnn_train,0
MH-002_19.59805_80.350754,MH-002,19.59805,80.350754,101,66,cnn_train,0
MH-002_19.59805_80.351293,MH-002,19.59805,80.351293,101,68,cnn_train,0
MH-002_19.59805_80.351562,MH-002,19.59805,80.351562,101,69,cnn_train,0
MH-002_19.59805_80.351832,MH-002,19.59805,80.351832,101,70,cnn_train,0
MH-002_19.59805_80.352101,MH-002,19.59805,80.352101,101,71,cnn_train,0
MH-002_19.59805_80.352371,MH-002,19.59805,80.352371,101,72,cnn_train,0
MH-002_19.59805_80.353179,MH-002,19.59805,80.353179,101,75,cnn_train,0
MH-002_19.59805_80.353449,MH-002,19.59805,80.353449,101,76,cnn_train,0
MH-002_19.59805_80.353718,MH-002,19.59805,80.353718,101,77,cnn_train,0
MH-002_19.59805_80.353988,MH-002,19.59805,80.353988,101,78,cnn_train,0
MH-002_19.59805_80.354257,MH-002,19.59805,80.354257,101,79,cnn_train,0
MH-002_19.59805_80.354527,MH-002,19.59805,80.354527,101,80,cnn_train,0
MH-002_19.59805_80.354796,MH-002,19.59805,80.354796,101,81,cnn_train,0
MH-002_19.59805_80.355066,MH-002,19.59805,80.355066,101,82,cnn_train,0
MH-002_19.59805_80.355335,MH-002,19.59805,80.355335,101,83,cnn_train,0
MH-002_19.59805_80.355605,MH-002,19.59805,80.355605,101,84,cnn_train,0
MH-002_19.59805_80.355874,MH-002,19.59805,80.355874,101,85,cnn_train,0
MH-002_19.59805_80.356144,MH-002,19.59805,80.356144,101,86,cnn_train,0
MH-002_19.59805_80.356413,MH-002,19.59805,80.356413,101,87,cnn_train,0
MH-002_19.59805_80.356683,MH-002,19.59805,80.356683,101,88,cnn_train,1
MH-002_19.59805_80.356952,MH-002,19.59805,80.356952,101,89,cnn_train,1
MH-002_19.59805_80.357222,MH-002,19.59805,80.357222,101,90,cnn_train,1
MH-002_19.59805_80.357491,MH-002,19.59805,80.357491,101,91,cnn_train,1
MH-002_19.59805_80.376356,MH-002,19.59805,80.376356,101,161,cnn_test,0
MH-002_19.59805_80.376625,MH-002,19.59805,80.376625,101,162,cnn_test,0
MH-002_19.59805_80.376895,MH-002,19.59805,80.376895,101,163,cnn_test,0
MH-002_19.59805_80.377164,MH-002,19.59805,80.377164,101,164,cnn_test,1
MH-002_19.59805_80.377434,MH-002,19.59805,80.377434,101,165,cnn_test,1
MH-002_19.59805_80.377703,MH-002,19.59805,80.377703,101,166,cnn_test,1
MH-002_19.59805_80.377973,MH-002,19.59805,80.377973,101,167,cnn_test,0
MH-002_19.59805_80.378242,MH-002,19.59805,80.378242,101,168,cnn_test,0
MH-002_19.59805_80.378512,MH-002,19.59805,80.378512,101,169,cnn_test,0
MH-002_19.59805_80.378781,MH-002,19.59805,80.378781,101,170,cnn_test,0
MH-002_19.59805_80.379051,MH-002,19.59805,80.379051,101,171,cnn_test,0
MH-002_19.59805_80.37932,MH-002,19.59805,80.37932,101,172,cnn_test,0
MH-002_19.59805_80.37959,MH-002,19.59805,80.37959,101,173,cnn_test,0
MH-002_19.59805_80.379859,MH-002,19.59805,80.379859,101,174,cnn_test,0
MH-002_19.59805_80.380129,MH-002,19.59805,80.380129,101,175,cnn_test,0
MH-002_19.59805_80.380398,MH-002,19.59805,80.380398,101,176,cnn_test,0
MH-002_19.597781_80.338627,MH-002,19.597781,80.338627,102,21,cnn_train,0
MH-002_19.597781_80.339166,MH-002,19.597781,80.339166,102,23,cnn_train,0
MH-002_19.597781_80.339435,MH-002,19.597781,80.339435,102,24,cnn_train,0
MH-002_19.597781_80.341322,MH-002,19.597781,80.341322,102,31,cnn_train,0
MH-002_19.597781_80.341591,MH-002,19.597781,80.341591,102,32,cnn_train,0
MH-002_19.597781_80.342938,MH-002,19.597781,80.342938,102,37,cnn_train,0
MH-002_19.597781_80.343747,MH-002,19.597781,80.343747,102,40,cnn_train,0
MH-002_19.597781_80.344555,MH-002,19.597781,80.344555,102,43,cnn_train,1
MH-002_19.597781_80.344825,MH-002,19.597781,80.344825,102,44,cnn_train,1
MH-002_19.597781_80.345094,MH-002,19.597781,80.345094,102,45,cnn_train,0
MH-002_19.597781_80.345364,MH-002,19.597781,80.345364,102,46,cnn_train,0
MH-002_19.597781_80.345633,MH-002,19.597781,80.345633,102,47,cnn_train,0
MH-002_19.597781_80.345903,MH-002,19.597781,80.345903,102,48,cnn_train,0
MH-002_19.597781_80.346172,MH-002,19.597781,80.346172,102,49,cnn_train,0
MH-002_19.597781_80.346442,MH-002,19.597781,80.346442,102,50,cnn_train,0
MH-002_19.597781_80.346711,MH-002,19.597781,80.346711,102,51,cnn_train,0
MH-002_19.597781_80.346981,MH-002,19.597781,80.346981,102,52,cnn_train,0
MH-002_19.597781_80.34725,MH-002,19.597781,80.34725,102,53,cnn_train,0
MH-002_19.597781_80.34752,MH-002,19.597781,80.34752,102,54,cnn_train,0
MH-002_19.597781_80.347789,MH-002,19.597781,80.347789,102,55,cnn_train,0
MH-002_19.597781_80.349137,MH-002,19.597781,80.349137,102,60,cnn_train,0
MH-002_19.597781_80.349406,MH-002,19.597781,80.349406,102,61,cnn_train,0
MH-002_19.597781_80.349676,MH-002,19.597781,80.349676,102,62,cnn_train,0
MH-002_19.597781_80.351562,MH-002,19.597781,80.351562,102,69,cnn_train,0
MH-002_19.597781_80.351832,MH-002,19.597781,80.351832,102,70,cnn_train,0
MH-002_19.597781_80.352101,MH-002,19.597781,80.352101,102,71,cnn_train,0
MH-002_19.597781_80.352371,MH-002,19.597781,80.352371,102,72,cnn_train,0
MH-002_19.597781_80.35264,MH-002,19.597781,80.35264,102,73,cnn_train,0
MH-002_19.597781_80.35291,MH-002,19.597781,80.35291,102,74,cnn_train,0
MH-002_19.597781_80.353718,MH-002,19.597781,80.353718,102,77,cnn_train,0
MH-002_19.597781_80.353988,MH-002,19.597781,80.353988,102,78,cnn_train,0
MH-002_19.597781_80.354257,MH-002,19.597781,80.354257,102,79,cnn_train,0
MH-002_19.597781_80.354527,MH-002,19.597781,80.354527,102,80,cnn_train,0
MH-002_19.597781_80.354796,MH-002,19.597781,80.354796,102,81,cnn_train,0
MH-002_19.597781_80.355066,MH-002,19.597781,80.355066,102,82,cnn_train,0
MH-002_19.597781_80.355335,MH-002,19.597781,80.355335,102,83,cnn_train,0
MH-002_19.597781_80.355605,MH-002,19.597781,80.355605,102,84,cnn_train,0
MH-002_19.597781_80.355874,MH-002,19.597781,80.355874,102,85,cnn_train,0
MH-002_19.597781_80.356144,MH-002,19.597781,80.356144,102,86,cnn_train,0
MH-002_19.597781_80.356413,MH-002,19.597781,80.356413,102,87,cnn_train,0
MH-002_19.597781_80.356683,MH-002,19.597781,80.356683,102,88,cnn_train,0
MH-002_19.597781_80.356952,MH-002,19.597781,80.356952,102,89,cnn_train,1
MH-002_19.597781_80.357222,MH-002,19.597781,80.357222,102,90,cnn_train,1
MH-002_19.597781_80.357491,MH-002,19.597781,80.357491,102,91,cnn_train,1
MH-002_19.597781_80.376356,MH-002,19.597781,80.376356,102,161,cnn_test,0
MH-002_19.597781_80.376625,MH-002,19.597781,80.376625,102,162,cnn_test,0
MH-002_19.597781_80.376895,MH-002,19.597781,80.376895,102,163,cnn_test,1
MH-002_19.597781_80.377164,MH-002,19.597781,80.377164,102,164,cnn_test,1
MH-002_19.597781_80.377434,MH-002,19.597781,80.377434,102,165,cnn_test,1
MH-002_19.597781_80.377703,MH-002,19.597781,80.377703,102,166,cnn_test,0
MH-002_19.597781_80.377973,MH-002,19.597781,80.377973,102,167,cnn_test,0
MH-002_19.597781_80.378242,MH-002,19.597781,80.378242,102,168,cnn_test,0
MH-002_19.597781_80.378512,MH-002,19.597781,80.378512,102,169,cnn_test,1
MH-002_19.597781_80.378781,MH-002,19.597781,80.378781,102,170,cnn_test,1
MH-002_19.597781_80.379051,MH-002,19.597781,80.379051,102,171,cnn_test,1
MH-002_19.597781_80.37932,MH-002,19.597781,80.37932,102,172,cnn_test,0
MH-002_19.597781_80.37959,MH-002,19.597781,80.37959,102,173,cnn_test,0
MH-002_19.597781_80.379859,MH-002,19.597781,80.379859,102,174,cnn_test,0
MH-002_19.597781_80.380129,MH-002,19.597781,80.380129,102,175,cnn_test,0
MH-002_19.597781_80.380398,MH-002,19.597781,80.380398,102,176,cnn_test,0
MH-002_19.597511_80.339166,MH-002,19.597511,80.339166,103,23,cnn_train,0
MH-002_19.597511_80.339435,MH-002,19.597511,80.339435,103,24,cnn_train,0
MH-002_19.597511_80.339705,MH-002,19.597511,80.339705,103,25,cnn_train,0
MH-002_19.597511_80.339974,MH-002,19.597511,80.339974,103,26,cnn_train,0
MH-002_19.597511_80.340783,MH-002,19.597511,80.340783,103,29,cnn_train,0
MH-002_19.597511_80.341052,MH-002,19.597511,80.341052,103,30,cnn_train,0
MH-002_19.597511_80.341322,MH-002,19.597511,80.341322,103,31,cnn_train,0
MH-002_19.597511_80.341591,MH-002,19.597511,80.341591,103,32,cnn_train,0
MH-002_19.597511_80.34186,MH-002,19.597511,80.34186,103,33,cnn_train,0
MH-002_19.597511_80.34213,MH-002,19.597511,80.34213,103,34,cnn_train,0
MH-002_19.597511_80.342399,MH-002,19.597511,80.342399,103,35,cnn_train,0
MH-002_19.597511_80.343477,MH-002,19.597511,80.343477,103,39,cnn_train,0
MH-002_19.597511_80.343747,MH-002,19.597511,80.343747,103,40,cnn_train,0
MH-002_19.597511_80.344016,MH-002,19.597511,80.344016,103,41,cnn_train,0
MH-002_19.597511_80.344825,MH-002,19.597511,80.344825,103,44,cnn_train,0
MH-002_19.597511_80.345094,MH-002,19.597511,80.345094,103,45,cnn_train,0
MH-002_19.597511_80.345364,MH-002,19.597511,80.345364,103,46,cnn_train,0
MH-002_19.597511_80.345633,MH-002,19.597511,80.345633,103,47,cnn_train,0
MH-002_19.597511_80.345903,MH-002,19.597511,80.345903,103,48,cnn_train,0
MH-002_19.597511_80.346172,MH-002,19.597511,80.346172,103,49,cnn_train,0
MH-002_19.597511_80.346442,MH-002,19.597511,80.346442,103,50,cnn_train,0
MH-002_19.597511_80.346711,MH-002,19.597511,80.346711,103,51,cnn_train,0
MH-002_19.597511_80.346981,MH-002,19.597511,80.346981,103,52,cnn_train,0
MH-002_19.597511_80.34725,MH-002,19.597511,80.34725,103,53,cnn_train,0
MH-002_19.597511_80.34752,MH-002,19.597511,80.34752,103,54,cnn_train,0
MH-002_19.597511_80.347789,MH-002,19.597511,80.347789,103,55,cnn_train,0
MH-002_19.597511_80.348059,MH-002,19.597511,80.348059,103,56,cnn_train,0
MH-002_19.597511_80.351832,MH-002,19.597511,80.351832,103,70,cnn_train,0
MH-002_19.597511_80.352101,MH-002,19.597511,80.352101,103,71,cnn_train,0
MH-002_19.597511_80.352371,MH-002,19.597511,80.352371,103,72,cnn_train,0
MH-002_19.597511_80.35264,MH-002,19.597511,80.35264,103,73,cnn_train,0
MH-002_19.597511_80.35291,MH-002,19.597511,80.35291,103,74,cnn_train,0
MH-002_19.597511_80.353179,MH-002,19.597511,80.353179,103,75,cnn_train,0
MH-002_19.597511_80.353988,MH-002,19.597511,80.353988,103,78,cnn_train,0
MH-002_19.597511_80.354257,MH-002,19.597511,80.354257,103,79,cnn_train,0
MH-002_19.597511_80.354527,MH-002,19.597511,80.354527,103,80,cnn_train,0
MH-002_19.597511_80.355335,MH-002,19.597511,80.355335,103,83,cnn_train,0
MH-002_19.597511_80.355605,MH-002,19.597511,80.355605,103,84,cnn_train,0
MH-002_19.597511_80.355874,MH-002,19.597511,80.355874,103,85,cnn_train,0
MH-002_19.597511_80.356144,MH-002,19.597511,80.356144,103,86,cnn_train,0
MH-002_19.597511_80.356413,MH-002,19.597511,80.356413,103,87,cnn_train,0
MH-002_19.597511_80.356683,MH-002,19.597511,80.356683,103,88,cnn_train,0
MH-002_19.597511_80.356952,MH-002,19.597511,80.356952,103,89,cnn_train,1
MH-002_19.597511_80.357222,MH-002,19.597511,80.357222,103,90,cnn_train,1
MH-002_19.597511_80.357491,MH-002,19.597511,80.357491,103,91,cnn_train,1
MH-002_19.597511_80.376356,MH-002,19.597511,80.376356,103,161,cnn_test,0
MH-002_19.597511_80.376625,MH-002,19.597511,80.376625,103,162,cnn_test,0
MH-002_19.597511_80.376895,MH-002,19.597511,80.376895,103,163,cnn_test,0
MH-002_19.597511_80.377164,MH-002,19.597511,80.377164,103,164,cnn_test,1
MH-002_19.597511_80.377434,MH-002,19.597511,80.377434,103,165,cnn_test,0
MH-002_19.597511_80.377703,MH-002,19.597511,80.377703,103,166,cnn_test,0
MH-002_19.597511_80.377973,MH-002,19.597511,80.377973,103,167,cnn_test,0
MH-002_19.597511_80.378242,MH-002,19.597511,80.378242,103,168,cnn_test,0
MH-002_19.597511_80.378512,MH-002,19.597511,80.378512,103,169,cnn_test,1
MH-002_19.597511_80.378781,MH-002,19.597511,80.378781,103,170,cnn_test,1
MH-002_19.597511_80.379051,MH-002,19.597511,80.379051,103,171,cnn_test,0
MH-002_19.597511_80.37932,MH-002,19.597511,80.37932,103,172,cnn_test,0
MH-002_19.597511_80.37959,MH-002,19.597511,80.37959,103,173,cnn_test,0
MH-002_19.597511_80.379859,MH-002,19.597511,80.379859,103,174,cnn_test,0
MH-002_19.597511_80.380129,MH-002,19.597511,80.380129,103,175,cnn_test,0
MH-002_19.597511_80.380398,MH-002,19.597511,80.380398,103,176,cnn_test,0
MH-002_19.597242_80.338896,MH-002,19.597242,80.338896,104,22,cnn_train,0
MH-002_19.597242_80.339166,MH-002,19.597242,80.339166,104,23,cnn_train,0
MH-002_19.597242_80.339435,MH-002,19.597242,80.339435,104,24,cnn_train,0
MH-002_19.597242_80.339705,MH-002,19.597242,80.339705,104,25,cnn_train,0
MH-002_19.597242_80.339974,MH-002,19.597242,80.339974,104,26,cnn_train,0
MH-002_19.597242_80.340244,MH-002,19.597242,80.340244,104,27,cnn_train,0
MH-002_19.597242_80.340513,MH-002,19.597242,80.340513,104,28,cnn_train,0
MH-002_19.597242_80.340783,MH-002,19.597242,80.340783,104,29,cnn_train,0
MH-002_19.597242_80.341052,MH-002,19.597242,80.341052,104,30,cnn_train,0
MH-002_19.597242_80.341322,MH-002,19.597242,80.341322,104,31,cnn_train,0
MH-002_19.597242_80.341591,MH-002,19.597242,80.341591,104,32,cnn_train,0
MH-002_19.597242_80.34186,MH-002,19.597242,80.34186,104,33,cnn_train,0
MH-002_19.597242_80.34213,MH-002,19.597242,80.34213,104,34,cnn_train,0
MH-002_19.597242_80.342399,MH-002,19.597242,80.342399,104,35,cnn_train,0
MH-002_19.597242_80.342669,MH-002,19.597242,80.342669,104,36,cnn_train,0
MH-002_19.597242_80.343208,MH-002,19.597242,80.343208,104,38,cnn_train,0
MH-002_19.597242_80.343477,MH-002,19.597242,80.343477,104,39,cnn_train,0
MH-002_19.597242_80.343747,MH-002,19.597242,80.343747,104,40,cnn_train,0
MH-002_19.597242_80.344016,MH-002,19.597242,80.344016,104,41,cnn_train,0
MH-002_19.597242_80.344286,MH-002,19.597242,80.344286,104,42,cnn_train,0
MH-002_19.597242_80.344555,MH-002,19.597242,80.344555,104,43,cnn_train,0
MH-002_19.597242_80.345094,MH-002,19.597242,80.345094,104,45,cnn_train,0
MH-002_19.597242_80.345364,MH-002,19.597242,80.345364,104,46,cnn_train,0
MH-002_19.597242_80.345633,MH-002,19.597242,80.345633,104,47,cnn_train,0
MH-002_19.597242_80.345903,MH-002,19.597242,80.345903,104,48,cnn_train,0
MH-002_19.597242_80.346172,MH-002,19.597242,80.346172,104,49,cnn_train,0
MH-002_19.597242_80.346442,MH-002,19.597242,80.346442,104,50,cnn_train,0
MH-002_19.597242_80.346711,MH-002,19.597242,80.346711,104,51,cnn_train,0
MH-002_19.597242_80.346981,MH-002,19.597242,80.346981,104,52,cnn_train,0
MH-002_19.597242_80.34725,MH-002,19.597242,80.34725,104,53,cnn_train,0
MH-002_19.597242_80.34752,MH-002,19.597242,80.34752,104,54,cnn_train,0
MH-002_19.597242_80.347789,MH-002,19.597242,80.347789,104,55,cnn_train,0
MH-002_19.597242_80.348059,MH-002,19.597242,80.348059,104,56,cnn_train,0
MH-002_19.597242_80.348598,MH-002,19.597242,80.348598,104,58,cnn_train,0
MH-002_19.597242_80.352101,MH-002,19.597242,80.352101,104,71,cnn_train,0
MH-002_19.597242_80.352371,MH-002,19.597242,80.352371,104,72,cnn_train,0
MH-002_19.597242_80.35264,MH-002,19.597242,80.35264,104,73,cnn_train,0
MH-002_19.597242_80.35291,MH-002,19.597242,80.35291,104,74,cnn_train,0
MH-002_19.597242_80.353718,MH-002,19.597242,80.353718,104,77,cnn_train,0
MH-002_19.597242_80.353988,MH-002,19.597242,80.353988,104,78,cnn_train,0
MH-002_19.597242_80.354257,MH-002,19.597242,80.354257,104,79,cnn_train,0
MH-002_19.597242_80.354527,MH-002,19.597242,80.354527,104,80,cnn_train,0
MH-002_19.597242_80.355335,MH-002,19.597242,80.355335,104,83,cnn_train,0
MH-002_19.597242_80.355605,MH-002,19.597242,80.355605,104,84,cnn_train,0
MH-002_19.597242_80.355874,MH-002,19.597242,80.355874,104,85,cnn_train,0
MH-002_19.597242_80.356144,MH-002,19.597242,80.356144,104,86,cnn_train,0
MH-002_19.597242_80.356413,MH-002,19.597242,80.356413,104,87,cnn_train,0
MH-002_19.597242_80.356683,MH-002,19.597242,80.356683,104,88,cnn_train,0
MH-002_19.597242_80.356952,MH-002,19.597242,80.356952,104,89,cnn_train,0
MH-002_19.597242_80.357222,MH-002,19.597242,80.357222,104,90,cnn_train,1
MH-002_19.597242_80.357491,MH-002,19.597242,80.357491,104,91,cnn_train,1
MH-002_19.597242_80.376356,MH-002,19.597242,80.376356,104,161,cnn_test,0
MH-002_19.597242_80.376625,MH-002,19.597242,80.376625,104,162,cnn_test,0
MH-002_19.597242_80.376895,MH-002,19.597242,80.376895,104,163,cnn_test,0
MH-002_19.597242_80.377164,MH-002,19.597242,80.377164,104,164,cnn_test,1
MH-002_19.597242_80.377434,MH-002,19.597242,80.377434,104,165,cnn_test,1
MH-002_19.597242_80.377703,MH-002,19.597242,80.377703,104,166,cnn_test,0
MH-002_19.597242_80.377973,MH-002,19.597242,80.377973,104,167,cnn_test,0
MH-002_19.597242_80.378242,MH-002,19.597242,80.378242,104,168,cnn_test,0
MH-002_19.597242_80.378512,MH-002,19.597242,80.378512,104,169,cnn_test,0
MH-002_19.597242_80.378781,MH-002,19.597242,80.378781,104,170,cnn_test,0
MH-002_19.597242_80.379051,MH-002,19.597242,80.379051,104,171,cnn_test,0
MH-002_19.597242_80.37932,MH-002,19.597242,80.37932,104,172,cnn_test,0
MH-002_19.597242_80.37959,MH-002,19.597242,80.37959,104,173,cnn_test,0
MH-002_19.597242_80.379859,MH-002,19.597242,80.379859,104,174,cnn_test,0
MH-002_19.597242_80.380129,MH-002,19.597242,80.380129,104,175,cnn_test,0
MH-002_19.597242_80.380398,MH-002,19.597242,80.380398,104,176,cnn_test,0
MH-002_19.596973_80.338088,MH-002,19.596973,80.338088,105,19,cnn_train,0
MH-002_19.596973_80.338357,MH-002,19.596973,80.338357,105,20,cnn_train,0
MH-002_19.596973_80.338627,MH-002,19.596973,80.338627,105,21,cnn_train,0
MH-002_19.596973_80.338896,MH-002,19.596973,80.338896,105,22,cnn_train,0
MH-002_19.596973_80.339166,MH-002,19.596973,80.339166,105,23,cnn_train,0
MH-002_19.596973_80.339435,MH-002,19.596973,80.339435,105,24,cnn_train,0
MH-002_19.596973_80.339705,MH-002,19.596973,80.339705,105,25,cnn_train,0
MH-002_19.596973_80.339974,MH-002,19.596973,80.339974,105,26,cnn_train,0
MH-002_19.596973_80.340244,MH-002,19.596973,80.340244,105,27,cnn_train,0
MH-002_19.596973_80.340513,MH-002,19.596973,80.340513,105,28,cnn_train,0
MH-002_19.596973_80.340783,MH-002,19.596973,80.340783,105,29,cnn_train,0
MH-002_19.596973_80.341052,MH-002,19.596973,80.341052,105,30,cnn_train,0
MH-002_19.596973_80.341322,MH-002,19.596973,80.341322,105,31,cnn_train,0
MH-002_19.596973_80.341591,MH-002,19.596973,80.341591,105,32,cnn_train,0
MH-002_19.596973_80.34186,MH-002,19.596973,80.34186,105,33,cnn_train,0
MH-002_19.596973_80.34213,MH-002,19.596973,80.34213,105,34,cnn_train,0
MH-002_19.596973_80.342399,MH-002,19.596973,80.342399,105,35,cnn_train,0
MH-002_19.596973_80.342669,MH-002,19.596973,80.342669,105,36,cnn_train,0
MH-002_19.596973_80.343208,MH-002,19.596973,80.343208,105,38,cnn_train,0
MH-002_19.596973_80.343477,MH-002,19.596973,80.343477,105,39,cnn_train,0
MH-002_19.596973_80.343747,MH-002,19.596973,80.343747,105,40,cnn_train,0
MH-002_19.596973_80.344016,MH-002,19.596973,80.344016,105,41,cnn_train,0
MH-002_19.596973_80.344286,MH-002,19.596973,80.344286,105,42,cnn_train,0
MH-002_19.596973_80.344555,MH-002,19.596973,80.344555,105,43,cnn_train,0
MH-002_19.596973_80.345364,MH-002,19.596973,80.345364,105,46,cnn_train,0
MH-002_19.596973_80.345633,MH-002,19.596973,80.345633,105,47,cnn_train,0
MH-002_19.596973_80.345903,MH-002,19.596973,80.345903,105,48,cnn_train,0
MH-002_19.596973_80.346172,MH-002,19.596973,80.346172,105,49,cnn_train,0
MH-002_19.596973_80.346442,MH-002,19.596973,80.346442,105,50,cnn_train,0
MH-002_19.596973_80.346711,MH-002,19.596973,80.346711,105,51,cnn_train,1
MH-002_19.596973_80.346981,MH-002,19.596973,80.346981,105,52,cnn_train,0
MH-002_19.596973_80.34725,MH-002,19.596973,80.34725,105,53,cnn_train,0
MH-002_19.596973_80.34752,MH-002,19.596973,80.34752,105,54,cnn_train,0
MH-002_19.596973_80.347789,MH-002,19.596973,80.347789,105,55,cnn_train,0
MH-002_19.596973_80.348328,MH-002,19.596973,80.348328,105,57,cnn_train,0
MH-002_19.596973_80.348598,MH-002,19.596973,80.348598,105,58,cnn_train,0
MH-002_19.596973_80.348867,MH-002,19.596973,80.348867,105,59,cnn_train,0
MH-002_19.596973_80.351562,MH-002,19.596973,80.351562,105,69,cnn_train,0
MH-002_19.596973_80.352371,MH-002,19.596973,80.352371,105,72,cnn_train,1
MH-002_19.596973_80.35264,MH-002,19.596973,80.35264,105,73,cnn_train,0
MH-002_19.596973_80.353449,MH-002,19.596973,80.353449,105,76,cnn_train,0
MH-002_19.596973_80.353988,MH-002,19.596973,80.353988,105,78,cnn_train,0
MH-002_19.596973_80.354257,MH-002,19.596973,80.354257,105,79,cnn_train,0
MH-002_19.596973_80.354527,MH-002,19.596973,80.354527,105,80,cnn_train,0
MH-002_19.596973_80.354796,MH-002,19.596973,80.354796,105,81,cnn_train,0
MH-002_19.596973_80.355066,MH-002,19.596973,80.355066,105,82,cnn_train,0
MH-002_19.596973_80.355335,MH-002,19.596973,80.355335,105,83,cnn_train,0
MH-002_19.596973_80.355605,MH-002,19.596973,80.355605,105,84,cnn_train,0
MH-002_19.596973_80.355874,MH-002,19.596973,80.355874,105,85,cnn_train,0
MH-002_19.596973_80.356144,MH-002,19.596973,80.356144,105,86,cnn_train,0
MH-002_19.596973_80.356413,MH-002,19.596973,80.356413,105,87,cnn_train,0
MH-002_19.596973_80.356683,MH-002,19.596973,80.356683,105,88,cnn_train,0
MH-002_19.596973_80.356952,MH-002,19.596973,80.356952,105,89,cnn_train,0
MH-002_19.596973_80.357222,MH-002,19.596973,80.357222,105,90,cnn_train,0
MH-002_19.596973_80.357491,MH-002,19.596973,80.357491,105,91,cnn_train,0
MH-002_19.596973_80.376356,MH-002,19.596973,80.376356,105,161,cnn_test,0
MH-002_19.596973_80.376625,MH-002,19.596973,80.376625,105,162,cnn_test,0
MH-002_19.596973_80.376895,MH-002,19.596973,80.376895,105,163,cnn_test,0
MH-002_19.596973_80.377164,MH-002,19.596973,80.377164,105,164,cnn_test,1
MH-002_19.596973_80.377434,MH-002,19.596973,80.377434,105,165,cnn_test,1
MH-002_19.596973_80.377703,MH-002,19.596973,80.377703,105,166,cnn_test,0
MH-002_19.596973_80.377973,MH-002,19.596973,80.377973,105,167,cnn_test,0
MH-002_19.596973_80.378242,MH-002,19.596973,80.378242,105,168,cnn_test,0
MH-002_19.596973_80.378512,MH-002,19.596973,80.378512,105,169,cnn_test,0
MH-002_19.596973_80.378781,MH-002,19.596973,80.378781,105,170,cnn_test,0
MH-002_19.596973_80.379051,MH-002,19.596973,80.379051,105,171,cnn_test,0
MH-002_19.596973_80.37932,MH-002,19.596973,80.37932,105,172,cnn_test,0
MH-002_19.596973_80.37959,MH-002,19.596973,80.37959,105,173,cnn_test,0
MH-002_19.596973_80.379859,MH-002,19.596973,80.379859,105,174,cnn_test,0
MH-002_19.596973_80.380129,MH-002,19.596973,80.380129,105,175,cnn_test,0
MH-002_19.596973_80.380398,MH-002,19.596973,80.380398,105,176,cnn_test,0
MH-002_19.596703_80.337818,MH-002,19.596703,80.337818,106,18,cnn_train,0
MH-002_19.596703_80.338088,MH-002,19.596703,80.338088,106,19,cnn_train,0
MH-002_19.596703_80.338357,MH-002,19.596703,80.338357,106,20,cnn_train,0
MH-002_19.596703_80.338627,MH-002,19.596703,80.338627,106,21,cnn_train,0
MH-002_19.596703_80.338896,MH-002,19.596703,80.338896,106,22,cnn_train,0
MH-002_19.596703_80.339166,MH-002,19.596703,80.339166,106,23,cnn_train,0
MH-002_19.596703_80.339435,MH-002,19.596703,80.339435,106,24,cnn_train,0
MH-002_19.596703_80.339705,MH-002,19.596703,80.339705,106,25,cnn_train,0
MH-002_19.596703_80.339974,MH-002,19.596703,80.339974,106,26,cnn_train,0
MH-002_19.596703_80.340244,MH-002,19.596703,80.340244,106,27,cnn_train,0
MH-002_19.596703_80.340513,MH-002,19.596703,80.340513,106,28,cnn_train,0
MH-002_19.596703_80.340783,MH-002,19.596703,80.340783,106,29,cnn_train,0
MH-002_19.596703_80.341052,MH-002,19.596703,80.341052,106,30,cnn_train,0
MH-002_19.596703_80.341322,MH-002,19.596703,80.341322,106,31,cnn_train,0
MH-002_19.596703_80.341591,MH-002,19.596703,80.341591,106,32,cnn_train,0
MH-002_19.596703_80.34186,MH-002,19.596703,80.34186,106,33,cnn_train,0
MH-002_19.596703_80.34213,MH-002,19.596703,80.34213,106,34,cnn_train,0
MH-002_19.596703_80.342399,MH-002,19.596703,80.342399,106,35,cnn_train,0
MH-002_19.596703_80.342669,MH-002,19.596703,80.342669,106,36,cnn_train,0
MH-002_19.596703_80.343208,MH-002,19.596703,80.343208,106,38,cnn_train,0
MH-002_19.596703_80.343477,MH-002,19.596703,80.343477,106,39,cnn_train,0
MH-002_19.596703_80.343747,MH-002,19.596703,80.343747,106,40,cnn_train,0
MH-002_19.596703_80.344016,MH-002,19.596703,80.344016,106,41,cnn_train,0
MH-002_19.596703_80.344286,MH-002,19.596703,80.344286,106,42,cnn_train,0
MH-002_19.596703_80.344555,MH-002,19.596703,80.344555,106,43,cnn_train,0
MH-002_19.596703_80.345364,MH-002,19.596703,80.345364,106,46,cnn_train,0
MH-002_19.596703_80.345633,MH-002,19.596703,80.345633,106,47,cnn_train,0
MH-002_19.596703_80.345903,MH-002,19.596703,80.345903,106,48,cnn_train,0
MH-002_19.596703_80.346172,MH-002,19.596703,80.346172,106,49,cnn_train,0
MH-002_19.596703_80.346442,MH-002,19.596703,80.346442,106,50,cnn_train,0
MH-002_19.596703_80.346711,MH-002,19.596703,80.346711,106,51,cnn_train,0
MH-002_19.596703_80.346981,MH-002,19.596703,80.346981,106,52,cnn_train,0
MH-002_19.596703_80.34725,MH-002,19.596703,80.34725,106,53,cnn_train,0
MH-002_19.596703_80.34752,MH-002,19.596703,80.34752,106,54,cnn_train,0
MH-002_19.596703_80.347789,MH-002,19.596703,80.347789,106,55,cnn_train,0
MH-002_19.596703_80.348598,MH-002,19.596703,80.348598,106,58,cnn_train,0
MH-002_19.596703_80.348867,MH-002,19.596703,80.348867,106,59,cnn_train,0
MH-002_19.596703_80.351293,MH-002,19.596703,80.351293,106,68,cnn_train,0
MH-002_19.596703_80.351562,MH-002,19.596703,80.351562,106,69,cnn_train,0
MH-002_19.596703_80.352371,MH-002,19.596703,80.352371,106,72,cnn_train,0
MH-002_19.596703_80.35264,MH-002,19.596703,80.35264,106,73,cnn_train,0
MH-002_19.596703_80.35291,MH-002,19.596703,80.35291,106,74,cnn_train,0
MH-002_19.596703_80.353179,MH-002,19.596703,80.353179,106,75,cnn_train,0
MH-002_19.596703_80.353449,MH-002,19.596703,80.353449,106,76,cnn_train,0
MH-002_19.596703_80.353718,MH-002,19.596703,80.353718,106,77,cnn_train,0
MH-002_19.596703_80.353988,MH-002,19.596703,80.353988,106,78,cnn_train,0
MH-002_19.596703_80.354257,MH-002,19.596703,80.354257,106,79,cnn_train,0
MH-002_19.596703_80.354527,MH-002,19.596703,80.354527,106,80,cnn_train,0
MH-002_19.596703_80.354796,MH-002,19.596703,80.354796,106,81,cnn_train,0
MH-002_19.596703_80.355066,MH-002,19.596703,80.355066,106,82,cnn_train,0
MH-002_19.596703_80.355335,MH-002,19.596703,80.355335,106,83,cnn_train,0
MH-002_19.596703_80.355605,MH-002,19.596703,80.355605,106,84,cnn_train,0
MH-002_19.596703_80.355874,MH-002,19.596703,80.355874,106,85,cnn_train,0
MH-002_19.596703_80.356144,MH-002,19.596703,80.356144,106,86,cnn_train,0
MH-002_19.596703_80.356413,MH-002,19.596703,80.356413,106,87,cnn_train,0
MH-002_19.596703_80.356683,MH-002,19.596703,80.356683,106,88,cnn_train,0
MH-002_19.596703_80.356952,MH-002,19.596703,80.356952,106,89,cnn_train,0
MH-002_19.596703_80.357222,MH-002,19.596703,80.357222,106,90,cnn_train,0
MH-002_19.596703_80.357491,MH-002,19.596703,80.357491,106,91,cnn_train,0
MH-002_19.596703_80.376356,MH-002,19.596703,80.376356,106,161,cnn_test,0
MH-002_19.596703_80.376625,MH-002,19.596703,80.376625,106,162,cnn_test,0
MH-002_19.596703_80.376895,MH-002,19.596703,80.376895,106,163,cnn_test,0
MH-002_19.596703_80.377164,MH-002,19.596703,80.377164,106,164,cnn_test,0
MH-002_19.596703_80.377434,MH-002,19.596703,80.377434,106,165,cnn_test,1
MH-002_19.596703_80.377703,MH-002,19.596703,80.377703,106,166,cnn_test,0
MH-002_19.596703_80.377973,MH-002,19.596703,80.377973,106,167,cnn_test,0
MH-002_19.596703_80.378242,MH-002,19.596703,80.378242,106,168,cnn_test,0
MH-002_19.596703_80.378512,MH-002,19.596703,80.378512,106,169,cnn_test,0
MH-002_19.596703_80.378781,MH-002,19.596703,80.378781,106,170,cnn_test,0
MH-002_19.596703_80.379051,MH-002,19.596703,80.379051,106,171,cnn_test,0
MH-002_19.596703_80.37932,MH-002,19.596703,80.37932,106,172,cnn_test,0
MH-002_19.596703_80.37959,MH-002,19.596703,80.37959,106,173,cnn_test,0
MH-002_19.596703_80.379859,MH-002,19.596703,80.379859,106,174,cnn_test,0
MH-002_19.596703_80.380129,MH-002,19.596703,80.380129,106,175,cnn_test,0
MH-002_19.596703_80.380398,MH-002,19.596703,80.380398,106,176,cnn_test,0
MH-002_19.596434_80.337549,MH-002,19.596434,80.337549,107,17,cnn_train,0
MH-002_19.596434_80.337818,MH-002,19.596434,80.337818,107,18,cnn_train,0
MH-002_19.596434_80.338088,MH-002,19.596434,80.338088,107,19,cnn_train,0
MH-002_19.596434_80.338357,MH-002,19.596434,80.338357,107,20,cnn_train,0
MH-002_19.596434_80.338627,MH-002,19.596434,80.338627,107,21,cnn_train,0
MH-002_19.596434_80.338896,MH-002,19.596434,80.338896,107,22,cnn_train,0
MH-002_19.596434_80.339166,MH-002,19.596434,80.339166,107,23,cnn_train,0
MH-002_19.596434_80.339435,MH-002,19.596434,80.339435,107,24,cnn_train,0
MH-002_19.596434_80.339705,MH-002,19.596434,80.339705,107,25,cnn_train,0
MH-002_19.596434_80.339974,MH-002,19.596434,80.339974,107,26,cnn_train,0
MH-002_19.596434_80.340244,MH-002,19.596434,80.340244,107,27,cnn_train,0
MH-002_19.596434_80.340513,MH-002,19.596434,80.340513,107,28,cnn_train,0
MH-002_19.596434_80.340783,MH-002,19.596434,80.340783,107,29,cnn_train,0
MH-002_19.596434_80.341052,MH-002,19.596434,80.341052,107,30,cnn_train,0
MH-002_19.596434_80.341322,MH-002,19.596434,80.341322,107,31,cnn_train,0
MH-002_19.596434_80.341591,MH-002,19.596434,80.341591,107,32,cnn_train,0
MH-002_19.596434_80.34186,MH-002,19.596434,80.34186,107,33,cnn_train,0
MH-002_19.596434_80.34213,MH-002,19.596434,80.34213,107,34,cnn_train,0
MH-002_19.596434_80.342399,MH-002,19.596434,80.342399,107,35,cnn_train,0
MH-002_19.596434_80.342669,MH-002,19.596434,80.342669,107,36,cnn_train,0
MH-002_19.596434_80.343477,MH-002,19.596434,80.343477,107,39,cnn_train,0
MH-002_19.596434_80.343747,MH-002,19.596434,80.343747,107,40,cnn_train,0
MH-002_19.596434_80.344016,MH-002,19.596434,80.344016,107,41,cnn_train,0
MH-002_19.596434_80.345364,MH-002,19.596434,80.345364,107,46,cnn_train,0
MH-002_19.596434_80.345633,MH-002,19.596434,80.345633,107,47,cnn_train,0
MH-002_19.596434_80.345903,MH-002,19.596434,80.345903,107,48,cnn_train,0
MH-002_19.596434_80.346172,MH-002,19.596434,80.346172,107,49,cnn_train,0
MH-002_19.596434_80.34752,MH-002,19.596434,80.34752,107,54,cnn_train,0
MH-002_19.596434_80.347789,MH-002,19.596434,80.347789,107,55,cnn_train,0
MH-002_19.596434_80.348598,MH-002,19.596434,80.348598,107,58,cnn_train,0
MH-002_19.596434_80.348867,MH-002,19.596434,80.348867,107,59,cnn_train,0
MH-002_19.596434_80.350754,MH-002,19.596434,80.350754,107,66,cnn_train,0
MH-002_19.596434_80.351023,MH-002,19.596434,80.351023,107,67,cnn_train,0
MH-002_19.596434_80.351293,MH-002,19.596434,80.351293,107,68,cnn_train,0
MH-002_19.596434_80.351832,MH-002,19.596434,80.351832,107,70,cnn_train,0
MH-002_19.596434_80.35264,MH-002,19.596434,80.35264,107,73,cnn_train,0
MH-002_19.596434_80.35291,MH-002,19.596434,80.35291,107,74,cnn_train,0
MH-002_19.596434_80.353179,MH-002,19.596434,80.353179,107,75,cnn_train,0
MH-002_19.596434_80.353449,MH-002,19.596434,80.353449,107,76,cnn_train,0
MH-002_19.596434_80.353718,MH-002,19.596434,80.353718,107,77,cnn_train,1
MH-002_19.596434_80.353988,MH-002,19.596434,80.353988,107,78,cnn_train,0
MH-002_19.596434_80.354257,MH-002,19.596434,80.354257,107,79,cnn_train,0
MH-002_19.596434_80.354527,MH-002,19.596434,80.354527,107,80,cnn_train,0
MH-002_19.596434_80.354796,MH-002,19.596434,80.354796,107,81,cnn_train,0
MH-002_19.596434_80.355066,MH-002,19.596434,80.355066,107,82,cnn_train,0
MH-002_19.596434_80.355874,MH-002,19.596434,80.355874,107,85,cnn_train,0
MH-002_19.596434_80.356144,MH-002,19.596434,80.356144,107,86,cnn_train,0
MH-002_19.596434_80.356413,MH-002,19.596434,80.356413,107,87,cnn_train,0
MH-002_19.596434_80.356683,MH-002,19.596434,80.356683,107,88,cnn_train,0
MH-002_19.596434_80.356952,MH-002,19.596434,80.356952,107,89,cnn_train,0
MH-002_19.596434_80.357222,MH-002,19.596434,80.357222,107,90,cnn_train,0
MH-002_19.596434_80.357491,MH-002,19.596434,80.357491,107,91,cnn_train,0
MH-002_19.596434_80.376356,MH-002,19.596434,80.376356,107,161,cnn_test,1
MH-002_19.596434_80.376625,MH-002,19.596434,80.376625,107,162,cnn_test,1
MH-002_19.596434_80.376895,MH-002,19.596434,80.376895,107,163,cnn_test,1
MH-002_19.596434_80.377164,MH-002,19.596434,80.377164,107,164,cnn_test,0
MH-002_19.596434_80.377434,MH-002,19.596434,80.377434,107,165,cnn_test,0
MH-002_19.596434_80.377703,MH-002,19.596434,80.377703,107,166,cnn_test,0
MH-002_19.596434_80.377973,MH-002,19.596434,80.377973,107,167,cnn_test,0
MH-002_19.596434_80.378242,MH-002,19.596434,80.378242,107,168,cnn_test,0
MH-002_19.596434_80.378512,MH-002,19.596434,80.378512,107,169,cnn_test,0
MH-002_19.596434_80.378781,MH-002,19.596434,80.378781,107,170,cnn_test,0
MH-002_19.596434_80.379051,MH-002,19.596434,80.379051,107,171,cnn_test,0
MH-002_19.596434_80.37932,MH-002,19.596434,80.37932,107,172,cnn_test,0
MH-002_19.596434_80.37959,MH-002,19.596434,80.37959,107,173,cnn_test,0
MH-002_19.596434_80.379859,MH-002,19.596434,80.379859,107,174,cnn_test,0
MH-002_19.596434_80.380129,MH-002,19.596434,80.380129,107,175,cnn_test,0
MH-002_19.596434_80.380398,MH-002,19.596434,80.380398,107,176,cnn_test,0
MH-002_19.596164_80.337549,MH-002,19.596164,80.337549,108,17,cnn_train,1
MH-002_19.596164_80.337818,MH-002,19.596164,80.337818,108,18,cnn_train,0
MH-002_19.596164_80.338088,MH-002,19.596164,80.338088,108,19,cnn_train,0
MH-002_19.596164_80.338357,MH-002,19.596164,80.338357,108,20,cnn_train,0
MH-002_19.596164_80.338627,MH-002,19.596164,80.338627,108,21,cnn_train,0
MH-002_19.596164_80.338896,MH-002,19.596164,80.338896,108,22,cnn_train,0
MH-002_19.596164_80.339166,MH-002,19.596164,80.339166,108,23,cnn_train,0
MH-002_19.596164_80.339435,MH-002,19.596164,80.339435,108,24,cnn_train,0
MH-002_19.596164_80.339705,MH-002,19.596164,80.339705,108,25,cnn_train,0
MH-002_19.596164_80.339974,MH-002,19.596164,80.339974,108,26,cnn_train,0
MH-002_19.596164_80.340244,MH-002,19.596164,80.340244,108,27,cnn_train,0
MH-002_19.596164_80.340513,MH-002,19.596164,80.340513,108,28,cnn_train,0
MH-002_19.596164_80.340783,MH-002,19.596164,80.340783,108,29,cnn_train,0
MH-002_19.596164_80.341052,MH-002,19.596164,80.341052,108,30,cnn_train,0
MH-002_19.596164_80.341322,MH-002,19.596164,80.341322,108,31,cnn_train,0
MH-002_19.596164_80.341591,MH-002,19.596164,80.341591,108,32,cnn_train,0
MH-002_19.596164_80.34186,MH-002,19.596164,80.34186,108,33,cnn_train,0
MH-002_19.596164_80.34213,MH-002,19.596164,80.34213,108,34,cnn_train,0
MH-002_19.596164_80.342399,MH-002,19.596164,80.342399,108,35,cnn_train,0
MH-002_19.596164_80.342669,MH-002,19.596164,80.342669,108,36,cnn_train,0
MH-002_19.596164_80.342938,MH-002,19.596164,80.342938,108,37,cnn_train,0
MH-002_19.596164_80.344016,MH-002,19.596164,80.344016,108,41,cnn_train,0
MH-002_19.596164_80.344286,MH-002,19.596164,80.344286,108,42,cnn_train,0
MH-002_19.596164_80.344555,MH-002,19.596164,80.344555,108,43,cnn_train,0
MH-002_19.596164_80.344825,MH-002,19.596164,80.344825,108,44,cnn_train,0
MH-002_19.596164_80.345094,MH-002,19.596164,80.345094,108,45,cnn_train,0
MH-002_19.596164_80.345364,MH-002,19.596164,80.345364,108,46,cnn_train,0
MH-002_19.596164_80.345633,MH-002,19.596164,80.345633,108,47,cnn_train,0
MH-002_19.596164_80.349676,MH-002,19.596164,80.349676,108,62,cnn_train,0
MH-002_19.596164_80.350484,MH-002,19.596164,80.350484,108,65,cnn_train,0
MH-002_19.596164_80.351023,MH-002,19.596164,80.351023,108,67,cnn_train,0
MH-002_19.596164_80.351293,MH-002,19.596164,80.351293,108,68,cnn_train,0
MH-002_19.596164_80.351562,MH-002,19.596164,80.351562,108,69,cnn_train,0
MH-002_19.596164_80.351832,MH-002,19.596164,80.351832,108,70,cnn_train,0
MH-002_19.596164_80.352101,MH-002,19.596164,80.352101,108,71,cnn_train,0
MH-002_19.596164_80.35291,MH-002,19.596164,80.35291,108,74,cnn_train,0
MH-002_19.596164_80.353179,MH-002,19.596164,80.353179,108,75,cnn_train,0
MH-002_19.596164_80.353449,MH-002,19.596164,80.353449,108,76,cnn_train,0
MH-002_19.596164_80.353718,MH-002,19.596164,80.353718,108,77,cnn_train,1
MH-002_19.596164_80.353988,MH-002,19.596164,80.353988,108,78,cnn_train,0
MH-002_19.596164_80.354257,MH-002,19.596164,80.354257,108,79,cnn_train,0
MH-002_19.596164_80.354527,MH-002,19.596164,80.354527,108,80,cnn_train,0
MH-002_19.596164_80.354796,MH-002,19.596164,80.354796,108,81,cnn_train,0
MH-002_19.596164_80.356144,MH-002,19.596164,80.356144,108,86,cnn_train,0
MH-002_19.596164_80.356413,MH-002,19.596164,80.356413,108,87,cnn_train,0
MH-002_19.596164_80.356683,MH-002,19.596164,80.356683,108,88,cnn_train,0
MH-002_19.596164_80.356952,MH-002,19.596164,80.356952,108,89,cnn_train,0
MH-002_19.596164_80.357222,MH-002,19.596164,80.357222,108,90,cnn_train,0
MH-002_19.596164_80.357491,MH-002,19.596164,80.357491,108,91,cnn_train,0
MH-002_19.596164_80.376356,MH-002,19.596164,80.376356,108,161,cnn_test,1
MH-002_19.596164_80.376625,MH-002,19.596164,80.376625,108,162,cnn_test,1
MH-002_19.596164_80.376895,MH-002,19.596164,80.376895,108,163,cnn_test,0
MH-002_19.596164_80.377164,MH-002,19.596164,80.377164,108,164,cnn_test,0
MH-002_19.596164_80.377434,MH-002,19.596164,80.377434,108,165,cnn_test,1
MH-002_19.596164_80.377703,MH-002,19.596164,80.377703,108,166,cnn_test,1
MH-002_19.596164_80.377973,MH-002,19.596164,80.377973,108,167,cnn_test,0
MH-002_19.596164_80.378242,MH-002,19.596164,80.378242,108,168,cnn_test,0
MH-002_19.596164_80.378512,MH-002,19.596164,80.378512,108,169,cnn_test,0
MH-002_19.596164_80.378781,MH-002,19.596164,80.378781,108,170,cnn_test,0
MH-002_19.596164_80.379051,MH-002,19.596164,80.379051,108,171,cnn_test,0
MH-002_19.596164_80.37932,MH-002,19.596164,80.37932,108,172,cnn_test,0
MH-002_19.596164_80.37959,MH-002,19.596164,80.37959,108,173,cnn_test,0
MH-002_19.596164_80.379859,MH-002,19.596164,80.379859,108,174,cnn_test,0
MH-002_19.596164_80.380129,MH-002,19.596164,80.380129,108,175,cnn_test,0
MH-002_19.596164_80.380398,MH-002,19.596164,80.380398,108,176,cnn_test,0
MH-002_19.595895_80.337279,MH-002,19.595895,80.337279,109,16,cnn_train,1
MH-002_19.595895_80.337549,MH-002,19.595895,80.337549,109,17,cnn_train,1
MH-002_19.595895_80.337818,MH-002,19.595895,80.337818,109,18,cnn_train,1
MH-002_19.595895_80.338088,MH-002,19.595895,80.338088,109,19,cnn_train,0
MH-002_19.595895_80.338357,MH-002,19.595895,80.338357,109,20,cnn_train,0
MH-002_19.595895_80.338627,MH-002,19.595895,80.338627,109,21,cnn_train,0
MH-002_19.595895_80.338896,MH-002,19.595895,80.338896,109,22,cnn_train,0
MH-002_19.595895_80.339166,MH-002,19.595895,80.339166,109,23,cnn_train,0
MH-002_19.595895_80.339435,MH-002,19.595895,80.339435,109,24,cnn_train,0
MH-002_19.595895_80.339705,MH-002,19.595895,80.339705,109,25,cnn_train,0
MH-002_19.595895_80.339974,MH-002,19.595895,80.339974,109,26,cnn_train,0
MH-002_19.595895_80.340244,MH-002,19.595895,80.340244,109,27,cnn_train,0
MH-002_19.595895_80.340513,MH-002,19.595895,80.340513,109,28,cnn_train,0
MH-002_19.595895_80.340783,MH-002,19.595895,80.340783,109,29,cnn_train,0
MH-002_19.595895_80.341052,MH-002,19.595895,80.341052,109,30,cnn_train,0
MH-002_19.595895_80.341322,MH-002,19.595895,80.341322,109,31,cnn_train,0
MH-002_19.595895_80.341591,MH-002,19.595895,80.341591,109,32,cnn_train,0
MH-002_19.595895_80.34186,MH-002,19.595895,80.34186,109,33,cnn_train,0
MH-002_19.595895_80.34213,MH-002,19.595895,80.34213,109,34,cnn_train,0
MH-002_19.595895_80.342399,MH-002,19.595895,80.342399,109,35,cnn_train,0
MH-002_19.595895_80.342669,MH-002,19.595895,80.342669,109,36,cnn_train,0
MH-002_19.595895_80.342938,MH-002,19.595895,80.342938,109,37,cnn_train,0
MH-002_19.595895_80.343208,MH-002,19.595895,80.343208,109,38,cnn_train,0
MH-002_19.595895_80.343477,MH-002,19.595895,80.343477,109,39,cnn_train,0
MH-002_19.595895_80.343747,MH-002,19.595895,80.343747,109,40,cnn_train,0
MH-002_19.595895_80.344016,MH-002,19.595895,80.344016,109,41,cnn_train,0
MH-002_19.595895_80.344286,MH-002,19.595895,80.344286,109,42,cnn_train,0
MH-002_19.595895_80.344555,MH-002,19.595895,80.344555,109,43,cnn_train,0
MH-002_19.595895_80.344825,MH-002,19.595895,80.344825,109,44,cnn_train,0
MH-002_19.595895_80.345094,MH-002,19.595895,80.345094,109,45,cnn_train,1
MH-002_19.595895_80.345364,MH-002,19.595895,80.345364,109,46,cnn_train,0
MH-002_19.595895_80.348328,MH-002,19.595895,80.348328,109,57,cnn_train,1
MH-002_19.595895_80.348598,MH-002,19.595895,80.348598,109,58,cnn_train,0
MH-002_19.595895_80.348867,MH-002,19.595895,80.348867,109,59,cnn_train,0
MH-002_19.595895_80.349406,MH-002,19.595895,80.349406,109,61,cnn_train,1
MH-002_19.595895_80.349945,MH-002,19.595895,80.349945,109,63,cnn_train,0
MH-002_19.595895_80.350215,MH-002,19.595895,80.350215,109,64,cnn_train,0
MH-002_19.595895_80.350484,MH-002,19.595895,80.350484,109,65,cnn_train,0
MH-002_19.595895_80.351293,MH-002,19.595895,80.351293,109,68,cnn_train,0
MH-002_19.595895_80.351562,MH-002,19.595895,80.351562,109,69,cnn_train,0
MH-002_19.595895_80.351832,MH-002,19.595895,80.351832,109,70,cnn_train,1
MH-002_19.595895_80.352101,MH-002,19.595895,80.352101,109,71,cnn_train,0
MH-002_19.595895_80.352371,MH-002,19.595895,80.352371,109,72,cnn_train,0
MH-002_19.595895_80.35291,MH-002,19.595895,80.35291,109,74,cnn_train,0
MH-002_19.595895_80.353179,MH-002,19.595895,80.353179,109,75,cnn_train,0
MH-002_19.595895_80.353449,MH-002,19.595895,80.353449,109,76,cnn_train,0
MH-002_19.595895_80.353718,MH-002,19.595895,80.353718,109,77,cnn_train,0
MH-002_19.595895_80.353988,MH-002,19.595895,80.353988,109,78,cnn_train,0
MH-002_19.595895_80.354257,MH-002,19.595895,80.354257,109,79,cnn_train,0
MH-002_19.595895_80.354527,MH-002,19.595895,80.354527,109,80,cnn_train,0
MH-002_19.595895_80.355605,MH-002,19.595895,80.355605,109,84,cnn_train,0
MH-002_19.595895_80.356413,MH-002,19.595895,80.356413,109,87,cnn_train,0
MH-002_19.595895_80.356683,MH-002,19.595895,80.356683,109,88,cnn_train,0
MH-002_19.595895_80.356952,MH-002,19.595895,80.356952,109,89,cnn_train,0
MH-002_19.595895_80.357222,MH-002,19.595895,80.357222,109,90,cnn_train,0
MH-002_19.595895_80.357491,MH-002,19.595895,80.357491,109,91,cnn_train,0
MH-002_19.595625_80.33701,MH-002,19.595625,80.33701,110,15,cnn_train,0
MH-002_19.595625_80.337279,MH-002,19.595625,80.337279,110,16,cnn_train,1
MH-002_19.595625_80.338357,MH-002,19.595625,80.338357,110,20,cnn_train,0
MH-002_19.595625_80.338627,MH-002,19.595625,80.338627,110,21,cnn_train,0
MH-002_19.595625_80.338896,MH-002,19.595625,80.338896,110,22,cnn_train,0
MH-002_19.595625_80.339166,MH-002,19.595625,80.339166,110,23,cnn_train,0
MH-002_19.595625_80.339435,MH-002,19.595625,80.339435,110,24,cnn_train,0
MH-002_19.595625_80.339705,MH-002,19.595625,80.339705,110,25,cnn_train,0
MH-002_19.595625_80.339974,MH-002,19.595625,80.339974,110,26,cnn_train,0
MH-002_19.595625_80.340244,MH-002,19.595625,80.340244,110,27,cnn_train,0
MH-002_19.595625_80.340513,MH-002,19.595625,80.340513,110,28,cnn_train,0
MH-002_19.595625_80.340783,MH-002,19.595625,80.340783,110,29,cnn_train,1
MH-002_19.595625_80.341052,MH-002,19.595625,80.341052,110,30,cnn_train,0
MH-002_19.595625_80.341322,MH-002,19.595625,80.341322,110,31,cnn_train,0
MH-002_19.595625_80.341591,MH-002,19.595625,80.341591,110,32,cnn_train,0
MH-002_19.595625_80.34186,MH-002,19.595625,80.34186,110,33,cnn_train,0
MH-002_19.595625_80.34213,MH-002,19.595625,80.34213,110,34,cnn_train,0
MH-002_19.595625_80.342399,MH-002,19.595625,80.342399,110,35,cnn_train,0
MH-002_19.595625_80.342669,MH-002,19.595625,80.342669,110,36,cnn_train,0
MH-002_19.595625_80.342938,MH-002,19.595625,80.342938,110,37,cnn_train,0
MH-002_19.595625_80.343208,MH-002,19.595625,80.343208,110,38,cnn_train,0
MH-002_19.595625_80.343477,MH-002,19.595625,80.343477,110,39,cnn_train,0
MH-002_19.595625_80.343747,MH-002,19.595625,80.343747,110,40,cnn_train,0
MH-002_19.595625_80.344016,MH-002,19.595625,80.344016,110,41,cnn_train,0
MH-002_19.595625_80.344286,MH-002,19.595625,80.344286,110,42,cnn_train,0
MH-002_19.595625_80.344555,MH-002,19.595625,80.344555,110,43,cnn_train,0
MH-002_19.595625_80.344825,MH-002,19.595625,80.344825,110,44,cnn_train,0
MH-002_19.595625_80.345094,MH-002,19.595625,80.345094,110,45,cnn_train,0
MH-002_19.595625_80.345364,MH-002,19.595625,80.345364,110,46,cnn_train,0
MH-002_19.595625_80.348328,MH-002,19.595625,80.348328,110,57,cnn_train,1
MH-002_19.595625_80.348598,MH-002,19.595625,80.348598,110,58,cnn_train,1
MH-002_19.595625_80.348867,MH-002,19.595625,80.348867,110,59,cnn_train,0
MH-002_19.595625_80.349137,MH-002,19.595625,80.349137,110,60,cnn_train,0
MH-002_19.595625_80.349945,MH-002,19.595625,80.349945,110,63,cnn_train,0
MH-002_19.595625_80.350215,MH-002,19.595625,80.350215,110,64,cnn_train,0
MH-002_19.595625_80.350484,MH-002,19.595625,80.350484,110,65,cnn_train,0
MH-002_19.595625_80.350754,MH-002,19.595625,80.350754,110,66,cnn_train,1
MH-002_19.595625_80.351023,MH-002,19.595625,80.351023,110,67,cnn_train,0
MH-002_19.595625_80.351832,MH-002,19.595625,80.351832,110,70,cnn_train,1
MH-002_19.595625_80.352101,MH-002,19.595625,80.352101,110,71,cnn_train,1
MH-002_19.595625_80.352371,MH-002,19.595625,80.352371,110,72,cnn_train,0
MH-002_19.595625_80.35264,MH-002,19.595625,80.35264,110,73,cnn_train,0
MH-002_19.595625_80.353449,MH-002,19.595625,80.353449,110,76,cnn_train,0
MH-002_19.595625_80.353718,MH-002,19.595625,80.353718,110,77,cnn_train,0
MH-002_19.595625_80.353988,MH-002,19.595625,80.353988,110,78,cnn_train,0
MH-002_19.595625_80.355066,MH-002,19.595625,80.355066,110,82,cnn_train,0
MH-002_19.595625_80.355335,MH-002,19.595625,80.355335,110,83,cnn_train,0
MH-002_19.595625_80.355605,MH-002,19.595625,80.355605,110,84,cnn_train,0
MH-002_19.595625_80.355874,MH-002,19.595625,80.355874,110,85,cnn_train,0
MH-002_19.595625_80.356413,MH-002,19.595625,80.356413,110,87,cnn_train,0
MH-002_19.595625_80.356683,MH-002,19.595625,80.356683,110,88,cnn_train,0
MH-002_19.595625_80.356952,MH-002,19.595625,80.356952,110,89,cnn_train,0
MH-002_19.595625_80.357222,MH-002,19.595625,80.357222,110,90,cnn_train,0
MH-002_19.595625_80.357491,MH-002,19.595625,80.357491,110,91,cnn_train,0
MH-002_19.595356_80.33674,MH-002,19.595356,80.33674,111,14,cnn_train,0
MH-002_19.595356_80.338357,MH-002,19.595356,80.338357,111,20,cnn_train,0
MH-002_19.595356_80.338627,MH-002,19.595356,80.338627,111,21,cnn_train,0
MH-002_19.595356_80.338896,MH-002,19.595356,80.338896,111,22,cnn_train,0
MH-002_19.595356_80.339166,MH-002,19.595356,80.339166,111,23,cnn_train,0
MH-002_19.595356_80.339435,MH-002,19.595356,80.339435,111,24,cnn_train,0
MH-002_19.595356_80.339705,MH-002,19.595356,80.339705,111,25,cnn_train,0
MH-002_19.595356_80.339974,MH-002,19.595356,80.339974,111,26,cnn_train,0
MH-002_19.595356_80.340244,MH-002,19.595356,80.340244,111,27,cnn_train,0
MH-002_19.595356_80.340513,MH-002,19.595356,80.340513,111,28,cnn_train,0
MH-002_19.595356_80.340783,MH-002,19.595356,80.340783,111,29,cnn_train,1
MH-002_19.595356_80.341052,MH-002,19.595356,80.341052,111,30,cnn_train,1
MH-002_19.595356_80.341322,MH-002,19.595356,80.341322,111,31,cnn_train,0
MH-002_19.595356_80.343208,MH-002,19.595356,80.343208,111,38,cnn_train,0
MH-002_19.595356_80.343477,MH-002,19.595356,80.343477,111,39,cnn_train,0
MH-002_19.595356_80.343747,MH-002,19.595356,80.343747,111,40,cnn_train,0
MH-002_19.595356_80.344016,MH-002,19.595356,80.344016,111,41,cnn_train,0
MH-002_19.595356_80.344286,MH-002,19.595356,80.344286,111,42,cnn_train,0
MH-002_19.595356_80.344555,MH-002,19.595356,80.344555,111,43,cnn_train,0
MH-002_19.595356_80.344825,MH-002,19.595356,80.344825,111,44,cnn_train,0
MH-002_19.595356_80.345094,MH-002,19.595356,80.345094,111,45,cnn_train,0
MH-002_19.595356_80.345364,MH-002,19.595356,80.345364,111,46,cnn_train,0
MH-002_19.595356_80.348328,MH-002,19.595356,80.348328,111,57,cnn_train,1
MH-002_19.595356_80.348598,MH-002,19.595356,80.348598,111,58,cnn_train,1
MH-002_19.595356_80.348867,MH-002,19.595356,80.348867,111,59,cnn_train,1
MH-002_19.595356_80.349137,MH-002,19.595356,80.349137,111,60,cnn_train,1
MH-002_19.595356_80.349406,MH-002,19.595356,80.349406,111,61,cnn_train,1
MH-002_19.595356_80.349676,MH-002,19.595356,80.349676,111,62,cnn_train,0
MH-002_19.595356_80.349945,MH-002,19.595356,80.349945,111,63,cnn_train,0
MH-002_19.595356_80.350215,MH-002,19.595356,80.350215,111,64,cnn_train,0
MH-002_19.595356_80.350484,MH-002,19.595356,80.350484,111,65,cnn_train,0
MH-002_19.595356_80.350754,MH-002,19.595356,80.350754,111,66,cnn_train,1
MH-002_19.595356_80.351023,MH-002,19.595356,80.351023,111,67,cnn_train,1
MH-002_19.595356_80.351293,MH-002,19.595356,80.351293,111,68,cnn_train,0
MH-002_19.595356_80.351562,MH-002,19.595356,80.351562,111,69,cnn_train,0
MH-002_19.595356_80.352101,MH-002,19.595356,80.352101,111,71,cnn_train,1
MH-002_19.595356_80.352371,MH-002,19.595356,80.352371,111,72,cnn_train,1
MH-002_19.595356_80.35264,MH-002,19.595356,80.35264,111,73,cnn_train,0
MH-002_19.595356_80.354527,MH-002,19.595356,80.354527,111,80,cnn_train,0
MH-002_19.595356_80.354796,MH-002,19.595356,80.354796,111,81,cnn_train,0
MH-002_19.595356_80.355066,MH-002,19.595356,80.355066,111,82,cnn_train,0
MH-002_19.595356_80.355335,MH-002,19.595356,80.355335,111,83,cnn_train,0
MH-002_19.595356_80.355605,MH-002,19.595356,80.355605,111,84,cnn_train,0
MH-002_19.595356_80.355874,MH-002,19.595356,80.355874,111,85,cnn_train,0
MH-002_19.595356_80.356413,MH-002,19.595356,80.356413,111,87,cnn_train,0
MH-002_19.595356_80.356683,MH-002,19.595356,80.356683,111,88,cnn_train,0
MH-002_19.595356_80.356952,MH-002,19.595356,80.356952,111,89,cnn_train,0
MH-002_19.595356_80.357222,MH-002,19.595356,80.357222,111,90,cnn_train,0
MH-002_19.595356_80.357491,MH-002,19.595356,80.357491,111,91,cnn_train,0
MH-002_19.595086_80.33674,MH-002,19.595086,80.33674,112,14,cnn_train,0
MH-002_19.595086_80.338627,MH-002,19.595086,80.338627,112,21,cnn_train,0
MH-002_19.595086_80.338896,MH-002,19.595086,80.338896,112,22,cnn_train,0
MH-002_19.595086_80.339166,MH-002,19.595086,80.339166,112,23,cnn_train,0
MH-002_19.595086_80.339435,MH-002,19.595086,80.339435,112,24,cnn_train,0
MH-002_19.595086_80.339705,MH-002,19.595086,80.339705,112,25,cnn_train,0
MH-002_19.595086_80.339974,MH-002,19.595086,80.339974,112,26,cnn_train,0
MH-002_19.595086_80.340244,MH-002,19.595086,80.340244,112,27,cnn_train,0
MH-002_19.595086_80.340513,MH-002,19.595086,80.340513,112,28,cnn_train,0
MH-002_19.595086_80.340783,MH-002,19.595086,80.340783,112,29,cnn_train,0
MH-002_19.595086_80.341052,MH-002,19.595086,80.341052,112,30,cnn_train,1
MH-002_19.595086_80.341322,MH-002,19.595086,80.341322,112,31,cnn_train,0
MH-002_19.595086_80.341591,MH-002,19.595086,80.341591,112,32,cnn_train,0
MH-002_19.595086_80.343477,MH-002,19.595086,80.343477,112,39,cnn_train,0
MH-002_19.595086_80.343747,MH-002,19.595086,80.343747,112,40,cnn_train,0
MH-002_19.595086_80.344016,MH-002,19.595086,80.344016,112,41,cnn_train,0
MH-002_19.595086_80.344286,MH-002,19.595086,80.344286,112,42,cnn_train,0
MH-002_19.595086_80.344555,MH-002,19.595086,80.344555,112,43,cnn_train,0
MH-002_19.595086_80.344825,MH-002,19.595086,80.344825,112,44,cnn_train,0
MH-002_19.595086_80.345094,MH-002,19.595086,80.345094,112,45,cnn_train,0
MH-002_19.595086_80.345364,MH-002,19.595086,80.345364,112,46,cnn_train,0
MH-002_19.595086_80.348328,MH-002,19.595086,80.348328,112,57,cnn_train,1
MH-002_19.595086_80.348598,MH-002,19.595086,80.348598,112,58,cnn_train,1
MH-002_19.595086_80.348867,MH-002,19.595086,80.348867,112,59,cnn_train,0
MH-002_19.595086_80.349137,MH-002,19.595086,80.349137,112,60,cnn_train,0
MH-002_19.595086_80.349406,MH-002,19.595086,80.349406,112,61,cnn_train,0
MH-002_19.595086_80.349676,MH-002,19.595086,80.349676,112,62,cnn_train,0
MH-002_19.595086_80.349945,MH-002,19.595086,80.349945,112,63,cnn_train,0
MH-002_19.595086_80.350215,MH-002,19.595086,80.350215,112,64,cnn_train,0
MH-002_19.595086_80.350484,MH-002,19.595086,80.350484,112,65,cnn_train,0
MH-002_19.595086_80.350754,MH-002,19.595086,80.350754,112,66,cnn_train,1
MH-002_19.595086_80.351023,MH-002,19.595086,80.351023,112,67,cnn_train,0
MH-002_19.595086_80.351293,MH-002,19.595086,80.351293,112,68,cnn_train,0
MH-002_19.595086_80.351832,MH-002,19.595086,80.351832,112,70,cnn_train,0
MH-002_19.595086_80.352371,MH-002,19.595086,80.352371,112,72,cnn_train,1
MH-002_19.595086_80.35264,MH-002,19.595086,80.35264,112,73,cnn_train,0
MH-002_19.595086_80.35291,MH-002,19.595086,80.35291,112,74,cnn_train,0
MH-002_19.595086_80.353449,MH-002,19.595086,80.353449,112,76,cnn_train,0
MH-002_19.595086_80.353718,MH-002,19.595086,80.353718,112,77,cnn_train,0
MH-002_19.595086_80.354257,MH-002,19.595086,80.354257,112,79,cnn_train,0
MH-002_19.595086_80.354527,MH-002,19.595086,80.354527,112,80,cnn_train,0
MH-002_19.595086_80.354796,MH-002,19.595086,80.354796,112,81,cnn_train,0
MH-002_19.595086_80.355066,MH-002,19.595086,80.355066,112,82,cnn_train,0
MH-002_19.595086_80.355335,MH-002,19.595086,80.355335,112,83,cnn_train,0
MH-002_19.595086_80.355605,MH-002,19.595086,80.355605,112,84,cnn_train,0
MH-002_19.595086_80.356144,MH-002,19.595086,80.356144,112,86,cnn_train,0
MH-002_19.595086_80.356413,MH-002,19.595086,80.356413,112,87,cnn_train,0
MH-002_19.595086_80.356683,MH-002,19.595086,80.356683,112,88,cnn_train,0
MH-002_19.595086_80.356952,MH-002,19.595086,80.356952,112,89,cnn_train,0
MH-002_19.595086_80.357222,MH-002,19.595086,80.357222,112,90,cnn_train,0
MH-002_19.595086_80.357491,MH-002,19.595086,80.357491,112,91,cnn_train,0
MH-002_19.594817_80.336471,MH-002,19.594817,80.336471,113,13,cnn_train,1
MH-002_19.594817_80.338627,MH-002,19.594817,80.338627,113,21,cnn_train,0
MH-002_19.594817_80.338896,MH-002,19.594817,80.338896,113,22,cnn_train,0
MH-002_19.594817_80.339166,MH-002,19.594817,80.339166,113,23,cnn_train,0
MH-002_19.594817_80.339435,MH-002,19.594817,80.339435,113,24,cnn_train,0
MH-002_19.594817_80.339705,MH-002,19.594817,80.339705,113,25,cnn_train,0
MH-002_19.594817_80.339974,MH-002,19.594817,80.339974,113,26,cnn_train,0
MH-002_19.594817_80.340244,MH-002,19.594817,80.340244,113,27,cnn_train,0
MH-002_19.594817_80.340513,MH-002,19.594817,80.340513,113,28,cnn_train,0
MH-002_19.594817_80.340783,MH-002,19.594817,80.340783,113,29,cnn_train,0
MH-002_19.594817_80.341052,MH-002,19.594817,80.341052,113,30,cnn_train,0
MH-002_19.594817_80.341322,MH-002,19.594817,80.341322,113,31,cnn_train,0
MH-002_19.594817_80.341591,MH-002,19.594817,80.341591,113,32,cnn_train,0
MH-002_19.594817_80.34186,MH-002,19.594817,80.34186,113,33,cnn_train,0
MH-002_19.594817_80.34213,MH-002,19.594817,80.34213,113,34,cnn_train,0
MH-002_19.594817_80.342399,MH-002,19.594817,80.342399,113,35,cnn_train,0
MH-002_19.594817_80.342669,MH-002,19.594817,80.342669,113,36,cnn_train,0
MH-002_19.594817_80.342938,MH-002,19.594817,80.342938,113,37,cnn_train,0
MH-002_19.594817_80.343208,MH-002,19.594817,80.343208,113,38,cnn_train,0
MH-002_19.594817_80.343477,MH-002,19.594817,80.343477,113,39,cnn_train,0
MH-002_19.594817_80.343747,MH-002,19.594817,80.343747,113,40,cnn_train,0
MH-002_19.594817_80.344016,MH-002,19.594817,80.344016,113,41,cnn_train,0
MH-002_19.594817_80.344286,MH-002,19.594817,80.344286,113,42,cnn_train,0
MH-002_19.594817_80.344555,MH-002,19.594817,80.344555,113,43,cnn_train,0
MH-002_19.594817_80.344825,MH-002,19.594817,80.344825,113,44,cnn_train,0
MH-002_19.594817_80.345094,MH-002,19.594817,80.345094,113,45,cnn_train,0
MH-002_19.594817_80.345364,MH-002,19.594817,80.345364,113,46,cnn_train,0
MH-002_19.594817_80.348059,MH-002,19.594817,80.348059,113,56,cnn_train,0
MH-002_19.594817_80.348328,MH-002,19.594817,80.348328,113,57,cnn_train,0
MH-002_19.594817_80.348598,MH-002,19.594817,80.348598,113,58,cnn_train,0
MH-002_19.594817_80.348867,MH-002,19.594817,80.348867,113,59,cnn_train,0
MH-002_19.594817_80.349137,MH-002,19.594817,80.349137,113,60,cnn_train,0
MH-002_19.594817_80.349406,MH-002,19.594817,80.349406,113,61,cnn_train,0
MH-002_19.594817_80.349676,MH-002,19.594817,80.349676,113,62,cnn_train,0
MH-002_19.594817_80.349945,MH-002,19.594817,80.349945,113,63,cnn_train,0
MH-002_19.594817_80.350215,MH-002,19.594817,80.350215,113,64,cnn_train,0
MH-002_19.594817_80.350484,MH-002,19.594817,80.350484,113,65,cnn_train,1
MH-002_19.594817_80.350754,MH-002,19.594817,80.350754,113,66,cnn_train,0
MH-002_19.594817_80.351023,MH-002,19.594817,80.351023,113,67,cnn_train,1
MH-002_19.594817_80.351293,MH-002,19.594817,80.351293,113,68,cnn_train,0
MH-002_19.594817_80.351562,MH-002,19.594817,80.351562,113,69,cnn_train,0
MH-002_19.594817_80.351832,MH-002,19.594817,80.351832,113,70,cnn_train,0
MH-002_19.594817_80.352101,MH-002,19.594817,80.352101,113,71,cnn_train,0
MH-002_19.594817_80.353179,MH-002,19.594817,80.353179,113,75,cnn_train,0
MH-002_19.594817_80.353718,MH-002,19.594817,80.353718,113,77,cnn_train,0
MH-002_19.594817_80.354257,MH-002,19.594817,80.354257,113,79,cnn_train,0
MH-002_19.594817_80.354527,MH-002,19.594817,80.354527,113,80,cnn_train,0
MH-002_19.594817_80.354796,MH-002,19.594817,80.354796,113,81,cnn_train,0
MH-002_19.594817_80.355066,MH-002,19.594817,80.355066,113,82,cnn_train,0
MH-002_19.594817_80.355335,MH-002,19.594817,80.355335,113,83,cnn_train,0
MH-002_19.594817_80.355605,MH-002,19.594817,80.355605,113,84,cnn_train,0
MH-002_19.594817_80.356144,MH-002,19.594817,80.356144,113,86,cnn_train,0
MH-002_19.594817_80.356413,MH-002,19.594817,80.356413,113,87,cnn_train,0
MH-002_19.594817_80.356683,MH-002,19.594817,80.356683,113,88,cnn_train,0
MH-002_19.594817_80.356952,MH-002,19.594817,80.356952,113,89,cnn_train,0
MH-002_19.594817_80.357222,MH-002,19.594817,80.357222,113,90,cnn_train,0
MH-002_19.594817_80.357491,MH-002,19.594817,80.357491,113,91,cnn_train,0
MH-002_19.594547_80.336201,MH-002,19.594547,80.336201,114,12,cnn_train,1
MH-002_19.594547_80.336471,MH-002,19.594547,80.336471,114,13,cnn_train,0
MH-002_19.594547_80.338627,MH-002,19.594547,80.338627,114,21,cnn_train,0
MH-002_19.594547_80.338896,MH-002,19.594547,80.338896,114,22,cnn_train,1
MH-002_19.594547_80.339166,MH-002,19.594547,80.339166,114,23,cnn_train,0
MH-002_19.594547_80.339435,MH-002,19.594547,80.339435,114,24,cnn_train,0
MH-002_19.594547_80.339705,MH-002,19.594547,80.339705,114,25,cnn_train,0
MH-002_19.594547_80.339974,MH-002,19.594547,80.339974,114,26,cnn_train,0
MH-002_19.594547_80.340244,MH-002,19.594547,80.340244,114,27,cnn_train,0
MH-002_19.594547_80.340513,MH-002,19.594547,80.340513,114,28,cnn_train,0
MH-002_19.594547_80.340783,MH-002,19.594547,80.340783,114,29,cnn_train,0
MH-002_19.594547_80.341052,MH-002,19.594547,80.341052,114,30,cnn_train,0
MH-002_19.594547_80.341322,MH-002,19.594547,80.341322,114,31,cnn_train,0
MH-002_19.594547_80.341591,MH-002,19.594547,80.341591,114,32,cnn_train,0
MH-002_19.594547_80.34186,MH-002,19.594547,80.34186,114,33,cnn_train,0
MH-002_19.594547_80.34213,MH-002,19.594547,80.34213,114,34,cnn_train,0
MH-002_19.594547_80.342399,MH-002,19.594547,80.342399,114,35,cnn_train,0
MH-002_19.594547_80.342669,MH-002,19.594547,80.342669,114,36,cnn_train,0
MH-002_19.594547_80.342938,MH-002,19.594547,80.342938,114,37,cnn_train,0
MH-002_19.594547_80.343208,MH-002,19.594547,80.343208,114,38,cnn_train,0
MH-002_19.594547_80.343477,MH-002,19.594547,80.343477,114,39,cnn_train,0
MH-002_19.594547_80.343747,MH-002,19.594547,80.343747,114,40,cnn_train,0
MH-002_19.594547_80.344016,MH-002,19.594547,80.344016,114,41,cnn_train,0
MH-002_19.594547_80.344286,MH-002,19.594547,80.344286,114,42,cnn_train,0
MH-002_19.594547_80.344555,MH-002,19.594547,80.344555,114,43,cnn_train,0
MH-002_19.594547_80.344825,MH-002,19.594547,80.344825,114,44,cnn_train,0
MH-002_19.594547_80.345094,MH-002,19.594547,80.345094,114,45,cnn_train,0
MH-002_19.594547_80.345364,MH-002,19.594547,80.345364,114,46,cnn_train,0
MH-002_19.594547_80.348328,MH-002,19.594547,80.348328,114,57,cnn_train,0
MH-002_19.594547_80.348598,MH-002,19.594547,80.348598,114,58,cnn_train,0
MH-002_19.594547_80.348867,MH-002,19.594547,80.348867,114,59,cnn_train,0
MH-002_19.594547_80.349137,MH-002,19.594547,80.349137,114,60,cnn_train,0
MH-002_19.594547_80.349406,MH-002,19.594547,80.349406,114,61,cnn_train,0
MH-002_19.594547_80.349676,MH-002,19.594547,80.349676,114,62,cnn_train,0
MH-002_19.594547_80.349945,MH-002,19.594547,80.349945,114,63,cnn_train,0
MH-002_19.594547_80.350215,MH-002,19.594547,80.350215,114,64,cnn_train,0
MH-002_19.594547_80.350484,MH-002,19.594547,80.350484,114,65,cnn_train,0
MH-002_19.594547_80.350754,MH-002,19.594547,80.350754,114,66,cnn_train,1
MH-002_19.594547_80.351023,MH-002,19.594547,80.351023,114,67,cnn_train,1
MH-002_19.594547_80.351293,MH-002,19.594547,80.351293,114,68,cnn_train,0
MH-002_19.594547_80.351562,MH-002,19.594547,80.351562,114,69,cnn_train,0
MH-002_19.594547_80.351832,MH-002,19.594547,80.351832,114,70,cnn_train,1
MH-002_19.594547_80.354257,MH-002,19.594547,80.354257,114,79,cnn_train,0
MH-002_19.594547_80.354527,MH-002,19.594547,80.354527,114,80,cnn_train,0
MH-002_19.594547_80.354796,MH-002,19.594547,80.354796,114,81,cnn_train,0
MH-002_19.594547_80.355066,MH-002,19.594547,80.355066,114,82,cnn_train,0
MH-002_19.594547_80.355874,MH-002,19.594547,80.355874,114,85,cnn_train,0
MH-002_19.594547_80.356144,MH-002,19.594547,80.356144,114,86,cnn_train,0
MH-002_19.594547_80.356413,MH-002,19.594547,80.356413,114,87,cnn_train,0
MH-002_19.594547_80.356683,MH-002,19.594547,80.356683,114,88,cnn_train,0
MH-002_19.594547_80.356952,MH-002,19.594547,80.356952,114,89,cnn_train,0
MH-002_19.594547_80.357222,MH-002,19.594547,80.357222,114,90,cnn_train,0
MH-002_19.594547_80.357491,MH-002,19.594547,80.357491,114,91,cnn_train,0
MH-002_19.594278_80.335932,MH-002,19.594278,80.335932,115,11,cnn_train,0
MH-002_19.594278_80.336201,MH-002,19.594278,80.336201,115,12,cnn_train,0
MH-002_19.594278_80.33674,MH-002,19.594278,80.33674,115,14,cnn_train,0
MH-002_19.594278_80.338627,MH-002,19.594278,80.338627,115,21,cnn_train,0
MH-002_19.594278_80.338896,MH-002,19.594278,80.338896,115,22,cnn_train,1
MH-002_19.594278_80.339166,MH-002,19.594278,80.339166,115,23,cnn_train,0
MH-002_19.594278_80.339435,MH-002,19.594278,80.339435,115,24,cnn_train,0
MH-002_19.594278_80.339705,MH-002,19.594278,80.339705,115,25,cnn_train,0
MH-002_19.594278_80.339974,MH-002,19.594278,80.339974,115,26,cnn_train,0
MH-002_19.594278_80.340244,MH-002,19.594278,80.340244,115,27,cnn_train,0
MH-002_19.594278_80.340513,MH-002,19.594278,80.340513,115,28,cnn_train,0
MH-002_19.594278_80.340783,MH-002,19.594278,80.340783,115,29,cnn_train,0
MH-002_19.594278_80.341052,MH-002,19.594278,80.341052,115,30,cnn_train,0
MH-002_19.594278_80.341322,MH-002,19.594278,80.341322,115,31,cnn_train,0
MH-002_19.594278_80.341591,MH-002,19.594278,80.341591,115,32,cnn_train,0
MH-002_19.594278_80.34186,MH-002,19.594278,80.34186,115,33,cnn_train,0
MH-002_19.594278_80.34213,MH-002,19.594278,80.34213,115,34,cnn_train,0
MH-002_19.594278_80.342399,MH-002,19.594278,80.342399,115,35,cnn_train,0
MH-002_19.594278_80.342669,MH-002,19.594278,80.342669,115,36,cnn_train,0
MH-002_19.594278_80.342938,MH-002,19.594278,80.342938,115,37,cnn_train,0
MH-002_19.594278_80.343208,MH-002,19.594278,80.343208,115,38,cnn_train,0
MH-002_19.594278_80.343477,MH-002,19.594278,80.343477,115,39,cnn_train,0
MH-002_19.594278_80.343747,MH-002,19.594278,80.343747,115,40,cnn_train,0
MH-002_19.594278_80.344016,MH-002,19.594278,80.344016,115,41,cnn_train,0
MH-002_19.594278_80.344286,MH-002,19.594278,80.344286,115,42,cnn_train,0
MH-002_19.594278_80.348328,MH-002,19.594278,80.348328,115,57,cnn_train,0
MH-002_19.594278_80.348598,MH-002,19.594278,80.348598,115,58,cnn_train,0
MH-002_19.594278_80.348867,MH-002,19.594278,80.348867,115,59,cnn_train,0
MH-002_19.594278_80.349137,MH-002,19.594278,80.349137,115,60,cnn_train,0
MH-002_19.594278_80.349406,MH-002,19.594278,80.349406,115,61,cnn_train,0
MH-002_19.594278_80.349676,MH-002,19.594278,80.349676,115,62,cnn_train,0
MH-002_19.594278_80.349945,MH-002,19.594278,80.349945,115,63,cnn_train,0
MH-002_19.594278_80.350215,MH-002,19.594278,80.350215,115,64,cnn_train,0
MH-002_19.594278_80.350484,MH-002,19.594278,80.350484,115,65,cnn_train,0
MH-002_19.594278_80.350754,MH-002,19.594278,80.350754,115,66,cnn_train,1
MH-002_19.594278_80.351023,MH-002,19.594278,80.351023,115,67,cnn_train,1
MH-002_19.594278_80.351293,MH-002,19.594278,80.351293,115,68,cnn_train,1
MH-002_19.594278_80.351562,MH-002,19.594278,80.351562,115,69,cnn_train,0
MH-002_19.594278_80.351832,MH-002,19.594278,80.351832,115,70,cnn_train,0
MH-002_19.594278_80.352101,MH-002,19.594278,80.352101,115,71,cnn_train,0
MH-002_19.594278_80.352371,MH-002,19.594278,80.352371,115,72,cnn_train,0
MH-002_19.594278_80.35264,MH-002,19.594278,80.35264,115,73,cnn_train,0
MH-002_19.594278_80.35291,MH-002,19.594278,80.35291,115,74,cnn_train,0
MH-002_19.594278_80.353179,MH-002,19.594278,80.353179,115,75,cnn_train,0
MH-002_19.594278_80.353449,MH-002,19.594278,80.353449,115,76,cnn_train,0
MH-002_19.594278_80.354257,MH-002,19.594278,80.354257,115,79,cnn_train,0
MH-002_19.594278_80.354527,MH-002,19.594278,80.354527,115,80,cnn_train,0
MH-002_19.594278_80.354796,MH-002,19.594278,80.354796,115,81,cnn_train,0
MH-002_19.594278_80.355605,MH-002,19.594278,80.355605,115,84,cnn_train,0
MH-002_19.594278_80.355874,MH-002,19.594278,80.355874,115,85,cnn_train,0
MH-002_19.594278_80.356144,MH-002,19.594278,80.356144,115,86,cnn_train,0
MH-002_19.594278_80.356413,MH-002,19.594278,80.356413,115,87,cnn_train,0
MH-002_19.594278_80.356683,MH-002,19.594278,80.356683,115,88,cnn_train,0
MH-002_19.594278_80.356952,MH-002,19.594278,80.356952,115,89,cnn_train,0
MH-002_19.594278_80.357222,MH-002,19.594278,80.357222,115,90,cnn_train,0
MH-002_19.594278_80.357491,MH-002,19.594278,80.357491,115,91,cnn_train,0
MH-002_19.594008_80.335932,MH-002,19.594008,80.335932,116,11,cnn_train,0
MH-002_19.594008_80.336201,MH-002,19.594008,80.336201,116,12,cnn_train,0
MH-002_19.594008_80.33674,MH-002,19.594008,80.33674,116,14,cnn_train,0
MH-002_19.594008_80.338627,MH-002,19.594008,80.338627,116,21,cnn_train,0
MH-002_19.594008_80.338896,MH-002,19.594008,80.338896,116,22,cnn_train,1
MH-002_19.594008_80.339166,MH-002,19.594008,80.339166,116,23,cnn_train,0
MH-002_19.594008_80.339435,MH-002,19.594008,80.339435,116,24,cnn_train,0
MH-002_19.594008_80.339705,MH-002,19.594008,80.339705,116,25,cnn_train,0
MH-002_19.594008_80.339974,MH-002,19.594008,80.339974,116,26,cnn_train,0
MH-002_19.594008_80.340244,MH-002,19.594008,80.340244,116,27,cnn_train,0
MH-002_19.594008_80.340513,MH-002,19.594008,80.340513,116,28,cnn_train,0
MH-002_19.594008_80.340783,MH-002,19.594008,80.340783,116,29,cnn_train,0
MH-002_19.594008_80.341052,MH-002,19.594008,80.341052,116,30,cnn_train,0
MH-002_19.594008_80.341322,MH-002,19.594008,80.341322,116,31,cnn_train,0
MH-002_19.594008_80.341591,MH-002,19.594008,80.341591,116,32,cnn_train,0
MH-002_19.594008_80.34186,MH-002,19.594008,80.34186,116,33,cnn_train,0
MH-002_19.594008_80.34213,MH-002,19.594008,80.34213,116,34,cnn_train,1
MH-002_19.594008_80.342399,MH-002,19.594008,80.342399,116,35,cnn_train,1
MH-002_19.594008_80.342669,MH-002,19.594008,80.342669,116,36,cnn_train,0
MH-002_19.594008_80.342938,MH-002,19.594008,80.342938,116,37,cnn_train,0
MH-002_19.594008_80.343208,MH-002,19.594008,80.343208,116,38,cnn_train,0
MH-002_19.594008_80.343477,MH-002,19.594008,80.343477,116,39,cnn_train,0
MH-002_19.594008_80.343747,MH-002,19.594008,80.343747,116,40,cnn_train,0
MH-002_19.594008_80.344016,MH-002,19.594008,80.344016,116,41,cnn_train,0
MH-002_19.594008_80.344286,MH-002,19.594008,80.344286,116,42,cnn_train,0
MH-002_19.594008_80.344555,MH-002,19.594008,80.344555,116,43,cnn_train,0
MH-002_19.594008_80.344825,MH-002,19.594008,80.344825,116,44,cnn_train,0
MH-002_19.594008_80.348328,MH-002,19.594008,80.348328,116,57,cnn_train,0
MH-002_19.594008_80.348598,MH-002,19.594008,80.348598,116,58,cnn_train,0
MH-002_19.594008_80.348867,MH-002,19.594008,80.348867,116,59,cnn_train,0
MH-002_19.594008_80.349137,MH-002,19.594008,80.349137,116,60,cnn_train,0
MH-002_19.594008_80.349406,MH-002,19.594008,80.349406,116,61,cnn_train,0
MH-002_19.594008_80.349676,MH-002,19.594008,80.349676,116,62,cnn_train,0
MH-002_19.594008_80.349945,MH-002,19.594008,80.349945,116,63,cnn_train,0
MH-002_19.594008_80.350215,MH-002,19.594008,80.350215,116,64,cnn_train,0
MH-002_19.594008_80.350484,MH-002,19.594008,80.350484,116,65,cnn_train,0
MH-002_19.594008_80.350754,MH-002,19.594008,80.350754,116,66,cnn_train,1
MH-002_19.594008_80.351023,MH-002,19.594008,80.351023,116,67,cnn_train,1
MH-002_19.594008_80.351293,MH-002,19.594008,80.351293,116,68,cnn_train,1
MH-002_19.594008_80.351562,MH-002,19.594008,80.351562,116,69,cnn_train,0
MH-002_19.594008_80.351832,MH-002,19.594008,80.351832,116,70,cnn_train,0
MH-002_19.594008_80.352101,MH-002,19.594008,80.352101,116,71,cnn_train,0
MH-002_19.594008_80.352371,MH-002,19.594008,80.352371,116,72,cnn_train,0
MH-002_19.594008_80.35264,MH-002,19.594008,80.35264,116,73,cnn_train,0
MH-002_19.594008_80.35291,MH-002,19.594008,80.35291,116,74,cnn_train,0
MH-002_19.594008_80.353179,MH-002,19.594008,80.353179,116,75,cnn_train,0
MH-002_19.594008_80.353449,MH-002,19.594008,80.353449,116,76,cnn_train,0
MH-002_19.594008_80.353988,MH-002,19.594008,80.353988,116,78,cnn_train,0
MH-002_19.594008_80.354257,MH-002,19.594008,80.354257,116,79,cnn_train,0
MH-002_19.594008_80.354527,MH-002,19.594008,80.354527,116,80,cnn_train,0
MH-002_19.594008_80.355066,MH-002,19.594008,80.355066,116,82,cnn_train,0
MH-002_19.594008_80.355335,MH-002,19.594008,80.355335,116,83,cnn_train,0
MH-002_19.594008_80.355605,MH-002,19.594008,80.355605,116,84,cnn_train,0
MH-002_19.594008_80.355874,MH-002,19.594008,80.355874,116,85,cnn_train,0
MH-002_19.594008_80.356144,MH-002,19.594008,80.356144,116,86,cnn_train,0
MH-002_19.594008_80.356413,MH-002,19.594008,80.356413,116,87,cnn_train,0
MH-002_19.594008_80.356683,MH-002,19.594008,80.356683,116,88,cnn_train,0
MH-002_19.594008_80.356952,MH-002,19.594008,80.356952,116,89,cnn_train,0
MH-002_19.594008_80.357222,MH-002,19.594008,80.357222,116,90,cnn_train,1
MH-002_19.594008_80.357491,MH-002,19.594008,80.357491,116,91,cnn_train,1
MH-002_19.593739_80.335662,MH-002,19.593739,80.335662,117,10,cnn_train,0
MH-002_19.593739_80.335932,MH-002,19.593739,80.335932,117,11,cnn_train,0
MH-002_19.593739_80.336201,MH-002,19.593739,80.336201,117,12,cnn_train,0
MH-002_19.593739_80.337279,MH-002,19.593739,80.337279,117,16,cnn_train,0
MH-002_19.593739_80.337549,MH-002,19.593739,80.337549,117,17,cnn_train,0
MH-002_19.593739_80.337818,MH-002,19.593739,80.337818,117,18,cnn_train,0
MH-002_19.593739_80.338088,MH-002,19.593739,80.338088,117,19,cnn_train,0
MH-002_19.593739_80.338627,MH-002,19.593739,80.338627,117,21,cnn_train,0
MH-002_19.593739_80.338896,MH-002,19.593739,80.338896,117,22,cnn_train,0
MH-002_19.593739_80.339166,MH-002,19.593739,80.339166,117,23,cnn_train,0
MH-002_19.593739_80.339435,MH-002,19.593739,80.339435,117,24,cnn_train,0
MH-002_19.593739_80.339705,MH-002,19.593739,80.339705,117,25,cnn_train,0
MH-002_19.593739_80.339974,MH-002,19.593739,80.339974,117,26,cnn_train,0
MH-002_19.593739_80.340244,MH-002,19.593739,80.340244,117,27,cnn_train,0
MH-002_19.593739_80.340513,MH-002,19.593739,80.340513,117,28,cnn_train,0
MH-002_19.593739_80.340783,MH-002,19.593739,80.340783,117,29,cnn_train,0
MH-002_19.593739_80.341052,MH-002,19.593739,80.341052,117,30,cnn_train,0
MH-002_19.593739_80.341322,MH-002,19.593739,80.341322,117,31,cnn_train,0
MH-002_19.593739_80.341591,MH-002,19.593739,80.341591,117,32,cnn_train,0
MH-002_19.593739_80.34186,MH-002,19.593739,80.34186,117,33,cnn_train,0
MH-002_19.593739_80.34213,MH-002,19.593739,80.34213,117,34,cnn_train,1
MH-002_19.593739_80.342399,MH-002,19.593739,80.342399,117,35,cnn_train,1
MH-002_19.593739_80.342669,MH-002,19.593739,80.342669,117,36,cnn_train,1
MH-002_19.593739_80.342938,MH-002,19.593739,80.342938,117,37,cnn_train,1
MH-002_19.593739_80.343208,MH-002,19.593739,80.343208,117,38,cnn_train,0
MH-002_19.593739_80.343477,MH-002,19.593739,80.343477,117,39,cnn_train,0
MH-002_19.593739_80.343747,MH-002,19.593739,80.343747,117,40,cnn_train,0
MH-002_19.593739_80.344016,MH-002,19.593739,80.344016,117,41,cnn_train,0
MH-002_19.593739_80.344286,MH-002,19.593739,80.344286,117,42,cnn_train,0
MH-002_19.593739_80.344555,MH-002,19.593739,80.344555,117,43,cnn_train,0
MH-002_19.593739_80.344825,MH-002,19.593739,80.344825,117,44,cnn_train,0
MH-002_19.593739_80.345094,MH-002,19.593739,80.345094,117,45,cnn_train,0
MH-002_19.593739_80.345364,MH-002,19.593739,80.345364,117,46,cnn_train,0
MH-002_19.593739_80.345633,MH-002,19.593739,80.345633,117,47,cnn_train,0
MH-002_19.593739_80.345903,MH-002,19.593739,80.345903,117,48,cnn_train,0
MH-002_19.593739_80.348328,MH-002,19.593739,80.348328,117,57,cnn_train,0
MH-002_19.593739_80.348598,MH-002,19.593739,80.348598,117,58,cnn_train,0
MH-002_19.593739_80.348867,MH-002,19.593739,80.348867,117,59,cnn_train,0
MH-002_19.593739_80.349137,MH-002,19.593739,80.349137,117,60,cnn_train,0
MH-002_19.593739_80.349406,MH-002,19.593739,80.349406,117,61,cnn_train,0
MH-002_19.593739_80.349676,MH-002,19.593739,80.349676,117,62,cnn_train,0
MH-002_19.593739_80.349945,MH-002,19.593739,80.349945,117,63,cnn_train,0
MH-002_19.593739_80.350215,MH-002,19.593739,80.350215,117,64,cnn_train,0
MH-002_19.593739_80.350484,MH-002,19.593739,80.350484,117,65,cnn_train,0
MH-002_19.593739_80.350754,MH-002,19.593739,80.350754,117,66,cnn_train,0
MH-002_19.593739_80.351023,MH-002,19.593739,80.351023,117,67,cnn_train,0
MH-002_19.593739_80.351293,MH-002,19.593739,80.351293,117,68,cnn_train,0
MH-002_19.593739_80.351562,MH-002,19.593739,80.351562,117,69,cnn_train,0
MH-002_19.593739_80.351832,MH-002,19.593739,80.351832,117,70,cnn_train,0
MH-002_19.593739_80.352101,MH-002,19.593739,80.352101,117,71,cnn_train,0
MH-002_19.593739_80.352371,MH-002,19.593739,80.352371,117,72,cnn_train,0
MH-002_19.593739_80.35264,MH-002,19.593739,80.35264,117,73,cnn_train,0
MH-002_19.593739_80.35291,MH-002,19.593739,80.35291,117,74,cnn_train,0
MH-002_19.593739_80.353179,MH-002,19.593739,80.353179,117,75,cnn_train,0
MH-002_19.593739_80.353449,MH-002,19.593739,80.353449,117,76,cnn_train,0
MH-002_19.593739_80.353988,MH-002,19.593739,80.353988,117,78,cnn_train,0
MH-002_19.593739_80.354257,MH-002,19.593739,80.354257,117,79,cnn_train,0
MH-002_19.593739_80.355066,MH-002,19.593739,80.355066,117,82,cnn_train,0
MH-002_19.593739_80.355335,MH-002,19.593739,80.355335,117,83,cnn_train,0
MH-002_19.593739_80.355605,MH-002,19.593739,80.355605,117,84,cnn_train,0
MH-002_19.593739_80.355874,MH-002,19.593739,80.355874,117,85,cnn_train,0
MH-002_19.593739_80.356144,MH-002,19.593739,80.356144,117,86,cnn_train,0
MH-002_19.593739_80.356413,MH-002,19.593739,80.356413,117,87,cnn_train,0
MH-002_19.593739_80.356683,MH-002,19.593739,80.356683,117,88,cnn_train,0
MH-002_19.593739_80.356952,MH-002,19.593739,80.356952,117,89,cnn_train,0
MH-002_19.593739_80.357222,MH-002,19.593739,80.357222,117,90,cnn_train,1
MH-002_19.593739_80.357491,MH-002,19.593739,80.357491,117,91,cnn_train,1
MH-002_19.593469_80.335393,MH-002,19.593469,80.335393,118,9,cnn_train,0
MH-002_19.593469_80.335662,MH-002,19.593469,80.335662,118,10,cnn_train,0
MH-002_19.593469_80.335932,MH-002,19.593469,80.335932,118,11,cnn_train,0
MH-002_19.593469_80.336201,MH-002,19.593469,80.336201,118,12,cnn_train,0
MH-002_19.593469_80.336471,MH-002,19.593469,80.336471,118,13,cnn_train,0
MH-002_19.593469_80.337279,MH-002,19.593469,80.337279,118,16,cnn_train,1
MH-002_19.593469_80.337549,MH-002,19.593469,80.337549,118,17,cnn_train,1
MH-002_19.593469_80.337818,MH-002,19.593469,80.337818,118,18,cnn_train,0
MH-002_19.593469_80.338088,MH-002,19.593469,80.338088,118,19,cnn_train,0
MH-002_19.593469_80.338627,MH-002,19.593469,80.338627,118,21,cnn_train,0
MH-002_19.593469_80.338896,MH-002,19.593469,80.338896,118,22,cnn_train,0
MH-002_19.593469_80.339166,MH-002,19.593469,80.339166,118,23,cnn_train,0
MH-002_19.593469_80.339435,MH-002,19.593469,80.339435,118,24,cnn_train,0
MH-002_19.593469_80.339705,MH-002,19.593469,80.339705,118,25,cnn_train,0
MH-002_19.593469_80.339974,MH-002,19.593469,80.339974,118,26,cnn_train,0
MH-002_19.593469_80.340244,MH-002,19.593469,80.340244,118,27,cnn_train,0
MH-002_19.593469_80.340513,MH-002,19.593469,80.340513,118,28,cnn_train,0
MH-002_19.593469_80.340783,MH-002,19.593469,80.340783,118,29,cnn_train,0
MH-002_19.593469_80.341052,MH-002,19.593469,80.341052,118,30,cnn_train,0
MH-002_19.593469_80.341322,MH-002,19.593469,80.341322,118,31,cnn_train,0
MH-002_19.593469_80.341591,MH-002,19.593469,80.341591,118,32,cnn_train,0
MH-002_19.593469_80.34186,MH-002,19.593469,80.34186,118,33,cnn_train,0
MH-002_19.593469_80.34213,MH-002,19.593469,80.34213,118,34,cnn_train,0
MH-002_19.593469_80.342399,MH-002,19.593469,80.342399,118,35,cnn_train,1
MH-002_19.593469_80.342669,MH-002,19.593469,80.342669,118,36,cnn_train,1
MH-002_19.593469_80.342938,MH-002,19.593469,80.342938,118,37,cnn_train,1
MH-002_19.593469_80.343208,MH-002,19.593469,80.343208,118,38,cnn_train,0
MH-002_19.593469_80.343477,MH-002,19.593469,80.343477,118,39,cnn_train,0
MH-002_19.593469_80.343747,MH-002,19.593469,80.343747,118,40,cnn_train,0
MH-002_19.593469_80.344016,MH-002,19.593469,80.344016,118,41,cnn_train,0
MH-002_19.593469_80.344286,MH-002,19.593469,80.344286,118,42,cnn_train,0
MH-002_19.593469_80.344555,MH-002,19.593469,80.344555,118,43,cnn_train,0
MH-002_19.593469_80.344825,MH-002,19.593469,80.344825,118,44,cnn_train,0
MH-002_19.593469_80.345094,MH-002,19.593469,80.345094,118,45,cnn_train,0
MH-002_19.593469_80.345364,MH-002,19.593469,80.345364,118,46,cnn_train,0
MH-002_19.593469_80.345633,MH-002,19.593469,80.345633,118,47,cnn_train,0
MH-002_19.593469_80.348598,MH-002,19.593469,80.348598,118,58,cnn_train,0
MH-002_19.593469_80.348867,MH-002,19.593469,80.348867,118,59,cnn_train,0
MH-002_19.593469_80.349137,MH-002,19.593469,80.349137,118,60,cnn_train,0
MH-002_19.593469_80.349406,MH-002,19.593469,80.349406,118,61,cnn_train,0
MH-002_19.593469_80.349676,MH-002,19.593469,80.349676,118,62,cnn_train,0
MH-002_19.593469_80.349945,MH-002,19.593469,80.349945,118,63,cnn_train,0
MH-002_19.593469_80.350215,MH-002,19.593469,80.350215,118,64,cnn_train,0
MH-002_19.593469_80.350484,MH-002,19.593469,80.350484,118,65,cnn_train,0
MH-002_19.593469_80.350754,MH-002,19.593469,80.350754,118,66,cnn_train,0
MH-002_19.593469_80.351023,MH-002,19.593469,80.351023,118,67,cnn_train,0
MH-002_19.593469_80.351293,MH-002,19.593469,80.351293,118,68,cnn_train,0
MH-002_19.593469_80.351562,MH-002,19.593469,80.351562,118,69,cnn_train,0
MH-002_19.593469_80.351832,MH-002,19.593469,80.351832,118,70,cnn_train,0
MH-002_19.593469_80.352101,MH-002,19.593469,80.352101,118,71,cnn_train,0
MH-002_19.593469_80.352371,MH-002,19.593469,80.352371,118,72,cnn_train,0
MH-002_19.593469_80.35264,MH-002,19.593469,80.35264,118,73,cnn_train,0
MH-002_19.593469_80.35291,MH-002,19.593469,80.35291,118,74,cnn_train,0
MH-002_19.593469_80.353179,MH-002,19.593469,80.353179,118,75,cnn_train,0
MH-002_19.593469_80.353449,MH-002,19.593469,80.353449,118,76,cnn_train,0
MH-002_19.593469_80.353718,MH-002,19.593469,80.353718,118,77,cnn_train,0
MH-002_19.593469_80.354796,MH-002,19.593469,80.354796,118,81,cnn_train,0
MH-002_19.593469_80.355066,MH-002,19.593469,80.355066,118,82,cnn_train,0
MH-002_19.593469_80.355335,MH-002,19.593469,80.355335,118,83,cnn_train,0
MH-002_19.593469_80.355605,MH-002,19.593469,80.355605,118,84,cnn_train,0
MH-002_19.593469_80.355874,MH-002,19.593469,80.355874,118,85,cnn_train,0
MH-002_19.593469_80.356144,MH-002,19.593469,80.356144,118,86,cnn_train,0
MH-002_19.593469_80.356413,MH-002,19.593469,80.356413,118,87,cnn_train,0
MH-002_19.593469_80.356683,MH-002,19.593469,80.356683,118,88,cnn_train,0
MH-002_19.593469_80.356952,MH-002,19.593469,80.356952,118,89,cnn_train,1
MH-002_19.593469_80.357222,MH-002,19.593469,80.357222,118,90,cnn_train,1
MH-002_19.593469_80.357491,MH-002,19.593469,80.357491,118,91,cnn_train,1
MH-002_19.5932_80.335123,MH-002,19.5932,80.335123,119,8,cnn_train,0
MH-002_19.5932_80.335393,MH-002,19.5932,80.335393,119,9,cnn_train,0
MH-002_19.5932_80.335662,MH-002,19.5932,80.335662,119,10,cnn_train,0
MH-002_19.5932_80.336201,MH-002,19.5932,80.336201,119,12,cnn_train,0
MH-002_19.5932_80.336471,MH-002,19.5932,80.336471,119,13,cnn_train,0
MH-002_19.5932_80.33674,MH-002,19.5932,80.33674,119,14,cnn_train,0
MH-002_19.5932_80.337549,MH-002,19.5932,80.337549,119,17,cnn_train,1
MH-002_19.5932_80.337818,MH-002,19.5932,80.337818,119,18,cnn_train,0
MH-002_19.5932_80.338088,MH-002,19.5932,80.338088,119,19,cnn_train,0
MH-002_19.5932_80.338896,MH-002,19.5932,80.338896,119,22,cnn_train,0
MH-002_19.5932_80.339166,MH-002,19.5932,80.339166,119,23,cnn_train,0
MH-002_19.5932_80.339435,MH-002,19.5932,80.339435,119,24,cnn_train,0
MH-002_19.5932_80.339705,MH-002,19.5932,80.339705,119,25,cnn_train,0
MH-002_19.5932_80.339974,MH-002,19.5932,80.339974,119,26,cnn_train,0
MH-002_19.5932_80.340244,MH-002,19.5932,80.340244,119,27,cnn_train,0
MH-002_19.5932_80.340513,MH-002,19.5932,80.340513,119,28,cnn_train,0
MH-002_19.5932_80.340783,MH-002,19.5932,80.340783,119,29,cnn_train,0
MH-002_19.5932_80.341052,MH-002,19.5932,80.341052,119,30,cnn_train,0
MH-002_19.5932_80.341322,MH-002,19.5932,80.341322,119,31,cnn_train,0
MH-002_19.5932_80.341591,MH-002,19.5932,80.341591,119,32,cnn_train,0
MH-002_19.5932_80.34186,MH-002,19.5932,80.34186,119,33,cnn_train,0
MH-002_19.5932_80.34213,MH-002,19.5932,80.34213,119,34,cnn_train,0
MH-002_19.5932_80.342399,MH-002,19.5932,80.342399,119,35,cnn_train,0
MH-002_19.5932_80.342669,MH-002,19.5932,80.342669,119,36,cnn_train,1
MH-002_19.5932_80.342938,MH-002,19.5932,80.342938,119,37,cnn_train,0
MH-002_19.5932_80.343747,MH-002,19.5932,80.343747,119,40,cnn_train,0
MH-002_19.5932_80.344016,MH-002,19.5932,80.344016,119,41,cnn_train,0
MH-002_19.5932_80.344286,MH-002,19.5932,80.344286,119,42,cnn_train,0
MH-002_19.5932_80.344555,MH-002,19.5932,80.344555,119,43,cnn_train,0
MH-002_19.5932_80.344825,MH-002,19.5932,80.344825,119,44,cnn_train,0
MH-002_19.5932_80.345094,MH-002,19.5932,80.345094,119,45,cnn_train,0
MH-002_19.5932_80.345364,MH-002,19.5932,80.345364,119,46,cnn_train,0
MH-002_19.5932_80.345633,MH-002,19.5932,80.345633,119,47,cnn_train,0
MH-002_19.5932_80.346442,MH-002,19.5932,80.346442,119,50,cnn_train,0
MH-002_19.5932_80.346711,MH-002,19.5932,80.346711,119,51,cnn_train,0
MH-002_19.5932_80.34725,MH-002,19.5932,80.34725,119,53,cnn_train,0
MH-002_19.5932_80.34752,MH-002,19.5932,80.34752,119,54,cnn_train,0
MH-002_19.5932_80.347789,MH-002,19.5932,80.347789,119,55,cnn_train,0
MH-002_19.5932_80.348059,MH-002,19.5932,80.348059,119,56,cnn_train,0
MH-002_19.5932_80.348328,MH-002,19.5932,80.348328,119,57,cnn_train,0
MH-002_19.5932_80.348598,MH-002,19.5932,80.348598,119,58,cnn_train,0
MH-002_19.5932_80.348867,MH-002,19.5932,80.348867,119,59,cnn_train,0
MH-002_19.5932_80.349137,MH-002,19.5932,80.349137,119,60,cnn_train,1
MH-002_19.5932_80.349406,MH-002,19.5932,80.349406,119,61,cnn_train,0
MH-002_19.5932_80.349676,MH-002,19.5932,80.349676,119,62,cnn_train,0
MH-002_19.5932_80.350215,MH-002,19.5932,80.350215,119,64,cnn_train,0
MH-002_19.5932_80.350484,MH-002,19.5932,80.350484,119,65,cnn_train,0
MH-002_19.5932_80.350754,MH-002,19.5932,80.350754,119,66,cnn_train,1
MH-002_19.5932_80.351023,MH-002,19.5932,80.351023,119,67,cnn_train,0
MH-002_19.5932_80.351293,MH-002,19.5932,80.351293,119,68,cnn_train,0
MH-002_19.5932_80.351562,MH-002,19.5932,80.351562,119,69,cnn_train,0
MH-002_19.5932_80.351832,MH-002,19.5932,80.351832,119,70,cnn_train,0
MH-002_19.5932_80.352101,MH-002,19.5932,80.352101,119,71,cnn_train,0
MH-002_19.5932_80.352371,MH-002,19.5932,80.352371,119,72,cnn_train,0
MH-002_19.5932_80.35264,MH-002,19.5932,80.35264,119,73,cnn_train,0
MH-002_19.5932_80.35291,MH-002,19.5932,80.35291,119,74,cnn_train,0
MH-002_19.5932_80.353179,MH-002,19.5932,80.353179,119,75,cnn_train,0
MH-002_19.5932_80.353449,MH-002,19.5932,80.353449,119,76,cnn_train,0
MH-002_19.5932_80.353718,MH-002,19.5932,80.353718,119,77,cnn_train,0
MH-002_19.5932_80.353988,MH-002,19.5932,80.353988,119,78,cnn_train,0
MH-002_19.5932_80.354527,MH-002,19.5932,80.354527,119,80,cnn_train,1
MH-002_19.5932_80.354796,MH-002,19.5932,80.354796,119,81,cnn_train,0
MH-002_19.5932_80.355066,MH-002,19.5932,80.355066,119,82,cnn_train,0
MH-002_19.5932_80.355335,MH-002,19.5932,80.355335,119,83,cnn_train,0
MH-002_19.5932_80.355605,MH-002,19.5932,80.355605,119,84,cnn_train,0
MH-002_19.5932_80.355874,MH-002,19.5932,80.355874,119,85,cnn_train,0
MH-002_19.5932_80.356144,MH-002,19.5932,80.356144,119,86,cnn_train,1
MH-002_19.5932_80.356413,MH-002,19.5932,80.356413,119,87,cnn_train,0
MH-002_19.5932_80.356683,MH-002,19.5932,80.356683,119,88,cnn_train,0
MH-002_19.5932_80.356952,MH-002,19.5932,80.356952,119,89,cnn_train,1
MH-002_19.5932_80.357222,MH-002,19.5932,80.357222,119,90,cnn_train,1
MH-002_19.59293_80.335123,MH-002,19.59293,80.335123,120,8,cnn_train,0
MH-002_19.59293_80.335393,MH-002,19.59293,80.335393,120,9,cnn_train,0
MH-002_19.59293_80.335662,MH-002,19.59293,80.335662,120,10,cnn_train,0
MH-002_19.59293_80.336471,MH-002,19.59293,80.336471,120,13,cnn_train,0
MH-002_19.59293_80.33674,MH-002,19.59293,80.33674,120,14,cnn_train,0
MH-002_19.59293_80.33701,MH-002,19.59293,80.33701,120,15,cnn_train,0
MH-002_19.59293_80.338896,MH-002,19.59293,80.338896,120,22,cnn_train,0
MH-002_19.59293_80.339166,MH-002,19.59293,80.339166,120,23,cnn_train,0
MH-002_19.59293_80.339435,MH-002,19.59293,80.339435,120,24,cnn_train,0
MH-002_19.59293_80.339705,MH-002,19.59293,80.339705,120,25,cnn_train,0
MH-002_19.59293_80.339974,MH-002,19.59293,80.339974,120,26,cnn_train,0
MH-002_19.59293_80.340244,MH-002,19.59293,80.340244,120,27,cnn_train,0
MH-002_19.59293_80.340513,MH-002,19.59293,80.340513,120,28,cnn_train,0
MH-002_19.59293_80.340783,MH-002,19.59293,80.340783,120,29,cnn_train,0
MH-002_19.59293_80.341052,MH-002,19.59293,80.341052,120,30,cnn_train,0
MH-002_19.59293_80.341322,MH-002,19.59293,80.341322,120,31,cnn_train,0
MH-002_19.59293_80.342399,MH-002,19.59293,80.342399,120,35,cnn_train,0
MH-002_19.59293_80.342669,MH-002,19.59293,80.342669,120,36,cnn_train,0
MH-002_19.59293_80.343208,MH-002,19.59293,80.343208,120,38,cnn_train,0
MH-002_19.59293_80.343477,MH-002,19.59293,80.343477,120,39,cnn_train,1
MH-002_19.59293_80.343747,MH-002,19.59293,80.343747,120,40,cnn_train,1
MH-002_19.59293_80.344016,MH-002,19.59293,80.344016,120,41,cnn_train,0
MH-002_19.59293_80.344286,MH-002,19.59293,80.344286,120,42,cnn_train,0
MH-002_19.59293_80.344555,MH-002,19.59293,80.344555,120,43,cnn_train,0
MH-002_19.59293_80.344825,MH-002,19.59293,80.344825,120,44,cnn_train,0
MH-002_19.59293_80.345094,MH-002,19.59293,80.345094,120,45,cnn_train,0
MH-002_19.59293_80.345364,MH-002,19.59293,80.345364,120,46,cnn_train,0
MH-002_19.59293_80.345633,MH-002,19.59293,80.345633,120,47,cnn_train,0
MH-002_19.59293_80.346442,MH-002,19.59293,80.346442,120,50,cnn_train,0
MH-002_19.59293_80.346711,MH-002,19.59293,80.346711,120,51,cnn_train,0
MH-002_19.59293_80.346981,MH-002,19.59293,80.346981,120,52,cnn_train,0
MH-002_19.59293_80.34725,MH-002,19.59293,80.34725,120,53,cnn_train,0
MH-002_19.59293_80.34752,MH-002,19.59293,80.34752,120,54,cnn_train,0
MH-002_19.59293_80.347789,MH-002,19.59293,80.347789,120,55,cnn_train,0
MH-002_19.59293_80.348059,MH-002,19.59293,80.348059,120,56,cnn_train,0
MH-002_19.59293_80.348328,MH-002,19.59293,80.348328,120,57,cnn_train,0
MH-002_19.59293_80.348598,MH-002,19.59293,80.348598,120,58,cnn_train,0
MH-002_19.59293_80.348867,MH-002,19.59293,80.348867,120,59,cnn_train,0
MH-002_19.59293_80.349137,MH-002,19.59293,80.349137,120,60,cnn_train,0
MH-002_19.59293_80.349406,MH-002,19.59293,80.349406,120,61,cnn_train,0
MH-002_19.59293_80.349676,MH-002,19.59293,80.349676,120,62,cnn_train,0
MH-002_19.59293_80.350215,MH-002,19.59293,80.350215,120,64,cnn_train,0
MH-002_19.59293_80.350484,MH-002,19.59293,80.350484,120,65,cnn_train,0
MH-002_19.59293_80.350754,MH-002,19.59293,80.350754,120,66,cnn_train,1
MH-002_19.59293_80.351023,MH-002,19.59293,80.351023,120,67,cnn_train,0
MH-002_19.59293_80.351293,MH-002,19.59293,80.351293,120,68,cnn_train,1
MH-002_19.59293_80.351562,MH-002,19.59293,80.351562,120,69,cnn_train,0
MH-002_19.59293_80.351832,MH-002,19.59293,80.351832,120,70,cnn_train,0
MH-002_19.59293_80.352101,MH-002,19.59293,80.352101,120,71,cnn_train,0
MH-002_19.59293_80.352371,MH-002,19.59293,80.352371,120,72,cnn_train,0
MH-002_19.59293_80.35264,MH-002,19.59293,80.35264,120,73,cnn_train,0
MH-002_19.59293_80.35291,MH-002,19.59293,80.35291,120,74,cnn_train,0
MH-002_19.59293_80.353179,MH-002,19.59293,80.353179,120,75,cnn_train,0
MH-002_19.59293_80.353449,MH-002,19.59293,80.353449,120,76,cnn_train,0
MH-002_19.59293_80.353718,MH-002,19.59293,80.353718,120,77,cnn_train,0
MH-002_19.59293_80.353988,MH-002,19.59293,80.353988,120,78,cnn_train,0
MH-002_19.59293_80.354257,MH-002,19.59293,80.354257,120,79,cnn_train,0
MH-002_19.59293_80.354527,MH-002,19.59293,80.354527,120,80,cnn_train,0
MH-002_19.59293_80.354796,MH-002,19.59293,80.354796,120,81,cnn_train,0
MH-002_19.59293_80.355066,MH-002,19.59293,80.355066,120,82,cnn_train,0
MH-002_19.59293_80.355335,MH-002,19.59293,80.355335,120,83,cnn_train,0
MH-002_19.59293_80.355605,MH-002,19.59293,80.355605,120,84,cnn_train,0
MH-002_19.59293_80.355874,MH-002,19.59293,80.355874,120,85,cnn_train,0
MH-002_19.59293_80.356144,MH-002,19.59293,80.356144,120,86,cnn_train,1
MH-002_19.59293_80.356413,MH-002,19.59293,80.356413,120,87,cnn_train,0
MH-002_19.59293_80.356683,MH-002,19.59293,80.356683,120,88,cnn_train,0
MH-002_19.59293_80.356952,MH-002,19.59293,80.356952,120,89,cnn_train,0
MH-002_19.592661_80.334854,MH-002,19.592661,80.334854,121,7,cnn_train,0
MH-002_19.592661_80.335123,MH-002,19.592661,80.335123,121,8,cnn_train,0
MH-002_19.592661_80.335393,MH-002,19.592661,80.335393,121,9,cnn_train,0
MH-002_19.592661_80.335662,MH-002,19.592661,80.335662,121,10,cnn_train,0
MH-002_19.592661_80.336471,MH-002,19.592661,80.336471,121,13,cnn_train,0
MH-002_19.592661_80.33674,MH-002,19.592661,80.33674,121,14,cnn_train,0
MH-002_19.592661_80.33701,MH-002,19.592661,80.33701,121,15,cnn_train,0
MH-002_19.592661_80.337279,MH-002,19.592661,80.337279,121,16,cnn_train,0
MH-002_19.592661_80.337549,MH-002,19.592661,80.337549,121,17,cnn_train,0
MH-002_19.592661_80.338357,MH-002,19.592661,80.338357,121,20,cnn_train,0
MH-002_19.592661_80.339166,MH-002,19.592661,80.339166,121,23,cnn_train,0
MH-002_19.592661_80.339435,MH-002,19.592661,80.339435,121,24,cnn_train,0
MH-002_19.592661_80.339705,MH-002,19.592661,80.339705,121,25,cnn_train,0
MH-002_19.592661_80.339974,MH-002,19.592661,80.339974,121,26,cnn_train,0
MH-002_19.592661_80.340244,MH-002,19.592661,80.340244,121,27,cnn_train,0
MH-002_19.592661_80.340513,MH-002,19.592661,80.340513,121,28,cnn_train,0
MH-002_19.592661_80.340783,MH-002,19.592661,80.340783,121,29,cnn_train,0
MH-002_19.592661_80.341052,MH-002,19.592661,80.341052,121,30,cnn_train,0
MH-002_19.592661_80.342669,MH-002,19.592661,80.342669,121,36,cnn_train,0
MH-002_19.592661_80.342938,MH-002,19.592661,80.342938,121,37,cnn_train,1
MH-002_19.592661_80.343208,MH-002,19.592661,80.343208,121,38,cnn_train,1
MH-002_19.592661_80.343747,MH-002,19.592661,80.343747,121,40,cnn_train,1
MH-002_19.592661_80.344016,MH-002,19.592661,80.344016,121,41,cnn_train,0
MH-002_19.592661_80.344286,MH-002,19.592661,80.344286,121,42,cnn_train,0
MH-002_19.592661_80.344555,MH-002,19.592661,80.344555,121,43,cnn_train,0
MH-002_19.592661_80.344825,MH-002,19.592661,80.344825,121,44,cnn_train,0
MH-002_19.592661_80.345094,MH-002,19.592661,80.345094,121,45,cnn_train,0
MH-002_19.592661_80.345364,MH-002,19.592661,80.345364,121,46,cnn_train,1
MH-002_19.592661_80.345633,MH-002,19.592661,80.345633,121,47,cnn_train,0
MH-002_19.592661_80.346172,MH-002,19.592661,80.346172,121,49,cnn_train,0
MH-002_19.592661_80.346711,MH-002,19.592661,80.346711,121,51,cnn_train,0
MH-002_19.592661_80.346981,MH-002,19.592661,80.346981,121,52,cnn_train,0
MH-002_19.592661_80.34725,MH-002,19.592661,80.34725,121,53,cnn_train,0
MH-002_19.592661_80.34752,MH-002,19.592661,80.34752,121,54,cnn_train,0
MH-002_19.592661_80.347789,MH-002,19.592661,80.347789,121,55,cnn_train,0
MH-002_19.592661_80.348059,MH-002,19.592661,80.348059,121,56,cnn_train,0
MH-002_19.592661_80.348328,MH-002,19.592661,80.348328,121,57,cnn_train,0
MH-002_19.592661_80.348598,MH-002,19.592661,80.348598,121,58,cnn_train,0
MH-002_19.592661_80.348867,MH-002,19.592661,80.348867,121,59,cnn_train,0
MH-002_19.592661_80.349137,MH-002,19.592661,80.349137,121,60,cnn_train,0
MH-002_19.592661_80.349406,MH-002,19.592661,80.349406,121,61,cnn_train,0
MH-002_19.592661_80.349676,MH-002,19.592661,80.349676,121,62,cnn_train,0
MH-002_19.592661_80.349945,MH-002,19.592661,80.349945,121,63,cnn_train,0
MH-002_19.592661_80.350215,MH-002,19.592661,80.350215,121,64,cnn_train,0
MH-002_19.592661_80.350484,MH-002,19.592661,80.350484,121,65,cnn_train,0
MH-002_19.592661_80.350754,MH-002,19.592661,80.350754,121,66,cnn_train,0
MH-002_19.592661_80.351023,MH-002,19.592661,80.351023,121,67,cnn_train,0
MH-002_19.592661_80.351293,MH-002,19.592661,80.351293,121,68,cnn_train,1
MH-002_19.592661_80.351562,MH-002,19.592661,80.351562,121,69,cnn_train,1
MH-002_19.592661_80.351832,MH-002,19.592661,80.351832,121,70,cnn_train,0
MH-002_19.592661_80.352101,MH-002,19.592661,80.352101,121,71,cnn_train,0
MH-002_19.592661_80.352371,MH-002,19.592661,80.352371,121,72,cnn_train,0
MH-002_19.592661_80.35264,MH-002,19.592661,80.35264,121,73,cnn_train,0
MH-002_19.592661_80.35291,MH-002,19.592661,80.35291,121,74,cnn_train,0
MH-002_19.592661_80.353179,MH-002,19.592661,80.353179,121,75,cnn_train,0
MH-002_19.592661_80.353449,MH-002,19.592661,80.353449,121,76,cnn_train,0
MH-002_19.592661_80.353718,MH-002,19.592661,80.353718,121,77,cnn_train,0
MH-002_19.592661_80.353988,MH-002,19.592661,80.353988,121,78,cnn_train,0
MH-002_19.592661_80.354257,MH-002,19.592661,80.354257,121,79,cnn_train,0
MH-002_19.592661_80.354527,MH-002,19.592661,80.354527,121,80,cnn_train,0
MH-002_19.592661_80.354796,MH-002,19.592661,80.354796,121,81,cnn_train,0
MH-002_19.592661_80.355066,MH-002,19.592661,80.355066,121,82,cnn_train,0
MH-002_19.592661_80.355335,MH-002,19.592661,80.355335,121,83,cnn_train,0
MH-002_19.592661_80.355605,MH-002,19.592661,80.355605,121,84,cnn_train,0
MH-002_19.592661_80.355874,MH-002,19.592661,80.355874,121,85,cnn_train,0
MH-002_19.592661_80.356144,MH-002,19.592661,80.356144,121,86,cnn_train,0
MH-002_19.592661_80.356413,MH-002,19.592661,80.356413,121,87,cnn_train,0
MH-002_19.592661_80.356683,MH-002,19.592661,80.356683,121,88,cnn_train,0
MH-002_19.592661_80.357222,MH-002,19.592661,80.357222,121,90,cnn_train,1
MH-002_19.592661_80.357491,MH-002,19.592661,80.357491,121,91,cnn_train,0
MH-002_19.592391_80.334854,MH-002,19.592391,80.334854,122,7,cnn_train,0
MH-002_19.592391_80.335123,MH-002,19.592391,80.335123,122,8,cnn_train,0
MH-002_19.592391_80.335393,MH-002,19.592391,80.335393,122,9,cnn_train,0
MH-002_19.592391_80.335662,MH-002,19.592391,80.335662,122,10,cnn_train,0
MH-002_19.592391_80.335932,MH-002,19.592391,80.335932,122,11,cnn_train,0
MH-002_19.592391_80.336201,MH-002,19.592391,80.336201,122,12,cnn_train,0
MH-002_19.592391_80.336471,MH-002,19.592391,80.336471,122,13,cnn_train,0
MH-002_19.592391_80.33674,MH-002,19.592391,80.33674,122,14,cnn_train,0
MH-002_19.592391_80.33701,MH-002,19.592391,80.33701,122,15,cnn_train,0
MH-002_19.592391_80.337279,MH-002,19.592391,80.337279,122,16,cnn_train,0
MH-002_19.592391_80.337549,MH-002,19.592391,80.337549,122,17,cnn_train,0
MH-002_19.592391_80.337818,MH-002,19.592391,80.337818,122,18,cnn_train,0
MH-002_19.592391_80.339435,MH-002,19.592391,80.339435,122,24,cnn_train,0
MH-002_19.592391_80.339705,MH-002,19.592391,80.339705,122,25,cnn_train,0
MH-002_19.592391_80.339974,MH-002,19.592391,80.339974,122,26,cnn_train,0
MH-002_19.592391_80.340244,MH-002,19.592391,80.340244,122,27,cnn_train,0
MH-002_19.592391_80.340513,MH-002,19.592391,80.340513,122,28,cnn_train,0
MH-002_19.592391_80.340783,MH-002,19.592391,80.340783,122,29,cnn_train,1
MH-002_19.592391_80.341322,MH-002,19.592391,80.341322,122,31,cnn_train,0
MH-002_19.592391_80.343747,MH-002,19.592391,80.343747,122,40,cnn_train,0
MH-002_19.592391_80.344016,MH-002,19.592391,80.344016,122,41,cnn_train,0
MH-002_19.592391_80.344286,MH-002,19.592391,80.344286,122,42,cnn_train,0
MH-002_19.592391_80.344555,MH-002,19.592391,80.344555,122,43,cnn_train,0
MH-002_19.592391_80.344825,MH-002,19.592391,80.344825,122,44,cnn_train,0
MH-002_19.592391_80.345094,MH-002,19.592391,80.345094,122,45,cnn_train,0
MH-002_19.592391_80.345364,MH-002,19.592391,80.345364,122,46,cnn_train,1
MH-002_19.592391_80.346172,MH-002,19.592391,80.346172,122,49,cnn_train,0
MH-002_19.592391_80.346442,MH-002,19.592391,80.346442,122,50,cnn_train,0
MH-002_19.592391_80.346981,MH-002,19.592391,80.346981,122,52,cnn_train,0
MH-002_19.592391_80.34725,MH-002,19.592391,80.34725,122,53,cnn_train,0
MH-002_19.592391_80.34752,MH-002,19.592391,80.34752,122,54,cnn_train,0
MH-002_19.592391_80.347789,MH-002,19.592391,80.347789,122,55,cnn_train,0
MH-002_19.592391_80.348059,MH-002,19.592391,80.348059,122,56,cnn_train,0
MH-002_19.592391_80.348328,MH-002,19.592391,80.348328,122,57,cnn_train,0
MH-002_19.592391_80.348598,MH-002,19.592391,80.348598,122,58,cnn_train,0
MH-002_19.592391_80.348867,MH-002,19.592391,80.348867,122,59,cnn_train,0
MH-002_19.592391_80.349137,MH-002,19.592391,80.349137,122,60,cnn_train,0
MH-002_19.592391_80.349406,MH-002,19.592391,80.349406,122,61,cnn_train,0
MH-002_19.592391_80.349676,MH-002,19.592391,80.349676,122,62,cnn_train,0
MH-002_19.592391_80.349945,MH-002,19.592391,80.349945,122,63,cnn_train,0
MH-002_19.592391_80.350215,MH-002,19.592391,80.350215,122,64,cnn_train,0
MH-002_19.592391_80.350484,MH-002,19.592391,80.350484,122,65,cnn_train,0
MH-002_19.592391_80.350754,MH-002,19.592391,80.350754,122,66,cnn_train,0
MH-002_19.592391_80.351023,MH-002,19.592391,80.351023,122,67,cnn_train,0
MH-002_19.592391_80.351293,MH-002,19.592391,80.351293,122,68,cnn_train,0
MH-002_19.592391_80.351562,MH-002,19.592391,80.351562,122,69,cnn_train,0
MH-002_19.592391_80.351832,MH-002,19.592391,80.351832,122,70,cnn_train,0
MH-002_19.592391_80.352101,MH-002,19.592391,80.352101,122,71,cnn_train,0
MH-002_19.592391_80.352371,MH-002,19.592391,80.352371,122,72,cnn_train,0
MH-002_19.592391_80.35264,MH-002,19.592391,80.35264,122,73,cnn_train,0
MH-002_19.592391_80.35291,MH-002,19.592391,80.35291,122,74,cnn_train,0
MH-002_19.592391_80.353179,MH-002,19.592391,80.353179,122,75,cnn_train,0
MH-002_19.592391_80.353449,MH-002,19.592391,80.353449,122,76,cnn_train,0
MH-002_19.592391_80.353718,MH-002,19.592391,80.353718,122,77,cnn_train,0
MH-002_19.592391_80.353988,MH-002,19.592391,80.353988,122,78,cnn_train,0
MH-002_19.592391_80.354257,MH-002,19.592391,80.354257,122,79,cnn_train,0
MH-002_19.592391_80.354527,MH-002,19.592391,80.354527,122,80,cnn_train,0
MH-002_19.592391_80.354796,MH-002,19.592391,80.354796,122,81,cnn_train,0
MH-002_19.592391_80.355066,MH-002,19.592391,80.355066,122,82,cnn_train,1
MH-002_19.592391_80.355335,MH-002,19.592391,80.355335,122,83,cnn_train,1
MH-002_19.592391_80.355605,MH-002,19.592391,80.355605,122,84,cnn_train,0
MH-002_19.592391_80.355874,MH-002,19.592391,80.355874,122,85,cnn_train,0
MH-002_19.592391_80.356144,MH-002,19.592391,80.356144,122,86,cnn_train,0
MH-002_19.592391_80.356413,MH-002,19.592391,80.356413,122,87,cnn_train,1
MH-002_19.592391_80.357491,MH-002,19.592391,80.357491,122,91,cnn_train,0
MH-002_19.592122_80.334854,MH-002,19.592122,80.334854,123,7,cnn_train,0
MH-002_19.592122_80.335123,MH-002,19.592122,80.335123,123,8,cnn_train,0
MH-002_19.592122_80.335393,MH-002,19.592122,80.335393,123,9,cnn_train,0
MH-002_19.592122_80.335662,MH-002,19.592122,80.335662,123,10,cnn_train,0
MH-002_19.592122_80.335932,MH-002,19.592122,80.335932,123,11,cnn_train,0
MH-002_19.592122_80.336201,MH-002,19.592122,80.336201,123,12,cnn_train,0
MH-002_19.592122_80.336471,MH-002,19.592122,80.336471,123,13,cnn_train,0
MH-002_19.592122_80.33674,MH-002,19.592122,80.33674,123,14,cnn_train,0
MH-002_19.592122_80.33701,MH-002,19.592122,80.33701,123,15,cnn_train,0
MH-002_19.592122_80.337279,MH-002,19.592122,80.337279,123,16,cnn_train,0
MH-002_19.592122_80.337549,MH-002,19.592122,80.337549,123,17,cnn_train,0
MH-002_19.592122_80.337818,MH-002,19.592122,80.337818,123,18,cnn_train,0
MH-002_19.592122_80.339974,MH-002,19.592122,80.339974,123,26,cnn_train,0
MH-002_19.592122_80.341052,MH-002,19.592122,80.341052,123,30,cnn_train,1
MH-002_19.592122_80.341322,MH-002,19.592122,80.341322,123,31,cnn_train,1
MH-002_19.592122_80.34186,MH-002,19.592122,80.34186,123,33,cnn_train,0
MH-002_19.592122_80.342399,MH-002,19.592122,80.342399,123,35,cnn_train,1
MH-002_19.592122_80.343747,MH-002,19.592122,80.343747,123,40,cnn_train,0
MH-002_19.592122_80.344016,MH-002,19.592122,80.344016,123,41,cnn_train,0
MH-002_19.592122_80.344286,MH-002,19.592122,80.344286,123,42,cnn_train,0
MH-002_19.592122_80.344555,MH-002,19.592122,80.344555,123,43,cnn_train,0
MH-002_19.592122_80.344825,MH-002,19.592122,80.344825,123,44,cnn_train,0
MH-002_19.592122_80.345094,MH-002,19.592122,80.345094,123,45,cnn_train,0
MH-002_19.592122_80.345364,MH-002,19.592122,80.345364,123,46,cnn_train,1
MH-002_19.592122_80.34725,MH-002,19.592122,80.34725,123,53,cnn_train,0
MH-002_19.592122_80.34752,MH-002,19.592122,80.34752,123,54,cnn_train,0
MH-002_19.592122_80.347789,MH-002,19.592122,80.347789,123,55,cnn_train,0
MH-002_19.592122_80.348059,MH-002,19.592122,80.348059,123,56,cnn_train,0
MH-002_19.592122_80.348328,MH-002,19.592122,80.348328,123,57,cnn_train,0
MH-002_19.592122_80.348598,MH-002,19.592122,80.348598,123,58,cnn_train,0
MH-002_19.592122_80.348867,MH-002,19.592122,80.348867,123,59,cnn_train,0
MH-002_19.592122_80.349137,MH-002,19.592122,80.349137,123,60,cnn_train,0
MH-002_19.592122_80.349406,MH-002,19.592122,80.349406,123,61,cnn_train,0
MH-002_19.592122_80.349676,MH-002,19.592122,80.349676,123,62,cnn_train,0
MH-002_19.592122_80.349945,MH-002,19.592122,80.349945,123,63,cnn_train,0
MH-002_19.592122_80.350215,MH-002,19.592122,80.350215,123,64,cnn_train,0
MH-002_19.592122_80.350484,MH-002,19.592122,80.350484,123,65,cnn_train,0
MH-002_19.592122_80.350754,MH-002,19.592122,80.350754,123,66,cnn_train,0
MH-002_19.592122_80.351023,MH-002,19.592122,80.351023,123,67,cnn_train,0
MH-002_19.592122_80.351293,MH-002,19.592122,80.351293,123,68,cnn_train,0
MH-002_19.592122_80.351562,MH-002,19.592122,80.351562,123,69,cnn_train,0
MH-002_19.592122_80.351832,MH-002,19.592122,80.351832,123,70,cnn_train,0
MH-002_19.592122_80.352101,MH-002,19.592122,80.352101,123,71,cnn_train,0
MH-002_19.592122_80.352371,MH-002,19.592122,80.352371,123,72,cnn_train,1
MH-002_19.592122_80.35264,MH-002,19.592122,80.35264,123,73,cnn_train,1
MH-002_19.592122_80.35291,MH-002,19.592122,80.35291,123,74,cnn_train,0
MH-002_19.592122_80.353179,MH-002,19.592122,80.353179,123,75,cnn_train,0
MH-002_19.592122_80.353449,MH-002,19.592122,80.353449,123,76,cnn_train,1
MH-002_19.592122_80.353718,MH-002,19.592122,80.353718,123,77,cnn_train,0
MH-002_19.592122_80.353988,MH-002,19.592122,80.353988,123,78,cnn_train,0
MH-002_19.592122_80.354257,MH-002,19.592122,80.354257,123,79,cnn_train,0
MH-002_19.592122_80.354527,MH-002,19.592122,80.354527,123,80,cnn_train,0
MH-002_19.592122_80.354796,MH-002,19.592122,80.354796,123,81,cnn_train,0
MH-002_19.592122_80.355066,MH-002,19.592122,80.355066,123,82,cnn_train,1
MH-002_19.592122_80.355335,MH-002,19.592122,80.355335,123,83,cnn_train,1
MH-002_19.592122_80.355605,MH-002,19.592122,80.355605,123,84,cnn_train,0
MH-002_19.592122_80.355874,MH-002,19.592122,80.355874,123,85,cnn_train,0
MH-002_19.592122_80.356144,MH-002,19.592122,80.356144,123,86,cnn_train,0
MH-002_19.592122_80.356413,MH-002,19.592122,80.356413,123,87,cnn_train,1
MH-002_19.591852_80.334854,MH-002,19.591852,80.334854,124,7,cnn_train,0
MH-002_19.591852_80.335123,MH-002,19.591852,80.335123,124,8,cnn_train,0
MH-002_19.591852_80.335393,MH-002,19.591852,80.335393,124,9,cnn_train,0
MH-002_19.591852_80.335662,MH-002,19.591852,80.335662,124,10,cnn_train,0
MH-002_19.591852_80.335932,MH-002,19.591852,80.335932,124,11,cnn_train,0
MH-002_19.591852_80.336201,MH-002,19.591852,80.336201,124,12,cnn_train,0
MH-002_19.591852_80.336471,MH-002,19.591852,80.336471,124,13,cnn_train,0
MH-002_19.591852_80.33674,MH-002,19.591852,80.33674,124,14,cnn_train,0
MH-002_19.591852_80.33701,MH-002,19.591852,80.33701,124,15,cnn_train,0
MH-002_19.591852_80.337279,MH-002,19.591852,80.337279,124,16,cnn_train,0
MH-002_19.591852_80.337549,MH-002,19.591852,80.337549,124,17,cnn_train,0
MH-002_19.591852_80.337818,MH-002,19.591852,80.337818,124,18,cnn_train,0
MH-002_19.591852_80.338088,MH-002,19.591852,80.338088,124,19,cnn_train,0
MH-002_19.591852_80.339166,MH-002,19.591852,80.339166,124,23,cnn_train,0
MH-002_19.591852_80.339435,MH-002,19.591852,80.339435,124,24,cnn_train,0
MH-002_19.591852_80.341322,MH-002,19.591852,80.341322,124,31,cnn_train,1
MH-002_19.591852_80.34186,MH-002,19.591852,80.34186,124,33,cnn_train,0
MH-002_19.591852_80.342399,MH-002,19.591852,80.342399,124,35,cnn_train,0
MH-002_19.591852_80.342669,MH-002,19.591852,80.342669,124,36,cnn_train,0
MH-002_19.591852_80.342938,MH-002,19.591852,80.342938,124,37,cnn_train,0
MH-002_19.591852_80.343208,MH-002,19.591852,80.343208,124,38,cnn_train,0
MH-002_19.591852_80.343477,MH-002,19.591852,80.343477,124,39,cnn_train,0
MH-002_19.591852_80.343747,MH-002,19.591852,80.343747,124,40,cnn_train,0
MH-002_19.591852_80.344016,MH-002,19.591852,80.344016,124,41,cnn_train,0
MH-002_19.591852_80.344286,MH-002,19.591852,80.344286,124,42,cnn_train,0
MH-002_19.591852_80.344555,MH-002,19.591852,80.344555,124,43,cnn_train,0
MH-002_19.591852_80.344825,MH-002,19.591852,80.344825,124,44,cnn_train,0
MH-002_19.591852_80.345094,MH-002,19.591852,80.345094,124,45,cnn_train,0
MH-002_19.591852_80.345364,MH-002,19.591852,80.345364,124,46,cnn_train,0
MH-002_19.591852_80.345633,MH-002,19.591852,80.345633,124,47,cnn_train,0
MH-002_19.591852_80.346442,MH-002,19.591852,80.346442,124,50,cnn_train,0
MH-002_19.591852_80.346711,MH-002,19.591852,80.346711,124,51,cnn_train,0
MH-002_19.591852_80.34725,MH-002,19.591852,80.34725,124,53,cnn_train,0
MH-002_19.591852_80.34752,MH-002,19.591852,80.34752,124,54,cnn_train,0
MH-002_19.591852_80.347789,MH-002,19.591852,80.347789,124,55,cnn_train,0
MH-002_19.591852_80.348059,MH-002,19.591852,80.348059,124,56,cnn_train,0
MH-002_19.591852_80.348328,MH-002,19.591852,80.348328,124,57,cnn_train,0
MH-002_19.591852_80.348598,MH-002,19.591852,80.348598,124,58,cnn_train,0
MH-002_19.591852_80.348867,MH-002,19.591852,80.348867,124,59,cnn_train,0
MH-002_19.591852_80.349137,MH-002,19.591852,80.349137,124,60,cnn_train,0
MH-002_19.591852_80.349406,MH-002,19.591852,80.349406,124,61,cnn_train,0
MH-002_19.591852_80.349676,MH-002,19.591852,80.349676,124,62,cnn_train,0
MH-002_19.591852_80.349945,MH-002,19.591852,80.349945,124,63,cnn_train,0
MH-002_19.591852_80.350215,MH-002,19.591852,80.350215,124,64,cnn_train,0
MH-002_19.591852_80.350484,MH-002,19.591852,80.350484,124,65,cnn_train,0
MH-002_19.591852_80.350754,MH-002,19.591852,80.350754,124,66,cnn_train,0
MH-002_19.591852_80.351023,MH-002,19.591852,80.351023,124,67,cnn_train,0
MH-002_19.591852_80.351293,MH-002,19.591852,80.351293,124,68,cnn_train,0
MH-002_19.591852_80.351562,MH-002,19.591852,80.351562,124,69,cnn_train,0
MH-002_19.591852_80.351832,MH-002,19.591852,80.351832,124,70,cnn_train,1
MH-002_19.591852_80.352101,MH-002,19.591852,80.352101,124,71,cnn_train,0
MH-002_19.591852_80.352371,MH-002,19.591852,80.352371,124,72,cnn_train,0
MH-002_19.591852_80.35264,MH-002,19.591852,80.35264,124,73,cnn_train,0
MH-002_19.591852_80.35291,MH-002,19.591852,80.35291,124,74,cnn_train,0
MH-002_19.591852_80.353179,MH-002,19.591852,80.353179,124,75,cnn_train,0
MH-002_19.591852_80.353449,MH-002,19.591852,80.353449,124,76,cnn_train,0
MH-002_19.591852_80.353718,MH-002,19.591852,80.353718,124,77,cnn_train,0
MH-002_19.591852_80.353988,MH-002,19.591852,80.353988,124,78,cnn_train,0
MH-002_19.591852_80.354257,MH-002,19.591852,80.354257,124,79,cnn_train,0
MH-002_19.591852_80.354527,MH-002,19.591852,80.354527,124,80,cnn_train,0
MH-002_19.591852_80.354796,MH-002,19.591852,80.354796,124,81,cnn_train,0
MH-002_19.591852_80.355066,MH-002,19.591852,80.355066,124,82,cnn_train,1
MH-002_19.591852_80.355335,MH-002,19.591852,80.355335,124,83,cnn_train,0
MH-002_19.591852_80.355605,MH-002,19.591852,80.355605,124,84,cnn_train,0
MH-002_19.591852_80.355874,MH-002,19.591852,80.355874,124,85,cnn_train,0
MH-002_19.591852_80.356144,MH-002,19.591852,80.356144,124,86,cnn_train,0
MH-002_19.591852_80.356952,MH-002,19.591852,80.356952,124,89,cnn_train,1
MH-002_19.591852_80.357222,MH-002,19.591852,80.357222,124,90,cnn_train,0
MH-002_19.591583_80.334854,MH-002,19.591583,80.334854,125,7,cnn_train,0
MH-002_19.591583_80.335123,MH-002,19.591583,80.335123,125,8,cnn_train,0
MH-002_19.591583_80.335393,MH-002,19.591583,80.335393,125,9,cnn_train,0
MH-002_19.591583_80.335662,MH-002,19.591583,80.335662,125,10,cnn_train,0
MH-002_19.591583_80.335932,MH-002,19.591583,80.335932,125,11,cnn_train,0
MH-002_19.591583_80.336201,MH-002,19.591583,80.336201,125,12,cnn_train,0
MH-002_19.591583_80.336471,MH-002,19.591583,80.336471,125,13,cnn_train,0
MH-002_19.591583_80.33674,MH-002,19.591583,80.33674,125,14,cnn_train,0
MH-002_19.591583_80.33701,MH-002,19.591583,80.33701,125,15,cnn_train,0
MH-002_19.591583_80.337279,MH-002,19.591583,80.337279,125,16,cnn_train,0
MH-002_19.591583_80.337549,MH-002,19.591583,80.337549,125,17,cnn_train,0
MH-002_19.591583_80.337818,MH-002,19.591583,80.337818,125,18,cnn_train,0
MH-002_19.591583_80.338088,MH-002,19.591583,80.338088,125,19,cnn_train,0
MH-002_19.591583_80.338357,MH-002,19.591583,80.338357,125,20,cnn_train,0
MH-002_19.591583_80.339435,MH-002,19.591583,80.339435,125,24,cnn_train,0
MH-002_19.591583_80.339705,MH-002,19.591583,80.339705,125,25,cnn_train,0
MH-002_19.591583_80.339974,MH-002,19.591583,80.339974,125,26,cnn_train,0
MH-002_19.591583_80.340244,MH-002,19.591583,80.340244,125,27,cnn_train,0
MH-002_19.591583_80.340513,MH-002,19.591583,80.340513,125,28,cnn_train,0
MH-002_19.591583_80.340783,MH-002,19.591583,80.340783,125,29,cnn_train,0
MH-002_19.591583_80.341052,MH-002,19.591583,80.341052,125,30,cnn_train,1
MH-002_19.591583_80.341322,MH-002,19.591583,80.341322,125,31,cnn_train,1
MH-002_19.591583_80.341591,MH-002,19.591583,80.341591,125,32,cnn_train,1
MH-002_19.591583_80.343477,MH-002,19.591583,80.343477,125,39,cnn_train,0
MH-002_19.591583_80.343747,MH-002,19.591583,80.343747,125,40,cnn_train,0
MH-002_19.591583_80.344016,MH-002,19.591583,80.344016,125,41,cnn_train,0
MH-002_19.591583_80.344286,MH-002,19.591583,80.344286,125,42,cnn_train,0
MH-002_19.591583_80.344555,MH-002,19.591583,80.344555,125,43,cnn_train,0
MH-002_19.591583_80.344825,MH-002,19.591583,80.344825,125,44,cnn_train,0
MH-002_19.591583_80.345094,MH-002,19.591583,80.345094,125,45,cnn_train,0
MH-002_19.591583_80.345364,MH-002,19.591583,80.345364,125,46,cnn_train,0
MH-002_19.591583_80.345633,MH-002,19.591583,80.345633,125,47,cnn_train,0
MH-002_19.591583_80.345903,MH-002,19.591583,80.345903,125,48,cnn_train,0
MH-002_19.591583_80.346172,MH-002,19.591583,80.346172,125,49,cnn_train,0
MH-002_19.591583_80.346442,MH-002,19.591583,80.346442,125,50,cnn_train,0
MH-002_19.591583_80.346711,MH-002,19.591583,80.346711,125,51,cnn_train,0
MH-002_19.591583_80.346981,MH-002,19.591583,80.346981,125,52,cnn_train,0
MH-002_19.591583_80.34725,MH-002,19.591583,80.34725,125,53,cnn_train,0
MH-002_19.591583_80.34752,MH-002,19.591583,80.34752,125,54,cnn_train,0
MH-002_19.591583_80.347789,MH-002,19.591583,80.347789,125,55,cnn_train,0
MH-002_19.591583_80.348059,MH-002,19.591583,80.348059,125,56,cnn_train,0
MH-002_19.591583_80.348328,MH-002,19.591583,80.348328,125,57,cnn_train,0
MH-002_19.591583_80.348598,MH-002,19.591583,80.348598,125,58,cnn_train,0
MH-002_19.591583_80.348867,MH-002,19.591583,80.348867,125,59,cnn_train,0
MH-002_19.591583_80.349137,MH-002,19.591583,80.349137,125,60,cnn_train,1
MH-002_19.591583_80.349406,MH-002,19.591583,80.349406,125,61,cnn_train,0
MH-002_19.591583_80.349676,MH-002,19.591583,80.349676,125,62,cnn_train,0
MH-002_19.591583_80.349945,MH-002,19.591583,80.349945,125,63,cnn_train,0
MH-002_19.591583_80.350215,MH-002,19.591583,80.350215,125,64,cnn_train,0
MH-002_19.591583_80.350484,MH-002,19.591583,80.350484,125,65,cnn_train,0
MH-002_19.591583_80.350754,MH-002,19.591583,80.350754,125,66,cnn_train,0
MH-002_19.591583_80.351023,MH-002,19.591583,80.351023,125,67,cnn_train,0
MH-002_19.591583_80.351293,MH-002,19.591583,80.351293,125,68,cnn_train,0
MH-002_19.591583_80.351562,MH-002,19.591583,80.351562,125,69,cnn_train,1
MH-002_19.591583_80.351832,MH-002,19.591583,80.351832,125,70,cnn_train,1
MH-002_19.591583_80.352101,MH-002,19.591583,80.352101,125,71,cnn_train,0
MH-002_19.591583_80.352371,MH-002,19.591583,80.352371,125,72,cnn_train,0
MH-002_19.591583_80.35264,MH-002,19.591583,80.35264,125,73,cnn_train,0
MH-002_19.591583_80.35291,MH-002,19.591583,80.35291,125,74,cnn_train,0
MH-002_19.591583_80.353179,MH-002,19.591583,80.353179,125,75,cnn_train,1
MH-002_19.591583_80.353449,MH-002,19.591583,80.353449,125,76,cnn_train,0
MH-002_19.591583_80.353718,MH-002,19.591583,80.353718,125,77,cnn_train,0
MH-002_19.591583_80.353988,MH-002,19.591583,80.353988,125,78,cnn_train,0
MH-002_19.591583_80.354257,MH-002,19.591583,80.354257,125,79,cnn_train,0
MH-002_19.591583_80.354527,MH-002,19.591583,80.354527,125,80,cnn_train,0
MH-002_19.591583_80.354796,MH-002,19.591583,80.354796,125,81,cnn_train,0
MH-002_19.591583_80.355066,MH-002,19.591583,80.355066,125,82,cnn_train,0
MH-002_19.591583_80.355335,MH-002,19.591583,80.355335,125,83,cnn_train,0
MH-002_19.591583_80.355605,MH-002,19.591583,80.355605,125,84,cnn_train,0
MH-002_19.591583_80.355874,MH-002,19.591583,80.355874,125,85,cnn_train,0
MH-002_19.591583_80.356413,MH-002,19.591583,80.356413,125,87,cnn_train,1
MH-002_19.591583_80.356952,MH-002,19.591583,80.356952,125,89,cnn_train,0
MH-002_19.591583_80.357222,MH-002,19.591583,80.357222,125,90,cnn_train,0
MH-002_19.591313_80.334854,MH-002,19.591313,80.334854,126,7,cnn_train,0
MH-002_19.591313_80.335123,MH-002,19.591313,80.335123,126,8,cnn_train,0
MH-002_19.591313_80.335393,MH-002,19.591313,80.335393,126,9,cnn_train,0
MH-002_19.591313_80.335662,MH-002,19.591313,80.335662,126,10,cnn_train,0
MH-002_19.591313_80.335932,MH-002,19.591313,80.335932,126,11,cnn_train,0
MH-002_19.591313_80.336201,MH-002,19.591313,80.336201,126,12,cnn_train,0
MH-002_19.591313_80.336471,MH-002,19.591313,80.336471,126,13,cnn_train,0
MH-002_19.591313_80.33674,MH-002,19.591313,80.33674,126,14,cnn_train,0
MH-002_19.591313_80.33701,MH-002,19.591313,80.33701,126,15,cnn_train,0
MH-002_19.591313_80.337279,MH-002,19.591313,80.337279,126,16,cnn_train,0
MH-002_19.591313_80.337549,MH-002,19.591313,80.337549,126,17,cnn_train,0
MH-002_19.591313_80.337818,MH-002,19.591313,80.337818,126,18,cnn_train,0
MH-002_19.591313_80.338088,MH-002,19.591313,80.338088,126,19,cnn_train,0
MH-002_19.591313_80.338357,MH-002,19.591313,80.338357,126,20,cnn_train,0
MH-002_19.591313_80.338627,MH-002,19.591313,80.338627,126,21,cnn_train,0
MH-002_19.591313_80.338896,MH-002,19.591313,80.338896,126,22,cnn_train,0
MH-002_19.591313_80.339435,MH-002,19.591313,80.339435,126,24,cnn_train,0
MH-002_19.591313_80.339705,MH-002,19.591313,80.339705,126,25,cnn_train,0
MH-002_19.591313_80.339974,MH-002,19.591313,80.339974,126,26,cnn_train,0
MH-002_19.591313_80.340244,MH-002,19.591313,80.340244,126,27,cnn_train,0
MH-002_19.591313_80.340513,MH-002,19.591313,80.340513,126,28,cnn_train,0
MH-002_19.591313_80.340783,MH-002,19.591313,80.340783,126,29,cnn_train,1
MH-002_19.591313_80.341052,MH-002,19.591313,80.341052,126,30,cnn_train,1
MH-002_19.591313_80.341322,MH-002,19.591313,80.341322,126,31,cnn_train,1
MH-002_19.591313_80.341591,MH-002,19.591313,80.341591,126,32,cnn_train,1
MH-002_19.591313_80.34186,MH-002,19.591313,80.34186,126,33,cnn_train,1
MH-002_19.591313_80.343477,MH-002,19.591313,80.343477,126,39,cnn_train,0
MH-002_19.591313_80.343747,MH-002,19.591313,80.343747,126,40,cnn_train,0
MH-002_19.591313_80.344016,MH-002,19.591313,80.344016,126,41,cnn_train,0
MH-002_19.591313_80.344286,MH-002,19.591313,80.344286,126,42,cnn_train,0
MH-002_19.591313_80.344555,MH-002,19.591313,80.344555,126,43,cnn_train,0
MH-002_19.591313_80.344825,MH-002,19.591313,80.344825,126,44,cnn_train,0
MH-002_19.591313_80.345094,MH-002,19.591313,80.345094,126,45,cnn_train,0
MH-002_19.591313_80.345364,MH-002,19.591313,80.345364,126,46,cnn_train,0
MH-002_19.591313_80.345633,MH-002,19.591313,80.345633,126,47,cnn_train,0
MH-002_19.591313_80.345903,MH-002,19.591313,80.345903,126,48,cnn_train,0
MH-002_19.591313_80.346172,MH-002,19.591313,80.346172,126,49,cnn_train,0
MH-002_19.591313_80.346442,MH-002,19.591313,80.346442,126,50,cnn_train,0
MH-002_19.591313_80.346711,MH-002,19.591313,80.346711,126,51,cnn_train,0
MH-002_19.591313_80.346981,MH-002,19.591313,80.346981,126,52,cnn_train,0
MH-002_19.591313_80.34725,MH-002,19.591313,80.34725,126,53,cnn_train,0
MH-002_19.591313_80.34752,MH-002,19.591313,80.34752,126,54,cnn_train,0
MH-002_19.591313_80.347789,MH-002,19.591313,80.347789,126,55,cnn_train,0
MH-002_19.591313_80.348059,MH-002,19.591313,80.348059,126,56,cnn_train,0
MH-002_19.591313_80.348328,MH-002,19.591313,80.348328,126,57,cnn_train,0
MH-002_19.591313_80.348598,MH-002,19.591313,80.348598,126,58,cnn_train,0
MH-002_19.591313_80.348867,MH-002,19.591313,80.348867,126,59,cnn_train,0
MH-002_19.591313_80.349137,MH-002,19.591313,80.349137,126,60,cnn_train,1
MH-002_19.591313_80.349406,MH-002,19.591313,80.349406,126,61,cnn_train,0
MH-002_19.591313_80.349676,MH-002,19.591313,80.349676,126,62,cnn_train,0
MH-002_19.591313_80.349945,MH-002,19.591313,80.349945,126,63,cnn_train,0
MH-002_19.591313_80.350215,MH-002,19.591313,80.350215,126,64,cnn_train,0
MH-002_19.591313_80.350484,MH-002,19.591313,80.350484,126,65,cnn_train,0
MH-002_19.591313_80.350754,MH-002,19.591313,80.350754,126,66,cnn_train,0
MH-002_19.591313_80.351023,MH-002,19.591313,80.351023,126,67,cnn_train,0
MH-002_19.591313_80.351293,MH-002,19.591313,80.351293,126,68,cnn_train,0
MH-002_19.591313_80.351562,MH-002,19.591313,80.351562,126,69,cnn_train,0
MH-002_19.591313_80.351832,MH-002,19.591313,80.351832,126,70,cnn_train,1
MH-002_19.591313_80.352101,MH-002,19.591313,80.352101,126,71,cnn_train,0
MH-002_19.591313_80.352371,MH-002,19.591313,80.352371,126,72,cnn_train,0
MH-002_19.591313_80.35264,MH-002,19.591313,80.35264,126,73,cnn_train,0
MH-002_19.591313_80.35291,MH-002,19.591313,80.35291,126,74,cnn_train,0
MH-002_19.591313_80.353449,MH-002,19.591313,80.353449,126,76,cnn_train,1
MH-002_19.591313_80.353718,MH-002,19.591313,80.353718,126,77,cnn_train,0
MH-002_19.591313_80.353988,MH-002,19.591313,80.353988,126,78,cnn_train,0
MH-002_19.591313_80.354257,MH-002,19.591313,80.354257,126,79,cnn_train,0
MH-002_19.591313_80.354527,MH-002,19.591313,80.354527,126,80,cnn_train,0
MH-002_19.591313_80.354796,MH-002,19.591313,80.354796,126,81,cnn_train,0
MH-002_19.591313_80.355066,MH-002,19.591313,80.355066,126,82,cnn_train,0
MH-002_19.591313_80.355335,MH-002,19.591313,80.355335,126,83,cnn_train,0
MH-002_19.591313_80.355605,MH-002,19.591313,80.355605,126,84,cnn_train,0
MH-002_19.591313_80.355874,MH-002,19.591313,80.355874,126,85,cnn_train,0
MH-002_19.591313_80.356144,MH-002,19.591313,80.356144,126,86,cnn_train,0
MH-002_19.591313_80.356952,MH-002,19.591313,80.356952,126,89,cnn_train,0
MH-002_19.591044_80.334854,MH-002,19.591044,80.334854,127,7,cnn_train,0
MH-002_19.591044_80.335123,MH-002,19.591044,80.335123,127,8,cnn_train,0
MH-002_19.591044_80.335393,MH-002,19.591044,80.335393,127,9,cnn_train,0
MH-002_19.591044_80.335662,MH-002,19.591044,80.335662,127,10,cnn_train,0
MH-002_19.591044_80.335932,MH-002,19.591044,80.335932,127,11,cnn_train,0
MH-002_19.591044_80.336201,MH-002,19.591044,80.336201,127,12,cnn_train,0
MH-002_19.591044_80.336471,MH-002,19.591044,80.336471,127,13,cnn_train,0
MH-002_19.591044_80.33674,MH-002,19.591044,80.33674,127,14,cnn_train,0
MH-002_19.591044_80.33701,MH-002,19.591044,80.33701,127,15,cnn_train,0
MH-002_19.591044_80.337279,MH-002,19.591044,80.337279,127,16,cnn_train,0
MH-002_19.591044_80.337549,MH-002,19.591044,80.337549,127,17,cnn_train,0
MH-002_19.591044_80.337818,MH-002,19.591044,80.337818,127,18,cnn_train,0
MH-002_19.591044_80.338088,MH-002,19.591044,80.338088,127,19,cnn_train,0
MH-002_19.591044_80.338357,MH-002,19.591044,80.338357,127,20,cnn_train,0
MH-002_19.591044_80.338627,MH-002,19.591044,80.338627,127,21,cnn_train,0
MH-002_19.591044_80.338896,MH-002,19.591044,80.338896,127,22,cnn_train,0
MH-002_19.591044_80.339166,MH-002,19.591044,80.339166,127,23,cnn_train,0
MH-002_19.591044_80.341591,MH-002,19.591044,80.341591,127,32,cnn_train,1
MH-002_19.591044_80.34186,MH-002,19.591044,80.34186,127,33,cnn_train,0
MH-002_19.591044_80.34213,MH-002,19.591044,80.34213,127,34,cnn_train,0
MH-002_19.591044_80.342669,MH-002,19.591044,80.342669,127,36,cnn_train,1
MH-002_19.591044_80.343747,MH-002,19.591044,80.343747,127,40,cnn_train,0
MH-002_19.591044_80.344016,MH-002,19.591044,80.344016,127,41,cnn_train,0
MH-002_19.591044_80.344286,MH-002,19.591044,80.344286,127,42,cnn_train,0
MH-002_19.591044_80.344555,MH-002,19.591044,80.344555,127,43,cnn_train,0
MH-002_19.591044_80.344825,MH-002,19.591044,80.344825,127,44,cnn_train,0
MH-002_19.591044_80.345094,MH-002,19.591044,80.345094,127,45,cnn_train,0
MH-002_19.591044_80.345364,MH-002,19.591044,80.345364,127,46,cnn_train,0
MH-002_19.591044_80.345633,MH-002,19.591044,80.345633,127,47,cnn_train,0
MH-002_19.591044_80.345903,MH-002,19.591044,80.345903,127,48,cnn_train,0
MH-002_19.591044_80.346172,MH-002,19.591044,80.346172,127,49,cnn_train,0
MH-002_19.591044_80.346442,MH-002,19.591044,80.346442,127,50,cnn_train,1
MH-002_19.591044_80.34725,MH-002,19.591044,80.34725,127,53,cnn_train,0
MH-002_19.591044_80.34752,MH-002,19.591044,80.34752,127,54,cnn_train,0
MH-002_19.591044_80.347789,MH-002,19.591044,80.347789,127,55,cnn_train,0
MH-002_19.591044_80.348059,MH-002,19.591044,80.348059,127,56,cnn_train,0
MH-002_19.591044_80.348328,MH-002,19.591044,80.348328,127,57,cnn_train,0
MH-002_19.591044_80.348598,MH-002,19.591044,80.348598,127,58,cnn_train,0
MH-002_19.591044_80.348867,MH-002,19.591044,80.348867,127,59,cnn_train,0
MH-002_19.591044_80.349137,MH-002,19.591044,80.349137,127,60,cnn_train,0
MH-002_19.591044_80.349406,MH-002,19.591044,80.349406,127,61,cnn_train,0
MH-002_19.591044_80.349676,MH-002,19.591044,80.349676,127,62,cnn_train,0
MH-002_19.591044_80.349945,MH-002,19.591044,80.349945,127,63,cnn_train,0
MH-002_19.591044_80.350215,MH-002,19.591044,80.350215,127,64,cnn_train,0
MH-002_19.591044_80.350484,MH-002,19.591044,80.350484,127,65,cnn_train,0
MH-002_19.591044_80.350754,MH-002,19.591044,80.350754,127,66,cnn_train,0
MH-002_19.591044_80.351023,MH-002,19.591044,80.351023,127,67,cnn_train,0
MH-002_19.591044_80.351293,MH-002,19.591044,80.351293,127,68,cnn_train,0
MH-002_19.591044_80.352371,MH-002,19.591044,80.352371,127,72,cnn_train,0
MH-002_19.591044_80.35264,MH-002,19.591044,80.35264,127,73,cnn_train,0
MH-002_19.591044_80.353718,MH-002,19.591044,80.353718,127,77,cnn_train,0
MH-002_19.591044_80.353988,MH-002,19.591044,80.353988,127,78,cnn_train,0
MH-002_19.591044_80.354257,MH-002,19.591044,80.354257,127,79,cnn_train,0
MH-002_19.591044_80.354527,MH-002,19.591044,80.354527,127,80,cnn_train,0
MH-002_19.591044_80.354796,MH-002,19.591044,80.354796,127,81,cnn_train,0
MH-002_19.591044_80.355066,MH-002,19.591044,80.355066,127,82,cnn_train,0
MH-002_19.591044_80.355335,MH-002,19.591044,80.355335,127,83,cnn_train,0
MH-002_19.591044_80.355605,MH-002,19.591044,80.355605,127,84,cnn_train,1
MH-002_19.591044_80.355874,MH-002,19.591044,80.355874,127,85,cnn_train,1
MH-002_19.591044_80.356144,MH-002,19.591044,80.356144,127,86,cnn_train,1
MH-002_19.591044_80.356952,MH-002,19.591044,80.356952,127,89,cnn_train,0
MH-002_19.591044_80.357222,MH-002,19.591044,80.357222,127,90,cnn_train,0
MH-002_19.590774_80.334854,MH-002,19.590774,80.334854,128,7,cnn_train,0
MH-002_19.590774_80.335123,MH-002,19.590774,80.335123,128,8,cnn_train,0
MH-002_19.590774_80.335393,MH-002,19.590774,80.335393,128,9,cnn_train,0
MH-002_19.590774_80.335662,MH-002,19.590774,80.335662,128,10,cnn_train,0
MH-002_19.590774_80.335932,MH-002,19.590774,80.335932,128,11,cnn_train,0
MH-002_19.590774_80.336201,MH-002,19.590774,80.336201,128,12,cnn_train,0
MH-002_19.590774_80.336471,MH-002,19.590774,80.336471,128,13,cnn_train,0
MH-002_19.590774_80.33674,MH-002,19.590774,80.33674,128,14,cnn_train,0
MH-002_19.590774_80.33701,MH-002,19.590774,80.33701,128,15,cnn_train,0
MH-002_19.590774_80.337279,MH-002,19.590774,80.337279,128,16,cnn_train,0
MH-002_19.590774_80.337549,MH-002,19.590774,80.337549,128,17,cnn_train,0
MH-002_19.590774_80.337818,MH-002,19.590774,80.337818,128,18,cnn_train,1
MH-002_19.590774_80.338088,MH-002,19.590774,80.338088,128,19,cnn_train,0
MH-002_19.590774_80.338357,MH-002,19.590774,80.338357,128,20,cnn_train,0
MH-002_19.590774_80.338627,MH-002,19.590774,80.338627,128,21,cnn_train,0
MH-002_19.590774_80.338896,MH-002,19.590774,80.338896,128,22,cnn_train,0
MH-002_19.590774_80.339166,MH-002,19.590774,80.339166,128,23,cnn_train,0
MH-002_19.590774_80.339435,MH-002,19.590774,80.339435,128,24,cnn_train,0
MH-002_19.590774_80.34186,MH-002,19.590774,80.34186,128,33,cnn_train,0
MH-002_19.590774_80.34213,MH-002,19.590774,80.34213,128,34,cnn_train,0
MH-002_19.590774_80.342399,MH-002,19.590774,80.342399,128,35,cnn_train,1
MH-002_19.590774_80.342938,MH-002,19.590774,80.342938,128,37,cnn_train,0
MH-002_19.590774_80.344016,MH-002,19.590774,80.344016,128,41,cnn_train,0
MH-002_19.590774_80.344286,MH-002,19.590774,80.344286,128,42,cnn_train,0
MH-002_19.590774_80.344555,MH-002,19.590774,80.344555,128,43,cnn_train,0
MH-002_19.590774_80.344825,MH-002,19.590774,80.344825,128,44,cnn_train,0
MH-002_19.590774_80.345094,MH-002,19.590774,80.345094,128,45,cnn_train,0
MH-002_19.590774_80.345364,MH-002,19.590774,80.345364,128,46,cnn_train,1
MH-002_19.590774_80.345633,MH-002,19.590774,80.345633,128,47,cnn_train,0
MH-002_19.590774_80.345903,MH-002,19.590774,80.345903,128,48,cnn_train,0
MH-002_19.590774_80.346172,MH-002,19.590774,80.346172,128,49,cnn_train,0
MH-002_19.590774_80.34725,MH-002,19.590774,80.34725,128,53,cnn_train,0
MH-002_19.590774_80.347789,MH-002,19.590774,80.347789,128,55,cnn_train,0
MH-002_19.590774_80.348059,MH-002,19.590774,80.348059,128,56,cnn_train,0
MH-002_19.590774_80.348328,MH-002,19.590774,80.348328,128,57,cnn_train,0
MH-002_19.590774_80.348598,MH-002,19.590774,80.348598,128,58,cnn_train,0
MH-002_19.590774_80.348867,MH-002,19.590774,80.348867,128,59,cnn_train,0
MH-002_19.590774_80.349137,MH-002,19.590774,80.349137,128,60,cnn_train,0
MH-002_19.590774_80.349406,MH-002,19.590774,80.349406,128,61,cnn_train,0
MH-002_19.590774_80.349676,MH-002,19.590774,80.349676,128,62,cnn_train,0
MH-002_19.590774_80.349945,MH-002,19.590774,80.349945,128,63,cnn_train,0
MH-002_19.590774_80.350215,MH-002,19.590774,80.350215,128,64,cnn_train,0
MH-002_19.590774_80.350484,MH-002,19.590774,80.350484,128,65,cnn_train,0
MH-002_19.590774_80.350754,MH-002,19.590774,80.350754,128,66,cnn_train,0
MH-002_19.590774_80.351023,MH-002,19.590774,80.351023,128,67,cnn_train,0
MH-002_19.590774_80.351293,MH-002,19.590774,80.351293,128,68,cnn_train,0
MH-002_19.590774_80.353449,MH-002,19.590774,80.353449,128,76,cnn_train,0
MH-002_19.590774_80.353988,MH-002,19.590774,80.353988,128,78,cnn_train,0
MH-002_19.590774_80.354257,MH-002,19.590774,80.354257,128,79,cnn_train,0
MH-002_19.590774_80.354527,MH-002,19.590774,80.354527,128,80,cnn_train,0
MH-002_19.590774_80.354796,MH-002,19.590774,80.354796,128,81,cnn_train,0
MH-002_19.590774_80.355066,MH-002,19.590774,80.355066,128,82,cnn_train,0
MH-002_19.590774_80.355335,MH-002,19.590774,80.355335,128,83,cnn_train,0
MH-002_19.590774_80.355605,MH-002,19.590774,80.355605,128,84,cnn_train,1
MH-002_19.590774_80.355874,MH-002,19.590774,80.355874,128,85,cnn_train,1
MH-002_19.590774_80.356144,MH-002,19.590774,80.356144,128,86,cnn_train,1
MH-002_19.590774_80.356413,MH-002,19.590774,80.356413,128,87,cnn_train,1
MH-002_19.590774_80.357491,MH-002,19.590774,80.357491,128,91,cnn_train,0
MH-002_19.590505_80.334854,MH-002,19.590505,80.334854,129,7,cnn_train,0
MH-002_19.590505_80.335123,MH-002,19.590505,80.335123,129,8,cnn_train,0
MH-002_19.590505_80.335393,MH-002,19.590505,80.335393,129,9,cnn_train,0
MH-002_19.590505_80.335662,MH-002,19.590505,80.335662,129,10,cnn_train,0
MH-002_19.590505_80.335932,MH-002,19.590505,80.335932,129,11,cnn_train,0
MH-002_19.590505_80.336201,MH-002,19.590505,80.336201,129,12,cnn_train,0
MH-002_19.590505_80.336471,MH-002,19.590505,80.336471,129,13,cnn_train,0
MH-002_19.590505_80.33674,MH-002,19.590505,80.33674,129,14,cnn_train,0
MH-002_19.590505_80.33701,MH-002,19.590505,80.33701,129,15,cnn_train,0
MH-002_19.590505_80.337279,MH-002,19.590505,80.337279,129,16,cnn_train,0
MH-002_19.590505_80.337549,MH-002,19.590505,80.337549,129,17,cnn_train,0
MH-002_19.590505_80.337818,MH-002,19.590505,80.337818,129,18,cnn_train,1
MH-002_19.590505_80.338088,MH-002,19.590505,80.338088,129,19,cnn_train,0
MH-002_19.590505_80.338357,MH-002,19.590505,80.338357,129,20,cnn_train,0
MH-002_19.590505_80.338627,MH-002,19.590505,80.338627,129,21,cnn_train,0
MH-002_19.590505_80.338896,MH-002,19.590505,80.338896,129,22,cnn_train,0
MH-002_19.590505_80.339166,MH-002,19.590505,80.339166,129,23,cnn_train,0
MH-002_19.590505_80.339435,MH-002,19.590505,80.339435,129,24,cnn_train,0
MH-002_19.590505_80.34213,MH-002,19.590505,80.34213,129,34,cnn_train,0
MH-002_19.590505_80.342399,MH-002,19.590505,80.342399,129,35,cnn_train,0
MH-002_19.590505_80.342669,MH-002,19.590505,80.342669,129,36,cnn_train,0
MH-002_19.590505_80.342938,MH-002,19.590505,80.342938,129,37,cnn_train,0
MH-002_19.590505_80.343477,MH-002,19.590505,80.343477,129,39,cnn_train,0
MH-002_19.590505_80.344016,MH-002,19.590505,80.344016,129,41,cnn_train,0
MH-002_19.590505_80.344286,MH-002,19.590505,80.344286,129,42,cnn_train,0
MH-002_19.590505_80.344555,MH-002,19.590505,80.344555,129,43,cnn_train,0
MH-002_19.590505_80.344825,MH-002,19.590505,80.344825,129,44,cnn_train,0
MH-002_19.590505_80.345094,MH-002,19.590505,80.345094,129,45,cnn_train,0
MH-002_19.590505_80.345364,MH-002,19.590505,80.345364,129,46,cnn_train,0
MH-002_19.590505_80.345633,MH-002,19.590505,80.345633,129,47,cnn_train,0
MH-002_19.590505_80.345903,MH-002,19.590505,80.345903,129,48,cnn_train,0
MH-002_19.590505_80.346172,MH-002,19.590505,80.346172,129,49,cnn_train,0
MH-002_19.590505_80.346442,MH-002,19.590505,80.346442,129,50,cnn_train,0
MH-002_19.590505_80.346711,MH-002,19.590505,80.346711,129,51,cnn_train,0
MH-002_19.590505_80.34725,MH-002,19.590505,80.34725,129,53,cnn_train,0
MH-002_19.590505_80.34752,MH-002,19.590505,80.34752,129,54,cnn_train,0
MH-002_19.590505_80.348059,MH-002,19.590505,80.348059,129,56,cnn_train,0
MH-002_19.590505_80.348328,MH-002,19.590505,80.348328,129,57,cnn_train,0
MH-002_19.590505_80.348598,MH-002,19.590505,80.348598,129,58,cnn_train,0
MH-002_19.590505_80.348867,MH-002,19.590505,80.348867,129,59,cnn_train,0
MH-002_19.590505_80.349137,MH-002,19.590505,80.349137,129,60,cnn_train,0
MH-002_19.590505_80.349406,MH-002,19.590505,80.349406,129,61,cnn_train,0
MH-002_19.590505_80.349676,MH-002,19.590505,80.349676,129,62,cnn_train,0
MH-002_19.590505_80.349945,MH-002,19.590505,80.349945,129,63,cnn_train,0
MH-002_19.590505_80.350215,MH-002,19.590505,80.350215,129,64,cnn_train,0
MH-002_19.590505_80.350484,MH-002,19.590505,80.350484,129,65,cnn_train,0
MH-002_19.590505_80.350754,MH-002,19.590505,80.350754,129,66,cnn_train,0
MH-002_19.590505_80.351023,MH-002,19.590505,80.351023,129,67,cnn_train,0
MH-002_19.590505_80.351293,MH-002,19.590505,80.351293,129,68,cnn_train,0
MH-002_19.590505_80.352101,MH-002,19.590505,80.352101,129,71,cnn_train,0
MH-002_19.590505_80.352371,MH-002,19.590505,80.352371,129,72,cnn_train,0
MH-002_19.590505_80.353988,MH-002,19.590505,80.353988,129,78,cnn_train,0
MH-002_19.590505_80.354257,MH-002,19.590505,80.354257,129,79,cnn_train,0
MH-002_19.590505_80.354527,MH-002,19.590505,80.354527,129,80,cnn_train,0
MH-002_19.590505_80.354796,MH-002,19.590505,80.354796,129,81,cnn_train,0
MH-002_19.590505_80.355066,MH-002,19.590505,80.355066,129,82,cnn_train,0
MH-002_19.590505_80.355335,MH-002,19.590505,80.355335,129,83,cnn_train,0
MH-002_19.590505_80.355605,MH-002,19.590505,80.355605,129,84,cnn_train,1
MH-002_19.590505_80.355874,MH-002,19.590505,80.355874,129,85,cnn_train,1
MH-002_19.590505_80.356683,MH-002,19.590505,80.356683,129,88,cnn_train,0
MH-002_19.590505_80.357491,MH-002,19.590505,80.357491,129,91,cnn_train,0
MH-002_19.590235_80.334854,MH-002,19.590235,80.334854,130,7,cnn_train,0
MH-002_19.590235_80.335123,MH-002,19.590235,80.335123,130,8,cnn_train,0
MH-002_19.590235_80.335393,MH-002,19.590235,80.335393,130,9,cnn_train,0
MH-002_19.590235_80.335662,MH-002,19.590235,80.335662,130,10,cnn_train,0
MH-002_19.590235_80.335932,MH-002,19.590235,80.335932,130,11,cnn_train,0
MH-002_19.590235_80.336201,MH-002,19.590235,80.336201,130,12,cnn_train,0
MH-002_19.590235_80.336471,MH-002,19.590235,80.336471,130,13,cnn_train,0
MH-002_19.590235_80.33674,MH-002,19.590235,80.33674,130,14,cnn_train,0
MH-002_19.590235_80.33701,MH-002,19.590235,80.33701,130,15,cnn_train,0
MH-002_19.590235_80.337279,MH-002,19.590235,80.337279,130,16,cnn_train,0
MH-002_19.590235_80.337549,MH-002,19.590235,80.337549,130,17,cnn_train,0
MH-002_19.590235_80.337818,MH-002,19.590235,80.337818,130,18,cnn_train,0
MH-002_19.590235_80.338088,MH-002,19.590235,80.338088,130,19,cnn_train,0
MH-002_19.590235_80.338357,MH-002,19.590235,80.338357,130,20,cnn_train,0
MH-002_19.590235_80.338627,MH-002,19.590235,80.338627,130,21,cnn_train,0
MH-002_19.590235_80.338896,MH-002,19.590235,80.338896,130,22,cnn_train,0
MH-002_19.590235_80.339166,MH-002,19.590235,80.339166,130,23,cnn_train,0
MH-002_19.590235_80.339435,MH-002,19.590235,80.339435,130,24,cnn_train,0
MH-002_19.590235_80.339705,MH-002,19.590235,80.339705,130,25,cnn_train,0
MH-002_19.590235_80.34213,MH-002,19.590235,80.34213,130,34,cnn_train,0
MH-002_19.590235_80.342399,MH-002,19.590235,80.342399,130,35,cnn_train,0
MH-002_19.590235_80.342669,MH-002,19.590235,80.342669,130,36,cnn_train,1
MH-002_19.590235_80.342938,MH-002,19.590235,80.342938,130,37,cnn_train,0
MH-002_19.590235_80.343208,MH-002,19.590235,80.343208,130,38,cnn_train,0
MH-002_19.590235_80.343747,MH-002,19.590235,80.343747,130,40,cnn_train,0
MH-002_19.590235_80.344016,MH-002,19.590235,80.344016,130,41,cnn_train,0
MH-002_19.590235_80.344286,MH-002,19.590235,80.344286,130,42,cnn_train,0
MH-002_19.590235_80.344555,MH-002,19.590235,80.344555,130,43,cnn_train,0
MH-002_19.590235_80.344825,MH-002,19.590235,80.344825,130,44,cnn_train,0
MH-002_19.590235_80.345094,MH-002,19.590235,80.345094,130,45,cnn_train,0
MH-002_19.590235_80.345364,MH-002,19.590235,80.345364,130,46,cnn_train,0
MH-002_19.590235_80.345633,MH-002,19.590235,80.345633,130,47,cnn_train,0
MH-002_19.590235_80.345903,MH-002,19.590235,80.345903,130,48,cnn_train,0
MH-002_19.590235_80.346442,MH-002,19.590235,80.346442,130,50,cnn_train,0
MH-002_19.590235_80.346711,MH-002,19.590235,80.346711,130,51,cnn_train,0
MH-002_19.590235_80.34725,MH-002,19.590235,80.34725,130,53,cnn_train,0
MH-002_19.590235_80.34752,MH-002,19.590235,80.34752,130,54,cnn_train,0
MH-002_19.590235_80.347789,MH-002,19.590235,80.347789,130,55,cnn_train,0
MH-002_19.590235_80.348328,MH-002,19.590235,80.348328,130,57,cnn_train,0
MH-002_19.590235_80.348598,MH-002,19.590235,80.348598,130,58,cnn_train,0
MH-002_19.590235_80.348867,MH-002,19.590235,80.348867,130,59,cnn_train,0
MH-002_19.590235_80.349137,MH-002,19.590235,80.349137,130,60,cnn_train,0
MH-002_19.590235_80.349406,MH-002,19.590235,80.349406,130,61,cnn_train,0
MH-002_19.590235_80.349676,MH-002,19.590235,80.349676,130,62,cnn_train,1
MH-002_19.590235_80.349945,MH-002,19.590235,80.349945,130,63,cnn_train,1
MH-002_19.590235_80.350215,MH-002,19.590235,80.350215,130,64,cnn_train,0
MH-002_19.590235_80.350484,MH-002,19.590235,80.350484,130,65,cnn_train,0
MH-002_19.590235_80.350754,MH-002,19.590235,80.350754,130,66,cnn_train,0
MH-002_19.590235_80.351023,MH-002,19.590235,80.351023,130,67,cnn_train,0
MH-002_19.590235_80.351293,MH-002,19.590235,80.351293,130,68,cnn_train,0
MH-002_19.590235_80.351562,MH-002,19.590235,80.351562,130,69,cnn_train,0
MH-002_19.590235_80.351832,MH-002,19.590235,80.351832,130,70,cnn_train,0
MH-002_19.590235_80.352101,MH-002,19.590235,80.352101,130,71,cnn_train,0
MH-002_19.590235_80.352371,MH-002,19.590235,80.352371,130,72,cnn_train,0
MH-002_19.590235_80.35264,MH-002,19.590235,80.35264,130,73,cnn_train,0
MH-002_19.590235_80.353988,MH-002,19.590235,80.353988,130,78,cnn_train,0
MH-002_19.590235_80.354257,MH-002,19.590235,80.354257,130,79,cnn_train,0
MH-002_19.590235_80.354527,MH-002,19.590235,80.354527,130,80,cnn_train,0
MH-002_19.590235_80.354796,MH-002,19.590235,80.354796,130,81,cnn_train,0
MH-002_19.590235_80.355066,MH-002,19.590235,80.355066,130,82,cnn_train,0
MH-002_19.590235_80.355335,MH-002,19.590235,80.355335,130,83,cnn_train,0
MH-002_19.590235_80.355605,MH-002,19.590235,80.355605,130,84,cnn_train,0
MH-002_19.590235_80.355874,MH-002,19.590235,80.355874,130,85,cnn_train,1
MH-002_19.590235_80.357491,MH-002,19.590235,80.357491,130,91,cnn_train,0
MH-002_19.589966_80.334854,MH-002,19.589966,80.334854,131,7,cnn_train,0
MH-002_19.589966_80.335123,MH-002,19.589966,80.335123,131,8,cnn_train,0
MH-002_19.589966_80.335393,MH-002,19.589966,80.335393,131,9,cnn_train,0
MH-002_19.589966_80.335662,MH-002,19.589966,80.335662,131,10,cnn_train,0
MH-002_19.589966_80.335932,MH-002,19.589966,80.335932,131,11,cnn_train,0
MH-002_19.589966_80.336201,MH-002,19.589966,80.336201,131,12,cnn_train,0
MH-002_19.589966_80.336471,MH-002,19.589966,80.336471,131,13,cnn_train,0
MH-002_19.589966_80.33674,MH-002,19.589966,80.33674,131,14,cnn_train,0
MH-002_19.589966_80.33701,MH-002,19.589966,80.33701,131,15,cnn_train,0
MH-002_19.589966_80.337279,MH-002,19.589966,80.337279,131,16,cnn_train,0
MH-002_19.589966_80.337549,MH-002,19.589966,80.337549,131,17,cnn_train,0
MH-002_19.589966_80.337818,MH-002,19.589966,80.337818,131,18,cnn_train,0
MH-002_19.589966_80.338088,MH-002,19.589966,80.338088,131,19,cnn_train,0
MH-002_19.589966_80.338357,MH-002,19.589966,80.338357,131,20,cnn_train,0
MH-002_19.589966_80.338627,MH-002,19.589966,80.338627,131,21,cnn_train,0
MH-002_19.589966_80.338896,MH-002,19.589966,80.338896,131,22,cnn_train,0
MH-002_19.589966_80.339166,MH-002,19.589966,80.339166,131,23,cnn_train,0
MH-002_19.589966_80.339435,MH-002,19.589966,80.339435,131,24,cnn_train,0
MH-002_19.589966_80.339705,MH-002,19.589966,80.339705,131,25,cnn_train,0
MH-002_19.589966_80.339974,MH-002,19.589966,80.339974,131,26,cnn_train,0
MH-002_19.589966_80.341052,MH-002,19.589966,80.341052,131,30,cnn_train,0
MH-002_19.589966_80.341322,MH-002,19.589966,80.341322,131,31,cnn_train,0
MH-002_19.589966_80.341591,MH-002,19.589966,80.341591,131,32,cnn_train,0
MH-002_19.589966_80.34213,MH-002,19.589966,80.34213,131,34,cnn_train,0
MH-002_19.589966_80.342399,MH-002,19.589966,80.342399,131,35,cnn_train,0
MH-002_19.589966_80.342669,MH-002,19.589966,80.342669,131,36,cnn_train,0
MH-002_19.589966_80.342938,MH-002,19.589966,80.342938,131,37,cnn_train,0
MH-002_19.589966_80.343747,MH-002,19.589966,80.343747,131,40,cnn_train,1
MH-002_19.589966_80.344016,MH-002,19.589966,80.344016,131,41,cnn_train,1
MH-002_19.589966_80.344286,MH-002,19.589966,80.344286,131,42,cnn_train,1
MH-002_19.589966_80.344555,MH-002,19.589966,80.344555,131,43,cnn_train,0
MH-002_19.589966_80.344825,MH-002,19.589966,80.344825,131,44,cnn_train,0
MH-002_19.589966_80.345094,MH-002,19.589966,80.345094,131,45,cnn_train,0
MH-002_19.589966_80.345364,MH-002,19.589966,80.345364,131,46,cnn_train,0
MH-002_19.589966_80.345633,MH-002,19.589966,80.345633,131,47,cnn_train,0
MH-002_19.589966_80.346172,MH-002,19.589966,80.346172,131,49,cnn_train,0
MH-002_19.589966_80.346442,MH-002,19.589966,80.346442,131,50,cnn_train,0
MH-002_19.589966_80.346711,MH-002,19.589966,80.346711,131,51,cnn_train,0
MH-002_19.589966_80.34725,MH-002,19.589966,80.34725,131,53,cnn_train,0
MH-002_19.589966_80.34752,MH-002,19.589966,80.34752,131,54,cnn_train,0
MH-002_19.589966_80.347789,MH-002,19.589966,80.347789,131,55,cnn_train,0
MH-002_19.589966_80.348059,MH-002,19.589966,80.348059,131,56,cnn_train,0
MH-002_19.589966_80.348328,MH-002,19.589966,80.348328,131,57,cnn_train,0
MH-002_19.589966_80.348598,MH-002,19.589966,80.348598,131,58,cnn_train,0
MH-002_19.589966_80.348867,MH-002,19.589966,80.348867,131,59,cnn_train,0
MH-002_19.589966_80.349137,MH-002,19.589966,80.349137,131,60,cnn_train,0
MH-002_19.589966_80.349406,MH-002,19.589966,80.349406,131,61,cnn_train,0
MH-002_19.589966_80.349676,MH-002,19.589966,80.349676,131,62,cnn_train,1
MH-002_19.589966_80.349945,MH-002,19.589966,80.349945,131,63,cnn_train,1
MH-002_19.589966_80.350215,MH-002,19.589966,80.350215,131,64,cnn_train,1
MH-002_19.589966_80.350484,MH-002,19.589966,80.350484,131,65,cnn_train,0
MH-002_19.589966_80.350754,MH-002,19.589966,80.350754,131,66,cnn_train,0
MH-002_19.589966_80.351023,MH-002,19.589966,80.351023,131,67,cnn_train,0
MH-002_19.589966_80.351293,MH-002,19.589966,80.351293,131,68,cnn_train,0
MH-002_19.589966_80.351562,MH-002,19.589966,80.351562,131,69,cnn_train,0
MH-002_19.589966_80.351832,MH-002,19.589966,80.351832,131,70,cnn_train,0
MH-002_19.589966_80.352101,MH-002,19.589966,80.352101,131,71,cnn_train,0
MH-002_19.589966_80.352371,MH-002,19.589966,80.352371,131,72,cnn_train,0
MH-002_19.589966_80.35264,MH-002,19.589966,80.35264,131,73,cnn_train,0
MH-002_19.589966_80.35291,MH-002,19.589966,80.35291,131,74,cnn_train,0
MH-002_19.589966_80.353718,MH-002,19.589966,80.353718,131,77,cnn_train,0
MH-002_19.589966_80.353988,MH-002,19.589966,80.353988,131,78,cnn_train,0
MH-002_19.589966_80.354257,MH-002,19.589966,80.354257,131,79,cnn_train,0
MH-002_19.589966_80.354527,MH-002,19.589966,80.354527,131,80,cnn_train,0
MH-002_19.589966_80.354796,MH-002,19.589966,80.354796,131,81,cnn_train,0
MH-002_19.589966_80.355066,MH-002,19.589966,80.355066,131,82,cnn_train,0
MH-002_19.589966_80.355335,MH-002,19.589966,80.355335,131,83,cnn_train,0
MH-002_19.589966_80.355605,MH-002,19.589966,80.355605,131,84,cnn_train,0
MH-002_19.589966_80.357491,MH-002,19.589966,80.357491,131,91,cnn_train,0
MH-002_19.589696_80.334854,MH-002,19.589696,80.334854,132,7,cnn_train,0
MH-002_19.589696_80.335123,MH-002,19.589696,80.335123,132,8,cnn_train,0
MH-002_19.589696_80.335393,MH-002,19.589696,80.335393,132,9,cnn_train,0
MH-002_19.589696_80.335662,MH-002,19.589696,80.335662,132,10,cnn_train,0
MH-002_19.589696_80.335932,MH-002,19.589696,80.335932,132,11,cnn_train,0
MH-002_19.589696_80.336201,MH-002,19.589696,80.336201,132,12,cnn_train,0
MH-002_19.589696_80.336471,MH-002,19.589696,80.336471,132,13,cnn_train,0
MH-002_19.589696_80.33674,MH-002,19.589696,80.33674,132,14,cnn_train,0
MH-002_19.589696_80.33701,MH-002,19.589696,80.33701,132,15,cnn_train,0
MH-002_19.589696_80.337279,MH-002,19.589696,80.337279,132,16,cnn_train,0
MH-002_19.589696_80.337549,MH-002,19.589696,80.337549,132,17,cnn_train,0
MH-002_19.589696_80.337818,MH-002,19.589696,80.337818,132,18,cnn_train,0
MH-002_19.589696_80.338088,MH-002,19.589696,80.338088,132,19,cnn_train,0
MH-002_19.589696_80.338357,MH-002,19.589696,80.338357,132,20,cnn_train,0
MH-002_19.589696_80.338627,MH-002,19.589696,80.338627,132,21,cnn_train,0
MH-002_19.589696_80.338896,MH-002,19.589696,80.338896,132,22,cnn_train,0
MH-002_19.589696_80.339166,MH-002,19.589696,80.339166,132,23,cnn_train,0
MH-002_19.589696_80.339435,MH-002,19.589696,80.339435,132,24,cnn_train,0
MH-002_19.589696_80.339705,MH-002,19.589696,80.339705,132,25,cnn_train,0
MH-002_19.589696_80.339974,MH-002,19.589696,80.339974,132,26,cnn_train,0
MH-002_19.589696_80.340244,MH-002,19.589696,80.340244,132,27,cnn_train,0
MH-002_19.589696_80.341052,MH-002,19.589696,80.341052,132,30,cnn_train,0
MH-002_19.589696_80.341322,MH-002,19.589696,80.341322,132,31,cnn_train,0
MH-002_19.589696_80.341591,MH-002,19.589696,80.341591,132,32,cnn_train,0
MH-002_19.589696_80.34186,MH-002,19.589696,80.34186,132,33,cnn_train,0
MH-002_19.589696_80.34213,MH-002,19.589696,80.34213,132,34,cnn_train,0
MH-002_19.589696_80.342399,MH-002,19.589696,80.342399,132,35,cnn_train,1
MH-002_19.589696_80.342669,MH-002,19.589696,80.342669,132,36,cnn_train,0
MH-002_19.589696_80.342938,MH-002,19.589696,80.342938,132,37,cnn_train,0
MH-002_19.589696_80.343477,MH-002,19.589696,80.343477,132,39,cnn_train,0
MH-002_19.589696_80.343747,MH-002,19.589696,80.343747,132,40,cnn_train,1
MH-002_19.589696_80.344016,MH-002,19.589696,80.344016,132,41,cnn_train,0
MH-002_19.589696_80.344286,MH-002,19.589696,80.344286,132,42,cnn_train,0
MH-002_19.589696_80.344555,MH-002,19.589696,80.344555,132,43,cnn_train,0
MH-002_19.589696_80.344825,MH-002,19.589696,80.344825,132,44,cnn_train,0
MH-002_19.589696_80.345094,MH-002,19.589696,80.345094,132,45,cnn_train,0
MH-002_19.589696_80.346442,MH-002,19.589696,80.346442,132,50,cnn_train,0
MH-002_19.589696_80.346711,MH-002,19.589696,80.346711,132,51,cnn_train,0
MH-002_19.589696_80.348059,MH-002,19.589696,80.348059,132,56,cnn_train,0
MH-002_19.589696_80.348328,MH-002,19.589696,80.348328,132,57,cnn_train,0
MH-002_19.589696_80.348598,MH-002,19.589696,80.348598,132,58,cnn_train,0
MH-002_19.589696_80.348867,MH-002,19.589696,80.348867,132,59,cnn_train,0
MH-002_19.589696_80.349137,MH-002,19.589696,80.349137,132,60,cnn_train,0
MH-002_19.589696_80.349406,MH-002,19.589696,80.349406,132,61,cnn_train,0
MH-002_19.589696_80.349676,MH-002,19.589696,80.349676,132,62,cnn_train,1
MH-002_19.589696_80.349945,MH-002,19.589696,80.349945,132,63,cnn_train,1
MH-002_19.589696_80.350215,MH-002,19.589696,80.350215,132,64,cnn_train,0
MH-002_19.589696_80.350484,MH-002,19.589696,80.350484,132,65,cnn_train,0
MH-002_19.589696_80.350754,MH-002,19.589696,80.350754,132,66,cnn_train,0
MH-002_19.589696_80.351023,MH-002,19.589696,80.351023,132,67,cnn_train,0
MH-002_19.589696_80.351293,MH-002,19.589696,80.351293,132,68,cnn_train,0
MH-002_19.589696_80.351562,MH-002,19.589696,80.351562,132,69,cnn_train,0
MH-002_19.589696_80.351832,MH-002,19.589696,80.351832,132,70,cnn_train,0
MH-002_19.589696_80.352101,MH-002,19.589696,80.352101,132,71,cnn_train,0
MH-002_19.589696_80.352371,MH-002,19.589696,80.352371,132,72,cnn_train,0
MH-002_19.589696_80.35264,MH-002,19.589696,80.35264,132,73,cnn_train,0
MH-002_19.589696_80.35291,MH-002,19.589696,80.35291,132,74,cnn_train,0
MH-002_19.589696_80.353718,MH-002,19.589696,80.353718,132,77,cnn_train,0
MH-002_19.589696_80.353988,MH-002,19.589696,80.353988,132,78,cnn_train,0
MH-002_19.589696_80.354257,MH-002,19.589696,80.354257,132,79,cnn_train,0
MH-002_19.589696_80.354527,MH-002,19.589696,80.354527,132,80,cnn_train,0
MH-002_19.589696_80.354796,MH-002,19.589696,80.354796,132,81,cnn_train,0
MH-002_19.589696_80.355066,MH-002,19.589696,80.355066,132,82,cnn_train,0
MH-002_19.589696_80.355335,MH-002,19.589696,80.355335,132,83,cnn_train,0
MH-002_19.589427_80.334854,MH-002,19.589427,80.334854,133,7,cnn_train,0
MH-002_19.589427_80.335123,MH-002,19.589427,80.335123,133,8,cnn_train,0
MH-002_19.589427_80.335393,MH-002,19.589427,80.335393,133,9,cnn_train,0
MH-002_19.589427_80.335662,MH-002,19.589427,80.335662,133,10,cnn_train,0
MH-002_19.589427_80.335932,MH-002,19.589427,80.335932,133,11,cnn_train,0
MH-002_19.589427_80.336201,MH-002,19.589427,80.336201,133,12,cnn_train,0
MH-002_19.589427_80.336471,MH-002,19.589427,80.336471,133,13,cnn_train,0
MH-002_19.589427_80.33674,MH-002,19.589427,80.33674,133,14,cnn_train,0
MH-002_19.589427_80.33701,MH-002,19.589427,80.33701,133,15,cnn_train,0
MH-002_19.589427_80.337279,MH-002,19.589427,80.337279,133,16,cnn_train,0
MH-002_19.589427_80.337549,MH-002,19.589427,80.337549,133,17,cnn_train,0
MH-002_19.589427_80.337818,MH-002,19.589427,80.337818,133,18,cnn_train,0
MH-002_19.589427_80.338088,MH-002,19.589427,80.338088,133,19,cnn_train,0
MH-002_19.589427_80.338357,MH-002,19.589427,80.338357,133,20,cnn_train,0
MH-002_19.589427_80.338627,MH-002,19.589427,80.338627,133,21,cnn_train,0
MH-002_19.589427_80.338896,MH-002,19.589427,80.338896,133,22,cnn_train,0
MH-002_19.589427_80.339166,MH-002,19.589427,80.339166,133,23,cnn_train,0
MH-002_19.589427_80.339435,MH-002,19.589427,80.339435,133,24,cnn_train,0
MH-002_19.589427_80.339705,MH-002,19.589427,80.339705,133,25,cnn_train,0
MH-002_19.589427_80.339974,MH-002,19.589427,80.339974,133,26,cnn_train,0
MH-002_19.589427_80.340244,MH-002,19.589427,80.340244,133,27,cnn_train,0
MH-002_19.589427_80.340513,MH-002,19.589427,80.340513,133,28,cnn_train,0
MH-002_19.589427_80.341322,MH-002,19.589427,80.341322,133,31,cnn_train,0
MH-002_19.589427_80.341591,MH-002,19.589427,80.341591,133,32,cnn_train,0
MH-002_19.589427_80.34186,MH-002,19.589427,80.34186,133,33,cnn_train,0
MH-002_19.589427_80.34213,MH-002,19.589427,80.34213,133,34,cnn_train,0
MH-002_19.589427_80.342399,MH-002,19.589427,80.342399,133,35,cnn_train,0
MH-002_19.589427_80.342669,MH-002,19.589427,80.342669,133,36,cnn_train,0
MH-002_19.589427_80.343208,MH-002,19.589427,80.343208,133,38,cnn_train,0
MH-002_19.589427_80.343477,MH-002,19.589427,80.343477,133,39,cnn_train,0
MH-002_19.589427_80.343747,MH-002,19.589427,80.343747,133,40,cnn_train,0
MH-002_19.589427_80.344016,MH-002,19.589427,80.344016,133,41,cnn_train,0
MH-002_19.589427_80.345364,MH-002,19.589427,80.345364,133,46,cnn_train,0
MH-002_19.589427_80.345633,MH-002,19.589427,80.345633,133,47,cnn_train,0
MH-002_19.589427_80.345903,MH-002,19.589427,80.345903,133,48,cnn_train,0
MH-002_19.589427_80.346172,MH-002,19.589427,80.346172,133,49,cnn_train,0
MH-002_19.589427_80.346711,MH-002,19.589427,80.346711,133,51,cnn_train,0
MH-002_19.589427_80.348328,MH-002,19.589427,80.348328,133,57,cnn_train,0
MH-002_19.589427_80.348598,MH-002,19.589427,80.348598,133,58,cnn_train,0
MH-002_19.589427_80.348867,MH-002,19.589427,80.348867,133,59,cnn_train,0
MH-002_19.589427_80.349137,MH-002,19.589427,80.349137,133,60,cnn_train,0
MH-002_19.589427_80.349406,MH-002,19.589427,80.349406,133,61,cnn_train,0
MH-002_19.589427_80.349676,MH-002,19.589427,80.349676,133,62,cnn_train,0
MH-002_19.589427_80.349945,MH-002,19.589427,80.349945,133,63,cnn_train,0
MH-002_19.589427_80.350215,MH-002,19.589427,80.350215,133,64,cnn_train,0
MH-002_19.589427_80.350484,MH-002,19.589427,80.350484,133,65,cnn_train,0
MH-002_19.589427_80.350754,MH-002,19.589427,80.350754,133,66,cnn_train,0
MH-002_19.589427_80.351023,MH-002,19.589427,80.351023,133,67,cnn_train,0
MH-002_19.589427_80.351293,MH-002,19.589427,80.351293,133,68,cnn_train,0
MH-002_19.589427_80.351562,MH-002,19.589427,80.351562,133,69,cnn_train,0
MH-002_19.589427_80.351832,MH-002,19.589427,80.351832,133,70,cnn_train,0
MH-002_19.589427_80.352101,MH-002,19.589427,80.352101,133,71,cnn_train,0
MH-002_19.589427_80.352371,MH-002,19.589427,80.352371,133,72,cnn_train,0
MH-002_19.589427_80.35264,MH-002,19.589427,80.35264,133,73,cnn_train,0
MH-002_19.589427_80.35291,MH-002,19.589427,80.35291,133,74,cnn_train,0
MH-002_19.589427_80.353988,MH-002,19.589427,80.353988,133,78,cnn_train,0
MH-002_19.589427_80.354257,MH-002,19.589427,80.354257,133,79,cnn_train,0
MH-002_19.589427_80.354527,MH-002,19.589427,80.354527,133,80,cnn_train,0
MH-002_19.589427_80.354796,MH-002,19.589427,80.354796,133,81,cnn_train,0
MH-002_19.589427_80.355066,MH-002,19.589427,80.355066,133,82,cnn_train,0
MH-002_19.589427_80.355335,MH-002,19.589427,80.355335,133,83,cnn_train,0
MH-002_19.589157_80.334854,MH-002,19.589157,80.334854,134,7,cnn_train,0
MH-002_19.589157_80.335123,MH-002,19.589157,80.335123,134,8,cnn_train,0
MH-002_19.589157_80.335393,MH-002,19.589157,80.335393,134,9,cnn_train,0
MH-002_19.589157_80.335662,MH-002,19.589157,80.335662,134,10,cnn_train,0
MH-002_19.589157_80.335932,MH-002,19.589157,80.335932,134,11,cnn_train,0
MH-002_19.589157_80.336201,MH-002,19.589157,80.336201,134,12,cnn_train,0
MH-002_19.589157_80.336471,MH-002,19.589157,80.336471,134,13,cnn_train,0
MH-002_19.589157_80.33674,MH-002,19.589157,80.33674,134,14,cnn_train,0
MH-002_19.589157_80.33701,MH-002,19.589157,80.33701,134,15,cnn_train,0
MH-002_19.589157_80.337279,MH-002,19.589157,80.337279,134,16,cnn_train,0
MH-002_19.589157_80.337549,MH-002,19.589157,80.337549,134,17,cnn_train,0
MH-002_19.589157_80.337818,MH-002,19.589157,80.337818,134,18,cnn_train,0
MH-002_19.589157_80.338088,MH-002,19.589157,80.338088,134,19,cnn_train,0
MH-002_19.589157_80.338357,MH-002,19.589157,80.338357,134,20,cnn_train,0
MH-002_19.589157_80.338627,MH-002,19.589157,80.338627,134,21,cnn_train,0
MH-002_19.589157_80.338896,MH-002,19.589157,80.338896,134,22,cnn_train,0
MH-002_19.589157_80.339166,MH-002,19.589157,80.339166,134,23,cnn_train,0
MH-002_19.589157_80.339435,MH-002,19.589157,80.339435,134,24,cnn_train,0
MH-002_19.589157_80.339705,MH-002,19.589157,80.339705,134,25,cnn_train,0
MH-002_19.589157_80.339974,MH-002,19.589157,80.339974,134,26,cnn_train,0
MH-002_19.589157_80.340244,MH-002,19.589157,80.340244,134,27,cnn_train,0
MH-002_19.589157_80.340513,MH-002,19.589157,80.340513,134,28,cnn_train,0
MH-002_19.589157_80.341322,MH-002,19.589157,80.341322,134,31,cnn_train,0
MH-002_19.589157_80.341591,MH-002,19.589157,80.341591,134,32,cnn_train,0
MH-002_19.589157_80.34186,MH-002,19.589157,80.34186,134,33,cnn_train,0
MH-002_19.589157_80.34213,MH-002,19.589157,80.34213,134,34,cnn_train,0
MH-002_19.589157_80.342399,MH-002,19.589157,80.342399,134,35,cnn_train,0
MH-002_19.589157_80.342669,MH-002,19.589157,80.342669,134,36,cnn_train,1
MH-002_19.589157_80.343208,MH-002,19.589157,80.343208,134,38,cnn_train,0
MH-002_19.589157_80.343477,MH-002,19.589157,80.343477,134,39,cnn_train,0
MH-002_19.589157_80.343747,MH-002,19.589157,80.343747,134,40,cnn_train,0
MH-002_19.589157_80.344555,MH-002,19.589157,80.344555,134,43,cnn_train,0
MH-002_19.589157_80.344825,MH-002,19.589157,80.344825,134,44,cnn_train,0
MH-002_19.589157_80.345094,MH-002,19.589157,80.345094,134,45,cnn_train,0
MH-002_19.589157_80.345364,MH-002,19.589157,80.345364,134,46,cnn_train,0
MH-002_19.589157_80.345633,MH-002,19.589157,80.345633,134,47,cnn_train,0
MH-002_19.589157_80.345903,MH-002,19.589157,80.345903,134,48,cnn_train,0
MH-002_19.589157_80.346172,MH-002,19.589157,80.346172,134,49,cnn_train,0
MH-002_19.589157_80.348328,MH-002,19.589157,80.348328,134,57,cnn_train,0
MH-002_19.589157_80.348598,MH-002,19.589157,80.348598,134,58,cnn_train,0
MH-002_19.589157_80.348867,MH-002,19.589157,80.348867,134,59,cnn_train,0
MH-002_19.589157_80.349137,MH-002,19.589157,80.349137,134,60,cnn_train,0
MH-002_19.589157_80.349406,MH-002,19.589157,80.349406,134,61,cnn_train,0
MH-002_19.589157_80.349676,MH-002,19.589157,80.349676,134,62,cnn_train,0
MH-002_19.589157_80.349945,MH-002,19.589157,80.349945,134,63,cnn_train,0
MH-002_19.589157_80.350215,MH-002,19.589157,80.350215,134,64,cnn_train,0
MH-002_19.589157_80.350484,MH-002,19.589157,80.350484,134,65,cnn_train,0
MH-002_19.589157_80.350754,MH-002,19.589157,80.350754,134,66,cnn_train,0
MH-002_19.589157_80.351023,MH-002,19.589157,80.351023,134,67,cnn_train,0
MH-002_19.589157_80.351293,MH-002,19.589157,80.351293,134,68,cnn_train,0
MH-002_19.589157_80.351562,MH-002,19.589157,80.351562,134,69,cnn_train,0
MH-002_19.589157_80.351832,MH-002,19.589157,80.351832,134,70,cnn_train,0
MH-002_19.589157_80.352101,MH-002,19.589157,80.352101,134,71,cnn_train,0
MH-002_19.589157_80.352371,MH-002,19.589157,80.352371,134,72,cnn_train,0
MH-002_19.589157_80.35264,MH-002,19.589157,80.35264,134,73,cnn_train,0
MH-002_19.589157_80.35291,MH-002,19.589157,80.35291,134,74,cnn_train,1
MH-002_19.589157_80.353988,MH-002,19.589157,80.353988,134,78,cnn_train,0
MH-002_19.589157_80.354257,MH-002,19.589157,80.354257,134,79,cnn_train,0
MH-002_19.589157_80.354527,MH-002,19.589157,80.354527,134,80,cnn_train,0
MH-002_19.589157_80.354796,MH-002,19.589157,80.354796,134,81,cnn_train,0
MH-002_19.589157_80.355066,MH-002,19.589157,80.355066,134,82,cnn_train,0
MH-002_19.588888_80.334854,MH-002,19.588888,80.334854,135,7,cnn_train,0
MH-002_19.588888_80.335123,MH-002,19.588888,80.335123,135,8,cnn_train,0
MH-002_19.588888_80.335393,MH-002,19.588888,80.335393,135,9,cnn_train,0
MH-002_19.588888_80.335662,MH-002,19.588888,80.335662,135,10,cnn_train,0
MH-002_19.588888_80.335932,MH-002,19.588888,80.335932,135,11,cnn_train,0
MH-002_19.588888_80.336201,MH-002,19.588888,80.336201,135,12,cnn_train,0
MH-002_19.588888_80.336471,MH-002,19.588888,80.336471,135,13,cnn_train,0
MH-002_19.588888_80.33674,MH-002,19.588888,80.33674,135,14,cnn_train,0
MH-002_19.588888_80.33701,MH-002,19.588888,80.33701,135,15,cnn_train,0
MH-002_19.588888_80.337279,MH-002,19.588888,80.337279,135,16,cnn_train,0
MH-002_19.588888_80.337549,MH-002,19.588888,80.337549,135,17,cnn_train,0
MH-002_19.588888_80.337818,MH-002,19.588888,80.337818,135,18,cnn_train,0
MH-002_19.588888_80.338088,MH-002,19.588888,80.338088,135,19,cnn_train,0
MH-002_19.588888_80.338357,MH-002,19.588888,80.338357,135,20,cnn_train,0
MH-002_19.588888_80.338627,MH-002,19.588888,80.338627,135,21,cnn_train,0
MH-002_19.588888_80.338896,MH-002,19.588888,80.338896,135,22,cnn_train,0
MH-002_19.588888_80.339166,MH-002,19.588888,80.339166,135,23,cnn_train,0
MH-002_19.588888_80.339435,MH-002,19.588888,80.339435,135,24,cnn_train,0
MH-002_19.588888_80.339705,MH-002,19.588888,80.339705,135,25,cnn_train,0
MH-002_19.588888_80.339974,MH-002,19.588888,80.339974,135,26,cnn_train,0
MH-002_19.588888_80.340244,MH-002,19.588888,80.340244,135,27,cnn_train,0
MH-002_19.588888_80.340513,MH-002,19.588888,80.340513,135,28,cnn_train,0
MH-002_19.588888_80.340783,MH-002,19.588888,80.340783,135,29,cnn_train,0
MH-002_19.588888_80.341322,MH-002,19.588888,80.341322,135,31,cnn_train,0
MH-002_19.588888_80.341591,MH-002,19.588888,80.341591,135,32,cnn_train,0
MH-002_19.588888_80.34186,MH-002,19.588888,80.34186,135,33,cnn_train,0
MH-002_19.588888_80.34213,MH-002,19.588888,80.34213,135,34,cnn_train,0
MH-002_19.588888_80.342399,MH-002,19.588888,80.342399,135,35,cnn_train,0
MH-002_19.588888_80.342669,MH-002,19.588888,80.342669,135,36,cnn_train,0
MH-002_19.588888_80.343208,MH-002,19.588888,80.343208,135,38,cnn_train,0
MH-002_19.588888_80.343477,MH-002,19.588888,80.343477,135,39,cnn_train,0
MH-002_19.588888_80.343747,MH-002,19.588888,80.343747,135,40,cnn_train,0
MH-002_19.588888_80.344286,MH-002,19.588888,80.344286,135,42,cnn_train,0
MH-002_19.588888_80.344555,MH-002,19.588888,80.344555,135,43,cnn_train,0
MH-002_19.588888_80.344825,MH-002,19.588888,80.344825,135,44,cnn_train,0
MH-002_19.588888_80.345094,MH-002,19.588888,80.345094,135,45,cnn_train,0
MH-002_19.588888_80.345364,MH-002,19.588888,80.345364,135,46,cnn_train,0
MH-002_19.588888_80.345633,MH-002,19.588888,80.345633,135,47,cnn_train,0
MH-002_19.588888_80.345903,MH-002,19.588888,80.345903,135,48,cnn_train,0
MH-002_19.588888_80.346172,MH-002,19.588888,80.346172,135,49,cnn_train,0
MH-002_19.588888_80.34752,MH-002,19.588888,80.34752,135,54,cnn_train,0
MH-002_19.588888_80.348059,MH-002,19.588888,80.348059,135,56,cnn_train,0
MH-002_19.588888_80.348328,MH-002,19.588888,80.348328,135,57,cnn_train,0
MH-002_19.588888_80.348598,MH-002,19.588888,80.348598,135,58,cnn_train,0
MH-002_19.588888_80.348867,MH-002,19.588888,80.348867,135,59,cnn_train,0
MH-002_19.588888_80.349137,MH-002,19.588888,80.349137,135,60,cnn_train,0
MH-002_19.588888_80.349406,MH-002,19.588888,80.349406,135,61,cnn_train,0
MH-002_19.588888_80.349676,MH-002,19.588888,80.349676,135,62,cnn_train,0
MH-002_19.588888_80.349945,MH-002,19.588888,80.349945,135,63,cnn_train,0
MH-002_19.588888_80.350215,MH-002,19.588888,80.350215,135,64,cnn_train,0
MH-002_19.588888_80.350484,MH-002,19.588888,80.350484,135,65,cnn_train,0
MH-002_19.588888_80.350754,MH-002,19.588888,80.350754,135,66,cnn_train,0
MH-002_19.588888_80.351023,MH-002,19.588888,80.351023,135,67,cnn_train,0
MH-002_19.588888_80.351293,MH-002,19.588888,80.351293,135,68,cnn_train,0
MH-002_19.588888_80.351562,MH-002,19.588888,80.351562,135,69,cnn_train,0
MH-002_19.588888_80.351832,MH-002,19.588888,80.351832,135,70,cnn_train,0
MH-002_19.588888_80.352101,MH-002,19.588888,80.352101,135,71,cnn_train,0
MH-002_19.588888_80.352371,MH-002,19.588888,80.352371,135,72,cnn_train,0
MH-002_19.588888_80.35264,MH-002,19.588888,80.35264,135,73,cnn_train,0
MH-002_19.588888_80.35291,MH-002,19.588888,80.35291,135,74,cnn_train,0
MH-002_19.588888_80.353179,MH-002,19.588888,80.353179,135,75,cnn_train,1
MH-002_19.588888_80.354257,MH-002,19.588888,80.354257,135,79,cnn_train,0
MH-002_19.588888_80.354527,MH-002,19.588888,80.354527,135,80,cnn_train,0
MH-002_19.588888_80.354796,MH-002,19.588888,80.354796,135,81,cnn_train,0
MH-002_19.588618_80.334854,MH-002,19.588618,80.334854,136,7,cnn_train,0
MH-002_19.588618_80.335123,MH-002,19.588618,80.335123,136,8,cnn_train,0
MH-002_19.588618_80.335393,MH-002,19.588618,80.335393,136,9,cnn_train,0
MH-002_19.588618_80.335662,MH-002,19.588618,80.335662,136,10,cnn_train,0
MH-002_19.588618_80.335932,MH-002,19.588618,80.335932,136,11,cnn_train,0
MH-002_19.588618_80.336201,MH-002,19.588618,80.336201,136,12,cnn_train,0
MH-002_19.588618_80.336471,MH-002,19.588618,80.336471,136,13,cnn_train,0
MH-002_19.588618_80.33674,MH-002,19.588618,80.33674,136,14,cnn_train,0
MH-002_19.588618_80.33701,MH-002,19.588618,80.33701,136,15,cnn_train,0
MH-002_19.588618_80.337279,MH-002,19.588618,80.337279,136,16,cnn_train,0
MH-002_19.588618_80.337549,MH-002,19.588618,80.337549,136,17,cnn_train,0
MH-002_19.588618_80.337818,MH-002,19.588618,80.337818,136,18,cnn_train,0
MH-002_19.588618_80.338088,MH-002,19.588618,80.338088,136,19,cnn_train,0
MH-002_19.588618_80.338357,MH-002,19.588618,80.338357,136,20,cnn_train,0
MH-002_19.588618_80.338627,MH-002,19.588618,80.338627,136,21,cnn_train,0
MH-002_19.588618_80.338896,MH-002,19.588618,80.338896,136,22,cnn_train,0
MH-002_19.588618_80.339166,MH-002,19.588618,80.339166,136,23,cnn_train,0
MH-002_19.588618_80.339435,MH-002,19.588618,80.339435,136,24,cnn_train,0
MH-002_19.588618_80.339705,MH-002,19.588618,80.339705,136,25,cnn_train,0
MH-002_19.588618_80.339974,MH-002,19.588618,80.339974,136,26,cnn_train,0
MH-002_19.588618_80.340244,MH-002,19.588618,80.340244,136,27,cnn_train,0
MH-002_19.588618_80.340513,MH-002,19.588618,80.340513,136,28,cnn_train,0
MH-002_19.588618_80.340783,MH-002,19.588618,80.340783,136,29,cnn_train,0
MH-002_19.588618_80.341591,MH-002,19.588618,80.341591,136,32,cnn_train,0
MH-002_19.588618_80.34213,MH-002,19.588618,80.34213,136,34,cnn_train,0
MH-002_19.588618_80.342399,MH-002,19.588618,80.342399,136,35,cnn_train,0
MH-002_19.588618_80.342669,MH-002,19.588618,80.342669,136,36,cnn_train,0
MH-002_19.588618_80.343477,MH-002,19.588618,80.343477,136,39,cnn_train,0
MH-002_19.588618_80.343747,MH-002,19.588618,80.343747,136,40,cnn_train,0
MH-002_19.588618_80.344286,MH-002,19.588618,80.344286,136,42,cnn_train,0
MH-002_19.588618_80.344555,MH-002,19.588618,80.344555,136,43,cnn_train,0
MH-002_19.588618_80.344825,MH-002,19.588618,80.344825,136,44,cnn_train,0
MH-002_19.588618_80.345094,MH-002,19.588618,80.345094,136,45,cnn_train,0
MH-002_19.588618_80.345364,MH-002,19.588618,80.345364,136,46,cnn_train,0
MH-002_19.588618_80.345633,MH-002,19.588618,80.345633,136,47,cnn_train,0
MH-002_19.588618_80.345903,MH-002,19.588618,80.345903,136,48,cnn_train,0
MH-002_19.588618_80.346172,MH-002,19.588618,80.346172,136,49,cnn_train,0
MH-002_19.588618_80.347789,MH-002,19.588618,80.347789,136,55,cnn_train,0
MH-002_19.588618_80.348059,MH-002,19.588618,80.348059,136,56,cnn_train,0
MH-002_19.588618_80.348328,MH-002,19.588618,80.348328,136,57,cnn_train,0
MH-002_19.588618_80.348598,MH-002,19.588618,80.348598,136,58,cnn_train,0
MH-002_19.588618_80.348867,MH-002,19.588618,80.348867,136,59,cnn_train,0
MH-002_19.588618_80.349137,MH-002,19.588618,80.349137,136,60,cnn_train,0
MH-002_19.588618_80.349406,MH-002,19.588618,80.349406,136,61,cnn_train,0
MH-002_19.588618_80.349676,MH-002,19.588618,80.349676,136,62,cnn_train,0
MH-002_19.588618_80.349945,MH-002,19.588618,80.349945,136,63,cnn_train,0
MH-002_19.588618_80.350215,MH-002,19.588618,80.350215,136,64,cnn_train,0
MH-002_19.588618_80.350484,MH-002,19.588618,80.350484,136,65,cnn_train,0
MH-002_19.588618_80.350754,MH-002,19.588618,80.350754,136,66,cnn_train,0
MH-002_19.588618_80.351023,MH-002,19.588618,80.351023,136,67,cnn_train,0
MH-002_19.588618_80.351293,MH-002,19.588618,80.351293,136,68,cnn_train,0
MH-002_19.588618_80.351562,MH-002,19.588618,80.351562,136,69,cnn_train,0
MH-002_19.588618_80.351832,MH-002,19.588618,80.351832,136,70,cnn_train,0
MH-002_19.588618_80.352101,MH-002,19.588618,80.352101,136,71,cnn_train,0
MH-002_19.588618_80.352371,MH-002,19.588618,80.352371,136,72,cnn_train,0
MH-002_19.588618_80.35264,MH-002,19.588618,80.35264,136,73,cnn_train,0
MH-002_19.588618_80.35291,MH-002,19.588618,80.35291,136,74,cnn_train,0
MH-002_19.588618_80.353179,MH-002,19.588618,80.353179,136,75,cnn_train,0
MH-002_19.588618_80.354257,MH-002,19.588618,80.354257,136,79,cnn_train,0
MH-002_19.588618_80.354527,MH-002,19.588618,80.354527,136,80,cnn_train,0
MH-002_19.588618_80.354796,MH-002,19.588618,80.354796,136,81,cnn_train,0
MH-002_19.588349_80.335123,MH-002,19.588349,80.335123,137,8,cnn_train,0
MH-002_19.588349_80.335393,MH-002,19.588349,80.335393,137,9,cnn_train,0
MH-002_19.588349_80.335662,MH-002,19.588349,80.335662,137,10,cnn_train,0
MH-002_19.588349_80.335932,MH-002,19.588349,80.335932,137,11,cnn_train,0
MH-002_19.588349_80.336201,MH-002,19.588349,80.336201,137,12,cnn_train,0
MH-002_19.588349_80.336471,MH-002,19.588349,80.336471,137,13,cnn_train,0
MH-002_19.588349_80.33674,MH-002,19.588349,80.33674,137,14,cnn_train,0
MH-002_19.588349_80.33701,MH-002,19.588349,80.33701,137,15,cnn_train,0
MH-002_19.588349_80.337279,MH-002,19.588349,80.337279,137,16,cnn_train,0
MH-002_19.588349_80.337549,MH-002,19.588349,80.337549,137,17,cnn_train,0
MH-002_19.588349_80.337818,MH-002,19.588349,80.337818,137,18,cnn_train,0
MH-002_19.588349_80.338088,MH-002,19.588349,80.338088,137,19,cnn_train,0
MH-002_19.588349_80.338357,MH-002,19.588349,80.338357,137,20,cnn_train,0
MH-002_19.588349_80.338627,MH-002,19.588349,80.338627,137,21,cnn_train,0
MH-002_19.588349_80.338896,MH-002,19.588349,80.338896,137,22,cnn_train,0
MH-002_19.588349_80.339166,MH-002,19.588349,80.339166,137,23,cnn_train,0
MH-002_19.588349_80.339435,MH-002,19.588349,80.339435,137,24,cnn_train,0
MH-002_19.588349_80.339705,MH-002,19.588349,80.339705,137,25,cnn_train,0
MH-002_19.588349_80.339974,MH-002,19.588349,80.339974,137,26,cnn_train,0
MH-002_19.588349_80.340244,MH-002,19.588349,80.340244,137,27,cnn_train,0
MH-002_19.588349_80.340513,MH-002,19.588349,80.340513,137,28,cnn_train,0
MH-002_19.588349_80.340783,MH-002,19.588349,80.340783,137,29,cnn_train,0
MH-002_19.588349_80.34186,MH-002,19.588349,80.34186,137,33,cnn_train,0
MH-002_19.588349_80.34213,MH-002,19.588349,80.34213,137,34,cnn_train,0
MH-002_19.588349_80.342399,MH-002,19.588349,80.342399,137,35,cnn_train,0
MH-002_19.588349_80.342669,MH-002,19.588349,80.342669,137,36,cnn_train,0
MH-002_19.588349_80.342938,MH-002,19.588349,80.342938,137,37,cnn_train,0
MH-002_19.588349_80.344286,MH-002,19.588349,80.344286,137,42,cnn_train,0
MH-002_19.588349_80.344555,MH-002,19.588349,80.344555,137,43,cnn_train,0
MH-002_19.588349_80.345364,MH-002,19.588349,80.345364,137,46,cnn_train,0
MH-002_19.588349_80.345633,MH-002,19.588349,80.345633,137,47,cnn_train,1
MH-002_19.588349_80.345903,MH-002,19.588349,80.345903,137,48,cnn_train,0
MH-002_19.588349_80.346172,MH-002,19.588349,80.346172,137,49,cnn_train,0
MH-002_19.588349_80.348328,MH-002,19.588349,80.348328,137,57,cnn_train,0
MH-002_19.588349_80.348598,MH-002,19.588349,80.348598,137,58,cnn_train,0
MH-002_19.588349_80.348867,MH-002,19.588349,80.348867,137,59,cnn_train,0
MH-002_19.588349_80.349137,MH-002,19.588349,80.349137,137,60,cnn_train,0
MH-002_19.588349_80.349406,MH-002,19.588349,80.349406,137,61,cnn_train,0
MH-002_19.588349_80.349676,MH-002,19.588349,80.349676,137,62,cnn_train,0
MH-002_19.588349_80.349945,MH-002,19.588349,80.349945,137,63,cnn_train,0
MH-002_19.588349_80.350215,MH-002,19.588349,80.350215,137,64,cnn_train,0
MH-002_19.588349_80.350484,MH-002,19.588349,80.350484,137,65,cnn_train,0
MH-002_19.588349_80.350754,MH-002,19.588349,80.350754,137,66,cnn_train,0
MH-002_19.588349_80.351023,MH-002,19.588349,80.351023,137,67,cnn_train,0
MH-002_19.588349_80.351293,MH-002,19.588349,80.351293,137,68,cnn_train,0
MH-002_19.588349_80.351562,MH-002,19.588349,80.351562,137,69,cnn_train,0
MH-002_19.588349_80.351832,MH-002,19.588349,80.351832,137,70,cnn_train,0
MH-002_19.588349_80.352101,MH-002,19.588349,80.352101,137,71,cnn_train,0
MH-002_19.588349_80.352371,MH-002,19.588349,80.352371,137,72,cnn_train,0
MH-002_19.588349_80.35264,MH-002,19.588349,80.35264,137,73,cnn_train,0
MH-002_19.588349_80.35291,MH-002,19.588349,80.35291,137,74,cnn_train,0
MH-002_19.588349_80.353179,MH-002,19.588349,80.353179,137,75,cnn_train,0
MH-002_19.588349_80.354257,MH-002,19.588349,80.354257,137,79,cnn_train,0
MH-002_19.588349_80.354527,MH-002,19.588349,80.354527,137,80,cnn_train,0
MH-002_19.588079_80.335393,MH-002,19.588079,80.335393,138,9,cnn_train,0
MH-002_19.588079_80.335932,MH-002,19.588079,80.335932,138,11,cnn_train,0
MH-002_19.588079_80.337818,MH-002,19.588079,80.337818,138,18,cnn_train,0
MH-002_19.588079_80.338088,MH-002,19.588079,80.338088,138,19,cnn_train,0
MH-002_19.588079_80.338357,MH-002,19.588079,80.338357,138,20,cnn_train,0
MH-002_19.588079_80.338627,MH-002,19.588079,80.338627,138,21,cnn_train,0
MH-002_19.588079_80.338896,MH-002,19.588079,80.338896,138,22,cnn_train,0
MH-002_19.588079_80.339166,MH-002,19.588079,80.339166,138,23,cnn_train,0
MH-002_19.588079_80.339435,MH-002,19.588079,80.339435,138,24,cnn_train,0
MH-002_19.588079_80.339705,MH-002,19.588079,80.339705,138,25,cnn_train,0
MH-002_19.588079_80.339974,MH-002,19.588079,80.339974,138,26,cnn_train,0
MH-002_19.588079_80.340244,MH-002,19.588079,80.340244,138,27,cnn_train,0
MH-002_19.588079_80.340513,MH-002,19.588079,80.340513,138,28,cnn_train,0
MH-002_19.588079_80.340783,MH-002,19.588079,80.340783,138,29,cnn_train,0
MH-002_19.588079_80.341591,MH-002,19.588079,80.341591,138,32,cnn_train,0
MH-002_19.588079_80.34213,MH-002,19.588079,80.34213,138,34,cnn_train,0
MH-002_19.588079_80.342399,MH-002,19.588079,80.342399,138,35,cnn_train,0
MH-002_19.588079_80.342669,MH-002,19.588079,80.342669,138,36,cnn_train,0
MH-002_19.588079_80.342938,MH-002,19.588079,80.342938,138,37,cnn_train,0
MH-002_19.588079_80.344016,MH-002,19.588079,80.344016,138,41,cnn_train,0
MH-002_19.588079_80.344286,MH-002,19.588079,80.344286,138,42,cnn_train,0
MH-002_19.588079_80.345903,MH-002,19.588079,80.345903,138,48,cnn_train,0
MH-002_19.588079_80.346172,MH-002,19.588079,80.346172,138,49,cnn_train,0
MH-002_19.588079_80.348328,MH-002,19.588079,80.348328,138,57,cnn_train,0
MH-002_19.588079_80.348598,MH-002,19.588079,80.348598,138,58,cnn_train,0
MH-002_19.588079_80.348867,MH-002,19.588079,80.348867,138,59,cnn_train,0
MH-002_19.588079_80.349137,MH-002,19.588079,80.349137,138,60,cnn_train,0
MH-002_19.588079_80.349406,MH-002,19.588079,80.349406,138,61,cnn_train,0
MH-002_19.588079_80.349676,MH-002,19.588079,80.349676,138,62,cnn_train,0
MH-002_19.588079_80.349945,MH-002,19.588079,80.349945,138,63,cnn_train,0
MH-002_19.588079_80.350215,MH-002,19.588079,80.350215,138,64,cnn_train,0
MH-002_19.588079_80.350484,MH-002,19.588079,80.350484,138,65,cnn_train,0
MH-002_19.588079_80.350754,MH-002,19.588079,80.350754,138,66,cnn_train,0
MH-002_19.588079_80.351023,MH-002,19.588079,80.351023,138,67,cnn_train,0
MH-002_19.588079_80.351293,MH-002,19.588079,80.351293,138,68,cnn_train,0
MH-002_19.588079_80.351562,MH-002,19.588079,80.351562,138,69,cnn_train,0
MH-002_19.588079_80.351832,MH-002,19.588079,80.351832,138,70,cnn_train,0
MH-002_19.588079_80.352101,MH-002,19.588079,80.352101,138,71,cnn_train,0
MH-002_19.588079_80.352371,MH-002,19.588079,80.352371,138,72,cnn_train,0
MH-002_19.588079_80.35264,MH-002,19.588079,80.35264,138,73,cnn_train,1
MH-002_19.588079_80.35291,MH-002,19.588079,80.35291,138,74,cnn_train,1
MH-002_19.588079_80.353179,MH-002,19.588079,80.353179,138,75,cnn_train,1
MH-002_19.588079_80.353449,MH-002,19.588079,80.353449,138,76,cnn_train,0
MH-002_19.588079_80.354527,MH-002,19.588079,80.354527,138,80,cnn_train,0
MH-002_19.58781_80.336201,MH-002,19.58781,80.336201,139,12,cnn_train,0
MH-002_19.58781_80.336471,MH-002,19.58781,80.336471,139,13,cnn_train,0
MH-002_19.58781_80.33674,MH-002,19.58781,80.33674,139,14,cnn_train,0
MH-002_19.58781_80.33701,MH-002,19.58781,80.33701,139,15,cnn_train,0
MH-002_19.58781_80.337279,MH-002,19.58781,80.337279,139,16,cnn_train,0
MH-002_19.58781_80.338627,MH-002,19.58781,80.338627,139,21,cnn_train,0
MH-002_19.58781_80.338896,MH-002,19.58781,80.338896,139,22,cnn_train,0
MH-002_19.58781_80.339166,MH-002,19.58781,80.339166,139,23,cnn_train,0
MH-002_19.58781_80.339435,MH-002,19.58781,80.339435,139,24,cnn_train,0
MH-002_19.58781_80.339705,MH-002,19.58781,80.339705,139,25,cnn_train,0
MH-002_19.58781_80.339974,MH-002,19.58781,80.339974,139,26,cnn_train,0
MH-002_19.58781_80.340244,MH-002,19.58781,80.340244,139,27,cnn_train,0
MH-002_19.58781_80.340513,MH-002,19.58781,80.340513,139,28,cnn_train,0
MH-002_19.58781_80.340783,MH-002,19.58781,80.340783,139,29,cnn_train,0
MH-002_19.58781_80.341052,MH-002,19.58781,80.341052,139,30,cnn_train,0
MH-002_19.58781_80.341591,MH-002,19.58781,80.341591,139,32,cnn_train,0
MH-002_19.58781_80.34186,MH-002,19.58781,80.34186,139,33,cnn_train,0
MH-002_19.58781_80.34213,MH-002,19.58781,80.34213,139,34,cnn_train,0
MH-002_19.58781_80.342399,MH-002,19.58781,80.342399,139,35,cnn_train,0
MH-002_19.58781_80.342669,MH-002,19.58781,80.342669,139,36,cnn_train,0
MH-002_19.58781_80.342938,MH-002,19.58781,80.342938,139,37,cnn_train,0
MH-002_19.58781_80.343747,MH-002,19.58781,80.343747,139,40,cnn_train,0
MH-002_19.58781_80.344016,MH-002,19.58781,80.344016,139,41,cnn_train,0
MH-002_19.58781_80.348598,MH-002,19.58781,80.348598,139,58,cnn_train,0
MH-002_19.58781_80.348867,MH-002,19.58781,80.348867,139,59,cnn_train,0
MH-002_19.58781_80.349137,MH-002,19.58781,80.349137,139,60,cnn_train,0
MH-002_19.58781_80.349406,MH-002,19.58781,80.349406,139,61,cnn_train,0
MH-002_19.58781_80.349676,MH-002,19.58781,80.349676,139,62,cnn_train,0
MH-002_19.58781_80.349945,MH-002,19.58781,80.349945,139,63,cnn_train,0
MH-002_19.58781_80.350215,MH-002,19.58781,80.350215,139,64,cnn_train,0
MH-002_19.58781_80.350484,MH-002,19.58781,80.350484,139,65,cnn_train,0
MH-002_19.58781_80.350754,MH-002,19.58781,80.350754,139,66,cnn_train,0
MH-002_19.58781_80.351023,MH-002,19.58781,80.351023,139,67,cnn_train,0
MH-002_19.58781_80.351293,MH-002,19.58781,80.351293,139,68,cnn_train,0
MH-002_19.58781_80.351562,MH-002,19.58781,80.351562,139,69,cnn_train,0
MH-002_19.58781_80.351832,MH-002,19.58781,80.351832,139,70,cnn_train,0
MH-002_19.58781_80.352101,MH-002,19.58781,80.352101,139,71,cnn_train,0
MH-002_19.58781_80.352371,MH-002,19.58781,80.352371,139,72,cnn_train,1
MH-002_19.58781_80.35264,MH-002,19.58781,80.35264,139,73,cnn_train,1
MH-002_19.58781_80.35291,MH-002,19.58781,80.35291,139,74,cnn_train,1
MH-002_19.58781_80.353179,MH-002,19.58781,80.353179,139,75,cnn_train,0
MH-002_19.58781_80.353449,MH-002,19.58781,80.353449,139,76,cnn_train,0
MH-002_19.58781_80.353718,MH-002,19.58781,80.353718,139,77,cnn_train,0
MH-002_19.58754_80.335932,MH-002,19.58754,80.335932,140,11,cnn_train,0
MH-002_19.58754_80.336201,MH-002,19.58754,80.336201,140,12,cnn_train,0
MH-002_19.58754_80.336471,MH-002,19.58754,80.336471,140,13,cnn_train,0
MH-002_19.58754_80.33674,MH-002,19.58754,80.33674,140,14,cnn_train,0
MH-002_19.58754_80.33701,MH-002,19.58754,80.33701,140,15,cnn_train,0
MH-002_19.58754_80.337279,MH-002,19.58754,80.337279,140,16,cnn_train,0
MH-002_19.58754_80.337549,MH-002,19.58754,80.337549,140,17,cnn_train,0
MH-002_19.58754_80.337818,MH-002,19.58754,80.337818,140,18,cnn_train,0
MH-002_19.58754_80.338088,MH-002,19.58754,80.338088,140,19,cnn_train,0
MH-002_19.58754_80.338896,MH-002,19.58754,80.338896,140,22,cnn_train,0
MH-002_19.58754_80.339166,MH-002,19.58754,80.339166,140,23,cnn_train,0
MH-002_19.58754_80.339435,MH-002,19.58754,80.339435,140,24,cnn_train,0
MH-002_19.58754_80.339705,MH-002,19.58754,80.339705,140,25,cnn_train,0
MH-002_19.58754_80.339974,MH-002,19.58754,80.339974,140,26,cnn_train,0
MH-002_19.58754_80.340244,MH-002,19.58754,80.340244,140,27,cnn_train,0
MH-002_19.58754_80.340513,MH-002,19.58754,80.340513,140,28,cnn_train,0
MH-002_19.58754_80.340783,MH-002,19.58754,80.340783,140,29,cnn_train,0
MH-002_19.58754_80.341052,MH-002,19.58754,80.341052,140,30,cnn_train,0
MH-002_19.58754_80.341591,MH-002,19.58754,80.341591,140,32,cnn_train,0
MH-002_19.58754_80.34186,MH-002,19.58754,80.34186,140,33,cnn_train,0
MH-002_19.58754_80.342399,MH-002,19.58754,80.342399,140,35,cnn_train,0
MH-002_19.58754_80.343747,MH-002,19.58754,80.343747,140,40,cnn_train,0
MH-002_19.58754_80.344016,MH-002,19.58754,80.344016,140,41,cnn_train,0
MH-002_19.58754_80.345633,MH-002,19.58754,80.345633,140,47,cnn_train,0
MH-002_19.58754_80.348328,MH-002,19.58754,80.348328,140,57,cnn_train,0
MH-002_19.58754_80.348598,MH-002,19.58754,80.348598,140,58,cnn_train,0
MH-002_19.58754_80.348867,MH-002,19.58754,80.348867,140,59,cnn_train,0
MH-002_19.58754_80.349137,MH-002,19.58754,80.349137,140,60,cnn_train,0
MH-002_19.58754_80.349406,MH-002,19.58754,80.349406,140,61,cnn_train,0
MH-002_19.58754_80.349676,MH-002,19.58754,80.349676,140,62,cnn_train,0
MH-002_19.58754_80.349945,MH-002,19.58754,80.349945,140,63,cnn_train,0
MH-002_19.58754_80.350215,MH-002,19.58754,80.350215,140,64,cnn_train,0
MH-002_19.58754_80.350484,MH-002,19.58754,80.350484,140,65,cnn_train,0
MH-002_19.58754_80.350754,MH-002,19.58754,80.350754,140,66,cnn_train,0
MH-002_19.58754_80.351023,MH-002,19.58754,80.351023,140,67,cnn_train,0
MH-002_19.58754_80.351293,MH-002,19.58754,80.351293,140,68,cnn_train,0
MH-002_19.58754_80.351562,MH-002,19.58754,80.351562,140,69,cnn_train,0
MH-002_19.58754_80.351832,MH-002,19.58754,80.351832,140,70,cnn_train,0
MH-002_19.58754_80.352101,MH-002,19.58754,80.352101,140,71,cnn_train,0
MH-002_19.58754_80.352371,MH-002,19.58754,80.352371,140,72,cnn_train,0
MH-002_19.58754_80.35264,MH-002,19.58754,80.35264,140,73,cnn_train,1
MH-002_19.58754_80.35291,MH-002,19.58754,80.35291,140,74,cnn_train,0
MH-002_19.58754_80.353179,MH-002,19.58754,80.353179,140,75,cnn_train,0
MH-002_19.58754_80.353449,MH-002,19.58754,80.353449,140,76,cnn_train,0
MH-002_19.58754_80.353718,MH-002,19.58754,80.353718,140,77,cnn_train,0
MH-002_19.58754_80.353988,MH-002,19.58754,80.353988,140,78,cnn_train,0
MH-002_19.587271_80.336201,MH-002,19.587271,80.336201,141,12,cnn_train,0
MH-002_19.587271_80.336471,MH-002,19.587271,80.336471,141,13,cnn_train,0
MH-002_19.587271_80.33674,MH-002,19.587271,80.33674,141,14,cnn_train,0
MH-002_19.587271_80.33701,MH-002,19.587271,80.33701,141,15,cnn_train,0
MH-002_19.587271_80.337279,MH-002,19.587271,80.337279,141,16,cnn_train,0
MH-002_19.587271_80.337549,MH-002,19.587271,80.337549,141,17,cnn_train,0
MH-002_19.587271_80.337818,MH-002,19.587271,80.337818,141,18,cnn_train,0
MH-002_19.587271_80.338088,MH-002,19.587271,80.338088,141,19,cnn_train,0
MH-002_19.587271_80.338896,MH-002,19.587271,80.338896,141,22,cnn_train,0
MH-002_19.587271_80.339166,MH-002,19.587271,80.339166,141,23,cnn_train,0
MH-002_19.587271_80.339435,MH-002,19.587271,80.339435,141,24,cnn_train,0
MH-002_19.587271_80.339705,MH-002,19.587271,80.339705,141,25,cnn_train,0
MH-002_19.587271_80.339974,MH-002,19.587271,80.339974,141,26,cnn_train,0
MH-002_19.587271_80.340244,MH-002,19.587271,80.340244,141,27,cnn_train,0
MH-002_19.587271_80.340513,MH-002,19.587271,80.340513,141,28,cnn_train,0
MH-002_19.587271_80.340783,MH-002,19.587271,80.340783,141,29,cnn_train,0
MH-002_19.587271_80.34213,MH-002,19.587271,80.34213,141,34,cnn_train,0
MH-002_19.587271_80.342399,MH-002,19.587271,80.342399,141,35,cnn_train,1
MH-002_19.587271_80.342938,MH-002,19.587271,80.342938,141,37,cnn_train,0
MH-002_19.587271_80.343747,MH-002,19.587271,80.343747,141,40,cnn_train,0
MH-002_19.587271_80.344016,MH-002,19.587271,80.344016,141,41,cnn_train,0
MH-002_19.587271_80.344555,MH-002,19.587271,80.344555,141,43,cnn_train,0
MH-002_19.587271_80.34725,MH-002,19.587271,80.34725,141,53,cnn_train,0
MH-002_19.587271_80.347789,MH-002,19.587271,80.347789,141,55,cnn_train,0
MH-002_19.587271_80.348059,MH-002,19.587271,80.348059,141,56,cnn_train,0
MH-002_19.587271_80.348328,MH-002,19.587271,80.348328,141,57,cnn_train,0
MH-002_19.587271_80.348598,MH-002,19.587271,80.348598,141,58,cnn_train,0
MH-002_19.587271_80.348867,MH-002,19.587271,80.348867,141,59,cnn_train,0
MH-002_19.587271_80.349137,MH-002,19.587271,80.349137,141,60,cnn_train,0
MH-002_19.587271_80.349406,MH-002,19.587271,80.349406,141,61,cnn_train,0
MH-002_19.587271_80.349676,MH-002,19.587271,80.349676,141,62,cnn_train,0
MH-002_19.587271_80.349945,MH-002,19.587271,80.349945,141,63,cnn_train,0
MH-002_19.587271_80.350215,MH-002,19.587271,80.350215,141,64,cnn_train,0
MH-002_19.587271_80.350484,MH-002,19.587271,80.350484,141,65,cnn_train,0
MH-002_19.587271_80.350754,MH-002,19.587271,80.350754,141,66,cnn_train,0
MH-002_19.587271_80.351023,MH-002,19.587271,80.351023,141,67,cnn_train,0
MH-002_19.587271_80.351293,MH-002,19.587271,80.351293,141,68,cnn_train,0
MH-002_19.587271_80.351562,MH-002,19.587271,80.351562,141,69,cnn_train,0
MH-002_19.587271_80.351832,MH-002,19.587271,80.351832,141,70,cnn_train,0
MH-002_19.587271_80.352101,MH-002,19.587271,80.352101,141,71,cnn_train,0
MH-002_19.587271_80.352371,MH-002,19.587271,80.352371,141,72,cnn_train,0
MH-002_19.587271_80.35264,MH-002,19.587271,80.35264,141,73,cnn_train,0
MH-002_19.587271_80.35291,MH-002,19.587271,80.35291,141,74,cnn_train,0
MH-002_19.587271_80.353179,MH-002,19.587271,80.353179,141,75,cnn_train,0
MH-002_19.587271_80.353449,MH-002,19.587271,80.353449,141,76,cnn_train,0
MH-002_19.587271_80.353718,MH-002,19.587271,80.353718,141,77,cnn_train,0
MH-002_19.587271_80.353988,MH-002,19.587271,80.353988,141,78,cnn_train,0
MH-002_19.587001_80.338627,MH-002,19.587001,80.338627,142,21,cnn_train,0
MH-002_19.587001_80.338896,MH-002,19.587001,80.338896,142,22,cnn_train,0
MH-002_19.587001_80.339166,MH-002,19.587001,80.339166,142,23,cnn_train,0
MH-002_19.587001_80.339435,MH-002,19.587001,80.339435,142,24,cnn_train,0
MH-002_19.587001_80.339705,MH-002,19.587001,80.339705,142,25,cnn_train,0
MH-002_19.587001_80.339974,MH-002,19.587001,80.339974,142,26,cnn_train,0
MH-002_19.587001_80.340244,MH-002,19.587001,80.340244,142,27,cnn_train,0
MH-002_19.587001_80.340513,MH-002,19.587001,80.340513,142,28,cnn_train,0
MH-002_19.587001_80.340783,MH-002,19.587001,80.340783,142,29,cnn_train,0
MH-002_19.587001_80.341322,MH-002,19.587001,80.341322,142,31,cnn_train,0
MH-002_19.587001_80.341591,MH-002,19.587001,80.341591,142,32,cnn_train,0
MH-002_19.587001_80.343208,MH-002,19.587001,80.343208,142,38,cnn_train,0
MH-002_19.587001_80.343747,MH-002,19.587001,80.343747,142,40,cnn_train,0
MH-002_19.587001_80.344016,MH-002,19.587001,80.344016,142,41,cnn_train,0
MH-002_19.587001_80.344825,MH-002,19.587001,80.344825,142,44,cnn_train,0
MH-002_19.587001_80.345094,MH-002,19.587001,80.345094,142,45,cnn_train,0
MH-002_19.587001_80.346442,MH-002,19.587001,80.346442,142,50,cnn_train,0
MH-002_19.587001_80.346711,MH-002,19.587001,80.346711,142,51,cnn_train,0
MH-002_19.587001_80.34725,MH-002,19.587001,80.34725,142,53,cnn_train,0
MH-002_19.587001_80.34752,MH-002,19.587001,80.34752,142,54,cnn_train,0
MH-002_19.587001_80.347789,MH-002,19.587001,80.347789,142,55,cnn_train,0
MH-002_19.587001_80.348059,MH-002,19.587001,80.348059,142,56,cnn_train,0
MH-002_19.587001_80.348328,MH-002,19.587001,80.348328,142,57,cnn_train,0
MH-002_19.587001_80.348598,MH-002,19.587001,80.348598,142,58,cnn_train,0
MH-002_19.587001_80.348867,MH-002,19.587001,80.348867,142,59,cnn_train,0
MH-002_19.587001_80.349137,MH-002,19.587001,80.349137,142,60,cnn_train,0
MH-002_19.587001_80.349406,MH-002,19.587001,80.349406,142,61,cnn_train,0
MH-002_19.587001_80.349676,MH-002,19.587001,80.349676,142,62,cnn_train,0
MH-002_19.587001_80.349945,MH-002,19.587001,80.349945,142,63,cnn_train,0
MH-002_19.587001_80.350215,MH-002,19.587001,80.350215,142,64,cnn_train,0
MH-002_19.587001_80.350484,MH-002,19.587001,80.350484,142,65,cnn_train,0
MH-002_19.587001_80.350754,MH-002,19.587001,80.350754,142,66,cnn_train,0
MH-002_19.587001_80.351023,MH-002,19.587001,80.351023,142,67,cnn_train,0
MH-002_19.587001_80.351293,MH-002,19.587001,80.351293,142,68,cnn_train,0
MH-002_19.587001_80.351562,MH-002,19.587001,80.351562,142,69,cnn_train,0
MH-002_19.587001_80.351832,MH-002,19.587001,80.351832,142,70,cnn_train,0
MH-002_19.587001_80.352101,MH-002,19.587001,80.352101,142,71,cnn_train,0
MH-002_19.587001_80.352371,MH-002,19.587001,80.352371,142,72,cnn_train,0
MH-002_19.587001_80.35264,MH-002,19.587001,80.35264,142,73,cnn_train,0
MH-002_19.587001_80.35291,MH-002,19.587001,80.35291,142,74,cnn_train,0
MH-002_19.587001_80.353179,MH-002,19.587001,80.353179,142,75,cnn_train,0
MH-002_19.587001_80.353449,MH-002,19.587001,80.353449,142,76,cnn_train,0
MH-002_19.587001_80.353718,MH-002,19.587001,80.353718,142,77,cnn_train,0
MH-002_19.586732_80.33674,MH-002,19.586732,80.33674,143,14,cnn_train,0
MH-002_19.586732_80.33701,MH-002,19.586732,80.33701,143,15,cnn_train,0
MH-002_19.586732_80.337279,MH-002,19.586732,80.337279,143,16,cnn_train,0
MH-002_19.586732_80.337549,MH-002,19.586732,80.337549,143,17,cnn_train,0
MH-002_19.586732_80.337818,MH-002,19.586732,80.337818,143,18,cnn_train,0
MH-002_19.586732_80.338088,MH-002,19.586732,80.338088,143,19,cnn_train,0
MH-002_19.586732_80.338357,MH-002,19.586732,80.338357,143,20,cnn_train,0
MH-002_19.586732_80.338627,MH-002,19.586732,80.338627,143,21,cnn_train,0
MH-002_19.586732_80.338896,MH-002,19.586732,80.338896,143,22,cnn_train,0
MH-002_19.586732_80.339166,MH-002,19.586732,80.339166,143,23,cnn_train,0
MH-002_19.586732_80.339435,MH-002,19.586732,80.339435,143,24,cnn_train,0
MH-002_19.586732_80.339705,MH-002,19.586732,80.339705,143,25,cnn_train,0
MH-002_19.586732_80.339974,MH-002,19.586732,80.339974,143,26,cnn_train,0
MH-002_19.586732_80.340244,MH-002,19.586732,80.340244,143,27,cnn_train,0
MH-002_19.586732_80.340513,MH-002,19.586732,80.340513,143,28,cnn_train,0
MH-002_19.586732_80.340783,MH-002,19.586732,80.340783,143,29,cnn_train,0
MH-002_19.586732_80.341591,MH-002,19.586732,80.341591,143,32,cnn_train,0
MH-002_19.586732_80.34213,MH-002,19.586732,80.34213,143,34,cnn_train,0
MH-002_19.586732_80.342399,MH-002,19.586732,80.342399,143,35,cnn_train,0
MH-002_19.586732_80.342669,MH-002,19.586732,80.342669,143,36,cnn_train,0
MH-002_19.586732_80.342938,MH-002,19.586732,80.342938,143,37,cnn_train,0
MH-002_19.586732_80.343747,MH-002,19.586732,80.343747,143,40,cnn_train,0
MH-002_19.586732_80.345094,MH-002,19.586732,80.345094,143,45,cnn_train,1
MH-002_19.586732_80.346442,MH-002,19.586732,80.346442,143,50,cnn_train,0
MH-002_19.586732_80.346711,MH-002,19.586732,80.346711,143,51,cnn_train,0
MH-002_19.586732_80.34725,MH-002,19.586732,80.34725,143,53,cnn_train,0
MH-002_19.586732_80.34752,MH-002,19.586732,80.34752,143,54,cnn_train,0
MH-002_19.586732_80.347789,MH-002,19.586732,80.347789,143,55,cnn_train,0
MH-002_19.586732_80.348059,MH-002,19.586732,80.348059,143,56,cnn_train,0
MH-002_19.586732_80.348328,MH-002,19.586732,80.348328,143,57,cnn_train,0
MH-002_19.586732_80.348598,MH-002,19.586732,80.348598,143,58,cnn_train,0
MH-002_19.586732_80.348867,MH-002,19.586732,80.348867,143,59,cnn_train,0
MH-002_19.586732_80.349137,MH-002,19.586732,80.349137,143,60,cnn_train,0
MH-002_19.586732_80.349406,MH-002,19.586732,80.349406,143,61,cnn_train,0
MH-002_19.586732_80.349676,MH-002,19.586732,80.349676,143,62,cnn_train,0
MH-002_19.586732_80.349945,MH-002,19.586732,80.349945,143,63,cnn_train,0
MH-002_19.586732_80.350215,MH-002,19.586732,80.350215,143,64,cnn_train,0
MH-002_19.586732_80.350484,MH-002,19.586732,80.350484,143,65,cnn_train,0
MH-002_19.586732_80.350754,MH-002,19.586732,80.350754,143,66,cnn_train,0
MH-002_19.586732_80.351023,MH-002,19.586732,80.351023,143,67,cnn_train,0
MH-002_19.586732_80.351293,MH-002,19.586732,80.351293,143,68,cnn_train,0
MH-002_19.586732_80.351562,MH-002,19.586732,80.351562,143,69,cnn_train,0
MH-002_19.586732_80.351832,MH-002,19.586732,80.351832,143,70,cnn_train,0
MH-002_19.586732_80.352371,MH-002,19.586732,80.352371,143,72,cnn_train,0
MH-002_19.586732_80.35264,MH-002,19.586732,80.35264,143,73,cnn_train,0
MH-002_19.586732_80.35291,MH-002,19.586732,80.35291,143,74,cnn_train,0
MH-002_19.586732_80.353179,MH-002,19.586732,80.353179,143,75,cnn_train,0
MH-002_19.586732_80.353449,MH-002,19.586732,80.353449,143,76,cnn_train,0
MH-002_19.586462_80.33701,MH-002,19.586462,80.33701,144,15,cnn_train,0
MH-002_19.586462_80.337279,MH-002,19.586462,80.337279,144,16,cnn_train,0
MH-002_19.586462_80.337549,MH-002,19.586462,80.337549,144,17,cnn_train,0
MH-002_19.586462_80.337818,MH-002,19.586462,80.337818,144,18,cnn_train,0
MH-002_19.586462_80.338088,MH-002,19.586462,80.338088,144,19,cnn_train,0
MH-002_19.586462_80.338357,MH-002,19.586462,80.338357,144,20,cnn_train,0
MH-002_19.586462_80.338627,MH-002,19.586462,80.338627,144,21,cnn_train,0
MH-002_19.586462_80.338896,MH-002,19.586462,80.338896,144,22,cnn_train,0
MH-002_19.586462_80.339166,MH-002,19.586462,80.339166,144,23,cnn_train,0
MH-002_19.586462_80.339435,MH-002,19.586462,80.339435,144,24,cnn_train,0
MH-002_19.586462_80.339705,MH-002,19.586462,80.339705,144,25,cnn_train,0
MH-002_19.586462_80.339974,MH-002,19.586462,80.339974,144,26,cnn_train,0
MH-002_19.586462_80.340244,MH-002,19.586462,80.340244,144,27,cnn_train,0
MH-002_19.586462_80.340513,MH-002,19.586462,80.340513,144,28,cnn_train,0
MH-002_19.586462_80.340783,MH-002,19.586462,80.340783,144,29,cnn_train,0
MH-002_19.586462_80.34186,MH-002,19.586462,80.34186,144,33,cnn_train,0
MH-002_19.586462_80.34213,MH-002,19.586462,80.34213,144,34,cnn_train,0
MH-002_19.586462_80.342399,MH-002,19.586462,80.342399,144,35,cnn_train,0
MH-002_19.586462_80.342669,MH-002,19.586462,80.342669,144,36,cnn_train,0
MH-002_19.586462_80.342938,MH-002,19.586462,80.342938,144,37,cnn_train,0
MH-002_19.586462_80.343208,MH-002,19.586462,80.343208,144,38,cnn_train,0
MH-002_19.586462_80.343477,MH-002,19.586462,80.343477,144,39,cnn_train,0
MH-002_19.586462_80.343747,MH-002,19.586462,80.343747,144,40,cnn_train,0
MH-002_19.586462_80.344016,MH-002,19.586462,80.344016,144,41,cnn_train,0
MH-002_19.586462_80.347789,MH-002,19.586462,80.347789,144,55,cnn_train,0
MH-002_19.586462_80.348059,MH-002,19.586462,80.348059,144,56,cnn_train,0
MH-002_19.586462_80.348328,MH-002,19.586462,80.348328,144,57,cnn_train,0
MH-002_19.586462_80.348598,MH-002,19.586462,80.348598,144,58,cnn_train,0
MH-002_19.586462_80.348867,MH-002,19.586462,80.348867,144,59,cnn_train,0
MH-002_19.586462_80.349137,MH-002,19.586462,80.349137,144,60,cnn_train,0
MH-002_19.586462_80.349406,MH-002,19.586462,80.349406,144,61,cnn_train,0
MH-002_19.586462_80.349676,MH-002,19.586462,80.349676,144,62,cnn_train,0
MH-002_19.586462_80.349945,MH-002,19.586462,80.349945,144,63,cnn_train,0
MH-002_19.586462_80.350215,MH-002,19.586462,80.350215,144,64,cnn_train,0
MH-002_19.586193_80.337279,MH-002,19.586193,80.337279,145,16,cnn_train,0
MH-002_19.586193_80.337549,MH-002,19.586193,80.337549,145,17,cnn_train,0
MH-002_19.586193_80.337818,MH-002,19.586193,80.337818,145,18,cnn_train,0
MH-002_19.586193_80.338088,MH-002,19.586193,80.338088,145,19,cnn_train,0
MH-002_19.586193_80.338357,MH-002,19.586193,80.338357,145,20,cnn_train,0
MH-002_19.586193_80.338627,MH-002,19.586193,80.338627,145,21,cnn_train,0
MH-002_19.586193_80.338896,MH-002,19.586193,80.338896,145,22,cnn_train,0
MH-002_19.586193_80.339166,MH-002,19.586193,80.339166,145,23,cnn_train,0
MH-002_19.586193_80.339435,MH-002,19.586193,80.339435,145,24,cnn_train,0
MH-002_19.586193_80.339705,MH-002,19.586193,80.339705,145,25,cnn_train,0
MH-002_19.586193_80.339974,MH-002,19.586193,80.339974,145,26,cnn_train,0
MH-002_19.586193_80.340244,MH-002,19.586193,80.340244,145,27,cnn_train,0
MH-002_19.586193_80.340513,MH-002,19.586193,80.340513,145,28,cnn_train,0
MH-002_19.586193_80.340783,MH-002,19.586193,80.340783,145,29,cnn_train,0
MH-002_19.586193_80.341052,MH-002,19.586193,80.341052,145,30,cnn_train,0
MH-002_19.586193_80.341322,MH-002,19.586193,80.341322,145,31,cnn_train,0
MH-002_19.586193_80.34186,MH-002,19.586193,80.34186,145,33,cnn_train,0
MH-002_19.586193_80.34213,MH-002,19.586193,80.34213,145,34,cnn_train,0
MH-002_19.586193_80.342399,MH-002,19.586193,80.342399,145,35,cnn_train,0
MH-002_19.586193_80.342669,MH-002,19.586193,80.342669,145,36,cnn_train,0
MH-002_19.586193_80.342938,MH-002,19.586193,80.342938,145,37,cnn_train,0
MH-002_19.586193_80.343208,MH-002,19.586193,80.343208,145,38,cnn_train,0
MH-002_19.586193_80.344286,MH-002,19.586193,80.344286,145,42,cnn_train,0
MH-002_19.586193_80.34725,MH-002,19.586193,80.34725,145,53,cnn_train,0
MH-002_19.586193_80.34752,MH-002,19.586193,80.34752,145,54,cnn_train,0
MH-002_19.586193_80.348059,MH-002,19.586193,80.348059,145,56,cnn_train,0
MH-002_19.586193_80.348328,MH-002,19.586193,80.348328,145,57,cnn_train,0
MH-002_19.586193_80.348598,MH-002,19.586193,80.348598,145,58,cnn_train,0
MH-002_19.586193_80.348867,MH-002,19.586193,80.348867,145,59,cnn_train,0
MH-002_19.585923_80.337549,MH-002,19.585923,80.337549,146,17,cnn_train,0
MH-002_19.585923_80.337818,MH-002,19.585923,80.337818,146,18,cnn_train,0
MH-002_19.585923_80.338088,MH-002,19.585923,80.338088,146,19,cnn_train,0
MH-002_19.585923_80.338357,MH-002,19.585923,80.338357,146,20,cnn_train,0
MH-002_19.585923_80.338627,MH-002,19.585923,80.338627,146,21,cnn_train,0
MH-002_19.585923_80.338896,MH-002,19.585923,80.338896,146,22,cnn_train,0
MH-002_19.585923_80.339166,MH-002,19.585923,80.339166,146,23,cnn_train,0
MH-002_19.585923_80.339435,MH-002,19.585923,80.339435,146,24,cnn_train,0
MH-002_19.585923_80.339705,MH-002,19.585923,80.339705,146,25,cnn_train,0
MH-002_19.585923_80.339974,MH-002,19.585923,80.339974,146,26,cnn_train,0
MH-002_19.585923_80.340244,MH-002,19.585923,80.340244,146,27,cnn_train,0
MH-002_19.585923_80.340513,MH-002,19.585923,80.340513,146,28,cnn_train,0
MH-002_19.585923_80.340783,MH-002,19.585923,80.340783,146,29,cnn_train,0
MH-002_19.585923_80.341052,MH-002,19.585923,80.341052,146,30,cnn_train,0
MH-002_19.585923_80.341322,MH-002,19.585923,80.341322,146,31,cnn_train,0
MH-002_19.585923_80.341591,MH-002,19.585923,80.341591,146,32,cnn_train,0
MH-002_19.585923_80.34213,MH-002,19.585923,80.34213,146,34,cnn_train,0
MH-002_19.585923_80.342399,MH-002,19.585923,80.342399,146,35,cnn_train,0
MH-002_19.585923_80.342669,MH-002,19.585923,80.342669,146,36,cnn_train,0
MH-002_19.585923_80.342938,MH-002,19.585923,80.342938,146,37,cnn_train,0
MH-002_19.585923_80.344286,MH-002,19.585923,80.344286,146,42,cnn_train,0
MH-002_19.585923_80.344555,MH-002,19.585923,80.344555,146,43,cnn_train,0
MH-002_19.585923_80.344825,MH-002,19.585923,80.344825,146,44,cnn_train,0
MH-002_19.585923_80.346981,MH-002,19.585923,80.346981,146,52,cnn_train,0
MH-002_19.585923_80.34725,MH-002,19.585923,80.34725,146,53,cnn_train,0
MH-002_19.585923_80.34752,MH-002,19.585923,80.34752,146,54,cnn_train,0
MH-002_19.585654_80.337818,MH-002,19.585654,80.337818,147,18,cnn_train,0
MH-002_19.585654_80.338088,MH-002,19.585654,80.338088,147,19,cnn_train,0
MH-002_19.585654_80.338357,MH-002,19.585654,80.338357,147,20,cnn_train,0
MH-002_19.585654_80.338627,MH-002,19.585654,80.338627,147,21,cnn_train,0
MH-002_19.585654_80.338896,MH-002,19.585654,80.338896,147,22,cnn_train,0
MH-002_19.585654_80.339166,MH-002,19.585654,80.339166,147,23,cnn_train,0
MH-002_19.585654_80.339435,MH-002,19.585654,80.339435,147,24,cnn_train,0
MH-002_19.585654_80.339705,MH-002,19.585654,80.339705,147,25,cnn_train,0
MH-002_19.585654_80.339974,MH-002,19.585654,80.339974,147,26,cnn_train,0
MH-002_19.585654_80.340244,MH-002,19.585654,80.340244,147,27,cnn_train,0
MH-002_19.585654_80.340513,MH-002,19.585654,80.340513,147,28,cnn_train,0
MH-002_19.585654_80.340783,MH-002,19.585654,80.340783,147,29,cnn_train,0
MH-002_19.585654_80.341052,MH-002,19.585654,80.341052,147,30,cnn_train,0
MH-002_19.585654_80.341322,MH-002,19.585654,80.341322,147,31,cnn_train,0
MH-002_19.585654_80.341591,MH-002,19.585654,80.341591,147,32,cnn_train,0
MH-002_19.585654_80.34213,MH-002,19.585654,80.34213,147,34,cnn_train,0
MH-002_19.585654_80.342399,MH-002,19.585654,80.342399,147,35,cnn_train,0
MH-002_19.585654_80.342669,MH-002,19.585654,80.342669,147,36,cnn_train,0
MH-002_19.585654_80.342938,MH-002,19.585654,80.342938,147,37,cnn_train,0
MH-002_19.585654_80.344286,MH-002,19.585654,80.344286,147,42,cnn_train,0
MH-002_19.585654_80.344555,MH-002,19.585654,80.344555,147,43,cnn_train,0
MH-002_19.585654_80.344825,MH-002,19.585654,80.344825,147,44,cnn_train,0
MH-002_19.585654_80.346172,MH-002,19.585654,80.346172,147,49,cnn_train,0
MH-002_19.585654_80.346711,MH-002,19.585654,80.346711,147,51,cnn_train,0
MH-002_19.585654_80.346981,MH-002,19.585654,80.346981,147,52,cnn_train,0
MH-002_19.585384_80.338088,MH-002,19.585384,80.338088,148,19,cnn_train,0
MH-002_19.585384_80.338357,MH-002,19.585384,80.338357,148,20,cnn_train,0
MH-002_19.585384_80.338627,MH-002,19.585384,80.338627,148,21,cnn_train,0
MH-002_19.585384_80.338896,MH-002,19.585384,80.338896,148,22,cnn_train,0
MH-002_19.585384_80.339166,MH-002,19.585384,80.339166,148,23,cnn_train,0
MH-002_19.585384_80.339435,MH-002,19.585384,80.339435,148,24,cnn_train,0
MH-002_19.585384_80.339705,MH-002,19.585384,80.339705,148,25,cnn_train,0
MH-002_19.585384_80.339974,MH-002,19.585384,80.339974,148,26,cnn_train,0
MH-002_19.585384_80.340244,MH-002,19.585384,80.340244,148,27,cnn_train,0
MH-002_19.585384_80.340513,MH-002,19.585384,80.340513,148,28,cnn_train,0
MH-002_19.585384_80.340783,MH-002,19.585384,80.340783,148,29,cnn_train,0
MH-002_19.585384_80.341052,MH-002,19.585384,80.341052,148,30,cnn_train,0
MH-002_19.585384_80.341322,MH-002,19.585384,80.341322,148,31,cnn_train,0
MH-002_19.585384_80.341591,MH-002,19.585384,80.341591,148,32,cnn_train,0
MH-002_19.585384_80.342399,MH-002,19.585384,80.342399,148,35,cnn_train,0
MH-002_19.585384_80.342669,MH-002,19.585384,80.342669,148,36,cnn_train,0
MH-002_19.585384_80.342938,MH-002,19.585384,80.342938,148,37,cnn_train,1
MH-002_19.585384_80.343208,MH-002,19.585384,80.343208,148,38,cnn_train,0
MH-002_19.585384_80.344016,MH-002,19.585384,80.344016,148,41,cnn_train,0
MH-002_19.585384_80.344286,MH-002,19.585384,80.344286,148,42,cnn_train,0
MH-002_19.585384_80.344555,MH-002,19.585384,80.344555,148,43,cnn_train,0
MH-002_19.585384_80.344825,MH-002,19.585384,80.344825,148,44,cnn_train,0
MH-002_19.585115_80.338357,MH-002,19.585115,80.338357,149,20,cnn_train,0
MH-002_19.585115_80.338627,MH-002,19.585115,80.338627,149,21,cnn_train,0
MH-002_19.585115_80.338896,MH-002,19.585115,80.338896,149,22,cnn_train,0
MH-002_19.585115_80.339166,MH-002,19.585115,80.339166,149,23,cnn_train,0
MH-002_19.585115_80.339435,MH-002,19.585115,80.339435,149,24,cnn_train,0
MH-002_19.585115_80.339705,MH-002,19.585115,80.339705,149,25,cnn_train,0
MH-002_19.585115_80.339974,MH-002,19.585115,80.339974,149,26,cnn_train,0
MH-002_19.585115_80.340244,MH-002,19.585115,80.340244,149,27,cnn_train,0
MH-002_19.585115_80.340513,MH-002,19.585115,80.340513,149,28,cnn_train,0
MH-002_19.585115_80.340783,MH-002,19.585115,80.340783,149,29,cnn_train,0
MH-002_19.585115_80.341052,MH-002,19.585115,80.341052,149,30,cnn_train,0
MH-002_19.585115_80.341322,MH-002,19.585115,80.341322,149,31,cnn_train,0
MH-002_19.585115_80.341591,MH-002,19.585115,80.341591,149,32,cnn_train,0
MH-002_19.585115_80.342399,MH-002,19.585115,80.342399,149,35,cnn_train,0
MH-002_19.585115_80.342669,MH-002,19.585115,80.342669,149,36,cnn_train,0
MH-002_19.585115_80.342938,MH-002,19.585115,80.342938,149,37,cnn_train,1
MH-002_19.585115_80.343208,MH-002,19.585115,80.343208,149,38,cnn_train,1
MH-002_19.585115_80.343477,MH-002,19.585115,80.343477,149,39,cnn_train,0
MH-002_19.585115_80.343747,MH-002,19.585115,80.343747,149,40,cnn_train,0
MH-002_19.585115_80.344016,MH-002,19.585115,80.344016,149,41,cnn_train,0
MH-002_19.585115_80.344286,MH-002,19.585115,80.344286,149,42,cnn_train,0
MH-002_19.585115_80.344555,MH-002,19.585115,80.344555,149,43,cnn_train,0
MH-002_19.585115_80.344825,MH-002,19.585115,80.344825,149,44,cnn_train,0
MH-003_18.947491_73.46355,MH-003,18.947491,73.46355,8,78,cnn_train,0
MH-003_18.946413_73.448189,MH-003,18.946413,73.448189,12,21,cnn_train,0
MH-003_18.946413_73.449267,MH-003,18.946413,73.449267,12,25,cnn_train,0
MH-003_18.946413_73.449536,MH-003,18.946413,73.449536,12,26,cnn_train,0
MH-003_18.946413_73.449806,MH-003,18.946413,73.449806,12,27,cnn_train,0
MH-003_18.946143_73.447381,MH-003,18.946143,73.447381,13,18,cnn_train,0
MH-003_18.946143_73.449267,MH-003,18.946143,73.449267,13,25,cnn_train,0
MH-003_18.946143_73.449536,MH-003,18.946143,73.449536,13,26,cnn_train,0
MH-003_18.946143_73.449806,MH-003,18.946143,73.449806,13,27,cnn_train,0
MH-003_18.946143_73.450075,MH-003,18.946143,73.450075,13,28,cnn_train,0
MH-003_18.946143_73.463011,MH-003,18.946143,73.463011,13,76,cnn_train,0
MH-003_18.945874_73.447381,MH-003,18.945874,73.447381,14,18,cnn_train,0
MH-003_18.945874_73.44765,MH-003,18.945874,73.44765,14,19,cnn_train,0
MH-003_18.945874_73.44792,MH-003,18.945874,73.44792,14,20,cnn_train,0
MH-003_18.945874_73.449536,MH-003,18.945874,73.449536,14,26,cnn_train,0
MH-003_18.945874_73.449806,MH-003,18.945874,73.449806,14,27,cnn_train,0
MH-003_18.945874_73.450075,MH-003,18.945874,73.450075,14,28,cnn_train,0
MH-003_18.945874_73.463011,MH-003,18.945874,73.463011,14,76,cnn_train,0
MH-003_18.945604_73.447111,MH-003,18.945604,73.447111,15,17,cnn_train,0
MH-003_18.945604_73.449267,MH-003,18.945604,73.449267,15,25,cnn_train,0
MH-003_18.945604_73.449536,MH-003,18.945604,73.449536,15,26,cnn_train,0
MH-003_18.945604_73.449806,MH-003,18.945604,73.449806,15,27,cnn_train,0
MH-003_18.945604_73.450075,MH-003,18.945604,73.450075,15,28,cnn_train,0
MH-003_18.945604_73.462742,MH-003,18.945604,73.462742,15,75,cnn_train,0
MH-003_18.945335_73.44765,MH-003,18.945335,73.44765,16,19,cnn_train,1
MH-003_18.945335_73.44792,MH-003,18.945335,73.44792,16,20,cnn_train,1
MH-003_18.945335_73.448189,MH-003,18.945335,73.448189,16,21,cnn_train,1
MH-003_18.945335_73.448728,MH-003,18.945335,73.448728,16,23,cnn_train,0
MH-003_18.945335_73.462742,MH-003,18.945335,73.462742,16,75,cnn_train,0
MH-003_18.945065_73.446572,MH-003,18.945065,73.446572,17,15,cnn_train,0
MH-003_18.945065_73.446842,MH-003,18.945065,73.446842,17,16,cnn_train,0
MH-003_18.945065_73.447111,MH-003,18.945065,73.447111,17,17,cnn_train,0
MH-003_18.945065_73.44792,MH-003,18.945065,73.44792,17,20,cnn_train,1
MH-003_18.945065_73.448189,MH-003,18.945065,73.448189,17,21,cnn_train,0
MH-003_18.945065_73.448459,MH-003,18.945065,73.448459,17,22,cnn_train,1
MH-003_18.945065_73.448997,MH-003,18.945065,73.448997,17,24,cnn_train,0
MH-003_18.945065_73.449806,MH-003,18.945065,73.449806,17,27,cnn_train,0
MH-003_18.945065_73.450075,MH-003,18.945065,73.450075,17,28,cnn_train,0
MH-003_18.945065_73.462742,MH-003,18.945065,73.462742,17,75,cnn_train,0
MH-003_18.944796_73.444416,MH-003,18.944796,73.444416,18,7,cnn_train,0
MH-003_18.944796_73.445225,MH-003,18.944796,73.445225,18,10,cnn_train,0
MH-003_18.944796_73.446033,MH-003,18.944796,73.446033,18,13,cnn_train,0
MH-003_18.944796_73.447111,MH-003,18.944796,73.447111,18,17,cnn_train,0
MH-003_18.944796_73.44792,MH-003,18.944796,73.44792,18,20,cnn_train,0
MH-003_18.944796_73.448189,MH-003,18.944796,73.448189,18,21,cnn_train,1
MH-003_18.944796_73.448459,MH-003,18.944796,73.448459,18,22,cnn_train,1
MH-003_18.944796_73.449267,MH-003,18.944796,73.449267,18,25,cnn_train,0
MH-003_18.944796_73.449806,MH-003,18.944796,73.449806,18,27,cnn_train,0
MH-003_18.944796_73.450075,MH-003,18.944796,73.450075,18,28,cnn_train,0
MH-003_18.944796_73.463011,MH-003,18.944796,73.463011,18,76,cnn_train,0
MH-003_18.944526_73.444416,MH-003,18.944526,73.444416,19,7,cnn_train,0
MH-003_18.944526_73.444686,MH-003,18.944526,73.444686,19,8,cnn_train,0
MH-003_18.944526_73.444955,MH-003,18.944526,73.444955,19,9,cnn_train,0
MH-003_18.944526_73.44792,MH-003,18.944526,73.44792,19,20,cnn_train,1
MH-003_18.944526_73.448189,MH-003,18.944526,73.448189,19,21,cnn_train,1
MH-003_18.944526_73.448459,MH-003,18.944526,73.448459,19,22,cnn_train,1
MH-003_18.944526_73.448728,MH-003,18.944526,73.448728,19,23,cnn_train,0
MH-003_18.944526_73.448997,MH-003,18.944526,73.448997,19,24,cnn_train,1
MH-003_18.944526_73.449267,MH-003,18.944526,73.449267,19,25,cnn_train,1
MH-003_18.944526_73.449806,MH-003,18.944526,73.449806,19,27,cnn_train,0
MH-003_18.944526_73.450075,MH-003,18.944526,73.450075,19,28,cnn_train,0
MH-003_18.944257_73.445225,MH-003,18.944257,73.445225,20,10,cnn_train,0
MH-003_18.944257_73.446033,MH-003,18.944257,73.446033,20,13,cnn_train,0
MH-003_18.944257_73.446303,MH-003,18.944257,73.446303,20,14,cnn_train,0
MH-003_18.944257_73.446572,MH-003,18.944257,73.446572,20,15,cnn_train,0
MH-003_18.944257_73.446842,MH-003,18.944257,73.446842,20,16,cnn_train,0
MH-003_18.944257_73.447111,MH-003,18.944257,73.447111,20,17,cnn_train,0
MH-003_18.944257_73.447381,MH-003,18.944257,73.447381,20,18,cnn_train,0
MH-003_18.944257_73.44792,MH-003,18.944257,73.44792,20,20,cnn_train,1
MH-003_18.944257_73.448189,MH-003,18.944257,73.448189,20,21,cnn_train,1
MH-003_18.944257_73.448459,MH-003,18.944257,73.448459,20,22,cnn_train,1
MH-003_18.944257_73.448728,MH-003,18.944257,73.448728,20,23,cnn_train,0
MH-003_18.944257_73.448997,MH-003,18.944257,73.448997,20,24,cnn_train,1
MH-003_18.944257_73.449267,MH-003,18.944257,73.449267,20,25,cnn_train,1
MH-003_18.944257_73.449536,MH-003,18.944257,73.449536,20,26,cnn_train,1
MH-003_18.944257_73.463281,MH-003,18.944257,73.463281,20,77,cnn_train,0
MH-003_18.943987_73.444416,MH-003,18.943987,73.444416,21,7,cnn_train,0
MH-003_18.943987_73.444686,MH-003,18.943987,73.444686,21,8,cnn_train,0
MH-003_18.943987_73.444955,MH-003,18.943987,73.444955,21,9,cnn_train,0
MH-003_18.943987_73.445764,MH-003,18.943987,73.445764,21,12,cnn_train,1
MH-003_18.943987_73.446033,MH-003,18.943987,73.446033,21,13,cnn_train,1
MH-003_18.943987_73.446303,MH-003,18.943987,73.446303,21,14,cnn_train,0
MH-003_18.943987_73.446572,MH-003,18.943987,73.446572,21,15,cnn_train,0
MH-003_18.943987_73.446842,MH-003,18.943987,73.446842,21,16,cnn_train,1
MH-003_18.943987_73.447111,MH-003,18.943987,73.447111,21,17,cnn_train,0
MH-003_18.943987_73.447381,MH-003,18.943987,73.447381,21,18,cnn_train,1
MH-003_18.943987_73.44765,MH-003,18.943987,73.44765,21,19,cnn_train,1
MH-003_18.943987_73.44792,MH-003,18.943987,73.44792,21,20,cnn_train,1
MH-003_18.943987_73.448459,MH-003,18.943987,73.448459,21,22,cnn_train,1
MH-003_18.943987_73.448728,MH-003,18.943987,73.448728,21,23,cnn_train,1
MH-003_18.943987_73.448997,MH-003,18.943987,73.448997,21,24,cnn_train,1
MH-003_18.943987_73.449267,MH-003,18.943987,73.449267,21,25,cnn_train,1
MH-003_18.943987_73.449536,MH-003,18.943987,73.449536,21,26,cnn_train,1
MH-003_18.943987_73.449806,MH-003,18.943987,73.449806,21,27,cnn_train,1
MH-003_18.943718_73.444416,MH-003,18.943718,73.444416,22,7,cnn_train,0
MH-003_18.943718_73.444686,MH-003,18.943718,73.444686,22,8,cnn_train,0
MH-003_18.943718_73.445225,MH-003,18.943718,73.445225,22,10,cnn_train,0
MH-003_18.943718_73.445764,MH-003,18.943718,73.445764,22,12,cnn_train,1
MH-003_18.943718_73.446033,MH-003,18.943718,73.446033,22,13,cnn_train,0
MH-003_18.943718_73.446303,MH-003,18.943718,73.446303,22,14,cnn_train,0
MH-003_18.943718_73.446572,MH-003,18.943718,73.446572,22,15,cnn_train,0
MH-003_18.943718_73.446842,MH-003,18.943718,73.446842,22,16,cnn_train,1
MH-003_18.943718_73.447111,MH-003,18.943718,73.447111,22,17,cnn_train,1
MH-003_18.943718_73.447381,MH-003,18.943718,73.447381,22,18,cnn_train,1
MH-003_18.943718_73.44765,MH-003,18.943718,73.44765,22,19,cnn_train,1
MH-003_18.943718_73.44792,MH-003,18.943718,73.44792,22,20,cnn_train,0
MH-003_18.943718_73.448189,MH-003,18.943718,73.448189,22,21,cnn_train,0
MH-003_18.943718_73.448459,MH-003,18.943718,73.448459,22,22,cnn_train,1
MH-003_18.943718_73.449536,MH-003,18.943718,73.449536,22,26,cnn_train,1
MH-003_18.943718_73.449806,MH-003,18.943718,73.449806,22,27,cnn_train,1
MH-003_18.943718_73.450075,MH-003,18.943718,73.450075,22,28,cnn_train,1
MH-003_18.943718_73.46355,MH-003,18.943718,73.46355,22,78,cnn_train,0
MH-003_18.943448_73.444416,MH-003,18.943448,73.444416,23,7,cnn_train,0
MH-003_18.943448_73.444955,MH-003,18.943448,73.444955,23,9,cnn_train,0
MH-003_18.943448_73.445225,MH-003,18.943448,73.445225,23,10,cnn_train,0
MH-003_18.943448_73.445494,MH-003,18.943448,73.445494,23,11,cnn_train,0
MH-003_18.943448_73.445764,MH-003,18.943448,73.445764,23,12,cnn_train,0
MH-003_18.943448_73.446033,MH-003,18.943448,73.446033,23,13,cnn_train,0
MH-003_18.943448_73.446303,MH-003,18.943448,73.446303,23,14,cnn_train,0
MH-003_18.943448_73.446572,MH-003,18.943448,73.446572,23,15,cnn_train,1
MH-003_18.943448_73.446842,MH-003,18.943448,73.446842,23,16,cnn_train,1
MH-003_18.943448_73.447111,MH-003,18.943448,73.447111,23,17,cnn_train,1
MH-003_18.943448_73.447381,MH-003,18.943448,73.447381,23,18,cnn_train,1
MH-003_18.943448_73.44765,MH-003,18.943448,73.44765,23,19,cnn_train,0
MH-003_18.943448_73.44792,MH-003,18.943448,73.44792,23,20,cnn_train,0
MH-003_18.943448_73.448189,MH-003,18.943448,73.448189,23,21,cnn_train,1
MH-003_18.943448_73.448459,MH-003,18.943448,73.448459,23,22,cnn_train,1
MH-003_18.943448_73.448728,MH-003,18.943448,73.448728,23,23,cnn_train,1
MH-003_18.943448_73.448997,MH-003,18.943448,73.448997,23,24,cnn_train,1
MH-003_18.943448_73.449806,MH-003,18.943448,73.449806,23,27,cnn_train,0
MH-003_18.943448_73.450075,MH-003,18.943448,73.450075,23,28,cnn_train,1
MH-003_18.943448_73.450345,MH-003,18.943448,73.450345,23,29,cnn_train,1
MH-003_18.943448_73.451153,MH-003,18.943448,73.451153,23,32,cnn_train,0
MH-003_18.943448_73.451423,MH-003,18.943448,73.451423,23,33,cnn_train,0
MH-003_18.943448_73.451692,MH-003,18.943448,73.451692,23,34,cnn_train,0
MH-003_18.943448_73.46355,MH-003,18.943448,73.46355,23,78,cnn_train,0
MH-003_18.943179_73.444416,MH-003,18.943179,73.444416,24,7,cnn_train,0
MH-003_18.943179_73.444955,MH-003,18.943179,73.444955,24,9,cnn_train,0
MH-003_18.943179_73.445494,MH-003,18.943179,73.445494,24,11,cnn_train,0
MH-003_18.943179_73.446033,MH-003,18.943179,73.446033,24,13,cnn_train,0
MH-003_18.943179_73.446303,MH-003,18.943179,73.446303,24,14,cnn_train,1
MH-003_18.943179_73.446572,MH-003,18.943179,73.446572,24,15,cnn_train,1
MH-003_18.943179_73.446842,MH-003,18.943179,73.446842,24,16,cnn_train,1
MH-003_18.943179_73.447111,MH-003,18.943179,73.447111,24,17,cnn_train,1
MH-003_18.943179_73.447381,MH-003,18.943179,73.447381,24,18,cnn_train,1
MH-003_18.943179_73.44765,MH-003,18.943179,73.44765,24,19,cnn_train,1
MH-003_18.943179_73.44792,MH-003,18.943179,73.44792,24,20,cnn_train,0
MH-003_18.943179_73.448189,MH-003,18.943179,73.448189,24,21,cnn_train,0
MH-003_18.943179_73.448459,MH-003,18.943179,73.448459,24,22,cnn_train,1
MH-003_18.943179_73.448728,MH-003,18.943179,73.448728,24,23,cnn_train,0
MH-003_18.943179_73.448997,MH-003,18.943179,73.448997,24,24,cnn_train,1
MH-003_18.943179_73.449267,MH-003,18.943179,73.449267,24,25,cnn_train,1
MH-003_18.943179_73.449806,MH-003,18.943179,73.449806,24,27,cnn_train,0
MH-003_18.943179_73.450075,MH-003,18.943179,73.450075,24,28,cnn_train,1
MH-003_18.943179_73.450345,MH-003,18.943179,73.450345,24,29,cnn_train,1
MH-003_18.943179_73.451423,MH-003,18.943179,73.451423,24,33,cnn_train,0
MH-003_18.943179_73.451692,MH-003,18.943179,73.451692,24,34,cnn_train,0
MH-003_18.942909_73.444416,MH-003,18.942909,73.444416,25,7,cnn_train,0
MH-003_18.942909_73.446033,MH-003,18.942909,73.446033,25,13,cnn_train,1
MH-003_18.942909_73.446303,MH-003,18.942909,73.446303,25,14,cnn_train,1
MH-003_18.942909_73.446572,MH-003,18.942909,73.446572,25,15,cnn_train,1
MH-003_18.942909_73.446842,MH-003,18.942909,73.446842,25,16,cnn_train,1
MH-003_18.942909_73.447111,MH-003,18.942909,73.447111,25,17,cnn_train,1
MH-003_18.942909_73.447381,MH-003,18.942909,73.447381,25,18,cnn_train,0
MH-003_18.942909_73.44765,MH-003,18.942909,73.44765,25,19,cnn_train,1
MH-003_18.942909_73.44792,MH-003,18.942909,73.44792,25,20,cnn_train,1
MH-003_18.942909_73.448189,MH-003,18.942909,73.448189,25,21,cnn_train,1
MH-003_18.942909_73.448459,MH-003,18.942909,73.448459,25,22,cnn_train,1
MH-003_18.942909_73.448728,MH-003,18.942909,73.448728,25,23,cnn_train,0
MH-003_18.942909_73.448997,MH-003,18.942909,73.448997,25,24,cnn_train,1
MH-003_18.942909_73.449267,MH-003,18.942909,73.449267,25,25,cnn_train,1
MH-003_18.942909_73.449536,MH-003,18.942909,73.449536,25,26,cnn_train,0
MH-003_18.942909_73.450075,MH-003,18.942909,73.450075,25,28,cnn_train,0
MH-003_18.942909_73.450614,MH-003,18.942909,73.450614,25,30,cnn_train,0
MH-003_18.942909_73.451153,MH-003,18.942909,73.451153,25,32,cnn_train,1
MH-003_18.942909_73.451423,MH-003,18.942909,73.451423,25,33,cnn_train,1
MH-003_18.942909_73.451692,MH-003,18.942909,73.451692,25,34,cnn_train,0
MH-003_18.94264_73.444416,MH-003,18.94264,73.444416,26,7,cnn_train,0
MH-003_18.94264_73.445494,MH-003,18.94264,73.445494,26,11,cnn_train,1
MH-003_18.94264_73.445764,MH-003,18.94264,73.445764,26,12,cnn_train,1
MH-003_18.94264_73.446303,MH-003,18.94264,73.446303,26,14,cnn_train,1
MH-003_18.94264_73.446572,MH-003,18.94264,73.446572,26,15,cnn_train,1
MH-003_18.94264_73.446842,MH-003,18.94264,73.446842,26,16,cnn_train,1
MH-003_18.94264_73.447111,MH-003,18.94264,73.447111,26,17,cnn_train,0
MH-003_18.94264_73.447381,MH-003,18.94264,73.447381,26,18,cnn_train,0
MH-003_18.94264_73.44765,MH-003,18.94264,73.44765,26,19,cnn_train,1
MH-003_18.94264_73.44792,MH-003,18.94264,73.44792,26,20,cnn_train,1
MH-003_18.94264_73.448189,MH-003,18.94264,73.448189,26,21,cnn_train,1
MH-003_18.94264_73.448459,MH-003,18.94264,73.448459,26,22,cnn_train,1
MH-003_18.94264_73.448728,MH-003,18.94264,73.448728,26,23,cnn_train,1
MH-003_18.94264_73.448997,MH-003,18.94264,73.448997,26,24,cnn_train,1
MH-003_18.94264_73.449267,MH-003,18.94264,73.449267,26,25,cnn_train,1
MH-003_18.94264_73.449536,MH-003,18.94264,73.449536,26,26,cnn_train,1
MH-003_18.94264_73.450345,MH-003,18.94264,73.450345,26,29,cnn_train,1
MH-003_18.94264_73.450614,MH-003,18.94264,73.450614,26,30,cnn_train,1
MH-003_18.94264_73.451153,MH-003,18.94264,73.451153,26,32,cnn_train,1
MH-003_18.94264_73.451423,MH-003,18.94264,73.451423,26,33,cnn_train,0
MH-003_18.94264_73.463281,MH-003,18.94264,73.463281,26,77,cnn_train,0
MH-003_18.94237_73.444416,MH-003,18.94237,73.444416,27,7,cnn_train,1
MH-003_18.94237_73.447111,MH-003,18.94237,73.447111,27,17,cnn_train,1
MH-003_18.94237_73.447381,MH-003,18.94237,73.447381,27,18,cnn_train,1
MH-003_18.94237_73.448189,MH-003,18.94237,73.448189,27,21,cnn_train,1
MH-003_18.94237_73.448459,MH-003,18.94237,73.448459,27,22,cnn_train,1
MH-003_18.94237_73.448728,MH-003,18.94237,73.448728,27,23,cnn_train,0
MH-003_18.94237_73.448997,MH-003,18.94237,73.448997,27,24,cnn_train,0
MH-003_18.94237_73.449806,MH-003,18.94237,73.449806,27,27,cnn_train,0
MH-003_18.94237_73.450075,MH-003,18.94237,73.450075,27,28,cnn_train,0
MH-003_18.94237_73.450345,MH-003,18.94237,73.450345,27,29,cnn_train,1
MH-003_18.94237_73.451692,MH-003,18.94237,73.451692,27,34,cnn_train,0
MH-003_18.94237_73.451962,MH-003,18.94237,73.451962,27,35,cnn_train,0
MH-003_18.94237_73.463281,MH-003,18.94237,73.463281,27,77,cnn_train,0
MH-003_18.942101_73.444686,MH-003,18.942101,73.444686,28,8,cnn_train,1
MH-003_18.942101_73.444955,MH-003,18.942101,73.444955,28,9,cnn_train,0
MH-003_18.942101_73.445494,MH-003,18.942101,73.445494,28,11,cnn_train,1
MH-003_18.942101_73.445764,MH-003,18.942101,73.445764,28,12,cnn_train,1
MH-003_18.942101_73.446033,MH-003,18.942101,73.446033,28,13,cnn_train,1
MH-003_18.942101_73.446303,MH-003,18.942101,73.446303,28,14,cnn_train,1
MH-003_18.942101_73.446572,MH-003,18.942101,73.446572,28,15,cnn_train,0
MH-003_18.942101_73.449806,MH-003,18.942101,73.449806,28,27,cnn_train,0
MH-003_18.942101_73.450075,MH-003,18.942101,73.450075,28,28,cnn_train,0
MH-003_18.942101_73.450345,MH-003,18.942101,73.450345,28,29,cnn_train,0
MH-003_18.942101_73.450614,MH-003,18.942101,73.450614,28,30,cnn_train,0
MH-003_18.942101_73.451423,MH-003,18.942101,73.451423,28,33,cnn_train,0
MH-003_18.942101_73.451692,MH-003,18.942101,73.451692,28,34,cnn_train,0
MH-003_18.942101_73.451962,MH-003,18.942101,73.451962,28,35,cnn_train,0
MH-003_18.942101_73.465706,MH-003,18.942101,73.465706,28,86,cnn_train,0
MH-003_18.941831_73.444955,MH-003,18.941831,73.444955,29,9,cnn_train,1
MH-003_18.941831_73.445225,MH-003,18.941831,73.445225,29,10,cnn_train,1
MH-003_18.941831_73.445494,MH-003,18.941831,73.445494,29,11,cnn_train,1
MH-003_18.941831_73.445764,MH-003,18.941831,73.445764,29,12,cnn_train,0
MH-003_18.941831_73.446033,MH-003,18.941831,73.446033,29,13,cnn_train,0
MH-003_18.941831_73.446303,MH-003,18.941831,73.446303,29,14,cnn_train,0
MH-003_18.941831_73.446572,MH-003,18.941831,73.446572,29,15,cnn_train,0
MH-003_18.941831_73.447111,MH-003,18.941831,73.447111,29,17,cnn_train,1
MH-003_18.941831_73.447381,MH-003,18.941831,73.447381,29,18,cnn_train,0
MH-003_18.941831_73.44765,MH-003,18.941831,73.44765,29,19,cnn_train,1
MH-003_18.941831_73.44792,MH-003,18.941831,73.44792,29,20,cnn_train,1
MH-003_18.941831_73.448459,MH-003,18.941831,73.448459,29,22,cnn_train,0
MH-003_18.941831_73.450075,MH-003,18.941831,73.450075,29,28,cnn_train,0
MH-003_18.941831_73.450345,MH-003,18.941831,73.450345,29,29,cnn_train,0
MH-003_18.941831_73.450614,MH-003,18.941831,73.450614,29,30,cnn_train,0
MH-003_18.941831_73.451153,MH-003,18.941831,73.451153,29,32,cnn_train,0
MH-003_18.941831_73.451423,MH-003,18.941831,73.451423,29,33,cnn_train,0
MH-003_18.941831_73.451962,MH-003,18.941831,73.451962,29,35,cnn_train,0
MH-003_18.941562_73.445225,MH-003,18.941562,73.445225,30,10,cnn_train,1
MH-003_18.941562_73.445494,MH-003,18.941562,73.445494,30,11,cnn_train,1
MH-003_18.941562_73.445764,MH-003,18.941562,73.445764,30,12,cnn_train,1
MH-003_18.941562_73.446033,MH-003,18.941562,73.446033,30,13,cnn_train,1
MH-003_18.941562_73.446303,MH-003,18.941562,73.446303,30,14,cnn_train,1
MH-003_18.941562_73.446572,MH-003,18.941562,73.446572,30,15,cnn_train,1
MH-003_18.941562_73.447111,MH-003,18.941562,73.447111,30,17,cnn_train,0
MH-003_18.941562_73.447381,MH-003,18.941562,73.447381,30,18,cnn_train,0
MH-003_18.941562_73.44765,MH-003,18.941562,73.44765,30,19,cnn_train,1
MH-003_18.941562_73.448459,MH-003,18.941562,73.448459,30,22,cnn_train,0
MH-003_18.941562_73.449536,MH-003,18.941562,73.449536,30,26,cnn_train,0
MH-003_18.941562_73.450075,MH-003,18.941562,73.450075,30,28,cnn_train,0
MH-003_18.941562_73.450345,MH-003,18.941562,73.450345,30,29,cnn_train,0
MH-003_18.941562_73.450614,MH-003,18.941562,73.450614,30,30,cnn_train,0
MH-003_18.941562_73.451153,MH-003,18.941562,73.451153,30,32,cnn_train,0
MH-003_18.941562_73.451423,MH-003,18.941562,73.451423,30,33,cnn_train,0
MH-003_18.941562_73.451692,MH-003,18.941562,73.451692,30,34,cnn_train,0
MH-003_18.941562_73.451962,MH-003,18.941562,73.451962,30,35,cnn_train,0
MH-003_18.941562_73.466245,MH-003,18.941562,73.466245,30,88,cnn_train,0
MH-003_18.941292_73.444955,MH-003,18.941292,73.444955,31,9,cnn_train,0
MH-003_18.941292_73.445225,MH-003,18.941292,73.445225,31,10,cnn_train,1
MH-003_18.941292_73.445764,MH-003,18.941292,73.445764,31,12,cnn_train,1
MH-003_18.941292_73.446033,MH-003,18.941292,73.446033,31,13,cnn_train,1
MH-003_18.941292_73.446303,MH-003,18.941292,73.446303,31,14,cnn_train,1
MH-003_18.941292_73.446572,MH-003,18.941292,73.446572,31,15,cnn_train,1
MH-003_18.941292_73.446842,MH-003,18.941292,73.446842,31,16,cnn_train,1
MH-003_18.941292_73.447111,MH-003,18.941292,73.447111,31,17,cnn_train,0
MH-003_18.941292_73.447381,MH-003,18.941292,73.447381,31,18,cnn_train,0
MH-003_18.941292_73.448189,MH-003,18.941292,73.448189,31,21,cnn_train,0
MH-003_18.941292_73.449536,MH-003,18.941292,73.449536,31,26,cnn_train,0
MH-003_18.941292_73.450884,MH-003,18.941292,73.450884,31,31,cnn_train,0
MH-003_18.941292_73.451423,MH-003,18.941292,73.451423,31,33,cnn_train,0
MH-003_18.941292_73.451692,MH-003,18.941292,73.451692,31,34,cnn_train,0
MH-003_18.941292_73.451962,MH-003,18.941292,73.451962,31,35,cnn_train,0
MH-003_18.941023_73.445225,MH-003,18.941023,73.445225,32,10,cnn_train,0
MH-003_18.941023_73.445494,MH-003,18.941023,73.445494,32,11,cnn_train,1
MH-003_18.941023_73.446033,MH-003,18.941023,73.446033,32,13,cnn_train,1
MH-003_18.941023_73.446303,MH-003,18.941023,73.446303,32,14,cnn_train,0
MH-003_18.941023_73.446572,MH-003,18.941023,73.446572,32,15,cnn_train,1
MH-003_18.941023_73.446842,MH-003,18.941023,73.446842,32,16,cnn_train,1
MH-003_18.941023_73.447111,MH-003,18.941023,73.447111,32,17,cnn_train,0
MH-003_18.941023_73.447381,MH-003,18.941023,73.447381,32,18,cnn_train,1
MH-003_18.941023_73.44765,MH-003,18.941023,73.44765,32,19,cnn_train,1
MH-003_18.941023_73.44792,MH-003,18.941023,73.44792,32,20,cnn_train,1
MH-003_18.941023_73.448189,MH-003,18.941023,73.448189,32,21,cnn_train,0
MH-003_18.941023_73.448459,MH-003,18.941023,73.448459,32,22,cnn_train,0
MH-003_18.941023_73.449806,MH-003,18.941023,73.449806,32,27,cnn_train,0
MH-003_18.941023_73.450345,MH-003,18.941023,73.450345,32,29,cnn_train,0
MH-003_18.941023_73.450884,MH-003,18.941023,73.450884,32,31,cnn_train,0
MH-003_18.941023_73.451423,MH-003,18.941023,73.451423,32,33,cnn_train,0
MH-003_18.941023_73.451962,MH-003,18.941023,73.451962,32,35,cnn_train,0
MH-003_18.940753_73.445225,MH-003,18.940753,73.445225,33,10,cnn_train,0
MH-003_18.940753_73.445494,MH-003,18.940753,73.445494,33,11,cnn_train,1
MH-003_18.940753_73.446033,MH-003,18.940753,73.446033,33,13,cnn_train,0
MH-003_18.940753_73.446303,MH-003,18.940753,73.446303,33,14,cnn_train,0
MH-003_18.940753_73.446572,MH-003,18.940753,73.446572,33,15,cnn_train,1
MH-003_18.940753_73.446842,MH-003,18.940753,73.446842,33,16,cnn_train,0
MH-003_18.940753_73.447111,MH-003,18.940753,73.447111,33,17,cnn_train,1
MH-003_18.940753_73.447381,MH-003,18.940753,73.447381,33,18,cnn_train,1
MH-003_18.940753_73.44765,MH-003,18.940753,73.44765,33,19,cnn_train,1
MH-003_18.940753_73.44792,MH-003,18.940753,73.44792,33,20,cnn_train,1
MH-003_18.940753_73.448189,MH-003,18.940753,73.448189,33,21,cnn_train,1
MH-003_18.940753_73.448728,MH-003,18.940753,73.448728,33,23,cnn_train,0
MH-003_18.940753_73.448997,MH-003,18.940753,73.448997,33,24,cnn_train,0
MH-003_18.940753_73.449806,MH-003,18.940753,73.449806,33,27,cnn_train,0
MH-003_18.940753_73.450614,MH-003,18.940753,73.450614,33,30,cnn_train,0
MH-003_18.940753_73.451153,MH-003,18.940753,73.451153,33,32,cnn_train,0
MH-003_18.940753_73.46382,MH-003,18.940753,73.46382,33,79,cnn_train,0
MH-003_18.940484_73.446303,MH-003,18.940484,73.446303,34,14,cnn_train,1
MH-003_18.940484_73.446572,MH-003,18.940484,73.446572,34,15,cnn_train,1
MH-003_18.940484_73.446842,MH-003,18.940484,73.446842,34,16,cnn_train,1
MH-003_18.940484_73.447111,MH-003,18.940484,73.447111,34,17,cnn_train,1
MH-003_18.940484_73.447381,MH-003,18.940484,73.447381,34,18,cnn_train,1
MH-003_18.940484_73.44765,MH-003,18.940484,73.44765,34,19,cnn_train,1
MH-003_18.940484_73.44792,MH-003,18.940484,73.44792,34,20,cnn_train,1
MH-003_18.940484_73.448728,MH-003,18.940484,73.448728,34,23,cnn_train,0
MH-003_18.940484_73.448997,MH-003,18.940484,73.448997,34,24,cnn_train,0
MH-003_18.940484_73.450614,MH-003,18.940484,73.450614,34,30,cnn_train,0
MH-003_18.940484_73.450884,MH-003,18.940484,73.450884,34,31,cnn_train,0
MH-003_18.940484_73.451153,MH-003,18.940484,73.451153,34,32,cnn_train,0
MH-003_18.940484_73.451423,MH-003,18.940484,73.451423,34,33,cnn_train,0
MH-003_18.940484_73.451692,MH-003,18.940484,73.451692,34,34,cnn_train,0
MH-003_18.940484_73.46382,MH-003,18.940484,73.46382,34,79,cnn_train,0
MH-003_18.940214_73.444416,MH-003,18.940214,73.444416,35,7,cnn_train,0
MH-003_18.940214_73.446033,MH-003,18.940214,73.446033,35,13,cnn_train,1
MH-003_18.940214_73.446303,MH-003,18.940214,73.446303,35,14,cnn_train,1
MH-003_18.940214_73.466515,MH-003,18.940214,73.466515,35,89,cnn_train,0
MH-003_18.939945_73.444416,MH-003,18.939945,73.444416,36,7,cnn_train,0
MH-003_18.939945_73.446033,MH-003,18.939945,73.446033,36,13,cnn_train,0
MH-003_18.939945_73.446303,MH-003,18.939945,73.446303,36,14,cnn_train,0
MH-003_18.939945_73.446572,MH-003,18.939945,73.446572,36,15,cnn_train,1
MH-003_18.939945_73.447111,MH-003,18.939945,73.447111,36,17,cnn_train,1
MH-003_18.939945_73.447381,MH-003,18.939945,73.447381,36,18,cnn_train,1
MH-003_18.939945_73.448189,MH-003,18.939945,73.448189,36,21,cnn_train,1
MH-003_18.939945_73.450075,MH-003,18.939945,73.450075,36,28,cnn_train,0
MH-003_18.939945_73.450345,MH-003,18.939945,73.450345,36,29,cnn_train,0
MH-003_18.939945_73.450614,MH-003,18.939945,73.450614,36,30,cnn_train,0
MH-003_18.939675_73.444416,MH-003,18.939675,73.444416,37,7,cnn_train,0
MH-003_18.939675_73.444686,MH-003,18.939675,73.444686,37,8,cnn_train,0
MH-003_18.939675_73.444955,MH-003,18.939675,73.444955,37,9,cnn_train,0
MH-003_18.939675_73.446303,MH-003,18.939675,73.446303,37,14,cnn_train,0
MH-003_18.939675_73.446572,MH-003,18.939675,73.446572,37,15,cnn_train,1
MH-003_18.939675_73.446842,MH-003,18.939675,73.446842,37,16,cnn_train,1
MH-003_18.939675_73.447111,MH-003,18.939675,73.447111,37,17,cnn_train,1
MH-003_18.939675_73.447381,MH-003,18.939675,73.447381,37,18,cnn_train,1
MH-003_18.939675_73.450075,MH-003,18.939675,73.450075,37,28,cnn_train,0
MH-003_18.939675_73.450345,MH-003,18.939675,73.450345,37,29,cnn_train,0
MH-003_18.939675_73.450614,MH-003,18.939675,73.450614,37,30,cnn_train,0
MH-003_18.939675_73.450884,MH-003,18.939675,73.450884,37,31,cnn_train,0
MH-003_18.939675_73.451153,MH-003,18.939675,73.451153,37,32,cnn_train,0
MH-003_18.939675_73.451423,MH-003,18.939675,73.451423,37,33,cnn_train,0
MH-003_18.939675_73.451692,MH-003,18.939675,73.451692,37,34,cnn_train,0
MH-003_18.939675_73.451962,MH-003,18.939675,73.451962,37,35,cnn_train,0
MH-003_18.939675_73.452231,MH-003,18.939675,73.452231,37,36,cnn_train,0
MH-003_18.939675_73.452501,MH-003,18.939675,73.452501,37,37,cnn_train,0
MH-003_18.939675_73.45277,MH-003,18.939675,73.45277,37,38,cnn_train,0
MH-003_18.939675_73.45304,MH-003,18.939675,73.45304,37,39,cnn_train,0
MH-003_18.939675_73.453309,MH-003,18.939675,73.453309,37,40,cnn_train,0
MH-003_18.939675_73.453579,MH-003,18.939675,73.453579,37,41,cnn_train,0
MH-003_18.939675_73.453848,MH-003,18.939675,73.453848,37,42,cnn_train,0
MH-003_18.939675_73.454118,MH-003,18.939675,73.454118,37,43,cnn_train,0
MH-003_18.939675_73.465437,MH-003,18.939675,73.465437,37,85,cnn_train,0
MH-003_18.939675_73.465706,MH-003,18.939675,73.465706,37,86,cnn_train,0
MH-003_18.939406_73.444686,MH-003,18.939406,73.444686,38,8,cnn_train,0
MH-003_18.939406_73.444955,MH-003,18.939406,73.444955,38,9,cnn_train,0
MH-003_18.939406_73.445225,MH-003,18.939406,73.445225,38,10,cnn_train,0
MH-003_18.939406_73.445494,MH-003,18.939406,73.445494,38,11,cnn_train,0
MH-003_18.939406_73.446842,MH-003,18.939406,73.446842,38,16,cnn_train,1
MH-003_18.939406_73.447111,MH-003,18.939406,73.447111,38,17,cnn_train,1
MH-003_18.939406_73.447381,MH-003,18.939406,73.447381,38,18,cnn_train,1
MH-003_18.939406_73.448728,MH-003,18.939406,73.448728,38,23,cnn_train,0
MH-003_18.939406_73.448997,MH-003,18.939406,73.448997,38,24,cnn_train,0
MH-003_18.939406_73.449267,MH-003,18.939406,73.449267,38,25,cnn_train,0
MH-003_18.939406_73.450075,MH-003,18.939406,73.450075,38,28,cnn_train,0
MH-003_18.939406_73.450345,MH-003,18.939406,73.450345,38,29,cnn_train,0
MH-003_18.939406_73.450614,MH-003,18.939406,73.450614,38,30,cnn_train,0
MH-003_18.939406_73.450884,MH-003,18.939406,73.450884,38,31,cnn_train,0
MH-003_18.939406_73.451153,MH-003,18.939406,73.451153,38,32,cnn_train,0
MH-003_18.939406_73.451692,MH-003,18.939406,73.451692,38,34,cnn_train,0
MH-003_18.939406_73.451962,MH-003,18.939406,73.451962,38,35,cnn_train,0
MH-003_18.939406_73.452231,MH-003,18.939406,73.452231,38,36,cnn_train,0
MH-003_18.939406_73.452501,MH-003,18.939406,73.452501,38,37,cnn_train,0
MH-003_18.939406_73.45277,MH-003,18.939406,73.45277,38,38,cnn_train,0
MH-003_18.939406_73.45304,MH-003,18.939406,73.45304,38,39,cnn_train,0
MH-003_18.939406_73.453309,MH-003,18.939406,73.453309,38,40,cnn_train,0
MH-003_18.939406_73.453579,MH-003,18.939406,73.453579,38,41,cnn_train,0
MH-003_18.939406_73.453848,MH-003,18.939406,73.453848,38,42,cnn_train,0
MH-003_18.939406_73.454118,MH-003,18.939406,73.454118,38,43,cnn_train,0
MH-003_18.939406_73.456274,MH-003,18.939406,73.456274,38,51,cnn_train,0
MH-003_18.939406_73.456543,MH-003,18.939406,73.456543,38,52,cnn_train,0
MH-003_18.939406_73.456813,MH-003,18.939406,73.456813,38,53,cnn_train,0
MH-003_18.939406_73.457082,MH-003,18.939406,73.457082,38,54,cnn_train,0
MH-003_18.939406_73.457352,MH-003,18.939406,73.457352,38,55,cnn_train,0
MH-003_18.939406_73.457621,MH-003,18.939406,73.457621,38,56,cnn_train,0
MH-003_18.939406_73.457891,MH-003,18.939406,73.457891,38,57,cnn_train,0
MH-003_18.939406_73.45816,MH-003,18.939406,73.45816,38,58,cnn_train,0
MH-003_18.939406_73.45843,MH-003,18.939406,73.45843,38,59,cnn_train,0
MH-003_18.939406_73.458699,MH-003,18.939406,73.458699,38,60,cnn_train,0
MH-003_18.939406_73.459238,MH-003,18.939406,73.459238,38,62,cnn_train,0
MH-003_18.939406_73.459508,MH-003,18.939406,73.459508,38,63,cnn_train,0
MH-003_18.939406_73.459777,MH-003,18.939406,73.459777,38,64,cnn_train,0
MH-003_18.939406_73.460047,MH-003,18.939406,73.460047,38,65,cnn_train,0
MH-003_18.939406_73.460316,MH-003,18.939406,73.460316,38,66,cnn_train,0
MH-003_18.939406_73.460586,MH-003,18.939406,73.460586,38,67,cnn_train,0
MH-003_18.939406_73.466784,MH-003,18.939406,73.466784,38,90,cnn_train,0
MH-003_18.939136_73.444955,MH-003,18.939136,73.444955,39,9,cnn_train,0
MH-003_18.939136_73.445225,MH-003,18.939136,73.445225,39,10,cnn_train,0
MH-003_18.939136_73.445494,MH-003,18.939136,73.445494,39,11,cnn_train,0
MH-003_18.939136_73.445764,MH-003,18.939136,73.445764,39,12,cnn_train,0
MH-003_18.939136_73.44792,MH-003,18.939136,73.44792,39,20,cnn_train,1
MH-003_18.939136_73.448728,MH-003,18.939136,73.448728,39,23,cnn_train,0
MH-003_18.939136_73.448997,MH-003,18.939136,73.448997,39,24,cnn_train,0
MH-003_18.939136_73.449267,MH-003,18.939136,73.449267,39,25,cnn_train,0
MH-003_18.939136_73.449536,MH-003,18.939136,73.449536,39,26,cnn_train,0
MH-003_18.939136_73.450614,MH-003,18.939136,73.450614,39,30,cnn_train,0
MH-003_18.939136_73.451423,MH-003,18.939136,73.451423,39,33,cnn_train,0
MH-003_18.939136_73.451692,MH-003,18.939136,73.451692,39,34,cnn_train,0
MH-003_18.939136_73.452231,MH-003,18.939136,73.452231,39,36,cnn_train,0
MH-003_18.939136_73.452501,MH-003,18.939136,73.452501,39,37,cnn_train,0
MH-003_18.939136_73.45277,MH-003,18.939136,73.45277,39,38,cnn_train,0
MH-003_18.939136_73.45304,MH-003,18.939136,73.45304,39,39,cnn_train,0
MH-003_18.939136_73.453309,MH-003,18.939136,73.453309,39,40,cnn_train,0
MH-003_18.939136_73.453579,MH-003,18.939136,73.453579,39,41,cnn_train,0
MH-003_18.939136_73.453848,MH-003,18.939136,73.453848,39,42,cnn_train,0
MH-003_18.939136_73.454118,MH-003,18.939136,73.454118,39,43,cnn_train,0
MH-003_18.939136_73.454387,MH-003,18.939136,73.454387,39,44,cnn_train,0
MH-003_18.939136_73.455465,MH-003,18.939136,73.455465,39,48,cnn_train,0
MH-003_18.939136_73.455735,MH-003,18.939136,73.455735,39,49,cnn_train,0
MH-003_18.939136_73.456274,MH-003,18.939136,73.456274,39,51,cnn_train,0
MH-003_18.939136_73.456543,MH-003,18.939136,73.456543,39,52,cnn_train,0
MH-003_18.939136_73.456813,MH-003,18.939136,73.456813,39,53,cnn_train,0
MH-003_18.939136_73.457082,MH-003,18.939136,73.457082,39,54,cnn_train,0
MH-003_18.939136_73.457352,MH-003,18.939136,73.457352,39,55,cnn_train,0
MH-003_18.939136_73.457621,MH-003,18.939136,73.457621,39,56,cnn_train,0
MH-003_18.939136_73.457891,MH-003,18.939136,73.457891,39,57,cnn_train,0
MH-003_18.939136_73.45816,MH-003,18.939136,73.45816,39,58,cnn_train,0
MH-003_18.939136_73.45843,MH-003,18.939136,73.45843,39,59,cnn_train,0
MH-003_18.939136_73.458699,MH-003,18.939136,73.458699,39,60,cnn_train,0
MH-003_18.939136_73.459238,MH-003,18.939136,73.459238,39,62,cnn_train,0
MH-003_18.939136_73.459508,MH-003,18.939136,73.459508,39,63,cnn_train,0
MH-003_18.939136_73.459777,MH-003,18.939136,73.459777,39,64,cnn_train,0
MH-003_18.939136_73.460047,MH-003,18.939136,73.460047,39,65,cnn_train,0
MH-003_18.939136_73.460316,MH-003,18.939136,73.460316,39,66,cnn_train,0
MH-003_18.939136_73.460586,MH-003,18.939136,73.460586,39,67,cnn_train,0
MH-003_18.939136_73.460855,MH-003,18.939136,73.460855,39,68,cnn_train,0
MH-003_18.939136_73.461125,MH-003,18.939136,73.461125,39,69,cnn_train,0
MH-003_18.939136_73.461394,MH-003,18.939136,73.461394,39,70,cnn_train,0
MH-003_18.939136_73.464089,MH-003,18.939136,73.464089,39,80,cnn_train,0
MH-003_18.939136_73.464628,MH-003,18.939136,73.464628,39,82,cnn_train,0
MH-003_18.939136_73.466784,MH-003,18.939136,73.466784,39,90,cnn_train,0
MH-003_18.938867_73.445225,MH-003,18.938867,73.445225,40,10,cnn_train,0
MH-003_18.938867_73.445494,MH-003,18.938867,73.445494,40,11,cnn_train,0
MH-003_18.938867_73.445764,MH-003,18.938867,73.445764,40,12,cnn_train,0
MH-003_18.938867_73.446033,MH-003,18.938867,73.446033,40,13,cnn_train,0
MH-003_18.938867_73.44792,MH-003,18.938867,73.44792,40,20,cnn_train,1
MH-003_18.938867_73.448997,MH-003,18.938867,73.448997,40,24,cnn_train,0
MH-003_18.938867_73.449267,MH-003,18.938867,73.449267,40,25,cnn_train,0
MH-003_18.938867_73.449536,MH-003,18.938867,73.449536,40,26,cnn_train,0
MH-003_18.938867_73.449806,MH-003,18.938867,73.449806,40,27,cnn_train,1
MH-003_18.938867_73.450075,MH-003,18.938867,73.450075,40,28,cnn_train,0
MH-003_18.938867_73.450614,MH-003,18.938867,73.450614,40,30,cnn_train,0
MH-003_18.938867_73.450884,MH-003,18.938867,73.450884,40,31,cnn_train,0
MH-003_18.938867_73.451153,MH-003,18.938867,73.451153,40,32,cnn_train,0
MH-003_18.938867_73.451423,MH-003,18.938867,73.451423,40,33,cnn_train,0
MH-003_18.938867_73.451692,MH-003,18.938867,73.451692,40,34,cnn_train,0
MH-003_18.938867_73.452231,MH-003,18.938867,73.452231,40,36,cnn_train,0
MH-003_18.938867_73.452501,MH-003,18.938867,73.452501,40,37,cnn_train,0
MH-003_18.938867_73.45277,MH-003,18.938867,73.45277,40,38,cnn_train,0
MH-003_18.938867_73.45304,MH-003,18.938867,73.45304,40,39,cnn_train,0
MH-003_18.938867_73.453309,MH-003,18.938867,73.453309,40,40,cnn_train,0
MH-003_18.938867_73.453579,MH-003,18.938867,73.453579,40,41,cnn_train,0
MH-003_18.938867_73.453848,MH-003,18.938867,73.453848,40,42,cnn_train,0
MH-003_18.938867_73.454118,MH-003,18.938867,73.454118,40,43,cnn_train,0
MH-003_18.938867_73.454387,MH-003,18.938867,73.454387,40,44,cnn_train,0
MH-003_18.938867_73.454657,MH-003,18.938867,73.454657,40,45,cnn_train,0
MH-003_18.938867_73.455465,MH-003,18.938867,73.455465,40,48,cnn_train,0
MH-003_18.938867_73.455735,MH-003,18.938867,73.455735,40,49,cnn_train,0
MH-003_18.938867_73.456004,MH-003,18.938867,73.456004,40,50,cnn_train,0
MH-003_18.938867_73.456813,MH-003,18.938867,73.456813,40,53,cnn_train,0
MH-003_18.938867_73.457082,MH-003,18.938867,73.457082,40,54,cnn_train,0
MH-003_18.938867_73.457352,MH-003,18.938867,73.457352,40,55,cnn_train,0
MH-003_18.938867_73.457621,MH-003,18.938867,73.457621,40,56,cnn_train,0
MH-003_18.938867_73.457891,MH-003,18.938867,73.457891,40,57,cnn_train,0
MH-003_18.938867_73.45816,MH-003,18.938867,73.45816,40,58,cnn_train,0
MH-003_18.938867_73.45843,MH-003,18.938867,73.45843,40,59,cnn_train,0
MH-003_18.938867_73.458699,MH-003,18.938867,73.458699,40,60,cnn_train,0
MH-003_18.938867_73.458969,MH-003,18.938867,73.458969,40,61,cnn_train,0
MH-003_18.938867_73.459238,MH-003,18.938867,73.459238,40,62,cnn_train,0
MH-003_18.938867_73.459508,MH-003,18.938867,73.459508,40,63,cnn_train,0
MH-003_18.938867_73.459777,MH-003,18.938867,73.459777,40,64,cnn_train,0
MH-003_18.938867_73.460047,MH-003,18.938867,73.460047,40,65,cnn_train,0
MH-003_18.938867_73.460316,MH-003,18.938867,73.460316,40,66,cnn_train,0
MH-003_18.938867_73.460586,MH-003,18.938867,73.460586,40,67,cnn_train,0
MH-003_18.938867_73.460855,MH-003,18.938867,73.460855,40,68,cnn_train,0
MH-003_18.938867_73.461125,MH-003,18.938867,73.461125,40,69,cnn_train,0
MH-003_18.938867_73.461394,MH-003,18.938867,73.461394,40,70,cnn_train,0
MH-003_18.938867_73.461664,MH-003,18.938867,73.461664,40,71,cnn_train,0
MH-003_18.938867_73.462742,MH-003,18.938867,73.462742,40,75,cnn_train,0
MH-003_18.938867_73.463011,MH-003,18.938867,73.463011,40,76,cnn_train,0
MH-003_18.938867_73.463281,MH-003,18.938867,73.463281,40,77,cnn_train,0
MH-003_18.938867_73.464089,MH-003,18.938867,73.464089,40,80,cnn_train,0
MH-003_18.938867_73.464628,MH-003,18.938867,73.464628,40,82,cnn_train,0
MH-003_18.938867_73.464898,MH-003,18.938867,73.464898,40,83,cnn_train,0
MH-003_18.938867_73.465167,MH-003,18.938867,73.465167,40,84,cnn_train,0
MH-003_18.938867_73.465437,MH-003,18.938867,73.465437,40,85,cnn_train,0
MH-003_18.938867_73.465706,MH-003,18.938867,73.465706,40,86,cnn_train,0
MH-003_18.938867_73.465976,MH-003,18.938867,73.465976,40,87,cnn_train,0
MH-003_18.938867_73.466245,MH-003,18.938867,73.466245,40,88,cnn_train,0
MH-003_18.938867_73.466784,MH-003,18.938867,73.466784,40,90,cnn_train,0
MH-003_18.938597_73.445494,MH-003,18.938597,73.445494,41,11,cnn_train,0
MH-003_18.938597_73.445764,MH-003,18.938597,73.445764,41,12,cnn_train,0
MH-003_18.938597_73.446033,MH-003,18.938597,73.446033,41,13,cnn_train,0
MH-003_18.938597_73.446303,MH-003,18.938597,73.446303,41,14,cnn_train,0
MH-003_18.938597_73.449536,MH-003,18.938597,73.449536,41,26,cnn_train,1
MH-003_18.938597_73.449806,MH-003,18.938597,73.449806,41,27,cnn_train,0
MH-003_18.938597_73.450345,MH-003,18.938597,73.450345,41,29,cnn_train,0
MH-003_18.938597_73.451423,MH-003,18.938597,73.451423,41,33,cnn_train,0
MH-003_18.938597_73.451962,MH-003,18.938597,73.451962,41,35,cnn_train,0
MH-003_18.938597_73.452501,MH-003,18.938597,73.452501,41,37,cnn_train,0
MH-003_18.938597_73.45277,MH-003,18.938597,73.45277,41,38,cnn_train,0
MH-003_18.938597_73.45304,MH-003,18.938597,73.45304,41,39,cnn_train,0
MH-003_18.938597_73.453309,MH-003,18.938597,73.453309,41,40,cnn_train,0
MH-003_18.938597_73.453579,MH-003,18.938597,73.453579,41,41,cnn_train,0
MH-003_18.938597_73.453848,MH-003,18.938597,73.453848,41,42,cnn_train,0
MH-003_18.938597_73.454118,MH-003,18.938597,73.454118,41,43,cnn_train,0
MH-003_18.938597_73.454387,MH-003,18.938597,73.454387,41,44,cnn_train,0
MH-003_18.938597_73.454657,MH-003,18.938597,73.454657,41,45,cnn_train,0
MH-003_18.938597_73.454926,MH-003,18.938597,73.454926,41,46,cnn_train,0
MH-003_18.938597_73.455196,MH-003,18.938597,73.455196,41,47,cnn_train,0
MH-003_18.938597_73.455735,MH-003,18.938597,73.455735,41,49,cnn_train,0
MH-003_18.938597_73.456004,MH-003,18.938597,73.456004,41,50,cnn_train,0
MH-003_18.938597_73.457352,MH-003,18.938597,73.457352,41,55,cnn_train,0
MH-003_18.938597_73.457621,MH-003,18.938597,73.457621,41,56,cnn_train,0
MH-003_18.938597_73.457891,MH-003,18.938597,73.457891,41,57,cnn_train,0
MH-003_18.938597_73.45816,MH-003,18.938597,73.45816,41,58,cnn_train,0
MH-003_18.938597_73.45843,MH-003,18.938597,73.45843,41,59,cnn_train,0
MH-003_18.938597_73.458699,MH-003,18.938597,73.458699,41,60,cnn_train,0
MH-003_18.938597_73.458969,MH-003,18.938597,73.458969,41,61,cnn_train,0
MH-003_18.938597_73.459238,MH-003,18.938597,73.459238,41,62,cnn_train,0
MH-003_18.938597_73.459508,MH-003,18.938597,73.459508,41,63,cnn_train,0
MH-003_18.938597_73.459777,MH-003,18.938597,73.459777,41,64,cnn_train,0
MH-003_18.938597_73.460047,MH-003,18.938597,73.460047,41,65,cnn_train,0
MH-003_18.938597_73.460316,MH-003,18.938597,73.460316,41,66,cnn_train,0
MH-003_18.938597_73.460586,MH-003,18.938597,73.460586,41,67,cnn_train,0
MH-003_18.938597_73.460855,MH-003,18.938597,73.460855,41,68,cnn_train,0
MH-003_18.938597_73.461125,MH-003,18.938597,73.461125,41,69,cnn_train,0
MH-003_18.938597_73.461394,MH-003,18.938597,73.461394,41,70,cnn_train,0
MH-003_18.938597_73.461664,MH-003,18.938597,73.461664,41,71,cnn_train,0
MH-003_18.938597_73.461933,MH-003,18.938597,73.461933,41,72,cnn_train,0
MH-003_18.938597_73.462203,MH-003,18.938597,73.462203,41,73,cnn_train,0
MH-003_18.938597_73.462472,MH-003,18.938597,73.462472,41,74,cnn_train,0
MH-003_18.938597_73.462742,MH-003,18.938597,73.462742,41,75,cnn_train,0
MH-003_18.938597_73.463011,MH-003,18.938597,73.463011,41,76,cnn_train,0
MH-003_18.938597_73.463281,MH-003,18.938597,73.463281,41,77,cnn_train,0
MH-003_18.938597_73.464628,MH-003,18.938597,73.464628,41,82,cnn_train,0
MH-003_18.938597_73.464898,MH-003,18.938597,73.464898,41,83,cnn_train,0
MH-003_18.938597_73.465167,MH-003,18.938597,73.465167,41,84,cnn_train,0
MH-003_18.938597_73.465437,MH-003,18.938597,73.465437,41,85,cnn_train,0
MH-003_18.938597_73.465706,MH-003,18.938597,73.465706,41,86,cnn_train,0
MH-003_18.938597_73.465976,MH-003,18.938597,73.465976,41,87,cnn_train,0
MH-003_18.938597_73.466245,MH-003,18.938597,73.466245,41,88,cnn_train,0
MH-003_18.938597_73.466515,MH-003,18.938597,73.466515,41,89,cnn_train,0
MH-003_18.938597_73.466784,MH-003,18.938597,73.466784,41,90,cnn_train,0
MH-003_18.938597_73.467054,MH-003,18.938597,73.467054,41,91,cnn_train,0
MH-003_18.938597_73.467323,MH-003,18.938597,73.467323,41,92,cnn_train,0
MH-003_18.938597_73.467593,MH-003,18.938597,73.467593,41,93,cnn_train,0
MH-003_18.938328_73.445764,MH-003,18.938328,73.445764,42,12,cnn_train,0
MH-003_18.938328_73.446033,MH-003,18.938328,73.446033,42,13,cnn_train,0
MH-003_18.938328_73.446303,MH-003,18.938328,73.446303,42,14,cnn_train,0
MH-003_18.938328_73.446572,MH-003,18.938328,73.446572,42,15,cnn_train,0
MH-003_18.938328_73.449536,MH-003,18.938328,73.449536,42,26,cnn_train,1
MH-003_18.938328_73.449806,MH-003,18.938328,73.449806,42,27,cnn_train,1
MH-003_18.938328_73.450075,MH-003,18.938328,73.450075,42,28,cnn_train,0
MH-003_18.938328_73.450345,MH-003,18.938328,73.450345,42,29,cnn_train,0
MH-003_18.938328_73.450614,MH-003,18.938328,73.450614,42,30,cnn_train,0
MH-003_18.938328_73.451423,MH-003,18.938328,73.451423,42,33,cnn_train,0
MH-003_18.938328_73.451962,MH-003,18.938328,73.451962,42,35,cnn_train,0
MH-003_18.938328_73.454926,MH-003,18.938328,73.454926,42,46,cnn_train,0
MH-003_18.938328_73.455196,MH-003,18.938328,73.455196,42,47,cnn_train,0
MH-003_18.938328_73.456274,MH-003,18.938328,73.456274,42,51,cnn_train,0
MH-003_18.938328_73.456543,MH-003,18.938328,73.456543,42,52,cnn_train,0
MH-003_18.938328_73.457082,MH-003,18.938328,73.457082,42,54,cnn_train,0
MH-003_18.938328_73.457891,MH-003,18.938328,73.457891,42,57,cnn_train,0
MH-003_18.938328_73.45816,MH-003,18.938328,73.45816,42,58,cnn_train,0
MH-003_18.938328_73.45843,MH-003,18.938328,73.45843,42,59,cnn_train,0
MH-003_18.938328_73.458699,MH-003,18.938328,73.458699,42,60,cnn_train,0
MH-003_18.938328_73.458969,MH-003,18.938328,73.458969,42,61,cnn_train,0
MH-003_18.938328_73.459238,MH-003,18.938328,73.459238,42,62,cnn_train,0
MH-003_18.938328_73.459508,MH-003,18.938328,73.459508,42,63,cnn_train,0
MH-003_18.938328_73.459777,MH-003,18.938328,73.459777,42,64,cnn_train,0
MH-003_18.938328_73.460047,MH-003,18.938328,73.460047,42,65,cnn_train,0
MH-003_18.938328_73.460316,MH-003,18.938328,73.460316,42,66,cnn_train,0
MH-003_18.938328_73.460586,MH-003,18.938328,73.460586,42,67,cnn_train,0
MH-003_18.938328_73.460855,MH-003,18.938328,73.460855,42,68,cnn_train,0
MH-003_18.938328_73.461125,MH-003,18.938328,73.461125,42,69,cnn_train,0
MH-003_18.938328_73.461394,MH-003,18.938328,73.461394,42,70,cnn_train,0
MH-003_18.938328_73.461664,MH-003,18.938328,73.461664,42,71,cnn_train,0
MH-003_18.938328_73.461933,MH-003,18.938328,73.461933,42,72,cnn_train,0
MH-003_18.938328_73.462203,MH-003,18.938328,73.462203,42,73,cnn_train,0
MH-003_18.938328_73.462472,MH-003,18.938328,73.462472,42,74,cnn_train,0
MH-003_18.938328_73.462742,MH-003,18.938328,73.462742,42,75,cnn_train,0
MH-003_18.938328_73.463011,MH-003,18.938328,73.463011,42,76,cnn_train,0
MH-003_18.938328_73.463281,MH-003,18.938328,73.463281,42,77,cnn_train,0
MH-003_18.938328_73.46355,MH-003,18.938328,73.46355,42,78,cnn_train,0
MH-003_18.938328_73.464359,MH-003,18.938328,73.464359,42,81,cnn_train,0
MH-003_18.938328_73.464628,MH-003,18.938328,73.464628,42,82,cnn_train,0
MH-003_18.938328_73.464898,MH-003,18.938328,73.464898,42,83,cnn_train,0
MH-003_18.938328_73.465167,MH-003,18.938328,73.465167,42,84,cnn_train,0
MH-003_18.938328_73.465437,MH-003,18.938328,73.465437,42,85,cnn_train,0
MH-003_18.938328_73.465706,MH-003,18.938328,73.465706,42,86,cnn_train,0
MH-003_18.938328_73.465976,MH-003,18.938328,73.465976,42,87,cnn_train,0
MH-003_18.938328_73.466245,MH-003,18.938328,73.466245,42,88,cnn_train,0
MH-003_18.938328_73.472713,MH-003,18.938328,73.472713,42,112,cnn_train,0
MH-003_18.938328_73.472983,MH-003,18.938328,73.472983,42,113,cnn_train,0
MH-003_18.938328_73.473252,MH-003,18.938328,73.473252,42,114,cnn_train,0
MH-003_18.938328_73.473521,MH-003,18.938328,73.473521,42,115,cnn_train,0
MH-003_18.938058_73.446033,MH-003,18.938058,73.446033,43,13,cnn_train,0
MH-003_18.938058_73.446303,MH-003,18.938058,73.446303,43,14,cnn_train,0
MH-003_18.938058_73.446572,MH-003,18.938058,73.446572,43,15,cnn_train,0
MH-003_18.938058_73.446842,MH-003,18.938058,73.446842,43,16,cnn_train,0
MH-003_18.938058_73.449806,MH-003,18.938058,73.449806,43,27,cnn_train,0
MH-003_18.938058_73.450075,MH-003,18.938058,73.450075,43,28,cnn_train,0
MH-003_18.938058_73.450345,MH-003,18.938058,73.450345,43,29,cnn_train,0
MH-003_18.938058_73.450614,MH-003,18.938058,73.450614,43,30,cnn_train,0
MH-003_18.938058_73.450884,MH-003,18.938058,73.450884,43,31,cnn_train,0
MH-003_18.938058_73.451153,MH-003,18.938058,73.451153,43,32,cnn_train,0
MH-003_18.938058_73.485649,MH-003,18.938058,73.485649,43,160,cnn_val,0
MH-003_18.938058_73.485918,MH-003,18.938058,73.485918,43,161,cnn_val,0
MH-003_18.937789_73.446303,MH-003,18.937789,73.446303,44,14,cnn_train,0
MH-003_18.937789_73.446572,MH-003,18.937789,73.446572,44,15,cnn_train,0
MH-003_18.937789_73.446842,MH-003,18.937789,73.446842,44,16,cnn_train,0
MH-003_18.937789_73.447111,MH-003,18.937789,73.447111,44,17,cnn_train,0
MH-003_18.937789_73.448189,MH-003,18.937789,73.448189,44,21,cnn_train,0
MH-003_18.937789_73.450075,MH-003,18.937789,73.450075,44,28,cnn_train,0
MH-003_18.937789_73.450345,MH-003,18.937789,73.450345,44,29,cnn_train,0
MH-003_18.937789_73.450614,MH-003,18.937789,73.450614,44,30,cnn_train,0
MH-003_18.937789_73.450884,MH-003,18.937789,73.450884,44,31,cnn_train,0
MH-003_18.937789_73.451153,MH-003,18.937789,73.451153,44,32,cnn_train,0
MH-003_18.937789_73.451423,MH-003,18.937789,73.451423,44,33,cnn_train,0
MH-003_18.937519_73.446572,MH-003,18.937519,73.446572,45,15,cnn_train,0
MH-003_18.937519_73.446842,MH-003,18.937519,73.446842,45,16,cnn_train,0
MH-003_18.937519_73.447111,MH-003,18.937519,73.447111,45,17,cnn_train,0
MH-003_18.937519_73.447381,MH-003,18.937519,73.447381,45,18,cnn_train,0
MH-003_18.937519_73.450075,MH-003,18.937519,73.450075,45,28,cnn_train,0
MH-003_18.937519_73.450345,MH-003,18.937519,73.450345,45,29,cnn_train,0
MH-003_18.937519_73.450614,MH-003,18.937519,73.450614,45,30,cnn_train,0
MH-003_18.937519_73.450884,MH-003,18.937519,73.450884,45,31,cnn_train,0
MH-003_18.937519_73.451153,MH-003,18.937519,73.451153,45,32,cnn_train,0
MH-003_18.937519_73.451962,MH-003,18.937519,73.451962,45,35,cnn_train,0
MH-003_18.93725_73.446842,MH-003,18.93725,73.446842,46,16,cnn_train,0
MH-003_18.93725_73.447111,MH-003,18.93725,73.447111,46,17,cnn_train,0
MH-003_18.93725_73.484301,MH-003,18.93725,73.484301,46,155,cnn_val,0
MH-003_18.93725_73.486188,MH-003,18.93725,73.486188,46,162,cnn_val,0
MH-003_18.936711_73.45843,MH-003,18.936711,73.45843,48,59,cnn_train,0
MH-003_18.936441_73.483493,MH-003,18.936441,73.483493,49,152,cnn_val,0
MH-003_18.936172_73.447111,MH-003,18.936172,73.447111,50,17,cnn_train,0
MH-003_18.936172_73.447381,MH-003,18.936172,73.447381,50,18,cnn_train,0
MH-003_18.936172_73.483493,MH-003,18.936172,73.483493,50,152,cnn_val,0
MH-003_18.935902_73.446842,MH-003,18.935902,73.446842,51,16,cnn_train,0
MH-003_18.935902_73.447111,MH-003,18.935902,73.447111,51,17,cnn_train,0
MH-003_18.935902_73.447381,MH-003,18.935902,73.447381,51,18,cnn_train,0
MH-003_18.935902_73.44765,MH-003,18.935902,73.44765,51,19,cnn_train,0
MH-003_18.935902_73.44792,MH-003,18.935902,73.44792,51,20,cnn_train,0
MH-003_18.935902_73.448189,MH-003,18.935902,73.448189,51,21,cnn_train,0
MH-003_18.935902_73.448459,MH-003,18.935902,73.448459,51,22,cnn_train,0
MH-003_18.935902_73.448728,MH-003,18.935902,73.448728,51,23,cnn_train,0
MH-003_18.935633_73.446842,MH-003,18.935633,73.446842,52,16,cnn_train,0
MH-003_18.935633_73.447111,MH-003,18.935633,73.447111,52,17,cnn_train,0
MH-003_18.935633_73.447381,MH-003,18.935633,73.447381,52,18,cnn_train,0
MH-003_18.935633_73.44765,MH-003,18.935633,73.44765,52,19,cnn_train,0
MH-003_18.935633_73.44792,MH-003,18.935633,73.44792,52,20,cnn_train,0
MH-003_18.935633_73.448189,MH-003,18.935633,73.448189,52,21,cnn_train,0
MH-003_18.935633_73.448459,MH-003,18.935633,73.448459,52,22,cnn_train,0
MH-003_18.935633_73.448728,MH-003,18.935633,73.448728,52,23,cnn_train,0
MH-003_18.935633_73.448997,MH-003,18.935633,73.448997,52,24,cnn_train,0
MH-003_18.935633_73.449267,MH-003,18.935633,73.449267,52,25,cnn_train,0
MH-003_18.935633_73.449536,MH-003,18.935633,73.449536,52,26,cnn_train,0
MH-003_18.935633_73.449806,MH-003,18.935633,73.449806,52,27,cnn_train,0
MH-003_18.935363_73.447111,MH-003,18.935363,73.447111,53,17,cnn_train,0
MH-003_18.935363_73.447381,MH-003,18.935363,73.447381,53,18,cnn_train,0
MH-003_18.935363_73.44765,MH-003,18.935363,73.44765,53,19,cnn_train,0
MH-003_18.935363_73.44792,MH-003,18.935363,73.44792,53,20,cnn_train,0
MH-003_18.935363_73.448189,MH-003,18.935363,73.448189,53,21,cnn_train,0
MH-003_18.935363_73.448459,MH-003,18.935363,73.448459,53,22,cnn_train,0
MH-003_18.935363_73.448728,MH-003,18.935363,73.448728,53,23,cnn_train,0
MH-003_18.935094_73.447381,MH-003,18.935094,73.447381,54,18,cnn_train,0
MH-003_18.935094_73.44765,MH-003,18.935094,73.44765,54,19,cnn_train,0
MH-003_18.935094_73.44792,MH-003,18.935094,73.44792,54,20,cnn_train,0
MH-003_18.935094_73.448189,MH-003,18.935094,73.448189,54,21,cnn_train,0
MH-003_18.934824_73.44765,MH-003,18.934824,73.44765,55,19,cnn_train,0
MH-003_18.914882_73.502896,MH-003,18.914882,73.502896,129,224,cnn_test,0
MH-003_18.914882_73.503166,MH-003,18.914882,73.503166,129,225,cnn_test,0
MH-003_18.914612_73.498046,MH-003,18.914612,73.498046,130,206,cnn_test,0
MH-003_18.914612_73.500471,MH-003,18.914612,73.500471,130,215,cnn_test,0
MH-003_18.914612_73.50074,MH-003,18.914612,73.50074,130,216,cnn_test,0
MH-003_18.914612_73.50101,MH-003,18.914612,73.50101,130,217,cnn_test,0
MH-003_18.914612_73.501279,MH-003,18.914612,73.501279,130,218,cnn_test,0
MH-003_18.914612_73.502896,MH-003,18.914612,73.502896,130,224,cnn_test,0
MH-003_18.914612_73.503166,MH-003,18.914612,73.503166,130,225,cnn_test,0
MH-003_18.914343_73.497237,MH-003,18.914343,73.497237,131,203,cnn_test,0
MH-003_18.914343_73.497507,MH-003,18.914343,73.497507,131,204,cnn_test,0
MH-003_18.914343_73.498315,MH-003,18.914343,73.498315,131,207,cnn_test,0
MH-003_18.914343_73.498584,MH-003,18.914343,73.498584,131,208,cnn_test,0
MH-003_18.914343_73.498854,MH-003,18.914343,73.498854,131,209,cnn_test,0
MH-003_18.914343_73.499662,MH-003,18.914343,73.499662,131,212,cnn_test,0
MH-003_18.914343_73.500201,MH-003,18.914343,73.500201,131,214,cnn_test,0
MH-003_18.914343_73.500471,MH-003,18.914343,73.500471,131,215,cnn_test,0
MH-003_18.914343_73.50074,MH-003,18.914343,73.50074,131,216,cnn_test,0
MH-003_18.914343_73.501549,MH-003,18.914343,73.501549,131,219,cnn_test,0
MH-003_18.914343_73.501818,MH-003,18.914343,73.501818,131,220,cnn_test,0
MH-003_18.914343_73.502088,MH-003,18.914343,73.502088,131,221,cnn_test,0
MH-003_18.914343_73.502357,MH-003,18.914343,73.502357,131,222,cnn_test,0
MH-003_18.914343_73.502627,MH-003,18.914343,73.502627,131,223,cnn_test,0
MH-003_18.914343_73.502896,MH-003,18.914343,73.502896,131,224,cnn_test,0
MH-003_18.914343_73.503166,MH-003,18.914343,73.503166,131,225,cnn_test,0
MH-003_18.914073_73.499662,MH-003,18.914073,73.499662,132,212,cnn_test,0
MH-003_18.914073_73.500201,MH-003,18.914073,73.500201,132,214,cnn_test,0
MH-003_18.914073_73.500471,MH-003,18.914073,73.500471,132,215,cnn_test,0
MH-003_18.914073_73.50074,MH-003,18.914073,73.50074,132,216,cnn_test,0
MH-003_18.914073_73.50101,MH-003,18.914073,73.50101,132,217,cnn_test,0
MH-003_18.914073_73.501279,MH-003,18.914073,73.501279,132,218,cnn_test,0
MH-003_18.914073_73.501549,MH-003,18.914073,73.501549,132,219,cnn_test,0
MH-003_18.914073_73.501818,MH-003,18.914073,73.501818,132,220,cnn_test,0
MH-003_18.914073_73.502088,MH-003,18.914073,73.502088,132,221,cnn_test,0
MH-003_18.914073_73.502357,MH-003,18.914073,73.502357,132,222,cnn_test,0
MH-003_18.914073_73.502627,MH-003,18.914073,73.502627,132,223,cnn_test,0
MH-003_18.914073_73.502896,MH-003,18.914073,73.502896,132,224,cnn_test,0
MH-003_18.913804_73.500471,MH-003,18.913804,73.500471,133,215,cnn_test,0
MH-003_18.913804_73.50074,MH-003,18.913804,73.50074,133,216,cnn_test,0
MH-003_18.913804_73.50101,MH-003,18.913804,73.50101,133,217,cnn_test,0
MH-003_18.913804_73.501279,MH-003,18.913804,73.501279,133,218,cnn_test,0
MH-003_18.913804_73.501549,MH-003,18.913804,73.501549,133,219,cnn_test,0
MH-003_18.913804_73.501818,MH-003,18.913804,73.501818,133,220,cnn_test,0
MH-003_18.913804_73.502088,MH-003,18.913804,73.502088,133,221,cnn_test,0
MH-003_18.913804_73.502357,MH-003,18.913804,73.502357,133,222,cnn_test,0
MH-003_18.913804_73.502627,MH-003,18.913804,73.502627,133,223,cnn_test,0
MH-003_18.913804_73.502896,MH-003,18.913804,73.502896,133,224,cnn_test,0
MH-003_18.913534_73.497237,MH-003,18.913534,73.497237,134,203,cnn_test,0
MH-003_18.913534_73.500471,MH-003,18.913534,73.500471,134,215,cnn_test,0
MH-003_18.913534_73.50074,MH-003,18.913534,73.50074,134,216,cnn_test,0
MH-003_18.913534_73.50101,MH-003,18.913534,73.50101,134,217,cnn_test,0
MH-003_18.913534_73.501279,MH-003,18.913534,73.501279,134,218,cnn_test,0
MH-003_18.913534_73.501549,MH-003,18.913534,73.501549,134,219,cnn_test,0
MH-003_18.913534_73.501818,MH-003,18.913534,73.501818,134,220,cnn_test,0
MH-003_18.913534_73.502088,MH-003,18.913534,73.502088,134,221,cnn_test,0
MH-003_18.913534_73.502357,MH-003,18.913534,73.502357,134,222,cnn_test,0
MH-003_18.913534_73.502627,MH-003,18.913534,73.502627,134,223,cnn_test,0
MH-003_18.913534_73.502896,MH-003,18.913534,73.502896,134,224,cnn_test,0
MH-003_18.913534_73.503166,MH-003,18.913534,73.503166,134,225,cnn_test,0
MH-003_18.913265_73.497237,MH-003,18.913265,73.497237,135,203,cnn_test,0
MH-003_18.913265_73.500471,MH-003,18.913265,73.500471,135,215,cnn_test,0
MH-003_18.913265_73.50074,MH-003,18.913265,73.50074,135,216,cnn_test,0
MH-003_18.913265_73.50101,MH-003,18.913265,73.50101,135,217,cnn_test,0
MH-003_18.913265_73.501279,MH-003,18.913265,73.501279,135,218,cnn_test,0
MH-003_18.913265_73.501549,MH-003,18.913265,73.501549,135,219,cnn_test,0
MH-003_18.912995_73.50074,MH-003,18.912995,73.50074,136,216,cnn_test,0
MH-003_18.912995_73.50101,MH-003,18.912995,73.50101,136,217,cnn_test,0
MH-003_18.912995_73.501279,MH-003,18.912995,73.501279,136,218,cnn_test,0
MH-003_18.912995_73.502627,MH-003,18.912995,73.502627,136,223,cnn_test,0
MH-003_18.912726_73.50074,MH-003,18.912726,73.50074,137,216,cnn_test,0
MH-003_18.912726_73.502357,MH-003,18.912726,73.502357,137,222,cnn_test,0
MH-003_18.912726_73.502627,MH-003,18.912726,73.502627,137,223,cnn_test,0
MH-003_18.912726_73.502896,MH-003,18.912726,73.502896,137,224,cnn_test,0
MH-003_18.912726_73.503166,MH-003,18.912726,73.503166,137,225,cnn_test,0
MH-003_18.912456_73.502627,MH-003,18.912456,73.502627,138,223,cnn_test,0
MH-003_18.912456_73.502896,MH-003,18.912456,73.502896,138,224,cnn_test,0
MH-003_18.912456_73.503166,MH-003,18.912456,73.503166,138,225,cnn_test,0
MH-003_18.912187_73.502896,MH-003,18.912187,73.502896,139,224,cnn_test,0
MH-003_18.911648_73.502896,MH-003,18.911648,73.502896,141,224,cnn_test,0
MH-003_18.911648_73.503166,MH-003,18.911648,73.503166,141,225,cnn_test,0
MH-003_18.911378_73.503166,MH-003,18.911378,73.503166,142,225,cnn_test,0
MH-003_18.911109_73.502896,MH-003,18.911109,73.502896,143,224,cnn_test,0
MH-003_18.911109_73.503166,MH-003,18.911109,73.503166,143,225,cnn_test,0
MH-003_18.910839_73.502627,MH-003,18.910839,73.502627,144,223,cnn_test,0
MH-003_18.910839_73.502896,MH-003,18.910839,73.502896,144,224,cnn_test,0
