<?xml version="1.0" encoding="UTF-8"?>
<kml xmlns="http://www.opengis.net/kml/2.2" xmlns:gx="http://www.google.com/kml/ext/2.2" xmlns:kml="http://www.opengis.net/kml/2.2" xmlns:atom="http://www.w3.org/2005/Atom">
<Document>
	<name>Bhivpuri Off Stream Open Loop Pumped Storage Project (1800 MW).kml</name>
	<Style id="area2">
		<IconStyle>
			<Icon>
			</Icon>
		</IconStyle>
		<LineStyle>
			<color>ffff0000</color>
			<width>1.5</width>
		</LineStyle>
		<PolyStyle>
			<color>59ff00ff</color>
		</PolyStyle>
	</Style>
	<Style id="area20">
		<IconStyle>
			<Icon>
			</Icon>
		</IconStyle>
		<LineStyle>
			<color>ffff0000</color>
			<width>1.5</width>
		</LineStyle>
		<PolyStyle>
			<color>59ff00ff</color>
		</PolyStyle>
	</Style>
	<StyleMap id="area21">
		<Pair>
			<key>normal</key>
			<styleUrl>#area2</styleUrl>
		</Pair>
		<Pair>
			<key>highlight</key>
			<styleUrl>#area20</styleUrl>
		</Pair>
	</StyleMap>
	<Style id="area211">
		<IconStyle>
			<Icon>
			</Icon>
		</IconStyle>
		<LineStyle>
			<color>ff00aa00</color>
			<width>1.5</width>
		</LineStyle>
		<PolyStyle>
			<color>597fff55</color>
		</PolyStyle>
	</Style>
	<Style id="area212">
		<IconStyle>
			<Icon>
			</Icon>
		</IconStyle>
		<LineStyle>
			<color>ff00aa00</color>
			<width>1.5</width>
		</LineStyle>
		<PolyStyle>
			<color>597fff55</color>
		</PolyStyle>
	</Style>
	<StyleMap id="area25">
		<Pair>
			<key>normal</key>
			<styleUrl>#area212</styleUrl>
		</Pair>
		<Pair>
			<key>highlight</key>
			<styleUrl>#area211</styleUrl>
		</Pair>
	</StyleMap>
	<Folder>
		<name>Bhivpuri Off Stream Open Loop Pumped Storage Project (1800 MW)</name>
		<open>1</open>
		<Folder>
			<name>Non-Forest</name>
			<open>1</open>
			<Placemark>
				<name>Underground (HRT,Pressure Shaft, Surge shaft )</name>
				<description>Component Name  :Underground (HRT,Pressure Shaft, Surge shaft )

Proposed Private area: 2.10 Ha

Village	  :Khand
Taluka	  :Mawal
District 	  :Pune
		


</description>
				<styleUrl>#area21</styleUrl>
				<Polygon>
					<extrude>1</extrude>
					<outerBoundaryIs>
						<LinearRing>
							<coordinates>
								73.486253203,18.93794642,0 73.48610039899999,18.938091153,0 73.485896981,18.93830371,0 73.485890274,18.938432431,0 73.485639967,18.938435333,0 73.485644675,18.937894992,0 73.471691644,18.938441559,0 73.47172335,18.938349893,0 73.485705954,18.937802164,0 73.48583336900001,18.937797168,0 73.48583336900001,18.937797168,0 73.485833386,18.937797085,0 73.485833404,18.937797002,0 73.485833422,18.937796919,0 73.48583343999999,18.937796836,0 73.485833458,18.937796753,0 73.485833476,18.93779667,0 73.485833493,18.937796587,0 73.485833511,18.937796504,0 73.485833529,18.937796421,0 73.485833547,18.937796338,0 73.48583356499999,18.937796255,0 73.485833583,18.937796172,0 73.48583360000001,18.937796089,0 73.485833618,18.937796006,0 73.485833636,18.937795923,0 73.485833654,18.93779584,0 73.48583367099999,18.937795757,0 73.485833689,18.937795674,0 73.485833707,18.937795591,0 73.48583372500001,18.937795508,0 73.485833742,18.937795425,0 73.48583376000001,18.937795342,0 73.485833778,18.937795259,0 73.48583379599999,18.937795176,0 73.485833813,18.937795093,0 73.48583383099999,18.93779501,0 73.485833849,18.937794927,0 73.485833867,18.937794844,0 73.485833884,18.937794761,0 73.485833902,18.937794677,0 73.48583392,18.937794594,0 73.485833937,18.937794511,0 73.485833955,18.937794428,0 73.485833973,18.937794345,0 73.48583399,18.937794262,0 73.485834008,18.937794179,0 73.48583402600001,18.937794096,0 73.485834043,18.937794013,0 73.48583406100001,18.93779393,0 73.485834079,18.937793847,0 73.485834096,18.937793764,0 73.485834114,18.937793681,0 73.48583413199999,18.937793598,0 73.485834149,18.937793515,0 73.48583416699999,18.937793432,0 73.485834184,18.937793349,0 73.48583420200001,18.937793266,0 73.48583422,18.937793183,0 73.48583423700001,18.9377931,0 73.485834255,18.937793017,0 73.48583427200001,18.937792934,0 73.48583429,18.937792851,0 73.48583430799999,18.937792768,0 73.485834325,18.937792685,0 73.48583434299999,18.937792602,0 73.48583436,18.937792519,0 73.48583437800001,18.937792435,0 73.485834395,18.937792352,0 73.48583441300001,18.937792269,0 73.485834431,18.937792186,0 73.48583444800001,18.937792103,0 73.485834466,18.93779202,0 73.485834483,18.937791937,0 73.485834501,18.937791854,0 73.485834518,18.937791771,0 73.485834536,18.937791688,0 73.485834553,18.937791605,0 73.485834571,18.937791522,0 73.485834588,18.937791439,0 73.485834606,18.937791356,0 73.485834623,18.937791273,0 73.485834641,18.93779119,0 73.485834658,18.937791107,0 73.485834676,18.937791024,0 73.485834693,18.93779094,0 73.485834711,18.937790857,0 73.485834728,18.937790774,0 73.48583474500001,18.937790691,0 73.485834763,18.937790608,0 73.48583478,18.937790525,0 73.485834798,18.937790442,0 73.485834815,18.937790359,0 73.485834833,18.937790276,0 73.48583485,18.937790193,0 73.48583486699999,18.93779011,0 73.485834885,18.937790027,0 73.48583490199999,18.937789944,0 73.48583492,18.93778986,0 73.48583493700001,18.937789777,0 73.485834954,18.937789694,0 73.48583497200001,18.937789611,0 73.485834989,18.937789528,0 73.48583500700001,18.937789445,0 73.485835024,18.937789362,0 73.485835041,18.937789279,0 73.485835059,18.937789196,0 73.485835076,18.937789113,0 73.48583509300001,18.93778903,0 73.485835111,18.937788947,0 73.48583512800001,18.937788863,0 73.485835145,18.93778878,0 73.485835163,18.937788697,0 73.48583518,18.937788614,0 73.485835197,18.937788531,0 73.48583521499999,18.937788448,0 73.485835232,18.937788365,0 73.485835249,18.937788282,0 73.485835267,18.937788199,0 73.485835284,18.937788116,0 73.48583530099999,18.937788032,0 73.485835318,18.937787949,0 73.48583533599999,18.937787866,0 73.485835353,18.937787783,0 73.48583537,18.9377877,0 73.485835388,18.937787617,0 73.485835405,18.937787534,0 73.48583542199999,18.937787451,0 73.485835439,18.937787368,0 73.48583545699999,18.937787285,0 73.485835474,18.937787201,0 73.485835491,18.937787118,0 73.48583550799999,18.937787035,0 73.485835525,18.937786952,0 73.48583554299999,18.937786869,0 73.48583556,18.937786786,0 73.485835577,18.937786703,0 73.48583559399999,18.93778662,0 73.485835611,18.937786536,0 73.48583562899999,18.937786453,0 73.485835646,18.93778637,0 73.485835663,18.937786287,0 73.48583567999999,18.937786204,0 73.485835697,18.937786121,0 73.48583571499999,18.937786038,0 73.485835732,18.937785955,0 73.485835749,18.937785871,0 73.48583576599999,18.937785788,0 73.485835783,18.937785705,0 73.4858358,18.937785622,0 73.48583581699999,18.937785539,0 73.485835834,18.937785456,0 73.48583585199999,18.937785373,0 73.485835869,18.93778529,0 73.485835886,18.937785206,0 73.48583590299999,18.937785123,0 73.48583592,18.93778504,0 73.485835937,18.937784957,0 73.485835954,18.937784874,0 73.485835971,18.937784791,0 73.48583598800001,18.937784708,0 73.485836005,18.937784624,0 73.485836023,18.937784541,0 73.48583604,18.937784458,0 73.485836057,18.937784375,0 73.48583607400001,18.937784292,0 73.485836091,18.937784209,0 73.485836108,18.937784126,0 73.48583612500001,18.937784042,0 73.485836142,18.937783959,0 73.485836159,18.937783876,0 73.48583617600001,18.937783793,0 73.485836193,18.93778371,0 73.48583621,18.937783627,0 73.48583622699999,18.937783544,0 73.485836244,18.93778346,0 73.485836261,18.937783377,0 73.48583627799999,18.937783294,0 73.485836295,18.937783211,0 73.485836312,18.937783128,0 73.48583632899999,18.937783045,0 73.485836346,18.937782961,0 73.485836363,18.937782878,0 73.48583637999999,18.937782795,0 73.485836397,18.937782712,0 73.485836414,18.937782629,0 73.485836431,18.937782546,0 73.485836448,18.937782462,0 73.485836464,18.937782379,0 73.48583648100001,18.937782296,0 73.485836498,18.937782213,0 73.485836498,18.937782213,0 73.485982623,18.937480972,0 73.48588273999999,18.937030939,0 73.48609569600001,18.936997638,0 73.486272546,18.937095771,0 73.486253203,18.93794642,0 
							</coordinates>
						</LinearRing>
					</outerBoundaryIs>
				</Polygon>
			</Placemark>
			<Placemark>
				<name>Lower reservoir</name>
				<description>Component Name  :Lower reservoir
Proposed Area 	  :29.24 Ha Private Land
Village	  :Bhivpuri Camp 
Taluka	  :Karjat
District 	  :Raigad</description>
				<styleUrl>#area21</styleUrl>
				<Polygon>
					<extrude>1</extrude>
					<outerBoundaryIs>
						<LinearRing>
							<coordinates>
								73.450824213,18.943146316,0 73.448641513,18.945471094,0 73.44331157000001,18.944870505,0 73.442501444,18.942893118,0 73.445411296,18.940528016,0 73.445576604,18.940607981,0 73.44546254799999,18.94074571,0 73.44583542700001,18.941025304,0 73.446008148,18.940816733,0 73.446612351,18.941109002,0 73.448267347,18.941909555,0 73.44916576599999,18.942344128,0 73.450824213,18.943146316,0 
							</coordinates>
						</LinearRing>
					</outerBoundaryIs>
				</Polygon>
			</Placemark>
			<Placemark>
				<name>Labour Camp</name>
				<description>Component Name  :Labour Camp
Proposed Area      : 2.0 Ha Priavte Land

Village	  :Bhivpuri Camp 
Taluka	  :Karjat
District 	  :Raigad</description>
				<styleUrl>#area21</styleUrl>
				<Polygon>
					<extrude>1</extrude>
					<outerBoundaryIs>
						<LinearRing>
							<coordinates>
								73.451822576,18.938307996,0 73.450618085,18.938409691,0 73.450175793,18.93788403,0 73.449858457,18.937837853,0 73.449861274,18.937447691,0 73.45204250800001,18.937359958,0 73.451822576,18.938307996,0 
							</coordinates>
						</LinearRing>
					</outerBoundaryIs>
				</Polygon>
			</Placemark>
			<Placemark>
				<name>Magazine</name>
				<description>Component Name  :Magazine
Proposed Area 	  :0.40 Ha Private Land
Village	  :Bhivpuri Camp 
Taluka	  :Karjat
District 	  :Raigad</description>
				<styleUrl>#area21</styleUrl>
				<Polygon>
					<extrude>1</extrude>
					<outerBoundaryIs>
						<LinearRing>
							<coordinates>
								73.450201636,18.945156385,0 73.449707827,18.945152257,0 73.44971424800001,18.9444569,0 73.450208055,18.944461028,0 73.450201636,18.945156385,0 
							</coordinates>
						</LinearRing>
					</outerBoundaryIs>
				</Polygon>
			</Placemark>
			<Placemark>
				<name>Site Office</name>
				<description>Component Name  :Site office
Proposed Area       : 0.10 Ha Private Land
Village	  :Bhivpuri Camp 
Taluka	  :Karjat
District 	  :Raigad</description>
				<styleUrl>#area21</styleUrl>
				<Polygon>
					<extrude>1</extrude>
					<outerBoundaryIs>
						<LinearRing>
							<coordinates>
								73.4484532,18.93803712,0 73.44811793300001,18.938034313,0 73.448120315,18.937776542,0 73.44845558199999,18.937779349,0 73.4484532,18.93803712,0 
							</coordinates>
						</LinearRing>
					</outerBoundaryIs>
				</Polygon>
			</Placemark>
			<Placemark>
				<name>Batching plant, Crusher, Cement Storage in lower reservoir</name>
				<description>Component Name  :Batching plant, Crusher, Cement Storage in lower reservoir
Proposed Area      : 0.40 Ha Priavte Land

Village	  :Bhivpuri Camp 
Taluka	  :Karjat
District 	  :Raigad</description>
				<styleUrl>#area21</styleUrl>
				<Polygon>
					<extrude>1</extrude>
					<outerBoundaryIs>
						<LinearRing>
							<coordinates>
								73.44631142599999,18.940450502,0 73.446008148,18.940816733,0 73.44583542700001,18.941025304,0 73.44546254799999,18.94074571,0 73.445576604,18.940607981,0 73.445938548,18.940170909,0 73.44631142599999,18.940450502,0 
							</coordinates>
						</LinearRing>
					</outerBoundaryIs>
				</Polygon>
			</Placemark>
			<Placemark>
				<name>Power house, Transformer Yard, Switchyard</name>
				<description>Component Name  :Power house, Transformer Yard, Switchyard
Proposed Area      : 8.16 Ha Priavte Land

Village	  :Bhivpuri Camp 
Taluka	  :Karjat
District 	  :Raigad</description>
				<styleUrl>#area21</styleUrl>
				<Polygon>
					<extrude>1</extrude>
					<outerBoundaryIs>
						<LinearRing>
							<coordinates>
								73.449172662,18.942347464,0 73.448267347,18.941909555,0 73.448768939,18.941318356,0 73.447522947,18.940214869,0 73.446612351,18.941109002,0 73.446008148,18.940816733,0 73.44631142599999,18.940450502,0 73.445938548,18.940170909,0 73.445576604,18.940607981,0 73.445411296,18.940528016,0 73.44615523,18.939606214,0 73.44801230900001,18.938787472,0 73.4495103,18.940290661,0 73.450360061,18.941030665,0 73.449172662,18.942347464,0 
							</coordinates>
						</LinearRing>
					</outerBoundaryIs>
				</Polygon>
			</Placemark>
			<Placemark>
				<name>Underground TRT</name>
				<description>Component Name  :Underground TRT
Proposed Area      : 2.02 Ha Priavte Land

Village	  :Bhivpuri Camp 
Taluka	  :Karjat
District 	  :Raigad</description>
				<styleUrl>#area21</styleUrl>
				<Polygon>
					<extrude>1</extrude>
					<outerBoundaryIs>
						<LinearRing>
							<coordinates>
								73.448766457,18.941316158,0 73.448267347,18.941909555,0 73.446612351,18.941109002,0 73.447522947,18.940214869,0 73.448766457,18.941316158,0 
							</coordinates>
						</LinearRing>
					</outerBoundaryIs>
				</Polygon>
			</Placemark>
			<Folder>
				<name>Approach Road to Project Components</name>
				<open>1</open>
				<Placemark>
					<name>Approach Road to Project Components</name>
					<description>Component Name  :Approach Road to Project Components

Village	  :Bhivpuri Camp 
Taluka	  :Karjat
District 	  :Raigad

Proposed Private Area: 0.15 Ha</description>
					<styleUrl>#area21</styleUrl>
					<Polygon>
						<extrude>1</extrude>
						<outerBoundaryIs>
							<LinearRing>
								<coordinates>
									73.458262666,18.937684284,0 73.45800684699999,18.93777724,0 73.457947606,18.937783313,0 73.45792421100001,18.937790168,0 73.457867854,18.937836823,0 73.45779556399999,18.937926879,0 73.45770900700001,18.937998213,0 73.45765726099999,18.938061694,0 73.45758038699999,18.938163363,0 73.457513366,18.938226132,0 73.45741449400001,18.938229994,0 73.45752973899999,18.938122061,0 73.457604011,18.938023832,0 73.457660523,18.937954505,0 73.457746892,18.937883325,0 73.457819137,18.937793326,0 73.457891205,18.937733665,0 73.457934145,18.937721084,0 73.457991174,18.937715237,0 73.45820415,18.937637849,0 73.458390533,18.936685686,0 73.45845586999999,18.936697267,0 73.458262666,18.937684284,0 
								</coordinates>
							</LinearRing>
						</outerBoundaryIs>
					</Polygon>
				</Placemark>
				<Placemark>
					<name>Approach Road to Project Components</name>
					<description>Component Name  :Approach Road to Project Components

Village	  :Bhivpuri Camp 
Taluka	  :Karjat
District 	  :Raigad

Proposed Private Area: 0.18 Ha</description>
					<styleUrl>#area21</styleUrl>
					<Polygon>
						<extrude>1</extrude>
						<outerBoundaryIs>
							<LinearRing>
								<coordinates>
									73.456374963,18.937978503,0 73.456215595,18.938042551,0 73.456070262,18.938138867,0 73.455987329,18.938165701,0 73.455829311,18.938208584,0 73.45571912699999,18.938296202,0 73.455610128,18.938300458,0 73.45579751699999,18.938151447,0 73.455967504,18.938105316,0 73.456039981,18.938081865,0 73.45618332399999,18.937986868,0 73.45634942700001,18.937920113,0 73.45654702100001,18.937843025,0 73.45660588699999,18.937813926,0 73.456758372,18.93764541,0 73.456856837,18.937437689,0 73.45691668800001,18.937154291,0 73.456947348,18.936697677,0 73.45701382,18.936699548,0 73.456982729,18.937162575,0 73.456920514,18.937457168,0 73.456815005,18.937679748,0 73.456647893,18.937864429,0 73.456575003,18.93790046,0 73.456374963,18.937978503,0 
								</coordinates>
							</LinearRing>
						</outerBoundaryIs>
					</Polygon>
				</Placemark>
				<Placemark>
					<name>Approach Road to Project Components</name>
					<description>Component Name  :Approach Road to Project Components

Village	  :Khand
Taluka	  :Mawal
District 	  :Pune

Proposed Private Area: 0.11 Ha</description>
					<styleUrl>#area21</styleUrl>
					<Polygon>
						<extrude>1</extrude>
						<outerBoundaryIs>
							<LinearRing>
								<coordinates>
									73.46072330200001,18.938118874,0 73.460657384,18.938127892,0 73.460592304,18.937349201,0 73.460650539,18.937039454,0 73.460670775,18.936803223,0 73.46067045300001,18.93668196,0 73.460736915,18.936681801,0 73.460737243,18.936805717,0 73.460716523,18.93704761,0 73.460659236,18.937352314,0 73.46072330200001,18.938118874,0 
								</coordinates>
							</LinearRing>
						</outerBoundaryIs>
					</Polygon>
				</Placemark>
				<Placemark>
					<name>Approach Road to Project Components</name>
					<description>Component Name  :Approach Road to Project Components

Village	  :Sawale
Taluka	  :Mawal
District 	  :Pune

Proposed Private Area: 0.16 Ha</description>
					<styleUrl>#area21</styleUrl>
					<Polygon>
						<extrude>1</extrude>
						<outerBoundaryIs>
							<LinearRing>
								<coordinates>
									73.46552732400001,18.94244875,0 73.46559918200001,18.94231629,0 73.465699288,18.942107077,0 73.466086781,18.941720584,0 73.46621191600001,18.941550583,0 73.466243883,18.941491086,0 73.46625097,18.941478339,0 73.466450326,18.941323567,0 73.466415294,18.941433951,0 73.466353391,18.941545286,0 73.46631792399999,18.941611298,0 73.46618253,18.941795236,0 73.46552732400001,18.94244875,0 
								</coordinates>
							</LinearRing>
						</outerBoundaryIs>
					</Polygon>
				</Placemark>
				<Placemark>
					<name>Approach Road to Project Components</name>
					<description>Component Name  :Approach Road to Project Components

Village	  :Sawale
Taluka	  :Mawal
District 	  :Pune

Proposed Private Area: 0.51 Ha</description>
					<styleUrl>#area21</styleUrl>
					<Polygon>
						<extrude>1</extrude>
						<outerBoundaryIs>
							<LinearRing>
								<coordinates>
									73.46307472399999,18.945979709,0 73.463102279,18.946036601,0 73.463135268,18.946142721,0 73.46317085299999,18.946388661,0 73.463240058,18.946550232,0 73.463346427,18.946745376,0 73.463362227,18.946805201,0 73.463234607,18.946803892,0 73.46323022200001,18.94678729,0 73.463127883,18.946599537,0 73.463050688,18.946419312,0 73.463014257,18.946167528,0 73.46298644300001,18.946078053,0 73.462964544,18.94603284,0 73.46289892,18.945920222,0 73.46279479,18.945783225,0 73.462709479,18.945623905,0 73.46266075600001,18.945476172,0 73.46267209600001,18.945244923,0 73.462731938,18.945014919,0 73.46295105199999,18.944712953,0 73.463124831,18.944518835,0 73.463254944,18.944254783,0 73.463435817,18.943923575,0 73.46346742199999,18.943681704,0 73.463468069,18.943668397,0 73.46359664400001,18.943565298,0 73.46359050300001,18.943691677,0 73.463555572,18.943959007,0 73.463365635,18.944306814,0 73.46322954999999,18.944582985,0 73.46304907299999,18.944784585,0 73.462846333,18.945063986,0 73.462794831,18.945261936,0 73.46278507700001,18.945460859,0 73.46282415500001,18.94557935,0 73.46290042299999,18.945721781,0 73.46300328,18.945857102,0 73.46307472399999,18.945979709,0 
								</coordinates>
							</LinearRing>
						</outerBoundaryIs>
					</Polygon>
				</Placemark>
				<Placemark>
					<name>Approach Road to Project Components</name>
					<styleUrl>#area21</styleUrl>
					<Polygon>
						<extrude>1</extrude>
						<outerBoundaryIs>
							<LinearRing>
								<coordinates>
									73.45199709800001,18.938168159,0 73.45200886000001,18.938441043,0 73.451942453,18.938443634,0 73.45192990699999,18.938152534,0 73.452276895,18.937576343,0 73.45253136700001,18.937231888,0 73.45258685500001,18.937266748,0 73.452333033,18.937610324,0 73.45199709800001,18.938168159,0 
								</coordinates>
							</LinearRing>
						</outerBoundaryIs>
					</Polygon>
				</Placemark>
				<Placemark>
					<name>Approach Road to Project Components</name>
					<description>Component Name  :Approach Road to Project Components

Village	  :Bhivpuri Camp 
Taluka	  :Karjat
District 	  :Raigad

Proposed Private Area: 0.10 Ha</description>
					<styleUrl>#area21</styleUrl>
					<Polygon>
						<extrude>1</extrude>
						<outerBoundaryIs>
							<LinearRing>
								<coordinates>
									73.44916744699999,18.93827696,0 73.449107032,18.938303514,0 73.448704359,18.9375738,0 73.44876267799999,18.937543448,0 73.44916744699999,18.93827696,0 
								</coordinates>
							</LinearRing>
						</outerBoundaryIs>
					</Polygon>
				</Placemark>
				<Placemark>
					<name>Approach Road to Project Components</name>
					<description>Component Name  :Approach Road to Project Components

Village	  :Khand, Sawale
Taluka	  :Mawal
District 	  :Pune

Proposed Private Area: 0.62 Ha</description>
					<styleUrl>#area21</styleUrl>
					<Polygon>
						<extrude>1</extrude>
						<outerBoundaryIs>
							<LinearRing>
								<coordinates>
									73.485829264,18.937206533,0 73.485829264,18.937206533,0 73.485830002,18.937209763,0 73.48583073099999,18.937212995,0 73.485831453,18.937216228,0 73.485832167,18.937219463,0 73.48583287300001,18.937222699,0 73.485833572,18.937225937,0 73.485834262,18.937229176,0 73.485834944,18.937232417,0 73.485835619,18.937235659,0 73.48583628599999,18.937238903,0 73.485836944,18.937242148,0 73.48583759500001,18.937245395,0 73.485838238,18.937248643,0 73.48583887300001,18.937251893,0 73.4858395,18.937255144,0 73.48584012000001,18.937258396,0 73.485840731,18.93726165,0 73.485841334,18.937264905,0 73.48584193000001,18.937268161,0 73.48584251699999,18.937271419,0 73.485843097,18.937274678,0 73.485843668,18.937277938,0 73.48584423200001,18.937281199,0 73.48584478799999,18.937284462,0 73.485845336,18.937287726,0 73.485845876,18.937290991,0 73.485846408,18.937294257,0 73.485846931,18.937297525,0 73.485847448,18.937300793,0 73.485847956,18.937304063,0 73.485848456,18.937307334,0 73.485848948,18.937310606,0 73.48584943199999,18.937313879,0 73.48584990800001,18.937317153,0 73.485850376,18.937320428,0 73.485850836,18.937323704,0 73.485851289,18.937326981,0 73.485851733,18.937330259,0 73.485852169,18.937333539,0 73.48585259799999,18.937336819,0 73.485853018,18.9373401,0 73.48585343000001,18.937343382,0 73.485853835,18.937346664,0 73.485854231,18.937349948,0 73.48585461899999,18.937353233,0 73.485855,18.937356518,0 73.485855372,18.937359804,0 73.485855736,18.937363091,0 73.485856093,18.937366379,0 73.485856441,18.937369668,0 73.485856781,18.937372957,0 73.485857114,18.937376247,0 73.485857438,18.937379538,0 73.48585775399999,18.93738283,0 73.48585806200001,18.937386122,0 73.48585836300001,18.937389415,0 73.485858655,18.937392708,0 73.485858939,18.937396002,0 73.485859215,18.937399297,0 73.485859483,18.937402593,0 73.485859744,18.937405889,0 73.485859996,18.937409185,0 73.48586023999999,18.937412482,0 73.485860476,18.93741578,0 73.485860704,18.937419078,0 73.48586092399999,18.937422377,0 73.485861136,18.937425676,0 73.48586134,18.937428975,0 73.485861536,18.937432275,0 73.485861724,18.937435576,0 73.485861903,18.937438877,0 73.485862075,18.937442178,0 73.485862239,18.93744548,0 73.485862395,18.937448782,0 73.48586254200001,18.937452084,0 73.485862682,18.937455386,0 73.485862813,18.937458689,0 73.48586293699999,18.937461992,0 73.485863053,18.937465296,0 73.48586315999999,18.9374686,0 73.485863259,18.937471904,0 73.48586335100001,18.937475208,0 73.485863434,18.937478512,0 73.485863509,18.937481817,0 73.485863577,18.937485121,0 73.485863636,18.937488426,0 73.48586368700001,18.937491731,0 73.48586373000001,18.937495036,0 73.485863765,18.937498341,0 73.485863792,18.937501646,0 73.485863811,18.937504951,0 73.485863822,18.937508257,0 73.485863825,18.937511562,0 73.48586382000001,18.937514867,0 73.485863806,18.937518172,0 73.48586378500001,18.937521478,0 73.485863756,18.937524783,0 73.485863718,18.937528088,0 73.485863673,18.937531393,0 73.485863619,18.937534698,0 73.48586355800001,18.937538003,0 73.48586348800001,18.937541307,0 73.485863411,18.937544612,0 73.485863325,18.937547916,0 73.485863231,18.93755122,0 73.48586312899999,18.937554524,0 73.48586302,18.937557827,0 73.48586290199999,18.937561131,0 73.485862776,18.937564434,0 73.485862642,18.937567737,0 73.4858625,18.937571039,0 73.48586235,18.937574341,0 73.485862192,18.937577643,0 73.48586202600001,18.937580945,0 73.485861852,18.937584246,0 73.48586167000001,18.937587547,0 73.48586147899999,18.937590847,0 73.485861281,18.937594147,0 73.485861075,18.937597446,0 73.48586086100001,18.937600745,0 73.48586063800001,18.937604044,0 73.48586040799999,18.937607342,0 73.48586016900001,18.937610639,0 73.48585992300001,18.937613936,0 73.48585966900001,18.937617233,0 73.485859406,18.937620528,0 73.485859136,18.937623824,0 73.485858857,18.937627118,0 73.48585857,18.937630412,0 73.485858276,18.937633706,0 73.48585797299999,18.937636998,0 73.485857663,18.93764029,0 73.485857344,18.937643582,0 73.485857017,18.937646872,0 73.48585668299999,18.937650162,0 73.48585634,18.937653451,0 73.485855989,18.93765674,0 73.48585563100001,18.937660027,0 73.48585526399999,18.937663314,0 73.485854889,18.9376666,0 73.485854507,18.937669885,0 73.485854116,18.93767317,0 73.485853717,18.937676453,0 73.485853311,18.937679736,0 73.485852896,18.937683017,0 73.48585247299999,18.937686298,0 73.48585204299999,18.937689578,0 73.485851604,18.937692857,0 73.485851158,18.937696134,0 73.485850703,18.937699411,0 73.48585024,18.937702687,0 73.48584977,18.937705962,0 73.48584929099999,18.937709236,0 73.485848805,18.937712508,0 73.485848311,18.93771578,0 73.485847808,18.937719051,0 73.485847298,18.93772232,0 73.485846779,18.937725588,0 73.48584625300001,18.937728855,0 73.485845719,18.937732121,0 73.485845177,18.937735386,0 73.48584462700001,18.93773865,0 73.485844069,18.937741912,0 73.48584350199999,18.937745173,0 73.485842929,18.937748433,0 73.485842347,18.937751691,0 73.485841757,18.937754949,0 73.485841159,18.937758205,0 73.485840553,18.937761459,0 73.48583994000001,18.937764713,0 73.485839318,18.937767965,0 73.485838689,18.937771215,0 73.485838051,18.937774464,0 73.485837406,18.937777712,0 73.485836753,18.937780958,0 73.485836092,18.937784203,0 73.485835423,18.937787447,0 73.48583474599999,18.937790688,0 73.48583406100001,18.937793929,0 73.48583336900001,18.937797168,0 73.48583336900001,18.937797168,0 73.485705954,18.937802164,0 73.485705954,18.937802164,0 73.485706694,18.937799059,0 73.485707426,18.937795952,0 73.48570814999999,18.937792844,0 73.485708866,18.937789734,0 73.485709574,18.937786622,0 73.485710274,18.937783509,0 73.485710967,18.937780394,0 73.485711651,18.937777278,0 73.485712327,18.93777416,0 73.485712996,18.93777104,0 73.485713656,18.937767919,0 73.485714309,18.937764797,0 73.485714953,18.937761673,0 73.48571559,18.937758547,0 73.48571621799999,18.93775542,0 73.48571683900001,18.937752291,0 73.485717451,18.937749161,0 73.485718056,18.93774603,0 73.485718652,18.937742897,0 73.485719241,18.937739763,0 73.485719821,18.937736628,0 73.48572039299999,18.937733491,0 73.485720958,18.937730353,0 73.48572151400001,18.937727214,0 73.485722063,18.937724073,0 73.485722603,18.937720931,0 73.485723135,18.937717788,0 73.48572366,18.937714643,0 73.48572417600001,18.937711498,0 73.485724684,18.937708351,0 73.485725184,18.937705203,0 73.485725676,18.937702054,0 73.48572616,18.937698904,0 73.485726636,18.937695752,0 73.48572710400001,18.9376926,0 73.485727564,18.937689446,0 73.485728016,18.937686292,0 73.48572846,18.937683136,0 73.485728896,18.93767998,0 73.485729323,18.937676822,0 73.48572974299999,18.937673663,0 73.485730154,18.937670504,0 73.485730558,18.937667343,0 73.485730953,18.937664182,0 73.48573134,18.937661019,0 73.48573172,18.937657856,0 73.485732091,18.937654692,0 73.485732454,18.937651527,0 73.485732809,18.937648361,0 73.48573315500001,18.937645195,0 73.485733494,18.937642027,0 73.485733825,18.937638859,0 73.485734147,18.93763569,0 73.485734462,18.937632521,0 73.485734768,18.93762935,0 73.485735066,18.937626179,0 73.48573535600001,18.937623008,0 73.48573563799999,18.937619835,0 73.485735912,18.937616662,0 73.485736178,18.937613488,0 73.485736436,18.937610314,0 73.48573668500001,18.937607139,0 73.485736927,18.937603964,0 73.48573716,18.937600788,0 73.48573738499999,18.937597611,0 73.485737602,18.937594434,0 73.48573781100001,18.937591257,0 73.485738012,18.937588079,0 73.485738205,18.9375849,0 73.48573838999999,18.937581722,0 73.48573856599999,18.937578542,0 73.48573873399999,18.937575363,0 73.485738895,18.937572182,0 73.485739047,18.937569002,0 73.48573919099999,18.937565821,0 73.485739327,18.93756264,0 73.485739454,18.937559459,0 73.48573957399999,18.937556277,0 73.485739685,18.937553095,0 73.48573978899999,18.937549913,0 73.485739884,18.93754673,0 73.485739971,18.937543548,0 73.48574005,18.937540365,0 73.48574012100001,18.937537182,0 73.485740183,18.937533999,0 73.48574023800001,18.937530815,0 73.485740284,18.937527632,0 73.485740322,18.937524448,0 73.48574035199999,18.937521265,0 73.485740374,18.937518081,0 73.485740388,18.937514897,0 73.485740394,18.937511714,0 73.48574039099999,18.93750853,0 73.485740381,18.937505346,0 73.485740362,18.937502163,0 73.485740335,18.937498979,0 73.4857403,18.937495795,0 73.485740257,18.937492612,0 73.485740206,18.937489429,0 73.485740147,18.937486245,0 73.485740079,18.937483062,0 73.485740003,18.937479879,0 73.485739919,18.937476697,0 73.48573982800001,18.937473514,0 73.485739727,18.937470332,0 73.485739619,18.93746715,0 73.485739503,18.937463968,0 73.48573937800001,18.937460786,0 73.48573924599999,18.937457605,0 73.48573910499999,18.937454424,0 73.48573895600001,18.937451244,0 73.485738799,18.937448063,0 73.485738634,18.937444883,0 73.485738461,18.937441704,0 73.48573828000001,18.937438525,0 73.48573809,18.937435346,0 73.485737892,18.937432168,0 73.485737687,18.93742899,0 73.485737473,18.937425813,0 73.485737251,18.937422636,0 73.48573702100001,18.93741946,0 73.48573678299999,18.937416285,0 73.485736536,18.93741311,0 73.485736282,18.937409935,0 73.485736019,18.937406761,0 73.485735749,18.937403588,0 73.48573546999999,18.937400415,0 73.485735183,18.937397243,0 73.485734888,18.937394072,0 73.485734585,18.937390901,0 73.485734274,18.937387731,0 73.485733954,18.937384562,0 73.485733627,18.937381394,0 73.485733291,18.937378226,0 73.48573294800001,18.937375059,0 73.48573259600001,18.937371893,0 73.485732236,18.937368728,0 73.485731868,18.937365563,0 73.485731493,18.9373624,0 73.485731108,18.937359237,0 73.48573071600001,18.937356075,0 73.485730316,18.937352914,0 73.485729908,18.937349754,0 73.485729492,18.937346595,0 73.48572906699999,18.937343437,0 73.485728635,18.93734028,0 73.485728194,18.937337124,0 73.48572774500001,18.937333969,0 73.485727289,18.937330815,0 73.485726824,18.937327662,0 73.485726351,18.937324511,0 73.48572587,18.93732136,0 73.48572538099999,18.93731821,0 73.485724885,18.937315062,0 73.48572437999999,18.937311915,0 73.485723866,18.937308769,0 73.485723345,18.937305624,0 73.48572281600001,18.93730248,0 73.485722279,18.937299338,0 73.48572173399999,18.937296196,0 73.485721181,18.937293057,0 73.48572062,18.937289918,0 73.48572005,18.937286781,0 73.485719473,18.937283645,0 73.48571888799999,18.93728051,0 73.48571829399999,18.937277377,0 73.485717693,18.937274245,0 73.485717084,18.937271114,0 73.485716467,18.937267985,0 73.485715841,18.937264858,0 73.485715208,18.937261731,0 73.485714567,18.937258607,0 73.485713917,18.937255483,0 73.48571326,18.937252362,0 73.485712595,18.937249242,0 73.48571192199999,18.937246123,0 73.485711241,18.937243006,0 73.485710552,18.93723989,0 73.48570985400001,18.937236777,0 73.485709149,18.937233664,0 73.485709149,18.937233664,0 73.485709149,18.937233664,0 73.485708751,18.937232255,0 73.485708339,18.93723085,0 73.485707913,18.937229448,0 73.48570747300001,18.937228051,0 73.48570702000001,18.937226657,0 73.485706552,18.937225267,0 73.48570607000001,18.937223882,0 73.485705575,18.937222501,0 73.48570506599999,18.937221125,0 73.485704544,18.937219753,0 73.485704007,18.937218386,0 73.485703457,18.937217024,0 73.485702894,18.937215667,0 73.485702317,18.937214316,0 73.48570172700001,18.937212969,0 73.485701123,18.937211628,0 73.485700506,18.937210292,0 73.485699876,18.937208962,0 73.48569923300001,18.937207637,0 73.485698576,18.937206319,0 73.485697906,18.937205006,0 73.48569722400001,18.9372037,0 73.48569652800001,18.9372024,0 73.48569582,18.937201106,0 73.48569509799999,18.937199818,0 73.485694364,18.937198537,0 73.485693617,18.937197263,0 73.48569285799999,18.937195996,0 73.485692085,18.937194735,0 73.485691301,18.937193482,0 73.485690504,18.937192235,0 73.485689694,18.937190996,0 73.485688873,18.937189764,0 73.485688039,18.93718854,0 73.485687193,18.937187323,0 73.48568633399999,18.937186114,0 73.485685464,18.937184912,0 73.485684582,18.937183719,0 73.48568368799999,18.937182534,0 73.485682783,18.937181356,0 73.485681865,18.937180187,0 73.48568093599999,18.937179026,0 73.485679996,18.937177874,0 73.48567904399999,18.93717673,0 73.485678081,18.937175595,0 73.485677106,18.937174468,0 73.485676121,18.937173351,0 73.485675124,18.937172242,0 73.485674116,18.937171142,0 73.48567309800001,18.937170052,0 73.485672069,18.93716897,0 73.485671028,18.937167898,0 73.485669978,18.937166835,0 73.485668917,18.937165782,0 73.48566784499999,18.937164739,0 73.485666763,18.937163705,0 73.48566567100001,18.937162681,0 73.485664568,18.937161667,0 73.485663456,18.937160663,0 73.485662334,18.937159669,0 73.485661201,18.937158685,0 73.485660059,18.937157711,0 73.485658908,18.937156748,0 73.485657747,18.937155795,0 73.485656576,18.937154852,0 73.485655396,18.93715392,0 73.485654207,18.937152999,0 73.485653009,18.937152089,0 73.48565180200001,18.937151189,0 73.48565058600001,18.937150301,0 73.485649361,18.937149423,0 73.485648127,18.937148556,0 73.48564688499999,18.937147701,0 73.485645635,18.937146857,0 73.485644376,18.937146024,0 73.48564310899999,18.937145202,0 73.485641833,18.937144392,0 73.48564055,18.937143594,0 73.485639259,18.937142807,0 73.48563796000001,18.937142031,0 73.485636653,18.937141268,0 73.485635339,18.937140516,0 73.485634018,18.937139776,0 73.485632689,18.937139048,0 73.485631353,18.937138332,0 73.48563000999999,18.937137629,0 73.48562866,18.937136937,0 73.485627303,18.937136257,0 73.485625939,18.93713559,0 73.485624569,18.937134935,0 73.485623193,18.937134293,0 73.48562181,18.937133662,0 73.48562042099999,18.937133045,0 73.48561902500001,18.93713244,0 73.485617624,18.937131847,0 73.485616217,18.937131267,0 73.48561480399999,18.9371307,0 73.485613386,18.937130146,0 73.48561196199999,18.937129604,0 73.485610533,18.937129075,0 73.485609099,18.937128559,0 73.48560766,18.937128057,0 73.485606215,18.937127567,0 73.48560476599999,18.93712709,0 73.485603313,18.937126626,0 73.485601854,18.937126175,0 73.48560039199999,18.937125738,0 73.48559892500001,18.937125313,0 73.485597453,18.937124902,0 73.48559597800001,18.937124504,0 73.485594499,18.93712412,0 73.485593016,18.937123749,0 73.48559152999999,18.937123391,0 73.48559004000001,18.937123046,0 73.485588546,18.937122715,0 73.48558705000001,18.937122398,0 73.48558555,18.937122094,0 73.48558404800001,18.937121804,0 73.485582542,18.937121527,0 73.48558103400001,18.937121263,0 73.485579523,18.937121014,0 73.48557801,18.937120777,0 73.485576495,18.937120555,0 73.485574977,18.937120346,0 73.485573458,18.937120151,0 73.485571936,18.93711997,0 73.485570413,18.937119802,0 73.48556888900001,18.937119648,0 73.485567362,18.937119508,0 73.485565835,18.937119381,0 73.485564306,18.937119268,0 73.48556277599999,18.937119169,0 73.485561246,18.937119084,0 73.485559714,18.937119013,0 73.48555818200001,18.937118955,0 73.48555665000001,18.937118912,0 73.485555117,18.937118882,0 73.485553583,18.937118866,0 73.48555205,18.937118863,0 73.48555051699999,18.937118875,0 73.485548984,18.9371189,0 73.485547451,18.937118939,0 73.485545919,18.937118992,0 73.485544387,18.937119059,0 73.485542856,18.937119139,0 73.485541326,18.937119234,0 73.485539797,18.937119342,0 73.485538269,18.937119464,0 73.48553674199999,18.937119599,0 73.48553521700001,18.937119749,0 73.48553369299999,18.937119912,0 73.485532171,18.937120089,0 73.485530651,18.937120279,0 73.485529133,18.937120483,0 73.485527617,18.937120701,0 73.485526103,18.937120933,0 73.485524592,18.937121178,0 73.485523083,18.937121437,0 73.485521576,18.937121709,0 73.485520073,18.937121995,0 73.485518572,18.937122294,0 73.485517074,18.937122607,0 73.48551558,18.937122934,0 73.48551408900001,18.937123274,0 73.485512601,18.937123627,0 73.485511117,18.937123994,0 73.48550963700001,18.937124374,0 73.48550815999999,18.937124767,0 73.485506688,18.937125174,0 73.485505219,18.937125594,0 73.485503755,18.937126027,0 73.485502295,18.937126473,0 73.48550084,18.937126933,0 73.485499389,18.937127405,0 73.485497943,18.937127891,0 73.485496502,18.937128389,0 73.485495066,18.937128901,0 73.485493635,18.937129425,0 73.48549221,18.937129962,0 73.48549079,18.937130513,0 73.48549079,18.937130513,0 73.484751293,18.937394518,0 73.484751293,18.937394518,0 73.484744789,18.937395418,0 73.484738279,18.937396278,0 73.484731763,18.937397097,0 73.484725243,18.937397876,0 73.484718716,18.937398615,0 73.48471218500001,18.937399313,0 73.48470564900001,18.93739997,0 73.484699109,18.937400587,0 73.484692565,18.937401163,0 73.484686017,18.937401699,0 73.484679466,18.937402194,0 73.484672911,18.937402649,0 73.48466635299999,18.937403063,0 73.48465979300001,18.937403436,0 73.48465323000001,18.937403769,0 73.484646665,18.937404061,0 73.484640098,18.937404312,0 73.48463352900001,18.937404522,0 73.48462696,18.937404692,0 73.484620389,18.937404821,0 73.484613817,18.937404909,0 73.48460724500001,18.937404956,0 73.484600673,18.937404963,0 73.484594101,18.937404929,0 73.484587529,18.937404854,0 73.484580958,18.937404738,0 73.484574388,18.937404582,0 73.48456781900001,18.937404385,0 73.48456125200001,18.937404147,0 73.484554686,18.937403868,0 73.484548123,18.937403549,0 73.484541562,18.937403189,0 73.484535003,18.937402789,0 73.484528447,18.937402347,0 73.484521894,18.937401865,0 73.48451534500001,18.937401343,0 73.4845088,18.93740078,0 73.48450225800001,18.937400176,0 73.484495721,18.937399532,0 73.484489188,18.937398847,0 73.484482661,18.937398122,0 73.48447613800001,18.937397356,0 73.484469621,18.93739655,0 73.484463109,18.937395703,0 73.484456603,18.937394816,0 73.484450104,18.937393889,0 73.484443611,18.937392921,0 73.484437124,18.937391914,0 73.484430645,18.937390866,0 73.48442417299999,18.937389777,0 73.484417709,18.937388649,0 73.484411252,18.937387481,0 73.48440480399999,18.937386273,0 73.484398364,18.937385024,0 73.484391933,18.937383736,0 73.484385511,18.937382408,0 73.48437909800001,18.93738104,0 73.484372694,18.937379633,0 73.4843663,18.937378185,0 73.48435991700001,18.937376698,0 73.484353543,18.937375172,0 73.48434718,18.937373606,0 73.484340828,18.937372001,0 73.484334488,18.937370356,0 73.484328158,18.937368672,0 73.48432184000001,18.937366949,0 73.48431553499999,18.937365186,0 73.48430924100001,18.937363385,0 73.48430295999999,18.937361545,0 73.484296691,18.937359665,0 73.48429043599999,18.937357747,0 73.484284194,18.93735579,0 73.484277965,18.937353795,0 73.48427175,18.937351761,0 73.48426555,18.937349688,0 73.48425936300001,18.937347577,0 73.484253192,18.937345428,0 73.484247035,18.93734324,0 73.48424089300001,18.937341014,0 73.484234766,18.937338751,0 73.484228655,18.937336449,0 73.48422256000001,18.937334109,0 73.48421648199999,18.937331732,0 73.48421041899999,18.937329317,0 73.484204373,18.937326865,0 73.484198345,18.937324375,0 73.484192333,18.937321847,0 73.484186339,18.937319283,0 73.484180362,18.937316681,0 73.484174404,18.937314043,0 73.484168463,18.937311367,0 73.484162541,18.937308655,0 73.484156638,18.937305906,0 73.484150754,18.937303121,0 73.48414488900001,18.937300299,0 73.484139043,18.937297441,0 73.48413321699999,18.937294546,0 73.484127411,18.937291616,0 73.484121625,18.937288649,0 73.48411586,18.937285647,0 73.48411011499999,18.937282609,0 73.48410439200001,18.937279536,0 73.48409868900001,18.937276427,0 73.484093008,18.937273283,0 73.484087348,18.937270103,0 73.484081711,18.937266889,0 73.48407609500001,18.93726364,0 73.48407050199999,18.937260356,0 73.484064932,18.937257037,0 73.48405938400001,18.937253684,0 73.484053859,18.937250296,0 73.484048358,18.937246875,0 73.48404288,18.937243419,0 73.484037426,18.93723993,0 73.484031996,18.937236406,0 73.484026591,18.937232849,0 73.48402120999999,18.937229259,0 73.484015853,18.937225635,0 73.484010521,18.937221979,0 73.484005215,18.937218289,0 73.483999934,18.937214566,0 73.48399467900001,18.937210811,0 73.48398944900001,18.937207023,0 73.483984245,18.937203203,0 73.483979068,18.937199351,0 73.483973917,18.937195467,0 73.483968793,18.93719155,0 73.483963696,18.937187603,0 73.483958626,18.937183623,0 73.483953583,18.937179612,0 73.483948568,18.93717557,0 73.48394358100001,18.937171497,0 73.483938622,18.937167394,0 73.483933691,18.937163259,0 73.483928788,18.937159094,0 73.483923914,18.937154899,0 73.483919069,18.937150674,0 73.48391425299999,18.937146418,0 73.483909466,18.937142133,0 73.483904708,18.937137818,0 73.48389998,18.937133474,0 73.48389528200001,18.937129101,0 73.483890614,18.937124699,0 73.483885977,18.937120267,0 73.483881369,18.937115807,0 73.48387679299999,18.937111319,0 73.48387224699999,18.937106802,0 73.48386773199999,18.937102258,0 73.483863249,18.937097685,0 73.483858797,18.937093085,0 73.483854376,18.937088457,0 73.483849988,18.937083802,0 73.48384563099999,18.937079119,0 73.483841306,18.93707441,0 73.483837014,18.937069674,0 73.48383275400001,18.937064912,0 73.483828527,18.937060123,0 73.483824333,18.937055308,0 73.48382017199999,18.937050467,0 73.48381604399999,18.937045601,0 73.48381195,18.937040709,0 73.483807889,18.937035792,0 73.483803862,18.937030849,0 73.48379986899999,18.937025882,0 73.48379591,18.93702089,0 73.483791985,18.937015874,0 73.483788094,18.937010833,0 73.483784239,18.937005769,0 73.48378041799999,18.93700068,0 73.483776632,18.936995568,0 73.48377288099999,18.936990433,0 73.483769165,18.936985275,0 73.48376548500001,18.936980093,0 73.48376184,18.936974889,0 73.483758231,18.936969663,0 73.483754658,18.936964414,0 73.483751121,18.936959143,0 73.48374762,18.93695385,0 73.483744155,18.936948536,0 73.483740727,18.9369432,0 73.483740727,18.9369432,0 73.483740727,18.9369432,0 73.483737566,18.93693838,0 73.483734416,18.936933553,0 73.483731279,18.936928719,0 73.483728153,18.936923878,0 73.48372504,18.93691903,0 73.483721938,18.936914175,0 73.483718849,18.936909314,0 73.483715772,18.936904445,0 73.48371270600001,18.936899569,0 73.48370965300001,18.936894687,0 73.483706611,18.936889798,0 73.483703582,18.936884902,0 73.48370056500001,18.936879999,0 73.48369756,18.936875089,0 73.483694567,18.936870173,0 73.483691587,18.93686525,0 73.483688618,18.93686032,0 73.483685662,18.936855384,0 73.483682718,18.936850441,0 73.483679786,18.936845492,0 73.483676866,18.936840536,0 73.483673959,18.936835573,0 73.483671063,18.936830604,0 73.483668181,18.936825629,0 73.48366531000001,18.936820647,0 73.483662452,18.936815659,0 73.483659606,18.936810664,0 73.483656772,18.936805663,0 73.48365395099999,18.936800656,0 73.483651142,18.936795642,0 73.483648346,18.936790622,0 73.48364556200001,18.936785596,0 73.48364279,18.936780564,0 73.48364003099999,18.936775525,0 73.483637285,18.936770481,0 73.48363455,18.93676543,0 73.483631829,18.936760373,0 73.48362912,18.93675531,0 73.483626423,18.936750241,0 73.483623739,18.936745166,0 73.483621067,18.936740085,0 73.483618408,18.936734998,0 73.483615762,18.936729905,0 73.483613128,18.936724806,0 73.48361050600001,18.936719701,0 73.483607898,18.93671459,0 73.483605302,18.936709474,0 73.483602718,18.936704352,0 73.48360014799999,18.936699224,0 73.48359759,18.93669409,0 73.483595044,18.93668895,0 73.483592512,18.936683805,0 73.48358999200001,18.936678655,0 73.483587485,18.936673498,0 73.48358499,18.936668336,0 73.483582508,18.936663169,0 73.48358004000001,18.936657996,0 73.483577583,18.936652817,0 73.48357514,18.936647633,0 73.48357271,18.936642443,0 73.483570292,18.936637248,0 73.48356788700001,18.936632048,0 73.48356549499999,18.936626842,0 73.483563116,18.936621631,0 73.48356075,18.936616415,0 73.483558397,18.936611193,0 73.483556056,18.936605966,0 73.48355372899999,18.936600734,0 73.483551414,18.936595497,0 73.483549113,18.936590254,0 73.483546824,18.936585007,0 73.483544548,18.936579754,0 73.483542286,18.936574496,0 73.48354003599999,18.936569233,0 73.483537799,18.936563965,0 73.48353557599999,18.936558693,0 73.483533365,18.936553415,0 73.483531168,18.936548132,0 73.483528983,18.936542844,0 73.48352681199999,18.936537552,0 73.483524653,18.936532254,0 73.48352250799999,18.936526952,0 73.483520376,18.936521645,0 73.483518257,18.936516334,0 73.483516151,18.936511017,0 73.483514058,18.936505696,0 73.483511979,18.93650037,0 73.483509912,18.93649504,0 73.483507859,18.936489705,0 73.483505819,18.936484365,0 73.48350379199999,18.936479021,0 73.483501778,18.936473672,0 73.483499778,18.936468319,0 73.483497791,18.936462961,0 73.483495817,18.936457599,0 73.483493856,18.936452233,0 73.48349190899999,18.936446862,0 73.483489975,18.936441487,0 73.48348805400001,18.936436107,0 73.483486146,18.936430723,0 73.483484252,18.936425335,0 73.48348237099999,18.936419943,0 73.483480503,18.936414546,0 73.48347864900001,18.936409146,0 73.48347680800001,18.936403741,0 73.48347498,18.936398332,0 73.483473166,18.936392919,0 73.483471365,18.936387502,0 73.483469578,18.936382081,0 73.483467804,18.936376656,0 73.48346604300001,18.936371227,0 73.48346429599999,18.936365794,0 73.483462562,18.936360358,0 73.483460842,18.936354917,0 73.483459135,18.936349472,0 73.483457442,18.936344024,0 73.48345576200001,18.936338572,0 73.483454095,18.936333116,0 73.483452442,18.936327657,0 73.483450803,18.936322194,0 73.483449177,18.936316727,0 73.483447564,18.936311256,0 73.483445965,18.936305782,0 73.48344437999999,18.936300305,0 73.48344280800001,18.936294824,0 73.48344125,18.936289339,0 73.483439705,18.936283851,0 73.483438174,18.936278359,0 73.48343665599999,18.936272864,0 73.483435152,18.936267366,0 73.48343366100001,18.936261864,0 73.48343218399999,18.936256359,0 73.483430721,18.936250851,0 73.48342927100001,18.936245339,0 73.483427835,18.936239824,0 73.483426413,18.936234306,0 73.483425004,18.936228785,0 73.483423609,18.936223261,0 73.48342222799999,18.936217734,0 73.48342086,18.936212203,0 73.483419506,18.93620667,0 73.483418165,18.936201133,0 73.483416838,18.936195593,0 73.483415525,18.936190051,0 73.48341422599999,18.936184506,0 73.48341293999999,18.936178957,0 73.483411668,18.936173406,0 73.48341041,18.936167852,0 73.483409165,18.936162295,0 73.483407935,18.936156736,0 73.483406718,18.936151174,0 73.483405514,18.936145609,0 73.483404325,18.936140041,0 73.483403149,18.936134471,0 73.48340198699999,18.936128898,0 73.483400839,18.936123322,0 73.48339970400001,18.936117744,0 73.483398583,18.936112163,0 73.483397477,18.93610658,0 73.483396383,18.936100995,0 73.483395304,18.936095407,0 73.48339423900001,18.936089816,0 73.483393187,18.936084224,0 73.483392149,18.936078629,0 73.483391125,18.936073031,0 73.48339011500001,18.936067431,0 73.48338911899999,18.93606183,0 73.483388136,18.936056225,0 73.483387167,18.936050619,0 73.483386213,18.936045011,0 73.48338527200001,18.9360394,0 73.483384345,18.936033787,0 73.48338343099999,18.936028173,0 73.48338253199999,18.936022556,0 73.483381647,18.936016937,0 73.483380775,18.936011316,0 73.48337991699999,18.936005694,0 73.483379074,18.936000069,0 73.48337824399999,18.935994443,0 73.483377428,18.935988814,0 73.483377428,18.935988814,0 73.483377428,18.935988814,0 73.483376428,18.935981096,0 73.483375436,18.935973377,0 73.483374454,18.935965657,0 73.48337348,18.935957935,0 73.483372515,18.935950213,0 73.483371558,18.93594249,0 73.483370611,18.935934766,0 73.48336967199999,18.93592704,0 73.483368742,18.935919314,0 73.483367821,18.935911587,0 73.483366909,18.935903859,0 73.48336600499999,18.93589613,0 73.48336510999999,18.9358884,0 73.483364224,18.935880669,0 73.48336334699999,18.935872938,0 73.48336247899999,18.935865205,0 73.48336161899999,18.935857471,0 73.483360769,18.935849737,0 73.483359927,18.935842002,0 73.483359093,18.935834266,0 73.48335826899999,18.935826529,0 73.483357453,18.935818791,0 73.48335664699999,18.935811052,0 73.48335584900001,18.935803313,0 73.483355059,18.935795572,0 73.483354279,18.935787831,0 73.483353507,18.935780089,0 73.483352745,18.935772346,0 73.48335199100001,18.935764603,0 73.48335124499999,18.935756859,0 73.483350509,18.935749114,0 73.483349782,18.935741368,0 73.48334906300001,18.935733621,0 73.483348353,18.935725874,0 73.48334765200001,18.935718126,0 73.483346959,18.935710377,0 73.48334627600001,18.935702628,0 73.483345601,18.935694878,0 73.48334493500001,18.935687127,0 73.483344278,18.935679375,0 73.48334362999999,18.935671623,0 73.483342991,18.93566387,0 73.48334235999999,18.935656117,0 73.48334173799999,18.935648363,0 73.483341125,18.935640608,0 73.483340521,18.935632853,0 73.483339926,18.935625097,0 73.483339339,18.93561734,0 73.483338762,18.935609583,0 73.48333819299999,18.935601825,0 73.483337633,18.935594066,0 73.48333708200001,18.935586307,0 73.48333653900001,18.935578548,0 73.483336006,18.935570788,0 73.483335481,18.935563027,0 73.483334965,18.935555266,0 73.483334458,18.935547504,0 73.48333396,18.935539742,0 73.48333347000001,18.935531979,0 73.48333298999999,18.935524216,0 73.483332518,18.935516453,0 73.48333205500001,18.935508688,0 73.483331601,18.935500924,0 73.48333115600001,18.935493159,0 73.48333071899999,18.935485393,0 73.48333029200001,18.935477627,0 73.483329873,18.935469861,0 73.483329463,18.935462094,0 73.483329062,18.935454326,0 73.48332867000001,18.935446559,0 73.483328286,18.93543879,0 73.483327911,18.935431022,0 73.483327546,18.935423253,0 73.48332718899999,18.935415484,0 73.48332684099999,18.935407714,0 73.48332650099999,18.935399944,0 73.483326171,18.935392174,0 73.483325849,18.935384403,0 73.483325537,18.935376632,0 73.483325233,18.935368861,0 73.483324938,18.935361089,0 73.483324651,18.935353317,0 73.48332437400001,18.935345545,0 73.483324106,18.935337773,0 73.483323846,18.93533,0 73.483323595,18.935322227,0 73.483323353,18.935314454,0 73.48332311999999,18.93530668,0 73.483322895,18.935298907,0 73.48332268,18.935291133,0 73.483322473,18.935283358,0 73.48332227500001,18.935275584,0 73.483322086,18.935267809,0 73.483321906,18.935260035,0 73.483321735,18.93525226,0 73.483321573,18.935244484,0 73.48332141900001,18.935236709,0 73.48332127400001,18.935228934,0 73.48332113799999,18.935221158,0 73.483321011,18.935213382,0 73.483320893,18.935205607,0 73.483320784,18.935197831,0 73.483320683,18.935190054,0 73.48332059099999,18.935182278,0 73.48332050800001,18.935174502,0 73.48332043400001,18.935166726,0 73.483320369,18.935158949,0 73.48332031299999,18.935151173,0 73.483320265,18.935143396,0 73.48332022699999,18.93513562,0 73.483320197,18.935127843,0 73.48332017600001,18.935120066,0 73.48332016400001,18.93511229,0 73.48332016099999,18.935104513,0 73.483320166,18.935096736,0 73.483320181,18.93508896,0 73.48332020399999,18.935081183,0 73.483320236,18.935073406,0 73.483320277,18.93506563,0 73.483320327,18.935057853,0 73.483320386,18.935050077,0 73.483320453,18.9350423,0 73.483320529,18.935034524,0 73.483320615,18.935026748,0 73.483320709,18.935018972,0 73.483320811,18.935011196,0 73.48332092299999,18.93500342,0 73.48332104399999,18.934995644,0 73.48332117299999,18.934987868,0 73.483321311,18.934980093,0 73.48332145800001,18.934972317,0 73.483321614,18.934964542,0 73.48332177899999,18.934956767,0 73.483321953,18.934948992,0 73.48332213499999,18.934941217,0 73.483322327,18.934933443,0 73.483322527,18.934925668,0 73.48332273600001,18.934917894,0 73.483322953,18.93491012,0 73.48332318,18.934902346,0 73.483323416,18.934894573,0 73.48332366,18.9348868,0 73.48332391300001,18.934879027,0 73.48332417500001,18.934871254,0 73.483324446,18.934863482,0 73.48332472600001,18.93485571,0 73.483325014,18.934847938,0 73.48332531200001,18.934840166,0 73.48332561799999,18.934832395,0 73.483325933,18.934824624,0 73.483326257,18.934816854,0 73.48332659,18.934809083,0 73.48332693099999,18.934801314,0 73.483327282,18.934793544,0 73.483327641,18.934785775,0 73.483328009,18.934778006,0 73.483328386,18.934770238,0 73.48332877199999,18.93476247,0 73.483329166,18.934754702,0 73.48332957,18.934746935,0 73.483329982,18.934739168,0 73.483330403,18.934731402,0 73.483330833,18.934723636,0 73.483331272,18.93471587,0 73.48333171900001,18.934708105,0 73.483332176,18.934700341,0 73.483332641,18.934692577,0 73.48333311499999,18.934684813,0 73.483333598,18.93467705,0 73.48333409,18.934669287,0 73.48333459,18.934661525,0 73.48333510000001,18.934653764,0 73.483335618,18.934646003,0 73.483336145,18.934638242,0 73.483336681,18.934630482,0 73.483337225,18.934622723,0 73.483337779,18.934614964,0 73.48333834100001,18.934607206,0 73.48333891199999,18.934599448,0 73.483339492,18.934591691,0 73.483339492,18.934591691,0 73.483464799,18.934571764,0 73.483464799,18.934571764,0 73.483464184,18.934579545,0 73.483463579,18.934587327,0 73.48346298200001,18.934595109,0 73.483462394,18.934602892,0 73.483461816,18.934610676,0 73.483461246,18.93461846,0 73.483460686,18.934626245,0 73.483460134,18.934634031,0 73.483459592,18.934641817,0 73.48345905799999,18.934649604,0 73.48345853399999,18.934657391,0 73.48345801799999,18.934665179,0 73.483457512,18.934672967,0 73.483457015,18.934680756,0 73.483456526,18.934688545,0 73.483456047,18.934696335,0 73.483455577,18.934704125,0 73.483455116,18.934711916,0 73.48345466400001,18.934719707,0 73.483454221,18.934727499,0 73.483453786,18.934735291,0 73.483453361,18.934743084,0 73.483452946,18.934750877,0 73.483452539,18.934758671,0 73.483452141,18.934766465,0 73.48345175199999,18.934774259,0 73.483451372,18.934782054,0 73.48345100100001,18.934789849,0 73.48345064,18.934797645,0 73.483450287,18.934805441,0 73.483449943,18.934813237,0 73.483449609,18.934821034,0 73.483449283,18.934828831,0 73.483448967,18.934836628,0 73.483448659,18.934844426,0 73.483448361,18.934852224,0 73.483448071,18.934860022,0 73.483447791,18.934867821,0 73.48344752,18.93487562,0 73.483447258,18.934883419,0 73.483447005,18.934891218,0 73.48344676000001,18.934899018,0 73.48344652500001,18.934906818,0 73.48344629899999,18.934914618,0 73.483446082,18.934922419,0 73.483445875,18.93493022,0 73.483445676,18.93493802,0 73.48344548599999,18.934945822,0 73.483445305,18.934953623,0 73.483445133,18.934961424,0 73.483444971,18.934969226,0 73.48344481700001,18.934977028,0 73.48344467299999,18.93498483,0 73.483444537,18.934992632,0 73.48344441099999,18.935000434,0 73.48344429300001,18.935008237,0 73.483444185,18.935016039,0 73.48344408600001,18.935023842,0 73.483443995,18.935031644,0 73.48344391400001,18.935039447,0 73.483443842,18.93504725,0 73.483443779,18.935055053,0 73.483443725,18.935062856,0 73.48344367999999,18.935070659,0 73.483443644,18.935078462,0 73.48344361700001,18.935086265,0 73.483443599,18.935094069,0 73.48344358999999,18.935101872,0 73.483443591,18.935109675,0 73.4834436,18.935117478,0 73.483443618,18.935125281,0 73.483443646,18.935133084,0 73.483443682,18.935140887,0 73.483443728,18.935148691,0 73.483443783,18.935156494,0 73.483443846,18.935164297,0 73.483443919,18.935172099,0 73.483444001,18.935179902,0 73.483444091,18.935187705,0 73.483444191,18.935195508,0 73.4834443,18.93520331,0 73.483444418,18.935211112,0 73.483444545,18.935218915,0 73.48344468099999,18.935226717,0 73.483444826,18.935234519,0 73.48344498100001,18.935242321,0 73.483445144,18.935250122,0 73.483445316,18.935257924,0 73.48344549700001,18.935265725,0 73.483445688,18.935273526,0 73.483445887,18.935281327,0 73.48344609599999,18.935289128,0 73.483446313,18.935296928,0 73.48344654,18.935304728,0 73.483446775,18.935312528,0 73.48344702,18.935320328,0 73.483447274,18.935328127,0 73.483447537,18.935335927,0 73.48344780799999,18.935343725,0 73.48344808900001,18.935351524,0 73.483448379,18.935359322,0 73.483448678,18.93536712,0 73.483448986,18.935374918,0 73.483449303,18.935382715,0 73.48344962900001,18.935390512,0 73.48344996500001,18.935398309,0 73.48345030900001,18.935406105,0 73.483450662,18.935413901,0 73.483451024,18.935421697,0 73.48345139600001,18.935429492,0 73.483451776,18.935437287,0 73.483452165,18.935445081,0 73.483452564,18.935452875,0 73.48345297100001,18.935460669,0 73.483453388,18.935468462,0 73.483453813,18.935476255,0 73.483454248,18.935484047,0 73.483454692,18.935491839,0 73.483455144,18.93549963,0 73.48345560600001,18.935507421,0 73.483456077,18.935515211,0 73.483456557,18.935523001,0 73.483457046,18.93553079,0 73.483457543,18.935538579,0 73.48345805,18.935546367,0 73.483458566,18.935554155,0 73.483459091,18.935561942,0 73.48345962499999,18.935569729,0 73.48346016799999,18.935577515,0 73.483460721,18.9355853,0 73.48346128199999,18.935593085,0 73.483461852,18.935600869,0 73.48346243100001,18.935608653,0 73.483463019,18.935616436,0 73.48346361599999,18.935624219,0 73.483464223,18.935632,0 73.483464838,18.935639782,0 73.483465462,18.935647562,0 73.483466096,18.935655342,0 73.483466738,18.935663121,0 73.48346739,18.9356709,0 73.48346805,18.935678678,0 73.483468719,18.935686455,0 73.483469398,18.935694231,0 73.48347008499999,18.935702007,0 73.483470782,18.935709782,0 73.483471487,18.935717556,0 73.483472202,18.93572533,0 73.483472926,18.935733102,0 73.48347365799999,18.935740874,0 73.48347440000001,18.935748646,0 73.48347515,18.935756416,0 73.48347591,18.935764186,0 73.48347667900001,18.935771954,0 73.483477456,18.935779722,0 73.48347824299999,18.93578749,0 73.483479039,18.935795256,0 73.483479843,18.935803022,0 73.483480657,18.935810786,0 73.48348147999999,18.93581855,0 73.48348231200001,18.935826313,0 73.48348315200001,18.935834075,0 73.483484002,18.935841836,0 73.48348486099999,18.935849597,0 73.48348572899999,18.935857356,0 73.483486605,18.935865114,0 73.48348749100001,18.935872872,0 73.483488386,18.935880629,0 73.48348928999999,18.935888384,0 73.483490202,18.935896139,0 73.483491124,18.935903893,0 73.483492055,18.935911645,0 73.483492994,18.935919397,0 73.483493943,18.935927148,0 73.483494901,18.935934898,0 73.48349586800001,18.935942646,0 73.483496843,18.935950394,0 73.483497828,18.935958141,0 73.483498822,18.935965887,0 73.48349982400001,18.935973631,0 73.48349982400001,18.935973631,0 73.48349982400001,18.935973631,0 73.48350060200001,18.935978986,0 73.483501394,18.935984339,0 73.483502199,18.935989691,0 73.483503016,18.93599504,0 73.48350384699999,18.936000388,0 73.483504692,18.936005734,0 73.483505549,18.936011078,0 73.48350642,18.93601642,0 73.483507304,18.93602176,0 73.48350820100001,18.936027098,0 73.483509111,18.936032434,0 73.48351003499999,18.936037768,0 73.483510971,18.9360431,0 73.483511921,18.936048429,0 73.48351288400001,18.936053757,0 73.48351386,18.936059082,0 73.48351485000001,18.936064406,0 73.483515852,18.936069727,0 73.483516868,18.936075046,0 73.483517896,18.936080362,0 73.483518938,18.936085676,0 73.483519993,18.936090988,0 73.483521061,18.936096297,0 73.483522143,18.936101604,0 73.483523237,18.936106909,0 73.483524344,18.936112211,0 73.483525465,18.936117511,0 73.483526599,18.936122808,0 73.483527745,18.936128103,0 73.483528905,18.936133395,0 73.483530078,18.936138684,0 73.48353126400001,18.936143971,0 73.483532463,18.936149255,0 73.483533675,18.936154536,0 73.4835349,18.936159815,0 73.48353613800001,18.936165091,0 73.48353739,18.936170364,0 73.483538654,18.936175634,0 73.483539931,18.936180902,0 73.483541221,18.936186166,0 73.483542525,18.936191428,0 73.483543841,18.936196687,0 73.48354517,18.936201942,0 73.483546512,18.936207195,0 73.483547867,18.936212445,0 73.483549236,18.936217692,0 73.48355061700001,18.936222936,0 73.483552011,18.936228176,0 73.483553418,18.936233413,0 73.483554838,18.936238648,0 73.483556271,18.936243879,0 73.483557717,18.936249107,0 73.483559175,18.936254331,0 73.483560647,18.936259553,0 73.483562132,18.936264771,0 73.483563629,18.936269985,0 73.48356513900001,18.936275197,0 73.483566663,18.936280405,0 73.483568199,18.936285609,0 73.48356974799999,18.93629081,0 73.483571309,18.936296008,0 73.483572884,18.936301202,0 73.483574471,18.936306392,0 73.48357607200001,18.936311579,0 73.483577685,18.936316763,0 73.483579311,18.936321942,0 73.483580949,18.936327118,0 73.48358260099999,18.936332291,0 73.483584265,18.936337459,0 73.483585942,18.936342624,0 73.483587632,18.936347786,0 73.483589334,18.936352943,0 73.483591049,18.936358097,0 73.483592777,18.936363246,0 73.483594518,18.936368392,0 73.483596272,18.936373534,0 73.483598038,18.936378672,0 73.48359981599999,18.936383806,0 73.483601608,18.936388936,0 73.48360341199999,18.936394062,0 73.48360522900001,18.936399184,0 73.483607058,18.936404302,0 73.483608901,18.936409416,0 73.483610755,18.936414525,0 73.483612623,18.936419631,0 73.483614503,18.936424732,0 73.483616395,18.936429829,0 73.4836183,18.936434922,0 73.483620218,18.93644001,0 73.48362214799999,18.936445095,0 73.483624091,18.936450174,0 73.483626047,18.93645525,0 73.48362801499999,18.936460321,0 73.483629995,18.936465388,0 73.483631988,18.93647045,0 73.483633994,18.936475508,0 73.48363601200001,18.936480561,0 73.483638042,18.93648561,0 73.483640085,18.936490654,0 73.48364214,18.936495694,0 73.483644208,18.936500729,0 73.48364628900001,18.936505759,0 73.48364838099999,18.936510785,0 73.483650486,18.936515806,0 73.483652604,18.936520822,0 73.483654734,18.936525834,0 73.483656876,18.936530841,0 73.483659031,18.936535842,0 73.48366119799999,18.93654084,0 73.483663377,18.936545832,0 73.483665569,18.936550819,0 73.48366777299999,18.936555802,0 73.48366998900001,18.936560779,0 73.483672218,18.936565752,0 73.483674459,18.936570719,0 73.483676712,18.936575682,0 73.483678977,18.936580639,0 73.48368125499999,18.936585591,0 73.48368354500001,18.936590539,0 73.483685847,18.936595481,0 73.483688161,18.936600418,0 73.48369048799999,18.936605349,0 73.483692827,18.936610276,0 73.483695177,18.936615197,0 73.48369753999999,18.936620113,0 73.48369991600001,18.936625024,0 73.483702303,18.936629929,0 73.483704702,18.936634829,0 73.483707114,18.936639724,0 73.483709537,18.936644613,0 73.483711973,18.936649497,0 73.483714421,18.936654375,0 73.48371688100001,18.936659248,0 73.48371935199999,18.936664116,0 73.483721836,18.936668977,0 73.48372433199999,18.936673834,0 73.48372684,18.936678684,0 73.48372936,18.936683529,0 73.48373189100001,18.936688368,0 73.483734435,18.936693202,0 73.483736991,18.93669803,0 73.483739558,18.936702852,0 73.483742138,18.936707669,0 73.48374472899999,18.936712479,0 73.483747333,18.936717284,0 73.483749948,18.936722083,0 73.483752575,18.936726876,0 73.483755214,18.936731664,0 73.483757864,18.936736445,0 73.483760527,18.93674122,0 73.483763201,18.93674599,0 73.483765887,18.936750753,0 73.48376858500001,18.936755511,0 73.48377129399999,18.936760262,0 73.483774016,18.936765007,0 73.483776749,18.936769747,0 73.483779493,18.93677448,0 73.48378225,18.936779207,0 73.48378501800001,18.936783927,0 73.48378779700001,18.936788642,0 73.48379058899999,18.93679335,0 73.483793392,18.936798052,0 73.48379620599999,18.936802748,0 73.483799033,18.936807437,0 73.48380186999999,18.93681212,0 73.48380471999999,18.936816797,0 73.48380758099999,18.936821467,0 73.483810453,18.936826131,0 73.483813337,18.936830789,0 73.483816232,18.93683544,0 73.483819139,18.936840084,0 73.483822058,18.936844722,0 73.48382498799999,18.936849354,0 73.483827929,18.936853979,0 73.48383088200001,18.936858597,0 73.483833846,18.936863209,0 73.483836821,18.936867814,0 73.483839808,18.936872412,0 73.483842806,18.936877004,0 73.483845816,18.936881589,0 73.483845816,18.936881589,0 73.483845816,18.936881589,0 73.48384878500001,18.936886221,0 73.483851786,18.936890834,0 73.483854818,18.93689543,0 73.483857882,18.936900006,0 73.483860976,18.936904564,0 73.48386410000001,18.936909103,0 73.483867256,18.936913622,0 73.483870442,18.936918122,0 73.48387365799999,18.936922602,0 73.483876905,18.936927063,0 73.48388018199999,18.936931503,0 73.48388348899999,18.936935923,0 73.483886825,18.936940323,0 73.483890192,18.936944703,0 73.483893588,18.936949062,0 73.483897013,18.936953399,0 73.483900468,18.936957716,0 73.48390395200001,18.936962011,0 73.483907464,18.936966285,0 73.483911006,18.936970538,0 73.48391457699999,18.936974768,0 73.483918176,18.936978977,0 73.483921803,18.936983163,0 73.48392545900001,18.936987327,0 73.483929143,18.936991469,0 73.483932854,18.936995588,0 73.483936594,18.936999684,0 73.48394036099999,18.937003757,0 73.48394415600001,18.937007807,0 73.483947978,18.937011834,0 73.483951827,18.937015837,0 73.48395570300001,18.937019816,0 73.483959607,18.937023771,0 73.483963536,18.937027703,0 73.48396749299999,18.93703161,0 73.483971475,18.937035493,0 73.483975484,18.937039352,0 73.483979519,18.937043186,0 73.48398358,18.937046995,0 73.48398766699999,18.937050779,0 73.48399177899999,18.937054538,0 73.483995916,18.937058271,0 73.484000079,18.93706198,0 73.484004267,18.937065662,0 73.484008479,18.937069319,0 73.484012716,18.93707295,0 73.484016978,18.937076555,0 73.48402126400001,18.937080134,0 73.484025574,18.937083686,0 73.484029908,18.937087212,0 73.48403426599999,18.937090711,0 73.48403864700001,18.937094183,0 73.484043052,18.937097629,0 73.48404748,18.937101047,0 73.484051932,18.937104439,0 73.48405640599999,18.937107802,0 73.484060902,18.937111139,0 73.484065422,18.937114447,0 73.484069963,18.937117728,0 73.484074527,18.937120981,0 73.484079112,18.937124206,0 73.48408372,18.937127403,0 73.484088348,18.937130572,0 73.484092999,18.937133712,0 73.48409767,18.937136823,0 73.484102362,18.937139906,0 73.484107075,18.93714296,0 73.484111809,18.937145985,0 73.484116563,18.937148981,0 73.484121337,18.937151948,0 73.484126132,18.937154885,0 73.48413094599999,18.937157793,0 73.484135779,18.937160671,0 73.48414063200001,18.93716352,0 73.484145504,18.937166339,0 73.484150396,18.937169128,0 73.48415530600001,18.937171887,0 73.484160234,18.937174616,0 73.48416518099999,18.937177314,0 73.484170146,18.937179982,0 73.48417512899999,18.93718262,0 73.48418013,18.937185227,0 73.48418514799999,18.937187803,0 73.484190184,18.937190348,0 73.48419523699999,18.937192863,0 73.48420030600001,18.937195346,0 73.484205393,18.937197799,0 73.484210496,18.93720022,0 73.484215615,18.93720261,0 73.48422075000001,18.937204968,0 73.484225901,18.937207295,0 73.484231068,18.93720959,0 73.48423625,18.937211854,0 73.48424144800001,18.937214085,0 73.48424666,18.937216285,0 73.484251887,18.937218453,0 73.484257129,18.937220589,0 73.48426238499999,18.937222692,0 73.484267655,18.937224763,0 73.48427294,18.937226802,0 73.484278237,18.937228809,0 73.484283549,18.937230783,0 73.484288873,18.937232724,0 73.48429421100001,18.937234633,0 73.484299561,18.937236509,0 73.484304924,18.937238352,0 73.4843103,18.937240162,0 73.48431568700001,18.937241939,0 73.484321087,18.937243683,0 73.484326498,18.937245394,0 73.48433192100001,18.937247072,0 73.484337354,18.937248716,0 73.484342799,18.937250327,0 73.484348255,18.937251905,0 73.48435372100001,18.937253449,0 73.48435919800001,18.93725496,0 73.484364685,18.937256437,0 73.484370181,18.937257881,0 73.484375687,18.93725929,0 73.484381203,18.937260666,0 73.484386728,18.937262008,0 73.484392262,18.937263316,0 73.484397804,18.937264591,0 73.484403356,18.937265831,0 73.484408915,18.937267037,0 73.48441448200001,18.937268209,0 73.484420058,18.937269347,0 73.48442564,18.937270451,0 73.484431231,18.93727152,0 73.484436828,18.937272555,0 73.48444243199999,18.937273556,0 73.484448043,18.937274523,0 73.48445366,18.937275455,0 73.484459284,18.937276352,0 73.484464913,18.937277215,0 73.484470548,18.937278044,0 73.48447618900001,18.937278838,0 73.484481835,18.937279597,0 73.48448748600001,18.937280322,0 73.48449314200001,18.937281012,0 73.484498802,18.937281667,0 73.48450446699999,18.937282288,0 73.48451013499999,18.937282874,0 73.484515808,18.937283425,0 73.484521484,18.937283942,0 73.484527164,18.937284423,0 73.48453284599999,18.93728487,0 73.484538532,18.937285282,0 73.48454422,18.937285659,0 73.484549911,18.937286001,0 73.48455560399999,18.937286309,0 73.48456129900001,18.937286581,0 73.48456699499999,18.937286819,0 73.484572693,18.937287021,0 73.48457839300001,18.937287189,0 73.484584093,18.937287321,0 73.484589794,18.937287419,0 73.484595496,18.937287482,0 73.48460119799999,18.93728751,0 73.4846069,18.937287503,0 73.484612602,18.937287461,0 73.484618303,18.937287384,0 73.484624004,18.937287272,0 73.484629704,18.937287125,0 73.484635403,18.937286943,0 73.4846411,18.937286726,0 73.48464679600001,18.937286474,0 73.48465249,18.937286188,0 73.484658182,18.937285866,0 73.484663872,18.93728551,0 73.484669559,18.937285118,0 73.484675244,18.937284692,0 73.48468092500001,18.937284231,0 73.484686604,18.937283735,0 73.484692278,18.937283205,0 73.48469794899999,18.937282639,0 73.484703616,18.937282039,0 73.484709279,18.937281404,0 73.484714938,18.937280735,0 73.484720591,18.937280031,0 73.484720591,18.937280031,0 73.48544582300001,18.937021118,0 73.48544582300001,18.937021118,0 73.485448338,18.937020166,0 73.48545086199999,18.937019237,0 73.48545339499999,18.937018331,0 73.485455937,18.937017447,0 73.48545848800001,18.937016587,0 73.485461047,18.93701575,0 73.485463615,18.937014935,0 73.48546619,18.937014144,0 73.48546877299999,18.937013377,0 73.48547136400001,18.937012632,0 73.485473962,18.937011911,0 73.48547656700001,18.937011214,0 73.485479179,18.93701054,0 73.485481798,18.937009889,0 73.485484423,18.937009263,0 73.485487054,18.93700866,0 73.485489691,18.93700808,0 73.485492333,18.937007525,0 73.485494981,18.937006993,0 73.485497635,18.937006486,0 73.485500293,18.937006002,0 73.485502956,18.937005542,0 73.48550562299999,18.937005107,0 73.485508294,18.937004695,0 73.48551097000001,18.937004308,0 73.485513649,18.937003945,0 73.485516332,18.937003606,0 73.48551901800001,18.937003291,0 73.485521707,18.937003,0 73.485524399,18.937002734,0 73.485527093,18.937002492,0 73.48552979,18.937002274,0 73.485532488,18.937002081,0 73.485535189,18.937001912,0 73.48553789100001,18.937001768,0 73.485540594,18.937001647,0 73.485543298,18.937001552,0 73.485546004,18.93700148,0 73.485548709,18.937001433,0 73.48555141600001,18.937001411,0 73.485554122,18.937001413,0 73.485556828,18.937001439,0 73.485559534,18.93700149,0 73.485562239,18.937001565,0 73.485564943,18.937001664,0 73.48556764600001,18.937001788,0 73.485570348,18.937001937,0 73.48557304800001,18.937002109,0 73.485575747,18.937002307,0 73.48557844299999,18.937002528,0 73.485581137,18.937002774,0 73.485583828,18.937003044,0 73.485586517,18.937003338,0 73.485589202,18.937003657,0 73.48559188500001,18.937003999,0 73.48559456300001,18.937004366,0 73.485597238,18.937004757,0 73.485599909,18.937005173,0 73.48560257600001,18.937005612,0 73.48560523800001,18.937006075,0 73.485607895,18.937006563,0 73.485610548,18.937007074,0 73.485613195,18.937007609,0 73.48561583599999,18.937008168,0 73.485618473,18.937008751,0 73.485621103,18.937009358,0 73.485623727,18.937009988,0 73.485626344,18.937010642,0 73.485628955,18.93701132,0 73.485631559,18.937012021,0 73.485634156,18.937012746,0 73.485636746,18.937013494,0 73.485639328,18.937014265,0 73.485641902,18.93701506,0 73.485644468,18.937015878,0 73.485647026,18.937016719,0 73.485649576,18.937017583,0 73.485652116,18.93701847,0 73.48565464799999,18.937019379,0 73.485657171,18.937020312,0 73.485659684,18.937021267,0 73.485662187,18.937022245,0 73.485664681,18.937023246,0 73.485667165,18.937024269,0 73.485669638,18.937025314,0 73.48567210100001,18.937026382,0 73.485674553,18.937027472,0 73.485676994,18.937028584,0 73.48567942299999,18.937029718,0 73.48568184200001,18.937030873,0 73.485684249,18.937032051,0 73.485686644,18.93703325,0 73.48568902700001,18.937034471,0 73.485691397,18.937035713,0 73.485693755,18.937036977,0 73.485696101,18.937038261,0 73.485698433,18.937039567,0 73.485700753,18.937040894,0 73.485703059,18.937042242,0 73.48570535099999,18.93704361,0 73.48570762999999,18.937044999,0 73.485709895,18.937046409,0 73.485712146,18.937047839,0 73.485714382,18.937049289,0 73.485716604,18.937050759,0 73.485718811,18.93705225,0 73.48572100299999,18.93705376,0 73.48572317999999,18.93705529,0 73.48572534199999,18.937056839,0 73.48572748799999,18.937058408,0 73.48572961799999,18.937059996,0 73.48573173299999,18.937061604,0 73.485733831,18.93706323,0 73.485735913,18.937064875,0 73.48573797900001,18.937066539,0 73.48574002700001,18.937068222,0 73.485742059,18.937069923,0 73.485744074,18.937071642,0 73.485746072,18.937073379,0 73.48574805200001,18.937075134,0 73.48575001499999,18.937076907,0 73.48575196,18.937078698,0 73.485753887,18.937080506,0 73.48575579600001,18.937082332,0 73.485757687,18.937084174,0 73.485759559,18.937086034,0 73.48576141300001,18.93708791,0 73.48576324699999,18.937089803,0 73.485765063,18.937091712,0 73.48576686,18.937093638,0 73.485768638,18.93709558,0 73.48577039600001,18.937097538,0 73.485772134,18.937099512,0 73.485773853,18.937101501,0 73.48577555200001,18.937103506,0 73.48577723,18.937105525,0 73.485778889,18.93710756,0 73.485780527,18.93710961,0 73.485782145,18.937111675,0 73.485783742,18.937113754,0 73.485785318,18.937115847,0 73.485786874,18.937117955,0 73.485788408,18.937120076,0 73.48578992100001,18.937122211,0 73.485791413,18.93712436,0 73.485792883,18.937126522,0 73.48579433099999,18.937128697,0 73.48579575799999,18.937130885,0 73.485797163,18.937133086,0 73.485798546,18.9371353,0 73.485799907,18.937137526,0 73.48580124599999,18.937139764,0 73.485802562,18.937142014,0 73.485803856,18.937144276,0 73.48580512700001,18.93714655,0 73.485806376,18.937148834,0 73.485807601,18.93715113,0 73.485808804,18.937153437,0 73.485809984,18.937155755,0 73.48581114,18.937158083,0 73.48581227299999,18.937160422,0 73.48581338300001,18.937162771,0 73.48581446999999,18.937165129,0 73.48581553299999,18.937167498,0 73.485816572,18.937169875,0 73.485817587,18.937172262,0 73.485818579,18.937174659,0 73.48581954700001,18.937177064,0 73.48582048999999,18.937179477,0 73.48582141,18.937181899,0 73.485822306,18.937184329,0 73.485823177,18.937186768,0 73.485824024,18.937189213,0 73.485824846,18.937191667,0 73.485825644,18.937194128,0 73.485826417,18.937196596,0 73.48582716600001,18.93719907,0 73.48582789,18.937201552,0 73.48582859,18.937204039,0 73.485829264,18.937206533,0 73.485829264,18.937206533,0 
								</coordinates>
							</LinearRing>
						</outerBoundaryIs>
					</Polygon>
				</Placemark>
			</Folder>
			<Folder>
				<name>Dump yard</name>
				<open>1</open>
				<Placemark>
					<name>Dump Yard</name>
					<description>Component Name  :Dump Yard
Proposed Private Area : 25 Ha

Village	  :Bhivpuri Camp 
Taluka	  :Khandi
District 	  :Raigad</description>
					<styleUrl>#area21</styleUrl>
					<Polygon>
						<extrude>1</extrude>
						<outerBoundaryIs>
							<LinearRing>
								<coordinates>
									73.491241214,18.916308695,0 73.491597005,18.91604642,0 73.49185992300001,18.915912196,0 73.492089394,18.916127203,0 73.492290209,18.916180755,0 73.492545439,18.916126716,0 73.492785051,18.916346613,0 73.493289886,18.91632846,0 73.493483559,18.916189851,0 73.49356553600001,18.916022448,0 73.493622964,18.915833627,0 73.493678999,18.915654443,0 73.49381452199999,18.915560097,0 73.494221626,18.915444961,0 73.49437670899999,18.91518841,0 73.49449252399999,18.914946326,0 73.494556649,18.91472453,0 73.494650994,18.91467519,0 73.494897951,18.914528944,0 73.495044467,18.914330864,0 73.495146499,18.914203444,0 73.4953211,18.914051394,0 73.495274628,18.913921419,0 73.495182054,18.913768027,0 73.495123865,18.913692363,0 73.49512984499999,18.913659765,0 73.495242136,18.913561531,0 73.495357971,18.913530665,0 73.495517165,18.913472178,0 73.495607507,18.913259369,0 73.495667461,18.913113754,0 73.49576289300001,18.913018718,0 73.49595954599999,18.912999067,0 73.496098405,18.91294842,0 73.496261988,18.912979537,0 73.496467864,18.913121683,0 73.496619901,18.913093892,0 73.496728933,18.912982844,0 73.49683706099999,18.912917088,0 73.496975496,18.912960922,0 73.497044324,18.913005018,0 73.497150787,18.912908395,0 73.49717943100001,18.912795783,0 73.49723436399999,18.912689157,0 73.49735094899999,18.912582022,0 73.49760006699999,18.912439393,0 73.49764863199999,18.91245453,0 73.497802956,18.912492803,0 73.497798949,18.912642765,0 73.497851383,18.912727448,0 73.497736531,18.912877965,0 73.497646076,18.912947803,0 73.497543092,18.913085085,0 73.497509662,18.913224939,0 73.497402545,18.913288946,0 73.497322469,18.913315314,0 73.497297278,18.913455925,0 73.497240155,18.913531237,0 73.497201477,18.913612038,0 73.49718742100001,18.913607242,0 73.49703265399999,18.913597538,0 73.49689214599999,18.913486209,0 73.496796613,18.913478938,0 73.496781856,18.91353642,0 73.496853207,18.913656454,0 73.49691571300001,18.913741817,0 73.496914373,18.913824817,0 73.497019627,18.913968595,0 73.497038844,18.914054032,0 73.49714423099999,18.914181377,0 73.497271239,18.914222567,0 73.497517722,18.914243401,0 73.497732038,18.914295138,0 73.498016087,18.914254353,0 73.49824936500001,18.914239931,0 73.49881191,18.914227887,0 73.49897074099999,18.914153415,0 73.49907458200001,18.91411626,0 73.49929409000001,18.913908058,0 73.499699181,18.9139443,0 73.499838701,18.914001224,0 73.499969819,18.913939329,0 73.50014092399999,18.913837287,0 73.50041291799999,18.913761505,0 73.500434504,18.913652378,0 73.50016236800001,18.913488745,0 73.50019041199999,18.913400098,0 73.500385292,18.913226358,0 73.50052318100001,18.91312547,0 73.500609138,18.913000608,0 73.500676965,18.912773802,0 73.500766321,18.912551042,0 73.50086746700001,18.912591856,0 73.500962661,18.912724419,0 73.501058657,18.912828037,0 73.501228575,18.912898324,0 73.501475691,18.912949235,0 73.501699182,18.913338681,0 73.501921798,18.913404785,0 73.502127972,18.913438165,0 73.502270595,18.913421776,0 73.50239509399999,18.913274725,0 73.502434998,18.913166632,0 73.502442656,18.912951849,0 73.502301022,18.91281579,0 73.502255565,18.912667129,0 73.502359762,18.912529672,0 73.50249673499999,18.912239863,0 73.502524489,18.912061235,0 73.502351085,18.911911624,0 73.50214084,18.911861005,0 73.50213796200001,18.91165437,0 73.50228437,18.911563613,0 73.50241248899999,18.911432931,0 73.50238609900001,18.911258348,0 73.50232109700001,18.911127408,0 73.502409142,18.910965672,0 73.50253216599999,18.910834357,0 73.502476186,18.910629581,0 73.502537479,18.910388124,0 73.50254447499999,18.910156895,0 73.502608438,18.90998041,0 73.50267683600001,18.909797927,0 73.502646562,18.909603769,0 73.50263086699999,18.909597769,0 73.502548582,18.909556066,0 73.502532358,18.90955601,0 73.50238089200001,18.909555639,0 73.50237007299999,18.909555616,0 73.502239327,18.909561389,0 73.502228496,18.909561379,0 73.502016248,18.909567198,0 73.502002953,18.909549493,0 73.501844523,18.909410632,0 73.50168648099999,18.909242634,0 73.50176229500001,18.908969722,0 73.501907905,18.90884643,0 73.502250412,18.908556356,0 73.502613821,18.908701359,0 73.50265980499999,18.90882586,0 73.502747641,18.908852648,0 73.502929761,18.908836522,0 73.50309535300001,18.90875655,0 73.503230624,18.908633861,0 73.503309449,18.908538371,0 73.503430498,18.908504656,0 73.503595226,18.908499634,0 73.503807681,18.908471517,0 73.503965287,18.908425326,0 73.504058869,18.908476539,0 73.504100522,18.908633602,0 73.504066573,18.908751344,0 73.504006719,18.908877422,0 73.503986834,18.909007448,0 73.504081154,18.909124672,0 73.50421249199999,18.909308051,0 73.50434708900001,18.909487566,0 73.50442162900001,18.909615875,0 73.504469196,18.909736472,0 73.504374087,18.909823157,0 73.504348878,18.909920473,0 73.504344624,18.910027316,0 73.504454134,18.910087993,0 73.50467192799999,18.910114832,0 73.50479337500001,18.91019298,0 73.504856831,18.910315234,0 73.504784426,18.910546934,0 73.504619492,18.91074048,0 73.504419821,18.910994043,0 73.50411344600001,18.911168892,0 73.503855612,18.911217009,0 73.50370623800001,18.911315609,0 73.503562333,18.911496705,0 73.503346655,18.911639673,0 73.503064725,18.911717759,0 73.502965816,18.911835553,0 73.50297663800001,18.912014624,0 73.50299323199999,18.912236943,0 73.503381155,18.91217577,0 73.503639314,18.912186339,0 73.503871768,18.912186607,0 73.504121435,18.912085545,0 73.504194685,18.912181985,0 73.504244949,18.912434699,0 73.504149959,18.912499216,0 73.504066608,18.912578571,0 73.503980376,18.912662044,0 73.503960398,18.912754661,0 73.504017519,18.912873578,0 73.504124906,18.9129643,0 73.50416441500001,18.913049918,0 73.504052355,18.913131743,0 73.503964704,18.913252005,0 73.50395568499999,18.913421864,0 73.503955347,18.913566901,0 73.503860902,18.91354066,0 73.50371114799999,18.913348041,0 73.503638751,18.913254918,0 73.503565217,18.913144877,0 73.503486632,18.913056054,0 73.503379452,18.912950948,0 73.503278303,18.912919483,0 73.503120873,18.912870525,0 73.503028939,18.912817703,0 73.5029155,18.912830867,0 73.502777808,18.912922319,0 73.502650331,18.913089102,0 73.50255885200001,18.913202635,0 73.502653712,18.913303939,0 73.502835914,18.91335852,0 73.50302573899999,18.913418292,0 73.503258734,18.91353513,0 73.50317161,18.913734588,0 73.503120149,18.913935974,0 73.502931969,18.91405341,0 73.502875225,18.914162994,0 73.50305351,18.91425049,0 73.50325052399999,18.914334161,0 73.503379944,18.914266343,0 73.503566099,18.914187622,0 73.503778395,18.914199299,0 73.503994549,18.914230097,0 73.50422542299999,18.914173591,0 73.50443299699999,18.914057338,0 73.50454469899999,18.913953335,0 73.50467716,18.913939191,0 73.50479349,18.914052459,0 73.50480175600001,18.914246005,0 73.504791146,18.914430853,0 73.50486947900001,18.914627666,0 73.505035681,18.914808705,0 73.50504680900001,18.914912977,0 73.504988537,18.915126942,0 73.504948094,18.915243,0 73.50479289899999,18.915317402,0 73.504519817,18.915367599,0 73.50430656,18.915317136,0 73.504136816,18.915273415,0 73.504055497,18.915229971,0 73.504051156,18.915059239,0 73.504020078,18.914814998,0 73.50384913400001,18.914750153,0 73.503632669,18.91487024,0 73.503403671,18.915137919,0 73.503165834,18.915347754,0 73.50305181500001,18.915164713,0 73.50266002399999,18.914625346,0 73.502309798,18.914456216,0 73.501217549,18.914640843,0 73.500864025,18.91476987,0 73.500298495,18.914583965,0 73.499609623,18.914532261,0 73.499559869,18.91429894,0 73.49943136,18.914182119,0 73.498760937,18.914558116,0 73.498014832,18.915056343,0 73.497322127,18.915007473,0 73.497064525,18.914887192,0 73.49635114599999,18.914786746,0 73.4950855,18.914937679,0 73.49471937600001,18.915444592,0 73.493604253,18.916425901,0 73.49268809100001,18.916760655,0 73.491332679,18.916428313,0 73.491241214,18.916308695,0 
								</coordinates>
							</LinearRing>
						</outerBoundaryIs>
					</Polygon>
				</Placemark>
				<Placemark>
					<name>Dump yard</name>
					<description>Component Name  :Dump Yard
Proposed private area : 3.58 Ha

Village	  :Bhivpuri Camp 
Taluka	  :Karjat
District 	  :Raigad</description>
					<styleUrl>#area21</styleUrl>
					<Polygon>
						<extrude>1</extrude>
						<outerBoundaryIs>
							<LinearRing>
								<coordinates>
									73.45029328,18.946339809,0 73.44738365400001,18.946776257,0 73.447025669,18.945592811,0 73.448648659,18.945651651,0 73.45026993099999,18.945413918,0 73.45029328,18.946339809,0 
								</coordinates>
							</LinearRing>
						</outerBoundaryIs>
					</Polygon>
				</Placemark>
				<Placemark>
					<name>Dump yard</name>
					<description>Component Name  :Dump Yard
Proposed Private area : 6.37 Ha

Village	  :Bhivpuri Camp 
Taluka	  :Karjat
District 	  :Raigad</description>
					<styleUrl>#area21</styleUrl>
					<Polygon>
						<extrude>1</extrude>
						<outerBoundaryIs>
							<LinearRing>
								<coordinates>
									73.452224489,18.94233983,0 73.451667564,18.942497813,0 73.45165011500001,18.942845519,0 73.452034516,18.943377283,0 73.450921075,18.943648073,0 73.45059472299999,18.943514338,0 73.450977796,18.943160651,0 73.449452905,18.942230843,0 73.450541735,18.94102472,0 73.450024215,18.940514429,0 73.451891602,18.940340289,0 73.452224489,18.94233983,0 
								</coordinates>
							</LinearRing>
						</outerBoundaryIs>
					</Polygon>
				</Placemark>
				<Placemark>
					<name>Dump yard</name>
					<description>Component Name  :Dump Yard
Proposed Private area : 3.17 Ha

Village	  :Bhivpuri Camp 
Taluka	  :Karjat
District 	  :Raigad</description>
					<styleUrl>#area21</styleUrl>
					<Polygon>
						<extrude>1</extrude>
						<outerBoundaryIs>
							<LinearRing>
								<coordinates>
									73.445237236,18.939647649,0 73.44437643400001,18.94032258,0 73.44392918,18.939916767,0 73.444895213,18.939156886,0 73.445106512,18.938896639,0 73.44576238400001,18.93830582,0 73.446941657,18.937073371,0 73.44755951400001,18.937512228,0 73.445237236,18.939647649,0 
								</coordinates>
							</LinearRing>
						</outerBoundaryIs>
					</Polygon>
				</Placemark>
				<Placemark>
					<name>Dump yard</name>
					<description>Component Name  :Dump Yard
Proposed private Area : 2.88 Ha

Village	  :Bhivpuri Camp 
Taluka	  :Karjat
District 	  :Raigad</description>
					<styleUrl>#area21</styleUrl>
					<Polygon>
						<extrude>1</extrude>
						<outerBoundaryIs>
							<LinearRing>
								<coordinates>
									73.44697753200001,18.936274064,0 73.44668256200001,18.935828874,0 73.447614757,18.934616937,0 73.448557732,18.93532053,0 73.450225561,18.93567285,0 73.44697753200001,18.936274064,0 
								</coordinates>
							</LinearRing>
						</outerBoundaryIs>
					</Polygon>
				</Placemark>
			</Folder>
			<Folder>
				<name>Surface Penstock</name>
				<open>1</open>
				<Placemark>
					<name>Surface Penstock</name>
					<description>Component Name  :Surface Penstock

Village	  :Bhivpuri Camp 
Taluka	  :Karjat
District 	  :Raigad</description>
					<styleUrl>#area21</styleUrl>
					<Polygon>
						<extrude>1</extrude>
						<outerBoundaryIs>
							<LinearRing>
								<coordinates>
									73.457914415,18.938497925,0 73.45786160199999,18.938648152,0 73.45770935500001,18.939159716,0 73.457573557,18.93957164,0 73.457367375,18.939582781,0 73.457364012,18.939581662,0 73.45596456299999,18.939116758,0 73.455180665,18.938883832,0 73.453613201,18.938378422,0 73.455610128,18.938300458,0 73.45571912699999,18.938296202,0 73.45741449400001,18.938229994,0 73.457513366,18.938226132,0 73.460161485,18.938122684,0 73.460311813,18.93817517,0 73.459692252,18.93825993,0 73.457914415,18.938497925,0 
								</coordinates>
							</LinearRing>
						</outerBoundaryIs>
					</Polygon>
				</Placemark>
				<Placemark>
					<name>Surface Penstock</name>
					<description>Component Name  :Surface Penstock

Village	  :Bhivpuri Camp 
Taluka	  :Karjat
District 	  :Raigad</description>
					<styleUrl>#area21</styleUrl>
					<Polygon>
						<extrude>1</extrude>
						<outerBoundaryIs>
							<LinearRing>
								<coordinates>
									73.451973137,18.939418423,0 73.452018966,18.939576863,0 73.452062213,18.939869383,0 73.45043575,18.939957219,0 73.45028896700001,18.940039723,0 73.45028896700001,18.940039723,0 73.45028642,18.940041143,0 73.450283863,18.940042546,0 73.450281295,18.940043932,0 73.450278717,18.9400453,0 73.450276129,18.940046651,0 73.45027353099999,18.940047984,0 73.45027092300001,18.9400493,0 73.450268306,18.940050599,0 73.450265679,18.94005188,0 73.450263042,18.940053143,0 73.45026039699999,18.940054388,0 73.45025774200001,18.940055616,0 73.450255078,18.940056825,0 73.450252405,18.940058017,0 73.450249723,18.940059191,0 73.450247033,18.940060346,0 73.450244334,18.940061484,0 73.45024162599999,18.940062603,0 73.450238911,18.940063704,0 73.450236187,18.940064787,0 73.45023345600001,18.940065852,0 73.45023071599999,18.940066898,0 73.450227969,18.940067926,0 73.450225214,18.940068935,0 73.45022245200001,18.940069925,0 73.450219683,18.940070897,0 73.45021690599999,18.940071851,0 73.45021412299999,18.940072786,0 73.45021133199999,18.940073702,0 73.450208535,18.940074599,0 73.450205731,18.940075477,0 73.450202921,18.940076337,0 73.45020010499999,18.940077177,0 73.450197282,18.940077999,0 73.45019445299999,18.940078801,0 73.45019161899999,18.940079585,0 73.450188778,18.940080349,0 73.450185932,18.940081095,0 73.45018308100001,18.940081821,0 73.45018022399999,18.940082528,0 73.45017736200001,18.940083216,0 73.450174495,18.940083884,0 73.450171623,18.940084534,0 73.45016874700001,18.940085164,0 73.45016586600001,18.940085774,0 73.45016298,18.940086365,0 73.45016009,18.940086937,0 73.45015719600001,18.940087489,0 73.450154298,18.940088022,0 73.45015139500001,18.940088536,0 73.45014849,18.940089029,0 73.45014558,18.940089504,0 73.45014266699999,18.940089958,0 73.45013975099999,18.940090394,0 73.450136832,18.940090809,0 73.45013391000001,18.940091205,0 73.450130984,18.940091581,0 73.450128056,18.940091938,0 73.450125126,18.940092274,0 73.450122193,18.940092592,0 73.450119258,18.940092889,0 73.45011632000001,18.940093167,0 73.45011338099999,18.940093425,0 73.45011044,18.940093663,0 73.450107497,18.940093881,0 73.450104553,18.94009408,0 73.45010160699999,18.940094258,0 73.45009865999999,18.940094417,0 73.45009571200001,18.940094556,0 73.450092763,18.940094676,0 73.45008981300001,18.940094775,0 73.45008686200001,18.940094855,0 73.45008391099999,18.940094915,0 73.450080959,18.940094954,0 73.45007800800001,18.940094975,0 73.450075056,18.940094975,0 73.450072104,18.940094955,0 73.450069153,18.940094916,0 73.450066201,18.940094856,0 73.450063251,18.940094777,0 73.45006030099999,18.940094678,0 73.450057352,18.94009456,0 73.450054403,18.940094421,0 73.450051456,18.940094263,0 73.45004851100001,18.940094084,0 73.450045566,18.940093886,0 73.450042623,18.940093668,0 73.450039682,18.940093431,0 73.450036743,18.940093173,0 73.450033805,18.940092896,0 73.45003087000001,18.940092599,0 73.450027937,18.940092283,0 73.450025006,18.940091946,0 73.450022078,18.94009159,0 73.450019153,18.940091215,0 73.45001623100001,18.940090819,0 73.45001331100001,18.940090404,0 73.45001039500001,18.94008997,0 73.450007482,18.940089516,0 73.450004573,18.940089042,0 73.450001667,18.940088548,0 73.449998765,18.940088036,0 73.44999586599999,18.940087503,0 73.449992972,18.940086951,0 73.449990082,18.94008638,0 73.449987196,18.940085789,0 73.44998431499999,18.940085179,0 73.44998143799999,18.94008455,0 73.449978566,18.940083901,0 73.44997569900001,18.940083233,0 73.449972837,18.940082546,0 73.44996998000001,18.940081839,0 73.449967128,18.940081114,0 73.449964282,18.940080369,0 73.449961442,18.940079605,0 73.449958607,18.940078822,0 73.449955778,18.940078019,0 73.449952955,18.940077198,0 73.44995013899999,18.940076358,0 73.44994732799999,18.940075499,0 73.449944524,18.940074621,0 73.449941727,18.940073725,0 73.449938936,18.940072809,0 73.449936153,18.940071875,0 73.449933376,18.940070922,0 73.449930606,18.940069951,0 73.449927844,18.94006896,0 73.449925089,18.940067952,0 73.44992234199999,18.940066924,0 73.44991960199999,18.940065879,0 73.44991687,18.940064815,0 73.449914147,18.940063732,0 73.449911431,18.940062632,0 73.44990872299999,18.940061513,0 73.449906024,18.940060376,0 73.449903334,18.940059221,0 73.449900652,18.940058047,0 73.449897979,18.940056856,0 73.449895314,18.940055647,0 73.449892659,18.94005442,0 73.449890013,18.940053175,0 73.44988737600001,18.940051912,0 73.44988474900001,18.940050632,0 73.449882131,18.940049334,0 73.44987952300001,18.940048018,0 73.449876925,18.940046685,0 73.449874337,18.940045335,0 73.449871759,18.940043967,0 73.449869191,18.940042582,0 73.449866633,18.940041179,0 73.44986408600001,18.94003976,0 73.44986154999999,18.940038323,0 73.44985902400001,18.940036869,0 73.449856509,18.940035399,0 73.44985400500001,18.940033911,0 73.449851512,18.940032407,0 73.449849031,18.940030886,0 73.449846561,18.940029348,0 73.449844102,18.940027794,0 73.449841655,18.940026223,0 73.449839219,18.940024636,0 73.449836796,18.940023033,0 73.449834384,18.940021413,0 73.449831985,18.940019777,0 73.44982959799999,18.940018125,0 73.449827223,18.940016457,0 73.44982486000001,18.940014773,0 73.44982251,18.940013074,0 73.44982017300001,18.940011358,0 73.449817848,18.940009627,0 73.44981553700001,18.94000788,0 73.449813238,18.940006118,0 73.449810953,18.94000434,0 73.44980868099999,18.940002547,0 73.44980642199999,18.940000739,0 73.449804177,18.939998916,0 73.449801945,18.939997077,0 73.449799727,18.939995224,0 73.449797523,18.939993356,0 73.449795333,18.939991472,0 73.449795333,18.939991472,0 73.4495103,18.940290661,0 73.44801230900001,18.938787472,0 73.449107032,18.938303514,0 73.44916744699999,18.93827696,0 73.449749901,18.938020952,0 73.449749901,18.938020952,0 73.449753966,18.938019204,0 73.449758046,18.938017488,0 73.44976214099999,18.938015807,0 73.449766252,18.93801416,0 73.449770378,18.938012547,0 73.449774518,18.938010968,0 73.44977867199999,18.938009423,0 73.449782841,18.938007913,0 73.449787023,18.938006437,0 73.449791218,18.938004996,0 73.449795427,18.93800359,0 73.449799648,18.938002219,0 73.449803882,18.938000883,0 73.449808127,18.937999582,0 73.449812385,18.937998316,0 73.449816653,18.937997085,0 73.449820933,18.93799589,0 73.44982522399999,18.93799473,0 73.449829525,18.937993606,0 73.449833836,18.937992517,0 73.449838157,18.937991464,0 73.449842487,18.937990447,0 73.449846827,18.937989466,0 73.44985117500001,18.937988521,0 73.449855532,18.937987611,0 73.449859897,18.937986738,0 73.44986427000001,18.937985901,0 73.44986865,18.937985101,0 73.44987303800001,18.937984336,0 73.44987743199999,18.937983608,0 73.44988183300001,18.937982917,0 73.44988624,18.937982261,0 73.44989065199999,18.937981643,0 73.449895071,18.937981061,0 73.44989949399999,18.937980515,0 73.449903922,18.937980006,0 73.44990835500001,18.937979534,0 73.44991279200001,18.937979099,0 73.449917232,18.9379787,0 73.449921676,18.937978338,0 73.449926124,18.937978013,0 73.44993057400001,18.937977724,0 73.44993502600001,18.937977473,0 73.449939481,18.937977258,0 73.449943937,18.93797708,0 73.44994839500001,18.93797694,0 73.449952854,18.937976836,0 73.449957314,18.937976769,0 73.449961774,18.937976739,0 73.44996623500001,18.937976745,0 73.449970695,18.937976789,0 73.449975155,18.93797687,0 73.449979613,18.937976987,0 73.449984071,18.937977142,0 73.449988526,18.937977333,0 73.44999298,18.937977561,0 73.449997432,18.937977827,0 73.45000188100001,18.937978129,0 73.450006327,18.937978467,0 73.45001077000001,18.937978843,0 73.450015209,18.937979255,0 73.450019645,18.937979704,0 73.45002407600001,18.93798019,0 73.450028502,18.937980713,0 73.450032924,18.937981272,0 73.45003733999999,18.937981867,0 73.450041751,18.9379825,0 73.450046155,18.937983168,0 73.450050554,18.937983873,0 73.45005494500001,18.937984615,0 73.45005933,18.937985393,0 73.450063708,18.937986207,0 73.450068078,18.937987057,0 73.45007244,18.937987943,0 73.450076794,18.937988866,0 73.45008113900001,18.937989825,0 73.45008547499999,18.937990819,0 73.45008980199999,18.937991849,0 73.450094119,18.937992915,0 73.450098427,18.937994017,0 73.450102724,18.937995155,0 73.450107011,18.937996328,0 73.45011128599999,18.937997536,0 73.450115551,18.93799878,0 73.450119804,18.938000059,0 73.450124045,18.938001373,0 73.45012827399999,18.938002722,0 73.45013249100001,18.938004106,0 73.45013669399999,18.938005525,0 73.450140885,18.938006979,0 73.450145062,18.938008467,0 73.45014922599999,18.93800999,0 73.450153375,18.938011548,0 73.45015751,18.938013139,0 73.45016163,18.938014765,0 73.450165735,18.938016425,0 73.450169825,18.938018119,0 73.45017389900001,18.938019846,0 73.45017795699999,18.938021608,0 73.45018199899999,18.938023402,0 73.45018602499999,18.93802523,0 73.450190033,18.938027092,0 73.450194025,18.938028986,0 73.450197999,18.938030914,0 73.450201955,18.938032874,0 73.450205893,18.938034867,0 73.450209812,18.938036893,0 73.450213713,18.938038951,0 73.450217596,18.938041041,0 73.450221458,18.938043163,0 73.45022530200001,18.938045317,0 73.45022912500001,18.938047503,0 73.45023292800001,18.93804972,0 73.450236711,18.938051969,0 73.45024047299999,18.938054249,0 73.450244215,18.93805656,0 73.45024793499999,18.938058902,0 73.45025163299999,18.938061274,0 73.45025531,18.938063677,0 73.450258964,18.938066111,0 73.450262596,18.938068575,0 73.45026620500001,18.938071068,0 73.450269792,18.938073592,0 73.45027335499999,18.938076145,0 73.450276895,18.938078727,0 73.45028041099999,18.938081339,0 73.450283903,18.938083979,0 73.450287371,18.938086649,0 73.450290814,18.938089347,0 73.450294232,18.938092073,0 73.45029762599999,18.938094828,0 73.450300994,18.938097611,0 73.450304336,18.938100421,0 73.450307653,18.938103259,0 73.45031094399999,18.938106124,0 73.45031420799999,18.938109017,0 73.450317446,18.938111936,0 73.450320656,18.938114882,0 73.45032384,18.938117855,0 73.450326997,18.938120853,0 73.450330126,18.938123878,0 73.450333227,18.938126929,0 73.4503363,18.938130005,0 73.450339345,18.938133106,0 73.450342362,18.938136233,0 73.45034535000001,18.938139384,0 73.45034830900001,18.93814256,0 73.450351238,18.938145761,0 73.450354139,18.938148985,0 73.450357009,18.938152234,0 73.45035985,18.938155506,0 73.450362661,18.938158801,0 73.45036544200001,18.93816212,0 73.450368192,18.938165461,0 73.450370912,18.938168825,0 73.450373601,18.938172212,0 73.450376259,18.938175621,0 73.45037888500001,18.938179051,0 73.45038148,18.938182503,0 73.450384043,18.938185977,0 73.450386575,18.938189471,0 73.450389074,18.938192987,0 73.450391541,18.938196523,0 73.450393976,18.938200079,0 73.45039637799999,18.938203655,0 73.450398748,18.938207251,0 73.45040108400001,18.938210867,0 73.45040338699999,18.938214501,0 73.450405657,18.938218155,0 73.45040789399999,18.938221827,0 73.450410097,18.938225518,0 73.450412266,18.938229227,0 73.450414401,18.938232953,0 73.450416502,18.938236697,0 73.450418568,18.938240459,0 73.4504206,18.938244237,0 73.450422598,18.938248032,0 73.45042456,18.938251843,0 73.45042648800001,18.938255671,0 73.45042838099999,18.938259514,0 73.45042838099999,18.938259514,0 73.45054459000001,18.938498184,0 73.451942453,18.938443634,0 73.45200886000001,18.938441043,0 73.452266585,18.938430984,0 73.451973137,18.939418423,0 
								</coordinates>
							</LinearRing>
						</outerBoundaryIs>
					</Polygon>
				</Placemark>
			</Folder>
		</Folder>
		<Folder>
			<name>Forest</name>
			<open>1</open>
			<Placemark>
				<name>Adit</name>
				<description>Component Name  :Adit

Village	  :Khand, Sawale
Taluka	  :Mawal
District 	  :Pune
		
	
Forest Details:
Circle	:Pune
Division	:Pune
Range	: Shirota
Compartment No	: 150

Proposed Forest area: 0.25 Ha</description>
				<styleUrl>#area25</styleUrl>
				<Polygon>
					<extrude>1</extrude>
					<outerBoundaryIs>
						<LinearRing>
							<coordinates>
								73.46377206699999,18.939991813,0 73.463788025,18.93991627,0 73.466684102,18.939484199,0 73.466661066,18.939560798,0 73.46377206699999,18.939991813,0 
							</coordinates>
						</LinearRing>
					</outerBoundaryIs>
				</Polygon>
			</Placemark>
			<Placemark>
				<name>Adit</name>
				<description>Component Name  :Adit
Village	  :Khand, Sawale
Taluka	  :Mawal
District 	  :Pune
		
	

Forest Details:
Circle	:Pune
Division	:Pune
Range	: Shirota
Compartment No	: 150

Proposed Forest area: 0.11 Ha</description>
				<styleUrl>#area25</styleUrl>
				<Polygon>
					<extrude>1</extrude>
					<outerBoundaryIs>
						<LinearRing>
							<coordinates>
								73.46708290700001,18.939497859,0 73.466795483,18.939540743,0 73.46681708200001,18.93946892,0 73.46681793,18.939464232,0 73.46707114100001,18.939426453,0 73.46707114100001,18.939426453,0 73.467074471,18.939425943,0 73.467077796,18.939425409,0 73.46708111700001,18.939424851,0 73.467084433,18.939424269,0 73.467087745,18.939423662,0 73.467091051,18.939423031,0 73.46709435299999,18.939422375,0 73.46709764800001,18.939421695,0 73.46710093900001,18.939420991,0 73.46710422300001,18.939420263,0 73.467107502,18.939419511,0 73.46711077400001,18.939418735,0 73.46711404,18.939417934,0 73.46711729899999,18.93941711,0 73.46712055099999,18.939416262,0 73.467123797,18.93941539,0 73.467127035,18.939414494,0 73.467130266,18.939413574,0 73.46713348900001,18.939412631,0 73.467136705,18.939411664,0 73.467139913,18.939410673,0 73.467143112,18.939409659,0 73.46714630300001,18.939408622,0 73.467149486,18.939407561,0 73.46715266,18.939406476,0 73.46715582500001,18.939405368,0 73.467158981,18.939404238,0 73.467162128,18.939403083,0 73.46716526500001,18.939401906,0 73.46716839299999,18.939400706,0 73.467171511,18.939399483,0 73.46717461900001,18.939398237,0 73.46717771599999,18.939396968,0 73.46718080300001,18.939395677,0 73.46718387999999,18.939394363,0 73.467186946,18.939393026,0 73.46719000100001,18.939391667,0 73.467193045,18.939390285,0 73.467196077,18.939388881,0 73.46719909799999,18.939387455,0 73.467202108,18.939386007,0 73.46720510500001,18.939384536,0 73.467208091,18.939383044,0 73.467211064,18.93938153,0 73.467214025,18.939379994,0 73.46721697300001,18.939378436,0 73.46721990899999,18.939376856,0 73.467222832,18.939375256,0 73.46722574099999,18.939373633,0 73.46722863799999,18.93937199,0 73.467231521,18.939370325,0 73.46723439,18.939368639,0 73.467237246,18.939366932,0 73.467240088,18.939365204,0 73.467242915,18.939363455,0 73.467245729,18.939361685,0 73.467248527,18.939359895,0 73.467251312,18.939358084,0 73.46725408099999,18.939356253,0 73.467256836,18.939354402,0 73.467259575,18.93935253,0 73.467262299,18.939350639,0 73.467265008,18.939348727,0 73.467267701,18.939346796,0 73.467270379,18.939344845,0 73.46727303999999,18.939342874,0 73.46727568599999,18.939340883,0 73.467278315,18.939338874,0 73.46728092799999,18.939336845,0 73.467283524,18.939334797,0 73.46728610300001,18.93933273,0 73.467288666,18.939330644,0 73.46729121200001,18.939328539,0 73.46729374,18.939326416,0 73.467296252,18.939324274,0 73.467298746,18.939322114,0 73.467301222,18.939319935,0 73.46730368,18.939317738,0 73.46730612099999,18.939315524,0 73.467308543,18.939313291,0 73.46731094800001,18.939311041,0 73.467313334,18.939308773,0 73.467315701,18.939306488,0 73.46731805,18.939304185,0 73.46732038,18.939301865,0 73.46732269100001,18.939299529,0 73.467324984,18.939297175,0 73.46732725699999,18.939294804,0 73.46732951,18.939292417,0 73.467331745,18.939290013,0 73.467333959,18.939287593,0 73.46733615399999,18.939285157,0 73.46733833,18.939282705,0 73.46734048499999,18.939280237,0 73.46734262,18.939277753,0 73.467344735,18.939275253,0 73.46734683,18.939272738,0 73.467348904,18.939270208,0 73.46735095699999,18.939267662,0 73.46735298999999,18.939265102,0 73.46735500200001,18.939262526,0 73.467356993,18.939259936,0 73.467358963,18.939257332,0 73.467360912,18.939254713,0 73.467362839,18.939252079,0 73.467364745,18.939249432,0 73.46736663,18.939246771,0 73.46736849200001,18.939244096,0 73.46737033300001,18.939241407,0 73.467372153,18.939238705,0 73.46737395,18.939235989,0 73.467375725,18.939233261,0 73.467377478,18.939230519,0 73.467379208,18.939227765,0 73.467380917,18.939224998,0 73.467382602,18.939222219,0 73.46738426500001,18.939219427,0 73.467385906,18.939216623,0 73.467387524,18.939213808,0 73.467389118,18.93921098,0 73.46739069,18.939208141,0 73.46739223900001,18.93920529,0 73.46739376399999,18.939202428,0 73.467395266,18.939199555,0 73.467396745,18.939196671,0 73.46739820000001,18.939193776,0 73.467399632,18.939190871,0 73.467401041,18.939187955,0 73.467402425,18.939185029,0 73.46740378600001,18.939182093,0 73.46740512300001,18.939179147,0 73.467406436,18.939176191,0 73.467407725,18.939173225,0 73.46740898900001,18.93917025,0 73.46741023,18.939167266,0 73.467411446,18.939164273,0 73.467412638,18.939161272,0 73.467413806,18.939158261,0 73.467414949,18.939155242,0 73.46741606800001,18.939152215,0 73.467417162,18.939149179,0 73.467418231,18.939146136,0 73.467419276,18.939143085,0 73.467420296,18.939140026,0 73.46742129099999,18.93913696,0 73.467422261,18.939133886,0 73.46742320600001,18.939130806,0 73.467424127,18.939127718,0 73.467425022,18.939124625,0 73.46742589199999,18.939121524,0 73.46742673599999,18.939118417,0 73.467427556,18.939115305,0 73.46742835000001,18.939112186,0 73.467429119,18.939109061,0 73.467429862,18.939105931,0 73.467430581,18.939102796,0 73.467431273,18.939099655,0 73.46743194,18.939096509,0 73.467432582,18.939093359,0 73.46743319799999,18.939090204,0 73.46743378799999,18.939087044,0 73.467434353,18.939083881,0 73.467434892,18.939080713,0 73.467435405,18.939077541,0 73.467435893,18.939074366,0 73.467436355,18.939071187,0 73.467436791,18.939068005,0 73.467437201,18.93906482,0 73.467437585,18.939061632,0 73.467437944,18.939058441,0 73.467438276,18.939055247,0 73.467438583,18.939052052,0 73.467438863,18.939048854,0 73.467439118,18.939045654,0 73.467439347,18.939042452,0 73.46743954900001,18.939039249,0 73.46743972599999,18.939036044,0 73.467439877,18.939032839,0 73.467440002,18.939029632,0 73.4674401,18.939026424,0 73.4674401,18.939026424,0 73.46745128800001,18.938607453,0 73.46752734899999,18.938604478,0 73.467516033,18.93902826,0 73.467516033,18.93902826,0 73.467515917,18.939032025,0 73.467515771,18.93903579,0 73.46751559400001,18.939039553,0 73.46751538700001,18.939043315,0 73.46751514899999,18.939047076,0 73.46751488,18.939050834,0 73.467514581,18.939054591,0 73.467514252,18.939058345,0 73.467513892,18.939062096,0 73.467513502,18.939065845,0 73.46751308100001,18.939069591,0 73.46751263,18.939073333,0 73.467512148,18.939077072,0 73.467511636,18.939080808,0 73.467511094,18.93908454,0 73.467510522,18.939088267,0 73.46750991899999,18.93909199,0 73.467509287,18.939095709,0 73.467508624,18.939099423,0 73.467507931,18.939103132,0 73.467507207,18.939106836,0 73.467506454,18.939110534,0 73.467505671,18.939114227,0 73.467504858,18.939117914,0 73.467504015,18.939121594,0 73.467503142,18.939125269,0 73.46750224,18.939128937,0 73.46750130700001,18.939132598,0 73.467500345,18.939136252,0 73.46749935299999,18.939139899,0 73.46749833200001,18.939143539,0 73.467497282,18.939147171,0 73.467496201,18.939150795,0 73.46749509199999,18.939154411,0 73.467493953,18.939158019,0 73.467492785,18.939161619,0 73.467491588,18.939165209,0 73.467490361,18.939168791,0 73.467489106,18.939172364,0 73.467487822,18.939175927,0 73.46748650799999,18.939179481,0 73.467485166,18.939183025,0 73.467483796,18.939186559,0 73.46748239599999,18.939190083,0 73.467480968,18.939193597,0 73.467479512,18.9391971,0 73.467478027,18.939200592,0 73.467476514,18.939204073,0 73.46747497299999,18.939207543,0 73.467473403,18.939211001,0 73.46747180600001,18.939214448,0 73.467470181,18.939217883,0 73.46746852699999,18.939221306,0 73.467466847,18.939224717,0 73.46746513799999,18.939228115,0 73.46746340200001,18.939231501,0 73.46746163900001,18.939234874,0 73.467459848,18.939238233,0 73.46745803,18.93924158,0 73.467456185,18.939244913,0 73.467454313,18.939248232,0 73.46745241399999,18.939251538,0 73.467450488,18.939254829,0 73.46744853600001,18.939258106,0 73.467446557,18.939261369,0 73.467444552,18.939264617,0 73.46744252000001,18.93926785,0 73.467440462,18.939271069,0 73.467438378,18.939274272,0 73.467436269,18.939277459,0 73.467434133,18.939280631,0 73.467431972,18.939283788,0 73.46742978499999,18.939286928,0 73.46742757299999,18.939290052,0 73.467425335,18.93929316,0 73.46742307300001,18.939296251,0 73.467420785,18.939299325,0 73.467418473,18.939302383,0 73.46741613499999,18.939305424,0 73.467413773,18.939308447,0 73.467411387,18.939311453,0 73.467408976,18.939314441,0 73.46740654200001,18.939317411,0 73.46740408300001,18.939320364,0 73.4674016,18.939323298,0 73.467399094,18.939326214,0 73.467396564,18.939329111,0 73.46739401000001,18.93933199,0 73.467391433,18.93933485,0 73.467388833,18.939337691,0 73.46738621,18.939340513,0 73.46738356500001,18.939343315,0 73.46738089599999,18.939346098,0 73.467378205,18.939348861,0 73.467375492,18.939351604,0 73.46737275700001,18.939354328,0 73.467369999,18.939357031,0 73.46736722,18.939359713,0 73.46736441900001,18.939362376,0 73.46736159699999,18.939365017,0 73.467358753,18.939367638,0 73.467355888,18.939370238,0 73.467353002,18.939372817,0 73.467350095,18.939375374,0 73.467347168,18.93937791,0 73.46734422,18.939380424,0 73.46734125099999,18.939382917,0 73.467338263,18.939385388,0 73.46733525400001,18.939387836,0 73.467332226,18.939390263,0 73.467329178,18.939392667,0 73.46732611100001,18.939395049,0 73.467323025,18.939397408,0 73.467319919,18.939399744,0 73.467316795,18.939402058,0 73.467313652,18.939404349,0 73.46731049,18.939406616,0 73.467307311,18.93940886,0 73.467304113,18.93941108,0 73.467300897,18.939413278,0 73.467297663,18.939415451,0 73.467294412,18.9394176,0 73.467291143,18.939419726,0 73.46728785800001,18.939421827,0 73.46728455500001,18.939423905,0 73.46728123600001,18.939425958,0 73.4672779,18.939427986,0 73.46727454800001,18.93942999,0 73.46727117899999,18.939431969,0 73.467267795,18.939433924,0 73.467264395,18.939435853,0 73.467260979,18.939437758,0 73.46725754800001,18.939439637,0 73.467254102,18.939441491,0 73.46725064100001,18.93944332,0 73.467247165,18.939445123,0 73.467243674,18.939446901,0 73.46724017,18.939448653,0 73.46723665099999,18.939450379,0 73.467233118,18.939452079,0 73.467229571,18.939453753,0 73.467226012,18.939455401,0 73.46722243799999,18.939457023,0 73.467218852,18.939458619,0 73.46721525300001,18.939460188,0 73.46721164100001,18.939461731,0 73.467208017,18.939463247,0 73.467204381,18.939464736,0 73.467200733,18.939466199,0 73.46719707299999,18.939467635,0 73.467193401,18.939469044,0 73.467189718,18.939470425,0 73.467186024,18.93947178,0 73.467182319,18.939473108,0 73.467178604,18.939474408,0 73.46717487799999,18.939475681,0 73.46717114099999,18.939476927,0 73.467167395,18.939478145,0 73.46716363900001,18.939479335,0 73.467159874,18.939480498,0 73.46715609899999,18.939481633,0 73.46715231500001,18.939482741,0 73.467148522,18.93948382,0 73.467144721,18.939484872,0 73.467140911,18.939485896,0 73.46713709300001,18.939486892,0 73.467133266,18.939487859,0 73.467129433,18.939488799,0 73.467125591,18.93948971,0 73.46712174300001,18.939490593,0 73.467117887,18.939491448,0 73.467114025,18.939492274,0 73.467110156,18.939493072,0 73.46710628,18.939493842,0 73.467102399,18.939494583,0 73.467098511,18.939495295,0 73.467094618,18.939495979,0 73.46709072,18.939496634,0 73.46708681600001,18.939497261,0 73.46708290700001,18.939497859,0 73.46708290700001,18.939497859,0 
							</coordinates>
						</LinearRing>
					</outerBoundaryIs>
				</Polygon>
			</Placemark>
			<Placemark>
				<name>Underground (HRT,Pressure Shaft, Surge shaft )</name>
				<description>Component Name  :Underground (HRT,Pressure Shaft, Surge shaft )

Village	  :Khand
Taluka	  :Mawal
District 	  :Pune
		
Forest Details:
Circle	:Pune
Division	:Pune
Range	: Shirota
Compartment No	: 150

Proposed Forest area: 0.48 Ha</description>
				<styleUrl>#area25</styleUrl>
				<Polygon>
					<extrude>1</extrude>
					<outerBoundaryIs>
						<LinearRing>
							<coordinates>
								73.46752734899999,18.938604478,0 73.46745128800001,18.938607453,0 73.467176221,18.938618211,0 73.467172322,18.938527938,0 73.47172335,18.938349893,0 73.471701354,18.938413881,0 73.471691644,18.938441559,0 73.46752734899999,18.938604478,0 
							</coordinates>
						</LinearRing>
					</outerBoundaryIs>
				</Polygon>
			</Placemark>
			<Folder>
				<name>Approach Road to Project Components</name>
				<open>1</open>
				<Placemark>
					<name>Approach Road to Project Components</name>
					<description>Component Name  :Approach Road to Project Components

Village	  :Sawale
Taluka	  :Mawal
District 	  :Pune
		

Forest Details:
Circle	:Pune
Division	:Pune
Range	: Shirota
Compartment No	: 14/P

Proposed Forest Area: 0.57 Ha</description>
					<styleUrl>#area25</styleUrl>
					<Polygon>
						<extrude>1</extrude>
						<outerBoundaryIs>
							<LinearRing>
								<coordinates>
									73.46350318499999,18.947248115,0 73.46354746199999,18.947355042,0 73.463618071,18.947527439,0 73.46367848200001,18.947621541,0 73.463790906,18.947751399,0 73.463976792,18.947920057,0 73.464089313,18.948026837,0 73.46424880799999,18.948174009,0 73.46440739800001,18.948281646,0 73.46454541,18.948350904,0 73.46464037200001,18.948465181,0 73.46475431099999,18.948629209,0 73.464828435,18.948730347,0 73.464904514,18.948837165,0 73.464961371,18.948935709,0 73.465039389,18.94900651,0 73.465181551,18.949201015,0 73.465199445,18.949227047,0 73.465292679,18.949577252,0 73.46507920800001,18.949266704,0 73.46494516999999,18.949083313,0 73.464862358,18.949008162,0 73.464799089,18.948898506,0 73.46472671399999,18.948796888,0 73.46465218100001,18.948695193,0 73.464540289,18.94853411,0 73.46446475899999,18.948443217,0 73.46434247400001,18.948381851,0 73.46416955399999,18.948264488,0 73.464002759,18.948110581,0 73.46389060600001,18.94800415,0 73.463700352,18.947831527,0 73.46357767799999,18.947689831,0 73.46350703100001,18.947579785,0 73.46343253400001,18.947397895,0 73.463387271,18.947288587,0 73.46332898999999,18.947125638,0 73.463270818,18.946940995,0 73.463234607,18.946803892,0 73.463362227,18.946805201,0 73.463389854,18.946909802,0 73.463446576,18.947089842,0 73.46350318499999,18.947248115,0 
								</coordinates>
							</LinearRing>
						</outerBoundaryIs>
					</Polygon>
				</Placemark>
				<Placemark>
					<name>Approach Road to Project Components</name>
					<description>Component Name  :Approach Road to Project Components

Village	  :Khand, Sawale
Taluka	  :Mawal
District 	  :Pune
		
Forest Details:
Circle	:Pune
Division	:Pune
Range	: Shirota
Compartment No	: 14/P

Proposed Forest Area : 0.68 Ha</description>
					<styleUrl>#area25</styleUrl>
					<Polygon>
						<extrude>1</extrude>
						<outerBoundaryIs>
							<LinearRing>
								<coordinates>
									73.46393988200001,18.940872393,0 73.463992702,18.941018306,0 73.464002139,18.94118917,0 73.463996772,18.941356732,0 73.463883155,18.941542883,0 73.463686381,18.941717954,0 73.463572185,18.941864134,0 73.46346705400001,18.942093893,0 73.463382268,18.942316583,0 73.463350371,18.942616042,0 73.46343314400001,18.942894356,0 73.463552245,18.943193147,0 73.463599362,18.943509338,0 73.46359664400001,18.943565298,0 73.463468069,18.943668397,0 73.46347552500001,18.943514919,0 73.463431962,18.943222578,0 73.463315834,18.942931243,0 73.463225194,18.942626478,0 73.463261006,18.942290259,0 73.463352328,18.942050402,0 73.463464671,18.941804885,0 73.46359395499999,18.941639389,0 73.463785559,18.941468919,0 73.46387434899999,18.941323446,0 73.463878608,18.941190465,0 73.463870351,18.941040953,0 73.463822431,18.940908576,0 73.463755089,18.940697289,0 73.46370075599999,18.940513818,0 73.463660969,18.940302744,0 73.463642099,18.940173385,0 73.463638832,18.940026537,0 73.46367915800001,18.939835638,0 73.463707242,18.93970269,0 73.463803685,18.939537631,0 73.463979682,18.939309925,0 73.464016046,18.939223383,0 73.464152068,18.939216027,0 73.464088445,18.939367443,0 73.46390775899999,18.939601217,0 73.463824464,18.939743774,0 73.463800169,18.939858784,0 73.463762523,18.940036993,0 73.46376535,18.940164035,0 73.463782893,18.940284294,0 73.463821189,18.940487459,0 73.46387356300001,18.940664313,0 73.46393988200001,18.940872393,0 
								</coordinates>
							</LinearRing>
						</outerBoundaryIs>
					</Polygon>
				</Placemark>
				<Placemark>
					<name>Approach Road to Project Components</name>
					<description>Component Name  :Approach Road to Project Components

Village	  :Khand, Sawale
Taluka	  :Mawal
District 	  :Pune

Forest Details:
Circle	:Pune
Division	:Pune
Range	: Shirota
Compartment No	: 14/P

Proposed Forest Area 0.39 Ha</description>
					<styleUrl>#area25</styleUrl>
					<Polygon>
						<extrude>1</extrude>
						<outerBoundaryIs>
							<LinearRing>
								<coordinates>
									73.466598164,18.940127285,0 73.466517071,18.940320305,0 73.466451359,18.94045904,0 73.466459378,18.940637033,0 73.466505411,18.940917613,0 73.46651310599999,18.941066158,0 73.466486789,18.94120867,0 73.466450326,18.941323567,0 73.46625097,18.941478339,0 73.466300593,18.941389092,0 73.466366495,18.941181432,0 73.466389142,18.941058795,0 73.46638244899999,18.940929596,0 73.466336355,18.940648643,0 73.46632678500001,18.940436206,0 73.466403447,18.940274352,0 73.466482387,18.940086458,0 73.46660866400001,18.939735044,0 73.466696574,18.939442727,0 73.46672847400001,18.939266327,0 73.466730165,18.938965715,0 73.46673528300001,18.938780816,0 73.46685894300001,18.938774068,0 73.466853587,18.938967575,0 73.46685184899999,18.939276671,0 73.46681708200001,18.93946892,0 73.466795483,18.939540743,0 73.46672647,18.939770224,0 73.466598164,18.940127285,0 
								</coordinates>
							</LinearRing>
						</outerBoundaryIs>
					</Polygon>
				</Placemark>
				<Placemark>
					<name>Approach Road to Project Components</name>
					<description>Component Name  :Approach Road to Project Components

Village	  :Khand
Taluka	  :Mawal
District 	  :Pune

Forest Details:
Circle	:Pune
Division	:Pune
Range	: Shirota
Compartment No	: 150

Proposed Forest area: 0.01 Ha</description>
					<styleUrl>#area25</styleUrl>
					<Polygon>
						<extrude>1</extrude>
						<outerBoundaryIs>
							<LinearRing>
								<coordinates>
									73.46073864500001,18.938302456,0 73.46067184100001,18.938300871,0 73.460657384,18.938127892,0 73.46072330200001,18.938118874,0 73.46073864500001,18.938302456,0 
								</coordinates>
							</LinearRing>
						</outerBoundaryIs>
					</Polygon>
				</Placemark>
			</Folder>
			<Folder>
				<name>Surface Penstock</name>
				<open>1</open>
				<Placemark>
					<name>Surface Penstock</name>
					<description>Component Name  :Surface Penstoack

illage	  :Bhivpuri Camp 
Taluka	  :Karjat
District 	  :Raigad
		
Forest Details:
Circle	:Pune
Division	:Pune
Range	: Shirota
Compartment No	: 121

Proposed Forest area: 5.62 Ha
</description>
					<styleUrl>#area25</styleUrl>
					<Polygon>
						<extrude>1</extrude>
						<outerBoundaryIs>
							<LinearRing>
								<coordinates>
									73.457364012,18.939581662,0 73.457367375,18.939582781,0 73.452062213,18.939869383,0 73.452018966,18.939576863,0 73.451973137,18.939418423,0 73.452266585,18.938430984,0 73.453613201,18.938378422,0 73.455180665,18.938883832,0 73.45596456299999,18.939116758,0 73.457364012,18.939581662,0 
								</coordinates>
							</LinearRing>
						</outerBoundaryIs>
					</Polygon>
				</Placemark>
				<Placemark>
					<name>Surface Penstoack</name>
					<description>Component Name  :Surface Penstoack

Village	  :Khand, Sawale
Taluka	  :Mawal
District 	  :Pune

Forest Details:
Circle	:Pune
Division	:Pune
Range	: Shirota
Compartment No	: 150

Proposed Forest area: 10.60 Ha</description>
					<styleUrl>#area25</styleUrl>
					<Polygon>
						<extrude>1</extrude>
						<outerBoundaryIs>
							<LinearRing>
								<coordinates>
									73.467102797,18.938760763,0 73.46685894300001,18.938774068,0 73.46673528300001,18.938780816,0 73.466527571,18.938792149,0 73.466267667,18.938947621,0 73.464713979,18.939008371,0 73.464701471,18.939186318,0 73.464152068,18.939216027,0 73.464016046,18.939223383,0 73.457573557,18.93957164,0 73.45770935500001,18.939159716,0 73.45786160199999,18.938648152,0 73.457914415,18.938497925,0 73.459692252,18.93825993,0 73.460311813,18.93817517,0 73.46067184100001,18.938300871,0 73.46073864500001,18.938302456,0 73.464673162,18.938148673,0 73.464684746,18.93833133,0 73.466238428,18.93827058,0 73.466510861,18.938405236,0 73.467083077,18.938391748,0 73.467172322,18.938527938,0 73.467176221,18.938618211,0 73.467102797,18.938760763,0 
								</coordinates>
							</LinearRing>
						</outerBoundaryIs>
					</Polygon>
				</Placemark>
			</Folder>
		</Folder>
	</Folder>
</Document>
</kml>
