<?xml version="1.0" encoding="UTF-8"?>
<kml xmlns="http://www.opengis.net/kml/2.2" xmlns:gx="http://www.google.com/kml/ext/2.2" xmlns:kml="http://www.opengis.net/kml/2.2" xmlns:atom="http://www.w3.org/2005/Atom">
<Document id="Layers" xsi:schemaLocation="http://www.opengis.net/kml/2.2 http://schemas.opengis.net/kml/2.2.0/ogckml22.xsd http://www.google.com/kml/ext/2.2 http://code.google.com/apis/kml/schema/kml22gx.xsd">
	<name>Layers</name>
	<Snippet maxLines="0"></Snippet>
	<Style id="IconStyle00">
		<IconStyle>
			<scale>0.1875</scale>
			<Icon>
				<href>Layer0_Symbol_11fda910_0.png</href>
			</Icon>
		</IconStyle>
		<LabelStyle>
			<color>ff000000</color>
			<scale>0.666667</scale>
		</LabelStyle>
		<PolyStyle>
			<color>ff000000</color>
			<outline>0</outline>
		</PolyStyle>
	</Style>
	<Style id="PolyStyle10">
		<LabelStyle>
			<color>00000000</color>
			<scale>0</scale>
		</LabelStyle>
		<LineStyle>
			<color>b2000000</color>
			<width>0.4</width>
		</LineStyle>
		<PolyStyle>
			<color>b2beffff</color>
		</PolyStyle>
	</Style>
	<Style id="PolyStyle124">
		<LabelStyle>
			<color>00000000</color>
			<scale>0</scale>
		</LabelStyle>
		<LineStyle>
			<color>b26e6e6e</color>
			<width>0.4</width>
		</LineStyle>
		<PolyStyle>
			<color>b273ffa3</color>
		</PolyStyle>
	</Style>
	<Style id="PolyStyle128">
		<LabelStyle>
			<color>00000000</color>
			<scale>0</scale>
		</LabelStyle>
		<LineStyle>
			<color>b26e6e6e</color>
			<width>0.4</width>
		</LineStyle>
		<PolyStyle>
			<color>b2ffd2be</color>
		</PolyStyle>
	</Style>
	<Style id="PolyStyle133">
		<LabelStyle>
			<color>00000000</color>
			<scale>0</scale>
		</LabelStyle>
		<LineStyle>
			<color>b26e6e6e</color>
			<width>0.4</width>
		</LineStyle>
		<PolyStyle>
			<color>b29ed7d7</color>
		</PolyStyle>
	</Style>
	<Style id="PolyStyle135">
		<LabelStyle>
			<color>00000000</color>
			<scale>0</scale>
		</LabelStyle>
		<LineStyle>
			<color>b26e6e6e</color>
			<width>0.4</width>
		</LineStyle>
		<PolyStyle>
			<color>b2fcd7fc</color>
		</PolyStyle>
	</Style>
	<Style id="PolyStyle14">
		<LabelStyle>
			<color>00000000</color>
			<scale>0</scale>
		</LabelStyle>
		<LineStyle>
			<color>b26e6e6e</color>
			<width>0.4</width>
		</LineStyle>
		<PolyStyle>
			<color>b2afebff</color>
		</PolyStyle>
	</Style>
	<Style id="PolyStyle144">
		<LabelStyle>
			<color>00000000</color>
			<scale>0</scale>
		</LabelStyle>
		<LineStyle>
			<color>b26e6e6e</color>
			<width>0.4</width>
		</LineStyle>
		<PolyStyle>
			<color>b2d7eafc</color>
		</PolyStyle>
	</Style>
	<Style id="PolyStyle168">
		<LabelStyle>
			<color>00000000</color>
			<scale>0</scale>
		</LabelStyle>
		<LineStyle>
			<color>b26e6e6e</color>
			<width>0.4</width>
		</LineStyle>
		<PolyStyle>
			<color>b2fbfcc2</color>
		</PolyStyle>
	</Style>
	<Style id="PolyStyle169">
		<LabelStyle>
			<color>00000000</color>
			<scale>0</scale>
		</LabelStyle>
		<LineStyle>
			<color>b26e6e6e</color>
			<width>0.4</width>
		</LineStyle>
		<PolyStyle>
			<color>b29e9ed7</color>
		</PolyStyle>
	</Style>
	<Style id="PolyStyle170">
		<LabelStyle>
			<color>00000000</color>
			<scale>0</scale>
		</LabelStyle>
		<LineStyle>
			<color>b26e6e6e</color>
			<width>0.4</width>
		</LineStyle>
		<PolyStyle>
			<color>b2ffb273</color>
		</PolyStyle>
	</Style>
	<Folder id="FeatureLayer0">
		<name>POINT</name>
		<Snippet maxLines="0"></Snippet>
		<Placemark id="ID_00000">
			<name>185</name>
			<Snippet maxLines="0"></Snippet>
			<description><![CDATA[<html xmlns:fo="http://www.w3.org/1999/XSL/Format" xmlns:msxsl="urn:schemas-microsoft-com:xslt">

<head>

<META http-equiv="Content-Type" content="text/html">

<meta http-equiv="content-type" content="text/html; charset=UTF-8">

</head>

<body style="margin:0px 0px 0px 0px;overflow:auto;background:#FFFFFF;">

<table style="font-family:Arial,Verdana,Times;font-size:12px;text-align:left;width:100%;border-collapse:collapse;padding:3px 3px 3px 3px">

<tr style="text-align:center;font-weight:bold;background:#9CBCE2">

<td></td>

</tr>

<tr>

<td>

<table style="font-family:Arial,Verdana,Times;font-size:12px;text-align:left;width:100%;border-spacing:0px; padding:3px 3px 3px 3px">

<tr>

<td>FID</td>

<td>1</td>

</tr>

<tr bgcolor="#D4E4F3">

<td>GUT_NO</td>

<td>185</td>

</tr>

</table>

</td>

</tr>

</table>

</body>

</html>]]></description>
			<styleUrl>#IconStyle00</styleUrl>
			<Point>
				<coordinates>80.34359257154087,19.58580931058502,0</coordinates>
			</Point>
		</Placemark>
		<Placemark id="ID_00001">
			<name>184</name>
			<Snippet maxLines="0"></Snippet>
			<description><![CDATA[<html xmlns:fo="http://www.w3.org/1999/XSL/Format" xmlns:msxsl="urn:schemas-microsoft-com:xslt">

<head>

<META http-equiv="Content-Type" content="text/html">

<meta http-equiv="content-type" content="text/html; charset=UTF-8">

</head>

<body style="margin:0px 0px 0px 0px;overflow:auto;background:#FFFFFF;">

<table style="font-family:Arial,Verdana,Times;font-size:12px;text-align:left;width:100%;border-collapse:collapse;padding:3px 3px 3px 3px">

<tr style="text-align:center;font-weight:bold;background:#9CBCE2">

<td></td>

</tr>

<tr>

<td>

<table style="font-family:Arial,Verdana,Times;font-size:12px;text-align:left;width:100%;border-spacing:0px; padding:3px 3px 3px 3px">

<tr>

<td>FID</td>

<td>2</td>

</tr>

<tr bgcolor="#D4E4F3">

<td>GUT_NO</td>

<td>184</td>

</tr>

</table>

</td>

</tr>

</table>

</body>

</html>]]></description>
			<styleUrl>#IconStyle00</styleUrl>
			<Point>
				<coordinates>80.346508556503,19.5861200065187,0</coordinates>
			</Point>
		</Placemark>
		<Placemark id="ID_00002">
			<name>186</name>
			<Snippet maxLines="0"></Snippet>
			<description><![CDATA[<html xmlns:fo="http://www.w3.org/1999/XSL/Format" xmlns:msxsl="urn:schemas-microsoft-com:xslt">

<head>

<META http-equiv="Content-Type" content="text/html">

<meta http-equiv="content-type" content="text/html; charset=UTF-8">

</head>

<body style="margin:0px 0px 0px 0px;overflow:auto;background:#FFFFFF;">

<table style="font-family:Arial,Verdana,Times;font-size:12px;text-align:left;width:100%;border-collapse:collapse;padding:3px 3px 3px 3px">

<tr style="text-align:center;font-weight:bold;background:#9CBCE2">

<td></td>

</tr>

<tr>

<td>

<table style="font-family:Arial,Verdana,Times;font-size:12px;text-align:left;width:100%;border-spacing:0px; padding:3px 3px 3px 3px">

<tr>

<td>FID</td>

<td>3</td>

</tr>

<tr bgcolor="#D4E4F3">

<td>GUT_NO</td>

<td>186</td>

</tr>

</table>

</td>

</tr>

</table>

</body>

</html>]]></description>
			<styleUrl>#IconStyle00</styleUrl>
			<Point>
				<coordinates>80.34437005122557,19.58701254871356,0</coordinates>
			</Point>
		</Placemark>
		<Placemark id="ID_00003">
			<name>187</name>
			<Snippet maxLines="0"></Snippet>
			<description><![CDATA[<html xmlns:fo="http://www.w3.org/1999/XSL/Format" xmlns:msxsl="urn:schemas-microsoft-com:xslt">

<head>

<META http-equiv="Content-Type" content="text/html">

<meta http-equiv="content-type" content="text/html; charset=UTF-8">

</head>

<body style="margin:0px 0px 0px 0px;overflow:auto;background:#FFFFFF;">

<table style="font-family:Arial,Verdana,Times;font-size:12px;text-align:left;width:100%;border-collapse:collapse;padding:3px 3px 3px 3px">

<tr style="text-align:center;font-weight:bold;background:#9CBCE2">

<td></td>

</tr>

<tr>

<td>

<table style="font-family:Arial,Verdana,Times;font-size:12px;text-align:left;width:100%;border-spacing:0px; padding:3px 3px 3px 3px">

<tr>

<td>FID</td>

<td>4</td>

</tr>

<tr bgcolor="#D4E4F3">

<td>GUT_NO</td>

<td>187</td>

</tr>

</table>

</td>

</tr>

</table>

</body>

</html>]]></description>
			<styleUrl>#IconStyle00</styleUrl>
			<Point>
				<coordinates>80.34529561192213,19.58729766242099,0</coordinates>
			</Point>
		</Placemark>
		<Placemark id="ID_00004">
			<name>205 (P)</name>
			<Snippet maxLines="0"></Snippet>
			<description><![CDATA[<html xmlns:fo="http://www.w3.org/1999/XSL/Format" xmlns:msxsl="urn:schemas-microsoft-com:xslt">

<head>

<META http-equiv="Content-Type" content="text/html">

<meta http-equiv="content-type" content="text/html; charset=UTF-8">

</head>

<body style="margin:0px 0px 0px 0px;overflow:auto;background:#FFFFFF;">

<table style="font-family:Arial,Verdana,Times;font-size:12px;text-align:left;width:100%;border-collapse:collapse;padding:3px 3px 3px 3px">

<tr style="text-align:center;font-weight:bold;background:#9CBCE2">

<td></td>

</tr>

<tr>

<td>

<table style="font-family:Arial,Verdana,Times;font-size:12px;text-align:left;width:100%;border-spacing:0px; padding:3px 3px 3px 3px">

<tr>

<td>FID</td>

<td>5</td>

</tr>

<tr bgcolor="#D4E4F3">

<td>GUT_NO</td>

<td>205 (P)</td>

</tr>

</table>

</td>

</tr>

</table>

</body>

</html>]]></description>
			<styleUrl>#IconStyle00</styleUrl>
			<Point>
				<coordinates>80.33605912934974,19.58743018117838,0</coordinates>
			</Point>
		</Placemark>
		<Placemark id="ID_00005">
			<name>188</name>
			<Snippet maxLines="0"></Snippet>
			<description><![CDATA[<html xmlns:fo="http://www.w3.org/1999/XSL/Format" xmlns:msxsl="urn:schemas-microsoft-com:xslt">

<head>

<META http-equiv="Content-Type" content="text/html">

<meta http-equiv="content-type" content="text/html; charset=UTF-8">

</head>

<body style="margin:0px 0px 0px 0px;overflow:auto;background:#FFFFFF;">

<table style="font-family:Arial,Verdana,Times;font-size:12px;text-align:left;width:100%;border-collapse:collapse;padding:3px 3px 3px 3px">

<tr style="text-align:center;font-weight:bold;background:#9CBCE2">

<td></td>

</tr>

<tr>

<td>

<table style="font-family:Arial,Verdana,Times;font-size:12px;text-align:left;width:100%;border-spacing:0px; padding:3px 3px 3px 3px">

<tr>

<td>FID</td>

<td>6</td>

</tr>

<tr bgcolor="#D4E4F3">

<td>GUT_NO</td>

<td>188</td>

</tr>

</table>

</td>

</tr>

</table>

</body>

</html>]]></description>
			<styleUrl>#IconStyle00</styleUrl>
			<Point>
				<coordinates>80.34532467987125,19.58748954001855,0</coordinates>
			</Point>
		</Placemark>
		<Placemark id="ID_00006">
			<name>190</name>
			<Snippet maxLines="0"></Snippet>
			<description><![CDATA[<html xmlns:fo="http://www.w3.org/1999/XSL/Format" xmlns:msxsl="urn:schemas-microsoft-com:xslt">

<head>

<META http-equiv="Content-Type" content="text/html">

<meta http-equiv="content-type" content="text/html; charset=UTF-8">

</head>

<body style="margin:0px 0px 0px 0px;overflow:auto;background:#FFFFFF;">

<table style="font-family:Arial,Verdana,Times;font-size:12px;text-align:left;width:100%;border-collapse:collapse;padding:3px 3px 3px 3px">

<tr style="text-align:center;font-weight:bold;background:#9CBCE2">

<td></td>

</tr>

<tr>

<td>

<table style="font-family:Arial,Verdana,Times;font-size:12px;text-align:left;width:100%;border-spacing:0px; padding:3px 3px 3px 3px">

<tr>

<td>FID</td>

<td>7</td>

</tr>

<tr bgcolor="#D4E4F3">

<td>GUT_NO</td>

<td>190</td>

</tr>

</table>

</td>

</tr>

</table>

</body>

</html>]]></description>
			<styleUrl>#IconStyle00</styleUrl>
			<Point>
				<coordinates>80.34763736267058,19.58775192930394,0</coordinates>
			</Point>
		</Placemark>
		<Placemark id="ID_00007">
			<name>191</name>
			<Snippet maxLines="0"></Snippet>
			<description><![CDATA[<html xmlns:fo="http://www.w3.org/1999/XSL/Format" xmlns:msxsl="urn:schemas-microsoft-com:xslt">

<head>

<META http-equiv="Content-Type" content="text/html">

<meta http-equiv="content-type" content="text/html; charset=UTF-8">

</head>

<body style="margin:0px 0px 0px 0px;overflow:auto;background:#FFFFFF;">

<table style="font-family:Arial,Verdana,Times;font-size:12px;text-align:left;width:100%;border-collapse:collapse;padding:3px 3px 3px 3px">

<tr style="text-align:center;font-weight:bold;background:#9CBCE2">

<td></td>

</tr>

<tr>

<td>

<table style="font-family:Arial,Verdana,Times;font-size:12px;text-align:left;width:100%;border-spacing:0px; padding:3px 3px 3px 3px">

<tr>

<td>FID</td>

<td>8</td>

</tr>

<tr bgcolor="#D4E4F3">

<td>GUT_NO</td>

<td>191</td>

</tr>

</table>

</td>

</tr>

</table>

</body>

</html>]]></description>
			<styleUrl>#IconStyle00</styleUrl>
			<Point>
				<coordinates>80.3469821623747,19.58796550551204,0</coordinates>
			</Point>
		</Placemark>
		<Placemark id="ID_00008">
			<name>189</name>
			<Snippet maxLines="0"></Snippet>
			<description><![CDATA[<html xmlns:fo="http://www.w3.org/1999/XSL/Format" xmlns:msxsl="urn:schemas-microsoft-com:xslt">

<head>

<META http-equiv="Content-Type" content="text/html">

<meta http-equiv="content-type" content="text/html; charset=UTF-8">

</head>

<body style="margin:0px 0px 0px 0px;overflow:auto;background:#FFFFFF;">

<table style="font-family:Arial,Verdana,Times;font-size:12px;text-align:left;width:100%;border-collapse:collapse;padding:3px 3px 3px 3px">

<tr style="text-align:center;font-weight:bold;background:#9CBCE2">

<td></td>

</tr>

<tr>

<td>

<table style="font-family:Arial,Verdana,Times;font-size:12px;text-align:left;width:100%;border-spacing:0px; padding:3px 3px 3px 3px">

<tr>

<td>FID</td>

<td>9</td>

</tr>

<tr bgcolor="#D4E4F3">

<td>GUT_NO</td>

<td>189</td>

</tr>

</table>

</td>

</tr>

</table>

</body>

</html>]]></description>
			<styleUrl>#IconStyle00</styleUrl>
			<Point>
				<coordinates>80.34501300682145,19.58794691482957,0</coordinates>
			</Point>
		</Placemark>
		<Placemark id="ID_00009">
			<name>192</name>
			<Snippet maxLines="0"></Snippet>
			<description><![CDATA[<html xmlns:fo="http://www.w3.org/1999/XSL/Format" xmlns:msxsl="urn:schemas-microsoft-com:xslt">

<head>

<META http-equiv="Content-Type" content="text/html">

<meta http-equiv="content-type" content="text/html; charset=UTF-8">

</head>

<body style="margin:0px 0px 0px 0px;overflow:auto;background:#FFFFFF;">

<table style="font-family:Arial,Verdana,Times;font-size:12px;text-align:left;width:100%;border-collapse:collapse;padding:3px 3px 3px 3px">

<tr style="text-align:center;font-weight:bold;background:#9CBCE2">

<td></td>

</tr>

<tr>

<td>

<table style="font-family:Arial,Verdana,Times;font-size:12px;text-align:left;width:100%;border-spacing:0px; padding:3px 3px 3px 3px">

<tr>

<td>FID</td>

<td>10</td>

</tr>

<tr bgcolor="#D4E4F3">

<td>GUT_NO</td>

<td>192</td>

</tr>

</table>

</td>

</tr>

</table>

</body>

</html>]]></description>
			<styleUrl>#IconStyle00</styleUrl>
			<Point>
				<coordinates>80.34688045698317,19.58869297301877,0</coordinates>
			</Point>
		</Placemark>
		<Placemark id="ID_00010">
			<name>182</name>
			<Snippet maxLines="0"></Snippet>
			<description><![CDATA[<html xmlns:fo="http://www.w3.org/1999/XSL/Format" xmlns:msxsl="urn:schemas-microsoft-com:xslt">

<head>

<META http-equiv="Content-Type" content="text/html">

<meta http-equiv="content-type" content="text/html; charset=UTF-8">

</head>

<body style="margin:0px 0px 0px 0px;overflow:auto;background:#FFFFFF;">

<table style="font-family:Arial,Verdana,Times;font-size:12px;text-align:left;width:100%;border-collapse:collapse;padding:3px 3px 3px 3px">

<tr style="text-align:center;font-weight:bold;background:#9CBCE2">

<td></td>

</tr>

<tr>

<td>

<table style="font-family:Arial,Verdana,Times;font-size:12px;text-align:left;width:100%;border-spacing:0px; padding:3px 3px 3px 3px">

<tr>

<td>FID</td>

<td>11</td>

</tr>

<tr bgcolor="#D4E4F3">

<td>GUT_NO</td>

<td>182</td>

</tr>

</table>

</td>

</tr>

</table>

</body>

</html>]]></description>
			<styleUrl>#IconStyle00</styleUrl>
			<Point>
				<coordinates>80.35358969616669,19.58911424834036,0</coordinates>
			</Point>
		</Placemark>
		<Placemark id="ID_00011">
			<name>203</name>
			<Snippet maxLines="0"></Snippet>
			<description><![CDATA[<html xmlns:fo="http://www.w3.org/1999/XSL/Format" xmlns:msxsl="urn:schemas-microsoft-com:xslt">

<head>

<META http-equiv="Content-Type" content="text/html">

<meta http-equiv="content-type" content="text/html; charset=UTF-8">

</head>

<body style="margin:0px 0px 0px 0px;overflow:auto;background:#FFFFFF;">

<table style="font-family:Arial,Verdana,Times;font-size:12px;text-align:left;width:100%;border-collapse:collapse;padding:3px 3px 3px 3px">

<tr style="text-align:center;font-weight:bold;background:#9CBCE2">

<td></td>

</tr>

<tr>

<td>

<table style="font-family:Arial,Verdana,Times;font-size:12px;text-align:left;width:100%;border-spacing:0px; padding:3px 3px 3px 3px">

<tr>

<td>FID</td>

<td>12</td>

</tr>

<tr bgcolor="#D4E4F3">

<td>GUT_NO</td>

<td>203</td>

</tr>

</table>

</td>

</tr>

</table>

</body>

</html>]]></description>
			<styleUrl>#IconStyle00</styleUrl>
			<Point>
				<coordinates>80.34081326747241,19.59028719507448,0</coordinates>
			</Point>
		</Placemark>
		<Placemark id="ID_00012">
			<name>183</name>
			<Snippet maxLines="0"></Snippet>
			<description><![CDATA[<html xmlns:fo="http://www.w3.org/1999/XSL/Format" xmlns:msxsl="urn:schemas-microsoft-com:xslt">

<head>

<META http-equiv="Content-Type" content="text/html">

<meta http-equiv="content-type" content="text/html; charset=UTF-8">

</head>

<body style="margin:0px 0px 0px 0px;overflow:auto;background:#FFFFFF;">

<table style="font-family:Arial,Verdana,Times;font-size:12px;text-align:left;width:100%;border-collapse:collapse;padding:3px 3px 3px 3px">

<tr style="text-align:center;font-weight:bold;background:#9CBCE2">

<td></td>

</tr>

<tr>

<td>

<table style="font-family:Arial,Verdana,Times;font-size:12px;text-align:left;width:100%;border-spacing:0px; padding:3px 3px 3px 3px">

<tr>

<td>FID</td>

<td>13</td>

</tr>

<tr bgcolor="#D4E4F3">

<td>GUT_NO</td>

<td>183</td>

</tr>

</table>

</td>

</tr>

</table>

</body>

</html>]]></description>
			<styleUrl>#IconStyle00</styleUrl>
			<Point>
				<coordinates>80.35324862613673,19.5901224068101,0</coordinates>
			</Point>
		</Placemark>
		<Placemark id="ID_00013">
			<name>202</name>
			<Snippet maxLines="0"></Snippet>
			<description><![CDATA[<html xmlns:fo="http://www.w3.org/1999/XSL/Format" xmlns:msxsl="urn:schemas-microsoft-com:xslt">

<head>

<META http-equiv="Content-Type" content="text/html">

<meta http-equiv="content-type" content="text/html; charset=UTF-8">

</head>

<body style="margin:0px 0px 0px 0px;overflow:auto;background:#FFFFFF;">

<table style="font-family:Arial,Verdana,Times;font-size:12px;text-align:left;width:100%;border-collapse:collapse;padding:3px 3px 3px 3px">

<tr style="text-align:center;font-weight:bold;background:#9CBCE2">

<td></td>

</tr>

<tr>

<td>

<table style="font-family:Arial,Verdana,Times;font-size:12px;text-align:left;width:100%;border-spacing:0px; padding:3px 3px 3px 3px">

<tr>

<td>FID</td>

<td>14</td>

</tr>

<tr bgcolor="#D4E4F3">

<td>GUT_NO</td>

<td>202</td>

</tr>

</table>

</td>

</tr>

</table>

</body>

</html>]]></description>
			<styleUrl>#IconStyle00</styleUrl>
			<Point>
				<coordinates>80.34048034325093,19.59092012248954,0</coordinates>
			</Point>
		</Placemark>
		<Placemark id="ID_00014">
			<name>194</name>
			<Snippet maxLines="0"></Snippet>
			<description><![CDATA[<html xmlns:fo="http://www.w3.org/1999/XSL/Format" xmlns:msxsl="urn:schemas-microsoft-com:xslt">

<head>

<META http-equiv="Content-Type" content="text/html">

<meta http-equiv="content-type" content="text/html; charset=UTF-8">

</head>

<body style="margin:0px 0px 0px 0px;overflow:auto;background:#FFFFFF;">

<table style="font-family:Arial,Verdana,Times;font-size:12px;text-align:left;width:100%;border-collapse:collapse;padding:3px 3px 3px 3px">

<tr style="text-align:center;font-weight:bold;background:#9CBCE2">

<td></td>

</tr>

<tr>

<td>

<table style="font-family:Arial,Verdana,Times;font-size:12px;text-align:left;width:100%;border-spacing:0px; padding:3px 3px 3px 3px">

<tr>

<td>FID</td>

<td>15</td>

</tr>

<tr bgcolor="#D4E4F3">

<td>GUT_NO</td>

<td>194</td>

</tr>

</table>

</td>

</tr>

</table>

</body>

</html>]]></description>
			<styleUrl>#IconStyle00</styleUrl>
			<Point>
				<coordinates>80.34637648189133,19.59386689275321,0</coordinates>
			</Point>
		</Placemark>
		<Placemark id="ID_00015">
			<name>195</name>
			<Snippet maxLines="0"></Snippet>
			<description><![CDATA[<html xmlns:fo="http://www.w3.org/1999/XSL/Format" xmlns:msxsl="urn:schemas-microsoft-com:xslt">

<head>

<META http-equiv="Content-Type" content="text/html">

<meta http-equiv="content-type" content="text/html; charset=UTF-8">

</head>

<body style="margin:0px 0px 0px 0px;overflow:auto;background:#FFFFFF;">

<table style="font-family:Arial,Verdana,Times;font-size:12px;text-align:left;width:100%;border-collapse:collapse;padding:3px 3px 3px 3px">

<tr style="text-align:center;font-weight:bold;background:#9CBCE2">

<td></td>

</tr>

<tr>

<td>

<table style="font-family:Arial,Verdana,Times;font-size:12px;text-align:left;width:100%;border-spacing:0px; padding:3px 3px 3px 3px">

<tr>

<td>FID</td>

<td>16</td>

</tr>

<tr bgcolor="#D4E4F3">

<td>GUT_NO</td>

<td>195</td>

</tr>

</table>

</td>

</tr>

</table>

</body>

</html>]]></description>
			<styleUrl>#IconStyle00</styleUrl>
			<Point>
				<coordinates>80.34538132899206,19.594224131886,0</coordinates>
			</Point>
		</Placemark>
		<Placemark id="ID_00016">
			<name>193</name>
			<Snippet maxLines="0"></Snippet>
			<description><![CDATA[<html xmlns:fo="http://www.w3.org/1999/XSL/Format" xmlns:msxsl="urn:schemas-microsoft-com:xslt">

<head>

<META http-equiv="Content-Type" content="text/html">

<meta http-equiv="content-type" content="text/html; charset=UTF-8">

</head>

<body style="margin:0px 0px 0px 0px;overflow:auto;background:#FFFFFF;">

<table style="font-family:Arial,Verdana,Times;font-size:12px;text-align:left;width:100%;border-collapse:collapse;padding:3px 3px 3px 3px">

<tr style="text-align:center;font-weight:bold;background:#9CBCE2">

<td></td>

</tr>

<tr>

<td>

<table style="font-family:Arial,Verdana,Times;font-size:12px;text-align:left;width:100%;border-spacing:0px; padding:3px 3px 3px 3px">

<tr>

<td>FID</td>

<td>17</td>

</tr>

<tr bgcolor="#D4E4F3">

<td>GUT_NO</td>

<td>193</td>

</tr>

</table>

</td>

</tr>

</table>

</body>

</html>]]></description>
			<styleUrl>#IconStyle00</styleUrl>
			<Point>
				<coordinates>80.34761040796681,19.59409814337819,0</coordinates>
			</Point>
		</Placemark>
		<Placemark id="ID_00017">
			<name>201</name>
			<Snippet maxLines="0"></Snippet>
			<description><![CDATA[<html xmlns:fo="http://www.w3.org/1999/XSL/Format" xmlns:msxsl="urn:schemas-microsoft-com:xslt">

<head>

<META http-equiv="Content-Type" content="text/html">

<meta http-equiv="content-type" content="text/html; charset=UTF-8">

</head>

<body style="margin:0px 0px 0px 0px;overflow:auto;background:#FFFFFF;">

<table style="font-family:Arial,Verdana,Times;font-size:12px;text-align:left;width:100%;border-collapse:collapse;padding:3px 3px 3px 3px">

<tr style="text-align:center;font-weight:bold;background:#9CBCE2">

<td></td>

</tr>

<tr>

<td>

<table style="font-family:Arial,Verdana,Times;font-size:12px;text-align:left;width:100%;border-spacing:0px; padding:3px 3px 3px 3px">

<tr>

<td>FID</td>

<td>18</td>

</tr>

<tr bgcolor="#D4E4F3">

<td>GUT_NO</td>

<td>201</td>

</tr>

</table>

</td>

</tr>

</table>

</body>

</html>]]></description>
			<styleUrl>#IconStyle00</styleUrl>
			<Point>
				<coordinates>80.33758280222742,19.59453682323996,0</coordinates>
			</Point>
		</Placemark>
		<Placemark id="ID_00018">
			<name>196</name>
			<Snippet maxLines="0"></Snippet>
			<description><![CDATA[<html xmlns:fo="http://www.w3.org/1999/XSL/Format" xmlns:msxsl="urn:schemas-microsoft-com:xslt">

<head>

<META http-equiv="Content-Type" content="text/html">

<meta http-equiv="content-type" content="text/html; charset=UTF-8">

</head>

<body style="margin:0px 0px 0px 0px;overflow:auto;background:#FFFFFF;">

<table style="font-family:Arial,Verdana,Times;font-size:12px;text-align:left;width:100%;border-collapse:collapse;padding:3px 3px 3px 3px">

<tr style="text-align:center;font-weight:bold;background:#9CBCE2">

<td></td>

</tr>

<tr>

<td>

<table style="font-family:Arial,Verdana,Times;font-size:12px;text-align:left;width:100%;border-spacing:0px; padding:3px 3px 3px 3px">

<tr>

<td>FID</td>

<td>19</td>

</tr>

<tr bgcolor="#D4E4F3">

<td>GUT_NO</td>

<td>196</td>

</tr>

</table>

</td>

</tr>

</table>

</body>

</html>]]></description>
			<styleUrl>#IconStyle00</styleUrl>
			<Point>
				<coordinates>80.34639923730967,19.59475289304714,0</coordinates>
			</Point>
		</Placemark>
		<Placemark id="ID_00019">
			<name>197</name>
			<Snippet maxLines="0"></Snippet>
			<description><![CDATA[<html xmlns:fo="http://www.w3.org/1999/XSL/Format" xmlns:msxsl="urn:schemas-microsoft-com:xslt">

<head>

<META http-equiv="Content-Type" content="text/html">

<meta http-equiv="content-type" content="text/html; charset=UTF-8">

</head>

<body style="margin:0px 0px 0px 0px;overflow:auto;background:#FFFFFF;">

<table style="font-family:Arial,Verdana,Times;font-size:12px;text-align:left;width:100%;border-collapse:collapse;padding:3px 3px 3px 3px">

<tr style="text-align:center;font-weight:bold;background:#9CBCE2">

<td></td>

</tr>

<tr>

<td>

<table style="font-family:Arial,Verdana,Times;font-size:12px;text-align:left;width:100%;border-spacing:0px; padding:3px 3px 3px 3px">

<tr>

<td>FID</td>

<td>20</td>

</tr>

<tr bgcolor="#D4E4F3">

<td>GUT_NO</td>

<td>197</td>

</tr>

</table>

</td>

</tr>

</table>

</body>

</html>]]></description>
			<styleUrl>#IconStyle00</styleUrl>
			<Point>
				<coordinates>80.3474258507599,19.59538587347162,0</coordinates>
			</Point>
		</Placemark>
		<Placemark id="ID_00020">
			<name>198</name>
			<Snippet maxLines="0"></Snippet>
			<description><![CDATA[<html xmlns:fo="http://www.w3.org/1999/XSL/Format" xmlns:msxsl="urn:schemas-microsoft-com:xslt">

<head>

<META http-equiv="Content-Type" content="text/html">

<meta http-equiv="content-type" content="text/html; charset=UTF-8">

</head>

<body style="margin:0px 0px 0px 0px;overflow:auto;background:#FFFFFF;">

<table style="font-family:Arial,Verdana,Times;font-size:12px;text-align:left;width:100%;border-collapse:collapse;padding:3px 3px 3px 3px">

<tr style="text-align:center;font-weight:bold;background:#9CBCE2">

<td></td>

</tr>

<tr>

<td>

<table style="font-family:Arial,Verdana,Times;font-size:12px;text-align:left;width:100%;border-spacing:0px; padding:3px 3px 3px 3px">

<tr>

<td>FID</td>

<td>21</td>

</tr>

<tr bgcolor="#D4E4F3">

<td>GUT_NO</td>

<td>198</td>

</tr>

</table>

</td>

</tr>

</table>

</body>

</html>]]></description>
			<styleUrl>#IconStyle00</styleUrl>
			<Point>
				<coordinates>80.34753822861948,19.59606858180461,0</coordinates>
			</Point>
		</Placemark>
		<Placemark id="ID_00021">
			<name>200 (P)</name>
			<Snippet maxLines="0"></Snippet>
			<description><![CDATA[<html xmlns:fo="http://www.w3.org/1999/XSL/Format" xmlns:msxsl="urn:schemas-microsoft-com:xslt">

<head>

<META http-equiv="Content-Type" content="text/html">

<meta http-equiv="content-type" content="text/html; charset=UTF-8">

</head>

<body style="margin:0px 0px 0px 0px;overflow:auto;background:#FFFFFF;">

<table style="font-family:Arial,Verdana,Times;font-size:12px;text-align:left;width:100%;border-collapse:collapse;padding:3px 3px 3px 3px">

<tr style="text-align:center;font-weight:bold;background:#9CBCE2">

<td></td>

</tr>

<tr>

<td>

<table style="font-family:Arial,Verdana,Times;font-size:12px;text-align:left;width:100%;border-spacing:0px; padding:3px 3px 3px 3px">

<tr>

<td>FID</td>

<td>22</td>

</tr>

<tr bgcolor="#D4E4F3">

<td>GUT_NO</td>

<td>200 (P)</td>

</tr>

</table>

</td>

</tr>

</table>

</body>

</html>]]></description>
			<styleUrl>#IconStyle00</styleUrl>
			<Point>
				<coordinates>80.33873677112626,19.5972302653779,0</coordinates>
			</Point>
		</Placemark>
		<Placemark id="ID_00022">
			<name>199</name>
			<Snippet maxLines="0"></Snippet>
			<description><![CDATA[<html xmlns:fo="http://www.w3.org/1999/XSL/Format" xmlns:msxsl="urn:schemas-microsoft-com:xslt">

<head>

<META http-equiv="Content-Type" content="text/html">

<meta http-equiv="content-type" content="text/html; charset=UTF-8">

</head>

<body style="margin:0px 0px 0px 0px;overflow:auto;background:#FFFFFF;">

<table style="font-family:Arial,Verdana,Times;font-size:12px;text-align:left;width:100%;border-collapse:collapse;padding:3px 3px 3px 3px">

<tr style="text-align:center;font-weight:bold;background:#9CBCE2">

<td></td>

</tr>

<tr>

<td>

<table style="font-family:Arial,Verdana,Times;font-size:12px;text-align:left;width:100%;border-spacing:0px; padding:3px 3px 3px 3px">

<tr>

<td>FID</td>

<td>23</td>

</tr>

<tr bgcolor="#D4E4F3">

<td>GUT_NO</td>

<td>199</td>

</tr>

</table>

</td>

</tr>

</table>

</body>

</html>]]></description>
			<styleUrl>#IconStyle00</styleUrl>
			<Point>
				<coordinates>80.3398479255041,19.59747515104855,0</coordinates>
			</Point>
		</Placemark>
		<Placemark id="ID_00023">
			<name>18</name>
			<Snippet maxLines="0"></Snippet>
			<description><![CDATA[<html xmlns:fo="http://www.w3.org/1999/XSL/Format" xmlns:msxsl="urn:schemas-microsoft-com:xslt">

<head>

<META http-equiv="Content-Type" content="text/html">

<meta http-equiv="content-type" content="text/html; charset=UTF-8">

</head>

<body style="margin:0px 0px 0px 0px;overflow:auto;background:#FFFFFF;">

<table style="font-family:Arial,Verdana,Times;font-size:12px;text-align:left;width:100%;border-collapse:collapse;padding:3px 3px 3px 3px">

<tr style="text-align:center;font-weight:bold;background:#9CBCE2">

<td></td>

</tr>

<tr>

<td>

<table style="font-family:Arial,Verdana,Times;font-size:12px;text-align:left;width:100%;border-spacing:0px; padding:3px 3px 3px 3px">

<tr>

<td>FID</td>

<td>24</td>

</tr>

<tr bgcolor="#D4E4F3">

<td>GUT_NO</td>

<td>18</td>

</tr>

</table>

</td>

</tr>

</table>

</body>

</html>]]></description>
			<styleUrl>#IconStyle00</styleUrl>
			<Point>
				<coordinates>80.35036187552448,19.59724658584108,0</coordinates>
			</Point>
		</Placemark>
		<Placemark id="ID_00024">
			<name>84</name>
			<Snippet maxLines="0"></Snippet>
			<description><![CDATA[<html xmlns:fo="http://www.w3.org/1999/XSL/Format" xmlns:msxsl="urn:schemas-microsoft-com:xslt">

<head>

<META http-equiv="Content-Type" content="text/html">

<meta http-equiv="content-type" content="text/html; charset=UTF-8">

</head>

<body style="margin:0px 0px 0px 0px;overflow:auto;background:#FFFFFF;">

<table style="font-family:Arial,Verdana,Times;font-size:12px;text-align:left;width:100%;border-collapse:collapse;padding:3px 3px 3px 3px">

<tr style="text-align:center;font-weight:bold;background:#9CBCE2">

<td></td>

</tr>

<tr>

<td>

<table style="font-family:Arial,Verdana,Times;font-size:12px;text-align:left;width:100%;border-spacing:0px; padding:3px 3px 3px 3px">

<tr>

<td>FID</td>

<td>26</td>

</tr>

<tr bgcolor="#D4E4F3">

<td>GUT_NO</td>

<td>84</td>

</tr>

</table>

</td>

</tr>

</table>

</body>

</html>]]></description>
			<styleUrl>#IconStyle00</styleUrl>
			<Point>
				<coordinates>80.34863845574209,19.59765105865402,0</coordinates>
			</Point>
		</Placemark>
		<Placemark id="ID_00025">
			<name>217 (P)</name>
			<Snippet maxLines="0"></Snippet>
			<description><![CDATA[<html xmlns:fo="http://www.w3.org/1999/XSL/Format" xmlns:msxsl="urn:schemas-microsoft-com:xslt">

<head>

<META http-equiv="Content-Type" content="text/html">

<meta http-equiv="content-type" content="text/html; charset=UTF-8">

</head>

<body style="margin:0px 0px 0px 0px;overflow:auto;background:#FFFFFF;">

<table style="font-family:Arial,Verdana,Times;font-size:12px;text-align:left;width:100%;border-collapse:collapse;padding:3px 3px 3px 3px">

<tr style="text-align:center;font-weight:bold;background:#9CBCE2">

<td></td>

</tr>

<tr>

<td>

<table style="font-family:Arial,Verdana,Times;font-size:12px;text-align:left;width:100%;border-spacing:0px; padding:3px 3px 3px 3px">

<tr>

<td>FID</td>

<td>27</td>

</tr>

<tr bgcolor="#D4E4F3">

<td>GUT_NO</td>

<td>217 (P)</td>

</tr>

</table>

</td>

</tr>

</table>

</body>

</html>]]></description>
			<styleUrl>#IconStyle00</styleUrl>
			<Point>
				<coordinates>80.34372372726457,19.59122351960199,0</coordinates>
			</Point>
		</Placemark>
		<Placemark id="ID_00026">
			<name>79 (P)</name>
			<Snippet maxLines="0"></Snippet>
			<description><![CDATA[<html xmlns:fo="http://www.w3.org/1999/XSL/Format" xmlns:msxsl="urn:schemas-microsoft-com:xslt">

<head>

<META http-equiv="Content-Type" content="text/html">

<meta http-equiv="content-type" content="text/html; charset=UTF-8">

</head>

<body style="margin:0px 0px 0px 0px;overflow:auto;background:#FFFFFF;">

<table style="font-family:Arial,Verdana,Times;font-size:12px;text-align:left;width:100%;border-collapse:collapse;padding:3px 3px 3px 3px">

<tr style="text-align:center;font-weight:bold;background:#9CBCE2">

<td></td>

</tr>

<tr>

<td>

<table style="font-family:Arial,Verdana,Times;font-size:12px;text-align:left;width:100%;border-spacing:0px; padding:3px 3px 3px 3px">

<tr>

<td>FID</td>

<td>28</td>

</tr>

<tr bgcolor="#D4E4F3">

<td>GUT_NO</td>

<td>79 (P)</td>

</tr>

</table>

</td>

</tr>

</table>

</body>

</html>]]></description>
			<styleUrl>#IconStyle00</styleUrl>
			<Point>
				<coordinates>80.38133986747022,19.5992389101767,0</coordinates>
			</Point>
		</Placemark>
		<Placemark id="ID_00027">
			<name>17/1,17/2,17/3</name>
			<Snippet maxLines="0"></Snippet>
			<description><![CDATA[<html xmlns:fo="http://www.w3.org/1999/XSL/Format" xmlns:msxsl="urn:schemas-microsoft-com:xslt">

<head>

<META http-equiv="Content-Type" content="text/html">

<meta http-equiv="content-type" content="text/html; charset=UTF-8">

</head>

<body style="margin:0px 0px 0px 0px;overflow:auto;background:#FFFFFF;">

<table style="font-family:Arial,Verdana,Times;font-size:12px;text-align:left;width:100%;border-collapse:collapse;padding:3px 3px 3px 3px">

<tr style="text-align:center;font-weight:bold;background:#9CBCE2">

<td></td>

</tr>

<tr>

<td>

<table style="font-family:Arial,Verdana,Times;font-size:12px;text-align:left;width:100%;border-spacing:0px; padding:3px 3px 3px 3px">

<tr>

<td>FID</td>

<td>29</td>

</tr>

<tr bgcolor="#D4E4F3">

<td>GUT_NO</td>

<td>17/1,17/2,17/3</td>

</tr>

</table>

</td>

</tr>

</table>

</body>

</html>]]></description>
			<styleUrl>#IconStyle00</styleUrl>
			<Point>
				<coordinates>80.35678233889138,19.60051977434708,0</coordinates>
			</Point>
		</Placemark>
		<Placemark id="ID_00028">
			<name>72</name>
			<Snippet maxLines="0"></Snippet>
			<description><![CDATA[<html xmlns:fo="http://www.w3.org/1999/XSL/Format" xmlns:msxsl="urn:schemas-microsoft-com:xslt">

<head>

<META http-equiv="Content-Type" content="text/html">

<meta http-equiv="content-type" content="text/html; charset=UTF-8">

</head>

<body style="margin:0px 0px 0px 0px;overflow:auto;background:#FFFFFF;">

<table style="font-family:Arial,Verdana,Times;font-size:12px;text-align:left;width:100%;border-collapse:collapse;padding:3px 3px 3px 3px">

<tr style="text-align:center;font-weight:bold;background:#9CBCE2">

<td></td>

</tr>

<tr>

<td>

<table style="font-family:Arial,Verdana,Times;font-size:12px;text-align:left;width:100%;border-spacing:0px; padding:3px 3px 3px 3px">

<tr>

<td>FID</td>

<td>30</td>

</tr>

<tr bgcolor="#D4E4F3">

<td>GUT_NO</td>

<td>72</td>

</tr>

</table>

</td>

</tr>

</table>

</body>

</html>]]></description>
			<styleUrl>#IconStyle00</styleUrl>
			<Point>
				<coordinates>80.37097181804029,19.60110722773486,0</coordinates>
			</Point>
		</Placemark>
		<Placemark id="ID_00029">
			<name>75</name>
			<Snippet maxLines="0"></Snippet>
			<description><![CDATA[<html xmlns:fo="http://www.w3.org/1999/XSL/Format" xmlns:msxsl="urn:schemas-microsoft-com:xslt">

<head>

<META http-equiv="Content-Type" content="text/html">

<meta http-equiv="content-type" content="text/html; charset=UTF-8">

</head>

<body style="margin:0px 0px 0px 0px;overflow:auto;background:#FFFFFF;">

<table style="font-family:Arial,Verdana,Times;font-size:12px;text-align:left;width:100%;border-collapse:collapse;padding:3px 3px 3px 3px">

<tr style="text-align:center;font-weight:bold;background:#9CBCE2">

<td></td>

</tr>

<tr>

<td>

<table style="font-family:Arial,Verdana,Times;font-size:12px;text-align:left;width:100%;border-spacing:0px; padding:3px 3px 3px 3px">

<tr>

<td>FID</td>

<td>31</td>

</tr>

<tr bgcolor="#D4E4F3">

<td>GUT_NO</td>

<td>75</td>

</tr>

</table>

</td>

</tr>

</table>

</body>

</html>]]></description>
			<styleUrl>#IconStyle00</styleUrl>
			<Point>
				<coordinates>80.37506117194729,19.60165787551883,0</coordinates>
			</Point>
		</Placemark>
		<Placemark id="ID_00030">
			<name>77</name>
			<Snippet maxLines="0"></Snippet>
			<description><![CDATA[<html xmlns:fo="http://www.w3.org/1999/XSL/Format" xmlns:msxsl="urn:schemas-microsoft-com:xslt">

<head>

<META http-equiv="Content-Type" content="text/html">

<meta http-equiv="content-type" content="text/html; charset=UTF-8">

</head>

<body style="margin:0px 0px 0px 0px;overflow:auto;background:#FFFFFF;">

<table style="font-family:Arial,Verdana,Times;font-size:12px;text-align:left;width:100%;border-collapse:collapse;padding:3px 3px 3px 3px">

<tr style="text-align:center;font-weight:bold;background:#9CBCE2">

<td></td>

</tr>

<tr>

<td>

<table style="font-family:Arial,Verdana,Times;font-size:12px;text-align:left;width:100%;border-spacing:0px; padding:3px 3px 3px 3px">

<tr>

<td>FID</td>

<td>32</td>

</tr>

<tr bgcolor="#D4E4F3">

<td>GUT_NO</td>

<td>77</td>

</tr>

</table>

</td>

</tr>

</table>

</body>

</html>]]></description>
			<styleUrl>#IconStyle00</styleUrl>
			<Point>
				<coordinates>80.37704023691657,19.60169525453927,0</coordinates>
			</Point>
		</Placemark>
		<Placemark id="ID_00031">
			<name>78</name>
			<Snippet maxLines="0"></Snippet>
			<description><![CDATA[<html xmlns:fo="http://www.w3.org/1999/XSL/Format" xmlns:msxsl="urn:schemas-microsoft-com:xslt">

<head>

<META http-equiv="Content-Type" content="text/html">

<meta http-equiv="content-type" content="text/html; charset=UTF-8">

</head>

<body style="margin:0px 0px 0px 0px;overflow:auto;background:#FFFFFF;">

<table style="font-family:Arial,Verdana,Times;font-size:12px;text-align:left;width:100%;border-collapse:collapse;padding:3px 3px 3px 3px">

<tr style="text-align:center;font-weight:bold;background:#9CBCE2">

<td></td>

</tr>

<tr>

<td>

<table style="font-family:Arial,Verdana,Times;font-size:12px;text-align:left;width:100%;border-spacing:0px; padding:3px 3px 3px 3px">

<tr>

<td>FID</td>

<td>33</td>

</tr>

<tr bgcolor="#D4E4F3">

<td>GUT_NO</td>

<td>78</td>

</tr>

</table>

</td>

</tr>

</table>

</body>

</html>]]></description>
			<styleUrl>#IconStyle00</styleUrl>
			<Point>
				<coordinates>80.37849849043943,19.60175415274193,0</coordinates>
			</Point>
		</Placemark>
		<Placemark id="ID_00032">
			<name>56 (P)</name>
			<Snippet maxLines="0"></Snippet>
			<description><![CDATA[<html xmlns:fo="http://www.w3.org/1999/XSL/Format" xmlns:msxsl="urn:schemas-microsoft-com:xslt">

<head>

<META http-equiv="Content-Type" content="text/html">

<meta http-equiv="content-type" content="text/html; charset=UTF-8">

</head>

<body style="margin:0px 0px 0px 0px;overflow:auto;background:#FFFFFF;">

<table style="font-family:Arial,Verdana,Times;font-size:12px;text-align:left;width:100%;border-collapse:collapse;padding:3px 3px 3px 3px">

<tr style="text-align:center;font-weight:bold;background:#9CBCE2">

<td></td>

</tr>

<tr>

<td>

<table style="font-family:Arial,Verdana,Times;font-size:12px;text-align:left;width:100%;border-spacing:0px; padding:3px 3px 3px 3px">

<tr>

<td>FID</td>

<td>34</td>

</tr>

<tr bgcolor="#D4E4F3">

<td>GUT_NO</td>

<td>56 (P)</td>

</tr>

</table>

</td>

</tr>

</table>

</body>

</html>]]></description>
			<styleUrl>#IconStyle00</styleUrl>
			<Point>
				<coordinates>80.37676392856966,19.60225819120359,0</coordinates>
			</Point>
		</Placemark>
		<Placemark id="ID_00033">
			<name>76</name>
			<Snippet maxLines="0"></Snippet>
			<description><![CDATA[<html xmlns:fo="http://www.w3.org/1999/XSL/Format" xmlns:msxsl="urn:schemas-microsoft-com:xslt">

<head>

<META http-equiv="Content-Type" content="text/html">

<meta http-equiv="content-type" content="text/html; charset=UTF-8">

</head>

<body style="margin:0px 0px 0px 0px;overflow:auto;background:#FFFFFF;">

<table style="font-family:Arial,Verdana,Times;font-size:12px;text-align:left;width:100%;border-collapse:collapse;padding:3px 3px 3px 3px">

<tr style="text-align:center;font-weight:bold;background:#9CBCE2">

<td></td>

</tr>

<tr>

<td>

<table style="font-family:Arial,Verdana,Times;font-size:12px;text-align:left;width:100%;border-spacing:0px; padding:3px 3px 3px 3px">

<tr>

<td>FID</td>

<td>35</td>

</tr>

<tr bgcolor="#D4E4F3">

<td>GUT_NO</td>

<td>76</td>

</tr>

</table>

</td>

</tr>

</table>

</body>

</html>]]></description>
			<styleUrl>#IconStyle00</styleUrl>
			<Point>
				<coordinates>80.37528141959541,19.60208938206083,0</coordinates>
			</Point>
		</Placemark>
		<Placemark id="ID_00034">
			<name>56 (P)</name>
			<Snippet maxLines="0"></Snippet>
			<description><![CDATA[<html xmlns:fo="http://www.w3.org/1999/XSL/Format" xmlns:msxsl="urn:schemas-microsoft-com:xslt">

<head>

<META http-equiv="Content-Type" content="text/html">

<meta http-equiv="content-type" content="text/html; charset=UTF-8">

</head>

<body style="margin:0px 0px 0px 0px;overflow:auto;background:#FFFFFF;">

<table style="font-family:Arial,Verdana,Times;font-size:12px;text-align:left;width:100%;border-collapse:collapse;padding:3px 3px 3px 3px">

<tr style="text-align:center;font-weight:bold;background:#9CBCE2">

<td></td>

</tr>

<tr>

<td>

<table style="font-family:Arial,Verdana,Times;font-size:12px;text-align:left;width:100%;border-spacing:0px; padding:3px 3px 3px 3px">

<tr>

<td>FID</td>

<td>37</td>

</tr>

<tr bgcolor="#D4E4F3">

<td>GUT_NO</td>

<td>56 (P)</td>

</tr>

</table>

</td>

</tr>

</table>

</body>

</html>]]></description>
			<styleUrl>#IconStyle00</styleUrl>
			<Point>
				<coordinates>80.37384917460381,19.60239193178592,0</coordinates>
			</Point>
		</Placemark>
		<Placemark id="ID_00035">
			<name>74</name>
			<Snippet maxLines="0"></Snippet>
			<description><![CDATA[<html xmlns:fo="http://www.w3.org/1999/XSL/Format" xmlns:msxsl="urn:schemas-microsoft-com:xslt">

<head>

<META http-equiv="Content-Type" content="text/html">

<meta http-equiv="content-type" content="text/html; charset=UTF-8">

</head>

<body style="margin:0px 0px 0px 0px;overflow:auto;background:#FFFFFF;">

<table style="font-family:Arial,Verdana,Times;font-size:12px;text-align:left;width:100%;border-collapse:collapse;padding:3px 3px 3px 3px">

<tr style="text-align:center;font-weight:bold;background:#9CBCE2">

<td></td>

</tr>

<tr>

<td>

<table style="font-family:Arial,Verdana,Times;font-size:12px;text-align:left;width:100%;border-spacing:0px; padding:3px 3px 3px 3px">

<tr>

<td>FID</td>

<td>38</td>

</tr>

<tr bgcolor="#D4E4F3">

<td>GUT_NO</td>

<td>74</td>

</tr>

</table>

</td>

</tr>

</table>

</body>

</html>]]></description>
			<styleUrl>#IconStyle00</styleUrl>
			<Point>
				<coordinates>80.37427146844904,19.60139290639856,0</coordinates>
			</Point>
		</Placemark>
		<Placemark id="ID_00036">
			<name>73</name>
			<Snippet maxLines="0"></Snippet>
			<description><![CDATA[<html xmlns:fo="http://www.w3.org/1999/XSL/Format" xmlns:msxsl="urn:schemas-microsoft-com:xslt">

<head>

<META http-equiv="Content-Type" content="text/html">

<meta http-equiv="content-type" content="text/html; charset=UTF-8">

</head>

<body style="margin:0px 0px 0px 0px;overflow:auto;background:#FFFFFF;">

<table style="font-family:Arial,Verdana,Times;font-size:12px;text-align:left;width:100%;border-collapse:collapse;padding:3px 3px 3px 3px">

<tr style="text-align:center;font-weight:bold;background:#9CBCE2">

<td></td>

</tr>

<tr>

<td>

<table style="font-family:Arial,Verdana,Times;font-size:12px;text-align:left;width:100%;border-spacing:0px; padding:3px 3px 3px 3px">

<tr>

<td>FID</td>

<td>39</td>

</tr>

<tr bgcolor="#D4E4F3">

<td>GUT_NO</td>

<td>73</td>

</tr>

</table>

</td>

</tr>

</table>

</body>

</html>]]></description>
			<styleUrl>#IconStyle00</styleUrl>
			<Point>
				<coordinates>80.37259131522445,19.60211506596134,0</coordinates>
			</Point>
		</Placemark>
		<Placemark id="ID_00037">
			<name>71</name>
			<Snippet maxLines="0"></Snippet>
			<description><![CDATA[<html xmlns:fo="http://www.w3.org/1999/XSL/Format" xmlns:msxsl="urn:schemas-microsoft-com:xslt">

<head>

<META http-equiv="Content-Type" content="text/html">

<meta http-equiv="content-type" content="text/html; charset=UTF-8">

</head>

<body style="margin:0px 0px 0px 0px;overflow:auto;background:#FFFFFF;">

<table style="font-family:Arial,Verdana,Times;font-size:12px;text-align:left;width:100%;border-collapse:collapse;padding:3px 3px 3px 3px">

<tr style="text-align:center;font-weight:bold;background:#9CBCE2">

<td></td>

</tr>

<tr>

<td>

<table style="font-family:Arial,Verdana,Times;font-size:12px;text-align:left;width:100%;border-spacing:0px; padding:3px 3px 3px 3px">

<tr>

<td>FID</td>

<td>40</td>

</tr>

<tr bgcolor="#D4E4F3">

<td>GUT_NO</td>

<td>71</td>

</tr>

</table>

</td>

</tr>

</table>

</body>

</html>]]></description>
			<styleUrl>#IconStyle00</styleUrl>
			<Point>
				<coordinates>80.37105995849919,19.60206767391599,0</coordinates>
			</Point>
		</Placemark>
		<Placemark id="ID_00038">
			<name>70</name>
			<Snippet maxLines="0"></Snippet>
			<description><![CDATA[<html xmlns:fo="http://www.w3.org/1999/XSL/Format" xmlns:msxsl="urn:schemas-microsoft-com:xslt">

<head>

<META http-equiv="Content-Type" content="text/html">

<meta http-equiv="content-type" content="text/html; charset=UTF-8">

</head>

<body style="margin:0px 0px 0px 0px;overflow:auto;background:#FFFFFF;">

<table style="font-family:Arial,Verdana,Times;font-size:12px;text-align:left;width:100%;border-collapse:collapse;padding:3px 3px 3px 3px">

<tr style="text-align:center;font-weight:bold;background:#9CBCE2">

<td></td>

</tr>

<tr>

<td>

<table style="font-family:Arial,Verdana,Times;font-size:12px;text-align:left;width:100%;border-spacing:0px; padding:3px 3px 3px 3px">

<tr>

<td>FID</td>

<td>41</td>

</tr>

<tr bgcolor="#D4E4F3">

<td>GUT_NO</td>

<td>70</td>

</tr>

</table>

</td>

</tr>

</table>

</body>

</html>]]></description>
			<styleUrl>#IconStyle00</styleUrl>
			<Point>
				<coordinates>80.37051098584092,19.60220751707153,0</coordinates>
			</Point>
		</Placemark>
		<Placemark id="ID_00039">
			<name>69</name>
			<Snippet maxLines="0"></Snippet>
			<description><![CDATA[<html xmlns:fo="http://www.w3.org/1999/XSL/Format" xmlns:msxsl="urn:schemas-microsoft-com:xslt">

<head>

<META http-equiv="Content-Type" content="text/html">

<meta http-equiv="content-type" content="text/html; charset=UTF-8">

</head>

<body style="margin:0px 0px 0px 0px;overflow:auto;background:#FFFFFF;">

<table style="font-family:Arial,Verdana,Times;font-size:12px;text-align:left;width:100%;border-collapse:collapse;padding:3px 3px 3px 3px">

<tr style="text-align:center;font-weight:bold;background:#9CBCE2">

<td></td>

</tr>

<tr>

<td>

<table style="font-family:Arial,Verdana,Times;font-size:12px;text-align:left;width:100%;border-spacing:0px; padding:3px 3px 3px 3px">

<tr>

<td>FID</td>

<td>42</td>

</tr>

<tr bgcolor="#D4E4F3">

<td>GUT_NO</td>

<td>69</td>

</tr>

</table>

</td>

</tr>

</table>

</body>

</html>]]></description>
			<styleUrl>#IconStyle00</styleUrl>
			<Point>
				<coordinates>80.36990411653032,19.60203470711481,0</coordinates>
			</Point>
		</Placemark>
		<Placemark id="ID_00040">
			<name>74</name>
			<Snippet maxLines="0"></Snippet>
			<description><![CDATA[<html xmlns:fo="http://www.w3.org/1999/XSL/Format" xmlns:msxsl="urn:schemas-microsoft-com:xslt">

<head>

<META http-equiv="Content-Type" content="text/html">

<meta http-equiv="content-type" content="text/html; charset=UTF-8">

</head>

<body style="margin:0px 0px 0px 0px;overflow:auto;background:#FFFFFF;">

<table style="font-family:Arial,Verdana,Times;font-size:12px;text-align:left;width:100%;border-collapse:collapse;padding:3px 3px 3px 3px">

<tr style="text-align:center;font-weight:bold;background:#9CBCE2">

<td></td>

</tr>

<tr>

<td>

<table style="font-family:Arial,Verdana,Times;font-size:12px;text-align:left;width:100%;border-spacing:0px; padding:3px 3px 3px 3px">

<tr>

<td>FID</td>

<td>43</td>

</tr>

<tr bgcolor="#D4E4F3">

<td>GUT_NO</td>

<td>74</td>

</tr>

</table>

</td>

</tr>

</table>

</body>

</html>]]></description>
			<styleUrl>#IconStyle00</styleUrl>
			<Point>
				<coordinates>80.37337638110186,19.60245343840429,0</coordinates>
			</Point>
		</Placemark>
		<Placemark id="ID_00041">
			<name>56 (P)</name>
			<Snippet maxLines="0"></Snippet>
			<description><![CDATA[<html xmlns:fo="http://www.w3.org/1999/XSL/Format" xmlns:msxsl="urn:schemas-microsoft-com:xslt">

<head>

<META http-equiv="Content-Type" content="text/html">

<meta http-equiv="content-type" content="text/html; charset=UTF-8">

</head>

<body style="margin:0px 0px 0px 0px;overflow:auto;background:#FFFFFF;">

<table style="font-family:Arial,Verdana,Times;font-size:12px;text-align:left;width:100%;border-collapse:collapse;padding:3px 3px 3px 3px">

<tr style="text-align:center;font-weight:bold;background:#9CBCE2">

<td></td>

</tr>

<tr>

<td>

<table style="font-family:Arial,Verdana,Times;font-size:12px;text-align:left;width:100%;border-spacing:0px; padding:3px 3px 3px 3px">

<tr>

<td>FID</td>

<td>44</td>

</tr>

<tr bgcolor="#D4E4F3">

<td>GUT_NO</td>

<td>56 (P)</td>

</tr>

</table>

</td>

</tr>

</table>

</body>

</html>]]></description>
			<styleUrl>#IconStyle00</styleUrl>
			<Point>
				<coordinates>80.37472765704689,19.59937304945724,0</coordinates>
			</Point>
		</Placemark>
		<Placemark id="ID_00042">
			<name>56 (P)</name>
			<Snippet maxLines="0"></Snippet>
			<description><![CDATA[<html xmlns:fo="http://www.w3.org/1999/XSL/Format" xmlns:msxsl="urn:schemas-microsoft-com:xslt">

<head>

<META http-equiv="Content-Type" content="text/html">

<meta http-equiv="content-type" content="text/html; charset=UTF-8">

</head>

<body style="margin:0px 0px 0px 0px;overflow:auto;background:#FFFFFF;">

<table style="font-family:Arial,Verdana,Times;font-size:12px;text-align:left;width:100%;border-collapse:collapse;padding:3px 3px 3px 3px">

<tr style="text-align:center;font-weight:bold;background:#9CBCE2">

<td></td>

</tr>

<tr>

<td>

<table style="font-family:Arial,Verdana,Times;font-size:12px;text-align:left;width:100%;border-spacing:0px; padding:3px 3px 3px 3px">

<tr>

<td>FID</td>

<td>45</td>

</tr>

<tr bgcolor="#D4E4F3">

<td>GUT_NO</td>

<td>56 (P)</td>

</tr>

</table>

</td>

</tr>

</table>

</body>

</html>]]></description>
			<styleUrl>#IconStyle00</styleUrl>
			<Point>
				<coordinates>80.37179027655084,19.60247714151823,0</coordinates>
			</Point>
		</Placemark>
		<Placemark id="ID_00043">
			<name>74</name>
			<Snippet maxLines="0"></Snippet>
			<description><![CDATA[<html xmlns:fo="http://www.w3.org/1999/XSL/Format" xmlns:msxsl="urn:schemas-microsoft-com:xslt">

<head>

<META http-equiv="Content-Type" content="text/html">

<meta http-equiv="content-type" content="text/html; charset=UTF-8">

</head>

<body style="margin:0px 0px 0px 0px;overflow:auto;background:#FFFFFF;">

<table style="font-family:Arial,Verdana,Times;font-size:12px;text-align:left;width:100%;border-collapse:collapse;padding:3px 3px 3px 3px">

<tr style="text-align:center;font-weight:bold;background:#9CBCE2">

<td></td>

</tr>

<tr>

<td>

<table style="font-family:Arial,Verdana,Times;font-size:12px;text-align:left;width:100%;border-spacing:0px; padding:3px 3px 3px 3px">

<tr>

<td>FID</td>

<td>46</td>

</tr>

<tr bgcolor="#D4E4F3">

<td>GUT_NO</td>

<td>74</td>

</tr>

</table>

</td>

</tr>

</table>

</body>

</html>]]></description>
			<styleUrl>#IconStyle00</styleUrl>
			<Point>
				<coordinates>80.37410780248071,19.60246720926939,0</coordinates>
			</Point>
		</Placemark>
		<Placemark id="ID_00044">
			<name>73</name>
			<Snippet maxLines="0"></Snippet>
			<description><![CDATA[<html xmlns:fo="http://www.w3.org/1999/XSL/Format" xmlns:msxsl="urn:schemas-microsoft-com:xslt">

<head>

<META http-equiv="Content-Type" content="text/html">

<meta http-equiv="content-type" content="text/html; charset=UTF-8">

</head>

<body style="margin:0px 0px 0px 0px;overflow:auto;background:#FFFFFF;">

<table style="font-family:Arial,Verdana,Times;font-size:12px;text-align:left;width:100%;border-collapse:collapse;padding:3px 3px 3px 3px">

<tr style="text-align:center;font-weight:bold;background:#9CBCE2">

<td></td>

</tr>

<tr>

<td>

<table style="font-family:Arial,Verdana,Times;font-size:12px;text-align:left;width:100%;border-spacing:0px; padding:3px 3px 3px 3px">

<tr>

<td>FID</td>

<td>47</td>

</tr>

<tr bgcolor="#D4E4F3">

<td>GUT_NO</td>

<td>73</td>

</tr>

</table>

</td>

</tr>

</table>

</body>

</html>]]></description>
			<styleUrl>#IconStyle00</styleUrl>
			<Point>
				<coordinates>80.37319934736256,19.60252204901509,0</coordinates>
			</Point>
		</Placemark>
		<Placemark id="ID_00045">
			<name>78</name>
			<Snippet maxLines="0"></Snippet>
			<description><![CDATA[<html xmlns:fo="http://www.w3.org/1999/XSL/Format" xmlns:msxsl="urn:schemas-microsoft-com:xslt">

<head>

<META http-equiv="Content-Type" content="text/html">

<meta http-equiv="content-type" content="text/html; charset=UTF-8">

</head>

<body style="margin:0px 0px 0px 0px;overflow:auto;background:#FFFFFF;">

<table style="font-family:Arial,Verdana,Times;font-size:12px;text-align:left;width:100%;border-collapse:collapse;padding:3px 3px 3px 3px">

<tr style="text-align:center;font-weight:bold;background:#9CBCE2">

<td></td>

</tr>

<tr>

<td>

<table style="font-family:Arial,Verdana,Times;font-size:12px;text-align:left;width:100%;border-spacing:0px; padding:3px 3px 3px 3px">

<tr>

<td>FID</td>

<td>48</td>

</tr>

<tr bgcolor="#D4E4F3">

<td>GUT_NO</td>

<td>78</td>

</tr>

</table>

</td>

</tr>

</table>

</body>

</html>]]></description>
			<styleUrl>#IconStyle00</styleUrl>
			<Point>
				<coordinates>80.37855154903232,19.60252277666856,0</coordinates>
			</Point>
		</Placemark>
		<Placemark id="ID_00046">
			<name>69</name>
			<Snippet maxLines="0"></Snippet>
			<description><![CDATA[<html xmlns:fo="http://www.w3.org/1999/XSL/Format" xmlns:msxsl="urn:schemas-microsoft-com:xslt">

<head>

<META http-equiv="Content-Type" content="text/html">

<meta http-equiv="content-type" content="text/html; charset=UTF-8">

</head>

<body style="margin:0px 0px 0px 0px;overflow:auto;background:#FFFFFF;">

<table style="font-family:Arial,Verdana,Times;font-size:12px;text-align:left;width:100%;border-collapse:collapse;padding:3px 3px 3px 3px">

<tr style="text-align:center;font-weight:bold;background:#9CBCE2">

<td></td>

</tr>

<tr>

<td>

<table style="font-family:Arial,Verdana,Times;font-size:12px;text-align:left;width:100%;border-spacing:0px; padding:3px 3px 3px 3px">

<tr>

<td>FID</td>

<td>49</td>

</tr>

<tr bgcolor="#D4E4F3">

<td>GUT_NO</td>

<td>69</td>

</tr>

</table>

</td>

</tr>

</table>

</body>

</html>]]></description>
			<styleUrl>#IconStyle00</styleUrl>
			<Point>
				<coordinates>80.36994266002542,19.60254227224896,0</coordinates>
			</Point>
		</Placemark>
		<Placemark id="ID_00047">
			<name>70</name>
			<Snippet maxLines="0"></Snippet>
			<description><![CDATA[<html xmlns:fo="http://www.w3.org/1999/XSL/Format" xmlns:msxsl="urn:schemas-microsoft-com:xslt">

<head>

<META http-equiv="Content-Type" content="text/html">

<meta http-equiv="content-type" content="text/html; charset=UTF-8">

</head>

<body style="margin:0px 0px 0px 0px;overflow:auto;background:#FFFFFF;">

<table style="font-family:Arial,Verdana,Times;font-size:12px;text-align:left;width:100%;border-collapse:collapse;padding:3px 3px 3px 3px">

<tr style="text-align:center;font-weight:bold;background:#9CBCE2">

<td></td>

</tr>

<tr>

<td>

<table style="font-family:Arial,Verdana,Times;font-size:12px;text-align:left;width:100%;border-spacing:0px; padding:3px 3px 3px 3px">

<tr>

<td>FID</td>

<td>50</td>

</tr>

<tr bgcolor="#D4E4F3">

<td>GUT_NO</td>

<td>70</td>

</tr>

</table>

</td>

</tr>

</table>

</body>

</html>]]></description>
			<styleUrl>#IconStyle00</styleUrl>
			<Point>
				<coordinates>80.37054150348145,19.60258361127613,0</coordinates>
			</Point>
		</Placemark>
		<Placemark id="ID_00048">
			<name>71</name>
			<Snippet maxLines="0"></Snippet>
			<description><![CDATA[<html xmlns:fo="http://www.w3.org/1999/XSL/Format" xmlns:msxsl="urn:schemas-microsoft-com:xslt">

<head>

<META http-equiv="Content-Type" content="text/html">

<meta http-equiv="content-type" content="text/html; charset=UTF-8">

</head>

<body style="margin:0px 0px 0px 0px;overflow:auto;background:#FFFFFF;">

<table style="font-family:Arial,Verdana,Times;font-size:12px;text-align:left;width:100%;border-collapse:collapse;padding:3px 3px 3px 3px">

<tr style="text-align:center;font-weight:bold;background:#9CBCE2">

<td></td>

</tr>

<tr>

<td>

<table style="font-family:Arial,Verdana,Times;font-size:12px;text-align:left;width:100%;border-spacing:0px; padding:3px 3px 3px 3px">

<tr>

<td>FID</td>

<td>51</td>

</tr>

<tr bgcolor="#D4E4F3">

<td>GUT_NO</td>

<td>71</td>

</tr>

</table>

</td>

</tr>

</table>

</body>

</html>]]></description>
			<styleUrl>#IconStyle00</styleUrl>
			<Point>
				<coordinates>80.37123044525705,19.60261516785947,0</coordinates>
			</Point>
		</Placemark>
		<Placemark id="ID_00049">
			<name>73</name>
			<Snippet maxLines="0"></Snippet>
			<description><![CDATA[<html xmlns:fo="http://www.w3.org/1999/XSL/Format" xmlns:msxsl="urn:schemas-microsoft-com:xslt">

<head>

<META http-equiv="Content-Type" content="text/html">

<meta http-equiv="content-type" content="text/html; charset=UTF-8">

</head>

<body style="margin:0px 0px 0px 0px;overflow:auto;background:#FFFFFF;">

<table style="font-family:Arial,Verdana,Times;font-size:12px;text-align:left;width:100%;border-collapse:collapse;padding:3px 3px 3px 3px">

<tr style="text-align:center;font-weight:bold;background:#9CBCE2">

<td></td>

</tr>

<tr>

<td>

<table style="font-family:Arial,Verdana,Times;font-size:12px;text-align:left;width:100%;border-spacing:0px; padding:3px 3px 3px 3px">

<tr>

<td>FID</td>

<td>52</td>

</tr>

<tr bgcolor="#D4E4F3">

<td>GUT_NO</td>

<td>73</td>

</tr>

</table>

</td>

</tr>

</table>

</body>

</html>]]></description>
			<styleUrl>#IconStyle00</styleUrl>
			<Point>
				<coordinates>80.3723538727979,19.60274572503052,0</coordinates>
			</Point>
		</Placemark>
		<Placemark id="ID_00050">
			<name>76</name>
			<Snippet maxLines="0"></Snippet>
			<description><![CDATA[<html xmlns:fo="http://www.w3.org/1999/XSL/Format" xmlns:msxsl="urn:schemas-microsoft-com:xslt">

<head>

<META http-equiv="Content-Type" content="text/html">

<meta http-equiv="content-type" content="text/html; charset=UTF-8">

</head>

<body style="margin:0px 0px 0px 0px;overflow:auto;background:#FFFFFF;">

<table style="font-family:Arial,Verdana,Times;font-size:12px;text-align:left;width:100%;border-collapse:collapse;padding:3px 3px 3px 3px">

<tr style="text-align:center;font-weight:bold;background:#9CBCE2">

<td></td>

</tr>

<tr>

<td>

<table style="font-family:Arial,Verdana,Times;font-size:12px;text-align:left;width:100%;border-spacing:0px; padding:3px 3px 3px 3px">

<tr>

<td>FID</td>

<td>53</td>

</tr>

<tr bgcolor="#D4E4F3">

<td>GUT_NO</td>

<td>76</td>

</tr>

</table>

</td>

</tr>

</table>

</body>

</html>]]></description>
			<styleUrl>#IconStyle00</styleUrl>
			<Point>
				<coordinates>80.37508871818471,19.60292402670992,0</coordinates>
			</Point>
		</Placemark>
		<Placemark id="ID_00051">
			<name>68</name>
			<Snippet maxLines="0"></Snippet>
			<description><![CDATA[<html xmlns:fo="http://www.w3.org/1999/XSL/Format" xmlns:msxsl="urn:schemas-microsoft-com:xslt">

<head>

<META http-equiv="Content-Type" content="text/html">

<meta http-equiv="content-type" content="text/html; charset=UTF-8">

</head>

<body style="margin:0px 0px 0px 0px;overflow:auto;background:#FFFFFF;">

<table style="font-family:Arial,Verdana,Times;font-size:12px;text-align:left;width:100%;border-collapse:collapse;padding:3px 3px 3px 3px">

<tr style="text-align:center;font-weight:bold;background:#9CBCE2">

<td></td>

</tr>

<tr>

<td>

<table style="font-family:Arial,Verdana,Times;font-size:12px;text-align:left;width:100%;border-spacing:0px; padding:3px 3px 3px 3px">

<tr>

<td>FID</td>

<td>54</td>

</tr>

<tr bgcolor="#D4E4F3">

<td>GUT_NO</td>

<td>68</td>

</tr>

</table>

</td>

</tr>

</table>

</body>

</html>]]></description>
			<styleUrl>#IconStyle00</styleUrl>
			<Point>
				<coordinates>80.37016753557073,19.60367657676028,0</coordinates>
			</Point>
		</Placemark>
		<Placemark id="ID_00052">
			<name>101 (P)</name>
			<Snippet maxLines="0"></Snippet>
			<description><![CDATA[<html xmlns:fo="http://www.w3.org/1999/XSL/Format" xmlns:msxsl="urn:schemas-microsoft-com:xslt">

<head>

<META http-equiv="Content-Type" content="text/html">

<meta http-equiv="content-type" content="text/html; charset=UTF-8">

</head>

<body style="margin:0px 0px 0px 0px;overflow:auto;background:#FFFFFF;">

<table style="font-family:Arial,Verdana,Times;font-size:12px;text-align:left;width:100%;border-collapse:collapse;padding:3px 3px 3px 3px">

<tr style="text-align:center;font-weight:bold;background:#9CBCE2">

<td></td>

</tr>

<tr>

<td>

<table style="font-family:Arial,Verdana,Times;font-size:12px;text-align:left;width:100%;border-spacing:0px; padding:3px 3px 3px 3px">

<tr>

<td>FID</td>

<td>55</td>

</tr>

<tr bgcolor="#D4E4F3">

<td>GUT_NO</td>

<td>101 (P)</td>

</tr>

</table>

</td>

</tr>

</table>

</body>

</html>]]></description>
			<styleUrl>#IconStyle00</styleUrl>
			<Point>
				<coordinates>80.35463001366824,19.59653358563119,0</coordinates>
			</Point>
		</Placemark>
		<Placemark id="ID_00053">
			<name>56 (P)</name>
			<Snippet maxLines="0"></Snippet>
			<description><![CDATA[<html xmlns:fo="http://www.w3.org/1999/XSL/Format" xmlns:msxsl="urn:schemas-microsoft-com:xslt">

<head>

<META http-equiv="Content-Type" content="text/html">

<meta http-equiv="content-type" content="text/html; charset=UTF-8">

</head>

<body style="margin:0px 0px 0px 0px;overflow:auto;background:#FFFFFF;">

<table style="font-family:Arial,Verdana,Times;font-size:12px;text-align:left;width:100%;border-collapse:collapse;padding:3px 3px 3px 3px">

<tr style="text-align:center;font-weight:bold;background:#9CBCE2">

<td></td>

</tr>

<tr>

<td>

<table style="font-family:Arial,Verdana,Times;font-size:12px;text-align:left;width:100%;border-spacing:0px; padding:3px 3px 3px 3px">

<tr>

<td>FID</td>

<td>56</td>

</tr>

<tr bgcolor="#D4E4F3">

<td>GUT_NO</td>

<td>56 (P)</td>

</tr>

</table>

</td>

</tr>

</table>

</body>

</html>]]></description>
			<styleUrl>#IconStyle00</styleUrl>
			<Point>
				<coordinates>80.36668922502321,19.60393167982824,0</coordinates>
			</Point>
		</Placemark>
		<Placemark id="ID_00054">
			<name>65</name>
			<Snippet maxLines="0"></Snippet>
			<description><![CDATA[<html xmlns:fo="http://www.w3.org/1999/XSL/Format" xmlns:msxsl="urn:schemas-microsoft-com:xslt">

<head>

<META http-equiv="Content-Type" content="text/html">

<meta http-equiv="content-type" content="text/html; charset=UTF-8">

</head>

<body style="margin:0px 0px 0px 0px;overflow:auto;background:#FFFFFF;">

<table style="font-family:Arial,Verdana,Times;font-size:12px;text-align:left;width:100%;border-collapse:collapse;padding:3px 3px 3px 3px">

<tr style="text-align:center;font-weight:bold;background:#9CBCE2">

<td></td>

</tr>

<tr>

<td>

<table style="font-family:Arial,Verdana,Times;font-size:12px;text-align:left;width:100%;border-spacing:0px; padding:3px 3px 3px 3px">

<tr>

<td>FID</td>

<td>57</td>

</tr>

<tr bgcolor="#D4E4F3">

<td>GUT_NO</td>

<td>65</td>

</tr>

</table>

</td>

</tr>

</table>

</body>

</html>]]></description>
			<styleUrl>#IconStyle00</styleUrl>
			<Point>
				<coordinates>80.37036927879394,19.60570896202542,0</coordinates>
			</Point>
		</Placemark>
		<Placemark id="ID_00055">
			<name>66</name>
			<Snippet maxLines="0"></Snippet>
			<description><![CDATA[<html xmlns:fo="http://www.w3.org/1999/XSL/Format" xmlns:msxsl="urn:schemas-microsoft-com:xslt">

<head>

<META http-equiv="Content-Type" content="text/html">

<meta http-equiv="content-type" content="text/html; charset=UTF-8">

</head>

<body style="margin:0px 0px 0px 0px;overflow:auto;background:#FFFFFF;">

<table style="font-family:Arial,Verdana,Times;font-size:12px;text-align:left;width:100%;border-collapse:collapse;padding:3px 3px 3px 3px">

<tr style="text-align:center;font-weight:bold;background:#9CBCE2">

<td></td>

</tr>

<tr>

<td>

<table style="font-family:Arial,Verdana,Times;font-size:12px;text-align:left;width:100%;border-spacing:0px; padding:3px 3px 3px 3px">

<tr>

<td>FID</td>

<td>58</td>

</tr>

<tr bgcolor="#D4E4F3">

<td>GUT_NO</td>

<td>66</td>

</tr>

</table>

</td>

</tr>

</table>

</body>

</html>]]></description>
			<styleUrl>#IconStyle00</styleUrl>
			<Point>
				<coordinates>80.37138807689567,19.60610618796639,0</coordinates>
			</Point>
		</Placemark>
		<Placemark id="ID_00056">
			<name>79</name>
			<Snippet maxLines="0"></Snippet>
			<description><![CDATA[<html xmlns:fo="http://www.w3.org/1999/XSL/Format" xmlns:msxsl="urn:schemas-microsoft-com:xslt">

<head>

<META http-equiv="Content-Type" content="text/html">

<meta http-equiv="content-type" content="text/html; charset=UTF-8">

</head>

<body style="margin:0px 0px 0px 0px;overflow:auto;background:#FFFFFF;">

<table style="font-family:Arial,Verdana,Times;font-size:12px;text-align:left;width:100%;border-collapse:collapse;padding:3px 3px 3px 3px">

<tr style="text-align:center;font-weight:bold;background:#9CBCE2">

<td></td>

</tr>

<tr>

<td>

<table style="font-family:Arial,Verdana,Times;font-size:12px;text-align:left;width:100%;border-spacing:0px; padding:3px 3px 3px 3px">

<tr>

<td>FID</td>

<td>59</td>

</tr>

<tr bgcolor="#D4E4F3">

<td>GUT_NO</td>

<td>79</td>

</tr>

</table>

</td>

</tr>

</table>

</body>

</html>]]></description>
			<styleUrl>#IconStyle00</styleUrl>
			<Point>
				<coordinates>80.345179164616,19.60580752764699,0</coordinates>
			</Point>
		</Placemark>
		<Placemark id="ID_00057">
			<name>63</name>
			<Snippet maxLines="0"></Snippet>
			<description><![CDATA[<html xmlns:fo="http://www.w3.org/1999/XSL/Format" xmlns:msxsl="urn:schemas-microsoft-com:xslt">

<head>

<META http-equiv="Content-Type" content="text/html">

<meta http-equiv="content-type" content="text/html; charset=UTF-8">

</head>

<body style="margin:0px 0px 0px 0px;overflow:auto;background:#FFFFFF;">

<table style="font-family:Arial,Verdana,Times;font-size:12px;text-align:left;width:100%;border-collapse:collapse;padding:3px 3px 3px 3px">

<tr style="text-align:center;font-weight:bold;background:#9CBCE2">

<td></td>

</tr>

<tr>

<td>

<table style="font-family:Arial,Verdana,Times;font-size:12px;text-align:left;width:100%;border-spacing:0px; padding:3px 3px 3px 3px">

<tr>

<td>FID</td>

<td>60</td>

</tr>

<tr bgcolor="#D4E4F3">

<td>GUT_NO</td>

<td>63</td>

</tr>

</table>

</td>

</tr>

</table>

</body>

</html>]]></description>
			<styleUrl>#IconStyle00</styleUrl>
			<Point>
				<coordinates>80.36898669317874,19.60624792883571,0</coordinates>
			</Point>
		</Placemark>
		<Placemark id="ID_00058">
			<name>64</name>
			<Snippet maxLines="0"></Snippet>
			<description><![CDATA[<html xmlns:fo="http://www.w3.org/1999/XSL/Format" xmlns:msxsl="urn:schemas-microsoft-com:xslt">

<head>

<META http-equiv="Content-Type" content="text/html">

<meta http-equiv="content-type" content="text/html; charset=UTF-8">

</head>

<body style="margin:0px 0px 0px 0px;overflow:auto;background:#FFFFFF;">

<table style="font-family:Arial,Verdana,Times;font-size:12px;text-align:left;width:100%;border-collapse:collapse;padding:3px 3px 3px 3px">

<tr style="text-align:center;font-weight:bold;background:#9CBCE2">

<td></td>

</tr>

<tr>

<td>

<table style="font-family:Arial,Verdana,Times;font-size:12px;text-align:left;width:100%;border-spacing:0px; padding:3px 3px 3px 3px">

<tr>

<td>FID</td>

<td>61</td>

</tr>

<tr bgcolor="#D4E4F3">

<td>GUT_NO</td>

<td>64</td>

</tr>

</table>

</td>

</tr>

</table>

</body>

</html>]]></description>
			<styleUrl>#IconStyle00</styleUrl>
			<Point>
				<coordinates>80.36977058504058,19.60630146848117,0</coordinates>
			</Point>
		</Placemark>
		<Placemark id="ID_00059">
			<name>58</name>
			<Snippet maxLines="0"></Snippet>
			<description><![CDATA[<html xmlns:fo="http://www.w3.org/1999/XSL/Format" xmlns:msxsl="urn:schemas-microsoft-com:xslt">

<head>

<META http-equiv="Content-Type" content="text/html">

<meta http-equiv="content-type" content="text/html; charset=UTF-8">

</head>

<body style="margin:0px 0px 0px 0px;overflow:auto;background:#FFFFFF;">

<table style="font-family:Arial,Verdana,Times;font-size:12px;text-align:left;width:100%;border-collapse:collapse;padding:3px 3px 3px 3px">

<tr style="text-align:center;font-weight:bold;background:#9CBCE2">

<td></td>

</tr>

<tr>

<td>

<table style="font-family:Arial,Verdana,Times;font-size:12px;text-align:left;width:100%;border-spacing:0px; padding:3px 3px 3px 3px">

<tr>

<td>FID</td>

<td>62</td>

</tr>

<tr bgcolor="#D4E4F3">

<td>GUT_NO</td>

<td>58</td>

</tr>

</table>

</td>

</tr>

</table>

</body>

</html>]]></description>
			<styleUrl>#IconStyle00</styleUrl>
			<Point>
				<coordinates>80.36442563508368,19.60675630403069,0</coordinates>
			</Point>
		</Placemark>
		<Placemark id="ID_00060">
			<name>59</name>
			<Snippet maxLines="0"></Snippet>
			<description><![CDATA[<html xmlns:fo="http://www.w3.org/1999/XSL/Format" xmlns:msxsl="urn:schemas-microsoft-com:xslt">

<head>

<META http-equiv="Content-Type" content="text/html">

<meta http-equiv="content-type" content="text/html; charset=UTF-8">

</head>

<body style="margin:0px 0px 0px 0px;overflow:auto;background:#FFFFFF;">

<table style="font-family:Arial,Verdana,Times;font-size:12px;text-align:left;width:100%;border-collapse:collapse;padding:3px 3px 3px 3px">

<tr style="text-align:center;font-weight:bold;background:#9CBCE2">

<td></td>

</tr>

<tr>

<td>

<table style="font-family:Arial,Verdana,Times;font-size:12px;text-align:left;width:100%;border-spacing:0px; padding:3px 3px 3px 3px">

<tr>

<td>FID</td>

<td>63</td>

</tr>

<tr bgcolor="#D4E4F3">

<td>GUT_NO</td>

<td>59</td>

</tr>

</table>

</td>

</tr>

</table>

</body>

</html>]]></description>
			<styleUrl>#IconStyle00</styleUrl>
			<Point>
				<coordinates>80.36549297290756,19.60678180191518,0</coordinates>
			</Point>
		</Placemark>
		<Placemark id="ID_00061">
			<name>60</name>
			<Snippet maxLines="0"></Snippet>
			<description><![CDATA[<html xmlns:fo="http://www.w3.org/1999/XSL/Format" xmlns:msxsl="urn:schemas-microsoft-com:xslt">

<head>

<META http-equiv="Content-Type" content="text/html">

<meta http-equiv="content-type" content="text/html; charset=UTF-8">

</head>

<body style="margin:0px 0px 0px 0px;overflow:auto;background:#FFFFFF;">

<table style="font-family:Arial,Verdana,Times;font-size:12px;text-align:left;width:100%;border-collapse:collapse;padding:3px 3px 3px 3px">

<tr style="text-align:center;font-weight:bold;background:#9CBCE2">

<td></td>

</tr>

<tr>

<td>

<table style="font-family:Arial,Verdana,Times;font-size:12px;text-align:left;width:100%;border-spacing:0px; padding:3px 3px 3px 3px">

<tr>

<td>FID</td>

<td>64</td>

</tr>

<tr bgcolor="#D4E4F3">

<td>GUT_NO</td>

<td>60</td>

</tr>

</table>

</td>

</tr>

</table>

</body>

</html>]]></description>
			<styleUrl>#IconStyle00</styleUrl>
			<Point>
				<coordinates>80.36664299578312,19.60672052322644,0</coordinates>
			</Point>
		</Placemark>
		<Placemark id="ID_00062">
			<name>62</name>
			<Snippet maxLines="0"></Snippet>
			<description><![CDATA[<html xmlns:fo="http://www.w3.org/1999/XSL/Format" xmlns:msxsl="urn:schemas-microsoft-com:xslt">

<head>

<META http-equiv="Content-Type" content="text/html">

<meta http-equiv="content-type" content="text/html; charset=UTF-8">

</head>

<body style="margin:0px 0px 0px 0px;overflow:auto;background:#FFFFFF;">

<table style="font-family:Arial,Verdana,Times;font-size:12px;text-align:left;width:100%;border-collapse:collapse;padding:3px 3px 3px 3px">

<tr style="text-align:center;font-weight:bold;background:#9CBCE2">

<td></td>

</tr>

<tr>

<td>

<table style="font-family:Arial,Verdana,Times;font-size:12px;text-align:left;width:100%;border-spacing:0px; padding:3px 3px 3px 3px">

<tr>

<td>FID</td>

<td>65</td>

</tr>

<tr bgcolor="#D4E4F3">

<td>GUT_NO</td>

<td>62</td>

</tr>

</table>

</td>

</tr>

</table>

</body>

</html>]]></description>
			<styleUrl>#IconStyle00</styleUrl>
			<Point>
				<coordinates>80.36824094610395,19.6067903054711,0</coordinates>
			</Point>
		</Placemark>
		<Placemark id="ID_00063">
			<name>57</name>
			<Snippet maxLines="0"></Snippet>
			<description><![CDATA[<html xmlns:fo="http://www.w3.org/1999/XSL/Format" xmlns:msxsl="urn:schemas-microsoft-com:xslt">

<head>

<META http-equiv="Content-Type" content="text/html">

<meta http-equiv="content-type" content="text/html; charset=UTF-8">

</head>

<body style="margin:0px 0px 0px 0px;overflow:auto;background:#FFFFFF;">

<table style="font-family:Arial,Verdana,Times;font-size:12px;text-align:left;width:100%;border-collapse:collapse;padding:3px 3px 3px 3px">

<tr style="text-align:center;font-weight:bold;background:#9CBCE2">

<td></td>

</tr>

<tr>

<td>

<table style="font-family:Arial,Verdana,Times;font-size:12px;text-align:left;width:100%;border-spacing:0px; padding:3px 3px 3px 3px">

<tr>

<td>FID</td>

<td>66</td>

</tr>

<tr bgcolor="#D4E4F3">

<td>GUT_NO</td>

<td>57</td>

</tr>

</table>

</td>

</tr>

</table>

</body>

</html>]]></description>
			<styleUrl>#IconStyle00</styleUrl>
			<Point>
				<coordinates>80.36165692681284,19.6075748600786,0</coordinates>
			</Point>
		</Placemark>
		<Placemark id="ID_00064">
			<name>61</name>
			<Snippet maxLines="0"></Snippet>
			<description><![CDATA[<html xmlns:fo="http://www.w3.org/1999/XSL/Format" xmlns:msxsl="urn:schemas-microsoft-com:xslt">

<head>

<META http-equiv="Content-Type" content="text/html">

<meta http-equiv="content-type" content="text/html; charset=UTF-8">

</head>

<body style="margin:0px 0px 0px 0px;overflow:auto;background:#FFFFFF;">

<table style="font-family:Arial,Verdana,Times;font-size:12px;text-align:left;width:100%;border-collapse:collapse;padding:3px 3px 3px 3px">

<tr style="text-align:center;font-weight:bold;background:#9CBCE2">

<td></td>

</tr>

<tr>

<td>

<table style="font-family:Arial,Verdana,Times;font-size:12px;text-align:left;width:100%;border-spacing:0px; padding:3px 3px 3px 3px">

<tr>

<td>FID</td>

<td>67</td>

</tr>

<tr bgcolor="#D4E4F3">

<td>GUT_NO</td>

<td>61</td>

</tr>

</table>

</td>

</tr>

</table>

</body>

</html>]]></description>
			<styleUrl>#IconStyle00</styleUrl>
			<Point>
				<coordinates>80.36703446562103,19.60758612850318,0</coordinates>
			</Point>
		</Placemark>
		<Placemark id="ID_00065">
			<name>67</name>
			<Snippet maxLines="0"></Snippet>
			<description><![CDATA[<html xmlns:fo="http://www.w3.org/1999/XSL/Format" xmlns:msxsl="urn:schemas-microsoft-com:xslt">

<head>

<META http-equiv="Content-Type" content="text/html">

<meta http-equiv="content-type" content="text/html; charset=UTF-8">

</head>

<body style="margin:0px 0px 0px 0px;overflow:auto;background:#FFFFFF;">

<table style="font-family:Arial,Verdana,Times;font-size:12px;text-align:left;width:100%;border-collapse:collapse;padding:3px 3px 3px 3px">

<tr style="text-align:center;font-weight:bold;background:#9CBCE2">

<td></td>

</tr>

<tr>

<td>

<table style="font-family:Arial,Verdana,Times;font-size:12px;text-align:left;width:100%;border-spacing:0px; padding:3px 3px 3px 3px">

<tr>

<td>FID</td>

<td>68</td>

</tr>

<tr bgcolor="#D4E4F3">

<td>GUT_NO</td>

<td>67</td>

</tr>

</table>

</td>

</tr>

</table>

</body>

</html>]]></description>
			<styleUrl>#IconStyle00</styleUrl>
			<Point>
				<coordinates>80.37360812028675,19.60703331276466,0</coordinates>
			</Point>
		</Placemark>
		<Placemark id="ID_00066">
			<name>56 (P)</name>
			<Snippet maxLines="0"></Snippet>
			<description><![CDATA[<html xmlns:fo="http://www.w3.org/1999/XSL/Format" xmlns:msxsl="urn:schemas-microsoft-com:xslt">

<head>

<META http-equiv="Content-Type" content="text/html">

<meta http-equiv="content-type" content="text/html; charset=UTF-8">

</head>

<body style="margin:0px 0px 0px 0px;overflow:auto;background:#FFFFFF;">

<table style="font-family:Arial,Verdana,Times;font-size:12px;text-align:left;width:100%;border-collapse:collapse;padding:3px 3px 3px 3px">

<tr style="text-align:center;font-weight:bold;background:#9CBCE2">

<td></td>

</tr>

<tr>

<td>

<table style="font-family:Arial,Verdana,Times;font-size:12px;text-align:left;width:100%;border-spacing:0px; padding:3px 3px 3px 3px">

<tr>

<td>FID</td>

<td>70</td>

</tr>

<tr bgcolor="#D4E4F3">

<td>GUT_NO</td>

<td>56 (P)</td>

</tr>

</table>

</td>

</tr>

</table>

</body>

</html>]]></description>
			<styleUrl>#IconStyle00</styleUrl>
			<Point>
				<coordinates>80.3704800476812,19.6071669687513,0</coordinates>
			</Point>
		</Placemark>
		<Placemark id="ID_00067">
			<name>12 (P)</name>
			<Snippet maxLines="0"></Snippet>
			<description><![CDATA[<html xmlns:fo="http://www.w3.org/1999/XSL/Format" xmlns:msxsl="urn:schemas-microsoft-com:xslt">

<head>

<META http-equiv="Content-Type" content="text/html">

<meta http-equiv="content-type" content="text/html; charset=UTF-8">

</head>

<body style="margin:0px 0px 0px 0px;overflow:auto;background:#FFFFFF;">

<table style="font-family:Arial,Verdana,Times;font-size:12px;text-align:left;width:100%;border-collapse:collapse;padding:3px 3px 3px 3px">

<tr style="text-align:center;font-weight:bold;background:#9CBCE2">

<td></td>

</tr>

<tr>

<td>

<table style="font-family:Arial,Verdana,Times;font-size:12px;text-align:left;width:100%;border-spacing:0px; padding:3px 3px 3px 3px">

<tr>

<td>FID</td>

<td>72</td>

</tr>

<tr bgcolor="#D4E4F3">

<td>GUT_NO</td>

<td>12 (P)</td>

</tr>

</table>

</td>

</tr>

</table>

</body>

</html>]]></description>
			<styleUrl>#IconStyle00</styleUrl>
			<Point>
				<coordinates>80.34314783278539,19.60569581489284,0</coordinates>
			</Point>
		</Placemark>
		<Placemark id="ID_00068">
			<name>10 (P)</name>
			<Snippet maxLines="0"></Snippet>
			<description><![CDATA[<html xmlns:fo="http://www.w3.org/1999/XSL/Format" xmlns:msxsl="urn:schemas-microsoft-com:xslt">

<head>

<META http-equiv="Content-Type" content="text/html">

<meta http-equiv="content-type" content="text/html; charset=UTF-8">

</head>

<body style="margin:0px 0px 0px 0px;overflow:auto;background:#FFFFFF;">

<table style="font-family:Arial,Verdana,Times;font-size:12px;text-align:left;width:100%;border-collapse:collapse;padding:3px 3px 3px 3px">

<tr style="text-align:center;font-weight:bold;background:#9CBCE2">

<td></td>

</tr>

<tr>

<td>

<table style="font-family:Arial,Verdana,Times;font-size:12px;text-align:left;width:100%;border-spacing:0px; padding:3px 3px 3px 3px">

<tr>

<td>FID</td>

<td>73</td>

</tr>

<tr bgcolor="#D4E4F3">

<td>GUT_NO</td>

<td>10 (P)</td>

</tr>

</table>

</td>

</tr>

</table>

</body>

</html>]]></description>
			<styleUrl>#IconStyle00</styleUrl>
			<Point>
				<coordinates>80.34619465500937,19.6154699601692,0</coordinates>
			</Point>
		</Placemark>
		<Placemark id="ID_00069">
			<name>17/1,17/2,17/3</name>
			<Snippet maxLines="0"></Snippet>
			<description><![CDATA[<html xmlns:fo="http://www.w3.org/1999/XSL/Format" xmlns:msxsl="urn:schemas-microsoft-com:xslt">

<head>

<META http-equiv="Content-Type" content="text/html">

<meta http-equiv="content-type" content="text/html; charset=UTF-8">

</head>

<body style="margin:0px 0px 0px 0px;overflow:auto;background:#FFFFFF;">

<table style="font-family:Arial,Verdana,Times;font-size:12px;text-align:left;width:100%;border-collapse:collapse;padding:3px 3px 3px 3px">

<tr style="text-align:center;font-weight:bold;background:#9CBCE2">

<td></td>

</tr>

<tr>

<td>

<table style="font-family:Arial,Verdana,Times;font-size:12px;text-align:left;width:100%;border-spacing:0px; padding:3px 3px 3px 3px">

<tr>

<td>FID</td>

<td>74</td>

</tr>

<tr bgcolor="#D4E4F3">

<td>GUT_NO</td>

<td>17/1,17/2,17/3</td>

</tr>

</table>

</td>

</tr>

</table>

</body>

</html>]]></description>
			<styleUrl>#IconStyle00</styleUrl>
			<Point>
				<coordinates>80.36078498349514,19.59716904384562,0</coordinates>
			</Point>
		</Placemark>
		<Placemark id="ID_00070">
			<name>56 (P)</name>
			<Snippet maxLines="0"></Snippet>
			<description><![CDATA[<html xmlns:fo="http://www.w3.org/1999/XSL/Format" xmlns:msxsl="urn:schemas-microsoft-com:xslt">

<head>

<META http-equiv="Content-Type" content="text/html">

<meta http-equiv="content-type" content="text/html; charset=UTF-8">

</head>

<body style="margin:0px 0px 0px 0px;overflow:auto;background:#FFFFFF;">

<table style="font-family:Arial,Verdana,Times;font-size:12px;text-align:left;width:100%;border-collapse:collapse;padding:3px 3px 3px 3px">

<tr style="text-align:center;font-weight:bold;background:#9CBCE2">

<td></td>

</tr>

<tr>

<td>

<table style="font-family:Arial,Verdana,Times;font-size:12px;text-align:left;width:100%;border-spacing:0px; padding:3px 3px 3px 3px">

<tr>

<td>FID</td>

<td>82</td>

</tr>

<tr bgcolor="#D4E4F3">

<td>GUT_NO</td>

<td>56 (P)</td>

</tr>

</table>

</td>

</tr>

</table>

</body>

</html>]]></description>
			<styleUrl>#IconStyle00</styleUrl>
			<Point>
				<coordinates>80.35712663252218,19.60531428287604,0</coordinates>
			</Point>
		</Placemark>
		<Placemark id="ID_00071">
			<name>56 (P)</name>
			<Snippet maxLines="0"></Snippet>
			<description><![CDATA[<html xmlns:fo="http://www.w3.org/1999/XSL/Format" xmlns:msxsl="urn:schemas-microsoft-com:xslt">

<head>

<META http-equiv="Content-Type" content="text/html">

<meta http-equiv="content-type" content="text/html; charset=UTF-8">

</head>

<body style="margin:0px 0px 0px 0px;overflow:auto;background:#FFFFFF;">

<table style="font-family:Arial,Verdana,Times;font-size:12px;text-align:left;width:100%;border-collapse:collapse;padding:3px 3px 3px 3px">

<tr style="text-align:center;font-weight:bold;background:#9CBCE2">

<td></td>

</tr>

<tr>

<td>

<table style="font-family:Arial,Verdana,Times;font-size:12px;text-align:left;width:100%;border-spacing:0px; padding:3px 3px 3px 3px">

<tr>

<td>FID</td>

<td>83</td>

</tr>

<tr bgcolor="#D4E4F3">

<td>GUT_NO</td>

<td>56 (P)</td>

</tr>

</table>

</td>

</tr>

</table>

</body>

</html>]]></description>
			<styleUrl>#IconStyle00</styleUrl>
			<Point>
				<coordinates>80.36232015119181,19.59989332082364,0</coordinates>
			</Point>
		</Placemark>
		<Placemark id="ID_00072">
			<name>56 (P)</name>
			<Snippet maxLines="0"></Snippet>
			<description><![CDATA[<html xmlns:fo="http://www.w3.org/1999/XSL/Format" xmlns:msxsl="urn:schemas-microsoft-com:xslt">

<head>

<META http-equiv="Content-Type" content="text/html">

<meta http-equiv="content-type" content="text/html; charset=UTF-8">

</head>

<body style="margin:0px 0px 0px 0px;overflow:auto;background:#FFFFFF;">

<table style="font-family:Arial,Verdana,Times;font-size:12px;text-align:left;width:100%;border-collapse:collapse;padding:3px 3px 3px 3px">

<tr style="text-align:center;font-weight:bold;background:#9CBCE2">

<td></td>

</tr>

<tr>

<td>

<table style="font-family:Arial,Verdana,Times;font-size:12px;text-align:left;width:100%;border-spacing:0px; padding:3px 3px 3px 3px">

<tr>

<td>FID</td>

<td>84</td>

</tr>

<tr bgcolor="#D4E4F3">

<td>GUT_NO</td>

<td>56 (P)</td>

</tr>

</table>

</td>

</tr>

</table>

</body>

</html>]]></description>
			<styleUrl>#IconStyle00</styleUrl>
			<Point>
				<coordinates>80.36971691289858,19.61154535676907,0</coordinates>
			</Point>
		</Placemark>
	</Folder>
	<Folder id="FeatureLayer1">
		<name>PROPOSED LANDUSE</name>
		<Snippet maxLines="0"></Snippet>
		<Placemark id="ID_10000">
			<name>TAILING STORAGE YARD WITH ENVIRONMENTAL SAFEGUARD MEASURES</name>
			<Snippet maxLines="0"></Snippet>
			<description><![CDATA[<html xmlns:fo="http://www.w3.org/1999/XSL/Format" xmlns:msxsl="urn:schemas-microsoft-com:xslt">

<head>

<META http-equiv="Content-Type" content="text/html">

<meta http-equiv="content-type" content="text/html; charset=UTF-8">

</head>

<body style="margin:0px 0px 0px 0px;overflow:auto;background:#FFFFFF;">

<table style="font-family:Arial,Verdana,Times;font-size:12px;text-align:left;width:100%;border-collapse:collapse;padding:3px 3px 3px 3px">

<tr style="text-align:center;font-weight:bold;background:#9CBCE2">

<td>TAILING STORAGE YARD WITH ENVIRONMENTAL SAFEGUARD MEASURES</td>

</tr>

<tr>

<td>

<table style="font-family:Arial,Verdana,Times;font-size:12px;text-align:left;width:100%;border-spacing:0px; padding:3px 3px 3px 3px">

<tr>

<td>FID</td>

<td>0</td>

</tr>

<tr bgcolor="#D4E4F3">

<td>PROP</td>

<td>TAILING STORAGE YARD WITH ENVIRONMENTAL SAFEGUARD MEASURES</td>

</tr>

<tr>

<td>GUT_NO</td>

<td>185</td>

</tr>

<tr bgcolor="#D4E4F3">

<td>CATE</td>

<td>NON FOREST</td>

</tr>

<tr>

<td>COL</td>

<td>2</td>

</tr>

</table>

</td>

</tr>

</table>

</body>

</html>]]></description>
			<styleUrl>#PolyStyle10</styleUrl>
			<MultiGeometry>
				<Polygon>
					<outerBoundaryIs>
						<LinearRing>
							<coordinates>
								80.3440732612399,19.58639221258149,0 80.34362911664822,19.58642885130528,0 80.34302509279516,19.58607757342396,0 80.34294108788852,19.58564211414439,0 80.34398295768419,19.58501947803912,0 80.3440732612399,19.58639221258149,0 
							</coordinates>
						</LinearRing>
					</outerBoundaryIs>
				</Polygon>
			</MultiGeometry>
		</Placemark>
		<Placemark id="ID_10001">
			<name>TAILING STORAGE YARD WITH ENVIRONMENTAL SAFEGUARD MEASURES</name>
			<Snippet maxLines="0"></Snippet>
			<description><![CDATA[<html xmlns:fo="http://www.w3.org/1999/XSL/Format" xmlns:msxsl="urn:schemas-microsoft-com:xslt">

<head>

<META http-equiv="Content-Type" content="text/html">

<meta http-equiv="content-type" content="text/html; charset=UTF-8">

</head>

<body style="margin:0px 0px 0px 0px;overflow:auto;background:#FFFFFF;">

<table style="font-family:Arial,Verdana,Times;font-size:12px;text-align:left;width:100%;border-collapse:collapse;padding:3px 3px 3px 3px">

<tr style="text-align:center;font-weight:bold;background:#9CBCE2">

<td>TAILING STORAGE YARD WITH ENVIRONMENTAL SAFEGUARD MEASURES</td>

</tr>

<tr>

<td>

<table style="font-family:Arial,Verdana,Times;font-size:12px;text-align:left;width:100%;border-spacing:0px; padding:3px 3px 3px 3px">

<tr>

<td>FID</td>

<td>1</td>

</tr>

<tr bgcolor="#D4E4F3">

<td>PROP</td>

<td>TAILING STORAGE YARD WITH ENVIRONMENTAL SAFEGUARD MEASURES</td>

</tr>

<tr>

<td>GUT_NO</td>

<td>184</td>

</tr>

<tr bgcolor="#D4E4F3">

<td>CATE</td>

<td>NON FOREST</td>

</tr>

<tr>

<td>COL</td>

<td>2</td>

</tr>

</table>

</td>

</tr>

</table>

</body>

</html>]]></description>
			<styleUrl>#PolyStyle10</styleUrl>
			<MultiGeometry>
				<Polygon>
					<outerBoundaryIs>
						<LinearRing>
							<coordinates>
								80.34722992677598,19.58620282673285,0 80.34698139495137,19.58652709622146,0 80.34607331111853,19.58650467758734,0 80.34590975027493,19.58577723615502,0 80.34626288326048,19.58564303835441,0 80.34630463145376,19.58562717313986,0 80.34644998123628,19.58565550754047,0 80.34659859621004,19.58568017212552,0 80.34660475142024,19.58568119388106,0 80.34662815295083,19.5857069888381,0 80.34687280747087,19.58592896573813,0 80.34697860477372,19.58596760373273,0 80.34722992677598,19.58620282673285,0 
							</coordinates>
						</LinearRing>
					</outerBoundaryIs>
				</Polygon>
			</MultiGeometry>
		</Placemark>
		<Placemark id="ID_10002">
			<name>TAILING STORAGE YARD WITH ENVIRONMENTAL SAFEGUARD MEASURES</name>
			<Snippet maxLines="0"></Snippet>
			<description><![CDATA[<html xmlns:fo="http://www.w3.org/1999/XSL/Format" xmlns:msxsl="urn:schemas-microsoft-com:xslt">

<head>

<META http-equiv="Content-Type" content="text/html">

<meta http-equiv="content-type" content="text/html; charset=UTF-8">

</head>

<body style="margin:0px 0px 0px 0px;overflow:auto;background:#FFFFFF;">

<table style="font-family:Arial,Verdana,Times;font-size:12px;text-align:left;width:100%;border-collapse:collapse;padding:3px 3px 3px 3px">

<tr style="text-align:center;font-weight:bold;background:#9CBCE2">

<td>TAILING STORAGE YARD WITH ENVIRONMENTAL SAFEGUARD MEASURES</td>

</tr>

<tr>

<td>

<table style="font-family:Arial,Verdana,Times;font-size:12px;text-align:left;width:100%;border-spacing:0px; padding:3px 3px 3px 3px">

<tr>

<td>FID</td>

<td>2</td>

</tr>

<tr bgcolor="#D4E4F3">

<td>PROP</td>

<td>TAILING STORAGE YARD WITH ENVIRONMENTAL SAFEGUARD MEASURES</td>

</tr>

<tr>

<td>GUT_NO</td>

<td>186</td>

</tr>

<tr bgcolor="#D4E4F3">

<td>CATE</td>

<td>NON FOREST</td>

</tr>

<tr>

<td>COL</td>

<td>2</td>

</tr>

</table>

</td>

</tr>

</table>

</body>

</html>]]></description>
			<styleUrl>#PolyStyle10</styleUrl>
			<MultiGeometry>
				<Polygon>
					<outerBoundaryIs>
						<LinearRing>
							<coordinates>
								80.34459816712823,19.58705342838128,0 80.34459923053187,19.58719591843391,0 80.3441183264481,19.58718318583351,0 80.34432850339006,19.58667587302743,0 80.34439666630519,19.58677130744673,0 80.34459816712823,19.58705342838128,0 
							</coordinates>
						</LinearRing>
					</outerBoundaryIs>
				</Polygon>
			</MultiGeometry>
		</Placemark>
		<Placemark id="ID_10003">
			<name>TAILING STORAGE YARD WITH ENVIRONMENTAL SAFEGUARD MEASURES</name>
			<Snippet maxLines="0"></Snippet>
			<description><![CDATA[<html xmlns:fo="http://www.w3.org/1999/XSL/Format" xmlns:msxsl="urn:schemas-microsoft-com:xslt">

<head>

<META http-equiv="Content-Type" content="text/html">

<meta http-equiv="content-type" content="text/html; charset=UTF-8">

</head>

<body style="margin:0px 0px 0px 0px;overflow:auto;background:#FFFFFF;">

<table style="font-family:Arial,Verdana,Times;font-size:12px;text-align:left;width:100%;border-collapse:collapse;padding:3px 3px 3px 3px">

<tr style="text-align:center;font-weight:bold;background:#9CBCE2">

<td>TAILING STORAGE YARD WITH ENVIRONMENTAL SAFEGUARD MEASURES</td>

</tr>

<tr>

<td>

<table style="font-family:Arial,Verdana,Times;font-size:12px;text-align:left;width:100%;border-spacing:0px; padding:3px 3px 3px 3px">

<tr>

<td>FID</td>

<td>3</td>

</tr>

<tr bgcolor="#D4E4F3">

<td>PROP</td>

<td>TAILING STORAGE YARD WITH ENVIRONMENTAL SAFEGUARD MEASURES</td>

</tr>

<tr>

<td>GUT_NO</td>

<td>187</td>

</tr>

<tr bgcolor="#D4E4F3">

<td>CATE</td>

<td>NON FOREST</td>

</tr>

<tr>

<td>COL</td>

<td>2</td>

</tr>

</table>

</td>

</tr>

</table>

</body>

</html>]]></description>
			<styleUrl>#PolyStyle10</styleUrl>
			<MultiGeometry>
				<Polygon>
					<outerBoundaryIs>
						<LinearRing>
							<coordinates>
								80.3459219447045,19.58721364630366,0 80.34562974526395,19.5874039461659,0 80.34485505840314,19.58738457172925,0 80.34475143160162,19.58725099144883,0 80.34472224849954,19.587213374291,0 80.3459219447045,19.58721364630366,0 
							</coordinates>
						</LinearRing>
					</outerBoundaryIs>
				</Polygon>
			</MultiGeometry>
		</Placemark>
		<Placemark id="ID_10004">
			<name>TAILING STORAGE YARD WITH ENVIRONMENTAL SAFEGUARD MEASURES</name>
			<Snippet maxLines="0"></Snippet>
			<description><![CDATA[<html xmlns:fo="http://www.w3.org/1999/XSL/Format" xmlns:msxsl="urn:schemas-microsoft-com:xslt">

<head>

<META http-equiv="Content-Type" content="text/html">

<meta http-equiv="content-type" content="text/html; charset=UTF-8">

</head>

<body style="margin:0px 0px 0px 0px;overflow:auto;background:#FFFFFF;">

<table style="font-family:Arial,Verdana,Times;font-size:12px;text-align:left;width:100%;border-collapse:collapse;padding:3px 3px 3px 3px">

<tr style="text-align:center;font-weight:bold;background:#9CBCE2">

<td>TAILING STORAGE YARD WITH ENVIRONMENTAL SAFEGUARD MEASURES</td>

</tr>

<tr>

<td>

<table style="font-family:Arial,Verdana,Times;font-size:12px;text-align:left;width:100%;border-spacing:0px; padding:3px 3px 3px 3px">

<tr>

<td>FID</td>

<td>4</td>

</tr>

<tr bgcolor="#D4E4F3">

<td>PROP</td>

<td>TAILING STORAGE YARD WITH ENVIRONMENTAL SAFEGUARD MEASURES</td>

</tr>

<tr>

<td>GUT_NO</td>

<td>205 (P)</td>

</tr>

<tr bgcolor="#D4E4F3">

<td>CATE</td>

<td>FOREST</td>

</tr>

<tr>

<td>COL</td>

<td>2</td>

</tr>

</table>

</td>

</tr>

</table>

</body>

</html>]]></description>
			<styleUrl>#PolyStyle14</styleUrl>
			<MultiGeometry>
				<Polygon>
					<outerBoundaryIs>
						<LinearRing>
							<coordinates>
								80.33614817323853,19.58746165196462,0 80.33579730790123,19.58763055579926,0 80.33583058617852,19.58759697987711,0 80.33623282423179,19.58719794574023,0 80.33615491836707,19.58744063861489,0 80.33614817323853,19.58746165196462,0 
							</coordinates>
						</LinearRing>
					</outerBoundaryIs>
				</Polygon>
			</MultiGeometry>
		</Placemark>
		<Placemark id="ID_10005">
			<name>TAILING STORAGE YARD WITH ENVIRONMENTAL SAFEGUARD MEASURES</name>
			<Snippet maxLines="0"></Snippet>
			<description><![CDATA[<html xmlns:fo="http://www.w3.org/1999/XSL/Format" xmlns:msxsl="urn:schemas-microsoft-com:xslt">

<head>

<META http-equiv="Content-Type" content="text/html">

<meta http-equiv="content-type" content="text/html; charset=UTF-8">

</head>

<body style="margin:0px 0px 0px 0px;overflow:auto;background:#FFFFFF;">

<table style="font-family:Arial,Verdana,Times;font-size:12px;text-align:left;width:100%;border-collapse:collapse;padding:3px 3px 3px 3px">

<tr style="text-align:center;font-weight:bold;background:#9CBCE2">

<td>TAILING STORAGE YARD WITH ENVIRONMENTAL SAFEGUARD MEASURES</td>

</tr>

<tr>

<td>

<table style="font-family:Arial,Verdana,Times;font-size:12px;text-align:left;width:100%;border-spacing:0px; padding:3px 3px 3px 3px">

<tr>

<td>FID</td>

<td>5</td>

</tr>

<tr bgcolor="#D4E4F3">

<td>PROP</td>

<td>TAILING STORAGE YARD WITH ENVIRONMENTAL SAFEGUARD MEASURES</td>

</tr>

<tr>

<td>GUT_NO</td>

<td>188</td>

</tr>

<tr bgcolor="#D4E4F3">

<td>CATE</td>

<td>NON FOREST</td>

</tr>

<tr>

<td>COL</td>

<td>2</td>

</tr>

</table>

</td>

</tr>

</table>

</body>

</html>]]></description>
			<styleUrl>#PolyStyle10</styleUrl>
			<MultiGeometry>
				<Polygon>
					<outerBoundaryIs>
						<LinearRing>
							<coordinates>
								80.34561727282863,19.58763030500771,0 80.34561126278327,19.5876969392966,0 80.34561098206544,19.5876968018245,0 80.3455427087368,19.58766334527372,0 80.34535319417962,19.5875704772324,0 80.34514531498753,19.58750994861351,0 80.34506344837197,19.58747976438859,0 80.34499373575244,19.58756319501342,0 80.34499348914079,19.58756287602773,0 80.34499343452717,19.58756294179685,0 80.34485505840314,19.58738457172925,0 80.34562974526395,19.5874039461659,0 80.34563767254232,19.58740414391884,0 80.34561727282863,19.58763030500771,0 
							</coordinates>
						</LinearRing>
					</outerBoundaryIs>
				</Polygon>
			</MultiGeometry>
		</Placemark>
		<Placemark id="ID_10006">
			<name>TAILING STORAGE YARD WITH ENVIRONMENTAL SAFEGUARD MEASURES</name>
			<Snippet maxLines="0"></Snippet>
			<description><![CDATA[<html xmlns:fo="http://www.w3.org/1999/XSL/Format" xmlns:msxsl="urn:schemas-microsoft-com:xslt">

<head>

<META http-equiv="Content-Type" content="text/html">

<meta http-equiv="content-type" content="text/html; charset=UTF-8">

</head>

<body style="margin:0px 0px 0px 0px;overflow:auto;background:#FFFFFF;">

<table style="font-family:Arial,Verdana,Times;font-size:12px;text-align:left;width:100%;border-collapse:collapse;padding:3px 3px 3px 3px">

<tr style="text-align:center;font-weight:bold;background:#9CBCE2">

<td>TAILING STORAGE YARD WITH ENVIRONMENTAL SAFEGUARD MEASURES</td>

</tr>

<tr>

<td>

<table style="font-family:Arial,Verdana,Times;font-size:12px;text-align:left;width:100%;border-spacing:0px; padding:3px 3px 3px 3px">

<tr>

<td>FID</td>

<td>6</td>

</tr>

<tr bgcolor="#D4E4F3">

<td>PROP</td>

<td>TAILING STORAGE YARD WITH ENVIRONMENTAL SAFEGUARD MEASURES</td>

</tr>

<tr>

<td>GUT_NO</td>

<td>190</td>

</tr>

<tr bgcolor="#D4E4F3">

<td>CATE</td>

<td>NON FOREST</td>

</tr>

<tr>

<td>COL</td>

<td>2</td>

</tr>

</table>

</td>

</tr>

</table>

</body>

</html>]]></description>
			<styleUrl>#PolyStyle10</styleUrl>
			<MultiGeometry>
				<Polygon>
					<outerBoundaryIs>
						<LinearRing>
							<coordinates>
								80.34820722909758,19.58806379443292,0 80.34785785520141,19.58837096461561,0 80.34763173727271,19.58814061491874,0 80.34710616164084,19.58760444167525,0 80.34696846365952,19.58746396628733,0 80.34748421811265,19.58718609220109,0 80.34758970821539,19.58730123933239,0 80.34765767653194,19.58733734897983,0 80.34811739381914,19.58781959313528,0 80.34820722909758,19.58806379443292,0 
							</coordinates>
						</LinearRing>
					</outerBoundaryIs>
				</Polygon>
			</MultiGeometry>
		</Placemark>
		<Placemark id="ID_10007">
			<name>TAILING STORAGE YARD WITH ENVIRONMENTAL SAFEGUARD MEASURES</name>
			<Snippet maxLines="0"></Snippet>
			<description><![CDATA[<html xmlns:fo="http://www.w3.org/1999/XSL/Format" xmlns:msxsl="urn:schemas-microsoft-com:xslt">

<head>

<META http-equiv="Content-Type" content="text/html">

<meta http-equiv="content-type" content="text/html; charset=UTF-8">

</head>

<body style="margin:0px 0px 0px 0px;overflow:auto;background:#FFFFFF;">

<table style="font-family:Arial,Verdana,Times;font-size:12px;text-align:left;width:100%;border-collapse:collapse;padding:3px 3px 3px 3px">

<tr style="text-align:center;font-weight:bold;background:#9CBCE2">

<td>TAILING STORAGE YARD WITH ENVIRONMENTAL SAFEGUARD MEASURES</td>

</tr>

<tr>

<td>

<table style="font-family:Arial,Verdana,Times;font-size:12px;text-align:left;width:100%;border-spacing:0px; padding:3px 3px 3px 3px">

<tr>

<td>FID</td>

<td>7</td>

</tr>

<tr bgcolor="#D4E4F3">

<td>PROP</td>

<td>TAILING STORAGE YARD WITH ENVIRONMENTAL SAFEGUARD MEASURES</td>

</tr>

<tr>

<td>GUT_NO</td>

<td>191</td>

</tr>

<tr bgcolor="#D4E4F3">

<td>CATE</td>

<td>NON FOREST</td>

</tr>

<tr>

<td>COL</td>

<td>2</td>

</tr>

</table>

</td>

</tr>

</table>

</body>

</html>]]></description>
			<styleUrl>#PolyStyle10</styleUrl>
			<MultiGeometry>
				<Polygon>
					<outerBoundaryIs>
						<LinearRing>
							<coordinates>
								80.34785785520141,19.58837096461561,0 80.34760721240453,19.58859241636986,0 80.34719275936855,19.58814619946122,0 80.34694396698248,19.58790859444983,0 80.34684090168469,19.58780313036704,0 80.3467469072306,19.58797960901838,0 80.34650348484996,19.58828715943212,0 80.34611936486534,19.58782670439266,0 80.34646819086107,19.58765582090359,0 80.34696846365952,19.58746396628733,0 80.34710616164084,19.58760444167525,0 80.34763173727271,19.58814061491874,0 80.34785785520141,19.58837096461561,0 
							</coordinates>
						</LinearRing>
					</outerBoundaryIs>
				</Polygon>
			</MultiGeometry>
		</Placemark>
		<Placemark id="ID_10008">
			<name>TAILING STORAGE YARD WITH ENVIRONMENTAL SAFEGUARD MEASURES</name>
			<Snippet maxLines="0"></Snippet>
			<description><![CDATA[<html xmlns:fo="http://www.w3.org/1999/XSL/Format" xmlns:msxsl="urn:schemas-microsoft-com:xslt">

<head>

<META http-equiv="Content-Type" content="text/html">

<meta http-equiv="content-type" content="text/html; charset=UTF-8">

</head>

<body style="margin:0px 0px 0px 0px;overflow:auto;background:#FFFFFF;">

<table style="font-family:Arial,Verdana,Times;font-size:12px;text-align:left;width:100%;border-collapse:collapse;padding:3px 3px 3px 3px">

<tr style="text-align:center;font-weight:bold;background:#9CBCE2">

<td>TAILING STORAGE YARD WITH ENVIRONMENTAL SAFEGUARD MEASURES</td>

</tr>

<tr>

<td>

<table style="font-family:Arial,Verdana,Times;font-size:12px;text-align:left;width:100%;border-spacing:0px; padding:3px 3px 3px 3px">

<tr>

<td>FID</td>

<td>8</td>

</tr>

<tr bgcolor="#D4E4F3">

<td>PROP</td>

<td>TAILING STORAGE YARD WITH ENVIRONMENTAL SAFEGUARD MEASURES</td>

</tr>

<tr>

<td>GUT_NO</td>

<td>189</td>

</tr>

<tr bgcolor="#D4E4F3">

<td>CATE</td>

<td>NON FOREST</td>

</tr>

<tr>

<td>COL</td>

<td>2</td>

</tr>

</table>

</td>

</tr>

</table>

</body>

</html>]]></description>
			<styleUrl>#PolyStyle10</styleUrl>
			<MultiGeometry>
				<Polygon>
					<outerBoundaryIs>
						<LinearRing>
							<coordinates>
								80.34474935395194,19.58865591445808,0 80.34461043617191,19.58869725103275,0 80.34459923053187,19.58719591843391,0 80.34459816712823,19.58705342838128,0 80.34472224849954,19.587213374291,0 80.34475143160162,19.58725099144883,0 80.34485505840314,19.58738457172925,0 80.34499343452717,19.58756294179685,0 80.34499348914079,19.58756287602773,0 80.34499373575244,19.58756319501342,0 80.34506344837197,19.58747976438859,0 80.34514531498753,19.58750994861351,0 80.34535319417962,19.5875704772324,0 80.3455427087368,19.58766334527372,0 80.34561098206544,19.5876968018245,0 80.34561126278327,19.5876969392966,0 80.3456478413775,19.58789265937338,0 80.34567269971903,19.58802566597288,0 80.34547653841148,19.58818634307474,0 80.34504021354425,19.58847167214162,0 80.34474935395194,19.58865591445808,0 
							</coordinates>
						</LinearRing>
					</outerBoundaryIs>
				</Polygon>
			</MultiGeometry>
		</Placemark>
		<Placemark id="ID_10009">
			<name>TAILING STORAGE YARD WITH ENVIRONMENTAL SAFEGUARD MEASURES</name>
			<Snippet maxLines="0"></Snippet>
			<description><![CDATA[<html xmlns:fo="http://www.w3.org/1999/XSL/Format" xmlns:msxsl="urn:schemas-microsoft-com:xslt">

<head>

<META http-equiv="Content-Type" content="text/html">

<meta http-equiv="content-type" content="text/html; charset=UTF-8">

</head>

<body style="margin:0px 0px 0px 0px;overflow:auto;background:#FFFFFF;">

<table style="font-family:Arial,Verdana,Times;font-size:12px;text-align:left;width:100%;border-collapse:collapse;padding:3px 3px 3px 3px">

<tr style="text-align:center;font-weight:bold;background:#9CBCE2">

<td>TAILING STORAGE YARD WITH ENVIRONMENTAL SAFEGUARD MEASURES</td>

</tr>

<tr>

<td>

<table style="font-family:Arial,Verdana,Times;font-size:12px;text-align:left;width:100%;border-spacing:0px; padding:3px 3px 3px 3px">

<tr>

<td>FID</td>

<td>9</td>

</tr>

<tr bgcolor="#D4E4F3">

<td>PROP</td>

<td>TAILING STORAGE YARD WITH ENVIRONMENTAL SAFEGUARD MEASURES</td>

</tr>

<tr>

<td>GUT_NO</td>

<td>192</td>

</tr>

<tr bgcolor="#D4E4F3">

<td>CATE</td>

<td>NON FOREST</td>

</tr>

<tr>

<td>COL</td>

<td>2</td>

</tr>

</table>

</td>

</tr>

</table>

</body>

</html>]]></description>
			<styleUrl>#PolyStyle10</styleUrl>
			<MultiGeometry>
				<Polygon>
					<outerBoundaryIs>
						<LinearRing>
							<coordinates>
								80.34742335287297,19.58914406001123,0 80.3461207943382,19.58934735366931,0 80.34623564855259,19.58901781968405,0 80.34624359257668,19.5889246011609,0 80.34650348484996,19.58828715943212,0 80.3467469072306,19.58797960901838,0 80.34684090168469,19.58780313036704,0 80.34694396698248,19.58790859444983,0 80.34719275936855,19.58814619946122,0 80.34760721240453,19.58859241636986,0 80.34742335287297,19.58914406001123,0 
							</coordinates>
						</LinearRing>
					</outerBoundaryIs>
				</Polygon>
			</MultiGeometry>
		</Placemark>
		<Placemark id="ID_10010">
			<name>TAILING STORAGE YARD WITH ENVIRONMENTAL SAFEGUARD MEASURES</name>
			<Snippet maxLines="0"></Snippet>
			<description><![CDATA[<html xmlns:fo="http://www.w3.org/1999/XSL/Format" xmlns:msxsl="urn:schemas-microsoft-com:xslt">

<head>

<META http-equiv="Content-Type" content="text/html">

<meta http-equiv="content-type" content="text/html; charset=UTF-8">

</head>

<body style="margin:0px 0px 0px 0px;overflow:auto;background:#FFFFFF;">

<table style="font-family:Arial,Verdana,Times;font-size:12px;text-align:left;width:100%;border-collapse:collapse;padding:3px 3px 3px 3px">

<tr style="text-align:center;font-weight:bold;background:#9CBCE2">

<td>TAILING STORAGE YARD WITH ENVIRONMENTAL SAFEGUARD MEASURES</td>

</tr>

<tr>

<td>

<table style="font-family:Arial,Verdana,Times;font-size:12px;text-align:left;width:100%;border-spacing:0px; padding:3px 3px 3px 3px">

<tr>

<td>FID</td>

<td>10</td>

</tr>

<tr bgcolor="#D4E4F3">

<td>PROP</td>

<td>TAILING STORAGE YARD WITH ENVIRONMENTAL SAFEGUARD MEASURES</td>

</tr>

<tr>

<td>GUT_NO</td>

<td>182</td>

</tr>

<tr bgcolor="#D4E4F3">

<td>CATE</td>

<td>NON FOREST</td>

</tr>

<tr>

<td>COL</td>

<td>2</td>

</tr>

</table>

</td>

</tr>

</table>

</body>

</html>]]></description>
			<styleUrl>#PolyStyle10</styleUrl>
			<MultiGeometry>
				<Polygon>
					<outerBoundaryIs>
						<LinearRing>
							<coordinates>
								80.3541370829718,19.58872362418512,0 80.35370274679335,19.58972601942019,0 80.35298460187749,19.58951543084948,0 80.3532209907425,19.58907156174303,0 80.35325183608934,19.58892821459693,0 80.35339686115515,19.58862030196241,0 80.35403370570967,19.58858842695704,0 80.35403378159013,19.5885885266321,0 80.35419924445517,19.58858024443375,0 80.35413710573238,19.58872365499127,0 80.3541370829718,19.58872362418512,0 
							</coordinates>
						</LinearRing>
					</outerBoundaryIs>
				</Polygon>
			</MultiGeometry>
		</Placemark>
		<Placemark id="ID_10011">
			<name>TAILING STORAGE YARD WITH ENVIRONMENTAL SAFEGUARD MEASURES</name>
			<Snippet maxLines="0"></Snippet>
			<description><![CDATA[<html xmlns:fo="http://www.w3.org/1999/XSL/Format" xmlns:msxsl="urn:schemas-microsoft-com:xslt">

<head>

<META http-equiv="Content-Type" content="text/html">

<meta http-equiv="content-type" content="text/html; charset=UTF-8">

</head>

<body style="margin:0px 0px 0px 0px;overflow:auto;background:#FFFFFF;">

<table style="font-family:Arial,Verdana,Times;font-size:12px;text-align:left;width:100%;border-collapse:collapse;padding:3px 3px 3px 3px">

<tr style="text-align:center;font-weight:bold;background:#9CBCE2">

<td>TAILING STORAGE YARD WITH ENVIRONMENTAL SAFEGUARD MEASURES</td>

</tr>

<tr>

<td>

<table style="font-family:Arial,Verdana,Times;font-size:12px;text-align:left;width:100%;border-spacing:0px; padding:3px 3px 3px 3px">

<tr>

<td>FID</td>

<td>11</td>

</tr>

<tr bgcolor="#D4E4F3">

<td>PROP</td>

<td>TAILING STORAGE YARD WITH ENVIRONMENTAL SAFEGUARD MEASURES</td>

</tr>

<tr>

<td>GUT_NO</td>

<td>203</td>

</tr>

<tr bgcolor="#D4E4F3">

<td>CATE</td>

<td>NON FOREST</td>

</tr>

<tr>

<td>COL</td>

<td>2</td>

</tr>

</table>

</td>

</tr>

</table>

</body>

</html>]]></description>
			<styleUrl>#PolyStyle10</styleUrl>
			<MultiGeometry>
				<Polygon>
					<outerBoundaryIs>
						<LinearRing>
							<coordinates>
								80.33991084548859,19.59071663977051,0 80.33956369795975,19.59071819240544,0 80.33968541273408,19.59056561729104,0 80.3397666860716,19.5904320218387,0 80.3399594269921,19.59018406919122,0 80.34006166042406,19.58985927458276,0 80.34061806065996,19.58951701355191,0 80.34091938449359,19.58986241201485,0 80.34109007329346,19.59007343949885,0 80.34194830385741,19.58995224424369,0 80.34191496112823,19.59070766221317,0 80.33991084548859,19.59071663977051,0 
							</coordinates>
						</LinearRing>
					</outerBoundaryIs>
				</Polygon>
			</MultiGeometry>
		</Placemark>
		<Placemark id="ID_10012">
			<name>TAILING STORAGE YARD WITH ENVIRONMENTAL SAFEGUARD MEASURES</name>
			<Snippet maxLines="0"></Snippet>
			<description><![CDATA[<html xmlns:fo="http://www.w3.org/1999/XSL/Format" xmlns:msxsl="urn:schemas-microsoft-com:xslt">

<head>

<META http-equiv="Content-Type" content="text/html">

<meta http-equiv="content-type" content="text/html; charset=UTF-8">

</head>

<body style="margin:0px 0px 0px 0px;overflow:auto;background:#FFFFFF;">

<table style="font-family:Arial,Verdana,Times;font-size:12px;text-align:left;width:100%;border-collapse:collapse;padding:3px 3px 3px 3px">

<tr style="text-align:center;font-weight:bold;background:#9CBCE2">

<td>TAILING STORAGE YARD WITH ENVIRONMENTAL SAFEGUARD MEASURES</td>

</tr>

<tr>

<td>

<table style="font-family:Arial,Verdana,Times;font-size:12px;text-align:left;width:100%;border-spacing:0px; padding:3px 3px 3px 3px">

<tr>

<td>FID</td>

<td>12</td>

</tr>

<tr bgcolor="#D4E4F3">

<td>PROP</td>

<td>TAILING STORAGE YARD WITH ENVIRONMENTAL SAFEGUARD MEASURES</td>

</tr>

<tr>

<td>GUT_NO</td>

<td>183</td>

</tr>

<tr bgcolor="#D4E4F3">

<td>CATE</td>

<td>NON FOREST</td>

</tr>

<tr>

<td>COL</td>

<td>2</td>

</tr>

</table>

</td>

</tr>

</table>

</body>

</html>]]></description>
			<styleUrl>#PolyStyle10</styleUrl>
			<MultiGeometry>
				<Polygon>
					<outerBoundaryIs>
						<LinearRing>
							<coordinates>
								80.35370274679335,19.58972601942019,0 80.35320606005935,19.5909149321168,0 80.35300237707645,19.59074922546032,0 80.35298959053172,19.59016100555592,0 80.35298460187749,19.58951543084948,0 80.35370274679335,19.58972601942019,0 
							</coordinates>
						</LinearRing>
					</outerBoundaryIs>
				</Polygon>
			</MultiGeometry>
		</Placemark>
		<Placemark id="ID_10013">
			<name>TAILING STORAGE YARD WITH ENVIRONMENTAL SAFEGUARD MEASURES</name>
			<Snippet maxLines="0"></Snippet>
			<description><![CDATA[<html xmlns:fo="http://www.w3.org/1999/XSL/Format" xmlns:msxsl="urn:schemas-microsoft-com:xslt">

<head>

<META http-equiv="Content-Type" content="text/html">

<meta http-equiv="content-type" content="text/html; charset=UTF-8">

</head>

<body style="margin:0px 0px 0px 0px;overflow:auto;background:#FFFFFF;">

<table style="font-family:Arial,Verdana,Times;font-size:12px;text-align:left;width:100%;border-collapse:collapse;padding:3px 3px 3px 3px">

<tr style="text-align:center;font-weight:bold;background:#9CBCE2">

<td>TAILING STORAGE YARD WITH ENVIRONMENTAL SAFEGUARD MEASURES</td>

</tr>

<tr>

<td>

<table style="font-family:Arial,Verdana,Times;font-size:12px;text-align:left;width:100%;border-spacing:0px; padding:3px 3px 3px 3px">

<tr>

<td>FID</td>

<td>13</td>

</tr>

<tr bgcolor="#D4E4F3">

<td>PROP</td>

<td>TAILING STORAGE YARD WITH ENVIRONMENTAL SAFEGUARD MEASURES</td>

</tr>

<tr>

<td>GUT_NO</td>

<td>202</td>

</tr>

<tr bgcolor="#D4E4F3">

<td>CATE</td>

<td>NON FOREST</td>

</tr>

<tr>

<td>COL</td>

<td>2</td>

</tr>

</table>

</td>

</tr>

</table>

</body>

</html>]]></description>
			<styleUrl>#PolyStyle10</styleUrl>
			<MultiGeometry>
				<Polygon>
					<outerBoundaryIs>
						<LinearRing>
							<coordinates>
								80.34191496112823,19.59070766221317,0 80.34116640401659,19.59115442686897,0 80.33916851266224,19.59111842357678,0 80.33956369795975,19.59071819240544,0 80.33991084548859,19.59071663977051,0 80.34191496112823,19.59070766221317,0 
							</coordinates>
						</LinearRing>
					</outerBoundaryIs>
				</Polygon>
			</MultiGeometry>
		</Placemark>
		<Placemark id="ID_10014">
			<name>TAILING STORAGE YARD WITH ENVIRONMENTAL SAFEGUARD MEASURES</name>
			<Snippet maxLines="0"></Snippet>
			<description><![CDATA[<html xmlns:fo="http://www.w3.org/1999/XSL/Format" xmlns:msxsl="urn:schemas-microsoft-com:xslt">

<head>

<META http-equiv="Content-Type" content="text/html">

<meta http-equiv="content-type" content="text/html; charset=UTF-8">

</head>

<body style="margin:0px 0px 0px 0px;overflow:auto;background:#FFFFFF;">

<table style="font-family:Arial,Verdana,Times;font-size:12px;text-align:left;width:100%;border-collapse:collapse;padding:3px 3px 3px 3px">

<tr style="text-align:center;font-weight:bold;background:#9CBCE2">

<td>TAILING STORAGE YARD WITH ENVIRONMENTAL SAFEGUARD MEASURES</td>

</tr>

<tr>

<td>

<table style="font-family:Arial,Verdana,Times;font-size:12px;text-align:left;width:100%;border-spacing:0px; padding:3px 3px 3px 3px">

<tr>

<td>FID</td>

<td>14</td>

</tr>

<tr bgcolor="#D4E4F3">

<td>PROP</td>

<td>TAILING STORAGE YARD WITH ENVIRONMENTAL SAFEGUARD MEASURES</td>

</tr>

<tr>

<td>GUT_NO</td>

<td>194</td>

</tr>

<tr bgcolor="#D4E4F3">

<td>CATE</td>

<td>NON FOREST</td>

</tr>

<tr>

<td>COL</td>

<td>2</td>

</tr>

</table>

</td>

</tr>

</table>

</body>

</html>]]></description>
			<styleUrl>#PolyStyle10</styleUrl>
			<MultiGeometry>
				<Polygon>
					<outerBoundaryIs>
						<LinearRing>
							<coordinates>
								80.34633938082455,19.59415650361792,0 80.34595686417393,19.59445776134195,0 80.34593979351521,19.59377489277266,0 80.34721301117622,19.59334913686836,0 80.34714756875753,19.59340961617212,0 80.34633938082455,19.59415650361792,0 
							</coordinates>
						</LinearRing>
					</outerBoundaryIs>
				</Polygon>
			</MultiGeometry>
		</Placemark>
		<Placemark id="ID_10015">
			<name>TAILING STORAGE YARD WITH ENVIRONMENTAL SAFEGUARD MEASURES</name>
			<Snippet maxLines="0"></Snippet>
			<description><![CDATA[<html xmlns:fo="http://www.w3.org/1999/XSL/Format" xmlns:msxsl="urn:schemas-microsoft-com:xslt">

<head>

<META http-equiv="Content-Type" content="text/html">

<meta http-equiv="content-type" content="text/html; charset=UTF-8">

</head>

<body style="margin:0px 0px 0px 0px;overflow:auto;background:#FFFFFF;">

<table style="font-family:Arial,Verdana,Times;font-size:12px;text-align:left;width:100%;border-collapse:collapse;padding:3px 3px 3px 3px">

<tr style="text-align:center;font-weight:bold;background:#9CBCE2">

<td>TAILING STORAGE YARD WITH ENVIRONMENTAL SAFEGUARD MEASURES</td>

</tr>

<tr>

<td>

<table style="font-family:Arial,Verdana,Times;font-size:12px;text-align:left;width:100%;border-spacing:0px; padding:3px 3px 3px 3px">

<tr>

<td>FID</td>

<td>15</td>

</tr>

<tr bgcolor="#D4E4F3">

<td>PROP</td>

<td>TAILING STORAGE YARD WITH ENVIRONMENTAL SAFEGUARD MEASURES</td>

</tr>

<tr>

<td>GUT_NO</td>

<td>195</td>

</tr>

<tr bgcolor="#D4E4F3">

<td>CATE</td>

<td>NON FOREST</td>

</tr>

<tr>

<td>COL</td>

<td>2</td>

</tr>

</table>

</td>

</tr>

</table>

</body>

</html>]]></description>
			<styleUrl>#PolyStyle10</styleUrl>
			<MultiGeometry>
				<Polygon>
					<outerBoundaryIs>
						<LinearRing>
							<coordinates>
								80.34595686417393,19.59445776134195,0 80.34573197002197,19.59463488025112,0 80.34539930876663,19.59454759856771,0 80.34454489509321,19.59434365461237,0 80.34453054239478,19.59414993554934,0 80.34545757191445,19.59390322763585,0 80.34593979351521,19.59377489277266,0 80.34595686417393,19.59445776134195,0 
							</coordinates>
						</LinearRing>
					</outerBoundaryIs>
				</Polygon>
			</MultiGeometry>
		</Placemark>
		<Placemark id="ID_10016">
			<name>TAILING STORAGE YARD WITH ENVIRONMENTAL SAFEGUARD MEASURES</name>
			<Snippet maxLines="0"></Snippet>
			<description><![CDATA[<html xmlns:fo="http://www.w3.org/1999/XSL/Format" xmlns:msxsl="urn:schemas-microsoft-com:xslt">

<head>

<META http-equiv="Content-Type" content="text/html">

<meta http-equiv="content-type" content="text/html; charset=UTF-8">

</head>

<body style="margin:0px 0px 0px 0px;overflow:auto;background:#FFFFFF;">

<table style="font-family:Arial,Verdana,Times;font-size:12px;text-align:left;width:100%;border-collapse:collapse;padding:3px 3px 3px 3px">

<tr style="text-align:center;font-weight:bold;background:#9CBCE2">

<td>TAILING STORAGE YARD WITH ENVIRONMENTAL SAFEGUARD MEASURES</td>

</tr>

<tr>

<td>

<table style="font-family:Arial,Verdana,Times;font-size:12px;text-align:left;width:100%;border-spacing:0px; padding:3px 3px 3px 3px">

<tr>

<td>FID</td>

<td>16</td>

</tr>

<tr bgcolor="#D4E4F3">

<td>PROP</td>

<td>TAILING STORAGE YARD WITH ENVIRONMENTAL SAFEGUARD MEASURES</td>

</tr>

<tr>

<td>GUT_NO</td>

<td>193</td>

</tr>

<tr bgcolor="#D4E4F3">

<td>CATE</td>

<td>NON FOREST</td>

</tr>

<tr>

<td>COL</td>

<td>2</td>

</tr>

</table>

</td>

</tr>

</table>

</body>

</html>]]></description>
			<styleUrl>#PolyStyle10</styleUrl>
			<MultiGeometry>
				<Polygon>
					<outerBoundaryIs>
						<LinearRing>
							<coordinates>
								80.34717281271894,19.59495033011085,0 80.34686998947035,19.59497075120383,0 80.34701224219538,19.5943382634949,0 80.34706603108933,19.59413761809363,0 80.34721301117622,19.59334913686836,0 80.34838627538434,19.59331034455459,0 80.34817127203078,19.59407706197539,0 80.34808614252198,19.59454298972694,0 80.34801368511893,19.59475970646888,0 80.34754409777744,19.59484408141491,0 80.34717281271894,19.59495033011085,0 
							</coordinates>
						</LinearRing>
					</outerBoundaryIs>
				</Polygon>
			</MultiGeometry>
		</Placemark>
		<Placemark id="ID_10017">
			<name>TAILING STORAGE YARD WITH ENVIRONMENTAL SAFEGUARD MEASURES</name>
			<Snippet maxLines="0"></Snippet>
			<description><![CDATA[<html xmlns:fo="http://www.w3.org/1999/XSL/Format" xmlns:msxsl="urn:schemas-microsoft-com:xslt">

<head>

<META http-equiv="Content-Type" content="text/html">

<meta http-equiv="content-type" content="text/html; charset=UTF-8">

</head>

<body style="margin:0px 0px 0px 0px;overflow:auto;background:#FFFFFF;">

<table style="font-family:Arial,Verdana,Times;font-size:12px;text-align:left;width:100%;border-collapse:collapse;padding:3px 3px 3px 3px">

<tr style="text-align:center;font-weight:bold;background:#9CBCE2">

<td>TAILING STORAGE YARD WITH ENVIRONMENTAL SAFEGUARD MEASURES</td>

</tr>

<tr>

<td>

<table style="font-family:Arial,Verdana,Times;font-size:12px;text-align:left;width:100%;border-spacing:0px; padding:3px 3px 3px 3px">

<tr>

<td>FID</td>

<td>17</td>

</tr>

<tr bgcolor="#D4E4F3">

<td>PROP</td>

<td>TAILING STORAGE YARD WITH ENVIRONMENTAL SAFEGUARD MEASURES</td>

</tr>

<tr>

<td>GUT_NO</td>

<td>201</td>

</tr>

<tr bgcolor="#D4E4F3">

<td>CATE</td>

<td>NON FOREST</td>

</tr>

<tr>

<td>COL</td>

<td>2</td>

</tr>

</table>

</td>

</tr>

</table>

</body>

</html>]]></description>
			<styleUrl>#PolyStyle10</styleUrl>
			<MultiGeometry>
				<Polygon>
					<outerBoundaryIs>
						<LinearRing>
							<coordinates>
								80.33735452643394,19.59526471403513,0 80.33691696148523,19.59529526993425,0 80.3369185959983,19.59513946826419,0 80.33693351570855,19.59371730642942,0 80.3374173017658,19.59386254259984,0 80.33841577518935,19.59400010276971,0 80.33841464194082,19.59427744809532,0 80.3380878940621,19.59521349957634,0 80.33735452643394,19.59526471403513,0 
							</coordinates>
						</LinearRing>
					</outerBoundaryIs>
				</Polygon>
			</MultiGeometry>
		</Placemark>
		<Placemark id="ID_10018">
			<name>TAILING STORAGE YARD WITH ENVIRONMENTAL SAFEGUARD MEASURES</name>
			<Snippet maxLines="0"></Snippet>
			<description><![CDATA[<html xmlns:fo="http://www.w3.org/1999/XSL/Format" xmlns:msxsl="urn:schemas-microsoft-com:xslt">

<head>

<META http-equiv="Content-Type" content="text/html">

<meta http-equiv="content-type" content="text/html; charset=UTF-8">

</head>

<body style="margin:0px 0px 0px 0px;overflow:auto;background:#FFFFFF;">

<table style="font-family:Arial,Verdana,Times;font-size:12px;text-align:left;width:100%;border-collapse:collapse;padding:3px 3px 3px 3px">

<tr style="text-align:center;font-weight:bold;background:#9CBCE2">

<td>TAILING STORAGE YARD WITH ENVIRONMENTAL SAFEGUARD MEASURES</td>

</tr>

<tr>

<td>

<table style="font-family:Arial,Verdana,Times;font-size:12px;text-align:left;width:100%;border-spacing:0px; padding:3px 3px 3px 3px">

<tr>

<td>FID</td>

<td>18</td>

</tr>

<tr bgcolor="#D4E4F3">

<td>PROP</td>

<td>TAILING STORAGE YARD WITH ENVIRONMENTAL SAFEGUARD MEASURES</td>

</tr>

<tr>

<td>GUT_NO</td>

<td>196</td>

</tr>

<tr bgcolor="#D4E4F3">

<td>CATE</td>

<td>NON FOREST</td>

</tr>

<tr>

<td>COL</td>

<td>2</td>

</tr>

</table>

</td>

</tr>

</table>

</body>

</html>]]></description>
			<styleUrl>#PolyStyle10</styleUrl>
			<MultiGeometry>
				<Polygon>
					<outerBoundaryIs>
						<LinearRing>
							<coordinates>
								80.34686998947035,19.59497075120383,0 80.34632918633308,19.5958223601401,0 80.34590201507937,19.59563252316727,0 80.34565240178256,19.59559575260856,0 80.34573197002197,19.59463488025112,0 80.34595686417393,19.59445776134195,0 80.34633938082455,19.59415650361792,0 80.34714756875753,19.59340961617212,0 80.34721301117622,19.59334913686836,0 80.34706603108933,19.59413761809363,0 80.34701224219538,19.5943382634949,0 80.34686998947035,19.59497075120383,0 
							</coordinates>
						</LinearRing>
					</outerBoundaryIs>
				</Polygon>
			</MultiGeometry>
		</Placemark>
		<Placemark id="ID_10019">
			<name>TAILING STORAGE YARD WITH ENVIRONMENTAL SAFEGUARD MEASURES</name>
			<Snippet maxLines="0"></Snippet>
			<description><![CDATA[<html xmlns:fo="http://www.w3.org/1999/XSL/Format" xmlns:msxsl="urn:schemas-microsoft-com:xslt">

<head>

<META http-equiv="Content-Type" content="text/html">

<meta http-equiv="content-type" content="text/html; charset=UTF-8">

</head>

<body style="margin:0px 0px 0px 0px;overflow:auto;background:#FFFFFF;">

<table style="font-family:Arial,Verdana,Times;font-size:12px;text-align:left;width:100%;border-collapse:collapse;padding:3px 3px 3px 3px">

<tr style="text-align:center;font-weight:bold;background:#9CBCE2">

<td>TAILING STORAGE YARD WITH ENVIRONMENTAL SAFEGUARD MEASURES</td>

</tr>

<tr>

<td>

<table style="font-family:Arial,Verdana,Times;font-size:12px;text-align:left;width:100%;border-spacing:0px; padding:3px 3px 3px 3px">

<tr>

<td>FID</td>

<td>19</td>

</tr>

<tr bgcolor="#D4E4F3">

<td>PROP</td>

<td>TAILING STORAGE YARD WITH ENVIRONMENTAL SAFEGUARD MEASURES</td>

</tr>

<tr>

<td>GUT_NO</td>

<td>197</td>

</tr>

<tr bgcolor="#D4E4F3">

<td>CATE</td>

<td>NON FOREST</td>

</tr>

<tr>

<td>COL</td>

<td>2</td>

</tr>

</table>

</td>

</tr>

</table>

</body>

</html>]]></description>
			<styleUrl>#PolyStyle10</styleUrl>
			<MultiGeometry>
				<Polygon>
					<outerBoundaryIs>
						<LinearRing>
							<coordinates>
								80.34824622644899,19.59527699234776,0 80.34822126843189,19.59583638402868,0 80.34632918633308,19.5958223601401,0 80.34686998947035,19.59497075120383,0 80.34717281271894,19.59495033011085,0 80.34754409777744,19.59484408141491,0 80.34801368511893,19.59475970646888,0 80.34824622644899,19.59527699234776,0 
							</coordinates>
						</LinearRing>
					</outerBoundaryIs>
				</Polygon>
			</MultiGeometry>
		</Placemark>
		<Placemark id="ID_10020">
			<name>TAILING STORAGE YARD WITH ENVIRONMENTAL SAFEGUARD MEASURES</name>
			<Snippet maxLines="0"></Snippet>
			<description><![CDATA[<html xmlns:fo="http://www.w3.org/1999/XSL/Format" xmlns:msxsl="urn:schemas-microsoft-com:xslt">

<head>

<META http-equiv="Content-Type" content="text/html">

<meta http-equiv="content-type" content="text/html; charset=UTF-8">

</head>

<body style="margin:0px 0px 0px 0px;overflow:auto;background:#FFFFFF;">

<table style="font-family:Arial,Verdana,Times;font-size:12px;text-align:left;width:100%;border-collapse:collapse;padding:3px 3px 3px 3px">

<tr style="text-align:center;font-weight:bold;background:#9CBCE2">

<td>TAILING STORAGE YARD WITH ENVIRONMENTAL SAFEGUARD MEASURES</td>

</tr>

<tr>

<td>

<table style="font-family:Arial,Verdana,Times;font-size:12px;text-align:left;width:100%;border-spacing:0px; padding:3px 3px 3px 3px">

<tr>

<td>FID</td>

<td>20</td>

</tr>

<tr bgcolor="#D4E4F3">

<td>PROP</td>

<td>TAILING STORAGE YARD WITH ENVIRONMENTAL SAFEGUARD MEASURES</td>

</tr>

<tr>

<td>GUT_NO</td>

<td>198</td>

</tr>

<tr bgcolor="#D4E4F3">

<td>CATE</td>

<td>NON FOREST</td>

</tr>

<tr>

<td>COL</td>

<td>2</td>

</tr>

</table>

</td>

</tr>

</table>

</body>

</html>]]></description>
			<styleUrl>#PolyStyle10</styleUrl>
			<MultiGeometry>
				<Polygon>
					<outerBoundaryIs>
						<LinearRing>
							<coordinates>
								80.34848474959863,19.5961888058515,0 80.34837058821074,19.59634619641366,0 80.3471142799109,19.59632730462929,0 80.34632918633308,19.5958223601401,0 80.34822126843189,19.59583638402868,0 80.34848474959863,19.5961888058515,0 
							</coordinates>
						</LinearRing>
					</outerBoundaryIs>
				</Polygon>
			</MultiGeometry>
		</Placemark>
		<Placemark id="ID_10021">
			<name>TAILING STORAGE YARD WITH ENVIRONMENTAL SAFEGUARD MEASURES</name>
			<Snippet maxLines="0"></Snippet>
			<description><![CDATA[<html xmlns:fo="http://www.w3.org/1999/XSL/Format" xmlns:msxsl="urn:schemas-microsoft-com:xslt">

<head>

<META http-equiv="Content-Type" content="text/html">

<meta http-equiv="content-type" content="text/html; charset=UTF-8">

</head>

<body style="margin:0px 0px 0px 0px;overflow:auto;background:#FFFFFF;">

<table style="font-family:Arial,Verdana,Times;font-size:12px;text-align:left;width:100%;border-collapse:collapse;padding:3px 3px 3px 3px">

<tr style="text-align:center;font-weight:bold;background:#9CBCE2">

<td>TAILING STORAGE YARD WITH ENVIRONMENTAL SAFEGUARD MEASURES</td>

</tr>

<tr>

<td>

<table style="font-family:Arial,Verdana,Times;font-size:12px;text-align:left;width:100%;border-spacing:0px; padding:3px 3px 3px 3px">

<tr>

<td>FID</td>

<td>21</td>

</tr>

<tr bgcolor="#D4E4F3">

<td>PROP</td>

<td>TAILING STORAGE YARD WITH ENVIRONMENTAL SAFEGUARD MEASURES</td>

</tr>

<tr>

<td>GUT_NO</td>

<td>200 (P)</td>

</tr>

<tr bgcolor="#D4E4F3">

<td>CATE</td>

<td>NON FOREST</td>

</tr>

<tr>

<td>COL</td>

<td>2</td>

</tr>

</table>

</td>

</tr>

</table>

</body>

</html>]]></description>
			<styleUrl>#PolyStyle10</styleUrl>
			<MultiGeometry>
				<Polygon>
					<outerBoundaryIs>
						<LinearRing>
							<coordinates>
								80.33933705546403,19.5972783691138,0 80.33932392715073,19.59775971110935,0 80.33871881258959,19.59771715793379,0 80.33870593455208,19.59769701232681,0 80.33869185875821,19.59767596498743,0 80.33862544893377,19.5975766699617,0 80.33861553940322,19.5975618532951,0 80.33859990081048,19.59753847057222,0 80.33843556163023,19.59731774700755,0 80.3382803557616,19.59712174398631,0 80.33808121001347,19.59687025183958,0 80.33804821105193,19.59682955078511,0 80.33791053549376,19.59666132445559,0 80.3379082071873,19.59665848021021,0 80.33794378699871,19.5965567834966,0 80.33933918369995,19.59720033841515,0 80.33933705546403,19.5972783691138,0 
							</coordinates>
						</LinearRing>
					</outerBoundaryIs>
				</Polygon>
			</MultiGeometry>
		</Placemark>
		<Placemark id="ID_10022">
			<name>TAILING STORAGE YARD WITH ENVIRONMENTAL SAFEGUARD MEASURES</name>
			<Snippet maxLines="0"></Snippet>
			<description><![CDATA[<html xmlns:fo="http://www.w3.org/1999/XSL/Format" xmlns:msxsl="urn:schemas-microsoft-com:xslt">

<head>

<META http-equiv="Content-Type" content="text/html">

<meta http-equiv="content-type" content="text/html; charset=UTF-8">

</head>

<body style="margin:0px 0px 0px 0px;overflow:auto;background:#FFFFFF;">

<table style="font-family:Arial,Verdana,Times;font-size:12px;text-align:left;width:100%;border-collapse:collapse;padding:3px 3px 3px 3px">

<tr style="text-align:center;font-weight:bold;background:#9CBCE2">

<td>TAILING STORAGE YARD WITH ENVIRONMENTAL SAFEGUARD MEASURES</td>

</tr>

<tr>

<td>

<table style="font-family:Arial,Verdana,Times;font-size:12px;text-align:left;width:100%;border-spacing:0px; padding:3px 3px 3px 3px">

<tr>

<td>FID</td>

<td>22</td>

</tr>

<tr bgcolor="#D4E4F3">

<td>PROP</td>

<td>TAILING STORAGE YARD WITH ENVIRONMENTAL SAFEGUARD MEASURES</td>

</tr>

<tr>

<td>GUT_NO</td>

<td>199</td>

</tr>

<tr bgcolor="#D4E4F3">

<td>CATE</td>

<td>NON FOREST</td>

</tr>

<tr>

<td>COL</td>

<td>2</td>

</tr>

</table>

</td>

</tr>

</table>

</body>

</html>]]></description>
			<styleUrl>#PolyStyle10</styleUrl>
			<MultiGeometry>
				<Polygon>
					<outerBoundaryIs>
						<LinearRing>
							<coordinates>
								80.34046166092718,19.59716135898251,0 80.34018606651149,19.59792784465186,0 80.33984574608141,19.5978620426296,0 80.33932392715073,19.59775971110935,0 80.33933705546403,19.5972783691138,0 80.33933918369995,19.59720033841515,0 80.33934172796394,19.59710704818553,0 80.34000009916855,19.59713097817118,0 80.34046166092718,19.59716135898251,0 
							</coordinates>
						</LinearRing>
					</outerBoundaryIs>
				</Polygon>
			</MultiGeometry>
		</Placemark>
		<Placemark id="ID_10023">
			<name>TAILING STORAGE YARD WITH ENVIRONMENTAL SAFEGUARD MEASURES</name>
			<Snippet maxLines="0"></Snippet>
			<description><![CDATA[<html xmlns:fo="http://www.w3.org/1999/XSL/Format" xmlns:msxsl="urn:schemas-microsoft-com:xslt">

<head>

<META http-equiv="Content-Type" content="text/html">

<meta http-equiv="content-type" content="text/html; charset=UTF-8">

</head>

<body style="margin:0px 0px 0px 0px;overflow:auto;background:#FFFFFF;">

<table style="font-family:Arial,Verdana,Times;font-size:12px;text-align:left;width:100%;border-collapse:collapse;padding:3px 3px 3px 3px">

<tr style="text-align:center;font-weight:bold;background:#9CBCE2">

<td>TAILING STORAGE YARD WITH ENVIRONMENTAL SAFEGUARD MEASURES</td>

</tr>

<tr>

<td>

<table style="font-family:Arial,Verdana,Times;font-size:12px;text-align:left;width:100%;border-spacing:0px; padding:3px 3px 3px 3px">

<tr>

<td>FID</td>

<td>23</td>

</tr>

<tr bgcolor="#D4E4F3">

<td>PROP</td>

<td>TAILING STORAGE YARD WITH ENVIRONMENTAL SAFEGUARD MEASURES</td>

</tr>

<tr>

<td>GUT_NO</td>

<td>18</td>

</tr>

<tr bgcolor="#D4E4F3">

<td>CATE</td>

<td>NON FOREST</td>

</tr>

<tr>

<td>COL</td>

<td>2</td>

</tr>

</table>

</td>

</tr>

</table>

</body>

</html>]]></description>
			<styleUrl>#PolyStyle10</styleUrl>
			<MultiGeometry>
				<Polygon>
					<outerBoundaryIs>
						<LinearRing>
							<coordinates>
								80.35186004349939,19.59763457822535,0 80.35101968824195,19.59800812932167,0 80.3493009033117,19.59767255127553,0 80.34920553726364,19.59743178443877,0 80.34899893457205,19.59691018176314,0 80.34926490123445,19.59644063318833,0 80.35127676404954,19.59681358009959,0 80.35165379967601,19.59716162392963,0 80.35186004349939,19.59763457822535,0 
							</coordinates>
						</LinearRing>
					</outerBoundaryIs>
				</Polygon>
			</MultiGeometry>
		</Placemark>
		<Placemark id="ID_10024">
			<name>GREEN BELT ZONE</name>
			<Snippet maxLines="0"></Snippet>
			<description><![CDATA[<html xmlns:fo="http://www.w3.org/1999/XSL/Format" xmlns:msxsl="urn:schemas-microsoft-com:xslt">

<head>

<META http-equiv="Content-Type" content="text/html">

<meta http-equiv="content-type" content="text/html; charset=UTF-8">

</head>

<body style="margin:0px 0px 0px 0px;overflow:auto;background:#FFFFFF;">

<table style="font-family:Arial,Verdana,Times;font-size:12px;text-align:left;width:100%;border-collapse:collapse;padding:3px 3px 3px 3px">

<tr style="text-align:center;font-weight:bold;background:#9CBCE2">

<td>GREEN BELT ZONE</td>

</tr>

<tr>

<td>

<table style="font-family:Arial,Verdana,Times;font-size:12px;text-align:left;width:100%;border-spacing:0px; padding:3px 3px 3px 3px">

<tr>

<td>FID</td>

<td>24</td>

</tr>

<tr bgcolor="#D4E4F3">

<td>PROP</td>

<td>GREEN BELT ZONE</td>

</tr>

<tr>

<td>GUT_NO</td>

<td></td>

</tr>

<tr bgcolor="#D4E4F3">

<td>CATE</td>

<td>FOREST</td>

</tr>

<tr>

<td>COL</td>

<td>7</td>

</tr>

</table>

</td>

</tr>

</table>

</body>

</html>]]></description>
			<styleUrl>#PolyStyle124</styleUrl>
			<MultiGeometry>
				<Polygon>
					<outerBoundaryIs>
						<LinearRing>
							<coordinates>
								80.35695704162029,19.60177216503126,0 80.35650745965941,19.60173181378309,0 80.35650585527304,19.60173170232535,0 80.35649398109257,19.60173111862914,0 80.3559880171384,19.60170625417127,0 80.35566936861098,19.60157615588302,0 80.35566781478931,19.60157555933081,0 80.35566620067529,19.60157501768654,0 80.35566456339934,19.60157454554161,0 80.35566290486854,19.60157414290284,0 80.35566122984341,19.60157381159457,0 80.35565954022738,19.60157355252731,0 80.35565783983826,19.60157336481097,0 80.35565613248653,19.60157324936287,0 80.35565442198278,19.60157320710038,0 80.35565330246772,19.60157321845976,0 80.35484542116272,19.6015927886145,0 80.35482046239383,19.60159339327394,0 80.354778065294,19.60159441985867,0 80.3546273247045,19.60159807127906,0 80.35459069103135,19.60158781904055,0 80.35447602950978,19.60155572858952,0 80.35458677921231,19.60144037128484,0 80.35460048331123,19.60142586865719,0 80.35476537505666,19.60145913471987,0 80.35564964726906,19.60143771354714,0 80.35565053892013,19.60143769324002,0 80.35566652579577,19.60143730489436,0 80.35568244798087,19.6014397529189,0 80.35568413759196,19.60144001288965,0 80.35568478941947,19.60144011371957,0 80.35570543355963,19.60144328800132,0 80.35572460404437,19.60145111901762,0 80.35572596161981,19.60145166878082,0 80.3558274481144,19.60149310403591,0 80.356021046866,19.60157214729544,0 80.35650138775276,19.60159575171827,0 80.35651326192335,19.60159633541372,0 80.35651711828622,19.60159652539852,0 80.35652094543218,19.60159686890185,0 80.3568878091544,19.6016297959195,0 80.35731746448278,19.60105325978957,0 80.3574410352394,19.60088744598247,0 80.35744166987951,19.60088683194588,0 80.3574419733159,19.60088653933669,0 80.35744254285375,19.60088599103553,0 80.35780800388829,19.60053453637939,0 80.35794778248726,19.60040011452947,0 80.35761383956398,19.59990131870378,0 80.35760913691652,19.59989429492354,0 80.3576054787344,19.59988742668186,0 80.35760470734674,19.59988597806837,0 80.3576041148706,19.59988485902663,0 80.35759403472927,19.59986594101699,0 80.3575895400276,19.59984472411215,0 80.35758937056639,19.59984393551226,0 80.35758903360477,19.59984234476449,0 80.35758437039667,19.59982033926299,0 80.35758605262296,19.59979795063449,0 80.35758617442326,19.59979633260471,0 80.35758619455902,19.59979606428801,0 80.35758647192357,19.59979297022421,0 80.35758643116215,19.5997929095334,0 80.35758785664896,19.59977394397615,0 80.35759513602345,19.59975447335202,0 80.35759576252322,19.59975278573172,0 80.35759633404066,19.59975125696043,0 80.35759681105797,19.59974999352983,0 80.35760424086618,19.59973009871893,0 80.35761736936233,19.5997122836724,0 80.357617801738,19.59971169692761,0 80.35761878153664,19.5997103666105,0 80.35763234240511,19.59969196481796,0 80.35763329796644,19.59969121547092,0 80.35765058039864,19.5996776452831,0 80.35765189848351,19.59967661076624,0 80.35765218926672,19.59967638227176,0 80.35767013647721,19.59966229032568,0 80.35769010304728,19.59965378480222,0 80.35769173733311,19.59965308486439,0 80.35769329805747,19.59965241990728,0 80.35769467728534,19.59965183653681,0 80.35771533064383,19.59964302982675,0 80.35773807774667,19.59963980799598,0 80.3577386750097,19.59963972066158,0 80.35773999927645,19.59963953109287,0 80.35861473911865,19.59951544906025,0 80.35862099399695,19.59948280834397,0 80.35867117799006,19.59922092855463,0 80.35871456172653,19.59899453316364,0 80.3587501014985,19.59880906937504,0 80.35836908574441,19.59900871829344,0 80.35836879132124,19.59900890340033,0 80.3583686335994,19.59900900133831,0 80.35836762799944,19.59900962670924,0 80.35836034391306,19.59901420133632,0 80.35835326860865,19.59901758386842,0 80.35835303261906,19.59901770140837,0 80.35835232467531,19.59901804770271,0 80.35835099384485,19.59901869179628,0 80.35830216559822,19.59904214156605,0 80.35751168682275,19.59942176272146,0 80.35751128652065,19.59942195648605,0 80.35751090437137,19.59942214127872,0 80.3575105222221,19.59942232607137,0 80.35751047063486,19.59942235028645,0 80.35751011333467,19.59942252070906,0 80.35750975508094,19.59942269112823,0 80.35750932327299,19.59942289472082,0 80.35672335766587,19.59979894356104,0 80.35596036761565,19.60031286357334,0 80.35533964358117,19.6009087482039,0 80.35533956221762,19.60090882653167,0 80.35492711918872,19.60130411811161,0 80.35489989814404,19.60133020705897,0 80.35487920620224,19.60135003800352,0 80.35487900806011,19.60135022796737,0 80.35487894488536,19.60135028828676,0 80.35487137656679,19.60134406567017,0 80.35487133189466,19.60134402936367,0 80.35485007159593,19.60132655138803,0 80.35484926941889,19.6013258942632,0 80.35483985048153,19.6013181812032,0 80.35476983467898,19.60126207864879,0 80.35523785600219,19.60081352007175,0 80.355861373135,19.60021495465548,0 80.35643369313746,19.59982809995639,0 80.35652430472567,19.59976685139715,0 80.35657911279405,19.59972980433905,0 80.35664927911736,19.59968254284175,0 80.35744519718295,19.59930173223601,0 80.35744596527005,19.59930136899013,0 80.35744601590372,19.59930134477167,0 80.35744672479692,19.59930100029167,0 80.35828634182522,19.59889778074768,0 80.35828704786869,19.59889743263948,0 80.35828854044561,19.59889663730649,0 80.35828999226821,19.59889577947551,0 80.35829014998998,19.59889568153759,0 80.35896323062742,19.59847353575179,0 80.3589105645418,19.59873031558236,0 80.35891050228882,19.59873062531815,0 80.35891047793899,19.59873075445563,0 80.35875486793259,19.59954279558674,0 80.35873717244547,19.59963514051793,0 80.35776117186781,19.59977358662582,0 80.35776014904393,19.59977374473696,0 80.35775847049729,19.59977406407472,0 80.35775680883087,19.59977445486215,0 80.35775516786602,19.59977491530554,0 80.35775355046324,19.59977544541507,0 80.35775195949033,19.59977604339369,0 80.3577503987614,19.5997767092549,0 80.35774887019423,19.59977744029462,0 80.35774737856008,19.59977823562611,0 80.35774592577314,19.59977909344894,0 80.35774451565474,19.59978001196938,0 80.35774314916554,19.59978098938348,0 80.35774183107679,19.59978202480463,0 80.35774056330983,19.59978311462504,0 80.35773934873252,19.59978425704748,0 80.357738189259,19.59978545027158,0 80.35773708776063,19.5997866915965,0 80.3577360452017,19.5997879783147,0 80.35773506540352,19.59978930863251,0 80.35773414933394,19.59979067893865,0 80.35773329891076,19.599792086529,0 80.35773251605183,19.59979352869941,0 80.35773180267134,19.59979500364933,0 80.35773115974078,19.59979650686395,0 80.35773058822443,19.59979803563567,0 80.35773008908654,19.59979958725699,0 80.35772966519849,19.59980115902708,0 80.35772931562468,19.59980274642429,0 80.35772904132584,19.59980434764476,0 80.35772884326977,19.59980595907725,0 80.35772872147088,19.59980757710717,0 80.35772867689342,19.59980919902689,0 80.35772870860181,19.59981082031488,0 80.35772881755673,19.59981243916715,0 80.35772900281906,19.59981405196569,0 80.35772926440303,19.59981565509592,0 80.35772960136957,19.59981724493978,0 80.35773001277229,19.59981881968664,0 80.35773049958263,19.5998203748216,0 80.35773105894719,19.59982190852717,0 80.35773168993036,19.59982341628166,0 80.35773239158939,19.59982489537075,0 80.3577331629815,19.59982634308011,0 80.35773400220681,19.59982775759556,0 80.35773461159646,19.59982869957885,0 80.35774930252194,19.59985064231299,0 80.35793053165762,19.60012133749503,0 80.3581337751869,19.60042491123689,0 80.35813534496161,19.60042725551275,0 80.35813478709881,19.60042726527352,0 80.35813307888942,19.60042736853301,0 80.35813137706808,19.60042754410846,0 80.35812968545247,19.60042779110977,0 80.35812800689965,19.60042811045077,0 80.35812634618078,19.60042850124483,0 80.35812470425664,19.60042896168798,0 80.35812308684837,19.60042949180064,0 80.35812149587022,19.6004300897823,0 80.35811993513632,19.60043075564658,0 80.35811840656444,19.60043148668924,0 80.35811691492587,19.60043228202361,0 80.35811546213482,19.60043313984924,0 80.35811405201261,19.60043405837243,0 80.35811268647342,19.60043503579256,0 80.3581113683815,19.60043607121624,0 80.35811010061171,19.60043716103906,0 80.35810918756273,19.6004380099431,0 80.35754441891879,19.60098113422932,0 80.35754411643234,19.60098142774572,0 80.35754295694856,19.6009826209681,0 80.35754185544032,19.60098386229138,0 80.35754081287186,19.60098514900806,0 80.35754038246759,19.60098571858984,0 80.35695704162029,19.60177216503126,0 
							</coordinates>
						</LinearRing>
					</outerBoundaryIs>
				</Polygon>
				<Polygon>
					<outerBoundaryIs>
						<LinearRing>
							<coordinates>
								80.35856827205171,19.60853621297015,0 80.35853692743207,19.60854487323594,0 80.35821881473957,19.60863277469975,0 80.35804759137457,19.60868008686918,0 80.35792502315731,19.60842609095596,0 80.35789193281003,19.60838926256743,0 80.35729510522769,19.60772502784101,0 80.35729450236406,19.60772435697893,0 80.35724972340044,19.6076745210058,0 80.35713216428321,19.60754368294907,0 80.35711653164644,19.60752628494917,0 80.35711649936859,19.60752624868738,0 80.35709770147474,19.60750532775234,0 80.35702527646392,19.60742472271008,0 80.35701444490526,19.60741266712839,0 80.35690300804464,19.60735815617515,0 80.35675218561886,19.60728437848921,0 80.35668045528912,19.60724929064276,0 80.3564535734079,19.60713830655184,0 80.35641618172285,19.60712001656828,0 80.35616386899858,19.60699659180279,0 80.35610242333532,19.60696653413115,0 80.3558434280514,19.60683984089015,0 80.35580528464467,19.60682118211108,0 80.35548128304806,19.6066626873208,0 80.35547217692047,19.60665823311759,0 80.35521347863509,19.60653168283242,0 80.35512967349705,19.60649068729374,0 80.35492690856493,19.6063914991254,0 80.3548738337809,19.60636553569452,0 80.35481108665094,19.60633484036738,0 80.35468129183997,19.60625599082145,0 80.35460943924035,19.60621234132265,0 80.35447252815555,19.60612916831377,0 80.35438023663393,19.60607310144756,0 80.35422789236253,19.60598055256598,0 80.35415097639712,19.60593382674275,0 80.35402151137758,19.60585517672216,0 80.35396693133478,19.60582201989142,0 80.35392064923917,19.60579390271205,0 80.35374368954102,19.60568639989361,0 80.35366015019117,19.60563564868615,0 80.35355962031814,19.6055745771882,0 80.35344600313961,19.60534658178609,0 80.35344456533673,19.60534367134752,0 80.35339888693689,19.60525115931247,0 80.35340080418327,19.60510902981045,0 80.35341925938185,19.60475804250453,0 80.35342393638541,19.60466909086633,0 80.35343035661909,19.60452545935717,0 80.35348704319814,19.60433147351293,0 80.3536571330329,19.60374940568911,0 80.35385951513402,19.60336454528217,0 80.35387606205795,19.60333307938943,0 80.35393712079232,19.60322624665119,0 80.35432862298516,19.60320917356844,0 80.35438873450302,19.60320655234477,0 80.35456933895676,19.60319867596482,0 80.35470429039117,19.60319279025867,0 80.35506702130915,19.60317914495718,0 80.35509715987338,19.60317787111914,0 80.35526258483252,19.60317087862366,0 80.35548021106408,19.60316568031298,0 80.3561864551551,19.60319817862963,0 80.35632525114573,19.60320456455559,0 80.35717813324337,19.60282276635316,0 80.35724487611982,19.60278857480898,0 80.35749076036845,19.60271809651626,0 80.35752170805721,19.60270922533513,0 80.35784870152267,19.60270465261231,0 80.35819953672247,19.60279580266631,0 80.35826773400927,19.60278482383576,0 80.35860499002527,19.60273016181119,0 80.35924929238315,19.60262573202744,0 80.35948450346972,19.60283037087191,0 80.35954806632931,19.60288567155538,0 80.35959895522933,19.60292994584012,0 80.35971634827786,19.6030320795242,0 80.35989422277775,19.6031868324228,0 80.36004180320933,19.60331522971406,0 80.36002152961464,19.60333811080174,0 80.36013758722018,19.60359291999469,0 80.36017951221031,19.60370974736874,0 80.36103778056166,19.60209651364607,0 80.36163421001973,19.60217716589558,0 80.36212895291013,19.60307552548788,0 80.36247365098259,19.60239924664458,0 80.36290203476663,19.60245571538041,0 80.36321963679364,19.60268995654306,0 80.36347620794677,19.60284736521913,0 80.36369784623473,19.60298334175887,0 80.36380983952462,19.60307493691333,0 80.36429387537486,19.6034708086958,0 80.36458098327606,19.60360093256289,0 80.36440178254705,19.60297626256803,0 80.36406555113093,19.60250644889699,0 80.36336780012718,19.60222424378266,0 80.36354419488835,19.60163669264206,0 80.36336571750125,19.60147108631595,0 80.36280287315967,19.60152887092088,0 80.36243760637581,19.60130420647215,0 80.36177851792846,19.60089881614902,0 80.3615332167016,19.60040541075277,0 80.36088935962381,19.60053463087289,0 80.36060279712801,19.60025314379828,0 80.36054002857435,19.60019148630933,0 80.3605096972863,19.60020572437183,0 80.36019251347602,19.60002591777034,0 80.36016159165814,19.60000838803589,0 80.36014552424056,19.6000014468691,0 80.36008482605456,19.59997501512422,0 80.35969656522396,19.59977495717035,0 80.36010541082773,19.59855897050248,0 80.36018389783055,19.59832553234196,0 80.36023445911184,19.59831559619142,0 80.36040196887537,19.59834221717999,0 80.36061021478541,19.59837531180533,0 80.36079229984122,19.59840424782206,0 80.36142944303828,19.59842082764377,0 80.36160101575032,19.59857134092347,0 80.36216453349735,19.59846813401638,0 80.36300176382559,19.59907552811422,0 80.36396807759991,19.5991937064161,0 80.36450161794856,19.59938145813939,0 80.36476421785461,19.59947386562489,0 80.36481850172407,19.59963697888708,0 80.36494311941857,19.60001143002425,0 80.36510518261755,19.60049839560009,0 80.36705570580726,19.60009998941177,0 80.36725250493869,19.6000970938198,0 80.36726987063254,19.60049524868148,0 80.36726959296901,19.60063116000759,0 80.36713221828931,19.60062137620569,0 80.36711772680509,19.60028909424598,0 80.36711535261207,19.60023467706937,0 80.36707204198774,19.60023531386952,0 80.36670791803587,19.60030969054304,0 80.36661656396731,19.60032835010499,0 80.3658541601967,19.60048407624707,0 80.36576186785548,19.60050292726079,0 80.36502490546934,19.60065345384339,0 80.36500796260755,19.60065691392487,0 80.36495363394036,19.60049366772819,0 80.3646488526866,19.59957786039557,0 80.36393358823722,19.59932616151968,0 80.36294534047255,19.59920530021838,0 80.36227666781313,19.5987201917802,0 80.36214341734868,19.59862352141603,0 80.36212860076419,19.59861277228753,0 80.36155702215221,19.59871745511678,0 80.36137175248031,19.59855492692233,0 80.36131274617293,19.59855339125161,0 80.36077844302217,19.59853948734724,0 80.36028826693787,19.59846158908563,0 80.35991960191944,19.59955807906726,0 80.35986873100097,19.59970937889715,0 80.36014892009234,19.59985375121846,0 80.36020504815224,19.5998781931122,0 80.36022817307111,19.5998881838949,0 80.36026593742406,19.59990959203931,0 80.36051614542988,19.60005143103553,0 80.36057030988847,19.60002600521164,0 80.36088188937262,19.60033206677048,0 80.36093726533937,19.60038646228117,0 80.36161434957502,19.60025057314704,0 80.36179811251912,19.60062019963805,0 80.36189054963404,19.60080612809864,0 80.36190699850121,19.60081624594399,0 80.36283805811726,19.60138891632805,0 80.3634174966442,19.60132942807051,0 80.3635065908298,19.60141209742823,0 80.36370504768787,19.60159624147413,0 80.36370416458129,19.60159918159492,0 80.36365024249463,19.60177879082874,0 80.36353986258892,19.60214645767856,0 80.36412864248516,19.60238458902481,0 80.36413063606545,19.60238539580348,0 80.36416034082573,19.60239740912307,0 80.36418169580956,19.60242724940951,0 80.36425333057761,19.60252734364155,0 80.36426602808726,19.60254508401722,0 80.36435044961922,19.60266304631861,0 80.36453354877133,19.60291888726584,0 80.36462674168763,19.603243745694,0 80.36480090707104,19.60385085938427,0 80.36421490633943,19.60358527120453,0 80.36384755741389,19.60328483161475,0 80.36374444643519,19.60320050259011,0 80.36361184995299,19.60309205627732,0 80.36348270696134,19.60301282672883,0 80.36339857416768,19.60296121036594,0 80.36315589136402,19.60281232252524,0 80.36295555942533,19.60266610350829,0 80.36284440489291,19.6025849725375,0 80.36255713329801,19.60254710510386,0 80.36223071428226,19.60318752086928,0 80.36213389801225,19.60337746749001,0 80.36154135417164,19.60230152014913,0 80.36111929512288,19.60224438293287,0 80.36030966814299,19.60376619061191,0 80.36030423056289,19.60377641073563,0 80.36023803707023,19.60390082998239,0 80.36023259947731,19.60391105100719,0 80.36016823986516,19.60403202202411,0 80.36015381389305,19.60405913677281,0 80.36000400599606,19.60364167726765,0 80.35986565672624,19.60334598743126,0 80.35920424690771,19.60277055042475,0 80.35859760636362,19.60286881012258,0 80.35819226517755,19.60293446400213,0 80.35783048837952,19.60284047086473,0 80.35754389634037,19.60284447912001,0 80.35730015128195,19.60291434429218,0 80.35724273695148,19.60294375711593,0 80.35635402052161,19.60334159688105,0 80.35624082287494,19.60333638863223,0 80.35547854282743,19.60330131165017,0 80.35526757386194,19.60330635123349,0 80.35507304496204,19.60331457428067,0 80.35471041483436,19.60332821542915,0 80.3545457022073,19.60333539883028,0 80.35402440972015,19.60335813218036,0 80.35400299284201,19.60339560445357,0 80.35398753362088,19.60342500305963,0 80.35379129933604,19.60379817146414,0 80.35377818308142,19.60384305731254,0 80.35362488949671,19.60436764831845,0 80.35357257003858,19.60454668972006,0 80.35356682009021,19.60467533276109,0 80.35354379353396,19.60511327049644,0 80.35354232898285,19.60522183955157,0 80.35357544942265,19.60528891715959,0 80.35367140980135,19.60548148064901,0 80.35395797337092,19.60565556813087,0 80.3541170426579,19.60575220240545,0 80.35467059705526,19.60608848461459,0 80.35488264560038,19.60621730310343,0 80.35682593356407,19.60716791186902,0 80.35710508699151,19.60730446414748,0 80.35750927552414,19.60775430505304,0 80.35776953867257,19.60804396275284,0 80.35779382897142,19.60807099660627,0 80.35798290433392,19.60828142540985,0 80.3580400334716,19.60834500747506,0 80.35805078562815,19.60836076683382,0 80.35812625227602,19.6085171581708,0 80.35852955768442,19.60840571613972,0 80.35853458345905,19.60840442733605,0 80.35882790227504,19.60834488712121,0 80.35886867705818,19.60845915418681,0 80.35887330682995,19.60847429438822,0 80.35856827205171,19.60853621297015,0 
							</coordinates>
						</LinearRing>
					</outerBoundaryIs>
				</Polygon>
				<Polygon>
					<outerBoundaryIs>
						<LinearRing>
							<coordinates>
								80.35947943873963,19.60840720081536,0 80.35958308399165,19.6084755618915,0 80.3596045676634,19.60848973180953,0 80.35961235820787,19.60849486972419,0 80.35970519705187,19.60855610307194,0 80.35982336978051,19.60863404478624,0 80.36012075129794,19.60886372656787,0 80.36034841549112,19.60903956220292,0 80.36035200911313,19.6090423374646,0 80.3604091448527,19.60908646564203,0 80.36064432587739,19.60926810653525,0 80.36069419316249,19.6093079643172,0 80.36074342642713,19.60934731468757,0 80.36087043566459,19.60944882754965,0 80.3608738197908,19.60945153247583,0 80.36130882740619,19.6097992167101,0 80.36157963993789,19.61000888428855,0 80.3615837528645,19.61001201560324,0 80.36159634345779,19.61002332711162,0 80.36161899514472,19.61003884016645,0 80.36183108987505,19.61020027584746,0 80.36195335528902,19.61029333816693,0 80.36193043478127,19.61032347733201,0 80.36186976935323,19.61040324759515,0 80.36186961118723,19.61040345578141,0 80.36148960084459,19.61011421078049,0 80.36121746204515,19.60990351541662,0 80.36120259748525,19.60989163554705,0 80.36078159882057,19.60955514746833,0 80.36062490814801,19.60942991012585,0 80.36055302600293,19.60937245664888,0 80.36025804818887,19.60914463389257,0 80.3597372072815,19.60874236266185,0 80.35936040484921,19.60849383930328,0 80.35930892417802,19.60845988448616,0 80.359307901493,19.60841929909113,0 80.35930156834544,19.608325714777,0 80.35930075394504,19.6083136832046,0 80.35933666403437,19.60831303195024,0 80.35947943873963,19.60840720081536,0 
							</coordinates>
						</LinearRing>
					</outerBoundaryIs>
				</Polygon>
				<Polygon>
					<outerBoundaryIs>
						<LinearRing>
							<coordinates>
								80.37010373591133,19.61185500435905,0 80.36976382411979,19.61194255263998,0 80.36972919030406,19.61195147263288,0 80.36937009980289,19.61189034618776,0 80.36931054890334,19.6118802091212,0 80.36866253969309,19.6117698995772,0 80.36842516276123,19.61172949052156,0 80.36835248755098,19.61171711844697,0 80.36787677140948,19.61161130407388,0 80.36752017290925,19.61153198470937,0 80.36745314077791,19.61151707471682,0 80.36722552947461,19.61146644540298,0 80.36704152906998,19.61142551627252,0 80.36655392117956,19.61131705319889,0 80.36641975536439,19.61128720862537,0 80.36634770325109,19.61127118080901,0 80.36599690114284,19.61119314759711,0 80.36580956381047,19.61115147531605,0 80.36574126291393,19.61113628189775,0 80.36562156059064,19.61110965410354,0 80.36539626809655,19.61109467211729,0 80.36469225096755,19.61087220600655,0 80.36469219858017,19.61087219045946,0 80.36444246837974,19.61084993877404,0 80.36389303858401,19.6108009799751,0 80.36344342703025,19.61076074561971,0 80.36309564222908,19.61072962309233,0 80.36309121786425,19.61072952883058,0 80.36229740525842,19.61071253652244,0 80.36224766327432,19.61068543393479,0 80.36227872036922,19.61065712273129,0 80.36237144697503,19.61057853846706,0 80.36309953908835,19.61059412332109,0 80.36344396192362,19.61062481555746,0 80.36390642578685,19.61066602606097,0 80.36391810432954,19.61066706675204,0 80.36443802510932,19.61071339561082,0 80.36472027125797,19.61073854525911,0 80.36473539722179,19.61074295517,0 80.36473744779364,19.61074360309977,0 80.36542434073664,19.61096065719808,0 80.3656351019348,19.61097467256008,0 80.36564650772608,19.61097597062752,0 80.36571449508173,19.6109910942976,0 80.36573161554814,19.61099490207864,0 80.36593678963872,19.61104054286107,0 80.36604974344189,19.61106566830032,0 80.36607330375352,19.61107090933375,0 80.36610423476263,19.6110777902473,0 80.36617034904604,19.611092496892,0 80.36619644852279,19.61109830259776,0 80.36621321457632,19.61110203227503,0 80.36636308295994,19.61113536887163,0 80.36643303223197,19.61115092841549,0 80.36671308385016,19.61121322414787,0 80.36683204518974,19.61123968595837,0 80.36811242594267,19.61152448890871,0 80.36838149713428,19.6115843380002,0 80.36972276788794,19.6118126607077,0 80.37056062540647,19.61159685907341,0 80.37139862398433,19.61138101692406,0 80.37242338483631,19.61111706428347,0 80.37244722224168,19.61111485111397,0 80.37271414620209,19.6110900670026,0 80.37375604741285,19.61099332198985,0 80.3744558800082,19.61073558900002,0 80.37486020951191,19.61058668218349,0 80.37497899112319,19.61054293669899,0 80.37504986836643,19.61046730897475,0 80.37547297498459,19.61001584248343,0 80.37548318341253,19.61000494983623,0 80.37562235495338,19.60993758859561,0 80.37569123082741,19.60990425157782,0 80.37571448020297,19.60989299836446,0 80.37571596965157,19.60989227788191,0 80.37647124921587,19.60952670648536,0 80.37649233044137,19.60950568787262,0 80.37658774822941,19.60941055566062,0 80.37733998025593,19.60866056548511,0 80.37789055530064,19.6080287458687,0 80.37800820225986,19.60789373849114,0 80.37807184618195,19.60784754044917,0 80.37860233514016,19.60746245777281,0 80.37864995088351,19.60744056980856,0 80.37888520562657,19.60733242585638,0 80.38000468016662,19.60681781347109,0 80.38036399677767,19.60473541293807,0 80.38054484447211,19.60368729865469,0 80.38064011652179,19.60313513816162,0 80.38074804138355,19.60218554998121,0 80.38080423338715,19.60169113310116,0 80.38081172791856,19.60162519290142,0 80.38202610188753,19.60091652531287,0 80.38199564496045,19.5995533214083,0 80.38192256465213,19.59897914834725,0 80.38205763111529,19.59883325194367,0 80.38213851334281,19.59954460920126,0 80.38214656293614,19.59990488958158,0 80.38215438451581,19.60025496133013,0 80.38216154712245,19.60057557754883,0 80.38217083470064,19.60099125066697,0 80.38094642889163,19.60170577396982,0 80.38082243490256,19.60279676187861,0 80.38078191066219,19.60315332199307,0 80.38053006120472,19.60461248782065,0 80.38038570894182,19.60544882647718,0 80.38033990015563,19.60571422698886,0 80.38031507013923,19.60585808135793,0 80.38017907513722,19.60664598565019,0 80.38013364594934,19.60690918422344,0 80.37985982835039,19.60703505629222,0 80.3786778070193,19.60757841907458,0 80.37825211919485,19.60788742609688,0 80.37810811880016,19.60799195596775,0 80.37771852912175,19.60843903643249,0 80.37744709682148,19.60875052158244,0 80.37714393939049,19.60905277589657,0 80.37655808490179,19.60963688293299,0 80.37600368395501,19.60990522479226,0 80.3755722428062,19.61011405005276,0 80.37529057448347,19.61041459893572,0 80.37506300413743,19.61065742176762,0 80.37427263875836,19.61094849883951,0 80.37378954938642,19.61112640839619,0 80.37265834762675,19.61123144640749,0 80.37244930082765,19.61125085645176,0 80.3717512466241,19.61143065828004,0 80.37039046342849,19.6117811534579,0 80.37010373591133,19.61185500435905,0 
							</coordinates>
						</LinearRing>
					</outerBoundaryIs>
				</Polygon>
				<Polygon>
					<outerBoundaryIs>
						<LinearRing>
							<coordinates>
								80.33568699941064,19.61680832207242,0 80.33564916239231,19.61684766070021,0 80.33564822336321,19.61684689002868,0 80.33563039225727,19.61683225815086,0 80.33292692252331,19.61461388874425,0 80.33292584095948,19.61461300095895,0 80.33307130078123,19.61444406723818,0 80.33439152897358,19.61291076395901,0 80.33498983300026,19.61221588384167,0 80.33508613014094,19.6121055716388,0 80.33526885610239,19.61186591208675,0 80.33530770733071,19.61181039447782,0 80.33553107232571,19.61148605073039,0 80.33565801236405,19.6112910959797,0 80.33566139262871,19.61128558888642,0 80.33597128606252,19.61077985189707,0 80.33610430283728,19.61054735762095,0 80.33632523722885,19.61013266752684,0 80.33637382342245,19.61004147103356,0 80.33638557513687,19.61001926167355,0 80.33642684437869,19.60993874026595,0 80.33652273765109,19.60974682603432,0 80.33662874891289,19.60956198219424,0 80.33664697082408,19.60953020879598,0 80.33667288506128,19.60948502537612,0 80.33675167561965,19.60934158275787,0 80.3368552395478,19.60913111818902,0 80.33687523840675,19.60908759105887,0 80.33693058955676,19.60896711446272,0 80.33700517259672,19.60883176206777,0 80.33701679766783,19.60881016216439,0 80.33704675590123,19.60875449753918,0 80.33713700180166,19.60857274820641,0 80.33714630251193,19.60855288109606,0 80.33718606094077,19.60848109594245,0 80.33755725989251,19.60781087731688,0 80.33759855121026,19.60773632254934,0 80.33773742035937,19.60757897517833,0 80.33776128674494,19.60755193318461,0 80.33778631712842,19.6075235716019,0 80.33781333827821,19.60749295546786,0 80.33809551191982,19.60722082092636,0 80.33813567506573,19.60718208663258,0 80.33830988364151,19.60701407436806,0 80.33840687537013,19.60692053198894,0 80.33851347021452,19.60681772794127,0 80.33853359159944,19.60678976481086,0 80.33894584400444,19.60621683459576,0 80.33927165610699,19.60546729097846,0 80.33960833457785,19.60415024697459,0 80.33966543873741,19.60392685954117,0 80.33977202872892,19.6034508268242,0 80.33979161552496,19.60334104219316,0 80.3398029919159,19.60325538959517,0 80.33983838034699,19.60296671695812,0 80.33985878535518,19.60275824003677,0 80.33985934119016,19.60275054738955,0 80.33987539539986,19.60252585728009,0 80.3398862525485,19.60223807973033,0 80.33988727194428,19.60198815217391,0 80.33988828093817,19.60174077109283,0 80.33987927861894,19.60144522608567,0 80.33985585561156,19.60119695755984,0 80.33981677701836,19.60088120942653,0 80.33981081939709,19.60083512431646,0 80.33976118808584,19.60054322130197,0 80.33976023153183,19.60053858291315,0 80.33972858128924,19.60038553474876,0 80.33971074899621,19.6002993070126,0 80.33964203605207,19.60001574443135,0 80.33958017193827,19.59981974921727,0 80.33955262652185,19.59973247828654,0 80.33944385923921,19.59945536015322,0 80.33943657582459,19.59943861028084,0 80.33929638916169,19.59911799748712,0 80.33922132686845,19.59893814287945,0 80.33916068696621,19.59879284476398,0 80.3391389776952,19.59874174076476,0 80.3390541841686,19.59856254441976,0 80.33901131998914,19.59847195771909,0 80.33886531835098,19.59821066407809,0 80.3388193770125,19.59813672958221,0 80.33880495812699,19.598113524854,0 80.3385843542284,19.59776841912571,0 80.33854174211901,19.59770470547786,0 80.33871881254132,19.59771715783781,0 80.33874289448887,19.59775483051457,0 80.33887844763325,19.59796688421376,0 80.33892775139313,19.59804401463125,0 80.33899020521244,19.59814452221528,0 80.33913991205414,19.59841244505969,0 80.3392740296968,19.59869587983659,0 80.33935433091312,19.59888828833192,0 80.33936804968609,19.59892116144768,0 80.33942896650315,19.59906712199317,0 80.33957663559731,19.59940484313808,0 80.33968831542933,19.5996893809974,0 80.33978039868713,19.5999811160607,0 80.33985066665835,19.60027109668071,0 80.33987208233293,19.60037465079916,0 80.33990200089345,19.60051932649255,0 80.33995345018776,19.60082191742316,0 80.33999814259258,19.6011830237394,0 80.3400221261392,19.60143722775235,0 80.34003132137731,19.60173907651038,0 80.3400312018247,19.60176839449242,0 80.3400292755698,19.60224076424424,0 80.34001825612916,19.60253285891276,0 80.34000139618431,19.60276881566002,0 80.3399897435113,19.60288787836886,0 80.33989356274328,19.60358270792713,0 80.33985641304849,19.60373228695321,0 80.33965345012041,19.60454947939468,0 80.33940808763282,19.60550930726243,0 80.33907242072203,19.60628152581335,0 80.3386447243934,19.60687591942844,0 80.33862445052728,19.60690409527563,0 80.33839071679631,19.60712951487206,0 80.33830269250733,19.60721440869582,0 80.33824217019627,19.60727277710576,0 80.33798804932377,19.60751785903177,0 80.33791938153853,19.60758408364799,0 80.33789471522223,19.60761203180673,0 80.33775475403924,19.60777061691822,0 80.33771809122092,19.60781215810693,0 80.33770107746034,19.60784287788373,0 80.3373808717084,19.60842102779261,0 80.33729232928245,19.60858089413976,0 80.33727984791449,19.60860343162419,0 80.33717521292765,19.60881416001502,0 80.33713228343387,19.60889392637683,0 80.33705972090038,19.60902561197447,0 80.33704622543543,19.60905498551945,0 80.33701788936609,19.60911666093948,0 80.33698565357136,19.60918682454954,0 80.3368799944368,19.6094015467635,0 80.33679917290301,19.60954868606899,0 80.3367525751258,19.609629936186,0 80.33669110548951,19.60973711540029,0 80.33665031457014,19.60980824056149,0 80.33658872737253,19.60993149633545,0 80.3365558203766,19.6099973550516,0 80.33651171633038,19.61008340820143,0 80.33647997938444,19.61014297811544,0 80.33623104750491,19.61061021795298,0 80.33609603494737,19.61084620123274,0 80.33607756677009,19.61087634164501,0 80.33578084329233,19.61136058772099,0 80.33565185255314,19.61155869057913,0 80.33545395701283,19.61184605124604,0 80.33542720889622,19.61188489220451,0 80.3353864804571,19.61194309130352,0 80.335199332683,19.61218855061502,0 80.33510035952024,19.61230192996441,0 80.33460413301503,19.61287825591311,0 80.33445955584251,19.61304616858481,0 80.3332975788349,19.61439568080766,0 80.33312449110596,19.61459670260421,0 80.33563737933704,19.61665868718754,0 80.33582123043755,19.61646754264898,0 80.33584995455618,19.61643767959086,0 80.33837880110767,19.61380843563825,0 80.3387153826779,19.61338535679567,0 80.33891440124476,19.61298050983732,0 80.33897661362772,19.61285395632149,0 80.33907978945957,19.61264407287876,0 80.3392150706991,19.61255174423516,0 80.33928746014574,19.6125023391423,0 80.33932690955238,19.61247541467186,0 80.33934612643834,19.61246569127598,0 80.33958462399576,19.61234500536313,0 80.33992774443944,19.61217137839522,0 80.342136426352,19.61083326381729,0 80.34483989160421,19.60862838693238,0 80.34624396170273,19.60797626013226,0 80.34829288502554,19.60768968764485,0 80.35025232410648,19.60652495321629,0 80.35045398788117,19.60640507835771,0 80.35048551884873,19.60638633528605,0 80.35121579181769,19.60568408271111,0 80.35157738213826,19.60533636329071,0 80.35219694392053,19.60474056259928,0 80.35220666772021,19.60473121120302,0 80.35221416398399,19.60472400251763,0 80.35248275300411,19.6043782619541,0 80.35253620330565,19.60440115134714,0 80.35253633604266,19.60436320969203,0 80.35256304339778,19.60427673647089,0 80.352589172043,19.60419213626736,0 80.35264810485161,19.60400132159619,0 80.35265383466121,19.60398277008141,0 80.35267886766674,19.60390171912998,0 80.35269552477676,19.60384778414815,0 80.35270609461746,19.60381356150923,0 80.35270916480891,19.60380362048775,0 80.35273096237134,19.6037330449232,0 80.35281299941927,19.60346742111892,0 80.35294935414365,19.60350223014765,0 80.35295114120247,19.60350268658932,0 80.35284641419196,19.60384177817714,0 80.35283609266125,19.60387519655217,0 80.35283073480392,19.60389254663285,0 80.35267930119674,19.6043828593325,0 80.35267850366829,19.60461083458084,0 80.35252932257852,19.60454694994514,0 80.35232325693045,19.6048122073056,0 80.3505756741455,19.60649275215162,0 80.34834346341107,19.60781963026108,0 80.34628689689535,19.60810727168995,0 80.34491965224025,19.6087422953421,0 80.34390358564075,19.60957997142822,0 80.34373170658807,19.60972167213663,0 80.34362136378911,19.60981264120177,0 80.34352068585193,19.60989391207259,0 80.34222172563518,19.61094246835372,0 80.34216174868199,19.61097880516201,0 80.34028101887461,19.61211823424743,0 80.34000006837383,19.61228844343555,0 80.33941350393843,19.61258525961298,0 80.33940273540256,19.61259070895806,0 80.33937105576061,19.61261232943682,0 80.33919368478574,19.61273338389645,0 80.33902908426629,19.61306821894852,0 80.33896922105578,19.61318999350375,0 80.33883867906003,19.61345554494087,0 80.33848901056837,19.61389507499143,0 80.33584876544606,19.61664013847736,0 80.33568699941064,19.61680832207242,0 
							</coordinates>
						</LinearRing>
					</outerBoundaryIs>
				</Polygon>
				<Polygon>
					<outerBoundaryIs>
						<LinearRing>
							<coordinates>
								80.34294614296979,19.6252076567968,0 80.34288871785857,19.62517379308055,0 80.34042592401435,19.62372143927388,0 80.34037803080014,19.62316692158712,0 80.34037649126954,19.62316605927684,0 80.3403312146892,19.62261681044157,0 80.34032600697418,19.62255363725457,0 80.34015505042672,19.62047972746071,0 80.34022272564434,19.62038190388266,0 80.34106592725776,19.61916305159739,0 80.34242892781589,19.61719278010029,0 80.34306519838798,19.61624401321994,0 80.3438129641511,19.61512897330784,0 80.34506419941094,19.6132631357243,0 80.34460101756468,19.61283045394943,0 80.34371415799542,19.61200198461931,0 80.34363054882787,19.61036730896261,0 80.3439721453436,19.61006229951857,0 80.34462238402602,19.60961373347332,0 80.3448156740747,19.60944170604651,0 80.34566372115172,19.60884728676012,0 80.34591483868105,19.60876398094636,0 80.3462346641135,19.60857922413798,0 80.3463071164344,19.60853737004638,0 80.34674518535633,19.60848979889334,0 80.34691437894696,19.60847142455929,0 80.34796764666834,19.60833716815047,0 80.34807481759402,19.60832350675042,0 80.34811174528198,19.60831879945311,0 80.34818984871629,19.6084386628432,0 80.34906421677262,19.60978050763906,0 80.34975015169671,19.60965062085165,0 80.34995886820813,19.60911320215198,0 80.34989574556579,19.60898704261432,0 80.34983176027986,19.60885915665671,0 80.34981165504992,19.6088189714003,0 80.34997404846786,19.60881915257642,0 80.35010833198258,19.60881930178585,0 80.35011767620652,19.60881931199896,0 80.35116202402077,19.60781839440389,0 80.35117284647488,19.6078164462243,0 80.35147355614276,19.60778611850579,0 80.35171506309017,19.60776176102848,0 80.35204721150365,19.60779022214361,0 80.35279249600768,19.60799852332578,0 80.35278177815181,19.60804607625959,0 80.35276253162212,19.608131469281,0 80.35202027938138,19.60792401656569,0 80.35171620138327,19.60789796074582,0 80.35122887601197,19.60794710896169,0 80.35065452009178,19.60849758277933,0 80.35065139746401,19.60850057530051,0 80.35022447979561,19.60890973732956,0 80.35017732899449,19.60895492752905,0 80.35014218442491,19.60895488841209,0 80.35011906176742,19.60895486283556,0 80.35010816413812,19.60895485063309,0 80.35010105226058,19.60895484305046,0 80.35003790170039,19.60895477246167,0 80.35004340173418,19.60896576548466,0 80.3500980681881,19.60907502488694,0 80.35011385692511,19.60910658172937,0 80.34985672349032,19.60976866873138,0 80.34899474817685,19.60993189031828,0 80.34803881252451,19.60846486564946,0 80.34693205717417,19.60860594008508,0 80.34635468331797,19.60866864057256,0 80.34613096030411,19.60879788110459,0 80.34597637565349,19.60888718106944,0 80.34573139398606,19.60896845160864,0 80.34490748093575,19.60954595474698,0 80.34471379367747,19.60971833596408,0 80.34405623413767,19.61017345704376,0 80.34377661158656,19.6104231316605,0 80.34385432903163,19.61194258881277,0 80.34496746911806,19.61298243733586,0 80.34524688096923,19.61324344941785,0 80.34315858677654,19.61635748320649,0 80.34254911493547,19.61726628985007,0 80.34253401969566,19.6172881114733,0 80.34030146857572,19.62051532417124,0 80.34047274871644,19.62259313434613,0 80.34048278440133,19.62271487969159,0 80.3405015363915,19.6229423590098,0 80.34051331231205,19.62308520667339,0 80.34051456258555,19.62308590707142,0 80.34056262653134,19.6236424007646,0 80.34289907732821,19.62502024748176,0 80.34311009470611,19.62469182038712,0 80.34318557646741,19.62458072143741,0 80.34332458049683,19.62437612378114,0 80.34339249405754,19.62427616275809,0 80.34441767563455,19.6227672059051,0 80.34459789899915,19.62250193271641,0 80.34506241968542,19.62181819165432,0 80.34534135697881,19.62140761373641,0 80.34765551140073,19.61791997282855,0 80.35036846605496,19.61383106657958,0 80.35169856313433,19.61182628000574,0 80.35335521376359,19.60925012532039,0 80.35368257084627,19.60874106182611,0 80.35370558576922,19.60870527166107,0 80.35340706869238,19.60834841100597,0 80.3533509614083,19.60828133762105,0 80.3533847731085,19.60816938120559,0 80.35338954473573,19.60815080545411,0 80.35343368545099,19.60816202652389,0 80.35387961996979,19.60869511611219,0 80.3538410449645,19.60875510391797,0 80.35370466821773,19.60896717987952,0 80.3536768880971,19.60901038015701,0 80.35309747565798,19.60991140450698,0 80.35303213001951,19.61001302082772,0 80.35223229819304,19.61125678961531,0 80.35214765706851,19.61138840918781,0 80.35182018982485,19.61189762452496,0 80.35139456931364,19.61253914800298,0 80.35125571785032,19.61274843328517,0 80.35054507281319,19.61381954649794,0 80.35046549186892,19.61393949364221,0 80.3497082235057,19.6150808583141,0 80.34957438169218,19.61528258391592,0 80.34901315941502,19.61612845073494,0 80.34879777029299,19.61645307896853,0 80.34873188785437,19.61655237459229,0 80.34855990672609,19.61681157800633,0 80.34817303229143,19.61739465766857,0 80.34817268880103,19.61739517512724,0 80.34759894862056,19.61825988000281,0 80.34721938998783,19.61883192032489,0 80.34632096738653,19.6201859318494,0 80.34597976955125,19.62070014311572,0 80.34546205034324,19.62148037613293,0 80.34498842385028,19.62217752534228,0 80.34476395890022,19.62250792023005,0 80.34360800794548,19.62420936656898,0 80.34348833386133,19.62438551271214,0 80.34323134876634,19.62476376129339,0 80.34294614296979,19.6252076567968,0 
							</coordinates>
						</LinearRing>
					</outerBoundaryIs>
				</Polygon>
			</MultiGeometry>
		</Placemark>
		<Placemark id="ID_10025">
			<name>TAILING STORAGE YARD WITH ENVIRONMENTAL SAFEGUARD MEASURES</name>
			<Snippet maxLines="0"></Snippet>
			<description><![CDATA[<html xmlns:fo="http://www.w3.org/1999/XSL/Format" xmlns:msxsl="urn:schemas-microsoft-com:xslt">

<head>

<META http-equiv="Content-Type" content="text/html">

<meta http-equiv="content-type" content="text/html; charset=UTF-8">

</head>

<body style="margin:0px 0px 0px 0px;overflow:auto;background:#FFFFFF;">

<table style="font-family:Arial,Verdana,Times;font-size:12px;text-align:left;width:100%;border-collapse:collapse;padding:3px 3px 3px 3px">

<tr style="text-align:center;font-weight:bold;background:#9CBCE2">

<td>TAILING STORAGE YARD WITH ENVIRONMENTAL SAFEGUARD MEASURES</td>

</tr>

<tr>

<td>

<table style="font-family:Arial,Verdana,Times;font-size:12px;text-align:left;width:100%;border-spacing:0px; padding:3px 3px 3px 3px">

<tr>

<td>FID</td>

<td>25</td>

</tr>

<tr bgcolor="#D4E4F3">

<td>PROP</td>

<td>TAILING STORAGE YARD WITH ENVIRONMENTAL SAFEGUARD MEASURES</td>

</tr>

<tr>

<td>GUT_NO</td>

<td>84</td>

</tr>

<tr bgcolor="#D4E4F3">

<td>CATE</td>

<td>NON FOREST</td>

</tr>

<tr>

<td>COL</td>

<td>2</td>

</tr>

</table>

</td>

</tr>

</table>

</body>

</html>]]></description>
			<styleUrl>#PolyStyle10</styleUrl>
			<MultiGeometry>
				<Polygon>
					<outerBoundaryIs>
						<LinearRing>
							<coordinates>
								80.348140683906,19.59813385423755,0 80.34805646177733,19.59837384013711,0 80.34781447050885,19.59832275437396,0 80.34787701678103,19.59807603739644,0 80.34857576207253,19.59734993006115,0 80.34899893457205,19.59691018176314,0 80.34920553726364,19.59743178443877,0 80.3493009033117,19.59767255127553,0 80.34936410545322,19.59783211437924,0 80.34921639873409,19.59789386525358,0 80.34908852736677,19.59769614992429,0 80.34849387787365,19.59782311241988,0 80.34831473187883,19.59814165691662,0 80.348140683906,19.59813385423755,0 
							</coordinates>
						</LinearRing>
					</outerBoundaryIs>
				</Polygon>
			</MultiGeometry>
		</Placemark>
		<Placemark id="ID_10026">
			<name>TAILING STORAGE YARD WITH ENVIRONMENTAL SAFEGUARD MEASURES</name>
			<Snippet maxLines="0"></Snippet>
			<description><![CDATA[<html xmlns:fo="http://www.w3.org/1999/XSL/Format" xmlns:msxsl="urn:schemas-microsoft-com:xslt">

<head>

<META http-equiv="Content-Type" content="text/html">

<meta http-equiv="content-type" content="text/html; charset=UTF-8">

</head>

<body style="margin:0px 0px 0px 0px;overflow:auto;background:#FFFFFF;">

<table style="font-family:Arial,Verdana,Times;font-size:12px;text-align:left;width:100%;border-collapse:collapse;padding:3px 3px 3px 3px">

<tr style="text-align:center;font-weight:bold;background:#9CBCE2">

<td>TAILING STORAGE YARD WITH ENVIRONMENTAL SAFEGUARD MEASURES</td>

</tr>

<tr>

<td>

<table style="font-family:Arial,Verdana,Times;font-size:12px;text-align:left;width:100%;border-spacing:0px; padding:3px 3px 3px 3px">

<tr>

<td>FID</td>

<td>26</td>

</tr>

<tr bgcolor="#D4E4F3">

<td>PROP</td>

<td>TAILING STORAGE YARD WITH ENVIRONMENTAL SAFEGUARD MEASURES</td>

</tr>

<tr>

<td>GUT_NO</td>

<td>217 (P)</td>

</tr>

<tr bgcolor="#D4E4F3">

<td>CATE</td>

<td>FOREST</td>

</tr>

<tr>

<td>COL</td>

<td>2</td>

</tr>

</table>

</td>

</tr>

</table>

</body>

</html>]]></description>
			<styleUrl>#PolyStyle14</styleUrl>
			<MultiGeometry>
				<Polygon>
					<outerBoundaryIs>
						<LinearRing>
							<coordinates>
								80.34391115469894,19.59895193361879,0 80.34387426135035,19.59895737852839,0 80.34363936836489,19.59885184381701,0 80.34316592748563,19.5986391299672,0 80.34288708531302,19.59851384722633,0 80.34247619066983,19.59856141034221,0 80.34151581867968,19.59867257444942,0 80.33962410860022,19.598891526236,0 80.33936804968609,19.59892116144767,0 80.33935433091312,19.59888828833192,0 80.3392740296968,19.59869587983658,0 80.33913991205412,19.59841244505968,0 80.33899020521243,19.59814452221528,0 80.33892775139311,19.59804401463122,0 80.33887844763325,19.59796688421374,0 80.33874289448885,19.59775483051456,0 80.33871881258959,19.59771715793379,0 80.33932392715073,19.59775971110935,0 80.33984574608141,19.5978620426296,0 80.34018606651149,19.59792784465186,0 80.34046166092718,19.59716135898251,0 80.34000009916855,19.59713097817118,0 80.33934172796394,19.59710704818553,0 80.33933918369995,19.59720033841515,0 80.33794378699871,19.5965567834966,0 80.3379082071873,19.59665848021021,0 80.33771695639574,19.59642479081493,0 80.33736786553064,19.59599823432049,0 80.33733475816787,19.59595777944196,0 80.33706912734867,19.59560623588158,0 80.33688227456335,19.59535208843331,0 80.33670993118422,19.5951176741511,0 80.3367039282921,19.59510966007138,0 80.3366607539527,19.59505202103472,0 80.33637654586934,19.59467956786705,0 80.33620447440698,19.59445406694532,0 80.33595208272959,19.59412330509202,0 80.33577706005461,19.59389393426864,0 80.33574913711719,19.59385734239348,0 80.33559832581982,19.59365969964647,0 80.33558223238299,19.59363860939515,0 80.33539499748916,19.59339410565648,0 80.33533664994157,19.5933179124054,0 80.33518215691592,19.59311616486984,0 80.33507215185973,19.59296056507041,0 80.33504203322455,19.59291796286542,0 80.33496365620904,19.59280710070723,0 80.33485626233012,19.5926551928386,0 80.33473268745367,19.592488524417,0 80.33470759636519,19.59245623252292,0 80.33462709703608,19.59235263235686,0 80.33451096258393,19.59220316806642,0 80.33441331039691,19.59207283469974,0 80.33428113402577,19.59189642075726,0 80.33406894727155,19.59161321909771,0 80.33399412857003,19.59151335911798,0 80.33372997420292,19.5911607951531,0 80.33365855075385,19.59106546589942,0 80.33355729647246,19.59093032213455,0 80.33346092214505,19.59080610265852,0 80.33337862644501,19.59071030476743,0 80.33335961163709,19.59068817063799,0 80.3332923823132,19.59060991157445,0 80.33325941627071,19.59057153763494,0 80.3331382297179,19.59044435078019,0 80.33305011067556,19.59035522915196,0 80.33315729177991,19.59024890758707,0 80.33583058617852,19.58759697987711,0 80.33579730790123,19.58763055579926,0 80.33614817323853,19.58746165196462,0 80.33615491836707,19.58744063861489,0 80.33623282423179,19.58719794574023,0 80.33990794973005,19.58355195655936,0 80.34008658128722,19.58337473484206,0 80.34020458782142,19.58341736138902,0 80.3406144261194,19.58356821790796,0 80.3410154601668,19.58373735138644,0 80.34104912629944,19.58375141522703,0 80.34117315706028,19.58380322993313,0 80.34138003984197,19.58388965657011,0 80.34140218489878,19.58389801862162,0 80.3415033618175,19.58393622179038,0 80.3416690900532,19.58399880013743,0 80.34168173040557,19.58400172354651,0 80.34173011238644,19.58401291220362,0 80.34197562690649,19.58405746962719,0 80.34204325461315,19.58406974233367,0 80.34215854433215,19.58409066615354,0 80.34249187425533,19.58414936653789,0 80.34288261313752,19.58421942129961,0 80.34310307892751,19.58427325150929,0 80.34325881282176,19.58433144538639,0 80.34352417071491,19.58447783374128,0 80.34392633608554,19.58468796695244,0 80.34414064626637,19.5848129660231,0 80.34433812231103,19.58492555867999,0 80.34442228955317,19.58497354653317,0 80.34457107296448,19.58505837665815,0 80.3446394157649,19.58509107472783,0 80.34480958582722,19.58517249062071,0 80.34492693313277,19.5852366117271,0 80.34505360664599,19.58530582805619,0 80.3452831663791,19.58540836999617,0 80.34533453348023,19.58542189005351,0 80.34540741704916,19.58543969837401,0 80.34559964030699,19.58548666817341,0 80.34560624425292,19.58548800697008,0 80.34599041830302,19.5855659211764,0 80.34614089162696,19.58559525397763,0 80.34630463145376,19.58562717313986,0 80.34626288326048,19.58564303835441,0 80.34590975027493,19.58577723615502,0 80.34607331111853,19.58650467758734,0 80.34698139495137,19.58652709622146,0 80.34722992677598,19.58620282673285,0 80.34697860477372,19.58596760373273,0 80.34687280747087,19.58592896573813,0 80.34662815295083,19.5857069888381,0 80.34660475142024,19.58568119388106,0 80.34687054418883,19.58572530492038,0 80.34697580170088,19.58574549535182,0 80.34713271958012,19.58577559529051,0 80.34725583020638,19.58579921002038,0 80.34733874173888,19.58581511369843,0 80.34766017715678,19.58587856639079,0 80.34767375695542,19.58588124698715,0 80.3479140728935,19.58594291653265,0 80.34797072792026,19.58596410720451,0 80.3480592853419,19.58599723132848,0 80.34817888457509,19.58604196494662,0 80.34827276900329,19.58608481991058,0 80.34836625852572,19.58612749357031,0 80.34841314653595,19.58614889641571,0 80.34864330496507,19.58624685563671,0 80.34864994684443,19.58624968279656,0 80.34901308306237,19.58636112195179,0 80.3490648703275,19.58637701459806,0 80.34914360798116,19.58639437174971,0 80.34935090337669,19.58644006632345,0 80.34937098266498,19.58644449263069,0 80.34962320569819,19.58648083430064,0 80.34969932421649,19.58649180188963,0 80.34999729789439,19.58653277122531,0 80.3500762404262,19.58655115437229,0 80.35042285508017,19.58663186710488,0 80.35044737241492,19.58663757712281,0 80.35071212699783,19.58667758702364,0 80.35087861052988,19.58670274621507,0 80.35097832629916,19.58671781500362,0 80.35114806233516,19.58674412698392,0 80.35142308417963,19.586786759987,0 80.35157519490542,19.58681276508793,0 80.35182668499137,19.58685576107916,0 80.35197818279603,19.58686913039691,0 80.35210199129837,19.58688005599437,0 80.35223944199456,19.58687166948052,0 80.35246814148519,19.58685771594507,0 80.35265687117007,19.58685176969824,0 80.35268773966258,19.58685079701573,0 80.35288637231724,19.5868445381658,0 80.35296665418736,19.58683686405283,0 80.3529873217533,19.58683488779356,0 80.35322981362538,19.5868117084561,0 80.35326867566357,19.58681128666307,0 80.35353695026295,19.58680837371498,0 80.35354206962677,19.58681620425775,0 80.35356775094611,19.58685544854261,0 80.35357232257553,19.58686243580823,0 80.35357558450201,19.58686742218123,0 80.35359319248617,19.58689433320914,0 80.35360130751515,19.58690673528957,0 80.35361906523715,19.58693387638287,0 80.35362737833343,19.58694658190017,0 80.35364736881684,19.58697713419916,0 80.3536536017434,19.58698666129617,0 80.35367528006562,19.58701979328193,0 80.35368190534125,19.58702991910732,0 80.35370236874039,19.5870611942207,0 80.35370981660795,19.58707257818501,0 80.35373071121388,19.5871045127094,0 80.35373631489369,19.58711307604817,0 80.35375627034533,19.58714357670105,0 80.35376365757432,19.58715486646468,0 80.3537815944638,19.58718228109173,0 80.3537896166488,19.58719454095578,0 80.35380789945566,19.58722248365707,0 80.35381613107441,19.58723506597548,0 80.35383584964143,19.5872652024974,0 80.35384243608316,19.58727526853603,0 80.35386164480174,19.58730462607577,0 80.35387038628686,19.58731798737128,0 80.353889517308,19.58734722534589,0 80.35389618146375,19.58735741094495,0 80.35391637011151,19.58738826665331,0 80.35392376019763,19.58739956274651,0 80.35394530121761,19.587432483655,0 80.35395072011345,19.58744076618896,0 80.35397470239477,19.58747741894323,0 80.35397983793692,19.58748526760533,0 80.3540045736402,19.58752307342144,0 80.35400923912937,19.58753020379186,0 80.35403546462162,19.58757028585293,0 80.35403911039397,19.58757585826464,0 80.35406525819309,19.58761582075933,0 80.35407000139523,19.58762307069049,0 80.35409509063493,19.58766141544218,0 80.35409979498584,19.58766860559149,0 80.35412562912663,19.58770808891511,0 80.35412894605561,19.58771315861273,0 80.35415538294069,19.58775356402285,0 80.354160111939,19.58776079130922,0 80.35418682272382,19.58780161518947,0 80.35418972741054,19.58780605445825,0 80.35421673389443,19.58784732941881,0 80.35422106296757,19.58785394620068,0 80.35424288177632,19.58788729279271,0 80.35424991368002,19.5878980408726,0 80.35426930355574,19.58792767463737,0 80.35427635536665,19.58793845260852,0 80.35429407919959,19.58796554020026,0 80.35430228436162,19.58797808083398,0 80.3543203446346,19.58800568291013,0 80.35432644496194,19.58801500708886,0 80.35434817757105,19.58804822232844,0 80.35435443711718,19.58805778925877,0 80.35437828500507,19.58809423634811,0 80.35438271454908,19.58810100620549,0 80.35440560906174,19.58813599678336,0 80.35441078729134,19.58814391065041,0 80.35443108985223,19.58817494111867,0 80.35443900125289,19.58818703157281,0 80.35445727669604,19.58821496334044,0 80.35446270512404,19.58822325944871,0 80.35448409092886,19.58825594478653,0 80.35449128208374,19.5882669347062,0 80.35451156667092,19.58829793708778,0 80.35451862799415,19.58830872863885,0 80.35453505354974,19.58833383343609,0 80.35453604200534,19.58833534338515,0 80.35454309005897,19.58834611591082,0 80.35455912423045,19.58837062017459,0 80.35456747158773,19.58838337818546,0 80.35458609488079,19.58841184163742,0 80.35459026192855,19.5884182102264,0 80.35460392400898,19.58843909042926,0 80.35461369292962,19.5884540205166,0 80.35461617212448,19.5884578085202,0 80.35462312352253,19.58846843339938,0 80.35465445648606,19.58851632144546,0 80.35470468954213,19.58859309321797,0 80.35473682146856,19.58864220225092,0 80.35486526219115,19.58883850156291,0 80.35489756480031,19.58888787143473,0 80.35491191310209,19.58890979961148,0 80.35493301667013,19.58894205283981,0 80.35546192494675,19.58975039362932,0 80.35553839919424,19.58986726968407,0 80.35581161499847,19.59028482599109,0 80.35583988750444,19.59032803547109,0 80.35605724641766,19.59067011469087,0 80.3560688227348,19.59068833327137,0 80.35600346418298,19.59070723133183,0 80.35488551166884,19.59103047627135,0 80.35311359377826,19.5916560251176,0 80.35284090957393,19.5917522898904,0 80.35279369937946,19.59176895660074,0 80.3524486502553,19.59204168260536,0 80.35219231063108,19.59224429143543,0 80.35184212008669,19.59252107868986,0 80.35083773640159,19.59385639766612,0 80.34976120083414,19.59556443762266,0 80.34926490123445,19.59644063318833,0 80.34899893457205,19.59691018176314,0 80.34857576207253,19.59734993006115,0 80.34787701678103,19.59807603739644,0 80.34735723821905,19.59861616444337,0 80.34627749363455,19.59860268694609,0 80.34608519059763,19.59863107013282,0 80.34412875365899,19.59891981962199,0 80.34391115469894,19.59895193361879,0 
							</coordinates>
						</LinearRing>
					</outerBoundaryIs>
					<innerBoundaryIs>
						<LinearRing>
							<coordinates>
								80.3471142799109,19.59632730462929,0 80.34837058821074,19.59634619641366,0 80.34848474959863,19.5961888058515,0 80.34822126843189,19.59583638402868,0 80.34824622644899,19.59527699234776,0 80.34801368511893,19.59475970646888,0 80.34808614252198,19.59454298972694,0 80.34817127203078,19.59407706197539,0 80.34838627538434,19.59331034455459,0 80.34721301117622,19.59334913686836,0 80.34593979351521,19.59377489277266,0 80.34545757191445,19.59390322763585,0 80.34453054239478,19.59414993554934,0 80.34454489509321,19.59434365461237,0 80.34539930876663,19.59454759856771,0 80.34573197002197,19.59463488025112,0 80.34565240178256,19.59559575260856,0 80.34590201507937,19.59563252316727,0 80.34632918633308,19.5958223601401,0 80.3471142799109,19.59632730462929,0 
							</coordinates>
						</LinearRing>
						<LinearRing>
							<coordinates>
								80.3374173017658,19.59386254259984,0 80.33693351570855,19.59371730642942,0 80.3369185959983,19.59513946826419,0 80.33691696148523,19.59529526993425,0 80.33735452643394,19.59526471403513,0 80.3380878940621,19.59521349957634,0 80.33841464194082,19.59427744809532,0 80.33841577518935,19.59400010276971,0 80.3374173017658,19.59386254259984,0 
							</coordinates>
						</LinearRing>
						<LinearRing>
							<coordinates>
								80.33916851266224,19.59111842357678,0 80.34116640401659,19.59115442686897,0 80.34191496112823,19.59070766221317,0 80.34194830385741,19.58995224424369,0 80.34109007329346,19.59007343949885,0 80.34091938449359,19.58986241201485,0 80.34061806065996,19.58951701355191,0 80.34006166042406,19.58985927458276,0 80.3399594269921,19.59018406919122,0 80.3397666860716,19.5904320218387,0 80.33968541273408,19.59056561729104,0 80.33956369795975,19.59071819240544,0 80.33916851266224,19.59111842357678,0 
							</coordinates>
						</LinearRing>
						<LinearRing>
							<coordinates>
								80.35300237707645,19.59074922546032,0 80.35320606005935,19.5909149321168,0 80.35370274679335,19.58972601942019,0 80.3541370829718,19.58872362418512,0 80.35413710573238,19.58872365499127,0 80.35419924445517,19.58858024443375,0 80.35403378159013,19.5885885266321,0 80.35403370570967,19.58858842695704,0 80.35339686115515,19.58862030196241,0 80.35325183608934,19.58892821459693,0 80.3532209907425,19.58907156174303,0 80.35298460187749,19.58951543084948,0 80.35298959053172,19.59016100555592,0 80.35300237707645,19.59074922546032,0 
							</coordinates>
						</LinearRing>
						<LinearRing>
							<coordinates>
								80.34760721240453,19.58859241636986,0 80.34785785520141,19.58837096461561,0 80.34820722909758,19.58806379443292,0 80.34811739381914,19.58781959313528,0 80.34765767653194,19.58733734897983,0 80.34758970821539,19.58730123933239,0 80.34748421811265,19.58718609220109,0 80.34696846365952,19.58746396628733,0 80.34646819086107,19.58765582090359,0 80.34611936486534,19.58782670439266,0 80.34650348484996,19.58828715943212,0 80.34624359257668,19.5889246011609,0 80.34623564855259,19.58901781968405,0 80.3461207943382,19.58934735366931,0 80.34742335287297,19.58914406001123,0 80.34760721240453,19.58859241636986,0 
							</coordinates>
						</LinearRing>
						<LinearRing>
							<coordinates>
								80.34472224849954,19.587213374291,0 80.34459816712823,19.58705342838128,0 80.34439666630519,19.58677130744673,0 80.34432850339006,19.58667587302743,0 80.3441183264481,19.58718318583351,0 80.34459923053187,19.58719591843391,0 80.34461043617191,19.58869725103275,0 80.34474935395194,19.58865591445808,0 80.34504021354425,19.58847167214162,0 80.34547653841148,19.58818634307474,0 80.34567269971903,19.58802566597288,0 80.3456478413775,19.58789265937338,0 80.34561126278327,19.5876969392966,0 80.34561727282863,19.58763030500771,0 80.34563767254232,19.58740414391884,0 80.34562974526395,19.5874039461659,0 80.3459219447045,19.58721364630366,0 80.34472224849954,19.587213374291,0 
							</coordinates>
						</LinearRing>
						<LinearRing>
							<coordinates>
								80.34302509279516,19.58607757342396,0 80.34362911664822,19.58642885130528,0 80.3440732612399,19.58639221258149,0 80.34398295768419,19.58501947803912,0 80.34294108788852,19.58564211414439,0 80.34302509279516,19.58607757342396,0 
							</coordinates>
						</LinearRing>
					</innerBoundaryIs>
				</Polygon>
			</MultiGeometry>
		</Placemark>
		<Placemark id="ID_10027">
			<name>SUPPORT INFRASTRUCTURE AND UTILITY LIKE WORKSHOP, LABORATORY , ADMINBUILDING, ELECTRICAL SUB STATION , ETC</name>
			<Snippet maxLines="0"></Snippet>
			<description><![CDATA[<html xmlns:fo="http://www.w3.org/1999/XSL/Format" xmlns:msxsl="urn:schemas-microsoft-com:xslt">

<head>

<META http-equiv="Content-Type" content="text/html">

<meta http-equiv="content-type" content="text/html; charset=UTF-8">

</head>

<body style="margin:0px 0px 0px 0px;overflow:auto;background:#FFFFFF;">

<table style="font-family:Arial,Verdana,Times;font-size:12px;text-align:left;width:100%;border-collapse:collapse;padding:3px 3px 3px 3px">

<tr style="text-align:center;font-weight:bold;background:#9CBCE2">

<td>SUPPORT INFRASTRUCTURE AND UTILITY LIKE WORKSHOP, LABORATORY , ADMINBUILDING, ELECTRICAL SUB STATION , ETC</td>

</tr>

<tr>

<td>

<table style="font-family:Arial,Verdana,Times;font-size:12px;text-align:left;width:100%;border-spacing:0px; padding:3px 3px 3px 3px">

<tr>

<td>FID</td>

<td>27</td>

</tr>

<tr bgcolor="#D4E4F3">

<td>PROP</td>

<td>SUPPORT INFRASTRUCTURE AND UTILITY LIKE WORKSHOP, LABORATORY , ADMINBUILDING, ELECTRICAL SUB STATION , ETC</td>

</tr>

<tr>

<td>GUT_NO</td>

<td>79 (P)</td>

</tr>

<tr bgcolor="#D4E4F3">

<td>CATE</td>

<td>NON FOREST</td>

</tr>

<tr>

<td>COL</td>

<td>3</td>

</tr>

</table>

</td>

</tr>

</table>

</body>

</html>]]></description>
			<styleUrl>#PolyStyle10</styleUrl>
			<MultiGeometry>
				<Polygon>
					<outerBoundaryIs>
						<LinearRing>
							<coordinates>
								80.38164267832813,19.59964269171234,0 80.38109678328492,19.59988947755564,0 80.38060266135641,19.59979214121028,0 80.38077560833544,19.59942931002032,0 80.38095795174046,19.59924822321562,0 80.38099163092015,19.59898513830213,0 80.38184640847248,19.59838081143499,0 80.38188229382396,19.59866275342958,0 80.38192256465213,19.59897914834723,0 80.38178593269161,19.59912673584412,0 80.38164267832813,19.59964269171234,0 
							</coordinates>
						</LinearRing>
					</outerBoundaryIs>
				</Polygon>
			</MultiGeometry>
		</Placemark>
		<Placemark id="ID_10028">
			<name>ELECTRICAL SWITCH YARD</name>
			<Snippet maxLines="0"></Snippet>
			<description><![CDATA[<html xmlns:fo="http://www.w3.org/1999/XSL/Format" xmlns:msxsl="urn:schemas-microsoft-com:xslt">

<head>

<META http-equiv="Content-Type" content="text/html">

<meta http-equiv="content-type" content="text/html; charset=UTF-8">

</head>

<body style="margin:0px 0px 0px 0px;overflow:auto;background:#FFFFFF;">

<table style="font-family:Arial,Verdana,Times;font-size:12px;text-align:left;width:100%;border-collapse:collapse;padding:3px 3px 3px 3px">

<tr style="text-align:center;font-weight:bold;background:#9CBCE2">

<td>ELECTRICAL SWITCH YARD</td>

</tr>

<tr>

<td>

<table style="font-family:Arial,Verdana,Times;font-size:12px;text-align:left;width:100%;border-spacing:0px; padding:3px 3px 3px 3px">

<tr>

<td>FID</td>

<td>28</td>

</tr>

<tr bgcolor="#D4E4F3">

<td>PROP</td>

<td>ELECTRICAL SWITCH YARD</td>

</tr>

<tr>

<td>GUT_NO</td>

<td>17/1,17/2,17/3</td>

</tr>

<tr bgcolor="#D4E4F3">

<td>CATE</td>

<td>FOREST</td>

</tr>

<tr>

<td>COL</td>

<td>8</td>

</tr>

</table>

</td>

</tr>

</table>

</body>

</html>]]></description>
			<styleUrl>#PolyStyle128</styleUrl>
			<MultiGeometry>
				<Polygon>
					<outerBoundaryIs>
						<LinearRing>
							<coordinates>
								80.3568878091544,19.6016297959195,0 80.35652094543218,19.60159686890185,0 80.35651711828622,19.60159652539852,0 80.35651326192335,19.60159633541372,0 80.35650138775276,19.60159575171827,0 80.356021046866,19.60157214729544,0 80.3558274481144,19.60149310403591,0 80.35572596161981,19.60145166878082,0 80.35572460404437,19.60145111901762,0 80.35570543355963,19.60144328800132,0 80.35568478941947,19.60144011371957,0 80.35568413759196,19.60144001288965,0 80.35568244798087,19.6014397529189,0 80.35566652579577,19.60143730489436,0 80.35565053892013,19.60143769324002,0 80.35564964726906,19.60143771354714,0 80.35476537505666,19.60145913471987,0 80.35460048331123,19.60142586865719,0 80.3546174844914,19.60140809211248,0 80.35476983467898,19.60126207864879,0 80.35483985048153,19.6013181812032,0 80.35484926941889,19.6013258942632,0 80.35485007159593,19.60132655138803,0 80.35487133189466,19.60134402936367,0 80.35487137656679,19.60134406567017,0 80.35487894488536,19.60135028828676,0 80.35487900806011,19.60135022796737,0 80.35487920620224,19.60135003800352,0 80.35489989814404,19.60133020705897,0 80.35492711918872,19.60130411811161,0 80.35533956221762,19.60090882653167,0 80.35533964358117,19.6009087482039,0 80.35596036761565,19.60031286357334,0 80.35672335766587,19.59979894356104,0 80.35750932327299,19.59942289472082,0 80.35750975508094,19.59942269112823,0 80.35751011333467,19.59942252070906,0 80.35751047063486,19.59942235028645,0 80.3575105222221,19.59942232607137,0 80.35751090437137,19.59942214127872,0 80.35751128652065,19.59942195648605,0 80.35751168682275,19.59942176272146,0 80.35830216559822,19.59904214156605,0 80.35835099384485,19.59901869179628,0 80.35835232467531,19.59901804770271,0 80.35835303261906,19.59901770140837,0 80.35835326860865,19.59901758386842,0 80.35836034391306,19.59901420133632,0 80.35836762799944,19.59900962670924,0 80.3583686335994,19.59900900133831,0 80.35836879132124,19.59900890340033,0 80.35836908574441,19.59900871829344,0 80.3587501014985,19.59880906937504,0 80.35871456172653,19.59899453316364,0 80.35867117799006,19.59922092855463,0 80.35862099399695,19.59948280834397,0 80.35861473911865,19.59951544906025,0 80.35773999927645,19.59963953109287,0 80.3577386750097,19.59963972066158,0 80.35773807774667,19.59963980799598,0 80.35771533064383,19.59964302982675,0 80.35769467728534,19.59965183653681,0 80.35769329805747,19.59965241990728,0 80.35769173733311,19.59965308486439,0 80.35769010304728,19.59965378480222,0 80.35767013647721,19.59966229032568,0 80.35765218926672,19.59967638227176,0 80.35765189848351,19.59967661076624,0 80.35765058039864,19.5996776452831,0 80.35763329796644,19.59969121547092,0 80.35763234240511,19.59969196481796,0 80.35761878153664,19.5997103666105,0 80.357617801738,19.59971169692761,0 80.35761736936233,19.5997122836724,0 80.35760424086618,19.59973009871893,0 80.35759681105797,19.59974999352983,0 80.35759633404066,19.59975125696043,0 80.35759576252322,19.59975278573172,0 80.35759513602345,19.59975447335202,0 80.35758785664896,19.59977394397615,0 80.35758643116215,19.5997929095334,0 80.35758647192357,19.59979297022421,0 80.35758619455902,19.59979606428801,0 80.35758617442326,19.59979633260471,0 80.35758605262296,19.59979795063449,0 80.35758437039667,19.59982033926299,0 80.35758903360477,19.59984234476449,0 80.35758937056639,19.59984393551226,0 80.3575895400276,19.59984472411215,0 80.35759403472927,19.59986594101699,0 80.3576041148706,19.59988485902663,0 80.35760470734674,19.59988597806837,0 80.3576054787344,19.59988742668186,0 80.35760913691652,19.59989429492354,0 80.35761383956398,19.59990131870378,0 80.35794778248726,19.60040011452947,0 80.35780800388829,19.60053453637939,0 80.35744254285375,19.60088599103553,0 80.3574419733159,19.60088653933669,0 80.35744166987951,19.60088683194588,0 80.3574410352394,19.60088744598247,0 80.35731746448278,19.60105325978957,0 80.3568878091544,19.6016297959195,0 
							</coordinates>
						</LinearRing>
					</outerBoundaryIs>
				</Polygon>
			</MultiGeometry>
		</Placemark>
		<Placemark id="ID_10029">
			<name>SUPPORT INFRASTRUCTURE AND UTILITY LIKE WORKSHOP, LABORATORY , ADMINBUILDING, ELECTRICAL SUB STATION , ETC</name>
			<Snippet maxLines="0"></Snippet>
			<description><![CDATA[<html xmlns:fo="http://www.w3.org/1999/XSL/Format" xmlns:msxsl="urn:schemas-microsoft-com:xslt">

<head>

<META http-equiv="Content-Type" content="text/html">

<meta http-equiv="content-type" content="text/html; charset=UTF-8">

</head>

<body style="margin:0px 0px 0px 0px;overflow:auto;background:#FFFFFF;">

<table style="font-family:Arial,Verdana,Times;font-size:12px;text-align:left;width:100%;border-collapse:collapse;padding:3px 3px 3px 3px">

<tr style="text-align:center;font-weight:bold;background:#9CBCE2">

<td>SUPPORT INFRASTRUCTURE AND UTILITY LIKE WORKSHOP, LABORATORY , ADMINBUILDING, ELECTRICAL SUB STATION , ETC</td>

</tr>

<tr>

<td>

<table style="font-family:Arial,Verdana,Times;font-size:12px;text-align:left;width:100%;border-spacing:0px; padding:3px 3px 3px 3px">

<tr>

<td>FID</td>

<td>29</td>

</tr>

<tr bgcolor="#D4E4F3">

<td>PROP</td>

<td>SUPPORT INFRASTRUCTURE AND UTILITY LIKE WORKSHOP, LABORATORY , ADMINBUILDING, ELECTRICAL SUB STATION , ETC</td>

</tr>

<tr>

<td>GUT_NO</td>

<td>72</td>

</tr>

<tr bgcolor="#D4E4F3">

<td>CATE</td>

<td>NON FOREST</td>

</tr>

<tr>

<td>COL</td>

<td>3</td>

</tr>

</table>

</td>

</tr>

</table>

</body>

</html>]]></description>
			<styleUrl>#PolyStyle10</styleUrl>
			<MultiGeometry>
				<Polygon>
					<outerBoundaryIs>
						<LinearRing>
							<coordinates>
								80.37142624829731,19.60149243068923,0 80.37132131978792,19.60171322804466,0 80.37063792203348,19.60158822864298,0 80.37035823302281,19.6012137427672,0 80.37025323052129,19.60064253511759,0 80.37111395049101,19.60070232535337,0 80.37159388181918,19.60055456553425,0 80.37157559514745,19.60120304803845,0 80.37142624829731,19.60149243068923,0 
							</coordinates>
						</LinearRing>
					</outerBoundaryIs>
				</Polygon>
			</MultiGeometry>
		</Placemark>
		<Placemark id="ID_10030">
			<name>SUPPORT INFRASTRUCTURE AND UTILITY LIKE WORKSHOP, LABORATORY , ADMINBUILDING, ELECTRICAL SUB STATION , ETC</name>
			<Snippet maxLines="0"></Snippet>
			<description><![CDATA[<html xmlns:fo="http://www.w3.org/1999/XSL/Format" xmlns:msxsl="urn:schemas-microsoft-com:xslt">

<head>

<META http-equiv="Content-Type" content="text/html">

<meta http-equiv="content-type" content="text/html; charset=UTF-8">

</head>

<body style="margin:0px 0px 0px 0px;overflow:auto;background:#FFFFFF;">

<table style="font-family:Arial,Verdana,Times;font-size:12px;text-align:left;width:100%;border-collapse:collapse;padding:3px 3px 3px 3px">

<tr style="text-align:center;font-weight:bold;background:#9CBCE2">

<td>SUPPORT INFRASTRUCTURE AND UTILITY LIKE WORKSHOP, LABORATORY , ADMINBUILDING, ELECTRICAL SUB STATION , ETC</td>

</tr>

<tr>

<td>

<table style="font-family:Arial,Verdana,Times;font-size:12px;text-align:left;width:100%;border-spacing:0px; padding:3px 3px 3px 3px">

<tr>

<td>FID</td>

<td>30</td>

</tr>

<tr bgcolor="#D4E4F3">

<td>PROP</td>

<td>SUPPORT INFRASTRUCTURE AND UTILITY LIKE WORKSHOP, LABORATORY , ADMINBUILDING, ELECTRICAL SUB STATION , ETC</td>

</tr>

<tr>

<td>GUT_NO</td>

<td>75</td>

</tr>

<tr bgcolor="#D4E4F3">

<td>CATE</td>

<td>NON FOREST</td>

</tr>

<tr>

<td>COL</td>

<td>3</td>

</tr>

</table>

</td>

</tr>

</table>

</body>

</html>]]></description>
			<styleUrl>#PolyStyle10</styleUrl>
			<MultiGeometry>
				<Polygon>
					<outerBoundaryIs>
						<LinearRing>
							<coordinates>
								80.37529084067626,19.60196612831581,0 80.37515481794959,19.6020732500444,0 80.37462280883209,19.60182334254506,0 80.37456979737679,19.60166774681143,0 80.37480746362702,19.60137269009147,0 80.37523694791658,19.60122175619751,0 80.37529015599321,19.60132654465072,0 80.37544050410354,19.6015930602203,0 80.37555638187399,19.60180267068449,0 80.37538265457444,19.60187379719641,0 80.37529084067626,19.60196612831581,0 
							</coordinates>
						</LinearRing>
					</outerBoundaryIs>
				</Polygon>
			</MultiGeometry>
		</Placemark>
		<Placemark id="ID_10031">
			<name>SUPPORT INFRASTRUCTURE AND UTILITY LIKE WORKSHOP, LABORATORY , ADMINBUILDING, ELECTRICAL SUB STATION , ETC</name>
			<Snippet maxLines="0"></Snippet>
			<description><![CDATA[<html xmlns:fo="http://www.w3.org/1999/XSL/Format" xmlns:msxsl="urn:schemas-microsoft-com:xslt">

<head>

<META http-equiv="Content-Type" content="text/html">

<meta http-equiv="content-type" content="text/html; charset=UTF-8">

</head>

<body style="margin:0px 0px 0px 0px;overflow:auto;background:#FFFFFF;">

<table style="font-family:Arial,Verdana,Times;font-size:12px;text-align:left;width:100%;border-collapse:collapse;padding:3px 3px 3px 3px">

<tr style="text-align:center;font-weight:bold;background:#9CBCE2">

<td>SUPPORT INFRASTRUCTURE AND UTILITY LIKE WORKSHOP, LABORATORY , ADMINBUILDING, ELECTRICAL SUB STATION , ETC</td>

</tr>

<tr>

<td>

<table style="font-family:Arial,Verdana,Times;font-size:12px;text-align:left;width:100%;border-spacing:0px; padding:3px 3px 3px 3px">

<tr>

<td>FID</td>

<td>31</td>

</tr>

<tr bgcolor="#D4E4F3">

<td>PROP</td>

<td>SUPPORT INFRASTRUCTURE AND UTILITY LIKE WORKSHOP, LABORATORY , ADMINBUILDING, ELECTRICAL SUB STATION , ETC</td>

</tr>

<tr>

<td>GUT_NO</td>

<td>77</td>

</tr>

<tr bgcolor="#D4E4F3">

<td>CATE</td>

<td>NON FOREST</td>

</tr>

<tr>

<td>COL</td>

<td>3</td>

</tr>

</table>

</td>

</tr>

</table>

</body>

</html>]]></description>
			<styleUrl>#PolyStyle10</styleUrl>
			<MultiGeometry>
				<Polygon>
					<outerBoundaryIs>
						<LinearRing>
							<coordinates>
								80.37779366021566,19.60228262339085,0 80.3773772161297,19.6023230266288,0 80.376987082272,19.60208258233418,0 80.37668430770171,19.60208751307973,0 80.37628128462154,19.60191875129753,0 80.37627581772807,19.60170055726931,0 80.37626063735956,19.60154808135457,0 80.37711781705735,19.60089054386582,0 80.37735038213755,19.60110055650723,0 80.37724893626584,19.60123768633422,0 80.37725799481744,19.6013423216663,0 80.37749420741692,19.60142383256734,0 80.37745070112936,19.60158407602698,0 80.377733736829,19.6017912741126,0 80.37777681922483,19.60206937111061,0 80.37779212840283,19.60218897194683,0 80.37779366021566,19.60228262339085,0 
							</coordinates>
						</LinearRing>
					</outerBoundaryIs>
				</Polygon>
			</MultiGeometry>
		</Placemark>
		<Placemark id="ID_10032">
			<name>SUPPORT INFRASTRUCTURE AND UTILITY LIKE WORKSHOP, LABORATORY , ADMINBUILDING, ELECTRICAL SUB STATION , ETC</name>
			<Snippet maxLines="0"></Snippet>
			<description><![CDATA[<html xmlns:fo="http://www.w3.org/1999/XSL/Format" xmlns:msxsl="urn:schemas-microsoft-com:xslt">

<head>

<META http-equiv="Content-Type" content="text/html">

<meta http-equiv="content-type" content="text/html; charset=UTF-8">

</head>

<body style="margin:0px 0px 0px 0px;overflow:auto;background:#FFFFFF;">

<table style="font-family:Arial,Verdana,Times;font-size:12px;text-align:left;width:100%;border-collapse:collapse;padding:3px 3px 3px 3px">

<tr style="text-align:center;font-weight:bold;background:#9CBCE2">

<td>SUPPORT INFRASTRUCTURE AND UTILITY LIKE WORKSHOP, LABORATORY , ADMINBUILDING, ELECTRICAL SUB STATION , ETC</td>

</tr>

<tr>

<td>

<table style="font-family:Arial,Verdana,Times;font-size:12px;text-align:left;width:100%;border-spacing:0px; padding:3px 3px 3px 3px">

<tr>

<td>FID</td>

<td>32</td>

</tr>

<tr bgcolor="#D4E4F3">

<td>PROP</td>

<td>SUPPORT INFRASTRUCTURE AND UTILITY LIKE WORKSHOP, LABORATORY , ADMINBUILDING, ELECTRICAL SUB STATION , ETC</td>

</tr>

<tr>

<td>GUT_NO</td>

<td>78</td>

</tr>

<tr bgcolor="#D4E4F3">

<td>CATE</td>

<td>NON FOREST</td>

</tr>

<tr>

<td>COL</td>

<td>3</td>

</tr>

</table>

</td>

</tr>

</table>

</body>

</html>]]></description>
			<styleUrl>#PolyStyle10</styleUrl>
			<MultiGeometry>
				<Polygon>
					<outerBoundaryIs>
						<LinearRing>
							<coordinates>
								80.37894162557485,19.60241105367452,0 80.37816035018733,19.60241248913418,0 80.37779366021566,19.60228262339085,0 80.37779212840283,19.60218897194683,0 80.37777681922483,19.60206937111061,0 80.377733736829,19.6017912741126,0 80.37745070112936,19.60158407602698,0 80.37749420741692,19.60142383256734,0 80.37780285088583,19.6015324918216,0 80.37822892707672,19.60144728982925,0 80.37831753880819,19.60136690073249,0 80.37890517250055,19.60109396707825,0 80.37913412578551,19.60060162088591,0 80.37935461648098,19.60067112056553,0 80.37925821937002,19.60113702510985,0 80.37864703050779,19.60179542127709,0 80.37932076647124,19.60209661305396,0 80.37924137516944,19.60223979683173,0 80.37894162557485,19.60241105367452,0 
							</coordinates>
						</LinearRing>
					</outerBoundaryIs>
				</Polygon>
			</MultiGeometry>
		</Placemark>
		<Placemark id="ID_10033">
			<name>SUPPORT INFRASTRUCTURE AND UTILITY LIKE WORKSHOP, LABORATORY , ADMINBUILDING, ELECTRICAL SUB STATION , ETC</name>
			<Snippet maxLines="0"></Snippet>
			<description><![CDATA[<html xmlns:fo="http://www.w3.org/1999/XSL/Format" xmlns:msxsl="urn:schemas-microsoft-com:xslt">

<head>

<META http-equiv="Content-Type" content="text/html">

<meta http-equiv="content-type" content="text/html; charset=UTF-8">

</head>

<body style="margin:0px 0px 0px 0px;overflow:auto;background:#FFFFFF;">

<table style="font-family:Arial,Verdana,Times;font-size:12px;text-align:left;width:100%;border-collapse:collapse;padding:3px 3px 3px 3px">

<tr style="text-align:center;font-weight:bold;background:#9CBCE2">

<td>SUPPORT INFRASTRUCTURE AND UTILITY LIKE WORKSHOP, LABORATORY , ADMINBUILDING, ELECTRICAL SUB STATION , ETC</td>

</tr>

<tr>

<td>

<table style="font-family:Arial,Verdana,Times;font-size:12px;text-align:left;width:100%;border-spacing:0px; padding:3px 3px 3px 3px">

<tr>

<td>FID</td>

<td>33</td>

</tr>

<tr bgcolor="#D4E4F3">

<td>PROP</td>

<td>SUPPORT INFRASTRUCTURE AND UTILITY LIKE WORKSHOP, LABORATORY , ADMINBUILDING, ELECTRICAL SUB STATION , ETC</td>

</tr>

<tr>

<td>GUT_NO</td>

<td>56 (P)</td>

</tr>

<tr bgcolor="#D4E4F3">

<td>CATE</td>

<td>FOREST</td>

</tr>

<tr>

<td>COL</td>

<td>3</td>

</tr>

</table>

</td>

</tr>

</table>

</body>

</html>]]></description>
			<styleUrl>#PolyStyle133</styleUrl>
			<MultiGeometry>
				<Polygon>
					<outerBoundaryIs>
						<LinearRing>
							<coordinates>
								80.37816035018733,19.60241248913418,0 80.37597233540566,19.60241649157089,0 80.37596407518365,19.60239584489558,0 80.37595163357618,19.60235097088081,0 80.37628128462154,19.60191875129753,0 80.37668430770171,19.60208751307973,0 80.376987082272,19.60208258233418,0 80.3773772161297,19.6023230266288,0 80.37779366021566,19.60228262339085,0 80.37816035018733,19.60241248913418,0 
							</coordinates>
						</LinearRing>
					</outerBoundaryIs>
				</Polygon>
			</MultiGeometry>
		</Placemark>
		<Placemark id="ID_10034">
			<name>SUPPORT INFRASTRUCTURE AND UTILITY LIKE WORKSHOP, LABORATORY , ADMINBUILDING, ELECTRICAL SUB STATION , ETC</name>
			<Snippet maxLines="0"></Snippet>
			<description><![CDATA[<html xmlns:fo="http://www.w3.org/1999/XSL/Format" xmlns:msxsl="urn:schemas-microsoft-com:xslt">

<head>

<META http-equiv="Content-Type" content="text/html">

<meta http-equiv="content-type" content="text/html; charset=UTF-8">

</head>

<body style="margin:0px 0px 0px 0px;overflow:auto;background:#FFFFFF;">

<table style="font-family:Arial,Verdana,Times;font-size:12px;text-align:left;width:100%;border-collapse:collapse;padding:3px 3px 3px 3px">

<tr style="text-align:center;font-weight:bold;background:#9CBCE2">

<td>SUPPORT INFRASTRUCTURE AND UTILITY LIKE WORKSHOP, LABORATORY , ADMINBUILDING, ELECTRICAL SUB STATION , ETC</td>

</tr>

<tr>

<td>

<table style="font-family:Arial,Verdana,Times;font-size:12px;text-align:left;width:100%;border-spacing:0px; padding:3px 3px 3px 3px">

<tr>

<td>FID</td>

<td>34</td>

</tr>

<tr bgcolor="#D4E4F3">

<td>PROP</td>

<td>SUPPORT INFRASTRUCTURE AND UTILITY LIKE WORKSHOP, LABORATORY , ADMINBUILDING, ELECTRICAL SUB STATION , ETC</td>

</tr>

<tr>

<td>GUT_NO</td>

<td>76</td>

</tr>

<tr bgcolor="#D4E4F3">

<td>CATE</td>

<td>NON FOREST</td>

</tr>

<tr>

<td>COL</td>

<td>3</td>

</tr>

</table>

</td>

</tr>

</table>

</body>

</html>]]></description>
			<styleUrl>#PolyStyle10</styleUrl>
			<MultiGeometry>
				<Polygon>
					<outerBoundaryIs>
						<LinearRing>
							<coordinates>
								80.37597233540566,19.60241649157089,0 80.37419848847966,19.60241971752965,0 80.37423597115871,19.6023629537252,0 80.37429954128557,19.60223466036694,0 80.37430328489083,19.60208225004541,0 80.37432326904077,19.60180735976322,0 80.37456979737679,19.60166774681143,0 80.37462280883209,19.60182334254506,0 80.37515481794959,19.6020732500444,0 80.37529084067626,19.60196612831581,0 80.37538265457444,19.60187379719641,0 80.37555638187399,19.60180267068449,0 80.37583107239341,19.60171993820639,0 80.37626063735956,19.60154808135457,0 80.37627581772807,19.60170055726931,0 80.37628128462154,19.60191875129753,0 80.37595163357618,19.60235097088081,0 80.37596407518365,19.60239584489558,0 80.37597233540566,19.60241649157089,0 
							</coordinates>
						</LinearRing>
					</outerBoundaryIs>
				</Polygon>
			</MultiGeometry>
		</Placemark>
		<Placemark id="ID_10035">
			<name>RAW MATERIAL TESTING YARD WITH ENVIRONMENTAL LAB  Environmental Lab.</name>
			<Snippet maxLines="0"></Snippet>
			<description><![CDATA[<html xmlns:fo="http://www.w3.org/1999/XSL/Format" xmlns:msxsl="urn:schemas-microsoft-com:xslt">

<head>

<META http-equiv="Content-Type" content="text/html">

<meta http-equiv="content-type" content="text/html; charset=UTF-8">

</head>

<body style="margin:0px 0px 0px 0px;overflow:auto;background:#FFFFFF;">

<table style="font-family:Arial,Verdana,Times;font-size:12px;text-align:left;width:100%;border-collapse:collapse;padding:3px 3px 3px 3px">

<tr style="text-align:center;font-weight:bold;background:#9CBCE2">

<td>RAW MATERIAL TESTING YARD WITH ENVIRONMENTAL LAB

Environmental Lab.</td>

</tr>

<tr>

<td>

<table style="font-family:Arial,Verdana,Times;font-size:12px;text-align:left;width:100%;border-spacing:0px; padding:3px 3px 3px 3px">

<tr>

<td>FID</td>

<td>35</td>

</tr>

<tr bgcolor="#D4E4F3">

<td>PROP</td>

<td>RAW MATERIAL TESTING YARD WITH ENVIRONMENTAL LAB

Environmental Lab.</td>

</tr>

<tr>

<td>GUT_NO</td>

<td></td>

</tr>

<tr bgcolor="#D4E4F3">

<td>CATE</td>

<td>FOREST</td>

</tr>

<tr>

<td>COL</td>

<td>5</td>

</tr>

</table>

</td>

</tr>

</table>

</body>

</html>]]></description>
			<styleUrl>#PolyStyle135</styleUrl>
			<MultiGeometry>
				<Polygon>
					<outerBoundaryIs>
						<LinearRing>
							<coordinates>
								80.36422387698045,19.60220064503545,0 80.36412864248514,19.60238458902481,0 80.36353986258892,19.60214645767855,0 80.36365024249464,19.60177879082874,0 80.36370416458129,19.60159918159491,0 80.36370504768787,19.60159624147413,0 80.36350659082979,19.60141209742821,0 80.3634174966442,19.6013294280705,0 80.36283805811723,19.60138891632803,0 80.36190699850121,19.60081624594399,0 80.36189054963404,19.60080612809863,0 80.36179811251912,19.60062019963803,0 80.36161434957501,19.60025057314702,0 80.36093726533937,19.60038646228115,0 80.36088188937262,19.60033206677048,0 80.36057030988846,19.60002600521164,0 80.36051614542988,19.60005143103552,0 80.36026593742403,19.59990959203931,0 80.36022817307111,19.59988818389487,0 80.36020504815224,19.5998781931122,0 80.36014892009236,19.59985375121846,0 80.35986873100096,19.59970937889715,0 80.35991960191944,19.59955807906724,0 80.36028826693787,19.59846158908563,0 80.36077844302217,19.59853948734725,0 80.36131274617293,19.5985533912516,0 80.36137175248031,19.59855492692231,0 80.36155702215221,19.59871745511678,0 80.36212860076419,19.59861277228753,0 80.36214341734866,19.59862352141604,0 80.36227666781313,19.5987201917802,0 80.36294534047255,19.59920530021836,0 80.36393358823722,19.59932616151968,0 80.3646488526866,19.59957786039557,0 80.36495363394036,19.60049366772818,0 80.36500796260755,19.60065691392484,0 80.36502490546934,19.60065345384338,0 80.36422387698045,19.60220064503545,0 
							</coordinates>
						</LinearRing>
					</outerBoundaryIs>
				</Polygon>
			</MultiGeometry>
		</Placemark>
		<Placemark id="ID_10036">
			<name>SUPPORT INFRASTRUCTURE AND UTILITY LIKE WORKSHOP, LABORATORY , ADMINBUILDING, ELECTRICAL SUB STATION , ETC</name>
			<Snippet maxLines="0"></Snippet>
			<description><![CDATA[<html xmlns:fo="http://www.w3.org/1999/XSL/Format" xmlns:msxsl="urn:schemas-microsoft-com:xslt">

<head>

<META http-equiv="Content-Type" content="text/html">

<meta http-equiv="content-type" content="text/html; charset=UTF-8">

</head>

<body style="margin:0px 0px 0px 0px;overflow:auto;background:#FFFFFF;">

<table style="font-family:Arial,Verdana,Times;font-size:12px;text-align:left;width:100%;border-collapse:collapse;padding:3px 3px 3px 3px">

<tr style="text-align:center;font-weight:bold;background:#9CBCE2">

<td>SUPPORT INFRASTRUCTURE AND UTILITY LIKE WORKSHOP, LABORATORY , ADMINBUILDING, ELECTRICAL SUB STATION , ETC</td>

</tr>

<tr>

<td>

<table style="font-family:Arial,Verdana,Times;font-size:12px;text-align:left;width:100%;border-spacing:0px; padding:3px 3px 3px 3px">

<tr>

<td>FID</td>

<td>36</td>

</tr>

<tr bgcolor="#D4E4F3">

<td>PROP</td>

<td>SUPPORT INFRASTRUCTURE AND UTILITY LIKE WORKSHOP, LABORATORY , ADMINBUILDING, ELECTRICAL SUB STATION , ETC</td>

</tr>

<tr>

<td>GUT_NO</td>

<td>56 (P)</td>

</tr>

<tr bgcolor="#D4E4F3">

<td>CATE</td>

<td>FOREST</td>

</tr>

<tr>

<td>COL</td>

<td>3</td>

</tr>

</table>

</td>

</tr>

</table>

</body>

</html>]]></description>
			<styleUrl>#PolyStyle133</styleUrl>
			<MultiGeometry>
				<Polygon>
					<outerBoundaryIs>
						<LinearRing>
							<coordinates>
								80.37399035645542,19.60242009438172,0 80.37362762943688,19.60242075151868,0 80.37392701654507,19.60233498205542,0 80.37398977767855,19.6024158948382,0 80.37399035645542,19.60242009438172,0 
							</coordinates>
						</LinearRing>
					</outerBoundaryIs>
				</Polygon>
			</MultiGeometry>
		</Placemark>
		<Placemark id="ID_10037">
			<name>SUPPORT INFRASTRUCTURE AND UTILITY LIKE WORKSHOP, LABORATORY , ADMINBUILDING, ELECTRICAL SUB STATION , ETC</name>
			<Snippet maxLines="0"></Snippet>
			<description><![CDATA[<html xmlns:fo="http://www.w3.org/1999/XSL/Format" xmlns:msxsl="urn:schemas-microsoft-com:xslt">

<head>

<META http-equiv="Content-Type" content="text/html">

<meta http-equiv="content-type" content="text/html; charset=UTF-8">

</head>

<body style="margin:0px 0px 0px 0px;overflow:auto;background:#FFFFFF;">

<table style="font-family:Arial,Verdana,Times;font-size:12px;text-align:left;width:100%;border-collapse:collapse;padding:3px 3px 3px 3px">

<tr style="text-align:center;font-weight:bold;background:#9CBCE2">

<td>SUPPORT INFRASTRUCTURE AND UTILITY LIKE WORKSHOP, LABORATORY , ADMINBUILDING, ELECTRICAL SUB STATION , ETC</td>

</tr>

<tr>

<td>

<table style="font-family:Arial,Verdana,Times;font-size:12px;text-align:left;width:100%;border-spacing:0px; padding:3px 3px 3px 3px">

<tr>

<td>FID</td>

<td>37</td>

</tr>

<tr bgcolor="#D4E4F3">

<td>PROP</td>

<td>SUPPORT INFRASTRUCTURE AND UTILITY LIKE WORKSHOP, LABORATORY , ADMINBUILDING, ELECTRICAL SUB STATION , ETC</td>

</tr>

<tr>

<td>GUT_NO</td>

<td>74</td>

</tr>

<tr bgcolor="#D4E4F3">

<td>CATE</td>

<td>NON FOREST</td>

</tr>

<tr>

<td>COL</td>

<td>3</td>

</tr>

</table>

</td>

</tr>

</table>

</body>

</html>]]></description>
			<styleUrl>#PolyStyle10</styleUrl>
			<MultiGeometry>
				<Polygon>
					<outerBoundaryIs>
						<LinearRing>
							<coordinates>
								80.37362762943688,19.60242075151868,0 80.37322335842605,19.60242148302446,0 80.3730981365984,19.60219462106584,0 80.37312175175502,19.60179720637395,0 80.37379461208427,19.6015066537286,0 80.37382749546342,19.60146794103425,0 80.37477672218002,19.6003504490962,0 80.37496719764451,19.60002534226255,0 80.37547175266074,19.60003306827393,0 80.37518229314189,19.60067463476839,0 80.37514021125267,19.60095542635889,0 80.37480746362702,19.60137269009147,0 80.37456979737679,19.60166774681143,0 80.37432326904077,19.60180735976322,0 80.37430328489083,19.60208225004541,0 80.37429954128557,19.60223466036694,0 80.37423597115871,19.6023629537252,0 80.37419848847966,19.60241971752965,0 80.37399399144866,19.60242008803229,0 80.37399035645542,19.60242009438172,0 80.37398977767855,19.6024158948382,0 80.37392701654507,19.60233498205542,0 80.37362762943688,19.60242075151868,0 
							</coordinates>
						</LinearRing>
					</outerBoundaryIs>
				</Polygon>
			</MultiGeometry>
		</Placemark>
		<Placemark id="ID_10038">
			<name>SUPPORT INFRASTRUCTURE AND UTILITY LIKE WORKSHOP, LABORATORY , ADMINBUILDING, ELECTRICAL SUB STATION , ETC</name>
			<Snippet maxLines="0"></Snippet>
			<description><![CDATA[<html xmlns:fo="http://www.w3.org/1999/XSL/Format" xmlns:msxsl="urn:schemas-microsoft-com:xslt">

<head>

<META http-equiv="Content-Type" content="text/html">

<meta http-equiv="content-type" content="text/html; charset=UTF-8">

</head>

<body style="margin:0px 0px 0px 0px;overflow:auto;background:#FFFFFF;">

<table style="font-family:Arial,Verdana,Times;font-size:12px;text-align:left;width:100%;border-collapse:collapse;padding:3px 3px 3px 3px">

<tr style="text-align:center;font-weight:bold;background:#9CBCE2">

<td>SUPPORT INFRASTRUCTURE AND UTILITY LIKE WORKSHOP, LABORATORY , ADMINBUILDING, ELECTRICAL SUB STATION , ETC</td>

</tr>

<tr>

<td>

<table style="font-family:Arial,Verdana,Times;font-size:12px;text-align:left;width:100%;border-spacing:0px; padding:3px 3px 3px 3px">

<tr>

<td>FID</td>

<td>38</td>

</tr>

<tr bgcolor="#D4E4F3">

<td>PROP</td>

<td>SUPPORT INFRASTRUCTURE AND UTILITY LIKE WORKSHOP, LABORATORY , ADMINBUILDING, ELECTRICAL SUB STATION , ETC</td>

</tr>

<tr>

<td>GUT_NO</td>

<td>73</td>

</tr>

<tr bgcolor="#D4E4F3">

<td>CATE</td>

<td>NON FOREST</td>

</tr>

<tr>

<td>COL</td>

<td>3</td>

</tr>

</table>

</td>

</tr>

</table>

</body>

</html>]]></description>
			<styleUrl>#PolyStyle10</styleUrl>
			<MultiGeometry>
				<Polygon>
					<outerBoundaryIs>
						<LinearRing>
							<coordinates>
								80.37315572378459,19.60242335692591,0 80.37202322344561,19.60243660979576,0 80.37212093113376,19.60208063719682,0 80.37211936622469,19.60167118034803,0 80.37271472185256,19.60184958619611,0 80.37312175175502,19.60179720637395,0 80.3730981365984,19.60219462106584,0 80.37322335842605,19.60242148302446,0 80.37315574105676,19.6024216056797,0 80.37315572378459,19.60242335692591,0 
							</coordinates>
						</LinearRing>
					</outerBoundaryIs>
				</Polygon>
			</MultiGeometry>
		</Placemark>
		<Placemark id="ID_10039">
			<name>SUPPORT INFRASTRUCTURE AND UTILITY LIKE WORKSHOP, LABORATORY , ADMINBUILDING, ELECTRICAL SUB STATION , ETC</name>
			<Snippet maxLines="0"></Snippet>
			<description><![CDATA[<html xmlns:fo="http://www.w3.org/1999/XSL/Format" xmlns:msxsl="urn:schemas-microsoft-com:xslt">

<head>

<META http-equiv="Content-Type" content="text/html">

<meta http-equiv="content-type" content="text/html; charset=UTF-8">

</head>

<body style="margin:0px 0px 0px 0px;overflow:auto;background:#FFFFFF;">

<table style="font-family:Arial,Verdana,Times;font-size:12px;text-align:left;width:100%;border-collapse:collapse;padding:3px 3px 3px 3px">

<tr style="text-align:center;font-weight:bold;background:#9CBCE2">

<td>SUPPORT INFRASTRUCTURE AND UTILITY LIKE WORKSHOP, LABORATORY , ADMINBUILDING, ELECTRICAL SUB STATION , ETC</td>

</tr>

<tr>

<td>

<table style="font-family:Arial,Verdana,Times;font-size:12px;text-align:left;width:100%;border-spacing:0px; padding:3px 3px 3px 3px">

<tr>

<td>FID</td>

<td>39</td>

</tr>

<tr bgcolor="#D4E4F3">

<td>PROP</td>

<td>SUPPORT INFRASTRUCTURE AND UTILITY LIKE WORKSHOP, LABORATORY , ADMINBUILDING, ELECTRICAL SUB STATION , ETC</td>

</tr>

<tr>

<td>GUT_NO</td>

<td>71</td>

</tr>

<tr bgcolor="#D4E4F3">

<td>CATE</td>

<td>NON FOREST</td>

</tr>

<tr>

<td>COL</td>

<td>3</td>

</tr>

</table>

</td>

</tr>

</table>

</body>

</html>]]></description>
			<styleUrl>#PolyStyle10</styleUrl>
			<MultiGeometry>
				<Polygon>
					<outerBoundaryIs>
						<LinearRing>
							<coordinates>
								80.37126997850093,19.60244542100297,0 80.37074879179799,19.60245151523328,0 80.37068489032492,19.60197617767183,0 80.37067281938202,19.60188639239426,0 80.37067236528426,19.60188301199927,0 80.37062169740739,19.6015852612696,0 80.37063792203348,19.60158822864298,0 80.37132131978792,19.60171322804466,0 80.37140177006575,19.6021110054314,0 80.37154937678116,19.60226992126784,0 80.37163079194808,19.60241964000964,0 80.371640802114,19.60244108368053,0 80.37126997850093,19.60244542100297,0 
							</coordinates>
						</LinearRing>
					</outerBoundaryIs>
				</Polygon>
			</MultiGeometry>
		</Placemark>
		<Placemark id="ID_10040">
			<name>SUPPORT INFRASTRUCTURE AND UTILITY LIKE WORKSHOP, LABORATORY , ADMINBUILDING, ELECTRICAL SUB STATION , ETC</name>
			<Snippet maxLines="0"></Snippet>
			<description><![CDATA[<html xmlns:fo="http://www.w3.org/1999/XSL/Format" xmlns:msxsl="urn:schemas-microsoft-com:xslt">

<head>

<META http-equiv="Content-Type" content="text/html">

<meta http-equiv="content-type" content="text/html; charset=UTF-8">

</head>

<body style="margin:0px 0px 0px 0px;overflow:auto;background:#FFFFFF;">

<table style="font-family:Arial,Verdana,Times;font-size:12px;text-align:left;width:100%;border-collapse:collapse;padding:3px 3px 3px 3px">

<tr style="text-align:center;font-weight:bold;background:#9CBCE2">

<td>SUPPORT INFRASTRUCTURE AND UTILITY LIKE WORKSHOP, LABORATORY , ADMINBUILDING, ELECTRICAL SUB STATION , ETC</td>

</tr>

<tr>

<td>

<table style="font-family:Arial,Verdana,Times;font-size:12px;text-align:left;width:100%;border-spacing:0px; padding:3px 3px 3px 3px">

<tr>

<td>FID</td>

<td>40</td>

</tr>

<tr bgcolor="#D4E4F3">

<td>PROP</td>

<td>SUPPORT INFRASTRUCTURE AND UTILITY LIKE WORKSHOP, LABORATORY , ADMINBUILDING, ELECTRICAL SUB STATION , ETC</td>

</tr>

<tr>

<td>GUT_NO</td>

<td>70</td>

</tr>

<tr bgcolor="#D4E4F3">

<td>CATE</td>

<td>NON FOREST</td>

</tr>

<tr>

<td>COL</td>

<td>3</td>

</tr>

</table>

</td>

</tr>

</table>

</body>

</html>]]></description>
			<styleUrl>#PolyStyle10</styleUrl>
			<MultiGeometry>
				<Polygon>
					<outerBoundaryIs>
						<LinearRing>
							<coordinates>
								80.37074879179799,19.60245151523328,0 80.37022047596902,19.60245769148002,0 80.37040759996064,19.60191048218983,0 80.37067281938202,19.60188639239426,0 80.37068489032492,19.60197617767183,0 80.37074879179799,19.60245151523328,0 
							</coordinates>
						</LinearRing>
					</outerBoundaryIs>
				</Polygon>
			</MultiGeometry>
		</Placemark>
		<Placemark id="ID_10041">
			<name>SUPPORT INFRASTRUCTURE AND UTILITY LIKE WORKSHOP, LABORATORY , ADMINBUILDING, ELECTRICAL SUB STATION , ETC</name>
			<Snippet maxLines="0"></Snippet>
			<description><![CDATA[<html xmlns:fo="http://www.w3.org/1999/XSL/Format" xmlns:msxsl="urn:schemas-microsoft-com:xslt">

<head>

<META http-equiv="Content-Type" content="text/html">

<meta http-equiv="content-type" content="text/html; charset=UTF-8">

</head>

<body style="margin:0px 0px 0px 0px;overflow:auto;background:#FFFFFF;">

<table style="font-family:Arial,Verdana,Times;font-size:12px;text-align:left;width:100%;border-collapse:collapse;padding:3px 3px 3px 3px">

<tr style="text-align:center;font-weight:bold;background:#9CBCE2">

<td>SUPPORT INFRASTRUCTURE AND UTILITY LIKE WORKSHOP, LABORATORY , ADMINBUILDING, ELECTRICAL SUB STATION , ETC</td>

</tr>

<tr>

<td>

<table style="font-family:Arial,Verdana,Times;font-size:12px;text-align:left;width:100%;border-spacing:0px; padding:3px 3px 3px 3px">

<tr>

<td>FID</td>

<td>41</td>

</tr>

<tr bgcolor="#D4E4F3">

<td>PROP</td>

<td>SUPPORT INFRASTRUCTURE AND UTILITY LIKE WORKSHOP, LABORATORY , ADMINBUILDING, ELECTRICAL SUB STATION , ETC</td>

</tr>

<tr>

<td>GUT_NO</td>

<td>69</td>

</tr>

<tr bgcolor="#D4E4F3">

<td>CATE</td>

<td>NON FOREST</td>

</tr>

<tr>

<td>COL</td>

<td>3</td>

</tr>

</table>

</td>

</tr>

</table>

</body>

</html>]]></description>
			<styleUrl>#PolyStyle10</styleUrl>
			<MultiGeometry>
				<Polygon>
					<outerBoundaryIs>
						<LinearRing>
							<coordinates>
								80.37022047596902,19.60245769148002,0 80.36969187883382,19.60246386971098,0 80.36927591562151,19.60188171650512,0 80.37012300551248,19.60154981124662,0 80.3704111735376,19.60190003202413,0 80.37040759996064,19.60191048218983,0 80.37022047596902,19.60245769148002,0 
							</coordinates>
						</LinearRing>
					</outerBoundaryIs>
				</Polygon>
			</MultiGeometry>
		</Placemark>
		<Placemark id="ID_10042">
			<name>BHQ BENEFICIATION PLANT OF CAPACITY 45 MTPA AND ALLIED ACTIVITIES</name>
			<Snippet maxLines="0"></Snippet>
			<description><![CDATA[<html xmlns:fo="http://www.w3.org/1999/XSL/Format" xmlns:msxsl="urn:schemas-microsoft-com:xslt">

<head>

<META http-equiv="Content-Type" content="text/html">

<meta http-equiv="content-type" content="text/html; charset=UTF-8">

</head>

<body style="margin:0px 0px 0px 0px;overflow:auto;background:#FFFFFF;">

<table style="font-family:Arial,Verdana,Times;font-size:12px;text-align:left;width:100%;border-collapse:collapse;padding:3px 3px 3px 3px">

<tr style="text-align:center;font-weight:bold;background:#9CBCE2">

<td>BHQ BENEFICIATION PLANT OF CAPACITY 45 MTPA AND ALLIED ACTIVITIES</td>

</tr>

<tr>

<td>

<table style="font-family:Arial,Verdana,Times;font-size:12px;text-align:left;width:100%;border-spacing:0px; padding:3px 3px 3px 3px">

<tr>

<td>FID</td>

<td>42</td>

</tr>

<tr bgcolor="#D4E4F3">

<td>PROP</td>

<td>BHQ BENEFICIATION PLANT OF CAPACITY 45 MTPA AND ALLIED ACTIVITIES</td>

</tr>

<tr>

<td>GUT_NO</td>

<td>74</td>

</tr>

<tr bgcolor="#D4E4F3">

<td>CATE</td>

<td>NON FOREST</td>

</tr>

<tr>

<td>COL</td>

<td>9</td>

</tr>

</table>

</td>

</tr>

</table>

</body>

</html>]]></description>
			<styleUrl>#PolyStyle10</styleUrl>
			<MultiGeometry>
				<Polygon>
					<outerBoundaryIs>
						<LinearRing>
							<coordinates>
								80.37357656691977,19.60243538060407,0 80.37327664518186,19.60251802092851,0 80.37322335842605,19.60242148302446,0 80.37362762943688,19.60242075151868,0 80.37357656691977,19.60243538060407,0 
							</coordinates>
						</LinearRing>
					</outerBoundaryIs>
				</Polygon>
			</MultiGeometry>
		</Placemark>
		<Placemark id="ID_10043">
			<name>SUPPORT INFRASTRUCTURE AND UTILITY LIKE WORKSHOP, LABORATORY , ADMINBUILDING, ELECTRICAL SUB STATION , ETC</name>
			<Snippet maxLines="0"></Snippet>
			<description><![CDATA[<html xmlns:fo="http://www.w3.org/1999/XSL/Format" xmlns:msxsl="urn:schemas-microsoft-com:xslt">

<head>

<META http-equiv="Content-Type" content="text/html">

<meta http-equiv="content-type" content="text/html; charset=UTF-8">

</head>

<body style="margin:0px 0px 0px 0px;overflow:auto;background:#FFFFFF;">

<table style="font-family:Arial,Verdana,Times;font-size:12px;text-align:left;width:100%;border-collapse:collapse;padding:3px 3px 3px 3px">

<tr style="text-align:center;font-weight:bold;background:#9CBCE2">

<td>SUPPORT INFRASTRUCTURE AND UTILITY LIKE WORKSHOP, LABORATORY , ADMINBUILDING, ELECTRICAL SUB STATION , ETC</td>

</tr>

<tr>

<td>

<table style="font-family:Arial,Verdana,Times;font-size:12px;text-align:left;width:100%;border-spacing:0px; padding:3px 3px 3px 3px">

<tr>

<td>FID</td>

<td>43</td>

</tr>

<tr bgcolor="#D4E4F3">

<td>PROP</td>

<td>SUPPORT INFRASTRUCTURE AND UTILITY LIKE WORKSHOP, LABORATORY , ADMINBUILDING, ELECTRICAL SUB STATION , ETC</td>

</tr>

<tr>

<td>GUT_NO</td>

<td>56 (P)</td>

</tr>

<tr bgcolor="#D4E4F3">

<td>CATE</td>

<td>FOREST</td>

</tr>

<tr>

<td>COL</td>

<td>3</td>

</tr>

</table>

</td>

</tr>

</table>

</body>

</html>]]></description>
			<styleUrl>#PolyStyle133</styleUrl>
			<MultiGeometry>
				<Polygon>
					<outerBoundaryIs>
						<LinearRing>
							<coordinates>
								80.36477844507527,19.60252122241657,0 80.36425333057761,19.60252734364155,0 80.36418169580956,19.60242724940951,0 80.36416034082572,19.60239740912307,0 80.36413063606543,19.60238539580346,0 80.36412864248514,19.60238458902481,0 80.36422387698045,19.60220064503545,0 80.36502490546934,19.60065345384338,0 80.36576186785548,19.60050292726079,0 80.3658541601967,19.60048407624704,0 80.36661656396731,19.60032835010499,0 80.36670791803587,19.60030969054304,0 80.36707204198771,19.6002353138695,0 80.36711535261206,19.60023467706937,0 80.36711772680508,19.60028909424599,0 80.36713221828931,19.60062137620569,0 80.367269592969,19.60063116000759,0 80.36726987063254,19.60049524868148,0 80.36817030668179,19.6005593772483,0 80.36817034149399,19.60069531137674,0 80.3682550216668,19.60070134200379,0 80.36838225275889,19.60046186002905,0 80.368430934166,19.60037022897793,0 80.36874490387045,19.6003259296983,0 80.36965011279314,19.60019820742332,0 80.36986748218013,19.60012838940784,0 80.37006547305931,19.6000647956225,0 80.37021519892514,19.60001670434726,0 80.3703090687622,19.59932303258658,0 80.37062223026193,19.59926205630038,0 80.37057973526161,19.59907752553259,0 80.37028015823451,19.59777664560318,0 80.37004317836494,19.59767878173897,0 80.37004399512624,19.59761052430924,0 80.37073210119991,19.59764897435835,0 80.37110403888656,19.59722420615618,0 80.37115378297118,19.59716739627602,0 80.37121358420872,19.59705845637976,0 80.37124712153027,19.59699736257782,0 80.37144205965376,19.59664224613399,0 80.37168951501094,19.59629524580953,0 80.37169125129043,19.5962928110566,0 80.37577485424721,19.5962279942617,0 80.37909766556982,19.59617518475852,0 80.37977918457624,19.59616434563412,0 80.38084056276188,19.59614746050282,0 80.38091604190039,19.5962942965885,0 80.38092159207594,19.59630509460831,0 80.38168311955526,19.59778655294395,0 80.38168801413707,19.59780325416489,0 80.38172290688867,19.59792231379443,0 80.38183806553111,19.59831525782655,0 80.38184640847248,19.59838081143499,0 80.38099163092015,19.59898513830213,0 80.38095795174046,19.59924822321562,0 80.38077560833544,19.59942931002032,0 80.38060266135641,19.59979214121028,0 80.38109678328492,19.59988947755564,0 80.38164267832813,19.59964269171234,0 80.38178593269161,19.59912673584412,0 80.38192256465213,19.59897914834723,0 80.38199564496045,19.5995533214083,0 80.38202610188753,19.60091652531285,0 80.38081172791854,19.60162519290142,0 80.38080423338714,19.60169113310116,0 80.38074804138355,19.60218554998121,0 80.38026780740783,19.60219170496356,0 80.38024315003891,19.60240865405471,0 80.37894162557485,19.60241105367452,0 80.37924137516944,19.60223979683173,0 80.37932076647124,19.60209661305396,0 80.37864703050779,19.60179542127709,0 80.37925821937002,19.60113702510985,0 80.37935461648098,19.60067112056553,0 80.37913412578551,19.60060162088591,0 80.37890517250055,19.60109396707825,0 80.37831753880819,19.60136690073249,0 80.37822892707672,19.60144728982925,0 80.37780285088583,19.6015324918216,0 80.37749420741692,19.60142383256734,0 80.37725799481744,19.6013423216663,0 80.37724893626584,19.60123768633422,0 80.37735038213755,19.60110055650723,0 80.37711781705735,19.60089054386582,0 80.37626063735956,19.60154808135457,0 80.37583107239341,19.60171993820639,0 80.37555638187399,19.60180267068449,0 80.37544050410354,19.6015930602203,0 80.37529015599321,19.60132654465072,0 80.37523694791658,19.60122175619751,0 80.37480746362702,19.60137269009147,0 80.37514021125267,19.60095542635889,0 80.37518229314189,19.60067463476839,0 80.37547175266074,19.60003306827393,0 80.37496719764451,19.60002534226255,0 80.37477672218002,19.6003504490962,0 80.37382749546342,19.60146794103425,0 80.37379461208427,19.6015066537286,0 80.37312175175502,19.60179720637395,0 80.37271472185256,19.60184958619611,0 80.37211936622469,19.60167118034803,0 80.37212093113376,19.60208063719682,0 80.37202322344561,19.60243660979576,0 80.371640802114,19.60244108368053,0 80.37163079194808,19.60241964000964,0 80.37154937678116,19.60226992126784,0 80.37140177006575,19.6021110054314,0 80.37132131978792,19.60171322804466,0 80.37142624829731,19.60149243068923,0 80.37157559514745,19.60120304803845,0 80.37159388181918,19.60055456553425,0 80.37111395049101,19.60070232535337,0 80.37025323052129,19.60064253511759,0 80.37035823302281,19.6012137427672,0 80.37063792203348,19.60158822864298,0 80.37062169740739,19.6015852612696,0 80.37067236528426,19.60188301199927,0 80.37067281938202,19.60188639239426,0 80.37040759996064,19.60191048218983,0 80.3704111735376,19.60190003202413,0 80.37012300551248,19.60154981124662,0 80.36927591562151,19.60188171650512,0 80.36969187883382,19.60246386971098,0 80.36477844507527,19.60252122241657,0 
							</coordinates>
						</LinearRing>
					</outerBoundaryIs>
				</Polygon>
			</MultiGeometry>
		</Placemark>
		<Placemark id="ID_10044">
			<name>WATER STORAGE, PRODUCT AND WASTE HANDING SYSTEM</name>
			<Snippet maxLines="0"></Snippet>
			<description><![CDATA[<html xmlns:fo="http://www.w3.org/1999/XSL/Format" xmlns:msxsl="urn:schemas-microsoft-com:xslt">

<head>

<META http-equiv="Content-Type" content="text/html">

<meta http-equiv="content-type" content="text/html; charset=UTF-8">

</head>

<body style="margin:0px 0px 0px 0px;overflow:auto;background:#FFFFFF;">

<table style="font-family:Arial,Verdana,Times;font-size:12px;text-align:left;width:100%;border-collapse:collapse;padding:3px 3px 3px 3px">

<tr style="text-align:center;font-weight:bold;background:#9CBCE2">

<td>WATER STORAGE, PRODUCT AND WASTE HANDING SYSTEM</td>

</tr>

<tr>

<td>

<table style="font-family:Arial,Verdana,Times;font-size:12px;text-align:left;width:100%;border-spacing:0px; padding:3px 3px 3px 3px">

<tr>

<td>FID</td>

<td>44</td>

</tr>

<tr bgcolor="#D4E4F3">

<td>PROP</td>

<td>WATER STORAGE, PRODUCT AND WASTE HANDING SYSTEM</td>

</tr>

<tr>

<td>GUT_NO</td>

<td>56 (P)</td>

</tr>

<tr bgcolor="#D4E4F3">

<td>CATE</td>

<td>FOREST</td>

</tr>

<tr>

<td>COL</td>

<td>1</td>

</tr>

</table>

</td>

</tr>

</table>

</body>

</html>]]></description>
			<styleUrl>#PolyStyle144</styleUrl>
			<MultiGeometry>
				<Polygon>
					<outerBoundaryIs>
						<LinearRing>
							<coordinates>
								80.3720217648589,19.60244192369482,0 80.37169337516882,19.60255370028865,0 80.371640802114,19.60244108368053,0 80.37202322344561,19.60243660979576,0 80.3720217648589,19.60244192369482,0 
							</coordinates>
						</LinearRing>
					</outerBoundaryIs>
				</Polygon>
			</MultiGeometry>
		</Placemark>
		<Placemark id="ID_10045">
			<name>BHQ BENEFICIATION PLANT OF CAPACITY 45 MTPA AND ALLIED ACTIVITIES</name>
			<Snippet maxLines="0"></Snippet>
			<description><![CDATA[<html xmlns:fo="http://www.w3.org/1999/XSL/Format" xmlns:msxsl="urn:schemas-microsoft-com:xslt">

<head>

<META http-equiv="Content-Type" content="text/html">

<meta http-equiv="content-type" content="text/html; charset=UTF-8">

</head>

<body style="margin:0px 0px 0px 0px;overflow:auto;background:#FFFFFF;">

<table style="font-family:Arial,Verdana,Times;font-size:12px;text-align:left;width:100%;border-collapse:collapse;padding:3px 3px 3px 3px">

<tr style="text-align:center;font-weight:bold;background:#9CBCE2">

<td>BHQ BENEFICIATION PLANT OF CAPACITY 45 MTPA AND ALLIED ACTIVITIES</td>

</tr>

<tr>

<td>

<table style="font-family:Arial,Verdana,Times;font-size:12px;text-align:left;width:100%;border-spacing:0px; padding:3px 3px 3px 3px">

<tr>

<td>FID</td>

<td>45</td>

</tr>

<tr bgcolor="#D4E4F3">

<td>PROP</td>

<td>BHQ BENEFICIATION PLANT OF CAPACITY 45 MTPA AND ALLIED ACTIVITIES</td>

</tr>

<tr>

<td>GUT_NO</td>

<td>74</td>

</tr>

<tr bgcolor="#D4E4F3">

<td>CATE</td>

<td>NON FOREST</td>

</tr>

<tr>

<td>COL</td>

<td>9</td>

</tr>

</table>

</td>

</tr>

</table>

</body>

</html>]]></description>
			<styleUrl>#PolyStyle10</styleUrl>
			<MultiGeometry>
				<Polygon>
					<outerBoundaryIs>
						<LinearRing>
							<coordinates>
								80.37417887043935,19.60244942793717,0 80.37413743349981,19.60256285417779,0 80.37399399144866,19.60242008803229,0 80.37419848847966,19.60241971752965,0 80.37417887043935,19.60244942793717,0 
							</coordinates>
						</LinearRing>
					</outerBoundaryIs>
				</Polygon>
			</MultiGeometry>
		</Placemark>
		<Placemark id="ID_10046">
			<name>BHQ BENEFICIATION PLANT OF CAPACITY 45 MTPA AND ALLIED ACTIVITIES</name>
			<Snippet maxLines="0"></Snippet>
			<description><![CDATA[<html xmlns:fo="http://www.w3.org/1999/XSL/Format" xmlns:msxsl="urn:schemas-microsoft-com:xslt">

<head>

<META http-equiv="Content-Type" content="text/html">

<meta http-equiv="content-type" content="text/html; charset=UTF-8">

</head>

<body style="margin:0px 0px 0px 0px;overflow:auto;background:#FFFFFF;">

<table style="font-family:Arial,Verdana,Times;font-size:12px;text-align:left;width:100%;border-collapse:collapse;padding:3px 3px 3px 3px">

<tr style="text-align:center;font-weight:bold;background:#9CBCE2">

<td>BHQ BENEFICIATION PLANT OF CAPACITY 45 MTPA AND ALLIED ACTIVITIES</td>

</tr>

<tr>

<td>

<table style="font-family:Arial,Verdana,Times;font-size:12px;text-align:left;width:100%;border-spacing:0px; padding:3px 3px 3px 3px">

<tr>

<td>FID</td>

<td>46</td>

</tr>

<tr bgcolor="#D4E4F3">

<td>PROP</td>

<td>BHQ BENEFICIATION PLANT OF CAPACITY 45 MTPA AND ALLIED ACTIVITIES</td>

</tr>

<tr>

<td>GUT_NO</td>

<td>73</td>

</tr>

<tr bgcolor="#D4E4F3">

<td>CATE</td>

<td>NON FOREST</td>

</tr>

<tr>

<td>COL</td>

<td>9</td>

</tr>

</table>

</td>

</tr>

</table>

</body>

</html>]]></description>
			<styleUrl>#PolyStyle10</styleUrl>
			<MultiGeometry>
				<Polygon>
					<outerBoundaryIs>
						<LinearRing>
							<coordinates>
								80.37327664518186,19.60251802092851,0 80.37315323354844,19.60267065746901,0 80.37315572378459,19.60242335692591,0 80.37315574105676,19.6024216056797,0 80.37322335842605,19.60242148302446,0 80.37327664518186,19.60251802092851,0 
							</coordinates>
						</LinearRing>
					</outerBoundaryIs>
				</Polygon>
			</MultiGeometry>
		</Placemark>
		<Placemark id="ID_10047">
			<name>BHQ BENEFICIATION PLANT OF CAPACITY 45 MTPA AND ALLIED ACTIVITIES</name>
			<Snippet maxLines="0"></Snippet>
			<description><![CDATA[<html xmlns:fo="http://www.w3.org/1999/XSL/Format" xmlns:msxsl="urn:schemas-microsoft-com:xslt">

<head>

<META http-equiv="Content-Type" content="text/html">

<meta http-equiv="content-type" content="text/html; charset=UTF-8">

</head>

<body style="margin:0px 0px 0px 0px;overflow:auto;background:#FFFFFF;">

<table style="font-family:Arial,Verdana,Times;font-size:12px;text-align:left;width:100%;border-collapse:collapse;padding:3px 3px 3px 3px">

<tr style="text-align:center;font-weight:bold;background:#9CBCE2">

<td>BHQ BENEFICIATION PLANT OF CAPACITY 45 MTPA AND ALLIED ACTIVITIES</td>

</tr>

<tr>

<td>

<table style="font-family:Arial,Verdana,Times;font-size:12px;text-align:left;width:100%;border-spacing:0px; padding:3px 3px 3px 3px">

<tr>

<td>FID</td>

<td>47</td>

</tr>

<tr bgcolor="#D4E4F3">

<td>PROP</td>

<td>BHQ BENEFICIATION PLANT OF CAPACITY 45 MTPA AND ALLIED ACTIVITIES</td>

</tr>

<tr>

<td>GUT_NO</td>

<td>78</td>

</tr>

<tr bgcolor="#D4E4F3">

<td>CATE</td>

<td>NON FOREST</td>

</tr>

<tr>

<td>COL</td>

<td>9</td>

</tr>

</table>

</td>

</tr>

</table>

</body>

</html>]]></description>
			<styleUrl>#PolyStyle10</styleUrl>
			<MultiGeometry>
				<Polygon>
					<outerBoundaryIs>
						<LinearRing>
							<coordinates>
								80.37875779750497,19.60251607955369,0 80.37869403569461,19.60269518170571,0 80.37843869177853,19.60266740257276,0 80.37822827996331,19.60243654691707,0 80.37816035018733,19.60241248913418,0 80.37894162557485,19.60241105367452,0 80.37875779750497,19.60251607955369,0 
							</coordinates>
						</LinearRing>
					</outerBoundaryIs>
				</Polygon>
			</MultiGeometry>
		</Placemark>
		<Placemark id="ID_10048">
			<name>WATER STORAGE, PRODUCT AND WASTE HANDING SYSTEM</name>
			<Snippet maxLines="0"></Snippet>
			<description><![CDATA[<html xmlns:fo="http://www.w3.org/1999/XSL/Format" xmlns:msxsl="urn:schemas-microsoft-com:xslt">

<head>

<META http-equiv="Content-Type" content="text/html">

<meta http-equiv="content-type" content="text/html; charset=UTF-8">

</head>

<body style="margin:0px 0px 0px 0px;overflow:auto;background:#FFFFFF;">

<table style="font-family:Arial,Verdana,Times;font-size:12px;text-align:left;width:100%;border-collapse:collapse;padding:3px 3px 3px 3px">

<tr style="text-align:center;font-weight:bold;background:#9CBCE2">

<td>WATER STORAGE, PRODUCT AND WASTE HANDING SYSTEM</td>

</tr>

<tr>

<td>

<table style="font-family:Arial,Verdana,Times;font-size:12px;text-align:left;width:100%;border-spacing:0px; padding:3px 3px 3px 3px">

<tr>

<td>FID</td>

<td>48</td>

</tr>

<tr bgcolor="#D4E4F3">

<td>PROP</td>

<td>WATER STORAGE, PRODUCT AND WASTE HANDING SYSTEM</td>

</tr>

<tr>

<td>GUT_NO</td>

<td>69</td>

</tr>

<tr bgcolor="#D4E4F3">

<td>CATE</td>

<td>NON FOREST</td>

</tr>

<tr>

<td>COL</td>

<td>1</td>

</tr>

</table>

</td>

</tr>

</table>

</body>

</html>]]></description>
			<styleUrl>#PolyStyle10</styleUrl>
			<MultiGeometry>
				<Polygon>
					<outerBoundaryIs>
						<LinearRing>
							<coordinates>
								80.36988407546843,19.60267372797883,0 80.36983283376898,19.6026977851244,0 80.36976146033321,19.6025612508844,0 80.36969187883382,19.60246386971098,0 80.37022047596902,19.60245769148002,0 80.37019680531019,19.60252690912324,0 80.37002216115732,19.60260890099836,0 80.37002190704595,19.60260902029762,0 80.36988407546843,19.60267372797883,0 
							</coordinates>
						</LinearRing>
					</outerBoundaryIs>
				</Polygon>
			</MultiGeometry>
		</Placemark>
		<Placemark id="ID_10049">
			<name>WATER STORAGE, PRODUCT AND WASTE HANDING SYSTEM</name>
			<Snippet maxLines="0"></Snippet>
			<description><![CDATA[<html xmlns:fo="http://www.w3.org/1999/XSL/Format" xmlns:msxsl="urn:schemas-microsoft-com:xslt">

<head>

<META http-equiv="Content-Type" content="text/html">

<meta http-equiv="content-type" content="text/html; charset=UTF-8">

</head>

<body style="margin:0px 0px 0px 0px;overflow:auto;background:#FFFFFF;">

<table style="font-family:Arial,Verdana,Times;font-size:12px;text-align:left;width:100%;border-collapse:collapse;padding:3px 3px 3px 3px">

<tr style="text-align:center;font-weight:bold;background:#9CBCE2">

<td>WATER STORAGE, PRODUCT AND WASTE HANDING SYSTEM</td>

</tr>

<tr>

<td>

<table style="font-family:Arial,Verdana,Times;font-size:12px;text-align:left;width:100%;border-spacing:0px; padding:3px 3px 3px 3px">

<tr>

<td>FID</td>

<td>49</td>

</tr>

<tr bgcolor="#D4E4F3">

<td>PROP</td>

<td>WATER STORAGE, PRODUCT AND WASTE HANDING SYSTEM</td>

</tr>

<tr>

<td>GUT_NO</td>

<td>70</td>

</tr>

<tr bgcolor="#D4E4F3">

<td>CATE</td>

<td>NON FOREST</td>

</tr>

<tr>

<td>COL</td>

<td>1</td>

</tr>

</table>

</td>

</tr>

</table>

</body>

</html>]]></description>
			<styleUrl>#PolyStyle10</styleUrl>
			<MultiGeometry>
				<Polygon>
					<outerBoundaryIs>
						<LinearRing>
							<coordinates>
								80.37080952656505,19.60275449623962,0 80.37058856587102,19.60276028792551,0 80.37019680531019,19.60252690912324,0 80.37022047596902,19.60245769148002,0 80.37074879179799,19.60245151523328,0 80.37078746353161,19.60273917163854,0 80.37080952656505,19.60275449623962,0 
							</coordinates>
						</LinearRing>
					</outerBoundaryIs>
				</Polygon>
			</MultiGeometry>
		</Placemark>
		<Placemark id="ID_10050">
			<name>WATER STORAGE, PRODUCT AND WASTE HANDING SYSTEM</name>
			<Snippet maxLines="0"></Snippet>
			<description><![CDATA[<html xmlns:fo="http://www.w3.org/1999/XSL/Format" xmlns:msxsl="urn:schemas-microsoft-com:xslt">

<head>

<META http-equiv="Content-Type" content="text/html">

<meta http-equiv="content-type" content="text/html; charset=UTF-8">

</head>

<body style="margin:0px 0px 0px 0px;overflow:auto;background:#FFFFFF;">

<table style="font-family:Arial,Verdana,Times;font-size:12px;text-align:left;width:100%;border-collapse:collapse;padding:3px 3px 3px 3px">

<tr style="text-align:center;font-weight:bold;background:#9CBCE2">

<td>WATER STORAGE, PRODUCT AND WASTE HANDING SYSTEM</td>

</tr>

<tr>

<td>

<table style="font-family:Arial,Verdana,Times;font-size:12px;text-align:left;width:100%;border-spacing:0px; padding:3px 3px 3px 3px">

<tr>

<td>FID</td>

<td>50</td>

</tr>

<tr bgcolor="#D4E4F3">

<td>PROP</td>

<td>WATER STORAGE, PRODUCT AND WASTE HANDING SYSTEM</td>

</tr>

<tr>

<td>GUT_NO</td>

<td>71</td>

</tr>

<tr bgcolor="#D4E4F3">

<td>CATE</td>

<td>NON FOREST</td>

</tr>

<tr>

<td>COL</td>

<td>1</td>

</tr>

</table>

</td>

</tr>

</table>

</body>

</html>]]></description>
			<styleUrl>#PolyStyle10</styleUrl>
			<MultiGeometry>
				<Polygon>
					<outerBoundaryIs>
						<LinearRing>
							<coordinates>
								80.37165542909351,19.60257214917179,0 80.37154697442261,19.60288857297432,0 80.37138636958976,19.60282823886116,0 80.37117851741912,19.60275279580783,0 80.37080952656505,19.60275449623962,0 80.37078746353161,19.60273917163854,0 80.37074879179799,19.60245151523328,0 80.37126997850093,19.60244542100297,0 80.371640802114,19.60244108368053,0 80.37169337516882,19.60255370028865,0 80.37165542909351,19.60257214917179,0 
							</coordinates>
						</LinearRing>
					</outerBoundaryIs>
				</Polygon>
			</MultiGeometry>
		</Placemark>
		<Placemark id="ID_10051">
			<name>WATER STORAGE, PRODUCT AND WASTE HANDING SYSTEM</name>
			<Snippet maxLines="0"></Snippet>
			<description><![CDATA[<html xmlns:fo="http://www.w3.org/1999/XSL/Format" xmlns:msxsl="urn:schemas-microsoft-com:xslt">

<head>

<META http-equiv="Content-Type" content="text/html">

<meta http-equiv="content-type" content="text/html; charset=UTF-8">

</head>

<body style="margin:0px 0px 0px 0px;overflow:auto;background:#FFFFFF;">

<table style="font-family:Arial,Verdana,Times;font-size:12px;text-align:left;width:100%;border-collapse:collapse;padding:3px 3px 3px 3px">

<tr style="text-align:center;font-weight:bold;background:#9CBCE2">

<td>WATER STORAGE, PRODUCT AND WASTE HANDING SYSTEM</td>

</tr>

<tr>

<td>

<table style="font-family:Arial,Verdana,Times;font-size:12px;text-align:left;width:100%;border-spacing:0px; padding:3px 3px 3px 3px">

<tr>

<td>FID</td>

<td>51</td>

</tr>

<tr bgcolor="#D4E4F3">

<td>PROP</td>

<td>WATER STORAGE, PRODUCT AND WASTE HANDING SYSTEM</td>

</tr>

<tr>

<td>GUT_NO</td>

<td>73</td>

</tr>

<tr bgcolor="#D4E4F3">

<td>CATE</td>

<td>NON FOREST</td>

</tr>

<tr>

<td>COL</td>

<td>1</td>

</tr>

</table>

</td>

</tr>

</table>

</body>

</html>]]></description>
			<styleUrl>#PolyStyle10</styleUrl>
			<MultiGeometry>
				<Polygon>
					<outerBoundaryIs>
						<LinearRing>
							<coordinates>
								80.37242912199706,19.60311878756548,0 80.37212585858192,19.60324923361076,0 80.37199736983219,19.60303957710596,0 80.37178635209465,19.60296711303904,0 80.37154697442261,19.60288857297432,0 80.37165542909351,19.60257214917179,0 80.37169337516882,19.60255370028865,0 80.3720217648589,19.60244192369482,0 80.37202322344561,19.60243660979576,0 80.37315572378459,19.60242335692591,0 80.37315323354844,19.60267065746901,0 80.3730453159628,19.60280413135077,0 80.37242912199706,19.60311878756548,0 
							</coordinates>
						</LinearRing>
					</outerBoundaryIs>
				</Polygon>
			</MultiGeometry>
		</Placemark>
		<Placemark id="ID_10052">
			<name>BHQ BENEFICIATION PLANT OF CAPACITY 45 MTPA AND ALLIED ACTIVITIES</name>
			<Snippet maxLines="0"></Snippet>
			<description><![CDATA[<html xmlns:fo="http://www.w3.org/1999/XSL/Format" xmlns:msxsl="urn:schemas-microsoft-com:xslt">

<head>

<META http-equiv="Content-Type" content="text/html">

<meta http-equiv="content-type" content="text/html; charset=UTF-8">

</head>

<body style="margin:0px 0px 0px 0px;overflow:auto;background:#FFFFFF;">

<table style="font-family:Arial,Verdana,Times;font-size:12px;text-align:left;width:100%;border-collapse:collapse;padding:3px 3px 3px 3px">

<tr style="text-align:center;font-weight:bold;background:#9CBCE2">

<td>BHQ BENEFICIATION PLANT OF CAPACITY 45 MTPA AND ALLIED ACTIVITIES</td>

</tr>

<tr>

<td>

<table style="font-family:Arial,Verdana,Times;font-size:12px;text-align:left;width:100%;border-spacing:0px; padding:3px 3px 3px 3px">

<tr>

<td>FID</td>

<td>52</td>

</tr>

<tr bgcolor="#D4E4F3">

<td>PROP</td>

<td>BHQ BENEFICIATION PLANT OF CAPACITY 45 MTPA AND ALLIED ACTIVITIES</td>

</tr>

<tr>

<td>GUT_NO</td>

<td>76</td>

</tr>

<tr bgcolor="#D4E4F3">

<td>CATE</td>

<td>NON FOREST</td>

</tr>

<tr>

<td>COL</td>

<td>9</td>

</tr>

</table>

</td>

</tr>

</table>

</body>

</html>]]></description>
			<styleUrl>#PolyStyle10</styleUrl>
			<MultiGeometry>
				<Polygon>
					<outerBoundaryIs>
						<LinearRing>
							<coordinates>
								80.37534750006667,19.60362804015374,0 80.3747921859959,19.60369485440799,0 80.37437178698447,19.60312554276096,0 80.37433420821077,19.60305667215307,0 80.37430298342122,19.60297586899072,0 80.37422466203786,19.60284110608274,0 80.37412771812456,19.60262857214455,0 80.37413743349981,19.60256285417779,0 80.37417887043935,19.60244942793717,0 80.37419848847966,19.60241971752965,0 80.37597233540566,19.60241649157089,0 80.37603591822781,19.60257541558141,0 80.37601424300473,19.60294387226519,0 80.37600216902516,19.60314912826705,0 80.3754532674088,19.60318906826033,0 80.37534750006667,19.60362804015374,0 
							</coordinates>
						</LinearRing>
					</outerBoundaryIs>
				</Polygon>
			</MultiGeometry>
		</Placemark>
		<Placemark id="ID_10053">
			<name>WATER STORAGE, PRODUCT AND WASTE HANDING SYSTEM</name>
			<Snippet maxLines="0"></Snippet>
			<description><![CDATA[<html xmlns:fo="http://www.w3.org/1999/XSL/Format" xmlns:msxsl="urn:schemas-microsoft-com:xslt">

<head>

<META http-equiv="Content-Type" content="text/html">

<meta http-equiv="content-type" content="text/html; charset=UTF-8">

</head>

<body style="margin:0px 0px 0px 0px;overflow:auto;background:#FFFFFF;">

<table style="font-family:Arial,Verdana,Times;font-size:12px;text-align:left;width:100%;border-collapse:collapse;padding:3px 3px 3px 3px">

<tr style="text-align:center;font-weight:bold;background:#9CBCE2">

<td>WATER STORAGE, PRODUCT AND WASTE HANDING SYSTEM</td>

</tr>

<tr>

<td>

<table style="font-family:Arial,Verdana,Times;font-size:12px;text-align:left;width:100%;border-spacing:0px; padding:3px 3px 3px 3px">

<tr>

<td>FID</td>

<td>53</td>

</tr>

<tr bgcolor="#D4E4F3">

<td>PROP</td>

<td>WATER STORAGE, PRODUCT AND WASTE HANDING SYSTEM</td>

</tr>

<tr>

<td>GUT_NO</td>

<td>68</td>

</tr>

<tr bgcolor="#D4E4F3">

<td>CATE</td>

<td>NON FOREST</td>

</tr>

<tr>

<td>COL</td>

<td>1</td>

</tr>

</table>

</td>

</tr>

</table>

</body>

</html>]]></description>
			<styleUrl>#PolyStyle10</styleUrl>
			<MultiGeometry>
				<Polygon>
					<outerBoundaryIs>
						<LinearRing>
							<coordinates>
								80.37041846750287,19.60416751822999,0 80.37044888827765,19.60445453946019,0 80.36997587949328,19.60444093161169,0 80.37007770577785,19.60420816884387,0 80.37013556541679,19.60392743392039,0 80.37011142975656,19.60364641235947,0 80.37004351415152,19.60326960002507,0 80.36983283376898,19.6026977851244,0 80.36988407546843,19.60267372797883,0 80.37002190704595,19.60260902029762,0 80.37010179318926,19.60288127331585,0 80.37025752296563,19.60338391813323,0 80.3703130096571,19.60371286855676,0 80.37041846750287,19.60416751822999,0 
							</coordinates>
						</LinearRing>
					</outerBoundaryIs>
				</Polygon>
			</MultiGeometry>
		</Placemark>
		<Placemark id="ID_10054">
			<name>TAILING STORAGE YARD WITH ENVIRONMENTAL SAFEGUARD MEASURES</name>
			<Snippet maxLines="0"></Snippet>
			<description><![CDATA[<html xmlns:fo="http://www.w3.org/1999/XSL/Format" xmlns:msxsl="urn:schemas-microsoft-com:xslt">

<head>

<META http-equiv="Content-Type" content="text/html">

<meta http-equiv="content-type" content="text/html; charset=UTF-8">

</head>

<body style="margin:0px 0px 0px 0px;overflow:auto;background:#FFFFFF;">

<table style="font-family:Arial,Verdana,Times;font-size:12px;text-align:left;width:100%;border-collapse:collapse;padding:3px 3px 3px 3px">

<tr style="text-align:center;font-weight:bold;background:#9CBCE2">

<td>TAILING STORAGE YARD WITH ENVIRONMENTAL SAFEGUARD MEASURES</td>

</tr>

<tr>

<td>

<table style="font-family:Arial,Verdana,Times;font-size:12px;text-align:left;width:100%;border-spacing:0px; padding:3px 3px 3px 3px">

<tr>

<td>FID</td>

<td>54</td>

</tr>

<tr bgcolor="#D4E4F3">

<td>PROP</td>

<td>TAILING STORAGE YARD WITH ENVIRONMENTAL SAFEGUARD MEASURES</td>

</tr>

<tr>

<td>GUT_NO</td>

<td>101 (P)</td>

</tr>

<tr bgcolor="#D4E4F3">

<td>CATE</td>

<td>FOREST</td>

</tr>

<tr>

<td>COL</td>

<td>2</td>

</tr>

</table>

</td>

</tr>

</table>

</body>

</html>]]></description>
			<styleUrl>#PolyStyle14</styleUrl>
			<MultiGeometry>
				<Polygon>
					<outerBoundaryIs>
						<LinearRing>
							<coordinates>
								80.35221416398399,19.60472400251763,0 80.35220666772021,19.60473121120302,0 80.35177253500235,19.60442960826303,0 80.35099188225901,19.60388726399517,0 80.35081480394794,19.60216633689661,0 80.3508097589317,19.60211730670937,0 80.35075541142652,19.60190424658296,0 80.35044959832392,19.60070534900401,0 80.35009054225391,19.59967143237216,0 80.35007548450562,19.59962807359245,0 80.34985189071088,19.59906358777975,0 80.34936410545323,19.59783211437926,0 80.3493009033117,19.59767255127554,0 80.35101968824195,19.59800812932169,0 80.35186004349939,19.59763457822535,0 80.35165379967601,19.59716162392965,0 80.35127676404957,19.5968135800996,0 80.34926490123445,19.59644063318833,0 80.34976120083415,19.59556443762266,0 80.35083773640157,19.59385639766614,0 80.3518421200867,19.59252107868987,0 80.3521923106311,19.59224429143545,0 80.3524486502553,19.59204168260536,0 80.35279369937948,19.59176895660074,0 80.35284090957393,19.59175228989044,0 80.35311359377826,19.59165602511762,0 80.35488551166885,19.59103047627136,0 80.35600346418298,19.59070723133185,0 80.3560688227348,19.59068833327138,0 80.35614489465465,19.5908080541885,0 80.3563755081928,19.5907413728712,0 80.35648327987639,19.59071021150511,0 80.35696974975679,19.59039988338623,0 80.35704385072574,19.59035261302541,0 80.3570743604033,19.59033315022952,0 80.3573494247818,19.59011019163684,0 80.35735796342342,19.59010317618874,0 80.35750991018509,19.58997833316506,0 80.35762417797545,19.59027967643138,0 80.35767308463923,19.59040864927083,0 80.35767397163875,19.59041098840721,0 80.35767594603172,19.59041490469995,0 80.35809686812372,19.59125015307334,0 80.35839317306501,19.59198297744572,0 80.35839427500176,19.59198570140157,0 80.35841444686807,19.59203559047988,0 80.35843893621403,19.59207728782732,0 80.358455342951,19.59210522430327,0 80.35863007228741,19.59240273366762,0 80.35889520819988,19.5928541722242,0 80.35925133896394,19.59325487131119,0 80.35928762792786,19.59329570139893,0 80.35928970589259,19.59329804024212,0 80.35945819996817,19.59348761903262,0 80.35968767670589,19.59388290699764,0 80.35991083102232,19.59426730203522,0 80.35991889786568,19.59428366443859,0 80.35994915613561,19.59434503228579,0 80.36003135907023,19.59451175317541,0 80.36028527243589,19.59502672371415,0 80.36028620701789,19.59502861930703,0 80.36028800334435,19.59503226293672,0 80.36065692673036,19.59575924075574,0 80.3606749084191,19.59579467491614,0 80.36071557417922,19.59592239054599,0 80.36083639830872,19.59630184716663,0 80.36089035658483,19.59647130502822,0 80.36021911949753,19.59699733591581,0 80.35956780405047,19.59758407903697,0 80.35922555770844,19.5978799055834,0 80.35911165774974,19.59797835618264,0 80.35884751689596,19.59820666850931,0 80.35814495617085,19.59864577191646,0 80.35784728388772,19.59878677948082,0 80.35768588064197,19.59886323636302,0 80.35761719799949,19.59889577112141,0 80.35731049595857,19.59904105426256,0 80.35681312155758,19.5992858024584,0 80.3567178760873,19.59933267088252,0 80.35650113610032,19.59943932301352,0 80.356460461466,19.5994670196932,0 80.35592998808346,19.59982822625931,0 80.35568500095833,19.59999504001284,0 80.35566950967208,19.60000558823015,0 80.35561400661979,19.60005497838463,0 80.35504158758864,19.60056435701817,0 80.35504147464694,19.60056446324641,0 80.35503856785111,19.60056743222557,0 80.35499763085116,19.6006086699359,0 80.35497399578239,19.60063247732971,0 80.35491653899075,19.60069035380519,0 80.35489002693727,19.60071705978498,0 80.35480973342817,19.60079794039168,0 80.35476857898743,19.60083939595443,0 80.35474041633859,19.60086776506909,0 80.3547356006556,19.60087261586689,0 80.35473126654172,19.6008769813137,0 80.35443000618444,19.6011804427073,0 80.35428232383445,19.60134953231145,0 80.35428192820314,19.60134998724435,0 80.35428092908933,19.60135113041443,0 80.35428057656905,19.6013515348966,0 80.35407944012982,19.60157117624279,0 80.35398399985152,19.60167539712666,0 80.35379068916112,19.60188649311425,0 80.35373935294098,19.60194255217601,0 80.3536494643708,19.60207265926086,0 80.35323847658987,19.60266753340965,0 80.35316100190259,19.60280996647313,0 80.35312995665632,19.60286704160287,0 80.35306711777181,19.6029825681481,0 80.3530748181719,19.60298485224229,0 80.35312535318033,19.60299984290525,0 80.35320576478267,19.60302351204752,0 80.35302598660282,19.60335402608779,0 80.3530037693193,19.60339487235495,0 80.35296969889671,19.60345750857919,0 80.35295449894549,19.60348545312358,0 80.35294935414365,19.60350223014765,0 80.35281299941927,19.60346742111892,0 80.35273096237134,19.6037330449232,0 80.35270916480891,19.60380362048775,0 80.35270609461746,19.60381356150923,0 80.35269552477676,19.60384778414815,0 80.35267886766674,19.60390171912998,0 80.35265383466121,19.60398277008141,0 80.35264810485161,19.60400132159619,0 80.352589172043,19.60419213626736,0 80.35256304339778,19.60427673647089,0 80.35253633604266,19.60436320969203,0 80.35253620330565,19.60440115134714,0 80.35248275300411,19.6043782619541,0 80.35221416398399,19.60472400251763,0 
							</coordinates>
						</LinearRing>
					</outerBoundaryIs>
				</Polygon>
			</MultiGeometry>
		</Placemark>
		<Placemark id="ID_10055">
			<name>WATER STORAGE, PRODUCT AND WASTE HANDING SYSTEM</name>
			<Snippet maxLines="0"></Snippet>
			<description><![CDATA[<html xmlns:fo="http://www.w3.org/1999/XSL/Format" xmlns:msxsl="urn:schemas-microsoft-com:xslt">

<head>

<META http-equiv="Content-Type" content="text/html">

<meta http-equiv="content-type" content="text/html; charset=UTF-8">

</head>

<body style="margin:0px 0px 0px 0px;overflow:auto;background:#FFFFFF;">

<table style="font-family:Arial,Verdana,Times;font-size:12px;text-align:left;width:100%;border-collapse:collapse;padding:3px 3px 3px 3px">

<tr style="text-align:center;font-weight:bold;background:#9CBCE2">

<td>WATER STORAGE, PRODUCT AND WASTE HANDING SYSTEM</td>

</tr>

<tr>

<td>

<table style="font-family:Arial,Verdana,Times;font-size:12px;text-align:left;width:100%;border-spacing:0px; padding:3px 3px 3px 3px">

<tr>

<td>FID</td>

<td>55</td>

</tr>

<tr bgcolor="#D4E4F3">

<td>PROP</td>

<td>WATER STORAGE, PRODUCT AND WASTE HANDING SYSTEM</td>

</tr>

<tr>

<td>GUT_NO</td>

<td>56 (P)</td>

</tr>

<tr bgcolor="#D4E4F3">

<td>CATE</td>

<td>FOREST</td>

</tr>

<tr>

<td>COL</td>

<td>1</td>

</tr>

</table>

</td>

</tr>

</table>

</body>

</html>]]></description>
			<styleUrl>#PolyStyle144</styleUrl>
			<MultiGeometry>
				<Polygon>
					<outerBoundaryIs>
						<LinearRing>
							<coordinates>
								80.37312568540386,19.60515658116821,0 80.37312499966374,19.60518294957947,0 80.3636973083575,19.60514656023355,0 80.3602409073136,19.6051330956409,0 80.36004675417163,19.60513233749334,0 80.36006248427461,19.60497465505992,0 80.36007793235349,19.60481979828355,0 80.36015381389304,19.60405913677281,0 80.36016823986515,19.60403202202409,0 80.3602325994773,19.60391105100719,0 80.36023803707022,19.60390082998239,0 80.36030423056286,19.60377641073561,0 80.36030966814297,19.6037661906119,0 80.36111929512288,19.60224438293287,0 80.36154135417164,19.60230152014913,0 80.36213389801225,19.60337746748999,0 80.36223071428225,19.60318752086926,0 80.36255713329801,19.60254710510386,0 80.36284440489291,19.6025849725375,0 80.36295555942532,19.60266610350829,0 80.363155891364,19.60281232252522,0 80.36339857416766,19.60296121036593,0 80.36348270696134,19.60301282672881,0 80.36361184995297,19.60309205627733,0 80.36374444643519,19.6032005025901,0 80.36384755741389,19.60328483161474,0 80.36421490633941,19.60358527120453,0 80.36480090707103,19.60385085938427,0 80.36462674168762,19.603243745694,0 80.36453354877133,19.60291888726582,0 80.36435044961921,19.6026630463186,0 80.36426602808724,19.6025450840172,0 80.36425333057761,19.60252734364155,0 80.36477844507527,19.60252122241657,0 80.36969187883382,19.60246386971098,0 80.36976146033321,19.6025612508844,0 80.36983283376898,19.6026977851244,0 80.37004351415152,19.60326960002507,0 80.37011142975656,19.60364641235947,0 80.37013556541679,19.60392743392039,0 80.37007770577785,19.60420816884387,0 80.36997587949328,19.60444093161169,0 80.37044888827765,19.60445453946019,0 80.37041846750287,19.60416751822999,0 80.3703130096571,19.60371286855676,0 80.37025752296563,19.60338391813323,0 80.37010179318926,19.60288127331585,0 80.37002190704595,19.60260902029762,0 80.37002216115732,19.60260890099836,0 80.37019680531019,19.60252690912324,0 80.37058856587102,19.60276028792551,0 80.37080952656505,19.60275449623962,0 80.37117851741912,19.60275279580783,0 80.37138636958976,19.60282823886116,0 80.37154697442261,19.60288857297432,0 80.37178635209465,19.60296711303904,0 80.37199736983219,19.60303957710596,0 80.37212585858192,19.60324923361076,0 80.37242912199706,19.60311878756548,0 80.3730453159628,19.60280413135077,0 80.37315323354844,19.60267065746901,0 80.37315081872913,19.60291054548905,0 80.37314766667207,19.60322357824229,0 80.3731369245204,19.60429053356143,0 80.37312979493069,19.60499865262585,0 80.37312568540386,19.60515658116821,0 
							</coordinates>
						</LinearRing>
					</outerBoundaryIs>
				</Polygon>
			</MultiGeometry>
		</Placemark>
		<Placemark id="ID_10056">
			<name>BHQ BENEFICIATION PLANT OF CAPACITY 45 MTPA AND ALLIED ACTIVITIES</name>
			<Snippet maxLines="0"></Snippet>
			<description><![CDATA[<html xmlns:fo="http://www.w3.org/1999/XSL/Format" xmlns:msxsl="urn:schemas-microsoft-com:xslt">

<head>

<META http-equiv="Content-Type" content="text/html">

<meta http-equiv="content-type" content="text/html; charset=UTF-8">

</head>

<body style="margin:0px 0px 0px 0px;overflow:auto;background:#FFFFFF;">

<table style="font-family:Arial,Verdana,Times;font-size:12px;text-align:left;width:100%;border-collapse:collapse;padding:3px 3px 3px 3px">

<tr style="text-align:center;font-weight:bold;background:#9CBCE2">

<td>BHQ BENEFICIATION PLANT OF CAPACITY 45 MTPA AND ALLIED ACTIVITIES</td>

</tr>

<tr>

<td>

<table style="font-family:Arial,Verdana,Times;font-size:12px;text-align:left;width:100%;border-spacing:0px; padding:3px 3px 3px 3px">

<tr>

<td>FID</td>

<td>56</td>

</tr>

<tr bgcolor="#D4E4F3">

<td>PROP</td>

<td>BHQ BENEFICIATION PLANT OF CAPACITY 45 MTPA AND ALLIED ACTIVITIES</td>

</tr>

<tr>

<td>GUT_NO</td>

<td>65</td>

</tr>

<tr bgcolor="#D4E4F3">

<td>CATE</td>

<td>NON FOREST</td>

</tr>

<tr>

<td>COL</td>

<td>9</td>

</tr>

</table>

</td>

</tr>

</table>

</body>

</html>]]></description>
			<styleUrl>#PolyStyle10</styleUrl>
			<MultiGeometry>
				<Polygon>
					<outerBoundaryIs>
						<LinearRing>
							<coordinates>
								80.37087761473268,19.60559405811279,0 80.37069171767324,19.60616532567581,0 80.37043375809488,19.60606304762162,0 80.37009972568137,19.60610563655388,0 80.37000308364065,19.6058672061568,0 80.36991416970251,19.60537555393103,0 80.37021895045359,19.60524554722715,0 80.37087761473268,19.60559405811279,0 
							</coordinates>
						</LinearRing>
					</outerBoundaryIs>
				</Polygon>
			</MultiGeometry>
		</Placemark>
		<Placemark id="ID_10057">
			<name>BHQ BENEFICIATION PLANT OF CAPACITY 45 MTPA AND ALLIED ACTIVITIES</name>
			<Snippet maxLines="0"></Snippet>
			<description><![CDATA[<html xmlns:fo="http://www.w3.org/1999/XSL/Format" xmlns:msxsl="urn:schemas-microsoft-com:xslt">

<head>

<META http-equiv="Content-Type" content="text/html">

<meta http-equiv="content-type" content="text/html; charset=UTF-8">

</head>

<body style="margin:0px 0px 0px 0px;overflow:auto;background:#FFFFFF;">

<table style="font-family:Arial,Verdana,Times;font-size:12px;text-align:left;width:100%;border-collapse:collapse;padding:3px 3px 3px 3px">

<tr style="text-align:center;font-weight:bold;background:#9CBCE2">

<td>BHQ BENEFICIATION PLANT OF CAPACITY 45 MTPA AND ALLIED ACTIVITIES</td>

</tr>

<tr>

<td>

<table style="font-family:Arial,Verdana,Times;font-size:12px;text-align:left;width:100%;border-spacing:0px; padding:3px 3px 3px 3px">

<tr>

<td>FID</td>

<td>57</td>

</tr>

<tr bgcolor="#D4E4F3">

<td>PROP</td>

<td>BHQ BENEFICIATION PLANT OF CAPACITY 45 MTPA AND ALLIED ACTIVITIES</td>

</tr>

<tr>

<td>GUT_NO</td>

<td>66</td>

</tr>

<tr bgcolor="#D4E4F3">

<td>CATE</td>

<td>NON FOREST</td>

</tr>

<tr>

<td>COL</td>

<td>9</td>

</tr>

</table>

</td>

</tr>

</table>

</body>

</html>]]></description>
			<styleUrl>#PolyStyle10</styleUrl>
			<MultiGeometry>
				<Polygon>
					<outerBoundaryIs>
						<LinearRing>
							<coordinates>
								80.37210697260727,19.60607653771876,0 80.37215396657945,19.60644969065197,0 80.37150839919018,19.60644118651933,0 80.37069171767324,19.60616532567581,0 80.37087761473268,19.60559405811279,0 80.37138611427082,19.6058246908962,0 80.37163122960121,19.6059968972939,0 80.37210686928091,19.60607392214838,0 80.37210697260727,19.60607653771876,0 
							</coordinates>
						</LinearRing>
					</outerBoundaryIs>
				</Polygon>
			</MultiGeometry>
		</Placemark>
		<Placemark id="ID_10058">
			<name>TAILING STORAGE YARD WITH ENVIRONMENTAL SAFEGUARD MEASURES</name>
			<Snippet maxLines="0"></Snippet>
			<description><![CDATA[<html xmlns:fo="http://www.w3.org/1999/XSL/Format" xmlns:msxsl="urn:schemas-microsoft-com:xslt">

<head>

<META http-equiv="Content-Type" content="text/html">

<meta http-equiv="content-type" content="text/html; charset=UTF-8">

</head>

<body style="margin:0px 0px 0px 0px;overflow:auto;background:#FFFFFF;">

<table style="font-family:Arial,Verdana,Times;font-size:12px;text-align:left;width:100%;border-collapse:collapse;padding:3px 3px 3px 3px">

<tr style="text-align:center;font-weight:bold;background:#9CBCE2">

<td>TAILING STORAGE YARD WITH ENVIRONMENTAL SAFEGUARD MEASURES</td>

</tr>

<tr>

<td>

<table style="font-family:Arial,Verdana,Times;font-size:12px;text-align:left;width:100%;border-spacing:0px; padding:3px 3px 3px 3px">

<tr>

<td>FID</td>

<td>58</td>

</tr>

<tr bgcolor="#D4E4F3">

<td>PROP</td>

<td>TAILING STORAGE YARD WITH ENVIRONMENTAL SAFEGUARD MEASURES</td>

</tr>

<tr>

<td>GUT_NO</td>

<td>79</td>

</tr>

<tr bgcolor="#D4E4F3">

<td>CATE</td>

<td>NON FOREST</td>

</tr>

<tr>

<td>COL</td>

<td>2</td>

</tr>

</table>

</td>

</tr>

</table>

</body>

</html>]]></description>
			<styleUrl>#PolyStyle10</styleUrl>
			<MultiGeometry>
				<Polygon>
					<outerBoundaryIs>
						<LinearRing>
							<coordinates>
								80.34573240900517,19.60635629134498,0 80.34561822205214,19.60651726538124,0 80.34435762848399,19.60629152014697,0 80.34459487748984,19.60533600472262,0 80.34497967714977,19.60532544946562,0 80.3451942979287,19.6052843881716,0 80.34572549820304,19.60494560807132,0 80.34597583609933,19.60543068317957,0 80.34569125423089,19.60561494872097,0 80.34573240900517,19.60635629134498,0 
							</coordinates>
						</LinearRing>
					</outerBoundaryIs>
				</Polygon>
			</MultiGeometry>
		</Placemark>
		<Placemark id="ID_10059">
			<name>BHQ BENEFICIATION PLANT OF CAPACITY 45 MTPA AND ALLIED ACTIVITIES</name>
			<Snippet maxLines="0"></Snippet>
			<description><![CDATA[<html xmlns:fo="http://www.w3.org/1999/XSL/Format" xmlns:msxsl="urn:schemas-microsoft-com:xslt">

<head>

<META http-equiv="Content-Type" content="text/html">

<meta http-equiv="content-type" content="text/html; charset=UTF-8">

</head>

<body style="margin:0px 0px 0px 0px;overflow:auto;background:#FFFFFF;">

<table style="font-family:Arial,Verdana,Times;font-size:12px;text-align:left;width:100%;border-collapse:collapse;padding:3px 3px 3px 3px">

<tr style="text-align:center;font-weight:bold;background:#9CBCE2">

<td>BHQ BENEFICIATION PLANT OF CAPACITY 45 MTPA AND ALLIED ACTIVITIES</td>

</tr>

<tr>

<td>

<table style="font-family:Arial,Verdana,Times;font-size:12px;text-align:left;width:100%;border-spacing:0px; padding:3px 3px 3px 3px">

<tr>

<td>FID</td>

<td>59</td>

</tr>

<tr bgcolor="#D4E4F3">

<td>PROP</td>

<td>BHQ BENEFICIATION PLANT OF CAPACITY 45 MTPA AND ALLIED ACTIVITIES</td>

</tr>

<tr>

<td>GUT_NO</td>

<td>63</td>

</tr>

<tr bgcolor="#D4E4F3">

<td>CATE</td>

<td>NON FOREST</td>

</tr>

<tr>

<td>COL</td>

<td>9</td>

</tr>

</table>

</td>

</tr>

</table>

</body>

</html>]]></description>
			<styleUrl>#PolyStyle10</styleUrl>
			<MultiGeometry>
				<Polygon>
					<outerBoundaryIs>
						<LinearRing>
							<coordinates>
								80.36951346096861,19.60623130923354,0 80.36926675335704,19.60719093955552,0 80.36886631441098,19.60700543431599,0 80.36850446732844,19.60662878634897,0 80.36838708167777,19.60632233310038,0 80.36826029468197,19.60583891537289,0 80.36867916201817,19.60569759618351,0 80.36958084334928,19.60544970313352,0 80.36951346096861,19.60623130923354,0 
							</coordinates>
						</LinearRing>
					</outerBoundaryIs>
				</Polygon>
			</MultiGeometry>
		</Placemark>
		<Placemark id="ID_10060">
			<name>BHQ BENEFICIATION PLANT OF CAPACITY 45 MTPA AND ALLIED ACTIVITIES</name>
			<Snippet maxLines="0"></Snippet>
			<description><![CDATA[<html xmlns:fo="http://www.w3.org/1999/XSL/Format" xmlns:msxsl="urn:schemas-microsoft-com:xslt">

<head>

<META http-equiv="Content-Type" content="text/html">

<meta http-equiv="content-type" content="text/html; charset=UTF-8">

</head>

<body style="margin:0px 0px 0px 0px;overflow:auto;background:#FFFFFF;">

<table style="font-family:Arial,Verdana,Times;font-size:12px;text-align:left;width:100%;border-collapse:collapse;padding:3px 3px 3px 3px">

<tr style="text-align:center;font-weight:bold;background:#9CBCE2">

<td>BHQ BENEFICIATION PLANT OF CAPACITY 45 MTPA AND ALLIED ACTIVITIES</td>

</tr>

<tr>

<td>

<table style="font-family:Arial,Verdana,Times;font-size:12px;text-align:left;width:100%;border-spacing:0px; padding:3px 3px 3px 3px">

<tr>

<td>FID</td>

<td>60</td>

</tr>

<tr bgcolor="#D4E4F3">

<td>PROP</td>

<td>BHQ BENEFICIATION PLANT OF CAPACITY 45 MTPA AND ALLIED ACTIVITIES</td>

</tr>

<tr>

<td>GUT_NO</td>

<td>64</td>

</tr>

<tr bgcolor="#D4E4F3">

<td>CATE</td>

<td>NON FOREST</td>

</tr>

<tr>

<td>COL</td>

<td>9</td>

</tr>

</table>

</td>

</tr>

</table>

</body>

</html>]]></description>
			<styleUrl>#PolyStyle10</styleUrl>
			<MultiGeometry>
				<Polygon>
					<outerBoundaryIs>
						<LinearRing>
							<coordinates>
								80.37030296672282,19.60660705929737,0 80.36926675335704,19.60719093955552,0 80.36951346096861,19.60623130923354,0 80.36958084334928,19.60544970313352,0 80.36991416970251,19.60537555393103,0 80.37000308364065,19.6058672061568,0 80.37009972568137,19.60610563655388,0 80.37030296672282,19.60660705929737,0 
							</coordinates>
						</LinearRing>
					</outerBoundaryIs>
				</Polygon>
			</MultiGeometry>
		</Placemark>
		<Placemark id="ID_10061">
			<name>BHQ BENEFICIATION PLANT OF CAPACITY 45 MTPA AND ALLIED ACTIVITIES</name>
			<Snippet maxLines="0"></Snippet>
			<description><![CDATA[<html xmlns:fo="http://www.w3.org/1999/XSL/Format" xmlns:msxsl="urn:schemas-microsoft-com:xslt">

<head>

<META http-equiv="Content-Type" content="text/html">

<meta http-equiv="content-type" content="text/html; charset=UTF-8">

</head>

<body style="margin:0px 0px 0px 0px;overflow:auto;background:#FFFFFF;">

<table style="font-family:Arial,Verdana,Times;font-size:12px;text-align:left;width:100%;border-collapse:collapse;padding:3px 3px 3px 3px">

<tr style="text-align:center;font-weight:bold;background:#9CBCE2">

<td>BHQ BENEFICIATION PLANT OF CAPACITY 45 MTPA AND ALLIED ACTIVITIES</td>

</tr>

<tr>

<td>

<table style="font-family:Arial,Verdana,Times;font-size:12px;text-align:left;width:100%;border-spacing:0px; padding:3px 3px 3px 3px">

<tr>

<td>FID</td>

<td>61</td>

</tr>

<tr bgcolor="#D4E4F3">

<td>PROP</td>

<td>BHQ BENEFICIATION PLANT OF CAPACITY 45 MTPA AND ALLIED ACTIVITIES</td>

</tr>

<tr>

<td>GUT_NO</td>

<td>58</td>

</tr>

<tr bgcolor="#D4E4F3">

<td>CATE</td>

<td>NON FOREST</td>

</tr>

<tr>

<td>COL</td>

<td>9</td>

</tr>

</table>

</td>

</tr>

</table>

</body>

</html>]]></description>
			<styleUrl>#PolyStyle10</styleUrl>
			<MultiGeometry>
				<Polygon>
					<outerBoundaryIs>
						<LinearRing>
							<coordinates>
								80.36492461739098,19.60693666849068,0 80.36390448758266,19.60718410881967,0 80.36372458079023,19.60673875646578,0 80.36411102126158,19.60663252859451,0 80.36428205580769,19.60644663734631,0 80.36506748615889,19.60633624815917,0 80.36504518803176,19.60643479922727,0 80.36500586490756,19.60660859994804,0 80.36492461739098,19.60693666849068,0 
							</coordinates>
						</LinearRing>
					</outerBoundaryIs>
				</Polygon>
			</MultiGeometry>
		</Placemark>
		<Placemark id="ID_10062">
			<name>BHQ BENEFICIATION PLANT OF CAPACITY 45 MTPA AND ALLIED ACTIVITIES</name>
			<Snippet maxLines="0"></Snippet>
			<description><![CDATA[<html xmlns:fo="http://www.w3.org/1999/XSL/Format" xmlns:msxsl="urn:schemas-microsoft-com:xslt">

<head>

<META http-equiv="Content-Type" content="text/html">

<meta http-equiv="content-type" content="text/html; charset=UTF-8">

</head>

<body style="margin:0px 0px 0px 0px;overflow:auto;background:#FFFFFF;">

<table style="font-family:Arial,Verdana,Times;font-size:12px;text-align:left;width:100%;border-collapse:collapse;padding:3px 3px 3px 3px">

<tr style="text-align:center;font-weight:bold;background:#9CBCE2">

<td>BHQ BENEFICIATION PLANT OF CAPACITY 45 MTPA AND ALLIED ACTIVITIES</td>

</tr>

<tr>

<td>

<table style="font-family:Arial,Verdana,Times;font-size:12px;text-align:left;width:100%;border-spacing:0px; padding:3px 3px 3px 3px">

<tr>

<td>FID</td>

<td>62</td>

</tr>

<tr bgcolor="#D4E4F3">

<td>PROP</td>

<td>BHQ BENEFICIATION PLANT OF CAPACITY 45 MTPA AND ALLIED ACTIVITIES</td>

</tr>

<tr>

<td>GUT_NO</td>

<td>59</td>

</tr>

<tr bgcolor="#D4E4F3">

<td>CATE</td>

<td>NON FOREST</td>

</tr>

<tr>

<td>COL</td>

<td>9</td>

</tr>

</table>

</td>

</tr>

</table>

</body>

</html>]]></description>
			<styleUrl>#PolyStyle10</styleUrl>
			<MultiGeometry>
				<Polygon>
					<outerBoundaryIs>
						<LinearRing>
							<coordinates>
								80.36570726764522,19.60725184615796,0 80.3647809785262,19.60733704789169,0 80.36492126388977,19.60695020803406,0 80.36492461739098,19.60693666849068,0 80.36500586490756,19.60660859994804,0 80.36504518803176,19.60643479922727,0 80.36506748615889,19.60633624815917,0 80.36549397442052,19.60631145032727,0 80.3661778067405,19.60628755696226,0 80.36615085290029,19.60672739721383,0 80.36570726764522,19.60725184615796,0 
							</coordinates>
						</LinearRing>
					</outerBoundaryIs>
				</Polygon>
			</MultiGeometry>
		</Placemark>
		<Placemark id="ID_10063">
			<name>BHQ BENEFICIATION PLANT OF CAPACITY 45 MTPA AND ALLIED ACTIVITIES</name>
			<Snippet maxLines="0"></Snippet>
			<description><![CDATA[<html xmlns:fo="http://www.w3.org/1999/XSL/Format" xmlns:msxsl="urn:schemas-microsoft-com:xslt">

<head>

<META http-equiv="Content-Type" content="text/html">

<meta http-equiv="content-type" content="text/html; charset=UTF-8">

</head>

<body style="margin:0px 0px 0px 0px;overflow:auto;background:#FFFFFF;">

<table style="font-family:Arial,Verdana,Times;font-size:12px;text-align:left;width:100%;border-collapse:collapse;padding:3px 3px 3px 3px">

<tr style="text-align:center;font-weight:bold;background:#9CBCE2">

<td>BHQ BENEFICIATION PLANT OF CAPACITY 45 MTPA AND ALLIED ACTIVITIES</td>

</tr>

<tr>

<td>

<table style="font-family:Arial,Verdana,Times;font-size:12px;text-align:left;width:100%;border-spacing:0px; padding:3px 3px 3px 3px">

<tr>

<td>FID</td>

<td>63</td>

</tr>

<tr bgcolor="#D4E4F3">

<td>PROP</td>

<td>BHQ BENEFICIATION PLANT OF CAPACITY 45 MTPA AND ALLIED ACTIVITIES</td>

</tr>

<tr>

<td>GUT_NO</td>

<td>60</td>

</tr>

<tr bgcolor="#D4E4F3">

<td>CATE</td>

<td>NON FOREST</td>

</tr>

<tr>

<td>COL</td>

<td>9</td>

</tr>

</table>

</td>

</tr>

</table>

</body>

</html>]]></description>
			<styleUrl>#PolyStyle10</styleUrl>
			<MultiGeometry>
				<Polygon>
					<outerBoundaryIs>
						<LinearRing>
							<coordinates>
								80.36604962767366,19.60744910857629,0 80.36591313172086,19.60751318427655,0 80.36570726764522,19.60725184615796,0 80.36615085290029,19.60672739721383,0 80.3661778067405,19.60628755696226,0 80.36690811907022,19.60599125528125,0 80.36706666499207,19.60609462324448,0 80.36736205972926,19.6060430601173,0 80.36740717551534,19.60684818761154,0 80.36740922926916,19.60688484117358,0 80.36738492817189,19.60689555736327,0 80.36619355154883,19.6074209235722,0 80.36618147463066,19.60742328845066,0 80.36604962767366,19.60744910857629,0 
							</coordinates>
						</LinearRing>
					</outerBoundaryIs>
				</Polygon>
			</MultiGeometry>
		</Placemark>
		<Placemark id="ID_10064">
			<name>BHQ BENEFICIATION PLANT OF CAPACITY 45 MTPA AND ALLIED ACTIVITIES</name>
			<Snippet maxLines="0"></Snippet>
			<description><![CDATA[<html xmlns:fo="http://www.w3.org/1999/XSL/Format" xmlns:msxsl="urn:schemas-microsoft-com:xslt">

<head>

<META http-equiv="Content-Type" content="text/html">

<meta http-equiv="content-type" content="text/html; charset=UTF-8">

</head>

<body style="margin:0px 0px 0px 0px;overflow:auto;background:#FFFFFF;">

<table style="font-family:Arial,Verdana,Times;font-size:12px;text-align:left;width:100%;border-collapse:collapse;padding:3px 3px 3px 3px">

<tr style="text-align:center;font-weight:bold;background:#9CBCE2">

<td>BHQ BENEFICIATION PLANT OF CAPACITY 45 MTPA AND ALLIED ACTIVITIES</td>

</tr>

<tr>

<td>

<table style="font-family:Arial,Verdana,Times;font-size:12px;text-align:left;width:100%;border-spacing:0px; padding:3px 3px 3px 3px">

<tr>

<td>FID</td>

<td>64</td>

</tr>

<tr bgcolor="#D4E4F3">

<td>PROP</td>

<td>BHQ BENEFICIATION PLANT OF CAPACITY 45 MTPA AND ALLIED ACTIVITIES</td>

</tr>

<tr>

<td>GUT_NO</td>

<td>62</td>

</tr>

<tr bgcolor="#D4E4F3">

<td>CATE</td>

<td>NON FOREST</td>

</tr>

<tr>

<td>COL</td>

<td>9</td>

</tr>

</table>

</td>

</tr>

</table>

</body>

</html>]]></description>
			<styleUrl>#PolyStyle10</styleUrl>
			<MultiGeometry>
				<Polygon>
					<outerBoundaryIs>
						<LinearRing>
							<coordinates>
								80.36926675335704,19.60719093955552,0 80.36898602487447,19.60801005399842,0 80.36820227033461,19.60712982706325,0 80.36750177345776,19.60689783818437,0 80.36740717551534,19.60684818761154,0 80.36736205972926,19.6060430601173,0 80.36826029468197,19.60583891537289,0 80.36838708167777,19.60632233310038,0 80.36850446732844,19.60662878634897,0 80.36886631441098,19.60700543431599,0 80.36926675335704,19.60719093955552,0 
							</coordinates>
						</LinearRing>
					</outerBoundaryIs>
				</Polygon>
			</MultiGeometry>
		</Placemark>
		<Placemark id="ID_10065">
			<name>BHQ BENEFICIATION PLANT OF CAPACITY 45 MTPA AND ALLIED ACTIVITIES</name>
			<Snippet maxLines="0"></Snippet>
			<description><![CDATA[<html xmlns:fo="http://www.w3.org/1999/XSL/Format" xmlns:msxsl="urn:schemas-microsoft-com:xslt">

<head>

<META http-equiv="Content-Type" content="text/html">

<meta http-equiv="content-type" content="text/html; charset=UTF-8">

</head>

<body style="margin:0px 0px 0px 0px;overflow:auto;background:#FFFFFF;">

<table style="font-family:Arial,Verdana,Times;font-size:12px;text-align:left;width:100%;border-collapse:collapse;padding:3px 3px 3px 3px">

<tr style="text-align:center;font-weight:bold;background:#9CBCE2">

<td>BHQ BENEFICIATION PLANT OF CAPACITY 45 MTPA AND ALLIED ACTIVITIES</td>

</tr>

<tr>

<td>

<table style="font-family:Arial,Verdana,Times;font-size:12px;text-align:left;width:100%;border-spacing:0px; padding:3px 3px 3px 3px">

<tr>

<td>FID</td>

<td>65</td>

</tr>

<tr bgcolor="#D4E4F3">

<td>PROP</td>

<td>BHQ BENEFICIATION PLANT OF CAPACITY 45 MTPA AND ALLIED ACTIVITIES</td>

</tr>

<tr>

<td>GUT_NO</td>

<td>57</td>

</tr>

<tr bgcolor="#D4E4F3">

<td>CATE</td>

<td>NON FOREST</td>

</tr>

<tr>

<td>COL</td>

<td>9</td>

</tr>

</table>

</td>

</tr>

</table>

</body>

</html>]]></description>
			<styleUrl>#PolyStyle10</styleUrl>
			<MultiGeometry>
				<Polygon>
					<outerBoundaryIs>
						<LinearRing>
							<coordinates>
								80.36220854291763,19.60797431323728,0 80.3619711378397,19.60819463554395,0 80.36182670177305,19.60803273487218,0 80.36090530669344,19.60815499312984,0 80.36089705428566,19.60744720288164,0 80.36089352769152,19.60714477537569,0 80.36121498628766,19.60720269988439,0 80.36181474017897,19.60706734628496,0 80.3623452644153,19.60689289168051,0 80.36243059027105,19.60764933162121,0 80.36220854291763,19.60797431323728,0 
							</coordinates>
						</LinearRing>
					</outerBoundaryIs>
				</Polygon>
			</MultiGeometry>
		</Placemark>
		<Placemark id="ID_10066">
			<name>BHQ BENEFICIATION PLANT OF CAPACITY 45 MTPA AND ALLIED ACTIVITIES</name>
			<Snippet maxLines="0"></Snippet>
			<description><![CDATA[<html xmlns:fo="http://www.w3.org/1999/XSL/Format" xmlns:msxsl="urn:schemas-microsoft-com:xslt">

<head>

<META http-equiv="Content-Type" content="text/html">

<meta http-equiv="content-type" content="text/html; charset=UTF-8">

</head>

<body style="margin:0px 0px 0px 0px;overflow:auto;background:#FFFFFF;">

<table style="font-family:Arial,Verdana,Times;font-size:12px;text-align:left;width:100%;border-collapse:collapse;padding:3px 3px 3px 3px">

<tr style="text-align:center;font-weight:bold;background:#9CBCE2">

<td>BHQ BENEFICIATION PLANT OF CAPACITY 45 MTPA AND ALLIED ACTIVITIES</td>

</tr>

<tr>

<td>

<table style="font-family:Arial,Verdana,Times;font-size:12px;text-align:left;width:100%;border-spacing:0px; padding:3px 3px 3px 3px">

<tr>

<td>FID</td>

<td>66</td>

</tr>

<tr bgcolor="#D4E4F3">

<td>PROP</td>

<td>BHQ BENEFICIATION PLANT OF CAPACITY 45 MTPA AND ALLIED ACTIVITIES</td>

</tr>

<tr>

<td>GUT_NO</td>

<td>61</td>

</tr>

<tr bgcolor="#D4E4F3">

<td>CATE</td>

<td>NON FOREST</td>

</tr>

<tr>

<td>COL</td>

<td>9</td>

</tr>

</table>

</td>

</tr>

</table>

</body>

</html>]]></description>
			<styleUrl>#PolyStyle10</styleUrl>
			<MultiGeometry>
				<Polygon>
					<outerBoundaryIs>
						<LinearRing>
							<coordinates>
								80.36764327644902,19.60813445721037,0 80.36735782943818,19.60822192030351,0 80.36657455618636,19.60786530717085,0 80.36618147463066,19.60742328845066,0 80.36619355154883,19.6074209235722,0 80.36738492817189,19.60689555736327,0 80.36764327644902,19.60813445721037,0 
							</coordinates>
						</LinearRing>
					</outerBoundaryIs>
				</Polygon>
			</MultiGeometry>
		</Placemark>
		<Placemark id="ID_10067">
			<name>BHQ BENEFICIATION PLANT OF CAPACITY 45 MTPA AND ALLIED ACTIVITIES</name>
			<Snippet maxLines="0"></Snippet>
			<description><![CDATA[<html xmlns:fo="http://www.w3.org/1999/XSL/Format" xmlns:msxsl="urn:schemas-microsoft-com:xslt">

<head>

<META http-equiv="Content-Type" content="text/html">

<meta http-equiv="content-type" content="text/html; charset=UTF-8">

</head>

<body style="margin:0px 0px 0px 0px;overflow:auto;background:#FFFFFF;">

<table style="font-family:Arial,Verdana,Times;font-size:12px;text-align:left;width:100%;border-collapse:collapse;padding:3px 3px 3px 3px">

<tr style="text-align:center;font-weight:bold;background:#9CBCE2">

<td>BHQ BENEFICIATION PLANT OF CAPACITY 45 MTPA AND ALLIED ACTIVITIES</td>

</tr>

<tr>

<td>

<table style="font-family:Arial,Verdana,Times;font-size:12px;text-align:left;width:100%;border-spacing:0px; padding:3px 3px 3px 3px">

<tr>

<td>FID</td>

<td>67</td>

</tr>

<tr bgcolor="#D4E4F3">

<td>PROP</td>

<td>BHQ BENEFICIATION PLANT OF CAPACITY 45 MTPA AND ALLIED ACTIVITIES</td>

</tr>

<tr>

<td>GUT_NO</td>

<td>67</td>

</tr>

<tr bgcolor="#D4E4F3">

<td>CATE</td>

<td>NON FOREST</td>

</tr>

<tr>

<td>COL</td>

<td>9</td>

</tr>

</table>

</td>

</tr>

</table>

</body>

</html>]]></description>
			<styleUrl>#PolyStyle10</styleUrl>
			<MultiGeometry>
				<Polygon>
					<outerBoundaryIs>
						<LinearRing>
							<coordinates>
								80.37472459434964,19.60835673021756,0 80.37446826016999,19.60858298144048,0 80.37413136021959,19.60843835341673,0 80.37406599733255,19.60821397460472,0 80.37354535246027,19.60746798036465,0 80.37343883070993,19.60728529977296,0 80.37325735921928,19.60691108115597,0 80.37297734772453,19.60673676288748,0 80.37271943517982,19.60655654338252,0 80.37215396657945,19.60644969065197,0 80.37210697260727,19.60607653771876,0 80.37210686928091,19.60607392214838,0 80.37278117549745,19.60608753317165,0 80.37393191860461,19.60618717406454,0 80.37443009208509,19.60785061885817,0 80.37472459434964,19.60835673021756,0 
							</coordinates>
						</LinearRing>
					</outerBoundaryIs>
				</Polygon>
			</MultiGeometry>
		</Placemark>
		<Placemark id="ID_10068">
			<name>RAW MATERIAL STORAGER AND HANDILING FACILITIES</name>
			<Snippet maxLines="0"></Snippet>
			<description><![CDATA[<html xmlns:fo="http://www.w3.org/1999/XSL/Format" xmlns:msxsl="urn:schemas-microsoft-com:xslt">

<head>

<META http-equiv="Content-Type" content="text/html">

<meta http-equiv="content-type" content="text/html; charset=UTF-8">

</head>

<body style="margin:0px 0px 0px 0px;overflow:auto;background:#FFFFFF;">

<table style="font-family:Arial,Verdana,Times;font-size:12px;text-align:left;width:100%;border-collapse:collapse;padding:3px 3px 3px 3px">

<tr style="text-align:center;font-weight:bold;background:#9CBCE2">

<td>RAW MATERIAL STORAGER AND HANDILING FACILITIES</td>

</tr>

<tr>

<td>

<table style="font-family:Arial,Verdana,Times;font-size:12px;text-align:left;width:100%;border-spacing:0px; padding:3px 3px 3px 3px">

<tr>

<td>FID</td>

<td>68</td>

</tr>

<tr bgcolor="#D4E4F3">

<td>PROP</td>

<td>RAW MATERIAL STORAGER AND HANDILING FACILITIES</td>

</tr>

<tr>

<td>GUT_NO</td>

<td></td>

</tr>

<tr bgcolor="#D4E4F3">

<td>CATE</td>

<td>FOREST</td>

</tr>

<tr>

<td>COL</td>

<td>6</td>

</tr>

</table>

</td>

</tr>

</table>

</body>

</html>]]></description>
			<styleUrl>#PolyStyle168</styleUrl>
			<MultiGeometry>
				<Polygon>
					<outerBoundaryIs>
						<LinearRing>
							<coordinates>
								80.35970519705187,19.60855610307194,0 80.35961235820787,19.60849486972419,0 80.3596045676634,19.60848973180953,0 80.35958308399165,19.6084755618915,0 80.35947943873963,19.60840720081536,0 80.35933666403437,19.60831303195024,0 80.35930075394504,19.6083136832046,0 80.35930156834544,19.608325714777,0 80.359307901493,19.60841929909113,0 80.35930892417802,19.60845988448616,0 80.35929302449769,19.60844939694399,0 80.35896681889723,19.60845531222677,0 80.35887330682995,19.60847429438822,0 80.35886867705818,19.60845915418681,0 80.35882790227504,19.60834488712121,0 80.35853458345905,19.60840442733605,0 80.35852955768442,19.60840571613972,0 80.35812625227602,19.6085171581708,0 80.35805078562815,19.60836076683382,0 80.3580400334716,19.60834500747506,0 80.35798290433392,19.60828142540985,0 80.35779382897142,19.60807099660627,0 80.35776953867257,19.60804396275284,0 80.35750927552414,19.60775430505304,0 80.35710508699151,19.60730446414748,0 80.35682593356407,19.60716791186902,0 80.35488264560038,19.60621730310343,0 80.35467059705526,19.60608848461459,0 80.3541170426579,19.60575220240545,0 80.35395797337092,19.60565556813087,0 80.35367140980135,19.60548148064901,0 80.35357544942265,19.60528891715959,0 80.35354232898285,19.60522183955157,0 80.35354379353396,19.60511327049644,0 80.35356682009021,19.60467533276109,0 80.35357257003858,19.60454668972006,0 80.35362488949671,19.60436764831845,0 80.35377818308142,19.60384305731254,0 80.35379129933604,19.60379817146414,0 80.35398753362088,19.60342500305963,0 80.35400299284201,19.60339560445357,0 80.35402440972015,19.60335813218036,0 80.3545457022073,19.60333539883028,0 80.35471041483436,19.60332821542915,0 80.35507304496204,19.60331457428067,0 80.35526757386194,19.60330635123349,0 80.35547854282743,19.60330131165017,0 80.35624082287494,19.60333638863223,0 80.35635402052161,19.60334159688105,0 80.35724273695148,19.60294375711593,0 80.35730015128195,19.60291434429218,0 80.35754389634037,19.60284447912001,0 80.35783048837952,19.60284047086473,0 80.35819226517755,19.60293446400213,0 80.35859760636362,19.60286881012258,0 80.35920424690771,19.60277055042475,0 80.35986565672624,19.60334598743126,0 80.36000400599606,19.60364167726765,0 80.36015381389305,19.60405913677281,0 80.36007793235349,19.60481979828355,0 80.36006248427462,19.60497465505995,0 80.36004675417165,19.60513233749338,0 80.35970519705187,19.60855610307194,0 
							</coordinates>
						</LinearRing>
					</outerBoundaryIs>
				</Polygon>
			</MultiGeometry>
		</Placemark>
		<Placemark id="ID_10069">
			<name>BHQ BENEFICIATION PLANT OF CAPACITY 45 MTPA AND ALLIED ACTIVITIES</name>
			<Snippet maxLines="0"></Snippet>
			<description><![CDATA[<html xmlns:fo="http://www.w3.org/1999/XSL/Format" xmlns:msxsl="urn:schemas-microsoft-com:xslt">

<head>

<META http-equiv="Content-Type" content="text/html">

<meta http-equiv="content-type" content="text/html; charset=UTF-8">

</head>

<body style="margin:0px 0px 0px 0px;overflow:auto;background:#FFFFFF;">

<table style="font-family:Arial,Verdana,Times;font-size:12px;text-align:left;width:100%;border-collapse:collapse;padding:3px 3px 3px 3px">

<tr style="text-align:center;font-weight:bold;background:#9CBCE2">

<td>BHQ BENEFICIATION PLANT OF CAPACITY 45 MTPA AND ALLIED ACTIVITIES</td>

</tr>

<tr>

<td>

<table style="font-family:Arial,Verdana,Times;font-size:12px;text-align:left;width:100%;border-spacing:0px; padding:3px 3px 3px 3px">

<tr>

<td>FID</td>

<td>69</td>

</tr>

<tr bgcolor="#D4E4F3">

<td>PROP</td>

<td>BHQ BENEFICIATION PLANT OF CAPACITY 45 MTPA AND ALLIED ACTIVITIES</td>

</tr>

<tr>

<td>GUT_NO</td>

<td>56 (P)</td>

</tr>

<tr bgcolor="#D4E4F3">

<td>CATE</td>

<td>FOREST</td>

</tr>

<tr>

<td>COL</td>

<td>9</td>

</tr>

</table>

</td>

</tr>

</table>

</body>

</html>]]></description>
			<styleUrl>#PolyStyle169</styleUrl>
			<MultiGeometry>
				<Polygon>
					<outerBoundaryIs>
						<LinearRing>
							<coordinates>
								80.37023442256992,19.61121265510495,0 80.36970135512284,19.6113499533553,0 80.36929967448701,19.61128157766985,0 80.3686938064177,19.6111784409254,0 80.36847819442083,19.61114173735401,0 80.36822138241598,19.61108461439939,0 80.3668220429132,19.61077335056662,0 80.36654199295418,19.61071105592766,0 80.36649529543725,19.61070066764354,0 80.36621319441726,19.61063791616436,0 80.36618226443653,19.61063103617844,0 80.36615870513461,19.61062579606768,0 80.36604575257458,19.61060066980333,0 80.36575546948976,19.61053609775636,0 80.36574737252826,19.61053436764696,0 80.36573922451987,19.61053276658156,0 80.36573104832952,19.61053130006266,0 80.36572284585732,19.61052996990429,0 80.36571461996755,19.61052877521282,0 80.36570637351741,19.61052771690201,0 80.36570335482804,19.61052736468752,0 80.36559201855751,19.61051469543281,0 80.36556251285435,19.61051133742164,0 80.36553646913386,19.61050374618083,0 80.36499514748439,19.61034599456772,0 80.36486045826722,19.61030668744679,0 80.36485339896042,19.61030468624207,0 80.36484538848761,19.61030254974834,0 80.36483734029628,19.61030054776733,0 80.36482925535066,19.61029867759145,0 80.36482113745089,19.61029694284876,0 80.36481298946485,19.61029534174201,0 80.36480481329615,19.6102938751816,0 80.36479661084486,19.61029254498157,0 80.36478838497526,19.6102913502483,0 80.36478013854457,19.61029029189556,0 80.36477187441353,19.61028936993344,0 80.36476490714813,19.61028870014825,0 80.36463456736959,19.61027708654978,0 80.36457622433693,19.61027188801543,0 80.362974727291,19.61012917848494,0 80.36273649401224,19.61010794830829,0 80.36273598779356,19.61010863782098,0 80.36214176087046,19.61005751184947,0 80.36212787462931,19.61007489346607,0 80.36195335528902,19.61029333816693,0 80.36183108987504,19.61020027584744,0 80.36161899514472,19.61003884016641,0 80.36159634345779,19.61002332711162,0 80.36158375286449,19.61001201560324,0 80.36157963993789,19.61000888428853,0 80.36130882740618,19.60979921671012,0 80.36087381979078,19.60945153247583,0 80.36087043566458,19.60944882754965,0 80.36074342642713,19.60934731468755,0 80.36069419316249,19.60930796431718,0 80.36064432587739,19.60926810653523,0 80.36040914485268,19.60908646564203,0 80.36035200911311,19.60904233746458,0 80.36034841549113,19.6090395622029,0 80.36012075129793,19.60886372656787,0 80.35982336978051,19.60863404478624,0 80.35970519705185,19.60855610307193,0 80.36004675417163,19.60513233749334,0 80.3602409073136,19.6051330956409,0 80.3636973083575,19.60514656023355,0 80.37312499966374,19.60518294957947,0 80.37312568540386,19.60515658116821,0 80.37312979493069,19.60499865262585,0 80.3731369245204,19.60429053356143,0 80.37314766667207,19.60322357824229,0 80.37315081872913,19.60291054548905,0 80.37315323354844,19.60267065746901,0 80.37327664518186,19.60251802092851,0 80.37357656691977,19.60243538060407,0 80.37362762943688,19.60242075151868,0 80.37399035645542,19.60242009438172,0 80.37399399144866,19.60242008803229,0 80.37413743349981,19.60256285417779,0 80.37412771812456,19.60262857214455,0 80.37422466203786,19.60284110608274,0 80.37430298342122,19.60297586899072,0 80.37433420821077,19.60305667215307,0 80.37437178698447,19.60312554276096,0 80.3747921859959,19.60369485440799,0 80.37534750006667,19.60362804015374,0 80.3754532674088,19.60318906826033,0 80.37600216902516,19.60314912826705,0 80.37601424300473,19.60294387226519,0 80.37603591822781,19.60257541558141,0 80.37597233540566,19.60241649157089,0 80.37816035018733,19.60241248913418,0 80.37822827996331,19.60243654691707,0 80.37843869177853,19.60266740257276,0 80.37869403569461,19.60269518170571,0 80.37875779750497,19.60251607955369,0 80.37894162557485,19.60241105367452,0 80.38024315003891,19.60240865405471,0 80.38016747822152,19.60307444208465,0 80.37979292924815,19.605245123693,0 80.37976061952052,19.60543236984102,0 80.37970578251726,19.60575016896598,0 80.37969068861013,19.60583764622232,0 80.37959006511011,19.60642079142836,0 80.37957405335749,19.60651358539422,0 80.37839424358516,19.60705593017591,0 80.37838742363459,19.60705912912268,0 80.37838002897438,19.60706274538781,0 80.37837270155242,19.60706648297603,0 80.37836544423293,19.60707034099352,0 80.37835825892648,19.60707431854323,0 80.37835114754718,19.60707841382444,0 80.37834411295574,19.60708262684702,0 80.37833715706623,19.60708695581027,0 80.37833028179621,19.60709139800979,0 80.37832349000293,19.60709595435913,0 80.37831678265037,19.60710062215061,0 80.37831239741311,19.60710376714259,0 80.37787459630739,19.60742156755833,0 80.37778190899294,19.60748884899366,0 80.37771826513193,19.60753504784031,0 80.37771603031318,19.60753668027676,0 80.37770949849934,19.6075415664346,0 80.37770305876852,19.60754656044659,0 80.37769671112767,19.60755166050547,0 80.37769045844794,19.60755686391014,0 80.37768430263651,19.60756217066722,0 80.3776782456144,19.60756757716867,0 80.37767228928531,19.60757308432474,0 80.37766643557028,19.60757868852743,0 80.37766068542636,19.60758438887636,0 80.37765504076769,19.60759018357085,0 80.37764950446193,19.60759607081345,0 80.37764407651605,19.60760204879687,0 80.37764055862924,19.60760603898541,0 80.37750141809681,19.60776571154932,0 80.37698292685661,19.60836071078528,0 80.37618179586347,19.60915945287087,0 80.37590699129885,19.60929246422335,0 80.37549760010387,19.60949061662973,0 80.37526630470583,19.60960256874664,0 80.37526088271913,19.60960523473657,0 80.37525355511205,19.60960897219172,0 80.3752462976061,19.6096128300773,0 80.37523911211193,19.60961680749628,0 80.37523200054369,19.60962090264799,0 80.37522496576216,19.60962511554234,0 80.37521800968146,19.60962944437863,0 80.37521113421924,19.60963388645256,0 80.37520434223278,19.60963844267769,0 80.37519763468612,19.60964311034636,0 80.375191014447,19.60964788766123,0 80.37518448247249,19.60965277372192,0 80.37517804258046,19.60965776763807,0 80.37517169477786,19.60966286760231,0 80.37516544193592,19.60966807091368,0 80.37515928596183,19.60967337757876,0 80.37515322877672,19.60967878398956,0 80.37514727228429,19.60968429105638,0 80.37514141840566,19.60968989517121,0 80.37513566809794,19.60969559543372,0 80.37513002327526,19.60970139004324,0 80.37512668157127,19.60970491901677,0 80.3746989489122,19.61016131893259,0 80.37468827431503,19.61016525078167,0 80.37428316361185,19.61031444550769,0 80.37364437328432,19.61054969726945,0 80.37305671396059,19.6106042649645,0 80.37280515231721,19.61062762288831,0 80.37240072752573,19.61066517499926,0 80.37237689209353,19.61066738817118,0 80.37237528849387,19.6106675389183,0 80.37236701736155,19.61066840292261,0 80.37235876286447,19.61066940343804,0 80.37235052786335,19.61067054047458,0 80.37234231522247,19.61067181313852,0 80.37233412779908,19.61067322234349,0 80.37232596750739,19.61067476628886,0 80.37231783625805,19.61067644407759,0 80.37230973785842,19.6106782575303,0 80.3723016732761,19.6106802030357,0 80.37229832090171,19.61068105435521,0 80.37186722133286,19.61079209601122,0 80.37127356265175,19.61094500636769,0 80.37023442256992,19.61121265510495,0 
							</coordinates>
						</LinearRing>
					</outerBoundaryIs>
					<innerBoundaryIs>
						<LinearRing>
							<coordinates>
								80.37413136021959,19.60843835341673,0 80.37446826016999,19.60858298144048,0 80.37472459434964,19.60835673021756,0 80.37443009208509,19.60785061885817,0 80.37393191860461,19.60618717406454,0 80.37278117549745,19.60608753317165,0 80.37210686928091,19.60607392214838,0 80.37163122960121,19.6059968972939,0 80.37138611427082,19.6058246908962,0 80.37087761473268,19.60559405811279,0 80.37021895045359,19.60524554722715,0 80.36991416970251,19.60537555393103,0 80.36958084334928,19.60544970313352,0 80.36867916201817,19.60569759618351,0 80.36826029468197,19.60583891537289,0 80.36736205972926,19.6060430601173,0 80.36706666499207,19.60609462324448,0 80.36690811907022,19.60599125528125,0 80.3661778067405,19.60628755696226,0 80.36549397442052,19.60631145032727,0 80.36506748615889,19.60633624815917,0 80.36428205580769,19.60644663734631,0 80.36411102126158,19.60663252859451,0 80.36372458079023,19.60673875646578,0 80.36390448758266,19.60718410881967,0 80.36492461739098,19.60693666849068,0 80.36492126388977,19.60695020803406,0 80.3647809785262,19.60733704789169,0 80.36570726764522,19.60725184615796,0 80.36591313172086,19.60751318427655,0 80.36604962767366,19.60744910857629,0 80.36618147463066,19.60742328845066,0 80.36657455618636,19.60786530717085,0 80.36735782943818,19.60822192030351,0 80.36764327644902,19.60813445721037,0 80.36738492817189,19.60689555736327,0 80.36740922926916,19.60688484117358,0 80.36740717551534,19.60684818761154,0 80.36750177345776,19.60689783818437,0 80.36820227033461,19.60712982706325,0 80.36898602487447,19.60801005399842,0 80.36926675335704,19.60719093955552,0 80.37030296672282,19.60660705929737,0 80.37009972568137,19.60610563655388,0 80.37043375809488,19.60606304762162,0 80.37069171767324,19.60616532567581,0 80.37150839919018,19.60644118651933,0 80.37215396657945,19.60644969065197,0 80.37271943517982,19.60655654338252,0 80.37297734772453,19.60673676288748,0 80.37325735921928,19.60691108115597,0 80.37343883070993,19.60728529977296,0 80.37354535246027,19.60746798036465,0 80.37406599733255,19.60821397460472,0 80.37413136021959,19.60843835341673,0 
							</coordinates>
						</LinearRing>
						<LinearRing>
							<coordinates>
								80.36243059027105,19.60764933162121,0 80.3623452644153,19.60689289168051,0 80.36181474017897,19.60706734628496,0 80.36121498628766,19.60720269988439,0 80.36089352769152,19.60714477537569,0 80.36089705428566,19.60744720288164,0 80.36090530669344,19.60815499312984,0 80.36182670177305,19.60803273487218,0 80.3619711378397,19.60819463554395,0 80.36220854291763,19.60797431323728,0 80.36243059027105,19.60764933162121,0 
							</coordinates>
						</LinearRing>
					</innerBoundaryIs>
				</Polygon>
			</MultiGeometry>
		</Placemark>
		<Placemark id="ID_10070">
			<name>ROAD AND DRAINAGE</name>
			<Snippet maxLines="0"></Snippet>
			<description><![CDATA[<html xmlns:fo="http://www.w3.org/1999/XSL/Format" xmlns:msxsl="urn:schemas-microsoft-com:xslt">

<head>

<META http-equiv="Content-Type" content="text/html">

<meta http-equiv="content-type" content="text/html; charset=UTF-8">

</head>

<body style="margin:0px 0px 0px 0px;overflow:auto;background:#FFFFFF;">

<table style="font-family:Arial,Verdana,Times;font-size:12px;text-align:left;width:100%;border-collapse:collapse;padding:3px 3px 3px 3px">

<tr style="text-align:center;font-weight:bold;background:#9CBCE2">

<td>ROAD AND DRAINAGE</td>

</tr>

<tr>

<td>

<table style="font-family:Arial,Verdana,Times;font-size:12px;text-align:left;width:100%;border-spacing:0px; padding:3px 3px 3px 3px">

<tr>

<td>FID</td>

<td>70</td>

</tr>

<tr bgcolor="#D4E4F3">

<td>PROP</td>

<td>ROAD AND DRAINAGE</td>

</tr>

<tr>

<td>GUT_NO</td>

<td></td>

</tr>

<tr bgcolor="#D4E4F3">

<td>CATE</td>

<td>FOREST</td>

</tr>

<tr>

<td>COL</td>

<td>4</td>

</tr>

</table>

</td>

</tr>

</table>

</body>

</html>]]></description>
			<styleUrl>#PolyStyle170</styleUrl>
			<MultiGeometry>
				<Polygon>
					<outerBoundaryIs>
						<LinearRing>
							<coordinates>
								80.37139862398433,19.61138101692406,0 80.37056062540647,19.61159685907341,0 80.36972276788794,19.6118126607077,0 80.36838149713428,19.6115843380002,0 80.36811242594267,19.61152448890871,0 80.36683204518974,19.61123968595837,0 80.36671308385016,19.61121322414787,0 80.36643303223197,19.61115092841549,0 80.36636308295994,19.61113536887163,0 80.36621321457632,19.61110203227503,0 80.36619644852279,19.61109830259776,0 80.36617034904604,19.611092496892,0 80.36610423476263,19.6110777902473,0 80.36607330375352,19.61107090933375,0 80.36604974344189,19.61106566830032,0 80.36593678963872,19.61104054286107,0 80.36573161554814,19.61099490207864,0 80.36571449508173,19.6109910942976,0 80.36564650772608,19.61097597062752,0 80.3656351019348,19.61097467256008,0 80.36542434073664,19.61096065719808,0 80.36473744779364,19.61074360309977,0 80.36473539722179,19.61074295517,0 80.36472027125797,19.61073854525911,0 80.36443802510932,19.61071339561082,0 80.36391810432954,19.61066706675204,0 80.36390642578685,19.61066602606097,0 80.36344396192362,19.61062481555746,0 80.36309953908835,19.61059412332109,0 80.36237144697503,19.61057853846706,0 80.36227872036922,19.61065712273129,0 80.36224766327432,19.61068543393479,0 80.36186972622602,19.61040354384433,0 80.36195335528902,19.61029333816693,0 80.36212787462931,19.61007489346611,0 80.36214176087046,19.61005751184947,0 80.36273598779357,19.61010863782098,0 80.36273649401225,19.6101079483083,0 80.362974727291,19.61012917848496,0 80.36457622433694,19.61027188801544,0 80.36463456736961,19.61027708654978,0 80.36476490714813,19.61028870014826,0 80.36477187441355,19.61028936993346,0 80.36478013854457,19.61029029189558,0 80.36478838497526,19.61029135024831,0 80.36479661084485,19.61029254498158,0 80.36480481329616,19.61029387518162,0 80.36481298946485,19.61029534174201,0 80.36482113745089,19.61029694284877,0 80.36482925535064,19.61029867759148,0 80.36483734029628,19.61030054776735,0 80.36484538848762,19.61030254974837,0 80.36485339896043,19.61030468624209,0 80.36486045826722,19.61030668744679,0 80.36499514748439,19.61034599456772,0 80.36553646913387,19.61050374618083,0 80.36556251285437,19.61051133742164,0 80.36559201855751,19.61051469543282,0 80.36570335482804,19.61052736468752,0 80.36570637351743,19.61052771690203,0 80.36571461996755,19.61052877521284,0 80.36572284585732,19.61052996990431,0 80.36573104832952,19.61053130006268,0 80.36573922451987,19.61053276658156,0 80.36574737252826,19.61053436764697,0 80.36575546948976,19.61053609775636,0 80.36604575257458,19.61060066980333,0 80.36615870513461,19.61062579606772,0 80.36618226443653,19.61063103617846,0 80.36621319441727,19.61063791616438,0 80.36649529543726,19.61070066764354,0 80.36654199295418,19.61071105592766,0 80.36682204291321,19.61077335056665,0 80.368221382416,19.61108461439942,0 80.36847819442085,19.61114173735401,0 80.3686938064177,19.6111784409254,0 80.36929967448701,19.61128157766985,0 80.36970135512284,19.61134995335532,0 80.37023442256992,19.61121265510498,0 80.37127356265175,19.61094500636771,0 80.37186722133286,19.61079209601122,0 80.37229832090173,19.61068105435523,0 80.37230167327611,19.61068020303571,0 80.37230973785842,19.6106782575303,0 80.37231783625806,19.61067644407761,0 80.37232596750741,19.61067476628886,0 80.37233412779909,19.61067322234348,0 80.37234231522247,19.61067181313852,0 80.37235052786336,19.61067054047459,0 80.37235876286448,19.61066940343805,0 80.37236701736155,19.61066840292262,0 80.37237528849387,19.61066753891832,0 80.37237689209353,19.61066738817119,0 80.37240072752573,19.61066517499926,0 80.37280515231721,19.61062762288833,0 80.37305671396061,19.61060426496454,0 80.37364437328432,19.61054969726945,0 80.37428316361185,19.6103144455077,0 80.37468827431505,19.61016525078168,0 80.37469894891221,19.61016131893261,0 80.37512668157127,19.60970491901676,0 80.37513002327528,19.60970139004326,0 80.37513566809794,19.60969559543372,0 80.37514141840569,19.60968989517125,0 80.37514727228429,19.60968429105638,0 80.37515322877672,19.60967878398956,0 80.37515928596183,19.60967337757878,0 80.37516544193592,19.60966807091368,0 80.37517169477786,19.60966286760231,0 80.37517804258044,19.6096577676381,0 80.37518448247252,19.60965277372196,0 80.37519101444698,19.60964788766124,0 80.37519763468613,19.60964311034636,0 80.37520434223279,19.6096384426777,0 80.37521113421924,19.60963388645256,0 80.37521800968146,19.60962944437863,0 80.37522496576217,19.60962511554234,0 80.3752320005437,19.60962090264802,0 80.37523911211194,19.60961680749629,0 80.37524629760611,19.6096128300773,0 80.37525355511207,19.60960897219174,0 80.37526088271913,19.60960523473658,0 80.37526630470583,19.60960256874666,0 80.37549760010387,19.60949061662975,0 80.37590699129885,19.60929246422335,0 80.37618179586347,19.60915945287088,0 80.37698292685661,19.60836071078529,0 80.37750141809683,19.60776571154934,0 80.37764055862925,19.60760603898544,0 80.37764407651605,19.60760204879687,0 80.37764950446193,19.60759607081348,0 80.37765504076771,19.60759018357086,0 80.37766068542636,19.60758438887638,0 80.37766643557028,19.60757868852743,0 80.37767228928531,19.60757308432476,0 80.3776782456144,19.60756757716871,0 80.37768430263651,19.60756217066725,0 80.37769045844796,19.60755686391014,0 80.37769671112767,19.60755166050545,0 80.37770305876852,19.60754656044659,0 80.37770949849934,19.60754156643462,0 80.37771603031318,19.60753668027677,0 80.37771826513193,19.60753504784034,0 80.37778190899296,19.60748884899369,0 80.37787459630739,19.60742156755837,0 80.3783123974131,19.60710376714262,0 80.37831678265037,19.60710062215064,0 80.37832349000294,19.60709595435915,0 80.37833028179622,19.6070913980098,0 80.37833715706623,19.60708695581027,0 80.37834411295574,19.60708262684702,0 80.37835114754718,19.60707841382446,0 80.3783582589265,19.60707431854323,0 80.37836544423293,19.60707034099353,0 80.37837270155242,19.60706648297604,0 80.37838002897439,19.60706274538783,0 80.37838742363459,19.60705912912268,0 80.37839424358516,19.60705593017591,0 80.3795740533575,19.60651358539423,0 80.37959006511012,19.60642079142838,0 80.37969068861013,19.60583764622232,0 80.37970578251726,19.60575016896598,0 80.37976061952052,19.60543236984106,0 80.37979292924815,19.60524512369302,0 80.38016747822152,19.60307444208465,0 80.38024315003891,19.60240865405472,0 80.38026780740785,19.60219170496356,0 80.38074804138355,19.60218554998121,0 80.38064011652179,19.60313513816162,0 80.38054484447211,19.60368729865469,0 80.38036399677767,19.60473541293807,0 80.38000468016662,19.60681781347109,0 80.37888520562657,19.60733242585638,0 80.37864995088351,19.60744056980856,0 80.37860233514016,19.60746245777281,0 80.37807184618195,19.60784754044917,0 80.37800820225986,19.60789373849114,0 80.37789055530064,19.6080287458687,0 80.37733998025593,19.60866056548511,0 80.37658774822941,19.60941055566062,0 80.37649233044137,19.60950568787262,0 80.37647124921587,19.60952670648536,0 80.37571596965157,19.60989227788191,0 80.37571448020297,19.60989299836446,0 80.37569123082741,19.60990425157782,0 80.37562235495338,19.60993758859561,0 80.37548318341253,19.61000494983623,0 80.37547297498459,19.61001584248343,0 80.37504986836643,19.61046730897475,0 80.37497899112319,19.61054293669899,0 80.37486020951191,19.61058668218349,0 80.3744558800082,19.61073558900002,0 80.37375604741285,19.61099332198985,0 80.37271414620209,19.6110900670026,0 80.37244722224168,19.61111485111397,0 80.37242338483631,19.61111706428347,0 80.37139862398433,19.61138101692406,0 
							</coordinates>
						</LinearRing>
					</outerBoundaryIs>
				</Polygon>
			</MultiGeometry>
		</Placemark>
		<Placemark id="ID_10071">
			<name>TAILING STORAGE YARD WITH ENVIRONMENTAL SAFEGUARD MEASURES</name>
			<Snippet maxLines="0"></Snippet>
			<description><![CDATA[<html xmlns:fo="http://www.w3.org/1999/XSL/Format" xmlns:msxsl="urn:schemas-microsoft-com:xslt">

<head>

<META http-equiv="Content-Type" content="text/html">

<meta http-equiv="content-type" content="text/html; charset=UTF-8">

</head>

<body style="margin:0px 0px 0px 0px;overflow:auto;background:#FFFFFF;">

<table style="font-family:Arial,Verdana,Times;font-size:12px;text-align:left;width:100%;border-collapse:collapse;padding:3px 3px 3px 3px">

<tr style="text-align:center;font-weight:bold;background:#9CBCE2">

<td>TAILING STORAGE YARD WITH ENVIRONMENTAL SAFEGUARD MEASURES</td>

</tr>

<tr>

<td>

<table style="font-family:Arial,Verdana,Times;font-size:12px;text-align:left;width:100%;border-spacing:0px; padding:3px 3px 3px 3px">

<tr>

<td>FID</td>

<td>71</td>

</tr>

<tr bgcolor="#D4E4F3">

<td>PROP</td>

<td>TAILING STORAGE YARD WITH ENVIRONMENTAL SAFEGUARD MEASURES</td>

</tr>

<tr>

<td>GUT_NO</td>

<td>12 (P)</td>

</tr>

<tr bgcolor="#D4E4F3">

<td>CATE</td>

<td>FOREST</td>

</tr>

<tr>

<td>COL</td>

<td>2</td>

</tr>

</table>

</td>

</tr>

</table>

</body>

</html>]]></description>
			<styleUrl>#PolyStyle14</styleUrl>
			<MultiGeometry>
				<Polygon>
					<outerBoundaryIs>
						<LinearRing>
							<coordinates>
								80.33582123043755,19.61646754264896,0 80.33563737933704,19.61665868718752,0 80.33312449110595,19.61459670260419,0 80.3332975788349,19.61439568080765,0 80.33445955584251,19.61304616858479,0 80.33460413301503,19.61287825591309,0 80.33510035952023,19.61230192996439,0 80.335199332683,19.612188550615,0 80.3353864804571,19.6119430913035,0 80.33542720889622,19.61188489220449,0 80.33545395701282,19.61184605124602,0 80.33565185255314,19.61155869057913,0 80.33578084329233,19.61136058772095,0 80.33607756677009,19.61087634164501,0 80.33609603494736,19.61084620123274,0 80.33623104750491,19.61061021795296,0 80.33647997938442,19.61014297811544,0 80.33651171633038,19.61008340820141,0 80.3365558203766,19.60999735505158,0 80.33658872737253,19.60993149633543,0 80.33665031457014,19.60980824056149,0 80.33669110548951,19.60973711540027,0 80.3367525751258,19.60962993618598,0 80.336799172903,19.60954868606899,0 80.33687999443679,19.6094015467635,0 80.33698565357136,19.60918682454952,0 80.33701788936609,19.60911666093948,0 80.33704622543543,19.60905498551943,0 80.33705972090037,19.60902561197446,0 80.33713228343387,19.60889392637683,0 80.33717521292765,19.608814160015,0 80.33727984791449,19.60860343162417,0 80.33729232928242,19.60858089413976,0 80.3373808717084,19.60842102779261,0 80.33770107746032,19.60784287788371,0 80.33771809122091,19.60781215810693,0 80.33775475403922,19.60777061691822,0 80.33789471522223,19.60761203180673,0 80.33791938153853,19.60758408364797,0 80.33798804932377,19.60751785903177,0 80.33824217019627,19.60727277710574,0 80.33830269250733,19.6072144086958,0 80.33839071679631,19.60712951487206,0 80.33862445052728,19.60690409527562,0 80.33864472439339,19.60687591942841,0 80.33907242072203,19.60628152581335,0 80.33940808763282,19.60550930726241,0 80.33965345012041,19.60454947939466,0 80.33985641304849,19.60373228695321,0 80.33989356274326,19.60358270792713,0 80.33998974351128,19.60288787836886,0 80.34000139618431,19.60276881566002,0 80.34001825612914,19.60253285891274,0 80.3400292755698,19.60224076424424,0 80.34003120182469,19.60176839449242,0 80.34003132137728,19.60173907651038,0 80.34002212613919,19.60143722775235,0 80.33999814259256,19.6011830237394,0 80.33995345018776,19.60082191742316,0 80.33990200089343,19.60051932649255,0 80.33987208233292,19.60037465079916,0 80.33985066665835,19.60027109668071,0 80.33978039868713,19.59998111606068,0 80.33968831542931,19.59968938099739,0 80.33957663559728,19.59940484313808,0 80.33942896650315,19.59906712199315,0 80.33936804968609,19.59892116144767,0 80.33962410860022,19.598891526236,0 80.34151581867968,19.59867257444942,0 80.34247619066983,19.59856141034221,0 80.34288708531302,19.59851384722633,0 80.34316592748563,19.5986391299672,0 80.34363936836489,19.59885184381701,0 80.34387426135035,19.59895737852839,0 80.34391115469894,19.59895193361879,0 80.34412875365899,19.59891981962199,0 80.34608519059763,19.59863107013282,0 80.34627749363455,19.59860268694609,0 80.34735723821905,19.59861616444337,0 80.34787701678103,19.59807603739644,0 80.34781447050885,19.59832275437396,0 80.34805646177733,19.59837384013711,0 80.348140683906,19.59813385423755,0 80.34831473187883,19.59814165691662,0 80.34849387787365,19.59782311241988,0 80.34908852736677,19.59769614992429,0 80.34921639873409,19.59789386525358,0 80.34936410545322,19.59783211437924,0 80.34985189071088,19.59906358777972,0 80.35007548450562,19.59962807359244,0 80.35009054225389,19.59967143237216,0 80.35044959832391,19.60070534900401,0 80.3507554114265,19.60190424658293,0 80.3508097589317,19.60211730670934,0 80.35081480394793,19.60216633689662,0 80.350991882259,19.60388726399517,0 80.35177253500235,19.60442960826303,0 80.3522066677202,19.60473121120301,0 80.35219694392052,19.60474056259924,0 80.35157738213826,19.60533636329071,0 80.35121579181768,19.60568408271111,0 80.35048551884873,19.60638633528605,0 80.35045398788118,19.60640507835771,0 80.35025232410648,19.60652495321628,0 80.34829288502554,19.60768968764482,0 80.34624396170273,19.60797626013223,0 80.34483989160421,19.60862838693238,0 80.34213642635201,19.61083326381729,0 80.33992774443944,19.6121713783952,0 80.33958462399576,19.61234500536312,0 80.33934612643834,19.61246569127599,0 80.33932690955238,19.61247541467185,0 80.33928746014571,19.61250233914232,0 80.33921507069907,19.61255174423514,0 80.33907978945956,19.61264407287876,0 80.33897661362772,19.61285395632147,0 80.33891440124475,19.61298050983732,0 80.3387153826779,19.61338535679565,0 80.33837880110767,19.61380843563825,0 80.33584995455618,19.61643767959084,0 80.33582123043755,19.61646754264896,0 
							</coordinates>
						</LinearRing>
					</outerBoundaryIs>
					<innerBoundaryIs>
						<LinearRing>
							<coordinates>
								80.34435762848399,19.60629152014697,0 80.34561822205214,19.60651726538124,0 80.34573240900517,19.60635629134498,0 80.34569125423089,19.60561494872097,0 80.34597583609933,19.60543068317957,0 80.34572549820304,19.60494560807132,0 80.3451942979287,19.6052843881716,0 80.34497967714977,19.60532544946562,0 80.34459487748984,19.60533600472262,0 80.34435762848399,19.60629152014697,0 
							</coordinates>
						</LinearRing>
					</innerBoundaryIs>
				</Polygon>
			</MultiGeometry>
		</Placemark>
		<Placemark id="ID_10072">
			<name>TAILING STORAGE YARD WITH ENVIRONMENTAL SAFEGUARD MEASURES</name>
			<Snippet maxLines="0"></Snippet>
			<description><![CDATA[<html xmlns:fo="http://www.w3.org/1999/XSL/Format" xmlns:msxsl="urn:schemas-microsoft-com:xslt">

<head>

<META http-equiv="Content-Type" content="text/html">

<meta http-equiv="content-type" content="text/html; charset=UTF-8">

</head>

<body style="margin:0px 0px 0px 0px;overflow:auto;background:#FFFFFF;">

<table style="font-family:Arial,Verdana,Times;font-size:12px;text-align:left;width:100%;border-collapse:collapse;padding:3px 3px 3px 3px">

<tr style="text-align:center;font-weight:bold;background:#9CBCE2">

<td>TAILING STORAGE YARD WITH ENVIRONMENTAL SAFEGUARD MEASURES</td>

</tr>

<tr>

<td>

<table style="font-family:Arial,Verdana,Times;font-size:12px;text-align:left;width:100%;border-spacing:0px; padding:3px 3px 3px 3px">

<tr>

<td>FID</td>

<td>72</td>

</tr>

<tr bgcolor="#D4E4F3">

<td>PROP</td>

<td>TAILING STORAGE YARD WITH ENVIRONMENTAL SAFEGUARD MEASURES</td>

</tr>

<tr>

<td>GUT_NO</td>

<td>10 (P)</td>

</tr>

<tr bgcolor="#D4E4F3">

<td>CATE</td>

<td>FOREST</td>

</tr>

<tr>

<td>COL</td>

<td>2</td>

</tr>

</table>

</td>

</tr>

</table>

</body>

</html>]]></description>
			<styleUrl>#PolyStyle14</styleUrl>
			<MultiGeometry>
				<Polygon>
					<outerBoundaryIs>
						<LinearRing>
							<coordinates>
								80.34311009470612,19.62469182038711,0 80.3428990773282,19.62502024748174,0 80.34056262653134,19.6236424007646,0 80.34051456258555,19.62308590707142,0 80.34051331231205,19.62308520667337,0 80.34050153639149,19.6229423590098,0 80.34048278440132,19.62271487969157,0 80.34047274871644,19.62259313434611,0 80.34030146857572,19.62051532417123,0 80.34253401969566,19.61728811147327,0 80.34254911493545,19.61726628985005,0 80.34315858677652,19.61635748320649,0 80.34524688096923,19.61324344941783,0 80.34496746911806,19.61298243733584,0 80.34385432903161,19.61194258881276,0 80.34377661158656,19.6104231316605,0 80.34405623413765,19.61017345704377,0 80.34471379367746,19.60971833596404,0 80.34490748093573,19.60954595474697,0 80.34573139398606,19.60896845160864,0 80.34597637565349,19.60888718106943,0 80.34613096030411,19.60879788110457,0 80.34635468331797,19.60866864057254,0 80.34693205717417,19.60860594008506,0 80.34803881252451,19.60846486564946,0 80.34899474817685,19.60993189031826,0 80.3498567234903,19.60976866873138,0 80.35011385692511,19.60910658172935,0 80.3500980681881,19.60907502488694,0 80.35004340173418,19.60896576548464,0 80.35003790170038,19.60895477246165,0 80.35010105226057,19.60895484305045,0 80.35010816413812,19.60895485063308,0 80.35011906176739,19.60895486283552,0 80.35014218442491,19.60895488841208,0 80.35017732899448,19.60895492752904,0 80.35022447979561,19.60890973732956,0 80.35065139746399,19.60850057530051,0 80.35065452009178,19.60849758277931,0 80.35122887601197,19.60794710896167,0 80.35171620138328,19.6078979607458,0 80.35202027938138,19.60792401656566,0 80.35276253162212,19.608131469281,0 80.35278177815179,19.60804607625955,0 80.3527855368626,19.60803257366797,0 80.35279099160599,19.60801297382601,0 80.35279483159759,19.60799917602819,0 80.35281206562338,19.60800399211228,0 80.3532442927258,19.60811387817712,0 80.35338954473573,19.60815080545409,0 80.3533847731085,19.60816938120557,0 80.35335096140828,19.60828133762105,0 80.35340706869238,19.60834841100597,0 80.35370558576922,19.60870527166107,0 80.35368257084627,19.6087410618261,0 80.35335521376358,19.60925012532038,0 80.35169856313435,19.61182628000574,0 80.35036846605496,19.6138310665796,0 80.34765551140073,19.61791997282853,0 80.34534135697881,19.62140761373641,0 80.34506241968542,19.62181819165432,0 80.34459789899914,19.62250193271637,0 80.34441767563455,19.62276720590508,0 80.34339249405754,19.62427616275808,0 80.34332458049683,19.62437612378113,0 80.34318557646739,19.6245807214374,0 80.34311009470612,19.62469182038711,0 
							</coordinates>
						</LinearRing>
					</outerBoundaryIs>
				</Polygon>
			</MultiGeometry>
		</Placemark>
		<Placemark id="ID_10073">
			<name>GREEN BELT ZONE</name>
			<Snippet maxLines="0"></Snippet>
			<description><![CDATA[<html xmlns:fo="http://www.w3.org/1999/XSL/Format" xmlns:msxsl="urn:schemas-microsoft-com:xslt">

<head>

<META http-equiv="Content-Type" content="text/html">

<meta http-equiv="content-type" content="text/html; charset=UTF-8">

</head>

<body style="margin:0px 0px 0px 0px;overflow:auto;background:#FFFFFF;">

<table style="font-family:Arial,Verdana,Times;font-size:12px;text-align:left;width:100%;border-collapse:collapse;padding:3px 3px 3px 3px">

<tr style="text-align:center;font-weight:bold;background:#9CBCE2">

<td>GREEN BELT ZONE</td>

</tr>

<tr>

<td>

<table style="font-family:Arial,Verdana,Times;font-size:12px;text-align:left;width:100%;border-spacing:0px; padding:3px 3px 3px 3px">

<tr>

<td>FID</td>

<td>73</td>

</tr>

<tr bgcolor="#D4E4F3">

<td>PROP</td>

<td>GREEN BELT ZONE</td>

</tr>

<tr>

<td>GUT_NO</td>

<td>17/1,17/2,17/3</td>

</tr>

<tr bgcolor="#D4E4F3">

<td>CATE</td>

<td>FOREST</td>

</tr>

<tr>

<td>COL</td>

<td>7</td>

</tr>

</table>

</td>

</tr>

</table>

</body>

</html>]]></description>
			<styleUrl>#PolyStyle124</styleUrl>
			<MultiGeometry>
				<Polygon>
					<outerBoundaryIs>
						<LinearRing>
							<coordinates>
								80.36176939618616,19.59617029998665,0 80.36188772925135,19.59626339529951,0 80.36220830353382,19.59651559688098,0 80.36182524638534,19.5966483569916,0 80.36177125027262,19.59666707063487,0 80.36152058439153,19.5968957146842,0 80.36127033213556,19.59706041381999,0 80.36119651406804,19.59710899547575,0 80.36108046116718,19.59718537319808,0 80.36063370799616,19.59753852671342,0 80.36061994184337,19.59754940863437,0 80.36033107289228,19.59777775478701,0 80.36026570637362,19.5978294257474,0 80.36006888726466,19.59798500750668,0 80.35993528153122,19.59803148346385,0 80.35977140515996,19.5980884899604,0 80.35911514565342,19.59831677498462,0 80.35974373467441,19.597772909572,0 80.35983284781301,19.59769201567756,0 80.36027129679701,19.59729400465104,0 80.36030098112052,19.59726705775807,0 80.36040122233737,19.59717606125579,0 80.36046277935036,19.59712088437625,0 80.36063021674671,19.59697080087943,0 80.36071824975754,19.59691846015185,0 80.36090092866338,19.59680984665679,0 80.36096107705636,19.59675193132671,0 80.36113406737584,19.59658536306765,0 80.36133424594694,19.59647946119238,0 80.36142783120029,19.59641720148531,0 80.36170077687693,19.59621990226651,0 80.36176939618616,19.59617029998665,0 
							</coordinates>
						</LinearRing>
					</outerBoundaryIs>
				</Polygon>
			</MultiGeometry>
		</Placemark>
		<Placemark id="ID_10074">
			<name>GREEN BELT ZONE</name>
			<Snippet maxLines="0"></Snippet>
			<description><![CDATA[<html xmlns:fo="http://www.w3.org/1999/XSL/Format" xmlns:msxsl="urn:schemas-microsoft-com:xslt">

<head>

<META http-equiv="Content-Type" content="text/html">

<meta http-equiv="content-type" content="text/html; charset=UTF-8">

</head>

<body style="margin:0px 0px 0px 0px;overflow:auto;background:#FFFFFF;">

<table style="font-family:Arial,Verdana,Times;font-size:12px;text-align:left;width:100%;border-collapse:collapse;padding:3px 3px 3px 3px">

<tr style="text-align:center;font-weight:bold;background:#9CBCE2">

<td>GREEN BELT ZONE</td>

</tr>

<tr>

<td>

<table style="font-family:Arial,Verdana,Times;font-size:12px;text-align:left;width:100%;border-spacing:0px; padding:3px 3px 3px 3px">

<tr>

<td>FID</td>

<td>74</td>

</tr>

<tr bgcolor="#D4E4F3">

<td>PROP</td>

<td>GREEN BELT ZONE</td>

</tr>

<tr>

<td>GUT_NO</td>

<td></td>

</tr>

<tr bgcolor="#D4E4F3">

<td>CATE</td>

<td>FOREST</td>

</tr>

<tr>

<td>COL</td>

<td>7</td>

</tr>

</table>

</td>

</tr>

</table>

</body>

</html>]]></description>
			<styleUrl>#PolyStyle124</styleUrl>
			<MultiGeometry>
				<Polygon>
					<outerBoundaryIs>
						<LinearRing>
							<coordinates>
								80.3818464084725,19.59838081143499,0 80.38183806553111,19.59831525782653,0 80.38172290688867,19.59792231379443,0 80.38168801413707,19.59780325416489,0 80.38168311955526,19.59778655294395,0 80.38092159207594,19.59630509460834,0 80.38091604190039,19.59629429658852,0 80.38084056276186,19.59614746050282,0 80.37977918457624,19.59616434563413,0 80.37909766556984,19.59617518475852,0 80.37577485424723,19.59622799426172,0 80.37169125129043,19.59629281105658,0 80.37168951501094,19.59629524580956,0 80.37144205965376,19.59664224613401,0 80.37124712153027,19.59699736257782,0 80.37121358420872,19.59705845637976,0 80.37115378297119,19.59716739627604,0 80.37110403888656,19.59722420615618,0 80.37073210119991,19.59764897435837,0 80.37004399512625,19.59761052430924,0 80.37004317836494,19.59767878173899,0 80.37028015823452,19.5977766456032,0 80.37057973526161,19.59907752553261,0 80.37062223026193,19.5992620563004,0 80.37030906876221,19.59932303258658,0 80.37021519892514,19.60001670434726,0 80.37006547305931,19.60006479562252,0 80.36986748218013,19.60012838940785,0 80.36965011279314,19.60019820742334,0 80.36874490387046,19.6003259296983,0 80.368430934166,19.60037022897793,0 80.36838225275891,19.60046186002908,0 80.3682550216668,19.60070134200383,0 80.36817034149401,19.60069531137672,0 80.36817030668179,19.6005593772483,0 80.36833652767585,19.60024650608136,0 80.36961635563404,19.6000659272101,0 80.36973366919544,19.60002824706406,0 80.37008469206742,19.5999154993535,0 80.37018019705027,19.59920974412579,0 80.37045161607203,19.59915689622771,0 80.37029042553867,19.59845694381146,0 80.37028666163135,19.59844059869039,0 80.37024526148123,19.5982608222434,0 80.3701600543922,19.59789081632491,0 80.37015600544602,19.59787323489207,0 80.36989908395043,19.59776713471365,0 80.36989993672574,19.597695765184,0 80.3699026747538,19.59746684250519,0 80.37053912722568,19.5975024071163,0 80.37066946553432,19.59750969036044,0 80.37101609227634,19.59712452120333,0 80.37118492761346,19.59681695891383,0 80.37122377066511,19.59674619902285,0 80.37127470890243,19.59665340562752,0 80.37131896231139,19.59657278840643,0 80.37135210996439,19.59652630732446,0 80.37148379342689,19.5963416512254,0 80.37154042536901,19.59626223831717,0 80.37161443922732,19.59615844992058,0 80.38021693492071,19.59602308890375,0 80.38076316376365,19.59601448006532,0 80.3809299525627,19.59601185127313,0 80.3810664061193,19.59627730980739,0 80.38181743054322,19.59773833303346,0 80.38185472550499,19.59786558721168,0 80.38197837680988,19.59828750982669,0 80.3818464084725,19.59838081143499,0 
							</coordinates>
						</LinearRing>
					</outerBoundaryIs>
				</Polygon>
			</MultiGeometry>
		</Placemark>
		<Placemark id="ID_10075">
			<name>GREEN BELT ZONE</name>
			<Snippet maxLines="0"></Snippet>
			<description><![CDATA[<html xmlns:fo="http://www.w3.org/1999/XSL/Format" xmlns:msxsl="urn:schemas-microsoft-com:xslt">

<head>

<META http-equiv="Content-Type" content="text/html">

<meta http-equiv="content-type" content="text/html; charset=UTF-8">

</head>

<body style="margin:0px 0px 0px 0px;overflow:auto;background:#FFFFFF;">

<table style="font-family:Arial,Verdana,Times;font-size:12px;text-align:left;width:100%;border-collapse:collapse;padding:3px 3px 3px 3px">

<tr style="text-align:center;font-weight:bold;background:#9CBCE2">

<td>GREEN BELT ZONE</td>

</tr>

<tr>

<td>

<table style="font-family:Arial,Verdana,Times;font-size:12px;text-align:left;width:100%;border-spacing:0px; padding:3px 3px 3px 3px">

<tr>

<td>FID</td>

<td>75</td>

</tr>

<tr bgcolor="#D4E4F3">

<td>PROP</td>

<td>GREEN BELT ZONE</td>

</tr>

<tr>

<td>GUT_NO</td>

<td></td>

</tr>

<tr bgcolor="#D4E4F3">

<td>CATE</td>

<td>NON FOREST</td>

</tr>

<tr>

<td>COL</td>

<td>7</td>

</tr>

</table>

</td>

</tr>

</table>

</body>

</html>]]></description>
			<styleUrl>#PolyStyle10</styleUrl>
			<MultiGeometry>
				<Polygon>
					<outerBoundaryIs>
						<LinearRing>
							<coordinates>
								80.38205763111529,19.59883325194367,0 80.38192256465213,19.59897914834725,0 80.38188229382398,19.5986627534296,0 80.3818464084725,19.59838081143499,0 80.38197837680988,19.59828750982669,0 80.38205056126237,19.59877107391015,0 80.38205763111529,19.59883325194367,0 
							</coordinates>
						</LinearRing>
					</outerBoundaryIs>
				</Polygon>
			</MultiGeometry>
		</Placemark>
		<Placemark id="ID_10076">
			<name>GREEN BELT ZONE</name>
			<Snippet maxLines="0"></Snippet>
			<description><![CDATA[<html xmlns:fo="http://www.w3.org/1999/XSL/Format" xmlns:msxsl="urn:schemas-microsoft-com:xslt">

<head>

<META http-equiv="Content-Type" content="text/html">

<meta http-equiv="content-type" content="text/html; charset=UTF-8">

</head>

<body style="margin:0px 0px 0px 0px;overflow:auto;background:#FFFFFF;">

<table style="font-family:Arial,Verdana,Times;font-size:12px;text-align:left;width:100%;border-collapse:collapse;padding:3px 3px 3px 3px">

<tr style="text-align:center;font-weight:bold;background:#9CBCE2">

<td>GREEN BELT ZONE</td>

</tr>

<tr>

<td>

<table style="font-family:Arial,Verdana,Times;font-size:12px;text-align:left;width:100%;border-spacing:0px; padding:3px 3px 3px 3px">

<tr>

<td>FID</td>

<td>76</td>

</tr>

<tr bgcolor="#D4E4F3">

<td>PROP</td>

<td>GREEN BELT ZONE</td>

</tr>

<tr>

<td>GUT_NO</td>

<td></td>

</tr>

<tr bgcolor="#D4E4F3">

<td>CATE</td>

<td>NON FOREST</td>

</tr>

<tr>

<td>COL</td>

<td>7</td>

</tr>

</table>

</td>

</tr>

</table>

</body>

</html>]]></description>
			<styleUrl>#PolyStyle10</styleUrl>
			<MultiGeometry>
				<Polygon>
					<outerBoundaryIs>
						<LinearRing>
							<coordinates>
								80.34630463145376,19.58562717313986,0 80.34634322333225,19.58561250752388,0 80.3464706484763,19.58556408338928,0 80.34659859630747,19.58568017202912,0 80.34644998123629,19.58565550754047,0 80.34630463145376,19.58562717313986,0 
							</coordinates>
						</LinearRing>
					</outerBoundaryIs>
				</Polygon>
			</MultiGeometry>
		</Placemark>
		<Placemark id="ID_10077">
			<name>GREEN BELT ZONE</name>
			<Snippet maxLines="0"></Snippet>
			<description><![CDATA[<html xmlns:fo="http://www.w3.org/1999/XSL/Format" xmlns:msxsl="urn:schemas-microsoft-com:xslt">

<head>

<META http-equiv="Content-Type" content="text/html">

<meta http-equiv="content-type" content="text/html; charset=UTF-8">

</head>

<body style="margin:0px 0px 0px 0px;overflow:auto;background:#FFFFFF;">

<table style="font-family:Arial,Verdana,Times;font-size:12px;text-align:left;width:100%;border-collapse:collapse;padding:3px 3px 3px 3px">

<tr style="text-align:center;font-weight:bold;background:#9CBCE2">

<td>GREEN BELT ZONE</td>

</tr>

<tr>

<td>

<table style="font-family:Arial,Verdana,Times;font-size:12px;text-align:left;width:100%;border-spacing:0px; padding:3px 3px 3px 3px">

<tr>

<td>FID</td>

<td>77</td>

</tr>

<tr bgcolor="#D4E4F3">

<td>PROP</td>

<td>GREEN BELT ZONE</td>

</tr>

<tr>

<td>GUT_NO</td>

<td></td>

</tr>

<tr bgcolor="#D4E4F3">

<td>CATE</td>

<td>FOREST</td>

</tr>

<tr>

<td>COL</td>

<td>7</td>

</tr>

</table>

</td>

</tr>

</table>

</body>

</html>]]></description>
			<styleUrl>#PolyStyle124</styleUrl>
			<MultiGeometry>
				<Polygon>
					<outerBoundaryIs>
						<LinearRing>
							<coordinates>
								80.33623891139632,19.58699568439415,0 80.34004877263774,19.58321601699281,0 80.34036978640462,19.58333344326079,0 80.34066941625048,19.5834430472936,0 80.34107337211375,19.58361341307506,0 80.34142907767371,19.58376201143365,0 80.34144174660202,19.58376704682681,0 80.34169110743835,19.58386120454098,0 80.34172340225047,19.58387183565317,0 80.34176052981242,19.5838804213331,0 80.34218505517724,19.5839574660361,0 80.34251822763278,19.5840161386816,0 80.34272411384558,19.58405305200658,0 80.34281701591753,19.58406970803903,0 80.34291377571084,19.58408705582808,0 80.34314731445809,19.58414407746007,0 80.34332137149698,19.584209119116,0 80.34338525077565,19.58424435876622,0 80.343590838016,19.58435777336014,0 80.34359856320873,19.58436192218841,0 80.34369212063862,19.58441080574265,0 80.34399837834785,19.58457082763886,0 80.34400979944942,19.58457748852655,0 80.34421498654602,19.58469716698107,0 80.34424412540037,19.58471378018012,0 80.34452875081578,19.58487606122041,0 80.34462814772699,19.58493273342651,0 80.34465287179144,19.58494567248274,0 80.34468401704991,19.5849605741337,0 80.34487757761516,19.58505318099515,0 80.34498862977125,19.5851138624356,0 80.34510627488606,19.58517814536043,0 80.34513415713803,19.58519196062836,0 80.34519424399787,19.58521880077747,0 80.34530555330782,19.58526852150868,0 80.34535788570874,19.58528735770765,0 80.34537152276464,19.58529094686629,0 80.34561362997465,19.58535010561942,0 80.3456248020187,19.58535283546571,0 80.34564020452622,19.58535627738753,0 80.34601978734241,19.58543326035635,0 80.34618626696178,19.58546571368333,0 80.34627756764557,19.58548351161521,0 80.34630130622931,19.58548813858351,0 80.34647122333413,19.5855212619787,0 80.3464822687091,19.58552325482658,0 80.34659706709456,19.58554230709352,0 80.34689706773354,19.58559209595586,0 80.34704727353656,19.58562090833281,0 80.34719263767452,19.58564879126102,0 80.34736750762271,19.58568233478375,0 80.34744288710831,19.58569721441135,0 80.34770705552739,19.58574936277137,0 80.34789815791319,19.58579840271243,0 80.34795915148453,19.58581405515056,0 80.34810446379761,19.5858684073196,0 80.34823623935679,19.58591769601126,0 80.34846921351722,19.58602403898326,0 80.3484767115043,19.58602736173984,0 80.34867459226524,19.5861115833537,0 80.34868246771639,19.58611493457521,0 80.34872120428805,19.586129073157,0 80.34880789841134,19.58615567837862,0 80.3489884222309,19.58621107693001,0 80.34908780566141,19.58624157563504,0 80.3490964471352,19.58624412082357,0 80.34911889183456,19.58624975666723,0 80.34938354127812,19.58630809444638,0 80.34941261012624,19.58631338455455,0 80.34948094137253,19.58632322979982,0 80.34970316091784,19.58635524842131,0 80.34972033807333,19.58635772405475,0 80.34982339327979,19.58637189281519,0 80.3499627639294,19.58639105595621,0 80.35002468951188,19.58639957030226,0 80.35025512903694,19.58645323083871,0 80.35034940321941,19.58647518346218,0 80.35046039984236,19.58650103052433,0 80.35049134356581,19.58650696068294,0 80.35049947072038,19.58650818911952,0 80.35057766351065,19.58652000602667,0 80.35100112868643,19.58658400007521,0 80.35110561100745,19.58660019655177,0 80.35134809488342,19.58663778578958,0 80.351447322193,19.58665316703749,0 80.3515169288612,19.58666506742506,0 80.35160325928825,19.58667982657272,0 80.35182996558474,19.58671858561298,0 80.35184196032806,19.58672044961329,0 80.35186231035505,19.58672277017447,0 80.35190691004334,19.58672670508412,0 80.35198277040014,19.58673340006466,0 80.35199382763047,19.58673437599735,0 80.35200264882596,19.58673515412439,0 80.3520741438718,19.5867414628769,0 80.35210805522863,19.58674301703127,0 80.35213400100375,19.58674227345671,0 80.35232417383671,19.58673067037184,0 80.35235412849434,19.58672884230707,0 80.35236403358643,19.58672823808641,0 80.35240375409535,19.5867258143288,0 80.3524611694848,19.58672231187192,0 80.35258688046372,19.5867183506543,0 80.35286398146798,19.58670962006202,0 80.35288956748583,19.58670799582079,0 80.35295470058932,19.5867017701438,0 80.3530552474185,19.58669215804771,0 80.35309677231656,19.58668818901657,0 80.35321713299446,19.58667668334063,0 80.35322130615711,19.58667624286128,0 80.3532835585962,19.58667556698735,0 80.35361598002105,19.58667195860758,0 80.35395862094457,19.58719563993552,0 80.35398777378987,19.58724019569616,0 80.35471049207493,19.58834476225695,0 80.35477181229575,19.58843847946724,0 80.35481050422553,19.58849761463752,0 80.35537592688826,19.58936176387851,0 80.35561733220437,19.58973070519319,0 80.35574593025571,19.58992724303231,0 80.35577644309964,19.5899738763835,0 80.35596192681534,19.59025735025117,0 80.35620986267583,19.59064755208106,0 80.3562647283869,19.5906316880399,0 80.35642112653848,19.59058646578014,0 80.35675238640111,19.59037515003487,0 80.35691297981872,19.59027270411318,0 80.3569876628938,19.59022506173244,0 80.35725610109887,19.59000747453173,0 80.35727995208279,19.58998787861689,0 80.35745754623581,19.58984196229923,0 80.35757391862943,19.58974634801775,0 80.35776701230327,19.59025556309154,0 80.35780613186863,19.59035872486827,0 80.35822838181616,19.59119660644666,0 80.35852672684062,19.59193447400815,0 80.35854436155984,19.59197808712285,0 80.35859635969182,19.59206662444177,0 80.35901347575506,19.59277683594036,0 80.35957669651449,19.5934105398441,0 80.36003841309839,19.59420587287597,0 80.36004983988171,19.59422904999833,0 80.36022077199661,19.5945757255093,0 80.36041578359779,19.59497123455401,0 80.36041583464414,19.59497134678971,0 80.36080862406607,19.59574542401479,0 80.36102942902973,19.59644273980829,0 80.36103728779352,19.59646355920871,0 80.3610334749451,19.59646686847154,0 80.36103248178937,19.59646772975905,0 80.36103127048447,19.59646878004299,0 80.36103123221214,19.59646881334293,0 80.36103098631499,19.59646902664005,0 80.36103020939056,19.59646970163522,0 80.36103213093457,19.59653608902234,0 80.36092645116291,19.59661890763888,0 80.36031407680812,19.59709880938956,0 80.35966527706903,19.59768328635373,0 80.35958376047031,19.59775374650672,0 80.3590083687764,19.59825109461008,0 80.35893561884096,19.59831397676746,0 80.35821655800777,19.5987633922143,0 80.35737543006262,19.59916183380987,0 80.35685062850209,19.59942007813234,0 80.35657621045188,19.59955511285445,0 80.35607852470402,19.59989399439423,0 80.3557605826695,19.60011048408153,0 80.35530759931429,19.60051358125268,0 80.35527590937325,19.60054178059997,0 80.35514301646796,19.60066003761316,0 80.35460706987132,19.60120840552919,0 80.35451123612896,19.60130646050271,0 80.35438963896401,19.6014392458308,0 80.35429133824029,19.60154659054605,0 80.3538537193299,19.60202447098823,0 80.35346853038563,19.60258200390569,0 80.35336220984193,19.60273589414096,0 80.35320576478267,19.60302351204752,0 80.35312535318033,19.60299984290525,0 80.3530748181719,19.60298485224229,0 80.35306711777181,19.6029825681481,0 80.35312995665632,19.60286704160287,0 80.35316100190259,19.60280996647313,0 80.35323847658987,19.60266753340965,0 80.3536494643708,19.60207265926086,0 80.35373935294098,19.60194255217601,0 80.35379068916112,19.60188649311425,0 80.35398399985152,19.60167539712666,0 80.35407944012982,19.60157117624279,0 80.35428057656905,19.6013515348966,0 80.35428092908933,19.60135113041443,0 80.35428192820314,19.60134998724435,0 80.35428232383445,19.60134953231145,0 80.35443000618444,19.6011804427073,0 80.35473126654172,19.6008769813137,0 80.3547356006556,19.60087261586689,0 80.35474041633859,19.60086776506909,0 80.35476857898743,19.60083939595443,0 80.35480973342817,19.60079794039168,0 80.35489002693727,19.60071705978498,0 80.35491653899075,19.60069035380519,0 80.35497399578239,19.60063247732971,0 80.35499763085116,19.6006086699359,0 80.35503856785111,19.60056743222557,0 80.35504147464694,19.60056446324641,0 80.35504158758864,19.60056435701817,0 80.35561400661979,19.60005497838463,0 80.35566950967208,19.60000558823015,0 80.35568500095833,19.59999504001284,0 80.35592998808346,19.59982822625931,0 80.356460461466,19.5994670196932,0 80.35650113610032,19.59943932301352,0 80.3567178760873,19.59933267088252,0 80.35681312155758,19.5992858024584,0 80.35731049595857,19.59904105426256,0 80.35761719799949,19.59889577112141,0 80.35768588064197,19.59886323636302,0 80.35784728388772,19.59878677948082,0 80.35814495617085,19.59864577191646,0 80.35884751689596,19.59820666850931,0 80.35911165774974,19.59797835618264,0 80.35922555770844,19.5978799055834,0 80.35956780405047,19.59758407903697,0 80.36021911949753,19.59699733591581,0 80.36089035658483,19.59647130502822,0 80.36083639830872,19.59630184716663,0 80.36071557417922,19.59592239054599,0 80.3606749084191,19.59579467491614,0 80.36065692673036,19.59575924075574,0 80.36028800334435,19.59503226293672,0 80.36028620701789,19.59502861930703,0 80.36028527243589,19.59502672371415,0 80.36003135907023,19.59451175317541,0 80.35994915613561,19.59434503228579,0 80.35991889786568,19.59428366443859,0 80.35991083102232,19.59426730203522,0 80.35968767670589,19.59388290699764,0 80.35945819996817,19.59348761903262,0 80.35928970589259,19.59329804024212,0 80.35928762792786,19.59329570139893,0 80.35925133896394,19.59325487131119,0 80.35889520819988,19.5928541722242,0 80.35863007228741,19.59240273366762,0 80.358455342951,19.59210522430327,0 80.35843893621403,19.59207728782732,0 80.35841444686807,19.59203559047988,0 80.35839427500176,19.59198570140157,0 80.35839317306501,19.59198297744572,0 80.35809686812372,19.59125015307334,0 80.35767594603172,19.59041490469995,0 80.35767397163875,19.59041098840721,0 80.35767308463923,19.59040864927083,0 80.35762417797545,19.59027967643138,0 80.35750991018509,19.58997833316506,0 80.35735796342342,19.59010317618874,0 80.3573494247818,19.59011019163684,0 80.3570743604033,19.59033315022952,0 80.35704385072574,19.59035261302541,0 80.35696974975679,19.59039988338623,0 80.35648327987639,19.59071021150511,0 80.3563755081928,19.5907413728712,0 80.35614489465465,19.5908080541885,0 80.3560688227348,19.59068833327138,0 80.35605724641768,19.59067011469091,0 80.35583988750444,19.5903280354711,0 80.35581161499847,19.59028482599111,0 80.35553839919426,19.58986726968409,0 80.35546192494677,19.58975039362933,0 80.35493301667016,19.58894205283979,0 80.35491191310209,19.58890979961148,0 80.35489756480031,19.58888787143473,0 80.35486526219117,19.58883850156291,0 80.35473682146856,19.58864220225094,0 80.35470468954213,19.58859309321797,0 80.35465445648609,19.58851632144546,0 80.35462312352254,19.5884684333994,0 80.35461617212449,19.58845780852022,0 80.35461369292963,19.5884540205166,0 80.35460392400898,19.58843909042928,0 80.35459026192855,19.58841821022643,0 80.35458609488079,19.58841184163743,0 80.35456747158773,19.58838337818548,0 80.35455912423045,19.5883706201746,0 80.35454309005897,19.58834611591082,0 80.35453604200534,19.58833534338515,0 80.35453505354974,19.58833383343611,0 80.35451862799415,19.58830872863885,0 80.35451156667092,19.5882979370878,0 80.35449128208374,19.5882669347062,0 80.35448409092888,19.58825594478655,0 80.35446270512404,19.58822325944871,0 80.35445727669604,19.58821496334046,0 80.35443900125289,19.58818703157281,0 80.35443108985224,19.58817494111867,0 80.35441078729134,19.58814391065041,0 80.35440560906174,19.58813599678338,0 80.35438271454908,19.58810100620551,0 80.35437828500507,19.58809423634813,0 80.35435443711719,19.58805778925879,0 80.35434817757104,19.58804822232844,0 80.35432644496194,19.58801500708886,0 80.3543203446346,19.58800568291014,0 80.35430228436164,19.587978080834,0 80.3542940791996,19.58796554020026,0 80.35427635536665,19.58793845260853,0 80.35426930355574,19.58792767463736,0 80.35424991368002,19.58789804087261,0 80.35424288177632,19.58788729279274,0 80.35422106296755,19.58785394620068,0 80.35421673389443,19.58784732941881,0 80.35418972741056,19.58780605445826,0 80.35418682272382,19.58780161518947,0 80.354160111939,19.58776079130925,0 80.35415538294069,19.58775356402285,0 80.35412894605561,19.58771315861271,0 80.35412562912663,19.58770808891511,0 80.35409979498587,19.58766860559149,0 80.35409509063496,19.5876614154422,0 80.35407000139523,19.5876230706905,0 80.3540652581931,19.58761582075936,0 80.35403911039397,19.58757585826467,0 80.35403546462162,19.58757028585293,0 80.35400923912938,19.58753020379186,0 80.3540045736402,19.58752307342146,0 80.35397983793693,19.58748526760533,0 80.35397470239477,19.58747741894323,0 80.35395072011345,19.58744076618898,0 80.35394530121761,19.58743248365504,0 80.35392376019763,19.58739956274651,0 80.35391637011151,19.58738826665331,0 80.35389618146375,19.58735741094496,0 80.35388951730802,19.58734722534591,0 80.35387038628686,19.5873179873713,0 80.35386164480175,19.58730462607577,0 80.35384243608316,19.58727526853603,0 80.35383584964144,19.58726520249742,0 80.35381613107441,19.58723506597551,0 80.35380789945567,19.5872224836571,0 80.3537896166488,19.58719454095578,0 80.35378159446381,19.58718228109174,0 80.35376365757432,19.58715486646469,0 80.35375627034533,19.58714357670107,0 80.35373631489371,19.58711307604818,0 80.3537307112139,19.58710451270942,0 80.35370981660796,19.58707257818503,0 80.35370236874039,19.58706119422072,0 80.35368190534126,19.58702991910734,0 80.35367528006563,19.58701979328193,0 80.3536536017434,19.58698666129617,0 80.35364736881684,19.58697713419916,0 80.35362737833344,19.58694658190021,0 80.35361906523715,19.5869338763829,0 80.35360130751515,19.58690673528958,0 80.35359319248619,19.58689433320915,0 80.35357558450201,19.58686742218125,0 80.35357232257553,19.58686243580823,0 80.35356775094611,19.58685544854263,0 80.35354206962677,19.58681620425778,0 80.35353695026295,19.58680837371498,0 80.35326867566359,19.58681128666308,0 80.35322981362539,19.5868117084561,0 80.35298732175332,19.58683488779358,0 80.35296665418737,19.58683686405283,0 80.35288637231724,19.58684453816581,0 80.35268773966258,19.58685079701575,0 80.35265687117007,19.58685176969824,0 80.35246814148519,19.58685771594509,0 80.35223944199456,19.58687166948055,0 80.35210199129837,19.58688005599437,0 80.35197818279605,19.58686913039695,0 80.35182668499137,19.58685576107917,0 80.35157519490542,19.58681276508793,0 80.35142308417963,19.586786759987,0 80.35114806233516,19.58674412698392,0 80.35097832629917,19.58671781500361,0 80.35087861052988,19.58670274621509,0 80.35071212699783,19.58667758702364,0 80.35044737241492,19.58663757712281,0 80.35042285508017,19.58663186710489,0 80.35007624042622,19.58655115437229,0 80.3499972978944,19.58653277122531,0 80.3496993242165,19.58649180188965,0 80.34962320569819,19.58648083430067,0 80.34937098266498,19.58644449263073,0 80.3493509033767,19.58644006632347,0 80.34914360798119,19.58639437174971,0 80.3490648703275,19.58637701459808,0 80.34901308306237,19.58636112195179,0 80.34864994684443,19.58624968279658,0 80.34864330496507,19.58624685563671,0 80.34841314653596,19.58614889641573,0 80.3483662585257,19.58612749357034,0 80.34827276900329,19.58608481991058,0 80.34817888457509,19.58604196494666,0 80.3480592853419,19.5859972313285,0 80.34797072792026,19.58596410720453,0 80.34791407289352,19.58594291653265,0 80.34767375695542,19.58588124698719,0 80.34766017715678,19.58587856639079,0 80.34733874173887,19.58581511369845,0 80.34725583020639,19.5857992100204,0 80.3471327195801,19.58577559529053,0 80.34697580170089,19.58574549535184,0 80.34687054418885,19.58572530492041,0 80.34660475142024,19.58568119388109,0 80.34659859630747,19.58568017202912,0 80.3464706484763,19.58556408338928,0 80.34634322333225,19.58561250752388,0 80.34630463145376,19.58562717313986,0 80.34614089162696,19.58559525397763,0 80.34599041830302,19.5855659211764,0 80.34560624425293,19.58548800697012,0 80.34559964030699,19.58548666817342,0 80.34540741704916,19.58543969837401,0 80.34533453348024,19.58542189005353,0 80.34528316637912,19.58540836999619,0 80.345053606646,19.58530582805619,0 80.34492693313278,19.5852366117271,0 80.34480958582722,19.58517249062071,0 80.3446394157649,19.58509107472783,0 80.34457107296448,19.58505837665815,0 80.34442228955317,19.58497354653315,0 80.34433812231104,19.58492555867999,0 80.34414064626637,19.5848129660231,0 80.34392633608554,19.58468796695246,0 80.34352417071493,19.5844778337413,0 80.34325881282176,19.58433144538639,0 80.34310307892751,19.58427325150929,0 80.34288261313755,19.58421942129961,0 80.34249187425534,19.5841493665379,0 80.34215854433215,19.58409066615355,0 80.34204325461316,19.58406974233367,0 80.34197562690649,19.58405746962719,0 80.34173011238647,19.58401291220364,0 80.34168173040557,19.58400172354653,0 80.34166909005322,19.58399880013743,0 80.3415033618175,19.58393622179042,0 80.34140218489878,19.58389801862162,0 80.34138003984198,19.58388965657011,0 80.3411731570603,19.58380322993313,0 80.34104912629945,19.58375141522703,0 80.34101546016683,19.58373735138644,0 80.3406144261194,19.58356821790798,0 80.34020458782143,19.58341736138902,0 80.34008658128724,19.58337473484208,0 80.33990794973005,19.58355195655938,0 80.33623282446943,19.58719794556527,0 80.33626316385026,19.5871034328372,0 80.33623891139632,19.58699568439415,0 
							</coordinates>
						</LinearRing>
					</outerBoundaryIs>
				</Polygon>
			</MultiGeometry>
		</Placemark>
		<Placemark id="ID_10078">
			<name>GREEN BELT ZONE</name>
			<Snippet maxLines="0"></Snippet>
			<description><![CDATA[<html xmlns:fo="http://www.w3.org/1999/XSL/Format" xmlns:msxsl="urn:schemas-microsoft-com:xslt">

<head>

<META http-equiv="Content-Type" content="text/html">

<meta http-equiv="content-type" content="text/html; charset=UTF-8">

</head>

<body style="margin:0px 0px 0px 0px;overflow:auto;background:#FFFFFF;">

<table style="font-family:Arial,Verdana,Times;font-size:12px;text-align:left;width:100%;border-collapse:collapse;padding:3px 3px 3px 3px">

<tr style="text-align:center;font-weight:bold;background:#9CBCE2">

<td>GREEN BELT ZONE</td>

</tr>

<tr>

<td>

<table style="font-family:Arial,Verdana,Times;font-size:12px;text-align:left;width:100%;border-spacing:0px; padding:3px 3px 3px 3px">

<tr>

<td>FID</td>

<td>78</td>

</tr>

<tr bgcolor="#D4E4F3">

<td>PROP</td>

<td>GREEN BELT ZONE</td>

</tr>

<tr>

<td>GUT_NO</td>

<td></td>

</tr>

<tr bgcolor="#D4E4F3">

<td>CATE</td>

<td>FOREST</td>

</tr>

<tr>

<td>COL</td>

<td>7</td>

</tr>

</table>

</td>

</tr>

</table>

</body>

</html>]]></description>
			<styleUrl>#PolyStyle124</styleUrl>
			<MultiGeometry>
				<Polygon>
					<outerBoundaryIs>
						<LinearRing>
							<coordinates>
								80.33790820718731,19.59665848021021,0 80.33785400095454,19.59681341514114,0 80.33785319721379,19.59681243305369,0 80.33736835758607,19.59622000665107,0 80.3373110564979,19.59614998897097,0 80.33714894576569,19.59595190379589,0 80.33689925693308,19.59561229003195,0 80.33683875125648,19.59552999410471,0 80.33665372616615,19.59527833009171,0 80.33661693836237,19.59522954875139,0 80.33638358374996,19.59492010264053,0 80.33605326860479,19.59448722392771,0 80.33570616085471,19.59403233369591,0 80.33565318486667,19.5939629070812,0 80.33546877550627,19.59372123506263,0 80.33546403535141,19.59371503382669,0 80.33536628562018,19.59358738718378,0 80.33522052911547,19.59339704899962,0 80.33506482978576,19.5931937254496,0 80.33496479102652,19.59305222243148,0 80.33495456030148,19.59303775229703,0 80.334801802168,19.59282167785832,0 80.3347383267797,19.59273189339385,0 80.33461657923327,19.59256768869703,0 80.33447084644115,19.59238013329934,0 80.33439506408475,19.59228260137058,0 80.33439153928316,19.59227789744507,0 80.33392629599506,19.59165694537586,0 80.33387490470174,19.59158835367674,0 80.33345240226308,19.59102444118897,0 80.33344136905922,19.59100971588354,0 80.33334778512474,19.59088909330173,0 80.33332727667282,19.59086522042139,0 80.33324623456924,19.59077088200371,0 80.33315081618248,19.59065980876977,0 80.33303296672747,19.59053612322942,0 80.33288627517422,19.5903877630279,0 80.3328527377779,19.5903547998405,0 80.33289766159895,19.59031023658416,0 80.3355724837288,19.58765680328896,0 80.335615499016,19.58767869239354,0 80.33565527072436,19.58769893092103,0 80.3357962060298,19.58763108606248,0 80.33315729177991,19.59024890758711,0 80.33305011067556,19.59035522915196,0 80.3331382297179,19.59044435078019,0 80.33325941627074,19.59057153763494,0 80.3332923823132,19.59060991157449,0 80.33335961163711,19.59068817063801,0 80.33337862644503,19.59071030476744,0 80.33346092214505,19.59080610265854,0 80.33355729647248,19.59093032213458,0 80.33365855075385,19.59106546589945,0 80.33372997420292,19.59116079515312,0 80.33399412857003,19.59151335911799,0 80.33406894727156,19.59161321909773,0 80.33428113402577,19.59189642075726,0 80.33441331039691,19.59207283469976,0 80.33451096258395,19.59220316806645,0 80.33462709703608,19.59235263235686,0 80.33470759636521,19.59245623252292,0 80.33473268745368,19.592488524417,0 80.33485626233011,19.59265519283862,0 80.33496365620906,19.59280710070727,0 80.33504203322455,19.59291796286544,0 80.33507215185976,19.59296056507043,0 80.33518215691592,19.59311616486984,0 80.33533664994157,19.5933179124054,0 80.33539499748916,19.5933941056565,0 80.335582232383,19.59363860939515,0 80.33559832581982,19.59365969964647,0 80.3357491371172,19.59385734239348,0 80.33577706005461,19.59389393426866,0 80.33595208272959,19.59412330509204,0 80.336204474407,19.59445406694532,0 80.33637654586934,19.59467956786705,0 80.3366607539527,19.59505202103475,0 80.3367039282921,19.59510966007135,0 80.33670993118423,19.59511767415113,0 80.33688227456337,19.59535208843333,0 80.33706912734867,19.5956062358816,0 80.33733475816788,19.59595777944196,0 80.33736786553064,19.59599823432049,0 80.33771695639575,19.59642479081495,0 80.33790820718731,19.59665848021021,0 
							</coordinates>
						</LinearRing>
					</outerBoundaryIs>
				</Polygon>
			</MultiGeometry>
		</Placemark>
		<Placemark id="ID_10079">
			<name>GREEN BELT ZONE</name>
			<Snippet maxLines="0"></Snippet>
			<description><![CDATA[<html xmlns:fo="http://www.w3.org/1999/XSL/Format" xmlns:msxsl="urn:schemas-microsoft-com:xslt">

<head>

<META http-equiv="Content-Type" content="text/html">

<meta http-equiv="content-type" content="text/html; charset=UTF-8">

</head>

<body style="margin:0px 0px 0px 0px;overflow:auto;background:#FFFFFF;">

<table style="font-family:Arial,Verdana,Times;font-size:12px;text-align:left;width:100%;border-collapse:collapse;padding:3px 3px 3px 3px">

<tr style="text-align:center;font-weight:bold;background:#9CBCE2">

<td>GREEN BELT ZONE</td>

</tr>

<tr>

<td>

<table style="font-family:Arial,Verdana,Times;font-size:12px;text-align:left;width:100%;border-spacing:0px; padding:3px 3px 3px 3px">

<tr>

<td>FID</td>

<td>79</td>

</tr>

<tr bgcolor="#D4E4F3">

<td>PROP</td>

<td>GREEN BELT ZONE</td>

</tr>

<tr>

<td>GUT_NO</td>

<td></td>

</tr>

<tr bgcolor="#D4E4F3">

<td>CATE</td>

<td>NON FOREST</td>

</tr>

<tr>

<td>COL</td>

<td>7</td>

</tr>

</table>

</td>

</tr>

</table>

</body>

</html>]]></description>
			<styleUrl>#PolyStyle10</styleUrl>
			<MultiGeometry>
				<Polygon>
					<outerBoundaryIs>
						<LinearRing>
							<coordinates>
								80.33623282446943,19.58719794556527,0 80.33583058617853,19.58759697987711,0 80.3357962060298,19.58763108606248,0 80.33565527072436,19.58769893092103,0 80.335615499016,19.58767869239354,0 80.3355724837288,19.58765680328896,0 80.33623891139632,19.58699568439415,0 80.33626316385026,19.5871034328372,0 80.33623282446943,19.58719794556527,0 
							</coordinates>
						</LinearRing>
					</outerBoundaryIs>
				</Polygon>
			</MultiGeometry>
		</Placemark>
		<Placemark id="ID_10080">
			<name>GREEN BELT ZONE</name>
			<Snippet maxLines="0"></Snippet>
			<description><![CDATA[<html xmlns:fo="http://www.w3.org/1999/XSL/Format" xmlns:msxsl="urn:schemas-microsoft-com:xslt">

<head>

<META http-equiv="Content-Type" content="text/html">

<meta http-equiv="content-type" content="text/html; charset=UTF-8">

</head>

<body style="margin:0px 0px 0px 0px;overflow:auto;background:#FFFFFF;">

<table style="font-family:Arial,Verdana,Times;font-size:12px;text-align:left;width:100%;border-collapse:collapse;padding:3px 3px 3px 3px">

<tr style="text-align:center;font-weight:bold;background:#9CBCE2">

<td>GREEN BELT ZONE</td>

</tr>

<tr>

<td>

<table style="font-family:Arial,Verdana,Times;font-size:12px;text-align:left;width:100%;border-spacing:0px; padding:3px 3px 3px 3px">

<tr>

<td>FID</td>

<td>80</td>

</tr>

<tr bgcolor="#D4E4F3">

<td>PROP</td>

<td>GREEN BELT ZONE</td>

</tr>

<tr>

<td>GUT_NO</td>

<td></td>

</tr>

<tr bgcolor="#D4E4F3">

<td>CATE</td>

<td>NON FOREST</td>

</tr>

<tr>

<td>COL</td>

<td>7</td>

</tr>

</table>

</td>

</tr>

</table>

</body>

</html>]]></description>
			<styleUrl>#PolyStyle10</styleUrl>
			<MultiGeometry>
				<Polygon>
					<outerBoundaryIs>
						<LinearRing>
							<coordinates>
								80.33854174211901,19.59770470547786,0 80.33848099317433,19.59761387407098,0 80.3383199068203,19.59739751890014,0 80.33798098281903,19.59696950620948,0 80.33796133043188,19.5969448634443,0 80.33793499445714,19.5969123812542,0 80.33785400095454,19.59681341514114,0 80.33790820718731,19.59665848021021,0 80.33791053549376,19.59666132445562,0 80.33804821105193,19.59682955078512,0 80.33808121001347,19.59687025183957,0 80.33828035576161,19.59712174398632,0 80.33843556163025,19.59731774700757,0 80.33859990081048,19.59753847057226,0 80.33861553940324,19.59756185329512,0 80.33862544893377,19.59757666996171,0 80.33869185875822,19.59767596498743,0 80.3387059345521,19.59769701232683,0 80.33871881254132,19.59771715783781,0 80.33854174211901,19.59770470547786,0 
							</coordinates>
						</LinearRing>
					</outerBoundaryIs>
				</Polygon>
			</MultiGeometry>
		</Placemark>
	</Folder>
</Document>
</kml>
