<?xml version="1.0" encoding="UTF-8"?>
<kml xmlns="http://www.opengis.net/kml/2.2" xmlns:gx="http://www.google.com/kml/ext/2.2" xmlns:kml="http://www.opengis.net/kml/2.2" xmlns:atom="http://www.w3.org/2005/Atom" xmlns:xsi="http://www.w3.org/2001/XMLSchema-instance" xmlns:gpxx="http://www.garmin.com/xmlschemas/GpxExtensions/v3">
<Document id="Non-Forest_Land_Details" xsi:schemaLocation="http://www.opengis.net/kml/2.2 http://schemas.opengis.net/kml/2.2.0/ogckml22.xsd http://www.google.com/kml/ext/2.2 http://code.google.com/apis/kml/schema/kml22gx.xsd">
	<name>Non-Forest_Land_Details</name>
	<Snippet maxLines="0"></Snippet>
	<Style id="PolyStyle0031">
		<LabelStyle>
			<color>00000000</color>
			<scale>0</scale>
		</LabelStyle>
		<LineStyle>
			<color>ff0055ff</color>
			<width>1.5</width>
		</LineStyle>
		<PolyStyle>
			<color>00ffffff</color>
		</PolyStyle>
	</Style>
	<Folder id="FeatureLayer0">
		<name>Non-Forest_Land_Details</name>
		<Snippet maxLines="0"></Snippet>
		<Placemark id="ID_00000">
			<name>5</name>
			<Snippet maxLines="0"></Snippet>
			<description><![CDATA[<html xmlns:fo="http://www.w3.org/1999/XSL/Format" xmlns:msxsl="urn:schemas-microsoft-com:xslt">

<head>

<META http-equiv="Content-Type" content="text/html">

<meta http-equiv="content-type" content="text/html; charset=UTF-8">

</head>

<body style="margin:0px 0px 0px 0px;overflow:auto;background:#FFFFFF;">

<table style="font-family:Arial,Verdana,Times;font-size:12px;text-align:left;width:100%;border-collapse:collapse;padding:3px 3px 3px 3px">

<tr style="text-align:center;font-weight:bold;background:#9CBCE2">

<td>5</td>

</tr>

<tr>

<td>

<table style="font-family:Arial,Verdana,Times;font-size:12px;text-align:left;width:100%;border-spacing:0px; padding:3px 3px 3px 3px">

<tr>

<td>FID</td>

<td>0</td>

</tr>

<tr bgcolor="#D4E4F3">

<td>Id</td>

<td>5</td>

</tr>

<tr>

<td>Area_Ha</td>

<td>5.722</td>

</tr>

</table>

</td>

</tr>

</table>

</body>

</html>]]></description>
			<styleUrl>#PolyStyle0031</styleUrl>
			<MultiGeometry>
				<Polygon>
					<outerBoundaryIs>
						<LinearRing>
							<coordinates>
								80.35999065900039,19.589215272021,0 80.36063366896143,19.58928928196516,0 80.36102407734037,19.5894460780619,0 80.36263631443003,19.5900375687055,0 80.3646390727976,19.59076192442274,0 80.36449975891044,19.59090489081035,0 80.36425869007051,19.591262684372,0 80.36399286209563,19.5915008424224,0 80.36346336540875,19.59142724503856,0 80.3629334930135,19.59144928301425,0 80.36248024441248,19.59123249483341,0 80.36125845516773,19.59078584360782,0 80.36059134432499,19.59042483566092,0 80.360188887142,19.59012453853321,0 80.36007678129756,19.58976549740656,0 80.35999065900039,19.589215272021,0 
							</coordinates>
						</LinearRing>
					</outerBoundaryIs>
				</Polygon>
			</MultiGeometry>
		</Placemark>
		<Placemark id="ID_00001">
			<name>5</name>
			<Snippet maxLines="0"></Snippet>
			<description><![CDATA[<html xmlns:fo="http://www.w3.org/1999/XSL/Format" xmlns:msxsl="urn:schemas-microsoft-com:xslt">

<head>

<META http-equiv="Content-Type" content="text/html">

<meta http-equiv="content-type" content="text/html; charset=UTF-8">

</head>

<body style="margin:0px 0px 0px 0px;overflow:auto;background:#FFFFFF;">

<table style="font-family:Arial,Verdana,Times;font-size:12px;text-align:left;width:100%;border-collapse:collapse;padding:3px 3px 3px 3px">

<tr style="text-align:center;font-weight:bold;background:#9CBCE2">

<td>5</td>

</tr>

<tr>

<td>

<table style="font-family:Arial,Verdana,Times;font-size:12px;text-align:left;width:100%;border-spacing:0px; padding:3px 3px 3px 3px">

<tr>

<td>FID</td>

<td>1</td>

</tr>

<tr bgcolor="#D4E4F3">

<td>Id</td>

<td>5</td>

</tr>

<tr>

<td>Area_Ha</td>

<td>85.743</td>

</tr>

</table>

</td>

</tr>

</table>

</body>

</html>]]></description>
			<styleUrl>#PolyStyle0031</styleUrl>
			<MultiGeometry>
				<Polygon>
					<outerBoundaryIs>
						<LinearRing>
							<coordinates>
								80.36588795012158,19.59974057470822,0 80.36493379318534,19.59986632654429,0 80.36484266098124,19.59966013891818,0 80.36477606915152,19.5995094738117,0 80.36476421854758,19.5994738649302,0 80.36396807828505,19.59919370637158,0 80.36314363208201,19.59909287837186,0 80.36296167080967,19.59904644109166,0 80.36219227489757,19.59848825952483,0 80.36216453374912,19.59846813373684,0 80.36160101582975,19.59857134055254,0 80.36155207853189,19.59852841007892,0 80.36144278983258,19.59840507354761,0 80.36123089995284,19.59841566118464,0 80.36115546666481,19.59833232675248,0 80.36188425599536,19.59777542532752,0 80.36240016093512,19.5974616451696,0 80.36237152537116,19.59704551786516,0 80.36232893951924,19.59632808095512,0 80.36225517597504,19.59584006530676,0 80.36270922753883,19.59585601691342,0 80.36307257046687,19.59584295542547,0 80.36360309633855,19.595658334778,0 80.36405895078589,19.5952152259549,0 80.36442527690365,19.59444184839935,0 80.36481990323803,19.59417067038505,0 80.36515409371279,19.59387058717068,0 80.36553425526165,19.59342720772721,0 80.36561235561176,19.59281061585702,0 80.36582578580918,19.59242403182731,0 80.36576698111197,19.59197910703237,0 80.36669143485626,19.59169544202168,0 80.36682743952551,19.59175330269834,0 80.36750948150245,19.59152616486989,0 80.36748172985978,19.5908805089897,0 80.36787578246266,19.59075277929516,0 80.36786204590088,19.59039408746623,0 80.36960251358796,19.59045756434414,0 80.36982933708799,19.59051574028677,0 80.37046495684608,19.59054665230103,0 80.3711010783002,19.59044845204629,0 80.37166151680914,19.59034998578547,0 80.37229735887811,19.59032350908046,0 80.37275128563633,19.59036812612767,0 80.37296208509348,19.59065577452776,0 80.37314272333509,19.59091462631034,0 80.37324656906372,19.5914601261175,0 80.37321152062911,19.59269373926981,0 80.37299721862679,19.5933098614781,0 80.37290450925487,19.5937972946011,0 80.37307029168289,19.59398436600804,0 80.3732800967208,19.59453023413239,0 80.37367382115072,19.59448856529508,0 80.37491443303664,19.5946506748224,0 80.37554852132166,19.59508324517931,0 80.37551503817743,19.59591518299406,0 80.37500043628283,19.59589905367791,0 80.37469836164578,19.59572585699433,0 80.374185091344,19.59536543192699,0 80.37367110190353,19.59519149771636,0 80.37311114748758,19.59516085972589,0 80.37285393129707,19.59513127351987,0 80.37196035354249,19.59525727416791,0 80.37099025392999,19.59559818952805,0 80.37083715634657,19.59604237331305,0 80.37036668263721,19.59635633688375,0 80.37018319686418,19.59682910534729,0 80.37015063439924,19.59741716695826,0 80.37002200043685,19.59747351053276,0 80.36990267499084,19.5974668426034,0 80.3699011551145,19.59759394700331,0 80.36989928898875,19.59775000696312,0 80.37013290744726,19.59786369531673,0 80.3701560061956,19.59787323429699,0 80.37045161650853,19.59915689574941,0 80.37018199141392,19.59920939475039,0 80.3701491899452,19.59943888282884,0 80.37008469219764,19.59991549942746,0 80.36961635626143,19.60006592668627,0 80.36833652812915,19.6002465054752,0 80.36817030728031,19.60055937704364,0 80.3672698708596,19.60049524857952,0 80.3672653184467,19.60039087125325,0 80.3672534245087,19.60011816766337,0 80.36725250536676,19.6000970936001,0 80.3670557058426,19.60009998897193,0 80.36610457449092,19.60029426612826,0 80.36588795012158,19.59974057470822,0 
							</coordinates>
						</LinearRing>
					</outerBoundaryIs>
				</Polygon>
			</MultiGeometry>
		</Placemark>
		<Placemark id="ID_00002">
			<name>5</name>
			<Snippet maxLines="0"></Snippet>
			<description><![CDATA[<html xmlns:fo="http://www.w3.org/1999/XSL/Format" xmlns:msxsl="urn:schemas-microsoft-com:xslt">

<head>

<META http-equiv="Content-Type" content="text/html">

<meta http-equiv="content-type" content="text/html; charset=UTF-8">

</head>

<body style="margin:0px 0px 0px 0px;overflow:auto;background:#FFFFFF;">

<table style="font-family:Arial,Verdana,Times;font-size:12px;text-align:left;width:100%;border-collapse:collapse;padding:3px 3px 3px 3px">

<tr style="text-align:center;font-weight:bold;background:#9CBCE2">

<td>5</td>

</tr>

<tr>

<td>

<table style="font-family:Arial,Verdana,Times;font-size:12px;text-align:left;width:100%;border-spacing:0px; padding:3px 3px 3px 3px">

<tr>

<td>FID</td>

<td>2</td>

</tr>

<tr bgcolor="#D4E4F3">

<td>Id</td>

<td>5</td>

</tr>

<tr>

<td>Area_Ha</td>

<td>18.021</td>

</tr>

</table>

</td>

</tr>

</table>

</body>

</html>]]></description>
			<styleUrl>#PolyStyle0031</styleUrl>
			<MultiGeometry>
				<Polygon>
					<outerBoundaryIs>
						<LinearRing>
							<coordinates>
								80.35624136159322,19.5844497031466,0 80.35630334901199,19.58408649921432,0 80.35679012531877,19.58347615137239,0 80.35665007350178,19.58316960950897,0 80.35624782200966,19.58282387654903,0 80.3568153180114,19.58221381655968,0 80.357321736282,19.58173743056565,0 80.35760434334811,19.58171930969552,0 80.35806744082973,19.58198874563986,0 80.35850975314793,19.58241112771763,0 80.35921502526246,19.58268142198846,0 80.35981984846718,19.58283659109612,0 80.36016254690531,19.58293344548446,0 80.3603249763591,19.58268536212368,0 80.36068793123391,19.58276315970055,0 80.3610302529046,19.58295564940661,0 80.36106963421321,19.5832044484832,0 80.36106842726662,19.58351048673043,0 80.36092580186633,19.58385427920622,0 80.36042165247027,19.58375685372531,0 80.36003949671024,19.58343032793041,0 80.3594752599418,19.58321792069923,0 80.35911321267871,19.58291059206744,0 80.35875010691994,19.58287104610023,0 80.35862765825354,19.58321490841338,0 80.35870664081158,19.58365512524232,0 80.3589678591552,19.58394296867195,0 80.35926860850405,19.58444135634327,0 80.35926649023436,19.58497692300668,0 80.35924434193264,19.58547416317349,0 80.35887986777212,19.58577891011294,0 80.35851667993217,19.58575849088409,0 80.35821479392389,19.58554701265843,0 80.35793354483761,19.58522084155181,0 80.35755078404787,19.58504732957151,0 80.35718630779458,19.58535207303926,0 80.35663867923792,19.58603871518799,0 80.35649452239875,19.58676505106494,0 80.35633041068563,19.58743393260058,0 80.35650892861918,19.58821880279125,0 80.35666871002107,19.58864018089471,0 80.3568887335536,19.58913828427202,0 80.35712954758682,19.58948344045163,0 80.35720913590941,19.5897706387066,0 80.356845255811,19.58992236212184,0 80.35642105757252,19.59001648659567,0 80.35603745071887,19.5900533721544,0 80.35589709076362,19.58982333923703,0 80.35581788516261,19.5894405036811,0 80.3555562073452,19.58926741991376,0 80.35543740063524,19.58869316635088,0 80.35525835450095,19.58804218678455,0 80.35518113096411,19.58716203958779,0 80.35516399533019,19.58639687297885,0 80.35544744788781,19.58616835474243,0 80.35577149049793,19.58588259813653,0 80.35611662557831,19.58536738455787,0 80.35638072971243,19.58492839162097,0 80.35624136159322,19.5844497031466,0 
							</coordinates>
						</LinearRing>
					</outerBoundaryIs>
				</Polygon>
			</MultiGeometry>
		</Placemark>
		<Placemark id="ID_00003">
			<name>5</name>
			<Snippet maxLines="0"></Snippet>
			<description><![CDATA[<html xmlns:fo="http://www.w3.org/1999/XSL/Format" xmlns:msxsl="urn:schemas-microsoft-com:xslt">

<head>

<META http-equiv="Content-Type" content="text/html">

<meta http-equiv="content-type" content="text/html; charset=UTF-8">

</head>

<body style="margin:0px 0px 0px 0px;overflow:auto;background:#FFFFFF;">

<table style="font-family:Arial,Verdana,Times;font-size:12px;text-align:left;width:100%;border-collapse:collapse;padding:3px 3px 3px 3px">

<tr style="text-align:center;font-weight:bold;background:#9CBCE2">

<td>5</td>

</tr>

<tr>

<td>

<table style="font-family:Arial,Verdana,Times;font-size:12px;text-align:left;width:100%;border-spacing:0px; padding:3px 3px 3px 3px">

<tr>

<td>FID</td>

<td>3</td>

</tr>

<tr bgcolor="#D4E4F3">

<td>Id</td>

<td>5</td>

</tr>

<tr>

<td>Area_Ha</td>

<td>18.712</td>

</tr>

</table>

</td>

</tr>

</table>

</body>

</html>]]></description>
			<styleUrl>#PolyStyle0031</styleUrl>
			<MultiGeometry>
				<Polygon>
					<outerBoundaryIs>
						<LinearRing>
							<coordinates>
								80.35332394416947,19.58327638490002,0 80.35414822840666,19.58216754461637,0 80.35433909118433,19.5817498108341,0 80.35427693142969,19.58152244756167,0 80.35395013804421,19.58123436269406,0 80.35374933208621,19.58098259303172,0 80.35349764581053,19.58083823377117,0 80.35328251043452,19.58101678415274,0 80.35263695818144,19.58158829746019,0 80.35195279726481,19.58235094592014,0 80.35156346774717,19.58193112963179,0 80.35132473008684,19.58170313052529,0 80.35142582536832,19.5816556750044,0 80.35164125061247,19.58140539933665,0 80.35198318709524,19.58105993977934,0 80.35227471827014,19.58070234374797,0 80.35259166496496,19.58029701932616,0 80.35294611444179,19.57997551225487,0 80.35321222499709,19.57966564247958,0 80.35313850459063,19.579175232278,0 80.35291290645809,19.5788157798225,0 80.35252081223115,19.5790893327058,0 80.35202714502424,19.57952988669313,0 80.3515589400309,19.57991075691225,0 80.35136979522201,19.57989812207749,0 80.35121901547542,19.57975412254189,0 80.35108094456332,19.57958625906019,0 80.35089184807292,19.57956166913552,0 80.35065182134349,19.57965644339617,0 80.35033592565253,19.57979876317326,0 80.35010831932134,19.57994140050731,0 80.34984311386334,19.58002412817173,0 80.34970475633499,19.57992799125679,0 80.34974326647691,19.57976076331146,0 80.34985750138975,19.57958185353441,0 80.35003460825068,19.57945098931689,0 80.35013613394278,19.57929594309112,0 80.35027568950743,19.5790932146982,0 80.35022586155196,19.57893762318058,0 80.35008721702565,19.57891321416217,0 80.34983462602634,19.57899598731411,0 80.34954390854213,19.57915035124881,0 80.349227676875,19.57937635126864,0 80.34900136692586,19.57919621311234,0 80.34901455600341,19.57905280347738,0 80.34905335474208,19.57881384809803,0 80.34924326613692,19.57863521176621,0 80.34963555645351,19.57831384772608,0 80.35029271174488,19.57799343692971,0 80.35091159555942,19.57778047893254,0 80.35148112743676,19.57729238149848,0 80.35193652102043,19.57695928427592,0 80.35234174901848,19.57655427707913,0 80.35246763605576,19.57661450287521,0 80.35292059152964,19.57689108807479,0 80.35370047594897,19.57741989412246,0 80.35401483932677,19.57766011572653,0 80.35420317197314,19.57787597609686,0 80.35430269219896,19.57822302098648,0 80.35428755487918,19.57885657014104,0 80.35433552908815,19.57947839038577,0 80.35437079545987,19.5801240746551,0 80.35445751387402,19.58051889270457,0 80.35462019595576,19.58084225386325,0 80.35475731952612,19.58124920689032,0 80.35497002650447,19.58168033969016,0 80.3550448003014,19.58190774785259,0 80.3550942054942,19.58217092960572,0 80.35508102144226,19.58231433978237,0 80.35484046921771,19.58254062020427,0 80.35475160649142,19.58268375961396,0 80.35454870200626,19.58295799339926,0 80.35449739230225,19.5831729957036,0 80.35435783823999,19.58337572732266,0 80.35418063503498,19.58353050491156,0 80.35402913444611,19.58356582665063,0 80.35377701480623,19.58352905911564,0 80.35348729443791,19.5834323825837,0 80.35332394416947,19.58327638490002,0 
							</coordinates>
						</LinearRing>
					</outerBoundaryIs>
				</Polygon>
			</MultiGeometry>
		</Placemark>
		<Placemark id="ID_00004">
			<name>5</name>
			<Snippet maxLines="0"></Snippet>
			<description><![CDATA[<html xmlns:fo="http://www.w3.org/1999/XSL/Format" xmlns:msxsl="urn:schemas-microsoft-com:xslt">

<head>

<META http-equiv="Content-Type" content="text/html">

<meta http-equiv="content-type" content="text/html; charset=UTF-8">

</head>

<body style="margin:0px 0px 0px 0px;overflow:auto;background:#FFFFFF;">

<table style="font-family:Arial,Verdana,Times;font-size:12px;text-align:left;width:100%;border-collapse:collapse;padding:3px 3px 3px 3px">

<tr style="text-align:center;font-weight:bold;background:#9CBCE2">

<td>5</td>

</tr>

<tr>

<td>

<table style="font-family:Arial,Verdana,Times;font-size:12px;text-align:left;width:100%;border-spacing:0px; padding:3px 3px 3px 3px">

<tr>

<td>FID</td>

<td>4</td>

</tr>

<tr bgcolor="#D4E4F3">

<td>Id</td>

<td>5</td>

</tr>

<tr>

<td>Area_Ha</td>

<td>10.314</td>

</tr>

</table>

</td>

</tr>

</table>

</body>

</html>]]></description>
			<styleUrl>#PolyStyle0031</styleUrl>
			<MultiGeometry>
				<Polygon>
					<outerBoundaryIs>
						<LinearRing>
							<coordinates>
								80.37415146542016,19.5836025874334,0 80.37403141348398,19.58333438306049,0 80.37395172399836,19.58306631872192,0 80.37387270004383,19.58262610739422,0 80.37389435934786,19.58224362865525,0 80.37425783771081,19.582187506989,0 80.37470196569822,19.58215079190912,0 80.37506477962897,19.58226681560393,0 80.37550839163657,19.58236399066102,0 80.37585102570075,19.58247994292214,0 80.37623446408024,19.58248126945188,0 80.37655772759125,19.58238674864903,0 80.37686073622848,19.58231128498237,0 80.37726501689166,19.58214053196157,0 80.37776983399067,19.58206576342271,0 80.37833482645893,19.58208683943009,0 80.37861699265952,19.58218345033162,0 80.3791204900096,19.58245297226348,0 80.37944257975339,19.58266448559989,0 80.37986513622262,19.58299111012616,0 80.38016675423837,19.58327906266313,0 80.3806897806966,19.58372079686087,0 80.38111226938909,19.58406654603347,0 80.38131269332992,19.58443066027508,0 80.38131188979062,19.5846410623628,0 80.38108945751644,19.5847550654082,0 80.38056496393853,19.58469588149662,0 80.38016229014745,19.58444583770991,0 80.37994139479501,19.58415816270868,0 80.37951905496743,19.58377415594299,0 80.3791572604221,19.58339035665271,0 80.37891604056573,19.58314086589199,0 80.3785336276225,19.58287176064106,0 80.37808993876943,19.58279372039741,0 80.3776861715619,19.5828305830646,0 80.37738272124872,19.58302081280709,0 80.37724013053527,19.583364619177,0 80.37715793549873,19.58374688940321,0 80.37727814000607,19.5839768369353,0 80.37743878072743,19.58418779628028,0 80.37776065116034,19.58445669496373,0 80.37804245389917,19.58464894409467,0 80.37816273373258,19.58485976361677,0 80.37814181821065,19.5850509685285,0 80.3779395645618,19.58516503719747,0 80.37759648232071,19.58516385342864,0 80.37729405682035,19.58508629859814,0 80.37699222010973,19.58485572369999,0 80.37681169242919,19.5845681844489,0 80.37643053142639,19.58397390820609,0 80.37616957583271,19.58360957942527,0 80.37574643589294,19.58343596598029,0 80.37548474538309,19.58326291069608,0 80.37518232452315,19.58318535243319,0 80.37461666443211,19.58333641342561,0 80.37415146542016,19.5836025874334,0 
							</coordinates>
						</LinearRing>
					</outerBoundaryIs>
				</Polygon>
			</MultiGeometry>
		</Placemark>
		<Placemark id="ID_00005">
			<name>5</name>
			<Snippet maxLines="0"></Snippet>
			<description><![CDATA[<html xmlns:fo="http://www.w3.org/1999/XSL/Format" xmlns:msxsl="urn:schemas-microsoft-com:xslt">

<head>

<META http-equiv="Content-Type" content="text/html">

<meta http-equiv="content-type" content="text/html; charset=UTF-8">

</head>

<body style="margin:0px 0px 0px 0px;overflow:auto;background:#FFFFFF;">

<table style="font-family:Arial,Verdana,Times;font-size:12px;text-align:left;width:100%;border-collapse:collapse;padding:3px 3px 3px 3px">

<tr style="text-align:center;font-weight:bold;background:#9CBCE2">

<td>5</td>

</tr>

<tr>

<td>

<table style="font-family:Arial,Verdana,Times;font-size:12px;text-align:left;width:100%;border-spacing:0px; padding:3px 3px 3px 3px">

<tr>

<td>FID</td>

<td>5</td>

</tr>

<tr bgcolor="#D4E4F3">

<td>Id</td>

<td>5</td>

</tr>

<tr>

<td>Area_Ha</td>

<td>21.695</td>

</tr>

</table>

</td>

</tr>

</table>

</body>

</html>]]></description>
			<styleUrl>#PolyStyle0031</styleUrl>
			<MultiGeometry>
				<Polygon>
					<outerBoundaryIs>
						<LinearRing>
							<coordinates>
								80.3822720663028,19.5862622396506,0 80.38246943714692,19.58610511201991,0 80.38290832891308,19.58612096023855,0 80.38293810925406,19.58625017421632,0 80.38305843310944,19.58645142690957,0 80.38328503792076,19.5865669683246,0 80.38383032055251,19.5864684118595,0 80.38425451366776,19.58636944029708,0 80.38464810710396,19.58635643804196,0 80.38481422296648,19.58645742534637,0 80.38496449480066,19.58674485372284,0 80.38523634659228,19.58690358441152,0 80.38555311769576,19.5871915798754,0 80.38596103355562,19.58739381045785,0 80.38636878740959,19.58763907695749,0 80.38670140440402,19.58774062910391,0 80.38694304139079,19.58788490871957,0 80.38704823517556,19.58808610741869,0 80.38704704079507,19.58840171076202,0 80.38695459395498,19.58883177018248,0 80.3868318194986,19.5892760721794,0 80.38678510672081,19.58962021224292,0 80.38649664519252,19.58984876354516,0 80.38629992578623,19.58983374827971,0 80.38602774176333,19.58976109269308,0 80.38584675736217,19.58958832686807,0 80.38557413857635,19.58963043541543,0 80.38517923014489,19.58998773384925,0 80.38464803709705,19.59035891205816,0 80.38407186856462,19.59061516873912,0 80.38373760979773,19.59094397946737,0 80.38341750306193,19.59153106194453,0 80.38308307709978,19.59190290810896,0 80.38280859477874,19.5924327623601,0 80.38270148960721,19.59273365693097,0 80.38251880978143,19.59300560102828,0 80.38238252451679,19.5930194799468,0 80.38218591125435,19.59297576893145,0 80.3820806658599,19.59278891316714,0 80.38208159649538,19.59254503820419,0 80.38215842936133,19.59224404027669,0 80.38222007056935,19.59195733601823,0 80.38216067346147,19.59165587119296,0 80.3821161941854,19.59141184057341,0 80.382389473267,19.59119759030001,0 80.38248116786691,19.5909683719578,0 80.3827550471695,19.59059631958569,0 80.38274127761764,19.59023762797921,0 80.38263614262877,19.59002208133026,0 80.38242510761744,19.58979182613999,0 80.38213767970142,19.58974780406476,0 80.38191139986453,19.58954618760649,0 80.38189796069521,19.58910142240043,0 80.38202189789476,19.58835586667576,0 80.38211523305674,19.58769628060799,0 80.38213250348173,19.5871368542871,0 80.3822720663028,19.5862622396506,0 
							</coordinates>
						</LinearRing>
					</outerBoundaryIs>
				</Polygon>
			</MultiGeometry>
		</Placemark>
		<Placemark id="ID_00006">
			<name>5</name>
			<Snippet maxLines="0"></Snippet>
			<description><![CDATA[<html xmlns:fo="http://www.w3.org/1999/XSL/Format" xmlns:msxsl="urn:schemas-microsoft-com:xslt">

<head>

<META http-equiv="Content-Type" content="text/html">

<meta http-equiv="content-type" content="text/html; charset=UTF-8">

</head>

<body style="margin:0px 0px 0px 0px;overflow:auto;background:#FFFFFF;">

<table style="font-family:Arial,Verdana,Times;font-size:12px;text-align:left;width:100%;border-collapse:collapse;padding:3px 3px 3px 3px">

<tr style="text-align:center;font-weight:bold;background:#9CBCE2">

<td>5</td>

</tr>

<tr>

<td>

<table style="font-family:Arial,Verdana,Times;font-size:12px;text-align:left;width:100%;border-spacing:0px; padding:3px 3px 3px 3px">

<tr>

<td>FID</td>

<td>6</td>

</tr>

<tr bgcolor="#D4E4F3">

<td>Id</td>

<td>5</td>

</tr>

<tr>

<td>Area_Ha</td>

<td>5.62</td>

</tr>

</table>

</td>

</tr>

</table>

</body>

</html>]]></description>
			<styleUrl>#PolyStyle0031</styleUrl>
			<MultiGeometry>
				<Polygon>
					<outerBoundaryIs>
						<LinearRing>
							<coordinates>
								80.38193967623113,19.59815545535998,0 80.3819898572623,19.59807292573192,0 80.38244512254695,19.59777322511353,0 80.3826726177992,19.59765923830159,0 80.3832335673645,19.59743162639906,0 80.38362751545525,19.59733255362413,0 80.38390113040903,19.5970322279125,0 80.38421988275509,19.59680378481895,0 80.38479607338645,19.59654752843021,0 80.38541778228316,19.59626273380332,0 80.38594817725202,19.59610673791243,0 80.38659901511971,19.59612329967448,0 80.38694694954941,19.59618186647832,0 80.38699176315254,19.59633982244978,0 80.38696083718179,19.59651186660835,0 80.38688439122816,19.59671244748064,0 80.38664165433198,19.59685507941153,0 80.38642973494635,19.5968543581498,0 80.38618721502112,19.59693960708828,0 80.38603508227919,19.59713992980023,0 80.38585251160245,19.59738318598358,0 80.3855634356934,19.59776953665087,0 80.38521538948784,19.59773965828084,0 80.38489778130578,19.59766684580427,0 80.38447383146503,19.59769409004288,0 80.38411021188834,19.59777892252259,0 80.38342772754943,19.59812088757479,0 80.38303284792379,19.5984638347025,0 80.38242631850416,19.59873432698201,0 80.38206094023482,19.5988623544374,0 80.38205056159096,19.59877107395366,0 80.3819783770213,19.59828750944311,0 80.38193967623113,19.59815545535998,0 
							</coordinates>
						</LinearRing>
					</outerBoundaryIs>
				</Polygon>
			</MultiGeometry>
		</Placemark>
		<Placemark id="ID_00007">
			<name>5</name>
			<Snippet maxLines="0"></Snippet>
			<description><![CDATA[<html xmlns:fo="http://www.w3.org/1999/XSL/Format" xmlns:msxsl="urn:schemas-microsoft-com:xslt">

<head>

<META http-equiv="Content-Type" content="text/html">

<meta http-equiv="content-type" content="text/html; charset=UTF-8">

</head>

<body style="margin:0px 0px 0px 0px;overflow:auto;background:#FFFFFF;">

<table style="font-family:Arial,Verdana,Times;font-size:12px;text-align:left;width:100%;border-collapse:collapse;padding:3px 3px 3px 3px">

<tr style="text-align:center;font-weight:bold;background:#9CBCE2">

<td>5</td>

</tr>

<tr>

<td>

<table style="font-family:Arial,Verdana,Times;font-size:12px;text-align:left;width:100%;border-spacing:0px; padding:3px 3px 3px 3px">

<tr>

<td>FID</td>

<td>7</td>

</tr>

<tr bgcolor="#D4E4F3">

<td>Id</td>

<td>5</td>

</tr>

<tr>

<td>Area_Ha</td>

<td>7.488</td>

</tr>

</table>

</td>

</tr>

</table>

</body>

</html>]]></description>
			<styleUrl>#PolyStyle0031</styleUrl>
			<MultiGeometry>
				<Polygon>
					<outerBoundaryIs>
						<LinearRing>
							<coordinates>
								80.38733065316167,19.59208816749562,0 80.38719550902424,19.59180079246414,0 80.38707637070696,19.59128393917049,0 80.38707751092484,19.5909826815285,0 80.38707903118252,19.59058100465675,0 80.38720131752234,19.59026581299814,0 80.38739939417779,19.58992218718313,0 80.38767298937091,19.58962185497313,0 80.38843105667229,19.58929447464387,0 80.38926485692681,19.58895300178597,0 80.390022972067,19.58861126895463,0 80.39062901934801,19.58845551437352,0 80.39105364551297,19.58824176192898,0 80.39169007085738,19.58805741470535,0 80.3918405719279,19.58828745519221,0 80.39200583279229,19.58861796593328,0 80.39186831294235,19.58896180137886,0 80.39135265186331,19.58923263162258,0 80.39098840727695,19.58948962604939,0 80.39069968186215,19.58978991231565,0 80.39038154641777,19.58986056592224,0 80.38991231630251,19.58985897878697,0 80.38935226751516,19.58985708286588,0 80.38900347965053,19.59002805075251,0 80.38869966731524,19.59031393676984,0 80.38832006294156,19.59062825669986,0 80.38801548930063,19.5911149799498,0 80.38789325806272,19.59141582655287,0 80.38781600236283,19.59183159207507,0 80.38786049036747,19.59207562151267,0 80.38779923868674,19.59226190875069,0 80.38755737746243,19.59217501256206,0 80.38733065316167,19.59208816749562,0 
							</coordinates>
						</LinearRing>
					</outerBoundaryIs>
				</Polygon>
			</MultiGeometry>
		</Placemark>
		<Placemark id="ID_00008">
			<name>5</name>
			<Snippet maxLines="0"></Snippet>
			<description><![CDATA[<html xmlns:fo="http://www.w3.org/1999/XSL/Format" xmlns:msxsl="urn:schemas-microsoft-com:xslt">

<head>

<META http-equiv="Content-Type" content="text/html">

<meta http-equiv="content-type" content="text/html; charset=UTF-8">

</head>

<body style="margin:0px 0px 0px 0px;overflow:auto;background:#FFFFFF;">

<table style="font-family:Arial,Verdana,Times;font-size:12px;text-align:left;width:100%;border-collapse:collapse;padding:3px 3px 3px 3px">

<tr style="text-align:center;font-weight:bold;background:#9CBCE2">

<td>5</td>

</tr>

<tr>

<td>

<table style="font-family:Arial,Verdana,Times;font-size:12px;text-align:left;width:100%;border-spacing:0px; padding:3px 3px 3px 3px">

<tr>

<td>FID</td>

<td>8</td>

</tr>

<tr bgcolor="#D4E4F3">

<td>Id</td>

<td>5</td>

</tr>

<tr>

<td>Area_Ha</td>

<td>5.343</td>

</tr>

</table>

</td>

</tr>

</table>

</body>

</html>]]></description>
			<styleUrl>#PolyStyle0031</styleUrl>
			<MultiGeometry>
				<Polygon>
					<outerBoundaryIs>
						<LinearRing>
							<coordinates>
								80.39138600680842,19.5840482309199,0 80.3925851042615,19.58450177555266,0 80.39252448869058,19.58452069912586,0 80.39225150317935,19.58466323745288,0 80.3919481375283,19.58483436453611,0 80.39154379269789,19.58502427815843,0 80.391038647969,19.5851851588858,0 80.39059332684501,19.58553751771471,0 80.39026956044812,19.58576595614238,0 80.38985490453902,19.58601321419514,0 80.38947041147615,19.58628926497978,0 80.38905560875291,19.58657477608401,0 80.38860101903869,19.58670712946413,0 80.38839909529354,19.58673513631275,0 80.38821760588124,19.58669626521424,0 80.38809705857138,19.58655239823908,0 80.38804729125508,19.58637051594063,0 80.38800747025188,19.58622692283983,0 80.38784670511447,19.58604466375264,0 80.38780713736823,19.58583412441844,0 80.38793936459875,19.58555722118331,0 80.38816150444893,19.58551971953862,0 80.38858556638311,19.58545421074021,0 80.38885873671065,19.58526385937741,0 80.38917230514414,19.58506408055314,0 80.38950594600423,19.58489306071537,0 80.38981929680567,19.58475066319496,0 80.39019293892413,19.58467541607653,0 80.39071830006324,19.58450504212408,0 80.39110199593721,19.58443939093314,0 80.39141563194933,19.58422048057329,0 80.39138600680842,19.5840482309199,0 
							</coordinates>
						</LinearRing>
					</outerBoundaryIs>
				</Polygon>
			</MultiGeometry>
		</Placemark>
		<Placemark id="ID_00009">
			<name>5</name>
			<Snippet maxLines="0"></Snippet>
			<description><![CDATA[<html xmlns:fo="http://www.w3.org/1999/XSL/Format" xmlns:msxsl="urn:schemas-microsoft-com:xslt">

<head>

<META http-equiv="Content-Type" content="text/html">

<meta http-equiv="content-type" content="text/html; charset=UTF-8">

</head>

<body style="margin:0px 0px 0px 0px;overflow:auto;background:#FFFFFF;">

<table style="font-family:Arial,Verdana,Times;font-size:12px;text-align:left;width:100%;border-collapse:collapse;padding:3px 3px 3px 3px">

<tr style="text-align:center;font-weight:bold;background:#9CBCE2">

<td>5</td>

</tr>

<tr>

<td>

<table style="font-family:Arial,Verdana,Times;font-size:12px;text-align:left;width:100%;border-spacing:0px; padding:3px 3px 3px 3px">

<tr>

<td>FID</td>

<td>9</td>

</tr>

<tr bgcolor="#D4E4F3">

<td>Id</td>

<td>5</td>

</tr>

<tr>

<td>Area_Ha</td>

<td>2.247</td>

</tr>

</table>

</td>

</tr>

</table>

</body>

</html>]]></description>
			<styleUrl>#PolyStyle0031</styleUrl>
			<MultiGeometry>
				<Polygon>
					<outerBoundaryIs>
						<LinearRing>
							<coordinates>
								80.3951846450082,19.59040472721144,0 80.39490117026267,19.5903141147803,0 80.39455453770346,19.59024719950779,0 80.39435303060637,19.59016283887609,0 80.39437253239892,19.59000749151412,0 80.39445525920691,19.5898105145723,0 80.39460136713981,19.58953006654768,0 80.39480991753624,19.58941719571201,0 80.39508773126521,19.58933444411053,0 80.39533380968072,19.58930538242474,0 80.39561160066641,19.58922860734766,0 80.39591432891032,19.58922962184548,0 80.39600231256863,19.58931360047972,0 80.39607126433579,19.58942740242601,0 80.39611481049144,19.5895889386175,0 80.39618973502806,19.58979242182207,0 80.39620794249684,19.58998376022928,0 80.39619450419472,19.59020487975301,0 80.39616842978904,19.59043193436968,0 80.39612998668656,19.59059319593696,0 80.39597213603476,19.59064048652477,0 80.39578272851665,19.59069364863763,0 80.39560007394179,19.59062728481149,0 80.39536067982974,19.59055475311155,0 80.3951846450082,19.59040472721144,0 
							</coordinates>
						</LinearRing>
					</outerBoundaryIs>
				</Polygon>
			</MultiGeometry>
		</Placemark>
		<Placemark id="ID_00010">
			<name>5</name>
			<Snippet maxLines="0"></Snippet>
			<description><![CDATA[<html xmlns:fo="http://www.w3.org/1999/XSL/Format" xmlns:msxsl="urn:schemas-microsoft-com:xslt">

<head>

<META http-equiv="Content-Type" content="text/html">

<meta http-equiv="content-type" content="text/html; charset=UTF-8">

</head>

<body style="margin:0px 0px 0px 0px;overflow:auto;background:#FFFFFF;">

<table style="font-family:Arial,Verdana,Times;font-size:12px;text-align:left;width:100%;border-collapse:collapse;padding:3px 3px 3px 3px">

<tr style="text-align:center;font-weight:bold;background:#9CBCE2">

<td>5</td>

</tr>

<tr>

<td>

<table style="font-family:Arial,Verdana,Times;font-size:12px;text-align:left;width:100%;border-spacing:0px; padding:3px 3px 3px 3px">

<tr>

<td>FID</td>

<td>10</td>

</tr>

<tr bgcolor="#D4E4F3">

<td>Id</td>

<td>5</td>

</tr>

<tr>

<td>Area_Ha</td>

<td>1.396</td>

</tr>

</table>

</td>

</tr>

</table>

</body>

</html>]]></description>
			<styleUrl>#PolyStyle0031</styleUrl>
			<MultiGeometry>
				<Polygon>
					<outerBoundaryIs>
						<LinearRing>
							<coordinates>
								80.39550704822163,19.59358340374958,0 80.39546236083024,19.59338958559307,0 80.39551638395005,19.59311002363342,0 80.39575132515697,19.5930247364541,0 80.39593318043184,19.59296796269525,0 80.39611506233439,19.59290401593746,0 80.39630445898982,19.5928544399602,0 80.39647863858393,19.59282633154429,0 80.39660032061882,19.59266893501978,0 80.39692634816188,19.59251222209737,0 80.39706974641254,19.59262029527409,0 80.39709197079041,19.59274948184456,0 80.39709111616516,19.59297901186049,0 80.39708255959412,19.59324438062221,0 80.39705169840357,19.5934020812483,0 80.39704346224869,19.5935813762455,0 80.39678618971494,19.59356616975878,0 80.39643793590923,19.59359369572485,0 80.39606708378356,19.59359245370669,0 80.39550704822163,19.59358340374958,0 
							</coordinates>
						</LinearRing>
					</outerBoundaryIs>
				</Polygon>
			</MultiGeometry>
		</Placemark>
		<Placemark id="ID_00011">
			<name>5</name>
			<Snippet maxLines="0"></Snippet>
			<description><![CDATA[<html xmlns:fo="http://www.w3.org/1999/XSL/Format" xmlns:msxsl="urn:schemas-microsoft-com:xslt">

<head>

<META http-equiv="Content-Type" content="text/html">

<meta http-equiv="content-type" content="text/html; charset=UTF-8">

</head>

<body style="margin:0px 0px 0px 0px;overflow:auto;background:#FFFFFF;">

<table style="font-family:Arial,Verdana,Times;font-size:12px;text-align:left;width:100%;border-collapse:collapse;padding:3px 3px 3px 3px">

<tr style="text-align:center;font-weight:bold;background:#9CBCE2">

<td>5</td>

</tr>

<tr>

<td>

<table style="font-family:Arial,Verdana,Times;font-size:12px;text-align:left;width:100%;border-spacing:0px; padding:3px 3px 3px 3px">

<tr>

<td>FID</td>

<td>19</td>

</tr>

<tr bgcolor="#D4E4F3">

<td>Id</td>

<td>5</td>

</tr>

<tr>

<td>Area_Ha</td>

<td>12.424</td>

</tr>

</table>

</td>

</tr>

</table>

</body>

</html>]]></description>
			<styleUrl>#PolyStyle0031</styleUrl>
			<MultiGeometry>
				<Polygon>
					<outerBoundaryIs>
						<LinearRing>
							<coordinates>
								80.41060215083941,19.5952711753886,0 80.410473457469,19.59537365672099,0 80.41036640112038,19.59567456894304,0 80.41007707209315,19.59614703455704,0 80.40998457648126,19.59660579822824,0 80.41001328234324,19.59703626693054,0 80.41004266796187,19.59728024212592,0 80.41016287702276,19.59752451455222,0 80.41028329547603,19.59771140428993,0 80.41046426325623,19.59789849200781,0 80.4106912177631,19.5979279258486,0 80.41091822456444,19.59794301375156,0 80.4110991411598,19.59814444650712,0 80.41109846270746,19.59833094001074,0 80.4108862271884,19.59841632137249,0 80.41082526022899,19.59853088867629,0 80.41073396629155,19.59865970262894,0 80.41065765286605,19.59883160298432,0 80.41049082854101,19.59891713234097,0 80.4103544355455,19.59895972363465,0 80.41014266930509,19.59891599322851,0 80.40994640658607,19.59877189258309,0 80.40981100736018,19.59854191611322,0 80.40970583079988,19.59832638435173,0 80.40960096843853,19.59802477862789,0 80.40943519113388,19.59782339401628,0 80.40926936188986,19.59763635490871,0 80.40905801664026,19.59747785807422,0 80.40878601820675,19.59734785370403,0 80.40848337890739,19.59731816912471,0 80.40834787808981,19.59711688290215,0 80.40836338226796,19.59701651304692,0 80.40848537074864,19.59677303445358,0 80.40866754058037,19.59663017396223,0 80.40884986724069,19.59644427632277,0 80.40901689927304,19.59630136581105,0 80.40906283423605,19.59615805817327,0 80.40903334552351,19.59594277413654,0 80.40895828859914,19.59577037815633,0 80.40877690581603,19.59569805420746,0 80.40851947110305,19.59572590130835,0 80.40820106857841,19.59586831446671,0 80.40798820540142,19.59612584027861,0 80.40777597127268,19.59621121803116,0 80.40759432609804,19.59621062113842,0 80.4074887864361,19.59609550768189,0 80.40750492103336,19.59582299011856,0 80.4076120352473,19.59550773409261,0 80.40776414023283,19.59530739238442,0 80.40799234945329,19.59499253390353,0 80.40838711671425,19.5946638759861,0 80.40876643114775,19.59442124143072,0 80.40905513241817,19.59412092571594,0 80.4092683575726,19.59376297887948,0 80.40939365420421,19.59352101713828,0 80.40966159751156,19.59390917155025,0 80.41018011083132,19.59465979172714,0 80.41018857593131,19.59467205040472,0 80.41060215083941,19.5952711753886,0 
							</coordinates>
						</LinearRing>
					</outerBoundaryIs>
				</Polygon>
			</MultiGeometry>
		</Placemark>
		<Placemark id="ID_00012">
			<name>5</name>
			<Snippet maxLines="0"></Snippet>
			<description><![CDATA[<html xmlns:fo="http://www.w3.org/1999/XSL/Format" xmlns:msxsl="urn:schemas-microsoft-com:xslt">

<head>

<META http-equiv="Content-Type" content="text/html">

<meta http-equiv="content-type" content="text/html; charset=UTF-8">

</head>

<body style="margin:0px 0px 0px 0px;overflow:auto;background:#FFFFFF;">

<table style="font-family:Arial,Verdana,Times;font-size:12px;text-align:left;width:100%;border-collapse:collapse;padding:3px 3px 3px 3px">

<tr style="text-align:center;font-weight:bold;background:#9CBCE2">

<td>5</td>

</tr>

<tr>

<td>

<table style="font-family:Arial,Verdana,Times;font-size:12px;text-align:left;width:100%;border-spacing:0px; padding:3px 3px 3px 3px">

<tr>

<td>FID</td>

<td>30</td>

</tr>

<tr bgcolor="#D4E4F3">

<td>Id</td>

<td>5</td>

</tr>

<tr>

<td>Area_Ha</td>

<td>1.105</td>

</tr>

</table>

</td>

</tr>

</table>

</body>

</html>]]></description>
			<styleUrl>#PolyStyle0031</styleUrl>
			<MultiGeometry>
				<Polygon>
					<outerBoundaryIs>
						<LinearRing>
							<coordinates>
								80.39105858377728,19.60176457472801,0 80.39228009443688,19.60233057457145,0 80.39222869289576,19.60258145235956,0 80.39215233113354,19.60276051703495,0 80.39202537551976,19.60297527542526,0 80.39191188778859,19.60296293767873,0 80.39159687889125,19.6028662358819,0 80.3913956726184,19.60269818904383,0 80.39110616384876,19.60252984364118,0 80.39090500350169,19.60234984161175,0 80.39093122265233,19.60208692431596,0 80.39105858377728,19.60176457472801,0 
							</coordinates>
						</LinearRing>
					</outerBoundaryIs>
				</Polygon>
			</MultiGeometry>
		</Placemark>
		<Placemark id="ID_00013">
			<name>5</name>
			<Snippet maxLines="0"></Snippet>
			<description><![CDATA[<html xmlns:fo="http://www.w3.org/1999/XSL/Format" xmlns:msxsl="urn:schemas-microsoft-com:xslt">

<head>

<META http-equiv="Content-Type" content="text/html">

<meta http-equiv="content-type" content="text/html; charset=UTF-8">

</head>

<body style="margin:0px 0px 0px 0px;overflow:auto;background:#FFFFFF;">

<table style="font-family:Arial,Verdana,Times;font-size:12px;text-align:left;width:100%;border-collapse:collapse;padding:3px 3px 3px 3px">

<tr style="text-align:center;font-weight:bold;background:#9CBCE2">

<td>5</td>

</tr>

<tr>

<td>

<table style="font-family:Arial,Verdana,Times;font-size:12px;text-align:left;width:100%;border-spacing:0px; padding:3px 3px 3px 3px">

<tr>

<td>FID</td>

<td>31</td>

</tr>

<tr bgcolor="#D4E4F3">

<td>Id</td>

<td>5</td>

</tr>

<tr>

<td>Area_Ha</td>

<td>6.546</td>

</tr>

</table>

</td>

</tr>

</table>

</body>

</html>]]></description>
			<styleUrl>#PolyStyle0031</styleUrl>
			<MultiGeometry>
				<Polygon>
					<outerBoundaryIs>
						<LinearRing>
							<coordinates>
								80.39417636512174,19.60462032984763,0 80.39542711349274,19.60412242835692,0 80.39636208304495,19.60373105381565,0 80.39686734371863,19.60355342335783,0 80.39708183978499,19.60354218634809,0 80.39744780239121,19.60350754598442,0 80.39767415675387,19.60369957992948,0 80.39764821517728,19.60389077039515,0 80.39744562128499,19.60409332504092,0 80.39715414394617,19.60445099478306,0 80.39679985821861,19.60473672483304,0 80.39649576336751,19.60509435118469,0 80.39628015016824,19.60540445419207,0 80.39603872613206,19.60586988303503,0 80.3956963805993,19.60633497303563,0 80.39529100253225,19.60678789595402,0 80.39491237240094,19.60683444401363,0 80.39478675853009,19.60669056432457,0 80.39463649627959,19.60639118913913,0 80.39461265281577,19.606020509747,0 80.39455069618988,19.60572143116912,0 80.39446355464287,19.60541031311158,0 80.39426270022115,19.60514663203198,0 80.3940486495944,19.605038318968,0 80.39397372128707,19.60483483509899,0 80.39417636512174,19.60462032984763,0 
							</coordinates>
						</LinearRing>
					</outerBoundaryIs>
				</Polygon>
			</MultiGeometry>
		</Placemark>
		<Placemark id="ID_00014">
			<name>5</name>
			<Snippet maxLines="0"></Snippet>
			<description><![CDATA[<html xmlns:fo="http://www.w3.org/1999/XSL/Format" xmlns:msxsl="urn:schemas-microsoft-com:xslt">

<head>

<META http-equiv="Content-Type" content="text/html">

<meta http-equiv="content-type" content="text/html; charset=UTF-8">

</head>

<body style="margin:0px 0px 0px 0px;overflow:auto;background:#FFFFFF;">

<table style="font-family:Arial,Verdana,Times;font-size:12px;text-align:left;width:100%;border-collapse:collapse;padding:3px 3px 3px 3px">

<tr style="text-align:center;font-weight:bold;background:#9CBCE2">

<td>5</td>

</tr>

<tr>

<td>

<table style="font-family:Arial,Verdana,Times;font-size:12px;text-align:left;width:100%;border-spacing:0px; padding:3px 3px 3px 3px">

<tr>

<td>FID</td>

<td>32</td>

</tr>

<tr bgcolor="#D4E4F3">

<td>Id</td>

<td>5</td>

</tr>

<tr>

<td>Area_Ha</td>

<td>9.065</td>

</tr>

</table>

</td>

</tr>

</table>

</body>

</html>]]></description>
			<styleUrl>#PolyStyle0031</styleUrl>
			<MultiGeometry>
				<Polygon>
					<outerBoundaryIs>
						<LinearRing>
							<coordinates>
								80.40098427711412,19.60712013086955,0 80.40064114686648,19.60711898971578,0 80.40019766325234,19.60696449210093,0 80.39997641830188,19.60675335051822,0 80.40014008924349,19.60616093621876,0 80.40044384164558,19.6058941591547,0 80.40111047932207,19.60574335443143,0 80.40167570100834,19.60572610454203,0 80.40228100792528,19.6057854967649,0 80.40264340144212,19.60603535905114,0 80.40330947361068,19.60603756611617,0 80.40395557323754,19.60598232145655,0 80.40458134772314,19.60596526276831,0 80.40461946351981,19.60657747614369,0 80.40461812623143,19.60694089861111,0 80.40465722763314,19.60728532696427,0 80.40493790656252,19.60780270293325,0 80.40549997257219,19.60864617864013,0 80.40574091999805,19.60899127271708,0 80.40535748702391,19.60897087977952,0 80.40493474073223,19.60866344026521,0 80.40479471700688,19.60831867860611,0 80.40471482435639,19.60808888190332,0 80.40467494849473,19.60795485604274,0 80.40429187030695,19.60783882342807,0 80.40404965949546,19.60783802239387,0 80.40298053045076,19.60766233318404,0 80.40233498912376,19.60756455424422,0 80.40098427711412,19.60712013086955,0 
							</coordinates>
						</LinearRing>
					</outerBoundaryIs>
				</Polygon>
			</MultiGeometry>
		</Placemark>
		<Placemark id="ID_00015">
			<name>5</name>
			<Snippet maxLines="0"></Snippet>
			<description><![CDATA[<html xmlns:fo="http://www.w3.org/1999/XSL/Format" xmlns:msxsl="urn:schemas-microsoft-com:xslt">

<head>

<META http-equiv="Content-Type" content="text/html">

<meta http-equiv="content-type" content="text/html; charset=UTF-8">

</head>

<body style="margin:0px 0px 0px 0px;overflow:auto;background:#FFFFFF;">

<table style="font-family:Arial,Verdana,Times;font-size:12px;text-align:left;width:100%;border-collapse:collapse;padding:3px 3px 3px 3px">

<tr style="text-align:center;font-weight:bold;background:#9CBCE2">

<td>5</td>

</tr>

<tr>

<td>

<table style="font-family:Arial,Verdana,Times;font-size:12px;text-align:left;width:100%;border-spacing:0px; padding:3px 3px 3px 3px">

<tr>

<td>FID</td>

<td>33</td>

</tr>

<tr bgcolor="#D4E4F3">

<td>Id</td>

<td>5</td>

</tr>

<tr>

<td>Area_Ha</td>

<td>2.964</td>

</tr>

</table>

</td>

</tr>

</table>

</body>

</html>]]></description>
			<styleUrl>#PolyStyle0031</styleUrl>
			<MultiGeometry>
				<Polygon>
					<outerBoundaryIs>
						<LinearRing>
							<coordinates>
								80.40900067332497,19.60624616666141,0 80.40932009087329,19.60583118565896,0 80.40960949254685,19.60534437663303,0 80.40983718976102,19.60517297283793,0 80.4100798675269,19.60504465522328,0 80.4103070933261,19.60500236157697,0 80.41045805448032,19.6051176220681,0 80.41051771780964,19.60536169608228,0 80.41048634434614,19.60566285548941,0 80.41012130679991,19.60613507253446,0 80.40980246624345,19.6063922529669,0 80.40955936742323,19.60663533522561,0 80.40933130123096,19.60690715803168,0 80.40917850582764,19.60729399382676,0 80.4090410574378,19.60762349657721,0 80.40882833681729,19.60783798578101,0 80.40857056809473,19.60795190620889,0 80.40837377151881,19.6079512600634,0 80.40820798596279,19.60774987431829,0 80.40814822040957,19.60753449093463,0 80.40823994132575,19.60729091354398,0 80.40843783854918,19.60699030152048,0 80.40865092553787,19.60667539330219,0 80.40900067332497,19.60624616666141,0 
							</coordinates>
						</LinearRing>
					</outerBoundaryIs>
				</Polygon>
			</MultiGeometry>
		</Placemark>
		<Placemark id="ID_00016">
			<name>5</name>
			<Snippet maxLines="0"></Snippet>
			<description><![CDATA[<html xmlns:fo="http://www.w3.org/1999/XSL/Format" xmlns:msxsl="urn:schemas-microsoft-com:xslt">

<head>

<META http-equiv="Content-Type" content="text/html">

<meta http-equiv="content-type" content="text/html; charset=UTF-8">

</head>

<body style="margin:0px 0px 0px 0px;overflow:auto;background:#FFFFFF;">

<table style="font-family:Arial,Verdana,Times;font-size:12px;text-align:left;width:100%;border-collapse:collapse;padding:3px 3px 3px 3px">

<tr style="text-align:center;font-weight:bold;background:#9CBCE2">

<td>5</td>

</tr>

<tr>

<td>

<table style="font-family:Arial,Verdana,Times;font-size:12px;text-align:left;width:100%;border-spacing:0px; padding:3px 3px 3px 3px">

<tr>

<td>FID</td>

<td>34</td>

</tr>

<tr bgcolor="#D4E4F3">

<td>Id</td>

<td>5</td>

</tr>

<tr>

<td>Area_Ha</td>

<td>1.528</td>

</tr>

</table>

</td>

</tr>

</table>

</body>

</html>]]></description>
			<styleUrl>#PolyStyle0031</styleUrl>
			<MultiGeometry>
				<Polygon>
					<outerBoundaryIs>
						<LinearRing>
							<coordinates>
								80.39829198030105,19.59775985495911,0 80.39834048267767,19.59828602950464,0 80.39811262359427,19.59850045569672,0 80.39773356877535,19.59866655708561,0 80.39735362305089,19.59907175127045,0 80.39707574899198,19.59916646054191,0 80.39697501150377,19.59911830419929,0 80.39687471950539,19.59895060100466,0 80.39677487320667,19.59866335095792,0 80.39685145056114,19.59842451065317,0 80.39700380300691,19.59816201417192,0 80.3974085310677,19.59787645182334,0 80.39829198030105,19.59775985495911,0 
							</coordinates>
						</LinearRing>
					</outerBoundaryIs>
				</Polygon>
			</MultiGeometry>
		</Placemark>
		<Placemark id="ID_00017">
			<name>5</name>
			<Snippet maxLines="0"></Snippet>
			<description><![CDATA[<html xmlns:fo="http://www.w3.org/1999/XSL/Format" xmlns:msxsl="urn:schemas-microsoft-com:xslt">

<head>

<META http-equiv="Content-Type" content="text/html">

<meta http-equiv="content-type" content="text/html; charset=UTF-8">

</head>

<body style="margin:0px 0px 0px 0px;overflow:auto;background:#FFFFFF;">

<table style="font-family:Arial,Verdana,Times;font-size:12px;text-align:left;width:100%;border-collapse:collapse;padding:3px 3px 3px 3px">

<tr style="text-align:center;font-weight:bold;background:#9CBCE2">

<td>5</td>

</tr>

<tr>

<td>

<table style="font-family:Arial,Verdana,Times;font-size:12px;text-align:left;width:100%;border-spacing:0px; padding:3px 3px 3px 3px">

<tr>

<td>FID</td>

<td>35</td>

</tr>

<tr bgcolor="#D4E4F3">

<td>Id</td>

<td>5</td>

</tr>

<tr>

<td>Area_Ha</td>

<td>3.446</td>

</tr>

</table>

</td>

</tr>

</table>

</body>

</html>]]></description>
			<styleUrl>#PolyStyle0031</styleUrl>
			<MultiGeometry>
				<Polygon>
					<outerBoundaryIs>
						<LinearRing>
							<coordinates>
								80.40007267294085,19.60061104127108,0 80.40025087166489,19.60018126041049,0 80.40060522982839,19.59987161363333,0 80.40103465428268,19.59972958329986,0 80.40133678344917,19.59989795484785,0 80.40148736201991,19.60011364201022,0 80.40130925506126,19.60051951481033,0 80.40087894368402,19.60090063946043,0 80.40044863028392,19.60128176301345,0 80.40001893529825,19.60149551990421,0 80.39981559372994,19.60190130702912,0 80.39951106734438,19.60237848571108,0 80.39920724921343,19.60266438892778,0 80.39892963632572,19.60268737280939,0 80.39867751935175,19.60263871237928,0 80.3984766612312,19.60237503582559,0 80.39855332686655,19.60211228551681,0 80.39875605008878,19.60187386543885,0 80.39918636897129,19.60149274609941,0 80.3996171292842,19.60099207883234,0 80.40007267294085,19.60061104127108,0 
							</coordinates>
						</LinearRing>
					</outerBoundaryIs>
				</Polygon>
			</MultiGeometry>
		</Placemark>
		<Placemark id="ID_00018">
			<name>5</name>
			<Snippet maxLines="0"></Snippet>
			<description><![CDATA[<html xmlns:fo="http://www.w3.org/1999/XSL/Format" xmlns:msxsl="urn:schemas-microsoft-com:xslt">

<head>

<META http-equiv="Content-Type" content="text/html">

<meta http-equiv="content-type" content="text/html; charset=UTF-8">

</head>

<body style="margin:0px 0px 0px 0px;overflow:auto;background:#FFFFFF;">

<table style="font-family:Arial,Verdana,Times;font-size:12px;text-align:left;width:100%;border-collapse:collapse;padding:3px 3px 3px 3px">

<tr style="text-align:center;font-weight:bold;background:#9CBCE2">

<td>5</td>

</tr>

<tr>

<td>

<table style="font-family:Arial,Verdana,Times;font-size:12px;text-align:left;width:100%;border-spacing:0px; padding:3px 3px 3px 3px">

<tr>

<td>FID</td>

<td>36</td>

</tr>

<tr bgcolor="#D4E4F3">

<td>Id</td>

<td>5</td>

</tr>

<tr>

<td>Area_Ha</td>

<td>5.661</td>

</tr>

</table>

</td>

</tr>

</table>

</body>

</html>]]></description>
			<styleUrl>#PolyStyle0031</styleUrl>
			<MultiGeometry>
				<Polygon>
					<outerBoundaryIs>
						<LinearRing>
							<coordinates>
								80.40355138888556,19.6014116072644,0 80.40393106098237,19.6010781280079,0 80.40430985155329,19.60098374176948,0 80.40476520862883,19.60065051083341,0 80.40511955946897,19.60034085499544,0 80.4054986989524,19.6001508286115,0 80.40572532194069,19.600271124458,0 80.40590122371377,19.60046298188264,0 80.405799517136,19.60067783372908,0 80.40557122514517,19.601011816429,0 80.40519199582813,19.60122575228698,0 80.40476177933019,19.6015829769827,0 80.40433164893842,19.60191629120304,0 80.4039014287212,19.60227351371962,0 80.40374855469784,19.60267947238674,0 80.40341801536447,19.60337175880766,0 80.40311332015288,19.60389676245517,0 80.40238015862569,19.60430079664418,0 80.40177437990663,19.60437051547128,0 80.40142178262319,19.60420197689287,0 80.40167496377659,19.60396372115668,0 80.40195363890099,19.60365382066726,0 80.40223293115848,19.60317655410624,0 80.40253745122403,19.60269937069434,0 80.4029934341341,19.60219877887925,0 80.40355138888556,19.6014116072644,0 
							</coordinates>
						</LinearRing>
					</outerBoundaryIs>
				</Polygon>
			</MultiGeometry>
		</Placemark>
		<Placemark id="ID_00019">
			<name>5</name>
			<Snippet maxLines="0"></Snippet>
			<description><![CDATA[<html xmlns:fo="http://www.w3.org/1999/XSL/Format" xmlns:msxsl="urn:schemas-microsoft-com:xslt">

<head>

<META http-equiv="Content-Type" content="text/html">

<meta http-equiv="content-type" content="text/html; charset=UTF-8">

</head>

<body style="margin:0px 0px 0px 0px;overflow:auto;background:#FFFFFF;">

<table style="font-family:Arial,Verdana,Times;font-size:12px;text-align:left;width:100%;border-collapse:collapse;padding:3px 3px 3px 3px">

<tr style="text-align:center;font-weight:bold;background:#9CBCE2">

<td>5</td>

</tr>

<tr>

<td>

<table style="font-family:Arial,Verdana,Times;font-size:12px;text-align:left;width:100%;border-spacing:0px; padding:3px 3px 3px 3px">

<tr>

<td>FID</td>

<td>37</td>

</tr>

<tr bgcolor="#D4E4F3">

<td>Id</td>

<td>5</td>

</tr>

<tr>

<td>Area_Ha</td>

<td>1.651</td>

</tr>

</table>

</td>

</tr>

</table>

</body>

</html>]]></description>
			<styleUrl>#PolyStyle0031</styleUrl>
			<MultiGeometry>
				<Polygon>
					<outerBoundaryIs>
						<LinearRing>
							<coordinates>
								80.40497166509586,19.59905043934285,0 80.40487978611137,19.59933705219337,0 80.4046824725369,19.59947985864598,0 80.40447012676891,19.59959392358302,0 80.40422771708278,19.59965050564741,0 80.40413715667162,19.59957847721654,0 80.40406194500089,19.59944911626042,0 80.40401716666308,19.59927681848814,0 80.40409396258858,19.59897581043114,0 80.40421553656766,19.59884710006944,0 80.4043974485098,19.5987759722655,0 80.40459460315176,19.59867620300756,0 80.40471649304072,19.59846141846496,0 80.40486860442036,19.59826107943185,0 80.40499059908113,19.59801760339926,0 80.40506707621229,19.59780266865776,0 80.40531000985189,19.59760262897299,0 80.40558253252161,19.59758918211671,0 80.40573348343472,19.59770444639205,0 80.40577878981426,19.59773328739436,0 80.40580864303534,19.59784815233023,0 80.40582351700577,19.5979199304371,0 80.40571692426062,19.59809172878107,0 80.40553464486577,19.59826327743543,0 80.40535252317976,19.59839178897536,0 80.40520030683476,19.59862081970284,0 80.40497166509586,19.59905043934285,0 
							</coordinates>
						</LinearRing>
					</outerBoundaryIs>
				</Polygon>
			</MultiGeometry>
		</Placemark>
		<Placemark id="ID_00020">
			<name>5</name>
			<Snippet maxLines="0"></Snippet>
			<description><![CDATA[<html xmlns:fo="http://www.w3.org/1999/XSL/Format" xmlns:msxsl="urn:schemas-microsoft-com:xslt">

<head>

<META http-equiv="Content-Type" content="text/html">

<meta http-equiv="content-type" content="text/html; charset=UTF-8">

</head>

<body style="margin:0px 0px 0px 0px;overflow:auto;background:#FFFFFF;">

<table style="font-family:Arial,Verdana,Times;font-size:12px;text-align:left;width:100%;border-collapse:collapse;padding:3px 3px 3px 3px">

<tr style="text-align:center;font-weight:bold;background:#9CBCE2">

<td>5</td>

</tr>

<tr>

<td>

<table style="font-family:Arial,Verdana,Times;font-size:12px;text-align:left;width:100%;border-spacing:0px; padding:3px 3px 3px 3px">

<tr>

<td>FID</td>

<td>38</td>

</tr>

<tr bgcolor="#D4E4F3">

<td>Id</td>

<td>5</td>

</tr>

<tr>

<td>Area_Ha</td>

<td>1.11</td>

</tr>

</table>

</td>

</tr>

</table>

</body>

</html>]]></description>
			<styleUrl>#PolyStyle0031</styleUrl>
			<MultiGeometry>
				<Polygon>
					<outerBoundaryIs>
						<LinearRing>
							<coordinates>
								80.41379635997028,19.60362818002059,0 80.41352408738611,19.60356991078387,0 80.41323750943678,19.60328206142559,0 80.41323808158351,19.60312425925637,0 80.41332963620781,19.60292371585017,0 80.41352751856144,19.60262309770815,0 80.4137856391399,19.6024087502309,0 80.41392187838895,19.60240919337271,0 80.41404246054755,19.60255304373982,0 80.41431416055971,19.60276911436921,0 80.41449498289909,19.60299923516764,0 80.4144036372962,19.60314239658118,0 80.41413027465966,19.60338538700844,0 80.41379635997028,19.60362818002059,0 
							</coordinates>
						</LinearRing>
					</outerBoundaryIs>
				</Polygon>
			</MultiGeometry>
		</Placemark>
		<Placemark id="ID_00021">
			<name>5</name>
			<Snippet maxLines="0"></Snippet>
			<description><![CDATA[<html xmlns:fo="http://www.w3.org/1999/XSL/Format" xmlns:msxsl="urn:schemas-microsoft-com:xslt">

<head>

<META http-equiv="Content-Type" content="text/html">

<meta http-equiv="content-type" content="text/html; charset=UTF-8">

</head>

<body style="margin:0px 0px 0px 0px;overflow:auto;background:#FFFFFF;">

<table style="font-family:Arial,Verdana,Times;font-size:12px;text-align:left;width:100%;border-collapse:collapse;padding:3px 3px 3px 3px">

<tr style="text-align:center;font-weight:bold;background:#9CBCE2">

<td>5</td>

</tr>

<tr>

<td>

<table style="font-family:Arial,Verdana,Times;font-size:12px;text-align:left;width:100%;border-spacing:0px; padding:3px 3px 3px 3px">

<tr>

<td>FID</td>

<td>39</td>

</tr>

<tr bgcolor="#D4E4F3">

<td>Id</td>

<td>5</td>

</tr>

<tr>

<td>Area_Ha</td>

<td>1.121</td>

</tr>

</table>

</td>

</tr>

</table>

</body>

</html>]]></description>
			<styleUrl>#PolyStyle0031</styleUrl>
			<MultiGeometry>
				<Polygon>
					<outerBoundaryIs>
						<LinearRing>
							<coordinates>
								80.41382346579752,19.60450336327492,0 80.41406520455095,19.60463326190663,0 80.4143523055273,19.60477765348526,0 80.41442742407554,19.60493570165238,0 80.41436624932501,19.60510765267991,0 80.41415369480123,19.60527911154675,0 80.4138206596125,19.60527802840581,0 80.41336724886031,19.60507571131833,0 80.41306527052623,19.60485954063107,0 80.4129448957696,19.60465830703012,0 80.41296060613266,19.60450055421193,0 80.4131279032965,19.60428591188993,0 80.41337042121675,19.60420062668013,0 80.41355186759363,19.60425860058704,0 80.41358177942473,19.60435911867627,0 80.41382346579752,19.60450336327492,0 
							</coordinates>
						</LinearRing>
					</outerBoundaryIs>
				</Polygon>
			</MultiGeometry>
		</Placemark>
		<Placemark id="ID_00022">
			<name>5</name>
			<Snippet maxLines="0"></Snippet>
			<description><![CDATA[<html xmlns:fo="http://www.w3.org/1999/XSL/Format" xmlns:msxsl="urn:schemas-microsoft-com:xslt">

<head>

<META http-equiv="Content-Type" content="text/html">

<meta http-equiv="content-type" content="text/html; charset=UTF-8">

</head>

<body style="margin:0px 0px 0px 0px;overflow:auto;background:#FFFFFF;">

<table style="font-family:Arial,Verdana,Times;font-size:12px;text-align:left;width:100%;border-collapse:collapse;padding:3px 3px 3px 3px">

<tr style="text-align:center;font-weight:bold;background:#9CBCE2">

<td>5</td>

</tr>

<tr>

<td>

<table style="font-family:Arial,Verdana,Times;font-size:12px;text-align:left;width:100%;border-spacing:0px; padding:3px 3px 3px 3px">

<tr>

<td>FID</td>

<td>40</td>

</tr>

<tr bgcolor="#D4E4F3">

<td>Id</td>

<td>5</td>

</tr>

<tr>

<td>Area_Ha</td>

<td>3.912</td>

</tr>

</table>

</td>

</tr>

</table>

</body>

</html>]]></description>
			<styleUrl>#PolyStyle0031</styleUrl>
			<MultiGeometry>
				<Polygon>
					<outerBoundaryIs>
						<LinearRing>
							<coordinates>
								80.41035698716675,19.6106962166668,0 80.41025610768297,19.61068393159988,0 80.41017976156226,19.61086300418043,0 80.41010328448307,19.61107794079858,0 80.41000135831973,19.61135256819746,0 80.40983652898755,19.61157917010964,0 80.40968453279494,19.61174603974241,0 80.40954584997075,19.61172167554198,0 80.40944558095264,19.61154202434079,0 80.40944649748323,19.6112909758354,0 80.40944728306964,19.61107579139659,0 80.40959954064144,19.61083719379096,0 80.40975175413783,19.61061055073115,0 80.40999240551361,19.61034833269415,0 80.41029687361082,19.60988309099372,0 80.41058837620709,19.6095134450018,0 80.41084203166982,19.6091436747244,0 80.41102042976303,19.60865410962638,0 80.41105992912156,19.60819995481928,0 80.41126159816199,19.60824843332404,0 80.4114504781755,19.60834468919123,0 80.41162687363526,19.60840503956776,0 80.41177803880547,19.60846530739806,0 80.41199214983274,19.60856164508644,0 80.41207993506276,19.60870538968647,0 80.41211686850443,19.60895656188637,0 80.41206545170493,19.60921940060208,0 80.41182467495017,19.60951748566701,0 80.41158402774879,19.60977970628491,0 80.41135616909816,19.60999414898896,0 80.41119147360452,19.61018488817164,0 80.41105174730096,19.61044743785222,0 80.41096235148623,19.61074601650004,0 80.41092350404269,19.61102085072001,0 80.41079734994383,19.61102043813453,0 80.41062090843677,19.61097204159115,0 80.41055831057939,19.61084033357204,0 80.41035698716675,19.6106962166668,0 
							</coordinates>
						</LinearRing>
					</outerBoundaryIs>
				</Polygon>
			</MultiGeometry>
		</Placemark>
		<Placemark id="ID_00023">
			<name>5</name>
			<Snippet maxLines="0"></Snippet>
			<description><![CDATA[<html xmlns:fo="http://www.w3.org/1999/XSL/Format" xmlns:msxsl="urn:schemas-microsoft-com:xslt">

<head>

<META http-equiv="Content-Type" content="text/html">

<meta http-equiv="content-type" content="text/html; charset=UTF-8">

</head>

<body style="margin:0px 0px 0px 0px;overflow:auto;background:#FFFFFF;">

<table style="font-family:Arial,Verdana,Times;font-size:12px;text-align:left;width:100%;border-collapse:collapse;padding:3px 3px 3px 3px">

<tr style="text-align:center;font-weight:bold;background:#9CBCE2">

<td>5</td>

</tr>

<tr>

<td>

<table style="font-family:Arial,Verdana,Times;font-size:12px;text-align:left;width:100%;border-spacing:0px; padding:3px 3px 3px 3px">

<tr>

<td>FID</td>

<td>56</td>

</tr>

<tr bgcolor="#D4E4F3">

<td>Id</td>

<td>5</td>

</tr>

<tr>

<td>Area_Ha</td>

<td>1.051</td>

</tr>

</table>

</td>

</tr>

</table>

</body>

</html>]]></description>
			<styleUrl>#PolyStyle0031</styleUrl>
			<MultiGeometry>
				<Polygon>
					<outerBoundaryIs>
						<LinearRing>
							<coordinates>
								80.40135511918265,19.60933447552568,0 80.40144202123892,19.61039635250514,0 80.40121494513151,19.61039559785902,0 80.40088232522882,19.61027972566126,0 80.40051942905178,19.61016375210865,0 80.40029304466181,19.60997650341601,0 80.40023307624547,19.6098185001437,0 80.40026393795395,19.60966079925894,0 80.40041579982847,19.60953219269572,0 80.40088545977549,19.60943333473105,0 80.40135511918265,19.60933447552568,0 
							</coordinates>
						</LinearRing>
					</outerBoundaryIs>
				</Polygon>
			</MultiGeometry>
		</Placemark>
		<Placemark id="ID_00024">
			<name>5</name>
			<Snippet maxLines="0"></Snippet>
			<description><![CDATA[<html xmlns:fo="http://www.w3.org/1999/XSL/Format" xmlns:msxsl="urn:schemas-microsoft-com:xslt">

<head>

<META http-equiv="Content-Type" content="text/html">

<meta http-equiv="content-type" content="text/html; charset=UTF-8">

</head>

<body style="margin:0px 0px 0px 0px;overflow:auto;background:#FFFFFF;">

<table style="font-family:Arial,Verdana,Times;font-size:12px;text-align:left;width:100%;border-collapse:collapse;padding:3px 3px 3px 3px">

<tr style="text-align:center;font-weight:bold;background:#9CBCE2">

<td>5</td>

</tr>

<tr>

<td>

<table style="font-family:Arial,Verdana,Times;font-size:12px;text-align:left;width:100%;border-spacing:0px; padding:3px 3px 3px 3px">

<tr>

<td>FID</td>

<td>57</td>

</tr>

<tr bgcolor="#D4E4F3">

<td>Id</td>

<td>5</td>

</tr>

<tr>

<td>Area_Ha</td>

<td>1.38</td>

</tr>

</table>

</td>

</tr>

</table>

</body>

</html>]]></description>
			<styleUrl>#PolyStyle0031</styleUrl>
			<MultiGeometry>
				<Polygon>
					<outerBoundaryIs>
						<LinearRing>
							<coordinates>
								80.40327689094565,19.60955603822849,0 80.40345823356334,19.60964271356128,0 80.40354848181629,19.60980081609013,0 80.40363857159046,19.61000195542373,0 80.40360681398994,19.61040353242836,0 80.40360549177406,19.61076217280286,0 80.40357315205912,19.61132155151423,0 80.40339069640993,19.61153613413812,0 80.40313286518199,19.61166439209626,0 80.4029970419714,19.61154917569971,0 80.40293712329972,19.61137682765821,0 80.40292272611451,19.61117593891145,0 80.40292410282403,19.61080295298529,0 80.40292516180993,19.61051604072388,0 80.40297200657126,19.61012885967501,0 80.40307903395306,19.60984229854973,0 80.40327689094565,19.60955603822849,0 
							</coordinates>
						</LinearRing>
					</outerBoundaryIs>
				</Polygon>
			</MultiGeometry>
		</Placemark>
		<Placemark id="ID_00025">
			<name>5</name>
			<Snippet maxLines="0"></Snippet>
			<description><![CDATA[<html xmlns:fo="http://www.w3.org/1999/XSL/Format" xmlns:msxsl="urn:schemas-microsoft-com:xslt">

<head>

<META http-equiv="Content-Type" content="text/html">

<meta http-equiv="content-type" content="text/html; charset=UTF-8">

</head>

<body style="margin:0px 0px 0px 0px;overflow:auto;background:#FFFFFF;">

<table style="font-family:Arial,Verdana,Times;font-size:12px;text-align:left;width:100%;border-collapse:collapse;padding:3px 3px 3px 3px">

<tr style="text-align:center;font-weight:bold;background:#9CBCE2">

<td>5</td>

</tr>

<tr>

<td>

<table style="font-family:Arial,Verdana,Times;font-size:12px;text-align:left;width:100%;border-spacing:0px; padding:3px 3px 3px 3px">

<tr>

<td>FID</td>

<td>58</td>

</tr>

<tr bgcolor="#D4E4F3">

<td>Id</td>

<td>5</td>

</tr>

<tr>

<td>Area_Ha</td>

<td>1.51</td>

</tr>

</table>

</td>

</tr>

</table>

</body>

</html>]]></description>
			<styleUrl>#PolyStyle0031</styleUrl>
			<MultiGeometry>
				<Polygon>
					<outerBoundaryIs>
						<LinearRing>
							<coordinates>
								80.40469044462773,19.61212861165778,0 80.40481255618836,19.6118564451668,0 80.40510129665955,19.61155613736818,0 80.40543434424644,19.61155723696213,0 80.40556969479275,19.61180156213094,0 80.40553852143265,19.61204533771918,0 80.4054466353936,19.61233195028122,0 80.40527905588453,19.6126183128787,0 80.40517197762529,19.61291922089282,0 80.40486804330926,19.61323382429486,0 80.40461058009822,19.61326166501072,0 80.40442912718193,19.61320368197607,0 80.4043237375903,19.61304552981158,0 80.40430933859166,19.61284464116353,0 80.40432521687306,19.61264385264023,0 80.40449253399633,19.61242921904797,0 80.40469044462773,19.61212861165778,0 
							</coordinates>
						</LinearRing>
					</outerBoundaryIs>
				</Polygon>
			</MultiGeometry>
		</Placemark>
		<Placemark id="ID_00026">
			<name>5</name>
			<Snippet maxLines="0"></Snippet>
			<description><![CDATA[<html xmlns:fo="http://www.w3.org/1999/XSL/Format" xmlns:msxsl="urn:schemas-microsoft-com:xslt">

<head>

<META http-equiv="Content-Type" content="text/html">

<meta http-equiv="content-type" content="text/html; charset=UTF-8">

</head>

<body style="margin:0px 0px 0px 0px;overflow:auto;background:#FFFFFF;">

<table style="font-family:Arial,Verdana,Times;font-size:12px;text-align:left;width:100%;border-collapse:collapse;padding:3px 3px 3px 3px">

<tr style="text-align:center;font-weight:bold;background:#9CBCE2">

<td>5</td>

</tr>

<tr>

<td>

<table style="font-family:Arial,Verdana,Times;font-size:12px;text-align:left;width:100%;border-spacing:0px; padding:3px 3px 3px 3px">

<tr>

<td>FID</td>

<td>59</td>

</tr>

<tr bgcolor="#D4E4F3">

<td>Id</td>

<td>5</td>

</tr>

<tr>

<td>Area_Ha</td>

<td>1.2</td>

</tr>

</table>

</td>

</tr>

</table>

</body>

</html>]]></description>
			<styleUrl>#PolyStyle0031</styleUrl>
			<MultiGeometry>
				<Polygon>
					<outerBoundaryIs>
						<LinearRing>
							<coordinates>
								80.41229696433408,19.61524116521854,0 80.41311243417394,19.61580331059005,0 80.41294564539716,19.61587449600966,0 80.41276350915084,19.61600301442972,0 80.41252076460397,19.61614568076354,0 80.4122627242335,19.61633133423752,0 80.41211060419056,19.61653167891078,0 80.41186770176516,19.61671738120106,0 80.41168634657264,19.61663071407908,0 80.41155061741534,19.6164868126764,0 80.41153657465193,19.61618550505451,0 80.41167345171769,19.61601380266992,0 80.41184050203483,19.61587089030817,0 80.41209890717315,19.61558481801999,0 80.41229696433408,19.61524116521854,0 
							</coordinates>
						</LinearRing>
					</outerBoundaryIs>
				</Polygon>
			</MultiGeometry>
		</Placemark>
		<Placemark id="ID_00027">
			<name>5</name>
			<Snippet maxLines="0"></Snippet>
			<description><![CDATA[<html xmlns:fo="http://www.w3.org/1999/XSL/Format" xmlns:msxsl="urn:schemas-microsoft-com:xslt">

<head>

<META http-equiv="Content-Type" content="text/html">

<meta http-equiv="content-type" content="text/html; charset=UTF-8">

</head>

<body style="margin:0px 0px 0px 0px;overflow:auto;background:#FFFFFF;">

<table style="font-family:Arial,Verdana,Times;font-size:12px;text-align:left;width:100%;border-collapse:collapse;padding:3px 3px 3px 3px">

<tr style="text-align:center;font-weight:bold;background:#9CBCE2">

<td>5</td>

</tr>

<tr>

<td>

<table style="font-family:Arial,Verdana,Times;font-size:12px;text-align:left;width:100%;border-spacing:0px; padding:3px 3px 3px 3px">

<tr>

<td>FID</td>

<td>70</td>

</tr>

<tr bgcolor="#D4E4F3">

<td>Id</td>

<td>5</td>

</tr>

<tr>

<td>Area_Ha</td>

<td>1.929</td>

</tr>

</table>

</td>

</tr>

</table>

</body>

</html>]]></description>
			<styleUrl>#PolyStyle0031</styleUrl>
			<MultiGeometry>
				<Polygon>
					<outerBoundaryIs>
						<LinearRing>
							<coordinates>
								80.4212457208717,19.62391515531369,0 80.41996938533782,19.62519260609306,0 80.4198294532279,19.62480960053218,0 80.41983007110913,19.6246374529193,0 80.42001298396019,19.62429374304808,0 80.42023592561168,19.62404580054839,0 80.42013595463406,19.62377769028317,0 80.42007649371219,19.62347145497694,0 80.42009784643541,19.62314635221666,0 80.42021958106311,19.6229745946223,0 80.42044204051228,19.62286054440726,0 80.42078513685129,19.62288077622024,0 80.42094573553682,19.62312995342163,0 80.42094443372976,19.62349337628882,0 80.42098377853688,19.62378041891251,0 80.4212457208717,19.62391515531369,0 
							</coordinates>
						</LinearRing>
					</outerBoundaryIs>
				</Polygon>
			</MultiGeometry>
		</Placemark>
		<Placemark id="ID_00028">
			<name>5</name>
			<Snippet maxLines="0"></Snippet>
			<description><![CDATA[<html xmlns:fo="http://www.w3.org/1999/XSL/Format" xmlns:msxsl="urn:schemas-microsoft-com:xslt">

<head>

<META http-equiv="Content-Type" content="text/html">

<meta http-equiv="content-type" content="text/html; charset=UTF-8">

</head>

<body style="margin:0px 0px 0px 0px;overflow:auto;background:#FFFFFF;">

<table style="font-family:Arial,Verdana,Times;font-size:12px;text-align:left;width:100%;border-collapse:collapse;padding:3px 3px 3px 3px">

<tr style="text-align:center;font-weight:bold;background:#9CBCE2">

<td>5</td>

</tr>

<tr>

<td>

<table style="font-family:Arial,Verdana,Times;font-size:12px;text-align:left;width:100%;border-spacing:0px; padding:3px 3px 3px 3px">

<tr>

<td>FID</td>

<td>230</td>

</tr>

<tr bgcolor="#D4E4F3">

<td>Id</td>

<td>5</td>

</tr>

<tr>

<td>Area_Ha</td>

<td>0.72</td>

</tr>

</table>

</td>

</tr>

</table>

</body>

</html>]]></description>
			<styleUrl>#PolyStyle0031</styleUrl>
			<MultiGeometry>
				<Polygon>
					<outerBoundaryIs>
						<LinearRing>
							<coordinates>
								80.33460037277902,19.59259938996822,0 80.33402376800092,19.59294155686007,0 80.33339051217834,19.59233669834795,0 80.33361779610978,19.59228015594434,0 80.33409193804606,19.59187802447113,0 80.33460037277902,19.59259938996822,0 
							</coordinates>
						</LinearRing>
					</outerBoundaryIs>
				</Polygon>
			</MultiGeometry>
		</Placemark>
		<Placemark id="ID_00029">
			<name>5</name>
			<Snippet maxLines="0"></Snippet>
			<description><![CDATA[<html xmlns:fo="http://www.w3.org/1999/XSL/Format" xmlns:msxsl="urn:schemas-microsoft-com:xslt">

<head>

<META http-equiv="Content-Type" content="text/html">

<meta http-equiv="content-type" content="text/html; charset=UTF-8">

</head>

<body style="margin:0px 0px 0px 0px;overflow:auto;background:#FFFFFF;">

<table style="font-family:Arial,Verdana,Times;font-size:12px;text-align:left;width:100%;border-collapse:collapse;padding:3px 3px 3px 3px">

<tr style="text-align:center;font-weight:bold;background:#9CBCE2">

<td>5</td>

</tr>

<tr>

<td>

<table style="font-family:Arial,Verdana,Times;font-size:12px;text-align:left;width:100%;border-spacing:0px; padding:3px 3px 3px 3px">

<tr>

<td>FID</td>

<td>260</td>

</tr>

<tr bgcolor="#D4E4F3">

<td>Id</td>

<td>5</td>

</tr>

<tr>

<td>Area_Ha</td>

<td>2.512</td>

</tr>

</table>

</td>

</tr>

</table>

</body>

</html>]]></description>
			<styleUrl>#PolyStyle0031</styleUrl>
			<MultiGeometry>
				<Polygon>
					<outerBoundaryIs>
						<LinearRing>
							<coordinates>
								80.33995488903085,19.61318985948187,0 80.34064303862966,19.61273331902597,0 80.34224158903704,19.61176365893662,0 80.34230113145128,19.61201253440408,0 80.34254171299526,19.61241509106771,0 80.34272143095524,19.6128939355055,0 80.34047844212952,19.61349781781656,0 80.33995488903085,19.61318985948187,0 
							</coordinates>
						</LinearRing>
					</outerBoundaryIs>
				</Polygon>
			</MultiGeometry>
		</Placemark>
		<Placemark id="ID_00030">
			<name>5</name>
			<Snippet maxLines="0"></Snippet>
			<description><![CDATA[<html xmlns:fo="http://www.w3.org/1999/XSL/Format" xmlns:msxsl="urn:schemas-microsoft-com:xslt">

<head>

<META http-equiv="Content-Type" content="text/html">

<meta http-equiv="content-type" content="text/html; charset=UTF-8">

</head>

<body style="margin:0px 0px 0px 0px;overflow:auto;background:#FFFFFF;">

<table style="font-family:Arial,Verdana,Times;font-size:12px;text-align:left;width:100%;border-collapse:collapse;padding:3px 3px 3px 3px">

<tr style="text-align:center;font-weight:bold;background:#9CBCE2">

<td>5</td>

</tr>

<tr>

<td>

<table style="font-family:Arial,Verdana,Times;font-size:12px;text-align:left;width:100%;border-spacing:0px; padding:3px 3px 3px 3px">

<tr>

<td>FID</td>

<td>261</td>

</tr>

<tr bgcolor="#D4E4F3">

<td>Id</td>

<td>5</td>

</tr>

<tr>

<td>Area_Ha</td>

<td>1.697</td>

</tr>

</table>

</td>

</tr>

</table>

</body>

</html>]]></description>
			<styleUrl>#PolyStyle0031</styleUrl>
			<MultiGeometry>
				<Polygon>
					<outerBoundaryIs>
						<LinearRing>
							<coordinates>
								80.33524037747922,19.6048549162415,0 80.33495293815372,19.60481081859575,0 80.33490899911327,19.60445201512146,0 80.33495582702447,19.60410789230565,0 80.33507822478892,19.60379273964043,0 80.33529127068699,19.60352095824152,0 80.33560915968027,19.60352213060573,0 80.33594200967117,19.60356639451189,0 80.33610769909551,19.6037678442251,0 80.33619717124751,19.60409812393213,0 80.33619652394712,19.60425592375634,0 80.33618032704857,19.60451408587695,0 80.33611865815998,19.60478642610801,0 80.33586125853498,19.6047998232001,0 80.33524037747922,19.6048549162415,0 
							</coordinates>
						</LinearRing>
					</outerBoundaryIs>
				</Polygon>
			</MultiGeometry>
		</Placemark>
		<Placemark id="ID_00031">
			<name>5</name>
			<Snippet maxLines="0"></Snippet>
			<description><![CDATA[<html xmlns:fo="http://www.w3.org/1999/XSL/Format" xmlns:msxsl="urn:schemas-microsoft-com:xslt">

<head>

<META http-equiv="Content-Type" content="text/html">

<meta http-equiv="content-type" content="text/html; charset=UTF-8">

</head>

<body style="margin:0px 0px 0px 0px;overflow:auto;background:#FFFFFF;">

<table style="font-family:Arial,Verdana,Times;font-size:12px;text-align:left;width:100%;border-collapse:collapse;padding:3px 3px 3px 3px">

<tr style="text-align:center;font-weight:bold;background:#9CBCE2">

<td>5</td>

</tr>

<tr>

<td>

<table style="font-family:Arial,Verdana,Times;font-size:12px;text-align:left;width:100%;border-spacing:0px; padding:3px 3px 3px 3px">

<tr>

<td>FID</td>

<td>262</td>

</tr>

<tr bgcolor="#D4E4F3">

<td>Id</td>

<td>5</td>

</tr>

<tr>

<td>Area_Ha</td>

<td>2.913</td>

</tr>

</table>

</td>

</tr>

</table>

</body>

</html>]]></description>
			<styleUrl>#PolyStyle0031</styleUrl>
			<MultiGeometry>
				<Polygon>
					<outerBoundaryIs>
						<LinearRing>
							<coordinates>
								80.33364755250454,19.605666734654,0 80.33358847846623,19.60530787498568,0 80.33387698121005,19.60509375707862,0 80.33414987326681,19.60499434619398,0 80.3345584143368,19.6050388924113,0 80.33478542102361,19.60505407629027,0 80.33484526425285,19.60522644502474,0 80.33484420280757,19.60548466281423,0 80.3348116863158,19.60602967746193,0 80.33485444601219,19.60667538952196,0 80.33474718334661,19.60699059775457,0 80.33448883605637,19.60723351964053,0 80.33412511282731,19.60733259524075,0 80.333868181569,19.60723122594298,0 80.33374790527591,19.60702994216895,0 80.33365825950062,19.60674269773244,0 80.3336299334304,19.60626918665456,0 80.33364755250454,19.605666734654,0 
							</coordinates>
						</LinearRing>
					</outerBoundaryIs>
				</Polygon>
			</MultiGeometry>
		</Placemark>
		<Placemark id="ID_00032">
			<name>5</name>
			<Snippet maxLines="0"></Snippet>
			<description><![CDATA[<html xmlns:fo="http://www.w3.org/1999/XSL/Format" xmlns:msxsl="urn:schemas-microsoft-com:xslt">

<head>

<META http-equiv="Content-Type" content="text/html">

<meta http-equiv="content-type" content="text/html; charset=UTF-8">

</head>

<body style="margin:0px 0px 0px 0px;overflow:auto;background:#FFFFFF;">

<table style="font-family:Arial,Verdana,Times;font-size:12px;text-align:left;width:100%;border-collapse:collapse;padding:3px 3px 3px 3px">

<tr style="text-align:center;font-weight:bold;background:#9CBCE2">

<td>5</td>

</tr>

<tr>

<td>

<table style="font-family:Arial,Verdana,Times;font-size:12px;text-align:left;width:100%;border-spacing:0px; padding:3px 3px 3px 3px">

<tr>

<td>FID</td>

<td>263</td>

</tr>

<tr bgcolor="#D4E4F3">

<td>Id</td>

<td>5</td>

</tr>

<tr>

<td>Area_Ha</td>

<td>17.895</td>

</tr>

</table>

</td>

</tr>

</table>

</body>

</html>]]></description>
			<styleUrl>#PolyStyle0031</styleUrl>
			<MultiGeometry>
				<Polygon>
					<outerBoundaryIs>
						<LinearRing>
							<coordinates>
								80.32479341175005,19.59755209940426,0 80.32475536016909,19.59699725877081,0 80.32527994759093,19.59703747830333,0 80.32528122309154,19.59673144271791,0 80.32522219023552,19.59636779879189,0 80.32506216563752,19.59602290423551,0 80.32520479808736,19.59569827034018,0 80.32542736247804,19.59556521071107,0 80.3258306917968,19.59564322975569,0 80.32607184561158,19.59589278938757,0 80.32613127832418,19.59616079696141,0 80.32625030350437,19.59665855758745,0 80.32645005975697,19.59715661982896,0 80.32652935783064,19.59750121159794,0 80.32674929860988,19.59799934893144,0 80.32717178389075,19.59832609451356,0 80.32761437422602,19.59867204167025,0 80.3280972527415,19.59903726550359,0 80.3282768345375,19.5995352505993,0 80.32831466040038,19.6001474723973,0 80.32845308430234,19.60083657914266,0 80.32853072177198,19.60158284184513,0 80.32852762684149,19.60232880366485,0 80.32860542385139,19.60303681179562,0 80.32908982402461,19.60303861596114,0 80.32910913513453,19.60324909059143,0 80.32951264401964,19.60328884749482,0 80.32959147579797,19.60374820132504,0 80.32985393963341,19.60373005011366,0 80.32982932025334,19.60480109972564,0 80.33027312120491,19.60486013240111,0 80.33023053730174,19.60539554468649,0 80.32907999064557,19.60541039167772,0 80.3289223291041,19.60449168373129,0 80.32823616880619,19.60446999940675,0 80.32795677695688,19.60370385694797,0 80.32769471035894,19.60362636929471,0 80.32741190414961,19.60368269645964,0 80.32708944672927,19.60356672748079,0 80.32672694132712,19.60337409825249,0 80.32680918657623,19.60301098276547,0 80.32681061873274,19.60266669285047,0 80.3268526560154,19.60226517205895,0 80.32691734217261,19.60127078278145,0 80.32694007059015,19.60065878706001,0 80.32674086576802,19.60002683481947,0 80.32643955414324,19.59968141358626,0 80.325957235186,19.5991822948387,0 80.32551488626648,19.59877896203251,0 80.32541508823931,19.59851080325633,0 80.3256581578778,19.59830131014325,0 80.32569947945237,19.59807193448949,0 80.32566046857042,19.59774662067129,0 80.32533826334051,19.59757326720216,0 80.32479341175005,19.59755209940426,0 
							</coordinates>
						</LinearRing>
					</outerBoundaryIs>
				</Polygon>
			</MultiGeometry>
		</Placemark>
		<Placemark id="ID_00033">
			<name>5</name>
			<Snippet maxLines="0"></Snippet>
			<description><![CDATA[<html xmlns:fo="http://www.w3.org/1999/XSL/Format" xmlns:msxsl="urn:schemas-microsoft-com:xslt">

<head>

<META http-equiv="Content-Type" content="text/html">

<meta http-equiv="content-type" content="text/html; charset=UTF-8">

</head>

<body style="margin:0px 0px 0px 0px;overflow:auto;background:#FFFFFF;">

<table style="font-family:Arial,Verdana,Times;font-size:12px;text-align:left;width:100%;border-collapse:collapse;padding:3px 3px 3px 3px">

<tr style="text-align:center;font-weight:bold;background:#9CBCE2">

<td>5</td>

</tr>

<tr>

<td>

<table style="font-family:Arial,Verdana,Times;font-size:12px;text-align:left;width:100%;border-spacing:0px; padding:3px 3px 3px 3px">

<tr>

<td>FID</td>

<td>264</td>

</tr>

<tr bgcolor="#D4E4F3">

<td>Id</td>

<td>5</td>

</tr>

<tr>

<td>Area_Ha</td>

<td>21.704</td>

</tr>

</table>

</td>

</tr>

</table>

</body>

</html>]]></description>
			<styleUrl>#PolyStyle0031</styleUrl>
			<MultiGeometry>
				<Polygon>
					<outerBoundaryIs>
						<LinearRing>
							<coordinates>
								80.31660011318839,19.61195728629335,0 80.3171860665566,19.61062058570162,0 80.3178225709371,19.60926016484236,0 80.31842970474679,19.60887991335324,0 80.31931386251397,19.60862025337584,0 80.32045021676001,19.60838544979235,0 80.32161179786966,19.60815073394145,0 80.32224274661299,19.60810528996018,0 80.32242065785317,19.6077951374537,0 80.32237200055616,19.60736458589651,0 80.32239973363195,19.60676695606695,0 80.32270579301012,19.60597909771333,0 80.32313699658964,19.60543080257996,0 80.32356939655453,19.60459559828452,0 80.32379935841379,19.60390308946512,0 80.32375229681578,19.60308999393183,0 80.32456042823337,19.60290174981848,0 80.3249628976164,19.60319017057764,0 80.32559143509538,19.60371853057547,0 80.32564019984839,19.60412517264543,0 80.32541074380582,19.60469813897273,0 80.32502911119666,19.60546180996759,0 80.32459661638643,19.60632092684372,0 80.32439138471949,19.60713307610017,0 80.32423720987725,19.60780196029144,0 80.32395888181206,19.60799219105379,0 80.32330190384555,19.60822881823324,0 80.32279540324575,19.6086811929343,0 80.3221878792788,19.60915709540452,0 80.32117656879421,19.6096553839777,0 80.32041865945664,19.60989161995625,0 80.31991385445197,19.60993753360934,0 80.31925766795372,19.609982873851,0 80.31895369758684,19.61026863705681,0 80.31852186237492,19.61096037483206,0 80.3180904265741,19.61155647558707,0 80.31740748934239,19.61196034763167,0 80.31660011318839,19.61195728629335,0 
							</coordinates>
						</LinearRing>
					</outerBoundaryIs>
				</Polygon>
			</MultiGeometry>
		</Placemark>
		<Placemark id="ID_00034">
			<name>5</name>
			<Snippet maxLines="0"></Snippet>
			<description><![CDATA[<html xmlns:fo="http://www.w3.org/1999/XSL/Format" xmlns:msxsl="urn:schemas-microsoft-com:xslt">

<head>

<META http-equiv="Content-Type" content="text/html">

<meta http-equiv="content-type" content="text/html; charset=UTF-8">

</head>

<body style="margin:0px 0px 0px 0px;overflow:auto;background:#FFFFFF;">

<table style="font-family:Arial,Verdana,Times;font-size:12px;text-align:left;width:100%;border-collapse:collapse;padding:3px 3px 3px 3px">

<tr style="text-align:center;font-weight:bold;background:#9CBCE2">

<td>5</td>

</tr>

<tr>

<td>

<table style="font-family:Arial,Verdana,Times;font-size:12px;text-align:left;width:100%;border-spacing:0px; padding:3px 3px 3px 3px">

<tr>

<td>FID</td>

<td>265</td>

</tr>

<tr bgcolor="#D4E4F3">

<td>Id</td>

<td>5</td>

</tr>

<tr>

<td>Area_Ha</td>

<td>1.729</td>

</tr>

</table>

</td>

</tr>

</table>

</body>

</html>]]></description>
			<styleUrl>#PolyStyle0031</styleUrl>
			<MultiGeometry>
				<Polygon>
					<outerBoundaryIs>
						<LinearRing>
							<coordinates>
								80.32558636813098,19.61098696220102,0 80.32523713177569,19.61002927966029,0 80.3269295481761,19.60955742346656,0 80.3268517683982,19.61005922973002,0 80.32674905626909,19.61048921462055,0 80.32639453743734,19.61079871113179,0 80.32558636813098,19.61098696220102,0 
							</coordinates>
						</LinearRing>
					</outerBoundaryIs>
				</Polygon>
			</MultiGeometry>
		</Placemark>
		<Placemark id="ID_00035">
			<name>5</name>
			<Snippet maxLines="0"></Snippet>
			<description><![CDATA[<html xmlns:fo="http://www.w3.org/1999/XSL/Format" xmlns:msxsl="urn:schemas-microsoft-com:xslt">

<head>

<META http-equiv="Content-Type" content="text/html">

<meta http-equiv="content-type" content="text/html; charset=UTF-8">

</head>

<body style="margin:0px 0px 0px 0px;overflow:auto;background:#FFFFFF;">

<table style="font-family:Arial,Verdana,Times;font-size:12px;text-align:left;width:100%;border-collapse:collapse;padding:3px 3px 3px 3px">

<tr style="text-align:center;font-weight:bold;background:#9CBCE2">

<td>5</td>

</tr>

<tr>

<td>

<table style="font-family:Arial,Verdana,Times;font-size:12px;text-align:left;width:100%;border-spacing:0px; padding:3px 3px 3px 3px">

<tr>

<td>FID</td>

<td>266</td>

</tr>

<tr bgcolor="#D4E4F3">

<td>Id</td>

<td>5</td>

</tr>

<tr>

<td>Area_Ha</td>

<td>61.742</td>

</tr>

</table>

</td>

</tr>

</table>

</body>

</html>]]></description>
			<styleUrl>#PolyStyle0031</styleUrl>
			<MultiGeometry>
				<Polygon>
					<outerBoundaryIs>
						<LinearRing>
							<coordinates>
								80.32287532848031,19.6016401832271,0 80.32344897587157,19.60020777463721,0 80.322944901829,19.60008633468805,0 80.32234697183748,19.59978522008133,0 80.32187506183649,19.59951446448214,0 80.32156083185259,19.59924430131457,0 80.32127989292179,19.59855584879218,0 80.32030053417465,19.59897057218115,0 80.32036260154864,19.59920990003053,0 80.32045444822268,19.59986775424651,0 80.32064115421905,19.60046619256221,0 80.32098692088876,19.60073647614583,0 80.32152152902398,19.60109713031698,0 80.3215518122779,19.60139611154476,0 80.3215815945172,19.60181463775535,0 80.32208479644753,19.60214528538049,0 80.3226829846529,19.60238662851794,0 80.32271101884166,19.60322356210882,0 80.32217489895508,19.60322154623868,0 80.32132353990056,19.6031884550425,0 80.32059832708129,19.60315583549015,0 80.319841201399,19.60321275269437,0 80.31983956846778,19.60360127371428,0 80.31971053272382,19.60428818080015,0 80.31942368616163,19.60500437840644,0 80.31891582687781,19.60577951350976,0 80.31815616973513,19.60643414749718,0 80.31746058942797,19.6068499273662,0 80.3172064005028,19.6072972644558,0 80.31704656975822,19.60780473220227,0 80.31717019633304,19.60840293436696,0 80.31707293470222,19.60903018588781,0 80.31688295216756,19.60920878563213,0 80.31628234852717,19.60953526054585,0 80.31577559721099,19.61004140986706,0 80.31545832272678,19.61048850445098,0 80.31532964150502,19.61108574861848,0 80.31535864959162,19.61168359204489,0 80.31532382241286,19.61246051273224,0 80.31532192477671,19.61290880533238,0 80.31506797307692,19.61329636630204,0 80.31456209249406,19.61359330837124,0 80.3143732419686,19.61350292965467,0 80.31405849157296,19.61335229803244,0 80.31380821318821,19.61287315839816,0 80.31365229719889,19.61245415130631,0 80.31349701619254,19.61188571326317,0 80.31324724915382,19.61128702823103,0 80.31290363198092,19.61050866502126,0 80.31233861914563,19.6098788894357,0 80.31189823553515,19.6096082280077,0 80.31253038538794,19.60928188834304,0 80.31363699029878,19.60862860139388,0 80.3145857731045,19.60800459366584,0 80.31515597544555,19.60740902870227,0 80.31601228176488,19.60627658797471,0 80.31655257681273,19.60529237775447,0 80.31683931031122,19.6046060713483,0 80.3171893666314,19.60386023095179,0 80.31731740401462,19.6034124156855,0 80.31757083001578,19.60314439537135,0 80.31795077850614,19.6027871935037,0 80.31826916346327,19.60207111745216,0 80.31858704220505,19.60147458562142,0 80.31877902619172,19.60081780386359,0 80.31862260449878,19.60051834541787,0 80.31821301533388,19.60042713622175,0 80.31773959905505,19.60051500471965,0 80.3172342681664,19.60069241115912,0 80.31682417486051,19.60072074370974,0 80.3165722659356,19.60063012847606,0 80.31657352786675,19.60033126625997,0 80.31663760902629,19.60009241564749,0 80.31689077847822,19.59988416852038,0 80.31723893268963,19.59958662076436,0 80.31765015695687,19.59928931109128,0 80.31809316714121,19.59893234727242,0 80.31837925279504,19.59839546859989,0 80.31863505904511,19.59755960773476,0 80.31860566224054,19.5970514223562,0 80.31876484758743,19.59669338340111,0 80.3190175060823,19.59660467796562,0 80.31926966163826,19.59663551717233,0 80.31952068669293,19.59693533229881,0 80.32011784766338,19.59741577343038,0 80.32043156986015,19.59780548400916,0 80.32093601084557,19.59783727197817,0 80.3214409531794,19.59774951349787,0 80.32185229046532,19.597422307541,0 80.32219942937499,19.59736383982687,0 80.32270311925573,19.59757494043676,0 80.32336386293368,19.59793606304421,0 80.32411834265962,19.59850674203179,0 80.32433572334338,19.59931449914515,0 80.32445912212269,19.59997247002357,0 80.32433035880599,19.60059960882424,0 80.32401225307419,19.60125592405826,0 80.32397822032392,19.60185353104346,0 80.32344247963647,19.6017618602982,0 80.32287532848031,19.6016401832271,0 
							</coordinates>
						</LinearRing>
					</outerBoundaryIs>
				</Polygon>
			</MultiGeometry>
		</Placemark>
		<Placemark id="ID_00036">
			<name>5</name>
			<Snippet maxLines="0"></Snippet>
			<description><![CDATA[<html xmlns:fo="http://www.w3.org/1999/XSL/Format" xmlns:msxsl="urn:schemas-microsoft-com:xslt">

<head>

<META http-equiv="Content-Type" content="text/html">

<meta http-equiv="content-type" content="text/html; charset=UTF-8">

</head>

<body style="margin:0px 0px 0px 0px;overflow:auto;background:#FFFFFF;">

<table style="font-family:Arial,Verdana,Times;font-size:12px;text-align:left;width:100%;border-collapse:collapse;padding:3px 3px 3px 3px">

<tr style="text-align:center;font-weight:bold;background:#9CBCE2">

<td>5</td>

</tr>

<tr>

<td>

<table style="font-family:Arial,Verdana,Times;font-size:12px;text-align:left;width:100%;border-spacing:0px; padding:3px 3px 3px 3px">

<tr>

<td>FID</td>

<td>271</td>

</tr>

<tr bgcolor="#D4E4F3">

<td>Id</td>

<td>5</td>

</tr>

<tr>

<td>Area_Ha</td>

<td>35.375</td>

</tr>

</table>

</td>

</tr>

</table>

</body>

</html>]]></description>
			<styleUrl>#PolyStyle0031</styleUrl>
			<MultiGeometry>
				<Polygon>
					<outerBoundaryIs>
						<LinearRing>
							<coordinates>
								80.31224493321403,19.61891648888869,0 80.31227723536003,19.61873729254044,0 80.31158451331412,19.61846566611118,0 80.31117564743739,19.61819512306891,0 80.3111456359504,19.6178363688726,0 80.31133601691394,19.6175681174512,0 80.31152614275126,19.61735963806968,0 80.31180948632621,19.61748026755754,0 80.31218732081017,19.61763114415291,0 80.31284939016982,19.61769344488141,0 80.313543506851,19.61763631883466,0 80.31471096460011,19.61752121868115,0 80.31531096871922,19.61734418107304,0 80.31594263715023,19.61713737506284,0 80.31613098721715,19.61734729690429,0 80.31616151529433,19.61758650597133,0 80.31533972399791,19.61800179643397,0 80.31533845855562,19.61830065798715,0 80.315368479421,19.61865941174974,0 80.31574619372175,19.61884016719648,0 80.31612403529194,19.61899103571531,0 80.31700651007453,19.61914381816761,0 80.31751089031928,19.61920550379235,0 80.31785681666041,19.61944590770339,0 80.31826506724477,19.61986586681003,0 80.31857844872674,19.62034523932772,0 80.31800795927872,19.62100058561225,0 80.31772132541194,19.62165700575757,0 80.31749663387322,19.62258263984657,0 80.31711474268145,19.62338813079875,0 80.31685837811047,19.62434353024364,0 80.31676072463085,19.62506043859494,0 80.31638223642946,19.62505900176501,0 80.31632193605692,19.62440126714355,0 80.31623022208019,19.62371352654147,0 80.3159800486099,19.62320450365332,0 80.31557179599352,19.62278453944485,0 80.31538192175458,19.62293325065951,0 80.31522181503426,19.62350048754982,0 80.31515594871007,19.62415774259036,0 80.31499558653888,19.62478475140534,0 80.31464610532983,19.62538115351786,0 80.31435970318591,19.6259777951035,0 80.31243672897,19.62573136808095,0 80.31335445897983,19.62501759236426,0 80.31367240350001,19.6244210726182,0 80.31396007357141,19.62352557073353,0 80.31431056716106,19.62269008071889,0 80.31510211120792,19.62197581458397,0 80.31601955514357,19.62132179628581,0 80.31649480239732,19.62081552822515,0 80.31646465243378,19.6204866608031,0 80.31599307286385,19.6201262304375,0 80.31530059134813,19.61979484567862,0 80.31438758915081,19.61940284557551,0 80.31391474932794,19.61934127139084,0 80.31347218046044,19.61957867761608,0 80.3125224345894,19.62041187941571,0 80.31141497942509,19.62124447281859,0 80.31037135799505,19.6218979839398,0 80.30976992832886,19.62240375149814,0 80.30926209394589,19.62314896874749,0 80.30872386466683,19.62362508840412,0 80.30824960837644,19.62389224607878,0 80.30796561683491,19.62392104126334,0 80.30758841216731,19.62362072514616,0 80.30755802400515,19.623351629045,0 80.30774867356136,19.62302360977555,0 80.30835113462146,19.62227876048836,0 80.3089215391186,19.62165333231702,0 80.30955489124784,19.62105803016415,0 80.31044068414093,19.6204338059249,0 80.31135813717526,19.61977981157373,0 80.31224493321403,19.61891648888869,0 
							</coordinates>
						</LinearRing>
					</outerBoundaryIs>
				</Polygon>
			</MultiGeometry>
		</Placemark>
		<Placemark id="ID_00037">
			<name>5</name>
			<Snippet maxLines="0"></Snippet>
			<description><![CDATA[<html xmlns:fo="http://www.w3.org/1999/XSL/Format" xmlns:msxsl="urn:schemas-microsoft-com:xslt">

<head>

<META http-equiv="Content-Type" content="text/html">

<meta http-equiv="content-type" content="text/html; charset=UTF-8">

</head>

<body style="margin:0px 0px 0px 0px;overflow:auto;background:#FFFFFF;">

<table style="font-family:Arial,Verdana,Times;font-size:12px;text-align:left;width:100%;border-collapse:collapse;padding:3px 3px 3px 3px">

<tr style="text-align:center;font-weight:bold;background:#9CBCE2">

<td>5</td>

</tr>

<tr>

<td>

<table style="font-family:Arial,Verdana,Times;font-size:12px;text-align:left;width:100%;border-spacing:0px; padding:3px 3px 3px 3px">

<tr>

<td>FID</td>

<td>272</td>

</tr>

<tr bgcolor="#D4E4F3">

<td>Id</td>

<td>5</td>

</tr>

<tr>

<td>Area_Ha</td>

<td>6.858</td>

</tr>

</table>

</td>

</tr>

</table>

</body>

</html>]]></description>
			<styleUrl>#PolyStyle0031</styleUrl>
			<MultiGeometry>
				<Polygon>
					<outerBoundaryIs>
						<LinearRing>
							<coordinates>
								80.31715951604819,19.6277218606717,0 80.31776043912683,19.62733561318146,0 80.31798311885089,19.6268881576997,0 80.31798488445654,19.62646975168946,0 80.31770227739861,19.62616981456754,0 80.31779866613999,19.62575176714802,0 80.31802210001631,19.62512499458025,0 80.31815154067451,19.62434843253669,0 80.31812302581315,19.62363104539832,0 80.31837723943124,19.62318370851369,0 80.31875773853379,19.62270696244576,0 80.31891342506302,19.62318573766052,0 80.31910115644685,19.62354508738736,0 80.3196980343978,19.62411518989371,0 80.31960152585172,19.62456312474264,0 80.31937721795279,19.62539910261429,0 80.3191519004275,19.62647416927564,0 80.31899003984891,19.62745981566098,0 80.31715951604819,19.6277218606717,0 
							</coordinates>
						</LinearRing>
					</outerBoundaryIs>
				</Polygon>
			</MultiGeometry>
		</Placemark>
		<Placemark id="ID_00038">
			<name>5</name>
			<Snippet maxLines="0"></Snippet>
			<description><![CDATA[<html xmlns:fo="http://www.w3.org/1999/XSL/Format" xmlns:msxsl="urn:schemas-microsoft-com:xslt">

<head>

<META http-equiv="Content-Type" content="text/html">

<meta http-equiv="content-type" content="text/html; charset=UTF-8">

</head>

<body style="margin:0px 0px 0px 0px;overflow:auto;background:#FFFFFF;">

<table style="font-family:Arial,Verdana,Times;font-size:12px;text-align:left;width:100%;border-collapse:collapse;padding:3px 3px 3px 3px">

<tr style="text-align:center;font-weight:bold;background:#9CBCE2">

<td>5</td>

</tr>

<tr>

<td>

<table style="font-family:Arial,Verdana,Times;font-size:12px;text-align:left;width:100%;border-spacing:0px; padding:3px 3px 3px 3px">

<tr>

<td>FID</td>

<td>273</td>

</tr>

<tr bgcolor="#D4E4F3">

<td>Id</td>

<td>5</td>

</tr>

<tr>

<td>Area_Ha</td>

<td>6.525</td>

</tr>

</table>

</td>

</tr>

</table>

</body>

</html>]]></description>
			<styleUrl>#PolyStyle0031</styleUrl>
			<MultiGeometry>
				<Polygon>
					<outerBoundaryIs>
						<LinearRing>
							<coordinates>
								80.32557054623774,19.61968177937068,0 80.32544558445211,19.6193943991631,0 80.32544698090871,19.61905967355933,0 80.32570019485617,19.61884543778983,0 80.32607896819758,19.61877512767288,0 80.32640747722515,19.61865681003843,0 80.32663555729572,19.61841856952678,0 80.32714207890758,19.61796618509749,0 80.32757101434518,19.61796778725314,0 80.32789822880258,19.61816028363677,0 80.32807316049966,19.61856739551429,0 80.32814676903226,19.61906976664691,0 80.32789236521754,19.61957091373593,0 80.32738613885293,19.61995157317148,0 80.32695470993721,19.6205476948311,0 80.32662400658667,19.62119201074341,0 80.32636979381361,19.62164533738577,0 80.32621820213268,19.62169258886224,0 80.32596628015538,19.62159600860286,0 80.32586644860362,19.62133263210446,0 80.32579214845416,19.62099762312659,0 80.32571914486869,19.62035179750946,0 80.32557054623774,19.61968177937068,0 
							</coordinates>
						</LinearRing>
					</outerBoundaryIs>
				</Polygon>
			</MultiGeometry>
		</Placemark>
		<Placemark id="ID_00039">
			<name>5</name>
			<Snippet maxLines="0"></Snippet>
			<description><![CDATA[<html xmlns:fo="http://www.w3.org/1999/XSL/Format" xmlns:msxsl="urn:schemas-microsoft-com:xslt">

<head>

<META http-equiv="Content-Type" content="text/html">

<meta http-equiv="content-type" content="text/html; charset=UTF-8">

</head>

<body style="margin:0px 0px 0px 0px;overflow:auto;background:#FFFFFF;">

<table style="font-family:Arial,Verdana,Times;font-size:12px;text-align:left;width:100%;border-collapse:collapse;padding:3px 3px 3px 3px">

<tr style="text-align:center;font-weight:bold;background:#9CBCE2">

<td>5</td>

</tr>

<tr>

<td>

<table style="font-family:Arial,Verdana,Times;font-size:12px;text-align:left;width:100%;border-spacing:0px; padding:3px 3px 3px 3px">

<tr>

<td>FID</td>

<td>274</td>

</tr>

<tr bgcolor="#D4E4F3">

<td>Id</td>

<td>5</td>

</tr>

<tr>

<td>Area_Ha</td>

<td>32.946</td>

</tr>

</table>

</td>

</tr>

</table>

</body>

</html>]]></description>
			<styleUrl>#PolyStyle0031</styleUrl>
			<MultiGeometry>
				<Polygon>
					<outerBoundaryIs>
						<LinearRing>
							<coordinates>
								80.33108640272334,19.61599640146495,0 80.33128765919822,19.61614060510753,0 80.33135949743303,19.61707333744929,0 80.33138255392004,19.61759942925706,0 80.33120445039279,19.61795740847748,0 80.33105147871329,19.61833939021624,0 80.3309485738277,19.61881719528385,0 80.33094669411115,19.61927146626949,0 80.33104534581305,19.61982174819406,0 80.33134585326162,19.62037277973643,0 80.33197556394551,19.62063812004965,0 80.33308271187273,19.62138341458527,0 80.33439143225183,19.6222011759091,0 80.33504697761197,19.622323144999,0 80.33555181849677,19.62227719000204,0 80.33590477481746,19.62235022032188,0 80.33600481988871,19.62256577369438,0 80.33597840913004,19.62285258880789,0 80.33193531381883,19.62427219368893,0 80.33261293895893,19.62515935317522,0 80.33276324916088,19.6254229132639,0 80.33266142998174,19.62563772006546,0 80.33230698668601,19.62592331806776,0 80.33200419353184,19.62592219476633,0 80.3315506960022,19.6257531459702,0 80.33112312474982,19.62541682692891,0 80.33067061968205,19.62500868615497,0 80.33024315131549,19.62464845612654,0 80.32979015496855,19.62435985813292,0 80.32916033459985,19.62411841894048,0 80.32860740509915,19.62359035219531,0 80.32833223314756,19.62301550153338,0 80.32835945215156,19.62253741612984,0 80.32906922872672,19.62175105384329,0 80.32959811129524,19.62199211737436,0 80.33043324744463,19.62139749101996,0 80.33025721739713,19.62125338019064,0 80.32955022501906,19.62137029584944,0 80.32907041941631,19.62146414604451,0 80.32871766709282,19.62134328450235,0 80.32869322928592,19.62115191857259,0 80.32879564620791,19.62079366007807,0 80.32897425447882,19.62031613867113,0 80.32927832635615,19.62000644991456,0 80.32925607011435,19.61928908624805,0 80.32923411151482,19.61849999555132,0 80.32946367451014,19.61790311640786,0 80.33019925034343,19.6169733884477,0 80.33108640272334,19.61599640146495,0 
							</coordinates>
						</LinearRing>
					</outerBoundaryIs>
				</Polygon>
			</MultiGeometry>
		</Placemark>
		<Placemark id="ID_00040">
			<name>5</name>
			<Snippet maxLines="0"></Snippet>
			<description><![CDATA[<html xmlns:fo="http://www.w3.org/1999/XSL/Format" xmlns:msxsl="urn:schemas-microsoft-com:xslt">

<head>

<META http-equiv="Content-Type" content="text/html">

<meta http-equiv="content-type" content="text/html; charset=UTF-8">

</head>

<body style="margin:0px 0px 0px 0px;overflow:auto;background:#FFFFFF;">

<table style="font-family:Arial,Verdana,Times;font-size:12px;text-align:left;width:100%;border-collapse:collapse;padding:3px 3px 3px 3px">

<tr style="text-align:center;font-weight:bold;background:#9CBCE2">

<td>5</td>

</tr>

<tr>

<td>

<table style="font-family:Arial,Verdana,Times;font-size:12px;text-align:left;width:100%;border-spacing:0px; padding:3px 3px 3px 3px">

<tr>

<td>FID</td>

<td>275</td>

</tr>

<tr bgcolor="#D4E4F3">

<td>Id</td>

<td>5</td>

</tr>

<tr>

<td>Area_Ha</td>

<td>1.243</td>

</tr>

</table>

</td>

</tr>

</table>

</body>

</html>]]></description>
			<styleUrl>#PolyStyle0031</styleUrl>
			<MultiGeometry>
				<Polygon>
					<outerBoundaryIs>
						<LinearRing>
							<coordinates>
								80.31727948996445,19.62958596513743,0 80.31736257955299,19.62903158480224,0 80.3174250781026,19.62857276345963,0 80.31738599781518,19.62826657634546,0 80.31795121821038,19.62826871890275,0 80.31817213931787,19.62853733994207,0 80.31833258229706,19.6287866042632,0 80.31829043415513,19.62920724818441,0 80.31810794799135,19.62939783127785,0 80.31774378192094,19.62958772561345,0 80.31727948996445,19.62958596513743,0 
							</coordinates>
						</LinearRing>
					</outerBoundaryIs>
				</Polygon>
			</MultiGeometry>
		</Placemark>
		<Placemark id="ID_00041">
			<name>5</name>
			<Snippet maxLines="0"></Snippet>
			<description><![CDATA[<html xmlns:fo="http://www.w3.org/1999/XSL/Format" xmlns:msxsl="urn:schemas-microsoft-com:xslt">

<head>

<META http-equiv="Content-Type" content="text/html">

<meta http-equiv="content-type" content="text/html; charset=UTF-8">

</head>

<body style="margin:0px 0px 0px 0px;overflow:auto;background:#FFFFFF;">

<table style="font-family:Arial,Verdana,Times;font-size:12px;text-align:left;width:100%;border-collapse:collapse;padding:3px 3px 3px 3px">

<tr style="text-align:center;font-weight:bold;background:#9CBCE2">

<td>5</td>

</tr>

<tr>

<td>

<table style="font-family:Arial,Verdana,Times;font-size:12px;text-align:left;width:100%;border-spacing:0px; padding:3px 3px 3px 3px">

<tr>

<td>FID</td>

<td>276</td>

</tr>

<tr bgcolor="#D4E4F3">

<td>Id</td>

<td>5</td>

</tr>

<tr>

<td>Area_Ha</td>

<td>30.818</td>

</tr>

</table>

</td>

</tr>

</table>

</body>

</html>]]></description>
			<styleUrl>#PolyStyle0031</styleUrl>
			<MultiGeometry>
				<Polygon>
					<outerBoundaryIs>
						<LinearRing>
							<coordinates>
								80.32565958872225,19.62583797012735,0 80.32670410377004,19.6258705709166,0 80.32730897278681,19.62604497936686,0 80.32788332520525,19.62627665428829,0 80.3283063419299,19.62649341719963,0 80.32891079820442,19.62676823804322,0 80.32904723440809,19.62672570980905,0 80.32944086723087,19.62672717652448,0 80.32978872398563,19.62681454558919,0 80.3300146901059,19.62708795324463,0 80.33025532118495,19.62747618003357,0 80.3306630263029,19.62773591738797,0 80.33105666171652,19.62773738064255,0 80.33148093285968,19.62765288316865,0 80.33146502159603,19.62783931697528,0 80.33146389408219,19.6281118793254,0 80.33141675340514,19.62852772683068,0 80.33121797559916,19.62900039337734,0 80.33105001102486,19.62934406373366,0 80.33118543958673,19.6295454054608,0 80.33162360942394,19.62976221713667,0 80.33150201453572,19.62987653040532,0 80.33069911789066,19.6299883114318,0 80.32991683293443,19.62878037025208,0 80.32899228539721,19.62902080127765,0 80.32924644896184,19.62979641098188,0 80.32900397051459,19.62985288959937,0 80.32867041339597,19.62996641059501,0 80.32869991871205,19.63015301341122,0 80.32891092609121,19.63038332984015,0 80.32880458811226,19.63046900690809,0 80.32807696987921,19.63068147598082,0 80.32771659188184,19.62996285050183,0 80.32701907550999,19.63021846454351,0 80.32721243181501,19.63105123181697,0 80.32793331026193,19.6324597932101,0 80.32608631896754,19.63242419534627,0 80.32579997118306,19.63210751994781,0 80.32536354037335,19.63147467866686,0 80.32496899734872,19.63168838312308,0 80.3246197539558,19.63193094785101,0 80.32433239016459,19.63185814132961,0 80.32400038633162,19.63159867409494,0 80.32378950468261,19.63133966138207,0 80.32389638603861,19.63112487914685,0 80.32424640859588,19.63069582608799,0 80.32467254915706,19.63016663877844,0 80.32499372569761,19.62939318172314,0 80.32502520399181,19.62910638795821,0 80.32501144219195,19.62877638775994,0 80.32522543738671,19.6282894399713,0 80.32540998993726,19.62760154321925,0 80.3255802990156,19.62669840888877,0 80.32565958872225,19.62583797012735,0 
							</coordinates>
						</LinearRing>
					</outerBoundaryIs>
				</Polygon>
			</MultiGeometry>
		</Placemark>
		<Placemark id="ID_00042">
			<name>5</name>
			<Snippet maxLines="0"></Snippet>
			<description><![CDATA[<html xmlns:fo="http://www.w3.org/1999/XSL/Format" xmlns:msxsl="urn:schemas-microsoft-com:xslt">

<head>

<META http-equiv="Content-Type" content="text/html">

<meta http-equiv="content-type" content="text/html; charset=UTF-8">

</head>

<body style="margin:0px 0px 0px 0px;overflow:auto;background:#FFFFFF;">

<table style="font-family:Arial,Verdana,Times;font-size:12px;text-align:left;width:100%;border-collapse:collapse;padding:3px 3px 3px 3px">

<tr style="text-align:center;font-weight:bold;background:#9CBCE2">

<td>5</td>

</tr>

<tr>

<td>

<table style="font-family:Arial,Verdana,Times;font-size:12px;text-align:left;width:100%;border-spacing:0px; padding:3px 3px 3px 3px">

<tr>

<td>FID</td>

<td>277</td>

</tr>

<tr bgcolor="#D4E4F3">

<td>Id</td>

<td>5</td>

</tr>

<tr>

<td>Area_Ha</td>

<td>65.531</td>

</tr>

</table>

</td>

</tr>

</table>

</body>

</html>]]></description>
			<styleUrl>#PolyStyle0031</styleUrl>
			<MultiGeometry>
				<Polygon>
					<outerBoundaryIs>
						<LinearRing>
							<coordinates>
								80.3141578638589,19.63475093232496,0 80.31436119743752,19.63440741378021,0 80.31521173520926,19.63377944769805,0 80.3159182844979,19.6337821348742,0 80.31618120286973,19.63366836960347,0 80.31660561766836,19.63355521727962,0 80.31706992096464,19.63355697983531,0 80.31761561902287,19.63340603046635,0 80.31773754925214,19.63321521852751,0 80.31781950891801,19.63292861786707,0 80.31864645107815,19.63310389739,0 80.31876491190954,19.63373555090242,0 80.31890501227956,19.63402299257284,0 80.31914685524603,19.63411954484665,0 80.3195096605378,19.63425480910126,0 80.31997356356725,19.63435219984303,0 80.32041703858715,19.63450689454604,0 80.32086099693635,19.63454682541964,0 80.32083879941162,19.63502492738504,0 80.32065695284517,19.63506249583712,0 80.32035446517312,19.63498484393688,0 80.31978938207423,19.63494445398238,0 80.31990736535691,19.63569086951151,0 80.32004690579393,19.63611220018359,0 80.32071301069404,19.63613384339279,0 80.32123732152689,19.63626971390178,0 80.32141804444849,19.63649992465484,0 80.3214971875595,19.63688277164968,0 80.32161646519205,19.63732315220194,0 80.32179646699933,19.63772550671298,0 80.32064376036101,19.63819934374666,0 80.31919274571672,19.63760090930536,0 80.31739839241395,19.63703941607807,0 80.31707425967799,19.63730596994414,0 80.3171134218519,19.63759302976362,0 80.31731457033702,19.63776593977346,0 80.31729284664854,19.63812927817629,0 80.31747324250441,19.63843600115825,0 80.31777638136072,19.63836064117593,0 80.31791914919532,19.63801688900953,0 80.31826298530436,19.63786517278924,0 80.31862571741746,19.6380195661101,0 80.31906855589676,19.63832728122828,0 80.31985378231671,19.63882756408891,0 80.32059831614889,19.63940419964107,0 80.32099990192256,19.63992215598558,0 80.32134124781678,19.6403633745665,0 80.32109714284059,19.64080238420754,0 80.32093636249299,19.64062963065412,0 80.32059429300934,19.64036055535506,0 80.32029187603345,19.64026377598739,0 80.31996830502925,19.64039644514728,0 80.31980543177993,19.64072099548223,0 80.31980357887096,19.64116091898644,0 80.31958159077506,19.64114095212827,0 80.31923903881081,19.64098663694321,0 80.31854634990817,19.64247595230451,0 80.31826298805271,19.64264702533327,0 80.31787844190218,19.64287509646082,0 80.31747338299769,19.64317959851153,0 80.31717088196095,19.64310194091906,0 80.31662612183801,19.64302336268476,0 80.31600012309369,19.64305923832214,0 80.31602517234005,19.64191168965412,0 80.31655079258483,19.64174154068014,0 80.31703644002084,19.64147560137441,0 80.31750278700819,19.64099918602317,0 80.31790913279721,19.64038865003299,0 80.3172455177677,19.63977405582357,0 80.3167998471214,19.64013578472806,0 80.3157324806298,19.63951965143671,0 80.31652587700781,19.63808811157919,0 80.31646612344898,19.63789661049656,0 80.31620279340717,19.63810601143303,0 80.31541725799764,19.63768222143544,0 80.31533715616449,19.63752889740183,0 80.31521757130869,19.63716502159942,0 80.3148358740255,19.63672363821396,0 80.31449179386514,19.63693272916887,0 80.31422781333355,19.63729514396402,0 80.31400306952514,19.63792549155147,0 80.31391841914946,19.63884328402099,0 80.31369318411714,19.6395883935376,0 80.31322593572939,19.64027519679774,0 80.31254052337768,19.64004305036062,0 80.31329552656993,19.63815232137913,0 80.31265090524482,19.63782469423028,0 80.31244894767602,19.63784305001753,0 80.31118972949338,19.63961708125738,0 80.31098736156636,19.63973107070897,0 80.31064498458841,19.6395384853221,0 80.31033120846278,19.63737588782851,0 80.3113203169554,19.63739880367081,0 80.31192635108823,19.63730548521401,0 80.3128972248097,19.63686926504782,0 80.31332270716015,19.63650746863519,0 80.31358660705517,19.63616418225305,0 80.31358782618845,19.63587727583645,0 80.31308419915675,19.63562669776694,0 80.31304203500983,19.63604733967721,0 80.31259799373443,19.63602651654304,0 80.31255900269693,19.63570120176228,0 80.31247914875253,19.63549049526094,0 80.3124801255981,19.63526097016467,0 80.3121987250253,19.63497298378832,0 80.3117756889787,19.63476096497399,0 80.31141321566906,19.63454917693909,0 80.31133417909902,19.63414719907347,0 80.31141606903257,19.63387972880562,0 80.31105310876575,19.63378270263447,0 80.31097374711474,19.6334572329729,0 80.31071196814203,19.63330321130077,0 80.310430982285,19.63291958685462,0 80.31059435537999,19.63248028251805,0 80.31087844096855,19.63213707725838,0 80.31236917828302,19.6328696206465,0 80.31257169928998,19.6327173750707,0 80.31287596815224,19.63237424365807,0 80.31344112110413,19.63239552791057,0 80.3140255679227,19.63262728547764,0 80.31376151248662,19.63300882704278,0 80.31367930188044,19.63335280693648,0 80.31381809294922,19.63394628589827,0 80.3141578638589,19.63475093232496,0 
							</coordinates>
						</LinearRing>
					</outerBoundaryIs>
				</Polygon>
			</MultiGeometry>
		</Placemark>
		<Placemark id="ID_00043">
			<name>5</name>
			<Snippet maxLines="0"></Snippet>
			<description><![CDATA[<html xmlns:fo="http://www.w3.org/1999/XSL/Format" xmlns:msxsl="urn:schemas-microsoft-com:xslt">

<head>

<META http-equiv="Content-Type" content="text/html">

<meta http-equiv="content-type" content="text/html; charset=UTF-8">

</head>

<body style="margin:0px 0px 0px 0px;overflow:auto;background:#FFFFFF;">

<table style="font-family:Arial,Verdana,Times;font-size:12px;text-align:left;width:100%;border-collapse:collapse;padding:3px 3px 3px 3px">

<tr style="text-align:center;font-weight:bold;background:#9CBCE2">

<td>5</td>

</tr>

<tr>

<td>

<table style="font-family:Arial,Verdana,Times;font-size:12px;text-align:left;width:100%;border-spacing:0px; padding:3px 3px 3px 3px">

<tr>

<td>FID</td>

<td>278</td>

</tr>

<tr bgcolor="#D4E4F3">

<td>Id</td>

<td>5</td>

</tr>

<tr>

<td>Area_Ha</td>

<td>35.808</td>

</tr>

</table>

</td>

</tr>

</table>

</body>

</html>]]></description>
			<styleUrl>#PolyStyle0031</styleUrl>
			<MultiGeometry>
				<Polygon>
					<outerBoundaryIs>
						<LinearRing>
							<coordinates>
								80.30172638209727,19.63131598551133,0 80.30198071651257,19.63133888816765,0 80.30238352268131,19.63155563294313,0 80.30260886974193,19.63196296307697,0 80.30258157216375,19.63244104174542,0 80.30265489958863,19.63299123797663,0 80.30293143886908,19.6332314015272,0 80.30323383143448,19.63332820943608,0 80.3035865888849,19.63344912097506,0 80.30371368518932,19.63323442974675,0 80.30371450950375,19.63304315914099,0 80.3037161581036,19.63266061791712,0 80.30366847290006,19.63201488431145,0 80.30378176903825,19.62914621486494,0 80.30403615956709,19.62866901392282,0 80.30474412489207,19.6283370204866,0 80.30540131320289,19.62807655597901,0 80.30588125288534,19.62795886109102,0 80.30631226541558,19.62748233762555,0 80.30669250210278,19.62707734523891,0 80.30706904657235,19.62753307089015,0 80.30726937239942,19.62789248070752,0 80.30691518843224,19.62810630058048,0 80.30646027674416,19.62827191316098,0 80.30645914807563,19.62853491053582,0 80.30608065256011,19.62853345180156,0 80.30582770603034,19.62867593196112,0 80.30575067159384,19.62898645502821,0 80.30587509125701,19.62939339200589,0 80.30605028600006,19.62972879693743,0 80.30632600400332,19.63016022611786,0 80.30682913136827,19.63052080312153,0 80.30690585692761,19.63028200615339,0 80.30730958991778,19.6302835603902,0 80.3072831266557,19.63057036948977,0 80.3077129132196,19.63038074913555,0 80.30809233457079,19.63016702486883,0 80.308320355332,19.62995271802092,0 80.30862387060554,19.6297865193698,0 80.30890092501623,19.62990712963381,0 80.30910156442845,19.63019481094912,0 80.30897437543722,19.63043341520492,0 80.3089477105858,19.63076804235091,0 80.30889581215109,19.63110257258605,0 80.30859065769424,19.63165131328443,0 80.30818538562482,19.63200839459634,0 80.30719943051335,19.63243496825332,0 80.30611140598205,19.63312414441342,0 80.30600903317576,19.63345847893132,0 80.3056303206484,19.63350483656886,0 80.30525088822777,19.63371855522811,0 80.30474497679924,19.63400351214048,0 80.30441425987236,19.63462387396871,0 80.30494335045822,19.63481719211018,0 80.30534565529706,19.63515347470181,0 80.3058765979568,19.63491643121436,0 80.30638117591079,19.63494228602937,0 80.30673311857898,19.63525446224202,0 80.30695837906117,19.63568569609059,0 80.30715830394676,19.63614074135004,0 80.30710639972126,19.63647527070591,0 80.30695407083655,19.63668986712368,0 80.30617180724536,19.63668685247987,0 80.3056173719677,19.63651734920892,0 80.30491184105972,19.63627553299609,0 80.30423175249857,19.63598599400546,0 80.30330025310094,19.63548029633735,0 80.30330138734412,19.63521729934209,0 80.30337884222594,19.63481114249345,0 80.3036572406787,19.63462094623493,0 80.30373417912027,19.63433433328439,0 80.30355826311954,19.63416628801959,0 80.30290125329491,19.63437892713752,0 80.30211858843829,19.63447153047406,0 80.30154303746052,19.63436434256358,0 80.30162525501494,19.63224963203764,0 80.30172638209727,19.63131598551133,0 
							</coordinates>
						</LinearRing>
					</outerBoundaryIs>
				</Polygon>
			</MultiGeometry>
		</Placemark>
		<Placemark id="ID_00044">
			<name>5</name>
			<Snippet maxLines="0"></Snippet>
			<description><![CDATA[<html xmlns:fo="http://www.w3.org/1999/XSL/Format" xmlns:msxsl="urn:schemas-microsoft-com:xslt">

<head>

<META http-equiv="Content-Type" content="text/html">

<meta http-equiv="content-type" content="text/html; charset=UTF-8">

</head>

<body style="margin:0px 0px 0px 0px;overflow:auto;background:#FFFFFF;">

<table style="font-family:Arial,Verdana,Times;font-size:12px;text-align:left;width:100%;border-collapse:collapse;padding:3px 3px 3px 3px">

<tr style="text-align:center;font-weight:bold;background:#9CBCE2">

<td>5</td>

</tr>

<tr>

<td>

<table style="font-family:Arial,Verdana,Times;font-size:12px;text-align:left;width:100%;border-spacing:0px; padding:3px 3px 3px 3px">

<tr>

<td>FID</td>

<td>280</td>

</tr>

<tr bgcolor="#D4E4F3">

<td>Id</td>

<td>5</td>

</tr>

<tr>

<td>Area_Ha</td>

<td>3.784</td>

</tr>

</table>

</td>

</tr>

</table>

</body>

</html>]]></description>
			<styleUrl>#PolyStyle0031</styleUrl>
			<MultiGeometry>
				<Polygon>
					<outerBoundaryIs>
						<LinearRing>
							<coordinates>
								80.30688550175803,19.63752642593976,0 80.30730063966305,19.63781493532905,0 80.30767741485565,19.63822284231764,0 80.30751267270649,19.63838957292801,0 80.30710758606318,19.63869883330412,0 80.30658842861713,19.63912719922657,0 80.30582851063313,19.63979372694905,0 80.3052460534591,19.64026966293845,0 80.30505581462299,19.64049606570353,0 80.30487891308142,19.64055515531476,0 80.30470232022139,19.64054251831463,0 80.30463964474438,19.64044663924531,0 80.3046151819604,19.64026722562573,0 80.3046413432964,19.64005214385446,0 80.30470551113564,19.6398013451396,0 80.3048958010492,19.63956298831028,0 80.30506090712018,19.63931257938027,0 80.30540301526582,19.63897917144135,0 80.30569454999886,19.63866947686956,0 80.30620139904056,19.63816933840561,0 80.30661956509491,19.63775253896027,0 80.30688550175803,19.63752642593976,0 
							</coordinates>
						</LinearRing>
					</outerBoundaryIs>
				</Polygon>
			</MultiGeometry>
		</Placemark>
		<Placemark id="ID_00045">
			<name>5</name>
			<Snippet maxLines="0"></Snippet>
			<description><![CDATA[<html xmlns:fo="http://www.w3.org/1999/XSL/Format" xmlns:msxsl="urn:schemas-microsoft-com:xslt">

<head>

<META http-equiv="Content-Type" content="text/html">

<meta http-equiv="content-type" content="text/html; charset=UTF-8">

</head>

<body style="margin:0px 0px 0px 0px;overflow:auto;background:#FFFFFF;">

<table style="font-family:Arial,Verdana,Times;font-size:12px;text-align:left;width:100%;border-collapse:collapse;padding:3px 3px 3px 3px">

<tr style="text-align:center;font-weight:bold;background:#9CBCE2">

<td>5</td>

</tr>

<tr>

<td>

<table style="font-family:Arial,Verdana,Times;font-size:12px;text-align:left;width:100%;border-spacing:0px; padding:3px 3px 3px 3px">

<tr>

<td>FID</td>

<td>318</td>

</tr>

<tr bgcolor="#D4E4F3">

<td>Id</td>

<td>5</td>

</tr>

<tr>

<td>Area_Ha</td>

<td>2.703</td>

</tr>

</table>

</td>

</tr>

</table>

</body>

</html>]]></description>
			<styleUrl>#PolyStyle0031</styleUrl>
			<MultiGeometry>
				<Polygon>
					<outerBoundaryIs>
						<LinearRing>
							<coordinates>
								80.30890983797819,19.64466093808881,0 80.30849708056404,19.64440113229427,0 80.30806458692301,19.64403604912691,0 80.3078938876008,19.64382499136246,0 80.30785408483582,19.64369094662392,0 80.30777415150411,19.64349936534113,0 80.30786557277882,19.64336582552138,0 80.30798703039356,19.64328978331395,0 80.3081589995455,19.64320437160614,0 80.30839132848939,19.643167010233,0 80.30867355476185,19.64326373194114,0 80.30886522061026,19.64329315948991,0 80.30922844606958,19.64333280939713,0 80.30940985436708,19.6434004517326,0 80.30951042779913,19.64348691100066,0 80.30950981435727,19.64363036396558,0 80.30946845612623,19.64385973371238,0 80.30959923063652,19.64396543624307,0 80.30978027187236,19.64411915000503,0 80.30997136678876,19.64428246584585,0 80.31006131560373,19.64449321200609,0 80.30997986705252,19.64465548227557,0 80.30987806634661,19.64485592916698,0 80.30967585441054,19.64493166273091,0 80.30932304675051,19.64481554414746,0 80.30890983797819,19.64466093808881,0 
							</coordinates>
						</LinearRing>
					</outerBoundaryIs>
				</Polygon>
			</MultiGeometry>
		</Placemark>
		<Placemark id="ID_00046">
			<name>5</name>
			<Snippet maxLines="0"></Snippet>
			<description><![CDATA[<html xmlns:fo="http://www.w3.org/1999/XSL/Format" xmlns:msxsl="urn:schemas-microsoft-com:xslt">

<head>

<META http-equiv="Content-Type" content="text/html">

<meta http-equiv="content-type" content="text/html; charset=UTF-8">

</head>

<body style="margin:0px 0px 0px 0px;overflow:auto;background:#FFFFFF;">

<table style="font-family:Arial,Verdana,Times;font-size:12px;text-align:left;width:100%;border-collapse:collapse;padding:3px 3px 3px 3px">

<tr style="text-align:center;font-weight:bold;background:#9CBCE2">

<td>5</td>

</tr>

<tr>

<td>

<table style="font-family:Arial,Verdana,Times;font-size:12px;text-align:left;width:100%;border-spacing:0px; padding:3px 3px 3px 3px">

<tr>

<td>FID</td>

<td>344</td>

</tr>

<tr bgcolor="#D4E4F3">

<td>Id</td>

<td>5</td>

</tr>

<tr>

<td>Area_Ha</td>

<td>1.451</td>

</tr>

</table>

</td>

</tr>

</table>

</body>

</html>]]></description>
			<styleUrl>#PolyStyle0031</styleUrl>
			<MultiGeometry>
				<Polygon>
					<outerBoundaryIs>
						<LinearRing>
							<coordinates>
								80.32610157224576,19.67740540404044,0 80.32677159012904,19.6767574973585,0 80.32734492242639,19.67727608393092,0 80.32679539457158,19.67781769902853,0 80.32610157224576,19.67740540404044,0 
							</coordinates>
						</LinearRing>
					</outerBoundaryIs>
				</Polygon>
			</MultiGeometry>
		</Placemark>
		<Placemark id="ID_00047">
			<name>5</name>
			<Snippet maxLines="0"></Snippet>
			<description><![CDATA[<html xmlns:fo="http://www.w3.org/1999/XSL/Format" xmlns:msxsl="urn:schemas-microsoft-com:xslt">

<head>

<META http-equiv="Content-Type" content="text/html">

<meta http-equiv="content-type" content="text/html; charset=UTF-8">

</head>

<body style="margin:0px 0px 0px 0px;overflow:auto;background:#FFFFFF;">

<table style="font-family:Arial,Verdana,Times;font-size:12px;text-align:left;width:100%;border-collapse:collapse;padding:3px 3px 3px 3px">

<tr style="text-align:center;font-weight:bold;background:#9CBCE2">

<td>5</td>

</tr>

<tr>

<td>

<table style="font-family:Arial,Verdana,Times;font-size:12px;text-align:left;width:100%;border-spacing:0px; padding:3px 3px 3px 3px">

<tr>

<td>FID</td>

<td>346</td>

</tr>

<tr bgcolor="#D4E4F3">

<td>Id</td>

<td>5</td>

</tr>

<tr>

<td>Area_Ha</td>

<td>5.128</td>

</tr>

</table>

</td>

</tr>

</table>

</body>

</html>]]></description>
			<styleUrl>#PolyStyle0031</styleUrl>
			<MultiGeometry>
				<Polygon>
					<outerBoundaryIs>
						<LinearRing>
							<coordinates>
								80.32688952683574,19.67296510256266,0 80.32640571633526,19.67277201562297,0 80.32610435479431,19.67240746553853,0 80.32610579394303,19.67206317832609,0 80.32622774504914,19.67187236201324,0 80.32661131188874,19.67189292737159,0 80.3269952780805,19.67181785655563,0 80.32717780367476,19.67162726644727,0 80.32730039164588,19.67128343275893,0 80.3276238603069,19.67118900666279,0 80.32796712181349,19.67119029088092,0 80.3281887540076,19.6713058839622,0 80.3284908354012,19.67149828696945,0 80.32865085724808,19.67186230511159,0 80.32877049582082,19.67222617224942,0 80.32893012087959,19.67268582554115,0 80.3288679521909,19.67306814080784,0 80.32870538002103,19.67331618928866,0 80.32850226368721,19.67360234081016,0 80.32828014995,19.67360151048431,0 80.32791708984939,19.67350451581856,0 80.32739305180357,19.67327302624734,0 80.32688952683574,19.67296510256266,0 
							</coordinates>
						</LinearRing>
					</outerBoundaryIs>
				</Polygon>
			</MultiGeometry>
		</Placemark>
		<Placemark id="ID_00048">
			<name>5</name>
			<Snippet maxLines="0"></Snippet>
			<description><![CDATA[<html xmlns:fo="http://www.w3.org/1999/XSL/Format" xmlns:msxsl="urn:schemas-microsoft-com:xslt">

<head>

<META http-equiv="Content-Type" content="text/html">

<meta http-equiv="content-type" content="text/html; charset=UTF-8">

</head>

<body style="margin:0px 0px 0px 0px;overflow:auto;background:#FFFFFF;">

<table style="font-family:Arial,Verdana,Times;font-size:12px;text-align:left;width:100%;border-collapse:collapse;padding:3px 3px 3px 3px">

<tr style="text-align:center;font-weight:bold;background:#9CBCE2">

<td>5</td>

</tr>

<tr>

<td>

<table style="font-family:Arial,Verdana,Times;font-size:12px;text-align:left;width:100%;border-spacing:0px; padding:3px 3px 3px 3px">

<tr>

<td>FID</td>

<td>347</td>

</tr>

<tr bgcolor="#D4E4F3">

<td>Id</td>

<td>5</td>

</tr>

<tr>

<td>Area_Ha</td>

<td>4.338</td>

</tr>

</table>

</td>

</tr>

</table>

</body>

</html>]]></description>
			<styleUrl>#PolyStyle0031</styleUrl>
			<MultiGeometry>
				<Polygon>
					<outerBoundaryIs>
						<LinearRing>
							<coordinates>
								80.32976442870226,19.67599797556392,0 80.32972547547671,19.67565353755062,0 80.32990800242573,19.67546294478181,0 80.33009044944858,19.6752914788874,0 80.33023274979826,19.67506248099938,0 80.33015261628162,19.67490916323153,0 80.32999147516851,19.67481292544557,0 80.32989154727406,19.67456389687183,0 80.32989273996874,19.67427699070756,0 80.33021621332865,19.67418256010689,0 80.33049866635261,19.67424099506249,0 80.33082166290997,19.67426132584815,0 80.33110459253238,19.6742049973655,0 80.33142790644877,19.67414881872534,0 80.33175161661181,19.67399700406785,0 80.33213574430215,19.67388366818462,0 80.33239816381005,19.67390377091804,0 80.33251844589095,19.67411461906349,0 80.33255772162718,19.67438254834129,0 80.33241494986424,19.67472631072438,0 80.33202971065951,19.67510742632856,0 80.33150312277873,19.67548801510355,0 80.33095657815822,19.67581114580668,0 80.33018791406639,19.67613344670159,0 80.32976442870226,19.67599797556392,0 
							</coordinates>
						</LinearRing>
					</outerBoundaryIs>
				</Polygon>
			</MultiGeometry>
		</Placemark>
		<Placemark id="ID_00049">
			<name>5</name>
			<Snippet maxLines="0"></Snippet>
			<description><![CDATA[<html xmlns:fo="http://www.w3.org/1999/XSL/Format" xmlns:msxsl="urn:schemas-microsoft-com:xslt">

<head>

<META http-equiv="Content-Type" content="text/html">

<meta http-equiv="content-type" content="text/html; charset=UTF-8">

</head>

<body style="margin:0px 0px 0px 0px;overflow:auto;background:#FFFFFF;">

<table style="font-family:Arial,Verdana,Times;font-size:12px;text-align:left;width:100%;border-collapse:collapse;padding:3px 3px 3px 3px">

<tr style="text-align:center;font-weight:bold;background:#9CBCE2">

<td>5</td>

</tr>

<tr>

<td>

<table style="font-family:Arial,Verdana,Times;font-size:12px;text-align:left;width:100%;border-spacing:0px; padding:3px 3px 3px 3px">

<tr>

<td>FID</td>

<td>348</td>

</tr>

<tr bgcolor="#D4E4F3">

<td>Id</td>

<td>5</td>

</tr>

<tr>

<td>Area_Ha</td>

<td>48.601</td>

</tr>

</table>

</td>

</tr>

</table>

</body>

</html>]]></description>
			<styleUrl>#PolyStyle0031</styleUrl>
			<MultiGeometry>
				<Polygon>
					<outerBoundaryIs>
						<LinearRing>
							<coordinates>
								80.33763835185555,19.67262011308304,0 80.33692907253239,19.67323913726526,0 80.33619868241468,19.67285389220137,0 80.33552005705529,19.6721580155161,0 80.33511887920216,19.67151098176319,0 80.33459042007573,19.67112647751794,0 80.33396021422932,19.67093286857662,0 80.33312749841711,19.67088196139946,0 80.33270059889561,19.67035437321172,0 80.33227429622016,19.66968333083411,0 80.33137023116774,19.66858014409009,0 80.33074202403117,19.66790834684637,0 80.33041460784943,19.66773976249161,0 80.33026386720478,19.66757183609547,0 80.33034037928982,19.66738084733161,0 80.33064493718699,19.66697552492158,0 80.33107499487485,19.6667380338204,0 80.33223649033206,19.66662280722632,0 80.33337264642658,19.66653138833854,0 80.3344073516419,19.66655913279847,0 80.33521500375018,19.66656212227846,0 80.33609857026887,19.66651757007022,0 80.33662869034333,19.66649561843317,0 80.3374879011962,19.66623578605852,0 80.33716038263339,19.66609112276214,0 80.33688373599166,19.66585100953044,0 80.33670824279807,19.66556345071338,0 80.33630599336034,19.66517941741664,0 80.33625708986061,19.66479668854869,0 80.33620887536232,19.6642465973252,0 80.33658814537864,19.66408063279454,0 80.3366399012161,19.66377000330617,0 80.33679261144742,19.66345974633046,0 80.33704529280034,19.66338895070891,0 80.33717079825279,19.66355677851165,0 80.33752227381628,19.6640123505697,0 80.33779695507447,19.66473064104271,0 80.3379970994567,19.6651617452897,0 80.33817210400017,19.66556884747027,0 80.33842410159845,19.66566541238874,0 80.33890256466299,19.66593017508788,0 80.33940724777121,19.66595594017128,0 80.33955349258453,19.66722366923609,0 80.33957452133014,19.66825184520685,0 80.33947160489456,19.66872965232781,0 80.33911756607571,19.66889571545684,0 80.33896524683642,19.66911033858162,0 80.3388874695685,19.66961214700812,0 80.33883551971947,19.66997059481964,0 80.3380760717444,19.67051771173418,0 80.33744242487752,19.67116092623134,0 80.33736464169547,19.67166273371885,0 80.33763835185555,19.67262011308304,0 
							</coordinates>
						</LinearRing>
					</outerBoundaryIs>
				</Polygon>
			</MultiGeometry>
		</Placemark>
		<Placemark id="ID_00050">
			<name>5</name>
			<Snippet maxLines="0"></Snippet>
			<description><![CDATA[<html xmlns:fo="http://www.w3.org/1999/XSL/Format" xmlns:msxsl="urn:schemas-microsoft-com:xslt">

<head>

<META http-equiv="Content-Type" content="text/html">

<meta http-equiv="content-type" content="text/html; charset=UTF-8">

</head>

<body style="margin:0px 0px 0px 0px;overflow:auto;background:#FFFFFF;">

<table style="font-family:Arial,Verdana,Times;font-size:12px;text-align:left;width:100%;border-collapse:collapse;padding:3px 3px 3px 3px">

<tr style="text-align:center;font-weight:bold;background:#9CBCE2">

<td>5</td>

</tr>

<tr>

<td>

<table style="font-family:Arial,Verdana,Times;font-size:12px;text-align:left;width:100%;border-spacing:0px; padding:3px 3px 3px 3px">

<tr>

<td>FID</td>

<td>349</td>

</tr>

<tr bgcolor="#D4E4F3">

<td>Id</td>

<td>5</td>

</tr>

<tr>

<td>Area_Ha</td>

<td>53.36</td>

</tr>

</table>

</td>

</tr>

</table>

</body>

</html>]]></description>
			<styleUrl>#PolyStyle0031</styleUrl>
			<MultiGeometry>
				<Polygon>
					<outerBoundaryIs>
						<LinearRing>
							<coordinates>
								80.33287642431362,19.68080921795156,0 80.33307406500982,19.68074611205861,0 80.33398408740099,19.68042671455454,0 80.3342865384767,19.68053542734209,0 80.33500813592264,19.68000014305078,0 80.33557887314173,19.67932084235012,0 80.33603735067206,19.67831835011796,0 80.33649567469264,19.67735171974591,0 80.33703001012711,19.67631364078995,0 80.33767718398299,19.67545529534186,0 80.33862708859122,19.67463392593021,0 80.33923491662969,19.67413406828915,0 80.34018642021135,19.67291819320532,0 80.34136873171441,19.67080656119146,0 80.34232224704978,19.66908858598814,0 80.34221408204161,19.66776122503408,0 80.34310884935061,19.66796314435086,0 80.34310808965454,19.66814963399042,0 80.3430614313952,19.66845072039459,0 80.3429386452153,19.66885194740508,0 80.34290654554236,19.66929654264955,0 80.34287467951043,19.66968375644708,0 80.34284252095374,19.67014269698222,0 80.34276510595983,19.67055843525288,0 80.34262711487106,19.6709739518455,0 80.34238270576758,19.6714894977753,0 80.34212379496851,19.67184718902099,0 80.34183465351443,19.67219042354984,0 80.3417276495552,19.67243390606943,0 80.34170758490205,19.67363885955501,0 80.34005093968815,19.67508168261664,0 80.33958082009164,19.67523775602815,0 80.33907999923684,19.67549413408292,0 80.33870009621535,19.67580833805605,0 80.33847128231933,19.67620917092167,0 80.33815112941795,19.6767244313069,0 80.33773863384563,19.67759798920583,0 80.3372432400808,19.67868044590661,0 80.33713434304136,19.67907454641581,0 80.33724154397062,19.67909287393159,0 80.33747519618903,19.6790518947696,0 80.33772178817179,19.67893325799734,0 80.33808844669927,19.67877322221106,0 80.33848643499661,19.67866709682943,0 80.33879563777901,19.6786682353222,0 80.3390856891843,19.67872309860806,0 80.33918095586687,19.67857401636146,0 80.33927605083336,19.67846677460036,0 80.33938990491502,19.6784014429534,0 80.33948431371159,19.67846156325527,0 80.33945593624595,19.6787135021696,0 80.33980813569501,19.67900170795864,0 80.34003530561647,19.67900254279625,0 80.34023801749322,19.67881201354927,0 80.34059207733891,19.67864594899021,0 80.34089633888448,19.67831233624517,0 80.34130087892962,19.67814645545917,0 80.34157813895465,19.67824310900273,0 80.34198111627049,19.67845976898377,0 80.34220721207036,19.67872359890508,0 80.34255922156045,19.67905961723378,0 80.34268376934821,19.67946653037359,0 80.34238038725633,19.67958496610467,0 80.34182439720733,19.67975029431318,0 80.34136995738626,19.67977253770402,0 80.34124228517409,19.6801307081743,0 80.34083852241672,19.68010531756711,0 80.34081425915016,19.67986613607573,0 80.34066271387601,19.67988948906753,0 80.34030914070648,19.67993600925166,0 80.33995595906809,19.6798868932081,0 80.33985567970242,19.67971915997542,0 80.33952627003674,19.68002876906937,0 80.33909677639166,19.68012282612523,0 80.33874418344303,19.67993025444536,0 80.3386896781014,19.68091033241189,0 80.33911917406662,19.68081627640539,0 80.33967526830894,19.68062704789946,0 80.34007844461748,19.68079589443201,0 80.34043074751486,19.68106019021705,0 80.34078129091769,19.68175484519619,0 80.33944339159429,19.68177383856617,0 80.33933919041579,19.68256245997087,0 80.33898551297077,19.68263288622443,0 80.33876040318813,19.6827809112849,0 80.33659206699114,19.68214914059551,0 80.33631255615924,19.6819774789283,0 80.33631218498761,19.68206759137328,0 80.33617963278313,19.68202896945641,0 80.33568351221193,19.6818500041406,0 80.33570764612404,19.68176005947615,0 80.33588551921403,19.68147380665446,0 80.33598796295789,19.68111554710093,0 80.33588729292043,19.68104344720832,0 80.33558439611325,19.6810423269217,0 80.33535604011209,19.68132839264038,0 80.33518458646196,19.68167002514574,0 80.33326257620067,19.68097667599785,0 80.33287642431362,19.68080921795156,0 
							</coordinates>
						</LinearRing>
					</outerBoundaryIs>
				</Polygon>
			</MultiGeometry>
		</Placemark>
		<Placemark id="ID_00051">
			<name>5</name>
			<Snippet maxLines="0"></Snippet>
			<description><![CDATA[<html xmlns:fo="http://www.w3.org/1999/XSL/Format" xmlns:msxsl="urn:schemas-microsoft-com:xslt">

<head>

<META http-equiv="Content-Type" content="text/html">

<meta http-equiv="content-type" content="text/html; charset=UTF-8">

</head>

<body style="margin:0px 0px 0px 0px;overflow:auto;background:#FFFFFF;">

<table style="font-family:Arial,Verdana,Times;font-size:12px;text-align:left;width:100%;border-collapse:collapse;padding:3px 3px 3px 3px">

<tr style="text-align:center;font-weight:bold;background:#9CBCE2">

<td>5</td>

</tr>

<tr>

<td>

<table style="font-family:Arial,Verdana,Times;font-size:12px;text-align:left;width:100%;border-spacing:0px; padding:3px 3px 3px 3px">

<tr>

<td>FID</td>

<td>350</td>

</tr>

<tr bgcolor="#D4E4F3">

<td>Id</td>

<td>5</td>

</tr>

<tr>

<td>Area_Ha</td>

<td>1.796</td>

</tr>

</table>

</td>

</tr>

</table>

</body>

</html>]]></description>
			<styleUrl>#PolyStyle0031</styleUrl>
			<MultiGeometry>
				<Polygon>
					<outerBoundaryIs>
						<LinearRing>
							<coordinates>
								80.34008073745305,19.67581819708689,0 80.34024274706928,19.67570402775105,0 80.34046474684895,19.67573353404547,0 80.34065618415383,19.67582987380816,0 80.3408072366918,19.67592606518268,0 80.34090784723702,19.67601250766747,0 80.34096768181415,19.67619443752863,0 80.34100744126675,19.67634760261986,0 80.34107737235804,19.67652956948271,0 80.34122830853495,19.67665445119733,0 80.34141947385476,19.67681773509227,0 80.3416509076412,19.67700985748554,0 80.34199320641402,19.67725020424982,0 80.34220456591434,19.6774135613092,0 80.34224452196669,19.67751890835105,0 80.34212285824547,19.67764279093226,0 80.34198150920375,19.67764227318854,0 80.34181006636929,19.67759382655728,0 80.34162872262388,19.67749752496831,0 80.34138691827978,19.67737231042568,0 80.34118499144753,19.67737156994023,0 80.34098302551953,19.6773803927851,0 80.34083103280287,19.67751372689795,0 80.34062906668993,19.67752254933893,0 80.34060953915279,19.67735989475501,0 80.34061051732056,19.67712080583811,0 80.34058151956594,19.67680509727197,0 80.34047179076056,19.67647952860689,0 80.34025108177431,19.67613442491321,0 80.34008073745305,19.67581819708689,0 
							</coordinates>
						</LinearRing>
					</outerBoundaryIs>
				</Polygon>
			</MultiGeometry>
		</Placemark>
		<Placemark id="ID_00052">
			<name>5</name>
			<Snippet maxLines="0"></Snippet>
			<description><![CDATA[<html xmlns:fo="http://www.w3.org/1999/XSL/Format" xmlns:msxsl="urn:schemas-microsoft-com:xslt">

<head>

<META http-equiv="Content-Type" content="text/html">

<meta http-equiv="content-type" content="text/html; charset=UTF-8">

</head>

<body style="margin:0px 0px 0px 0px;overflow:auto;background:#FFFFFF;">

<table style="font-family:Arial,Verdana,Times;font-size:12px;text-align:left;width:100%;border-collapse:collapse;padding:3px 3px 3px 3px">

<tr style="text-align:center;font-weight:bold;background:#9CBCE2">

<td>5</td>

</tr>

<tr>

<td>

<table style="font-family:Arial,Verdana,Times;font-size:12px;text-align:left;width:100%;border-spacing:0px; padding:3px 3px 3px 3px">

<tr>

<td>FID</td>

<td>351</td>

</tr>

<tr bgcolor="#D4E4F3">

<td>Id</td>

<td>5</td>

</tr>

<tr>

<td>Area_Ha</td>

<td>3.605</td>

</tr>

</table>

</td>

</tr>

</table>

</body>

</html>]]></description>
			<styleUrl>#PolyStyle0031</styleUrl>
			<MultiGeometry>
				<Polygon>
					<outerBoundaryIs>
						<LinearRing>
							<coordinates>
								80.3443920537745,19.67776585194903,0 80.34439501036923,19.67703902110097,0 80.34576624766464,19.6775030785036,0 80.34586814281653,19.67727392060303,0 80.34603038282584,19.6771023645865,0 80.34637396848179,19.67702710545748,0 80.34669666341219,19.67712391645847,0 80.3471401274808,19.67731680296195,0 80.34754282002649,19.6776051774066,0 80.34729965510265,19.6778146956093,0 80.34677340289271,19.67811882128281,0 80.3464084586991,19.67848091463093,0 80.34618455267778,19.6789200302789,0 80.34604351286318,19.67884300717615,0 80.34566070229502,19.67863121147946,0 80.34521770281609,19.67832355852642,0 80.34521871305472,19.67807490584874,0 80.3443920537745,19.67776585194903,0 
							</coordinates>
						</LinearRing>
					</outerBoundaryIs>
				</Polygon>
			</MultiGeometry>
		</Placemark>
		<Placemark id="ID_00053">
			<name>5</name>
			<Snippet maxLines="0"></Snippet>
			<description><![CDATA[<html xmlns:fo="http://www.w3.org/1999/XSL/Format" xmlns:msxsl="urn:schemas-microsoft-com:xslt">

<head>

<META http-equiv="Content-Type" content="text/html">

<meta http-equiv="content-type" content="text/html; charset=UTF-8">

</head>

<body style="margin:0px 0px 0px 0px;overflow:auto;background:#FFFFFF;">

<table style="font-family:Arial,Verdana,Times;font-size:12px;text-align:left;width:100%;border-collapse:collapse;padding:3px 3px 3px 3px">

<tr style="text-align:center;font-weight:bold;background:#9CBCE2">

<td>5</td>

</tr>

<tr>

<td>

<table style="font-family:Arial,Verdana,Times;font-size:12px;text-align:left;width:100%;border-spacing:0px; padding:3px 3px 3px 3px">

<tr>

<td>FID</td>

<td>352</td>

</tr>

<tr bgcolor="#D4E4F3">

<td>Id</td>

<td>5</td>

</tr>

<tr>

<td>Area_Ha</td>

<td>2.461</td>

</tr>

</table>

</td>

</tr>

</table>

</body>

</html>]]></description>
			<styleUrl>#PolyStyle0031</styleUrl>
			<MultiGeometry>
				<Polygon>
					<outerBoundaryIs>
						<LinearRing>
							<coordinates>
								80.3496012447372,19.67791868124489,0 80.35043038245944,19.67761564268615,0 80.35099585653826,19.677598559246,0 80.35125774637403,19.67775252473227,0 80.35151902102204,19.67805950707679,0 80.35175941139012,19.67853856056682,0 80.35196010951061,19.67884532366674,0 80.35129228062699,19.6792063341114,0 80.35083046234058,19.67855433304803,0 80.35004178337687,19.67883839230386,0 80.3496012447372,19.67791868124489,0 
							</coordinates>
						</LinearRing>
					</outerBoundaryIs>
				</Polygon>
			</MultiGeometry>
		</Placemark>
		<Placemark id="ID_00054">
			<name>5</name>
			<Snippet maxLines="0"></Snippet>
			<description><![CDATA[<html xmlns:fo="http://www.w3.org/1999/XSL/Format" xmlns:msxsl="urn:schemas-microsoft-com:xslt">

<head>

<META http-equiv="Content-Type" content="text/html">

<meta http-equiv="content-type" content="text/html; charset=UTF-8">

</head>

<body style="margin:0px 0px 0px 0px;overflow:auto;background:#FFFFFF;">

<table style="font-family:Arial,Verdana,Times;font-size:12px;text-align:left;width:100%;border-collapse:collapse;padding:3px 3px 3px 3px">

<tr style="text-align:center;font-weight:bold;background:#9CBCE2">

<td>5</td>

</tr>

<tr>

<td>

<table style="font-family:Arial,Verdana,Times;font-size:12px;text-align:left;width:100%;border-spacing:0px; padding:3px 3px 3px 3px">

<tr>

<td>FID</td>

<td>353</td>

</tr>

<tr bgcolor="#D4E4F3">

<td>Id</td>

<td>5</td>

</tr>

<tr>

<td>Area_Ha</td>

<td>2.067</td>

</tr>

</table>

</td>

</tr>

</table>

</body>

</html>]]></description>
			<styleUrl>#PolyStyle0031</styleUrl>
			<MultiGeometry>
				<Polygon>
					<outerBoundaryIs>
						<LinearRing>
							<coordinates>
								80.35000745631042,19.6608479107376,0 80.35084166763478,19.66051619465911,0 80.35144873168812,19.66018365523494,0 80.35156172704342,19.66032751888858,0 80.35166191129034,19.66051915493944,0 80.3517489001562,19.66085419936194,0 80.35192388748533,19.66127324370067,0 80.35186055135703,19.661332788673,0 80.35130468170706,19.66148619413672,0 80.3506352861976,19.66162723309694,0 80.35016789355822,19.66174509060975,0 80.35013205861893,19.66124286517816,0 80.35000745631042,19.6608479107376,0 
							</coordinates>
						</LinearRing>
					</outerBoundaryIs>
				</Polygon>
			</MultiGeometry>
		</Placemark>
		<Placemark id="ID_00055">
			<name>5</name>
			<Snippet maxLines="0"></Snippet>
			<description><![CDATA[<html xmlns:fo="http://www.w3.org/1999/XSL/Format" xmlns:msxsl="urn:schemas-microsoft-com:xslt">

<head>

<META http-equiv="Content-Type" content="text/html">

<meta http-equiv="content-type" content="text/html; charset=UTF-8">

</head>

<body style="margin:0px 0px 0px 0px;overflow:auto;background:#FFFFFF;">

<table style="font-family:Arial,Verdana,Times;font-size:12px;text-align:left;width:100%;border-collapse:collapse;padding:3px 3px 3px 3px">

<tr style="text-align:center;font-weight:bold;background:#9CBCE2">

<td>5</td>

</tr>

<tr>

<td>

<table style="font-family:Arial,Verdana,Times;font-size:12px;text-align:left;width:100%;border-spacing:0px; padding:3px 3px 3px 3px">

<tr>

<td>FID</td>

<td>354</td>

</tr>

<tr bgcolor="#D4E4F3">

<td>Id</td>

<td>5</td>

</tr>

<tr>

<td>Area_Ha</td>

<td>58</td>

</tr>

</table>

</td>

</tr>

</table>

</body>

</html>]]></description>
			<styleUrl>#PolyStyle0031</styleUrl>
			<MultiGeometry>
				<Polygon>
					<outerBoundaryIs>
						<LinearRing>
							<coordinates>
								80.35505538203236,19.66895342624156,0 80.35423892489821,19.66799412103006,0 80.35298138928712,19.66688379145715,0 80.35184934581741,19.66595322592542,0 80.35122065218201,19.66538311105873,0 80.35081244279324,19.66490345057416,0 80.3505612567288,19.66460367657275,0 80.35062651989598,19.66406595264869,0 80.35106964215795,19.66370891325617,0 80.35160596593965,19.66371084886857,0 80.35167134530691,19.66314323817516,0 80.35204956534007,19.66323426204017,0 80.35201573573242,19.66380198664601,0 80.35343529775083,19.66383698562399,0 80.35463449949305,19.66375163559707,0 80.35611727860119,19.66375695369516,0 80.35693622887288,19.6640886391852,0 80.35772375298585,19.6643903220271,0 80.35806947948171,19.66472031072679,0 80.35803543262979,19.66534780947853,0 80.35768768146235,19.66552588705435,0 80.35739256658977,19.66569020503471,0 80.35726052283015,19.66589057131943,0 80.35684652472314,19.6659082176868,0 80.35665459282782,19.66593622192158,0 80.35650273822283,19.66604087934116,0 80.35623038439576,19.66598252151923,0 80.35617053585744,19.66580059615309,0 80.3559783366598,19.66589554485327,0 80.35546280863947,19.66605628017365,0 80.35480892455001,19.66547054613154,0 80.35445657301912,19.66522062378172,0 80.35413416467659,19.66505688196802,0 80.35387194737648,19.66498899332146,0 80.35374058972204,19.66501721222316,0 80.35362888661298,19.66517939396849,0 80.3536381773191,19.66538026575763,0 80.35363748739957,19.66555241045156,0 80.35365672044874,19.66579157291683,0 80.35388807727936,19.66600280693288,0 80.35413893663844,19.66638625792374,0 80.35436000781331,19.66664527304824,0 80.35454111790285,19.66679894333701,0 80.35477247733157,19.66701017626457,0 80.35498402842632,19.66712570048631,0 80.35531703451757,19.66716515035708,0 80.35548866194304,19.66716576597522,0 80.35560074681315,19.66690794713309,0 80.35590484058859,19.66660299781111,0 80.35643096180806,19.66631797064397,0 80.35720951090317,19.66602428118583,0 80.35806760427718,19.6660369120324,0 80.35851196574752,19.66600024376333,0 80.35912825735377,19.66588767766464,0 80.35958324558764,19.6657171522603,0 80.35974511767178,19.66563165534641,0 80.35980743782957,19.66519194526726,0 80.35988008094246,19.66469488945308,0 80.3599928401314,19.66426492262501,0 80.36016598218451,19.66388298937612,0 80.36038929755556,19.66357774443076,0 80.36050091700294,19.66343468545049,0 80.36041142265169,19.66309007221699,0 80.36041278783829,19.66274578227237,0 80.3604947648745,19.66244003412115,0 80.36078882133518,19.66211591274713,0 80.36125487720558,19.66169676467528,0 80.36158912305385,19.66142060344252,0 80.36221643590285,19.66106897163478,0 80.36235622105757,19.6614615812648,0 80.36263662467348,19.6620364006844,0 80.36277607159944,19.6625150825279,0 80.36276431373959,19.66293584576085,0 80.36267175393972,19.66336588622054,0 80.36261057621398,19.66351868923324,0 80.36312503222,19.66362571412901,0 80.36359914455772,19.66372303097416,0 80.36384109784123,19.66380996126002,0 80.36382930483629,19.66424028819197,0 80.36351641782885,19.66422005292619,0 80.36317362184168,19.66410407367268,0 80.36287135966538,19.66394998248093,0 80.36247793586091,19.66387207743163,0 80.36220501596337,19.66395718287179,0 80.36197240231952,19.66406155846898,0 80.3619817790738,19.6642433029198,0 80.36212236046273,19.66443507682351,0 80.36229334238078,19.6645982672552,0 80.36237335086754,19.66478982603428,0 80.36230166071921,19.66504779279715,0 80.36225042631003,19.66523888589507,0 80.36245150706097,19.66545000171532,0 80.36268317763292,19.6655847158391,0 80.36290441292253,19.66580546638528,0 80.36315627573153,19.6659402514961,0 80.36337811620103,19.66600798369491,0 80.36371149985885,19.66595178188332,0 80.3640445061753,19.66599121557786,0 80.36433750691802,19.66593486969195,0 80.36469115683076,19.66585961023645,0 80.3648323831808,19.66588880066778,0 80.36505365955215,19.66609998503944,0 80.36533569886966,19.66626356500427,0 80.36589009718162,19.66648548824712,0 80.3661516083065,19.66673506826591,0 80.36622077495518,19.66711786215558,0 80.36680629090064,19.6671294899107,0 80.36712852923398,19.66734102751449,0 80.36753142212618,19.66758153968794,0 80.36788398720935,19.66778361895477,0 80.36795417046663,19.66790819456907,0 80.36780168359681,19.66817544317081,0 80.3677303003865,19.66835690326338,0 80.36760840029825,19.66854774929595,0 80.3674466042211,19.66861412606703,0 80.36715386224819,19.6686035315884,0 80.36672015412479,19.66849680242215,0 80.36633726398759,19.66830417770079,0 80.36595460040694,19.66805417049829,0 80.36543055931992,19.66781322706768,0 80.36494633799406,19.66771587905512,0 80.36478435337681,19.66783007149077,0 80.36434695452343,19.66866057060675,0 80.36320907034069,19.66791056990955,0 80.36283518591627,19.66799531830284,0 80.36255246578695,19.66800387937957,0 80.36238170698694,19.66778330749928,0 80.36216058328714,19.66753386547825,0 80.36209112352823,19.66722757917242,0 80.36153669042554,19.66701520790927,0 80.36130494308516,19.66689961951208,0 80.36110333168288,19.66682239292916,0 80.36042638743304,19.66695387736783,0 80.35952665230343,19.66725671264004,0 80.3589905514425,19.66751302209146,0 80.35898975310695,19.66771385773164,0 80.35906930290967,19.66802018106928,0 80.35920965589061,19.6682693387766,0 80.35927960453749,19.66845129920073,0 80.35932928567942,19.66865231481281,0 80.35919735575955,19.66882399165157,0 80.35888389033543,19.66894720210387,0 80.35872212853997,19.66900400730462,0 80.35845948417801,19.66904132474115,0 80.35821752626057,19.668954387121,0 80.3579962172273,19.66875275813763,0 80.35783555985564,19.66853221817712,0 80.35766495949535,19.66827338759766,0 80.35741248816116,19.66829161242435,0 80.35739995317012,19.66890364658662,0 80.35703661721476,19.66887365569529,0 80.35675412442852,19.66882482601737,0 80.3566743116203,19.66858544697051,0 80.35664570304651,19.66816454028168,0 80.35661636960103,19.66792534192008,0 80.35651583158918,19.66781978086492,0 80.35614232614846,19.66780887927638,0 80.35571822729545,19.66782648672543,0 80.35540495251277,19.66790187312745,0 80.35529301953791,19.66812143741321,0 80.35515986203058,19.66859914619187,0 80.35505538203236,19.66895342624156,0 
							</coordinates>
						</LinearRing>
					</outerBoundaryIs>
				</Polygon>
			</MultiGeometry>
		</Placemark>
		<Placemark id="ID_00056">
			<name>5</name>
			<Snippet maxLines="0"></Snippet>
			<description><![CDATA[<html xmlns:fo="http://www.w3.org/1999/XSL/Format" xmlns:msxsl="urn:schemas-microsoft-com:xslt">

<head>

<META http-equiv="Content-Type" content="text/html">

<meta http-equiv="content-type" content="text/html; charset=UTF-8">

</head>

<body style="margin:0px 0px 0px 0px;overflow:auto;background:#FFFFFF;">

<table style="font-family:Arial,Verdana,Times;font-size:12px;text-align:left;width:100%;border-collapse:collapse;padding:3px 3px 3px 3px">

<tr style="text-align:center;font-weight:bold;background:#9CBCE2">

<td>5</td>

</tr>

<tr>

<td>

<table style="font-family:Arial,Verdana,Times;font-size:12px;text-align:left;width:100%;border-spacing:0px; padding:3px 3px 3px 3px">

<tr>

<td>FID</td>

<td>355</td>

</tr>

<tr bgcolor="#D4E4F3">

<td>Id</td>

<td>5</td>

</tr>

<tr>

<td>Area_Ha</td>

<td>14.866</td>

</tr>

</table>

</td>

</tr>

</table>

</body>

</html>]]></description>
			<styleUrl>#PolyStyle0031</styleUrl>
			<MultiGeometry>
				<Polygon>
					<outerBoundaryIs>
						<LinearRing>
							<coordinates>
								80.37202249056899,19.67305161806141,0 80.371284844606,19.67191573384286,0 80.37075715307262,19.67131137026711,0 80.37060700079924,19.67098089496002,0 80.37045701716416,19.67060738324211,0 80.37033838647993,19.66996141436165,0 80.37028044408743,19.66928696681446,0 80.37035739567106,19.66897163264591,0 80.37055532918822,19.66869975913638,0 80.37084384473233,19.66849993070621,0 80.3711016244785,19.66841475927644,0 80.37128312587059,19.66847277692325,0 80.37138829337367,19.66868832932192,0 80.37150815764176,19.66901869811384,0 80.37161259900064,19.6694207410452,0 80.37173229654005,19.66979414599328,0 80.37186730619548,19.67012456749751,0 80.3722460718394,19.67008285427871,0 80.37242830140717,19.66995438014809,0 80.37245959421145,19.66969626806534,0 80.37276174643603,19.66988381627068,0 80.37298817976641,19.67007109977477,0 80.37329100243865,19.67008650185627,0 80.37360991653289,19.66985808374562,0 80.37389809633301,19.66974432303532,0 80.37421723160912,19.66945852202734,0 80.37426472300568,19.66892789885529,0 80.37432824839071,19.66816780124772,0 80.37453987134487,19.66826895741783,0 80.37488678744478,19.66862880554255,0 80.3752189503539,19.66888818225084,0 80.37514184148306,19.66924655510232,0 80.37506501024622,19.66953320067478,0 80.37495789091511,19.66981974084392,0 80.37500254413264,19.67002073508504,0 80.37512252798182,19.67032241076092,0 80.37530331051168,19.67056691520013,0 80.37519669118524,19.67072434648559,0 80.37466453728914,19.67126762934945,0 80.37411740278414,19.67176782143775,0 80.37343396772718,19.67226753647391,0 80.37285692832485,19.67266720080466,0 80.37202249056899,19.67305161806141,0 
							</coordinates>
						</LinearRing>
					</outerBoundaryIs>
				</Polygon>
			</MultiGeometry>
		</Placemark>
		<Placemark id="ID_00057">
			<name>5</name>
			<Snippet maxLines="0"></Snippet>
			<description><![CDATA[<html xmlns:fo="http://www.w3.org/1999/XSL/Format" xmlns:msxsl="urn:schemas-microsoft-com:xslt">

<head>

<META http-equiv="Content-Type" content="text/html">

<meta http-equiv="content-type" content="text/html; charset=UTF-8">

</head>

<body style="margin:0px 0px 0px 0px;overflow:auto;background:#FFFFFF;">

<table style="font-family:Arial,Verdana,Times;font-size:12px;text-align:left;width:100%;border-collapse:collapse;padding:3px 3px 3px 3px">

<tr style="text-align:center;font-weight:bold;background:#9CBCE2">

<td>5</td>

</tr>

<tr>

<td>

<table style="font-family:Arial,Verdana,Times;font-size:12px;text-align:left;width:100%;border-spacing:0px; padding:3px 3px 3px 3px">

<tr>

<td>FID</td>

<td>356</td>

</tr>

<tr bgcolor="#D4E4F3">

<td>Id</td>

<td>5</td>

</tr>

<tr>

<td>Area_Ha</td>

<td>8.868</td>

</tr>

</table>

</td>

</tr>

</table>

</body>

</html>]]></description>
			<styleUrl>#PolyStyle0031</styleUrl>
			<MultiGeometry>
				<Polygon>
					<outerBoundaryIs>
						<LinearRing>
							<coordinates>
								80.37208155869266,19.67343915640737,0 80.37288492867935,19.67325546928245,0 80.37337038016787,19.67304197869521,0 80.37376535538556,19.67272775200937,0 80.37411523079648,19.67232729351564,0 80.37452467905717,19.67218526306773,0 80.37484287255782,19.67214333360472,0 80.37496257947346,19.67251673654919,0 80.37505277708951,19.67268919790985,0 80.37540103750172,19.67270475459781,0 80.37568855462767,19.67276313644962,0 80.37580909710202,19.67292135725655,0 80.37574774261761,19.67312198296001,0 80.37538367004575,19.67327851954376,0 80.37501981924775,19.67337767361487,0 80.37473163361088,19.6734914359224,0 80.37462523432126,19.67359148500232,0 80.37460864307586,19.67396441363443,0 80.37451655274883,19.6742796968866,0 80.37422775256505,19.67455125809923,0 80.37287705964958,19.67527817504699,0 80.37157212376697,19.67591916784216,0 80.37055974143598,19.6753274530443,0 80.37089431812626,19.67496998452298,0 80.37128902308503,19.67472749074019,0 80.37163807019577,19.67454221885501,0 80.37204780556802,19.67432846715976,0 80.37208155869266,19.67343915640737,0 
							</coordinates>
						</LinearRing>
					</outerBoundaryIs>
				</Polygon>
			</MultiGeometry>
		</Placemark>
		<Placemark id="ID_00058">
			<name>5</name>
			<Snippet maxLines="0"></Snippet>
			<description><![CDATA[<html xmlns:fo="http://www.w3.org/1999/XSL/Format" xmlns:msxsl="urn:schemas-microsoft-com:xslt">

<head>

<META http-equiv="Content-Type" content="text/html">

<meta http-equiv="content-type" content="text/html; charset=UTF-8">

</head>

<body style="margin:0px 0px 0px 0px;overflow:auto;background:#FFFFFF;">

<table style="font-family:Arial,Verdana,Times;font-size:12px;text-align:left;width:100%;border-collapse:collapse;padding:3px 3px 3px 3px">

<tr style="text-align:center;font-weight:bold;background:#9CBCE2">

<td>5</td>

</tr>

<tr>

<td>

<table style="font-family:Arial,Verdana,Times;font-size:12px;text-align:left;width:100%;border-spacing:0px; padding:3px 3px 3px 3px">

<tr>

<td>FID</td>

<td>934</td>

</tr>

<tr bgcolor="#D4E4F3">

<td>Id</td>

<td>5</td>

</tr>

<tr>

<td>Area_Ha</td>

<td>2.716</td>

</tr>

</table>

</td>

</tr>

</table>

</body>

</html>]]></description>
			<styleUrl>#PolyStyle0031</styleUrl>
			<MultiGeometry>
				<Polygon>
					<outerBoundaryIs>
						<LinearRing>
							<coordinates>
								80.32294393554292,19.67534042842695,0 80.32294596145533,19.67533725869908,0 80.32325041268963,19.67496542251019,0 80.32362968059734,19.67480905018887,0 80.32409969271025,19.67468170951322,0 80.32422012467654,19.67485430878589,0 80.32418881378153,19.67509806478493,0 80.32405107179639,19.67544183893989,0 80.32379229509192,19.67575646636882,0 80.32373115944219,19.67587928338175,0 80.32294393554292,19.67534042842695,0 
							</coordinates>
						</LinearRing>
					</outerBoundaryIs>
				</Polygon>
			</MultiGeometry>
		</Placemark>
		<Placemark id="ID_00059">
			<name>5</name>
			<Snippet maxLines="0"></Snippet>
			<description><![CDATA[<html xmlns:fo="http://www.w3.org/1999/XSL/Format" xmlns:msxsl="urn:schemas-microsoft-com:xslt">

<head>

<META http-equiv="Content-Type" content="text/html">

<meta http-equiv="content-type" content="text/html; charset=UTF-8">

</head>

<body style="margin:0px 0px 0px 0px;overflow:auto;background:#FFFFFF;">

<table style="font-family:Arial,Verdana,Times;font-size:12px;text-align:left;width:100%;border-collapse:collapse;padding:3px 3px 3px 3px">

<tr style="text-align:center;font-weight:bold;background:#9CBCE2">

<td>5</td>

</tr>

<tr>

<td>

<table style="font-family:Arial,Verdana,Times;font-size:12px;text-align:left;width:100%;border-spacing:0px; padding:3px 3px 3px 3px">

<tr>

<td>FID</td>

<td>935</td>

</tr>

<tr bgcolor="#D4E4F3">

<td>Id</td>

<td>5</td>

</tr>

<tr>

<td>Area_Ha</td>

<td>8.325</td>

</tr>

</table>

</td>

</tr>

</table>

</body>

</html>]]></description>
			<styleUrl>#PolyStyle0031</styleUrl>
			<MultiGeometry>
				<Polygon>
					<outerBoundaryIs>
						<LinearRing>
							<coordinates>
								80.30585207383047,19.65417054675071,0 80.30608860864781,19.6542139923307,0 80.3063902200518,19.6545020662276,0 80.30678309706451,19.65469485481506,0 80.30748985974473,19.65466888731305,0 80.30754960809375,19.65486039088968,0 80.30792311800333,19.65486182897787,0 80.30811381327791,19.65512078208681,0 80.30810277526511,19.65534070410219,0 80.30803116777093,19.65556039300874,0 80.30780817729401,19.65576993545032,0 80.3074344600582,19.65581631462866,0 80.30710058846006,19.65598717431586,0 80.30681449861024,19.65605193349891,0 80.30634229215347,19.65520674288746,0 80.30585207383047,19.65417054675071,0 
							</coordinates>
						</LinearRing>
					</outerBoundaryIs>
				</Polygon>
			</MultiGeometry>
		</Placemark>
		<Placemark id="ID_00060">
			<name>5</name>
			<Snippet maxLines="0"></Snippet>
			<description><![CDATA[<html xmlns:fo="http://www.w3.org/1999/XSL/Format" xmlns:msxsl="urn:schemas-microsoft-com:xslt">

<head>

<META http-equiv="Content-Type" content="text/html">

<meta http-equiv="content-type" content="text/html; charset=UTF-8">

</head>

<body style="margin:0px 0px 0px 0px;overflow:auto;background:#FFFFFF;">

<table style="font-family:Arial,Verdana,Times;font-size:12px;text-align:left;width:100%;border-collapse:collapse;padding:3px 3px 3px 3px">

<tr style="text-align:center;font-weight:bold;background:#9CBCE2">

<td>5</td>

</tr>

<tr>

<td>

<table style="font-family:Arial,Verdana,Times;font-size:12px;text-align:left;width:100%;border-spacing:0px; padding:3px 3px 3px 3px">

<tr>

<td>FID</td>

<td>937</td>

</tr>

<tr bgcolor="#D4E4F3">

<td>Id</td>

<td>5</td>

</tr>

<tr>

<td>Area_Ha</td>

<td>72.033</td>

</tr>

</table>

</td>

</tr>

</table>

</body>

</html>]]></description>
			<styleUrl>#PolyStyle0031</styleUrl>
			<MultiGeometry>
				<Polygon>
					<outerBoundaryIs>
						<LinearRing>
							<coordinates>
								80.30510999332169,19.61259686175278,0 80.30565066215964,19.6123696882485,0 80.30698962073666,19.61196838674289,0 80.30827760096518,19.61168642582604,0 80.30888343745178,19.61161702338745,0 80.30920714424866,19.61262245571634,0 80.30832376777255,19.61269079359319,0 80.30738921287292,19.61292629537459,0 80.3064538352335,19.6133530633569,0 80.30632686157468,19.6135438486873,0 80.30642481101329,19.6142375951651,0 80.30642265782345,19.61473968183382,0 80.30631865774733,19.61545655976266,0 80.30588737064114,19.61600481150011,0 80.30528100315422,19.61619374768051,0 80.30449842772292,19.61628636428502,0 80.30447422491601,19.61604717809812,0 80.30407647438324,19.61587399923219,0 80.30418537743418,19.61543943420634,0 80.30510325815689,19.61261361209765,0 80.30510999332169,19.61259686175278,0 
							</coordinates>
						</LinearRing>
					</outerBoundaryIs>
				</Polygon>
			</MultiGeometry>
		</Placemark>
		<Placemark id="ID_00061">
			<name>5</name>
			<Snippet maxLines="0"></Snippet>
			<description><![CDATA[<html xmlns:fo="http://www.w3.org/1999/XSL/Format" xmlns:msxsl="urn:schemas-microsoft-com:xslt">

<head>

<META http-equiv="Content-Type" content="text/html">

<meta http-equiv="content-type" content="text/html; charset=UTF-8">

</head>

<body style="margin:0px 0px 0px 0px;overflow:auto;background:#FFFFFF;">

<table style="font-family:Arial,Verdana,Times;font-size:12px;text-align:left;width:100%;border-collapse:collapse;padding:3px 3px 3px 3px">

<tr style="text-align:center;font-weight:bold;background:#9CBCE2">

<td>5</td>

</tr>

<tr>

<td>

<table style="font-family:Arial,Verdana,Times;font-size:12px;text-align:left;width:100%;border-spacing:0px; padding:3px 3px 3px 3px">

<tr>

<td>FID</td>

<td>938</td>

</tr>

<tr bgcolor="#D4E4F3">

<td>Id</td>

<td>5</td>

</tr>

<tr>

<td>Area_Ha</td>

<td>72.033</td>

</tr>

</table>

</td>

</tr>

</table>

</body>

</html>]]></description>
			<styleUrl>#PolyStyle0031</styleUrl>
			<MultiGeometry>
				<Polygon>
					<outerBoundaryIs>
						<LinearRing>
							<coordinates>
								80.30320935589501,19.61974398581775,0 80.30354767926546,19.62027553696931,0 80.30377219086768,19.62087413663068,0 80.30397219268805,19.62130527648021,0 80.30321338109776,19.62173270816371,0 80.30291940342748,19.6214549581499,0 80.30294362945047,19.62123125808472,0 80.30320935589501,19.61974398581775,0 
							</coordinates>
						</LinearRing>
					</outerBoundaryIs>
				</Polygon>
			</MultiGeometry>
		</Placemark>
		<Placemark id="ID_00062">
			<name>5</name>
			<Snippet maxLines="0"></Snippet>
			<description><![CDATA[<html xmlns:fo="http://www.w3.org/1999/XSL/Format" xmlns:msxsl="urn:schemas-microsoft-com:xslt">

<head>

<META http-equiv="Content-Type" content="text/html">

<meta http-equiv="content-type" content="text/html; charset=UTF-8">

</head>

<body style="margin:0px 0px 0px 0px;overflow:auto;background:#FFFFFF;">

<table style="font-family:Arial,Verdana,Times;font-size:12px;text-align:left;width:100%;border-collapse:collapse;padding:3px 3px 3px 3px">

<tr style="text-align:center;font-weight:bold;background:#9CBCE2">

<td>5</td>

</tr>

<tr>

<td>

<table style="font-family:Arial,Verdana,Times;font-size:12px;text-align:left;width:100%;border-spacing:0px; padding:3px 3px 3px 3px">

<tr>

<td>FID</td>

<td>939</td>

</tr>

<tr bgcolor="#D4E4F3">

<td>Id</td>

<td>5</td>

</tr>

<tr>

<td>Area_Ha</td>

<td>72.033</td>

</tr>

</table>

</td>

</tr>

</table>

</body>

</html>]]></description>
			<styleUrl>#PolyStyle0031</styleUrl>
			<MultiGeometry>
				<Polygon>
					<outerBoundaryIs>
						<LinearRing>
							<coordinates>
								80.30384793628821,19.61678594563972,0 80.30394118213,19.61678630606224,0 80.30459482827096,19.61733874444812,0 80.30388598525869,19.61788591896897,0 80.30351388353917,19.61811891165624,0 80.30384793628821,19.61678594563972,0 
							</coordinates>
						</LinearRing>
					</outerBoundaryIs>
				</Polygon>
			</MultiGeometry>
		</Placemark>
		<Placemark id="ID_00063">
			<name>5</name>
			<Snippet maxLines="0"></Snippet>
			<description><![CDATA[<html xmlns:fo="http://www.w3.org/1999/XSL/Format" xmlns:msxsl="urn:schemas-microsoft-com:xslt">

<head>

<META http-equiv="Content-Type" content="text/html">

<meta http-equiv="content-type" content="text/html; charset=UTF-8">

</head>

<body style="margin:0px 0px 0px 0px;overflow:auto;background:#FFFFFF;">

<table style="font-family:Arial,Verdana,Times;font-size:12px;text-align:left;width:100%;border-collapse:collapse;padding:3px 3px 3px 3px">

<tr style="text-align:center;font-weight:bold;background:#9CBCE2">

<td>5</td>

</tr>

<tr>

<td>

<table style="font-family:Arial,Verdana,Times;font-size:12px;text-align:left;width:100%;border-spacing:0px; padding:3px 3px 3px 3px">

<tr>

<td>FID</td>

<td>940</td>

</tr>

<tr bgcolor="#D4E4F3">

<td>Id</td>

<td>5</td>

</tr>

<tr>

<td>Area_Ha</td>

<td>72.033</td>

</tr>

</table>

</td>

</tr>

</table>

</body>

</html>]]></description>
			<styleUrl>#PolyStyle0031</styleUrl>
			<MultiGeometry>
				<Polygon>
					<outerBoundaryIs>
						<LinearRing>
							<coordinates>
								80.30643145996494,19.60940113466397,0 80.30672345966883,19.60931343078909,0 80.30704745603363,19.61024713999577,0 80.30611281118435,19.61050654448991,0 80.30593635755049,19.61054166539595,0 80.30621417154377,19.6098507191518,0 80.30643145996494,19.60940113466397,0 
							</coordinates>
						</LinearRing>
					</outerBoundaryIs>
				</Polygon>
			</MultiGeometry>
		</Placemark>
		<Placemark id="ID_00064">
			<name>5</name>
			<Snippet maxLines="0"></Snippet>
			<description><![CDATA[<html xmlns:fo="http://www.w3.org/1999/XSL/Format" xmlns:msxsl="urn:schemas-microsoft-com:xslt">

<head>

<META http-equiv="Content-Type" content="text/html">

<meta http-equiv="content-type" content="text/html; charset=UTF-8">

</head>

<body style="margin:0px 0px 0px 0px;overflow:auto;background:#FFFFFF;">

<table style="font-family:Arial,Verdana,Times;font-size:12px;text-align:left;width:100%;border-collapse:collapse;padding:3px 3px 3px 3px">

<tr style="text-align:center;font-weight:bold;background:#9CBCE2">

<td>5</td>

</tr>

<tr>

<td>

<table style="font-family:Arial,Verdana,Times;font-size:12px;text-align:left;width:100%;border-spacing:0px; padding:3px 3px 3px 3px">

<tr>

<td>FID</td>

<td>942</td>

</tr>

<tr bgcolor="#D4E4F3">

<td>Id</td>

<td>5</td>

</tr>

<tr>

<td>Area_Ha</td>

<td>174.028</td>

</tr>

</table>

</td>

</tr>

</table>

</body>

</html>]]></description>
			<styleUrl>#PolyStyle0031</styleUrl>
			<MultiGeometry>
				<Polygon>
					<outerBoundaryIs>
						<LinearRing>
							<coordinates>
								80.33849366954473,19.58075316122899,0 80.33860275660273,19.58076597443483,0 80.33895518563632,19.58094658764012,0 80.34001645867478,19.5815432304095,0 80.34009125991631,19.58175868959766,0 80.33983783172347,19.58204467614579,0 80.33948369355733,19.58228247451763,0 80.33892813633152,19.58242389602749,0 80.33875057840389,19.58266234004441,0 80.33862269129995,19.58309224194361,0 80.33849509635733,19.58345041632136,0 80.33791303788138,19.58390256066559,0 80.33705505224606,19.58397113721727,0 80.33624820423591,19.5838725315346,0 80.33556778254197,19.58370265966026,0 80.33505913692677,19.58470498288177,0 80.33498247637063,19.58494379492076,0 80.33510782325038,19.58513553288261,0 80.33576263177459,19.58540095015955,0 80.33535567296722,19.58621237271144,0 80.33522463378193,19.58740736305009,0 80.33489727480226,19.58726269909708,0 80.33401532173426,19.58702034926219,0 80.33270491214832,19.58668077232443,0 80.33169633960799,19.58655748996934,0 80.33025842235315,19.5865521551519,0 80.32906329338525,19.58647689954953,0 80.32931316009422,19.58632536658736,0 80.32931328440269,19.58632529119994,0 80.32971262416029,19.58608310984965,0 80.33056804991637,19.58556419856383,0 80.33096831075794,19.58532134979658,0 80.33097036501387,19.5853201034915,0 80.33177330176244,19.58483299057765,0 80.33177798196049,19.58483015161442,0 80.33257993817662,19.58434375178203,0 80.33338078364143,19.58385790758177,0 80.33338324940669,19.5838564117815,0 80.33417732441202,19.58337473359619,0 80.33485922250733,19.58296066818964,0 80.3352608560875,19.58271668075028,0 80.33528385472364,19.58270271812059,0 80.33567433721024,19.58246580218685,0 80.33616299482551,19.58216894761936,0 80.336667554165,19.58208584437629,0 80.33702159801258,19.58187196076472,0 80.337426092717,19.58165826177075,0 80.33778081868957,19.58127701267655,0 80.33793021759222,19.58109556775372,0 80.33846794961633,19.58076878647483,0 80.33847450504038,19.58076480342265,0 80.33849366954473,19.58075316122899,0 
							</coordinates>
						</LinearRing>
					</outerBoundaryIs>
				</Polygon>
			</MultiGeometry>
		</Placemark>
		<Placemark id="ID_00065">
			<name>5</name>
			<Snippet maxLines="0"></Snippet>
			<description><![CDATA[<html xmlns:fo="http://www.w3.org/1999/XSL/Format" xmlns:msxsl="urn:schemas-microsoft-com:xslt">

<head>

<META http-equiv="Content-Type" content="text/html">

<meta http-equiv="content-type" content="text/html; charset=UTF-8">

</head>

<body style="margin:0px 0px 0px 0px;overflow:auto;background:#FFFFFF;">

<table style="font-family:Arial,Verdana,Times;font-size:12px;text-align:left;width:100%;border-collapse:collapse;padding:3px 3px 3px 3px">

<tr style="text-align:center;font-weight:bold;background:#9CBCE2">

<td>5</td>

</tr>

<tr>

<td>

<table style="font-family:Arial,Verdana,Times;font-size:12px;text-align:left;width:100%;border-spacing:0px; padding:3px 3px 3px 3px">

<tr>

<td>FID</td>

<td>943</td>

</tr>

<tr bgcolor="#D4E4F3">

<td>Id</td>

<td>5</td>

</tr>

<tr>

<td>Area_Ha</td>

<td>174.028</td>

</tr>

</table>

</td>

</tr>

</table>

</body>

</html>]]></description>
			<styleUrl>#PolyStyle0031</styleUrl>
			<MultiGeometry>
				<Polygon>
					<outerBoundaryIs>
						<LinearRing>
							<coordinates>
								80.32675118318701,19.58787965120282,0 80.32682164208521,19.58797392395087,0 80.32729787324378,19.58871689369963,0 80.32757437689489,19.58895701941124,0 80.32716975204772,19.58919460427455,0 80.32636119498922,19.58950240776911,0 80.32605956477072,19.58923827689085,0 80.32563269667156,19.58875849233455,0 80.3255290883988,19.58862096805223,0 80.32609349531255,19.58827856189832,0 80.32609998763436,19.58827462391337,0 80.32649853500133,19.58803292309793,0 80.32675118318701,19.58787965120282,0 
							</coordinates>
						</LinearRing>
					</outerBoundaryIs>
				</Polygon>
			</MultiGeometry>
		</Placemark>
		<Placemark id="ID_00066">
			<name>5</name>
			<Snippet maxLines="0"></Snippet>
			<description><![CDATA[<html xmlns:fo="http://www.w3.org/1999/XSL/Format" xmlns:msxsl="urn:schemas-microsoft-com:xslt">

<head>

<META http-equiv="Content-Type" content="text/html">

<meta http-equiv="content-type" content="text/html; charset=UTF-8">

</head>

<body style="margin:0px 0px 0px 0px;overflow:auto;background:#FFFFFF;">

<table style="font-family:Arial,Verdana,Times;font-size:12px;text-align:left;width:100%;border-collapse:collapse;padding:3px 3px 3px 3px">

<tr style="text-align:center;font-weight:bold;background:#9CBCE2">

<td>5</td>

</tr>

<tr>

<td>

<table style="font-family:Arial,Verdana,Times;font-size:12px;text-align:left;width:100%;border-spacing:0px; padding:3px 3px 3px 3px">

<tr>

<td>FID</td>

<td>944</td>

</tr>

<tr bgcolor="#D4E4F3">

<td>Id</td>

<td>5</td>

</tr>

<tr>

<td>Area_Ha</td>

<td>23.671</td>

</tr>

</table>

</td>

</tr>

</table>

</body>

</html>]]></description>
			<styleUrl>#PolyStyle0031</styleUrl>
			<MultiGeometry>
				<Polygon>
					<outerBoundaryIs>
						<LinearRing>
							<coordinates>
								80.37117071536395,19.57129133587797,0 80.37102570177657,19.57139100903176,0 80.37052536628823,19.57161879682142,0 80.37011628362885,19.57173213550751,0 80.36999436974692,19.57194689659683,0 80.37011449996422,19.57219119426452,0 80.37037101062649,19.57239293046572,0 80.37062780041087,19.57252293838231,0 80.3710960881334,19.57275410371911,0 80.37139828354167,19.57288426882025,0 80.37189684313036,19.5731155375836,0 80.37212325449735,19.5732741292294,0 80.37212280996874,19.57338889394563,0 80.3718487146724,19.57381831335694,0 80.37163504645218,19.57427663432143,0 80.3714682282811,19.5743621279326,0 80.37121182446288,19.57413170203936,0 80.37083473187231,19.57380043451732,0 80.37036644156669,19.57356926845522,0 80.36976249668959,19.57319416963139,0 80.36940004183265,19.57299206232867,0 80.36914347566835,19.5728046703497,0 80.36899380287592,19.57237377365557,0 80.36887423274058,19.57198601946419,0 80.36882994562599,19.57169894899075,0 80.36881654237229,19.57125418296667,0 80.36878034716371,19.57120880716996,0 80.37117071536395,19.57129133587797,0 
							</coordinates>
						</LinearRing>
					</outerBoundaryIs>
				</Polygon>
			</MultiGeometry>
		</Placemark>
		<Placemark id="ID_00067">
			<name>5</name>
			<Snippet maxLines="0"></Snippet>
			<description><![CDATA[<html xmlns:fo="http://www.w3.org/1999/XSL/Format" xmlns:msxsl="urn:schemas-microsoft-com:xslt">

<head>

<META http-equiv="Content-Type" content="text/html">

<meta http-equiv="content-type" content="text/html; charset=UTF-8">

</head>

<body style="margin:0px 0px 0px 0px;overflow:auto;background:#FFFFFF;">

<table style="font-family:Arial,Verdana,Times;font-size:12px;text-align:left;width:100%;border-collapse:collapse;padding:3px 3px 3px 3px">

<tr style="text-align:center;font-weight:bold;background:#9CBCE2">

<td>5</td>

</tr>

<tr>

<td>

<table style="font-family:Arial,Verdana,Times;font-size:12px;text-align:left;width:100%;border-spacing:0px; padding:3px 3px 3px 3px">

<tr>

<td>FID</td>

<td>946</td>

</tr>

<tr bgcolor="#D4E4F3">

<td>Id</td>

<td>5</td>

</tr>

<tr>

<td>Area_Ha</td>

<td>2.639</td>

</tr>

</table>

</td>

</tr>

</table>

</body>

</html>]]></description>
			<styleUrl>#PolyStyle0031</styleUrl>
			<MultiGeometry>
				<Polygon>
					<outerBoundaryIs>
						<LinearRing>
							<coordinates>
								80.41884910165274,19.60801417283194,0 80.41905709885782,19.6084531657027,0 80.41900659749896,19.60842002348949,0 80.41896151757184,19.60832663024696,0 80.41887859206346,19.60823311492299,0 80.41884875356405,19.6081110791658,0 80.41884910165274,19.60801417283194,0 
							</coordinates>
						</LinearRing>
					</outerBoundaryIs>
				</Polygon>
			</MultiGeometry>
		</Placemark>
		<Placemark id="ID_00068">
			<name>5</name>
			<Snippet maxLines="0"></Snippet>
			<description><![CDATA[<html xmlns:fo="http://www.w3.org/1999/XSL/Format" xmlns:msxsl="urn:schemas-microsoft-com:xslt">

<head>

<META http-equiv="Content-Type" content="text/html">

<meta http-equiv="content-type" content="text/html; charset=UTF-8">

</head>

<body style="margin:0px 0px 0px 0px;overflow:auto;background:#FFFFFF;">

<table style="font-family:Arial,Verdana,Times;font-size:12px;text-align:left;width:100%;border-collapse:collapse;padding:3px 3px 3px 3px">

<tr style="text-align:center;font-weight:bold;background:#9CBCE2">

<td>5</td>

</tr>

<tr>

<td>

<table style="font-family:Arial,Verdana,Times;font-size:12px;text-align:left;width:100%;border-spacing:0px; padding:3px 3px 3px 3px">

<tr>

<td>FID</td>

<td>947</td>

</tr>

<tr bgcolor="#D4E4F3">

<td>Id</td>

<td>5</td>

</tr>

<tr>

<td>Area_Ha</td>

<td>8.924</td>

</tr>

</table>

</td>

</tr>

</table>

</body>

</html>]]></description>
			<styleUrl>#PolyStyle0031</styleUrl>
			<MultiGeometry>
				<Polygon>
					<outerBoundaryIs>
						<LinearRing>
							<coordinates>
								80.42033071325804,19.61133282734097,0 80.41999242474454,19.61170147488642,0 80.4197187981118,19.61201620168112,0 80.41933986942118,19.61214409295776,0 80.41900681979232,19.6121430190419,0 80.41862804496522,19.61222787184333,0 80.41832522086791,19.61224124003166,0 80.41806807066986,19.61218302618882,0 80.41788692349689,19.61203898271396,0 80.41787235279305,19.61188113164419,0 80.41794871681375,19.61169488279114,0 80.41819114040027,19.61163828268355,0 80.41844865081551,19.61159607677131,0 80.41875157679587,19.61155401703821,0 80.41920624879019,19.61141202537877,0 80.41937359673497,19.61118303173639,0 80.41964686229909,19.61096872500973,0 80.41987481456142,19.61072558028078,0 80.42001604477979,19.61053232286578,0 80.42033071325804,19.61133282734097,0 
							</coordinates>
						</LinearRing>
					</outerBoundaryIs>
				</Polygon>
			</MultiGeometry>
		</Placemark>
		<Placemark id="ID_00069">
			<name>5</name>
			<Snippet maxLines="0"></Snippet>
			<description><![CDATA[<html xmlns:fo="http://www.w3.org/1999/XSL/Format" xmlns:msxsl="urn:schemas-microsoft-com:xslt">

<head>

<META http-equiv="Content-Type" content="text/html">

<meta http-equiv="content-type" content="text/html; charset=UTF-8">

</head>

<body style="margin:0px 0px 0px 0px;overflow:auto;background:#FFFFFF;">

<table style="font-family:Arial,Verdana,Times;font-size:12px;text-align:left;width:100%;border-collapse:collapse;padding:3px 3px 3px 3px">

<tr style="text-align:center;font-weight:bold;background:#9CBCE2">

<td>5</td>

</tr>

<tr>

<td>

<table style="font-family:Arial,Verdana,Times;font-size:12px;text-align:left;width:100%;border-spacing:0px; padding:3px 3px 3px 3px">

<tr>

<td>FID</td>

<td>948</td>

</tr>

<tr bgcolor="#D4E4F3">

<td>Id</td>

<td>5</td>

</tr>

<tr>

<td>Area_Ha</td>

<td>21.478</td>

</tr>

</table>

</td>

</tr>

</table>

</body>

</html>]]></description>
			<styleUrl>#PolyStyle0031</styleUrl>
			<MultiGeometry>
				<Polygon>
					<outerBoundaryIs>
						<LinearRing>
							<coordinates>
								80.4228499930104,19.62032513518171,0 80.42306942002585,19.62161155375707,0 80.42310452928606,19.62196145682652,0 80.42283401383202,19.62196058988953,0 80.42260733049704,19.62184509662886,0 80.42254728475588,19.62170144596347,0 80.42248739285411,19.62151475833979,0 80.42259444533626,19.62121383963267,0 80.42264078591694,19.62095576361979,0 80.42271791742016,19.62055432817733,0 80.4228499930104,19.62032513518171,0 
							</coordinates>
						</LinearRing>
					</outerBoundaryIs>
				</Polygon>
			</MultiGeometry>
		</Placemark>
		<Placemark id="ID_00070">
			<name>5</name>
			<Snippet maxLines="0"></Snippet>
			<description><![CDATA[<html xmlns:fo="http://www.w3.org/1999/XSL/Format" xmlns:msxsl="urn:schemas-microsoft-com:xslt">

<head>

<META http-equiv="Content-Type" content="text/html">

<meta http-equiv="content-type" content="text/html; charset=UTF-8">

</head>

<body style="margin:0px 0px 0px 0px;overflow:auto;background:#FFFFFF;">

<table style="font-family:Arial,Verdana,Times;font-size:12px;text-align:left;width:100%;border-collapse:collapse;padding:3px 3px 3px 3px">

<tr style="text-align:center;font-weight:bold;background:#9CBCE2">

<td>5</td>

</tr>

<tr>

<td>

<table style="font-family:Arial,Verdana,Times;font-size:12px;text-align:left;width:100%;border-spacing:0px; padding:3px 3px 3px 3px">

<tr>

<td>FID</td>

<td>949</td>

</tr>

<tr bgcolor="#D4E4F3">

<td>Id</td>

<td>5</td>

</tr>

<tr>

<td>Area_Ha</td>

<td>3.395</td>

</tr>

</table>

</td>

</tr>

</table>

</body>

</html>]]></description>
			<styleUrl>#PolyStyle0031</styleUrl>
			<MultiGeometry>
				<Polygon>
					<outerBoundaryIs>
						<LinearRing>
							<coordinates>
								80.42339556847911,19.6255492355588,0 80.42344187248034,19.62704395238679,0 80.42315197074137,19.62698804767496,0 80.4229707685345,19.62685357277168,0 80.42289090971629,19.62660465618387,0 80.42289186588506,19.6263368709149,0 80.42303412808411,19.62606953857376,0 80.42321710417697,19.62570669784748,0 80.42339556847911,19.6255492355588,0 
							</coordinates>
						</LinearRing>
					</outerBoundaryIs>
				</Polygon>
			</MultiGeometry>
		</Placemark>
	</Folder>
</Document>
</kml>
