project_id,transition,row,col,delta_NDVI,delta_NDWI,delta_NDBI,veg_loss_signal,builtup_signal,water_signal,signal_count,candidate_category,f6_class_name,f6_dynamic_world_class
MH-001,2021->2022,1,22,-0.1237,0.0728,0.1046,True,True,True,3,2,vegetation,crops
MH-001,2021->2022,1,24,-0.0835,0.0677,0.0548,True,True,True,3,2,vegetation,crops
MH-001,2021->2022,2,20,-0.1393,0.0674,0.0861,True,True,True,3,2,vegetation,crops
MH-001,2021->2022,2,21,-0.1680,0.0971,0.1372,True,True,True,3,2,vegetation,crops
MH-001,2021->2022,2,22,-0.1917,0.1001,0.1609,True,True,True,3,2,vegetation,crops
MH-001,2021->2022,2,23,-0.1149,0.0734,0.1051,True,True,True,3,2,vegetation,crops
MH-001,2021->2022,2,24,-0.1284,0.0809,0.1110,True,True,True,3,2,vegetation,crops
MH-001,2021->2022,2,25,-0.0819,0.0613,0.0642,True,True,True,3,2,vegetation,crops
MH-001,2021->2022,2,31,-0.0663,0.0188,0.1010,True,True,False,2,2,vegetation,crops
MH-001,2021->2022,3,16,-0.0778,0.0720,0.0710,True,True,True,3,2,vegetation,crops
MH-001,2021->2022,3,23,-0.0590,0.0477,0.0842,False,True,True,2,2,vegetation,crops
MH-001,2021->2022,3,24,-0.1062,0.0647,0.1131,True,True,True,3,2,vegetation,crops
MH-001,2021->2022,3,25,-0.0643,0.0432,0.0558,True,True,False,2,2,vegetation,crops
MH-001,2021->2022,9,4,-0.0685,0.0809,0.0183,True,False,True,2,2,vegetation,trees
MH-001,2021->2022,9,24,-0.0758,0.0347,0.0825,True,True,False,2,2,unknown,unknown
MH-001,2021->2022,9,25,-0.0858,0.0447,0.1089,True,True,False,2,2,unknown,unknown
MH-001,2021->2022,10,29,-0.1084,0.0577,0.1234,True,True,True,3,2,vegetation,crops
MH-001,2021->2022,10,30,-0.1290,0.0715,0.1373,True,True,True,3,2,vegetation,crops
MH-001,2021->2022,10,31,-0.1093,0.0578,0.1056,True,True,True,3,2,vegetation,crops
MH-001,2021->2022,10,32,-0.0887,0.0534,0.0802,True,True,True,3,2,vegetation,crops
MH-001,2021->2022,10,33,-0.0837,0.0480,0.0570,True,True,True,3,2,vegetation,crops
MH-001,2021->2022,10,34,-0.1223,0.0336,0.0727,True,True,False,2,2,vegetation,crops
MH-001,2021->2022,10,36,-0.0751,0.0219,0.0526,True,True,False,2,2,vegetation,crops
MH-001,2021->2022,11,29,-0.1525,0.0864,0.1732,True,True,True,3,2,vegetation,crops
MH-001,2021->2022,11,30,-0.2321,0.1233,0.2423,True,True,True,3,2,vegetation,crops
MH-001,2021->2022,11,31,-0.2308,0.1294,0.2197,True,True,True,3,2,vegetation,crops
MH-001,2021->2022,11,32,-0.2336,0.1210,0.2000,True,True,True,3,2,vegetation,crops
MH-001,2021->2022,11,33,-0.2032,0.1108,0.1492,True,True,True,3,2,vegetation,crops
MH-001,2021->2022,11,34,-0.2164,0.0839,0.1459,True,True,True,3,2,vegetation,crops
MH-001,2021->2022,11,35,-0.1745,0.0725,0.1200,True,True,True,3,2,vegetation,crops
MH-001,2021->2022,11,36,-0.1294,0.0453,0.0866,True,True,False,2,2,vegetation,crops
MH-001,2021->2022,11,37,-0.0960,0.0279,0.0666,True,True,False,2,2,vegetation,crops
MH-001,2021->2022,12,31,-0.0809,0.0516,0.0897,True,True,True,3,2,vegetation,crops
MH-001,2021->2022,12,32,-0.1045,0.0526,0.1247,True,True,True,3,2,vegetation,crops
MH-001,2021->2022,12,34,-0.0677,0.0231,0.1249,True,True,False,2,2,vegetation,crops
MH-001,2021->2022,12,36,-0.0700,0.0226,0.0959,True,True,False,2,2,vegetation,crops
MH-001,2021->2022,12,51,-0.0748,0.0676,0.0412,True,False,True,2,2,vegetation,crops
MH-001,2021->2022,13,34,0.0862,-0.0576,0.0760,False,True,True,2,2,vegetation,crops
MH-001,2021->2022,13,35,0.1111,-0.0588,0.0626,False,True,True,2,2,vegetation,crops
MH-001,2021->2022,14,34,0.0700,-0.0561,0.0839,False,True,True,2,2,vegetation,crops
MH-001,2021->2022,18,11,-0.0490,0.0520,0.0639,False,True,True,2,2,vegetation,crops
MH-001,2021->2022,18,14,-0.0391,0.0574,0.0506,False,True,True,2,2,vegetation,crops
MH-001,2021->2022,20,40,-0.0894,0.0790,0.0819,True,True,True,3,2,vegetation,crops
MH-001,2021->2022,20,41,-0.1386,0.1140,0.1359,True,True,True,3,2,vegetation,crops
MH-001,2021->2022,21,40,-0.1892,0.1299,0.1602,True,True,True,3,2,vegetation,crops
MH-001,2021->2022,21,41,-0.2777,0.2013,0.2664,True,True,True,3,2,vegetation,crops
MH-001,2021->2022,21,42,-0.0625,0.0483,0.0804,False,True,True,2,2,vegetation,crops
MH-001,2021->2022,22,40,-0.1327,0.0916,0.1131,True,True,True,3,2,vegetation,crops
MH-001,2021->2022,22,41,-0.2352,0.1765,0.2340,True,True,True,3,2,vegetation,crops
MH-001,2021->2022,39,55,-0.1509,0.0844,0.1367,True,True,True,3,2,unknown,unknown
MH-001,2021->2022,39,56,-0.1178,0.0874,0.1285,True,True,True,3,2,unknown,unknown
MH-001,2021->2022,39,57,-0.1161,0.0877,0.1325,True,True,True,3,2,unknown,unknown
MH-001,2021->2022,40,56,-0.0785,0.0548,0.0979,True,True,True,3,2,unknown,unknown
MH-001,2021->2022,40,57,-0.0912,0.0615,0.1061,True,True,True,3,2,unknown,unknown
MH-001,2021->2022,46,56,-0.1104,0.0397,0.0974,True,True,False,2,2,unknown,unknown
MH-001,2021->2022,46,59,-0.1099,0.0709,0.0779,True,True,True,3,2,unknown,unknown
MH-001,2021->2022,47,59,-0.1373,0.0881,0.0914,True,True,True,3,2,unknown,unknown
MH-001,2021->2022,47,60,-0.1488,0.1062,0.1186,True,True,True,3,2,unknown,unknown
MH-001,2021->2022,48,59,-0.1575,0.1020,0.1031,True,True,True,3,2,unknown,unknown
MH-001,2021->2022,48,60,-0.1435,0.0971,0.1109,True,True,True,3,2,unknown,unknown
MH-001,2021->2022,49,46,-0.0669,0.0688,0.0346,True,False,True,2,2,vegetation,shrub_and_scrub
MH-001,2021->2022,49,47,-0.0669,0.0641,0.0270,True,False,True,2,2,vegetation,shrub_and_scrub
MH-001,2021->2022,49,59,-0.0753,0.0522,0.0596,True,True,True,3,2,unknown,unknown
MH-001,2021->2022,49,60,-0.0699,0.0449,0.0509,True,True,False,2,2,unknown,unknown
MH-001,2021->2022,50,47,-0.0679,0.0657,0.0326,True,False,True,2,2,vegetation,shrub_and_scrub
MH-001,2021->2022,54,55,0.0651,-0.0567,0.0489,False,True,True,2,2,unknown,unknown
MH-001,2021->2022,55,53,0.0741,-0.0705,0.0489,False,True,True,2,2,unknown,unknown
MH-001,2021->2022,56,54,0.0913,-0.0869,0.0601,False,True,True,2,2,unknown,unknown
MH-001,2021->2022,57,54,0.0789,-0.0797,0.0646,False,True,True,2,2,unknown,unknown
MH-001,2021->2022,57,55,0.0578,-0.0581,0.0727,False,True,True,2,2,unknown,unknown
MH-001,2021->2022,58,54,0.0618,-0.0588,0.0501,False,True,True,2,2,unknown,unknown
MH-001,2021->2022,60,53,0.0612,-0.0668,0.0569,False,True,True,2,2,unknown,unknown
MH-001,2021->2022,61,53,0.0641,-0.0636,0.0490,False,True,True,2,2,unknown,unknown
MH-001,2021->2022,65,22,-0.0096,0.0576,0.0716,False,True,True,2,2,vegetation,crops
MH-001,2021->2022,65,23,-0.0131,0.0569,0.0980,False,True,True,2,2,vegetation,crops
MH-001,2021->2022,65,27,-0.0992,0.1724,-0.0133,True,False,True,2,2,vegetation,crops
MH-001,2021->2022,65,28,-0.1574,0.2578,0.0294,True,False,True,2,2,vegetation,crops
MH-001,2021->2022,65,29,-0.1265,0.2227,0.0200,True,False,True,2,2,vegetation,crops
MH-001,2021->2022,65,30,-0.0832,0.1392,-0.0410,True,False,True,2,2,vegetation,crops
MH-001,2021->2022,66,26,-0.1273,0.2581,-0.0300,True,False,True,2,2,vegetation,crops
MH-001,2021->2022,66,27,-0.2786,0.5061,0.0860,True,True,True,3,2,vegetation,crops
MH-001,2021->2022,66,28,-0.3533,0.5987,0.1076,True,True,True,3,2,vegetation,crops
MH-001,2021->2022,66,29,-0.2452,0.3902,-0.0060,True,False,True,2,2,unknown,unknown
MH-001,2021->2022,66,30,-0.1504,0.2119,-0.0842,True,False,True,2,2,unknown,unknown
MH-001,2021->2022,66,31,-0.0971,0.1218,-0.0682,True,False,True,2,2,unknown,unknown
MH-001,2021->2022,66,44,-0.0723,0.0666,0.0235,True,False,True,2,2,vegetation,crops
MH-001,2021->2022,66,45,-0.0825,0.0720,0.0194,True,False,True,2,2,vegetation,crops
MH-001,2021->2022,66,46,-0.0788,0.0682,0.0137,True,False,True,2,2,vegetation,crops
MH-001,2021->2022,67,25,-0.0953,0.2047,0.0138,True,False,True,2,2,unknown,unknown
MH-001,2021->2022,67,26,-0.1548,0.3683,0.0180,True,False,True,2,2,unknown,unknown
MH-001,2021->2022,67,27,-0.1595,0.4458,0.0640,True,True,True,3,2,unknown,unknown
MH-001,2021->2022,67,28,-0.1650,0.4127,-0.0580,True,False,True,2,2,unknown,unknown
MH-001,2021->2022,67,29,-0.2417,0.3697,-0.1086,True,False,True,2,2,unknown,unknown
MH-001,2021->2022,67,30,-0.3149,0.4444,-0.0350,True,False,True,2,2,unknown,unknown
MH-001,2021->2022,67,31,-0.3684,0.5022,0.0576,True,True,True,3,2,unknown,unknown
MH-001,2021->2022,67,32,-0.2567,0.3808,0.0126,True,False,True,2,2,unknown,unknown
MH-001,2021->2022,67,33,-0.0694,0.0945,-0.0916,True,False,True,2,2,unknown,unknown
MH-001,2021->2022,67,44,-0.0846,0.0713,0.0264,True,False,True,2,2,vegetation,crops
MH-001,2021->2022,67,45,-0.0903,0.0703,0.0228,True,False,True,2,2,vegetation,crops
MH-001,2021->2022,67,46,-0.0737,0.0647,-0.0008,True,False,True,2,2,vegetation,crops
MH-001,2021->2022,67,47,-0.0721,0.0651,0.0093,True,False,True,2,2,vegetation,crops
MH-001,2021->2022,67,48,-0.0779,0.0629,0.0127,True,False,True,2,2,vegetation,crops
MH-001,2021->2022,68,24,-0.1131,0.2703,0.0239,True,False,True,2,2,unknown,unknown
MH-001,2021->2022,68,25,-0.2103,0.3977,0.0533,True,True,True,3,2,unknown,unknown
MH-001,2021->2022,68,26,-0.0759,0.2662,0.0140,True,False,True,2,2,unknown,unknown
MH-001,2021->2022,68,27,-0.1359,0.3749,0.0501,True,True,True,3,2,unknown,unknown
MH-001,2021->2022,68,28,-0.3506,0.5849,0.0090,True,False,True,2,2,unknown,unknown
MH-001,2021->2022,68,29,-0.4390,0.6799,0.0271,True,False,True,2,2,unknown,unknown
MH-001,2021->2022,68,30,-0.4300,0.6440,0.0271,True,False,True,2,2,unknown,unknown
MH-001,2021->2022,68,31,-0.3053,0.4325,-0.0288,True,False,True,2,2,unknown,unknown
MH-001,2021->2022,68,32,-0.3448,0.4948,0.0132,True,False,True,2,2,unknown,unknown
MH-001,2021->2022,68,33,-0.2750,0.3463,-0.0296,True,False,True,2,2,unknown,unknown
MH-001,2021->2022,68,34,-0.2090,0.2525,-0.0600,True,False,True,2,2,unknown,unknown
MH-001,2021->2022,68,35,-0.0870,0.1056,-0.0628,True,False,True,2,2,bare_land,bare
MH-001,2021->2022,68,36,-0.0827,0.0928,-0.0767,True,False,True,2,2,bare_land,bare
MH-001,2021->2022,69,24,-0.2190,0.4786,-0.0865,True,False,True,2,2,unknown,unknown
MH-001,2021->2022,69,25,-0.1911,0.4436,-0.0741,True,False,True,2,2,unknown,unknown
MH-001,2021->2022,69,26,-0.0753,0.2486,-0.0407,True,False,True,2,2,unknown,unknown
MH-001,2021->2022,69,28,-0.2639,0.4146,-0.0210,True,False,True,2,2,unknown,unknown
MH-001,2021->2022,69,29,-0.4028,0.6183,-0.0169,True,False,True,2,2,unknown,unknown
MH-001,2021->2022,69,30,-0.3172,0.4989,0.0586,True,True,True,3,2,unknown,unknown
MH-001,2021->2022,69,31,-0.1477,0.2589,0.1466,True,True,True,3,2,unknown,unknown
MH-001,2021->2022,69,32,-0.2755,0.4370,-0.0466,True,False,True,2,2,unknown,unknown
MH-001,2021->2022,69,33,-0.4720,0.6919,-0.0146,True,False,True,2,2,unknown,unknown
MH-001,2021->2022,69,34,-0.4602,0.6876,-0.0027,True,False,True,2,2,unknown,unknown
MH-001,2021->2022,69,35,-0.3719,0.5528,0.1017,True,True,True,3,2,bare_land,bare
MH-001,2021->2022,69,36,-0.2549,0.3884,0.0397,True,False,True,2,2,bare_land,bare
MH-001,2021->2022,69,37,-0.1254,0.1690,-0.0807,True,False,True,2,2,bare_land,bare
MH-001,2021->2022,70,24,-0.2385,0.5558,0.0186,True,False,True,2,2,unknown,unknown
MH-001,2021->2022,70,25,-0.2139,0.4812,0.0632,True,True,True,3,2,unknown,unknown
MH-001,2021->2022,70,26,-0.1426,0.3214,0.1632,True,True,True,3,2,unknown,unknown
MH-001,2021->2022,70,28,-0.1625,0.2613,0.0362,True,False,True,2,2,unknown,unknown
MH-001,2021->2022,70,29,-0.2628,0.4246,0.0187,True,False,True,2,2,unknown,unknown
MH-001,2021->2022,70,30,-0.1831,0.2905,0.0049,True,False,True,2,2,unknown,unknown
MH-001,2021->2022,70,32,-0.1180,0.1913,-0.1129,True,False,True,2,2,unknown,unknown
MH-001,2021->2022,70,33,-0.4638,0.6658,0.0429,True,False,True,2,2,unknown,unknown
MH-001,2021->2022,70,34,-0.5058,0.7568,0.0483,True,True,True,3,2,unknown,unknown
MH-001,2021->2022,70,35,-0.5160,0.7554,0.0958,True,True,True,3,2,unknown,unknown
MH-001,2021->2022,70,36,-0.4544,0.6976,0.1345,True,True,True,3,2,unknown,unknown
MH-001,2021->2022,70,37,-0.3195,0.4931,0.0427,True,False,True,2,2,unknown,unknown
MH-001,2021->2022,70,38,-0.1951,0.3209,-0.0139,True,False,True,2,2,unknown,unknown
MH-001,2021->2022,70,39,-0.0741,0.1115,0.0206,True,False,True,2,2,unknown,unknown
MH-001,2021->2022,70,42,-0.0485,0.0474,0.0534,False,True,True,2,2,vegetation,crops
MH-001,2021->2022,71,24,-0.1957,0.4893,0.0217,True,False,True,2,2,unknown,unknown
MH-001,2021->2022,71,25,-0.1907,0.4569,0.0514,True,True,True,3,2,unknown,unknown
MH-001,2021->2022,71,26,-0.3048,0.4921,0.0951,True,True,True,3,2,unknown,unknown
MH-001,2021->2022,71,27,-0.2686,0.3809,0.1351,True,True,True,3,2,unknown,unknown
MH-001,2021->2022,71,28,-0.0247,0.0796,0.0689,False,True,True,2,2,unknown,unknown
MH-001,2021->2022,71,29,-0.0464,0.1153,0.0886,False,True,True,2,2,unknown,unknown
MH-001,2021->2022,71,30,-0.1616,0.2468,0.1704,True,True,True,3,2,unknown,unknown
MH-001,2021->2022,71,31,-0.1913,0.2792,0.2019,True,True,True,3,2,unknown,unknown
MH-001,2021->2022,71,32,-0.0886,0.1356,0.1531,True,True,True,3,2,unknown,unknown
MH-001,2021->2022,71,33,-0.0801,0.1443,0.0707,True,True,True,3,2,unknown,unknown
MH-001,2021->2022,71,34,-0.1037,0.1890,0.0249,True,False,True,2,2,unknown,unknown
MH-001,2021->2022,71,35,-0.0916,0.1836,0.0604,True,True,True,3,2,unknown,unknown
MH-001,2021->2022,71,36,-0.1176,0.2303,0.0320,True,False,True,2,2,unknown,unknown
MH-001,2021->2022,71,37,-0.2119,0.3496,-0.0206,True,False,True,2,2,unknown,unknown
MH-001,2021->2022,71,38,-0.2001,0.3572,-0.0379,True,False,True,2,2,unknown,unknown
MH-001,2021->2022,71,39,-0.0630,0.1343,0.0299,True,False,True,2,2,unknown,unknown
MH-001,2021->2022,72,24,-0.0880,0.3573,0.0211,True,False,True,2,2,unknown,unknown
MH-001,2021->2022,72,25,-0.1130,0.3564,-0.0038,True,False,True,2,2,unknown,unknown
MH-001,2021->2022,72,26,-0.2291,0.4028,0.0657,True,True,True,3,2,unknown,unknown
MH-001,2021->2022,72,27,-0.2188,0.3387,0.1462,True,True,True,3,2,unknown,unknown
MH-001,2021->2022,72,28,0.0038,0.0517,0.0838,False,True,True,2,2,unknown,unknown
MH-001,2021->2022,72,30,-0.1048,0.1561,0.1268,True,True,True,3,2,unknown,unknown
MH-001,2021->2022,72,31,-0.0928,0.1655,0.1215,True,True,True,3,2,unknown,unknown
MH-001,2021->2022,72,32,-0.0307,0.0772,0.1410,False,True,True,2,2,unknown,unknown
MH-001,2021->2022,72,33,0.0014,0.0625,0.1533,False,True,True,2,2,unknown,unknown
MH-001,2021->2022,72,34,-0.0077,0.0712,0.1392,False,True,True,2,2,unknown,unknown
MH-001,2021->2022,72,35,0.0058,0.0742,0.0830,False,True,True,2,2,unknown,unknown
MH-001,2021->2022,72,36,0.0281,0.0525,0.0831,False,True,True,2,2,unknown,unknown
MH-001,2021->2022,72,38,-0.0747,0.1989,-0.0610,True,False,True,2,2,unknown,unknown
MH-001,2021->2022,73,23,-0.0248,0.1230,0.0549,False,True,True,2,2,unknown,unknown
MH-001,2021->2022,73,25,-0.1288,0.3317,0.0781,True,True,True,3,2,unknown,unknown
MH-001,2021->2022,73,26,-0.1650,0.3393,0.1344,True,True,True,3,2,unknown,unknown
MH-001,2021->2022,73,27,-0.1064,0.2082,0.2034,True,True,True,3,2,unknown,unknown
MH-001,2021->2022,73,28,0.0028,0.0582,0.1858,False,True,True,2,2,unknown,unknown
MH-001,2021->2022,73,30,0.0265,0.0551,0.1707,False,True,True,2,2,unknown,unknown
MH-001,2021->2022,73,31,0.0388,0.0489,0.1545,False,True,True,2,2,unknown,unknown
MH-001,2021->2022,73,32,0.0215,0.0620,0.1495,False,True,True,2,2,unknown,unknown
MH-001,2021->2022,73,33,0.0383,0.0531,0.1857,False,True,True,2,2,unknown,unknown
MH-001,2021->2022,73,34,0.0192,0.0614,0.2138,False,True,True,2,2,unknown,unknown
MH-001,2021->2022,73,35,0.0252,0.0686,0.2055,False,True,True,2,2,unknown,unknown
MH-001,2021->2022,73,36,0.0277,0.0608,0.1823,False,True,True,2,2,unknown,unknown
MH-001,2021->2022,73,37,-0.0274,0.1116,0.1340,False,True,True,2,2,unknown,unknown
MH-001,2021->2022,74,26,-0.0718,0.2268,0.0930,True,True,True,3,2,unknown,unknown
MH-001,2021->2022,74,27,-0.0940,0.2053,0.1700,True,True,True,3,2,unknown,unknown
MH-001,2021->2022,74,28,-0.0295,0.1032,0.1462,False,True,True,2,2,unknown,unknown
MH-001,2021->2022,74,32,-0.0008,0.0778,0.2202,False,True,True,2,2,unknown,unknown
MH-001,2021->2022,74,33,0.0021,0.0851,0.2382,False,True,True,2,2,unknown,unknown
MH-001,2021->2022,74,35,0.0269,0.0555,0.2367,False,True,True,2,2,unknown,unknown
MH-001,2021->2022,74,36,0.0349,0.0523,0.1670,False,True,True,2,2,unknown,unknown
MH-001,2021->2022,74,44,-0.0743,0.0519,0.0347,True,False,True,2,2,unknown,unknown
MH-001,2021->2022,74,45,-0.0770,0.0507,0.0205,True,False,True,2,2,unknown,unknown
MH-001,2021->2022,75,27,-0.1340,0.2338,0.1196,True,True,True,3,2,unknown,unknown
MH-001,2021->2022,75,28,-0.1710,0.2891,0.1775,True,True,True,3,2,unknown,unknown
MH-001,2021->2022,75,29,-0.0325,0.1130,0.1992,False,True,True,2,2,unknown,unknown
MH-001,2021->2022,75,30,0.0212,0.0495,0.2286,False,True,True,2,2,unknown,unknown
MH-001,2021->2022,75,32,0.0129,0.0593,0.2091,False,True,True,2,2,unknown,unknown
MH-001,2021->2022,75,33,0.0510,0.0492,0.2036,False,True,True,2,2,unknown,unknown
MH-001,2021->2022,75,34,0.0277,0.0551,0.1673,False,True,True,2,2,unknown,unknown
MH-001,2021->2022,75,35,0.0354,0.0672,0.2351,False,True,True,2,2,unknown,unknown
MH-001,2021->2022,75,36,0.0155,0.0735,0.2151,False,True,True,2,2,unknown,unknown
MH-001,2021->2022,75,45,-0.0650,0.0666,-0.0248,True,False,True,2,2,unknown,unknown
MH-001,2021->2022,75,47,-0.0689,0.0744,-0.0325,True,False,True,2,2,vegetation,shrub_and_scrub
MH-001,2021->2022,76,27,-0.0977,0.2094,0.0660,True,True,True,3,2,unknown,unknown
MH-001,2021->2022,76,28,-0.1393,0.2725,0.0855,True,True,True,3,2,unknown,unknown
MH-001,2021->2022,76,29,-0.0191,0.1009,0.1683,False,True,True,2,2,unknown,unknown
MH-001,2021->2022,76,31,0.0016,0.0569,0.2049,False,True,True,2,2,unknown,unknown
MH-001,2021->2022,76,35,0.0399,0.0689,0.2677,False,True,True,2,2,unknown,unknown
MH-001,2021->2022,76,36,0.0224,0.0743,0.1998,False,True,True,2,2,unknown,unknown
MH-001,2021->2022,76,37,0.0280,0.0627,0.1866,False,True,True,2,2,unknown,unknown
MH-001,2021->2022,77,28,-0.1430,0.2643,0.0441,True,False,True,2,2,unknown,unknown
MH-001,2021->2022,77,29,-0.1059,0.1715,0.1764,True,True,True,3,2,unknown,unknown
MH-001,2021->2022,77,32,-0.0338,0.0477,0.2228,False,True,True,2,2,unknown,unknown
MH-001,2021->2022,77,33,0.0227,0.0526,0.1885,False,True,True,2,2,unknown,unknown
MH-001,2021->2022,78,28,-0.1324,0.2064,0.0275,True,False,True,2,2,unknown,unknown
MH-001,2021->2022,78,29,-0.0941,0.1701,0.1186,True,True,True,3,2,unknown,unknown
MH-001,2021->2022,79,29,-0.0893,0.1700,0.0140,True,False,True,2,2,unknown,unknown
MH-001,2021->2022,79,30,-0.0765,0.1780,0.1216,True,True,True,3,2,unknown,unknown
MH-001,2021->2022,79,31,0.0289,0.0495,0.1482,False,True,True,2,2,unknown,unknown
MH-001,2021->2022,79,33,-0.0126,0.0901,0.0593,False,True,True,2,2,unknown,unknown
MH-001,2021->2022,79,35,-0.0763,0.1849,0.0621,True,True,True,3,2,unknown,unknown
MH-001,2021->2022,80,29,-0.0486,0.0811,0.0620,False,True,True,2,2,unknown,unknown
MH-001,2021->2022,80,30,-0.0538,0.1211,0.0833,False,True,True,2,2,unknown,unknown
MH-001,2021->2022,80,31,-0.0090,0.0614,0.0911,False,True,True,2,2,unknown,unknown
MH-001,2021->2022,80,32,0.0182,0.0683,0.0846,False,True,True,2,2,unknown,unknown
MH-001,2021->2022,80,33,-0.0116,0.0935,0.0645,False,True,True,2,2,unknown,unknown
MH-001,2021->2022,98,60,-0.0694,0.0866,-0.0455,True,False,True,2,2,unknown,unknown
MH-001,2021->2022,98,61,-0.0642,0.0713,-0.0316,True,False,True,2,2,unknown,unknown
MH-001,2021->2022,99,60,-0.0820,0.0985,-0.0212,True,False,True,2,2,unknown,unknown
MH-001,2021->2022,110,90,-0.0754,0.0703,-0.0825,True,False,True,2,2,unknown,unknown
MH-001,2021->2022,113,58,-0.0702,0.0371,0.1045,True,True,False,2,2,unknown,unknown
MH-001,2021->2022,113,59,-0.1106,0.0530,0.0931,True,True,True,3,2,unknown,unknown
MH-001,2021->2022,113,60,-0.1044,0.0687,0.0937,True,True,True,3,2,unknown,unknown
MH-001,2021->2022,113,61,-0.0757,0.0500,0.0814,True,True,True,3,2,unknown,unknown
MH-001,2021->2022,114,58,-0.0628,0.0413,0.0762,True,True,False,2,2,unknown,unknown
MH-001,2021->2022,114,59,-0.1416,0.0800,0.1056,True,True,True,3,2,unknown,unknown
MH-001,2021->2022,114,60,-0.1234,0.0685,0.0813,True,True,True,3,2,unknown,unknown
MH-001,2021->2022,116,58,-0.0693,0.0325,0.0514,True,True,False,2,2,unknown,unknown
MH-001,2021->2022,116,59,-0.0628,0.0300,0.0503,True,True,False,2,2,unknown,unknown
MH-001,2021->2022,118,56,-0.0669,0.0513,0.0748,True,True,True,3,2,unknown,unknown
MH-001,2021->2022,119,56,-0.0766,0.0470,0.0829,True,True,True,3,2,unknown,unknown
MH-001,2021->2022,143,45,0.0623,-0.0834,0.0725,False,True,True,2,2,unknown,unknown
MH-001,2021->2022,143,46,0.0795,-0.0926,0.0734,False,True,True,2,2,unknown,unknown
MH-001,2021->2022,143,51,-0.0082,0.0475,0.0508,False,True,True,2,2,unknown,unknown
MH-001,2021->2022,144,43,0.0806,-0.0943,0.0775,False,True,True,2,2,vegetation,shrub_and_scrub
MH-001,2021->2022,144,44,0.0794,-0.0880,0.0768,False,True,True,2,2,unknown,unknown
MH-001,2021->2022,144,45,0.0787,-0.0829,0.0844,False,True,True,2,2,unknown,unknown
MH-001,2021->2022,144,46,0.0723,-0.0732,0.1157,False,True,True,2,2,unknown,unknown
MH-001,2021->2022,144,47,0.0777,-0.0843,0.0580,False,True,True,2,2,unknown,unknown
MH-001,2021->2022,144,50,0.0735,-0.0742,0.0488,False,True,True,2,2,unknown,unknown
MH-001,2021->2022,145,43,0.0753,-0.0835,0.0837,False,True,True,2,2,unknown,unknown
MH-001,2021->2022,145,44,0.0689,-0.0958,0.0944,False,True,True,2,2,unknown,unknown
MH-001,2021->2022,145,45,0.0953,-0.1109,0.0736,False,True,True,2,2,unknown,unknown
MH-001,2021->2022,145,46,0.0957,-0.0926,0.0803,False,True,True,2,2,unknown,unknown
MH-001,2021->2022,145,47,0.0996,-0.0943,0.0666,False,True,True,2,2,unknown,unknown
MH-001,2021->2022,145,50,0.0694,-0.0711,0.0860,False,True,True,2,2,unknown,unknown
MH-001,2021->2022,146,34,0.0584,-0.0609,0.0591,False,True,True,2,2,vegetation,shrub_and_scrub
MH-001,2021->2022,146,43,0.0751,-0.1011,0.0522,False,True,True,2,2,unknown,unknown
MH-001,2021->2022,146,44,0.0672,-0.0937,0.0667,False,True,True,2,2,unknown,unknown
MH-001,2021->2022,146,45,0.0772,-0.1160,0.0599,False,True,True,2,2,unknown,unknown
MH-001,2021->2022,146,47,0.0688,-0.0876,0.0590,False,True,True,2,2,unknown,unknown
MH-001,2021->2022,146,48,0.0766,-0.0838,0.0679,False,True,True,2,2,unknown,unknown
MH-001,2021->2022,146,49,0.0905,-0.0872,0.0511,False,True,True,2,2,unknown,unknown
MH-001,2021->2022,146,50,0.0352,-0.0584,0.0760,False,True,True,2,2,unknown,unknown
MH-001,2021->2022,146,51,0.0665,-0.0783,0.0499,False,True,True,2,2,unknown,unknown
MH-001,2021->2022,147,33,0.0595,-0.0630,0.0584,False,True,True,2,2,vegetation,shrub_and_scrub
MH-001,2021->2022,147,34,0.0628,-0.0693,0.0726,False,True,True,2,2,vegetation,shrub_and_scrub
MH-001,2021->2022,147,35,0.0740,-0.0731,0.0560,False,True,True,2,2,vegetation,shrub_and_scrub
MH-001,2021->2022,148,34,0.0512,-0.0622,0.0725,False,True,True,2,2,vegetation,shrub_and_scrub
MH-001,2021->2022,148,35,0.0622,-0.0700,0.0715,False,True,True,2,2,vegetation,shrub_and_scrub
MH-001,2021->2022,148,49,-0.0200,0.0707,0.0525,False,True,True,2,2,unknown,unknown
MH-001,2021->2022,149,37,0.0679,-0.0568,0.0606,False,True,True,2,2,vegetation,shrub_and_scrub
MH-001,2021->2022,149,46,-0.1196,0.1802,0.0170,True,False,True,2,2,vegetation,crops
MH-001,2021->2022,149,47,-0.0467,0.1100,0.0726,False,True,True,2,2,unknown,unknown
MH-001,2021->2022,149,48,-0.0541,0.0918,0.1049,False,True,True,2,2,unknown,unknown
MH-001,2021->2022,149,49,-0.0355,0.0894,0.0600,False,True,True,2,2,unknown,unknown
MH-001,2021->2022,149,50,-0.0199,0.0871,0.0607,False,True,True,2,2,unknown,unknown
MH-001,2021->2022,149,53,-0.0150,0.0738,0.0485,False,True,True,2,2,unknown,unknown
MH-001,2021->2022,150,46,-0.0625,0.1280,0.0645,False,True,True,2,2,vegetation,crops
MH-001,2021->2022,150,47,-0.0466,0.1014,0.0502,False,True,True,2,2,vegetation,crops
MH-001,2021->2022,150,48,-0.0274,0.0869,0.0650,False,True,True,2,2,unknown,unknown
MH-001,2021->2022,150,51,-0.0704,0.1152,0.0766,True,True,True,3,2,unknown,unknown
MH-001,2021->2022,150,52,-0.0869,0.1026,0.0915,True,True,True,3,2,unknown,unknown
MH-001,2021->2022,150,53,-0.0635,0.0913,0.0669,True,True,True,3,2,unknown,unknown
MH-001,2021->2022,151,52,-0.0277,0.0798,0.0611,False,True,True,2,2,unknown,unknown
MH-001,2021->2022,151,53,-0.0186,0.0557,0.0522,False,True,True,2,2,unknown,unknown
MH-001,2021->2022,164,64,-0.0687,0.0409,0.0621,True,True,False,2,2,unknown,unknown
MH-001,2021->2022,165,65,-0.0725,0.0099,0.0858,True,True,False,2,2,vegetation,crops
MH-001,2022->2023,2,18,-0.0716,0.0319,0.0785,True,True,False,2,2,vegetation,crops
MH-001,2022->2023,3,28,-0.1386,0.0476,0.0620,True,True,True,3,2,vegetation,crops
MH-001,2022->2023,3,29,-0.1008,0.0319,0.0703,True,True,False,2,2,vegetation,crops
MH-001,2022->2023,3,32,-0.1431,0.0841,0.1058,True,True,True,3,2,vegetation,crops
MH-001,2022->2023,3,33,-0.1397,0.0705,0.0991,True,True,True,3,2,vegetation,crops
MH-001,2022->2023,3,34,-0.1255,0.0634,0.0421,True,False,True,2,2,vegetation,crops
MH-001,2022->2023,4,29,-0.1165,0.0514,0.0975,True,True,True,3,2,vegetation,crops
MH-001,2022->2023,4,30,-0.0889,0.0504,0.1160,True,True,True,3,2,vegetation,crops
MH-001,2022->2023,4,32,-0.0932,0.0373,0.0701,True,True,False,2,2,vegetation,crops
MH-001,2022->2023,4,33,-0.1634,0.0684,0.1213,True,True,True,3,2,vegetation,crops
MH-001,2022->2023,4,34,-0.2312,0.1088,0.1473,True,True,True,3,2,vegetation,crops
MH-001,2022->2023,4,35,-0.1902,0.0912,0.1072,True,True,True,3,2,vegetation,crops
MH-001,2022->2023,5,4,-0.1560,0.0503,0.0983,True,True,True,3,2,vegetation,crops
MH-001,2022->2023,5,5,-0.0829,0.0387,0.0880,True,True,False,2,2,vegetation,crops
MH-001,2022->2023,5,29,-0.1548,0.0730,0.1117,True,True,True,3,2,vegetation,crops
MH-001,2022->2023,5,30,-0.2275,0.1063,0.1557,True,True,True,3,2,vegetation,crops
MH-001,2022->2023,5,31,-0.0959,0.0522,0.0645,True,True,True,3,2,vegetation,crops
MH-001,2022->2023,5,33,-0.1070,0.0343,0.0597,True,True,False,2,2,vegetation,crops
MH-001,2022->2023,5,34,-0.1544,0.0647,0.1031,True,True,True,3,2,vegetation,crops
MH-001,2022->2023,5,35,-0.1505,0.0700,0.0954,True,True,True,3,2,vegetation,crops
MH-001,2022->2023,6,5,-0.0963,0.0357,0.0742,True,True,False,2,2,vegetation,crops
MH-001,2022->2023,6,29,-0.1473,0.0693,0.0921,True,True,True,3,2,vegetation,crops
MH-001,2022->2023,6,30,-0.2294,0.1087,0.1452,True,True,True,3,2,vegetation,crops
MH-001,2022->2023,6,31,-0.0878,0.0494,0.0415,True,False,True,2,2,vegetation,crops
MH-001,2022->2023,7,5,-0.1792,0.0864,0.1001,True,True,True,3,2,vegetation,crops
MH-001,2022->2023,7,6,-0.2059,0.0860,0.1302,True,True,True,3,2,vegetation,crops
MH-001,2022->2023,7,7,-0.1584,0.0543,0.0937,True,True,True,3,2,vegetation,crops
MH-001,2022->2023,7,29,-0.1179,0.0533,0.0613,True,True,True,3,2,vegetation,crops
MH-001,2022->2023,7,30,-0.1982,0.0901,0.1331,True,True,True,3,2,vegetation,crops
MH-001,2022->2023,7,31,-0.0863,0.0527,0.0410,True,False,True,2,2,vegetation,crops
MH-001,2022->2023,7,35,-0.0819,0.0713,0.0731,True,True,True,3,2,vegetation,crops
MH-001,2022->2023,7,41,-0.1363,0.0448,0.0687,True,True,False,2,2,vegetation,crops
MH-001,2022->2023,7,42,-0.0978,0.0251,0.0525,True,True,False,2,2,vegetation,crops
MH-001,2022->2023,8,6,-0.1149,0.0372,0.0909,True,True,False,2,2,vegetation,crops
MH-001,2022->2023,8,21,-0.1003,0.0364,0.0545,True,True,False,2,2,vegetation,crops
MH-001,2022->2023,8,22,-0.1216,0.0377,0.0554,True,True,False,2,2,vegetation,crops
MH-001,2022->2023,8,23,-0.1142,0.0411,0.0573,True,True,False,2,2,vegetation,crops
MH-001,2022->2023,8,24,-0.0950,0.0334,0.0742,True,True,False,2,2,vegetation,crops
MH-001,2022->2023,8,25,-0.0680,0.0209,0.0570,True,True,False,2,2,vegetation,crops
MH-001,2022->2023,8,29,-0.1147,0.0517,0.0541,True,True,True,3,2,vegetation,crops
MH-001,2022->2023,8,30,-0.1950,0.0898,0.1441,True,True,True,3,2,vegetation,crops
MH-001,2022->2023,8,31,-0.1348,0.0630,0.0717,True,True,True,3,2,vegetation,crops
MH-001,2022->2023,8,33,-0.1707,0.0594,0.1008,True,True,True,3,2,vegetation,crops
MH-001,2022->2023,8,34,-0.1858,0.0902,0.1233,True,True,True,3,2,vegetation,crops
MH-001,2022->2023,8,35,-0.1403,0.1045,0.1296,True,True,True,3,2,vegetation,crops
MH-001,2022->2023,8,41,-0.1349,0.0511,0.0798,True,True,True,3,2,vegetation,crops
MH-001,2022->2023,9,21,-0.1027,0.0240,0.0697,True,True,False,2,2,vegetation,crops
MH-001,2022->2023,9,22,-0.0975,0.0291,0.0620,True,True,False,2,2,vegetation,crops
MH-001,2022->2023,9,25,-0.1441,0.0617,0.0706,True,True,True,3,2,vegetation,crops
MH-001,2022->2023,9,26,-0.1262,0.0592,0.0435,True,False,True,2,2,vegetation,crops
MH-001,2022->2023,9,27,-0.1023,0.0494,0.0250,True,False,True,2,2,vegetation,crops
MH-001,2022->2023,9,29,-0.1131,0.0528,0.0489,True,True,True,3,2,vegetation,crops
MH-001,2022->2023,9,30,-0.2014,0.0868,0.1326,True,True,True,3,2,vegetation,crops
MH-001,2022->2023,9,31,-0.2450,0.1117,0.1624,True,True,True,3,2,vegetation,crops
MH-001,2022->2023,9,32,-0.2360,0.0997,0.1435,True,True,True,3,2,vegetation,crops
MH-001,2022->2023,9,33,-0.2022,0.0714,0.1291,True,True,True,3,2,vegetation,crops
MH-001,2022->2023,9,34,-0.1459,0.0656,0.1221,True,True,True,3,2,vegetation,crops
MH-001,2022->2023,9,35,-0.0958,0.0584,0.0933,True,True,True,3,2,vegetation,crops
MH-001,2022->2023,10,20,-0.1171,0.0355,0.0579,True,True,False,2,2,unknown,unknown
MH-001,2022->2023,10,21,-0.1417,0.0392,0.0674,True,True,False,2,2,unknown,unknown
MH-001,2022->2023,10,26,-0.1210,0.0384,0.0649,True,True,False,2,2,unknown,unknown
MH-001,2022->2023,10,27,-0.1310,0.0508,0.0771,True,True,True,3,2,vegetation,crops
MH-001,2022->2023,10,31,-0.0998,0.0305,0.0785,True,True,False,2,2,vegetation,crops
MH-001,2022->2023,10,32,-0.1377,0.0546,0.0827,True,True,True,3,2,vegetation,crops
MH-001,2022->2023,10,33,-0.1060,0.0344,0.0501,True,True,False,2,2,vegetation,crops
MH-001,2022->2023,10,38,-0.0707,0.0356,0.0677,True,True,False,2,2,vegetation,crops
MH-001,2022->2023,10,39,-0.1723,0.0641,0.1221,True,True,True,3,2,vegetation,crops
MH-001,2022->2023,10,40,-0.1349,0.0413,0.0782,True,True,False,2,2,vegetation,crops
MH-001,2022->2023,10,46,-0.1191,0.0789,0.1305,True,True,True,3,2,vegetation,crops
MH-001,2022->2023,10,47,-0.2104,0.1506,0.2397,True,True,True,3,2,vegetation,crops
MH-001,2022->2023,10,48,-0.1685,0.1229,0.2115,True,True,True,3,2,vegetation,crops
MH-001,2022->2023,11,38,-0.0724,0.0431,0.0686,True,True,False,2,2,vegetation,crops
MH-001,2022->2023,11,39,-0.1344,0.0606,0.1143,True,True,True,3,2,vegetation,crops
MH-001,2022->2023,11,40,-0.1235,0.0420,0.0868,True,True,False,2,2,vegetation,crops
MH-001,2022->2023,11,41,-0.1094,0.0291,0.0487,True,True,False,2,2,vegetation,crops
MH-001,2022->2023,11,46,-0.1173,0.0781,0.1192,True,True,True,3,2,vegetation,crops
MH-001,2022->2023,11,47,-0.1814,0.1174,0.1856,True,True,True,3,2,vegetation,crops
MH-001,2022->2023,11,48,-0.2086,0.1548,0.2468,True,True,True,3,2,vegetation,crops
MH-001,2022->2023,12,31,-0.0641,0.0066,0.0700,True,True,False,2,2,vegetation,crops
MH-001,2022->2023,12,32,-0.1003,0.0270,0.0982,True,True,False,2,2,vegetation,crops
MH-001,2022->2023,12,38,-0.0643,0.0348,0.0523,True,True,False,2,2,vegetation,crops
MH-001,2022->2023,12,39,-0.0961,0.0354,0.0880,True,True,False,2,2,vegetation,crops
MH-001,2022->2023,12,40,-0.1132,0.0345,0.0903,True,True,False,2,2,vegetation,crops
MH-001,2022->2023,12,41,-0.1214,0.0369,0.0646,True,True,False,2,2,vegetation,crops
MH-001,2022->2023,12,46,-0.1087,0.0646,0.0913,True,True,True,3,2,vegetation,crops
MH-001,2022->2023,12,47,-0.1172,0.0640,0.0908,True,True,True,3,2,vegetation,crops
MH-001,2022->2023,12,48,-0.1501,0.0696,0.1330,True,True,True,3,2,vegetation,crops
MH-001,2022->2023,13,31,-0.1032,0.0295,0.0694,True,True,False,2,2,vegetation,crops
MH-001,2022->2023,13,32,-0.1139,0.0322,0.1205,True,True,False,2,2,vegetation,crops
MH-001,2022->2023,13,33,-0.0985,0.0288,0.0823,True,True,False,2,2,vegetation,crops
MH-001,2022->2023,13,47,-0.1086,0.0537,0.0451,True,False,True,2,2,vegetation,crops
MH-001,2022->2023,13,48,-0.1099,0.0401,0.0548,True,True,False,2,2,vegetation,crops
MH-001,2022->2023,13,49,-0.0768,0.0256,0.0719,True,True,False,2,2,vegetation,crops
MH-001,2022->2023,14,34,-0.1074,0.0605,-0.0113,True,False,True,2,2,vegetation,crops
MH-001,2022->2023,14,49,-0.1349,0.0594,0.1026,True,True,True,3,2,vegetation,crops
MH-001,2022->2023,14,50,-0.0939,0.0373,0.0850,True,True,False,2,2,vegetation,crops
MH-001,2022->2023,15,41,-0.0488,0.0626,0.0765,False,True,True,2,2,vegetation,crops
MH-001,2022->2023,15,49,-0.1037,0.0346,0.0829,True,True,False,2,2,vegetation,crops
MH-001,2022->2023,15,50,-0.1178,0.0403,0.1067,True,True,False,2,2,vegetation,crops
MH-001,2022->2023,15,51,-0.0730,0.0107,0.0592,True,True,False,2,2,vegetation,crops
MH-001,2022->2023,17,21,-0.0737,0.0065,0.0494,True,True,False,2,2,vegetation,shrub_and_scrub
MH-001,2022->2023,23,27,-0.0888,0.0475,-0.0236,True,False,True,2,2,vegetation,shrub_and_scrub
MH-001,2022->2023,25,31,-0.0926,0.0508,-0.0176,True,False,True,2,2,vegetation,shrub_and_scrub
MH-001,2022->2023,25,33,-0.0815,0.0505,-0.0013,True,False,True,2,2,vegetation,shrub_and_scrub
MH-001,2022->2023,38,51,-0.0915,0.0513,0.0854,True,True,True,3,2,vegetation,crops
MH-001,2022->2023,38,52,-0.0992,0.0588,0.0858,True,True,True,3,2,unknown,unknown
MH-001,2022->2023,38,53,-0.0933,0.0635,0.0859,True,True,True,3,2,unknown,unknown
MH-001,2022->2023,39,50,-0.0742,0.0276,0.1036,True,True,False,2,2,vegetation,crops
MH-001,2022->2023,39,51,-0.1334,0.0838,0.1596,True,True,True,3,2,vegetation,crops
MH-001,2022->2023,39,52,-0.1376,0.0957,0.1643,True,True,True,3,2,unknown,unknown
MH-001,2022->2023,39,53,-0.1557,0.1198,0.1872,True,True,True,3,2,unknown,unknown
MH-001,2022->2023,39,54,-0.0710,0.0228,0.0796,True,True,False,2,2,unknown,unknown
MH-001,2022->2023,39,55,-0.1240,0.0699,0.0808,True,True,True,3,2,unknown,unknown
MH-001,2022->2023,39,56,-0.1118,0.0484,0.0687,True,True,True,3,2,unknown,unknown
MH-001,2022->2023,39,57,-0.0976,0.0431,0.0546,True,True,False,2,2,unknown,unknown
MH-001,2022->2023,40,50,-0.0674,0.0192,0.1003,True,True,False,2,2,unknown,unknown
MH-001,2022->2023,40,51,-0.1162,0.0656,0.1482,True,True,True,3,2,vegetation,crops
MH-001,2022->2023,40,52,-0.1263,0.0816,0.1452,True,True,True,3,2,unknown,unknown
MH-001,2022->2023,40,53,-0.1278,0.1071,0.1602,True,True,True,3,2,unknown,unknown
MH-001,2022->2023,40,54,-0.1314,0.0659,0.1061,True,True,True,3,2,unknown,unknown
MH-001,2022->2023,40,55,-0.1504,0.0821,0.1075,True,True,True,3,2,unknown,unknown
MH-001,2022->2023,40,56,-0.1168,0.0564,0.0780,True,True,True,3,2,unknown,unknown
MH-001,2022->2023,40,57,-0.0998,0.0487,0.0783,True,True,True,3,2,unknown,unknown
MH-001,2022->2023,41,54,-0.1981,0.1110,0.1431,True,True,True,3,2,unknown,unknown
MH-001,2022->2023,41,55,-0.1351,0.0854,0.1244,True,True,True,3,2,unknown,unknown
MH-001,2022->2023,41,56,-0.0665,0.0367,0.0586,True,True,False,2,2,unknown,unknown
MH-001,2022->2023,42,54,-0.1797,0.0856,0.1491,True,True,True,3,2,unknown,unknown
MH-001,2022->2023,42,55,-0.1519,0.0991,0.1653,True,True,True,3,2,unknown,unknown
MH-001,2022->2023,43,54,-0.0959,0.0336,0.0980,True,True,False,2,2,unknown,unknown
MH-001,2022->2023,43,55,-0.1456,0.0939,0.1869,True,True,True,3,2,unknown,unknown
MH-001,2022->2023,44,55,-0.0997,0.0638,0.1678,True,True,True,3,2,unknown,unknown
MH-001,2022->2023,45,55,-0.0773,0.0315,0.1045,True,True,False,2,2,unknown,unknown
MH-001,2022->2023,46,56,-0.0779,0.0503,0.0270,True,False,True,2,2,unknown,unknown
MH-001,2022->2023,46,57,-0.1079,0.0551,0.0548,True,True,True,3,2,unknown,unknown
MH-001,2022->2023,47,56,-0.0740,0.0511,0.0231,True,False,True,2,2,unknown,unknown
MH-001,2022->2023,47,57,-0.1081,0.0581,0.0517,True,True,True,3,2,unknown,unknown
MH-001,2022->2023,49,57,-0.0831,0.0470,0.0267,True,False,True,2,2,unknown,unknown
MH-001,2022->2023,49,58,-0.0976,0.0282,0.0595,True,True,False,2,2,unknown,unknown
MH-001,2022->2023,51,55,-0.0916,0.0698,-0.0113,True,False,True,2,2,unknown,unknown
MH-001,2022->2023,61,66,-0.0686,0.0847,-0.0520,True,False,True,2,2,vegetation,crops
MH-001,2022->2023,62,65,-0.0727,0.0705,-0.0498,True,False,True,2,2,vegetation,crops
MH-001,2022->2023,63,63,-0.0786,0.0837,-0.0210,True,False,True,2,2,unknown,unknown
MH-001,2022->2023,64,62,-0.0995,0.1194,-0.0106,True,False,True,2,2,unknown,unknown
MH-001,2022->2023,64,63,-0.0766,0.0708,-0.0296,True,False,True,2,2,unknown,unknown
MH-001,2022->2023,65,61,-0.0839,0.0984,-0.0110,True,False,True,2,2,unknown,unknown
MH-001,2022->2023,65,62,-0.0922,0.0855,-0.0266,True,False,True,2,2,unknown,unknown
MH-001,2022->2023,66,61,-0.0833,0.0761,-0.0105,True,False,True,2,2,unknown,unknown
MH-001,2022->2023,67,27,-0.1119,0.0532,-0.0330,True,False,True,2,2,unknown,unknown
MH-001,2022->2023,67,55,-0.0707,0.0654,-0.0068,True,False,True,2,2,unknown,unknown
MH-001,2022->2023,68,26,-0.1144,0.0684,-0.0210,True,False,True,2,2,unknown,unknown
MH-001,2022->2023,68,27,-0.1441,0.0813,-0.0483,True,False,True,2,2,unknown,unknown
MH-001,2022->2023,68,54,-0.0678,0.0586,0.0085,True,False,True,2,2,unknown,unknown
MH-001,2022->2023,68,55,-0.0786,0.0689,-0.0073,True,False,True,2,2,unknown,unknown
MH-001,2022->2023,68,56,-0.0648,0.0696,-0.0168,True,False,True,2,2,unknown,unknown
MH-001,2022->2023,69,25,-0.0987,0.0595,0.0258,True,False,True,2,2,unknown,unknown
MH-001,2022->2023,69,26,-0.1647,0.1180,0.0033,True,False,True,2,2,unknown,unknown
MH-001,2022->2023,69,27,-0.1153,0.0828,-0.0267,True,False,True,2,2,unknown,unknown
MH-001,2022->2023,69,29,-0.0886,0.0695,-0.0051,True,False,True,2,2,unknown,unknown
MH-001,2022->2023,69,30,-0.0918,0.0749,-0.0063,True,False,True,2,2,unknown,unknown
MH-001,2022->2023,69,31,-0.0682,0.0529,-0.0170,True,False,True,2,2,unknown,unknown
MH-001,2022->2023,69,53,-0.0696,0.0532,0.0043,True,False,True,2,2,unknown,unknown
MH-001,2022->2023,70,25,-0.0871,0.0599,-0.0251,True,False,True,2,2,unknown,unknown
MH-001,2022->2023,70,26,-0.1216,0.0865,-0.0146,True,False,True,2,2,unknown,unknown
MH-001,2022->2023,70,27,-0.1303,0.0861,-0.0280,True,False,True,2,2,unknown,unknown
MH-001,2022->2023,70,30,-0.0992,0.0795,0.0133,True,False,True,2,2,unknown,unknown
MH-001,2022->2023,70,31,-0.1051,0.0798,0.0234,True,False,True,2,2,unknown,unknown
MH-001,2022->2023,70,32,-0.0855,0.0716,0.0290,True,False,True,2,2,unknown,unknown
MH-001,2022->2023,70,53,-0.0700,0.0519,-0.0023,True,False,True,2,2,unknown,unknown
MH-001,2022->2023,71,24,-0.1027,0.0827,0.0016,True,False,True,2,2,unknown,unknown
MH-001,2022->2023,71,25,-0.0971,0.0877,-0.0190,True,False,True,2,2,unknown,unknown
MH-001,2022->2023,71,26,-0.1046,0.1032,-0.0248,True,False,True,2,2,unknown,unknown
MH-001,2022->2023,71,27,-0.0779,0.0720,-0.0510,True,False,True,2,2,unknown,unknown
MH-001,2022->2023,71,30,-0.0710,0.0485,-0.0410,True,False,True,2,2,unknown,unknown
MH-001,2022->2023,71,32,-0.0800,0.0596,0.0093,True,False,True,2,2,unknown,unknown
MH-001,2022->2023,72,24,-0.0949,0.0669,-0.0159,True,False,True,2,2,unknown,unknown
MH-001,2022->2023,72,25,-0.1232,0.1130,-0.0047,True,False,True,2,2,unknown,unknown
MH-001,2022->2023,72,26,-0.1203,0.1185,-0.0351,True,False,True,2,2,unknown,unknown
MH-001,2022->2023,72,27,-0.1131,0.0900,-0.0354,True,False,True,2,2,unknown,unknown
MH-001,2022->2023,72,28,-0.1156,0.0938,0.0488,True,True,True,3,2,unknown,unknown
MH-001,2022->2023,72,29,-0.0954,0.0898,0.0316,True,False,True,2,2,unknown,unknown
MH-001,2022->2023,72,30,-0.0858,0.0709,-0.0071,True,False,True,2,2,unknown,unknown
MH-001,2022->2023,72,31,-0.1184,0.0809,0.0398,True,False,True,2,2,unknown,unknown
MH-001,2022->2023,72,32,-0.1013,0.0711,0.0253,True,False,True,2,2,unknown,unknown
MH-001,2022->2023,72,33,-0.1045,0.0707,0.0030,True,False,True,2,2,unknown,unknown
MH-001,2022->2023,72,36,-0.0980,0.0572,-0.0143,True,False,True,2,2,unknown,unknown
MH-001,2022->2023,73,26,-0.0716,0.0585,-0.0051,True,False,True,2,2,unknown,unknown
MH-001,2022->2023,73,27,-0.0863,0.0821,-0.0378,True,False,True,2,2,unknown,unknown
MH-001,2022->2023,73,28,-0.1070,0.1088,-0.0092,True,False,True,2,2,unknown,unknown
MH-001,2022->2023,73,29,-0.1372,0.1092,0.0149,True,False,True,2,2,unknown,unknown
MH-001,2022->2023,73,30,-0.1245,0.0869,0.0237,True,False,True,2,2,unknown,unknown
MH-001,2022->2023,73,31,-0.1263,0.0736,0.0140,True,False,True,2,2,unknown,unknown
MH-001,2022->2023,73,32,-0.1300,0.0729,0.0178,True,False,True,2,2,unknown,unknown
MH-001,2022->2023,73,33,-0.1163,0.0530,-0.0080,True,False,True,2,2,unknown,unknown
MH-001,2022->2023,73,34,-0.1180,0.0534,-0.0429,True,False,True,2,2,unknown,unknown
MH-001,2022->2023,74,28,-0.0875,0.0856,-0.0209,True,False,True,2,2,unknown,unknown
MH-001,2022->2023,74,29,-0.1414,0.1065,0.0296,True,False,True,2,2,unknown,unknown
MH-001,2022->2023,74,30,-0.1439,0.1015,0.0292,True,False,True,2,2,unknown,unknown
MH-001,2022->2023,74,31,-0.1387,0.0776,-0.0251,True,False,True,2,2,unknown,unknown
MH-001,2022->2023,74,32,-0.1238,0.0621,0.0006,True,False,True,2,2,unknown,unknown
MH-001,2022->2023,74,33,-0.1012,0.0493,-0.0422,True,False,True,2,2,unknown,unknown
MH-001,2022->2023,74,34,-0.1231,0.0642,-0.0285,True,False,True,2,2,unknown,unknown
MH-001,2022->2023,75,27,-0.0786,0.1017,0.0591,True,True,True,3,2,unknown,unknown
MH-001,2022->2023,75,29,-0.0973,0.0852,-0.0002,True,False,True,2,2,unknown,unknown
MH-001,2022->2023,75,30,-0.1465,0.1093,0.0335,True,False,True,2,2,unknown,unknown
MH-001,2022->2023,75,31,-0.1416,0.0888,0.0044,True,False,True,2,2,unknown,unknown
MH-001,2022->2023,75,32,-0.1297,0.0725,-0.0052,True,False,True,2,2,unknown,unknown
MH-001,2022->2023,75,33,-0.1412,0.0948,-0.0154,True,False,True,2,2,unknown,unknown
MH-001,2022->2023,75,34,-0.1771,0.1022,-0.0304,True,False,True,2,2,unknown,unknown
MH-001,2022->2023,75,35,-0.1204,0.0557,0.0061,True,False,True,2,2,unknown,unknown
MH-001,2022->2023,76,28,-0.0641,0.0833,-0.0099,True,False,True,2,2,unknown,unknown
MH-001,2022->2023,76,29,-0.1011,0.0969,0.0160,True,False,True,2,2,unknown,unknown
MH-001,2022->2023,76,30,-0.1357,0.1176,0.0544,True,True,True,3,2,unknown,unknown
MH-001,2022->2023,76,31,-0.0995,0.0691,-0.0331,True,False,True,2,2,unknown,unknown
MH-001,2022->2023,76,32,-0.1345,0.0785,-0.0069,True,False,True,2,2,unknown,unknown
MH-001,2022->2023,76,33,-0.1287,0.0531,-0.0405,True,False,True,2,2,unknown,unknown
MH-001,2022->2023,77,27,-0.0209,0.1058,0.0786,False,True,True,2,2,unknown,unknown
MH-001,2022->2023,77,28,-0.0998,0.1587,0.0241,True,False,True,2,2,unknown,unknown
MH-001,2022->2023,77,30,-0.0807,0.0882,-0.0242,True,False,True,2,2,unknown,unknown
MH-001,2022->2023,77,31,-0.0991,0.0995,-0.0093,True,False,True,2,2,unknown,unknown
MH-001,2022->2023,77,32,-0.1001,0.0980,-0.0067,True,False,True,2,2,unknown,unknown
MH-001,2022->2023,77,33,-0.1065,0.0632,-0.0615,True,False,True,2,2,unknown,unknown
MH-001,2022->2023,77,34,-0.0775,0.0623,-0.0721,True,False,True,2,2,unknown,unknown
MH-001,2022->2023,77,35,-0.1210,0.0723,-0.0009,True,False,True,2,2,unknown,unknown
MH-001,2022->2023,78,27,-0.0016,0.1298,0.0568,False,True,True,2,2,unknown,unknown
MH-001,2022->2023,78,28,-0.1054,0.2293,0.0714,True,True,True,3,2,unknown,unknown
MH-001,2022->2023,78,30,-0.0745,0.0695,-0.0328,True,False,True,2,2,unknown,unknown
MH-001,2022->2023,78,31,-0.0731,0.0702,-0.0505,True,False,True,2,2,unknown,unknown
MH-001,2022->2023,78,32,-0.0981,0.0923,-0.0288,True,False,True,2,2,unknown,unknown
MH-001,2022->2023,78,33,-0.1143,0.0623,-0.0521,True,False,True,2,2,unknown,unknown
MH-001,2022->2023,78,34,-0.0885,0.0791,-0.0423,True,False,True,2,2,unknown,unknown
MH-001,2022->2023,78,35,-0.0908,0.0675,-0.0609,True,False,True,2,2,unknown,unknown
MH-001,2022->2023,79,32,-0.0635,0.0572,-0.0608,True,False,True,2,2,unknown,unknown
MH-001,2022->2023,79,34,-0.0711,0.0775,-0.0242,True,False,True,2,2,unknown,unknown
MH-001,2022->2023,79,35,-0.0803,0.0918,0.0466,True,False,True,2,2,unknown,unknown
MH-001,2022->2023,80,33,0.0181,0.0491,0.0623,False,True,True,2,2,unknown,unknown
MH-001,2022->2023,80,41,-0.0845,0.0845,-0.0186,True,False,True,2,2,vegetation,trees
MH-001,2022->2023,81,30,-0.0718,0.0595,-0.1210,True,False,True,2,2,vegetation,shrub_and_scrub
MH-001,2022->2023,81,31,-0.1290,0.1049,-0.1397,True,False,True,2,2,vegetation,shrub_and_scrub
MH-001,2022->2023,81,32,-0.1197,0.0790,-0.0556,True,False,True,2,2,unknown,unknown
MH-001,2022->2023,81,36,-0.0605,0.0550,0.0495,False,True,True,2,2,vegetation,shrub_and_scrub
MH-001,2022->2023,81,38,-0.0769,0.0701,-0.0081,True,False,True,2,2,unknown,unknown
MH-001,2022->2023,81,39,-0.0740,0.0599,-0.0282,True,False,True,2,2,vegetation,shrub_and_scrub
MH-001,2022->2023,81,40,-0.0835,0.0577,-0.0241,True,False,True,2,2,unknown,unknown
MH-001,2022->2023,81,41,-0.1113,0.1084,-0.0320,True,False,True,2,2,vegetation,trees
MH-001,2022->2023,81,42,-0.0642,0.0896,-0.0235,True,False,True,2,2,unknown,unknown
MH-001,2022->2023,82,30,-0.0969,0.0880,-0.1043,True,False,True,2,2,vegetation,shrub_and_scrub
MH-001,2022->2023,82,31,-0.1517,0.1463,-0.0622,True,False,True,2,2,vegetation,shrub_and_scrub
MH-001,2022->2023,82,32,-0.1529,0.1223,0.0081,True,False,True,2,2,vegetation,shrub_and_scrub
MH-001,2022->2023,82,39,-0.0707,0.0594,0.0025,True,False,True,2,2,vegetation,shrub_and_scrub
MH-001,2022->2023,82,40,-0.0791,0.0967,-0.0185,True,False,True,2,2,unknown,unknown
MH-001,2022->2023,84,41,-0.1171,0.0618,0.0208,True,False,True,2,2,vegetation,crops
MH-001,2022->2023,85,40,-0.0965,0.0814,-0.0172,True,False,True,2,2,vegetation,crops
MH-001,2022->2023,85,41,-0.0953,0.0689,0.0048,True,False,True,2,2,vegetation,crops
MH-001,2022->2023,86,39,-0.1539,0.0929,0.0155,True,False,True,2,2,vegetation,crops
MH-001,2022->2023,86,40,-0.1579,0.0931,-0.0040,True,False,True,2,2,vegetation,crops
MH-001,2022->2023,87,22,-0.1187,0.0971,0.0117,True,False,True,2,2,vegetation,shrub_and_scrub
MH-001,2022->2023,87,23,-0.0961,0.0804,0.0081,True,False,True,2,2,vegetation,shrub_and_scrub
MH-001,2022->2023,87,38,-0.1671,0.0942,0.0878,True,True,True,3,2,vegetation,crops
MH-001,2022->2023,87,39,-0.2429,0.1161,0.1324,True,True,True,3,2,vegetation,crops
MH-001,2022->2023,87,40,-0.1919,0.0824,0.0824,True,True,True,3,2,vegetation,crops
MH-001,2022->2023,88,22,-0.0928,0.0685,0.0123,True,False,True,2,2,unknown,unknown
MH-001,2022->2023,88,23,-0.0835,0.0576,0.0118,True,False,True,2,2,vegetation,shrub_and_scrub
MH-001,2022->2023,88,37,-0.1551,0.0809,0.0649,True,True,True,3,2,vegetation,crops
MH-001,2022->2023,88,38,-0.2105,0.1183,0.1134,True,True,True,3,2,vegetation,crops
MH-001,2022->2023,88,39,-0.2066,0.1114,0.1312,True,True,True,3,2,vegetation,crops
MH-001,2022->2023,88,40,-0.1561,0.0750,0.0848,True,True,True,3,2,vegetation,crops
MH-001,2022->2023,89,37,-0.1275,0.0765,0.0556,True,True,True,3,2,vegetation,crops
MH-001,2022->2023,89,38,-0.1741,0.0995,0.0919,True,True,True,3,2,vegetation,crops
MH-001,2022->2023,89,39,-0.0983,0.0467,0.0669,True,True,True,3,2,vegetation,crops
MH-001,2022->2023,90,38,-0.0841,0.0614,0.0417,True,False,True,2,2,vegetation,crops
MH-001,2022->2023,91,27,-0.0709,0.0612,-0.0010,True,False,True,2,2,vegetation,shrub_and_scrub
MH-001,2022->2023,91,28,-0.0637,0.0579,-0.0231,True,False,True,2,2,unknown,unknown
MH-001,2022->2023,92,28,-0.0629,0.0587,-0.0404,True,False,True,2,2,vegetation,crops
MH-001,2022->2023,93,59,-0.0649,0.0506,-0.0001,True,False,True,2,2,unknown,unknown
MH-001,2022->2023,97,59,-0.0677,0.0539,-0.0895,True,False,True,2,2,unknown,unknown
MH-001,2022->2023,98,60,-0.0743,0.0534,0.0112,True,False,True,2,2,unknown,unknown
MH-001,2022->2023,100,81,-0.0940,0.0545,0.0545,True,True,True,3,2,unknown,unknown
MH-001,2022->2023,100,82,-0.0897,0.0479,0.0627,True,True,True,3,2,unknown,unknown
MH-001,2022->2023,100,83,-0.0910,0.0438,0.0671,True,True,False,2,2,unknown,unknown
MH-001,2022->2023,100,84,-0.0847,0.0454,0.0675,True,True,False,2,2,unknown,unknown
MH-001,2022->2023,101,83,-0.0716,0.0388,0.0492,True,True,False,2,2,unknown,unknown
MH-001,2022->2023,101,84,-0.0701,0.0440,0.0531,True,True,False,2,2,unknown,unknown
MH-001,2022->2023,103,51,-0.0697,0.0461,-0.0388,True,False,True,2,2,unknown,unknown
MH-001,2022->2023,103,53,-0.0701,0.0349,0.0602,True,True,False,2,2,unknown,unknown
MH-001,2022->2023,103,77,-0.0411,0.0565,0.0622,False,True,True,2,2,vegetation,shrub_and_scrub
MH-001,2022->2023,104,50,-0.0849,0.0556,-0.0280,True,False,True,2,2,unknown,unknown
MH-001,2022->2023,104,51,-0.0807,0.0564,-0.0294,True,False,True,2,2,vegetation,crops
MH-001,2022->2023,104,76,-0.1188,0.1490,0.1384,True,True,True,3,2,vegetation,trees
MH-001,2022->2023,104,77,-0.2176,0.2567,0.1869,True,True,True,3,2,vegetation,shrub_and_scrub
MH-001,2022->2023,104,78,-0.0864,0.0858,0.0546,True,True,True,3,2,unknown,unknown
MH-001,2022->2023,105,50,-0.0960,0.0586,-0.0242,True,False,True,2,2,vegetation,crops
MH-001,2022->2023,105,51,-0.0724,0.0531,-0.0381,True,False,True,2,2,vegetation,crops
MH-001,2022->2023,105,52,-0.0647,0.0527,-0.0202,True,False,True,2,2,unknown,unknown
MH-001,2022->2023,105,53,-0.0719,0.0523,-0.0020,True,False,True,2,2,unknown,unknown
MH-001,2022->2023,105,76,-0.0704,0.0728,0.0692,True,True,True,3,2,vegetation,trees
MH-001,2022->2023,105,77,-0.0991,0.0910,0.0648,True,True,True,3,2,unknown,unknown
MH-001,2022->2023,105,78,-0.0886,0.0746,0.0397,True,False,True,2,2,unknown,unknown
MH-001,2022->2023,105,79,-0.0803,0.0824,0.0469,True,False,True,2,2,unknown,unknown
MH-001,2022->2023,105,80,-0.0646,0.0482,0.0340,True,False,True,2,2,unknown,unknown
MH-001,2022->2023,106,51,-0.0764,0.0489,-0.0293,True,False,True,2,2,vegetation,crops
MH-001,2022->2023,106,60,-0.0706,0.0534,-0.0027,True,False,True,2,2,unknown,unknown
MH-001,2022->2023,106,79,-0.1077,0.1067,0.0724,True,True,True,3,2,unknown,unknown
MH-001,2022->2023,106,80,-0.1160,0.1170,0.0803,True,True,True,3,2,unknown,unknown
MH-001,2022->2023,107,50,-0.0657,0.0466,-0.0441,True,False,True,2,2,vegetation,crops
MH-001,2022->2023,107,51,-0.0792,0.0808,-0.0573,True,False,True,2,2,vegetation,crops
MH-001,2022->2023,107,59,-0.0703,0.0555,-0.0031,True,False,True,2,2,unknown,unknown
MH-001,2022->2023,107,60,-0.0764,0.0647,-0.0075,True,False,True,2,2,unknown,unknown
MH-001,2022->2023,108,51,-0.0786,0.0635,-0.0463,True,False,True,2,2,vegetation,crops
MH-001,2022->2023,108,59,-0.0879,0.0699,0.0056,True,False,True,2,2,unknown,unknown
MH-001,2022->2023,108,60,-0.0885,0.0692,-0.0045,True,False,True,2,2,unknown,unknown
MH-001,2022->2023,108,61,-0.0835,0.0636,-0.0085,True,False,True,2,2,unknown,unknown
MH-001,2022->2023,108,62,-0.0727,0.0547,-0.0059,True,False,True,2,2,unknown,unknown
MH-001,2022->2023,108,63,-0.0642,0.0479,-0.0004,True,False,True,2,2,unknown,unknown
MH-001,2022->2023,108,75,-0.0629,0.0357,0.0628,True,True,False,2,2,vegetation,trees
MH-001,2022->2023,108,76,-0.0790,0.0464,0.0765,True,True,True,3,2,vegetation,trees
MH-001,2022->2023,108,77,-0.0736,0.0538,0.0712,True,True,True,3,2,vegetation,trees
MH-001,2022->2023,109,51,-0.0822,0.0485,-0.0177,True,False,True,2,2,unknown,unknown
MH-001,2022->2023,109,52,-0.0812,0.0602,0.0047,True,False,True,2,2,unknown,unknown
MH-001,2022->2023,109,53,-0.0721,0.0546,0.0060,True,False,True,2,2,unknown,unknown
MH-001,2022->2023,109,59,-0.0980,0.0635,-0.0034,True,False,True,2,2,unknown,unknown
MH-001,2022->2023,109,60,-0.0872,0.0674,-0.0063,True,False,True,2,2,unknown,unknown
MH-001,2022->2023,109,61,-0.0834,0.0559,-0.0109,True,False,True,2,2,unknown,unknown
MH-001,2022->2023,109,76,-0.0777,0.0481,0.0748,True,True,True,3,2,vegetation,trees
MH-001,2022->2023,109,77,-0.0602,0.0462,0.0564,False,True,True,2,2,vegetation,trees
MH-001,2022->2023,111,80,-0.0670,0.0125,0.0570,True,True,False,2,2,unknown,unknown
MH-001,2022->2023,112,63,-0.0920,0.0477,0.0440,True,False,True,2,2,unknown,unknown
MH-001,2022->2023,112,80,-0.0654,0.0221,0.0645,True,True,False,2,2,unknown,unknown
MH-001,2022->2023,113,58,-0.1406,0.0470,0.0551,True,True,True,3,2,unknown,unknown
MH-001,2022->2023,113,59,-0.0991,0.0404,0.0520,True,True,False,2,2,unknown,unknown
MH-001,2022->2023,113,64,-0.0874,0.0486,0.0435,True,False,True,2,2,unknown,unknown
MH-001,2022->2023,114,59,-0.1304,0.0698,0.0681,True,True,True,3,2,unknown,unknown
MH-001,2022->2023,114,60,-0.1189,0.0621,0.0660,True,True,True,3,2,unknown,unknown
MH-001,2022->2023,114,62,-0.0935,0.0469,0.0169,True,False,True,2,2,unknown,unknown
MH-001,2022->2023,114,64,-0.0765,0.0363,0.0605,True,True,False,2,2,unknown,unknown
MH-001,2022->2023,114,65,-0.0672,0.0306,0.0599,True,True,False,2,2,vegetation,crops
MH-001,2022->2023,115,30,-0.0845,0.0648,0.0550,True,True,True,3,2,vegetation,crops
MH-001,2022->2023,115,60,-0.1261,0.0644,0.0677,True,True,True,3,2,unknown,unknown
MH-001,2022->2023,115,61,-0.1208,0.0573,0.0477,True,False,True,2,2,unknown,unknown
MH-001,2022->2023,115,64,-0.1035,0.0493,0.1003,True,True,True,3,2,unknown,unknown
MH-001,2022->2023,115,65,-0.0725,0.0310,0.0713,True,True,False,2,2,vegetation,crops
MH-001,2022->2023,116,29,-0.0747,0.0529,0.0355,True,False,True,2,2,vegetation,crops
MH-001,2022->2023,116,30,-0.1374,0.1009,0.1006,True,True,True,3,2,vegetation,crops
MH-001,2022->2023,116,75,-0.0696,0.0368,0.0860,True,True,False,2,2,unknown,unknown
MH-001,2022->2023,116,76,-0.0647,0.0305,0.0717,True,True,False,2,2,unknown,unknown
MH-001,2022->2023,117,30,-0.0983,0.0702,0.0589,True,True,True,3,2,vegetation,crops
MH-001,2022->2023,118,83,-0.0643,0.0251,0.0651,True,True,False,2,2,unknown,unknown
MH-001,2022->2023,125,88,-0.0659,0.0363,0.0499,True,True,False,2,2,unknown,unknown
MH-001,2022->2023,132,90,-0.0890,0.0517,0.0286,True,False,True,2,2,unknown,unknown
MH-001,2022->2023,148,49,-0.0821,0.0630,0.0070,True,False,True,2,2,unknown,unknown
MH-001,2022->2023,149,49,-0.0864,0.0695,-0.0343,True,False,True,2,2,unknown,unknown
MH-001,2022->2023,149,50,-0.1007,0.0841,-0.0221,True,False,True,2,2,unknown,unknown
MH-001,2022->2023,149,51,-0.0729,0.0928,0.0114,True,False,True,2,2,unknown,unknown
MH-001,2022->2023,150,47,-0.0787,0.0802,-0.0209,True,False,True,2,2,vegetation,crops
MH-001,2022->2023,150,48,-0.0673,0.0673,-0.0524,True,False,True,2,2,unknown,unknown
MH-001,2022->2023,152,66,-0.0752,0.0533,0.0288,True,False,True,2,2,built_up,built
MH-001,2022->2023,153,45,-0.0650,0.0615,-0.0850,True,False,True,2,2,unknown,unknown
MH-001,2022->2023,153,46,-0.0776,0.0902,-0.1076,True,False,True,2,2,built_up,built
MH-001,2022->2023,154,45,-0.0736,0.0713,-0.0949,True,False,True,2,2,built_up,built
MH-001,2022->2023,154,46,-0.0752,0.0899,-0.1353,True,False,True,2,2,built_up,built
MH-001,2022->2023,155,46,-0.0753,0.0833,-0.0679,True,False,True,2,2,built_up,built
MH-001,2022->2023,155,47,-0.0701,0.0712,-0.0290,True,False,True,2,2,built_up,built
MH-001,2022->2023,156,47,-0.0850,0.0767,-0.0205,True,False,True,2,2,built_up,built
MH-001,2022->2023,167,63,-0.0950,0.0474,0.0611,True,True,True,3,2,unknown,unknown
MH-001,2022->2023,167,64,-0.1236,0.0744,0.0394,True,False,True,2,2,unknown,unknown
MH-001,2022->2023,167,65,-0.1138,0.0773,0.0085,True,False,True,2,2,unknown,unknown
MH-001,2022->2023,168,65,-0.0961,0.0612,0.0114,True,False,True,2,2,unknown,unknown
MH-001,2022->2023,169,55,-0.1061,0.0585,0.0148,True,False,True,2,2,unknown,unknown
MH-001,2022->2023,173,84,-0.1070,0.0672,0.0329,True,False,True,2,2,unknown,unknown
MH-001,2022->2023,174,83,-0.0995,0.0769,0.0142,True,False,True,2,2,unknown,unknown
MH-001,2022->2023,175,70,-0.0964,0.0369,0.0582,True,True,False,2,2,built_up,built
MH-001,2022->2023,175,71,-0.1442,0.0776,0.0830,True,True,True,3,2,built_up,built
MH-001,2022->2023,175,72,-0.1063,0.0392,0.0560,True,True,False,2,2,built_up,built
MH-001,2022->2023,175,82,-0.0771,0.0661,0.0007,True,False,True,2,2,unknown,unknown
MH-001,2022->2023,175,83,-0.0905,0.0776,-0.0071,True,False,True,2,2,unknown,unknown
MH-001,2022->2023,180,47,-0.0755,0.0607,0.0230,True,False,True,2,2,vegetation,shrub_and_scrub
MH-001,2022->2023,181,46,-0.0682,0.0571,0.0127,True,False,True,2,2,unknown,unknown
MH-001,2022->2023,181,47,-0.0737,0.0543,0.0297,True,False,True,2,2,unknown,unknown
MH-001,2023->2024,1,28,-0.1206,0.0280,0.1203,True,True,False,2,2,vegetation,crops
MH-001,2023->2024,1,29,-0.1341,0.0411,0.1374,True,True,False,2,2,vegetation,crops
MH-001,2023->2024,2,30,-0.1529,0.0754,0.1722,True,True,True,3,2,vegetation,crops
MH-001,2023->2024,2,31,-0.1491,0.0642,0.1547,True,True,True,3,2,vegetation,crops
MH-001,2023->2024,3,16,-0.0742,0.0260,0.0851,True,True,False,2,2,vegetation,crops
MH-001,2023->2024,3,29,-0.0486,0.0499,0.0742,False,True,True,2,2,vegetation,crops
MH-001,2023->2024,3,30,-0.1762,0.0860,0.1728,True,True,True,3,2,vegetation,crops
MH-001,2023->2024,3,31,-0.1120,0.0513,0.1126,True,True,True,3,2,vegetation,crops
MH-001,2023->2024,4,8,-0.0771,0.0410,0.0907,True,True,False,2,2,vegetation,crops
MH-001,2023->2024,4,30,-0.1070,0.0634,0.0991,True,True,True,3,2,vegetation,crops
MH-001,2023->2024,6,32,-0.0855,0.0360,0.0626,True,True,False,2,2,vegetation,crops
MH-001,2023->2024,7,19,-0.0816,0.0565,0.0871,True,True,True,3,2,unknown,unknown
MH-001,2023->2024,7,20,-0.0898,0.0623,0.0829,True,True,True,3,2,vegetation,crops
MH-001,2023->2024,7,32,-0.0811,0.0379,0.0609,True,True,False,2,2,vegetation,crops
MH-001,2023->2024,8,5,-0.0656,0.0948,0.1159,True,True,True,3,2,vegetation,crops
MH-001,2023->2024,8,6,-0.0607,0.0980,0.1071,False,True,True,2,2,vegetation,crops
MH-001,2023->2024,8,19,-0.0662,0.0433,0.0619,True,True,False,2,2,vegetation,crops
MH-001,2023->2024,8,44,-0.0672,0.0448,0.2113,True,True,False,2,2,vegetation,crops
MH-001,2023->2024,9,4,-0.1172,0.0688,0.0965,True,True,True,3,2,unknown,unknown
MH-001,2023->2024,9,5,-0.1925,0.1231,0.1584,True,True,True,3,2,unknown,unknown
MH-001,2023->2024,9,6,-0.2061,0.1442,0.1573,True,True,True,3,2,vegetation,crops
MH-001,2023->2024,9,19,-0.0417,0.0487,0.0503,False,True,True,2,2,vegetation,crops
MH-001,2023->2024,11,50,-0.0797,0.0566,0.0853,True,True,True,3,2,vegetation,crops
MH-001,2023->2024,11,51,-0.2263,0.1361,0.1903,True,True,True,3,2,vegetation,crops
MH-001,2023->2024,12,34,-0.0435,0.0564,0.0537,False,True,True,2,2,vegetation,crops
MH-001,2023->2024,12,35,-0.0695,0.0798,0.0908,True,True,True,3,2,vegetation,crops
MH-001,2023->2024,12,50,-0.0908,0.0673,0.1040,True,True,True,3,2,vegetation,crops
MH-001,2023->2024,12,51,-0.2398,0.1533,0.2101,True,True,True,3,2,vegetation,crops
MH-001,2023->2024,13,35,-0.0261,0.0467,0.0741,False,True,True,2,2,vegetation,crops
MH-001,2023->2024,13,50,-0.0821,0.0655,0.0793,True,True,True,3,2,vegetation,crops
MH-001,2023->2024,13,51,-0.1465,0.0987,0.1329,True,True,True,3,2,vegetation,crops
MH-001,2023->2024,14,50,-0.0659,0.0570,0.0254,True,False,True,2,2,vegetation,crops
MH-001,2023->2024,15,35,-0.0465,0.0673,0.0999,False,True,True,2,2,vegetation,crops
MH-001,2023->2024,15,36,-0.0533,0.0685,0.1276,False,True,True,2,2,vegetation,crops
MH-001,2023->2024,15,37,-0.0470,0.0546,0.1053,False,True,True,2,2,vegetation,crops
MH-001,2023->2024,15,38,-0.0786,0.0749,0.0551,True,True,True,3,2,vegetation,crops
MH-001,2023->2024,15,49,-0.0844,0.0674,0.0620,True,True,True,3,2,vegetation,crops
MH-001,2023->2024,16,35,-0.0545,0.0705,0.1041,False,True,True,2,2,vegetation,crops
MH-001,2023->2024,16,36,-0.0618,0.0795,0.1218,False,True,True,2,2,vegetation,crops
MH-001,2023->2024,16,37,-0.0808,0.0804,0.1072,True,True,True,3,2,vegetation,crops
MH-001,2023->2024,16,38,-0.1944,0.1697,0.0898,True,True,True,3,2,vegetation,crops
MH-001,2023->2024,16,39,-0.1450,0.1300,0.0389,True,False,True,2,2,vegetation,crops
MH-001,2023->2024,16,43,-0.0652,0.0417,0.0599,True,True,False,2,2,vegetation,crops
MH-001,2023->2024,16,49,-0.0633,0.0532,0.0574,True,True,True,3,2,vegetation,crops
MH-001,2023->2024,17,38,-0.0650,0.0875,0.0533,True,True,True,3,2,vegetation,crops
MH-001,2023->2024,21,29,-0.1395,0.0671,0.1405,True,True,True,3,2,unknown,unknown
MH-001,2023->2024,21,30,-0.1048,0.0357,0.1319,True,True,False,2,2,unknown,unknown
MH-001,2023->2024,21,38,-0.0731,0.0702,0.1367,True,True,True,3,2,vegetation,crops
MH-001,2023->2024,21,39,-0.1445,0.1094,0.2174,True,True,True,3,2,vegetation,crops
MH-001,2023->2024,21,40,-0.1755,0.1154,0.2197,True,True,True,3,2,vegetation,crops
MH-001,2023->2024,21,41,-0.1596,0.1084,0.1980,True,True,True,3,2,vegetation,crops
MH-001,2023->2024,22,29,-0.0450,0.0482,0.0519,False,True,True,2,2,unknown,unknown
MH-001,2023->2024,22,30,-0.0499,0.0515,0.0611,False,True,True,2,2,unknown,unknown
MH-001,2023->2024,22,38,-0.0772,0.0677,0.1341,True,True,True,3,2,vegetation,crops
MH-001,2023->2024,22,39,-0.1545,0.1078,0.2118,True,True,True,3,2,vegetation,crops
MH-001,2023->2024,22,40,-0.1744,0.1166,0.2132,True,True,True,3,2,vegetation,crops
MH-001,2023->2024,22,41,-0.1682,0.1160,0.1930,True,True,True,3,2,vegetation,crops
MH-001,2023->2024,23,12,-0.0676,0.0713,0.1250,True,True,True,3,2,vegetation,crops
MH-001,2023->2024,23,13,-0.0603,0.0758,0.1284,False,True,True,2,2,vegetation,crops
MH-001,2023->2024,23,14,-0.0383,0.0672,0.0988,False,True,True,2,2,vegetation,crops
MH-001,2023->2024,23,15,-0.0395,0.0476,0.0813,False,True,True,2,2,vegetation,crops
MH-001,2023->2024,23,16,-0.0615,0.0583,0.0919,False,True,True,2,2,vegetation,crops
MH-001,2023->2024,23,17,-0.0422,0.0513,0.0671,False,True,True,2,2,vegetation,crops
MH-001,2023->2024,23,38,-0.0728,0.0625,0.1056,True,True,True,3,2,vegetation,crops
MH-001,2023->2024,23,39,-0.0962,0.0690,0.1282,True,True,True,3,2,vegetation,crops
MH-001,2023->2024,23,40,-0.1033,0.0747,0.1377,True,True,True,3,2,vegetation,crops
MH-001,2023->2024,23,41,-0.1239,0.0845,0.1403,True,True,True,3,2,vegetation,crops
MH-001,2023->2024,24,12,-0.0770,0.0746,0.1156,True,True,True,3,2,vegetation,crops
MH-001,2023->2024,24,13,-0.0539,0.0692,0.1149,False,True,True,2,2,vegetation,crops
MH-001,2023->2024,24,14,-0.0395,0.0705,0.0931,False,True,True,2,2,vegetation,crops
MH-001,2023->2024,24,15,-0.0379,0.0603,0.0898,False,True,True,2,2,vegetation,crops
MH-001,2023->2024,24,16,-0.0581,0.0707,0.1006,False,True,True,2,2,vegetation,crops
MH-001,2023->2024,24,17,-0.0577,0.0601,0.0887,False,True,True,2,2,vegetation,crops
MH-001,2023->2024,24,37,-0.0564,0.0527,0.0986,False,True,True,2,2,vegetation,crops
MH-001,2023->2024,24,40,-0.0620,0.0519,0.0777,False,True,True,2,2,vegetation,crops
MH-001,2023->2024,25,12,-0.0560,0.0776,0.1275,False,True,True,2,2,vegetation,crops
MH-001,2023->2024,25,13,-0.0380,0.0682,0.0927,False,True,True,2,2,vegetation,crops
MH-001,2023->2024,25,14,-0.0237,0.0566,0.0688,False,True,True,2,2,vegetation,crops
MH-001,2023->2024,25,15,-0.0367,0.0680,0.0815,False,True,True,2,2,vegetation,crops
MH-001,2023->2024,25,16,-0.0660,0.0923,0.1251,True,True,True,3,2,vegetation,crops
MH-001,2023->2024,25,17,-0.0319,0.0639,0.0836,False,True,True,2,2,vegetation,crops
MH-001,2023->2024,25,37,-0.0667,0.0404,0.1313,True,True,False,2,2,vegetation,crops
MH-001,2023->2024,26,13,-0.0428,0.0651,0.0879,False,True,True,2,2,vegetation,crops
MH-001,2023->2024,26,14,-0.0428,0.0517,0.0641,False,True,True,2,2,vegetation,crops
MH-001,2023->2024,26,16,-0.0597,0.0552,0.0658,False,True,True,2,2,vegetation,crops
MH-001,2023->2024,26,17,-0.0379,0.0523,0.0553,False,True,True,2,2,vegetation,shrub_and_scrub
MH-001,2023->2024,27,14,-0.0278,0.0525,0.0492,False,True,True,2,2,vegetation,crops
MH-001,2023->2024,29,16,-0.0836,0.0923,0.0171,True,False,True,2,2,vegetation,shrub_and_scrub
MH-001,2023->2024,29,17,-0.0716,0.0750,0.0260,True,False,True,2,2,vegetation,shrub_and_scrub
MH-001,2023->2024,31,55,-0.0651,0.0517,0.0736,True,True,True,3,2,unknown,unknown
MH-001,2023->2024,32,55,-0.0824,0.0779,0.0629,True,True,True,3,2,unknown,unknown
MH-001,2023->2024,33,55,-0.0751,0.0687,0.0503,True,True,True,3,2,unknown,unknown
MH-001,2023->2024,34,56,-0.0534,0.0474,0.0565,False,True,True,2,2,unknown,unknown
MH-001,2023->2024,36,32,-0.0522,0.0658,0.0486,False,True,True,2,2,vegetation,trees
MH-001,2023->2024,38,25,-0.0569,0.0528,0.0691,False,True,True,2,2,vegetation,shrub_and_scrub
MH-001,2023->2024,39,25,-0.0538,0.0543,0.0753,False,True,True,2,2,vegetation,shrub_and_scrub
MH-001,2023->2024,39,26,-0.0520,0.0493,0.0758,False,True,True,2,2,vegetation,shrub_and_scrub
MH-001,2023->2024,39,28,-0.0430,0.0515,0.0557,False,True,True,2,2,vegetation,shrub_and_scrub
MH-001,2023->2024,45,22,-0.0246,0.0491,0.0575,False,True,True,2,2,vegetation,crops
MH-001,2023->2024,48,21,-0.0196,0.0490,0.0507,False,True,True,2,2,vegetation,crops
MH-001,2023->2024,50,16,-0.0109,0.0534,0.0527,False,True,True,2,2,unknown,unknown
MH-001,2023->2024,51,60,-0.0458,0.0537,0.0674,False,True,True,2,2,unknown,unknown
MH-001,2023->2024,51,61,-0.0283,0.0470,0.0699,False,True,True,2,2,unknown,unknown
MH-001,2023->2024,52,18,-0.0237,0.0506,0.0532,False,True,True,2,2,vegetation,crops
MH-001,2023->2024,52,19,-0.0215,0.0466,0.0496,False,True,True,2,2,vegetation,crops
MH-001,2023->2024,53,20,-0.0282,0.0499,0.0570,False,True,True,2,2,vegetation,crops
MH-001,2023->2024,55,17,0.0026,0.0487,0.0499,False,True,True,2,2,vegetation,crops
MH-001,2023->2024,56,16,-0.0014,0.0470,0.0563,False,True,True,2,2,unknown,unknown
MH-001,2023->2024,56,17,-0.0108,0.0494,0.0551,False,True,True,2,2,vegetation,crops
MH-001,2023->2024,56,18,-0.0178,0.0464,0.0495,False,True,True,2,2,vegetation,crops
MH-001,2023->2024,58,29,-0.0624,0.0549,0.0487,False,True,True,2,2,vegetation,crops
MH-001,2023->2024,58,36,-0.0280,0.0486,0.0517,False,True,True,2,2,vegetation,crops
MH-001,2023->2024,61,9,-0.0239,0.0472,0.0643,False,True,True,2,2,vegetation,crops
MH-001,2023->2024,62,41,-0.0090,0.0516,0.0537,False,True,True,2,2,vegetation,shrub_and_scrub
MH-001,2023->2024,65,33,-0.0688,0.0392,0.0805,True,True,False,2,2,unknown,unknown
MH-001,2023->2024,65,34,-0.0774,0.0410,0.0702,True,True,False,2,2,unknown,unknown
MH-001,2023->2024,66,31,0.0345,-0.0824,0.0905,False,True,True,2,2,unknown,unknown
MH-001,2023->2024,67,28,0.1193,-0.2522,0.1001,False,True,True,2,2,unknown,unknown
MH-001,2023->2024,67,29,0.0172,-0.1746,0.2155,False,True,True,2,2,unknown,unknown
MH-001,2023->2024,67,30,0.1312,-0.3019,0.1211,False,True,True,2,2,unknown,unknown
MH-001,2023->2024,67,31,0.2253,-0.3869,0.0568,False,True,True,2,2,unknown,unknown
MH-001,2023->2024,67,67,-0.0818,0.0752,0.0017,True,False,True,2,2,vegetation,crops
MH-001,2023->2024,68,31,0.2886,-0.4795,0.0819,False,True,True,2,2,unknown,unknown
MH-001,2023->2024,68,49,-0.0123,0.0490,0.0519,False,True,True,2,2,vegetation,crops
MH-001,2023->2024,68,53,-0.0757,0.0907,-0.0609,True,False,True,2,2,unknown,unknown
MH-001,2023->2024,68,67,-0.1346,0.1201,0.0338,True,False,True,2,2,vegetation,crops
MH-001,2023->2024,68,68,-0.0820,0.0760,0.0471,True,False,True,2,2,vegetation,crops
MH-001,2023->2024,69,37,0.0197,-0.0574,0.0728,False,True,True,2,2,unknown,unknown
MH-001,2023->2024,69,49,-0.0061,0.0501,0.0591,False,True,True,2,2,vegetation,crops
MH-001,2023->2024,69,51,-0.0643,0.0849,-0.0323,True,False,True,2,2,vegetation,crops
MH-001,2023->2024,69,53,-0.0658,0.0800,-0.0636,True,False,True,2,2,unknown,unknown
MH-001,2023->2024,69,62,-0.0609,0.0922,0.0578,False,True,True,2,2,unknown,unknown
MH-001,2023->2024,72,38,0.2123,-0.3592,0.0489,False,True,True,2,2,unknown,unknown
MH-001,2023->2024,72,61,-0.0629,0.0862,-0.0182,True,False,True,2,2,unknown,unknown
MH-001,2023->2024,72,63,-0.0821,0.0942,-0.0195,True,False,True,2,2,unknown,unknown
MH-001,2023->2024,73,39,-0.0628,0.0216,0.0777,True,True,False,2,2,unknown,unknown
MH-001,2023->2024,73,65,-0.0855,0.0975,-0.0258,True,False,True,2,2,vegetation,crops
MH-001,2023->2024,79,56,-0.0414,0.0527,0.0668,False,True,True,2,2,unknown,unknown
MH-001,2023->2024,79,57,-0.0613,0.0632,0.0613,False,True,True,2,2,unknown,unknown
MH-001,2023->2024,79,58,-0.0642,0.0656,0.0513,True,True,True,3,2,unknown,unknown
MH-001,2023->2024,80,21,-0.0676,0.0694,-0.0015,True,False,True,2,2,unknown,unknown
MH-001,2023->2024,80,22,-0.0666,0.0672,0.0013,True,False,True,2,2,vegetation,shrub_and_scrub
MH-001,2023->2024,80,57,-0.0623,0.0714,0.0592,False,True,True,2,2,unknown,unknown
MH-001,2023->2024,80,58,-0.0994,0.0968,0.1040,True,True,True,3,2,unknown,unknown
MH-001,2023->2024,81,20,-0.0812,0.0871,-0.0027,True,False,True,2,2,vegetation,trees
MH-001,2023->2024,81,21,-0.1056,0.0948,0.0093,True,False,True,2,2,vegetation,trees
MH-001,2023->2024,81,22,-0.1115,0.1042,0.0023,True,False,True,2,2,unknown,unknown
MH-001,2023->2024,81,23,-0.1083,0.1004,0.0077,True,False,True,2,2,vegetation,shrub_and_scrub
MH-001,2023->2024,81,24,-0.0862,0.0706,0.0009,True,False,True,2,2,vegetation,shrub_and_scrub
MH-001,2023->2024,81,58,-0.0736,0.0673,0.0610,True,True,True,3,2,unknown,unknown
MH-001,2023->2024,82,21,-0.0795,0.0840,0.0170,True,False,True,2,2,unknown,unknown
MH-001,2023->2024,82,22,-0.1284,0.1166,0.0139,True,False,True,2,2,unknown,unknown
MH-001,2023->2024,82,23,-0.1234,0.1023,0.0058,True,False,True,2,2,unknown,unknown
MH-001,2023->2024,82,24,-0.1084,0.0945,0.0166,True,False,True,2,2,vegetation,shrub_and_scrub
MH-001,2023->2024,83,21,-0.0765,0.0693,0.0036,True,False,True,2,2,unknown,unknown
MH-001,2023->2024,83,22,-0.1242,0.1156,0.0090,True,False,True,2,2,unknown,unknown
MH-001,2023->2024,83,23,-0.1099,0.0890,-0.0104,True,False,True,2,2,unknown,unknown
MH-001,2023->2024,83,24,-0.0811,0.0611,-0.0314,True,False,True,2,2,unknown,unknown
MH-001,2023->2024,84,22,-0.1159,0.1062,0.0104,True,False,True,2,2,vegetation,crops
MH-001,2023->2024,84,23,-0.1145,0.0955,-0.0026,True,False,True,2,2,unknown,unknown
MH-001,2023->2024,84,24,-0.0698,0.0610,-0.0299,True,False,True,2,2,unknown,unknown
MH-001,2023->2024,85,22,-0.0815,0.0615,-0.0153,True,False,True,2,2,vegetation,crops
MH-001,2023->2024,85,23,-0.1012,0.0724,-0.0064,True,False,True,2,2,vegetation,crops
MH-001,2023->2024,86,22,-0.0650,0.0592,-0.0256,True,False,True,2,2,vegetation,crops
MH-001,2023->2024,86,23,-0.0886,0.0697,-0.0263,True,False,True,2,2,vegetation,crops
MH-001,2023->2024,87,22,-0.0944,0.0781,-0.0428,True,False,True,2,2,unknown,unknown
MH-001,2023->2024,87,23,-0.0965,0.0757,-0.0467,True,False,True,2,2,vegetation,crops
MH-001,2023->2024,87,24,-0.0714,0.0510,-0.0391,True,False,True,2,2,unknown,unknown
MH-001,2023->2024,87,26,-0.0851,0.0621,-0.0292,True,False,True,2,2,vegetation,shrub_and_scrub
MH-001,2023->2024,87,27,-0.0782,0.0594,-0.0051,True,False,True,2,2,vegetation,shrub_and_scrub
MH-001,2023->2024,87,64,-0.0697,0.0618,0.0570,True,True,True,3,2,unknown,unknown
MH-001,2023->2024,87,65,-0.0781,0.0603,0.0682,True,True,True,3,2,vegetation,crops
MH-001,2023->2024,87,66,-0.0478,0.0512,0.0621,False,True,True,2,2,vegetation,crops
MH-001,2023->2024,88,22,-0.1421,0.1218,-0.0296,True,False,True,2,2,unknown,unknown
MH-001,2023->2024,88,23,-0.1238,0.1094,-0.0404,True,False,True,2,2,unknown,unknown
MH-001,2023->2024,88,24,-0.0728,0.0575,-0.0319,True,False,True,2,2,vegetation,shrub_and_scrub
MH-001,2023->2024,88,26,-0.0742,0.0620,-0.0186,True,False,True,2,2,vegetation,shrub_and_scrub
MH-001,2023->2024,88,64,-0.0979,0.0895,0.0996,True,True,True,3,2,unknown,unknown
MH-001,2023->2024,88,65,-0.0965,0.0907,0.0914,True,True,True,3,2,vegetation,crops
MH-001,2023->2024,88,66,-0.0502,0.0580,0.0747,False,True,True,2,2,vegetation,crops
MH-001,2023->2024,88,68,-0.0335,0.0541,0.0665,False,True,True,2,2,vegetation,crops
MH-001,2023->2024,88,69,-0.0432,0.0609,0.0612,False,True,True,2,2,vegetation,crops
MH-001,2023->2024,89,22,-0.0855,0.0824,-0.0410,True,False,True,2,2,unknown,unknown
MH-001,2023->2024,89,23,-0.1220,0.1147,-0.0408,True,False,True,2,2,vegetation,shrub_and_scrub
MH-001,2023->2024,89,24,-0.1159,0.1125,-0.0334,True,False,True,2,2,vegetation,shrub_and_scrub
MH-001,2023->2024,89,25,-0.0879,0.0953,-0.0499,True,False,True,2,2,vegetation,shrub_and_scrub
MH-001,2023->2024,89,61,-0.0455,0.0683,0.1160,False,True,True,2,2,unknown,unknown
MH-001,2023->2024,89,62,-0.0338,0.0537,0.0709,False,True,True,2,2,unknown,unknown
MH-001,2023->2024,89,64,-0.0729,0.0759,0.0871,True,True,True,3,2,unknown,unknown
MH-001,2023->2024,89,65,-0.0850,0.0858,0.0788,True,True,True,3,2,vegetation,crops
MH-001,2023->2024,89,66,-0.0495,0.0583,0.0718,False,True,True,2,2,vegetation,crops
MH-001,2023->2024,90,61,0.0001,0.0488,0.0888,False,True,True,2,2,unknown,unknown
MH-001,2023->2024,91,27,-0.0922,0.1052,-0.0541,True,False,True,2,2,vegetation,shrub_and_scrub
MH-001,2023->2024,92,27,-0.0825,0.0799,-0.0344,True,False,True,2,2,vegetation,shrub_and_scrub
MH-001,2023->2024,101,44,-0.0688,0.0801,0.0067,True,False,True,2,2,vegetation,shrub_and_scrub
MH-001,2023->2024,101,45,-0.0699,0.0695,-0.0057,True,False,True,2,2,vegetation,shrub_and_scrub
MH-001,2023->2024,101,65,-0.0640,0.0501,0.0229,True,False,True,2,2,vegetation,crops
MH-001,2023->2024,102,45,-0.0808,0.0871,-0.0006,True,False,True,2,2,vegetation,shrub_and_scrub
MH-001,2023->2024,102,63,-0.0488,0.0487,0.0530,False,True,True,2,2,unknown,unknown
MH-001,2023->2024,103,45,-0.0905,0.0834,-0.0024,True,False,True,2,2,unknown,unknown
MH-001,2023->2024,103,63,-0.0661,0.0525,0.0609,True,True,True,3,2,unknown,unknown
MH-001,2023->2024,103,64,-0.0697,0.0504,0.0492,True,True,True,3,2,unknown,unknown
MH-001,2023->2024,104,44,-0.0752,0.0702,-0.0334,True,False,True,2,2,vegetation,crops
MH-001,2023->2024,104,45,-0.0941,0.0939,-0.0303,True,False,True,2,2,unknown,unknown
MH-001,2023->2024,104,46,-0.0657,0.0798,-0.0206,True,False,True,2,2,vegetation,crops
MH-001,2023->2024,104,64,-0.0693,0.0462,0.0581,True,True,True,3,2,unknown,unknown
MH-001,2023->2024,104,77,-0.0802,0.0537,-0.0285,True,False,True,2,2,vegetation,shrub_and_scrub
MH-001,2023->2024,104,78,-0.0751,0.0714,-0.0379,True,False,True,2,2,unknown,unknown
MH-001,2023->2024,105,44,-0.0760,0.0596,-0.0511,True,False,True,2,2,vegetation,crops
MH-001,2023->2024,105,45,-0.0748,0.0784,-0.0406,True,False,True,2,2,unknown,unknown
MH-001,2023->2024,105,46,-0.0773,0.0808,-0.0210,True,False,True,2,2,unknown,unknown
MH-001,2023->2024,105,47,-0.0768,0.0834,-0.0160,True,False,True,2,2,vegetation,crops
MH-001,2023->2024,109,24,-0.0652,0.0962,-0.0515,True,False,True,2,2,unknown,unknown
MH-001,2023->2024,113,56,-0.0126,0.0514,0.0650,False,True,True,2,2,unknown,unknown
MH-001,2023->2024,114,34,-0.0765,0.0387,0.1324,True,True,False,2,2,unknown,unknown
MH-001,2023->2024,114,56,-0.0182,0.0577,0.0627,False,True,True,2,2,unknown,unknown
MH-001,2023->2024,116,86,-0.0745,0.0452,0.0486,True,True,False,2,2,unknown,unknown
MH-001,2023->2024,116,87,-0.0727,0.0546,0.0472,True,False,True,2,2,unknown,unknown
MH-001,2023->2024,116,88,-0.0754,0.0754,0.0634,True,True,True,3,2,unknown,unknown
MH-001,2023->2024,117,85,-0.0731,0.0509,0.0414,True,False,True,2,2,unknown,unknown
MH-001,2023->2024,117,86,-0.0675,0.0478,0.0468,True,False,True,2,2,unknown,unknown
MH-001,2023->2024,117,87,-0.0718,0.0537,0.0549,True,True,True,3,2,unknown,unknown
MH-001,2023->2024,117,88,-0.0566,0.0609,0.0496,False,True,True,2,2,unknown,unknown
MH-001,2023->2024,118,86,-0.0751,0.0582,0.0642,True,True,True,3,2,unknown,unknown
MH-001,2023->2024,118,87,-0.0688,0.0602,0.0661,True,True,True,3,2,unknown,unknown
MH-001,2023->2024,118,91,-0.0659,0.0679,0.0422,True,False,True,2,2,vegetation,trees
MH-001,2023->2024,119,91,-0.0699,0.0671,0.0494,True,True,True,3,2,unknown,unknown
MH-001,2023->2024,119,92,-0.0681,0.0693,0.0542,True,True,True,3,2,vegetation,trees
MH-001,2023->2024,120,92,-0.0514,0.0670,0.0508,False,True,True,2,2,unknown,unknown
MH-001,2023->2024,127,56,-0.0227,0.0493,0.0648,False,True,True,2,2,unknown,unknown
MH-001,2023->2024,129,44,-0.0431,0.0540,0.0554,False,True,True,2,2,unknown,unknown
MH-001,2023->2024,129,45,-0.0510,0.0523,0.0588,False,True,True,2,2,unknown,unknown
MH-001,2023->2024,129,46,-0.0446,0.0498,0.0759,False,True,True,2,2,vegetation,shrub_and_scrub
MH-001,2023->2024,130,43,-0.0396,0.0577,0.0536,False,True,True,2,2,vegetation,shrub_and_scrub
MH-001,2023->2024,130,44,-0.0655,0.0814,0.0522,True,True,True,3,2,vegetation,shrub_and_scrub
MH-001,2023->2024,130,45,-0.0691,0.0899,0.0397,True,False,True,2,2,vegetation,shrub_and_scrub
MH-001,2023->2024,131,42,-0.0957,0.1374,0.0488,True,True,True,3,2,vegetation,shrub_and_scrub
MH-001,2023->2024,131,43,-0.1140,0.1381,0.0490,True,True,True,3,2,vegetation,shrub_and_scrub
MH-001,2023->2024,131,44,-0.1116,0.1429,0.0426,True,False,True,2,2,vegetation,shrub_and_scrub
MH-001,2023->2024,131,45,-0.0674,0.1090,0.0199,True,False,True,2,2,vegetation,shrub_and_scrub
MH-001,2023->2024,132,42,-0.0805,0.1235,0.0165,True,False,True,2,2,vegetation,shrub_and_scrub
MH-001,2023->2024,132,43,-0.0879,0.1168,0.0152,True,False,True,2,2,vegetation,shrub_and_scrub
MH-001,2023->2024,132,44,-0.0763,0.1093,0.0179,True,False,True,2,2,vegetation,shrub_and_scrub
MH-001,2023->2024,133,44,-0.0644,0.1044,0.0223,True,False,True,2,2,vegetation,shrub_and_scrub
MH-001,2023->2024,133,45,-0.0769,0.1118,0.0307,True,False,True,2,2,vegetation,shrub_and_scrub
MH-001,2023->2024,133,46,-0.0664,0.0981,0.0336,True,False,True,2,2,unknown,unknown
MH-001,2023->2024,134,66,-0.0791,0.0693,-0.0156,True,False,True,2,2,vegetation,trees
MH-001,2023->2024,134,67,-0.0708,0.0582,-0.0231,True,False,True,2,2,vegetation,trees
MH-001,2023->2024,134,68,-0.0997,0.0843,-0.0007,True,False,True,2,2,vegetation,trees
MH-001,2023->2024,134,69,-0.0918,0.0749,0.0173,True,False,True,2,2,vegetation,trees
MH-001,2023->2024,135,66,-0.0782,0.0860,0.0098,True,False,True,2,2,vegetation,trees
MH-001,2023->2024,135,68,-0.0669,0.0728,-0.0015,True,False,True,2,2,vegetation,trees
MH-001,2023->2024,137,61,-0.0689,0.0532,0.0176,True,False,True,2,2,unknown,unknown
MH-001,2023->2024,138,70,-0.0347,0.0694,0.0686,False,True,True,2,2,vegetation,crops
MH-001,2023->2024,138,71,-0.0363,0.0845,0.0796,False,True,True,2,2,vegetation,crops
MH-001,2023->2024,138,72,-0.0168,0.0635,0.0516,False,True,True,2,2,vegetation,crops
MH-001,2023->2024,138,73,-0.0172,0.0552,0.0486,False,True,True,2,2,vegetation,crops
MH-001,2023->2024,139,70,-0.0313,0.0730,0.0831,False,True,True,2,2,unknown,unknown
MH-001,2023->2024,139,71,-0.0347,0.0864,0.0902,False,True,True,2,2,vegetation,crops
MH-001,2023->2024,139,72,-0.0198,0.0750,0.0591,False,True,True,2,2,vegetation,crops
MH-001,2023->2024,139,73,-0.0149,0.0756,0.0611,False,True,True,2,2,vegetation,crops
MH-001,2023->2024,139,74,-0.0233,0.0653,0.0510,False,True,True,2,2,vegetation,crops
MH-001,2023->2024,140,70,-0.0179,0.0638,0.0680,False,True,True,2,2,vegetation,shrub_and_scrub
MH-001,2023->2024,140,71,-0.0309,0.0802,0.0711,False,True,True,2,2,vegetation,shrub_and_scrub
MH-001,2023->2024,140,72,-0.0132,0.0673,0.0575,False,True,True,2,2,vegetation,crops
MH-001,2023->2024,140,73,-0.0063,0.0718,0.0684,False,True,True,2,2,vegetation,crops
MH-001,2023->2024,141,70,-0.0104,0.0500,0.0630,False,True,True,2,2,vegetation,shrub_and_scrub
MH-001,2023->2024,141,71,-0.0244,0.0648,0.0686,False,True,True,2,2,vegetation,shrub_and_scrub
MH-001,2023->2024,141,72,-0.0265,0.0714,0.0557,False,True,True,2,2,unknown,unknown
MH-001,2023->2024,142,70,-0.0068,0.0546,0.0793,False,True,True,2,2,vegetation,shrub_and_scrub
MH-001,2023->2024,142,71,-0.0116,0.0577,0.0728,False,True,True,2,2,vegetation,shrub_and_scrub
MH-001,2023->2024,142,72,-0.0208,0.0717,0.0577,False,True,True,2,2,vegetation,shrub_and_scrub
MH-001,2023->2024,143,70,-0.0122,0.0530,0.0666,False,True,True,2,2,vegetation,shrub_and_scrub
MH-001,2023->2024,143,71,-0.0050,0.0499,0.0737,False,True,True,2,2,vegetation,shrub_and_scrub
MH-001,2023->2024,143,72,-0.0043,0.0469,0.0615,False,True,True,2,2,vegetation,shrub_and_scrub
MH-001,2023->2024,144,70,-0.0147,0.0489,0.0518,False,True,True,2,2,vegetation,shrub_and_scrub
MH-001,2023->2024,144,71,-0.0020,0.0481,0.0581,False,True,True,2,2,vegetation,shrub_and_scrub
MH-001,2023->2024,146,75,-0.0339,0.0516,0.0552,False,True,True,2,2,vegetation,shrub_and_scrub
MH-001,2023->2024,147,44,-0.0430,0.0465,0.0686,False,True,True,2,2,vegetation,crops
MH-001,2023->2024,147,75,-0.0436,0.0503,0.0531,False,True,True,2,2,unknown,unknown
MH-001,2023->2024,148,43,-0.0704,0.0731,0.0541,True,True,True,3,2,vegetation,crops
MH-001,2023->2024,148,44,-0.0820,0.0606,0.0965,True,True,True,3,2,vegetation,crops
MH-001,2023->2024,148,75,-0.0810,0.0528,0.0318,True,False,True,2,2,unknown,unknown
MH-001,2023->2024,148,76,-0.0914,0.0472,0.0517,True,True,True,3,2,unknown,unknown
MH-001,2023->2024,149,44,-0.0826,0.0702,0.0675,True,True,True,3,2,vegetation,crops
MH-001,2023->2024,150,55,-0.0165,0.0637,0.0483,False,True,True,2,2,unknown,unknown
MH-001,2023->2024,150,56,-0.0197,0.0724,0.0527,False,True,True,2,2,unknown,unknown
MH-001,2023->2024,150,57,-0.0159,0.0695,0.0489,False,True,True,2,2,unknown,unknown
MH-001,2023->2024,152,67,-0.0653,0.0659,0.0214,True,False,True,2,2,built_up,built
MH-001,2023->2024,158,80,-0.0653,0.0723,-0.0017,True,False,True,2,2,unknown,unknown
MH-001,2023->2024,158,81,-0.0703,0.0837,0.0157,True,False,True,2,2,unknown,unknown
MH-001,2023->2024,159,79,-0.0866,0.0910,-0.0065,True,False,True,2,2,unknown,unknown
MH-001,2023->2024,159,80,-0.1039,0.1102,-0.0227,True,False,True,2,2,unknown,unknown
MH-001,2023->2024,159,81,-0.0822,0.1055,0.0114,True,False,True,2,2,unknown,unknown
MH-001,2023->2024,159,82,-0.0710,0.1029,0.0276,True,False,True,2,2,unknown,unknown
MH-001,2023->2024,160,59,-0.0079,0.0464,0.0519,False,True,True,2,2,unknown,unknown
MH-001,2023->2024,160,78,-0.0936,0.0951,0.0082,True,False,True,2,2,unknown,unknown
MH-001,2023->2024,160,79,-0.1277,0.1323,-0.0173,True,False,True,2,2,unknown,unknown
MH-001,2023->2024,160,80,-0.1137,0.1285,-0.0210,True,False,True,2,2,unknown,unknown
MH-001,2023->2024,160,81,-0.0810,0.0980,0.0094,True,False,True,2,2,unknown,unknown
MH-001,2023->2024,160,82,-0.0775,0.0996,0.0372,True,False,True,2,2,unknown,unknown
MH-001,2023->2024,160,83,-0.0656,0.0845,0.0501,True,True,True,3,2,unknown,unknown
MH-001,2023->2024,161,40,-0.0640,0.0606,-0.0016,True,False,True,2,2,built_up,built
MH-001,2023->2024,161,49,-0.0683,0.0750,0.0016,True,False,True,2,2,built_up,built
MH-001,2023->2024,161,78,-0.1113,0.1101,0.0080,True,False,True,2,2,unknown,unknown
MH-001,2023->2024,161,79,-0.1471,0.1525,-0.0146,True,False,True,2,2,unknown,unknown
MH-001,2023->2024,161,80,-0.1064,0.1236,-0.0126,True,False,True,2,2,unknown,unknown
MH-001,2023->2024,161,81,-0.0903,0.1102,0.0088,True,False,True,2,2,unknown,unknown
MH-001,2023->2024,161,82,-0.0902,0.1093,0.0342,True,False,True,2,2,unknown,unknown
MH-001,2023->2024,161,83,-0.0731,0.0918,0.0556,True,True,True,3,2,unknown,unknown
MH-001,2023->2024,162,49,-0.0775,0.0740,-0.0191,True,False,True,2,2,built_up,built
MH-001,2023->2024,162,73,-0.0641,0.0587,-0.0078,True,False,True,2,2,unknown,unknown
MH-001,2023->2024,162,78,-0.0665,0.0677,-0.0021,True,False,True,2,2,unknown,unknown
MH-001,2023->2024,162,79,-0.1078,0.1234,-0.0217,True,False,True,2,2,unknown,unknown
MH-001,2023->2024,162,80,-0.1226,0.1536,-0.0260,True,False,True,2,2,unknown,unknown
MH-001,2023->2024,162,81,-0.1126,0.1412,0.0121,True,False,True,2,2,unknown,unknown
MH-001,2023->2024,162,82,-0.0949,0.1142,0.0376,True,False,True,2,2,unknown,unknown
MH-001,2023->2024,162,83,-0.0673,0.0973,0.0497,True,True,True,3,2,unknown,unknown
MH-001,2023->2024,163,45,-0.0426,0.0749,0.0547,False,True,True,2,2,built_up,built
MH-001,2023->2024,163,64,-0.0691,0.0502,0.0639,True,True,True,3,2,unknown,unknown
MH-001,2023->2024,163,70,-0.0802,0.0645,0.0141,True,False,True,2,2,built_up,built
MH-001,2023->2024,163,71,-0.0674,0.0611,0.0255,True,False,True,2,2,built_up,built
MH-001,2023->2024,163,79,-0.0914,0.1014,-0.0219,True,False,True,2,2,unknown,unknown
MH-001,2023->2024,163,80,-0.0968,0.1128,-0.0093,True,False,True,2,2,unknown,unknown
MH-001,2023->2024,163,81,-0.0847,0.0962,0.0260,True,False,True,2,2,unknown,unknown
MH-001,2023->2024,163,83,-0.0240,0.0734,0.0487,False,True,True,2,2,unknown,unknown
MH-001,2023->2024,164,40,-0.1060,0.1081,0.0407,True,False,True,2,2,vegetation,crops
MH-001,2023->2024,164,41,-0.0797,0.0742,0.0405,True,False,True,2,2,vegetation,crops
MH-001,2023->2024,164,45,-0.0397,0.0619,0.0553,False,True,True,2,2,built_up,built
MH-001,2023->2024,164,46,-0.0558,0.0756,0.0610,False,True,True,2,2,built_up,built
MH-001,2023->2024,164,63,-0.0919,0.0624,0.0680,True,True,True,3,2,unknown,unknown
MH-001,2023->2024,164,64,-0.1187,0.0700,0.0886,True,True,True,3,2,unknown,unknown
MH-001,2023->2024,164,78,-0.0671,0.0875,-0.0053,True,False,True,2,2,unknown,unknown
MH-001,2023->2024,164,79,-0.0739,0.0977,0.0148,True,False,True,2,2,unknown,unknown
MH-001,2023->2024,164,81,-0.0240,0.0680,0.0504,False,True,True,2,2,unknown,unknown
MH-001,2023->2024,164,82,-0.0223,0.0641,0.0555,False,True,True,2,2,unknown,unknown
MH-001,2023->2024,164,83,-0.0250,0.0641,0.0518,False,True,True,2,2,unknown,unknown
MH-001,2023->2024,164,85,0.0049,0.0549,0.0536,False,True,True,2,2,unknown,unknown
MH-001,2023->2024,164,86,0.0036,0.0542,0.0489,False,True,True,2,2,unknown,unknown
MH-001,2023->2024,165,81,-0.0118,0.0659,0.0635,False,True,True,2,2,unknown,unknown
MH-001,2023->2024,165,82,-0.0356,0.0725,0.0679,False,True,True,2,2,unknown,unknown
MH-001,2023->2024,165,85,0.0073,0.0478,0.0482,False,True,True,2,2,unknown,unknown
MH-001,2023->2024,169,70,-0.0683,0.0462,0.0140,True,False,True,2,2,vegetation,crops
MH-001,2023->2024,172,44,-0.0176,0.0509,0.0683,False,True,True,2,2,vegetation,shrub_and_scrub
MH-001,2023->2024,172,62,-0.0804,0.0785,0.0571,True,True,True,3,2,unknown,unknown
MH-001,2023->2024,172,87,-0.0837,0.0829,-0.0072,True,False,True,2,2,unknown,unknown
MH-001,2023->2024,173,62,-0.0731,0.0588,0.0247,True,False,True,2,2,unknown,unknown
MH-001,2023->2024,174,60,-0.0712,0.0812,-0.0235,True,False,True,2,2,unknown,unknown
MH-001,2023->2024,174,61,-0.1029,0.0940,-0.0078,True,False,True,2,2,unknown,unknown
MH-001,2023->2024,175,60,-0.1005,0.0892,-0.0188,True,False,True,2,2,unknown,unknown
MH-001,2023->2024,175,61,-0.0717,0.0792,-0.0080,True,False,True,2,2,unknown,unknown
MH-001,2023->2024,175,74,-0.0849,0.0501,0.0534,True,True,True,3,2,built_up,built
MH-001,2023->2024,176,71,-0.0844,0.0598,0.1130,True,True,True,3,2,built_up,built
MH-001,2023->2024,176,80,-0.0874,0.0890,-0.0063,True,False,True,2,2,unknown,unknown
MH-001,2023->2024,176,81,-0.0814,0.0884,-0.0096,True,False,True,2,2,unknown,unknown
MH-001,2024->2025,1,28,-0.1241,0.0783,0.0918,True,True,True,3,2,vegetation,crops
MH-001,2024->2025,1,29,-0.1153,0.0751,0.0962,True,True,True,3,2,vegetation,crops
MH-001,2024->2025,2,20,-0.0859,0.0222,0.0592,True,True,False,2,2,vegetation,crops
MH-001,2024->2025,2,22,-0.0920,0.0328,0.0550,True,True,False,2,2,vegetation,crops
MH-001,2024->2025,2,28,-0.0862,0.0535,-0.0015,True,False,True,2,2,vegetation,crops
MH-001,2024->2025,3,20,-0.0778,0.0207,0.0702,True,True,False,2,2,vegetation,crops
MH-001,2024->2025,3,21,-0.0630,0.0101,0.0497,True,True,False,2,2,vegetation,crops
MH-001,2024->2025,3,22,-0.0967,0.0243,0.0604,True,True,False,2,2,vegetation,crops
MH-001,2024->2025,3,32,-0.1916,0.0644,0.1654,True,True,True,3,2,vegetation,crops
MH-001,2024->2025,3,33,-0.1441,0.0473,0.1375,True,True,True,3,2,vegetation,crops
MH-001,2024->2025,4,9,-0.0950,0.0252,0.0931,True,True,False,2,2,unknown,unknown
MH-001,2024->2025,4,32,-0.1250,0.0351,0.1049,True,True,False,2,2,vegetation,crops
MH-001,2024->2025,4,33,-0.1140,0.0329,0.1059,True,True,False,2,2,vegetation,crops
MH-001,2024->2025,4,34,-0.1065,0.0507,0.1065,True,True,True,3,2,vegetation,crops
MH-001,2024->2025,4,35,-0.0909,0.0229,0.0953,True,True,False,2,2,vegetation,crops
MH-001,2024->2025,5,35,-0.0779,0.0143,0.0878,True,True,False,2,2,vegetation,crops
MH-001,2024->2025,7,35,-0.0825,0.0282,0.0838,True,True,False,2,2,vegetation,crops
MH-001,2024->2025,8,30,-0.1232,0.0290,0.0788,True,True,False,2,2,vegetation,crops
MH-001,2024->2025,8,35,-0.1427,0.0587,0.1079,True,True,True,3,2,unknown,unknown
MH-001,2024->2025,8,36,-0.1646,0.1347,0.0266,True,False,True,2,2,unknown,unknown
MH-001,2024->2025,8,37,-0.1337,0.1097,-0.0040,True,False,True,2,2,unknown,unknown
MH-001,2024->2025,8,39,-0.1108,0.0429,0.0761,True,True,False,2,2,unknown,unknown
MH-001,2024->2025,9,21,-0.0642,0.0415,0.0601,True,True,False,2,2,vegetation,shrub_and_scrub
MH-001,2024->2025,9,30,-0.1667,0.0581,0.1320,True,True,True,3,2,vegetation,crops
MH-001,2024->2025,9,31,-0.0670,-0.0053,0.0854,True,True,False,2,2,vegetation,crops
MH-001,2024->2025,9,36,-0.1656,0.1215,0.0223,True,False,True,2,2,vegetation,crops
MH-001,2024->2025,9,37,-0.1668,0.1249,0.0262,True,False,True,2,2,vegetation,crops
MH-001,2024->2025,9,38,-0.0910,0.0406,0.0524,True,True,False,2,2,vegetation,crops
MH-001,2024->2025,9,39,-0.0673,0.0307,0.0648,True,True,False,2,2,unknown,unknown
MH-001,2024->2025,9,40,-0.0651,0.0234,0.0569,True,True,False,2,2,vegetation,trees
MH-001,2024->2025,9,41,-0.0687,0.0124,0.0571,True,True,False,2,2,vegetation,trees
MH-001,2024->2025,9,45,-0.1076,0.0187,0.0931,True,True,False,2,2,unknown,unknown
MH-001,2024->2025,9,46,-0.0795,0.0129,0.0818,True,True,False,2,2,vegetation,crops
MH-001,2024->2025,10,18,-0.0780,0.0695,-0.0028,True,False,True,2,2,vegetation,shrub_and_scrub
MH-001,2024->2025,10,19,-0.0711,0.0741,0.0045,True,False,True,2,2,vegetation,shrub_and_scrub
MH-001,2024->2025,10,21,-0.0799,0.0321,0.0546,True,True,False,2,2,vegetation,shrub_and_scrub
MH-001,2024->2025,10,30,-0.0829,0.0313,0.0901,True,True,False,2,2,vegetation,crops
MH-001,2024->2025,10,41,-0.0909,0.0446,0.0673,True,True,False,2,2,vegetation,trees
MH-001,2024->2025,10,45,-0.0758,0.0182,0.0678,True,True,False,2,2,unknown,unknown
MH-001,2024->2025,11,21,-0.1066,0.0367,0.0619,True,True,False,2,2,vegetation,shrub_and_scrub
MH-001,2024->2025,11,41,-0.0912,0.0519,0.0670,True,True,True,3,2,vegetation,trees
MH-001,2024->2025,11,42,-0.0802,0.0351,0.0507,True,True,False,2,2,vegetation,trees
MH-001,2024->2025,11,45,-0.0678,0.0201,0.0739,True,True,False,2,2,vegetation,shrub_and_scrub
MH-001,2024->2025,11,48,-0.0669,0.0368,0.0758,True,True,False,2,2,vegetation,crops
MH-001,2024->2025,12,39,-0.0740,0.0280,0.1025,True,True,False,2,2,vegetation,trees
MH-001,2024->2025,12,41,-0.0795,0.0484,0.0677,True,True,True,3,2,vegetation,trees
MH-001,2024->2025,12,42,-0.1071,0.0520,0.0694,True,True,True,3,2,vegetation,trees
MH-001,2024->2025,12,45,-0.0718,0.0246,0.0767,True,True,False,2,2,vegetation,shrub_and_scrub
MH-001,2024->2025,15,39,-0.0746,0.0513,0.0028,True,False,True,2,2,unknown,unknown
MH-001,2024->2025,15,46,-0.0897,0.0331,0.0649,True,True,False,2,2,vegetation,crops
MH-001,2024->2025,16,8,-0.0905,0.0472,-0.0105,True,False,True,2,2,unknown,unknown
MH-001,2024->2025,16,39,-0.0671,0.0524,-0.0097,True,False,True,2,2,vegetation,crops
MH-001,2024->2025,16,45,-0.1520,0.0525,0.0770,True,True,True,3,2,vegetation,crops
MH-001,2024->2025,16,46,-0.1107,0.0282,0.0558,True,True,False,2,2,vegetation,crops
MH-001,2024->2025,17,45,-0.1185,0.0363,0.0735,True,True,False,2,2,vegetation,crops
MH-001,2024->2025,17,46,-0.1353,0.0529,0.0803,True,True,True,3,2,unknown,unknown
MH-001,2024->2025,18,40,-0.0715,0.0447,0.0663,True,True,False,2,2,vegetation,crops
MH-001,2024->2025,18,41,-0.0868,0.0553,0.0779,True,True,True,3,2,vegetation,crops
MH-001,2024->2025,18,46,-0.1316,0.0540,0.0838,True,True,True,3,2,vegetation,shrub_and_scrub
MH-001,2024->2025,19,38,-0.0791,0.0488,0.1027,True,True,True,3,2,vegetation,trees
MH-001,2024->2025,19,39,-0.1368,0.0719,0.1211,True,True,True,3,2,unknown,unknown
MH-001,2024->2025,19,40,-0.2030,0.1165,0.1548,True,True,True,3,2,unknown,unknown
MH-001,2024->2025,19,41,-0.2251,0.1319,0.1668,True,True,True,3,2,unknown,unknown
MH-001,2024->2025,19,42,-0.1068,0.0375,0.0610,True,True,False,2,2,unknown,unknown
MH-001,2024->2025,20,39,-0.0780,0.0484,0.0241,True,False,True,2,2,vegetation,trees
MH-001,2024->2025,20,40,-0.1472,0.1092,0.0849,True,True,True,3,2,unknown,unknown
MH-001,2024->2025,20,41,-0.1713,0.1204,0.1038,True,True,True,3,2,vegetation,crops
MH-001,2024->2025,21,40,-0.0660,0.0715,0.0078,True,False,True,2,2,vegetation,crops
MH-001,2024->2025,21,41,-0.0752,0.0748,0.0162,True,False,True,2,2,vegetation,crops
MH-001,2024->2025,23,37,-0.0654,0.0476,0.0613,True,True,True,3,2,unknown,unknown
MH-001,2024->2025,27,30,-0.0629,0.0146,0.0503,True,True,False,2,2,vegetation,trees
MH-001,2024->2025,28,29,-0.0832,0.0168,0.0658,True,True,False,2,2,vegetation,trees
MH-001,2024->2025,28,30,-0.0785,0.0110,0.0622,True,True,False,2,2,vegetation,trees
MH-001,2024->2025,28,31,-0.0952,0.0285,0.0739,True,True,False,2,2,vegetation,trees
MH-001,2024->2025,28,32,-0.0972,0.0183,0.0744,True,True,False,2,2,vegetation,trees
MH-001,2024->2025,28,33,-0.0735,0.0070,0.0607,True,True,False,2,2,vegetation,trees
MH-001,2024->2025,30,45,-0.0815,-0.0012,0.0605,True,True,False,2,2,vegetation,trees
MH-001,2024->2025,31,41,-0.0699,0.0026,0.0568,True,True,False,2,2,vegetation,trees
MH-001,2024->2025,31,42,-0.0712,0.0092,0.0600,True,True,False,2,2,vegetation,trees
MH-001,2024->2025,31,44,-0.0666,-0.0006,0.0590,True,True,False,2,2,vegetation,trees
MH-001,2024->2025,31,45,-0.0958,0.0056,0.0719,True,True,False,2,2,vegetation,trees
MH-001,2024->2025,31,54,-0.1030,0.0218,0.0526,True,True,False,2,2,unknown,unknown
MH-001,2024->2025,32,41,-0.0688,0.0044,0.0722,True,True,False,2,2,vegetation,trees
MH-001,2024->2025,32,42,-0.1031,0.0220,0.0891,True,True,False,2,2,vegetation,trees
MH-001,2024->2025,32,43,-0.0941,0.0154,0.0776,True,True,False,2,2,vegetation,trees
MH-001,2024->2025,32,44,-0.0652,0.0015,0.0739,True,True,False,2,2,vegetation,trees
MH-001,2024->2025,32,45,-0.0664,0.0031,0.0679,True,True,False,2,2,vegetation,trees
MH-001,2024->2025,32,49,-0.0826,-0.0168,0.0505,True,True,False,2,2,vegetation,trees
MH-001,2024->2025,32,54,-0.1010,0.0150,0.0574,True,True,False,2,2,unknown,unknown
MH-001,2024->2025,33,42,-0.0664,0.0084,0.0577,True,True,False,2,2,unknown,unknown
MH-001,2024->2025,33,43,-0.0762,0.0094,0.0517,True,True,False,2,2,vegetation,trees
MH-001,2024->2025,33,48,-0.0718,-0.0150,0.0555,True,True,False,2,2,vegetation,trees
MH-001,2024->2025,33,49,-0.0975,-0.0066,0.0578,True,True,False,2,2,vegetation,trees
MH-001,2024->2025,33,53,-0.0671,-0.0034,0.0508,True,True,False,2,2,unknown,unknown
MH-001,2024->2025,33,54,-0.1076,0.0175,0.0551,True,True,False,2,2,unknown,unknown
MH-001,2024->2025,34,48,-0.0849,-0.0062,0.0594,True,True,False,2,2,vegetation,trees
MH-001,2024->2025,34,49,-0.0932,-0.0012,0.0597,True,True,False,2,2,vegetation,trees
MH-001,2024->2025,35,48,-0.0855,-0.0061,0.0540,True,True,False,2,2,vegetation,trees
MH-001,2024->2025,35,49,-0.0963,0.0049,0.0647,True,True,False,2,2,vegetation,trees
MH-001,2024->2025,35,50,-0.0841,0.0044,0.0661,True,True,False,2,2,vegetation,trees
MH-001,2024->2025,36,48,-0.0809,0.0011,0.0577,True,True,False,2,2,vegetation,trees
MH-001,2024->2025,36,49,-0.0893,0.0181,0.0651,True,True,False,2,2,vegetation,trees
MH-001,2024->2025,37,35,-0.0889,0.0029,0.0489,True,True,False,2,2,vegetation,trees
MH-001,2024->2025,37,48,-0.0886,0.0131,0.0582,True,True,False,2,2,vegetation,trees
MH-001,2024->2025,37,49,-0.0968,0.0209,0.0610,True,True,False,2,2,vegetation,trees
MH-001,2024->2025,38,45,-0.0841,0.0001,0.0681,True,True,False,2,2,unknown,unknown
MH-001,2024->2025,38,46,-0.1031,0.0144,0.0825,True,True,False,2,2,vegetation,trees
MH-001,2024->2025,38,47,-0.0797,-0.0007,0.0493,True,True,False,2,2,vegetation,trees
MH-001,2024->2025,38,50,-0.0902,0.0015,0.0645,True,True,False,2,2,vegetation,trees
MH-001,2024->2025,38,51,-0.1053,0.0145,0.0860,True,True,False,2,2,vegetation,trees
MH-001,2024->2025,38,52,-0.0906,0.0248,0.0601,True,True,False,2,2,unknown,unknown
MH-001,2024->2025,38,55,-0.1003,0.0347,0.0680,True,True,False,2,2,unknown,unknown
MH-001,2024->2025,38,56,-0.0793,0.0241,0.0507,True,True,False,2,2,unknown,unknown
MH-001,2024->2025,39,45,-0.1276,0.0210,0.0949,True,True,False,2,2,vegetation,trees
MH-001,2024->2025,39,46,-0.1365,0.0309,0.1065,True,True,False,2,2,vegetation,trees
MH-001,2024->2025,39,50,-0.0708,-0.0027,0.0643,True,True,False,2,2,vegetation,trees
MH-001,2024->2025,39,51,-0.0992,0.0059,0.1023,True,True,False,2,2,vegetation,trees
MH-001,2024->2025,39,52,-0.1040,0.0419,0.0775,True,True,False,2,2,unknown,unknown
MH-001,2024->2025,39,53,-0.1050,0.0522,0.0752,True,True,True,3,2,unknown,unknown
MH-001,2024->2025,39,54,-0.0918,0.0311,0.0725,True,True,False,2,2,unknown,unknown
MH-001,2024->2025,39,55,-0.1186,0.0474,0.0811,True,True,True,3,2,unknown,unknown
MH-001,2024->2025,39,56,-0.1195,0.0514,0.0726,True,True,True,3,2,unknown,unknown
MH-001,2024->2025,39,57,-0.1254,0.0387,0.0858,True,True,False,2,2,unknown,unknown
MH-001,2024->2025,40,45,-0.1489,0.0389,0.1043,True,True,False,2,2,unknown,unknown
MH-001,2024->2025,40,46,-0.1429,0.0409,0.1125,True,True,False,2,2,vegetation,trees
MH-001,2024->2025,40,47,-0.1240,0.0250,0.0770,True,True,False,2,2,vegetation,trees
MH-001,2024->2025,40,51,-0.0881,-0.0183,0.0668,True,True,False,2,2,vegetation,trees
MH-001,2024->2025,40,52,-0.0993,0.0221,0.0663,True,True,False,2,2,unknown,unknown
MH-001,2024->2025,40,53,-0.0771,0.0330,0.0749,True,True,False,2,2,unknown,unknown
MH-001,2024->2025,41,46,-0.1401,0.0377,0.0918,True,True,False,2,2,vegetation,trees
MH-001,2024->2025,41,47,-0.1361,0.0366,0.1007,True,True,False,2,2,vegetation,trees
MH-001,2024->2025,41,48,-0.0934,0.0148,0.0717,True,True,False,2,2,vegetation,trees
MH-001,2024->2025,42,47,-0.1065,0.0178,0.0579,True,True,False,2,2,vegetation,trees
MH-001,2024->2025,42,48,-0.0936,0.0154,0.0618,True,True,False,2,2,vegetation,trees
MH-001,2024->2025,43,47,-0.1103,0.0147,0.0503,True,True,False,2,2,vegetation,trees
MH-001,2024->2025,44,27,-0.1135,0.0614,0.0341,True,False,True,2,2,vegetation,crops
MH-001,2024->2025,44,47,-0.1532,0.0394,0.0945,True,True,False,2,2,vegetation,trees
MH-001,2024->2025,44,48,-0.0998,0.0285,0.0519,True,True,False,2,2,vegetation,trees
MH-001,2024->2025,45,27,-0.1074,0.0583,0.0193,True,False,True,2,2,vegetation,crops
MH-001,2024->2025,45,39,-0.0677,-0.0001,0.0561,True,True,False,2,2,vegetation,trees
MH-001,2024->2025,45,46,-0.1509,0.0509,0.0949,True,True,True,3,2,vegetation,shrub_and_scrub
MH-001,2024->2025,45,47,-0.1567,0.0548,0.1182,True,True,True,3,2,vegetation,trees
MH-001,2024->2025,45,48,-0.1376,0.0535,0.1016,True,True,True,3,2,vegetation,trees
MH-001,2024->2025,45,49,-0.1260,0.0467,0.0782,True,True,True,3,2,vegetation,trees
MH-001,2024->2025,45,50,-0.0882,0.0217,0.0514,True,True,False,2,2,vegetation,trees
MH-001,2024->2025,46,26,-0.0842,0.0462,0.0041,True,False,True,2,2,vegetation,crops
MH-001,2024->2025,46,27,-0.1012,0.0483,0.0066,True,False,True,2,2,vegetation,crops
MH-001,2024->2025,46,40,-0.0775,0.0166,0.0608,True,True,False,2,2,vegetation,trees
MH-001,2024->2025,46,46,-0.1364,0.0471,0.0780,True,True,True,3,2,vegetation,shrub_and_scrub
MH-001,2024->2025,46,47,-0.1424,0.0496,0.1122,True,True,True,3,2,vegetation,trees
MH-001,2024->2025,46,48,-0.1428,0.0477,0.1110,True,True,True,3,2,vegetation,trees
MH-001,2024->2025,46,49,-0.1584,0.0528,0.1130,True,True,True,3,2,vegetation,trees
MH-001,2024->2025,46,50,-0.1507,0.0584,0.1105,True,True,True,3,2,vegetation,trees
MH-001,2024->2025,46,51,-0.0826,0.0204,0.0494,True,True,False,2,2,vegetation,trees
MH-001,2024->2025,46,54,-0.0724,0.0205,0.0645,True,True,False,2,2,unknown,unknown
MH-001,2024->2025,47,16,-0.0773,0.0477,0.0106,True,False,True,2,2,unknown,unknown
MH-001,2024->2025,47,26,-0.0966,0.0527,0.0199,True,False,True,2,2,vegetation,crops
MH-001,2024->2025,47,40,-0.0779,0.0058,0.0566,True,True,False,2,2,vegetation,trees
MH-001,2024->2025,47,47,-0.1183,0.0325,0.0674,True,True,False,2,2,unknown,unknown
MH-001,2024->2025,47,48,-0.1243,0.0365,0.0796,True,True,False,2,2,vegetation,trees
MH-001,2024->2025,47,49,-0.1385,0.0393,0.0936,True,True,False,2,2,vegetation,trees
MH-001,2024->2025,47,50,-0.1616,0.0640,0.1194,True,True,True,3,2,vegetation,trees
MH-001,2024->2025,47,51,-0.1490,0.0544,0.0956,True,True,True,3,2,vegetation,trees
MH-001,2024->2025,48,26,-0.1333,0.0752,0.0315,True,False,True,2,2,vegetation,crops
MH-001,2024->2025,48,27,-0.1480,0.0807,0.0521,True,True,True,3,2,vegetation,crops
MH-001,2024->2025,48,28,-0.1280,0.0641,0.0451,True,False,True,2,2,vegetation,crops
MH-001,2024->2025,48,51,-0.1583,0.0538,0.1025,True,True,True,3,2,vegetation,trees
MH-001,2024->2025,48,52,-0.1111,0.0480,0.0680,True,True,True,3,2,unknown,unknown
MH-001,2024->2025,49,26,-0.1435,0.0743,0.0444,True,False,True,2,2,vegetation,crops
MH-001,2024->2025,49,27,-0.1447,0.0687,0.0556,True,True,True,3,2,vegetation,crops
MH-001,2024->2025,49,40,-0.0901,0.0137,0.0656,True,True,False,2,2,vegetation,trees
MH-001,2024->2025,49,51,-0.1355,0.0299,0.0830,True,True,False,2,2,vegetation,trees
MH-001,2024->2025,49,52,-0.1327,0.0429,0.0877,True,True,False,2,2,unknown,unknown
MH-001,2024->2025,50,26,-0.1164,0.0571,0.0274,True,False,True,2,2,vegetation,crops
MH-001,2024->2025,50,27,-0.1091,0.0559,0.0382,True,False,True,2,2,vegetation,crops
MH-001,2024->2025,50,29,-0.0989,0.0487,0.0279,True,False,True,2,2,vegetation,crops
MH-001,2024->2025,50,37,-0.0848,0.0167,0.0564,True,True,False,2,2,vegetation,trees
MH-001,2024->2025,50,38,-0.1011,0.0145,0.0754,True,True,False,2,2,vegetation,trees
MH-001,2024->2025,50,51,-0.0991,0.0079,0.0657,True,True,False,2,2,vegetation,trees
MH-001,2024->2025,50,52,-0.1132,0.0204,0.0753,True,True,False,2,2,unknown,unknown
MH-001,2024->2025,51,28,-0.1355,0.0612,0.0446,True,False,True,2,2,vegetation,crops
MH-001,2024->2025,51,29,-0.0993,0.0492,0.0139,True,False,True,2,2,vegetation,crops
MH-001,2024->2025,51,51,-0.0653,-0.0009,0.0522,True,True,False,2,2,vegetation,trees
MH-001,2024->2025,51,52,-0.0900,0.0064,0.0627,True,True,False,2,2,unknown,unknown
MH-001,2024->2025,52,28,-0.1154,0.0608,0.0180,True,False,True,2,2,vegetation,crops
MH-001,2024->2025,52,29,-0.1050,0.0552,0.0101,True,False,True,2,2,vegetation,crops
MH-001,2024->2025,52,38,-0.0746,0.0129,0.0501,True,True,False,2,2,vegetation,trees
MH-001,2024->2025,52,51,-0.0891,0.0173,0.0585,True,True,False,2,2,vegetation,trees
MH-001,2024->2025,52,52,-0.1089,0.0189,0.0669,True,True,False,2,2,unknown,unknown
MH-001,2024->2025,53,50,-0.1086,0.0193,0.0579,True,True,False,2,2,vegetation,trees
MH-001,2024->2025,53,51,-0.1174,0.0312,0.0732,True,True,False,2,2,vegetation,trees
MH-001,2024->2025,53,52,-0.1214,0.0314,0.0728,True,True,False,2,2,unknown,unknown
MH-001,2024->2025,54,27,-0.0882,0.0463,-0.0009,True,False,True,2,2,vegetation,crops
MH-001,2024->2025,54,50,-0.0995,0.0135,0.0571,True,True,False,2,2,vegetation,trees
MH-001,2024->2025,54,51,-0.1252,0.0281,0.0732,True,True,False,2,2,vegetation,trees
MH-001,2024->2025,54,52,-0.1184,0.0341,0.0798,True,True,False,2,2,unknown,unknown
MH-001,2024->2025,55,50,-0.0845,0.0112,0.0490,True,True,False,2,2,vegetation,trees
MH-001,2024->2025,55,51,-0.1138,0.0229,0.0732,True,True,False,2,2,vegetation,trees
MH-001,2024->2025,55,52,-0.1399,0.0381,0.0968,True,True,False,2,2,unknown,unknown
MH-001,2024->2025,56,52,-0.1265,0.0196,0.0714,True,True,False,2,2,unknown,unknown
MH-001,2024->2025,57,42,-0.0961,0.0308,0.0766,True,True,False,2,2,vegetation,trees
MH-001,2024->2025,57,43,-0.0947,0.0246,0.0523,True,True,False,2,2,vegetation,trees
MH-001,2024->2025,59,29,-0.1071,0.0595,-0.0068,True,False,True,2,2,vegetation,crops
MH-001,2024->2025,59,30,-0.1089,0.0719,-0.0156,True,False,True,2,2,vegetation,crops
MH-001,2024->2025,61,59,-0.0635,-0.0052,0.0515,True,True,False,2,2,unknown,unknown
MH-001,2024->2025,62,32,-0.0947,0.0514,0.0176,True,False,True,2,2,vegetation,crops
MH-001,2024->2025,62,59,-0.0803,0.0108,0.0512,True,True,False,2,2,unknown,unknown
MH-001,2024->2025,63,27,-0.1199,0.0346,0.0648,True,True,False,2,2,vegetation,crops
MH-001,2024->2025,63,31,-0.1098,0.0542,0.0360,True,False,True,2,2,vegetation,crops
MH-001,2024->2025,63,32,-0.1237,0.0577,0.0534,True,True,True,3,2,vegetation,crops
MH-001,2024->2025,63,33,-0.0929,0.0480,0.0164,True,False,True,2,2,vegetation,crops
MH-001,2024->2025,63,59,-0.0670,0.0012,0.0591,True,True,False,2,2,unknown,unknown
MH-001,2024->2025,63,60,-0.0765,0.0107,0.0571,True,True,False,2,2,unknown,unknown
MH-001,2024->2025,64,27,-0.0757,-0.0010,0.0540,True,True,False,2,2,vegetation,crops
MH-001,2024->2025,64,32,-0.1209,0.0616,0.0574,True,True,True,3,2,vegetation,crops
MH-001,2024->2025,64,33,-0.0878,0.0464,0.0182,True,False,True,2,2,vegetation,crops
MH-001,2024->2025,65,32,-0.0769,0.0325,0.0565,True,True,False,2,2,vegetation,crops
MH-001,2024->2025,66,29,0.0521,-0.0786,0.0501,False,True,True,2,2,unknown,unknown
MH-001,2024->2025,66,31,-0.0858,0.0310,0.0826,True,True,False,2,2,vegetation,crops
MH-001,2024->2025,66,32,-0.0684,0.0226,0.0636,True,True,False,2,2,vegetation,crops
MH-001,2024->2025,67,26,0.0342,-0.0875,0.0571,False,True,True,2,2,unknown,unknown
MH-001,2024->2025,67,28,0.1015,-0.1667,0.0500,False,True,True,2,2,unknown,unknown
MH-001,2024->2025,67,29,0.0098,-0.0673,0.0744,False,True,True,2,2,unknown,unknown
MH-001,2024->2025,67,30,0.0141,-0.0648,0.0536,False,True,True,2,2,unknown,unknown
MH-001,2024->2025,67,31,0.0235,-0.0624,0.0632,False,True,True,2,2,unknown,unknown
MH-001,2024->2025,68,26,0.0956,-0.1911,0.0547,False,True,True,2,2,unknown,unknown
MH-001,2024->2025,68,27,0.1911,-0.3121,0.0909,False,True,True,2,2,unknown,unknown
MH-001,2024->2025,68,28,0.1284,-0.2124,0.0815,False,True,True,2,2,unknown,unknown
MH-001,2024->2025,68,29,0.0490,-0.0999,0.1054,False,True,True,2,2,unknown,unknown
MH-001,2024->2025,68,30,0.0527,-0.0999,0.1002,False,True,True,2,2,unknown,unknown
MH-001,2024->2025,68,31,0.0385,-0.0781,0.0769,False,True,True,2,2,unknown,unknown
MH-001,2024->2025,68,32,0.0535,-0.0947,0.0590,False,True,True,2,2,unknown,unknown
MH-001,2024->2025,68,60,-0.0636,0.0221,0.0687,True,True,False,2,2,unknown,unknown
MH-001,2024->2025,69,24,0.0502,-0.1124,0.1087,False,True,True,2,2,unknown,unknown
MH-001,2024->2025,69,25,0.1579,-0.2491,0.0821,False,True,True,2,2,unknown,unknown
MH-001,2024->2025,69,27,0.1159,-0.2159,0.1348,False,True,True,2,2,unknown,unknown
MH-001,2024->2025,69,28,-0.0051,-0.1048,0.1705,False,True,True,2,2,unknown,unknown
MH-001,2024->2025,69,29,0.0814,-0.1957,0.0872,False,True,True,2,2,unknown,unknown
MH-001,2024->2025,69,32,0.0601,-0.1183,0.1339,False,True,True,2,2,unknown,unknown
MH-001,2024->2025,69,33,0.1029,-0.1950,0.1239,False,True,True,2,2,unknown,unknown
MH-001,2024->2025,69,34,0.0757,-0.1689,0.1759,False,True,True,2,2,unknown,unknown
MH-001,2024->2025,69,36,0.0280,-0.1107,0.0572,False,True,True,2,2,unknown,unknown
MH-001,2024->2025,69,60,-0.0789,0.0297,0.0714,True,True,False,2,2,unknown,unknown
MH-001,2024->2025,70,24,0.1049,-0.1844,0.1747,False,True,True,2,2,unknown,unknown
MH-001,2024->2025,70,25,0.1760,-0.2641,0.1770,False,True,True,2,2,unknown,unknown
MH-001,2024->2025,70,26,0.2325,-0.3446,0.1271,False,True,True,2,2,unknown,unknown
MH-001,2024->2025,70,27,0.1518,-0.2600,0.1158,False,True,True,2,2,unknown,unknown
MH-001,2024->2025,70,28,-0.0295,-0.0850,0.1648,False,True,True,2,2,unknown,unknown
MH-001,2024->2025,70,29,-0.0027,-0.0861,0.1304,False,True,True,2,2,unknown,unknown
MH-001,2024->2025,70,30,-0.0991,0.0313,0.1358,True,True,False,2,2,unknown,unknown
MH-001,2024->2025,70,32,0.1178,-0.1462,0.0972,False,True,True,2,2,unknown,unknown
MH-001,2024->2025,70,33,0.1494,-0.2540,0.1621,False,True,True,2,2,unknown,unknown
MH-001,2024->2025,70,34,0.1869,-0.3142,0.1623,False,True,True,2,2,unknown,unknown
MH-001,2024->2025,70,35,0.1626,-0.2957,0.0923,False,True,True,2,2,unknown,unknown
MH-001,2024->2025,70,36,0.1121,-0.2359,0.0502,False,True,True,2,2,unknown,unknown
MH-001,2024->2025,70,38,-0.0808,0.0201,0.0884,True,True,False,2,2,unknown,unknown
MH-001,2024->2025,71,24,0.1142,-0.2120,0.1375,False,True,True,2,2,unknown,unknown
MH-001,2024->2025,71,25,0.1629,-0.2580,0.1423,False,True,True,2,2,unknown,unknown
MH-001,2024->2025,71,26,0.2814,-0.4170,0.1261,False,True,True,2,2,unknown,unknown
MH-001,2024->2025,71,27,0.1792,-0.2820,0.1611,False,True,True,2,2,unknown,unknown
MH-001,2024->2025,71,28,0.0807,-0.1818,0.1858,False,True,True,2,2,unknown,unknown
MH-001,2024->2025,71,29,0.0512,-0.1760,0.1148,False,True,True,2,2,unknown,unknown
MH-001,2024->2025,71,30,-0.1877,0.1437,0.0947,True,True,True,3,2,unknown,unknown
MH-001,2024->2025,71,31,-0.2718,0.2638,0.0798,True,True,True,3,2,unknown,unknown
MH-001,2024->2025,71,32,-0.1376,0.1272,0.1236,True,True,True,3,2,unknown,unknown
MH-001,2024->2025,71,33,0.2536,-0.3070,0.0885,False,True,True,2,2,unknown,unknown
MH-001,2024->2025,71,34,0.2740,-0.3350,0.2008,False,True,True,2,2,unknown,unknown
MH-001,2024->2025,71,35,0.3578,-0.4339,0.1247,False,True,True,2,2,unknown,unknown
MH-001,2024->2025,71,36,0.3013,-0.3791,0.0719,False,True,True,2,2,unknown,unknown
MH-001,2024->2025,71,37,0.0347,-0.0857,0.1294,False,True,True,2,2,unknown,unknown
MH-001,2024->2025,71,38,-0.0957,0.0403,0.1326,True,True,False,2,2,unknown,unknown
MH-001,2024->2025,71,59,-0.0769,0.0181,0.0482,True,True,False,2,2,unknown,unknown
MH-001,2024->2025,72,24,0.1465,-0.2663,0.0531,False,True,True,2,2,unknown,unknown
MH-001,2024->2025,72,25,0.1589,-0.2654,0.0850,False,True,True,2,2,unknown,unknown
MH-001,2024->2025,72,26,0.2476,-0.3556,0.0606,False,True,True,2,2,unknown,unknown
MH-001,2024->2025,72,27,0.1679,-0.2632,0.1048,False,True,True,2,2,unknown,unknown
MH-001,2024->2025,72,28,0.1794,-0.2829,0.1559,False,True,True,2,2,unknown,unknown
MH-001,2024->2025,72,29,0.3225,-0.4522,0.0706,False,True,True,2,2,unknown,unknown
MH-001,2024->2025,72,30,-0.0800,0.0455,0.0825,True,True,False,2,2,unknown,unknown
MH-001,2024->2025,72,31,-0.1652,0.1294,0.0960,True,True,True,3,2,unknown,unknown
MH-001,2024->2025,72,33,0.3333,-0.3775,0.1050,False,True,True,2,2,unknown,unknown
MH-001,2024->2025,72,34,0.3243,-0.4086,0.2244,False,True,True,2,2,unknown,unknown
MH-001,2024->2025,72,35,0.4053,-0.4623,0.1873,False,True,True,2,2,unknown,unknown
MH-001,2024->2025,72,36,0.3718,-0.4965,0.1308,False,True,True,2,2,unknown,unknown
MH-001,2024->2025,72,37,0.2271,-0.3145,0.0752,False,True,True,2,2,unknown,unknown
MH-001,2024->2025,72,38,0.0318,-0.0922,0.0493,False,True,True,2,2,unknown,unknown
MH-001,2024->2025,72,60,-0.0767,0.0286,0.0541,True,True,False,2,2,unknown,unknown
MH-001,2024->2025,73,26,0.0268,-0.0987,0.1619,False,True,True,2,2,unknown,unknown
MH-001,2024->2025,73,27,0.1780,-0.2834,0.1575,False,True,True,2,2,unknown,unknown
MH-001,2024->2025,73,28,0.1917,-0.2906,0.1931,False,True,True,2,2,unknown,unknown
MH-001,2024->2025,73,29,0.2572,-0.3951,0.1932,False,True,True,2,2,unknown,unknown
MH-001,2024->2025,73,30,0.3238,-0.4702,0.0845,False,True,True,2,2,unknown,unknown
MH-001,2024->2025,73,31,0.2883,-0.4235,0.0854,False,True,True,2,2,unknown,unknown
MH-001,2024->2025,73,32,0.3547,-0.4539,0.0714,False,True,True,2,2,unknown,unknown
MH-001,2024->2025,73,33,0.3294,-0.4167,0.1351,False,True,True,2,2,unknown,unknown
MH-001,2024->2025,73,34,0.1920,-0.2750,0.1323,False,True,True,2,2,unknown,unknown
MH-001,2024->2025,73,35,0.2933,-0.4043,0.1029,False,True,True,2,2,unknown,unknown
MH-001,2024->2025,73,36,0.1180,-0.2183,0.1011,False,True,True,2,2,unknown,unknown
MH-001,2024->2025,73,37,0.1647,-0.2680,0.1123,False,True,True,2,2,unknown,unknown
MH-001,2024->2025,73,38,0.0235,-0.0847,0.0916,False,True,True,2,2,unknown,unknown
MH-001,2024->2025,74,26,0.0403,-0.1034,0.1003,False,True,True,2,2,unknown,unknown
MH-001,2024->2025,74,27,0.1421,-0.2453,0.1194,False,True,True,2,2,unknown,unknown
MH-001,2024->2025,74,28,0.2158,-0.3526,0.1049,False,True,True,2,2,unknown,unknown
MH-001,2024->2025,74,29,0.2987,-0.4450,0.1617,False,True,True,2,2,unknown,unknown
MH-001,2024->2025,74,30,0.3339,-0.4607,0.1417,False,True,True,2,2,unknown,unknown
MH-001,2024->2025,74,31,0.3289,-0.4628,0.1073,False,True,True,2,2,unknown,unknown
MH-001,2024->2025,74,33,0.3520,-0.4915,0.0512,False,True,True,2,2,unknown,unknown
MH-001,2024->2025,74,34,0.1397,-0.2103,0.0572,False,True,True,2,2,unknown,unknown
MH-001,2024->2025,74,35,0.0695,-0.1439,0.0522,False,True,True,2,2,unknown,unknown
MH-001,2024->2025,74,62,-0.0849,0.0593,0.0177,True,False,True,2,2,unknown,unknown
MH-001,2024->2025,74,63,-0.0886,0.0809,-0.0058,True,False,True,2,2,unknown,unknown
MH-001,2024->2025,75,27,0.1316,-0.2408,0.0685,False,True,True,2,2,unknown,unknown
MH-001,2024->2025,75,28,0.1201,-0.2366,0.0966,False,True,True,2,2,unknown,unknown
MH-001,2024->2025,75,29,0.1655,-0.3305,0.0767,False,True,True,2,2,unknown,unknown
MH-001,2024->2025,75,30,0.2307,-0.3852,0.0842,False,True,True,2,2,unknown,unknown
MH-001,2024->2025,75,31,0.3330,-0.4516,0.1500,False,True,True,2,2,unknown,unknown
MH-001,2024->2025,75,32,0.3790,-0.5315,0.1148,False,True,True,2,2,unknown,unknown
MH-001,2024->2025,75,33,0.1271,-0.2186,0.0727,False,True,True,2,2,unknown,unknown
MH-001,2024->2025,75,62,-0.1215,0.0855,0.0366,True,False,True,2,2,unknown,unknown
MH-001,2024->2025,75,63,-0.1365,0.0964,0.0109,True,False,True,2,2,unknown,unknown
MH-001,2024->2025,76,27,0.1099,-0.2207,0.0541,False,True,True,2,2,unknown,unknown
MH-001,2024->2025,76,31,0.3119,-0.4275,0.1432,False,True,True,2,2,unknown,unknown
MH-001,2024->2025,76,32,0.3167,-0.4549,0.1253,False,True,True,2,2,unknown,unknown
MH-001,2024->2025,76,33,0.1271,-0.2056,0.0920,False,True,True,2,2,unknown,unknown
MH-001,2024->2025,77,28,0.1768,-0.3248,0.1078,False,True,True,2,2,unknown,unknown
MH-001,2024->2025,77,29,0.0572,-0.1741,0.1035,False,True,True,2,2,unknown,unknown
MH-001,2024->2025,77,32,0.0435,-0.0824,0.1192,False,True,True,2,2,unknown,unknown
MH-001,2024->2025,77,33,0.0536,-0.1041,0.1676,False,True,True,2,2,unknown,unknown
MH-001,2024->2025,77,34,0.1987,-0.2957,0.0530,False,True,True,2,2,unknown,unknown
MH-001,2024->2025,77,35,0.2455,-0.3433,0.0648,False,True,True,2,2,unknown,unknown
MH-001,2024->2025,78,29,0.0820,-0.1845,0.0870,False,True,True,2,2,unknown,unknown
MH-001,2024->2025,78,30,0.0657,-0.1701,0.1187,False,True,True,2,2,unknown,unknown
MH-001,2024->2025,78,31,0.0791,-0.1736,0.1152,False,True,True,2,2,unknown,unknown
MH-001,2024->2025,78,32,0.0361,-0.0954,0.1280,False,True,True,2,2,unknown,unknown
MH-001,2024->2025,78,33,0.0246,-0.0675,0.1310,False,True,True,2,2,unknown,unknown
MH-001,2024->2025,78,34,0.0305,-0.0869,0.1748,False,True,True,2,2,unknown,unknown
MH-001,2024->2025,78,35,0.2543,-0.3420,0.0722,False,True,True,2,2,unknown,unknown
MH-001,2024->2025,78,47,-0.1133,0.0954,-0.0029,True,False,True,2,2,unknown,unknown
MH-001,2024->2025,78,48,-0.0887,0.0703,-0.0052,True,False,True,2,2,unknown,unknown
MH-001,2024->2025,79,31,0.1154,-0.2527,0.0500,False,True,True,2,2,unknown,unknown
MH-001,2024->2025,79,33,0.0483,-0.1404,0.0534,False,True,True,2,2,unknown,unknown
MH-001,2024->2025,79,35,0.0403,-0.1459,0.0706,False,True,True,2,2,unknown,unknown
MH-001,2024->2025,79,36,0.0035,-0.0746,0.0716,False,True,True,2,2,unknown,unknown
MH-001,2024->2025,79,46,-0.1319,0.1005,0.0210,True,False,True,2,2,unknown,unknown
MH-001,2024->2025,79,47,-0.2255,0.1733,0.0107,True,False,True,2,2,unknown,unknown
MH-001,2024->2025,79,48,-0.1527,0.1173,-0.0123,True,False,True,2,2,vegetation,crops
MH-001,2024->2025,80,33,-0.0740,0.0063,0.0990,True,True,False,2,2,unknown,unknown
MH-001,2024->2025,80,35,-0.0665,-0.0222,0.0892,True,True,False,2,2,unknown,unknown
MH-001,2024->2025,80,37,-0.0892,0.0085,0.0518,True,True,False,2,2,vegetation,shrub_and_scrub
MH-001,2024->2025,80,38,-0.1074,0.0415,0.0872,True,True,False,2,2,vegetation,shrub_and_scrub
MH-001,2024->2025,80,46,-0.1600,0.1094,0.0339,True,False,True,2,2,unknown,unknown
MH-001,2024->2025,80,47,-0.2393,0.1888,0.0174,True,False,True,2,2,vegetation,crops
MH-001,2024->2025,80,48,-0.1627,0.1255,0.0002,True,False,True,2,2,vegetation,crops
MH-001,2024->2025,81,46,-0.1941,0.1338,0.0346,True,False,True,2,2,unknown,unknown
MH-001,2024->2025,81,47,-0.2271,0.1829,0.0095,True,False,True,2,2,vegetation,crops
MH-001,2024->2025,81,48,-0.1517,0.1250,-0.0026,True,False,True,2,2,vegetation,crops
MH-001,2024->2025,85,29,-0.1164,0.0577,0.0190,True,False,True,2,2,vegetation,shrub_and_scrub
MH-001,2024->2025,85,30,-0.1434,0.0819,0.0007,True,False,True,2,2,vegetation,shrub_and_scrub
MH-001,2024->2025,85,40,-0.0983,0.0118,0.0675,True,True,False,2,2,unknown,unknown
MH-001,2024->2025,85,41,-0.0980,0.0015,0.0552,True,True,False,2,2,vegetation,trees
MH-001,2024->2025,86,39,-0.1602,0.0546,0.1000,True,True,True,3,2,unknown,unknown
MH-001,2024->2025,86,40,-0.1351,0.0318,0.0790,True,True,False,2,2,vegetation,trees
MH-001,2024->2025,87,24,-0.0744,0.0544,0.0277,True,False,True,2,2,unknown,unknown
MH-001,2024->2025,87,25,-0.1003,0.0775,0.0469,True,False,True,2,2,vegetation,shrub_and_scrub
MH-001,2024->2025,87,39,-0.1785,0.0494,0.0975,True,True,True,3,2,unknown,unknown
MH-001,2024->2025,87,40,-0.1275,0.0200,0.0783,True,True,False,2,2,vegetation,trees
MH-001,2024->2025,88,25,-0.0787,0.0562,0.0295,True,False,True,2,2,unknown,unknown
MH-001,2024->2025,88,38,-0.1300,0.0442,0.0624,True,True,False,2,2,vegetation,crops
MH-001,2024->2025,88,39,-0.1375,0.0278,0.0785,True,True,False,2,2,unknown,unknown
MH-001,2024->2025,88,40,-0.0734,-0.0044,0.0561,True,True,False,2,2,vegetation,trees
MH-001,2024->2025,90,43,-0.0663,0.0090,0.0937,True,True,False,2,2,unknown,unknown
MH-001,2024->2025,91,44,-0.0639,0.0010,0.1311,True,True,False,2,2,unknown,unknown
MH-001,2024->2025,91,61,-0.1617,0.0541,0.0850,True,True,True,3,2,unknown,unknown
MH-001,2024->2025,91,67,-0.0696,0.0841,0.0318,True,False,True,2,2,vegetation,shrub_and_scrub
MH-001,2024->2025,91,84,-0.0645,0.0898,0.0333,True,False,True,2,2,unknown,unknown
MH-001,2024->2025,92,61,-0.1435,0.0598,0.1168,True,True,True,3,2,unknown,unknown
MH-001,2024->2025,92,83,-0.0633,0.0803,-0.0176,True,False,True,2,2,unknown,unknown
MH-001,2024->2025,92,84,-0.0691,0.0969,0.0059,True,False,True,2,2,unknown,unknown
MH-001,2024->2025,93,31,-0.1316,0.1541,-0.0586,True,False,True,2,2,vegetation,crops
MH-001,2024->2025,93,84,-0.0667,0.0800,-0.0196,True,False,True,2,2,unknown,unknown
MH-001,2024->2025,94,32,-0.0764,0.1095,-0.0640,True,False,True,2,2,vegetation,crops
MH-001,2024->2025,94,85,-0.0781,0.0846,-0.0024,True,False,True,2,2,unknown,unknown
MH-001,2024->2025,94,86,-0.0710,0.0748,-0.0135,True,False,True,2,2,unknown,unknown
MH-001,2024->2025,95,85,-0.0732,0.0770,-0.0217,True,False,True,2,2,unknown,unknown
MH-001,2024->2025,95,86,-0.0850,0.0797,-0.0218,True,False,True,2,2,unknown,unknown
MH-001,2024->2025,96,84,-0.0667,0.0636,-0.0422,True,False,True,2,2,unknown,unknown
MH-001,2024->2025,96,85,-0.0654,0.0708,-0.0401,True,False,True,2,2,unknown,unknown
MH-001,2024->2025,96,86,-0.0842,0.0914,-0.0078,True,False,True,2,2,unknown,unknown
MH-001,2024->2025,97,42,-0.1122,0.0992,-0.0563,True,False,True,2,2,vegetation,crops
MH-001,2024->2025,97,86,-0.0668,0.0777,0.0011,True,False,True,2,2,unknown,unknown
MH-001,2024->2025,103,40,-0.0929,0.1153,-0.0624,True,False,True,2,2,vegetation,crops
MH-001,2024->2025,105,43,-0.0907,0.1027,-0.0216,True,False,True,2,2,vegetation,crops
MH-001,2024->2025,105,46,-0.0708,0.0559,-0.0189,True,False,True,2,2,vegetation,crops
MH-001,2024->2025,105,47,-0.0863,0.0757,-0.0345,True,False,True,2,2,vegetation,crops
MH-001,2024->2025,106,25,-0.0869,0.0737,0.0288,True,False,True,2,2,unknown,unknown
MH-001,2024->2025,109,24,-0.0653,0.1074,-0.0040,True,False,True,2,2,unknown,unknown
MH-001,2024->2025,110,83,-0.0746,0.0152,0.0501,True,True,False,2,2,unknown,unknown
MH-001,2024->2025,112,43,-0.0763,0.0063,0.0486,True,True,False,2,2,vegetation,shrub_and_scrub
MH-001,2024->2025,114,34,-0.0751,-0.0062,0.0680,True,True,False,2,2,vegetation,trees
MH-001,2024->2025,117,89,-0.0982,0.0083,0.0484,True,True,False,2,2,unknown,unknown
MH-001,2024->2025,120,92,-0.1129,0.0020,0.0489,True,True,False,2,2,unknown,unknown
MH-001,2024->2025,123,93,-0.0948,0.0055,0.0576,True,True,False,2,2,vegetation,shrub_and_scrub
MH-001,2024->2025,124,93,-0.0839,0.0129,0.0644,True,True,False,2,2,vegetation,shrub_and_scrub
MH-001,2024->2025,125,93,-0.0887,0.0174,0.0786,True,True,False,2,2,vegetation,shrub_and_scrub
MH-001,2024->2025,125,94,-0.0817,-0.0063,0.0694,True,True,False,2,2,vegetation,shrub_and_scrub
MH-001,2024->2025,126,93,-0.0884,0.0111,0.0795,True,True,False,2,2,vegetation,trees
MH-001,2024->2025,126,94,-0.0752,-0.0114,0.0597,True,True,False,2,2,vegetation,trees
MH-001,2024->2025,127,91,-0.0706,0.0253,0.0775,True,True,False,2,2,vegetation,trees
MH-001,2024->2025,127,92,-0.0976,0.0373,0.0978,True,True,False,2,2,vegetation,trees
MH-001,2024->2025,127,93,-0.0892,0.0094,0.0820,True,True,False,2,2,vegetation,trees
MH-001,2024->2025,128,89,-0.0708,0.0146,0.0731,True,True,False,2,2,unknown,unknown
MH-001,2024->2025,128,90,-0.0964,0.0193,0.0914,True,True,False,2,2,unknown,unknown
MH-001,2024->2025,128,91,-0.1059,0.0273,0.1022,True,True,False,2,2,vegetation,trees
MH-001,2024->2025,128,92,-0.0947,0.0233,0.0902,True,True,False,2,2,vegetation,trees
MH-001,2024->2025,128,93,-0.0738,-0.0054,0.0599,True,True,False,2,2,vegetation,trees
MH-001,2024->2025,129,89,-0.0648,0.0069,0.0602,True,True,False,2,2,unknown,unknown
MH-001,2024->2025,129,90,-0.0865,0.0112,0.0696,True,True,False,2,2,unknown,unknown
MH-001,2024->2025,129,91,-0.0858,0.0071,0.0666,True,True,False,2,2,vegetation,trees
MH-001,2024->2025,132,49,-0.1189,0.0288,0.0656,True,True,False,2,2,vegetation,shrub_and_scrub
MH-001,2024->2025,133,35,-0.0622,0.0551,0.0488,False,True,True,2,2,vegetation,trees
MH-001,2024->2025,134,29,-0.0660,0.0508,0.0558,True,True,True,3,2,vegetation,crops
MH-001,2024->2025,134,30,-0.0663,0.0457,0.0669,True,True,False,2,2,vegetation,crops
MH-001,2024->2025,134,33,-0.0648,0.0478,0.0639,True,True,True,3,2,vegetation,trees
MH-001,2024->2025,134,34,-0.0797,0.0679,0.0663,True,True,True,3,2,vegetation,trees
MH-001,2024->2025,134,36,-0.0672,0.0548,0.0636,True,True,True,3,2,vegetation,trees
MH-001,2024->2025,134,37,-0.0690,0.0310,0.0738,True,True,False,2,2,vegetation,trees
MH-001,2024->2025,135,28,-0.0718,0.0594,0.0520,True,True,True,3,2,vegetation,crops
MH-001,2024->2025,135,29,-0.0846,0.0644,0.0537,True,True,True,3,2,unknown,unknown
MH-001,2024->2025,135,30,-0.0700,0.0551,0.0706,True,True,True,3,2,unknown,unknown
MH-001,2024->2025,135,31,-0.0585,0.0536,0.0748,False,True,True,2,2,vegetation,trees
MH-001,2024->2025,135,32,-0.0599,0.0554,0.0732,False,True,True,2,2,vegetation,trees
MH-001,2024->2025,135,34,-0.0662,0.0553,0.0615,True,True,True,3,2,vegetation,trees
MH-001,2024->2025,135,36,-0.0641,0.0433,0.0532,True,True,False,2,2,vegetation,trees
MH-001,2024->2025,135,37,-0.0669,0.0460,0.0681,True,True,False,2,2,vegetation,trees
MH-001,2024->2025,135,52,-0.0646,0.0730,-0.0293,True,False,True,2,2,unknown,unknown
MH-001,2024->2025,136,28,-0.0846,0.0669,0.0427,True,False,True,2,2,vegetation,crops
MH-001,2024->2025,136,29,-0.1029,0.0886,0.0456,True,False,True,2,2,unknown,unknown
MH-001,2024->2025,136,30,-0.0780,0.0685,0.0715,True,True,True,3,2,unknown,unknown
MH-001,2024->2025,136,31,-0.0626,0.0562,0.0711,False,True,True,2,2,unknown,unknown
MH-001,2024->2025,136,32,-0.0546,0.0491,0.0657,False,True,True,2,2,unknown,unknown
MH-001,2024->2025,136,36,-0.0631,0.0554,0.0404,True,False,True,2,2,unknown,unknown
MH-001,2024->2025,136,52,-0.0640,0.0745,-0.0394,True,False,True,2,2,unknown,unknown
MH-001,2024->2025,136,96,-0.0844,0.0041,0.0648,True,True,False,2,2,unknown,unknown
MH-001,2024->2025,137,29,-0.0715,0.0611,0.0269,True,False,True,2,2,unknown,unknown
MH-001,2024->2025,139,37,-0.0607,0.0561,0.0536,False,True,True,2,2,vegetation,shrub_and_scrub
MH-001,2024->2025,139,38,-0.0551,0.0547,0.0540,False,True,True,2,2,vegetation,shrub_and_scrub
MH-001,2024->2025,139,71,-0.0701,0.0482,-0.0760,True,False,True,2,2,unknown,unknown
MH-001,2024->2025,139,72,-0.0726,0.0463,-0.0563,True,False,True,2,2,unknown,unknown
MH-001,2024->2025,140,29,-0.0767,0.0572,-0.0539,True,False,True,2,2,vegetation,shrub_and_scrub
MH-001,2024->2025,140,30,-0.0892,0.0665,-0.0550,True,False,True,2,2,unknown,unknown
MH-001,2024->2025,140,36,-0.0657,0.0588,0.0680,True,True,True,3,2,vegetation,shrub_and_scrub
MH-001,2024->2025,140,37,-0.0617,0.0578,0.0508,False,True,True,2,2,vegetation,shrub_and_scrub
MH-001,2024->2025,140,61,-0.0918,0.0478,-0.0038,True,False,True,2,2,unknown,unknown
MH-001,2024->2025,141,69,-0.0691,0.0475,0.0446,True,False,True,2,2,vegetation,shrub_and_scrub
MH-001,2024->2025,141,70,-0.0648,0.0600,0.0002,True,False,True,2,2,vegetation,shrub_and_scrub
MH-001,2024->2025,142,68,-0.1004,0.0684,0.0507,True,True,True,3,2,vegetation,shrub_and_scrub
MH-001,2024->2025,142,69,-0.0900,0.0613,0.0235,True,False,True,2,2,vegetation,shrub_and_scrub
MH-001,2024->2025,142,70,-0.0704,0.0522,-0.0074,True,False,True,2,2,vegetation,shrub_and_scrub
MH-001,2024->2025,142,71,-0.0692,0.0463,-0.0310,True,False,True,2,2,vegetation,shrub_and_scrub
MH-001,2024->2025,142,73,-0.0865,0.0582,-0.0689,True,False,True,2,2,unknown,unknown
MH-001,2024->2025,142,74,-0.0879,0.0674,-0.0821,True,False,True,2,2,vegetation,shrub_and_scrub
MH-001,2024->2025,143,36,-0.0807,0.0129,0.0624,True,True,False,2,2,vegetation,trees
MH-001,2024->2025,143,73,-0.0777,0.0489,-0.0455,True,False,True,2,2,vegetation,shrub_and_scrub
MH-001,2024->2025,144,73,-0.0863,0.0546,-0.0352,True,False,True,2,2,vegetation,shrub_and_scrub
MH-001,2024->2025,144,74,-0.0765,0.0665,-0.0594,True,False,True,2,2,vegetation,shrub_and_scrub
MH-001,2024->2025,145,73,-0.0721,0.0492,-0.0325,True,False,True,2,2,vegetation,shrub_and_scrub
MH-001,2024->2025,145,74,-0.0701,0.0661,-0.0421,True,False,True,2,2,vegetation,shrub_and_scrub
MH-001,2024->2025,146,34,-0.0791,0.0711,0.0324,True,False,True,2,2,vegetation,shrub_and_scrub
MH-001,2024->2025,146,73,-0.0659,0.0464,0.0049,True,False,True,2,2,vegetation,shrub_and_scrub
MH-001,2024->2025,146,74,-0.0840,0.0559,0.0144,True,False,True,2,2,vegetation,shrub_and_scrub
MH-001,2024->2025,147,32,-0.0659,0.0619,0.0031,True,False,True,2,2,vegetation,shrub_and_scrub
MH-001,2024->2025,147,33,-0.0708,0.0610,0.0248,True,False,True,2,2,vegetation,shrub_and_scrub
MH-001,2024->2025,147,34,-0.0804,0.0740,0.0125,True,False,True,2,2,vegetation,shrub_and_scrub
MH-001,2024->2025,147,35,-0.0717,0.0639,0.0221,True,False,True,2,2,vegetation,shrub_and_scrub
MH-001,2024->2025,147,67,-0.1067,0.0483,0.0040,True,False,True,2,2,vegetation,shrub_and_scrub
MH-001,2024->2025,147,73,-0.0842,0.0516,0.0448,True,False,True,2,2,vegetation,shrub_and_scrub
MH-001,2024->2025,147,74,-0.0945,0.0644,0.0566,True,True,True,3,2,vegetation,shrub_and_scrub
MH-001,2024->2025,147,80,-0.0872,0.0527,-0.0380,True,False,True,2,2,unknown,unknown
MH-001,2024->2025,148,34,-0.0669,0.0595,-0.0060,True,False,True,2,2,vegetation,shrub_and_scrub
MH-001,2024->2025,148,35,-0.0689,0.0668,0.0191,True,False,True,2,2,vegetation,shrub_and_scrub
MH-001,2024->2025,148,67,-0.1285,0.1258,-0.0456,True,False,True,2,2,vegetation,shrub_and_scrub
MH-001,2024->2025,148,68,-0.0987,0.0907,-0.0689,True,False,True,2,2,vegetation,shrub_and_scrub
MH-001,2024->2025,148,80,-0.0995,0.0743,0.0079,True,False,True,2,2,unknown,unknown
MH-001,2024->2025,149,47,-0.0696,0.0925,0.0189,True,False,True,2,2,unknown,unknown
MH-001,2024->2025,149,48,-0.0830,0.1037,0.0092,True,False,True,2,2,unknown,unknown
MH-001,2024->2025,149,49,-0.0697,0.0895,0.0576,True,True,True,3,2,unknown,unknown
MH-001,2024->2025,149,67,-0.0941,0.0727,-0.0762,True,False,True,2,2,vegetation,shrub_and_scrub
MH-001,2024->2025,149,68,-0.0697,0.0469,-0.0689,True,False,True,2,2,vegetation,shrub_and_scrub
MH-001,2024->2025,149,77,-0.0828,0.0544,0.0295,True,False,True,2,2,unknown,unknown
MH-001,2024->2025,149,78,-0.0778,0.0660,0.0060,True,False,True,2,2,unknown,unknown
MH-001,2024->2025,150,48,-0.0743,0.0929,0.0551,True,True,True,3,2,unknown,unknown
MH-001,2024->2025,150,67,-0.0967,0.0470,-0.0685,True,False,True,2,2,vegetation,shrub_and_scrub
MH-001,2024->2025,150,78,-0.0680,0.0478,-0.0073,True,False,True,2,2,unknown,unknown
MH-001,2024->2025,151,67,-0.1035,0.0667,-0.0356,True,False,True,2,2,built_up,built
MH-001,2024->2025,152,31,-0.0634,0.0239,0.0692,True,True,False,2,2,unknown,unknown
MH-001,2024->2025,152,32,-0.0960,0.0351,0.0507,True,True,False,2,2,unknown,unknown
MH-001,2024->2025,153,32,-0.1129,0.0412,0.0524,True,True,False,2,2,unknown,unknown
MH-001,2024->2025,155,46,0.0265,-0.0591,0.0521,False,True,True,2,2,built_up,built
MH-001,2024->2025,155,61,-0.0863,0.0650,0.0032,True,False,True,2,2,unknown,unknown
MH-001,2024->2025,158,82,-0.0636,0.0730,-0.0862,True,False,True,2,2,unknown,unknown
MH-001,2024->2025,159,81,-0.0822,0.0982,-0.1143,True,False,True,2,2,unknown,unknown
MH-001,2024->2025,159,82,-0.0918,0.1044,-0.1057,True,False,True,2,2,unknown,unknown
MH-001,2024->2025,159,83,-0.0647,0.0603,-0.0664,True,False,True,2,2,unknown,unknown
MH-001,2024->2025,160,81,-0.0765,0.0946,-0.1124,True,False,True,2,2,unknown,unknown
MH-001,2024->2025,160,82,-0.0853,0.0995,-0.1096,True,False,True,2,2,unknown,unknown
MH-001,2024->2025,160,83,-0.0729,0.0749,-0.0887,True,False,True,2,2,unknown,unknown
MH-001,2024->2025,161,48,-0.0690,0.0716,-0.0148,True,False,True,2,2,built_up,built
MH-001,2024->2025,161,49,-0.1023,0.1306,-0.0654,True,False,True,2,2,built_up,built
MH-001,2024->2025,161,79,-0.0704,0.0788,-0.0635,True,False,True,2,2,unknown,unknown
MH-001,2024->2025,161,80,-0.0673,0.0902,-0.0935,True,False,True,2,2,unknown,unknown
MH-001,2024->2025,161,81,-0.0678,0.0825,-0.1069,True,False,True,2,2,unknown,unknown
MH-001,2024->2025,161,82,-0.0821,0.0942,-0.0940,True,False,True,2,2,unknown,unknown
MH-001,2024->2025,161,83,-0.0812,0.0887,-0.0862,True,False,True,2,2,unknown,unknown
MH-001,2024->2025,162,49,-0.1023,0.1090,-0.0185,True,False,True,2,2,built_up,built
MH-001,2024->2025,162,80,-0.0632,0.0714,-0.0723,True,False,True,2,2,unknown,unknown
MH-001,2024->2025,162,81,-0.0670,0.0734,-0.0769,True,False,True,2,2,unknown,unknown
MH-001,2024->2025,162,83,-0.0653,0.0535,-0.0590,True,False,True,2,2,unknown,unknown
MH-001,2024->2025,165,84,-0.1036,0.0916,-0.0323,True,False,True,2,2,unknown,unknown
MH-001,2024->2025,165,85,-0.1108,0.0864,-0.0254,True,False,True,2,2,unknown,unknown
MH-001,2024->2025,165,86,-0.0806,0.0673,-0.0142,True,False,True,2,2,unknown,unknown
MH-001,2024->2025,166,37,-0.0946,0.0832,0.0357,True,False,True,2,2,unknown,unknown
MH-001,2024->2025,166,65,-0.0961,0.0191,0.0506,True,True,False,2,2,unknown,unknown
MH-001,2024->2025,166,86,-0.0811,0.0620,0.0187,True,False,True,2,2,unknown,unknown
MH-001,2024->2025,166,87,-0.1330,0.0965,0.0171,True,False,True,2,2,unknown,unknown
MH-001,2024->2025,167,43,-0.0675,0.0681,0.0045,True,False,True,2,2,built_up,built
MH-001,2024->2025,167,44,-0.1200,0.0950,0.0079,True,False,True,2,2,built_up,built
MH-001,2024->2025,167,87,-0.1173,0.0847,0.0455,True,False,True,2,2,unknown,unknown
MH-001,2024->2025,168,38,-0.1421,0.1246,0.0560,True,True,True,3,2,unknown,unknown
MH-001,2024->2025,168,43,-0.0971,0.1027,0.0317,True,False,True,2,2,built_up,built
MH-001,2024->2025,168,44,-0.1197,0.1300,-0.0029,True,False,True,2,2,built_up,built
MH-001,2024->2025,169,38,-0.1535,0.1615,0.0091,True,False,True,2,2,unknown,unknown
MH-001,2024->2025,169,69,-0.0673,0.0619,-0.0230,True,False,True,2,2,unknown,unknown
MH-001,2024->2025,169,70,-0.1004,0.0681,-0.0094,True,False,True,2,2,unknown,unknown
MH-001,2024->2025,169,71,-0.1541,0.1270,-0.0572,True,False,True,2,2,built_up,built
MH-001,2024->2025,169,72,-0.1398,0.0794,-0.0802,True,False,True,2,2,built_up,built
MH-001,2024->2025,169,73,-0.1416,0.0898,-0.0714,True,False,True,2,2,built_up,built
MH-001,2024->2025,170,39,-0.0854,0.0958,-0.0058,True,False,True,2,2,unknown,unknown
MH-001,2024->2025,170,71,-0.0758,0.0626,-0.0501,True,False,True,2,2,unknown,unknown
MH-001,2024->2025,170,73,-0.0851,0.0462,-0.0462,True,False,True,2,2,built_up,built
MH-001,2024->2025,171,39,-0.1107,0.1389,-0.0343,True,False,True,2,2,unknown,unknown
MH-001,2024->2025,173,62,-0.0656,0.0646,0.0816,True,True,True,3,2,unknown,unknown
MH-001,2024->2025,178,51,-0.0769,-0.0019,0.0574,True,True,False,2,2,vegetation,shrub_and_scrub
MH-002,2021->2022,53,114,-0.1018,0.0037,0.0768,True,True,False,2,2,unknown,unknown
MH-002,2021->2022,54,107,-0.1444,0.0310,0.1123,True,True,False,2,2,unknown,unknown
MH-002,2021->2022,54,108,-0.1349,0.0177,0.0982,True,True,False,2,2,unknown,unknown
MH-002,2021->2022,54,109,-0.0996,-0.0058,0.0738,True,True,False,2,2,unknown,unknown
MH-002,2021->2022,55,102,-0.1318,0.0146,0.0972,True,True,False,2,2,unknown,unknown
MH-002,2021->2022,55,109,-0.0886,0.0105,0.0781,True,True,False,2,2,unknown,unknown
MH-002,2021->2022,56,102,-0.1175,0.0103,0.0838,True,True,False,2,2,unknown,unknown
MH-002,2021->2022,57,100,-0.1137,0.0087,0.0812,True,True,False,2,2,unknown,unknown
MH-002,2021->2022,58,99,-0.0951,0.0074,0.0748,True,True,False,2,2,unknown,unknown
MH-002,2021->2022,58,100,-0.1106,0.0125,0.0982,True,True,False,2,2,unknown,unknown
MH-002,2021->2022,58,104,-0.1076,0.0103,0.0942,True,True,False,2,2,unknown,unknown
MH-002,2021->2022,59,97,-0.1097,-0.0238,0.0752,True,True,False,2,2,unknown,unknown
MH-002,2021->2022,59,98,-0.1014,-0.0233,0.0772,True,True,False,2,2,unknown,unknown
MH-002,2021->2022,59,100,-0.1001,0.0154,0.1103,True,True,False,2,2,unknown,unknown
MH-002,2021->2022,60,96,-0.0971,-0.0096,0.0960,True,True,False,2,2,unknown,unknown
MH-002,2021->2022,60,97,-0.1128,0.0011,0.0788,True,True,False,2,2,unknown,unknown
MH-002,2021->2022,61,103,-0.1077,-0.0084,0.0916,True,True,False,2,2,unknown,unknown
MH-002,2021->2022,62,89,-0.1153,-0.0015,0.0835,True,True,False,2,2,unknown,unknown
MH-002,2021->2022,62,93,-0.1042,-0.0225,0.0824,True,True,False,2,2,unknown,unknown
MH-002,2021->2022,62,94,-0.1290,-0.0018,0.1180,True,True,False,2,2,unknown,unknown
MH-002,2021->2022,63,90,-0.1133,0.0063,0.0875,True,True,False,2,2,unknown,unknown
MH-002,2021->2022,63,91,-0.1451,-0.0067,0.1067,True,True,False,2,2,unknown,unknown
MH-002,2021->2022,63,92,-0.1294,-0.0231,0.0997,True,True,False,2,2,unknown,unknown
MH-002,2021->2022,77,69,-0.1284,-0.0129,0.1043,True,True,False,2,2,vegetation,trees
MH-002,2021->2022,78,69,-0.1268,-0.0060,0.1030,True,True,False,2,2,vegetation,trees
MH-002,2021->2022,79,69,-0.0922,-0.0125,0.0977,True,True,False,2,2,vegetation,trees
MH-002,2021->2022,81,70,-0.0891,-0.0243,0.0966,True,True,False,2,2,vegetation,trees
MH-002,2021->2022,83,71,-0.0920,-0.0180,0.0789,True,True,False,2,2,vegetation,trees
MH-002,2021->2022,89,75,-0.1114,0.0054,0.1025,True,True,False,2,2,vegetation,trees
MH-002,2021->2022,90,76,-0.1115,0.0152,0.1187,True,True,False,2,2,vegetation,trees
MH-002,2021->2022,90,78,-0.0906,-0.0044,0.0893,True,True,False,2,2,vegetation,trees
MH-002,2021->2022,91,77,-0.0945,-0.0149,0.0956,True,True,False,2,2,vegetation,trees
MH-002,2021->2022,93,79,-0.0950,-0.0218,0.0759,True,True,False,2,2,vegetation,trees
MH-002,2021->2022,94,81,-0.1048,-0.0293,0.1070,True,True,False,2,2,vegetation,trees
MH-002,2021->2022,95,82,-0.0891,-0.0419,0.0856,True,True,False,2,2,vegetation,trees
MH-002,2021->2022,98,88,-0.0975,-0.0369,0.1055,True,True,False,2,2,vegetation,trees
MH-002,2021->2022,100,91,-0.1063,-0.0324,0.1238,True,True,False,2,2,vegetation,trees
MH-002,2021->2022,100,92,-0.1015,-0.0356,0.1044,True,True,False,2,2,unknown,unknown
MH-002,2021->2022,101,92,-0.0942,-0.0369,0.1027,True,True,False,2,2,unknown,unknown
MH-002,2021->2022,103,94,-0.0892,-0.0289,0.1216,True,True,False,2,2,unknown,unknown
MH-002,2021->2022,105,96,-0.0971,-0.0289,0.0947,True,True,False,2,2,unknown,unknown
MH-002,2021->2022,107,98,-0.0973,-0.0434,0.1358,True,True,False,2,2,unknown,unknown
MH-002,2021->2022,109,70,-0.0976,0.1324,-0.1136,True,False,True,2,2,vegetation,shrub_and_scrub
MH-002,2021->2022,112,96,-0.0941,-0.0197,0.0891,True,True,False,2,2,unknown,unknown
MH-002,2021->2022,119,92,-0.1074,0.0132,0.1377,True,True,False,2,2,unknown,unknown
MH-002,2021->2022,120,91,-0.1085,-0.0004,0.1249,True,True,False,2,2,vegetation,trees
MH-002,2021->2022,121,90,-0.1011,-0.0010,0.1260,True,True,False,2,2,vegetation,trees
MH-002,2021->2022,122,90,-0.1072,-0.0110,0.1397,True,True,False,2,2,vegetation,trees
MH-002,2021->2022,123,34,-0.1991,0.2850,-0.1098,True,False,True,2,2,vegetation,trees
MH-002,2021->2022,123,35,-0.0983,0.1593,-0.0565,True,False,True,2,2,vegetation,trees
MH-002,2021->2022,123,89,-0.0951,-0.0182,0.1194,True,True,False,2,2,vegetation,trees
MH-002,2021->2022,124,89,-0.0993,-0.0286,0.1166,True,True,False,2,2,vegetation,shrub_and_scrub
MH-002,2021->2022,127,87,-0.0874,-0.0030,0.1011,True,True,False,2,2,vegetation,trees
MH-002,2021->2022,128,87,-0.1274,-0.0016,0.1326,True,True,False,2,2,vegetation,trees
MH-002,2021->2022,141,30,-0.1058,0.1378,-0.0878,True,False,True,2,2,vegetation,trees
MH-002,2021->2022,141,31,-0.1086,0.1333,-0.1368,True,False,True,2,2,unknown,unknown
MH-002,2021->2022,143,45,-0.0935,0.1310,-0.1930,True,False,True,2,2,vegetation,crops
MH-002,2021->2022,143,46,-0.1671,0.1873,-0.1590,True,False,True,2,2,vegetation,crops
MH-002,2021->2022,150,37,-0.1087,0.0427,0.0941,True,True,False,2,2,vegetation,shrub_and_scrub
MH-002,2022->2023,5,35,-0.0925,0.0241,0.0742,True,True,False,2,2,vegetation,trees
MH-002,2022->2023,9,35,-0.0919,0.0109,0.0822,True,True,False,2,2,vegetation,trees
MH-002,2022->2023,10,37,-0.0936,0.0219,0.0871,True,True,False,2,2,vegetation,trees
MH-002,2022->2023,11,28,-0.0876,0.0094,0.0877,True,True,False,2,2,vegetation,trees
MH-002,2022->2023,11,38,-0.0868,0.0035,0.0866,True,True,False,2,2,vegetation,trees
MH-002,2022->2023,12,27,-0.0993,0.0234,0.0742,True,True,False,2,2,unknown,unknown
MH-002,2022->2023,14,30,-0.0929,0.0110,0.0784,True,True,False,2,2,vegetation,trees
MH-002,2022->2023,14,31,-0.1050,0.0084,0.0854,True,True,False,2,2,vegetation,trees
MH-002,2022->2023,14,32,-0.1045,0.0066,0.0928,True,True,False,2,2,vegetation,trees
MH-002,2022->2023,15,31,-0.1000,0.0227,0.0941,True,True,False,2,2,vegetation,trees
MH-002,2022->2023,15,32,-0.1000,0.0297,0.0887,True,True,False,2,2,vegetation,trees
MH-002,2022->2023,15,33,-0.0921,0.0216,0.0885,True,True,False,2,2,vegetation,trees
MH-002,2022->2023,15,40,-0.0900,0.0458,0.0919,True,True,False,2,2,vegetation,trees
MH-002,2022->2023,16,32,-0.1044,0.0213,0.0744,True,True,False,2,2,vegetation,trees
MH-002,2022->2023,16,33,-0.1006,0.0242,0.0930,True,True,False,2,2,vegetation,trees
MH-002,2022->2023,16,34,-0.1109,0.0283,0.1149,True,True,False,2,2,vegetation,trees
MH-002,2022->2023,16,35,-0.0950,0.0155,0.0956,True,True,False,2,2,vegetation,trees
MH-002,2022->2023,16,40,-0.0894,0.0449,0.0991,True,True,False,2,2,vegetation,trees
MH-002,2022->2023,17,31,-0.0902,0.0217,0.0806,True,True,False,2,2,vegetation,trees
MH-002,2022->2023,17,33,-0.1091,0.0303,0.0970,True,True,False,2,2,vegetation,trees
MH-002,2022->2023,17,34,-0.1247,0.0388,0.1235,True,True,False,2,2,vegetation,trees
MH-002,2022->2023,17,35,-0.1113,0.0294,0.0979,True,True,False,2,2,vegetation,trees
MH-002,2022->2023,19,28,-0.1133,0.0283,0.1113,True,True,False,2,2,vegetation,trees
MH-002,2022->2023,20,32,-0.0955,0.0299,0.0767,True,True,False,2,2,vegetation,trees
MH-002,2022->2023,22,30,-0.0882,0.0500,0.0748,True,True,True,3,2,vegetation,trees
MH-002,2022->2023,31,38,-0.0661,0.0479,0.0985,False,True,True,2,2,vegetation,trees
MH-002,2022->2023,35,41,-0.1006,0.0343,0.1206,True,True,False,2,2,vegetation,trees
MH-002,2022->2023,36,14,-0.0920,0.0545,0.0511,True,False,True,2,2,vegetation,shrub_and_scrub
MH-002,2022->2023,36,40,-0.0899,0.0215,0.0992,True,True,False,2,2,vegetation,trees
MH-002,2022->2023,38,39,-0.0891,0.0376,0.1085,True,True,False,2,2,unknown,unknown
MH-002,2022->2023,39,8,-0.0940,0.0482,0.0353,True,False,True,2,2,unknown,unknown
MH-002,2022->2023,39,10,-0.0898,0.0494,0.0248,True,False,True,2,2,vegetation,shrub_and_scrub
MH-002,2022->2023,39,11,-0.0932,0.0611,0.0123,True,False,True,2,2,vegetation,shrub_and_scrub
MH-002,2022->2023,39,59,-0.1106,0.0557,0.0554,True,False,True,2,2,vegetation,trees
MH-002,2022->2023,40,9,-0.0932,0.0524,0.0358,True,False,True,2,2,vegetation,shrub_and_scrub
MH-002,2022->2023,40,11,-0.0947,0.0645,0.0156,True,False,True,2,2,vegetation,shrub_and_scrub
MH-002,2022->2023,40,12,-0.0928,0.0645,0.0180,True,False,True,2,2,vegetation,shrub_and_scrub
MH-002,2022->2023,40,59,-0.0950,0.0633,0.0629,True,False,True,2,2,vegetation,trees
MH-002,2022->2023,41,58,-0.1015,0.0513,0.0490,True,False,True,2,2,vegetation,trees
MH-002,2022->2023,42,19,-0.0990,0.0648,0.0616,True,False,True,2,2,vegetation,trees
MH-002,2022->2023,42,44,-0.0868,0.0322,0.0750,True,True,False,2,2,vegetation,trees
MH-002,2022->2023,43,19,-0.0872,0.0593,0.0424,True,False,True,2,2,vegetation,trees
MH-002,2022->2023,43,20,-0.0963,0.0616,0.0281,True,False,True,2,2,vegetation,trees
MH-002,2022->2023,44,53,-0.1250,0.0538,0.0633,True,False,True,2,2,vegetation,trees
MH-002,2022->2023,44,60,-0.1014,0.0664,0.0515,True,False,True,2,2,vegetation,shrub_and_scrub
MH-002,2022->2023,45,54,-0.0716,0.0537,0.0742,False,True,True,2,2,vegetation,trees
MH-002,2022->2023,46,59,-0.1287,0.0585,0.0416,True,False,True,2,2,vegetation,trees
MH-002,2022->2023,46,60,-0.0894,0.0469,0.0365,True,False,True,2,2,vegetation,trees
MH-002,2022->2023,47,21,-0.0909,0.0533,0.0269,True,False,True,2,2,vegetation,trees
MH-002,2022->2023,48,21,-0.0856,0.0701,0.0771,False,True,True,2,2,vegetation,trees
MH-002,2022->2023,48,22,-0.1386,0.0962,0.0981,True,True,True,3,2,vegetation,trees
MH-002,2022->2023,48,23,-0.1336,0.0838,0.0822,True,True,True,3,2,vegetation,trees
MH-002,2022->2023,48,24,-0.1225,0.0774,0.0557,True,False,True,2,2,vegetation,trees
MH-002,2022->2023,48,25,-0.1034,0.0967,0.0519,True,False,True,2,2,unknown,unknown
MH-002,2022->2023,48,55,-0.0899,0.0349,0.0974,True,True,False,2,2,vegetation,trees
MH-002,2022->2023,49,20,-0.0913,0.0494,0.0350,True,False,True,2,2,vegetation,trees
MH-002,2022->2023,49,22,-0.0995,0.0708,0.0870,True,True,True,3,2,vegetation,trees
MH-002,2022->2023,49,23,-0.1196,0.0648,0.0721,True,False,True,2,2,vegetation,trees
MH-002,2022->2023,49,24,-0.0989,0.0683,0.0547,True,False,True,2,2,vegetation,trees
MH-002,2022->2023,49,25,-0.1139,0.0850,0.0599,True,False,True,2,2,vegetation,trees
MH-002,2022->2023,49,26,-0.1235,0.0832,0.0537,True,False,True,2,2,vegetation,trees
MH-002,2022->2023,49,39,-0.0886,0.0660,0.0859,True,True,True,3,2,unknown,unknown
MH-002,2022->2023,49,40,-0.0585,0.0589,0.0827,False,True,True,2,2,unknown,unknown
MH-002,2022->2023,49,41,-0.0581,0.0672,0.0891,False,True,True,2,2,vegetation,trees
MH-002,2022->2023,49,42,-0.0440,0.0485,0.0765,False,True,True,2,2,vegetation,trees
MH-002,2022->2023,50,19,-0.0904,0.0490,0.0457,True,False,True,2,2,vegetation,trees
MH-002,2022->2023,50,22,-0.0953,0.0553,0.0533,True,False,True,2,2,vegetation,trees
MH-002,2022->2023,50,23,-0.0918,0.0575,0.0311,True,False,True,2,2,vegetation,trees
MH-002,2022->2023,50,25,-0.0946,0.0808,0.0390,True,False,True,2,2,vegetation,trees
MH-002,2022->2023,50,26,-0.1074,0.0933,0.0387,True,False,True,2,2,vegetation,trees
MH-002,2022->2023,50,27,-0.1181,0.0793,0.0433,True,False,True,2,2,vegetation,trees
MH-002,2022->2023,50,28,-0.1482,0.1034,0.0656,True,False,True,2,2,vegetation,trees
MH-002,2022->2023,50,38,-0.1115,0.0794,0.0918,True,True,True,3,2,unknown,unknown
MH-002,2022->2023,50,43,-0.0491,0.0513,0.0797,False,True,True,2,2,vegetation,trees
MH-002,2022->2023,50,44,-0.0554,0.0521,0.0859,False,True,True,2,2,vegetation,trees
MH-002,2022->2023,50,45,-0.0877,0.0528,0.0856,True,True,True,3,2,vegetation,trees
MH-002,2022->2023,50,46,-0.1111,0.0711,0.1117,True,True,True,3,2,vegetation,trees
MH-002,2022->2023,50,47,-0.1027,0.0708,0.0991,True,True,True,3,2,vegetation,trees
MH-002,2022->2023,50,48,-0.0802,0.0518,0.0747,False,True,True,2,2,vegetation,trees
MH-002,2022->2023,50,49,-0.0708,0.0518,0.0878,False,True,True,2,2,vegetation,trees
MH-002,2022->2023,51,25,-0.1198,0.1021,0.0693,True,False,True,2,2,vegetation,trees
MH-002,2022->2023,51,26,-0.1159,0.0887,0.0647,True,False,True,2,2,vegetation,trees
MH-002,2022->2023,51,27,-0.1104,0.0757,0.0628,True,False,True,2,2,vegetation,trees
MH-002,2022->2023,51,28,-0.1604,0.1086,0.0949,True,True,True,3,2,vegetation,trees
MH-002,2022->2023,51,29,-0.2024,0.1343,0.1381,True,True,True,3,2,vegetation,trees
MH-002,2022->2023,51,47,-0.0564,0.0646,0.0791,False,True,True,2,2,vegetation,trees
MH-002,2022->2023,51,48,-0.0628,0.0645,0.0773,False,True,True,2,2,vegetation,trees
MH-002,2022->2023,51,49,-0.0755,0.0540,0.0804,False,True,True,2,2,vegetation,trees
MH-002,2022->2023,51,58,-0.0958,0.0468,0.0520,True,False,True,2,2,vegetation,trees
MH-002,2022->2023,52,24,-0.0892,0.0687,0.0718,True,False,True,2,2,vegetation,trees
MH-002,2022->2023,52,25,-0.1075,0.0901,0.0785,True,True,True,3,2,vegetation,trees
MH-002,2022->2023,52,26,-0.1012,0.0790,0.0620,True,False,True,2,2,vegetation,trees
MH-002,2022->2023,52,27,-0.0960,0.0676,0.0387,True,False,True,2,2,vegetation,trees
MH-002,2022->2023,52,28,-0.1309,0.0854,0.0885,True,True,True,3,2,vegetation,trees
MH-002,2022->2023,52,29,-0.1558,0.0939,0.1232,True,True,True,3,2,vegetation,trees
MH-002,2022->2023,52,30,-0.1647,0.1008,0.1067,True,True,True,3,2,vegetation,trees
MH-002,2022->2023,52,31,-0.1492,0.1110,0.0655,True,False,True,2,2,vegetation,trees
MH-002,2022->2023,52,40,-0.0894,0.0339,0.0747,True,True,False,2,2,vegetation,trees
MH-002,2022->2023,52,43,-0.0550,0.0514,0.0950,False,True,True,2,2,vegetation,trees
MH-002,2022->2023,53,24,-0.0970,0.0623,0.0561,True,False,True,2,2,vegetation,trees
MH-002,2022->2023,53,25,-0.0917,0.0716,0.0497,True,False,True,2,2,vegetation,trees
MH-002,2022->2023,53,28,-0.1023,0.0689,0.0813,True,True,True,3,2,vegetation,trees
MH-002,2022->2023,53,29,-0.1279,0.0725,0.0952,True,True,True,3,2,vegetation,trees
MH-002,2022->2023,53,30,-0.1310,0.0834,0.0696,True,False,True,2,2,vegetation,trees
MH-002,2022->2023,53,31,-0.1455,0.1006,0.0761,True,True,True,3,2,vegetation,trees
MH-002,2022->2023,53,32,-0.1558,0.1082,0.0817,True,True,True,3,2,vegetation,trees
MH-002,2022->2023,53,38,-0.0918,0.0690,0.0822,True,True,True,3,2,unknown,unknown
MH-002,2022->2023,53,44,-0.0561,0.0506,0.0775,False,True,True,2,2,vegetation,trees
MH-002,2022->2023,53,49,-0.0592,0.0496,0.0845,False,True,True,2,2,vegetation,trees
MH-002,2022->2023,53,113,-0.2097,0.0958,0.1645,True,True,True,3,2,unknown,unknown
MH-002,2022->2023,53,114,-0.2303,0.1152,0.1912,True,True,True,3,2,unknown,unknown
MH-002,2022->2023,53,115,-0.1690,0.0746,0.1475,True,True,True,3,2,unknown,unknown
MH-002,2022->2023,53,116,-0.1309,0.0547,0.1128,True,True,True,3,2,unknown,unknown
MH-002,2022->2023,53,117,-0.1074,0.0452,0.0941,True,True,False,2,2,unknown,unknown
MH-002,2022->2023,53,136,-0.0713,0.0506,0.0898,False,True,True,2,2,vegetation,trees
MH-002,2022->2023,54,23,-0.0555,0.0593,0.0886,False,True,True,2,2,vegetation,trees
MH-002,2022->2023,54,26,-0.1092,0.0826,0.0538,True,False,True,2,2,vegetation,trees
MH-002,2022->2023,54,28,-0.1101,0.0673,0.0673,True,False,True,2,2,vegetation,trees
MH-002,2022->2023,54,29,-0.1109,0.0620,0.0724,True,False,True,2,2,vegetation,trees
MH-002,2022->2023,54,30,-0.0880,0.0588,0.0717,True,False,True,2,2,vegetation,trees
MH-002,2022->2023,54,31,-0.0947,0.0618,0.0693,True,False,True,2,2,vegetation,trees
MH-002,2022->2023,54,32,-0.1177,0.0825,0.0765,True,True,True,3,2,vegetation,trees
MH-002,2022->2023,54,33,-0.1517,0.1005,0.1067,True,True,True,3,2,vegetation,trees
MH-002,2022->2023,54,38,-0.1265,0.0892,0.1126,True,True,True,3,2,unknown,unknown
MH-002,2022->2023,54,39,-0.0864,0.0539,0.0780,False,True,True,2,2,unknown,unknown
MH-002,2022->2023,54,40,-0.0734,0.0496,0.0784,False,True,True,2,2,vegetation,trees
MH-002,2022->2023,54,107,-0.1382,0.0662,0.1183,True,True,True,3,2,unknown,unknown
MH-002,2022->2023,54,108,-0.1406,0.0668,0.1069,True,True,True,3,2,unknown,unknown
MH-002,2022->2023,54,109,-0.1321,0.0597,0.1003,True,True,True,3,2,unknown,unknown
MH-002,2022->2023,54,110,-0.1256,0.0498,0.1100,True,True,True,3,2,unknown,unknown
MH-002,2022->2023,54,111,-0.1441,0.0666,0.1294,True,True,True,3,2,unknown,unknown
MH-002,2022->2023,54,112,-0.1492,0.0725,0.1360,True,True,True,3,2,unknown,unknown
MH-002,2022->2023,54,113,-0.1722,0.0730,0.1341,True,True,True,3,2,unknown,unknown
MH-002,2022->2023,54,114,-0.1944,0.0935,0.1670,True,True,True,3,2,unknown,unknown
MH-002,2022->2023,54,115,-0.1453,0.0592,0.1406,True,True,True,3,2,vegetation,trees
MH-002,2022->2023,54,116,-0.1242,0.0548,0.1144,True,True,True,3,2,vegetation,trees
MH-002,2022->2023,54,117,-0.0982,0.0409,0.0992,True,True,False,2,2,vegetation,trees
MH-002,2022->2023,54,119,-0.0995,0.0343,0.0742,True,True,False,2,2,vegetation,trees
MH-002,2022->2023,54,120,-0.1210,0.0617,0.0932,True,True,True,3,2,vegetation,trees
MH-002,2022->2023,54,121,-0.1134,0.0555,0.1086,True,True,True,3,2,vegetation,trees
MH-002,2022->2023,54,122,-0.0943,0.0470,0.0920,True,True,True,3,2,vegetation,trees
MH-002,2022->2023,54,143,-0.0880,0.0341,0.0751,True,True,False,2,2,unknown,unknown
MH-002,2022->2023,54,145,-0.1330,0.0561,0.0893,True,True,True,3,2,unknown,unknown
MH-002,2022->2023,54,146,-0.1386,0.0646,0.1103,True,True,True,3,2,unknown,unknown
MH-002,2022->2023,55,26,-0.0954,0.0705,0.0490,True,False,True,2,2,vegetation,trees
MH-002,2022->2023,55,27,-0.1016,0.0856,0.0569,True,False,True,2,2,vegetation,trees
MH-002,2022->2023,55,28,-0.1075,0.0811,0.0630,True,False,True,2,2,vegetation,trees
MH-002,2022->2023,55,29,-0.1016,0.0546,0.0579,True,False,True,2,2,vegetation,trees
MH-002,2022->2023,55,33,-0.1184,0.0736,0.0738,True,True,True,3,2,vegetation,trees
MH-002,2022->2023,55,34,-0.1434,0.0949,0.1009,True,True,True,3,2,vegetation,trees
MH-002,2022->2023,55,35,-0.1438,0.0968,0.0928,True,True,True,3,2,vegetation,trees
MH-002,2022->2023,55,38,-0.1318,0.0863,0.0995,True,True,True,3,2,unknown,unknown
MH-002,2022->2023,55,39,-0.1076,0.0674,0.0703,True,False,True,2,2,unknown,unknown
MH-002,2022->2023,55,102,-0.1926,0.0786,0.1500,True,True,True,3,2,unknown,unknown
MH-002,2022->2023,55,103,-0.1982,0.0958,0.1722,True,True,True,3,2,unknown,unknown
MH-002,2022->2023,55,104,-0.1581,0.0742,0.1200,True,True,True,3,2,unknown,unknown
MH-002,2022->2023,55,105,-0.1499,0.0666,0.1243,True,True,True,3,2,unknown,unknown
MH-002,2022->2023,55,106,-0.1261,0.0482,0.1132,True,True,True,3,2,unknown,unknown
MH-002,2022->2023,55,107,-0.1254,0.0463,0.1167,True,True,False,2,2,unknown,unknown
MH-002,2022->2023,55,108,-0.1306,0.0464,0.1190,True,True,False,2,2,unknown,unknown
MH-002,2022->2023,55,109,-0.1016,0.0361,0.0834,True,True,False,2,2,unknown,unknown
MH-002,2022->2023,55,110,-0.1083,0.0546,0.0979,True,True,True,3,2,unknown,unknown
MH-002,2022->2023,55,111,-0.1466,0.0635,0.1435,True,True,True,3,2,unknown,unknown
MH-002,2022->2023,55,112,-0.1507,0.0628,0.1476,True,True,True,3,2,unknown,unknown
MH-002,2022->2023,55,113,-0.1604,0.0760,0.1425,True,True,True,3,2,unknown,unknown
MH-002,2022->2023,55,114,-0.1342,0.0652,0.1116,True,True,True,3,2,unknown,unknown
MH-002,2022->2023,55,115,-0.1354,0.0572,0.1123,True,True,True,3,2,vegetation,trees
MH-002,2022->2023,55,116,-0.1357,0.0502,0.0964,True,True,True,3,2,vegetation,trees
MH-002,2022->2023,55,117,-0.1270,0.0546,0.0788,True,True,True,3,2,vegetation,trees
MH-002,2022->2023,55,118,-0.1295,0.0576,0.0914,True,True,True,3,2,vegetation,trees
MH-002,2022->2023,55,119,-0.1292,0.0660,0.0566,True,False,True,2,2,vegetation,trees
MH-002,2022->2023,55,120,-0.1198,0.0555,0.1071,True,True,True,3,2,vegetation,trees
MH-002,2022->2023,55,121,-0.1226,0.0425,0.1086,True,True,False,2,2,vegetation,trees
MH-002,2022->2023,55,122,-0.1177,0.0320,0.0864,True,True,False,2,2,vegetation,trees
MH-002,2022->2023,55,123,-0.0917,0.0357,0.0751,True,True,False,2,2,vegetation,trees
MH-002,2022->2023,55,124,-0.0982,0.0316,0.0757,True,True,False,2,2,vegetation,trees
MH-002,2022->2023,55,131,-0.0940,0.0366,0.1103,True,True,False,2,2,vegetation,trees
MH-002,2022->2023,55,132,-0.0988,0.0468,0.1344,True,True,False,2,2,unknown,unknown
MH-002,2022->2023,55,133,-0.1186,0.0706,0.1553,True,True,True,3,2,unknown,unknown
MH-002,2022->2023,55,143,-0.0968,0.0496,0.0406,True,False,True,2,2,unknown,unknown
MH-002,2022->2023,56,29,-0.0897,0.0532,0.0475,True,False,True,2,2,vegetation,trees
MH-002,2022->2023,56,31,-0.0883,0.0489,0.0608,True,False,True,2,2,vegetation,trees
MH-002,2022->2023,56,32,-0.1044,0.0725,0.0929,True,True,True,3,2,vegetation,trees
MH-002,2022->2023,56,33,-0.0993,0.0726,0.1037,True,True,True,3,2,vegetation,trees
MH-002,2022->2023,56,34,-0.0987,0.0743,0.1030,True,True,True,3,2,vegetation,trees
MH-002,2022->2023,56,35,-0.1251,0.0914,0.1079,True,True,True,3,2,vegetation,trees
MH-002,2022->2023,56,36,-0.1428,0.1125,0.1231,True,True,True,3,2,vegetation,trees
MH-002,2022->2023,56,39,-0.1428,0.0745,0.0884,True,True,True,3,2,unknown,unknown
MH-002,2022->2023,56,56,-0.0921,0.0472,0.0492,True,False,True,2,2,vegetation,trees
MH-002,2022->2023,56,101,-0.2352,0.1394,0.1816,True,True,True,3,2,unknown,unknown
MH-002,2022->2023,56,102,-0.1749,0.0819,0.1643,True,True,True,3,2,unknown,unknown
MH-002,2022->2023,56,103,-0.1762,0.0765,0.1715,True,True,True,3,2,unknown,unknown
MH-002,2022->2023,56,104,-0.1421,0.0605,0.1325,True,True,True,3,2,unknown,unknown
MH-002,2022->2023,56,105,-0.1489,0.0689,0.1340,True,True,True,3,2,unknown,unknown
MH-002,2022->2023,56,106,-0.1205,0.0619,0.1189,True,True,True,3,2,unknown,unknown
MH-002,2022->2023,56,107,-0.1241,0.0483,0.1145,True,True,True,3,2,unknown,unknown
MH-002,2022->2023,56,108,-0.1291,0.0546,0.1166,True,True,True,3,2,unknown,unknown
MH-002,2022->2023,56,109,-0.1448,0.0499,0.0900,True,True,True,3,2,unknown,unknown
MH-002,2022->2023,56,110,-0.1081,0.0443,0.0872,True,True,False,2,2,unknown,unknown
MH-002,2022->2023,56,111,-0.1243,0.0468,0.0956,True,True,True,3,2,unknown,unknown
MH-002,2022->2023,56,112,-0.1549,0.0714,0.1357,True,True,True,3,2,unknown,unknown
MH-002,2022->2023,56,113,-0.1606,0.0756,0.1430,True,True,True,3,2,unknown,unknown
MH-002,2022->2023,56,114,-0.1284,0.0617,0.1099,True,True,True,3,2,unknown,unknown
MH-002,2022->2023,56,115,-0.0918,0.0474,0.0950,True,True,True,3,2,vegetation,trees
MH-002,2022->2023,56,116,-0.1114,0.0515,0.0785,True,True,True,3,2,vegetation,trees
MH-002,2022->2023,56,117,-0.1058,0.0506,0.0693,True,False,True,2,2,vegetation,trees
MH-002,2022->2023,56,118,-0.1220,0.0571,0.0785,True,True,True,3,2,vegetation,trees
MH-002,2022->2023,56,119,-0.1088,0.0649,0.0761,True,True,True,3,2,vegetation,trees
MH-002,2022->2023,56,120,-0.1548,0.0737,0.1301,True,True,True,3,2,vegetation,trees
MH-002,2022->2023,56,121,-0.1512,0.0589,0.1153,True,True,True,3,2,unknown,unknown
MH-002,2022->2023,56,122,-0.1014,0.0511,0.0450,True,False,True,2,2,unknown,unknown
MH-002,2022->2023,56,123,-0.1261,0.0344,0.0859,True,True,False,2,2,vegetation,shrub_and_scrub
MH-002,2022->2023,56,124,-0.1187,0.0298,0.0853,True,True,False,2,2,vegetation,shrub_and_scrub
MH-002,2022->2023,56,132,-0.1014,0.0461,0.1617,True,True,False,2,2,vegetation,shrub_and_scrub
MH-002,2022->2023,56,133,-0.1113,0.0513,0.1667,True,True,True,3,2,vegetation,shrub_and_scrub
MH-002,2022->2023,56,144,-0.0994,0.0509,0.0500,True,False,True,2,2,unknown,unknown
MH-002,2022->2023,57,29,-0.0913,0.0638,0.0571,True,False,True,2,2,vegetation,trees
MH-002,2022->2023,57,31,-0.0879,0.0618,0.0898,True,True,True,3,2,vegetation,trees
MH-002,2022->2023,57,32,-0.1070,0.0723,0.0969,True,True,True,3,2,vegetation,trees
MH-002,2022->2023,57,33,-0.0912,0.0579,0.1143,True,True,True,3,2,vegetation,trees
MH-002,2022->2023,57,34,-0.0904,0.0597,0.1261,True,True,True,3,2,vegetation,trees
MH-002,2022->2023,57,35,-0.1014,0.0628,0.1037,True,True,True,3,2,vegetation,trees
MH-002,2022->2023,57,36,-0.1169,0.0902,0.1145,True,True,True,3,2,vegetation,trees
MH-002,2022->2023,57,37,-0.1564,0.1034,0.1103,True,True,True,3,2,vegetation,trees
MH-002,2022->2023,57,40,-0.1339,0.0830,0.0956,True,True,True,3,2,unknown,unknown
MH-002,2022->2023,57,41,-0.1046,0.0635,0.0700,True,False,True,2,2,unknown,unknown
MH-002,2022->2023,57,42,-0.0881,0.0607,0.0666,True,False,True,2,2,vegetation,trees
MH-002,2022->2023,57,44,-0.0758,0.0626,0.0770,False,True,True,2,2,vegetation,trees
MH-002,2022->2023,57,45,-0.0735,0.0530,0.0797,False,True,True,2,2,vegetation,trees
MH-002,2022->2023,57,46,-0.0696,0.0492,0.0834,False,True,True,2,2,vegetation,trees
MH-002,2022->2023,57,100,-0.2231,0.1067,0.1979,True,True,True,3,2,unknown,unknown
MH-002,2022->2023,57,101,-0.1903,0.0792,0.1649,True,True,True,3,2,unknown,unknown
MH-002,2022->2023,57,102,-0.1683,0.0891,0.1622,True,True,True,3,2,unknown,unknown
MH-002,2022->2023,57,103,-0.1342,0.0734,0.1427,True,True,True,3,2,unknown,unknown
MH-002,2022->2023,57,104,-0.1248,0.0547,0.1359,True,True,True,3,2,unknown,unknown
MH-002,2022->2023,57,105,-0.1212,0.0600,0.1484,True,True,True,3,2,unknown,unknown
MH-002,2022->2023,57,106,-0.1306,0.0614,0.1320,True,True,True,3,2,unknown,unknown
MH-002,2022->2023,57,107,-0.1247,0.0540,0.1320,True,True,True,3,2,unknown,unknown
MH-002,2022->2023,57,108,-0.1213,0.0584,0.1091,True,True,True,3,2,unknown,unknown
MH-002,2022->2023,57,109,-0.1123,0.0584,0.0978,True,True,True,3,2,unknown,unknown
MH-002,2022->2023,57,110,-0.0947,0.0371,0.0868,True,True,False,2,2,unknown,unknown
MH-002,2022->2023,57,111,-0.1137,0.0380,0.0966,True,True,False,2,2,unknown,unknown
MH-002,2022->2023,57,112,-0.1308,0.0478,0.0994,True,True,True,3,2,unknown,unknown
MH-002,2022->2023,57,113,-0.1402,0.0555,0.1105,True,True,True,3,2,unknown,unknown
MH-002,2022->2023,57,114,-0.1425,0.0533,0.1139,True,True,True,3,2,unknown,unknown
MH-002,2022->2023,57,115,-0.1253,0.0743,0.0914,True,True,True,3,2,vegetation,trees
MH-002,2022->2023,57,116,-0.0845,0.0769,0.0998,False,True,True,2,2,vegetation,trees
MH-002,2022->2023,57,117,-0.0820,0.0665,0.0909,False,True,True,2,2,vegetation,trees
MH-002,2022->2023,57,118,-0.1334,0.0797,0.0917,True,True,True,3,2,vegetation,trees
MH-002,2022->2023,57,119,-0.1432,0.0689,0.0764,True,True,True,3,2,unknown,unknown
MH-002,2022->2023,57,122,-0.0874,0.0558,0.0390,True,False,True,2,2,vegetation,shrub_and_scrub
MH-002,2022->2023,58,14,-0.0854,0.0497,0.0857,False,True,True,2,2,vegetation,trees
MH-002,2022->2023,58,31,-0.0903,0.0810,0.0776,True,True,True,3,2,vegetation,trees
MH-002,2022->2023,58,32,-0.1062,0.0833,0.1117,True,True,True,3,2,vegetation,trees
MH-002,2022->2023,58,33,-0.1158,0.0764,0.1273,True,True,True,3,2,vegetation,trees
MH-002,2022->2023,58,34,-0.1082,0.0615,0.1274,True,True,True,3,2,vegetation,trees
MH-002,2022->2023,58,35,-0.0832,0.0619,0.1063,False,True,True,2,2,vegetation,trees
MH-002,2022->2023,58,36,-0.0942,0.0671,0.0962,True,True,True,3,2,vegetation,trees
MH-002,2022->2023,58,37,-0.1086,0.0610,0.0839,True,True,True,3,2,vegetation,trees
MH-002,2022->2023,58,38,-0.1141,0.0695,0.0800,True,True,True,3,2,vegetation,trees
MH-002,2022->2023,58,42,-0.1219,0.0710,0.1043,True,True,True,3,2,unknown,unknown
MH-002,2022->2023,58,43,-0.0968,0.0700,0.0915,True,True,True,3,2,unknown,unknown
MH-002,2022->2023,58,44,-0.0972,0.0738,0.0965,True,True,True,3,2,vegetation,trees
MH-002,2022->2023,58,45,-0.0802,0.0612,0.0852,False,True,True,2,2,vegetation,trees
MH-002,2022->2023,58,46,-0.0756,0.0575,0.0793,False,True,True,2,2,vegetation,trees
MH-002,2022->2023,58,98,-0.1921,0.1014,0.1382,True,True,True,3,2,unknown,unknown
MH-002,2022->2023,58,99,-0.2391,0.1179,0.1931,True,True,True,3,2,unknown,unknown
MH-002,2022->2023,58,100,-0.1621,0.0691,0.1454,True,True,True,3,2,unknown,unknown
MH-002,2022->2023,58,101,-0.1542,0.0701,0.1471,True,True,True,3,2,unknown,unknown
MH-002,2022->2023,58,102,-0.1577,0.0764,0.1481,True,True,True,3,2,unknown,unknown
MH-002,2022->2023,58,103,-0.1165,0.0537,0.1146,True,True,True,3,2,unknown,unknown
MH-002,2022->2023,58,104,-0.1258,0.0635,0.1377,True,True,True,3,2,unknown,unknown
MH-002,2022->2023,58,105,-0.1146,0.0456,0.1217,True,True,False,2,2,unknown,unknown
MH-002,2022->2023,58,106,-0.1080,0.0558,0.1303,True,True,True,3,2,unknown,unknown
MH-002,2022->2023,58,107,-0.1197,0.0573,0.1106,True,True,True,3,2,unknown,unknown
MH-002,2022->2023,58,108,-0.1127,0.0447,0.0817,True,True,False,2,2,unknown,unknown
MH-002,2022->2023,58,111,-0.0969,0.0234,0.0995,True,True,False,2,2,unknown,unknown
MH-002,2022->2023,58,112,-0.1123,0.0300,0.0797,True,True,False,2,2,unknown,unknown
MH-002,2022->2023,58,113,-0.1141,0.0476,0.0653,True,False,True,2,2,unknown,unknown
MH-002,2022->2023,58,114,-0.1440,0.0740,0.0924,True,True,True,3,2,unknown,unknown
MH-002,2022->2023,58,115,-0.0953,0.0484,0.0806,True,True,True,3,2,vegetation,trees
MH-002,2022->2023,58,117,-0.0514,0.0556,0.0851,False,True,True,2,2,vegetation,trees
MH-002,2022->2023,58,118,-0.1210,0.0906,0.0989,True,True,True,3,2,vegetation,trees
MH-002,2022->2023,58,119,-0.1011,0.0534,0.0457,True,False,True,2,2,vegetation,shrub_and_scrub
MH-002,2022->2023,58,123,-0.0963,0.0594,0.0508,True,False,True,2,2,vegetation,shrub_and_scrub
MH-002,2022->2023,58,142,-0.0923,0.0545,0.0518,True,False,True,2,2,unknown,unknown
MH-002,2022->2023,59,14,-0.1210,0.0537,0.1155,True,True,True,3,2,vegetation,trees
MH-002,2022->2023,59,15,-0.1043,0.0466,0.0893,True,True,False,2,2,vegetation,trees
MH-002,2022->2023,59,24,-0.0894,0.0484,0.0467,True,False,True,2,2,unknown,unknown
MH-002,2022->2023,59,31,-0.0906,0.0882,0.0712,True,False,True,2,2,vegetation,trees
MH-002,2022->2023,59,32,-0.0890,0.0780,0.0874,True,True,True,3,2,vegetation,trees
MH-002,2022->2023,59,33,-0.1067,0.0755,0.1167,True,True,True,3,2,vegetation,trees
MH-002,2022->2023,59,34,-0.1195,0.0720,0.1225,True,True,True,3,2,vegetation,trees
MH-002,2022->2023,59,35,-0.1122,0.0665,0.1169,True,True,True,3,2,vegetation,trees
MH-002,2022->2023,59,37,-0.0780,0.0494,0.0825,False,True,True,2,2,vegetation,trees
MH-002,2022->2023,59,38,-0.1145,0.0707,0.0905,True,True,True,3,2,vegetation,trees
MH-002,2022->2023,59,39,-0.1198,0.0787,0.1142,True,True,True,3,2,vegetation,trees
MH-002,2022->2023,59,43,-0.1071,0.0665,0.0881,True,True,True,3,2,unknown,unknown
MH-002,2022->2023,59,44,-0.1057,0.0730,0.1014,True,True,True,3,2,unknown,unknown
MH-002,2022->2023,59,45,-0.1007,0.0671,0.0973,True,True,True,3,2,vegetation,trees
MH-002,2022->2023,59,46,-0.1104,0.0682,0.1049,True,True,True,3,2,vegetation,trees
MH-002,2022->2023,59,47,-0.0996,0.0572,0.0890,True,True,True,3,2,vegetation,trees
MH-002,2022->2023,59,54,-0.0955,0.0555,0.0536,True,False,True,2,2,vegetation,trees
MH-002,2022->2023,59,61,-0.0882,0.0367,0.0753,True,True,False,2,2,unknown,unknown
MH-002,2022->2023,59,97,-0.2046,0.1215,0.1508,True,True,True,3,2,unknown,unknown
MH-002,2022->2023,59,98,-0.2176,0.1391,0.1765,True,True,True,3,2,unknown,unknown
MH-002,2022->2023,59,99,-0.1999,0.1081,0.1710,True,True,True,3,2,unknown,unknown
MH-002,2022->2023,59,100,-0.1678,0.0638,0.1362,True,True,True,3,2,unknown,unknown
MH-002,2022->2023,59,101,-0.1335,0.0450,0.1341,True,True,False,2,2,unknown,unknown
MH-002,2022->2023,59,102,-0.1491,0.0483,0.1231,True,True,True,3,2,unknown,unknown
MH-002,2022->2023,59,103,-0.1232,0.0457,0.1177,True,True,False,2,2,unknown,unknown
MH-002,2022->2023,59,104,-0.1101,0.0326,0.1110,True,True,False,2,2,unknown,unknown
MH-002,2022->2023,59,105,-0.1116,0.0405,0.1226,True,True,False,2,2,unknown,unknown
MH-002,2022->2023,59,106,-0.1139,0.0593,0.1330,True,True,True,3,2,unknown,unknown
MH-002,2022->2023,59,107,-0.0893,0.0447,0.0859,True,True,False,2,2,unknown,unknown
MH-002,2022->2023,59,118,-0.1163,0.0831,0.0783,True,True,True,3,2,vegetation,trees
MH-002,2022->2023,59,122,-0.0838,0.0488,0.0787,False,True,True,2,2,vegetation,shrub_and_scrub
MH-002,2022->2023,60,15,-0.0982,0.0446,0.0820,True,True,False,2,2,vegetation,trees
MH-002,2022->2023,60,33,-0.0859,0.0634,0.0809,False,True,True,2,2,vegetation,trees
MH-002,2022->2023,60,34,-0.0788,0.0521,0.0798,False,True,True,2,2,vegetation,trees
MH-002,2022->2023,60,35,-0.0885,0.0583,0.0798,True,True,True,3,2,vegetation,trees
MH-002,2022->2023,60,36,-0.0832,0.0543,0.0927,False,True,True,2,2,vegetation,trees
MH-002,2022->2023,60,37,-0.0750,0.0537,0.0965,False,True,True,2,2,vegetation,trees
MH-002,2022->2023,60,38,-0.0858,0.0516,0.0761,False,True,True,2,2,vegetation,trees
MH-002,2022->2023,60,39,-0.0949,0.0718,0.0858,True,True,True,3,2,vegetation,trees
MH-002,2022->2023,60,40,-0.1071,0.0769,0.0806,True,True,True,3,2,vegetation,trees
MH-002,2022->2023,60,44,-0.1498,0.0864,0.1286,True,True,True,3,2,unknown,unknown
MH-002,2022->2023,60,45,-0.1182,0.0802,0.1142,True,True,True,3,2,unknown,unknown
MH-002,2022->2023,60,46,-0.1082,0.0798,0.1084,True,True,True,3,2,vegetation,trees
MH-002,2022->2023,60,47,-0.0980,0.0632,0.0979,True,True,True,3,2,vegetation,trees
MH-002,2022->2023,60,48,-0.1025,0.0603,0.0965,True,True,True,3,2,vegetation,trees
MH-002,2022->2023,60,49,-0.1040,0.0545,0.0961,True,True,True,3,2,vegetation,trees
MH-002,2022->2023,60,51,-0.0907,0.0530,0.0592,True,False,True,2,2,vegetation,trees
MH-002,2022->2023,60,64,-0.0619,0.0525,0.0800,False,True,True,2,2,vegetation,trees
MH-002,2022->2023,60,65,-0.0662,0.0499,0.0813,False,True,True,2,2,vegetation,trees
MH-002,2022->2023,60,70,-0.0910,0.0522,0.0862,True,True,True,3,2,vegetation,trees
MH-002,2022->2023,60,96,-0.1771,0.1063,0.1008,True,True,True,3,2,unknown,unknown
MH-002,2022->2023,60,97,-0.1994,0.0947,0.1382,True,True,True,3,2,unknown,unknown
MH-002,2022->2023,60,98,-0.1781,0.0814,0.1352,True,True,True,3,2,unknown,unknown
MH-002,2022->2023,60,99,-0.1472,0.0718,0.1100,True,True,True,3,2,unknown,unknown
MH-002,2022->2023,60,100,-0.1328,0.0743,0.1036,True,True,True,3,2,unknown,unknown
MH-002,2022->2023,60,101,-0.1453,0.0762,0.1099,True,True,True,3,2,unknown,unknown
MH-002,2022->2023,60,102,-0.1209,0.0487,0.1132,True,True,True,3,2,unknown,unknown
MH-002,2022->2023,60,103,-0.1076,0.0535,0.0840,True,True,True,3,2,unknown,unknown
MH-002,2022->2023,60,105,-0.1006,0.0482,0.1112,True,True,True,3,2,unknown,unknown
MH-002,2022->2023,60,106,-0.1035,0.0518,0.1213,True,True,True,3,2,unknown,unknown
MH-002,2022->2023,60,107,-0.0940,0.0491,0.0991,True,True,True,3,2,unknown,unknown
MH-002,2022->2023,60,108,-0.1028,0.0304,0.0750,True,True,False,2,2,unknown,unknown
MH-002,2022->2023,60,112,-0.0958,0.0351,0.0731,True,True,False,2,2,unknown,unknown
MH-002,2022->2023,60,118,-0.1155,0.0659,0.0947,True,True,True,3,2,vegetation,trees
MH-002,2022->2023,60,119,-0.1173,0.0609,0.1057,True,True,True,3,2,vegetation,trees
MH-002,2022->2023,61,36,-0.0762,0.0586,0.0806,False,True,True,2,2,vegetation,trees
MH-002,2022->2023,61,37,-0.0817,0.0685,0.1007,False,True,True,2,2,vegetation,trees
MH-002,2022->2023,61,38,-0.0746,0.0590,0.0817,False,True,True,2,2,vegetation,trees
MH-002,2022->2023,61,39,-0.0765,0.0591,0.0753,False,True,True,2,2,vegetation,trees
MH-002,2022->2023,61,40,-0.1011,0.0729,0.0863,True,True,True,3,2,vegetation,trees
MH-002,2022->2023,61,41,-0.1234,0.0867,0.1144,True,True,True,3,2,vegetation,trees
MH-002,2022->2023,61,46,-0.1255,0.0840,0.1170,True,True,True,3,2,unknown,unknown
MH-002,2022->2023,61,47,-0.1237,0.0803,0.1191,True,True,True,3,2,unknown,unknown
MH-002,2022->2023,61,48,-0.1263,0.0732,0.1153,True,True,True,3,2,vegetation,trees
MH-002,2022->2023,61,49,-0.1054,0.0514,0.0970,True,True,True,3,2,vegetation,trees
MH-002,2022->2023,61,50,-0.0984,0.0681,0.1001,True,True,True,3,2,vegetation,trees
MH-002,2022->2023,61,51,-0.1077,0.0632,0.0881,True,True,True,3,2,vegetation,trees
MH-002,2022->2023,61,70,-0.0743,0.0522,0.0860,False,True,True,2,2,vegetation,trees
MH-002,2022->2023,61,71,-0.0905,0.0485,0.0895,True,True,True,3,2,vegetation,trees
MH-002,2022->2023,61,73,-0.1099,0.0448,0.0960,True,True,False,2,2,vegetation,trees
MH-002,2022->2023,61,95,-0.1475,0.0821,0.0802,True,True,True,3,2,unknown,unknown
MH-002,2022->2023,61,96,-0.1941,0.1125,0.1445,True,True,True,3,2,unknown,unknown
MH-002,2022->2023,61,97,-0.1650,0.0758,0.1038,True,True,True,3,2,unknown,unknown
MH-002,2022->2023,61,98,-0.1490,0.0698,0.0973,True,True,True,3,2,unknown,unknown
MH-002,2022->2023,61,99,-0.1523,0.0593,0.1237,True,True,True,3,2,unknown,unknown
MH-002,2022->2023,61,100,-0.1516,0.0513,0.1174,True,True,True,3,2,unknown,unknown
MH-002,2022->2023,61,101,-0.1346,0.0730,0.1134,True,True,True,3,2,unknown,unknown
MH-002,2022->2023,61,102,-0.1520,0.0800,0.1151,True,True,True,3,2,unknown,unknown
MH-002,2022->2023,61,104,-0.0900,0.0436,0.0910,True,True,False,2,2,unknown,unknown
MH-002,2022->2023,61,105,-0.0895,0.0568,0.0921,True,True,True,3,2,unknown,unknown
MH-002,2022->2023,61,107,-0.0905,0.0325,0.0809,True,True,False,2,2,unknown,unknown
MH-002,2022->2023,61,108,-0.0945,0.0308,0.0744,True,True,False,2,2,unknown,unknown
MH-002,2022->2023,61,116,-0.0832,0.0572,0.0773,False,True,True,2,2,vegetation,trees
MH-002,2022->2023,61,117,-0.0856,0.0568,0.0943,False,True,True,2,2,vegetation,trees
MH-002,2022->2023,61,119,-0.1183,0.0428,0.0823,True,True,False,2,2,vegetation,trees
MH-002,2022->2023,61,120,-0.1009,0.0681,0.0757,True,True,True,3,2,unknown,unknown
MH-002,2022->2023,61,121,-0.1539,0.0773,0.0786,True,True,True,3,2,vegetation,shrub_and_scrub
MH-002,2022->2023,61,148,-0.0965,0.0377,0.1238,True,True,False,2,2,unknown,unknown
MH-002,2022->2023,62,36,-0.0877,0.0581,0.0732,True,True,True,3,2,vegetation,trees
MH-002,2022->2023,62,37,-0.0894,0.0633,0.0867,True,True,True,3,2,vegetation,trees
MH-002,2022->2023,62,38,-0.0714,0.0653,0.0742,False,True,True,2,2,vegetation,trees
MH-002,2022->2023,62,39,-0.0795,0.0560,0.0869,False,True,True,2,2,vegetation,trees
MH-002,2022->2023,62,40,-0.0793,0.0481,0.0902,False,True,True,2,2,vegetation,trees
MH-002,2022->2023,62,41,-0.0922,0.0595,0.0929,True,True,True,3,2,vegetation,trees
MH-002,2022->2023,62,42,-0.0824,0.0512,0.0778,False,True,True,2,2,vegetation,trees
MH-002,2022->2023,62,43,-0.0820,0.0588,0.0971,False,True,True,2,2,vegetation,trees
MH-002,2022->2023,62,48,-0.1514,0.0874,0.1427,True,True,True,3,2,unknown,unknown
MH-002,2022->2023,62,49,-0.1500,0.0824,0.1319,True,True,True,3,2,unknown,unknown
MH-002,2022->2023,62,50,-0.1469,0.0809,0.1288,True,True,True,3,2,vegetation,trees
MH-002,2022->2023,62,51,-0.1483,0.0795,0.1194,True,True,True,3,2,vegetation,trees
MH-002,2022->2023,62,52,-0.1042,0.0567,0.0671,True,False,True,2,2,vegetation,trees
MH-002,2022->2023,62,53,-0.1064,0.0566,0.0861,True,True,True,3,2,vegetation,trees
MH-002,2022->2023,62,62,-0.1129,0.0511,0.0976,True,True,True,3,2,unknown,unknown
MH-002,2022->2023,62,63,-0.1108,0.0508,0.0857,True,True,True,3,2,unknown,unknown
MH-002,2022->2023,62,64,-0.0920,0.0455,0.0847,True,True,False,2,2,unknown,unknown
MH-002,2022->2023,62,65,-0.0732,0.0485,0.0860,False,True,True,2,2,vegetation,trees
MH-002,2022->2023,62,66,-0.0913,0.0411,0.0867,True,True,False,2,2,vegetation,trees
MH-002,2022->2023,62,68,-0.0910,0.0556,0.0822,True,True,True,3,2,vegetation,trees
MH-002,2022->2023,62,69,-0.0871,0.0490,0.0653,True,False,True,2,2,vegetation,trees
MH-002,2022->2023,62,72,-0.1185,0.0604,0.0944,True,True,True,3,2,vegetation,trees
MH-002,2022->2023,62,88,-0.2558,0.1083,0.2057,True,True,True,3,2,unknown,unknown
MH-002,2022->2023,62,89,-0.2628,0.1251,0.2104,True,True,True,3,2,unknown,unknown
MH-002,2022->2023,62,93,-0.1843,0.1135,0.1063,True,True,True,3,2,unknown,unknown
MH-002,2022->2023,62,94,-0.2434,0.1501,0.1820,True,True,True,3,2,unknown,unknown
MH-002,2022->2023,62,95,-0.2034,0.1112,0.1586,True,True,True,3,2,unknown,unknown
MH-002,2022->2023,62,96,-0.1808,0.0802,0.1446,True,True,True,3,2,unknown,unknown
MH-002,2022->2023,62,97,-0.1638,0.0735,0.1258,True,True,True,3,2,unknown,unknown
MH-002,2022->2023,62,98,-0.1444,0.0695,0.1045,True,True,True,3,2,unknown,unknown
MH-002,2022->2023,62,99,-0.1486,0.0733,0.1192,True,True,True,3,2,unknown,unknown
MH-002,2022->2023,62,100,-0.1330,0.0531,0.1167,True,True,True,3,2,unknown,unknown
MH-002,2022->2023,62,101,-0.1145,0.0515,0.1000,True,True,True,3,2,unknown,unknown
MH-002,2022->2023,62,104,-0.0892,0.0471,0.0875,True,True,True,3,2,unknown,unknown
MH-002,2022->2023,62,107,-0.1048,0.0358,0.0901,True,True,False,2,2,unknown,unknown
MH-002,2022->2023,62,108,-0.0981,0.0295,0.0792,True,True,False,2,2,unknown,unknown
MH-002,2022->2023,62,114,-0.1416,0.0809,0.0794,True,True,True,3,2,unknown,unknown
MH-002,2022->2023,62,115,-0.1041,0.0717,0.0563,True,False,True,2,2,vegetation,trees
MH-002,2022->2023,62,116,-0.0854,0.0638,0.0759,False,True,True,2,2,vegetation,trees
MH-002,2022->2023,62,117,-0.0926,0.0761,0.0921,True,True,True,3,2,vegetation,trees
MH-002,2022->2023,62,155,-0.0498,0.0542,0.0823,False,True,True,2,2,unknown,unknown
MH-002,2022->2023,63,36,-0.0788,0.0672,0.0855,False,True,True,2,2,vegetation,trees
MH-002,2022->2023,63,37,-0.0796,0.0521,0.0997,False,True,True,2,2,vegetation,trees
MH-002,2022->2023,63,38,-0.0753,0.0576,0.0760,False,True,True,2,2,vegetation,trees
MH-002,2022->2023,63,39,-0.0789,0.0540,0.0752,False,True,True,2,2,vegetation,trees
MH-002,2022->2023,63,41,-0.0927,0.0500,0.0912,True,True,True,3,2,vegetation,trees
MH-002,2022->2023,63,42,-0.0937,0.0475,0.0925,True,True,True,3,2,vegetation,trees
MH-002,2022->2023,63,43,-0.0753,0.0526,0.0842,False,True,True,2,2,vegetation,trees
MH-002,2022->2023,63,44,-0.0839,0.0656,0.0869,False,True,True,2,2,vegetation,trees
MH-002,2022->2023,63,45,-0.1226,0.0934,0.1318,True,True,True,3,2,vegetation,trees
MH-002,2022->2023,63,63,-0.1405,0.0718,0.1104,True,True,True,3,2,unknown,unknown
MH-002,2022->2023,63,64,-0.1278,0.0623,0.1170,True,True,True,3,2,unknown,unknown
MH-002,2022->2023,63,65,-0.1228,0.0561,0.1127,True,True,True,3,2,unknown,unknown
MH-002,2022->2023,63,66,-0.1186,0.0586,0.1120,True,True,True,3,2,vegetation,trees
MH-002,2022->2023,63,67,-0.1083,0.0658,0.1109,True,True,True,3,2,vegetation,trees
MH-002,2022->2023,63,68,-0.1343,0.0761,0.1307,True,True,True,3,2,vegetation,trees
MH-002,2022->2023,63,69,-0.1289,0.0467,0.0802,True,True,False,2,2,vegetation,trees
MH-002,2022->2023,63,70,-0.1265,0.0376,0.0747,True,True,False,2,2,vegetation,trees
MH-002,2022->2023,63,72,-0.1202,0.0477,0.0860,True,True,True,3,2,vegetation,trees
MH-002,2022->2023,63,88,-0.1983,0.0687,0.1613,True,True,True,3,2,unknown,unknown
MH-002,2022->2023,63,89,-0.2053,0.0995,0.1651,True,True,True,3,2,unknown,unknown
MH-002,2022->2023,63,90,-0.2203,0.1107,0.1681,True,True,True,3,2,unknown,unknown
MH-002,2022->2023,63,91,-0.2016,0.1190,0.1553,True,True,True,3,2,unknown,unknown
MH-002,2022->2023,63,92,-0.2074,0.1304,0.1455,True,True,True,3,2,unknown,unknown
MH-002,2022->2023,63,93,-0.2435,0.1470,0.1975,True,True,True,3,2,unknown,unknown
MH-002,2022->2023,63,94,-0.2195,0.1096,0.1957,True,True,True,3,2,unknown,unknown
MH-002,2022->2023,63,95,-0.2181,0.1141,0.1895,True,True,True,3,2,unknown,unknown
MH-002,2022->2023,63,96,-0.1946,0.0931,0.1583,True,True,True,3,2,unknown,unknown
MH-002,2022->2023,63,97,-0.1787,0.0765,0.1412,True,True,True,3,2,unknown,unknown
MH-002,2022->2023,63,98,-0.1738,0.0778,0.1486,True,True,True,3,2,unknown,unknown
MH-002,2022->2023,63,99,-0.1454,0.0673,0.1365,True,True,True,3,2,unknown,unknown
MH-002,2022->2023,63,100,-0.1222,0.0606,0.1314,True,True,True,3,2,unknown,unknown
MH-002,2022->2023,63,101,-0.1150,0.0480,0.1148,True,True,True,3,2,unknown,unknown
MH-002,2022->2023,63,102,-0.1058,0.0349,0.0813,True,True,False,2,2,unknown,unknown
MH-002,2022->2023,63,104,-0.1197,0.0375,0.0808,True,True,False,2,2,unknown,unknown
MH-002,2022->2023,63,105,-0.0989,0.0393,0.0878,True,True,False,2,2,unknown,unknown
MH-002,2022->2023,63,106,-0.0937,0.0368,0.0897,True,True,False,2,2,unknown,unknown
MH-002,2022->2023,63,109,-0.1334,0.0499,0.0877,True,True,True,3,2,unknown,unknown
MH-002,2022->2023,63,115,-0.1021,0.0569,0.0687,True,False,True,2,2,vegetation,trees
MH-002,2022->2023,63,116,-0.1397,0.0645,0.1020,True,True,True,3,2,vegetation,trees
MH-002,2022->2023,63,117,-0.1487,0.0789,0.0926,True,True,True,3,2,vegetation,trees
MH-002,2022->2023,63,118,-0.1336,0.0759,0.0647,True,False,True,2,2,vegetation,trees
MH-002,2022->2023,63,120,-0.1509,0.0803,0.1475,True,True,True,3,2,vegetation,trees
MH-002,2022->2023,63,121,-0.1240,0.0432,0.0872,True,True,False,2,2,vegetation,trees
MH-002,2022->2023,64,23,-0.1004,0.0358,0.0745,True,True,False,2,2,vegetation,trees
MH-002,2022->2023,64,35,-0.0682,0.0667,0.0758,False,True,True,2,2,vegetation,trees
MH-002,2022->2023,64,38,-0.0732,0.0507,0.0844,False,True,True,2,2,vegetation,trees
MH-002,2022->2023,64,39,-0.0633,0.0500,0.0757,False,True,True,2,2,vegetation,trees
MH-002,2022->2023,64,40,-0.0727,0.0488,0.0846,False,True,True,2,2,vegetation,trees
MH-002,2022->2023,64,43,-0.0659,0.0498,0.0782,False,True,True,2,2,vegetation,trees
MH-002,2022->2023,64,44,-0.0962,0.0742,0.1127,True,True,True,3,2,vegetation,trees
MH-002,2022->2023,64,45,-0.1099,0.0780,0.1316,True,True,True,3,2,vegetation,trees
MH-002,2022->2023,64,46,-0.1181,0.0798,0.1363,True,True,True,3,2,vegetation,trees
MH-002,2022->2023,64,47,-0.1392,0.0880,0.1394,True,True,True,3,2,vegetation,trees
MH-002,2022->2023,64,48,-0.1558,0.0872,0.1538,True,True,True,3,2,vegetation,trees
MH-002,2022->2023,64,49,-0.1504,0.0727,0.1440,True,True,True,3,2,vegetation,trees
MH-002,2022->2023,64,50,-0.1478,0.0722,0.1413,True,True,True,3,2,vegetation,trees
MH-002,2022->2023,64,64,-0.1733,0.0751,0.1561,True,True,True,3,2,unknown,unknown
MH-002,2022->2023,64,65,-0.1817,0.0703,0.1559,True,True,True,3,2,unknown,unknown
MH-002,2022->2023,64,66,-0.1663,0.0816,0.1472,True,True,True,3,2,unknown,unknown
MH-002,2022->2023,64,67,-0.1584,0.0866,0.1339,True,True,True,3,2,vegetation,trees
MH-002,2022->2023,64,68,-0.1557,0.0672,0.0878,True,True,True,3,2,vegetation,trees
MH-002,2022->2023,64,69,-0.1430,0.0521,0.0579,True,False,True,2,2,vegetation,trees
MH-002,2022->2023,64,87,-0.1493,0.0533,0.1414,True,True,True,3,2,unknown,unknown
MH-002,2022->2023,64,88,-0.1629,0.0595,0.1665,True,True,True,3,2,unknown,unknown
MH-002,2022->2023,64,89,-0.1690,0.0693,0.1707,True,True,True,3,2,unknown,unknown
MH-002,2022->2023,64,90,-0.1911,0.0909,0.1533,True,True,True,3,2,unknown,unknown
MH-002,2022->2023,64,91,-0.2262,0.1135,0.1861,True,True,True,3,2,unknown,unknown
MH-002,2022->2023,64,92,-0.2168,0.0970,0.1899,True,True,True,3,2,unknown,unknown
MH-002,2022->2023,64,93,-0.1979,0.0916,0.1898,True,True,True,3,2,unknown,unknown
MH-002,2022->2023,64,94,-0.1675,0.0831,0.1611,True,True,True,3,2,unknown,unknown
MH-002,2022->2023,64,95,-0.1660,0.0691,0.1424,True,True,True,3,2,unknown,unknown
MH-002,2022->2023,64,96,-0.1707,0.0658,0.1430,True,True,True,3,2,unknown,unknown
MH-002,2022->2023,64,97,-0.1571,0.0640,0.1322,True,True,True,3,2,unknown,unknown
MH-002,2022->2023,64,104,-0.1435,0.0566,0.0732,True,True,True,3,2,unknown,unknown
MH-002,2022->2023,64,109,-0.0908,0.0341,0.1029,True,True,False,2,2,unknown,unknown
MH-002,2022->2023,64,117,-0.1100,0.0433,0.0817,True,True,False,2,2,vegetation,trees
MH-002,2022->2023,64,118,-0.1060,0.0566,0.0621,True,False,True,2,2,vegetation,trees
MH-002,2022->2023,64,119,-0.1233,0.0504,0.0770,True,True,True,3,2,vegetation,trees
MH-002,2022->2023,64,126,-0.0943,0.0564,0.0604,True,False,True,2,2,unknown,unknown
MH-002,2022->2023,65,23,-0.1037,0.0413,0.0739,True,True,False,2,2,vegetation,trees
MH-002,2022->2023,65,33,-0.0875,0.0483,0.0869,True,True,True,3,2,vegetation,trees
MH-002,2022->2023,65,35,-0.0752,0.0598,0.0987,False,True,True,2,2,vegetation,trees
MH-002,2022->2023,65,36,-0.0827,0.0638,0.0971,False,True,True,2,2,vegetation,trees
MH-002,2022->2023,65,37,-0.0732,0.0484,0.0753,False,True,True,2,2,vegetation,trees
MH-002,2022->2023,65,43,-0.0728,0.0564,0.0959,False,True,True,2,2,vegetation,trees
MH-002,2022->2023,65,44,-0.0963,0.0778,0.1221,True,True,True,3,2,vegetation,trees
MH-002,2022->2023,65,45,-0.1058,0.0756,0.1107,True,True,True,3,2,vegetation,trees
MH-002,2022->2023,65,46,-0.1187,0.0791,0.1123,True,True,True,3,2,vegetation,trees
MH-002,2022->2023,65,47,-0.1283,0.0812,0.1247,True,True,True,3,2,vegetation,trees
MH-002,2022->2023,65,48,-0.1320,0.0746,0.1328,True,True,True,3,2,vegetation,trees
MH-002,2022->2023,65,49,-0.1432,0.0751,0.1302,True,True,True,3,2,vegetation,trees
MH-002,2022->2023,65,50,-0.1365,0.0784,0.1270,True,True,True,3,2,vegetation,trees
MH-002,2022->2023,65,51,-0.1408,0.0842,0.1322,True,True,True,3,2,vegetation,trees
MH-002,2022->2023,65,52,-0.1730,0.0871,0.1547,True,True,True,3,2,vegetation,trees
MH-002,2022->2023,65,53,-0.1697,0.0882,0.1417,True,True,True,3,2,vegetation,trees
MH-002,2022->2023,65,54,-0.1811,0.0912,0.1381,True,True,True,3,2,vegetation,trees
MH-002,2022->2023,65,86,-0.1347,0.0469,0.1272,True,True,True,3,2,unknown,unknown
MH-002,2022->2023,65,87,-0.1655,0.0587,0.1453,True,True,True,3,2,unknown,unknown
MH-002,2022->2023,65,88,-0.1503,0.0645,0.1515,True,True,True,3,2,unknown,unknown
MH-002,2022->2023,65,89,-0.1636,0.0536,0.1504,True,True,True,3,2,unknown,unknown
MH-002,2022->2023,65,90,-0.1539,0.0682,0.1320,True,True,True,3,2,unknown,unknown
MH-002,2022->2023,65,91,-0.1637,0.0786,0.1395,True,True,True,3,2,vegetation,trees
MH-002,2022->2023,65,92,-0.1660,0.0701,0.1313,True,True,True,3,2,unknown,unknown
MH-002,2022->2023,65,93,-0.1502,0.0612,0.1208,True,True,True,3,2,unknown,unknown
MH-002,2022->2023,65,94,-0.1480,0.0590,0.1208,True,True,True,3,2,unknown,unknown
MH-002,2022->2023,65,95,-0.1556,0.0447,0.1212,True,True,False,2,2,unknown,unknown
MH-002,2022->2023,65,96,-0.1452,0.0328,0.1091,True,True,False,2,2,unknown,unknown
MH-002,2022->2023,65,97,-0.1182,0.0306,0.1025,True,True,False,2,2,unknown,unknown
MH-002,2022->2023,65,104,-0.1366,0.0395,0.0794,True,True,False,2,2,unknown,unknown
MH-002,2022->2023,65,108,-0.1143,0.0375,0.0946,True,True,False,2,2,unknown,unknown
MH-002,2022->2023,65,109,-0.1522,0.0676,0.1471,True,True,True,3,2,unknown,unknown
MH-002,2022->2023,65,110,-0.1135,0.0414,0.1008,True,True,False,2,2,unknown,unknown
MH-002,2022->2023,65,117,-0.1004,0.0544,0.0873,True,True,True,3,2,vegetation,trees
MH-002,2022->2023,66,35,-0.0837,0.0527,0.0993,False,True,True,2,2,vegetation,trees
MH-002,2022->2023,66,36,-0.0733,0.0590,0.0901,False,True,True,2,2,vegetation,trees
MH-002,2022->2023,66,37,-0.0893,0.0552,0.0967,True,True,True,3,2,vegetation,trees
MH-002,2022->2023,66,41,-0.1001,0.0503,0.0845,True,True,True,3,2,vegetation,trees
MH-002,2022->2023,66,45,-0.0954,0.0655,0.0848,True,True,True,3,2,vegetation,trees
MH-002,2022->2023,66,46,-0.1080,0.0787,0.0980,True,True,True,3,2,vegetation,trees
MH-002,2022->2023,66,47,-0.1101,0.0636,0.1073,True,True,True,3,2,vegetation,trees
MH-002,2022->2023,66,48,-0.0962,0.0514,0.0919,True,True,True,3,2,vegetation,trees
MH-002,2022->2023,66,49,-0.1060,0.0568,0.1014,True,True,True,3,2,vegetation,trees
MH-002,2022->2023,66,50,-0.1249,0.0751,0.1272,True,True,True,3,2,vegetation,trees
MH-002,2022->2023,66,51,-0.1178,0.0626,0.1299,True,True,True,3,2,vegetation,trees
MH-002,2022->2023,66,52,-0.1093,0.0531,0.0991,True,True,True,3,2,vegetation,trees
MH-002,2022->2023,66,53,-0.1209,0.0651,0.0933,True,True,True,3,2,vegetation,trees
MH-002,2022->2023,66,54,-0.1469,0.0765,0.1293,True,True,True,3,2,vegetation,trees
MH-002,2022->2023,66,55,-0.1466,0.0782,0.1222,True,True,True,3,2,vegetation,trees
MH-002,2022->2023,66,56,-0.1673,0.0836,0.1224,True,True,True,3,2,vegetation,trees
MH-002,2022->2023,66,85,-0.1126,0.0383,0.1079,True,True,False,2,2,unknown,unknown
MH-002,2022->2023,66,86,-0.1230,0.0516,0.1110,True,True,True,3,2,unknown,unknown
MH-002,2022->2023,66,87,-0.1339,0.0587,0.1410,True,True,True,3,2,unknown,unknown
MH-002,2022->2023,66,88,-0.1245,0.0549,0.1267,True,True,True,3,2,unknown,unknown
MH-002,2022->2023,66,89,-0.1233,0.0375,0.1015,True,True,False,2,2,unknown,unknown
MH-002,2022->2023,66,90,-0.1330,0.0470,0.1048,True,True,True,3,2,vegetation,trees
MH-002,2022->2023,66,91,-0.1303,0.0518,0.1061,True,True,True,3,2,vegetation,trees
MH-002,2022->2023,66,92,-0.1249,0.0476,0.1046,True,True,True,3,2,unknown,unknown
MH-002,2022->2023,66,93,-0.0981,0.0451,0.0884,True,True,False,2,2,unknown,unknown
MH-002,2022->2023,66,95,-0.1066,0.0186,0.0790,True,True,False,2,2,unknown,unknown
MH-002,2022->2023,66,106,-0.1142,0.0174,0.0856,True,True,False,2,2,unknown,unknown
MH-002,2022->2023,66,107,-0.0950,0.0289,0.1061,True,True,False,2,2,unknown,unknown
MH-002,2022->2023,66,108,-0.0980,0.0345,0.1073,True,True,False,2,2,unknown,unknown
MH-002,2022->2023,66,109,-0.0955,0.0245,0.0774,True,True,False,2,2,unknown,unknown
MH-002,2022->2023,66,115,-0.0915,0.0166,0.0805,True,True,False,2,2,vegetation,shrub_and_scrub
MH-002,2022->2023,66,131,-0.1068,0.0513,0.0723,True,False,True,2,2,vegetation,shrub_and_scrub
MH-002,2022->2023,67,36,-0.0599,0.0494,0.0781,False,True,True,2,2,vegetation,trees
MH-002,2022->2023,67,37,-0.1013,0.0462,0.0796,True,True,False,2,2,vegetation,trees
MH-002,2022->2023,67,38,-0.0857,0.0483,0.0969,False,True,True,2,2,vegetation,trees
MH-002,2022->2023,67,44,-0.0831,0.0555,0.0755,False,True,True,2,2,vegetation,trees
MH-002,2022->2023,67,45,-0.0811,0.0559,0.0895,False,True,True,2,2,vegetation,trees
MH-002,2022->2023,67,46,-0.0945,0.0624,0.1072,True,True,True,3,2,vegetation,trees
MH-002,2022->2023,67,47,-0.0980,0.0538,0.1092,True,True,True,3,2,vegetation,trees
MH-002,2022->2023,67,48,-0.0930,0.0456,0.1021,True,True,False,2,2,vegetation,trees
MH-002,2022->2023,67,49,-0.0937,0.0504,0.1060,True,True,True,3,2,vegetation,trees
MH-002,2022->2023,67,50,-0.0980,0.0562,0.1064,True,True,True,3,2,vegetation,trees
MH-002,2022->2023,67,51,-0.0985,0.0638,0.0996,True,True,True,3,2,vegetation,trees
MH-002,2022->2023,67,52,-0.1053,0.0676,0.0975,True,True,True,3,2,vegetation,trees
MH-002,2022->2023,67,53,-0.1192,0.0740,0.0937,True,True,True,3,2,vegetation,trees
MH-002,2022->2023,67,54,-0.1672,0.0736,0.1413,True,True,True,3,2,vegetation,trees
MH-002,2022->2023,67,55,-0.1680,0.0909,0.1288,True,True,True,3,2,vegetation,trees
MH-002,2022->2023,67,56,-0.1694,0.0880,0.1148,True,True,True,3,2,vegetation,trees
MH-002,2022->2023,67,57,-0.1536,0.0732,0.0951,True,True,True,3,2,vegetation,trees
MH-002,2022->2023,67,84,-0.0914,0.0331,0.0805,True,True,False,2,2,unknown,unknown
MH-002,2022->2023,67,85,-0.1208,0.0461,0.1028,True,True,False,2,2,unknown,unknown
MH-002,2022->2023,67,86,-0.1042,0.0445,0.0881,True,True,False,2,2,unknown,unknown
MH-002,2022->2023,67,87,-0.1109,0.0348,0.0973,True,True,False,2,2,unknown,unknown
MH-002,2022->2023,67,89,-0.1008,0.0334,0.0814,True,True,False,2,2,vegetation,trees
MH-002,2022->2023,67,95,-0.0878,0.0229,0.0777,True,True,False,2,2,unknown,unknown
MH-002,2022->2023,67,107,-0.0905,0.0402,0.1162,True,True,False,2,2,unknown,unknown
MH-002,2022->2023,67,108,-0.1079,0.0201,0.1005,True,True,False,2,2,unknown,unknown
MH-002,2022->2023,67,109,-0.1049,0.0332,0.1014,True,True,False,2,2,unknown,unknown
MH-002,2022->2023,67,110,-0.1058,0.0343,0.0930,True,True,False,2,2,unknown,unknown
MH-002,2022->2023,67,122,-0.0911,0.0495,0.0330,True,False,True,2,2,unknown,unknown
MH-002,2022->2023,67,131,-0.1149,0.0595,0.1183,True,True,True,3,2,vegetation,shrub_and_scrub
MH-002,2022->2023,67,132,-0.1938,0.1012,0.1472,True,True,True,3,2,unknown,unknown
MH-002,2022->2023,67,133,-0.1775,0.0919,0.1316,True,True,True,3,2,unknown,unknown
MH-002,2022->2023,68,43,-0.0736,0.0575,0.0760,False,True,True,2,2,vegetation,shrub_and_scrub
MH-002,2022->2023,68,46,-0.0841,0.0476,0.0962,False,True,True,2,2,vegetation,trees
MH-002,2022->2023,68,47,-0.0908,0.0513,0.1045,True,True,True,3,2,vegetation,trees
MH-002,2022->2023,68,49,-0.0816,0.0539,0.1010,False,True,True,2,2,vegetation,trees
MH-002,2022->2023,68,50,-0.0833,0.0516,0.1029,False,True,True,2,2,vegetation,trees
MH-002,2022->2023,68,51,-0.0950,0.0520,0.0955,True,True,True,3,2,vegetation,trees
MH-002,2022->2023,68,52,-0.0945,0.0579,0.0962,True,True,True,3,2,vegetation,trees
MH-002,2022->2023,68,53,-0.0904,0.0454,0.0754,True,True,False,2,2,vegetation,trees
MH-002,2022->2023,68,54,-0.1037,0.0595,0.1026,True,True,True,3,2,vegetation,trees
MH-002,2022->2023,68,55,-0.1523,0.0598,0.1225,True,True,True,3,2,vegetation,trees
MH-002,2022->2023,68,56,-0.1505,0.0687,0.1067,True,True,True,3,2,vegetation,trees
MH-002,2022->2023,68,57,-0.1429,0.0629,0.0917,True,True,True,3,2,vegetation,trees
MH-002,2022->2023,68,58,-0.1565,0.0649,0.0988,True,True,True,3,2,vegetation,trees
MH-002,2022->2023,68,59,-0.1495,0.0825,0.1194,True,True,True,3,2,vegetation,trees
MH-002,2022->2023,68,90,-0.0952,0.0044,0.0745,True,True,False,2,2,vegetation,trees
MH-002,2022->2023,68,130,-0.0986,0.0565,0.0516,True,False,True,2,2,unknown,unknown
MH-002,2022->2023,68,131,-0.1014,0.0591,0.0887,True,True,True,3,2,unknown,unknown
MH-002,2022->2023,68,132,-0.1373,0.0764,0.0971,True,True,True,3,2,unknown,unknown
MH-002,2022->2023,68,133,-0.1037,0.0621,0.0716,True,False,True,2,2,unknown,unknown
MH-002,2022->2023,69,42,-0.0868,0.0505,0.0277,True,False,True,2,2,vegetation,trees
MH-002,2022->2023,69,43,-0.0880,0.0568,0.0702,True,False,True,2,2,vegetation,shrub_and_scrub
MH-002,2022->2023,69,50,-0.1000,0.0404,0.0769,True,True,False,2,2,vegetation,trees
MH-002,2022->2023,69,54,-0.0950,0.0548,0.0936,True,True,True,3,2,vegetation,trees
MH-002,2022->2023,69,55,-0.1190,0.0681,0.1203,True,True,True,3,2,vegetation,trees
MH-002,2022->2023,69,56,-0.1269,0.0510,0.1085,True,True,True,3,2,vegetation,trees
MH-002,2022->2023,69,57,-0.1421,0.0559,0.1150,True,True,True,3,2,vegetation,trees
MH-002,2022->2023,69,58,-0.1463,0.0682,0.1203,True,True,True,3,2,vegetation,trees
MH-002,2022->2023,69,59,-0.1285,0.0781,0.1172,True,True,True,3,2,vegetation,trees
MH-002,2022->2023,69,60,-0.1281,0.0674,0.1123,True,True,True,3,2,vegetation,trees
MH-002,2022->2023,69,61,-0.1502,0.0734,0.1214,True,True,True,3,2,vegetation,trees
MH-002,2022->2023,69,79,-0.0913,0.0432,0.1058,True,True,False,2,2,unknown,unknown
MH-002,2022->2023,69,80,-0.1080,0.0446,0.0925,True,True,False,2,2,unknown,unknown
MH-002,2022->2023,69,90,-0.0910,0.0073,0.0755,True,True,False,2,2,vegetation,trees
MH-002,2022->2023,69,102,-0.0993,0.0452,0.0918,True,True,False,2,2,unknown,unknown
MH-002,2022->2023,69,131,-0.0944,0.0514,0.0678,True,False,True,2,2,unknown,unknown
MH-002,2022->2023,69,132,-0.1116,0.0496,0.0634,True,False,True,2,2,unknown,unknown
MH-002,2022->2023,69,138,-0.0980,0.0272,0.0739,True,True,False,2,2,unknown,unknown
MH-002,2022->2023,70,40,-0.0848,0.0541,0.0766,False,True,True,2,2,vegetation,trees
MH-002,2022->2023,70,54,-0.0914,0.0513,0.1093,True,True,True,3,2,vegetation,trees
MH-002,2022->2023,70,55,-0.0930,0.0581,0.0926,True,True,True,3,2,vegetation,trees
MH-002,2022->2023,70,56,-0.1074,0.0567,0.0887,True,True,True,3,2,vegetation,trees
MH-002,2022->2023,70,57,-0.1365,0.0651,0.1155,True,True,True,3,2,vegetation,trees
MH-002,2022->2023,70,58,-0.1180,0.0567,0.1045,True,True,True,3,2,vegetation,trees
MH-002,2022->2023,70,61,-0.1293,0.0598,0.0875,True,True,True,3,2,vegetation,trees
MH-002,2022->2023,70,78,-0.0898,0.0322,0.0906,True,True,False,2,2,unknown,unknown
MH-002,2022->2023,70,81,-0.0894,0.0373,0.0757,True,True,False,2,2,unknown,unknown
MH-002,2022->2023,70,82,-0.1005,0.0406,0.0944,True,True,False,2,2,vegetation,trees
MH-002,2022->2023,70,110,-0.1318,0.0498,0.0844,True,True,True,3,2,unknown,unknown
MH-002,2022->2023,70,131,-0.0989,0.0627,0.0676,True,False,True,2,2,unknown,unknown
MH-002,2022->2023,70,132,-0.1350,0.0724,0.0662,True,False,True,2,2,unknown,unknown
MH-002,2022->2023,71,40,-0.0751,0.0539,0.0927,False,True,True,2,2,vegetation,trees
MH-002,2022->2023,71,46,-0.0764,0.0552,0.0741,False,True,True,2,2,unknown,unknown
MH-002,2022->2023,71,56,-0.0826,0.0510,0.0862,False,True,True,2,2,vegetation,trees
MH-002,2022->2023,71,57,-0.1021,0.0390,0.0872,True,True,False,2,2,vegetation,trees
MH-002,2022->2023,71,58,-0.1040,0.0456,0.0798,True,True,False,2,2,vegetation,trees
MH-002,2022->2023,71,61,-0.1221,0.0584,0.0687,True,False,True,2,2,vegetation,trees
MH-002,2022->2023,71,62,-0.0932,0.0587,0.0329,True,False,True,2,2,vegetation,trees
MH-002,2022->2023,71,63,-0.1285,0.0688,0.0660,True,False,True,2,2,vegetation,trees
MH-002,2022->2023,71,76,-0.0932,0.0331,0.0951,True,True,False,2,2,unknown,unknown
MH-002,2022->2023,71,82,-0.0937,0.0410,0.0851,True,True,False,2,2,vegetation,trees
MH-002,2022->2023,71,83,-0.0929,0.0470,0.0743,True,True,True,3,2,vegetation,trees
MH-002,2022->2023,71,131,-0.0898,0.0515,0.0210,True,False,True,2,2,unknown,unknown
MH-002,2022->2023,72,24,-0.0960,0.0469,0.0556,True,False,True,2,2,vegetation,trees
MH-002,2022->2023,72,25,-0.0880,0.0562,0.0786,True,True,True,3,2,vegetation,trees
MH-002,2022->2023,72,40,-0.0695,0.0544,0.0866,False,True,True,2,2,vegetation,trees
MH-002,2022->2023,72,52,-0.1069,0.0618,0.0930,True,True,True,3,2,vegetation,trees
MH-002,2022->2023,72,54,-0.0974,0.0504,0.0918,True,True,True,3,2,vegetation,trees
MH-002,2022->2023,72,59,-0.0907,0.0413,0.0794,True,True,False,2,2,vegetation,trees
MH-002,2022->2023,72,63,-0.1008,0.0477,0.0812,True,True,True,3,2,vegetation,trees
MH-002,2022->2023,72,64,-0.1521,0.0719,0.1037,True,True,True,3,2,vegetation,trees
MH-002,2022->2023,72,74,-0.1311,0.0493,0.1008,True,True,True,3,2,unknown,unknown
MH-002,2022->2023,72,75,-0.1180,0.0193,0.0838,True,True,False,2,2,unknown,unknown
MH-002,2022->2023,72,81,-0.0805,0.0468,0.0791,False,True,True,2,2,vegetation,trees
MH-002,2022->2023,73,24,-0.0958,0.0564,0.0554,True,False,True,2,2,vegetation,trees
MH-002,2022->2023,73,25,-0.0925,0.0635,0.0670,True,False,True,2,2,vegetation,trees
MH-002,2022->2023,73,39,-0.0609,0.0484,0.0735,False,True,True,2,2,vegetation,trees
MH-002,2022->2023,73,40,-0.0806,0.0659,0.1029,False,True,True,2,2,vegetation,trees
MH-002,2022->2023,73,52,-0.1083,0.0666,0.0554,True,False,True,2,2,vegetation,trees
MH-002,2022->2023,73,53,-0.0987,0.0508,0.0754,True,True,True,3,2,vegetation,trees
MH-002,2022->2023,73,55,-0.0887,0.0365,0.0773,True,True,False,2,2,vegetation,trees
MH-002,2022->2023,73,59,-0.0781,0.0534,0.0898,False,True,True,2,2,vegetation,trees
MH-002,2022->2023,73,63,-0.1029,0.0396,0.0864,True,True,False,2,2,vegetation,trees
MH-002,2022->2023,73,64,-0.1495,0.0587,0.1302,True,True,True,3,2,vegetation,trees
MH-002,2022->2023,73,65,-0.1271,0.0573,0.1316,True,True,True,3,2,vegetation,trees
MH-002,2022->2023,73,73,-0.1404,0.0411,0.1077,True,True,False,2,2,unknown,unknown
MH-002,2022->2023,73,74,-0.1248,0.0425,0.1001,True,True,False,2,2,unknown,unknown
MH-002,2022->2023,73,96,-0.0688,0.0476,0.0777,False,True,True,2,2,unknown,unknown
MH-002,2022->2023,73,103,-0.0966,0.0450,0.0826,True,True,False,2,2,unknown,unknown
MH-002,2022->2023,74,38,-0.0610,0.0486,0.0853,False,True,True,2,2,vegetation,trees
MH-002,2022->2023,74,60,-0.0834,0.0585,0.0807,False,True,True,2,2,vegetation,trees
MH-002,2022->2023,74,63,-0.1069,0.0539,0.1032,True,True,True,3,2,vegetation,trees
MH-002,2022->2023,74,64,-0.1318,0.0562,0.1174,True,True,True,3,2,vegetation,trees
MH-002,2022->2023,74,65,-0.1077,0.0520,0.1047,True,True,True,3,2,vegetation,trees
MH-002,2022->2023,74,66,-0.1596,0.0736,0.1382,True,True,True,3,2,vegetation,trees
MH-002,2022->2023,74,73,-0.0936,0.0398,0.0865,True,True,False,2,2,unknown,unknown
MH-002,2022->2023,74,107,-0.0904,0.0338,0.0749,True,True,False,2,2,unknown,unknown
MH-002,2022->2023,74,112,-0.0903,0.0255,0.0783,True,True,False,2,2,unknown,unknown
MH-002,2022->2023,74,118,-0.1227,0.0469,0.0825,True,True,True,3,2,vegetation,trees
MH-002,2022->2023,75,57,-0.0779,0.0486,0.0776,False,True,True,2,2,vegetation,trees
MH-002,2022->2023,75,63,-0.0964,0.0568,0.0943,True,True,True,3,2,vegetation,trees
MH-002,2022->2023,75,64,-0.1084,0.0560,0.1032,True,True,True,3,2,vegetation,trees
MH-002,2022->2023,75,65,-0.1159,0.0593,0.0992,True,True,True,3,2,vegetation,trees
MH-002,2022->2023,75,66,-0.1684,0.0835,0.1344,True,True,True,3,2,vegetation,trees
MH-002,2022->2023,75,67,-0.2062,0.1123,0.1818,True,True,True,3,2,vegetation,trees
MH-002,2022->2023,75,72,-0.1151,0.0577,0.1068,True,True,True,3,2,unknown,unknown
MH-002,2022->2023,75,73,-0.1044,0.0209,0.0790,True,True,False,2,2,unknown,unknown
MH-002,2022->2023,75,107,-0.0961,0.0463,0.0833,True,True,False,2,2,unknown,unknown
MH-002,2022->2023,75,112,-0.1367,0.0575,0.0745,True,True,True,3,2,unknown,unknown
MH-002,2022->2023,75,113,-0.1391,0.0680,0.0870,True,True,True,3,2,unknown,unknown
MH-002,2022->2023,76,44,-0.0752,0.0571,0.0734,False,True,True,2,2,vegetation,trees
MH-002,2022->2023,76,45,-0.0644,0.0539,0.0860,False,True,True,2,2,vegetation,trees
MH-002,2022->2023,76,46,-0.0620,0.0486,0.0782,False,True,True,2,2,vegetation,trees
MH-002,2022->2023,76,65,-0.1151,0.0643,0.1178,True,True,True,3,2,vegetation,trees
MH-002,2022->2023,76,66,-0.1466,0.0863,0.1501,True,True,True,3,2,vegetation,trees
MH-002,2022->2023,76,67,-0.2051,0.1146,0.1918,True,True,True,3,2,vegetation,trees
MH-002,2022->2023,76,68,-0.2121,0.0978,0.1607,True,True,True,3,2,vegetation,trees
MH-002,2022->2023,76,72,-0.1298,0.0512,0.0926,True,True,True,3,2,unknown,unknown
MH-002,2022->2023,76,73,-0.0914,0.0161,0.0808,True,True,False,2,2,unknown,unknown
MH-002,2022->2023,77,63,-0.0540,0.0495,0.0752,False,True,True,2,2,vegetation,trees
MH-002,2022->2023,77,64,-0.0682,0.0528,0.0773,False,True,True,2,2,vegetation,trees
MH-002,2022->2023,77,65,-0.1076,0.0632,0.1054,True,True,True,3,2,vegetation,trees
MH-002,2022->2023,77,66,-0.1355,0.0778,0.1288,True,True,True,3,2,vegetation,trees
MH-002,2022->2023,77,67,-0.1558,0.0812,0.1346,True,True,True,3,2,vegetation,trees
MH-002,2022->2023,77,68,-0.1897,0.1110,0.1392,True,True,True,3,2,vegetation,trees
MH-002,2022->2023,77,69,-0.1857,0.1183,0.1290,True,True,True,3,2,vegetation,trees
MH-002,2022->2023,77,72,-0.1600,0.0675,0.1085,True,True,True,3,2,vegetation,trees
MH-002,2022->2023,77,137,-0.1068,0.0571,0.0441,True,False,True,2,2,vegetation,trees
MH-002,2022->2023,78,67,-0.1160,0.0670,0.0818,True,True,True,3,2,vegetation,trees
MH-002,2022->2023,78,68,-0.1735,0.1112,0.1299,True,True,True,3,2,vegetation,trees
MH-002,2022->2023,78,69,-0.2045,0.1301,0.1469,True,True,True,3,2,vegetation,trees
MH-002,2022->2023,78,73,-0.1077,0.0549,0.0753,True,True,True,3,2,vegetation,trees
MH-002,2022->2023,78,145,-0.0827,0.0493,0.0759,False,True,True,2,2,unknown,unknown
MH-002,2022->2023,79,67,-0.1264,0.0585,0.0902,True,True,True,3,2,vegetation,trees
MH-002,2022->2023,79,68,-0.1837,0.1007,0.1284,True,True,True,3,2,vegetation,trees
MH-002,2022->2023,79,69,-0.1977,0.1201,0.1374,True,True,True,3,2,vegetation,trees
MH-002,2022->2023,79,120,-0.1017,0.0588,0.0745,True,True,True,3,2,vegetation,shrub_and_scrub
MH-002,2022->2023,79,121,-0.1312,0.0661,0.0873,True,True,True,3,2,vegetation,shrub_and_scrub
MH-002,2022->2023,80,66,-0.1001,0.0576,0.0912,True,True,True,3,2,vegetation,trees
MH-002,2022->2023,80,67,-0.1026,0.0498,0.0955,True,True,True,3,2,vegetation,trees
MH-002,2022->2023,80,68,-0.1368,0.0847,0.1084,True,True,True,3,2,vegetation,trees
MH-002,2022->2023,80,69,-0.1780,0.1205,0.1278,True,True,True,3,2,vegetation,trees
MH-002,2022->2023,80,80,-0.1072,0.0475,0.0489,True,False,True,2,2,vegetation,trees
MH-002,2022->2023,80,97,-0.0944,0.0582,0.1020,True,True,True,3,2,unknown,unknown
MH-002,2022->2023,80,98,-0.0820,0.0478,0.0822,False,True,True,2,2,unknown,unknown
MH-002,2022->2023,80,121,-0.1095,0.0577,0.0643,True,False,True,2,2,vegetation,shrub_and_scrub
MH-002,2022->2023,81,67,-0.0895,0.0556,0.0878,True,True,True,3,2,vegetation,trees
MH-002,2022->2023,81,68,-0.1237,0.0920,0.1154,True,True,True,3,2,vegetation,trees
MH-002,2022->2023,81,69,-0.1560,0.1013,0.1194,True,True,True,3,2,vegetation,trees
MH-002,2022->2023,81,70,-0.1334,0.0845,0.0842,True,True,True,3,2,vegetation,trees
MH-002,2022->2023,82,67,-0.0828,0.0660,0.0907,False,True,True,2,2,vegetation,trees
MH-002,2022->2023,82,68,-0.0845,0.0600,0.0750,False,True,True,2,2,vegetation,trees
MH-002,2022->2023,82,69,-0.1045,0.0596,0.0940,True,True,True,3,2,vegetation,trees
MH-002,2022->2023,82,70,-0.1507,0.0948,0.1070,True,True,True,3,2,vegetation,trees
MH-002,2022->2023,82,123,-0.1013,0.0563,0.0582,True,False,True,2,2,vegetation,trees
MH-002,2022->2023,82,138,-0.1003,0.0617,0.0493,True,False,True,2,2,unknown,unknown
MH-002,2022->2023,83,44,-0.0524,0.0487,0.0803,False,True,True,2,2,vegetation,trees
MH-002,2022->2023,83,67,-0.0590,0.0508,0.0768,False,True,True,2,2,vegetation,trees
MH-002,2022->2023,83,70,-0.1259,0.0776,0.1019,True,True,True,3,2,vegetation,trees
MH-002,2022->2023,83,71,-0.1422,0.0969,0.0843,True,True,True,3,2,vegetation,trees
MH-002,2022->2023,83,93,-0.0930,0.0368,0.0756,True,True,False,2,2,unknown,unknown
MH-002,2022->2023,84,70,-0.1077,0.0697,0.1039,True,True,True,3,2,vegetation,trees
MH-002,2022->2023,84,71,-0.1343,0.0672,0.0884,True,True,True,3,2,vegetation,trees
MH-002,2022->2023,84,155,-0.0868,0.0483,0.0213,True,False,True,2,2,unknown,unknown
MH-002,2022->2023,85,70,-0.1234,0.0617,0.1179,True,True,True,3,2,vegetation,trees
MH-002,2022->2023,85,71,-0.1213,0.0654,0.1116,True,True,True,3,2,vegetation,trees
MH-002,2022->2023,85,72,-0.1141,0.0717,0.0893,True,True,True,3,2,vegetation,trees
MH-002,2022->2023,85,151,-0.0854,0.0772,0.0891,False,True,True,2,2,unknown,unknown
MH-002,2022->2023,85,152,-0.1063,0.0520,0.0607,True,False,True,2,2,unknown,unknown
MH-002,2022->2023,86,69,-0.0869,0.0232,0.0790,True,True,False,2,2,vegetation,trees
MH-002,2022->2023,86,70,-0.1096,0.0331,0.0853,True,True,False,2,2,vegetation,trees
MH-002,2022->2023,86,71,-0.1528,0.0539,0.1142,True,True,True,3,2,vegetation,trees
MH-002,2022->2023,86,72,-0.1341,0.0718,0.1178,True,True,True,3,2,vegetation,trees
MH-002,2022->2023,86,73,-0.0969,0.0526,0.0491,True,False,True,2,2,vegetation,trees
MH-002,2022->2023,86,135,-0.0849,0.0476,0.0764,False,True,True,2,2,vegetation,trees
MH-002,2022->2023,87,71,-0.0909,0.0477,0.0767,True,True,True,3,2,vegetation,trees
MH-002,2022->2023,87,72,-0.1017,0.0593,0.0823,True,True,True,3,2,vegetation,trees
MH-002,2022->2023,87,73,-0.1069,0.0573,0.0712,True,False,True,2,2,vegetation,trees
MH-002,2022->2023,87,74,-0.0775,0.0496,0.0794,False,True,True,2,2,vegetation,trees
MH-002,2022->2023,87,84,-0.1142,0.0478,0.0918,True,True,True,3,2,unknown,unknown
MH-002,2022->2023,88,51,-0.0985,0.0414,0.0897,True,True,False,2,2,unknown,unknown
MH-002,2022->2023,88,72,-0.0937,0.0396,0.0784,True,True,False,2,2,vegetation,trees
MH-002,2022->2023,88,73,-0.1189,0.0587,0.1007,True,True,True,3,2,vegetation,trees
MH-002,2022->2023,88,74,-0.1231,0.0688,0.0857,True,True,True,3,2,vegetation,trees
MH-002,2022->2023,88,78,-0.1001,0.0303,0.0903,True,True,False,2,2,vegetation,trees
MH-002,2022->2023,88,83,-0.1344,0.0693,0.0879,True,True,True,3,2,vegetation,shrub_and_scrub
MH-002,2022->2023,88,84,-0.1212,0.0729,0.1303,True,True,True,3,2,vegetation,shrub_and_scrub
MH-002,2022->2023,88,118,0.0201,-0.0798,0.0770,False,True,True,2,2,unknown,unknown
MH-002,2022->2023,89,51,-0.1191,0.0555,0.0500,True,False,True,2,2,vegetation,trees
MH-002,2022->2023,89,73,-0.1053,0.0551,0.0902,True,True,True,3,2,vegetation,trees
MH-002,2022->2023,89,74,-0.1450,0.0671,0.1008,True,True,True,3,2,vegetation,trees
MH-002,2022->2023,89,75,-0.1440,0.0693,0.0709,True,False,True,2,2,vegetation,trees
MH-002,2022->2023,89,77,-0.1293,0.0661,0.0805,True,True,True,3,2,vegetation,trees
MH-002,2022->2023,89,78,-0.1277,0.0582,0.0886,True,True,True,3,2,vegetation,trees
MH-002,2022->2023,89,81,-0.1200,0.0471,0.0700,True,False,True,2,2,vegetation,shrub_and_scrub
MH-002,2022->2023,89,82,-0.1210,0.0435,0.0831,True,True,False,2,2,vegetation,shrub_and_scrub
MH-002,2022->2023,89,83,-0.1235,0.0741,0.0987,True,True,True,3,2,vegetation,shrub_and_scrub
MH-002,2022->2023,89,84,-0.1010,0.0784,0.1452,True,True,True,3,2,vegetation,shrub_and_scrub
MH-002,2022->2023,89,85,-0.0912,0.0593,0.1122,True,True,True,3,2,vegetation,shrub_and_scrub
MH-002,2022->2023,89,104,-0.0876,0.0471,0.0226,True,False,True,2,2,unknown,unknown
MH-002,2022->2023,90,28,-0.0965,0.0607,0.1407,True,True,True,3,2,vegetation,trees
MH-002,2022->2023,90,73,-0.1044,0.0393,0.0924,True,True,False,2,2,vegetation,trees
MH-002,2022->2023,90,74,-0.1161,0.0355,0.0843,True,True,False,2,2,vegetation,trees
MH-002,2022->2023,90,75,-0.1247,0.0510,0.0865,True,True,True,3,2,vegetation,trees
MH-002,2022->2023,90,76,-0.1267,0.0740,0.0723,True,False,True,2,2,vegetation,trees
MH-002,2022->2023,90,78,-0.1415,0.0745,0.0745,True,True,True,3,2,vegetation,trees
MH-002,2022->2023,90,79,-0.1251,0.0682,0.0786,True,True,True,3,2,vegetation,trees
MH-002,2022->2023,90,82,-0.1233,0.0464,0.0815,True,True,False,2,2,vegetation,shrub_and_scrub
MH-002,2022->2023,90,83,-0.1189,0.0678,0.0995,True,True,True,3,2,vegetation,shrub_and_scrub
MH-002,2022->2023,90,84,-0.1240,0.0681,0.1289,True,True,True,3,2,vegetation,shrub_and_scrub
MH-002,2022->2023,90,85,-0.1205,0.0780,0.1179,True,True,True,3,2,vegetation,shrub_and_scrub
MH-002,2022->2023,91,50,0.0615,-0.0788,0.1606,False,True,True,2,2,vegetation,trees
MH-002,2022->2023,91,51,0.0482,-0.0813,0.1054,False,True,True,2,2,vegetation,trees
MH-002,2022->2023,91,74,-0.0986,0.0366,0.0746,True,True,False,2,2,vegetation,trees
MH-002,2022->2023,91,75,-0.1167,0.0552,0.0906,True,True,True,3,2,vegetation,trees
MH-002,2022->2023,91,76,-0.1298,0.0736,0.0997,True,True,True,3,2,vegetation,trees
MH-002,2022->2023,91,77,-0.1425,0.0861,0.0975,True,True,True,3,2,vegetation,trees
MH-002,2022->2023,91,79,-0.1444,0.0763,0.0834,True,True,True,3,2,vegetation,trees
MH-002,2022->2023,91,80,-0.1342,0.0732,0.0777,True,True,True,3,2,vegetation,trees
MH-002,2022->2023,91,81,-0.1433,0.0738,0.0772,True,True,True,3,2,vegetation,trees
MH-002,2022->2023,91,82,-0.1154,0.0557,0.0800,True,True,True,3,2,unknown,unknown
MH-002,2022->2023,91,83,-0.1045,0.0502,0.0922,True,True,True,3,2,unknown,unknown
MH-002,2022->2023,91,84,-0.1217,0.0472,0.0883,True,True,True,3,2,unknown,unknown
MH-002,2022->2023,91,85,-0.1107,0.0735,0.0781,True,True,True,3,2,unknown,unknown
MH-002,2022->2023,91,101,-0.1143,0.0507,0.0565,True,False,True,2,2,unknown,unknown
MH-002,2022->2023,92,74,-0.1074,0.0559,0.1103,True,True,True,3,2,vegetation,trees
MH-002,2022->2023,92,75,-0.1267,0.0830,0.1331,True,True,True,3,2,vegetation,trees
MH-002,2022->2023,92,76,-0.1264,0.0792,0.1133,True,True,True,3,2,vegetation,trees
MH-002,2022->2023,92,77,-0.1617,0.0890,0.1301,True,True,True,3,2,vegetation,trees
MH-002,2022->2023,92,78,-0.1979,0.0991,0.1343,True,True,True,3,2,vegetation,trees
MH-002,2022->2023,92,80,-0.1488,0.0782,0.1011,True,True,True,3,2,vegetation,trees
MH-002,2022->2023,92,81,-0.1347,0.0760,0.0956,True,True,True,3,2,vegetation,trees
MH-002,2022->2023,92,82,-0.1020,0.0658,0.0783,True,True,True,3,2,vegetation,trees
MH-002,2022->2023,92,83,-0.1109,0.0573,0.0845,True,True,True,3,2,vegetation,trees
MH-002,2022->2023,92,84,-0.1262,0.0506,0.0843,True,True,True,3,2,vegetation,trees
MH-002,2022->2023,92,85,-0.1131,0.0545,0.0625,True,False,True,2,2,vegetation,trees
MH-002,2022->2023,92,110,-0.0984,0.0614,0.0510,True,False,True,2,2,unknown,unknown
MH-002,2022->2023,92,111,-0.0998,0.0653,0.0474,True,False,True,2,2,unknown,unknown
MH-002,2022->2023,92,114,-0.1079,0.0493,0.0489,True,False,True,2,2,unknown,unknown
MH-002,2022->2023,92,115,-0.1013,0.0633,0.0265,True,False,True,2,2,vegetation,trees
MH-002,2022->2023,92,124,-0.1003,0.0503,0.0644,True,False,True,2,2,vegetation,shrub_and_scrub
MH-002,2022->2023,92,125,-0.1057,0.0539,0.0852,True,True,True,3,2,vegetation,shrub_and_scrub
MH-002,2022->2023,92,126,-0.1003,0.0488,0.0720,True,False,True,2,2,vegetation,shrub_and_scrub
MH-002,2022->2023,92,127,-0.1019,0.0554,0.0656,True,False,True,2,2,vegetation,shrub_and_scrub
MH-002,2022->2023,92,131,-0.0741,0.0503,0.0842,False,True,True,2,2,vegetation,shrub_and_scrub
MH-002,2022->2023,93,71,-0.0670,0.0524,0.0871,False,True,True,2,2,vegetation,trees
MH-002,2022->2023,93,74,-0.0873,0.0524,0.0955,True,True,True,3,2,vegetation,trees
MH-002,2022->2023,93,75,-0.0898,0.0421,0.0789,True,True,False,2,2,vegetation,trees
MH-002,2022->2023,93,76,-0.1039,0.0491,0.0716,True,False,True,2,2,vegetation,trees
MH-002,2022->2023,93,77,-0.1502,0.0830,0.1264,True,True,True,3,2,vegetation,trees
MH-002,2022->2023,93,78,-0.1768,0.0908,0.1544,True,True,True,3,2,vegetation,trees
MH-002,2022->2023,93,79,-0.1682,0.0930,0.1177,True,True,True,3,2,vegetation,trees
MH-002,2022->2023,93,81,-0.1258,0.0694,0.0970,True,True,True,3,2,vegetation,trees
MH-002,2022->2023,93,82,-0.1003,0.0512,0.0590,True,False,True,2,2,vegetation,trees
MH-002,2022->2023,93,83,-0.1090,0.0536,0.0903,True,True,True,3,2,vegetation,trees
MH-002,2022->2023,93,84,-0.1267,0.0641,0.0986,True,True,True,3,2,vegetation,trees
MH-002,2022->2023,93,87,-0.1038,0.0347,0.0826,True,True,False,2,2,vegetation,trees
MH-002,2022->2023,93,98,-0.1089,0.0308,0.0752,True,True,False,2,2,unknown,unknown
MH-002,2022->2023,93,99,-0.0942,0.0291,0.0752,True,True,False,2,2,unknown,unknown
MH-002,2022->2023,93,126,-0.1084,0.0720,0.0721,True,False,True,2,2,vegetation,shrub_and_scrub
MH-002,2022->2023,93,127,-0.1442,0.0726,0.0610,True,False,True,2,2,vegetation,shrub_and_scrub
MH-002,2022->2023,93,128,-0.1201,0.0650,0.0306,True,False,True,2,2,unknown,unknown
MH-002,2022->2023,94,71,-0.0600,0.0522,0.0779,False,True,True,2,2,vegetation,trees
MH-002,2022->2023,94,77,-0.1168,0.0724,0.1089,True,True,True,3,2,vegetation,trees
MH-002,2022->2023,94,78,-0.1531,0.0931,0.1376,True,True,True,3,2,vegetation,trees
MH-002,2022->2023,94,79,-0.1662,0.0910,0.1410,True,True,True,3,2,vegetation,trees
MH-002,2022->2023,94,80,-0.1689,0.1018,0.1216,True,True,True,3,2,vegetation,trees
MH-002,2022->2023,94,81,-0.1315,0.0826,0.0768,True,True,True,3,2,vegetation,trees
MH-002,2022->2023,94,82,-0.0998,0.0695,0.0577,True,False,True,2,2,vegetation,trees
MH-002,2022->2023,94,83,-0.1129,0.0743,0.0919,True,True,True,3,2,vegetation,trees
MH-002,2022->2023,94,84,-0.1058,0.0558,0.0890,True,True,True,3,2,vegetation,trees
MH-002,2022->2023,94,85,-0.1067,0.0560,0.0682,True,False,True,2,2,vegetation,trees
MH-002,2022->2023,94,87,-0.0866,0.0205,0.0869,True,True,False,2,2,vegetation,trees
MH-002,2022->2023,94,95,-0.1122,0.0646,0.0624,True,False,True,2,2,unknown,unknown
MH-002,2022->2023,94,148,-0.0813,0.0488,0.0784,False,True,True,2,2,unknown,unknown
MH-002,2022->2023,94,152,-0.1050,0.0381,0.0750,True,True,False,2,2,unknown,unknown
MH-002,2022->2023,95,78,-0.1278,0.0834,0.1329,True,True,True,3,2,vegetation,trees
MH-002,2022->2023,95,79,-0.1350,0.0825,0.1358,True,True,True,3,2,vegetation,trees
MH-002,2022->2023,95,80,-0.1503,0.0791,0.1282,True,True,True,3,2,vegetation,trees
MH-002,2022->2023,95,81,-0.1365,0.0613,0.0842,True,True,True,3,2,vegetation,trees
MH-002,2022->2023,95,82,-0.1109,0.0753,0.0640,True,False,True,2,2,vegetation,trees
MH-002,2022->2023,95,84,-0.1146,0.0770,0.0653,True,False,True,2,2,vegetation,trees
MH-002,2022->2023,95,85,-0.1250,0.0953,0.0715,True,False,True,2,2,vegetation,trees
MH-002,2022->2023,95,95,-0.1038,0.0673,0.0645,True,False,True,2,2,unknown,unknown
MH-002,2022->2023,95,96,-0.0958,0.0473,0.0381,True,False,True,2,2,unknown,unknown
MH-002,2022->2023,95,152,-0.1313,0.0588,0.0866,True,True,True,3,2,unknown,unknown
MH-002,2022->2023,96,35,-0.0792,0.0508,0.0800,False,True,True,2,2,vegetation,trees
MH-002,2022->2023,96,36,-0.0719,0.0493,0.0866,False,True,True,2,2,vegetation,trees
MH-002,2022->2023,96,78,-0.0861,0.0590,0.0836,False,True,True,2,2,vegetation,trees
MH-002,2022->2023,96,79,-0.0937,0.0637,0.1035,True,True,True,3,2,vegetation,trees
MH-002,2022->2023,96,80,-0.1158,0.0685,0.1154,True,True,True,3,2,vegetation,trees
MH-002,2022->2023,96,81,-0.1264,0.0653,0.1147,True,True,True,3,2,vegetation,trees
MH-002,2022->2023,96,82,-0.1332,0.0695,0.1192,True,True,True,3,2,vegetation,trees
MH-002,2022->2023,96,83,-0.1557,0.0935,0.1174,True,True,True,3,2,vegetation,trees
MH-002,2022->2023,96,84,-0.1155,0.0944,0.0394,True,False,True,2,2,vegetation,trees
MH-002,2022->2023,96,86,-0.1015,0.0690,0.0671,True,False,True,2,2,vegetation,trees
MH-002,2022->2023,96,87,-0.0800,0.0469,0.1024,False,True,True,2,2,vegetation,trees
MH-002,2022->2023,96,88,-0.0915,0.0689,0.1298,True,True,True,3,2,vegetation,trees
MH-002,2022->2023,96,89,-0.0314,0.0505,0.1155,False,True,True,2,2,unknown,unknown
MH-002,2022->2023,96,107,-0.1115,0.0512,0.0579,True,False,True,2,2,unknown,unknown
MH-002,2022->2023,96,108,-0.0928,0.0525,0.0609,True,False,True,2,2,unknown,unknown
MH-002,2022->2023,97,25,-0.0893,0.0536,0.0831,True,True,True,3,2,vegetation,trees
MH-002,2022->2023,97,26,-0.0987,0.0602,0.0643,True,False,True,2,2,vegetation,trees
MH-002,2022->2023,97,27,-0.0881,0.0592,0.0390,True,False,True,2,2,vegetation,trees
MH-002,2022->2023,97,28,-0.0866,0.0529,0.0477,True,False,True,2,2,vegetation,trees
MH-002,2022->2023,97,34,-0.1085,0.0655,0.0566,True,False,True,2,2,vegetation,trees
MH-002,2022->2023,97,35,-0.1062,0.0678,0.0552,True,False,True,2,2,vegetation,trees
MH-002,2022->2023,97,36,-0.1156,0.0821,0.0787,True,True,True,3,2,vegetation,trees
MH-002,2022->2023,97,37,-0.0679,0.0559,0.0875,False,True,True,2,2,unknown,unknown
MH-002,2022->2023,97,38,-0.0501,0.0520,0.0773,False,True,True,2,2,vegetation,trees
MH-002,2022->2023,97,80,-0.0979,0.0560,0.0990,True,True,True,3,2,vegetation,trees
MH-002,2022->2023,97,81,-0.1041,0.0503,0.0925,True,True,True,3,2,vegetation,trees
MH-002,2022->2023,97,82,-0.1206,0.0345,0.0877,True,True,False,2,2,vegetation,trees
MH-002,2022->2023,97,83,-0.1372,0.0562,0.0984,True,True,True,3,2,vegetation,trees
MH-002,2022->2023,97,84,-0.1376,0.0782,0.1044,True,True,True,3,2,vegetation,trees
MH-002,2022->2023,97,85,-0.1283,0.0837,0.0766,True,True,True,3,2,vegetation,trees
MH-002,2022->2023,97,86,-0.1189,0.0895,0.0618,True,False,True,2,2,vegetation,trees
MH-002,2022->2023,97,88,-0.1449,0.1040,0.0906,True,True,True,3,2,vegetation,trees
MH-002,2022->2023,97,89,-0.1087,0.0844,0.0872,True,True,True,3,2,vegetation,trees
MH-002,2022->2023,97,150,-0.0931,0.0550,0.0359,True,False,True,2,2,unknown,unknown
MH-002,2022->2023,98,35,-0.1007,0.0581,0.0451,True,False,True,2,2,unknown,unknown
MH-002,2022->2023,98,36,-0.1072,0.0588,0.0677,True,False,True,2,2,vegetation,shrub_and_scrub
MH-002,2022->2023,98,37,-0.0718,0.0516,0.0805,False,True,True,2,2,vegetation,shrub_and_scrub
MH-002,2022->2023,98,84,-0.1063,0.0493,0.0694,True,False,True,2,2,vegetation,trees
MH-002,2022->2023,98,85,-0.1317,0.0693,0.0802,True,True,True,3,2,vegetation,trees
MH-002,2022->2023,98,86,-0.1623,0.0951,0.1001,True,True,True,3,2,vegetation,trees
MH-002,2022->2023,98,87,-0.1589,0.1111,0.0975,True,True,True,3,2,vegetation,trees
MH-002,2022->2023,98,88,-0.1315,0.1100,0.0808,True,True,True,3,2,vegetation,trees
MH-002,2022->2023,98,90,-0.1118,0.0836,0.0566,True,False,True,2,2,vegetation,trees
MH-002,2022->2023,99,35,-0.0913,0.0488,0.0416,True,False,True,2,2,vegetation,shrub_and_scrub
MH-002,2022->2023,99,84,-0.0983,0.0384,0.0758,True,True,False,2,2,vegetation,trees
MH-002,2022->2023,99,85,-0.1170,0.0530,0.0802,True,True,True,3,2,vegetation,trees
MH-002,2022->2023,99,86,-0.1422,0.0771,0.0959,True,True,True,3,2,vegetation,trees
MH-002,2022->2023,99,87,-0.1620,0.0807,0.1017,True,True,True,3,2,vegetation,trees
MH-002,2022->2023,99,88,-0.1640,0.0972,0.1193,True,True,True,3,2,vegetation,trees
MH-002,2022->2023,99,89,-0.1531,0.1167,0.0997,True,True,True,3,2,vegetation,trees
MH-002,2022->2023,99,91,-0.1059,0.0770,0.0396,True,False,True,2,2,vegetation,trees
MH-002,2022->2023,100,34,-0.0912,0.0476,0.0268,True,False,True,2,2,vegetation,shrub_and_scrub
MH-002,2022->2023,100,35,-0.0932,0.0502,0.0442,True,False,True,2,2,vegetation,shrub_and_scrub
MH-002,2022->2023,100,37,-0.0974,0.0612,0.1155,True,True,True,3,2,vegetation,shrub_and_scrub
MH-002,2022->2023,100,70,-0.0944,0.0325,0.0910,True,True,False,2,2,vegetation,shrub_and_scrub
MH-002,2022->2023,100,86,-0.1057,0.0489,0.0773,True,True,True,3,2,vegetation,trees
MH-002,2022->2023,100,87,-0.1284,0.0593,0.0740,True,True,True,3,2,vegetation,trees
MH-002,2022->2023,100,88,-0.1461,0.0556,0.0903,True,True,True,3,2,vegetation,trees
MH-002,2022->2023,100,89,-0.1592,0.0866,0.1213,True,True,True,3,2,vegetation,trees
MH-002,2022->2023,100,90,-0.1660,0.0991,0.1045,True,True,True,3,2,vegetation,trees
MH-002,2022->2023,100,91,-0.1275,0.0996,0.0520,True,False,True,2,2,vegetation,trees
MH-002,2022->2023,100,92,-0.1020,0.0841,0.0335,True,False,True,2,2,unknown,unknown
MH-002,2022->2023,101,34,-0.1064,0.0566,0.0405,True,False,True,2,2,vegetation,shrub_and_scrub
MH-002,2022->2023,101,36,-0.1059,0.0650,0.0662,True,False,True,2,2,vegetation,shrub_and_scrub
MH-002,2022->2023,101,37,-0.0705,0.0505,0.0990,False,True,True,2,2,vegetation,shrub_and_scrub
MH-002,2022->2023,101,88,-0.0950,0.0498,0.0769,True,True,True,3,2,vegetation,trees
MH-002,2022->2023,101,89,-0.1592,0.0841,0.1244,True,True,True,3,2,vegetation,trees
MH-002,2022->2023,101,90,-0.1759,0.0928,0.1253,True,True,True,3,2,vegetation,trees
MH-002,2022->2023,101,91,-0.1650,0.1082,0.0896,True,True,True,3,2,vegetation,trees
MH-002,2022->2023,101,92,-0.1024,0.0904,0.0279,True,False,True,2,2,unknown,unknown
MH-002,2022->2023,101,93,-0.1060,0.0756,0.0322,True,False,True,2,2,unknown,unknown
MH-002,2022->2023,101,94,-0.1416,0.0822,0.0586,True,False,True,2,2,unknown,unknown
MH-002,2022->2023,102,89,-0.1107,0.0551,0.0797,True,True,True,3,2,vegetation,trees
MH-002,2022->2023,102,90,-0.1426,0.0809,0.0938,True,True,True,3,2,vegetation,trees
MH-002,2022->2023,102,91,-0.1681,0.0869,0.0973,True,True,True,3,2,vegetation,trees
MH-002,2022->2023,102,92,-0.1524,0.0795,0.0644,True,False,True,2,2,unknown,unknown
MH-002,2022->2023,102,93,-0.1243,0.0837,0.0327,True,False,True,2,2,unknown,unknown
MH-002,2022->2023,102,95,-0.1050,0.0758,0.0435,True,False,True,2,2,unknown,unknown
MH-002,2022->2023,102,96,-0.1364,0.0719,0.0898,True,True,True,3,2,unknown,unknown
MH-002,2022->2023,102,130,-0.0904,0.0565,0.0256,True,False,True,2,2,unknown,unknown
MH-002,2022->2023,103,68,-0.0897,0.0488,0.0275,True,False,True,2,2,unknown,unknown
MH-002,2022->2023,103,69,-0.1094,0.0534,0.0534,True,False,True,2,2,unknown,unknown
MH-002,2022->2023,103,89,-0.0940,0.0451,0.0733,True,True,False,2,2,vegetation,trees
MH-002,2022->2023,103,90,-0.1218,0.0626,0.0822,True,True,True,3,2,vegetation,trees
MH-002,2022->2023,103,91,-0.1391,0.0657,0.0736,True,True,True,3,2,vegetation,trees
MH-002,2022->2023,103,92,-0.1626,0.0799,0.0761,True,True,True,3,2,unknown,unknown
MH-002,2022->2023,103,93,-0.1655,0.1085,0.0613,True,False,True,2,2,unknown,unknown
MH-002,2022->2023,103,94,-0.1140,0.0951,0.0094,True,False,True,2,2,unknown,unknown
MH-002,2022->2023,103,96,-0.1281,0.0786,0.0752,True,True,True,3,2,unknown,unknown
MH-002,2022->2023,103,97,-0.1673,0.0876,0.1104,True,True,True,3,2,unknown,unknown
MH-002,2022->2023,103,135,-0.1100,0.0615,0.0679,True,False,True,2,2,unknown,unknown
MH-002,2022->2023,103,136,-0.1054,0.0470,0.0634,True,False,True,2,2,unknown,unknown
MH-002,2022->2023,104,69,-0.0983,0.0495,0.0451,True,False,True,2,2,unknown,unknown
MH-002,2022->2023,104,90,-0.1064,0.0535,0.0767,True,True,True,3,2,vegetation,trees
MH-002,2022->2023,104,91,-0.1226,0.0634,0.0864,True,True,True,3,2,vegetation,trees
MH-002,2022->2023,104,92,-0.1412,0.0587,0.0979,True,True,True,3,2,unknown,unknown
MH-002,2022->2023,104,93,-0.1734,0.0826,0.0811,True,True,True,3,2,unknown,unknown
MH-002,2022->2023,104,94,-0.1705,0.1083,0.0539,True,False,True,2,2,unknown,unknown
MH-002,2022->2023,104,95,-0.1079,0.0935,0.0295,True,False,True,2,2,unknown,unknown
MH-002,2022->2023,104,97,-0.1768,0.1193,0.1242,True,True,True,3,2,unknown,unknown
MH-002,2022->2023,104,98,-0.1840,0.1225,0.1325,True,True,True,3,2,unknown,unknown
MH-002,2022->2023,105,92,-0.0954,0.0369,0.0787,True,True,False,2,2,unknown,unknown
MH-002,2022->2023,105,94,-0.1239,0.0576,0.0361,True,False,True,2,2,unknown,unknown
MH-002,2022->2023,105,95,-0.1304,0.0908,0.0529,True,False,True,2,2,unknown,unknown
MH-002,2022->2023,105,96,-0.1194,0.0938,0.0703,True,False,True,2,2,unknown,unknown
MH-002,2022->2023,105,98,-0.1664,0.1221,0.0854,True,True,True,3,2,unknown,unknown
MH-002,2022->2023,105,99,-0.1306,0.1088,0.0525,True,False,True,2,2,unknown,unknown
MH-002,2022->2023,106,95,-0.1359,0.0543,0.0754,True,True,True,3,2,unknown,unknown
MH-002,2022->2023,106,96,-0.1934,0.0943,0.0995,True,True,True,3,2,unknown,unknown
MH-002,2022->2023,106,97,-0.2313,0.1413,0.1205,True,True,True,3,2,unknown,unknown
MH-002,2022->2023,106,99,-0.1149,0.1067,0.0516,True,False,True,2,2,unknown,unknown
MH-002,2022->2023,106,137,-0.1158,0.0640,0.0389,True,False,True,2,2,unknown,unknown
MH-002,2022->2023,107,77,-0.1003,0.0369,0.0967,True,True,False,2,2,vegetation,trees
MH-002,2022->2023,107,96,-0.1535,0.0795,0.0925,True,True,True,3,2,unknown,unknown
MH-002,2022->2023,107,97,-0.1972,0.1217,0.1009,True,True,True,3,2,unknown,unknown
MH-002,2022->2023,107,98,-0.1285,0.1065,0.0295,True,False,True,2,2,unknown,unknown
MH-002,2022->2023,107,100,-0.0974,0.0561,0.0304,True,False,True,2,2,unknown,unknown
MH-002,2022->2023,108,17,-0.1011,0.0606,0.0676,True,False,True,2,2,vegetation,trees
MH-002,2022->2023,108,77,-0.0927,0.0346,0.0784,True,True,False,2,2,vegetation,trees
MH-002,2022->2023,108,95,-0.0976,0.0317,0.0774,True,True,False,2,2,unknown,unknown
MH-002,2022->2023,108,96,-0.1378,0.0663,0.0887,True,True,True,3,2,unknown,unknown
MH-002,2022->2023,108,97,-0.1694,0.0940,0.0699,True,False,True,2,2,unknown,unknown
MH-002,2022->2023,109,16,-0.1161,0.0690,0.0877,True,True,True,3,2,vegetation,trees
MH-002,2022->2023,109,17,-0.1965,0.1401,0.1380,True,True,True,3,2,vegetation,trees
MH-002,2022->2023,109,18,-0.1116,0.0853,0.0904,True,True,True,3,2,vegetation,trees
MH-002,2022->2023,109,45,-0.1050,0.0528,0.0335,True,False,True,2,2,vegetation,trees
MH-002,2022->2023,109,57,-0.0867,0.0469,0.0513,True,False,True,2,2,vegetation,trees
MH-002,2022->2023,109,70,0.0855,-0.1278,0.1110,False,True,True,2,2,vegetation,shrub_and_scrub
MH-002,2022->2023,109,95,-0.1074,0.0346,0.0824,True,True,False,2,2,unknown,unknown
MH-002,2022->2023,109,96,-0.1542,0.0673,0.0964,True,True,True,3,2,unknown,unknown
MH-002,2022->2023,109,97,-0.1635,0.0993,0.0671,True,False,True,2,2,unknown,unknown
MH-002,2022->2023,110,16,-0.1306,0.0909,0.0895,True,True,True,3,2,vegetation,trees
MH-002,2022->2023,110,17,-0.1617,0.1080,0.1033,True,True,True,3,2,vegetation,trees
MH-002,2022->2023,110,18,-0.1254,0.0967,0.0858,True,True,True,3,2,vegetation,trees
MH-002,2022->2023,110,29,-0.0891,0.0617,0.0667,True,False,True,2,2,vegetation,trees
MH-002,2022->2023,110,66,-0.0911,0.0540,0.0356,True,False,True,2,2,vegetation,trees
MH-002,2022->2023,110,70,0.0613,-0.0855,0.0819,False,True,True,2,2,vegetation,shrub_and_scrub
MH-002,2022->2023,110,94,-0.0953,0.0288,0.0750,True,True,False,2,2,unknown,unknown
MH-002,2022->2023,110,95,-0.1359,0.0447,0.1020,True,True,False,2,2,unknown,unknown
MH-002,2022->2023,110,96,-0.1641,0.0740,0.0844,True,True,True,3,2,unknown,unknown
MH-002,2022->2023,110,97,-0.1309,0.0856,0.0263,True,False,True,2,2,unknown,unknown
MH-002,2022->2023,111,29,-0.1063,0.0810,0.0826,True,True,True,3,2,vegetation,trees
MH-002,2022->2023,111,30,-0.1073,0.0680,0.0679,True,False,True,2,2,vegetation,trees
MH-002,2022->2023,111,66,-0.1030,0.0669,0.0546,True,False,True,2,2,vegetation,trees
MH-002,2022->2023,111,67,-0.0975,0.0710,0.0588,True,False,True,2,2,vegetation,trees
MH-002,2022->2023,111,71,-0.0816,0.0593,0.1500,False,True,True,2,2,vegetation,shrub_and_scrub
MH-002,2022->2023,111,94,-0.0987,0.0302,0.0836,True,True,False,2,2,unknown,unknown
MH-002,2022->2023,111,95,-0.1415,0.0447,0.0969,True,True,False,2,2,unknown,unknown
MH-002,2022->2023,111,96,-0.1597,0.0817,0.0725,True,False,True,2,2,unknown,unknown
MH-002,2022->2023,112,13,-0.0889,0.0563,0.0478,True,False,True,2,2,unknown,unknown
MH-002,2022->2023,112,19,-0.1055,0.0662,0.0998,True,True,True,3,2,unknown,unknown
MH-002,2022->2023,112,20,-0.0657,0.0635,0.0759,False,True,True,2,2,vegetation,trees
MH-002,2022->2023,112,30,-0.0978,0.0568,0.0844,True,True,True,3,2,vegetation,trees
MH-002,2022->2023,112,66,-0.0984,0.0630,0.0686,True,False,True,2,2,vegetation,trees
MH-002,2022->2023,112,71,-0.0979,0.0733,0.1525,True,True,True,3,2,vegetation,trees
MH-002,2022->2023,112,72,-0.0782,0.0509,0.0982,False,True,True,2,2,vegetation,shrub_and_scrub
MH-002,2022->2023,112,94,-0.1177,0.0359,0.0857,True,True,False,2,2,unknown,unknown
MH-002,2022->2023,112,95,-0.1587,0.0664,0.0947,True,True,True,3,2,unknown,unknown
MH-002,2022->2023,112,96,-0.1609,0.1084,0.0556,True,False,True,2,2,unknown,unknown
MH-002,2022->2023,113,12,-0.0585,0.0505,0.0731,False,True,True,2,2,unknown,unknown
MH-002,2022->2023,113,13,-0.0875,0.0633,0.0578,True,False,True,2,2,vegetation,trees
MH-002,2022->2023,113,19,-0.1393,0.0759,0.1275,True,True,True,3,2,unknown,unknown
MH-002,2022->2023,113,20,-0.0913,0.0685,0.1110,True,True,True,3,2,vegetation,trees
MH-002,2022->2023,113,93,-0.0958,0.0323,0.0790,True,True,False,2,2,unknown,unknown
MH-002,2022->2023,113,94,-0.1412,0.0517,0.1023,True,True,True,3,2,unknown,unknown
MH-002,2022->2023,113,95,-0.1736,0.0990,0.0783,True,True,True,3,2,unknown,unknown
MH-002,2022->2023,114,12,-0.0495,0.0538,0.0756,False,True,True,2,2,vegetation,trees
MH-002,2022->2023,114,20,-0.0680,0.0511,0.0801,False,True,True,2,2,vegetation,trees
MH-002,2022->2023,114,22,-0.0882,0.0555,0.0802,True,True,True,3,2,vegetation,trees
MH-002,2022->2023,114,70,-0.0994,0.0588,0.0309,True,False,True,2,2,vegetation,trees
MH-002,2022->2023,114,93,-0.1090,0.0378,0.0893,True,True,False,2,2,unknown,unknown
MH-002,2022->2023,114,94,-0.1486,0.0589,0.1144,True,True,True,3,2,unknown,unknown
MH-002,2022->2023,114,95,-0.1547,0.0920,0.0675,True,False,True,2,2,unknown,unknown
MH-002,2022->2023,115,22,-0.1011,0.0533,0.0930,True,True,True,3,2,vegetation,trees
MH-002,2022->2023,115,92,-0.0970,0.0307,0.0730,True,True,False,2,2,unknown,unknown
MH-002,2022->2023,115,93,-0.1370,0.0414,0.1024,True,True,False,2,2,unknown,unknown
MH-002,2022->2023,115,94,-0.1767,0.0653,0.1225,True,True,True,3,2,unknown,unknown
MH-002,2022->2023,116,13,-0.1021,0.0567,0.0596,True,False,True,2,2,vegetation,trees
MH-002,2022->2023,116,22,-0.0802,0.0508,0.0847,False,True,True,2,2,vegetation,trees
MH-002,2022->2023,116,34,-0.0869,0.0569,0.0404,True,False,True,2,2,vegetation,trees
MH-002,2022->2023,116,35,-0.1136,0.0784,0.0963,True,True,True,3,2,vegetation,trees
MH-002,2022->2023,116,90,-0.0879,0.0348,0.0844,True,True,False,2,2,vegetation,trees
MH-002,2022->2023,116,91,-0.0933,0.0312,0.0834,True,True,False,2,2,vegetation,trees
MH-002,2022->2023,116,92,-0.1017,0.0230,0.0768,True,True,False,2,2,unknown,unknown
MH-002,2022->2023,116,93,-0.1492,0.0386,0.1062,True,True,False,2,2,unknown,unknown
MH-002,2022->2023,116,94,-0.1718,0.0721,0.1150,True,True,True,3,2,unknown,unknown
MH-002,2022->2023,117,34,-0.0902,0.0544,0.0620,True,False,True,2,2,vegetation,trees
MH-002,2022->2023,117,35,-0.1422,0.0945,0.1456,True,True,True,3,2,vegetation,trees
MH-002,2022->2023,117,36,-0.0782,0.0531,0.0807,False,True,True,2,2,vegetation,trees
MH-002,2022->2023,117,37,-0.1101,0.0590,0.0522,True,False,True,2,2,vegetation,trees
MH-002,2022->2023,117,90,-0.1008,0.0325,0.0952,True,True,False,2,2,vegetation,trees
MH-002,2022->2023,117,91,-0.1321,0.0384,0.1089,True,True,False,2,2,vegetation,trees
MH-002,2022->2023,117,92,-0.1538,0.0418,0.1120,True,True,False,2,2,unknown,unknown
MH-002,2022->2023,117,93,-0.1736,0.0648,0.1062,True,True,True,3,2,unknown,unknown
MH-002,2022->2023,118,16,-0.0950,0.0561,0.0484,True,False,True,2,2,vegetation,shrub_and_scrub
MH-002,2022->2023,118,17,-0.0932,0.0567,0.0581,True,False,True,2,2,vegetation,shrub_and_scrub
MH-002,2022->2023,118,35,-0.0932,0.0550,0.0822,True,True,True,3,2,vegetation,trees
MH-002,2022->2023,118,36,-0.0887,0.0635,0.0573,True,False,True,2,2,vegetation,trees
MH-002,2022->2023,118,37,-0.1017,0.0644,0.0579,True,False,True,2,2,vegetation,trees
MH-002,2022->2023,118,89,-0.1011,0.0285,0.0862,True,True,False,2,2,vegetation,trees
MH-002,2022->2023,118,90,-0.1208,0.0352,0.0984,True,True,False,2,2,vegetation,trees
MH-002,2022->2023,118,91,-0.1538,0.0459,0.1141,True,True,False,2,2,vegetation,trees
MH-002,2022->2023,118,92,-0.1842,0.0655,0.1173,True,True,True,3,2,unknown,unknown
MH-002,2022->2023,118,93,-0.1792,0.0869,0.0914,True,True,True,3,2,unknown,unknown
MH-002,2022->2023,119,17,-0.0983,0.0544,0.0543,True,False,True,2,2,vegetation,shrub_and_scrub
MH-002,2022->2023,119,36,-0.0904,0.0635,0.0452,True,False,True,2,2,vegetation,trees
MH-002,2022->2023,119,60,-0.0871,0.0240,0.0878,True,True,False,2,2,vegetation,trees
MH-002,2022->2023,119,86,-0.1298,0.0224,0.1092,True,True,False,2,2,vegetation,trees
MH-002,2022->2023,119,89,-0.1103,0.0271,0.0745,True,True,False,2,2,vegetation,trees
MH-002,2022->2023,119,90,-0.1385,0.0357,0.0894,True,True,False,2,2,vegetation,trees
MH-002,2022->2023,119,91,-0.1772,0.0699,0.1080,True,True,True,3,2,vegetation,trees
MH-002,2022->2023,119,92,-0.1771,0.0827,0.0828,True,True,True,3,2,unknown,unknown
MH-002,2022->2023,120,39,-0.0879,0.0582,0.0788,True,True,True,3,2,vegetation,trees
MH-002,2022->2023,120,40,-0.0906,0.0583,0.0896,True,True,True,3,2,vegetation,trees
MH-002,2022->2023,120,86,-0.1323,0.0298,0.1057,True,True,False,2,2,vegetation,trees
MH-002,2022->2023,120,90,-0.1591,0.0543,0.0795,True,True,True,3,2,vegetation,trees
MH-002,2022->2023,120,91,-0.1759,0.0853,0.0763,True,True,True,3,2,vegetation,trees
MH-002,2022->2023,121,37,-0.0982,0.0707,0.0651,True,False,True,2,2,vegetation,trees
MH-002,2022->2023,121,38,-0.1091,0.0679,0.0774,True,True,True,3,2,vegetation,trees
MH-002,2022->2023,121,39,-0.1085,0.0662,0.1107,True,True,True,3,2,vegetation,trees
MH-002,2022->2023,121,40,-0.1059,0.0561,0.1101,True,True,True,3,2,vegetation,trees
MH-002,2022->2023,121,46,-0.0922,0.0478,0.0521,True,False,True,2,2,vegetation,trees
MH-002,2022->2023,121,89,-0.1347,0.0668,0.0496,True,False,True,2,2,vegetation,trees
MH-002,2022->2023,121,90,-0.1475,0.0791,0.0481,True,False,True,2,2,vegetation,trees
MH-002,2022->2023,122,32,-0.1021,0.0623,0.1116,True,True,True,3,2,unknown,unknown
MH-002,2022->2023,122,38,-0.0755,0.0518,0.0808,False,True,True,2,2,unknown,unknown
MH-002,2022->2023,122,46,-0.1086,0.0643,0.0658,True,False,True,2,2,vegetation,trees
MH-002,2022->2023,122,82,-0.1162,0.0485,0.1046,True,True,True,3,2,vegetation,trees
MH-002,2022->2023,122,83,-0.1005,0.0325,0.0862,True,True,False,2,2,vegetation,trees
MH-002,2022->2023,122,87,-0.1270,0.0587,0.0691,True,False,True,2,2,vegetation,trees
MH-002,2022->2023,122,88,-0.1354,0.0693,0.0667,True,False,True,2,2,vegetation,trees
MH-002,2022->2023,122,89,-0.1322,0.0902,0.0312,True,False,True,2,2,vegetation,trees
MH-002,2022->2023,122,90,-0.1103,0.0836,0.0077,True,False,True,2,2,vegetation,trees
MH-002,2022->2023,123,32,-0.0820,0.0608,0.1092,False,True,True,2,2,vegetation,trees
MH-002,2022->2023,123,34,0.1887,-0.2300,0.0988,False,True,True,2,2,vegetation,trees
MH-002,2022->2023,123,46,-0.0898,0.0495,0.0645,True,False,True,2,2,vegetation,trees
MH-002,2022->2023,123,82,-0.1146,0.0436,0.0938,True,True,False,2,2,vegetation,trees
MH-002,2022->2023,123,83,-0.1194,0.0306,0.0734,True,True,False,2,2,vegetation,trees
MH-002,2022->2023,123,87,-0.1589,0.0842,0.0841,True,True,True,3,2,vegetation,trees
MH-002,2022->2023,123,88,-0.1392,0.0666,0.0422,True,False,True,2,2,vegetation,trees
MH-002,2022->2023,123,89,-0.1030,0.0840,0.0065,True,False,True,2,2,unknown,unknown
MH-002,2022->2023,124,30,-0.0721,0.0473,0.0758,False,True,True,2,2,unknown,unknown
MH-002,2022->2023,124,31,-0.0947,0.0485,0.0728,True,False,True,2,2,vegetation,trees
MH-002,2022->2023,124,82,-0.1023,0.0303,0.0765,True,True,False,2,2,vegetation,trees
MH-002,2022->2023,124,87,-0.1172,0.0495,0.0512,True,False,True,2,2,vegetation,trees
MH-002,2022->2023,124,88,-0.1238,0.0667,0.0300,True,False,True,2,2,unknown,unknown
MH-002,2022->2023,124,89,-0.0869,0.0774,-0.0059,True,False,True,2,2,vegetation,shrub_and_scrub
MH-002,2022->2023,125,30,-0.0866,0.0563,0.0561,True,False,True,2,2,vegetation,shrub_and_scrub
MH-002,2022->2023,125,31,-0.1079,0.0587,0.0363,True,False,True,2,2,vegetation,shrub_and_scrub
MH-002,2022->2023,125,32,-0.1019,0.0569,0.0403,True,False,True,2,2,vegetation,shrub_and_scrub
MH-002,2022->2023,125,33,-0.0801,0.0568,0.0796,False,True,True,2,2,unknown,unknown
MH-002,2022->2023,125,60,-0.0950,0.0272,0.0742,True,True,False,2,2,vegetation,trees
MH-002,2022->2023,125,87,-0.1095,0.0476,0.0447,True,False,True,2,2,vegetation,trees
MH-002,2022->2023,125,88,-0.1105,0.0681,0.0221,True,False,True,2,2,vegetation,shrub_and_scrub
MH-002,2022->2023,126,29,-0.0917,0.0552,0.0443,True,False,True,2,2,vegetation,shrub_and_scrub
MH-002,2022->2023,126,30,-0.0967,0.0585,0.0406,True,False,True,2,2,vegetation,shrub_and_scrub
MH-002,2022->2023,126,31,-0.1041,0.0583,0.0017,True,False,True,2,2,vegetation,shrub_and_scrub
MH-002,2022->2023,126,32,-0.1190,0.0750,0.0366,True,False,True,2,2,vegetation,shrub_and_scrub
MH-002,2022->2023,126,33,-0.0999,0.0626,0.0626,True,False,True,2,2,vegetation,shrub_and_scrub
MH-002,2022->2023,126,36,-0.0882,0.0591,0.0655,True,False,True,2,2,vegetation,trees
MH-002,2022->2023,126,60,-0.1006,0.0393,0.0973,True,True,False,2,2,vegetation,trees
MH-002,2022->2023,126,87,-0.1262,0.0621,0.0504,True,False,True,2,2,vegetation,trees
MH-002,2022->2023,126,88,-0.1209,0.0792,0.0359,True,False,True,2,2,unknown,unknown
MH-002,2022->2023,127,32,-0.1005,0.0573,0.0457,True,False,True,2,2,vegetation,shrub_and_scrub
MH-002,2022->2023,127,35,-0.0908,0.0644,0.0662,True,False,True,2,2,unknown,unknown
MH-002,2022->2023,127,36,-0.1018,0.0591,0.0817,True,True,True,3,2,vegetation,trees
MH-002,2022->2023,127,37,-0.0910,0.0472,0.0727,True,False,True,2,2,vegetation,trees
MH-002,2022->2023,127,84,-0.0999,0.0601,0.0747,True,True,True,3,2,vegetation,trees
MH-002,2022->2023,127,85,-0.1202,0.0494,0.0913,True,True,True,3,2,vegetation,trees
MH-002,2022->2023,127,86,-0.1227,0.0391,0.0828,True,True,False,2,2,vegetation,trees
MH-002,2022->2023,127,87,-0.1357,0.0596,0.0449,True,False,True,2,2,vegetation,trees
MH-002,2022->2023,128,18,-0.1015,0.0527,0.0763,True,True,True,3,2,vegetation,trees
MH-002,2022->2023,128,35,-0.0934,0.0598,0.0548,True,False,True,2,2,vegetation,shrub_and_scrub
MH-002,2022->2023,128,84,-0.1468,0.0692,0.1743,True,True,True,3,2,vegetation,trees
MH-002,2022->2023,128,85,-0.1499,0.0579,0.1763,True,True,True,3,2,vegetation,trees
MH-002,2022->2023,128,86,-0.1279,0.0520,0.1065,True,True,True,3,2,vegetation,trees
MH-002,2022->2023,128,87,-0.1179,0.0691,0.0345,True,False,True,2,2,vegetation,trees
MH-002,2022->2023,129,18,-0.1155,0.0580,0.0977,True,True,True,3,2,vegetation,trees
MH-002,2022->2023,129,84,-0.1757,0.0810,0.2037,True,True,True,3,2,vegetation,trees
MH-002,2022->2023,129,85,-0.1603,0.0715,0.1816,True,True,True,3,2,vegetation,trees
MH-002,2022->2023,129,86,-0.1159,0.0617,0.0863,True,True,True,3,2,unknown,unknown
MH-002,2022->2023,130,36,-0.0916,0.0635,0.0715,True,False,True,2,2,vegetation,shrub_and_scrub
MH-002,2022->2023,130,85,-0.1227,0.0505,0.1056,True,True,True,3,2,vegetation,trees
MH-002,2022->2023,131,40,-0.0955,0.0474,0.0774,True,True,True,3,2,vegetation,trees
MH-002,2022->2023,131,41,-0.0986,0.0489,0.0817,True,True,True,3,2,vegetation,trees
MH-002,2022->2023,131,42,-0.0903,0.0475,0.0720,True,False,True,2,2,vegetation,trees
MH-002,2022->2023,132,40,-0.1169,0.0488,0.0754,True,True,True,3,2,vegetation,trees
MH-002,2022->2023,134,36,-0.0871,0.0416,0.0794,True,True,False,2,2,vegetation,shrub_and_scrub
MH-002,2022->2023,134,74,-0.0867,0.0440,0.0769,True,True,False,2,2,vegetation,trees
MH-002,2022->2023,135,75,-0.0757,0.0536,0.0994,False,True,True,2,2,vegetation,trees
MH-002,2022->2023,135,76,-0.0706,0.0480,0.0780,False,True,True,2,2,unknown,unknown
MH-002,2022->2023,137,47,-0.1015,0.0627,0.0606,True,False,True,2,2,vegetation,shrub_and_scrub
MH-002,2022->2023,138,30,-0.0931,0.0471,0.0552,True,False,True,2,2,vegetation,trees
MH-002,2022->2023,138,45,-0.0894,0.0531,0.0366,True,False,True,2,2,unknown,unknown
MH-002,2022->2023,138,46,-0.1042,0.0712,0.0545,True,False,True,2,2,unknown,unknown
MH-002,2022->2023,138,73,-0.1059,0.0502,0.0927,True,True,True,3,2,vegetation,trees
MH-002,2022->2023,138,74,-0.1172,0.0520,0.1029,True,True,True,3,2,vegetation,trees
MH-002,2022->2023,138,75,-0.0920,0.0282,0.0974,True,True,False,2,2,vegetation,trees
MH-002,2022->2023,139,45,-0.0999,0.0492,0.0448,True,False,True,2,2,unknown,unknown
MH-002,2022->2023,139,53,-0.0991,0.0491,0.0622,True,False,True,2,2,unknown,unknown
MH-002,2022->2023,139,72,-0.0925,0.0390,0.0827,True,True,False,2,2,vegetation,trees
MH-002,2022->2023,139,73,-0.1422,0.0685,0.1406,True,True,True,3,2,vegetation,trees
MH-002,2022->2023,139,74,-0.1303,0.0445,0.1374,True,True,False,2,2,vegetation,trees
MH-002,2022->2023,140,53,-0.0881,0.0498,0.0651,True,False,True,2,2,unknown,unknown
MH-002,2022->2023,140,73,-0.1192,0.0462,0.1080,True,True,False,2,2,vegetation,trees
MH-002,2022->2023,141,31,0.0726,-0.1287,0.1056,False,True,True,2,2,vegetation,trees
MH-002,2022->2023,141,35,-0.0949,0.0470,0.0465,True,False,True,2,2,vegetation,trees
MH-002,2022->2023,141,44,-0.0970,0.0503,0.1144,True,True,True,3,2,unknown,unknown
MH-002,2022->2023,142,33,-0.0966,0.0410,0.0777,True,True,False,2,2,unknown,unknown
MH-002,2022->2023,144,42,-0.1022,0.0532,0.0442,True,False,True,2,2,vegetation,shrub_and_scrub
MH-002,2022->2023,145,40,-0.0933,0.0512,0.0273,True,False,True,2,2,unknown,unknown
MH-002,2022->2023,147,41,-0.0872,0.0474,0.0233,True,False,True,2,2,unknown,unknown
MH-002,2022->2023,148,37,-0.0883,0.0504,0.0475,True,False,True,2,2,vegetation,shrub_and_scrub
MH-002,2022->2023,149,37,-0.0905,0.0575,0.0467,True,False,True,2,2,vegetation,shrub_and_scrub
MH-002,2022->2023,149,38,-0.0907,0.0504,0.0277,True,False,True,2,2,vegetation,shrub_and_scrub
MH-002,2023->2024,34,47,-0.0938,0.0270,0.0764,True,True,False,2,2,vegetation,trees
MH-002,2023->2024,34,48,-0.0933,0.0393,0.0816,True,True,False,2,2,vegetation,trees
MH-002,2023->2024,35,47,-0.1025,0.0353,0.1013,True,True,False,2,2,vegetation,trees
MH-002,2023->2024,36,47,-0.0993,0.0555,0.0692,True,False,True,2,2,vegetation,trees
MH-002,2023->2024,36,48,-0.0947,0.0542,0.0807,True,True,True,3,2,vegetation,trees
MH-002,2023->2024,40,50,-0.0868,0.0254,0.0950,True,True,False,2,2,vegetation,trees
MH-002,2023->2024,41,50,-0.0953,0.0217,0.0806,True,True,False,2,2,vegetation,trees
MH-002,2023->2024,54,19,-0.0880,0.0235,0.0923,True,True,False,2,2,vegetation,trees
MH-002,2023->2024,54,38,-0.1101,0.0652,0.0916,True,True,True,3,2,unknown,unknown
MH-002,2023->2024,60,152,-0.1061,0.0267,0.0908,True,True,False,2,2,unknown,unknown
MH-002,2023->2024,60,153,-0.1135,0.0348,0.0807,True,True,False,2,2,unknown,unknown
MH-002,2023->2024,61,34,-0.1056,0.0170,0.0885,True,True,False,2,2,vegetation,trees
MH-002,2023->2024,61,143,-0.0899,0.0469,0.0451,True,False,True,2,2,unknown,unknown
MH-002,2023->2024,61,151,-0.0988,0.0304,0.0877,True,True,False,2,2,unknown,unknown
MH-002,2023->2024,63,135,-0.0872,0.0501,0.0834,True,True,True,3,2,vegetation,shrub_and_scrub
MH-002,2023->2024,63,136,-0.0902,0.0491,0.0808,True,True,True,3,2,vegetation,shrub_and_scrub
MH-002,2023->2024,63,152,-0.1182,0.0507,0.0429,True,False,True,2,2,unknown,unknown
MH-002,2023->2024,63,153,-0.1145,0.0552,0.0550,True,False,True,2,2,unknown,unknown
MH-002,2023->2024,63,154,-0.1046,0.0470,0.0398,True,False,True,2,2,unknown,unknown
MH-002,2023->2024,64,153,-0.1479,0.0632,0.0791,True,True,True,3,2,unknown,unknown
MH-002,2023->2024,64,157,-0.0909,0.0517,0.0778,True,True,True,3,2,unknown,unknown
MH-002,2023->2024,65,151,-0.1107,0.0500,0.0817,True,True,True,3,2,unknown,unknown
MH-002,2023->2024,65,156,-0.1124,0.0380,0.0854,True,True,False,2,2,unknown,unknown
MH-002,2023->2024,66,141,-0.0923,0.0491,0.0580,True,False,True,2,2,unknown,unknown
MH-002,2023->2024,66,150,-0.0972,0.0442,0.0961,True,True,False,2,2,unknown,unknown
MH-002,2023->2024,66,151,-0.1203,0.0414,0.0825,True,True,False,2,2,unknown,unknown
MH-002,2023->2024,66,152,-0.1051,0.0544,0.0661,True,False,True,2,2,unknown,unknown
MH-002,2023->2024,66,155,-0.0896,0.0457,0.0789,True,True,False,2,2,unknown,unknown
MH-002,2023->2024,66,156,-0.0967,0.0369,0.0752,True,True,False,2,2,unknown,unknown
MH-002,2023->2024,67,138,-0.0500,0.0496,0.0798,False,True,True,2,2,unknown,unknown
MH-002,2023->2024,67,148,-0.0952,0.0462,0.0870,True,True,False,2,2,unknown,unknown
MH-002,2023->2024,67,149,-0.1078,0.0443,0.0862,True,True,False,2,2,unknown,unknown
MH-002,2023->2024,67,150,-0.1179,0.0392,0.0770,True,True,False,2,2,unknown,unknown
MH-002,2023->2024,67,151,-0.1132,0.0399,0.0888,True,True,False,2,2,unknown,unknown
MH-002,2023->2024,67,154,-0.1083,0.0470,0.0473,True,False,True,2,2,unknown,unknown
MH-002,2023->2024,67,155,-0.1184,0.0402,0.0804,True,True,False,2,2,unknown,unknown
MH-002,2023->2024,67,156,-0.1407,0.0450,0.0826,True,True,False,2,2,unknown,unknown
MH-002,2023->2024,67,157,-0.1275,0.0455,0.0849,True,True,False,2,2,unknown,unknown
MH-002,2023->2024,67,161,-0.0920,0.0342,0.1088,True,True,False,2,2,vegetation,trees
MH-002,2023->2024,68,146,-0.1087,0.0524,0.0990,True,True,True,3,2,unknown,unknown
MH-002,2023->2024,68,147,-0.1040,0.0481,0.0865,True,True,True,3,2,unknown,unknown
MH-002,2023->2024,68,148,-0.1166,0.0490,0.0928,True,True,True,3,2,unknown,unknown
MH-002,2023->2024,68,149,-0.1202,0.0474,0.0734,True,True,True,3,2,unknown,unknown
MH-002,2023->2024,68,150,-0.1181,0.0411,0.0742,True,True,False,2,2,unknown,unknown
MH-002,2023->2024,68,151,-0.1310,0.0361,0.0872,True,True,False,2,2,unknown,unknown
MH-002,2023->2024,68,155,-0.1355,0.0523,0.0797,True,True,True,3,2,unknown,unknown
MH-002,2023->2024,68,158,-0.1296,0.0420,0.0840,True,True,False,2,2,unknown,unknown
MH-002,2023->2024,68,159,-0.1274,0.0492,0.0873,True,True,True,3,2,unknown,unknown
MH-002,2023->2024,68,160,-0.1098,0.0365,0.0921,True,True,False,2,2,unknown,unknown
MH-002,2023->2024,68,162,-0.0896,0.0414,0.1070,True,True,False,2,2,vegetation,trees
MH-002,2023->2024,68,163,-0.0983,0.0262,0.0945,True,True,False,2,2,vegetation,trees
MH-002,2023->2024,69,146,-0.0872,0.0584,0.0765,True,True,True,3,2,unknown,unknown
MH-002,2023->2024,69,147,-0.1012,0.0586,0.0752,True,True,True,3,2,unknown,unknown
MH-002,2023->2024,69,148,-0.1021,0.0560,0.0599,True,False,True,2,2,unknown,unknown
MH-002,2023->2024,69,149,-0.1088,0.0579,0.0618,True,False,True,2,2,unknown,unknown
MH-002,2023->2024,69,150,-0.1117,0.0487,0.0507,True,False,True,2,2,unknown,unknown
MH-002,2023->2024,69,151,-0.1308,0.0505,0.0667,True,False,True,2,2,unknown,unknown
MH-002,2023->2024,69,157,-0.0887,0.0283,0.0800,True,True,False,2,2,unknown,unknown
MH-002,2023->2024,69,158,-0.1045,0.0438,0.0861,True,True,False,2,2,unknown,unknown
MH-002,2023->2024,69,162,-0.1019,0.0136,0.0777,True,True,False,2,2,vegetation,trees
MH-002,2023->2024,69,163,-0.1076,0.0278,0.1012,True,True,False,2,2,vegetation,trees
MH-002,2023->2024,70,149,-0.1004,0.0572,0.0663,True,False,True,2,2,unknown,unknown
MH-002,2023->2024,70,150,-0.1077,0.0595,0.0654,True,False,True,2,2,unknown,unknown
MH-002,2023->2024,70,159,-0.1099,0.0392,0.0753,True,True,False,2,2,unknown,unknown
MH-002,2023->2024,70,161,-0.1055,0.0356,0.0761,True,True,False,2,2,vegetation,trees
MH-002,2023->2024,70,162,-0.1126,0.0389,0.1021,True,True,False,2,2,vegetation,trees
MH-002,2023->2024,70,163,-0.0922,0.0263,0.0991,True,True,False,2,2,vegetation,trees
MH-002,2023->2024,71,145,-0.1073,0.0291,0.0793,True,True,False,2,2,unknown,unknown
MH-002,2023->2024,71,146,-0.1372,0.0458,0.0887,True,True,False,2,2,unknown,unknown
MH-002,2023->2024,71,151,-0.1135,0.0558,0.0729,True,False,True,2,2,unknown,unknown
MH-002,2023->2024,71,156,-0.0984,0.0473,0.0736,True,True,True,3,2,unknown,unknown
MH-002,2023->2024,71,157,-0.1071,0.0427,0.0850,True,True,False,2,2,unknown,unknown
MH-002,2023->2024,71,158,-0.0905,0.0336,0.0731,True,True,False,2,2,unknown,unknown
MH-002,2023->2024,71,160,-0.1006,0.0521,0.0914,True,True,True,3,2,unknown,unknown
MH-002,2023->2024,71,161,-0.1033,0.0529,0.0859,True,True,True,3,2,vegetation,trees
MH-002,2023->2024,71,162,-0.1030,0.0419,0.0833,True,True,False,2,2,vegetation,trees
MH-002,2023->2024,71,163,-0.0931,0.0245,0.0760,True,True,False,2,2,vegetation,trees
MH-002,2023->2024,71,164,-0.0891,0.0198,0.0912,True,True,False,2,2,vegetation,trees
MH-002,2023->2024,72,112,-0.0960,0.0248,0.0757,True,True,False,2,2,unknown,unknown
MH-002,2023->2024,72,145,-0.1110,0.0317,0.0800,True,True,False,2,2,unknown,unknown
MH-002,2023->2024,72,146,-0.1301,0.0435,0.0948,True,True,False,2,2,unknown,unknown
MH-002,2023->2024,72,156,-0.1023,0.0423,0.0733,True,True,False,2,2,unknown,unknown
MH-002,2023->2024,72,157,-0.0904,0.0206,0.0731,True,True,False,2,2,unknown,unknown
MH-002,2023->2024,72,160,-0.1042,0.0422,0.0788,True,True,False,2,2,unknown,unknown
MH-002,2023->2024,72,161,-0.1102,0.0419,0.0856,True,True,False,2,2,vegetation,trees
MH-002,2023->2024,72,162,-0.1135,0.0352,0.0819,True,True,False,2,2,vegetation,trees
MH-002,2023->2024,73,138,-0.0999,0.0408,0.0733,True,True,False,2,2,unknown,unknown
MH-002,2023->2024,73,152,-0.1389,0.0603,0.0653,True,False,True,2,2,unknown,unknown
MH-002,2023->2024,73,156,-0.1126,0.0449,0.0819,True,True,False,2,2,unknown,unknown
MH-002,2023->2024,73,160,-0.1141,0.0497,0.0881,True,True,True,3,2,unknown,unknown
MH-002,2023->2024,73,161,-0.0909,0.0464,0.0874,True,True,False,2,2,vegetation,trees
MH-002,2023->2024,74,124,-0.1012,0.0239,0.0841,True,True,False,2,2,vegetation,trees
MH-002,2023->2024,74,135,-0.0870,0.0267,0.0733,True,True,False,2,2,vegetation,trees
MH-002,2023->2024,74,160,-0.1206,0.0324,0.1020,True,True,False,2,2,unknown,unknown
MH-002,2023->2024,74,161,-0.0926,0.0491,0.1082,True,True,True,3,2,vegetation,trees
MH-002,2023->2024,74,162,-0.0696,0.0488,0.0861,False,True,True,2,2,vegetation,trees
MH-002,2023->2024,74,164,-0.0883,0.0594,0.0518,True,False,True,2,2,vegetation,trees
MH-002,2023->2024,75,154,-0.0932,0.0490,0.0277,True,False,True,2,2,unknown,unknown
MH-002,2023->2024,75,155,-0.0926,0.0545,0.0390,True,False,True,2,2,unknown,unknown
MH-002,2023->2024,75,156,-0.0934,0.0495,0.0504,True,False,True,2,2,unknown,unknown
MH-002,2023->2024,76,163,-0.0904,0.0505,0.0770,True,True,True,3,2,vegetation,trees
MH-002,2023->2024,77,146,-0.1049,0.0288,0.0868,True,True,False,2,2,unknown,unknown
MH-002,2023->2024,77,162,-0.0942,0.0407,0.0759,True,True,False,2,2,vegetation,trees
MH-002,2023->2024,78,162,-0.1139,0.0480,0.1038,True,True,True,3,2,vegetation,trees
MH-002,2023->2024,78,163,-0.1025,0.0642,0.1096,True,True,True,3,2,vegetation,trees
MH-002,2023->2024,80,163,-0.1262,0.0309,0.0851,True,True,False,2,2,vegetation,trees
MH-002,2023->2024,81,34,-0.0890,0.0230,0.0848,True,True,False,2,2,vegetation,trees
MH-002,2023->2024,81,35,-0.1003,0.0228,0.0772,True,True,False,2,2,vegetation,trees
MH-002,2023->2024,81,79,-0.0992,0.1072,0.0035,True,False,True,2,2,vegetation,trees
MH-002,2023->2024,81,80,-0.1211,0.1176,0.0395,True,False,True,2,2,unknown,unknown
MH-002,2023->2024,81,81,-0.0908,0.0911,0.0178,True,False,True,2,2,unknown,unknown
MH-002,2023->2024,81,164,-0.0876,0.0369,0.0955,True,True,False,2,2,vegetation,trees
MH-002,2023->2024,81,166,-0.1043,0.0385,0.1039,True,True,False,2,2,unknown,unknown
MH-002,2023->2024,82,83,-0.0981,0.1110,-0.0263,True,False,True,2,2,vegetation,shrub_and_scrub
MH-002,2023->2024,82,94,-0.1231,0.0987,0.0264,True,False,True,2,2,unknown,unknown
MH-002,2023->2024,82,107,-0.1644,0.1702,0.0794,True,True,True,3,2,unknown,unknown
MH-002,2023->2024,82,108,-0.1789,0.1868,0.0205,True,False,True,2,2,unknown,unknown
MH-002,2023->2024,82,111,-0.1100,0.0985,-0.0242,True,False,True,2,2,unknown,unknown
MH-002,2023->2024,82,164,-0.0807,0.0471,0.1044,False,True,True,2,2,vegetation,trees
MH-002,2023->2024,82,166,-0.1009,0.0465,0.0888,True,True,False,2,2,unknown,unknown
MH-002,2023->2024,83,90,-0.0879,0.0561,0.0228,True,False,True,2,2,vegetation,shrub_and_scrub
MH-002,2023->2024,83,91,-0.1016,0.0650,0.0437,True,False,True,2,2,vegetation,shrub_and_scrub
MH-002,2023->2024,83,92,-0.1173,0.0714,0.0519,True,False,True,2,2,unknown,unknown
MH-002,2023->2024,83,93,-0.1388,0.1160,0.0642,True,False,True,2,2,unknown,unknown
MH-002,2023->2024,83,106,-0.1308,0.1578,0.0177,True,False,True,2,2,unknown,unknown
MH-002,2023->2024,83,107,-0.2213,0.2290,-0.0408,True,False,True,2,2,unknown,unknown
MH-002,2023->2024,83,110,-0.1152,0.1489,-0.0231,True,False,True,2,2,unknown,unknown
MH-002,2023->2024,83,122,-0.0941,0.0220,0.1058,True,True,False,2,2,vegetation,trees
MH-002,2023->2024,84,98,-0.0929,0.1178,0.0141,True,False,True,2,2,unknown,unknown
MH-002,2023->2024,84,99,-0.0987,0.1191,0.0170,True,False,True,2,2,unknown,unknown
MH-002,2023->2024,84,100,-0.1013,0.1067,0.0270,True,False,True,2,2,unknown,unknown
MH-002,2023->2024,84,101,-0.1012,0.1143,0.0236,True,False,True,2,2,unknown,unknown
MH-002,2023->2024,84,104,-0.2339,0.2314,0.0588,True,False,True,2,2,unknown,unknown
MH-002,2023->2024,84,105,-0.3046,0.3122,0.0174,True,False,True,2,2,unknown,unknown
MH-002,2023->2024,84,167,-0.0903,0.0498,0.0585,True,False,True,2,2,vegetation,shrub_and_scrub
MH-002,2023->2024,85,98,-0.1374,0.1486,-0.0050,True,False,True,2,2,unknown,unknown
MH-002,2023->2024,85,99,-0.1126,0.1256,0.0059,True,False,True,2,2,unknown,unknown
MH-002,2023->2024,85,100,-0.1658,0.1419,-0.0018,True,False,True,2,2,unknown,unknown
MH-002,2023->2024,85,108,-0.1299,0.1588,-0.0197,True,False,True,2,2,unknown,unknown
MH-002,2023->2024,86,107,-0.1165,0.1569,0.0032,True,False,True,2,2,unknown,unknown
MH-002,2023->2024,86,108,-0.0908,0.0970,-0.0222,True,False,True,2,2,unknown,unknown
MH-002,2023->2024,87,54,-0.1242,0.0645,0.0553,True,False,True,2,2,vegetation,trees
MH-002,2023->2024,87,55,-0.1156,0.0497,0.0303,True,False,True,2,2,vegetation,trees
MH-002,2023->2024,87,83,-0.1415,0.1516,-0.0242,True,False,True,2,2,unknown,unknown
MH-002,2023->2024,87,84,-0.2022,0.1773,-0.0275,True,False,True,2,2,unknown,unknown
MH-002,2023->2024,87,107,-0.0917,0.0981,-0.0336,True,False,True,2,2,unknown,unknown
MH-002,2023->2024,88,51,-0.0968,0.0734,0.0056,True,False,True,2,2,unknown,unknown
MH-002,2023->2024,88,53,-0.1045,0.0524,0.0366,True,False,True,2,2,vegetation,shrub_and_scrub
MH-002,2023->2024,88,54,-0.1613,0.0902,0.0895,True,True,True,3,2,unknown,unknown
MH-002,2023->2024,88,55,-0.1346,0.0556,0.0471,True,False,True,2,2,vegetation,trees
MH-002,2023->2024,88,81,-0.1028,0.1202,-0.0154,True,False,True,2,2,vegetation,shrub_and_scrub
MH-002,2023->2024,88,82,-0.1126,0.1384,-0.0538,True,False,True,2,2,vegetation,shrub_and_scrub
MH-002,2023->2024,88,84,-0.1600,0.1326,-0.0354,True,False,True,2,2,vegetation,shrub_and_scrub
MH-002,2023->2024,88,167,-0.0928,0.0355,0.1241,True,True,False,2,2,unknown,unknown
MH-002,2023->2024,89,54,-0.1612,0.0929,0.0912,True,True,True,3,2,vegetation,shrub_and_scrub
MH-002,2023->2024,89,55,-0.1390,0.0774,0.0725,True,False,True,2,2,vegetation,trees
MH-002,2023->2024,89,56,-0.1051,0.0485,0.0346,True,False,True,2,2,vegetation,trees
MH-002,2023->2024,89,84,-0.1755,0.1161,-0.0309,True,False,True,2,2,vegetation,shrub_and_scrub
MH-002,2023->2024,89,85,-0.2139,0.1267,-0.0044,True,False,True,2,2,vegetation,shrub_and_scrub
MH-002,2023->2024,89,103,-0.2798,0.2363,0.0977,True,True,True,3,2,unknown,unknown
MH-002,2023->2024,89,104,-0.2148,0.2104,0.0830,True,True,True,3,2,unknown,unknown
MH-002,2023->2024,89,105,-0.1570,0.1234,0.0642,True,False,True,2,2,unknown,unknown
MH-002,2023->2024,89,141,-0.0980,0.0272,0.0973,True,True,False,2,2,unknown,unknown
MH-002,2023->2024,89,168,-0.0905,0.0399,0.1024,True,True,False,2,2,vegetation,trees
MH-002,2023->2024,90,54,-0.1248,0.0629,0.0611,True,False,True,2,2,vegetation,shrub_and_scrub
MH-002,2023->2024,90,55,-0.1293,0.0762,0.0638,True,False,True,2,2,vegetation,shrub_and_scrub
MH-002,2023->2024,90,102,-0.1808,0.1745,0.0268,True,False,True,2,2,unknown,unknown
MH-002,2023->2024,90,103,-0.1373,0.1164,0.0671,True,False,True,2,2,unknown,unknown
MH-002,2023->2024,90,104,-0.0882,0.0695,0.0688,True,False,True,2,2,unknown,unknown
MH-002,2023->2024,90,157,-0.0887,0.0236,0.1264,True,True,False,2,2,unknown,unknown
MH-002,2023->2024,90,171,-0.1036,0.0427,0.0905,True,True,False,2,2,unknown,unknown
MH-002,2023->2024,91,27,-0.0909,0.0519,0.0868,True,True,True,3,2,vegetation,trees
MH-002,2023->2024,91,28,-0.0944,0.0486,0.0761,True,True,True,3,2,vegetation,trees
MH-002,2023->2024,91,29,-0.0928,0.0465,0.0917,True,True,False,2,2,vegetation,trees
MH-002,2023->2024,91,30,-0.1091,0.0563,0.1265,True,True,True,3,2,vegetation,trees
MH-002,2023->2024,91,54,-0.1134,0.0580,0.0617,True,False,True,2,2,vegetation,shrub_and_scrub
MH-002,2023->2024,91,55,-0.1035,0.0636,0.0685,True,False,True,2,2,vegetation,shrub_and_scrub
MH-002,2023->2024,91,87,-0.1016,0.1167,-0.0418,True,False,True,2,2,unknown,unknown
MH-002,2023->2024,91,101,-0.1727,0.1586,0.0656,True,False,True,2,2,unknown,unknown
MH-002,2023->2024,91,156,-0.0986,0.0123,0.0947,True,True,False,2,2,unknown,unknown
MH-002,2023->2024,91,157,-0.1271,0.0261,0.1430,True,True,False,2,2,unknown,unknown
MH-002,2023->2024,91,171,-0.1020,0.0330,0.0861,True,True,False,2,2,vegetation,trees
MH-002,2023->2024,92,30,-0.1040,0.0443,0.0996,True,True,False,2,2,vegetation,trees
MH-002,2023->2024,92,49,-0.1037,0.0578,0.0457,True,False,True,2,2,vegetation,trees
MH-002,2023->2024,92,54,-0.0959,0.0477,0.0499,True,False,True,2,2,vegetation,shrub_and_scrub
MH-002,2023->2024,92,55,-0.0977,0.0522,0.0746,True,True,True,3,2,vegetation,shrub_and_scrub
MH-002,2023->2024,92,56,-0.1139,0.0710,0.0635,True,False,True,2,2,vegetation,shrub_and_scrub
MH-002,2023->2024,92,98,-0.2190,0.1965,0.0955,True,True,True,3,2,unknown,unknown
MH-002,2023->2024,92,99,-0.2203,0.1884,0.0984,True,True,True,3,2,unknown,unknown
MH-002,2023->2024,92,101,-0.0814,0.0930,0.0802,False,True,True,2,2,unknown,unknown
MH-002,2023->2024,92,102,-0.0915,0.0874,0.0443,True,False,True,2,2,unknown,unknown
MH-002,2023->2024,92,151,-0.0864,0.0163,0.0828,True,True,False,2,2,unknown,unknown
MH-002,2023->2024,92,153,-0.0957,0.0273,0.1014,True,True,False,2,2,unknown,unknown
MH-002,2023->2024,92,167,-0.0908,0.0647,0.0708,True,False,True,2,2,vegetation,trees
MH-002,2023->2024,93,48,-0.1278,0.0578,0.0791,True,True,True,3,2,vegetation,trees
MH-002,2023->2024,93,49,-0.1138,0.0669,0.0418,True,False,True,2,2,vegetation,trees
MH-002,2023->2024,93,97,-0.1175,0.1261,0.0253,True,False,True,2,2,unknown,unknown
MH-002,2023->2024,93,99,-0.0932,0.0822,0.0706,True,False,True,2,2,unknown,unknown
MH-002,2023->2024,93,101,-0.1017,0.0751,0.0704,True,False,True,2,2,unknown,unknown
MH-002,2023->2024,93,158,-0.0896,0.0037,0.0819,True,True,False,2,2,unknown,unknown
MH-002,2023->2024,93,165,-0.0883,0.0477,0.0771,True,True,True,3,2,vegetation,trees
MH-002,2023->2024,94,49,-0.0931,0.0551,0.0231,True,False,True,2,2,vegetation,trees
MH-002,2023->2024,94,95,-0.1269,0.1205,-0.0488,True,False,True,2,2,unknown,unknown
MH-002,2023->2024,94,96,-0.1112,0.1476,-0.0548,True,False,True,2,2,unknown,unknown
MH-002,2023->2024,94,97,-0.1014,0.1382,-0.0306,True,False,True,2,2,unknown,unknown
MH-002,2023->2024,94,98,-0.0949,0.1140,-0.0043,True,False,True,2,2,unknown,unknown
MH-002,2023->2024,94,99,-0.0879,0.0875,0.0094,True,False,True,2,2,unknown,unknown
MH-002,2023->2024,95,35,-0.0981,0.0633,0.0779,True,True,True,3,2,vegetation,trees
MH-002,2023->2024,95,36,-0.1058,0.0591,0.0941,True,True,True,3,2,vegetation,trees
MH-002,2023->2024,95,94,-0.1995,0.1477,-0.0078,True,False,True,2,2,unknown,unknown
MH-002,2023->2024,95,95,-0.1469,0.1224,-0.0104,True,False,True,2,2,unknown,unknown
MH-002,2023->2024,95,96,-0.1017,0.1297,-0.0186,True,False,True,2,2,unknown,unknown
MH-002,2023->2024,95,97,-0.0958,0.1375,-0.0415,True,False,True,2,2,unknown,unknown
MH-002,2023->2024,95,98,-0.0972,0.1214,-0.0309,True,False,True,2,2,unknown,unknown
MH-002,2023->2024,95,105,-0.0890,0.0503,0.0594,True,False,True,2,2,unknown,unknown
MH-002,2023->2024,95,106,-0.0942,0.0708,0.0478,True,False,True,2,2,unknown,unknown
MH-002,2023->2024,95,150,-0.1017,0.0475,0.1143,True,True,True,3,2,unknown,unknown
MH-002,2023->2024,95,151,-0.1371,0.0420,0.1583,True,True,False,2,2,unknown,unknown
MH-002,2023->2024,95,152,-0.1195,0.0764,0.0786,True,True,True,3,2,unknown,unknown
MH-002,2023->2024,96,36,-0.0947,0.0475,0.0659,True,False,True,2,2,vegetation,trees
MH-002,2023->2024,96,95,-0.1714,0.1230,-0.0130,True,False,True,2,2,unknown,unknown
MH-002,2023->2024,96,96,-0.1078,0.1107,-0.0217,True,False,True,2,2,unknown,unknown
MH-002,2023->2024,96,98,-0.0975,0.1171,0.0107,True,False,True,2,2,unknown,unknown
MH-002,2023->2024,96,99,-0.1535,0.1762,-0.0138,True,False,True,2,2,unknown,unknown
MH-002,2023->2024,96,106,-0.0900,0.0739,0.0635,True,False,True,2,2,unknown,unknown
MH-002,2023->2024,96,110,-0.0872,0.0903,0.0423,True,False,True,2,2,unknown,unknown
MH-002,2023->2024,96,156,-0.0950,0.0486,0.1157,True,True,True,3,2,unknown,unknown
MH-002,2023->2024,97,95,-0.1694,0.1018,0.0086,True,False,True,2,2,unknown,unknown
MH-002,2023->2024,97,96,-0.1129,0.0892,-0.0069,True,False,True,2,2,unknown,unknown
MH-002,2023->2024,97,98,-0.0880,0.1036,-0.0037,True,False,True,2,2,unknown,unknown
MH-002,2023->2024,97,99,-0.1285,0.1494,0.0122,True,False,True,2,2,unknown,unknown
MH-002,2023->2024,97,156,-0.0871,0.0333,0.1122,True,True,False,2,2,unknown,unknown
MH-002,2023->2024,98,95,-0.1699,0.1545,0.0484,True,False,True,2,2,unknown,unknown
MH-002,2023->2024,98,166,-0.1015,0.0427,0.1069,True,True,False,2,2,vegetation,trees
MH-002,2023->2024,99,41,-0.0898,0.0518,0.0834,True,True,True,3,2,vegetation,trees
MH-002,2023->2024,99,96,-0.0900,0.1065,0.0107,True,False,True,2,2,unknown,unknown
MH-002,2023->2024,99,144,-0.1066,0.0485,0.0613,True,False,True,2,2,unknown,unknown
MH-002,2023->2024,99,146,-0.0944,0.0327,0.0884,True,True,False,2,2,unknown,unknown
MH-002,2023->2024,99,157,-0.0995,0.0395,0.1173,True,True,False,2,2,unknown,unknown
MH-002,2023->2024,99,158,-0.1040,0.0425,0.1087,True,True,False,2,2,unknown,unknown
MH-002,2023->2024,99,164,-0.0906,0.0107,0.0779,True,True,False,2,2,vegetation,trees
MH-002,2023->2024,99,166,-0.1000,0.0445,0.1238,True,True,False,2,2,vegetation,trees
MH-002,2023->2024,99,167,-0.1144,0.0421,0.1457,True,True,False,2,2,vegetation,trees
MH-002,2023->2024,99,168,-0.0993,0.0354,0.1229,True,True,False,2,2,vegetation,trees
MH-002,2023->2024,100,145,-0.0960,0.0577,0.0704,True,False,True,2,2,unknown,unknown
MH-002,2023->2024,100,147,-0.0961,0.0399,0.0951,True,True,False,2,2,unknown,unknown
MH-002,2023->2024,100,166,-0.1040,0.0508,0.1476,True,True,True,3,2,vegetation,trees
MH-002,2023->2024,100,167,-0.1016,0.0417,0.1468,True,True,False,2,2,vegetation,trees
MH-002,2023->2024,100,168,-0.1103,0.0578,0.1277,True,True,True,3,2,vegetation,trees
MH-002,2023->2024,101,42,-0.0905,0.0316,0.0821,True,True,False,2,2,vegetation,trees
MH-002,2023->2024,101,43,-0.0909,0.0390,0.0934,True,True,False,2,2,vegetation,trees
MH-002,2023->2024,101,159,-0.0960,0.0188,0.1022,True,True,False,2,2,unknown,unknown
MH-002,2023->2024,101,160,-0.1124,0.0371,0.0976,True,True,False,2,2,unknown,unknown
MH-002,2023->2024,101,164,-0.1195,0.0407,0.1074,True,True,False,2,2,vegetation,trees
MH-002,2023->2024,101,165,-0.1019,0.0371,0.1113,True,True,False,2,2,vegetation,trees
MH-002,2023->2024,101,166,-0.0954,0.0279,0.1273,True,True,False,2,2,vegetation,trees
MH-002,2023->2024,102,43,-0.0954,0.0406,0.0933,True,True,False,2,2,vegetation,trees
MH-002,2023->2024,102,44,-0.1055,0.0378,0.0877,True,True,False,2,2,vegetation,trees
MH-002,2023->2024,102,158,-0.1037,0.0301,0.0888,True,True,False,2,2,unknown,unknown
MH-002,2023->2024,102,159,-0.1074,0.0448,0.1173,True,True,False,2,2,unknown,unknown
MH-002,2023->2024,102,163,-0.0894,0.0443,0.0814,True,True,False,2,2,vegetation,trees
MH-002,2023->2024,102,164,-0.1034,0.0345,0.1009,True,True,False,2,2,vegetation,trees
MH-002,2023->2024,102,165,-0.1067,0.0527,0.1178,True,True,True,3,2,vegetation,trees
MH-002,2023->2024,102,169,-0.1174,0.0389,0.1027,True,True,False,2,2,vegetation,trees
MH-002,2023->2024,102,170,-0.1239,0.0413,0.1130,True,True,False,2,2,vegetation,trees
MH-002,2023->2024,102,171,-0.0924,0.0340,0.0937,True,True,False,2,2,vegetation,trees
MH-002,2023->2024,103,158,-0.1083,0.0365,0.1210,True,True,False,2,2,unknown,unknown
MH-002,2023->2024,103,159,-0.1265,0.0481,0.1379,True,True,True,3,2,unknown,unknown
MH-002,2023->2024,103,164,-0.0984,0.0445,0.0765,True,True,False,2,2,vegetation,trees
MH-002,2023->2024,103,169,-0.1454,0.0618,0.1245,True,True,True,3,2,vegetation,trees
MH-002,2023->2024,103,170,-0.1123,0.0341,0.0917,True,True,False,2,2,vegetation,trees
MH-002,2023->2024,104,158,-0.1065,0.0420,0.1286,True,True,False,2,2,unknown,unknown
MH-002,2023->2024,104,164,-0.1090,0.0419,0.0732,True,True,False,2,2,vegetation,trees
MH-002,2023->2024,104,165,-0.1113,0.0533,0.0796,True,True,True,3,2,vegetation,trees
MH-002,2023->2024,105,51,-0.0893,0.0183,0.0828,True,True,False,2,2,vegetation,trees
MH-002,2023->2024,105,157,-0.1285,0.0495,0.0560,True,False,True,2,2,unknown,unknown
MH-002,2023->2024,105,158,-0.1215,0.0470,0.0984,True,True,True,3,2,unknown,unknown
MH-002,2023->2024,105,164,-0.1026,0.0482,0.0656,True,False,True,2,2,vegetation,trees
MH-002,2023->2024,105,165,-0.1018,0.0523,0.0846,True,True,True,3,2,vegetation,trees
MH-002,2023->2024,106,158,-0.1066,0.0584,0.0617,True,False,True,2,2,unknown,unknown
MH-002,2023->2024,106,159,-0.0962,0.0592,0.0186,True,False,True,2,2,unknown,unknown
MH-002,2023->2024,106,160,-0.0918,0.0608,0.0529,True,False,True,2,2,unknown,unknown
MH-002,2023->2024,106,165,-0.1095,0.0507,0.0619,True,False,True,2,2,vegetation,trees
MH-002,2023->2024,107,62,-0.0949,0.0637,0.0531,True,False,True,2,2,unknown,unknown
MH-002,2023->2024,107,156,-0.0913,0.0364,0.0732,True,True,False,2,2,unknown,unknown
MH-002,2023->2024,107,157,-0.0955,0.0484,0.0511,True,False,True,2,2,unknown,unknown
MH-002,2023->2024,107,158,-0.0899,0.0598,-0.0000,True,False,True,2,2,unknown,unknown
MH-002,2023->2024,107,161,-0.0931,0.0565,0.0610,True,False,True,2,2,vegetation,trees
MH-002,2023->2024,107,162,-0.0885,0.0521,0.0469,True,False,True,2,2,vegetation,trees
MH-002,2023->2024,107,163,-0.0946,0.0617,0.0576,True,False,True,2,2,vegetation,trees
MH-002,2023->2024,108,158,-0.0968,0.0591,0.0992,True,True,True,3,2,unknown,unknown
MH-002,2023->2024,108,159,-0.0969,0.0505,0.0836,True,True,True,3,2,unknown,unknown
MH-002,2023->2024,108,160,-0.1107,0.0539,0.0664,True,False,True,2,2,unknown,unknown
MH-002,2023->2024,108,161,-0.1385,0.0553,0.0576,True,False,True,2,2,vegetation,trees
MH-002,2023->2024,108,162,-0.1424,0.0596,0.0575,True,False,True,2,2,vegetation,trees
MH-002,2023->2024,108,165,-0.1357,0.0518,0.0494,True,False,True,2,2,vegetation,trees
MH-002,2023->2024,108,166,-0.1164,0.0620,0.0589,True,False,True,2,2,vegetation,trees
MH-002,2023->2024,109,61,-0.1025,0.0370,0.0952,True,True,False,2,2,vegetation,trees
MH-002,2023->2024,110,57,-0.0997,0.0324,0.0967,True,True,False,2,2,vegetation,trees
MH-002,2023->2024,110,58,-0.1101,0.0463,0.1213,True,True,False,2,2,vegetation,trees
MH-002,2023->2024,110,61,-0.1301,0.0473,0.1304,True,True,True,3,2,vegetation,trees
MH-002,2023->2024,110,62,-0.0939,0.0243,0.0886,True,True,False,2,2,vegetation,trees
MH-002,2023->2024,110,71,-0.0959,0.0266,0.0794,True,True,False,2,2,vegetation,shrub_and_scrub
MH-002,2023->2024,111,57,-0.1429,0.0537,0.1545,True,True,True,3,2,vegetation,trees
MH-002,2023->2024,111,58,-0.1483,0.0612,0.1720,True,True,True,3,2,vegetation,trees
MH-002,2023->2024,111,60,-0.0885,0.0106,0.1086,True,True,False,2,2,vegetation,trees
MH-002,2023->2024,111,61,-0.1055,0.0140,0.1169,True,True,False,2,2,vegetation,trees
MH-002,2023->2024,111,71,-0.1268,0.0544,0.0562,True,False,True,2,2,vegetation,shrub_and_scrub
MH-002,2023->2024,111,72,-0.1099,0.0539,0.0822,True,True,True,3,2,vegetation,shrub_and_scrub
MH-002,2023->2024,112,58,-0.0935,0.0344,0.1026,True,True,False,2,2,vegetation,trees
MH-002,2023->2024,112,71,-0.1333,0.0625,0.0559,True,False,True,2,2,unknown,unknown
MH-002,2023->2024,112,72,-0.1013,0.0542,0.0639,True,False,True,2,2,vegetation,shrub_and_scrub
MH-002,2023->2024,113,65,-0.1364,0.0450,0.1550,True,True,False,2,2,vegetation,trees
MH-002,2023->2024,114,12,-0.0867,0.0214,0.0825,True,True,False,2,2,vegetation,trees
MH-002,2023->2024,114,66,-0.1012,0.0328,0.1303,True,True,False,2,2,vegetation,trees
MH-002,2023->2024,114,67,-0.1122,0.0425,0.1492,True,True,False,2,2,vegetation,trees
MH-002,2023->2024,115,66,-0.0955,0.0218,0.0858,True,True,False,2,2,vegetation,trees
MH-002,2023->2024,115,67,-0.1147,0.0271,0.1098,True,True,False,2,2,vegetation,trees
MH-002,2023->2024,115,68,-0.0890,0.0217,0.0954,True,True,False,2,2,vegetation,trees
MH-002,2023->2024,116,66,-0.1048,0.0204,0.0876,True,True,False,2,2,vegetation,trees
MH-002,2023->2024,116,67,-0.0989,0.0245,0.1039,True,True,False,2,2,vegetation,trees
MH-002,2023->2024,116,68,-0.0971,0.0340,0.1225,True,True,False,2,2,vegetation,trees
MH-002,2023->2024,119,66,-0.0888,0.0278,0.0943,True,True,False,2,2,vegetation,trees
MH-002,2023->2024,119,80,-0.0888,0.0102,0.0858,True,True,False,2,2,vegetation,trees
MH-002,2023->2024,120,66,-0.0891,0.0206,0.0931,True,True,False,2,2,vegetation,trees
MH-002,2023->2024,120,68,-0.0992,0.0251,0.1082,True,True,False,2,2,vegetation,trees
MH-002,2023->2024,121,68,-0.1047,0.0145,0.0938,True,True,False,2,2,vegetation,trees
MH-002,2023->2024,121,69,-0.0880,0.0100,0.0897,True,True,False,2,2,vegetation,trees
MH-002,2023->2024,122,29,-0.0911,0.0896,0.0052,True,False,True,2,2,vegetation,trees
MH-002,2023->2024,123,29,-0.1318,0.1247,0.0133,True,False,True,2,2,unknown,unknown
MH-002,2023->2024,123,30,-0.1201,0.1227,0.0247,True,False,True,2,2,vegetation,shrub_and_scrub
MH-002,2023->2024,123,31,-0.1175,0.0963,0.0270,True,False,True,2,2,vegetation,shrub_and_scrub
MH-002,2023->2024,123,72,-0.1021,0.0247,0.0971,True,True,False,2,2,vegetation,trees
MH-002,2023->2024,123,73,-0.0903,0.0166,0.0869,True,True,False,2,2,vegetation,trees
MH-002,2023->2024,123,76,-0.0994,0.0135,0.0735,True,True,False,2,2,vegetation,trees
MH-002,2023->2024,124,29,-0.1252,0.1134,0.0150,True,False,True,2,2,vegetation,shrub_and_scrub
MH-002,2023->2024,124,30,-0.1281,0.1048,0.0124,True,False,True,2,2,vegetation,shrub_and_scrub
MH-002,2023->2024,124,70,-0.0902,0.0411,0.1142,True,True,False,2,2,vegetation,trees
MH-002,2023->2024,125,69,-0.0871,0.0390,0.0994,True,True,False,2,2,vegetation,trees
MH-002,2023->2024,125,70,-0.1576,0.0878,0.1551,True,True,True,3,2,vegetation,trees
MH-002,2023->2024,125,75,-0.0879,0.0171,0.0889,True,True,False,2,2,vegetation,trees
MH-002,2023->2024,126,70,-0.0770,0.0469,0.0917,False,True,True,2,2,vegetation,trees
MH-002,2023->2024,126,76,-0.0934,0.0224,0.0795,True,True,False,2,2,vegetation,trees
MH-002,2023->2024,127,50,-0.1054,0.0511,0.0812,True,True,True,3,2,vegetation,trees
MH-002,2023->2024,127,76,-0.1102,0.0269,0.0950,True,True,False,2,2,vegetation,trees
MH-002,2023->2024,128,46,-0.1101,0.0412,0.0775,True,True,False,2,2,vegetation,trees
MH-002,2023->2024,130,62,-0.1033,0.0393,0.1270,True,True,False,2,2,vegetation,trees
MH-002,2023->2024,130,63,-0.1075,0.0304,0.1209,True,True,False,2,2,vegetation,trees
MH-002,2023->2024,131,62,-0.1048,0.0357,0.1214,True,True,False,2,2,vegetation,trees
MH-002,2023->2024,131,63,-0.1074,0.0236,0.1249,True,True,False,2,2,vegetation,trees
MH-002,2023->2024,131,64,-0.0876,0.0326,0.0815,True,True,False,2,2,vegetation,trees
MH-002,2023->2024,132,35,-0.0941,0.1205,0.0183,True,False,True,2,2,vegetation,shrub_and_scrub
MH-002,2023->2024,132,62,-0.0950,0.0332,0.0981,True,True,False,2,2,vegetation,trees
MH-002,2023->2024,132,63,-0.0865,0.0402,0.1028,True,True,False,2,2,vegetation,trees
MH-002,2024->2025,3,37,-0.1337,0.0239,0.0945,True,True,False,2,2,vegetation,trees
MH-002,2024->2025,27,52,-0.0868,0.0294,0.1213,True,True,False,2,2,vegetation,trees
MH-002,2024->2025,28,40,-0.1185,0.0682,0.1261,True,True,True,3,2,vegetation,trees
MH-002,2024->2025,29,38,-0.1017,0.0549,0.0825,True,True,True,3,2,vegetation,trees
MH-002,2024->2025,29,39,-0.1116,0.0740,0.0918,True,True,True,3,2,vegetation,trees
MH-002,2024->2025,29,40,-0.1218,0.0743,0.1549,True,True,True,3,2,vegetation,trees
MH-002,2024->2025,30,35,-0.1041,0.0776,0.1508,True,True,True,3,2,unknown,unknown
MH-002,2024->2025,30,36,-0.1396,0.0826,0.1966,True,True,True,3,2,vegetation,trees
MH-002,2024->2025,30,37,-0.1170,0.0689,0.1605,True,True,True,3,2,vegetation,trees
MH-002,2024->2025,30,40,-0.0926,0.0437,0.1033,True,True,False,2,2,vegetation,trees
MH-002,2024->2025,30,41,-0.1457,0.0618,0.1497,True,True,True,3,2,vegetation,trees
MH-002,2024->2025,31,38,-0.1248,0.0721,0.0119,True,False,True,2,2,vegetation,trees
MH-002,2024->2025,31,40,-0.1150,0.0554,0.0999,True,True,True,3,2,vegetation,trees
MH-002,2024->2025,31,41,-0.0946,0.0206,0.1298,True,True,False,2,2,vegetation,trees
MH-002,2024->2025,32,38,-0.1253,0.0785,0.0511,True,False,True,2,2,vegetation,trees
MH-002,2024->2025,32,39,-0.1047,0.0612,0.0557,True,False,True,2,2,vegetation,trees
MH-002,2024->2025,34,9,-0.1547,0.1943,-0.0088,True,False,True,2,2,vegetation,shrub_and_scrub
MH-002,2024->2025,35,57,-0.1531,0.0584,0.1590,True,True,True,3,2,vegetation,trees
MH-002,2024->2025,42,3,-0.1109,0.0993,0.0444,True,False,True,2,2,vegetation,trees
MH-002,2024->2025,42,4,-0.0876,0.0777,0.0141,True,False,True,2,2,unknown,unknown
MH-002,2024->2025,44,5,-0.0960,0.0737,0.0258,True,False,True,2,2,vegetation,shrub_and_scrub
MH-002,2024->2025,45,5,-0.1576,0.1141,0.0306,True,False,True,2,2,unknown,unknown
MH-002,2024->2025,49,46,-0.0888,0.0471,0.0713,True,False,True,2,2,vegetation,trees
MH-002,2024->2025,50,9,-0.0912,0.0706,-0.0024,True,False,True,2,2,vegetation,shrub_and_scrub
MH-002,2024->2025,50,56,-0.0920,0.0634,-0.0072,True,False,True,2,2,vegetation,trees
MH-002,2024->2025,50,57,-0.1291,0.0930,0.0040,True,False,True,2,2,vegetation,trees
MH-002,2024->2025,51,26,-0.0878,0.1015,0.0143,True,False,True,2,2,vegetation,trees
MH-002,2024->2025,52,27,-0.0916,0.0946,0.0057,True,False,True,2,2,vegetation,trees
MH-002,2024->2025,52,28,-0.0909,0.1002,0.0159,True,False,True,2,2,vegetation,trees
MH-002,2024->2025,52,52,-0.1502,0.0629,0.0551,True,False,True,2,2,vegetation,trees
MH-002,2024->2025,53,31,-0.0949,0.0955,0.0265,True,False,True,2,2,vegetation,trees
MH-002,2024->2025,53,32,-0.0916,0.0919,0.0377,True,False,True,2,2,vegetation,trees
MH-002,2024->2025,53,38,-0.1193,0.1111,0.0632,True,False,True,2,2,unknown,unknown
MH-002,2024->2025,53,52,-0.0974,0.0503,0.0363,True,False,True,2,2,vegetation,trees
MH-002,2024->2025,54,33,-0.0934,0.0880,0.0154,True,False,True,2,2,vegetation,trees
MH-002,2024->2025,54,38,-0.1709,0.1253,0.0495,True,False,True,2,2,unknown,unknown
MH-002,2024->2025,54,39,-0.1384,0.0873,0.0620,True,False,True,2,2,unknown,unknown
MH-002,2024->2025,55,38,-0.1296,0.0760,0.0453,True,False,True,2,2,unknown,unknown
MH-002,2024->2025,55,39,-0.1157,0.0830,0.0740,True,True,True,3,2,unknown,unknown
MH-002,2024->2025,56,41,-0.1027,0.0599,0.0719,True,False,True,2,2,vegetation,trees
MH-002,2024->2025,57,40,-0.0889,0.0741,0.0492,True,False,True,2,2,unknown,unknown
MH-002,2024->2025,58,104,-0.0487,0.0511,0.0738,False,True,True,2,2,unknown,unknown
MH-002,2024->2025,59,99,-0.0662,0.0509,0.0731,False,True,True,2,2,unknown,unknown
MH-002,2024->2025,60,38,-0.0946,0.0516,0.0142,True,False,True,2,2,vegetation,trees
MH-002,2024->2025,60,126,-0.0932,0.0539,0.0056,True,False,True,2,2,vegetation,shrub_and_scrub
MH-002,2024->2025,61,38,-0.1408,0.0805,0.0567,True,False,True,2,2,vegetation,trees
MH-002,2024->2025,61,73,-0.0874,0.0574,0.1348,True,True,True,3,2,vegetation,trees
MH-002,2024->2025,63,89,-0.0867,0.0653,0.0812,True,True,True,3,2,unknown,unknown
MH-002,2024->2025,64,91,-0.0927,0.0791,0.0541,True,False,True,2,2,unknown,unknown
MH-002,2024->2025,65,28,-0.1016,0.0618,0.0654,True,False,True,2,2,vegetation,shrub_and_scrub
MH-002,2024->2025,66,28,-0.1113,0.0840,0.0393,True,False,True,2,2,vegetation,shrub_and_scrub
MH-002,2024->2025,76,115,-0.0914,0.0556,0.0368,True,False,True,2,2,vegetation,trees
MH-002,2024->2025,78,73,-0.0891,0.0471,0.0323,True,False,True,2,2,vegetation,trees
MH-002,2024->2025,80,101,-0.0954,0.0709,-0.0194,True,False,True,2,2,unknown,unknown
MH-002,2024->2025,81,75,-0.1202,0.0989,0.0743,True,True,True,3,2,unknown,unknown
MH-002,2024->2025,81,109,-0.0937,0.0836,-0.0032,True,False,True,2,2,unknown,unknown
MH-002,2024->2025,82,97,-0.0902,0.0807,0.0017,True,False,True,2,2,unknown,unknown
MH-002,2024->2025,82,100,-0.1083,0.0909,0.0043,True,False,True,2,2,unknown,unknown
MH-002,2024->2025,82,101,-0.1581,0.1558,0.0020,True,False,True,2,2,unknown,unknown
MH-002,2024->2025,82,102,-0.1336,0.1126,0.0356,True,False,True,2,2,unknown,unknown
MH-002,2024->2025,82,103,-0.1226,0.1119,0.0250,True,False,True,2,2,unknown,unknown
MH-002,2024->2025,82,107,-0.1155,0.1442,-0.0509,True,False,True,2,2,unknown,unknown
MH-002,2024->2025,82,108,-0.1127,0.2210,-0.0301,True,False,True,2,2,unknown,unknown
MH-002,2024->2025,83,98,-0.0909,0.0644,0.0155,True,False,True,2,2,unknown,unknown
MH-002,2024->2025,83,99,-0.1360,0.0978,-0.0141,True,False,True,2,2,unknown,unknown
MH-002,2024->2025,83,100,-0.1620,0.1325,-0.0068,True,False,True,2,2,unknown,unknown
MH-002,2024->2025,83,101,-0.2055,0.2012,-0.0490,True,False,True,2,2,unknown,unknown
MH-002,2024->2025,83,107,-0.1496,0.3444,0.0860,True,True,True,3,2,unknown,unknown
MH-002,2024->2025,83,110,-0.0948,0.1266,0.0002,True,False,True,2,2,unknown,unknown
MH-002,2024->2025,84,104,-0.1027,0.2354,-0.0331,True,False,True,2,2,unknown,unknown
MH-002,2024->2025,84,105,-0.1466,0.4166,-0.0952,True,False,True,2,2,unknown,unknown
MH-002,2024->2025,86,71,-0.0130,0.0513,0.0924,False,True,True,2,2,vegetation,trees
MH-002,2024->2025,86,72,-0.0301,0.0520,0.0771,False,True,True,2,2,vegetation,trees
MH-002,2024->2025,86,107,-0.0984,0.1076,-0.0123,True,False,True,2,2,unknown,unknown
MH-002,2024->2025,88,79,-0.0881,0.0934,0.0083,True,False,True,2,2,vegetation,trees
MH-002,2024->2025,88,80,-0.1053,0.1017,-0.0073,True,False,True,2,2,vegetation,shrub_and_scrub
MH-002,2024->2025,88,83,-0.0887,0.0600,-0.0084,True,False,True,2,2,vegetation,shrub_and_scrub
MH-002,2024->2025,88,84,-0.0944,0.0573,-0.0124,True,False,True,2,2,vegetation,shrub_and_scrub
MH-002,2024->2025,89,26,-0.0937,0.0547,0.0311,True,False,True,2,2,vegetation,trees
MH-002,2024->2025,92,80,-0.0812,0.0639,0.1113,False,True,True,2,2,vegetation,trees
MH-002,2024->2025,92,81,-0.1122,0.0633,0.1319,True,True,True,3,2,vegetation,trees
MH-002,2024->2025,92,98,-0.1117,0.0737,-0.0014,True,False,True,2,2,unknown,unknown
MH-002,2024->2025,92,99,-0.1150,0.0914,-0.0183,True,False,True,2,2,unknown,unknown
MH-002,2024->2025,92,101,-0.1207,0.0890,0.0299,True,False,True,2,2,unknown,unknown
MH-002,2024->2025,93,97,-0.1435,0.0917,0.0098,True,False,True,2,2,unknown,unknown
MH-002,2024->2025,93,98,-0.1478,0.1140,0.0051,True,False,True,2,2,unknown,unknown
MH-002,2024->2025,93,99,-0.1432,0.1121,-0.0407,True,False,True,2,2,unknown,unknown
MH-002,2024->2025,93,100,-0.1290,0.1038,0.0137,True,False,True,2,2,unknown,unknown
MH-002,2024->2025,95,84,-0.0350,0.0492,0.0742,False,True,True,2,2,vegetation,trees
MH-002,2024->2025,98,96,-0.1423,0.1105,0.0303,True,False,True,2,2,unknown,unknown
MH-002,2024->2025,98,97,-0.1502,0.0974,0.0087,True,False,True,2,2,unknown,unknown
MH-002,2024->2025,99,97,-0.1092,0.0805,-0.0091,True,False,True,2,2,unknown,unknown
MH-002,2024->2025,105,72,-0.1096,0.0652,0.0731,True,True,True,3,2,vegetation,trees
MH-002,2024->2025,110,58,-0.0893,0.0556,0.0301,True,False,True,2,2,vegetation,trees
MH-002,2024->2025,111,57,-0.0923,0.0686,0.0693,True,False,True,2,2,vegetation,trees
MH-002,2024->2025,111,58,-0.1169,0.0746,0.0597,True,False,True,2,2,vegetation,trees
MH-002,2024->2025,111,59,-0.1004,0.0633,0.0608,True,False,True,2,2,vegetation,trees
MH-002,2024->2025,112,57,-0.0987,0.0675,0.0920,True,True,True,3,2,vegetation,trees
MH-002,2024->2025,112,58,-0.0994,0.0659,0.0771,True,True,True,3,2,vegetation,trees
MH-002,2024->2025,113,67,-0.0948,0.0517,0.0617,True,False,True,2,2,vegetation,trees
MH-002,2024->2025,114,66,-0.1251,0.0853,0.1038,True,True,True,3,2,vegetation,trees
MH-002,2024->2025,114,67,-0.1199,0.0735,0.1025,True,True,True,3,2,vegetation,trees
MH-002,2024->2025,115,66,-0.1153,0.0869,0.1258,True,True,True,3,2,vegetation,trees
MH-002,2024->2025,115,67,-0.0791,0.0513,0.1053,False,True,True,2,2,vegetation,trees
MH-002,2024->2025,126,87,-0.0757,0.0657,0.0865,False,True,True,2,2,unknown,unknown
MH-002,2024->2025,127,86,-0.0852,0.0565,0.1162,False,True,True,2,2,vegetation,trees
MH-002,2024->2025,127,87,-0.0841,0.0650,0.0937,False,True,True,2,2,vegetation,trees
MH-002,2024->2025,128,86,-0.0866,0.0507,0.0826,True,True,True,3,2,vegetation,trees
MH-003,2024->2025,15,20,-0.2228,0.1633,0.0404,True,False,True,2,2,unknown,unknown
MH-003,2024->2025,16,19,-0.2473,0.1886,0.0464,True,False,True,2,2,vegetation,trees
MH-003,2024->2025,16,20,-0.2670,0.1865,0.0616,True,False,True,2,2,vegetation,trees
MH-003,2024->2025,16,21,-0.2604,0.1416,0.0438,True,False,True,2,2,vegetation,trees
MH-003,2024->2025,16,22,-0.2556,0.1575,0.0842,True,False,True,2,2,vegetation,trees
MH-003,2024->2025,17,19,-0.2180,0.1726,0.0527,True,False,True,2,2,unknown,unknown
MH-003,2024->2025,17,20,-0.2390,0.1741,0.0458,True,False,True,2,2,vegetation,trees
MH-003,2024->2025,17,22,-0.2848,0.1397,0.0917,True,False,True,2,2,vegetation,trees
MH-003,2024->2025,17,23,-0.3103,0.1893,0.1087,True,False,True,2,2,vegetation,trees
MH-003,2024->2025,18,21,-0.3220,0.1780,0.1212,True,True,True,3,2,vegetation,trees
MH-003,2024->2025,18,22,-0.3675,0.1952,0.1298,True,True,True,3,2,vegetation,trees
MH-003,2024->2025,18,23,-0.3448,0.1759,0.1243,True,True,True,3,2,vegetation,trees
MH-003,2024->2025,18,24,-0.3090,0.1624,0.0312,True,False,True,2,2,vegetation,trees
MH-003,2024->2025,19,19,-0.2131,0.1499,0.0764,True,False,True,2,2,vegetation,trees
MH-003,2024->2025,19,20,-0.2243,0.1411,0.1142,True,False,True,2,2,vegetation,trees
MH-003,2024->2025,19,21,-0.3077,0.1583,0.0970,True,False,True,2,2,vegetation,trees
MH-003,2024->2025,19,22,-0.2622,0.1394,0.0988,True,False,True,2,2,vegetation,trees
MH-003,2024->2025,19,24,-0.2969,0.1603,0.0059,True,False,True,2,2,vegetation,trees
MH-003,2024->2025,19,25,-0.2502,0.1473,0.0019,True,False,True,2,2,vegetation,trees
MH-003,2024->2025,20,19,-0.2678,0.1828,0.1101,True,False,True,2,2,vegetation,trees
MH-003,2024->2025,20,20,-0.3101,0.1958,0.1513,True,True,True,3,2,vegetation,trees
MH-003,2024->2025,20,21,-0.2733,0.1686,0.1003,True,False,True,2,2,vegetation,trees
MH-003,2024->2025,20,22,-0.2363,0.1380,0.1246,True,True,True,3,2,vegetation,trees
MH-003,2024->2025,20,24,-0.3197,0.1714,0.1100,True,False,True,2,2,vegetation,trees
MH-003,2024->2025,20,25,-0.2898,0.1646,0.1244,True,True,True,3,2,vegetation,trees
MH-003,2024->2025,20,26,-0.2956,0.1733,0.0958,True,False,True,2,2,vegetation,trees
MH-003,2024->2025,21,12,-0.2230,0.1656,0.0358,True,False,True,2,2,vegetation,trees
MH-003,2024->2025,21,13,-0.2496,0.1753,0.0928,True,False,True,2,2,vegetation,trees
MH-003,2024->2025,21,16,-0.2453,0.1550,0.1589,True,True,True,3,2,vegetation,trees
MH-003,2024->2025,21,18,-0.2307,0.1531,0.0932,True,False,True,2,2,vegetation,trees
MH-003,2024->2025,21,19,-0.3043,0.1873,0.0867,True,False,True,2,2,vegetation,trees
MH-003,2024->2025,21,20,-0.3728,0.2333,0.1093,True,False,True,2,2,vegetation,trees
MH-003,2024->2025,21,21,-0.3327,0.2069,0.1480,True,True,True,3,2,vegetation,trees
MH-003,2024->2025,21,22,-0.3204,0.1928,0.1502,True,True,True,3,2,vegetation,trees
MH-003,2024->2025,21,23,-0.3359,0.1776,0.1552,True,True,True,3,2,vegetation,trees
MH-003,2024->2025,21,24,-0.4074,0.2033,0.1842,True,True,True,3,2,vegetation,trees
MH-003,2024->2025,21,25,-0.3765,0.1878,0.1617,True,True,True,3,2,vegetation,trees
MH-003,2024->2025,21,26,-0.3029,0.1441,0.1013,True,False,True,2,2,vegetation,trees
MH-003,2024->2025,21,27,-0.3135,0.1469,0.0842,True,False,True,2,2,vegetation,trees
MH-003,2024->2025,22,12,-0.2243,0.1530,0.0904,True,False,True,2,2,vegetation,trees
MH-003,2024->2025,22,16,-0.3113,0.2221,0.1485,True,True,True,3,2,vegetation,trees
MH-003,2024->2025,22,17,-0.4239,0.2834,0.1388,True,True,True,3,2,vegetation,trees
MH-003,2024->2025,22,18,-0.3698,0.2848,0.1005,True,False,True,2,2,vegetation,trees
MH-003,2024->2025,22,19,-0.2664,0.2292,0.1272,True,True,True,3,2,vegetation,trees
MH-003,2024->2025,22,22,-0.2436,0.1757,0.0693,True,False,True,2,2,vegetation,trees
MH-003,2024->2025,22,23,-0.2629,0.1579,0.0135,True,False,True,2,2,vegetation,trees
MH-003,2024->2025,22,24,-0.3008,0.1458,0.0776,True,False,True,2,2,vegetation,trees
MH-003,2024->2025,22,25,-0.3201,0.1649,0.1069,True,False,True,2,2,vegetation,trees
MH-003,2024->2025,22,26,-0.3287,0.1590,0.1369,True,True,True,3,2,vegetation,trees
MH-003,2024->2025,22,27,-0.3136,0.1541,0.1331,True,True,True,3,2,vegetation,trees
MH-003,2024->2025,22,28,-0.3267,0.1574,0.1212,True,True,True,3,2,vegetation,trees
MH-003,2024->2025,23,15,-0.2955,0.2171,0.1286,True,True,True,3,2,vegetation,trees
MH-003,2024->2025,23,16,-0.4368,0.2774,0.1330,True,True,True,3,2,vegetation,trees
MH-003,2024->2025,23,17,-0.4323,0.2832,0.1227,True,True,True,3,2,vegetation,trees
MH-003,2024->2025,23,18,-0.4144,0.2686,0.1031,True,False,True,2,2,vegetation,trees
MH-003,2024->2025,23,21,-0.2478,0.1616,0.1307,True,True,True,3,2,vegetation,trees
MH-003,2024->2025,23,22,-0.2304,0.1487,0.0156,True,False,True,2,2,vegetation,trees
MH-003,2024->2025,23,23,-0.2284,0.1461,0.0175,True,False,True,2,2,vegetation,trees
MH-003,2024->2025,23,24,-0.3062,0.1518,0.0495,True,False,True,2,2,vegetation,trees
MH-003,2024->2025,23,25,-0.3286,0.1619,0.0843,True,False,True,2,2,vegetation,trees
MH-003,2024->2025,23,26,-0.3066,0.1362,0.0918,True,False,True,2,2,vegetation,trees
MH-003,2024->2025,23,28,-0.3242,0.1349,0.1266,True,True,False,2,2,vegetation,trees
MH-003,2024->2025,23,29,-0.2586,0.0984,0.1418,True,True,False,2,2,vegetation,trees
MH-003,2024->2025,24,14,-0.2619,0.1888,0.0937,True,False,True,2,2,vegetation,trees
MH-003,2024->2025,24,15,-0.3519,0.2466,0.0717,True,False,True,2,2,vegetation,trees
MH-003,2024->2025,24,16,-0.4477,0.2880,0.1264,True,True,True,3,2,vegetation,trees
MH-003,2024->2025,24,17,-0.3361,0.2561,0.0759,True,False,True,2,2,vegetation,trees
MH-003,2024->2025,24,18,-0.3560,0.2775,0.0787,True,False,True,2,2,vegetation,trees
MH-003,2024->2025,24,19,-0.2128,0.1493,0.0883,True,False,True,2,2,vegetation,trees
MH-003,2024->2025,24,22,-0.2682,0.1495,0.0408,True,False,True,2,2,vegetation,trees
MH-003,2024->2025,24,24,-0.2112,0.1470,0.1019,True,False,True,2,2,vegetation,trees
MH-003,2024->2025,24,25,-0.2186,0.1769,0.1321,True,True,True,3,2,vegetation,trees
MH-003,2024->2025,24,28,-0.3071,0.1279,0.1272,True,True,False,2,2,vegetation,trees
MH-003,2024->2025,24,29,-0.2669,0.1017,0.1202,True,True,False,2,2,vegetation,trees
MH-003,2024->2025,24,31,-0.3146,0.1802,0.0136,True,False,True,2,2,unknown,unknown
MH-003,2024->2025,24,32,-0.2966,0.1687,0.0276,True,False,True,2,2,vegetation,trees
MH-003,2024->2025,25,11,-0.2732,0.1522,0.1634,True,True,True,3,2,vegetation,trees
MH-003,2024->2025,25,12,-0.2471,0.1398,0.1508,True,True,True,3,2,vegetation,trees
MH-003,2024->2025,25,13,-0.2942,0.1842,0.1662,True,True,True,3,2,vegetation,trees
MH-003,2024->2025,25,14,-0.3402,0.2442,0.1348,True,True,True,3,2,vegetation,trees
MH-003,2024->2025,25,15,-0.3907,0.2549,0.0799,True,False,True,2,2,vegetation,trees
MH-003,2024->2025,25,16,-0.3079,0.2339,0.0560,True,False,True,2,2,vegetation,trees
MH-003,2024->2025,25,17,-0.2399,0.1709,0.0043,True,False,True,2,2,vegetation,trees
MH-003,2024->2025,25,19,-0.2491,0.1459,0.0273,True,False,True,2,2,vegetation,trees
MH-003,2024->2025,25,20,-0.2590,0.1710,0.0986,True,False,True,2,2,vegetation,trees
MH-003,2024->2025,25,21,-0.3172,0.2138,0.1236,True,True,True,3,2,vegetation,trees
MH-003,2024->2025,25,22,-0.2549,0.1758,0.1056,True,False,True,2,2,vegetation,trees
MH-003,2024->2025,25,24,-0.2387,0.1748,0.1058,True,False,True,2,2,vegetation,trees
MH-003,2024->2025,25,25,-0.2129,0.1427,0.1123,True,False,True,2,2,vegetation,trees
MH-003,2024->2025,25,31,-0.3043,0.1820,-0.0070,True,False,True,2,2,vegetation,trees
MH-003,2024->2025,25,32,-0.3270,0.1687,0.0527,True,False,True,2,2,vegetation,trees
MH-003,2024->2025,25,33,-0.3171,0.1580,0.0501,True,False,True,2,2,vegetation,trees
MH-003,2024->2025,26,10,-0.2370,0.1429,0.1563,True,True,True,3,2,vegetation,trees
MH-003,2024->2025,26,11,-0.2870,0.1648,0.1805,True,True,True,3,2,vegetation,trees
MH-003,2024->2025,26,12,-0.2790,0.1671,0.1449,True,True,True,3,2,vegetation,trees
MH-003,2024->2025,26,13,-0.3273,0.2009,0.1956,True,True,True,3,2,vegetation,trees
MH-003,2024->2025,26,14,-0.2635,0.1723,0.1744,True,True,True,3,2,vegetation,trees
MH-003,2024->2025,26,15,-0.2520,0.1811,0.0897,True,False,True,2,2,vegetation,trees
MH-003,2024->2025,26,16,-0.2311,0.1766,0.1102,True,False,True,2,2,vegetation,trees
MH-003,2024->2025,26,19,-0.2413,0.1442,0.1332,True,True,True,3,2,vegetation,trees
MH-003,2024->2025,26,20,-0.2592,0.1554,0.1509,True,True,True,3,2,vegetation,trees
MH-003,2024->2025,26,21,-0.2905,0.1959,0.0501,True,False,True,2,2,vegetation,trees
MH-003,2024->2025,26,22,-0.2740,0.1771,0.0442,True,False,True,2,2,vegetation,trees
MH-003,2024->2025,26,23,-0.2885,0.1952,0.0801,True,False,True,2,2,vegetation,trees
MH-003,2024->2025,26,24,-0.3329,0.2658,0.0979,True,False,True,2,2,vegetation,trees
MH-003,2024->2025,26,25,-0.3051,0.2300,0.1108,True,False,True,2,2,vegetation,trees
MH-003,2024->2025,26,26,-0.2221,0.1660,0.1561,True,True,True,3,2,vegetation,trees
MH-003,2024->2025,26,28,-0.3204,0.1736,0.1134,True,False,True,2,2,unknown,unknown
MH-003,2024->2025,26,29,-0.2976,0.1743,0.0276,True,False,True,2,2,vegetation,trees
MH-003,2024->2025,26,30,-0.2926,0.1656,-0.0128,True,False,True,2,2,vegetation,trees
MH-003,2024->2025,26,31,-0.3152,0.1669,-0.0073,True,False,True,2,2,vegetation,trees
MH-003,2024->2025,26,32,-0.3009,0.1497,0.0160,True,False,True,2,2,vegetation,trees
MH-003,2024->2025,27,6,-0.2759,0.1425,0.1908,True,True,True,3,2,vegetation,trees
MH-003,2024->2025,27,7,-0.2471,0.1425,0.1727,True,True,True,3,2,vegetation,trees
MH-003,2024->2025,27,8,-0.2677,0.1662,0.1532,True,True,True,3,2,vegetation,trees
MH-003,2024->2025,27,9,-0.2473,0.1602,0.1529,True,True,True,3,2,vegetation,trees
MH-003,2024->2025,27,10,-0.2183,0.1332,0.1531,True,True,False,2,2,vegetation,trees
MH-003,2024->2025,27,11,-0.2426,0.1483,0.1725,True,True,True,3,2,vegetation,trees
MH-003,2024->2025,27,12,-0.2417,0.1483,0.1629,True,True,True,3,2,vegetation,trees
MH-003,2024->2025,27,16,-0.2365,0.1380,0.1985,True,True,True,3,2,vegetation,trees
MH-003,2024->2025,27,17,-0.2508,0.1692,0.1157,True,False,True,2,2,vegetation,trees
MH-003,2024->2025,27,18,-0.2701,0.1537,0.0484,True,False,True,2,2,vegetation,trees
MH-003,2024->2025,27,19,-0.2690,0.1478,0.1278,True,True,True,3,2,vegetation,trees
MH-003,2024->2025,27,20,-0.2648,0.1620,0.1837,True,True,True,3,2,vegetation,trees
MH-003,2024->2025,27,21,-0.3641,0.2372,0.1126,True,False,True,2,2,vegetation,trees
MH-003,2024->2025,27,22,-0.3093,0.2291,0.1079,True,False,True,2,2,vegetation,trees
MH-003,2024->2025,27,29,-0.2971,0.1832,-0.0154,True,False,True,2,2,vegetation,trees
MH-003,2024->2025,27,30,-0.2852,0.1758,-0.0079,True,False,True,2,2,vegetation,trees
MH-003,2024->2025,27,31,-0.3061,0.1794,0.0089,True,False,True,2,2,vegetation,trees
MH-003,2024->2025,28,6,-0.2369,0.1121,0.1690,True,True,False,2,2,vegetation,trees
MH-003,2024->2025,28,7,-0.2539,0.1318,0.1352,True,True,False,2,2,vegetation,trees
MH-003,2024->2025,28,8,-0.2382,0.1398,0.1415,True,True,True,3,2,vegetation,trees
MH-003,2024->2025,28,11,-0.2087,0.1509,0.1453,False,True,True,2,2,vegetation,trees
MH-003,2024->2025,28,12,-0.2151,0.1427,0.1298,True,True,True,3,2,vegetation,trees
MH-003,2024->2025,28,13,-0.2096,0.1409,0.1382,False,True,True,2,2,vegetation,trees
MH-003,2024->2025,28,14,-0.2132,0.1306,0.1712,True,True,False,2,2,vegetation,trees
MH-003,2024->2025,28,17,-0.2585,0.1675,0.1292,True,True,True,3,2,vegetation,trees
MH-003,2024->2025,28,18,-0.3600,0.2088,0.0950,True,False,True,2,2,vegetation,trees
MH-003,2024->2025,28,19,-0.3469,0.1666,0.1335,True,True,True,3,2,vegetation,trees
MH-003,2024->2025,28,20,-0.2681,0.1599,0.1407,True,True,True,3,2,vegetation,trees
MH-003,2024->2025,28,21,-0.2687,0.2052,0.1245,True,True,True,3,2,vegetation,trees
MH-003,2024->2025,28,22,-0.2629,0.1749,0.1191,True,True,True,3,2,vegetation,trees
MH-003,2024->2025,29,6,-0.2275,0.1595,0.0786,True,False,True,2,2,vegetation,trees
MH-003,2024->2025,29,7,-0.2197,0.1436,0.1060,True,False,True,2,2,vegetation,trees
MH-003,2024->2025,29,9,-0.1916,0.1403,0.1479,False,True,True,2,2,vegetation,trees
MH-003,2024->2025,29,10,-0.2658,0.1642,0.1739,True,True,True,3,2,vegetation,trees
MH-003,2024->2025,29,11,-0.1922,0.1386,0.1474,False,True,True,2,2,vegetation,trees
MH-003,2024->2025,29,16,-0.2114,0.1441,0.1738,True,True,True,3,2,vegetation,trees
MH-003,2024->2025,29,17,-0.3475,0.1837,0.0869,True,False,True,2,2,vegetation,trees
MH-003,2024->2025,29,19,-0.4311,0.1934,0.1606,True,True,True,3,2,vegetation,trees
MH-003,2024->2025,29,20,-0.2764,0.1651,0.1306,True,True,True,3,2,vegetation,trees
MH-003,2024->2025,29,21,-0.2341,0.1691,0.1015,True,False,True,2,2,vegetation,trees
MH-003,2024->2025,30,9,-0.1905,0.1416,0.1418,False,True,True,2,2,vegetation,trees
MH-003,2024->2025,30,10,-0.2793,0.1782,0.1617,True,True,True,3,2,vegetation,trees
MH-003,2024->2025,30,11,-0.2675,0.1816,0.1279,True,True,True,3,2,vegetation,trees
MH-003,2024->2025,30,12,-0.2861,0.1589,0.1674,True,True,True,3,2,vegetation,trees
MH-003,2024->2025,30,13,-0.2579,0.1405,0.2035,True,True,True,3,2,vegetation,trees
MH-003,2024->2025,30,14,-0.2766,0.1590,0.1965,True,True,True,3,2,vegetation,trees
MH-003,2024->2025,30,15,-0.2875,0.1614,0.2026,True,True,True,3,2,vegetation,trees
MH-003,2024->2025,30,16,-0.3291,0.1826,0.1857,True,True,True,3,2,vegetation,trees
MH-003,2024->2025,30,19,-0.3724,0.1413,0.0844,True,False,True,2,2,vegetation,trees
MH-003,2024->2025,30,20,-0.3253,0.1584,0.0964,True,False,True,2,2,vegetation,trees
MH-003,2024->2025,30,21,-0.2463,0.1859,0.1356,True,True,True,3,2,vegetation,trees
MH-003,2024->2025,31,10,-0.2281,0.1345,0.1230,True,True,False,2,2,vegetation,trees
MH-003,2024->2025,31,11,-0.2833,0.1706,0.1470,True,True,True,3,2,vegetation,trees
MH-003,2024->2025,31,12,-0.2694,0.1758,0.1375,True,True,True,3,2,vegetation,trees
MH-003,2024->2025,31,13,-0.3326,0.1989,0.1484,True,True,True,3,2,vegetation,trees
MH-003,2024->2025,31,14,-0.2919,0.1941,0.1111,True,False,True,2,2,vegetation,trees
MH-003,2024->2025,31,15,-0.2150,0.1491,0.1307,True,True,True,3,2,vegetation,trees
MH-003,2024->2025,31,16,-0.1984,0.1427,0.1485,False,True,True,2,2,vegetation,trees
MH-003,2024->2025,31,19,-0.2964,0.1555,0.1388,True,True,True,3,2,vegetation,trees
MH-003,2024->2025,31,20,-0.1841,0.1376,0.1245,False,True,True,2,2,vegetation,trees
MH-003,2024->2025,32,11,-0.2381,0.1581,0.1108,True,False,True,2,2,vegetation,trees
MH-003,2024->2025,32,12,-0.2206,0.1544,0.1096,True,False,True,2,2,vegetation,trees
MH-003,2024->2025,32,13,-0.2377,0.1523,0.0914,True,False,True,2,2,vegetation,trees
MH-003,2024->2025,32,15,-0.2288,0.1830,0.1358,True,True,True,3,2,vegetation,trees
MH-003,2024->2025,32,16,-0.2309,0.1799,0.1547,True,True,True,3,2,vegetation,trees
MH-003,2024->2025,32,18,-0.1902,0.1368,0.1632,False,True,True,2,2,vegetation,trees
MH-003,2024->2025,32,19,-0.3076,0.1906,0.1972,True,True,True,3,2,vegetation,trees
MH-003,2024->2025,32,20,-0.3035,0.2134,0.2146,True,True,True,3,2,vegetation,trees
MH-003,2024->2025,33,11,-0.2037,0.1426,0.1225,False,True,True,2,2,vegetation,trees
MH-003,2024->2025,33,15,-0.2327,0.1783,0.1653,True,True,True,3,2,vegetation,trees
MH-003,2024->2025,33,17,-0.2023,0.1428,0.1474,False,True,True,2,2,vegetation,trees
MH-003,2024->2025,33,18,-0.3610,0.2249,0.2668,True,True,True,3,2,vegetation,trees
MH-003,2024->2025,33,19,-0.4473,0.2174,0.3355,True,True,True,3,2,vegetation,trees
MH-003,2024->2025,33,20,-0.4166,0.2173,0.2771,True,True,True,3,2,vegetation,trees
MH-003,2024->2025,33,21,-0.2423,0.1721,0.1785,True,True,True,3,2,vegetation,trees
MH-003,2024->2025,34,12,-0.2585,0.1440,0.0999,True,False,True,2,2,vegetation,trees
MH-003,2024->2025,34,13,-0.2645,0.1647,0.1477,True,True,True,3,2,vegetation,trees
MH-003,2024->2025,34,14,-0.3033,0.1920,0.1777,True,True,True,3,2,vegetation,trees
MH-003,2024->2025,34,15,-0.3809,0.2178,0.2387,True,True,True,3,2,vegetation,trees
MH-003,2024->2025,34,16,-0.2922,0.1747,0.1813,True,True,True,3,2,vegetation,trees
MH-003,2024->2025,34,17,-0.2409,0.1520,0.1798,True,True,True,3,2,vegetation,trees
MH-003,2024->2025,34,18,-0.3428,0.1900,0.2661,True,True,True,3,2,vegetation,trees
MH-003,2024->2025,34,19,-0.4050,0.2339,0.2709,True,True,True,3,2,vegetation,trees
MH-003,2024->2025,34,20,-0.3781,0.2159,0.2768,True,True,True,3,2,vegetation,trees
MH-003,2024->2025,34,21,-0.2855,0.1827,0.1882,True,True,True,3,2,vegetation,trees
MH-003,2024->2025,35,13,-0.2531,0.1437,0.1105,True,False,True,2,2,vegetation,trees
MH-003,2024->2025,35,14,-0.2461,0.1474,0.1551,True,True,True,3,2,vegetation,trees
MH-003,2024->2025,35,15,-0.2505,0.1628,0.1900,True,True,True,3,2,vegetation,trees
MH-003,2024->2025,35,16,-0.2201,0.1503,0.1764,True,True,True,3,2,vegetation,trees
MH-003,2024->2025,35,17,-0.3442,0.2096,0.2787,True,True,True,3,2,vegetation,trees
MH-003,2024->2025,35,18,-0.3393,0.1797,0.2653,True,True,True,3,2,vegetation,trees
MH-003,2024->2025,35,19,-0.2760,0.1700,0.2151,True,True,True,3,2,vegetation,trees
MH-003,2024->2025,35,20,-0.2791,0.1947,0.2298,True,True,True,3,2,vegetation,trees
MH-003,2024->2025,35,21,-0.2607,0.1698,0.2186,True,True,True,3,2,vegetation,trees
MH-003,2024->2025,35,22,-0.2430,0.1296,0.2151,True,True,False,2,2,unknown,unknown
MH-003,2024->2025,36,15,-0.2490,0.1543,0.2442,True,True,True,3,2,vegetation,trees
MH-003,2024->2025,36,16,-0.2690,0.1666,0.2363,True,True,True,3,2,vegetation,trees
MH-003,2024->2025,36,17,-0.2433,0.1378,0.2275,True,True,True,3,2,vegetation,trees
MH-003,2024->2025,36,18,-0.3217,0.1938,0.2714,True,True,True,3,2,vegetation,trees
MH-003,2024->2025,36,19,-0.2961,0.1810,0.2261,True,True,True,3,2,vegetation,trees
MH-003,2024->2025,36,20,-0.2313,0.1310,0.1999,True,True,False,2,2,vegetation,trees
MH-003,2024->2025,36,21,-0.2117,0.1192,0.1899,True,True,False,2,2,vegetation,trees
MH-003,2024->2025,36,22,-0.3019,0.1820,0.2438,True,True,True,3,2,vegetation,trees
MH-003,2024->2025,37,15,-0.2542,0.1523,0.2620,True,True,True,3,2,vegetation,trees
MH-003,2024->2025,37,16,-0.2683,0.1586,0.2651,True,True,True,3,2,vegetation,trees
MH-003,2024->2025,37,17,-0.3531,0.1829,0.3077,True,True,True,3,2,vegetation,trees
MH-003,2024->2025,37,18,-0.3359,0.1755,0.3015,True,True,True,3,2,vegetation,trees
MH-003,2024->2025,37,19,-0.2774,0.1300,0.2671,True,True,False,2,2,vegetation,trees
MH-003,2024->2025,37,20,-0.3277,0.1809,0.2642,True,True,True,3,2,vegetation,trees
MH-003,2024->2025,37,21,-0.2401,0.1448,0.2074,True,True,True,3,2,vegetation,trees
MH-003,2024->2025,37,22,-0.2247,0.1699,0.1336,True,True,True,3,2,vegetation,trees
MH-003,2024->2025,38,16,-0.2490,0.1398,0.2277,True,True,True,3,2,vegetation,trees
MH-003,2024->2025,38,17,-0.3570,0.1853,0.2974,True,True,True,3,2,vegetation,trees
MH-003,2024->2025,38,18,-0.3260,0.1688,0.2755,True,True,True,3,2,vegetation,trees
MH-003,2024->2025,38,19,-0.3026,0.1560,0.2937,True,True,True,3,2,vegetation,trees
MH-003,2024->2025,38,20,-0.2671,0.1234,0.2384,True,True,False,2,2,vegetation,trees
MH-003,2024->2025,39,18,-0.2991,0.1616,0.2591,True,True,True,3,2,vegetation,trees
MH-003,2024->2025,39,19,-0.3050,0.1990,0.2546,True,True,True,3,2,vegetation,trees
MH-003,2024->2025,39,20,-0.4240,0.2583,0.3085,True,True,True,3,2,vegetation,trees
MH-003,2024->2025,39,21,-0.4114,0.2269,0.2910,True,True,True,3,2,built_up,built
MH-003,2024->2025,39,22,-0.2426,0.1478,0.2041,True,True,True,3,2,built_up,built
MH-003,2024->2025,40,20,-0.3016,0.2182,0.2532,True,True,True,3,2,vegetation,trees
MH-003,2024->2025,40,21,-0.3233,0.2169,0.3285,True,True,True,3,2,unknown,unknown
MH-003,2024->2025,40,22,-0.4285,0.2621,0.2972,True,True,True,3,2,unknown,unknown
MH-003,2024->2025,40,27,-0.2363,0.1203,0.1256,True,True,False,2,2,vegetation,trees
MH-003,2024->2025,41,22,-0.2216,0.1285,0.1267,True,True,False,2,2,vegetation,trees
MH-003,2024->2025,41,25,-0.3125,0.1613,0.1750,True,True,True,3,2,vegetation,trees
MH-003,2024->2025,41,26,-0.3721,0.1977,0.1778,True,True,True,3,2,vegetation,trees
MH-003,2024->2025,41,31,-0.2493,0.1923,0.0436,True,False,True,2,2,vegetation,shrub_and_scrub
MH-003,2024->2025,42,26,-0.3082,0.1654,0.1067,True,False,True,2,2,vegetation,trees
MH-003,2024->2025,42,27,-0.2379,0.1425,0.0653,True,False,True,2,2,vegetation,trees
