experiment,held_out_project,temporal_sample_id,project_id,target,cnn_score,cnn_pred
A,MH-001,MH-001_21.154651_78.938063,MH-001,0,0.19701701402664185,0
A,MH-001,MH-001_21.154382_78.938063,MH-001,0,0.44298529624938965,0
A,MH-001,MH-001_21.154112_78.938063,MH-001,0,0.5003681182861328,1
A,MH-001,MH-001_21.153573_78.937794,MH-001,0,0.23913955688476562,0
A,MH-001,MH-001_21.153573_78.938063,MH-001,0,0.18142536282539368,0
A,MH-001,MH-001_21.153573_78.938333,MH-001,0,0.16916432976722717,0
A,MH-001,MH-001_21.153304_78.925127,MH-001,0,0.03670291602611542,0
A,MH-001,MH-001_21.153304_78.925397,MH-001,0,0.056526921689510345,0
A,MH-001,MH-001_21.153304_78.926205,MH-001,0,0.41950228810310364,0
A,MH-001,MH-001_21.153304_78.926475,MH-001,1,0.43785399198532104,0
A,MH-001,MH-001_21.153304_78.930248,MH-001,0,0.03457414358854294,0
A,MH-001,MH-001_21.153304_78.931326,MH-001,0,0.019755501300096512,0
A,MH-001,MH-001_21.153304_78.931595,MH-001,0,0.013549836352467537,0
A,MH-001,MH-001_21.153304_78.932673,MH-001,0,0.015408230945467949,0
A,MH-001,MH-001_21.153304_78.932943,MH-001,0,0.018952596932649612,0
A,MH-001,MH-001_21.153304_78.933212,MH-001,0,0.03022690676152706,0
A,MH-001,MH-001_21.153304_78.937524,MH-001,0,0.14203909039497375,0
A,MH-001,MH-001_21.153304_78.937794,MH-001,0,0.10377349704504013,0
A,MH-001,MH-001_21.153304_78.938063,MH-001,0,0.10882821679115295,0
A,MH-001,MH-001_21.153304_78.938333,MH-001,0,0.10966742783784866,0
A,MH-001,MH-001_21.153034_78.919738,MH-001,0,0.061373259872198105,0
A,MH-001,MH-001_21.153034_78.920007,MH-001,0,0.0601494237780571,0
A,MH-001,MH-001_21.153034_78.920277,MH-001,0,0.07669943571090698,0
A,MH-001,MH-001_21.153034_78.920546,MH-001,0,0.08177251368761063,0
A,MH-001,MH-001_21.153034_78.920816,MH-001,0,0.06730945408344269,0
A,MH-001,MH-001_21.153034_78.921355,MH-001,0,0.058988869190216064,0
A,MH-001,MH-001_21.153034_78.922702,MH-001,0,0.027153953909873962,0
A,MH-001,MH-001_21.153034_78.922972,MH-001,0,0.027873260900378227,0
A,MH-001,MH-001_21.153034_78.923241,MH-001,0,0.02981458231806755,0
A,MH-001,MH-001_21.153034_78.92351,MH-001,0,0.034120235592126846,0
A,MH-001,MH-001_21.153034_78.925397,MH-001,0,0.0725506991147995,0
A,MH-001,MH-001_21.153034_78.925666,MH-001,0,0.1673794537782669,0
A,MH-001,MH-001_21.153034_78.925936,MH-001,0,0.30443841218948364,0
A,MH-001,MH-001_21.153034_78.926205,MH-001,1,0.49978360533714294,0
A,MH-001,MH-001_21.153034_78.926475,MH-001,1,0.4981498420238495,0
A,MH-001,MH-001_21.153034_78.930248,MH-001,0,0.026426121592521667,0
A,MH-001,MH-001_21.153034_78.931595,MH-001,0,0.017350101843476295,0
A,MH-001,MH-001_21.153034_78.931865,MH-001,0,0.017557289451360703,0
A,MH-001,MH-001_21.153034_78.932943,MH-001,0,0.017188047990202904,0
A,MH-001,MH-001_21.153034_78.937255,MH-001,0,0.07661085575819016,0
A,MH-001,MH-001_21.153034_78.937524,MH-001,0,0.07162079215049744,0
A,MH-001,MH-001_21.153034_78.937794,MH-001,0,0.05188422650098801,0
A,MH-001,MH-001_21.153034_78.938063,MH-001,0,0.05317177623510361,0
A,MH-001,MH-001_21.153034_78.938333,MH-001,0,0.06294175237417221,0
A,MH-001,MH-001_21.152765_78.920007,MH-001,0,0.052939821034669876,0
A,MH-001,MH-001_21.152765_78.920277,MH-001,0,0.043282654136419296,0
A,MH-001,MH-001_21.152765_78.920546,MH-001,0,0.03801368176937103,0
A,MH-001,MH-001_21.152765_78.920816,MH-001,0,0.038376327604055405,0
A,MH-001,MH-001_21.152765_78.924319,MH-001,0,0.06076866760849953,0
A,MH-001,MH-001_21.152765_78.925127,MH-001,0,0.03709019720554352,0
A,MH-001,MH-001_21.152765_78.925397,MH-001,0,0.04726061969995499,0
A,MH-001,MH-001_21.152765_78.925666,MH-001,0,0.0991317629814148,0
A,MH-001,MH-001_21.152765_78.925936,MH-001,0,0.2008383423089981,0
A,MH-001,MH-001_21.152765_78.926205,MH-001,0,0.41738227009773254,0
A,MH-001,MH-001_21.152765_78.926475,MH-001,1,0.39385583996772766,0
A,MH-001,MH-001_21.152765_78.930248,MH-001,0,0.0307723730802536,0
A,MH-001,MH-001_21.152765_78.930517,MH-001,0,0.02376273274421692,0
A,MH-001,MH-001_21.152765_78.930787,MH-001,0,0.029156215488910675,0
A,MH-001,MH-001_21.152765_78.932673,MH-001,0,0.03001299500465393,0
A,MH-001,MH-001_21.152765_78.933212,MH-001,1,0.03840213641524315,0
A,MH-001,MH-001_21.152765_78.937255,MH-001,0,0.06536025553941727,0
A,MH-001,MH-001_21.152765_78.937524,MH-001,0,0.053214192390441895,0
A,MH-001,MH-001_21.152765_78.937794,MH-001,0,0.036782536655664444,0
A,MH-001,MH-001_21.152765_78.938063,MH-001,0,0.04163820669054985,0
A,MH-001,MH-001_21.152765_78.938333,MH-001,0,0.032927315682172775,0
A,MH-001,MH-001_21.152495_78.919738,MH-001,0,0.12144836783409119,0
A,MH-001,MH-001_21.152495_78.920007,MH-001,0,0.07101832330226898,0
A,MH-001,MH-001_21.152495_78.920277,MH-001,0,0.06111492961645126,0
A,MH-001,MH-001_21.152495_78.920546,MH-001,0,0.03633657842874527,0
A,MH-001,MH-001_21.152495_78.920816,MH-001,0,0.03778356313705444,0
A,MH-001,MH-001_21.152495_78.92351,MH-001,0,0.03297879919409752,0
A,MH-001,MH-001_21.152495_78.92378,MH-001,0,0.051808759570121765,0
A,MH-001,MH-001_21.152495_78.924049,MH-001,0,0.08292562514543533,0
A,MH-001,MH-001_21.152495_78.924319,MH-001,0,0.07928652316331863,0
A,MH-001,MH-001_21.152495_78.925127,MH-001,0,0.0345800407230854,0
A,MH-001,MH-001_21.152495_78.925397,MH-001,0,0.04015543311834335,0
A,MH-001,MH-001_21.152495_78.925666,MH-001,0,0.10655540227890015,0
A,MH-001,MH-001_21.152495_78.925936,MH-001,0,0.229375422000885,0
A,MH-001,MH-001_21.152495_78.926205,MH-001,0,0.34023424983024597,0
A,MH-001,MH-001_21.152495_78.930248,MH-001,0,0.02348208986222744,0
A,MH-001,MH-001_21.152495_78.930517,MH-001,0,0.02759566530585289,0
A,MH-001,MH-001_21.152495_78.930787,MH-001,0,0.040426965802907944,0
A,MH-001,MH-001_21.152495_78.932404,MH-001,0,0.04178907722234726,0
A,MH-001,MH-001_21.152495_78.932673,MH-001,0,0.03841877728700638,0
A,MH-001,MH-001_21.152495_78.932943,MH-001,0,0.036355242133140564,0
A,MH-001,MH-001_21.152495_78.933212,MH-001,1,0.03590105473995209,0
A,MH-001,MH-001_21.152495_78.937255,MH-001,0,0.046869002282619476,0
A,MH-001,MH-001_21.152495_78.937524,MH-001,0,0.03979020565748215,0
A,MH-001,MH-001_21.152495_78.937794,MH-001,0,0.028181130066514015,0
A,MH-001,MH-001_21.152495_78.938063,MH-001,0,0.023912575095891953,0
A,MH-001,MH-001_21.152495_78.938333,MH-001,0,0.02127806469798088,0
A,MH-001,MH-001_21.152495_78.938602,MH-001,0,0.029357850551605225,0
A,MH-001,MH-001_21.152226_78.919738,MH-001,0,0.06204594671726227,0
A,MH-001,MH-001_21.152226_78.920007,MH-001,0,0.04469621926546097,0
A,MH-001,MH-001_21.152226_78.920277,MH-001,0,0.031179964542388916,0
A,MH-001,MH-001_21.152226_78.920546,MH-001,0,0.029969006776809692,0
A,MH-001,MH-001_21.152226_78.920816,MH-001,0,0.04473469778895378,0
A,MH-001,MH-001_21.152226_78.921624,MH-001,0,0.07827223092317581,0
A,MH-001,MH-001_21.152226_78.921894,MH-001,0,0.06050499528646469,0
A,MH-001,MH-001_21.152226_78.923241,MH-001,0,0.040533874183893204,0
A,MH-001,MH-001_21.152226_78.92378,MH-001,0,0.0695265606045723,0
A,MH-001,MH-001_21.152226_78.924049,MH-001,0,0.07079268991947174,0
A,MH-001,MH-001_21.152226_78.924588,MH-001,0,0.051016371697187424,0
A,MH-001,MH-001_21.152226_78.925397,MH-001,0,0.03822121396660805,0
A,MH-001,MH-001_21.152226_78.925666,MH-001,0,0.10503876954317093,0
A,MH-001,MH-001_21.152226_78.930248,MH-001,0,0.04097490385174751,0
A,MH-001,MH-001_21.152226_78.930517,MH-001,0,0.0405382439494133,0
A,MH-001,MH-001_21.152226_78.930787,MH-001,0,0.04760569706559181,0
A,MH-001,MH-001_21.152226_78.931056,MH-001,0,0.03355494141578674,0
A,MH-001,MH-001_21.152226_78.932404,MH-001,0,0.03777697682380676,0
A,MH-001,MH-001_21.152226_78.932673,MH-001,0,0.03195478394627571,0
A,MH-001,MH-001_21.152226_78.932943,MH-001,0,0.03899827599525452,0
A,MH-001,MH-001_21.152226_78.933212,MH-001,0,0.034937016665935516,0
A,MH-001,MH-001_21.152226_78.933482,MH-001,0,0.03235843777656555,0
A,MH-001,MH-001_21.152226_78.937794,MH-001,0,0.02136976458132267,0
A,MH-001,MH-001_21.152226_78.938063,MH-001,0,0.01640751026570797,0
A,MH-001,MH-001_21.152226_78.938333,MH-001,0,0.011683568358421326,0
A,MH-001,MH-001_21.152226_78.938602,MH-001,0,0.013318403623998165,0
A,MH-001,MH-001_21.151956_78.91866,MH-001,0,0.15188001096248627,0
A,MH-001,MH-001_21.151956_78.918929,MH-001,0,0.10415039956569672,0
A,MH-001,MH-001_21.151956_78.919199,MH-001,0,0.060844600200653076,0
A,MH-001,MH-001_21.151956_78.919468,MH-001,0,0.04602519050240517,0
A,MH-001,MH-001_21.151956_78.919738,MH-001,0,0.06140529736876488,0
A,MH-001,MH-001_21.151956_78.920007,MH-001,0,0.05684935301542282,0
A,MH-001,MH-001_21.151956_78.920277,MH-001,0,0.05760393291711807,0
A,MH-001,MH-001_21.151956_78.920546,MH-001,0,0.05668695271015167,0
A,MH-001,MH-001_21.151956_78.920816,MH-001,0,0.08592508733272552,0
A,MH-001,MH-001_21.151956_78.921085,MH-001,0,0.1299407035112381,0
A,MH-001,MH-001_21.151956_78.921624,MH-001,0,0.11459258198738098,0
A,MH-001,MH-001_21.151956_78.921894,MH-001,0,0.083812415599823,0
A,MH-001,MH-001_21.151956_78.923241,MH-001,0,0.039628900587558746,0
A,MH-001,MH-001_21.151956_78.92351,MH-001,0,0.06406675279140472,0
A,MH-001,MH-001_21.151956_78.924049,MH-001,0,0.09005176275968552,0
A,MH-001,MH-001_21.151956_78.924319,MH-001,0,0.10496676713228226,0
A,MH-001,MH-001_21.151956_78.930248,MH-001,0,0.06980349123477936,0
A,MH-001,MH-001_21.151956_78.930517,MH-001,0,0.07305285334587097,0
A,MH-001,MH-001_21.151956_78.930787,MH-001,0,0.07323841750621796,0
A,MH-001,MH-001_21.151956_78.931056,MH-001,0,0.04998009651899338,0
A,MH-001,MH-001_21.151956_78.932673,MH-001,0,0.018611913546919823,0
A,MH-001,MH-001_21.151956_78.938063,MH-001,0,0.017940206453204155,0
A,MH-001,MH-001_21.151956_78.938333,MH-001,0,0.011353912763297558,0
A,MH-001,MH-001_21.151956_78.938602,MH-001,0,0.011120487004518509,0
A,MH-001,MH-001_21.151687_78.91866,MH-001,0,0.058617718517780304,0
A,MH-001,MH-001_21.151687_78.918929,MH-001,0,0.04473616182804108,0
A,MH-001,MH-001_21.151687_78.919468,MH-001,0,0.06086716800928116,0
A,MH-001,MH-001_21.151687_78.919738,MH-001,0,0.07745974510908127,0
A,MH-001,MH-001_21.151687_78.920007,MH-001,0,0.08329319953918457,0
A,MH-001,MH-001_21.151687_78.920277,MH-001,0,0.12461212277412415,0
A,MH-001,MH-001_21.151687_78.920546,MH-001,0,0.17239700257778168,0
A,MH-001,MH-001_21.151687_78.920816,MH-001,0,0.3129151165485382,0
A,MH-001,MH-001_21.151687_78.921085,MH-001,0,0.3939725160598755,0
A,MH-001,MH-001_21.151687_78.921355,MH-001,0,0.25919800996780396,0
A,MH-001,MH-001_21.151687_78.921894,MH-001,0,0.21449902653694153,0
A,MH-001,MH-001_21.151687_78.922972,MH-001,0,0.10735581070184708,0
A,MH-001,MH-001_21.151687_78.92378,MH-001,0,0.0966411679983139,0
A,MH-001,MH-001_21.151687_78.924049,MH-001,0,0.11472413688898087,0
A,MH-001,MH-001_21.151687_78.924319,MH-001,1,0.10048988461494446,0
A,MH-001,MH-001_21.151687_78.930248,MH-001,0,0.1835133135318756,0
A,MH-001,MH-001_21.151687_78.930517,MH-001,0,0.16992217302322388,0
A,MH-001,MH-001_21.151687_78.930787,MH-001,0,0.16353611648082733,0
A,MH-001,MH-001_21.151687_78.931056,MH-001,0,0.089205302298069,0
A,MH-001,MH-001_21.151687_78.932673,MH-001,0,0.012357580475509167,0
A,MH-001,MH-001_21.151687_78.932943,MH-001,0,0.01515735499560833,0
A,MH-001,MH-001_21.151687_78.938333,MH-001,0,0.017298538237810135,0
A,MH-001,MH-001_21.151687_78.938602,MH-001,0,0.010827010497450829,0
A,MH-001,MH-001_21.151417_78.917582,MH-001,0,0.026937253773212433,0
A,MH-001,MH-001_21.151417_78.917851,MH-001,0,0.03204812481999397,0
A,MH-001,MH-001_21.151417_78.918929,MH-001,0,0.043257877230644226,0
A,MH-001,MH-001_21.151417_78.919468,MH-001,0,0.05509001761674881,0
A,MH-001,MH-001_21.151417_78.919738,MH-001,0,0.10731396079063416,0
A,MH-001,MH-001_21.151417_78.920007,MH-001,0,0.1570567786693573,0
A,MH-001,MH-001_21.151417_78.920277,MH-001,0,0.24630579352378845,0
A,MH-001,MH-001_21.151417_78.920546,MH-001,0,0.31251153349876404,0
A,MH-001,MH-001_21.151417_78.920816,MH-001,0,0.3885582685470581,0
A,MH-001,MH-001_21.151417_78.921085,MH-001,0,0.49467360973358154,0
A,MH-001,MH-001_21.151417_78.921355,MH-001,0,0.3824009597301483,0
A,MH-001,MH-001_21.151417_78.925936,MH-001,0,0.12858788669109344,0
A,MH-001,MH-001_21.151417_78.926205,MH-001,0,0.1839265674352646,0
A,MH-001,MH-001_21.151417_78.926475,MH-001,0,0.14632825553417206,0
A,MH-001,MH-001_21.151417_78.930248,MH-001,0,0.2567581832408905,0
A,MH-001,MH-001_21.151417_78.930517,MH-001,0,0.19882316887378693,0
A,MH-001,MH-001_21.151417_78.930787,MH-001,0,0.19021345674991608,0
A,MH-001,MH-001_21.151417_78.931056,MH-001,0,0.09298861026763916,0
A,MH-001,MH-001_21.151417_78.931326,MH-001,0,0.07160279899835587,0
A,MH-001,MH-001_21.151417_78.932943,MH-001,0,0.019729463383555412,0
A,MH-001,MH-001_21.151417_78.933212,MH-001,0,0.034878719598054886,0
A,MH-001,MH-001_21.151417_78.937255,MH-001,0,0.22700536251068115,0
A,MH-001,MH-001_21.151417_78.937524,MH-001,0,0.1425287425518036,0
A,MH-001,MH-001_21.151417_78.937794,MH-001,0,0.13697899878025055,0
A,MH-001,MH-001_21.151417_78.938063,MH-001,0,0.05141301080584526,0
A,MH-001,MH-001_21.151417_78.938333,MH-001,0,0.03208710998296738,0
A,MH-001,MH-001_21.151148_78.917851,MH-001,0,0.03193507716059685,0
A,MH-001,MH-001_21.151148_78.919468,MH-001,0,0.09063335508108139,0
A,MH-001,MH-001_21.151148_78.919738,MH-001,0,0.16962185502052307,0
A,MH-001,MH-001_21.151148_78.920007,MH-001,0,0.17637978494167328,0
A,MH-001,MH-001_21.151148_78.920277,MH-001,0,0.3201051354408264,0
A,MH-001,MH-001_21.151148_78.920546,MH-001,0,0.3970341682434082,0
A,MH-001,MH-001_21.151148_78.920816,MH-001,0,0.4896678626537323,0
A,MH-001,MH-001_21.151148_78.921085,MH-001,0,0.4101026654243469,0
A,MH-001,MH-001_21.151148_78.921355,MH-001,0,0.3298169672489166,0
A,MH-001,MH-001_21.151148_78.921624,MH-001,0,0.26560133695602417,0
A,MH-001,MH-001_21.151148_78.922433,MH-001,0,0.10687911510467529,0
A,MH-001,MH-001_21.151148_78.922702,MH-001,0,0.08568353205919266,0
A,MH-001,MH-001_21.151148_78.92351,MH-001,0,0.09539157152175903,0
A,MH-001,MH-001_21.151148_78.92378,MH-001,0,0.06393791735172272,0
A,MH-001,MH-001_21.151148_78.925397,MH-001,0,0.04110608249902725,0
A,MH-001,MH-001_21.151148_78.925666,MH-001,0,0.058080077171325684,0
A,MH-001,MH-001_21.151148_78.926205,MH-001,0,0.1500283032655716,0
A,MH-001,MH-001_21.151148_78.926475,MH-001,0,0.11507555097341537,0
A,MH-001,MH-001_21.151148_78.930248,MH-001,1,0.3514748215675354,0
A,MH-001,MH-001_21.151148_78.930517,MH-001,0,0.2841811180114746,0
A,MH-001,MH-001_21.151148_78.931595,MH-001,0,0.06241409480571747,0
A,MH-001,MH-001_21.151148_78.933212,MH-001,0,0.035880282521247864,0
A,MH-001,MH-001_21.151148_78.933482,MH-001,0,0.042379770427942276,0
A,MH-001,MH-001_21.151148_78.937255,MH-001,0,0.4177115261554718,0
A,MH-001,MH-001_21.151148_78.937524,MH-001,0,0.2449818253517151,0
A,MH-001,MH-001_21.151148_78.937794,MH-001,0,0.21623559296131134,0
A,MH-001,MH-001_21.151148_78.938063,MH-001,0,0.06931903213262558,0
A,MH-001,MH-001_21.151148_78.938333,MH-001,0,0.03963429108262062,0
A,MH-001,MH-001_21.151148_78.938602,MH-001,0,0.025730453431606293,0
A,MH-001,MH-001_21.150878_78.917043,MH-001,0,0.0416477806866169,0
A,MH-001,MH-001_21.150878_78.917582,MH-001,0,0.030802728608250618,0
A,MH-001,MH-001_21.150878_78.917851,MH-001,0,0.03516482934355736,0
A,MH-001,MH-001_21.150878_78.91839,MH-001,0,0.061988476663827896,0
A,MH-001,MH-001_21.150878_78.91866,MH-001,0,0.05189940705895424,0
A,MH-001,MH-001_21.150878_78.919199,MH-001,0,0.0515594445168972,0
A,MH-001,MH-001_21.150878_78.919468,MH-001,0,0.07342629134654999,0
A,MH-001,MH-001_21.150878_78.919738,MH-001,0,0.2095535546541214,0
A,MH-001,MH-001_21.150878_78.920007,MH-001,0,0.1836298406124115,0
A,MH-001,MH-001_21.150878_78.920277,MH-001,0,0.40911704301834106,0
A,MH-001,MH-001_21.150878_78.920546,MH-001,0,0.4592798054218292,0
A,MH-001,MH-001_21.150878_78.920816,MH-001,1,0.5238688588142395,1
A,MH-001,MH-001_21.150878_78.921085,MH-001,0,0.5041390657424927,1
A,MH-001,MH-001_21.150878_78.921355,MH-001,0,0.3634651303291321,0
A,MH-001,MH-001_21.150878_78.921894,MH-001,0,0.25900256633758545,0
A,MH-001,MH-001_21.150878_78.922433,MH-001,0,0.11432257294654846,0
A,MH-001,MH-001_21.150878_78.922702,MH-001,0,0.06201515346765518,0
A,MH-001,MH-001_21.150878_78.922972,MH-001,0,0.07749368995428085,0
A,MH-001,MH-001_21.150878_78.92351,MH-001,0,0.06205528602004051,0
A,MH-001,MH-001_21.150878_78.925397,MH-001,0,0.050512123852968216,0
A,MH-001,MH-001_21.150878_78.925666,MH-001,0,0.06945350766181946,0
A,MH-001,MH-001_21.150878_78.926475,MH-001,0,0.10021296888589859,0
A,MH-001,MH-001_21.150878_78.930248,MH-001,1,0.27219149470329285,0
A,MH-001,MH-001_21.150878_78.930787,MH-001,0,0.28284305334091187,0
A,MH-001,MH-001_21.150878_78.931595,MH-001,0,0.05412502959370613,0
A,MH-001,MH-001_21.150878_78.933482,MH-001,0,0.03476862981915474,0
A,MH-001,MH-001_21.150878_78.937255,MH-001,0,0.6859170198440552,1
A,MH-001,MH-001_21.150878_78.937524,MH-001,0,0.4788995087146759,0
A,MH-001,MH-001_21.150878_78.937794,MH-001,0,0.5114045143127441,1
A,MH-001,MH-001_21.150878_78.938063,MH-001,0,0.2656902074813843,0
A,MH-001,MH-001_21.150878_78.938333,MH-001,0,0.13908645510673523,0
A,MH-001,MH-001_21.150878_78.938602,MH-001,0,0.06784918159246445,0
A,MH-001,MH-001_21.150609_78.917312,MH-001,0,0.02790331467986107,0
A,MH-001,MH-001_21.150609_78.917582,MH-001,0,0.023765897378325462,0
A,MH-001,MH-001_21.150609_78.917851,MH-001,0,0.02654014341533184,0
A,MH-001,MH-001_21.150609_78.918121,MH-001,0,0.034724924713373184,0
A,MH-001,MH-001_21.150609_78.918929,MH-001,0,0.026401247829198837,0
A,MH-001,MH-001_21.150609_78.919199,MH-001,0,0.0413968451321125,0
A,MH-001,MH-001_21.150609_78.919468,MH-001,0,0.05663033574819565,0
A,MH-001,MH-001_21.150609_78.919738,MH-001,0,0.11201903223991394,0
A,MH-001,MH-001_21.150609_78.920007,MH-001,0,0.12759104371070862,0
A,MH-001,MH-001_21.150609_78.920277,MH-001,0,0.22181682288646698,0
A,MH-001,MH-001_21.150609_78.920546,MH-001,1,0.24286827445030212,0
A,MH-001,MH-001_21.150609_78.920816,MH-001,1,0.22798709571361542,0
A,MH-001,MH-001_21.150609_78.921085,MH-001,0,0.21848100423812866,0
A,MH-001,MH-001_21.150609_78.921355,MH-001,0,0.15736156702041626,0
A,MH-001,MH-001_21.150609_78.921624,MH-001,0,0.10711620002985,0
A,MH-001,MH-001_21.150609_78.921894,MH-001,0,0.08260522037744522,0
A,MH-001,MH-001_21.150609_78.922163,MH-001,0,0.07908972352743149,0
A,MH-001,MH-001_21.150609_78.922433,MH-001,0,0.06803731620311737,0
A,MH-001,MH-001_21.150609_78.922702,MH-001,0,0.05061636120080948,0
A,MH-001,MH-001_21.150609_78.922972,MH-001,0,0.0642549991607666,0
A,MH-001,MH-001_21.150609_78.923241,MH-001,0,0.06704194098711014,0
A,MH-001,MH-001_21.150609_78.92351,MH-001,0,0.08745012432336807,0
A,MH-001,MH-001_21.150609_78.925397,MH-001,0,0.037083886563777924,0
A,MH-001,MH-001_21.150609_78.925666,MH-001,0,0.03781500458717346,0
A,MH-001,MH-001_21.150609_78.926475,MH-001,0,0.07106616348028183,0
A,MH-001,MH-001_21.150609_78.930517,MH-001,0,0.14519178867340088,0
A,MH-001,MH-001_21.150609_78.930787,MH-001,0,0.22039425373077393,0
A,MH-001,MH-001_21.150609_78.937255,MH-001,0,0.7954917550086975,1
A,MH-001,MH-001_21.150609_78.937524,MH-001,0,0.6514453291893005,1
A,MH-001,MH-001_21.150609_78.937794,MH-001,0,0.6327372789382935,1
A,MH-001,MH-001_21.150609_78.938063,MH-001,0,0.3279178738594055,0
A,MH-001,MH-001_21.150609_78.938602,MH-001,0,0.125898078083992,0
A,MH-001,MH-001_21.150339_78.917312,MH-001,0,0.02971617877483368,0
A,MH-001,MH-001_21.150339_78.917582,MH-001,0,0.027124514803290367,0
A,MH-001,MH-001_21.150339_78.917851,MH-001,0,0.02043365314602852,0
A,MH-001,MH-001_21.150339_78.918121,MH-001,0,0.027878299355506897,0
A,MH-001,MH-001_21.150339_78.91839,MH-001,0,0.032057102769613266,0
A,MH-001,MH-001_21.150339_78.91866,MH-001,0,0.03766746446490288,0
A,MH-001,MH-001_21.150339_78.918929,MH-001,0,0.034239474684000015,0
A,MH-001,MH-001_21.150339_78.919199,MH-001,0,0.047932833433151245,0
A,MH-001,MH-001_21.150339_78.919468,MH-001,0,0.049885112792253494,0
A,MH-001,MH-001_21.150339_78.919738,MH-001,0,0.0788746029138565,0
A,MH-001,MH-001_21.150339_78.920007,MH-001,0,0.09550215303897858,0
A,MH-001,MH-001_21.150339_78.920277,MH-001,0,0.19371066987514496,0
A,MH-001,MH-001_21.150339_78.920546,MH-001,0,0.2005157321691513,0
A,MH-001,MH-001_21.150339_78.920816,MH-001,1,0.19315414130687714,0
A,MH-001,MH-001_21.150339_78.921085,MH-001,0,0.16476045548915863,0
A,MH-001,MH-001_21.150339_78.921355,MH-001,0,0.087592214345932,0
A,MH-001,MH-001_21.150339_78.921624,MH-001,0,0.06075601279735565,0
A,MH-001,MH-001_21.150339_78.921894,MH-001,0,0.05701107159256935,0
A,MH-001,MH-001_21.150339_78.922163,MH-001,0,0.049776289612054825,0
A,MH-001,MH-001_21.150339_78.922433,MH-001,0,0.05778765678405762,0
A,MH-001,MH-001_21.150339_78.922702,MH-001,0,0.040664661675691605,0
A,MH-001,MH-001_21.150339_78.922972,MH-001,0,0.0509674996137619,0
A,MH-001,MH-001_21.150339_78.923241,MH-001,0,0.060139238834381104,0
A,MH-001,MH-001_21.150339_78.92378,MH-001,0,0.06249575316905975,0
A,MH-001,MH-001_21.150339_78.924588,MH-001,0,0.029118919745087624,0
A,MH-001,MH-001_21.150339_78.924858,MH-001,0,0.027746152132749557,0
A,MH-001,MH-001_21.150339_78.925127,MH-001,0,0.026046503335237503,0
A,MH-001,MH-001_21.150339_78.925666,MH-001,0,0.0272651556879282,0
A,MH-001,MH-001_21.150339_78.925936,MH-001,0,0.03940508887171745,0
A,MH-001,MH-001_21.150339_78.926205,MH-001,0,0.045474108308553696,0
A,MH-001,MH-001_21.150339_78.930517,MH-001,0,0.10167936980724335,0
A,MH-001,MH-001_21.150339_78.930787,MH-001,0,0.11851806193590164,0
A,MH-001,MH-001_21.150339_78.937255,MH-001,0,0.7387043237686157,1
A,MH-001,MH-001_21.150339_78.937524,MH-001,0,0.5908874273300171,1
A,MH-001,MH-001_21.150339_78.937794,MH-001,0,0.5760858058929443,1
A,MH-001,MH-001_21.150339_78.938063,MH-001,0,0.3838231861591339,0
A,MH-001,MH-001_21.15007_78.917312,MH-001,0,0.025840187445282936,0
A,MH-001,MH-001_21.15007_78.917582,MH-001,0,0.02294979989528656,0
A,MH-001,MH-001_21.15007_78.917851,MH-001,0,0.021312439814209938,0
A,MH-001,MH-001_21.15007_78.918121,MH-001,0,0.024385035037994385,0
A,MH-001,MH-001_21.15007_78.91839,MH-001,0,0.02682936191558838,0
A,MH-001,MH-001_21.15007_78.91866,MH-001,0,0.03521936759352684,0
A,MH-001,MH-001_21.15007_78.918929,MH-001,0,0.029793817549943924,0
A,MH-001,MH-001_21.15007_78.919199,MH-001,0,0.04474186897277832,0
A,MH-001,MH-001_21.15007_78.919468,MH-001,0,0.041013944894075394,0
A,MH-001,MH-001_21.15007_78.919738,MH-001,0,0.06789328157901764,0
A,MH-001,MH-001_21.15007_78.920007,MH-001,0,0.08391264826059341,0
A,MH-001,MH-001_21.15007_78.920277,MH-001,0,0.1303931176662445,0
A,MH-001,MH-001_21.15007_78.920546,MH-001,0,0.15634310245513916,0
A,MH-001,MH-001_21.15007_78.920816,MH-001,0,0.10564345121383667,0
A,MH-001,MH-001_21.15007_78.921085,MH-001,0,0.09543842822313309,0
A,MH-001,MH-001_21.15007_78.921355,MH-001,0,0.0654415711760521,0
A,MH-001,MH-001_21.15007_78.921624,MH-001,0,0.035088781267404556,0
A,MH-001,MH-001_21.15007_78.921894,MH-001,0,0.03782966732978821,0
A,MH-001,MH-001_21.15007_78.922163,MH-001,0,0.03598619997501373,0
A,MH-001,MH-001_21.15007_78.922433,MH-001,0,0.04039505124092102,0
A,MH-001,MH-001_21.15007_78.922702,MH-001,0,0.033409446477890015,0
A,MH-001,MH-001_21.15007_78.922972,MH-001,0,0.047145165503025055,0
A,MH-001,MH-001_21.15007_78.923241,MH-001,0,0.045746415853500366,0
A,MH-001,MH-001_21.15007_78.92351,MH-001,0,0.06668665260076523,0
A,MH-001,MH-001_21.15007_78.92378,MH-001,0,0.04352623596787453,0
A,MH-001,MH-001_21.15007_78.924049,MH-001,0,0.05015035718679428,0
A,MH-001,MH-001_21.15007_78.924319,MH-001,0,0.03540479391813278,0
A,MH-001,MH-001_21.15007_78.924588,MH-001,0,0.02672804333269596,0
A,MH-001,MH-001_21.15007_78.924858,MH-001,0,0.022901201620697975,0
A,MH-001,MH-001_21.15007_78.925127,MH-001,0,0.021621262654662132,0
A,MH-001,MH-001_21.15007_78.926475,MH-001,0,0.07392368465662003,0
A,MH-001,MH-001_21.15007_78.930517,MH-001,0,0.06386391818523407,0
A,MH-001,MH-001_21.15007_78.937255,MH-001,1,0.333792120218277,0
A,MH-001,MH-001_21.15007_78.937524,MH-001,0,0.2728900611400604,0
A,MH-001,MH-001_21.15007_78.937794,MH-001,0,0.2901408076286316,0
A,MH-001,MH-001_21.15007_78.938063,MH-001,0,0.2571060061454773,0
A,MH-001,MH-001_21.1498_78.917582,MH-001,0,0.025833263993263245,0
A,MH-001,MH-001_21.1498_78.917851,MH-001,0,0.02369745820760727,0
A,MH-001,MH-001_21.1498_78.918121,MH-001,0,0.02970842830836773,0
A,MH-001,MH-001_21.1498_78.91839,MH-001,0,0.03306812047958374,0
A,MH-001,MH-001_21.1498_78.91866,MH-001,0,0.037883732467889786,0
A,MH-001,MH-001_21.1498_78.918929,MH-001,0,0.030727263540029526,0
A,MH-001,MH-001_21.1498_78.919199,MH-001,0,0.038329076021909714,0
A,MH-001,MH-001_21.1498_78.919468,MH-001,0,0.04287537559866905,0
A,MH-001,MH-001_21.1498_78.919738,MH-001,0,0.047233060002326965,0
A,MH-001,MH-001_21.1498_78.920007,MH-001,0,0.06378930807113647,0
A,MH-001,MH-001_21.1498_78.920277,MH-001,0,0.10331124812364578,0
A,MH-001,MH-001_21.1498_78.920546,MH-001,0,0.0900145098567009,0
A,MH-001,MH-001_21.1498_78.920816,MH-001,0,0.07801452279090881,0
A,MH-001,MH-001_21.1498_78.921085,MH-001,0,0.07055056095123291,0
A,MH-001,MH-001_21.1498_78.921355,MH-001,0,0.04904553294181824,0
A,MH-001,MH-001_21.1498_78.921624,MH-001,0,0.02998075634241104,0
A,MH-001,MH-001_21.1498_78.921894,MH-001,0,0.02844342589378357,0
A,MH-001,MH-001_21.1498_78.922163,MH-001,0,0.029536953195929527,0
A,MH-001,MH-001_21.1498_78.922433,MH-001,0,0.03895566239953041,0
A,MH-001,MH-001_21.1498_78.922702,MH-001,0,0.03138379380106926,0
A,MH-001,MH-001_21.1498_78.922972,MH-001,0,0.041735876351594925,0
A,MH-001,MH-001_21.1498_78.923241,MH-001,0,0.04402944818139076,0
A,MH-001,MH-001_21.1498_78.92351,MH-001,0,0.04960387945175171,0
A,MH-001,MH-001_21.1498_78.92378,MH-001,0,0.03818361461162567,0
A,MH-001,MH-001_21.1498_78.924049,MH-001,0,0.04003722220659256,0
A,MH-001,MH-001_21.1498_78.924319,MH-001,0,0.026536522433161736,0
A,MH-001,MH-001_21.1498_78.924588,MH-001,0,0.02074192836880684,0
A,MH-001,MH-001_21.1498_78.924858,MH-001,0,0.021087320521473885,0
A,MH-001,MH-001_21.1498_78.925127,MH-001,0,0.027289409190416336,0
A,MH-001,MH-001_21.1498_78.926205,MH-001,0,0.08029573410749435,0
A,MH-001,MH-001_21.1498_78.937524,MH-001,1,0.12553660571575165,0
A,MH-001,MH-001_21.1498_78.937794,MH-001,0,0.16869287192821503,0
A,MH-001,MH-001_21.1498_78.938063,MH-001,0,0.1586458832025528,0
A,MH-001,MH-001_21.1498_78.938333,MH-001,0,0.21984373033046722,0
A,MH-001,MH-001_21.149531_78.917582,MH-001,0,0.02640245482325554,0
A,MH-001,MH-001_21.149531_78.917851,MH-001,0,0.025582676753401756,0
A,MH-001,MH-001_21.149531_78.918121,MH-001,0,0.03298399969935417,0
A,MH-001,MH-001_21.149531_78.91839,MH-001,0,0.037054549902677536,0
A,MH-001,MH-001_21.149531_78.91866,MH-001,0,0.04676489159464836,0
A,MH-001,MH-001_21.149531_78.918929,MH-001,0,0.032054707407951355,0
A,MH-001,MH-001_21.149531_78.919199,MH-001,0,0.04617106914520264,0
A,MH-001,MH-001_21.149531_78.919468,MH-001,0,0.04542580246925354,0
A,MH-001,MH-001_21.149531_78.919738,MH-001,0,0.05914853513240814,0
A,MH-001,MH-001_21.149531_78.920007,MH-001,0,0.07279129326343536,0
A,MH-001,MH-001_21.149531_78.920277,MH-001,0,0.09079237282276154,0
A,MH-001,MH-001_21.149531_78.920546,MH-001,0,0.08676549792289734,0
A,MH-001,MH-001_21.149531_78.920816,MH-001,0,0.06442467868328094,0
A,MH-001,MH-001_21.149531_78.921085,MH-001,0,0.06700917333364487,0
A,MH-001,MH-001_21.149531_78.921355,MH-001,0,0.038780130445957184,0
A,MH-001,MH-001_21.149531_78.921624,MH-001,0,0.026887422427535057,0
A,MH-001,MH-001_21.149531_78.921894,MH-001,0,0.033149588853120804,0
A,MH-001,MH-001_21.149531_78.922163,MH-001,0,0.03457169979810715,0
A,MH-001,MH-001_21.149531_78.922433,MH-001,0,0.04476489499211311,0
A,MH-001,MH-001_21.149531_78.922702,MH-001,0,0.034912701696157455,0
A,MH-001,MH-001_21.149531_78.922972,MH-001,0,0.03715194761753082,0
A,MH-001,MH-001_21.149531_78.923241,MH-001,0,0.031227419152855873,0
A,MH-001,MH-001_21.149531_78.92351,MH-001,0,0.04730607196688652,0
A,MH-001,MH-001_21.149531_78.92378,MH-001,0,0.04349305480718613,0
A,MH-001,MH-001_21.149531_78.924049,MH-001,0,0.048607636243104935,0
A,MH-001,MH-001_21.149531_78.924319,MH-001,0,0.037659693509340286,0
A,MH-001,MH-001_21.149531_78.924588,MH-001,0,0.032529208809137344,0
A,MH-001,MH-001_21.149531_78.924858,MH-001,0,0.03075355291366577,0
A,MH-001,MH-001_21.149531_78.925397,MH-001,0,0.04362830892205238,0
A,MH-001,MH-001_21.149531_78.925666,MH-001,0,0.05432469770312309,0
A,MH-001,MH-001_21.149531_78.926475,MH-001,0,0.06880614906549454,0
A,MH-001,MH-001_21.149531_78.937255,MH-001,0,0.04223278537392616,0
A,MH-001,MH-001_21.149531_78.938063,MH-001,0,0.07607172429561615,0
A,MH-001,MH-001_21.149531_78.938333,MH-001,0,0.11779100447893143,0
A,MH-001,MH-001_21.149531_78.938602,MH-001,0,0.17997846007347107,0
A,MH-001,MH-001_21.149261_78.917851,MH-001,0,0.028945378959178925,0
A,MH-001,MH-001_21.149261_78.918121,MH-001,0,0.035306379199028015,0
A,MH-001,MH-001_21.149261_78.91839,MH-001,0,0.043131716549396515,0
A,MH-001,MH-001_21.149261_78.91866,MH-001,0,0.046890564262866974,0
A,MH-001,MH-001_21.149261_78.918929,MH-001,0,0.04743674397468567,0
A,MH-001,MH-001_21.149261_78.919199,MH-001,0,0.053086988627910614,0
A,MH-001,MH-001_21.149261_78.919468,MH-001,0,0.061802975833415985,0
A,MH-001,MH-001_21.149261_78.919738,MH-001,0,0.05233098194003105,0
A,MH-001,MH-001_21.149261_78.920007,MH-001,0,0.0812232568860054,0
A,MH-001,MH-001_21.149261_78.920277,MH-001,0,0.11160430312156677,0
A,MH-001,MH-001_21.149261_78.920546,MH-001,0,0.11194834113121033,0
A,MH-001,MH-001_21.149261_78.920816,MH-001,0,0.08470933884382248,0
A,MH-001,MH-001_21.149261_78.921085,MH-001,0,0.07488581538200378,0
A,MH-001,MH-001_21.149261_78.921355,MH-001,0,0.03529166057705879,0
A,MH-001,MH-001_21.149261_78.921624,MH-001,0,0.025978904217481613,0
A,MH-001,MH-001_21.149261_78.921894,MH-001,0,0.026058772578835487,0
A,MH-001,MH-001_21.149261_78.922163,MH-001,0,0.029933596029877663,0
A,MH-001,MH-001_21.149261_78.922433,MH-001,0,0.03863290324807167,0
A,MH-001,MH-001_21.149261_78.922702,MH-001,0,0.032756004482507706,0
A,MH-001,MH-001_21.149261_78.922972,MH-001,0,0.03929703310132027,0
A,MH-001,MH-001_21.149261_78.923241,MH-001,0,0.038713131099939346,0
A,MH-001,MH-001_21.149261_78.92351,MH-001,0,0.04541577771306038,0
A,MH-001,MH-001_21.149261_78.92378,MH-001,0,0.051341887563467026,0
A,MH-001,MH-001_21.149261_78.924049,MH-001,0,0.056920237839221954,0
A,MH-001,MH-001_21.149261_78.924319,MH-001,0,0.04047698155045509,0
A,MH-001,MH-001_21.149261_78.924588,MH-001,0,0.0411800891160965,0
A,MH-001,MH-001_21.149261_78.924858,MH-001,0,0.03809312731027603,0
A,MH-001,MH-001_21.149261_78.925127,MH-001,0,0.05565773323178291,0
A,MH-001,MH-001_21.149261_78.925936,MH-001,0,0.09544111788272858,0
A,MH-001,MH-001_21.149261_78.931595,MH-001,0,0.009211933240294456,0
A,MH-001,MH-001_21.149261_78.931865,MH-001,0,0.0061846231110394,0
A,MH-001,MH-001_21.149261_78.937255,MH-001,0,0.030293012037873268,0
A,MH-001,MH-001_21.149261_78.937524,MH-001,0,0.03371579200029373,0
A,MH-001,MH-001_21.149261_78.938602,MH-001,0,0.0949912965297699,0
A,MH-001,MH-001_21.148992_78.917851,MH-001,0,0.03467055410146713,0
A,MH-001,MH-001_21.148992_78.918121,MH-001,0,0.037963222712278366,0
A,MH-001,MH-001_21.148992_78.91839,MH-001,0,0.05896984040737152,0
A,MH-001,MH-001_21.148992_78.91866,MH-001,0,0.057263851165771484,0
A,MH-001,MH-001_21.148992_78.918929,MH-001,0,0.05502544343471527,0
A,MH-001,MH-001_21.148992_78.919199,MH-001,0,0.05788424611091614,0
A,MH-001,MH-001_21.148992_78.919468,MH-001,0,0.05813523754477501,0
A,MH-001,MH-001_21.148992_78.919738,MH-001,0,0.06253650784492493,0
A,MH-001,MH-001_21.148992_78.920007,MH-001,0,0.08363032341003418,0
A,MH-001,MH-001_21.148992_78.920277,MH-001,0,0.09868890792131424,0
A,MH-001,MH-001_21.148992_78.920546,MH-001,0,0.12149228900671005,0
A,MH-001,MH-001_21.148992_78.920816,MH-001,0,0.09246298670768738,0
A,MH-001,MH-001_21.148992_78.921085,MH-001,0,0.07209693640470505,0
A,MH-001,MH-001_21.148992_78.921355,MH-001,0,0.03447636589407921,0
A,MH-001,MH-001_21.148992_78.921624,MH-001,0,0.026849444955587387,0
A,MH-001,MH-001_21.148992_78.921894,MH-001,0,0.02941366843879223,0
A,MH-001,MH-001_21.148992_78.922163,MH-001,0,0.03626177832484245,0
A,MH-001,MH-001_21.148992_78.922433,MH-001,0,0.04322899505496025,0
A,MH-001,MH-001_21.148992_78.922702,MH-001,0,0.04237789288163185,0
A,MH-001,MH-001_21.148992_78.922972,MH-001,0,0.04160209000110626,0
A,MH-001,MH-001_21.148992_78.923241,MH-001,0,0.044932156801223755,0
A,MH-001,MH-001_21.148992_78.92351,MH-001,0,0.054130781441926956,0
A,MH-001,MH-001_21.148992_78.92378,MH-001,0,0.07330584526062012,0
A,MH-001,MH-001_21.148992_78.924049,MH-001,0,0.06100898236036301,0
A,MH-001,MH-001_21.148992_78.924319,MH-001,0,0.05766358599066734,0
A,MH-001,MH-001_21.148992_78.924588,MH-001,0,0.060616832226514816,0
A,MH-001,MH-001_21.148992_78.924858,MH-001,0,0.06050806865096092,0
A,MH-001,MH-001_21.148992_78.925397,MH-001,0,0.06651220470666885,0
A,MH-001,MH-001_21.148992_78.926205,MH-001,0,0.1291348785161972,0
A,MH-001,MH-001_21.148992_78.926475,MH-001,0,0.12485672533512115,0
A,MH-001,MH-001_21.148992_78.930248,MH-001,0,0.03571101650595665,0
A,MH-001,MH-001_21.148992_78.930517,MH-001,0,0.03184792026877403,0
A,MH-001,MH-001_21.148992_78.931595,MH-001,0,0.007875205017626286,0
A,MH-001,MH-001_21.148992_78.931865,MH-001,0,0.005491927731782198,0
A,MH-001,MH-001_21.148992_78.937255,MH-001,0,0.018227189779281616,0
A,MH-001,MH-001_21.148992_78.937524,MH-001,0,0.018988776952028275,0
A,MH-001,MH-001_21.148992_78.937794,MH-001,0,0.026830632239580154,0
A,MH-001,MH-001_21.148992_78.938063,MH-001,0,0.0370536670088768,0
A,MH-001,MH-001_21.148722_78.917851,MH-001,0,0.05796980857849121,0
A,MH-001,MH-001_21.148722_78.918121,MH-001,0,0.05096839740872383,0
A,MH-001,MH-001_21.148722_78.91839,MH-001,0,0.07328660041093826,0
A,MH-001,MH-001_21.148722_78.91866,MH-001,0,0.05835941061377525,0
A,MH-001,MH-001_21.148722_78.918929,MH-001,0,0.0614820159971714,0
A,MH-001,MH-001_21.148722_78.919199,MH-001,0,0.07214367389678955,0
A,MH-001,MH-001_21.148722_78.919468,MH-001,0,0.08045458048582077,0
A,MH-001,MH-001_21.148722_78.919738,MH-001,0,0.09066930413246155,0
A,MH-001,MH-001_21.148722_78.920007,MH-001,0,0.12076812237501144,0
A,MH-001,MH-001_21.148722_78.920277,MH-001,0,0.12975406646728516,0
A,MH-001,MH-001_21.148722_78.920546,MH-001,0,0.13660211861133575,0
A,MH-001,MH-001_21.148722_78.920816,MH-001,0,0.0980498418211937,0
A,MH-001,MH-001_21.148722_78.921085,MH-001,0,0.0835798978805542,0
A,MH-001,MH-001_21.148722_78.921355,MH-001,0,0.040312256664037704,0
A,MH-001,MH-001_21.148722_78.921624,MH-001,0,0.03588679060339928,0
A,MH-001,MH-001_21.148722_78.921894,MH-001,0,0.0312754325568676,0
A,MH-001,MH-001_21.148722_78.922163,MH-001,0,0.03676946461200714,0
A,MH-001,MH-001_21.148722_78.922433,MH-001,0,0.04137361794710159,0
A,MH-001,MH-001_21.148722_78.922702,MH-001,0,0.049631375819444656,0
A,MH-001,MH-001_21.148722_78.922972,MH-001,0,0.05907381325960159,0
A,MH-001,MH-001_21.148722_78.923241,MH-001,0,0.05284477770328522,0
A,MH-001,MH-001_21.148722_78.92351,MH-001,0,0.06483463943004608,0
A,MH-001,MH-001_21.148722_78.92378,MH-001,0,0.07177486270666122,0
A,MH-001,MH-001_21.148722_78.924049,MH-001,0,0.06782425940036774,0
A,MH-001,MH-001_21.148722_78.924319,MH-001,0,0.06465809792280197,0
A,MH-001,MH-001_21.148722_78.924588,MH-001,0,0.07880380004644394,0
A,MH-001,MH-001_21.148722_78.924858,MH-001,0,0.088411346077919,0
A,MH-001,MH-001_21.148722_78.925127,MH-001,0,0.1003432348370552,0
A,MH-001,MH-001_21.148722_78.925397,MH-001,0,0.13191372156143188,0
A,MH-001,MH-001_21.148722_78.925666,MH-001,0,0.14817148447036743,0
A,MH-001,MH-001_21.148722_78.930248,MH-001,0,0.035697177052497864,0
A,MH-001,MH-001_21.148722_78.931865,MH-001,0,0.005775701720267534,0
A,MH-001,MH-001_21.148722_78.932134,MH-001,0,0.006630909629166126,0
A,MH-001,MH-001_21.148722_78.937255,MH-001,0,0.020612699910998344,0
A,MH-001,MH-001_21.148722_78.937524,MH-001,0,0.02637474238872528,0
A,MH-001,MH-001_21.148722_78.937794,MH-001,1,0.0327429361641407,0
A,MH-001,MH-001_21.148722_78.938063,MH-001,0,0.040309444069862366,0
A,MH-001,MH-001_21.148722_78.938333,MH-001,0,0.044894762337207794,0
A,MH-001,MH-001_21.148453_78.918121,MH-001,0,0.043018244206905365,0
A,MH-001,MH-001_21.148453_78.91839,MH-001,0,0.06432058662176132,0
A,MH-001,MH-001_21.148453_78.91866,MH-001,0,0.07426483184099197,0
A,MH-001,MH-001_21.148453_78.918929,MH-001,0,0.08840680867433548,0
A,MH-001,MH-001_21.148453_78.919199,MH-001,0,0.07910244166851044,0
A,MH-001,MH-001_21.148453_78.919468,MH-001,0,0.08514758199453354,0
A,MH-001,MH-001_21.148453_78.919738,MH-001,0,0.1168428510427475,0
A,MH-001,MH-001_21.148453_78.920007,MH-001,0,0.13104884326457977,0
A,MH-001,MH-001_21.148453_78.920277,MH-001,0,0.14554041624069214,0
A,MH-001,MH-001_21.148453_78.920546,MH-001,0,0.18337620794773102,0
A,MH-001,MH-001_21.148453_78.920816,MH-001,0,0.11947842687368393,0
A,MH-001,MH-001_21.148453_78.921085,MH-001,0,0.11375807970762253,0
A,MH-001,MH-001_21.148453_78.921355,MH-001,0,0.05964882671833038,0
A,MH-001,MH-001_21.148453_78.921624,MH-001,0,0.042954884469509125,0
A,MH-001,MH-001_21.148453_78.921894,MH-001,0,0.04256010800600052,0
A,MH-001,MH-001_21.148453_78.922163,MH-001,0,0.0470031276345253,0
A,MH-001,MH-001_21.148453_78.922433,MH-001,0,0.07056161761283875,0
A,MH-001,MH-001_21.148453_78.922702,MH-001,0,0.089088074862957,0
A,MH-001,MH-001_21.148453_78.922972,MH-001,0,0.07086296379566193,0
A,MH-001,MH-001_21.148453_78.923241,MH-001,0,0.08937443047761917,0
A,MH-001,MH-001_21.148453_78.92351,MH-001,0,0.07648386806249619,0
A,MH-001,MH-001_21.148453_78.92378,MH-001,0,0.09264708310365677,0
A,MH-001,MH-001_21.148453_78.924049,MH-001,0,0.08090837299823761,0
A,MH-001,MH-001_21.148453_78.924319,MH-001,0,0.11453122645616531,0
A,MH-001,MH-001_21.148453_78.924588,MH-001,0,0.1601075679063797,0
A,MH-001,MH-001_21.148453_78.924858,MH-001,0,0.16711589694023132,0
A,MH-001,MH-001_21.148453_78.925127,MH-001,0,0.15711508691310883,0
A,MH-001,MH-001_21.148453_78.926475,MH-001,0,0.204772487282753,0
A,MH-001,MH-001_21.148453_78.930248,MH-001,0,0.0376538448035717,0
A,MH-001,MH-001_21.148453_78.930517,MH-001,0,0.02769092656672001,0
A,MH-001,MH-001_21.148453_78.931056,MH-001,0,0.014590385369956493,0
A,MH-001,MH-001_21.148453_78.931865,MH-001,0,0.008096237666904926,0
A,MH-001,MH-001_21.148453_78.937255,MH-001,0,0.027483191341161728,0
A,MH-001,MH-001_21.148453_78.937524,MH-001,0,0.03634006157517433,0
A,MH-001,MH-001_21.148453_78.937794,MH-001,1,0.049019262194633484,0
A,MH-001,MH-001_21.148453_78.938063,MH-001,0,0.05936238542199135,0
A,MH-001,MH-001_21.148453_78.938333,MH-001,0,0.06843838095664978,0
A,MH-001,MH-001_21.148183_78.918121,MH-001,0,0.05090989172458649,0
A,MH-001,MH-001_21.148183_78.91839,MH-001,0,0.0760108008980751,0
A,MH-001,MH-001_21.148183_78.91866,MH-001,0,0.0752282664179802,0
A,MH-001,MH-001_21.148183_78.918929,MH-001,0,0.08396968990564346,0
A,MH-001,MH-001_21.148183_78.919199,MH-001,0,0.07236941158771515,0
A,MH-001,MH-001_21.148183_78.919468,MH-001,0,0.07189229875802994,0
A,MH-001,MH-001_21.148183_78.919738,MH-001,0,0.09035757184028625,0
A,MH-001,MH-001_21.148183_78.920007,MH-001,0,0.08968781679868698,0
A,MH-001,MH-001_21.148183_78.920277,MH-001,0,0.12356387078762054,0
A,MH-001,MH-001_21.148183_78.920546,MH-001,0,0.1279374212026596,0
A,MH-001,MH-001_21.148183_78.920816,MH-001,0,0.11076080799102783,0
A,MH-001,MH-001_21.148183_78.921085,MH-001,0,0.10518161207437515,0
A,MH-001,MH-001_21.148183_78.921355,MH-001,0,0.06001373752951622,0
A,MH-001,MH-001_21.148183_78.921624,MH-001,0,0.05529112368822098,0
A,MH-001,MH-001_21.148183_78.921894,MH-001,0,0.051694415509700775,0
A,MH-001,MH-001_21.148183_78.922163,MH-001,0,0.06563352793455124,0
A,MH-001,MH-001_21.148183_78.922433,MH-001,0,0.08854186534881592,0
A,MH-001,MH-001_21.148183_78.922702,MH-001,0,0.104581318795681,0
A,MH-001,MH-001_21.148183_78.922972,MH-001,0,0.1073913723230362,0
A,MH-001,MH-001_21.148183_78.923241,MH-001,0,0.13001412153244019,0
A,MH-001,MH-001_21.148183_78.92351,MH-001,0,0.12981025874614716,0
A,MH-001,MH-001_21.148183_78.92378,MH-001,0,0.12645471096038818,0
A,MH-001,MH-001_21.148183_78.924049,MH-001,0,0.10117878019809723,0
A,MH-001,MH-001_21.148183_78.924319,MH-001,0,0.11519022285938263,0
A,MH-001,MH-001_21.148183_78.924588,MH-001,0,0.1409798264503479,0
A,MH-001,MH-001_21.148183_78.925127,MH-001,0,0.14863526821136475,0
A,MH-001,MH-001_21.148183_78.926205,MH-001,0,0.12922300398349762,0
A,MH-001,MH-001_21.148183_78.926475,MH-001,0,0.15150927007198334,0
A,MH-001,MH-001_21.148183_78.930248,MH-001,0,0.03629683703184128,0
A,MH-001,MH-001_21.148183_78.930517,MH-001,0,0.032157447189092636,0
A,MH-001,MH-001_21.148183_78.931056,MH-001,0,0.018262522295117378,0
A,MH-001,MH-001_21.148183_78.931865,MH-001,0,0.014533025212585926,0
A,MH-001,MH-001_21.148183_78.932404,MH-001,0,0.02162875421345234,0
A,MH-001,MH-001_21.148183_78.937524,MH-001,0,0.05649608373641968,0
A,MH-001,MH-001_21.148183_78.937794,MH-001,1,0.0849808007478714,0
A,MH-001,MH-001_21.147914_78.91839,MH-001,0,0.0715731680393219,0
A,MH-001,MH-001_21.147914_78.91866,MH-001,0,0.0668458417057991,0
A,MH-001,MH-001_21.147914_78.918929,MH-001,0,0.05911281704902649,0
A,MH-001,MH-001_21.147914_78.919199,MH-001,0,0.06422553211450577,0
A,MH-001,MH-001_21.147914_78.919468,MH-001,0,0.051900465041399,0
A,MH-001,MH-001_21.147914_78.919738,MH-001,0,0.06545323133468628,0
A,MH-001,MH-001_21.147914_78.920007,MH-001,0,0.05925484001636505,0
A,MH-001,MH-001_21.147914_78.920277,MH-001,0,0.06632474809885025,0
A,MH-001,MH-001_21.147914_78.920546,MH-001,0,0.06862405687570572,0
A,MH-001,MH-001_21.147914_78.920816,MH-001,0,0.06079065054655075,0
A,MH-001,MH-001_21.147914_78.921085,MH-001,0,0.058942195028066635,0
A,MH-001,MH-001_21.147914_78.921355,MH-001,0,0.039722733199596405,0
A,MH-001,MH-001_21.147914_78.921624,MH-001,0,0.043989721685647964,0
A,MH-001,MH-001_21.147914_78.921894,MH-001,0,0.07584924250841141,0
A,MH-001,MH-001_21.147914_78.922163,MH-001,0,0.07881142944097519,0
A,MH-001,MH-001_21.147914_78.922433,MH-001,0,0.1445588618516922,0
A,MH-001,MH-001_21.147914_78.922702,MH-001,0,0.12431935966014862,0
A,MH-001,MH-001_21.147914_78.922972,MH-001,0,0.1402282416820526,0
A,MH-001,MH-001_21.147914_78.923241,MH-001,0,0.16475412249565125,0
A,MH-001,MH-001_21.147914_78.92351,MH-001,0,0.12863096594810486,0
A,MH-001,MH-001_21.147914_78.92378,MH-001,0,0.16709600389003754,0
A,MH-001,MH-001_21.147914_78.924049,MH-001,0,0.15230509638786316,0
A,MH-001,MH-001_21.147914_78.924319,MH-001,0,0.16927531361579895,0
A,MH-001,MH-001_21.147914_78.924588,MH-001,0,0.1505293846130371,0
A,MH-001,MH-001_21.147914_78.926205,MH-001,0,0.1556645631790161,0
A,MH-001,MH-001_21.147914_78.926475,MH-001,0,0.2005906105041504,0
A,MH-001,MH-001_21.147914_78.930248,MH-001,0,0.06420879811048508,0
A,MH-001,MH-001_21.147914_78.930517,MH-001,0,0.06581364572048187,0
A,MH-001,MH-001_21.147914_78.930787,MH-001,0,0.0502118356525898,0
A,MH-001,MH-001_21.147914_78.931326,MH-001,0,0.03674927353858948,0
A,MH-001,MH-001_21.147914_78.931595,MH-001,0,0.03316560760140419,0
A,MH-001,MH-001_21.147914_78.932134,MH-001,0,0.02751091867685318,0
A,MH-001,MH-001_21.147914_78.932404,MH-001,0,0.02881886437535286,0
A,MH-001,MH-001_21.147914_78.932673,MH-001,0,0.030469728633761406,0
A,MH-001,MH-001_21.147914_78.932943,MH-001,0,0.024488087743520737,0
A,MH-001,MH-001_21.147914_78.937255,MH-001,0,0.04510591924190521,0
A,MH-001,MH-001_21.147914_78.937524,MH-001,0,0.09226011484861374,0
A,MH-001,MH-001_21.147914_78.937794,MH-001,1,0.13802623748779297,0
A,MH-001,MH-001_21.147914_78.938063,MH-001,1,0.13467532396316528,0
A,MH-001,MH-001_21.147914_78.938333,MH-001,0,0.15686234831809998,0
A,MH-001,MH-001_21.147914_78.938602,MH-001,0,0.12310010194778442,0
A,MH-001,MH-001_21.147644_78.91839,MH-001,0,0.09734891355037689,0
A,MH-001,MH-001_21.147644_78.91866,MH-001,0,0.08436954766511917,0
A,MH-001,MH-001_21.147644_78.918929,MH-001,0,0.08218227326869965,0
A,MH-001,MH-001_21.147644_78.919199,MH-001,0,0.07850868999958038,0
A,MH-001,MH-001_21.147644_78.919468,MH-001,0,0.04864209145307541,0
A,MH-001,MH-001_21.147644_78.919738,MH-001,0,0.06206580623984337,0
A,MH-001,MH-001_21.147644_78.920007,MH-001,0,0.04506908729672432,0
A,MH-001,MH-001_21.147644_78.920277,MH-001,0,0.05226355791091919,0
A,MH-001,MH-001_21.147644_78.920546,MH-001,0,0.052635308355093,0
A,MH-001,MH-001_21.147644_78.920816,MH-001,0,0.05899950489401817,0
A,MH-001,MH-001_21.147644_78.921085,MH-001,0,0.04900261387228966,0
A,MH-001,MH-001_21.147644_78.921355,MH-001,0,0.05015446990728378,0
A,MH-001,MH-001_21.147644_78.921624,MH-001,0,0.061954889446496964,0
A,MH-001,MH-001_21.147644_78.921894,MH-001,0,0.07280096411705017,0
A,MH-001,MH-001_21.147644_78.922163,MH-001,0,0.09541492909193039,0
A,MH-001,MH-001_21.147644_78.922433,MH-001,0,0.14422012865543365,0
A,MH-001,MH-001_21.147644_78.922702,MH-001,0,0.1942116767168045,0
A,MH-001,MH-001_21.147644_78.922972,MH-001,0,0.16339357197284698,0
A,MH-001,MH-001_21.147644_78.923241,MH-001,0,0.24195678532123566,0
A,MH-001,MH-001_21.147644_78.92351,MH-001,0,0.20613645017147064,0
A,MH-001,MH-001_21.147644_78.92378,MH-001,0,0.23453111946582794,0
A,MH-001,MH-001_21.147644_78.924049,MH-001,0,0.22162768244743347,0
A,MH-001,MH-001_21.147644_78.924319,MH-001,0,0.16787075996398926,0
A,MH-001,MH-001_21.147644_78.924858,MH-001,0,0.14915339648723602,0
A,MH-001,MH-001_21.147644_78.925127,MH-001,0,0.11466862261295319,0
A,MH-001,MH-001_21.147644_78.930248,MH-001,0,0.06759050488471985,0
A,MH-001,MH-001_21.147644_78.930517,MH-001,0,0.07059165835380554,0
A,MH-001,MH-001_21.147644_78.930787,MH-001,0,0.06625634431838989,0
A,MH-001,MH-001_21.147644_78.931056,MH-001,0,0.05039900541305542,0
A,MH-001,MH-001_21.147644_78.931326,MH-001,0,0.04948166757822037,0
A,MH-001,MH-001_21.147644_78.932134,MH-001,0,0.03423134237527847,0
A,MH-001,MH-001_21.147644_78.932404,MH-001,0,0.026968123391270638,0
A,MH-001,MH-001_21.147644_78.932673,MH-001,0,0.030462846159934998,0
A,MH-001,MH-001_21.147644_78.932943,MH-001,0,0.022351272404193878,0
A,MH-001,MH-001_21.147644_78.933212,MH-001,0,0.03417115658521652,0
A,MH-001,MH-001_21.147644_78.937255,MH-001,1,0.052359241992235184,0
A,MH-001,MH-001_21.147644_78.937524,MH-001,1,0.10256630927324295,0
A,MH-001,MH-001_21.147644_78.937794,MH-001,1,0.16167858242988586,0
A,MH-001,MH-001_21.147644_78.938063,MH-001,0,0.16177549958229065,0
A,MH-001,MH-001_21.147644_78.938333,MH-001,0,0.16188885271549225,0
A,MH-001,MH-001_21.147644_78.938602,MH-001,0,0.12713859975337982,0
A,MH-001,MH-001_21.147375_78.91866,MH-001,0,0.07837441563606262,0
A,MH-001,MH-001_21.147375_78.918929,MH-001,0,0.07584624737501144,0
A,MH-001,MH-001_21.147375_78.919199,MH-001,0,0.06829249858856201,0
A,MH-001,MH-001_21.147375_78.919468,MH-001,0,0.0458856001496315,0
A,MH-001,MH-001_21.147375_78.919738,MH-001,0,0.05253970995545387,0
A,MH-001,MH-001_21.147375_78.920007,MH-001,0,0.04865581914782524,0
A,MH-001,MH-001_21.147375_78.920277,MH-001,0,0.03523498773574829,0
A,MH-001,MH-001_21.147375_78.920546,MH-001,0,0.0378899946808815,0
A,MH-001,MH-001_21.147375_78.920816,MH-001,0,0.03561517968773842,0
A,MH-001,MH-001_21.147375_78.921085,MH-001,0,0.04060742259025574,0
A,MH-001,MH-001_21.147375_78.921355,MH-001,0,0.03653830662369728,0
A,MH-001,MH-001_21.147375_78.921624,MH-001,0,0.04144296422600746,0
A,MH-001,MH-001_21.147375_78.921894,MH-001,0,0.06729761511087418,0
A,MH-001,MH-001_21.147375_78.922163,MH-001,0,0.07781857997179031,0
A,MH-001,MH-001_21.147375_78.922433,MH-001,0,0.12752707302570343,0
A,MH-001,MH-001_21.147375_78.922702,MH-001,0,0.1586645543575287,0
A,MH-001,MH-001_21.147375_78.922972,MH-001,0,0.21098512411117554,0
A,MH-001,MH-001_21.147375_78.923241,MH-001,0,0.26740318536758423,0
A,MH-001,MH-001_21.147375_78.92351,MH-001,0,0.25714462995529175,0
A,MH-001,MH-001_21.147375_78.92378,MH-001,0,0.35759881138801575,0
A,MH-001,MH-001_21.147375_78.924049,MH-001,0,0.3149528205394745,0
A,MH-001,MH-001_21.147375_78.924319,MH-001,0,0.32013946771621704,0
A,MH-001,MH-001_21.147375_78.924588,MH-001,0,0.30557987093925476,0
A,MH-001,MH-001_21.147375_78.925666,MH-001,0,0.11075951904058456,0
A,MH-001,MH-001_21.147375_78.926205,MH-001,0,0.1716822236776352,0
A,MH-001,MH-001_21.147375_78.930248,MH-001,0,0.08321558684110641,0
A,MH-001,MH-001_21.147375_78.930517,MH-001,0,0.07793495804071426,0
A,MH-001,MH-001_21.147375_78.930787,MH-001,0,0.06902030855417252,0
A,MH-001,MH-001_21.147375_78.931056,MH-001,0,0.05708477273583412,0
A,MH-001,MH-001_21.147375_78.931326,MH-001,0,0.048082005232572556,0
A,MH-001,MH-001_21.147375_78.931595,MH-001,0,0.05067253112792969,0
A,MH-001,MH-001_21.147375_78.931865,MH-001,0,0.039402686059474945,0
A,MH-001,MH-001_21.147375_78.932134,MH-001,0,0.03419932350516319,0
A,MH-001,MH-001_21.147375_78.932404,MH-001,0,0.026247572153806686,0
A,MH-001,MH-001_21.147375_78.932673,MH-001,0,0.025052852928638458,0
A,MH-001,MH-001_21.147375_78.932943,MH-001,0,0.025916675105690956,0
A,MH-001,MH-001_21.147375_78.933212,MH-001,0,0.034275539219379425,0
A,MH-001,MH-001_21.147375_78.933482,MH-001,0,0.03983047604560852,0
A,MH-001,MH-001_21.147375_78.937255,MH-001,1,0.11631473153829575,0
A,MH-001,MH-001_21.147375_78.937524,MH-001,1,0.1849224716424942,0
A,MH-001,MH-001_21.147375_78.937794,MH-001,1,0.24054542183876038,0
A,MH-001,MH-001_21.147375_78.938063,MH-001,0,0.18797016143798828,0
A,MH-001,MH-001_21.147375_78.938333,MH-001,0,0.19564254581928253,0
A,MH-001,MH-001_21.147375_78.938602,MH-001,0,0.18906496465206146,0
A,MH-001,MH-001_21.147105_78.91866,MH-001,0,0.11704076826572418,0
A,MH-001,MH-001_21.147105_78.918929,MH-001,0,0.10789261013269424,0
A,MH-001,MH-001_21.147105_78.919199,MH-001,0,0.0915810763835907,0
A,MH-001,MH-001_21.147105_78.919468,MH-001,0,0.06669475138187408,0
A,MH-001,MH-001_21.147105_78.919738,MH-001,0,0.07351934909820557,0
A,MH-001,MH-001_21.147105_78.920007,MH-001,0,0.048952195793390274,0
A,MH-001,MH-001_21.147105_78.920277,MH-001,0,0.038528330624103546,0
A,MH-001,MH-001_21.147105_78.920546,MH-001,0,0.03495560586452484,0
A,MH-001,MH-001_21.147105_78.920816,MH-001,0,0.045182760804891586,0
A,MH-001,MH-001_21.147105_78.921085,MH-001,0,0.04327892139554024,0
A,MH-001,MH-001_21.147105_78.921355,MH-001,0,0.04215552657842636,0
A,MH-001,MH-001_21.147105_78.922163,MH-001,0,0.0782768726348877,0
A,MH-001,MH-001_21.147105_78.922433,MH-001,0,0.11193311959505081,0
A,MH-001,MH-001_21.147105_78.922702,MH-001,0,0.18143019080162048,0
A,MH-001,MH-001_21.147105_78.922972,MH-001,0,0.25606682896614075,0
A,MH-001,MH-001_21.147105_78.923241,MH-001,0,0.4088423252105713,0
A,MH-001,MH-001_21.147105_78.92351,MH-001,0,0.4014466106891632,0
A,MH-001,MH-001_21.147105_78.924319,MH-001,0,0.5356823205947876,1
A,MH-001,MH-001_21.147105_78.925127,MH-001,1,0.32501405477523804,0
A,MH-001,MH-001_21.147105_78.925397,MH-001,0,0.23566934466362,0
A,MH-001,MH-001_21.147105_78.930248,MH-001,0,0.07093232125043869,0
A,MH-001,MH-001_21.147105_78.930517,MH-001,0,0.06964075565338135,0
A,MH-001,MH-001_21.147105_78.930787,MH-001,0,0.067099928855896,0
A,MH-001,MH-001_21.147105_78.931056,MH-001,0,0.054120343178510666,0
A,MH-001,MH-001_21.147105_78.931326,MH-001,0,0.048184704035520554,0
A,MH-001,MH-001_21.147105_78.931595,MH-001,0,0.04270639643073082,0
A,MH-001,MH-001_21.147105_78.931865,MH-001,0,0.03637143224477768,0
A,MH-001,MH-001_21.147105_78.932943,MH-001,0,0.0218915157020092,0
A,MH-001,MH-001_21.147105_78.933212,MH-001,0,0.029053164646029472,0
A,MH-001,MH-001_21.147105_78.937255,MH-001,1,0.08497876673936844,0
A,MH-001,MH-001_21.147105_78.937524,MH-001,0,0.12542197108268738,0
A,MH-001,MH-001_21.147105_78.937794,MH-001,0,0.1369120478630066,0
A,MH-001,MH-001_21.147105_78.938063,MH-001,0,0.13741432130336761,0
A,MH-001,MH-001_21.147105_78.938333,MH-001,0,0.1630839705467224,0
A,MH-001,MH-001_21.147105_78.938602,MH-001,0,0.11335716396570206,0
A,MH-001,MH-001_21.146836_78.918929,MH-001,0,0.09484545141458511,0
A,MH-001,MH-001_21.146836_78.919199,MH-001,0,0.11697445809841156,0
A,MH-001,MH-001_21.146836_78.919468,MH-001,0,0.08270733058452606,0
A,MH-001,MH-001_21.146836_78.919738,MH-001,0,0.07566121965646744,0
A,MH-001,MH-001_21.146836_78.920007,MH-001,0,0.04885295778512955,0
A,MH-001,MH-001_21.146836_78.920277,MH-001,0,0.03616827353835106,0
A,MH-001,MH-001_21.146836_78.920546,MH-001,0,0.030405426397919655,0
A,MH-001,MH-001_21.146836_78.920816,MH-001,0,0.03537809103727341,0
A,MH-001,MH-001_21.146836_78.921085,MH-001,0,0.03663969784975052,0
A,MH-001,MH-001_21.146836_78.921624,MH-001,0,0.034298304468393326,0
A,MH-001,MH-001_21.146836_78.921894,MH-001,0,0.037940070033073425,0
A,MH-001,MH-001_21.146836_78.924049,MH-001,0,0.5004259943962097,1
A,MH-001,MH-001_21.146836_78.924319,MH-001,1,0.428353875875473,0
A,MH-001,MH-001_21.146836_78.924588,MH-001,1,0.42873647809028625,0
A,MH-001,MH-001_21.146836_78.924858,MH-001,1,0.40389004349708557,0
A,MH-001,MH-001_21.146836_78.925127,MH-001,0,0.3722262978553772,0
A,MH-001,MH-001_21.146836_78.930248,MH-001,0,0.07698990404605865,0
A,MH-001,MH-001_21.146836_78.930517,MH-001,0,0.06742853671312332,0
A,MH-001,MH-001_21.146836_78.930787,MH-001,0,0.07118771970272064,0
A,MH-001,MH-001_21.146836_78.931056,MH-001,0,0.053943369537591934,0
A,MH-001,MH-001_21.146836_78.931326,MH-001,0,0.0472751148045063,0
A,MH-001,MH-001_21.146836_78.931595,MH-001,0,0.03975911810994148,0
A,MH-001,MH-001_21.146836_78.931865,MH-001,0,0.03505663573741913,0
A,MH-001,MH-001_21.146836_78.937524,MH-001,0,0.07537658512592316,0
A,MH-001,MH-001_21.146836_78.937794,MH-001,0,0.11497140675783157,0
A,MH-001,MH-001_21.146836_78.938063,MH-001,0,0.12157008051872253,0
A,MH-001,MH-001_21.146566_78.918929,MH-001,0,0.11047516018152237,0
A,MH-001,MH-001_21.146566_78.919199,MH-001,0,0.1257341206073761,0
A,MH-001,MH-001_21.146566_78.919468,MH-001,0,0.089365154504776,0
A,MH-001,MH-001_21.146566_78.919738,MH-001,0,0.055543359369039536,0
A,MH-001,MH-001_21.146566_78.920007,MH-001,0,0.04232935607433319,0
A,MH-001,MH-001_21.146566_78.920277,MH-001,0,0.02823726087808609,0
A,MH-001,MH-001_21.146566_78.920546,MH-001,0,0.02777745947241783,0
A,MH-001,MH-001_21.146566_78.920816,MH-001,0,0.03308350592851639,0
A,MH-001,MH-001_21.146566_78.921085,MH-001,0,0.028445472940802574,0
A,MH-001,MH-001_21.146566_78.921355,MH-001,0,0.02517293207347393,0
A,MH-001,MH-001_21.146566_78.921624,MH-001,0,0.020814798772335052,0
A,MH-001,MH-001_21.146566_78.922702,MH-001,0,0.07703173160552979,0
A,MH-001,MH-001_21.146566_78.924049,MH-001,1,0.46599081158638,0
A,MH-001,MH-001_21.146566_78.924319,MH-001,1,0.4002135097980499,0
A,MH-001,MH-001_21.146566_78.924588,MH-001,1,0.4600631892681122,0
A,MH-001,MH-001_21.146566_78.924858,MH-001,1,0.4627983570098877,0
A,MH-001,MH-001_21.146566_78.925127,MH-001,0,0.49836432933807373,0
A,MH-001,MH-001_21.146566_78.925397,MH-001,0,0.4784494936466217,0
A,MH-001,MH-001_21.146566_78.925666,MH-001,0,0.46312546730041504,0
A,MH-001,MH-001_21.146566_78.930517,MH-001,0,0.04404784366488457,0
A,MH-001,MH-001_21.146566_78.930787,MH-001,0,0.05005175992846489,0
A,MH-001,MH-001_21.146566_78.931056,MH-001,0,0.04730547219514847,0
A,MH-001,MH-001_21.146566_78.931326,MH-001,0,0.04505180940032005,0
A,MH-001,MH-001_21.146566_78.932943,MH-001,0,0.03067910484969616,0
A,MH-001,MH-001_21.146566_78.933482,MH-001,0,0.0738360658288002,0
A,MH-001,MH-001_21.146297_78.919199,MH-001,0,0.12111498415470123,0
A,MH-001,MH-001_21.146297_78.919468,MH-001,0,0.06034080684185028,0
A,MH-001,MH-001_21.146297_78.919738,MH-001,0,0.051827821880578995,0
A,MH-001,MH-001_21.146297_78.920007,MH-001,0,0.03718977048993111,0
A,MH-001,MH-001_21.146297_78.920277,MH-001,0,0.04048128053545952,0
A,MH-001,MH-001_21.146297_78.920546,MH-001,0,0.03558213636279106,0
A,MH-001,MH-001_21.146297_78.920816,MH-001,0,0.047686830163002014,0
A,MH-001,MH-001_21.146297_78.921355,MH-001,0,0.03276825696229935,0
A,MH-001,MH-001_21.146297_78.921624,MH-001,0,0.021054765209555626,0
A,MH-001,MH-001_21.146297_78.922433,MH-001,0,0.05157507210969925,0
A,MH-001,MH-001_21.146297_78.922702,MH-001,0,0.05170852690935135,0
A,MH-001,MH-001_21.146297_78.922972,MH-001,0,0.08291619271039963,0
A,MH-001,MH-001_21.146297_78.924049,MH-001,1,0.3090440630912781,0
A,MH-001,MH-001_21.146297_78.924319,MH-001,1,0.26085469126701355,0
A,MH-001,MH-001_21.146297_78.924588,MH-001,1,0.2852509319782257,0
A,MH-001,MH-001_21.146297_78.925127,MH-001,0,0.3285072147846222,0
A,MH-001,MH-001_21.146297_78.925397,MH-001,0,0.26831507682800293,0
A,MH-001,MH-001_21.146297_78.925666,MH-001,0,0.3153717815876007,0
A,MH-001,MH-001_21.146297_78.925936,MH-001,1,0.40994277596473694,0
A,MH-001,MH-001_21.146297_78.932404,MH-001,0,0.03440798819065094,0
A,MH-001,MH-001_21.146297_78.938602,MH-001,0,0.03382251039147377,0
A,MH-001,MH-001_21.146027_78.919199,MH-001,0,0.05728933587670326,0
A,MH-001,MH-001_21.146027_78.919468,MH-001,0,0.042837608605623245,0
A,MH-001,MH-001_21.146027_78.919738,MH-001,0,0.027886055409908295,0
A,MH-001,MH-001_21.146027_78.920007,MH-001,0,0.028090758249163628,0
A,MH-001,MH-001_21.146027_78.920277,MH-001,0,0.024300765246152878,0
A,MH-001,MH-001_21.146027_78.920546,MH-001,0,0.029275815933942795,0
A,MH-001,MH-001_21.146027_78.921894,MH-001,0,0.026162639260292053,0
A,MH-001,MH-001_21.146027_78.922702,MH-001,0,0.05529873073101044,0
A,MH-001,MH-001_21.146027_78.924049,MH-001,0,0.1611441820859909,0
A,MH-001,MH-001_21.146027_78.924319,MH-001,0,0.15036524832248688,0
A,MH-001,MH-001_21.146027_78.924588,MH-001,1,0.18626008927822113,0
A,MH-001,MH-001_21.146027_78.924858,MH-001,1,0.16194559633731842,0
A,MH-001,MH-001_21.146027_78.925397,MH-001,0,0.18322043120861053,0
A,MH-001,MH-001_21.146027_78.925666,MH-001,0,0.23019814491271973,0
A,MH-001,MH-001_21.146027_78.925936,MH-001,0,0.31783515214920044,0
A,MH-001,MH-001_21.146027_78.930248,MH-001,0,0.04535771533846855,0
A,MH-001,MH-001_21.146027_78.930517,MH-001,0,0.055041711777448654,0
A,MH-001,MH-001_21.146027_78.930787,MH-001,0,0.06556083261966705,0
A,MH-001,MH-001_21.145758_78.919468,MH-001,0,0.025176716968417168,0
A,MH-001,MH-001_21.145758_78.919738,MH-001,0,0.02007780782878399,0
A,MH-001,MH-001_21.145758_78.920007,MH-001,0,0.024067295715212822,0
A,MH-001,MH-001_21.145758_78.920277,MH-001,0,0.023063484579324722,0
A,MH-001,MH-001_21.145758_78.921355,MH-001,0,0.026651430875062943,0
A,MH-001,MH-001_21.145758_78.921624,MH-001,1,0.024411503225564957,0
A,MH-001,MH-001_21.145758_78.924588,MH-001,0,0.14174455404281616,0
A,MH-001,MH-001_21.145758_78.924858,MH-001,0,0.16293419897556305,0
A,MH-001,MH-001_21.145758_78.925127,MH-001,0,0.16940809786319733,0
A,MH-001,MH-001_21.145758_78.925397,MH-001,0,0.13778150081634521,0
A,MH-001,MH-001_21.145758_78.925666,MH-001,0,0.16931290924549103,0
A,MH-001,MH-001_21.145758_78.925936,MH-001,0,0.19984322786331177,0
A,MH-001,MH-001_21.145758_78.930248,MH-001,0,0.06465018540620804,0
A,MH-001,MH-001_21.145758_78.930517,MH-001,1,0.0963757187128067,0
A,MH-001,MH-001_21.145758_78.930787,MH-001,1,0.13753235340118408,0
A,MH-001,MH-001_21.145758_78.931056,MH-001,1,0.10902777314186096,0
A,MH-001,MH-001_21.145758_78.932404,MH-001,0,0.05430831387639046,0
A,MH-001,MH-001_21.145488_78.919468,MH-001,0,0.016825884580612183,0
A,MH-001,MH-001_21.145488_78.919738,MH-001,0,0.013726147823035717,0
A,MH-001,MH-001_21.145488_78.920007,MH-001,0,0.017834926024079323,0
A,MH-001,MH-001_21.145488_78.921085,MH-001,1,0.022353559732437134,0
A,MH-001,MH-001_21.145488_78.921624,MH-001,0,0.031619321554899216,0
A,MH-001,MH-001_21.145488_78.922163,MH-001,0,0.06388919055461884,0
A,MH-001,MH-001_21.145488_78.922433,MH-001,1,0.06884828209877014,0
A,MH-001,MH-001_21.145488_78.924588,MH-001,0,0.2391645312309265,0
A,MH-001,MH-001_21.145488_78.925666,MH-001,0,0.1456611007452011,0
A,MH-001,MH-001_21.145488_78.925936,MH-001,0,0.1223248541355133,0
A,MH-001,MH-001_21.145488_78.926205,MH-001,0,0.19257913529872894,0
A,MH-001,MH-001_21.145488_78.926475,MH-001,0,0.27500268816947937,0
A,MH-001,MH-001_21.145488_78.930517,MH-001,1,0.11969538778066635,0
A,MH-001,MH-001_21.145488_78.930787,MH-001,0,0.13830621540546417,0
A,MH-001,MH-001_21.145488_78.931056,MH-001,1,0.1360301971435547,0
A,MH-001,MH-001_21.145488_78.931595,MH-001,0,0.07846366614103317,0
A,MH-001,MH-001_21.145488_78.931865,MH-001,0,0.06063210591673851,0
A,MH-001,MH-001_21.145488_78.932673,MH-001,0,0.05722975358366966,0
A,MH-001,MH-001_21.145488_78.933212,MH-001,0,0.08818069100379944,0
A,MH-001,MH-001_21.145219_78.919468,MH-001,0,0.012594622559845448,0
A,MH-001,MH-001_21.145219_78.919738,MH-001,0,0.011653955094516277,0
A,MH-001,MH-001_21.145219_78.920007,MH-001,0,0.012021590955555439,0
A,MH-001,MH-001_21.145219_78.921624,MH-001,0,0.03419122099876404,0
A,MH-001,MH-001_21.145219_78.921894,MH-001,0,0.05096828192472458,0
A,MH-001,MH-001_21.145219_78.922702,MH-001,0,0.09720442444086075,0
A,MH-001,MH-001_21.145219_78.924319,MH-001,0,0.3208194971084595,0
A,MH-001,MH-001_21.145219_78.925127,MH-001,0,0.3409850299358368,0
A,MH-001,MH-001_21.145219_78.925666,MH-001,0,0.13361455500125885,0
A,MH-001,MH-001_21.145219_78.925936,MH-001,0,0.09812100231647491,0
A,MH-001,MH-001_21.145219_78.926205,MH-001,0,0.11175931990146637,0
A,MH-001,MH-001_21.145219_78.926475,MH-001,0,0.11943764984607697,0
A,MH-001,MH-001_21.145219_78.930517,MH-001,0,0.16705070436000824,0
A,MH-001,MH-001_21.145219_78.930787,MH-001,0,0.1506711095571518,0
A,MH-001,MH-001_21.145219_78.932134,MH-001,0,0.054491594433784485,0
A,MH-001,MH-001_21.145219_78.933482,MH-001,0,0.1164848655462265,0
A,MH-001,MH-001_21.144949_78.919738,MH-001,0,0.01084990706294775,0
A,MH-001,MH-001_21.144949_78.920007,MH-001,0,0.010816301219165325,0
A,MH-001,MH-001_21.144949_78.921085,MH-001,0,0.012628545053303242,0
A,MH-001,MH-001_21.144949_78.921355,MH-001,0,0.0187694039195776,0
A,MH-001,MH-001_21.144949_78.921624,MH-001,0,0.032549500465393066,0
A,MH-001,MH-001_21.144949_78.921894,MH-001,0,0.04552507400512695,0
A,MH-001,MH-001_21.144949_78.922163,MH-001,0,0.05045770853757858,0
A,MH-001,MH-001_21.144949_78.922433,MH-001,0,0.06394802033901215,0
A,MH-001,MH-001_21.144949_78.922702,MH-001,0,0.07970362901687622,0
A,MH-001,MH-001_21.144949_78.922972,MH-001,0,0.11918691545724869,0
A,MH-001,MH-001_21.144949_78.924858,MH-001,0,0.39539772272109985,0
A,MH-001,MH-001_21.144949_78.933482,MH-001,0,0.12433367222547531,0
A,MH-001,MH-001_21.14468_78.919738,MH-001,0,0.008289446122944355,0
A,MH-001,MH-001_21.14468_78.920007,MH-001,0,0.008347741328179836,0
A,MH-001,MH-001_21.14468_78.920546,MH-001,0,0.007585302926599979,0
A,MH-001,MH-001_21.14468_78.920816,MH-001,0,0.009538243524730206,0
A,MH-001,MH-001_21.14468_78.921085,MH-001,0,0.011669162660837173,0
A,MH-001,MH-001_21.14468_78.921355,MH-001,0,0.015613668598234653,0
A,MH-001,MH-001_21.14468_78.921624,MH-001,0,0.02987654134631157,0
A,MH-001,MH-001_21.14468_78.921894,MH-001,0,0.041905179619789124,0
A,MH-001,MH-001_21.14468_78.922163,MH-001,0,0.04897617548704147,0
A,MH-001,MH-001_21.14468_78.922433,MH-001,0,0.05941902846097946,0
A,MH-001,MH-001_21.14468_78.922702,MH-001,0,0.05282881483435631,0
A,MH-001,MH-001_21.14468_78.922972,MH-001,0,0.07290787994861603,0
A,MH-001,MH-001_21.14468_78.923241,MH-001,0,0.07800227403640747,0
A,MH-001,MH-001_21.14468_78.924588,MH-001,0,0.4316989779472351,0
A,MH-001,MH-001_21.14468_78.924858,MH-001,0,0.4145774245262146,0
A,MH-001,MH-001_21.14468_78.925127,MH-001,0,0.5029011368751526,1
A,MH-001,MH-001_21.14468_78.925666,MH-001,0,0.25514307618141174,0
A,MH-001,MH-001_21.14468_78.926475,MH-001,0,0.07116340845823288,0
A,MH-001,MH-001_21.14441_78.920546,MH-001,0,0.005525084678083658,0
A,MH-001,MH-001_21.14441_78.920816,MH-001,0,0.007820982486009598,0
A,MH-001,MH-001_21.14441_78.921085,MH-001,0,0.009701794013381004,0
A,MH-001,MH-001_21.14441_78.921355,MH-001,0,0.013630948960781097,0
A,MH-001,MH-001_21.14441_78.921624,MH-001,0,0.01824677549302578,0
A,MH-001,MH-001_21.14441_78.921894,MH-001,0,0.028331290930509567,0
A,MH-001,MH-001_21.14441_78.922163,MH-001,0,0.039166394621133804,0
A,MH-001,MH-001_21.14441_78.922433,MH-001,0,0.03459355980157852,0
A,MH-001,MH-001_21.14441_78.922702,MH-001,1,0.04214547947049141,0
A,MH-001,MH-001_21.14441_78.922972,MH-001,1,0.03598140552639961,0
A,MH-001,MH-001_21.14441_78.923241,MH-001,0,0.043546341359615326,0
A,MH-001,MH-001_21.14441_78.92351,MH-001,0,0.06307812035083771,0
A,MH-001,MH-001_21.14441_78.925397,MH-001,0,0.4328433871269226,0
A,MH-001,MH-001_21.14441_78.926205,MH-001,0,0.10787902027368546,0
A,MH-001,MH-001_21.14441_78.926475,MH-001,0,0.06831974536180496,0
A,MH-001,MH-001_21.14441_78.931056,MH-001,0,0.2162506878376007,0
A,MH-001,MH-001_21.14441_78.931326,MH-001,0,0.18481741845607758,0
A,MH-001,MH-001_21.14441_78.932673,MH-001,1,0.0954873263835907,0
A,MH-001,MH-001_21.14441_78.933482,MH-001,0,0.17221523821353912,0
A,MH-001,MH-001_21.144141_78.921624,MH-001,0,0.019358202815055847,0
A,MH-001,MH-001_21.144141_78.921894,MH-001,0,0.02412072755396366,0
A,MH-001,MH-001_21.144141_78.922163,MH-001,0,0.03293032571673393,0
A,MH-001,MH-001_21.144141_78.922433,MH-001,1,0.02813451923429966,0
A,MH-001,MH-001_21.144141_78.922702,MH-001,1,0.03132331743836403,0
A,MH-001,MH-001_21.144141_78.922972,MH-001,0,0.021534133702516556,0
A,MH-001,MH-001_21.144141_78.923241,MH-001,0,0.02565566636621952,0
A,MH-001,MH-001_21.144141_78.92351,MH-001,0,0.029735928401350975,0
A,MH-001,MH-001_21.144141_78.92378,MH-001,0,0.05245669558644295,0
A,MH-001,MH-001_21.144141_78.924858,MH-001,0,0.27721139788627625,0
A,MH-001,MH-001_21.144141_78.925127,MH-001,0,0.31547003984451294,0
A,MH-001,MH-001_21.144141_78.925397,MH-001,0,0.24269935488700867,0
A,MH-001,MH-001_21.144141_78.925666,MH-001,0,0.11358998715877533,0
A,MH-001,MH-001_21.144141_78.930787,MH-001,0,0.24344629049301147,0
A,MH-001,MH-001_21.144141_78.931056,MH-001,0,0.2065715491771698,0
A,MH-001,MH-001_21.144141_78.931326,MH-001,0,0.18474316596984863,0
A,MH-001,MH-001_21.144141_78.933212,MH-001,0,0.18986445665359497,0
A,MH-001,MH-001_21.144141_78.933482,MH-001,0,0.23440836369991302,0
A,MH-001,MH-001_21.143871_78.922163,MH-001,0,0.02980237640440464,0
A,MH-001,MH-001_21.143871_78.922433,MH-001,0,0.026175279170274734,0
A,MH-001,MH-001_21.143871_78.922702,MH-001,0,0.027404919266700745,0
A,MH-001,MH-001_21.143871_78.922972,MH-001,0,0.01895996183156967,0
A,MH-001,MH-001_21.143871_78.923241,MH-001,0,0.01950012519955635,0
A,MH-001,MH-001_21.143871_78.92351,MH-001,0,0.021716857329010963,0
A,MH-001,MH-001_21.143871_78.92378,MH-001,0,0.037710510194301605,0
A,MH-001,MH-001_21.143871_78.924588,MH-001,0,0.09765064716339111,0
A,MH-001,MH-001_21.143871_78.925397,MH-001,0,0.10851719230413437,0
A,MH-001,MH-001_21.143871_78.930248,MH-001,0,0.2637205421924591,0
A,MH-001,MH-001_21.143871_78.930517,MH-001,0,0.29622527956962585,0
A,MH-001,MH-001_21.143871_78.930787,MH-001,0,0.2236352413892746,0
A,MH-001,MH-001_21.143871_78.931056,MH-001,0,0.18387289345264435,0
A,MH-001,MH-001_21.143871_78.931326,MH-001,1,0.17352378368377686,0
A,MH-001,MH-001_21.143871_78.931595,MH-001,1,0.1892387717962265,0
A,MH-001,MH-001_21.143871_78.932404,MH-001,0,0.10925807803869247,0
A,MH-001,MH-001_21.143871_78.932673,MH-001,0,0.12469898164272308,0
A,MH-001,MH-001_21.143871_78.932943,MH-001,0,0.18831965327262878,0
A,MH-001,MH-001_21.143871_78.933482,MH-001,0,0.27887240052223206,0
A,MH-001,MH-001_21.143602_78.920277,MH-001,0,0.009237471967935562,0
A,MH-001,MH-001_21.143602_78.921085,MH-001,0,0.00988863781094551,0
A,MH-001,MH-001_21.143602_78.921355,MH-001,0,0.018351297825574875,0
A,MH-001,MH-001_21.143602_78.921624,MH-001,0,0.03364754468202591,0
A,MH-001,MH-001_21.143602_78.921894,MH-001,0,0.045328058302402496,0
A,MH-001,MH-001_21.143602_78.922163,MH-001,0,0.058031823486089706,0
A,MH-001,MH-001_21.143602_78.922433,MH-001,0,0.045655928552150726,0
A,MH-001,MH-001_21.143602_78.922702,MH-001,0,0.037845686078071594,0
A,MH-001,MH-001_21.143602_78.923241,MH-001,0,0.014963199384510517,0
A,MH-001,MH-001_21.143602_78.92351,MH-001,0,0.00846056267619133,0
A,MH-001,MH-001_21.143602_78.92378,MH-001,0,0.018072132021188736,0
A,MH-001,MH-001_21.143602_78.924049,MH-001,0,0.01921199820935726,0
A,MH-001,MH-001_21.143602_78.930248,MH-001,0,0.21322761476039886,0
A,MH-001,MH-001_21.143602_78.930517,MH-001,0,0.2367173284292221,0
A,MH-001,MH-001_21.143602_78.930787,MH-001,0,0.21655480563640594,0
A,MH-001,MH-001_21.143602_78.931056,MH-001,1,0.17505575716495514,0
A,MH-001,MH-001_21.143602_78.931326,MH-001,1,0.17277178168296814,0
A,MH-001,MH-001_21.143602_78.931595,MH-001,1,0.18372146785259247,0
A,MH-001,MH-001_21.143602_78.931865,MH-001,1,0.18025285005569458,0
A,MH-001,MH-001_21.143602_78.932134,MH-001,1,0.1483117640018463,0
A,MH-001,MH-001_21.143602_78.932673,MH-001,1,0.10518313199281693,0
A,MH-001,MH-001_21.143602_78.932943,MH-001,0,0.11962949484586716,0
A,MH-001,MH-001_21.143602_78.933482,MH-001,0,0.2028435468673706,0
A,MH-001,MH-001_21.143332_78.920546,MH-001,0,0.012536275200545788,0
A,MH-001,MH-001_21.143332_78.921355,MH-001,0,0.02944239042699337,0
A,MH-001,MH-001_21.143332_78.921624,MH-001,0,0.04245733097195625,0
A,MH-001,MH-001_21.143332_78.921894,MH-001,0,0.07105746120214462,0
A,MH-001,MH-001_21.143332_78.922163,MH-001,0,0.10857611149549484,0
A,MH-001,MH-001_21.143332_78.922433,MH-001,1,0.07939169555902481,0
A,MH-001,MH-001_21.143332_78.92378,MH-001,0,0.017578721046447754,0
A,MH-001,MH-001_21.143332_78.924049,MH-001,0,0.027424650266766548,0
A,MH-001,MH-001_21.143332_78.924319,MH-001,0,0.04816529154777527,0
A,MH-001,MH-001_21.143332_78.930787,MH-001,0,0.16614851355552673,0
A,MH-001,MH-001_21.143332_78.931056,MH-001,0,0.14918017387390137,0
A,MH-001,MH-001_21.143332_78.931326,MH-001,0,0.16473045945167542,0
A,MH-001,MH-001_21.143332_78.931595,MH-001,1,0.16565857827663422,0
A,MH-001,MH-001_21.143332_78.931865,MH-001,1,0.17499227821826935,0
A,MH-001,MH-001_21.143332_78.933482,MH-001,0,0.16735684871673584,0
A,MH-001,MH-001_21.143063_78.920546,MH-001,0,0.018821116536855698,0
A,MH-001,MH-001_21.143063_78.920816,MH-001,0,0.01810009777545929,0
A,MH-001,MH-001_21.143063_78.921624,MH-001,0,0.10950392484664917,0
A,MH-001,MH-001_21.143063_78.921894,MH-001,0,0.15705333650112152,0
A,MH-001,MH-001_21.143063_78.922163,MH-001,0,0.22112946212291718,0
A,MH-001,MH-001_21.143063_78.922433,MH-001,0,0.1752728372812271,0
A,MH-001,MH-001_21.143063_78.930248,MH-001,0,0.10490188747644424,0
A,MH-001,MH-001_21.143063_78.930517,MH-001,0,0.13673251867294312,0
A,MH-001,MH-001_21.143063_78.930787,MH-001,0,0.1600184440612793,0
A,MH-001,MH-001_21.143063_78.931056,MH-001,0,0.13677605986595154,0
A,MH-001,MH-001_21.143063_78.931326,MH-001,0,0.1427827924489975,0
A,MH-001,MH-001_21.143063_78.931595,MH-001,1,0.15056385099887848,0
A,MH-001,MH-001_21.143063_78.931865,MH-001,1,0.1440763771533966,0
A,MH-001,MH-001_21.143063_78.932134,MH-001,0,0.11627137660980225,0
A,MH-001,MH-001_21.142793_78.920816,MH-001,0,0.01866752654314041,0
A,MH-001,MH-001_21.142793_78.921085,MH-001,0,0.03291771560907364,0
A,MH-001,MH-001_21.142793_78.922163,MH-001,0,0.1554269790649414,0
A,MH-001,MH-001_21.142793_78.922433,MH-001,0,0.14710621535778046,0
A,MH-001,MH-001_21.142793_78.922702,MH-001,0,0.166157528758049,0
A,MH-001,MH-001_21.142793_78.92351,MH-001,0,0.03156566619873047,0
A,MH-001,MH-001_21.142793_78.930248,MH-001,0,0.07999305427074432,0
A,MH-001,MH-001_21.142793_78.930517,MH-001,0,0.15151937305927277,0
A,MH-001,MH-001_21.142793_78.930787,MH-001,0,0.1586146056652069,0
A,MH-001,MH-001_21.142793_78.931056,MH-001,0,0.14864422380924225,0
A,MH-001,MH-001_21.142793_78.931326,MH-001,0,0.14473026990890503,0
A,MH-001,MH-001_21.142793_78.931595,MH-001,0,0.16619564592838287,0
A,MH-001,MH-001_21.142793_78.931865,MH-001,0,0.14438781142234802,0
A,MH-001,MH-001_21.142793_78.932134,MH-001,0,0.11106042563915253,0
A,MH-001,MH-001_21.142793_78.932404,MH-001,1,0.09026063233613968,0
A,MH-001,MH-001_21.142793_78.932673,MH-001,1,0.09140865504741669,0
A,MH-001,MH-001_21.142524_78.920816,MH-001,0,0.028704360127449036,0
A,MH-001,MH-001_21.142524_78.921085,MH-001,0,0.05026044324040413,0
A,MH-001,MH-001_21.142524_78.921355,MH-001,0,0.09524619579315186,0
A,MH-001,MH-001_21.142524_78.921624,MH-001,0,0.11808314919471741,0
A,MH-001,MH-001_21.142524_78.921894,MH-001,1,0.14097611606121063,0
A,MH-001,MH-001_21.142524_78.922163,MH-001,0,0.15954867005348206,0
A,MH-001,MH-001_21.142524_78.922433,MH-001,0,0.16593582928180695,0
A,MH-001,MH-001_21.142524_78.92351,MH-001,0,0.05377901345491409,0
A,MH-001,MH-001_21.142524_78.92378,MH-001,0,0.04906291142106056,0
A,MH-001,MH-001_21.142524_78.924049,MH-001,0,0.05242546647787094,0
A,MH-001,MH-001_21.142524_78.930248,MH-001,0,0.07130695879459381,0
A,MH-001,MH-001_21.142524_78.930517,MH-001,0,0.09922477602958679,0
A,MH-001,MH-001_21.142524_78.930787,MH-001,0,0.1009000763297081,0
A,MH-001,MH-001_21.142524_78.931056,MH-001,0,0.0933874174952507,0
A,MH-001,MH-001_21.142524_78.931326,MH-001,0,0.11037199199199677,0
A,MH-001,MH-001_21.142524_78.931595,MH-001,0,0.10852272808551788,0
A,MH-001,MH-001_21.142524_78.931865,MH-001,0,0.13761550188064575,0
A,MH-001,MH-001_21.142524_78.932943,MH-001,1,0.09941352903842926,0
A,MH-001,MH-001_21.142524_78.933482,MH-001,0,0.08348675072193146,0
A,MH-001,MH-001_21.142254_78.921085,MH-001,0,0.04182638227939606,0
A,MH-001,MH-001_21.142254_78.921355,MH-001,1,0.08477890491485596,0
A,MH-001,MH-001_21.142254_78.921624,MH-001,1,0.07655186951160431,0
A,MH-001,MH-001_21.142254_78.921894,MH-001,1,0.08902349323034286,0
A,MH-001,MH-001_21.142254_78.922163,MH-001,1,0.09168939292430878,0
A,MH-001,MH-001_21.142254_78.922433,MH-001,0,0.08383426070213318,0
A,MH-001,MH-001_21.142254_78.922702,MH-001,0,0.12886036932468414,0
A,MH-001,MH-001_21.142254_78.922972,MH-001,0,0.11211690306663513,0
A,MH-001,MH-001_21.142254_78.92351,MH-001,0,0.07825172692537308,0
A,MH-001,MH-001_21.142254_78.92378,MH-001,0,0.06704261153936386,0
A,MH-001,MH-001_21.142254_78.924049,MH-001,0,0.09395800530910492,0
A,MH-001,MH-001_21.142254_78.924588,MH-001,1,0.16216370463371277,0
A,MH-001,MH-001_21.142254_78.930248,MH-001,0,0.05904693529009819,0
A,MH-001,MH-001_21.142254_78.930517,MH-001,0,0.09885450452566147,0
A,MH-001,MH-001_21.142254_78.930787,MH-001,1,0.09227821975946426,0
A,MH-001,MH-001_21.142254_78.931056,MH-001,0,0.09578956663608551,0
A,MH-001,MH-001_21.142254_78.931326,MH-001,0,0.09772071987390518,0
A,MH-001,MH-001_21.142254_78.931595,MH-001,0,0.11137070506811142,0
A,MH-001,MH-001_21.142254_78.932134,MH-001,0,0.0879421979188919,0
A,MH-001,MH-001_21.142254_78.932404,MH-001,1,0.09226835519075394,0
A,MH-001,MH-001_21.142254_78.932673,MH-001,1,0.0964307114481926,0
A,MH-001,MH-001_21.142254_78.933212,MH-001,0,0.06204204633831978,0
A,MH-001,MH-001_21.142254_78.933482,MH-001,0,0.05871426686644554,0
A,MH-001,MH-001_21.141985_78.921085,MH-001,0,0.05576954782009125,0
A,MH-001,MH-001_21.141985_78.921355,MH-001,0,0.09295351058244705,0
A,MH-001,MH-001_21.141985_78.921624,MH-001,0,0.07927720993757248,0
A,MH-001,MH-001_21.141985_78.921894,MH-001,1,0.0883675068616867,0
A,MH-001,MH-001_21.141985_78.922163,MH-001,1,0.06514148414134979,0
A,MH-001,MH-001_21.141985_78.922433,MH-001,0,0.07793156802654266,0
A,MH-001,MH-001_21.141985_78.922702,MH-001,0,0.1431361585855484,0
A,MH-001,MH-001_21.141985_78.922972,MH-001,0,0.14915674924850464,0
A,MH-001,MH-001_21.141985_78.923241,MH-001,0,0.1363873928785324,0
A,MH-001,MH-001_21.141985_78.924319,MH-001,1,0.1889164000749588,0
A,MH-001,MH-001_21.141985_78.924588,MH-001,1,0.19223111867904663,0
A,MH-001,MH-001_21.141985_78.930248,MH-001,0,0.054379649460315704,0
A,MH-001,MH-001_21.141985_78.930517,MH-001,0,0.06553132832050323,0
A,MH-001,MH-001_21.141985_78.930787,MH-001,1,0.07504181563854218,0
A,MH-001,MH-001_21.141985_78.931056,MH-001,1,0.07895231992006302,0
A,MH-001,MH-001_21.141985_78.931326,MH-001,0,0.0845908522605896,0
A,MH-001,MH-001_21.141985_78.931865,MH-001,0,0.08046289533376694,0
A,MH-001,MH-001_21.141985_78.932134,MH-001,0,0.05698482692241669,0
A,MH-001,MH-001_21.141985_78.932404,MH-001,0,0.06989086419343948,0
A,MH-001,MH-001_21.141985_78.932673,MH-001,0,0.07582388818264008,0
A,MH-001,MH-001_21.141715_78.921355,MH-001,0,0.09484724700450897,0
A,MH-001,MH-001_21.141715_78.921624,MH-001,0,0.08124256134033203,0
A,MH-001,MH-001_21.141715_78.921894,MH-001,0,0.09097886830568314,0
A,MH-001,MH-001_21.141715_78.922163,MH-001,0,0.0647459402680397,0
A,MH-001,MH-001_21.141715_78.922433,MH-001,0,0.07167313992977142,0
A,MH-001,MH-001_21.141715_78.922702,MH-001,1,0.08127542585134506,0
A,MH-001,MH-001_21.141715_78.922972,MH-001,0,0.08303669095039368,0
A,MH-001,MH-001_21.141715_78.923241,MH-001,0,0.07315868884325027,0
A,MH-001,MH-001_21.141715_78.92351,MH-001,0,0.07201597094535828,0
A,MH-001,MH-001_21.141715_78.924588,MH-001,1,0.1268589347600937,0
A,MH-001,MH-001_21.141715_78.924858,MH-001,0,0.1662946492433548,0
A,MH-001,MH-001_21.141715_78.930248,MH-001,0,0.06933924555778503,0
A,MH-001,MH-001_21.141715_78.930517,MH-001,0,0.07889906316995621,0
A,MH-001,MH-001_21.141715_78.930787,MH-001,1,0.07590476423501968,0
A,MH-001,MH-001_21.141715_78.931056,MH-001,1,0.08632925152778625,0
A,MH-001,MH-001_21.141715_78.932134,MH-001,0,0.05034298822283745,0
A,MH-001,MH-001_21.141715_78.932404,MH-001,0,0.05273619294166565,0
A,MH-001,MH-001_21.141446_78.921355,MH-001,0,0.08141729235649109,0
A,MH-001,MH-001_21.141446_78.921624,MH-001,0,0.07296455651521683,0
A,MH-001,MH-001_21.141446_78.921894,MH-001,0,0.06801853328943253,0
A,MH-001,MH-001_21.141446_78.922163,MH-001,0,0.053367894142866135,0
A,MH-001,MH-001_21.141446_78.922433,MH-001,0,0.055098336189985275,0
A,MH-001,MH-001_21.141446_78.922702,MH-001,0,0.06756454706192017,0
A,MH-001,MH-001_21.141446_78.923241,MH-001,0,0.05542086809873581,0
A,MH-001,MH-001_21.141446_78.92351,MH-001,0,0.05794244632124901,0
A,MH-001,MH-001_21.141446_78.92378,MH-001,0,0.051262516528367996,0
A,MH-001,MH-001_21.141446_78.924049,MH-001,0,0.043359339237213135,0
A,MH-001,MH-001_21.141446_78.925127,MH-001,1,0.10201665014028549,0
A,MH-001,MH-001_21.141446_78.930248,MH-001,0,0.049600373953580856,0
A,MH-001,MH-001_21.141446_78.930517,MH-001,0,0.05136742442846298,0
A,MH-001,MH-001_21.141446_78.930787,MH-001,1,0.058189935982227325,0
A,MH-001,MH-001_21.141176_78.921355,MH-001,0,0.0997462272644043,0
A,MH-001,MH-001_21.141176_78.921624,MH-001,0,0.09427580237388611,0
A,MH-001,MH-001_21.141176_78.921894,MH-001,0,0.08078537881374359,0
A,MH-001,MH-001_21.141176_78.922163,MH-001,0,0.06574715673923492,0
A,MH-001,MH-001_21.141176_78.922433,MH-001,0,0.05100487545132637,0
A,MH-001,MH-001_21.141176_78.922702,MH-001,0,0.06303629279136658,0
A,MH-001,MH-001_21.141176_78.92351,MH-001,0,0.03274950757622719,0
A,MH-001,MH-001_21.141176_78.92378,MH-001,0,0.029136085882782936,0
A,MH-001,MH-001_21.141176_78.924319,MH-001,0,0.031595874577760696,0
A,MH-001,MH-001_21.141176_78.924858,MH-001,0,0.04220758378505707,0
A,MH-001,MH-001_21.141176_78.932943,MH-001,0,0.0732341781258583,0
A,MH-001,MH-001_21.140907_78.921624,MH-001,0,0.0698615312576294,0
A,MH-001,MH-001_21.140907_78.921894,MH-001,0,0.06478969752788544,0
A,MH-001,MH-001_21.140907_78.922163,MH-001,0,0.06163715571165085,0
A,MH-001,MH-001_21.140907_78.922433,MH-001,0,0.06584088504314423,0
A,MH-001,MH-001_21.140907_78.922702,MH-001,0,0.07523442059755325,0
A,MH-001,MH-001_21.140907_78.92351,MH-001,0,0.030667634680867195,0
A,MH-001,MH-001_21.140907_78.92378,MH-001,0,0.019413940608501434,0
A,MH-001,MH-001_21.140907_78.930248,MH-001,0,0.028763480484485626,0
A,MH-001,MH-001_21.140907_78.930517,MH-001,1,0.031050613150000572,0
A,MH-001,MH-001_21.140907_78.930787,MH-001,1,0.03600187599658966,0
A,MH-001,MH-001_21.140907_78.931056,MH-001,0,0.04157537594437599,0
A,MH-001,MH-001_21.140907_78.932404,MH-001,0,0.037388257682323456,0
A,MH-001,MH-001_21.140907_78.932673,MH-001,0,0.05604055896401405,0
A,MH-001,MH-001_21.140907_78.932943,MH-001,0,0.062293507158756256,0
A,MH-001,MH-001_21.140907_78.933482,MH-001,0,0.07257282733917236,0
A,MH-001,MH-001_21.140637_78.921894,MH-001,0,0.06011667102575302,0
A,MH-001,MH-001_21.140637_78.922163,MH-001,0,0.0811832994222641,0
A,MH-001,MH-001_21.140637_78.922433,MH-001,0,0.07991430163383484,0
A,MH-001,MH-001_21.140637_78.92351,MH-001,0,0.028290338814258575,0
A,MH-001,MH-001_21.140637_78.92378,MH-001,0,0.018549950793385506,0
A,MH-001,MH-001_21.140637_78.926205,MH-001,0,0.023589706048369408,0
A,MH-001,MH-001_21.140637_78.926475,MH-001,0,0.019824694842100143,0
A,MH-001,MH-001_21.140637_78.930248,MH-001,0,0.03089873492717743,0
A,MH-001,MH-001_21.140637_78.930517,MH-001,0,0.035407450050115585,0
A,MH-001,MH-001_21.140637_78.930787,MH-001,0,0.03154380992054939,0
A,MH-001,MH-001_21.140637_78.931056,MH-001,0,0.03237507492303848,0
A,MH-001,MH-001_21.140637_78.932134,MH-001,0,0.039022643119096756,0
A,MH-001,MH-001_21.140637_78.932404,MH-001,0,0.04848843440413475,0
A,MH-001,MH-001_21.140637_78.932673,MH-001,0,0.061984673142433167,0
A,MH-001,MH-001_21.140368_78.925397,MH-001,0,0.01770956814289093,0
A,MH-001,MH-001_21.140368_78.925666,MH-001,0,0.020601902157068253,0
A,MH-001,MH-001_21.140368_78.925936,MH-001,0,0.015744682401418686,0
A,MH-001,MH-001_21.140368_78.926205,MH-001,0,0.021105652675032616,0
A,MH-001,MH-001_21.140368_78.926475,MH-001,0,0.014649570919573307,0
A,MH-001,MH-001_21.140368_78.930248,MH-001,0,0.034706152975559235,0
A,MH-001,MH-001_21.140368_78.930517,MH-001,0,0.03465627506375313,0
A,MH-001,MH-001_21.140368_78.930787,MH-001,0,0.03589627146720886,0
A,MH-001,MH-001_21.140368_78.931056,MH-001,0,0.03694089502096176,0
A,MH-001,MH-001_21.140368_78.932134,MH-001,0,0.05151166394352913,0
A,MH-001,MH-001_21.140368_78.932943,MH-001,0,0.08758923411369324,0
A,MH-001,MH-001_21.140368_78.933212,MH-001,0,0.09856216609477997,0
A,MH-001,MH-001_21.140368_78.933482,MH-001,0,0.08925951272249222,0
A,MH-001,MH-001_21.140098_78.92351,MH-001,0,0.022701354697346687,0
A,MH-001,MH-001_21.140098_78.92378,MH-001,0,0.013871434144675732,0
A,MH-001,MH-001_21.140098_78.924049,MH-001,0,0.007112264167517424,0
A,MH-001,MH-001_21.140098_78.924319,MH-001,0,0.0064320750534534454,0
A,MH-001,MH-001_21.140098_78.925127,MH-001,1,0.01422283984720707,0
A,MH-001,MH-001_21.140098_78.925397,MH-001,1,0.02001253515481949,0
A,MH-001,MH-001_21.140098_78.925936,MH-001,0,0.016436345875263214,0
A,MH-001,MH-001_21.140098_78.926205,MH-001,0,0.020249411463737488,0
A,MH-001,MH-001_21.140098_78.926475,MH-001,0,0.012945344671607018,0
A,MH-001,MH-001_21.140098_78.930248,MH-001,0,0.03249663487076759,0
A,MH-001,MH-001_21.140098_78.930517,MH-001,0,0.04089983180165291,0
A,MH-001,MH-001_21.140098_78.931326,MH-001,0,0.03884325176477432,0
A,MH-001,MH-001_21.140098_78.932134,MH-001,0,0.04617175832390785,0
A,MH-001,MH-001_21.140098_78.932673,MH-001,0,0.07584743201732635,0
A,MH-001,MH-001_21.140098_78.932943,MH-001,0,0.0909385159611702,0
A,MH-001,MH-001_21.140098_78.933212,MH-001,0,0.09717141836881638,0
A,MH-001,MH-001_21.140098_78.933482,MH-001,0,0.10065048933029175,0
A,MH-001,MH-001_21.139829_78.922972,MH-001,0,0.07294005155563354,0
A,MH-001,MH-001_21.139829_78.923241,MH-001,0,0.05902679264545441,0
A,MH-001,MH-001_21.139829_78.92351,MH-001,0,0.034174367785453796,0
A,MH-001,MH-001_21.139829_78.92378,MH-001,0,0.0152900917455554,0
A,MH-001,MH-001_21.139829_78.924049,MH-001,0,0.01220831647515297,0
A,MH-001,MH-001_21.139829_78.924319,MH-001,0,0.008376522921025753,0
A,MH-001,MH-001_21.139829_78.924588,MH-001,0,0.00945193786174059,0
A,MH-001,MH-001_21.139829_78.924858,MH-001,0,0.00682288222014904,0
A,MH-001,MH-001_21.139829_78.925127,MH-001,0,0.009647528640925884,0
A,MH-001,MH-001_21.139829_78.925397,MH-001,1,0.01532176323235035,0
A,MH-001,MH-001_21.139829_78.925936,MH-001,0,0.017936568707227707,0
A,MH-001,MH-001_21.139829_78.926205,MH-001,0,0.025941871106624603,0
A,MH-001,MH-001_21.139829_78.926475,MH-001,0,0.013576828874647617,0
A,MH-001,MH-001_21.139829_78.930248,MH-001,0,0.02848200686275959,0
A,MH-001,MH-001_21.139829_78.931595,MH-001,0,0.03320484235882759,0
A,MH-001,MH-001_21.139829_78.931865,MH-001,0,0.03327978402376175,0
A,MH-001,MH-001_21.139829_78.932404,MH-001,0,0.050018612295389175,0
A,MH-001,MH-001_21.13956_78.922972,MH-001,0,0.05306492745876312,0
A,MH-001,MH-001_21.13956_78.92378,MH-001,0,0.019453035667538643,0
A,MH-001,MH-001_21.13956_78.924049,MH-001,0,0.011839283630251884,0
A,MH-001,MH-001_21.13956_78.924319,MH-001,0,0.007351934909820557,0
A,MH-001,MH-001_21.13956_78.924588,MH-001,0,0.007528951391577721,0
A,MH-001,MH-001_21.13956_78.924858,MH-001,0,0.005590768065303564,0
A,MH-001,MH-001_21.13956_78.925127,MH-001,0,0.0076434435322880745,0
A,MH-001,MH-001_21.13956_78.925397,MH-001,0,0.014518923126161098,0
A,MH-001,MH-001_21.13956_78.925936,MH-001,0,0.024251848459243774,0
A,MH-001,MH-001_21.13956_78.926205,MH-001,0,0.028774378821253777,0
A,MH-001,MH-001_21.13956_78.926475,MH-001,0,0.015158557333052158,0
A,MH-001,MH-001_21.13956_78.931595,MH-001,0,0.02421257272362709,0
A,MH-001,MH-001_21.13956_78.931865,MH-001,0,0.02504936419427395,0
A,MH-001,MH-001_21.13956_78.937255,MH-001,0,0.045316506177186966,0
A,MH-001,MH-001_21.13929_78.923241,MH-001,0,0.12035047262907028,0
A,MH-001,MH-001_21.13929_78.92351,MH-001,0,0.06079672649502754,0
A,MH-001,MH-001_21.13929_78.92378,MH-001,0,0.04471798613667488,0
A,MH-001,MH-001_21.13929_78.924049,MH-001,0,0.023223241791129112,0
A,MH-001,MH-001_21.13929_78.924319,MH-001,0,0.014859508723020554,0
A,MH-001,MH-001_21.13929_78.925127,MH-001,0,0.006419933866709471,0
A,MH-001,MH-001_21.13929_78.925397,MH-001,0,0.015369115397334099,0
A,MH-001,MH-001_21.13929_78.925666,MH-001,0,0.029542379081249237,0
A,MH-001,MH-001_21.13929_78.925936,MH-001,0,0.06805788725614548,0
A,MH-001,MH-001_21.13929_78.926205,MH-001,0,0.06769786775112152,0
A,MH-001,MH-001_21.13929_78.926475,MH-001,0,0.02625587396323681,0
A,MH-001,MH-001_21.13929_78.930248,MH-001,0,0.02331293560564518,0
A,MH-001,MH-001_21.13929_78.930787,MH-001,0,0.017788920551538467,0
A,MH-001,MH-001_21.139021_78.922972,MH-001,0,0.07742638885974884,0
A,MH-001,MH-001_21.139021_78.923241,MH-001,0,0.1225115954875946,0
A,MH-001,MH-001_21.139021_78.92351,MH-001,0,0.03852754086256027,0
A,MH-001,MH-001_21.139021_78.92378,MH-001,0,0.03605859354138374,0
A,MH-001,MH-001_21.139021_78.924049,MH-001,0,0.01871308498084545,0
A,MH-001,MH-001_21.139021_78.925397,MH-001,0,0.01895570382475853,0
A,MH-001,MH-001_21.139021_78.925666,MH-001,0,0.03410133719444275,0
A,MH-001,MH-001_21.139021_78.925936,MH-001,0,0.06933078169822693,0
A,MH-001,MH-001_21.139021_78.926205,MH-001,0,0.08342563360929489,0
A,MH-001,MH-001_21.139021_78.926475,MH-001,0,0.020938213914632797,0
A,MH-001,MH-001_21.139021_78.930787,MH-001,0,0.021418733522295952,0
A,MH-001,MH-001_21.138751_78.922702,MH-001,0,0.04020673781633377,0
A,MH-001,MH-001_21.138751_78.922972,MH-001,0,0.03479176387190819,0
A,MH-001,MH-001_21.138751_78.923241,MH-001,0,0.03068447858095169,0
A,MH-001,MH-001_21.138751_78.92351,MH-001,0,0.019997015595436096,0
A,MH-001,MH-001_21.138751_78.92378,MH-001,0,0.018902435898780823,0
A,MH-001,MH-001_21.138751_78.924049,MH-001,0,0.018224652856588364,0
A,MH-001,MH-001_21.138751_78.925127,MH-001,0,0.011866901069879532,0
A,MH-001,MH-001_21.138751_78.925397,MH-001,0,0.020664580166339874,0
A,MH-001,MH-001_21.138751_78.925666,MH-001,0,0.050478413701057434,0
A,MH-001,MH-001_21.138751_78.925936,MH-001,0,0.0749538242816925,0
A,MH-001,MH-001_21.138751_78.926205,MH-001,0,0.07566750794649124,0
A,MH-001,MH-001_21.138751_78.926475,MH-001,0,0.03911352902650833,0
A,MH-001,MH-001_21.138751_78.930517,MH-001,0,0.041949301958084106,0
A,MH-001,MH-001_21.138751_78.930787,MH-001,0,0.029936863109469414,0
A,MH-001,MH-001_21.138751_78.931056,MH-001,0,0.023242181167006493,0
A,MH-001,MH-001_21.138751_78.931865,MH-001,0,0.015145714394748211,0
A,MH-001,MH-001_21.138751_78.932134,MH-001,0,0.016328560188412666,0
A,MH-001,MH-001_21.138751_78.932404,MH-001,0,0.015348304063081741,0
A,MH-001,MH-001_21.138482_78.922702,MH-001,0,0.03974657505750656,0
A,MH-001,MH-001_21.138482_78.922972,MH-001,0,0.019800150766968727,0
A,MH-001,MH-001_21.138482_78.923241,MH-001,0,0.023417208343744278,0
A,MH-001,MH-001_21.138482_78.92351,MH-001,1,0.005532742477953434,0
A,MH-001,MH-001_21.138482_78.92378,MH-001,0,0.015608882531523705,0
A,MH-001,MH-001_21.138482_78.924049,MH-001,0,0.01799856871366501,0
A,MH-001,MH-001_21.138482_78.924319,MH-001,0,0.05064057558774948,0
A,MH-001,MH-001_21.138482_78.924588,MH-001,0,0.0314607098698616,0
A,MH-001,MH-001_21.138482_78.924858,MH-001,0,0.024170614778995514,0
A,MH-001,MH-001_21.138482_78.925127,MH-001,0,0.059695810079574585,0
A,MH-001,MH-001_21.138482_78.925397,MH-001,0,0.04788576439023018,0
A,MH-001,MH-001_21.138482_78.925666,MH-001,1,0.05012120306491852,0
A,MH-001,MH-001_21.138482_78.925936,MH-001,1,0.054383181035518646,0
A,MH-001,MH-001_21.138482_78.926205,MH-001,0,0.08018412441015244,0
A,MH-001,MH-001_21.138482_78.926475,MH-001,0,0.02043977752327919,0
A,MH-001,MH-001_21.138482_78.930517,MH-001,0,0.09819736331701279,0
A,MH-001,MH-001_21.138482_78.930787,MH-001,0,0.06513005495071411,0
A,MH-001,MH-001_21.138482_78.931056,MH-001,0,0.037787169218063354,0
A,MH-001,MH-001_21.138482_78.931865,MH-001,0,0.017020806670188904,0
A,MH-001,MH-001_21.138482_78.932134,MH-001,0,0.017787478864192963,0
A,MH-001,MH-001_21.138212_78.922972,MH-001,0,0.027751831337809563,0
A,MH-001,MH-001_21.138212_78.923241,MH-001,0,0.018176577985286713,0
A,MH-001,MH-001_21.138212_78.92351,MH-001,0,0.009526088833808899,0
A,MH-001,MH-001_21.138212_78.92378,MH-001,0,0.006533498875796795,0
A,MH-001,MH-001_21.138212_78.924049,MH-001,0,0.013451394625008106,0
A,MH-001,MH-001_21.138212_78.924319,MH-001,0,0.045857757329940796,0
A,MH-001,MH-001_21.138212_78.924588,MH-001,0,0.03968992084264755,0
A,MH-001,MH-001_21.138212_78.924858,MH-001,0,0.019031740725040436,0
A,MH-001,MH-001_21.138212_78.925127,MH-001,0,0.027175098657608032,0
A,MH-001,MH-001_21.138212_78.925397,MH-001,0,0.01896723546087742,0
A,MH-001,MH-001_21.138212_78.925666,MH-001,0,0.009971220046281815,0
A,MH-001,MH-001_21.138212_78.925936,MH-001,1,0.015163285657763481,0
A,MH-001,MH-001_21.138212_78.926205,MH-001,0,0.01180341187864542,0
A,MH-001,MH-001_21.138212_78.926475,MH-001,0,0.009456305764615536,0
A,MH-001,MH-001_21.138212_78.930517,MH-001,0,0.1392039805650711,0
A,MH-001,MH-001_21.138212_78.930787,MH-001,0,0.10451073944568634,0
A,MH-001,MH-001_21.138212_78.931056,MH-001,0,0.05051247775554657,0
A,MH-001,MH-001_21.138212_78.931865,MH-001,0,0.024463307112455368,0
A,MH-001,MH-001_21.138212_78.932134,MH-001,0,0.021847033873200417,0
A,MH-001,MH-001_21.138212_78.937794,MH-001,0,0.02411319687962532,0
A,MH-001,MH-001_21.137943_78.922972,MH-001,0,0.1360822468996048,0
A,MH-001,MH-001_21.137943_78.924049,MH-001,0,0.00826102402061224,0
A,MH-001,MH-001_21.137943_78.924319,MH-001,0,0.012920765206217766,0
A,MH-001,MH-001_21.137943_78.924588,MH-001,0,0.008593205362558365,0
A,MH-001,MH-001_21.137943_78.924858,MH-001,1,0.011578399688005447,0
A,MH-001,MH-001_21.137943_78.925127,MH-001,0,0.011471500620245934,0
A,MH-001,MH-001_21.137943_78.925397,MH-001,0,0.009137718006968498,0
A,MH-001,MH-001_21.137943_78.930787,MH-001,0,0.13863882422447205,0
A,MH-001,MH-001_21.137943_78.931056,MH-001,0,0.07900889217853546,0
A,MH-001,MH-001_21.137943_78.931865,MH-001,1,0.02647649124264717,0
A,MH-001,MH-001_21.137943_78.932134,MH-001,0,0.027333764359354973,0
A,MH-001,MH-001_21.137943_78.932404,MH-001,0,0.018549751490354538,0
A,MH-001,MH-001_21.137943_78.932673,MH-001,0,0.01541035808622837,0
A,MH-001,MH-001_21.137943_78.932943,MH-001,0,0.014912141487002373,0
A,MH-001,MH-001_21.137943_78.937524,MH-001,0,0.029063208028674126,0
A,MH-001,MH-001_21.137943_78.937794,MH-001,0,0.025976309552788734,0
A,MH-001,MH-001_21.137943_78.938063,MH-001,0,0.029979238286614418,0
A,MH-001,MH-001_21.137943_78.938333,MH-001,0,0.02353549748659134,0
A,MH-001,MH-001_21.137673_78.923241,MH-001,0,0.25772014260292053,0
A,MH-001,MH-001_21.137673_78.924049,MH-001,0,0.010146270506083965,0
A,MH-001,MH-001_21.137673_78.924319,MH-001,0,0.005831041838973761,0
A,MH-001,MH-001_21.137673_78.924588,MH-001,0,0.0029326127842068672,0
A,MH-001,MH-001_21.137673_78.924858,MH-001,1,0.004145554732531309,0
A,MH-001,MH-001_21.137673_78.925127,MH-001,1,0.003317230846732855,0
A,MH-001,MH-001_21.137673_78.925397,MH-001,0,0.003342420794069767,0
A,MH-001,MH-001_21.137673_78.930787,MH-001,0,0.13577696681022644,0
A,MH-001,MH-001_21.137673_78.931595,MH-001,0,0.036762628704309464,0
A,MH-001,MH-001_21.137673_78.931865,MH-001,0,0.030937613919377327,0
A,MH-001,MH-001_21.137673_78.932134,MH-001,0,0.027677668258547783,0
A,MH-001,MH-001_21.137673_78.932404,MH-001,0,0.02089633420109749,0
A,MH-001,MH-001_21.137673_78.932673,MH-001,0,0.016853222623467445,0
A,MH-001,MH-001_21.137673_78.932943,MH-001,0,0.015153774991631508,0
A,MH-001,MH-001_21.137673_78.933482,MH-001,0,0.02083347551524639,0
A,MH-001,MH-001_21.137673_78.937794,MH-001,0,0.035525333136320114,0
A,MH-001,MH-001_21.137673_78.938063,MH-001,0,0.04177376627922058,0
A,MH-001,MH-001_21.137673_78.938333,MH-001,0,0.039477042853832245,0
A,MH-001,MH-001_21.137404_78.924049,MH-001,0,0.006292286794632673,0
A,MH-001,MH-001_21.137404_78.924319,MH-001,0,0.004507800098508596,0
A,MH-001,MH-001_21.137404_78.924588,MH-001,0,0.0033232837449759245,0
A,MH-001,MH-001_21.137404_78.924858,MH-001,0,0.009834070689976215,0
A,MH-001,MH-001_21.137404_78.925127,MH-001,0,0.00830975640565157,0
A,MH-001,MH-001_21.137404_78.925397,MH-001,0,0.005297178868204355,0
A,MH-001,MH-001_21.137404_78.930787,MH-001,0,0.040991585701704025,0
A,MH-001,MH-001_21.137404_78.931056,MH-001,0,0.025771090760827065,0
A,MH-001,MH-001_21.137404_78.931595,MH-001,0,0.01906350813806057,0
A,MH-001,MH-001_21.137404_78.931865,MH-001,0,0.01601686328649521,0
A,MH-001,MH-001_21.137404_78.932134,MH-001,0,0.01923106610774994,0
A,MH-001,MH-001_21.137404_78.932404,MH-001,0,0.017074301838874817,0
A,MH-001,MH-001_21.137404_78.932673,MH-001,0,0.014490826055407524,0
A,MH-001,MH-001_21.137404_78.932943,MH-001,0,0.014265832491219044,0
A,MH-001,MH-001_21.137404_78.933482,MH-001,0,0.016930976882576942,0
A,MH-001,MH-001_21.137404_78.937255,MH-001,0,0.09363613277673721,0
A,MH-001,MH-001_21.137404_78.937524,MH-001,0,0.035016026347875595,0
A,MH-001,MH-001_21.137404_78.938333,MH-001,0,0.023148052394390106,0
A,MH-001,MH-001_21.137134_78.923241,MH-001,0,0.6654695272445679,1
A,MH-001,MH-001_21.137134_78.92351,MH-001,0,0.3046223819255829,0
A,MH-001,MH-001_21.137134_78.924049,MH-001,0,0.03563579171895981,0
A,MH-001,MH-001_21.137134_78.924319,MH-001,0,0.016530200839042664,0
A,MH-001,MH-001_21.137134_78.924588,MH-001,0,0.008947725407779217,0
A,MH-001,MH-001_21.137134_78.924858,MH-001,0,0.020493824034929276,0
A,MH-001,MH-001_21.137134_78.925127,MH-001,0,0.02545369602739811,0
A,MH-001,MH-001_21.137134_78.925397,MH-001,0,0.03434468433260918,0
A,MH-001,MH-001_21.137134_78.930517,MH-001,0,0.04180702939629555,0
A,MH-001,MH-001_21.137134_78.930787,MH-001,0,0.027728283777832985,0
A,MH-001,MH-001_21.137134_78.931056,MH-001,0,0.015138383954763412,0
A,MH-001,MH-001_21.137134_78.931865,MH-001,0,0.016957513988018036,0
A,MH-001,MH-001_21.137134_78.932134,MH-001,0,0.015393450856208801,0
A,MH-001,MH-001_21.137134_78.932404,MH-001,0,0.016422530636191368,0
A,MH-001,MH-001_21.137134_78.932673,MH-001,0,0.015970980748534203,0
A,MH-001,MH-001_21.137134_78.932943,MH-001,0,0.016816627234220505,0
A,MH-001,MH-001_21.137134_78.933482,MH-001,0,0.014656449668109417,0
A,MH-001,MH-001_21.137134_78.937255,MH-001,0,0.10419605672359467,0
A,MH-001,MH-001_21.137134_78.937524,MH-001,0,0.05467544123530388,0
A,MH-001,MH-001_21.137134_78.937794,MH-001,0,0.03258737176656723,0
A,MH-001,MH-001_21.137134_78.938063,MH-001,0,0.031029455363750458,0
A,MH-001,MH-001_21.137134_78.938333,MH-001,0,0.022279543802142143,0
A,MH-001,MH-001_21.136865_78.92351,MH-001,0,0.6936687231063843,1
A,MH-001,MH-001_21.136865_78.92378,MH-001,0,0.3522293269634247,0
A,MH-001,MH-001_21.136865_78.924049,MH-001,0,0.1837203949689865,0
A,MH-001,MH-001_21.136865_78.924319,MH-001,1,0.0977969542145729,0
A,MH-001,MH-001_21.136865_78.924588,MH-001,1,0.11516688764095306,0
A,MH-001,MH-001_21.136865_78.924858,MH-001,0,0.07787332683801651,0
A,MH-001,MH-001_21.136865_78.925127,MH-001,0,0.21075411140918732,0
A,MH-001,MH-001_21.136865_78.925397,MH-001,0,0.04408935457468033,0
A,MH-001,MH-001_21.136865_78.926205,MH-001,0,0.0051732840947806835,0
A,MH-001,MH-001_21.136865_78.926475,MH-001,0,0.005303703248500824,0
A,MH-001,MH-001_21.136865_78.930517,MH-001,0,0.02289268933236599,0
A,MH-001,MH-001_21.136865_78.930787,MH-001,0,0.016474539414048195,0
A,MH-001,MH-001_21.136865_78.931865,MH-001,0,0.012981770560145378,0
A,MH-001,MH-001_21.136865_78.932134,MH-001,0,0.015972869470715523,0
A,MH-001,MH-001_21.136865_78.932404,MH-001,0,0.017550528049468994,0
A,MH-001,MH-001_21.136865_78.932673,MH-001,0,0.01677847094833851,0
A,MH-001,MH-001_21.136865_78.932943,MH-001,0,0.01907745562493801,0
A,MH-001,MH-001_21.136865_78.937255,MH-001,0,0.08910419046878815,0
A,MH-001,MH-001_21.136865_78.937524,MH-001,0,0.04705965146422386,0
A,MH-001,MH-001_21.136865_78.937794,MH-001,0,0.032831110060214996,0
A,MH-001,MH-001_21.136865_78.938063,MH-001,0,0.02695213072001934,0
A,MH-001,MH-001_21.136865_78.938333,MH-001,0,0.021945295855402946,0
A,MH-001,MH-001_21.136595_78.92351,MH-001,0,0.9707040786743164,1
A,MH-001,MH-001_21.136595_78.92378,MH-001,0,0.9338297843933105,1
A,MH-001,MH-001_21.136595_78.924319,MH-001,1,0.5214940905570984,1
A,MH-001,MH-001_21.136595_78.924588,MH-001,1,0.3587973713874817,0
A,MH-001,MH-001_21.136595_78.924858,MH-001,0,0.23433640599250793,0
A,MH-001,MH-001_21.136595_78.925127,MH-001,0,0.27995309233665466,0
A,MH-001,MH-001_21.136595_78.925397,MH-001,0,0.09563194215297699,0
A,MH-001,MH-001_21.136595_78.925936,MH-001,0,0.029116829857230186,0
A,MH-001,MH-001_21.136595_78.926205,MH-001,0,0.009023024700582027,0
A,MH-001,MH-001_21.136595_78.926475,MH-001,0,0.009479559026658535,0
A,MH-001,MH-001_21.136595_78.930517,MH-001,0,0.022246474400162697,0
A,MH-001,MH-001_21.136595_78.930787,MH-001,0,0.015606949105858803,0
A,MH-001,MH-001_21.136595_78.931326,MH-001,0,0.008139092475175858,0
A,MH-001,MH-001_21.136595_78.932134,MH-001,0,0.01593596860766411,0
A,MH-001,MH-001_21.136595_78.932404,MH-001,0,0.019278060644865036,0
A,MH-001,MH-001_21.136595_78.932673,MH-001,0,0.017038902267813683,0
A,MH-001,MH-001_21.136595_78.932943,MH-001,0,0.021569430828094482,0
A,MH-001,MH-001_21.136595_78.937255,MH-001,0,0.10123191773891449,0
A,MH-001,MH-001_21.136595_78.937524,MH-001,0,0.05481981486082077,0
A,MH-001,MH-001_21.136595_78.937794,MH-001,0,0.04416276514530182,0
A,MH-001,MH-001_21.136595_78.938063,MH-001,0,0.053980063647031784,0
A,MH-001,MH-001_21.136595_78.938333,MH-001,0,0.03757793456315994,0
A,MH-001,MH-001_21.136326_78.92378,MH-001,0,0.9818113446235657,1
A,MH-001,MH-001_21.136326_78.924049,MH-001,0,0.9428583383560181,1
A,MH-001,MH-001_21.136326_78.924319,MH-001,0,0.9409845471382141,1
A,MH-001,MH-001_21.136326_78.924588,MH-001,0,0.864619255065918,1
A,MH-001,MH-001_21.136326_78.924858,MH-001,0,0.5384408235549927,1
A,MH-001,MH-001_21.136326_78.925127,MH-001,0,0.416920006275177,0
A,MH-001,MH-001_21.136326_78.925936,MH-001,0,0.00861873384565115,0
A,MH-001,MH-001_21.136326_78.926205,MH-001,0,0.007513560354709625,0
A,MH-001,MH-001_21.136326_78.926475,MH-001,0,0.004663460422307253,0
A,MH-001,MH-001_21.136326_78.930517,MH-001,0,0.035585884004831314,0
A,MH-001,MH-001_21.136326_78.930787,MH-001,0,0.02222374454140663,0
A,MH-001,MH-001_21.136326_78.932134,MH-001,1,0.01765037328004837,0
A,MH-001,MH-001_21.136326_78.932404,MH-001,1,0.020327385514974594,0
A,MH-001,MH-001_21.136326_78.932673,MH-001,0,0.019807931035757065,0
A,MH-001,MH-001_21.136326_78.932943,MH-001,0,0.021417319774627686,0
A,MH-001,MH-001_21.136326_78.937255,MH-001,0,0.12346184253692627,0
A,MH-001,MH-001_21.136326_78.937524,MH-001,0,0.054886363446712494,0
A,MH-001,MH-001_21.136326_78.937794,MH-001,0,0.06105364114046097,0
A,MH-001,MH-001_21.136326_78.938063,MH-001,0,0.059075962752103806,0
A,MH-001,MH-001_21.136056_78.92378,MH-001,0,0.9638687968254089,1
A,MH-001,MH-001_21.136056_78.924049,MH-001,0,0.9816628098487854,1
A,MH-001,MH-001_21.136056_78.925936,MH-001,0,0.009416538290679455,0
A,MH-001,MH-001_21.136056_78.926205,MH-001,0,0.0054982807487249374,0
A,MH-001,MH-001_21.136056_78.926475,MH-001,0,0.006404510233551264,0
A,MH-001,MH-001_21.136056_78.930517,MH-001,0,0.03756771236658096,0
A,MH-001,MH-001_21.136056_78.932404,MH-001,1,0.021873747929930687,0
A,MH-001,MH-001_21.136056_78.932673,MH-001,0,0.022210733965039253,0
A,MH-001,MH-001_21.136056_78.937255,MH-001,0,0.10393617302179337,0
A,MH-001,MH-001_21.136056_78.937524,MH-001,0,0.08055290579795837,0
A,MH-001,MH-001_21.136056_78.937794,MH-001,0,0.08942485600709915,0
A,MH-001,MH-001_21.136056_78.938063,MH-001,0,0.096729576587677,0
A,MH-001,MH-001_21.135787_78.924319,MH-001,0,0.8930110335350037,1
A,MH-001,MH-001_21.135787_78.925666,MH-001,0,0.011092138476669788,0
A,MH-001,MH-001_21.135787_78.925936,MH-001,0,0.008573557250201702,0
A,MH-001,MH-001_21.135787_78.926205,MH-001,0,0.012941360473632812,0
A,MH-001,MH-001_21.135787_78.926475,MH-001,0,0.016942156478762627,0
A,MH-001,MH-001_21.135787_78.933482,MH-001,0,0.01428015436977148,0
A,MH-001,MH-001_21.135787_78.937255,MH-001,0,0.0881732925772667,0
A,MH-001,MH-001_21.135787_78.937524,MH-001,0,0.07356015592813492,0
A,MH-001,MH-001_21.135787_78.937794,MH-001,0,0.10612145066261292,0
A,MH-001,MH-001_21.135787_78.938063,MH-001,0,0.1000804528594017,0
A,MH-001,MH-001_21.135517_78.925127,MH-001,0,0.3615584075450897,0
A,MH-001,MH-001_21.135517_78.925666,MH-001,0,0.019481176510453224,0
A,MH-001,MH-001_21.135517_78.925936,MH-001,0,0.010876432992517948,0
A,MH-001,MH-001_21.135517_78.926205,MH-001,0,0.01366980280727148,0
A,MH-001,MH-001_21.135517_78.926475,MH-001,0,0.02027782052755356,0
A,MH-001,MH-001_21.135517_78.931326,MH-001,0,0.042309172451496124,0
A,MH-001,MH-001_21.135517_78.933212,MH-001,0,0.020251218229532242,0
A,MH-001,MH-001_21.135517_78.933482,MH-001,0,0.014736241661012173,0
A,MH-001,MH-001_21.135517_78.937255,MH-001,0,0.08609061688184738,0
A,MH-001,MH-001_21.135517_78.937524,MH-001,0,0.08832449465990067,0
A,MH-001,MH-001_21.135517_78.937794,MH-001,0,0.11132798343896866,0
A,MH-001,MH-001_21.135248_78.924858,MH-001,0,0.6742066740989685,1
A,MH-001,MH-001_21.135248_78.925936,MH-001,0,0.013014890253543854,0
A,MH-001,MH-001_21.135248_78.926205,MH-001,0,0.02495638281106949,0
A,MH-001,MH-001_21.135248_78.926475,MH-001,0,0.03412007912993431,0
A,MH-001,MH-001_21.135248_78.930787,MH-001,0,0.11111429333686829,0
A,MH-001,MH-001_21.135248_78.931056,MH-001,0,0.10582993179559708,0
A,MH-001,MH-001_21.135248_78.931326,MH-001,0,0.0854707583785057,0
A,MH-001,MH-001_21.135248_78.931595,MH-001,0,0.04682550206780434,0
A,MH-001,MH-001_21.135248_78.931865,MH-001,0,0.09309479594230652,0
A,MH-001,MH-001_21.135248_78.932134,MH-001,0,0.14364926517009735,0
A,MH-001,MH-001_21.135248_78.933212,MH-001,0,0.049829114228487015,0
A,MH-001,MH-001_21.135248_78.933482,MH-001,0,0.029834456741809845,0
A,MH-001,MH-001_21.135248_78.937255,MH-001,0,0.08103626221418381,0
A,MH-001,MH-001_21.135248_78.937524,MH-001,0,0.094215989112854,0
A,MH-001,MH-001_21.135248_78.937794,MH-001,0,0.10024651139974594,0
A,MH-001,MH-001_21.134978_78.924588,MH-001,0,0.02355550043284893,0
A,MH-001,MH-001_21.134978_78.924858,MH-001,0,0.24422377347946167,0
A,MH-001,MH-001_21.134978_78.925127,MH-001,0,0.20192350447177887,0
A,MH-001,MH-001_21.134978_78.926205,MH-001,0,0.04024122282862663,0
A,MH-001,MH-001_21.134978_78.926475,MH-001,0,0.053442999720573425,0
A,MH-001,MH-001_21.134978_78.930517,MH-001,0,0.10718224197626114,0
A,MH-001,MH-001_21.134978_78.930787,MH-001,0,0.12293392419815063,0
A,MH-001,MH-001_21.134978_78.931056,MH-001,0,0.12651482224464417,0
A,MH-001,MH-001_21.134978_78.931326,MH-001,0,0.15681277215480804,0
A,MH-001,MH-001_21.134978_78.931595,MH-001,0,0.08398555219173431,0
A,MH-001,MH-001_21.134978_78.931865,MH-001,0,0.21170899271965027,0
A,MH-001,MH-001_21.134978_78.932134,MH-001,0,0.3388785719871521,0
A,MH-001,MH-001_21.134978_78.932404,MH-001,0,0.46169111132621765,0
A,MH-001,MH-001_21.134978_78.933212,MH-001,0,0.11435673385858536,0
A,MH-001,MH-001_21.134978_78.937255,MH-001,0,0.0478866770863533,0
A,MH-001,MH-001_21.134978_78.937524,MH-001,0,0.06796495616436005,0
A,MH-001,MH-001_21.134978_78.937794,MH-001,0,0.0578288733959198,0
A,MH-001,MH-001_21.134709_78.925127,MH-001,0,0.28504678606987,0
A,MH-001,MH-001_21.134709_78.930517,MH-001,0,0.06101400777697563,0
A,MH-001,MH-001_21.134709_78.930787,MH-001,0,0.04508010670542717,0
A,MH-001,MH-001_21.134709_78.931056,MH-001,0,0.06906873732805252,0
A,MH-001,MH-001_21.134709_78.931326,MH-001,0,0.08840347081422806,0
A,MH-001,MH-001_21.134709_78.931595,MH-001,1,0.11660008877515793,0
A,MH-001,MH-001_21.134709_78.931865,MH-001,1,0.314691424369812,0
A,MH-001,MH-001_21.134709_78.932134,MH-001,1,0.5644705891609192,1
A,MH-001,MH-001_21.134709_78.932404,MH-001,0,0.6780763864517212,1
A,MH-001,MH-001_21.134709_78.933212,MH-001,0,0.2700422704219818,0
A,MH-001,MH-001_21.134709_78.937255,MH-001,0,0.042325276881456375,0
A,MH-001,MH-001_21.134709_78.937524,MH-001,0,0.05720634013414383,0
A,MH-001,MH-001_21.165431_78.914617,MH-001,0,0.043575335294008255,0
A,MH-001,MH-001_21.165431_78.914887,MH-001,0,0.03903983160853386,0
A,MH-001,MH-001_21.165431_78.915156,MH-001,1,0.05351218208670616,0
A,MH-001,MH-001_21.165431_78.915426,MH-001,0,0.06608099490404129,0
A,MH-001,MH-001_21.165431_78.915695,MH-001,0,0.07174395024776459,0
A,MH-001,MH-001_21.165431_78.915965,MH-001,0,0.07636210322380066,0
A,MH-001,MH-001_21.165431_78.916234,MH-001,0,0.08023953437805176,0
A,MH-001,MH-001_21.165431_78.916504,MH-001,0,0.09165478497743607,0
A,MH-001,MH-001_21.165431_78.916773,MH-001,0,0.09107106924057007,0
A,MH-001,MH-001_21.165431_78.917043,MH-001,0,0.11263133585453033,0
A,MH-001,MH-001_21.165431_78.917312,MH-001,0,0.1130775436758995,0
A,MH-001,MH-001_21.165431_78.91839,MH-001,0,0.12874020636081696,0
A,MH-001,MH-001_21.165431_78.91866,MH-001,0,0.2818244397640228,0
A,MH-001,MH-001_21.165431_78.918929,MH-001,0,0.4320881962776184,0
A,MH-001,MH-001_21.165431_78.919468,MH-001,0,0.4446954131126404,0
A,MH-001,MH-001_21.165431_78.919738,MH-001,0,0.47091761231422424,0
A,MH-001,MH-001_21.165431_78.920007,MH-001,0,0.5524703860282898,1
A,MH-001,MH-001_21.165431_78.920546,MH-001,0,0.5049335956573486,1
A,MH-001,MH-001_21.165431_78.920816,MH-001,0,0.46109887957572937,0
A,MH-001,MH-001_21.165431_78.921085,MH-001,0,0.28138503432273865,0
A,MH-001,MH-001_21.165431_78.921355,MH-001,0,0.16424210369586945,0
A,MH-001,MH-001_21.165431_78.921624,MH-001,0,0.08124648034572601,0
A,MH-001,MH-001_21.165431_78.921894,MH-001,0,0.04719167202711105,0
A,MH-001,MH-001_21.165431_78.922163,MH-001,0,0.0387224406003952,0
A,MH-001,MH-001_21.165431_78.924049,MH-001,0,0.16602277755737305,0
A,MH-001,MH-001_21.165431_78.924319,MH-001,0,0.23500418663024902,0
A,MH-001,MH-001_21.165431_78.925127,MH-001,0,0.4589376747608185,0
A,MH-001,MH-001_21.165431_78.930787,MH-001,0,0.2434876710176468,0
A,MH-001,MH-001_21.165431_78.931056,MH-001,0,0.28189340233802795,0
A,MH-001,MH-001_21.165431_78.931326,MH-001,0,0.2528866231441498,0
A,MH-001,MH-001_21.165161_78.914887,MH-001,0,0.03185176104307175,0
A,MH-001,MH-001_21.165161_78.915156,MH-001,0,0.04152335599064827,0
A,MH-001,MH-001_21.165161_78.915426,MH-001,0,0.05437087267637253,0
A,MH-001,MH-001_21.165161_78.915695,MH-001,0,0.07215573638677597,0
A,MH-001,MH-001_21.165161_78.915965,MH-001,0,0.07296694815158844,0
A,MH-001,MH-001_21.165161_78.916234,MH-001,0,0.08156951516866684,0
A,MH-001,MH-001_21.165161_78.916504,MH-001,0,0.09170102328062057,0
A,MH-001,MH-001_21.165161_78.916773,MH-001,0,0.07537379860877991,0
A,MH-001,MH-001_21.165161_78.917043,MH-001,0,0.10120575875043869,0
A,MH-001,MH-001_21.165161_78.917582,MH-001,0,0.11160102486610413,0
A,MH-001,MH-001_21.165161_78.918121,MH-001,0,0.1458703875541687,0
A,MH-001,MH-001_21.165161_78.91839,MH-001,0,0.15199054777622223,0
A,MH-001,MH-001_21.165161_78.91866,MH-001,0,0.26408618688583374,0
A,MH-001,MH-001_21.165161_78.919199,MH-001,0,0.40589219331741333,0
A,MH-001,MH-001_21.165161_78.919468,MH-001,0,0.4180895984172821,0
A,MH-001,MH-001_21.165161_78.919738,MH-001,0,0.4242376983165741,0
A,MH-001,MH-001_21.165161_78.920007,MH-001,0,0.43898001313209534,0
A,MH-001,MH-001_21.165161_78.920546,MH-001,0,0.3765086531639099,0
A,MH-001,MH-001_21.165161_78.920816,MH-001,0,0.3505786955356598,0
A,MH-001,MH-001_21.165161_78.921085,MH-001,0,0.23871855437755585,0
A,MH-001,MH-001_21.165161_78.921355,MH-001,1,0.1830139309167862,0
A,MH-001,MH-001_21.165161_78.921624,MH-001,0,0.093252994120121,0
A,MH-001,MH-001_21.165161_78.921894,MH-001,0,0.08676791936159134,0
A,MH-001,MH-001_21.165161_78.922433,MH-001,0,0.09951842576265335,0
A,MH-001,MH-001_21.165161_78.922702,MH-001,0,0.1035255491733551,0
A,MH-001,MH-001_21.165161_78.923241,MH-001,0,0.1486293375492096,0
A,MH-001,MH-001_21.165161_78.92378,MH-001,1,0.20467181503772736,0
A,MH-001,MH-001_21.165161_78.925127,MH-001,0,0.4893801510334015,0
A,MH-001,MH-001_21.165161_78.925397,MH-001,0,0.47249260544776917,0
A,MH-001,MH-001_21.165161_78.925666,MH-001,0,0.44140008091926575,0
A,MH-001,MH-001_21.165161_78.925936,MH-001,0,0.4042808711528778,0
A,MH-001,MH-001_21.165161_78.926475,MH-001,0,0.24465256929397583,0
A,MH-001,MH-001_21.165161_78.931056,MH-001,0,0.16247239708900452,0
A,MH-001,MH-001_21.164892_78.914887,MH-001,0,0.030367325991392136,0
A,MH-001,MH-001_21.164892_78.915156,MH-001,0,0.0391593798995018,0
A,MH-001,MH-001_21.164892_78.915426,MH-001,0,0.06055651232600212,0
A,MH-001,MH-001_21.164892_78.915695,MH-001,0,0.07245415449142456,0
A,MH-001,MH-001_21.164892_78.915965,MH-001,0,0.08243011683225632,0
A,MH-001,MH-001_21.164892_78.916234,MH-001,0,0.08002308011054993,0
A,MH-001,MH-001_21.164892_78.916504,MH-001,0,0.08016837388277054,0
A,MH-001,MH-001_21.164892_78.916773,MH-001,0,0.06261191517114639,0
A,MH-001,MH-001_21.164892_78.917312,MH-001,0,0.06739483028650284,0
A,MH-001,MH-001_21.164892_78.918121,MH-001,0,0.10377412289381027,0
A,MH-001,MH-001_21.164892_78.91839,MH-001,0,0.11873653531074524,0
A,MH-001,MH-001_21.164892_78.919199,MH-001,0,0.4615881145000458,0
A,MH-001,MH-001_21.164892_78.919468,MH-001,0,0.5114333629608154,1
A,MH-001,MH-001_21.164892_78.920546,MH-001,0,0.4590817391872406,0
A,MH-001,MH-001_21.164892_78.920816,MH-001,0,0.40194013714790344,0
A,MH-001,MH-001_21.164892_78.921085,MH-001,1,0.345437228679657,0
A,MH-001,MH-001_21.164892_78.921355,MH-001,1,0.15203271806240082,0
A,MH-001,MH-001_21.164892_78.921624,MH-001,1,0.13431623578071594,0
A,MH-001,MH-001_21.164892_78.921894,MH-001,0,0.0831834152340889,0
A,MH-001,MH-001_21.164892_78.922433,MH-001,0,0.14796480536460876,0
A,MH-001,MH-001_21.164892_78.922702,MH-001,0,0.12096168845891953,0
A,MH-001,MH-001_21.164892_78.92351,MH-001,0,0.12625813484191895,0
A,MH-001,MH-001_21.164892_78.92378,MH-001,0,0.14798691868782043,0
A,MH-001,MH-001_21.164892_78.924858,MH-001,0,0.39657893776893616,0
A,MH-001,MH-001_21.164892_78.925127,MH-001,0,0.44676780700683594,0
A,MH-001,MH-001_21.164892_78.925397,MH-001,0,0.38701266050338745,0
A,MH-001,MH-001_21.164892_78.925666,MH-001,0,0.4207121431827545,0
A,MH-001,MH-001_21.164892_78.925936,MH-001,0,0.3800055682659149,0
A,MH-001,MH-001_21.164892_78.926475,MH-001,0,0.2118869125843048,0
A,MH-001,MH-001_21.164892_78.930517,MH-001,0,0.07093074917793274,0
A,MH-001,MH-001_21.164892_78.931595,MH-001,0,0.07432954013347626,0
A,MH-001,MH-001_21.164623_78.915156,MH-001,0,0.038179777562618256,0
A,MH-001,MH-001_21.164623_78.915426,MH-001,0,0.05055226385593414,0
A,MH-001,MH-001_21.164623_78.915695,MH-001,0,0.0671565905213356,0
A,MH-001,MH-001_21.164623_78.915965,MH-001,0,0.07361204922199249,0
A,MH-001,MH-001_21.164623_78.916234,MH-001,0,0.07947968691587448,0
A,MH-001,MH-001_21.164623_78.916504,MH-001,0,0.07781621813774109,0
A,MH-001,MH-001_21.164623_78.916773,MH-001,0,0.06161070615053177,0
A,MH-001,MH-001_21.164623_78.917851,MH-001,0,0.06617295742034912,0
A,MH-001,MH-001_21.164623_78.918121,MH-001,0,0.11428653448820114,0
A,MH-001,MH-001_21.164623_78.91839,MH-001,0,0.12143293023109436,0
A,MH-001,MH-001_21.164623_78.91866,MH-001,0,0.21341939270496368,0
A,MH-001,MH-001_21.164623_78.919468,MH-001,0,0.39883944392204285,0
A,MH-001,MH-001_21.164623_78.919738,MH-001,0,0.4224129021167755,0
A,MH-001,MH-001_21.164623_78.920007,MH-001,1,0.4037250876426697,0
A,MH-001,MH-001_21.164623_78.921085,MH-001,0,0.2198769897222519,0
A,MH-001,MH-001_21.164623_78.921355,MH-001,1,0.11573857814073563,0
A,MH-001,MH-001_21.164623_78.921624,MH-001,1,0.06848718971014023,0
A,MH-001,MH-001_21.164623_78.921894,MH-001,0,0.03516758605837822,0
A,MH-001,MH-001_21.164623_78.922163,MH-001,0,0.03892732039093971,0
A,MH-001,MH-001_21.164623_78.922433,MH-001,0,0.0591076985001564,0
A,MH-001,MH-001_21.164623_78.92351,MH-001,0,0.10438525676727295,0
A,MH-001,MH-001_21.164623_78.92378,MH-001,0,0.13995994627475739,0
A,MH-001,MH-001_21.164623_78.924858,MH-001,0,0.40656059980392456,0
A,MH-001,MH-001_21.164623_78.925397,MH-001,0,0.3929387032985687,0
A,MH-001,MH-001_21.164623_78.925666,MH-001,0,0.32863226532936096,0
A,MH-001,MH-001_21.164623_78.925936,MH-001,0,0.2966413199901581,0
A,MH-001,MH-001_21.164623_78.930787,MH-001,0,0.05800992250442505,0
A,MH-001,MH-001_21.164623_78.931056,MH-001,0,0.0679251104593277,0
A,MH-001,MH-001_21.164353_78.915426,MH-001,0,0.04208850488066673,0
A,MH-001,MH-001_21.164353_78.915695,MH-001,0,0.05827147141098976,0
A,MH-001,MH-001_21.164353_78.915965,MH-001,0,0.06002788618206978,0
A,MH-001,MH-001_21.164353_78.916234,MH-001,0,0.07076971977949142,0
A,MH-001,MH-001_21.164353_78.916504,MH-001,0,0.05888846516609192,0
A,MH-001,MH-001_21.164353_78.916773,MH-001,0,0.03753623366355896,0
A,MH-001,MH-001_21.164353_78.917043,MH-001,0,0.04398806020617485,0
A,MH-001,MH-001_21.164353_78.917312,MH-001,0,0.037140339612960815,0
A,MH-001,MH-001_21.164353_78.917582,MH-001,0,0.04073985293507576,0
A,MH-001,MH-001_21.164353_78.917851,MH-001,0,0.06357625871896744,0
A,MH-001,MH-001_21.164353_78.918121,MH-001,0,0.12663118541240692,0
A,MH-001,MH-001_21.164353_78.91839,MH-001,0,0.12238869071006775,0
A,MH-001,MH-001_21.164353_78.91866,MH-001,1,0.20697994530200958,0
A,MH-001,MH-001_21.164353_78.918929,MH-001,1,0.20371113717556,0
A,MH-001,MH-001_21.164353_78.919468,MH-001,0,0.3642846643924713,0
A,MH-001,MH-001_21.164353_78.922163,MH-001,0,0.031021276488900185,0
A,MH-001,MH-001_21.164353_78.924588,MH-001,0,0.21216434240341187,0
A,MH-001,MH-001_21.164353_78.925127,MH-001,0,0.29847636818885803,0
A,MH-001,MH-001_21.164353_78.925397,MH-001,0,0.25067704916000366,0
A,MH-001,MH-001_21.164353_78.925666,MH-001,0,0.18006080389022827,0
A,MH-001,MH-001_21.164353_78.925936,MH-001,0,0.16949351131916046,0
A,MH-001,MH-001_21.164353_78.930248,MH-001,0,0.09393787384033203,0
A,MH-001,MH-001_21.164353_78.930517,MH-001,0,0.05468754842877388,0
A,MH-001,MH-001_21.164353_78.930787,MH-001,0,0.05817682668566704,0
A,MH-001,MH-001_21.164353_78.931056,MH-001,0,0.044297631829977036,0
A,MH-001,MH-001_21.164353_78.932134,MH-001,0,0.02715708501636982,0
A,MH-001,MH-001_21.164084_78.915426,MH-001,0,0.03932667523622513,0
A,MH-001,MH-001_21.164084_78.915695,MH-001,0,0.048940084874629974,0
A,MH-001,MH-001_21.164084_78.915965,MH-001,0,0.047671105712652206,0
A,MH-001,MH-001_21.164084_78.916234,MH-001,0,0.06822066754102707,0
A,MH-001,MH-001_21.164084_78.916504,MH-001,0,0.05053415149450302,0
A,MH-001,MH-001_21.164084_78.916773,MH-001,0,0.04331918805837631,0
A,MH-001,MH-001_21.164084_78.917043,MH-001,0,0.044264182448387146,0
A,MH-001,MH-001_21.164084_78.917312,MH-001,0,0.036413103342056274,0
A,MH-001,MH-001_21.164084_78.917582,MH-001,0,0.048273224383592606,0
A,MH-001,MH-001_21.164084_78.917851,MH-001,0,0.10797271877527237,0
A,MH-001,MH-001_21.164084_78.918121,MH-001,0,0.19195091724395752,0
A,MH-001,MH-001_21.164084_78.91839,MH-001,0,0.23914554715156555,0
A,MH-001,MH-001_21.164084_78.919199,MH-001,0,0.25895074009895325,0
A,MH-001,MH-001_21.164084_78.924049,MH-001,0,0.07444215565919876,0
A,MH-001,MH-001_21.164084_78.924319,MH-001,0,0.10303536057472229,0
A,MH-001,MH-001_21.164084_78.924588,MH-001,1,0.12445113807916641,0
A,MH-001,MH-001_21.164084_78.925397,MH-001,0,0.19366569817066193,0
A,MH-001,MH-001_21.164084_78.925666,MH-001,0,0.14737525582313538,0
A,MH-001,MH-001_21.164084_78.925936,MH-001,0,0.11380062252283096,0
A,MH-001,MH-001_21.164084_78.926205,MH-001,0,0.09171957522630692,0
A,MH-001,MH-001_21.164084_78.930248,MH-001,0,0.0784170925617218,0
A,MH-001,MH-001_21.164084_78.930517,MH-001,0,0.036760363727808,0
A,MH-001,MH-001_21.164084_78.930787,MH-001,0,0.04109770432114601,0
A,MH-001,MH-001_21.164084_78.931056,MH-001,0,0.036998242139816284,0
A,MH-001,MH-001_21.163814_78.915695,MH-001,0,0.06848479062318802,0
A,MH-001,MH-001_21.163814_78.915965,MH-001,0,0.08064375072717667,0
A,MH-001,MH-001_21.163814_78.916234,MH-001,0,0.11147955060005188,0
A,MH-001,MH-001_21.163814_78.916504,MH-001,0,0.07767309993505478,0
A,MH-001,MH-001_21.163814_78.916773,MH-001,0,0.058903779834508896,0
A,MH-001,MH-001_21.163814_78.917043,MH-001,0,0.051847971975803375,0
A,MH-001,MH-001_21.163814_78.917312,MH-001,0,0.04285711795091629,0
A,MH-001,MH-001_21.163814_78.917582,MH-001,0,0.03682456165552139,0
A,MH-001,MH-001_21.163814_78.917851,MH-001,0,0.07512430101633072,0
A,MH-001,MH-001_21.163814_78.918121,MH-001,0,0.20387808978557587,0
A,MH-001,MH-001_21.163814_78.922433,MH-001,0,0.02373209036886692,0
A,MH-001,MH-001_21.163814_78.922702,MH-001,0,0.02413654327392578,0
A,MH-001,MH-001_21.163814_78.922972,MH-001,0,0.02241032011806965,0
A,MH-001,MH-001_21.163814_78.923241,MH-001,0,0.02830427698791027,0
A,MH-001,MH-001_21.163814_78.924049,MH-001,0,0.01898643560707569,0
A,MH-001,MH-001_21.163814_78.924319,MH-001,0,0.02718527801334858,0
A,MH-001,MH-001_21.163814_78.924588,MH-001,1,0.035781655460596085,0
A,MH-001,MH-001_21.163814_78.925397,MH-001,1,0.07838626205921173,0
A,MH-001,MH-001_21.163814_78.925666,MH-001,1,0.0670425072312355,0
A,MH-001,MH-001_21.163814_78.925936,MH-001,0,0.07598011940717697,0
A,MH-001,MH-001_21.163814_78.926205,MH-001,0,0.055527690798044205,0
A,MH-001,MH-001_21.163814_78.926475,MH-001,0,0.049033064395189285,0
A,MH-001,MH-001_21.163814_78.930248,MH-001,0,0.07361619919538498,0
A,MH-001,MH-001_21.163814_78.930517,MH-001,0,0.045289840549230576,0
A,MH-001,MH-001_21.163814_78.930787,MH-001,1,0.04437488317489624,0
A,MH-001,MH-001_21.163814_78.931865,MH-001,0,0.033898260444402695,0
A,MH-001,MH-001_21.163814_78.932134,MH-001,0,0.022656193003058434,0
A,MH-001,MH-001_21.163814_78.932404,MH-001,0,0.0620470829308033,0
A,MH-001,MH-001_21.163545_78.915695,MH-001,0,0.12607654929161072,0
A,MH-001,MH-001_21.163545_78.915965,MH-001,0,0.11167310923337936,0
A,MH-001,MH-001_21.163545_78.916234,MH-001,0,0.16796202957630157,0
A,MH-001,MH-001_21.163545_78.916504,MH-001,0,0.08896788209676743,0
A,MH-001,MH-001_21.163545_78.916773,MH-001,0,0.10007748752832413,0
A,MH-001,MH-001_21.163545_78.917043,MH-001,0,0.08664001524448395,0
A,MH-001,MH-001_21.163545_78.917312,MH-001,0,0.07666243612766266,0
A,MH-001,MH-001_21.163545_78.917582,MH-001,0,0.0569557249546051,0
A,MH-001,MH-001_21.163545_78.917851,MH-001,0,0.21966426074504852,0
A,MH-001,MH-001_21.163545_78.918121,MH-001,0,0.34805989265441895,0
A,MH-001,MH-001_21.163545_78.923241,MH-001,0,0.029428619891405106,0
A,MH-001,MH-001_21.163545_78.925127,MH-001,0,0.1215490996837616,0
A,MH-001,MH-001_21.163545_78.925936,MH-001,1,0.06505712121725082,0
A,MH-001,MH-001_21.163545_78.926205,MH-001,0,0.054463960230350494,0
A,MH-001,MH-001_21.163545_78.926475,MH-001,0,0.05122881755232811,0
A,MH-001,MH-001_21.163545_78.930248,MH-001,0,0.10851836949586868,0
A,MH-001,MH-001_21.163545_78.930517,MH-001,0,0.07395733147859573,0
A,MH-001,MH-001_21.163545_78.930787,MH-001,1,0.03698866069316864,0
A,MH-001,MH-001_21.163545_78.931595,MH-001,0,0.031264323741197586,0
A,MH-001,MH-001_21.163545_78.931865,MH-001,0,0.019689828157424927,0
A,MH-001,MH-001_21.163545_78.932134,MH-001,0,0.017884910106658936,0
A,MH-001,MH-001_21.163545_78.932404,MH-001,0,0.04729422926902771,0
A,MH-001,MH-001_21.163545_78.932673,MH-001,0,0.03615504503250122,0
A,MH-001,MH-001_21.163275_78.916504,MH-001,0,0.06593050807714462,0
A,MH-001,MH-001_21.163275_78.917851,MH-001,0,0.18107129633426666,0
A,MH-001,MH-001_21.163275_78.918121,MH-001,0,0.44158220291137695,0
A,MH-001,MH-001_21.163275_78.924588,MH-001,0,0.008380754850804806,0
A,MH-001,MH-001_21.163275_78.926205,MH-001,0,0.034806329756975174,0
A,MH-001,MH-001_21.163275_78.926475,MH-001,1,0.047166839241981506,0
A,MH-001,MH-001_21.163275_78.930248,MH-001,0,0.14320187270641327,0
A,MH-001,MH-001_21.163275_78.930517,MH-001,0,0.12706618010997772,0
A,MH-001,MH-001_21.163275_78.930787,MH-001,0,0.09517927467823029,0
A,MH-001,MH-001_21.163275_78.931865,MH-001,0,0.015561140142381191,0
A,MH-001,MH-001_21.163275_78.932134,MH-001,0,0.013511590659618378,0
A,MH-001,MH-001_21.163275_78.932404,MH-001,0,0.0337279736995697,0
A,MH-001,MH-001_21.163275_78.932673,MH-001,0,0.03300359472632408,0
A,MH-001,MH-001_21.163006_78.915965,MH-001,0,0.09039339423179626,0
A,MH-001,MH-001_21.163006_78.916504,MH-001,0,0.04555694758892059,0
A,MH-001,MH-001_21.163006_78.917043,MH-001,0,0.035739459097385406,0
A,MH-001,MH-001_21.163006_78.917312,MH-001,0,0.03569456562399864,0
A,MH-001,MH-001_21.163006_78.91839,MH-001,0,0.585433304309845,1
A,MH-001,MH-001_21.163006_78.930248,MH-001,0,0.15662026405334473,0
A,MH-001,MH-001_21.163006_78.930517,MH-001,0,0.24399390816688538,0
A,MH-001,MH-001_21.163006_78.930787,MH-001,0,0.1192033663392067,0
A,MH-001,MH-001_21.163006_78.932404,MH-001,0,0.03886129707098007,0
A,MH-001,MH-001_21.162736_78.917312,MH-001,0,0.026616470888257027,0
A,MH-001,MH-001_21.162736_78.917582,MH-001,0,0.0251082181930542,0
A,MH-001,MH-001_21.162736_78.918121,MH-001,0,0.36853429675102234,0
A,MH-001,MH-001_21.162736_78.91839,MH-001,0,0.6167740225791931,1
A,MH-001,MH-001_21.162736_78.91866,MH-001,0,0.7145273089408875,1
A,MH-001,MH-001_21.162736_78.930248,MH-001,0,0.13328906893730164,0
A,MH-001,MH-001_21.162736_78.930517,MH-001,0,0.2546248733997345,0
A,MH-001,MH-001_21.162467_78.916504,MH-001,0,0.009065492078661919,0
A,MH-001,MH-001_21.162467_78.916773,MH-001,0,0.008745420724153519,0
A,MH-001,MH-001_21.162467_78.917043,MH-001,0,0.010936745442450047,0
A,MH-001,MH-001_21.162467_78.91866,MH-001,0,0.7775935530662537,1
A,MH-001,MH-001_21.162467_78.930248,MH-001,0,0.2280741184949875,0
A,MH-001,MH-001_21.162467_78.930517,MH-001,0,0.38772252202033997,0
A,MH-001,MH-001_21.162467_78.931056,MH-001,0,0.16638831794261932,0
A,MH-001,MH-001_21.162467_78.932404,MH-001,0,0.045052893459796906,0
A,MH-001,MH-001_21.162467_78.932673,MH-001,0,0.030108286067843437,0
A,MH-001,MH-001_21.162197_78.916234,MH-001,0,0.007788867689669132,0
A,MH-001,MH-001_21.162197_78.916504,MH-001,0,0.004145830404013395,0
A,MH-001,MH-001_21.162197_78.916773,MH-001,0,0.005596746690571308,0
A,MH-001,MH-001_21.162197_78.917043,MH-001,0,0.007205458357930183,0
A,MH-001,MH-001_21.162197_78.917312,MH-001,0,0.00916701927781105,0
A,MH-001,MH-001_21.162197_78.917582,MH-001,0,0.011171265505254269,0
A,MH-001,MH-001_21.162197_78.917851,MH-001,0,0.03330061584711075,0
A,MH-001,MH-001_21.162197_78.918121,MH-001,0,0.19023415446281433,0
A,MH-001,MH-001_21.162197_78.924049,MH-001,0,0.011838474310934544,0
A,MH-001,MH-001_21.162197_78.930248,MH-001,1,0.13095387816429138,0
A,MH-001,MH-001_21.162197_78.931056,MH-001,0,0.14556267857551575,0
A,MH-001,MH-001_21.162197_78.932673,MH-001,0,0.020780039951205254,0
A,MH-001,MH-001_21.162197_78.932943,MH-001,0,0.017435187473893166,0
A,MH-001,MH-001_21.162197_78.933212,MH-001,0,0.03320612758398056,0
A,MH-001,MH-001_21.161928_78.916234,MH-001,0,0.005880946293473244,0
A,MH-001,MH-001_21.161928_78.916504,MH-001,0,0.0032679527066648006,0
A,MH-001,MH-001_21.161928_78.916773,MH-001,0,0.0034507776144891977,0
A,MH-001,MH-001_21.161928_78.917043,MH-001,0,0.004734910558909178,0
A,MH-001,MH-001_21.161928_78.917312,MH-001,0,0.0048288279213011265,0
A,MH-001,MH-001_21.161928_78.917582,MH-001,0,0.00527785811573267,0
A,MH-001,MH-001_21.161928_78.92378,MH-001,0,0.01271363627165556,0
A,MH-001,MH-001_21.161928_78.926205,MH-001,0,0.006949508562684059,0
A,MH-001,MH-001_21.161928_78.926475,MH-001,0,0.005195077508687973,0
A,MH-001,MH-001_21.161928_78.930248,MH-001,0,0.06411677598953247,0
A,MH-001,MH-001_21.161928_78.931326,MH-001,0,0.09650585800409317,0
A,MH-001,MH-001_21.161928_78.932404,MH-001,0,0.02963937446475029,0
A,MH-001,MH-001_21.161928_78.932673,MH-001,0,0.020221523940563202,0
A,MH-001,MH-001_21.161928_78.932943,MH-001,0,0.016471613198518753,0
A,MH-001,MH-001_21.161928_78.933212,MH-001,0,0.03139069303870201,0
A,MH-001,MH-001_21.161928_78.933482,MH-001,0,0.10959677398204803,0
A,MH-001,MH-001_21.161658_78.916234,MH-001,0,0.006753908004611731,0
A,MH-001,MH-001_21.161658_78.916504,MH-001,0,0.004342468921095133,0
A,MH-001,MH-001_21.161658_78.916773,MH-001,0,0.004769705235958099,0
A,MH-001,MH-001_21.161658_78.917043,MH-001,0,0.005334086716175079,0
A,MH-001,MH-001_21.161658_78.917312,MH-001,0,0.00489815603941679,0
A,MH-001,MH-001_21.161658_78.917582,MH-001,0,0.006014672107994556,0
A,MH-001,MH-001_21.161658_78.917851,MH-001,0,0.008521368727087975,0
A,MH-001,MH-001_21.161658_78.918121,MH-001,0,0.03361218795180321,0
A,MH-001,MH-001_21.161658_78.91839,MH-001,0,0.15717166662216187,0
A,MH-001,MH-001_21.161658_78.918929,MH-001,0,0.6717115044593811,1
A,MH-001,MH-001_21.161658_78.919199,MH-001,0,0.6680141687393188,1
A,MH-001,MH-001_21.161658_78.925936,MH-001,0,0.006973229348659515,0
A,MH-001,MH-001_21.161658_78.926205,MH-001,0,0.006440579425543547,0
A,MH-001,MH-001_21.161658_78.926475,MH-001,0,0.004845777526497841,0
A,MH-001,MH-001_21.161658_78.931865,MH-001,0,0.05888937786221504,0
A,MH-001,MH-001_21.161658_78.932134,MH-001,0,0.04656755179166794,0
A,MH-001,MH-001_21.161658_78.932404,MH-001,0,0.02343449741601944,0
A,MH-001,MH-001_21.161658_78.932673,MH-001,0,0.016155729070305824,0
A,MH-001,MH-001_21.161658_78.932943,MH-001,0,0.00910317525267601,0
A,MH-001,MH-001_21.161658_78.933212,MH-001,0,0.017507260665297508,0
A,MH-001,MH-001_21.161658_78.933482,MH-001,0,0.036180127412080765,0
A,MH-001,MH-001_21.161389_78.916504,MH-001,0,0.008038110099732876,0
A,MH-001,MH-001_21.161389_78.916773,MH-001,0,0.00942924153059721,0
A,MH-001,MH-001_21.161389_78.917043,MH-001,0,0.010775048285722733,0
A,MH-001,MH-001_21.161389_78.917312,MH-001,0,0.00893086101859808,0
A,MH-001,MH-001_21.161389_78.917582,MH-001,0,0.008740194141864777,0
A,MH-001,MH-001_21.161389_78.917851,MH-001,0,0.008578486740589142,0
A,MH-001,MH-001_21.161389_78.918121,MH-001,0,0.019226623699069023,0
A,MH-001,MH-001_21.161389_78.91839,MH-001,0,0.04147697985172272,0
A,MH-001,MH-001_21.161389_78.91866,MH-001,0,0.27479833364486694,0
A,MH-001,MH-001_21.179984_78.914887,MH-001,0,0.035635754466056824,0
A,MH-001,MH-001_21.179984_78.915156,MH-001,0,0.029643286019563675,0
A,MH-001,MH-001_21.179984_78.915426,MH-001,0,0.018555037677288055,0
A,MH-001,MH-001_21.179984_78.916234,MH-001,0,0.029414920136332512,0
A,MH-001,MH-001_21.179984_78.918121,MH-001,1,0.1187095195055008,0
A,MH-001,MH-001_21.179984_78.91839,MH-001,0,0.12603318691253662,0
A,MH-001,MH-001_21.179984_78.918929,MH-001,0,0.3232010006904602,0
A,MH-001,MH-001_21.179984_78.919199,MH-001,0,0.5331413745880127,1
A,MH-001,MH-001_21.179984_78.919738,MH-001,0,0.758613646030426,1
A,MH-001,MH-001_21.179984_78.920007,MH-001,0,0.6724677085876465,1
A,MH-001,MH-001_21.179984_78.920277,MH-001,0,0.5674746036529541,1
A,MH-001,MH-001_21.179984_78.920546,MH-001,1,0.4455217719078064,0
A,MH-001,MH-001_21.179984_78.920816,MH-001,1,0.41181543469429016,0
A,MH-001,MH-001_21.179984_78.921085,MH-001,1,0.42426538467407227,0
A,MH-001,MH-001_21.179984_78.921355,MH-001,1,0.4972352981567383,0
A,MH-001,MH-001_21.179984_78.921624,MH-001,0,0.5788013339042664,1
A,MH-001,MH-001_21.179984_78.921894,MH-001,0,0.4263141453266144,0
A,MH-001,MH-001_21.179984_78.92378,MH-001,1,0.45770442485809326,0
A,MH-001,MH-001_21.179984_78.924319,MH-001,0,0.5863714814186096,1
A,MH-001,MH-001_21.179984_78.924588,MH-001,0,0.4924527704715729,0
A,MH-001,MH-001_21.179714_78.914887,MH-001,0,0.038789052516222,0
A,MH-001,MH-001_21.179714_78.915156,MH-001,0,0.034029923379421234,0
A,MH-001,MH-001_21.179714_78.915695,MH-001,0,0.022853383794426918,0
A,MH-001,MH-001_21.179714_78.917851,MH-001,1,0.18655990064144135,0
A,MH-001,MH-001_21.179714_78.918121,MH-001,0,0.16576935350894928,0
A,MH-001,MH-001_21.179714_78.91839,MH-001,1,0.21865196526050568,0
A,MH-001,MH-001_21.179714_78.919468,MH-001,1,0.7528683543205261,1
A,MH-001,MH-001_21.179714_78.920007,MH-001,0,0.6944132447242737,1
A,MH-001,MH-001_21.179714_78.920277,MH-001,0,0.6546672582626343,1
A,MH-001,MH-001_21.179714_78.920546,MH-001,1,0.515946626663208,1
A,MH-001,MH-001_21.179714_78.920816,MH-001,1,0.4757232964038849,0
A,MH-001,MH-001_21.179714_78.921085,MH-001,1,0.4943505525588989,0
A,MH-001,MH-001_21.179714_78.921355,MH-001,0,0.6738770604133606,1
A,MH-001,MH-001_21.179714_78.921624,MH-001,1,0.6362684369087219,1
A,MH-001,MH-001_21.179714_78.921894,MH-001,1,0.6201591491699219,1
A,MH-001,MH-001_21.179714_78.92351,MH-001,0,0.3721230924129486,0
A,MH-001,MH-001_21.179714_78.924049,MH-001,0,0.5231512188911438,1
A,MH-001,MH-001_21.179714_78.924319,MH-001,0,0.6683315634727478,1
A,MH-001,MH-001_21.179714_78.924588,MH-001,1,0.5865642428398132,1
A,MH-001,MH-001_21.179445_78.914887,MH-001,0,0.06808043271303177,0
A,MH-001,MH-001_21.179445_78.915156,MH-001,0,0.04946769401431084,0
A,MH-001,MH-001_21.179445_78.915426,MH-001,0,0.03407911956310272,0
A,MH-001,MH-001_21.179445_78.915695,MH-001,0,0.03470171242952347,0
A,MH-001,MH-001_21.179445_78.915965,MH-001,0,0.03549799695611,0
A,MH-001,MH-001_21.179445_78.91839,MH-001,1,0.1820611208677292,0
A,MH-001,MH-001_21.179445_78.920007,MH-001,1,0.7142669558525085,1
A,MH-001,MH-001_21.179445_78.920277,MH-001,0,0.6225898265838623,1
A,MH-001,MH-001_21.179445_78.920546,MH-001,1,0.49247029423713684,0
A,MH-001,MH-001_21.179445_78.920816,MH-001,1,0.40273317694664,0
A,MH-001,MH-001_21.179445_78.921085,MH-001,1,0.3871054947376251,0
A,MH-001,MH-001_21.179445_78.921355,MH-001,1,0.4540081024169922,0
A,MH-001,MH-001_21.179445_78.921624,MH-001,1,0.49015095829963684,0
A,MH-001,MH-001_21.179445_78.921894,MH-001,1,0.6042262315750122,1
A,MH-001,MH-001_21.179445_78.922163,MH-001,1,0.589146614074707,1
A,MH-001,MH-001_21.179445_78.924049,MH-001,0,0.3254433870315552,0
A,MH-001,MH-001_21.179445_78.925127,MH-001,1,0.6337830424308777,1
A,MH-001,MH-001_21.179445_78.925397,MH-001,0,0.4209055006504059,0
A,MH-001,MH-001_21.179445_78.925666,MH-001,0,0.48744478821754456,0
A,MH-001,MH-001_21.179445_78.925936,MH-001,0,0.6353318691253662,1
A,MH-001,MH-001_21.179175_78.914887,MH-001,0,0.0657336562871933,0
A,MH-001,MH-001_21.179175_78.915156,MH-001,0,0.043599147349596024,0
A,MH-001,MH-001_21.179175_78.915695,MH-001,0,0.029510146006941795,0
A,MH-001,MH-001_21.179175_78.915965,MH-001,0,0.027200542390346527,0
A,MH-001,MH-001_21.179175_78.916504,MH-001,0,0.03417554125189781,0
A,MH-001,MH-001_21.179175_78.916773,MH-001,0,0.04208412766456604,0
A,MH-001,MH-001_21.179175_78.917043,MH-001,0,0.08155018091201782,0
A,MH-001,MH-001_21.179175_78.917312,MH-001,0,0.08130321651697159,0
A,MH-001,MH-001_21.179175_78.91866,MH-001,0,0.0796360969543457,0
A,MH-001,MH-001_21.179175_78.918929,MH-001,0,0.11713715642690659,0
A,MH-001,MH-001_21.179175_78.920277,MH-001,0,0.5449922680854797,1
A,MH-001,MH-001_21.179175_78.920546,MH-001,1,0.39404162764549255,0
A,MH-001,MH-001_21.179175_78.920816,MH-001,1,0.37048840522766113,0
A,MH-001,MH-001_21.179175_78.921085,MH-001,1,0.3443039655685425,0
A,MH-001,MH-001_21.179175_78.921355,MH-001,1,0.44964951276779175,0
A,MH-001,MH-001_21.179175_78.921624,MH-001,1,0.4412738084793091,0
A,MH-001,MH-001_21.179175_78.921894,MH-001,1,0.5404081344604492,1
A,MH-001,MH-001_21.179175_78.922163,MH-001,0,0.45506009459495544,0
A,MH-001,MH-001_21.179175_78.922433,MH-001,1,0.5601765513420105,1
A,MH-001,MH-001_21.179175_78.922702,MH-001,0,0.32235631346702576,0
A,MH-001,MH-001_21.179175_78.923241,MH-001,1,0.17634427547454834,0
A,MH-001,MH-001_21.179175_78.92351,MH-001,1,0.2049063891172409,0
A,MH-001,MH-001_21.179175_78.924319,MH-001,0,0.44656920433044434,0
A,MH-001,MH-001_21.179175_78.925127,MH-001,1,0.4919234812259674,0
A,MH-001,MH-001_21.179175_78.925397,MH-001,1,0.35772374272346497,0
A,MH-001,MH-001_21.179175_78.925666,MH-001,1,0.45470288395881653,0
A,MH-001,MH-001_21.179175_78.925936,MH-001,0,0.5963347554206848,1
A,MH-001,MH-001_21.178906_78.914617,MH-001,0,0.09453242272138596,0
A,MH-001,MH-001_21.178906_78.914887,MH-001,0,0.09389999508857727,0
A,MH-001,MH-001_21.178906_78.915156,MH-001,0,0.09370140731334686,0
A,MH-001,MH-001_21.178906_78.915426,MH-001,0,0.05823089927434921,0
A,MH-001,MH-001_21.178906_78.917043,MH-001,0,0.04812498390674591,0
A,MH-001,MH-001_21.178906_78.917312,MH-001,0,0.05134708806872368,0
A,MH-001,MH-001_21.178906_78.917582,MH-001,0,0.05258101597428322,0
A,MH-001,MH-001_21.178906_78.91866,MH-001,0,0.049484893679618835,0
A,MH-001,MH-001_21.178906_78.920546,MH-001,1,0.3513137400150299,0
A,MH-001,MH-001_21.178906_78.920816,MH-001,1,0.3480699956417084,0
A,MH-001,MH-001_21.178906_78.921085,MH-001,1,0.2641430199146271,0
A,MH-001,MH-001_21.178906_78.921355,MH-001,1,0.35934415459632874,0
A,MH-001,MH-001_21.178906_78.921624,MH-001,1,0.34450191259384155,0
A,MH-001,MH-001_21.178906_78.921894,MH-001,1,0.4905747175216675,0
A,MH-001,MH-001_21.178906_78.922163,MH-001,1,0.5437304377555847,1
A,MH-001,MH-001_21.178906_78.922433,MH-001,1,0.6763679385185242,1
A,MH-001,MH-001_21.178906_78.922702,MH-001,1,0.4266817569732666,0
A,MH-001,MH-001_21.178906_78.923241,MH-001,1,0.19555982947349548,0
A,MH-001,MH-001_21.178906_78.92351,MH-001,1,0.18407820165157318,0
A,MH-001,MH-001_21.178906_78.924049,MH-001,1,0.2045522928237915,0
A,MH-001,MH-001_21.178906_78.924319,MH-001,0,0.4495745599269867,0
A,MH-001,MH-001_21.178906_78.924858,MH-001,1,0.437334805727005,0
A,MH-001,MH-001_21.178906_78.925397,MH-001,1,0.39192619919776917,0
A,MH-001,MH-001_21.178906_78.925666,MH-001,1,0.5176540613174438,1
A,MH-001,MH-001_21.178906_78.925936,MH-001,0,0.5965420007705688,1
A,MH-001,MH-001_21.178906_78.926205,MH-001,1,0.6986789703369141,1
A,MH-001,MH-001_21.178906_78.926475,MH-001,1,0.6014012694358826,1
A,MH-001,MH-001_21.178636_78.914617,MH-001,0,0.08456289768218994,0
A,MH-001,MH-001_21.178636_78.914887,MH-001,0,0.07981443405151367,0
A,MH-001,MH-001_21.178636_78.915156,MH-001,0,0.07244093716144562,0
A,MH-001,MH-001_21.178636_78.916504,MH-001,0,0.035023462027311325,0
A,MH-001,MH-001_21.178636_78.916773,MH-001,0,0.03296615928411484,0
A,MH-001,MH-001_21.178636_78.917043,MH-001,0,0.04567953944206238,0
A,MH-001,MH-001_21.178636_78.917312,MH-001,0,0.04284137114882469,0
A,MH-001,MH-001_21.178636_78.917582,MH-001,0,0.046421412378549576,0
A,MH-001,MH-001_21.178636_78.917851,MH-001,0,0.039996154606342316,0
A,MH-001,MH-001_21.178636_78.918121,MH-001,0,0.04195382446050644,0
A,MH-001,MH-001_21.178636_78.921355,MH-001,1,0.2313365936279297,0
A,MH-001,MH-001_21.178636_78.921624,MH-001,0,0.2870798707008362,0
A,MH-001,MH-001_21.178636_78.921894,MH-001,1,0.454881489276886,0
A,MH-001,MH-001_21.178636_78.922163,MH-001,1,0.5651247501373291,1
A,MH-001,MH-001_21.178636_78.922433,MH-001,1,0.7290382385253906,1
A,MH-001,MH-001_21.178636_78.922702,MH-001,0,0.6711490750312805,1
A,MH-001,MH-001_21.178636_78.923241,MH-001,1,0.4558699131011963,0
A,MH-001,MH-001_21.178636_78.92351,MH-001,1,0.36845824122428894,0
A,MH-001,MH-001_21.178636_78.924049,MH-001,1,0.23482105135917664,0
A,MH-001,MH-001_21.178636_78.924319,MH-001,0,0.2674776315689087,0
A,MH-001,MH-001_21.178636_78.924588,MH-001,0,0.3571891784667969,0
A,MH-001,MH-001_21.178636_78.924858,MH-001,1,0.3233248293399811,0
A,MH-001,MH-001_21.178636_78.925127,MH-001,1,0.34211206436157227,0
A,MH-001,MH-001_21.178636_78.925666,MH-001,1,0.2961016893386841,0
A,MH-001,MH-001_21.178367_78.914887,MH-001,0,0.09823795408010483,0
A,MH-001,MH-001_21.178367_78.915156,MH-001,0,0.09316568076610565,0
A,MH-001,MH-001_21.178367_78.915695,MH-001,0,0.0458635613322258,0
A,MH-001,MH-001_21.178367_78.916773,MH-001,0,0.03767973929643631,0
A,MH-001,MH-001_21.178367_78.917043,MH-001,0,0.05901582911610603,0
A,MH-001,MH-001_21.178367_78.917312,MH-001,0,0.05307132378220558,0
A,MH-001,MH-001_21.178367_78.917582,MH-001,0,0.050358157604932785,0
A,MH-001,MH-001_21.178367_78.917851,MH-001,0,0.05012192949652672,0
A,MH-001,MH-001_21.178367_78.920277,MH-001,0,0.14762282371520996,0
A,MH-001,MH-001_21.178367_78.921355,MH-001,1,0.15567222237586975,0
A,MH-001,MH-001_21.178367_78.921624,MH-001,1,0.20343832671642303,0
A,MH-001,MH-001_21.178367_78.921894,MH-001,1,0.4833325743675232,0
A,MH-001,MH-001_21.178367_78.922163,MH-001,1,0.6634973287582397,1
A,MH-001,MH-001_21.178367_78.922433,MH-001,0,0.7983754277229309,1
A,MH-001,MH-001_21.178367_78.922702,MH-001,0,0.7680302262306213,1
A,MH-001,MH-001_21.178367_78.92351,MH-001,0,0.49669358134269714,0
A,MH-001,MH-001_21.178367_78.92378,MH-001,0,0.4222677946090698,0
A,MH-001,MH-001_21.178367_78.924049,MH-001,0,0.4278278052806854,0
A,MH-001,MH-001_21.178367_78.924319,MH-001,0,0.4110543429851532,0
A,MH-001,MH-001_21.178367_78.924858,MH-001,0,0.3331865072250366,0
A,MH-001,MH-001_21.178367_78.926475,MH-001,1,0.34276169538497925,0
A,MH-001,MH-001_21.178097_78.914617,MH-001,0,0.1031794548034668,0
A,MH-001,MH-001_21.178097_78.914887,MH-001,0,0.06947352737188339,0
A,MH-001,MH-001_21.178097_78.915426,MH-001,0,0.030511051416397095,0
A,MH-001,MH-001_21.178097_78.915695,MH-001,0,0.03459471836686134,0
A,MH-001,MH-001_21.178097_78.916773,MH-001,0,0.052128084003925323,0
A,MH-001,MH-001_21.178097_78.917312,MH-001,0,0.08143988996744156,0
A,MH-001,MH-001_21.178097_78.917582,MH-001,0,0.07621648162603378,0
A,MH-001,MH-001_21.178097_78.917851,MH-001,0,0.06844032555818558,0
A,MH-001,MH-001_21.178097_78.918121,MH-001,0,0.054722849279642105,0
A,MH-001,MH-001_21.178097_78.91839,MH-001,0,0.06458859145641327,0
A,MH-001,MH-001_21.178097_78.920277,MH-001,0,0.07673300802707672,0
A,MH-001,MH-001_21.178097_78.920546,MH-001,0,0.11018487066030502,0
A,MH-001,MH-001_21.178097_78.920816,MH-001,0,0.11076021939516068,0
A,MH-001,MH-001_21.178097_78.921355,MH-001,0,0.14361907541751862,0
A,MH-001,MH-001_21.178097_78.921624,MH-001,0,0.22044654190540314,0
A,MH-001,MH-001_21.178097_78.921894,MH-001,1,0.44490131735801697,0
A,MH-001,MH-001_21.178097_78.922163,MH-001,0,0.6500808596611023,1
A,MH-001,MH-001_21.178097_78.922433,MH-001,0,0.8157632946968079,1
A,MH-001,MH-001_21.178097_78.922702,MH-001,0,0.8356354236602783,1
A,MH-001,MH-001_21.178097_78.922972,MH-001,0,0.784184455871582,1
A,MH-001,MH-001_21.178097_78.92378,MH-001,0,0.6023638844490051,1
A,MH-001,MH-001_21.178097_78.924049,MH-001,0,0.43141883611679077,0
A,MH-001,MH-001_21.178097_78.926475,MH-001,0,0.1709054708480835,0
A,MH-001,MH-001_21.177828_78.914617,MH-001,0,0.11821718513965607,0
A,MH-001,MH-001_21.177828_78.914887,MH-001,0,0.05940639600157738,0
A,MH-001,MH-001_21.177828_78.915156,MH-001,0,0.055913813412189484,0
A,MH-001,MH-001_21.177828_78.915426,MH-001,0,0.02600369229912758,0
A,MH-001,MH-001_21.177828_78.915695,MH-001,0,0.03131948783993721,0
A,MH-001,MH-001_21.177828_78.917851,MH-001,0,0.06925908476114273,0
A,MH-001,MH-001_21.177828_78.918121,MH-001,0,0.06093462184071541,0
A,MH-001,MH-001_21.177828_78.920277,MH-001,0,0.06763342022895813,0
A,MH-001,MH-001_21.177828_78.920546,MH-001,0,0.08575943857431412,0
A,MH-001,MH-001_21.177828_78.921355,MH-001,0,0.07787168025970459,0
A,MH-001,MH-001_21.177828_78.921624,MH-001,0,0.14721792936325073,0
A,MH-001,MH-001_21.177828_78.921894,MH-001,0,0.3885325491428375,0
A,MH-001,MH-001_21.177828_78.922163,MH-001,1,0.6105091571807861,1
A,MH-001,MH-001_21.177828_78.922433,MH-001,1,0.7250917553901672,1
A,MH-001,MH-001_21.177828_78.922702,MH-001,1,0.7753773927688599,1
A,MH-001,MH-001_21.177828_78.922972,MH-001,1,0.7272342443466187,1
A,MH-001,MH-001_21.177828_78.92378,MH-001,1,0.3585453927516937,0
A,MH-001,MH-001_21.177828_78.924049,MH-001,0,0.25938504934310913,0
A,MH-001,MH-001_21.177828_78.924588,MH-001,0,0.22212712466716766,0
A,MH-001,MH-001_21.177828_78.924858,MH-001,0,0.2976057827472687,0
A,MH-001,MH-001_21.177828_78.925127,MH-001,1,0.2016247659921646,0
A,MH-001,MH-001_21.177828_78.926475,MH-001,1,0.17188867926597595,0
A,MH-001,MH-001_21.177558_78.914617,MH-001,0,0.13282763957977295,0
A,MH-001,MH-001_21.177558_78.915156,MH-001,0,0.06785940378904343,0
A,MH-001,MH-001_21.177558_78.915426,MH-001,0,0.029996279627084732,0
A,MH-001,MH-001_21.177558_78.915695,MH-001,0,0.04718602076172829,0
A,MH-001,MH-001_21.177558_78.915965,MH-001,0,0.03596549481153488,0
A,MH-001,MH-001_21.177558_78.918121,MH-001,0,0.0975073054432869,0
A,MH-001,MH-001_21.177558_78.91839,MH-001,0,0.12621892988681793,0
A,MH-001,MH-001_21.177558_78.918929,MH-001,0,0.1150657907128334,0
A,MH-001,MH-001_21.177558_78.919199,MH-001,0,0.13127796351909637,0
A,MH-001,MH-001_21.177558_78.919468,MH-001,0,0.10111406445503235,0
A,MH-001,MH-001_21.177558_78.919738,MH-001,0,0.11522772908210754,0
A,MH-001,MH-001_21.177558_78.920546,MH-001,0,0.06818624585866928,0
A,MH-001,MH-001_21.177558_78.921355,MH-001,0,0.03227972984313965,0
A,MH-001,MH-001_21.177558_78.921624,MH-001,0,0.06176431477069855,0
A,MH-001,MH-001_21.177558_78.921894,MH-001,0,0.15469495952129364,0
A,MH-001,MH-001_21.177558_78.922163,MH-001,1,0.33731532096862793,0
A,MH-001,MH-001_21.177558_78.922433,MH-001,1,0.5816331505775452,1
A,MH-001,MH-001_21.177558_78.922702,MH-001,1,0.5751818418502808,1
A,MH-001,MH-001_21.177558_78.922972,MH-001,1,0.6034206748008728,1
A,MH-001,MH-001_21.177558_78.923241,MH-001,1,0.5643438100814819,1
A,MH-001,MH-001_21.177558_78.92351,MH-001,0,0.4754479229450226,0
A,MH-001,MH-001_21.177558_78.924319,MH-001,1,0.12088622897863388,0
A,MH-001,MH-001_21.177558_78.924588,MH-001,0,0.17832894623279572,0
A,MH-001,MH-001_21.177558_78.924858,MH-001,1,0.24212633073329926,0
A,MH-001,MH-001_21.177558_78.925127,MH-001,1,0.27325624227523804,0
A,MH-001,MH-001_21.177558_78.925397,MH-001,0,0.1766466647386551,0
A,MH-001,MH-001_21.177558_78.925666,MH-001,0,0.1515653133392334,0
A,MH-001,MH-001_21.177289_78.914887,MH-001,0,0.07095269858837128,0
A,MH-001,MH-001_21.177289_78.915156,MH-001,0,0.06639765948057175,0
A,MH-001,MH-001_21.177289_78.915426,MH-001,0,0.027343522757291794,0
A,MH-001,MH-001_21.177289_78.916773,MH-001,0,0.053984563797712326,0
A,MH-001,MH-001_21.177289_78.917851,MH-001,0,0.12531642615795135,0
A,MH-001,MH-001_21.177289_78.918121,MH-001,0,0.0838373601436615,0
A,MH-001,MH-001_21.177289_78.91839,MH-001,1,0.12462795525789261,0
A,MH-001,MH-001_21.177289_78.919199,MH-001,0,0.14169692993164062,0
A,MH-001,MH-001_21.177289_78.919468,MH-001,0,0.11399022489786148,0
A,MH-001,MH-001_21.177289_78.919738,MH-001,0,0.09515504539012909,0
A,MH-001,MH-001_21.177289_78.920007,MH-001,0,0.08029069751501083,0
A,MH-001,MH-001_21.177289_78.921355,MH-001,0,0.031178422272205353,0
A,MH-001,MH-001_21.177289_78.921624,MH-001,0,0.049189865589141846,0
A,MH-001,MH-001_21.177289_78.921894,MH-001,0,0.16459402441978455,0
A,MH-001,MH-001_21.177289_78.922163,MH-001,0,0.2858552932739258,0
A,MH-001,MH-001_21.177289_78.922433,MH-001,0,0.3860897123813629,0
A,MH-001,MH-001_21.177289_78.922702,MH-001,0,0.5323493480682373,1
A,MH-001,MH-001_21.177289_78.922972,MH-001,1,0.4651205837726593,0
A,MH-001,MH-001_21.177289_78.923241,MH-001,0,0.4658084809780121,0
A,MH-001,MH-001_21.177289_78.92351,MH-001,0,0.3763316571712494,0
A,MH-001,MH-001_21.177289_78.92378,MH-001,0,0.19149889051914215,0
A,MH-001,MH-001_21.177289_78.924049,MH-001,0,0.1371774524450302,0
A,MH-001,MH-001_21.177289_78.924319,MH-001,0,0.11071451008319855,0
A,MH-001,MH-001_21.177289_78.924588,MH-001,0,0.19032317399978638,0
A,MH-001,MH-001_21.177289_78.924858,MH-001,1,0.24984589219093323,0
A,MH-001,MH-001_21.177289_78.925397,MH-001,0,0.158049538731575,0
A,MH-001,MH-001_21.177019_78.914617,MH-001,0,0.1221001148223877,0
A,MH-001,MH-001_21.177019_78.914887,MH-001,0,0.08481613546609879,0
A,MH-001,MH-001_21.177019_78.915156,MH-001,0,0.06872747838497162,0
A,MH-001,MH-001_21.177019_78.915426,MH-001,0,0.03295031562447548,0
A,MH-001,MH-001_21.177019_78.915695,MH-001,1,0.02590574137866497,0
A,MH-001,MH-001_21.177019_78.917851,MH-001,0,0.1177806556224823,0
A,MH-001,MH-001_21.177019_78.918121,MH-001,0,0.11753955483436584,0
A,MH-001,MH-001_21.177019_78.919199,MH-001,0,0.22468817234039307,0
A,MH-001,MH-001_21.177019_78.919468,MH-001,0,0.19227619469165802,0
A,MH-001,MH-001_21.177019_78.919738,MH-001,0,0.1992565393447876,0
A,MH-001,MH-001_21.177019_78.920007,MH-001,0,0.1799059808254242,0
A,MH-001,MH-001_21.177019_78.921355,MH-001,0,0.042527589946985245,0
A,MH-001,MH-001_21.177019_78.921624,MH-001,0,0.057284340262413025,0
A,MH-001,MH-001_21.177019_78.921894,MH-001,0,0.1394064873456955,0
A,MH-001,MH-001_21.177019_78.922163,MH-001,0,0.23990100622177124,0
A,MH-001,MH-001_21.177019_78.922433,MH-001,0,0.3756197988986969,0
A,MH-001,MH-001_21.177019_78.922702,MH-001,0,0.4664696753025055,0
A,MH-001,MH-001_21.177019_78.922972,MH-001,0,0.4742678999900818,0
A,MH-001,MH-001_21.177019_78.923241,MH-001,0,0.460382342338562,0
A,MH-001,MH-001_21.177019_78.92351,MH-001,1,0.3906668722629547,0
A,MH-001,MH-001_21.177019_78.92378,MH-001,1,0.16720598936080933,0
A,MH-001,MH-001_21.177019_78.924049,MH-001,0,0.11987460404634476,0
A,MH-001,MH-001_21.177019_78.924319,MH-001,0,0.0659281313419342,0
A,MH-001,MH-001_21.177019_78.924588,MH-001,0,0.12284195423126221,0
A,MH-001,MH-001_21.177019_78.925127,MH-001,1,0.11277388781309128,0
A,MH-001,MH-001_21.177019_78.925397,MH-001,0,0.1003032997250557,0
A,MH-001,MH-001_21.17675_78.914887,MH-001,0,0.08288876712322235,0
A,MH-001,MH-001_21.17675_78.915156,MH-001,0,0.06606139987707138,0
A,MH-001,MH-001_21.17675_78.915426,MH-001,0,0.02749515511095524,0
A,MH-001,MH-001_21.17675_78.915695,MH-001,0,0.02519724704325199,0
A,MH-001,MH-001_21.17675_78.915965,MH-001,0,0.021202875301241875,0
A,MH-001,MH-001_21.17675_78.916234,MH-001,0,0.023420052602887154,0
A,MH-001,MH-001_21.17675_78.916504,MH-001,0,0.01710727997124195,0
A,MH-001,MH-001_21.17675_78.917043,MH-001,0,0.03216390311717987,0
A,MH-001,MH-001_21.17675_78.917582,MH-001,0,0.04628615453839302,0
A,MH-001,MH-001_21.17675_78.917851,MH-001,0,0.09391593933105469,0
A,MH-001,MH-001_21.17675_78.918121,MH-001,0,0.0892333835363388,0
A,MH-001,MH-001_21.17675_78.91839,MH-001,0,0.11313924938440323,0
A,MH-001,MH-001_21.17675_78.919738,MH-001,0,0.2416723072528839,0
A,MH-001,MH-001_21.17675_78.920007,MH-001,0,0.2309700846672058,0
A,MH-001,MH-001_21.17675_78.921894,MH-001,0,0.2692783772945404,0
A,MH-001,MH-001_21.17675_78.922702,MH-001,0,0.6648289561271667,1
A,MH-001,MH-001_21.17675_78.922972,MH-001,1,0.5785251259803772,1
A,MH-001,MH-001_21.17675_78.924319,MH-001,0,0.11155840009450912,0
A,MH-001,MH-001_21.17675_78.924858,MH-001,0,0.2086414247751236,0
A,MH-001,MH-001_21.17675_78.925127,MH-001,0,0.21126610040664673,0
A,MH-001,MH-001_21.17675_78.925397,MH-001,0,0.15035147964954376,0
A,MH-001,MH-001_21.17675_78.926205,MH-001,0,0.15888354182243347,0
A,MH-001,MH-001_21.17648_78.914887,MH-001,0,0.1377328336238861,0
A,MH-001,MH-001_21.17648_78.915156,MH-001,0,0.07852726429700851,0
A,MH-001,MH-001_21.17648_78.915426,MH-001,0,0.054117124527692795,0
A,MH-001,MH-001_21.17648_78.915695,MH-001,0,0.044965293258428574,0
A,MH-001,MH-001_21.17648_78.915965,MH-001,0,0.04001932218670845,0
A,MH-001,MH-001_21.17648_78.916234,MH-001,0,0.02728240005671978,0
A,MH-001,MH-001_21.17648_78.916504,MH-001,0,0.023296605795621872,0
A,MH-001,MH-001_21.17648_78.917043,MH-001,0,0.03196049481630325,0
A,MH-001,MH-001_21.17648_78.917582,MH-001,0,0.05915137752890587,0
A,MH-001,MH-001_21.17648_78.917851,MH-001,0,0.0836113765835762,0
A,MH-001,MH-001_21.17648_78.918121,MH-001,0,0.0973261147737503,0
A,MH-001,MH-001_21.17648_78.919468,MH-001,0,0.21108892560005188,0
A,MH-001,MH-001_21.17648_78.923241,MH-001,1,0.6979355812072754,1
A,MH-001,MH-001_21.17648_78.92378,MH-001,1,0.2927126884460449,0
A,MH-001,MH-001_21.17648_78.924049,MH-001,0,0.24728238582611084,0
A,MH-001,MH-001_21.17648_78.924319,MH-001,0,0.1343587040901184,0
A,MH-001,MH-001_21.17648_78.924588,MH-001,0,0.1558682769536972,0
A,MH-001,MH-001_21.17648_78.926205,MH-001,0,0.1316831111907959,0
A,MH-001,MH-001_21.176211_78.915156,MH-001,0,0.12411514669656754,0
A,MH-001,MH-001_21.176211_78.915426,MH-001,0,0.06937772780656815,0
A,MH-001,MH-001_21.176211_78.915695,MH-001,0,0.056074801832437515,0
A,MH-001,MH-001_21.176211_78.915965,MH-001,0,0.04534964635968208,0
A,MH-001,MH-001_21.176211_78.916234,MH-001,0,0.02734319306910038,0
A,MH-001,MH-001_21.176211_78.916504,MH-001,0,0.017953181639313698,0
A,MH-001,MH-001_21.176211_78.917312,MH-001,0,0.029870709404349327,0
A,MH-001,MH-001_21.176211_78.917851,MH-001,0,0.06425973027944565,0
A,MH-001,MH-001_21.176211_78.918121,MH-001,0,0.07106589525938034,0
A,MH-001,MH-001_21.176211_78.921085,MH-001,0,0.21827952563762665,0
A,MH-001,MH-001_21.176211_78.921355,MH-001,0,0.2997983396053314,0
A,MH-001,MH-001_21.176211_78.922433,MH-001,0,0.8120333552360535,1
A,MH-001,MH-001_21.176211_78.922972,MH-001,1,0.672841489315033,1
A,MH-001,MH-001_21.176211_78.92351,MH-001,1,0.4688202440738678,0
A,MH-001,MH-001_21.176211_78.92378,MH-001,1,0.25415143370628357,0
A,MH-001,MH-001_21.176211_78.924049,MH-001,1,0.15839435160160065,0
A,MH-001,MH-001_21.176211_78.924319,MH-001,0,0.11131439357995987,0
A,MH-001,MH-001_21.176211_78.924588,MH-001,0,0.09235058724880219,0
A,MH-001,MH-001_21.176211_78.924858,MH-001,0,0.1273515522480011,0
A,MH-001,MH-001_21.176211_78.925397,MH-001,0,0.13028155267238617,0
A,MH-001,MH-001_21.176211_78.925936,MH-001,0,0.18455347418785095,0
A,MH-001,MH-001_21.175941_78.915426,MH-001,0,0.1561826765537262,0
A,MH-001,MH-001_21.175941_78.915695,MH-001,0,0.12892277538776398,0
A,MH-001,MH-001_21.175941_78.915965,MH-001,0,0.09869426488876343,0
A,MH-001,MH-001_21.175941_78.916234,MH-001,0,0.050552137196063995,0
A,MH-001,MH-001_21.175941_78.916504,MH-001,0,0.03478650748729706,0
A,MH-001,MH-001_21.175941_78.917312,MH-001,0,0.026579266414046288,0
A,MH-001,MH-001_21.175941_78.918121,MH-001,0,0.04951911047101021,0
A,MH-001,MH-001_21.175941_78.91839,MH-001,0,0.04788656905293465,0
A,MH-001,MH-001_21.175941_78.91866,MH-001,0,0.04708622023463249,0
A,MH-001,MH-001_21.175941_78.919468,MH-001,0,0.08117958158254623,0
A,MH-001,MH-001_21.175941_78.919738,MH-001,0,0.1170133724808693,0
A,MH-001,MH-001_21.175941_78.923241,MH-001,1,0.6424515247344971,1
A,MH-001,MH-001_21.175941_78.92351,MH-001,1,0.4097824692726135,0
A,MH-001,MH-001_21.175941_78.92378,MH-001,1,0.17390076816082,0
A,MH-001,MH-001_21.175941_78.924049,MH-001,0,0.10513582080602646,0
A,MH-001,MH-001_21.175941_78.924319,MH-001,0,0.073214091360569,0
A,MH-001,MH-001_21.175941_78.924588,MH-001,0,0.07369672507047653,0
A,MH-001,MH-001_21.175941_78.924858,MH-001,0,0.11431155353784561,0
A,MH-001,MH-001_21.175941_78.925397,MH-001,0,0.15609842538833618,0
A,MH-001,MH-001_21.175941_78.925936,MH-001,0,0.11765354126691818,0
A,MH-001,MH-001_21.175941_78.926205,MH-001,0,0.11143254488706589,0
A,MH-001,MH-001_21.175672_78.916234,MH-001,1,0.062449220567941666,0
A,MH-001,MH-001_21.175672_78.916504,MH-001,1,0.04429144412279129,0
A,MH-001,MH-001_21.175672_78.916773,MH-001,1,0.029826611280441284,0
A,MH-001,MH-001_21.175672_78.917312,MH-001,1,0.022981684654951096,0
A,MH-001,MH-001_21.175672_78.918121,MH-001,0,0.02888299524784088,0
A,MH-001,MH-001_21.175672_78.91839,MH-001,0,0.036989085376262665,0
A,MH-001,MH-001_21.175672_78.91866,MH-001,0,0.03421083837747574,0
A,MH-001,MH-001_21.175672_78.919199,MH-001,0,0.05200288072228432,0
A,MH-001,MH-001_21.175672_78.919468,MH-001,0,0.05443521589040756,0
A,MH-001,MH-001_21.175672_78.919738,MH-001,0,0.055250540375709534,0
A,MH-001,MH-001_21.175672_78.920007,MH-001,1,0.05111338198184967,0
A,MH-001,MH-001_21.175672_78.920277,MH-001,0,0.04931601136922836,0
A,MH-001,MH-001_21.175672_78.920816,MH-001,0,0.047809191048145294,0
A,MH-001,MH-001_21.175672_78.921085,MH-001,0,0.061754945665597916,0
A,MH-001,MH-001_21.175672_78.921355,MH-001,0,0.21374206244945526,0
A,MH-001,MH-001_21.175672_78.923241,MH-001,1,0.4859626293182373,0
A,MH-001,MH-001_21.175672_78.92351,MH-001,1,0.22934094071388245,0
A,MH-001,MH-001_21.175672_78.92378,MH-001,1,0.08718476444482803,0
A,MH-001,MH-001_21.175672_78.924049,MH-001,0,0.05266140028834343,0
A,MH-001,MH-001_21.175672_78.924319,MH-001,0,0.05084647610783577,0
A,MH-001,MH-001_21.175672_78.924588,MH-001,0,0.04299287125468254,0
A,MH-001,MH-001_21.175672_78.924858,MH-001,0,0.09855390340089798,0
A,MH-001,MH-001_21.175672_78.925397,MH-001,0,0.16949203610420227,0
A,MH-001,MH-001_21.175672_78.925666,MH-001,0,0.14010891318321228,0
A,MH-001,MH-001_21.175672_78.926475,MH-001,0,0.08051862567663193,0
A,MH-001,MH-001_21.175402_78.915426,MH-001,0,0.20346662402153015,0
A,MH-001,MH-001_21.175402_78.915695,MH-001,0,0.17375051975250244,0
A,MH-001,MH-001_21.175402_78.916504,MH-001,1,0.03144761174917221,0
A,MH-001,MH-001_21.175402_78.916773,MH-001,1,0.027659699320793152,0
A,MH-001,MH-001_21.175402_78.917312,MH-001,1,0.022016333416104317,0
A,MH-001,MH-001_21.175402_78.918121,MH-001,0,0.020463082939386368,0
A,MH-001,MH-001_21.175402_78.91839,MH-001,0,0.020679984241724014,0
A,MH-001,MH-001_21.175402_78.91866,MH-001,0,0.023525752127170563,0
A,MH-001,MH-001_21.175402_78.918929,MH-001,0,0.037503328174352646,0
A,MH-001,MH-001_21.175402_78.919199,MH-001,0,0.028822435066103935,0
A,MH-001,MH-001_21.175402_78.919468,MH-001,0,0.04351869225502014,0
A,MH-001,MH-001_21.175402_78.919738,MH-001,0,0.039660174399614334,0
A,MH-001,MH-001_21.175402_78.920007,MH-001,0,0.03817906230688095,0
A,MH-001,MH-001_21.175402_78.920277,MH-001,0,0.04950382560491562,0
A,MH-001,MH-001_21.175402_78.920546,MH-001,0,0.05079590529203415,0
A,MH-001,MH-001_21.175402_78.921085,MH-001,0,0.053594622761011124,0
A,MH-001,MH-001_21.175402_78.921355,MH-001,0,0.07866553217172623,0
A,MH-001,MH-001_21.175402_78.921624,MH-001,0,0.17532218992710114,0
A,MH-001,MH-001_21.175402_78.922163,MH-001,0,0.5675734281539917,1
A,MH-001,MH-001_21.175402_78.92351,MH-001,1,0.12474363297224045,0
A,MH-001,MH-001_21.175402_78.92378,MH-001,0,0.07510942965745926,0
A,MH-001,MH-001_21.175402_78.924049,MH-001,0,0.05629252642393112,0
A,MH-001,MH-001_21.175402_78.925127,MH-001,0,0.11116262525320053,0
A,MH-001,MH-001_21.175402_78.925397,MH-001,0,0.14633449912071228,0
A,MH-001,MH-001_21.175402_78.925666,MH-001,0,0.08620685338973999,0
A,MH-001,MH-001_21.175133_78.916234,MH-001,1,0.027509931474924088,0
A,MH-001,MH-001_21.175133_78.916773,MH-001,1,0.02163774147629738,0
A,MH-001,MH-001_21.175133_78.917851,MH-001,0,0.013307986781001091,0
A,MH-001,MH-001_21.175133_78.918121,MH-001,0,0.015277152881026268,0
A,MH-001,MH-001_21.175133_78.91839,MH-001,0,0.018745077773928642,0
A,MH-001,MH-001_21.175133_78.919738,MH-001,0,0.02182779833674431,0
A,MH-001,MH-001_21.175133_78.920007,MH-001,0,0.023527061566710472,0
A,MH-001,MH-001_21.175133_78.920277,MH-001,0,0.019563909620046616,0
A,MH-001,MH-001_21.175133_78.921355,MH-001,0,0.024249061942100525,0
A,MH-001,MH-001_21.175133_78.923241,MH-001,0,0.1056094691157341,0
A,MH-001,MH-001_21.175133_78.92378,MH-001,0,0.05240331217646599,0
A,MH-001,MH-001_21.175133_78.924588,MH-001,0,0.036509741097688675,0
A,MH-001,MH-001_21.175133_78.924858,MH-001,0,0.07994940876960754,0
A,MH-001,MH-001_21.175133_78.925127,MH-001,0,0.0595158115029335,0
A,MH-001,MH-001_21.175133_78.925666,MH-001,0,0.04190026968717575,0
A,MH-001,MH-001_21.175133_78.925936,MH-001,0,0.026879891753196716,0
A,MH-001,MH-001_21.175133_78.926205,MH-001,0,0.019805725663900375,0
A,MH-001,MH-001_21.174863_78.916504,MH-001,1,0.01619839482009411,0
A,MH-001,MH-001_21.174863_78.916773,MH-001,0,0.01734164170920849,0
A,MH-001,MH-001_21.174863_78.917043,MH-001,1,0.01871953345835209,0
A,MH-001,MH-001_21.174863_78.917312,MH-001,1,0.018829526379704475,0
A,MH-001,MH-001_21.174863_78.917582,MH-001,0,0.017089329659938812,0
A,MH-001,MH-001_21.174863_78.917851,MH-001,0,0.014322246424853802,0
A,MH-001,MH-001_21.174863_78.918121,MH-001,0,0.016880739480257034,0
A,MH-001,MH-001_21.174863_78.921085,MH-001,0,0.030945831909775734,0
A,MH-001,MH-001_21.174863_78.921355,MH-001,0,0.03131904825568199,0
A,MH-001,MH-001_21.174863_78.921624,MH-001,0,0.035356778651475906,0
A,MH-001,MH-001_21.174863_78.921894,MH-001,0,0.059909891337156296,0
A,MH-001,MH-001_21.174863_78.92378,MH-001,0,0.03539205342531204,0
A,MH-001,MH-001_21.174863_78.924049,MH-001,0,0.029792824760079384,0
A,MH-001,MH-001_21.174863_78.925666,MH-001,0,0.034806184470653534,0
A,MH-001,MH-001_21.174594_78.916234,MH-001,0,0.011937959119677544,0
A,MH-001,MH-001_21.174594_78.916504,MH-001,1,0.012036665342748165,0
A,MH-001,MH-001_21.174594_78.917312,MH-001,0,0.015482032671570778,0
A,MH-001,MH-001_21.174594_78.917582,MH-001,0,0.013947524130344391,0
A,MH-001,MH-001_21.174594_78.917851,MH-001,0,0.01495785266160965,0
A,MH-001,MH-001_21.174594_78.91866,MH-001,0,0.018599819391965866,0
A,MH-001,MH-001_21.174594_78.920277,MH-001,0,0.026079347357153893,0
A,MH-001,MH-001_21.174594_78.920546,MH-001,0,0.027169829234480858,0
A,MH-001,MH-001_21.174594_78.920816,MH-001,1,0.022357696667313576,0
A,MH-001,MH-001_21.174594_78.921085,MH-001,0,0.020403865724802017,0
A,MH-001,MH-001_21.174594_78.921355,MH-001,0,0.017625587061047554,0
A,MH-001,MH-001_21.174594_78.921624,MH-001,0,0.01975923217833042,0
A,MH-001,MH-001_21.174594_78.921894,MH-001,0,0.03055054321885109,0
A,MH-001,MH-001_21.174594_78.922163,MH-001,0,0.02940497174859047,0
A,MH-001,MH-001_21.174594_78.922433,MH-001,0,0.030883630737662315,0
A,MH-001,MH-001_21.174594_78.923241,MH-001,0,0.026998156681656837,0
A,MH-001,MH-001_21.174594_78.92351,MH-001,0,0.034534987062215805,0
A,MH-001,MH-001_21.174594_78.925397,MH-001,0,0.035187073051929474,0
A,MH-001,MH-001_21.174594_78.925666,MH-001,0,0.02816571295261383,0
A,MH-001,MH-001_21.174594_78.925936,MH-001,0,0.018803371116518974,0
A,MH-001,MH-001_21.174594_78.926205,MH-001,0,0.016934819519519806,0
A,MH-001,MH-001_21.174594_78.926475,MH-001,0,0.02050023339688778,0
A,MH-001,MH-001_21.174324_78.917043,MH-001,0,0.008875381201505661,0
A,MH-001,MH-001_21.174324_78.917312,MH-001,0,0.012539594434201717,0
A,MH-001,MH-001_21.174324_78.917582,MH-001,0,0.014066814444959164,0
A,MH-001,MH-001_21.174324_78.917851,MH-001,0,0.016277819871902466,0
A,MH-001,MH-001_21.174324_78.918121,MH-001,0,0.018857093527913094,0
A,MH-001,MH-001_21.174324_78.91839,MH-001,0,0.020460667088627815,0
A,MH-001,MH-001_21.174324_78.918929,MH-001,0,0.027468951418995857,0
A,MH-001,MH-001_21.174324_78.919738,MH-001,0,0.029042895883321762,0
A,MH-001,MH-001_21.174324_78.920007,MH-001,0,0.028079532086849213,0
A,MH-001,MH-001_21.174324_78.920277,MH-001,0,0.029063040390610695,0
A,MH-001,MH-001_21.174324_78.920546,MH-001,1,0.0348711758852005,0
A,MH-001,MH-001_21.174324_78.920816,MH-001,1,0.03582252934575081,0
A,MH-001,MH-001_21.174324_78.921085,MH-001,1,0.03472589701414108,0
A,MH-001,MH-001_21.174324_78.921355,MH-001,1,0.02533426694571972,0
A,MH-001,MH-001_21.174324_78.921624,MH-001,1,0.023263389244675636,0
A,MH-001,MH-001_21.174324_78.921894,MH-001,0,0.018401624634861946,0
A,MH-001,MH-001_21.174324_78.922163,MH-001,0,0.01991231180727482,0
A,MH-001,MH-001_21.174324_78.922433,MH-001,0,0.015249652788043022,0
A,MH-001,MH-001_21.174324_78.922702,MH-001,0,0.01842770166695118,0
A,MH-001,MH-001_21.174324_78.922972,MH-001,0,0.013271595351397991,0
A,MH-001,MH-001_21.174324_78.924588,MH-001,0,0.03513829782605171,0
A,MH-001,MH-001_21.174324_78.924858,MH-001,0,0.033606674522161484,0
A,MH-001,MH-001_21.174324_78.925127,MH-001,0,0.028893163427710533,0
A,MH-001,MH-001_21.174324_78.925397,MH-001,0,0.023702796548604965,0
A,MH-001,MH-001_21.174324_78.925666,MH-001,0,0.01985868252813816,0
A,MH-001,MH-001_21.174324_78.925936,MH-001,0,0.016154820099473,0
A,MH-001,MH-001_21.174324_78.926205,MH-001,0,0.018697723746299744,0
A,MH-001,MH-001_21.174324_78.926475,MH-001,0,0.02639399841427803,0
A,MH-001,MH-001_21.174055_78.917312,MH-001,1,0.011439780704677105,0
A,MH-001,MH-001_21.174055_78.917851,MH-001,0,0.013754785992205143,0
A,MH-001,MH-001_21.174055_78.918121,MH-001,0,0.019032761454582214,0
A,MH-001,MH-001_21.174055_78.91839,MH-001,0,0.021441828459501266,0
A,MH-001,MH-001_21.174055_78.919738,MH-001,0,0.01868194155395031,0
A,MH-001,MH-001_21.174055_78.920007,MH-001,0,0.01620785892009735,0
A,MH-001,MH-001_21.174055_78.920277,MH-001,0,0.01851470209658146,0
A,MH-001,MH-001_21.174055_78.920546,MH-001,0,0.024481499567627907,0
A,MH-001,MH-001_21.174055_78.920816,MH-001,0,0.029700003564357758,0
A,MH-001,MH-001_21.174055_78.921085,MH-001,0,0.025888418778777122,0
A,MH-001,MH-001_21.174055_78.921355,MH-001,0,0.019090697169303894,0
A,MH-001,MH-001_21.174055_78.921624,MH-001,0,0.017165925353765488,0
A,MH-001,MH-001_21.174055_78.921894,MH-001,0,0.015494144521653652,0
A,MH-001,MH-001_21.174055_78.922163,MH-001,0,0.01181128341704607,0
A,MH-001,MH-001_21.174055_78.922433,MH-001,0,0.009711608290672302,0
A,MH-001,MH-001_21.174055_78.922702,MH-001,0,0.010063872672617435,0
A,MH-001,MH-001_21.174055_78.922972,MH-001,0,0.010169359855353832,0
A,MH-001,MH-001_21.174055_78.924049,MH-001,0,0.016931382939219475,0
A,MH-001,MH-001_21.174055_78.924319,MH-001,0,0.020134832710027695,0
A,MH-001,MH-001_21.174055_78.924588,MH-001,0,0.021153658628463745,0
A,MH-001,MH-001_21.174055_78.924858,MH-001,0,0.025975635275244713,0
A,MH-001,MH-001_21.174055_78.925127,MH-001,0,0.02648579515516758,0
A,MH-001,MH-001_21.174055_78.925397,MH-001,0,0.02355576865375042,0
A,MH-001,MH-001_21.174055_78.925666,MH-001,0,0.023039737716317177,0
A,MH-001,MH-001_21.174055_78.925936,MH-001,0,0.02085554413497448,0
A,MH-001,MH-001_21.174055_78.926205,MH-001,0,0.02584240399301052,0
A,MH-001,MH-001_21.174055_78.926475,MH-001,0,0.04918409883975983,0
A,MH-001,MH-001_21.173785_78.917582,MH-001,0,0.013505465351045132,0
A,MH-001,MH-001_21.173785_78.917851,MH-001,0,0.016363168135285378,0
A,MH-001,MH-001_21.173785_78.918121,MH-001,0,0.01858699880540371,0
A,MH-001,MH-001_21.173785_78.920546,MH-001,0,0.028919797390699387,0
A,MH-001,MH-001_21.173785_78.921085,MH-001,0,0.0316958874464035,0
A,MH-001,MH-001_21.173785_78.921355,MH-001,0,0.02357313595712185,0
A,MH-001,MH-001_21.173785_78.921624,MH-001,0,0.018415946513414383,0
A,MH-001,MH-001_21.173785_78.921894,MH-001,0,0.014486932195723057,0
A,MH-001,MH-001_21.173785_78.922163,MH-001,0,0.011955763213336468,0
A,MH-001,MH-001_21.173785_78.922433,MH-001,0,0.009761201217770576,0
A,MH-001,MH-001_21.173785_78.922702,MH-001,0,0.010108215734362602,0
A,MH-001,MH-001_21.173785_78.922972,MH-001,0,0.009641466662287712,0
A,MH-001,MH-001_21.173785_78.923241,MH-001,0,0.012206809595227242,0
A,MH-001,MH-001_21.173785_78.92351,MH-001,0,0.014563720673322678,0
A,MH-001,MH-001_21.173785_78.92378,MH-001,0,0.01697198674082756,0
A,MH-001,MH-001_21.173785_78.924049,MH-001,0,0.020162565633654594,0
A,MH-001,MH-001_21.173785_78.924319,MH-001,0,0.022869382053613663,0
A,MH-001,MH-001_21.173785_78.924588,MH-001,0,0.019282355904579163,0
A,MH-001,MH-001_21.173785_78.924858,MH-001,1,0.01820153370499611,0
A,MH-001,MH-001_21.173785_78.925127,MH-001,0,0.0160488560795784,0
A,MH-001,MH-001_21.173785_78.925397,MH-001,0,0.016926676034927368,0
A,MH-001,MH-001_21.173785_78.925666,MH-001,0,0.017001861706376076,0
A,MH-001,MH-001_21.173785_78.925936,MH-001,0,0.02182622440159321,0
A,MH-001,MH-001_21.173785_78.926205,MH-001,0,0.02810491994023323,0
A,MH-001,MH-001_21.173785_78.926475,MH-001,0,0.059628039598464966,0
B,MH-002,MH-002_19.623383_80.340513,MH-002,0,0.02297906018793583,0
B,MH-002,MH-002_19.623383_80.340783,MH-002,0,0.025790398940443993,0
B,MH-002,MH-002_19.623383_80.341052,MH-002,0,0.023211326450109482,0
B,MH-002,MH-002_19.623383_80.341322,MH-002,0,0.031284671276807785,0
B,MH-002,MH-002_19.623383_80.341591,MH-002,0,0.03351103141903877,0
B,MH-002,MH-002_19.623383_80.34186,MH-002,0,0.036803536117076874,0
B,MH-002,MH-002_19.623383_80.34213,MH-002,0,0.03158118575811386,0
B,MH-002,MH-002_19.623383_80.342399,MH-002,0,0.033111028373241425,0
B,MH-002,MH-002_19.623383_80.342669,MH-002,0,0.033037710934877396,0
B,MH-002,MH-002_19.623383_80.342938,MH-002,0,0.03414501994848251,0
B,MH-002,MH-002_19.623383_80.343208,MH-002,0,0.05000223219394684,0
B,MH-002,MH-002_19.623383_80.343477,MH-002,0,0.05724123492836952,0
B,MH-002,MH-002_19.623383_80.343747,MH-002,0,0.07502727210521698,0
B,MH-002,MH-002_19.623383_80.344016,MH-002,0,0.07630254328250885,0
B,MH-002,MH-002_19.623113_80.340513,MH-002,0,0.019190272316336632,0
B,MH-002,MH-002_19.623113_80.340783,MH-002,0,0.01771976612508297,0
B,MH-002,MH-002_19.623113_80.341052,MH-002,0,0.021432165056467056,0
B,MH-002,MH-002_19.623113_80.341322,MH-002,0,0.02604926936328411,0
B,MH-002,MH-002_19.623113_80.341591,MH-002,0,0.03386896848678589,0
B,MH-002,MH-002_19.623113_80.34186,MH-002,0,0.03788449987769127,0
B,MH-002,MH-002_19.623113_80.34213,MH-002,0,0.034162621945142746,0
B,MH-002,MH-002_19.623113_80.342399,MH-002,0,0.031663328409194946,0
B,MH-002,MH-002_19.623113_80.342669,MH-002,0,0.03166503086686134,0
B,MH-002,MH-002_19.623113_80.342938,MH-002,0,0.03326244652271271,0
B,MH-002,MH-002_19.623113_80.343208,MH-002,0,0.03742276132106781,0
B,MH-002,MH-002_19.623113_80.343477,MH-002,0,0.044872552156448364,0
B,MH-002,MH-002_19.623113_80.343747,MH-002,0,0.05578182265162468,0
B,MH-002,MH-002_19.623113_80.344016,MH-002,0,0.06827104836702347,0
B,MH-002,MH-002_19.623113_80.344286,MH-002,0,0.06949925422668457,0
B,MH-002,MH-002_19.622844_80.340513,MH-002,0,0.013566659763455391,0
B,MH-002,MH-002_19.622844_80.340783,MH-002,0,0.01337937917560339,0
B,MH-002,MH-002_19.622844_80.341052,MH-002,0,0.017628708854317665,0
B,MH-002,MH-002_19.622844_80.341322,MH-002,0,0.02235318161547184,0
B,MH-002,MH-002_19.622844_80.341591,MH-002,0,0.03611882030963898,0
B,MH-002,MH-002_19.622844_80.34186,MH-002,0,0.038383226841688156,0
B,MH-002,MH-002_19.622844_80.34213,MH-002,0,0.03523200377821922,0
B,MH-002,MH-002_19.622844_80.342399,MH-002,1,0.031425196677446365,0
B,MH-002,MH-002_19.622844_80.342669,MH-002,0,0.030656319111585617,0
B,MH-002,MH-002_19.622844_80.342938,MH-002,0,0.030946854501962662,0
B,MH-002,MH-002_19.622844_80.343208,MH-002,0,0.03447758033871651,0
B,MH-002,MH-002_19.622844_80.343477,MH-002,0,0.041583381593227386,0
B,MH-002,MH-002_19.622844_80.343747,MH-002,0,0.05265165865421295,0
B,MH-002,MH-002_19.622844_80.344016,MH-002,0,0.06551976501941681,0
B,MH-002,MH-002_19.622844_80.344286,MH-002,0,0.08703304082155228,0
B,MH-002,MH-002_19.622574_80.340513,MH-002,0,0.01063042227178812,0
B,MH-002,MH-002_19.622574_80.340783,MH-002,0,0.010745164006948471,0
B,MH-002,MH-002_19.622574_80.341052,MH-002,0,0.013368513435125351,0
B,MH-002,MH-002_19.622574_80.341322,MH-002,0,0.01694667525589466,0
B,MH-002,MH-002_19.622574_80.341591,MH-002,0,0.029461950063705444,0
B,MH-002,MH-002_19.622574_80.34186,MH-002,0,0.036278486251831055,0
B,MH-002,MH-002_19.622574_80.34213,MH-002,0,0.03387617692351341,0
B,MH-002,MH-002_19.622574_80.342399,MH-002,0,0.02817225642502308,0
B,MH-002,MH-002_19.622574_80.342669,MH-002,0,0.027699869126081467,0
B,MH-002,MH-002_19.622574_80.342938,MH-002,1,0.026368295773863792,0
B,MH-002,MH-002_19.622574_80.343208,MH-002,0,0.03060305491089821,0
B,MH-002,MH-002_19.622574_80.343477,MH-002,0,0.036247704178094864,0
B,MH-002,MH-002_19.622574_80.343747,MH-002,0,0.04792605713009834,0
B,MH-002,MH-002_19.622574_80.344016,MH-002,0,0.06297232210636139,0
B,MH-002,MH-002_19.622574_80.344286,MH-002,0,0.09070935100317001,0
B,MH-002,MH-002_19.622574_80.344555,MH-002,0,0.1009918823838234,0
B,MH-002,MH-002_19.622305_80.340513,MH-002,1,0.008004841394722462,0
B,MH-002,MH-002_19.622305_80.340783,MH-002,0,0.008448678068816662,0
B,MH-002,MH-002_19.622305_80.341052,MH-002,0,0.012332260608673096,0
B,MH-002,MH-002_19.622305_80.341322,MH-002,0,0.01793612353503704,0
B,MH-002,MH-002_19.622305_80.341591,MH-002,0,0.03579286113381386,0
B,MH-002,MH-002_19.622305_80.34186,MH-002,0,0.04002860188484192,0
B,MH-002,MH-002_19.622305_80.34213,MH-002,0,0.038535043597221375,0
B,MH-002,MH-002_19.622305_80.342399,MH-002,0,0.03443397209048271,0
B,MH-002,MH-002_19.622305_80.342669,MH-002,0,0.030369464308023453,0
B,MH-002,MH-002_19.622305_80.342938,MH-002,0,0.02704385109245777,0
B,MH-002,MH-002_19.622305_80.343208,MH-002,1,0.0307384692132473,0
B,MH-002,MH-002_19.622305_80.343477,MH-002,0,0.03930080682039261,0
B,MH-002,MH-002_19.622305_80.343747,MH-002,0,0.050457634031772614,0
B,MH-002,MH-002_19.622305_80.344016,MH-002,0,0.060090892016887665,0
B,MH-002,MH-002_19.622305_80.344286,MH-002,0,0.09649088233709335,0
B,MH-002,MH-002_19.622305_80.344555,MH-002,0,0.11311156302690506,0
B,MH-002,MH-002_19.622305_80.344825,MH-002,0,0.1510770618915558,0
B,MH-002,MH-002_19.622035_80.340513,MH-002,0,0.0065384902991354465,0
B,MH-002,MH-002_19.622035_80.340783,MH-002,0,0.006152668502181768,0
B,MH-002,MH-002_19.622035_80.341052,MH-002,0,0.009733948856592178,0
B,MH-002,MH-002_19.622035_80.341322,MH-002,0,0.016004784032702446,0
B,MH-002,MH-002_19.622035_80.341591,MH-002,0,0.03327695280313492,0
B,MH-002,MH-002_19.622035_80.34186,MH-002,0,0.03771986812353134,0
B,MH-002,MH-002_19.622035_80.34213,MH-002,0,0.039289869368076324,0
B,MH-002,MH-002_19.622035_80.342399,MH-002,0,0.033509381115436554,0
B,MH-002,MH-002_19.622035_80.342669,MH-002,0,0.03361307829618454,0
B,MH-002,MH-002_19.622035_80.342938,MH-002,0,0.030978715047240257,0
B,MH-002,MH-002_19.622035_80.343208,MH-002,0,0.032459814101457596,0
B,MH-002,MH-002_19.622035_80.343477,MH-002,0,0.036583781242370605,0
B,MH-002,MH-002_19.622035_80.343747,MH-002,0,0.044044993817806244,0
B,MH-002,MH-002_19.622035_80.344016,MH-002,0,0.05391458421945572,0
B,MH-002,MH-002_19.622035_80.344286,MH-002,0,0.10305168479681015,0
B,MH-002,MH-002_19.622035_80.344555,MH-002,0,0.11783119291067123,0
B,MH-002,MH-002_19.622035_80.344825,MH-002,0,0.16764678061008453,0
B,MH-002,MH-002_19.621766_80.340513,MH-002,0,0.005698991473764181,0
B,MH-002,MH-002_19.621766_80.340783,MH-002,0,0.006261485628783703,0
B,MH-002,MH-002_19.621766_80.341052,MH-002,0,0.010432201437652111,0
B,MH-002,MH-002_19.621766_80.341322,MH-002,0,0.01701592653989792,0
B,MH-002,MH-002_19.621766_80.341591,MH-002,0,0.032998308539390564,0
B,MH-002,MH-002_19.621766_80.34186,MH-002,0,0.04432759806513786,0
B,MH-002,MH-002_19.621766_80.34213,MH-002,0,0.04657455161213875,0
B,MH-002,MH-002_19.621766_80.342399,MH-002,0,0.042694613337516785,0
B,MH-002,MH-002_19.621766_80.342669,MH-002,0,0.04268630966544151,0
B,MH-002,MH-002_19.621766_80.342938,MH-002,0,0.037724047899246216,0
B,MH-002,MH-002_19.621766_80.343208,MH-002,0,0.0353546068072319,0
B,MH-002,MH-002_19.621766_80.343477,MH-002,0,0.03765089064836502,0
B,MH-002,MH-002_19.621766_80.343747,MH-002,0,0.04299526661634445,0
B,MH-002,MH-002_19.621766_80.344016,MH-002,0,0.05336681380867958,0
B,MH-002,MH-002_19.621766_80.344286,MH-002,0,0.08751950412988663,0
B,MH-002,MH-002_19.621766_80.344555,MH-002,0,0.1170760840177536,0
B,MH-002,MH-002_19.621766_80.344825,MH-002,0,0.16670885682106018,0
B,MH-002,MH-002_19.621766_80.345094,MH-002,0,0.20317263901233673,0
B,MH-002,MH-002_19.621497_80.340244,MH-002,0,0.004738698247820139,0
B,MH-002,MH-002_19.621497_80.340513,MH-002,0,0.005780449137091637,0
B,MH-002,MH-002_19.621497_80.340783,MH-002,0,0.007449617609381676,0
B,MH-002,MH-002_19.621497_80.341052,MH-002,1,0.013384572230279446,0
B,MH-002,MH-002_19.621497_80.341322,MH-002,1,0.019454142078757286,0
B,MH-002,MH-002_19.621497_80.341591,MH-002,1,0.03778298199176788,0
B,MH-002,MH-002_19.621497_80.34186,MH-002,0,0.043594006448984146,0
B,MH-002,MH-002_19.621497_80.34213,MH-002,0,0.04581204801797867,0
B,MH-002,MH-002_19.621497_80.342399,MH-002,0,0.03731152042746544,0
B,MH-002,MH-002_19.621497_80.342669,MH-002,0,0.045088935643434525,0
B,MH-002,MH-002_19.621497_80.342938,MH-002,0,0.03605129197239876,0
B,MH-002,MH-002_19.621497_80.343208,MH-002,0,0.03706413134932518,0
B,MH-002,MH-002_19.621497_80.343477,MH-002,0,0.03574523329734802,0
B,MH-002,MH-002_19.621497_80.343747,MH-002,0,0.0414833128452301,0
B,MH-002,MH-002_19.621497_80.344016,MH-002,0,0.05241789668798447,0
B,MH-002,MH-002_19.621497_80.344286,MH-002,0,0.07427088171243668,0
B,MH-002,MH-002_19.621497_80.344555,MH-002,0,0.10613343864679337,0
B,MH-002,MH-002_19.621497_80.344825,MH-002,0,0.14294226467609406,0
B,MH-002,MH-002_19.621497_80.345094,MH-002,0,0.20679546892642975,0
B,MH-002,MH-002_19.621497_80.345364,MH-002,0,0.2688712477684021,1
B,MH-002,MH-002_19.621227_80.340244,MH-002,0,0.005756844766438007,0
B,MH-002,MH-002_19.621227_80.340513,MH-002,0,0.0080035999417305,0
B,MH-002,MH-002_19.621227_80.340783,MH-002,0,0.010287830606102943,0
B,MH-002,MH-002_19.621227_80.341052,MH-002,0,0.01819716766476631,0
B,MH-002,MH-002_19.621227_80.341322,MH-002,1,0.02681386098265648,0
B,MH-002,MH-002_19.621227_80.341591,MH-002,1,0.04856410250067711,0
B,MH-002,MH-002_19.621227_80.34186,MH-002,1,0.05150159075856209,0
B,MH-002,MH-002_19.621227_80.34213,MH-002,0,0.062125805765390396,0
B,MH-002,MH-002_19.621227_80.342399,MH-002,0,0.051728613674640656,0
B,MH-002,MH-002_19.621227_80.342669,MH-002,0,0.05336488410830498,0
B,MH-002,MH-002_19.621227_80.342938,MH-002,0,0.0388699471950531,0
B,MH-002,MH-002_19.621227_80.343208,MH-002,0,0.041357725858688354,0
B,MH-002,MH-002_19.621227_80.343477,MH-002,0,0.040843185037374496,0
B,MH-002,MH-002_19.621227_80.343747,MH-002,1,0.04410555586218834,0
B,MH-002,MH-002_19.621227_80.344016,MH-002,0,0.04600002244114876,0
B,MH-002,MH-002_19.621227_80.344286,MH-002,0,0.07280141115188599,0
B,MH-002,MH-002_19.621227_80.344555,MH-002,0,0.08939044177532196,0
B,MH-002,MH-002_19.621227_80.344825,MH-002,0,0.13827265799045563,0
B,MH-002,MH-002_19.621227_80.345094,MH-002,0,0.1865299493074417,0
B,MH-002,MH-002_19.621227_80.345364,MH-002,0,0.2910166382789612,1
B,MH-002,MH-002_19.620958_80.340244,MH-002,0,0.007374420762062073,0
B,MH-002,MH-002_19.620958_80.340513,MH-002,0,0.010787843726575375,0
B,MH-002,MH-002_19.620958_80.340783,MH-002,0,0.011760611087083817,0
B,MH-002,MH-002_19.620958_80.341052,MH-002,0,0.022784506902098656,0
B,MH-002,MH-002_19.620958_80.341322,MH-002,0,0.028148742392659187,0
B,MH-002,MH-002_19.620958_80.341591,MH-002,1,0.045613452792167664,0
B,MH-002,MH-002_19.620958_80.34186,MH-002,1,0.04532559588551521,0
B,MH-002,MH-002_19.620958_80.34213,MH-002,1,0.057256102561950684,0
B,MH-002,MH-002_19.620958_80.342399,MH-002,1,0.04841006174683571,0
B,MH-002,MH-002_19.620958_80.342669,MH-002,0,0.048121970146894455,0
B,MH-002,MH-002_19.620958_80.342938,MH-002,0,0.03780257701873779,0
B,MH-002,MH-002_19.620958_80.343208,MH-002,0,0.0401783287525177,0
B,MH-002,MH-002_19.620958_80.343477,MH-002,0,0.035303544253110886,0
B,MH-002,MH-002_19.620958_80.343747,MH-002,1,0.0376875177025795,0
B,MH-002,MH-002_19.620958_80.344016,MH-002,0,0.04239511862397194,0
B,MH-002,MH-002_19.620958_80.344286,MH-002,0,0.05867910385131836,0
B,MH-002,MH-002_19.620958_80.344555,MH-002,0,0.07473210245370865,0
B,MH-002,MH-002_19.620958_80.344825,MH-002,0,0.10303537547588348,0
B,MH-002,MH-002_19.620958_80.345094,MH-002,0,0.17205895483493805,0
B,MH-002,MH-002_19.620958_80.345364,MH-002,0,0.27168479561805725,1
B,MH-002,MH-002_19.620958_80.345633,MH-002,0,0.41321995854377747,1
B,MH-002,MH-002_19.620688_80.340244,MH-002,0,0.011326177977025509,0
B,MH-002,MH-002_19.620688_80.340513,MH-002,0,0.01526945736259222,0
B,MH-002,MH-002_19.620688_80.340783,MH-002,0,0.01570769026875496,0
B,MH-002,MH-002_19.620688_80.341052,MH-002,0,0.02580370008945465,0
B,MH-002,MH-002_19.620688_80.341322,MH-002,1,0.033309370279312134,0
B,MH-002,MH-002_19.620688_80.341591,MH-002,0,0.04293397441506386,0
B,MH-002,MH-002_19.620688_80.34186,MH-002,1,0.05005273595452309,0
B,MH-002,MH-002_19.620688_80.34213,MH-002,1,0.05865821987390518,0
B,MH-002,MH-002_19.620688_80.342399,MH-002,1,0.057130366563797,0
B,MH-002,MH-002_19.620688_80.342669,MH-002,0,0.05400002375245094,0
B,MH-002,MH-002_19.620688_80.344016,MH-002,0,0.0425046943128109,0
B,MH-002,MH-002_19.620688_80.344286,MH-002,0,0.052551474422216415,0
B,MH-002,MH-002_19.620688_80.344555,MH-002,0,0.06119810417294502,0
B,MH-002,MH-002_19.620688_80.344825,MH-002,0,0.09165527671575546,0
B,MH-002,MH-002_19.620688_80.345094,MH-002,0,0.11900223046541214,0
B,MH-002,MH-002_19.620688_80.345364,MH-002,0,0.25891178846359253,1
B,MH-002,MH-002_19.620688_80.345633,MH-002,0,0.39367279410362244,1
B,MH-002,MH-002_19.620688_80.345903,MH-002,0,0.46492013335227966,1
B,MH-002,MH-002_19.620419_80.340244,MH-002,0,0.015836291015148163,0
B,MH-002,MH-002_19.620419_80.340513,MH-002,0,0.021693304181098938,0
B,MH-002,MH-002_19.620419_80.340783,MH-002,0,0.021173344925045967,0
B,MH-002,MH-002_19.620419_80.341052,MH-002,0,0.03410222381353378,0
B,MH-002,MH-002_19.620419_80.341322,MH-002,0,0.03669723495841026,0
B,MH-002,MH-002_19.620419_80.341591,MH-002,0,0.045110832899808884,0
B,MH-002,MH-002_19.620419_80.34186,MH-002,0,0.043393414467573166,0
B,MH-002,MH-002_19.620419_80.34213,MH-002,0,0.05272683501243591,0
B,MH-002,MH-002_19.620419_80.342399,MH-002,0,0.0428338460624218,0
B,MH-002,MH-002_19.620419_80.343208,MH-002,0,0.0315343402326107,0
B,MH-002,MH-002_19.620419_80.343477,MH-002,0,0.0307332593947649,0
B,MH-002,MH-002_19.620419_80.344016,MH-002,0,0.036513544619083405,0
B,MH-002,MH-002_19.620419_80.344286,MH-002,0,0.041990961879491806,0
B,MH-002,MH-002_19.620419_80.344555,MH-002,0,0.05516263097524643,0
B,MH-002,MH-002_19.620419_80.344825,MH-002,0,0.08836925774812698,0
B,MH-002,MH-002_19.620419_80.345094,MH-002,0,0.12600858509540558,0
B,MH-002,MH-002_19.620419_80.345364,MH-002,0,0.25215795636177063,1
B,MH-002,MH-002_19.620419_80.345633,MH-002,0,0.3934836983680725,1
B,MH-002,MH-002_19.620419_80.345903,MH-002,0,0.4548457860946655,1
B,MH-002,MH-002_19.620149_80.340513,MH-002,1,0.038400471210479736,0
B,MH-002,MH-002_19.620149_80.340783,MH-002,0,0.03794639930129051,0
B,MH-002,MH-002_19.620149_80.341052,MH-002,0,0.04186992719769478,0
B,MH-002,MH-002_19.620149_80.341322,MH-002,0,0.043282248079776764,0
B,MH-002,MH-002_19.620149_80.341591,MH-002,0,0.046731989830732346,0
B,MH-002,MH-002_19.620149_80.34186,MH-002,0,0.047865528613328934,0
B,MH-002,MH-002_19.620149_80.34213,MH-002,0,0.05123361200094223,0
B,MH-002,MH-002_19.620149_80.342399,MH-002,0,0.043660718947649,0
B,MH-002,MH-002_19.620149_80.342938,MH-002,0,0.02970392256975174,0
B,MH-002,MH-002_19.620149_80.343208,MH-002,0,0.03276732936501503,0
B,MH-002,MH-002_19.620149_80.343747,MH-002,0,0.03189082443714142,0
B,MH-002,MH-002_19.620149_80.344016,MH-002,0,0.031527649611234665,0
B,MH-002,MH-002_19.620149_80.344286,MH-002,0,0.039875153452157974,0
B,MH-002,MH-002_19.620149_80.344555,MH-002,0,0.048793643712997437,0
B,MH-002,MH-002_19.620149_80.344825,MH-002,0,0.08388855308294296,0
B,MH-002,MH-002_19.620149_80.345094,MH-002,0,0.12025701254606247,0
B,MH-002,MH-002_19.620149_80.345364,MH-002,0,0.22541257739067078,0
B,MH-002,MH-002_19.620149_80.345633,MH-002,0,0.38118991255760193,1
B,MH-002,MH-002_19.620149_80.345903,MH-002,0,0.475164532661438,1
B,MH-002,MH-002_19.620149_80.346172,MH-002,0,0.5771240592002869,1
B,MH-002,MH-002_19.61988_80.340783,MH-002,0,0.052322957664728165,0
B,MH-002,MH-002_19.61988_80.341052,MH-002,0,0.05249754711985588,0
B,MH-002,MH-002_19.61988_80.341322,MH-002,0,0.05076931416988373,0
B,MH-002,MH-002_19.61988_80.341591,MH-002,1,0.042611438781023026,0
B,MH-002,MH-002_19.61988_80.34186,MH-002,0,0.042296770960092545,0
B,MH-002,MH-002_19.61988_80.34213,MH-002,0,0.0464736633002758,0
B,MH-002,MH-002_19.61988_80.342399,MH-002,0,0.04168364405632019,0
B,MH-002,MH-002_19.61988_80.343477,MH-002,0,0.026635847985744476,0
B,MH-002,MH-002_19.61988_80.343747,MH-002,0,0.031063171103596687,0
B,MH-002,MH-002_19.61988_80.344016,MH-002,0,0.03258560597896576,0
B,MH-002,MH-002_19.61988_80.344286,MH-002,0,0.03635809198021889,0
B,MH-002,MH-002_19.61988_80.344555,MH-002,0,0.045998044312000275,0
B,MH-002,MH-002_19.61988_80.344825,MH-002,0,0.0679931640625,0
B,MH-002,MH-002_19.61988_80.345094,MH-002,0,0.1038699746131897,0
B,MH-002,MH-002_19.61988_80.345364,MH-002,0,0.18735258281230927,0
B,MH-002,MH-002_19.61988_80.345633,MH-002,0,0.31371453404426575,1
B,MH-002,MH-002_19.61988_80.345903,MH-002,0,0.380332887172699,1
B,MH-002,MH-002_19.61988_80.346172,MH-002,0,0.5311737656593323,1
B,MH-002,MH-002_19.61988_80.346442,MH-002,0,0.5627094507217407,1
B,MH-002,MH-002_19.61961_80.340783,MH-002,0,0.07836690545082092,0
B,MH-002,MH-002_19.61961_80.341052,MH-002,0,0.08039918541908264,0
B,MH-002,MH-002_19.61961_80.341322,MH-002,0,0.05529271438717842,0
B,MH-002,MH-002_19.61961_80.341591,MH-002,0,0.04718206822872162,0
B,MH-002,MH-002_19.61961_80.34186,MH-002,0,0.04000385105609894,0
B,MH-002,MH-002_19.61961_80.34213,MH-002,0,0.03964691981673241,0
B,MH-002,MH-002_19.61961_80.342399,MH-002,0,0.03895875811576843,0
B,MH-002,MH-002_19.61961_80.342669,MH-002,0,0.03323640301823616,0
B,MH-002,MH-002_19.61961_80.342938,MH-002,0,0.033517953008413315,0
B,MH-002,MH-002_19.61961_80.343208,MH-002,0,0.032889991998672485,0
B,MH-002,MH-002_19.61961_80.343477,MH-002,0,0.03139061480760574,0
B,MH-002,MH-002_19.61961_80.343747,MH-002,0,0.030716009438037872,0
B,MH-002,MH-002_19.61961_80.344016,MH-002,0,0.03486592322587967,0
B,MH-002,MH-002_19.61961_80.344286,MH-002,0,0.03533155471086502,0
B,MH-002,MH-002_19.61961_80.344555,MH-002,0,0.04353085160255432,0
B,MH-002,MH-002_19.61961_80.344825,MH-002,0,0.06295289844274521,0
B,MH-002,MH-002_19.61961_80.345094,MH-002,0,0.09319067746400833,0
B,MH-002,MH-002_19.61961_80.345364,MH-002,0,0.13277488946914673,0
B,MH-002,MH-002_19.61961_80.345633,MH-002,0,0.2350347936153412,0
B,MH-002,MH-002_19.61961_80.345903,MH-002,0,0.3475039601325989,1
B,MH-002,MH-002_19.61961_80.346172,MH-002,0,0.4423687160015106,1
B,MH-002,MH-002_19.61961_80.346442,MH-002,0,0.5211076140403748,1
B,MH-002,MH-002_19.619341_80.341322,MH-002,0,0.07615582644939423,0
B,MH-002,MH-002_19.619341_80.341591,MH-002,0,0.05915435403585434,0
B,MH-002,MH-002_19.619341_80.34186,MH-002,0,0.03946157544851303,0
B,MH-002,MH-002_19.619341_80.34213,MH-002,0,0.035227589309215546,0
B,MH-002,MH-002_19.619341_80.342399,MH-002,0,0.03733174502849579,0
B,MH-002,MH-002_19.619341_80.342669,MH-002,0,0.03297216817736626,0
B,MH-002,MH-002_19.619341_80.342938,MH-002,0,0.03473588079214096,0
B,MH-002,MH-002_19.619341_80.343208,MH-002,0,0.036563143134117126,0
B,MH-002,MH-002_19.619341_80.343477,MH-002,0,0.032464753836393356,0
B,MH-002,MH-002_19.619341_80.343747,MH-002,0,0.03326159715652466,0
B,MH-002,MH-002_19.619341_80.344016,MH-002,0,0.03698820248246193,0
B,MH-002,MH-002_19.619341_80.344286,MH-002,0,0.039821114391088486,0
B,MH-002,MH-002_19.619341_80.344555,MH-002,0,0.045619551092386246,0
B,MH-002,MH-002_19.619341_80.344825,MH-002,0,0.06499280780553818,0
B,MH-002,MH-002_19.619341_80.345094,MH-002,0,0.09572276473045349,0
B,MH-002,MH-002_19.619341_80.345364,MH-002,0,0.12585121393203735,0
B,MH-002,MH-002_19.619341_80.345633,MH-002,0,0.18649521470069885,0
B,MH-002,MH-002_19.619341_80.345903,MH-002,0,0.2781672179698944,1
B,MH-002,MH-002_19.619341_80.346172,MH-002,0,0.39596182107925415,1
B,MH-002,MH-002_19.619341_80.346442,MH-002,0,0.4910224676132202,1
B,MH-002,MH-002_19.619341_80.346711,MH-002,0,0.5340748429298401,1
B,MH-002,MH-002_19.619071_80.341591,MH-002,0,0.07109226286411285,0
B,MH-002,MH-002_19.619071_80.34186,MH-002,0,0.050498951226472855,0
B,MH-002,MH-002_19.619071_80.34213,MH-002,0,0.050775330513715744,0
B,MH-002,MH-002_19.619071_80.342399,MH-002,0,0.05435710772871971,0
B,MH-002,MH-002_19.619071_80.342669,MH-002,0,0.05432003363966942,0
B,MH-002,MH-002_19.619071_80.342938,MH-002,0,0.04777192324399948,0
B,MH-002,MH-002_19.619071_80.343208,MH-002,0,0.05262921378016472,0
B,MH-002,MH-002_19.619071_80.343477,MH-002,0,0.04529740661382675,0
B,MH-002,MH-002_19.619071_80.343747,MH-002,0,0.0412309430539608,0
B,MH-002,MH-002_19.619071_80.344016,MH-002,0,0.04498685151338577,0
B,MH-002,MH-002_19.619071_80.344286,MH-002,0,0.04707914963364601,0
B,MH-002,MH-002_19.619071_80.344555,MH-002,0,0.055152587592601776,0
B,MH-002,MH-002_19.619071_80.344825,MH-002,0,0.07228332757949829,0
B,MH-002,MH-002_19.619071_80.345094,MH-002,0,0.10879296809434891,0
B,MH-002,MH-002_19.619071_80.345364,MH-002,0,0.12463700771331787,0
B,MH-002,MH-002_19.619071_80.345633,MH-002,0,0.16983921825885773,0
B,MH-002,MH-002_19.619071_80.345903,MH-002,0,0.2399037778377533,0
B,MH-002,MH-002_19.619071_80.346172,MH-002,0,0.34452587366104126,1
B,MH-002,MH-002_19.619071_80.346442,MH-002,0,0.4232047200202942,1
B,MH-002,MH-002_19.619071_80.346711,MH-002,0,0.5106761455535889,1
B,MH-002,MH-002_19.619071_80.346981,MH-002,0,0.5387702584266663,1
B,MH-002,MH-002_19.618802_80.341322,MH-002,0,0.16447198390960693,0
B,MH-002,MH-002_19.618802_80.34213,MH-002,0,0.05856173485517502,0
B,MH-002,MH-002_19.618802_80.342399,MH-002,0,0.06235574930906296,0
B,MH-002,MH-002_19.618802_80.342669,MH-002,0,0.05819504335522652,0
B,MH-002,MH-002_19.618802_80.342938,MH-002,0,0.054184313863515854,0
B,MH-002,MH-002_19.618802_80.343208,MH-002,0,0.06160940229892731,0
B,MH-002,MH-002_19.618802_80.343477,MH-002,0,0.06603746861219406,0
B,MH-002,MH-002_19.618802_80.343747,MH-002,0,0.06419204920530319,0
B,MH-002,MH-002_19.618802_80.344016,MH-002,0,0.062431931495666504,0
B,MH-002,MH-002_19.618802_80.344286,MH-002,0,0.06829763948917389,0
B,MH-002,MH-002_19.618802_80.344555,MH-002,0,0.0765373706817627,0
B,MH-002,MH-002_19.618802_80.344825,MH-002,0,0.08389066159725189,0
B,MH-002,MH-002_19.618802_80.345094,MH-002,0,0.11241501569747925,0
B,MH-002,MH-002_19.618802_80.345364,MH-002,0,0.12960948050022125,0
B,MH-002,MH-002_19.618802_80.345633,MH-002,0,0.16011562943458557,0
B,MH-002,MH-002_19.618802_80.345903,MH-002,0,0.21183882653713226,0
B,MH-002,MH-002_19.618802_80.346172,MH-002,0,0.3257165551185608,1
B,MH-002,MH-002_19.618802_80.346442,MH-002,0,0.40184351801872253,1
B,MH-002,MH-002_19.618802_80.346711,MH-002,0,0.5111589431762695,1
B,MH-002,MH-002_19.618802_80.346981,MH-002,0,0.5999364852905273,1
B,MH-002,MH-002_19.618532_80.342399,MH-002,0,0.10706587880849838,0
B,MH-002,MH-002_19.618532_80.342669,MH-002,0,0.10582049936056137,0
B,MH-002,MH-002_19.618532_80.342938,MH-002,0,0.10940246284008026,0
B,MH-002,MH-002_19.618532_80.343208,MH-002,0,0.12668026983737946,0
B,MH-002,MH-002_19.618532_80.343477,MH-002,0,0.11819721758365631,0
B,MH-002,MH-002_19.618532_80.343747,MH-002,0,0.12259358167648315,0
B,MH-002,MH-002_19.618532_80.344016,MH-002,0,0.10393146425485611,0
B,MH-002,MH-002_19.618532_80.344286,MH-002,0,0.10822214931249619,0
B,MH-002,MH-002_19.618532_80.344555,MH-002,0,0.10204697400331497,0
B,MH-002,MH-002_19.618532_80.344825,MH-002,0,0.11361466348171234,0
B,MH-002,MH-002_19.618532_80.345094,MH-002,0,0.13851413130760193,0
B,MH-002,MH-002_19.618532_80.345364,MH-002,0,0.1333550363779068,0
B,MH-002,MH-002_19.618532_80.345633,MH-002,0,0.15980228781700134,0
B,MH-002,MH-002_19.618532_80.345903,MH-002,0,0.18342864513397217,0
B,MH-002,MH-002_19.618532_80.346172,MH-002,0,0.24412037432193756,0
B,MH-002,MH-002_19.618532_80.346442,MH-002,0,0.33301645517349243,1
B,MH-002,MH-002_19.618532_80.346711,MH-002,0,0.482647180557251,1
B,MH-002,MH-002_19.618532_80.346981,MH-002,0,0.6195782423019409,1
B,MH-002,MH-002_19.618532_80.34725,MH-002,0,0.6745021343231201,1
B,MH-002,MH-002_19.618263_80.34186,MH-002,0,0.12394919991493225,0
B,MH-002,MH-002_19.618263_80.342399,MH-002,0,0.12036803364753723,0
B,MH-002,MH-002_19.618263_80.342669,MH-002,0,0.14840811491012573,0
B,MH-002,MH-002_19.618263_80.342938,MH-002,0,0.14498670399188995,0
B,MH-002,MH-002_19.618263_80.343208,MH-002,0,0.16980451345443726,0
B,MH-002,MH-002_19.618263_80.343477,MH-002,0,0.17942482233047485,0
B,MH-002,MH-002_19.618263_80.343747,MH-002,0,0.20701666176319122,0
B,MH-002,MH-002_19.618263_80.344016,MH-002,0,0.1643228977918625,0
B,MH-002,MH-002_19.618263_80.344286,MH-002,0,0.17345263063907623,0
B,MH-002,MH-002_19.618263_80.344555,MH-002,0,0.1464490443468094,0
B,MH-002,MH-002_19.618263_80.344825,MH-002,0,0.1451563984155655,0
B,MH-002,MH-002_19.618263_80.345094,MH-002,0,0.14773333072662354,0
B,MH-002,MH-002_19.618263_80.345364,MH-002,0,0.13758975267410278,0
B,MH-002,MH-002_19.618263_80.345633,MH-002,0,0.14319659769535065,0
B,MH-002,MH-002_19.618263_80.345903,MH-002,0,0.17516714334487915,0
B,MH-002,MH-002_19.618263_80.346172,MH-002,0,0.21293187141418457,0
B,MH-002,MH-002_19.618263_80.346442,MH-002,0,0.2932960093021393,1
B,MH-002,MH-002_19.618263_80.346711,MH-002,0,0.44411322474479675,1
B,MH-002,MH-002_19.618263_80.346981,MH-002,0,0.6084521412849426,1
B,MH-002,MH-002_19.618263_80.34725,MH-002,0,0.6722288727760315,1
B,MH-002,MH-002_19.618263_80.34752,MH-002,0,0.6875343322753906,1
B,MH-002,MH-002_19.617993_80.342399,MH-002,0,0.2133965939283371,0
B,MH-002,MH-002_19.617993_80.342669,MH-002,0,0.24716871976852417,0
B,MH-002,MH-002_19.617993_80.342938,MH-002,0,0.22035032510757446,0
B,MH-002,MH-002_19.617993_80.343208,MH-002,0,0.2518390417098999,1
B,MH-002,MH-002_19.617993_80.343477,MH-002,0,0.2695048153400421,1
B,MH-002,MH-002_19.617993_80.343747,MH-002,0,0.32510295510292053,1
B,MH-002,MH-002_19.617993_80.344016,MH-002,0,0.2987246811389923,1
B,MH-002,MH-002_19.617993_80.344286,MH-002,0,0.2876747250556946,1
B,MH-002,MH-002_19.617993_80.344555,MH-002,0,0.24998551607131958,0
B,MH-002,MH-002_19.617993_80.344825,MH-002,0,0.21070373058319092,0
B,MH-002,MH-002_19.617993_80.345094,MH-002,0,0.20153068006038666,0
B,MH-002,MH-002_19.617993_80.345364,MH-002,0,0.17460638284683228,0
B,MH-002,MH-002_19.617993_80.345633,MH-002,0,0.15508431196212769,0
B,MH-002,MH-002_19.617993_80.345903,MH-002,0,0.17154638469219208,0
B,MH-002,MH-002_19.617993_80.346172,MH-002,0,0.20622463524341583,0
B,MH-002,MH-002_19.617993_80.346442,MH-002,0,0.2777024209499359,1
B,MH-002,MH-002_19.617993_80.346711,MH-002,0,0.3919423520565033,1
B,MH-002,MH-002_19.617993_80.346981,MH-002,1,0.5782654881477356,1
B,MH-002,MH-002_19.617993_80.34725,MH-002,0,0.7051120400428772,1
B,MH-002,MH-002_19.617993_80.34752,MH-002,0,0.7052202820777893,1
B,MH-002,MH-002_19.617724_80.342399,MH-002,0,0.20828691124916077,0
B,MH-002,MH-002_19.617724_80.342669,MH-002,0,0.2818734347820282,1
B,MH-002,MH-002_19.617724_80.342938,MH-002,0,0.2710431218147278,1
B,MH-002,MH-002_19.617724_80.343208,MH-002,0,0.2679086923599243,1
B,MH-002,MH-002_19.617724_80.343477,MH-002,0,0.3389976918697357,1
B,MH-002,MH-002_19.617724_80.343747,MH-002,1,0.39278894662857056,1
B,MH-002,MH-002_19.617724_80.344016,MH-002,0,0.3670150637626648,1
B,MH-002,MH-002_19.617724_80.344286,MH-002,0,0.3606111407279968,1
B,MH-002,MH-002_19.617724_80.344555,MH-002,0,0.296718567609787,1
B,MH-002,MH-002_19.617724_80.344825,MH-002,0,0.24903126060962677,0
B,MH-002,MH-002_19.617724_80.345094,MH-002,0,0.19717487692832947,0
B,MH-002,MH-002_19.617724_80.345364,MH-002,0,0.17038720846176147,0
B,MH-002,MH-002_19.617724_80.345633,MH-002,0,0.16432595252990723,0
B,MH-002,MH-002_19.617724_80.345903,MH-002,0,0.1702224761247635,0
B,MH-002,MH-002_19.617724_80.346172,MH-002,0,0.19432105123996735,0
B,MH-002,MH-002_19.617724_80.346442,MH-002,0,0.2341858148574829,0
B,MH-002,MH-002_19.617724_80.346711,MH-002,0,0.32272422313690186,1
B,MH-002,MH-002_19.617724_80.346981,MH-002,0,0.5146173238754272,1
B,MH-002,MH-002_19.617724_80.34725,MH-002,0,0.655120849609375,1
B,MH-002,MH-002_19.617724_80.34752,MH-002,0,0.7225666046142578,1
B,MH-002,MH-002_19.617724_80.347789,MH-002,0,0.7398613691329956,1
B,MH-002,MH-002_19.617454_80.342399,MH-002,0,0.21386076509952545,0
B,MH-002,MH-002_19.617454_80.342669,MH-002,0,0.29328328371047974,1
B,MH-002,MH-002_19.617454_80.342938,MH-002,0,0.2965686619281769,1
B,MH-002,MH-002_19.617454_80.343208,MH-002,1,0.3473404347896576,1
B,MH-002,MH-002_19.617454_80.343477,MH-002,1,0.4089198112487793,1
B,MH-002,MH-002_19.617454_80.343747,MH-002,1,0.5094864368438721,1
B,MH-002,MH-002_19.617454_80.344016,MH-002,0,0.5115483999252319,1
B,MH-002,MH-002_19.617454_80.344286,MH-002,0,0.48198458552360535,1
B,MH-002,MH-002_19.617454_80.344555,MH-002,0,0.3931792080402374,1
B,MH-002,MH-002_19.617454_80.344825,MH-002,0,0.30847564339637756,1
B,MH-002,MH-002_19.617454_80.345094,MH-002,0,0.2575554847717285,1
B,MH-002,MH-002_19.617454_80.345364,MH-002,0,0.2311735302209854,0
B,MH-002,MH-002_19.617454_80.345633,MH-002,0,0.19995473325252533,0
B,MH-002,MH-002_19.617454_80.345903,MH-002,0,0.17607584595680237,0
B,MH-002,MH-002_19.617454_80.346172,MH-002,0,0.1831439882516861,0
B,MH-002,MH-002_19.617454_80.346442,MH-002,0,0.21288873255252838,0
B,MH-002,MH-002_19.617454_80.346711,MH-002,0,0.27599242329597473,1
B,MH-002,MH-002_19.617454_80.346981,MH-002,0,0.4702266752719879,1
B,MH-002,MH-002_19.617454_80.34725,MH-002,0,0.6447242498397827,1
B,MH-002,MH-002_19.617454_80.34752,MH-002,0,0.7053621411323547,1
B,MH-002,MH-002_19.617454_80.347789,MH-002,0,0.7588833570480347,1
B,MH-002,MH-002_19.617454_80.348059,MH-002,0,0.7395191192626953,1
B,MH-002,MH-002_19.617185_80.342669,MH-002,1,0.22628505527973175,0
B,MH-002,MH-002_19.617185_80.342938,MH-002,1,0.25778138637542725,1
B,MH-002,MH-002_19.617185_80.343208,MH-002,0,0.2662716209888458,1
B,MH-002,MH-002_19.617185_80.343477,MH-002,0,0.4055861234664917,1
B,MH-002,MH-002_19.617185_80.343747,MH-002,1,0.5486245155334473,1
B,MH-002,MH-002_19.617185_80.344016,MH-002,1,0.5880402326583862,1
B,MH-002,MH-002_19.617185_80.344286,MH-002,0,0.5846324563026428,1
B,MH-002,MH-002_19.617185_80.344555,MH-002,0,0.47604241967201233,1
B,MH-002,MH-002_19.617185_80.344825,MH-002,0,0.39639994502067566,1
B,MH-002,MH-002_19.617185_80.345094,MH-002,0,0.30877211689949036,1
B,MH-002,MH-002_19.617185_80.345364,MH-002,0,0.26153233647346497,1
B,MH-002,MH-002_19.617185_80.345633,MH-002,0,0.22033248841762543,0
B,MH-002,MH-002_19.617185_80.345903,MH-002,0,0.17816898226737976,0
B,MH-002,MH-002_19.617185_80.346172,MH-002,0,0.17673087120056152,0
B,MH-002,MH-002_19.617185_80.346442,MH-002,0,0.18621566891670227,0
B,MH-002,MH-002_19.617185_80.346711,MH-002,0,0.22046738862991333,0
B,MH-002,MH-002_19.617185_80.346981,MH-002,0,0.3806803822517395,1
B,MH-002,MH-002_19.617185_80.34725,MH-002,0,0.5153943300247192,1
B,MH-002,MH-002_19.617185_80.34752,MH-002,0,0.6143925786018372,1
B,MH-002,MH-002_19.617185_80.347789,MH-002,0,0.6580542922019958,1
B,MH-002,MH-002_19.617185_80.348059,MH-002,0,0.7029294371604919,1
B,MH-002,MH-002_19.616915_80.342669,MH-002,0,0.1981062889099121,0
B,MH-002,MH-002_19.616915_80.342938,MH-002,0,0.23051077127456665,0
B,MH-002,MH-002_19.616915_80.343208,MH-002,1,0.278286874294281,1
B,MH-002,MH-002_19.616915_80.343477,MH-002,0,0.45277923345565796,1
B,MH-002,MH-002_19.616915_80.343747,MH-002,1,0.5950740575790405,1
B,MH-002,MH-002_19.616915_80.344286,MH-002,0,0.595203161239624,1
B,MH-002,MH-002_19.616915_80.344555,MH-002,0,0.5116588473320007,1
B,MH-002,MH-002_19.616915_80.344825,MH-002,0,0.4296981990337372,1
B,MH-002,MH-002_19.616915_80.345094,MH-002,0,0.3412851095199585,1
B,MH-002,MH-002_19.616915_80.345364,MH-002,0,0.2866465449333191,1
B,MH-002,MH-002_19.616915_80.345633,MH-002,0,0.23560987412929535,0
B,MH-002,MH-002_19.616915_80.345903,MH-002,0,0.2106892168521881,0
B,MH-002,MH-002_19.616915_80.346172,MH-002,0,0.19895720481872559,0
B,MH-002,MH-002_19.616915_80.346442,MH-002,0,0.20229138433933258,0
B,MH-002,MH-002_19.616915_80.346711,MH-002,0,0.22351039946079254,0
B,MH-002,MH-002_19.616915_80.346981,MH-002,0,0.3576987385749817,1
B,MH-002,MH-002_19.616915_80.34725,MH-002,0,0.4785045087337494,1
B,MH-002,MH-002_19.616915_80.34752,MH-002,0,0.5373337268829346,1
B,MH-002,MH-002_19.616915_80.347789,MH-002,0,0.6286067962646484,1
B,MH-002,MH-002_19.616915_80.348059,MH-002,0,0.6569289565086365,1
B,MH-002,MH-002_19.616915_80.348328,MH-002,0,0.6453288793563843,1
B,MH-002,MH-002_19.616646_80.335393,MH-002,0,0.3103872537612915,1
B,MH-002,MH-002_19.616646_80.335662,MH-002,0,0.4231832027435303,1
B,MH-002,MH-002_19.616646_80.342938,MH-002,0,0.15812714397907257,0
B,MH-002,MH-002_19.616646_80.343208,MH-002,1,0.2268151044845581,0
B,MH-002,MH-002_19.616646_80.343477,MH-002,1,0.3702477216720581,1
B,MH-002,MH-002_19.616646_80.343747,MH-002,0,0.557146430015564,1
B,MH-002,MH-002_19.616646_80.344016,MH-002,0,0.6086931824684143,1
B,MH-002,MH-002_19.616646_80.344286,MH-002,0,0.5863699913024902,1
B,MH-002,MH-002_19.616646_80.344555,MH-002,0,0.5098891854286194,1
B,MH-002,MH-002_19.616646_80.344825,MH-002,0,0.4344000816345215,1
B,MH-002,MH-002_19.616646_80.345094,MH-002,0,0.3022870123386383,1
B,MH-002,MH-002_19.616646_80.345364,MH-002,0,0.28130245208740234,1
B,MH-002,MH-002_19.616646_80.345633,MH-002,0,0.23774859309196472,0
B,MH-002,MH-002_19.616646_80.345903,MH-002,0,0.21548892557621002,0
B,MH-002,MH-002_19.616646_80.346172,MH-002,0,0.18308191001415253,0
B,MH-002,MH-002_19.616646_80.346442,MH-002,0,0.19107164442539215,0
B,MH-002,MH-002_19.616646_80.346711,MH-002,0,0.1849702149629593,0
B,MH-002,MH-002_19.616646_80.346981,MH-002,0,0.2557075321674347,1
B,MH-002,MH-002_19.616646_80.34725,MH-002,0,0.2839459478855133,1
B,MH-002,MH-002_19.616646_80.34752,MH-002,0,0.3588612973690033,1
B,MH-002,MH-002_19.616646_80.347789,MH-002,0,0.4042430818080902,1
B,MH-002,MH-002_19.616646_80.348059,MH-002,0,0.5297544598579407,1
B,MH-002,MH-002_19.616646_80.348328,MH-002,0,0.5835434198379517,1
B,MH-002,MH-002_19.616646_80.348598,MH-002,0,0.5649083852767944,1
B,MH-002,MH-002_19.616376_80.335662,MH-002,0,0.24240563809871674,0
B,MH-002,MH-002_19.616376_80.343208,MH-002,0,0.12409502267837524,0
B,MH-002,MH-002_19.616376_80.343477,MH-002,0,0.21523404121398926,0
B,MH-002,MH-002_19.616376_80.343747,MH-002,0,0.3280266225337982,1
B,MH-002,MH-002_19.616376_80.344016,MH-002,0,0.43134528398513794,1
B,MH-002,MH-002_19.616376_80.344286,MH-002,0,0.43335989117622375,1
B,MH-002,MH-002_19.616376_80.344555,MH-002,0,0.39463141560554504,1
B,MH-002,MH-002_19.616376_80.344825,MH-002,0,0.31960633397102356,1
B,MH-002,MH-002_19.616376_80.345094,MH-002,0,0.2629927396774292,1
B,MH-002,MH-002_19.616376_80.345364,MH-002,0,0.22354379296302795,0
B,MH-002,MH-002_19.616376_80.345633,MH-002,0,0.19880013167858124,0
B,MH-002,MH-002_19.616376_80.345903,MH-002,0,0.1932222545146942,0
B,MH-002,MH-002_19.616376_80.346172,MH-002,0,0.20779858529567719,0
B,MH-002,MH-002_19.616376_80.346442,MH-002,0,0.19425690174102783,0
B,MH-002,MH-002_19.616376_80.346711,MH-002,0,0.18585465848445892,0
B,MH-002,MH-002_19.616376_80.346981,MH-002,0,0.21866534650325775,0
B,MH-002,MH-002_19.616376_80.34725,MH-002,0,0.24573665857315063,0
B,MH-002,MH-002_19.616376_80.34752,MH-002,0,0.28851941227912903,1
B,MH-002,MH-002_19.616376_80.347789,MH-002,0,0.3232104778289795,1
B,MH-002,MH-002_19.616376_80.348059,MH-002,0,0.4325367510318756,1
B,MH-002,MH-002_19.616376_80.348328,MH-002,0,0.5424214601516724,1
B,MH-002,MH-002_19.616376_80.348598,MH-002,0,0.5200096368789673,1
B,MH-002,MH-002_19.616107_80.335932,MH-002,0,0.27490153908729553,1
B,MH-002,MH-002_19.616107_80.336201,MH-002,0,0.4513329565525055,1
B,MH-002,MH-002_19.616107_80.343208,MH-002,0,0.10618168860673904,0
B,MH-002,MH-002_19.616107_80.343477,MH-002,0,0.15170665085315704,0
B,MH-002,MH-002_19.616107_80.343747,MH-002,0,0.20814011991024017,0
B,MH-002,MH-002_19.616107_80.344016,MH-002,0,0.25414636731147766,1
B,MH-002,MH-002_19.616107_80.344286,MH-002,0,0.27223584055900574,1
B,MH-002,MH-002_19.616107_80.344555,MH-002,0,0.26075610518455505,1
B,MH-002,MH-002_19.616107_80.344825,MH-002,0,0.23906055092811584,0
B,MH-002,MH-002_19.616107_80.345094,MH-002,0,0.19024254381656647,0
B,MH-002,MH-002_19.616107_80.345364,MH-002,0,0.17268383502960205,0
B,MH-002,MH-002_19.616107_80.345633,MH-002,1,0.15712949633598328,0
B,MH-002,MH-002_19.616107_80.345903,MH-002,1,0.18501289188861847,0
B,MH-002,MH-002_19.616107_80.346172,MH-002,0,0.18821227550506592,0
B,MH-002,MH-002_19.616107_80.346442,MH-002,0,0.19679352641105652,0
B,MH-002,MH-002_19.616107_80.346711,MH-002,0,0.15263977646827698,0
B,MH-002,MH-002_19.616107_80.346981,MH-002,0,0.17310217022895813,0
B,MH-002,MH-002_19.616107_80.34725,MH-002,0,0.16112086176872253,0
B,MH-002,MH-002_19.616107_80.34752,MH-002,0,0.20622873306274414,0
B,MH-002,MH-002_19.616107_80.347789,MH-002,0,0.20890145003795624,0
B,MH-002,MH-002_19.616107_80.348059,MH-002,0,0.29343536496162415,1
B,MH-002,MH-002_19.616107_80.348328,MH-002,0,0.38763803243637085,1
B,MH-002,MH-002_19.616107_80.348598,MH-002,0,0.4148813784122467,1
B,MH-002,MH-002_19.616107_80.348867,MH-002,0,0.4153628647327423,1
B,MH-002,MH-002_19.615837_80.334854,MH-002,0,0.05286802724003792,0
B,MH-002,MH-002_19.615837_80.336201,MH-002,0,0.24614372849464417,0
B,MH-002,MH-002_19.615837_80.336471,MH-002,0,0.5285657048225403,1
B,MH-002,MH-002_19.615837_80.343477,MH-002,0,0.0840943455696106,0
B,MH-002,MH-002_19.615837_80.343747,MH-002,0,0.10873958468437195,0
B,MH-002,MH-002_19.615837_80.344016,MH-002,1,0.1252172440290451,0
B,MH-002,MH-002_19.615837_80.344286,MH-002,0,0.13104191422462463,0
B,MH-002,MH-002_19.615837_80.344555,MH-002,0,0.12885402143001556,0
B,MH-002,MH-002_19.615837_80.344825,MH-002,0,0.13244935870170593,0
B,MH-002,MH-002_19.615837_80.345094,MH-002,0,0.11996088922023773,0
B,MH-002,MH-002_19.615837_80.345364,MH-002,0,0.12157732993364334,0
B,MH-002,MH-002_19.615837_80.345633,MH-002,1,0.12667831778526306,0
B,MH-002,MH-002_19.615837_80.345903,MH-002,0,0.16490839421749115,0
B,MH-002,MH-002_19.615837_80.346172,MH-002,0,0.18863916397094727,0
B,MH-002,MH-002_19.615837_80.346442,MH-002,0,0.19822189211845398,0
B,MH-002,MH-002_19.615837_80.346711,MH-002,0,0.15522414445877075,0
B,MH-002,MH-002_19.615837_80.346981,MH-002,0,0.1434767246246338,0
B,MH-002,MH-002_19.615837_80.34725,MH-002,0,0.13670353591442108,0
B,MH-002,MH-002_19.615837_80.34752,MH-002,0,0.1535244733095169,0
B,MH-002,MH-002_19.615837_80.347789,MH-002,0,0.17638827860355377,0
B,MH-002,MH-002_19.615837_80.348059,MH-002,0,0.19639457762241364,0
B,MH-002,MH-002_19.615837_80.348328,MH-002,1,0.25414755940437317,1
B,MH-002,MH-002_19.615837_80.348598,MH-002,0,0.27277451753616333,1
B,MH-002,MH-002_19.615837_80.348867,MH-002,0,0.3342629373073578,1
B,MH-002,MH-002_19.615837_80.349137,MH-002,0,0.33400601148605347,1
B,MH-002,MH-002_19.615568_80.334854,MH-002,0,0.04944152384996414,0
B,MH-002,MH-002_19.615568_80.335662,MH-002,0,0.09993315488100052,0
B,MH-002,MH-002_19.615568_80.335932,MH-002,0,0.13779693841934204,0
B,MH-002,MH-002_19.615568_80.336201,MH-002,0,0.1773519515991211,0
B,MH-002,MH-002_19.615568_80.336471,MH-002,0,0.2852976322174072,1
B,MH-002,MH-002_19.615568_80.343747,MH-002,1,0.07308918982744217,0
B,MH-002,MH-002_19.615568_80.344016,MH-002,0,0.08183526247739792,0
B,MH-002,MH-002_19.615568_80.344286,MH-002,0,0.08161650598049164,0
B,MH-002,MH-002_19.615568_80.344555,MH-002,0,0.07805754244327545,0
B,MH-002,MH-002_19.615568_80.344825,MH-002,0,0.08113940060138702,0
B,MH-002,MH-002_19.615568_80.345094,MH-002,0,0.0847189873456955,0
B,MH-002,MH-002_19.615568_80.345364,MH-002,0,0.11025815457105637,0
B,MH-002,MH-002_19.615568_80.345633,MH-002,1,0.11505234241485596,0
B,MH-002,MH-002_19.615568_80.345903,MH-002,1,0.1396092027425766,0
B,MH-002,MH-002_19.615568_80.346172,MH-002,0,0.14518490433692932,0
B,MH-002,MH-002_19.615568_80.346442,MH-002,0,0.16349229216575623,0
B,MH-002,MH-002_19.615568_80.346711,MH-002,0,0.12141307443380356,0
B,MH-002,MH-002_19.615568_80.346981,MH-002,0,0.11493329703807831,0
B,MH-002,MH-002_19.615568_80.34725,MH-002,0,0.09206962585449219,0
B,MH-002,MH-002_19.615568_80.34752,MH-002,0,0.10197515785694122,0
B,MH-002,MH-002_19.615568_80.347789,MH-002,0,0.10903751850128174,0
B,MH-002,MH-002_19.615568_80.348059,MH-002,0,0.12867924571037292,0
B,MH-002,MH-002_19.615568_80.348328,MH-002,0,0.13643918931484222,0
B,MH-002,MH-002_19.615568_80.348598,MH-002,0,0.18716001510620117,0
B,MH-002,MH-002_19.615568_80.348867,MH-002,0,0.23801115155220032,0
B,MH-002,MH-002_19.615568_80.349137,MH-002,0,0.2993108034133911,1
B,MH-002,MH-002_19.615298_80.335662,MH-002,0,0.08156101405620575,0
B,MH-002,MH-002_19.615298_80.335932,MH-002,0,0.07262072712182999,0
B,MH-002,MH-002_19.615298_80.336201,MH-002,0,0.090640589594841,0
B,MH-002,MH-002_19.615298_80.336471,MH-002,0,0.1011405661702156,0
B,MH-002,MH-002_19.615298_80.33674,MH-002,0,0.1435593217611313,0
B,MH-002,MH-002_19.615298_80.33701,MH-002,0,0.19799818098545074,0
B,MH-002,MH-002_19.615298_80.343747,MH-002,0,0.03652874752879143,0
B,MH-002,MH-002_19.615298_80.344016,MH-002,0,0.042235009372234344,0
B,MH-002,MH-002_19.615298_80.344286,MH-002,0,0.050904788076877594,0
B,MH-002,MH-002_19.615298_80.344555,MH-002,0,0.05283133313059807,0
B,MH-002,MH-002_19.615298_80.344825,MH-002,0,0.06030770763754845,0
B,MH-002,MH-002_19.615298_80.345094,MH-002,0,0.08445719629526138,0
B,MH-002,MH-002_19.615298_80.345364,MH-002,0,0.09161484241485596,0
B,MH-002,MH-002_19.615298_80.345633,MH-002,0,0.099383644759655,0
B,MH-002,MH-002_19.615298_80.345903,MH-002,0,0.10877696424722672,0
B,MH-002,MH-002_19.615298_80.346172,MH-002,0,0.11919718980789185,0
B,MH-002,MH-002_19.615298_80.346442,MH-002,0,0.13745346665382385,0
B,MH-002,MH-002_19.615298_80.346711,MH-002,0,0.11338700354099274,0
B,MH-002,MH-002_19.615298_80.346981,MH-002,0,0.1036425232887268,0
B,MH-002,MH-002_19.615298_80.34725,MH-002,0,0.08181870728731155,0
B,MH-002,MH-002_19.615298_80.34752,MH-002,0,0.08692683279514313,0
B,MH-002,MH-002_19.615298_80.347789,MH-002,0,0.08808890730142593,0
B,MH-002,MH-002_19.615298_80.348059,MH-002,0,0.10566411167383194,0
B,MH-002,MH-002_19.615298_80.348328,MH-002,0,0.12667031586170197,0
B,MH-002,MH-002_19.615298_80.348598,MH-002,0,0.1944318264722824,0
B,MH-002,MH-002_19.615298_80.348867,MH-002,0,0.23221538960933685,0
B,MH-002,MH-002_19.615298_80.349137,MH-002,0,0.3041318655014038,1
B,MH-002,MH-002_19.615298_80.349406,MH-002,0,0.38257479667663574,1
B,MH-002,MH-002_19.615029_80.335662,MH-002,0,0.07624761015176773,0
B,MH-002,MH-002_19.615029_80.335932,MH-002,0,0.05845970660448074,0
B,MH-002,MH-002_19.615029_80.336201,MH-002,0,0.0520382821559906,0
B,MH-002,MH-002_19.615029_80.336471,MH-002,0,0.05674683675169945,0
B,MH-002,MH-002_19.615029_80.33674,MH-002,0,0.0648994892835617,0
B,MH-002,MH-002_19.615029_80.33701,MH-002,0,0.10125324875116348,0
B,MH-002,MH-002_19.615029_80.337279,MH-002,0,0.12289205938577652,0
B,MH-002,MH-002_19.615029_80.344016,MH-002,0,0.030552273616194725,0
B,MH-002,MH-002_19.615029_80.344286,MH-002,0,0.03936692327260971,0
B,MH-002,MH-002_19.615029_80.344555,MH-002,0,0.04080279916524887,0
B,MH-002,MH-002_19.615029_80.344825,MH-002,0,0.050388794392347336,0
B,MH-002,MH-002_19.615029_80.345094,MH-002,0,0.056942909955978394,0
B,MH-002,MH-002_19.615029_80.345364,MH-002,0,0.06996984034776688,0
B,MH-002,MH-002_19.615029_80.345633,MH-002,0,0.07407953590154648,0
B,MH-002,MH-002_19.615029_80.345903,MH-002,0,0.0982707217335701,0
B,MH-002,MH-002_19.615029_80.346172,MH-002,0,0.10812101513147354,0
B,MH-002,MH-002_19.615029_80.346442,MH-002,0,0.12248264253139496,0
B,MH-002,MH-002_19.615029_80.346711,MH-002,0,0.09863673895597458,0
B,MH-002,MH-002_19.615029_80.346981,MH-002,0,0.09810307621955872,0
B,MH-002,MH-002_19.615029_80.34725,MH-002,0,0.07643110305070877,0
B,MH-002,MH-002_19.615029_80.34752,MH-002,0,0.07887719571590424,0
B,MH-002,MH-002_19.615029_80.347789,MH-002,0,0.08101483434438705,0
B,MH-002,MH-002_19.615029_80.348059,MH-002,0,0.09022655338048935,0
B,MH-002,MH-002_19.615029_80.348328,MH-002,0,0.10517986118793488,0
B,MH-002,MH-002_19.615029_80.348598,MH-002,0,0.14195264875888824,0
B,MH-002,MH-002_19.615029_80.348867,MH-002,0,0.17665188014507294,0
B,MH-002,MH-002_19.615029_80.349137,MH-002,0,0.25465860962867737,1
B,MH-002,MH-002_19.615029_80.349406,MH-002,0,0.28983551263809204,1
B,MH-002,MH-002_19.615029_80.349676,MH-002,0,0.36190733313560486,1
B,MH-002,MH-002_19.614759_80.335662,MH-002,1,0.08611129969358444,0
B,MH-002,MH-002_19.614759_80.335932,MH-002,1,0.06442193686962128,0
B,MH-002,MH-002_19.614759_80.336201,MH-002,0,0.059724725782871246,0
B,MH-002,MH-002_19.614759_80.336471,MH-002,0,0.04766715317964554,0
B,MH-002,MH-002_19.614759_80.33674,MH-002,0,0.04743258282542229,0
B,MH-002,MH-002_19.614759_80.33701,MH-002,0,0.07373122125864029,0
B,MH-002,MH-002_19.614759_80.344286,MH-002,0,0.04157178848981857,0
B,MH-002,MH-002_19.614759_80.344555,MH-002,0,0.04424202814698219,0
B,MH-002,MH-002_19.614759_80.344825,MH-002,0,0.05249660834670067,0
B,MH-002,MH-002_19.614759_80.345094,MH-002,0,0.06396225094795227,0
B,MH-002,MH-002_19.614759_80.345364,MH-002,0,0.06985408812761307,0
B,MH-002,MH-002_19.614759_80.345633,MH-002,0,0.06896865367889404,0
B,MH-002,MH-002_19.614759_80.345903,MH-002,0,0.08164960891008377,0
B,MH-002,MH-002_19.614759_80.346172,MH-002,0,0.09809081256389618,0
B,MH-002,MH-002_19.614759_80.346442,MH-002,0,0.11398828774690628,0
B,MH-002,MH-002_19.614759_80.346711,MH-002,0,0.1020234003663063,0
B,MH-002,MH-002_19.614759_80.346981,MH-002,0,0.09150093048810959,0
B,MH-002,MH-002_19.614759_80.34725,MH-002,0,0.0830344557762146,0
B,MH-002,MH-002_19.614759_80.34752,MH-002,0,0.08804766088724136,0
B,MH-002,MH-002_19.614759_80.347789,MH-002,0,0.07954636216163635,0
B,MH-002,MH-002_19.614759_80.348059,MH-002,0,0.08414677530527115,0
B,MH-002,MH-002_19.614759_80.348328,MH-002,0,0.08896436542272568,0
B,MH-002,MH-002_19.614759_80.348598,MH-002,0,0.11843717843294144,0
B,MH-002,MH-002_19.614759_80.348867,MH-002,1,0.14287449419498444,0
B,MH-002,MH-002_19.614759_80.349137,MH-002,0,0.19678905606269836,0
B,MH-002,MH-002_19.614759_80.349406,MH-002,0,0.23861853778362274,0
B,MH-002,MH-002_19.61449_80.335393,MH-002,1,0.17385251820087433,0
B,MH-002,MH-002_19.61449_80.335662,MH-002,0,0.17245963215827942,0
B,MH-002,MH-002_19.61449_80.335932,MH-002,1,0.12551705539226532,0
B,MH-002,MH-002_19.61449_80.336201,MH-002,1,0.08921682089567184,0
B,MH-002,MH-002_19.61449_80.336471,MH-002,0,0.05121472850441933,0
B,MH-002,MH-002_19.61449_80.33674,MH-002,0,0.05247197300195694,0
B,MH-002,MH-002_19.61449_80.344286,MH-002,0,0.05865684151649475,0
B,MH-002,MH-002_19.61449_80.344555,MH-002,0,0.05486505478620529,0
B,MH-002,MH-002_19.61449_80.344825,MH-002,0,0.05921993404626846,0
B,MH-002,MH-002_19.61449_80.345094,MH-002,0,0.06115264073014259,0
B,MH-002,MH-002_19.61449_80.345364,MH-002,0,0.06816856563091278,0
B,MH-002,MH-002_19.61449_80.345633,MH-002,0,0.0701998695731163,0
B,MH-002,MH-002_19.61449_80.345903,MH-002,0,0.07793140411376953,0
B,MH-002,MH-002_19.61449_80.346172,MH-002,0,0.08993739634752274,0
B,MH-002,MH-002_19.61449_80.346442,MH-002,1,0.09973154217004776,0
B,MH-002,MH-002_19.61449_80.346711,MH-002,0,0.08681950718164444,0
B,MH-002,MH-002_19.61449_80.346981,MH-002,0,0.08561322093009949,0
B,MH-002,MH-002_19.61449_80.34725,MH-002,0,0.07178497314453125,0
B,MH-002,MH-002_19.61449_80.34752,MH-002,0,0.07887822389602661,0
B,MH-002,MH-002_19.61449_80.347789,MH-002,0,0.07056731730699539,0
B,MH-002,MH-002_19.61449_80.348059,MH-002,0,0.07879213988780975,0
B,MH-002,MH-002_19.61449_80.348328,MH-002,0,0.09469521045684814,0
B,MH-002,MH-002_19.61449_80.348598,MH-002,0,0.1293477863073349,0
B,MH-002,MH-002_19.61449_80.348867,MH-002,1,0.1740356832742691,0
B,MH-002,MH-002_19.61449_80.349137,MH-002,0,0.19859591126441956,0
B,MH-002,MH-002_19.61449_80.349676,MH-002,0,0.29283905029296875,1
B,MH-002,MH-002_19.61449_80.349945,MH-002,0,0.2914009988307953,1
B,MH-002,MH-002_19.61422_80.334854,MH-002,0,0.15969689190387726,0
B,MH-002,MH-002_19.61422_80.335123,MH-002,0,0.21303287148475647,0
B,MH-002,MH-002_19.61422_80.335393,MH-002,0,0.24680623412132263,0
B,MH-002,MH-002_19.61422_80.335662,MH-002,0,0.23561473190784454,0
B,MH-002,MH-002_19.61422_80.335932,MH-002,0,0.19689875841140747,0
B,MH-002,MH-002_19.61422_80.336201,MH-002,0,0.10327569395303726,0
B,MH-002,MH-002_19.61422_80.336471,MH-002,0,0.07079476118087769,0
B,MH-002,MH-002_19.61422_80.33701,MH-002,0,0.04599655047059059,0
B,MH-002,MH-002_19.61422_80.337279,MH-002,0,0.044539980590343475,0
B,MH-002,MH-002_19.61422_80.337549,MH-002,0,0.06784069538116455,0
B,MH-002,MH-002_19.61422_80.337818,MH-002,0,0.16031745076179504,0
B,MH-002,MH-002_19.61422_80.338088,MH-002,0,0.36541128158569336,1
B,MH-002,MH-002_19.61422_80.344555,MH-002,0,0.05542933568358421,0
B,MH-002,MH-002_19.61422_80.344825,MH-002,0,0.05051621422171593,0
B,MH-002,MH-002_19.61422_80.345094,MH-002,0,0.04667945206165314,0
B,MH-002,MH-002_19.61422_80.345364,MH-002,0,0.04829183593392372,0
B,MH-002,MH-002_19.61422_80.345633,MH-002,0,0.05343250185251236,0
B,MH-002,MH-002_19.61422_80.345903,MH-002,0,0.068172387778759,0
B,MH-002,MH-002_19.61422_80.346172,MH-002,0,0.08736526966094971,0
B,MH-002,MH-002_19.61422_80.346442,MH-002,1,0.10775405913591385,0
B,MH-002,MH-002_19.61422_80.346711,MH-002,0,0.1016661748290062,0
B,MH-002,MH-002_19.61422_80.346981,MH-002,0,0.09114818274974823,0
B,MH-002,MH-002_19.61422_80.34725,MH-002,0,0.07604460418224335,0
B,MH-002,MH-002_19.61422_80.34752,MH-002,0,0.08062165975570679,0
B,MH-002,MH-002_19.61422_80.347789,MH-002,0,0.07414466142654419,0
B,MH-002,MH-002_19.61422_80.348059,MH-002,0,0.07548320293426514,0
B,MH-002,MH-002_19.61422_80.348328,MH-002,0,0.10273093730211258,0
B,MH-002,MH-002_19.61422_80.348598,MH-002,1,0.14015215635299683,0
B,MH-002,MH-002_19.61422_80.349406,MH-002,0,0.24304695427417755,0
B,MH-002,MH-002_19.61422_80.349676,MH-002,0,0.3477915823459625,1
B,MH-002,MH-002_19.61422_80.349945,MH-002,0,0.3569266200065613,1
B,MH-002,MH-002_19.613951_80.335123,MH-002,0,0.3223685920238495,1
B,MH-002,MH-002_19.613951_80.335393,MH-002,0,0.2693415880203247,1
B,MH-002,MH-002_19.613951_80.335662,MH-002,0,0.29490914940834045,1
B,MH-002,MH-002_19.613951_80.335932,MH-002,0,0.18374255299568176,0
B,MH-002,MH-002_19.613951_80.336201,MH-002,0,0.11444374918937683,0
B,MH-002,MH-002_19.613951_80.33674,MH-002,0,0.04517894238233566,0
B,MH-002,MH-002_19.613951_80.33701,MH-002,0,0.03764307498931885,0
B,MH-002,MH-002_19.613951_80.337279,MH-002,0,0.039180491119623184,0
B,MH-002,MH-002_19.613951_80.337549,MH-002,0,0.0563872829079628,0
B,MH-002,MH-002_19.613951_80.337818,MH-002,0,0.1294887214899063,0
B,MH-002,MH-002_19.613951_80.338088,MH-002,1,0.2533203363418579,1
B,MH-002,MH-002_19.613951_80.338357,MH-002,0,0.5015009045600891,1
B,MH-002,MH-002_19.613951_80.344825,MH-002,1,0.033123016357421875,0
B,MH-002,MH-002_19.613951_80.345094,MH-002,0,0.03155938908457756,0
B,MH-002,MH-002_19.613951_80.345364,MH-002,0,0.033669669181108475,0
B,MH-002,MH-002_19.613951_80.345633,MH-002,0,0.04002838209271431,0
B,MH-002,MH-002_19.613951_80.345903,MH-002,0,0.05915696546435356,0
B,MH-002,MH-002_19.613951_80.346172,MH-002,0,0.08539783954620361,0
B,MH-002,MH-002_19.613951_80.346442,MH-002,0,0.09887074679136276,0
B,MH-002,MH-002_19.613951_80.346711,MH-002,0,0.09400652348995209,0
B,MH-002,MH-002_19.613951_80.346981,MH-002,0,0.09403296560049057,0
B,MH-002,MH-002_19.613951_80.34725,MH-002,0,0.08058171719312668,0
B,MH-002,MH-002_19.613951_80.34752,MH-002,0,0.08938790112733841,0
B,MH-002,MH-002_19.613951_80.347789,MH-002,0,0.08959712833166122,0
B,MH-002,MH-002_19.613951_80.348059,MH-002,0,0.11061879247426987,0
B,MH-002,MH-002_19.613951_80.348328,MH-002,0,0.13790389895439148,0
B,MH-002,MH-002_19.613951_80.349137,MH-002,0,0.23202753067016602,0
B,MH-002,MH-002_19.613951_80.349406,MH-002,0,0.3187501132488251,1
B,MH-002,MH-002_19.613951_80.349676,MH-002,0,0.37042489647865295,1
B,MH-002,MH-002_19.613951_80.349945,MH-002,0,0.38055744767189026,1
B,MH-002,MH-002_19.613951_80.350215,MH-002,0,0.4319309890270233,1
B,MH-002,MH-002_19.613681_80.334854,MH-002,0,0.3169762194156647,1
B,MH-002,MH-002_19.613681_80.335123,MH-002,0,0.3096950054168701,1
B,MH-002,MH-002_19.613681_80.335393,MH-002,0,0.28773319721221924,1
B,MH-002,MH-002_19.613681_80.335662,MH-002,0,0.25435930490493774,1
B,MH-002,MH-002_19.613681_80.335932,MH-002,0,0.20422931015491486,0
B,MH-002,MH-002_19.613681_80.33674,MH-002,0,0.036188334226608276,0
B,MH-002,MH-002_19.613681_80.33701,MH-002,0,0.035266999155282974,0
B,MH-002,MH-002_19.613681_80.337279,MH-002,0,0.030639121308922768,0
B,MH-002,MH-002_19.613681_80.337549,MH-002,0,0.049706634134054184,0
B,MH-002,MH-002_19.613681_80.337818,MH-002,0,0.10056145489215851,0
B,MH-002,MH-002_19.613681_80.338088,MH-002,1,0.25658825039863586,1
B,MH-002,MH-002_19.613681_80.338357,MH-002,1,0.48212578892707825,1
B,MH-002,MH-002_19.613681_80.338627,MH-002,0,0.6061305403709412,1
B,MH-002,MH-002_19.613681_80.344825,MH-002,0,0.030092881992459297,0
B,MH-002,MH-002_19.613681_80.345094,MH-002,0,0.027357026934623718,0
B,MH-002,MH-002_19.613681_80.345364,MH-002,0,0.032448627054691315,0
B,MH-002,MH-002_19.613681_80.345633,MH-002,0,0.03639824315905571,0
B,MH-002,MH-002_19.613681_80.345903,MH-002,0,0.06238982081413269,0
B,MH-002,MH-002_19.613681_80.346172,MH-002,0,0.09414166957139969,0
B,MH-002,MH-002_19.613681_80.346442,MH-002,0,0.12012600898742676,0
B,MH-002,MH-002_19.613681_80.346711,MH-002,0,0.11202505230903625,0
B,MH-002,MH-002_19.613681_80.346981,MH-002,0,0.10054349899291992,0
B,MH-002,MH-002_19.613681_80.34725,MH-002,0,0.09416031092405319,0
B,MH-002,MH-002_19.613681_80.34752,MH-002,0,0.09975198656320572,0
B,MH-002,MH-002_19.613681_80.347789,MH-002,0,0.10974977165460587,0
B,MH-002,MH-002_19.613681_80.348059,MH-002,0,0.10999343544244766,0
B,MH-002,MH-002_19.613681_80.349137,MH-002,0,0.2711034119129181,1
B,MH-002,MH-002_19.613681_80.349406,MH-002,0,0.32391366362571716,1
B,MH-002,MH-002_19.613681_80.349676,MH-002,0,0.43848544359207153,1
B,MH-002,MH-002_19.613681_80.349945,MH-002,0,0.42882466316223145,1
B,MH-002,MH-002_19.613681_80.350215,MH-002,0,0.437749981880188,1
B,MH-002,MH-002_19.613412_80.334854,MH-002,0,0.35098448395729065,1
B,MH-002,MH-002_19.613412_80.335123,MH-002,0,0.2872702479362488,1
B,MH-002,MH-002_19.613412_80.335393,MH-002,0,0.25918295979499817,1
B,MH-002,MH-002_19.613412_80.335662,MH-002,0,0.2117753028869629,0
B,MH-002,MH-002_19.613412_80.335932,MH-002,0,0.1585996150970459,0
B,MH-002,MH-002_19.613412_80.33674,MH-002,0,0.03467254340648651,0
B,MH-002,MH-002_19.613412_80.33701,MH-002,0,0.02970713935792446,0
B,MH-002,MH-002_19.613412_80.337279,MH-002,0,0.02987414412200451,0
B,MH-002,MH-002_19.613412_80.337549,MH-002,0,0.04069273918867111,0
B,MH-002,MH-002_19.613412_80.337818,MH-002,0,0.07850499451160431,0
B,MH-002,MH-002_19.613412_80.338088,MH-002,0,0.16813449561595917,0
B,MH-002,MH-002_19.613412_80.338357,MH-002,0,0.3982740044593811,1
B,MH-002,MH-002_19.613412_80.345094,MH-002,0,0.02699287235736847,0
B,MH-002,MH-002_19.613412_80.345364,MH-002,0,0.03185882046818733,0
B,MH-002,MH-002_19.613412_80.345633,MH-002,0,0.041165027767419815,0
B,MH-002,MH-002_19.613412_80.345903,MH-002,0,0.07175972312688828,0
B,MH-002,MH-002_19.613412_80.346172,MH-002,0,0.09245005249977112,0
B,MH-002,MH-002_19.613412_80.346442,MH-002,0,0.11163301020860672,0
B,MH-002,MH-002_19.613412_80.346711,MH-002,0,0.10166510939598083,0
B,MH-002,MH-002_19.613412_80.346981,MH-002,0,0.1011262834072113,0
B,MH-002,MH-002_19.613412_80.34725,MH-002,1,0.09611634165048599,0
B,MH-002,MH-002_19.613412_80.34752,MH-002,0,0.10757853090763092,0
B,MH-002,MH-002_19.613412_80.347789,MH-002,0,0.12681598961353302,0
B,MH-002,MH-002_19.613412_80.349137,MH-002,1,0.3166491687297821,1
B,MH-002,MH-002_19.613412_80.349406,MH-002,0,0.38837677240371704,1
B,MH-002,MH-002_19.613412_80.349676,MH-002,0,0.47460880875587463,1
B,MH-002,MH-002_19.613412_80.349945,MH-002,0,0.38648879528045654,1
B,MH-002,MH-002_19.613412_80.350215,MH-002,0,0.4182324707508087,1
B,MH-002,MH-002_19.613412_80.350484,MH-002,0,0.33922410011291504,1
B,MH-002,MH-002_19.613142_80.334854,MH-002,0,0.2836170792579651,1
B,MH-002,MH-002_19.613142_80.335123,MH-002,0,0.20822468400001526,0
B,MH-002,MH-002_19.613142_80.335393,MH-002,0,0.24505311250686646,0
B,MH-002,MH-002_19.613142_80.335662,MH-002,0,0.18900148570537567,0
B,MH-002,MH-002_19.613142_80.335932,MH-002,0,0.14391548931598663,0
B,MH-002,MH-002_19.613142_80.33674,MH-002,0,0.032976314425468445,0
B,MH-002,MH-002_19.613142_80.33701,MH-002,0,0.029187653213739395,0
B,MH-002,MH-002_19.613142_80.337279,MH-002,0,0.02680799923837185,0
B,MH-002,MH-002_19.613142_80.337549,MH-002,0,0.0377105250954628,0
B,MH-002,MH-002_19.613142_80.337818,MH-002,0,0.06931731849908829,0
B,MH-002,MH-002_19.613142_80.338088,MH-002,0,0.17781707644462585,0
B,MH-002,MH-002_19.613142_80.338357,MH-002,0,0.35310879349708557,1
B,MH-002,MH-002_19.613142_80.345094,MH-002,0,0.026898421347141266,0
B,MH-002,MH-002_19.613142_80.345364,MH-002,0,0.03931134566664696,0
B,MH-002,MH-002_19.613142_80.345633,MH-002,0,0.04679151251912117,0
B,MH-002,MH-002_19.613142_80.345903,MH-002,0,0.08679386228322983,0
B,MH-002,MH-002_19.613142_80.346172,MH-002,0,0.11360199004411697,0
B,MH-002,MH-002_19.613142_80.346442,MH-002,0,0.1368321031332016,0
B,MH-002,MH-002_19.613142_80.346711,MH-002,0,0.11478970944881439,0
B,MH-002,MH-002_19.613142_80.346981,MH-002,0,0.10626417398452759,0
B,MH-002,MH-002_19.613142_80.34725,MH-002,0,0.1016060933470726,0
B,MH-002,MH-002_19.613142_80.34752,MH-002,1,0.10952736437320709,0
B,MH-002,MH-002_19.613142_80.347789,MH-002,0,0.1236104965209961,0
B,MH-002,MH-002_19.613142_80.348598,MH-002,0,0.19077633321285248,0
B,MH-002,MH-002_19.613142_80.348867,MH-002,0,0.26793545484542847,1
B,MH-002,MH-002_19.613142_80.349406,MH-002,0,0.36455482244491577,1
B,MH-002,MH-002_19.613142_80.349676,MH-002,0,0.4708173871040344,1
B,MH-002,MH-002_19.613142_80.349945,MH-002,0,0.36983349919319153,1
B,MH-002,MH-002_19.613142_80.350215,MH-002,0,0.33777427673339844,1
B,MH-002,MH-002_19.613142_80.350754,MH-002,0,0.21305929124355316,0
B,MH-002,MH-002_19.612873_80.334854,MH-002,0,0.3365502953529358,1
B,MH-002,MH-002_19.612873_80.335123,MH-002,0,0.23845607042312622,0
B,MH-002,MH-002_19.612873_80.335393,MH-002,0,0.1965431272983551,0
B,MH-002,MH-002_19.612873_80.335662,MH-002,0,0.1782752424478531,0
B,MH-002,MH-002_19.612873_80.335932,MH-002,0,0.13333405554294586,0
B,MH-002,MH-002_19.612873_80.336201,MH-002,0,0.06427289545536041,0
B,MH-002,MH-002_19.612873_80.33701,MH-002,0,0.033547066152095795,0
B,MH-002,MH-002_19.612873_80.337279,MH-002,0,0.03051845356822014,0
B,MH-002,MH-002_19.612873_80.337549,MH-002,0,0.03618728742003441,0
B,MH-002,MH-002_19.612873_80.337818,MH-002,0,0.06880474835634232,0
B,MH-002,MH-002_19.612873_80.338088,MH-002,0,0.14496693015098572,0
B,MH-002,MH-002_19.612873_80.338357,MH-002,0,0.33775794506073,1
B,MH-002,MH-002_19.612873_80.344825,MH-002,0,0.020000901073217392,0
B,MH-002,MH-002_19.612873_80.345094,MH-002,0,0.02440202236175537,0
B,MH-002,MH-002_19.612873_80.345364,MH-002,0,0.03251250833272934,0
B,MH-002,MH-002_19.612873_80.345633,MH-002,0,0.04638737067580223,0
B,MH-002,MH-002_19.612873_80.345903,MH-002,0,0.07859045267105103,0
B,MH-002,MH-002_19.612873_80.346172,MH-002,0,0.11842070519924164,0
B,MH-002,MH-002_19.612873_80.346442,MH-002,0,0.1322861909866333,0
B,MH-002,MH-002_19.612873_80.346711,MH-002,0,0.12770341336727142,0
B,MH-002,MH-002_19.612873_80.346981,MH-002,0,0.13021254539489746,0
B,MH-002,MH-002_19.612873_80.34725,MH-002,0,0.11408351361751556,0
B,MH-002,MH-002_19.612873_80.34752,MH-002,0,0.12325669080018997,0
B,MH-002,MH-002_19.612873_80.347789,MH-002,0,0.12473612278699875,0
B,MH-002,MH-002_19.612873_80.348059,MH-002,0,0.14539526402950287,0
B,MH-002,MH-002_19.612873_80.348328,MH-002,0,0.19540831446647644,0
B,MH-002,MH-002_19.612873_80.348598,MH-002,0,0.23289567232131958,0
B,MH-002,MH-002_19.612873_80.348867,MH-002,1,0.304529070854187,1
B,MH-002,MH-002_19.612873_80.349676,MH-002,0,0.4263933598995209,1
B,MH-002,MH-002_19.612873_80.349945,MH-002,0,0.35118988156318665,1
B,MH-002,MH-002_19.612873_80.350215,MH-002,0,0.2829437553882599,1
B,MH-002,MH-002_19.612873_80.350754,MH-002,0,0.19205044209957123,0
B,MH-002,MH-002_19.612873_80.351023,MH-002,0,0.20098191499710083,0
B,MH-002,MH-002_19.612603_80.335123,MH-002,0,0.27425649762153625,1
B,MH-002,MH-002_19.612603_80.335393,MH-002,0,0.24432073533535004,0
B,MH-002,MH-002_19.612603_80.335662,MH-002,0,0.17329633235931396,0
B,MH-002,MH-002_19.612603_80.335932,MH-002,0,0.16730961203575134,0
B,MH-002,MH-002_19.612603_80.336201,MH-002,0,0.09375343471765518,0
B,MH-002,MH-002_19.612603_80.336471,MH-002,0,0.08042246848344803,0
B,MH-002,MH-002_19.612603_80.337279,MH-002,0,0.06192763149738312,0
B,MH-002,MH-002_19.612603_80.337549,MH-002,0,0.06943392753601074,0
B,MH-002,MH-002_19.612603_80.337818,MH-002,0,0.11323917657136917,0
B,MH-002,MH-002_19.612603_80.338088,MH-002,0,0.2303038090467453,0
B,MH-002,MH-002_19.612603_80.338357,MH-002,0,0.37115028500556946,1
B,MH-002,MH-002_19.612603_80.338627,MH-002,1,0.5309290885925293,1
B,MH-002,MH-002_19.612603_80.344555,MH-002,0,0.01892971806228161,0
B,MH-002,MH-002_19.612603_80.344825,MH-002,0,0.018088923767209053,0
B,MH-002,MH-002_19.612603_80.345094,MH-002,0,0.022616827860474586,0
B,MH-002,MH-002_19.612603_80.345364,MH-002,0,0.034283533692359924,0
B,MH-002,MH-002_19.612603_80.345633,MH-002,0,0.0495256744325161,0
B,MH-002,MH-002_19.612603_80.345903,MH-002,0,0.1008799821138382,0
B,MH-002,MH-002_19.612603_80.346172,MH-002,0,0.14562776684761047,0
B,MH-002,MH-002_19.612603_80.346442,MH-002,0,0.1753578931093216,0
B,MH-002,MH-002_19.612603_80.346711,MH-002,0,0.1455041468143463,0
B,MH-002,MH-002_19.612603_80.34725,MH-002,0,0.12190435081720352,0
B,MH-002,MH-002_19.612603_80.34752,MH-002,0,0.12332450598478317,0
B,MH-002,MH-002_19.612603_80.347789,MH-002,0,0.11591216921806335,0
B,MH-002,MH-002_19.612603_80.348059,MH-002,0,0.13130232691764832,0
B,MH-002,MH-002_19.612603_80.348328,MH-002,0,0.19281037151813507,0
B,MH-002,MH-002_19.612603_80.348598,MH-002,0,0.22535938024520874,0
B,MH-002,MH-002_19.612603_80.348867,MH-002,0,0.28277817368507385,1
B,MH-002,MH-002_19.612603_80.349137,MH-002,0,0.2941672205924988,1
B,MH-002,MH-002_19.612603_80.349676,MH-002,0,0.3422662615776062,1
B,MH-002,MH-002_19.612603_80.349945,MH-002,0,0.27539393305778503,1
B,MH-002,MH-002_19.612603_80.350215,MH-002,0,0.23417015373706818,0
B,MH-002,MH-002_19.612603_80.350484,MH-002,0,0.20925100147724152,0
B,MH-002,MH-002_19.612603_80.350754,MH-002,0,0.14309120178222656,0
B,MH-002,MH-002_19.612603_80.351023,MH-002,0,0.1668008267879486,0
B,MH-002,MH-002_19.612603_80.351293,MH-002,0,0.16624842584133148,0
B,MH-002,MH-002_19.612334_80.335123,MH-002,0,0.3472423255443573,1
B,MH-002,MH-002_19.612334_80.335393,MH-002,0,0.28292539715766907,1
B,MH-002,MH-002_19.612334_80.335662,MH-002,0,0.21231737732887268,0
B,MH-002,MH-002_19.612334_80.335932,MH-002,0,0.23978568613529205,0
B,MH-002,MH-002_19.612334_80.336201,MH-002,0,0.14448581635951996,0
B,MH-002,MH-002_19.612334_80.33701,MH-002,0,0.09425310790538788,0
B,MH-002,MH-002_19.612334_80.337279,MH-002,0,0.08288224041461945,0
B,MH-002,MH-002_19.612334_80.337549,MH-002,0,0.08765106648206711,0
B,MH-002,MH-002_19.612334_80.337818,MH-002,0,0.13723278045654297,0
B,MH-002,MH-002_19.612334_80.338088,MH-002,0,0.2299865037202835,0
B,MH-002,MH-002_19.612334_80.338357,MH-002,0,0.3454873263835907,1
B,MH-002,MH-002_19.612334_80.338627,MH-002,1,0.4596104025840759,1
B,MH-002,MH-002_19.612334_80.338896,MH-002,1,0.5924907922744751,1
B,MH-002,MH-002_19.612334_80.339166,MH-002,1,0.7014039754867554,1
B,MH-002,MH-002_19.612334_80.344286,MH-002,0,0.03501849249005318,0
B,MH-002,MH-002_19.612334_80.344555,MH-002,0,0.016144244000315666,0
B,MH-002,MH-002_19.612334_80.344825,MH-002,0,0.021543247625231743,0
B,MH-002,MH-002_19.612334_80.345094,MH-002,0,0.029487643390893936,0
B,MH-002,MH-002_19.612334_80.345364,MH-002,0,0.04527666047215462,0
B,MH-002,MH-002_19.612334_80.345633,MH-002,0,0.058704596012830734,0
B,MH-002,MH-002_19.612334_80.345903,MH-002,0,0.11622712016105652,0
B,MH-002,MH-002_19.612334_80.346172,MH-002,0,0.17235466837882996,0
B,MH-002,MH-002_19.612334_80.346442,MH-002,0,0.1995549201965332,0
B,MH-002,MH-002_19.612334_80.346981,MH-002,0,0.17424990236759186,0
B,MH-002,MH-002_19.612334_80.34725,MH-002,0,0.13588324189186096,0
B,MH-002,MH-002_19.612334_80.34752,MH-002,0,0.14513401687145233,0
B,MH-002,MH-002_19.612334_80.347789,MH-002,1,0.12515604496002197,0
B,MH-002,MH-002_19.612334_80.348059,MH-002,0,0.14999784529209137,0
B,MH-002,MH-002_19.612334_80.348328,MH-002,0,0.20784923434257507,0
B,MH-002,MH-002_19.612334_80.348598,MH-002,0,0.24363048374652863,0
B,MH-002,MH-002_19.612334_80.348867,MH-002,0,0.26472827792167664,1
B,MH-002,MH-002_19.612334_80.349137,MH-002,0,0.2711597979068756,1
B,MH-002,MH-002_19.612334_80.349676,MH-002,0,0.28080612421035767,1
B,MH-002,MH-002_19.612334_80.349945,MH-002,0,0.22214506566524506,0
B,MH-002,MH-002_19.612334_80.350215,MH-002,0,0.15622465312480927,0
B,MH-002,MH-002_19.612334_80.350484,MH-002,0,0.14576174318790436,0
B,MH-002,MH-002_19.612334_80.350754,MH-002,0,0.10703334957361221,0
B,MH-002,MH-002_19.612334_80.351023,MH-002,0,0.12816545367240906,0
B,MH-002,MH-002_19.612334_80.351293,MH-002,0,0.12358560413122177,0
B,MH-002,MH-002_19.612064_80.335123,MH-002,0,0.35997825860977173,1
B,MH-002,MH-002_19.612064_80.335393,MH-002,0,0.3082277774810791,1
B,MH-002,MH-002_19.612064_80.335662,MH-002,0,0.2461424618959427,0
B,MH-002,MH-002_19.612064_80.33674,MH-002,0,0.1503494828939438,0
B,MH-002,MH-002_19.612064_80.33701,MH-002,0,0.12068536132574081,0
B,MH-002,MH-002_19.612064_80.337279,MH-002,0,0.10314802825450897,0
B,MH-002,MH-002_19.612064_80.337549,MH-002,0,0.0987623780965805,0
B,MH-002,MH-002_19.612064_80.337818,MH-002,0,0.15201708674430847,0
B,MH-002,MH-002_19.612064_80.338088,MH-002,0,0.25285670161247253,1
B,MH-002,MH-002_19.612064_80.338357,MH-002,1,0.3202891945838928,1
B,MH-002,MH-002_19.612064_80.338627,MH-002,0,0.42641451954841614,1
B,MH-002,MH-002_19.612064_80.338896,MH-002,1,0.5227394104003906,1
B,MH-002,MH-002_19.612064_80.339166,MH-002,1,0.6712959408760071,1
B,MH-002,MH-002_19.612064_80.339435,MH-002,1,0.7377350330352783,1
B,MH-002,MH-002_19.612064_80.344016,MH-002,1,0.053871966898441315,0
B,MH-002,MH-002_19.612064_80.344286,MH-002,1,0.019717616960406303,0
B,MH-002,MH-002_19.612064_80.344555,MH-002,0,0.012695537880063057,0
B,MH-002,MH-002_19.612064_80.344825,MH-002,0,0.01784248650074005,0
B,MH-002,MH-002_19.612064_80.345094,MH-002,0,0.024483412504196167,0
B,MH-002,MH-002_19.612064_80.345364,MH-002,1,0.04335816204547882,0
B,MH-002,MH-002_19.612064_80.345633,MH-002,0,0.058024823665618896,0
B,MH-002,MH-002_19.612064_80.345903,MH-002,0,0.13749296963214874,0
B,MH-002,MH-002_19.612064_80.346172,MH-002,0,0.2068912237882614,0
B,MH-002,MH-002_19.612064_80.346442,MH-002,0,0.24931490421295166,0
B,MH-002,MH-002_19.612064_80.346711,MH-002,0,0.21023112535476685,0
B,MH-002,MH-002_19.612064_80.346981,MH-002,0,0.20470121502876282,0
B,MH-002,MH-002_19.612064_80.34725,MH-002,0,0.1660669445991516,0
B,MH-002,MH-002_19.612064_80.34752,MH-002,0,0.16104108095169067,0
B,MH-002,MH-002_19.612064_80.347789,MH-002,0,0.15440566837787628,0
B,MH-002,MH-002_19.612064_80.348059,MH-002,0,0.1778528243303299,0
B,MH-002,MH-002_19.612064_80.348328,MH-002,0,0.21984075009822845,0
B,MH-002,MH-002_19.612064_80.348598,MH-002,0,0.2305273413658142,0
B,MH-002,MH-002_19.612064_80.348867,MH-002,0,0.25490522384643555,1
B,MH-002,MH-002_19.612064_80.349137,MH-002,0,0.23907025158405304,0
B,MH-002,MH-002_19.612064_80.349676,MH-002,0,0.19473174214363098,0
B,MH-002,MH-002_19.612064_80.349945,MH-002,0,0.15366636216640472,0
B,MH-002,MH-002_19.612064_80.350215,MH-002,0,0.11186326295137405,0
B,MH-002,MH-002_19.612064_80.350484,MH-002,0,0.09635747969150543,0
B,MH-002,MH-002_19.612064_80.350754,MH-002,0,0.07010537385940552,0
B,MH-002,MH-002_19.612064_80.351023,MH-002,0,0.10373823344707489,0
B,MH-002,MH-002_19.612064_80.351293,MH-002,0,0.09408698976039886,0
B,MH-002,MH-002_19.612064_80.351562,MH-002,0,0.13537068665027618,0
B,MH-002,MH-002_19.611795_80.335393,MH-002,1,0.33233407139778137,1
B,MH-002,MH-002_19.611795_80.336201,MH-002,0,0.2320948988199234,0
B,MH-002,MH-002_19.611795_80.336471,MH-002,0,0.20258741080760956,0
B,MH-002,MH-002_19.611795_80.33674,MH-002,0,0.1568114012479782,0
B,MH-002,MH-002_19.611795_80.33701,MH-002,0,0.12726667523384094,0
B,MH-002,MH-002_19.611795_80.337279,MH-002,0,0.11909250169992447,0
B,MH-002,MH-002_19.611795_80.337549,MH-002,0,0.11337938904762268,0
B,MH-002,MH-002_19.611795_80.337818,MH-002,0,0.1563342809677124,0
B,MH-002,MH-002_19.611795_80.338088,MH-002,1,0.2205457091331482,0
B,MH-002,MH-002_19.611795_80.338896,MH-002,1,0.46021634340286255,1
B,MH-002,MH-002_19.611795_80.339166,MH-002,1,0.5694180130958557,1
B,MH-002,MH-002_19.611795_80.339435,MH-002,0,0.6290208101272583,1
B,MH-002,MH-002_19.611795_80.339705,MH-002,1,0.6802191138267517,1
B,MH-002,MH-002_19.611795_80.339974,MH-002,1,0.7714357972145081,1
B,MH-002,MH-002_19.611795_80.340244,MH-002,1,0.8038976192474365,1
B,MH-002,MH-002_19.611795_80.340513,MH-002,1,0.879585862159729,1
B,MH-002,MH-002_19.611795_80.340783,MH-002,0,0.8690678477287292,1
B,MH-002,MH-002_19.611795_80.343747,MH-002,0,0.05769742280244827,0
B,MH-002,MH-002_19.611795_80.344016,MH-002,0,0.02366263046860695,0
B,MH-002,MH-002_19.611795_80.344286,MH-002,0,0.012516016140580177,0
B,MH-002,MH-002_19.611795_80.344555,MH-002,1,0.008224117569625378,0
B,MH-002,MH-002_19.611795_80.344825,MH-002,1,0.013323492370545864,0
B,MH-002,MH-002_19.611795_80.345094,MH-002,1,0.025303490459918976,0
B,MH-002,MH-002_19.611795_80.345364,MH-002,1,0.04275722801685333,0
B,MH-002,MH-002_19.611795_80.345633,MH-002,1,0.06957288086414337,0
B,MH-002,MH-002_19.611795_80.345903,MH-002,1,0.13324688374996185,0
B,MH-002,MH-002_19.611795_80.346172,MH-002,1,0.21894477307796478,0
B,MH-002,MH-002_19.611795_80.346442,MH-002,0,0.23538118600845337,0
B,MH-002,MH-002_19.611795_80.346711,MH-002,0,0.2309901863336563,0
B,MH-002,MH-002_19.611795_80.346981,MH-002,0,0.21701960265636444,0
B,MH-002,MH-002_19.611795_80.34725,MH-002,0,0.19390611350536346,0
B,MH-002,MH-002_19.611795_80.34752,MH-002,0,0.1782492995262146,0
B,MH-002,MH-002_19.611795_80.347789,MH-002,0,0.15898792445659637,0
B,MH-002,MH-002_19.611795_80.348059,MH-002,1,0.15628720819950104,0
B,MH-002,MH-002_19.611795_80.348328,MH-002,1,0.22762149572372437,0
B,MH-002,MH-002_19.611795_80.348598,MH-002,0,0.242069810628891,0
B,MH-002,MH-002_19.611795_80.348867,MH-002,0,0.22942852973937988,0
B,MH-002,MH-002_19.611795_80.349137,MH-002,0,0.1902691274881363,0
B,MH-002,MH-002_19.611795_80.349676,MH-002,0,0.15938889980316162,0
B,MH-002,MH-002_19.611795_80.349945,MH-002,0,0.10936673730611801,0
B,MH-002,MH-002_19.611795_80.350484,MH-002,0,0.0798783227801323,0
B,MH-002,MH-002_19.611795_80.350754,MH-002,0,0.06302189081907272,0
B,MH-002,MH-002_19.611795_80.351023,MH-002,0,0.07814987003803253,0
B,MH-002,MH-002_19.611795_80.351293,MH-002,0,0.08730550110340118,0
B,MH-002,MH-002_19.611795_80.351562,MH-002,0,0.1256386786699295,0
B,MH-002,MH-002_19.611795_80.351832,MH-002,0,0.14754609763622284,0
B,MH-002,MH-002_19.611525_80.335932,MH-002,0,0.2980648875236511,1
B,MH-002,MH-002_19.611525_80.336201,MH-002,0,0.28232550621032715,1
B,MH-002,MH-002_19.611525_80.336471,MH-002,0,0.21243366599082947,0
B,MH-002,MH-002_19.611525_80.33674,MH-002,0,0.17232656478881836,0
B,MH-002,MH-002_19.611525_80.33701,MH-002,0,0.1342833936214447,0
B,MH-002,MH-002_19.611525_80.337279,MH-002,0,0.11833267658948898,0
B,MH-002,MH-002_19.611525_80.337549,MH-002,0,0.12150014191865921,0
B,MH-002,MH-002_19.611525_80.337818,MH-002,0,0.1590666025876999,0
B,MH-002,MH-002_19.611525_80.338088,MH-002,0,0.19841788709163666,0
B,MH-002,MH-002_19.611525_80.338896,MH-002,0,0.32156652212142944,1
B,MH-002,MH-002_19.611525_80.339166,MH-002,0,0.40861445665359497,1
B,MH-002,MH-002_19.611525_80.339435,MH-002,0,0.5137574672698975,1
B,MH-002,MH-002_19.611525_80.339705,MH-002,1,0.509208619594574,1
B,MH-002,MH-002_19.611525_80.339974,MH-002,1,0.6103845238685608,1
B,MH-002,MH-002_19.611525_80.340244,MH-002,1,0.6532283425331116,1
B,MH-002,MH-002_19.611525_80.340513,MH-002,1,0.7671425342559814,1
B,MH-002,MH-002_19.611525_80.340783,MH-002,1,0.7291014790534973,1
B,MH-002,MH-002_19.611525_80.341052,MH-002,0,0.816074550151825,1
B,MH-002,MH-002_19.611525_80.343747,MH-002,0,0.033928245306015015,0
B,MH-002,MH-002_19.611525_80.344016,MH-002,0,0.016743604093790054,0
B,MH-002,MH-002_19.611525_80.344286,MH-002,0,0.010004177689552307,0
B,MH-002,MH-002_19.611525_80.344555,MH-002,0,0.009920505806803703,0
B,MH-002,MH-002_19.611525_80.344825,MH-002,0,0.01906871609389782,0
B,MH-002,MH-002_19.611525_80.345094,MH-002,0,0.040165625512599945,0
B,MH-002,MH-002_19.611525_80.345364,MH-002,0,0.07481147348880768,0
B,MH-002,MH-002_19.611525_80.345633,MH-002,1,0.09806665033102036,0
B,MH-002,MH-002_19.611525_80.345903,MH-002,1,0.17171016335487366,0
B,MH-002,MH-002_19.611525_80.346172,MH-002,1,0.24028679728507996,0
B,MH-002,MH-002_19.611525_80.346442,MH-002,0,0.2771673798561096,1
B,MH-002,MH-002_19.611525_80.346711,MH-002,0,0.2405003011226654,0
B,MH-002,MH-002_19.611525_80.346981,MH-002,0,0.24221239984035492,0
B,MH-002,MH-002_19.611525_80.34725,MH-002,0,0.24101820588111877,0
B,MH-002,MH-002_19.611525_80.34752,MH-002,0,0.21566160023212433,0
B,MH-002,MH-002_19.611525_80.347789,MH-002,0,0.20462100207805634,0
B,MH-002,MH-002_19.611525_80.348059,MH-002,0,0.2115108221769333,0
B,MH-002,MH-002_19.611525_80.348328,MH-002,0,0.2933967709541321,1
B,MH-002,MH-002_19.611525_80.348598,MH-002,1,0.28150102496147156,1
B,MH-002,MH-002_19.611525_80.348867,MH-002,0,0.2554202079772949,1
B,MH-002,MH-002_19.611525_80.349137,MH-002,0,0.20164915919303894,0
B,MH-002,MH-002_19.611525_80.349676,MH-002,0,0.13933466374874115,0
B,MH-002,MH-002_19.611525_80.349945,MH-002,0,0.1017935648560524,0
B,MH-002,MH-002_19.611525_80.350484,MH-002,0,0.08434407413005829,0
B,MH-002,MH-002_19.611525_80.350754,MH-002,0,0.06662562489509583,0
B,MH-002,MH-002_19.611525_80.351023,MH-002,0,0.07349920272827148,0
B,MH-002,MH-002_19.611525_80.351293,MH-002,0,0.08216788619756699,0
B,MH-002,MH-002_19.611525_80.351562,MH-002,0,0.13231556117534637,0
B,MH-002,MH-002_19.611525_80.351832,MH-002,0,0.19986392557621002,0
B,MH-002,MH-002_19.611256_80.335932,MH-002,0,0.276508629322052,1
B,MH-002,MH-002_19.611256_80.336201,MH-002,0,0.23712140321731567,0
B,MH-002,MH-002_19.611256_80.336471,MH-002,0,0.17228782176971436,0
B,MH-002,MH-002_19.611256_80.33674,MH-002,0,0.1413392424583435,0
B,MH-002,MH-002_19.611256_80.33701,MH-002,0,0.1276479959487915,0
B,MH-002,MH-002_19.611256_80.337279,MH-002,0,0.11761926859617233,0
B,MH-002,MH-002_19.611256_80.337549,MH-002,0,0.11117944121360779,0
B,MH-002,MH-002_19.611256_80.337818,MH-002,0,0.13927896320819855,0
B,MH-002,MH-002_19.611256_80.338088,MH-002,0,0.16844885051250458,0
B,MH-002,MH-002_19.611256_80.338357,MH-002,0,0.19035612046718597,0
B,MH-002,MH-002_19.611256_80.338627,MH-002,0,0.2278815507888794,0
B,MH-002,MH-002_19.611256_80.338896,MH-002,0,0.26705753803253174,1
B,MH-002,MH-002_19.611256_80.339166,MH-002,0,0.33384761214256287,1
B,MH-002,MH-002_19.611256_80.339435,MH-002,1,0.38982078433036804,1
B,MH-002,MH-002_19.611256_80.339705,MH-002,1,0.3682501018047333,1
B,MH-002,MH-002_19.611256_80.339974,MH-002,1,0.39138296246528625,1
B,MH-002,MH-002_19.611256_80.340244,MH-002,1,0.4773995876312256,1
B,MH-002,MH-002_19.611256_80.340513,MH-002,1,0.5095791220664978,1
B,MH-002,MH-002_19.611256_80.340783,MH-002,1,0.49065908789634705,1
B,MH-002,MH-002_19.611256_80.341052,MH-002,1,0.5717994570732117,1
B,MH-002,MH-002_19.611256_80.341322,MH-002,1,0.5439440011978149,1
B,MH-002,MH-002_19.611256_80.341591,MH-002,0,0.6372467875480652,1
B,MH-002,MH-002_19.611256_80.343747,MH-002,1,0.03591320663690567,0
B,MH-002,MH-002_19.611256_80.344016,MH-002,0,0.020272402092814445,0
B,MH-002,MH-002_19.611256_80.344286,MH-002,0,0.016407426446676254,0
B,MH-002,MH-002_19.611256_80.344555,MH-002,1,0.01958167552947998,0
B,MH-002,MH-002_19.611256_80.344825,MH-002,0,0.04569375887513161,0
B,MH-002,MH-002_19.611256_80.345094,MH-002,0,0.10258665680885315,0
B,MH-002,MH-002_19.611256_80.345364,MH-002,0,0.1313915252685547,0
B,MH-002,MH-002_19.611256_80.345633,MH-002,0,0.16083523631095886,0
B,MH-002,MH-002_19.611256_80.345903,MH-002,0,0.21923460066318512,0
B,MH-002,MH-002_19.611256_80.346172,MH-002,0,0.2567732632160187,1
B,MH-002,MH-002_19.611256_80.346442,MH-002,0,0.2786842882633209,1
B,MH-002,MH-002_19.611256_80.346711,MH-002,0,0.27251574397087097,1
B,MH-002,MH-002_19.611256_80.346981,MH-002,1,0.28439435362815857,1
B,MH-002,MH-002_19.611256_80.34725,MH-002,0,0.2749332785606384,1
B,MH-002,MH-002_19.611256_80.34752,MH-002,0,0.24309515953063965,0
B,MH-002,MH-002_19.611256_80.347789,MH-002,0,0.23123173415660858,0
B,MH-002,MH-002_19.611256_80.348059,MH-002,0,0.22768399119377136,0
B,MH-002,MH-002_19.611256_80.348328,MH-002,0,0.2558007538318634,1
B,MH-002,MH-002_19.611256_80.348598,MH-002,0,0.2367425113916397,0
B,MH-002,MH-002_19.611256_80.348867,MH-002,0,0.20339874923229218,0
B,MH-002,MH-002_19.611256_80.349406,MH-002,0,0.16525843739509583,0
B,MH-002,MH-002_19.611256_80.349676,MH-002,0,0.1257053017616272,0
B,MH-002,MH-002_19.611256_80.349945,MH-002,0,0.09990956634283066,0
B,MH-002,MH-002_19.611256_80.350484,MH-002,0,0.0805310308933258,0
B,MH-002,MH-002_19.611256_80.350754,MH-002,0,0.07867106050252914,0
B,MH-002,MH-002_19.611256_80.351023,MH-002,0,0.08373580873012543,0
B,MH-002,MH-002_19.611256_80.351293,MH-002,0,0.09414438903331757,0
B,MH-002,MH-002_19.611256_80.351562,MH-002,0,0.14785373210906982,0
B,MH-002,MH-002_19.611256_80.351832,MH-002,0,0.24040614068508148,0
B,MH-002,MH-002_19.611256_80.352101,MH-002,0,0.30651867389678955,1
B,MH-002,MH-002_19.610986_80.335932,MH-002,0,0.20574913918972015,0
B,MH-002,MH-002_19.610986_80.336201,MH-002,0,0.17952343821525574,0
B,MH-002,MH-002_19.610986_80.336471,MH-002,0,0.13197480142116547,0
B,MH-002,MH-002_19.610986_80.33674,MH-002,0,0.11938188970088959,0
B,MH-002,MH-002_19.610986_80.33701,MH-002,0,0.1056852713227272,0
B,MH-002,MH-002_19.610986_80.337279,MH-002,0,0.11311563104391098,0
B,MH-002,MH-002_19.610986_80.337549,MH-002,0,0.09541893750429153,0
B,MH-002,MH-002_19.610986_80.337818,MH-002,0,0.12102289497852325,0
B,MH-002,MH-002_19.610986_80.338088,MH-002,0,0.14381328225135803,0
B,MH-002,MH-002_19.610986_80.338357,MH-002,0,0.173502579331398,0
B,MH-002,MH-002_19.610986_80.338627,MH-002,0,0.20662963390350342,0
B,MH-002,MH-002_19.610986_80.338896,MH-002,0,0.23652051389217377,0
B,MH-002,MH-002_19.610986_80.339166,MH-002,0,0.2792961597442627,1
B,MH-002,MH-002_19.610986_80.339435,MH-002,1,0.308329701423645,1
B,MH-002,MH-002_19.610986_80.339705,MH-002,1,0.3037711977958679,1
B,MH-002,MH-002_19.610986_80.339974,MH-002,0,0.30046209692955017,1
B,MH-002,MH-002_19.610986_80.340244,MH-002,0,0.33936822414398193,1
B,MH-002,MH-002_19.610986_80.340513,MH-002,1,0.3762368857860565,1
B,MH-002,MH-002_19.610986_80.340783,MH-002,1,0.3520943224430084,1
B,MH-002,MH-002_19.610986_80.341052,MH-002,1,0.3843640387058258,1
B,MH-002,MH-002_19.610986_80.341322,MH-002,1,0.36177197098731995,1
B,MH-002,MH-002_19.610986_80.341591,MH-002,1,0.4674076437950134,1
B,MH-002,MH-002_19.610986_80.34186,MH-002,0,0.421128511428833,1
B,MH-002,MH-002_19.610986_80.34213,MH-002,0,0.42695626616477966,1
B,MH-002,MH-002_19.610986_80.343747,MH-002,0,0.05353410169482231,0
B,MH-002,MH-002_19.610986_80.344016,MH-002,0,0.04254325479269028,0
B,MH-002,MH-002_19.610986_80.344286,MH-002,0,0.02803342230618,0
B,MH-002,MH-002_19.610986_80.344555,MH-002,0,0.04639207199215889,0
B,MH-002,MH-002_19.610986_80.344825,MH-002,1,0.09542001038789749,0
B,MH-002,MH-002_19.610986_80.345094,MH-002,0,0.16201792657375336,0
B,MH-002,MH-002_19.610986_80.345364,MH-002,0,0.20933862030506134,0
B,MH-002,MH-002_19.610986_80.345633,MH-002,0,0.2101067155599594,0
B,MH-002,MH-002_19.610986_80.345903,MH-002,0,0.2530807554721832,1
B,MH-002,MH-002_19.610986_80.346172,MH-002,1,0.27593064308166504,1
B,MH-002,MH-002_19.610986_80.346442,MH-002,0,0.29849371314048767,1
B,MH-002,MH-002_19.610986_80.346711,MH-002,0,0.31414926052093506,1
B,MH-002,MH-002_19.610986_80.346981,MH-002,1,0.33217114210128784,1
B,MH-002,MH-002_19.610986_80.34725,MH-002,0,0.31133604049682617,1
B,MH-002,MH-002_19.610986_80.34752,MH-002,0,0.2969157099723816,1
B,MH-002,MH-002_19.610986_80.347789,MH-002,0,0.26942941546440125,1
B,MH-002,MH-002_19.610986_80.348059,MH-002,0,0.29552939534187317,1
B,MH-002,MH-002_19.610986_80.348328,MH-002,0,0.3406158983707428,1
B,MH-002,MH-002_19.610986_80.348598,MH-002,0,0.31961870193481445,1
B,MH-002,MH-002_19.610986_80.349406,MH-002,0,0.23203009366989136,0
B,MH-002,MH-002_19.610986_80.349676,MH-002,0,0.16240888833999634,0
B,MH-002,MH-002_19.610986_80.350215,MH-002,0,0.1168985515832901,0
B,MH-002,MH-002_19.610986_80.350484,MH-002,0,0.09144121408462524,0
B,MH-002,MH-002_19.610986_80.350754,MH-002,0,0.08676041662693024,0
B,MH-002,MH-002_19.610986_80.351023,MH-002,0,0.09370379149913788,0
B,MH-002,MH-002_19.610986_80.351293,MH-002,0,0.09590047597885132,0
B,MH-002,MH-002_19.610986_80.351562,MH-002,0,0.14869371056556702,0
B,MH-002,MH-002_19.610986_80.351832,MH-002,0,0.24147717654705048,0
B,MH-002,MH-002_19.610986_80.352101,MH-002,0,0.33604246377944946,1
B,MH-002,MH-002_19.610986_80.352371,MH-002,0,0.3928399682044983,1
B,MH-002,MH-002_19.610717_80.336201,MH-002,0,0.14876456558704376,0
B,MH-002,MH-002_19.610717_80.336471,MH-002,0,0.11138226091861725,0
B,MH-002,MH-002_19.610717_80.33674,MH-002,0,0.10548744350671768,0
B,MH-002,MH-002_19.610717_80.33701,MH-002,0,0.09786383807659149,0
B,MH-002,MH-002_19.610717_80.337279,MH-002,0,0.09275820106267929,0
B,MH-002,MH-002_19.610717_80.337549,MH-002,0,0.09273799508810043,0
B,MH-002,MH-002_19.610717_80.337818,MH-002,0,0.10719306021928787,0
B,MH-002,MH-002_19.610717_80.338088,MH-002,1,0.13434845209121704,0
B,MH-002,MH-002_19.610717_80.338357,MH-002,0,0.1711835414171219,0
B,MH-002,MH-002_19.610717_80.338627,MH-002,0,0.1847391277551651,0
B,MH-002,MH-002_19.610717_80.338896,MH-002,0,0.22485895454883575,0
B,MH-002,MH-002_19.610717_80.339166,MH-002,1,0.25184592604637146,1
B,MH-002,MH-002_19.610717_80.339435,MH-002,0,0.28706833720207214,1
B,MH-002,MH-002_19.610717_80.339705,MH-002,0,0.313078373670578,1
B,MH-002,MH-002_19.610717_80.339974,MH-002,1,0.3084261119365692,1
B,MH-002,MH-002_19.610717_80.340244,MH-002,0,0.35631904006004333,1
B,MH-002,MH-002_19.610717_80.340513,MH-002,1,0.3434513211250305,1
B,MH-002,MH-002_19.610717_80.340783,MH-002,1,0.3775654733181,1
B,MH-002,MH-002_19.610717_80.341052,MH-002,1,0.46300363540649414,1
B,MH-002,MH-002_19.610717_80.341322,MH-002,1,0.49309399724006653,1
B,MH-002,MH-002_19.610717_80.341591,MH-002,1,0.461029976606369,1
B,MH-002,MH-002_19.610717_80.34186,MH-002,1,0.46720531582832336,1
B,MH-002,MH-002_19.610717_80.34213,MH-002,0,0.4674527645111084,1
B,MH-002,MH-002_19.610717_80.342399,MH-002,0,0.46978411078453064,1
B,MH-002,MH-002_19.610717_80.344016,MH-002,0,0.097801074385643,0
B,MH-002,MH-002_19.610717_80.344286,MH-002,0,0.08659983426332474,0
B,MH-002,MH-002_19.610717_80.344555,MH-002,0,0.12123353779315948,0
B,MH-002,MH-002_19.610717_80.345364,MH-002,0,0.22250156104564667,0
B,MH-002,MH-002_19.610717_80.345633,MH-002,0,0.20974072813987732,0
B,MH-002,MH-002_19.610717_80.345903,MH-002,0,0.24969635903835297,0
B,MH-002,MH-002_19.610717_80.346172,MH-002,0,0.2553475797176361,1
B,MH-002,MH-002_19.610717_80.346442,MH-002,0,0.2878173291683197,1
B,MH-002,MH-002_19.610717_80.346711,MH-002,0,0.2862887978553772,1
B,MH-002,MH-002_19.610717_80.346981,MH-002,0,0.3390028476715088,1
B,MH-002,MH-002_19.610717_80.34725,MH-002,0,0.34373176097869873,1
B,MH-002,MH-002_19.610717_80.34752,MH-002,0,0.35416847467422485,1
B,MH-002,MH-002_19.610717_80.347789,MH-002,0,0.3472541868686676,1
B,MH-002,MH-002_19.610717_80.348059,MH-002,0,0.3228025436401367,1
B,MH-002,MH-002_19.610717_80.348328,MH-002,0,0.3668016791343689,1
B,MH-002,MH-002_19.610717_80.349137,MH-002,0,0.2998155355453491,1
B,MH-002,MH-002_19.610717_80.349406,MH-002,0,0.24248842895030975,0
B,MH-002,MH-002_19.610717_80.349676,MH-002,0,0.16473011672496796,0
B,MH-002,MH-002_19.610717_80.350215,MH-002,0,0.14657622575759888,0
B,MH-002,MH-002_19.610717_80.350484,MH-002,0,0.1109895259141922,0
B,MH-002,MH-002_19.610717_80.350754,MH-002,0,0.11158342659473419,0
B,MH-002,MH-002_19.610717_80.351023,MH-002,0,0.11194868385791779,0
B,MH-002,MH-002_19.610717_80.351293,MH-002,0,0.1334688365459442,0
B,MH-002,MH-002_19.610717_80.351562,MH-002,0,0.16605260968208313,0
B,MH-002,MH-002_19.610717_80.351832,MH-002,0,0.24952152371406555,0
B,MH-002,MH-002_19.610717_80.352101,MH-002,0,0.3518672287464142,1
B,MH-002,MH-002_19.610717_80.352371,MH-002,0,0.4104953110218048,1
B,MH-002,MH-002_19.610447_80.336201,MH-002,0,0.1178533211350441,0
B,MH-002,MH-002_19.610447_80.336471,MH-002,0,0.09027238190174103,0
B,MH-002,MH-002_19.610447_80.33674,MH-002,0,0.09410414099693298,0
B,MH-002,MH-002_19.610447_80.33701,MH-002,0,0.08729196339845657,0
B,MH-002,MH-002_19.610447_80.337279,MH-002,0,0.09943927079439163,0
B,MH-002,MH-002_19.610447_80.337549,MH-002,0,0.08620084077119827,0
B,MH-002,MH-002_19.610447_80.337818,MH-002,0,0.09981044381856918,0
B,MH-002,MH-002_19.610447_80.338088,MH-002,0,0.11786176264286041,0
B,MH-002,MH-002_19.610447_80.338357,MH-002,0,0.15808306634426117,0
B,MH-002,MH-002_19.610447_80.338627,MH-002,0,0.16422103345394135,0
B,MH-002,MH-002_19.610447_80.338896,MH-002,0,0.19152124226093292,0
B,MH-002,MH-002_19.610447_80.339166,MH-002,0,0.22951090335845947,0
B,MH-002,MH-002_19.610447_80.339435,MH-002,0,0.2678699791431427,1
B,MH-002,MH-002_19.610447_80.339705,MH-002,0,0.2933290898799896,1
B,MH-002,MH-002_19.610447_80.339974,MH-002,1,0.28955721855163574,1
B,MH-002,MH-002_19.610447_80.340244,MH-002,1,0.32719114422798157,1
B,MH-002,MH-002_19.610447_80.340513,MH-002,1,0.32364150881767273,1
B,MH-002,MH-002_19.610447_80.340783,MH-002,1,0.3846454620361328,1
B,MH-002,MH-002_19.610447_80.341052,MH-002,0,0.4300379753112793,1
B,MH-002,MH-002_19.610447_80.341322,MH-002,0,0.4234049320220947,1
B,MH-002,MH-002_19.610447_80.341591,MH-002,0,0.4097801446914673,1
B,MH-002,MH-002_19.610447_80.34186,MH-002,1,0.4596531391143799,1
B,MH-002,MH-002_19.610447_80.34213,MH-002,1,0.394372820854187,1
B,MH-002,MH-002_19.610447_80.342399,MH-002,1,0.38121497631073,1
B,MH-002,MH-002_19.610447_80.342669,MH-002,0,0.30797794461250305,1
B,MH-002,MH-002_19.610447_80.343747,MH-002,0,0.20777536928653717,0
B,MH-002,MH-002_19.610447_80.344016,MH-002,0,0.1677018254995346,0
B,MH-002,MH-002_19.610447_80.344286,MH-002,0,0.13890784978866577,0
B,MH-002,MH-002_19.610447_80.344555,MH-002,0,0.1944638043642044,0
B,MH-002,MH-002_19.610447_80.345364,MH-002,0,0.2748585045337677,1
B,MH-002,MH-002_19.610447_80.345633,MH-002,0,0.26830828189849854,1
B,MH-002,MH-002_19.610447_80.345903,MH-002,0,0.26547589898109436,1
B,MH-002,MH-002_19.610447_80.346172,MH-002,0,0.27286434173583984,1
B,MH-002,MH-002_19.610447_80.346442,MH-002,0,0.30705150961875916,1
B,MH-002,MH-002_19.610447_80.346711,MH-002,0,0.2976977527141571,1
B,MH-002,MH-002_19.610447_80.346981,MH-002,0,0.33321085572242737,1
B,MH-002,MH-002_19.610447_80.34725,MH-002,0,0.3439003825187683,1
B,MH-002,MH-002_19.610447_80.34752,MH-002,0,0.39447444677352905,1
B,MH-002,MH-002_19.610447_80.347789,MH-002,0,0.3482372760772705,1
B,MH-002,MH-002_19.610447_80.348059,MH-002,0,0.4020495116710663,1
B,MH-002,MH-002_19.610447_80.348867,MH-002,0,0.3313739001750946,1
B,MH-002,MH-002_19.610447_80.349137,MH-002,0,0.3394620418548584,1
B,MH-002,MH-002_19.610447_80.349406,MH-002,0,0.262404203414917,1
B,MH-002,MH-002_19.610447_80.349676,MH-002,0,0.22570456564426422,0
B,MH-002,MH-002_19.610447_80.350215,MH-002,0,0.16993100941181183,0
B,MH-002,MH-002_19.610447_80.350484,MH-002,0,0.1306299865245819,0
B,MH-002,MH-002_19.610447_80.350754,MH-002,0,0.14434221386909485,0
B,MH-002,MH-002_19.610447_80.351023,MH-002,0,0.14103715121746063,0
B,MH-002,MH-002_19.610447_80.351293,MH-002,0,0.1405046433210373,0
B,MH-002,MH-002_19.610447_80.351562,MH-002,0,0.1765625923871994,0
B,MH-002,MH-002_19.610447_80.351832,MH-002,0,0.22389858961105347,0
B,MH-002,MH-002_19.610447_80.352101,MH-002,0,0.3212745487689972,1
B,MH-002,MH-002_19.610447_80.352371,MH-002,0,0.4330739676952362,1
B,MH-002,MH-002_19.610447_80.35264,MH-002,0,0.4323720335960388,1
B,MH-002,MH-002_19.610178_80.336471,MH-002,0,0.08273274451494217,0
B,MH-002,MH-002_19.610178_80.33674,MH-002,0,0.08705287426710129,0
B,MH-002,MH-002_19.610178_80.33701,MH-002,0,0.07527437806129456,0
B,MH-002,MH-002_19.610178_80.337279,MH-002,0,0.08565258979797363,0
B,MH-002,MH-002_19.610178_80.337549,MH-002,0,0.09083715826272964,0
B,MH-002,MH-002_19.610178_80.337818,MH-002,0,0.0961107537150383,0
B,MH-002,MH-002_19.610178_80.338088,MH-002,0,0.11819255352020264,0
B,MH-002,MH-002_19.610178_80.338357,MH-002,0,0.13906437158584595,0
B,MH-002,MH-002_19.610178_80.338627,MH-002,0,0.15822170674800873,0
B,MH-002,MH-002_19.610178_80.338896,MH-002,0,0.1851835995912552,0
B,MH-002,MH-002_19.610178_80.339166,MH-002,0,0.2438950389623642,0
B,MH-002,MH-002_19.610178_80.339435,MH-002,0,0.27118203043937683,1
B,MH-002,MH-002_19.610178_80.339705,MH-002,0,0.27437666058540344,1
B,MH-002,MH-002_19.610178_80.339974,MH-002,0,0.26129433512687683,1
B,MH-002,MH-002_19.610178_80.340244,MH-002,0,0.2875606119632721,1
B,MH-002,MH-002_19.610178_80.340513,MH-002,0,0.3030414879322052,1
B,MH-002,MH-002_19.610178_80.340783,MH-002,1,0.32653293013572693,1
B,MH-002,MH-002_19.610178_80.341052,MH-002,0,0.36231154203414917,1
B,MH-002,MH-002_19.610178_80.341322,MH-002,1,0.38620713353157043,1
B,MH-002,MH-002_19.610178_80.341591,MH-002,1,0.3869117200374603,1
B,MH-002,MH-002_19.610178_80.34186,MH-002,1,0.45526939630508423,1
B,MH-002,MH-002_19.610178_80.34213,MH-002,1,0.4434269368648529,1
B,MH-002,MH-002_19.610178_80.342399,MH-002,1,0.4529445767402649,1
B,MH-002,MH-002_19.610178_80.342669,MH-002,1,0.3942928612232208,1
B,MH-002,MH-002_19.610178_80.342938,MH-002,0,0.44648563861846924,1
B,MH-002,MH-002_19.610178_80.344016,MH-002,1,0.33249616622924805,1
B,MH-002,MH-002_19.610178_80.344555,MH-002,0,0.293546199798584,1
B,MH-002,MH-002_19.610178_80.344825,MH-002,0,0.32619887590408325,1
B,MH-002,MH-002_19.610178_80.345094,MH-002,0,0.34688517451286316,1
B,MH-002,MH-002_19.610178_80.345364,MH-002,0,0.30615532398223877,1
B,MH-002,MH-002_19.610178_80.345633,MH-002,0,0.30028581619262695,1
B,MH-002,MH-002_19.610178_80.345903,MH-002,0,0.30502182245254517,1
B,MH-002,MH-002_19.610178_80.346172,MH-002,0,0.31059667468070984,1
B,MH-002,MH-002_19.610178_80.346442,MH-002,0,0.30643758177757263,1
B,MH-002,MH-002_19.610178_80.346711,MH-002,0,0.35707953572273254,1
B,MH-002,MH-002_19.610178_80.346981,MH-002,0,0.3617049753665924,1
B,MH-002,MH-002_19.610178_80.34725,MH-002,0,0.4006682336330414,1
B,MH-002,MH-002_19.610178_80.34752,MH-002,0,0.44668877124786377,1
B,MH-002,MH-002_19.610178_80.347789,MH-002,0,0.4511830508708954,1
B,MH-002,MH-002_19.610178_80.348059,MH-002,1,0.4652535617351532,1
B,MH-002,MH-002_19.610178_80.348598,MH-002,0,0.4574417471885681,1
B,MH-002,MH-002_19.610178_80.348867,MH-002,0,0.37719935178756714,1
B,MH-002,MH-002_19.610178_80.349137,MH-002,0,0.3489006459712982,1
B,MH-002,MH-002_19.610178_80.349406,MH-002,0,0.26399311423301697,1
B,MH-002,MH-002_19.610178_80.349676,MH-002,0,0.1999322921037674,0
B,MH-002,MH-002_19.610178_80.349945,MH-002,0,0.1512642502784729,0
B,MH-002,MH-002_19.610178_80.350215,MH-002,0,0.1585228592157364,0
B,MH-002,MH-002_19.610178_80.350484,MH-002,0,0.13332915306091309,0
B,MH-002,MH-002_19.610178_80.350754,MH-002,0,0.1495414674282074,0
B,MH-002,MH-002_19.610178_80.351023,MH-002,0,0.130675807595253,0
B,MH-002,MH-002_19.610178_80.351293,MH-002,0,0.1348598748445511,0
B,MH-002,MH-002_19.610178_80.351562,MH-002,0,0.16174696385860443,0
B,MH-002,MH-002_19.610178_80.351832,MH-002,0,0.20987901091575623,0
B,MH-002,MH-002_19.610178_80.352101,MH-002,0,0.28465667366981506,1
B,MH-002,MH-002_19.610178_80.352371,MH-002,0,0.3896881639957428,1
B,MH-002,MH-002_19.610178_80.35264,MH-002,0,0.4372725188732147,1
B,MH-002,MH-002_19.610178_80.35291,MH-002,0,0.4848831295967102,1
B,MH-002,MH-002_19.609908_80.336471,MH-002,0,0.07972552627325058,0
B,MH-002,MH-002_19.609908_80.33674,MH-002,0,0.084608294069767,0
B,MH-002,MH-002_19.609908_80.33701,MH-002,0,0.06860794872045517,0
B,MH-002,MH-002_19.609908_80.337279,MH-002,0,0.07498166710138321,0
B,MH-002,MH-002_19.609908_80.337549,MH-002,0,0.07597054541110992,0
B,MH-002,MH-002_19.609908_80.337818,MH-002,0,0.08749093115329742,0
B,MH-002,MH-002_19.609908_80.338088,MH-002,0,0.09549535065889359,0
B,MH-002,MH-002_19.609908_80.338357,MH-002,0,0.10832629352807999,0
B,MH-002,MH-002_19.609908_80.338627,MH-002,0,0.13835784792900085,0
B,MH-002,MH-002_19.609908_80.338896,MH-002,0,0.1515432745218277,0
B,MH-002,MH-002_19.609908_80.339166,MH-002,0,0.18666522204875946,0
B,MH-002,MH-002_19.609908_80.339435,MH-002,0,0.21479369699954987,0
B,MH-002,MH-002_19.609908_80.339705,MH-002,0,0.2235962301492691,0
B,MH-002,MH-002_19.609908_80.339974,MH-002,0,0.21458368003368378,0
B,MH-002,MH-002_19.609908_80.340244,MH-002,0,0.22686758637428284,0
B,MH-002,MH-002_19.609908_80.340513,MH-002,0,0.24491442739963531,0
B,MH-002,MH-002_19.609908_80.340783,MH-002,1,0.22853058576583862,0
B,MH-002,MH-002_19.609908_80.341052,MH-002,0,0.3261120617389679,1
B,MH-002,MH-002_19.609908_80.341322,MH-002,1,0.30420351028442383,1
B,MH-002,MH-002_19.609908_80.341591,MH-002,1,0.30013513565063477,1
B,MH-002,MH-002_19.609908_80.34186,MH-002,1,0.3857715129852295,1
B,MH-002,MH-002_19.609908_80.34213,MH-002,1,0.3839229643344879,1
B,MH-002,MH-002_19.609908_80.342399,MH-002,1,0.4239353835582733,1
B,MH-002,MH-002_19.609908_80.342669,MH-002,1,0.4434005320072174,1
B,MH-002,MH-002_19.609908_80.342938,MH-002,1,0.4697422981262207,1
B,MH-002,MH-002_19.609908_80.343208,MH-002,0,0.3981250524520874,1
B,MH-002,MH-002_19.609908_80.343477,MH-002,0,0.45434242486953735,1
B,MH-002,MH-002_19.609908_80.344286,MH-002,1,0.4069618880748749,1
B,MH-002,MH-002_19.609908_80.344555,MH-002,0,0.40983012318611145,1
B,MH-002,MH-002_19.609908_80.344825,MH-002,1,0.4110749661922455,1
B,MH-002,MH-002_19.609908_80.345094,MH-002,1,0.40388572216033936,1
B,MH-002,MH-002_19.609908_80.345364,MH-002,1,0.35884857177734375,1
B,MH-002,MH-002_19.609908_80.345633,MH-002,0,0.3394306004047394,1
B,MH-002,MH-002_19.609908_80.345903,MH-002,0,0.33009469509124756,1
B,MH-002,MH-002_19.609908_80.346172,MH-002,0,0.3339976668357849,1
B,MH-002,MH-002_19.609908_80.346442,MH-002,0,0.34038546681404114,1
B,MH-002,MH-002_19.609908_80.346711,MH-002,0,0.3848802447319031,1
B,MH-002,MH-002_19.609908_80.346981,MH-002,0,0.41841432452201843,1
B,MH-002,MH-002_19.609908_80.34725,MH-002,0,0.4110262989997864,1
B,MH-002,MH-002_19.609908_80.34752,MH-002,0,0.46362969279289246,1
B,MH-002,MH-002_19.609908_80.347789,MH-002,0,0.5453924536705017,1
B,MH-002,MH-002_19.609908_80.348598,MH-002,0,0.5422740578651428,1
B,MH-002,MH-002_19.609908_80.348867,MH-002,0,0.4782063066959381,1
B,MH-002,MH-002_19.609908_80.349137,MH-002,0,0.4246537983417511,1
B,MH-002,MH-002_19.609908_80.349406,MH-002,0,0.30200648307800293,1
B,MH-002,MH-002_19.609908_80.349945,MH-002,0,0.18108472228050232,0
B,MH-002,MH-002_19.609908_80.350215,MH-002,0,0.1666146218776703,0
B,MH-002,MH-002_19.609908_80.350484,MH-002,0,0.13866597414016724,0
B,MH-002,MH-002_19.609908_80.350754,MH-002,0,0.14443470537662506,0
B,MH-002,MH-002_19.609908_80.351023,MH-002,0,0.14572753012180328,0
B,MH-002,MH-002_19.609908_80.351293,MH-002,0,0.1356411576271057,0
B,MH-002,MH-002_19.609908_80.351562,MH-002,0,0.1625402420759201,0
B,MH-002,MH-002_19.609908_80.351832,MH-002,0,0.21521693468093872,0
B,MH-002,MH-002_19.609908_80.352101,MH-002,0,0.2778814733028412,1
B,MH-002,MH-002_19.609908_80.352371,MH-002,0,0.3835913836956024,1
B,MH-002,MH-002_19.609908_80.35264,MH-002,0,0.42656487226486206,1
B,MH-002,MH-002_19.609908_80.35291,MH-002,0,0.5137996673583984,1
B,MH-002,MH-002_19.609639_80.33674,MH-002,1,0.06944287568330765,0
B,MH-002,MH-002_19.609639_80.33701,MH-002,0,0.061484236270189285,0
B,MH-002,MH-002_19.609639_80.337279,MH-002,0,0.06187467277050018,0
B,MH-002,MH-002_19.609639_80.337549,MH-002,0,0.06749965995550156,0
B,MH-002,MH-002_19.609639_80.337818,MH-002,0,0.07898594439029694,0
B,MH-002,MH-002_19.609639_80.338088,MH-002,0,0.07532882690429688,0
B,MH-002,MH-002_19.609639_80.338357,MH-002,0,0.09286201745271683,0
B,MH-002,MH-002_19.609639_80.338627,MH-002,0,0.12047623842954636,0
B,MH-002,MH-002_19.609639_80.339705,MH-002,0,0.20734602212905884,0
B,MH-002,MH-002_19.609639_80.339974,MH-002,0,0.18949608504772186,0
B,MH-002,MH-002_19.609639_80.340244,MH-002,0,0.20998015999794006,0
B,MH-002,MH-002_19.609639_80.340513,MH-002,0,0.21993935108184814,0
B,MH-002,MH-002_19.609639_80.340783,MH-002,0,0.21903514862060547,0
B,MH-002,MH-002_19.609639_80.341052,MH-002,0,0.2600465416908264,1
B,MH-002,MH-002_19.609639_80.341322,MH-002,1,0.25301626324653625,1
B,MH-002,MH-002_19.609639_80.341591,MH-002,1,0.24684423208236694,0
B,MH-002,MH-002_19.609639_80.34186,MH-002,1,0.22762054204940796,0
B,MH-002,MH-002_19.609639_80.34213,MH-002,1,0.2699437737464905,1
B,MH-002,MH-002_19.609639_80.342399,MH-002,1,0.27032148838043213,1
B,MH-002,MH-002_19.609639_80.342669,MH-002,1,0.28976282477378845,1
B,MH-002,MH-002_19.609639_80.342938,MH-002,1,0.3775622248649597,1
B,MH-002,MH-002_19.609639_80.343208,MH-002,1,0.41672611236572266,1
B,MH-002,MH-002_19.609639_80.343477,MH-002,0,0.5033191442489624,1
B,MH-002,MH-002_19.609639_80.343747,MH-002,0,0.5198733806610107,1
B,MH-002,MH-002_19.609639_80.344825,MH-002,1,0.4511074423789978,1
B,MH-002,MH-002_19.609639_80.345094,MH-002,1,0.3893483281135559,1
B,MH-002,MH-002_19.609639_80.345364,MH-002,1,0.3713432848453522,1
B,MH-002,MH-002_19.609639_80.345633,MH-002,0,0.3812974989414215,1
B,MH-002,MH-002_19.609639_80.345903,MH-002,0,0.36998820304870605,1
B,MH-002,MH-002_19.609639_80.346172,MH-002,0,0.34993115067481995,1
B,MH-002,MH-002_19.609639_80.346442,MH-002,0,0.3665335774421692,1
B,MH-002,MH-002_19.609639_80.346711,MH-002,0,0.37619760632514954,1
B,MH-002,MH-002_19.609639_80.346981,MH-002,0,0.42917752265930176,1
B,MH-002,MH-002_19.609639_80.34725,MH-002,0,0.46042877435684204,1
B,MH-002,MH-002_19.609639_80.34752,MH-002,0,0.5482590794563293,1
B,MH-002,MH-002_19.609639_80.347789,MH-002,0,0.6288303136825562,1
B,MH-002,MH-002_19.609639_80.348328,MH-002,0,0.7057846784591675,1
B,MH-002,MH-002_19.609639_80.348598,MH-002,0,0.6025708317756653,1
B,MH-002,MH-002_19.609639_80.348867,MH-002,0,0.5366544127464294,1
B,MH-002,MH-002_19.609639_80.349945,MH-002,0,0.1968400627374649,0
B,MH-002,MH-002_19.609639_80.350215,MH-002,0,0.1691439151763916,0
B,MH-002,MH-002_19.609639_80.350484,MH-002,0,0.14779075980186462,0
B,MH-002,MH-002_19.609639_80.350754,MH-002,0,0.15032093226909637,0
B,MH-002,MH-002_19.609639_80.351023,MH-002,0,0.14249691367149353,0
B,MH-002,MH-002_19.609639_80.351293,MH-002,0,0.14385978877544403,0
B,MH-002,MH-002_19.609639_80.351562,MH-002,0,0.15853489935398102,0
B,MH-002,MH-002_19.609639_80.351832,MH-002,0,0.19975657761096954,0
B,MH-002,MH-002_19.609639_80.352101,MH-002,0,0.22884707152843475,0
B,MH-002,MH-002_19.609639_80.352371,MH-002,0,0.30946624279022217,1
B,MH-002,MH-002_19.609639_80.35264,MH-002,0,0.3592674136161804,1
B,MH-002,MH-002_19.609639_80.35291,MH-002,0,0.4219362735748291,1
B,MH-002,MH-002_19.609639_80.353179,MH-002,0,0.47953954339027405,1
B,MH-002,MH-002_19.609369_80.33674,MH-002,1,0.06277868896722794,0
B,MH-002,MH-002_19.609369_80.33701,MH-002,1,0.05321982875466347,0
B,MH-002,MH-002_19.609369_80.337279,MH-002,0,0.05086957663297653,0
B,MH-002,MH-002_19.609369_80.337549,MH-002,0,0.05372920632362366,0
B,MH-002,MH-002_19.609369_80.337818,MH-002,0,0.05508441850543022,0
B,MH-002,MH-002_19.609369_80.338088,MH-002,0,0.06373713910579681,0
B,MH-002,MH-002_19.609369_80.338357,MH-002,0,0.07356300204992294,0
B,MH-002,MH-002_19.609369_80.338627,MH-002,0,0.09538700431585312,0
B,MH-002,MH-002_19.609369_80.339166,MH-002,0,0.1285145878791809,0
B,MH-002,MH-002_19.609369_80.339974,MH-002,0,0.1630176454782486,0
B,MH-002,MH-002_19.609369_80.340244,MH-002,0,0.1922425627708435,0
B,MH-002,MH-002_19.609369_80.340513,MH-002,0,0.19218292832374573,0
B,MH-002,MH-002_19.609369_80.340783,MH-002,0,0.2101932018995285,0
B,MH-002,MH-002_19.609369_80.341052,MH-002,0,0.24305208027362823,0
B,MH-002,MH-002_19.609369_80.341322,MH-002,1,0.24610386788845062,0
B,MH-002,MH-002_19.609369_80.341591,MH-002,1,0.21310526132583618,0
B,MH-002,MH-002_19.609369_80.34186,MH-002,1,0.2014554888010025,0
B,MH-002,MH-002_19.609369_80.34213,MH-002,1,0.20176096260547638,0
B,MH-002,MH-002_19.609369_80.342399,MH-002,1,0.22038377821445465,0
B,MH-002,MH-002_19.609369_80.342669,MH-002,0,0.2066137194633484,0
B,MH-002,MH-002_19.609369_80.342938,MH-002,1,0.27106258273124695,1
B,MH-002,MH-002_19.609369_80.343208,MH-002,1,0.32394272089004517,1
B,MH-002,MH-002_19.609369_80.343477,MH-002,1,0.4429573714733124,1
B,MH-002,MH-002_19.609369_80.343747,MH-002,0,0.5120879411697388,1
B,MH-002,MH-002_19.609369_80.344016,MH-002,0,0.541229784488678,1
B,MH-002,MH-002_19.609369_80.345094,MH-002,1,0.4777248203754425,1
B,MH-002,MH-002_19.609369_80.345364,MH-002,1,0.4356450140476227,1
B,MH-002,MH-002_19.609369_80.345633,MH-002,1,0.41980040073394775,1
B,MH-002,MH-002_19.609369_80.345903,MH-002,0,0.4065631926059723,1
B,MH-002,MH-002_19.609369_80.346172,MH-002,0,0.38514581322669983,1
B,MH-002,MH-002_19.609369_80.346442,MH-002,0,0.4094008207321167,1
B,MH-002,MH-002_19.609369_80.346711,MH-002,0,0.38499897718429565,1
B,MH-002,MH-002_19.609369_80.346981,MH-002,0,0.45008277893066406,1
B,MH-002,MH-002_19.609369_80.34725,MH-002,0,0.4838411808013916,1
B,MH-002,MH-002_19.609369_80.34752,MH-002,1,0.6259788274765015,1
B,MH-002,MH-002_19.609369_80.347789,MH-002,0,0.6415579915046692,1
B,MH-002,MH-002_19.609369_80.348328,MH-002,0,0.758585512638092,1
B,MH-002,MH-002_19.609369_80.348598,MH-002,0,0.7005426287651062,1
B,MH-002,MH-002_19.609369_80.349945,MH-002,0,0.24401825666427612,0
B,MH-002,MH-002_19.609369_80.350215,MH-002,0,0.21369889378547668,0
B,MH-002,MH-002_19.609369_80.350484,MH-002,0,0.18054544925689697,0
B,MH-002,MH-002_19.609369_80.350754,MH-002,0,0.17137368023395538,0
B,MH-002,MH-002_19.609369_80.351023,MH-002,0,0.1824871152639389,0
B,MH-002,MH-002_19.609369_80.351293,MH-002,0,0.18272985517978668,0
B,MH-002,MH-002_19.609369_80.351562,MH-002,0,0.18857774138450623,0
B,MH-002,MH-002_19.609369_80.351832,MH-002,0,0.21213698387145996,0
B,MH-002,MH-002_19.609369_80.352101,MH-002,0,0.28162524104118347,1
B,MH-002,MH-002_19.609369_80.352371,MH-002,0,0.36888012290000916,1
B,MH-002,MH-002_19.609369_80.35264,MH-002,0,0.3941298723220825,1
B,MH-002,MH-002_19.609369_80.35291,MH-002,0,0.4828428328037262,1
B,MH-002,MH-002_19.609369_80.353179,MH-002,0,0.5381250381469727,1
B,MH-002,MH-002_19.6091_80.33701,MH-002,1,0.051749832928180695,0
B,MH-002,MH-002_19.6091_80.337279,MH-002,0,0.05114500969648361,0
B,MH-002,MH-002_19.6091_80.337549,MH-002,0,0.0541265569627285,0
B,MH-002,MH-002_19.6091_80.337818,MH-002,0,0.058491241186857224,0
B,MH-002,MH-002_19.6091_80.338088,MH-002,0,0.06259912997484207,0
B,MH-002,MH-002_19.6091_80.338357,MH-002,0,0.06671061366796494,0
B,MH-002,MH-002_19.6091_80.338627,MH-002,0,0.09744460880756378,0
B,MH-002,MH-002_19.6091_80.338896,MH-002,0,0.11673327535390854,0
B,MH-002,MH-002_19.6091_80.339435,MH-002,0,0.14823824167251587,0
B,MH-002,MH-002_19.6091_80.339705,MH-002,0,0.17647230625152588,0
B,MH-002,MH-002_19.6091_80.340244,MH-002,0,0.15473754703998566,0
B,MH-002,MH-002_19.6091_80.340513,MH-002,0,0.14619800448417664,0
B,MH-002,MH-002_19.6091_80.340783,MH-002,0,0.16384142637252808,0
B,MH-002,MH-002_19.6091_80.341052,MH-002,0,0.16901648044586182,0
B,MH-002,MH-002_19.6091_80.341322,MH-002,0,0.17599837481975555,0
B,MH-002,MH-002_19.6091_80.341591,MH-002,0,0.14529381692409515,0
B,MH-002,MH-002_19.6091_80.34186,MH-002,1,0.11979659646749496,0
B,MH-002,MH-002_19.6091_80.34213,MH-002,1,0.12147563695907593,0
B,MH-002,MH-002_19.6091_80.342399,MH-002,1,0.13007766008377075,0
B,MH-002,MH-002_19.6091_80.342669,MH-002,1,0.13554635643959045,0
B,MH-002,MH-002_19.6091_80.342938,MH-002,1,0.1673862189054489,0
B,MH-002,MH-002_19.6091_80.343208,MH-002,1,0.18873858451843262,0
B,MH-002,MH-002_19.6091_80.343477,MH-002,1,0.2784412205219269,1
B,MH-002,MH-002_19.6091_80.343747,MH-002,1,0.37864747643470764,1
B,MH-002,MH-002_19.6091_80.344016,MH-002,0,0.45811766386032104,1
B,MH-002,MH-002_19.6091_80.344286,MH-002,0,0.49809497594833374,1
B,MH-002,MH-002_19.6091_80.345364,MH-002,1,0.4587109684944153,1
B,MH-002,MH-002_19.6091_80.345633,MH-002,1,0.43396976590156555,1
B,MH-002,MH-002_19.6091_80.345903,MH-002,1,0.42106595635414124,1
B,MH-002,MH-002_19.6091_80.346172,MH-002,1,0.4031471312046051,1
B,MH-002,MH-002_19.6091_80.346442,MH-002,0,0.4090249538421631,1
B,MH-002,MH-002_19.6091_80.346711,MH-002,1,0.39669832587242126,1
B,MH-002,MH-002_19.6091_80.346981,MH-002,0,0.4545906186103821,1
B,MH-002,MH-002_19.6091_80.34725,MH-002,0,0.5630091428756714,1
B,MH-002,MH-002_19.6091_80.34752,MH-002,0,0.6339505910873413,1
B,MH-002,MH-002_19.6091_80.347789,MH-002,0,0.7134968638420105,1
B,MH-002,MH-002_19.6091_80.348059,MH-002,0,0.7432341575622559,1
B,MH-002,MH-002_19.6091_80.348328,MH-002,0,0.7732698321342468,1
B,MH-002,MH-002_19.6091_80.348598,MH-002,0,0.7279114723205566,1
B,MH-002,MH-002_19.6091_80.350215,MH-002,1,0.2160540521144867,0
B,MH-002,MH-002_19.6091_80.350484,MH-002,1,0.20481382310390472,0
B,MH-002,MH-002_19.6091_80.350754,MH-002,0,0.2191171646118164,0
B,MH-002,MH-002_19.6091_80.351023,MH-002,0,0.20453642308712006,0
B,MH-002,MH-002_19.6091_80.351293,MH-002,0,0.1874476820230484,0
B,MH-002,MH-002_19.6091_80.351562,MH-002,0,0.19710084795951843,0
B,MH-002,MH-002_19.6091_80.351832,MH-002,1,0.24888724088668823,0
B,MH-002,MH-002_19.6091_80.352101,MH-002,0,0.2796788513660431,1
B,MH-002,MH-002_19.6091_80.352371,MH-002,0,0.3546317219734192,1
B,MH-002,MH-002_19.6091_80.35264,MH-002,0,0.419076144695282,1
B,MH-002,MH-002_19.6091_80.35291,MH-002,0,0.4204092025756836,1
B,MH-002,MH-002_19.6091_80.353179,MH-002,0,0.46740081906318665,1
B,MH-002,MH-002_19.6091_80.353449,MH-002,0,0.5244898796081543,1
B,MH-002,MH-002_19.60883_80.33701,MH-002,0,0.04102021083235741,0
B,MH-002,MH-002_19.60883_80.337279,MH-002,0,0.03621640428900719,0
B,MH-002,MH-002_19.60883_80.337549,MH-002,0,0.040511444211006165,0
B,MH-002,MH-002_19.60883_80.337818,MH-002,0,0.0382063090801239,0
B,MH-002,MH-002_19.60883_80.338088,MH-002,0,0.04631844162940979,0
B,MH-002,MH-002_19.60883_80.338357,MH-002,0,0.04807896912097931,0
B,MH-002,MH-002_19.60883_80.338627,MH-002,0,0.06906494498252869,0
B,MH-002,MH-002_19.60883_80.338896,MH-002,0,0.09071072936058044,0
B,MH-002,MH-002_19.60883_80.339166,MH-002,0,0.11459178477525711,0
B,MH-002,MH-002_19.60883_80.339705,MH-002,0,0.14449311792850494,0
B,MH-002,MH-002_19.60883_80.340513,MH-002,0,0.13393107056617737,0
B,MH-002,MH-002_19.60883_80.340783,MH-002,0,0.14018702507019043,0
B,MH-002,MH-002_19.60883_80.341052,MH-002,0,0.144290030002594,0
B,MH-002,MH-002_19.60883_80.341322,MH-002,0,0.13595230877399445,0
B,MH-002,MH-002_19.60883_80.341591,MH-002,0,0.10380388796329498,0
B,MH-002,MH-002_19.60883_80.34186,MH-002,0,0.09299135953187943,0
B,MH-002,MH-002_19.60883_80.34213,MH-002,1,0.09423250705003738,0
B,MH-002,MH-002_19.60883_80.342399,MH-002,0,0.09787927567958832,0
B,MH-002,MH-002_19.60883_80.342669,MH-002,1,0.0953267440199852,0
B,MH-002,MH-002_19.60883_80.342938,MH-002,1,0.11272300779819489,0
B,MH-002,MH-002_19.60883_80.343208,MH-002,1,0.12378203868865967,0
B,MH-002,MH-002_19.60883_80.343477,MH-002,1,0.1603463590145111,0
B,MH-002,MH-002_19.60883_80.343747,MH-002,1,0.22472354769706726,0
B,MH-002,MH-002_19.60883_80.344016,MH-002,1,0.31718817353248596,1
B,MH-002,MH-002_19.60883_80.344286,MH-002,0,0.4192078113555908,1
B,MH-002,MH-002_19.60883_80.344555,MH-002,0,0.4663045406341553,1
B,MH-002,MH-002_19.60883_80.345903,MH-002,1,0.4802492558956146,1
B,MH-002,MH-002_19.60883_80.346172,MH-002,1,0.42094340920448303,1
B,MH-002,MH-002_19.60883_80.346442,MH-002,1,0.4135953187942505,1
B,MH-002,MH-002_19.60883_80.346711,MH-002,1,0.39593619108200073,1
B,MH-002,MH-002_19.60883_80.346981,MH-002,0,0.45663461089134216,1
B,MH-002,MH-002_19.60883_80.34725,MH-002,0,0.5081186294555664,1
B,MH-002,MH-002_19.60883_80.34752,MH-002,0,0.6376227140426636,1
B,MH-002,MH-002_19.60883_80.347789,MH-002,0,0.7205927968025208,1
B,MH-002,MH-002_19.60883_80.348328,MH-002,0,0.8229244351387024,1
B,MH-002,MH-002_19.60883_80.350215,MH-002,0,0.26396745443344116,1
B,MH-002,MH-002_19.60883_80.350484,MH-002,0,0.26970186829566956,1
B,MH-002,MH-002_19.60883_80.350754,MH-002,0,0.24906060099601746,0
B,MH-002,MH-002_19.60883_80.351023,MH-002,0,0.26649364829063416,1
B,MH-002,MH-002_19.60883_80.351293,MH-002,0,0.23837846517562866,0
B,MH-002,MH-002_19.60883_80.351562,MH-002,0,0.24948589503765106,0
B,MH-002,MH-002_19.60883_80.351832,MH-002,1,0.2845842242240906,1
B,MH-002,MH-002_19.60883_80.352101,MH-002,1,0.308165043592453,1
B,MH-002,MH-002_19.60883_80.352371,MH-002,0,0.3662613034248352,1
B,MH-002,MH-002_19.60883_80.35264,MH-002,1,0.4346204698085785,1
B,MH-002,MH-002_19.60883_80.35291,MH-002,0,0.4504874646663666,1
B,MH-002,MH-002_19.60883_80.353179,MH-002,0,0.5240628719329834,1
B,MH-002,MH-002_19.60883_80.353449,MH-002,0,0.5462074875831604,1
B,MH-002,MH-002_19.60883_80.353718,MH-002,0,0.5944551825523376,1
B,MH-002,MH-002_19.608561_80.337279,MH-002,0,0.03808032348752022,0
B,MH-002,MH-002_19.608561_80.337549,MH-002,0,0.040674567222595215,0
B,MH-002,MH-002_19.608561_80.337818,MH-002,0,0.04026123508810997,0
B,MH-002,MH-002_19.608561_80.338088,MH-002,0,0.046078894287347794,0
B,MH-002,MH-002_19.608561_80.338357,MH-002,0,0.051682740449905396,0
B,MH-002,MH-002_19.608561_80.338627,MH-002,0,0.07557103037834167,0
B,MH-002,MH-002_19.608561_80.338896,MH-002,0,0.1012839674949646,0
B,MH-002,MH-002_19.608561_80.339166,MH-002,0,0.131057009100914,0
B,MH-002,MH-002_19.608561_80.339435,MH-002,0,0.14365650713443756,0
B,MH-002,MH-002_19.608561_80.340783,MH-002,0,0.1285017728805542,0
B,MH-002,MH-002_19.608561_80.341052,MH-002,0,0.10487230122089386,0
B,MH-002,MH-002_19.608561_80.341322,MH-002,0,0.0991833433508873,0
B,MH-002,MH-002_19.608561_80.341591,MH-002,0,0.0794161930680275,0
B,MH-002,MH-002_19.608561_80.34186,MH-002,0,0.0668649673461914,0
B,MH-002,MH-002_19.608561_80.34213,MH-002,0,0.06528253853321075,0
B,MH-002,MH-002_19.608561_80.342399,MH-002,0,0.06911475211381912,0
B,MH-002,MH-002_19.608561_80.342669,MH-002,1,0.06780999898910522,0
B,MH-002,MH-002_19.608561_80.342938,MH-002,1,0.07207660377025604,0
B,MH-002,MH-002_19.608561_80.343208,MH-002,1,0.08496784418821335,0
B,MH-002,MH-002_19.608561_80.343477,MH-002,1,0.10300442576408386,0
B,MH-002,MH-002_19.608561_80.343747,MH-002,1,0.1261606067419052,0
B,MH-002,MH-002_19.608561_80.344016,MH-002,1,0.1841561645269394,0
B,MH-002,MH-002_19.608561_80.344286,MH-002,1,0.2758638560771942,1
B,MH-002,MH-002_19.608561_80.344555,MH-002,1,0.3895931839942932,1
B,MH-002,MH-002_19.608561_80.344825,MH-002,0,0.4544396996498108,1
B,MH-002,MH-002_19.608561_80.345094,MH-002,0,0.4920833706855774,1
B,MH-002,MH-002_19.608561_80.346442,MH-002,1,0.3804914057254791,1
B,MH-002,MH-002_19.608561_80.346711,MH-002,1,0.37433862686157227,1
B,MH-002,MH-002_19.608561_80.346981,MH-002,1,0.43271371722221375,1
B,MH-002,MH-002_19.608561_80.34725,MH-002,1,0.49313005805015564,1
B,MH-002,MH-002_19.608561_80.34752,MH-002,0,0.6180201768875122,1
B,MH-002,MH-002_19.608561_80.347789,MH-002,0,0.7164196372032166,1
B,MH-002,MH-002_19.608561_80.348059,MH-002,0,0.7490801215171814,1
B,MH-002,MH-002_19.608561_80.350484,MH-002,1,0.3093798756599426,1
B,MH-002,MH-002_19.608561_80.350754,MH-002,1,0.31403422355651855,1
B,MH-002,MH-002_19.608561_80.351023,MH-002,0,0.31920769810676575,1
B,MH-002,MH-002_19.608561_80.351293,MH-002,1,0.2904775142669678,1
B,MH-002,MH-002_19.608561_80.351562,MH-002,1,0.24777834117412567,0
B,MH-002,MH-002_19.608561_80.351832,MH-002,0,0.28107118606567383,1
B,MH-002,MH-002_19.608561_80.352101,MH-002,0,0.32575100660324097,1
B,MH-002,MH-002_19.608561_80.352371,MH-002,1,0.3664325177669525,1
B,MH-002,MH-002_19.608561_80.35264,MH-002,0,0.4034540355205536,1
B,MH-002,MH-002_19.608561_80.35291,MH-002,0,0.39671167731285095,1
B,MH-002,MH-002_19.608561_80.353179,MH-002,0,0.4651995301246643,1
B,MH-002,MH-002_19.608561_80.353449,MH-002,0,0.4845481514930725,1
B,MH-002,MH-002_19.608561_80.353718,MH-002,0,0.4324309229850769,1
B,MH-002,MH-002_19.608291_80.337549,MH-002,0,0.03888510912656784,0
B,MH-002,MH-002_19.608291_80.337818,MH-002,0,0.03456391766667366,0
B,MH-002,MH-002_19.608291_80.338088,MH-002,0,0.04372880235314369,0
B,MH-002,MH-002_19.608291_80.338357,MH-002,0,0.04516342654824257,0
B,MH-002,MH-002_19.608291_80.338627,MH-002,0,0.05663030967116356,0
B,MH-002,MH-002_19.608291_80.338896,MH-002,0,0.07922305166721344,0
B,MH-002,MH-002_19.608291_80.339166,MH-002,0,0.10436118394136429,0
B,MH-002,MH-002_19.608291_80.339435,MH-002,0,0.12919199466705322,0
B,MH-002,MH-002_19.608291_80.339705,MH-002,0,0.1421959400177002,0
B,MH-002,MH-002_19.608291_80.340244,MH-002,0,0.15198667347431183,0
B,MH-002,MH-002_19.608291_80.340513,MH-002,0,0.14435559511184692,0
B,MH-002,MH-002_19.608291_80.340783,MH-002,0,0.13177546858787537,0
B,MH-002,MH-002_19.608291_80.341322,MH-002,0,0.09503209590911865,0
B,MH-002,MH-002_19.608291_80.341591,MH-002,0,0.07584193348884583,0
B,MH-002,MH-002_19.608291_80.34186,MH-002,0,0.06663937121629715,0
B,MH-002,MH-002_19.608291_80.34213,MH-002,0,0.06274739652872086,0
B,MH-002,MH-002_19.608291_80.342399,MH-002,0,0.06344211846590042,0
B,MH-002,MH-002_19.608291_80.342669,MH-002,1,0.056793782860040665,0
B,MH-002,MH-002_19.608291_80.342938,MH-002,1,0.06906997412443161,0
B,MH-002,MH-002_19.608291_80.343208,MH-002,1,0.07351936399936676,0
B,MH-002,MH-002_19.608291_80.343477,MH-002,1,0.08587437868118286,0
B,MH-002,MH-002_19.608291_80.343747,MH-002,0,0.10973627865314484,0
B,MH-002,MH-002_19.608291_80.344016,MH-002,1,0.14778117835521698,0
B,MH-002,MH-002_19.608291_80.344286,MH-002,1,0.22023531794548035,0
B,MH-002,MH-002_19.608291_80.344555,MH-002,1,0.3091586232185364,1
B,MH-002,MH-002_19.608291_80.344825,MH-002,1,0.37504875659942627,1
B,MH-002,MH-002_19.608291_80.345094,MH-002,1,0.4176466763019562,1
B,MH-002,MH-002_19.608291_80.345364,MH-002,0,0.4452245831489563,1
B,MH-002,MH-002_19.608291_80.345633,MH-002,0,0.44928330183029175,1
B,MH-002,MH-002_19.608291_80.350754,MH-002,1,0.39182448387145996,1
B,MH-002,MH-002_19.608291_80.351023,MH-002,1,0.35438716411590576,1
B,MH-002,MH-002_19.608291_80.351293,MH-002,1,0.366469144821167,1
B,MH-002,MH-002_19.608291_80.351562,MH-002,1,0.33483442664146423,1
B,MH-002,MH-002_19.608291_80.351832,MH-002,1,0.3970724046230316,1
B,MH-002,MH-002_19.608291_80.352101,MH-002,0,0.43848925828933716,1
B,MH-002,MH-002_19.608291_80.352371,MH-002,1,0.4970475435256958,1
B,MH-002,MH-002_19.608291_80.35264,MH-002,0,0.5082322955131531,1
B,MH-002,MH-002_19.608291_80.35291,MH-002,0,0.5320919156074524,1
B,MH-002,MH-002_19.608291_80.353179,MH-002,0,0.5695567727088928,1
B,MH-002,MH-002_19.608291_80.353449,MH-002,0,0.5213512182235718,1
B,MH-002,MH-002_19.608022_80.337549,MH-002,0,0.034414999186992645,0
B,MH-002,MH-002_19.608022_80.337818,MH-002,0,0.03549332544207573,0
B,MH-002,MH-002_19.608022_80.338088,MH-002,0,0.03873370960354805,0
B,MH-002,MH-002_19.608022_80.338357,MH-002,0,0.0461428128182888,0
B,MH-002,MH-002_19.608022_80.338627,MH-002,0,0.05468441918492317,0
B,MH-002,MH-002_19.608022_80.338896,MH-002,0,0.07176852226257324,0
B,MH-002,MH-002_19.608022_80.339166,MH-002,1,0.08795411139726639,0
B,MH-002,MH-002_19.608022_80.339435,MH-002,0,0.09897364675998688,0
B,MH-002,MH-002_19.608022_80.339705,MH-002,0,0.13097965717315674,0
B,MH-002,MH-002_19.608022_80.340244,MH-002,0,0.12076173722743988,0
B,MH-002,MH-002_19.608022_80.340513,MH-002,0,0.10350063443183899,0
B,MH-002,MH-002_19.608022_80.340783,MH-002,0,0.09225951880216599,0
B,MH-002,MH-002_19.608022_80.341052,MH-002,0,0.0712524875998497,0
B,MH-002,MH-002_19.608022_80.341591,MH-002,0,0.058763328939676285,0
B,MH-002,MH-002_19.608022_80.34186,MH-002,0,0.047909706830978394,0
B,MH-002,MH-002_19.608022_80.34213,MH-002,0,0.04365554079413414,0
B,MH-002,MH-002_19.608022_80.342399,MH-002,1,0.04703407734632492,0
B,MH-002,MH-002_19.608022_80.342669,MH-002,0,0.043561454862356186,0
B,MH-002,MH-002_19.608022_80.342938,MH-002,0,0.04822768643498421,0
B,MH-002,MH-002_19.608022_80.343208,MH-002,1,0.04775087162852287,0
B,MH-002,MH-002_19.608022_80.343477,MH-002,1,0.058290574699640274,0
B,MH-002,MH-002_19.608022_80.343747,MH-002,1,0.0659124106168747,0
B,MH-002,MH-002_19.608022_80.344016,MH-002,0,0.0883130356669426,0
B,MH-002,MH-002_19.608022_80.344286,MH-002,0,0.11753842234611511,0
B,MH-002,MH-002_19.608022_80.344555,MH-002,1,0.20497670769691467,0
B,MH-002,MH-002_19.608022_80.344825,MH-002,1,0.27543386816978455,1
B,MH-002,MH-002_19.608022_80.345094,MH-002,1,0.30035480856895447,1
B,MH-002,MH-002_19.608022_80.345364,MH-002,1,0.34872815012931824,1
B,MH-002,MH-002_19.608022_80.345633,MH-002,1,0.3723714351654053,1
B,MH-002,MH-002_19.608022_80.345903,MH-002,1,0.37060287594795227,1
B,MH-002,MH-002_19.608022_80.346172,MH-002,1,0.3521251082420349,1
B,MH-002,MH-002_19.608022_80.346442,MH-002,1,0.35975050926208496,1
B,MH-002,MH-002_19.608022_80.346711,MH-002,0,0.36827126145362854,1
B,MH-002,MH-002_19.608022_80.351293,MH-002,1,0.4482980966567993,1
B,MH-002,MH-002_19.608022_80.351562,MH-002,1,0.37601450085639954,1
B,MH-002,MH-002_19.608022_80.351832,MH-002,0,0.4620731472969055,1
B,MH-002,MH-002_19.608022_80.352101,MH-002,0,0.5041122436523438,1
B,MH-002,MH-002_19.607752_80.337818,MH-002,0,0.029645390808582306,0
B,MH-002,MH-002_19.607752_80.338088,MH-002,0,0.0318157896399498,0
B,MH-002,MH-002_19.607752_80.338357,MH-002,0,0.03606068715453148,0
B,MH-002,MH-002_19.607752_80.338627,MH-002,0,0.04371568188071251,0
B,MH-002,MH-002_19.607752_80.338896,MH-002,0,0.05693725124001503,0
B,MH-002,MH-002_19.607752_80.339166,MH-002,1,0.07843814045190811,0
B,MH-002,MH-002_19.607752_80.339435,MH-002,0,0.08494723588228226,0
B,MH-002,MH-002_19.607752_80.339705,MH-002,0,0.10457951575517654,0
B,MH-002,MH-002_19.607752_80.339974,MH-002,0,0.1084253340959549,0
B,MH-002,MH-002_19.607752_80.340513,MH-002,1,0.10353145748376846,0
B,MH-002,MH-002_19.607752_80.340783,MH-002,0,0.0879131332039833,0
B,MH-002,MH-002_19.607752_80.341052,MH-002,0,0.06887107342481613,0
B,MH-002,MH-002_19.607752_80.341322,MH-002,0,0.06670834124088287,0
B,MH-002,MH-002_19.607752_80.341591,MH-002,0,0.05706879496574402,0
B,MH-002,MH-002_19.607752_80.34186,MH-002,1,0.04542180150747299,0
B,MH-002,MH-002_19.607752_80.34213,MH-002,0,0.04108167439699173,0
B,MH-002,MH-002_19.607752_80.342399,MH-002,1,0.04348868131637573,0
B,MH-002,MH-002_19.607752_80.342669,MH-002,1,0.04187066853046417,0
B,MH-002,MH-002_19.607752_80.342938,MH-002,1,0.04312999173998833,0
B,MH-002,MH-002_19.607752_80.343208,MH-002,0,0.040493838489055634,0
B,MH-002,MH-002_19.607752_80.343477,MH-002,0,0.04776519536972046,0
B,MH-002,MH-002_19.607752_80.343747,MH-002,0,0.04809141159057617,0
B,MH-002,MH-002_19.607752_80.344016,MH-002,0,0.06083696708083153,0
B,MH-002,MH-002_19.607752_80.344286,MH-002,0,0.08491112291812897,0
B,MH-002,MH-002_19.607752_80.344555,MH-002,1,0.11740279197692871,0
B,MH-002,MH-002_19.607752_80.344825,MH-002,1,0.1757081151008606,0
B,MH-002,MH-002_19.607752_80.345094,MH-002,1,0.21083825826644897,0
B,MH-002,MH-002_19.607752_80.345364,MH-002,1,0.23578158020973206,0
B,MH-002,MH-002_19.607752_80.345633,MH-002,1,0.23966728150844574,0
B,MH-002,MH-002_19.607752_80.345903,MH-002,1,0.30253419280052185,1
B,MH-002,MH-002_19.607752_80.346172,MH-002,1,0.305792897939682,1
B,MH-002,MH-002_19.607752_80.346442,MH-002,1,0.32446596026420593,1
B,MH-002,MH-002_19.607752_80.346711,MH-002,1,0.3371061682701111,1
B,MH-002,MH-002_19.607752_80.346981,MH-002,1,0.34371110796928406,1
B,MH-002,MH-002_19.607752_80.34725,MH-002,1,0.34997016191482544,1
B,MH-002,MH-002_19.607752_80.34752,MH-002,1,0.4382007420063019,1
B,MH-002,MH-002_19.607752_80.347789,MH-002,0,0.4911581575870514,1
B,MH-002,MH-002_19.607752_80.348059,MH-002,0,0.5629353523254395,1
B,MH-002,MH-002_19.607752_80.348328,MH-002,0,0.6952095031738281,1
B,MH-002,MH-002_19.607752_80.357491,MH-002,1,0.6510034799575806,1
B,MH-002,MH-002_19.607483_80.338088,MH-002,0,0.034117888659238815,0
B,MH-002,MH-002_19.607483_80.338357,MH-002,0,0.03644292429089546,0
B,MH-002,MH-002_19.607483_80.338627,MH-002,0,0.03704134374856949,0
B,MH-002,MH-002_19.607483_80.338896,MH-002,0,0.04507435858249664,0
B,MH-002,MH-002_19.607483_80.339166,MH-002,0,0.05151323974132538,0
B,MH-002,MH-002_19.607483_80.339435,MH-002,0,0.05568157136440277,0
B,MH-002,MH-002_19.607483_80.339705,MH-002,0,0.06705436110496521,0
B,MH-002,MH-002_19.607483_80.340244,MH-002,0,0.09309499710798264,0
B,MH-002,MH-002_19.607483_80.340783,MH-002,0,0.08048634231090546,0
B,MH-002,MH-002_19.607483_80.341052,MH-002,0,0.05771254003047943,0
B,MH-002,MH-002_19.607483_80.341591,MH-002,0,0.05484796315431595,0
B,MH-002,MH-002_19.607483_80.34186,MH-002,0,0.0520724281668663,0
B,MH-002,MH-002_19.607483_80.34213,MH-002,0,0.044080231338739395,0
B,MH-002,MH-002_19.607483_80.342399,MH-002,1,0.0502515472471714,0
B,MH-002,MH-002_19.607483_80.342669,MH-002,1,0.04655469208955765,0
B,MH-002,MH-002_19.607483_80.342938,MH-002,1,0.04281850904226303,0
B,MH-002,MH-002_19.607483_80.343208,MH-002,0,0.0373898483812809,0
B,MH-002,MH-002_19.607483_80.343477,MH-002,0,0.03785448521375656,0
B,MH-002,MH-002_19.607483_80.343747,MH-002,0,0.039855003356933594,0
B,MH-002,MH-002_19.607483_80.344555,MH-002,0,0.07891065627336502,0
B,MH-002,MH-002_19.607483_80.344825,MH-002,0,0.1252562701702118,0
B,MH-002,MH-002_19.607483_80.345094,MH-002,1,0.14640812575817108,0
B,MH-002,MH-002_19.607483_80.345364,MH-002,1,0.1869213730096817,0
B,MH-002,MH-002_19.607483_80.345633,MH-002,1,0.17175021767616272,0
B,MH-002,MH-002_19.607483_80.345903,MH-002,1,0.20776799321174622,0
B,MH-002,MH-002_19.607483_80.346172,MH-002,1,0.2424701601266861,0
B,MH-002,MH-002_19.607483_80.346442,MH-002,1,0.2612917423248291,1
B,MH-002,MH-002_19.607483_80.346711,MH-002,1,0.2756434381008148,1
B,MH-002,MH-002_19.607483_80.346981,MH-002,1,0.2895324230194092,1
B,MH-002,MH-002_19.607483_80.34725,MH-002,1,0.27491334080696106,1
B,MH-002,MH-002_19.607483_80.34752,MH-002,1,0.3336843252182007,1
B,MH-002,MH-002_19.607483_80.347789,MH-002,1,0.3621777594089508,1
B,MH-002,MH-002_19.607483_80.348059,MH-002,1,0.4629608988761902,1
B,MH-002,MH-002_19.607483_80.348328,MH-002,0,0.5679214596748352,1
B,MH-002,MH-002_19.607483_80.348598,MH-002,0,0.5880778431892395,1
B,MH-002,MH-002_19.607483_80.348867,MH-002,0,0.7038176655769348,1
B,MH-002,MH-002_19.607483_80.357222,MH-002,1,0.4315326511859894,1
B,MH-002,MH-002_19.607483_80.357491,MH-002,1,0.5415042638778687,1
B,MH-002,MH-002_19.607213_80.338357,MH-002,0,0.032932791858911514,0
B,MH-002,MH-002_19.607213_80.338627,MH-002,0,0.03636736422777176,0
B,MH-002,MH-002_19.607213_80.338896,MH-002,0,0.03261424973607063,0
B,MH-002,MH-002_19.607213_80.339166,MH-002,0,0.03674035146832466,0
B,MH-002,MH-002_19.607213_80.339435,MH-002,0,0.04121965169906616,0
B,MH-002,MH-002_19.607213_80.339705,MH-002,0,0.048712100833654404,0
B,MH-002,MH-002_19.607213_80.340244,MH-002,0,0.0717405378818512,0
B,MH-002,MH-002_19.607213_80.340513,MH-002,0,0.07377830892801285,0
B,MH-002,MH-002_19.607213_80.341591,MH-002,0,0.060371026396751404,0
B,MH-002,MH-002_19.607213_80.34186,MH-002,0,0.051398154348134995,0
B,MH-002,MH-002_19.607213_80.34213,MH-002,0,0.05434058979153633,0
B,MH-002,MH-002_19.607213_80.342399,MH-002,0,0.04619697481393814,0
B,MH-002,MH-002_19.607213_80.342669,MH-002,1,0.04563211649656296,0
B,MH-002,MH-002_19.607213_80.342938,MH-002,1,0.04224318265914917,0
B,MH-002,MH-002_19.607213_80.343208,MH-002,1,0.04156430438160896,0
B,MH-002,MH-002_19.607213_80.343477,MH-002,0,0.04265013709664345,0
B,MH-002,MH-002_19.607213_80.343747,MH-002,0,0.04526104778051376,0
B,MH-002,MH-002_19.607213_80.344825,MH-002,1,0.0939568504691124,0
B,MH-002,MH-002_19.607213_80.345094,MH-002,1,0.11238325387239456,0
B,MH-002,MH-002_19.607213_80.345364,MH-002,1,0.13436539471149445,0
B,MH-002,MH-002_19.607213_80.345633,MH-002,1,0.14353832602500916,0
B,MH-002,MH-002_19.607213_80.345903,MH-002,1,0.146071657538414,0
B,MH-002,MH-002_19.607213_80.346172,MH-002,1,0.1640819013118744,0
B,MH-002,MH-002_19.607213_80.346442,MH-002,1,0.17621809244155884,0
B,MH-002,MH-002_19.607213_80.346711,MH-002,1,0.19440443813800812,0
B,MH-002,MH-002_19.607213_80.346981,MH-002,1,0.2213919460773468,0
B,MH-002,MH-002_19.607213_80.34725,MH-002,1,0.21308816969394684,0
B,MH-002,MH-002_19.607213_80.34752,MH-002,1,0.2382272332906723,0
B,MH-002,MH-002_19.607213_80.347789,MH-002,1,0.25940194725990295,1
B,MH-002,MH-002_19.607213_80.348059,MH-002,1,0.3771974742412567,1
B,MH-002,MH-002_19.607213_80.348328,MH-002,1,0.5009243488311768,1
B,MH-002,MH-002_19.607213_80.348598,MH-002,0,0.5018555521965027,1
B,MH-002,MH-002_19.607213_80.348867,MH-002,0,0.5705347061157227,1
B,MH-002,MH-002_19.607213_80.349137,MH-002,0,0.5395184755325317,1
B,MH-002,MH-002_19.607213_80.356683,MH-002,0,0.17387588322162628,0
B,MH-002,MH-002_19.607213_80.356952,MH-002,1,0.23493213951587677,0
B,MH-002,MH-002_19.607213_80.357222,MH-002,0,0.32605183124542236,1
B,MH-002,MH-002_19.607213_80.357491,MH-002,0,0.4207085967063904,1
B,MH-002,MH-002_19.606944_80.338627,MH-002,0,0.03441772609949112,0
B,MH-002,MH-002_19.606944_80.338896,MH-002,0,0.029506659135222435,0
B,MH-002,MH-002_19.606944_80.339166,MH-002,0,0.02752290479838848,0
B,MH-002,MH-002_19.606944_80.339435,MH-002,0,0.032184772193431854,0
B,MH-002,MH-002_19.606944_80.339705,MH-002,0,0.036268118768930435,0
B,MH-002,MH-002_19.606944_80.339974,MH-002,0,0.04820973053574562,0
B,MH-002,MH-002_19.606944_80.340513,MH-002,0,0.06611838191747665,0
B,MH-002,MH-002_19.606944_80.340783,MH-002,0,0.06801924109458923,0
B,MH-002,MH-002_19.606944_80.341322,MH-002,0,0.05501195788383484,0
B,MH-002,MH-002_19.606944_80.341591,MH-002,0,0.05529123172163963,0
B,MH-002,MH-002_19.606944_80.34186,MH-002,0,0.05354735627770424,0
B,MH-002,MH-002_19.606944_80.34213,MH-002,0,0.04910101369023323,0
B,MH-002,MH-002_19.606944_80.342399,MH-002,0,0.04306812584400177,0
B,MH-002,MH-002_19.606944_80.342669,MH-002,0,0.04119672253727913,0
B,MH-002,MH-002_19.606944_80.342938,MH-002,0,0.03910420089960098,0
B,MH-002,MH-002_19.606944_80.343208,MH-002,0,0.04101936146616936,0
B,MH-002,MH-002_19.606944_80.343477,MH-002,0,0.04265361651778221,0
B,MH-002,MH-002_19.606944_80.343747,MH-002,0,0.04338925704360008,0
B,MH-002,MH-002_19.606944_80.344555,MH-002,1,0.0589108020067215,0
B,MH-002,MH-002_19.606944_80.345094,MH-002,0,0.08763246238231659,0
B,MH-002,MH-002_19.606944_80.345364,MH-002,1,0.11321785300970078,0
B,MH-002,MH-002_19.606944_80.345633,MH-002,1,0.12039434909820557,0
B,MH-002,MH-002_19.606944_80.345903,MH-002,0,0.1411595195531845,0
B,MH-002,MH-002_19.606944_80.346172,MH-002,1,0.1399766057729721,0
B,MH-002,MH-002_19.606944_80.346442,MH-002,1,0.1568414866924286,0
B,MH-002,MH-002_19.606944_80.346711,MH-002,1,0.15156367421150208,0
B,MH-002,MH-002_19.606944_80.346981,MH-002,1,0.1765829473733902,0
B,MH-002,MH-002_19.606944_80.34725,MH-002,1,0.16447913646697998,0
B,MH-002,MH-002_19.606944_80.34752,MH-002,1,0.17195230722427368,0
B,MH-002,MH-002_19.606944_80.347789,MH-002,1,0.18351542949676514,0
B,MH-002,MH-002_19.606944_80.348059,MH-002,1,0.272466242313385,1
B,MH-002,MH-002_19.606944_80.348328,MH-002,1,0.32791516184806824,1
B,MH-002,MH-002_19.606944_80.348598,MH-002,1,0.36994752287864685,1
B,MH-002,MH-002_19.606944_80.348867,MH-002,1,0.42426520586013794,1
B,MH-002,MH-002_19.606944_80.349137,MH-002,0,0.45563745498657227,1
B,MH-002,MH-002_19.606944_80.349406,MH-002,0,0.4899921119213104,1
B,MH-002,MH-002_19.606944_80.349676,MH-002,0,0.4312402904033661,1
B,MH-002,MH-002_19.606944_80.356144,MH-002,0,0.08439938724040985,0
B,MH-002,MH-002_19.606944_80.356413,MH-002,0,0.1031702384352684,0
B,MH-002,MH-002_19.606944_80.356683,MH-002,0,0.14092029631137848,0
B,MH-002,MH-002_19.606944_80.356952,MH-002,0,0.1646583527326584,0
B,MH-002,MH-002_19.606944_80.357222,MH-002,1,0.21122239530086517,0
B,MH-002,MH-002_19.606944_80.357491,MH-002,0,0.2980199456214905,1
B,MH-002,MH-002_19.606674_80.338627,MH-002,0,0.029009701684117317,0
B,MH-002,MH-002_19.606674_80.338896,MH-002,0,0.024358080700039864,0
B,MH-002,MH-002_19.606674_80.339166,MH-002,0,0.0293460451066494,0
B,MH-002,MH-002_19.606674_80.339435,MH-002,0,0.03041386790573597,0
B,MH-002,MH-002_19.606674_80.339705,MH-002,0,0.03523977845907211,0
B,MH-002,MH-002_19.606674_80.339974,MH-002,0,0.04057386890053749,0
B,MH-002,MH-002_19.606674_80.340244,MH-002,0,0.05638836696743965,0
B,MH-002,MH-002_19.606674_80.340513,MH-002,0,0.059923622757196426,0
B,MH-002,MH-002_19.606674_80.340783,MH-002,0,0.07331865280866623,0
B,MH-002,MH-002_19.606674_80.341052,MH-002,0,0.06592793017625809,0
B,MH-002,MH-002_19.606674_80.341322,MH-002,0,0.06358227133750916,0
B,MH-002,MH-002_19.606674_80.341591,MH-002,0,0.060173697769641876,0
B,MH-002,MH-002_19.606674_80.34186,MH-002,0,0.05099759250879288,0
B,MH-002,MH-002_19.606674_80.34213,MH-002,0,0.04937160760164261,0
B,MH-002,MH-002_19.606674_80.342399,MH-002,0,0.05071425810456276,0
B,MH-002,MH-002_19.606674_80.342669,MH-002,0,0.053989849984645844,0
B,MH-002,MH-002_19.606674_80.342938,MH-002,0,0.044839732348918915,0
B,MH-002,MH-002_19.606674_80.343208,MH-002,0,0.045622650533914566,0
B,MH-002,MH-002_19.606674_80.343477,MH-002,0,0.04416670277714729,0
B,MH-002,MH-002_19.606674_80.343747,MH-002,0,0.047939665615558624,0
B,MH-002,MH-002_19.606674_80.344016,MH-002,0,0.0519120879471302,0
B,MH-002,MH-002_19.606674_80.344555,MH-002,1,0.053879499435424805,0
B,MH-002,MH-002_19.606674_80.344825,MH-002,0,0.06022541970014572,0
B,MH-002,MH-002_19.606674_80.345364,MH-002,0,0.07297025620937347,0
B,MH-002,MH-002_19.606674_80.345633,MH-002,0,0.07737276703119278,0
B,MH-002,MH-002_19.606674_80.345903,MH-002,0,0.07857159525156021,0
B,MH-002,MH-002_19.606674_80.346172,MH-002,0,0.08924034237861633,0
B,MH-002,MH-002_19.606674_80.346442,MH-002,1,0.1054893359541893,0
B,MH-002,MH-002_19.606674_80.346711,MH-002,0,0.11821691691875458,0
B,MH-002,MH-002_19.606674_80.346981,MH-002,0,0.1396910697221756,0
B,MH-002,MH-002_19.606674_80.34725,MH-002,0,0.14905038475990295,0
B,MH-002,MH-002_19.606674_80.34752,MH-002,1,0.14811493456363678,0
B,MH-002,MH-002_19.606674_80.347789,MH-002,1,0.1698760688304901,0
B,MH-002,MH-002_19.606674_80.348059,MH-002,1,0.188291534781456,0
B,MH-002,MH-002_19.606674_80.348328,MH-002,1,0.21745426952838898,0
B,MH-002,MH-002_19.606674_80.348598,MH-002,1,0.24500392377376556,0
B,MH-002,MH-002_19.606674_80.348867,MH-002,1,0.28699615597724915,1
B,MH-002,MH-002_19.606674_80.349137,MH-002,1,0.29529324173927307,1
B,MH-002,MH-002_19.606674_80.349406,MH-002,1,0.3522949814796448,1
B,MH-002,MH-002_19.606674_80.349676,MH-002,0,0.330238938331604,1
B,MH-002,MH-002_19.606674_80.349945,MH-002,0,0.4232636094093323,1
B,MH-002,MH-002_19.606674_80.350215,MH-002,0,0.4651435911655426,1
B,MH-002,MH-002_19.606674_80.355605,MH-002,0,0.030608361586928368,0
B,MH-002,MH-002_19.606674_80.355874,MH-002,0,0.0557534284889698,0
B,MH-002,MH-002_19.606674_80.356144,MH-002,0,0.08535338193178177,0
B,MH-002,MH-002_19.606674_80.356413,MH-002,0,0.10247691720724106,0
B,MH-002,MH-002_19.606674_80.356683,MH-002,0,0.10439586639404297,0
B,MH-002,MH-002_19.606674_80.356952,MH-002,0,0.10840222239494324,0
B,MH-002,MH-002_19.606405_80.338896,MH-002,0,0.025076407939195633,0
B,MH-002,MH-002_19.606405_80.339166,MH-002,0,0.026879742741584778,0
B,MH-002,MH-002_19.606405_80.339435,MH-002,0,0.032126132398843765,0
B,MH-002,MH-002_19.606405_80.339705,MH-002,0,0.03249794989824295,0
B,MH-002,MH-002_19.606405_80.339974,MH-002,0,0.03462732583284378,0
B,MH-002,MH-002_19.606405_80.340244,MH-002,0,0.036276303231716156,0
B,MH-002,MH-002_19.606405_80.340513,MH-002,0,0.042623959481716156,0
B,MH-002,MH-002_19.606405_80.340783,MH-002,0,0.043757323175668716,0
B,MH-002,MH-002_19.606405_80.341052,MH-002,0,0.04794701188802719,0
B,MH-002,MH-002_19.606405_80.341322,MH-002,0,0.04952302575111389,0
B,MH-002,MH-002_19.606405_80.341591,MH-002,0,0.04600293189287186,0
B,MH-002,MH-002_19.606405_80.34186,MH-002,0,0.04514817148447037,0
B,MH-002,MH-002_19.606405_80.34213,MH-002,0,0.0462670773267746,0
B,MH-002,MH-002_19.606405_80.342399,MH-002,0,0.04189217835664749,0
B,MH-002,MH-002_19.606405_80.342669,MH-002,0,0.04739196598529816,0
B,MH-002,MH-002_19.606405_80.342938,MH-002,0,0.04406142234802246,0
B,MH-002,MH-002_19.606405_80.343208,MH-002,0,0.04877730458974838,0
B,MH-002,MH-002_19.606405_80.343477,MH-002,0,0.04346811771392822,0
B,MH-002,MH-002_19.606405_80.343747,MH-002,1,0.05147309973835945,0
B,MH-002,MH-002_19.606405_80.344016,MH-002,0,0.056168269366025925,0
B,MH-002,MH-002_19.606405_80.344286,MH-002,0,0.06260931491851807,0
B,MH-002,MH-002_19.606405_80.344825,MH-002,0,0.05992061272263527,0
B,MH-002,MH-002_19.606405_80.345903,MH-002,0,0.06756842136383057,0
B,MH-002,MH-002_19.606405_80.346172,MH-002,0,0.06520011276006699,0
B,MH-002,MH-002_19.606405_80.346442,MH-002,0,0.0761825293302536,0
B,MH-002,MH-002_19.606405_80.346711,MH-002,0,0.07158039510250092,0
B,MH-002,MH-002_19.606405_80.346981,MH-002,0,0.10447515547275543,0
B,MH-002,MH-002_19.606405_80.34725,MH-002,0,0.09814444929361343,0
B,MH-002,MH-002_19.606405_80.34752,MH-002,1,0.11502871662378311,0
B,MH-002,MH-002_19.606405_80.347789,MH-002,1,0.11693580448627472,0
B,MH-002,MH-002_19.606405_80.348059,MH-002,1,0.12184770405292511,0
B,MH-002,MH-002_19.606405_80.348328,MH-002,1,0.11994911730289459,0
B,MH-002,MH-002_19.606405_80.348598,MH-002,1,0.16625653207302094,0
B,MH-002,MH-002_19.606405_80.348867,MH-002,0,0.1801033765077591,0
B,MH-002,MH-002_19.606405_80.349137,MH-002,0,0.19210323691368103,0
B,MH-002,MH-002_19.606405_80.349406,MH-002,1,0.22387048602104187,0
B,MH-002,MH-002_19.606405_80.349676,MH-002,0,0.2710922062397003,1
B,MH-002,MH-002_19.606405_80.349945,MH-002,0,0.350628137588501,1
B,MH-002,MH-002_19.606405_80.350215,MH-002,0,0.41498857736587524,1
B,MH-002,MH-002_19.606405_80.350484,MH-002,0,0.39387452602386475,1
B,MH-002,MH-002_19.606405_80.355066,MH-002,1,0.04046780616044998,0
B,MH-002,MH-002_19.606405_80.355335,MH-002,0,0.04011065140366554,0
B,MH-002,MH-002_19.606405_80.355605,MH-002,0,0.04040234908461571,0
B,MH-002,MH-002_19.606405_80.355874,MH-002,0,0.06337618082761765,0
B,MH-002,MH-002_19.606405_80.356144,MH-002,0,0.10333006083965302,0
B,MH-002,MH-002_19.606405_80.356413,MH-002,0,0.11210712045431137,0
B,MH-002,MH-002_19.606405_80.356683,MH-002,0,0.10685988515615463,0
B,MH-002,MH-002_19.606405_80.356952,MH-002,0,0.11465178430080414,0
B,MH-002,MH-002_19.606405_80.357491,MH-002,0,0.10948068648576736,0
B,MH-002,MH-002_19.606135_80.339166,MH-002,0,0.025954535230994225,0
B,MH-002,MH-002_19.606135_80.339435,MH-002,0,0.02788683772087097,0
B,MH-002,MH-002_19.606135_80.339705,MH-002,0,0.03141138330101967,0
B,MH-002,MH-002_19.606135_80.339974,MH-002,0,0.029173903167247772,0
B,MH-002,MH-002_19.606135_80.340244,MH-002,0,0.034016452729701996,0
B,MH-002,MH-002_19.606135_80.340513,MH-002,0,0.03360879048705101,0
B,MH-002,MH-002_19.606135_80.340783,MH-002,0,0.03725571557879448,0
B,MH-002,MH-002_19.606135_80.341052,MH-002,0,0.04026409238576889,0
B,MH-002,MH-002_19.606135_80.341322,MH-002,0,0.04063507542014122,0
B,MH-002,MH-002_19.606135_80.341591,MH-002,0,0.040422651916742325,0
B,MH-002,MH-002_19.606135_80.34186,MH-002,0,0.04167322441935539,0
B,MH-002,MH-002_19.606135_80.34213,MH-002,0,0.040899068117141724,0
B,MH-002,MH-002_19.606135_80.342399,MH-002,0,0.03889331966638565,0
B,MH-002,MH-002_19.606135_80.342669,MH-002,0,0.04289083182811737,0
B,MH-002,MH-002_19.606135_80.342938,MH-002,0,0.040111441165208817,0
B,MH-002,MH-002_19.606135_80.343208,MH-002,0,0.03761975094676018,0
B,MH-002,MH-002_19.606135_80.343477,MH-002,0,0.04376792162656784,0
B,MH-002,MH-002_19.606135_80.343747,MH-002,1,0.0452817901968956,0
B,MH-002,MH-002_19.606135_80.344016,MH-002,0,0.05349612236022949,0
B,MH-002,MH-002_19.606135_80.344286,MH-002,0,0.048880573362112045,0
B,MH-002,MH-002_19.606135_80.345903,MH-002,0,0.046829141676425934,0
B,MH-002,MH-002_19.606135_80.346172,MH-002,0,0.045453447848558426,0
B,MH-002,MH-002_19.606135_80.346442,MH-002,0,0.0513586699962616,0
B,MH-002,MH-002_19.606135_80.346711,MH-002,0,0.055157843977212906,0
B,MH-002,MH-002_19.606135_80.346981,MH-002,0,0.07251238822937012,0
B,MH-002,MH-002_19.606135_80.34725,MH-002,0,0.08966761082410812,0
B,MH-002,MH-002_19.606135_80.34752,MH-002,0,0.09665588289499283,0
B,MH-002,MH-002_19.606135_80.347789,MH-002,0,0.10655861347913742,0
B,MH-002,MH-002_19.606135_80.348059,MH-002,1,0.09937408566474915,0
B,MH-002,MH-002_19.606135_80.348328,MH-002,1,0.11002564430236816,0
B,MH-002,MH-002_19.606135_80.348598,MH-002,1,0.12212365120649338,0
B,MH-002,MH-002_19.606135_80.348867,MH-002,0,0.143305703997612,0
B,MH-002,MH-002_19.606135_80.349137,MH-002,0,0.15919142961502075,0
B,MH-002,MH-002_19.606135_80.349406,MH-002,1,0.21041512489318848,0
B,MH-002,MH-002_19.606135_80.349676,MH-002,1,0.27336233854293823,1
B,MH-002,MH-002_19.606135_80.349945,MH-002,1,0.3595953583717346,1
B,MH-002,MH-002_19.606135_80.350215,MH-002,0,0.3692691922187805,1
B,MH-002,MH-002_19.606135_80.350484,MH-002,0,0.37988921999931335,1
B,MH-002,MH-002_19.606135_80.350754,MH-002,0,0.38053956627845764,1
B,MH-002,MH-002_19.606135_80.354527,MH-002,0,0.09774644672870636,0
B,MH-002,MH-002_19.606135_80.354796,MH-002,0,0.07304531335830688,0
B,MH-002,MH-002_19.606135_80.355066,MH-002,1,0.06177499145269394,0
B,MH-002,MH-002_19.606135_80.355335,MH-002,1,0.05897845700383186,0
B,MH-002,MH-002_19.606135_80.355605,MH-002,0,0.05086290091276169,0
B,MH-002,MH-002_19.606135_80.355874,MH-002,0,0.08082689344882965,0
B,MH-002,MH-002_19.606135_80.356144,MH-002,0,0.11059144884347916,0
B,MH-002,MH-002_19.606135_80.356413,MH-002,0,0.10611753165721893,0
B,MH-002,MH-002_19.606135_80.356683,MH-002,0,0.10210350155830383,0
B,MH-002,MH-002_19.606135_80.356952,MH-002,0,0.10106828063726425,0
B,MH-002,MH-002_19.606135_80.357491,MH-002,0,0.1225636899471283,0
B,MH-002,MH-002_19.605866_80.339166,MH-002,0,0.032606758177280426,0
B,MH-002,MH-002_19.605866_80.339435,MH-002,1,0.03467145934700966,0
B,MH-002,MH-002_19.605866_80.339705,MH-002,1,0.03675113990902901,0
B,MH-002,MH-002_19.605866_80.339974,MH-002,0,0.037971626967191696,0
B,MH-002,MH-002_19.605866_80.340244,MH-002,0,0.03765273094177246,0
B,MH-002,MH-002_19.605866_80.340513,MH-002,0,0.041149310767650604,0
B,MH-002,MH-002_19.605866_80.340783,MH-002,0,0.03799246624112129,0
B,MH-002,MH-002_19.605866_80.341052,MH-002,0,0.042469389736652374,0
B,MH-002,MH-002_19.605866_80.341322,MH-002,0,0.036163195967674255,0
B,MH-002,MH-002_19.605866_80.341591,MH-002,0,0.04488089308142662,0
B,MH-002,MH-002_19.605866_80.34186,MH-002,0,0.047509849071502686,0
B,MH-002,MH-002_19.605866_80.34213,MH-002,0,0.05013987794518471,0
B,MH-002,MH-002_19.605866_80.342399,MH-002,0,0.046020202338695526,0
B,MH-002,MH-002_19.605866_80.342669,MH-002,0,0.04360039159655571,0
B,MH-002,MH-002_19.605866_80.342938,MH-002,0,0.03566086292266846,0
B,MH-002,MH-002_19.605866_80.343208,MH-002,0,0.037939783185720444,0
B,MH-002,MH-002_19.605866_80.343477,MH-002,0,0.04410009831190109,0
B,MH-002,MH-002_19.605866_80.343747,MH-002,1,0.045793116092681885,0
B,MH-002,MH-002_19.605866_80.344016,MH-002,0,0.05373956263065338,0
B,MH-002,MH-002_19.605866_80.344286,MH-002,0,0.055420346558094025,0
B,MH-002,MH-002_19.605866_80.345903,MH-002,0,0.049134060740470886,0
B,MH-002,MH-002_19.605866_80.346172,MH-002,0,0.04690990597009659,0
B,MH-002,MH-002_19.605866_80.346442,MH-002,0,0.04755348712205887,0
B,MH-002,MH-002_19.605866_80.346711,MH-002,0,0.05134287104010582,0
B,MH-002,MH-002_19.605866_80.346981,MH-002,1,0.06829746067523956,0
B,MH-002,MH-002_19.605866_80.34725,MH-002,0,0.07415415346622467,0
B,MH-002,MH-002_19.605866_80.34752,MH-002,1,0.07481002062559128,0
B,MH-002,MH-002_19.605866_80.347789,MH-002,0,0.077300064265728,0
B,MH-002,MH-002_19.605866_80.348059,MH-002,0,0.07718217372894287,0
B,MH-002,MH-002_19.605866_80.348328,MH-002,0,0.08652195334434509,0
B,MH-002,MH-002_19.605866_80.348598,MH-002,0,0.096415214240551,0
B,MH-002,MH-002_19.605866_80.348867,MH-002,1,0.11576320976018906,0
B,MH-002,MH-002_19.605866_80.349137,MH-002,0,0.14204411208629608,0
B,MH-002,MH-002_19.605866_80.349406,MH-002,0,0.18047501146793365,0
B,MH-002,MH-002_19.605866_80.349676,MH-002,0,0.2603396475315094,1
B,MH-002,MH-002_19.605866_80.349945,MH-002,1,0.285056471824646,1
B,MH-002,MH-002_19.605866_80.350215,MH-002,1,0.34946557879447937,1
B,MH-002,MH-002_19.605866_80.350484,MH-002,0,0.3504267930984497,1
B,MH-002,MH-002_19.605866_80.350754,MH-002,0,0.3704789876937866,1
B,MH-002,MH-002_19.605866_80.351023,MH-002,0,0.4673343300819397,1
B,MH-002,MH-002_19.605866_80.354257,MH-002,0,0.21162526309490204,0
B,MH-002,MH-002_19.605866_80.354527,MH-002,0,0.14720866084098816,0
B,MH-002,MH-002_19.605866_80.354796,MH-002,1,0.11261692643165588,0
B,MH-002,MH-002_19.605866_80.355066,MH-002,0,0.11412189900875092,0
B,MH-002,MH-002_19.605866_80.355335,MH-002,0,0.09345892816781998,0
B,MH-002,MH-002_19.605866_80.355605,MH-002,0,0.0941639319062233,0
B,MH-002,MH-002_19.605866_80.355874,MH-002,0,0.11391926556825638,0
B,MH-002,MH-002_19.605866_80.356144,MH-002,0,0.13161113858222961,0
B,MH-002,MH-002_19.605866_80.356413,MH-002,0,0.11344878375530243,0
B,MH-002,MH-002_19.605866_80.356683,MH-002,0,0.11558317393064499,0
B,MH-002,MH-002_19.605866_80.356952,MH-002,0,0.10763988643884659,0
B,MH-002,MH-002_19.605866_80.357491,MH-002,0,0.11897256225347519,0
B,MH-002,MH-002_19.605596_80.339435,MH-002,1,0.04566563293337822,0
B,MH-002,MH-002_19.605596_80.339705,MH-002,1,0.04623224586248398,0
B,MH-002,MH-002_19.605596_80.339974,MH-002,0,0.04367577284574509,0
B,MH-002,MH-002_19.605596_80.340244,MH-002,0,0.051094021648168564,0
B,MH-002,MH-002_19.605596_80.340513,MH-002,0,0.0385170541703701,0
B,MH-002,MH-002_19.605596_80.340783,MH-002,0,0.04397602006793022,0
B,MH-002,MH-002_19.605596_80.341052,MH-002,0,0.0417897067964077,0
B,MH-002,MH-002_19.605596_80.341322,MH-002,0,0.04410076513886452,0
B,MH-002,MH-002_19.605596_80.341591,MH-002,0,0.04308567941188812,0
B,MH-002,MH-002_19.605596_80.34186,MH-002,0,0.049145594239234924,0
B,MH-002,MH-002_19.605596_80.34213,MH-002,0,0.04619230329990387,0
B,MH-002,MH-002_19.605596_80.342399,MH-002,0,0.046532366424798965,0
B,MH-002,MH-002_19.605596_80.342669,MH-002,0,0.04492507502436638,0
B,MH-002,MH-002_19.605596_80.342938,MH-002,0,0.03622457757592201,0
B,MH-002,MH-002_19.605596_80.343208,MH-002,0,0.03625050559639931,0
B,MH-002,MH-002_19.605596_80.343477,MH-002,1,0.04414156451821327,0
B,MH-002,MH-002_19.605596_80.343747,MH-002,1,0.041989024728536606,0
B,MH-002,MH-002_19.605596_80.344016,MH-002,0,0.04673316702246666,0
B,MH-002,MH-002_19.605596_80.344286,MH-002,0,0.04614223539829254,0
B,MH-002,MH-002_19.605596_80.345903,MH-002,0,0.03257015347480774,0
B,MH-002,MH-002_19.605596_80.346172,MH-002,0,0.029196931049227715,0
B,MH-002,MH-002_19.605596_80.346442,MH-002,0,0.03429289907217026,0
B,MH-002,MH-002_19.605596_80.346711,MH-002,0,0.04000664874911308,0
B,MH-002,MH-002_19.605596_80.346981,MH-002,1,0.054142966866493225,0
B,MH-002,MH-002_19.605596_80.34725,MH-002,1,0.06140470504760742,0
B,MH-002,MH-002_19.605596_80.34752,MH-002,0,0.05877234786748886,0
B,MH-002,MH-002_19.605596_80.347789,MH-002,1,0.06594600528478622,0
B,MH-002,MH-002_19.605596_80.348059,MH-002,0,0.059685561805963516,0
B,MH-002,MH-002_19.605596_80.348328,MH-002,0,0.06888481974601746,0
B,MH-002,MH-002_19.605596_80.348598,MH-002,0,0.07570657134056091,0
B,MH-002,MH-002_19.605596_80.348867,MH-002,1,0.08887778967618942,0
B,MH-002,MH-002_19.605596_80.349137,MH-002,0,0.08947456628084183,0
B,MH-002,MH-002_19.605596_80.349406,MH-002,0,0.11641908437013626,0
B,MH-002,MH-002_19.605596_80.349676,MH-002,0,0.15413935482501984,0
B,MH-002,MH-002_19.605596_80.349945,MH-002,1,0.2092941701412201,0
B,MH-002,MH-002_19.605596_80.350215,MH-002,1,0.30804917216300964,1
B,MH-002,MH-002_19.605596_80.350484,MH-002,1,0.3159984052181244,1
B,MH-002,MH-002_19.605596_80.350754,MH-002,0,0.358355313539505,1
B,MH-002,MH-002_19.605596_80.351023,MH-002,0,0.4497504234313965,1
B,MH-002,MH-002_19.605596_80.351293,MH-002,0,0.537493884563446,1
B,MH-002,MH-002_19.605596_80.353718,MH-002,0,0.3522753119468689,1
B,MH-002,MH-002_19.605596_80.353988,MH-002,0,0.2936573326587677,1
B,MH-002,MH-002_19.605596_80.354257,MH-002,0,0.2531871199607849,1
B,MH-002,MH-002_19.605596_80.354527,MH-002,0,0.19740615785121918,0
B,MH-002,MH-002_19.605596_80.356144,MH-002,0,0.11939945071935654,0
B,MH-002,MH-002_19.605596_80.356413,MH-002,0,0.10279957950115204,0
B,MH-002,MH-002_19.605596_80.356683,MH-002,0,0.10196267813444138,0
B,MH-002,MH-002_19.605596_80.356952,MH-002,0,0.08271487057209015,0
B,MH-002,MH-002_19.605596_80.357222,MH-002,0,0.06967688351869583,0
B,MH-002,MH-002_19.605327_80.339435,MH-002,0,0.0648307204246521,0
B,MH-002,MH-002_19.605327_80.339974,MH-002,0,0.05929034575819969,0
B,MH-002,MH-002_19.605327_80.340244,MH-002,0,0.05122330039739609,0
B,MH-002,MH-002_19.605327_80.340513,MH-002,0,0.05426088720560074,0
B,MH-002,MH-002_19.605327_80.340783,MH-002,0,0.04987018555402756,0
B,MH-002,MH-002_19.605327_80.341052,MH-002,0,0.04861697554588318,0
B,MH-002,MH-002_19.605327_80.341322,MH-002,0,0.04198700189590454,0
B,MH-002,MH-002_19.605327_80.341591,MH-002,0,0.05003608390688896,0
B,MH-002,MH-002_19.605327_80.34186,MH-002,0,0.052822500467300415,0
B,MH-002,MH-002_19.605327_80.34213,MH-002,0,0.05802705138921738,0
B,MH-002,MH-002_19.605327_80.342399,MH-002,0,0.05680098757147789,0
B,MH-002,MH-002_19.605327_80.342669,MH-002,0,0.05624377727508545,0
B,MH-002,MH-002_19.605327_80.342938,MH-002,0,0.045503560453653336,0
B,MH-002,MH-002_19.605327_80.343208,MH-002,1,0.047956034541130066,0
B,MH-002,MH-002_19.605327_80.343477,MH-002,0,0.050584807991981506,0
B,MH-002,MH-002_19.605327_80.343747,MH-002,0,0.05301603302359581,0
B,MH-002,MH-002_19.605327_80.344016,MH-002,0,0.053477101027965546,0
B,MH-002,MH-002_19.605327_80.344286,MH-002,0,0.06109601631760597,0
B,MH-002,MH-002_19.605327_80.344555,MH-002,0,0.06470760703086853,0
B,MH-002,MH-002_19.605327_80.344825,MH-002,0,0.059545379132032394,0
B,MH-002,MH-002_19.605327_80.346172,MH-002,0,0.028841353952884674,0
B,MH-002,MH-002_19.605327_80.346442,MH-002,0,0.028579313308000565,0
B,MH-002,MH-002_19.605327_80.346711,MH-002,0,0.030334748327732086,0
B,MH-002,MH-002_19.605327_80.346981,MH-002,0,0.04951608180999756,0
B,MH-002,MH-002_19.605327_80.34725,MH-002,0,0.051318272948265076,0
B,MH-002,MH-002_19.605327_80.34752,MH-002,0,0.052612870931625366,0
B,MH-002,MH-002_19.605327_80.347789,MH-002,0,0.05037914589047432,0
B,MH-002,MH-002_19.605327_80.348059,MH-002,0,0.05454458296298981,0
B,MH-002,MH-002_19.605327_80.348328,MH-002,0,0.05158825218677521,0
B,MH-002,MH-002_19.605327_80.348598,MH-002,0,0.06347904354333878,0
B,MH-002,MH-002_19.605327_80.348867,MH-002,0,0.06506840139627457,0
B,MH-002,MH-002_19.605327_80.349137,MH-002,1,0.08597516268491745,0
B,MH-002,MH-002_19.605327_80.349406,MH-002,0,0.10377053171396255,0
B,MH-002,MH-002_19.605327_80.349676,MH-002,0,0.13737376034259796,0
B,MH-002,MH-002_19.605327_80.349945,MH-002,1,0.17436523735523224,0
B,MH-002,MH-002_19.605327_80.350215,MH-002,1,0.23076467216014862,0
B,MH-002,MH-002_19.605327_80.350484,MH-002,1,0.2899337410926819,1
B,MH-002,MH-002_19.605327_80.350754,MH-002,1,0.36603882908821106,1
B,MH-002,MH-002_19.605327_80.351023,MH-002,0,0.4581354856491089,1
B,MH-002,MH-002_19.605327_80.351293,MH-002,0,0.5185365676879883,1
B,MH-002,MH-002_19.605327_80.351562,MH-002,0,0.6751118898391724,1
B,MH-002,MH-002_19.605327_80.353449,MH-002,0,0.540428638458252,1
B,MH-002,MH-002_19.605327_80.353718,MH-002,0,0.4224800169467926,1
B,MH-002,MH-002_19.605327_80.353988,MH-002,0,0.33031779527664185,1
B,MH-002,MH-002_19.605327_80.354257,MH-002,0,0.26939857006073,1
B,MH-002,MH-002_19.605327_80.355605,MH-002,0,0.1499580293893814,0
B,MH-002,MH-002_19.605327_80.355874,MH-002,0,0.14911691844463348,0
B,MH-002,MH-002_19.605327_80.356413,MH-002,0,0.10482898354530334,0
B,MH-002,MH-002_19.605327_80.356683,MH-002,0,0.09834646433591843,0
B,MH-002,MH-002_19.605327_80.356952,MH-002,0,0.08176519721746445,0
B,MH-002,MH-002_19.605327_80.357222,MH-002,0,0.07049809396266937,0
B,MH-002,MH-002_19.605327_80.357491,MH-002,0,0.07730275392532349,0
B,MH-002,MH-002_19.605057_80.339705,MH-002,0,0.05200060084462166,0
B,MH-002,MH-002_19.605057_80.339974,MH-002,0,0.04455745592713356,0
B,MH-002,MH-002_19.605057_80.340244,MH-002,0,0.05345369502902031,0
B,MH-002,MH-002_19.605057_80.340513,MH-002,0,0.04910619184374809,0
B,MH-002,MH-002_19.605057_80.340783,MH-002,0,0.05025723576545715,0
B,MH-002,MH-002_19.605057_80.341052,MH-002,0,0.044035982340574265,0
B,MH-002,MH-002_19.605057_80.341322,MH-002,0,0.04524196684360504,0
B,MH-002,MH-002_19.605057_80.341591,MH-002,0,0.04674974083900452,0
B,MH-002,MH-002_19.605057_80.34186,MH-002,0,0.055054184049367905,0
B,MH-002,MH-002_19.605057_80.34213,MH-002,0,0.05201631411910057,0
B,MH-002,MH-002_19.605057_80.342399,MH-002,0,0.05538037046790123,0
B,MH-002,MH-002_19.605057_80.342669,MH-002,0,0.055228933691978455,0
B,MH-002,MH-002_19.605057_80.342938,MH-002,0,0.049968868494033813,0
B,MH-002,MH-002_19.605057_80.343208,MH-002,0,0.043784987181425095,0
B,MH-002,MH-002_19.605057_80.343477,MH-002,0,0.04714614897966385,0
B,MH-002,MH-002_19.605057_80.343747,MH-002,0,0.048684652894735336,0
B,MH-002,MH-002_19.605057_80.344016,MH-002,0,0.04331003874540329,0
B,MH-002,MH-002_19.605057_80.344286,MH-002,0,0.04687533155083656,0
B,MH-002,MH-002_19.605057_80.344555,MH-002,0,0.04573453962802887,0
B,MH-002,MH-002_19.605057_80.344825,MH-002,0,0.04866139218211174,0
B,MH-002,MH-002_19.605057_80.345364,MH-002,0,0.03630261495709419,0
B,MH-002,MH-002_19.605057_80.345903,MH-002,0,0.027439521625638008,0
B,MH-002,MH-002_19.605057_80.346172,MH-002,0,0.019716523587703705,0
B,MH-002,MH-002_19.605057_80.346442,MH-002,0,0.02252286486327648,0
B,MH-002,MH-002_19.605057_80.346711,MH-002,0,0.026870397850871086,0
B,MH-002,MH-002_19.605057_80.346981,MH-002,0,0.04063744843006134,0
B,MH-002,MH-002_19.605057_80.34725,MH-002,0,0.0478418692946434,0
B,MH-002,MH-002_19.605057_80.34752,MH-002,0,0.05011855810880661,0
B,MH-002,MH-002_19.605057_80.347789,MH-002,0,0.05036740005016327,0
B,MH-002,MH-002_19.605057_80.348059,MH-002,0,0.04584633931517601,0
B,MH-002,MH-002_19.605057_80.348328,MH-002,1,0.0452696792781353,0
B,MH-002,MH-002_19.605057_80.348598,MH-002,0,0.04556755721569061,0
B,MH-002,MH-002_19.605057_80.348867,MH-002,0,0.0532437264919281,0
B,MH-002,MH-002_19.605057_80.349137,MH-002,0,0.05475379526615143,0
B,MH-002,MH-002_19.605057_80.349406,MH-002,0,0.06663944572210312,0
B,MH-002,MH-002_19.605057_80.349676,MH-002,0,0.09994485974311829,0
B,MH-002,MH-002_19.605057_80.349945,MH-002,1,0.1482587456703186,0
B,MH-002,MH-002_19.605057_80.350215,MH-002,1,0.21409998834133148,0
B,MH-002,MH-002_19.605057_80.350484,MH-002,1,0.25015348196029663,1
B,MH-002,MH-002_19.605057_80.350754,MH-002,1,0.3177467882633209,1
B,MH-002,MH-002_19.605057_80.351023,MH-002,1,0.4097844362258911,1
B,MH-002,MH-002_19.605057_80.351293,MH-002,0,0.5321761965751648,1
B,MH-002,MH-002_19.605057_80.351562,MH-002,0,0.6389448046684265,1
B,MH-002,MH-002_19.605057_80.351832,MH-002,0,0.6774766445159912,1
B,MH-002,MH-002_19.605057_80.353449,MH-002,0,0.5717533826828003,1
B,MH-002,MH-002_19.605057_80.353718,MH-002,0,0.4333820939064026,1
B,MH-002,MH-002_19.605057_80.353988,MH-002,0,0.350312203168869,1
B,MH-002,MH-002_19.605057_80.354257,MH-002,0,0.31127220392227173,1
B,MH-002,MH-002_19.605057_80.354527,MH-002,0,0.28893542289733887,1
B,MH-002,MH-002_19.605057_80.355335,MH-002,0,0.1520761400461197,0
B,MH-002,MH-002_19.605057_80.355605,MH-002,0,0.13701874017715454,0
B,MH-002,MH-002_19.605057_80.355874,MH-002,0,0.11352139711380005,0
B,MH-002,MH-002_19.605057_80.356144,MH-002,0,0.11881512403488159,0
B,MH-002,MH-002_19.605057_80.356683,MH-002,0,0.08034191280603409,0
B,MH-002,MH-002_19.605057_80.356952,MH-002,0,0.06149757653474808,0
B,MH-002,MH-002_19.605057_80.357222,MH-002,0,0.06212939694523811,0
B,MH-002,MH-002_19.605057_80.357491,MH-002,0,0.06481463462114334,0
B,MH-002,MH-002_19.604788_80.339705,MH-002,0,0.06119120866060257,0
B,MH-002,MH-002_19.604788_80.339974,MH-002,0,0.05830073356628418,0
B,MH-002,MH-002_19.604788_80.340244,MH-002,0,0.06259039044380188,0
B,MH-002,MH-002_19.604788_80.340513,MH-002,0,0.0587698295712471,0
B,MH-002,MH-002_19.604788_80.340783,MH-002,0,0.05728376656770706,0
B,MH-002,MH-002_19.604788_80.341052,MH-002,0,0.057216838002204895,0
B,MH-002,MH-002_19.604788_80.341322,MH-002,0,0.05265441909432411,0
B,MH-002,MH-002_19.604788_80.341591,MH-002,0,0.06506384909152985,0
B,MH-002,MH-002_19.604788_80.34186,MH-002,0,0.06570661813020706,0
B,MH-002,MH-002_19.604788_80.34213,MH-002,0,0.06986311078071594,0
B,MH-002,MH-002_19.604788_80.342399,MH-002,0,0.06830984354019165,0
B,MH-002,MH-002_19.604788_80.342669,MH-002,0,0.061064478009939194,0
B,MH-002,MH-002_19.604788_80.342938,MH-002,0,0.05442803353071213,0
B,MH-002,MH-002_19.604788_80.343208,MH-002,0,0.042691778391599655,0
B,MH-002,MH-002_19.604788_80.343477,MH-002,0,0.0504223108291626,0
B,MH-002,MH-002_19.604788_80.343747,MH-002,0,0.04177602007985115,0
B,MH-002,MH-002_19.604788_80.344016,MH-002,0,0.038812339305877686,0
B,MH-002,MH-002_19.604788_80.344286,MH-002,0,0.03767676278948784,0
B,MH-002,MH-002_19.604788_80.344555,MH-002,0,0.03938090056180954,0
B,MH-002,MH-002_19.604788_80.344825,MH-002,1,0.04515314847230911,0
B,MH-002,MH-002_19.604788_80.345094,MH-002,1,0.043767049908638,0
B,MH-002,MH-002_19.604788_80.345364,MH-002,1,0.031010664999485016,0
B,MH-002,MH-002_19.604788_80.345633,MH-002,0,0.026880746707320213,0
B,MH-002,MH-002_19.604788_80.345903,MH-002,0,0.022030143067240715,0
B,MH-002,MH-002_19.604788_80.346172,MH-002,0,0.02076040953397751,0
B,MH-002,MH-002_19.604788_80.346442,MH-002,0,0.021125461906194687,0
B,MH-002,MH-002_19.604788_80.346711,MH-002,0,0.030237935483455658,0
B,MH-002,MH-002_19.604788_80.346981,MH-002,0,0.038407258689403534,0
B,MH-002,MH-002_19.604788_80.34725,MH-002,0,0.044604748487472534,0
B,MH-002,MH-002_19.604788_80.34752,MH-002,0,0.044434309005737305,0
B,MH-002,MH-002_19.604788_80.347789,MH-002,0,0.04546689614653587,0
B,MH-002,MH-002_19.604788_80.348059,MH-002,0,0.04530675709247589,0
B,MH-002,MH-002_19.604788_80.348328,MH-002,0,0.04843539744615555,0
B,MH-002,MH-002_19.604788_80.348598,MH-002,0,0.051388178020715714,0
B,MH-002,MH-002_19.604788_80.348867,MH-002,0,0.04860570654273033,0
B,MH-002,MH-002_19.604788_80.349137,MH-002,0,0.054203569889068604,0
B,MH-002,MH-002_19.604788_80.349406,MH-002,0,0.05937208607792854,0
B,MH-002,MH-002_19.604788_80.349676,MH-002,0,0.08326864242553711,0
B,MH-002,MH-002_19.604788_80.349945,MH-002,0,0.11097004264593124,0
B,MH-002,MH-002_19.604788_80.350215,MH-002,0,0.18068090081214905,0
B,MH-002,MH-002_19.604788_80.350484,MH-002,1,0.2113330215215683,0
B,MH-002,MH-002_19.604788_80.350754,MH-002,1,0.2744540870189667,1
B,MH-002,MH-002_19.604788_80.351023,MH-002,1,0.3942175805568695,1
B,MH-002,MH-002_19.604788_80.351293,MH-002,1,0.5407347083091736,1
B,MH-002,MH-002_19.604788_80.351562,MH-002,0,0.6566882729530334,1
B,MH-002,MH-002_19.604788_80.351832,MH-002,0,0.6835653781890869,1
B,MH-002,MH-002_19.604788_80.352101,MH-002,0,0.7502487301826477,1
B,MH-002,MH-002_19.604788_80.353449,MH-002,0,0.5983052253723145,1
B,MH-002,MH-002_19.604788_80.353718,MH-002,0,0.4833648204803467,1
B,MH-002,MH-002_19.604788_80.353988,MH-002,0,0.4113539159297943,1
B,MH-002,MH-002_19.604788_80.354257,MH-002,0,0.3587777316570282,1
B,MH-002,MH-002_19.604788_80.354527,MH-002,0,0.3109276592731476,1
B,MH-002,MH-002_19.604788_80.354796,MH-002,0,0.3178364634513855,1
B,MH-002,MH-002_19.604788_80.355605,MH-002,0,0.2249620407819748,0
B,MH-002,MH-002_19.604788_80.355874,MH-002,0,0.2030135989189148,0
B,MH-002,MH-002_19.604788_80.356144,MH-002,0,0.17086203396320343,0
B,MH-002,MH-002_19.604788_80.356683,MH-002,0,0.1319732666015625,0
B,MH-002,MH-002_19.604788_80.356952,MH-002,0,0.08900012075901031,0
B,MH-002,MH-002_19.604788_80.357222,MH-002,0,0.0896553099155426,0
B,MH-002,MH-002_19.604788_80.357491,MH-002,0,0.06754536926746368,0
B,MH-002,MH-002_19.604518_80.339705,MH-002,0,0.05895112827420235,0
B,MH-002,MH-002_19.604518_80.339974,MH-002,0,0.04915627837181091,0
B,MH-002,MH-002_19.604518_80.340244,MH-002,0,0.05523771047592163,0
B,MH-002,MH-002_19.604518_80.340513,MH-002,0,0.04782580956816673,0
B,MH-002,MH-002_19.604518_80.340783,MH-002,0,0.05521082505583763,0
B,MH-002,MH-002_19.604518_80.341052,MH-002,0,0.0533582866191864,0
B,MH-002,MH-002_19.604518_80.341322,MH-002,0,0.053484853357076645,0
B,MH-002,MH-002_19.604518_80.341591,MH-002,0,0.055480800569057465,0
B,MH-002,MH-002_19.604518_80.34186,MH-002,0,0.06003543362021446,0
B,MH-002,MH-002_19.604518_80.34213,MH-002,0,0.05936456471681595,0
B,MH-002,MH-002_19.604518_80.342399,MH-002,0,0.06170995160937309,0
B,MH-002,MH-002_19.604518_80.342669,MH-002,0,0.05045447498559952,0
B,MH-002,MH-002_19.604518_80.342938,MH-002,0,0.04657340422272682,0
B,MH-002,MH-002_19.604518_80.343208,MH-002,0,0.047942690551280975,0
B,MH-002,MH-002_19.604518_80.343477,MH-002,0,0.04652015492320061,0
B,MH-002,MH-002_19.604518_80.343747,MH-002,0,0.03793320432305336,0
B,MH-002,MH-002_19.604518_80.344016,MH-002,0,0.03100980632007122,0
B,MH-002,MH-002_19.604518_80.344286,MH-002,0,0.02923138253390789,0
B,MH-002,MH-002_19.604518_80.344555,MH-002,0,0.029993420466780663,0
B,MH-002,MH-002_19.604518_80.344825,MH-002,0,0.031668879091739655,0
B,MH-002,MH-002_19.604518_80.345094,MH-002,0,0.032866910099983215,0
B,MH-002,MH-002_19.604518_80.345364,MH-002,0,0.02661062777042389,0
B,MH-002,MH-002_19.604518_80.345633,MH-002,0,0.020489612594246864,0
B,MH-002,MH-002_19.604518_80.345903,MH-002,0,0.019901946187019348,0
B,MH-002,MH-002_19.604518_80.346172,MH-002,0,0.01798461750149727,0
B,MH-002,MH-002_19.604518_80.346442,MH-002,0,0.020806491374969482,0
B,MH-002,MH-002_19.604518_80.346711,MH-002,0,0.02564704790711403,0
B,MH-002,MH-002_19.604518_80.346981,MH-002,0,0.033737603574991226,0
B,MH-002,MH-002_19.604518_80.34725,MH-002,0,0.03998372703790665,0
B,MH-002,MH-002_19.604518_80.34752,MH-002,0,0.042385533452034,0
B,MH-002,MH-002_19.604518_80.347789,MH-002,0,0.04707283899188042,0
B,MH-002,MH-002_19.604518_80.348059,MH-002,0,0.041529908776283264,0
B,MH-002,MH-002_19.604518_80.348328,MH-002,0,0.0498422235250473,0
B,MH-002,MH-002_19.604518_80.348598,MH-002,0,0.04571373388171196,0
B,MH-002,MH-002_19.604518_80.348867,MH-002,0,0.04652244970202446,0
B,MH-002,MH-002_19.604518_80.349137,MH-002,0,0.046735696494579315,0
B,MH-002,MH-002_19.604518_80.349406,MH-002,0,0.052009157836437225,0
B,MH-002,MH-002_19.604518_80.349676,MH-002,0,0.061073966324329376,0
B,MH-002,MH-002_19.604518_80.349945,MH-002,1,0.09146488457918167,0
B,MH-002,MH-002_19.604518_80.350215,MH-002,1,0.1437627077102661,0
B,MH-002,MH-002_19.604518_80.350484,MH-002,1,0.19889305531978607,0
B,MH-002,MH-002_19.604518_80.350754,MH-002,1,0.28448620438575745,1
B,MH-002,MH-002_19.604518_80.351023,MH-002,1,0.37612929940223694,1
B,MH-002,MH-002_19.604518_80.351293,MH-002,1,0.5321367383003235,1
B,MH-002,MH-002_19.604518_80.351562,MH-002,1,0.6164423823356628,1
B,MH-002,MH-002_19.604518_80.351832,MH-002,0,0.6526700854301453,1
B,MH-002,MH-002_19.604518_80.352101,MH-002,0,0.7135570645332336,1
B,MH-002,MH-002_19.604518_80.352371,MH-002,1,0.7283298373222351,1
B,MH-002,MH-002_19.604518_80.353449,MH-002,0,0.6198897957801819,1
B,MH-002,MH-002_19.604518_80.353718,MH-002,0,0.4902019202709198,1
B,MH-002,MH-002_19.604518_80.353988,MH-002,0,0.4248189330101013,1
B,MH-002,MH-002_19.604518_80.354257,MH-002,0,0.4189498722553253,1
B,MH-002,MH-002_19.604518_80.354527,MH-002,0,0.43985748291015625,1
B,MH-002,MH-002_19.604518_80.354796,MH-002,0,0.42254480719566345,1
B,MH-002,MH-002_19.604518_80.355066,MH-002,0,0.40660470724105835,1
B,MH-002,MH-002_19.604518_80.355874,MH-002,0,0.2201380580663681,0
B,MH-002,MH-002_19.604518_80.356413,MH-002,0,0.13196220993995667,0
B,MH-002,MH-002_19.604518_80.356683,MH-002,0,0.1142473965883255,0
B,MH-002,MH-002_19.604518_80.356952,MH-002,0,0.07703728973865509,0
B,MH-002,MH-002_19.604518_80.357222,MH-002,0,0.07823788374662399,0
B,MH-002,MH-002_19.604518_80.357491,MH-002,0,0.06790678948163986,0
B,MH-002,MH-002_19.604249_80.339705,MH-002,0,0.05451882258057594,0
B,MH-002,MH-002_19.604249_80.339974,MH-002,0,0.05311021953821182,0
B,MH-002,MH-002_19.604249_80.340244,MH-002,0,0.05127674341201782,0
B,MH-002,MH-002_19.604249_80.340513,MH-002,0,0.04962855949997902,0
B,MH-002,MH-002_19.604249_80.340783,MH-002,0,0.051908429712057114,0
B,MH-002,MH-002_19.604249_80.341052,MH-002,0,0.05533201992511749,0
B,MH-002,MH-002_19.604249_80.341322,MH-002,0,0.05458734184503555,0
B,MH-002,MH-002_19.604249_80.341591,MH-002,0,0.0593121275305748,0
B,MH-002,MH-002_19.604249_80.34186,MH-002,0,0.05816119536757469,0
B,MH-002,MH-002_19.604249_80.34213,MH-002,0,0.05994543433189392,0
B,MH-002,MH-002_19.604249_80.342399,MH-002,0,0.05508209764957428,0
B,MH-002,MH-002_19.604249_80.342669,MH-002,0,0.046909149736166,0
B,MH-002,MH-002_19.604249_80.342938,MH-002,0,0.04025645554065704,0
B,MH-002,MH-002_19.604249_80.343208,MH-002,0,0.04190497845411301,0
B,MH-002,MH-002_19.604249_80.343477,MH-002,0,0.03960825502872467,0
B,MH-002,MH-002_19.604249_80.343747,MH-002,0,0.034606434404850006,0
B,MH-002,MH-002_19.604249_80.344016,MH-002,0,0.030209887772798538,0
B,MH-002,MH-002_19.604249_80.344286,MH-002,0,0.02843615598976612,0
B,MH-002,MH-002_19.604249_80.344555,MH-002,0,0.026310380548238754,0
B,MH-002,MH-002_19.604249_80.344825,MH-002,0,0.028702637180685997,0
B,MH-002,MH-002_19.604249_80.345094,MH-002,0,0.028809525072574615,0
B,MH-002,MH-002_19.604249_80.345364,MH-002,0,0.023399004712700844,0
B,MH-002,MH-002_19.604249_80.345633,MH-002,0,0.02125304564833641,0
B,MH-002,MH-002_19.604249_80.345903,MH-002,0,0.019817445427179337,0
B,MH-002,MH-002_19.604249_80.346172,MH-002,0,0.018422339111566544,0
B,MH-002,MH-002_19.604249_80.346442,MH-002,0,0.02210490219295025,0
B,MH-002,MH-002_19.604249_80.346711,MH-002,0,0.024979842826724052,0
B,MH-002,MH-002_19.604249_80.346981,MH-002,0,0.03378758206963539,0
B,MH-002,MH-002_19.604249_80.34725,MH-002,0,0.036045245826244354,0
B,MH-002,MH-002_19.604249_80.34752,MH-002,0,0.041287604719400406,0
B,MH-002,MH-002_19.604249_80.347789,MH-002,0,0.04685910791158676,0
B,MH-002,MH-002_19.604249_80.348059,MH-002,0,0.051221054047346115,0
B,MH-002,MH-002_19.604249_80.348328,MH-002,0,0.05511387810111046,0
B,MH-002,MH-002_19.604249_80.348598,MH-002,0,0.053580574691295624,0
B,MH-002,MH-002_19.604249_80.348867,MH-002,0,0.04887678101658821,0
B,MH-002,MH-002_19.604249_80.349137,MH-002,0,0.05419519916176796,0
B,MH-002,MH-002_19.604249_80.349406,MH-002,0,0.05663405358791351,0
B,MH-002,MH-002_19.604249_80.349676,MH-002,0,0.06389085948467255,0
B,MH-002,MH-002_19.604249_80.349945,MH-002,0,0.09498310834169388,0
B,MH-002,MH-002_19.604249_80.350215,MH-002,0,0.12938924133777618,0
B,MH-002,MH-002_19.604249_80.350484,MH-002,0,0.18812964856624603,0
B,MH-002,MH-002_19.604249_80.350754,MH-002,0,0.27089542150497437,1
B,MH-002,MH-002_19.604249_80.351023,MH-002,1,0.35546669363975525,1
B,MH-002,MH-002_19.604249_80.351293,MH-002,1,0.5002968907356262,1
B,MH-002,MH-002_19.604249_80.351562,MH-002,1,0.5730546712875366,1
B,MH-002,MH-002_19.604249_80.351832,MH-002,0,0.6115520596504211,1
B,MH-002,MH-002_19.604249_80.352101,MH-002,0,0.6768004298210144,1
B,MH-002,MH-002_19.604249_80.352371,MH-002,0,0.7039879560470581,1
B,MH-002,MH-002_19.604249_80.35264,MH-002,1,0.7518875598907471,1
B,MH-002,MH-002_19.604249_80.353718,MH-002,0,0.5539829134941101,1
B,MH-002,MH-002_19.604249_80.353988,MH-002,0,0.49912509322166443,1
B,MH-002,MH-002_19.604249_80.354257,MH-002,0,0.5007071495056152,1
B,MH-002,MH-002_19.604249_80.354527,MH-002,0,0.5149316191673279,1
B,MH-002,MH-002_19.604249_80.354796,MH-002,0,0.5108678340911865,1
B,MH-002,MH-002_19.604249_80.355066,MH-002,0,0.4640251100063324,1
B,MH-002,MH-002_19.604249_80.355335,MH-002,0,0.4693126082420349,1
B,MH-002,MH-002_19.604249_80.356144,MH-002,0,0.3360484540462494,1
B,MH-002,MH-002_19.604249_80.356683,MH-002,0,0.21767356991767883,0
B,MH-002,MH-002_19.604249_80.356952,MH-002,0,0.16262181103229523,0
B,MH-002,MH-002_19.604249_80.357222,MH-002,0,0.17019608616828918,0
B,MH-002,MH-002_19.604249_80.357491,MH-002,0,0.1294446885585785,0
B,MH-002,MH-002_19.603979_80.339705,MH-002,0,0.04825601726770401,0
B,MH-002,MH-002_19.603979_80.339974,MH-002,0,0.045651745051145554,0
B,MH-002,MH-002_19.603979_80.340244,MH-002,0,0.04976923018693924,0
B,MH-002,MH-002_19.603979_80.340513,MH-002,0,0.04841243475675583,0
B,MH-002,MH-002_19.603979_80.340783,MH-002,0,0.05109214410185814,0
B,MH-002,MH-002_19.603979_80.341052,MH-002,0,0.051234401762485504,0
B,MH-002,MH-002_19.603979_80.341322,MH-002,0,0.05767461284995079,0
B,MH-002,MH-002_19.603979_80.341591,MH-002,0,0.05568766966462135,0
B,MH-002,MH-002_19.603979_80.34186,MH-002,0,0.06072742119431496,0
B,MH-002,MH-002_19.603979_80.34213,MH-002,0,0.0535261444747448,0
B,MH-002,MH-002_19.603979_80.342399,MH-002,0,0.045206937938928604,0
B,MH-002,MH-002_19.603979_80.342669,MH-002,0,0.039183489978313446,0
B,MH-002,MH-002_19.603979_80.342938,MH-002,0,0.036262184381484985,0
B,MH-002,MH-002_19.603979_80.343208,MH-002,0,0.035678837448358536,0
B,MH-002,MH-002_19.603979_80.343477,MH-002,0,0.032655369490385056,0
B,MH-002,MH-002_19.603979_80.343747,MH-002,0,0.02902069315314293,0
B,MH-002,MH-002_19.603979_80.344016,MH-002,0,0.02524101734161377,0
B,MH-002,MH-002_19.603979_80.344286,MH-002,0,0.026813646778464317,0
B,MH-002,MH-002_19.603979_80.344555,MH-002,0,0.022118130698800087,0
B,MH-002,MH-002_19.603979_80.344825,MH-002,0,0.023883098736405373,0
B,MH-002,MH-002_19.603979_80.345094,MH-002,0,0.01990402117371559,0
B,MH-002,MH-002_19.603979_80.345364,MH-002,0,0.01842876337468624,0
B,MH-002,MH-002_19.603979_80.345633,MH-002,0,0.017785103991627693,0
B,MH-002,MH-002_19.603979_80.345903,MH-002,0,0.02010951191186905,0
B,MH-002,MH-002_19.603979_80.346172,MH-002,0,0.01825270988047123,0
B,MH-002,MH-002_19.603979_80.346442,MH-002,0,0.02382027730345726,0
B,MH-002,MH-002_19.603979_80.346711,MH-002,0,0.026522072032094002,0
B,MH-002,MH-002_19.603979_80.346981,MH-002,0,0.0363798514008522,0
B,MH-002,MH-002_19.603979_80.34725,MH-002,0,0.034785591065883636,0
B,MH-002,MH-002_19.603979_80.34752,MH-002,0,0.0457192063331604,0
B,MH-002,MH-002_19.603979_80.347789,MH-002,0,0.0488291010260582,0
B,MH-002,MH-002_19.603979_80.348059,MH-002,0,0.05359426140785217,0
B,MH-002,MH-002_19.603979_80.348328,MH-002,0,0.05844530463218689,0
B,MH-002,MH-002_19.603979_80.348598,MH-002,0,0.05458765849471092,0
B,MH-002,MH-002_19.603979_80.348867,MH-002,0,0.05309472978115082,0
B,MH-002,MH-002_19.603979_80.349137,MH-002,0,0.05048674717545509,0
B,MH-002,MH-002_19.603979_80.349406,MH-002,0,0.052710771560668945,0
B,MH-002,MH-002_19.603979_80.349676,MH-002,0,0.06319291144609451,0
B,MH-002,MH-002_19.603979_80.349945,MH-002,0,0.09348563104867935,0
B,MH-002,MH-002_19.603979_80.350215,MH-002,0,0.13936041295528412,0
B,MH-002,MH-002_19.603979_80.350484,MH-002,0,0.17086729407310486,0
B,MH-002,MH-002_19.603979_80.350754,MH-002,0,0.24739064276218414,0
B,MH-002,MH-002_19.603979_80.351023,MH-002,1,0.31406575441360474,1
B,MH-002,MH-002_19.603979_80.351293,MH-002,1,0.4663001000881195,1
B,MH-002,MH-002_19.603979_80.351562,MH-002,1,0.5337127447128296,1
B,MH-002,MH-002_19.603979_80.351832,MH-002,0,0.591916024684906,1
B,MH-002,MH-002_19.603979_80.352101,MH-002,0,0.6362842917442322,1
B,MH-002,MH-002_19.603979_80.352371,MH-002,0,0.687670111656189,1
B,MH-002,MH-002_19.603979_80.35264,MH-002,0,0.7388023138046265,1
B,MH-002,MH-002_19.603979_80.353718,MH-002,0,0.6440027356147766,1
B,MH-002,MH-002_19.603979_80.353988,MH-002,0,0.6664062142372131,1
B,MH-002,MH-002_19.603979_80.354257,MH-002,0,0.6826357841491699,1
B,MH-002,MH-002_19.603979_80.354527,MH-002,0,0.6929824352264404,1
B,MH-002,MH-002_19.603979_80.354796,MH-002,0,0.6493170857429504,1
B,MH-002,MH-002_19.603979_80.355066,MH-002,0,0.6547139286994934,1
B,MH-002,MH-002_19.603979_80.355335,MH-002,0,0.6070546507835388,1
B,MH-002,MH-002_19.603979_80.356952,MH-002,0,0.2216162532567978,0
B,MH-002,MH-002_19.603979_80.357222,MH-002,0,0.23385727405548096,0
B,MH-002,MH-002_19.603979_80.357491,MH-002,0,0.21537074446678162,0
B,MH-002,MH-002_19.60371_80.339974,MH-002,0,0.04918747767806053,0
B,MH-002,MH-002_19.60371_80.340244,MH-002,0,0.04888944327831268,0
B,MH-002,MH-002_19.60371_80.340513,MH-002,0,0.05280192941427231,0
B,MH-002,MH-002_19.60371_80.340783,MH-002,0,0.05585632100701332,0
B,MH-002,MH-002_19.60371_80.341052,MH-002,0,0.062221135944128036,0
B,MH-002,MH-002_19.60371_80.341322,MH-002,0,0.06481888145208359,0
B,MH-002,MH-002_19.60371_80.341591,MH-002,0,0.06223210692405701,0
B,MH-002,MH-002_19.60371_80.34186,MH-002,0,0.05818230286240578,0
B,MH-002,MH-002_19.60371_80.34213,MH-002,0,0.048462677747011185,0
B,MH-002,MH-002_19.60371_80.342399,MH-002,0,0.04080992192029953,0
B,MH-002,MH-002_19.60371_80.342669,MH-002,0,0.03418649733066559,0
B,MH-002,MH-002_19.60371_80.342938,MH-002,0,0.03277916461229324,0
B,MH-002,MH-002_19.60371_80.343208,MH-002,0,0.030601169914007187,0
B,MH-002,MH-002_19.60371_80.343477,MH-002,0,0.028949668630957603,0
B,MH-002,MH-002_19.60371_80.343747,MH-002,0,0.02536728046834469,0
B,MH-002,MH-002_19.60371_80.344016,MH-002,0,0.024010298773646355,0
B,MH-002,MH-002_19.60371_80.344286,MH-002,0,0.01899581402540207,0
B,MH-002,MH-002_19.60371_80.344555,MH-002,0,0.018732720986008644,0
B,MH-002,MH-002_19.60371_80.344825,MH-002,0,0.017731206491589546,0
B,MH-002,MH-002_19.60371_80.345094,MH-002,0,0.01922653801739216,0
B,MH-002,MH-002_19.60371_80.345364,MH-002,0,0.017873264849185944,0
B,MH-002,MH-002_19.60371_80.345633,MH-002,0,0.02003571204841137,0
B,MH-002,MH-002_19.60371_80.345903,MH-002,0,0.020941494032740593,0
B,MH-002,MH-002_19.60371_80.346172,MH-002,0,0.021546483039855957,0
B,MH-002,MH-002_19.60371_80.346442,MH-002,0,0.028893334791064262,0
B,MH-002,MH-002_19.60371_80.346711,MH-002,0,0.03293908014893532,0
B,MH-002,MH-002_19.60371_80.346981,MH-002,0,0.042561523616313934,0
B,MH-002,MH-002_19.60371_80.34725,MH-002,0,0.045241281390190125,0
B,MH-002,MH-002_19.60371_80.34752,MH-002,0,0.05006710812449455,0
B,MH-002,MH-002_19.60371_80.347789,MH-002,0,0.054068777710199356,0
B,MH-002,MH-002_19.60371_80.348059,MH-002,0,0.060366250574588776,0
B,MH-002,MH-002_19.60371_80.348328,MH-002,0,0.0670587345957756,0
B,MH-002,MH-002_19.60371_80.348598,MH-002,0,0.0735575407743454,0
B,MH-002,MH-002_19.60371_80.348867,MH-002,0,0.06822828948497772,0
B,MH-002,MH-002_19.60371_80.349137,MH-002,0,0.06493496149778366,0
B,MH-002,MH-002_19.60371_80.349406,MH-002,0,0.06648465991020203,0
B,MH-002,MH-002_19.60371_80.349676,MH-002,0,0.07579965144395828,0
B,MH-002,MH-002_19.60371_80.349945,MH-002,0,0.10091294348239899,0
B,MH-002,MH-002_19.60371_80.350215,MH-002,0,0.13823969662189484,0
B,MH-002,MH-002_19.60371_80.350484,MH-002,0,0.18008266389369965,0
B,MH-002,MH-002_19.60371_80.350754,MH-002,1,0.21771501004695892,0
B,MH-002,MH-002_19.60371_80.351023,MH-002,1,0.28275007009506226,1
B,MH-002,MH-002_19.60371_80.351293,MH-002,1,0.3822345733642578,1
B,MH-002,MH-002_19.60371_80.351562,MH-002,1,0.45643922686576843,1
B,MH-002,MH-002_19.60371_80.351832,MH-002,0,0.5582275986671448,1
B,MH-002,MH-002_19.60371_80.352101,MH-002,0,0.5689185857772827,1
B,MH-002,MH-002_19.60371_80.352371,MH-002,0,0.6458463072776794,1
B,MH-002,MH-002_19.60371_80.35264,MH-002,0,0.7078062295913696,1
B,MH-002,MH-002_19.60371_80.353718,MH-002,0,0.6636778712272644,1
B,MH-002,MH-002_19.60371_80.353988,MH-002,0,0.7117330431938171,1
B,MH-002,MH-002_19.60371_80.354257,MH-002,0,0.7513597011566162,1
B,MH-002,MH-002_19.60371_80.354527,MH-002,1,0.7694697380065918,1
B,MH-002,MH-002_19.60371_80.354796,MH-002,0,0.7764414548873901,1
B,MH-002,MH-002_19.60371_80.357491,MH-002,0,0.36106646060943604,1
B,MH-002,MH-002_19.60344_80.339974,MH-002,0,0.04311995953321457,0
B,MH-002,MH-002_19.60344_80.340244,MH-002,0,0.04746152460575104,0
B,MH-002,MH-002_19.60344_80.340513,MH-002,0,0.047608450055122375,0
B,MH-002,MH-002_19.60344_80.340783,MH-002,0,0.055710528045892715,0
B,MH-002,MH-002_19.60344_80.341052,MH-002,0,0.05798086151480675,0
B,MH-002,MH-002_19.60344_80.341322,MH-002,0,0.058219652622938156,0
B,MH-002,MH-002_19.60344_80.341591,MH-002,0,0.05228788033127785,0
B,MH-002,MH-002_19.60344_80.34186,MH-002,0,0.04641946032643318,0
B,MH-002,MH-002_19.60344_80.34213,MH-002,1,0.04058318957686424,0
B,MH-002,MH-002_19.60344_80.342399,MH-002,1,0.039401594549417496,0
B,MH-002,MH-002_19.60344_80.342669,MH-002,0,0.03328965976834297,0
B,MH-002,MH-002_19.60344_80.342938,MH-002,0,0.02840234711766243,0
B,MH-002,MH-002_19.60344_80.343208,MH-002,0,0.02978922612965107,0
B,MH-002,MH-002_19.60344_80.343477,MH-002,0,0.028448808938264847,0
B,MH-002,MH-002_19.60344_80.343747,MH-002,0,0.02331431396305561,0
B,MH-002,MH-002_19.60344_80.344016,MH-002,0,0.020977497100830078,0
B,MH-002,MH-002_19.60344_80.344286,MH-002,0,0.01957917958498001,0
B,MH-002,MH-002_19.60344_80.344555,MH-002,0,0.01621251180768013,0
B,MH-002,MH-002_19.60344_80.344825,MH-002,0,0.017259083688259125,0
B,MH-002,MH-002_19.60344_80.345094,MH-002,0,0.015465390868484974,0
B,MH-002,MH-002_19.60344_80.345364,MH-002,0,0.016098953783512115,0
B,MH-002,MH-002_19.60344_80.345633,MH-002,0,0.01663677580654621,0
B,MH-002,MH-002_19.60344_80.345903,MH-002,0,0.01820644550025463,0
B,MH-002,MH-002_19.60344_80.346172,MH-002,0,0.019719265401363373,0
B,MH-002,MH-002_19.60344_80.346442,MH-002,0,0.029493074864149094,0
B,MH-002,MH-002_19.60344_80.346711,MH-002,0,0.03157611936330795,0
B,MH-002,MH-002_19.60344_80.346981,MH-002,0,0.04397211968898773,0
B,MH-002,MH-002_19.60344_80.34725,MH-002,0,0.04390410706400871,0
B,MH-002,MH-002_19.60344_80.34752,MH-002,0,0.05501216650009155,0
B,MH-002,MH-002_19.60344_80.347789,MH-002,0,0.059047918766736984,0
B,MH-002,MH-002_19.60344_80.348059,MH-002,0,0.07102543860673904,0
B,MH-002,MH-002_19.60344_80.348328,MH-002,0,0.07922409474849701,0
B,MH-002,MH-002_19.60344_80.348598,MH-002,0,0.08398335427045822,0
B,MH-002,MH-002_19.60344_80.348867,MH-002,0,0.08262289315462112,0
B,MH-002,MH-002_19.60344_80.349137,MH-002,0,0.08650945127010345,0
B,MH-002,MH-002_19.60344_80.349406,MH-002,0,0.0917028933763504,0
B,MH-002,MH-002_19.60344_80.349676,MH-002,0,0.09214473515748978,0
B,MH-002,MH-002_19.60344_80.349945,MH-002,0,0.11061068624258041,0
B,MH-002,MH-002_19.60344_80.350215,MH-002,0,0.13445661962032318,0
B,MH-002,MH-002_19.60344_80.350484,MH-002,0,0.16076752543449402,0
B,MH-002,MH-002_19.60344_80.350754,MH-002,0,0.18180683255195618,0
B,MH-002,MH-002_19.60344_80.351023,MH-002,1,0.22615733742713928,0
B,MH-002,MH-002_19.60344_80.351293,MH-002,1,0.2939712703227997,1
B,MH-002,MH-002_19.60344_80.351562,MH-002,1,0.3671616315841675,1
B,MH-002,MH-002_19.60344_80.351832,MH-002,1,0.49218425154685974,1
B,MH-002,MH-002_19.60344_80.352101,MH-002,0,0.5381544232368469,1
B,MH-002,MH-002_19.60344_80.352371,MH-002,0,0.5964779257774353,1
B,MH-002,MH-002_19.60344_80.35264,MH-002,0,0.6565756797790527,1
B,MH-002,MH-002_19.60344_80.35291,MH-002,0,0.7051022052764893,1
B,MH-002,MH-002_19.60344_80.353988,MH-002,0,0.7399271130561829,1
B,MH-002,MH-002_19.60344_80.354257,MH-002,1,0.8048798441886902,1
B,MH-002,MH-002_19.603171_80.339974,MH-002,0,0.04122819006443024,0
B,MH-002,MH-002_19.603171_80.340244,MH-002,0,0.04422825947403908,0
B,MH-002,MH-002_19.603171_80.340513,MH-002,0,0.04412679001688957,0
B,MH-002,MH-002_19.603171_80.340783,MH-002,0,0.05460171401500702,0
B,MH-002,MH-002_19.603171_80.341052,MH-002,0,0.051589805632829666,0
B,MH-002,MH-002_19.603171_80.341322,MH-002,0,0.05373988673090935,0
B,MH-002,MH-002_19.603171_80.341591,MH-002,0,0.04795924574136734,0
B,MH-002,MH-002_19.603171_80.34186,MH-002,0,0.04794861003756523,0
B,MH-002,MH-002_19.603171_80.34213,MH-002,0,0.04308175668120384,0
B,MH-002,MH-002_19.603171_80.342399,MH-002,0,0.037562381476163864,0
B,MH-002,MH-002_19.603171_80.342669,MH-002,0,0.030187472701072693,0
B,MH-002,MH-002_19.603171_80.342938,MH-002,0,0.02895299345254898,0
B,MH-002,MH-002_19.603171_80.343208,MH-002,0,0.028102334588766098,0
B,MH-002,MH-002_19.603171_80.343477,MH-002,0,0.0262446291744709,0
B,MH-002,MH-002_19.603171_80.343747,MH-002,0,0.02469325065612793,0
B,MH-002,MH-002_19.603171_80.344016,MH-002,0,0.02228950522840023,0
B,MH-002,MH-002_19.603171_80.344286,MH-002,0,0.018592722713947296,0
B,MH-002,MH-002_19.603171_80.344555,MH-002,0,0.018041124567389488,0
B,MH-002,MH-002_19.603171_80.344825,MH-002,0,0.015450962819159031,0
B,MH-002,MH-002_19.603171_80.345094,MH-002,0,0.016470059752464294,0
B,MH-002,MH-002_19.603171_80.345364,MH-002,0,0.018016880378127098,0
B,MH-002,MH-002_19.603171_80.345633,MH-002,0,0.019714737311005592,0
B,MH-002,MH-002_19.603171_80.345903,MH-002,0,0.02238757349550724,0
B,MH-002,MH-002_19.603171_80.346172,MH-002,0,0.02638131193816662,0
B,MH-002,MH-002_19.603171_80.346442,MH-002,0,0.03840828686952591,0
B,MH-002,MH-002_19.603171_80.346711,MH-002,0,0.041183214634656906,0
B,MH-002,MH-002_19.603171_80.346981,MH-002,0,0.05566192418336868,0
B,MH-002,MH-002_19.603171_80.34725,MH-002,0,0.05803138017654419,0
B,MH-002,MH-002_19.603171_80.34752,MH-002,0,0.06846971064805984,0
B,MH-002,MH-002_19.603171_80.347789,MH-002,0,0.07331612706184387,0
B,MH-002,MH-002_19.603171_80.348059,MH-002,0,0.08736087381839752,0
B,MH-002,MH-002_19.603171_80.348328,MH-002,0,0.09624075144529343,0
B,MH-002,MH-002_19.603171_80.348598,MH-002,0,0.09889794141054153,0
B,MH-002,MH-002_19.603171_80.348867,MH-002,0,0.09539061039686203,0
B,MH-002,MH-002_19.603171_80.349137,MH-002,0,0.10693028569221497,0
B,MH-002,MH-002_19.603171_80.349406,MH-002,0,0.1005871444940567,0
B,MH-002,MH-002_19.603171_80.349676,MH-002,0,0.10887468606233597,0
B,MH-002,MH-002_19.603171_80.349945,MH-002,0,0.12636932730674744,0
B,MH-002,MH-002_19.603171_80.350215,MH-002,0,0.13778643310070038,0
B,MH-002,MH-002_19.603171_80.350484,MH-002,0,0.14214205741882324,0
B,MH-002,MH-002_19.603171_80.350754,MH-002,0,0.14243631064891815,0
B,MH-002,MH-002_19.603171_80.351023,MH-002,1,0.17868836224079132,0
B,MH-002,MH-002_19.603171_80.351293,MH-002,1,0.20296581089496613,0
B,MH-002,MH-002_19.603171_80.351562,MH-002,1,0.2729291617870331,1
B,MH-002,MH-002_19.603171_80.351832,MH-002,1,0.39127224683761597,1
B,MH-002,MH-002_19.603171_80.352101,MH-002,0,0.48739150166511536,1
B,MH-002,MH-002_19.603171_80.352371,MH-002,0,0.5529924631118774,1
B,MH-002,MH-002_19.603171_80.35264,MH-002,0,0.6054210662841797,1
B,MH-002,MH-002_19.603171_80.35291,MH-002,0,0.6753873229026794,1
B,MH-002,MH-002_19.603171_80.356413,MH-002,0,0.8725329637527466,1
B,MH-002,MH-002_19.603171_80.357222,MH-002,0,0.6796885132789612,1
B,MH-002,MH-002_19.602901_80.339974,MH-002,0,0.03769737854599953,0
B,MH-002,MH-002_19.602901_80.340244,MH-002,0,0.04356479272246361,0
B,MH-002,MH-002_19.602901_80.340513,MH-002,0,0.043313927948474884,0
B,MH-002,MH-002_19.602901_80.340783,MH-002,0,0.05084528774023056,0
B,MH-002,MH-002_19.602901_80.341052,MH-002,0,0.047100502997636795,0
B,MH-002,MH-002_19.602901_80.341322,MH-002,0,0.047543469816446304,0
B,MH-002,MH-002_19.602901_80.341591,MH-002,0,0.042095642536878586,0
B,MH-002,MH-002_19.602901_80.34186,MH-002,0,0.04251839965581894,0
B,MH-002,MH-002_19.602901_80.34213,MH-002,0,0.03970794752240181,0
B,MH-002,MH-002_19.602901_80.342399,MH-002,0,0.03377314656972885,0
B,MH-002,MH-002_19.602901_80.342669,MH-002,0,0.028866615146398544,0
B,MH-002,MH-002_19.602901_80.342938,MH-002,0,0.02815057337284088,0
B,MH-002,MH-002_19.602901_80.343208,MH-002,0,0.027155112475156784,0
B,MH-002,MH-002_19.602901_80.343477,MH-002,0,0.026737721636891365,0
B,MH-002,MH-002_19.602901_80.343747,MH-002,0,0.022468769922852516,0
B,MH-002,MH-002_19.602901_80.344016,MH-002,0,0.0200732983648777,0
B,MH-002,MH-002_19.602901_80.344286,MH-002,0,0.016885820776224136,0
B,MH-002,MH-002_19.602901_80.344555,MH-002,0,0.017561903223395348,0
B,MH-002,MH-002_19.602901_80.344825,MH-002,1,0.014575597830116749,0
B,MH-002,MH-002_19.602901_80.345094,MH-002,0,0.014540710486471653,0
B,MH-002,MH-002_19.602901_80.345364,MH-002,0,0.01664712280035019,0
B,MH-002,MH-002_19.602901_80.345633,MH-002,0,0.01952948048710823,0
B,MH-002,MH-002_19.602901_80.345903,MH-002,0,0.02431793510913849,0
B,MH-002,MH-002_19.602901_80.346172,MH-002,0,0.028229983523488045,0
B,MH-002,MH-002_19.602901_80.346442,MH-002,0,0.04172747582197189,0
B,MH-002,MH-002_19.602901_80.346711,MH-002,0,0.04203253984451294,0
B,MH-002,MH-002_19.602901_80.346981,MH-002,0,0.05746665969491005,0
B,MH-002,MH-002_19.602901_80.34725,MH-002,0,0.05583353340625763,0
B,MH-002,MH-002_19.602901_80.34752,MH-002,0,0.0791299045085907,0
B,MH-002,MH-002_19.602901_80.347789,MH-002,0,0.08823150396347046,0
B,MH-002,MH-002_19.602901_80.348059,MH-002,0,0.10292939096689224,0
B,MH-002,MH-002_19.602901_80.348328,MH-002,0,0.10374782979488373,0
B,MH-002,MH-002_19.602901_80.348598,MH-002,0,0.10765502601861954,0
B,MH-002,MH-002_19.602901_80.348867,MH-002,0,0.10707348585128784,0
B,MH-002,MH-002_19.602901_80.349137,MH-002,0,0.1076764166355133,0
B,MH-002,MH-002_19.602901_80.349406,MH-002,0,0.11992184817790985,0
B,MH-002,MH-002_19.602901_80.349676,MH-002,0,0.11564358323812485,0
B,MH-002,MH-002_19.602901_80.349945,MH-002,0,0.13424205780029297,0
B,MH-002,MH-002_19.602901_80.350215,MH-002,0,0.13756024837493896,0
B,MH-002,MH-002_19.602901_80.350484,MH-002,0,0.14030896127223969,0
B,MH-002,MH-002_19.602901_80.350754,MH-002,0,0.1276896744966507,0
B,MH-002,MH-002_19.602901_80.351023,MH-002,1,0.13116741180419922,0
B,MH-002,MH-002_19.602901_80.351293,MH-002,0,0.15414191782474518,0
B,MH-002,MH-002_19.602901_80.351562,MH-002,0,0.19094111025333405,0
B,MH-002,MH-002_19.602901_80.351832,MH-002,1,0.26928722858428955,1
B,MH-002,MH-002_19.602901_80.352101,MH-002,1,0.34315845370292664,1
B,MH-002,MH-002_19.602901_80.352371,MH-002,0,0.4325167238712311,1
B,MH-002,MH-002_19.602901_80.35264,MH-002,0,0.4981693625450134,1
B,MH-002,MH-002_19.602901_80.35291,MH-002,0,0.5861793160438538,1
B,MH-002,MH-002_19.602901_80.353179,MH-002,0,0.5617714524269104,1
B,MH-002,MH-002_19.602901_80.357222,MH-002,1,0.7407397627830505,1
B,MH-002,MH-002_19.602901_80.357491,MH-002,1,0.6918439865112305,1
B,MH-002,MH-002_19.602632_80.339974,MH-002,0,0.053785841912031174,0
B,MH-002,MH-002_19.602632_80.340244,MH-002,0,0.04731089621782303,0
B,MH-002,MH-002_19.602632_80.340513,MH-002,0,0.05034222453832626,0
B,MH-002,MH-002_19.602632_80.340783,MH-002,0,0.047132715582847595,0
B,MH-002,MH-002_19.602632_80.341052,MH-002,0,0.044980019330978394,0
B,MH-002,MH-002_19.602632_80.341322,MH-002,0,0.04455993324518204,0
B,MH-002,MH-002_19.602632_80.341591,MH-002,0,0.03788328915834427,0
B,MH-002,MH-002_19.602632_80.34186,MH-002,0,0.03889036551117897,0
B,MH-002,MH-002_19.602632_80.34213,MH-002,0,0.03693225234746933,0
B,MH-002,MH-002_19.602632_80.342399,MH-002,0,0.034344010055065155,0
B,MH-002,MH-002_19.602632_80.342669,MH-002,0,0.030704252421855927,0
B,MH-002,MH-002_19.602632_80.342938,MH-002,0,0.030475744977593422,0
B,MH-002,MH-002_19.602632_80.343208,MH-002,0,0.027183350175619125,0
B,MH-002,MH-002_19.602632_80.343477,MH-002,0,0.02583962492644787,0
B,MH-002,MH-002_19.602632_80.343747,MH-002,0,0.021394874900579453,0
B,MH-002,MH-002_19.602632_80.344016,MH-002,0,0.022140439599752426,0
B,MH-002,MH-002_19.602632_80.344286,MH-002,0,0.018711460754275322,0
B,MH-002,MH-002_19.602632_80.344555,MH-002,0,0.018849097192287445,0
B,MH-002,MH-002_19.602632_80.344825,MH-002,0,0.01604071818292141,0
B,MH-002,MH-002_19.602632_80.345094,MH-002,0,0.018974535167217255,0
B,MH-002,MH-002_19.602632_80.345364,MH-002,0,0.019734088331460953,0
B,MH-002,MH-002_19.602632_80.345633,MH-002,0,0.026078954339027405,0
B,MH-002,MH-002_19.602632_80.345903,MH-002,0,0.03396619111299515,0
B,MH-002,MH-002_19.602632_80.346172,MH-002,0,0.03868391364812851,0
B,MH-002,MH-002_19.602632_80.346442,MH-002,0,0.04781049117445946,0
B,MH-002,MH-002_19.602632_80.346711,MH-002,0,0.058089692145586014,0
B,MH-002,MH-002_19.602632_80.346981,MH-002,0,0.07495728135108948,0
B,MH-002,MH-002_19.602632_80.34725,MH-002,0,0.08846642076969147,0
B,MH-002,MH-002_19.602632_80.34752,MH-002,0,0.10844313353300095,0
B,MH-002,MH-002_19.602632_80.347789,MH-002,0,0.12261416763067245,0
B,MH-002,MH-002_19.602632_80.348059,MH-002,0,0.12684358656406403,0
B,MH-002,MH-002_19.602632_80.348328,MH-002,0,0.1351623386144638,0
B,MH-002,MH-002_19.602632_80.348598,MH-002,0,0.12649324536323547,0
B,MH-002,MH-002_19.602632_80.348867,MH-002,0,0.11637330800294876,0
B,MH-002,MH-002_19.602632_80.349137,MH-002,0,0.11621228605508804,0
B,MH-002,MH-002_19.602632_80.349406,MH-002,0,0.11275358498096466,0
B,MH-002,MH-002_19.602632_80.349676,MH-002,0,0.1147739514708519,0
B,MH-002,MH-002_19.602632_80.349945,MH-002,0,0.12031281739473343,0
B,MH-002,MH-002_19.602632_80.350215,MH-002,0,0.12361153215169907,0
B,MH-002,MH-002_19.602632_80.350484,MH-002,0,0.12847763299942017,0
B,MH-002,MH-002_19.602632_80.350754,MH-002,0,0.11570916324853897,0
B,MH-002,MH-002_19.602632_80.351023,MH-002,0,0.11752595752477646,0
B,MH-002,MH-002_19.602632_80.351293,MH-002,0,0.12686260044574738,0
B,MH-002,MH-002_19.602632_80.351562,MH-002,0,0.15947335958480835,0
B,MH-002,MH-002_19.602632_80.351832,MH-002,1,0.20163138210773468,0
B,MH-002,MH-002_19.602632_80.352101,MH-002,1,0.25710535049438477,1
B,MH-002,MH-002_19.602632_80.352371,MH-002,0,0.32943013310432434,1
B,MH-002,MH-002_19.602632_80.35264,MH-002,0,0.372864305973053,1
B,MH-002,MH-002_19.602632_80.35291,MH-002,0,0.4952278435230255,1
B,MH-002,MH-002_19.602632_80.353179,MH-002,0,0.5357055068016052,1
B,MH-002,MH-002_19.602362_80.339974,MH-002,0,0.061391621828079224,0
B,MH-002,MH-002_19.602362_80.340244,MH-002,0,0.06045806035399437,0
B,MH-002,MH-002_19.602362_80.340513,MH-002,0,0.052492935210466385,0
B,MH-002,MH-002_19.602362_80.340783,MH-002,0,0.049208857119083405,0
B,MH-002,MH-002_19.602362_80.341052,MH-002,0,0.04750256612896919,0
B,MH-002,MH-002_19.602362_80.341322,MH-002,0,0.04498511925339699,0
B,MH-002,MH-002_19.602362_80.341591,MH-002,0,0.041422389447689056,0
B,MH-002,MH-002_19.602362_80.34186,MH-002,0,0.0381532683968544,0
B,MH-002,MH-002_19.602362_80.34213,MH-002,0,0.038406852632761,0
B,MH-002,MH-002_19.602362_80.342399,MH-002,0,0.040112659335136414,0
B,MH-002,MH-002_19.602362_80.342669,MH-002,0,0.03743504732847214,0
B,MH-002,MH-002_19.602362_80.342938,MH-002,0,0.03309527784585953,0
B,MH-002,MH-002_19.602362_80.343208,MH-002,0,0.02910558320581913,0
B,MH-002,MH-002_19.602362_80.343477,MH-002,0,0.02866699919104576,0
B,MH-002,MH-002_19.602362_80.343747,MH-002,0,0.022420715540647507,0
B,MH-002,MH-002_19.602362_80.344016,MH-002,0,0.023429440334439278,0
B,MH-002,MH-002_19.602362_80.344286,MH-002,0,0.020496763288974762,0
B,MH-002,MH-002_19.602362_80.344555,MH-002,0,0.021599702537059784,0
B,MH-002,MH-002_19.602362_80.344825,MH-002,0,0.018996205180883408,0
B,MH-002,MH-002_19.602362_80.345094,MH-002,0,0.021869288757443428,0
B,MH-002,MH-002_19.602362_80.345364,MH-002,0,0.02269318327307701,0
B,MH-002,MH-002_19.602362_80.345633,MH-002,0,0.027214519679546356,0
B,MH-002,MH-002_19.602362_80.345903,MH-002,0,0.03290925174951553,0
B,MH-002,MH-002_19.602362_80.346172,MH-002,0,0.03552068769931793,0
B,MH-002,MH-002_19.602362_80.346442,MH-002,0,0.051105450838804245,0
B,MH-002,MH-002_19.602362_80.346711,MH-002,0,0.06312505900859833,0
B,MH-002,MH-002_19.602362_80.346981,MH-002,0,0.09686494618654251,0
B,MH-002,MH-002_19.602362_80.34725,MH-002,0,0.09968449175357819,0
B,MH-002,MH-002_19.602362_80.34752,MH-002,0,0.14551959931850433,0
B,MH-002,MH-002_19.602362_80.347789,MH-002,0,0.15506388247013092,0
B,MH-002,MH-002_19.602362_80.348059,MH-002,0,0.15770897269248962,0
B,MH-002,MH-002_19.602362_80.348328,MH-002,0,0.15817677974700928,0
B,MH-002,MH-002_19.602362_80.348598,MH-002,0,0.13843122124671936,0
B,MH-002,MH-002_19.602362_80.348867,MH-002,0,0.12205250561237335,0
B,MH-002,MH-002_19.602362_80.349137,MH-002,0,0.11107233166694641,0
B,MH-002,MH-002_19.602362_80.349406,MH-002,0,0.10949593782424927,0
B,MH-002,MH-002_19.602362_80.349676,MH-002,0,0.10839430242776871,0
B,MH-002,MH-002_19.602362_80.349945,MH-002,0,0.11618107557296753,0
B,MH-002,MH-002_19.602362_80.350215,MH-002,0,0.12327996641397476,0
B,MH-002,MH-002_19.602362_80.350484,MH-002,0,0.1360805630683899,0
B,MH-002,MH-002_19.602362_80.350754,MH-002,0,0.1264723688364029,0
B,MH-002,MH-002_19.602362_80.351023,MH-002,0,0.12124591320753098,0
B,MH-002,MH-002_19.602362_80.351293,MH-002,0,0.11696960031986237,0
B,MH-002,MH-002_19.602362_80.351562,MH-002,0,0.13471423089504242,0
B,MH-002,MH-002_19.602362_80.351832,MH-002,1,0.17967933416366577,0
B,MH-002,MH-002_19.602362_80.352101,MH-002,1,0.2025626003742218,0
B,MH-002,MH-002_19.602362_80.352371,MH-002,1,0.22951087355613708,0
B,MH-002,MH-002_19.602362_80.35264,MH-002,0,0.26407283544540405,1
B,MH-002,MH-002_19.602362_80.35291,MH-002,0,0.33043909072875977,1
B,MH-002,MH-002_19.602362_80.353179,MH-002,0,0.38898906111717224,1
B,MH-002,MH-002_19.602362_80.353449,MH-002,0,0.46067094802856445,1
B,MH-002,MH-002_19.602093_80.339974,MH-002,0,0.09344416111707687,0
B,MH-002,MH-002_19.602093_80.340244,MH-002,0,0.06891191005706787,0
B,MH-002,MH-002_19.602093_80.340513,MH-002,0,0.06989994645118713,0
B,MH-002,MH-002_19.602093_80.340783,MH-002,0,0.06530788540840149,0
B,MH-002,MH-002_19.602093_80.341052,MH-002,0,0.0587482675909996,0
B,MH-002,MH-002_19.602093_80.341322,MH-002,0,0.05324766784906387,0
B,MH-002,MH-002_19.602093_80.341591,MH-002,0,0.050565388053655624,0
B,MH-002,MH-002_19.602093_80.34186,MH-002,0,0.051602140069007874,0
B,MH-002,MH-002_19.602093_80.34213,MH-002,0,0.0539366751909256,0
B,MH-002,MH-002_19.602093_80.342399,MH-002,0,0.04843892529606819,0
B,MH-002,MH-002_19.602093_80.342669,MH-002,0,0.04276833310723305,0
B,MH-002,MH-002_19.602093_80.342938,MH-002,0,0.03541223704814911,0
B,MH-002,MH-002_19.602093_80.343208,MH-002,0,0.030261702835559845,0
B,MH-002,MH-002_19.602093_80.343477,MH-002,0,0.029389744624495506,0
B,MH-002,MH-002_19.602093_80.343747,MH-002,0,0.024208905175328255,0
B,MH-002,MH-002_19.602093_80.344016,MH-002,0,0.024003662168979645,0
B,MH-002,MH-002_19.602093_80.344286,MH-002,0,0.02145785093307495,0
B,MH-002,MH-002_19.602093_80.344555,MH-002,0,0.022262178361415863,0
B,MH-002,MH-002_19.602093_80.344825,MH-002,0,0.02139923721551895,0
B,MH-002,MH-002_19.602093_80.345094,MH-002,0,0.025786707177758217,0
B,MH-002,MH-002_19.602093_80.345364,MH-002,0,0.028094129636883736,0
B,MH-002,MH-002_19.602093_80.345633,MH-002,0,0.03219763562083244,0
B,MH-002,MH-002_19.602093_80.345903,MH-002,0,0.0378664955496788,0
B,MH-002,MH-002_19.602093_80.346172,MH-002,0,0.057075388729572296,0
B,MH-002,MH-002_19.602093_80.346442,MH-002,0,0.07559327036142349,0
B,MH-002,MH-002_19.602093_80.34725,MH-002,0,0.17800664901733398,0
B,MH-002,MH-002_19.602093_80.34752,MH-002,0,0.21924155950546265,0
B,MH-002,MH-002_19.602093_80.347789,MH-002,0,0.2345389723777771,0
B,MH-002,MH-002_19.602093_80.348059,MH-002,0,0.2368898242712021,0
B,MH-002,MH-002_19.602093_80.348328,MH-002,0,0.2317357063293457,0
B,MH-002,MH-002_19.602093_80.348598,MH-002,0,0.17229418456554413,0
B,MH-002,MH-002_19.602093_80.348867,MH-002,0,0.14994755387306213,0
B,MH-002,MH-002_19.602093_80.349137,MH-002,0,0.1294909417629242,0
B,MH-002,MH-002_19.602093_80.349406,MH-002,0,0.10884690284729004,0
B,MH-002,MH-002_19.602093_80.349676,MH-002,0,0.10165181010961533,0
B,MH-002,MH-002_19.602093_80.349945,MH-002,0,0.1081956997513771,0
B,MH-002,MH-002_19.602093_80.350215,MH-002,0,0.11706572771072388,0
B,MH-002,MH-002_19.602093_80.350484,MH-002,0,0.13193732500076294,0
B,MH-002,MH-002_19.602093_80.350754,MH-002,0,0.12017455697059631,0
B,MH-002,MH-002_19.602093_80.351023,MH-002,0,0.13534532487392426,0
B,MH-002,MH-002_19.602093_80.351293,MH-002,0,0.11854207515716553,0
B,MH-002,MH-002_19.602093_80.351562,MH-002,1,0.12827938795089722,0
B,MH-002,MH-002_19.602093_80.351832,MH-002,1,0.13954366743564606,0
B,MH-002,MH-002_19.602093_80.352101,MH-002,1,0.16961608827114105,0
B,MH-002,MH-002_19.602093_80.352371,MH-002,1,0.17856408655643463,0
B,MH-002,MH-002_19.602093_80.35264,MH-002,1,0.2230224609375,0
B,MH-002,MH-002_19.602093_80.35291,MH-002,0,0.29459649324417114,1
B,MH-002,MH-002_19.602093_80.353179,MH-002,0,0.38754862546920776,1
B,MH-002,MH-002_19.602093_80.353449,MH-002,0,0.5305783152580261,1
B,MH-002,MH-002_19.602093_80.353718,MH-002,0,0.6869643330574036,1
B,MH-002,MH-002_19.601823_80.339974,MH-002,0,0.09429191052913666,0
B,MH-002,MH-002_19.601823_80.340244,MH-002,0,0.08217211067676544,0
B,MH-002,MH-002_19.601823_80.340513,MH-002,0,0.08149455487728119,0
B,MH-002,MH-002_19.601823_80.340783,MH-002,0,0.0891713798046112,0
B,MH-002,MH-002_19.601823_80.341052,MH-002,0,0.0850105807185173,0
B,MH-002,MH-002_19.601823_80.341322,MH-002,0,0.07047779113054276,0
B,MH-002,MH-002_19.601823_80.341591,MH-002,0,0.06996066868305206,0
B,MH-002,MH-002_19.601823_80.34186,MH-002,0,0.06130644679069519,0
B,MH-002,MH-002_19.601823_80.34213,MH-002,0,0.061013128608465195,0
B,MH-002,MH-002_19.601823_80.342399,MH-002,0,0.05024686083197594,0
B,MH-002,MH-002_19.601823_80.342669,MH-002,0,0.04523682966828346,0
B,MH-002,MH-002_19.601823_80.342938,MH-002,0,0.037973552942276,0
B,MH-002,MH-002_19.601823_80.343208,MH-002,0,0.0349549800157547,0
B,MH-002,MH-002_19.601823_80.343477,MH-002,0,0.03226741775870323,0
B,MH-002,MH-002_19.601823_80.343747,MH-002,0,0.02623712457716465,0
B,MH-002,MH-002_19.601823_80.344016,MH-002,0,0.024194778874516487,0
B,MH-002,MH-002_19.601823_80.344286,MH-002,0,0.020935701206326485,0
B,MH-002,MH-002_19.601823_80.344555,MH-002,0,0.02319188602268696,0
B,MH-002,MH-002_19.601823_80.344825,MH-002,0,0.02261352725327015,0
B,MH-002,MH-002_19.601823_80.345094,MH-002,0,0.025362528860569,0
B,MH-002,MH-002_19.601823_80.345364,MH-002,0,0.027086876332759857,0
B,MH-002,MH-002_19.601823_80.345633,MH-002,0,0.030871080234646797,0
B,MH-002,MH-002_19.601823_80.345903,MH-002,0,0.0379352830350399,0
B,MH-002,MH-002_19.601823_80.346172,MH-002,0,0.061050958931446075,0
B,MH-002,MH-002_19.601823_80.34752,MH-002,1,0.287328839302063,1
B,MH-002,MH-002_19.601823_80.347789,MH-002,1,0.2997579574584961,1
B,MH-002,MH-002_19.601823_80.348059,MH-002,0,0.30344831943511963,1
B,MH-002,MH-002_19.601823_80.348328,MH-002,0,0.2549700140953064,1
B,MH-002,MH-002_19.601823_80.348598,MH-002,0,0.1984032243490219,0
B,MH-002,MH-002_19.601823_80.348867,MH-002,0,0.15995866060256958,0
B,MH-002,MH-002_19.601823_80.349137,MH-002,0,0.14289014041423798,0
B,MH-002,MH-002_19.601823_80.349406,MH-002,0,0.10732600092887878,0
B,MH-002,MH-002_19.601823_80.349676,MH-002,0,0.10359015315771103,0
B,MH-002,MH-002_19.601823_80.349945,MH-002,0,0.11043036729097366,0
B,MH-002,MH-002_19.601823_80.350215,MH-002,0,0.12257672846317291,0
B,MH-002,MH-002_19.601823_80.350484,MH-002,0,0.13794472813606262,0
B,MH-002,MH-002_19.601823_80.350754,MH-002,0,0.15325576066970825,0
B,MH-002,MH-002_19.601823_80.351023,MH-002,0,0.14972123503684998,0
B,MH-002,MH-002_19.601823_80.351293,MH-002,0,0.14491736888885498,0
B,MH-002,MH-002_19.601823_80.351562,MH-002,0,0.14470353722572327,0
B,MH-002,MH-002_19.601823_80.351832,MH-002,0,0.15412172675132751,0
B,MH-002,MH-002_19.601823_80.352101,MH-002,1,0.17577606439590454,0
B,MH-002,MH-002_19.601823_80.352371,MH-002,1,0.1835842728614807,0
B,MH-002,MH-002_19.601823_80.35264,MH-002,1,0.22565262019634247,0
B,MH-002,MH-002_19.601823_80.35291,MH-002,1,0.2877636253833771,1
B,MH-002,MH-002_19.601823_80.353179,MH-002,0,0.3607112467288971,1
B,MH-002,MH-002_19.601823_80.353449,MH-002,0,0.4820220172405243,1
B,MH-002,MH-002_19.601823_80.353718,MH-002,0,0.6426016688346863,1
B,MH-002,MH-002_19.601554_80.339974,MH-002,0,0.15115870535373688,0
B,MH-002,MH-002_19.601554_80.340513,MH-002,0,0.13873302936553955,0
B,MH-002,MH-002_19.601554_80.340783,MH-002,0,0.1245565265417099,0
B,MH-002,MH-002_19.601554_80.341052,MH-002,0,0.1195213794708252,0
B,MH-002,MH-002_19.601554_80.341322,MH-002,0,0.10196251422166824,0
B,MH-002,MH-002_19.601554_80.341591,MH-002,0,0.08604054898023605,0
B,MH-002,MH-002_19.601554_80.34186,MH-002,0,0.07647162675857544,0
B,MH-002,MH-002_19.601554_80.34213,MH-002,0,0.06754957139492035,0
B,MH-002,MH-002_19.601554_80.342399,MH-002,0,0.05569057539105415,0
B,MH-002,MH-002_19.601554_80.342669,MH-002,0,0.043483782559633255,0
B,MH-002,MH-002_19.601554_80.342938,MH-002,0,0.03983338549733162,0
B,MH-002,MH-002_19.601554_80.343208,MH-002,0,0.03680989146232605,0
B,MH-002,MH-002_19.601554_80.343477,MH-002,0,0.03414393588900566,0
B,MH-002,MH-002_19.601554_80.343747,MH-002,0,0.027807191014289856,0
B,MH-002,MH-002_19.601554_80.344016,MH-002,0,0.028056129813194275,0
B,MH-002,MH-002_19.601554_80.344286,MH-002,0,0.02399907261133194,0
B,MH-002,MH-002_19.601554_80.344555,MH-002,0,0.02624422125518322,0
B,MH-002,MH-002_19.601554_80.344825,MH-002,0,0.02438763529062271,0
B,MH-002,MH-002_19.601554_80.345094,MH-002,0,0.028148898854851723,0
B,MH-002,MH-002_19.601554_80.345364,MH-002,0,0.029388707131147385,0
B,MH-002,MH-002_19.601554_80.345633,MH-002,0,0.03385453298687935,0
B,MH-002,MH-002_19.601554_80.345903,MH-002,0,0.041385333985090256,0
B,MH-002,MH-002_19.601554_80.346172,MH-002,0,0.078911691904068,0
B,MH-002,MH-002_19.601554_80.346981,MH-002,0,0.27597862482070923,1
B,MH-002,MH-002_19.601554_80.348059,MH-002,0,0.33360767364501953,1
B,MH-002,MH-002_19.601554_80.348328,MH-002,0,0.2873339354991913,1
B,MH-002,MH-002_19.601554_80.348598,MH-002,0,0.21485121548175812,0
B,MH-002,MH-002_19.601554_80.348867,MH-002,0,0.20074209570884705,0
B,MH-002,MH-002_19.601554_80.349137,MH-002,0,0.14457954466342926,0
B,MH-002,MH-002_19.601554_80.349406,MH-002,0,0.11846636235713959,0
B,MH-002,MH-002_19.601554_80.349676,MH-002,0,0.11963547766208649,0
B,MH-002,MH-002_19.601554_80.349945,MH-002,0,0.12182403355836868,0
B,MH-002,MH-002_19.601554_80.350215,MH-002,0,0.1299723982810974,0
B,MH-002,MH-002_19.601554_80.350484,MH-002,0,0.15368834137916565,0
B,MH-002,MH-002_19.601554_80.350754,MH-002,0,0.14582009613513947,0
B,MH-002,MH-002_19.601554_80.351023,MH-002,0,0.16517657041549683,0
B,MH-002,MH-002_19.601554_80.351293,MH-002,0,0.16341876983642578,0
B,MH-002,MH-002_19.601554_80.351562,MH-002,0,0.15878568589687347,0
B,MH-002,MH-002_19.601554_80.351832,MH-002,0,0.1632961928844452,0
B,MH-002,MH-002_19.601554_80.352101,MH-002,0,0.19138769805431366,0
B,MH-002,MH-002_19.601554_80.352371,MH-002,1,0.19062994420528412,0
B,MH-002,MH-002_19.601554_80.35264,MH-002,1,0.24793268740177155,0
B,MH-002,MH-002_19.601554_80.35291,MH-002,1,0.3178916573524475,1
B,MH-002,MH-002_19.601554_80.353179,MH-002,0,0.4213330149650574,1
B,MH-002,MH-002_19.601554_80.353449,MH-002,0,0.525103747844696,1
B,MH-002,MH-002_19.601554_80.353718,MH-002,0,0.6023262739181519,1
B,MH-002,MH-002_19.601554_80.353988,MH-002,1,0.7476313710212708,1
B,MH-002,MH-002_19.601554_80.354257,MH-002,1,0.834804892539978,1
B,MH-002,MH-002_19.601554_80.354527,MH-002,1,0.9365754127502441,1
B,MH-002,MH-002_19.601554_80.354796,MH-002,1,0.9671375751495361,1
B,MH-002,MH-002_19.601554_80.355066,MH-002,1,0.9785096049308777,1
B,MH-002,MH-002_19.601554_80.355874,MH-002,0,0.982326865196228,1
B,MH-002,MH-002_19.601554_80.356144,MH-002,0,0.9681804776191711,1
B,MH-002,MH-002_19.601554_80.356413,MH-002,0,0.9584956169128418,1
B,MH-002,MH-002_19.601554_80.356683,MH-002,0,0.9411738514900208,1
B,MH-002,MH-002_19.601554_80.356952,MH-002,0,0.9278799295425415,1
B,MH-002,MH-002_19.601284_80.339974,MH-002,1,0.15512646734714508,0
B,MH-002,MH-002_19.601284_80.340783,MH-002,0,0.16130350530147552,0
B,MH-002,MH-002_19.601284_80.341052,MH-002,0,0.1594615876674652,0
B,MH-002,MH-002_19.601284_80.341322,MH-002,0,0.11605555564165115,0
B,MH-002,MH-002_19.601284_80.341591,MH-002,0,0.11004824191331863,0
B,MH-002,MH-002_19.601284_80.34186,MH-002,0,0.08644188195466995,0
B,MH-002,MH-002_19.601284_80.34213,MH-002,0,0.08135929703712463,0
B,MH-002,MH-002_19.601284_80.342399,MH-002,0,0.0598343126475811,0
B,MH-002,MH-002_19.601284_80.342669,MH-002,0,0.04644283279776573,0
B,MH-002,MH-002_19.601284_80.342938,MH-002,0,0.04143492504954338,0
B,MH-002,MH-002_19.601284_80.343208,MH-002,0,0.039933230727910995,0
B,MH-002,MH-002_19.601284_80.343477,MH-002,0,0.03770575672388077,0
B,MH-002,MH-002_19.601284_80.343747,MH-002,0,0.03308122605085373,0
B,MH-002,MH-002_19.601284_80.344016,MH-002,0,0.03145019710063934,0
B,MH-002,MH-002_19.601284_80.344286,MH-002,0,0.028302159160375595,0
B,MH-002,MH-002_19.601284_80.344555,MH-002,0,0.031550705432891846,0
B,MH-002,MH-002_19.601284_80.344825,MH-002,0,0.0298048947006464,0
B,MH-002,MH-002_19.601284_80.345094,MH-002,0,0.03571180999279022,0
B,MH-002,MH-002_19.601284_80.345364,MH-002,0,0.03694675490260124,0
B,MH-002,MH-002_19.601284_80.345633,MH-002,0,0.03643310070037842,0
B,MH-002,MH-002_19.601284_80.345903,MH-002,0,0.04554853215813637,0
B,MH-002,MH-002_19.601284_80.346172,MH-002,0,0.0785374641418457,0
B,MH-002,MH-002_19.601284_80.346442,MH-002,0,0.13354308903217316,0
B,MH-002,MH-002_19.601284_80.346711,MH-002,1,0.20201164484024048,0
B,MH-002,MH-002_19.601284_80.347789,MH-002,1,0.36859866976737976,1
B,MH-002,MH-002_19.601284_80.348867,MH-002,0,0.2026507556438446,0
B,MH-002,MH-002_19.601284_80.349137,MH-002,0,0.15849821269512177,0
B,MH-002,MH-002_19.601284_80.349406,MH-002,0,0.131637305021286,0
B,MH-002,MH-002_19.601284_80.349676,MH-002,0,0.14251619577407837,0
B,MH-002,MH-002_19.601284_80.349945,MH-002,0,0.1374237984418869,0
B,MH-002,MH-002_19.601284_80.350215,MH-002,0,0.13032396137714386,0
B,MH-002,MH-002_19.601284_80.350484,MH-002,0,0.13973358273506165,0
B,MH-002,MH-002_19.601284_80.350754,MH-002,0,0.14202114939689636,0
B,MH-002,MH-002_19.601284_80.351023,MH-002,0,0.16534851491451263,0
B,MH-002,MH-002_19.601284_80.351293,MH-002,0,0.16663232445716858,0
B,MH-002,MH-002_19.601284_80.351562,MH-002,0,0.18619489669799805,0
B,MH-002,MH-002_19.601284_80.351832,MH-002,0,0.1827935427427292,0
B,MH-002,MH-002_19.601284_80.352101,MH-002,0,0.21924100816249847,0
B,MH-002,MH-002_19.601284_80.352371,MH-002,0,0.2237221598625183,0
B,MH-002,MH-002_19.601284_80.35264,MH-002,1,0.27030229568481445,1
B,MH-002,MH-002_19.601284_80.35291,MH-002,1,0.3252415359020233,1
B,MH-002,MH-002_19.601284_80.353179,MH-002,1,0.4091413915157318,1
B,MH-002,MH-002_19.601284_80.353449,MH-002,0,0.5010403394699097,1
B,MH-002,MH-002_19.601284_80.353718,MH-002,1,0.594065248966217,1
B,MH-002,MH-002_19.601284_80.353988,MH-002,1,0.7173269391059875,1
B,MH-002,MH-002_19.601284_80.354796,MH-002,1,0.945121169090271,1
B,MH-002,MH-002_19.601284_80.355066,MH-002,1,0.9576927423477173,1
B,MH-002,MH-002_19.601284_80.355335,MH-002,1,0.96292644739151,1
B,MH-002,MH-002_19.601284_80.355605,MH-002,1,0.9725635051727295,1
B,MH-002,MH-002_19.601284_80.356144,MH-002,0,0.9718402028083801,1
B,MH-002,MH-002_19.601284_80.356683,MH-002,0,0.9484646320343018,1
B,MH-002,MH-002_19.601015_80.339974,MH-002,0,0.14170166850090027,0
B,MH-002,MH-002_19.601015_80.340244,MH-002,0,0.16380470991134644,0
B,MH-002,MH-002_19.601015_80.340783,MH-002,0,0.1753944754600525,0
B,MH-002,MH-002_19.601015_80.341052,MH-002,0,0.18343672156333923,0
B,MH-002,MH-002_19.601015_80.341322,MH-002,0,0.15155042707920074,0
B,MH-002,MH-002_19.601015_80.341591,MH-002,0,0.14360171556472778,0
B,MH-002,MH-002_19.601015_80.34186,MH-002,0,0.10154853761196136,0
B,MH-002,MH-002_19.601015_80.34213,MH-002,0,0.1022554337978363,0
B,MH-002,MH-002_19.601015_80.342399,MH-002,0,0.06989473849534988,0
B,MH-002,MH-002_19.601015_80.342669,MH-002,0,0.05367232486605644,0
B,MH-002,MH-002_19.601015_80.342938,MH-002,0,0.04945692420005798,0
B,MH-002,MH-002_19.601015_80.343208,MH-002,0,0.04720960929989815,0
B,MH-002,MH-002_19.601015_80.343477,MH-002,0,0.043796688318252563,0
B,MH-002,MH-002_19.601015_80.343747,MH-002,0,0.03811819851398468,0
B,MH-002,MH-002_19.601015_80.344016,MH-002,0,0.03592818230390549,0
B,MH-002,MH-002_19.601015_80.344286,MH-002,0,0.033959753811359406,0
B,MH-002,MH-002_19.601015_80.344555,MH-002,0,0.035912610590457916,0
B,MH-002,MH-002_19.601015_80.344825,MH-002,0,0.03586219996213913,0
B,MH-002,MH-002_19.601015_80.345094,MH-002,0,0.039118967950344086,0
B,MH-002,MH-002_19.601015_80.345364,MH-002,0,0.04502302408218384,0
B,MH-002,MH-002_19.601015_80.345633,MH-002,0,0.05423673987388611,0
B,MH-002,MH-002_19.601015_80.345903,MH-002,0,0.07341441512107849,0
B,MH-002,MH-002_19.601015_80.346172,MH-002,0,0.15422765910625458,0
B,MH-002,MH-002_19.601015_80.346442,MH-002,0,0.26799142360687256,1
B,MH-002,MH-002_19.601015_80.346711,MH-002,0,0.3242219090461731,1
B,MH-002,MH-002_19.601015_80.34752,MH-002,1,0.40829139947891235,1
B,MH-002,MH-002_19.601015_80.347789,MH-002,1,0.3587228059768677,1
B,MH-002,MH-002_19.601015_80.348328,MH-002,0,0.25210508704185486,1
B,MH-002,MH-002_19.601015_80.349137,MH-002,0,0.12928415834903717,0
B,MH-002,MH-002_19.601015_80.349406,MH-002,0,0.13312868773937225,0
B,MH-002,MH-002_19.601015_80.349676,MH-002,0,0.12797972559928894,0
B,MH-002,MH-002_19.601015_80.349945,MH-002,0,0.12647150456905365,0
B,MH-002,MH-002_19.601015_80.350215,MH-002,0,0.13398684561252594,0
B,MH-002,MH-002_19.601015_80.350484,MH-002,0,0.14806810021400452,0
B,MH-002,MH-002_19.601015_80.350754,MH-002,0,0.15299589931964874,0
B,MH-002,MH-002_19.601015_80.351023,MH-002,0,0.165421262383461,0
B,MH-002,MH-002_19.601015_80.351293,MH-002,0,0.16665524244308472,0
B,MH-002,MH-002_19.601015_80.351562,MH-002,0,0.19111326336860657,0
B,MH-002,MH-002_19.601015_80.351832,MH-002,0,0.20687296986579895,0
B,MH-002,MH-002_19.601015_80.352101,MH-002,0,0.238098606467247,0
B,MH-002,MH-002_19.601015_80.352371,MH-002,0,0.26983365416526794,1
B,MH-002,MH-002_19.601015_80.35264,MH-002,1,0.3082386553287506,1
B,MH-002,MH-002_19.601015_80.35291,MH-002,1,0.35607436299324036,1
B,MH-002,MH-002_19.601015_80.353179,MH-002,1,0.40823861956596375,1
B,MH-002,MH-002_19.601015_80.353449,MH-002,1,0.530450165271759,1
B,MH-002,MH-002_19.601015_80.353718,MH-002,0,0.625075101852417,1
B,MH-002,MH-002_19.601015_80.353988,MH-002,1,0.7321902513504028,1
B,MH-002,MH-002_19.601015_80.355066,MH-002,1,0.916612446308136,1
B,MH-002,MH-002_19.601015_80.355335,MH-002,1,0.9344376921653748,1
B,MH-002,MH-002_19.601015_80.355605,MH-002,1,0.9402779340744019,1
B,MH-002,MH-002_19.601015_80.356952,MH-002,0,0.8864936232566833,1
B,MH-002,MH-002_19.601015_80.357222,MH-002,0,0.9339573383331299,1
B,MH-002,MH-002_19.600745_80.339974,MH-002,0,0.10901464521884918,0
B,MH-002,MH-002_19.600745_80.340244,MH-002,1,0.14076201617717743,0
B,MH-002,MH-002_19.600745_80.340513,MH-002,1,0.19996649026870728,0
B,MH-002,MH-002_19.600745_80.340783,MH-002,1,0.19718876481056213,0
B,MH-002,MH-002_19.600745_80.341052,MH-002,1,0.2013631910085678,0
B,MH-002,MH-002_19.600745_80.341322,MH-002,0,0.1338869333267212,0
B,MH-002,MH-002_19.600745_80.341591,MH-002,0,0.1264224648475647,0
B,MH-002,MH-002_19.600745_80.34186,MH-002,0,0.10300968587398529,0
B,MH-002,MH-002_19.600745_80.34213,MH-002,0,0.09014998376369476,0
B,MH-002,MH-002_19.600745_80.342399,MH-002,0,0.07105418294668198,0
B,MH-002,MH-002_19.600745_80.342669,MH-002,0,0.05941765382885933,0
B,MH-002,MH-002_19.600745_80.342938,MH-002,0,0.0513526052236557,0
B,MH-002,MH-002_19.600745_80.343208,MH-002,0,0.05067368596792221,0
B,MH-002,MH-002_19.600745_80.343477,MH-002,0,0.04456963762640953,0
B,MH-002,MH-002_19.600745_80.343747,MH-002,0,0.04459109529852867,0
B,MH-002,MH-002_19.600745_80.344016,MH-002,0,0.03904519975185394,0
B,MH-002,MH-002_19.600745_80.344286,MH-002,0,0.04064906761050224,0
B,MH-002,MH-002_19.600745_80.344555,MH-002,0,0.040547795593738556,0
B,MH-002,MH-002_19.600745_80.344825,MH-002,0,0.045640505850315094,0
B,MH-002,MH-002_19.600745_80.345094,MH-002,0,0.050844062119722366,0
B,MH-002,MH-002_19.600745_80.345364,MH-002,0,0.05384727567434311,0
B,MH-002,MH-002_19.600745_80.345633,MH-002,0,0.06444275379180908,0
B,MH-002,MH-002_19.600745_80.345903,MH-002,0,0.09431060403585434,0
B,MH-002,MH-002_19.600745_80.346172,MH-002,0,0.16975632309913635,0
B,MH-002,MH-002_19.600745_80.346442,MH-002,1,0.28674790263175964,1
B,MH-002,MH-002_19.600745_80.346711,MH-002,1,0.3676970303058624,1
B,MH-002,MH-002_19.600745_80.349137,MH-002,0,0.12702694535255432,0
B,MH-002,MH-002_19.600745_80.349406,MH-002,0,0.113257497549057,0
B,MH-002,MH-002_19.600745_80.349676,MH-002,0,0.1316104680299759,0
B,MH-002,MH-002_19.600745_80.349945,MH-002,0,0.12124387919902802,0
B,MH-002,MH-002_19.600745_80.350215,MH-002,0,0.1195439025759697,0
B,MH-002,MH-002_19.600745_80.350484,MH-002,0,0.13351479172706604,0
B,MH-002,MH-002_19.600745_80.350754,MH-002,0,0.14750811457633972,0
B,MH-002,MH-002_19.600745_80.351023,MH-002,0,0.1511433720588684,0
B,MH-002,MH-002_19.600745_80.351293,MH-002,0,0.15608718991279602,0
B,MH-002,MH-002_19.600745_80.351562,MH-002,0,0.18534430861473083,0
B,MH-002,MH-002_19.600745_80.351832,MH-002,0,0.2188078761100769,0
B,MH-002,MH-002_19.600745_80.352101,MH-002,0,0.2891635596752167,1
B,MH-002,MH-002_19.600745_80.352371,MH-002,0,0.3198258876800537,1
B,MH-002,MH-002_19.600745_80.35264,MH-002,0,0.3524666726589203,1
B,MH-002,MH-002_19.600745_80.35291,MH-002,1,0.3990502655506134,1
B,MH-002,MH-002_19.600745_80.353179,MH-002,1,0.43909716606140137,1
B,MH-002,MH-002_19.600745_80.353449,MH-002,1,0.49122297763824463,1
B,MH-002,MH-002_19.600745_80.353718,MH-002,1,0.6042829155921936,1
B,MH-002,MH-002_19.600745_80.353988,MH-002,0,0.7132933735847473,1
B,MH-002,MH-002_19.600745_80.354257,MH-002,1,0.7318504452705383,1
B,MH-002,MH-002_19.600745_80.357491,MH-002,0,0.9664531946182251,1
B,MH-002,MH-002_19.600476_80.339974,MH-002,0,0.07282990962266922,0
B,MH-002,MH-002_19.600476_80.340244,MH-002,0,0.10669070482254028,0
B,MH-002,MH-002_19.600476_80.340513,MH-002,0,0.12848252058029175,0
B,MH-002,MH-002_19.600476_80.340783,MH-002,0,0.1341482400894165,0
B,MH-002,MH-002_19.600476_80.341052,MH-002,1,0.14749325811862946,0
B,MH-002,MH-002_19.600476_80.341322,MH-002,0,0.1334979087114334,0
B,MH-002,MH-002_19.600476_80.341591,MH-002,0,0.12851974368095398,0
B,MH-002,MH-002_19.600476_80.34186,MH-002,0,0.09508784860372543,0
B,MH-002,MH-002_19.600476_80.34213,MH-002,0,0.09256642311811447,0
B,MH-002,MH-002_19.600476_80.342399,MH-002,0,0.08422176539897919,0
B,MH-002,MH-002_19.600476_80.342669,MH-002,0,0.0722942054271698,0
B,MH-002,MH-002_19.600476_80.342938,MH-002,0,0.05645245313644409,0
B,MH-002,MH-002_19.600476_80.343208,MH-002,0,0.059866514056921005,0
B,MH-002,MH-002_19.600476_80.343477,MH-002,0,0.059245359152555466,0
B,MH-002,MH-002_19.600476_80.343747,MH-002,0,0.05558094382286072,0
B,MH-002,MH-002_19.600476_80.344016,MH-002,0,0.04986051470041275,0
B,MH-002,MH-002_19.600476_80.344286,MH-002,0,0.050118908286094666,0
B,MH-002,MH-002_19.600476_80.344555,MH-002,0,0.05111125484108925,0
B,MH-002,MH-002_19.600476_80.344825,MH-002,0,0.05573064088821411,0
B,MH-002,MH-002_19.600476_80.345094,MH-002,0,0.06548677384853363,0
B,MH-002,MH-002_19.600476_80.345364,MH-002,0,0.07561518251895905,0
B,MH-002,MH-002_19.600476_80.345633,MH-002,0,0.10449577122926712,0
B,MH-002,MH-002_19.600476_80.345903,MH-002,0,0.1447489857673645,0
B,MH-002,MH-002_19.600476_80.346172,MH-002,1,0.2521999776363373,1
B,MH-002,MH-002_19.600476_80.346442,MH-002,0,0.4181550145149231,1
B,MH-002,MH-002_19.600476_80.346711,MH-002,0,0.40884163975715637,1
B,MH-002,MH-002_19.600476_80.34752,MH-002,1,0.3229650855064392,1
B,MH-002,MH-002_19.600476_80.347789,MH-002,1,0.2603501081466675,1
B,MH-002,MH-002_19.600476_80.348598,MH-002,0,0.11309592425823212,0
B,MH-002,MH-002_19.600476_80.349406,MH-002,0,0.09423601627349854,0
B,MH-002,MH-002_19.600476_80.349676,MH-002,0,0.09789121150970459,0
B,MH-002,MH-002_19.600476_80.349945,MH-002,0,0.10733630508184433,0
B,MH-002,MH-002_19.600476_80.350215,MH-002,0,0.11038969457149506,0
B,MH-002,MH-002_19.600476_80.350484,MH-002,0,0.13094015419483185,0
B,MH-002,MH-002_19.600476_80.350754,MH-002,0,0.14052699506282806,0
B,MH-002,MH-002_19.600476_80.351023,MH-002,0,0.14860354363918304,0
B,MH-002,MH-002_19.600476_80.351293,MH-002,0,0.150889590382576,0
B,MH-002,MH-002_19.600476_80.351562,MH-002,0,0.19229727983474731,0
B,MH-002,MH-002_19.600476_80.351832,MH-002,0,0.20246796309947968,0
B,MH-002,MH-002_19.600476_80.352101,MH-002,0,0.29143619537353516,1
B,MH-002,MH-002_19.600476_80.352371,MH-002,0,0.3490954339504242,1
B,MH-002,MH-002_19.600476_80.35264,MH-002,0,0.42068493366241455,1
B,MH-002,MH-002_19.600476_80.35291,MH-002,1,0.4719775915145874,1
B,MH-002,MH-002_19.600476_80.353179,MH-002,1,0.5067591667175293,1
B,MH-002,MH-002_19.600476_80.353449,MH-002,1,0.5767943859100342,1
B,MH-002,MH-002_19.600476_80.353718,MH-002,1,0.6809520721435547,1
B,MH-002,MH-002_19.600476_80.353988,MH-002,1,0.7237950563430786,1
B,MH-002,MH-002_19.600476_80.354257,MH-002,0,0.736297070980072,1
B,MH-002,MH-002_19.600476_80.354527,MH-002,1,0.7034598588943481,1
B,MH-002,MH-002_19.600476_80.354796,MH-002,1,0.6807970404624939,1
B,MH-002,MH-002_19.600476_80.355066,MH-002,1,0.6663647294044495,1
B,MH-002,MH-002_19.600476_80.356144,MH-002,0,0.5650643110275269,1
B,MH-002,MH-002_19.600476_80.356413,MH-002,0,0.5746059417724609,1
B,MH-002,MH-002_19.600476_80.356683,MH-002,0,0.6483277678489685,1
B,MH-002,MH-002_19.600476_80.356952,MH-002,0,0.6976739168167114,1
B,MH-002,MH-002_19.600476_80.357222,MH-002,0,0.8542295694351196,1
B,MH-002,MH-002_19.600206_80.339705,MH-002,0,0.04681595414876938,0
B,MH-002,MH-002_19.600206_80.339974,MH-002,0,0.05593954399228096,0
B,MH-002,MH-002_19.600206_80.340244,MH-002,0,0.0684516653418541,0
B,MH-002,MH-002_19.600206_80.340513,MH-002,0,0.08786487579345703,0
B,MH-002,MH-002_19.600206_80.340783,MH-002,0,0.09994912892580032,0
B,MH-002,MH-002_19.600206_80.341052,MH-002,0,0.10119684785604477,0
B,MH-002,MH-002_19.600206_80.341322,MH-002,0,0.0862237736582756,0
B,MH-002,MH-002_19.600206_80.341591,MH-002,0,0.09791505336761475,0
B,MH-002,MH-002_19.600206_80.34186,MH-002,0,0.09180722385644913,0
B,MH-002,MH-002_19.600206_80.34213,MH-002,0,0.08508048951625824,0
B,MH-002,MH-002_19.600206_80.342399,MH-002,0,0.06869170069694519,0
B,MH-002,MH-002_19.600206_80.342669,MH-002,0,0.06269191950559616,0
B,MH-002,MH-002_19.600206_80.342938,MH-002,0,0.062342505902051926,0
B,MH-002,MH-002_19.600206_80.343208,MH-002,0,0.06406141072511673,0
B,MH-002,MH-002_19.600206_80.343477,MH-002,0,0.06863965094089508,0
B,MH-002,MH-002_19.600206_80.343747,MH-002,0,0.06201060488820076,0
B,MH-002,MH-002_19.600206_80.344016,MH-002,0,0.0539623498916626,0
B,MH-002,MH-002_19.600206_80.344286,MH-002,0,0.05904810503125191,0
B,MH-002,MH-002_19.600206_80.344555,MH-002,0,0.05880407243967056,0
B,MH-002,MH-002_19.600206_80.344825,MH-002,0,0.06944368034601212,0
B,MH-002,MH-002_19.600206_80.345094,MH-002,0,0.07575123012065887,0
B,MH-002,MH-002_19.600206_80.345364,MH-002,0,0.08818158507347107,0
B,MH-002,MH-002_19.600206_80.345633,MH-002,0,0.10769815742969513,0
B,MH-002,MH-002_19.600206_80.345903,MH-002,1,0.1619180142879486,0
B,MH-002,MH-002_19.600206_80.346172,MH-002,1,0.2687372863292694,1
B,MH-002,MH-002_19.600206_80.346442,MH-002,0,0.32986927032470703,1
B,MH-002,MH-002_19.600206_80.346711,MH-002,0,0.3470497131347656,1
B,MH-002,MH-002_19.600206_80.34725,MH-002,0,0.289202481508255,1
B,MH-002,MH-002_19.600206_80.34752,MH-002,0,0.2654939889907837,1
B,MH-002,MH-002_19.600206_80.347789,MH-002,0,0.18628308176994324,0
B,MH-002,MH-002_19.600206_80.348059,MH-002,0,0.1651325672864914,0
B,MH-002,MH-002_19.600206_80.348328,MH-002,0,0.11636178940534592,0
B,MH-002,MH-002_19.600206_80.349676,MH-002,0,0.08607935160398483,0
B,MH-002,MH-002_19.600206_80.349945,MH-002,0,0.08398956805467606,0
B,MH-002,MH-002_19.600206_80.350215,MH-002,0,0.08616232126951218,0
B,MH-002,MH-002_19.600206_80.350484,MH-002,0,0.09768736362457275,0
B,MH-002,MH-002_19.600206_80.350754,MH-002,0,0.11109185218811035,0
B,MH-002,MH-002_19.600206_80.351023,MH-002,0,0.12214688211679459,0
B,MH-002,MH-002_19.600206_80.351293,MH-002,0,0.12371865659952164,0
B,MH-002,MH-002_19.600206_80.351562,MH-002,0,0.16629737615585327,0
B,MH-002,MH-002_19.600206_80.351832,MH-002,0,0.18785040080547333,0
B,MH-002,MH-002_19.600206_80.352101,MH-002,1,0.28148046135902405,1
B,MH-002,MH-002_19.600206_80.352371,MH-002,0,0.38609039783477783,1
B,MH-002,MH-002_19.600206_80.35264,MH-002,0,0.44781458377838135,1
B,MH-002,MH-002_19.600206_80.35291,MH-002,1,0.5125333666801453,1
B,MH-002,MH-002_19.600206_80.353179,MH-002,1,0.5550453662872314,1
B,MH-002,MH-002_19.600206_80.353449,MH-002,1,0.5992825627326965,1
B,MH-002,MH-002_19.600206_80.353718,MH-002,1,0.6322579979896545,1
B,MH-002,MH-002_19.600206_80.353988,MH-002,1,0.702056348323822,1
B,MH-002,MH-002_19.600206_80.354257,MH-002,1,0.6819216012954712,1
B,MH-002,MH-002_19.600206_80.354527,MH-002,0,0.6862201690673828,1
B,MH-002,MH-002_19.600206_80.354796,MH-002,1,0.6457898020744324,1
B,MH-002,MH-002_19.600206_80.355066,MH-002,1,0.6378878355026245,1
B,MH-002,MH-002_19.600206_80.355335,MH-002,1,0.5977596640586853,1
B,MH-002,MH-002_19.600206_80.355605,MH-002,1,0.6362358927726746,1
B,MH-002,MH-002_19.600206_80.355874,MH-002,0,0.5976074934005737,1
B,MH-002,MH-002_19.600206_80.356144,MH-002,0,0.5963928699493408,1
B,MH-002,MH-002_19.600206_80.356683,MH-002,0,0.6120985746383667,1
B,MH-002,MH-002_19.600206_80.356952,MH-002,0,0.6385626792907715,1
B,MH-002,MH-002_19.600206_80.357222,MH-002,0,0.8475059270858765,1
B,MH-002,MH-002_19.599937_80.339705,MH-002,0,0.054809894412755966,0
B,MH-002,MH-002_19.599937_80.339974,MH-002,0,0.05798187479376793,0
B,MH-002,MH-002_19.599937_80.340244,MH-002,0,0.0792469009757042,0
B,MH-002,MH-002_19.599937_80.340513,MH-002,0,0.08488209545612335,0
B,MH-002,MH-002_19.599937_80.340783,MH-002,0,0.0972694382071495,0
B,MH-002,MH-002_19.599937_80.341052,MH-002,0,0.1087188720703125,0
B,MH-002,MH-002_19.599937_80.341322,MH-002,0,0.10622050613164902,0
B,MH-002,MH-002_19.599937_80.341591,MH-002,0,0.10453897714614868,0
B,MH-002,MH-002_19.599937_80.34186,MH-002,0,0.08048278093338013,0
B,MH-002,MH-002_19.599937_80.34213,MH-002,0,0.0966741144657135,0
B,MH-002,MH-002_19.599937_80.342399,MH-002,0,0.07945151627063751,0
B,MH-002,MH-002_19.599937_80.342669,MH-002,0,0.06821811199188232,0
B,MH-002,MH-002_19.599937_80.342938,MH-002,0,0.06589432805776596,0
B,MH-002,MH-002_19.599937_80.343208,MH-002,0,0.06590817123651505,0
B,MH-002,MH-002_19.599937_80.343477,MH-002,0,0.07122469693422318,0
B,MH-002,MH-002_19.599937_80.343747,MH-002,0,0.06573188304901123,0
B,MH-002,MH-002_19.599937_80.344016,MH-002,0,0.060370948165655136,0
B,MH-002,MH-002_19.599937_80.344286,MH-002,0,0.05982758104801178,0
B,MH-002,MH-002_19.599937_80.344555,MH-002,0,0.0689147561788559,0
B,MH-002,MH-002_19.599937_80.344825,MH-002,0,0.07601030170917511,0
B,MH-002,MH-002_19.599937_80.345094,MH-002,0,0.08461401611566544,0
B,MH-002,MH-002_19.599937_80.345364,MH-002,0,0.08878164738416672,0
B,MH-002,MH-002_19.599937_80.345633,MH-002,0,0.12252331525087357,0
B,MH-002,MH-002_19.599937_80.345903,MH-002,0,0.14733389019966125,0
B,MH-002,MH-002_19.599937_80.346172,MH-002,1,0.2552945911884308,1
B,MH-002,MH-002_19.599937_80.346442,MH-002,0,0.34889158606529236,1
B,MH-002,MH-002_19.599937_80.346711,MH-002,0,0.3558191657066345,1
B,MH-002,MH-002_19.599937_80.34725,MH-002,0,0.3878602385520935,1
B,MH-002,MH-002_19.599937_80.34752,MH-002,0,0.26754841208457947,1
B,MH-002,MH-002_19.599937_80.347789,MH-002,0,0.18994462490081787,0
B,MH-002,MH-002_19.599937_80.348059,MH-002,0,0.10819626599550247,0
B,MH-002,MH-002_19.599937_80.348328,MH-002,0,0.0877767875790596,0
B,MH-002,MH-002_19.599937_80.348598,MH-002,0,0.0595988854765892,0
B,MH-002,MH-002_19.599937_80.348867,MH-002,0,0.04972940683364868,0
B,MH-002,MH-002_19.599937_80.349945,MH-002,0,0.056952279061079025,0
B,MH-002,MH-002_19.599937_80.350215,MH-002,0,0.06583940982818604,0
B,MH-002,MH-002_19.599937_80.350484,MH-002,0,0.08123510330915451,0
B,MH-002,MH-002_19.599937_80.350754,MH-002,0,0.09194332361221313,0
B,MH-002,MH-002_19.599937_80.351023,MH-002,0,0.10176936537027359,0
B,MH-002,MH-002_19.599937_80.351293,MH-002,0,0.09638522565364838,0
B,MH-002,MH-002_19.599937_80.351562,MH-002,0,0.1343803107738495,0
B,MH-002,MH-002_19.599937_80.351832,MH-002,0,0.16288022696971893,0
B,MH-002,MH-002_19.599937_80.352101,MH-002,1,0.27424198389053345,1
B,MH-002,MH-002_19.599937_80.352371,MH-002,0,0.3921567499637604,1
B,MH-002,MH-002_19.599937_80.35264,MH-002,0,0.49636921286582947,1
B,MH-002,MH-002_19.599937_80.35291,MH-002,0,0.5345341563224792,1
B,MH-002,MH-002_19.599937_80.353179,MH-002,0,0.5813367366790771,1
B,MH-002,MH-002_19.599937_80.353449,MH-002,0,0.6199554800987244,1
B,MH-002,MH-002_19.599937_80.353718,MH-002,1,0.6463857293128967,1
B,MH-002,MH-002_19.599937_80.353988,MH-002,1,0.6855433583259583,1
B,MH-002,MH-002_19.599937_80.354257,MH-002,1,0.6960770487785339,1
B,MH-002,MH-002_19.599937_80.354527,MH-002,1,0.7054985761642456,1
B,MH-002,MH-002_19.599937_80.354796,MH-002,1,0.7026193737983704,1
B,MH-002,MH-002_19.599937_80.355066,MH-002,1,0.6840217709541321,1
B,MH-002,MH-002_19.599937_80.355335,MH-002,1,0.6737358570098877,1
B,MH-002,MH-002_19.599937_80.355605,MH-002,1,0.6581776142120361,1
B,MH-002,MH-002_19.599937_80.355874,MH-002,1,0.6272523999214172,1
B,MH-002,MH-002_19.599937_80.356683,MH-002,0,0.5901248455047607,1
B,MH-002,MH-002_19.599937_80.356952,MH-002,0,0.6068732738494873,1
B,MH-002,MH-002_19.599667_80.339705,MH-002,0,0.05818065628409386,0
B,MH-002,MH-002_19.599667_80.339974,MH-002,0,0.06670055538415909,0
B,MH-002,MH-002_19.599667_80.340244,MH-002,0,0.07524902373552322,0
B,MH-002,MH-002_19.599667_80.340513,MH-002,0,0.09690231084823608,0
B,MH-002,MH-002_19.599667_80.340783,MH-002,0,0.08570356667041779,0
B,MH-002,MH-002_19.599667_80.341052,MH-002,0,0.09636356681585312,0
B,MH-002,MH-002_19.599667_80.341322,MH-002,0,0.07279510796070099,0
B,MH-002,MH-002_19.599667_80.341591,MH-002,0,0.07959990203380585,0
B,MH-002,MH-002_19.599667_80.34186,MH-002,0,0.06684351712465286,0
B,MH-002,MH-002_19.599667_80.34213,MH-002,0,0.07259558141231537,0
B,MH-002,MH-002_19.599667_80.342399,MH-002,1,0.07615986466407776,0
B,MH-002,MH-002_19.599667_80.342669,MH-002,1,0.0781451016664505,0
B,MH-002,MH-002_19.599667_80.342938,MH-002,0,0.07508935779333115,0
B,MH-002,MH-002_19.599667_80.343208,MH-002,0,0.07274770736694336,0
B,MH-002,MH-002_19.599667_80.343477,MH-002,0,0.07808942347764969,0
B,MH-002,MH-002_19.599667_80.343747,MH-002,0,0.07066532224416733,0
B,MH-002,MH-002_19.599667_80.344016,MH-002,0,0.06256718188524246,0
B,MH-002,MH-002_19.599667_80.344286,MH-002,0,0.06398484855890274,0
B,MH-002,MH-002_19.599667_80.344555,MH-002,0,0.07089011371135712,0
B,MH-002,MH-002_19.599667_80.344825,MH-002,0,0.08027496188879013,0
B,MH-002,MH-002_19.599667_80.345094,MH-002,0,0.08618192374706268,0
B,MH-002,MH-002_19.599667_80.345364,MH-002,0,0.09497886896133423,0
B,MH-002,MH-002_19.599667_80.345633,MH-002,0,0.1126570776104927,0
B,MH-002,MH-002_19.599667_80.345903,MH-002,0,0.13433228433132172,0
B,MH-002,MH-002_19.599667_80.346172,MH-002,0,0.19833098351955414,0
B,MH-002,MH-002_19.599667_80.346442,MH-002,0,0.2924307882785797,1
B,MH-002,MH-002_19.599667_80.346711,MH-002,0,0.3747720718383789,1
B,MH-002,MH-002_19.599667_80.34725,MH-002,0,0.3354921042919159,1
B,MH-002,MH-002_19.599667_80.34752,MH-002,0,0.2117164433002472,0
B,MH-002,MH-002_19.599667_80.347789,MH-002,0,0.1082419902086258,0
B,MH-002,MH-002_19.599667_80.348059,MH-002,0,0.07127755135297775,0
B,MH-002,MH-002_19.599667_80.348328,MH-002,0,0.050345778465270996,0
B,MH-002,MH-002_19.599667_80.348598,MH-002,0,0.03329692408442497,0
B,MH-002,MH-002_19.599667_80.348867,MH-002,0,0.030065547674894333,0
B,MH-002,MH-002_19.599667_80.349137,MH-002,0,0.02979285828769207,0
B,MH-002,MH-002_19.599667_80.349945,MH-002,0,0.046852122992277145,0
B,MH-002,MH-002_19.599667_80.350215,MH-002,0,0.0626620352268219,0
B,MH-002,MH-002_19.599667_80.350484,MH-002,0,0.07422750443220139,0
B,MH-002,MH-002_19.599667_80.350754,MH-002,0,0.08360990136861801,0
B,MH-002,MH-002_19.599667_80.351023,MH-002,0,0.09007474035024643,0
B,MH-002,MH-002_19.599667_80.351293,MH-002,0,0.08702315390110016,0
B,MH-002,MH-002_19.599667_80.351562,MH-002,0,0.11030017584562302,0
B,MH-002,MH-002_19.599667_80.351832,MH-002,0,0.14238807559013367,0
B,MH-002,MH-002_19.599667_80.352101,MH-002,0,0.217044398188591,0
B,MH-002,MH-002_19.599667_80.352371,MH-002,0,0.3510082960128784,1
B,MH-002,MH-002_19.599667_80.35264,MH-002,0,0.4531208276748657,1
B,MH-002,MH-002_19.599667_80.35291,MH-002,0,0.5128262639045715,1
B,MH-002,MH-002_19.599667_80.353179,MH-002,0,0.543900191783905,1
B,MH-002,MH-002_19.599667_80.353449,MH-002,0,0.5775823593139648,1
B,MH-002,MH-002_19.599667_80.353718,MH-002,0,0.5904092788696289,1
B,MH-002,MH-002_19.599667_80.353988,MH-002,1,0.6401351690292358,1
B,MH-002,MH-002_19.599667_80.354257,MH-002,1,0.6585848927497864,1
B,MH-002,MH-002_19.599667_80.354527,MH-002,1,0.6827982664108276,1
B,MH-002,MH-002_19.599667_80.354796,MH-002,1,0.712336540222168,1
B,MH-002,MH-002_19.599667_80.355066,MH-002,1,0.7125253677368164,1
B,MH-002,MH-002_19.599667_80.355335,MH-002,0,0.7159097194671631,1
B,MH-002,MH-002_19.599667_80.355605,MH-002,1,0.7191644906997681,1
B,MH-002,MH-002_19.599667_80.355874,MH-002,1,0.6775345206260681,1
B,MH-002,MH-002_19.599667_80.356144,MH-002,0,0.6553491353988647,1
B,MH-002,MH-002_19.599667_80.357222,MH-002,0,0.8396194577217102,1
B,MH-002,MH-002_19.599398_80.339435,MH-002,0,0.050141945481300354,0
B,MH-002,MH-002_19.599398_80.339705,MH-002,0,0.05961189046502113,0
B,MH-002,MH-002_19.599398_80.339974,MH-002,0,0.06359408050775528,0
B,MH-002,MH-002_19.599398_80.340244,MH-002,0,0.06923755258321762,0
B,MH-002,MH-002_19.599398_80.340513,MH-002,0,0.08565165847539902,0
B,MH-002,MH-002_19.599398_80.340783,MH-002,0,0.07452680915594101,0
B,MH-002,MH-002_19.599398_80.341052,MH-002,0,0.07701374590396881,0
B,MH-002,MH-002_19.599398_80.341322,MH-002,0,0.07005161792039871,0
B,MH-002,MH-002_19.599398_80.341591,MH-002,0,0.06401540338993073,0
B,MH-002,MH-002_19.599398_80.34186,MH-002,0,0.05791264772415161,0
B,MH-002,MH-002_19.599398_80.34213,MH-002,0,0.05448172986507416,0
B,MH-002,MH-002_19.599398_80.342399,MH-002,1,0.061715152114629745,0
B,MH-002,MH-002_19.599398_80.342669,MH-002,1,0.06632455438375473,0
B,MH-002,MH-002_19.599398_80.343477,MH-002,0,0.081154964864254,0
B,MH-002,MH-002_19.599398_80.343747,MH-002,0,0.0696936547756195,0
B,MH-002,MH-002_19.599398_80.344016,MH-002,0,0.06597656011581421,0
B,MH-002,MH-002_19.599398_80.344286,MH-002,0,0.07090242952108383,0
B,MH-002,MH-002_19.599398_80.344555,MH-002,0,0.06985846161842346,0
B,MH-002,MH-002_19.599398_80.344825,MH-002,0,0.08701593428850174,0
B,MH-002,MH-002_19.599398_80.345094,MH-002,0,0.09396031498908997,0
B,MH-002,MH-002_19.599398_80.345364,MH-002,0,0.09197201579809189,0
B,MH-002,MH-002_19.599398_80.345633,MH-002,0,0.10128631442785263,0
B,MH-002,MH-002_19.599398_80.345903,MH-002,0,0.12104877084493637,0
B,MH-002,MH-002_19.599398_80.346172,MH-002,0,0.14144712686538696,0
B,MH-002,MH-002_19.599398_80.346442,MH-002,0,0.23957397043704987,0
B,MH-002,MH-002_19.599398_80.346711,MH-002,0,0.31576472520828247,1
B,MH-002,MH-002_19.599398_80.346981,MH-002,0,0.25489702820777893,1
B,MH-002,MH-002_19.599398_80.34725,MH-002,0,0.2735840678215027,1
B,MH-002,MH-002_19.599398_80.34752,MH-002,0,0.20046640932559967,0
B,MH-002,MH-002_19.599398_80.347789,MH-002,0,0.09279769659042358,0
B,MH-002,MH-002_19.599398_80.348059,MH-002,0,0.04783312603831291,0
B,MH-002,MH-002_19.599398_80.348328,MH-002,0,0.03597453236579895,0
B,MH-002,MH-002_19.599398_80.348598,MH-002,0,0.025287041440606117,0
B,MH-002,MH-002_19.599398_80.348867,MH-002,0,0.020405946299433708,0
B,MH-002,MH-002_19.599398_80.349137,MH-002,0,0.018375154584646225,0
B,MH-002,MH-002_19.599398_80.349676,MH-002,0,0.02536640129983425,0
B,MH-002,MH-002_19.599398_80.349945,MH-002,0,0.036041416227817535,0
B,MH-002,MH-002_19.599398_80.350215,MH-002,0,0.049318328499794006,0
B,MH-002,MH-002_19.599398_80.350484,MH-002,0,0.058225613087415695,0
B,MH-002,MH-002_19.599398_80.350754,MH-002,0,0.06071748957037926,0
B,MH-002,MH-002_19.599398_80.351023,MH-002,0,0.07309398800134659,0
B,MH-002,MH-002_19.599398_80.351293,MH-002,0,0.06683170050382614,0
B,MH-002,MH-002_19.599398_80.351562,MH-002,0,0.08722946792840958,0
B,MH-002,MH-002_19.599398_80.351832,MH-002,0,0.1184481680393219,0
B,MH-002,MH-002_19.599398_80.352101,MH-002,0,0.18129873275756836,0
B,MH-002,MH-002_19.599398_80.352371,MH-002,0,0.2543277442455292,1
B,MH-002,MH-002_19.599398_80.35264,MH-002,0,0.38453996181488037,1
B,MH-002,MH-002_19.599398_80.35291,MH-002,0,0.4753091633319855,1
B,MH-002,MH-002_19.599398_80.353179,MH-002,0,0.5186935067176819,1
B,MH-002,MH-002_19.599398_80.353449,MH-002,0,0.5659835338592529,1
B,MH-002,MH-002_19.599398_80.353718,MH-002,0,0.5974454879760742,1
B,MH-002,MH-002_19.599398_80.353988,MH-002,1,0.5807192325592041,1
B,MH-002,MH-002_19.599398_80.354257,MH-002,1,0.6179342269897461,1
B,MH-002,MH-002_19.599398_80.354527,MH-002,1,0.6109090447425842,1
B,MH-002,MH-002_19.599398_80.354796,MH-002,1,0.6446946263313293,1
B,MH-002,MH-002_19.599398_80.355066,MH-002,1,0.6758208274841309,1
B,MH-002,MH-002_19.599398_80.355335,MH-002,1,0.6955739855766296,1
B,MH-002,MH-002_19.599398_80.355605,MH-002,1,0.7331083416938782,1
B,MH-002,MH-002_19.599398_80.355874,MH-002,0,0.7054664492607117,1
B,MH-002,MH-002_19.599398_80.356144,MH-002,1,0.6963531374931335,1
B,MH-002,MH-002_19.599398_80.356413,MH-002,1,0.65565425157547,1
B,MH-002,MH-002_19.599398_80.356683,MH-002,1,0.6454768776893616,1
B,MH-002,MH-002_19.599128_80.339435,MH-002,0,0.04723958298563957,0
B,MH-002,MH-002_19.599128_80.339705,MH-002,1,0.06146790087223053,0
B,MH-002,MH-002_19.599128_80.339974,MH-002,1,0.05977005138993263,0
B,MH-002,MH-002_19.599128_80.340244,MH-002,1,0.058398693799972534,0
B,MH-002,MH-002_19.599128_80.340513,MH-002,1,0.06995560973882675,0
B,MH-002,MH-002_19.599128_80.340783,MH-002,0,0.06527207791805267,0
B,MH-002,MH-002_19.599128_80.341052,MH-002,0,0.06176750361919403,0
B,MH-002,MH-002_19.599128_80.341322,MH-002,0,0.04903145506978035,0
B,MH-002,MH-002_19.599128_80.341591,MH-002,0,0.05218667536973953,0
B,MH-002,MH-002_19.599128_80.34186,MH-002,0,0.052648067474365234,0
B,MH-002,MH-002_19.599128_80.34213,MH-002,1,0.05076685547828674,0
B,MH-002,MH-002_19.599128_80.342399,MH-002,1,0.05814116448163986,0
B,MH-002,MH-002_19.599128_80.343477,MH-002,0,0.06463280320167542,0
B,MH-002,MH-002_19.599128_80.343747,MH-002,0,0.056347914040088654,0
B,MH-002,MH-002_19.599128_80.344016,MH-002,0,0.05736170709133148,0
B,MH-002,MH-002_19.599128_80.344286,MH-002,0,0.060432784259319305,0
B,MH-002,MH-002_19.599128_80.344555,MH-002,0,0.059441257268190384,0
B,MH-002,MH-002_19.599128_80.344825,MH-002,0,0.06646566092967987,0
B,MH-002,MH-002_19.599128_80.345094,MH-002,0,0.08092726022005081,0
B,MH-002,MH-002_19.599128_80.345364,MH-002,0,0.08174190670251846,0
B,MH-002,MH-002_19.599128_80.345633,MH-002,0,0.07832202315330505,0
B,MH-002,MH-002_19.599128_80.345903,MH-002,0,0.09732900559902191,0
B,MH-002,MH-002_19.599128_80.346172,MH-002,0,0.11665592342615128,0
B,MH-002,MH-002_19.599128_80.346442,MH-002,0,0.17673476040363312,0
B,MH-002,MH-002_19.599128_80.346711,MH-002,0,0.2630099356174469,1
B,MH-002,MH-002_19.599128_80.34725,MH-002,0,0.17816101014614105,0
B,MH-002,MH-002_19.599128_80.34752,MH-002,0,0.12958970665931702,0
B,MH-002,MH-002_19.599128_80.347789,MH-002,0,0.06473466753959656,0
B,MH-002,MH-002_19.599128_80.348059,MH-002,0,0.03824061527848244,0
B,MH-002,MH-002_19.599128_80.348328,MH-002,0,0.026506569236516953,0
B,MH-002,MH-002_19.599128_80.348598,MH-002,0,0.016739239916205406,0
B,MH-002,MH-002_19.599128_80.348867,MH-002,0,0.012443013489246368,0
B,MH-002,MH-002_19.599128_80.349406,MH-002,0,0.012292452156543732,0
B,MH-002,MH-002_19.599128_80.349676,MH-002,0,0.018517764285206795,0
B,MH-002,MH-002_19.599128_80.349945,MH-002,0,0.02330753393471241,0
B,MH-002,MH-002_19.599128_80.350215,MH-002,0,0.033263351768255234,0
B,MH-002,MH-002_19.599128_80.350484,MH-002,0,0.04418271780014038,0
B,MH-002,MH-002_19.599128_80.350754,MH-002,0,0.042368534952402115,0
B,MH-002,MH-002_19.599128_80.351023,MH-002,0,0.0496477410197258,0
B,MH-002,MH-002_19.599128_80.351293,MH-002,0,0.05059390887618065,0
B,MH-002,MH-002_19.599128_80.351562,MH-002,0,0.05807512626051903,0
B,MH-002,MH-002_19.599128_80.351832,MH-002,0,0.08500500023365021,0
B,MH-002,MH-002_19.599128_80.352101,MH-002,0,0.11771328002214432,0
B,MH-002,MH-002_19.599128_80.352371,MH-002,0,0.18979571759700775,0
B,MH-002,MH-002_19.599128_80.35264,MH-002,0,0.2774987816810608,1
B,MH-002,MH-002_19.599128_80.35291,MH-002,0,0.38547950983047485,1
B,MH-002,MH-002_19.599128_80.353179,MH-002,0,0.44698724150657654,1
B,MH-002,MH-002_19.599128_80.353449,MH-002,0,0.5327448844909668,1
B,MH-002,MH-002_19.599128_80.353718,MH-002,0,0.5161678791046143,1
B,MH-002,MH-002_19.599128_80.353988,MH-002,0,0.5175855159759521,1
B,MH-002,MH-002_19.599128_80.354257,MH-002,0,0.53764408826828,1
B,MH-002,MH-002_19.599128_80.354527,MH-002,1,0.5536167025566101,1
B,MH-002,MH-002_19.599128_80.354796,MH-002,1,0.5925734043121338,1
B,MH-002,MH-002_19.599128_80.355066,MH-002,1,0.5792752504348755,1
B,MH-002,MH-002_19.599128_80.355335,MH-002,1,0.6138718724250793,1
B,MH-002,MH-002_19.599128_80.355605,MH-002,1,0.6130807995796204,1
B,MH-002,MH-002_19.599128_80.355874,MH-002,1,0.6186997890472412,1
B,MH-002,MH-002_19.599128_80.356144,MH-002,1,0.6554981470108032,1
B,MH-002,MH-002_19.599128_80.356413,MH-002,0,0.6420978307723999,1
B,MH-002,MH-002_19.599128_80.356683,MH-002,1,0.6545002460479736,1
B,MH-002,MH-002_19.599128_80.356952,MH-002,1,0.6704365611076355,1
B,MH-002,MH-002_19.598859_80.339435,MH-002,0,0.06422916799783707,0
B,MH-002,MH-002_19.598859_80.339705,MH-002,0,0.07875534892082214,0
B,MH-002,MH-002_19.598859_80.340513,MH-002,0,0.08783534169197083,0
B,MH-002,MH-002_19.598859_80.34186,MH-002,0,0.05319517105817795,0
B,MH-002,MH-002_19.598859_80.34213,MH-002,0,0.04666077345609665,0
B,MH-002,MH-002_19.598859_80.343747,MH-002,0,0.05315925553441048,0
B,MH-002,MH-002_19.598859_80.344016,MH-002,0,0.05107850953936577,0
B,MH-002,MH-002_19.598859_80.344286,MH-002,0,0.059998635202646255,0
B,MH-002,MH-002_19.598859_80.344555,MH-002,0,0.05494621768593788,0
B,MH-002,MH-002_19.598859_80.344825,MH-002,0,0.06544611603021622,0
B,MH-002,MH-002_19.598859_80.345094,MH-002,0,0.075372114777565,0
B,MH-002,MH-002_19.598859_80.345364,MH-002,0,0.07606903463602066,0
B,MH-002,MH-002_19.598859_80.345633,MH-002,0,0.06869276612997055,0
B,MH-002,MH-002_19.598859_80.345903,MH-002,0,0.07711732387542725,0
B,MH-002,MH-002_19.598859_80.346172,MH-002,0,0.09203523397445679,0
B,MH-002,MH-002_19.598859_80.346442,MH-002,0,0.14129486680030823,0
B,MH-002,MH-002_19.598859_80.346711,MH-002,0,0.1981791853904724,0
B,MH-002,MH-002_19.598859_80.34752,MH-002,0,0.12665458023548126,0
B,MH-002,MH-002_19.598859_80.347789,MH-002,0,0.06251261383295059,0
B,MH-002,MH-002_19.598859_80.348059,MH-002,0,0.034547921270132065,0
B,MH-002,MH-002_19.598859_80.348328,MH-002,0,0.02547411248087883,0
B,MH-002,MH-002_19.598859_80.348598,MH-002,0,0.01663491129875183,0
B,MH-002,MH-002_19.598859_80.348867,MH-002,0,0.011315220966935158,0
B,MH-002,MH-002_19.598859_80.349137,MH-002,0,0.011116717010736465,0
B,MH-002,MH-002_19.598859_80.349406,MH-002,0,0.010451850481331348,0
B,MH-002,MH-002_19.598859_80.349676,MH-002,0,0.014255261979997158,0
B,MH-002,MH-002_19.598859_80.349945,MH-002,0,0.019962690770626068,0
B,MH-002,MH-002_19.598859_80.350215,MH-002,0,0.03044397570192814,0
B,MH-002,MH-002_19.598859_80.350484,MH-002,0,0.03286167234182358,0
B,MH-002,MH-002_19.598859_80.350754,MH-002,0,0.0393650196492672,0
B,MH-002,MH-002_19.598859_80.351023,MH-002,0,0.03971811383962631,0
B,MH-002,MH-002_19.598859_80.351293,MH-002,0,0.03890088573098183,0
B,MH-002,MH-002_19.598859_80.351562,MH-002,0,0.0483037605881691,0
B,MH-002,MH-002_19.598859_80.351832,MH-002,0,0.06027982383966446,0
B,MH-002,MH-002_19.598859_80.352101,MH-002,0,0.09041353315114975,0
B,MH-002,MH-002_19.598859_80.352371,MH-002,0,0.1614139974117279,0
B,MH-002,MH-002_19.598859_80.35264,MH-002,0,0.23854094743728638,0
B,MH-002,MH-002_19.598859_80.35291,MH-002,0,0.3272700905799866,1
B,MH-002,MH-002_19.598859_80.353179,MH-002,0,0.4219755530357361,1
B,MH-002,MH-002_19.598859_80.353449,MH-002,0,0.5178292989730835,1
B,MH-002,MH-002_19.598859_80.353718,MH-002,0,0.48762619495391846,1
B,MH-002,MH-002_19.598859_80.353988,MH-002,0,0.4839820861816406,1
B,MH-002,MH-002_19.598859_80.354257,MH-002,0,0.4726906418800354,1
B,MH-002,MH-002_19.598859_80.354527,MH-002,0,0.46721380949020386,1
B,MH-002,MH-002_19.598859_80.354796,MH-002,0,0.499988317489624,1
B,MH-002,MH-002_19.598859_80.355066,MH-002,0,0.5118168592453003,1
B,MH-002,MH-002_19.598859_80.355335,MH-002,0,0.5218756198883057,1
B,MH-002,MH-002_19.598859_80.355605,MH-002,1,0.544921875,1
B,MH-002,MH-002_19.598859_80.355874,MH-002,1,0.5492811799049377,1
B,MH-002,MH-002_19.598859_80.356144,MH-002,1,0.5961655378341675,1
B,MH-002,MH-002_19.598859_80.356413,MH-002,1,0.5838299989700317,1
B,MH-002,MH-002_19.598859_80.356683,MH-002,1,0.6056733727455139,1
B,MH-002,MH-002_19.598859_80.356952,MH-002,0,0.6224387288093567,1
B,MH-002,MH-002_19.598859_80.357222,MH-002,1,0.5955989956855774,1
B,MH-002,MH-002_19.598859_80.357491,MH-002,0,0.6490958333015442,1
B,MH-002,MH-002_19.598589_80.339166,MH-002,0,0.04199985787272453,0
B,MH-002,MH-002_19.598589_80.339435,MH-002,0,0.05637053772807121,0
B,MH-002,MH-002_19.598589_80.339974,MH-002,0,0.08365492522716522,0
B,MH-002,MH-002_19.598589_80.340513,MH-002,0,0.08821289986371994,0
B,MH-002,MH-002_19.598589_80.340783,MH-002,0,0.06231057271361351,0
B,MH-002,MH-002_19.598589_80.341052,MH-002,0,0.050886478275060654,0
B,MH-002,MH-002_19.598589_80.341322,MH-002,0,0.03763611242175102,0
B,MH-002,MH-002_19.598589_80.341591,MH-002,0,0.03572845831513405,0
B,MH-002,MH-002_19.598589_80.34186,MH-002,0,0.036530058830976486,0
B,MH-002,MH-002_19.598589_80.34213,MH-002,0,0.040839001536369324,0
B,MH-002,MH-002_19.598589_80.342399,MH-002,1,0.04585842788219452,0
B,MH-002,MH-002_19.598589_80.342669,MH-002,0,0.048025522381067276,0
B,MH-002,MH-002_19.598589_80.342938,MH-002,0,0.04967227205634117,0
B,MH-002,MH-002_19.598589_80.343747,MH-002,0,0.042596202343702316,0
B,MH-002,MH-002_19.598589_80.344016,MH-002,1,0.04806758835911751,0
B,MH-002,MH-002_19.598589_80.344286,MH-002,0,0.04960474371910095,0
B,MH-002,MH-002_19.598589_80.344555,MH-002,0,0.04840348660945892,0
B,MH-002,MH-002_19.598589_80.344825,MH-002,0,0.05259599909186363,0
B,MH-002,MH-002_19.598589_80.345094,MH-002,0,0.06540074199438095,0
B,MH-002,MH-002_19.598589_80.345364,MH-002,0,0.06932634115219116,0
B,MH-002,MH-002_19.598589_80.345633,MH-002,0,0.07211840897798538,0
B,MH-002,MH-002_19.598589_80.345903,MH-002,0,0.08558360487222672,0
B,MH-002,MH-002_19.598589_80.346172,MH-002,0,0.08697254955768585,0
B,MH-002,MH-002_19.598589_80.346442,MH-002,0,0.11672297865152359,0
B,MH-002,MH-002_19.598589_80.346711,MH-002,0,0.12795031070709229,0
B,MH-002,MH-002_19.598589_80.346981,MH-002,0,0.11765749752521515,0
B,MH-002,MH-002_19.598589_80.34752,MH-002,0,0.06552533060312271,0
B,MH-002,MH-002_19.598589_80.347789,MH-002,0,0.044832512736320496,0
B,MH-002,MH-002_19.598589_80.348059,MH-002,0,0.03208112716674805,0
B,MH-002,MH-002_19.598589_80.348328,MH-002,0,0.021293725818395615,0
B,MH-002,MH-002_19.598589_80.348598,MH-002,0,0.01387020107358694,0
B,MH-002,MH-002_19.598589_80.348867,MH-002,0,0.009918885305523872,0
B,MH-002,MH-002_19.598589_80.349406,MH-002,0,0.010746623389422894,0
B,MH-002,MH-002_19.598589_80.349676,MH-002,0,0.01608722098171711,0
B,MH-002,MH-002_19.598589_80.349945,MH-002,0,0.021246694028377533,0
B,MH-002,MH-002_19.598589_80.350215,MH-002,0,0.03099508211016655,0
B,MH-002,MH-002_19.598589_80.350484,MH-002,0,0.03934419900178909,0
B,MH-002,MH-002_19.598589_80.350754,MH-002,0,0.04807867482304573,0
B,MH-002,MH-002_19.598589_80.351023,MH-002,0,0.04947634041309357,0
B,MH-002,MH-002_19.598589_80.352101,MH-002,0,0.08518077433109283,0
B,MH-002,MH-002_19.598589_80.352371,MH-002,0,0.13749130070209503,0
B,MH-002,MH-002_19.598589_80.35264,MH-002,0,0.1897110790014267,0
B,MH-002,MH-002_19.598589_80.35291,MH-002,0,0.26096871495246887,1
B,MH-002,MH-002_19.598589_80.353179,MH-002,0,0.29669108986854553,1
B,MH-002,MH-002_19.598589_80.353449,MH-002,0,0.38559690117836,1
B,MH-002,MH-002_19.598589_80.353718,MH-002,0,0.36010289192199707,1
B,MH-002,MH-002_19.598589_80.353988,MH-002,0,0.37786442041397095,1
B,MH-002,MH-002_19.598589_80.354257,MH-002,0,0.35301852226257324,1
B,MH-002,MH-002_19.598589_80.354527,MH-002,0,0.36085274815559387,1
B,MH-002,MH-002_19.598589_80.354796,MH-002,0,0.4188706576824188,1
B,MH-002,MH-002_19.598589_80.355066,MH-002,0,0.4268469214439392,1
B,MH-002,MH-002_19.598589_80.355335,MH-002,0,0.45738863945007324,1
B,MH-002,MH-002_19.598589_80.355605,MH-002,1,0.4417179524898529,1
B,MH-002,MH-002_19.598589_80.355874,MH-002,1,0.47024306654930115,1
B,MH-002,MH-002_19.598589_80.356144,MH-002,1,0.503322184085846,1
B,MH-002,MH-002_19.598589_80.356413,MH-002,1,0.5284318923950195,1
B,MH-002,MH-002_19.598589_80.356683,MH-002,1,0.5662841200828552,1
B,MH-002,MH-002_19.598589_80.356952,MH-002,1,0.6027966141700745,1
B,MH-002,MH-002_19.598589_80.357222,MH-002,0,0.612912118434906,1
B,MH-002,MH-002_19.598589_80.357491,MH-002,1,0.6478869318962097,1
B,MH-002,MH-002_19.59832_80.339166,MH-002,0,0.036026377230882645,0
B,MH-002,MH-002_19.59832_80.339435,MH-002,0,0.045966438949108124,0
B,MH-002,MH-002_19.59832_80.339705,MH-002,0,0.05876205116510391,0
B,MH-002,MH-002_19.59832_80.339974,MH-002,0,0.07068315893411636,0
B,MH-002,MH-002_19.59832_80.340513,MH-002,0,0.05866311118006706,0
B,MH-002,MH-002_19.59832_80.340783,MH-002,0,0.045004431158304214,0
B,MH-002,MH-002_19.59832_80.341052,MH-002,0,0.03309221193194389,0
B,MH-002,MH-002_19.59832_80.341322,MH-002,0,0.02674718201160431,0
B,MH-002,MH-002_19.59832_80.341591,MH-002,0,0.022240521386265755,0
B,MH-002,MH-002_19.59832_80.34186,MH-002,0,0.025963440537452698,0
B,MH-002,MH-002_19.59832_80.34213,MH-002,1,0.023313350975513458,0
B,MH-002,MH-002_19.59832_80.342399,MH-002,1,0.033005490899086,0
B,MH-002,MH-002_19.59832_80.342669,MH-002,0,0.035556137561798096,0
B,MH-002,MH-002_19.59832_80.342938,MH-002,1,0.038596030324697495,0
B,MH-002,MH-002_19.59832_80.343208,MH-002,0,0.050383713096380234,0
B,MH-002,MH-002_19.59832_80.343747,MH-002,0,0.04176885262131691,0
B,MH-002,MH-002_19.59832_80.344016,MH-002,0,0.03617298603057861,0
B,MH-002,MH-002_19.59832_80.344286,MH-002,0,0.038272421807050705,0
B,MH-002,MH-002_19.59832_80.344555,MH-002,0,0.037659674882888794,0
B,MH-002,MH-002_19.59832_80.344825,MH-002,0,0.0464504174888134,0
B,MH-002,MH-002_19.59832_80.345094,MH-002,0,0.051169563084840775,0
B,MH-002,MH-002_19.59832_80.345364,MH-002,0,0.05995408073067665,0
B,MH-002,MH-002_19.59832_80.345633,MH-002,0,0.05880039185285568,0
B,MH-002,MH-002_19.59832_80.345903,MH-002,0,0.06827174872159958,0
B,MH-002,MH-002_19.59832_80.346172,MH-002,0,0.0737825259566307,0
B,MH-002,MH-002_19.59832_80.346442,MH-002,0,0.09521610289812088,0
B,MH-002,MH-002_19.59832_80.346711,MH-002,0,0.07823733240365982,0
B,MH-002,MH-002_19.59832_80.346981,MH-002,0,0.08149249851703644,0
B,MH-002,MH-002_19.59832_80.34725,MH-002,0,0.064024418592453,0
B,MH-002,MH-002_19.59832_80.348328,MH-002,0,0.01831437647342682,0
B,MH-002,MH-002_19.59832_80.348598,MH-002,0,0.01247403584420681,0
B,MH-002,MH-002_19.59832_80.348867,MH-002,0,0.01061262283474207,0
B,MH-002,MH-002_19.59832_80.349137,MH-002,0,0.009946903213858604,0
B,MH-002,MH-002_19.59832_80.350215,MH-002,0,0.02626129239797592,0
B,MH-002,MH-002_19.59832_80.350484,MH-002,0,0.03285166993737221,0
B,MH-002,MH-002_19.59832_80.350754,MH-002,0,0.037915997207164764,0
B,MH-002,MH-002_19.59832_80.351562,MH-002,0,0.04760317504405975,0
B,MH-002,MH-002_19.59832_80.351832,MH-002,1,0.06015154346823692,0
B,MH-002,MH-002_19.59832_80.35264,MH-002,0,0.16062217950820923,0
B,MH-002,MH-002_19.59832_80.35291,MH-002,0,0.21473558247089386,0
B,MH-002,MH-002_19.59832_80.353179,MH-002,0,0.23401540517807007,0
B,MH-002,MH-002_19.59832_80.353449,MH-002,0,0.2910807430744171,1
B,MH-002,MH-002_19.59832_80.353718,MH-002,0,0.2432635873556137,0
B,MH-002,MH-002_19.59832_80.353988,MH-002,0,0.25945767760276794,1
B,MH-002,MH-002_19.59832_80.354257,MH-002,0,0.22381429374217987,0
B,MH-002,MH-002_19.59832_80.354527,MH-002,0,0.24223478138446808,0
B,MH-002,MH-002_19.59832_80.354796,MH-002,0,0.23733648657798767,0
B,MH-002,MH-002_19.59832_80.355066,MH-002,0,0.2877199947834015,1
B,MH-002,MH-002_19.59832_80.355335,MH-002,0,0.28908419609069824,1
B,MH-002,MH-002_19.59832_80.355605,MH-002,0,0.31506669521331787,1
B,MH-002,MH-002_19.59832_80.355874,MH-002,0,0.3489455580711365,1
B,MH-002,MH-002_19.59832_80.356144,MH-002,1,0.4025696814060211,1
B,MH-002,MH-002_19.59832_80.356413,MH-002,1,0.42828699946403503,1
B,MH-002,MH-002_19.59832_80.356683,MH-002,1,0.47079694271087646,1
B,MH-002,MH-002_19.59832_80.356952,MH-002,1,0.5133034586906433,1
B,MH-002,MH-002_19.59832_80.357222,MH-002,1,0.5767669081687927,1
B,MH-002,MH-002_19.59832_80.357491,MH-002,1,0.6070998311042786,1
B,MH-002,MH-002_19.59805_80.338896,MH-002,0,0.029058288782835007,0
B,MH-002,MH-002_19.59805_80.339166,MH-002,0,0.02990589290857315,0
B,MH-002,MH-002_19.59805_80.339435,MH-002,0,0.0324382558465004,0
B,MH-002,MH-002_19.59805_80.339705,MH-002,0,0.04506780952215195,0
B,MH-002,MH-002_19.59805_80.340244,MH-002,0,0.05151761695742607,0
B,MH-002,MH-002_19.59805_80.340513,MH-002,0,0.04993056878447533,0
B,MH-002,MH-002_19.59805_80.340783,MH-002,0,0.04043427109718323,0
B,MH-002,MH-002_19.59805_80.342399,MH-002,0,0.02601565048098564,0
B,MH-002,MH-002_19.59805_80.342669,MH-002,1,0.027246780693531036,0
B,MH-002,MH-002_19.59805_80.342938,MH-002,1,0.0388539619743824,0
B,MH-002,MH-002_19.59805_80.344016,MH-002,0,0.03630288317799568,0
B,MH-002,MH-002_19.59805_80.344286,MH-002,1,0.030284937471151352,0
B,MH-002,MH-002_19.59805_80.344555,MH-002,1,0.0387115515768528,0
B,MH-002,MH-002_19.59805_80.344825,MH-002,0,0.035869721323251724,0
B,MH-002,MH-002_19.59805_80.345094,MH-002,0,0.04537832364439964,0
B,MH-002,MH-002_19.59805_80.345364,MH-002,0,0.04496364668011665,0
B,MH-002,MH-002_19.59805_80.345633,MH-002,0,0.05807788670063019,0
B,MH-002,MH-002_19.59805_80.345903,MH-002,0,0.05651708319783211,0
B,MH-002,MH-002_19.59805_80.346172,MH-002,0,0.06336027383804321,0
B,MH-002,MH-002_19.59805_80.346442,MH-002,0,0.07601089030504227,0
B,MH-002,MH-002_19.59805_80.346711,MH-002,0,0.0688110738992691,0
B,MH-002,MH-002_19.59805_80.346981,MH-002,0,0.0644388198852539,0
B,MH-002,MH-002_19.59805_80.34725,MH-002,0,0.04961816966533661,0
B,MH-002,MH-002_19.59805_80.34752,MH-002,0,0.04342345893383026,0
B,MH-002,MH-002_19.59805_80.348867,MH-002,0,0.0138319106772542,0
B,MH-002,MH-002_19.59805_80.349137,MH-002,0,0.012713906355202198,0
B,MH-002,MH-002_19.59805_80.349406,MH-002,0,0.011678405106067657,0
B,MH-002,MH-002_19.59805_80.349676,MH-002,0,0.013101513497531414,0
B,MH-002,MH-002_19.59805_80.350215,MH-002,0,0.025331741198897362,0
B,MH-002,MH-002_19.59805_80.350484,MH-002,0,0.029686590656638145,0
B,MH-002,MH-002_19.59805_80.350754,MH-002,0,0.03349516913294792,0
B,MH-002,MH-002_19.59805_80.351293,MH-002,0,0.041104719042778015,0
B,MH-002,MH-002_19.59805_80.351562,MH-002,0,0.046683866530656815,0
B,MH-002,MH-002_19.59805_80.351832,MH-002,0,0.06028001755475998,0
B,MH-002,MH-002_19.59805_80.352101,MH-002,0,0.07445905357599258,0
B,MH-002,MH-002_19.59805_80.352371,MH-002,0,0.10874341428279877,0
B,MH-002,MH-002_19.59805_80.353179,MH-002,0,0.1893760710954666,0
B,MH-002,MH-002_19.59805_80.353449,MH-002,0,0.22601497173309326,0
B,MH-002,MH-002_19.59805_80.353718,MH-002,0,0.23069174587726593,0
B,MH-002,MH-002_19.59805_80.353988,MH-002,0,0.2079896330833435,0
B,MH-002,MH-002_19.59805_80.354257,MH-002,0,0.18189316987991333,0
B,MH-002,MH-002_19.59805_80.354527,MH-002,0,0.19290220737457275,0
B,MH-002,MH-002_19.59805_80.354796,MH-002,0,0.1824914515018463,0
B,MH-002,MH-002_19.59805_80.355066,MH-002,0,0.19723065197467804,0
B,MH-002,MH-002_19.59805_80.355335,MH-002,0,0.2249673753976822,0
B,MH-002,MH-002_19.59805_80.355605,MH-002,0,0.21366621553897858,0
B,MH-002,MH-002_19.59805_80.355874,MH-002,0,0.2355424016714096,0
B,MH-002,MH-002_19.59805_80.356144,MH-002,0,0.27372539043426514,1
B,MH-002,MH-002_19.59805_80.356413,MH-002,0,0.31886574625968933,1
B,MH-002,MH-002_19.59805_80.356683,MH-002,1,0.3896593451499939,1
B,MH-002,MH-002_19.59805_80.356952,MH-002,1,0.4547666907310486,1
B,MH-002,MH-002_19.59805_80.357222,MH-002,1,0.5010100603103638,1
B,MH-002,MH-002_19.59805_80.357491,MH-002,1,0.5622106194496155,1
B,MH-002,MH-002_19.597781_80.338627,MH-002,0,0.015991436317563057,0
B,MH-002,MH-002_19.597781_80.339166,MH-002,0,0.023883270099759102,0
B,MH-002,MH-002_19.597781_80.339435,MH-002,0,0.03152821958065033,0
B,MH-002,MH-002_19.597781_80.341322,MH-002,0,0.023668933659791946,0
B,MH-002,MH-002_19.597781_80.341591,MH-002,0,0.01893583871424198,0
B,MH-002,MH-002_19.597781_80.342938,MH-002,0,0.04053090140223503,0
B,MH-002,MH-002_19.597781_80.343747,MH-002,0,0.03500665724277496,0
B,MH-002,MH-002_19.597781_80.344555,MH-002,1,0.028539089486002922,0
B,MH-002,MH-002_19.597781_80.344825,MH-002,1,0.033377330750226974,0
B,MH-002,MH-002_19.597781_80.345094,MH-002,0,0.03167851269245148,0
B,MH-002,MH-002_19.597781_80.345364,MH-002,0,0.036922380328178406,0
B,MH-002,MH-002_19.597781_80.345633,MH-002,0,0.04413832351565361,0
B,MH-002,MH-002_19.597781_80.345903,MH-002,0,0.05592311546206474,0
B,MH-002,MH-002_19.597781_80.346172,MH-002,0,0.05890830233693123,0
B,MH-002,MH-002_19.597781_80.346442,MH-002,0,0.0740848109126091,0
B,MH-002,MH-002_19.597781_80.346711,MH-002,0,0.06603895127773285,0
B,MH-002,MH-002_19.597781_80.346981,MH-002,0,0.065674789249897,0
B,MH-002,MH-002_19.597781_80.34725,MH-002,0,0.0552530363202095,0
B,MH-002,MH-002_19.597781_80.34752,MH-002,0,0.0457020029425621,0
B,MH-002,MH-002_19.597781_80.347789,MH-002,0,0.04694288596510887,0
B,MH-002,MH-002_19.597781_80.349137,MH-002,0,0.014978191815316677,0
B,MH-002,MH-002_19.597781_80.349406,MH-002,0,0.01380322314798832,0
B,MH-002,MH-002_19.597781_80.349676,MH-002,0,0.016933223232626915,0
B,MH-002,MH-002_19.597781_80.351562,MH-002,0,0.034883834421634674,0
B,MH-002,MH-002_19.597781_80.351832,MH-002,0,0.04251866787672043,0
B,MH-002,MH-002_19.597781_80.352101,MH-002,0,0.046523019671440125,0
B,MH-002,MH-002_19.597781_80.352371,MH-002,0,0.09174230694770813,0
B,MH-002,MH-002_19.597781_80.35264,MH-002,0,0.1058214083313942,0
B,MH-002,MH-002_19.597781_80.35291,MH-002,0,0.13139620423316956,0
B,MH-002,MH-002_19.597781_80.353718,MH-002,0,0.16222792863845825,0
B,MH-002,MH-002_19.597781_80.353988,MH-002,0,0.16038961708545685,0
B,MH-002,MH-002_19.597781_80.354257,MH-002,0,0.1451985239982605,0
B,MH-002,MH-002_19.597781_80.354527,MH-002,0,0.14979690313339233,0
B,MH-002,MH-002_19.597781_80.354796,MH-002,0,0.1365610957145691,0
B,MH-002,MH-002_19.597781_80.355066,MH-002,0,0.14867205917835236,0
B,MH-002,MH-002_19.597781_80.355335,MH-002,0,0.13076794147491455,0
B,MH-002,MH-002_19.597781_80.355605,MH-002,0,0.1491609364748001,0
B,MH-002,MH-002_19.597781_80.355874,MH-002,0,0.1586078703403473,0
B,MH-002,MH-002_19.597781_80.356144,MH-002,0,0.19363871216773987,0
B,MH-002,MH-002_19.597781_80.356413,MH-002,0,0.23366902768611908,0
B,MH-002,MH-002_19.597781_80.356683,MH-002,0,0.3035203218460083,1
B,MH-002,MH-002_19.597781_80.356952,MH-002,1,0.3592092990875244,1
B,MH-002,MH-002_19.597781_80.357222,MH-002,1,0.3981529772281647,1
B,MH-002,MH-002_19.597781_80.357491,MH-002,1,0.5072606801986694,1
B,MH-002,MH-002_19.597511_80.339166,MH-002,0,0.01747933030128479,0
B,MH-002,MH-002_19.597511_80.339435,MH-002,0,0.022465262562036514,0
B,MH-002,MH-002_19.597511_80.339705,MH-002,0,0.030854899436235428,0
B,MH-002,MH-002_19.597511_80.339974,MH-002,0,0.034892335534095764,0
B,MH-002,MH-002_19.597511_80.340783,MH-002,0,0.03335012495517731,0
B,MH-002,MH-002_19.597511_80.341052,MH-002,0,0.030061667785048485,0
B,MH-002,MH-002_19.597511_80.341322,MH-002,0,0.028121933341026306,0
B,MH-002,MH-002_19.597511_80.341591,MH-002,0,0.021178578957915306,0
B,MH-002,MH-002_19.597511_80.34186,MH-002,0,0.024130383506417274,0
B,MH-002,MH-002_19.597511_80.34213,MH-002,0,0.02276826836168766,0
B,MH-002,MH-002_19.597511_80.342399,MH-002,0,0.025882478803396225,0
B,MH-002,MH-002_19.597511_80.343477,MH-002,0,0.025335730984807014,0
B,MH-002,MH-002_19.597511_80.343747,MH-002,0,0.02138558216392994,0
B,MH-002,MH-002_19.597511_80.344016,MH-002,0,0.020436173304915428,0
B,MH-002,MH-002_19.597511_80.344825,MH-002,0,0.026308491826057434,0
B,MH-002,MH-002_19.597511_80.345094,MH-002,0,0.025236014276742935,0
B,MH-002,MH-002_19.597511_80.345364,MH-002,0,0.02806788869202137,0
B,MH-002,MH-002_19.597511_80.345633,MH-002,0,0.035933732986450195,0
B,MH-002,MH-002_19.597511_80.345903,MH-002,0,0.04780600592494011,0
B,MH-002,MH-002_19.597511_80.346172,MH-002,0,0.05293917655944824,0
B,MH-002,MH-002_19.597511_80.346442,MH-002,0,0.05786292627453804,0
B,MH-002,MH-002_19.597511_80.346711,MH-002,0,0.05885099247097969,0
B,MH-002,MH-002_19.597511_80.346981,MH-002,0,0.05849657207727432,0
B,MH-002,MH-002_19.597511_80.34725,MH-002,0,0.04220375791192055,0
B,MH-002,MH-002_19.597511_80.34752,MH-002,0,0.042199861258268356,0
B,MH-002,MH-002_19.597511_80.347789,MH-002,0,0.03666794300079346,0
B,MH-002,MH-002_19.597511_80.348059,MH-002,0,0.029066994786262512,0
B,MH-002,MH-002_19.597511_80.351832,MH-002,0,0.04442932829260826,0
B,MH-002,MH-002_19.597511_80.352101,MH-002,0,0.06026726961135864,0
B,MH-002,MH-002_19.597511_80.352371,MH-002,0,0.08111901581287384,0
B,MH-002,MH-002_19.597511_80.35264,MH-002,0,0.1030094251036644,0
B,MH-002,MH-002_19.597511_80.35291,MH-002,0,0.11846019327640533,0
B,MH-002,MH-002_19.597511_80.353179,MH-002,0,0.12208018451929092,0
B,MH-002,MH-002_19.597511_80.353988,MH-002,0,0.13580699265003204,0
B,MH-002,MH-002_19.597511_80.354257,MH-002,0,0.13737429678440094,0
B,MH-002,MH-002_19.597511_80.354527,MH-002,0,0.1288256049156189,0
B,MH-002,MH-002_19.597511_80.355335,MH-002,0,0.10143505036830902,0
B,MH-002,MH-002_19.597511_80.355605,MH-002,0,0.09428217262029648,0
B,MH-002,MH-002_19.597511_80.355874,MH-002,0,0.12455233931541443,0
B,MH-002,MH-002_19.597511_80.356144,MH-002,0,0.14175738394260406,0
B,MH-002,MH-002_19.597511_80.356413,MH-002,0,0.1737046241760254,0
B,MH-002,MH-002_19.597511_80.356683,MH-002,0,0.22042728960514069,0
B,MH-002,MH-002_19.597511_80.356952,MH-002,1,0.23697933554649353,0
B,MH-002,MH-002_19.597511_80.357222,MH-002,1,0.24736633896827698,0
B,MH-002,MH-002_19.597511_80.357491,MH-002,1,0.3378361165523529,1
B,MH-002,MH-002_19.597242_80.338896,MH-002,0,0.012540656141936779,0
B,MH-002,MH-002_19.597242_80.339166,MH-002,0,0.014675510115921497,0
B,MH-002,MH-002_19.597242_80.339435,MH-002,0,0.020069187507033348,0
B,MH-002,MH-002_19.597242_80.339705,MH-002,0,0.02806379646062851,0
B,MH-002,MH-002_19.597242_80.339974,MH-002,0,0.028533726930618286,0
B,MH-002,MH-002_19.597242_80.340244,MH-002,0,0.03176070377230644,0
B,MH-002,MH-002_19.597242_80.340513,MH-002,0,0.029082341119647026,0
B,MH-002,MH-002_19.597242_80.340783,MH-002,0,0.027211390435695648,0
B,MH-002,MH-002_19.597242_80.341052,MH-002,0,0.02547035925090313,0
B,MH-002,MH-002_19.597242_80.341322,MH-002,0,0.0239366814494133,0
B,MH-002,MH-002_19.597242_80.341591,MH-002,0,0.018574798479676247,0
B,MH-002,MH-002_19.597242_80.34186,MH-002,0,0.0183413065969944,0
B,MH-002,MH-002_19.597242_80.34213,MH-002,0,0.016767172142863274,0
B,MH-002,MH-002_19.597242_80.342399,MH-002,0,0.020650159567594528,0
B,MH-002,MH-002_19.597242_80.342669,MH-002,0,0.020104916766285896,0
B,MH-002,MH-002_19.597242_80.343208,MH-002,0,0.02216961793601513,0
B,MH-002,MH-002_19.597242_80.343477,MH-002,0,0.021358007565140724,0
B,MH-002,MH-002_19.597242_80.343747,MH-002,0,0.019377537071704865,0
B,MH-002,MH-002_19.597242_80.344016,MH-002,0,0.013530206866562366,0
B,MH-002,MH-002_19.597242_80.344286,MH-002,0,0.013450407423079014,0
B,MH-002,MH-002_19.597242_80.344555,MH-002,0,0.014583208598196507,0
B,MH-002,MH-002_19.597242_80.345094,MH-002,0,0.014125182293355465,0
B,MH-002,MH-002_19.597242_80.345364,MH-002,0,0.016787001863121986,0
B,MH-002,MH-002_19.597242_80.345633,MH-002,0,0.021754248067736626,0
B,MH-002,MH-002_19.597242_80.345903,MH-002,0,0.04273448511958122,0
B,MH-002,MH-002_19.597242_80.346172,MH-002,0,0.053021419793367386,0
B,MH-002,MH-002_19.597242_80.346442,MH-002,0,0.06674173474311829,0
B,MH-002,MH-002_19.597242_80.346711,MH-002,0,0.06161726638674736,0
B,MH-002,MH-002_19.597242_80.346981,MH-002,0,0.055701058357954025,0
B,MH-002,MH-002_19.597242_80.34725,MH-002,0,0.0458686426281929,0
B,MH-002,MH-002_19.597242_80.34752,MH-002,0,0.044993214309215546,0
B,MH-002,MH-002_19.597242_80.347789,MH-002,0,0.03400208055973053,0
B,MH-002,MH-002_19.597242_80.348059,MH-002,0,0.02166113816201687,0
B,MH-002,MH-002_19.597242_80.348598,MH-002,0,0.01627483405172825,0
B,MH-002,MH-002_19.597242_80.352101,MH-002,0,0.05301385745406151,0
B,MH-002,MH-002_19.597242_80.352371,MH-002,0,0.09031055122613907,0
B,MH-002,MH-002_19.597242_80.35264,MH-002,0,0.1006290391087532,0
B,MH-002,MH-002_19.597242_80.35291,MH-002,0,0.11077090352773666,0
B,MH-002,MH-002_19.597242_80.353718,MH-002,0,0.10892021656036377,0
B,MH-002,MH-002_19.597242_80.353988,MH-002,0,0.10698703676462173,0
B,MH-002,MH-002_19.597242_80.354257,MH-002,0,0.09844625741243362,0
B,MH-002,MH-002_19.597242_80.354527,MH-002,0,0.10379576683044434,0
B,MH-002,MH-002_19.597242_80.355335,MH-002,0,0.08307690918445587,0
B,MH-002,MH-002_19.597242_80.355605,MH-002,0,0.07858209311962128,0
B,MH-002,MH-002_19.597242_80.355874,MH-002,0,0.09334027767181396,0
B,MH-002,MH-002_19.597242_80.356144,MH-002,0,0.11048893630504608,0
B,MH-002,MH-002_19.597242_80.356413,MH-002,0,0.1391860395669937,0
B,MH-002,MH-002_19.597242_80.356683,MH-002,0,0.1693946272134781,0
B,MH-002,MH-002_19.597242_80.356952,MH-002,0,0.17329399287700653,0
B,MH-002,MH-002_19.597242_80.357222,MH-002,1,0.17885012924671173,0
B,MH-002,MH-002_19.597242_80.357491,MH-002,1,0.21296854317188263,0
B,MH-002,MH-002_19.596973_80.338088,MH-002,0,0.009198999032378197,0
B,MH-002,MH-002_19.596973_80.338357,MH-002,0,0.009228773415088654,0
B,MH-002,MH-002_19.596973_80.338627,MH-002,0,0.00920109823346138,0
B,MH-002,MH-002_19.596973_80.338896,MH-002,0,0.010869303718209267,0
B,MH-002,MH-002_19.596973_80.339166,MH-002,0,0.012979998253285885,0
B,MH-002,MH-002_19.596973_80.339435,MH-002,0,0.01775973290205002,0
B,MH-002,MH-002_19.596973_80.339705,MH-002,0,0.02653382532298565,0
B,MH-002,MH-002_19.596973_80.339974,MH-002,0,0.03081308677792549,0
B,MH-002,MH-002_19.596973_80.340244,MH-002,0,0.03174704685807228,0
B,MH-002,MH-002_19.596973_80.340513,MH-002,0,0.032567914575338364,0
B,MH-002,MH-002_19.596973_80.340783,MH-002,0,0.03292444720864296,0
B,MH-002,MH-002_19.596973_80.341052,MH-002,0,0.0326099768280983,0
B,MH-002,MH-002_19.596973_80.341322,MH-002,0,0.024387095123529434,0
B,MH-002,MH-002_19.596973_80.341591,MH-002,0,0.021835023537278175,0
B,MH-002,MH-002_19.596973_80.34186,MH-002,0,0.02523769624531269,0
B,MH-002,MH-002_19.596973_80.34213,MH-002,0,0.0222788043320179,0
B,MH-002,MH-002_19.596973_80.342399,MH-002,0,0.026560848578810692,0
B,MH-002,MH-002_19.596973_80.342669,MH-002,0,0.023256121203303337,0
B,MH-002,MH-002_19.596973_80.343208,MH-002,0,0.022752029821276665,0
B,MH-002,MH-002_19.596973_80.343477,MH-002,0,0.019485218450427055,0
B,MH-002,MH-002_19.596973_80.343747,MH-002,0,0.01779920421540737,0
B,MH-002,MH-002_19.596973_80.344016,MH-002,0,0.013618119060993195,0
B,MH-002,MH-002_19.596973_80.344286,MH-002,0,0.012066209688782692,0
B,MH-002,MH-002_19.596973_80.344555,MH-002,0,0.013104264624416828,0
B,MH-002,MH-002_19.596973_80.345364,MH-002,0,0.013944822363555431,0
B,MH-002,MH-002_19.596973_80.345633,MH-002,0,0.02122695930302143,0
B,MH-002,MH-002_19.596973_80.345903,MH-002,0,0.03640911355614662,0
B,MH-002,MH-002_19.596973_80.346172,MH-002,0,0.05178220197558403,0
B,MH-002,MH-002_19.596973_80.346442,MH-002,0,0.06526227295398712,0
B,MH-002,MH-002_19.596973_80.346711,MH-002,1,0.06159599497914314,0
B,MH-002,MH-002_19.596973_80.346981,MH-002,0,0.049665406346321106,0
B,MH-002,MH-002_19.596973_80.34725,MH-002,0,0.04048246517777443,0
B,MH-002,MH-002_19.596973_80.34752,MH-002,0,0.04242369532585144,0
B,MH-002,MH-002_19.596973_80.347789,MH-002,0,0.03324320912361145,0
B,MH-002,MH-002_19.596973_80.348328,MH-002,0,0.02987542748451233,0
B,MH-002,MH-002_19.596973_80.348598,MH-002,0,0.02816838212311268,0
B,MH-002,MH-002_19.596973_80.348867,MH-002,0,0.03107164055109024,0
B,MH-002,MH-002_19.596973_80.351562,MH-002,0,0.03722747042775154,0
B,MH-002,MH-002_19.596973_80.352371,MH-002,1,0.08969560265541077,0
B,MH-002,MH-002_19.596973_80.35264,MH-002,0,0.10142946988344193,0
B,MH-002,MH-002_19.596973_80.353449,MH-002,0,0.1090569794178009,0
B,MH-002,MH-002_19.596973_80.353988,MH-002,0,0.09653882682323456,0
B,MH-002,MH-002_19.596973_80.354257,MH-002,0,0.08241794258356094,0
B,MH-002,MH-002_19.596973_80.354527,MH-002,0,0.07983284443616867,0
B,MH-002,MH-002_19.596973_80.354796,MH-002,0,0.07065605372190475,0
B,MH-002,MH-002_19.596973_80.355066,MH-002,0,0.06997207552194595,0
B,MH-002,MH-002_19.596973_80.355335,MH-002,0,0.07043106853961945,0
B,MH-002,MH-002_19.596973_80.355605,MH-002,0,0.059581514447927475,0
B,MH-002,MH-002_19.596973_80.355874,MH-002,0,0.07446359097957611,0
B,MH-002,MH-002_19.596973_80.356144,MH-002,0,0.0837688148021698,0
B,MH-002,MH-002_19.596973_80.356413,MH-002,0,0.10806562751531601,0
B,MH-002,MH-002_19.596973_80.356683,MH-002,0,0.1238645687699318,0
B,MH-002,MH-002_19.596973_80.356952,MH-002,0,0.1293550580739975,0
B,MH-002,MH-002_19.596973_80.357222,MH-002,0,0.13228225708007812,0
B,MH-002,MH-002_19.596973_80.357491,MH-002,0,0.16080379486083984,0
B,MH-002,MH-002_19.596703_80.337818,MH-002,0,0.009162109345197678,0
B,MH-002,MH-002_19.596703_80.338088,MH-002,0,0.008836285211145878,0
B,MH-002,MH-002_19.596703_80.338357,MH-002,0,0.009245343506336212,0
B,MH-002,MH-002_19.596703_80.338627,MH-002,0,0.008958862163126469,0
B,MH-002,MH-002_19.596703_80.338896,MH-002,0,0.009286140091717243,0
B,MH-002,MH-002_19.596703_80.339166,MH-002,0,0.012955432757735252,0
B,MH-002,MH-002_19.596703_80.339435,MH-002,0,0.01760593242943287,0
B,MH-002,MH-002_19.596703_80.339705,MH-002,0,0.030026109889149666,0
B,MH-002,MH-002_19.596703_80.339974,MH-002,0,0.03274066746234894,0
B,MH-002,MH-002_19.596703_80.340244,MH-002,0,0.04066520929336548,0
B,MH-002,MH-002_19.596703_80.340513,MH-002,0,0.04032052308320999,0
B,MH-002,MH-002_19.596703_80.340783,MH-002,0,0.041878052055835724,0
B,MH-002,MH-002_19.596703_80.341052,MH-002,0,0.04128637537360191,0
B,MH-002,MH-002_19.596703_80.341322,MH-002,0,0.03178580105304718,0
B,MH-002,MH-002_19.596703_80.341591,MH-002,0,0.02686772309243679,0
B,MH-002,MH-002_19.596703_80.34186,MH-002,0,0.028656005859375,0
B,MH-002,MH-002_19.596703_80.34213,MH-002,0,0.026178237050771713,0
B,MH-002,MH-002_19.596703_80.342399,MH-002,0,0.027620164677500725,0
B,MH-002,MH-002_19.596703_80.342669,MH-002,0,0.029106587171554565,0
B,MH-002,MH-002_19.596703_80.343208,MH-002,0,0.024159735068678856,0
B,MH-002,MH-002_19.596703_80.343477,MH-002,0,0.023144111037254333,0
B,MH-002,MH-002_19.596703_80.343747,MH-002,0,0.02158132568001747,0
B,MH-002,MH-002_19.596703_80.344016,MH-002,0,0.013183198869228363,0
B,MH-002,MH-002_19.596703_80.344286,MH-002,0,0.010828700847923756,0
B,MH-002,MH-002_19.596703_80.344555,MH-002,0,0.010282267816364765,0
B,MH-002,MH-002_19.596703_80.345364,MH-002,0,0.013549204915761948,0
B,MH-002,MH-002_19.596703_80.345633,MH-002,0,0.018715154379606247,0
B,MH-002,MH-002_19.596703_80.345903,MH-002,0,0.0362996980547905,0
B,MH-002,MH-002_19.596703_80.346172,MH-002,0,0.0543656125664711,0
B,MH-002,MH-002_19.596703_80.346442,MH-002,0,0.07252804189920425,0
B,MH-002,MH-002_19.596703_80.346711,MH-002,0,0.06929939240217209,0
B,MH-002,MH-002_19.596703_80.346981,MH-002,0,0.05824645608663559,0
B,MH-002,MH-002_19.596703_80.34725,MH-002,0,0.044603876769542694,0
B,MH-002,MH-002_19.596703_80.34752,MH-002,0,0.04455823078751564,0
B,MH-002,MH-002_19.596703_80.347789,MH-002,0,0.030333038419485092,0
B,MH-002,MH-002_19.596703_80.348598,MH-002,0,0.0381222739815712,0
B,MH-002,MH-002_19.596703_80.348867,MH-002,0,0.04346626251935959,0
B,MH-002,MH-002_19.596703_80.351293,MH-002,0,0.03162675350904465,0
B,MH-002,MH-002_19.596703_80.351562,MH-002,0,0.039499420672655106,0
B,MH-002,MH-002_19.596703_80.352371,MH-002,0,0.09806173294782639,0
B,MH-002,MH-002_19.596703_80.35264,MH-002,0,0.10709184408187866,0
B,MH-002,MH-002_19.596703_80.35291,MH-002,0,0.11717861145734787,0
B,MH-002,MH-002_19.596703_80.353179,MH-002,0,0.12257449328899384,0
B,MH-002,MH-002_19.596703_80.353449,MH-002,0,0.1005973070859909,0
B,MH-002,MH-002_19.596703_80.353718,MH-002,0,0.09259530901908875,0
B,MH-002,MH-002_19.596703_80.353988,MH-002,0,0.0841078981757164,0
B,MH-002,MH-002_19.596703_80.354257,MH-002,0,0.06653137505054474,0
B,MH-002,MH-002_19.596703_80.354527,MH-002,0,0.07399213314056396,0
B,MH-002,MH-002_19.596703_80.354796,MH-002,0,0.07215815037488937,0
B,MH-002,MH-002_19.596703_80.355066,MH-002,0,0.06557939946651459,0
B,MH-002,MH-002_19.596703_80.355335,MH-002,0,0.06232903152704239,0
B,MH-002,MH-002_19.596703_80.355605,MH-002,0,0.06677061319351196,0
B,MH-002,MH-002_19.596703_80.355874,MH-002,0,0.07783699035644531,0
B,MH-002,MH-002_19.596703_80.356144,MH-002,0,0.07765097171068192,0
B,MH-002,MH-002_19.596703_80.356413,MH-002,0,0.09358199685811996,0
B,MH-002,MH-002_19.596703_80.356683,MH-002,0,0.1117747351527214,0
B,MH-002,MH-002_19.596703_80.356952,MH-002,0,0.12113190442323685,0
B,MH-002,MH-002_19.596703_80.357222,MH-002,0,0.10999234020709991,0
B,MH-002,MH-002_19.596703_80.357491,MH-002,0,0.12212434411048889,0
B,MH-002,MH-002_19.596434_80.337549,MH-002,0,0.016684742644429207,0
B,MH-002,MH-002_19.596434_80.337818,MH-002,0,0.018141543492674828,0
B,MH-002,MH-002_19.596434_80.338088,MH-002,0,0.016447119414806366,0
B,MH-002,MH-002_19.596434_80.338357,MH-002,0,0.013235881924629211,0
B,MH-002,MH-002_19.596434_80.338627,MH-002,0,0.012277478352189064,0
B,MH-002,MH-002_19.596434_80.338896,MH-002,0,0.01212647370994091,0
B,MH-002,MH-002_19.596434_80.339166,MH-002,0,0.0172739215195179,0
B,MH-002,MH-002_19.596434_80.339435,MH-002,0,0.02249285951256752,0
B,MH-002,MH-002_19.596434_80.339705,MH-002,0,0.03362682834267616,0
B,MH-002,MH-002_19.596434_80.339974,MH-002,0,0.04256753996014595,0
B,MH-002,MH-002_19.596434_80.340244,MH-002,0,0.045359056442976,0
B,MH-002,MH-002_19.596434_80.340513,MH-002,0,0.04004953056573868,0
B,MH-002,MH-002_19.596434_80.340783,MH-002,0,0.04403848946094513,0
B,MH-002,MH-002_19.596434_80.341052,MH-002,0,0.03799223154783249,0
B,MH-002,MH-002_19.596434_80.341322,MH-002,0,0.035200778394937515,0
B,MH-002,MH-002_19.596434_80.341591,MH-002,0,0.02654886245727539,0
B,MH-002,MH-002_19.596434_80.34186,MH-002,0,0.02856324426829815,0
B,MH-002,MH-002_19.596434_80.34213,MH-002,0,0.0274917371571064,0
B,MH-002,MH-002_19.596434_80.342399,MH-002,0,0.029705805703997612,0
B,MH-002,MH-002_19.596434_80.342669,MH-002,0,0.02322462946176529,0
B,MH-002,MH-002_19.596434_80.343477,MH-002,0,0.020252391695976257,0
B,MH-002,MH-002_19.596434_80.343747,MH-002,0,0.0167035274207592,0
B,MH-002,MH-002_19.596434_80.344016,MH-002,0,0.011405110359191895,0
B,MH-002,MH-002_19.596434_80.345364,MH-002,0,0.00968297477811575,0
B,MH-002,MH-002_19.596434_80.345633,MH-002,0,0.015861662104725838,0
B,MH-002,MH-002_19.596434_80.345903,MH-002,0,0.030545011162757874,0
B,MH-002,MH-002_19.596434_80.346172,MH-002,0,0.045640259981155396,0
B,MH-002,MH-002_19.596434_80.34752,MH-002,0,0.03927714750170708,0
B,MH-002,MH-002_19.596434_80.347789,MH-002,0,0.024482524022459984,0
B,MH-002,MH-002_19.596434_80.348598,MH-002,0,0.0483127236366272,0
B,MH-002,MH-002_19.596434_80.348867,MH-002,0,0.059200771152973175,0
B,MH-002,MH-002_19.596434_80.350754,MH-002,0,0.03745250403881073,0
B,MH-002,MH-002_19.596434_80.351023,MH-002,0,0.030014973133802414,0
B,MH-002,MH-002_19.596434_80.351293,MH-002,0,0.028394479304552078,0
B,MH-002,MH-002_19.596434_80.351832,MH-002,0,0.03588295355439186,0
B,MH-002,MH-002_19.596434_80.35264,MH-002,0,0.07558410614728928,0
B,MH-002,MH-002_19.596434_80.35291,MH-002,0,0.09159526973962784,0
B,MH-002,MH-002_19.596434_80.353179,MH-002,0,0.08343444764614105,0
B,MH-002,MH-002_19.596434_80.353449,MH-002,0,0.06402476876974106,0
B,MH-002,MH-002_19.596434_80.353718,MH-002,1,0.07297638058662415,0
B,MH-002,MH-002_19.596434_80.353988,MH-002,0,0.07686476409435272,0
B,MH-002,MH-002_19.596434_80.354257,MH-002,0,0.060482531785964966,0
B,MH-002,MH-002_19.596434_80.354527,MH-002,0,0.05957670509815216,0
B,MH-002,MH-002_19.596434_80.354796,MH-002,0,0.06005235016345978,0
B,MH-002,MH-002_19.596434_80.355066,MH-002,0,0.06317848712205887,0
B,MH-002,MH-002_19.596434_80.355874,MH-002,0,0.06063061207532883,0
B,MH-002,MH-002_19.596434_80.356144,MH-002,0,0.05838436260819435,0
B,MH-002,MH-002_19.596434_80.356413,MH-002,0,0.07544313371181488,0
B,MH-002,MH-002_19.596434_80.356683,MH-002,0,0.08661717921495438,0
B,MH-002,MH-002_19.596434_80.356952,MH-002,0,0.10736075043678284,0
B,MH-002,MH-002_19.596434_80.357222,MH-002,0,0.09566732496023178,0
B,MH-002,MH-002_19.596434_80.357491,MH-002,0,0.09875625371932983,0
B,MH-002,MH-002_19.596164_80.337549,MH-002,1,0.02677149884402752,0
B,MH-002,MH-002_19.596164_80.337818,MH-002,0,0.026513393968343735,0
B,MH-002,MH-002_19.596164_80.338088,MH-002,0,0.024542788043618202,0
B,MH-002,MH-002_19.596164_80.338357,MH-002,0,0.017435980960726738,0
B,MH-002,MH-002_19.596164_80.338627,MH-002,0,0.01631917990744114,0
B,MH-002,MH-002_19.596164_80.338896,MH-002,0,0.016665492206811905,0
B,MH-002,MH-002_19.596164_80.339166,MH-002,0,0.024084461852908134,0
B,MH-002,MH-002_19.596164_80.339435,MH-002,0,0.02741365134716034,0
B,MH-002,MH-002_19.596164_80.339705,MH-002,0,0.044722601771354675,0
B,MH-002,MH-002_19.596164_80.339974,MH-002,0,0.04895898699760437,0
B,MH-002,MH-002_19.596164_80.340244,MH-002,0,0.05818088352680206,0
B,MH-002,MH-002_19.596164_80.340513,MH-002,0,0.053689297288656235,0
B,MH-002,MH-002_19.596164_80.340783,MH-002,0,0.05844759941101074,0
B,MH-002,MH-002_19.596164_80.341052,MH-002,0,0.04972871020436287,0
B,MH-002,MH-002_19.596164_80.341322,MH-002,0,0.044863294810056686,0
B,MH-002,MH-002_19.596164_80.341591,MH-002,0,0.0307071004062891,0
B,MH-002,MH-002_19.596164_80.34186,MH-002,0,0.026613129302859306,0
B,MH-002,MH-002_19.596164_80.34213,MH-002,0,0.0245366208255291,0
B,MH-002,MH-002_19.596164_80.342399,MH-002,0,0.0268033966422081,0
B,MH-002,MH-002_19.596164_80.342669,MH-002,0,0.023205608129501343,0
B,MH-002,MH-002_19.596164_80.342938,MH-002,0,0.02063395455479622,0
B,MH-002,MH-002_19.596164_80.344016,MH-002,0,0.008503829129040241,0
B,MH-002,MH-002_19.596164_80.344286,MH-002,0,0.006302465219050646,0
B,MH-002,MH-002_19.596164_80.344555,MH-002,0,0.00509795593097806,0
B,MH-002,MH-002_19.596164_80.344825,MH-002,0,0.005711163394153118,0
B,MH-002,MH-002_19.596164_80.345094,MH-002,0,0.005763978231698275,0
B,MH-002,MH-002_19.596164_80.345364,MH-002,0,0.009310104884207249,0
B,MH-002,MH-002_19.596164_80.345633,MH-002,0,0.013574064709246159,0
B,MH-002,MH-002_19.596164_80.349676,MH-002,0,0.06256837397813797,0
B,MH-002,MH-002_19.596164_80.350484,MH-002,0,0.041885215789079666,0
B,MH-002,MH-002_19.596164_80.351023,MH-002,0,0.025267498567700386,0
B,MH-002,MH-002_19.596164_80.351293,MH-002,0,0.019316397607326508,0
B,MH-002,MH-002_19.596164_80.351562,MH-002,0,0.027115151286125183,0
B,MH-002,MH-002_19.596164_80.351832,MH-002,0,0.020505493506789207,0
B,MH-002,MH-002_19.596164_80.352101,MH-002,0,0.042422663420438766,0
B,MH-002,MH-002_19.596164_80.35291,MH-002,0,0.06141848862171173,0
B,MH-002,MH-002_19.596164_80.353179,MH-002,0,0.06087542325258255,0
B,MH-002,MH-002_19.596164_80.353449,MH-002,0,0.05634806677699089,0
B,MH-002,MH-002_19.596164_80.353718,MH-002,1,0.053133074194192886,0
B,MH-002,MH-002_19.596164_80.353988,MH-002,0,0.0464349091053009,0
B,MH-002,MH-002_19.596164_80.354257,MH-002,0,0.044468194246292114,0
B,MH-002,MH-002_19.596164_80.354527,MH-002,0,0.05073307827115059,0
B,MH-002,MH-002_19.596164_80.354796,MH-002,0,0.04069885239005089,0
B,MH-002,MH-002_19.596164_80.356144,MH-002,0,0.03594733774662018,0
B,MH-002,MH-002_19.596164_80.356413,MH-002,0,0.05022865906357765,0
B,MH-002,MH-002_19.596164_80.356683,MH-002,0,0.06828738749027252,0
B,MH-002,MH-002_19.596164_80.356952,MH-002,0,0.0814347192645073,0
B,MH-002,MH-002_19.596164_80.357222,MH-002,0,0.08624003827571869,0
B,MH-002,MH-002_19.596164_80.357491,MH-002,0,0.08843877166509628,0
B,MH-002,MH-002_19.595895_80.337279,MH-002,1,0.05166065692901611,0
B,MH-002,MH-002_19.595895_80.337549,MH-002,1,0.04814103990793228,0
B,MH-002,MH-002_19.595895_80.337818,MH-002,1,0.04149520397186279,0
B,MH-002,MH-002_19.595895_80.338088,MH-002,0,0.03363588824868202,0
B,MH-002,MH-002_19.595895_80.338357,MH-002,0,0.02158132568001747,0
B,MH-002,MH-002_19.595895_80.338627,MH-002,0,0.018662596121430397,0
B,MH-002,MH-002_19.595895_80.338896,MH-002,0,0.018186675384640694,0
B,MH-002,MH-002_19.595895_80.339166,MH-002,0,0.023137837648391724,0
B,MH-002,MH-002_19.595895_80.339435,MH-002,0,0.025627730414271355,0
B,MH-002,MH-002_19.595895_80.339705,MH-002,0,0.040823809802532196,0
B,MH-002,MH-002_19.595895_80.339974,MH-002,0,0.051854025572538376,0
B,MH-002,MH-002_19.595895_80.340244,MH-002,0,0.05620031803846359,0
B,MH-002,MH-002_19.595895_80.340513,MH-002,0,0.07030520588159561,0
B,MH-002,MH-002_19.595895_80.340783,MH-002,0,0.0685858204960823,0
B,MH-002,MH-002_19.595895_80.341052,MH-002,0,0.06645546853542328,0
B,MH-002,MH-002_19.595895_80.341322,MH-002,0,0.05911868065595627,0
B,MH-002,MH-002_19.595895_80.341591,MH-002,0,0.04194113612174988,0
B,MH-002,MH-002_19.595895_80.34186,MH-002,0,0.03629040718078613,0
B,MH-002,MH-002_19.595895_80.34213,MH-002,0,0.03205437213182449,0
B,MH-002,MH-002_19.595895_80.342399,MH-002,0,0.03822209686040878,0
B,MH-002,MH-002_19.595895_80.342669,MH-002,0,0.026548048481345177,0
B,MH-002,MH-002_19.595895_80.342938,MH-002,0,0.025241632014513016,0
B,MH-002,MH-002_19.595895_80.343208,MH-002,0,0.022338876500725746,0
B,MH-002,MH-002_19.595895_80.343477,MH-002,0,0.0216864962130785,0
B,MH-002,MH-002_19.595895_80.343747,MH-002,0,0.014285505749285221,0
B,MH-002,MH-002_19.595895_80.344016,MH-002,0,0.009787424467504025,0
B,MH-002,MH-002_19.595895_80.344286,MH-002,0,0.008126269094645977,0
B,MH-002,MH-002_19.595895_80.344555,MH-002,0,0.006427420768886805,0
B,MH-002,MH-002_19.595895_80.344825,MH-002,0,0.00739278644323349,0
B,MH-002,MH-002_19.595895_80.345094,MH-002,1,0.007261237129569054,0
B,MH-002,MH-002_19.595895_80.345364,MH-002,0,0.011584103107452393,0
B,MH-002,MH-002_19.595895_80.348328,MH-002,1,0.039314787834882736,0
B,MH-002,MH-002_19.595895_80.348598,MH-002,0,0.06248785927891731,0
B,MH-002,MH-002_19.595895_80.348867,MH-002,0,0.05928679555654526,0
B,MH-002,MH-002_19.595895_80.349406,MH-002,1,0.05906650424003601,0
B,MH-002,MH-002_19.595895_80.349945,MH-002,0,0.05327187106013298,0
B,MH-002,MH-002_19.595895_80.350215,MH-002,0,0.05693729966878891,0
B,MH-002,MH-002_19.595895_80.350484,MH-002,0,0.062504343688488,0
B,MH-002,MH-002_19.595895_80.351293,MH-002,0,0.028438029810786247,0
B,MH-002,MH-002_19.595895_80.351562,MH-002,0,0.02478596940636635,0
B,MH-002,MH-002_19.595895_80.351832,MH-002,1,0.023193012923002243,0
B,MH-002,MH-002_19.595895_80.352101,MH-002,0,0.03531260788440704,0
B,MH-002,MH-002_19.595895_80.352371,MH-002,0,0.03793993964791298,0
B,MH-002,MH-002_19.595895_80.35291,MH-002,0,0.05536201223731041,0
B,MH-002,MH-002_19.595895_80.353179,MH-002,0,0.05318126827478409,0
B,MH-002,MH-002_19.595895_80.353449,MH-002,0,0.04618282616138458,0
B,MH-002,MH-002_19.595895_80.353718,MH-002,0,0.034152835607528687,0
B,MH-002,MH-002_19.595895_80.353988,MH-002,0,0.028961192816495895,0
B,MH-002,MH-002_19.595895_80.354257,MH-002,0,0.024311067536473274,0
B,MH-002,MH-002_19.595895_80.354527,MH-002,0,0.025440072640776634,0
B,MH-002,MH-002_19.595895_80.355605,MH-002,0,0.01860913820564747,0
B,MH-002,MH-002_19.595895_80.356413,MH-002,0,0.02949570305645466,0
B,MH-002,MH-002_19.595895_80.356683,MH-002,0,0.04216242954134941,0
B,MH-002,MH-002_19.595895_80.356952,MH-002,0,0.06285513937473297,0
B,MH-002,MH-002_19.595895_80.357222,MH-002,0,0.06541242450475693,0
B,MH-002,MH-002_19.595895_80.357491,MH-002,0,0.08823435753583908,0
B,MH-002,MH-002_19.595625_80.33701,MH-002,0,0.10711104422807693,0
B,MH-002,MH-002_19.595625_80.337279,MH-002,1,0.08339095115661621,0
B,MH-002,MH-002_19.595625_80.338357,MH-002,0,0.025688406080007553,0
B,MH-002,MH-002_19.595625_80.338627,MH-002,0,0.019781114533543587,0
B,MH-002,MH-002_19.595625_80.338896,MH-002,0,0.02044295333325863,0
B,MH-002,MH-002_19.595625_80.339166,MH-002,0,0.02605549991130829,0
B,MH-002,MH-002_19.595625_80.339435,MH-002,0,0.03528473526239395,0
B,MH-002,MH-002_19.595625_80.339705,MH-002,0,0.05599849671125412,0
B,MH-002,MH-002_19.595625_80.339974,MH-002,0,0.06751310080289841,0
B,MH-002,MH-002_19.595625_80.340244,MH-002,0,0.07494816184043884,0
B,MH-002,MH-002_19.595625_80.340513,MH-002,0,0.09550507366657257,0
B,MH-002,MH-002_19.595625_80.340783,MH-002,1,0.0941925123333931,0
B,MH-002,MH-002_19.595625_80.341052,MH-002,0,0.08115499466657639,0
B,MH-002,MH-002_19.595625_80.341322,MH-002,0,0.06820710748434067,0
B,MH-002,MH-002_19.595625_80.341591,MH-002,0,0.05517331883311272,0
B,MH-002,MH-002_19.595625_80.34186,MH-002,0,0.04532961919903755,0
B,MH-002,MH-002_19.595625_80.34213,MH-002,0,0.04443201795220375,0
B,MH-002,MH-002_19.595625_80.342399,MH-002,0,0.03536820411682129,0
B,MH-002,MH-002_19.595625_80.342669,MH-002,0,0.029448552057147026,0
B,MH-002,MH-002_19.595625_80.342938,MH-002,0,0.022178400307893753,0
B,MH-002,MH-002_19.595625_80.343208,MH-002,0,0.02306544780731201,0
B,MH-002,MH-002_19.595625_80.343477,MH-002,0,0.020156320184469223,0
B,MH-002,MH-002_19.595625_80.343747,MH-002,0,0.015847964212298393,0
B,MH-002,MH-002_19.595625_80.344016,MH-002,0,0.010798066854476929,0
B,MH-002,MH-002_19.595625_80.344286,MH-002,0,0.009554019197821617,0
B,MH-002,MH-002_19.595625_80.344555,MH-002,0,0.007978021167218685,0
B,MH-002,MH-002_19.595625_80.344825,MH-002,0,0.009690064936876297,0
B,MH-002,MH-002_19.595625_80.345094,MH-002,0,0.00870520155876875,0
B,MH-002,MH-002_19.595625_80.345364,MH-002,0,0.012097718194127083,0
B,MH-002,MH-002_19.595625_80.348328,MH-002,1,0.03655928000807762,0
B,MH-002,MH-002_19.595625_80.348598,MH-002,1,0.04677595943212509,0
B,MH-002,MH-002_19.595625_80.348867,MH-002,0,0.03763068839907646,0
B,MH-002,MH-002_19.595625_80.349137,MH-002,0,0.04415745660662651,0
B,MH-002,MH-002_19.595625_80.349945,MH-002,0,0.03944242373108864,0
B,MH-002,MH-002_19.595625_80.350215,MH-002,0,0.03321663662791252,0
B,MH-002,MH-002_19.595625_80.350484,MH-002,0,0.05136413872241974,0
B,MH-002,MH-002_19.595625_80.350754,MH-002,1,0.031533919274806976,0
B,MH-002,MH-002_19.595625_80.351023,MH-002,0,0.034940481185913086,0
B,MH-002,MH-002_19.595625_80.351832,MH-002,1,0.025410717353224754,0
B,MH-002,MH-002_19.595625_80.352101,MH-002,1,0.04378684610128403,0
B,MH-002,MH-002_19.595625_80.352371,MH-002,0,0.03764741122722626,0
B,MH-002,MH-002_19.595625_80.35264,MH-002,0,0.05133938789367676,0
B,MH-002,MH-002_19.595625_80.353449,MH-002,0,0.06004628539085388,0
B,MH-002,MH-002_19.595625_80.353718,MH-002,0,0.04430205374956131,0
B,MH-002,MH-002_19.595625_80.353988,MH-002,0,0.029903683811426163,0
B,MH-002,MH-002_19.595625_80.355066,MH-002,0,0.017792077735066414,0
B,MH-002,MH-002_19.595625_80.355335,MH-002,0,0.018154237419366837,0
B,MH-002,MH-002_19.595625_80.355605,MH-002,0,0.017143189907073975,0
B,MH-002,MH-002_19.595625_80.355874,MH-002,0,0.01621580496430397,0
B,MH-002,MH-002_19.595625_80.356413,MH-002,0,0.02010287530720234,0
B,MH-002,MH-002_19.595625_80.356683,MH-002,0,0.029545297846198082,0
B,MH-002,MH-002_19.595625_80.356952,MH-002,0,0.04618358239531517,0
B,MH-002,MH-002_19.595625_80.357222,MH-002,0,0.060753487050533295,0
B,MH-002,MH-002_19.595625_80.357491,MH-002,0,0.07946907728910446,0
B,MH-002,MH-002_19.595356_80.33674,MH-002,0,0.1607103943824768,0
B,MH-002,MH-002_19.595356_80.338357,MH-002,0,0.02431964874267578,0
B,MH-002,MH-002_19.595356_80.338627,MH-002,0,0.01890011876821518,0
B,MH-002,MH-002_19.595356_80.338896,MH-002,0,0.019512418657541275,0
B,MH-002,MH-002_19.595356_80.339166,MH-002,0,0.02547728642821312,0
B,MH-002,MH-002_19.595356_80.339435,MH-002,0,0.031274788081645966,0
B,MH-002,MH-002_19.595356_80.339705,MH-002,0,0.047549955546855927,0
B,MH-002,MH-002_19.595356_80.339974,MH-002,0,0.059379179030656815,0
B,MH-002,MH-002_19.595356_80.340244,MH-002,0,0.06910110265016556,0
B,MH-002,MH-002_19.595356_80.340513,MH-002,0,0.09066491574048996,0
B,MH-002,MH-002_19.595356_80.340783,MH-002,1,0.09990585595369339,0
B,MH-002,MH-002_19.595356_80.341052,MH-002,1,0.08246893435716629,0
B,MH-002,MH-002_19.595356_80.341322,MH-002,0,0.07469355314970016,0
B,MH-002,MH-002_19.595356_80.343208,MH-002,0,0.01679438352584839,0
B,MH-002,MH-002_19.595356_80.343477,MH-002,0,0.013120110146701336,0
B,MH-002,MH-002_19.595356_80.343747,MH-002,0,0.012701486237347126,0
B,MH-002,MH-002_19.595356_80.344016,MH-002,0,0.00889792200177908,0
B,MH-002,MH-002_19.595356_80.344286,MH-002,0,0.008057348430156708,0
B,MH-002,MH-002_19.595356_80.344555,MH-002,0,0.006184824742376804,0
B,MH-002,MH-002_19.595356_80.344825,MH-002,0,0.007200394291430712,0
B,MH-002,MH-002_19.595356_80.345094,MH-002,0,0.00833376869559288,0
B,MH-002,MH-002_19.595356_80.345364,MH-002,0,0.012775758281350136,0
B,MH-002,MH-002_19.595356_80.348328,MH-002,1,0.031252436339855194,0
B,MH-002,MH-002_19.595356_80.348598,MH-002,1,0.0338759608566761,0
B,MH-002,MH-002_19.595356_80.348867,MH-002,1,0.03725850582122803,0
B,MH-002,MH-002_19.595356_80.349137,MH-002,1,0.039389468729496,0
B,MH-002,MH-002_19.595356_80.349406,MH-002,1,0.055044401437044144,0
B,MH-002,MH-002_19.595356_80.349676,MH-002,0,0.05434712395071983,0
B,MH-002,MH-002_19.595356_80.349945,MH-002,0,0.057745352387428284,0
B,MH-002,MH-002_19.595356_80.350215,MH-002,0,0.05006023123860359,0
B,MH-002,MH-002_19.595356_80.350484,MH-002,0,0.07184372842311859,0
B,MH-002,MH-002_19.595356_80.350754,MH-002,1,0.058075226843357086,0
B,MH-002,MH-002_19.595356_80.351023,MH-002,1,0.05921747907996178,0
B,MH-002,MH-002_19.595356_80.351293,MH-002,0,0.044577110558748245,0
B,MH-002,MH-002_19.595356_80.351562,MH-002,0,0.04892459511756897,0
B,MH-002,MH-002_19.595356_80.352101,MH-002,1,0.04276334494352341,0
B,MH-002,MH-002_19.595356_80.352371,MH-002,1,0.04078248143196106,0
B,MH-002,MH-002_19.595356_80.35264,MH-002,0,0.036068372428417206,0
B,MH-002,MH-002_19.595356_80.354527,MH-002,0,0.019886689260601997,0
B,MH-002,MH-002_19.595356_80.354796,MH-002,0,0.013661660254001617,0
B,MH-002,MH-002_19.595356_80.355066,MH-002,0,0.014653675258159637,0
B,MH-002,MH-002_19.595356_80.355335,MH-002,0,0.01436680369079113,0
B,MH-002,MH-002_19.595356_80.355605,MH-002,0,0.013564381748437881,0
B,MH-002,MH-002_19.595356_80.355874,MH-002,0,0.013607836328446865,0
B,MH-002,MH-002_19.595356_80.356413,MH-002,0,0.019306357949972153,0
B,MH-002,MH-002_19.595356_80.356683,MH-002,0,0.028963634744286537,0
B,MH-002,MH-002_19.595356_80.356952,MH-002,0,0.042487114667892456,0
B,MH-002,MH-002_19.595356_80.357222,MH-002,0,0.05838053673505783,0
B,MH-002,MH-002_19.595356_80.357491,MH-002,0,0.09395719319581985,0
B,MH-002,MH-002_19.595086_80.33674,MH-002,0,0.18204358220100403,0
B,MH-002,MH-002_19.595086_80.338627,MH-002,0,0.01420458685606718,0
B,MH-002,MH-002_19.595086_80.338896,MH-002,0,0.015053031966090202,0
B,MH-002,MH-002_19.595086_80.339166,MH-002,0,0.0188465416431427,0
B,MH-002,MH-002_19.595086_80.339435,MH-002,0,0.026304246857762337,0
B,MH-002,MH-002_19.595086_80.339705,MH-002,0,0.039572782814502716,0
B,MH-002,MH-002_19.595086_80.339974,MH-002,0,0.0551617331802845,0
B,MH-002,MH-002_19.595086_80.340244,MH-002,0,0.06292465329170227,0
B,MH-002,MH-002_19.595086_80.340513,MH-002,0,0.0947079285979271,0
B,MH-002,MH-002_19.595086_80.340783,MH-002,0,0.09478232264518738,0
B,MH-002,MH-002_19.595086_80.341052,MH-002,1,0.10498715192079544,0
B,MH-002,MH-002_19.595086_80.341322,MH-002,0,0.08049414306879044,0
B,MH-002,MH-002_19.595086_80.341591,MH-002,0,0.060548387467861176,0
B,MH-002,MH-002_19.595086_80.343477,MH-002,0,0.015825318172574043,0
B,MH-002,MH-002_19.595086_80.343747,MH-002,0,0.015807155519723892,0
B,MH-002,MH-002_19.595086_80.344016,MH-002,0,0.011048663407564163,0
B,MH-002,MH-002_19.595086_80.344286,MH-002,0,0.009576357901096344,0
B,MH-002,MH-002_19.595086_80.344555,MH-002,0,0.009449867531657219,0
B,MH-002,MH-002_19.595086_80.344825,MH-002,0,0.010782146826386452,0
B,MH-002,MH-002_19.595086_80.345094,MH-002,0,0.010758979246020317,0
B,MH-002,MH-002_19.595086_80.345364,MH-002,0,0.012876681983470917,0
B,MH-002,MH-002_19.595086_80.348328,MH-002,1,0.025163613259792328,0
B,MH-002,MH-002_19.595086_80.348598,MH-002,1,0.025403527542948723,0
B,MH-002,MH-002_19.595086_80.348867,MH-002,0,0.0285841953009367,0
B,MH-002,MH-002_19.595086_80.349137,MH-002,0,0.03920171409845352,0
B,MH-002,MH-002_19.595086_80.349406,MH-002,0,0.05681539699435234,0
B,MH-002,MH-002_19.595086_80.349676,MH-002,0,0.063195139169693,0
B,MH-002,MH-002_19.595086_80.349945,MH-002,0,0.07928027957677841,0
B,MH-002,MH-002_19.595086_80.350215,MH-002,0,0.05778469517827034,0
B,MH-002,MH-002_19.595086_80.350484,MH-002,0,0.09259448945522308,0
B,MH-002,MH-002_19.595086_80.350754,MH-002,1,0.05470256134867668,0
B,MH-002,MH-002_19.595086_80.351023,MH-002,0,0.07841464877128601,0
B,MH-002,MH-002_19.595086_80.351293,MH-002,0,0.05800537392497063,0
B,MH-002,MH-002_19.595086_80.351832,MH-002,0,0.04737543687224388,0
B,MH-002,MH-002_19.595086_80.352371,MH-002,1,0.03750457614660263,0
B,MH-002,MH-002_19.595086_80.35264,MH-002,0,0.05036019906401634,0
B,MH-002,MH-002_19.595086_80.35291,MH-002,0,0.05856964737176895,0
B,MH-002,MH-002_19.595086_80.353449,MH-002,0,0.05180004611611366,0
B,MH-002,MH-002_19.595086_80.353718,MH-002,0,0.028198719024658203,0
B,MH-002,MH-002_19.595086_80.354257,MH-002,0,0.015085984952747822,0
B,MH-002,MH-002_19.595086_80.354527,MH-002,0,0.012139414437115192,0
B,MH-002,MH-002_19.595086_80.354796,MH-002,0,0.010475406423211098,0
B,MH-002,MH-002_19.595086_80.355066,MH-002,0,0.009297508746385574,0
B,MH-002,MH-002_19.595086_80.355335,MH-002,0,0.010144791565835476,0
B,MH-002,MH-002_19.595086_80.355605,MH-002,0,0.010168371722102165,0
B,MH-002,MH-002_19.595086_80.356144,MH-002,0,0.010759608820080757,0
B,MH-002,MH-002_19.595086_80.356413,MH-002,0,0.01536999549716711,0
B,MH-002,MH-002_19.595086_80.356683,MH-002,0,0.0221500676125288,0
B,MH-002,MH-002_19.595086_80.356952,MH-002,0,0.029106687754392624,0
B,MH-002,MH-002_19.595086_80.357222,MH-002,0,0.04616899788379669,0
B,MH-002,MH-002_19.595086_80.357491,MH-002,0,0.0771462619304657,0
B,MH-002,MH-002_19.594817_80.336471,MH-002,1,0.19590850174427032,0
B,MH-002,MH-002_19.594817_80.338627,MH-002,0,0.011440935544669628,0
B,MH-002,MH-002_19.594817_80.338896,MH-002,0,0.011916346848011017,0
B,MH-002,MH-002_19.594817_80.339166,MH-002,0,0.014642985537648201,0
B,MH-002,MH-002_19.594817_80.339435,MH-002,0,0.016874410212039948,0
B,MH-002,MH-002_19.594817_80.339705,MH-002,0,0.02937800996005535,0
B,MH-002,MH-002_19.594817_80.339974,MH-002,0,0.0415455661714077,0
B,MH-002,MH-002_19.594817_80.340244,MH-002,0,0.04489465057849884,0
B,MH-002,MH-002_19.594817_80.340513,MH-002,0,0.06967125833034515,0
B,MH-002,MH-002_19.594817_80.340783,MH-002,0,0.0916958823800087,0
B,MH-002,MH-002_19.594817_80.341052,MH-002,0,0.0906982570886612,0
B,MH-002,MH-002_19.594817_80.341322,MH-002,0,0.08759475499391556,0
B,MH-002,MH-002_19.594817_80.341591,MH-002,0,0.06577995419502258,0
B,MH-002,MH-002_19.594817_80.34186,MH-002,0,0.05138339474797249,0
B,MH-002,MH-002_19.594817_80.34213,MH-002,0,0.04972920939326286,0
B,MH-002,MH-002_19.594817_80.342399,MH-002,0,0.038216304033994675,0
B,MH-002,MH-002_19.594817_80.342669,MH-002,0,0.026626070961356163,0
B,MH-002,MH-002_19.594817_80.342938,MH-002,0,0.022959023714065552,0
B,MH-002,MH-002_19.594817_80.343208,MH-002,0,0.021899960935115814,0
B,MH-002,MH-002_19.594817_80.343477,MH-002,0,0.018735377117991447,0
B,MH-002,MH-002_19.594817_80.343747,MH-002,0,0.018474284559488297,0
B,MH-002,MH-002_19.594817_80.344016,MH-002,0,0.012911480851471424,0
B,MH-002,MH-002_19.594817_80.344286,MH-002,0,0.011904483661055565,0
B,MH-002,MH-002_19.594817_80.344555,MH-002,0,0.010816066525876522,0
B,MH-002,MH-002_19.594817_80.344825,MH-002,0,0.012598466128110886,0
B,MH-002,MH-002_19.594817_80.345094,MH-002,0,0.014399033971130848,0
B,MH-002,MH-002_19.594817_80.345364,MH-002,0,0.016865799203515053,0
B,MH-002,MH-002_19.594817_80.348059,MH-002,0,0.012555557303130627,0
B,MH-002,MH-002_19.594817_80.348328,MH-002,0,0.018444089218974113,0
B,MH-002,MH-002_19.594817_80.348598,MH-002,0,0.016887255012989044,0
B,MH-002,MH-002_19.594817_80.348867,MH-002,0,0.022357240319252014,0
B,MH-002,MH-002_19.594817_80.349137,MH-002,0,0.03091324307024479,0
B,MH-002,MH-002_19.594817_80.349406,MH-002,0,0.04602741450071335,0
B,MH-002,MH-002_19.594817_80.349676,MH-002,0,0.0547570176422596,0
B,MH-002,MH-002_19.594817_80.349945,MH-002,0,0.0707860067486763,0
B,MH-002,MH-002_19.594817_80.350215,MH-002,0,0.046703778207302094,0
B,MH-002,MH-002_19.594817_80.350484,MH-002,1,0.06588970869779587,0
B,MH-002,MH-002_19.594817_80.350754,MH-002,0,0.05293547362089157,0
B,MH-002,MH-002_19.594817_80.351023,MH-002,1,0.07363348454236984,0
B,MH-002,MH-002_19.594817_80.351293,MH-002,0,0.05824750289320946,0
B,MH-002,MH-002_19.594817_80.351562,MH-002,0,0.0673554316163063,0
B,MH-002,MH-002_19.594817_80.351832,MH-002,0,0.05271472409367561,0
B,MH-002,MH-002_19.594817_80.352101,MH-002,0,0.04042652249336243,0
B,MH-002,MH-002_19.594817_80.353179,MH-002,0,0.044497232884168625,0
B,MH-002,MH-002_19.594817_80.353718,MH-002,0,0.01861466094851494,0
B,MH-002,MH-002_19.594817_80.354257,MH-002,0,0.009777405299246311,0
B,MH-002,MH-002_19.594817_80.354527,MH-002,0,0.01102383341640234,0
B,MH-002,MH-002_19.594817_80.354796,MH-002,0,0.008586131036281586,0
B,MH-002,MH-002_19.594817_80.355066,MH-002,0,0.010826135985553265,0
B,MH-002,MH-002_19.594817_80.355335,MH-002,0,0.009782684035599232,0
B,MH-002,MH-002_19.594817_80.355605,MH-002,0,0.009782019071280956,0
B,MH-002,MH-002_19.594817_80.356144,MH-002,0,0.00902435090392828,0
B,MH-002,MH-002_19.594817_80.356413,MH-002,0,0.01313669141381979,0
B,MH-002,MH-002_19.594817_80.356683,MH-002,0,0.017329992726445198,0
B,MH-002,MH-002_19.594817_80.356952,MH-002,0,0.029728956520557404,0
B,MH-002,MH-002_19.594817_80.357222,MH-002,0,0.04241574928164482,0
B,MH-002,MH-002_19.594817_80.357491,MH-002,0,0.08770114928483963,0
B,MH-002,MH-002_19.594547_80.336201,MH-002,1,0.23796391487121582,0
B,MH-002,MH-002_19.594547_80.336471,MH-002,0,0.19111527502536774,0
B,MH-002,MH-002_19.594547_80.338627,MH-002,0,0.008088245987892151,0
B,MH-002,MH-002_19.594547_80.338896,MH-002,1,0.009157521650195122,0
B,MH-002,MH-002_19.594547_80.339166,MH-002,0,0.00952064711600542,0
B,MH-002,MH-002_19.594547_80.339435,MH-002,0,0.011548837646842003,0
B,MH-002,MH-002_19.594547_80.339705,MH-002,0,0.019114123657345772,0
B,MH-002,MH-002_19.594547_80.339974,MH-002,0,0.030766919255256653,0
B,MH-002,MH-002_19.594547_80.340244,MH-002,0,0.03518644720315933,0
B,MH-002,MH-002_19.594547_80.340513,MH-002,0,0.05772972106933594,0
B,MH-002,MH-002_19.594547_80.340783,MH-002,0,0.06309721618890762,0
B,MH-002,MH-002_19.594547_80.341052,MH-002,0,0.06878595054149628,0
B,MH-002,MH-002_19.594547_80.341322,MH-002,0,0.06247957795858383,0
B,MH-002,MH-002_19.594547_80.341591,MH-002,0,0.05346889793872833,0
B,MH-002,MH-002_19.594547_80.34186,MH-002,0,0.04309452697634697,0
B,MH-002,MH-002_19.594547_80.34213,MH-002,0,0.040295667946338654,0
B,MH-002,MH-002_19.594547_80.342399,MH-002,0,0.028169933706521988,0
B,MH-002,MH-002_19.594547_80.342669,MH-002,0,0.024820690974593163,0
B,MH-002,MH-002_19.594547_80.342938,MH-002,0,0.021865030750632286,0
B,MH-002,MH-002_19.594547_80.343208,MH-002,0,0.01883048191666603,0
B,MH-002,MH-002_19.594547_80.343477,MH-002,0,0.0193092729896307,0
B,MH-002,MH-002_19.594547_80.343747,MH-002,0,0.020044757053256035,0
B,MH-002,MH-002_19.594547_80.344016,MH-002,0,0.017446300014853477,0
B,MH-002,MH-002_19.594547_80.344286,MH-002,0,0.014729893766343594,0
B,MH-002,MH-002_19.594547_80.344555,MH-002,0,0.014127015136182308,0
B,MH-002,MH-002_19.594547_80.344825,MH-002,0,0.016665352508425713,0
B,MH-002,MH-002_19.594547_80.345094,MH-002,0,0.019217252731323242,0
B,MH-002,MH-002_19.594547_80.345364,MH-002,0,0.018387870863080025,0
B,MH-002,MH-002_19.594547_80.348328,MH-002,0,0.013792484067380428,0
B,MH-002,MH-002_19.594547_80.348598,MH-002,0,0.013599447906017303,0
B,MH-002,MH-002_19.594547_80.348867,MH-002,0,0.0169515460729599,0
B,MH-002,MH-002_19.594547_80.349137,MH-002,0,0.028411224484443665,0
B,MH-002,MH-002_19.594547_80.349406,MH-002,0,0.04532788693904877,0
B,MH-002,MH-002_19.594547_80.349676,MH-002,0,0.06687849014997482,0
B,MH-002,MH-002_19.594547_80.349945,MH-002,0,0.06702343374490738,0
B,MH-002,MH-002_19.594547_80.350215,MH-002,0,0.051733918488025665,0
B,MH-002,MH-002_19.594547_80.350484,MH-002,0,0.07458672672510147,0
B,MH-002,MH-002_19.594547_80.350754,MH-002,1,0.0732017531991005,0
B,MH-002,MH-002_19.594547_80.351023,MH-002,1,0.11870614439249039,0
B,MH-002,MH-002_19.594547_80.351293,MH-002,0,0.0722772404551506,0
B,MH-002,MH-002_19.594547_80.351562,MH-002,0,0.07535402476787567,0
B,MH-002,MH-002_19.594547_80.351832,MH-002,1,0.05660140514373779,0
B,MH-002,MH-002_19.594547_80.354257,MH-002,0,0.008510111831128597,0
B,MH-002,MH-002_19.594547_80.354527,MH-002,0,0.006411264650523663,0
B,MH-002,MH-002_19.594547_80.354796,MH-002,0,0.007335027679800987,0
B,MH-002,MH-002_19.594547_80.355066,MH-002,0,0.008816241286695004,0
B,MH-002,MH-002_19.594547_80.355874,MH-002,0,0.006360375788062811,0
B,MH-002,MH-002_19.594547_80.356144,MH-002,0,0.007042592391371727,0
B,MH-002,MH-002_19.594547_80.356413,MH-002,0,0.010448167100548744,0
B,MH-002,MH-002_19.594547_80.356683,MH-002,0,0.013573329895734787,0
B,MH-002,MH-002_19.594547_80.356952,MH-002,0,0.02470940165221691,0
B,MH-002,MH-002_19.594547_80.357222,MH-002,0,0.04602828249335289,0
B,MH-002,MH-002_19.594547_80.357491,MH-002,0,0.0964660570025444,0
B,MH-002,MH-002_19.594278_80.335932,MH-002,0,0.08476746082305908,0
B,MH-002,MH-002_19.594278_80.336201,MH-002,0,0.16573557257652283,0
B,MH-002,MH-002_19.594278_80.33674,MH-002,0,0.18102163076400757,0
B,MH-002,MH-002_19.594278_80.338627,MH-002,0,0.0054247560910880566,0
B,MH-002,MH-002_19.594278_80.338896,MH-002,1,0.0059768701903522015,0
B,MH-002,MH-002_19.594278_80.339166,MH-002,0,0.00648567546159029,0
B,MH-002,MH-002_19.594278_80.339435,MH-002,0,0.009138037450611591,0
B,MH-002,MH-002_19.594278_80.339705,MH-002,0,0.014172100462019444,0
B,MH-002,MH-002_19.594278_80.339974,MH-002,0,0.02130822092294693,0
B,MH-002,MH-002_19.594278_80.340244,MH-002,0,0.02836586907505989,0
B,MH-002,MH-002_19.594278_80.340513,MH-002,0,0.04397987201809883,0
B,MH-002,MH-002_19.594278_80.340783,MH-002,0,0.05652429163455963,0
B,MH-002,MH-002_19.594278_80.341052,MH-002,0,0.05396443232893944,0
B,MH-002,MH-002_19.594278_80.341322,MH-002,0,0.06211609020829201,0
B,MH-002,MH-002_19.594278_80.341591,MH-002,0,0.047069478780031204,0
B,MH-002,MH-002_19.594278_80.34186,MH-002,0,0.045748017728328705,0
B,MH-002,MH-002_19.594278_80.34213,MH-002,0,0.03396683931350708,0
B,MH-002,MH-002_19.594278_80.342399,MH-002,0,0.028859751299023628,0
B,MH-002,MH-002_19.594278_80.342669,MH-002,0,0.019283710047602654,0
B,MH-002,MH-002_19.594278_80.342938,MH-002,0,0.019261430948972702,0
B,MH-002,MH-002_19.594278_80.343208,MH-002,0,0.014695892110466957,0
B,MH-002,MH-002_19.594278_80.343477,MH-002,0,0.015235796570777893,0
B,MH-002,MH-002_19.594278_80.343747,MH-002,0,0.01752222701907158,0
B,MH-002,MH-002_19.594278_80.344016,MH-002,0,0.015122061595320702,0
B,MH-002,MH-002_19.594278_80.344286,MH-002,0,0.013708245009183884,0
B,MH-002,MH-002_19.594278_80.348328,MH-002,0,0.010499737225472927,0
B,MH-002,MH-002_19.594278_80.348598,MH-002,0,0.010700998827815056,0
B,MH-002,MH-002_19.594278_80.348867,MH-002,0,0.01556292362511158,0
B,MH-002,MH-002_19.594278_80.349137,MH-002,0,0.02611728198826313,0
B,MH-002,MH-002_19.594278_80.349406,MH-002,0,0.04128590598702431,0
B,MH-002,MH-002_19.594278_80.349676,MH-002,0,0.04918189346790314,0
B,MH-002,MH-002_19.594278_80.349945,MH-002,0,0.047673650085926056,0
B,MH-002,MH-002_19.594278_80.350215,MH-002,0,0.042822230607271194,0
B,MH-002,MH-002_19.594278_80.350484,MH-002,0,0.0649726390838623,0
B,MH-002,MH-002_19.594278_80.350754,MH-002,1,0.0710768774151802,0
B,MH-002,MH-002_19.594278_80.351023,MH-002,1,0.08286111801862717,0
B,MH-002,MH-002_19.594278_80.351293,MH-002,1,0.07203850895166397,0
B,MH-002,MH-002_19.594278_80.351562,MH-002,0,0.0698915645480156,0
B,MH-002,MH-002_19.594278_80.351832,MH-002,0,0.058256346732378006,0
B,MH-002,MH-002_19.594278_80.352101,MH-002,0,0.03296424075961113,0
B,MH-002,MH-002_19.594278_80.352371,MH-002,0,0.03841651603579521,0
B,MH-002,MH-002_19.594278_80.35264,MH-002,0,0.034437332302331924,0
B,MH-002,MH-002_19.594278_80.35291,MH-002,0,0.04784649237990379,0
B,MH-002,MH-002_19.594278_80.353179,MH-002,0,0.027852272614836693,0
B,MH-002,MH-002_19.594278_80.353449,MH-002,0,0.02510734647512436,0
B,MH-002,MH-002_19.594278_80.354257,MH-002,0,0.007188994437456131,0
B,MH-002,MH-002_19.594278_80.354527,MH-002,0,0.0073614828288555145,0
B,MH-002,MH-002_19.594278_80.354796,MH-002,0,0.0062270499765872955,0
B,MH-002,MH-002_19.594278_80.355605,MH-002,0,0.006980156525969505,0
B,MH-002,MH-002_19.594278_80.355874,MH-002,0,0.006372613366693258,0
B,MH-002,MH-002_19.594278_80.356144,MH-002,0,0.00638280576094985,0
B,MH-002,MH-002_19.594278_80.356413,MH-002,0,0.00991994421929121,0
B,MH-002,MH-002_19.594278_80.356683,MH-002,0,0.01438603363931179,0
B,MH-002,MH-002_19.594278_80.356952,MH-002,0,0.024630097672343254,0
B,MH-002,MH-002_19.594278_80.357222,MH-002,0,0.04969341680407524,0
B,MH-002,MH-002_19.594278_80.357491,MH-002,0,0.12008070945739746,0
B,MH-002,MH-002_19.594008_80.335932,MH-002,0,0.08370817452669144,0
B,MH-002,MH-002_19.594008_80.336201,MH-002,0,0.11724497377872467,0
B,MH-002,MH-002_19.594008_80.33674,MH-002,0,0.11842439323663712,0
B,MH-002,MH-002_19.594008_80.338627,MH-002,0,0.0038039630744606256,0
B,MH-002,MH-002_19.594008_80.338896,MH-002,1,0.0038679614663124084,0
B,MH-002,MH-002_19.594008_80.339166,MH-002,0,0.00462898425757885,0
B,MH-002,MH-002_19.594008_80.339435,MH-002,0,0.006437986623495817,0
B,MH-002,MH-002_19.594008_80.339705,MH-002,0,0.01226029358804226,0
B,MH-002,MH-002_19.594008_80.339974,MH-002,0,0.022378161549568176,0
B,MH-002,MH-002_19.594008_80.340244,MH-002,0,0.027763593941926956,0
B,MH-002,MH-002_19.594008_80.340513,MH-002,0,0.040719058364629745,0
B,MH-002,MH-002_19.594008_80.340783,MH-002,0,0.04753269627690315,0
B,MH-002,MH-002_19.594008_80.341052,MH-002,0,0.05145423486828804,0
B,MH-002,MH-002_19.594008_80.341322,MH-002,0,0.05175013840198517,0
B,MH-002,MH-002_19.594008_80.341591,MH-002,0,0.05127444863319397,0
B,MH-002,MH-002_19.594008_80.34186,MH-002,0,0.04064498096704483,0
B,MH-002,MH-002_19.594008_80.34213,MH-002,1,0.037638504058122635,0
B,MH-002,MH-002_19.594008_80.342399,MH-002,1,0.028914058580994606,0
B,MH-002,MH-002_19.594008_80.342669,MH-002,0,0.024654075503349304,0
B,MH-002,MH-002_19.594008_80.342938,MH-002,0,0.01877760700881481,0
B,MH-002,MH-002_19.594008_80.343208,MH-002,0,0.014092900790274143,0
B,MH-002,MH-002_19.594008_80.343477,MH-002,0,0.014747308567166328,0
B,MH-002,MH-002_19.594008_80.343747,MH-002,0,0.016178453341126442,0
B,MH-002,MH-002_19.594008_80.344016,MH-002,0,0.015996703878045082,0
B,MH-002,MH-002_19.594008_80.344286,MH-002,0,0.0149301178753376,0
B,MH-002,MH-002_19.594008_80.344555,MH-002,0,0.013704906217753887,0
B,MH-002,MH-002_19.594008_80.344825,MH-002,0,0.015377538278698921,0
B,MH-002,MH-002_19.594008_80.348328,MH-002,0,0.00977206602692604,0
B,MH-002,MH-002_19.594008_80.348598,MH-002,0,0.01039056945592165,0
B,MH-002,MH-002_19.594008_80.348867,MH-002,0,0.017547955736517906,0
B,MH-002,MH-002_19.594008_80.349137,MH-002,0,0.030361086130142212,0
B,MH-002,MH-002_19.594008_80.349406,MH-002,0,0.04282365366816521,0
B,MH-002,MH-002_19.594008_80.349676,MH-002,0,0.05204073339700699,0
B,MH-002,MH-002_19.594008_80.349945,MH-002,0,0.050165604799985886,0
B,MH-002,MH-002_19.594008_80.350215,MH-002,0,0.048677973449230194,0
B,MH-002,MH-002_19.594008_80.350484,MH-002,0,0.043093323707580566,0
B,MH-002,MH-002_19.594008_80.350754,MH-002,1,0.050854600965976715,0
B,MH-002,MH-002_19.594008_80.351023,MH-002,1,0.056811243295669556,0
B,MH-002,MH-002_19.594008_80.351293,MH-002,1,0.06381025910377502,0
B,MH-002,MH-002_19.594008_80.351562,MH-002,0,0.06529204547405243,0
B,MH-002,MH-002_19.594008_80.351832,MH-002,0,0.06203601509332657,0
B,MH-002,MH-002_19.594008_80.352101,MH-002,0,0.04703191667795181,0
B,MH-002,MH-002_19.594008_80.352371,MH-002,0,0.047538209706544876,0
B,MH-002,MH-002_19.594008_80.35264,MH-002,0,0.044798895716667175,0
B,MH-002,MH-002_19.594008_80.35291,MH-002,0,0.038087617605924606,0
B,MH-002,MH-002_19.594008_80.353179,MH-002,0,0.027763059362769127,0
B,MH-002,MH-002_19.594008_80.353449,MH-002,0,0.019916579127311707,0
B,MH-002,MH-002_19.594008_80.353988,MH-002,0,0.008979184553027153,0
B,MH-002,MH-002_19.594008_80.354257,MH-002,0,0.006955494172871113,0
B,MH-002,MH-002_19.594008_80.354527,MH-002,0,0.005917693488299847,0
B,MH-002,MH-002_19.594008_80.355066,MH-002,0,0.00579138845205307,0
B,MH-002,MH-002_19.594008_80.355335,MH-002,0,0.005450129974633455,0
B,MH-002,MH-002_19.594008_80.355605,MH-002,0,0.005391715094447136,0
B,MH-002,MH-002_19.594008_80.355874,MH-002,0,0.005436773411929607,0
B,MH-002,MH-002_19.594008_80.356144,MH-002,0,0.0065902648493647575,0
B,MH-002,MH-002_19.594008_80.356413,MH-002,0,0.011448320932686329,0
B,MH-002,MH-002_19.594008_80.356683,MH-002,0,0.017121806740760803,0
B,MH-002,MH-002_19.594008_80.356952,MH-002,0,0.029870755970478058,0
B,MH-002,MH-002_19.594008_80.357222,MH-002,1,0.07121245563030243,0
B,MH-002,MH-002_19.594008_80.357491,MH-002,1,0.16487669944763184,0
B,MH-002,MH-002_19.593739_80.335662,MH-002,0,0.042895931750535965,0
B,MH-002,MH-002_19.593739_80.335932,MH-002,0,0.05469553545117378,0
B,MH-002,MH-002_19.593739_80.336201,MH-002,0,0.07382453233003616,0
B,MH-002,MH-002_19.593739_80.337279,MH-002,0,0.026586979627609253,0
B,MH-002,MH-002_19.593739_80.337549,MH-002,0,0.01657271198928356,0
B,MH-002,MH-002_19.593739_80.337818,MH-002,0,0.011195061728358269,0
B,MH-002,MH-002_19.593739_80.338088,MH-002,0,0.0067555587738752365,0
B,MH-002,MH-002_19.593739_80.338627,MH-002,0,0.003875065129250288,0
B,MH-002,MH-002_19.593739_80.338896,MH-002,0,0.003869225736707449,0
B,MH-002,MH-002_19.593739_80.339166,MH-002,0,0.004606503527611494,0
B,MH-002,MH-002_19.593739_80.339435,MH-002,0,0.005884735845029354,0
B,MH-002,MH-002_19.593739_80.339705,MH-002,0,0.011803372763097286,0
B,MH-002,MH-002_19.593739_80.339974,MH-002,0,0.01815285161137581,0
B,MH-002,MH-002_19.593739_80.340244,MH-002,0,0.024621760472655296,0
B,MH-002,MH-002_19.593739_80.340513,MH-002,0,0.036206360906362534,0
B,MH-002,MH-002_19.593739_80.340783,MH-002,0,0.05279944837093353,0
B,MH-002,MH-002_19.593739_80.341052,MH-002,0,0.05781413987278938,0
B,MH-002,MH-002_19.593739_80.341322,MH-002,0,0.06097101792693138,0
B,MH-002,MH-002_19.593739_80.341591,MH-002,0,0.05136735364794731,0
B,MH-002,MH-002_19.593739_80.34186,MH-002,0,0.04508732259273529,0
B,MH-002,MH-002_19.593739_80.34213,MH-002,1,0.03146054223179817,0
B,MH-002,MH-002_19.593739_80.342399,MH-002,1,0.025709431618452072,0
B,MH-002,MH-002_19.593739_80.342669,MH-002,1,0.02056528441607952,0
B,MH-002,MH-002_19.593739_80.342938,MH-002,1,0.019799284636974335,0
B,MH-002,MH-002_19.593739_80.343208,MH-002,0,0.01518579013645649,0
B,MH-002,MH-002_19.593739_80.343477,MH-002,0,0.01478018518537283,0
B,MH-002,MH-002_19.593739_80.343747,MH-002,0,0.013879537582397461,0
B,MH-002,MH-002_19.593739_80.344016,MH-002,0,0.013832495547831059,0
B,MH-002,MH-002_19.593739_80.344286,MH-002,0,0.013362891040742397,0
B,MH-002,MH-002_19.593739_80.344555,MH-002,0,0.011768943630158901,0
B,MH-002,MH-002_19.593739_80.344825,MH-002,0,0.01767376996576786,0
B,MH-002,MH-002_19.593739_80.345094,MH-002,0,0.01922694221138954,0
B,MH-002,MH-002_19.593739_80.345364,MH-002,0,0.022953826934099197,0
B,MH-002,MH-002_19.593739_80.345633,MH-002,0,0.022754834964871407,0
B,MH-002,MH-002_19.593739_80.345903,MH-002,0,0.02347763627767563,0
B,MH-002,MH-002_19.593739_80.348328,MH-002,0,0.011762346141040325,0
B,MH-002,MH-002_19.593739_80.348598,MH-002,0,0.015526465140283108,0
B,MH-002,MH-002_19.593739_80.348867,MH-002,0,0.02195516973733902,0
B,MH-002,MH-002_19.593739_80.349137,MH-002,0,0.03256818652153015,0
B,MH-002,MH-002_19.593739_80.349406,MH-002,0,0.04214030131697655,0
B,MH-002,MH-002_19.593739_80.349676,MH-002,0,0.04454372450709343,0
B,MH-002,MH-002_19.593739_80.349945,MH-002,0,0.045367974787950516,0
B,MH-002,MH-002_19.593739_80.350215,MH-002,0,0.042513031512498856,0
B,MH-002,MH-002_19.593739_80.350484,MH-002,0,0.041809894144535065,0
B,MH-002,MH-002_19.593739_80.350754,MH-002,0,0.03988439962267876,0
B,MH-002,MH-002_19.593739_80.351023,MH-002,0,0.04281056672334671,0
B,MH-002,MH-002_19.593739_80.351293,MH-002,0,0.0398210808634758,0
B,MH-002,MH-002_19.593739_80.351562,MH-002,0,0.04628584906458855,0
B,MH-002,MH-002_19.593739_80.351832,MH-002,0,0.049202825874090195,0
B,MH-002,MH-002_19.593739_80.352101,MH-002,0,0.03619559481739998,0
B,MH-002,MH-002_19.593739_80.352371,MH-002,0,0.04373098537325859,0
B,MH-002,MH-002_19.593739_80.35264,MH-002,0,0.03867999464273453,0
B,MH-002,MH-002_19.593739_80.35291,MH-002,0,0.03959027677774429,0
B,MH-002,MH-002_19.593739_80.353179,MH-002,0,0.021411139518022537,0
B,MH-002,MH-002_19.593739_80.353449,MH-002,0,0.021776340901851654,0
B,MH-002,MH-002_19.593739_80.353988,MH-002,0,0.013294237665832043,0
B,MH-002,MH-002_19.593739_80.354257,MH-002,0,0.008519185706973076,0
B,MH-002,MH-002_19.593739_80.355066,MH-002,0,0.006714912131428719,0
B,MH-002,MH-002_19.593739_80.355335,MH-002,0,0.006030117627233267,0
B,MH-002,MH-002_19.593739_80.355605,MH-002,0,0.006192438304424286,0
B,MH-002,MH-002_19.593739_80.355874,MH-002,0,0.006182372570037842,0
B,MH-002,MH-002_19.593739_80.356144,MH-002,0,0.007993956096470356,0
B,MH-002,MH-002_19.593739_80.356413,MH-002,0,0.012844054028391838,0
B,MH-002,MH-002_19.593739_80.356683,MH-002,0,0.020840199664235115,0
B,MH-002,MH-002_19.593739_80.356952,MH-002,0,0.03785068541765213,0
B,MH-002,MH-002_19.593739_80.357222,MH-002,1,0.09204519540071487,0
B,MH-002,MH-002_19.593739_80.357491,MH-002,1,0.19533498585224152,0
B,MH-002,MH-002_19.593469_80.335393,MH-002,0,0.03094237670302391,0
B,MH-002,MH-002_19.593469_80.335662,MH-002,0,0.036221738904714584,0
B,MH-002,MH-002_19.593469_80.335932,MH-002,0,0.04358505457639694,0
B,MH-002,MH-002_19.593469_80.336201,MH-002,0,0.05218391492962837,0
B,MH-002,MH-002_19.593469_80.336471,MH-002,0,0.040546175092458725,0
B,MH-002,MH-002_19.593469_80.337279,MH-002,1,0.02092611975967884,0
B,MH-002,MH-002_19.593469_80.337549,MH-002,1,0.013109834864735603,0
B,MH-002,MH-002_19.593469_80.337818,MH-002,0,0.012202894315123558,0
B,MH-002,MH-002_19.593469_80.338088,MH-002,0,0.00778879364952445,0
B,MH-002,MH-002_19.593469_80.338627,MH-002,0,0.00399436242878437,0
B,MH-002,MH-002_19.593469_80.338896,MH-002,0,0.004355279728770256,0
B,MH-002,MH-002_19.593469_80.339166,MH-002,0,0.0041515943594276905,0
B,MH-002,MH-002_19.593469_80.339435,MH-002,0,0.006122755352407694,0
B,MH-002,MH-002_19.593469_80.339705,MH-002,0,0.012138829566538334,0
B,MH-002,MH-002_19.593469_80.339974,MH-002,0,0.02855377271771431,0
B,MH-002,MH-002_19.593469_80.340244,MH-002,0,0.033913496881723404,0
B,MH-002,MH-002_19.593469_80.340513,MH-002,0,0.054251980036497116,0
B,MH-002,MH-002_19.593469_80.340783,MH-002,0,0.06732938438653946,0
B,MH-002,MH-002_19.593469_80.341052,MH-002,0,0.08300015330314636,0
B,MH-002,MH-002_19.593469_80.341322,MH-002,0,0.09392517060041428,0
B,MH-002,MH-002_19.593469_80.341591,MH-002,0,0.07341034710407257,0
B,MH-002,MH-002_19.593469_80.34186,MH-002,0,0.09027650952339172,0
B,MH-002,MH-002_19.593469_80.34213,MH-002,0,0.06305345147848129,0
B,MH-002,MH-002_19.593469_80.342399,MH-002,1,0.05392683297395706,0
B,MH-002,MH-002_19.593469_80.342669,MH-002,1,0.04040946811437607,0
B,MH-002,MH-002_19.593469_80.342938,MH-002,1,0.03286455199122429,0
B,MH-002,MH-002_19.593469_80.343208,MH-002,0,0.019145537167787552,0
B,MH-002,MH-002_19.593469_80.343477,MH-002,0,0.017027119174599648,0
B,MH-002,MH-002_19.593469_80.343747,MH-002,0,0.01715758442878723,0
B,MH-002,MH-002_19.593469_80.344016,MH-002,0,0.014999058097600937,0
B,MH-002,MH-002_19.593469_80.344286,MH-002,0,0.012278912588953972,0
B,MH-002,MH-002_19.593469_80.344555,MH-002,0,0.011852160096168518,0
B,MH-002,MH-002_19.593469_80.344825,MH-002,0,0.01730976812541485,0
B,MH-002,MH-002_19.593469_80.345094,MH-002,0,0.02257784828543663,0
B,MH-002,MH-002_19.593469_80.345364,MH-002,0,0.021170098334550858,0
B,MH-002,MH-002_19.593469_80.345633,MH-002,0,0.021565865725278854,0
B,MH-002,MH-002_19.593469_80.348598,MH-002,0,0.02182248793542385,0
B,MH-002,MH-002_19.593469_80.348867,MH-002,0,0.029329920187592506,0
B,MH-002,MH-002_19.593469_80.349137,MH-002,0,0.035720597952604294,0
B,MH-002,MH-002_19.593469_80.349406,MH-002,0,0.04307745769619942,0
B,MH-002,MH-002_19.593469_80.349676,MH-002,0,0.041648779064416885,0
B,MH-002,MH-002_19.593469_80.349945,MH-002,0,0.03661302104592323,0
B,MH-002,MH-002_19.593469_80.350215,MH-002,0,0.0364079587161541,0
B,MH-002,MH-002_19.593469_80.350484,MH-002,0,0.03334340825676918,0
B,MH-002,MH-002_19.593469_80.350754,MH-002,0,0.03482085093855858,0
B,MH-002,MH-002_19.593469_80.351023,MH-002,0,0.02951875887811184,0
B,MH-002,MH-002_19.593469_80.351293,MH-002,0,0.03197253495454788,0
B,MH-002,MH-002_19.593469_80.351562,MH-002,0,0.0335674025118351,0
B,MH-002,MH-002_19.593469_80.351832,MH-002,0,0.043635040521621704,0
B,MH-002,MH-002_19.593469_80.352101,MH-002,0,0.0363178513944149,0
B,MH-002,MH-002_19.593469_80.352371,MH-002,0,0.04079888015985489,0
B,MH-002,MH-002_19.593469_80.35264,MH-002,0,0.03433982655405998,0
B,MH-002,MH-002_19.593469_80.35291,MH-002,0,0.033289987593889236,0
B,MH-002,MH-002_19.593469_80.353179,MH-002,0,0.023787805810570717,0
B,MH-002,MH-002_19.593469_80.353449,MH-002,0,0.019717078655958176,0
B,MH-002,MH-002_19.593469_80.353718,MH-002,0,0.018022827804088593,0
B,MH-002,MH-002_19.593469_80.354796,MH-002,0,0.007568224798887968,0
B,MH-002,MH-002_19.593469_80.355066,MH-002,0,0.007533046882599592,0
B,MH-002,MH-002_19.593469_80.355335,MH-002,0,0.006888136733323336,0
B,MH-002,MH-002_19.593469_80.355605,MH-002,0,0.007691421080380678,0
B,MH-002,MH-002_19.593469_80.355874,MH-002,0,0.00817958451807499,0
B,MH-002,MH-002_19.593469_80.356144,MH-002,0,0.011403669603168964,0
B,MH-002,MH-002_19.593469_80.356413,MH-002,0,0.01678062602877617,0
B,MH-002,MH-002_19.593469_80.356683,MH-002,0,0.030818447470664978,0
B,MH-002,MH-002_19.593469_80.356952,MH-002,1,0.056473925709724426,0
B,MH-002,MH-002_19.593469_80.357222,MH-002,1,0.12419462949037552,0
B,MH-002,MH-002_19.593469_80.357491,MH-002,1,0.23981615900993347,0
B,MH-002,MH-002_19.5932_80.335123,MH-002,0,0.028622286394238472,0
B,MH-002,MH-002_19.5932_80.335393,MH-002,0,0.03169289603829384,0
B,MH-002,MH-002_19.5932_80.335662,MH-002,0,0.030083775520324707,0
B,MH-002,MH-002_19.5932_80.336201,MH-002,0,0.03228932246565819,0
B,MH-002,MH-002_19.5932_80.336471,MH-002,0,0.027914486825466156,0
B,MH-002,MH-002_19.5932_80.33674,MH-002,0,0.02468279004096985,0
B,MH-002,MH-002_19.5932_80.337549,MH-002,1,0.010401519015431404,0
B,MH-002,MH-002_19.5932_80.337818,MH-002,0,0.010431009344756603,0
B,MH-002,MH-002_19.5932_80.338088,MH-002,0,0.006847917102277279,0
B,MH-002,MH-002_19.5932_80.338896,MH-002,0,0.005375218577682972,0
B,MH-002,MH-002_19.5932_80.339166,MH-002,0,0.004647300112992525,0
B,MH-002,MH-002_19.5932_80.339435,MH-002,0,0.006817319896072149,0
B,MH-002,MH-002_19.5932_80.339705,MH-002,0,0.013306715525686741,0
B,MH-002,MH-002_19.5932_80.339974,MH-002,0,0.034009456634521484,0
B,MH-002,MH-002_19.5932_80.340244,MH-002,0,0.04745444655418396,0
B,MH-002,MH-002_19.5932_80.340513,MH-002,0,0.06460946798324585,0
B,MH-002,MH-002_19.5932_80.340783,MH-002,0,0.1122140884399414,0
B,MH-002,MH-002_19.5932_80.341052,MH-002,0,0.10513884574174881,0
B,MH-002,MH-002_19.5932_80.341322,MH-002,0,0.1480839103460312,0
B,MH-002,MH-002_19.5932_80.341591,MH-002,0,0.10191494226455688,0
B,MH-002,MH-002_19.5932_80.34186,MH-002,0,0.1307690292596817,0
B,MH-002,MH-002_19.5932_80.34213,MH-002,0,0.08867442607879639,0
B,MH-002,MH-002_19.5932_80.342399,MH-002,0,0.09624949097633362,0
B,MH-002,MH-002_19.5932_80.342669,MH-002,1,0.051977746188640594,0
B,MH-002,MH-002_19.5932_80.342938,MH-002,0,0.050891634076833725,0
B,MH-002,MH-002_19.5932_80.343747,MH-002,0,0.01654893159866333,0
B,MH-002,MH-002_19.5932_80.344016,MH-002,0,0.017884986475110054,0
B,MH-002,MH-002_19.5932_80.344286,MH-002,0,0.014478050172328949,0
B,MH-002,MH-002_19.5932_80.344555,MH-002,0,0.01416332833468914,0
B,MH-002,MH-002_19.5932_80.344825,MH-002,0,0.01927269995212555,0
B,MH-002,MH-002_19.5932_80.345094,MH-002,0,0.026327114552259445,0
B,MH-002,MH-002_19.5932_80.345364,MH-002,0,0.027682306244969368,0
B,MH-002,MH-002_19.5932_80.345633,MH-002,0,0.026165924966335297,0
B,MH-002,MH-002_19.5932_80.346442,MH-002,0,0.023326657712459564,0
B,MH-002,MH-002_19.5932_80.346711,MH-002,0,0.025376375764608383,0
B,MH-002,MH-002_19.5932_80.34725,MH-002,0,0.019896741956472397,0
B,MH-002,MH-002_19.5932_80.34752,MH-002,0,0.016432909294962883,0
B,MH-002,MH-002_19.5932_80.347789,MH-002,0,0.020635342225432396,0
B,MH-002,MH-002_19.5932_80.348059,MH-002,0,0.022549448534846306,0
B,MH-002,MH-002_19.5932_80.348328,MH-002,0,0.027604486793279648,0
B,MH-002,MH-002_19.5932_80.348598,MH-002,0,0.03570379689335823,0
B,MH-002,MH-002_19.5932_80.348867,MH-002,0,0.035321950912475586,0
B,MH-002,MH-002_19.5932_80.349137,MH-002,1,0.0433075912296772,0
B,MH-002,MH-002_19.5932_80.349406,MH-002,0,0.04248334467411041,0
B,MH-002,MH-002_19.5932_80.349676,MH-002,0,0.04092508181929588,0
B,MH-002,MH-002_19.5932_80.350215,MH-002,0,0.03472067788243294,0
B,MH-002,MH-002_19.5932_80.350484,MH-002,0,0.03274651989340782,0
B,MH-002,MH-002_19.5932_80.350754,MH-002,1,0.029619120061397552,0
B,MH-002,MH-002_19.5932_80.351023,MH-002,0,0.030440038070082664,0
B,MH-002,MH-002_19.5932_80.351293,MH-002,0,0.03024633228778839,0
B,MH-002,MH-002_19.5932_80.351562,MH-002,0,0.028026264160871506,0
B,MH-002,MH-002_19.5932_80.351832,MH-002,0,0.029189905151724815,0
B,MH-002,MH-002_19.5932_80.352101,MH-002,0,0.025853382423520088,0
B,MH-002,MH-002_19.5932_80.352371,MH-002,0,0.024348601698875427,0
B,MH-002,MH-002_19.5932_80.35264,MH-002,0,0.023816075176000595,0
B,MH-002,MH-002_19.5932_80.35291,MH-002,0,0.022945214062929153,0
B,MH-002,MH-002_19.5932_80.353179,MH-002,0,0.02100641094148159,0
B,MH-002,MH-002_19.5932_80.353449,MH-002,0,0.016943171620368958,0
B,MH-002,MH-002_19.5932_80.353718,MH-002,0,0.018100641667842865,0
B,MH-002,MH-002_19.5932_80.353988,MH-002,0,0.015486241318285465,0
B,MH-002,MH-002_19.5932_80.354527,MH-002,1,0.011947834864258766,0
B,MH-002,MH-002_19.5932_80.354796,MH-002,0,0.011938842944800854,0
B,MH-002,MH-002_19.5932_80.355066,MH-002,0,0.012024814262986183,0
B,MH-002,MH-002_19.5932_80.355335,MH-002,0,0.01084967702627182,0
B,MH-002,MH-002_19.5932_80.355605,MH-002,0,0.011445514857769012,0
B,MH-002,MH-002_19.5932_80.355874,MH-002,0,0.012771728448569775,0
B,MH-002,MH-002_19.5932_80.356144,MH-002,1,0.017922673374414444,0
B,MH-002,MH-002_19.5932_80.356413,MH-002,0,0.024077165871858597,0
B,MH-002,MH-002_19.5932_80.356683,MH-002,0,0.03941905125975609,0
B,MH-002,MH-002_19.5932_80.356952,MH-002,1,0.06103012338280678,0
B,MH-002,MH-002_19.5932_80.357222,MH-002,1,0.1341254711151123,0
B,MH-002,MH-002_19.59293_80.335123,MH-002,0,0.0334986187517643,0
B,MH-002,MH-002_19.59293_80.335393,MH-002,0,0.0347999706864357,0
B,MH-002,MH-002_19.59293_80.335662,MH-002,0,0.03574347123503685,0
B,MH-002,MH-002_19.59293_80.336471,MH-002,0,0.0222399290651083,0
B,MH-002,MH-002_19.59293_80.33674,MH-002,0,0.02466370165348053,0
B,MH-002,MH-002_19.59293_80.33701,MH-002,0,0.018557552248239517,0
B,MH-002,MH-002_19.59293_80.338896,MH-002,0,0.007682211231440306,0
B,MH-002,MH-002_19.59293_80.339166,MH-002,0,0.005463024601340294,0
B,MH-002,MH-002_19.59293_80.339435,MH-002,0,0.008820604532957077,0
B,MH-002,MH-002_19.59293_80.339705,MH-002,0,0.017131607979536057,0
B,MH-002,MH-002_19.59293_80.339974,MH-002,0,0.05147255212068558,0
B,MH-002,MH-002_19.59293_80.340244,MH-002,0,0.06445872783660889,0
B,MH-002,MH-002_19.59293_80.340513,MH-002,0,0.1035231351852417,0
B,MH-002,MH-002_19.59293_80.340783,MH-002,0,0.13137918710708618,0
B,MH-002,MH-002_19.59293_80.341052,MH-002,0,0.15488606691360474,0
B,MH-002,MH-002_19.59293_80.341322,MH-002,0,0.1551896631717682,0
B,MH-002,MH-002_19.59293_80.342399,MH-002,0,0.09347368776798248,0
B,MH-002,MH-002_19.59293_80.342669,MH-002,0,0.07225177437067032,0
B,MH-002,MH-002_19.59293_80.343208,MH-002,0,0.025604430586099625,0
B,MH-002,MH-002_19.59293_80.343477,MH-002,1,0.02053546905517578,0
B,MH-002,MH-002_19.59293_80.343747,MH-002,1,0.020416483283042908,0
B,MH-002,MH-002_19.59293_80.344016,MH-002,0,0.017343226820230484,0
B,MH-002,MH-002_19.59293_80.344286,MH-002,0,0.016638711094856262,0
B,MH-002,MH-002_19.59293_80.344555,MH-002,0,0.01658673584461212,0
B,MH-002,MH-002_19.59293_80.344825,MH-002,0,0.022388439625501633,0
B,MH-002,MH-002_19.59293_80.345094,MH-002,0,0.03246486559510231,0
B,MH-002,MH-002_19.59293_80.345364,MH-002,0,0.03776828572154045,0
B,MH-002,MH-002_19.59293_80.345633,MH-002,0,0.03673151135444641,0
B,MH-002,MH-002_19.59293_80.346442,MH-002,0,0.03265620395541191,0
B,MH-002,MH-002_19.59293_80.346711,MH-002,0,0.03544512018561363,0
B,MH-002,MH-002_19.59293_80.346981,MH-002,0,0.03085482306778431,0
B,MH-002,MH-002_19.59293_80.34725,MH-002,0,0.029078779742121696,0
B,MH-002,MH-002_19.59293_80.34752,MH-002,0,0.02225571684539318,0
B,MH-002,MH-002_19.59293_80.347789,MH-002,0,0.022155888378620148,0
B,MH-002,MH-002_19.59293_80.348059,MH-002,0,0.02596932463347912,0
B,MH-002,MH-002_19.59293_80.348328,MH-002,0,0.03190632164478302,0
B,MH-002,MH-002_19.59293_80.348598,MH-002,0,0.035218242555856705,0
B,MH-002,MH-002_19.59293_80.348867,MH-002,0,0.03711719810962677,0
B,MH-002,MH-002_19.59293_80.349137,MH-002,0,0.04626547917723656,0
B,MH-002,MH-002_19.59293_80.349406,MH-002,0,0.043789125978946686,0
B,MH-002,MH-002_19.59293_80.349676,MH-002,0,0.041372399777173996,0
B,MH-002,MH-002_19.59293_80.350215,MH-002,0,0.03403736650943756,0
B,MH-002,MH-002_19.59293_80.350484,MH-002,0,0.027873162180185318,0
B,MH-002,MH-002_19.59293_80.350754,MH-002,1,0.027482451871037483,0
B,MH-002,MH-002_19.59293_80.351023,MH-002,0,0.02551441639661789,0
B,MH-002,MH-002_19.59293_80.351293,MH-002,1,0.02341439761221409,0
B,MH-002,MH-002_19.59293_80.351562,MH-002,0,0.021432286128401756,0
B,MH-002,MH-002_19.59293_80.351832,MH-002,0,0.023148134350776672,0
B,MH-002,MH-002_19.59293_80.352101,MH-002,0,0.020587030798196793,0
B,MH-002,MH-002_19.59293_80.352371,MH-002,0,0.02054613269865513,0
B,MH-002,MH-002_19.59293_80.35264,MH-002,0,0.020036906003952026,0
B,MH-002,MH-002_19.59293_80.35291,MH-002,0,0.022082289680838585,0
B,MH-002,MH-002_19.59293_80.353179,MH-002,0,0.017768535763025284,0
B,MH-002,MH-002_19.59293_80.353449,MH-002,0,0.016925685107707977,0
B,MH-002,MH-002_19.59293_80.353718,MH-002,0,0.017146194353699684,0
B,MH-002,MH-002_19.59293_80.353988,MH-002,0,0.016373692080378532,0
B,MH-002,MH-002_19.59293_80.354257,MH-002,0,0.015914246439933777,0
B,MH-002,MH-002_19.59293_80.354527,MH-002,0,0.01621486246585846,0
B,MH-002,MH-002_19.59293_80.354796,MH-002,0,0.01499517634510994,0
B,MH-002,MH-002_19.59293_80.355066,MH-002,0,0.013494708575308323,0
B,MH-002,MH-002_19.59293_80.355335,MH-002,0,0.013541546650230885,0
B,MH-002,MH-002_19.59293_80.355605,MH-002,0,0.015325023792684078,0
B,MH-002,MH-002_19.59293_80.355874,MH-002,0,0.018642470240592957,0
B,MH-002,MH-002_19.59293_80.356144,MH-002,1,0.022250700742006302,0
B,MH-002,MH-002_19.59293_80.356413,MH-002,0,0.03668266534805298,0
B,MH-002,MH-002_19.59293_80.356683,MH-002,0,0.051911819726228714,0
B,MH-002,MH-002_19.59293_80.356952,MH-002,0,0.09129786491394043,0
B,MH-002,MH-002_19.592661_80.334854,MH-002,0,0.032501306384801865,0
B,MH-002,MH-002_19.592661_80.335123,MH-002,0,0.03432181477546692,0
B,MH-002,MH-002_19.592661_80.335393,MH-002,0,0.03566470742225647,0
B,MH-002,MH-002_19.592661_80.335662,MH-002,0,0.03114505484700203,0
B,MH-002,MH-002_19.592661_80.336471,MH-002,0,0.02602393552660942,0
B,MH-002,MH-002_19.592661_80.33674,MH-002,0,0.022499429062008858,0
B,MH-002,MH-002_19.592661_80.33701,MH-002,0,0.02246614545583725,0
B,MH-002,MH-002_19.592661_80.337279,MH-002,0,0.022749925032258034,0
B,MH-002,MH-002_19.592661_80.337549,MH-002,0,0.022697456181049347,0
B,MH-002,MH-002_19.592661_80.338357,MH-002,0,0.010094736702740192,0
B,MH-002,MH-002_19.592661_80.339166,MH-002,0,0.006886281073093414,0
B,MH-002,MH-002_19.592661_80.339435,MH-002,0,0.010229654610157013,0
B,MH-002,MH-002_19.592661_80.339705,MH-002,0,0.017233729362487793,0
B,MH-002,MH-002_19.592661_80.339974,MH-002,0,0.041107550263404846,0
B,MH-002,MH-002_19.592661_80.340244,MH-002,0,0.057333070784807205,0
B,MH-002,MH-002_19.592661_80.340513,MH-002,0,0.08818276226520538,0
B,MH-002,MH-002_19.592661_80.340783,MH-002,0,0.11899188160896301,0
B,MH-002,MH-002_19.592661_80.341052,MH-002,0,0.10323897749185562,0
B,MH-002,MH-002_19.592661_80.342669,MH-002,0,0.036787278950214386,0
B,MH-002,MH-002_19.592661_80.342938,MH-002,1,0.02608506567776203,0
B,MH-002,MH-002_19.592661_80.343208,MH-002,1,0.012601586990058422,0
B,MH-002,MH-002_19.592661_80.343747,MH-002,1,0.010488671250641346,0
B,MH-002,MH-002_19.592661_80.344016,MH-002,0,0.010482056066393852,0
B,MH-002,MH-002_19.592661_80.344286,MH-002,0,0.009201645851135254,0
B,MH-002,MH-002_19.592661_80.344555,MH-002,0,0.012780937366187572,0
B,MH-002,MH-002_19.592661_80.344825,MH-002,0,0.019067557528614998,0
B,MH-002,MH-002_19.592661_80.345094,MH-002,0,0.03621605411171913,0
B,MH-002,MH-002_19.592661_80.345364,MH-002,1,0.04410359635949135,0
B,MH-002,MH-002_19.592661_80.345633,MH-002,0,0.0500355064868927,0
B,MH-002,MH-002_19.592661_80.346172,MH-002,0,0.0520586334168911,0
B,MH-002,MH-002_19.592661_80.346711,MH-002,0,0.04986961930990219,0
B,MH-002,MH-002_19.592661_80.346981,MH-002,0,0.04886055737733841,0
B,MH-002,MH-002_19.592661_80.34725,MH-002,0,0.04430677741765976,0
B,MH-002,MH-002_19.592661_80.34752,MH-002,0,0.03235635533928871,0
B,MH-002,MH-002_19.592661_80.347789,MH-002,0,0.03321610018610954,0
B,MH-002,MH-002_19.592661_80.348059,MH-002,0,0.03576013445854187,0
B,MH-002,MH-002_19.592661_80.348328,MH-002,0,0.04000707343220711,0
B,MH-002,MH-002_19.592661_80.348598,MH-002,0,0.0397677943110466,0
B,MH-002,MH-002_19.592661_80.348867,MH-002,0,0.03859526291489601,0
B,MH-002,MH-002_19.592661_80.349137,MH-002,0,0.04901403561234474,0
B,MH-002,MH-002_19.592661_80.349406,MH-002,0,0.04820077121257782,0
B,MH-002,MH-002_19.592661_80.349676,MH-002,0,0.04180315136909485,0
B,MH-002,MH-002_19.592661_80.349945,MH-002,0,0.03392641618847847,0
B,MH-002,MH-002_19.592661_80.350215,MH-002,0,0.030096571892499924,0
B,MH-002,MH-002_19.592661_80.350484,MH-002,0,0.02683226950466633,0
B,MH-002,MH-002_19.592661_80.350754,MH-002,0,0.024693302810192108,0
B,MH-002,MH-002_19.592661_80.351023,MH-002,0,0.022236425429582596,0
B,MH-002,MH-002_19.592661_80.351293,MH-002,1,0.02193213254213333,0
B,MH-002,MH-002_19.592661_80.351562,MH-002,1,0.02161308005452156,0
B,MH-002,MH-002_19.592661_80.351832,MH-002,0,0.0204806849360466,0
B,MH-002,MH-002_19.592661_80.352101,MH-002,0,0.017108339816331863,0
B,MH-002,MH-002_19.592661_80.352371,MH-002,0,0.015842245891690254,0
B,MH-002,MH-002_19.592661_80.35264,MH-002,0,0.013969950377941132,0
B,MH-002,MH-002_19.592661_80.35291,MH-002,0,0.014252238906919956,0
B,MH-002,MH-002_19.592661_80.353179,MH-002,0,0.012785902246832848,0
B,MH-002,MH-002_19.592661_80.353449,MH-002,0,0.012565854005515575,0
B,MH-002,MH-002_19.592661_80.353718,MH-002,0,0.01475981343537569,0
B,MH-002,MH-002_19.592661_80.353988,MH-002,0,0.0163155198097229,0
B,MH-002,MH-002_19.592661_80.354257,MH-002,0,0.01813908852636814,0
B,MH-002,MH-002_19.592661_80.354527,MH-002,0,0.018226658925414085,0
B,MH-002,MH-002_19.592661_80.354796,MH-002,0,0.01755557768046856,0
B,MH-002,MH-002_19.592661_80.355066,MH-002,0,0.017573317512869835,0
B,MH-002,MH-002_19.592661_80.355335,MH-002,0,0.018089668825268745,0
B,MH-002,MH-002_19.592661_80.355605,MH-002,0,0.017952334135770798,0
B,MH-002,MH-002_19.592661_80.355874,MH-002,0,0.024585621431469917,0
B,MH-002,MH-002_19.592661_80.356144,MH-002,0,0.033033061772584915,0
B,MH-002,MH-002_19.592661_80.356413,MH-002,0,0.0434272326529026,0
B,MH-002,MH-002_19.592661_80.356683,MH-002,0,0.0545290969312191,0
B,MH-002,MH-002_19.592661_80.357222,MH-002,1,0.1993274688720703,0
B,MH-002,MH-002_19.592661_80.357491,MH-002,0,0.3560720682144165,1
B,MH-002,MH-002_19.592391_80.334854,MH-002,0,0.032926369458436966,0
B,MH-002,MH-002_19.592391_80.335123,MH-002,0,0.03817698732018471,0
B,MH-002,MH-002_19.592391_80.335393,MH-002,0,0.03418777883052826,0
B,MH-002,MH-002_19.592391_80.335662,MH-002,0,0.03337983787059784,0
B,MH-002,MH-002_19.592391_80.335932,MH-002,0,0.030314601957798004,0
B,MH-002,MH-002_19.592391_80.336201,MH-002,0,0.034325093030929565,0
B,MH-002,MH-002_19.592391_80.336471,MH-002,0,0.030277427285909653,0
B,MH-002,MH-002_19.592391_80.33674,MH-002,0,0.02992679923772812,0
B,MH-002,MH-002_19.592391_80.33701,MH-002,0,0.03148229792714119,0
B,MH-002,MH-002_19.592391_80.337279,MH-002,0,0.03220866248011589,0
B,MH-002,MH-002_19.592391_80.337549,MH-002,0,0.030750548467040062,0
B,MH-002,MH-002_19.592391_80.337818,MH-002,0,0.025620318949222565,0
B,MH-002,MH-002_19.592391_80.339435,MH-002,0,0.01647868938744068,0
B,MH-002,MH-002_19.592391_80.339705,MH-002,0,0.025285426527261734,0
B,MH-002,MH-002_19.592391_80.339974,MH-002,0,0.06861408054828644,0
B,MH-002,MH-002_19.592391_80.340244,MH-002,0,0.09241199493408203,0
B,MH-002,MH-002_19.592391_80.340513,MH-002,0,0.13189932703971863,0
B,MH-002,MH-002_19.592391_80.340783,MH-002,1,0.13288526237010956,0
B,MH-002,MH-002_19.592391_80.341322,MH-002,0,0.13570980727672577,0
B,MH-002,MH-002_19.592391_80.343747,MH-002,0,0.00670745549723506,0
B,MH-002,MH-002_19.592391_80.344016,MH-002,0,0.0070382459089159966,0
B,MH-002,MH-002_19.592391_80.344286,MH-002,0,0.007144578266888857,0
B,MH-002,MH-002_19.592391_80.344555,MH-002,0,0.009787078015506268,0
B,MH-002,MH-002_19.592391_80.344825,MH-002,0,0.01769370026886463,0
B,MH-002,MH-002_19.592391_80.345094,MH-002,0,0.03197111189365387,0
B,MH-002,MH-002_19.592391_80.345364,MH-002,1,0.04821992665529251,0
B,MH-002,MH-002_19.592391_80.346172,MH-002,0,0.0688810721039772,0
B,MH-002,MH-002_19.592391_80.346442,MH-002,0,0.06897354871034622,0
B,MH-002,MH-002_19.592391_80.346981,MH-002,0,0.06967630982398987,0
B,MH-002,MH-002_19.592391_80.34725,MH-002,0,0.0561954528093338,0
B,MH-002,MH-002_19.592391_80.34752,MH-002,0,0.04483209550380707,0
B,MH-002,MH-002_19.592391_80.347789,MH-002,0,0.03801063820719719,0
B,MH-002,MH-002_19.592391_80.348059,MH-002,0,0.0366051010787487,0
B,MH-002,MH-002_19.592391_80.348328,MH-002,0,0.041533462703228,0
B,MH-002,MH-002_19.592391_80.348598,MH-002,0,0.03628408536314964,0
B,MH-002,MH-002_19.592391_80.348867,MH-002,0,0.037684857845306396,0
B,MH-002,MH-002_19.592391_80.349137,MH-002,0,0.05251612514257431,0
B,MH-002,MH-002_19.592391_80.349406,MH-002,0,0.05127840116620064,0
B,MH-002,MH-002_19.592391_80.349676,MH-002,0,0.04313505068421364,0
B,MH-002,MH-002_19.592391_80.349945,MH-002,0,0.032329194247722626,0
B,MH-002,MH-002_19.592391_80.350215,MH-002,0,0.02874382585287094,0
B,MH-002,MH-002_19.592391_80.350484,MH-002,0,0.02493690885603428,0
B,MH-002,MH-002_19.592391_80.350754,MH-002,0,0.02255277708172798,0
B,MH-002,MH-002_19.592391_80.351023,MH-002,0,0.01863725297152996,0
B,MH-002,MH-002_19.592391_80.351293,MH-002,0,0.019547337666153908,0
B,MH-002,MH-002_19.592391_80.351562,MH-002,0,0.018409935757517815,0
B,MH-002,MH-002_19.592391_80.351832,MH-002,0,0.017810169607400894,0
B,MH-002,MH-002_19.592391_80.352101,MH-002,0,0.014738844707608223,0
B,MH-002,MH-002_19.592391_80.352371,MH-002,0,0.013285927474498749,0
B,MH-002,MH-002_19.592391_80.35264,MH-002,0,0.011938533745706081,0
B,MH-002,MH-002_19.592391_80.35291,MH-002,0,0.012206822633743286,0
B,MH-002,MH-002_19.592391_80.353179,MH-002,0,0.011111529543995857,0
B,MH-002,MH-002_19.592391_80.353449,MH-002,0,0.011686592362821102,0
B,MH-002,MH-002_19.592391_80.353718,MH-002,0,0.015449744649231434,0
B,MH-002,MH-002_19.592391_80.353988,MH-002,0,0.016439631581306458,0
B,MH-002,MH-002_19.592391_80.354257,MH-002,0,0.017618514597415924,0
B,MH-002,MH-002_19.592391_80.354527,MH-002,0,0.017468933016061783,0
B,MH-002,MH-002_19.592391_80.354796,MH-002,0,0.019443843513727188,0
B,MH-002,MH-002_19.592391_80.355066,MH-002,1,0.021260684356093407,0
B,MH-002,MH-002_19.592391_80.355335,MH-002,1,0.020996665582060814,0
B,MH-002,MH-002_19.592391_80.355605,MH-002,0,0.02619910053908825,0
B,MH-002,MH-002_19.592391_80.355874,MH-002,0,0.029909858480095863,0
B,MH-002,MH-002_19.592391_80.356144,MH-002,0,0.03972320631146431,0
B,MH-002,MH-002_19.592391_80.356413,MH-002,1,0.056726764887571335,0
B,MH-002,MH-002_19.592391_80.357491,MH-002,0,0.399944931268692,1
B,MH-002,MH-002_19.592122_80.334854,MH-002,0,0.033584777265787125,0
B,MH-002,MH-002_19.592122_80.335123,MH-002,0,0.03736591339111328,0
B,MH-002,MH-002_19.592122_80.335393,MH-002,0,0.03398860991001129,0
B,MH-002,MH-002_19.592122_80.335662,MH-002,0,0.031839337199926376,0
B,MH-002,MH-002_19.592122_80.335932,MH-002,0,0.0340563990175724,0
B,MH-002,MH-002_19.592122_80.336201,MH-002,0,0.03250746801495552,0
B,MH-002,MH-002_19.592122_80.336471,MH-002,0,0.03461949899792671,0
B,MH-002,MH-002_19.592122_80.33674,MH-002,0,0.03409969434142113,0
B,MH-002,MH-002_19.592122_80.33701,MH-002,0,0.03727645054459572,0
B,MH-002,MH-002_19.592122_80.337279,MH-002,0,0.03838738054037094,0
B,MH-002,MH-002_19.592122_80.337549,MH-002,0,0.039788298308849335,0
B,MH-002,MH-002_19.592122_80.337818,MH-002,0,0.02858424186706543,0
B,MH-002,MH-002_19.592122_80.339974,MH-002,0,0.05960874632000923,0
B,MH-002,MH-002_19.592122_80.341052,MH-002,1,0.17332138121128082,0
B,MH-002,MH-002_19.592122_80.341322,MH-002,1,0.21527519822120667,0
B,MH-002,MH-002_19.592122_80.34186,MH-002,0,0.09954479336738586,0
B,MH-002,MH-002_19.592122_80.342399,MH-002,1,0.034680046141147614,0
B,MH-002,MH-002_19.592122_80.343747,MH-002,0,0.00527080288156867,0
B,MH-002,MH-002_19.592122_80.344016,MH-002,0,0.006154695060104132,0
B,MH-002,MH-002_19.592122_80.344286,MH-002,0,0.005769320297986269,0
B,MH-002,MH-002_19.592122_80.344555,MH-002,0,0.008132732473313808,0
B,MH-002,MH-002_19.592122_80.344825,MH-002,0,0.014867790043354034,0
B,MH-002,MH-002_19.592122_80.345094,MH-002,0,0.02878294140100479,0
B,MH-002,MH-002_19.592122_80.345364,MH-002,1,0.043834343552589417,0
B,MH-002,MH-002_19.592122_80.34725,MH-002,0,0.07297635078430176,0
B,MH-002,MH-002_19.592122_80.34752,MH-002,0,0.05163833126425743,0
B,MH-002,MH-002_19.592122_80.347789,MH-002,0,0.05214543640613556,0
B,MH-002,MH-002_19.592122_80.348059,MH-002,0,0.055447161197662354,0
B,MH-002,MH-002_19.592122_80.348328,MH-002,0,0.053885042667388916,0
B,MH-002,MH-002_19.592122_80.348598,MH-002,0,0.04781525954604149,0
B,MH-002,MH-002_19.592122_80.348867,MH-002,0,0.040999896824359894,0
B,MH-002,MH-002_19.592122_80.349137,MH-002,0,0.053693849593400955,0
B,MH-002,MH-002_19.592122_80.349406,MH-002,0,0.04967223107814789,0
B,MH-002,MH-002_19.592122_80.349676,MH-002,0,0.04196293652057648,0
B,MH-002,MH-002_19.592122_80.349945,MH-002,0,0.03205376863479614,0
B,MH-002,MH-002_19.592122_80.350215,MH-002,0,0.02847810834646225,0
B,MH-002,MH-002_19.592122_80.350484,MH-002,0,0.02429777756333351,0
B,MH-002,MH-002_19.592122_80.350754,MH-002,0,0.020343046635389328,0
B,MH-002,MH-002_19.592122_80.351023,MH-002,0,0.01696128211915493,0
B,MH-002,MH-002_19.592122_80.351293,MH-002,0,0.017001502215862274,0
B,MH-002,MH-002_19.592122_80.351562,MH-002,0,0.016962284222245216,0
B,MH-002,MH-002_19.592122_80.351832,MH-002,0,0.014720112085342407,0
B,MH-002,MH-002_19.592122_80.352101,MH-002,0,0.01349064614623785,0
B,MH-002,MH-002_19.592122_80.352371,MH-002,1,0.012048465199768543,0
B,MH-002,MH-002_19.592122_80.35264,MH-002,1,0.010414646938443184,0
B,MH-002,MH-002_19.592122_80.35291,MH-002,0,0.009076262824237347,0
B,MH-002,MH-002_19.592122_80.353179,MH-002,0,0.008922997862100601,0
B,MH-002,MH-002_19.592122_80.353449,MH-002,1,0.008990317583084106,0
B,MH-002,MH-002_19.592122_80.353718,MH-002,0,0.011964322067797184,0
B,MH-002,MH-002_19.592122_80.353988,MH-002,0,0.013896170072257519,0
B,MH-002,MH-002_19.592122_80.354257,MH-002,0,0.015948843210935593,0
B,MH-002,MH-002_19.592122_80.354527,MH-002,0,0.016887769103050232,0
B,MH-002,MH-002_19.592122_80.354796,MH-002,0,0.019274558871984482,0
B,MH-002,MH-002_19.592122_80.355066,MH-002,1,0.021373456344008446,0
B,MH-002,MH-002_19.592122_80.355335,MH-002,1,0.022412048652768135,0
B,MH-002,MH-002_19.592122_80.355605,MH-002,0,0.02771751582622528,0
B,MH-002,MH-002_19.592122_80.355874,MH-002,0,0.033961646258831024,0
B,MH-002,MH-002_19.592122_80.356144,MH-002,0,0.04534702003002167,0
B,MH-002,MH-002_19.592122_80.356413,MH-002,1,0.05863450467586517,0
B,MH-002,MH-002_19.591852_80.334854,MH-002,0,0.03471454232931137,0
B,MH-002,MH-002_19.591852_80.335123,MH-002,0,0.03556336462497711,0
B,MH-002,MH-002_19.591852_80.335393,MH-002,0,0.030055871233344078,0
B,MH-002,MH-002_19.591852_80.335662,MH-002,0,0.03325619176030159,0
B,MH-002,MH-002_19.591852_80.335932,MH-002,0,0.03312878683209419,0
B,MH-002,MH-002_19.591852_80.336201,MH-002,0,0.03389861062169075,0
B,MH-002,MH-002_19.591852_80.336471,MH-002,0,0.03649916499853134,0
B,MH-002,MH-002_19.591852_80.33674,MH-002,0,0.03342654928565025,0
B,MH-002,MH-002_19.591852_80.33701,MH-002,0,0.03579594939947128,0
B,MH-002,MH-002_19.591852_80.337279,MH-002,0,0.038374051451683044,0
B,MH-002,MH-002_19.591852_80.337549,MH-002,0,0.03945351764559746,0
B,MH-002,MH-002_19.591852_80.337818,MH-002,0,0.039585694670677185,0
B,MH-002,MH-002_19.591852_80.338088,MH-002,0,0.03192020580172539,0
B,MH-002,MH-002_19.591852_80.339166,MH-002,0,0.01306157372891903,0
B,MH-002,MH-002_19.591852_80.339435,MH-002,0,0.018474232405424118,0
B,MH-002,MH-002_19.591852_80.341322,MH-002,1,0.1413336545228958,0
B,MH-002,MH-002_19.591852_80.34186,MH-002,0,0.04699976369738579,0
B,MH-002,MH-002_19.591852_80.342399,MH-002,0,0.012942749075591564,0
B,MH-002,MH-002_19.591852_80.342669,MH-002,0,0.0075726816430687904,0
B,MH-002,MH-002_19.591852_80.342938,MH-002,0,0.005260872188955545,0
B,MH-002,MH-002_19.591852_80.343208,MH-002,0,0.00379219395108521,0
B,MH-002,MH-002_19.591852_80.343477,MH-002,0,0.0038338054437190294,0
B,MH-002,MH-002_19.591852_80.343747,MH-002,0,0.004370018839836121,0
B,MH-002,MH-002_19.591852_80.344016,MH-002,0,0.005341441370546818,0
B,MH-002,MH-002_19.591852_80.344286,MH-002,0,0.0056534442119300365,0
B,MH-002,MH-002_19.591852_80.344555,MH-002,0,0.00846603699028492,0
B,MH-002,MH-002_19.591852_80.344825,MH-002,0,0.01605720818042755,0
B,MH-002,MH-002_19.591852_80.345094,MH-002,0,0.029762757942080498,0
B,MH-002,MH-002_19.591852_80.345364,MH-002,0,0.052427858114242554,0
B,MH-002,MH-002_19.591852_80.345633,MH-002,0,0.06027529388666153,0
B,MH-002,MH-002_19.591852_80.346442,MH-002,0,0.08850102871656418,0
B,MH-002,MH-002_19.591852_80.346711,MH-002,0,0.0755540281534195,0
B,MH-002,MH-002_19.591852_80.34725,MH-002,0,0.0621635876595974,0
B,MH-002,MH-002_19.591852_80.34752,MH-002,0,0.05409219488501549,0
B,MH-002,MH-002_19.591852_80.347789,MH-002,0,0.04555223509669304,0
B,MH-002,MH-002_19.591852_80.348059,MH-002,0,0.04908610135316849,0
B,MH-002,MH-002_19.591852_80.348328,MH-002,0,0.05671561136841774,0
B,MH-002,MH-002_19.591852_80.348598,MH-002,0,0.05274709314107895,0
B,MH-002,MH-002_19.591852_80.348867,MH-002,0,0.049284711480140686,0
B,MH-002,MH-002_19.591852_80.349137,MH-002,0,0.054074157029390335,0
B,MH-002,MH-002_19.591852_80.349406,MH-002,0,0.055344268679618835,0
B,MH-002,MH-002_19.591852_80.349676,MH-002,0,0.04699476808309555,0
B,MH-002,MH-002_19.591852_80.349945,MH-002,0,0.03682049363851547,0
B,MH-002,MH-002_19.591852_80.350215,MH-002,0,0.02937997505068779,0
B,MH-002,MH-002_19.591852_80.350484,MH-002,0,0.02597278729081154,0
B,MH-002,MH-002_19.591852_80.350754,MH-002,0,0.021118395030498505,0
B,MH-002,MH-002_19.591852_80.351023,MH-002,0,0.018091930076479912,0
B,MH-002,MH-002_19.591852_80.351293,MH-002,0,0.01820097491145134,0
B,MH-002,MH-002_19.591852_80.351562,MH-002,0,0.016148561611771584,0
B,MH-002,MH-002_19.591852_80.351832,MH-002,1,0.016150236129760742,0
B,MH-002,MH-002_19.591852_80.352101,MH-002,0,0.013759774155914783,0
B,MH-002,MH-002_19.591852_80.352371,MH-002,0,0.013218131847679615,0
B,MH-002,MH-002_19.591852_80.35264,MH-002,0,0.011127179488539696,0
B,MH-002,MH-002_19.591852_80.35291,MH-002,0,0.010841179639101028,0
B,MH-002,MH-002_19.591852_80.353179,MH-002,0,0.008828057907521725,0
B,MH-002,MH-002_19.591852_80.353449,MH-002,0,0.009946444071829319,0
B,MH-002,MH-002_19.591852_80.353718,MH-002,0,0.011101500131189823,0
B,MH-002,MH-002_19.591852_80.353988,MH-002,0,0.013896855525672436,0
B,MH-002,MH-002_19.591852_80.354257,MH-002,0,0.01442875899374485,0
B,MH-002,MH-002_19.591852_80.354527,MH-002,0,0.014942284673452377,0
B,MH-002,MH-002_19.591852_80.354796,MH-002,0,0.01672547124326229,0
B,MH-002,MH-002_19.591852_80.355066,MH-002,1,0.0219661183655262,0
B,MH-002,MH-002_19.591852_80.355335,MH-002,0,0.02766239270567894,0
B,MH-002,MH-002_19.591852_80.355605,MH-002,0,0.0403253473341465,0
B,MH-002,MH-002_19.591852_80.355874,MH-002,0,0.05157662555575371,0
B,MH-002,MH-002_19.591852_80.356144,MH-002,0,0.07193492352962494,0
B,MH-002,MH-002_19.591852_80.356952,MH-002,1,0.13590407371520996,0
B,MH-002,MH-002_19.591852_80.357222,MH-002,0,0.21513210237026215,0
B,MH-002,MH-002_19.591583_80.334854,MH-002,0,0.039286017417907715,0
B,MH-002,MH-002_19.591583_80.335123,MH-002,0,0.03933478146791458,0
B,MH-002,MH-002_19.591583_80.335393,MH-002,0,0.038202472031116486,0
B,MH-002,MH-002_19.591583_80.335662,MH-002,0,0.0372452586889267,0
B,MH-002,MH-002_19.591583_80.335932,MH-002,0,0.03911307081580162,0
B,MH-002,MH-002_19.591583_80.336201,MH-002,0,0.03484203666448593,0
B,MH-002,MH-002_19.591583_80.336471,MH-002,0,0.03734791651368141,0
B,MH-002,MH-002_19.591583_80.33674,MH-002,0,0.030847322195768356,0
B,MH-002,MH-002_19.591583_80.33701,MH-002,0,0.034659553319215775,0
B,MH-002,MH-002_19.591583_80.337279,MH-002,0,0.036119211465120316,0
B,MH-002,MH-002_19.591583_80.337549,MH-002,0,0.04199080169200897,0
B,MH-002,MH-002_19.591583_80.337818,MH-002,0,0.035793036222457886,0
B,MH-002,MH-002_19.591583_80.338088,MH-002,0,0.038481272757053375,0
B,MH-002,MH-002_19.591583_80.338357,MH-002,0,0.02769090048968792,0
B,MH-002,MH-002_19.591583_80.339435,MH-002,0,0.014874853193759918,0
B,MH-002,MH-002_19.591583_80.339705,MH-002,0,0.016643783077597618,0
B,MH-002,MH-002_19.591583_80.339974,MH-002,0,0.028749143704771996,0
B,MH-002,MH-002_19.591583_80.340244,MH-002,0,0.029740815982222557,0
B,MH-002,MH-002_19.591583_80.340513,MH-002,0,0.0961383581161499,0
B,MH-002,MH-002_19.591583_80.340783,MH-002,0,0.09780383110046387,0
B,MH-002,MH-002_19.591583_80.341052,MH-002,1,0.09983448684215546,0
B,MH-002,MH-002_19.591583_80.341322,MH-002,1,0.08800096064805984,0
B,MH-002,MH-002_19.591583_80.341591,MH-002,1,0.03991800174117088,0
B,MH-002,MH-002_19.591583_80.343477,MH-002,0,0.0044922297820448875,0
B,MH-002,MH-002_19.591583_80.343747,MH-002,0,0.0035825420636683702,0
B,MH-002,MH-002_19.591583_80.344016,MH-002,0,0.0037387434858828783,0
B,MH-002,MH-002_19.591583_80.344286,MH-002,0,0.0044167800806462765,0
B,MH-002,MH-002_19.591583_80.344555,MH-002,0,0.008355027996003628,0
B,MH-002,MH-002_19.591583_80.344825,MH-002,0,0.01288161613047123,0
B,MH-002,MH-002_19.591583_80.345094,MH-002,0,0.026238860562443733,0
B,MH-002,MH-002_19.591583_80.345364,MH-002,0,0.03775063157081604,0
B,MH-002,MH-002_19.591583_80.345633,MH-002,0,0.042363241314888,0
B,MH-002,MH-002_19.591583_80.345903,MH-002,0,0.06761620193719864,0
B,MH-002,MH-002_19.591583_80.346172,MH-002,0,0.05761510878801346,0
B,MH-002,MH-002_19.591583_80.346442,MH-002,0,0.05916042998433113,0
B,MH-002,MH-002_19.591583_80.346711,MH-002,0,0.05018949136137962,0
B,MH-002,MH-002_19.591583_80.346981,MH-002,0,0.05277624726295471,0
B,MH-002,MH-002_19.591583_80.34725,MH-002,0,0.05145558342337608,0
B,MH-002,MH-002_19.591583_80.34752,MH-002,0,0.04256019368767738,0
B,MH-002,MH-002_19.591583_80.347789,MH-002,0,0.03904580697417259,0
B,MH-002,MH-002_19.591583_80.348059,MH-002,0,0.04306484013795853,0
B,MH-002,MH-002_19.591583_80.348328,MH-002,0,0.047365304082632065,0
B,MH-002,MH-002_19.591583_80.348598,MH-002,0,0.04946223646402359,0
B,MH-002,MH-002_19.591583_80.348867,MH-002,0,0.045347243547439575,0
B,MH-002,MH-002_19.591583_80.349137,MH-002,1,0.05020321160554886,0
B,MH-002,MH-002_19.591583_80.349406,MH-002,0,0.05047392472624779,0
B,MH-002,MH-002_19.591583_80.349676,MH-002,0,0.041260384023189545,0
B,MH-002,MH-002_19.591583_80.349945,MH-002,0,0.034367162734270096,0
B,MH-002,MH-002_19.591583_80.350215,MH-002,0,0.026363087818026543,0
B,MH-002,MH-002_19.591583_80.350484,MH-002,0,0.02337580919265747,0
B,MH-002,MH-002_19.591583_80.350754,MH-002,0,0.01788158528506756,0
B,MH-002,MH-002_19.591583_80.351023,MH-002,0,0.01487123966217041,0
B,MH-002,MH-002_19.591583_80.351293,MH-002,0,0.014913584105670452,0
B,MH-002,MH-002_19.591583_80.351562,MH-002,1,0.015280244871973991,0
B,MH-002,MH-002_19.591583_80.351832,MH-002,1,0.014874866232275963,0
B,MH-002,MH-002_19.591583_80.352101,MH-002,0,0.011000287719070911,0
B,MH-002,MH-002_19.591583_80.352371,MH-002,0,0.013710817322134972,0
B,MH-002,MH-002_19.591583_80.35264,MH-002,0,0.009931921027600765,0
B,MH-002,MH-002_19.591583_80.35291,MH-002,0,0.011745519936084747,0
B,MH-002,MH-002_19.591583_80.353179,MH-002,1,0.008596430532634258,0
B,MH-002,MH-002_19.591583_80.353449,MH-002,0,0.009954805485904217,0
B,MH-002,MH-002_19.591583_80.353718,MH-002,0,0.01004138495773077,0
B,MH-002,MH-002_19.591583_80.353988,MH-002,0,0.011655927635729313,0
B,MH-002,MH-002_19.591583_80.354257,MH-002,0,0.011943585239350796,0
B,MH-002,MH-002_19.591583_80.354527,MH-002,0,0.014611626043915749,0
B,MH-002,MH-002_19.591583_80.354796,MH-002,0,0.016505451872944832,0
B,MH-002,MH-002_19.591583_80.355066,MH-002,0,0.02000400237739086,0
B,MH-002,MH-002_19.591583_80.355335,MH-002,0,0.026758376508951187,0
B,MH-002,MH-002_19.591583_80.355605,MH-002,0,0.039016369730234146,0
B,MH-002,MH-002_19.591583_80.355874,MH-002,0,0.054004210978746414,0
B,MH-002,MH-002_19.591583_80.356413,MH-002,1,0.09400009363889694,0
B,MH-002,MH-002_19.591583_80.356952,MH-002,0,0.1526980847120285,0
B,MH-002,MH-002_19.591583_80.357222,MH-002,0,0.1918289065361023,0
B,MH-002,MH-002_19.591313_80.334854,MH-002,0,0.04913639277219772,0
B,MH-002,MH-002_19.591313_80.335123,MH-002,0,0.047596536576747894,0
B,MH-002,MH-002_19.591313_80.335393,MH-002,0,0.041704289615154266,0
B,MH-002,MH-002_19.591313_80.335662,MH-002,0,0.04471452534198761,0
B,MH-002,MH-002_19.591313_80.335932,MH-002,0,0.04279235750436783,0
B,MH-002,MH-002_19.591313_80.336201,MH-002,0,0.04371391981840134,0
B,MH-002,MH-002_19.591313_80.336471,MH-002,0,0.042236410081386566,0
B,MH-002,MH-002_19.591313_80.33674,MH-002,0,0.038901187479496,0
B,MH-002,MH-002_19.591313_80.33701,MH-002,0,0.03606945648789406,0
B,MH-002,MH-002_19.591313_80.337279,MH-002,0,0.041780248284339905,0
B,MH-002,MH-002_19.591313_80.337549,MH-002,0,0.046577513217926025,0
B,MH-002,MH-002_19.591313_80.337818,MH-002,0,0.04581081122159958,0
B,MH-002,MH-002_19.591313_80.338088,MH-002,0,0.041025031358003616,0
B,MH-002,MH-002_19.591313_80.338357,MH-002,0,0.03858024254441261,0
B,MH-002,MH-002_19.591313_80.338627,MH-002,0,0.02734118141233921,0
B,MH-002,MH-002_19.591313_80.338896,MH-002,0,0.01887410506606102,0
B,MH-002,MH-002_19.591313_80.339435,MH-002,0,0.014599485322833061,0
B,MH-002,MH-002_19.591313_80.339705,MH-002,0,0.01504359021782875,0
B,MH-002,MH-002_19.591313_80.339974,MH-002,0,0.026084452867507935,0
B,MH-002,MH-002_19.591313_80.340244,MH-002,0,0.025534631684422493,0
B,MH-002,MH-002_19.591313_80.340513,MH-002,0,0.06093569099903107,0
B,MH-002,MH-002_19.591313_80.340783,MH-002,1,0.07068344950675964,0
B,MH-002,MH-002_19.591313_80.341052,MH-002,1,0.053948014974594116,0
B,MH-002,MH-002_19.591313_80.341322,MH-002,1,0.04736323654651642,0
B,MH-002,MH-002_19.591313_80.341591,MH-002,1,0.02372681349515915,0
B,MH-002,MH-002_19.591313_80.34186,MH-002,1,0.012870555743575096,0
B,MH-002,MH-002_19.591313_80.343477,MH-002,0,0.002042406005784869,0
B,MH-002,MH-002_19.591313_80.343747,MH-002,0,0.0022217773366719484,0
B,MH-002,MH-002_19.591313_80.344016,MH-002,0,0.0022071197163313627,0
B,MH-002,MH-002_19.591313_80.344286,MH-002,0,0.0026563582941889763,0
B,MH-002,MH-002_19.591313_80.344555,MH-002,0,0.005392738152295351,0
B,MH-002,MH-002_19.591313_80.344825,MH-002,0,0.011635258793830872,0
B,MH-002,MH-002_19.591313_80.345094,MH-002,0,0.023888057097792625,0
B,MH-002,MH-002_19.591313_80.345364,MH-002,0,0.035822879523038864,0
B,MH-002,MH-002_19.591313_80.345633,MH-002,0,0.038312625139951706,0
B,MH-002,MH-002_19.591313_80.345903,MH-002,0,0.05887613818049431,0
B,MH-002,MH-002_19.591313_80.346172,MH-002,0,0.046142756938934326,0
B,MH-002,MH-002_19.591313_80.346442,MH-002,0,0.059450335800647736,0
B,MH-002,MH-002_19.591313_80.346711,MH-002,0,0.03585333749651909,0
B,MH-002,MH-002_19.591313_80.346981,MH-002,0,0.05070211738348007,0
B,MH-002,MH-002_19.591313_80.34725,MH-002,0,0.035690177232027054,0
B,MH-002,MH-002_19.591313_80.34752,MH-002,0,0.035554591566324234,0
B,MH-002,MH-002_19.591313_80.347789,MH-002,0,0.027915308251976967,0
B,MH-002,MH-002_19.591313_80.348059,MH-002,0,0.033384207636117935,0
B,MH-002,MH-002_19.591313_80.348328,MH-002,0,0.036808744072914124,0
B,MH-002,MH-002_19.591313_80.348598,MH-002,0,0.038703061640262604,0
B,MH-002,MH-002_19.591313_80.348867,MH-002,0,0.041756026446819305,0
B,MH-002,MH-002_19.591313_80.349137,MH-002,1,0.04793965443968773,0
B,MH-002,MH-002_19.591313_80.349406,MH-002,0,0.05755642056465149,0
B,MH-002,MH-002_19.591313_80.349676,MH-002,0,0.04595902934670448,0
B,MH-002,MH-002_19.591313_80.349945,MH-002,0,0.03887513279914856,0
B,MH-002,MH-002_19.591313_80.350215,MH-002,0,0.02470860257744789,0
B,MH-002,MH-002_19.591313_80.350484,MH-002,0,0.01996033824980259,0
B,MH-002,MH-002_19.591313_80.350754,MH-002,0,0.015545522794127464,0
B,MH-002,MH-002_19.591313_80.351023,MH-002,0,0.01420297846198082,0
B,MH-002,MH-002_19.591313_80.351293,MH-002,0,0.015230338089168072,0
B,MH-002,MH-002_19.591313_80.351562,MH-002,0,0.014512327499687672,0
B,MH-002,MH-002_19.591313_80.351832,MH-002,1,0.01532336138188839,0
B,MH-002,MH-002_19.591313_80.352101,MH-002,0,0.011894246563315392,0
B,MH-002,MH-002_19.591313_80.352371,MH-002,0,0.013274910859763622,0
B,MH-002,MH-002_19.591313_80.35264,MH-002,0,0.010740836150944233,0
B,MH-002,MH-002_19.591313_80.35291,MH-002,0,0.011477108113467693,0
B,MH-002,MH-002_19.591313_80.353449,MH-002,1,0.009469365701079369,0
B,MH-002,MH-002_19.591313_80.353718,MH-002,0,0.009964942932128906,0
B,MH-002,MH-002_19.591313_80.353988,MH-002,0,0.011073659174144268,0
B,MH-002,MH-002_19.591313_80.354257,MH-002,0,0.01149666029959917,0
B,MH-002,MH-002_19.591313_80.354527,MH-002,0,0.012940100394189358,0
B,MH-002,MH-002_19.591313_80.354796,MH-002,0,0.01581781916320324,0
B,MH-002,MH-002_19.591313_80.355066,MH-002,0,0.021919503808021545,0
B,MH-002,MH-002_19.591313_80.355335,MH-002,0,0.029173003509640694,0
B,MH-002,MH-002_19.591313_80.355605,MH-002,0,0.05001918971538544,0
B,MH-002,MH-002_19.591313_80.355874,MH-002,0,0.06664688885211945,0
B,MH-002,MH-002_19.591313_80.356144,MH-002,0,0.09646578133106232,0
B,MH-002,MH-002_19.591313_80.356952,MH-002,0,0.16467300057411194,0
B,MH-002,MH-002_19.591044_80.334854,MH-002,0,0.06948903203010559,0
B,MH-002,MH-002_19.591044_80.335123,MH-002,0,0.05836758017539978,0
B,MH-002,MH-002_19.591044_80.335393,MH-002,0,0.053524985909461975,0
B,MH-002,MH-002_19.591044_80.335662,MH-002,0,0.04854315519332886,0
B,MH-002,MH-002_19.591044_80.335932,MH-002,0,0.044937364757061005,0
B,MH-002,MH-002_19.591044_80.336201,MH-002,0,0.04588021710515022,0
B,MH-002,MH-002_19.591044_80.336471,MH-002,0,0.04128771647810936,0
B,MH-002,MH-002_19.591044_80.33674,MH-002,0,0.04355667904019356,0
B,MH-002,MH-002_19.591044_80.33701,MH-002,0,0.04280230030417442,0
B,MH-002,MH-002_19.591044_80.337279,MH-002,0,0.04498901218175888,0
B,MH-002,MH-002_19.591044_80.337549,MH-002,0,0.05688849464058876,0
B,MH-002,MH-002_19.591044_80.337818,MH-002,0,0.045693539083004,0
B,MH-002,MH-002_19.591044_80.338088,MH-002,0,0.048347510397434235,0
B,MH-002,MH-002_19.591044_80.338357,MH-002,0,0.030882325023412704,0
B,MH-002,MH-002_19.591044_80.338627,MH-002,0,0.02816232293844223,0
B,MH-002,MH-002_19.591044_80.338896,MH-002,0,0.0179784893989563,0
B,MH-002,MH-002_19.591044_80.339166,MH-002,0,0.012081596069037914,0
B,MH-002,MH-002_19.591044_80.341591,MH-002,1,0.023953570052981377,0
B,MH-002,MH-002_19.591044_80.34186,MH-002,0,0.010293254628777504,0
B,MH-002,MH-002_19.591044_80.34213,MH-002,0,0.003712915815412998,0
B,MH-002,MH-002_19.591044_80.342669,MH-002,1,0.0016710263444110751,0
B,MH-002,MH-002_19.591044_80.343747,MH-002,0,0.0023274701088666916,0
B,MH-002,MH-002_19.591044_80.344016,MH-002,0,0.0026713211555033922,0
B,MH-002,MH-002_19.591044_80.344286,MH-002,0,0.0024858105462044477,0
B,MH-002,MH-002_19.591044_80.344555,MH-002,0,0.0045713940635323524,0
B,MH-002,MH-002_19.591044_80.344825,MH-002,0,0.007728561758995056,0
B,MH-002,MH-002_19.591044_80.345094,MH-002,0,0.016985740512609482,0
B,MH-002,MH-002_19.591044_80.345364,MH-002,0,0.029068293049931526,0
B,MH-002,MH-002_19.591044_80.345633,MH-002,0,0.03227918595075607,0
B,MH-002,MH-002_19.591044_80.345903,MH-002,0,0.046337518841028214,0
B,MH-002,MH-002_19.591044_80.346172,MH-002,0,0.042124029248952866,0
B,MH-002,MH-002_19.591044_80.346442,MH-002,1,0.05281174182891846,0
B,MH-002,MH-002_19.591044_80.34725,MH-002,0,0.03099917620420456,0
B,MH-002,MH-002_19.591044_80.34752,MH-002,0,0.029727885499596596,0
B,MH-002,MH-002_19.591044_80.347789,MH-002,0,0.022485967725515366,0
B,MH-002,MH-002_19.591044_80.348059,MH-002,0,0.026890264824032784,0
B,MH-002,MH-002_19.591044_80.348328,MH-002,0,0.028669508174061775,0
B,MH-002,MH-002_19.591044_80.348598,MH-002,0,0.03098229318857193,0
B,MH-002,MH-002_19.591044_80.348867,MH-002,0,0.03879804164171219,0
B,MH-002,MH-002_19.591044_80.349137,MH-002,0,0.04187222570180893,0
B,MH-002,MH-002_19.591044_80.349406,MH-002,0,0.05399420112371445,0
B,MH-002,MH-002_19.591044_80.349676,MH-002,0,0.04423890635371208,0
B,MH-002,MH-002_19.591044_80.349945,MH-002,0,0.037949468940496445,0
B,MH-002,MH-002_19.591044_80.350215,MH-002,0,0.023681538179516792,0
B,MH-002,MH-002_19.591044_80.350484,MH-002,0,0.017965218052268028,0
B,MH-002,MH-002_19.591044_80.350754,MH-002,0,0.014426304027438164,0
B,MH-002,MH-002_19.591044_80.351023,MH-002,0,0.013303310610353947,0
B,MH-002,MH-002_19.591044_80.351293,MH-002,0,0.013501197099685669,0
B,MH-002,MH-002_19.591044_80.352371,MH-002,0,0.01311317179352045,0
B,MH-002,MH-002_19.591044_80.35264,MH-002,0,0.010138486512005329,0
B,MH-002,MH-002_19.591044_80.353718,MH-002,0,0.00991850532591343,0
B,MH-002,MH-002_19.591044_80.353988,MH-002,0,0.011699437163770199,0
B,MH-002,MH-002_19.591044_80.354257,MH-002,0,0.011864401400089264,0
B,MH-002,MH-002_19.591044_80.354527,MH-002,0,0.013353577814996243,0
B,MH-002,MH-002_19.591044_80.354796,MH-002,0,0.013462497852742672,0
B,MH-002,MH-002_19.591044_80.355066,MH-002,0,0.016280286014080048,0
B,MH-002,MH-002_19.591044_80.355335,MH-002,0,0.023759331554174423,0
B,MH-002,MH-002_19.591044_80.355605,MH-002,1,0.040313541889190674,0
B,MH-002,MH-002_19.591044_80.355874,MH-002,1,0.05586664751172066,0
B,MH-002,MH-002_19.591044_80.356144,MH-002,1,0.0919620543718338,0
B,MH-002,MH-002_19.591044_80.356952,MH-002,0,0.1990210860967636,0
B,MH-002,MH-002_19.591044_80.357222,MH-002,0,0.24826306104660034,0
B,MH-002,MH-002_19.590774_80.334854,MH-002,0,0.10047770291566849,0
B,MH-002,MH-002_19.590774_80.335123,MH-002,0,0.08361314982175827,0
B,MH-002,MH-002_19.590774_80.335393,MH-002,0,0.07169032096862793,0
B,MH-002,MH-002_19.590774_80.335662,MH-002,0,0.06618010252714157,0
B,MH-002,MH-002_19.590774_80.335932,MH-002,0,0.05944683030247688,0
B,MH-002,MH-002_19.590774_80.336201,MH-002,0,0.05623818188905716,0
B,MH-002,MH-002_19.590774_80.336471,MH-002,0,0.048745810985565186,0
B,MH-002,MH-002_19.590774_80.33674,MH-002,0,0.04953997582197189,0
B,MH-002,MH-002_19.590774_80.33701,MH-002,0,0.0444488450884819,0
B,MH-002,MH-002_19.590774_80.337279,MH-002,0,0.049927663058042526,0
B,MH-002,MH-002_19.590774_80.337549,MH-002,0,0.047980520874261856,0
B,MH-002,MH-002_19.590774_80.337818,MH-002,1,0.04648808762431145,0
B,MH-002,MH-002_19.590774_80.338088,MH-002,0,0.042281728237867355,0
B,MH-002,MH-002_19.590774_80.338357,MH-002,0,0.035297974944114685,0
B,MH-002,MH-002_19.590774_80.338627,MH-002,0,0.02450738474726677,0
B,MH-002,MH-002_19.590774_80.338896,MH-002,0,0.01759779267013073,0
B,MH-002,MH-002_19.590774_80.339166,MH-002,0,0.012965063564479351,0
B,MH-002,MH-002_19.590774_80.339435,MH-002,0,0.012260154820978642,0
B,MH-002,MH-002_19.590774_80.34186,MH-002,0,0.006734353490173817,0
B,MH-002,MH-002_19.590774_80.34213,MH-002,0,0.002466510282829404,0
B,MH-002,MH-002_19.590774_80.342399,MH-002,1,0.0016569779254496098,0
B,MH-002,MH-002_19.590774_80.342938,MH-002,0,0.0008068456081673503,0
B,MH-002,MH-002_19.590774_80.344016,MH-002,0,0.001827613334171474,0
B,MH-002,MH-002_19.590774_80.344286,MH-002,0,0.002102307276800275,0
B,MH-002,MH-002_19.590774_80.344555,MH-002,0,0.004160898271948099,0
B,MH-002,MH-002_19.590774_80.344825,MH-002,0,0.008874177001416683,0
B,MH-002,MH-002_19.590774_80.345094,MH-002,0,0.016241416335105896,0
B,MH-002,MH-002_19.590774_80.345364,MH-002,1,0.02767842449247837,0
B,MH-002,MH-002_19.590774_80.345633,MH-002,0,0.029566755518317223,0
B,MH-002,MH-002_19.590774_80.345903,MH-002,0,0.04833684861660004,0
B,MH-002,MH-002_19.590774_80.346172,MH-002,0,0.036964669823646545,0
B,MH-002,MH-002_19.590774_80.34725,MH-002,0,0.026713402941823006,0
B,MH-002,MH-002_19.590774_80.347789,MH-002,0,0.0163424052298069,0
B,MH-002,MH-002_19.590774_80.348059,MH-002,0,0.016676200553774834,0
B,MH-002,MH-002_19.590774_80.348328,MH-002,0,0.02404387667775154,0
B,MH-002,MH-002_19.590774_80.348598,MH-002,0,0.02774360589683056,0
B,MH-002,MH-002_19.590774_80.348867,MH-002,0,0.03596537187695503,0
B,MH-002,MH-002_19.590774_80.349137,MH-002,0,0.03932865709066391,0
B,MH-002,MH-002_19.590774_80.349406,MH-002,0,0.050835903733968735,0
B,MH-002,MH-002_19.590774_80.349676,MH-002,0,0.04296600818634033,0
B,MH-002,MH-002_19.590774_80.349945,MH-002,0,0.03530437499284744,0
B,MH-002,MH-002_19.590774_80.350215,MH-002,0,0.020406123250722885,0
B,MH-002,MH-002_19.590774_80.350484,MH-002,0,0.016806144267320633,0
B,MH-002,MH-002_19.590774_80.350754,MH-002,0,0.013223214074969292,0
B,MH-002,MH-002_19.590774_80.351023,MH-002,0,0.01158734131604433,0
B,MH-002,MH-002_19.590774_80.351293,MH-002,0,0.012463808059692383,0
B,MH-002,MH-002_19.590774_80.353449,MH-002,0,0.009374492801725864,0
B,MH-002,MH-002_19.590774_80.353988,MH-002,0,0.012620319612324238,0
B,MH-002,MH-002_19.590774_80.354257,MH-002,0,0.012270795181393623,0
B,MH-002,MH-002_19.590774_80.354527,MH-002,0,0.012631423771381378,0
B,MH-002,MH-002_19.590774_80.354796,MH-002,0,0.012376898899674416,0
B,MH-002,MH-002_19.590774_80.355066,MH-002,0,0.015064554288983345,0
B,MH-002,MH-002_19.590774_80.355335,MH-002,0,0.023081323131918907,0
B,MH-002,MH-002_19.590774_80.355605,MH-002,1,0.04152204096317291,0
B,MH-002,MH-002_19.590774_80.355874,MH-002,1,0.06035670265555382,0
B,MH-002,MH-002_19.590774_80.356144,MH-002,1,0.1149979829788208,0
B,MH-002,MH-002_19.590774_80.356413,MH-002,1,0.1357576996088028,0
B,MH-002,MH-002_19.590774_80.357491,MH-002,0,0.3929522633552551,1
B,MH-002,MH-002_19.590505_80.334854,MH-002,0,0.12520308792591095,0
B,MH-002,MH-002_19.590505_80.335123,MH-002,0,0.11322210729122162,0
B,MH-002,MH-002_19.590505_80.335393,MH-002,0,0.10243705660104752,0
B,MH-002,MH-002_19.590505_80.335662,MH-002,0,0.08205744624137878,0
B,MH-002,MH-002_19.590505_80.335932,MH-002,0,0.07842269539833069,0
B,MH-002,MH-002_19.590505_80.336201,MH-002,0,0.07100489735603333,0
B,MH-002,MH-002_19.590505_80.336471,MH-002,0,0.061508405953645706,0
B,MH-002,MH-002_19.590505_80.33674,MH-002,0,0.05522545427083969,0
B,MH-002,MH-002_19.590505_80.33701,MH-002,0,0.047821398824453354,0
B,MH-002,MH-002_19.590505_80.337279,MH-002,0,0.05067180469632149,0
B,MH-002,MH-002_19.590505_80.337549,MH-002,0,0.0493532158434391,0
B,MH-002,MH-002_19.590505_80.337818,MH-002,1,0.045472536236047745,0
B,MH-002,MH-002_19.590505_80.338088,MH-002,0,0.044858045876026154,0
B,MH-002,MH-002_19.590505_80.338357,MH-002,0,0.031685955822467804,0
B,MH-002,MH-002_19.590505_80.338627,MH-002,0,0.02542814239859581,0
B,MH-002,MH-002_19.590505_80.338896,MH-002,0,0.018800392746925354,0
B,MH-002,MH-002_19.590505_80.339166,MH-002,0,0.010178248398005962,0
B,MH-002,MH-002_19.590505_80.339435,MH-002,0,0.0128128407523036,0
B,MH-002,MH-002_19.590505_80.34213,MH-002,0,0.0013716252287849784,0
B,MH-002,MH-002_19.590505_80.342399,MH-002,0,0.0011403283569961786,0
B,MH-002,MH-002_19.590505_80.342669,MH-002,0,0.0007090879953466356,0
B,MH-002,MH-002_19.590505_80.342938,MH-002,0,0.0008679483435116708,0
B,MH-002,MH-002_19.590505_80.343477,MH-002,0,0.0013684943551197648,0
B,MH-002,MH-002_19.590505_80.344016,MH-002,0,0.0022259249817579985,0
B,MH-002,MH-002_19.590505_80.344286,MH-002,0,0.0026627695187926292,0
B,MH-002,MH-002_19.590505_80.344555,MH-002,0,0.005600155331194401,0
B,MH-002,MH-002_19.590505_80.344825,MH-002,0,0.010171433910727501,0
B,MH-002,MH-002_19.590505_80.345094,MH-002,0,0.02068750187754631,0
B,MH-002,MH-002_19.590505_80.345364,MH-002,0,0.028287041932344437,0
B,MH-002,MH-002_19.590505_80.345633,MH-002,0,0.027861369773745537,0
B,MH-002,MH-002_19.590505_80.345903,MH-002,0,0.04107413440942764,0
B,MH-002,MH-002_19.590505_80.346172,MH-002,0,0.03870644047856331,0
B,MH-002,MH-002_19.590505_80.346442,MH-002,0,0.039061758667230606,0
B,MH-002,MH-002_19.590505_80.346711,MH-002,0,0.025561608374118805,0
B,MH-002,MH-002_19.590505_80.34725,MH-002,0,0.019411291927099228,0
B,MH-002,MH-002_19.590505_80.34752,MH-002,0,0.01663304679095745,0
B,MH-002,MH-002_19.590505_80.348059,MH-002,0,0.011854231357574463,0
B,MH-002,MH-002_19.590505_80.348328,MH-002,0,0.01612834632396698,0
B,MH-002,MH-002_19.590505_80.348598,MH-002,0,0.01847960241138935,0
B,MH-002,MH-002_19.590505_80.348867,MH-002,0,0.025783216580748558,0
B,MH-002,MH-002_19.590505_80.349137,MH-002,0,0.030647018924355507,0
B,MH-002,MH-002_19.590505_80.349406,MH-002,0,0.04222800210118294,0
B,MH-002,MH-002_19.590505_80.349676,MH-002,0,0.0369664765894413,0
B,MH-002,MH-002_19.590505_80.349945,MH-002,0,0.033638548105955124,0
B,MH-002,MH-002_19.590505_80.350215,MH-002,0,0.02094818279147148,0
B,MH-002,MH-002_19.590505_80.350484,MH-002,0,0.01618613488972187,0
B,MH-002,MH-002_19.590505_80.350754,MH-002,0,0.013102537952363491,0
B,MH-002,MH-002_19.590505_80.351023,MH-002,0,0.01350864302366972,0
B,MH-002,MH-002_19.590505_80.351293,MH-002,0,0.013768337666988373,0
B,MH-002,MH-002_19.590505_80.352101,MH-002,0,0.010636341758072376,0
B,MH-002,MH-002_19.590505_80.352371,MH-002,0,0.015723489224910736,0
B,MH-002,MH-002_19.590505_80.353988,MH-002,0,0.013019491918385029,0
B,MH-002,MH-002_19.590505_80.354257,MH-002,0,0.011175407096743584,0
B,MH-002,MH-002_19.590505_80.354527,MH-002,0,0.012433324940502644,0
B,MH-002,MH-002_19.590505_80.354796,MH-002,0,0.013596282340586185,0
B,MH-002,MH-002_19.590505_80.355066,MH-002,0,0.015823522582650185,0
B,MH-002,MH-002_19.590505_80.355335,MH-002,0,0.021464526653289795,0
B,MH-002,MH-002_19.590505_80.355605,MH-002,1,0.03870782628655434,0
B,MH-002,MH-002_19.590505_80.355874,MH-002,1,0.04945257678627968,0
B,MH-002,MH-002_19.590505_80.356683,MH-002,0,0.22753101587295532,0
B,MH-002,MH-002_19.590505_80.357491,MH-002,0,0.4073648154735565,1
B,MH-002,MH-002_19.590235_80.334854,MH-002,0,0.1394452154636383,0
B,MH-002,MH-002_19.590235_80.335123,MH-002,0,0.12047155946493149,0
B,MH-002,MH-002_19.590235_80.335393,MH-002,0,0.1133604496717453,0
B,MH-002,MH-002_19.590235_80.335662,MH-002,0,0.1031833067536354,0
B,MH-002,MH-002_19.590235_80.335932,MH-002,0,0.09585657715797424,0
B,MH-002,MH-002_19.590235_80.336201,MH-002,0,0.08407438546419144,0
B,MH-002,MH-002_19.590235_80.336471,MH-002,0,0.07320436090230942,0
B,MH-002,MH-002_19.590235_80.33674,MH-002,0,0.07046065479516983,0
B,MH-002,MH-002_19.590235_80.33701,MH-002,0,0.05000657960772514,0
B,MH-002,MH-002_19.590235_80.337279,MH-002,0,0.053916580975055695,0
B,MH-002,MH-002_19.590235_80.337549,MH-002,0,0.04999084025621414,0
B,MH-002,MH-002_19.590235_80.337818,MH-002,0,0.047623489052057266,0
B,MH-002,MH-002_19.590235_80.338088,MH-002,0,0.04909573867917061,0
B,MH-002,MH-002_19.590235_80.338357,MH-002,0,0.0393606573343277,0
B,MH-002,MH-002_19.590235_80.338627,MH-002,0,0.03150279074907303,0
B,MH-002,MH-002_19.590235_80.338896,MH-002,0,0.022297613322734833,0
B,MH-002,MH-002_19.590235_80.339166,MH-002,0,0.016279475763440132,0
B,MH-002,MH-002_19.590235_80.339435,MH-002,0,0.015532633289694786,0
B,MH-002,MH-002_19.590235_80.339705,MH-002,0,0.01256710197776556,0
B,MH-002,MH-002_19.590235_80.34213,MH-002,0,0.0014922026311978698,0
B,MH-002,MH-002_19.590235_80.342399,MH-002,0,0.0015887869521975517,0
B,MH-002,MH-002_19.590235_80.342669,MH-002,1,0.0009779824176803231,0
B,MH-002,MH-002_19.590235_80.342938,MH-002,0,0.0009640027419663966,0
B,MH-002,MH-002_19.590235_80.343208,MH-002,0,0.0009900809964165092,0
B,MH-002,MH-002_19.590235_80.343747,MH-002,0,0.001583243254572153,0
B,MH-002,MH-002_19.590235_80.344016,MH-002,0,0.0020060092210769653,0
B,MH-002,MH-002_19.590235_80.344286,MH-002,0,0.0028611011803150177,0
B,MH-002,MH-002_19.590235_80.344555,MH-002,0,0.00534794619306922,0
B,MH-002,MH-002_19.590235_80.344825,MH-002,0,0.011306502856314182,0
B,MH-002,MH-002_19.590235_80.345094,MH-002,0,0.016616685315966606,0
B,MH-002,MH-002_19.590235_80.345364,MH-002,0,0.025868183001875877,0
B,MH-002,MH-002_19.590235_80.345633,MH-002,0,0.026040656492114067,0
B,MH-002,MH-002_19.590235_80.345903,MH-002,0,0.03473842144012451,0
B,MH-002,MH-002_19.590235_80.346442,MH-002,0,0.03561025857925415,0
B,MH-002,MH-002_19.590235_80.346711,MH-002,0,0.023122070357203484,0
B,MH-002,MH-002_19.590235_80.34725,MH-002,0,0.014753787778317928,0
B,MH-002,MH-002_19.590235_80.34752,MH-002,0,0.01238490454852581,0
B,MH-002,MH-002_19.590235_80.347789,MH-002,0,0.010017580352723598,0
B,MH-002,MH-002_19.590235_80.348328,MH-002,0,0.01294650323688984,0
B,MH-002,MH-002_19.590235_80.348598,MH-002,0,0.014600555412471294,0
B,MH-002,MH-002_19.590235_80.348867,MH-002,0,0.018835073336958885,0
B,MH-002,MH-002_19.590235_80.349137,MH-002,0,0.022741446271538734,0
B,MH-002,MH-002_19.590235_80.349406,MH-002,0,0.03206293284893036,0
B,MH-002,MH-002_19.590235_80.349676,MH-002,1,0.03132765740156174,0
B,MH-002,MH-002_19.590235_80.349945,MH-002,1,0.03195963054895401,0
B,MH-002,MH-002_19.590235_80.350215,MH-002,0,0.020666511729359627,0
B,MH-002,MH-002_19.590235_80.350484,MH-002,0,0.01746511086821556,0
B,MH-002,MH-002_19.590235_80.350754,MH-002,0,0.014589445665478706,0
B,MH-002,MH-002_19.590235_80.351023,MH-002,0,0.015517708845436573,0
B,MH-002,MH-002_19.590235_80.351293,MH-002,0,0.015823744237422943,0
B,MH-002,MH-002_19.590235_80.351562,MH-002,0,0.01274330448359251,0
B,MH-002,MH-002_19.590235_80.351832,MH-002,0,0.015256923623383045,0
B,MH-002,MH-002_19.590235_80.352101,MH-002,0,0.010952911339700222,0
B,MH-002,MH-002_19.590235_80.352371,MH-002,0,0.015033531934022903,0
B,MH-002,MH-002_19.590235_80.35264,MH-002,0,0.012298834510147572,0
B,MH-002,MH-002_19.590235_80.353988,MH-002,0,0.012301713228225708,0
B,MH-002,MH-002_19.590235_80.354257,MH-002,0,0.01099027507007122,0
B,MH-002,MH-002_19.590235_80.354527,MH-002,0,0.012739465571939945,0
B,MH-002,MH-002_19.590235_80.354796,MH-002,0,0.014830046333372593,0
B,MH-002,MH-002_19.590235_80.355066,MH-002,0,0.01920463889837265,0
B,MH-002,MH-002_19.590235_80.355335,MH-002,0,0.025019453838467598,0
B,MH-002,MH-002_19.590235_80.355605,MH-002,0,0.04349851235747337,0
B,MH-002,MH-002_19.590235_80.355874,MH-002,1,0.056585196405649185,0
B,MH-002,MH-002_19.590235_80.357491,MH-002,0,0.430391788482666,1
B,MH-002,MH-002_19.589966_80.334854,MH-002,0,0.15845663845539093,0
B,MH-002,MH-002_19.589966_80.335123,MH-002,0,0.14279402792453766,0
B,MH-002,MH-002_19.589966_80.335393,MH-002,0,0.13366566598415375,0
B,MH-002,MH-002_19.589966_80.335662,MH-002,0,0.11143692582845688,0
B,MH-002,MH-002_19.589966_80.335932,MH-002,0,0.11190072447061539,0
B,MH-002,MH-002_19.589966_80.336201,MH-002,0,0.10399898141622543,0
B,MH-002,MH-002_19.589966_80.336471,MH-002,0,0.09132665395736694,0
B,MH-002,MH-002_19.589966_80.33674,MH-002,0,0.07832839339971542,0
B,MH-002,MH-002_19.589966_80.33701,MH-002,0,0.06519346684217453,0
B,MH-002,MH-002_19.589966_80.337279,MH-002,0,0.05671919137239456,0
B,MH-002,MH-002_19.589966_80.337549,MH-002,0,0.05840582400560379,0
B,MH-002,MH-002_19.589966_80.337818,MH-002,0,0.05032258853316307,0
B,MH-002,MH-002_19.589966_80.338088,MH-002,0,0.05088798329234123,0
B,MH-002,MH-002_19.589966_80.338357,MH-002,0,0.038298599421978,0
B,MH-002,MH-002_19.589966_80.338627,MH-002,0,0.029572516679763794,0
B,MH-002,MH-002_19.589966_80.338896,MH-002,0,0.025135397911071777,0
B,MH-002,MH-002_19.589966_80.339166,MH-002,0,0.016798771917819977,0
B,MH-002,MH-002_19.589966_80.339435,MH-002,0,0.015064384788274765,0
B,MH-002,MH-002_19.589966_80.339705,MH-002,0,0.01175380777567625,0
B,MH-002,MH-002_19.589966_80.339974,MH-002,0,0.01395085547119379,0
B,MH-002,MH-002_19.589966_80.341052,MH-002,0,0.006762832403182983,0
B,MH-002,MH-002_19.589966_80.341322,MH-002,0,0.005891794804483652,0
B,MH-002,MH-002_19.589966_80.341591,MH-002,0,0.003471615957096219,0
B,MH-002,MH-002_19.589966_80.34213,MH-002,0,0.002588978735730052,0
B,MH-002,MH-002_19.589966_80.342399,MH-002,0,0.002413250505924225,0
B,MH-002,MH-002_19.589966_80.342669,MH-002,0,0.0015436639077961445,0
B,MH-002,MH-002_19.589966_80.342938,MH-002,0,0.001943892682902515,0
B,MH-002,MH-002_19.589966_80.343747,MH-002,1,0.0023775987792760134,0
B,MH-002,MH-002_19.589966_80.344016,MH-002,1,0.00347662135027349,0
B,MH-002,MH-002_19.589966_80.344286,MH-002,1,0.003907520789653063,0
B,MH-002,MH-002_19.589966_80.344555,MH-002,0,0.007457032334059477,0
B,MH-002,MH-002_19.589966_80.344825,MH-002,0,0.009808904491364956,0
B,MH-002,MH-002_19.589966_80.345094,MH-002,0,0.014933976344764233,0
B,MH-002,MH-002_19.589966_80.345364,MH-002,0,0.018008310347795486,0
B,MH-002,MH-002_19.589966_80.345633,MH-002,0,0.019492972642183304,0
B,MH-002,MH-002_19.589966_80.346172,MH-002,0,0.019964247941970825,0
B,MH-002,MH-002_19.589966_80.346442,MH-002,0,0.0259707011282444,0
B,MH-002,MH-002_19.589966_80.346711,MH-002,0,0.019968241453170776,0
B,MH-002,MH-002_19.589966_80.34725,MH-002,0,0.015732672065496445,0
B,MH-002,MH-002_19.589966_80.34752,MH-002,0,0.012428916990756989,0
B,MH-002,MH-002_19.589966_80.347789,MH-002,0,0.011176113039255142,0
B,MH-002,MH-002_19.589966_80.348059,MH-002,0,0.01225549541413784,0
B,MH-002,MH-002_19.589966_80.348328,MH-002,0,0.014356018975377083,0
B,MH-002,MH-002_19.589966_80.348598,MH-002,0,0.014187818393111229,0
B,MH-002,MH-002_19.589966_80.348867,MH-002,0,0.018470609560608864,0
B,MH-002,MH-002_19.589966_80.349137,MH-002,0,0.02022995613515377,0
B,MH-002,MH-002_19.589966_80.349406,MH-002,0,0.024566132575273514,0
B,MH-002,MH-002_19.589966_80.349676,MH-002,1,0.02715771459043026,0
B,MH-002,MH-002_19.589966_80.349945,MH-002,1,0.028316522017121315,0
B,MH-002,MH-002_19.589966_80.350215,MH-002,1,0.019564572721719742,0
B,MH-002,MH-002_19.589966_80.350484,MH-002,0,0.01648380607366562,0
B,MH-002,MH-002_19.589966_80.350754,MH-002,0,0.013893099501729012,0
B,MH-002,MH-002_19.589966_80.351023,MH-002,0,0.014879892580211163,0
B,MH-002,MH-002_19.589966_80.351293,MH-002,0,0.015074907802045345,0
B,MH-002,MH-002_19.589966_80.351562,MH-002,0,0.011734106577932835,0
B,MH-002,MH-002_19.589966_80.351832,MH-002,0,0.01220643613487482,0
B,MH-002,MH-002_19.589966_80.352101,MH-002,0,0.010828403756022453,0
B,MH-002,MH-002_19.589966_80.352371,MH-002,0,0.018443647772073746,0
B,MH-002,MH-002_19.589966_80.35264,MH-002,0,0.01373622752726078,0
B,MH-002,MH-002_19.589966_80.35291,MH-002,0,0.01470282580703497,0
B,MH-002,MH-002_19.589966_80.353718,MH-002,0,0.012732360512018204,0
B,MH-002,MH-002_19.589966_80.353988,MH-002,0,0.014731284230947495,0
B,MH-002,MH-002_19.589966_80.354257,MH-002,0,0.012822306714951992,0
B,MH-002,MH-002_19.589966_80.354527,MH-002,0,0.015877673402428627,0
B,MH-002,MH-002_19.589966_80.354796,MH-002,0,0.016000833362340927,0
B,MH-002,MH-002_19.589966_80.355066,MH-002,0,0.02272213064134121,0
B,MH-002,MH-002_19.589966_80.355335,MH-002,0,0.029593611136078835,0
B,MH-002,MH-002_19.589966_80.355605,MH-002,0,0.047104816883802414,0
B,MH-002,MH-002_19.589966_80.357491,MH-002,0,0.42202356457710266,1
B,MH-002,MH-002_19.589696_80.334854,MH-002,0,0.15909577906131744,0
B,MH-002,MH-002_19.589696_80.335123,MH-002,0,0.15544000267982483,0
B,MH-002,MH-002_19.589696_80.335393,MH-002,0,0.14083661139011383,0
B,MH-002,MH-002_19.589696_80.335662,MH-002,0,0.13252751529216766,0
B,MH-002,MH-002_19.589696_80.335932,MH-002,0,0.12499049305915833,0
B,MH-002,MH-002_19.589696_80.336201,MH-002,0,0.12436533719301224,0
B,MH-002,MH-002_19.589696_80.336471,MH-002,0,0.11469462513923645,0
B,MH-002,MH-002_19.589696_80.33674,MH-002,0,0.10263218730688095,0
B,MH-002,MH-002_19.589696_80.33701,MH-002,0,0.0789945125579834,0
B,MH-002,MH-002_19.589696_80.337279,MH-002,0,0.06529632955789566,0
B,MH-002,MH-002_19.589696_80.337549,MH-002,0,0.06157846003770828,0
B,MH-002,MH-002_19.589696_80.337818,MH-002,0,0.05870095640420914,0
B,MH-002,MH-002_19.589696_80.338088,MH-002,0,0.05615384876728058,0
B,MH-002,MH-002_19.589696_80.338357,MH-002,0,0.046390600502491,0
B,MH-002,MH-002_19.589696_80.338627,MH-002,0,0.03603293374180794,0
B,MH-002,MH-002_19.589696_80.338896,MH-002,0,0.029091477394104004,0
B,MH-002,MH-002_19.589696_80.339166,MH-002,0,0.024385035037994385,0
B,MH-002,MH-002_19.589696_80.339435,MH-002,0,0.01988915726542473,0
B,MH-002,MH-002_19.589696_80.339705,MH-002,0,0.01801200397312641,0
B,MH-002,MH-002_19.589696_80.339974,MH-002,0,0.018702197819948196,0
B,MH-002,MH-002_19.589696_80.340244,MH-002,0,0.01973022148013115,0
B,MH-002,MH-002_19.589696_80.341052,MH-002,0,0.009620108641684055,0
B,MH-002,MH-002_19.589696_80.341322,MH-002,0,0.006422443315386772,0
B,MH-002,MH-002_19.589696_80.341591,MH-002,0,0.005780128762125969,0
B,MH-002,MH-002_19.589696_80.34186,MH-002,0,0.005800364539027214,0
B,MH-002,MH-002_19.589696_80.34213,MH-002,0,0.004698534961789846,0
B,MH-002,MH-002_19.589696_80.342399,MH-002,1,0.00395414512604475,0
B,MH-002,MH-002_19.589696_80.342669,MH-002,0,0.0036111786030232906,0
B,MH-002,MH-002_19.589696_80.342938,MH-002,0,0.003751124022528529,0
B,MH-002,MH-002_19.589696_80.343477,MH-002,0,0.0033747435081750154,0
B,MH-002,MH-002_19.589696_80.343747,MH-002,1,0.0035732125397771597,0
B,MH-002,MH-002_19.589696_80.344016,MH-002,0,0.004556537605822086,0
B,MH-002,MH-002_19.589696_80.344286,MH-002,0,0.004526323638856411,0
B,MH-002,MH-002_19.589696_80.344555,MH-002,0,0.0074514648877084255,0
B,MH-002,MH-002_19.589696_80.344825,MH-002,0,0.010065559297800064,0
B,MH-002,MH-002_19.589696_80.345094,MH-002,0,0.013108236715197563,0
B,MH-002,MH-002_19.589696_80.346442,MH-002,0,0.016281630843877792,0
B,MH-002,MH-002_19.589696_80.346711,MH-002,0,0.015165827237069607,0
B,MH-002,MH-002_19.589696_80.348059,MH-002,0,0.008929603733122349,0
B,MH-002,MH-002_19.589696_80.348328,MH-002,0,0.009658820927143097,0
B,MH-002,MH-002_19.589696_80.348598,MH-002,0,0.009417222812771797,0
B,MH-002,MH-002_19.589696_80.348867,MH-002,0,0.013021139428019524,0
B,MH-002,MH-002_19.589696_80.349137,MH-002,0,0.014289775863289833,0
B,MH-002,MH-002_19.589696_80.349406,MH-002,0,0.017415015026926994,0
B,MH-002,MH-002_19.589696_80.349676,MH-002,1,0.019543226808309555,0
B,MH-002,MH-002_19.589696_80.349945,MH-002,1,0.02165551856160164,0
B,MH-002,MH-002_19.589696_80.350215,MH-002,0,0.01520143635571003,0
B,MH-002,MH-002_19.589696_80.350484,MH-002,0,0.015122850425541401,0
B,MH-002,MH-002_19.589696_80.350754,MH-002,0,0.012238254770636559,0
B,MH-002,MH-002_19.589696_80.351023,MH-002,0,0.012719834223389626,0
B,MH-002,MH-002_19.589696_80.351293,MH-002,0,0.01297715213149786,0
B,MH-002,MH-002_19.589696_80.351562,MH-002,0,0.012096880935132504,0
B,MH-002,MH-002_19.589696_80.351832,MH-002,0,0.01214795932173729,0
B,MH-002,MH-002_19.589696_80.352101,MH-002,0,0.011093227192759514,0
B,MH-002,MH-002_19.589696_80.352371,MH-002,0,0.015542129054665565,0
B,MH-002,MH-002_19.589696_80.35264,MH-002,0,0.016768280416727066,0
B,MH-002,MH-002_19.589696_80.35291,MH-002,0,0.014507983811199665,0
B,MH-002,MH-002_19.589696_80.353718,MH-002,0,0.014823993667960167,0
B,MH-002,MH-002_19.589696_80.353988,MH-002,0,0.015664104372262955,0
B,MH-002,MH-002_19.589696_80.354257,MH-002,0,0.01677294261753559,0
B,MH-002,MH-002_19.589696_80.354527,MH-002,0,0.01993418112397194,0
B,MH-002,MH-002_19.589696_80.354796,MH-002,0,0.021266499534249306,0
B,MH-002,MH-002_19.589696_80.355066,MH-002,0,0.02759609743952751,0
B,MH-002,MH-002_19.589696_80.355335,MH-002,0,0.038527730852365494,0
B,MH-002,MH-002_19.589427_80.334854,MH-002,0,0.16634739935398102,0
B,MH-002,MH-002_19.589427_80.335123,MH-002,0,0.14663231372833252,0
B,MH-002,MH-002_19.589427_80.335393,MH-002,0,0.1394226998090744,0
B,MH-002,MH-002_19.589427_80.335662,MH-002,0,0.13618744909763336,0
B,MH-002,MH-002_19.589427_80.335932,MH-002,0,0.1262238323688507,0
B,MH-002,MH-002_19.589427_80.336201,MH-002,0,0.12403491139411926,0
B,MH-002,MH-002_19.589427_80.336471,MH-002,0,0.13025106489658356,0
B,MH-002,MH-002_19.589427_80.33674,MH-002,0,0.11209779232740402,0
B,MH-002,MH-002_19.589427_80.33701,MH-002,0,0.0899401381611824,0
B,MH-002,MH-002_19.589427_80.337279,MH-002,0,0.0735044926404953,0
B,MH-002,MH-002_19.589427_80.337549,MH-002,0,0.0634685605764389,0
B,MH-002,MH-002_19.589427_80.337818,MH-002,0,0.05594830587506294,0
B,MH-002,MH-002_19.589427_80.338088,MH-002,0,0.05344283953309059,0
B,MH-002,MH-002_19.589427_80.338357,MH-002,0,0.047383323311805725,0
B,MH-002,MH-002_19.589427_80.338627,MH-002,0,0.038855090737342834,0
B,MH-002,MH-002_19.589427_80.338896,MH-002,0,0.031214062124490738,0
B,MH-002,MH-002_19.589427_80.339166,MH-002,0,0.024532459676265717,0
B,MH-002,MH-002_19.589427_80.339435,MH-002,0,0.02164972573518753,0
B,MH-002,MH-002_19.589427_80.339705,MH-002,0,0.016645312309265137,0
B,MH-002,MH-002_19.589427_80.339974,MH-002,0,0.01693626493215561,0
B,MH-002,MH-002_19.589427_80.340244,MH-002,0,0.014685648493468761,0
B,MH-002,MH-002_19.589427_80.340513,MH-002,0,0.012463937513530254,0
B,MH-002,MH-002_19.589427_80.341322,MH-002,0,0.006926458794623613,0
B,MH-002,MH-002_19.589427_80.341591,MH-002,0,0.004945584572851658,0
B,MH-002,MH-002_19.589427_80.34186,MH-002,0,0.004163552541285753,0
B,MH-002,MH-002_19.589427_80.34213,MH-002,0,0.0028813739772886038,0
B,MH-002,MH-002_19.589427_80.342399,MH-002,0,0.003156114835292101,0
B,MH-002,MH-002_19.589427_80.342669,MH-002,0,0.0025994947645813227,0
B,MH-002,MH-002_19.589427_80.343208,MH-002,0,0.002173658460378647,0
B,MH-002,MH-002_19.589427_80.343477,MH-002,0,0.002664020052179694,0
B,MH-002,MH-002_19.589427_80.343747,MH-002,0,0.002903911517933011,0
B,MH-002,MH-002_19.589427_80.344016,MH-002,0,0.0038103540427982807,0
B,MH-002,MH-002_19.589427_80.345364,MH-002,0,0.013194287195801735,0
B,MH-002,MH-002_19.589427_80.345633,MH-002,0,0.01219771709293127,0
B,MH-002,MH-002_19.589427_80.345903,MH-002,0,0.01178200077265501,0
B,MH-002,MH-002_19.589427_80.346172,MH-002,0,0.010234415531158447,0
B,MH-002,MH-002_19.589427_80.346711,MH-002,0,0.010389569215476513,0
B,MH-002,MH-002_19.589427_80.348328,MH-002,0,0.009856509044766426,0
B,MH-002,MH-002_19.589427_80.348598,MH-002,0,0.009910520166158676,0
B,MH-002,MH-002_19.589427_80.348867,MH-002,0,0.01254952885210514,0
B,MH-002,MH-002_19.589427_80.349137,MH-002,0,0.012977163307368755,0
B,MH-002,MH-002_19.589427_80.349406,MH-002,0,0.015996240079402924,0
B,MH-002,MH-002_19.589427_80.349676,MH-002,0,0.01892373338341713,0
B,MH-002,MH-002_19.589427_80.349945,MH-002,0,0.020433377474546432,0
B,MH-002,MH-002_19.589427_80.350215,MH-002,0,0.015817293897271156,0
B,MH-002,MH-002_19.589427_80.350484,MH-002,0,0.014834276400506496,0
B,MH-002,MH-002_19.589427_80.350754,MH-002,0,0.013157305307686329,0
B,MH-002,MH-002_19.589427_80.351023,MH-002,0,0.014331263490021229,0
B,MH-002,MH-002_19.589427_80.351293,MH-002,0,0.014576761983335018,0
B,MH-002,MH-002_19.589427_80.351562,MH-002,0,0.013266706839203835,0
B,MH-002,MH-002_19.589427_80.351832,MH-002,0,0.012911730445921421,0
B,MH-002,MH-002_19.589427_80.352101,MH-002,0,0.017000434920191765,0
B,MH-002,MH-002_19.589427_80.352371,MH-002,0,0.018899040296673775,0
B,MH-002,MH-002_19.589427_80.35264,MH-002,0,0.01950649917125702,0
B,MH-002,MH-002_19.589427_80.35291,MH-002,0,0.019144589081406593,0
B,MH-002,MH-002_19.589427_80.353988,MH-002,0,0.02681499905884266,0
B,MH-002,MH-002_19.589427_80.354257,MH-002,0,0.023701980710029602,0
B,MH-002,MH-002_19.589427_80.354527,MH-002,0,0.03217079117894173,0
B,MH-002,MH-002_19.589427_80.354796,MH-002,0,0.03391261398792267,0
B,MH-002,MH-002_19.589427_80.355066,MH-002,0,0.04344125837087631,0
B,MH-002,MH-002_19.589427_80.355335,MH-002,0,0.051259059458971024,0
B,MH-002,MH-002_19.589157_80.334854,MH-002,0,0.14855815470218658,0
B,MH-002,MH-002_19.589157_80.335123,MH-002,0,0.13338080048561096,0
B,MH-002,MH-002_19.589157_80.335393,MH-002,0,0.13400112092494965,0
B,MH-002,MH-002_19.589157_80.335662,MH-002,0,0.1201191321015358,0
B,MH-002,MH-002_19.589157_80.335932,MH-002,0,0.11168282479047775,0
B,MH-002,MH-002_19.589157_80.336201,MH-002,0,0.11446218937635422,0
B,MH-002,MH-002_19.589157_80.336471,MH-002,0,0.11156386137008667,0
B,MH-002,MH-002_19.589157_80.33674,MH-002,0,0.11201777309179306,0
B,MH-002,MH-002_19.589157_80.33701,MH-002,0,0.08874300867319107,0
B,MH-002,MH-002_19.589157_80.337279,MH-002,0,0.08512304723262787,0
B,MH-002,MH-002_19.589157_80.337549,MH-002,0,0.06342849135398865,0
B,MH-002,MH-002_19.589157_80.337818,MH-002,0,0.06353416293859482,0
B,MH-002,MH-002_19.589157_80.338088,MH-002,0,0.05835706740617752,0
B,MH-002,MH-002_19.589157_80.338357,MH-002,0,0.05698622763156891,0
B,MH-002,MH-002_19.589157_80.338627,MH-002,0,0.04117930680513382,0
B,MH-002,MH-002_19.589157_80.338896,MH-002,0,0.037070438265800476,0
B,MH-002,MH-002_19.589157_80.339166,MH-002,0,0.03520193696022034,0
B,MH-002,MH-002_19.589157_80.339435,MH-002,0,0.02919817343354225,0
B,MH-002,MH-002_19.589157_80.339705,MH-002,0,0.01934795454144478,0
B,MH-002,MH-002_19.589157_80.339974,MH-002,0,0.018617937341332436,0
B,MH-002,MH-002_19.589157_80.340244,MH-002,0,0.015199444256722927,0
B,MH-002,MH-002_19.589157_80.340513,MH-002,0,0.01332625187933445,0
B,MH-002,MH-002_19.589157_80.341322,MH-002,0,0.0060758744366467,0
B,MH-002,MH-002_19.589157_80.341591,MH-002,0,0.005018687341362238,0
B,MH-002,MH-002_19.589157_80.34186,MH-002,0,0.004208983387798071,0
B,MH-002,MH-002_19.589157_80.34213,MH-002,0,0.0032006404362618923,0
B,MH-002,MH-002_19.589157_80.342399,MH-002,0,0.0033589161466807127,0
B,MH-002,MH-002_19.589157_80.342669,MH-002,1,0.0034262544941157103,0
B,MH-002,MH-002_19.589157_80.343208,MH-002,0,0.0025286085437983274,0
B,MH-002,MH-002_19.589157_80.343477,MH-002,0,0.0032042162492871284,0
B,MH-002,MH-002_19.589157_80.343747,MH-002,0,0.0029719846788793802,0
B,MH-002,MH-002_19.589157_80.344555,MH-002,0,0.006115516647696495,0
B,MH-002,MH-002_19.589157_80.344825,MH-002,0,0.009139155969023705,0
B,MH-002,MH-002_19.589157_80.345094,MH-002,0,0.012448322959244251,0
B,MH-002,MH-002_19.589157_80.345364,MH-002,0,0.012756160460412502,0
B,MH-002,MH-002_19.589157_80.345633,MH-002,0,0.013406560756266117,0
B,MH-002,MH-002_19.589157_80.345903,MH-002,0,0.011804823763668537,0
B,MH-002,MH-002_19.589157_80.346172,MH-002,0,0.01226167380809784,0
B,MH-002,MH-002_19.589157_80.348328,MH-002,0,0.01418637577444315,0
B,MH-002,MH-002_19.589157_80.348598,MH-002,0,0.01363775972276926,0
B,MH-002,MH-002_19.589157_80.348867,MH-002,0,0.014882701449096203,0
B,MH-002,MH-002_19.589157_80.349137,MH-002,0,0.01623256504535675,0
B,MH-002,MH-002_19.589157_80.349406,MH-002,0,0.018276281654834747,0
B,MH-002,MH-002_19.589157_80.349676,MH-002,0,0.019885137677192688,0
B,MH-002,MH-002_19.589157_80.349945,MH-002,0,0.019932612776756287,0
B,MH-002,MH-002_19.589157_80.350215,MH-002,0,0.01732194796204567,0
B,MH-002,MH-002_19.589157_80.350484,MH-002,0,0.01708792895078659,0
B,MH-002,MH-002_19.589157_80.350754,MH-002,0,0.016073692589998245,0
B,MH-002,MH-002_19.589157_80.351023,MH-002,0,0.015625933185219765,0
B,MH-002,MH-002_19.589157_80.351293,MH-002,0,0.015346177853643894,0
B,MH-002,MH-002_19.589157_80.351562,MH-002,0,0.013551627285778522,0
B,MH-002,MH-002_19.589157_80.351832,MH-002,0,0.01794987916946411,0
B,MH-002,MH-002_19.589157_80.352101,MH-002,0,0.017625611275434494,0
B,MH-002,MH-002_19.589157_80.352371,MH-002,0,0.022916873916983604,0
B,MH-002,MH-002_19.589157_80.35264,MH-002,0,0.022224023938179016,0
B,MH-002,MH-002_19.589157_80.35291,MH-002,1,0.023179374635219574,0
B,MH-002,MH-002_19.589157_80.353988,MH-002,0,0.034339796751737595,0
B,MH-002,MH-002_19.589157_80.354257,MH-002,0,0.034173864871263504,0
B,MH-002,MH-002_19.589157_80.354527,MH-002,0,0.04448110982775688,0
B,MH-002,MH-002_19.589157_80.354796,MH-002,0,0.06451840698719025,0
B,MH-002,MH-002_19.589157_80.355066,MH-002,0,0.09206021577119827,0
B,MH-002,MH-002_19.588888_80.334854,MH-002,0,0.14301353693008423,0
B,MH-002,MH-002_19.588888_80.335123,MH-002,0,0.14075790345668793,0
B,MH-002,MH-002_19.588888_80.335393,MH-002,0,0.1369091421365738,0
B,MH-002,MH-002_19.588888_80.335662,MH-002,0,0.13341502845287323,0
B,MH-002,MH-002_19.588888_80.335932,MH-002,0,0.12316533923149109,0
B,MH-002,MH-002_19.588888_80.336201,MH-002,0,0.11032562702894211,0
B,MH-002,MH-002_19.588888_80.336471,MH-002,0,0.11293379217386246,0
B,MH-002,MH-002_19.588888_80.33674,MH-002,0,0.10878529399633408,0
B,MH-002,MH-002_19.588888_80.33701,MH-002,0,0.09099150449037552,0
B,MH-002,MH-002_19.588888_80.337279,MH-002,0,0.08089297264814377,0
B,MH-002,MH-002_19.588888_80.337549,MH-002,0,0.06413856148719788,0
B,MH-002,MH-002_19.588888_80.337818,MH-002,0,0.06556978821754456,0
B,MH-002,MH-002_19.588888_80.338088,MH-002,0,0.06033755838871002,0
B,MH-002,MH-002_19.588888_80.338357,MH-002,0,0.05804569646716118,0
B,MH-002,MH-002_19.588888_80.338627,MH-002,0,0.04511990398168564,0
B,MH-002,MH-002_19.588888_80.338896,MH-002,0,0.04042617976665497,0
B,MH-002,MH-002_19.588888_80.339166,MH-002,0,0.03906746208667755,0
B,MH-002,MH-002_19.588888_80.339435,MH-002,0,0.03523142263293266,0
B,MH-002,MH-002_19.588888_80.339705,MH-002,0,0.028619680553674698,0
B,MH-002,MH-002_19.588888_80.339974,MH-002,0,0.02709457464516163,0
B,MH-002,MH-002_19.588888_80.340244,MH-002,0,0.021288946270942688,0
B,MH-002,MH-002_19.588888_80.340513,MH-002,0,0.01424485258758068,0
B,MH-002,MH-002_19.588888_80.340783,MH-002,0,0.010060619562864304,0
B,MH-002,MH-002_19.588888_80.341322,MH-002,0,0.006260675378143787,0
B,MH-002,MH-002_19.588888_80.341591,MH-002,0,0.004128472879528999,0
B,MH-002,MH-002_19.588888_80.34186,MH-002,0,0.0036279817577451468,0
B,MH-002,MH-002_19.588888_80.34213,MH-002,0,0.00311634736135602,0
B,MH-002,MH-002_19.588888_80.342399,MH-002,0,0.002943321829661727,0
B,MH-002,MH-002_19.588888_80.342669,MH-002,0,0.0022195966448634863,0
B,MH-002,MH-002_19.588888_80.343208,MH-002,0,0.0013979277573525906,0
B,MH-002,MH-002_19.588888_80.343477,MH-002,0,0.0019843687769025564,0
B,MH-002,MH-002_19.588888_80.343747,MH-002,0,0.002257175976410508,0
B,MH-002,MH-002_19.588888_80.344286,MH-002,0,0.004003041423857212,0
B,MH-002,MH-002_19.588888_80.344555,MH-002,0,0.005917289759963751,0
B,MH-002,MH-002_19.588888_80.344825,MH-002,0,0.008363083004951477,0
B,MH-002,MH-002_19.588888_80.345094,MH-002,0,0.010607977397739887,0
B,MH-002,MH-002_19.588888_80.345364,MH-002,0,0.011588292196393013,0
B,MH-002,MH-002_19.588888_80.345633,MH-002,0,0.009632524102926254,0
B,MH-002,MH-002_19.588888_80.345903,MH-002,0,0.009899545460939407,0
B,MH-002,MH-002_19.588888_80.346172,MH-002,0,0.011094623245298862,0
B,MH-002,MH-002_19.588888_80.34752,MH-002,0,0.010909652337431908,0
B,MH-002,MH-002_19.588888_80.348059,MH-002,0,0.015656372532248497,0
B,MH-002,MH-002_19.588888_80.348328,MH-002,0,0.02187206782400608,0
B,MH-002,MH-002_19.588888_80.348598,MH-002,0,0.021344874054193497,0
B,MH-002,MH-002_19.588888_80.348867,MH-002,0,0.021964270621538162,0
B,MH-002,MH-002_19.588888_80.349137,MH-002,0,0.025147482752799988,0
B,MH-002,MH-002_19.588888_80.349406,MH-002,0,0.025273870676755905,0
B,MH-002,MH-002_19.588888_80.349676,MH-002,0,0.026248347014188766,0
B,MH-002,MH-002_19.588888_80.349945,MH-002,0,0.02491961605846882,0
B,MH-002,MH-002_19.588888_80.350215,MH-002,0,0.020308608189225197,0
B,MH-002,MH-002_19.588888_80.350484,MH-002,0,0.01892666332423687,0
B,MH-002,MH-002_19.588888_80.350754,MH-002,0,0.016148803755640984,0
B,MH-002,MH-002_19.588888_80.351023,MH-002,0,0.01608201302587986,0
B,MH-002,MH-002_19.588888_80.351293,MH-002,0,0.015617795288562775,0
B,MH-002,MH-002_19.588888_80.351562,MH-002,0,0.015013718977570534,0
B,MH-002,MH-002_19.588888_80.351832,MH-002,0,0.017440572381019592,0
B,MH-002,MH-002_19.588888_80.352101,MH-002,0,0.02287464216351509,0
B,MH-002,MH-002_19.588888_80.352371,MH-002,0,0.027924446389079094,0
B,MH-002,MH-002_19.588888_80.35264,MH-002,0,0.034541599452495575,0
B,MH-002,MH-002_19.588888_80.35291,MH-002,0,0.04032791405916214,0
B,MH-002,MH-002_19.588888_80.353179,MH-002,1,0.04404545575380325,0
B,MH-002,MH-002_19.588888_80.354257,MH-002,0,0.07011809200048447,0
B,MH-002,MH-002_19.588888_80.354527,MH-002,0,0.09853747487068176,0
B,MH-002,MH-002_19.588888_80.354796,MH-002,0,0.15418216586112976,0
B,MH-002,MH-002_19.588618_80.334854,MH-002,0,0.1262684166431427,0
B,MH-002,MH-002_19.588618_80.335123,MH-002,0,0.13194598257541656,0
B,MH-002,MH-002_19.588618_80.335393,MH-002,0,0.13138586282730103,0
B,MH-002,MH-002_19.588618_80.335662,MH-002,0,0.12128134816884995,0
B,MH-002,MH-002_19.588618_80.335932,MH-002,0,0.11991625279188156,0
B,MH-002,MH-002_19.588618_80.336201,MH-002,0,0.12113644927740097,0
B,MH-002,MH-002_19.588618_80.336471,MH-002,0,0.12715697288513184,0
B,MH-002,MH-002_19.588618_80.33674,MH-002,0,0.12294943630695343,0
B,MH-002,MH-002_19.588618_80.33701,MH-002,0,0.10099582374095917,0
B,MH-002,MH-002_19.588618_80.337279,MH-002,0,0.08830583840608597,0
B,MH-002,MH-002_19.588618_80.337549,MH-002,0,0.07324797660112381,0
B,MH-002,MH-002_19.588618_80.337818,MH-002,0,0.06898705661296844,0
B,MH-002,MH-002_19.588618_80.338088,MH-002,0,0.06935987621545792,0
B,MH-002,MH-002_19.588618_80.338357,MH-002,0,0.06409952044487,0
B,MH-002,MH-002_19.588618_80.338627,MH-002,0,0.052812568843364716,0
B,MH-002,MH-002_19.588618_80.338896,MH-002,0,0.05064351111650467,0
B,MH-002,MH-002_19.588618_80.339166,MH-002,0,0.05234977975487709,0
B,MH-002,MH-002_19.588618_80.339435,MH-002,0,0.045565057545900345,0
B,MH-002,MH-002_19.588618_80.339705,MH-002,0,0.039095189422369,0
B,MH-002,MH-002_19.588618_80.339974,MH-002,0,0.03358134254813194,0
B,MH-002,MH-002_19.588618_80.340244,MH-002,0,0.02878144010901451,0
B,MH-002,MH-002_19.588618_80.340513,MH-002,0,0.024883873760700226,0
B,MH-002,MH-002_19.588618_80.340783,MH-002,0,0.018414657562971115,0
B,MH-002,MH-002_19.588618_80.341591,MH-002,0,0.005862341728061438,0
B,MH-002,MH-002_19.588618_80.34213,MH-002,0,0.0037241510581225157,0
B,MH-002,MH-002_19.588618_80.342399,MH-002,0,0.0034697442315518856,0
B,MH-002,MH-002_19.588618_80.342669,MH-002,0,0.0029116743244230747,0
B,MH-002,MH-002_19.588618_80.343477,MH-002,0,0.002562342444434762,0
B,MH-002,MH-002_19.588618_80.343747,MH-002,0,0.002489614998921752,0
B,MH-002,MH-002_19.588618_80.344286,MH-002,0,0.004586495459079742,0
B,MH-002,MH-002_19.588618_80.344555,MH-002,0,0.005244674626737833,0
B,MH-002,MH-002_19.588618_80.344825,MH-002,0,0.00816627312451601,0
B,MH-002,MH-002_19.588618_80.345094,MH-002,0,0.011488832533359528,0
B,MH-002,MH-002_19.588618_80.345364,MH-002,0,0.011042162775993347,0
B,MH-002,MH-002_19.588618_80.345633,MH-002,0,0.009037187322974205,0
B,MH-002,MH-002_19.588618_80.345903,MH-002,0,0.010759903118014336,0
B,MH-002,MH-002_19.588618_80.346172,MH-002,0,0.013212361373007298,0
B,MH-002,MH-002_19.588618_80.347789,MH-002,0,0.017426881939172745,0
B,MH-002,MH-002_19.588618_80.348059,MH-002,0,0.02135475166141987,0
B,MH-002,MH-002_19.588618_80.348328,MH-002,0,0.031155766919255257,0
B,MH-002,MH-002_19.588618_80.348598,MH-002,0,0.033727485686540604,0
B,MH-002,MH-002_19.588618_80.348867,MH-002,0,0.03341254964470863,0
B,MH-002,MH-002_19.588618_80.349137,MH-002,0,0.03203060105443001,0
B,MH-002,MH-002_19.588618_80.349406,MH-002,0,0.028898606076836586,0
B,MH-002,MH-002_19.588618_80.349676,MH-002,0,0.028405282646417618,0
B,MH-002,MH-002_19.588618_80.349945,MH-002,0,0.028411518782377243,0
B,MH-002,MH-002_19.588618_80.350215,MH-002,0,0.022698787972331047,0
B,MH-002,MH-002_19.588618_80.350484,MH-002,0,0.02380935288965702,0
B,MH-002,MH-002_19.588618_80.350754,MH-002,0,0.021200262010097504,0
B,MH-002,MH-002_19.588618_80.351023,MH-002,0,0.020018210634589195,0
B,MH-002,MH-002_19.588618_80.351293,MH-002,0,0.01861509680747986,0
B,MH-002,MH-002_19.588618_80.351562,MH-002,0,0.020318077877163887,0
B,MH-002,MH-002_19.588618_80.351832,MH-002,0,0.023067466914653778,0
B,MH-002,MH-002_19.588618_80.352101,MH-002,0,0.0292586050927639,0
B,MH-002,MH-002_19.588618_80.352371,MH-002,0,0.03723258897662163,0
B,MH-002,MH-002_19.588618_80.35264,MH-002,0,0.058507416397333145,0
B,MH-002,MH-002_19.588618_80.35291,MH-002,0,0.0624503530561924,0
B,MH-002,MH-002_19.588618_80.353179,MH-002,0,0.08746999502182007,0
B,MH-002,MH-002_19.588618_80.354257,MH-002,0,0.1356896162033081,0
B,MH-002,MH-002_19.588618_80.354527,MH-002,0,0.17899593710899353,0
B,MH-002,MH-002_19.588618_80.354796,MH-002,0,0.24513216316699982,0
B,MH-002,MH-002_19.588349_80.335123,MH-002,0,0.12001585215330124,0
B,MH-002,MH-002_19.588349_80.335393,MH-002,0,0.12271954119205475,0
B,MH-002,MH-002_19.588349_80.335662,MH-002,0,0.126360222697258,0
B,MH-002,MH-002_19.588349_80.335932,MH-002,0,0.1350533664226532,0
B,MH-002,MH-002_19.588349_80.336201,MH-002,0,0.12579111754894257,0
B,MH-002,MH-002_19.588349_80.336471,MH-002,0,0.1435212790966034,0
B,MH-002,MH-002_19.588349_80.33674,MH-002,0,0.1311701387166977,0
B,MH-002,MH-002_19.588349_80.33701,MH-002,0,0.11115310341119766,0
B,MH-002,MH-002_19.588349_80.337279,MH-002,0,0.09546591341495514,0
B,MH-002,MH-002_19.588349_80.337549,MH-002,0,0.08156798034906387,0
B,MH-002,MH-002_19.588349_80.337818,MH-002,0,0.07960300892591476,0
B,MH-002,MH-002_19.588349_80.338088,MH-002,0,0.07381800562143326,0
B,MH-002,MH-002_19.588349_80.338357,MH-002,0,0.06594812124967575,0
B,MH-002,MH-002_19.588349_80.338627,MH-002,0,0.05804426223039627,0
B,MH-002,MH-002_19.588349_80.338896,MH-002,0,0.05579080432653427,0
B,MH-002,MH-002_19.588349_80.339166,MH-002,0,0.06050969287753105,0
B,MH-002,MH-002_19.588349_80.339435,MH-002,0,0.053294070065021515,0
B,MH-002,MH-002_19.588349_80.339705,MH-002,0,0.049186792224645615,0
B,MH-002,MH-002_19.588349_80.339974,MH-002,0,0.04453236237168312,0
B,MH-002,MH-002_19.588349_80.340244,MH-002,0,0.045870229601860046,0
B,MH-002,MH-002_19.588349_80.340513,MH-002,0,0.043629229068756104,0
B,MH-002,MH-002_19.588349_80.340783,MH-002,0,0.036422248929739,0
B,MH-002,MH-002_19.588349_80.34186,MH-002,0,0.007281232625246048,0
B,MH-002,MH-002_19.588349_80.34213,MH-002,0,0.005074178799986839,0
B,MH-002,MH-002_19.588349_80.342399,MH-002,0,0.003568465355783701,0
B,MH-002,MH-002_19.588349_80.342669,MH-002,0,0.003038898343220353,0
B,MH-002,MH-002_19.588349_80.342938,MH-002,0,0.002258559688925743,0
B,MH-002,MH-002_19.588349_80.344286,MH-002,0,0.0036002607084810734,0
B,MH-002,MH-002_19.588349_80.344555,MH-002,0,0.0049772015772759914,0
B,MH-002,MH-002_19.588349_80.345364,MH-002,0,0.008788682520389557,0
B,MH-002,MH-002_19.588349_80.345633,MH-002,1,0.009083238430321217,0
B,MH-002,MH-002_19.588349_80.345903,MH-002,0,0.010979934595525265,0
B,MH-002,MH-002_19.588349_80.346172,MH-002,0,0.013807359151542187,0
B,MH-002,MH-002_19.588349_80.348328,MH-002,0,0.023373791947960854,0
B,MH-002,MH-002_19.588349_80.348598,MH-002,0,0.03551750257611275,0
B,MH-002,MH-002_19.588349_80.348867,MH-002,0,0.042305730283260345,0
B,MH-002,MH-002_19.588349_80.349137,MH-002,0,0.0415465272963047,0
B,MH-002,MH-002_19.588349_80.349406,MH-002,0,0.03256743401288986,0
B,MH-002,MH-002_19.588349_80.349676,MH-002,0,0.0322265587747097,0
B,MH-002,MH-002_19.588349_80.349945,MH-002,0,0.030114671215415,0
B,MH-002,MH-002_19.588349_80.350215,MH-002,0,0.027249958366155624,0
B,MH-002,MH-002_19.588349_80.350484,MH-002,0,0.02878129482269287,0
B,MH-002,MH-002_19.588349_80.350754,MH-002,0,0.026093225926160812,0
B,MH-002,MH-002_19.588349_80.351023,MH-002,0,0.02406979538500309,0
B,MH-002,MH-002_19.588349_80.351293,MH-002,0,0.02210894413292408,0
B,MH-002,MH-002_19.588349_80.351562,MH-002,0,0.02450977824628353,0
B,MH-002,MH-002_19.588349_80.351832,MH-002,0,0.028677495196461678,0
B,MH-002,MH-002_19.588349_80.352101,MH-002,0,0.04121016338467598,0
B,MH-002,MH-002_19.588349_80.352371,MH-002,0,0.05567781254649162,0
B,MH-002,MH-002_19.588349_80.35264,MH-002,0,0.08659560978412628,0
B,MH-002,MH-002_19.588349_80.35291,MH-002,0,0.10669511556625366,0
B,MH-002,MH-002_19.588349_80.353179,MH-002,0,0.11505607515573502,0
B,MH-002,MH-002_19.588349_80.354257,MH-002,0,0.18999315798282623,0
B,MH-002,MH-002_19.588349_80.354527,MH-002,0,0.28476256132125854,1
B,MH-002,MH-002_19.588079_80.335393,MH-002,0,0.11425752192735672,0
B,MH-002,MH-002_19.588079_80.335932,MH-002,0,0.12403520196676254,0
B,MH-002,MH-002_19.588079_80.337818,MH-002,0,0.08439376950263977,0
B,MH-002,MH-002_19.588079_80.338088,MH-002,0,0.08175615221261978,0
B,MH-002,MH-002_19.588079_80.338357,MH-002,0,0.07059358060359955,0
B,MH-002,MH-002_19.588079_80.338627,MH-002,0,0.06498337537050247,0
B,MH-002,MH-002_19.588079_80.338896,MH-002,0,0.06135179102420807,0
B,MH-002,MH-002_19.588079_80.339166,MH-002,0,0.06639359891414642,0
B,MH-002,MH-002_19.588079_80.339435,MH-002,0,0.06005462631583214,0
B,MH-002,MH-002_19.588079_80.339705,MH-002,0,0.06229240447282791,0
B,MH-002,MH-002_19.588079_80.339974,MH-002,0,0.05229828879237175,0
B,MH-002,MH-002_19.588079_80.340244,MH-002,0,0.05452505499124527,0
B,MH-002,MH-002_19.588079_80.340513,MH-002,0,0.0450444258749485,0
B,MH-002,MH-002_19.588079_80.340783,MH-002,0,0.0385267399251461,0
B,MH-002,MH-002_19.588079_80.341591,MH-002,0,0.012010377831757069,0
B,MH-002,MH-002_19.588079_80.34213,MH-002,0,0.005153927952051163,0
B,MH-002,MH-002_19.588079_80.342399,MH-002,0,0.00395976984873414,0
B,MH-002,MH-002_19.588079_80.342669,MH-002,0,0.0032067070715129375,0
B,MH-002,MH-002_19.588079_80.342938,MH-002,0,0.0025773763190954924,0
B,MH-002,MH-002_19.588079_80.344016,MH-002,0,0.003209311282262206,0
B,MH-002,MH-002_19.588079_80.344286,MH-002,0,0.0034303960856050253,0
B,MH-002,MH-002_19.588079_80.345903,MH-002,0,0.009454572573304176,0
B,MH-002,MH-002_19.588079_80.346172,MH-002,0,0.011107165366411209,0
B,MH-002,MH-002_19.588079_80.348328,MH-002,0,0.03972727060317993,0
B,MH-002,MH-002_19.588079_80.348598,MH-002,0,0.04521176218986511,0
B,MH-002,MH-002_19.588079_80.348867,MH-002,0,0.045263975858688354,0
B,MH-002,MH-002_19.588079_80.349137,MH-002,0,0.05158243700861931,0
B,MH-002,MH-002_19.588079_80.349406,MH-002,0,0.04681495577096939,0
B,MH-002,MH-002_19.588079_80.349676,MH-002,0,0.046189602464437485,0
B,MH-002,MH-002_19.588079_80.349945,MH-002,0,0.04266594350337982,0
B,MH-002,MH-002_19.588079_80.350215,MH-002,0,0.03989255428314209,0
B,MH-002,MH-002_19.588079_80.350484,MH-002,0,0.039243441075086594,0
B,MH-002,MH-002_19.588079_80.350754,MH-002,0,0.03938303142786026,0
B,MH-002,MH-002_19.588079_80.351023,MH-002,0,0.031457509845495224,0
B,MH-002,MH-002_19.588079_80.351293,MH-002,0,0.030270686373114586,0
B,MH-002,MH-002_19.588079_80.351562,MH-002,0,0.032280419021844864,0
B,MH-002,MH-002_19.588079_80.351832,MH-002,0,0.0443999320268631,0
B,MH-002,MH-002_19.588079_80.352101,MH-002,0,0.058735743165016174,0
B,MH-002,MH-002_19.588079_80.352371,MH-002,0,0.07399187237024307,0
B,MH-002,MH-002_19.588079_80.35264,MH-002,1,0.13037553429603577,0
B,MH-002,MH-002_19.588079_80.35291,MH-002,1,0.15301613509655,0
B,MH-002,MH-002_19.588079_80.353179,MH-002,1,0.199504554271698,0
B,MH-002,MH-002_19.588079_80.353449,MH-002,0,0.19052661955356598,0
B,MH-002,MH-002_19.588079_80.354527,MH-002,0,0.36226707696914673,1
B,MH-002,MH-002_19.58781_80.336201,MH-002,0,0.09163127094507217,0
B,MH-002,MH-002_19.58781_80.336471,MH-002,0,0.11634953320026398,0
B,MH-002,MH-002_19.58781_80.33674,MH-002,0,0.10405141115188599,0
B,MH-002,MH-002_19.58781_80.33701,MH-002,0,0.09107096493244171,0
B,MH-002,MH-002_19.58781_80.337279,MH-002,0,0.09655030816793442,0
B,MH-002,MH-002_19.58781_80.338627,MH-002,0,0.05264749750494957,0
B,MH-002,MH-002_19.58781_80.338896,MH-002,0,0.058327436447143555,0
B,MH-002,MH-002_19.58781_80.339166,MH-002,0,0.06794334948062897,0
B,MH-002,MH-002_19.58781_80.339435,MH-002,0,0.0652395710349083,0
B,MH-002,MH-002_19.58781_80.339705,MH-002,0,0.07284652441740036,0
B,MH-002,MH-002_19.58781_80.339974,MH-002,0,0.06932277232408524,0
B,MH-002,MH-002_19.58781_80.340244,MH-002,0,0.06774801015853882,0
B,MH-002,MH-002_19.58781_80.340513,MH-002,0,0.061075445264577866,0
B,MH-002,MH-002_19.58781_80.340783,MH-002,0,0.05569245666265488,0
B,MH-002,MH-002_19.58781_80.341052,MH-002,0,0.041981250047683716,0
B,MH-002,MH-002_19.58781_80.341591,MH-002,0,0.01762559451162815,0
B,MH-002,MH-002_19.58781_80.34186,MH-002,0,0.011806677095592022,0
B,MH-002,MH-002_19.58781_80.34213,MH-002,0,0.0055374642834067345,0
B,MH-002,MH-002_19.58781_80.342399,MH-002,0,0.003007057821378112,0
B,MH-002,MH-002_19.58781_80.342669,MH-002,0,0.002301325323060155,0
B,MH-002,MH-002_19.58781_80.342938,MH-002,0,0.0017760229529812932,0
B,MH-002,MH-002_19.58781_80.343747,MH-002,0,0.0015602398198097944,0
B,MH-002,MH-002_19.58781_80.344016,MH-002,0,0.0027363081462681293,0
B,MH-002,MH-002_19.58781_80.348598,MH-002,0,0.044325508177280426,0
B,MH-002,MH-002_19.58781_80.348867,MH-002,0,0.05116623267531395,0
B,MH-002,MH-002_19.58781_80.349137,MH-002,0,0.07348120212554932,0
B,MH-002,MH-002_19.58781_80.349406,MH-002,0,0.06206032633781433,0
B,MH-002,MH-002_19.58781_80.349676,MH-002,0,0.0622926689684391,0
B,MH-002,MH-002_19.58781_80.349945,MH-002,0,0.06141764670610428,0
B,MH-002,MH-002_19.58781_80.350215,MH-002,0,0.05355999618768692,0
B,MH-002,MH-002_19.58781_80.350484,MH-002,0,0.05174588784575462,0
B,MH-002,MH-002_19.58781_80.350754,MH-002,0,0.047191690653562546,0
B,MH-002,MH-002_19.58781_80.351023,MH-002,0,0.042270369827747345,0
B,MH-002,MH-002_19.58781_80.351293,MH-002,0,0.03988230973482132,0
B,MH-002,MH-002_19.58781_80.351562,MH-002,0,0.04207795113325119,0
B,MH-002,MH-002_19.58781_80.351832,MH-002,0,0.05750070884823799,0
B,MH-002,MH-002_19.58781_80.352101,MH-002,0,0.06823083758354187,0
B,MH-002,MH-002_19.58781_80.352371,MH-002,1,0.09290555119514465,0
B,MH-002,MH-002_19.58781_80.35264,MH-002,1,0.14459636807441711,0
B,MH-002,MH-002_19.58781_80.35291,MH-002,1,0.21604768931865692,0
B,MH-002,MH-002_19.58781_80.353179,MH-002,0,0.2762296497821808,1
B,MH-002,MH-002_19.58781_80.353449,MH-002,0,0.23843635618686676,0
B,MH-002,MH-002_19.58781_80.353718,MH-002,0,0.35458076000213623,1
B,MH-002,MH-002_19.58754_80.335932,MH-002,0,0.08435662090778351,0
B,MH-002,MH-002_19.58754_80.336201,MH-002,0,0.0815088152885437,0
B,MH-002,MH-002_19.58754_80.336471,MH-002,0,0.10046898573637009,0
B,MH-002,MH-002_19.58754_80.33674,MH-002,0,0.07693936675786972,0
B,MH-002,MH-002_19.58754_80.33701,MH-002,0,0.08264315128326416,0
B,MH-002,MH-002_19.58754_80.337279,MH-002,0,0.0943223088979721,0
B,MH-002,MH-002_19.58754_80.337549,MH-002,0,0.08428054302930832,0
B,MH-002,MH-002_19.58754_80.337818,MH-002,0,0.08497101813554764,0
B,MH-002,MH-002_19.58754_80.338088,MH-002,0,0.08186902105808258,0
B,MH-002,MH-002_19.58754_80.338896,MH-002,0,0.06194519251585007,0
B,MH-002,MH-002_19.58754_80.339166,MH-002,0,0.0718953087925911,0
B,MH-002,MH-002_19.58754_80.339435,MH-002,0,0.0709015429019928,0
B,MH-002,MH-002_19.58754_80.339705,MH-002,0,0.07342487573623657,0
B,MH-002,MH-002_19.58754_80.339974,MH-002,0,0.06346584856510162,0
B,MH-002,MH-002_19.58754_80.340244,MH-002,0,0.06317124515771866,0
B,MH-002,MH-002_19.58754_80.340513,MH-002,0,0.05238509550690651,0
B,MH-002,MH-002_19.58754_80.340783,MH-002,0,0.052849262952804565,0
B,MH-002,MH-002_19.58754_80.341052,MH-002,0,0.04222932085394859,0
B,MH-002,MH-002_19.58754_80.341591,MH-002,0,0.017859943211078644,0
B,MH-002,MH-002_19.58754_80.34186,MH-002,0,0.011825562454760075,0
B,MH-002,MH-002_19.58754_80.342399,MH-002,0,0.002752413507550955,0
B,MH-002,MH-002_19.58754_80.343747,MH-002,0,0.0014970729826018214,0
B,MH-002,MH-002_19.58754_80.344016,MH-002,0,0.0024811045732349157,0
B,MH-002,MH-002_19.58754_80.345633,MH-002,0,0.006510481704026461,0
B,MH-002,MH-002_19.58754_80.348328,MH-002,0,0.05247621610760689,0
B,MH-002,MH-002_19.58754_80.348598,MH-002,0,0.054627057164907455,0
B,MH-002,MH-002_19.58754_80.348867,MH-002,0,0.07033653557300568,0
B,MH-002,MH-002_19.58754_80.349137,MH-002,0,0.0907750204205513,0
B,MH-002,MH-002_19.58754_80.349406,MH-002,0,0.07857021689414978,0
B,MH-002,MH-002_19.58754_80.349676,MH-002,0,0.08752009272575378,0
B,MH-002,MH-002_19.58754_80.349945,MH-002,0,0.08522901684045792,0
B,MH-002,MH-002_19.58754_80.350215,MH-002,0,0.07982148230075836,0
B,MH-002,MH-002_19.58754_80.350484,MH-002,0,0.0703217089176178,0
B,MH-002,MH-002_19.58754_80.350754,MH-002,0,0.07352563738822937,0
B,MH-002,MH-002_19.58754_80.351023,MH-002,0,0.06278164684772491,0
B,MH-002,MH-002_19.58754_80.351293,MH-002,0,0.06261715292930603,0
B,MH-002,MH-002_19.58754_80.351562,MH-002,0,0.06367243826389313,0
B,MH-002,MH-002_19.58754_80.351832,MH-002,0,0.08079411089420319,0
B,MH-002,MH-002_19.58754_80.352101,MH-002,0,0.09627267718315125,0
B,MH-002,MH-002_19.58754_80.352371,MH-002,0,0.13024213910102844,0
B,MH-002,MH-002_19.58754_80.35264,MH-002,1,0.210408553481102,0
B,MH-002,MH-002_19.58754_80.35291,MH-002,0,0.3188113272190094,1
B,MH-002,MH-002_19.58754_80.353179,MH-002,0,0.3765493631362915,1
B,MH-002,MH-002_19.58754_80.353449,MH-002,0,0.37618422508239746,1
B,MH-002,MH-002_19.58754_80.353718,MH-002,0,0.4945337474346161,1
B,MH-002,MH-002_19.58754_80.353988,MH-002,0,0.6115552186965942,1
B,MH-002,MH-002_19.587271_80.336201,MH-002,0,0.062450893223285675,0
B,MH-002,MH-002_19.587271_80.336471,MH-002,0,0.0681128278374672,0
B,MH-002,MH-002_19.587271_80.33674,MH-002,0,0.06846139580011368,0
B,MH-002,MH-002_19.587271_80.33701,MH-002,0,0.07168114930391312,0
B,MH-002,MH-002_19.587271_80.337279,MH-002,0,0.08980448544025421,0
B,MH-002,MH-002_19.587271_80.337549,MH-002,0,0.0876506119966507,0
B,MH-002,MH-002_19.587271_80.337818,MH-002,0,0.08463168144226074,0
B,MH-002,MH-002_19.587271_80.338088,MH-002,0,0.08476566523313522,0
B,MH-002,MH-002_19.587271_80.338896,MH-002,0,0.07146014273166656,0
B,MH-002,MH-002_19.587271_80.339166,MH-002,0,0.07850524038076401,0
B,MH-002,MH-002_19.587271_80.339435,MH-002,0,0.07959066331386566,0
B,MH-002,MH-002_19.587271_80.339705,MH-002,0,0.07516388595104218,0
B,MH-002,MH-002_19.587271_80.339974,MH-002,0,0.06868916749954224,0
B,MH-002,MH-002_19.587271_80.340244,MH-002,0,0.06445252150297165,0
B,MH-002,MH-002_19.587271_80.340513,MH-002,0,0.06505667418241501,0
B,MH-002,MH-002_19.587271_80.340783,MH-002,0,0.05846588313579559,0
B,MH-002,MH-002_19.587271_80.34213,MH-002,0,0.00479481928050518,0
B,MH-002,MH-002_19.587271_80.342399,MH-002,1,0.0028260345570743084,0
B,MH-002,MH-002_19.587271_80.342938,MH-002,0,0.00125500385183841,0
B,MH-002,MH-002_19.587271_80.343747,MH-002,0,0.0015818343963474035,0
B,MH-002,MH-002_19.587271_80.344016,MH-002,0,0.0023898431099951267,0
B,MH-002,MH-002_19.587271_80.344555,MH-002,0,0.0064038606360554695,0
B,MH-002,MH-002_19.587271_80.34725,MH-002,0,0.02159341610968113,0
B,MH-002,MH-002_19.587271_80.347789,MH-002,0,0.04018842801451683,0
B,MH-002,MH-002_19.587271_80.348059,MH-002,0,0.054653823375701904,0
B,MH-002,MH-002_19.587271_80.348328,MH-002,0,0.06073374301195145,0
B,MH-002,MH-002_19.587271_80.348598,MH-002,0,0.06627587974071503,0
B,MH-002,MH-002_19.587271_80.348867,MH-002,0,0.08441118150949478,0
B,MH-002,MH-002_19.587271_80.349137,MH-002,0,0.08757466077804565,0
B,MH-002,MH-002_19.587271_80.349406,MH-002,0,0.08460696786642075,0
B,MH-002,MH-002_19.587271_80.349676,MH-002,0,0.09392616152763367,0
B,MH-002,MH-002_19.587271_80.349945,MH-002,0,0.0977359190583229,0
B,MH-002,MH-002_19.587271_80.350215,MH-002,0,0.09695176780223846,0
B,MH-002,MH-002_19.587271_80.350484,MH-002,0,0.09182440489530563,0
B,MH-002,MH-002_19.587271_80.350754,MH-002,0,0.08855482935905457,0
B,MH-002,MH-002_19.587271_80.351023,MH-002,0,0.08023599535226822,0
B,MH-002,MH-002_19.587271_80.351293,MH-002,0,0.08158102631568909,0
B,MH-002,MH-002_19.587271_80.351562,MH-002,0,0.09238424897193909,0
B,MH-002,MH-002_19.587271_80.351832,MH-002,0,0.10924114286899567,0
B,MH-002,MH-002_19.587271_80.352101,MH-002,0,0.12252043932676315,0
B,MH-002,MH-002_19.587271_80.352371,MH-002,0,0.16029290854930878,0
B,MH-002,MH-002_19.587271_80.35264,MH-002,0,0.23548831045627594,0
B,MH-002,MH-002_19.587271_80.35291,MH-002,0,0.3296944499015808,1
B,MH-002,MH-002_19.587271_80.353179,MH-002,0,0.38972246646881104,1
B,MH-002,MH-002_19.587271_80.353449,MH-002,0,0.4130913019180298,1
B,MH-002,MH-002_19.587271_80.353718,MH-002,0,0.531911313533783,1
B,MH-002,MH-002_19.587271_80.353988,MH-002,0,0.6124379634857178,1
B,MH-002,MH-002_19.587001_80.338627,MH-002,0,0.06333503872156143,0
B,MH-002,MH-002_19.587001_80.338896,MH-002,0,0.07480882853269577,0
B,MH-002,MH-002_19.587001_80.339166,MH-002,0,0.08131683617830276,0
B,MH-002,MH-002_19.587001_80.339435,MH-002,0,0.08617077767848969,0
B,MH-002,MH-002_19.587001_80.339705,MH-002,0,0.07084547728300095,0
B,MH-002,MH-002_19.587001_80.339974,MH-002,0,0.06561139971017838,0
B,MH-002,MH-002_19.587001_80.340244,MH-002,0,0.05315162613987923,0
B,MH-002,MH-002_19.587001_80.340513,MH-002,0,0.05228431150317192,0
B,MH-002,MH-002_19.587001_80.340783,MH-002,0,0.0433274507522583,0
B,MH-002,MH-002_19.587001_80.341322,MH-002,0,0.022616548463702202,0
B,MH-002,MH-002_19.587001_80.341591,MH-002,0,0.01630549132823944,0
B,MH-002,MH-002_19.587001_80.343208,MH-002,0,0.0014771705027669668,0
B,MH-002,MH-002_19.587001_80.343747,MH-002,0,0.0020247194916009903,0
B,MH-002,MH-002_19.587001_80.344016,MH-002,0,0.003421269590035081,0
B,MH-002,MH-002_19.587001_80.344825,MH-002,0,0.007566327229142189,0
B,MH-002,MH-002_19.587001_80.345094,MH-002,0,0.009832793846726418,0
B,MH-002,MH-002_19.587001_80.346442,MH-002,0,0.012143976986408234,0
B,MH-002,MH-002_19.587001_80.346711,MH-002,0,0.010834943503141403,0
B,MH-002,MH-002_19.587001_80.34725,MH-002,0,0.02384970709681511,0
B,MH-002,MH-002_19.587001_80.34752,MH-002,0,0.038490694016218185,0
B,MH-002,MH-002_19.587001_80.347789,MH-002,0,0.057143647223711014,0
B,MH-002,MH-002_19.587001_80.348059,MH-002,0,0.07953647524118423,0
B,MH-002,MH-002_19.587001_80.348328,MH-002,0,0.08870802074670792,0
B,MH-002,MH-002_19.587001_80.348598,MH-002,0,0.09381715953350067,0
B,MH-002,MH-002_19.587001_80.348867,MH-002,0,0.09608515352010727,0
B,MH-002,MH-002_19.587001_80.349137,MH-002,0,0.1110161766409874,0
B,MH-002,MH-002_19.587001_80.349406,MH-002,0,0.10745976865291595,0
B,MH-002,MH-002_19.587001_80.349676,MH-002,0,0.1263694167137146,0
B,MH-002,MH-002_19.587001_80.349945,MH-002,0,0.11874163150787354,0
B,MH-002,MH-002_19.587001_80.350215,MH-002,0,0.1268908679485321,0
B,MH-002,MH-002_19.587001_80.350484,MH-002,0,0.11601368337869644,0
B,MH-002,MH-002_19.587001_80.350754,MH-002,0,0.11887705326080322,0
B,MH-002,MH-002_19.587001_80.351023,MH-002,0,0.10627495497465134,0
B,MH-002,MH-002_19.587001_80.351293,MH-002,0,0.11229604482650757,0
B,MH-002,MH-002_19.587001_80.351562,MH-002,0,0.11411470174789429,0
B,MH-002,MH-002_19.587001_80.351832,MH-002,0,0.14506316184997559,0
B,MH-002,MH-002_19.587001_80.352101,MH-002,0,0.16360239684581757,0
B,MH-002,MH-002_19.587001_80.352371,MH-002,0,0.20256243646144867,0
B,MH-002,MH-002_19.587001_80.35264,MH-002,0,0.2692835032939911,1
B,MH-002,MH-002_19.587001_80.35291,MH-002,0,0.3401429355144501,1
B,MH-002,MH-002_19.587001_80.353179,MH-002,0,0.40981659293174744,1
B,MH-002,MH-002_19.587001_80.353449,MH-002,0,0.46758294105529785,1
B,MH-002,MH-002_19.587001_80.353718,MH-002,0,0.5583457350730896,1
B,MH-002,MH-002_19.586732_80.33674,MH-002,0,0.053487662225961685,0
B,MH-002,MH-002_19.586732_80.33701,MH-002,0,0.06484559923410416,0
B,MH-002,MH-002_19.586732_80.337279,MH-002,0,0.07404366135597229,0
B,MH-002,MH-002_19.586732_80.337549,MH-002,0,0.0801587924361229,0
B,MH-002,MH-002_19.586732_80.337818,MH-002,0,0.08567418158054352,0
B,MH-002,MH-002_19.586732_80.338088,MH-002,0,0.09066994488239288,0
B,MH-002,MH-002_19.586732_80.338357,MH-002,0,0.08953340351581573,0
B,MH-002,MH-002_19.586732_80.338627,MH-002,0,0.06751574575901031,0
B,MH-002,MH-002_19.586732_80.338896,MH-002,0,0.08149795979261398,0
B,MH-002,MH-002_19.586732_80.339166,MH-002,0,0.08544299006462097,0
B,MH-002,MH-002_19.586732_80.339435,MH-002,0,0.09702452272176743,0
B,MH-002,MH-002_19.586732_80.339705,MH-002,0,0.09004146605730057,0
B,MH-002,MH-002_19.586732_80.339974,MH-002,0,0.08305159956216812,0
B,MH-002,MH-002_19.586732_80.340244,MH-002,0,0.07020244002342224,0
B,MH-002,MH-002_19.586732_80.340513,MH-002,0,0.07968450337648392,0
B,MH-002,MH-002_19.586732_80.340783,MH-002,0,0.05209728330373764,0
B,MH-002,MH-002_19.586732_80.341591,MH-002,0,0.01759914495050907,0
B,MH-002,MH-002_19.586732_80.34213,MH-002,0,0.0050302487798035145,0
B,MH-002,MH-002_19.586732_80.342399,MH-002,0,0.002842511050403118,0
B,MH-002,MH-002_19.586732_80.342669,MH-002,0,0.0016985113034024835,0
B,MH-002,MH-002_19.586732_80.342938,MH-002,0,0.0017544706352055073,0
B,MH-002,MH-002_19.586732_80.343747,MH-002,0,0.0023803873918950558,0
B,MH-002,MH-002_19.586732_80.345094,MH-002,1,0.0112108513712883,0
B,MH-002,MH-002_19.586732_80.346442,MH-002,0,0.014659887179732323,0
B,MH-002,MH-002_19.586732_80.346711,MH-002,0,0.013748008757829666,0
B,MH-002,MH-002_19.586732_80.34725,MH-002,0,0.027120040729641914,0
B,MH-002,MH-002_19.586732_80.34752,MH-002,0,0.037079136818647385,0
B,MH-002,MH-002_19.586732_80.347789,MH-002,0,0.05156528949737549,0
B,MH-002,MH-002_19.586732_80.348059,MH-002,0,0.07552988827228546,0
B,MH-002,MH-002_19.586732_80.348328,MH-002,0,0.08990957587957382,0
B,MH-002,MH-002_19.586732_80.348598,MH-002,0,0.10195138305425644,0
B,MH-002,MH-002_19.586732_80.348867,MH-002,0,0.12400900572538376,0
B,MH-002,MH-002_19.586732_80.349137,MH-002,0,0.1324511617422104,0
B,MH-002,MH-002_19.586732_80.349406,MH-002,0,0.13402020931243896,0
B,MH-002,MH-002_19.586732_80.349676,MH-002,0,0.13607308268547058,0
B,MH-002,MH-002_19.586732_80.349945,MH-002,0,0.1465887427330017,0
B,MH-002,MH-002_19.586732_80.350215,MH-002,0,0.15072894096374512,0
B,MH-002,MH-002_19.586732_80.350484,MH-002,0,0.15015996992588043,0
B,MH-002,MH-002_19.586732_80.350754,MH-002,0,0.14583510160446167,0
B,MH-002,MH-002_19.586732_80.351023,MH-002,0,0.13368737697601318,0
B,MH-002,MH-002_19.586732_80.351293,MH-002,0,0.1356876641511917,0
B,MH-002,MH-002_19.586732_80.351562,MH-002,0,0.155388742685318,0
B,MH-002,MH-002_19.586732_80.351832,MH-002,0,0.17924317717552185,0
B,MH-002,MH-002_19.586732_80.352371,MH-002,0,0.23892946541309357,0
B,MH-002,MH-002_19.586732_80.35264,MH-002,0,0.30679163336753845,1
B,MH-002,MH-002_19.586732_80.35291,MH-002,0,0.38667240738868713,1
B,MH-002,MH-002_19.586732_80.353179,MH-002,0,0.43442046642303467,1
B,MH-002,MH-002_19.586732_80.353449,MH-002,0,0.4600222110748291,1
B,MH-002,MH-002_19.586462_80.33701,MH-002,0,0.0638166069984436,0
B,MH-002,MH-002_19.586462_80.337279,MH-002,0,0.0716531053185463,0
B,MH-002,MH-002_19.586462_80.337549,MH-002,0,0.07767130434513092,0
B,MH-002,MH-002_19.586462_80.337818,MH-002,0,0.09259413182735443,0
B,MH-002,MH-002_19.586462_80.338088,MH-002,0,0.08935697376728058,0
B,MH-002,MH-002_19.586462_80.338357,MH-002,0,0.0850432813167572,0
B,MH-002,MH-002_19.586462_80.338627,MH-002,0,0.07211590558290482,0
B,MH-002,MH-002_19.586462_80.338896,MH-002,0,0.08483843505382538,0
B,MH-002,MH-002_19.586462_80.339166,MH-002,0,0.09361670166254044,0
B,MH-002,MH-002_19.586462_80.339435,MH-002,0,0.10898697376251221,0
B,MH-002,MH-002_19.586462_80.339705,MH-002,0,0.09562599658966064,0
B,MH-002,MH-002_19.586462_80.339974,MH-002,0,0.0880545973777771,0
B,MH-002,MH-002_19.586462_80.340244,MH-002,0,0.06875458359718323,0
B,MH-002,MH-002_19.586462_80.340513,MH-002,0,0.06061207875609398,0
B,MH-002,MH-002_19.586462_80.340783,MH-002,0,0.03952140733599663,0
B,MH-002,MH-002_19.586462_80.34186,MH-002,0,0.010887512937188148,0
B,MH-002,MH-002_19.586462_80.34213,MH-002,0,0.005729654338210821,0
B,MH-002,MH-002_19.586462_80.342399,MH-002,0,0.003584152553230524,0
B,MH-002,MH-002_19.586462_80.342669,MH-002,0,0.0020327342208474874,0
B,MH-002,MH-002_19.586462_80.342938,MH-002,0,0.002908973256126046,0
B,MH-002,MH-002_19.586462_80.343208,MH-002,0,0.002801818074658513,0
B,MH-002,MH-002_19.586462_80.343477,MH-002,0,0.0035156202502548695,0
B,MH-002,MH-002_19.586462_80.343747,MH-002,0,0.0038286426570266485,0
B,MH-002,MH-002_19.586462_80.344016,MH-002,0,0.005618949420750141,0
B,MH-002,MH-002_19.586462_80.347789,MH-002,0,0.06769493222236633,0
B,MH-002,MH-002_19.586462_80.348059,MH-002,0,0.08022469282150269,0
B,MH-002,MH-002_19.586462_80.348328,MH-002,0,0.09812533110380173,0
B,MH-002,MH-002_19.586462_80.348598,MH-002,0,0.11322086304426193,0
B,MH-002,MH-002_19.586462_80.348867,MH-002,0,0.14274272322654724,0
B,MH-002,MH-002_19.586462_80.349137,MH-002,0,0.16319513320922852,0
B,MH-002,MH-002_19.586462_80.349406,MH-002,0,0.15179826319217682,0
B,MH-002,MH-002_19.586462_80.349676,MH-002,0,0.1658785194158554,0
B,MH-002,MH-002_19.586462_80.349945,MH-002,0,0.16266243159770966,0
B,MH-002,MH-002_19.586462_80.350215,MH-002,0,0.17626631259918213,0
B,MH-002,MH-002_19.586193_80.337279,MH-002,0,0.0654408261179924,0
B,MH-002,MH-002_19.586193_80.337549,MH-002,0,0.06744406372308731,0
B,MH-002,MH-002_19.586193_80.337818,MH-002,0,0.07928476482629776,0
B,MH-002,MH-002_19.586193_80.338088,MH-002,0,0.08469429612159729,0
B,MH-002,MH-002_19.586193_80.338357,MH-002,0,0.0807361900806427,0
B,MH-002,MH-002_19.586193_80.338627,MH-002,0,0.06768517196178436,0
B,MH-002,MH-002_19.586193_80.338896,MH-002,0,0.08099955320358276,0
B,MH-002,MH-002_19.586193_80.339166,MH-002,0,0.09122688323259354,0
B,MH-002,MH-002_19.586193_80.339435,MH-002,0,0.1163758784532547,0
B,MH-002,MH-002_19.586193_80.339705,MH-002,0,0.10001009702682495,0
B,MH-002,MH-002_19.586193_80.339974,MH-002,0,0.08536940813064575,0
B,MH-002,MH-002_19.586193_80.340244,MH-002,0,0.061125531792640686,0
B,MH-002,MH-002_19.586193_80.340513,MH-002,0,0.05278793349862099,0
B,MH-002,MH-002_19.586193_80.340783,MH-002,0,0.029573863372206688,0
B,MH-002,MH-002_19.586193_80.341052,MH-002,0,0.019973326474428177,0
B,MH-002,MH-002_19.586193_80.341322,MH-002,0,0.019040508195757866,0
B,MH-002,MH-002_19.586193_80.34186,MH-002,0,0.008764149621129036,0
B,MH-002,MH-002_19.586193_80.34213,MH-002,0,0.004795449320226908,0
B,MH-002,MH-002_19.586193_80.342399,MH-002,0,0.0037297760136425495,0
B,MH-002,MH-002_19.586193_80.342669,MH-002,0,0.002770898165181279,0
B,MH-002,MH-002_19.586193_80.342938,MH-002,0,0.0031931858975440264,0
B,MH-002,MH-002_19.586193_80.343208,MH-002,0,0.0030842844862490892,0
B,MH-002,MH-002_19.586193_80.344286,MH-002,0,0.007083510980010033,0
B,MH-002,MH-002_19.586193_80.34725,MH-002,0,0.023061009123921394,0
B,MH-002,MH-002_19.586193_80.34752,MH-002,0,0.038704629987478256,0
B,MH-002,MH-002_19.586193_80.348059,MH-002,0,0.07886885106563568,0
B,MH-002,MH-002_19.586193_80.348328,MH-002,0,0.10607046633958817,0
B,MH-002,MH-002_19.586193_80.348598,MH-002,0,0.1436186134815216,0
B,MH-002,MH-002_19.586193_80.348867,MH-002,0,0.1610112488269806,0
B,MH-002,MH-002_19.585923_80.337549,MH-002,0,0.06908765435218811,0
B,MH-002,MH-002_19.585923_80.337818,MH-002,0,0.08045189082622528,0
B,MH-002,MH-002_19.585923_80.338088,MH-002,0,0.07951365411281586,0
B,MH-002,MH-002_19.585923_80.338357,MH-002,0,0.07855040580034256,0
B,MH-002,MH-002_19.585923_80.338627,MH-002,0,0.0699118971824646,0
B,MH-002,MH-002_19.585923_80.338896,MH-002,0,0.07216551899909973,0
B,MH-002,MH-002_19.585923_80.339166,MH-002,0,0.08532948791980743,0
B,MH-002,MH-002_19.585923_80.339435,MH-002,0,0.10210058093070984,0
B,MH-002,MH-002_19.585923_80.339705,MH-002,0,0.08697648346424103,0
B,MH-002,MH-002_19.585923_80.339974,MH-002,0,0.07840248197317123,0
B,MH-002,MH-002_19.585923_80.340244,MH-002,0,0.05825820192694664,0
B,MH-002,MH-002_19.585923_80.340513,MH-002,0,0.04792534559965134,0
B,MH-002,MH-002_19.585923_80.340783,MH-002,0,0.028355875983834267,0
B,MH-002,MH-002_19.585923_80.341052,MH-002,0,0.02599606104195118,0
B,MH-002,MH-002_19.585923_80.341322,MH-002,0,0.02585378661751747,0
B,MH-002,MH-002_19.585923_80.341591,MH-002,0,0.017653077840805054,0
B,MH-002,MH-002_19.585923_80.34213,MH-002,0,0.0073904069140553474,0
B,MH-002,MH-002_19.585923_80.342399,MH-002,0,0.005023246631026268,0
B,MH-002,MH-002_19.585923_80.342669,MH-002,0,0.004210012964904308,0
B,MH-002,MH-002_19.585923_80.342938,MH-002,0,0.004749331623315811,0
B,MH-002,MH-002_19.585923_80.344286,MH-002,0,0.009992236271500587,0
B,MH-002,MH-002_19.585923_80.344555,MH-002,0,0.009449724107980728,0
B,MH-002,MH-002_19.585923_80.344825,MH-002,0,0.013058819808065891,0
B,MH-002,MH-002_19.585923_80.346981,MH-002,0,0.017024094238877296,0
B,MH-002,MH-002_19.585923_80.34725,MH-002,0,0.020289869979023933,0
B,MH-002,MH-002_19.585923_80.34752,MH-002,0,0.028188321739435196,0
B,MH-002,MH-002_19.585654_80.337818,MH-002,0,0.10207225382328033,0
B,MH-002,MH-002_19.585654_80.338088,MH-002,0,0.10348556935787201,0
B,MH-002,MH-002_19.585654_80.338357,MH-002,0,0.10271736979484558,0
B,MH-002,MH-002_19.585654_80.338627,MH-002,0,0.07497070729732513,0
B,MH-002,MH-002_19.585654_80.338896,MH-002,0,0.07902851700782776,0
B,MH-002,MH-002_19.585654_80.339166,MH-002,0,0.09253755211830139,0
B,MH-002,MH-002_19.585654_80.339435,MH-002,0,0.10932167619466782,0
B,MH-002,MH-002_19.585654_80.339705,MH-002,0,0.0933995395898819,0
B,MH-002,MH-002_19.585654_80.339974,MH-002,0,0.08393678814172745,0
B,MH-002,MH-002_19.585654_80.340244,MH-002,0,0.07114312052726746,0
B,MH-002,MH-002_19.585654_80.340513,MH-002,0,0.05821504816412926,0
B,MH-002,MH-002_19.585654_80.340783,MH-002,0,0.04118000343441963,0
B,MH-002,MH-002_19.585654_80.341052,MH-002,0,0.032217592000961304,0
B,MH-002,MH-002_19.585654_80.341322,MH-002,0,0.023163631558418274,0
B,MH-002,MH-002_19.585654_80.341591,MH-002,0,0.01671499013900757,0
B,MH-002,MH-002_19.585654_80.34213,MH-002,0,0.007458814419806004,0
B,MH-002,MH-002_19.585654_80.342399,MH-002,0,0.005182440858334303,0
B,MH-002,MH-002_19.585654_80.342669,MH-002,0,0.005812724586576223,0
B,MH-002,MH-002_19.585654_80.342938,MH-002,0,0.0074345385655760765,0
B,MH-002,MH-002_19.585654_80.344286,MH-002,0,0.008893377147614956,0
B,MH-002,MH-002_19.585654_80.344555,MH-002,0,0.008240476250648499,0
B,MH-002,MH-002_19.585654_80.344825,MH-002,0,0.009514834731817245,0
B,MH-002,MH-002_19.585654_80.346172,MH-002,0,0.02828698419034481,0
B,MH-002,MH-002_19.585654_80.346711,MH-002,0,0.029317401349544525,0
B,MH-002,MH-002_19.585654_80.346981,MH-002,0,0.018587667495012283,0
B,MH-002,MH-002_19.585384_80.338088,MH-002,0,0.11834294348955154,0
B,MH-002,MH-002_19.585384_80.338357,MH-002,0,0.11193682253360748,0
B,MH-002,MH-002_19.585384_80.338627,MH-002,0,0.09449571371078491,0
B,MH-002,MH-002_19.585384_80.338896,MH-002,0,0.08687995374202728,0
B,MH-002,MH-002_19.585384_80.339166,MH-002,0,0.09487650543451309,0
B,MH-002,MH-002_19.585384_80.339435,MH-002,0,0.11444222927093506,0
B,MH-002,MH-002_19.585384_80.339705,MH-002,0,0.10927179455757141,0
B,MH-002,MH-002_19.585384_80.339974,MH-002,0,0.1161411926150322,0
B,MH-002,MH-002_19.585384_80.340244,MH-002,0,0.10355062782764435,0
B,MH-002,MH-002_19.585384_80.340513,MH-002,0,0.10207192599773407,0
B,MH-002,MH-002_19.585384_80.340783,MH-002,0,0.05823157727718353,0
B,MH-002,MH-002_19.585384_80.341052,MH-002,0,0.043588787317276,0
B,MH-002,MH-002_19.585384_80.341322,MH-002,0,0.03665585070848465,0
B,MH-002,MH-002_19.585384_80.341591,MH-002,0,0.022327207028865814,0
B,MH-002,MH-002_19.585384_80.342399,MH-002,0,0.012706714682281017,0
B,MH-002,MH-002_19.585384_80.342669,MH-002,0,0.016034608706831932,0
B,MH-002,MH-002_19.585384_80.342938,MH-002,1,0.015604457817971706,0
B,MH-002,MH-002_19.585384_80.343208,MH-002,0,0.02179238572716713,0
B,MH-002,MH-002_19.585384_80.344016,MH-002,0,0.020525289699435234,0
B,MH-002,MH-002_19.585384_80.344286,MH-002,0,0.015154792927205563,0
B,MH-002,MH-002_19.585384_80.344555,MH-002,0,0.010146241635084152,0
B,MH-002,MH-002_19.585384_80.344825,MH-002,0,0.011468376033008099,0
B,MH-002,MH-002_19.585115_80.338357,MH-002,0,0.15076357126235962,0
B,MH-002,MH-002_19.585115_80.338627,MH-002,0,0.12798704206943512,0
B,MH-002,MH-002_19.585115_80.338896,MH-002,0,0.11450721323490143,0
B,MH-002,MH-002_19.585115_80.339166,MH-002,0,0.12562721967697144,0
B,MH-002,MH-002_19.585115_80.339435,MH-002,0,0.12610574066638947,0
B,MH-002,MH-002_19.585115_80.339705,MH-002,0,0.12704119086265564,0
B,MH-002,MH-002_19.585115_80.339974,MH-002,0,0.13151569664478302,0
B,MH-002,MH-002_19.585115_80.340244,MH-002,0,0.12252549082040787,0
B,MH-002,MH-002_19.585115_80.340513,MH-002,0,0.1328016072511673,0
B,MH-002,MH-002_19.585115_80.340783,MH-002,0,0.09557728469371796,0
B,MH-002,MH-002_19.585115_80.341052,MH-002,0,0.06743533909320831,0
B,MH-002,MH-002_19.585115_80.341322,MH-002,0,0.05655885860323906,0
B,MH-002,MH-002_19.585115_80.341591,MH-002,0,0.04038597270846367,0
B,MH-002,MH-002_19.585115_80.342399,MH-002,0,0.02365005947649479,0
B,MH-002,MH-002_19.585115_80.342669,MH-002,0,0.03175252303481102,0
B,MH-002,MH-002_19.585115_80.342938,MH-002,1,0.036212872713804245,0
B,MH-002,MH-002_19.585115_80.343208,MH-002,1,0.04080696031451225,0
B,MH-002,MH-002_19.585115_80.343477,MH-002,0,0.05066148564219475,0
B,MH-002,MH-002_19.585115_80.343747,MH-002,0,0.04853629693388939,0
B,MH-002,MH-002_19.585115_80.344016,MH-002,0,0.03487471491098404,0
B,MH-002,MH-002_19.585115_80.344286,MH-002,0,0.017885731533169746,0
B,MH-002,MH-002_19.585115_80.344555,MH-002,0,0.014514938928186893,0
B,MH-002,MH-002_19.585115_80.344825,MH-002,0,0.011830094270408154,0
B,MH-002,MH-002_19.611795_80.36881,MH-002,0,0.24632711708545685,0
B,MH-002,MH-002_19.611795_80.369079,MH-002,0,0.24915233254432678,0
B,MH-002,MH-002_19.611795_80.369349,MH-002,0,0.2645564377307892,1
B,MH-002,MH-002_19.611795_80.369618,MH-002,0,0.24382007122039795,0
B,MH-002,MH-002_19.611795_80.369888,MH-002,0,0.23463845252990723,0
B,MH-002,MH-002_19.611525_80.367732,MH-002,0,0.274689257144928,1
B,MH-002,MH-002_19.611525_80.368001,MH-002,0,0.22008554637432098,0
B,MH-002,MH-002_19.611525_80.368271,MH-002,0,0.20369531214237213,0
B,MH-002,MH-002_19.611525_80.36854,MH-002,0,0.18406935036182404,0
B,MH-002,MH-002_19.611525_80.36881,MH-002,0,0.21326185762882233,0
B,MH-002,MH-002_19.611525_80.369079,MH-002,0,0.2622438669204712,1
B,MH-002,MH-002_19.611525_80.369349,MH-002,0,0.27103206515312195,1
B,MH-002,MH-002_19.611525_80.369618,MH-002,0,0.28889602422714233,1
B,MH-002,MH-002_19.611525_80.369888,MH-002,0,0.2432660609483719,0
B,MH-002,MH-002_19.611256_80.366385,MH-002,0,0.531059980392456,1
B,MH-002,MH-002_19.611256_80.366654,MH-002,0,0.44528236985206604,1
B,MH-002,MH-002_19.611256_80.366923,MH-002,0,0.412152498960495,1
B,MH-002,MH-002_19.611256_80.367193,MH-002,0,0.32798489928245544,1
B,MH-002,MH-002_19.611256_80.367462,MH-002,0,0.2432943731546402,0
B,MH-002,MH-002_19.611256_80.367732,MH-002,0,0.18135058879852295,0
B,MH-002,MH-002_19.611256_80.368001,MH-002,0,0.16115544736385345,0
B,MH-002,MH-002_19.611256_80.368271,MH-002,0,0.15234966576099396,0
B,MH-002,MH-002_19.611256_80.36854,MH-002,0,0.1343211680650711,0
B,MH-002,MH-002_19.611256_80.36881,MH-002,0,0.15340593457221985,0
B,MH-002,MH-002_19.611256_80.369079,MH-002,0,0.23449204862117767,0
B,MH-002,MH-002_19.611256_80.369349,MH-002,0,0.2684171199798584,1
B,MH-002,MH-002_19.611256_80.369618,MH-002,0,0.32267844676971436,1
B,MH-002,MH-002_19.611256_80.369888,MH-002,0,0.31211620569229126,1
B,MH-002,MH-002_19.610986_80.365307,MH-002,0,0.6191369891166687,1
B,MH-002,MH-002_19.610986_80.365846,MH-002,0,0.5488598942756653,1
B,MH-002,MH-002_19.610986_80.366385,MH-002,0,0.46416670083999634,1
B,MH-002,MH-002_19.610986_80.366654,MH-002,0,0.3721327483654022,1
B,MH-002,MH-002_19.610986_80.366923,MH-002,0,0.26812154054641724,1
B,MH-002,MH-002_19.610986_80.367193,MH-002,0,0.2197483777999878,0
B,MH-002,MH-002_19.610986_80.367462,MH-002,0,0.13358016312122345,0
B,MH-002,MH-002_19.610986_80.367732,MH-002,0,0.1090230867266655,0
B,MH-002,MH-002_19.610986_80.368001,MH-002,0,0.09094509482383728,0
B,MH-002,MH-002_19.610986_80.368271,MH-002,0,0.08088291436433792,0
B,MH-002,MH-002_19.610986_80.36854,MH-002,0,0.08437658101320267,0
B,MH-002,MH-002_19.610986_80.36881,MH-002,0,0.11230125278234482,0
B,MH-002,MH-002_19.610986_80.369079,MH-002,0,0.21537619829177856,0
B,MH-002,MH-002_19.610986_80.369349,MH-002,0,0.25077328085899353,1
B,MH-002,MH-002_19.610986_80.369618,MH-002,1,0.33039599657058716,1
B,MH-002,MH-002_19.610986_80.369888,MH-002,0,0.32176846265792847,1
B,MH-002,MH-002_19.610717_80.363959,MH-002,1,0.6096488833427429,1
B,MH-002,MH-002_19.610717_80.364229,MH-002,1,0.5884071588516235,1
B,MH-002,MH-002_19.610717_80.364498,MH-002,1,0.5784783363342285,1
B,MH-002,MH-002_19.610717_80.364768,MH-002,0,0.5538508892059326,1
B,MH-002,MH-002_19.610717_80.365307,MH-002,1,0.5183038711547852,1
B,MH-002,MH-002_19.610717_80.368001,MH-002,0,0.048656657338142395,0
B,MH-002,MH-002_19.610717_80.368271,MH-002,0,0.046575747430324554,0
B,MH-002,MH-002_19.610717_80.36854,MH-002,0,0.04696252569556236,0
B,MH-002,MH-002_19.610717_80.36881,MH-002,0,0.0672091543674469,0
B,MH-002,MH-002_19.610717_80.369079,MH-002,0,0.11987124383449554,0
B,MH-002,MH-002_19.610717_80.369349,MH-002,0,0.1746721714735031,0
B,MH-002,MH-002_19.610717_80.369618,MH-002,0,0.257832795381546,1
B,MH-002,MH-002_19.610717_80.369888,MH-002,0,0.3038690388202667,1
B,MH-002,MH-002_19.610447_80.364229,MH-002,1,0.5163379311561584,1
B,MH-002,MH-002_19.610447_80.364498,MH-002,1,0.49537423253059387,1
B,MH-002,MH-002_19.610447_80.364768,MH-002,1,0.4734034538269043,1
B,MH-002,MH-002_19.610447_80.365846,MH-002,1,0.33592766523361206,1
B,MH-002,MH-002_19.610447_80.366115,MH-002,1,0.3366907238960266,1
B,MH-002,MH-002_19.610447_80.366385,MH-002,1,0.23440155386924744,0
B,MH-002,MH-002_19.610447_80.368271,MH-002,1,0.028260566294193268,0
B,MH-002,MH-002_19.610447_80.369079,MH-002,0,0.1052248552441597,0
B,MH-002,MH-002_19.610447_80.369349,MH-002,0,0.1564863920211792,0
B,MH-002,MH-002_19.610447_80.369618,MH-002,0,0.20126715302467346,0
B,MH-002,MH-002_19.610447_80.369888,MH-002,0,0.24614408612251282,0
B,MH-002,MH-002_19.610178_80.363959,MH-002,1,0.43161913752555847,1
B,MH-002,MH-002_19.610178_80.364229,MH-002,1,0.39306485652923584,1
B,MH-002,MH-002_19.610178_80.364498,MH-002,1,0.3840157687664032,1
B,MH-002,MH-002_19.610178_80.364768,MH-002,1,0.3544829487800598,1
B,MH-002,MH-002_19.610178_80.366115,MH-002,1,0.26343294978141785,1
B,MH-002,MH-002_19.610178_80.366385,MH-002,1,0.21542973816394806,0
B,MH-002,MH-002_19.610178_80.366923,MH-002,0,0.12944729626178741,0
B,MH-002,MH-002_19.610178_80.367193,MH-002,0,0.07924394309520721,0
B,MH-002,MH-002_19.610178_80.367462,MH-002,0,0.04197671636939049,0
B,MH-002,MH-002_19.610178_80.367732,MH-002,0,0.033184368163347244,0
B,MH-002,MH-002_19.610178_80.368001,MH-002,0,0.020265409722924232,0
B,MH-002,MH-002_19.610178_80.368271,MH-002,0,0.019665108993649483,0
B,MH-002,MH-002_19.610178_80.36854,MH-002,1,0.017743220552802086,0
B,MH-002,MH-002_19.610178_80.36881,MH-002,1,0.02440940961241722,0
B,MH-002,MH-002_19.610178_80.369349,MH-002,0,0.09350287169218063,0
B,MH-002,MH-002_19.610178_80.369618,MH-002,0,0.15663163363933563,0
B,MH-002,MH-002_19.610178_80.369888,MH-002,0,0.19472944736480713,0
B,MH-002,MH-002_19.609908_80.363959,MH-002,1,0.29909786581993103,1
B,MH-002,MH-002_19.609908_80.364229,MH-002,1,0.30681005120277405,1
B,MH-002,MH-002_19.609908_80.364498,MH-002,1,0.2762848138809204,1
B,MH-002,MH-002_19.609908_80.365307,MH-002,0,0.1813828945159912,0
B,MH-002,MH-002_19.609908_80.365576,MH-002,0,0.1670672744512558,0
B,MH-002,MH-002_19.609908_80.366385,MH-002,0,0.12201252579689026,0
B,MH-002,MH-002_19.609908_80.366654,MH-002,0,0.15389110147953033,0
B,MH-002,MH-002_19.609908_80.366923,MH-002,0,0.08687452971935272,0
B,MH-002,MH-002_19.609908_80.367193,MH-002,0,0.06056307628750801,0
B,MH-002,MH-002_19.609908_80.367462,MH-002,0,0.032091353088617325,0
B,MH-002,MH-002_19.609908_80.367732,MH-002,0,0.029570991173386574,0
B,MH-002,MH-002_19.609908_80.368001,MH-002,0,0.017186323180794716,0
B,MH-002,MH-002_19.609908_80.368271,MH-002,0,0.019843989983201027,0
B,MH-002,MH-002_19.609908_80.36854,MH-002,0,0.017969045788049698,0
B,MH-002,MH-002_19.609908_80.36881,MH-002,0,0.02074158377945423,0
B,MH-002,MH-002_19.609908_80.369079,MH-002,0,0.03424755111336708,0
B,MH-002,MH-002_19.609908_80.369618,MH-002,0,0.08266238868236542,0
B,MH-002,MH-002_19.609908_80.369888,MH-002,0,0.08297867327928543,0
B,MH-002,MH-002_19.609639_80.363959,MH-002,1,0.20264379680156708,0
B,MH-002,MH-002_19.609639_80.364229,MH-002,0,0.18576699495315552,0
B,MH-002,MH-002_19.609639_80.364498,MH-002,1,0.2023596614599228,0
B,MH-002,MH-002_19.609639_80.365037,MH-002,1,0.16081616282463074,0
B,MH-002,MH-002_19.609639_80.365846,MH-002,0,0.18036386370658875,0
B,MH-002,MH-002_19.609639_80.366115,MH-002,1,0.16748139262199402,0
B,MH-002,MH-002_19.609639_80.366385,MH-002,0,0.15717633068561554,0
B,MH-002,MH-002_19.609639_80.366654,MH-002,0,0.1346050500869751,0
B,MH-002,MH-002_19.609639_80.366923,MH-002,0,0.09168575704097748,0
B,MH-002,MH-002_19.609639_80.367193,MH-002,0,0.06641668826341629,0
B,MH-002,MH-002_19.609639_80.367462,MH-002,0,0.032163333147764206,0
B,MH-002,MH-002_19.609639_80.367732,MH-002,0,0.02534865215420723,0
B,MH-002,MH-002_19.609639_80.368001,MH-002,0,0.015139257535338402,0
B,MH-002,MH-002_19.609639_80.368271,MH-002,0,0.014900350011885166,0
B,MH-002,MH-002_19.609639_80.36854,MH-002,0,0.010678115300834179,0
B,MH-002,MH-002_19.609639_80.36881,MH-002,0,0.010717226192355156,0
B,MH-002,MH-002_19.609639_80.369079,MH-002,0,0.014591118320822716,0
B,MH-002,MH-002_19.609639_80.369618,MH-002,0,0.02961237169802189,0
B,MH-002,MH-002_19.609639_80.369888,MH-002,0,0.042278073728084564,0
B,MH-002,MH-002_19.609369_80.363959,MH-002,0,0.15560805797576904,0
B,MH-002,MH-002_19.609369_80.364229,MH-002,0,0.13624538481235504,0
B,MH-002,MH-002_19.609369_80.364498,MH-002,0,0.12641414999961853,0
B,MH-002,MH-002_19.609369_80.365307,MH-002,0,0.09052536636590958,0
B,MH-002,MH-002_19.609369_80.365576,MH-002,0,0.0811883732676506,0
B,MH-002,MH-002_19.609369_80.365846,MH-002,1,0.10755555331707001,0
B,MH-002,MH-002_19.609369_80.366115,MH-002,0,0.09367905557155609,0
B,MH-002,MH-002_19.609369_80.366385,MH-002,0,0.07756238430738449,0
B,MH-002,MH-002_19.609369_80.366654,MH-002,0,0.07656195759773254,0
B,MH-002,MH-002_19.609369_80.367193,MH-002,0,0.04132764786481857,0
B,MH-002,MH-002_19.609369_80.367462,MH-002,0,0.02008896879851818,0
B,MH-002,MH-002_19.609369_80.367732,MH-002,0,0.01759091205894947,0
B,MH-002,MH-002_19.609369_80.368001,MH-002,0,0.010584985837340355,0
B,MH-002,MH-002_19.609369_80.368271,MH-002,0,0.01011926680803299,0
B,MH-002,MH-002_19.609369_80.369079,MH-002,0,0.00915451068431139,0
B,MH-002,MH-002_19.609369_80.369349,MH-002,0,0.01255590096116066,0
B,MH-002,MH-002_19.609369_80.369618,MH-002,0,0.015514669939875603,0
B,MH-002,MH-002_19.609369_80.369888,MH-002,0,0.025530308485031128,0
B,MH-002,MH-002_19.6091_80.363959,MH-002,0,0.134207084774971,0
B,MH-002,MH-002_19.6091_80.364229,MH-002,0,0.12924090027809143,0
B,MH-002,MH-002_19.6091_80.364498,MH-002,0,0.1245470717549324,0
B,MH-002,MH-002_19.6091_80.364768,MH-002,1,0.07974836230278015,0
B,MH-002,MH-002_19.6091_80.365307,MH-002,0,0.08341451734304428,0
B,MH-002,MH-002_19.6091_80.365576,MH-002,0,0.08780249208211899,0
B,MH-002,MH-002_19.6091_80.365846,MH-002,0,0.08420472592115402,0
B,MH-002,MH-002_19.6091_80.366115,MH-002,0,0.08019828051328659,0
B,MH-002,MH-002_19.6091_80.366385,MH-002,0,0.06886023283004761,0
B,MH-002,MH-002_19.6091_80.366654,MH-002,0,0.058084968477487564,0
B,MH-002,MH-002_19.6091_80.367462,MH-002,0,0.01706855744123459,0
B,MH-002,MH-002_19.6091_80.367732,MH-002,0,0.012771830894052982,0
B,MH-002,MH-002_19.6091_80.368001,MH-002,0,0.007169648539274931,0
B,MH-002,MH-002_19.6091_80.36881,MH-002,0,0.0058376966044306755,0
B,MH-002,MH-002_19.6091_80.369079,MH-002,0,0.005192657932639122,0
B,MH-002,MH-002_19.6091_80.369349,MH-002,0,0.006369887385517359,0
B,MH-002,MH-002_19.6091_80.369618,MH-002,0,0.008284900337457657,0
B,MH-002,MH-002_19.6091_80.369888,MH-002,0,0.011155769228935242,0
B,MH-002,MH-002_19.60883_80.363959,MH-002,0,0.08380734920501709,0
B,MH-002,MH-002_19.60883_80.364229,MH-002,1,0.0849199965596199,0
B,MH-002,MH-002_19.60883_80.364498,MH-002,1,0.07450718432664871,0
B,MH-002,MH-002_19.60883_80.364768,MH-002,0,0.06391145288944244,0
B,MH-002,MH-002_19.60883_80.365037,MH-002,1,0.06401665508747101,0
B,MH-002,MH-002_19.60883_80.365576,MH-002,1,0.06286828964948654,0
B,MH-002,MH-002_19.60883_80.365846,MH-002,0,0.0682113766670227,0
B,MH-002,MH-002_19.60883_80.366115,MH-002,0,0.05624203756451607,0
B,MH-002,MH-002_19.60883_80.366385,MH-002,0,0.05271020904183388,0
B,MH-002,MH-002_19.60883_80.366654,MH-002,0,0.041743285953998566,0
B,MH-002,MH-002_19.60883_80.36854,MH-002,0,0.006237294524908066,0
B,MH-002,MH-002_19.60883_80.36881,MH-002,0,0.005347921047359705,0
B,MH-002,MH-002_19.60883_80.369079,MH-002,0,0.004862283356487751,0
B,MH-002,MH-002_19.60883_80.369349,MH-002,0,0.007694321684539318,0
B,MH-002,MH-002_19.60883_80.369618,MH-002,0,0.010038977488875389,0
B,MH-002,MH-002_19.60883_80.369888,MH-002,0,0.013654935173690319,0
B,MH-002,MH-002_19.608561_80.363959,MH-002,1,0.06701347976922989,0
B,MH-002,MH-002_19.608561_80.364229,MH-002,1,0.07071622461080551,0
B,MH-002,MH-002_19.608561_80.364498,MH-002,1,0.06815014034509659,0
B,MH-002,MH-002_19.608561_80.364768,MH-002,0,0.058297064155340195,0
B,MH-002,MH-002_19.608561_80.365037,MH-002,0,0.07059869170188904,0
B,MH-002,MH-002_19.608561_80.365307,MH-002,0,0.05740586668252945,0
B,MH-002,MH-002_19.608561_80.365846,MH-002,0,0.0404336042702198,0
B,MH-002,MH-002_19.608561_80.366115,MH-002,0,0.03931828960776329,0
B,MH-002,MH-002_19.608561_80.366385,MH-002,0,0.028286242857575417,0
B,MH-002,MH-002_19.608561_80.366654,MH-002,0,0.02509487420320511,0
B,MH-002,MH-002_19.608561_80.367732,MH-002,0,0.007840502075850964,0
B,MH-002,MH-002_19.608561_80.36881,MH-002,0,0.0053965370170772076,0
B,MH-002,MH-002_19.608291_80.363959,MH-002,1,0.032441217452287674,0
B,MH-002,MH-002_19.608291_80.364229,MH-002,1,0.02772340178489685,0
B,MH-002,MH-002_19.608291_80.364498,MH-002,1,0.026485390961170197,0
B,MH-002,MH-002_19.608291_80.364768,MH-002,1,0.02914975769817829,0
B,MH-002,MH-002_19.608291_80.365037,MH-002,0,0.03589705377817154,0
B,MH-002,MH-002_19.608291_80.365307,MH-002,1,0.045563191175460815,0
B,MH-002,MH-002_19.608291_80.366115,MH-002,0,0.0331219919025898,0
B,MH-002,MH-002_19.608291_80.366385,MH-002,0,0.02332928217947483,0
B,MH-002,MH-002_19.608291_80.366654,MH-002,0,0.01762004941701889,0
B,MH-002,MH-002_19.608291_80.366923,MH-002,0,0.01298255193978548,0
B,MH-002,MH-002_19.608291_80.367732,MH-002,0,0.007806789595633745,0
B,MH-002,MH-002_19.608291_80.369079,MH-002,0,0.009004011750221252,0
B,MH-002,MH-002_19.608291_80.369349,MH-002,1,0.013724494725465775,0
B,MH-002,MH-002_19.608291_80.369618,MH-002,1,0.016393456608057022,0
B,MH-002,MH-002_19.608291_80.369888,MH-002,0,0.021088773384690285,0
B,MH-002,MH-002_19.608022_80.364229,MH-002,0,0.01744060590863228,0
B,MH-002,MH-002_19.608022_80.364498,MH-002,1,0.015904584899544716,0
B,MH-002,MH-002_19.608022_80.364768,MH-002,1,0.015805426985025406,0
B,MH-002,MH-002_19.608022_80.365037,MH-002,1,0.023557957261800766,0
B,MH-002,MH-002_19.608022_80.365307,MH-002,0,0.02707652375102043,0
B,MH-002,MH-002_19.608022_80.365576,MH-002,0,0.029389550909399986,0
B,MH-002,MH-002_19.608022_80.366115,MH-002,0,0.02261361852288246,0
B,MH-002,MH-002_19.608022_80.366385,MH-002,0,0.01812979206442833,0
B,MH-002,MH-002_19.608022_80.366654,MH-002,0,0.011964716948568821,0
B,MH-002,MH-002_19.608022_80.367732,MH-002,0,0.008364776149392128,0
B,MH-002,MH-002_19.608022_80.368001,MH-002,0,0.009563377127051353,0
B,MH-002,MH-002_19.608022_80.368271,MH-002,0,0.00898236408829689,0
B,MH-002,MH-002_19.608022_80.36854,MH-002,0,0.00935959443449974,0
B,MH-002,MH-002_19.608022_80.36881,MH-002,0,0.011702822521328926,0
B,MH-002,MH-002_19.608022_80.369079,MH-002,0,0.012023432180285454,0
B,MH-002,MH-002_19.608022_80.369349,MH-002,0,0.017868928611278534,0
B,MH-002,MH-002_19.608022_80.369618,MH-002,0,0.02421686425805092,0
B,MH-002,MH-002_19.608022_80.369888,MH-002,0,0.02640524134039879,0
B,MH-002,MH-002_19.607752_80.363959,MH-002,0,0.012977433390915394,0
B,MH-002,MH-002_19.607752_80.364498,MH-002,1,0.010800527408719063,0
B,MH-002,MH-002_19.607752_80.364768,MH-002,0,0.009821486659348011,0
B,MH-002,MH-002_19.607752_80.365037,MH-002,0,0.01319469790905714,0
B,MH-002,MH-002_19.607752_80.365307,MH-002,0,0.020207220688462257,0
B,MH-002,MH-002_19.607752_80.365576,MH-002,0,0.02085479535162449,0
B,MH-002,MH-002_19.607752_80.366115,MH-002,0,0.023139143362641335,0
B,MH-002,MH-002_19.607752_80.366385,MH-002,0,0.01987960748374462,0
B,MH-002,MH-002_19.607752_80.367732,MH-002,0,0.014960669912397861,0
B,MH-002,MH-002_19.607752_80.368001,MH-002,0,0.020431000739336014,0
B,MH-002,MH-002_19.607752_80.368271,MH-002,0,0.018847642466425896,0
B,MH-002,MH-002_19.607752_80.36854,MH-002,0,0.020507872104644775,0
B,MH-002,MH-002_19.607752_80.369079,MH-002,0,0.020698662847280502,0
B,MH-002,MH-002_19.607752_80.369349,MH-002,0,0.03197662904858589,0
B,MH-002,MH-002_19.607752_80.369618,MH-002,0,0.039793211966753006,0
B,MH-002,MH-002_19.607752_80.369888,MH-002,0,0.052685823291540146,0
B,MH-002,MH-002_19.607483_80.363959,MH-002,1,0.008055778220295906,0
B,MH-002,MH-002_19.607483_80.364229,MH-002,0,0.007461939472705126,0
B,MH-002,MH-002_19.607483_80.364768,MH-002,0,0.007427065167576075,0
B,MH-002,MH-002_19.607483_80.365037,MH-002,0,0.00928842555731535,0
B,MH-002,MH-002_19.607483_80.365307,MH-002,0,0.01031876914203167,0
B,MH-002,MH-002_19.607483_80.365576,MH-002,0,0.009628640487790108,0
B,MH-002,MH-002_19.607483_80.365846,MH-002,0,0.010904764756560326,0
B,MH-002,MH-002_19.607483_80.366115,MH-002,0,0.01390891708433628,0
B,MH-002,MH-002_19.607483_80.367732,MH-002,0,0.01942049153149128,0
B,MH-002,MH-002_19.607483_80.368001,MH-002,0,0.02676277980208397,0
B,MH-002,MH-002_19.607483_80.368271,MH-002,1,0.024312203750014305,0
B,MH-002,MH-002_19.607483_80.369349,MH-002,0,0.03952622413635254,0
B,MH-002,MH-002_19.607483_80.369618,MH-002,0,0.05089890956878662,0
B,MH-002,MH-002_19.607483_80.369888,MH-002,0,0.05602492392063141,0
B,MH-002,MH-002_19.607213_80.363959,MH-002,0,0.007377678528428078,0
B,MH-002,MH-002_19.607213_80.364229,MH-002,0,0.004877664614468813,0
B,MH-002,MH-002_19.607213_80.367462,MH-002,0,0.016316233202815056,0
B,MH-002,MH-002_19.607213_80.367732,MH-002,0,0.02357674203813076,0
B,MH-002,MH-002_19.607213_80.368001,MH-002,0,0.02336716838181019,0
B,MH-002,MH-002_19.607213_80.368271,MH-002,1,0.02427915297448635,0
B,MH-002,MH-002_19.607213_80.369349,MH-002,0,0.03633926808834076,0
B,MH-002,MH-002_19.607213_80.369618,MH-002,0,0.0398714654147625,0
B,MH-002,MH-002_19.607213_80.369888,MH-002,0,0.054511092603206635,0
B,MH-002,MH-002_19.606944_80.367462,MH-002,0,0.010912878438830376,0
B,MH-002,MH-002_19.606405_80.363959,MH-002,0,0.004629889503121376,0
B,MH-002,MH-002_19.606405_80.364229,MH-002,0,0.003969982266426086,0
B,MH-002,MH-002_19.606405_80.364498,MH-002,0,0.0033296833280473948,0
B,MH-002,MH-002_19.606135_80.363959,MH-002,0,0.006277843378484249,0
B,MH-002,MH-002_19.606135_80.364229,MH-002,0,0.0054937610402703285,0
B,MH-002,MH-002_19.606135_80.364498,MH-002,0,0.005843117833137512,0
B,MH-002,MH-002_19.606135_80.364768,MH-002,0,0.004468426574021578,0
B,MH-002,MH-002_19.606135_80.365037,MH-002,0,0.005255013704299927,0
B,MH-002,MH-002_19.606135_80.365307,MH-002,0,0.003727735485881567,0
B,MH-002,MH-002_19.606135_80.365576,MH-002,0,0.004965488333255053,0
B,MH-002,MH-002_19.606135_80.365846,MH-002,0,0.0049441722221672535,0
B,MH-002,MH-002_19.606135_80.366115,MH-002,0,0.00697314040735364,0
B,MH-002,MH-002_19.605866_80.363959,MH-002,0,0.008674542419612408,0
B,MH-002,MH-002_19.605866_80.364229,MH-002,0,0.007376627065241337,0
B,MH-002,MH-002_19.605866_80.364498,MH-002,0,0.007543080952018499,0
B,MH-002,MH-002_19.605866_80.364768,MH-002,0,0.0063247368671,0
B,MH-002,MH-002_19.605866_80.365037,MH-002,0,0.007025257684290409,0
B,MH-002,MH-002_19.605866_80.365307,MH-002,0,0.004901864565908909,0
B,MH-002,MH-002_19.605866_80.365576,MH-002,0,0.005995349492877722,0
B,MH-002,MH-002_19.605866_80.365846,MH-002,0,0.0048153456300497055,0
B,MH-002,MH-002_19.605866_80.366115,MH-002,0,0.0048069460317492485,0
B,MH-002,MH-002_19.605866_80.366385,MH-002,0,0.0056699165143072605,0
B,MH-002,MH-002_19.605866_80.366654,MH-002,0,0.0057826777920126915,0
B,MH-002,MH-002_19.605866_80.366923,MH-002,0,0.006799830589443445,0
B,MH-002,MH-002_19.605866_80.367193,MH-002,0,0.006647901143878698,0
B,MH-002,MH-002_19.605866_80.367462,MH-002,0,0.010994530282914639,0
B,MH-002,MH-002_19.605866_80.367732,MH-002,0,0.009533105418086052,0
B,MH-002,MH-002_19.605866_80.368001,MH-002,0,0.011881436221301556,0
B,MH-002,MH-002_19.605596_80.363959,MH-002,0,0.018568705767393112,0
B,MH-002,MH-002_19.605596_80.364229,MH-002,0,0.016080399975180626,0
B,MH-002,MH-002_19.605596_80.364498,MH-002,0,0.01972680725157261,0
B,MH-002,MH-002_19.605596_80.364768,MH-002,0,0.015385786071419716,0
B,MH-002,MH-002_19.605596_80.365037,MH-002,0,0.016175979748368263,0
B,MH-002,MH-002_19.605596_80.365307,MH-002,0,0.008592908270657063,0
B,MH-002,MH-002_19.605596_80.365576,MH-002,0,0.00879803765565157,0
B,MH-002,MH-002_19.605596_80.365846,MH-002,0,0.008251708000898361,0
B,MH-002,MH-002_19.605596_80.366115,MH-002,0,0.00892368983477354,0
B,MH-002,MH-002_19.605596_80.366385,MH-002,0,0.009914844296872616,0
B,MH-002,MH-002_19.605596_80.366654,MH-002,0,0.011588433757424355,0
B,MH-002,MH-002_19.605596_80.366923,MH-002,0,0.009539924561977386,0
B,MH-002,MH-002_19.605596_80.367193,MH-002,0,0.010199090465903282,0
B,MH-002,MH-002_19.605596_80.367462,MH-002,0,0.011928030289709568,0
B,MH-002,MH-002_19.605596_80.367732,MH-002,0,0.010861663147807121,0
B,MH-002,MH-002_19.605596_80.368001,MH-002,0,0.010045059025287628,0
B,MH-002,MH-002_19.605596_80.368271,MH-002,0,0.008755137212574482,0
B,MH-002,MH-002_19.605596_80.36854,MH-002,0,0.008612005040049553,0
B,MH-002,MH-002_19.605596_80.36881,MH-002,0,0.0090344762429595,0
B,MH-002,MH-002_19.605327_80.363959,MH-002,0,0.025403426960110664,0
B,MH-002,MH-002_19.605327_80.364229,MH-002,0,0.019824735820293427,0
B,MH-002,MH-002_19.605327_80.364498,MH-002,0,0.02571026049554348,0
B,MH-002,MH-002_19.605327_80.364768,MH-002,1,0.017681222409009933,0
B,MH-002,MH-002_19.605327_80.365037,MH-002,0,0.01599247194826603,0
B,MH-002,MH-002_19.605327_80.365307,MH-002,0,0.010918577201664448,0
B,MH-002,MH-002_19.605327_80.365576,MH-002,0,0.010517627000808716,0
B,MH-002,MH-002_19.605327_80.365846,MH-002,0,0.007429628167301416,0
B,MH-002,MH-002_19.605327_80.366115,MH-002,0,0.006618705578148365,0
B,MH-002,MH-002_19.605327_80.366385,MH-002,1,0.007368140388280153,0
B,MH-002,MH-002_19.605327_80.366654,MH-002,0,0.007657464127987623,0
B,MH-002,MH-002_19.605327_80.366923,MH-002,0,0.008233729749917984,0
B,MH-002,MH-002_19.605327_80.367193,MH-002,0,0.006950337905436754,0
B,MH-002,MH-002_19.605327_80.367462,MH-002,0,0.010871917940676212,0
B,MH-002,MH-002_19.605327_80.367732,MH-002,0,0.010196543298661709,0
B,MH-002,MH-002_19.605327_80.368001,MH-002,0,0.013438655994832516,0
B,MH-002,MH-002_19.605327_80.368271,MH-002,0,0.008319192565977573,0
B,MH-002,MH-002_19.605327_80.36854,MH-002,0,0.009924637153744698,0
B,MH-002,MH-002_19.605327_80.36881,MH-002,0,0.008879400789737701,0
B,MH-002,MH-002_19.605327_80.369079,MH-002,0,0.009560789912939072,0
B,MH-002,MH-002_19.605327_80.369349,MH-002,1,0.009026176296174526,0
B,MH-002,MH-002_19.605327_80.369618,MH-002,0,0.009665007703006268,0
B,MH-002,MH-002_19.605057_80.363959,MH-002,0,0.04370274767279625,0
B,MH-002,MH-002_19.605057_80.364229,MH-002,0,0.04513469710946083,0
B,MH-002,MH-002_19.605057_80.364498,MH-002,0,0.05705873295664787,0
B,MH-002,MH-002_19.605057_80.364768,MH-002,0,0.04422205314040184,0
B,MH-002,MH-002_19.605057_80.365037,MH-002,0,0.047343458980321884,0
B,MH-002,MH-002_19.605057_80.365307,MH-002,0,0.027239855378866196,0
B,MH-002,MH-002_19.605057_80.365576,MH-002,0,0.02431068755686283,0
B,MH-002,MH-002_19.605057_80.365846,MH-002,0,0.015302933752536774,0
B,MH-002,MH-002_19.605057_80.366115,MH-002,0,0.014155354350805283,0
B,MH-002,MH-002_19.605057_80.366385,MH-002,0,0.011383839882910252,0
B,MH-002,MH-002_19.605057_80.366654,MH-002,0,0.01306542195379734,0
B,MH-002,MH-002_19.605057_80.366923,MH-002,0,0.009754898026585579,0
B,MH-002,MH-002_19.605057_80.367193,MH-002,0,0.007703658193349838,0
B,MH-002,MH-002_19.605057_80.367462,MH-002,0,0.009089082479476929,0
B,MH-002,MH-002_19.605057_80.367732,MH-002,0,0.00858665443956852,0
B,MH-002,MH-002_19.605057_80.368001,MH-002,0,0.007712612859904766,0
B,MH-002,MH-002_19.605057_80.368271,MH-002,0,0.006791913416236639,0
B,MH-002,MH-002_19.605057_80.36854,MH-002,0,0.0075853425078094006,0
B,MH-002,MH-002_19.605057_80.36881,MH-002,0,0.00778566999360919,0
B,MH-002,MH-002_19.605057_80.369079,MH-002,0,0.0071938191540539265,0
B,MH-002,MH-002_19.605057_80.369349,MH-002,0,0.006725521292537451,0
B,MH-002,MH-002_19.605057_80.369618,MH-002,0,0.009100805036723614,0
B,MH-002,MH-002_19.605057_80.369888,MH-002,0,0.012568440288305283,0
B,MH-002,MH-002_19.604788_80.363959,MH-002,1,0.13171808421611786,0
B,MH-002,MH-002_19.604788_80.364229,MH-002,0,0.11083804070949554,0
B,MH-002,MH-002_19.604788_80.364498,MH-002,0,0.14553537964820862,0
B,MH-002,MH-002_19.604788_80.364768,MH-002,0,0.10927616059780121,0
B,MH-002,MH-002_19.604788_80.366115,MH-002,0,0.033194005489349365,0
B,MH-002,MH-002_19.604788_80.366385,MH-002,0,0.021261027082800865,0
B,MH-002,MH-002_19.604788_80.366654,MH-002,0,0.02456705830991268,0
B,MH-002,MH-002_19.604788_80.366923,MH-002,0,0.018613284453749657,0
B,MH-002,MH-002_19.604788_80.367193,MH-002,0,0.015938952565193176,0
B,MH-002,MH-002_19.604788_80.367462,MH-002,0,0.015533261001110077,0
B,MH-002,MH-002_19.604788_80.367732,MH-002,0,0.013335959985852242,0
B,MH-002,MH-002_19.604788_80.368001,MH-002,0,0.011172582395374775,0
B,MH-002,MH-002_19.604788_80.368271,MH-002,0,0.008146359585225582,0
B,MH-002,MH-002_19.604788_80.36854,MH-002,0,0.009380259551107883,0
B,MH-002,MH-002_19.604788_80.36881,MH-002,0,0.00914997048676014,0
B,MH-002,MH-002_19.604788_80.369079,MH-002,0,0.007009464781731367,0
B,MH-002,MH-002_19.604788_80.369349,MH-002,0,0.006840281654149294,0
B,MH-002,MH-002_19.604788_80.369618,MH-002,0,0.007906824350357056,0
B,MH-002,MH-002_19.604788_80.369888,MH-002,0,0.010720527730882168,0
B,MH-002,MH-002_19.604518_80.363959,MH-002,0,0.3760524392127991,1
B,MH-002,MH-002_19.604518_80.364229,MH-002,0,0.3002375364303589,1
B,MH-002,MH-002_19.604518_80.364498,MH-002,0,0.27905234694480896,1
B,MH-002,MH-002_19.604518_80.365846,MH-002,0,0.08728280663490295,0
B,MH-002,MH-002_19.604518_80.366654,MH-002,0,0.04355592280626297,0
B,MH-002,MH-002_19.604518_80.366923,MH-002,0,0.043153416365385056,0
B,MH-002,MH-002_19.604518_80.367193,MH-002,0,0.031173057854175568,0
B,MH-002,MH-002_19.604518_80.367462,MH-002,0,0.026592032983899117,0
B,MH-002,MH-002_19.604518_80.367732,MH-002,0,0.02141941897571087,0
B,MH-002,MH-002_19.604518_80.368001,MH-002,0,0.0172751285135746,0
B,MH-002,MH-002_19.604518_80.368271,MH-002,0,0.012428121641278267,0
B,MH-002,MH-002_19.604518_80.36854,MH-002,0,0.014120515435934067,0
B,MH-002,MH-002_19.604518_80.36881,MH-002,0,0.01281384751200676,0
B,MH-002,MH-002_19.604518_80.369079,MH-002,0,0.01179275382310152,0
B,MH-002,MH-002_19.604518_80.369349,MH-002,0,0.010554303415119648,0
B,MH-002,MH-002_19.604518_80.369618,MH-002,0,0.010172677226364613,0
B,MH-002,MH-002_19.604518_80.369888,MH-002,1,0.012151747941970825,0
B,MH-002,MH-002_19.604249_80.363959,MH-002,0,0.5702897310256958,1
B,MH-002,MH-002_19.604249_80.364229,MH-002,0,0.4771304428577423,1
B,MH-002,MH-002_19.604249_80.364498,MH-002,0,0.37154659628868103,1
B,MH-002,MH-002_19.604249_80.365037,MH-002,0,0.3035077750682831,1
B,MH-002,MH-002_19.604249_80.365307,MH-002,0,0.19280140101909637,0
B,MH-002,MH-002_19.604249_80.365576,MH-002,0,0.15599793195724487,0
B,MH-002,MH-002_19.604249_80.365846,MH-002,0,0.10990846902132034,0
B,MH-002,MH-002_19.604249_80.366115,MH-002,0,0.09486284852027893,0
B,MH-002,MH-002_19.604249_80.366385,MH-002,0,0.06240515038371086,0
B,MH-002,MH-002_19.604249_80.367462,MH-002,0,0.033813536167144775,0
B,MH-002,MH-002_19.604249_80.367732,MH-002,0,0.03072980046272278,0
B,MH-002,MH-002_19.604249_80.368001,MH-002,0,0.027545474469661713,0
B,MH-002,MH-002_19.604249_80.368271,MH-002,0,0.022523006424307823,0
B,MH-002,MH-002_19.604249_80.36854,MH-002,0,0.02039831317961216,0
B,MH-002,MH-002_19.604249_80.36881,MH-002,0,0.021981315687298775,0
B,MH-002,MH-002_19.604249_80.369079,MH-002,0,0.021361714228987694,0
B,MH-002,MH-002_19.604249_80.369349,MH-002,0,0.01730540581047535,0
B,MH-002,MH-002_19.604249_80.369618,MH-002,0,0.015051604248583317,0
B,MH-002,MH-002_19.604249_80.369888,MH-002,0,0.01530622597783804,0
B,MH-002,MH-002_19.603979_80.363959,MH-002,0,0.7796114087104797,1
B,MH-002,MH-002_19.603979_80.364229,MH-002,0,0.5897064208984375,1
B,MH-002,MH-002_19.603979_80.364768,MH-002,0,0.28106164932250977,1
B,MH-002,MH-002_19.603979_80.365037,MH-002,0,0.30677661299705505,1
B,MH-002,MH-002_19.603979_80.365307,MH-002,1,0.19580048322677612,0
B,MH-002,MH-002_19.603979_80.365576,MH-002,1,0.17653661966323853,0
B,MH-002,MH-002_19.603979_80.365846,MH-002,0,0.12444722652435303,0
B,MH-002,MH-002_19.603979_80.366115,MH-002,0,0.11163818091154099,0
B,MH-002,MH-002_19.603979_80.366385,MH-002,0,0.0732865035533905,0
B,MH-002,MH-002_19.603979_80.366654,MH-002,0,0.07418189197778702,0
B,MH-002,MH-002_19.603979_80.366923,MH-002,0,0.05294951796531677,0
B,MH-002,MH-002_19.603979_80.367193,MH-002,0,0.04478762298822403,0
B,MH-002,MH-002_19.603979_80.368001,MH-002,0,0.031196625903248787,0
B,MH-002,MH-002_19.603979_80.368271,MH-002,0,0.02833426557481289,0
B,MH-002,MH-002_19.603979_80.36854,MH-002,0,0.03133418411016464,0
B,MH-002,MH-002_19.603979_80.36881,MH-002,0,0.030406910926103592,0
B,MH-002,MH-002_19.603979_80.369079,MH-002,0,0.027569573372602463,0
B,MH-002,MH-002_19.603979_80.369349,MH-002,0,0.02348702773451805,0
B,MH-002,MH-002_19.603979_80.369618,MH-002,0,0.022635629400610924,0
B,MH-002,MH-002_19.603979_80.369888,MH-002,0,0.02162327989935875,0
B,MH-002,MH-002_19.60371_80.363959,MH-002,0,0.8677036166191101,1
B,MH-002,MH-002_19.60371_80.364229,MH-002,0,0.6882261037826538,1
B,MH-002,MH-002_19.60371_80.364768,MH-002,0,0.3180418312549591,1
B,MH-002,MH-002_19.60371_80.365037,MH-002,0,0.3100038468837738,1
B,MH-002,MH-002_19.60371_80.365307,MH-002,0,0.15095126628875732,0
B,MH-002,MH-002_19.60371_80.365576,MH-002,1,0.12601518630981445,0
B,MH-002,MH-002_19.60371_80.365846,MH-002,0,0.09527946263551712,0
B,MH-002,MH-002_19.60371_80.366115,MH-002,0,0.10026748478412628,0
B,MH-002,MH-002_19.60371_80.366385,MH-002,0,0.06804563105106354,0
B,MH-002,MH-002_19.60371_80.366654,MH-002,0,0.05615866184234619,0
B,MH-002,MH-002_19.60371_80.366923,MH-002,0,0.048971302807331085,0
B,MH-002,MH-002_19.60371_80.367193,MH-002,0,0.043474484235048294,0
B,MH-002,MH-002_19.60371_80.368271,MH-002,0,0.03169785067439079,0
B,MH-002,MH-002_19.60371_80.36854,MH-002,0,0.035052862018346786,0
B,MH-002,MH-002_19.60371_80.36881,MH-002,0,0.03342152759432793,0
B,MH-002,MH-002_19.60371_80.369079,MH-002,0,0.030997958034276962,0
B,MH-002,MH-002_19.60371_80.369349,MH-002,0,0.02724226750433445,0
B,MH-002,MH-002_19.60371_80.369618,MH-002,0,0.02853313460946083,0
B,MH-002,MH-002_19.60371_80.369888,MH-002,0,0.02437620423734188,0
B,MH-002,MH-002_19.60344_80.363959,MH-002,0,0.9202083945274353,1
B,MH-002,MH-002_19.60344_80.364229,MH-002,0,0.741769552230835,1
B,MH-002,MH-002_19.60344_80.364768,MH-002,0,0.22473090887069702,0
B,MH-002,MH-002_19.60344_80.365037,MH-002,0,0.23656617105007172,0
B,MH-002,MH-002_19.60344_80.365307,MH-002,0,0.0998273491859436,0
B,MH-002,MH-002_19.60344_80.365576,MH-002,0,0.07590620964765549,0
B,MH-002,MH-002_19.60344_80.367732,MH-002,0,0.032812055200338364,0
B,MH-002,MH-002_19.60344_80.368001,MH-002,0,0.03428637608885765,0
B,MH-002,MH-002_19.60344_80.368271,MH-002,0,0.028397316113114357,0
B,MH-002,MH-002_19.60344_80.36854,MH-002,0,0.03369377180933952,0
B,MH-002,MH-002_19.60344_80.36881,MH-002,0,0.03338145464658737,0
B,MH-002,MH-002_19.60344_80.369079,MH-002,0,0.03508801385760307,0
B,MH-002,MH-002_19.60344_80.369349,MH-002,0,0.03203512355685234,0
B,MH-002,MH-002_19.60344_80.369618,MH-002,0,0.0343967042863369,0
B,MH-002,MH-002_19.60344_80.369888,MH-002,0,0.029352301731705666,0
B,MH-002,MH-002_19.603171_80.364768,MH-002,0,0.22171445190906525,0
B,MH-002,MH-002_19.603171_80.365037,MH-002,0,0.2156917154788971,0
B,MH-002,MH-002_19.603171_80.365307,MH-002,0,0.10258891433477402,0
B,MH-002,MH-002_19.603171_80.365846,MH-002,0,0.03708712384104729,0
B,MH-002,MH-002_19.603171_80.366115,MH-002,1,0.03779372572898865,0
B,MH-002,MH-002_19.603171_80.366385,MH-002,0,0.026694653555750847,0
B,MH-002,MH-002_19.603171_80.366654,MH-002,0,0.024830017238855362,0
B,MH-002,MH-002_19.603171_80.366923,MH-002,0,0.022490013390779495,0
B,MH-002,MH-002_19.603171_80.367193,MH-002,0,0.023915044963359833,0
B,MH-002,MH-002_19.603171_80.367462,MH-002,0,0.02470703423023224,0
B,MH-002,MH-002_19.603171_80.367732,MH-002,0,0.029700886458158493,0
B,MH-002,MH-002_19.603171_80.368001,MH-002,0,0.029192212969064713,0
B,MH-002,MH-002_19.603171_80.368271,MH-002,0,0.02535390853881836,0
B,MH-002,MH-002_19.603171_80.36854,MH-002,0,0.02867918461561203,0
B,MH-002,MH-002_19.603171_80.36881,MH-002,0,0.030339252203702927,0
B,MH-002,MH-002_19.603171_80.369618,MH-002,0,0.03825097158551216,0
B,MH-002,MH-002_19.603171_80.369888,MH-002,0,0.03800413757562637,0
B,MH-002,MH-002_19.602901_80.364498,MH-002,0,0.3745134770870209,1
B,MH-002,MH-002_19.602901_80.364768,MH-002,0,0.08385208249092102,0
B,MH-002,MH-002_19.602901_80.365037,MH-002,0,0.082730732858181,0
B,MH-002,MH-002_19.602901_80.365576,MH-002,0,0.02631426975131035,0
B,MH-002,MH-002_19.602901_80.365846,MH-002,1,0.020060203969478607,0
B,MH-002,MH-002_19.602901_80.366115,MH-002,0,0.025603312999010086,0
B,MH-002,MH-002_19.602901_80.366385,MH-002,0,0.020146869122982025,0
B,MH-002,MH-002_19.602901_80.366654,MH-002,0,0.02146649919450283,0
B,MH-002,MH-002_19.602901_80.366923,MH-002,0,0.018026314675807953,0
B,MH-002,MH-002_19.602901_80.367193,MH-002,0,0.02223043330013752,0
B,MH-002,MH-002_19.602901_80.367462,MH-002,0,0.023003200069069862,0
B,MH-002,MH-002_19.602901_80.367732,MH-002,0,0.02397804893553257,0
B,MH-002,MH-002_19.602901_80.368001,MH-002,0,0.027472175657749176,0
B,MH-002,MH-002_19.602901_80.368271,MH-002,0,0.021653570234775543,0
B,MH-002,MH-002_19.602901_80.36854,MH-002,0,0.03069661557674408,0
B,MH-002,MH-002_19.602901_80.36881,MH-002,0,0.028891347348690033,0
B,MH-002,MH-002_19.602901_80.369888,MH-002,0,0.04424302652478218,0
B,MH-002,MH-002_19.602632_80.364498,MH-002,0,0.21090355515480042,0
B,MH-002,MH-002_19.602632_80.365307,MH-002,0,0.017591867595911026,0
B,MH-002,MH-002_19.602632_80.365576,MH-002,0,0.014421314932405949,0
B,MH-002,MH-002_19.602632_80.365846,MH-002,0,0.016196709126234055,0
B,MH-002,MH-002_19.602632_80.366115,MH-002,0,0.025900742039084435,0
B,MH-002,MH-002_19.602632_80.366385,MH-002,0,0.018017064779996872,0
B,MH-002,MH-002_19.602632_80.366654,MH-002,0,0.017391465604305267,0
B,MH-002,MH-002_19.602632_80.366923,MH-002,0,0.014673282392323017,0
B,MH-002,MH-002_19.602632_80.367193,MH-002,0,0.01733614131808281,0
B,MH-002,MH-002_19.602632_80.367462,MH-002,0,0.017499536275863647,0
B,MH-002,MH-002_19.602632_80.367732,MH-002,0,0.01825030893087387,0
B,MH-002,MH-002_19.602632_80.368001,MH-002,0,0.0210261307656765,0
B,MH-002,MH-002_19.602632_80.368271,MH-002,0,0.017684418708086014,0
B,MH-002,MH-002_19.602632_80.36854,MH-002,0,0.024620136246085167,0
B,MH-002,MH-002_19.602632_80.36881,MH-002,0,0.02240024134516716,0
B,MH-002,MH-002_19.602362_80.364229,MH-002,0,0.24262426793575287,0
B,MH-002,MH-002_19.602362_80.365037,MH-002,0,0.01264102105051279,0
B,MH-002,MH-002_19.602362_80.365307,MH-002,0,0.005612590815871954,0
B,MH-002,MH-002_19.602362_80.365576,MH-002,0,0.007264126092195511,0
B,MH-002,MH-002_19.602362_80.365846,MH-002,0,0.008295755833387375,0
B,MH-002,MH-002_19.602362_80.366115,MH-002,0,0.014719627797603607,0
B,MH-002,MH-002_19.602362_80.366385,MH-002,0,0.013137180358171463,0
B,MH-002,MH-002_19.602362_80.366654,MH-002,0,0.015507570467889309,0
B,MH-002,MH-002_19.602362_80.366923,MH-002,0,0.013046915642917156,0
B,MH-002,MH-002_19.602362_80.367193,MH-002,0,0.01468874141573906,0
B,MH-002,MH-002_19.602362_80.367462,MH-002,0,0.014301561750471592,0
B,MH-002,MH-002_19.602362_80.367732,MH-002,0,0.013749328441917896,0
B,MH-002,MH-002_19.602362_80.368001,MH-002,0,0.015683172270655632,0
B,MH-002,MH-002_19.602362_80.368271,MH-002,0,0.013909355737268925,0
B,MH-002,MH-002_19.602362_80.36854,MH-002,0,0.02163524180650711,0
B,MH-002,MH-002_19.602362_80.36881,MH-002,0,0.02287474274635315,0
B,MH-002,MH-002_19.602362_80.369079,MH-002,0,0.030612904578447342,0
B,MH-002,MH-002_19.602362_80.369349,MH-002,0,0.03040359914302826,0
B,MH-002,MH-002_19.602362_80.369618,MH-002,0,0.036586154252290726,0
B,MH-002,MH-002_19.602093_80.363959,MH-002,0,0.5400291085243225,1
B,MH-002,MH-002_19.602093_80.364229,MH-002,0,0.10954568535089493,0
B,MH-002,MH-002_19.602093_80.364498,MH-002,0,0.04223327338695526,0
B,MH-002,MH-002_19.602093_80.365037,MH-002,0,0.007185058202594519,0
B,MH-002,MH-002_19.602093_80.365307,MH-002,0,0.004698129370808601,0
B,MH-002,MH-002_19.602093_80.365576,MH-002,0,0.004237885121256113,0
B,MH-002,MH-002_19.602093_80.365846,MH-002,0,0.006094586104154587,0
B,MH-002,MH-002_19.602093_80.366115,MH-002,0,0.012058043852448463,0
B,MH-002,MH-002_19.602093_80.366385,MH-002,0,0.013298504054546356,0
B,MH-002,MH-002_19.602093_80.366654,MH-002,0,0.016256973147392273,0
B,MH-002,MH-002_19.602093_80.366923,MH-002,0,0.012844083830714226,0
B,MH-002,MH-002_19.602093_80.367193,MH-002,0,0.014149853028357029,0
B,MH-002,MH-002_19.602093_80.367462,MH-002,0,0.01065832655876875,0
B,MH-002,MH-002_19.602093_80.367732,MH-002,0,0.01116939540952444,0
B,MH-002,MH-002_19.602093_80.368001,MH-002,0,0.011856013908982277,0
B,MH-002,MH-002_19.602093_80.368271,MH-002,0,0.011009426787495613,0
B,MH-002,MH-002_19.602093_80.36854,MH-002,0,0.017074022442102432,0
B,MH-002,MH-002_19.602093_80.36881,MH-002,0,0.020189620554447174,0
B,MH-002,MH-002_19.602093_80.369079,MH-002,0,0.02829842083156109,0
B,MH-002,MH-002_19.602093_80.369349,MH-002,1,0.029750455170869827,0
B,MH-002,MH-002_19.601823_80.363959,MH-002,0,0.07599040865898132,0
B,MH-002,MH-002_19.601823_80.364229,MH-002,0,0.01944963075220585,0
B,MH-002,MH-002_19.601823_80.364498,MH-002,0,0.004788961261510849,0
B,MH-002,MH-002_19.601823_80.365037,MH-002,0,0.0028402332682162523,0
B,MH-002,MH-002_19.601823_80.365307,MH-002,0,0.0013143651885911822,0
B,MH-002,MH-002_19.601823_80.365576,MH-002,0,0.0017512842314317822,0
B,MH-002,MH-002_19.601823_80.365846,MH-002,0,0.0028782289009541273,0
B,MH-002,MH-002_19.601823_80.366115,MH-002,0,0.008931131102144718,0
B,MH-002,MH-002_19.601823_80.366385,MH-002,0,0.010713925585150719,0
B,MH-002,MH-002_19.601823_80.366654,MH-002,0,0.01640680991113186,0
B,MH-002,MH-002_19.601823_80.366923,MH-002,0,0.011753181926906109,0
B,MH-002,MH-002_19.601823_80.367193,MH-002,0,0.012541069649159908,0
B,MH-002,MH-002_19.601823_80.367462,MH-002,0,0.009934570640325546,0
B,MH-002,MH-002_19.601823_80.367732,MH-002,0,0.009014246053993702,0
B,MH-002,MH-002_19.601823_80.368001,MH-002,0,0.009360730648040771,0
B,MH-002,MH-002_19.601823_80.368271,MH-002,0,0.01163241732865572,0
B,MH-002,MH-002_19.601823_80.36854,MH-002,0,0.016110438853502274,0
B,MH-002,MH-002_19.601823_80.36881,MH-002,0,0.022354504093527794,0
B,MH-002,MH-002_19.601823_80.369079,MH-002,0,0.03293268755078316,0
B,MH-002,MH-002_19.601823_80.369349,MH-002,0,0.02985934540629387,0
B,MH-002,MH-002_19.601554_80.363959,MH-002,0,0.01587832160294056,0
B,MH-002,MH-002_19.601554_80.365307,MH-002,0,0.0012722349492833018,0
B,MH-002,MH-002_19.601554_80.365576,MH-002,0,0.0020155657548457384,0
B,MH-002,MH-002_19.601554_80.365846,MH-002,0,0.004054803866893053,0
B,MH-002,MH-002_19.601554_80.366115,MH-002,0,0.010991244576871395,0
B,MH-002,MH-002_19.601554_80.367462,MH-002,0,0.010160858742892742,0
B,MH-002,MH-002_19.601554_80.367732,MH-002,0,0.009643852710723877,0
B,MH-002,MH-002_19.601554_80.368001,MH-002,0,0.009610005654394627,0
B,MH-002,MH-002_19.601554_80.368271,MH-002,0,0.012010179460048676,0
B,MH-002,MH-002_19.601554_80.36854,MH-002,0,0.017099352553486824,0
B,MH-002,MH-002_19.601554_80.36881,MH-002,0,0.022240115329623222,0
B,MH-002,MH-002_19.601554_80.369079,MH-002,0,0.03078732080757618,0
B,MH-002,MH-002_19.601554_80.369349,MH-002,0,0.03206584230065346,0
B,MH-002,MH-002_19.601554_80.369618,MH-002,0,0.03345708176493645,0
B,MH-002,MH-002_19.601554_80.369888,MH-002,0,0.039089545607566833,0
B,MH-002,MH-002_19.601284_80.365307,MH-002,0,0.001105859992094338,0
B,MH-002,MH-002_19.601284_80.365576,MH-002,0,0.0019953600130975246,0
B,MH-002,MH-002_19.601284_80.365846,MH-002,0,0.004090454429388046,0
B,MH-002,MH-002_19.601284_80.366115,MH-002,0,0.011254478245973587,0
B,MH-002,MH-002_19.601284_80.368001,MH-002,0,0.012993707321584225,0
B,MH-002,MH-002_19.601284_80.368271,MH-002,0,0.017372645437717438,0
B,MH-002,MH-002_19.601284_80.36854,MH-002,0,0.024823501706123352,0
B,MH-002,MH-002_19.601284_80.36881,MH-002,0,0.031160373240709305,0
B,MH-002,MH-002_19.601284_80.369079,MH-002,0,0.040113210678100586,0
B,MH-002,MH-002_19.601284_80.369349,MH-002,0,0.033459603786468506,0
B,MH-002,MH-002_19.601284_80.369618,MH-002,0,0.029460448771715164,0
B,MH-002,MH-002_19.601284_80.369888,MH-002,0,0.03475033864378929,0
B,MH-002,MH-002_19.601015_80.363959,MH-002,0,0.00019725217134691775,0
B,MH-002,MH-002_19.601015_80.364229,MH-002,0,0.0005382382078096271,0
B,MH-002,MH-002_19.601015_80.364498,MH-002,0,0.0008652493706904352,0
B,MH-002,MH-002_19.601015_80.364768,MH-002,0,0.0010994954500347376,0
B,MH-002,MH-002_19.601015_80.365037,MH-002,0,0.0017665950581431389,0
B,MH-002,MH-002_19.601015_80.365307,MH-002,0,0.0023824763484299183,0
B,MH-002,MH-002_19.601015_80.365576,MH-002,0,0.003651187289506197,0
B,MH-002,MH-002_19.601015_80.365846,MH-002,0,0.008415702730417252,0
B,MH-002,MH-002_19.601015_80.366654,MH-002,0,0.01933090202510357,0
B,MH-002,MH-002_19.601015_80.366923,MH-002,0,0.017136353999376297,0
B,MH-002,MH-002_19.601015_80.367193,MH-002,0,0.01794843189418316,0
B,MH-002,MH-002_19.601015_80.367462,MH-002,0,0.017226964235305786,0
B,MH-002,MH-002_19.601015_80.367732,MH-002,0,0.017029346898198128,0
B,MH-002,MH-002_19.601015_80.368001,MH-002,0,0.017077399417757988,0
B,MH-002,MH-002_19.601015_80.369079,MH-002,0,0.035228610038757324,0
B,MH-002,MH-002_19.601015_80.369349,MH-002,0,0.032172705978155136,0
B,MH-002,MH-002_19.601015_80.369618,MH-002,0,0.02987484261393547,0
B,MH-002,MH-002_19.601015_80.369888,MH-002,0,0.03150365129113197,0
B,MH-002,MH-002_19.600745_80.363959,MH-002,0,0.00030195919680409133,0
B,MH-002,MH-002_19.600745_80.364229,MH-002,0,0.0005701287882402539,0
B,MH-002,MH-002_19.600745_80.365037,MH-002,0,0.0031078767497092485,0
B,MH-002,MH-002_19.600745_80.365307,MH-002,0,0.004555374383926392,0
B,MH-002,MH-002_19.600745_80.365576,MH-002,0,0.008654097095131874,0
B,MH-002,MH-002_19.600745_80.365846,MH-002,0,0.01312454417347908,0
B,MH-002,MH-002_19.600745_80.366385,MH-002,0,0.011487576179206371,0
B,MH-002,MH-002_19.600745_80.366654,MH-002,0,0.01852271519601345,0
B,MH-002,MH-002_19.600745_80.366923,MH-002,0,0.017117690294981003,0
B,MH-002,MH-002_19.600745_80.367193,MH-002,0,0.016683146357536316,0
B,MH-002,MH-002_19.600745_80.367462,MH-002,0,0.014297147281467915,0
B,MH-002,MH-002_19.600745_80.367732,MH-002,0,0.01709957793354988,0
B,MH-002,MH-002_19.600745_80.368001,MH-002,0,0.016057878732681274,0
B,MH-002,MH-002_19.600745_80.368271,MH-002,0,0.01931237056851387,0
B,MH-002,MH-002_19.600745_80.36854,MH-002,0,0.021973207592964172,0
B,MH-002,MH-002_19.600745_80.369079,MH-002,0,0.041747692972421646,0
B,MH-002,MH-002_19.600745_80.369349,MH-002,0,0.03673872351646423,0
B,MH-002,MH-002_19.600745_80.369618,MH-002,0,0.02807803452014923,0
B,MH-002,MH-002_19.600745_80.369888,MH-002,0,0.029584847390651703,0
B,MH-002,MH-002_19.600476_80.363959,MH-002,1,0.00082480936544016,0
B,MH-002,MH-002_19.600476_80.365576,MH-002,0,0.01072288490831852,0
B,MH-002,MH-002_19.600476_80.366385,MH-002,1,0.017468761652708054,0
B,MH-002,MH-002_19.600476_80.366654,MH-002,1,0.02271481417119503,0
B,MH-002,MH-002_19.600476_80.366923,MH-002,1,0.02070959284901619,0
B,MH-002,MH-002_19.600476_80.367193,MH-002,1,0.020288268104195595,0
B,MH-002,MH-002_19.600476_80.368271,MH-002,1,0.020520968362689018,0
B,MH-002,MH-002_19.600476_80.36854,MH-002,0,0.02214808575809002,0
B,MH-002,MH-002_19.600476_80.369079,MH-002,0,0.047619812190532684,0
B,MH-002,MH-002_19.600476_80.369349,MH-002,0,0.039250630885362625,0
B,MH-002,MH-002_19.600476_80.369618,MH-002,0,0.037333354353904724,0
B,MH-002,MH-002_19.600476_80.369888,MH-002,0,0.027576981112360954,0
B,MH-002,MH-002_19.600206_80.364498,MH-002,0,0.0061177462339401245,0
B,MH-002,MH-002_19.600206_80.364768,MH-002,0,0.006584760267287493,0
B,MH-002,MH-002_19.600206_80.366654,MH-002,0,0.02779078483581543,0
B,MH-002,MH-002_19.600206_80.366923,MH-002,1,0.022055979818105698,0
B,MH-002,MH-002_19.600206_80.367193,MH-002,1,0.023702194914221764,0
B,MH-002,MH-002_19.600206_80.36881,MH-002,0,0.04303297773003578,0
B,MH-002,MH-002_19.600206_80.369079,MH-002,0,0.050958238542079926,0
B,MH-002,MH-002_19.600206_80.369349,MH-002,0,0.04857136309146881,0
B,MH-002,MH-002_19.600206_80.369618,MH-002,0,0.036295074969530106,0
B,MH-002,MH-002_19.600206_80.369888,MH-002,0,0.032536350190639496,0
B,MH-002,MH-002_19.599937_80.363959,MH-002,0,0.006748325657099485,0
B,MH-002,MH-002_19.599937_80.364229,MH-002,0,0.011348925530910492,0
B,MH-002,MH-002_19.599937_80.364498,MH-002,0,0.016564389690756798,0
B,MH-002,MH-002_19.599937_80.364768,MH-002,0,0.013160810805857182,0
B,MH-002,MH-002_19.599667_80.363959,MH-002,0,0.0384673997759819,0
B,MH-002,MH-002_19.599667_80.364229,MH-002,0,0.051442962139844894,0
B,MH-002,MH-002_19.599667_80.364498,MH-002,0,0.050013467669487,0
B,MH-002,MH-002_19.599667_80.364768,MH-002,0,0.02790256030857563,0
B,MH-002,MH-002_19.599398_80.363959,MH-002,0,0.18031646311283112,0
B,MH-002,MH-002_19.599398_80.364229,MH-002,0,0.15092040598392487,0
B,MH-002,MH-002_19.599398_80.364498,MH-002,0,0.11228998750448227,0
B,MH-002,MH-002_19.609639_80.376356,MH-002,0,0.030638301745057106,0
B,MH-002,MH-002_19.609369_80.376625,MH-002,0,0.041129857301712036,0
B,MH-002,MH-002_19.6091_80.376356,MH-002,0,0.023694848641753197,0
B,MH-002,MH-002_19.6091_80.376895,MH-002,0,0.05700857192277908,0
B,MH-002,MH-002_19.60883_80.377164,MH-002,0,0.04878629744052887,0
B,MH-002,MH-002_19.608561_80.377164,MH-002,0,0.04566008597612381,0
B,MH-002,MH-002_19.608561_80.377434,MH-002,0,0.05400647595524788,0
B,MH-002,MH-002_19.608291_80.376356,MH-002,0,0.024318737909197807,0
B,MH-002,MH-002_19.608291_80.376625,MH-002,0,0.03810626268386841,0
B,MH-002,MH-002_19.608291_80.376895,MH-002,0,0.03859817981719971,0
B,MH-002,MH-002_19.608291_80.377164,MH-002,0,0.042172618210315704,0
B,MH-002,MH-002_19.608291_80.377434,MH-002,0,0.044145047664642334,0
B,MH-002,MH-002_19.608291_80.377703,MH-002,0,0.05686486139893532,0
B,MH-002,MH-002_19.608022_80.376356,MH-002,0,0.02616926096379757,0
B,MH-002,MH-002_19.608022_80.376625,MH-002,0,0.032947175204753876,0
B,MH-002,MH-002_19.608022_80.376895,MH-002,0,0.03621269017457962,0
B,MH-002,MH-002_19.608022_80.377164,MH-002,0,0.03698742762207985,0
B,MH-002,MH-002_19.608022_80.377434,MH-002,0,0.04230891168117523,0
B,MH-002,MH-002_19.608022_80.377703,MH-002,0,0.04550222307443619,0
B,MH-002,MH-002_19.608022_80.377973,MH-002,0,0.042563777416944504,0
B,MH-002,MH-002_19.607752_80.376356,MH-002,0,0.024595286697149277,0
B,MH-002,MH-002_19.607752_80.376625,MH-002,0,0.031842783093452454,0
B,MH-002,MH-002_19.607752_80.376895,MH-002,0,0.03109751082956791,0
B,MH-002,MH-002_19.607752_80.377164,MH-002,0,0.035941969603300095,0
B,MH-002,MH-002_19.607752_80.377434,MH-002,0,0.03786788135766983,0
B,MH-002,MH-002_19.607752_80.377703,MH-002,0,0.04550395533442497,0
B,MH-002,MH-002_19.607752_80.377973,MH-002,0,0.04372759535908699,0
B,MH-002,MH-002_19.607752_80.378242,MH-002,0,0.05770758539438248,0
B,MH-002,MH-002_19.607483_80.376356,MH-002,0,0.029155520722270012,0
B,MH-002,MH-002_19.607483_80.376625,MH-002,0,0.03281954675912857,0
B,MH-002,MH-002_19.607483_80.376895,MH-002,0,0.03560521453619003,0
B,MH-002,MH-002_19.607483_80.377164,MH-002,0,0.03870004415512085,0
B,MH-002,MH-002_19.607483_80.377434,MH-002,0,0.04619576036930084,0
B,MH-002,MH-002_19.607483_80.377703,MH-002,0,0.051205240190029144,0
B,MH-002,MH-002_19.607483_80.377973,MH-002,0,0.05638411268591881,0
B,MH-002,MH-002_19.607483_80.378242,MH-002,0,0.07083696126937866,0
B,MH-002,MH-002_19.607483_80.378512,MH-002,0,0.06962773203849792,0
B,MH-002,MH-002_19.607483_80.378781,MH-002,0,0.08065313845872879,0
B,MH-002,MH-002_19.607213_80.376356,MH-002,1,0.025140050798654556,0
B,MH-002,MH-002_19.607213_80.376625,MH-002,0,0.032256267964839935,0
B,MH-002,MH-002_19.607213_80.376895,MH-002,0,0.03708028048276901,0
B,MH-002,MH-002_19.607213_80.377164,MH-002,0,0.04721260070800781,0
B,MH-002,MH-002_19.607213_80.377434,MH-002,0,0.052274979650974274,0
B,MH-002,MH-002_19.607213_80.377703,MH-002,0,0.05864470452070236,0
B,MH-002,MH-002_19.607213_80.377973,MH-002,0,0.05416856333613396,0
B,MH-002,MH-002_19.607213_80.378242,MH-002,0,0.06829220801591873,0
B,MH-002,MH-002_19.607213_80.378512,MH-002,0,0.06854361295700073,0
B,MH-002,MH-002_19.607213_80.378781,MH-002,0,0.07756892591714859,0
B,MH-002,MH-002_19.607213_80.379051,MH-002,0,0.07142810523509979,0
B,MH-002,MH-002_19.607213_80.37932,MH-002,0,0.06515583395957947,0
B,MH-002,MH-002_19.606944_80.376356,MH-002,0,0.03808337822556496,0
B,MH-002,MH-002_19.606944_80.376625,MH-002,1,0.04268542677164078,0
B,MH-002,MH-002_19.606944_80.376895,MH-002,1,0.04599175602197647,0
B,MH-002,MH-002_19.606944_80.377164,MH-002,0,0.05446159094572067,0
B,MH-002,MH-002_19.606944_80.377434,MH-002,0,0.06090552732348442,0
B,MH-002,MH-002_19.606944_80.377703,MH-002,0,0.06406624615192413,0
B,MH-002,MH-002_19.606944_80.377973,MH-002,0,0.0659242570400238,0
B,MH-002,MH-002_19.606944_80.378242,MH-002,0,0.07358760386705399,0
B,MH-002,MH-002_19.606944_80.378512,MH-002,0,0.07254045456647873,0
B,MH-002,MH-002_19.606944_80.378781,MH-002,0,0.07608639448881149,0
B,MH-002,MH-002_19.606944_80.379051,MH-002,0,0.0758608728647232,0
B,MH-002,MH-002_19.606944_80.37932,MH-002,0,0.0684731975197792,0
B,MH-002,MH-002_19.606944_80.37959,MH-002,0,0.07177700102329254,0
B,MH-002,MH-002_19.606944_80.379859,MH-002,0,0.05595516040921211,0
B,MH-002,MH-002_19.606674_80.376356,MH-002,0,0.041986916214227676,0
B,MH-002,MH-002_19.606674_80.376625,MH-002,1,0.05409134179353714,0
B,MH-002,MH-002_19.606674_80.376895,MH-002,1,0.048045821487903595,0
B,MH-002,MH-002_19.606674_80.377164,MH-002,0,0.05923837050795555,0
B,MH-002,MH-002_19.606674_80.377434,MH-002,0,0.05616113916039467,0
B,MH-002,MH-002_19.606674_80.377703,MH-002,0,0.069588303565979,0
B,MH-002,MH-002_19.606674_80.377973,MH-002,0,0.0662640631198883,0
B,MH-002,MH-002_19.606674_80.378242,MH-002,0,0.07084942609071732,0
B,MH-002,MH-002_19.606674_80.378512,MH-002,0,0.07220415025949478,0
B,MH-002,MH-002_19.606674_80.378781,MH-002,0,0.08610253781080246,0
B,MH-002,MH-002_19.606674_80.379051,MH-002,0,0.08056271076202393,0
B,MH-002,MH-002_19.606674_80.37932,MH-002,0,0.06766033917665482,0
B,MH-002,MH-002_19.606674_80.37959,MH-002,0,0.07082361727952957,0
B,MH-002,MH-002_19.606674_80.379859,MH-002,0,0.057437196373939514,0
B,MH-002,MH-002_19.606674_80.380129,MH-002,0,0.054460905492305756,0
B,MH-002,MH-002_19.606405_80.376356,MH-002,1,0.04519619420170784,0
B,MH-002,MH-002_19.606405_80.376625,MH-002,1,0.05535976588726044,0
B,MH-002,MH-002_19.606405_80.376895,MH-002,1,0.05743270367383957,0
B,MH-002,MH-002_19.606405_80.377164,MH-002,0,0.0702616423368454,0
B,MH-002,MH-002_19.606405_80.377434,MH-002,0,0.06756797432899475,0
B,MH-002,MH-002_19.606405_80.377703,MH-002,0,0.07320541143417358,0
B,MH-002,MH-002_19.606405_80.377973,MH-002,0,0.07451724261045456,0
B,MH-002,MH-002_19.606405_80.378242,MH-002,0,0.0730779692530632,0
B,MH-002,MH-002_19.606405_80.378512,MH-002,0,0.07371676713228226,0
B,MH-002,MH-002_19.606405_80.378781,MH-002,0,0.07675205916166306,0
B,MH-002,MH-002_19.606405_80.379051,MH-002,0,0.08415111154317856,0
B,MH-002,MH-002_19.606405_80.37932,MH-002,0,0.06393938511610031,0
B,MH-002,MH-002_19.606405_80.37959,MH-002,0,0.06673543900251389,0
B,MH-002,MH-002_19.606405_80.379859,MH-002,0,0.05187145620584488,0
B,MH-002,MH-002_19.606405_80.380129,MH-002,0,0.06013239920139313,0
B,MH-002,MH-002_19.606135_80.376356,MH-002,1,0.06579200178384781,0
B,MH-002,MH-002_19.606135_80.376625,MH-002,1,0.07652363926172256,0
B,MH-002,MH-002_19.606135_80.376895,MH-002,1,0.07447480410337448,0
B,MH-002,MH-002_19.606135_80.377164,MH-002,1,0.09833483397960663,0
B,MH-002,MH-002_19.606135_80.377434,MH-002,0,0.08807379752397537,0
B,MH-002,MH-002_19.606135_80.377703,MH-002,0,0.09149704873561859,0
B,MH-002,MH-002_19.606135_80.377973,MH-002,0,0.0833270326256752,0
B,MH-002,MH-002_19.606135_80.378242,MH-002,0,0.07876169681549072,0
B,MH-002,MH-002_19.606135_80.378512,MH-002,0,0.0742737203836441,0
B,MH-002,MH-002_19.606135_80.378781,MH-002,0,0.08490687608718872,0
B,MH-002,MH-002_19.606135_80.379051,MH-002,0,0.0767873153090477,0
B,MH-002,MH-002_19.606135_80.37932,MH-002,0,0.0666622444987297,0
B,MH-002,MH-002_19.606135_80.37959,MH-002,0,0.06701134890317917,0
B,MH-002,MH-002_19.606135_80.379859,MH-002,0,0.05299000069499016,0
B,MH-002,MH-002_19.606135_80.380129,MH-002,0,0.05122024193406105,0
B,MH-002,MH-002_19.605866_80.376356,MH-002,1,0.06425442546606064,0
B,MH-002,MH-002_19.605866_80.376625,MH-002,1,0.07894796878099442,0
B,MH-002,MH-002_19.605866_80.376895,MH-002,0,0.07155515998601913,0
B,MH-002,MH-002_19.605866_80.377164,MH-002,0,0.08624890446662903,0
B,MH-002,MH-002_19.605866_80.377434,MH-002,0,0.07857406884431839,0
B,MH-002,MH-002_19.605866_80.377703,MH-002,0,0.07986430823802948,0
B,MH-002,MH-002_19.605866_80.377973,MH-002,0,0.07807192206382751,0
B,MH-002,MH-002_19.605866_80.378242,MH-002,0,0.07473637163639069,0
B,MH-002,MH-002_19.605866_80.378512,MH-002,0,0.07774632424116135,0
B,MH-002,MH-002_19.605866_80.378781,MH-002,0,0.07164311408996582,0
B,MH-002,MH-002_19.605866_80.379051,MH-002,0,0.07681626826524734,0
B,MH-002,MH-002_19.605866_80.37932,MH-002,0,0.06878125667572021,0
B,MH-002,MH-002_19.605866_80.37959,MH-002,0,0.06934799998998642,0
B,MH-002,MH-002_19.605866_80.379859,MH-002,0,0.05311772599816322,0
B,MH-002,MH-002_19.605866_80.380129,MH-002,0,0.06250132620334625,0
B,MH-002,MH-002_19.605596_80.376356,MH-002,1,0.07077819854021072,0
B,MH-002,MH-002_19.605596_80.376625,MH-002,0,0.08273877203464508,0
B,MH-002,MH-002_19.605596_80.376895,MH-002,0,0.07527363300323486,0
B,MH-002,MH-002_19.605596_80.377164,MH-002,0,0.08351868391036987,0
B,MH-002,MH-002_19.605596_80.377434,MH-002,0,0.07766128331422806,0
B,MH-002,MH-002_19.605596_80.377703,MH-002,0,0.07876614481210709,0
B,MH-002,MH-002_19.605596_80.377973,MH-002,0,0.06951157748699188,0
B,MH-002,MH-002_19.605596_80.378242,MH-002,0,0.07417339086532593,0
B,MH-002,MH-002_19.605596_80.378512,MH-002,0,0.06569389998912811,0
B,MH-002,MH-002_19.605596_80.378781,MH-002,0,0.07090407609939575,0
B,MH-002,MH-002_19.605596_80.379051,MH-002,0,0.06791385263204575,0
B,MH-002,MH-002_19.605596_80.37932,MH-002,0,0.06864765286445618,0
B,MH-002,MH-002_19.605596_80.37959,MH-002,0,0.06290747225284576,0
B,MH-002,MH-002_19.605596_80.379859,MH-002,0,0.05773323029279709,0
B,MH-002,MH-002_19.605596_80.380129,MH-002,0,0.06414318829774857,0
B,MH-002,MH-002_19.605327_80.376356,MH-002,1,0.06787100434303284,0
B,MH-002,MH-002_19.605327_80.376625,MH-002,1,0.07536196708679199,0
B,MH-002,MH-002_19.605327_80.376895,MH-002,0,0.06630999594926834,0
B,MH-002,MH-002_19.605327_80.377164,MH-002,1,0.06896820664405823,0
B,MH-002,MH-002_19.605327_80.377434,MH-002,0,0.07420838624238968,0
B,MH-002,MH-002_19.605327_80.377703,MH-002,0,0.07238920778036118,0
B,MH-002,MH-002_19.605327_80.377973,MH-002,0,0.06394285708665848,0
B,MH-002,MH-002_19.605327_80.378242,MH-002,0,0.0705883726477623,0
B,MH-002,MH-002_19.605327_80.378512,MH-002,0,0.07002807408571243,0
B,MH-002,MH-002_19.605327_80.378781,MH-002,0,0.06982404738664627,0
B,MH-002,MH-002_19.605327_80.379051,MH-002,0,0.06705918163061142,0
B,MH-002,MH-002_19.605327_80.37932,MH-002,0,0.06329067796468735,0
B,MH-002,MH-002_19.605327_80.37959,MH-002,0,0.07544372975826263,0
B,MH-002,MH-002_19.605327_80.379859,MH-002,0,0.06928624212741852,0
B,MH-002,MH-002_19.605327_80.380129,MH-002,0,0.06664998829364777,0
B,MH-002,MH-002_19.605327_80.380398,MH-002,0,0.05476298928260803,0
B,MH-002,MH-002_19.605057_80.376356,MH-002,0,0.06461336463689804,0
B,MH-002,MH-002_19.605057_80.376625,MH-002,0,0.07366722077131271,0
B,MH-002,MH-002_19.605057_80.376895,MH-002,0,0.06130397319793701,0
B,MH-002,MH-002_19.605057_80.377164,MH-002,0,0.0652855783700943,0
B,MH-002,MH-002_19.605057_80.377434,MH-002,0,0.0697024017572403,0
B,MH-002,MH-002_19.605057_80.377703,MH-002,0,0.061966847628355026,0
B,MH-002,MH-002_19.605057_80.377973,MH-002,0,0.05495321378111839,0
B,MH-002,MH-002_19.605057_80.378242,MH-002,0,0.06998513638973236,0
B,MH-002,MH-002_19.605057_80.378512,MH-002,0,0.06373386830091476,0
B,MH-002,MH-002_19.605057_80.378781,MH-002,0,0.07977506518363953,0
B,MH-002,MH-002_19.605057_80.379051,MH-002,0,0.06369851529598236,0
B,MH-002,MH-002_19.605057_80.37932,MH-002,0,0.06791629642248154,0
B,MH-002,MH-002_19.605057_80.37959,MH-002,0,0.06931323558092117,0
B,MH-002,MH-002_19.605057_80.379859,MH-002,0,0.06879599392414093,0
B,MH-002,MH-002_19.605057_80.380129,MH-002,0,0.062263358384370804,0
B,MH-002,MH-002_19.605057_80.380398,MH-002,0,0.05322565883398056,0
B,MH-002,MH-002_19.604788_80.376356,MH-002,0,0.07043913006782532,0
B,MH-002,MH-002_19.604788_80.376625,MH-002,0,0.07103697210550308,0
B,MH-002,MH-002_19.604788_80.376895,MH-002,1,0.058341678231954575,0
B,MH-002,MH-002_19.604788_80.377164,MH-002,0,0.05830976366996765,0
B,MH-002,MH-002_19.604788_80.377434,MH-002,0,0.06014329567551613,0
B,MH-002,MH-002_19.604788_80.377703,MH-002,0,0.05698389187455177,0
B,MH-002,MH-002_19.604788_80.378781,MH-002,0,0.08704029768705368,0
B,MH-002,MH-002_19.604788_80.379051,MH-002,0,0.06668129563331604,0
B,MH-002,MH-002_19.604788_80.37932,MH-002,0,0.06494710594415665,0
B,MH-002,MH-002_19.604788_80.37959,MH-002,0,0.0629638060927391,0
B,MH-002,MH-002_19.604788_80.379859,MH-002,0,0.06190731003880501,0
B,MH-002,MH-002_19.604788_80.380129,MH-002,0,0.0641898587346077,0
B,MH-002,MH-002_19.604788_80.380398,MH-002,0,0.053397197276353836,0
B,MH-002,MH-002_19.604518_80.376356,MH-002,0,0.06929132342338562,0
B,MH-002,MH-002_19.604518_80.376625,MH-002,1,0.05614898353815079,0
B,MH-002,MH-002_19.604518_80.376895,MH-002,0,0.04181841388344765,0
B,MH-002,MH-002_19.604518_80.377164,MH-002,0,0.04143558815121651,0
B,MH-002,MH-002_19.604518_80.377434,MH-002,0,0.04935522750020027,0
B,MH-002,MH-002_19.604518_80.378242,MH-002,0,0.05544565990567207,0
B,MH-002,MH-002_19.604518_80.379051,MH-002,0,0.06006326153874397,0
B,MH-002,MH-002_19.604518_80.37932,MH-002,0,0.06364626437425613,0
B,MH-002,MH-002_19.604518_80.37959,MH-002,0,0.05582727491855621,0
B,MH-002,MH-002_19.604518_80.379859,MH-002,0,0.06240738555788994,0
B,MH-002,MH-002_19.604518_80.380129,MH-002,0,0.05949114263057709,0
B,MH-002,MH-002_19.604518_80.380398,MH-002,0,0.0596451610326767,0
B,MH-002,MH-002_19.604249_80.376356,MH-002,0,0.06849052011966705,0
B,MH-002,MH-002_19.604249_80.376625,MH-002,1,0.05006646364927292,0
B,MH-002,MH-002_19.604249_80.377164,MH-002,0,0.03402087837457657,0
B,MH-002,MH-002_19.604249_80.377973,MH-002,0,0.05142940953373909,0
B,MH-002,MH-002_19.604249_80.378242,MH-002,0,0.0627068504691124,0
B,MH-002,MH-002_19.604249_80.378512,MH-002,0,0.08143126219511032,0
B,MH-002,MH-002_19.604249_80.379051,MH-002,0,0.07632415741682053,0
B,MH-002,MH-002_19.604249_80.37932,MH-002,0,0.07386519759893417,0
B,MH-002,MH-002_19.604249_80.37959,MH-002,0,0.07734616845846176,0
B,MH-002,MH-002_19.604249_80.379859,MH-002,0,0.07410336285829544,0
B,MH-002,MH-002_19.604249_80.380129,MH-002,0,0.06245458498597145,0
B,MH-002,MH-002_19.604249_80.380398,MH-002,0,0.059888631105422974,0
B,MH-002,MH-002_19.603979_80.376356,MH-002,0,0.044315703213214874,0
B,MH-002,MH-002_19.603979_80.376625,MH-002,0,0.0347881019115448,0
B,MH-002,MH-002_19.603979_80.376895,MH-002,0,0.031290989369153976,0
B,MH-002,MH-002_19.603979_80.377164,MH-002,0,0.03217361122369766,0
B,MH-002,MH-002_19.603979_80.378242,MH-002,0,0.05625884607434273,0
B,MH-002,MH-002_19.603979_80.379051,MH-002,0,0.0709398165345192,0
B,MH-002,MH-002_19.603979_80.37932,MH-002,0,0.07254976034164429,0
B,MH-002,MH-002_19.603979_80.37959,MH-002,0,0.06673107296228409,0
B,MH-002,MH-002_19.603979_80.379859,MH-002,0,0.07461053878068924,0
B,MH-002,MH-002_19.603979_80.380129,MH-002,0,0.06535609811544418,0
B,MH-002,MH-002_19.603979_80.380398,MH-002,0,0.058236733078956604,0
B,MH-002,MH-002_19.60371_80.376356,MH-002,0,0.03177284821867943,0
B,MH-002,MH-002_19.60371_80.376625,MH-002,0,0.029521888121962547,0
B,MH-002,MH-002_19.60371_80.376895,MH-002,1,0.02990608848631382,0
B,MH-002,MH-002_19.60371_80.377164,MH-002,0,0.03447987511754036,0
B,MH-002,MH-002_19.60371_80.377973,MH-002,0,0.04721542447805405,0
B,MH-002,MH-002_19.60371_80.379051,MH-002,0,0.07619691640138626,0
B,MH-002,MH-002_19.60371_80.37932,MH-002,0,0.06489153206348419,0
B,MH-002,MH-002_19.60371_80.37959,MH-002,0,0.06573841720819473,0
B,MH-002,MH-002_19.60371_80.379859,MH-002,0,0.07025977224111557,0
B,MH-002,MH-002_19.60371_80.380129,MH-002,0,0.052478790283203125,0
B,MH-002,MH-002_19.60371_80.380398,MH-002,0,0.05017450079321861,0
B,MH-002,MH-002_19.60344_80.376356,MH-002,0,0.02437896654009819,0
B,MH-002,MH-002_19.60344_80.376625,MH-002,0,0.02278374694287777,0
B,MH-002,MH-002_19.60344_80.376895,MH-002,0,0.023791691288352013,0
B,MH-002,MH-002_19.60344_80.377164,MH-002,1,0.03005623258650303,0
B,MH-002,MH-002_19.60344_80.378242,MH-002,0,0.049658048897981644,0
B,MH-002,MH-002_19.60344_80.378512,MH-002,0,0.059335533529520035,0
B,MH-002,MH-002_19.60344_80.379051,MH-002,0,0.06478315591812134,0
B,MH-002,MH-002_19.60344_80.37932,MH-002,0,0.0609423853456974,0
B,MH-002,MH-002_19.60344_80.37959,MH-002,0,0.04788415879011154,0
B,MH-002,MH-002_19.60344_80.379859,MH-002,0,0.051540397107601166,0
B,MH-002,MH-002_19.60344_80.380129,MH-002,0,0.03673306480050087,0
B,MH-002,MH-002_19.60344_80.380398,MH-002,0,0.039266619831323624,0
B,MH-002,MH-002_19.603171_80.376356,MH-002,0,0.01583300717175007,0
B,MH-002,MH-002_19.603171_80.376625,MH-002,0,0.026459552347660065,0
B,MH-002,MH-002_19.603171_80.376895,MH-002,0,0.028470972552895546,0
B,MH-002,MH-002_19.603171_80.377164,MH-002,1,0.03376554697751999,0
B,MH-002,MH-002_19.603171_80.378242,MH-002,0,0.05761280655860901,0
B,MH-002,MH-002_19.603171_80.378512,MH-002,0,0.06231436878442764,0
B,MH-002,MH-002_19.603171_80.37932,MH-002,0,0.054872624576091766,0
B,MH-002,MH-002_19.603171_80.37959,MH-002,0,0.04283611476421356,0
B,MH-002,MH-002_19.603171_80.379859,MH-002,0,0.0352388471364975,0
B,MH-002,MH-002_19.603171_80.380129,MH-002,0,0.03156626224517822,0
B,MH-002,MH-002_19.603171_80.380398,MH-002,0,0.03459197282791138,0
B,MH-002,MH-002_19.602901_80.376625,MH-002,0,0.015999730676412582,0
B,MH-002,MH-002_19.602901_80.376895,MH-002,0,0.02127285860478878,0
B,MH-002,MH-002_19.602901_80.377164,MH-002,0,0.026296988129615784,0
B,MH-002,MH-002_19.602901_80.379051,MH-002,0,0.05061822757124901,0
B,MH-002,MH-002_19.602901_80.37932,MH-002,0,0.04925914481282234,0
B,MH-002,MH-002_19.602901_80.380129,MH-002,0,0.024171143770217896,0
B,MH-002,MH-002_19.602901_80.380398,MH-002,0,0.02197626233100891,0
B,MH-002,MH-002_19.602632_80.376356,MH-002,0,0.009184246882796288,0
B,MH-002,MH-002_19.602632_80.376895,MH-002,0,0.016727102920413017,0
B,MH-002,MH-002_19.602632_80.377434,MH-002,0,0.014926396310329437,0
B,MH-002,MH-002_19.602632_80.377703,MH-002,0,0.01896689459681511,0
B,MH-002,MH-002_19.602632_80.377973,MH-002,1,0.022250421345233917,0
B,MH-002,MH-002_19.602632_80.378781,MH-002,0,0.0473586842417717,0
B,MH-002,MH-002_19.602632_80.379051,MH-002,0,0.05380236357450485,0
B,MH-002,MH-002_19.602632_80.37932,MH-002,0,0.036331597715616226,0
B,MH-002,MH-002_19.602632_80.37959,MH-002,0,0.026095498353242874,0
B,MH-002,MH-002_19.602632_80.379859,MH-002,0,0.02306474931538105,0
B,MH-002,MH-002_19.602632_80.380398,MH-002,0,0.020873507484793663,0
B,MH-002,MH-002_19.602362_80.376356,MH-002,0,0.007581212092190981,0
B,MH-002,MH-002_19.602362_80.376625,MH-002,0,0.009406535886228085,0
B,MH-002,MH-002_19.602362_80.376895,MH-002,0,0.011646373197436333,0
B,MH-002,MH-002_19.602362_80.377164,MH-002,0,0.010558944195508957,0
B,MH-002,MH-002_19.602362_80.377434,MH-002,0,0.009549097158014774,0
B,MH-002,MH-002_19.602362_80.377703,MH-002,0,0.01280510425567627,0
B,MH-002,MH-002_19.602362_80.377973,MH-002,0,0.015093264169991016,0
B,MH-002,MH-002_19.602362_80.379051,MH-002,0,0.02346448227763176,0
B,MH-002,MH-002_19.602362_80.37932,MH-002,0,0.023447846993803978,0
B,MH-002,MH-002_19.602362_80.37959,MH-002,0,0.015485200099647045,0
B,MH-002,MH-002_19.602362_80.379859,MH-002,0,0.01724104769527912,0
B,MH-002,MH-002_19.602093_80.376356,MH-002,0,0.004823203198611736,0
B,MH-002,MH-002_19.602093_80.376625,MH-002,0,0.0069171530194580555,0
B,MH-002,MH-002_19.602093_80.376895,MH-002,0,0.007415034808218479,0
B,MH-002,MH-002_19.602093_80.37932,MH-002,0,0.014583935961127281,0
B,MH-002,MH-002_19.602093_80.37959,MH-002,0,0.011352617293596268,0
B,MH-002,MH-002_19.602093_80.379859,MH-002,0,0.013143511489033699,0
B,MH-002,MH-002_19.602093_80.380129,MH-002,0,0.011447570286691189,0
B,MH-002,MH-002_19.601823_80.378781,MH-002,0,0.01575816608965397,0
B,MH-002,MH-002_19.601823_80.379051,MH-002,0,0.01176313403993845,0
B,MH-002,MH-002_19.601823_80.37932,MH-002,0,0.011951589956879616,0
B,MH-002,MH-002_19.601823_80.37959,MH-002,0,0.00940100196748972,0
B,MH-002,MH-002_19.601823_80.379859,MH-002,0,0.011021682061254978,0
B,MH-002,MH-002_19.601554_80.379051,MH-002,0,0.009532592259347439,0
B,MH-002,MH-002_19.601554_80.37932,MH-002,0,0.008590921759605408,0
B,MH-002,MH-002_19.601554_80.37959,MH-002,0,0.006401609629392624,0
B,MH-002,MH-002_19.601554_80.379859,MH-002,0,0.007424734532833099,0
B,MH-002,MH-002_19.601554_80.380398,MH-002,0,0.011699607595801353,0
B,MH-002,MH-002_19.601284_80.376356,MH-002,0,0.00398956798017025,0
B,MH-002,MH-002_19.601284_80.377434,MH-002,0,0.007597736548632383,0
B,MH-002,MH-002_19.601284_80.377703,MH-002,0,0.00889847707003355,0
B,MH-002,MH-002_19.601284_80.377973,MH-002,0,0.009447340853512287,0
B,MH-002,MH-002_19.601284_80.378242,MH-002,1,0.009481202811002731,0
B,MH-002,MH-002_19.601284_80.37932,MH-002,0,0.005295342765748501,0
B,MH-002,MH-002_19.601284_80.380129,MH-002,0,0.007797030732035637,0
B,MH-002,MH-002_19.601284_80.380398,MH-002,0,0.010344717651605606,0
B,MH-002,MH-002_19.601015_80.376356,MH-002,0,0.005238500889390707,0
B,MH-002,MH-002_19.601015_80.376625,MH-002,0,0.006373237818479538,0
B,MH-002,MH-002_19.601015_80.376895,MH-002,0,0.007328118197619915,0
B,MH-002,MH-002_19.601015_80.377434,MH-002,0,0.00804076436907053,0
B,MH-002,MH-002_19.601015_80.377703,MH-002,0,0.010342936031520367,0
B,MH-002,MH-002_19.601015_80.377973,MH-002,0,0.009156838059425354,0
B,MH-002,MH-002_19.601015_80.378242,MH-002,0,0.011649140156805515,0
B,MH-002,MH-002_19.601015_80.378512,MH-002,0,0.009344357997179031,0
B,MH-002,MH-002_19.601015_80.378781,MH-002,0,0.007292888127267361,0
B,MH-002,MH-002_19.601015_80.37959,MH-002,0,0.004183860961347818,0
B,MH-002,MH-002_19.601015_80.379859,MH-002,0,0.0048453244380652905,0
B,MH-002,MH-002_19.601015_80.380129,MH-002,0,0.006835572887212038,0
B,MH-002,MH-002_19.601015_80.380398,MH-002,0,0.01000218465924263,0
B,MH-002,MH-002_19.600745_80.376356,MH-002,0,0.008266831748187542,0
B,MH-002,MH-002_19.600745_80.376625,MH-002,0,0.007970028556883335,0
B,MH-002,MH-002_19.600745_80.376895,MH-002,0,0.010011926293373108,0
B,MH-002,MH-002_19.600745_80.377164,MH-002,0,0.0077837868593633175,0
B,MH-002,MH-002_19.600745_80.377434,MH-002,0,0.0077554816380143166,0
B,MH-002,MH-002_19.600745_80.377703,MH-002,0,0.007828641682863235,0
B,MH-002,MH-002_19.600745_80.377973,MH-002,0,0.006476160604506731,0
B,MH-002,MH-002_19.600745_80.378242,MH-002,0,0.006242169998586178,0
B,MH-002,MH-002_19.600745_80.378512,MH-002,0,0.0051915887743234634,0
B,MH-002,MH-002_19.600745_80.378781,MH-002,0,0.004920079838484526,0
B,MH-002,MH-002_19.600745_80.379051,MH-002,1,0.004847884643822908,0
B,MH-002,MH-002_19.600745_80.37959,MH-002,0,0.004449577536433935,0
B,MH-002,MH-002_19.600745_80.379859,MH-002,0,0.004699706099927425,0
B,MH-002,MH-002_19.600745_80.380129,MH-002,0,0.005562872625887394,0
B,MH-002,MH-002_19.600745_80.380398,MH-002,0,0.008397931233048439,0
B,MH-002,MH-002_19.600476_80.376356,MH-002,0,0.010678877122700214,0
B,MH-002,MH-002_19.600476_80.376625,MH-002,0,0.009914100170135498,0
B,MH-002,MH-002_19.600476_80.376895,MH-002,0,0.01020944956690073,0
B,MH-002,MH-002_19.600476_80.377164,MH-002,0,0.007829567417502403,0
B,MH-002,MH-002_19.600476_80.377434,MH-002,0,0.006926695350557566,0
B,MH-002,MH-002_19.600476_80.377703,MH-002,0,0.006966961547732353,0
B,MH-002,MH-002_19.600476_80.377973,MH-002,1,0.005732282064855099,0
B,MH-002,MH-002_19.600476_80.378242,MH-002,0,0.004946532659232616,0
B,MH-002,MH-002_19.600476_80.378512,MH-002,0,0.0035873025190085173,0
B,MH-002,MH-002_19.600476_80.378781,MH-002,0,0.003761230269446969,0
B,MH-002,MH-002_19.600476_80.379051,MH-002,0,0.0039221360348165035,0
B,MH-002,MH-002_19.600476_80.37932,MH-002,0,0.004658665973693132,0
B,MH-002,MH-002_19.600476_80.37959,MH-002,0,0.0046660928055644035,0
B,MH-002,MH-002_19.600476_80.379859,MH-002,0,0.005960509181022644,0
B,MH-002,MH-002_19.600476_80.380129,MH-002,0,0.006886640097945929,0
B,MH-002,MH-002_19.600476_80.380398,MH-002,0,0.009728742763400078,0
B,MH-002,MH-002_19.600206_80.376356,MH-002,0,0.021407458931207657,0
B,MH-002,MH-002_19.600206_80.376625,MH-002,0,0.016079185530543327,0
B,MH-002,MH-002_19.600206_80.376895,MH-002,0,0.015046629123389721,0
B,MH-002,MH-002_19.600206_80.377164,MH-002,0,0.008696367964148521,0
B,MH-002,MH-002_19.600206_80.377434,MH-002,1,0.006028071511536837,0
B,MH-002,MH-002_19.600206_80.377703,MH-002,0,0.004862670786678791,0
B,MH-002,MH-002_19.600206_80.377973,MH-002,0,0.00469115749001503,0
B,MH-002,MH-002_19.600206_80.378242,MH-002,0,0.003452947363257408,0
B,MH-002,MH-002_19.600206_80.378512,MH-002,0,0.00346940103918314,0
B,MH-002,MH-002_19.600206_80.378781,MH-002,0,0.004006525967270136,0
B,MH-002,MH-002_19.600206_80.379051,MH-002,0,0.0047935061156749725,0
B,MH-002,MH-002_19.600206_80.37932,MH-002,0,0.005197197198867798,0
B,MH-002,MH-002_19.600206_80.37959,MH-002,0,0.006622744724154472,0
B,MH-002,MH-002_19.600206_80.379859,MH-002,0,0.00640356307849288,0
B,MH-002,MH-002_19.600206_80.380129,MH-002,0,0.008982024155557156,0
B,MH-002,MH-002_19.599937_80.376356,MH-002,0,0.026304371654987335,0
B,MH-002,MH-002_19.599937_80.376625,MH-002,0,0.019847208634018898,0
B,MH-002,MH-002_19.599937_80.376895,MH-002,0,0.016308153048157692,0
B,MH-002,MH-002_19.599937_80.377164,MH-002,0,0.010572773404419422,0
B,MH-002,MH-002_19.599937_80.377434,MH-002,0,0.008045919239521027,0
B,MH-002,MH-002_19.599937_80.377703,MH-002,0,0.006344417575746775,0
B,MH-002,MH-002_19.599937_80.377973,MH-002,0,0.006221127230674028,0
B,MH-002,MH-002_19.599937_80.378242,MH-002,0,0.004549116361886263,0
B,MH-002,MH-002_19.599937_80.378512,MH-002,0,0.0049491035751998425,0
B,MH-002,MH-002_19.599937_80.378781,MH-002,0,0.0047192201018333435,0
B,MH-002,MH-002_19.599937_80.379051,MH-002,0,0.005802059080451727,0
B,MH-002,MH-002_19.599937_80.37932,MH-002,0,0.00742698460817337,0
B,MH-002,MH-002_19.599937_80.37959,MH-002,0,0.008957811631262302,0
B,MH-002,MH-002_19.599937_80.379859,MH-002,0,0.008594062179327011,0
B,MH-002,MH-002_19.599937_80.380129,MH-002,0,0.008990440517663956,0
B,MH-002,MH-002_19.599667_80.376356,MH-002,0,0.03764760121703148,0
B,MH-002,MH-002_19.599667_80.376625,MH-002,0,0.023723004385828972,0
B,MH-002,MH-002_19.599667_80.376895,MH-002,0,0.019267618656158447,0
B,MH-002,MH-002_19.599667_80.377164,MH-002,0,0.012644347734749317,0
B,MH-002,MH-002_19.599667_80.377434,MH-002,0,0.009557561948895454,0
B,MH-002,MH-002_19.599667_80.377703,MH-002,0,0.00788040366023779,0
B,MH-002,MH-002_19.599667_80.377973,MH-002,0,0.0073449574410915375,0
B,MH-002,MH-002_19.599667_80.378242,MH-002,0,0.005409629084169865,0
B,MH-002,MH-002_19.599667_80.378512,MH-002,0,0.006378231570124626,0
B,MH-002,MH-002_19.599667_80.378781,MH-002,0,0.0062853614799678326,0
B,MH-002,MH-002_19.599667_80.379051,MH-002,0,0.006743967533111572,0
B,MH-002,MH-002_19.599667_80.37932,MH-002,0,0.0072572240605950356,0
B,MH-002,MH-002_19.599667_80.37959,MH-002,0,0.008964990265667439,0
B,MH-002,MH-002_19.599667_80.379859,MH-002,0,0.009298651479184628,0
B,MH-002,MH-002_19.599667_80.380129,MH-002,0,0.010175222530961037,0
B,MH-002,MH-002_19.599398_80.376895,MH-002,0,0.024160118773579597,0
B,MH-002,MH-002_19.599398_80.377164,MH-002,0,0.013920328579843044,0
B,MH-002,MH-002_19.599398_80.377434,MH-002,0,0.012963282875716686,0
B,MH-002,MH-002_19.599398_80.377703,MH-002,0,0.01030615996569395,0
B,MH-002,MH-002_19.599398_80.377973,MH-002,0,0.009416431188583374,0
B,MH-002,MH-002_19.599398_80.378242,MH-002,0,0.007207702845335007,0
B,MH-002,MH-002_19.599398_80.378512,MH-002,0,0.0071066091768443584,0
B,MH-002,MH-002_19.599398_80.378781,MH-002,0,0.006943929940462112,0
B,MH-002,MH-002_19.599398_80.379051,MH-002,0,0.00781534519046545,0
B,MH-002,MH-002_19.599398_80.37932,MH-002,0,0.00791206955909729,0
B,MH-002,MH-002_19.599398_80.37959,MH-002,0,0.009003016166388988,0
B,MH-002,MH-002_19.599398_80.379859,MH-002,0,0.011262048035860062,0
B,MH-002,MH-002_19.599398_80.380129,MH-002,0,0.010854318737983704,0
B,MH-002,MH-002_19.599398_80.380398,MH-002,0,0.014059633016586304,0
B,MH-002,MH-002_19.599128_80.377164,MH-002,0,0.01311566587537527,0
B,MH-002,MH-002_19.599128_80.377434,MH-002,0,0.010529493913054466,0
B,MH-002,MH-002_19.599128_80.377703,MH-002,0,0.010081060230731964,0
B,MH-002,MH-002_19.599128_80.377973,MH-002,0,0.008479392156004906,0
B,MH-002,MH-002_19.599128_80.378242,MH-002,0,0.007799848914146423,0
B,MH-002,MH-002_19.599128_80.378512,MH-002,0,0.007530772592872381,0
B,MH-002,MH-002_19.599128_80.378781,MH-002,0,0.00780056556686759,0
B,MH-002,MH-002_19.599128_80.379051,MH-002,0,0.00764036551117897,0
B,MH-002,MH-002_19.599128_80.37932,MH-002,0,0.008534479886293411,0
B,MH-002,MH-002_19.599128_80.37959,MH-002,0,0.009259418584406376,0
B,MH-002,MH-002_19.599128_80.379859,MH-002,0,0.009875751100480556,0
B,MH-002,MH-002_19.599128_80.380129,MH-002,0,0.011854756623506546,0
B,MH-002,MH-002_19.599128_80.380398,MH-002,0,0.01672605238854885,0
B,MH-002,MH-002_19.598859_80.377164,MH-002,0,0.012711919844150543,0
B,MH-002,MH-002_19.598859_80.377434,MH-002,0,0.011947727762162685,0
B,MH-002,MH-002_19.598859_80.377703,MH-002,1,0.012205200269818306,0
B,MH-002,MH-002_19.598859_80.377973,MH-002,0,0.011158594861626625,0
B,MH-002,MH-002_19.598859_80.378242,MH-002,0,0.010301030240952969,0
B,MH-002,MH-002_19.598859_80.378512,MH-002,0,0.01053857896476984,0
B,MH-002,MH-002_19.598859_80.378781,MH-002,0,0.009633752517402172,0
B,MH-002,MH-002_19.598859_80.379051,MH-002,0,0.011231770738959312,0
B,MH-002,MH-002_19.598859_80.37932,MH-002,0,0.010587713681161404,0
B,MH-002,MH-002_19.598859_80.37959,MH-002,0,0.011922423727810383,0
B,MH-002,MH-002_19.598859_80.379859,MH-002,0,0.012714624404907227,0
B,MH-002,MH-002_19.598859_80.380129,MH-002,0,0.015064927749335766,0
B,MH-002,MH-002_19.598859_80.380398,MH-002,0,0.020487554371356964,0
B,MH-002,MH-002_19.598589_80.376356,MH-002,0,0.01701188273727894,0
B,MH-002,MH-002_19.598589_80.376625,MH-002,0,0.016787614673376083,0
B,MH-002,MH-002_19.598589_80.377434,MH-002,0,0.010336003266274929,0
B,MH-002,MH-002_19.598589_80.377703,MH-002,1,0.01158521231263876,0
B,MH-002,MH-002_19.598589_80.377973,MH-002,1,0.010284893214702606,0
B,MH-002,MH-002_19.598589_80.378242,MH-002,1,0.011005979962646961,0
B,MH-002,MH-002_19.598589_80.378512,MH-002,0,0.011546824127435684,0
B,MH-002,MH-002_19.598589_80.378781,MH-002,0,0.011674167588353157,0
B,MH-002,MH-002_19.598589_80.379051,MH-002,0,0.01128950621932745,0
B,MH-002,MH-002_19.598589_80.37932,MH-002,0,0.011234519071877003,0
B,MH-002,MH-002_19.598589_80.37959,MH-002,0,0.011461544781923294,0
B,MH-002,MH-002_19.598589_80.379859,MH-002,0,0.012342818081378937,0
B,MH-002,MH-002_19.598589_80.380129,MH-002,0,0.014575597830116749,0
B,MH-002,MH-002_19.598589_80.380398,MH-002,0,0.022064585238695145,0
B,MH-002,MH-002_19.59832_80.376356,MH-002,0,0.018204469233751297,0
B,MH-002,MH-002_19.59832_80.376625,MH-002,0,0.015810584649443626,0
B,MH-002,MH-002_19.59832_80.376895,MH-002,0,0.015996284782886505,0
B,MH-002,MH-002_19.59832_80.377164,MH-002,0,0.012777701020240784,0
B,MH-002,MH-002_19.59832_80.377434,MH-002,0,0.01247058343142271,0
B,MH-002,MH-002_19.59832_80.377703,MH-002,1,0.012462111189961433,0
B,MH-002,MH-002_19.59832_80.377973,MH-002,1,0.011383517645299435,0
B,MH-002,MH-002_19.59832_80.378242,MH-002,1,0.012271934188902378,0
B,MH-002,MH-002_19.59832_80.378512,MH-002,0,0.01301871333271265,0
B,MH-002,MH-002_19.59832_80.378781,MH-002,0,0.013901914469897747,0
B,MH-002,MH-002_19.59832_80.379051,MH-002,0,0.013847398571670055,0
B,MH-002,MH-002_19.59832_80.37932,MH-002,0,0.01194275263696909,0
B,MH-002,MH-002_19.59832_80.37959,MH-002,0,0.011783299036324024,0
B,MH-002,MH-002_19.59832_80.379859,MH-002,0,0.014098660089075565,0
B,MH-002,MH-002_19.59832_80.380129,MH-002,0,0.016568157821893692,0
B,MH-002,MH-002_19.59832_80.380398,MH-002,0,0.021581994369626045,0
B,MH-002,MH-002_19.59805_80.376356,MH-002,0,0.01571316085755825,0
B,MH-002,MH-002_19.59805_80.376625,MH-002,0,0.012926324270665646,0
B,MH-002,MH-002_19.59805_80.376895,MH-002,0,0.012850814498960972,0
B,MH-002,MH-002_19.59805_80.377164,MH-002,1,0.01209069974720478,0
B,MH-002,MH-002_19.59805_80.377434,MH-002,1,0.011770895682275295,0
B,MH-002,MH-002_19.59805_80.377703,MH-002,1,0.012517154216766357,0
B,MH-002,MH-002_19.59805_80.377973,MH-002,0,0.011500156484544277,0
B,MH-002,MH-002_19.59805_80.378242,MH-002,0,0.014234409667551517,0
B,MH-002,MH-002_19.59805_80.378512,MH-002,0,0.013831254094839096,0
B,MH-002,MH-002_19.59805_80.378781,MH-002,0,0.01565876044332981,0
B,MH-002,MH-002_19.59805_80.379051,MH-002,0,0.014619523659348488,0
B,MH-002,MH-002_19.59805_80.37932,MH-002,0,0.013025392778217793,0
B,MH-002,MH-002_19.59805_80.37959,MH-002,0,0.014192379079759121,0
B,MH-002,MH-002_19.59805_80.379859,MH-002,0,0.014927918091416359,0
B,MH-002,MH-002_19.59805_80.380129,MH-002,0,0.01659530960023403,0
B,MH-002,MH-002_19.59805_80.380398,MH-002,0,0.02326350286602974,0
B,MH-002,MH-002_19.597781_80.376356,MH-002,0,0.021926037967205048,0
B,MH-002,MH-002_19.597781_80.376625,MH-002,0,0.015278681181371212,0
B,MH-002,MH-002_19.597781_80.376895,MH-002,1,0.01561431959271431,0
B,MH-002,MH-002_19.597781_80.377164,MH-002,1,0.015711095184087753,0
B,MH-002,MH-002_19.597781_80.377434,MH-002,1,0.015150068327784538,0
B,MH-002,MH-002_19.597781_80.377703,MH-002,0,0.014740638434886932,0
B,MH-002,MH-002_19.597781_80.377973,MH-002,0,0.015462624840438366,0
B,MH-002,MH-002_19.597781_80.378242,MH-002,0,0.015959031879901886,0
B,MH-002,MH-002_19.597781_80.378512,MH-002,1,0.016467750072479248,0
B,MH-002,MH-002_19.597781_80.378781,MH-002,1,0.01615840569138527,0
B,MH-002,MH-002_19.597781_80.379051,MH-002,1,0.015806354582309723,0
B,MH-002,MH-002_19.597781_80.37932,MH-002,0,0.014006680808961391,0
B,MH-002,MH-002_19.597781_80.37959,MH-002,0,0.016738228499889374,0
B,MH-002,MH-002_19.597781_80.379859,MH-002,0,0.01574788987636566,0
B,MH-002,MH-002_19.597781_80.380129,MH-002,0,0.018491871654987335,0
B,MH-002,MH-002_19.597781_80.380398,MH-002,0,0.02318667247891426,0
B,MH-002,MH-002_19.597511_80.376356,MH-002,0,0.024706615135073662,0
B,MH-002,MH-002_19.597511_80.376625,MH-002,0,0.017252210527658463,0
B,MH-002,MH-002_19.597511_80.376895,MH-002,0,0.015711301937699318,0
B,MH-002,MH-002_19.597511_80.377164,MH-002,1,0.014185376465320587,0
B,MH-002,MH-002_19.597511_80.377434,MH-002,0,0.015134167857468128,0
B,MH-002,MH-002_19.597511_80.377703,MH-002,0,0.014440399594604969,0
B,MH-002,MH-002_19.597511_80.377973,MH-002,0,0.01535454485565424,0
B,MH-002,MH-002_19.597511_80.378242,MH-002,0,0.01705726608633995,0
B,MH-002,MH-002_19.597511_80.378512,MH-002,1,0.015537548810243607,0
B,MH-002,MH-002_19.597511_80.378781,MH-002,1,0.01712939143180847,0
B,MH-002,MH-002_19.597511_80.379051,MH-002,0,0.01645672507584095,0
B,MH-002,MH-002_19.597511_80.37932,MH-002,0,0.01474743988364935,0
B,MH-002,MH-002_19.597511_80.37959,MH-002,0,0.016547363251447678,0
B,MH-002,MH-002_19.597511_80.379859,MH-002,0,0.01775554195046425,0
B,MH-002,MH-002_19.597511_80.380129,MH-002,0,0.018061943352222443,0
B,MH-002,MH-002_19.597511_80.380398,MH-002,0,0.02184291183948517,0
B,MH-002,MH-002_19.597242_80.376356,MH-002,0,0.034945450723171234,0
B,MH-002,MH-002_19.597242_80.376625,MH-002,0,0.021430930122733116,0
B,MH-002,MH-002_19.597242_80.376895,MH-002,0,0.019115304574370384,0
B,MH-002,MH-002_19.597242_80.377164,MH-002,1,0.01774771697819233,0
B,MH-002,MH-002_19.597242_80.377434,MH-002,1,0.01743420772254467,0
B,MH-002,MH-002_19.597242_80.377703,MH-002,0,0.01583530381321907,0
B,MH-002,MH-002_19.597242_80.377973,MH-002,0,0.01647271029651165,0
B,MH-002,MH-002_19.597242_80.378242,MH-002,0,0.016032608225941658,0
B,MH-002,MH-002_19.597242_80.378512,MH-002,0,0.01711057685315609,0
B,MH-002,MH-002_19.597242_80.378781,MH-002,0,0.01705051027238369,0
B,MH-002,MH-002_19.597242_80.379051,MH-002,0,0.01765153929591179,0
B,MH-002,MH-002_19.597242_80.37932,MH-002,0,0.016193069517612457,0
B,MH-002,MH-002_19.597242_80.37959,MH-002,0,0.019619334489107132,0
B,MH-002,MH-002_19.597242_80.379859,MH-002,0,0.02112666703760624,0
B,MH-002,MH-002_19.597242_80.380129,MH-002,0,0.022526776418089867,0
B,MH-002,MH-002_19.597242_80.380398,MH-002,0,0.02249067835509777,0
B,MH-002,MH-002_19.596973_80.376356,MH-002,0,0.03236476331949234,0
B,MH-002,MH-002_19.596973_80.376625,MH-002,0,0.02364972047507763,0
B,MH-002,MH-002_19.596973_80.376895,MH-002,0,0.017293822020292282,0
B,MH-002,MH-002_19.596973_80.377164,MH-002,1,0.018469175323843956,0
B,MH-002,MH-002_19.596973_80.377434,MH-002,1,0.016796598210930824,0
B,MH-002,MH-002_19.596973_80.377703,MH-002,0,0.0173246581107378,0
B,MH-002,MH-002_19.596973_80.377973,MH-002,0,0.017284108325839043,0
B,MH-002,MH-002_19.596973_80.378242,MH-002,0,0.019805094227194786,0
B,MH-002,MH-002_19.596973_80.378512,MH-002,0,0.019926954060792923,0
B,MH-002,MH-002_19.596973_80.378781,MH-002,0,0.020909825339913368,0
B,MH-002,MH-002_19.596973_80.379051,MH-002,0,0.019598420709371567,0
B,MH-002,MH-002_19.596973_80.37932,MH-002,0,0.019877076148986816,0
B,MH-002,MH-002_19.596973_80.37959,MH-002,0,0.02201404608786106,0
B,MH-002,MH-002_19.596973_80.379859,MH-002,0,0.024742553010582924,0
B,MH-002,MH-002_19.596973_80.380129,MH-002,0,0.025893138721585274,0
B,MH-002,MH-002_19.596973_80.380398,MH-002,0,0.027764461934566498,0
B,MH-002,MH-002_19.596703_80.376356,MH-002,0,0.03954237326979637,0
B,MH-002,MH-002_19.596703_80.376625,MH-002,0,0.028096076101064682,0
B,MH-002,MH-002_19.596703_80.376895,MH-002,0,0.02586965635418892,0
B,MH-002,MH-002_19.596703_80.377164,MH-002,0,0.024868478998541832,0
B,MH-002,MH-002_19.596703_80.377434,MH-002,1,0.023830752819776535,0
B,MH-002,MH-002_19.596703_80.377703,MH-002,0,0.02227906882762909,0
B,MH-002,MH-002_19.596703_80.377973,MH-002,0,0.02207549475133419,0
B,MH-002,MH-002_19.596703_80.378242,MH-002,0,0.02411678247153759,0
B,MH-002,MH-002_19.596703_80.378512,MH-002,0,0.02477043680846691,0
B,MH-002,MH-002_19.596703_80.378781,MH-002,0,0.025862397626042366,0
B,MH-002,MH-002_19.596703_80.379051,MH-002,0,0.02945784106850624,0
B,MH-002,MH-002_19.596703_80.37932,MH-002,0,0.028134163469076157,0
B,MH-002,MH-002_19.596703_80.37959,MH-002,0,0.030125049874186516,0
B,MH-002,MH-002_19.596703_80.379859,MH-002,0,0.03327775374054909,0
B,MH-002,MH-002_19.596703_80.380129,MH-002,0,0.03740062564611435,0
B,MH-002,MH-002_19.596703_80.380398,MH-002,0,0.04103420302271843,0
B,MH-002,MH-002_19.596434_80.376356,MH-002,1,0.03555161505937576,0
B,MH-002,MH-002_19.596434_80.376625,MH-002,1,0.03654959797859192,0
B,MH-002,MH-002_19.596434_80.376895,MH-002,1,0.02756710723042488,0
B,MH-002,MH-002_19.596434_80.377164,MH-002,0,0.029793858528137207,0
B,MH-002,MH-002_19.596434_80.377434,MH-002,0,0.02731565572321415,0
B,MH-002,MH-002_19.596434_80.377703,MH-002,0,0.02583577111363411,0
B,MH-002,MH-002_19.596434_80.377973,MH-002,0,0.026863116770982742,0
B,MH-002,MH-002_19.596434_80.378242,MH-002,0,0.030986273661255836,0
B,MH-002,MH-002_19.596434_80.378512,MH-002,0,0.031002793461084366,0
B,MH-002,MH-002_19.596434_80.378781,MH-002,0,0.035166285932064056,0
B,MH-002,MH-002_19.596434_80.379051,MH-002,0,0.03820030763745308,0
B,MH-002,MH-002_19.596434_80.37932,MH-002,0,0.040937136858701706,0
B,MH-002,MH-002_19.596434_80.37959,MH-002,0,0.044428750872612,0
B,MH-002,MH-002_19.596434_80.379859,MH-002,0,0.050720203667879105,0
B,MH-002,MH-002_19.596434_80.380129,MH-002,0,0.056844379752874374,0
B,MH-002,MH-002_19.596434_80.380398,MH-002,0,0.06352514028549194,0
B,MH-002,MH-002_19.596164_80.376356,MH-002,1,0.03480773791670799,0
B,MH-002,MH-002_19.596164_80.376625,MH-002,1,0.036496516317129135,0
B,MH-002,MH-002_19.596164_80.376895,MH-002,0,0.03891444578766823,0
B,MH-002,MH-002_19.596164_80.377164,MH-002,0,0.03946106880903244,0
B,MH-002,MH-002_19.596164_80.377434,MH-002,1,0.03557179495692253,0
B,MH-002,MH-002_19.596164_80.377703,MH-002,1,0.03470383957028389,0
B,MH-002,MH-002_19.596164_80.377973,MH-002,0,0.03759213164448738,0
B,MH-002,MH-002_19.596164_80.378242,MH-002,0,0.0415758416056633,0
B,MH-002,MH-002_19.596164_80.378512,MH-002,0,0.04872165992856026,0
B,MH-002,MH-002_19.596164_80.378781,MH-002,0,0.049820344895124435,0
B,MH-002,MH-002_19.596164_80.379051,MH-002,0,0.05625000223517418,0
B,MH-002,MH-002_19.596164_80.37932,MH-002,0,0.05429287627339363,0
B,MH-002,MH-002_19.596164_80.37959,MH-002,0,0.06703844666481018,0
B,MH-002,MH-002_19.596164_80.379859,MH-002,0,0.06525955349206924,0
B,MH-002,MH-002_19.596164_80.380129,MH-002,0,0.07799637317657471,0
B,MH-002,MH-002_19.596164_80.380398,MH-002,0,0.09279464185237885,0
C,MH-003,MH-003_18.947491_73.46355,MH-003,0,0.5725179314613342,1
C,MH-003,MH-003_18.946413_73.448189,MH-003,0,0.7834498882293701,1
C,MH-003,MH-003_18.946413_73.449267,MH-003,0,0.7657742500305176,1
C,MH-003,MH-003_18.946413_73.449536,MH-003,0,0.7421000003814697,1
C,MH-003,MH-003_18.946413_73.449806,MH-003,0,0.6433011889457703,1
C,MH-003,MH-003_18.946143_73.447381,MH-003,0,0.6823040843009949,1
C,MH-003,MH-003_18.946143_73.449267,MH-003,0,0.7140730619430542,1
C,MH-003,MH-003_18.946143_73.449536,MH-003,0,0.6580397486686707,1
C,MH-003,MH-003_18.946143_73.449806,MH-003,0,0.5674606561660767,1
C,MH-003,MH-003_18.946143_73.450075,MH-003,0,0.5852622389793396,1
C,MH-003,MH-003_18.946143_73.463011,MH-003,0,0.5809012055397034,1
C,MH-003,MH-003_18.945874_73.447381,MH-003,0,0.7509064078330994,1
C,MH-003,MH-003_18.945874_73.44765,MH-003,0,0.7563774585723877,1
C,MH-003,MH-003_18.945874_73.44792,MH-003,0,0.806817889213562,1
C,MH-003,MH-003_18.945874_73.449536,MH-003,0,0.7793997526168823,1
C,MH-003,MH-003_18.945874_73.449806,MH-003,0,0.6850042939186096,1
C,MH-003,MH-003_18.945874_73.450075,MH-003,0,0.6072309613227844,1
C,MH-003,MH-003_18.945874_73.463011,MH-003,0,0.6434696912765503,1
C,MH-003,MH-003_18.945604_73.447111,MH-003,0,0.7148417830467224,1
C,MH-003,MH-003_18.945604_73.449267,MH-003,0,0.8020364046096802,1
C,MH-003,MH-003_18.945604_73.449536,MH-003,0,0.7359498143196106,1
C,MH-003,MH-003_18.945604_73.449806,MH-003,0,0.6490960121154785,1
C,MH-003,MH-003_18.945604_73.450075,MH-003,0,0.6148289442062378,1
C,MH-003,MH-003_18.945604_73.462742,MH-003,0,0.6188195943832397,1
C,MH-003,MH-003_18.945335_73.44765,MH-003,1,0.7277922630310059,1
C,MH-003,MH-003_18.945335_73.44792,MH-003,1,0.773354709148407,1
C,MH-003,MH-003_18.945335_73.448189,MH-003,1,0.85204017162323,1
C,MH-003,MH-003_18.945335_73.448728,MH-003,0,0.901491105556488,1
C,MH-003,MH-003_18.945335_73.462742,MH-003,0,0.6945717334747314,1
C,MH-003,MH-003_18.945065_73.446572,MH-003,0,0.4812176823616028,0
C,MH-003,MH-003_18.945065_73.446842,MH-003,0,0.4870344400405884,0
C,MH-003,MH-003_18.945065_73.447111,MH-003,0,0.5652977228164673,1
C,MH-003,MH-003_18.945065_73.44792,MH-003,1,0.7103994488716125,1
C,MH-003,MH-003_18.945065_73.448189,MH-003,0,0.8051493763923645,1
C,MH-003,MH-003_18.945065_73.448459,MH-003,1,0.8489062190055847,1
C,MH-003,MH-003_18.945065_73.448997,MH-003,0,0.8720223307609558,1
C,MH-003,MH-003_18.945065_73.449806,MH-003,0,0.6367223262786865,1
C,MH-003,MH-003_18.945065_73.450075,MH-003,0,0.5813446640968323,1
C,MH-003,MH-003_18.945065_73.462742,MH-003,0,0.6631670594215393,1
C,MH-003,MH-003_18.944796_73.444416,MH-003,0,0.47054293751716614,0
C,MH-003,MH-003_18.944796_73.445225,MH-003,0,0.49331310391426086,0
C,MH-003,MH-003_18.944796_73.446033,MH-003,0,0.591333270072937,1
C,MH-003,MH-003_18.944796_73.447111,MH-003,0,0.5497787594795227,1
C,MH-003,MH-003_18.944796_73.44792,MH-003,0,0.6258750557899475,1
C,MH-003,MH-003_18.944796_73.448189,MH-003,1,0.6895007491111755,1
C,MH-003,MH-003_18.944796_73.448459,MH-003,1,0.7578129768371582,1
C,MH-003,MH-003_18.944796_73.449267,MH-003,0,0.7960355281829834,1
C,MH-003,MH-003_18.944796_73.449806,MH-003,0,0.6374223828315735,1
C,MH-003,MH-003_18.944796_73.450075,MH-003,0,0.5822539925575256,1
C,MH-003,MH-003_18.944796_73.463011,MH-003,0,0.6543039083480835,1
C,MH-003,MH-003_18.944526_73.444416,MH-003,0,0.5338588953018188,1
C,MH-003,MH-003_18.944526_73.444686,MH-003,0,0.5428226590156555,1
C,MH-003,MH-003_18.944526_73.444955,MH-003,0,0.5604816675186157,1
C,MH-003,MH-003_18.944526_73.44792,MH-003,1,0.6833791732788086,1
C,MH-003,MH-003_18.944526_73.448189,MH-003,1,0.7113850712776184,1
C,MH-003,MH-003_18.944526_73.448459,MH-003,1,0.7445780634880066,1
C,MH-003,MH-003_18.944526_73.448728,MH-003,0,0.8205784559249878,1
C,MH-003,MH-003_18.944526_73.448997,MH-003,1,0.8247189521789551,1
C,MH-003,MH-003_18.944526_73.449267,MH-003,1,0.8209707140922546,1
C,MH-003,MH-003_18.944526_73.449806,MH-003,0,0.6610488295555115,1
C,MH-003,MH-003_18.944526_73.450075,MH-003,0,0.6318680644035339,1
C,MH-003,MH-003_18.944257_73.445225,MH-003,0,0.679486870765686,1
C,MH-003,MH-003_18.944257_73.446033,MH-003,0,0.8520371913909912,1
C,MH-003,MH-003_18.944257_73.446303,MH-003,0,0.8568173050880432,1
C,MH-003,MH-003_18.944257_73.446572,MH-003,0,0.8226538896560669,1
C,MH-003,MH-003_18.944257_73.446842,MH-003,0,0.8580336570739746,1
C,MH-003,MH-003_18.944257_73.447111,MH-003,0,0.8343449234962463,1
C,MH-003,MH-003_18.944257_73.447381,MH-003,0,0.8031978607177734,1
C,MH-003,MH-003_18.944257_73.44792,MH-003,1,0.744664192199707,1
C,MH-003,MH-003_18.944257_73.448189,MH-003,1,0.7136717438697815,1
C,MH-003,MH-003_18.944257_73.448459,MH-003,1,0.7712796330451965,1
C,MH-003,MH-003_18.944257_73.448728,MH-003,0,0.8118701577186584,1
C,MH-003,MH-003_18.944257_73.448997,MH-003,1,0.8521845936775208,1
C,MH-003,MH-003_18.944257_73.449267,MH-003,1,0.8469129800796509,1
C,MH-003,MH-003_18.944257_73.449536,MH-003,1,0.8220740556716919,1
C,MH-003,MH-003_18.944257_73.463281,MH-003,0,0.5073965191841125,1
C,MH-003,MH-003_18.943987_73.444416,MH-003,0,0.5788634419441223,1
C,MH-003,MH-003_18.943987_73.444686,MH-003,0,0.6090278029441833,1
C,MH-003,MH-003_18.943987_73.444955,MH-003,0,0.6583918929100037,1
C,MH-003,MH-003_18.943987_73.445764,MH-003,1,0.9262105226516724,1
C,MH-003,MH-003_18.943987_73.446033,MH-003,1,0.9387346506118774,1
C,MH-003,MH-003_18.943987_73.446303,MH-003,0,0.9325097799301147,1
C,MH-003,MH-003_18.943987_73.446572,MH-003,0,0.9376131296157837,1
C,MH-003,MH-003_18.943987_73.446842,MH-003,1,0.9276704788208008,1
C,MH-003,MH-003_18.943987_73.447111,MH-003,0,0.9168871641159058,1
C,MH-003,MH-003_18.943987_73.447381,MH-003,1,0.8711577653884888,1
C,MH-003,MH-003_18.943987_73.44765,MH-003,1,0.8420963287353516,1
C,MH-003,MH-003_18.943987_73.44792,MH-003,1,0.8120959997177124,1
C,MH-003,MH-003_18.943987_73.448459,MH-003,1,0.7929014563560486,1
C,MH-003,MH-003_18.943987_73.448728,MH-003,1,0.8007155060768127,1
C,MH-003,MH-003_18.943987_73.448997,MH-003,1,0.839120090007782,1
C,MH-003,MH-003_18.943987_73.449267,MH-003,1,0.8118093609809875,1
C,MH-003,MH-003_18.943987_73.449536,MH-003,1,0.8035627603530884,1
C,MH-003,MH-003_18.943987_73.449806,MH-003,1,0.7513097524642944,1
C,MH-003,MH-003_18.943718_73.444416,MH-003,0,0.6313584446907043,1
C,MH-003,MH-003_18.943718_73.444686,MH-003,0,0.6510370373725891,1
C,MH-003,MH-003_18.943718_73.445225,MH-003,0,0.8009356260299683,1
C,MH-003,MH-003_18.943718_73.445764,MH-003,1,0.9571777582168579,1
C,MH-003,MH-003_18.943718_73.446033,MH-003,0,0.9626942873001099,1
C,MH-003,MH-003_18.943718_73.446303,MH-003,0,0.9743781685829163,1
C,MH-003,MH-003_18.943718_73.446572,MH-003,0,0.9652835130691528,1
C,MH-003,MH-003_18.943718_73.446842,MH-003,1,0.9654252529144287,1
C,MH-003,MH-003_18.943718_73.447111,MH-003,1,0.9510025382041931,1
C,MH-003,MH-003_18.943718_73.447381,MH-003,1,0.9187707901000977,1
C,MH-003,MH-003_18.943718_73.44765,MH-003,1,0.8944289088249207,1
C,MH-003,MH-003_18.943718_73.44792,MH-003,0,0.8578466773033142,1
C,MH-003,MH-003_18.943718_73.448189,MH-003,0,0.8223822116851807,1
C,MH-003,MH-003_18.943718_73.448459,MH-003,1,0.8338911533355713,1
C,MH-003,MH-003_18.943718_73.449536,MH-003,1,0.7522531151771545,1
C,MH-003,MH-003_18.943718_73.449806,MH-003,1,0.7179854512214661,1
C,MH-003,MH-003_18.943718_73.450075,MH-003,1,0.6818156242370605,1
C,MH-003,MH-003_18.943718_73.46355,MH-003,0,0.2896099090576172,0
C,MH-003,MH-003_18.943448_73.444416,MH-003,0,0.6169320940971375,1
C,MH-003,MH-003_18.943448_73.444955,MH-003,0,0.7138712406158447,1
C,MH-003,MH-003_18.943448_73.445225,MH-003,0,0.8086273670196533,1
C,MH-003,MH-003_18.943448_73.445494,MH-003,0,0.9139510989189148,1
C,MH-003,MH-003_18.943448_73.445764,MH-003,0,0.9564658403396606,1
C,MH-003,MH-003_18.943448_73.446033,MH-003,0,0.9708733558654785,1
C,MH-003,MH-003_18.943448_73.446303,MH-003,0,0.9667704105377197,1
C,MH-003,MH-003_18.943448_73.446572,MH-003,1,0.970213770866394,1
C,MH-003,MH-003_18.943448_73.446842,MH-003,1,0.9545206427574158,1
C,MH-003,MH-003_18.943448_73.447111,MH-003,1,0.9358148574829102,1
C,MH-003,MH-003_18.943448_73.447381,MH-003,1,0.8957245349884033,1
C,MH-003,MH-003_18.943448_73.44765,MH-003,0,0.8823406100273132,1
C,MH-003,MH-003_18.943448_73.44792,MH-003,0,0.8518762588500977,1
C,MH-003,MH-003_18.943448_73.448189,MH-003,1,0.8086041808128357,1
C,MH-003,MH-003_18.943448_73.448459,MH-003,1,0.8122598528862,1
C,MH-003,MH-003_18.943448_73.448728,MH-003,1,0.8227714896202087,1
C,MH-003,MH-003_18.943448_73.448997,MH-003,1,0.8484660983085632,1
C,MH-003,MH-003_18.943448_73.449806,MH-003,0,0.8152880668640137,1
C,MH-003,MH-003_18.943448_73.450075,MH-003,1,0.8175950050354004,1
C,MH-003,MH-003_18.943448_73.450345,MH-003,1,0.7885238528251648,1
C,MH-003,MH-003_18.943448_73.451153,MH-003,0,0.7239958643913269,1
C,MH-003,MH-003_18.943448_73.451423,MH-003,0,0.6752820611000061,1
C,MH-003,MH-003_18.943448_73.451692,MH-003,0,0.5471653342247009,1
C,MH-003,MH-003_18.943448_73.46355,MH-003,0,0.2985702455043793,0
C,MH-003,MH-003_18.943179_73.444416,MH-003,0,0.7342537045478821,1
C,MH-003,MH-003_18.943179_73.444955,MH-003,0,0.7906438708305359,1
C,MH-003,MH-003_18.943179_73.445494,MH-003,0,0.9301778674125671,1
C,MH-003,MH-003_18.943179_73.446033,MH-003,0,0.9578234553337097,1
C,MH-003,MH-003_18.943179_73.446303,MH-003,1,0.9690901637077332,1
C,MH-003,MH-003_18.943179_73.446572,MH-003,1,0.9587961435317993,1
C,MH-003,MH-003_18.943179_73.446842,MH-003,1,0.9455196857452393,1
C,MH-003,MH-003_18.943179_73.447111,MH-003,1,0.9168657064437866,1
C,MH-003,MH-003_18.943179_73.447381,MH-003,1,0.8591427803039551,1
C,MH-003,MH-003_18.943179_73.44765,MH-003,1,0.852299690246582,1
C,MH-003,MH-003_18.943179_73.44792,MH-003,0,0.786892831325531,1
C,MH-003,MH-003_18.943179_73.448189,MH-003,0,0.7713744044303894,1
C,MH-003,MH-003_18.943179_73.448459,MH-003,1,0.7604204416275024,1
C,MH-003,MH-003_18.943179_73.448728,MH-003,0,0.7697756886482239,1
C,MH-003,MH-003_18.943179_73.448997,MH-003,1,0.7924705147743225,1
C,MH-003,MH-003_18.943179_73.449267,MH-003,1,0.8010680079460144,1
C,MH-003,MH-003_18.943179_73.449806,MH-003,0,0.8020128011703491,1
C,MH-003,MH-003_18.943179_73.450075,MH-003,1,0.8116846084594727,1
C,MH-003,MH-003_18.943179_73.450345,MH-003,1,0.8020334839820862,1
C,MH-003,MH-003_18.943179_73.451423,MH-003,0,0.643917977809906,1
C,MH-003,MH-003_18.943179_73.451692,MH-003,0,0.5409348607063293,1
C,MH-003,MH-003_18.942909_73.444416,MH-003,0,0.7124266028404236,1
C,MH-003,MH-003_18.942909_73.446033,MH-003,1,0.9196621179580688,1
C,MH-003,MH-003_18.942909_73.446303,MH-003,1,0.9142560362815857,1
C,MH-003,MH-003_18.942909_73.446572,MH-003,1,0.8903734683990479,1
C,MH-003,MH-003_18.942909_73.446842,MH-003,1,0.8610289096832275,1
C,MH-003,MH-003_18.942909_73.447111,MH-003,1,0.8190411329269409,1
C,MH-003,MH-003_18.942909_73.447381,MH-003,0,0.7976152896881104,1
C,MH-003,MH-003_18.942909_73.44765,MH-003,1,0.8178629875183105,1
C,MH-003,MH-003_18.942909_73.44792,MH-003,1,0.814742386341095,1
C,MH-003,MH-003_18.942909_73.448189,MH-003,1,0.7998178005218506,1
C,MH-003,MH-003_18.942909_73.448459,MH-003,1,0.818074643611908,1
C,MH-003,MH-003_18.942909_73.448728,MH-003,0,0.8583387136459351,1
C,MH-003,MH-003_18.942909_73.448997,MH-003,1,0.8830546736717224,1
C,MH-003,MH-003_18.942909_73.449267,MH-003,1,0.8909186124801636,1
C,MH-003,MH-003_18.942909_73.449536,MH-003,0,0.8921779990196228,1
C,MH-003,MH-003_18.942909_73.450075,MH-003,0,0.8622971773147583,1
C,MH-003,MH-003_18.942909_73.450614,MH-003,0,0.8603795170783997,1
C,MH-003,MH-003_18.942909_73.451153,MH-003,1,0.7185200452804565,1
C,MH-003,MH-003_18.942909_73.451423,MH-003,1,0.660830557346344,1
C,MH-003,MH-003_18.942909_73.451692,MH-003,0,0.535111129283905,1
C,MH-003,MH-003_18.94264_73.444416,MH-003,0,0.8050182461738586,1
C,MH-003,MH-003_18.94264_73.445494,MH-003,1,0.8451662659645081,1
C,MH-003,MH-003_18.94264_73.445764,MH-003,1,0.8488319516181946,1
C,MH-003,MH-003_18.94264_73.446303,MH-003,1,0.7966647148132324,1
C,MH-003,MH-003_18.94264_73.446572,MH-003,1,0.8089287281036377,1
C,MH-003,MH-003_18.94264_73.446842,MH-003,1,0.8109586238861084,1
C,MH-003,MH-003_18.94264_73.447111,MH-003,0,0.8021783232688904,1
C,MH-003,MH-003_18.94264_73.447381,MH-003,0,0.8081886768341064,1
C,MH-003,MH-003_18.94264_73.44765,MH-003,1,0.8293092846870422,1
C,MH-003,MH-003_18.94264_73.44792,MH-003,1,0.8556467890739441,1
C,MH-003,MH-003_18.94264_73.448189,MH-003,1,0.8497791290283203,1
C,MH-003,MH-003_18.94264_73.448459,MH-003,1,0.8867907524108887,1
C,MH-003,MH-003_18.94264_73.448728,MH-003,1,0.9011924266815186,1
C,MH-003,MH-003_18.94264_73.448997,MH-003,1,0.9253982901573181,1
C,MH-003,MH-003_18.94264_73.449267,MH-003,1,0.9232191443443298,1
C,MH-003,MH-003_18.94264_73.449536,MH-003,1,0.9148839116096497,1
C,MH-003,MH-003_18.94264_73.450345,MH-003,1,0.8638791441917419,1
C,MH-003,MH-003_18.94264_73.450614,MH-003,1,0.8458135724067688,1
C,MH-003,MH-003_18.94264_73.451153,MH-003,1,0.6911852955818176,1
C,MH-003,MH-003_18.94264_73.451423,MH-003,0,0.6327468156814575,1
C,MH-003,MH-003_18.94264_73.463281,MH-003,0,0.4311148226261139,0
C,MH-003,MH-003_18.94237_73.444416,MH-003,1,0.8287582397460938,1
C,MH-003,MH-003_18.94237_73.447111,MH-003,1,0.7620084285736084,1
C,MH-003,MH-003_18.94237_73.447381,MH-003,1,0.7684645056724548,1
C,MH-003,MH-003_18.94237_73.448189,MH-003,1,0.8390730619430542,1
C,MH-003,MH-003_18.94237_73.448459,MH-003,1,0.8873714208602905,1
C,MH-003,MH-003_18.94237_73.448728,MH-003,0,0.9162015914916992,1
C,MH-003,MH-003_18.94237_73.448997,MH-003,0,0.9367438554763794,1
C,MH-003,MH-003_18.94237_73.449806,MH-003,0,0.9347295761108398,1
C,MH-003,MH-003_18.94237_73.450075,MH-003,0,0.9312941431999207,1
C,MH-003,MH-003_18.94237_73.450345,MH-003,1,0.9040351510047913,1
C,MH-003,MH-003_18.94237_73.451692,MH-003,0,0.4723477065563202,0
C,MH-003,MH-003_18.94237_73.451962,MH-003,0,0.4664440453052521,0
C,MH-003,MH-003_18.94237_73.463281,MH-003,0,0.44626834988594055,0
C,MH-003,MH-003_18.942101_73.444686,MH-003,1,0.8558089733123779,1
C,MH-003,MH-003_18.942101_73.444955,MH-003,0,0.8366892337799072,1
C,MH-003,MH-003_18.942101_73.445494,MH-003,1,0.7310969829559326,1
C,MH-003,MH-003_18.942101_73.445764,MH-003,1,0.6588700413703918,1
C,MH-003,MH-003_18.942101_73.446033,MH-003,1,0.6539939641952515,1
C,MH-003,MH-003_18.942101_73.446303,MH-003,1,0.725737988948822,1
C,MH-003,MH-003_18.942101_73.446572,MH-003,0,0.7641127109527588,1
C,MH-003,MH-003_18.942101_73.449806,MH-003,0,0.9559011459350586,1
C,MH-003,MH-003_18.942101_73.450075,MH-003,0,0.9491147398948669,1
C,MH-003,MH-003_18.942101_73.450345,MH-003,0,0.9358513951301575,1
C,MH-003,MH-003_18.942101_73.450614,MH-003,0,0.8972200155258179,1
C,MH-003,MH-003_18.942101_73.451423,MH-003,0,0.6503249406814575,1
C,MH-003,MH-003_18.942101_73.451692,MH-003,0,0.5153878331184387,1
C,MH-003,MH-003_18.942101_73.451962,MH-003,0,0.4682423770427704,0
C,MH-003,MH-003_18.942101_73.465706,MH-003,0,0.791692852973938,1
C,MH-003,MH-003_18.941831_73.444955,MH-003,1,0.8277944922447205,1
C,MH-003,MH-003_18.941831_73.445225,MH-003,1,0.7839725017547607,1
C,MH-003,MH-003_18.941831_73.445494,MH-003,1,0.7570878863334656,1
C,MH-003,MH-003_18.941831_73.445764,MH-003,0,0.6826528906822205,1
C,MH-003,MH-003_18.941831_73.446033,MH-003,0,0.7032791972160339,1
C,MH-003,MH-003_18.941831_73.446303,MH-003,0,0.729080855846405,1
C,MH-003,MH-003_18.941831_73.446572,MH-003,0,0.7561211585998535,1
C,MH-003,MH-003_18.941831_73.447111,MH-003,1,0.7925408482551575,1
C,MH-003,MH-003_18.941831_73.447381,MH-003,0,0.8023228049278259,1
C,MH-003,MH-003_18.941831_73.44765,MH-003,1,0.8010553121566772,1
C,MH-003,MH-003_18.941831_73.44792,MH-003,1,0.7928982377052307,1
C,MH-003,MH-003_18.941831_73.448459,MH-003,0,0.8487316966056824,1
C,MH-003,MH-003_18.941831_73.450075,MH-003,0,0.9573990702629089,1
C,MH-003,MH-003_18.941831_73.450345,MH-003,0,0.9347385168075562,1
C,MH-003,MH-003_18.941831_73.450614,MH-003,0,0.9076555371284485,1
C,MH-003,MH-003_18.941831_73.451153,MH-003,0,0.785932719707489,1
C,MH-003,MH-003_18.941831_73.451423,MH-003,0,0.6947850584983826,1
C,MH-003,MH-003_18.941831_73.451962,MH-003,0,0.4581919312477112,0
C,MH-003,MH-003_18.941562_73.445225,MH-003,1,0.8251427412033081,1
C,MH-003,MH-003_18.941562_73.445494,MH-003,1,0.7928730249404907,1
C,MH-003,MH-003_18.941562_73.445764,MH-003,1,0.7394747734069824,1
C,MH-003,MH-003_18.941562_73.446033,MH-003,1,0.7057495713233948,1
C,MH-003,MH-003_18.941562_73.446303,MH-003,1,0.7437990307807922,1
C,MH-003,MH-003_18.941562_73.446572,MH-003,1,0.7819106578826904,1
C,MH-003,MH-003_18.941562_73.447111,MH-003,0,0.819981038570404,1
C,MH-003,MH-003_18.941562_73.447381,MH-003,0,0.8168972134590149,1
C,MH-003,MH-003_18.941562_73.44765,MH-003,1,0.806895911693573,1
C,MH-003,MH-003_18.941562_73.448459,MH-003,0,0.7911479473114014,1
C,MH-003,MH-003_18.941562_73.449536,MH-003,0,0.936099112033844,1
C,MH-003,MH-003_18.941562_73.450075,MH-003,0,0.9383655786514282,1
C,MH-003,MH-003_18.941562_73.450345,MH-003,0,0.9298328757286072,1
C,MH-003,MH-003_18.941562_73.450614,MH-003,0,0.9219123721122742,1
C,MH-003,MH-003_18.941562_73.451153,MH-003,0,0.8101772665977478,1
C,MH-003,MH-003_18.941562_73.451423,MH-003,0,0.7292082905769348,1
C,MH-003,MH-003_18.941562_73.451692,MH-003,0,0.5513730645179749,1
C,MH-003,MH-003_18.941562_73.451962,MH-003,0,0.47513702511787415,0
C,MH-003,MH-003_18.941562_73.466245,MH-003,0,0.7404893040657043,1
C,MH-003,MH-003_18.941292_73.444955,MH-003,0,0.8724911212921143,1
C,MH-003,MH-003_18.941292_73.445225,MH-003,1,0.8729158043861389,1
C,MH-003,MH-003_18.941292_73.445764,MH-003,1,0.803332507610321,1
C,MH-003,MH-003_18.941292_73.446033,MH-003,1,0.7944440841674805,1
C,MH-003,MH-003_18.941292_73.446303,MH-003,1,0.8092077970504761,1
C,MH-003,MH-003_18.941292_73.446572,MH-003,1,0.8559030294418335,1
C,MH-003,MH-003_18.941292_73.446842,MH-003,1,0.8517671227455139,1
C,MH-003,MH-003_18.941292_73.447111,MH-003,0,0.8608201742172241,1
C,MH-003,MH-003_18.941292_73.447381,MH-003,0,0.8608716726303101,1
C,MH-003,MH-003_18.941292_73.448189,MH-003,0,0.7562969923019409,1
C,MH-003,MH-003_18.941292_73.449536,MH-003,0,0.8621830344200134,1
C,MH-003,MH-003_18.941292_73.450884,MH-003,0,0.8862109780311584,1
C,MH-003,MH-003_18.941292_73.451423,MH-003,0,0.7806122899055481,1
C,MH-003,MH-003_18.941292_73.451692,MH-003,0,0.5889310240745544,1
C,MH-003,MH-003_18.941292_73.451962,MH-003,0,0.5433283448219299,1
C,MH-003,MH-003_18.941023_73.445225,MH-003,0,0.8919835686683655,1
C,MH-003,MH-003_18.941023_73.445494,MH-003,1,0.8723981380462646,1
C,MH-003,MH-003_18.941023_73.446033,MH-003,1,0.8602922558784485,1
C,MH-003,MH-003_18.941023_73.446303,MH-003,0,0.8907541632652283,1
C,MH-003,MH-003_18.941023_73.446572,MH-003,1,0.90460604429245,1
C,MH-003,MH-003_18.941023_73.446842,MH-003,1,0.9077149033546448,1
C,MH-003,MH-003_18.941023_73.447111,MH-003,0,0.9053690433502197,1
C,MH-003,MH-003_18.941023_73.447381,MH-003,1,0.8992191553115845,1
C,MH-003,MH-003_18.941023_73.44765,MH-003,1,0.8666536808013916,1
C,MH-003,MH-003_18.941023_73.44792,MH-003,1,0.8182951807975769,1
C,MH-003,MH-003_18.941023_73.448189,MH-003,0,0.742672860622406,1
C,MH-003,MH-003_18.941023_73.448459,MH-003,0,0.6704290509223938,1
C,MH-003,MH-003_18.941023_73.449806,MH-003,0,0.7867252826690674,1
C,MH-003,MH-003_18.941023_73.450345,MH-003,0,0.840237021446228,1
C,MH-003,MH-003_18.941023_73.450884,MH-003,0,0.8487623929977417,1
C,MH-003,MH-003_18.941023_73.451423,MH-003,0,0.7633399367332458,1
C,MH-003,MH-003_18.941023_73.451962,MH-003,0,0.5710425972938538,1
C,MH-003,MH-003_18.940753_73.445225,MH-003,0,0.940362811088562,1
C,MH-003,MH-003_18.940753_73.445494,MH-003,1,0.9258253574371338,1
C,MH-003,MH-003_18.940753_73.446033,MH-003,0,0.9329344630241394,1
C,MH-003,MH-003_18.940753_73.446303,MH-003,0,0.9358187317848206,1
C,MH-003,MH-003_18.940753_73.446572,MH-003,1,0.9330493211746216,1
C,MH-003,MH-003_18.940753_73.446842,MH-003,0,0.9186689853668213,1
C,MH-003,MH-003_18.940753_73.447111,MH-003,1,0.9295451045036316,1
C,MH-003,MH-003_18.940753_73.447381,MH-003,1,0.9226906895637512,1
C,MH-003,MH-003_18.940753_73.44765,MH-003,1,0.8689870834350586,1
C,MH-003,MH-003_18.940753_73.44792,MH-003,1,0.8299058079719543,1
C,MH-003,MH-003_18.940753_73.448189,MH-003,1,0.739484429359436,1
C,MH-003,MH-003_18.940753_73.448728,MH-003,0,0.6453099250793457,1
C,MH-003,MH-003_18.940753_73.448997,MH-003,0,0.6450029611587524,1
C,MH-003,MH-003_18.940753_73.449806,MH-003,0,0.6485193371772766,1
C,MH-003,MH-003_18.940753_73.450614,MH-003,0,0.8337744474411011,1
C,MH-003,MH-003_18.940753_73.451153,MH-003,0,0.8452459573745728,1
C,MH-003,MH-003_18.940753_73.46382,MH-003,0,0.26345765590667725,0
C,MH-003,MH-003_18.940484_73.446303,MH-003,1,0.9391080737113953,1
C,MH-003,MH-003_18.940484_73.446572,MH-003,1,0.9434689879417419,1
C,MH-003,MH-003_18.940484_73.446842,MH-003,1,0.9339872002601624,1
C,MH-003,MH-003_18.940484_73.447111,MH-003,1,0.9366018772125244,1
C,MH-003,MH-003_18.940484_73.447381,MH-003,1,0.9327846765518188,1
C,MH-003,MH-003_18.940484_73.44765,MH-003,1,0.9124580025672913,1
C,MH-003,MH-003_18.940484_73.44792,MH-003,1,0.8794985413551331,1
C,MH-003,MH-003_18.940484_73.448728,MH-003,0,0.655592143535614,1
C,MH-003,MH-003_18.940484_73.448997,MH-003,0,0.6668703556060791,1
C,MH-003,MH-003_18.940484_73.450614,MH-003,0,0.8377839922904968,1
C,MH-003,MH-003_18.940484_73.450884,MH-003,0,0.8522839546203613,1
C,MH-003,MH-003_18.940484_73.451153,MH-003,0,0.8342069983482361,1
C,MH-003,MH-003_18.940484_73.451423,MH-003,0,0.7998136281967163,1
C,MH-003,MH-003_18.940484_73.451692,MH-003,0,0.7186406254768372,1
C,MH-003,MH-003_18.940484_73.46382,MH-003,0,0.3580801784992218,0
C,MH-003,MH-003_18.940214_73.444416,MH-003,0,0.810354471206665,1
C,MH-003,MH-003_18.940214_73.446033,MH-003,1,0.941131055355072,1
C,MH-003,MH-003_18.940214_73.446303,MH-003,1,0.9471780061721802,1
C,MH-003,MH-003_18.940214_73.466515,MH-003,0,0.5347621440887451,1
C,MH-003,MH-003_18.939945_73.444416,MH-003,0,0.7435060739517212,1
C,MH-003,MH-003_18.939945_73.446033,MH-003,0,0.9602301716804504,1
C,MH-003,MH-003_18.939945_73.446303,MH-003,0,0.9569857716560364,1
C,MH-003,MH-003_18.939945_73.446572,MH-003,1,0.946622908115387,1
C,MH-003,MH-003_18.939945_73.447111,MH-003,1,0.9384630918502808,1
C,MH-003,MH-003_18.939945_73.447381,MH-003,1,0.934730052947998,1
C,MH-003,MH-003_18.939945_73.448189,MH-003,1,0.7540073990821838,1
C,MH-003,MH-003_18.939945_73.450075,MH-003,0,0.8273501396179199,1
C,MH-003,MH-003_18.939945_73.450345,MH-003,0,0.8419716358184814,1
C,MH-003,MH-003_18.939945_73.450614,MH-003,0,0.8647828102111816,1
C,MH-003,MH-003_18.939675_73.444416,MH-003,0,0.7143821120262146,1
C,MH-003,MH-003_18.939675_73.444686,MH-003,0,0.8103642463684082,1
C,MH-003,MH-003_18.939675_73.444955,MH-003,0,0.8557071089744568,1
C,MH-003,MH-003_18.939675_73.446303,MH-003,0,0.9670246243476868,1
C,MH-003,MH-003_18.939675_73.446572,MH-003,1,0.9578757882118225,1
C,MH-003,MH-003_18.939675_73.446842,MH-003,1,0.9560765624046326,1
C,MH-003,MH-003_18.939675_73.447111,MH-003,1,0.9373223781585693,1
C,MH-003,MH-003_18.939675_73.447381,MH-003,1,0.9367408752441406,1
C,MH-003,MH-003_18.939675_73.450075,MH-003,0,0.8477722406387329,1
C,MH-003,MH-003_18.939675_73.450345,MH-003,0,0.8799103498458862,1
C,MH-003,MH-003_18.939675_73.450614,MH-003,0,0.8917175531387329,1
C,MH-003,MH-003_18.939675_73.450884,MH-003,0,0.9056848287582397,1
C,MH-003,MH-003_18.939675_73.451153,MH-003,0,0.8709211349487305,1
C,MH-003,MH-003_18.939675_73.451423,MH-003,0,0.7571565508842468,1
C,MH-003,MH-003_18.939675_73.451692,MH-003,0,0.5977574586868286,1
C,MH-003,MH-003_18.939675_73.451962,MH-003,0,0.4517821669578552,0
C,MH-003,MH-003_18.939675_73.452231,MH-003,0,0.46807071566581726,0
C,MH-003,MH-003_18.939675_73.452501,MH-003,0,0.47312283515930176,0
C,MH-003,MH-003_18.939675_73.45277,MH-003,0,0.5018049478530884,1
C,MH-003,MH-003_18.939675_73.45304,MH-003,0,0.5514455437660217,1
C,MH-003,MH-003_18.939675_73.453309,MH-003,0,0.5747731924057007,1
C,MH-003,MH-003_18.939675_73.453579,MH-003,0,0.5902342200279236,1
C,MH-003,MH-003_18.939675_73.453848,MH-003,0,0.5538218021392822,1
C,MH-003,MH-003_18.939675_73.454118,MH-003,0,0.4536161422729492,0
C,MH-003,MH-003_18.939675_73.465437,MH-003,0,0.8839125037193298,1
C,MH-003,MH-003_18.939675_73.465706,MH-003,0,0.9341356158256531,1
C,MH-003,MH-003_18.939406_73.444686,MH-003,0,0.8662598133087158,1
C,MH-003,MH-003_18.939406_73.444955,MH-003,0,0.8612000942230225,1
C,MH-003,MH-003_18.939406_73.445225,MH-003,0,0.9284438490867615,1
C,MH-003,MH-003_18.939406_73.445494,MH-003,0,0.9399138689041138,1
C,MH-003,MH-003_18.939406_73.446842,MH-003,1,0.9559959173202515,1
C,MH-003,MH-003_18.939406_73.447111,MH-003,1,0.9520614743232727,1
C,MH-003,MH-003_18.939406_73.447381,MH-003,1,0.9448873400688171,1
C,MH-003,MH-003_18.939406_73.448728,MH-003,0,0.7602314949035645,1
C,MH-003,MH-003_18.939406_73.448997,MH-003,0,0.7950031757354736,1
C,MH-003,MH-003_18.939406_73.449267,MH-003,0,0.7925897240638733,1
C,MH-003,MH-003_18.939406_73.450075,MH-003,0,0.8765686750411987,1
C,MH-003,MH-003_18.939406_73.450345,MH-003,0,0.9321559071540833,1
C,MH-003,MH-003_18.939406_73.450614,MH-003,0,0.9261190891265869,1
C,MH-003,MH-003_18.939406_73.450884,MH-003,0,0.9397618174552917,1
C,MH-003,MH-003_18.939406_73.451153,MH-003,0,0.8908469676971436,1
C,MH-003,MH-003_18.939406_73.451692,MH-003,0,0.6029375791549683,1
C,MH-003,MH-003_18.939406_73.451962,MH-003,0,0.45055317878723145,0
C,MH-003,MH-003_18.939406_73.452231,MH-003,0,0.42818787693977356,0
C,MH-003,MH-003_18.939406_73.452501,MH-003,0,0.45741263031959534,0
C,MH-003,MH-003_18.939406_73.45277,MH-003,0,0.4928494393825531,0
C,MH-003,MH-003_18.939406_73.45304,MH-003,0,0.5267687439918518,1
C,MH-003,MH-003_18.939406_73.453309,MH-003,0,0.534694254398346,1
C,MH-003,MH-003_18.939406_73.453579,MH-003,0,0.6340306401252747,1
C,MH-003,MH-003_18.939406_73.453848,MH-003,0,0.6037417054176331,1
C,MH-003,MH-003_18.939406_73.454118,MH-003,0,0.5278403162956238,1
C,MH-003,MH-003_18.939406_73.456274,MH-003,0,0.5916484594345093,1
C,MH-003,MH-003_18.939406_73.456543,MH-003,0,0.5834711790084839,1
C,MH-003,MH-003_18.939406_73.456813,MH-003,0,0.5848141312599182,1
C,MH-003,MH-003_18.939406_73.457082,MH-003,0,0.548128068447113,1
C,MH-003,MH-003_18.939406_73.457352,MH-003,0,0.46311691403388977,0
C,MH-003,MH-003_18.939406_73.457621,MH-003,0,0.4352685213088989,0
C,MH-003,MH-003_18.939406_73.457891,MH-003,0,0.4301804304122925,0
C,MH-003,MH-003_18.939406_73.45816,MH-003,0,0.5213724374771118,1
C,MH-003,MH-003_18.939406_73.45843,MH-003,0,0.5878307223320007,1
C,MH-003,MH-003_18.939406_73.458699,MH-003,0,0.6985158324241638,1
C,MH-003,MH-003_18.939406_73.459238,MH-003,0,0.7580702900886536,1
C,MH-003,MH-003_18.939406_73.459508,MH-003,0,0.7596681118011475,1
C,MH-003,MH-003_18.939406_73.459777,MH-003,0,0.730397641658783,1
C,MH-003,MH-003_18.939406_73.460047,MH-003,0,0.6615626811981201,1
C,MH-003,MH-003_18.939406_73.460316,MH-003,0,0.578718364238739,1
C,MH-003,MH-003_18.939406_73.460586,MH-003,0,0.5815594792366028,1
C,MH-003,MH-003_18.939406_73.466784,MH-003,0,0.8975987434387207,1
C,MH-003,MH-003_18.939136_73.444955,MH-003,0,0.8970189094543457,1
C,MH-003,MH-003_18.939136_73.445225,MH-003,0,0.9201159477233887,1
C,MH-003,MH-003_18.939136_73.445494,MH-003,0,0.9481213688850403,1
C,MH-003,MH-003_18.939136_73.445764,MH-003,0,0.9664133787155151,1
C,MH-003,MH-003_18.939136_73.44792,MH-003,1,0.8573787808418274,1
C,MH-003,MH-003_18.939136_73.448728,MH-003,0,0.8834463953971863,1
C,MH-003,MH-003_18.939136_73.448997,MH-003,0,0.8842207193374634,1
C,MH-003,MH-003_18.939136_73.449267,MH-003,0,0.8753035664558411,1
C,MH-003,MH-003_18.939136_73.449536,MH-003,0,0.8425190448760986,1
C,MH-003,MH-003_18.939136_73.450614,MH-003,0,0.9288254380226135,1
C,MH-003,MH-003_18.939136_73.451423,MH-003,0,0.8619360327720642,1
C,MH-003,MH-003_18.939136_73.451692,MH-003,0,0.7170559167861938,1
C,MH-003,MH-003_18.939136_73.452231,MH-003,0,0.46508169174194336,0
C,MH-003,MH-003_18.939136_73.452501,MH-003,0,0.48640066385269165,0
C,MH-003,MH-003_18.939136_73.45277,MH-003,0,0.5035239458084106,1
C,MH-003,MH-003_18.939136_73.45304,MH-003,0,0.5237656235694885,1
C,MH-003,MH-003_18.939136_73.453309,MH-003,0,0.5657525062561035,1
C,MH-003,MH-003_18.939136_73.453579,MH-003,0,0.6885389685630798,1
C,MH-003,MH-003_18.939136_73.453848,MH-003,0,0.6404120922088623,1
C,MH-003,MH-003_18.939136_73.454118,MH-003,0,0.630774974822998,1
C,MH-003,MH-003_18.939136_73.454387,MH-003,0,0.33865001797676086,0
C,MH-003,MH-003_18.939136_73.455465,MH-003,0,0.2824242413043976,0
C,MH-003,MH-003_18.939136_73.455735,MH-003,0,0.35754862427711487,0
C,MH-003,MH-003_18.939136_73.456274,MH-003,0,0.6250724792480469,1
C,MH-003,MH-003_18.939136_73.456543,MH-003,0,0.6150262951850891,1
C,MH-003,MH-003_18.939136_73.456813,MH-003,0,0.6036632657051086,1
C,MH-003,MH-003_18.939136_73.457082,MH-003,0,0.5100957155227661,1
C,MH-003,MH-003_18.939136_73.457352,MH-003,0,0.44831106066703796,0
C,MH-003,MH-003_18.939136_73.457621,MH-003,0,0.40795841813087463,0
C,MH-003,MH-003_18.939136_73.457891,MH-003,0,0.4354292154312134,0
C,MH-003,MH-003_18.939136_73.45816,MH-003,0,0.5413724780082703,1
C,MH-003,MH-003_18.939136_73.45843,MH-003,0,0.5823997855186462,1
C,MH-003,MH-003_18.939136_73.458699,MH-003,0,0.6809687614440918,1
C,MH-003,MH-003_18.939136_73.459238,MH-003,0,0.7427800893783569,1
C,MH-003,MH-003_18.939136_73.459508,MH-003,0,0.7487077116966248,1
C,MH-003,MH-003_18.939136_73.459777,MH-003,0,0.6819053888320923,1
C,MH-003,MH-003_18.939136_73.460047,MH-003,0,0.6597095727920532,1
C,MH-003,MH-003_18.939136_73.460316,MH-003,0,0.5733068585395813,1
C,MH-003,MH-003_18.939136_73.460586,MH-003,0,0.6183940172195435,1
C,MH-003,MH-003_18.939136_73.460855,MH-003,0,0.6799477934837341,1
C,MH-003,MH-003_18.939136_73.461125,MH-003,0,0.7760489583015442,1
C,MH-003,MH-003_18.939136_73.461394,MH-003,0,0.7735879421234131,1
C,MH-003,MH-003_18.939136_73.464089,MH-003,0,0.7262153625488281,1
C,MH-003,MH-003_18.939136_73.464628,MH-003,0,0.7005661725997925,1
C,MH-003,MH-003_18.939136_73.466784,MH-003,0,0.8927956819534302,1
C,MH-003,MH-003_18.938867_73.445225,MH-003,0,0.8733471632003784,1
C,MH-003,MH-003_18.938867_73.445494,MH-003,0,0.9077144861221313,1
C,MH-003,MH-003_18.938867_73.445764,MH-003,0,0.9435726404190063,1
C,MH-003,MH-003_18.938867_73.446033,MH-003,0,0.9416678547859192,1
C,MH-003,MH-003_18.938867_73.44792,MH-003,1,0.8802090883255005,1
C,MH-003,MH-003_18.938867_73.448997,MH-003,0,0.9390347003936768,1
C,MH-003,MH-003_18.938867_73.449267,MH-003,0,0.9373748898506165,1
C,MH-003,MH-003_18.938867_73.449536,MH-003,0,0.9224763512611389,1
C,MH-003,MH-003_18.938867_73.449806,MH-003,1,0.9591343402862549,1
C,MH-003,MH-003_18.938867_73.450075,MH-003,0,0.9527823328971863,1
C,MH-003,MH-003_18.938867_73.450614,MH-003,0,0.9464083909988403,1
C,MH-003,MH-003_18.938867_73.450884,MH-003,0,0.949024498462677,1
C,MH-003,MH-003_18.938867_73.451153,MH-003,0,0.9229016304016113,1
C,MH-003,MH-003_18.938867_73.451423,MH-003,0,0.8704317212104797,1
C,MH-003,MH-003_18.938867_73.451692,MH-003,0,0.7243321537971497,1
C,MH-003,MH-003_18.938867_73.452231,MH-003,0,0.44862350821495056,0
C,MH-003,MH-003_18.938867_73.452501,MH-003,0,0.40921515226364136,0
C,MH-003,MH-003_18.938867_73.45277,MH-003,0,0.4387490451335907,0
C,MH-003,MH-003_18.938867_73.45304,MH-003,0,0.46819743514060974,0
C,MH-003,MH-003_18.938867_73.453309,MH-003,0,0.49336788058280945,0
C,MH-003,MH-003_18.938867_73.453579,MH-003,0,0.5981744527816772,1
C,MH-003,MH-003_18.938867_73.453848,MH-003,0,0.585548996925354,1
C,MH-003,MH-003_18.938867_73.454118,MH-003,0,0.5946475267410278,1
C,MH-003,MH-003_18.938867_73.454387,MH-003,0,0.43634769320487976,0
C,MH-003,MH-003_18.938867_73.454657,MH-003,0,0.29784438014030457,0
C,MH-003,MH-003_18.938867_73.455465,MH-003,0,0.30508938431739807,0
C,MH-003,MH-003_18.938867_73.455735,MH-003,0,0.39026421308517456,0
C,MH-003,MH-003_18.938867_73.456004,MH-003,0,0.4856377840042114,0
C,MH-003,MH-003_18.938867_73.456813,MH-003,0,0.5722601413726807,1
C,MH-003,MH-003_18.938867_73.457082,MH-003,0,0.41957977414131165,0
C,MH-003,MH-003_18.938867_73.457352,MH-003,0,0.377763569355011,0
C,MH-003,MH-003_18.938867_73.457621,MH-003,0,0.3053441047668457,0
C,MH-003,MH-003_18.938867_73.457891,MH-003,0,0.2893824875354767,0
C,MH-003,MH-003_18.938867_73.45816,MH-003,0,0.4371623694896698,0
C,MH-003,MH-003_18.938867_73.45843,MH-003,0,0.4524281919002533,0
C,MH-003,MH-003_18.938867_73.458699,MH-003,0,0.597729504108429,1
C,MH-003,MH-003_18.938867_73.458969,MH-003,0,0.6350523233413696,1
C,MH-003,MH-003_18.938867_73.459238,MH-003,0,0.644444465637207,1
C,MH-003,MH-003_18.938867_73.459508,MH-003,0,0.6662190556526184,1
C,MH-003,MH-003_18.938867_73.459777,MH-003,0,0.636384904384613,1
C,MH-003,MH-003_18.938867_73.460047,MH-003,0,0.6309946179389954,1
C,MH-003,MH-003_18.938867_73.460316,MH-003,0,0.5580902099609375,1
C,MH-003,MH-003_18.938867_73.460586,MH-003,0,0.5777580142021179,1
C,MH-003,MH-003_18.938867_73.460855,MH-003,0,0.6971185803413391,1
C,MH-003,MH-003_18.938867_73.461125,MH-003,0,0.7660200595855713,1
C,MH-003,MH-003_18.938867_73.461394,MH-003,0,0.7802159190177917,1
C,MH-003,MH-003_18.938867_73.461664,MH-003,0,0.7836326956748962,1
C,MH-003,MH-003_18.938867_73.462742,MH-003,0,0.7709053158760071,1
C,MH-003,MH-003_18.938867_73.463011,MH-003,0,0.7528567314147949,1
C,MH-003,MH-003_18.938867_73.463281,MH-003,0,0.8279240131378174,1
C,MH-003,MH-003_18.938867_73.464089,MH-003,0,0.7525548338890076,1
C,MH-003,MH-003_18.938867_73.464628,MH-003,0,0.6700283885002136,1
C,MH-003,MH-003_18.938867_73.464898,MH-003,0,0.6772385239601135,1
C,MH-003,MH-003_18.938867_73.465167,MH-003,0,0.7663052082061768,1
C,MH-003,MH-003_18.938867_73.465437,MH-003,0,0.8801918625831604,1
C,MH-003,MH-003_18.938867_73.465706,MH-003,0,0.9223741292953491,1
C,MH-003,MH-003_18.938867_73.465976,MH-003,0,0.9337211847305298,1
C,MH-003,MH-003_18.938867_73.466245,MH-003,0,0.9346723556518555,1
C,MH-003,MH-003_18.938867_73.466784,MH-003,0,0.7943031191825867,1
C,MH-003,MH-003_18.938597_73.445494,MH-003,0,0.7408674955368042,1
C,MH-003,MH-003_18.938597_73.445764,MH-003,0,0.8053652048110962,1
C,MH-003,MH-003_18.938597_73.446033,MH-003,0,0.8115220069885254,1
C,MH-003,MH-003_18.938597_73.446303,MH-003,0,0.7818135619163513,1
C,MH-003,MH-003_18.938597_73.449536,MH-003,1,0.9114857912063599,1
C,MH-003,MH-003_18.938597_73.449806,MH-003,0,0.9385474920272827,1
C,MH-003,MH-003_18.938597_73.450345,MH-003,0,0.9505614638328552,1
C,MH-003,MH-003_18.938597_73.451423,MH-003,0,0.8862172365188599,1
C,MH-003,MH-003_18.938597_73.451962,MH-003,0,0.5568029880523682,1
C,MH-003,MH-003_18.938597_73.452501,MH-003,0,0.46157699823379517,0
C,MH-003,MH-003_18.938597_73.45277,MH-003,0,0.4785284698009491,0
C,MH-003,MH-003_18.938597_73.45304,MH-003,0,0.4620113670825958,0
C,MH-003,MH-003_18.938597_73.453309,MH-003,0,0.5043283104896545,1
C,MH-003,MH-003_18.938597_73.453579,MH-003,0,0.546558141708374,1
C,MH-003,MH-003_18.938597_73.453848,MH-003,0,0.5293400883674622,1
C,MH-003,MH-003_18.938597_73.454118,MH-003,0,0.6098123788833618,1
C,MH-003,MH-003_18.938597_73.454387,MH-003,0,0.5760381817817688,1
C,MH-003,MH-003_18.938597_73.454657,MH-003,0,0.5138422250747681,1
C,MH-003,MH-003_18.938597_73.454926,MH-003,0,0.42811453342437744,0
C,MH-003,MH-003_18.938597_73.455196,MH-003,0,0.3999273180961609,0
C,MH-003,MH-003_18.938597_73.455735,MH-003,0,0.4601511061191559,0
C,MH-003,MH-003_18.938597_73.456004,MH-003,0,0.5861879587173462,1
C,MH-003,MH-003_18.938597_73.457352,MH-003,0,0.35709550976753235,0
C,MH-003,MH-003_18.938597_73.457621,MH-003,0,0.28175073862075806,0
C,MH-003,MH-003_18.938597_73.457891,MH-003,0,0.2871178984642029,0
C,MH-003,MH-003_18.938597_73.45816,MH-003,0,0.3947918117046356,0
C,MH-003,MH-003_18.938597_73.45843,MH-003,0,0.4167995750904083,0
C,MH-003,MH-003_18.938597_73.458699,MH-003,0,0.5362701416015625,1
C,MH-003,MH-003_18.938597_73.458969,MH-003,0,0.5659387707710266,1
C,MH-003,MH-003_18.938597_73.459238,MH-003,0,0.5496480464935303,1
C,MH-003,MH-003_18.938597_73.459508,MH-003,0,0.6050863265991211,1
C,MH-003,MH-003_18.938597_73.459777,MH-003,0,0.47099703550338745,0
C,MH-003,MH-003_18.938597_73.460047,MH-003,0,0.5470999479293823,1
C,MH-003,MH-003_18.938597_73.460316,MH-003,0,0.43067532777786255,0
C,MH-003,MH-003_18.938597_73.460586,MH-003,0,0.5125507712364197,1
C,MH-003,MH-003_18.938597_73.460855,MH-003,0,0.6105712056159973,1
C,MH-003,MH-003_18.938597_73.461125,MH-003,0,0.6731616258621216,1
C,MH-003,MH-003_18.938597_73.461394,MH-003,0,0.6580129265785217,1
C,MH-003,MH-003_18.938597_73.461664,MH-003,0,0.6921308636665344,1
C,MH-003,MH-003_18.938597_73.461933,MH-003,0,0.5986217260360718,1
C,MH-003,MH-003_18.938597_73.462203,MH-003,0,0.5477728843688965,1
C,MH-003,MH-003_18.938597_73.462472,MH-003,0,0.5772919058799744,1
C,MH-003,MH-003_18.938597_73.462742,MH-003,0,0.6260418891906738,1
C,MH-003,MH-003_18.938597_73.463011,MH-003,0,0.6534655094146729,1
C,MH-003,MH-003_18.938597_73.463281,MH-003,0,0.7744330763816833,1
C,MH-003,MH-003_18.938597_73.464628,MH-003,0,0.5898676514625549,1
C,MH-003,MH-003_18.938597_73.464898,MH-003,0,0.6053785085678101,1
C,MH-003,MH-003_18.938597_73.465167,MH-003,0,0.7036266922950745,1
C,MH-003,MH-003_18.938597_73.465437,MH-003,0,0.8165177702903748,1
C,MH-003,MH-003_18.938597_73.465706,MH-003,0,0.8731903433799744,1
C,MH-003,MH-003_18.938597_73.465976,MH-003,0,0.8868535757064819,1
C,MH-003,MH-003_18.938597_73.466245,MH-003,0,0.8869475722312927,1
C,MH-003,MH-003_18.938597_73.466515,MH-003,0,0.801824688911438,1
C,MH-003,MH-003_18.938597_73.466784,MH-003,0,0.702319324016571,1
C,MH-003,MH-003_18.938597_73.467054,MH-003,0,0.4794578552246094,0
C,MH-003,MH-003_18.938597_73.467323,MH-003,0,0.32620930671691895,0
C,MH-003,MH-003_18.938597_73.467593,MH-003,0,0.347696989774704,0
C,MH-003,MH-003_18.938328_73.445764,MH-003,0,0.4588990807533264,0
C,MH-003,MH-003_18.938328_73.446033,MH-003,0,0.39718759059906006,0
C,MH-003,MH-003_18.938328_73.446303,MH-003,0,0.23461271822452545,0
C,MH-003,MH-003_18.938328_73.446572,MH-003,0,0.3204222023487091,0
C,MH-003,MH-003_18.938328_73.449536,MH-003,1,0.931347131729126,1
C,MH-003,MH-003_18.938328_73.449806,MH-003,1,0.9316889643669128,1
C,MH-003,MH-003_18.938328_73.450075,MH-003,0,0.9334482550621033,1
C,MH-003,MH-003_18.938328_73.450345,MH-003,0,0.937823474407196,1
C,MH-003,MH-003_18.938328_73.450614,MH-003,0,0.9239099621772766,1
C,MH-003,MH-003_18.938328_73.451423,MH-003,0,0.8701894283294678,1
C,MH-003,MH-003_18.938328_73.451962,MH-003,0,0.5618370175361633,1
C,MH-003,MH-003_18.938328_73.454926,MH-003,0,0.5346079468727112,1
C,MH-003,MH-003_18.938328_73.455196,MH-003,0,0.5623769164085388,1
C,MH-003,MH-003_18.938328_73.456274,MH-003,0,0.6519021391868591,1
C,MH-003,MH-003_18.938328_73.456543,MH-003,0,0.5638681054115295,1
C,MH-003,MH-003_18.938328_73.457082,MH-003,0,0.35436394810676575,0
C,MH-003,MH-003_18.938328_73.457891,MH-003,0,0.2862890362739563,0
C,MH-003,MH-003_18.938328_73.45816,MH-003,0,0.3406883776187897,0
C,MH-003,MH-003_18.938328_73.45843,MH-003,0,0.3479842245578766,0
C,MH-003,MH-003_18.938328_73.458699,MH-003,0,0.4161098301410675,0
C,MH-003,MH-003_18.938328_73.458969,MH-003,0,0.4923294186592102,0
C,MH-003,MH-003_18.938328_73.459238,MH-003,0,0.4365575611591339,0
C,MH-003,MH-003_18.938328_73.459508,MH-003,0,0.4525819420814514,0
C,MH-003,MH-003_18.938328_73.459777,MH-003,0,0.3327959477901459,0
C,MH-003,MH-003_18.938328_73.460047,MH-003,0,0.4033718705177307,0
C,MH-003,MH-003_18.938328_73.460316,MH-003,0,0.34066709876060486,0
C,MH-003,MH-003_18.938328_73.460586,MH-003,0,0.3850381076335907,0
C,MH-003,MH-003_18.938328_73.460855,MH-003,0,0.43249717354774475,0
C,MH-003,MH-003_18.938328_73.461125,MH-003,0,0.549857497215271,1
C,MH-003,MH-003_18.938328_73.461394,MH-003,0,0.5424907207489014,1
C,MH-003,MH-003_18.938328_73.461664,MH-003,0,0.5692728161811829,1
C,MH-003,MH-003_18.938328_73.461933,MH-003,0,0.4252297580242157,0
C,MH-003,MH-003_18.938328_73.462203,MH-003,0,0.31367531418800354,0
C,MH-003,MH-003_18.938328_73.462472,MH-003,0,0.36504778265953064,0
C,MH-003,MH-003_18.938328_73.462742,MH-003,0,0.4696371555328369,0
C,MH-003,MH-003_18.938328_73.463011,MH-003,0,0.5563255548477173,1
C,MH-003,MH-003_18.938328_73.463281,MH-003,0,0.653734028339386,1
C,MH-003,MH-003_18.938328_73.46355,MH-003,0,0.6292282342910767,1
C,MH-003,MH-003_18.938328_73.464359,MH-003,0,0.5172167420387268,1
C,MH-003,MH-003_18.938328_73.464628,MH-003,0,0.5227828025817871,1
C,MH-003,MH-003_18.938328_73.464898,MH-003,0,0.6167066693305969,1
C,MH-003,MH-003_18.938328_73.465167,MH-003,0,0.6625146269798279,1
C,MH-003,MH-003_18.938328_73.465437,MH-003,0,0.8173798322677612,1
C,MH-003,MH-003_18.938328_73.465706,MH-003,0,0.8147196173667908,1
C,MH-003,MH-003_18.938328_73.465976,MH-003,0,0.8554804921150208,1
C,MH-003,MH-003_18.938328_73.466245,MH-003,0,0.8003374338150024,1
C,MH-003,MH-003_18.938328_73.472713,MH-003,0,0.7279587984085083,1
C,MH-003,MH-003_18.938328_73.472983,MH-003,0,0.6906233429908752,1
C,MH-003,MH-003_18.938328_73.473252,MH-003,0,0.738489031791687,1
C,MH-003,MH-003_18.938328_73.473521,MH-003,0,0.7612107396125793,1
C,MH-003,MH-003_18.938058_73.446033,MH-003,0,0.09713772684335709,0
C,MH-003,MH-003_18.938058_73.446303,MH-003,0,0.08608796447515488,0
C,MH-003,MH-003_18.938058_73.446572,MH-003,0,0.07951933890581131,0
C,MH-003,MH-003_18.938058_73.446842,MH-003,0,0.10611037164926529,0
C,MH-003,MH-003_18.938058_73.449806,MH-003,0,0.8635249733924866,1
C,MH-003,MH-003_18.938058_73.450075,MH-003,0,0.8506074547767639,1
C,MH-003,MH-003_18.938058_73.450345,MH-003,0,0.8859062194824219,1
C,MH-003,MH-003_18.938058_73.450614,MH-003,0,0.8889817595481873,1
C,MH-003,MH-003_18.938058_73.450884,MH-003,0,0.9048792719841003,1
C,MH-003,MH-003_18.938058_73.451153,MH-003,0,0.8919098973274231,1
C,MH-003,MH-003_18.937789_73.446303,MH-003,0,0.03765628859400749,0
C,MH-003,MH-003_18.937789_73.446572,MH-003,0,0.04315825179219246,0
C,MH-003,MH-003_18.937789_73.446842,MH-003,0,0.05138348415493965,0
C,MH-003,MH-003_18.937789_73.447111,MH-003,0,0.0743088573217392,0
C,MH-003,MH-003_18.937789_73.448189,MH-003,0,0.5885955691337585,1
C,MH-003,MH-003_18.937789_73.450075,MH-003,0,0.7058507204055786,1
C,MH-003,MH-003_18.937789_73.450345,MH-003,0,0.7545391917228699,1
C,MH-003,MH-003_18.937789_73.450614,MH-003,0,0.8174679279327393,1
C,MH-003,MH-003_18.937789_73.450884,MH-003,0,0.7891287207603455,1
C,MH-003,MH-003_18.937789_73.451153,MH-003,0,0.8367700576782227,1
C,MH-003,MH-003_18.937789_73.451423,MH-003,0,0.8115876913070679,1
C,MH-003,MH-003_18.937519_73.446572,MH-003,0,0.03185700252652168,0
C,MH-003,MH-003_18.937519_73.446842,MH-003,0,0.05227317288517952,0
C,MH-003,MH-003_18.937519_73.447111,MH-003,0,0.06816791743040085,0
C,MH-003,MH-003_18.937519_73.447381,MH-003,0,0.07739957422018051,0
C,MH-003,MH-003_18.937519_73.450075,MH-003,0,0.4845198094844818,0
C,MH-003,MH-003_18.937519_73.450345,MH-003,0,0.5698529481887817,1
C,MH-003,MH-003_18.937519_73.450614,MH-003,0,0.6010415554046631,1
C,MH-003,MH-003_18.937519_73.450884,MH-003,0,0.6336364150047302,1
C,MH-003,MH-003_18.937519_73.451153,MH-003,0,0.6467301845550537,1
C,MH-003,MH-003_18.937519_73.451962,MH-003,0,0.6853336095809937,1
C,MH-003,MH-003_18.93725_73.446842,MH-003,0,0.05936278775334358,0
C,MH-003,MH-003_18.93725_73.447111,MH-003,0,0.07356514781713486,0
C,MH-003,MH-003_18.936711_73.45843,MH-003,0,0.4842775762081146,0
C,MH-003,MH-003_18.936172_73.447111,MH-003,0,0.3299795389175415,0
C,MH-003,MH-003_18.936172_73.447381,MH-003,0,0.27141955494880676,0
C,MH-003,MH-003_18.935902_73.446842,MH-003,0,0.41555485129356384,0
C,MH-003,MH-003_18.935902_73.447111,MH-003,0,0.4319585859775543,0
C,MH-003,MH-003_18.935902_73.447381,MH-003,0,0.3792763352394104,0
C,MH-003,MH-003_18.935902_73.44765,MH-003,0,0.2653788924217224,0
C,MH-003,MH-003_18.935902_73.44792,MH-003,0,0.14781028032302856,0
C,MH-003,MH-003_18.935902_73.448189,MH-003,0,0.09810858219861984,0
C,MH-003,MH-003_18.935902_73.448459,MH-003,0,0.10968007147312164,0
C,MH-003,MH-003_18.935902_73.448728,MH-003,0,0.1028478592634201,0
C,MH-003,MH-003_18.935633_73.446842,MH-003,0,0.41206037998199463,0
C,MH-003,MH-003_18.935633_73.447111,MH-003,0,0.498228520154953,0
C,MH-003,MH-003_18.935633_73.447381,MH-003,0,0.4085746109485626,0
C,MH-003,MH-003_18.935633_73.44765,MH-003,0,0.2993435263633728,0
C,MH-003,MH-003_18.935633_73.44792,MH-003,0,0.1559932678937912,0
C,MH-003,MH-003_18.935633_73.448189,MH-003,0,0.15790720283985138,0
C,MH-003,MH-003_18.935633_73.448459,MH-003,0,0.14682038128376007,0
C,MH-003,MH-003_18.935633_73.448728,MH-003,0,0.1729324907064438,0
C,MH-003,MH-003_18.935633_73.448997,MH-003,0,0.17351028323173523,0
C,MH-003,MH-003_18.935633_73.449267,MH-003,0,0.2303871512413025,0
C,MH-003,MH-003_18.935633_73.449536,MH-003,0,0.3273172378540039,0
C,MH-003,MH-003_18.935633_73.449806,MH-003,0,0.45747363567352295,0
C,MH-003,MH-003_18.935363_73.447111,MH-003,0,0.5442224740982056,1
C,MH-003,MH-003_18.935363_73.447381,MH-003,0,0.4973815381526947,0
C,MH-003,MH-003_18.935363_73.44765,MH-003,0,0.3603525757789612,0
C,MH-003,MH-003_18.935363_73.44792,MH-003,0,0.27121424674987793,0
C,MH-003,MH-003_18.935363_73.448189,MH-003,0,0.21642343699932098,0
C,MH-003,MH-003_18.935363_73.448459,MH-003,0,0.2722354829311371,0
C,MH-003,MH-003_18.935363_73.448728,MH-003,0,0.34149497747421265,0
C,MH-003,MH-003_18.935094_73.447381,MH-003,0,0.4300503134727478,0
C,MH-003,MH-003_18.935094_73.44765,MH-003,0,0.3979402482509613,0
C,MH-003,MH-003_18.935094_73.44792,MH-003,0,0.2563018202781677,0
C,MH-003,MH-003_18.935094_73.448189,MH-003,0,0.238332599401474,0
C,MH-003,MH-003_18.934824_73.44765,MH-003,0,0.3626503646373749,0
C,MH-003,MH-003_18.938058_73.485649,MH-003,0,0.20041705667972565,0
C,MH-003,MH-003_18.938058_73.485918,MH-003,0,0.23521362245082855,0
C,MH-003,MH-003_18.93725_73.484301,MH-003,0,0.24528807401657104,0
C,MH-003,MH-003_18.93725_73.486188,MH-003,0,0.3698109984397888,0
C,MH-003,MH-003_18.936441_73.483493,MH-003,0,0.5758450031280518,1
C,MH-003,MH-003_18.936172_73.483493,MH-003,0,0.6346563100814819,1
C,MH-003,MH-003_18.914882_73.502896,MH-003,0,0.4694506525993347,0
C,MH-003,MH-003_18.914882_73.503166,MH-003,0,0.4224487841129303,0
C,MH-003,MH-003_18.914612_73.498046,MH-003,0,0.2696850895881653,0
C,MH-003,MH-003_18.914612_73.500471,MH-003,0,0.28636959195137024,0
C,MH-003,MH-003_18.914612_73.50074,MH-003,0,0.34882575273513794,0
C,MH-003,MH-003_18.914612_73.50101,MH-003,0,0.5434795022010803,1
C,MH-003,MH-003_18.914612_73.501279,MH-003,0,0.6084797978401184,1
C,MH-003,MH-003_18.914612_73.502896,MH-003,0,0.419791042804718,0
C,MH-003,MH-003_18.914612_73.503166,MH-003,0,0.37531599402427673,0
C,MH-003,MH-003_18.914343_73.497237,MH-003,0,0.4392598271369934,0
C,MH-003,MH-003_18.914343_73.497507,MH-003,0,0.2923122048377991,0
C,MH-003,MH-003_18.914343_73.498315,MH-003,0,0.5074544548988342,1
C,MH-003,MH-003_18.914343_73.498584,MH-003,0,0.47001394629478455,0
C,MH-003,MH-003_18.914343_73.498854,MH-003,0,0.47597476840019226,0
C,MH-003,MH-003_18.914343_73.499662,MH-003,0,0.3752872943878174,0
C,MH-003,MH-003_18.914343_73.500201,MH-003,0,0.3332640528678894,0
C,MH-003,MH-003_18.914343_73.500471,MH-003,0,0.3544725179672241,0
C,MH-003,MH-003_18.914343_73.50074,MH-003,0,0.31406980752944946,0
C,MH-003,MH-003_18.914343_73.501549,MH-003,0,0.6271262764930725,1
C,MH-003,MH-003_18.914343_73.501818,MH-003,0,0.5667011737823486,1
C,MH-003,MH-003_18.914343_73.502088,MH-003,0,0.5447158217430115,1
C,MH-003,MH-003_18.914343_73.502357,MH-003,0,0.47019991278648376,0
C,MH-003,MH-003_18.914343_73.502627,MH-003,0,0.3236488103866577,0
C,MH-003,MH-003_18.914343_73.502896,MH-003,0,0.3248560428619385,0
C,MH-003,MH-003_18.914343_73.503166,MH-003,0,0.32475370168685913,0
C,MH-003,MH-003_18.914073_73.499662,MH-003,0,0.3230648636817932,0
C,MH-003,MH-003_18.914073_73.500201,MH-003,0,0.3744243085384369,0
C,MH-003,MH-003_18.914073_73.500471,MH-003,0,0.364011287689209,0
C,MH-003,MH-003_18.914073_73.50074,MH-003,0,0.4091704487800598,0
C,MH-003,MH-003_18.914073_73.50101,MH-003,0,0.4840415120124817,0
C,MH-003,MH-003_18.914073_73.501279,MH-003,0,0.49963250756263733,0
C,MH-003,MH-003_18.914073_73.501549,MH-003,0,0.5746927857398987,1
C,MH-003,MH-003_18.914073_73.501818,MH-003,0,0.5267421007156372,1
C,MH-003,MH-003_18.914073_73.502088,MH-003,0,0.43024513125419617,0
C,MH-003,MH-003_18.914073_73.502357,MH-003,0,0.37633147835731506,0
C,MH-003,MH-003_18.914073_73.502627,MH-003,0,0.26435232162475586,0
C,MH-003,MH-003_18.914073_73.502896,MH-003,0,0.2581079602241516,0
C,MH-003,MH-003_18.913804_73.500471,MH-003,0,0.4210229218006134,0
C,MH-003,MH-003_18.913804_73.50074,MH-003,0,0.3617720901966095,0
C,MH-003,MH-003_18.913804_73.50101,MH-003,0,0.3712371289730072,0
C,MH-003,MH-003_18.913804_73.501279,MH-003,0,0.4136826992034912,0
C,MH-003,MH-003_18.913804_73.501549,MH-003,0,0.38928934931755066,0
C,MH-003,MH-003_18.913804_73.501818,MH-003,0,0.4170049726963043,0
C,MH-003,MH-003_18.913804_73.502088,MH-003,0,0.2690984010696411,0
C,MH-003,MH-003_18.913804_73.502357,MH-003,0,0.3640240430831909,0
C,MH-003,MH-003_18.913804_73.502627,MH-003,0,0.25721052289009094,0
C,MH-003,MH-003_18.913804_73.502896,MH-003,0,0.3168230950832367,0
C,MH-003,MH-003_18.913534_73.497237,MH-003,0,0.4809703528881073,0
C,MH-003,MH-003_18.913534_73.500471,MH-003,0,0.51836758852005,1
C,MH-003,MH-003_18.913534_73.50074,MH-003,0,0.5258663296699524,1
C,MH-003,MH-003_18.913534_73.50101,MH-003,0,0.4814958870410919,0
C,MH-003,MH-003_18.913534_73.501279,MH-003,0,0.4162745475769043,0
C,MH-003,MH-003_18.913534_73.501549,MH-003,0,0.2977973222732544,0
C,MH-003,MH-003_18.913534_73.501818,MH-003,0,0.2753811180591583,0
C,MH-003,MH-003_18.913534_73.502088,MH-003,0,0.23976482450962067,0
C,MH-003,MH-003_18.913534_73.502357,MH-003,0,0.25504350662231445,0
C,MH-003,MH-003_18.913534_73.502627,MH-003,0,0.23321445286273956,0
C,MH-003,MH-003_18.913534_73.502896,MH-003,0,0.28814414143562317,0
C,MH-003,MH-003_18.913534_73.503166,MH-003,0,0.255346417427063,0
C,MH-003,MH-003_18.913265_73.497237,MH-003,0,0.6979228258132935,1
C,MH-003,MH-003_18.913265_73.500471,MH-003,0,0.6612975597381592,1
C,MH-003,MH-003_18.913265_73.50074,MH-003,0,0.659644603729248,1
C,MH-003,MH-003_18.913265_73.50101,MH-003,0,0.5836156010627747,1
C,MH-003,MH-003_18.913265_73.501279,MH-003,0,0.49298104643821716,0
C,MH-003,MH-003_18.913265_73.501549,MH-003,0,0.3352082669734955,0
C,MH-003,MH-003_18.912995_73.50074,MH-003,0,0.7765165567398071,1
C,MH-003,MH-003_18.912995_73.50101,MH-003,0,0.7455766797065735,1
C,MH-003,MH-003_18.912995_73.501279,MH-003,0,0.6637491583824158,1
C,MH-003,MH-003_18.912995_73.502627,MH-003,0,0.23344361782073975,0
C,MH-003,MH-003_18.912726_73.50074,MH-003,0,0.8607363104820251,1
C,MH-003,MH-003_18.912726_73.502357,MH-003,0,0.3739723563194275,0
C,MH-003,MH-003_18.912726_73.502627,MH-003,0,0.2561814486980438,0
C,MH-003,MH-003_18.912726_73.502896,MH-003,0,0.1619555652141571,0
C,MH-003,MH-003_18.912726_73.503166,MH-003,0,0.11133914440870285,0
C,MH-003,MH-003_18.912456_73.502627,MH-003,0,0.3407169580459595,0
C,MH-003,MH-003_18.912456_73.502896,MH-003,0,0.1930599808692932,0
C,MH-003,MH-003_18.912456_73.503166,MH-003,0,0.11947664618492126,0
C,MH-003,MH-003_18.912187_73.502896,MH-003,0,0.35928812623023987,0
C,MH-003,MH-003_18.911648_73.502896,MH-003,0,0.6520915031433105,1
C,MH-003,MH-003_18.911648_73.503166,MH-003,0,0.4101380705833435,0
C,MH-003,MH-003_18.911378_73.503166,MH-003,0,0.6209959387779236,1
C,MH-003,MH-003_18.911109_73.502896,MH-003,0,0.7777685523033142,1
C,MH-003,MH-003_18.911109_73.503166,MH-003,0,0.6432281136512756,1
C,MH-003,MH-003_18.910839_73.502627,MH-003,0,0.789863646030426,1
C,MH-003,MH-003_18.910839_73.502896,MH-003,0,0.7909836769104004,1
