experiment,held_out_project,temporal_sample_id,target,cnn_score,error_type
A,MH-001,MH-001_21.154651_78.938063,0,0.19701701402664185,TN
A,MH-001,MH-001_21.154382_78.938063,0,0.44298529624938965,TN
A,MH-001,MH-001_21.154112_78.938063,0,0.5003681182861328,FP
A,MH-001,MH-001_21.153573_78.937794,0,0.23913955688476562,TN
A,MH-001,MH-001_21.153573_78.938063,0,0.18142536282539368,TN
A,MH-001,MH-001_21.153573_78.938333,0,0.16916432976722717,TN
A,MH-001,MH-001_21.153304_78.925127,0,0.03670291602611542,TN
A,MH-001,MH-001_21.153304_78.925397,0,0.056526921689510345,TN
A,MH-001,MH-001_21.153304_78.926205,0,0.41950228810310364,TN
A,MH-001,MH-001_21.153304_78.926475,1,0.43785399198532104,FN
A,MH-001,MH-001_21.153304_78.930248,0,0.03457414358854294,TN
A,MH-001,MH-001_21.153304_78.931326,0,0.019755501300096512,TN
A,MH-001,MH-001_21.153304_78.931595,0,0.013549836352467537,TN
A,MH-001,MH-001_21.153304_78.932673,0,0.015408230945467949,TN
A,MH-001,MH-001_21.153304_78.932943,0,0.018952596932649612,TN
A,MH-001,MH-001_21.153304_78.933212,0,0.03022690676152706,TN
A,MH-001,MH-001_21.153304_78.937524,0,0.14203909039497375,TN
A,MH-001,MH-001_21.153304_78.937794,0,0.10377349704504013,TN
A,MH-001,MH-001_21.153304_78.938063,0,0.10882821679115295,TN
A,MH-001,MH-001_21.153304_78.938333,0,0.10966742783784866,TN
A,MH-001,MH-001_21.153034_78.919738,0,0.061373259872198105,TN
A,MH-001,MH-001_21.153034_78.920007,0,0.0601494237780571,TN
A,MH-001,MH-001_21.153034_78.920277,0,0.07669943571090698,TN
A,MH-001,MH-001_21.153034_78.920546,0,0.08177251368761063,TN
A,MH-001,MH-001_21.153034_78.920816,0,0.06730945408344269,TN
A,MH-001,MH-001_21.153034_78.921355,0,0.058988869190216064,TN
A,MH-001,MH-001_21.153034_78.922702,0,0.027153953909873962,TN
A,MH-001,MH-001_21.153034_78.922972,0,0.027873260900378227,TN
A,MH-001,MH-001_21.153034_78.923241,0,0.02981458231806755,TN
A,MH-001,MH-001_21.153034_78.92351,0,0.034120235592126846,TN
A,MH-001,MH-001_21.153034_78.925397,0,0.0725506991147995,TN
A,MH-001,MH-001_21.153034_78.925666,0,0.1673794537782669,TN
A,MH-001,MH-001_21.153034_78.925936,0,0.30443841218948364,TN
A,MH-001,MH-001_21.153034_78.926205,1,0.49978360533714294,FN
A,MH-001,MH-001_21.153034_78.926475,1,0.4981498420238495,FN
A,MH-001,MH-001_21.153034_78.930248,0,0.026426121592521667,TN
A,MH-001,MH-001_21.153034_78.931595,0,0.017350101843476295,TN
A,MH-001,MH-001_21.153034_78.931865,0,0.017557289451360703,TN
A,MH-001,MH-001_21.153034_78.932943,0,0.017188047990202904,TN
A,MH-001,MH-001_21.153034_78.937255,0,0.07661085575819016,TN
A,MH-001,MH-001_21.153034_78.937524,0,0.07162079215049744,TN
A,MH-001,MH-001_21.153034_78.937794,0,0.05188422650098801,TN
A,MH-001,MH-001_21.153034_78.938063,0,0.05317177623510361,TN
A,MH-001,MH-001_21.153034_78.938333,0,0.06294175237417221,TN
A,MH-001,MH-001_21.152765_78.920007,0,0.052939821034669876,TN
A,MH-001,MH-001_21.152765_78.920277,0,0.043282654136419296,TN
A,MH-001,MH-001_21.152765_78.920546,0,0.03801368176937103,TN
A,MH-001,MH-001_21.152765_78.920816,0,0.038376327604055405,TN
A,MH-001,MH-001_21.152765_78.924319,0,0.06076866760849953,TN
A,MH-001,MH-001_21.152765_78.925127,0,0.03709019720554352,TN
A,MH-001,MH-001_21.152765_78.925397,0,0.04726061969995499,TN
A,MH-001,MH-001_21.152765_78.925666,0,0.0991317629814148,TN
A,MH-001,MH-001_21.152765_78.925936,0,0.2008383423089981,TN
A,MH-001,MH-001_21.152765_78.926205,0,0.41738227009773254,TN
A,MH-001,MH-001_21.152765_78.926475,1,0.39385583996772766,FN
A,MH-001,MH-001_21.152765_78.930248,0,0.0307723730802536,TN
A,MH-001,MH-001_21.152765_78.930517,0,0.02376273274421692,TN
A,MH-001,MH-001_21.152765_78.930787,0,0.029156215488910675,TN
A,MH-001,MH-001_21.152765_78.932673,0,0.03001299500465393,TN
A,MH-001,MH-001_21.152765_78.933212,1,0.03840213641524315,FN
A,MH-001,MH-001_21.152765_78.937255,0,0.06536025553941727,TN
A,MH-001,MH-001_21.152765_78.937524,0,0.053214192390441895,TN
A,MH-001,MH-001_21.152765_78.937794,0,0.036782536655664444,TN
A,MH-001,MH-001_21.152765_78.938063,0,0.04163820669054985,TN
A,MH-001,MH-001_21.152765_78.938333,0,0.032927315682172775,TN
A,MH-001,MH-001_21.152495_78.919738,0,0.12144836783409119,TN
A,MH-001,MH-001_21.152495_78.920007,0,0.07101832330226898,TN
A,MH-001,MH-001_21.152495_78.920277,0,0.06111492961645126,TN
A,MH-001,MH-001_21.152495_78.920546,0,0.03633657842874527,TN
A,MH-001,MH-001_21.152495_78.920816,0,0.03778356313705444,TN
A,MH-001,MH-001_21.152495_78.92351,0,0.03297879919409752,TN
A,MH-001,MH-001_21.152495_78.92378,0,0.051808759570121765,TN
A,MH-001,MH-001_21.152495_78.924049,0,0.08292562514543533,TN
A,MH-001,MH-001_21.152495_78.924319,0,0.07928652316331863,TN
A,MH-001,MH-001_21.152495_78.925127,0,0.0345800407230854,TN
A,MH-001,MH-001_21.152495_78.925397,0,0.04015543311834335,TN
A,MH-001,MH-001_21.152495_78.925666,0,0.10655540227890015,TN
A,MH-001,MH-001_21.152495_78.925936,0,0.229375422000885,TN
A,MH-001,MH-001_21.152495_78.926205,0,0.34023424983024597,TN
A,MH-001,MH-001_21.152495_78.930248,0,0.02348208986222744,TN
A,MH-001,MH-001_21.152495_78.930517,0,0.02759566530585289,TN
A,MH-001,MH-001_21.152495_78.930787,0,0.040426965802907944,TN
A,MH-001,MH-001_21.152495_78.932404,0,0.04178907722234726,TN
A,MH-001,MH-001_21.152495_78.932673,0,0.03841877728700638,TN
A,MH-001,MH-001_21.152495_78.932943,0,0.036355242133140564,TN
A,MH-001,MH-001_21.152495_78.933212,1,0.03590105473995209,FN
A,MH-001,MH-001_21.152495_78.937255,0,0.046869002282619476,TN
A,MH-001,MH-001_21.152495_78.937524,0,0.03979020565748215,TN
A,MH-001,MH-001_21.152495_78.937794,0,0.028181130066514015,TN
A,MH-001,MH-001_21.152495_78.938063,0,0.023912575095891953,TN
A,MH-001,MH-001_21.152495_78.938333,0,0.02127806469798088,TN
A,MH-001,MH-001_21.152495_78.938602,0,0.029357850551605225,TN
A,MH-001,MH-001_21.152226_78.919738,0,0.06204594671726227,TN
A,MH-001,MH-001_21.152226_78.920007,0,0.04469621926546097,TN
A,MH-001,MH-001_21.152226_78.920277,0,0.031179964542388916,TN
A,MH-001,MH-001_21.152226_78.920546,0,0.029969006776809692,TN
A,MH-001,MH-001_21.152226_78.920816,0,0.04473469778895378,TN
A,MH-001,MH-001_21.152226_78.921624,0,0.07827223092317581,TN
A,MH-001,MH-001_21.152226_78.921894,0,0.06050499528646469,TN
A,MH-001,MH-001_21.152226_78.923241,0,0.040533874183893204,TN
A,MH-001,MH-001_21.152226_78.92378,0,0.0695265606045723,TN
A,MH-001,MH-001_21.152226_78.924049,0,0.07079268991947174,TN
A,MH-001,MH-001_21.152226_78.924588,0,0.051016371697187424,TN
A,MH-001,MH-001_21.152226_78.925397,0,0.03822121396660805,TN
A,MH-001,MH-001_21.152226_78.925666,0,0.10503876954317093,TN
A,MH-001,MH-001_21.152226_78.930248,0,0.04097490385174751,TN
A,MH-001,MH-001_21.152226_78.930517,0,0.0405382439494133,TN
A,MH-001,MH-001_21.152226_78.930787,0,0.04760569706559181,TN
A,MH-001,MH-001_21.152226_78.931056,0,0.03355494141578674,TN
A,MH-001,MH-001_21.152226_78.932404,0,0.03777697682380676,TN
A,MH-001,MH-001_21.152226_78.932673,0,0.03195478394627571,TN
A,MH-001,MH-001_21.152226_78.932943,0,0.03899827599525452,TN
A,MH-001,MH-001_21.152226_78.933212,0,0.034937016665935516,TN
A,MH-001,MH-001_21.152226_78.933482,0,0.03235843777656555,TN
A,MH-001,MH-001_21.152226_78.937794,0,0.02136976458132267,TN
A,MH-001,MH-001_21.152226_78.938063,0,0.01640751026570797,TN
A,MH-001,MH-001_21.152226_78.938333,0,0.011683568358421326,TN
A,MH-001,MH-001_21.152226_78.938602,0,0.013318403623998165,TN
A,MH-001,MH-001_21.151956_78.91866,0,0.15188001096248627,TN
A,MH-001,MH-001_21.151956_78.918929,0,0.10415039956569672,TN
A,MH-001,MH-001_21.151956_78.919199,0,0.060844600200653076,TN
A,MH-001,MH-001_21.151956_78.919468,0,0.04602519050240517,TN
A,MH-001,MH-001_21.151956_78.919738,0,0.06140529736876488,TN
A,MH-001,MH-001_21.151956_78.920007,0,0.05684935301542282,TN
A,MH-001,MH-001_21.151956_78.920277,0,0.05760393291711807,TN
A,MH-001,MH-001_21.151956_78.920546,0,0.05668695271015167,TN
A,MH-001,MH-001_21.151956_78.920816,0,0.08592508733272552,TN
A,MH-001,MH-001_21.151956_78.921085,0,0.1299407035112381,TN
A,MH-001,MH-001_21.151956_78.921624,0,0.11459258198738098,TN
A,MH-001,MH-001_21.151956_78.921894,0,0.083812415599823,TN
A,MH-001,MH-001_21.151956_78.923241,0,0.039628900587558746,TN
A,MH-001,MH-001_21.151956_78.92351,0,0.06406675279140472,TN
A,MH-001,MH-001_21.151956_78.924049,0,0.09005176275968552,TN
A,MH-001,MH-001_21.151956_78.924319,0,0.10496676713228226,TN
A,MH-001,MH-001_21.151956_78.930248,0,0.06980349123477936,TN
A,MH-001,MH-001_21.151956_78.930517,0,0.07305285334587097,TN
A,MH-001,MH-001_21.151956_78.930787,0,0.07323841750621796,TN
A,MH-001,MH-001_21.151956_78.931056,0,0.04998009651899338,TN
A,MH-001,MH-001_21.151956_78.932673,0,0.018611913546919823,TN
A,MH-001,MH-001_21.151956_78.938063,0,0.017940206453204155,TN
A,MH-001,MH-001_21.151956_78.938333,0,0.011353912763297558,TN
A,MH-001,MH-001_21.151956_78.938602,0,0.011120487004518509,TN
A,MH-001,MH-001_21.151687_78.91866,0,0.058617718517780304,TN
A,MH-001,MH-001_21.151687_78.918929,0,0.04473616182804108,TN
A,MH-001,MH-001_21.151687_78.919468,0,0.06086716800928116,TN
A,MH-001,MH-001_21.151687_78.919738,0,0.07745974510908127,TN
A,MH-001,MH-001_21.151687_78.920007,0,0.08329319953918457,TN
A,MH-001,MH-001_21.151687_78.920277,0,0.12461212277412415,TN
A,MH-001,MH-001_21.151687_78.920546,0,0.17239700257778168,TN
A,MH-001,MH-001_21.151687_78.920816,0,0.3129151165485382,TN
A,MH-001,MH-001_21.151687_78.921085,0,0.3939725160598755,TN
A,MH-001,MH-001_21.151687_78.921355,0,0.25919800996780396,TN
A,MH-001,MH-001_21.151687_78.921894,0,0.21449902653694153,TN
A,MH-001,MH-001_21.151687_78.922972,0,0.10735581070184708,TN
A,MH-001,MH-001_21.151687_78.92378,0,0.0966411679983139,TN
A,MH-001,MH-001_21.151687_78.924049,0,0.11472413688898087,TN
A,MH-001,MH-001_21.151687_78.924319,1,0.10048988461494446,FN
A,MH-001,MH-001_21.151687_78.930248,0,0.1835133135318756,TN
A,MH-001,MH-001_21.151687_78.930517,0,0.16992217302322388,TN
A,MH-001,MH-001_21.151687_78.930787,0,0.16353611648082733,TN
A,MH-001,MH-001_21.151687_78.931056,0,0.089205302298069,TN
A,MH-001,MH-001_21.151687_78.932673,0,0.012357580475509167,TN
A,MH-001,MH-001_21.151687_78.932943,0,0.01515735499560833,TN
A,MH-001,MH-001_21.151687_78.938333,0,0.017298538237810135,TN
A,MH-001,MH-001_21.151687_78.938602,0,0.010827010497450829,TN
A,MH-001,MH-001_21.151417_78.917582,0,0.026937253773212433,TN
A,MH-001,MH-001_21.151417_78.917851,0,0.03204812481999397,TN
A,MH-001,MH-001_21.151417_78.918929,0,0.043257877230644226,TN
A,MH-001,MH-001_21.151417_78.919468,0,0.05509001761674881,TN
A,MH-001,MH-001_21.151417_78.919738,0,0.10731396079063416,TN
A,MH-001,MH-001_21.151417_78.920007,0,0.1570567786693573,TN
A,MH-001,MH-001_21.151417_78.920277,0,0.24630579352378845,TN
A,MH-001,MH-001_21.151417_78.920546,0,0.31251153349876404,TN
A,MH-001,MH-001_21.151417_78.920816,0,0.3885582685470581,TN
A,MH-001,MH-001_21.151417_78.921085,0,0.49467360973358154,TN
A,MH-001,MH-001_21.151417_78.921355,0,0.3824009597301483,TN
A,MH-001,MH-001_21.151417_78.925936,0,0.12858788669109344,TN
A,MH-001,MH-001_21.151417_78.926205,0,0.1839265674352646,TN
A,MH-001,MH-001_21.151417_78.926475,0,0.14632825553417206,TN
A,MH-001,MH-001_21.151417_78.930248,0,0.2567581832408905,TN
A,MH-001,MH-001_21.151417_78.930517,0,0.19882316887378693,TN
A,MH-001,MH-001_21.151417_78.930787,0,0.19021345674991608,TN
A,MH-001,MH-001_21.151417_78.931056,0,0.09298861026763916,TN
A,MH-001,MH-001_21.151417_78.931326,0,0.07160279899835587,TN
A,MH-001,MH-001_21.151417_78.932943,0,0.019729463383555412,TN
A,MH-001,MH-001_21.151417_78.933212,0,0.034878719598054886,TN
A,MH-001,MH-001_21.151417_78.937255,0,0.22700536251068115,TN
A,MH-001,MH-001_21.151417_78.937524,0,0.1425287425518036,TN
A,MH-001,MH-001_21.151417_78.937794,0,0.13697899878025055,TN
A,MH-001,MH-001_21.151417_78.938063,0,0.05141301080584526,TN
A,MH-001,MH-001_21.151417_78.938333,0,0.03208710998296738,TN
A,MH-001,MH-001_21.151148_78.917851,0,0.03193507716059685,TN
A,MH-001,MH-001_21.151148_78.919468,0,0.09063335508108139,TN
A,MH-001,MH-001_21.151148_78.919738,0,0.16962185502052307,TN
A,MH-001,MH-001_21.151148_78.920007,0,0.17637978494167328,TN
A,MH-001,MH-001_21.151148_78.920277,0,0.3201051354408264,TN
A,MH-001,MH-001_21.151148_78.920546,0,0.3970341682434082,TN
A,MH-001,MH-001_21.151148_78.920816,0,0.4896678626537323,TN
A,MH-001,MH-001_21.151148_78.921085,0,0.4101026654243469,TN
A,MH-001,MH-001_21.151148_78.921355,0,0.3298169672489166,TN
A,MH-001,MH-001_21.151148_78.921624,0,0.26560133695602417,TN
A,MH-001,MH-001_21.151148_78.922433,0,0.10687911510467529,TN
A,MH-001,MH-001_21.151148_78.922702,0,0.08568353205919266,TN
A,MH-001,MH-001_21.151148_78.92351,0,0.09539157152175903,TN
A,MH-001,MH-001_21.151148_78.92378,0,0.06393791735172272,TN
A,MH-001,MH-001_21.151148_78.925397,0,0.04110608249902725,TN
A,MH-001,MH-001_21.151148_78.925666,0,0.058080077171325684,TN
A,MH-001,MH-001_21.151148_78.926205,0,0.1500283032655716,TN
A,MH-001,MH-001_21.151148_78.926475,0,0.11507555097341537,TN
A,MH-001,MH-001_21.151148_78.930248,1,0.3514748215675354,FN
A,MH-001,MH-001_21.151148_78.930517,0,0.2841811180114746,TN
A,MH-001,MH-001_21.151148_78.931595,0,0.06241409480571747,TN
A,MH-001,MH-001_21.151148_78.933212,0,0.035880282521247864,TN
A,MH-001,MH-001_21.151148_78.933482,0,0.042379770427942276,TN
A,MH-001,MH-001_21.151148_78.937255,0,0.4177115261554718,TN
A,MH-001,MH-001_21.151148_78.937524,0,0.2449818253517151,TN
A,MH-001,MH-001_21.151148_78.937794,0,0.21623559296131134,TN
A,MH-001,MH-001_21.151148_78.938063,0,0.06931903213262558,TN
A,MH-001,MH-001_21.151148_78.938333,0,0.03963429108262062,TN
A,MH-001,MH-001_21.151148_78.938602,0,0.025730453431606293,TN
A,MH-001,MH-001_21.150878_78.917043,0,0.0416477806866169,TN
A,MH-001,MH-001_21.150878_78.917582,0,0.030802728608250618,TN
A,MH-001,MH-001_21.150878_78.917851,0,0.03516482934355736,TN
A,MH-001,MH-001_21.150878_78.91839,0,0.061988476663827896,TN
A,MH-001,MH-001_21.150878_78.91866,0,0.05189940705895424,TN
A,MH-001,MH-001_21.150878_78.919199,0,0.0515594445168972,TN
A,MH-001,MH-001_21.150878_78.919468,0,0.07342629134654999,TN
A,MH-001,MH-001_21.150878_78.919738,0,0.2095535546541214,TN
A,MH-001,MH-001_21.150878_78.920007,0,0.1836298406124115,TN
A,MH-001,MH-001_21.150878_78.920277,0,0.40911704301834106,TN
A,MH-001,MH-001_21.150878_78.920546,0,0.4592798054218292,TN
A,MH-001,MH-001_21.150878_78.920816,1,0.5238688588142395,TP
A,MH-001,MH-001_21.150878_78.921085,0,0.5041390657424927,FP
A,MH-001,MH-001_21.150878_78.921355,0,0.3634651303291321,TN
A,MH-001,MH-001_21.150878_78.921894,0,0.25900256633758545,TN
A,MH-001,MH-001_21.150878_78.922433,0,0.11432257294654846,TN
A,MH-001,MH-001_21.150878_78.922702,0,0.06201515346765518,TN
A,MH-001,MH-001_21.150878_78.922972,0,0.07749368995428085,TN
A,MH-001,MH-001_21.150878_78.92351,0,0.06205528602004051,TN
A,MH-001,MH-001_21.150878_78.925397,0,0.050512123852968216,TN
A,MH-001,MH-001_21.150878_78.925666,0,0.06945350766181946,TN
A,MH-001,MH-001_21.150878_78.926475,0,0.10021296888589859,TN
A,MH-001,MH-001_21.150878_78.930248,1,0.27219149470329285,FN
A,MH-001,MH-001_21.150878_78.930787,0,0.28284305334091187,TN
A,MH-001,MH-001_21.150878_78.931595,0,0.05412502959370613,TN
A,MH-001,MH-001_21.150878_78.933482,0,0.03476862981915474,TN
A,MH-001,MH-001_21.150878_78.937255,0,0.6859170198440552,FP
A,MH-001,MH-001_21.150878_78.937524,0,0.4788995087146759,TN
A,MH-001,MH-001_21.150878_78.937794,0,0.5114045143127441,FP
A,MH-001,MH-001_21.150878_78.938063,0,0.2656902074813843,TN
A,MH-001,MH-001_21.150878_78.938333,0,0.13908645510673523,TN
A,MH-001,MH-001_21.150878_78.938602,0,0.06784918159246445,TN
A,MH-001,MH-001_21.150609_78.917312,0,0.02790331467986107,TN
A,MH-001,MH-001_21.150609_78.917582,0,0.023765897378325462,TN
A,MH-001,MH-001_21.150609_78.917851,0,0.02654014341533184,TN
A,MH-001,MH-001_21.150609_78.918121,0,0.034724924713373184,TN
A,MH-001,MH-001_21.150609_78.918929,0,0.026401247829198837,TN
A,MH-001,MH-001_21.150609_78.919199,0,0.0413968451321125,TN
A,MH-001,MH-001_21.150609_78.919468,0,0.05663033574819565,TN
A,MH-001,MH-001_21.150609_78.919738,0,0.11201903223991394,TN
A,MH-001,MH-001_21.150609_78.920007,0,0.12759104371070862,TN
A,MH-001,MH-001_21.150609_78.920277,0,0.22181682288646698,TN
A,MH-001,MH-001_21.150609_78.920546,1,0.24286827445030212,FN
A,MH-001,MH-001_21.150609_78.920816,1,0.22798709571361542,FN
A,MH-001,MH-001_21.150609_78.921085,0,0.21848100423812866,TN
A,MH-001,MH-001_21.150609_78.921355,0,0.15736156702041626,TN
A,MH-001,MH-001_21.150609_78.921624,0,0.10711620002985,TN
A,MH-001,MH-001_21.150609_78.921894,0,0.08260522037744522,TN
A,MH-001,MH-001_21.150609_78.922163,0,0.07908972352743149,TN
A,MH-001,MH-001_21.150609_78.922433,0,0.06803731620311737,TN
A,MH-001,MH-001_21.150609_78.922702,0,0.05061636120080948,TN
A,MH-001,MH-001_21.150609_78.922972,0,0.0642549991607666,TN
A,MH-001,MH-001_21.150609_78.923241,0,0.06704194098711014,TN
A,MH-001,MH-001_21.150609_78.92351,0,0.08745012432336807,TN
A,MH-001,MH-001_21.150609_78.925397,0,0.037083886563777924,TN
A,MH-001,MH-001_21.150609_78.925666,0,0.03781500458717346,TN
A,MH-001,MH-001_21.150609_78.926475,0,0.07106616348028183,TN
A,MH-001,MH-001_21.150609_78.930517,0,0.14519178867340088,TN
A,MH-001,MH-001_21.150609_78.930787,0,0.22039425373077393,TN
A,MH-001,MH-001_21.150609_78.937255,0,0.7954917550086975,FP
A,MH-001,MH-001_21.150609_78.937524,0,0.6514453291893005,FP
A,MH-001,MH-001_21.150609_78.937794,0,0.6327372789382935,FP
A,MH-001,MH-001_21.150609_78.938063,0,0.3279178738594055,TN
A,MH-001,MH-001_21.150609_78.938602,0,0.125898078083992,TN
A,MH-001,MH-001_21.150339_78.917312,0,0.02971617877483368,TN
A,MH-001,MH-001_21.150339_78.917582,0,0.027124514803290367,TN
A,MH-001,MH-001_21.150339_78.917851,0,0.02043365314602852,TN
A,MH-001,MH-001_21.150339_78.918121,0,0.027878299355506897,TN
A,MH-001,MH-001_21.150339_78.91839,0,0.032057102769613266,TN
A,MH-001,MH-001_21.150339_78.91866,0,0.03766746446490288,TN
A,MH-001,MH-001_21.150339_78.918929,0,0.034239474684000015,TN
A,MH-001,MH-001_21.150339_78.919199,0,0.047932833433151245,TN
A,MH-001,MH-001_21.150339_78.919468,0,0.049885112792253494,TN
A,MH-001,MH-001_21.150339_78.919738,0,0.0788746029138565,TN
A,MH-001,MH-001_21.150339_78.920007,0,0.09550215303897858,TN
A,MH-001,MH-001_21.150339_78.920277,0,0.19371066987514496,TN
A,MH-001,MH-001_21.150339_78.920546,0,0.2005157321691513,TN
A,MH-001,MH-001_21.150339_78.920816,1,0.19315414130687714,FN
A,MH-001,MH-001_21.150339_78.921085,0,0.16476045548915863,TN
A,MH-001,MH-001_21.150339_78.921355,0,0.087592214345932,TN
A,MH-001,MH-001_21.150339_78.921624,0,0.06075601279735565,TN
A,MH-001,MH-001_21.150339_78.921894,0,0.05701107159256935,TN
A,MH-001,MH-001_21.150339_78.922163,0,0.049776289612054825,TN
A,MH-001,MH-001_21.150339_78.922433,0,0.05778765678405762,TN
A,MH-001,MH-001_21.150339_78.922702,0,0.040664661675691605,TN
A,MH-001,MH-001_21.150339_78.922972,0,0.0509674996137619,TN
A,MH-001,MH-001_21.150339_78.923241,0,0.060139238834381104,TN
A,MH-001,MH-001_21.150339_78.92378,0,0.06249575316905975,TN
A,MH-001,MH-001_21.150339_78.924588,0,0.029118919745087624,TN
A,MH-001,MH-001_21.150339_78.924858,0,0.027746152132749557,TN
A,MH-001,MH-001_21.150339_78.925127,0,0.026046503335237503,TN
A,MH-001,MH-001_21.150339_78.925666,0,0.0272651556879282,TN
A,MH-001,MH-001_21.150339_78.925936,0,0.03940508887171745,TN
A,MH-001,MH-001_21.150339_78.926205,0,0.045474108308553696,TN
A,MH-001,MH-001_21.150339_78.930517,0,0.10167936980724335,TN
A,MH-001,MH-001_21.150339_78.930787,0,0.11851806193590164,TN
A,MH-001,MH-001_21.150339_78.937255,0,0.7387043237686157,FP
A,MH-001,MH-001_21.150339_78.937524,0,0.5908874273300171,FP
A,MH-001,MH-001_21.150339_78.937794,0,0.5760858058929443,FP
A,MH-001,MH-001_21.150339_78.938063,0,0.3838231861591339,TN
A,MH-001,MH-001_21.15007_78.917312,0,0.025840187445282936,TN
A,MH-001,MH-001_21.15007_78.917582,0,0.02294979989528656,TN
A,MH-001,MH-001_21.15007_78.917851,0,0.021312439814209938,TN
A,MH-001,MH-001_21.15007_78.918121,0,0.024385035037994385,TN
A,MH-001,MH-001_21.15007_78.91839,0,0.02682936191558838,TN
A,MH-001,MH-001_21.15007_78.91866,0,0.03521936759352684,TN
A,MH-001,MH-001_21.15007_78.918929,0,0.029793817549943924,TN
A,MH-001,MH-001_21.15007_78.919199,0,0.04474186897277832,TN
A,MH-001,MH-001_21.15007_78.919468,0,0.041013944894075394,TN
A,MH-001,MH-001_21.15007_78.919738,0,0.06789328157901764,TN
A,MH-001,MH-001_21.15007_78.920007,0,0.08391264826059341,TN
A,MH-001,MH-001_21.15007_78.920277,0,0.1303931176662445,TN
A,MH-001,MH-001_21.15007_78.920546,0,0.15634310245513916,TN
A,MH-001,MH-001_21.15007_78.920816,0,0.10564345121383667,TN
A,MH-001,MH-001_21.15007_78.921085,0,0.09543842822313309,TN
A,MH-001,MH-001_21.15007_78.921355,0,0.0654415711760521,TN
A,MH-001,MH-001_21.15007_78.921624,0,0.035088781267404556,TN
A,MH-001,MH-001_21.15007_78.921894,0,0.03782966732978821,TN
A,MH-001,MH-001_21.15007_78.922163,0,0.03598619997501373,TN
A,MH-001,MH-001_21.15007_78.922433,0,0.04039505124092102,TN
A,MH-001,MH-001_21.15007_78.922702,0,0.033409446477890015,TN
A,MH-001,MH-001_21.15007_78.922972,0,0.047145165503025055,TN
A,MH-001,MH-001_21.15007_78.923241,0,0.045746415853500366,TN
A,MH-001,MH-001_21.15007_78.92351,0,0.06668665260076523,TN
A,MH-001,MH-001_21.15007_78.92378,0,0.04352623596787453,TN
A,MH-001,MH-001_21.15007_78.924049,0,0.05015035718679428,TN
A,MH-001,MH-001_21.15007_78.924319,0,0.03540479391813278,TN
A,MH-001,MH-001_21.15007_78.924588,0,0.02672804333269596,TN
A,MH-001,MH-001_21.15007_78.924858,0,0.022901201620697975,TN
A,MH-001,MH-001_21.15007_78.925127,0,0.021621262654662132,TN
A,MH-001,MH-001_21.15007_78.926475,0,0.07392368465662003,TN
A,MH-001,MH-001_21.15007_78.930517,0,0.06386391818523407,TN
A,MH-001,MH-001_21.15007_78.937255,1,0.333792120218277,FN
A,MH-001,MH-001_21.15007_78.937524,0,0.2728900611400604,TN
A,MH-001,MH-001_21.15007_78.937794,0,0.2901408076286316,TN
A,MH-001,MH-001_21.15007_78.938063,0,0.2571060061454773,TN
A,MH-001,MH-001_21.1498_78.917582,0,0.025833263993263245,TN
A,MH-001,MH-001_21.1498_78.917851,0,0.02369745820760727,TN
A,MH-001,MH-001_21.1498_78.918121,0,0.02970842830836773,TN
A,MH-001,MH-001_21.1498_78.91839,0,0.03306812047958374,TN
A,MH-001,MH-001_21.1498_78.91866,0,0.037883732467889786,TN
A,MH-001,MH-001_21.1498_78.918929,0,0.030727263540029526,TN
A,MH-001,MH-001_21.1498_78.919199,0,0.038329076021909714,TN
A,MH-001,MH-001_21.1498_78.919468,0,0.04287537559866905,TN
A,MH-001,MH-001_21.1498_78.919738,0,0.047233060002326965,TN
A,MH-001,MH-001_21.1498_78.920007,0,0.06378930807113647,TN
A,MH-001,MH-001_21.1498_78.920277,0,0.10331124812364578,TN
A,MH-001,MH-001_21.1498_78.920546,0,0.0900145098567009,TN
A,MH-001,MH-001_21.1498_78.920816,0,0.07801452279090881,TN
A,MH-001,MH-001_21.1498_78.921085,0,0.07055056095123291,TN
A,MH-001,MH-001_21.1498_78.921355,0,0.04904553294181824,TN
A,MH-001,MH-001_21.1498_78.921624,0,0.02998075634241104,TN
A,MH-001,MH-001_21.1498_78.921894,0,0.02844342589378357,TN
A,MH-001,MH-001_21.1498_78.922163,0,0.029536953195929527,TN
A,MH-001,MH-001_21.1498_78.922433,0,0.03895566239953041,TN
A,MH-001,MH-001_21.1498_78.922702,0,0.03138379380106926,TN
A,MH-001,MH-001_21.1498_78.922972,0,0.041735876351594925,TN
A,MH-001,MH-001_21.1498_78.923241,0,0.04402944818139076,TN
A,MH-001,MH-001_21.1498_78.92351,0,0.04960387945175171,TN
A,MH-001,MH-001_21.1498_78.92378,0,0.03818361461162567,TN
A,MH-001,MH-001_21.1498_78.924049,0,0.04003722220659256,TN
A,MH-001,MH-001_21.1498_78.924319,0,0.026536522433161736,TN
A,MH-001,MH-001_21.1498_78.924588,0,0.02074192836880684,TN
A,MH-001,MH-001_21.1498_78.924858,0,0.021087320521473885,TN
A,MH-001,MH-001_21.1498_78.925127,0,0.027289409190416336,TN
A,MH-001,MH-001_21.1498_78.926205,0,0.08029573410749435,TN
A,MH-001,MH-001_21.1498_78.937524,1,0.12553660571575165,FN
A,MH-001,MH-001_21.1498_78.937794,0,0.16869287192821503,TN
A,MH-001,MH-001_21.1498_78.938063,0,0.1586458832025528,TN
A,MH-001,MH-001_21.1498_78.938333,0,0.21984373033046722,TN
A,MH-001,MH-001_21.149531_78.917582,0,0.02640245482325554,TN
A,MH-001,MH-001_21.149531_78.917851,0,0.025582676753401756,TN
A,MH-001,MH-001_21.149531_78.918121,0,0.03298399969935417,TN
A,MH-001,MH-001_21.149531_78.91839,0,0.037054549902677536,TN
A,MH-001,MH-001_21.149531_78.91866,0,0.04676489159464836,TN
A,MH-001,MH-001_21.149531_78.918929,0,0.032054707407951355,TN
A,MH-001,MH-001_21.149531_78.919199,0,0.04617106914520264,TN
A,MH-001,MH-001_21.149531_78.919468,0,0.04542580246925354,TN
A,MH-001,MH-001_21.149531_78.919738,0,0.05914853513240814,TN
A,MH-001,MH-001_21.149531_78.920007,0,0.07279129326343536,TN
A,MH-001,MH-001_21.149531_78.920277,0,0.09079237282276154,TN
A,MH-001,MH-001_21.149531_78.920546,0,0.08676549792289734,TN
A,MH-001,MH-001_21.149531_78.920816,0,0.06442467868328094,TN
A,MH-001,MH-001_21.149531_78.921085,0,0.06700917333364487,TN
A,MH-001,MH-001_21.149531_78.921355,0,0.038780130445957184,TN
A,MH-001,MH-001_21.149531_78.921624,0,0.026887422427535057,TN
A,MH-001,MH-001_21.149531_78.921894,0,0.033149588853120804,TN
A,MH-001,MH-001_21.149531_78.922163,0,0.03457169979810715,TN
A,MH-001,MH-001_21.149531_78.922433,0,0.04476489499211311,TN
A,MH-001,MH-001_21.149531_78.922702,0,0.034912701696157455,TN
A,MH-001,MH-001_21.149531_78.922972,0,0.03715194761753082,TN
A,MH-001,MH-001_21.149531_78.923241,0,0.031227419152855873,TN
A,MH-001,MH-001_21.149531_78.92351,0,0.04730607196688652,TN
A,MH-001,MH-001_21.149531_78.92378,0,0.04349305480718613,TN
A,MH-001,MH-001_21.149531_78.924049,0,0.048607636243104935,TN
A,MH-001,MH-001_21.149531_78.924319,0,0.037659693509340286,TN
A,MH-001,MH-001_21.149531_78.924588,0,0.032529208809137344,TN
A,MH-001,MH-001_21.149531_78.924858,0,0.03075355291366577,TN
A,MH-001,MH-001_21.149531_78.925397,0,0.04362830892205238,TN
A,MH-001,MH-001_21.149531_78.925666,0,0.05432469770312309,TN
A,MH-001,MH-001_21.149531_78.926475,0,0.06880614906549454,TN
A,MH-001,MH-001_21.149531_78.937255,0,0.04223278537392616,TN
A,MH-001,MH-001_21.149531_78.938063,0,0.07607172429561615,TN
A,MH-001,MH-001_21.149531_78.938333,0,0.11779100447893143,TN
A,MH-001,MH-001_21.149531_78.938602,0,0.17997846007347107,TN
A,MH-001,MH-001_21.149261_78.917851,0,0.028945378959178925,TN
A,MH-001,MH-001_21.149261_78.918121,0,0.035306379199028015,TN
A,MH-001,MH-001_21.149261_78.91839,0,0.043131716549396515,TN
A,MH-001,MH-001_21.149261_78.91866,0,0.046890564262866974,TN
A,MH-001,MH-001_21.149261_78.918929,0,0.04743674397468567,TN
A,MH-001,MH-001_21.149261_78.919199,0,0.053086988627910614,TN
A,MH-001,MH-001_21.149261_78.919468,0,0.061802975833415985,TN
A,MH-001,MH-001_21.149261_78.919738,0,0.05233098194003105,TN
A,MH-001,MH-001_21.149261_78.920007,0,0.0812232568860054,TN
A,MH-001,MH-001_21.149261_78.920277,0,0.11160430312156677,TN
A,MH-001,MH-001_21.149261_78.920546,0,0.11194834113121033,TN
A,MH-001,MH-001_21.149261_78.920816,0,0.08470933884382248,TN
A,MH-001,MH-001_21.149261_78.921085,0,0.07488581538200378,TN
A,MH-001,MH-001_21.149261_78.921355,0,0.03529166057705879,TN
A,MH-001,MH-001_21.149261_78.921624,0,0.025978904217481613,TN
A,MH-001,MH-001_21.149261_78.921894,0,0.026058772578835487,TN
A,MH-001,MH-001_21.149261_78.922163,0,0.029933596029877663,TN
A,MH-001,MH-001_21.149261_78.922433,0,0.03863290324807167,TN
A,MH-001,MH-001_21.149261_78.922702,0,0.032756004482507706,TN
A,MH-001,MH-001_21.149261_78.922972,0,0.03929703310132027,TN
A,MH-001,MH-001_21.149261_78.923241,0,0.038713131099939346,TN
A,MH-001,MH-001_21.149261_78.92351,0,0.04541577771306038,TN
A,MH-001,MH-001_21.149261_78.92378,0,0.051341887563467026,TN
A,MH-001,MH-001_21.149261_78.924049,0,0.056920237839221954,TN
A,MH-001,MH-001_21.149261_78.924319,0,0.04047698155045509,TN
A,MH-001,MH-001_21.149261_78.924588,0,0.0411800891160965,TN
A,MH-001,MH-001_21.149261_78.924858,0,0.03809312731027603,TN
A,MH-001,MH-001_21.149261_78.925127,0,0.05565773323178291,TN
A,MH-001,MH-001_21.149261_78.925936,0,0.09544111788272858,TN
A,MH-001,MH-001_21.149261_78.931595,0,0.009211933240294456,TN
A,MH-001,MH-001_21.149261_78.931865,0,0.0061846231110394,TN
A,MH-001,MH-001_21.149261_78.937255,0,0.030293012037873268,TN
A,MH-001,MH-001_21.149261_78.937524,0,0.03371579200029373,TN
A,MH-001,MH-001_21.149261_78.938602,0,0.0949912965297699,TN
A,MH-001,MH-001_21.148992_78.917851,0,0.03467055410146713,TN
A,MH-001,MH-001_21.148992_78.918121,0,0.037963222712278366,TN
A,MH-001,MH-001_21.148992_78.91839,0,0.05896984040737152,TN
A,MH-001,MH-001_21.148992_78.91866,0,0.057263851165771484,TN
A,MH-001,MH-001_21.148992_78.918929,0,0.05502544343471527,TN
A,MH-001,MH-001_21.148992_78.919199,0,0.05788424611091614,TN
A,MH-001,MH-001_21.148992_78.919468,0,0.05813523754477501,TN
A,MH-001,MH-001_21.148992_78.919738,0,0.06253650784492493,TN
A,MH-001,MH-001_21.148992_78.920007,0,0.08363032341003418,TN
A,MH-001,MH-001_21.148992_78.920277,0,0.09868890792131424,TN
A,MH-001,MH-001_21.148992_78.920546,0,0.12149228900671005,TN
A,MH-001,MH-001_21.148992_78.920816,0,0.09246298670768738,TN
A,MH-001,MH-001_21.148992_78.921085,0,0.07209693640470505,TN
A,MH-001,MH-001_21.148992_78.921355,0,0.03447636589407921,TN
A,MH-001,MH-001_21.148992_78.921624,0,0.026849444955587387,TN
A,MH-001,MH-001_21.148992_78.921894,0,0.02941366843879223,TN
A,MH-001,MH-001_21.148992_78.922163,0,0.03626177832484245,TN
A,MH-001,MH-001_21.148992_78.922433,0,0.04322899505496025,TN
A,MH-001,MH-001_21.148992_78.922702,0,0.04237789288163185,TN
A,MH-001,MH-001_21.148992_78.922972,0,0.04160209000110626,TN
A,MH-001,MH-001_21.148992_78.923241,0,0.044932156801223755,TN
A,MH-001,MH-001_21.148992_78.92351,0,0.054130781441926956,TN
A,MH-001,MH-001_21.148992_78.92378,0,0.07330584526062012,TN
A,MH-001,MH-001_21.148992_78.924049,0,0.06100898236036301,TN
A,MH-001,MH-001_21.148992_78.924319,0,0.05766358599066734,TN
A,MH-001,MH-001_21.148992_78.924588,0,0.060616832226514816,TN
A,MH-001,MH-001_21.148992_78.924858,0,0.06050806865096092,TN
A,MH-001,MH-001_21.148992_78.925397,0,0.06651220470666885,TN
A,MH-001,MH-001_21.148992_78.926205,0,0.1291348785161972,TN
A,MH-001,MH-001_21.148992_78.926475,0,0.12485672533512115,TN
A,MH-001,MH-001_21.148992_78.930248,0,0.03571101650595665,TN
A,MH-001,MH-001_21.148992_78.930517,0,0.03184792026877403,TN
A,MH-001,MH-001_21.148992_78.931595,0,0.007875205017626286,TN
A,MH-001,MH-001_21.148992_78.931865,0,0.005491927731782198,TN
A,MH-001,MH-001_21.148992_78.937255,0,0.018227189779281616,TN
A,MH-001,MH-001_21.148992_78.937524,0,0.018988776952028275,TN
A,MH-001,MH-001_21.148992_78.937794,0,0.026830632239580154,TN
A,MH-001,MH-001_21.148992_78.938063,0,0.0370536670088768,TN
A,MH-001,MH-001_21.148722_78.917851,0,0.05796980857849121,TN
A,MH-001,MH-001_21.148722_78.918121,0,0.05096839740872383,TN
A,MH-001,MH-001_21.148722_78.91839,0,0.07328660041093826,TN
A,MH-001,MH-001_21.148722_78.91866,0,0.05835941061377525,TN
A,MH-001,MH-001_21.148722_78.918929,0,0.0614820159971714,TN
A,MH-001,MH-001_21.148722_78.919199,0,0.07214367389678955,TN
A,MH-001,MH-001_21.148722_78.919468,0,0.08045458048582077,TN
A,MH-001,MH-001_21.148722_78.919738,0,0.09066930413246155,TN
A,MH-001,MH-001_21.148722_78.920007,0,0.12076812237501144,TN
A,MH-001,MH-001_21.148722_78.920277,0,0.12975406646728516,TN
A,MH-001,MH-001_21.148722_78.920546,0,0.13660211861133575,TN
A,MH-001,MH-001_21.148722_78.920816,0,0.0980498418211937,TN
A,MH-001,MH-001_21.148722_78.921085,0,0.0835798978805542,TN
A,MH-001,MH-001_21.148722_78.921355,0,0.040312256664037704,TN
A,MH-001,MH-001_21.148722_78.921624,0,0.03588679060339928,TN
A,MH-001,MH-001_21.148722_78.921894,0,0.0312754325568676,TN
A,MH-001,MH-001_21.148722_78.922163,0,0.03676946461200714,TN
A,MH-001,MH-001_21.148722_78.922433,0,0.04137361794710159,TN
A,MH-001,MH-001_21.148722_78.922702,0,0.049631375819444656,TN
A,MH-001,MH-001_21.148722_78.922972,0,0.05907381325960159,TN
A,MH-001,MH-001_21.148722_78.923241,0,0.05284477770328522,TN
A,MH-001,MH-001_21.148722_78.92351,0,0.06483463943004608,TN
A,MH-001,MH-001_21.148722_78.92378,0,0.07177486270666122,TN
A,MH-001,MH-001_21.148722_78.924049,0,0.06782425940036774,TN
A,MH-001,MH-001_21.148722_78.924319,0,0.06465809792280197,TN
A,MH-001,MH-001_21.148722_78.924588,0,0.07880380004644394,TN
A,MH-001,MH-001_21.148722_78.924858,0,0.088411346077919,TN
A,MH-001,MH-001_21.148722_78.925127,0,0.1003432348370552,TN
A,MH-001,MH-001_21.148722_78.925397,0,0.13191372156143188,TN
A,MH-001,MH-001_21.148722_78.925666,0,0.14817148447036743,TN
A,MH-001,MH-001_21.148722_78.930248,0,0.035697177052497864,TN
A,MH-001,MH-001_21.148722_78.931865,0,0.005775701720267534,TN
A,MH-001,MH-001_21.148722_78.932134,0,0.006630909629166126,TN
A,MH-001,MH-001_21.148722_78.937255,0,0.020612699910998344,TN
A,MH-001,MH-001_21.148722_78.937524,0,0.02637474238872528,TN
A,MH-001,MH-001_21.148722_78.937794,1,0.0327429361641407,FN
A,MH-001,MH-001_21.148722_78.938063,0,0.040309444069862366,TN
A,MH-001,MH-001_21.148722_78.938333,0,0.044894762337207794,TN
A,MH-001,MH-001_21.148453_78.918121,0,0.043018244206905365,TN
A,MH-001,MH-001_21.148453_78.91839,0,0.06432058662176132,TN
A,MH-001,MH-001_21.148453_78.91866,0,0.07426483184099197,TN
A,MH-001,MH-001_21.148453_78.918929,0,0.08840680867433548,TN
A,MH-001,MH-001_21.148453_78.919199,0,0.07910244166851044,TN
A,MH-001,MH-001_21.148453_78.919468,0,0.08514758199453354,TN
A,MH-001,MH-001_21.148453_78.919738,0,0.1168428510427475,TN
A,MH-001,MH-001_21.148453_78.920007,0,0.13104884326457977,TN
A,MH-001,MH-001_21.148453_78.920277,0,0.14554041624069214,TN
A,MH-001,MH-001_21.148453_78.920546,0,0.18337620794773102,TN
A,MH-001,MH-001_21.148453_78.920816,0,0.11947842687368393,TN
A,MH-001,MH-001_21.148453_78.921085,0,0.11375807970762253,TN
A,MH-001,MH-001_21.148453_78.921355,0,0.05964882671833038,TN
A,MH-001,MH-001_21.148453_78.921624,0,0.042954884469509125,TN
A,MH-001,MH-001_21.148453_78.921894,0,0.04256010800600052,TN
A,MH-001,MH-001_21.148453_78.922163,0,0.0470031276345253,TN
A,MH-001,MH-001_21.148453_78.922433,0,0.07056161761283875,TN
A,MH-001,MH-001_21.148453_78.922702,0,0.089088074862957,TN
A,MH-001,MH-001_21.148453_78.922972,0,0.07086296379566193,TN
A,MH-001,MH-001_21.148453_78.923241,0,0.08937443047761917,TN
A,MH-001,MH-001_21.148453_78.92351,0,0.07648386806249619,TN
A,MH-001,MH-001_21.148453_78.92378,0,0.09264708310365677,TN
A,MH-001,MH-001_21.148453_78.924049,0,0.08090837299823761,TN
A,MH-001,MH-001_21.148453_78.924319,0,0.11453122645616531,TN
A,MH-001,MH-001_21.148453_78.924588,0,0.1601075679063797,TN
A,MH-001,MH-001_21.148453_78.924858,0,0.16711589694023132,TN
A,MH-001,MH-001_21.148453_78.925127,0,0.15711508691310883,TN
A,MH-001,MH-001_21.148453_78.926475,0,0.204772487282753,TN
A,MH-001,MH-001_21.148453_78.930248,0,0.0376538448035717,TN
A,MH-001,MH-001_21.148453_78.930517,0,0.02769092656672001,TN
A,MH-001,MH-001_21.148453_78.931056,0,0.014590385369956493,TN
A,MH-001,MH-001_21.148453_78.931865,0,0.008096237666904926,TN
A,MH-001,MH-001_21.148453_78.937255,0,0.027483191341161728,TN
A,MH-001,MH-001_21.148453_78.937524,0,0.03634006157517433,TN
A,MH-001,MH-001_21.148453_78.937794,1,0.049019262194633484,FN
A,MH-001,MH-001_21.148453_78.938063,0,0.05936238542199135,TN
A,MH-001,MH-001_21.148453_78.938333,0,0.06843838095664978,TN
A,MH-001,MH-001_21.148183_78.918121,0,0.05090989172458649,TN
A,MH-001,MH-001_21.148183_78.91839,0,0.0760108008980751,TN
A,MH-001,MH-001_21.148183_78.91866,0,0.0752282664179802,TN
A,MH-001,MH-001_21.148183_78.918929,0,0.08396968990564346,TN
A,MH-001,MH-001_21.148183_78.919199,0,0.07236941158771515,TN
A,MH-001,MH-001_21.148183_78.919468,0,0.07189229875802994,TN
A,MH-001,MH-001_21.148183_78.919738,0,0.09035757184028625,TN
A,MH-001,MH-001_21.148183_78.920007,0,0.08968781679868698,TN
A,MH-001,MH-001_21.148183_78.920277,0,0.12356387078762054,TN
A,MH-001,MH-001_21.148183_78.920546,0,0.1279374212026596,TN
A,MH-001,MH-001_21.148183_78.920816,0,0.11076080799102783,TN
A,MH-001,MH-001_21.148183_78.921085,0,0.10518161207437515,TN
A,MH-001,MH-001_21.148183_78.921355,0,0.06001373752951622,TN
A,MH-001,MH-001_21.148183_78.921624,0,0.05529112368822098,TN
A,MH-001,MH-001_21.148183_78.921894,0,0.051694415509700775,TN
A,MH-001,MH-001_21.148183_78.922163,0,0.06563352793455124,TN
A,MH-001,MH-001_21.148183_78.922433,0,0.08854186534881592,TN
A,MH-001,MH-001_21.148183_78.922702,0,0.104581318795681,TN
A,MH-001,MH-001_21.148183_78.922972,0,0.1073913723230362,TN
A,MH-001,MH-001_21.148183_78.923241,0,0.13001412153244019,TN
A,MH-001,MH-001_21.148183_78.92351,0,0.12981025874614716,TN
A,MH-001,MH-001_21.148183_78.92378,0,0.12645471096038818,TN
A,MH-001,MH-001_21.148183_78.924049,0,0.10117878019809723,TN
A,MH-001,MH-001_21.148183_78.924319,0,0.11519022285938263,TN
A,MH-001,MH-001_21.148183_78.924588,0,0.1409798264503479,TN
A,MH-001,MH-001_21.148183_78.925127,0,0.14863526821136475,TN
A,MH-001,MH-001_21.148183_78.926205,0,0.12922300398349762,TN
A,MH-001,MH-001_21.148183_78.926475,0,0.15150927007198334,TN
A,MH-001,MH-001_21.148183_78.930248,0,0.03629683703184128,TN
A,MH-001,MH-001_21.148183_78.930517,0,0.032157447189092636,TN
A,MH-001,MH-001_21.148183_78.931056,0,0.018262522295117378,TN
A,MH-001,MH-001_21.148183_78.931865,0,0.014533025212585926,TN
A,MH-001,MH-001_21.148183_78.932404,0,0.02162875421345234,TN
A,MH-001,MH-001_21.148183_78.937524,0,0.05649608373641968,TN
A,MH-001,MH-001_21.148183_78.937794,1,0.0849808007478714,FN
A,MH-001,MH-001_21.147914_78.91839,0,0.0715731680393219,TN
A,MH-001,MH-001_21.147914_78.91866,0,0.0668458417057991,TN
A,MH-001,MH-001_21.147914_78.918929,0,0.05911281704902649,TN
A,MH-001,MH-001_21.147914_78.919199,0,0.06422553211450577,TN
A,MH-001,MH-001_21.147914_78.919468,0,0.051900465041399,TN
A,MH-001,MH-001_21.147914_78.919738,0,0.06545323133468628,TN
A,MH-001,MH-001_21.147914_78.920007,0,0.05925484001636505,TN
A,MH-001,MH-001_21.147914_78.920277,0,0.06632474809885025,TN
A,MH-001,MH-001_21.147914_78.920546,0,0.06862405687570572,TN
A,MH-001,MH-001_21.147914_78.920816,0,0.06079065054655075,TN
A,MH-001,MH-001_21.147914_78.921085,0,0.058942195028066635,TN
A,MH-001,MH-001_21.147914_78.921355,0,0.039722733199596405,TN
A,MH-001,MH-001_21.147914_78.921624,0,0.043989721685647964,TN
A,MH-001,MH-001_21.147914_78.921894,0,0.07584924250841141,TN
A,MH-001,MH-001_21.147914_78.922163,0,0.07881142944097519,TN
A,MH-001,MH-001_21.147914_78.922433,0,0.1445588618516922,TN
A,MH-001,MH-001_21.147914_78.922702,0,0.12431935966014862,TN
A,MH-001,MH-001_21.147914_78.922972,0,0.1402282416820526,TN
A,MH-001,MH-001_21.147914_78.923241,0,0.16475412249565125,TN
A,MH-001,MH-001_21.147914_78.92351,0,0.12863096594810486,TN
A,MH-001,MH-001_21.147914_78.92378,0,0.16709600389003754,TN
A,MH-001,MH-001_21.147914_78.924049,0,0.15230509638786316,TN
A,MH-001,MH-001_21.147914_78.924319,0,0.16927531361579895,TN
A,MH-001,MH-001_21.147914_78.924588,0,0.1505293846130371,TN
A,MH-001,MH-001_21.147914_78.926205,0,0.1556645631790161,TN
A,MH-001,MH-001_21.147914_78.926475,0,0.2005906105041504,TN
A,MH-001,MH-001_21.147914_78.930248,0,0.06420879811048508,TN
A,MH-001,MH-001_21.147914_78.930517,0,0.06581364572048187,TN
A,MH-001,MH-001_21.147914_78.930787,0,0.0502118356525898,TN
A,MH-001,MH-001_21.147914_78.931326,0,0.03674927353858948,TN
A,MH-001,MH-001_21.147914_78.931595,0,0.03316560760140419,TN
A,MH-001,MH-001_21.147914_78.932134,0,0.02751091867685318,TN
A,MH-001,MH-001_21.147914_78.932404,0,0.02881886437535286,TN
A,MH-001,MH-001_21.147914_78.932673,0,0.030469728633761406,TN
A,MH-001,MH-001_21.147914_78.932943,0,0.024488087743520737,TN
A,MH-001,MH-001_21.147914_78.937255,0,0.04510591924190521,TN
A,MH-001,MH-001_21.147914_78.937524,0,0.09226011484861374,TN
A,MH-001,MH-001_21.147914_78.937794,1,0.13802623748779297,FN
A,MH-001,MH-001_21.147914_78.938063,1,0.13467532396316528,FN
A,MH-001,MH-001_21.147914_78.938333,0,0.15686234831809998,TN
A,MH-001,MH-001_21.147914_78.938602,0,0.12310010194778442,TN
A,MH-001,MH-001_21.147644_78.91839,0,0.09734891355037689,TN
A,MH-001,MH-001_21.147644_78.91866,0,0.08436954766511917,TN
A,MH-001,MH-001_21.147644_78.918929,0,0.08218227326869965,TN
A,MH-001,MH-001_21.147644_78.919199,0,0.07850868999958038,TN
A,MH-001,MH-001_21.147644_78.919468,0,0.04864209145307541,TN
A,MH-001,MH-001_21.147644_78.919738,0,0.06206580623984337,TN
A,MH-001,MH-001_21.147644_78.920007,0,0.04506908729672432,TN
A,MH-001,MH-001_21.147644_78.920277,0,0.05226355791091919,TN
A,MH-001,MH-001_21.147644_78.920546,0,0.052635308355093,TN
A,MH-001,MH-001_21.147644_78.920816,0,0.05899950489401817,TN
A,MH-001,MH-001_21.147644_78.921085,0,0.04900261387228966,TN
A,MH-001,MH-001_21.147644_78.921355,0,0.05015446990728378,TN
A,MH-001,MH-001_21.147644_78.921624,0,0.061954889446496964,TN
A,MH-001,MH-001_21.147644_78.921894,0,0.07280096411705017,TN
A,MH-001,MH-001_21.147644_78.922163,0,0.09541492909193039,TN
A,MH-001,MH-001_21.147644_78.922433,0,0.14422012865543365,TN
A,MH-001,MH-001_21.147644_78.922702,0,0.1942116767168045,TN
A,MH-001,MH-001_21.147644_78.922972,0,0.16339357197284698,TN
A,MH-001,MH-001_21.147644_78.923241,0,0.24195678532123566,TN
A,MH-001,MH-001_21.147644_78.92351,0,0.20613645017147064,TN
A,MH-001,MH-001_21.147644_78.92378,0,0.23453111946582794,TN
A,MH-001,MH-001_21.147644_78.924049,0,0.22162768244743347,TN
A,MH-001,MH-001_21.147644_78.924319,0,0.16787075996398926,TN
A,MH-001,MH-001_21.147644_78.924858,0,0.14915339648723602,TN
A,MH-001,MH-001_21.147644_78.925127,0,0.11466862261295319,TN
A,MH-001,MH-001_21.147644_78.930248,0,0.06759050488471985,TN
A,MH-001,MH-001_21.147644_78.930517,0,0.07059165835380554,TN
A,MH-001,MH-001_21.147644_78.930787,0,0.06625634431838989,TN
A,MH-001,MH-001_21.147644_78.931056,0,0.05039900541305542,TN
A,MH-001,MH-001_21.147644_78.931326,0,0.04948166757822037,TN
A,MH-001,MH-001_21.147644_78.932134,0,0.03423134237527847,TN
A,MH-001,MH-001_21.147644_78.932404,0,0.026968123391270638,TN
A,MH-001,MH-001_21.147644_78.932673,0,0.030462846159934998,TN
A,MH-001,MH-001_21.147644_78.932943,0,0.022351272404193878,TN
A,MH-001,MH-001_21.147644_78.933212,0,0.03417115658521652,TN
A,MH-001,MH-001_21.147644_78.937255,1,0.052359241992235184,FN
A,MH-001,MH-001_21.147644_78.937524,1,0.10256630927324295,FN
A,MH-001,MH-001_21.147644_78.937794,1,0.16167858242988586,FN
A,MH-001,MH-001_21.147644_78.938063,0,0.16177549958229065,TN
A,MH-001,MH-001_21.147644_78.938333,0,0.16188885271549225,TN
A,MH-001,MH-001_21.147644_78.938602,0,0.12713859975337982,TN
A,MH-001,MH-001_21.147375_78.91866,0,0.07837441563606262,TN
A,MH-001,MH-001_21.147375_78.918929,0,0.07584624737501144,TN
A,MH-001,MH-001_21.147375_78.919199,0,0.06829249858856201,TN
A,MH-001,MH-001_21.147375_78.919468,0,0.0458856001496315,TN
A,MH-001,MH-001_21.147375_78.919738,0,0.05253970995545387,TN
A,MH-001,MH-001_21.147375_78.920007,0,0.04865581914782524,TN
A,MH-001,MH-001_21.147375_78.920277,0,0.03523498773574829,TN
A,MH-001,MH-001_21.147375_78.920546,0,0.0378899946808815,TN
A,MH-001,MH-001_21.147375_78.920816,0,0.03561517968773842,TN
A,MH-001,MH-001_21.147375_78.921085,0,0.04060742259025574,TN
A,MH-001,MH-001_21.147375_78.921355,0,0.03653830662369728,TN
A,MH-001,MH-001_21.147375_78.921624,0,0.04144296422600746,TN
A,MH-001,MH-001_21.147375_78.921894,0,0.06729761511087418,TN
A,MH-001,MH-001_21.147375_78.922163,0,0.07781857997179031,TN
A,MH-001,MH-001_21.147375_78.922433,0,0.12752707302570343,TN
A,MH-001,MH-001_21.147375_78.922702,0,0.1586645543575287,TN
A,MH-001,MH-001_21.147375_78.922972,0,0.21098512411117554,TN
A,MH-001,MH-001_21.147375_78.923241,0,0.26740318536758423,TN
A,MH-001,MH-001_21.147375_78.92351,0,0.25714462995529175,TN
A,MH-001,MH-001_21.147375_78.92378,0,0.35759881138801575,TN
A,MH-001,MH-001_21.147375_78.924049,0,0.3149528205394745,TN
A,MH-001,MH-001_21.147375_78.924319,0,0.32013946771621704,TN
A,MH-001,MH-001_21.147375_78.924588,0,0.30557987093925476,TN
A,MH-001,MH-001_21.147375_78.925666,0,0.11075951904058456,TN
A,MH-001,MH-001_21.147375_78.926205,0,0.1716822236776352,TN
A,MH-001,MH-001_21.147375_78.930248,0,0.08321558684110641,TN
A,MH-001,MH-001_21.147375_78.930517,0,0.07793495804071426,TN
A,MH-001,MH-001_21.147375_78.930787,0,0.06902030855417252,TN
A,MH-001,MH-001_21.147375_78.931056,0,0.05708477273583412,TN
A,MH-001,MH-001_21.147375_78.931326,0,0.048082005232572556,TN
A,MH-001,MH-001_21.147375_78.931595,0,0.05067253112792969,TN
A,MH-001,MH-001_21.147375_78.931865,0,0.039402686059474945,TN
A,MH-001,MH-001_21.147375_78.932134,0,0.03419932350516319,TN
A,MH-001,MH-001_21.147375_78.932404,0,0.026247572153806686,TN
A,MH-001,MH-001_21.147375_78.932673,0,0.025052852928638458,TN
A,MH-001,MH-001_21.147375_78.932943,0,0.025916675105690956,TN
A,MH-001,MH-001_21.147375_78.933212,0,0.034275539219379425,TN
A,MH-001,MH-001_21.147375_78.933482,0,0.03983047604560852,TN
A,MH-001,MH-001_21.147375_78.937255,1,0.11631473153829575,FN
A,MH-001,MH-001_21.147375_78.937524,1,0.1849224716424942,FN
A,MH-001,MH-001_21.147375_78.937794,1,0.24054542183876038,FN
A,MH-001,MH-001_21.147375_78.938063,0,0.18797016143798828,TN
A,MH-001,MH-001_21.147375_78.938333,0,0.19564254581928253,TN
A,MH-001,MH-001_21.147375_78.938602,0,0.18906496465206146,TN
A,MH-001,MH-001_21.147105_78.91866,0,0.11704076826572418,TN
A,MH-001,MH-001_21.147105_78.918929,0,0.10789261013269424,TN
A,MH-001,MH-001_21.147105_78.919199,0,0.0915810763835907,TN
A,MH-001,MH-001_21.147105_78.919468,0,0.06669475138187408,TN
A,MH-001,MH-001_21.147105_78.919738,0,0.07351934909820557,TN
A,MH-001,MH-001_21.147105_78.920007,0,0.048952195793390274,TN
A,MH-001,MH-001_21.147105_78.920277,0,0.038528330624103546,TN
A,MH-001,MH-001_21.147105_78.920546,0,0.03495560586452484,TN
A,MH-001,MH-001_21.147105_78.920816,0,0.045182760804891586,TN
A,MH-001,MH-001_21.147105_78.921085,0,0.04327892139554024,TN
A,MH-001,MH-001_21.147105_78.921355,0,0.04215552657842636,TN
A,MH-001,MH-001_21.147105_78.922163,0,0.0782768726348877,TN
A,MH-001,MH-001_21.147105_78.922433,0,0.11193311959505081,TN
A,MH-001,MH-001_21.147105_78.922702,0,0.18143019080162048,TN
A,MH-001,MH-001_21.147105_78.922972,0,0.25606682896614075,TN
A,MH-001,MH-001_21.147105_78.923241,0,0.4088423252105713,TN
A,MH-001,MH-001_21.147105_78.92351,0,0.4014466106891632,TN
A,MH-001,MH-001_21.147105_78.924319,0,0.5356823205947876,FP
A,MH-001,MH-001_21.147105_78.925127,1,0.32501405477523804,FN
A,MH-001,MH-001_21.147105_78.925397,0,0.23566934466362,TN
A,MH-001,MH-001_21.147105_78.930248,0,0.07093232125043869,TN
A,MH-001,MH-001_21.147105_78.930517,0,0.06964075565338135,TN
A,MH-001,MH-001_21.147105_78.930787,0,0.067099928855896,TN
A,MH-001,MH-001_21.147105_78.931056,0,0.054120343178510666,TN
A,MH-001,MH-001_21.147105_78.931326,0,0.048184704035520554,TN
A,MH-001,MH-001_21.147105_78.931595,0,0.04270639643073082,TN
A,MH-001,MH-001_21.147105_78.931865,0,0.03637143224477768,TN
A,MH-001,MH-001_21.147105_78.932943,0,0.0218915157020092,TN
A,MH-001,MH-001_21.147105_78.933212,0,0.029053164646029472,TN
A,MH-001,MH-001_21.147105_78.937255,1,0.08497876673936844,FN
A,MH-001,MH-001_21.147105_78.937524,0,0.12542197108268738,TN
A,MH-001,MH-001_21.147105_78.937794,0,0.1369120478630066,TN
A,MH-001,MH-001_21.147105_78.938063,0,0.13741432130336761,TN
A,MH-001,MH-001_21.147105_78.938333,0,0.1630839705467224,TN
A,MH-001,MH-001_21.147105_78.938602,0,0.11335716396570206,TN
A,MH-001,MH-001_21.146836_78.918929,0,0.09484545141458511,TN
A,MH-001,MH-001_21.146836_78.919199,0,0.11697445809841156,TN
A,MH-001,MH-001_21.146836_78.919468,0,0.08270733058452606,TN
A,MH-001,MH-001_21.146836_78.919738,0,0.07566121965646744,TN
A,MH-001,MH-001_21.146836_78.920007,0,0.04885295778512955,TN
A,MH-001,MH-001_21.146836_78.920277,0,0.03616827353835106,TN
A,MH-001,MH-001_21.146836_78.920546,0,0.030405426397919655,TN
A,MH-001,MH-001_21.146836_78.920816,0,0.03537809103727341,TN
A,MH-001,MH-001_21.146836_78.921085,0,0.03663969784975052,TN
A,MH-001,MH-001_21.146836_78.921624,0,0.034298304468393326,TN
A,MH-001,MH-001_21.146836_78.921894,0,0.037940070033073425,TN
A,MH-001,MH-001_21.146836_78.924049,0,0.5004259943962097,FP
A,MH-001,MH-001_21.146836_78.924319,1,0.428353875875473,FN
A,MH-001,MH-001_21.146836_78.924588,1,0.42873647809028625,FN
A,MH-001,MH-001_21.146836_78.924858,1,0.40389004349708557,FN
A,MH-001,MH-001_21.146836_78.925127,0,0.3722262978553772,TN
A,MH-001,MH-001_21.146836_78.930248,0,0.07698990404605865,TN
A,MH-001,MH-001_21.146836_78.930517,0,0.06742853671312332,TN
A,MH-001,MH-001_21.146836_78.930787,0,0.07118771970272064,TN
A,MH-001,MH-001_21.146836_78.931056,0,0.053943369537591934,TN
A,MH-001,MH-001_21.146836_78.931326,0,0.0472751148045063,TN
A,MH-001,MH-001_21.146836_78.931595,0,0.03975911810994148,TN
A,MH-001,MH-001_21.146836_78.931865,0,0.03505663573741913,TN
A,MH-001,MH-001_21.146836_78.937524,0,0.07537658512592316,TN
A,MH-001,MH-001_21.146836_78.937794,0,0.11497140675783157,TN
A,MH-001,MH-001_21.146836_78.938063,0,0.12157008051872253,TN
A,MH-001,MH-001_21.146566_78.918929,0,0.11047516018152237,TN
A,MH-001,MH-001_21.146566_78.919199,0,0.1257341206073761,TN
A,MH-001,MH-001_21.146566_78.919468,0,0.089365154504776,TN
A,MH-001,MH-001_21.146566_78.919738,0,0.055543359369039536,TN
A,MH-001,MH-001_21.146566_78.920007,0,0.04232935607433319,TN
A,MH-001,MH-001_21.146566_78.920277,0,0.02823726087808609,TN
A,MH-001,MH-001_21.146566_78.920546,0,0.02777745947241783,TN
A,MH-001,MH-001_21.146566_78.920816,0,0.03308350592851639,TN
A,MH-001,MH-001_21.146566_78.921085,0,0.028445472940802574,TN
A,MH-001,MH-001_21.146566_78.921355,0,0.02517293207347393,TN
A,MH-001,MH-001_21.146566_78.921624,0,0.020814798772335052,TN
A,MH-001,MH-001_21.146566_78.922702,0,0.07703173160552979,TN
A,MH-001,MH-001_21.146566_78.924049,1,0.46599081158638,FN
A,MH-001,MH-001_21.146566_78.924319,1,0.4002135097980499,FN
A,MH-001,MH-001_21.146566_78.924588,1,0.4600631892681122,FN
A,MH-001,MH-001_21.146566_78.924858,1,0.4627983570098877,FN
A,MH-001,MH-001_21.146566_78.925127,0,0.49836432933807373,TN
A,MH-001,MH-001_21.146566_78.925397,0,0.4784494936466217,TN
A,MH-001,MH-001_21.146566_78.925666,0,0.46312546730041504,TN
A,MH-001,MH-001_21.146566_78.930517,0,0.04404784366488457,TN
A,MH-001,MH-001_21.146566_78.930787,0,0.05005175992846489,TN
A,MH-001,MH-001_21.146566_78.931056,0,0.04730547219514847,TN
A,MH-001,MH-001_21.146566_78.931326,0,0.04505180940032005,TN
A,MH-001,MH-001_21.146566_78.932943,0,0.03067910484969616,TN
A,MH-001,MH-001_21.146566_78.933482,0,0.0738360658288002,TN
A,MH-001,MH-001_21.146297_78.919199,0,0.12111498415470123,TN
A,MH-001,MH-001_21.146297_78.919468,0,0.06034080684185028,TN
A,MH-001,MH-001_21.146297_78.919738,0,0.051827821880578995,TN
A,MH-001,MH-001_21.146297_78.920007,0,0.03718977048993111,TN
A,MH-001,MH-001_21.146297_78.920277,0,0.04048128053545952,TN
A,MH-001,MH-001_21.146297_78.920546,0,0.03558213636279106,TN
A,MH-001,MH-001_21.146297_78.920816,0,0.047686830163002014,TN
A,MH-001,MH-001_21.146297_78.921355,0,0.03276825696229935,TN
A,MH-001,MH-001_21.146297_78.921624,0,0.021054765209555626,TN
A,MH-001,MH-001_21.146297_78.922433,0,0.05157507210969925,TN
A,MH-001,MH-001_21.146297_78.922702,0,0.05170852690935135,TN
A,MH-001,MH-001_21.146297_78.922972,0,0.08291619271039963,TN
A,MH-001,MH-001_21.146297_78.924049,1,0.3090440630912781,FN
A,MH-001,MH-001_21.146297_78.924319,1,0.26085469126701355,FN
A,MH-001,MH-001_21.146297_78.924588,1,0.2852509319782257,FN
A,MH-001,MH-001_21.146297_78.925127,0,0.3285072147846222,TN
A,MH-001,MH-001_21.146297_78.925397,0,0.26831507682800293,TN
A,MH-001,MH-001_21.146297_78.925666,0,0.3153717815876007,TN
A,MH-001,MH-001_21.146297_78.925936,1,0.40994277596473694,FN
A,MH-001,MH-001_21.146297_78.932404,0,0.03440798819065094,TN
A,MH-001,MH-001_21.146297_78.938602,0,0.03382251039147377,TN
A,MH-001,MH-001_21.146027_78.919199,0,0.05728933587670326,TN
A,MH-001,MH-001_21.146027_78.919468,0,0.042837608605623245,TN
A,MH-001,MH-001_21.146027_78.919738,0,0.027886055409908295,TN
A,MH-001,MH-001_21.146027_78.920007,0,0.028090758249163628,TN
A,MH-001,MH-001_21.146027_78.920277,0,0.024300765246152878,TN
A,MH-001,MH-001_21.146027_78.920546,0,0.029275815933942795,TN
A,MH-001,MH-001_21.146027_78.921894,0,0.026162639260292053,TN
A,MH-001,MH-001_21.146027_78.922702,0,0.05529873073101044,TN
A,MH-001,MH-001_21.146027_78.924049,0,0.1611441820859909,TN
A,MH-001,MH-001_21.146027_78.924319,0,0.15036524832248688,TN
A,MH-001,MH-001_21.146027_78.924588,1,0.18626008927822113,FN
A,MH-001,MH-001_21.146027_78.924858,1,0.16194559633731842,FN
A,MH-001,MH-001_21.146027_78.925397,0,0.18322043120861053,TN
A,MH-001,MH-001_21.146027_78.925666,0,0.23019814491271973,TN
A,MH-001,MH-001_21.146027_78.925936,0,0.31783515214920044,TN
A,MH-001,MH-001_21.146027_78.930248,0,0.04535771533846855,TN
A,MH-001,MH-001_21.146027_78.930517,0,0.055041711777448654,TN
A,MH-001,MH-001_21.146027_78.930787,0,0.06556083261966705,TN
A,MH-001,MH-001_21.145758_78.919468,0,0.025176716968417168,TN
A,MH-001,MH-001_21.145758_78.919738,0,0.02007780782878399,TN
A,MH-001,MH-001_21.145758_78.920007,0,0.024067295715212822,TN
A,MH-001,MH-001_21.145758_78.920277,0,0.023063484579324722,TN
A,MH-001,MH-001_21.145758_78.921355,0,0.026651430875062943,TN
A,MH-001,MH-001_21.145758_78.921624,1,0.024411503225564957,FN
A,MH-001,MH-001_21.145758_78.924588,0,0.14174455404281616,TN
A,MH-001,MH-001_21.145758_78.924858,0,0.16293419897556305,TN
A,MH-001,MH-001_21.145758_78.925127,0,0.16940809786319733,TN
A,MH-001,MH-001_21.145758_78.925397,0,0.13778150081634521,TN
A,MH-001,MH-001_21.145758_78.925666,0,0.16931290924549103,TN
A,MH-001,MH-001_21.145758_78.925936,0,0.19984322786331177,TN
A,MH-001,MH-001_21.145758_78.930248,0,0.06465018540620804,TN
A,MH-001,MH-001_21.145758_78.930517,1,0.0963757187128067,FN
A,MH-001,MH-001_21.145758_78.930787,1,0.13753235340118408,FN
A,MH-001,MH-001_21.145758_78.931056,1,0.10902777314186096,FN
A,MH-001,MH-001_21.145758_78.932404,0,0.05430831387639046,TN
A,MH-001,MH-001_21.145488_78.919468,0,0.016825884580612183,TN
A,MH-001,MH-001_21.145488_78.919738,0,0.013726147823035717,TN
A,MH-001,MH-001_21.145488_78.920007,0,0.017834926024079323,TN
A,MH-001,MH-001_21.145488_78.921085,1,0.022353559732437134,FN
A,MH-001,MH-001_21.145488_78.921624,0,0.031619321554899216,TN
A,MH-001,MH-001_21.145488_78.922163,0,0.06388919055461884,TN
A,MH-001,MH-001_21.145488_78.922433,1,0.06884828209877014,FN
A,MH-001,MH-001_21.145488_78.924588,0,0.2391645312309265,TN
A,MH-001,MH-001_21.145488_78.925666,0,0.1456611007452011,TN
A,MH-001,MH-001_21.145488_78.925936,0,0.1223248541355133,TN
A,MH-001,MH-001_21.145488_78.926205,0,0.19257913529872894,TN
A,MH-001,MH-001_21.145488_78.926475,0,0.27500268816947937,TN
A,MH-001,MH-001_21.145488_78.930517,1,0.11969538778066635,FN
A,MH-001,MH-001_21.145488_78.930787,0,0.13830621540546417,TN
A,MH-001,MH-001_21.145488_78.931056,1,0.1360301971435547,FN
A,MH-001,MH-001_21.145488_78.931595,0,0.07846366614103317,TN
A,MH-001,MH-001_21.145488_78.931865,0,0.06063210591673851,TN
A,MH-001,MH-001_21.145488_78.932673,0,0.05722975358366966,TN
A,MH-001,MH-001_21.145488_78.933212,0,0.08818069100379944,TN
A,MH-001,MH-001_21.145219_78.919468,0,0.012594622559845448,TN
A,MH-001,MH-001_21.145219_78.919738,0,0.011653955094516277,TN
A,MH-001,MH-001_21.145219_78.920007,0,0.012021590955555439,TN
A,MH-001,MH-001_21.145219_78.921624,0,0.03419122099876404,TN
A,MH-001,MH-001_21.145219_78.921894,0,0.05096828192472458,TN
A,MH-001,MH-001_21.145219_78.922702,0,0.09720442444086075,TN
A,MH-001,MH-001_21.145219_78.924319,0,0.3208194971084595,TN
A,MH-001,MH-001_21.145219_78.925127,0,0.3409850299358368,TN
A,MH-001,MH-001_21.145219_78.925666,0,0.13361455500125885,TN
A,MH-001,MH-001_21.145219_78.925936,0,0.09812100231647491,TN
A,MH-001,MH-001_21.145219_78.926205,0,0.11175931990146637,TN
A,MH-001,MH-001_21.145219_78.926475,0,0.11943764984607697,TN
A,MH-001,MH-001_21.145219_78.930517,0,0.16705070436000824,TN
A,MH-001,MH-001_21.145219_78.930787,0,0.1506711095571518,TN
A,MH-001,MH-001_21.145219_78.932134,0,0.054491594433784485,TN
A,MH-001,MH-001_21.145219_78.933482,0,0.1164848655462265,TN
A,MH-001,MH-001_21.144949_78.919738,0,0.01084990706294775,TN
A,MH-001,MH-001_21.144949_78.920007,0,0.010816301219165325,TN
A,MH-001,MH-001_21.144949_78.921085,0,0.012628545053303242,TN
A,MH-001,MH-001_21.144949_78.921355,0,0.0187694039195776,TN
A,MH-001,MH-001_21.144949_78.921624,0,0.032549500465393066,TN
A,MH-001,MH-001_21.144949_78.921894,0,0.04552507400512695,TN
A,MH-001,MH-001_21.144949_78.922163,0,0.05045770853757858,TN
A,MH-001,MH-001_21.144949_78.922433,0,0.06394802033901215,TN
A,MH-001,MH-001_21.144949_78.922702,0,0.07970362901687622,TN
A,MH-001,MH-001_21.144949_78.922972,0,0.11918691545724869,TN
A,MH-001,MH-001_21.144949_78.924858,0,0.39539772272109985,TN
A,MH-001,MH-001_21.144949_78.933482,0,0.12433367222547531,TN
A,MH-001,MH-001_21.14468_78.919738,0,0.008289446122944355,TN
A,MH-001,MH-001_21.14468_78.920007,0,0.008347741328179836,TN
A,MH-001,MH-001_21.14468_78.920546,0,0.007585302926599979,TN
A,MH-001,MH-001_21.14468_78.920816,0,0.009538243524730206,TN
A,MH-001,MH-001_21.14468_78.921085,0,0.011669162660837173,TN
A,MH-001,MH-001_21.14468_78.921355,0,0.015613668598234653,TN
A,MH-001,MH-001_21.14468_78.921624,0,0.02987654134631157,TN
A,MH-001,MH-001_21.14468_78.921894,0,0.041905179619789124,TN
A,MH-001,MH-001_21.14468_78.922163,0,0.04897617548704147,TN
A,MH-001,MH-001_21.14468_78.922433,0,0.05941902846097946,TN
A,MH-001,MH-001_21.14468_78.922702,0,0.05282881483435631,TN
A,MH-001,MH-001_21.14468_78.922972,0,0.07290787994861603,TN
A,MH-001,MH-001_21.14468_78.923241,0,0.07800227403640747,TN
A,MH-001,MH-001_21.14468_78.924588,0,0.4316989779472351,TN
A,MH-001,MH-001_21.14468_78.924858,0,0.4145774245262146,TN
A,MH-001,MH-001_21.14468_78.925127,0,0.5029011368751526,FP
A,MH-001,MH-001_21.14468_78.925666,0,0.25514307618141174,TN
A,MH-001,MH-001_21.14468_78.926475,0,0.07116340845823288,TN
A,MH-001,MH-001_21.14441_78.920546,0,0.005525084678083658,TN
A,MH-001,MH-001_21.14441_78.920816,0,0.007820982486009598,TN
A,MH-001,MH-001_21.14441_78.921085,0,0.009701794013381004,TN
A,MH-001,MH-001_21.14441_78.921355,0,0.013630948960781097,TN
A,MH-001,MH-001_21.14441_78.921624,0,0.01824677549302578,TN
A,MH-001,MH-001_21.14441_78.921894,0,0.028331290930509567,TN
A,MH-001,MH-001_21.14441_78.922163,0,0.039166394621133804,TN
A,MH-001,MH-001_21.14441_78.922433,0,0.03459355980157852,TN
A,MH-001,MH-001_21.14441_78.922702,1,0.04214547947049141,FN
A,MH-001,MH-001_21.14441_78.922972,1,0.03598140552639961,FN
A,MH-001,MH-001_21.14441_78.923241,0,0.043546341359615326,TN
A,MH-001,MH-001_21.14441_78.92351,0,0.06307812035083771,TN
A,MH-001,MH-001_21.14441_78.925397,0,0.4328433871269226,TN
A,MH-001,MH-001_21.14441_78.926205,0,0.10787902027368546,TN
A,MH-001,MH-001_21.14441_78.926475,0,0.06831974536180496,TN
A,MH-001,MH-001_21.14441_78.931056,0,0.2162506878376007,TN
A,MH-001,MH-001_21.14441_78.931326,0,0.18481741845607758,TN
A,MH-001,MH-001_21.14441_78.932673,1,0.0954873263835907,FN
A,MH-001,MH-001_21.14441_78.933482,0,0.17221523821353912,TN
A,MH-001,MH-001_21.144141_78.921624,0,0.019358202815055847,TN
A,MH-001,MH-001_21.144141_78.921894,0,0.02412072755396366,TN
A,MH-001,MH-001_21.144141_78.922163,0,0.03293032571673393,TN
A,MH-001,MH-001_21.144141_78.922433,1,0.02813451923429966,FN
A,MH-001,MH-001_21.144141_78.922702,1,0.03132331743836403,FN
A,MH-001,MH-001_21.144141_78.922972,0,0.021534133702516556,TN
A,MH-001,MH-001_21.144141_78.923241,0,0.02565566636621952,TN
A,MH-001,MH-001_21.144141_78.92351,0,0.029735928401350975,TN
A,MH-001,MH-001_21.144141_78.92378,0,0.05245669558644295,TN
A,MH-001,MH-001_21.144141_78.924858,0,0.27721139788627625,TN
A,MH-001,MH-001_21.144141_78.925127,0,0.31547003984451294,TN
A,MH-001,MH-001_21.144141_78.925397,0,0.24269935488700867,TN
A,MH-001,MH-001_21.144141_78.925666,0,0.11358998715877533,TN
A,MH-001,MH-001_21.144141_78.930787,0,0.24344629049301147,TN
A,MH-001,MH-001_21.144141_78.931056,0,0.2065715491771698,TN
A,MH-001,MH-001_21.144141_78.931326,0,0.18474316596984863,TN
A,MH-001,MH-001_21.144141_78.933212,0,0.18986445665359497,TN
A,MH-001,MH-001_21.144141_78.933482,0,0.23440836369991302,TN
A,MH-001,MH-001_21.143871_78.922163,0,0.02980237640440464,TN
A,MH-001,MH-001_21.143871_78.922433,0,0.026175279170274734,TN
A,MH-001,MH-001_21.143871_78.922702,0,0.027404919266700745,TN
A,MH-001,MH-001_21.143871_78.922972,0,0.01895996183156967,TN
A,MH-001,MH-001_21.143871_78.923241,0,0.01950012519955635,TN
A,MH-001,MH-001_21.143871_78.92351,0,0.021716857329010963,TN
A,MH-001,MH-001_21.143871_78.92378,0,0.037710510194301605,TN
A,MH-001,MH-001_21.143871_78.924588,0,0.09765064716339111,TN
A,MH-001,MH-001_21.143871_78.925397,0,0.10851719230413437,TN
A,MH-001,MH-001_21.143871_78.930248,0,0.2637205421924591,TN
A,MH-001,MH-001_21.143871_78.930517,0,0.29622527956962585,TN
A,MH-001,MH-001_21.143871_78.930787,0,0.2236352413892746,TN
A,MH-001,MH-001_21.143871_78.931056,0,0.18387289345264435,TN
A,MH-001,MH-001_21.143871_78.931326,1,0.17352378368377686,FN
A,MH-001,MH-001_21.143871_78.931595,1,0.1892387717962265,FN
A,MH-001,MH-001_21.143871_78.932404,0,0.10925807803869247,TN
A,MH-001,MH-001_21.143871_78.932673,0,0.12469898164272308,TN
A,MH-001,MH-001_21.143871_78.932943,0,0.18831965327262878,TN
A,MH-001,MH-001_21.143871_78.933482,0,0.27887240052223206,TN
A,MH-001,MH-001_21.143602_78.920277,0,0.009237471967935562,TN
A,MH-001,MH-001_21.143602_78.921085,0,0.00988863781094551,TN
A,MH-001,MH-001_21.143602_78.921355,0,0.018351297825574875,TN
A,MH-001,MH-001_21.143602_78.921624,0,0.03364754468202591,TN
A,MH-001,MH-001_21.143602_78.921894,0,0.045328058302402496,TN
A,MH-001,MH-001_21.143602_78.922163,0,0.058031823486089706,TN
A,MH-001,MH-001_21.143602_78.922433,0,0.045655928552150726,TN
A,MH-001,MH-001_21.143602_78.922702,0,0.037845686078071594,TN
A,MH-001,MH-001_21.143602_78.923241,0,0.014963199384510517,TN
A,MH-001,MH-001_21.143602_78.92351,0,0.00846056267619133,TN
A,MH-001,MH-001_21.143602_78.92378,0,0.018072132021188736,TN
A,MH-001,MH-001_21.143602_78.924049,0,0.01921199820935726,TN
A,MH-001,MH-001_21.143602_78.930248,0,0.21322761476039886,TN
A,MH-001,MH-001_21.143602_78.930517,0,0.2367173284292221,TN
A,MH-001,MH-001_21.143602_78.930787,0,0.21655480563640594,TN
A,MH-001,MH-001_21.143602_78.931056,1,0.17505575716495514,FN
A,MH-001,MH-001_21.143602_78.931326,1,0.17277178168296814,FN
A,MH-001,MH-001_21.143602_78.931595,1,0.18372146785259247,FN
A,MH-001,MH-001_21.143602_78.931865,1,0.18025285005569458,FN
A,MH-001,MH-001_21.143602_78.932134,1,0.1483117640018463,FN
A,MH-001,MH-001_21.143602_78.932673,1,0.10518313199281693,FN
A,MH-001,MH-001_21.143602_78.932943,0,0.11962949484586716,TN
A,MH-001,MH-001_21.143602_78.933482,0,0.2028435468673706,TN
A,MH-001,MH-001_21.143332_78.920546,0,0.012536275200545788,TN
A,MH-001,MH-001_21.143332_78.921355,0,0.02944239042699337,TN
A,MH-001,MH-001_21.143332_78.921624,0,0.04245733097195625,TN
A,MH-001,MH-001_21.143332_78.921894,0,0.07105746120214462,TN
A,MH-001,MH-001_21.143332_78.922163,0,0.10857611149549484,TN
A,MH-001,MH-001_21.143332_78.922433,1,0.07939169555902481,FN
A,MH-001,MH-001_21.143332_78.92378,0,0.017578721046447754,TN
A,MH-001,MH-001_21.143332_78.924049,0,0.027424650266766548,TN
A,MH-001,MH-001_21.143332_78.924319,0,0.04816529154777527,TN
A,MH-001,MH-001_21.143332_78.930787,0,0.16614851355552673,TN
A,MH-001,MH-001_21.143332_78.931056,0,0.14918017387390137,TN
A,MH-001,MH-001_21.143332_78.931326,0,0.16473045945167542,TN
A,MH-001,MH-001_21.143332_78.931595,1,0.16565857827663422,FN
A,MH-001,MH-001_21.143332_78.931865,1,0.17499227821826935,FN
A,MH-001,MH-001_21.143332_78.933482,0,0.16735684871673584,TN
A,MH-001,MH-001_21.143063_78.920546,0,0.018821116536855698,TN
A,MH-001,MH-001_21.143063_78.920816,0,0.01810009777545929,TN
A,MH-001,MH-001_21.143063_78.921624,0,0.10950392484664917,TN
A,MH-001,MH-001_21.143063_78.921894,0,0.15705333650112152,TN
A,MH-001,MH-001_21.143063_78.922163,0,0.22112946212291718,TN
A,MH-001,MH-001_21.143063_78.922433,0,0.1752728372812271,TN
A,MH-001,MH-001_21.143063_78.930248,0,0.10490188747644424,TN
A,MH-001,MH-001_21.143063_78.930517,0,0.13673251867294312,TN
A,MH-001,MH-001_21.143063_78.930787,0,0.1600184440612793,TN
A,MH-001,MH-001_21.143063_78.931056,0,0.13677605986595154,TN
A,MH-001,MH-001_21.143063_78.931326,0,0.1427827924489975,TN
A,MH-001,MH-001_21.143063_78.931595,1,0.15056385099887848,FN
A,MH-001,MH-001_21.143063_78.931865,1,0.1440763771533966,FN
A,MH-001,MH-001_21.143063_78.932134,0,0.11627137660980225,TN
A,MH-001,MH-001_21.142793_78.920816,0,0.01866752654314041,TN
A,MH-001,MH-001_21.142793_78.921085,0,0.03291771560907364,TN
A,MH-001,MH-001_21.142793_78.922163,0,0.1554269790649414,TN
A,MH-001,MH-001_21.142793_78.922433,0,0.14710621535778046,TN
A,MH-001,MH-001_21.142793_78.922702,0,0.166157528758049,TN
A,MH-001,MH-001_21.142793_78.92351,0,0.03156566619873047,TN
A,MH-001,MH-001_21.142793_78.930248,0,0.07999305427074432,TN
A,MH-001,MH-001_21.142793_78.930517,0,0.15151937305927277,TN
A,MH-001,MH-001_21.142793_78.930787,0,0.1586146056652069,TN
A,MH-001,MH-001_21.142793_78.931056,0,0.14864422380924225,TN
A,MH-001,MH-001_21.142793_78.931326,0,0.14473026990890503,TN
A,MH-001,MH-001_21.142793_78.931595,0,0.16619564592838287,TN
A,MH-001,MH-001_21.142793_78.931865,0,0.14438781142234802,TN
A,MH-001,MH-001_21.142793_78.932134,0,0.11106042563915253,TN
A,MH-001,MH-001_21.142793_78.932404,1,0.09026063233613968,FN
A,MH-001,MH-001_21.142793_78.932673,1,0.09140865504741669,FN
A,MH-001,MH-001_21.142524_78.920816,0,0.028704360127449036,TN
A,MH-001,MH-001_21.142524_78.921085,0,0.05026044324040413,TN
A,MH-001,MH-001_21.142524_78.921355,0,0.09524619579315186,TN
A,MH-001,MH-001_21.142524_78.921624,0,0.11808314919471741,TN
A,MH-001,MH-001_21.142524_78.921894,1,0.14097611606121063,FN
A,MH-001,MH-001_21.142524_78.922163,0,0.15954867005348206,TN
A,MH-001,MH-001_21.142524_78.922433,0,0.16593582928180695,TN
A,MH-001,MH-001_21.142524_78.92351,0,0.05377901345491409,TN
A,MH-001,MH-001_21.142524_78.92378,0,0.04906291142106056,TN
A,MH-001,MH-001_21.142524_78.924049,0,0.05242546647787094,TN
A,MH-001,MH-001_21.142524_78.930248,0,0.07130695879459381,TN
A,MH-001,MH-001_21.142524_78.930517,0,0.09922477602958679,TN
A,MH-001,MH-001_21.142524_78.930787,0,0.1009000763297081,TN
A,MH-001,MH-001_21.142524_78.931056,0,0.0933874174952507,TN
A,MH-001,MH-001_21.142524_78.931326,0,0.11037199199199677,TN
A,MH-001,MH-001_21.142524_78.931595,0,0.10852272808551788,TN
A,MH-001,MH-001_21.142524_78.931865,0,0.13761550188064575,TN
A,MH-001,MH-001_21.142524_78.932943,1,0.09941352903842926,FN
A,MH-001,MH-001_21.142524_78.933482,0,0.08348675072193146,TN
A,MH-001,MH-001_21.142254_78.921085,0,0.04182638227939606,TN
A,MH-001,MH-001_21.142254_78.921355,1,0.08477890491485596,FN
A,MH-001,MH-001_21.142254_78.921624,1,0.07655186951160431,FN
A,MH-001,MH-001_21.142254_78.921894,1,0.08902349323034286,FN
A,MH-001,MH-001_21.142254_78.922163,1,0.09168939292430878,FN
A,MH-001,MH-001_21.142254_78.922433,0,0.08383426070213318,TN
A,MH-001,MH-001_21.142254_78.922702,0,0.12886036932468414,TN
A,MH-001,MH-001_21.142254_78.922972,0,0.11211690306663513,TN
A,MH-001,MH-001_21.142254_78.92351,0,0.07825172692537308,TN
A,MH-001,MH-001_21.142254_78.92378,0,0.06704261153936386,TN
A,MH-001,MH-001_21.142254_78.924049,0,0.09395800530910492,TN
A,MH-001,MH-001_21.142254_78.924588,1,0.16216370463371277,FN
A,MH-001,MH-001_21.142254_78.930248,0,0.05904693529009819,TN
A,MH-001,MH-001_21.142254_78.930517,0,0.09885450452566147,TN
A,MH-001,MH-001_21.142254_78.930787,1,0.09227821975946426,FN
A,MH-001,MH-001_21.142254_78.931056,0,0.09578956663608551,TN
A,MH-001,MH-001_21.142254_78.931326,0,0.09772071987390518,TN
A,MH-001,MH-001_21.142254_78.931595,0,0.11137070506811142,TN
A,MH-001,MH-001_21.142254_78.932134,0,0.0879421979188919,TN
A,MH-001,MH-001_21.142254_78.932404,1,0.09226835519075394,FN
A,MH-001,MH-001_21.142254_78.932673,1,0.0964307114481926,FN
A,MH-001,MH-001_21.142254_78.933212,0,0.06204204633831978,TN
A,MH-001,MH-001_21.142254_78.933482,0,0.05871426686644554,TN
A,MH-001,MH-001_21.141985_78.921085,0,0.05576954782009125,TN
A,MH-001,MH-001_21.141985_78.921355,0,0.09295351058244705,TN
A,MH-001,MH-001_21.141985_78.921624,0,0.07927720993757248,TN
A,MH-001,MH-001_21.141985_78.921894,1,0.0883675068616867,FN
A,MH-001,MH-001_21.141985_78.922163,1,0.06514148414134979,FN
A,MH-001,MH-001_21.141985_78.922433,0,0.07793156802654266,TN
A,MH-001,MH-001_21.141985_78.922702,0,0.1431361585855484,TN
A,MH-001,MH-001_21.141985_78.922972,0,0.14915674924850464,TN
A,MH-001,MH-001_21.141985_78.923241,0,0.1363873928785324,TN
A,MH-001,MH-001_21.141985_78.924319,1,0.1889164000749588,FN
A,MH-001,MH-001_21.141985_78.924588,1,0.19223111867904663,FN
A,MH-001,MH-001_21.141985_78.930248,0,0.054379649460315704,TN
A,MH-001,MH-001_21.141985_78.930517,0,0.06553132832050323,TN
A,MH-001,MH-001_21.141985_78.930787,1,0.07504181563854218,FN
A,MH-001,MH-001_21.141985_78.931056,1,0.07895231992006302,FN
A,MH-001,MH-001_21.141985_78.931326,0,0.0845908522605896,TN
A,MH-001,MH-001_21.141985_78.931865,0,0.08046289533376694,TN
A,MH-001,MH-001_21.141985_78.932134,0,0.05698482692241669,TN
A,MH-001,MH-001_21.141985_78.932404,0,0.06989086419343948,TN
A,MH-001,MH-001_21.141985_78.932673,0,0.07582388818264008,TN
A,MH-001,MH-001_21.141715_78.921355,0,0.09484724700450897,TN
A,MH-001,MH-001_21.141715_78.921624,0,0.08124256134033203,TN
A,MH-001,MH-001_21.141715_78.921894,0,0.09097886830568314,TN
A,MH-001,MH-001_21.141715_78.922163,0,0.0647459402680397,TN
A,MH-001,MH-001_21.141715_78.922433,0,0.07167313992977142,TN
A,MH-001,MH-001_21.141715_78.922702,1,0.08127542585134506,FN
A,MH-001,MH-001_21.141715_78.922972,0,0.08303669095039368,TN
A,MH-001,MH-001_21.141715_78.923241,0,0.07315868884325027,TN
A,MH-001,MH-001_21.141715_78.92351,0,0.07201597094535828,TN
A,MH-001,MH-001_21.141715_78.924588,1,0.1268589347600937,FN
A,MH-001,MH-001_21.141715_78.924858,0,0.1662946492433548,TN
A,MH-001,MH-001_21.141715_78.930248,0,0.06933924555778503,TN
A,MH-001,MH-001_21.141715_78.930517,0,0.07889906316995621,TN
A,MH-001,MH-001_21.141715_78.930787,1,0.07590476423501968,FN
A,MH-001,MH-001_21.141715_78.931056,1,0.08632925152778625,FN
A,MH-001,MH-001_21.141715_78.932134,0,0.05034298822283745,TN
A,MH-001,MH-001_21.141715_78.932404,0,0.05273619294166565,TN
A,MH-001,MH-001_21.141446_78.921355,0,0.08141729235649109,TN
A,MH-001,MH-001_21.141446_78.921624,0,0.07296455651521683,TN
A,MH-001,MH-001_21.141446_78.921894,0,0.06801853328943253,TN
A,MH-001,MH-001_21.141446_78.922163,0,0.053367894142866135,TN
A,MH-001,MH-001_21.141446_78.922433,0,0.055098336189985275,TN
A,MH-001,MH-001_21.141446_78.922702,0,0.06756454706192017,TN
A,MH-001,MH-001_21.141446_78.923241,0,0.05542086809873581,TN
A,MH-001,MH-001_21.141446_78.92351,0,0.05794244632124901,TN
A,MH-001,MH-001_21.141446_78.92378,0,0.051262516528367996,TN
A,MH-001,MH-001_21.141446_78.924049,0,0.043359339237213135,TN
A,MH-001,MH-001_21.141446_78.925127,1,0.10201665014028549,FN
A,MH-001,MH-001_21.141446_78.930248,0,0.049600373953580856,TN
A,MH-001,MH-001_21.141446_78.930517,0,0.05136742442846298,TN
A,MH-001,MH-001_21.141446_78.930787,1,0.058189935982227325,FN
A,MH-001,MH-001_21.141176_78.921355,0,0.0997462272644043,TN
A,MH-001,MH-001_21.141176_78.921624,0,0.09427580237388611,TN
A,MH-001,MH-001_21.141176_78.921894,0,0.08078537881374359,TN
A,MH-001,MH-001_21.141176_78.922163,0,0.06574715673923492,TN
A,MH-001,MH-001_21.141176_78.922433,0,0.05100487545132637,TN
A,MH-001,MH-001_21.141176_78.922702,0,0.06303629279136658,TN
A,MH-001,MH-001_21.141176_78.92351,0,0.03274950757622719,TN
A,MH-001,MH-001_21.141176_78.92378,0,0.029136085882782936,TN
A,MH-001,MH-001_21.141176_78.924319,0,0.031595874577760696,TN
A,MH-001,MH-001_21.141176_78.924858,0,0.04220758378505707,TN
A,MH-001,MH-001_21.141176_78.932943,0,0.0732341781258583,TN
A,MH-001,MH-001_21.140907_78.921624,0,0.0698615312576294,TN
A,MH-001,MH-001_21.140907_78.921894,0,0.06478969752788544,TN
A,MH-001,MH-001_21.140907_78.922163,0,0.06163715571165085,TN
A,MH-001,MH-001_21.140907_78.922433,0,0.06584088504314423,TN
A,MH-001,MH-001_21.140907_78.922702,0,0.07523442059755325,TN
A,MH-001,MH-001_21.140907_78.92351,0,0.030667634680867195,TN
A,MH-001,MH-001_21.140907_78.92378,0,0.019413940608501434,TN
A,MH-001,MH-001_21.140907_78.930248,0,0.028763480484485626,TN
A,MH-001,MH-001_21.140907_78.930517,1,0.031050613150000572,FN
A,MH-001,MH-001_21.140907_78.930787,1,0.03600187599658966,FN
A,MH-001,MH-001_21.140907_78.931056,0,0.04157537594437599,TN
A,MH-001,MH-001_21.140907_78.932404,0,0.037388257682323456,TN
A,MH-001,MH-001_21.140907_78.932673,0,0.05604055896401405,TN
A,MH-001,MH-001_21.140907_78.932943,0,0.062293507158756256,TN
A,MH-001,MH-001_21.140907_78.933482,0,0.07257282733917236,TN
A,MH-001,MH-001_21.140637_78.921894,0,0.06011667102575302,TN
A,MH-001,MH-001_21.140637_78.922163,0,0.0811832994222641,TN
A,MH-001,MH-001_21.140637_78.922433,0,0.07991430163383484,TN
A,MH-001,MH-001_21.140637_78.92351,0,0.028290338814258575,TN
A,MH-001,MH-001_21.140637_78.92378,0,0.018549950793385506,TN
A,MH-001,MH-001_21.140637_78.926205,0,0.023589706048369408,TN
A,MH-001,MH-001_21.140637_78.926475,0,0.019824694842100143,TN
A,MH-001,MH-001_21.140637_78.930248,0,0.03089873492717743,TN
A,MH-001,MH-001_21.140637_78.930517,0,0.035407450050115585,TN
A,MH-001,MH-001_21.140637_78.930787,0,0.03154380992054939,TN
A,MH-001,MH-001_21.140637_78.931056,0,0.03237507492303848,TN
A,MH-001,MH-001_21.140637_78.932134,0,0.039022643119096756,TN
A,MH-001,MH-001_21.140637_78.932404,0,0.04848843440413475,TN
A,MH-001,MH-001_21.140637_78.932673,0,0.061984673142433167,TN
A,MH-001,MH-001_21.140368_78.925397,0,0.01770956814289093,TN
A,MH-001,MH-001_21.140368_78.925666,0,0.020601902157068253,TN
A,MH-001,MH-001_21.140368_78.925936,0,0.015744682401418686,TN
A,MH-001,MH-001_21.140368_78.926205,0,0.021105652675032616,TN
A,MH-001,MH-001_21.140368_78.926475,0,0.014649570919573307,TN
A,MH-001,MH-001_21.140368_78.930248,0,0.034706152975559235,TN
A,MH-001,MH-001_21.140368_78.930517,0,0.03465627506375313,TN
A,MH-001,MH-001_21.140368_78.930787,0,0.03589627146720886,TN
A,MH-001,MH-001_21.140368_78.931056,0,0.03694089502096176,TN
A,MH-001,MH-001_21.140368_78.932134,0,0.05151166394352913,TN
A,MH-001,MH-001_21.140368_78.932943,0,0.08758923411369324,TN
A,MH-001,MH-001_21.140368_78.933212,0,0.09856216609477997,TN
A,MH-001,MH-001_21.140368_78.933482,0,0.08925951272249222,TN
A,MH-001,MH-001_21.140098_78.92351,0,0.022701354697346687,TN
A,MH-001,MH-001_21.140098_78.92378,0,0.013871434144675732,TN
A,MH-001,MH-001_21.140098_78.924049,0,0.007112264167517424,TN
A,MH-001,MH-001_21.140098_78.924319,0,0.0064320750534534454,TN
A,MH-001,MH-001_21.140098_78.925127,1,0.01422283984720707,FN
A,MH-001,MH-001_21.140098_78.925397,1,0.02001253515481949,FN
A,MH-001,MH-001_21.140098_78.925936,0,0.016436345875263214,TN
A,MH-001,MH-001_21.140098_78.926205,0,0.020249411463737488,TN
A,MH-001,MH-001_21.140098_78.926475,0,0.012945344671607018,TN
A,MH-001,MH-001_21.140098_78.930248,0,0.03249663487076759,TN
A,MH-001,MH-001_21.140098_78.930517,0,0.04089983180165291,TN
A,MH-001,MH-001_21.140098_78.931326,0,0.03884325176477432,TN
A,MH-001,MH-001_21.140098_78.932134,0,0.04617175832390785,TN
A,MH-001,MH-001_21.140098_78.932673,0,0.07584743201732635,TN
A,MH-001,MH-001_21.140098_78.932943,0,0.0909385159611702,TN
A,MH-001,MH-001_21.140098_78.933212,0,0.09717141836881638,TN
A,MH-001,MH-001_21.140098_78.933482,0,0.10065048933029175,TN
A,MH-001,MH-001_21.139829_78.922972,0,0.07294005155563354,TN
A,MH-001,MH-001_21.139829_78.923241,0,0.05902679264545441,TN
A,MH-001,MH-001_21.139829_78.92351,0,0.034174367785453796,TN
A,MH-001,MH-001_21.139829_78.92378,0,0.0152900917455554,TN
A,MH-001,MH-001_21.139829_78.924049,0,0.01220831647515297,TN
A,MH-001,MH-001_21.139829_78.924319,0,0.008376522921025753,TN
A,MH-001,MH-001_21.139829_78.924588,0,0.00945193786174059,TN
A,MH-001,MH-001_21.139829_78.924858,0,0.00682288222014904,TN
A,MH-001,MH-001_21.139829_78.925127,0,0.009647528640925884,TN
A,MH-001,MH-001_21.139829_78.925397,1,0.01532176323235035,FN
A,MH-001,MH-001_21.139829_78.925936,0,0.017936568707227707,TN
A,MH-001,MH-001_21.139829_78.926205,0,0.025941871106624603,TN
A,MH-001,MH-001_21.139829_78.926475,0,0.013576828874647617,TN
A,MH-001,MH-001_21.139829_78.930248,0,0.02848200686275959,TN
A,MH-001,MH-001_21.139829_78.931595,0,0.03320484235882759,TN
A,MH-001,MH-001_21.139829_78.931865,0,0.03327978402376175,TN
A,MH-001,MH-001_21.139829_78.932404,0,0.050018612295389175,TN
A,MH-001,MH-001_21.13956_78.922972,0,0.05306492745876312,TN
A,MH-001,MH-001_21.13956_78.92378,0,0.019453035667538643,TN
A,MH-001,MH-001_21.13956_78.924049,0,0.011839283630251884,TN
A,MH-001,MH-001_21.13956_78.924319,0,0.007351934909820557,TN
A,MH-001,MH-001_21.13956_78.924588,0,0.007528951391577721,TN
A,MH-001,MH-001_21.13956_78.924858,0,0.005590768065303564,TN
A,MH-001,MH-001_21.13956_78.925127,0,0.0076434435322880745,TN
A,MH-001,MH-001_21.13956_78.925397,0,0.014518923126161098,TN
A,MH-001,MH-001_21.13956_78.925936,0,0.024251848459243774,TN
A,MH-001,MH-001_21.13956_78.926205,0,0.028774378821253777,TN
A,MH-001,MH-001_21.13956_78.926475,0,0.015158557333052158,TN
A,MH-001,MH-001_21.13956_78.931595,0,0.02421257272362709,TN
A,MH-001,MH-001_21.13956_78.931865,0,0.02504936419427395,TN
A,MH-001,MH-001_21.13956_78.937255,0,0.045316506177186966,TN
A,MH-001,MH-001_21.13929_78.923241,0,0.12035047262907028,TN
A,MH-001,MH-001_21.13929_78.92351,0,0.06079672649502754,TN
A,MH-001,MH-001_21.13929_78.92378,0,0.04471798613667488,TN
A,MH-001,MH-001_21.13929_78.924049,0,0.023223241791129112,TN
A,MH-001,MH-001_21.13929_78.924319,0,0.014859508723020554,TN
A,MH-001,MH-001_21.13929_78.925127,0,0.006419933866709471,TN
A,MH-001,MH-001_21.13929_78.925397,0,0.015369115397334099,TN
A,MH-001,MH-001_21.13929_78.925666,0,0.029542379081249237,TN
A,MH-001,MH-001_21.13929_78.925936,0,0.06805788725614548,TN
A,MH-001,MH-001_21.13929_78.926205,0,0.06769786775112152,TN
A,MH-001,MH-001_21.13929_78.926475,0,0.02625587396323681,TN
A,MH-001,MH-001_21.13929_78.930248,0,0.02331293560564518,TN
A,MH-001,MH-001_21.13929_78.930787,0,0.017788920551538467,TN
A,MH-001,MH-001_21.139021_78.922972,0,0.07742638885974884,TN
A,MH-001,MH-001_21.139021_78.923241,0,0.1225115954875946,TN
A,MH-001,MH-001_21.139021_78.92351,0,0.03852754086256027,TN
A,MH-001,MH-001_21.139021_78.92378,0,0.03605859354138374,TN
A,MH-001,MH-001_21.139021_78.924049,0,0.01871308498084545,TN
A,MH-001,MH-001_21.139021_78.925397,0,0.01895570382475853,TN
A,MH-001,MH-001_21.139021_78.925666,0,0.03410133719444275,TN
A,MH-001,MH-001_21.139021_78.925936,0,0.06933078169822693,TN
A,MH-001,MH-001_21.139021_78.926205,0,0.08342563360929489,TN
A,MH-001,MH-001_21.139021_78.926475,0,0.020938213914632797,TN
A,MH-001,MH-001_21.139021_78.930787,0,0.021418733522295952,TN
A,MH-001,MH-001_21.138751_78.922702,0,0.04020673781633377,TN
A,MH-001,MH-001_21.138751_78.922972,0,0.03479176387190819,TN
A,MH-001,MH-001_21.138751_78.923241,0,0.03068447858095169,TN
A,MH-001,MH-001_21.138751_78.92351,0,0.019997015595436096,TN
A,MH-001,MH-001_21.138751_78.92378,0,0.018902435898780823,TN
A,MH-001,MH-001_21.138751_78.924049,0,0.018224652856588364,TN
A,MH-001,MH-001_21.138751_78.925127,0,0.011866901069879532,TN
A,MH-001,MH-001_21.138751_78.925397,0,0.020664580166339874,TN
A,MH-001,MH-001_21.138751_78.925666,0,0.050478413701057434,TN
A,MH-001,MH-001_21.138751_78.925936,0,0.0749538242816925,TN
A,MH-001,MH-001_21.138751_78.926205,0,0.07566750794649124,TN
A,MH-001,MH-001_21.138751_78.926475,0,0.03911352902650833,TN
A,MH-001,MH-001_21.138751_78.930517,0,0.041949301958084106,TN
A,MH-001,MH-001_21.138751_78.930787,0,0.029936863109469414,TN
A,MH-001,MH-001_21.138751_78.931056,0,0.023242181167006493,TN
A,MH-001,MH-001_21.138751_78.931865,0,0.015145714394748211,TN
A,MH-001,MH-001_21.138751_78.932134,0,0.016328560188412666,TN
A,MH-001,MH-001_21.138751_78.932404,0,0.015348304063081741,TN
A,MH-001,MH-001_21.138482_78.922702,0,0.03974657505750656,TN
A,MH-001,MH-001_21.138482_78.922972,0,0.019800150766968727,TN
A,MH-001,MH-001_21.138482_78.923241,0,0.023417208343744278,TN
A,MH-001,MH-001_21.138482_78.92351,1,0.005532742477953434,FN
A,MH-001,MH-001_21.138482_78.92378,0,0.015608882531523705,TN
A,MH-001,MH-001_21.138482_78.924049,0,0.01799856871366501,TN
A,MH-001,MH-001_21.138482_78.924319,0,0.05064057558774948,TN
A,MH-001,MH-001_21.138482_78.924588,0,0.0314607098698616,TN
A,MH-001,MH-001_21.138482_78.924858,0,0.024170614778995514,TN
A,MH-001,MH-001_21.138482_78.925127,0,0.059695810079574585,TN
A,MH-001,MH-001_21.138482_78.925397,0,0.04788576439023018,TN
A,MH-001,MH-001_21.138482_78.925666,1,0.05012120306491852,FN
A,MH-001,MH-001_21.138482_78.925936,1,0.054383181035518646,FN
A,MH-001,MH-001_21.138482_78.926205,0,0.08018412441015244,TN
A,MH-001,MH-001_21.138482_78.926475,0,0.02043977752327919,TN
A,MH-001,MH-001_21.138482_78.930517,0,0.09819736331701279,TN
A,MH-001,MH-001_21.138482_78.930787,0,0.06513005495071411,TN
A,MH-001,MH-001_21.138482_78.931056,0,0.037787169218063354,TN
A,MH-001,MH-001_21.138482_78.931865,0,0.017020806670188904,TN
A,MH-001,MH-001_21.138482_78.932134,0,0.017787478864192963,TN
A,MH-001,MH-001_21.138212_78.922972,0,0.027751831337809563,TN
A,MH-001,MH-001_21.138212_78.923241,0,0.018176577985286713,TN
A,MH-001,MH-001_21.138212_78.92351,0,0.009526088833808899,TN
A,MH-001,MH-001_21.138212_78.92378,0,0.006533498875796795,TN
A,MH-001,MH-001_21.138212_78.924049,0,0.013451394625008106,TN
A,MH-001,MH-001_21.138212_78.924319,0,0.045857757329940796,TN
A,MH-001,MH-001_21.138212_78.924588,0,0.03968992084264755,TN
A,MH-001,MH-001_21.138212_78.924858,0,0.019031740725040436,TN
A,MH-001,MH-001_21.138212_78.925127,0,0.027175098657608032,TN
A,MH-001,MH-001_21.138212_78.925397,0,0.01896723546087742,TN
A,MH-001,MH-001_21.138212_78.925666,0,0.009971220046281815,TN
A,MH-001,MH-001_21.138212_78.925936,1,0.015163285657763481,FN
A,MH-001,MH-001_21.138212_78.926205,0,0.01180341187864542,TN
A,MH-001,MH-001_21.138212_78.926475,0,0.009456305764615536,TN
A,MH-001,MH-001_21.138212_78.930517,0,0.1392039805650711,TN
A,MH-001,MH-001_21.138212_78.930787,0,0.10451073944568634,TN
A,MH-001,MH-001_21.138212_78.931056,0,0.05051247775554657,TN
A,MH-001,MH-001_21.138212_78.931865,0,0.024463307112455368,TN
A,MH-001,MH-001_21.138212_78.932134,0,0.021847033873200417,TN
A,MH-001,MH-001_21.138212_78.937794,0,0.02411319687962532,TN
A,MH-001,MH-001_21.137943_78.922972,0,0.1360822468996048,TN
A,MH-001,MH-001_21.137943_78.924049,0,0.00826102402061224,TN
A,MH-001,MH-001_21.137943_78.924319,0,0.012920765206217766,TN
A,MH-001,MH-001_21.137943_78.924588,0,0.008593205362558365,TN
A,MH-001,MH-001_21.137943_78.924858,1,0.011578399688005447,FN
A,MH-001,MH-001_21.137943_78.925127,0,0.011471500620245934,TN
A,MH-001,MH-001_21.137943_78.925397,0,0.009137718006968498,TN
A,MH-001,MH-001_21.137943_78.930787,0,0.13863882422447205,TN
A,MH-001,MH-001_21.137943_78.931056,0,0.07900889217853546,TN
A,MH-001,MH-001_21.137943_78.931865,1,0.02647649124264717,FN
A,MH-001,MH-001_21.137943_78.932134,0,0.027333764359354973,TN
A,MH-001,MH-001_21.137943_78.932404,0,0.018549751490354538,TN
A,MH-001,MH-001_21.137943_78.932673,0,0.01541035808622837,TN
A,MH-001,MH-001_21.137943_78.932943,0,0.014912141487002373,TN
A,MH-001,MH-001_21.137943_78.937524,0,0.029063208028674126,TN
A,MH-001,MH-001_21.137943_78.937794,0,0.025976309552788734,TN
A,MH-001,MH-001_21.137943_78.938063,0,0.029979238286614418,TN
A,MH-001,MH-001_21.137943_78.938333,0,0.02353549748659134,TN
A,MH-001,MH-001_21.137673_78.923241,0,0.25772014260292053,TN
A,MH-001,MH-001_21.137673_78.924049,0,0.010146270506083965,TN
A,MH-001,MH-001_21.137673_78.924319,0,0.005831041838973761,TN
A,MH-001,MH-001_21.137673_78.924588,0,0.0029326127842068672,TN
A,MH-001,MH-001_21.137673_78.924858,1,0.004145554732531309,FN
A,MH-001,MH-001_21.137673_78.925127,1,0.003317230846732855,FN
A,MH-001,MH-001_21.137673_78.925397,0,0.003342420794069767,TN
A,MH-001,MH-001_21.137673_78.930787,0,0.13577696681022644,TN
A,MH-001,MH-001_21.137673_78.931595,0,0.036762628704309464,TN
A,MH-001,MH-001_21.137673_78.931865,0,0.030937613919377327,TN
A,MH-001,MH-001_21.137673_78.932134,0,0.027677668258547783,TN
A,MH-001,MH-001_21.137673_78.932404,0,0.02089633420109749,TN
A,MH-001,MH-001_21.137673_78.932673,0,0.016853222623467445,TN
A,MH-001,MH-001_21.137673_78.932943,0,0.015153774991631508,TN
A,MH-001,MH-001_21.137673_78.933482,0,0.02083347551524639,TN
A,MH-001,MH-001_21.137673_78.937794,0,0.035525333136320114,TN
A,MH-001,MH-001_21.137673_78.938063,0,0.04177376627922058,TN
A,MH-001,MH-001_21.137673_78.938333,0,0.039477042853832245,TN
A,MH-001,MH-001_21.137404_78.924049,0,0.006292286794632673,TN
A,MH-001,MH-001_21.137404_78.924319,0,0.004507800098508596,TN
A,MH-001,MH-001_21.137404_78.924588,0,0.0033232837449759245,TN
A,MH-001,MH-001_21.137404_78.924858,0,0.009834070689976215,TN
A,MH-001,MH-001_21.137404_78.925127,0,0.00830975640565157,TN
A,MH-001,MH-001_21.137404_78.925397,0,0.005297178868204355,TN
A,MH-001,MH-001_21.137404_78.930787,0,0.040991585701704025,TN
A,MH-001,MH-001_21.137404_78.931056,0,0.025771090760827065,TN
A,MH-001,MH-001_21.137404_78.931595,0,0.01906350813806057,TN
A,MH-001,MH-001_21.137404_78.931865,0,0.01601686328649521,TN
A,MH-001,MH-001_21.137404_78.932134,0,0.01923106610774994,TN
A,MH-001,MH-001_21.137404_78.932404,0,0.017074301838874817,TN
A,MH-001,MH-001_21.137404_78.932673,0,0.014490826055407524,TN
A,MH-001,MH-001_21.137404_78.932943,0,0.014265832491219044,TN
A,MH-001,MH-001_21.137404_78.933482,0,0.016930976882576942,TN
A,MH-001,MH-001_21.137404_78.937255,0,0.09363613277673721,TN
A,MH-001,MH-001_21.137404_78.937524,0,0.035016026347875595,TN
A,MH-001,MH-001_21.137404_78.938333,0,0.023148052394390106,TN
A,MH-001,MH-001_21.137134_78.923241,0,0.6654695272445679,FP
A,MH-001,MH-001_21.137134_78.92351,0,0.3046223819255829,TN
A,MH-001,MH-001_21.137134_78.924049,0,0.03563579171895981,TN
A,MH-001,MH-001_21.137134_78.924319,0,0.016530200839042664,TN
A,MH-001,MH-001_21.137134_78.924588,0,0.008947725407779217,TN
A,MH-001,MH-001_21.137134_78.924858,0,0.020493824034929276,TN
A,MH-001,MH-001_21.137134_78.925127,0,0.02545369602739811,TN
A,MH-001,MH-001_21.137134_78.925397,0,0.03434468433260918,TN
A,MH-001,MH-001_21.137134_78.930517,0,0.04180702939629555,TN
A,MH-001,MH-001_21.137134_78.930787,0,0.027728283777832985,TN
A,MH-001,MH-001_21.137134_78.931056,0,0.015138383954763412,TN
A,MH-001,MH-001_21.137134_78.931865,0,0.016957513988018036,TN
A,MH-001,MH-001_21.137134_78.932134,0,0.015393450856208801,TN
A,MH-001,MH-001_21.137134_78.932404,0,0.016422530636191368,TN
A,MH-001,MH-001_21.137134_78.932673,0,0.015970980748534203,TN
A,MH-001,MH-001_21.137134_78.932943,0,0.016816627234220505,TN
A,MH-001,MH-001_21.137134_78.933482,0,0.014656449668109417,TN
A,MH-001,MH-001_21.137134_78.937255,0,0.10419605672359467,TN
A,MH-001,MH-001_21.137134_78.937524,0,0.05467544123530388,TN
A,MH-001,MH-001_21.137134_78.937794,0,0.03258737176656723,TN
A,MH-001,MH-001_21.137134_78.938063,0,0.031029455363750458,TN
A,MH-001,MH-001_21.137134_78.938333,0,0.022279543802142143,TN
A,MH-001,MH-001_21.136865_78.92351,0,0.6936687231063843,FP
A,MH-001,MH-001_21.136865_78.92378,0,0.3522293269634247,TN
A,MH-001,MH-001_21.136865_78.924049,0,0.1837203949689865,TN
A,MH-001,MH-001_21.136865_78.924319,1,0.0977969542145729,FN
A,MH-001,MH-001_21.136865_78.924588,1,0.11516688764095306,FN
A,MH-001,MH-001_21.136865_78.924858,0,0.07787332683801651,TN
A,MH-001,MH-001_21.136865_78.925127,0,0.21075411140918732,TN
A,MH-001,MH-001_21.136865_78.925397,0,0.04408935457468033,TN
A,MH-001,MH-001_21.136865_78.926205,0,0.0051732840947806835,TN
A,MH-001,MH-001_21.136865_78.926475,0,0.005303703248500824,TN
A,MH-001,MH-001_21.136865_78.930517,0,0.02289268933236599,TN
A,MH-001,MH-001_21.136865_78.930787,0,0.016474539414048195,TN
A,MH-001,MH-001_21.136865_78.931865,0,0.012981770560145378,TN
A,MH-001,MH-001_21.136865_78.932134,0,0.015972869470715523,TN
A,MH-001,MH-001_21.136865_78.932404,0,0.017550528049468994,TN
A,MH-001,MH-001_21.136865_78.932673,0,0.01677847094833851,TN
A,MH-001,MH-001_21.136865_78.932943,0,0.01907745562493801,TN
A,MH-001,MH-001_21.136865_78.937255,0,0.08910419046878815,TN
A,MH-001,MH-001_21.136865_78.937524,0,0.04705965146422386,TN
A,MH-001,MH-001_21.136865_78.937794,0,0.032831110060214996,TN
A,MH-001,MH-001_21.136865_78.938063,0,0.02695213072001934,TN
A,MH-001,MH-001_21.136865_78.938333,0,0.021945295855402946,TN
A,MH-001,MH-001_21.136595_78.92351,0,0.9707040786743164,FP
A,MH-001,MH-001_21.136595_78.92378,0,0.9338297843933105,FP
A,MH-001,MH-001_21.136595_78.924319,1,0.5214940905570984,TP
A,MH-001,MH-001_21.136595_78.924588,1,0.3587973713874817,FN
A,MH-001,MH-001_21.136595_78.924858,0,0.23433640599250793,TN
A,MH-001,MH-001_21.136595_78.925127,0,0.27995309233665466,TN
A,MH-001,MH-001_21.136595_78.925397,0,0.09563194215297699,TN
A,MH-001,MH-001_21.136595_78.925936,0,0.029116829857230186,TN
A,MH-001,MH-001_21.136595_78.926205,0,0.009023024700582027,TN
A,MH-001,MH-001_21.136595_78.926475,0,0.009479559026658535,TN
A,MH-001,MH-001_21.136595_78.930517,0,0.022246474400162697,TN
A,MH-001,MH-001_21.136595_78.930787,0,0.015606949105858803,TN
A,MH-001,MH-001_21.136595_78.931326,0,0.008139092475175858,TN
A,MH-001,MH-001_21.136595_78.932134,0,0.01593596860766411,TN
A,MH-001,MH-001_21.136595_78.932404,0,0.019278060644865036,TN
A,MH-001,MH-001_21.136595_78.932673,0,0.017038902267813683,TN
A,MH-001,MH-001_21.136595_78.932943,0,0.021569430828094482,TN
A,MH-001,MH-001_21.136595_78.937255,0,0.10123191773891449,TN
A,MH-001,MH-001_21.136595_78.937524,0,0.05481981486082077,TN
A,MH-001,MH-001_21.136595_78.937794,0,0.04416276514530182,TN
A,MH-001,MH-001_21.136595_78.938063,0,0.053980063647031784,TN
A,MH-001,MH-001_21.136595_78.938333,0,0.03757793456315994,TN
A,MH-001,MH-001_21.136326_78.92378,0,0.9818113446235657,FP
A,MH-001,MH-001_21.136326_78.924049,0,0.9428583383560181,FP
A,MH-001,MH-001_21.136326_78.924319,0,0.9409845471382141,FP
A,MH-001,MH-001_21.136326_78.924588,0,0.864619255065918,FP
A,MH-001,MH-001_21.136326_78.924858,0,0.5384408235549927,FP
A,MH-001,MH-001_21.136326_78.925127,0,0.416920006275177,TN
A,MH-001,MH-001_21.136326_78.925936,0,0.00861873384565115,TN
A,MH-001,MH-001_21.136326_78.926205,0,0.007513560354709625,TN
A,MH-001,MH-001_21.136326_78.926475,0,0.004663460422307253,TN
A,MH-001,MH-001_21.136326_78.930517,0,0.035585884004831314,TN
A,MH-001,MH-001_21.136326_78.930787,0,0.02222374454140663,TN
A,MH-001,MH-001_21.136326_78.932134,1,0.01765037328004837,FN
A,MH-001,MH-001_21.136326_78.932404,1,0.020327385514974594,FN
A,MH-001,MH-001_21.136326_78.932673,0,0.019807931035757065,TN
A,MH-001,MH-001_21.136326_78.932943,0,0.021417319774627686,TN
A,MH-001,MH-001_21.136326_78.937255,0,0.12346184253692627,TN
A,MH-001,MH-001_21.136326_78.937524,0,0.054886363446712494,TN
A,MH-001,MH-001_21.136326_78.937794,0,0.06105364114046097,TN
A,MH-001,MH-001_21.136326_78.938063,0,0.059075962752103806,TN
A,MH-001,MH-001_21.136056_78.92378,0,0.9638687968254089,FP
A,MH-001,MH-001_21.136056_78.924049,0,0.9816628098487854,FP
A,MH-001,MH-001_21.136056_78.925936,0,0.009416538290679455,TN
A,MH-001,MH-001_21.136056_78.926205,0,0.0054982807487249374,TN
A,MH-001,MH-001_21.136056_78.926475,0,0.006404510233551264,TN
A,MH-001,MH-001_21.136056_78.930517,0,0.03756771236658096,TN
A,MH-001,MH-001_21.136056_78.932404,1,0.021873747929930687,FN
A,MH-001,MH-001_21.136056_78.932673,0,0.022210733965039253,TN
A,MH-001,MH-001_21.136056_78.937255,0,0.10393617302179337,TN
A,MH-001,MH-001_21.136056_78.937524,0,0.08055290579795837,TN
A,MH-001,MH-001_21.136056_78.937794,0,0.08942485600709915,TN
A,MH-001,MH-001_21.136056_78.938063,0,0.096729576587677,TN
A,MH-001,MH-001_21.135787_78.924319,0,0.8930110335350037,FP
A,MH-001,MH-001_21.135787_78.925666,0,0.011092138476669788,TN
A,MH-001,MH-001_21.135787_78.925936,0,0.008573557250201702,TN
A,MH-001,MH-001_21.135787_78.926205,0,0.012941360473632812,TN
A,MH-001,MH-001_21.135787_78.926475,0,0.016942156478762627,TN
A,MH-001,MH-001_21.135787_78.933482,0,0.01428015436977148,TN
A,MH-001,MH-001_21.135787_78.937255,0,0.0881732925772667,TN
A,MH-001,MH-001_21.135787_78.937524,0,0.07356015592813492,TN
A,MH-001,MH-001_21.135787_78.937794,0,0.10612145066261292,TN
A,MH-001,MH-001_21.135787_78.938063,0,0.1000804528594017,TN
A,MH-001,MH-001_21.135517_78.925127,0,0.3615584075450897,TN
A,MH-001,MH-001_21.135517_78.925666,0,0.019481176510453224,TN
A,MH-001,MH-001_21.135517_78.925936,0,0.010876432992517948,TN
A,MH-001,MH-001_21.135517_78.926205,0,0.01366980280727148,TN
A,MH-001,MH-001_21.135517_78.926475,0,0.02027782052755356,TN
A,MH-001,MH-001_21.135517_78.931326,0,0.042309172451496124,TN
A,MH-001,MH-001_21.135517_78.933212,0,0.020251218229532242,TN
A,MH-001,MH-001_21.135517_78.933482,0,0.014736241661012173,TN
A,MH-001,MH-001_21.135517_78.937255,0,0.08609061688184738,TN
A,MH-001,MH-001_21.135517_78.937524,0,0.08832449465990067,TN
A,MH-001,MH-001_21.135517_78.937794,0,0.11132798343896866,TN
A,MH-001,MH-001_21.135248_78.924858,0,0.6742066740989685,FP
A,MH-001,MH-001_21.135248_78.925936,0,0.013014890253543854,TN
A,MH-001,MH-001_21.135248_78.926205,0,0.02495638281106949,TN
A,MH-001,MH-001_21.135248_78.926475,0,0.03412007912993431,TN
A,MH-001,MH-001_21.135248_78.930787,0,0.11111429333686829,TN
A,MH-001,MH-001_21.135248_78.931056,0,0.10582993179559708,TN
A,MH-001,MH-001_21.135248_78.931326,0,0.0854707583785057,TN
A,MH-001,MH-001_21.135248_78.931595,0,0.04682550206780434,TN
A,MH-001,MH-001_21.135248_78.931865,0,0.09309479594230652,TN
A,MH-001,MH-001_21.135248_78.932134,0,0.14364926517009735,TN
A,MH-001,MH-001_21.135248_78.933212,0,0.049829114228487015,TN
A,MH-001,MH-001_21.135248_78.933482,0,0.029834456741809845,TN
A,MH-001,MH-001_21.135248_78.937255,0,0.08103626221418381,TN
A,MH-001,MH-001_21.135248_78.937524,0,0.094215989112854,TN
A,MH-001,MH-001_21.135248_78.937794,0,0.10024651139974594,TN
A,MH-001,MH-001_21.134978_78.924588,0,0.02355550043284893,TN
A,MH-001,MH-001_21.134978_78.924858,0,0.24422377347946167,TN
A,MH-001,MH-001_21.134978_78.925127,0,0.20192350447177887,TN
A,MH-001,MH-001_21.134978_78.926205,0,0.04024122282862663,TN
A,MH-001,MH-001_21.134978_78.926475,0,0.053442999720573425,TN
A,MH-001,MH-001_21.134978_78.930517,0,0.10718224197626114,TN
A,MH-001,MH-001_21.134978_78.930787,0,0.12293392419815063,TN
A,MH-001,MH-001_21.134978_78.931056,0,0.12651482224464417,TN
A,MH-001,MH-001_21.134978_78.931326,0,0.15681277215480804,TN
A,MH-001,MH-001_21.134978_78.931595,0,0.08398555219173431,TN
A,MH-001,MH-001_21.134978_78.931865,0,0.21170899271965027,TN
A,MH-001,MH-001_21.134978_78.932134,0,0.3388785719871521,TN
A,MH-001,MH-001_21.134978_78.932404,0,0.46169111132621765,TN
A,MH-001,MH-001_21.134978_78.933212,0,0.11435673385858536,TN
A,MH-001,MH-001_21.134978_78.937255,0,0.0478866770863533,TN
A,MH-001,MH-001_21.134978_78.937524,0,0.06796495616436005,TN
A,MH-001,MH-001_21.134978_78.937794,0,0.0578288733959198,TN
A,MH-001,MH-001_21.134709_78.925127,0,0.28504678606987,TN
A,MH-001,MH-001_21.134709_78.930517,0,0.06101400777697563,TN
A,MH-001,MH-001_21.134709_78.930787,0,0.04508010670542717,TN
A,MH-001,MH-001_21.134709_78.931056,0,0.06906873732805252,TN
A,MH-001,MH-001_21.134709_78.931326,0,0.08840347081422806,TN
A,MH-001,MH-001_21.134709_78.931595,1,0.11660008877515793,FN
A,MH-001,MH-001_21.134709_78.931865,1,0.314691424369812,FN
A,MH-001,MH-001_21.134709_78.932134,1,0.5644705891609192,TP
A,MH-001,MH-001_21.134709_78.932404,0,0.6780763864517212,FP
A,MH-001,MH-001_21.134709_78.933212,0,0.2700422704219818,TN
A,MH-001,MH-001_21.134709_78.937255,0,0.042325276881456375,TN
A,MH-001,MH-001_21.134709_78.937524,0,0.05720634013414383,TN
A,MH-001,MH-001_21.165431_78.914617,0,0.043575335294008255,TN
A,MH-001,MH-001_21.165431_78.914887,0,0.03903983160853386,TN
A,MH-001,MH-001_21.165431_78.915156,1,0.05351218208670616,FN
A,MH-001,MH-001_21.165431_78.915426,0,0.06608099490404129,TN
A,MH-001,MH-001_21.165431_78.915695,0,0.07174395024776459,TN
A,MH-001,MH-001_21.165431_78.915965,0,0.07636210322380066,TN
A,MH-001,MH-001_21.165431_78.916234,0,0.08023953437805176,TN
A,MH-001,MH-001_21.165431_78.916504,0,0.09165478497743607,TN
A,MH-001,MH-001_21.165431_78.916773,0,0.09107106924057007,TN
A,MH-001,MH-001_21.165431_78.917043,0,0.11263133585453033,TN
A,MH-001,MH-001_21.165431_78.917312,0,0.1130775436758995,TN
A,MH-001,MH-001_21.165431_78.91839,0,0.12874020636081696,TN
A,MH-001,MH-001_21.165431_78.91866,0,0.2818244397640228,TN
A,MH-001,MH-001_21.165431_78.918929,0,0.4320881962776184,TN
A,MH-001,MH-001_21.165431_78.919468,0,0.4446954131126404,TN
A,MH-001,MH-001_21.165431_78.919738,0,0.47091761231422424,TN
A,MH-001,MH-001_21.165431_78.920007,0,0.5524703860282898,FP
A,MH-001,MH-001_21.165431_78.920546,0,0.5049335956573486,FP
A,MH-001,MH-001_21.165431_78.920816,0,0.46109887957572937,TN
A,MH-001,MH-001_21.165431_78.921085,0,0.28138503432273865,TN
A,MH-001,MH-001_21.165431_78.921355,0,0.16424210369586945,TN
A,MH-001,MH-001_21.165431_78.921624,0,0.08124648034572601,TN
A,MH-001,MH-001_21.165431_78.921894,0,0.04719167202711105,TN
A,MH-001,MH-001_21.165431_78.922163,0,0.0387224406003952,TN
A,MH-001,MH-001_21.165431_78.924049,0,0.16602277755737305,TN
A,MH-001,MH-001_21.165431_78.924319,0,0.23500418663024902,TN
A,MH-001,MH-001_21.165431_78.925127,0,0.4589376747608185,TN
A,MH-001,MH-001_21.165431_78.930787,0,0.2434876710176468,TN
A,MH-001,MH-001_21.165431_78.931056,0,0.28189340233802795,TN
A,MH-001,MH-001_21.165431_78.931326,0,0.2528866231441498,TN
A,MH-001,MH-001_21.165161_78.914887,0,0.03185176104307175,TN
A,MH-001,MH-001_21.165161_78.915156,0,0.04152335599064827,TN
A,MH-001,MH-001_21.165161_78.915426,0,0.05437087267637253,TN
A,MH-001,MH-001_21.165161_78.915695,0,0.07215573638677597,TN
A,MH-001,MH-001_21.165161_78.915965,0,0.07296694815158844,TN
A,MH-001,MH-001_21.165161_78.916234,0,0.08156951516866684,TN
A,MH-001,MH-001_21.165161_78.916504,0,0.09170102328062057,TN
A,MH-001,MH-001_21.165161_78.916773,0,0.07537379860877991,TN
A,MH-001,MH-001_21.165161_78.917043,0,0.10120575875043869,TN
A,MH-001,MH-001_21.165161_78.917582,0,0.11160102486610413,TN
A,MH-001,MH-001_21.165161_78.918121,0,0.1458703875541687,TN
A,MH-001,MH-001_21.165161_78.91839,0,0.15199054777622223,TN
A,MH-001,MH-001_21.165161_78.91866,0,0.26408618688583374,TN
A,MH-001,MH-001_21.165161_78.919199,0,0.40589219331741333,TN
A,MH-001,MH-001_21.165161_78.919468,0,0.4180895984172821,TN
A,MH-001,MH-001_21.165161_78.919738,0,0.4242376983165741,TN
A,MH-001,MH-001_21.165161_78.920007,0,0.43898001313209534,TN
A,MH-001,MH-001_21.165161_78.920546,0,0.3765086531639099,TN
A,MH-001,MH-001_21.165161_78.920816,0,0.3505786955356598,TN
A,MH-001,MH-001_21.165161_78.921085,0,0.23871855437755585,TN
A,MH-001,MH-001_21.165161_78.921355,1,0.1830139309167862,FN
A,MH-001,MH-001_21.165161_78.921624,0,0.093252994120121,TN
A,MH-001,MH-001_21.165161_78.921894,0,0.08676791936159134,TN
A,MH-001,MH-001_21.165161_78.922433,0,0.09951842576265335,TN
A,MH-001,MH-001_21.165161_78.922702,0,0.1035255491733551,TN
A,MH-001,MH-001_21.165161_78.923241,0,0.1486293375492096,TN
A,MH-001,MH-001_21.165161_78.92378,1,0.20467181503772736,FN
A,MH-001,MH-001_21.165161_78.925127,0,0.4893801510334015,TN
A,MH-001,MH-001_21.165161_78.925397,0,0.47249260544776917,TN
A,MH-001,MH-001_21.165161_78.925666,0,0.44140008091926575,TN
A,MH-001,MH-001_21.165161_78.925936,0,0.4042808711528778,TN
A,MH-001,MH-001_21.165161_78.926475,0,0.24465256929397583,TN
A,MH-001,MH-001_21.165161_78.931056,0,0.16247239708900452,TN
A,MH-001,MH-001_21.164892_78.914887,0,0.030367325991392136,TN
A,MH-001,MH-001_21.164892_78.915156,0,0.0391593798995018,TN
A,MH-001,MH-001_21.164892_78.915426,0,0.06055651232600212,TN
A,MH-001,MH-001_21.164892_78.915695,0,0.07245415449142456,TN
A,MH-001,MH-001_21.164892_78.915965,0,0.08243011683225632,TN
A,MH-001,MH-001_21.164892_78.916234,0,0.08002308011054993,TN
A,MH-001,MH-001_21.164892_78.916504,0,0.08016837388277054,TN
A,MH-001,MH-001_21.164892_78.916773,0,0.06261191517114639,TN
A,MH-001,MH-001_21.164892_78.917312,0,0.06739483028650284,TN
A,MH-001,MH-001_21.164892_78.918121,0,0.10377412289381027,TN
A,MH-001,MH-001_21.164892_78.91839,0,0.11873653531074524,TN
A,MH-001,MH-001_21.164892_78.919199,0,0.4615881145000458,TN
A,MH-001,MH-001_21.164892_78.919468,0,0.5114333629608154,FP
A,MH-001,MH-001_21.164892_78.920546,0,0.4590817391872406,TN
A,MH-001,MH-001_21.164892_78.920816,0,0.40194013714790344,TN
A,MH-001,MH-001_21.164892_78.921085,1,0.345437228679657,FN
A,MH-001,MH-001_21.164892_78.921355,1,0.15203271806240082,FN
A,MH-001,MH-001_21.164892_78.921624,1,0.13431623578071594,FN
A,MH-001,MH-001_21.164892_78.921894,0,0.0831834152340889,TN
A,MH-001,MH-001_21.164892_78.922433,0,0.14796480536460876,TN
A,MH-001,MH-001_21.164892_78.922702,0,0.12096168845891953,TN
A,MH-001,MH-001_21.164892_78.92351,0,0.12625813484191895,TN
A,MH-001,MH-001_21.164892_78.92378,0,0.14798691868782043,TN
A,MH-001,MH-001_21.164892_78.924858,0,0.39657893776893616,TN
A,MH-001,MH-001_21.164892_78.925127,0,0.44676780700683594,TN
A,MH-001,MH-001_21.164892_78.925397,0,0.38701266050338745,TN
A,MH-001,MH-001_21.164892_78.925666,0,0.4207121431827545,TN
A,MH-001,MH-001_21.164892_78.925936,0,0.3800055682659149,TN
A,MH-001,MH-001_21.164892_78.926475,0,0.2118869125843048,TN
A,MH-001,MH-001_21.164892_78.930517,0,0.07093074917793274,TN
A,MH-001,MH-001_21.164892_78.931595,0,0.07432954013347626,TN
A,MH-001,MH-001_21.164623_78.915156,0,0.038179777562618256,TN
A,MH-001,MH-001_21.164623_78.915426,0,0.05055226385593414,TN
A,MH-001,MH-001_21.164623_78.915695,0,0.0671565905213356,TN
A,MH-001,MH-001_21.164623_78.915965,0,0.07361204922199249,TN
A,MH-001,MH-001_21.164623_78.916234,0,0.07947968691587448,TN
A,MH-001,MH-001_21.164623_78.916504,0,0.07781621813774109,TN
A,MH-001,MH-001_21.164623_78.916773,0,0.06161070615053177,TN
A,MH-001,MH-001_21.164623_78.917851,0,0.06617295742034912,TN
A,MH-001,MH-001_21.164623_78.918121,0,0.11428653448820114,TN
A,MH-001,MH-001_21.164623_78.91839,0,0.12143293023109436,TN
A,MH-001,MH-001_21.164623_78.91866,0,0.21341939270496368,TN
A,MH-001,MH-001_21.164623_78.919468,0,0.39883944392204285,TN
A,MH-001,MH-001_21.164623_78.919738,0,0.4224129021167755,TN
A,MH-001,MH-001_21.164623_78.920007,1,0.4037250876426697,FN
A,MH-001,MH-001_21.164623_78.921085,0,0.2198769897222519,TN
A,MH-001,MH-001_21.164623_78.921355,1,0.11573857814073563,FN
A,MH-001,MH-001_21.164623_78.921624,1,0.06848718971014023,FN
A,MH-001,MH-001_21.164623_78.921894,0,0.03516758605837822,TN
A,MH-001,MH-001_21.164623_78.922163,0,0.03892732039093971,TN
A,MH-001,MH-001_21.164623_78.922433,0,0.0591076985001564,TN
A,MH-001,MH-001_21.164623_78.92351,0,0.10438525676727295,TN
A,MH-001,MH-001_21.164623_78.92378,0,0.13995994627475739,TN
A,MH-001,MH-001_21.164623_78.924858,0,0.40656059980392456,TN
A,MH-001,MH-001_21.164623_78.925397,0,0.3929387032985687,TN
A,MH-001,MH-001_21.164623_78.925666,0,0.32863226532936096,TN
A,MH-001,MH-001_21.164623_78.925936,0,0.2966413199901581,TN
A,MH-001,MH-001_21.164623_78.930787,0,0.05800992250442505,TN
A,MH-001,MH-001_21.164623_78.931056,0,0.0679251104593277,TN
A,MH-001,MH-001_21.164353_78.915426,0,0.04208850488066673,TN
A,MH-001,MH-001_21.164353_78.915695,0,0.05827147141098976,TN
A,MH-001,MH-001_21.164353_78.915965,0,0.06002788618206978,TN
A,MH-001,MH-001_21.164353_78.916234,0,0.07076971977949142,TN
A,MH-001,MH-001_21.164353_78.916504,0,0.05888846516609192,TN
A,MH-001,MH-001_21.164353_78.916773,0,0.03753623366355896,TN
A,MH-001,MH-001_21.164353_78.917043,0,0.04398806020617485,TN
A,MH-001,MH-001_21.164353_78.917312,0,0.037140339612960815,TN
A,MH-001,MH-001_21.164353_78.917582,0,0.04073985293507576,TN
A,MH-001,MH-001_21.164353_78.917851,0,0.06357625871896744,TN
A,MH-001,MH-001_21.164353_78.918121,0,0.12663118541240692,TN
A,MH-001,MH-001_21.164353_78.91839,0,0.12238869071006775,TN
A,MH-001,MH-001_21.164353_78.91866,1,0.20697994530200958,FN
A,MH-001,MH-001_21.164353_78.918929,1,0.20371113717556,FN
A,MH-001,MH-001_21.164353_78.919468,0,0.3642846643924713,TN
A,MH-001,MH-001_21.164353_78.922163,0,0.031021276488900185,TN
A,MH-001,MH-001_21.164353_78.924588,0,0.21216434240341187,TN
A,MH-001,MH-001_21.164353_78.925127,0,0.29847636818885803,TN
A,MH-001,MH-001_21.164353_78.925397,0,0.25067704916000366,TN
A,MH-001,MH-001_21.164353_78.925666,0,0.18006080389022827,TN
A,MH-001,MH-001_21.164353_78.925936,0,0.16949351131916046,TN
A,MH-001,MH-001_21.164353_78.930248,0,0.09393787384033203,TN
A,MH-001,MH-001_21.164353_78.930517,0,0.05468754842877388,TN
A,MH-001,MH-001_21.164353_78.930787,0,0.05817682668566704,TN
A,MH-001,MH-001_21.164353_78.931056,0,0.044297631829977036,TN
A,MH-001,MH-001_21.164353_78.932134,0,0.02715708501636982,TN
A,MH-001,MH-001_21.164084_78.915426,0,0.03932667523622513,TN
A,MH-001,MH-001_21.164084_78.915695,0,0.048940084874629974,TN
A,MH-001,MH-001_21.164084_78.915965,0,0.047671105712652206,TN
A,MH-001,MH-001_21.164084_78.916234,0,0.06822066754102707,TN
A,MH-001,MH-001_21.164084_78.916504,0,0.05053415149450302,TN
A,MH-001,MH-001_21.164084_78.916773,0,0.04331918805837631,TN
A,MH-001,MH-001_21.164084_78.917043,0,0.044264182448387146,TN
A,MH-001,MH-001_21.164084_78.917312,0,0.036413103342056274,TN
A,MH-001,MH-001_21.164084_78.917582,0,0.048273224383592606,TN
A,MH-001,MH-001_21.164084_78.917851,0,0.10797271877527237,TN
A,MH-001,MH-001_21.164084_78.918121,0,0.19195091724395752,TN
A,MH-001,MH-001_21.164084_78.91839,0,0.23914554715156555,TN
A,MH-001,MH-001_21.164084_78.919199,0,0.25895074009895325,TN
A,MH-001,MH-001_21.164084_78.924049,0,0.07444215565919876,TN
A,MH-001,MH-001_21.164084_78.924319,0,0.10303536057472229,TN
A,MH-001,MH-001_21.164084_78.924588,1,0.12445113807916641,FN
A,MH-001,MH-001_21.164084_78.925397,0,0.19366569817066193,TN
A,MH-001,MH-001_21.164084_78.925666,0,0.14737525582313538,TN
A,MH-001,MH-001_21.164084_78.925936,0,0.11380062252283096,TN
A,MH-001,MH-001_21.164084_78.926205,0,0.09171957522630692,TN
A,MH-001,MH-001_21.164084_78.930248,0,0.0784170925617218,TN
A,MH-001,MH-001_21.164084_78.930517,0,0.036760363727808,TN
A,MH-001,MH-001_21.164084_78.930787,0,0.04109770432114601,TN
A,MH-001,MH-001_21.164084_78.931056,0,0.036998242139816284,TN
A,MH-001,MH-001_21.163814_78.915695,0,0.06848479062318802,TN
A,MH-001,MH-001_21.163814_78.915965,0,0.08064375072717667,TN
A,MH-001,MH-001_21.163814_78.916234,0,0.11147955060005188,TN
A,MH-001,MH-001_21.163814_78.916504,0,0.07767309993505478,TN
A,MH-001,MH-001_21.163814_78.916773,0,0.058903779834508896,TN
A,MH-001,MH-001_21.163814_78.917043,0,0.051847971975803375,TN
A,MH-001,MH-001_21.163814_78.917312,0,0.04285711795091629,TN
A,MH-001,MH-001_21.163814_78.917582,0,0.03682456165552139,TN
A,MH-001,MH-001_21.163814_78.917851,0,0.07512430101633072,TN
A,MH-001,MH-001_21.163814_78.918121,0,0.20387808978557587,TN
A,MH-001,MH-001_21.163814_78.922433,0,0.02373209036886692,TN
A,MH-001,MH-001_21.163814_78.922702,0,0.02413654327392578,TN
A,MH-001,MH-001_21.163814_78.922972,0,0.02241032011806965,TN
A,MH-001,MH-001_21.163814_78.923241,0,0.02830427698791027,TN
A,MH-001,MH-001_21.163814_78.924049,0,0.01898643560707569,TN
A,MH-001,MH-001_21.163814_78.924319,0,0.02718527801334858,TN
A,MH-001,MH-001_21.163814_78.924588,1,0.035781655460596085,FN
A,MH-001,MH-001_21.163814_78.925397,1,0.07838626205921173,FN
A,MH-001,MH-001_21.163814_78.925666,1,0.0670425072312355,FN
A,MH-001,MH-001_21.163814_78.925936,0,0.07598011940717697,TN
A,MH-001,MH-001_21.163814_78.926205,0,0.055527690798044205,TN
A,MH-001,MH-001_21.163814_78.926475,0,0.049033064395189285,TN
A,MH-001,MH-001_21.163814_78.930248,0,0.07361619919538498,TN
A,MH-001,MH-001_21.163814_78.930517,0,0.045289840549230576,TN
A,MH-001,MH-001_21.163814_78.930787,1,0.04437488317489624,FN
A,MH-001,MH-001_21.163814_78.931865,0,0.033898260444402695,TN
A,MH-001,MH-001_21.163814_78.932134,0,0.022656193003058434,TN
A,MH-001,MH-001_21.163814_78.932404,0,0.0620470829308033,TN
A,MH-001,MH-001_21.163545_78.915695,0,0.12607654929161072,TN
A,MH-001,MH-001_21.163545_78.915965,0,0.11167310923337936,TN
A,MH-001,MH-001_21.163545_78.916234,0,0.16796202957630157,TN
A,MH-001,MH-001_21.163545_78.916504,0,0.08896788209676743,TN
A,MH-001,MH-001_21.163545_78.916773,0,0.10007748752832413,TN
A,MH-001,MH-001_21.163545_78.917043,0,0.08664001524448395,TN
A,MH-001,MH-001_21.163545_78.917312,0,0.07666243612766266,TN
A,MH-001,MH-001_21.163545_78.917582,0,0.0569557249546051,TN
A,MH-001,MH-001_21.163545_78.917851,0,0.21966426074504852,TN
A,MH-001,MH-001_21.163545_78.918121,0,0.34805989265441895,TN
A,MH-001,MH-001_21.163545_78.923241,0,0.029428619891405106,TN
A,MH-001,MH-001_21.163545_78.925127,0,0.1215490996837616,TN
A,MH-001,MH-001_21.163545_78.925936,1,0.06505712121725082,FN
A,MH-001,MH-001_21.163545_78.926205,0,0.054463960230350494,TN
A,MH-001,MH-001_21.163545_78.926475,0,0.05122881755232811,TN
A,MH-001,MH-001_21.163545_78.930248,0,0.10851836949586868,TN
A,MH-001,MH-001_21.163545_78.930517,0,0.07395733147859573,TN
A,MH-001,MH-001_21.163545_78.930787,1,0.03698866069316864,FN
A,MH-001,MH-001_21.163545_78.931595,0,0.031264323741197586,TN
A,MH-001,MH-001_21.163545_78.931865,0,0.019689828157424927,TN
A,MH-001,MH-001_21.163545_78.932134,0,0.017884910106658936,TN
A,MH-001,MH-001_21.163545_78.932404,0,0.04729422926902771,TN
A,MH-001,MH-001_21.163545_78.932673,0,0.03615504503250122,TN
A,MH-001,MH-001_21.163275_78.916504,0,0.06593050807714462,TN
A,MH-001,MH-001_21.163275_78.917851,0,0.18107129633426666,TN
A,MH-001,MH-001_21.163275_78.918121,0,0.44158220291137695,TN
A,MH-001,MH-001_21.163275_78.924588,0,0.008380754850804806,TN
A,MH-001,MH-001_21.163275_78.926205,0,0.034806329756975174,TN
A,MH-001,MH-001_21.163275_78.926475,1,0.047166839241981506,FN
A,MH-001,MH-001_21.163275_78.930248,0,0.14320187270641327,TN
A,MH-001,MH-001_21.163275_78.930517,0,0.12706618010997772,TN
A,MH-001,MH-001_21.163275_78.930787,0,0.09517927467823029,TN
A,MH-001,MH-001_21.163275_78.931865,0,0.015561140142381191,TN
A,MH-001,MH-001_21.163275_78.932134,0,0.013511590659618378,TN
A,MH-001,MH-001_21.163275_78.932404,0,0.0337279736995697,TN
A,MH-001,MH-001_21.163275_78.932673,0,0.03300359472632408,TN
A,MH-001,MH-001_21.163006_78.915965,0,0.09039339423179626,TN
A,MH-001,MH-001_21.163006_78.916504,0,0.04555694758892059,TN
A,MH-001,MH-001_21.163006_78.917043,0,0.035739459097385406,TN
A,MH-001,MH-001_21.163006_78.917312,0,0.03569456562399864,TN
A,MH-001,MH-001_21.163006_78.91839,0,0.585433304309845,FP
A,MH-001,MH-001_21.163006_78.930248,0,0.15662026405334473,TN
A,MH-001,MH-001_21.163006_78.930517,0,0.24399390816688538,TN
A,MH-001,MH-001_21.163006_78.930787,0,0.1192033663392067,TN
A,MH-001,MH-001_21.163006_78.932404,0,0.03886129707098007,TN
A,MH-001,MH-001_21.162736_78.917312,0,0.026616470888257027,TN
A,MH-001,MH-001_21.162736_78.917582,0,0.0251082181930542,TN
A,MH-001,MH-001_21.162736_78.918121,0,0.36853429675102234,TN
A,MH-001,MH-001_21.162736_78.91839,0,0.6167740225791931,FP
A,MH-001,MH-001_21.162736_78.91866,0,0.7145273089408875,FP
A,MH-001,MH-001_21.162736_78.930248,0,0.13328906893730164,TN
A,MH-001,MH-001_21.162736_78.930517,0,0.2546248733997345,TN
A,MH-001,MH-001_21.162467_78.916504,0,0.009065492078661919,TN
A,MH-001,MH-001_21.162467_78.916773,0,0.008745420724153519,TN
A,MH-001,MH-001_21.162467_78.917043,0,0.010936745442450047,TN
A,MH-001,MH-001_21.162467_78.91866,0,0.7775935530662537,FP
A,MH-001,MH-001_21.162467_78.930248,0,0.2280741184949875,TN
A,MH-001,MH-001_21.162467_78.930517,0,0.38772252202033997,TN
A,MH-001,MH-001_21.162467_78.931056,0,0.16638831794261932,TN
A,MH-001,MH-001_21.162467_78.932404,0,0.045052893459796906,TN
A,MH-001,MH-001_21.162467_78.932673,0,0.030108286067843437,TN
A,MH-001,MH-001_21.162197_78.916234,0,0.007788867689669132,TN
A,MH-001,MH-001_21.162197_78.916504,0,0.004145830404013395,TN
A,MH-001,MH-001_21.162197_78.916773,0,0.005596746690571308,TN
A,MH-001,MH-001_21.162197_78.917043,0,0.007205458357930183,TN
A,MH-001,MH-001_21.162197_78.917312,0,0.00916701927781105,TN
A,MH-001,MH-001_21.162197_78.917582,0,0.011171265505254269,TN
A,MH-001,MH-001_21.162197_78.917851,0,0.03330061584711075,TN
A,MH-001,MH-001_21.162197_78.918121,0,0.19023415446281433,TN
A,MH-001,MH-001_21.162197_78.924049,0,0.011838474310934544,TN
A,MH-001,MH-001_21.162197_78.930248,1,0.13095387816429138,FN
A,MH-001,MH-001_21.162197_78.931056,0,0.14556267857551575,TN
A,MH-001,MH-001_21.162197_78.932673,0,0.020780039951205254,TN
A,MH-001,MH-001_21.162197_78.932943,0,0.017435187473893166,TN
A,MH-001,MH-001_21.162197_78.933212,0,0.03320612758398056,TN
A,MH-001,MH-001_21.161928_78.916234,0,0.005880946293473244,TN
A,MH-001,MH-001_21.161928_78.916504,0,0.0032679527066648006,TN
A,MH-001,MH-001_21.161928_78.916773,0,0.0034507776144891977,TN
A,MH-001,MH-001_21.161928_78.917043,0,0.004734910558909178,TN
A,MH-001,MH-001_21.161928_78.917312,0,0.0048288279213011265,TN
A,MH-001,MH-001_21.161928_78.917582,0,0.00527785811573267,TN
A,MH-001,MH-001_21.161928_78.92378,0,0.01271363627165556,TN
A,MH-001,MH-001_21.161928_78.926205,0,0.006949508562684059,TN
A,MH-001,MH-001_21.161928_78.926475,0,0.005195077508687973,TN
A,MH-001,MH-001_21.161928_78.930248,0,0.06411677598953247,TN
A,MH-001,MH-001_21.161928_78.931326,0,0.09650585800409317,TN
A,MH-001,MH-001_21.161928_78.932404,0,0.02963937446475029,TN
A,MH-001,MH-001_21.161928_78.932673,0,0.020221523940563202,TN
A,MH-001,MH-001_21.161928_78.932943,0,0.016471613198518753,TN
A,MH-001,MH-001_21.161928_78.933212,0,0.03139069303870201,TN
A,MH-001,MH-001_21.161928_78.933482,0,0.10959677398204803,TN
A,MH-001,MH-001_21.161658_78.916234,0,0.006753908004611731,TN
A,MH-001,MH-001_21.161658_78.916504,0,0.004342468921095133,TN
A,MH-001,MH-001_21.161658_78.916773,0,0.004769705235958099,TN
A,MH-001,MH-001_21.161658_78.917043,0,0.005334086716175079,TN
A,MH-001,MH-001_21.161658_78.917312,0,0.00489815603941679,TN
A,MH-001,MH-001_21.161658_78.917582,0,0.006014672107994556,TN
A,MH-001,MH-001_21.161658_78.917851,0,0.008521368727087975,TN
A,MH-001,MH-001_21.161658_78.918121,0,0.03361218795180321,TN
A,MH-001,MH-001_21.161658_78.91839,0,0.15717166662216187,TN
A,MH-001,MH-001_21.161658_78.918929,0,0.6717115044593811,FP
A,MH-001,MH-001_21.161658_78.919199,0,0.6680141687393188,FP
A,MH-001,MH-001_21.161658_78.925936,0,0.006973229348659515,TN
A,MH-001,MH-001_21.161658_78.926205,0,0.006440579425543547,TN
A,MH-001,MH-001_21.161658_78.926475,0,0.004845777526497841,TN
A,MH-001,MH-001_21.161658_78.931865,0,0.05888937786221504,TN
A,MH-001,MH-001_21.161658_78.932134,0,0.04656755179166794,TN
A,MH-001,MH-001_21.161658_78.932404,0,0.02343449741601944,TN
A,MH-001,MH-001_21.161658_78.932673,0,0.016155729070305824,TN
A,MH-001,MH-001_21.161658_78.932943,0,0.00910317525267601,TN
A,MH-001,MH-001_21.161658_78.933212,0,0.017507260665297508,TN
A,MH-001,MH-001_21.161658_78.933482,0,0.036180127412080765,TN
A,MH-001,MH-001_21.161389_78.916504,0,0.008038110099732876,TN
A,MH-001,MH-001_21.161389_78.916773,0,0.00942924153059721,TN
A,MH-001,MH-001_21.161389_78.917043,0,0.010775048285722733,TN
A,MH-001,MH-001_21.161389_78.917312,0,0.00893086101859808,TN
A,MH-001,MH-001_21.161389_78.917582,0,0.008740194141864777,TN
A,MH-001,MH-001_21.161389_78.917851,0,0.008578486740589142,TN
A,MH-001,MH-001_21.161389_78.918121,0,0.019226623699069023,TN
A,MH-001,MH-001_21.161389_78.91839,0,0.04147697985172272,TN
A,MH-001,MH-001_21.161389_78.91866,0,0.27479833364486694,TN
A,MH-001,MH-001_21.179984_78.914887,0,0.035635754466056824,TN
A,MH-001,MH-001_21.179984_78.915156,0,0.029643286019563675,TN
A,MH-001,MH-001_21.179984_78.915426,0,0.018555037677288055,TN
A,MH-001,MH-001_21.179984_78.916234,0,0.029414920136332512,TN
A,MH-001,MH-001_21.179984_78.918121,1,0.1187095195055008,FN
A,MH-001,MH-001_21.179984_78.91839,0,0.12603318691253662,TN
A,MH-001,MH-001_21.179984_78.918929,0,0.3232010006904602,TN
A,MH-001,MH-001_21.179984_78.919199,0,0.5331413745880127,FP
A,MH-001,MH-001_21.179984_78.919738,0,0.758613646030426,FP
A,MH-001,MH-001_21.179984_78.920007,0,0.6724677085876465,FP
A,MH-001,MH-001_21.179984_78.920277,0,0.5674746036529541,FP
A,MH-001,MH-001_21.179984_78.920546,1,0.4455217719078064,FN
A,MH-001,MH-001_21.179984_78.920816,1,0.41181543469429016,FN
A,MH-001,MH-001_21.179984_78.921085,1,0.42426538467407227,FN
A,MH-001,MH-001_21.179984_78.921355,1,0.4972352981567383,FN
A,MH-001,MH-001_21.179984_78.921624,0,0.5788013339042664,FP
A,MH-001,MH-001_21.179984_78.921894,0,0.4263141453266144,TN
A,MH-001,MH-001_21.179984_78.92378,1,0.45770442485809326,FN
A,MH-001,MH-001_21.179984_78.924319,0,0.5863714814186096,FP
A,MH-001,MH-001_21.179984_78.924588,0,0.4924527704715729,TN
A,MH-001,MH-001_21.179714_78.914887,0,0.038789052516222,TN
A,MH-001,MH-001_21.179714_78.915156,0,0.034029923379421234,TN
A,MH-001,MH-001_21.179714_78.915695,0,0.022853383794426918,TN
A,MH-001,MH-001_21.179714_78.917851,1,0.18655990064144135,FN
A,MH-001,MH-001_21.179714_78.918121,0,0.16576935350894928,TN
A,MH-001,MH-001_21.179714_78.91839,1,0.21865196526050568,FN
A,MH-001,MH-001_21.179714_78.919468,1,0.7528683543205261,TP
A,MH-001,MH-001_21.179714_78.920007,0,0.6944132447242737,FP
A,MH-001,MH-001_21.179714_78.920277,0,0.6546672582626343,FP
A,MH-001,MH-001_21.179714_78.920546,1,0.515946626663208,TP
A,MH-001,MH-001_21.179714_78.920816,1,0.4757232964038849,FN
A,MH-001,MH-001_21.179714_78.921085,1,0.4943505525588989,FN
A,MH-001,MH-001_21.179714_78.921355,0,0.6738770604133606,FP
A,MH-001,MH-001_21.179714_78.921624,1,0.6362684369087219,TP
A,MH-001,MH-001_21.179714_78.921894,1,0.6201591491699219,TP
A,MH-001,MH-001_21.179714_78.92351,0,0.3721230924129486,TN
A,MH-001,MH-001_21.179714_78.924049,0,0.5231512188911438,FP
A,MH-001,MH-001_21.179714_78.924319,0,0.6683315634727478,FP
A,MH-001,MH-001_21.179714_78.924588,1,0.5865642428398132,TP
A,MH-001,MH-001_21.179445_78.914887,0,0.06808043271303177,TN
A,MH-001,MH-001_21.179445_78.915156,0,0.04946769401431084,TN
A,MH-001,MH-001_21.179445_78.915426,0,0.03407911956310272,TN
A,MH-001,MH-001_21.179445_78.915695,0,0.03470171242952347,TN
A,MH-001,MH-001_21.179445_78.915965,0,0.03549799695611,TN
A,MH-001,MH-001_21.179445_78.91839,1,0.1820611208677292,FN
A,MH-001,MH-001_21.179445_78.920007,1,0.7142669558525085,TP
A,MH-001,MH-001_21.179445_78.920277,0,0.6225898265838623,FP
A,MH-001,MH-001_21.179445_78.920546,1,0.49247029423713684,FN
A,MH-001,MH-001_21.179445_78.920816,1,0.40273317694664,FN
A,MH-001,MH-001_21.179445_78.921085,1,0.3871054947376251,FN
A,MH-001,MH-001_21.179445_78.921355,1,0.4540081024169922,FN
A,MH-001,MH-001_21.179445_78.921624,1,0.49015095829963684,FN
A,MH-001,MH-001_21.179445_78.921894,1,0.6042262315750122,TP
A,MH-001,MH-001_21.179445_78.922163,1,0.589146614074707,TP
A,MH-001,MH-001_21.179445_78.924049,0,0.3254433870315552,TN
A,MH-001,MH-001_21.179445_78.925127,1,0.6337830424308777,TP
A,MH-001,MH-001_21.179445_78.925397,0,0.4209055006504059,TN
A,MH-001,MH-001_21.179445_78.925666,0,0.48744478821754456,TN
A,MH-001,MH-001_21.179445_78.925936,0,0.6353318691253662,FP
A,MH-001,MH-001_21.179175_78.914887,0,0.0657336562871933,TN
A,MH-001,MH-001_21.179175_78.915156,0,0.043599147349596024,TN
A,MH-001,MH-001_21.179175_78.915695,0,0.029510146006941795,TN
A,MH-001,MH-001_21.179175_78.915965,0,0.027200542390346527,TN
A,MH-001,MH-001_21.179175_78.916504,0,0.03417554125189781,TN
A,MH-001,MH-001_21.179175_78.916773,0,0.04208412766456604,TN
A,MH-001,MH-001_21.179175_78.917043,0,0.08155018091201782,TN
A,MH-001,MH-001_21.179175_78.917312,0,0.08130321651697159,TN
A,MH-001,MH-001_21.179175_78.91866,0,0.0796360969543457,TN
A,MH-001,MH-001_21.179175_78.918929,0,0.11713715642690659,TN
A,MH-001,MH-001_21.179175_78.920277,0,0.5449922680854797,FP
A,MH-001,MH-001_21.179175_78.920546,1,0.39404162764549255,FN
A,MH-001,MH-001_21.179175_78.920816,1,0.37048840522766113,FN
A,MH-001,MH-001_21.179175_78.921085,1,0.3443039655685425,FN
A,MH-001,MH-001_21.179175_78.921355,1,0.44964951276779175,FN
A,MH-001,MH-001_21.179175_78.921624,1,0.4412738084793091,FN
A,MH-001,MH-001_21.179175_78.921894,1,0.5404081344604492,TP
A,MH-001,MH-001_21.179175_78.922163,0,0.45506009459495544,TN
A,MH-001,MH-001_21.179175_78.922433,1,0.5601765513420105,TP
A,MH-001,MH-001_21.179175_78.922702,0,0.32235631346702576,TN
A,MH-001,MH-001_21.179175_78.923241,1,0.17634427547454834,FN
A,MH-001,MH-001_21.179175_78.92351,1,0.2049063891172409,FN
A,MH-001,MH-001_21.179175_78.924319,0,0.44656920433044434,TN
A,MH-001,MH-001_21.179175_78.925127,1,0.4919234812259674,FN
A,MH-001,MH-001_21.179175_78.925397,1,0.35772374272346497,FN
A,MH-001,MH-001_21.179175_78.925666,1,0.45470288395881653,FN
A,MH-001,MH-001_21.179175_78.925936,0,0.5963347554206848,FP
A,MH-001,MH-001_21.178906_78.914617,0,0.09453242272138596,TN
A,MH-001,MH-001_21.178906_78.914887,0,0.09389999508857727,TN
A,MH-001,MH-001_21.178906_78.915156,0,0.09370140731334686,TN
A,MH-001,MH-001_21.178906_78.915426,0,0.05823089927434921,TN
A,MH-001,MH-001_21.178906_78.917043,0,0.04812498390674591,TN
A,MH-001,MH-001_21.178906_78.917312,0,0.05134708806872368,TN
A,MH-001,MH-001_21.178906_78.917582,0,0.05258101597428322,TN
A,MH-001,MH-001_21.178906_78.91866,0,0.049484893679618835,TN
A,MH-001,MH-001_21.178906_78.920546,1,0.3513137400150299,FN
A,MH-001,MH-001_21.178906_78.920816,1,0.3480699956417084,FN
A,MH-001,MH-001_21.178906_78.921085,1,0.2641430199146271,FN
A,MH-001,MH-001_21.178906_78.921355,1,0.35934415459632874,FN
A,MH-001,MH-001_21.178906_78.921624,1,0.34450191259384155,FN
A,MH-001,MH-001_21.178906_78.921894,1,0.4905747175216675,FN
A,MH-001,MH-001_21.178906_78.922163,1,0.5437304377555847,TP
A,MH-001,MH-001_21.178906_78.922433,1,0.6763679385185242,TP
A,MH-001,MH-001_21.178906_78.922702,1,0.4266817569732666,FN
A,MH-001,MH-001_21.178906_78.923241,1,0.19555982947349548,FN
A,MH-001,MH-001_21.178906_78.92351,1,0.18407820165157318,FN
A,MH-001,MH-001_21.178906_78.924049,1,0.2045522928237915,FN
A,MH-001,MH-001_21.178906_78.924319,0,0.4495745599269867,TN
A,MH-001,MH-001_21.178906_78.924858,1,0.437334805727005,FN
A,MH-001,MH-001_21.178906_78.925397,1,0.39192619919776917,FN
A,MH-001,MH-001_21.178906_78.925666,1,0.5176540613174438,TP
A,MH-001,MH-001_21.178906_78.925936,0,0.5965420007705688,FP
A,MH-001,MH-001_21.178906_78.926205,1,0.6986789703369141,TP
A,MH-001,MH-001_21.178906_78.926475,1,0.6014012694358826,TP
A,MH-001,MH-001_21.178636_78.914617,0,0.08456289768218994,TN
A,MH-001,MH-001_21.178636_78.914887,0,0.07981443405151367,TN
A,MH-001,MH-001_21.178636_78.915156,0,0.07244093716144562,TN
A,MH-001,MH-001_21.178636_78.916504,0,0.035023462027311325,TN
A,MH-001,MH-001_21.178636_78.916773,0,0.03296615928411484,TN
A,MH-001,MH-001_21.178636_78.917043,0,0.04567953944206238,TN
A,MH-001,MH-001_21.178636_78.917312,0,0.04284137114882469,TN
A,MH-001,MH-001_21.178636_78.917582,0,0.046421412378549576,TN
A,MH-001,MH-001_21.178636_78.917851,0,0.039996154606342316,TN
A,MH-001,MH-001_21.178636_78.918121,0,0.04195382446050644,TN
A,MH-001,MH-001_21.178636_78.921355,1,0.2313365936279297,FN
A,MH-001,MH-001_21.178636_78.921624,0,0.2870798707008362,TN
A,MH-001,MH-001_21.178636_78.921894,1,0.454881489276886,FN
A,MH-001,MH-001_21.178636_78.922163,1,0.5651247501373291,TP
A,MH-001,MH-001_21.178636_78.922433,1,0.7290382385253906,TP
A,MH-001,MH-001_21.178636_78.922702,0,0.6711490750312805,FP
A,MH-001,MH-001_21.178636_78.923241,1,0.4558699131011963,FN
A,MH-001,MH-001_21.178636_78.92351,1,0.36845824122428894,FN
A,MH-001,MH-001_21.178636_78.924049,1,0.23482105135917664,FN
A,MH-001,MH-001_21.178636_78.924319,0,0.2674776315689087,TN
A,MH-001,MH-001_21.178636_78.924588,0,0.3571891784667969,TN
A,MH-001,MH-001_21.178636_78.924858,1,0.3233248293399811,FN
A,MH-001,MH-001_21.178636_78.925127,1,0.34211206436157227,FN
A,MH-001,MH-001_21.178636_78.925666,1,0.2961016893386841,FN
A,MH-001,MH-001_21.178367_78.914887,0,0.09823795408010483,TN
A,MH-001,MH-001_21.178367_78.915156,0,0.09316568076610565,TN
A,MH-001,MH-001_21.178367_78.915695,0,0.0458635613322258,TN
A,MH-001,MH-001_21.178367_78.916773,0,0.03767973929643631,TN
A,MH-001,MH-001_21.178367_78.917043,0,0.05901582911610603,TN
A,MH-001,MH-001_21.178367_78.917312,0,0.05307132378220558,TN
A,MH-001,MH-001_21.178367_78.917582,0,0.050358157604932785,TN
A,MH-001,MH-001_21.178367_78.917851,0,0.05012192949652672,TN
A,MH-001,MH-001_21.178367_78.920277,0,0.14762282371520996,TN
A,MH-001,MH-001_21.178367_78.921355,1,0.15567222237586975,FN
A,MH-001,MH-001_21.178367_78.921624,1,0.20343832671642303,FN
A,MH-001,MH-001_21.178367_78.921894,1,0.4833325743675232,FN
A,MH-001,MH-001_21.178367_78.922163,1,0.6634973287582397,TP
A,MH-001,MH-001_21.178367_78.922433,0,0.7983754277229309,FP
A,MH-001,MH-001_21.178367_78.922702,0,0.7680302262306213,FP
A,MH-001,MH-001_21.178367_78.92351,0,0.49669358134269714,TN
A,MH-001,MH-001_21.178367_78.92378,0,0.4222677946090698,TN
A,MH-001,MH-001_21.178367_78.924049,0,0.4278278052806854,TN
A,MH-001,MH-001_21.178367_78.924319,0,0.4110543429851532,TN
A,MH-001,MH-001_21.178367_78.924858,0,0.3331865072250366,TN
A,MH-001,MH-001_21.178367_78.926475,1,0.34276169538497925,FN
A,MH-001,MH-001_21.178097_78.914617,0,0.1031794548034668,TN
A,MH-001,MH-001_21.178097_78.914887,0,0.06947352737188339,TN
A,MH-001,MH-001_21.178097_78.915426,0,0.030511051416397095,TN
A,MH-001,MH-001_21.178097_78.915695,0,0.03459471836686134,TN
A,MH-001,MH-001_21.178097_78.916773,0,0.052128084003925323,TN
A,MH-001,MH-001_21.178097_78.917312,0,0.08143988996744156,TN
A,MH-001,MH-001_21.178097_78.917582,0,0.07621648162603378,TN
A,MH-001,MH-001_21.178097_78.917851,0,0.06844032555818558,TN
A,MH-001,MH-001_21.178097_78.918121,0,0.054722849279642105,TN
A,MH-001,MH-001_21.178097_78.91839,0,0.06458859145641327,TN
A,MH-001,MH-001_21.178097_78.920277,0,0.07673300802707672,TN
A,MH-001,MH-001_21.178097_78.920546,0,0.11018487066030502,TN
A,MH-001,MH-001_21.178097_78.920816,0,0.11076021939516068,TN
A,MH-001,MH-001_21.178097_78.921355,0,0.14361907541751862,TN
A,MH-001,MH-001_21.178097_78.921624,0,0.22044654190540314,TN
A,MH-001,MH-001_21.178097_78.921894,1,0.44490131735801697,FN
A,MH-001,MH-001_21.178097_78.922163,0,0.6500808596611023,FP
A,MH-001,MH-001_21.178097_78.922433,0,0.8157632946968079,FP
A,MH-001,MH-001_21.178097_78.922702,0,0.8356354236602783,FP
A,MH-001,MH-001_21.178097_78.922972,0,0.784184455871582,FP
A,MH-001,MH-001_21.178097_78.92378,0,0.6023638844490051,FP
A,MH-001,MH-001_21.178097_78.924049,0,0.43141883611679077,TN
A,MH-001,MH-001_21.178097_78.926475,0,0.1709054708480835,TN
A,MH-001,MH-001_21.177828_78.914617,0,0.11821718513965607,TN
A,MH-001,MH-001_21.177828_78.914887,0,0.05940639600157738,TN
A,MH-001,MH-001_21.177828_78.915156,0,0.055913813412189484,TN
A,MH-001,MH-001_21.177828_78.915426,0,0.02600369229912758,TN
A,MH-001,MH-001_21.177828_78.915695,0,0.03131948783993721,TN
A,MH-001,MH-001_21.177828_78.917851,0,0.06925908476114273,TN
A,MH-001,MH-001_21.177828_78.918121,0,0.06093462184071541,TN
A,MH-001,MH-001_21.177828_78.920277,0,0.06763342022895813,TN
A,MH-001,MH-001_21.177828_78.920546,0,0.08575943857431412,TN
A,MH-001,MH-001_21.177828_78.921355,0,0.07787168025970459,TN
A,MH-001,MH-001_21.177828_78.921624,0,0.14721792936325073,TN
A,MH-001,MH-001_21.177828_78.921894,0,0.3885325491428375,TN
A,MH-001,MH-001_21.177828_78.922163,1,0.6105091571807861,TP
A,MH-001,MH-001_21.177828_78.922433,1,0.7250917553901672,TP
A,MH-001,MH-001_21.177828_78.922702,1,0.7753773927688599,TP
A,MH-001,MH-001_21.177828_78.922972,1,0.7272342443466187,TP
A,MH-001,MH-001_21.177828_78.92378,1,0.3585453927516937,FN
A,MH-001,MH-001_21.177828_78.924049,0,0.25938504934310913,TN
A,MH-001,MH-001_21.177828_78.924588,0,0.22212712466716766,TN
A,MH-001,MH-001_21.177828_78.924858,0,0.2976057827472687,TN
A,MH-001,MH-001_21.177828_78.925127,1,0.2016247659921646,FN
A,MH-001,MH-001_21.177828_78.926475,1,0.17188867926597595,FN
A,MH-001,MH-001_21.177558_78.914617,0,0.13282763957977295,TN
A,MH-001,MH-001_21.177558_78.915156,0,0.06785940378904343,TN
A,MH-001,MH-001_21.177558_78.915426,0,0.029996279627084732,TN
A,MH-001,MH-001_21.177558_78.915695,0,0.04718602076172829,TN
A,MH-001,MH-001_21.177558_78.915965,0,0.03596549481153488,TN
A,MH-001,MH-001_21.177558_78.918121,0,0.0975073054432869,TN
A,MH-001,MH-001_21.177558_78.91839,0,0.12621892988681793,TN
A,MH-001,MH-001_21.177558_78.918929,0,0.1150657907128334,TN
A,MH-001,MH-001_21.177558_78.919199,0,0.13127796351909637,TN
A,MH-001,MH-001_21.177558_78.919468,0,0.10111406445503235,TN
A,MH-001,MH-001_21.177558_78.919738,0,0.11522772908210754,TN
A,MH-001,MH-001_21.177558_78.920546,0,0.06818624585866928,TN
A,MH-001,MH-001_21.177558_78.921355,0,0.03227972984313965,TN
A,MH-001,MH-001_21.177558_78.921624,0,0.06176431477069855,TN
A,MH-001,MH-001_21.177558_78.921894,0,0.15469495952129364,TN
A,MH-001,MH-001_21.177558_78.922163,1,0.33731532096862793,FN
A,MH-001,MH-001_21.177558_78.922433,1,0.5816331505775452,TP
A,MH-001,MH-001_21.177558_78.922702,1,0.5751818418502808,TP
A,MH-001,MH-001_21.177558_78.922972,1,0.6034206748008728,TP
A,MH-001,MH-001_21.177558_78.923241,1,0.5643438100814819,TP
A,MH-001,MH-001_21.177558_78.92351,0,0.4754479229450226,TN
A,MH-001,MH-001_21.177558_78.924319,1,0.12088622897863388,FN
A,MH-001,MH-001_21.177558_78.924588,0,0.17832894623279572,TN
A,MH-001,MH-001_21.177558_78.924858,1,0.24212633073329926,FN
A,MH-001,MH-001_21.177558_78.925127,1,0.27325624227523804,FN
A,MH-001,MH-001_21.177558_78.925397,0,0.1766466647386551,TN
A,MH-001,MH-001_21.177558_78.925666,0,0.1515653133392334,TN
A,MH-001,MH-001_21.177289_78.914887,0,0.07095269858837128,TN
A,MH-001,MH-001_21.177289_78.915156,0,0.06639765948057175,TN
A,MH-001,MH-001_21.177289_78.915426,0,0.027343522757291794,TN
A,MH-001,MH-001_21.177289_78.916773,0,0.053984563797712326,TN
A,MH-001,MH-001_21.177289_78.917851,0,0.12531642615795135,TN
A,MH-001,MH-001_21.177289_78.918121,0,0.0838373601436615,TN
A,MH-001,MH-001_21.177289_78.91839,1,0.12462795525789261,FN
A,MH-001,MH-001_21.177289_78.919199,0,0.14169692993164062,TN
A,MH-001,MH-001_21.177289_78.919468,0,0.11399022489786148,TN
A,MH-001,MH-001_21.177289_78.919738,0,0.09515504539012909,TN
A,MH-001,MH-001_21.177289_78.920007,0,0.08029069751501083,TN
A,MH-001,MH-001_21.177289_78.921355,0,0.031178422272205353,TN
A,MH-001,MH-001_21.177289_78.921624,0,0.049189865589141846,TN
A,MH-001,MH-001_21.177289_78.921894,0,0.16459402441978455,TN
A,MH-001,MH-001_21.177289_78.922163,0,0.2858552932739258,TN
A,MH-001,MH-001_21.177289_78.922433,0,0.3860897123813629,TN
A,MH-001,MH-001_21.177289_78.922702,0,0.5323493480682373,FP
A,MH-001,MH-001_21.177289_78.922972,1,0.4651205837726593,FN
A,MH-001,MH-001_21.177289_78.923241,0,0.4658084809780121,TN
A,MH-001,MH-001_21.177289_78.92351,0,0.3763316571712494,TN
A,MH-001,MH-001_21.177289_78.92378,0,0.19149889051914215,TN
A,MH-001,MH-001_21.177289_78.924049,0,0.1371774524450302,TN
A,MH-001,MH-001_21.177289_78.924319,0,0.11071451008319855,TN
A,MH-001,MH-001_21.177289_78.924588,0,0.19032317399978638,TN
A,MH-001,MH-001_21.177289_78.924858,1,0.24984589219093323,FN
A,MH-001,MH-001_21.177289_78.925397,0,0.158049538731575,TN
A,MH-001,MH-001_21.177019_78.914617,0,0.1221001148223877,TN
A,MH-001,MH-001_21.177019_78.914887,0,0.08481613546609879,TN
A,MH-001,MH-001_21.177019_78.915156,0,0.06872747838497162,TN
A,MH-001,MH-001_21.177019_78.915426,0,0.03295031562447548,TN
A,MH-001,MH-001_21.177019_78.915695,1,0.02590574137866497,FN
A,MH-001,MH-001_21.177019_78.917851,0,0.1177806556224823,TN
A,MH-001,MH-001_21.177019_78.918121,0,0.11753955483436584,TN
A,MH-001,MH-001_21.177019_78.919199,0,0.22468817234039307,TN
A,MH-001,MH-001_21.177019_78.919468,0,0.19227619469165802,TN
A,MH-001,MH-001_21.177019_78.919738,0,0.1992565393447876,TN
A,MH-001,MH-001_21.177019_78.920007,0,0.1799059808254242,TN
A,MH-001,MH-001_21.177019_78.921355,0,0.042527589946985245,TN
A,MH-001,MH-001_21.177019_78.921624,0,0.057284340262413025,TN
A,MH-001,MH-001_21.177019_78.921894,0,0.1394064873456955,TN
A,MH-001,MH-001_21.177019_78.922163,0,0.23990100622177124,TN
A,MH-001,MH-001_21.177019_78.922433,0,0.3756197988986969,TN
A,MH-001,MH-001_21.177019_78.922702,0,0.4664696753025055,TN
A,MH-001,MH-001_21.177019_78.922972,0,0.4742678999900818,TN
A,MH-001,MH-001_21.177019_78.923241,0,0.460382342338562,TN
A,MH-001,MH-001_21.177019_78.92351,1,0.3906668722629547,FN
A,MH-001,MH-001_21.177019_78.92378,1,0.16720598936080933,FN
A,MH-001,MH-001_21.177019_78.924049,0,0.11987460404634476,TN
A,MH-001,MH-001_21.177019_78.924319,0,0.0659281313419342,TN
A,MH-001,MH-001_21.177019_78.924588,0,0.12284195423126221,TN
A,MH-001,MH-001_21.177019_78.925127,1,0.11277388781309128,FN
A,MH-001,MH-001_21.177019_78.925397,0,0.1003032997250557,TN
A,MH-001,MH-001_21.17675_78.914887,0,0.08288876712322235,TN
A,MH-001,MH-001_21.17675_78.915156,0,0.06606139987707138,TN
A,MH-001,MH-001_21.17675_78.915426,0,0.02749515511095524,TN
A,MH-001,MH-001_21.17675_78.915695,0,0.02519724704325199,TN
A,MH-001,MH-001_21.17675_78.915965,0,0.021202875301241875,TN
A,MH-001,MH-001_21.17675_78.916234,0,0.023420052602887154,TN
A,MH-001,MH-001_21.17675_78.916504,0,0.01710727997124195,TN
A,MH-001,MH-001_21.17675_78.917043,0,0.03216390311717987,TN
A,MH-001,MH-001_21.17675_78.917582,0,0.04628615453839302,TN
A,MH-001,MH-001_21.17675_78.917851,0,0.09391593933105469,TN
A,MH-001,MH-001_21.17675_78.918121,0,0.0892333835363388,TN
A,MH-001,MH-001_21.17675_78.91839,0,0.11313924938440323,TN
A,MH-001,MH-001_21.17675_78.919738,0,0.2416723072528839,TN
A,MH-001,MH-001_21.17675_78.920007,0,0.2309700846672058,TN
A,MH-001,MH-001_21.17675_78.921894,0,0.2692783772945404,TN
A,MH-001,MH-001_21.17675_78.922702,0,0.6648289561271667,FP
A,MH-001,MH-001_21.17675_78.922972,1,0.5785251259803772,TP
A,MH-001,MH-001_21.17675_78.924319,0,0.11155840009450912,TN
A,MH-001,MH-001_21.17675_78.924858,0,0.2086414247751236,TN
A,MH-001,MH-001_21.17675_78.925127,0,0.21126610040664673,TN
A,MH-001,MH-001_21.17675_78.925397,0,0.15035147964954376,TN
A,MH-001,MH-001_21.17675_78.926205,0,0.15888354182243347,TN
A,MH-001,MH-001_21.17648_78.914887,0,0.1377328336238861,TN
A,MH-001,MH-001_21.17648_78.915156,0,0.07852726429700851,TN
A,MH-001,MH-001_21.17648_78.915426,0,0.054117124527692795,TN
A,MH-001,MH-001_21.17648_78.915695,0,0.044965293258428574,TN
A,MH-001,MH-001_21.17648_78.915965,0,0.04001932218670845,TN
A,MH-001,MH-001_21.17648_78.916234,0,0.02728240005671978,TN
A,MH-001,MH-001_21.17648_78.916504,0,0.023296605795621872,TN
A,MH-001,MH-001_21.17648_78.917043,0,0.03196049481630325,TN
A,MH-001,MH-001_21.17648_78.917582,0,0.05915137752890587,TN
A,MH-001,MH-001_21.17648_78.917851,0,0.0836113765835762,TN
A,MH-001,MH-001_21.17648_78.918121,0,0.0973261147737503,TN
A,MH-001,MH-001_21.17648_78.919468,0,0.21108892560005188,TN
A,MH-001,MH-001_21.17648_78.923241,1,0.6979355812072754,TP
A,MH-001,MH-001_21.17648_78.92378,1,0.2927126884460449,FN
A,MH-001,MH-001_21.17648_78.924049,0,0.24728238582611084,TN
A,MH-001,MH-001_21.17648_78.924319,0,0.1343587040901184,TN
A,MH-001,MH-001_21.17648_78.924588,0,0.1558682769536972,TN
A,MH-001,MH-001_21.17648_78.926205,0,0.1316831111907959,TN
A,MH-001,MH-001_21.176211_78.915156,0,0.12411514669656754,TN
A,MH-001,MH-001_21.176211_78.915426,0,0.06937772780656815,TN
A,MH-001,MH-001_21.176211_78.915695,0,0.056074801832437515,TN
A,MH-001,MH-001_21.176211_78.915965,0,0.04534964635968208,TN
A,MH-001,MH-001_21.176211_78.916234,0,0.02734319306910038,TN
A,MH-001,MH-001_21.176211_78.916504,0,0.017953181639313698,TN
A,MH-001,MH-001_21.176211_78.917312,0,0.029870709404349327,TN
A,MH-001,MH-001_21.176211_78.917851,0,0.06425973027944565,TN
A,MH-001,MH-001_21.176211_78.918121,0,0.07106589525938034,TN
A,MH-001,MH-001_21.176211_78.921085,0,0.21827952563762665,TN
A,MH-001,MH-001_21.176211_78.921355,0,0.2997983396053314,TN
A,MH-001,MH-001_21.176211_78.922433,0,0.8120333552360535,FP
A,MH-001,MH-001_21.176211_78.922972,1,0.672841489315033,TP
A,MH-001,MH-001_21.176211_78.92351,1,0.4688202440738678,FN
A,MH-001,MH-001_21.176211_78.92378,1,0.25415143370628357,FN
A,MH-001,MH-001_21.176211_78.924049,1,0.15839435160160065,FN
A,MH-001,MH-001_21.176211_78.924319,0,0.11131439357995987,TN
A,MH-001,MH-001_21.176211_78.924588,0,0.09235058724880219,TN
A,MH-001,MH-001_21.176211_78.924858,0,0.1273515522480011,TN
A,MH-001,MH-001_21.176211_78.925397,0,0.13028155267238617,TN
A,MH-001,MH-001_21.176211_78.925936,0,0.18455347418785095,TN
A,MH-001,MH-001_21.175941_78.915426,0,0.1561826765537262,TN
A,MH-001,MH-001_21.175941_78.915695,0,0.12892277538776398,TN
A,MH-001,MH-001_21.175941_78.915965,0,0.09869426488876343,TN
A,MH-001,MH-001_21.175941_78.916234,0,0.050552137196063995,TN
A,MH-001,MH-001_21.175941_78.916504,0,0.03478650748729706,TN
A,MH-001,MH-001_21.175941_78.917312,0,0.026579266414046288,TN
A,MH-001,MH-001_21.175941_78.918121,0,0.04951911047101021,TN
A,MH-001,MH-001_21.175941_78.91839,0,0.04788656905293465,TN
A,MH-001,MH-001_21.175941_78.91866,0,0.04708622023463249,TN
A,MH-001,MH-001_21.175941_78.919468,0,0.08117958158254623,TN
A,MH-001,MH-001_21.175941_78.919738,0,0.1170133724808693,TN
A,MH-001,MH-001_21.175941_78.923241,1,0.6424515247344971,TP
A,MH-001,MH-001_21.175941_78.92351,1,0.4097824692726135,FN
A,MH-001,MH-001_21.175941_78.92378,1,0.17390076816082,FN
A,MH-001,MH-001_21.175941_78.924049,0,0.10513582080602646,TN
A,MH-001,MH-001_21.175941_78.924319,0,0.073214091360569,TN
A,MH-001,MH-001_21.175941_78.924588,0,0.07369672507047653,TN
A,MH-001,MH-001_21.175941_78.924858,0,0.11431155353784561,TN
A,MH-001,MH-001_21.175941_78.925397,0,0.15609842538833618,TN
A,MH-001,MH-001_21.175941_78.925936,0,0.11765354126691818,TN
A,MH-001,MH-001_21.175941_78.926205,0,0.11143254488706589,TN
A,MH-001,MH-001_21.175672_78.916234,1,0.062449220567941666,FN
A,MH-001,MH-001_21.175672_78.916504,1,0.04429144412279129,FN
A,MH-001,MH-001_21.175672_78.916773,1,0.029826611280441284,FN
A,MH-001,MH-001_21.175672_78.917312,1,0.022981684654951096,FN
A,MH-001,MH-001_21.175672_78.918121,0,0.02888299524784088,TN
A,MH-001,MH-001_21.175672_78.91839,0,0.036989085376262665,TN
A,MH-001,MH-001_21.175672_78.91866,0,0.03421083837747574,TN
A,MH-001,MH-001_21.175672_78.919199,0,0.05200288072228432,TN
A,MH-001,MH-001_21.175672_78.919468,0,0.05443521589040756,TN
A,MH-001,MH-001_21.175672_78.919738,0,0.055250540375709534,TN
A,MH-001,MH-001_21.175672_78.920007,1,0.05111338198184967,FN
A,MH-001,MH-001_21.175672_78.920277,0,0.04931601136922836,TN
A,MH-001,MH-001_21.175672_78.920816,0,0.047809191048145294,TN
A,MH-001,MH-001_21.175672_78.921085,0,0.061754945665597916,TN
A,MH-001,MH-001_21.175672_78.921355,0,0.21374206244945526,TN
A,MH-001,MH-001_21.175672_78.923241,1,0.4859626293182373,FN
A,MH-001,MH-001_21.175672_78.92351,1,0.22934094071388245,FN
A,MH-001,MH-001_21.175672_78.92378,1,0.08718476444482803,FN
A,MH-001,MH-001_21.175672_78.924049,0,0.05266140028834343,TN
A,MH-001,MH-001_21.175672_78.924319,0,0.05084647610783577,TN
A,MH-001,MH-001_21.175672_78.924588,0,0.04299287125468254,TN
A,MH-001,MH-001_21.175672_78.924858,0,0.09855390340089798,TN
A,MH-001,MH-001_21.175672_78.925397,0,0.16949203610420227,TN
A,MH-001,MH-001_21.175672_78.925666,0,0.14010891318321228,TN
A,MH-001,MH-001_21.175672_78.926475,0,0.08051862567663193,TN
A,MH-001,MH-001_21.175402_78.915426,0,0.20346662402153015,TN
A,MH-001,MH-001_21.175402_78.915695,0,0.17375051975250244,TN
A,MH-001,MH-001_21.175402_78.916504,1,0.03144761174917221,FN
A,MH-001,MH-001_21.175402_78.916773,1,0.027659699320793152,FN
A,MH-001,MH-001_21.175402_78.917312,1,0.022016333416104317,FN
A,MH-001,MH-001_21.175402_78.918121,0,0.020463082939386368,TN
A,MH-001,MH-001_21.175402_78.91839,0,0.020679984241724014,TN
A,MH-001,MH-001_21.175402_78.91866,0,0.023525752127170563,TN
A,MH-001,MH-001_21.175402_78.918929,0,0.037503328174352646,TN
A,MH-001,MH-001_21.175402_78.919199,0,0.028822435066103935,TN
A,MH-001,MH-001_21.175402_78.919468,0,0.04351869225502014,TN
A,MH-001,MH-001_21.175402_78.919738,0,0.039660174399614334,TN
A,MH-001,MH-001_21.175402_78.920007,0,0.03817906230688095,TN
A,MH-001,MH-001_21.175402_78.920277,0,0.04950382560491562,TN
A,MH-001,MH-001_21.175402_78.920546,0,0.05079590529203415,TN
A,MH-001,MH-001_21.175402_78.921085,0,0.053594622761011124,TN
A,MH-001,MH-001_21.175402_78.921355,0,0.07866553217172623,TN
A,MH-001,MH-001_21.175402_78.921624,0,0.17532218992710114,TN
A,MH-001,MH-001_21.175402_78.922163,0,0.5675734281539917,FP
A,MH-001,MH-001_21.175402_78.92351,1,0.12474363297224045,FN
A,MH-001,MH-001_21.175402_78.92378,0,0.07510942965745926,TN
A,MH-001,MH-001_21.175402_78.924049,0,0.05629252642393112,TN
A,MH-001,MH-001_21.175402_78.925127,0,0.11116262525320053,TN
A,MH-001,MH-001_21.175402_78.925397,0,0.14633449912071228,TN
A,MH-001,MH-001_21.175402_78.925666,0,0.08620685338973999,TN
A,MH-001,MH-001_21.175133_78.916234,1,0.027509931474924088,FN
A,MH-001,MH-001_21.175133_78.916773,1,0.02163774147629738,FN
A,MH-001,MH-001_21.175133_78.917851,0,0.013307986781001091,TN
A,MH-001,MH-001_21.175133_78.918121,0,0.015277152881026268,TN
A,MH-001,MH-001_21.175133_78.91839,0,0.018745077773928642,TN
A,MH-001,MH-001_21.175133_78.919738,0,0.02182779833674431,TN
A,MH-001,MH-001_21.175133_78.920007,0,0.023527061566710472,TN
A,MH-001,MH-001_21.175133_78.920277,0,0.019563909620046616,TN
A,MH-001,MH-001_21.175133_78.921355,0,0.024249061942100525,TN
A,MH-001,MH-001_21.175133_78.923241,0,0.1056094691157341,TN
A,MH-001,MH-001_21.175133_78.92378,0,0.05240331217646599,TN
A,MH-001,MH-001_21.175133_78.924588,0,0.036509741097688675,TN
A,MH-001,MH-001_21.175133_78.924858,0,0.07994940876960754,TN
A,MH-001,MH-001_21.175133_78.925127,0,0.0595158115029335,TN
A,MH-001,MH-001_21.175133_78.925666,0,0.04190026968717575,TN
A,MH-001,MH-001_21.175133_78.925936,0,0.026879891753196716,TN
A,MH-001,MH-001_21.175133_78.926205,0,0.019805725663900375,TN
A,MH-001,MH-001_21.174863_78.916504,1,0.01619839482009411,FN
A,MH-001,MH-001_21.174863_78.916773,0,0.01734164170920849,TN
A,MH-001,MH-001_21.174863_78.917043,1,0.01871953345835209,FN
A,MH-001,MH-001_21.174863_78.917312,1,0.018829526379704475,FN
A,MH-001,MH-001_21.174863_78.917582,0,0.017089329659938812,TN
A,MH-001,MH-001_21.174863_78.917851,0,0.014322246424853802,TN
A,MH-001,MH-001_21.174863_78.918121,0,0.016880739480257034,TN
A,MH-001,MH-001_21.174863_78.921085,0,0.030945831909775734,TN
A,MH-001,MH-001_21.174863_78.921355,0,0.03131904825568199,TN
A,MH-001,MH-001_21.174863_78.921624,0,0.035356778651475906,TN
A,MH-001,MH-001_21.174863_78.921894,0,0.059909891337156296,TN
A,MH-001,MH-001_21.174863_78.92378,0,0.03539205342531204,TN
A,MH-001,MH-001_21.174863_78.924049,0,0.029792824760079384,TN
A,MH-001,MH-001_21.174863_78.925666,0,0.034806184470653534,TN
A,MH-001,MH-001_21.174594_78.916234,0,0.011937959119677544,TN
A,MH-001,MH-001_21.174594_78.916504,1,0.012036665342748165,FN
A,MH-001,MH-001_21.174594_78.917312,0,0.015482032671570778,TN
A,MH-001,MH-001_21.174594_78.917582,0,0.013947524130344391,TN
A,MH-001,MH-001_21.174594_78.917851,0,0.01495785266160965,TN
A,MH-001,MH-001_21.174594_78.91866,0,0.018599819391965866,TN
A,MH-001,MH-001_21.174594_78.920277,0,0.026079347357153893,TN
A,MH-001,MH-001_21.174594_78.920546,0,0.027169829234480858,TN
A,MH-001,MH-001_21.174594_78.920816,1,0.022357696667313576,FN
A,MH-001,MH-001_21.174594_78.921085,0,0.020403865724802017,TN
A,MH-001,MH-001_21.174594_78.921355,0,0.017625587061047554,TN
A,MH-001,MH-001_21.174594_78.921624,0,0.01975923217833042,TN
A,MH-001,MH-001_21.174594_78.921894,0,0.03055054321885109,TN
A,MH-001,MH-001_21.174594_78.922163,0,0.02940497174859047,TN
A,MH-001,MH-001_21.174594_78.922433,0,0.030883630737662315,TN
A,MH-001,MH-001_21.174594_78.923241,0,0.026998156681656837,TN
A,MH-001,MH-001_21.174594_78.92351,0,0.034534987062215805,TN
A,MH-001,MH-001_21.174594_78.925397,0,0.035187073051929474,TN
A,MH-001,MH-001_21.174594_78.925666,0,0.02816571295261383,TN
A,MH-001,MH-001_21.174594_78.925936,0,0.018803371116518974,TN
A,MH-001,MH-001_21.174594_78.926205,0,0.016934819519519806,TN
A,MH-001,MH-001_21.174594_78.926475,0,0.02050023339688778,TN
A,MH-001,MH-001_21.174324_78.917043,0,0.008875381201505661,TN
A,MH-001,MH-001_21.174324_78.917312,0,0.012539594434201717,TN
A,MH-001,MH-001_21.174324_78.917582,0,0.014066814444959164,TN
A,MH-001,MH-001_21.174324_78.917851,0,0.016277819871902466,TN
A,MH-001,MH-001_21.174324_78.918121,0,0.018857093527913094,TN
A,MH-001,MH-001_21.174324_78.91839,0,0.020460667088627815,TN
A,MH-001,MH-001_21.174324_78.918929,0,0.027468951418995857,TN
A,MH-001,MH-001_21.174324_78.919738,0,0.029042895883321762,TN
A,MH-001,MH-001_21.174324_78.920007,0,0.028079532086849213,TN
A,MH-001,MH-001_21.174324_78.920277,0,0.029063040390610695,TN
A,MH-001,MH-001_21.174324_78.920546,1,0.0348711758852005,FN
A,MH-001,MH-001_21.174324_78.920816,1,0.03582252934575081,FN
A,MH-001,MH-001_21.174324_78.921085,1,0.03472589701414108,FN
A,MH-001,MH-001_21.174324_78.921355,1,0.02533426694571972,FN
A,MH-001,MH-001_21.174324_78.921624,1,0.023263389244675636,FN
A,MH-001,MH-001_21.174324_78.921894,0,0.018401624634861946,TN
A,MH-001,MH-001_21.174324_78.922163,0,0.01991231180727482,TN
A,MH-001,MH-001_21.174324_78.922433,0,0.015249652788043022,TN
A,MH-001,MH-001_21.174324_78.922702,0,0.01842770166695118,TN
A,MH-001,MH-001_21.174324_78.922972,0,0.013271595351397991,TN
A,MH-001,MH-001_21.174324_78.924588,0,0.03513829782605171,TN
A,MH-001,MH-001_21.174324_78.924858,0,0.033606674522161484,TN
A,MH-001,MH-001_21.174324_78.925127,0,0.028893163427710533,TN
A,MH-001,MH-001_21.174324_78.925397,0,0.023702796548604965,TN
A,MH-001,MH-001_21.174324_78.925666,0,0.01985868252813816,TN
A,MH-001,MH-001_21.174324_78.925936,0,0.016154820099473,TN
A,MH-001,MH-001_21.174324_78.926205,0,0.018697723746299744,TN
A,MH-001,MH-001_21.174324_78.926475,0,0.02639399841427803,TN
A,MH-001,MH-001_21.174055_78.917312,1,0.011439780704677105,FN
A,MH-001,MH-001_21.174055_78.917851,0,0.013754785992205143,TN
A,MH-001,MH-001_21.174055_78.918121,0,0.019032761454582214,TN
A,MH-001,MH-001_21.174055_78.91839,0,0.021441828459501266,TN
A,MH-001,MH-001_21.174055_78.919738,0,0.01868194155395031,TN
A,MH-001,MH-001_21.174055_78.920007,0,0.01620785892009735,TN
A,MH-001,MH-001_21.174055_78.920277,0,0.01851470209658146,TN
A,MH-001,MH-001_21.174055_78.920546,0,0.024481499567627907,TN
A,MH-001,MH-001_21.174055_78.920816,0,0.029700003564357758,TN
A,MH-001,MH-001_21.174055_78.921085,0,0.025888418778777122,TN
A,MH-001,MH-001_21.174055_78.921355,0,0.019090697169303894,TN
A,MH-001,MH-001_21.174055_78.921624,0,0.017165925353765488,TN
A,MH-001,MH-001_21.174055_78.921894,0,0.015494144521653652,TN
A,MH-001,MH-001_21.174055_78.922163,0,0.01181128341704607,TN
A,MH-001,MH-001_21.174055_78.922433,0,0.009711608290672302,TN
A,MH-001,MH-001_21.174055_78.922702,0,0.010063872672617435,TN
A,MH-001,MH-001_21.174055_78.922972,0,0.010169359855353832,TN
A,MH-001,MH-001_21.174055_78.924049,0,0.016931382939219475,TN
A,MH-001,MH-001_21.174055_78.924319,0,0.020134832710027695,TN
A,MH-001,MH-001_21.174055_78.924588,0,0.021153658628463745,TN
A,MH-001,MH-001_21.174055_78.924858,0,0.025975635275244713,TN
A,MH-001,MH-001_21.174055_78.925127,0,0.02648579515516758,TN
A,MH-001,MH-001_21.174055_78.925397,0,0.02355576865375042,TN
A,MH-001,MH-001_21.174055_78.925666,0,0.023039737716317177,TN
A,MH-001,MH-001_21.174055_78.925936,0,0.02085554413497448,TN
A,MH-001,MH-001_21.174055_78.926205,0,0.02584240399301052,TN
A,MH-001,MH-001_21.174055_78.926475,0,0.04918409883975983,TN
A,MH-001,MH-001_21.173785_78.917582,0,0.013505465351045132,TN
A,MH-001,MH-001_21.173785_78.917851,0,0.016363168135285378,TN
A,MH-001,MH-001_21.173785_78.918121,0,0.01858699880540371,TN
A,MH-001,MH-001_21.173785_78.920546,0,0.028919797390699387,TN
A,MH-001,MH-001_21.173785_78.921085,0,0.0316958874464035,TN
A,MH-001,MH-001_21.173785_78.921355,0,0.02357313595712185,TN
A,MH-001,MH-001_21.173785_78.921624,0,0.018415946513414383,TN
A,MH-001,MH-001_21.173785_78.921894,0,0.014486932195723057,TN
A,MH-001,MH-001_21.173785_78.922163,0,0.011955763213336468,TN
A,MH-001,MH-001_21.173785_78.922433,0,0.009761201217770576,TN
A,MH-001,MH-001_21.173785_78.922702,0,0.010108215734362602,TN
A,MH-001,MH-001_21.173785_78.922972,0,0.009641466662287712,TN
A,MH-001,MH-001_21.173785_78.923241,0,0.012206809595227242,TN
A,MH-001,MH-001_21.173785_78.92351,0,0.014563720673322678,TN
A,MH-001,MH-001_21.173785_78.92378,0,0.01697198674082756,TN
A,MH-001,MH-001_21.173785_78.924049,0,0.020162565633654594,TN
A,MH-001,MH-001_21.173785_78.924319,0,0.022869382053613663,TN
A,MH-001,MH-001_21.173785_78.924588,0,0.019282355904579163,TN
A,MH-001,MH-001_21.173785_78.924858,1,0.01820153370499611,FN
A,MH-001,MH-001_21.173785_78.925127,0,0.0160488560795784,TN
A,MH-001,MH-001_21.173785_78.925397,0,0.016926676034927368,TN
A,MH-001,MH-001_21.173785_78.925666,0,0.017001861706376076,TN
A,MH-001,MH-001_21.173785_78.925936,0,0.02182622440159321,TN
A,MH-001,MH-001_21.173785_78.926205,0,0.02810491994023323,TN
A,MH-001,MH-001_21.173785_78.926475,0,0.059628039598464966,TN
B,MH-002,MH-002_19.623383_80.340513,0,0.02297906018793583,TN
B,MH-002,MH-002_19.623383_80.340783,0,0.025790398940443993,TN
B,MH-002,MH-002_19.623383_80.341052,0,0.023211326450109482,TN
B,MH-002,MH-002_19.623383_80.341322,0,0.031284671276807785,TN
B,MH-002,MH-002_19.623383_80.341591,0,0.03351103141903877,TN
B,MH-002,MH-002_19.623383_80.34186,0,0.036803536117076874,TN
B,MH-002,MH-002_19.623383_80.34213,0,0.03158118575811386,TN
B,MH-002,MH-002_19.623383_80.342399,0,0.033111028373241425,TN
B,MH-002,MH-002_19.623383_80.342669,0,0.033037710934877396,TN
B,MH-002,MH-002_19.623383_80.342938,0,0.03414501994848251,TN
B,MH-002,MH-002_19.623383_80.343208,0,0.05000223219394684,TN
B,MH-002,MH-002_19.623383_80.343477,0,0.05724123492836952,TN
B,MH-002,MH-002_19.623383_80.343747,0,0.07502727210521698,TN
B,MH-002,MH-002_19.623383_80.344016,0,0.07630254328250885,TN
B,MH-002,MH-002_19.623113_80.340513,0,0.019190272316336632,TN
B,MH-002,MH-002_19.623113_80.340783,0,0.01771976612508297,TN
B,MH-002,MH-002_19.623113_80.341052,0,0.021432165056467056,TN
B,MH-002,MH-002_19.623113_80.341322,0,0.02604926936328411,TN
B,MH-002,MH-002_19.623113_80.341591,0,0.03386896848678589,TN
B,MH-002,MH-002_19.623113_80.34186,0,0.03788449987769127,TN
B,MH-002,MH-002_19.623113_80.34213,0,0.034162621945142746,TN
B,MH-002,MH-002_19.623113_80.342399,0,0.031663328409194946,TN
B,MH-002,MH-002_19.623113_80.342669,0,0.03166503086686134,TN
B,MH-002,MH-002_19.623113_80.342938,0,0.03326244652271271,TN
B,MH-002,MH-002_19.623113_80.343208,0,0.03742276132106781,TN
B,MH-002,MH-002_19.623113_80.343477,0,0.044872552156448364,TN
B,MH-002,MH-002_19.623113_80.343747,0,0.05578182265162468,TN
B,MH-002,MH-002_19.623113_80.344016,0,0.06827104836702347,TN
B,MH-002,MH-002_19.623113_80.344286,0,0.06949925422668457,TN
B,MH-002,MH-002_19.622844_80.340513,0,0.013566659763455391,TN
B,MH-002,MH-002_19.622844_80.340783,0,0.01337937917560339,TN
B,MH-002,MH-002_19.622844_80.341052,0,0.017628708854317665,TN
B,MH-002,MH-002_19.622844_80.341322,0,0.02235318161547184,TN
B,MH-002,MH-002_19.622844_80.341591,0,0.03611882030963898,TN
B,MH-002,MH-002_19.622844_80.34186,0,0.038383226841688156,TN
B,MH-002,MH-002_19.622844_80.34213,0,0.03523200377821922,TN
B,MH-002,MH-002_19.622844_80.342399,1,0.031425196677446365,FN
B,MH-002,MH-002_19.622844_80.342669,0,0.030656319111585617,TN
B,MH-002,MH-002_19.622844_80.342938,0,0.030946854501962662,TN
B,MH-002,MH-002_19.622844_80.343208,0,0.03447758033871651,TN
B,MH-002,MH-002_19.622844_80.343477,0,0.041583381593227386,TN
B,MH-002,MH-002_19.622844_80.343747,0,0.05265165865421295,TN
B,MH-002,MH-002_19.622844_80.344016,0,0.06551976501941681,TN
B,MH-002,MH-002_19.622844_80.344286,0,0.08703304082155228,TN
B,MH-002,MH-002_19.622574_80.340513,0,0.01063042227178812,TN
B,MH-002,MH-002_19.622574_80.340783,0,0.010745164006948471,TN
B,MH-002,MH-002_19.622574_80.341052,0,0.013368513435125351,TN
B,MH-002,MH-002_19.622574_80.341322,0,0.01694667525589466,TN
B,MH-002,MH-002_19.622574_80.341591,0,0.029461950063705444,TN
B,MH-002,MH-002_19.622574_80.34186,0,0.036278486251831055,TN
B,MH-002,MH-002_19.622574_80.34213,0,0.03387617692351341,TN
B,MH-002,MH-002_19.622574_80.342399,0,0.02817225642502308,TN
B,MH-002,MH-002_19.622574_80.342669,0,0.027699869126081467,TN
B,MH-002,MH-002_19.622574_80.342938,1,0.026368295773863792,FN
B,MH-002,MH-002_19.622574_80.343208,0,0.03060305491089821,TN
B,MH-002,MH-002_19.622574_80.343477,0,0.036247704178094864,TN
B,MH-002,MH-002_19.622574_80.343747,0,0.04792605713009834,TN
B,MH-002,MH-002_19.622574_80.344016,0,0.06297232210636139,TN
B,MH-002,MH-002_19.622574_80.344286,0,0.09070935100317001,TN
B,MH-002,MH-002_19.622574_80.344555,0,0.1009918823838234,TN
B,MH-002,MH-002_19.622305_80.340513,1,0.008004841394722462,FN
B,MH-002,MH-002_19.622305_80.340783,0,0.008448678068816662,TN
B,MH-002,MH-002_19.622305_80.341052,0,0.012332260608673096,TN
B,MH-002,MH-002_19.622305_80.341322,0,0.01793612353503704,TN
B,MH-002,MH-002_19.622305_80.341591,0,0.03579286113381386,TN
B,MH-002,MH-002_19.622305_80.34186,0,0.04002860188484192,TN
B,MH-002,MH-002_19.622305_80.34213,0,0.038535043597221375,TN
B,MH-002,MH-002_19.622305_80.342399,0,0.03443397209048271,TN
B,MH-002,MH-002_19.622305_80.342669,0,0.030369464308023453,TN
B,MH-002,MH-002_19.622305_80.342938,0,0.02704385109245777,TN
B,MH-002,MH-002_19.622305_80.343208,1,0.0307384692132473,FN
B,MH-002,MH-002_19.622305_80.343477,0,0.03930080682039261,TN
B,MH-002,MH-002_19.622305_80.343747,0,0.050457634031772614,TN
B,MH-002,MH-002_19.622305_80.344016,0,0.060090892016887665,TN
B,MH-002,MH-002_19.622305_80.344286,0,0.09649088233709335,TN
B,MH-002,MH-002_19.622305_80.344555,0,0.11311156302690506,TN
B,MH-002,MH-002_19.622305_80.344825,0,0.1510770618915558,TN
B,MH-002,MH-002_19.622035_80.340513,0,0.0065384902991354465,TN
B,MH-002,MH-002_19.622035_80.340783,0,0.006152668502181768,TN
B,MH-002,MH-002_19.622035_80.341052,0,0.009733948856592178,TN
B,MH-002,MH-002_19.622035_80.341322,0,0.016004784032702446,TN
B,MH-002,MH-002_19.622035_80.341591,0,0.03327695280313492,TN
B,MH-002,MH-002_19.622035_80.34186,0,0.03771986812353134,TN
B,MH-002,MH-002_19.622035_80.34213,0,0.039289869368076324,TN
B,MH-002,MH-002_19.622035_80.342399,0,0.033509381115436554,TN
B,MH-002,MH-002_19.622035_80.342669,0,0.03361307829618454,TN
B,MH-002,MH-002_19.622035_80.342938,0,0.030978715047240257,TN
B,MH-002,MH-002_19.622035_80.343208,0,0.032459814101457596,TN
B,MH-002,MH-002_19.622035_80.343477,0,0.036583781242370605,TN
B,MH-002,MH-002_19.622035_80.343747,0,0.044044993817806244,TN
B,MH-002,MH-002_19.622035_80.344016,0,0.05391458421945572,TN
B,MH-002,MH-002_19.622035_80.344286,0,0.10305168479681015,TN
B,MH-002,MH-002_19.622035_80.344555,0,0.11783119291067123,TN
B,MH-002,MH-002_19.622035_80.344825,0,0.16764678061008453,TN
B,MH-002,MH-002_19.621766_80.340513,0,0.005698991473764181,TN
B,MH-002,MH-002_19.621766_80.340783,0,0.006261485628783703,TN
B,MH-002,MH-002_19.621766_80.341052,0,0.010432201437652111,TN
B,MH-002,MH-002_19.621766_80.341322,0,0.01701592653989792,TN
B,MH-002,MH-002_19.621766_80.341591,0,0.032998308539390564,TN
B,MH-002,MH-002_19.621766_80.34186,0,0.04432759806513786,TN
B,MH-002,MH-002_19.621766_80.34213,0,0.04657455161213875,TN
B,MH-002,MH-002_19.621766_80.342399,0,0.042694613337516785,TN
B,MH-002,MH-002_19.621766_80.342669,0,0.04268630966544151,TN
B,MH-002,MH-002_19.621766_80.342938,0,0.037724047899246216,TN
B,MH-002,MH-002_19.621766_80.343208,0,0.0353546068072319,TN
B,MH-002,MH-002_19.621766_80.343477,0,0.03765089064836502,TN
B,MH-002,MH-002_19.621766_80.343747,0,0.04299526661634445,TN
B,MH-002,MH-002_19.621766_80.344016,0,0.05336681380867958,TN
B,MH-002,MH-002_19.621766_80.344286,0,0.08751950412988663,TN
B,MH-002,MH-002_19.621766_80.344555,0,0.1170760840177536,TN
B,MH-002,MH-002_19.621766_80.344825,0,0.16670885682106018,TN
B,MH-002,MH-002_19.621766_80.345094,0,0.20317263901233673,TN
B,MH-002,MH-002_19.621497_80.340244,0,0.004738698247820139,TN
B,MH-002,MH-002_19.621497_80.340513,0,0.005780449137091637,TN
B,MH-002,MH-002_19.621497_80.340783,0,0.007449617609381676,TN
B,MH-002,MH-002_19.621497_80.341052,1,0.013384572230279446,FN
B,MH-002,MH-002_19.621497_80.341322,1,0.019454142078757286,FN
B,MH-002,MH-002_19.621497_80.341591,1,0.03778298199176788,FN
B,MH-002,MH-002_19.621497_80.34186,0,0.043594006448984146,TN
B,MH-002,MH-002_19.621497_80.34213,0,0.04581204801797867,TN
B,MH-002,MH-002_19.621497_80.342399,0,0.03731152042746544,TN
B,MH-002,MH-002_19.621497_80.342669,0,0.045088935643434525,TN
B,MH-002,MH-002_19.621497_80.342938,0,0.03605129197239876,TN
B,MH-002,MH-002_19.621497_80.343208,0,0.03706413134932518,TN
B,MH-002,MH-002_19.621497_80.343477,0,0.03574523329734802,TN
B,MH-002,MH-002_19.621497_80.343747,0,0.0414833128452301,TN
B,MH-002,MH-002_19.621497_80.344016,0,0.05241789668798447,TN
B,MH-002,MH-002_19.621497_80.344286,0,0.07427088171243668,TN
B,MH-002,MH-002_19.621497_80.344555,0,0.10613343864679337,TN
B,MH-002,MH-002_19.621497_80.344825,0,0.14294226467609406,TN
B,MH-002,MH-002_19.621497_80.345094,0,0.20679546892642975,TN
B,MH-002,MH-002_19.621497_80.345364,0,0.2688712477684021,FP
B,MH-002,MH-002_19.621227_80.340244,0,0.005756844766438007,TN
B,MH-002,MH-002_19.621227_80.340513,0,0.0080035999417305,TN
B,MH-002,MH-002_19.621227_80.340783,0,0.010287830606102943,TN
B,MH-002,MH-002_19.621227_80.341052,0,0.01819716766476631,TN
B,MH-002,MH-002_19.621227_80.341322,1,0.02681386098265648,FN
B,MH-002,MH-002_19.621227_80.341591,1,0.04856410250067711,FN
B,MH-002,MH-002_19.621227_80.34186,1,0.05150159075856209,FN
B,MH-002,MH-002_19.621227_80.34213,0,0.062125805765390396,TN
B,MH-002,MH-002_19.621227_80.342399,0,0.051728613674640656,TN
B,MH-002,MH-002_19.621227_80.342669,0,0.05336488410830498,TN
B,MH-002,MH-002_19.621227_80.342938,0,0.0388699471950531,TN
B,MH-002,MH-002_19.621227_80.343208,0,0.041357725858688354,TN
B,MH-002,MH-002_19.621227_80.343477,0,0.040843185037374496,TN
B,MH-002,MH-002_19.621227_80.343747,1,0.04410555586218834,FN
B,MH-002,MH-002_19.621227_80.344016,0,0.04600002244114876,TN
B,MH-002,MH-002_19.621227_80.344286,0,0.07280141115188599,TN
B,MH-002,MH-002_19.621227_80.344555,0,0.08939044177532196,TN
B,MH-002,MH-002_19.621227_80.344825,0,0.13827265799045563,TN
B,MH-002,MH-002_19.621227_80.345094,0,0.1865299493074417,TN
B,MH-002,MH-002_19.621227_80.345364,0,0.2910166382789612,FP
B,MH-002,MH-002_19.620958_80.340244,0,0.007374420762062073,TN
B,MH-002,MH-002_19.620958_80.340513,0,0.010787843726575375,TN
B,MH-002,MH-002_19.620958_80.340783,0,0.011760611087083817,TN
B,MH-002,MH-002_19.620958_80.341052,0,0.022784506902098656,TN
B,MH-002,MH-002_19.620958_80.341322,0,0.028148742392659187,TN
B,MH-002,MH-002_19.620958_80.341591,1,0.045613452792167664,FN
B,MH-002,MH-002_19.620958_80.34186,1,0.04532559588551521,FN
B,MH-002,MH-002_19.620958_80.34213,1,0.057256102561950684,FN
B,MH-002,MH-002_19.620958_80.342399,1,0.04841006174683571,FN
B,MH-002,MH-002_19.620958_80.342669,0,0.048121970146894455,TN
B,MH-002,MH-002_19.620958_80.342938,0,0.03780257701873779,TN
B,MH-002,MH-002_19.620958_80.343208,0,0.0401783287525177,TN
B,MH-002,MH-002_19.620958_80.343477,0,0.035303544253110886,TN
B,MH-002,MH-002_19.620958_80.343747,1,0.0376875177025795,FN
B,MH-002,MH-002_19.620958_80.344016,0,0.04239511862397194,TN
B,MH-002,MH-002_19.620958_80.344286,0,0.05867910385131836,TN
B,MH-002,MH-002_19.620958_80.344555,0,0.07473210245370865,TN
B,MH-002,MH-002_19.620958_80.344825,0,0.10303537547588348,TN
B,MH-002,MH-002_19.620958_80.345094,0,0.17205895483493805,TN
B,MH-002,MH-002_19.620958_80.345364,0,0.27168479561805725,FP
B,MH-002,MH-002_19.620958_80.345633,0,0.41321995854377747,FP
B,MH-002,MH-002_19.620688_80.340244,0,0.011326177977025509,TN
B,MH-002,MH-002_19.620688_80.340513,0,0.01526945736259222,TN
B,MH-002,MH-002_19.620688_80.340783,0,0.01570769026875496,TN
B,MH-002,MH-002_19.620688_80.341052,0,0.02580370008945465,TN
B,MH-002,MH-002_19.620688_80.341322,1,0.033309370279312134,FN
B,MH-002,MH-002_19.620688_80.341591,0,0.04293397441506386,TN
B,MH-002,MH-002_19.620688_80.34186,1,0.05005273595452309,FN
B,MH-002,MH-002_19.620688_80.34213,1,0.05865821987390518,FN
B,MH-002,MH-002_19.620688_80.342399,1,0.057130366563797,FN
B,MH-002,MH-002_19.620688_80.342669,0,0.05400002375245094,TN
B,MH-002,MH-002_19.620688_80.344016,0,0.0425046943128109,TN
B,MH-002,MH-002_19.620688_80.344286,0,0.052551474422216415,TN
B,MH-002,MH-002_19.620688_80.344555,0,0.06119810417294502,TN
B,MH-002,MH-002_19.620688_80.344825,0,0.09165527671575546,TN
B,MH-002,MH-002_19.620688_80.345094,0,0.11900223046541214,TN
B,MH-002,MH-002_19.620688_80.345364,0,0.25891178846359253,FP
B,MH-002,MH-002_19.620688_80.345633,0,0.39367279410362244,FP
B,MH-002,MH-002_19.620688_80.345903,0,0.46492013335227966,FP
B,MH-002,MH-002_19.620419_80.340244,0,0.015836291015148163,TN
B,MH-002,MH-002_19.620419_80.340513,0,0.021693304181098938,TN
B,MH-002,MH-002_19.620419_80.340783,0,0.021173344925045967,TN
B,MH-002,MH-002_19.620419_80.341052,0,0.03410222381353378,TN
B,MH-002,MH-002_19.620419_80.341322,0,0.03669723495841026,TN
B,MH-002,MH-002_19.620419_80.341591,0,0.045110832899808884,TN
B,MH-002,MH-002_19.620419_80.34186,0,0.043393414467573166,TN
B,MH-002,MH-002_19.620419_80.34213,0,0.05272683501243591,TN
B,MH-002,MH-002_19.620419_80.342399,0,0.0428338460624218,TN
B,MH-002,MH-002_19.620419_80.343208,0,0.0315343402326107,TN
B,MH-002,MH-002_19.620419_80.343477,0,0.0307332593947649,TN
B,MH-002,MH-002_19.620419_80.344016,0,0.036513544619083405,TN
B,MH-002,MH-002_19.620419_80.344286,0,0.041990961879491806,TN
B,MH-002,MH-002_19.620419_80.344555,0,0.05516263097524643,TN
B,MH-002,MH-002_19.620419_80.344825,0,0.08836925774812698,TN
B,MH-002,MH-002_19.620419_80.345094,0,0.12600858509540558,TN
B,MH-002,MH-002_19.620419_80.345364,0,0.25215795636177063,FP
B,MH-002,MH-002_19.620419_80.345633,0,0.3934836983680725,FP
B,MH-002,MH-002_19.620419_80.345903,0,0.4548457860946655,FP
B,MH-002,MH-002_19.620149_80.340513,1,0.038400471210479736,FN
B,MH-002,MH-002_19.620149_80.340783,0,0.03794639930129051,TN
B,MH-002,MH-002_19.620149_80.341052,0,0.04186992719769478,TN
B,MH-002,MH-002_19.620149_80.341322,0,0.043282248079776764,TN
B,MH-002,MH-002_19.620149_80.341591,0,0.046731989830732346,TN
B,MH-002,MH-002_19.620149_80.34186,0,0.047865528613328934,TN
B,MH-002,MH-002_19.620149_80.34213,0,0.05123361200094223,TN
B,MH-002,MH-002_19.620149_80.342399,0,0.043660718947649,TN
B,MH-002,MH-002_19.620149_80.342938,0,0.02970392256975174,TN
B,MH-002,MH-002_19.620149_80.343208,0,0.03276732936501503,TN
B,MH-002,MH-002_19.620149_80.343747,0,0.03189082443714142,TN
B,MH-002,MH-002_19.620149_80.344016,0,0.031527649611234665,TN
B,MH-002,MH-002_19.620149_80.344286,0,0.039875153452157974,TN
B,MH-002,MH-002_19.620149_80.344555,0,0.048793643712997437,TN
B,MH-002,MH-002_19.620149_80.344825,0,0.08388855308294296,TN
B,MH-002,MH-002_19.620149_80.345094,0,0.12025701254606247,TN
B,MH-002,MH-002_19.620149_80.345364,0,0.22541257739067078,TN
B,MH-002,MH-002_19.620149_80.345633,0,0.38118991255760193,FP
B,MH-002,MH-002_19.620149_80.345903,0,0.475164532661438,FP
B,MH-002,MH-002_19.620149_80.346172,0,0.5771240592002869,FP
B,MH-002,MH-002_19.61988_80.340783,0,0.052322957664728165,TN
B,MH-002,MH-002_19.61988_80.341052,0,0.05249754711985588,TN
B,MH-002,MH-002_19.61988_80.341322,0,0.05076931416988373,TN
B,MH-002,MH-002_19.61988_80.341591,1,0.042611438781023026,FN
B,MH-002,MH-002_19.61988_80.34186,0,0.042296770960092545,TN
B,MH-002,MH-002_19.61988_80.34213,0,0.0464736633002758,TN
B,MH-002,MH-002_19.61988_80.342399,0,0.04168364405632019,TN
B,MH-002,MH-002_19.61988_80.343477,0,0.026635847985744476,TN
B,MH-002,MH-002_19.61988_80.343747,0,0.031063171103596687,TN
B,MH-002,MH-002_19.61988_80.344016,0,0.03258560597896576,TN
B,MH-002,MH-002_19.61988_80.344286,0,0.03635809198021889,TN
B,MH-002,MH-002_19.61988_80.344555,0,0.045998044312000275,TN
B,MH-002,MH-002_19.61988_80.344825,0,0.0679931640625,TN
B,MH-002,MH-002_19.61988_80.345094,0,0.1038699746131897,TN
B,MH-002,MH-002_19.61988_80.345364,0,0.18735258281230927,TN
B,MH-002,MH-002_19.61988_80.345633,0,0.31371453404426575,FP
B,MH-002,MH-002_19.61988_80.345903,0,0.380332887172699,FP
B,MH-002,MH-002_19.61988_80.346172,0,0.5311737656593323,FP
B,MH-002,MH-002_19.61988_80.346442,0,0.5627094507217407,FP
B,MH-002,MH-002_19.61961_80.340783,0,0.07836690545082092,TN
B,MH-002,MH-002_19.61961_80.341052,0,0.08039918541908264,TN
B,MH-002,MH-002_19.61961_80.341322,0,0.05529271438717842,TN
B,MH-002,MH-002_19.61961_80.341591,0,0.04718206822872162,TN
B,MH-002,MH-002_19.61961_80.34186,0,0.04000385105609894,TN
B,MH-002,MH-002_19.61961_80.34213,0,0.03964691981673241,TN
B,MH-002,MH-002_19.61961_80.342399,0,0.03895875811576843,TN
B,MH-002,MH-002_19.61961_80.342669,0,0.03323640301823616,TN
B,MH-002,MH-002_19.61961_80.342938,0,0.033517953008413315,TN
B,MH-002,MH-002_19.61961_80.343208,0,0.032889991998672485,TN
B,MH-002,MH-002_19.61961_80.343477,0,0.03139061480760574,TN
B,MH-002,MH-002_19.61961_80.343747,0,0.030716009438037872,TN
B,MH-002,MH-002_19.61961_80.344016,0,0.03486592322587967,TN
B,MH-002,MH-002_19.61961_80.344286,0,0.03533155471086502,TN
B,MH-002,MH-002_19.61961_80.344555,0,0.04353085160255432,TN
B,MH-002,MH-002_19.61961_80.344825,0,0.06295289844274521,TN
B,MH-002,MH-002_19.61961_80.345094,0,0.09319067746400833,TN
B,MH-002,MH-002_19.61961_80.345364,0,0.13277488946914673,TN
B,MH-002,MH-002_19.61961_80.345633,0,0.2350347936153412,TN
B,MH-002,MH-002_19.61961_80.345903,0,0.3475039601325989,FP
B,MH-002,MH-002_19.61961_80.346172,0,0.4423687160015106,FP
B,MH-002,MH-002_19.61961_80.346442,0,0.5211076140403748,FP
B,MH-002,MH-002_19.619341_80.341322,0,0.07615582644939423,TN
B,MH-002,MH-002_19.619341_80.341591,0,0.05915435403585434,TN
B,MH-002,MH-002_19.619341_80.34186,0,0.03946157544851303,TN
B,MH-002,MH-002_19.619341_80.34213,0,0.035227589309215546,TN
B,MH-002,MH-002_19.619341_80.342399,0,0.03733174502849579,TN
B,MH-002,MH-002_19.619341_80.342669,0,0.03297216817736626,TN
B,MH-002,MH-002_19.619341_80.342938,0,0.03473588079214096,TN
B,MH-002,MH-002_19.619341_80.343208,0,0.036563143134117126,TN
B,MH-002,MH-002_19.619341_80.343477,0,0.032464753836393356,TN
B,MH-002,MH-002_19.619341_80.343747,0,0.03326159715652466,TN
B,MH-002,MH-002_19.619341_80.344016,0,0.03698820248246193,TN
B,MH-002,MH-002_19.619341_80.344286,0,0.039821114391088486,TN
B,MH-002,MH-002_19.619341_80.344555,0,0.045619551092386246,TN
B,MH-002,MH-002_19.619341_80.344825,0,0.06499280780553818,TN
B,MH-002,MH-002_19.619341_80.345094,0,0.09572276473045349,TN
B,MH-002,MH-002_19.619341_80.345364,0,0.12585121393203735,TN
B,MH-002,MH-002_19.619341_80.345633,0,0.18649521470069885,TN
B,MH-002,MH-002_19.619341_80.345903,0,0.2781672179698944,FP
B,MH-002,MH-002_19.619341_80.346172,0,0.39596182107925415,FP
B,MH-002,MH-002_19.619341_80.346442,0,0.4910224676132202,FP
B,MH-002,MH-002_19.619341_80.346711,0,0.5340748429298401,FP
B,MH-002,MH-002_19.619071_80.341591,0,0.07109226286411285,TN
B,MH-002,MH-002_19.619071_80.34186,0,0.050498951226472855,TN
B,MH-002,MH-002_19.619071_80.34213,0,0.050775330513715744,TN
B,MH-002,MH-002_19.619071_80.342399,0,0.05435710772871971,TN
B,MH-002,MH-002_19.619071_80.342669,0,0.05432003363966942,TN
B,MH-002,MH-002_19.619071_80.342938,0,0.04777192324399948,TN
B,MH-002,MH-002_19.619071_80.343208,0,0.05262921378016472,TN
B,MH-002,MH-002_19.619071_80.343477,0,0.04529740661382675,TN
B,MH-002,MH-002_19.619071_80.343747,0,0.0412309430539608,TN
B,MH-002,MH-002_19.619071_80.344016,0,0.04498685151338577,TN
B,MH-002,MH-002_19.619071_80.344286,0,0.04707914963364601,TN
B,MH-002,MH-002_19.619071_80.344555,0,0.055152587592601776,TN
B,MH-002,MH-002_19.619071_80.344825,0,0.07228332757949829,TN
B,MH-002,MH-002_19.619071_80.345094,0,0.10879296809434891,TN
B,MH-002,MH-002_19.619071_80.345364,0,0.12463700771331787,TN
B,MH-002,MH-002_19.619071_80.345633,0,0.16983921825885773,TN
B,MH-002,MH-002_19.619071_80.345903,0,0.2399037778377533,TN
B,MH-002,MH-002_19.619071_80.346172,0,0.34452587366104126,FP
B,MH-002,MH-002_19.619071_80.346442,0,0.4232047200202942,FP
B,MH-002,MH-002_19.619071_80.346711,0,0.5106761455535889,FP
B,MH-002,MH-002_19.619071_80.346981,0,0.5387702584266663,FP
B,MH-002,MH-002_19.618802_80.341322,0,0.16447198390960693,TN
B,MH-002,MH-002_19.618802_80.34213,0,0.05856173485517502,TN
B,MH-002,MH-002_19.618802_80.342399,0,0.06235574930906296,TN
B,MH-002,MH-002_19.618802_80.342669,0,0.05819504335522652,TN
B,MH-002,MH-002_19.618802_80.342938,0,0.054184313863515854,TN
B,MH-002,MH-002_19.618802_80.343208,0,0.06160940229892731,TN
B,MH-002,MH-002_19.618802_80.343477,0,0.06603746861219406,TN
B,MH-002,MH-002_19.618802_80.343747,0,0.06419204920530319,TN
B,MH-002,MH-002_19.618802_80.344016,0,0.062431931495666504,TN
B,MH-002,MH-002_19.618802_80.344286,0,0.06829763948917389,TN
B,MH-002,MH-002_19.618802_80.344555,0,0.0765373706817627,TN
B,MH-002,MH-002_19.618802_80.344825,0,0.08389066159725189,TN
B,MH-002,MH-002_19.618802_80.345094,0,0.11241501569747925,TN
B,MH-002,MH-002_19.618802_80.345364,0,0.12960948050022125,TN
B,MH-002,MH-002_19.618802_80.345633,0,0.16011562943458557,TN
B,MH-002,MH-002_19.618802_80.345903,0,0.21183882653713226,TN
B,MH-002,MH-002_19.618802_80.346172,0,0.3257165551185608,FP
B,MH-002,MH-002_19.618802_80.346442,0,0.40184351801872253,FP
B,MH-002,MH-002_19.618802_80.346711,0,0.5111589431762695,FP
B,MH-002,MH-002_19.618802_80.346981,0,0.5999364852905273,FP
B,MH-002,MH-002_19.618532_80.342399,0,0.10706587880849838,TN
B,MH-002,MH-002_19.618532_80.342669,0,0.10582049936056137,TN
B,MH-002,MH-002_19.618532_80.342938,0,0.10940246284008026,TN
B,MH-002,MH-002_19.618532_80.343208,0,0.12668026983737946,TN
B,MH-002,MH-002_19.618532_80.343477,0,0.11819721758365631,TN
B,MH-002,MH-002_19.618532_80.343747,0,0.12259358167648315,TN
B,MH-002,MH-002_19.618532_80.344016,0,0.10393146425485611,TN
B,MH-002,MH-002_19.618532_80.344286,0,0.10822214931249619,TN
B,MH-002,MH-002_19.618532_80.344555,0,0.10204697400331497,TN
B,MH-002,MH-002_19.618532_80.344825,0,0.11361466348171234,TN
B,MH-002,MH-002_19.618532_80.345094,0,0.13851413130760193,TN
B,MH-002,MH-002_19.618532_80.345364,0,0.1333550363779068,TN
B,MH-002,MH-002_19.618532_80.345633,0,0.15980228781700134,TN
B,MH-002,MH-002_19.618532_80.345903,0,0.18342864513397217,TN
B,MH-002,MH-002_19.618532_80.346172,0,0.24412037432193756,TN
B,MH-002,MH-002_19.618532_80.346442,0,0.33301645517349243,FP
B,MH-002,MH-002_19.618532_80.346711,0,0.482647180557251,FP
B,MH-002,MH-002_19.618532_80.346981,0,0.6195782423019409,FP
B,MH-002,MH-002_19.618532_80.34725,0,0.6745021343231201,FP
B,MH-002,MH-002_19.618263_80.34186,0,0.12394919991493225,TN
B,MH-002,MH-002_19.618263_80.342399,0,0.12036803364753723,TN
B,MH-002,MH-002_19.618263_80.342669,0,0.14840811491012573,TN
B,MH-002,MH-002_19.618263_80.342938,0,0.14498670399188995,TN
B,MH-002,MH-002_19.618263_80.343208,0,0.16980451345443726,TN
B,MH-002,MH-002_19.618263_80.343477,0,0.17942482233047485,TN
B,MH-002,MH-002_19.618263_80.343747,0,0.20701666176319122,TN
B,MH-002,MH-002_19.618263_80.344016,0,0.1643228977918625,TN
B,MH-002,MH-002_19.618263_80.344286,0,0.17345263063907623,TN
B,MH-002,MH-002_19.618263_80.344555,0,0.1464490443468094,TN
B,MH-002,MH-002_19.618263_80.344825,0,0.1451563984155655,TN
B,MH-002,MH-002_19.618263_80.345094,0,0.14773333072662354,TN
B,MH-002,MH-002_19.618263_80.345364,0,0.13758975267410278,TN
B,MH-002,MH-002_19.618263_80.345633,0,0.14319659769535065,TN
B,MH-002,MH-002_19.618263_80.345903,0,0.17516714334487915,TN
B,MH-002,MH-002_19.618263_80.346172,0,0.21293187141418457,TN
B,MH-002,MH-002_19.618263_80.346442,0,0.2932960093021393,FP
B,MH-002,MH-002_19.618263_80.346711,0,0.44411322474479675,FP
B,MH-002,MH-002_19.618263_80.346981,0,0.6084521412849426,FP
B,MH-002,MH-002_19.618263_80.34725,0,0.6722288727760315,FP
B,MH-002,MH-002_19.618263_80.34752,0,0.6875343322753906,FP
B,MH-002,MH-002_19.617993_80.342399,0,0.2133965939283371,TN
B,MH-002,MH-002_19.617993_80.342669,0,0.24716871976852417,TN
B,MH-002,MH-002_19.617993_80.342938,0,0.22035032510757446,TN
B,MH-002,MH-002_19.617993_80.343208,0,0.2518390417098999,FP
B,MH-002,MH-002_19.617993_80.343477,0,0.2695048153400421,FP
B,MH-002,MH-002_19.617993_80.343747,0,0.32510295510292053,FP
B,MH-002,MH-002_19.617993_80.344016,0,0.2987246811389923,FP
B,MH-002,MH-002_19.617993_80.344286,0,0.2876747250556946,FP
B,MH-002,MH-002_19.617993_80.344555,0,0.24998551607131958,TN
B,MH-002,MH-002_19.617993_80.344825,0,0.21070373058319092,TN
B,MH-002,MH-002_19.617993_80.345094,0,0.20153068006038666,TN
B,MH-002,MH-002_19.617993_80.345364,0,0.17460638284683228,TN
B,MH-002,MH-002_19.617993_80.345633,0,0.15508431196212769,TN
B,MH-002,MH-002_19.617993_80.345903,0,0.17154638469219208,TN
B,MH-002,MH-002_19.617993_80.346172,0,0.20622463524341583,TN
B,MH-002,MH-002_19.617993_80.346442,0,0.2777024209499359,FP
B,MH-002,MH-002_19.617993_80.346711,0,0.3919423520565033,FP
B,MH-002,MH-002_19.617993_80.346981,1,0.5782654881477356,TP
B,MH-002,MH-002_19.617993_80.34725,0,0.7051120400428772,FP
B,MH-002,MH-002_19.617993_80.34752,0,0.7052202820777893,FP
B,MH-002,MH-002_19.617724_80.342399,0,0.20828691124916077,TN
B,MH-002,MH-002_19.617724_80.342669,0,0.2818734347820282,FP
B,MH-002,MH-002_19.617724_80.342938,0,0.2710431218147278,FP
B,MH-002,MH-002_19.617724_80.343208,0,0.2679086923599243,FP
B,MH-002,MH-002_19.617724_80.343477,0,0.3389976918697357,FP
B,MH-002,MH-002_19.617724_80.343747,1,0.39278894662857056,TP
B,MH-002,MH-002_19.617724_80.344016,0,0.3670150637626648,FP
B,MH-002,MH-002_19.617724_80.344286,0,0.3606111407279968,FP
B,MH-002,MH-002_19.617724_80.344555,0,0.296718567609787,FP
B,MH-002,MH-002_19.617724_80.344825,0,0.24903126060962677,TN
B,MH-002,MH-002_19.617724_80.345094,0,0.19717487692832947,TN
B,MH-002,MH-002_19.617724_80.345364,0,0.17038720846176147,TN
B,MH-002,MH-002_19.617724_80.345633,0,0.16432595252990723,TN
B,MH-002,MH-002_19.617724_80.345903,0,0.1702224761247635,TN
B,MH-002,MH-002_19.617724_80.346172,0,0.19432105123996735,TN
B,MH-002,MH-002_19.617724_80.346442,0,0.2341858148574829,TN
B,MH-002,MH-002_19.617724_80.346711,0,0.32272422313690186,FP
B,MH-002,MH-002_19.617724_80.346981,0,0.5146173238754272,FP
B,MH-002,MH-002_19.617724_80.34725,0,0.655120849609375,FP
B,MH-002,MH-002_19.617724_80.34752,0,0.7225666046142578,FP
B,MH-002,MH-002_19.617724_80.347789,0,0.7398613691329956,FP
B,MH-002,MH-002_19.617454_80.342399,0,0.21386076509952545,TN
B,MH-002,MH-002_19.617454_80.342669,0,0.29328328371047974,FP
B,MH-002,MH-002_19.617454_80.342938,0,0.2965686619281769,FP
B,MH-002,MH-002_19.617454_80.343208,1,0.3473404347896576,TP
B,MH-002,MH-002_19.617454_80.343477,1,0.4089198112487793,TP
B,MH-002,MH-002_19.617454_80.343747,1,0.5094864368438721,TP
B,MH-002,MH-002_19.617454_80.344016,0,0.5115483999252319,FP
B,MH-002,MH-002_19.617454_80.344286,0,0.48198458552360535,FP
B,MH-002,MH-002_19.617454_80.344555,0,0.3931792080402374,FP
B,MH-002,MH-002_19.617454_80.344825,0,0.30847564339637756,FP
B,MH-002,MH-002_19.617454_80.345094,0,0.2575554847717285,FP
B,MH-002,MH-002_19.617454_80.345364,0,0.2311735302209854,TN
B,MH-002,MH-002_19.617454_80.345633,0,0.19995473325252533,TN
B,MH-002,MH-002_19.617454_80.345903,0,0.17607584595680237,TN
B,MH-002,MH-002_19.617454_80.346172,0,0.1831439882516861,TN
B,MH-002,MH-002_19.617454_80.346442,0,0.21288873255252838,TN
B,MH-002,MH-002_19.617454_80.346711,0,0.27599242329597473,FP
B,MH-002,MH-002_19.617454_80.346981,0,0.4702266752719879,FP
B,MH-002,MH-002_19.617454_80.34725,0,0.6447242498397827,FP
B,MH-002,MH-002_19.617454_80.34752,0,0.7053621411323547,FP
B,MH-002,MH-002_19.617454_80.347789,0,0.7588833570480347,FP
B,MH-002,MH-002_19.617454_80.348059,0,0.7395191192626953,FP
B,MH-002,MH-002_19.617185_80.342669,1,0.22628505527973175,FN
B,MH-002,MH-002_19.617185_80.342938,1,0.25778138637542725,TP
B,MH-002,MH-002_19.617185_80.343208,0,0.2662716209888458,FP
B,MH-002,MH-002_19.617185_80.343477,0,0.4055861234664917,FP
B,MH-002,MH-002_19.617185_80.343747,1,0.5486245155334473,TP
B,MH-002,MH-002_19.617185_80.344016,1,0.5880402326583862,TP
B,MH-002,MH-002_19.617185_80.344286,0,0.5846324563026428,FP
B,MH-002,MH-002_19.617185_80.344555,0,0.47604241967201233,FP
B,MH-002,MH-002_19.617185_80.344825,0,0.39639994502067566,FP
B,MH-002,MH-002_19.617185_80.345094,0,0.30877211689949036,FP
B,MH-002,MH-002_19.617185_80.345364,0,0.26153233647346497,FP
B,MH-002,MH-002_19.617185_80.345633,0,0.22033248841762543,TN
B,MH-002,MH-002_19.617185_80.345903,0,0.17816898226737976,TN
B,MH-002,MH-002_19.617185_80.346172,0,0.17673087120056152,TN
B,MH-002,MH-002_19.617185_80.346442,0,0.18621566891670227,TN
B,MH-002,MH-002_19.617185_80.346711,0,0.22046738862991333,TN
B,MH-002,MH-002_19.617185_80.346981,0,0.3806803822517395,FP
B,MH-002,MH-002_19.617185_80.34725,0,0.5153943300247192,FP
B,MH-002,MH-002_19.617185_80.34752,0,0.6143925786018372,FP
B,MH-002,MH-002_19.617185_80.347789,0,0.6580542922019958,FP
B,MH-002,MH-002_19.617185_80.348059,0,0.7029294371604919,FP
B,MH-002,MH-002_19.616915_80.342669,0,0.1981062889099121,TN
B,MH-002,MH-002_19.616915_80.342938,0,0.23051077127456665,TN
B,MH-002,MH-002_19.616915_80.343208,1,0.278286874294281,TP
B,MH-002,MH-002_19.616915_80.343477,0,0.45277923345565796,FP
B,MH-002,MH-002_19.616915_80.343747,1,0.5950740575790405,TP
B,MH-002,MH-002_19.616915_80.344286,0,0.595203161239624,FP
B,MH-002,MH-002_19.616915_80.344555,0,0.5116588473320007,FP
B,MH-002,MH-002_19.616915_80.344825,0,0.4296981990337372,FP
B,MH-002,MH-002_19.616915_80.345094,0,0.3412851095199585,FP
B,MH-002,MH-002_19.616915_80.345364,0,0.2866465449333191,FP
B,MH-002,MH-002_19.616915_80.345633,0,0.23560987412929535,TN
B,MH-002,MH-002_19.616915_80.345903,0,0.2106892168521881,TN
B,MH-002,MH-002_19.616915_80.346172,0,0.19895720481872559,TN
B,MH-002,MH-002_19.616915_80.346442,0,0.20229138433933258,TN
B,MH-002,MH-002_19.616915_80.346711,0,0.22351039946079254,TN
B,MH-002,MH-002_19.616915_80.346981,0,0.3576987385749817,FP
B,MH-002,MH-002_19.616915_80.34725,0,0.4785045087337494,FP
B,MH-002,MH-002_19.616915_80.34752,0,0.5373337268829346,FP
B,MH-002,MH-002_19.616915_80.347789,0,0.6286067962646484,FP
B,MH-002,MH-002_19.616915_80.348059,0,0.6569289565086365,FP
B,MH-002,MH-002_19.616915_80.348328,0,0.6453288793563843,FP
B,MH-002,MH-002_19.616646_80.335393,0,0.3103872537612915,FP
B,MH-002,MH-002_19.616646_80.335662,0,0.4231832027435303,FP
B,MH-002,MH-002_19.616646_80.342938,0,0.15812714397907257,TN
B,MH-002,MH-002_19.616646_80.343208,1,0.2268151044845581,FN
B,MH-002,MH-002_19.616646_80.343477,1,0.3702477216720581,TP
B,MH-002,MH-002_19.616646_80.343747,0,0.557146430015564,FP
B,MH-002,MH-002_19.616646_80.344016,0,0.6086931824684143,FP
B,MH-002,MH-002_19.616646_80.344286,0,0.5863699913024902,FP
B,MH-002,MH-002_19.616646_80.344555,0,0.5098891854286194,FP
B,MH-002,MH-002_19.616646_80.344825,0,0.4344000816345215,FP
B,MH-002,MH-002_19.616646_80.345094,0,0.3022870123386383,FP
B,MH-002,MH-002_19.616646_80.345364,0,0.28130245208740234,FP
B,MH-002,MH-002_19.616646_80.345633,0,0.23774859309196472,TN
B,MH-002,MH-002_19.616646_80.345903,0,0.21548892557621002,TN
B,MH-002,MH-002_19.616646_80.346172,0,0.18308191001415253,TN
B,MH-002,MH-002_19.616646_80.346442,0,0.19107164442539215,TN
B,MH-002,MH-002_19.616646_80.346711,0,0.1849702149629593,TN
B,MH-002,MH-002_19.616646_80.346981,0,0.2557075321674347,FP
B,MH-002,MH-002_19.616646_80.34725,0,0.2839459478855133,FP
B,MH-002,MH-002_19.616646_80.34752,0,0.3588612973690033,FP
B,MH-002,MH-002_19.616646_80.347789,0,0.4042430818080902,FP
B,MH-002,MH-002_19.616646_80.348059,0,0.5297544598579407,FP
B,MH-002,MH-002_19.616646_80.348328,0,0.5835434198379517,FP
B,MH-002,MH-002_19.616646_80.348598,0,0.5649083852767944,FP
B,MH-002,MH-002_19.616376_80.335662,0,0.24240563809871674,TN
B,MH-002,MH-002_19.616376_80.343208,0,0.12409502267837524,TN
B,MH-002,MH-002_19.616376_80.343477,0,0.21523404121398926,TN
B,MH-002,MH-002_19.616376_80.343747,0,0.3280266225337982,FP
B,MH-002,MH-002_19.616376_80.344016,0,0.43134528398513794,FP
B,MH-002,MH-002_19.616376_80.344286,0,0.43335989117622375,FP
B,MH-002,MH-002_19.616376_80.344555,0,0.39463141560554504,FP
B,MH-002,MH-002_19.616376_80.344825,0,0.31960633397102356,FP
B,MH-002,MH-002_19.616376_80.345094,0,0.2629927396774292,FP
B,MH-002,MH-002_19.616376_80.345364,0,0.22354379296302795,TN
B,MH-002,MH-002_19.616376_80.345633,0,0.19880013167858124,TN
B,MH-002,MH-002_19.616376_80.345903,0,0.1932222545146942,TN
B,MH-002,MH-002_19.616376_80.346172,0,0.20779858529567719,TN
B,MH-002,MH-002_19.616376_80.346442,0,0.19425690174102783,TN
B,MH-002,MH-002_19.616376_80.346711,0,0.18585465848445892,TN
B,MH-002,MH-002_19.616376_80.346981,0,0.21866534650325775,TN
B,MH-002,MH-002_19.616376_80.34725,0,0.24573665857315063,TN
B,MH-002,MH-002_19.616376_80.34752,0,0.28851941227912903,FP
B,MH-002,MH-002_19.616376_80.347789,0,0.3232104778289795,FP
B,MH-002,MH-002_19.616376_80.348059,0,0.4325367510318756,FP
B,MH-002,MH-002_19.616376_80.348328,0,0.5424214601516724,FP
B,MH-002,MH-002_19.616376_80.348598,0,0.5200096368789673,FP
B,MH-002,MH-002_19.616107_80.335932,0,0.27490153908729553,FP
B,MH-002,MH-002_19.616107_80.336201,0,0.4513329565525055,FP
B,MH-002,MH-002_19.616107_80.343208,0,0.10618168860673904,TN
B,MH-002,MH-002_19.616107_80.343477,0,0.15170665085315704,TN
B,MH-002,MH-002_19.616107_80.343747,0,0.20814011991024017,TN
B,MH-002,MH-002_19.616107_80.344016,0,0.25414636731147766,FP
B,MH-002,MH-002_19.616107_80.344286,0,0.27223584055900574,FP
B,MH-002,MH-002_19.616107_80.344555,0,0.26075610518455505,FP
B,MH-002,MH-002_19.616107_80.344825,0,0.23906055092811584,TN
B,MH-002,MH-002_19.616107_80.345094,0,0.19024254381656647,TN
B,MH-002,MH-002_19.616107_80.345364,0,0.17268383502960205,TN
B,MH-002,MH-002_19.616107_80.345633,1,0.15712949633598328,FN
B,MH-002,MH-002_19.616107_80.345903,1,0.18501289188861847,FN
B,MH-002,MH-002_19.616107_80.346172,0,0.18821227550506592,TN
B,MH-002,MH-002_19.616107_80.346442,0,0.19679352641105652,TN
B,MH-002,MH-002_19.616107_80.346711,0,0.15263977646827698,TN
B,MH-002,MH-002_19.616107_80.346981,0,0.17310217022895813,TN
B,MH-002,MH-002_19.616107_80.34725,0,0.16112086176872253,TN
B,MH-002,MH-002_19.616107_80.34752,0,0.20622873306274414,TN
B,MH-002,MH-002_19.616107_80.347789,0,0.20890145003795624,TN
B,MH-002,MH-002_19.616107_80.348059,0,0.29343536496162415,FP
B,MH-002,MH-002_19.616107_80.348328,0,0.38763803243637085,FP
B,MH-002,MH-002_19.616107_80.348598,0,0.4148813784122467,FP
B,MH-002,MH-002_19.616107_80.348867,0,0.4153628647327423,FP
B,MH-002,MH-002_19.615837_80.334854,0,0.05286802724003792,TN
B,MH-002,MH-002_19.615837_80.336201,0,0.24614372849464417,TN
B,MH-002,MH-002_19.615837_80.336471,0,0.5285657048225403,FP
B,MH-002,MH-002_19.615837_80.343477,0,0.0840943455696106,TN
B,MH-002,MH-002_19.615837_80.343747,0,0.10873958468437195,TN
B,MH-002,MH-002_19.615837_80.344016,1,0.1252172440290451,FN
B,MH-002,MH-002_19.615837_80.344286,0,0.13104191422462463,TN
B,MH-002,MH-002_19.615837_80.344555,0,0.12885402143001556,TN
B,MH-002,MH-002_19.615837_80.344825,0,0.13244935870170593,TN
B,MH-002,MH-002_19.615837_80.345094,0,0.11996088922023773,TN
B,MH-002,MH-002_19.615837_80.345364,0,0.12157732993364334,TN
B,MH-002,MH-002_19.615837_80.345633,1,0.12667831778526306,FN
B,MH-002,MH-002_19.615837_80.345903,0,0.16490839421749115,TN
B,MH-002,MH-002_19.615837_80.346172,0,0.18863916397094727,TN
B,MH-002,MH-002_19.615837_80.346442,0,0.19822189211845398,TN
B,MH-002,MH-002_19.615837_80.346711,0,0.15522414445877075,TN
B,MH-002,MH-002_19.615837_80.346981,0,0.1434767246246338,TN
B,MH-002,MH-002_19.615837_80.34725,0,0.13670353591442108,TN
B,MH-002,MH-002_19.615837_80.34752,0,0.1535244733095169,TN
B,MH-002,MH-002_19.615837_80.347789,0,0.17638827860355377,TN
B,MH-002,MH-002_19.615837_80.348059,0,0.19639457762241364,TN
B,MH-002,MH-002_19.615837_80.348328,1,0.25414755940437317,TP
B,MH-002,MH-002_19.615837_80.348598,0,0.27277451753616333,FP
B,MH-002,MH-002_19.615837_80.348867,0,0.3342629373073578,FP
B,MH-002,MH-002_19.615837_80.349137,0,0.33400601148605347,FP
B,MH-002,MH-002_19.615568_80.334854,0,0.04944152384996414,TN
B,MH-002,MH-002_19.615568_80.335662,0,0.09993315488100052,TN
B,MH-002,MH-002_19.615568_80.335932,0,0.13779693841934204,TN
B,MH-002,MH-002_19.615568_80.336201,0,0.1773519515991211,TN
B,MH-002,MH-002_19.615568_80.336471,0,0.2852976322174072,FP
B,MH-002,MH-002_19.615568_80.343747,1,0.07308918982744217,FN
B,MH-002,MH-002_19.615568_80.344016,0,0.08183526247739792,TN
B,MH-002,MH-002_19.615568_80.344286,0,0.08161650598049164,TN
B,MH-002,MH-002_19.615568_80.344555,0,0.07805754244327545,TN
B,MH-002,MH-002_19.615568_80.344825,0,0.08113940060138702,TN
B,MH-002,MH-002_19.615568_80.345094,0,0.0847189873456955,TN
B,MH-002,MH-002_19.615568_80.345364,0,0.11025815457105637,TN
B,MH-002,MH-002_19.615568_80.345633,1,0.11505234241485596,FN
B,MH-002,MH-002_19.615568_80.345903,1,0.1396092027425766,FN
B,MH-002,MH-002_19.615568_80.346172,0,0.14518490433692932,TN
B,MH-002,MH-002_19.615568_80.346442,0,0.16349229216575623,TN
B,MH-002,MH-002_19.615568_80.346711,0,0.12141307443380356,TN
B,MH-002,MH-002_19.615568_80.346981,0,0.11493329703807831,TN
B,MH-002,MH-002_19.615568_80.34725,0,0.09206962585449219,TN
B,MH-002,MH-002_19.615568_80.34752,0,0.10197515785694122,TN
B,MH-002,MH-002_19.615568_80.347789,0,0.10903751850128174,TN
B,MH-002,MH-002_19.615568_80.348059,0,0.12867924571037292,TN
B,MH-002,MH-002_19.615568_80.348328,0,0.13643918931484222,TN
B,MH-002,MH-002_19.615568_80.348598,0,0.18716001510620117,TN
B,MH-002,MH-002_19.615568_80.348867,0,0.23801115155220032,TN
B,MH-002,MH-002_19.615568_80.349137,0,0.2993108034133911,FP
B,MH-002,MH-002_19.615298_80.335662,0,0.08156101405620575,TN
B,MH-002,MH-002_19.615298_80.335932,0,0.07262072712182999,TN
B,MH-002,MH-002_19.615298_80.336201,0,0.090640589594841,TN
B,MH-002,MH-002_19.615298_80.336471,0,0.1011405661702156,TN
B,MH-002,MH-002_19.615298_80.33674,0,0.1435593217611313,TN
B,MH-002,MH-002_19.615298_80.33701,0,0.19799818098545074,TN
B,MH-002,MH-002_19.615298_80.343747,0,0.03652874752879143,TN
B,MH-002,MH-002_19.615298_80.344016,0,0.042235009372234344,TN
B,MH-002,MH-002_19.615298_80.344286,0,0.050904788076877594,TN
B,MH-002,MH-002_19.615298_80.344555,0,0.05283133313059807,TN
B,MH-002,MH-002_19.615298_80.344825,0,0.06030770763754845,TN
B,MH-002,MH-002_19.615298_80.345094,0,0.08445719629526138,TN
B,MH-002,MH-002_19.615298_80.345364,0,0.09161484241485596,TN
B,MH-002,MH-002_19.615298_80.345633,0,0.099383644759655,TN
B,MH-002,MH-002_19.615298_80.345903,0,0.10877696424722672,TN
B,MH-002,MH-002_19.615298_80.346172,0,0.11919718980789185,TN
B,MH-002,MH-002_19.615298_80.346442,0,0.13745346665382385,TN
B,MH-002,MH-002_19.615298_80.346711,0,0.11338700354099274,TN
B,MH-002,MH-002_19.615298_80.346981,0,0.1036425232887268,TN
B,MH-002,MH-002_19.615298_80.34725,0,0.08181870728731155,TN
B,MH-002,MH-002_19.615298_80.34752,0,0.08692683279514313,TN
B,MH-002,MH-002_19.615298_80.347789,0,0.08808890730142593,TN
B,MH-002,MH-002_19.615298_80.348059,0,0.10566411167383194,TN
B,MH-002,MH-002_19.615298_80.348328,0,0.12667031586170197,TN
B,MH-002,MH-002_19.615298_80.348598,0,0.1944318264722824,TN
B,MH-002,MH-002_19.615298_80.348867,0,0.23221538960933685,TN
B,MH-002,MH-002_19.615298_80.349137,0,0.3041318655014038,FP
B,MH-002,MH-002_19.615298_80.349406,0,0.38257479667663574,FP
B,MH-002,MH-002_19.615029_80.335662,0,0.07624761015176773,TN
B,MH-002,MH-002_19.615029_80.335932,0,0.05845970660448074,TN
B,MH-002,MH-002_19.615029_80.336201,0,0.0520382821559906,TN
B,MH-002,MH-002_19.615029_80.336471,0,0.05674683675169945,TN
B,MH-002,MH-002_19.615029_80.33674,0,0.0648994892835617,TN
B,MH-002,MH-002_19.615029_80.33701,0,0.10125324875116348,TN
B,MH-002,MH-002_19.615029_80.337279,0,0.12289205938577652,TN
B,MH-002,MH-002_19.615029_80.344016,0,0.030552273616194725,TN
B,MH-002,MH-002_19.615029_80.344286,0,0.03936692327260971,TN
B,MH-002,MH-002_19.615029_80.344555,0,0.04080279916524887,TN
B,MH-002,MH-002_19.615029_80.344825,0,0.050388794392347336,TN
B,MH-002,MH-002_19.615029_80.345094,0,0.056942909955978394,TN
B,MH-002,MH-002_19.615029_80.345364,0,0.06996984034776688,TN
B,MH-002,MH-002_19.615029_80.345633,0,0.07407953590154648,TN
B,MH-002,MH-002_19.615029_80.345903,0,0.0982707217335701,TN
B,MH-002,MH-002_19.615029_80.346172,0,0.10812101513147354,TN
B,MH-002,MH-002_19.615029_80.346442,0,0.12248264253139496,TN
B,MH-002,MH-002_19.615029_80.346711,0,0.09863673895597458,TN
B,MH-002,MH-002_19.615029_80.346981,0,0.09810307621955872,TN
B,MH-002,MH-002_19.615029_80.34725,0,0.07643110305070877,TN
B,MH-002,MH-002_19.615029_80.34752,0,0.07887719571590424,TN
B,MH-002,MH-002_19.615029_80.347789,0,0.08101483434438705,TN
B,MH-002,MH-002_19.615029_80.348059,0,0.09022655338048935,TN
B,MH-002,MH-002_19.615029_80.348328,0,0.10517986118793488,TN
B,MH-002,MH-002_19.615029_80.348598,0,0.14195264875888824,TN
B,MH-002,MH-002_19.615029_80.348867,0,0.17665188014507294,TN
B,MH-002,MH-002_19.615029_80.349137,0,0.25465860962867737,FP
B,MH-002,MH-002_19.615029_80.349406,0,0.28983551263809204,FP
B,MH-002,MH-002_19.615029_80.349676,0,0.36190733313560486,FP
B,MH-002,MH-002_19.614759_80.335662,1,0.08611129969358444,FN
B,MH-002,MH-002_19.614759_80.335932,1,0.06442193686962128,FN
B,MH-002,MH-002_19.614759_80.336201,0,0.059724725782871246,TN
B,MH-002,MH-002_19.614759_80.336471,0,0.04766715317964554,TN
B,MH-002,MH-002_19.614759_80.33674,0,0.04743258282542229,TN
B,MH-002,MH-002_19.614759_80.33701,0,0.07373122125864029,TN
B,MH-002,MH-002_19.614759_80.344286,0,0.04157178848981857,TN
B,MH-002,MH-002_19.614759_80.344555,0,0.04424202814698219,TN
B,MH-002,MH-002_19.614759_80.344825,0,0.05249660834670067,TN
B,MH-002,MH-002_19.614759_80.345094,0,0.06396225094795227,TN
B,MH-002,MH-002_19.614759_80.345364,0,0.06985408812761307,TN
B,MH-002,MH-002_19.614759_80.345633,0,0.06896865367889404,TN
B,MH-002,MH-002_19.614759_80.345903,0,0.08164960891008377,TN
B,MH-002,MH-002_19.614759_80.346172,0,0.09809081256389618,TN
B,MH-002,MH-002_19.614759_80.346442,0,0.11398828774690628,TN
B,MH-002,MH-002_19.614759_80.346711,0,0.1020234003663063,TN
B,MH-002,MH-002_19.614759_80.346981,0,0.09150093048810959,TN
B,MH-002,MH-002_19.614759_80.34725,0,0.0830344557762146,TN
B,MH-002,MH-002_19.614759_80.34752,0,0.08804766088724136,TN
B,MH-002,MH-002_19.614759_80.347789,0,0.07954636216163635,TN
B,MH-002,MH-002_19.614759_80.348059,0,0.08414677530527115,TN
B,MH-002,MH-002_19.614759_80.348328,0,0.08896436542272568,TN
B,MH-002,MH-002_19.614759_80.348598,0,0.11843717843294144,TN
B,MH-002,MH-002_19.614759_80.348867,1,0.14287449419498444,FN
B,MH-002,MH-002_19.614759_80.349137,0,0.19678905606269836,TN
B,MH-002,MH-002_19.614759_80.349406,0,0.23861853778362274,TN
B,MH-002,MH-002_19.61449_80.335393,1,0.17385251820087433,FN
B,MH-002,MH-002_19.61449_80.335662,0,0.17245963215827942,TN
B,MH-002,MH-002_19.61449_80.335932,1,0.12551705539226532,FN
B,MH-002,MH-002_19.61449_80.336201,1,0.08921682089567184,FN
B,MH-002,MH-002_19.61449_80.336471,0,0.05121472850441933,TN
B,MH-002,MH-002_19.61449_80.33674,0,0.05247197300195694,TN
B,MH-002,MH-002_19.61449_80.344286,0,0.05865684151649475,TN
B,MH-002,MH-002_19.61449_80.344555,0,0.05486505478620529,TN
B,MH-002,MH-002_19.61449_80.344825,0,0.05921993404626846,TN
B,MH-002,MH-002_19.61449_80.345094,0,0.06115264073014259,TN
B,MH-002,MH-002_19.61449_80.345364,0,0.06816856563091278,TN
B,MH-002,MH-002_19.61449_80.345633,0,0.0701998695731163,TN
B,MH-002,MH-002_19.61449_80.345903,0,0.07793140411376953,TN
B,MH-002,MH-002_19.61449_80.346172,0,0.08993739634752274,TN
B,MH-002,MH-002_19.61449_80.346442,1,0.09973154217004776,FN
B,MH-002,MH-002_19.61449_80.346711,0,0.08681950718164444,TN
B,MH-002,MH-002_19.61449_80.346981,0,0.08561322093009949,TN
B,MH-002,MH-002_19.61449_80.34725,0,0.07178497314453125,TN
B,MH-002,MH-002_19.61449_80.34752,0,0.07887822389602661,TN
B,MH-002,MH-002_19.61449_80.347789,0,0.07056731730699539,TN
B,MH-002,MH-002_19.61449_80.348059,0,0.07879213988780975,TN
B,MH-002,MH-002_19.61449_80.348328,0,0.09469521045684814,TN
B,MH-002,MH-002_19.61449_80.348598,0,0.1293477863073349,TN
B,MH-002,MH-002_19.61449_80.348867,1,0.1740356832742691,FN
B,MH-002,MH-002_19.61449_80.349137,0,0.19859591126441956,TN
B,MH-002,MH-002_19.61449_80.349676,0,0.29283905029296875,FP
B,MH-002,MH-002_19.61449_80.349945,0,0.2914009988307953,FP
B,MH-002,MH-002_19.61422_80.334854,0,0.15969689190387726,TN
B,MH-002,MH-002_19.61422_80.335123,0,0.21303287148475647,TN
B,MH-002,MH-002_19.61422_80.335393,0,0.24680623412132263,TN
B,MH-002,MH-002_19.61422_80.335662,0,0.23561473190784454,TN
B,MH-002,MH-002_19.61422_80.335932,0,0.19689875841140747,TN
B,MH-002,MH-002_19.61422_80.336201,0,0.10327569395303726,TN
B,MH-002,MH-002_19.61422_80.336471,0,0.07079476118087769,TN
B,MH-002,MH-002_19.61422_80.33701,0,0.04599655047059059,TN
B,MH-002,MH-002_19.61422_80.337279,0,0.044539980590343475,TN
B,MH-002,MH-002_19.61422_80.337549,0,0.06784069538116455,TN
B,MH-002,MH-002_19.61422_80.337818,0,0.16031745076179504,TN
B,MH-002,MH-002_19.61422_80.338088,0,0.36541128158569336,FP
B,MH-002,MH-002_19.61422_80.344555,0,0.05542933568358421,TN
B,MH-002,MH-002_19.61422_80.344825,0,0.05051621422171593,TN
B,MH-002,MH-002_19.61422_80.345094,0,0.04667945206165314,TN
B,MH-002,MH-002_19.61422_80.345364,0,0.04829183593392372,TN
B,MH-002,MH-002_19.61422_80.345633,0,0.05343250185251236,TN
B,MH-002,MH-002_19.61422_80.345903,0,0.068172387778759,TN
B,MH-002,MH-002_19.61422_80.346172,0,0.08736526966094971,TN
B,MH-002,MH-002_19.61422_80.346442,1,0.10775405913591385,FN
B,MH-002,MH-002_19.61422_80.346711,0,0.1016661748290062,TN
B,MH-002,MH-002_19.61422_80.346981,0,0.09114818274974823,TN
B,MH-002,MH-002_19.61422_80.34725,0,0.07604460418224335,TN
B,MH-002,MH-002_19.61422_80.34752,0,0.08062165975570679,TN
B,MH-002,MH-002_19.61422_80.347789,0,0.07414466142654419,TN
B,MH-002,MH-002_19.61422_80.348059,0,0.07548320293426514,TN
B,MH-002,MH-002_19.61422_80.348328,0,0.10273093730211258,TN
B,MH-002,MH-002_19.61422_80.348598,1,0.14015215635299683,FN
B,MH-002,MH-002_19.61422_80.349406,0,0.24304695427417755,TN
B,MH-002,MH-002_19.61422_80.349676,0,0.3477915823459625,FP
B,MH-002,MH-002_19.61422_80.349945,0,0.3569266200065613,FP
B,MH-002,MH-002_19.613951_80.335123,0,0.3223685920238495,FP
B,MH-002,MH-002_19.613951_80.335393,0,0.2693415880203247,FP
B,MH-002,MH-002_19.613951_80.335662,0,0.29490914940834045,FP
B,MH-002,MH-002_19.613951_80.335932,0,0.18374255299568176,TN
B,MH-002,MH-002_19.613951_80.336201,0,0.11444374918937683,TN
B,MH-002,MH-002_19.613951_80.33674,0,0.04517894238233566,TN
B,MH-002,MH-002_19.613951_80.33701,0,0.03764307498931885,TN
B,MH-002,MH-002_19.613951_80.337279,0,0.039180491119623184,TN
B,MH-002,MH-002_19.613951_80.337549,0,0.0563872829079628,TN
B,MH-002,MH-002_19.613951_80.337818,0,0.1294887214899063,TN
B,MH-002,MH-002_19.613951_80.338088,1,0.2533203363418579,TP
B,MH-002,MH-002_19.613951_80.338357,0,0.5015009045600891,FP
B,MH-002,MH-002_19.613951_80.344825,1,0.033123016357421875,FN
B,MH-002,MH-002_19.613951_80.345094,0,0.03155938908457756,TN
B,MH-002,MH-002_19.613951_80.345364,0,0.033669669181108475,TN
B,MH-002,MH-002_19.613951_80.345633,0,0.04002838209271431,TN
B,MH-002,MH-002_19.613951_80.345903,0,0.05915696546435356,TN
B,MH-002,MH-002_19.613951_80.346172,0,0.08539783954620361,TN
B,MH-002,MH-002_19.613951_80.346442,0,0.09887074679136276,TN
B,MH-002,MH-002_19.613951_80.346711,0,0.09400652348995209,TN
B,MH-002,MH-002_19.613951_80.346981,0,0.09403296560049057,TN
B,MH-002,MH-002_19.613951_80.34725,0,0.08058171719312668,TN
B,MH-002,MH-002_19.613951_80.34752,0,0.08938790112733841,TN
B,MH-002,MH-002_19.613951_80.347789,0,0.08959712833166122,TN
B,MH-002,MH-002_19.613951_80.348059,0,0.11061879247426987,TN
B,MH-002,MH-002_19.613951_80.348328,0,0.13790389895439148,TN
B,MH-002,MH-002_19.613951_80.349137,0,0.23202753067016602,TN
B,MH-002,MH-002_19.613951_80.349406,0,0.3187501132488251,FP
B,MH-002,MH-002_19.613951_80.349676,0,0.37042489647865295,FP
B,MH-002,MH-002_19.613951_80.349945,0,0.38055744767189026,FP
B,MH-002,MH-002_19.613951_80.350215,0,0.4319309890270233,FP
B,MH-002,MH-002_19.613681_80.334854,0,0.3169762194156647,FP
B,MH-002,MH-002_19.613681_80.335123,0,0.3096950054168701,FP
B,MH-002,MH-002_19.613681_80.335393,0,0.28773319721221924,FP
B,MH-002,MH-002_19.613681_80.335662,0,0.25435930490493774,FP
B,MH-002,MH-002_19.613681_80.335932,0,0.20422931015491486,TN
B,MH-002,MH-002_19.613681_80.33674,0,0.036188334226608276,TN
B,MH-002,MH-002_19.613681_80.33701,0,0.035266999155282974,TN
B,MH-002,MH-002_19.613681_80.337279,0,0.030639121308922768,TN
B,MH-002,MH-002_19.613681_80.337549,0,0.049706634134054184,TN
B,MH-002,MH-002_19.613681_80.337818,0,0.10056145489215851,TN
B,MH-002,MH-002_19.613681_80.338088,1,0.25658825039863586,TP
B,MH-002,MH-002_19.613681_80.338357,1,0.48212578892707825,TP
B,MH-002,MH-002_19.613681_80.338627,0,0.6061305403709412,FP
B,MH-002,MH-002_19.613681_80.344825,0,0.030092881992459297,TN
B,MH-002,MH-002_19.613681_80.345094,0,0.027357026934623718,TN
B,MH-002,MH-002_19.613681_80.345364,0,0.032448627054691315,TN
B,MH-002,MH-002_19.613681_80.345633,0,0.03639824315905571,TN
B,MH-002,MH-002_19.613681_80.345903,0,0.06238982081413269,TN
B,MH-002,MH-002_19.613681_80.346172,0,0.09414166957139969,TN
B,MH-002,MH-002_19.613681_80.346442,0,0.12012600898742676,TN
B,MH-002,MH-002_19.613681_80.346711,0,0.11202505230903625,TN
B,MH-002,MH-002_19.613681_80.346981,0,0.10054349899291992,TN
B,MH-002,MH-002_19.613681_80.34725,0,0.09416031092405319,TN
B,MH-002,MH-002_19.613681_80.34752,0,0.09975198656320572,TN
B,MH-002,MH-002_19.613681_80.347789,0,0.10974977165460587,TN
B,MH-002,MH-002_19.613681_80.348059,0,0.10999343544244766,TN
B,MH-002,MH-002_19.613681_80.349137,0,0.2711034119129181,FP
B,MH-002,MH-002_19.613681_80.349406,0,0.32391366362571716,FP
B,MH-002,MH-002_19.613681_80.349676,0,0.43848544359207153,FP
B,MH-002,MH-002_19.613681_80.349945,0,0.42882466316223145,FP
B,MH-002,MH-002_19.613681_80.350215,0,0.437749981880188,FP
B,MH-002,MH-002_19.613412_80.334854,0,0.35098448395729065,FP
B,MH-002,MH-002_19.613412_80.335123,0,0.2872702479362488,FP
B,MH-002,MH-002_19.613412_80.335393,0,0.25918295979499817,FP
B,MH-002,MH-002_19.613412_80.335662,0,0.2117753028869629,TN
B,MH-002,MH-002_19.613412_80.335932,0,0.1585996150970459,TN
B,MH-002,MH-002_19.613412_80.33674,0,0.03467254340648651,TN
B,MH-002,MH-002_19.613412_80.33701,0,0.02970713935792446,TN
B,MH-002,MH-002_19.613412_80.337279,0,0.02987414412200451,TN
B,MH-002,MH-002_19.613412_80.337549,0,0.04069273918867111,TN
B,MH-002,MH-002_19.613412_80.337818,0,0.07850499451160431,TN
B,MH-002,MH-002_19.613412_80.338088,0,0.16813449561595917,TN
B,MH-002,MH-002_19.613412_80.338357,0,0.3982740044593811,FP
B,MH-002,MH-002_19.613412_80.345094,0,0.02699287235736847,TN
B,MH-002,MH-002_19.613412_80.345364,0,0.03185882046818733,TN
B,MH-002,MH-002_19.613412_80.345633,0,0.041165027767419815,TN
B,MH-002,MH-002_19.613412_80.345903,0,0.07175972312688828,TN
B,MH-002,MH-002_19.613412_80.346172,0,0.09245005249977112,TN
B,MH-002,MH-002_19.613412_80.346442,0,0.11163301020860672,TN
B,MH-002,MH-002_19.613412_80.346711,0,0.10166510939598083,TN
B,MH-002,MH-002_19.613412_80.346981,0,0.1011262834072113,TN
B,MH-002,MH-002_19.613412_80.34725,1,0.09611634165048599,FN
B,MH-002,MH-002_19.613412_80.34752,0,0.10757853090763092,TN
B,MH-002,MH-002_19.613412_80.347789,0,0.12681598961353302,TN
B,MH-002,MH-002_19.613412_80.349137,1,0.3166491687297821,TP
B,MH-002,MH-002_19.613412_80.349406,0,0.38837677240371704,FP
B,MH-002,MH-002_19.613412_80.349676,0,0.47460880875587463,FP
B,MH-002,MH-002_19.613412_80.349945,0,0.38648879528045654,FP
B,MH-002,MH-002_19.613412_80.350215,0,0.4182324707508087,FP
B,MH-002,MH-002_19.613412_80.350484,0,0.33922410011291504,FP
B,MH-002,MH-002_19.613142_80.334854,0,0.2836170792579651,FP
B,MH-002,MH-002_19.613142_80.335123,0,0.20822468400001526,TN
B,MH-002,MH-002_19.613142_80.335393,0,0.24505311250686646,TN
B,MH-002,MH-002_19.613142_80.335662,0,0.18900148570537567,TN
B,MH-002,MH-002_19.613142_80.335932,0,0.14391548931598663,TN
B,MH-002,MH-002_19.613142_80.33674,0,0.032976314425468445,TN
B,MH-002,MH-002_19.613142_80.33701,0,0.029187653213739395,TN
B,MH-002,MH-002_19.613142_80.337279,0,0.02680799923837185,TN
B,MH-002,MH-002_19.613142_80.337549,0,0.0377105250954628,TN
B,MH-002,MH-002_19.613142_80.337818,0,0.06931731849908829,TN
B,MH-002,MH-002_19.613142_80.338088,0,0.17781707644462585,TN
B,MH-002,MH-002_19.613142_80.338357,0,0.35310879349708557,FP
B,MH-002,MH-002_19.613142_80.345094,0,0.026898421347141266,TN
B,MH-002,MH-002_19.613142_80.345364,0,0.03931134566664696,TN
B,MH-002,MH-002_19.613142_80.345633,0,0.04679151251912117,TN
B,MH-002,MH-002_19.613142_80.345903,0,0.08679386228322983,TN
B,MH-002,MH-002_19.613142_80.346172,0,0.11360199004411697,TN
B,MH-002,MH-002_19.613142_80.346442,0,0.1368321031332016,TN
B,MH-002,MH-002_19.613142_80.346711,0,0.11478970944881439,TN
B,MH-002,MH-002_19.613142_80.346981,0,0.10626417398452759,TN
B,MH-002,MH-002_19.613142_80.34725,0,0.1016060933470726,TN
B,MH-002,MH-002_19.613142_80.34752,1,0.10952736437320709,FN
B,MH-002,MH-002_19.613142_80.347789,0,0.1236104965209961,TN
B,MH-002,MH-002_19.613142_80.348598,0,0.19077633321285248,TN
B,MH-002,MH-002_19.613142_80.348867,0,0.26793545484542847,FP
B,MH-002,MH-002_19.613142_80.349406,0,0.36455482244491577,FP
B,MH-002,MH-002_19.613142_80.349676,0,0.4708173871040344,FP
B,MH-002,MH-002_19.613142_80.349945,0,0.36983349919319153,FP
B,MH-002,MH-002_19.613142_80.350215,0,0.33777427673339844,FP
B,MH-002,MH-002_19.613142_80.350754,0,0.21305929124355316,TN
B,MH-002,MH-002_19.612873_80.334854,0,0.3365502953529358,FP
B,MH-002,MH-002_19.612873_80.335123,0,0.23845607042312622,TN
B,MH-002,MH-002_19.612873_80.335393,0,0.1965431272983551,TN
B,MH-002,MH-002_19.612873_80.335662,0,0.1782752424478531,TN
B,MH-002,MH-002_19.612873_80.335932,0,0.13333405554294586,TN
B,MH-002,MH-002_19.612873_80.336201,0,0.06427289545536041,TN
B,MH-002,MH-002_19.612873_80.33701,0,0.033547066152095795,TN
B,MH-002,MH-002_19.612873_80.337279,0,0.03051845356822014,TN
B,MH-002,MH-002_19.612873_80.337549,0,0.03618728742003441,TN
B,MH-002,MH-002_19.612873_80.337818,0,0.06880474835634232,TN
B,MH-002,MH-002_19.612873_80.338088,0,0.14496693015098572,TN
B,MH-002,MH-002_19.612873_80.338357,0,0.33775794506073,FP
B,MH-002,MH-002_19.612873_80.344825,0,0.020000901073217392,TN
B,MH-002,MH-002_19.612873_80.345094,0,0.02440202236175537,TN
B,MH-002,MH-002_19.612873_80.345364,0,0.03251250833272934,TN
B,MH-002,MH-002_19.612873_80.345633,0,0.04638737067580223,TN
B,MH-002,MH-002_19.612873_80.345903,0,0.07859045267105103,TN
B,MH-002,MH-002_19.612873_80.346172,0,0.11842070519924164,TN
B,MH-002,MH-002_19.612873_80.346442,0,0.1322861909866333,TN
B,MH-002,MH-002_19.612873_80.346711,0,0.12770341336727142,TN
B,MH-002,MH-002_19.612873_80.346981,0,0.13021254539489746,TN
B,MH-002,MH-002_19.612873_80.34725,0,0.11408351361751556,TN
B,MH-002,MH-002_19.612873_80.34752,0,0.12325669080018997,TN
B,MH-002,MH-002_19.612873_80.347789,0,0.12473612278699875,TN
B,MH-002,MH-002_19.612873_80.348059,0,0.14539526402950287,TN
B,MH-002,MH-002_19.612873_80.348328,0,0.19540831446647644,TN
B,MH-002,MH-002_19.612873_80.348598,0,0.23289567232131958,TN
B,MH-002,MH-002_19.612873_80.348867,1,0.304529070854187,TP
B,MH-002,MH-002_19.612873_80.349676,0,0.4263933598995209,FP
B,MH-002,MH-002_19.612873_80.349945,0,0.35118988156318665,FP
B,MH-002,MH-002_19.612873_80.350215,0,0.2829437553882599,FP
B,MH-002,MH-002_19.612873_80.350754,0,0.19205044209957123,TN
B,MH-002,MH-002_19.612873_80.351023,0,0.20098191499710083,TN
B,MH-002,MH-002_19.612603_80.335123,0,0.27425649762153625,FP
B,MH-002,MH-002_19.612603_80.335393,0,0.24432073533535004,TN
B,MH-002,MH-002_19.612603_80.335662,0,0.17329633235931396,TN
B,MH-002,MH-002_19.612603_80.335932,0,0.16730961203575134,TN
B,MH-002,MH-002_19.612603_80.336201,0,0.09375343471765518,TN
B,MH-002,MH-002_19.612603_80.336471,0,0.08042246848344803,TN
B,MH-002,MH-002_19.612603_80.337279,0,0.06192763149738312,TN
B,MH-002,MH-002_19.612603_80.337549,0,0.06943392753601074,TN
B,MH-002,MH-002_19.612603_80.337818,0,0.11323917657136917,TN
B,MH-002,MH-002_19.612603_80.338088,0,0.2303038090467453,TN
B,MH-002,MH-002_19.612603_80.338357,0,0.37115028500556946,FP
B,MH-002,MH-002_19.612603_80.338627,1,0.5309290885925293,TP
B,MH-002,MH-002_19.612603_80.344555,0,0.01892971806228161,TN
B,MH-002,MH-002_19.612603_80.344825,0,0.018088923767209053,TN
B,MH-002,MH-002_19.612603_80.345094,0,0.022616827860474586,TN
B,MH-002,MH-002_19.612603_80.345364,0,0.034283533692359924,TN
B,MH-002,MH-002_19.612603_80.345633,0,0.0495256744325161,TN
B,MH-002,MH-002_19.612603_80.345903,0,0.1008799821138382,TN
B,MH-002,MH-002_19.612603_80.346172,0,0.14562776684761047,TN
B,MH-002,MH-002_19.612603_80.346442,0,0.1753578931093216,TN
B,MH-002,MH-002_19.612603_80.346711,0,0.1455041468143463,TN
B,MH-002,MH-002_19.612603_80.34725,0,0.12190435081720352,TN
B,MH-002,MH-002_19.612603_80.34752,0,0.12332450598478317,TN
B,MH-002,MH-002_19.612603_80.347789,0,0.11591216921806335,TN
B,MH-002,MH-002_19.612603_80.348059,0,0.13130232691764832,TN
B,MH-002,MH-002_19.612603_80.348328,0,0.19281037151813507,TN
B,MH-002,MH-002_19.612603_80.348598,0,0.22535938024520874,TN
B,MH-002,MH-002_19.612603_80.348867,0,0.28277817368507385,FP
B,MH-002,MH-002_19.612603_80.349137,0,0.2941672205924988,FP
B,MH-002,MH-002_19.612603_80.349676,0,0.3422662615776062,FP
B,MH-002,MH-002_19.612603_80.349945,0,0.27539393305778503,FP
B,MH-002,MH-002_19.612603_80.350215,0,0.23417015373706818,TN
B,MH-002,MH-002_19.612603_80.350484,0,0.20925100147724152,TN
B,MH-002,MH-002_19.612603_80.350754,0,0.14309120178222656,TN
B,MH-002,MH-002_19.612603_80.351023,0,0.1668008267879486,TN
B,MH-002,MH-002_19.612603_80.351293,0,0.16624842584133148,TN
B,MH-002,MH-002_19.612334_80.335123,0,0.3472423255443573,FP
B,MH-002,MH-002_19.612334_80.335393,0,0.28292539715766907,FP
B,MH-002,MH-002_19.612334_80.335662,0,0.21231737732887268,TN
B,MH-002,MH-002_19.612334_80.335932,0,0.23978568613529205,TN
B,MH-002,MH-002_19.612334_80.336201,0,0.14448581635951996,TN
B,MH-002,MH-002_19.612334_80.33701,0,0.09425310790538788,TN
B,MH-002,MH-002_19.612334_80.337279,0,0.08288224041461945,TN
B,MH-002,MH-002_19.612334_80.337549,0,0.08765106648206711,TN
B,MH-002,MH-002_19.612334_80.337818,0,0.13723278045654297,TN
B,MH-002,MH-002_19.612334_80.338088,0,0.2299865037202835,TN
B,MH-002,MH-002_19.612334_80.338357,0,0.3454873263835907,FP
B,MH-002,MH-002_19.612334_80.338627,1,0.4596104025840759,TP
B,MH-002,MH-002_19.612334_80.338896,1,0.5924907922744751,TP
B,MH-002,MH-002_19.612334_80.339166,1,0.7014039754867554,TP
B,MH-002,MH-002_19.612334_80.344286,0,0.03501849249005318,TN
B,MH-002,MH-002_19.612334_80.344555,0,0.016144244000315666,TN
B,MH-002,MH-002_19.612334_80.344825,0,0.021543247625231743,TN
B,MH-002,MH-002_19.612334_80.345094,0,0.029487643390893936,TN
B,MH-002,MH-002_19.612334_80.345364,0,0.04527666047215462,TN
B,MH-002,MH-002_19.612334_80.345633,0,0.058704596012830734,TN
B,MH-002,MH-002_19.612334_80.345903,0,0.11622712016105652,TN
B,MH-002,MH-002_19.612334_80.346172,0,0.17235466837882996,TN
B,MH-002,MH-002_19.612334_80.346442,0,0.1995549201965332,TN
B,MH-002,MH-002_19.612334_80.346981,0,0.17424990236759186,TN
B,MH-002,MH-002_19.612334_80.34725,0,0.13588324189186096,TN
B,MH-002,MH-002_19.612334_80.34752,0,0.14513401687145233,TN
B,MH-002,MH-002_19.612334_80.347789,1,0.12515604496002197,FN
B,MH-002,MH-002_19.612334_80.348059,0,0.14999784529209137,TN
B,MH-002,MH-002_19.612334_80.348328,0,0.20784923434257507,TN
B,MH-002,MH-002_19.612334_80.348598,0,0.24363048374652863,TN
B,MH-002,MH-002_19.612334_80.348867,0,0.26472827792167664,FP
B,MH-002,MH-002_19.612334_80.349137,0,0.2711597979068756,FP
B,MH-002,MH-002_19.612334_80.349676,0,0.28080612421035767,FP
B,MH-002,MH-002_19.612334_80.349945,0,0.22214506566524506,TN
B,MH-002,MH-002_19.612334_80.350215,0,0.15622465312480927,TN
B,MH-002,MH-002_19.612334_80.350484,0,0.14576174318790436,TN
B,MH-002,MH-002_19.612334_80.350754,0,0.10703334957361221,TN
B,MH-002,MH-002_19.612334_80.351023,0,0.12816545367240906,TN
B,MH-002,MH-002_19.612334_80.351293,0,0.12358560413122177,TN
B,MH-002,MH-002_19.612064_80.335123,0,0.35997825860977173,FP
B,MH-002,MH-002_19.612064_80.335393,0,0.3082277774810791,FP
B,MH-002,MH-002_19.612064_80.335662,0,0.2461424618959427,TN
B,MH-002,MH-002_19.612064_80.33674,0,0.1503494828939438,TN
B,MH-002,MH-002_19.612064_80.33701,0,0.12068536132574081,TN
B,MH-002,MH-002_19.612064_80.337279,0,0.10314802825450897,TN
B,MH-002,MH-002_19.612064_80.337549,0,0.0987623780965805,TN
B,MH-002,MH-002_19.612064_80.337818,0,0.15201708674430847,TN
B,MH-002,MH-002_19.612064_80.338088,0,0.25285670161247253,FP
B,MH-002,MH-002_19.612064_80.338357,1,0.3202891945838928,TP
B,MH-002,MH-002_19.612064_80.338627,0,0.42641451954841614,FP
B,MH-002,MH-002_19.612064_80.338896,1,0.5227394104003906,TP
B,MH-002,MH-002_19.612064_80.339166,1,0.6712959408760071,TP
B,MH-002,MH-002_19.612064_80.339435,1,0.7377350330352783,TP
B,MH-002,MH-002_19.612064_80.344016,1,0.053871966898441315,FN
B,MH-002,MH-002_19.612064_80.344286,1,0.019717616960406303,FN
B,MH-002,MH-002_19.612064_80.344555,0,0.012695537880063057,TN
B,MH-002,MH-002_19.612064_80.344825,0,0.01784248650074005,TN
B,MH-002,MH-002_19.612064_80.345094,0,0.024483412504196167,TN
B,MH-002,MH-002_19.612064_80.345364,1,0.04335816204547882,FN
B,MH-002,MH-002_19.612064_80.345633,0,0.058024823665618896,TN
B,MH-002,MH-002_19.612064_80.345903,0,0.13749296963214874,TN
B,MH-002,MH-002_19.612064_80.346172,0,0.2068912237882614,TN
B,MH-002,MH-002_19.612064_80.346442,0,0.24931490421295166,TN
B,MH-002,MH-002_19.612064_80.346711,0,0.21023112535476685,TN
B,MH-002,MH-002_19.612064_80.346981,0,0.20470121502876282,TN
B,MH-002,MH-002_19.612064_80.34725,0,0.1660669445991516,TN
B,MH-002,MH-002_19.612064_80.34752,0,0.16104108095169067,TN
B,MH-002,MH-002_19.612064_80.347789,0,0.15440566837787628,TN
B,MH-002,MH-002_19.612064_80.348059,0,0.1778528243303299,TN
B,MH-002,MH-002_19.612064_80.348328,0,0.21984075009822845,TN
B,MH-002,MH-002_19.612064_80.348598,0,0.2305273413658142,TN
B,MH-002,MH-002_19.612064_80.348867,0,0.25490522384643555,FP
B,MH-002,MH-002_19.612064_80.349137,0,0.23907025158405304,TN
B,MH-002,MH-002_19.612064_80.349676,0,0.19473174214363098,TN
B,MH-002,MH-002_19.612064_80.349945,0,0.15366636216640472,TN
B,MH-002,MH-002_19.612064_80.350215,0,0.11186326295137405,TN
B,MH-002,MH-002_19.612064_80.350484,0,0.09635747969150543,TN
B,MH-002,MH-002_19.612064_80.350754,0,0.07010537385940552,TN
B,MH-002,MH-002_19.612064_80.351023,0,0.10373823344707489,TN
B,MH-002,MH-002_19.612064_80.351293,0,0.09408698976039886,TN
B,MH-002,MH-002_19.612064_80.351562,0,0.13537068665027618,TN
B,MH-002,MH-002_19.611795_80.335393,1,0.33233407139778137,TP
B,MH-002,MH-002_19.611795_80.336201,0,0.2320948988199234,TN
B,MH-002,MH-002_19.611795_80.336471,0,0.20258741080760956,TN
B,MH-002,MH-002_19.611795_80.33674,0,0.1568114012479782,TN
B,MH-002,MH-002_19.611795_80.33701,0,0.12726667523384094,TN
B,MH-002,MH-002_19.611795_80.337279,0,0.11909250169992447,TN
B,MH-002,MH-002_19.611795_80.337549,0,0.11337938904762268,TN
B,MH-002,MH-002_19.611795_80.337818,0,0.1563342809677124,TN
B,MH-002,MH-002_19.611795_80.338088,1,0.2205457091331482,FN
B,MH-002,MH-002_19.611795_80.338896,1,0.46021634340286255,TP
B,MH-002,MH-002_19.611795_80.339166,1,0.5694180130958557,TP
B,MH-002,MH-002_19.611795_80.339435,0,0.6290208101272583,FP
B,MH-002,MH-002_19.611795_80.339705,1,0.6802191138267517,TP
B,MH-002,MH-002_19.611795_80.339974,1,0.7714357972145081,TP
B,MH-002,MH-002_19.611795_80.340244,1,0.8038976192474365,TP
B,MH-002,MH-002_19.611795_80.340513,1,0.879585862159729,TP
B,MH-002,MH-002_19.611795_80.340783,0,0.8690678477287292,FP
B,MH-002,MH-002_19.611795_80.343747,0,0.05769742280244827,TN
B,MH-002,MH-002_19.611795_80.344016,0,0.02366263046860695,TN
B,MH-002,MH-002_19.611795_80.344286,0,0.012516016140580177,TN
B,MH-002,MH-002_19.611795_80.344555,1,0.008224117569625378,FN
B,MH-002,MH-002_19.611795_80.344825,1,0.013323492370545864,FN
B,MH-002,MH-002_19.611795_80.345094,1,0.025303490459918976,FN
B,MH-002,MH-002_19.611795_80.345364,1,0.04275722801685333,FN
B,MH-002,MH-002_19.611795_80.345633,1,0.06957288086414337,FN
B,MH-002,MH-002_19.611795_80.345903,1,0.13324688374996185,FN
B,MH-002,MH-002_19.611795_80.346172,1,0.21894477307796478,FN
B,MH-002,MH-002_19.611795_80.346442,0,0.23538118600845337,TN
B,MH-002,MH-002_19.611795_80.346711,0,0.2309901863336563,TN
B,MH-002,MH-002_19.611795_80.346981,0,0.21701960265636444,TN
B,MH-002,MH-002_19.611795_80.34725,0,0.19390611350536346,TN
B,MH-002,MH-002_19.611795_80.34752,0,0.1782492995262146,TN
B,MH-002,MH-002_19.611795_80.347789,0,0.15898792445659637,TN
B,MH-002,MH-002_19.611795_80.348059,1,0.15628720819950104,FN
B,MH-002,MH-002_19.611795_80.348328,1,0.22762149572372437,FN
B,MH-002,MH-002_19.611795_80.348598,0,0.242069810628891,TN
B,MH-002,MH-002_19.611795_80.348867,0,0.22942852973937988,TN
B,MH-002,MH-002_19.611795_80.349137,0,0.1902691274881363,TN
B,MH-002,MH-002_19.611795_80.349676,0,0.15938889980316162,TN
B,MH-002,MH-002_19.611795_80.349945,0,0.10936673730611801,TN
B,MH-002,MH-002_19.611795_80.350484,0,0.0798783227801323,TN
B,MH-002,MH-002_19.611795_80.350754,0,0.06302189081907272,TN
B,MH-002,MH-002_19.611795_80.351023,0,0.07814987003803253,TN
B,MH-002,MH-002_19.611795_80.351293,0,0.08730550110340118,TN
B,MH-002,MH-002_19.611795_80.351562,0,0.1256386786699295,TN
B,MH-002,MH-002_19.611795_80.351832,0,0.14754609763622284,TN
B,MH-002,MH-002_19.611525_80.335932,0,0.2980648875236511,FP
B,MH-002,MH-002_19.611525_80.336201,0,0.28232550621032715,FP
B,MH-002,MH-002_19.611525_80.336471,0,0.21243366599082947,TN
B,MH-002,MH-002_19.611525_80.33674,0,0.17232656478881836,TN
B,MH-002,MH-002_19.611525_80.33701,0,0.1342833936214447,TN
B,MH-002,MH-002_19.611525_80.337279,0,0.11833267658948898,TN
B,MH-002,MH-002_19.611525_80.337549,0,0.12150014191865921,TN
B,MH-002,MH-002_19.611525_80.337818,0,0.1590666025876999,TN
B,MH-002,MH-002_19.611525_80.338088,0,0.19841788709163666,TN
B,MH-002,MH-002_19.611525_80.338896,0,0.32156652212142944,FP
B,MH-002,MH-002_19.611525_80.339166,0,0.40861445665359497,FP
B,MH-002,MH-002_19.611525_80.339435,0,0.5137574672698975,FP
B,MH-002,MH-002_19.611525_80.339705,1,0.509208619594574,TP
B,MH-002,MH-002_19.611525_80.339974,1,0.6103845238685608,TP
B,MH-002,MH-002_19.611525_80.340244,1,0.6532283425331116,TP
B,MH-002,MH-002_19.611525_80.340513,1,0.7671425342559814,TP
B,MH-002,MH-002_19.611525_80.340783,1,0.7291014790534973,TP
B,MH-002,MH-002_19.611525_80.341052,0,0.816074550151825,FP
B,MH-002,MH-002_19.611525_80.343747,0,0.033928245306015015,TN
B,MH-002,MH-002_19.611525_80.344016,0,0.016743604093790054,TN
B,MH-002,MH-002_19.611525_80.344286,0,0.010004177689552307,TN
B,MH-002,MH-002_19.611525_80.344555,0,0.009920505806803703,TN
B,MH-002,MH-002_19.611525_80.344825,0,0.01906871609389782,TN
B,MH-002,MH-002_19.611525_80.345094,0,0.040165625512599945,TN
B,MH-002,MH-002_19.611525_80.345364,0,0.07481147348880768,TN
B,MH-002,MH-002_19.611525_80.345633,1,0.09806665033102036,FN
B,MH-002,MH-002_19.611525_80.345903,1,0.17171016335487366,FN
B,MH-002,MH-002_19.611525_80.346172,1,0.24028679728507996,FN
B,MH-002,MH-002_19.611525_80.346442,0,0.2771673798561096,FP
B,MH-002,MH-002_19.611525_80.346711,0,0.2405003011226654,TN
B,MH-002,MH-002_19.611525_80.346981,0,0.24221239984035492,TN
B,MH-002,MH-002_19.611525_80.34725,0,0.24101820588111877,TN
B,MH-002,MH-002_19.611525_80.34752,0,0.21566160023212433,TN
B,MH-002,MH-002_19.611525_80.347789,0,0.20462100207805634,TN
B,MH-002,MH-002_19.611525_80.348059,0,0.2115108221769333,TN
B,MH-002,MH-002_19.611525_80.348328,0,0.2933967709541321,FP
B,MH-002,MH-002_19.611525_80.348598,1,0.28150102496147156,TP
B,MH-002,MH-002_19.611525_80.348867,0,0.2554202079772949,FP
B,MH-002,MH-002_19.611525_80.349137,0,0.20164915919303894,TN
B,MH-002,MH-002_19.611525_80.349676,0,0.13933466374874115,TN
B,MH-002,MH-002_19.611525_80.349945,0,0.1017935648560524,TN
B,MH-002,MH-002_19.611525_80.350484,0,0.08434407413005829,TN
B,MH-002,MH-002_19.611525_80.350754,0,0.06662562489509583,TN
B,MH-002,MH-002_19.611525_80.351023,0,0.07349920272827148,TN
B,MH-002,MH-002_19.611525_80.351293,0,0.08216788619756699,TN
B,MH-002,MH-002_19.611525_80.351562,0,0.13231556117534637,TN
B,MH-002,MH-002_19.611525_80.351832,0,0.19986392557621002,TN
B,MH-002,MH-002_19.611256_80.335932,0,0.276508629322052,FP
B,MH-002,MH-002_19.611256_80.336201,0,0.23712140321731567,TN
B,MH-002,MH-002_19.611256_80.336471,0,0.17228782176971436,TN
B,MH-002,MH-002_19.611256_80.33674,0,0.1413392424583435,TN
B,MH-002,MH-002_19.611256_80.33701,0,0.1276479959487915,TN
B,MH-002,MH-002_19.611256_80.337279,0,0.11761926859617233,TN
B,MH-002,MH-002_19.611256_80.337549,0,0.11117944121360779,TN
B,MH-002,MH-002_19.611256_80.337818,0,0.13927896320819855,TN
B,MH-002,MH-002_19.611256_80.338088,0,0.16844885051250458,TN
B,MH-002,MH-002_19.611256_80.338357,0,0.19035612046718597,TN
B,MH-002,MH-002_19.611256_80.338627,0,0.2278815507888794,TN
B,MH-002,MH-002_19.611256_80.338896,0,0.26705753803253174,FP
B,MH-002,MH-002_19.611256_80.339166,0,0.33384761214256287,FP
B,MH-002,MH-002_19.611256_80.339435,1,0.38982078433036804,TP
B,MH-002,MH-002_19.611256_80.339705,1,0.3682501018047333,TP
B,MH-002,MH-002_19.611256_80.339974,1,0.39138296246528625,TP
B,MH-002,MH-002_19.611256_80.340244,1,0.4773995876312256,TP
B,MH-002,MH-002_19.611256_80.340513,1,0.5095791220664978,TP
B,MH-002,MH-002_19.611256_80.340783,1,0.49065908789634705,TP
B,MH-002,MH-002_19.611256_80.341052,1,0.5717994570732117,TP
B,MH-002,MH-002_19.611256_80.341322,1,0.5439440011978149,TP
B,MH-002,MH-002_19.611256_80.341591,0,0.6372467875480652,FP
B,MH-002,MH-002_19.611256_80.343747,1,0.03591320663690567,FN
B,MH-002,MH-002_19.611256_80.344016,0,0.020272402092814445,TN
B,MH-002,MH-002_19.611256_80.344286,0,0.016407426446676254,TN
B,MH-002,MH-002_19.611256_80.344555,1,0.01958167552947998,FN
B,MH-002,MH-002_19.611256_80.344825,0,0.04569375887513161,TN
B,MH-002,MH-002_19.611256_80.345094,0,0.10258665680885315,TN
B,MH-002,MH-002_19.611256_80.345364,0,0.1313915252685547,TN
B,MH-002,MH-002_19.611256_80.345633,0,0.16083523631095886,TN
B,MH-002,MH-002_19.611256_80.345903,0,0.21923460066318512,TN
B,MH-002,MH-002_19.611256_80.346172,0,0.2567732632160187,FP
B,MH-002,MH-002_19.611256_80.346442,0,0.2786842882633209,FP
B,MH-002,MH-002_19.611256_80.346711,0,0.27251574397087097,FP
B,MH-002,MH-002_19.611256_80.346981,1,0.28439435362815857,TP
B,MH-002,MH-002_19.611256_80.34725,0,0.2749332785606384,FP
B,MH-002,MH-002_19.611256_80.34752,0,0.24309515953063965,TN
B,MH-002,MH-002_19.611256_80.347789,0,0.23123173415660858,TN
B,MH-002,MH-002_19.611256_80.348059,0,0.22768399119377136,TN
B,MH-002,MH-002_19.611256_80.348328,0,0.2558007538318634,FP
B,MH-002,MH-002_19.611256_80.348598,0,0.2367425113916397,TN
B,MH-002,MH-002_19.611256_80.348867,0,0.20339874923229218,TN
B,MH-002,MH-002_19.611256_80.349406,0,0.16525843739509583,TN
B,MH-002,MH-002_19.611256_80.349676,0,0.1257053017616272,TN
B,MH-002,MH-002_19.611256_80.349945,0,0.09990956634283066,TN
B,MH-002,MH-002_19.611256_80.350484,0,0.0805310308933258,TN
B,MH-002,MH-002_19.611256_80.350754,0,0.07867106050252914,TN
B,MH-002,MH-002_19.611256_80.351023,0,0.08373580873012543,TN
B,MH-002,MH-002_19.611256_80.351293,0,0.09414438903331757,TN
B,MH-002,MH-002_19.611256_80.351562,0,0.14785373210906982,TN
B,MH-002,MH-002_19.611256_80.351832,0,0.24040614068508148,TN
B,MH-002,MH-002_19.611256_80.352101,0,0.30651867389678955,FP
B,MH-002,MH-002_19.610986_80.335932,0,0.20574913918972015,TN
B,MH-002,MH-002_19.610986_80.336201,0,0.17952343821525574,TN
B,MH-002,MH-002_19.610986_80.336471,0,0.13197480142116547,TN
B,MH-002,MH-002_19.610986_80.33674,0,0.11938188970088959,TN
B,MH-002,MH-002_19.610986_80.33701,0,0.1056852713227272,TN
B,MH-002,MH-002_19.610986_80.337279,0,0.11311563104391098,TN
B,MH-002,MH-002_19.610986_80.337549,0,0.09541893750429153,TN
B,MH-002,MH-002_19.610986_80.337818,0,0.12102289497852325,TN
B,MH-002,MH-002_19.610986_80.338088,0,0.14381328225135803,TN
B,MH-002,MH-002_19.610986_80.338357,0,0.173502579331398,TN
B,MH-002,MH-002_19.610986_80.338627,0,0.20662963390350342,TN
B,MH-002,MH-002_19.610986_80.338896,0,0.23652051389217377,TN
B,MH-002,MH-002_19.610986_80.339166,0,0.2792961597442627,FP
B,MH-002,MH-002_19.610986_80.339435,1,0.308329701423645,TP
B,MH-002,MH-002_19.610986_80.339705,1,0.3037711977958679,TP
B,MH-002,MH-002_19.610986_80.339974,0,0.30046209692955017,FP
B,MH-002,MH-002_19.610986_80.340244,0,0.33936822414398193,FP
B,MH-002,MH-002_19.610986_80.340513,1,0.3762368857860565,TP
B,MH-002,MH-002_19.610986_80.340783,1,0.3520943224430084,TP
B,MH-002,MH-002_19.610986_80.341052,1,0.3843640387058258,TP
B,MH-002,MH-002_19.610986_80.341322,1,0.36177197098731995,TP
B,MH-002,MH-002_19.610986_80.341591,1,0.4674076437950134,TP
B,MH-002,MH-002_19.610986_80.34186,0,0.421128511428833,FP
B,MH-002,MH-002_19.610986_80.34213,0,0.42695626616477966,FP
B,MH-002,MH-002_19.610986_80.343747,0,0.05353410169482231,TN
B,MH-002,MH-002_19.610986_80.344016,0,0.04254325479269028,TN
B,MH-002,MH-002_19.610986_80.344286,0,0.02803342230618,TN
B,MH-002,MH-002_19.610986_80.344555,0,0.04639207199215889,TN
B,MH-002,MH-002_19.610986_80.344825,1,0.09542001038789749,FN
B,MH-002,MH-002_19.610986_80.345094,0,0.16201792657375336,TN
B,MH-002,MH-002_19.610986_80.345364,0,0.20933862030506134,TN
B,MH-002,MH-002_19.610986_80.345633,0,0.2101067155599594,TN
B,MH-002,MH-002_19.610986_80.345903,0,0.2530807554721832,FP
B,MH-002,MH-002_19.610986_80.346172,1,0.27593064308166504,TP
B,MH-002,MH-002_19.610986_80.346442,0,0.29849371314048767,FP
B,MH-002,MH-002_19.610986_80.346711,0,0.31414926052093506,FP
B,MH-002,MH-002_19.610986_80.346981,1,0.33217114210128784,TP
B,MH-002,MH-002_19.610986_80.34725,0,0.31133604049682617,FP
B,MH-002,MH-002_19.610986_80.34752,0,0.2969157099723816,FP
B,MH-002,MH-002_19.610986_80.347789,0,0.26942941546440125,FP
B,MH-002,MH-002_19.610986_80.348059,0,0.29552939534187317,FP
B,MH-002,MH-002_19.610986_80.348328,0,0.3406158983707428,FP
B,MH-002,MH-002_19.610986_80.348598,0,0.31961870193481445,FP
B,MH-002,MH-002_19.610986_80.349406,0,0.23203009366989136,TN
B,MH-002,MH-002_19.610986_80.349676,0,0.16240888833999634,TN
B,MH-002,MH-002_19.610986_80.350215,0,0.1168985515832901,TN
B,MH-002,MH-002_19.610986_80.350484,0,0.09144121408462524,TN
B,MH-002,MH-002_19.610986_80.350754,0,0.08676041662693024,TN
B,MH-002,MH-002_19.610986_80.351023,0,0.09370379149913788,TN
B,MH-002,MH-002_19.610986_80.351293,0,0.09590047597885132,TN
B,MH-002,MH-002_19.610986_80.351562,0,0.14869371056556702,TN
B,MH-002,MH-002_19.610986_80.351832,0,0.24147717654705048,TN
B,MH-002,MH-002_19.610986_80.352101,0,0.33604246377944946,FP
B,MH-002,MH-002_19.610986_80.352371,0,0.3928399682044983,FP
B,MH-002,MH-002_19.610717_80.336201,0,0.14876456558704376,TN
B,MH-002,MH-002_19.610717_80.336471,0,0.11138226091861725,TN
B,MH-002,MH-002_19.610717_80.33674,0,0.10548744350671768,TN
B,MH-002,MH-002_19.610717_80.33701,0,0.09786383807659149,TN
B,MH-002,MH-002_19.610717_80.337279,0,0.09275820106267929,TN
B,MH-002,MH-002_19.610717_80.337549,0,0.09273799508810043,TN
B,MH-002,MH-002_19.610717_80.337818,0,0.10719306021928787,TN
B,MH-002,MH-002_19.610717_80.338088,1,0.13434845209121704,FN
B,MH-002,MH-002_19.610717_80.338357,0,0.1711835414171219,TN
B,MH-002,MH-002_19.610717_80.338627,0,0.1847391277551651,TN
B,MH-002,MH-002_19.610717_80.338896,0,0.22485895454883575,TN
B,MH-002,MH-002_19.610717_80.339166,1,0.25184592604637146,TP
B,MH-002,MH-002_19.610717_80.339435,0,0.28706833720207214,FP
B,MH-002,MH-002_19.610717_80.339705,0,0.313078373670578,FP
B,MH-002,MH-002_19.610717_80.339974,1,0.3084261119365692,TP
B,MH-002,MH-002_19.610717_80.340244,0,0.35631904006004333,FP
B,MH-002,MH-002_19.610717_80.340513,1,0.3434513211250305,TP
B,MH-002,MH-002_19.610717_80.340783,1,0.3775654733181,TP
B,MH-002,MH-002_19.610717_80.341052,1,0.46300363540649414,TP
B,MH-002,MH-002_19.610717_80.341322,1,0.49309399724006653,TP
B,MH-002,MH-002_19.610717_80.341591,1,0.461029976606369,TP
B,MH-002,MH-002_19.610717_80.34186,1,0.46720531582832336,TP
B,MH-002,MH-002_19.610717_80.34213,0,0.4674527645111084,FP
B,MH-002,MH-002_19.610717_80.342399,0,0.46978411078453064,FP
B,MH-002,MH-002_19.610717_80.344016,0,0.097801074385643,TN
B,MH-002,MH-002_19.610717_80.344286,0,0.08659983426332474,TN
B,MH-002,MH-002_19.610717_80.344555,0,0.12123353779315948,TN
B,MH-002,MH-002_19.610717_80.345364,0,0.22250156104564667,TN
B,MH-002,MH-002_19.610717_80.345633,0,0.20974072813987732,TN
B,MH-002,MH-002_19.610717_80.345903,0,0.24969635903835297,TN
B,MH-002,MH-002_19.610717_80.346172,0,0.2553475797176361,FP
B,MH-002,MH-002_19.610717_80.346442,0,0.2878173291683197,FP
B,MH-002,MH-002_19.610717_80.346711,0,0.2862887978553772,FP
B,MH-002,MH-002_19.610717_80.346981,0,0.3390028476715088,FP
B,MH-002,MH-002_19.610717_80.34725,0,0.34373176097869873,FP
B,MH-002,MH-002_19.610717_80.34752,0,0.35416847467422485,FP
B,MH-002,MH-002_19.610717_80.347789,0,0.3472541868686676,FP
B,MH-002,MH-002_19.610717_80.348059,0,0.3228025436401367,FP
B,MH-002,MH-002_19.610717_80.348328,0,0.3668016791343689,FP
B,MH-002,MH-002_19.610717_80.349137,0,0.2998155355453491,FP
B,MH-002,MH-002_19.610717_80.349406,0,0.24248842895030975,TN
B,MH-002,MH-002_19.610717_80.349676,0,0.16473011672496796,TN
B,MH-002,MH-002_19.610717_80.350215,0,0.14657622575759888,TN
B,MH-002,MH-002_19.610717_80.350484,0,0.1109895259141922,TN
B,MH-002,MH-002_19.610717_80.350754,0,0.11158342659473419,TN
B,MH-002,MH-002_19.610717_80.351023,0,0.11194868385791779,TN
B,MH-002,MH-002_19.610717_80.351293,0,0.1334688365459442,TN
B,MH-002,MH-002_19.610717_80.351562,0,0.16605260968208313,TN
B,MH-002,MH-002_19.610717_80.351832,0,0.24952152371406555,TN
B,MH-002,MH-002_19.610717_80.352101,0,0.3518672287464142,FP
B,MH-002,MH-002_19.610717_80.352371,0,0.4104953110218048,FP
B,MH-002,MH-002_19.610447_80.336201,0,0.1178533211350441,TN
B,MH-002,MH-002_19.610447_80.336471,0,0.09027238190174103,TN
B,MH-002,MH-002_19.610447_80.33674,0,0.09410414099693298,TN
B,MH-002,MH-002_19.610447_80.33701,0,0.08729196339845657,TN
B,MH-002,MH-002_19.610447_80.337279,0,0.09943927079439163,TN
B,MH-002,MH-002_19.610447_80.337549,0,0.08620084077119827,TN
B,MH-002,MH-002_19.610447_80.337818,0,0.09981044381856918,TN
B,MH-002,MH-002_19.610447_80.338088,0,0.11786176264286041,TN
B,MH-002,MH-002_19.610447_80.338357,0,0.15808306634426117,TN
B,MH-002,MH-002_19.610447_80.338627,0,0.16422103345394135,TN
B,MH-002,MH-002_19.610447_80.338896,0,0.19152124226093292,TN
B,MH-002,MH-002_19.610447_80.339166,0,0.22951090335845947,TN
B,MH-002,MH-002_19.610447_80.339435,0,0.2678699791431427,FP
B,MH-002,MH-002_19.610447_80.339705,0,0.2933290898799896,FP
B,MH-002,MH-002_19.610447_80.339974,1,0.28955721855163574,TP
B,MH-002,MH-002_19.610447_80.340244,1,0.32719114422798157,TP
B,MH-002,MH-002_19.610447_80.340513,1,0.32364150881767273,TP
B,MH-002,MH-002_19.610447_80.340783,1,0.3846454620361328,TP
B,MH-002,MH-002_19.610447_80.341052,0,0.4300379753112793,FP
B,MH-002,MH-002_19.610447_80.341322,0,0.4234049320220947,FP
B,MH-002,MH-002_19.610447_80.341591,0,0.4097801446914673,FP
B,MH-002,MH-002_19.610447_80.34186,1,0.4596531391143799,TP
B,MH-002,MH-002_19.610447_80.34213,1,0.394372820854187,TP
B,MH-002,MH-002_19.610447_80.342399,1,0.38121497631073,TP
B,MH-002,MH-002_19.610447_80.342669,0,0.30797794461250305,FP
B,MH-002,MH-002_19.610447_80.343747,0,0.20777536928653717,TN
B,MH-002,MH-002_19.610447_80.344016,0,0.1677018254995346,TN
B,MH-002,MH-002_19.610447_80.344286,0,0.13890784978866577,TN
B,MH-002,MH-002_19.610447_80.344555,0,0.1944638043642044,TN
B,MH-002,MH-002_19.610447_80.345364,0,0.2748585045337677,FP
B,MH-002,MH-002_19.610447_80.345633,0,0.26830828189849854,FP
B,MH-002,MH-002_19.610447_80.345903,0,0.26547589898109436,FP
B,MH-002,MH-002_19.610447_80.346172,0,0.27286434173583984,FP
B,MH-002,MH-002_19.610447_80.346442,0,0.30705150961875916,FP
B,MH-002,MH-002_19.610447_80.346711,0,0.2976977527141571,FP
B,MH-002,MH-002_19.610447_80.346981,0,0.33321085572242737,FP
B,MH-002,MH-002_19.610447_80.34725,0,0.3439003825187683,FP
B,MH-002,MH-002_19.610447_80.34752,0,0.39447444677352905,FP
B,MH-002,MH-002_19.610447_80.347789,0,0.3482372760772705,FP
B,MH-002,MH-002_19.610447_80.348059,0,0.4020495116710663,FP
B,MH-002,MH-002_19.610447_80.348867,0,0.3313739001750946,FP
B,MH-002,MH-002_19.610447_80.349137,0,0.3394620418548584,FP
B,MH-002,MH-002_19.610447_80.349406,0,0.262404203414917,FP
B,MH-002,MH-002_19.610447_80.349676,0,0.22570456564426422,TN
B,MH-002,MH-002_19.610447_80.350215,0,0.16993100941181183,TN
B,MH-002,MH-002_19.610447_80.350484,0,0.1306299865245819,TN
B,MH-002,MH-002_19.610447_80.350754,0,0.14434221386909485,TN
B,MH-002,MH-002_19.610447_80.351023,0,0.14103715121746063,TN
B,MH-002,MH-002_19.610447_80.351293,0,0.1405046433210373,TN
B,MH-002,MH-002_19.610447_80.351562,0,0.1765625923871994,TN
B,MH-002,MH-002_19.610447_80.351832,0,0.22389858961105347,TN
B,MH-002,MH-002_19.610447_80.352101,0,0.3212745487689972,FP
B,MH-002,MH-002_19.610447_80.352371,0,0.4330739676952362,FP
B,MH-002,MH-002_19.610447_80.35264,0,0.4323720335960388,FP
B,MH-002,MH-002_19.610178_80.336471,0,0.08273274451494217,TN
B,MH-002,MH-002_19.610178_80.33674,0,0.08705287426710129,TN
B,MH-002,MH-002_19.610178_80.33701,0,0.07527437806129456,TN
B,MH-002,MH-002_19.610178_80.337279,0,0.08565258979797363,TN
B,MH-002,MH-002_19.610178_80.337549,0,0.09083715826272964,TN
B,MH-002,MH-002_19.610178_80.337818,0,0.0961107537150383,TN
B,MH-002,MH-002_19.610178_80.338088,0,0.11819255352020264,TN
B,MH-002,MH-002_19.610178_80.338357,0,0.13906437158584595,TN
B,MH-002,MH-002_19.610178_80.338627,0,0.15822170674800873,TN
B,MH-002,MH-002_19.610178_80.338896,0,0.1851835995912552,TN
B,MH-002,MH-002_19.610178_80.339166,0,0.2438950389623642,TN
B,MH-002,MH-002_19.610178_80.339435,0,0.27118203043937683,FP
B,MH-002,MH-002_19.610178_80.339705,0,0.27437666058540344,FP
B,MH-002,MH-002_19.610178_80.339974,0,0.26129433512687683,FP
B,MH-002,MH-002_19.610178_80.340244,0,0.2875606119632721,FP
B,MH-002,MH-002_19.610178_80.340513,0,0.3030414879322052,FP
B,MH-002,MH-002_19.610178_80.340783,1,0.32653293013572693,TP
B,MH-002,MH-002_19.610178_80.341052,0,0.36231154203414917,FP
B,MH-002,MH-002_19.610178_80.341322,1,0.38620713353157043,TP
B,MH-002,MH-002_19.610178_80.341591,1,0.3869117200374603,TP
B,MH-002,MH-002_19.610178_80.34186,1,0.45526939630508423,TP
B,MH-002,MH-002_19.610178_80.34213,1,0.4434269368648529,TP
B,MH-002,MH-002_19.610178_80.342399,1,0.4529445767402649,TP
B,MH-002,MH-002_19.610178_80.342669,1,0.3942928612232208,TP
B,MH-002,MH-002_19.610178_80.342938,0,0.44648563861846924,FP
B,MH-002,MH-002_19.610178_80.344016,1,0.33249616622924805,TP
B,MH-002,MH-002_19.610178_80.344555,0,0.293546199798584,FP
B,MH-002,MH-002_19.610178_80.344825,0,0.32619887590408325,FP
B,MH-002,MH-002_19.610178_80.345094,0,0.34688517451286316,FP
B,MH-002,MH-002_19.610178_80.345364,0,0.30615532398223877,FP
B,MH-002,MH-002_19.610178_80.345633,0,0.30028581619262695,FP
B,MH-002,MH-002_19.610178_80.345903,0,0.30502182245254517,FP
B,MH-002,MH-002_19.610178_80.346172,0,0.31059667468070984,FP
B,MH-002,MH-002_19.610178_80.346442,0,0.30643758177757263,FP
B,MH-002,MH-002_19.610178_80.346711,0,0.35707953572273254,FP
B,MH-002,MH-002_19.610178_80.346981,0,0.3617049753665924,FP
B,MH-002,MH-002_19.610178_80.34725,0,0.4006682336330414,FP
B,MH-002,MH-002_19.610178_80.34752,0,0.44668877124786377,FP
B,MH-002,MH-002_19.610178_80.347789,0,0.4511830508708954,FP
B,MH-002,MH-002_19.610178_80.348059,1,0.4652535617351532,TP
B,MH-002,MH-002_19.610178_80.348598,0,0.4574417471885681,FP
B,MH-002,MH-002_19.610178_80.348867,0,0.37719935178756714,FP
B,MH-002,MH-002_19.610178_80.349137,0,0.3489006459712982,FP
B,MH-002,MH-002_19.610178_80.349406,0,0.26399311423301697,FP
B,MH-002,MH-002_19.610178_80.349676,0,0.1999322921037674,TN
B,MH-002,MH-002_19.610178_80.349945,0,0.1512642502784729,TN
B,MH-002,MH-002_19.610178_80.350215,0,0.1585228592157364,TN
B,MH-002,MH-002_19.610178_80.350484,0,0.13332915306091309,TN
B,MH-002,MH-002_19.610178_80.350754,0,0.1495414674282074,TN
B,MH-002,MH-002_19.610178_80.351023,0,0.130675807595253,TN
B,MH-002,MH-002_19.610178_80.351293,0,0.1348598748445511,TN
B,MH-002,MH-002_19.610178_80.351562,0,0.16174696385860443,TN
B,MH-002,MH-002_19.610178_80.351832,0,0.20987901091575623,TN
B,MH-002,MH-002_19.610178_80.352101,0,0.28465667366981506,FP
B,MH-002,MH-002_19.610178_80.352371,0,0.3896881639957428,FP
B,MH-002,MH-002_19.610178_80.35264,0,0.4372725188732147,FP
B,MH-002,MH-002_19.610178_80.35291,0,0.4848831295967102,FP
B,MH-002,MH-002_19.609908_80.336471,0,0.07972552627325058,TN
B,MH-002,MH-002_19.609908_80.33674,0,0.084608294069767,TN
B,MH-002,MH-002_19.609908_80.33701,0,0.06860794872045517,TN
B,MH-002,MH-002_19.609908_80.337279,0,0.07498166710138321,TN
B,MH-002,MH-002_19.609908_80.337549,0,0.07597054541110992,TN
B,MH-002,MH-002_19.609908_80.337818,0,0.08749093115329742,TN
B,MH-002,MH-002_19.609908_80.338088,0,0.09549535065889359,TN
B,MH-002,MH-002_19.609908_80.338357,0,0.10832629352807999,TN
B,MH-002,MH-002_19.609908_80.338627,0,0.13835784792900085,TN
B,MH-002,MH-002_19.609908_80.338896,0,0.1515432745218277,TN
B,MH-002,MH-002_19.609908_80.339166,0,0.18666522204875946,TN
B,MH-002,MH-002_19.609908_80.339435,0,0.21479369699954987,TN
B,MH-002,MH-002_19.609908_80.339705,0,0.2235962301492691,TN
B,MH-002,MH-002_19.609908_80.339974,0,0.21458368003368378,TN
B,MH-002,MH-002_19.609908_80.340244,0,0.22686758637428284,TN
B,MH-002,MH-002_19.609908_80.340513,0,0.24491442739963531,TN
B,MH-002,MH-002_19.609908_80.340783,1,0.22853058576583862,FN
B,MH-002,MH-002_19.609908_80.341052,0,0.3261120617389679,FP
B,MH-002,MH-002_19.609908_80.341322,1,0.30420351028442383,TP
B,MH-002,MH-002_19.609908_80.341591,1,0.30013513565063477,TP
B,MH-002,MH-002_19.609908_80.34186,1,0.3857715129852295,TP
B,MH-002,MH-002_19.609908_80.34213,1,0.3839229643344879,TP
B,MH-002,MH-002_19.609908_80.342399,1,0.4239353835582733,TP
B,MH-002,MH-002_19.609908_80.342669,1,0.4434005320072174,TP
B,MH-002,MH-002_19.609908_80.342938,1,0.4697422981262207,TP
B,MH-002,MH-002_19.609908_80.343208,0,0.3981250524520874,FP
B,MH-002,MH-002_19.609908_80.343477,0,0.45434242486953735,FP
B,MH-002,MH-002_19.609908_80.344286,1,0.4069618880748749,TP
B,MH-002,MH-002_19.609908_80.344555,0,0.40983012318611145,FP
B,MH-002,MH-002_19.609908_80.344825,1,0.4110749661922455,TP
B,MH-002,MH-002_19.609908_80.345094,1,0.40388572216033936,TP
B,MH-002,MH-002_19.609908_80.345364,1,0.35884857177734375,TP
B,MH-002,MH-002_19.609908_80.345633,0,0.3394306004047394,FP
B,MH-002,MH-002_19.609908_80.345903,0,0.33009469509124756,FP
B,MH-002,MH-002_19.609908_80.346172,0,0.3339976668357849,FP
B,MH-002,MH-002_19.609908_80.346442,0,0.34038546681404114,FP
B,MH-002,MH-002_19.609908_80.346711,0,0.3848802447319031,FP
B,MH-002,MH-002_19.609908_80.346981,0,0.41841432452201843,FP
B,MH-002,MH-002_19.609908_80.34725,0,0.4110262989997864,FP
B,MH-002,MH-002_19.609908_80.34752,0,0.46362969279289246,FP
B,MH-002,MH-002_19.609908_80.347789,0,0.5453924536705017,FP
B,MH-002,MH-002_19.609908_80.348598,0,0.5422740578651428,FP
B,MH-002,MH-002_19.609908_80.348867,0,0.4782063066959381,FP
B,MH-002,MH-002_19.609908_80.349137,0,0.4246537983417511,FP
B,MH-002,MH-002_19.609908_80.349406,0,0.30200648307800293,FP
B,MH-002,MH-002_19.609908_80.349945,0,0.18108472228050232,TN
B,MH-002,MH-002_19.609908_80.350215,0,0.1666146218776703,TN
B,MH-002,MH-002_19.609908_80.350484,0,0.13866597414016724,TN
B,MH-002,MH-002_19.609908_80.350754,0,0.14443470537662506,TN
B,MH-002,MH-002_19.609908_80.351023,0,0.14572753012180328,TN
B,MH-002,MH-002_19.609908_80.351293,0,0.1356411576271057,TN
B,MH-002,MH-002_19.609908_80.351562,0,0.1625402420759201,TN
B,MH-002,MH-002_19.609908_80.351832,0,0.21521693468093872,TN
B,MH-002,MH-002_19.609908_80.352101,0,0.2778814733028412,FP
B,MH-002,MH-002_19.609908_80.352371,0,0.3835913836956024,FP
B,MH-002,MH-002_19.609908_80.35264,0,0.42656487226486206,FP
B,MH-002,MH-002_19.609908_80.35291,0,0.5137996673583984,FP
B,MH-002,MH-002_19.609639_80.33674,1,0.06944287568330765,FN
B,MH-002,MH-002_19.609639_80.33701,0,0.061484236270189285,TN
B,MH-002,MH-002_19.609639_80.337279,0,0.06187467277050018,TN
B,MH-002,MH-002_19.609639_80.337549,0,0.06749965995550156,TN
B,MH-002,MH-002_19.609639_80.337818,0,0.07898594439029694,TN
B,MH-002,MH-002_19.609639_80.338088,0,0.07532882690429688,TN
B,MH-002,MH-002_19.609639_80.338357,0,0.09286201745271683,TN
B,MH-002,MH-002_19.609639_80.338627,0,0.12047623842954636,TN
B,MH-002,MH-002_19.609639_80.339705,0,0.20734602212905884,TN
B,MH-002,MH-002_19.609639_80.339974,0,0.18949608504772186,TN
B,MH-002,MH-002_19.609639_80.340244,0,0.20998015999794006,TN
B,MH-002,MH-002_19.609639_80.340513,0,0.21993935108184814,TN
B,MH-002,MH-002_19.609639_80.340783,0,0.21903514862060547,TN
B,MH-002,MH-002_19.609639_80.341052,0,0.2600465416908264,FP
B,MH-002,MH-002_19.609639_80.341322,1,0.25301626324653625,TP
B,MH-002,MH-002_19.609639_80.341591,1,0.24684423208236694,FN
B,MH-002,MH-002_19.609639_80.34186,1,0.22762054204940796,FN
B,MH-002,MH-002_19.609639_80.34213,1,0.2699437737464905,TP
B,MH-002,MH-002_19.609639_80.342399,1,0.27032148838043213,TP
B,MH-002,MH-002_19.609639_80.342669,1,0.28976282477378845,TP
B,MH-002,MH-002_19.609639_80.342938,1,0.3775622248649597,TP
B,MH-002,MH-002_19.609639_80.343208,1,0.41672611236572266,TP
B,MH-002,MH-002_19.609639_80.343477,0,0.5033191442489624,FP
B,MH-002,MH-002_19.609639_80.343747,0,0.5198733806610107,FP
B,MH-002,MH-002_19.609639_80.344825,1,0.4511074423789978,TP
B,MH-002,MH-002_19.609639_80.345094,1,0.3893483281135559,TP
B,MH-002,MH-002_19.609639_80.345364,1,0.3713432848453522,TP
B,MH-002,MH-002_19.609639_80.345633,0,0.3812974989414215,FP
B,MH-002,MH-002_19.609639_80.345903,0,0.36998820304870605,FP
B,MH-002,MH-002_19.609639_80.346172,0,0.34993115067481995,FP
B,MH-002,MH-002_19.609639_80.346442,0,0.3665335774421692,FP
B,MH-002,MH-002_19.609639_80.346711,0,0.37619760632514954,FP
B,MH-002,MH-002_19.609639_80.346981,0,0.42917752265930176,FP
B,MH-002,MH-002_19.609639_80.34725,0,0.46042877435684204,FP
B,MH-002,MH-002_19.609639_80.34752,0,0.5482590794563293,FP
B,MH-002,MH-002_19.609639_80.347789,0,0.6288303136825562,FP
B,MH-002,MH-002_19.609639_80.348328,0,0.7057846784591675,FP
B,MH-002,MH-002_19.609639_80.348598,0,0.6025708317756653,FP
B,MH-002,MH-002_19.609639_80.348867,0,0.5366544127464294,FP
B,MH-002,MH-002_19.609639_80.349945,0,0.1968400627374649,TN
B,MH-002,MH-002_19.609639_80.350215,0,0.1691439151763916,TN
B,MH-002,MH-002_19.609639_80.350484,0,0.14779075980186462,TN
B,MH-002,MH-002_19.609639_80.350754,0,0.15032093226909637,TN
B,MH-002,MH-002_19.609639_80.351023,0,0.14249691367149353,TN
B,MH-002,MH-002_19.609639_80.351293,0,0.14385978877544403,TN
B,MH-002,MH-002_19.609639_80.351562,0,0.15853489935398102,TN
B,MH-002,MH-002_19.609639_80.351832,0,0.19975657761096954,TN
B,MH-002,MH-002_19.609639_80.352101,0,0.22884707152843475,TN
B,MH-002,MH-002_19.609639_80.352371,0,0.30946624279022217,FP
B,MH-002,MH-002_19.609639_80.35264,0,0.3592674136161804,FP
B,MH-002,MH-002_19.609639_80.35291,0,0.4219362735748291,FP
B,MH-002,MH-002_19.609639_80.353179,0,0.47953954339027405,FP
B,MH-002,MH-002_19.609369_80.33674,1,0.06277868896722794,FN
B,MH-002,MH-002_19.609369_80.33701,1,0.05321982875466347,FN
B,MH-002,MH-002_19.609369_80.337279,0,0.05086957663297653,TN
B,MH-002,MH-002_19.609369_80.337549,0,0.05372920632362366,TN
B,MH-002,MH-002_19.609369_80.337818,0,0.05508441850543022,TN
B,MH-002,MH-002_19.609369_80.338088,0,0.06373713910579681,TN
B,MH-002,MH-002_19.609369_80.338357,0,0.07356300204992294,TN
B,MH-002,MH-002_19.609369_80.338627,0,0.09538700431585312,TN
B,MH-002,MH-002_19.609369_80.339166,0,0.1285145878791809,TN
B,MH-002,MH-002_19.609369_80.339974,0,0.1630176454782486,TN
B,MH-002,MH-002_19.609369_80.340244,0,0.1922425627708435,TN
B,MH-002,MH-002_19.609369_80.340513,0,0.19218292832374573,TN
B,MH-002,MH-002_19.609369_80.340783,0,0.2101932018995285,TN
B,MH-002,MH-002_19.609369_80.341052,0,0.24305208027362823,TN
B,MH-002,MH-002_19.609369_80.341322,1,0.24610386788845062,FN
B,MH-002,MH-002_19.609369_80.341591,1,0.21310526132583618,FN
B,MH-002,MH-002_19.609369_80.34186,1,0.2014554888010025,FN
B,MH-002,MH-002_19.609369_80.34213,1,0.20176096260547638,FN
B,MH-002,MH-002_19.609369_80.342399,1,0.22038377821445465,FN
B,MH-002,MH-002_19.609369_80.342669,0,0.2066137194633484,TN
B,MH-002,MH-002_19.609369_80.342938,1,0.27106258273124695,TP
B,MH-002,MH-002_19.609369_80.343208,1,0.32394272089004517,TP
B,MH-002,MH-002_19.609369_80.343477,1,0.4429573714733124,TP
B,MH-002,MH-002_19.609369_80.343747,0,0.5120879411697388,FP
B,MH-002,MH-002_19.609369_80.344016,0,0.541229784488678,FP
B,MH-002,MH-002_19.609369_80.345094,1,0.4777248203754425,TP
B,MH-002,MH-002_19.609369_80.345364,1,0.4356450140476227,TP
B,MH-002,MH-002_19.609369_80.345633,1,0.41980040073394775,TP
B,MH-002,MH-002_19.609369_80.345903,0,0.4065631926059723,FP
B,MH-002,MH-002_19.609369_80.346172,0,0.38514581322669983,FP
B,MH-002,MH-002_19.609369_80.346442,0,0.4094008207321167,FP
B,MH-002,MH-002_19.609369_80.346711,0,0.38499897718429565,FP
B,MH-002,MH-002_19.609369_80.346981,0,0.45008277893066406,FP
B,MH-002,MH-002_19.609369_80.34725,0,0.4838411808013916,FP
B,MH-002,MH-002_19.609369_80.34752,1,0.6259788274765015,TP
B,MH-002,MH-002_19.609369_80.347789,0,0.6415579915046692,FP
B,MH-002,MH-002_19.609369_80.348328,0,0.758585512638092,FP
B,MH-002,MH-002_19.609369_80.348598,0,0.7005426287651062,FP
B,MH-002,MH-002_19.609369_80.349945,0,0.24401825666427612,TN
B,MH-002,MH-002_19.609369_80.350215,0,0.21369889378547668,TN
B,MH-002,MH-002_19.609369_80.350484,0,0.18054544925689697,TN
B,MH-002,MH-002_19.609369_80.350754,0,0.17137368023395538,TN
B,MH-002,MH-002_19.609369_80.351023,0,0.1824871152639389,TN
B,MH-002,MH-002_19.609369_80.351293,0,0.18272985517978668,TN
B,MH-002,MH-002_19.609369_80.351562,0,0.18857774138450623,TN
B,MH-002,MH-002_19.609369_80.351832,0,0.21213698387145996,TN
B,MH-002,MH-002_19.609369_80.352101,0,0.28162524104118347,FP
B,MH-002,MH-002_19.609369_80.352371,0,0.36888012290000916,FP
B,MH-002,MH-002_19.609369_80.35264,0,0.3941298723220825,FP
B,MH-002,MH-002_19.609369_80.35291,0,0.4828428328037262,FP
B,MH-002,MH-002_19.609369_80.353179,0,0.5381250381469727,FP
B,MH-002,MH-002_19.6091_80.33701,1,0.051749832928180695,FN
B,MH-002,MH-002_19.6091_80.337279,0,0.05114500969648361,TN
B,MH-002,MH-002_19.6091_80.337549,0,0.0541265569627285,TN
B,MH-002,MH-002_19.6091_80.337818,0,0.058491241186857224,TN
B,MH-002,MH-002_19.6091_80.338088,0,0.06259912997484207,TN
B,MH-002,MH-002_19.6091_80.338357,0,0.06671061366796494,TN
B,MH-002,MH-002_19.6091_80.338627,0,0.09744460880756378,TN
B,MH-002,MH-002_19.6091_80.338896,0,0.11673327535390854,TN
B,MH-002,MH-002_19.6091_80.339435,0,0.14823824167251587,TN
B,MH-002,MH-002_19.6091_80.339705,0,0.17647230625152588,TN
B,MH-002,MH-002_19.6091_80.340244,0,0.15473754703998566,TN
B,MH-002,MH-002_19.6091_80.340513,0,0.14619800448417664,TN
B,MH-002,MH-002_19.6091_80.340783,0,0.16384142637252808,TN
B,MH-002,MH-002_19.6091_80.341052,0,0.16901648044586182,TN
B,MH-002,MH-002_19.6091_80.341322,0,0.17599837481975555,TN
B,MH-002,MH-002_19.6091_80.341591,0,0.14529381692409515,TN
B,MH-002,MH-002_19.6091_80.34186,1,0.11979659646749496,FN
B,MH-002,MH-002_19.6091_80.34213,1,0.12147563695907593,FN
B,MH-002,MH-002_19.6091_80.342399,1,0.13007766008377075,FN
B,MH-002,MH-002_19.6091_80.342669,1,0.13554635643959045,FN
B,MH-002,MH-002_19.6091_80.342938,1,0.1673862189054489,FN
B,MH-002,MH-002_19.6091_80.343208,1,0.18873858451843262,FN
B,MH-002,MH-002_19.6091_80.343477,1,0.2784412205219269,TP
B,MH-002,MH-002_19.6091_80.343747,1,0.37864747643470764,TP
B,MH-002,MH-002_19.6091_80.344016,0,0.45811766386032104,FP
B,MH-002,MH-002_19.6091_80.344286,0,0.49809497594833374,FP
B,MH-002,MH-002_19.6091_80.345364,1,0.4587109684944153,TP
B,MH-002,MH-002_19.6091_80.345633,1,0.43396976590156555,TP
B,MH-002,MH-002_19.6091_80.345903,1,0.42106595635414124,TP
B,MH-002,MH-002_19.6091_80.346172,1,0.4031471312046051,TP
B,MH-002,MH-002_19.6091_80.346442,0,0.4090249538421631,FP
B,MH-002,MH-002_19.6091_80.346711,1,0.39669832587242126,TP
B,MH-002,MH-002_19.6091_80.346981,0,0.4545906186103821,FP
B,MH-002,MH-002_19.6091_80.34725,0,0.5630091428756714,FP
B,MH-002,MH-002_19.6091_80.34752,0,0.6339505910873413,FP
B,MH-002,MH-002_19.6091_80.347789,0,0.7134968638420105,FP
B,MH-002,MH-002_19.6091_80.348059,0,0.7432341575622559,FP
B,MH-002,MH-002_19.6091_80.348328,0,0.7732698321342468,FP
B,MH-002,MH-002_19.6091_80.348598,0,0.7279114723205566,FP
B,MH-002,MH-002_19.6091_80.350215,1,0.2160540521144867,FN
B,MH-002,MH-002_19.6091_80.350484,1,0.20481382310390472,FN
B,MH-002,MH-002_19.6091_80.350754,0,0.2191171646118164,TN
B,MH-002,MH-002_19.6091_80.351023,0,0.20453642308712006,TN
B,MH-002,MH-002_19.6091_80.351293,0,0.1874476820230484,TN
B,MH-002,MH-002_19.6091_80.351562,0,0.19710084795951843,TN
B,MH-002,MH-002_19.6091_80.351832,1,0.24888724088668823,FN
B,MH-002,MH-002_19.6091_80.352101,0,0.2796788513660431,FP
B,MH-002,MH-002_19.6091_80.352371,0,0.3546317219734192,FP
B,MH-002,MH-002_19.6091_80.35264,0,0.419076144695282,FP
B,MH-002,MH-002_19.6091_80.35291,0,0.4204092025756836,FP
B,MH-002,MH-002_19.6091_80.353179,0,0.46740081906318665,FP
B,MH-002,MH-002_19.6091_80.353449,0,0.5244898796081543,FP
B,MH-002,MH-002_19.60883_80.33701,0,0.04102021083235741,TN
B,MH-002,MH-002_19.60883_80.337279,0,0.03621640428900719,TN
B,MH-002,MH-002_19.60883_80.337549,0,0.040511444211006165,TN
B,MH-002,MH-002_19.60883_80.337818,0,0.0382063090801239,TN
B,MH-002,MH-002_19.60883_80.338088,0,0.04631844162940979,TN
B,MH-002,MH-002_19.60883_80.338357,0,0.04807896912097931,TN
B,MH-002,MH-002_19.60883_80.338627,0,0.06906494498252869,TN
B,MH-002,MH-002_19.60883_80.338896,0,0.09071072936058044,TN
B,MH-002,MH-002_19.60883_80.339166,0,0.11459178477525711,TN
B,MH-002,MH-002_19.60883_80.339705,0,0.14449311792850494,TN
B,MH-002,MH-002_19.60883_80.340513,0,0.13393107056617737,TN
B,MH-002,MH-002_19.60883_80.340783,0,0.14018702507019043,TN
B,MH-002,MH-002_19.60883_80.341052,0,0.144290030002594,TN
B,MH-002,MH-002_19.60883_80.341322,0,0.13595230877399445,TN
B,MH-002,MH-002_19.60883_80.341591,0,0.10380388796329498,TN
B,MH-002,MH-002_19.60883_80.34186,0,0.09299135953187943,TN
B,MH-002,MH-002_19.60883_80.34213,1,0.09423250705003738,FN
B,MH-002,MH-002_19.60883_80.342399,0,0.09787927567958832,TN
B,MH-002,MH-002_19.60883_80.342669,1,0.0953267440199852,FN
B,MH-002,MH-002_19.60883_80.342938,1,0.11272300779819489,FN
B,MH-002,MH-002_19.60883_80.343208,1,0.12378203868865967,FN
B,MH-002,MH-002_19.60883_80.343477,1,0.1603463590145111,FN
B,MH-002,MH-002_19.60883_80.343747,1,0.22472354769706726,FN
B,MH-002,MH-002_19.60883_80.344016,1,0.31718817353248596,TP
B,MH-002,MH-002_19.60883_80.344286,0,0.4192078113555908,FP
B,MH-002,MH-002_19.60883_80.344555,0,0.4663045406341553,FP
B,MH-002,MH-002_19.60883_80.345903,1,0.4802492558956146,TP
B,MH-002,MH-002_19.60883_80.346172,1,0.42094340920448303,TP
B,MH-002,MH-002_19.60883_80.346442,1,0.4135953187942505,TP
B,MH-002,MH-002_19.60883_80.346711,1,0.39593619108200073,TP
B,MH-002,MH-002_19.60883_80.346981,0,0.45663461089134216,FP
B,MH-002,MH-002_19.60883_80.34725,0,0.5081186294555664,FP
B,MH-002,MH-002_19.60883_80.34752,0,0.6376227140426636,FP
B,MH-002,MH-002_19.60883_80.347789,0,0.7205927968025208,FP
B,MH-002,MH-002_19.60883_80.348328,0,0.8229244351387024,FP
B,MH-002,MH-002_19.60883_80.350215,0,0.26396745443344116,FP
B,MH-002,MH-002_19.60883_80.350484,0,0.26970186829566956,FP
B,MH-002,MH-002_19.60883_80.350754,0,0.24906060099601746,TN
B,MH-002,MH-002_19.60883_80.351023,0,0.26649364829063416,FP
B,MH-002,MH-002_19.60883_80.351293,0,0.23837846517562866,TN
B,MH-002,MH-002_19.60883_80.351562,0,0.24948589503765106,TN
B,MH-002,MH-002_19.60883_80.351832,1,0.2845842242240906,TP
B,MH-002,MH-002_19.60883_80.352101,1,0.308165043592453,TP
B,MH-002,MH-002_19.60883_80.352371,0,0.3662613034248352,FP
B,MH-002,MH-002_19.60883_80.35264,1,0.4346204698085785,TP
B,MH-002,MH-002_19.60883_80.35291,0,0.4504874646663666,FP
B,MH-002,MH-002_19.60883_80.353179,0,0.5240628719329834,FP
B,MH-002,MH-002_19.60883_80.353449,0,0.5462074875831604,FP
B,MH-002,MH-002_19.60883_80.353718,0,0.5944551825523376,FP
B,MH-002,MH-002_19.608561_80.337279,0,0.03808032348752022,TN
B,MH-002,MH-002_19.608561_80.337549,0,0.040674567222595215,TN
B,MH-002,MH-002_19.608561_80.337818,0,0.04026123508810997,TN
B,MH-002,MH-002_19.608561_80.338088,0,0.046078894287347794,TN
B,MH-002,MH-002_19.608561_80.338357,0,0.051682740449905396,TN
B,MH-002,MH-002_19.608561_80.338627,0,0.07557103037834167,TN
B,MH-002,MH-002_19.608561_80.338896,0,0.1012839674949646,TN
B,MH-002,MH-002_19.608561_80.339166,0,0.131057009100914,TN
B,MH-002,MH-002_19.608561_80.339435,0,0.14365650713443756,TN
B,MH-002,MH-002_19.608561_80.340783,0,0.1285017728805542,TN
B,MH-002,MH-002_19.608561_80.341052,0,0.10487230122089386,TN
B,MH-002,MH-002_19.608561_80.341322,0,0.0991833433508873,TN
B,MH-002,MH-002_19.608561_80.341591,0,0.0794161930680275,TN
B,MH-002,MH-002_19.608561_80.34186,0,0.0668649673461914,TN
B,MH-002,MH-002_19.608561_80.34213,0,0.06528253853321075,TN
B,MH-002,MH-002_19.608561_80.342399,0,0.06911475211381912,TN
B,MH-002,MH-002_19.608561_80.342669,1,0.06780999898910522,FN
B,MH-002,MH-002_19.608561_80.342938,1,0.07207660377025604,FN
B,MH-002,MH-002_19.608561_80.343208,1,0.08496784418821335,FN
B,MH-002,MH-002_19.608561_80.343477,1,0.10300442576408386,FN
B,MH-002,MH-002_19.608561_80.343747,1,0.1261606067419052,FN
B,MH-002,MH-002_19.608561_80.344016,1,0.1841561645269394,FN
B,MH-002,MH-002_19.608561_80.344286,1,0.2758638560771942,TP
B,MH-002,MH-002_19.608561_80.344555,1,0.3895931839942932,TP
B,MH-002,MH-002_19.608561_80.344825,0,0.4544396996498108,FP
B,MH-002,MH-002_19.608561_80.345094,0,0.4920833706855774,FP
B,MH-002,MH-002_19.608561_80.346442,1,0.3804914057254791,TP
B,MH-002,MH-002_19.608561_80.346711,1,0.37433862686157227,TP
B,MH-002,MH-002_19.608561_80.346981,1,0.43271371722221375,TP
B,MH-002,MH-002_19.608561_80.34725,1,0.49313005805015564,TP
B,MH-002,MH-002_19.608561_80.34752,0,0.6180201768875122,FP
B,MH-002,MH-002_19.608561_80.347789,0,0.7164196372032166,FP
B,MH-002,MH-002_19.608561_80.348059,0,0.7490801215171814,FP
B,MH-002,MH-002_19.608561_80.350484,1,0.3093798756599426,TP
B,MH-002,MH-002_19.608561_80.350754,1,0.31403422355651855,TP
B,MH-002,MH-002_19.608561_80.351023,0,0.31920769810676575,FP
B,MH-002,MH-002_19.608561_80.351293,1,0.2904775142669678,TP
B,MH-002,MH-002_19.608561_80.351562,1,0.24777834117412567,FN
B,MH-002,MH-002_19.608561_80.351832,0,0.28107118606567383,FP
B,MH-002,MH-002_19.608561_80.352101,0,0.32575100660324097,FP
B,MH-002,MH-002_19.608561_80.352371,1,0.3664325177669525,TP
B,MH-002,MH-002_19.608561_80.35264,0,0.4034540355205536,FP
B,MH-002,MH-002_19.608561_80.35291,0,0.39671167731285095,FP
B,MH-002,MH-002_19.608561_80.353179,0,0.4651995301246643,FP
B,MH-002,MH-002_19.608561_80.353449,0,0.4845481514930725,FP
B,MH-002,MH-002_19.608561_80.353718,0,0.4324309229850769,FP
B,MH-002,MH-002_19.608291_80.337549,0,0.03888510912656784,TN
B,MH-002,MH-002_19.608291_80.337818,0,0.03456391766667366,TN
B,MH-002,MH-002_19.608291_80.338088,0,0.04372880235314369,TN
B,MH-002,MH-002_19.608291_80.338357,0,0.04516342654824257,TN
B,MH-002,MH-002_19.608291_80.338627,0,0.05663030967116356,TN
B,MH-002,MH-002_19.608291_80.338896,0,0.07922305166721344,TN
B,MH-002,MH-002_19.608291_80.339166,0,0.10436118394136429,TN
B,MH-002,MH-002_19.608291_80.339435,0,0.12919199466705322,TN
B,MH-002,MH-002_19.608291_80.339705,0,0.1421959400177002,TN
B,MH-002,MH-002_19.608291_80.340244,0,0.15198667347431183,TN
B,MH-002,MH-002_19.608291_80.340513,0,0.14435559511184692,TN
B,MH-002,MH-002_19.608291_80.340783,0,0.13177546858787537,TN
B,MH-002,MH-002_19.608291_80.341322,0,0.09503209590911865,TN
B,MH-002,MH-002_19.608291_80.341591,0,0.07584193348884583,TN
B,MH-002,MH-002_19.608291_80.34186,0,0.06663937121629715,TN
B,MH-002,MH-002_19.608291_80.34213,0,0.06274739652872086,TN
B,MH-002,MH-002_19.608291_80.342399,0,0.06344211846590042,TN
B,MH-002,MH-002_19.608291_80.342669,1,0.056793782860040665,FN
B,MH-002,MH-002_19.608291_80.342938,1,0.06906997412443161,FN
B,MH-002,MH-002_19.608291_80.343208,1,0.07351936399936676,FN
B,MH-002,MH-002_19.608291_80.343477,1,0.08587437868118286,FN
B,MH-002,MH-002_19.608291_80.343747,0,0.10973627865314484,TN
B,MH-002,MH-002_19.608291_80.344016,1,0.14778117835521698,FN
B,MH-002,MH-002_19.608291_80.344286,1,0.22023531794548035,FN
B,MH-002,MH-002_19.608291_80.344555,1,0.3091586232185364,TP
B,MH-002,MH-002_19.608291_80.344825,1,0.37504875659942627,TP
B,MH-002,MH-002_19.608291_80.345094,1,0.4176466763019562,TP
B,MH-002,MH-002_19.608291_80.345364,0,0.4452245831489563,FP
B,MH-002,MH-002_19.608291_80.345633,0,0.44928330183029175,FP
B,MH-002,MH-002_19.608291_80.350754,1,0.39182448387145996,TP
B,MH-002,MH-002_19.608291_80.351023,1,0.35438716411590576,TP
B,MH-002,MH-002_19.608291_80.351293,1,0.366469144821167,TP
B,MH-002,MH-002_19.608291_80.351562,1,0.33483442664146423,TP
B,MH-002,MH-002_19.608291_80.351832,1,0.3970724046230316,TP
B,MH-002,MH-002_19.608291_80.352101,0,0.43848925828933716,FP
B,MH-002,MH-002_19.608291_80.352371,1,0.4970475435256958,TP
B,MH-002,MH-002_19.608291_80.35264,0,0.5082322955131531,FP
B,MH-002,MH-002_19.608291_80.35291,0,0.5320919156074524,FP
B,MH-002,MH-002_19.608291_80.353179,0,0.5695567727088928,FP
B,MH-002,MH-002_19.608291_80.353449,0,0.5213512182235718,FP
B,MH-002,MH-002_19.608022_80.337549,0,0.034414999186992645,TN
B,MH-002,MH-002_19.608022_80.337818,0,0.03549332544207573,TN
B,MH-002,MH-002_19.608022_80.338088,0,0.03873370960354805,TN
B,MH-002,MH-002_19.608022_80.338357,0,0.0461428128182888,TN
B,MH-002,MH-002_19.608022_80.338627,0,0.05468441918492317,TN
B,MH-002,MH-002_19.608022_80.338896,0,0.07176852226257324,TN
B,MH-002,MH-002_19.608022_80.339166,1,0.08795411139726639,FN
B,MH-002,MH-002_19.608022_80.339435,0,0.09897364675998688,TN
B,MH-002,MH-002_19.608022_80.339705,0,0.13097965717315674,TN
B,MH-002,MH-002_19.608022_80.340244,0,0.12076173722743988,TN
B,MH-002,MH-002_19.608022_80.340513,0,0.10350063443183899,TN
B,MH-002,MH-002_19.608022_80.340783,0,0.09225951880216599,TN
B,MH-002,MH-002_19.608022_80.341052,0,0.0712524875998497,TN
B,MH-002,MH-002_19.608022_80.341591,0,0.058763328939676285,TN
B,MH-002,MH-002_19.608022_80.34186,0,0.047909706830978394,TN
B,MH-002,MH-002_19.608022_80.34213,0,0.04365554079413414,TN
B,MH-002,MH-002_19.608022_80.342399,1,0.04703407734632492,FN
B,MH-002,MH-002_19.608022_80.342669,0,0.043561454862356186,TN
B,MH-002,MH-002_19.608022_80.342938,0,0.04822768643498421,TN
B,MH-002,MH-002_19.608022_80.343208,1,0.04775087162852287,FN
B,MH-002,MH-002_19.608022_80.343477,1,0.058290574699640274,FN
B,MH-002,MH-002_19.608022_80.343747,1,0.0659124106168747,FN
B,MH-002,MH-002_19.608022_80.344016,0,0.0883130356669426,TN
B,MH-002,MH-002_19.608022_80.344286,0,0.11753842234611511,TN
B,MH-002,MH-002_19.608022_80.344555,1,0.20497670769691467,FN
B,MH-002,MH-002_19.608022_80.344825,1,0.27543386816978455,TP
B,MH-002,MH-002_19.608022_80.345094,1,0.30035480856895447,TP
B,MH-002,MH-002_19.608022_80.345364,1,0.34872815012931824,TP
B,MH-002,MH-002_19.608022_80.345633,1,0.3723714351654053,TP
B,MH-002,MH-002_19.608022_80.345903,1,0.37060287594795227,TP
B,MH-002,MH-002_19.608022_80.346172,1,0.3521251082420349,TP
B,MH-002,MH-002_19.608022_80.346442,1,0.35975050926208496,TP
B,MH-002,MH-002_19.608022_80.346711,0,0.36827126145362854,FP
B,MH-002,MH-002_19.608022_80.351293,1,0.4482980966567993,TP
B,MH-002,MH-002_19.608022_80.351562,1,0.37601450085639954,TP
B,MH-002,MH-002_19.608022_80.351832,0,0.4620731472969055,FP
B,MH-002,MH-002_19.608022_80.352101,0,0.5041122436523438,FP
B,MH-002,MH-002_19.607752_80.337818,0,0.029645390808582306,TN
B,MH-002,MH-002_19.607752_80.338088,0,0.0318157896399498,TN
B,MH-002,MH-002_19.607752_80.338357,0,0.03606068715453148,TN
B,MH-002,MH-002_19.607752_80.338627,0,0.04371568188071251,TN
B,MH-002,MH-002_19.607752_80.338896,0,0.05693725124001503,TN
B,MH-002,MH-002_19.607752_80.339166,1,0.07843814045190811,FN
B,MH-002,MH-002_19.607752_80.339435,0,0.08494723588228226,TN
B,MH-002,MH-002_19.607752_80.339705,0,0.10457951575517654,TN
B,MH-002,MH-002_19.607752_80.339974,0,0.1084253340959549,TN
B,MH-002,MH-002_19.607752_80.340513,1,0.10353145748376846,FN
B,MH-002,MH-002_19.607752_80.340783,0,0.0879131332039833,TN
B,MH-002,MH-002_19.607752_80.341052,0,0.06887107342481613,TN
B,MH-002,MH-002_19.607752_80.341322,0,0.06670834124088287,TN
B,MH-002,MH-002_19.607752_80.341591,0,0.05706879496574402,TN
B,MH-002,MH-002_19.607752_80.34186,1,0.04542180150747299,FN
B,MH-002,MH-002_19.607752_80.34213,0,0.04108167439699173,TN
B,MH-002,MH-002_19.607752_80.342399,1,0.04348868131637573,FN
B,MH-002,MH-002_19.607752_80.342669,1,0.04187066853046417,FN
B,MH-002,MH-002_19.607752_80.342938,1,0.04312999173998833,FN
B,MH-002,MH-002_19.607752_80.343208,0,0.040493838489055634,TN
B,MH-002,MH-002_19.607752_80.343477,0,0.04776519536972046,TN
B,MH-002,MH-002_19.607752_80.343747,0,0.04809141159057617,TN
B,MH-002,MH-002_19.607752_80.344016,0,0.06083696708083153,TN
B,MH-002,MH-002_19.607752_80.344286,0,0.08491112291812897,TN
B,MH-002,MH-002_19.607752_80.344555,1,0.11740279197692871,FN
B,MH-002,MH-002_19.607752_80.344825,1,0.1757081151008606,FN
B,MH-002,MH-002_19.607752_80.345094,1,0.21083825826644897,FN
B,MH-002,MH-002_19.607752_80.345364,1,0.23578158020973206,FN
B,MH-002,MH-002_19.607752_80.345633,1,0.23966728150844574,FN
B,MH-002,MH-002_19.607752_80.345903,1,0.30253419280052185,TP
B,MH-002,MH-002_19.607752_80.346172,1,0.305792897939682,TP
B,MH-002,MH-002_19.607752_80.346442,1,0.32446596026420593,TP
B,MH-002,MH-002_19.607752_80.346711,1,0.3371061682701111,TP
B,MH-002,MH-002_19.607752_80.346981,1,0.34371110796928406,TP
B,MH-002,MH-002_19.607752_80.34725,1,0.34997016191482544,TP
B,MH-002,MH-002_19.607752_80.34752,1,0.4382007420063019,TP
B,MH-002,MH-002_19.607752_80.347789,0,0.4911581575870514,FP
B,MH-002,MH-002_19.607752_80.348059,0,0.5629353523254395,FP
B,MH-002,MH-002_19.607752_80.348328,0,0.6952095031738281,FP
B,MH-002,MH-002_19.607752_80.357491,1,0.6510034799575806,TP
B,MH-002,MH-002_19.607483_80.338088,0,0.034117888659238815,TN
B,MH-002,MH-002_19.607483_80.338357,0,0.03644292429089546,TN
B,MH-002,MH-002_19.607483_80.338627,0,0.03704134374856949,TN
B,MH-002,MH-002_19.607483_80.338896,0,0.04507435858249664,TN
B,MH-002,MH-002_19.607483_80.339166,0,0.05151323974132538,TN
B,MH-002,MH-002_19.607483_80.339435,0,0.05568157136440277,TN
B,MH-002,MH-002_19.607483_80.339705,0,0.06705436110496521,TN
B,MH-002,MH-002_19.607483_80.340244,0,0.09309499710798264,TN
B,MH-002,MH-002_19.607483_80.340783,0,0.08048634231090546,TN
B,MH-002,MH-002_19.607483_80.341052,0,0.05771254003047943,TN
B,MH-002,MH-002_19.607483_80.341591,0,0.05484796315431595,TN
B,MH-002,MH-002_19.607483_80.34186,0,0.0520724281668663,TN
B,MH-002,MH-002_19.607483_80.34213,0,0.044080231338739395,TN
B,MH-002,MH-002_19.607483_80.342399,1,0.0502515472471714,FN
B,MH-002,MH-002_19.607483_80.342669,1,0.04655469208955765,FN
B,MH-002,MH-002_19.607483_80.342938,1,0.04281850904226303,FN
B,MH-002,MH-002_19.607483_80.343208,0,0.0373898483812809,TN
B,MH-002,MH-002_19.607483_80.343477,0,0.03785448521375656,TN
B,MH-002,MH-002_19.607483_80.343747,0,0.039855003356933594,TN
B,MH-002,MH-002_19.607483_80.344555,0,0.07891065627336502,TN
B,MH-002,MH-002_19.607483_80.344825,0,0.1252562701702118,TN
B,MH-002,MH-002_19.607483_80.345094,1,0.14640812575817108,FN
B,MH-002,MH-002_19.607483_80.345364,1,0.1869213730096817,FN
B,MH-002,MH-002_19.607483_80.345633,1,0.17175021767616272,FN
B,MH-002,MH-002_19.607483_80.345903,1,0.20776799321174622,FN
B,MH-002,MH-002_19.607483_80.346172,1,0.2424701601266861,FN
B,MH-002,MH-002_19.607483_80.346442,1,0.2612917423248291,TP
B,MH-002,MH-002_19.607483_80.346711,1,0.2756434381008148,TP
B,MH-002,MH-002_19.607483_80.346981,1,0.2895324230194092,TP
B,MH-002,MH-002_19.607483_80.34725,1,0.27491334080696106,TP
B,MH-002,MH-002_19.607483_80.34752,1,0.3336843252182007,TP
B,MH-002,MH-002_19.607483_80.347789,1,0.3621777594089508,TP
B,MH-002,MH-002_19.607483_80.348059,1,0.4629608988761902,TP
B,MH-002,MH-002_19.607483_80.348328,0,0.5679214596748352,FP
B,MH-002,MH-002_19.607483_80.348598,0,0.5880778431892395,FP
B,MH-002,MH-002_19.607483_80.348867,0,0.7038176655769348,FP
B,MH-002,MH-002_19.607483_80.357222,1,0.4315326511859894,TP
B,MH-002,MH-002_19.607483_80.357491,1,0.5415042638778687,TP
B,MH-002,MH-002_19.607213_80.338357,0,0.032932791858911514,TN
B,MH-002,MH-002_19.607213_80.338627,0,0.03636736422777176,TN
B,MH-002,MH-002_19.607213_80.338896,0,0.03261424973607063,TN
B,MH-002,MH-002_19.607213_80.339166,0,0.03674035146832466,TN
B,MH-002,MH-002_19.607213_80.339435,0,0.04121965169906616,TN
B,MH-002,MH-002_19.607213_80.339705,0,0.048712100833654404,TN
B,MH-002,MH-002_19.607213_80.340244,0,0.0717405378818512,TN
B,MH-002,MH-002_19.607213_80.340513,0,0.07377830892801285,TN
B,MH-002,MH-002_19.607213_80.341591,0,0.060371026396751404,TN
B,MH-002,MH-002_19.607213_80.34186,0,0.051398154348134995,TN
B,MH-002,MH-002_19.607213_80.34213,0,0.05434058979153633,TN
B,MH-002,MH-002_19.607213_80.342399,0,0.04619697481393814,TN
B,MH-002,MH-002_19.607213_80.342669,1,0.04563211649656296,FN
B,MH-002,MH-002_19.607213_80.342938,1,0.04224318265914917,FN
B,MH-002,MH-002_19.607213_80.343208,1,0.04156430438160896,FN
B,MH-002,MH-002_19.607213_80.343477,0,0.04265013709664345,TN
B,MH-002,MH-002_19.607213_80.343747,0,0.04526104778051376,TN
B,MH-002,MH-002_19.607213_80.344825,1,0.0939568504691124,FN
B,MH-002,MH-002_19.607213_80.345094,1,0.11238325387239456,FN
B,MH-002,MH-002_19.607213_80.345364,1,0.13436539471149445,FN
B,MH-002,MH-002_19.607213_80.345633,1,0.14353832602500916,FN
B,MH-002,MH-002_19.607213_80.345903,1,0.146071657538414,FN
B,MH-002,MH-002_19.607213_80.346172,1,0.1640819013118744,FN
B,MH-002,MH-002_19.607213_80.346442,1,0.17621809244155884,FN
B,MH-002,MH-002_19.607213_80.346711,1,0.19440443813800812,FN
B,MH-002,MH-002_19.607213_80.346981,1,0.2213919460773468,FN
B,MH-002,MH-002_19.607213_80.34725,1,0.21308816969394684,FN
B,MH-002,MH-002_19.607213_80.34752,1,0.2382272332906723,FN
B,MH-002,MH-002_19.607213_80.347789,1,0.25940194725990295,TP
B,MH-002,MH-002_19.607213_80.348059,1,0.3771974742412567,TP
B,MH-002,MH-002_19.607213_80.348328,1,0.5009243488311768,TP
B,MH-002,MH-002_19.607213_80.348598,0,0.5018555521965027,FP
B,MH-002,MH-002_19.607213_80.348867,0,0.5705347061157227,FP
B,MH-002,MH-002_19.607213_80.349137,0,0.5395184755325317,FP
B,MH-002,MH-002_19.607213_80.356683,0,0.17387588322162628,TN
B,MH-002,MH-002_19.607213_80.356952,1,0.23493213951587677,FN
B,MH-002,MH-002_19.607213_80.357222,0,0.32605183124542236,FP
B,MH-002,MH-002_19.607213_80.357491,0,0.4207085967063904,FP
B,MH-002,MH-002_19.606944_80.338627,0,0.03441772609949112,TN
B,MH-002,MH-002_19.606944_80.338896,0,0.029506659135222435,TN
B,MH-002,MH-002_19.606944_80.339166,0,0.02752290479838848,TN
B,MH-002,MH-002_19.606944_80.339435,0,0.032184772193431854,TN
B,MH-002,MH-002_19.606944_80.339705,0,0.036268118768930435,TN
B,MH-002,MH-002_19.606944_80.339974,0,0.04820973053574562,TN
B,MH-002,MH-002_19.606944_80.340513,0,0.06611838191747665,TN
B,MH-002,MH-002_19.606944_80.340783,0,0.06801924109458923,TN
B,MH-002,MH-002_19.606944_80.341322,0,0.05501195788383484,TN
B,MH-002,MH-002_19.606944_80.341591,0,0.05529123172163963,TN
B,MH-002,MH-002_19.606944_80.34186,0,0.05354735627770424,TN
B,MH-002,MH-002_19.606944_80.34213,0,0.04910101369023323,TN
B,MH-002,MH-002_19.606944_80.342399,0,0.04306812584400177,TN
B,MH-002,MH-002_19.606944_80.342669,0,0.04119672253727913,TN
B,MH-002,MH-002_19.606944_80.342938,0,0.03910420089960098,TN
B,MH-002,MH-002_19.606944_80.343208,0,0.04101936146616936,TN
B,MH-002,MH-002_19.606944_80.343477,0,0.04265361651778221,TN
B,MH-002,MH-002_19.606944_80.343747,0,0.04338925704360008,TN
B,MH-002,MH-002_19.606944_80.344555,1,0.0589108020067215,FN
B,MH-002,MH-002_19.606944_80.345094,0,0.08763246238231659,TN
B,MH-002,MH-002_19.606944_80.345364,1,0.11321785300970078,FN
B,MH-002,MH-002_19.606944_80.345633,1,0.12039434909820557,FN
B,MH-002,MH-002_19.606944_80.345903,0,0.1411595195531845,TN
B,MH-002,MH-002_19.606944_80.346172,1,0.1399766057729721,FN
B,MH-002,MH-002_19.606944_80.346442,1,0.1568414866924286,FN
B,MH-002,MH-002_19.606944_80.346711,1,0.15156367421150208,FN
B,MH-002,MH-002_19.606944_80.346981,1,0.1765829473733902,FN
B,MH-002,MH-002_19.606944_80.34725,1,0.16447913646697998,FN
B,MH-002,MH-002_19.606944_80.34752,1,0.17195230722427368,FN
B,MH-002,MH-002_19.606944_80.347789,1,0.18351542949676514,FN
B,MH-002,MH-002_19.606944_80.348059,1,0.272466242313385,TP
B,MH-002,MH-002_19.606944_80.348328,1,0.32791516184806824,TP
B,MH-002,MH-002_19.606944_80.348598,1,0.36994752287864685,TP
B,MH-002,MH-002_19.606944_80.348867,1,0.42426520586013794,TP
B,MH-002,MH-002_19.606944_80.349137,0,0.45563745498657227,FP
B,MH-002,MH-002_19.606944_80.349406,0,0.4899921119213104,FP
B,MH-002,MH-002_19.606944_80.349676,0,0.4312402904033661,FP
B,MH-002,MH-002_19.606944_80.356144,0,0.08439938724040985,TN
B,MH-002,MH-002_19.606944_80.356413,0,0.1031702384352684,TN
B,MH-002,MH-002_19.606944_80.356683,0,0.14092029631137848,TN
B,MH-002,MH-002_19.606944_80.356952,0,0.1646583527326584,TN
B,MH-002,MH-002_19.606944_80.357222,1,0.21122239530086517,FN
B,MH-002,MH-002_19.606944_80.357491,0,0.2980199456214905,FP
B,MH-002,MH-002_19.606674_80.338627,0,0.029009701684117317,TN
B,MH-002,MH-002_19.606674_80.338896,0,0.024358080700039864,TN
B,MH-002,MH-002_19.606674_80.339166,0,0.0293460451066494,TN
B,MH-002,MH-002_19.606674_80.339435,0,0.03041386790573597,TN
B,MH-002,MH-002_19.606674_80.339705,0,0.03523977845907211,TN
B,MH-002,MH-002_19.606674_80.339974,0,0.04057386890053749,TN
B,MH-002,MH-002_19.606674_80.340244,0,0.05638836696743965,TN
B,MH-002,MH-002_19.606674_80.340513,0,0.059923622757196426,TN
B,MH-002,MH-002_19.606674_80.340783,0,0.07331865280866623,TN
B,MH-002,MH-002_19.606674_80.341052,0,0.06592793017625809,TN
B,MH-002,MH-002_19.606674_80.341322,0,0.06358227133750916,TN
B,MH-002,MH-002_19.606674_80.341591,0,0.060173697769641876,TN
B,MH-002,MH-002_19.606674_80.34186,0,0.05099759250879288,TN
B,MH-002,MH-002_19.606674_80.34213,0,0.04937160760164261,TN
B,MH-002,MH-002_19.606674_80.342399,0,0.05071425810456276,TN
B,MH-002,MH-002_19.606674_80.342669,0,0.053989849984645844,TN
B,MH-002,MH-002_19.606674_80.342938,0,0.044839732348918915,TN
B,MH-002,MH-002_19.606674_80.343208,0,0.045622650533914566,TN
B,MH-002,MH-002_19.606674_80.343477,0,0.04416670277714729,TN
B,MH-002,MH-002_19.606674_80.343747,0,0.047939665615558624,TN
B,MH-002,MH-002_19.606674_80.344016,0,0.0519120879471302,TN
B,MH-002,MH-002_19.606674_80.344555,1,0.053879499435424805,FN
B,MH-002,MH-002_19.606674_80.344825,0,0.06022541970014572,TN
B,MH-002,MH-002_19.606674_80.345364,0,0.07297025620937347,TN
B,MH-002,MH-002_19.606674_80.345633,0,0.07737276703119278,TN
B,MH-002,MH-002_19.606674_80.345903,0,0.07857159525156021,TN
B,MH-002,MH-002_19.606674_80.346172,0,0.08924034237861633,TN
B,MH-002,MH-002_19.606674_80.346442,1,0.1054893359541893,FN
B,MH-002,MH-002_19.606674_80.346711,0,0.11821691691875458,TN
B,MH-002,MH-002_19.606674_80.346981,0,0.1396910697221756,TN
B,MH-002,MH-002_19.606674_80.34725,0,0.14905038475990295,TN
B,MH-002,MH-002_19.606674_80.34752,1,0.14811493456363678,FN
B,MH-002,MH-002_19.606674_80.347789,1,0.1698760688304901,FN
B,MH-002,MH-002_19.606674_80.348059,1,0.188291534781456,FN
B,MH-002,MH-002_19.606674_80.348328,1,0.21745426952838898,FN
B,MH-002,MH-002_19.606674_80.348598,1,0.24500392377376556,FN
B,MH-002,MH-002_19.606674_80.348867,1,0.28699615597724915,TP
B,MH-002,MH-002_19.606674_80.349137,1,0.29529324173927307,TP
B,MH-002,MH-002_19.606674_80.349406,1,0.3522949814796448,TP
B,MH-002,MH-002_19.606674_80.349676,0,0.330238938331604,FP
B,MH-002,MH-002_19.606674_80.349945,0,0.4232636094093323,FP
B,MH-002,MH-002_19.606674_80.350215,0,0.4651435911655426,FP
B,MH-002,MH-002_19.606674_80.355605,0,0.030608361586928368,TN
B,MH-002,MH-002_19.606674_80.355874,0,0.0557534284889698,TN
B,MH-002,MH-002_19.606674_80.356144,0,0.08535338193178177,TN
B,MH-002,MH-002_19.606674_80.356413,0,0.10247691720724106,TN
B,MH-002,MH-002_19.606674_80.356683,0,0.10439586639404297,TN
B,MH-002,MH-002_19.606674_80.356952,0,0.10840222239494324,TN
B,MH-002,MH-002_19.606405_80.338896,0,0.025076407939195633,TN
B,MH-002,MH-002_19.606405_80.339166,0,0.026879742741584778,TN
B,MH-002,MH-002_19.606405_80.339435,0,0.032126132398843765,TN
B,MH-002,MH-002_19.606405_80.339705,0,0.03249794989824295,TN
B,MH-002,MH-002_19.606405_80.339974,0,0.03462732583284378,TN
B,MH-002,MH-002_19.606405_80.340244,0,0.036276303231716156,TN
B,MH-002,MH-002_19.606405_80.340513,0,0.042623959481716156,TN
B,MH-002,MH-002_19.606405_80.340783,0,0.043757323175668716,TN
B,MH-002,MH-002_19.606405_80.341052,0,0.04794701188802719,TN
B,MH-002,MH-002_19.606405_80.341322,0,0.04952302575111389,TN
B,MH-002,MH-002_19.606405_80.341591,0,0.04600293189287186,TN
B,MH-002,MH-002_19.606405_80.34186,0,0.04514817148447037,TN
B,MH-002,MH-002_19.606405_80.34213,0,0.0462670773267746,TN
B,MH-002,MH-002_19.606405_80.342399,0,0.04189217835664749,TN
B,MH-002,MH-002_19.606405_80.342669,0,0.04739196598529816,TN
B,MH-002,MH-002_19.606405_80.342938,0,0.04406142234802246,TN
B,MH-002,MH-002_19.606405_80.343208,0,0.04877730458974838,TN
B,MH-002,MH-002_19.606405_80.343477,0,0.04346811771392822,TN
B,MH-002,MH-002_19.606405_80.343747,1,0.05147309973835945,FN
B,MH-002,MH-002_19.606405_80.344016,0,0.056168269366025925,TN
B,MH-002,MH-002_19.606405_80.344286,0,0.06260931491851807,TN
B,MH-002,MH-002_19.606405_80.344825,0,0.05992061272263527,TN
B,MH-002,MH-002_19.606405_80.345903,0,0.06756842136383057,TN
B,MH-002,MH-002_19.606405_80.346172,0,0.06520011276006699,TN
B,MH-002,MH-002_19.606405_80.346442,0,0.0761825293302536,TN
B,MH-002,MH-002_19.606405_80.346711,0,0.07158039510250092,TN
B,MH-002,MH-002_19.606405_80.346981,0,0.10447515547275543,TN
B,MH-002,MH-002_19.606405_80.34725,0,0.09814444929361343,TN
B,MH-002,MH-002_19.606405_80.34752,1,0.11502871662378311,FN
B,MH-002,MH-002_19.606405_80.347789,1,0.11693580448627472,FN
B,MH-002,MH-002_19.606405_80.348059,1,0.12184770405292511,FN
B,MH-002,MH-002_19.606405_80.348328,1,0.11994911730289459,FN
B,MH-002,MH-002_19.606405_80.348598,1,0.16625653207302094,FN
B,MH-002,MH-002_19.606405_80.348867,0,0.1801033765077591,TN
B,MH-002,MH-002_19.606405_80.349137,0,0.19210323691368103,TN
B,MH-002,MH-002_19.606405_80.349406,1,0.22387048602104187,FN
B,MH-002,MH-002_19.606405_80.349676,0,0.2710922062397003,FP
B,MH-002,MH-002_19.606405_80.349945,0,0.350628137588501,FP
B,MH-002,MH-002_19.606405_80.350215,0,0.41498857736587524,FP
B,MH-002,MH-002_19.606405_80.350484,0,0.39387452602386475,FP
B,MH-002,MH-002_19.606405_80.355066,1,0.04046780616044998,FN
B,MH-002,MH-002_19.606405_80.355335,0,0.04011065140366554,TN
B,MH-002,MH-002_19.606405_80.355605,0,0.04040234908461571,TN
B,MH-002,MH-002_19.606405_80.355874,0,0.06337618082761765,TN
B,MH-002,MH-002_19.606405_80.356144,0,0.10333006083965302,TN
B,MH-002,MH-002_19.606405_80.356413,0,0.11210712045431137,TN
B,MH-002,MH-002_19.606405_80.356683,0,0.10685988515615463,TN
B,MH-002,MH-002_19.606405_80.356952,0,0.11465178430080414,TN
B,MH-002,MH-002_19.606405_80.357491,0,0.10948068648576736,TN
B,MH-002,MH-002_19.606135_80.339166,0,0.025954535230994225,TN
B,MH-002,MH-002_19.606135_80.339435,0,0.02788683772087097,TN
B,MH-002,MH-002_19.606135_80.339705,0,0.03141138330101967,TN
B,MH-002,MH-002_19.606135_80.339974,0,0.029173903167247772,TN
B,MH-002,MH-002_19.606135_80.340244,0,0.034016452729701996,TN
B,MH-002,MH-002_19.606135_80.340513,0,0.03360879048705101,TN
B,MH-002,MH-002_19.606135_80.340783,0,0.03725571557879448,TN
B,MH-002,MH-002_19.606135_80.341052,0,0.04026409238576889,TN
B,MH-002,MH-002_19.606135_80.341322,0,0.04063507542014122,TN
B,MH-002,MH-002_19.606135_80.341591,0,0.040422651916742325,TN
B,MH-002,MH-002_19.606135_80.34186,0,0.04167322441935539,TN
B,MH-002,MH-002_19.606135_80.34213,0,0.040899068117141724,TN
B,MH-002,MH-002_19.606135_80.342399,0,0.03889331966638565,TN
B,MH-002,MH-002_19.606135_80.342669,0,0.04289083182811737,TN
B,MH-002,MH-002_19.606135_80.342938,0,0.040111441165208817,TN
B,MH-002,MH-002_19.606135_80.343208,0,0.03761975094676018,TN
B,MH-002,MH-002_19.606135_80.343477,0,0.04376792162656784,TN
B,MH-002,MH-002_19.606135_80.343747,1,0.0452817901968956,FN
B,MH-002,MH-002_19.606135_80.344016,0,0.05349612236022949,TN
B,MH-002,MH-002_19.606135_80.344286,0,0.048880573362112045,TN
B,MH-002,MH-002_19.606135_80.345903,0,0.046829141676425934,TN
B,MH-002,MH-002_19.606135_80.346172,0,0.045453447848558426,TN
B,MH-002,MH-002_19.606135_80.346442,0,0.0513586699962616,TN
B,MH-002,MH-002_19.606135_80.346711,0,0.055157843977212906,TN
B,MH-002,MH-002_19.606135_80.346981,0,0.07251238822937012,TN
B,MH-002,MH-002_19.606135_80.34725,0,0.08966761082410812,TN
B,MH-002,MH-002_19.606135_80.34752,0,0.09665588289499283,TN
B,MH-002,MH-002_19.606135_80.347789,0,0.10655861347913742,TN
B,MH-002,MH-002_19.606135_80.348059,1,0.09937408566474915,FN
B,MH-002,MH-002_19.606135_80.348328,1,0.11002564430236816,FN
B,MH-002,MH-002_19.606135_80.348598,1,0.12212365120649338,FN
B,MH-002,MH-002_19.606135_80.348867,0,0.143305703997612,TN
B,MH-002,MH-002_19.606135_80.349137,0,0.15919142961502075,TN
B,MH-002,MH-002_19.606135_80.349406,1,0.21041512489318848,FN
B,MH-002,MH-002_19.606135_80.349676,1,0.27336233854293823,TP
B,MH-002,MH-002_19.606135_80.349945,1,0.3595953583717346,TP
B,MH-002,MH-002_19.606135_80.350215,0,0.3692691922187805,FP
B,MH-002,MH-002_19.606135_80.350484,0,0.37988921999931335,FP
B,MH-002,MH-002_19.606135_80.350754,0,0.38053956627845764,FP
B,MH-002,MH-002_19.606135_80.354527,0,0.09774644672870636,TN
B,MH-002,MH-002_19.606135_80.354796,0,0.07304531335830688,TN
B,MH-002,MH-002_19.606135_80.355066,1,0.06177499145269394,FN
B,MH-002,MH-002_19.606135_80.355335,1,0.05897845700383186,FN
B,MH-002,MH-002_19.606135_80.355605,0,0.05086290091276169,TN
B,MH-002,MH-002_19.606135_80.355874,0,0.08082689344882965,TN
B,MH-002,MH-002_19.606135_80.356144,0,0.11059144884347916,TN
B,MH-002,MH-002_19.606135_80.356413,0,0.10611753165721893,TN
B,MH-002,MH-002_19.606135_80.356683,0,0.10210350155830383,TN
B,MH-002,MH-002_19.606135_80.356952,0,0.10106828063726425,TN
B,MH-002,MH-002_19.606135_80.357491,0,0.1225636899471283,TN
B,MH-002,MH-002_19.605866_80.339166,0,0.032606758177280426,TN
B,MH-002,MH-002_19.605866_80.339435,1,0.03467145934700966,FN
B,MH-002,MH-002_19.605866_80.339705,1,0.03675113990902901,FN
B,MH-002,MH-002_19.605866_80.339974,0,0.037971626967191696,TN
B,MH-002,MH-002_19.605866_80.340244,0,0.03765273094177246,TN
B,MH-002,MH-002_19.605866_80.340513,0,0.041149310767650604,TN
B,MH-002,MH-002_19.605866_80.340783,0,0.03799246624112129,TN
B,MH-002,MH-002_19.605866_80.341052,0,0.042469389736652374,TN
B,MH-002,MH-002_19.605866_80.341322,0,0.036163195967674255,TN
B,MH-002,MH-002_19.605866_80.341591,0,0.04488089308142662,TN
B,MH-002,MH-002_19.605866_80.34186,0,0.047509849071502686,TN
B,MH-002,MH-002_19.605866_80.34213,0,0.05013987794518471,TN
B,MH-002,MH-002_19.605866_80.342399,0,0.046020202338695526,TN
B,MH-002,MH-002_19.605866_80.342669,0,0.04360039159655571,TN
B,MH-002,MH-002_19.605866_80.342938,0,0.03566086292266846,TN
B,MH-002,MH-002_19.605866_80.343208,0,0.037939783185720444,TN
B,MH-002,MH-002_19.605866_80.343477,0,0.04410009831190109,TN
B,MH-002,MH-002_19.605866_80.343747,1,0.045793116092681885,FN
B,MH-002,MH-002_19.605866_80.344016,0,0.05373956263065338,TN
B,MH-002,MH-002_19.605866_80.344286,0,0.055420346558094025,TN
B,MH-002,MH-002_19.605866_80.345903,0,0.049134060740470886,TN
B,MH-002,MH-002_19.605866_80.346172,0,0.04690990597009659,TN
B,MH-002,MH-002_19.605866_80.346442,0,0.04755348712205887,TN
B,MH-002,MH-002_19.605866_80.346711,0,0.05134287104010582,TN
B,MH-002,MH-002_19.605866_80.346981,1,0.06829746067523956,FN
B,MH-002,MH-002_19.605866_80.34725,0,0.07415415346622467,TN
B,MH-002,MH-002_19.605866_80.34752,1,0.07481002062559128,FN
B,MH-002,MH-002_19.605866_80.347789,0,0.077300064265728,TN
B,MH-002,MH-002_19.605866_80.348059,0,0.07718217372894287,TN
B,MH-002,MH-002_19.605866_80.348328,0,0.08652195334434509,TN
B,MH-002,MH-002_19.605866_80.348598,0,0.096415214240551,TN
B,MH-002,MH-002_19.605866_80.348867,1,0.11576320976018906,FN
B,MH-002,MH-002_19.605866_80.349137,0,0.14204411208629608,TN
B,MH-002,MH-002_19.605866_80.349406,0,0.18047501146793365,TN
B,MH-002,MH-002_19.605866_80.349676,0,0.2603396475315094,FP
B,MH-002,MH-002_19.605866_80.349945,1,0.285056471824646,TP
B,MH-002,MH-002_19.605866_80.350215,1,0.34946557879447937,TP
B,MH-002,MH-002_19.605866_80.350484,0,0.3504267930984497,FP
B,MH-002,MH-002_19.605866_80.350754,0,0.3704789876937866,FP
B,MH-002,MH-002_19.605866_80.351023,0,0.4673343300819397,FP
B,MH-002,MH-002_19.605866_80.354257,0,0.21162526309490204,TN
B,MH-002,MH-002_19.605866_80.354527,0,0.14720866084098816,TN
B,MH-002,MH-002_19.605866_80.354796,1,0.11261692643165588,FN
B,MH-002,MH-002_19.605866_80.355066,0,0.11412189900875092,TN
B,MH-002,MH-002_19.605866_80.355335,0,0.09345892816781998,TN
B,MH-002,MH-002_19.605866_80.355605,0,0.0941639319062233,TN
B,MH-002,MH-002_19.605866_80.355874,0,0.11391926556825638,TN
B,MH-002,MH-002_19.605866_80.356144,0,0.13161113858222961,TN
B,MH-002,MH-002_19.605866_80.356413,0,0.11344878375530243,TN
B,MH-002,MH-002_19.605866_80.356683,0,0.11558317393064499,TN
B,MH-002,MH-002_19.605866_80.356952,0,0.10763988643884659,TN
B,MH-002,MH-002_19.605866_80.357491,0,0.11897256225347519,TN
B,MH-002,MH-002_19.605596_80.339435,1,0.04566563293337822,FN
B,MH-002,MH-002_19.605596_80.339705,1,0.04623224586248398,FN
B,MH-002,MH-002_19.605596_80.339974,0,0.04367577284574509,TN
B,MH-002,MH-002_19.605596_80.340244,0,0.051094021648168564,TN
B,MH-002,MH-002_19.605596_80.340513,0,0.0385170541703701,TN
B,MH-002,MH-002_19.605596_80.340783,0,0.04397602006793022,TN
B,MH-002,MH-002_19.605596_80.341052,0,0.0417897067964077,TN
B,MH-002,MH-002_19.605596_80.341322,0,0.04410076513886452,TN
B,MH-002,MH-002_19.605596_80.341591,0,0.04308567941188812,TN
B,MH-002,MH-002_19.605596_80.34186,0,0.049145594239234924,TN
B,MH-002,MH-002_19.605596_80.34213,0,0.04619230329990387,TN
B,MH-002,MH-002_19.605596_80.342399,0,0.046532366424798965,TN
B,MH-002,MH-002_19.605596_80.342669,0,0.04492507502436638,TN
B,MH-002,MH-002_19.605596_80.342938,0,0.03622457757592201,TN
B,MH-002,MH-002_19.605596_80.343208,0,0.03625050559639931,TN
B,MH-002,MH-002_19.605596_80.343477,1,0.04414156451821327,FN
B,MH-002,MH-002_19.605596_80.343747,1,0.041989024728536606,FN
B,MH-002,MH-002_19.605596_80.344016,0,0.04673316702246666,TN
B,MH-002,MH-002_19.605596_80.344286,0,0.04614223539829254,TN
B,MH-002,MH-002_19.605596_80.345903,0,0.03257015347480774,TN
B,MH-002,MH-002_19.605596_80.346172,0,0.029196931049227715,TN
B,MH-002,MH-002_19.605596_80.346442,0,0.03429289907217026,TN
B,MH-002,MH-002_19.605596_80.346711,0,0.04000664874911308,TN
B,MH-002,MH-002_19.605596_80.346981,1,0.054142966866493225,FN
B,MH-002,MH-002_19.605596_80.34725,1,0.06140470504760742,FN
B,MH-002,MH-002_19.605596_80.34752,0,0.05877234786748886,TN
B,MH-002,MH-002_19.605596_80.347789,1,0.06594600528478622,FN
B,MH-002,MH-002_19.605596_80.348059,0,0.059685561805963516,TN
B,MH-002,MH-002_19.605596_80.348328,0,0.06888481974601746,TN
B,MH-002,MH-002_19.605596_80.348598,0,0.07570657134056091,TN
B,MH-002,MH-002_19.605596_80.348867,1,0.08887778967618942,FN
B,MH-002,MH-002_19.605596_80.349137,0,0.08947456628084183,TN
B,MH-002,MH-002_19.605596_80.349406,0,0.11641908437013626,TN
B,MH-002,MH-002_19.605596_80.349676,0,0.15413935482501984,TN
B,MH-002,MH-002_19.605596_80.349945,1,0.2092941701412201,FN
B,MH-002,MH-002_19.605596_80.350215,1,0.30804917216300964,TP
B,MH-002,MH-002_19.605596_80.350484,1,0.3159984052181244,TP
B,MH-002,MH-002_19.605596_80.350754,0,0.358355313539505,FP
B,MH-002,MH-002_19.605596_80.351023,0,0.4497504234313965,FP
B,MH-002,MH-002_19.605596_80.351293,0,0.537493884563446,FP
B,MH-002,MH-002_19.605596_80.353718,0,0.3522753119468689,FP
B,MH-002,MH-002_19.605596_80.353988,0,0.2936573326587677,FP
B,MH-002,MH-002_19.605596_80.354257,0,0.2531871199607849,FP
B,MH-002,MH-002_19.605596_80.354527,0,0.19740615785121918,TN
B,MH-002,MH-002_19.605596_80.356144,0,0.11939945071935654,TN
B,MH-002,MH-002_19.605596_80.356413,0,0.10279957950115204,TN
B,MH-002,MH-002_19.605596_80.356683,0,0.10196267813444138,TN
B,MH-002,MH-002_19.605596_80.356952,0,0.08271487057209015,TN
B,MH-002,MH-002_19.605596_80.357222,0,0.06967688351869583,TN
B,MH-002,MH-002_19.605327_80.339435,0,0.0648307204246521,TN
B,MH-002,MH-002_19.605327_80.339974,0,0.05929034575819969,TN
B,MH-002,MH-002_19.605327_80.340244,0,0.05122330039739609,TN
B,MH-002,MH-002_19.605327_80.340513,0,0.05426088720560074,TN
B,MH-002,MH-002_19.605327_80.340783,0,0.04987018555402756,TN
B,MH-002,MH-002_19.605327_80.341052,0,0.04861697554588318,TN
B,MH-002,MH-002_19.605327_80.341322,0,0.04198700189590454,TN
B,MH-002,MH-002_19.605327_80.341591,0,0.05003608390688896,TN
B,MH-002,MH-002_19.605327_80.34186,0,0.052822500467300415,TN
B,MH-002,MH-002_19.605327_80.34213,0,0.05802705138921738,TN
B,MH-002,MH-002_19.605327_80.342399,0,0.05680098757147789,TN
B,MH-002,MH-002_19.605327_80.342669,0,0.05624377727508545,TN
B,MH-002,MH-002_19.605327_80.342938,0,0.045503560453653336,TN
B,MH-002,MH-002_19.605327_80.343208,1,0.047956034541130066,FN
B,MH-002,MH-002_19.605327_80.343477,0,0.050584807991981506,TN
B,MH-002,MH-002_19.605327_80.343747,0,0.05301603302359581,TN
B,MH-002,MH-002_19.605327_80.344016,0,0.053477101027965546,TN
B,MH-002,MH-002_19.605327_80.344286,0,0.06109601631760597,TN
B,MH-002,MH-002_19.605327_80.344555,0,0.06470760703086853,TN
B,MH-002,MH-002_19.605327_80.344825,0,0.059545379132032394,TN
B,MH-002,MH-002_19.605327_80.346172,0,0.028841353952884674,TN
B,MH-002,MH-002_19.605327_80.346442,0,0.028579313308000565,TN
B,MH-002,MH-002_19.605327_80.346711,0,0.030334748327732086,TN
B,MH-002,MH-002_19.605327_80.346981,0,0.04951608180999756,TN
B,MH-002,MH-002_19.605327_80.34725,0,0.051318272948265076,TN
B,MH-002,MH-002_19.605327_80.34752,0,0.052612870931625366,TN
B,MH-002,MH-002_19.605327_80.347789,0,0.05037914589047432,TN
B,MH-002,MH-002_19.605327_80.348059,0,0.05454458296298981,TN
B,MH-002,MH-002_19.605327_80.348328,0,0.05158825218677521,TN
B,MH-002,MH-002_19.605327_80.348598,0,0.06347904354333878,TN
B,MH-002,MH-002_19.605327_80.348867,0,0.06506840139627457,TN
B,MH-002,MH-002_19.605327_80.349137,1,0.08597516268491745,FN
B,MH-002,MH-002_19.605327_80.349406,0,0.10377053171396255,TN
B,MH-002,MH-002_19.605327_80.349676,0,0.13737376034259796,TN
B,MH-002,MH-002_19.605327_80.349945,1,0.17436523735523224,FN
B,MH-002,MH-002_19.605327_80.350215,1,0.23076467216014862,FN
B,MH-002,MH-002_19.605327_80.350484,1,0.2899337410926819,TP
B,MH-002,MH-002_19.605327_80.350754,1,0.36603882908821106,TP
B,MH-002,MH-002_19.605327_80.351023,0,0.4581354856491089,FP
B,MH-002,MH-002_19.605327_80.351293,0,0.5185365676879883,FP
B,MH-002,MH-002_19.605327_80.351562,0,0.6751118898391724,FP
B,MH-002,MH-002_19.605327_80.353449,0,0.540428638458252,FP
B,MH-002,MH-002_19.605327_80.353718,0,0.4224800169467926,FP
B,MH-002,MH-002_19.605327_80.353988,0,0.33031779527664185,FP
B,MH-002,MH-002_19.605327_80.354257,0,0.26939857006073,FP
B,MH-002,MH-002_19.605327_80.355605,0,0.1499580293893814,TN
B,MH-002,MH-002_19.605327_80.355874,0,0.14911691844463348,TN
B,MH-002,MH-002_19.605327_80.356413,0,0.10482898354530334,TN
B,MH-002,MH-002_19.605327_80.356683,0,0.09834646433591843,TN
B,MH-002,MH-002_19.605327_80.356952,0,0.08176519721746445,TN
B,MH-002,MH-002_19.605327_80.357222,0,0.07049809396266937,TN
B,MH-002,MH-002_19.605327_80.357491,0,0.07730275392532349,TN
B,MH-002,MH-002_19.605057_80.339705,0,0.05200060084462166,TN
B,MH-002,MH-002_19.605057_80.339974,0,0.04455745592713356,TN
B,MH-002,MH-002_19.605057_80.340244,0,0.05345369502902031,TN
B,MH-002,MH-002_19.605057_80.340513,0,0.04910619184374809,TN
B,MH-002,MH-002_19.605057_80.340783,0,0.05025723576545715,TN
B,MH-002,MH-002_19.605057_80.341052,0,0.044035982340574265,TN
B,MH-002,MH-002_19.605057_80.341322,0,0.04524196684360504,TN
B,MH-002,MH-002_19.605057_80.341591,0,0.04674974083900452,TN
B,MH-002,MH-002_19.605057_80.34186,0,0.055054184049367905,TN
B,MH-002,MH-002_19.605057_80.34213,0,0.05201631411910057,TN
B,MH-002,MH-002_19.605057_80.342399,0,0.05538037046790123,TN
B,MH-002,MH-002_19.605057_80.342669,0,0.055228933691978455,TN
B,MH-002,MH-002_19.605057_80.342938,0,0.049968868494033813,TN
B,MH-002,MH-002_19.605057_80.343208,0,0.043784987181425095,TN
B,MH-002,MH-002_19.605057_80.343477,0,0.04714614897966385,TN
B,MH-002,MH-002_19.605057_80.343747,0,0.048684652894735336,TN
B,MH-002,MH-002_19.605057_80.344016,0,0.04331003874540329,TN
B,MH-002,MH-002_19.605057_80.344286,0,0.04687533155083656,TN
B,MH-002,MH-002_19.605057_80.344555,0,0.04573453962802887,TN
B,MH-002,MH-002_19.605057_80.344825,0,0.04866139218211174,TN
B,MH-002,MH-002_19.605057_80.345364,0,0.03630261495709419,TN
B,MH-002,MH-002_19.605057_80.345903,0,0.027439521625638008,TN
B,MH-002,MH-002_19.605057_80.346172,0,0.019716523587703705,TN
B,MH-002,MH-002_19.605057_80.346442,0,0.02252286486327648,TN
B,MH-002,MH-002_19.605057_80.346711,0,0.026870397850871086,TN
B,MH-002,MH-002_19.605057_80.346981,0,0.04063744843006134,TN
B,MH-002,MH-002_19.605057_80.34725,0,0.0478418692946434,TN
B,MH-002,MH-002_19.605057_80.34752,0,0.05011855810880661,TN
B,MH-002,MH-002_19.605057_80.347789,0,0.05036740005016327,TN
B,MH-002,MH-002_19.605057_80.348059,0,0.04584633931517601,TN
B,MH-002,MH-002_19.605057_80.348328,1,0.0452696792781353,FN
B,MH-002,MH-002_19.605057_80.348598,0,0.04556755721569061,TN
B,MH-002,MH-002_19.605057_80.348867,0,0.0532437264919281,TN
B,MH-002,MH-002_19.605057_80.349137,0,0.05475379526615143,TN
B,MH-002,MH-002_19.605057_80.349406,0,0.06663944572210312,TN
B,MH-002,MH-002_19.605057_80.349676,0,0.09994485974311829,TN
B,MH-002,MH-002_19.605057_80.349945,1,0.1482587456703186,FN
B,MH-002,MH-002_19.605057_80.350215,1,0.21409998834133148,FN
B,MH-002,MH-002_19.605057_80.350484,1,0.25015348196029663,TP
B,MH-002,MH-002_19.605057_80.350754,1,0.3177467882633209,TP
B,MH-002,MH-002_19.605057_80.351023,1,0.4097844362258911,TP
B,MH-002,MH-002_19.605057_80.351293,0,0.5321761965751648,FP
B,MH-002,MH-002_19.605057_80.351562,0,0.6389448046684265,FP
B,MH-002,MH-002_19.605057_80.351832,0,0.6774766445159912,FP
B,MH-002,MH-002_19.605057_80.353449,0,0.5717533826828003,FP
B,MH-002,MH-002_19.605057_80.353718,0,0.4333820939064026,FP
B,MH-002,MH-002_19.605057_80.353988,0,0.350312203168869,FP
B,MH-002,MH-002_19.605057_80.354257,0,0.31127220392227173,FP
B,MH-002,MH-002_19.605057_80.354527,0,0.28893542289733887,FP
B,MH-002,MH-002_19.605057_80.355335,0,0.1520761400461197,TN
B,MH-002,MH-002_19.605057_80.355605,0,0.13701874017715454,TN
B,MH-002,MH-002_19.605057_80.355874,0,0.11352139711380005,TN
B,MH-002,MH-002_19.605057_80.356144,0,0.11881512403488159,TN
B,MH-002,MH-002_19.605057_80.356683,0,0.08034191280603409,TN
B,MH-002,MH-002_19.605057_80.356952,0,0.06149757653474808,TN
B,MH-002,MH-002_19.605057_80.357222,0,0.06212939694523811,TN
B,MH-002,MH-002_19.605057_80.357491,0,0.06481463462114334,TN
B,MH-002,MH-002_19.604788_80.339705,0,0.06119120866060257,TN
B,MH-002,MH-002_19.604788_80.339974,0,0.05830073356628418,TN
B,MH-002,MH-002_19.604788_80.340244,0,0.06259039044380188,TN
B,MH-002,MH-002_19.604788_80.340513,0,0.0587698295712471,TN
B,MH-002,MH-002_19.604788_80.340783,0,0.05728376656770706,TN
B,MH-002,MH-002_19.604788_80.341052,0,0.057216838002204895,TN
B,MH-002,MH-002_19.604788_80.341322,0,0.05265441909432411,TN
B,MH-002,MH-002_19.604788_80.341591,0,0.06506384909152985,TN
B,MH-002,MH-002_19.604788_80.34186,0,0.06570661813020706,TN
B,MH-002,MH-002_19.604788_80.34213,0,0.06986311078071594,TN
B,MH-002,MH-002_19.604788_80.342399,0,0.06830984354019165,TN
B,MH-002,MH-002_19.604788_80.342669,0,0.061064478009939194,TN
B,MH-002,MH-002_19.604788_80.342938,0,0.05442803353071213,TN
B,MH-002,MH-002_19.604788_80.343208,0,0.042691778391599655,TN
B,MH-002,MH-002_19.604788_80.343477,0,0.0504223108291626,TN
B,MH-002,MH-002_19.604788_80.343747,0,0.04177602007985115,TN
B,MH-002,MH-002_19.604788_80.344016,0,0.038812339305877686,TN
B,MH-002,MH-002_19.604788_80.344286,0,0.03767676278948784,TN
B,MH-002,MH-002_19.604788_80.344555,0,0.03938090056180954,TN
B,MH-002,MH-002_19.604788_80.344825,1,0.04515314847230911,FN
B,MH-002,MH-002_19.604788_80.345094,1,0.043767049908638,FN
B,MH-002,MH-002_19.604788_80.345364,1,0.031010664999485016,FN
B,MH-002,MH-002_19.604788_80.345633,0,0.026880746707320213,TN
B,MH-002,MH-002_19.604788_80.345903,0,0.022030143067240715,TN
B,MH-002,MH-002_19.604788_80.346172,0,0.02076040953397751,TN
B,MH-002,MH-002_19.604788_80.346442,0,0.021125461906194687,TN
B,MH-002,MH-002_19.604788_80.346711,0,0.030237935483455658,TN
B,MH-002,MH-002_19.604788_80.346981,0,0.038407258689403534,TN
B,MH-002,MH-002_19.604788_80.34725,0,0.044604748487472534,TN
B,MH-002,MH-002_19.604788_80.34752,0,0.044434309005737305,TN
B,MH-002,MH-002_19.604788_80.347789,0,0.04546689614653587,TN
B,MH-002,MH-002_19.604788_80.348059,0,0.04530675709247589,TN
B,MH-002,MH-002_19.604788_80.348328,0,0.04843539744615555,TN
B,MH-002,MH-002_19.604788_80.348598,0,0.051388178020715714,TN
B,MH-002,MH-002_19.604788_80.348867,0,0.04860570654273033,TN
B,MH-002,MH-002_19.604788_80.349137,0,0.054203569889068604,TN
B,MH-002,MH-002_19.604788_80.349406,0,0.05937208607792854,TN
B,MH-002,MH-002_19.604788_80.349676,0,0.08326864242553711,TN
B,MH-002,MH-002_19.604788_80.349945,0,0.11097004264593124,TN
B,MH-002,MH-002_19.604788_80.350215,0,0.18068090081214905,TN
B,MH-002,MH-002_19.604788_80.350484,1,0.2113330215215683,FN
B,MH-002,MH-002_19.604788_80.350754,1,0.2744540870189667,TP
B,MH-002,MH-002_19.604788_80.351023,1,0.3942175805568695,TP
B,MH-002,MH-002_19.604788_80.351293,1,0.5407347083091736,TP
B,MH-002,MH-002_19.604788_80.351562,0,0.6566882729530334,FP
B,MH-002,MH-002_19.604788_80.351832,0,0.6835653781890869,FP
B,MH-002,MH-002_19.604788_80.352101,0,0.7502487301826477,FP
B,MH-002,MH-002_19.604788_80.353449,0,0.5983052253723145,FP
B,MH-002,MH-002_19.604788_80.353718,0,0.4833648204803467,FP
B,MH-002,MH-002_19.604788_80.353988,0,0.4113539159297943,FP
B,MH-002,MH-002_19.604788_80.354257,0,0.3587777316570282,FP
B,MH-002,MH-002_19.604788_80.354527,0,0.3109276592731476,FP
B,MH-002,MH-002_19.604788_80.354796,0,0.3178364634513855,FP
B,MH-002,MH-002_19.604788_80.355605,0,0.2249620407819748,TN
B,MH-002,MH-002_19.604788_80.355874,0,0.2030135989189148,TN
B,MH-002,MH-002_19.604788_80.356144,0,0.17086203396320343,TN
B,MH-002,MH-002_19.604788_80.356683,0,0.1319732666015625,TN
B,MH-002,MH-002_19.604788_80.356952,0,0.08900012075901031,TN
B,MH-002,MH-002_19.604788_80.357222,0,0.0896553099155426,TN
B,MH-002,MH-002_19.604788_80.357491,0,0.06754536926746368,TN
B,MH-002,MH-002_19.604518_80.339705,0,0.05895112827420235,TN
B,MH-002,MH-002_19.604518_80.339974,0,0.04915627837181091,TN
B,MH-002,MH-002_19.604518_80.340244,0,0.05523771047592163,TN
B,MH-002,MH-002_19.604518_80.340513,0,0.04782580956816673,TN
B,MH-002,MH-002_19.604518_80.340783,0,0.05521082505583763,TN
B,MH-002,MH-002_19.604518_80.341052,0,0.0533582866191864,TN
B,MH-002,MH-002_19.604518_80.341322,0,0.053484853357076645,TN
B,MH-002,MH-002_19.604518_80.341591,0,0.055480800569057465,TN
B,MH-002,MH-002_19.604518_80.34186,0,0.06003543362021446,TN
B,MH-002,MH-002_19.604518_80.34213,0,0.05936456471681595,TN
B,MH-002,MH-002_19.604518_80.342399,0,0.06170995160937309,TN
B,MH-002,MH-002_19.604518_80.342669,0,0.05045447498559952,TN
B,MH-002,MH-002_19.604518_80.342938,0,0.04657340422272682,TN
B,MH-002,MH-002_19.604518_80.343208,0,0.047942690551280975,TN
B,MH-002,MH-002_19.604518_80.343477,0,0.04652015492320061,TN
B,MH-002,MH-002_19.604518_80.343747,0,0.03793320432305336,TN
B,MH-002,MH-002_19.604518_80.344016,0,0.03100980632007122,TN
B,MH-002,MH-002_19.604518_80.344286,0,0.02923138253390789,TN
B,MH-002,MH-002_19.604518_80.344555,0,0.029993420466780663,TN
B,MH-002,MH-002_19.604518_80.344825,0,0.031668879091739655,TN
B,MH-002,MH-002_19.604518_80.345094,0,0.032866910099983215,TN
B,MH-002,MH-002_19.604518_80.345364,0,0.02661062777042389,TN
B,MH-002,MH-002_19.604518_80.345633,0,0.020489612594246864,TN
B,MH-002,MH-002_19.604518_80.345903,0,0.019901946187019348,TN
B,MH-002,MH-002_19.604518_80.346172,0,0.01798461750149727,TN
B,MH-002,MH-002_19.604518_80.346442,0,0.020806491374969482,TN
B,MH-002,MH-002_19.604518_80.346711,0,0.02564704790711403,TN
B,MH-002,MH-002_19.604518_80.346981,0,0.033737603574991226,TN
B,MH-002,MH-002_19.604518_80.34725,0,0.03998372703790665,TN
B,MH-002,MH-002_19.604518_80.34752,0,0.042385533452034,TN
B,MH-002,MH-002_19.604518_80.347789,0,0.04707283899188042,TN
B,MH-002,MH-002_19.604518_80.348059,0,0.041529908776283264,TN
B,MH-002,MH-002_19.604518_80.348328,0,0.0498422235250473,TN
B,MH-002,MH-002_19.604518_80.348598,0,0.04571373388171196,TN
B,MH-002,MH-002_19.604518_80.348867,0,0.04652244970202446,TN
B,MH-002,MH-002_19.604518_80.349137,0,0.046735696494579315,TN
B,MH-002,MH-002_19.604518_80.349406,0,0.052009157836437225,TN
B,MH-002,MH-002_19.604518_80.349676,0,0.061073966324329376,TN
B,MH-002,MH-002_19.604518_80.349945,1,0.09146488457918167,FN
B,MH-002,MH-002_19.604518_80.350215,1,0.1437627077102661,FN
B,MH-002,MH-002_19.604518_80.350484,1,0.19889305531978607,FN
B,MH-002,MH-002_19.604518_80.350754,1,0.28448620438575745,TP
B,MH-002,MH-002_19.604518_80.351023,1,0.37612929940223694,TP
B,MH-002,MH-002_19.604518_80.351293,1,0.5321367383003235,TP
B,MH-002,MH-002_19.604518_80.351562,1,0.6164423823356628,TP
B,MH-002,MH-002_19.604518_80.351832,0,0.6526700854301453,FP
B,MH-002,MH-002_19.604518_80.352101,0,0.7135570645332336,FP
B,MH-002,MH-002_19.604518_80.352371,1,0.7283298373222351,TP
B,MH-002,MH-002_19.604518_80.353449,0,0.6198897957801819,FP
B,MH-002,MH-002_19.604518_80.353718,0,0.4902019202709198,FP
B,MH-002,MH-002_19.604518_80.353988,0,0.4248189330101013,FP
B,MH-002,MH-002_19.604518_80.354257,0,0.4189498722553253,FP
B,MH-002,MH-002_19.604518_80.354527,0,0.43985748291015625,FP
B,MH-002,MH-002_19.604518_80.354796,0,0.42254480719566345,FP
B,MH-002,MH-002_19.604518_80.355066,0,0.40660470724105835,FP
B,MH-002,MH-002_19.604518_80.355874,0,0.2201380580663681,TN
B,MH-002,MH-002_19.604518_80.356413,0,0.13196220993995667,TN
B,MH-002,MH-002_19.604518_80.356683,0,0.1142473965883255,TN
B,MH-002,MH-002_19.604518_80.356952,0,0.07703728973865509,TN
B,MH-002,MH-002_19.604518_80.357222,0,0.07823788374662399,TN
B,MH-002,MH-002_19.604518_80.357491,0,0.06790678948163986,TN
B,MH-002,MH-002_19.604249_80.339705,0,0.05451882258057594,TN
B,MH-002,MH-002_19.604249_80.339974,0,0.05311021953821182,TN
B,MH-002,MH-002_19.604249_80.340244,0,0.05127674341201782,TN
B,MH-002,MH-002_19.604249_80.340513,0,0.04962855949997902,TN
B,MH-002,MH-002_19.604249_80.340783,0,0.051908429712057114,TN
B,MH-002,MH-002_19.604249_80.341052,0,0.05533201992511749,TN
B,MH-002,MH-002_19.604249_80.341322,0,0.05458734184503555,TN
B,MH-002,MH-002_19.604249_80.341591,0,0.0593121275305748,TN
B,MH-002,MH-002_19.604249_80.34186,0,0.05816119536757469,TN
B,MH-002,MH-002_19.604249_80.34213,0,0.05994543433189392,TN
B,MH-002,MH-002_19.604249_80.342399,0,0.05508209764957428,TN
B,MH-002,MH-002_19.604249_80.342669,0,0.046909149736166,TN
B,MH-002,MH-002_19.604249_80.342938,0,0.04025645554065704,TN
B,MH-002,MH-002_19.604249_80.343208,0,0.04190497845411301,TN
B,MH-002,MH-002_19.604249_80.343477,0,0.03960825502872467,TN
B,MH-002,MH-002_19.604249_80.343747,0,0.034606434404850006,TN
B,MH-002,MH-002_19.604249_80.344016,0,0.030209887772798538,TN
B,MH-002,MH-002_19.604249_80.344286,0,0.02843615598976612,TN
B,MH-002,MH-002_19.604249_80.344555,0,0.026310380548238754,TN
B,MH-002,MH-002_19.604249_80.344825,0,0.028702637180685997,TN
B,MH-002,MH-002_19.604249_80.345094,0,0.028809525072574615,TN
B,MH-002,MH-002_19.604249_80.345364,0,0.023399004712700844,TN
B,MH-002,MH-002_19.604249_80.345633,0,0.02125304564833641,TN
B,MH-002,MH-002_19.604249_80.345903,0,0.019817445427179337,TN
B,MH-002,MH-002_19.604249_80.346172,0,0.018422339111566544,TN
B,MH-002,MH-002_19.604249_80.346442,0,0.02210490219295025,TN
B,MH-002,MH-002_19.604249_80.346711,0,0.024979842826724052,TN
B,MH-002,MH-002_19.604249_80.346981,0,0.03378758206963539,TN
B,MH-002,MH-002_19.604249_80.34725,0,0.036045245826244354,TN
B,MH-002,MH-002_19.604249_80.34752,0,0.041287604719400406,TN
B,MH-002,MH-002_19.604249_80.347789,0,0.04685910791158676,TN
B,MH-002,MH-002_19.604249_80.348059,0,0.051221054047346115,TN
B,MH-002,MH-002_19.604249_80.348328,0,0.05511387810111046,TN
B,MH-002,MH-002_19.604249_80.348598,0,0.053580574691295624,TN
B,MH-002,MH-002_19.604249_80.348867,0,0.04887678101658821,TN
B,MH-002,MH-002_19.604249_80.349137,0,0.05419519916176796,TN
B,MH-002,MH-002_19.604249_80.349406,0,0.05663405358791351,TN
B,MH-002,MH-002_19.604249_80.349676,0,0.06389085948467255,TN
B,MH-002,MH-002_19.604249_80.349945,0,0.09498310834169388,TN
B,MH-002,MH-002_19.604249_80.350215,0,0.12938924133777618,TN
B,MH-002,MH-002_19.604249_80.350484,0,0.18812964856624603,TN
B,MH-002,MH-002_19.604249_80.350754,0,0.27089542150497437,FP
B,MH-002,MH-002_19.604249_80.351023,1,0.35546669363975525,TP
B,MH-002,MH-002_19.604249_80.351293,1,0.5002968907356262,TP
B,MH-002,MH-002_19.604249_80.351562,1,0.5730546712875366,TP
B,MH-002,MH-002_19.604249_80.351832,0,0.6115520596504211,FP
B,MH-002,MH-002_19.604249_80.352101,0,0.6768004298210144,FP
B,MH-002,MH-002_19.604249_80.352371,0,0.7039879560470581,FP
B,MH-002,MH-002_19.604249_80.35264,1,0.7518875598907471,TP
B,MH-002,MH-002_19.604249_80.353718,0,0.5539829134941101,FP
B,MH-002,MH-002_19.604249_80.353988,0,0.49912509322166443,FP
B,MH-002,MH-002_19.604249_80.354257,0,0.5007071495056152,FP
B,MH-002,MH-002_19.604249_80.354527,0,0.5149316191673279,FP
B,MH-002,MH-002_19.604249_80.354796,0,0.5108678340911865,FP
B,MH-002,MH-002_19.604249_80.355066,0,0.4640251100063324,FP
B,MH-002,MH-002_19.604249_80.355335,0,0.4693126082420349,FP
B,MH-002,MH-002_19.604249_80.356144,0,0.3360484540462494,FP
B,MH-002,MH-002_19.604249_80.356683,0,0.21767356991767883,TN
B,MH-002,MH-002_19.604249_80.356952,0,0.16262181103229523,TN
B,MH-002,MH-002_19.604249_80.357222,0,0.17019608616828918,TN
B,MH-002,MH-002_19.604249_80.357491,0,0.1294446885585785,TN
B,MH-002,MH-002_19.603979_80.339705,0,0.04825601726770401,TN
B,MH-002,MH-002_19.603979_80.339974,0,0.045651745051145554,TN
B,MH-002,MH-002_19.603979_80.340244,0,0.04976923018693924,TN
B,MH-002,MH-002_19.603979_80.340513,0,0.04841243475675583,TN
B,MH-002,MH-002_19.603979_80.340783,0,0.05109214410185814,TN
B,MH-002,MH-002_19.603979_80.341052,0,0.051234401762485504,TN
B,MH-002,MH-002_19.603979_80.341322,0,0.05767461284995079,TN
B,MH-002,MH-002_19.603979_80.341591,0,0.05568766966462135,TN
B,MH-002,MH-002_19.603979_80.34186,0,0.06072742119431496,TN
B,MH-002,MH-002_19.603979_80.34213,0,0.0535261444747448,TN
B,MH-002,MH-002_19.603979_80.342399,0,0.045206937938928604,TN
B,MH-002,MH-002_19.603979_80.342669,0,0.039183489978313446,TN
B,MH-002,MH-002_19.603979_80.342938,0,0.036262184381484985,TN
B,MH-002,MH-002_19.603979_80.343208,0,0.035678837448358536,TN
B,MH-002,MH-002_19.603979_80.343477,0,0.032655369490385056,TN
B,MH-002,MH-002_19.603979_80.343747,0,0.02902069315314293,TN
B,MH-002,MH-002_19.603979_80.344016,0,0.02524101734161377,TN
B,MH-002,MH-002_19.603979_80.344286,0,0.026813646778464317,TN
B,MH-002,MH-002_19.603979_80.344555,0,0.022118130698800087,TN
B,MH-002,MH-002_19.603979_80.344825,0,0.023883098736405373,TN
B,MH-002,MH-002_19.603979_80.345094,0,0.01990402117371559,TN
B,MH-002,MH-002_19.603979_80.345364,0,0.01842876337468624,TN
B,MH-002,MH-002_19.603979_80.345633,0,0.017785103991627693,TN
B,MH-002,MH-002_19.603979_80.345903,0,0.02010951191186905,TN
B,MH-002,MH-002_19.603979_80.346172,0,0.01825270988047123,TN
B,MH-002,MH-002_19.603979_80.346442,0,0.02382027730345726,TN
B,MH-002,MH-002_19.603979_80.346711,0,0.026522072032094002,TN
B,MH-002,MH-002_19.603979_80.346981,0,0.0363798514008522,TN
B,MH-002,MH-002_19.603979_80.34725,0,0.034785591065883636,TN
B,MH-002,MH-002_19.603979_80.34752,0,0.0457192063331604,TN
B,MH-002,MH-002_19.603979_80.347789,0,0.0488291010260582,TN
B,MH-002,MH-002_19.603979_80.348059,0,0.05359426140785217,TN
B,MH-002,MH-002_19.603979_80.348328,0,0.05844530463218689,TN
B,MH-002,MH-002_19.603979_80.348598,0,0.05458765849471092,TN
B,MH-002,MH-002_19.603979_80.348867,0,0.05309472978115082,TN
B,MH-002,MH-002_19.603979_80.349137,0,0.05048674717545509,TN
B,MH-002,MH-002_19.603979_80.349406,0,0.052710771560668945,TN
B,MH-002,MH-002_19.603979_80.349676,0,0.06319291144609451,TN
B,MH-002,MH-002_19.603979_80.349945,0,0.09348563104867935,TN
B,MH-002,MH-002_19.603979_80.350215,0,0.13936041295528412,TN
B,MH-002,MH-002_19.603979_80.350484,0,0.17086729407310486,TN
B,MH-002,MH-002_19.603979_80.350754,0,0.24739064276218414,TN
B,MH-002,MH-002_19.603979_80.351023,1,0.31406575441360474,TP
B,MH-002,MH-002_19.603979_80.351293,1,0.4663001000881195,TP
B,MH-002,MH-002_19.603979_80.351562,1,0.5337127447128296,TP
B,MH-002,MH-002_19.603979_80.351832,0,0.591916024684906,FP
B,MH-002,MH-002_19.603979_80.352101,0,0.6362842917442322,FP
B,MH-002,MH-002_19.603979_80.352371,0,0.687670111656189,FP
B,MH-002,MH-002_19.603979_80.35264,0,0.7388023138046265,FP
B,MH-002,MH-002_19.603979_80.353718,0,0.6440027356147766,FP
B,MH-002,MH-002_19.603979_80.353988,0,0.6664062142372131,FP
B,MH-002,MH-002_19.603979_80.354257,0,0.6826357841491699,FP
B,MH-002,MH-002_19.603979_80.354527,0,0.6929824352264404,FP
B,MH-002,MH-002_19.603979_80.354796,0,0.6493170857429504,FP
B,MH-002,MH-002_19.603979_80.355066,0,0.6547139286994934,FP
B,MH-002,MH-002_19.603979_80.355335,0,0.6070546507835388,FP
B,MH-002,MH-002_19.603979_80.356952,0,0.2216162532567978,TN
B,MH-002,MH-002_19.603979_80.357222,0,0.23385727405548096,TN
B,MH-002,MH-002_19.603979_80.357491,0,0.21537074446678162,TN
B,MH-002,MH-002_19.60371_80.339974,0,0.04918747767806053,TN
B,MH-002,MH-002_19.60371_80.340244,0,0.04888944327831268,TN
B,MH-002,MH-002_19.60371_80.340513,0,0.05280192941427231,TN
B,MH-002,MH-002_19.60371_80.340783,0,0.05585632100701332,TN
B,MH-002,MH-002_19.60371_80.341052,0,0.062221135944128036,TN
B,MH-002,MH-002_19.60371_80.341322,0,0.06481888145208359,TN
B,MH-002,MH-002_19.60371_80.341591,0,0.06223210692405701,TN
B,MH-002,MH-002_19.60371_80.34186,0,0.05818230286240578,TN
B,MH-002,MH-002_19.60371_80.34213,0,0.048462677747011185,TN
B,MH-002,MH-002_19.60371_80.342399,0,0.04080992192029953,TN
B,MH-002,MH-002_19.60371_80.342669,0,0.03418649733066559,TN
B,MH-002,MH-002_19.60371_80.342938,0,0.03277916461229324,TN
B,MH-002,MH-002_19.60371_80.343208,0,0.030601169914007187,TN
B,MH-002,MH-002_19.60371_80.343477,0,0.028949668630957603,TN
B,MH-002,MH-002_19.60371_80.343747,0,0.02536728046834469,TN
B,MH-002,MH-002_19.60371_80.344016,0,0.024010298773646355,TN
B,MH-002,MH-002_19.60371_80.344286,0,0.01899581402540207,TN
B,MH-002,MH-002_19.60371_80.344555,0,0.018732720986008644,TN
B,MH-002,MH-002_19.60371_80.344825,0,0.017731206491589546,TN
B,MH-002,MH-002_19.60371_80.345094,0,0.01922653801739216,TN
B,MH-002,MH-002_19.60371_80.345364,0,0.017873264849185944,TN
B,MH-002,MH-002_19.60371_80.345633,0,0.02003571204841137,TN
B,MH-002,MH-002_19.60371_80.345903,0,0.020941494032740593,TN
B,MH-002,MH-002_19.60371_80.346172,0,0.021546483039855957,TN
B,MH-002,MH-002_19.60371_80.346442,0,0.028893334791064262,TN
B,MH-002,MH-002_19.60371_80.346711,0,0.03293908014893532,TN
B,MH-002,MH-002_19.60371_80.346981,0,0.042561523616313934,TN
B,MH-002,MH-002_19.60371_80.34725,0,0.045241281390190125,TN
B,MH-002,MH-002_19.60371_80.34752,0,0.05006710812449455,TN
B,MH-002,MH-002_19.60371_80.347789,0,0.054068777710199356,TN
B,MH-002,MH-002_19.60371_80.348059,0,0.060366250574588776,TN
B,MH-002,MH-002_19.60371_80.348328,0,0.0670587345957756,TN
B,MH-002,MH-002_19.60371_80.348598,0,0.0735575407743454,TN
B,MH-002,MH-002_19.60371_80.348867,0,0.06822828948497772,TN
B,MH-002,MH-002_19.60371_80.349137,0,0.06493496149778366,TN
B,MH-002,MH-002_19.60371_80.349406,0,0.06648465991020203,TN
B,MH-002,MH-002_19.60371_80.349676,0,0.07579965144395828,TN
B,MH-002,MH-002_19.60371_80.349945,0,0.10091294348239899,TN
B,MH-002,MH-002_19.60371_80.350215,0,0.13823969662189484,TN
B,MH-002,MH-002_19.60371_80.350484,0,0.18008266389369965,TN
B,MH-002,MH-002_19.60371_80.350754,1,0.21771501004695892,FN
B,MH-002,MH-002_19.60371_80.351023,1,0.28275007009506226,TP
B,MH-002,MH-002_19.60371_80.351293,1,0.3822345733642578,TP
B,MH-002,MH-002_19.60371_80.351562,1,0.45643922686576843,TP
B,MH-002,MH-002_19.60371_80.351832,0,0.5582275986671448,FP
B,MH-002,MH-002_19.60371_80.352101,0,0.5689185857772827,FP
B,MH-002,MH-002_19.60371_80.352371,0,0.6458463072776794,FP
B,MH-002,MH-002_19.60371_80.35264,0,0.7078062295913696,FP
B,MH-002,MH-002_19.60371_80.353718,0,0.6636778712272644,FP
B,MH-002,MH-002_19.60371_80.353988,0,0.7117330431938171,FP
B,MH-002,MH-002_19.60371_80.354257,0,0.7513597011566162,FP
B,MH-002,MH-002_19.60371_80.354527,1,0.7694697380065918,TP
B,MH-002,MH-002_19.60371_80.354796,0,0.7764414548873901,FP
B,MH-002,MH-002_19.60371_80.357491,0,0.36106646060943604,FP
B,MH-002,MH-002_19.60344_80.339974,0,0.04311995953321457,TN
B,MH-002,MH-002_19.60344_80.340244,0,0.04746152460575104,TN
B,MH-002,MH-002_19.60344_80.340513,0,0.047608450055122375,TN
B,MH-002,MH-002_19.60344_80.340783,0,0.055710528045892715,TN
B,MH-002,MH-002_19.60344_80.341052,0,0.05798086151480675,TN
B,MH-002,MH-002_19.60344_80.341322,0,0.058219652622938156,TN
B,MH-002,MH-002_19.60344_80.341591,0,0.05228788033127785,TN
B,MH-002,MH-002_19.60344_80.34186,0,0.04641946032643318,TN
B,MH-002,MH-002_19.60344_80.34213,1,0.04058318957686424,FN
B,MH-002,MH-002_19.60344_80.342399,1,0.039401594549417496,FN
B,MH-002,MH-002_19.60344_80.342669,0,0.03328965976834297,TN
B,MH-002,MH-002_19.60344_80.342938,0,0.02840234711766243,TN
B,MH-002,MH-002_19.60344_80.343208,0,0.02978922612965107,TN
B,MH-002,MH-002_19.60344_80.343477,0,0.028448808938264847,TN
B,MH-002,MH-002_19.60344_80.343747,0,0.02331431396305561,TN
B,MH-002,MH-002_19.60344_80.344016,0,0.020977497100830078,TN
B,MH-002,MH-002_19.60344_80.344286,0,0.01957917958498001,TN
B,MH-002,MH-002_19.60344_80.344555,0,0.01621251180768013,TN
B,MH-002,MH-002_19.60344_80.344825,0,0.017259083688259125,TN
B,MH-002,MH-002_19.60344_80.345094,0,0.015465390868484974,TN
B,MH-002,MH-002_19.60344_80.345364,0,0.016098953783512115,TN
B,MH-002,MH-002_19.60344_80.345633,0,0.01663677580654621,TN
B,MH-002,MH-002_19.60344_80.345903,0,0.01820644550025463,TN
B,MH-002,MH-002_19.60344_80.346172,0,0.019719265401363373,TN
B,MH-002,MH-002_19.60344_80.346442,0,0.029493074864149094,TN
B,MH-002,MH-002_19.60344_80.346711,0,0.03157611936330795,TN
B,MH-002,MH-002_19.60344_80.346981,0,0.04397211968898773,TN
B,MH-002,MH-002_19.60344_80.34725,0,0.04390410706400871,TN
B,MH-002,MH-002_19.60344_80.34752,0,0.05501216650009155,TN
B,MH-002,MH-002_19.60344_80.347789,0,0.059047918766736984,TN
B,MH-002,MH-002_19.60344_80.348059,0,0.07102543860673904,TN
B,MH-002,MH-002_19.60344_80.348328,0,0.07922409474849701,TN
B,MH-002,MH-002_19.60344_80.348598,0,0.08398335427045822,TN
B,MH-002,MH-002_19.60344_80.348867,0,0.08262289315462112,TN
B,MH-002,MH-002_19.60344_80.349137,0,0.08650945127010345,TN
B,MH-002,MH-002_19.60344_80.349406,0,0.0917028933763504,TN
B,MH-002,MH-002_19.60344_80.349676,0,0.09214473515748978,TN
B,MH-002,MH-002_19.60344_80.349945,0,0.11061068624258041,TN
B,MH-002,MH-002_19.60344_80.350215,0,0.13445661962032318,TN
B,MH-002,MH-002_19.60344_80.350484,0,0.16076752543449402,TN
B,MH-002,MH-002_19.60344_80.350754,0,0.18180683255195618,TN
B,MH-002,MH-002_19.60344_80.351023,1,0.22615733742713928,FN
B,MH-002,MH-002_19.60344_80.351293,1,0.2939712703227997,TP
B,MH-002,MH-002_19.60344_80.351562,1,0.3671616315841675,TP
B,MH-002,MH-002_19.60344_80.351832,1,0.49218425154685974,TP
B,MH-002,MH-002_19.60344_80.352101,0,0.5381544232368469,FP
B,MH-002,MH-002_19.60344_80.352371,0,0.5964779257774353,FP
B,MH-002,MH-002_19.60344_80.35264,0,0.6565756797790527,FP
B,MH-002,MH-002_19.60344_80.35291,0,0.7051022052764893,FP
B,MH-002,MH-002_19.60344_80.353988,0,0.7399271130561829,FP
B,MH-002,MH-002_19.60344_80.354257,1,0.8048798441886902,TP
B,MH-002,MH-002_19.603171_80.339974,0,0.04122819006443024,TN
B,MH-002,MH-002_19.603171_80.340244,0,0.04422825947403908,TN
B,MH-002,MH-002_19.603171_80.340513,0,0.04412679001688957,TN
B,MH-002,MH-002_19.603171_80.340783,0,0.05460171401500702,TN
B,MH-002,MH-002_19.603171_80.341052,0,0.051589805632829666,TN
B,MH-002,MH-002_19.603171_80.341322,0,0.05373988673090935,TN
B,MH-002,MH-002_19.603171_80.341591,0,0.04795924574136734,TN
B,MH-002,MH-002_19.603171_80.34186,0,0.04794861003756523,TN
B,MH-002,MH-002_19.603171_80.34213,0,0.04308175668120384,TN
B,MH-002,MH-002_19.603171_80.342399,0,0.037562381476163864,TN
B,MH-002,MH-002_19.603171_80.342669,0,0.030187472701072693,TN
B,MH-002,MH-002_19.603171_80.342938,0,0.02895299345254898,TN
B,MH-002,MH-002_19.603171_80.343208,0,0.028102334588766098,TN
B,MH-002,MH-002_19.603171_80.343477,0,0.0262446291744709,TN
B,MH-002,MH-002_19.603171_80.343747,0,0.02469325065612793,TN
B,MH-002,MH-002_19.603171_80.344016,0,0.02228950522840023,TN
B,MH-002,MH-002_19.603171_80.344286,0,0.018592722713947296,TN
B,MH-002,MH-002_19.603171_80.344555,0,0.018041124567389488,TN
B,MH-002,MH-002_19.603171_80.344825,0,0.015450962819159031,TN
B,MH-002,MH-002_19.603171_80.345094,0,0.016470059752464294,TN
B,MH-002,MH-002_19.603171_80.345364,0,0.018016880378127098,TN
B,MH-002,MH-002_19.603171_80.345633,0,0.019714737311005592,TN
B,MH-002,MH-002_19.603171_80.345903,0,0.02238757349550724,TN
B,MH-002,MH-002_19.603171_80.346172,0,0.02638131193816662,TN
B,MH-002,MH-002_19.603171_80.346442,0,0.03840828686952591,TN
B,MH-002,MH-002_19.603171_80.346711,0,0.041183214634656906,TN
B,MH-002,MH-002_19.603171_80.346981,0,0.05566192418336868,TN
B,MH-002,MH-002_19.603171_80.34725,0,0.05803138017654419,TN
B,MH-002,MH-002_19.603171_80.34752,0,0.06846971064805984,TN
B,MH-002,MH-002_19.603171_80.347789,0,0.07331612706184387,TN
B,MH-002,MH-002_19.603171_80.348059,0,0.08736087381839752,TN
B,MH-002,MH-002_19.603171_80.348328,0,0.09624075144529343,TN
B,MH-002,MH-002_19.603171_80.348598,0,0.09889794141054153,TN
B,MH-002,MH-002_19.603171_80.348867,0,0.09539061039686203,TN
B,MH-002,MH-002_19.603171_80.349137,0,0.10693028569221497,TN
B,MH-002,MH-002_19.603171_80.349406,0,0.1005871444940567,TN
B,MH-002,MH-002_19.603171_80.349676,0,0.10887468606233597,TN
B,MH-002,MH-002_19.603171_80.349945,0,0.12636932730674744,TN
B,MH-002,MH-002_19.603171_80.350215,0,0.13778643310070038,TN
B,MH-002,MH-002_19.603171_80.350484,0,0.14214205741882324,TN
B,MH-002,MH-002_19.603171_80.350754,0,0.14243631064891815,TN
B,MH-002,MH-002_19.603171_80.351023,1,0.17868836224079132,FN
B,MH-002,MH-002_19.603171_80.351293,1,0.20296581089496613,FN
B,MH-002,MH-002_19.603171_80.351562,1,0.2729291617870331,TP
B,MH-002,MH-002_19.603171_80.351832,1,0.39127224683761597,TP
B,MH-002,MH-002_19.603171_80.352101,0,0.48739150166511536,FP
B,MH-002,MH-002_19.603171_80.352371,0,0.5529924631118774,FP
B,MH-002,MH-002_19.603171_80.35264,0,0.6054210662841797,FP
B,MH-002,MH-002_19.603171_80.35291,0,0.6753873229026794,FP
B,MH-002,MH-002_19.603171_80.356413,0,0.8725329637527466,FP
B,MH-002,MH-002_19.603171_80.357222,0,0.6796885132789612,FP
B,MH-002,MH-002_19.602901_80.339974,0,0.03769737854599953,TN
B,MH-002,MH-002_19.602901_80.340244,0,0.04356479272246361,TN
B,MH-002,MH-002_19.602901_80.340513,0,0.043313927948474884,TN
B,MH-002,MH-002_19.602901_80.340783,0,0.05084528774023056,TN
B,MH-002,MH-002_19.602901_80.341052,0,0.047100502997636795,TN
B,MH-002,MH-002_19.602901_80.341322,0,0.047543469816446304,TN
B,MH-002,MH-002_19.602901_80.341591,0,0.042095642536878586,TN
B,MH-002,MH-002_19.602901_80.34186,0,0.04251839965581894,TN
B,MH-002,MH-002_19.602901_80.34213,0,0.03970794752240181,TN
B,MH-002,MH-002_19.602901_80.342399,0,0.03377314656972885,TN
B,MH-002,MH-002_19.602901_80.342669,0,0.028866615146398544,TN
B,MH-002,MH-002_19.602901_80.342938,0,0.02815057337284088,TN
B,MH-002,MH-002_19.602901_80.343208,0,0.027155112475156784,TN
B,MH-002,MH-002_19.602901_80.343477,0,0.026737721636891365,TN
B,MH-002,MH-002_19.602901_80.343747,0,0.022468769922852516,TN
B,MH-002,MH-002_19.602901_80.344016,0,0.0200732983648777,TN
B,MH-002,MH-002_19.602901_80.344286,0,0.016885820776224136,TN
B,MH-002,MH-002_19.602901_80.344555,0,0.017561903223395348,TN
B,MH-002,MH-002_19.602901_80.344825,1,0.014575597830116749,FN
B,MH-002,MH-002_19.602901_80.345094,0,0.014540710486471653,TN
B,MH-002,MH-002_19.602901_80.345364,0,0.01664712280035019,TN
B,MH-002,MH-002_19.602901_80.345633,0,0.01952948048710823,TN
B,MH-002,MH-002_19.602901_80.345903,0,0.02431793510913849,TN
B,MH-002,MH-002_19.602901_80.346172,0,0.028229983523488045,TN
B,MH-002,MH-002_19.602901_80.346442,0,0.04172747582197189,TN
B,MH-002,MH-002_19.602901_80.346711,0,0.04203253984451294,TN
B,MH-002,MH-002_19.602901_80.346981,0,0.05746665969491005,TN
B,MH-002,MH-002_19.602901_80.34725,0,0.05583353340625763,TN
B,MH-002,MH-002_19.602901_80.34752,0,0.0791299045085907,TN
B,MH-002,MH-002_19.602901_80.347789,0,0.08823150396347046,TN
B,MH-002,MH-002_19.602901_80.348059,0,0.10292939096689224,TN
B,MH-002,MH-002_19.602901_80.348328,0,0.10374782979488373,TN
B,MH-002,MH-002_19.602901_80.348598,0,0.10765502601861954,TN
B,MH-002,MH-002_19.602901_80.348867,0,0.10707348585128784,TN
B,MH-002,MH-002_19.602901_80.349137,0,0.1076764166355133,TN
B,MH-002,MH-002_19.602901_80.349406,0,0.11992184817790985,TN
B,MH-002,MH-002_19.602901_80.349676,0,0.11564358323812485,TN
B,MH-002,MH-002_19.602901_80.349945,0,0.13424205780029297,TN
B,MH-002,MH-002_19.602901_80.350215,0,0.13756024837493896,TN
B,MH-002,MH-002_19.602901_80.350484,0,0.14030896127223969,TN
B,MH-002,MH-002_19.602901_80.350754,0,0.1276896744966507,TN
B,MH-002,MH-002_19.602901_80.351023,1,0.13116741180419922,FN
B,MH-002,MH-002_19.602901_80.351293,0,0.15414191782474518,TN
B,MH-002,MH-002_19.602901_80.351562,0,0.19094111025333405,TN
B,MH-002,MH-002_19.602901_80.351832,1,0.26928722858428955,TP
B,MH-002,MH-002_19.602901_80.352101,1,0.34315845370292664,TP
B,MH-002,MH-002_19.602901_80.352371,0,0.4325167238712311,FP
B,MH-002,MH-002_19.602901_80.35264,0,0.4981693625450134,FP
B,MH-002,MH-002_19.602901_80.35291,0,0.5861793160438538,FP
B,MH-002,MH-002_19.602901_80.353179,0,0.5617714524269104,FP
B,MH-002,MH-002_19.602901_80.357222,1,0.7407397627830505,TP
B,MH-002,MH-002_19.602901_80.357491,1,0.6918439865112305,TP
B,MH-002,MH-002_19.602632_80.339974,0,0.053785841912031174,TN
B,MH-002,MH-002_19.602632_80.340244,0,0.04731089621782303,TN
B,MH-002,MH-002_19.602632_80.340513,0,0.05034222453832626,TN
B,MH-002,MH-002_19.602632_80.340783,0,0.047132715582847595,TN
B,MH-002,MH-002_19.602632_80.341052,0,0.044980019330978394,TN
B,MH-002,MH-002_19.602632_80.341322,0,0.04455993324518204,TN
B,MH-002,MH-002_19.602632_80.341591,0,0.03788328915834427,TN
B,MH-002,MH-002_19.602632_80.34186,0,0.03889036551117897,TN
B,MH-002,MH-002_19.602632_80.34213,0,0.03693225234746933,TN
B,MH-002,MH-002_19.602632_80.342399,0,0.034344010055065155,TN
B,MH-002,MH-002_19.602632_80.342669,0,0.030704252421855927,TN
B,MH-002,MH-002_19.602632_80.342938,0,0.030475744977593422,TN
B,MH-002,MH-002_19.602632_80.343208,0,0.027183350175619125,TN
B,MH-002,MH-002_19.602632_80.343477,0,0.02583962492644787,TN
B,MH-002,MH-002_19.602632_80.343747,0,0.021394874900579453,TN
B,MH-002,MH-002_19.602632_80.344016,0,0.022140439599752426,TN
B,MH-002,MH-002_19.602632_80.344286,0,0.018711460754275322,TN
B,MH-002,MH-002_19.602632_80.344555,0,0.018849097192287445,TN
B,MH-002,MH-002_19.602632_80.344825,0,0.01604071818292141,TN
B,MH-002,MH-002_19.602632_80.345094,0,0.018974535167217255,TN
B,MH-002,MH-002_19.602632_80.345364,0,0.019734088331460953,TN
B,MH-002,MH-002_19.602632_80.345633,0,0.026078954339027405,TN
B,MH-002,MH-002_19.602632_80.345903,0,0.03396619111299515,TN
B,MH-002,MH-002_19.602632_80.346172,0,0.03868391364812851,TN
B,MH-002,MH-002_19.602632_80.346442,0,0.04781049117445946,TN
B,MH-002,MH-002_19.602632_80.346711,0,0.058089692145586014,TN
B,MH-002,MH-002_19.602632_80.346981,0,0.07495728135108948,TN
B,MH-002,MH-002_19.602632_80.34725,0,0.08846642076969147,TN
B,MH-002,MH-002_19.602632_80.34752,0,0.10844313353300095,TN
B,MH-002,MH-002_19.602632_80.347789,0,0.12261416763067245,TN
B,MH-002,MH-002_19.602632_80.348059,0,0.12684358656406403,TN
B,MH-002,MH-002_19.602632_80.348328,0,0.1351623386144638,TN
B,MH-002,MH-002_19.602632_80.348598,0,0.12649324536323547,TN
B,MH-002,MH-002_19.602632_80.348867,0,0.11637330800294876,TN
B,MH-002,MH-002_19.602632_80.349137,0,0.11621228605508804,TN
B,MH-002,MH-002_19.602632_80.349406,0,0.11275358498096466,TN
B,MH-002,MH-002_19.602632_80.349676,0,0.1147739514708519,TN
B,MH-002,MH-002_19.602632_80.349945,0,0.12031281739473343,TN
B,MH-002,MH-002_19.602632_80.350215,0,0.12361153215169907,TN
B,MH-002,MH-002_19.602632_80.350484,0,0.12847763299942017,TN
B,MH-002,MH-002_19.602632_80.350754,0,0.11570916324853897,TN
B,MH-002,MH-002_19.602632_80.351023,0,0.11752595752477646,TN
B,MH-002,MH-002_19.602632_80.351293,0,0.12686260044574738,TN
B,MH-002,MH-002_19.602632_80.351562,0,0.15947335958480835,TN
B,MH-002,MH-002_19.602632_80.351832,1,0.20163138210773468,FN
B,MH-002,MH-002_19.602632_80.352101,1,0.25710535049438477,TP
B,MH-002,MH-002_19.602632_80.352371,0,0.32943013310432434,FP
B,MH-002,MH-002_19.602632_80.35264,0,0.372864305973053,FP
B,MH-002,MH-002_19.602632_80.35291,0,0.4952278435230255,FP
B,MH-002,MH-002_19.602632_80.353179,0,0.5357055068016052,FP
B,MH-002,MH-002_19.602362_80.339974,0,0.061391621828079224,TN
B,MH-002,MH-002_19.602362_80.340244,0,0.06045806035399437,TN
B,MH-002,MH-002_19.602362_80.340513,0,0.052492935210466385,TN
B,MH-002,MH-002_19.602362_80.340783,0,0.049208857119083405,TN
B,MH-002,MH-002_19.602362_80.341052,0,0.04750256612896919,TN
B,MH-002,MH-002_19.602362_80.341322,0,0.04498511925339699,TN
B,MH-002,MH-002_19.602362_80.341591,0,0.041422389447689056,TN
B,MH-002,MH-002_19.602362_80.34186,0,0.0381532683968544,TN
B,MH-002,MH-002_19.602362_80.34213,0,0.038406852632761,TN
B,MH-002,MH-002_19.602362_80.342399,0,0.040112659335136414,TN
B,MH-002,MH-002_19.602362_80.342669,0,0.03743504732847214,TN
B,MH-002,MH-002_19.602362_80.342938,0,0.03309527784585953,TN
B,MH-002,MH-002_19.602362_80.343208,0,0.02910558320581913,TN
B,MH-002,MH-002_19.602362_80.343477,0,0.02866699919104576,TN
B,MH-002,MH-002_19.602362_80.343747,0,0.022420715540647507,TN
B,MH-002,MH-002_19.602362_80.344016,0,0.023429440334439278,TN
B,MH-002,MH-002_19.602362_80.344286,0,0.020496763288974762,TN
B,MH-002,MH-002_19.602362_80.344555,0,0.021599702537059784,TN
B,MH-002,MH-002_19.602362_80.344825,0,0.018996205180883408,TN
B,MH-002,MH-002_19.602362_80.345094,0,0.021869288757443428,TN
B,MH-002,MH-002_19.602362_80.345364,0,0.02269318327307701,TN
B,MH-002,MH-002_19.602362_80.345633,0,0.027214519679546356,TN
B,MH-002,MH-002_19.602362_80.345903,0,0.03290925174951553,TN
B,MH-002,MH-002_19.602362_80.346172,0,0.03552068769931793,TN
B,MH-002,MH-002_19.602362_80.346442,0,0.051105450838804245,TN
B,MH-002,MH-002_19.602362_80.346711,0,0.06312505900859833,TN
B,MH-002,MH-002_19.602362_80.346981,0,0.09686494618654251,TN
B,MH-002,MH-002_19.602362_80.34725,0,0.09968449175357819,TN
B,MH-002,MH-002_19.602362_80.34752,0,0.14551959931850433,TN
B,MH-002,MH-002_19.602362_80.347789,0,0.15506388247013092,TN
B,MH-002,MH-002_19.602362_80.348059,0,0.15770897269248962,TN
B,MH-002,MH-002_19.602362_80.348328,0,0.15817677974700928,TN
B,MH-002,MH-002_19.602362_80.348598,0,0.13843122124671936,TN
B,MH-002,MH-002_19.602362_80.348867,0,0.12205250561237335,TN
B,MH-002,MH-002_19.602362_80.349137,0,0.11107233166694641,TN
B,MH-002,MH-002_19.602362_80.349406,0,0.10949593782424927,TN
B,MH-002,MH-002_19.602362_80.349676,0,0.10839430242776871,TN
B,MH-002,MH-002_19.602362_80.349945,0,0.11618107557296753,TN
B,MH-002,MH-002_19.602362_80.350215,0,0.12327996641397476,TN
B,MH-002,MH-002_19.602362_80.350484,0,0.1360805630683899,TN
B,MH-002,MH-002_19.602362_80.350754,0,0.1264723688364029,TN
B,MH-002,MH-002_19.602362_80.351023,0,0.12124591320753098,TN
B,MH-002,MH-002_19.602362_80.351293,0,0.11696960031986237,TN
B,MH-002,MH-002_19.602362_80.351562,0,0.13471423089504242,TN
B,MH-002,MH-002_19.602362_80.351832,1,0.17967933416366577,FN
B,MH-002,MH-002_19.602362_80.352101,1,0.2025626003742218,FN
B,MH-002,MH-002_19.602362_80.352371,1,0.22951087355613708,FN
B,MH-002,MH-002_19.602362_80.35264,0,0.26407283544540405,FP
B,MH-002,MH-002_19.602362_80.35291,0,0.33043909072875977,FP
B,MH-002,MH-002_19.602362_80.353179,0,0.38898906111717224,FP
B,MH-002,MH-002_19.602362_80.353449,0,0.46067094802856445,FP
B,MH-002,MH-002_19.602093_80.339974,0,0.09344416111707687,TN
B,MH-002,MH-002_19.602093_80.340244,0,0.06891191005706787,TN
B,MH-002,MH-002_19.602093_80.340513,0,0.06989994645118713,TN
B,MH-002,MH-002_19.602093_80.340783,0,0.06530788540840149,TN
B,MH-002,MH-002_19.602093_80.341052,0,0.0587482675909996,TN
B,MH-002,MH-002_19.602093_80.341322,0,0.05324766784906387,TN
B,MH-002,MH-002_19.602093_80.341591,0,0.050565388053655624,TN
B,MH-002,MH-002_19.602093_80.34186,0,0.051602140069007874,TN
B,MH-002,MH-002_19.602093_80.34213,0,0.0539366751909256,TN
B,MH-002,MH-002_19.602093_80.342399,0,0.04843892529606819,TN
B,MH-002,MH-002_19.602093_80.342669,0,0.04276833310723305,TN
B,MH-002,MH-002_19.602093_80.342938,0,0.03541223704814911,TN
B,MH-002,MH-002_19.602093_80.343208,0,0.030261702835559845,TN
B,MH-002,MH-002_19.602093_80.343477,0,0.029389744624495506,TN
B,MH-002,MH-002_19.602093_80.343747,0,0.024208905175328255,TN
B,MH-002,MH-002_19.602093_80.344016,0,0.024003662168979645,TN
B,MH-002,MH-002_19.602093_80.344286,0,0.02145785093307495,TN
B,MH-002,MH-002_19.602093_80.344555,0,0.022262178361415863,TN
B,MH-002,MH-002_19.602093_80.344825,0,0.02139923721551895,TN
B,MH-002,MH-002_19.602093_80.345094,0,0.025786707177758217,TN
B,MH-002,MH-002_19.602093_80.345364,0,0.028094129636883736,TN
B,MH-002,MH-002_19.602093_80.345633,0,0.03219763562083244,TN
B,MH-002,MH-002_19.602093_80.345903,0,0.0378664955496788,TN
B,MH-002,MH-002_19.602093_80.346172,0,0.057075388729572296,TN
B,MH-002,MH-002_19.602093_80.346442,0,0.07559327036142349,TN
B,MH-002,MH-002_19.602093_80.34725,0,0.17800664901733398,TN
B,MH-002,MH-002_19.602093_80.34752,0,0.21924155950546265,TN
B,MH-002,MH-002_19.602093_80.347789,0,0.2345389723777771,TN
B,MH-002,MH-002_19.602093_80.348059,0,0.2368898242712021,TN
B,MH-002,MH-002_19.602093_80.348328,0,0.2317357063293457,TN
B,MH-002,MH-002_19.602093_80.348598,0,0.17229418456554413,TN
B,MH-002,MH-002_19.602093_80.348867,0,0.14994755387306213,TN
B,MH-002,MH-002_19.602093_80.349137,0,0.1294909417629242,TN
B,MH-002,MH-002_19.602093_80.349406,0,0.10884690284729004,TN
B,MH-002,MH-002_19.602093_80.349676,0,0.10165181010961533,TN
B,MH-002,MH-002_19.602093_80.349945,0,0.1081956997513771,TN
B,MH-002,MH-002_19.602093_80.350215,0,0.11706572771072388,TN
B,MH-002,MH-002_19.602093_80.350484,0,0.13193732500076294,TN
B,MH-002,MH-002_19.602093_80.350754,0,0.12017455697059631,TN
B,MH-002,MH-002_19.602093_80.351023,0,0.13534532487392426,TN
B,MH-002,MH-002_19.602093_80.351293,0,0.11854207515716553,TN
B,MH-002,MH-002_19.602093_80.351562,1,0.12827938795089722,FN
B,MH-002,MH-002_19.602093_80.351832,1,0.13954366743564606,FN
B,MH-002,MH-002_19.602093_80.352101,1,0.16961608827114105,FN
B,MH-002,MH-002_19.602093_80.352371,1,0.17856408655643463,FN
B,MH-002,MH-002_19.602093_80.35264,1,0.2230224609375,FN
B,MH-002,MH-002_19.602093_80.35291,0,0.29459649324417114,FP
B,MH-002,MH-002_19.602093_80.353179,0,0.38754862546920776,FP
B,MH-002,MH-002_19.602093_80.353449,0,0.5305783152580261,FP
B,MH-002,MH-002_19.602093_80.353718,0,0.6869643330574036,FP
B,MH-002,MH-002_19.601823_80.339974,0,0.09429191052913666,TN
B,MH-002,MH-002_19.601823_80.340244,0,0.08217211067676544,TN
B,MH-002,MH-002_19.601823_80.340513,0,0.08149455487728119,TN
B,MH-002,MH-002_19.601823_80.340783,0,0.0891713798046112,TN
B,MH-002,MH-002_19.601823_80.341052,0,0.0850105807185173,TN
B,MH-002,MH-002_19.601823_80.341322,0,0.07047779113054276,TN
B,MH-002,MH-002_19.601823_80.341591,0,0.06996066868305206,TN
B,MH-002,MH-002_19.601823_80.34186,0,0.06130644679069519,TN
B,MH-002,MH-002_19.601823_80.34213,0,0.061013128608465195,TN
B,MH-002,MH-002_19.601823_80.342399,0,0.05024686083197594,TN
B,MH-002,MH-002_19.601823_80.342669,0,0.04523682966828346,TN
B,MH-002,MH-002_19.601823_80.342938,0,0.037973552942276,TN
B,MH-002,MH-002_19.601823_80.343208,0,0.0349549800157547,TN
B,MH-002,MH-002_19.601823_80.343477,0,0.03226741775870323,TN
B,MH-002,MH-002_19.601823_80.343747,0,0.02623712457716465,TN
B,MH-002,MH-002_19.601823_80.344016,0,0.024194778874516487,TN
B,MH-002,MH-002_19.601823_80.344286,0,0.020935701206326485,TN
B,MH-002,MH-002_19.601823_80.344555,0,0.02319188602268696,TN
B,MH-002,MH-002_19.601823_80.344825,0,0.02261352725327015,TN
B,MH-002,MH-002_19.601823_80.345094,0,0.025362528860569,TN
B,MH-002,MH-002_19.601823_80.345364,0,0.027086876332759857,TN
B,MH-002,MH-002_19.601823_80.345633,0,0.030871080234646797,TN
B,MH-002,MH-002_19.601823_80.345903,0,0.0379352830350399,TN
B,MH-002,MH-002_19.601823_80.346172,0,0.061050958931446075,TN
B,MH-002,MH-002_19.601823_80.34752,1,0.287328839302063,TP
B,MH-002,MH-002_19.601823_80.347789,1,0.2997579574584961,TP
B,MH-002,MH-002_19.601823_80.348059,0,0.30344831943511963,FP
B,MH-002,MH-002_19.601823_80.348328,0,0.2549700140953064,FP
B,MH-002,MH-002_19.601823_80.348598,0,0.1984032243490219,TN
B,MH-002,MH-002_19.601823_80.348867,0,0.15995866060256958,TN
B,MH-002,MH-002_19.601823_80.349137,0,0.14289014041423798,TN
B,MH-002,MH-002_19.601823_80.349406,0,0.10732600092887878,TN
B,MH-002,MH-002_19.601823_80.349676,0,0.10359015315771103,TN
B,MH-002,MH-002_19.601823_80.349945,0,0.11043036729097366,TN
B,MH-002,MH-002_19.601823_80.350215,0,0.12257672846317291,TN
B,MH-002,MH-002_19.601823_80.350484,0,0.13794472813606262,TN
B,MH-002,MH-002_19.601823_80.350754,0,0.15325576066970825,TN
B,MH-002,MH-002_19.601823_80.351023,0,0.14972123503684998,TN
B,MH-002,MH-002_19.601823_80.351293,0,0.14491736888885498,TN
B,MH-002,MH-002_19.601823_80.351562,0,0.14470353722572327,TN
B,MH-002,MH-002_19.601823_80.351832,0,0.15412172675132751,TN
B,MH-002,MH-002_19.601823_80.352101,1,0.17577606439590454,FN
B,MH-002,MH-002_19.601823_80.352371,1,0.1835842728614807,FN
B,MH-002,MH-002_19.601823_80.35264,1,0.22565262019634247,FN
B,MH-002,MH-002_19.601823_80.35291,1,0.2877636253833771,TP
B,MH-002,MH-002_19.601823_80.353179,0,0.3607112467288971,FP
B,MH-002,MH-002_19.601823_80.353449,0,0.4820220172405243,FP
B,MH-002,MH-002_19.601823_80.353718,0,0.6426016688346863,FP
B,MH-002,MH-002_19.601554_80.339974,0,0.15115870535373688,TN
B,MH-002,MH-002_19.601554_80.340513,0,0.13873302936553955,TN
B,MH-002,MH-002_19.601554_80.340783,0,0.1245565265417099,TN
B,MH-002,MH-002_19.601554_80.341052,0,0.1195213794708252,TN
B,MH-002,MH-002_19.601554_80.341322,0,0.10196251422166824,TN
B,MH-002,MH-002_19.601554_80.341591,0,0.08604054898023605,TN
B,MH-002,MH-002_19.601554_80.34186,0,0.07647162675857544,TN
B,MH-002,MH-002_19.601554_80.34213,0,0.06754957139492035,TN
B,MH-002,MH-002_19.601554_80.342399,0,0.05569057539105415,TN
B,MH-002,MH-002_19.601554_80.342669,0,0.043483782559633255,TN
B,MH-002,MH-002_19.601554_80.342938,0,0.03983338549733162,TN
B,MH-002,MH-002_19.601554_80.343208,0,0.03680989146232605,TN
B,MH-002,MH-002_19.601554_80.343477,0,0.03414393588900566,TN
B,MH-002,MH-002_19.601554_80.343747,0,0.027807191014289856,TN
B,MH-002,MH-002_19.601554_80.344016,0,0.028056129813194275,TN
B,MH-002,MH-002_19.601554_80.344286,0,0.02399907261133194,TN
B,MH-002,MH-002_19.601554_80.344555,0,0.02624422125518322,TN
B,MH-002,MH-002_19.601554_80.344825,0,0.02438763529062271,TN
B,MH-002,MH-002_19.601554_80.345094,0,0.028148898854851723,TN
B,MH-002,MH-002_19.601554_80.345364,0,0.029388707131147385,TN
B,MH-002,MH-002_19.601554_80.345633,0,0.03385453298687935,TN
B,MH-002,MH-002_19.601554_80.345903,0,0.041385333985090256,TN
B,MH-002,MH-002_19.601554_80.346172,0,0.078911691904068,TN
B,MH-002,MH-002_19.601554_80.346981,0,0.27597862482070923,FP
B,MH-002,MH-002_19.601554_80.348059,0,0.33360767364501953,FP
B,MH-002,MH-002_19.601554_80.348328,0,0.2873339354991913,FP
B,MH-002,MH-002_19.601554_80.348598,0,0.21485121548175812,TN
B,MH-002,MH-002_19.601554_80.348867,0,0.20074209570884705,TN
B,MH-002,MH-002_19.601554_80.349137,0,0.14457954466342926,TN
B,MH-002,MH-002_19.601554_80.349406,0,0.11846636235713959,TN
B,MH-002,MH-002_19.601554_80.349676,0,0.11963547766208649,TN
B,MH-002,MH-002_19.601554_80.349945,0,0.12182403355836868,TN
B,MH-002,MH-002_19.601554_80.350215,0,0.1299723982810974,TN
B,MH-002,MH-002_19.601554_80.350484,0,0.15368834137916565,TN
B,MH-002,MH-002_19.601554_80.350754,0,0.14582009613513947,TN
B,MH-002,MH-002_19.601554_80.351023,0,0.16517657041549683,TN
B,MH-002,MH-002_19.601554_80.351293,0,0.16341876983642578,TN
B,MH-002,MH-002_19.601554_80.351562,0,0.15878568589687347,TN
B,MH-002,MH-002_19.601554_80.351832,0,0.1632961928844452,TN
B,MH-002,MH-002_19.601554_80.352101,0,0.19138769805431366,TN
B,MH-002,MH-002_19.601554_80.352371,1,0.19062994420528412,FN
B,MH-002,MH-002_19.601554_80.35264,1,0.24793268740177155,FN
B,MH-002,MH-002_19.601554_80.35291,1,0.3178916573524475,TP
B,MH-002,MH-002_19.601554_80.353179,0,0.4213330149650574,FP
B,MH-002,MH-002_19.601554_80.353449,0,0.525103747844696,FP
B,MH-002,MH-002_19.601554_80.353718,0,0.6023262739181519,FP
B,MH-002,MH-002_19.601554_80.353988,1,0.7476313710212708,TP
B,MH-002,MH-002_19.601554_80.354257,1,0.834804892539978,TP
B,MH-002,MH-002_19.601554_80.354527,1,0.9365754127502441,TP
B,MH-002,MH-002_19.601554_80.354796,1,0.9671375751495361,TP
B,MH-002,MH-002_19.601554_80.355066,1,0.9785096049308777,TP
B,MH-002,MH-002_19.601554_80.355874,0,0.982326865196228,FP
B,MH-002,MH-002_19.601554_80.356144,0,0.9681804776191711,FP
B,MH-002,MH-002_19.601554_80.356413,0,0.9584956169128418,FP
B,MH-002,MH-002_19.601554_80.356683,0,0.9411738514900208,FP
B,MH-002,MH-002_19.601554_80.356952,0,0.9278799295425415,FP
B,MH-002,MH-002_19.601284_80.339974,1,0.15512646734714508,FN
B,MH-002,MH-002_19.601284_80.340783,0,0.16130350530147552,TN
B,MH-002,MH-002_19.601284_80.341052,0,0.1594615876674652,TN
B,MH-002,MH-002_19.601284_80.341322,0,0.11605555564165115,TN
B,MH-002,MH-002_19.601284_80.341591,0,0.11004824191331863,TN
B,MH-002,MH-002_19.601284_80.34186,0,0.08644188195466995,TN
B,MH-002,MH-002_19.601284_80.34213,0,0.08135929703712463,TN
B,MH-002,MH-002_19.601284_80.342399,0,0.0598343126475811,TN
B,MH-002,MH-002_19.601284_80.342669,0,0.04644283279776573,TN
B,MH-002,MH-002_19.601284_80.342938,0,0.04143492504954338,TN
B,MH-002,MH-002_19.601284_80.343208,0,0.039933230727910995,TN
B,MH-002,MH-002_19.601284_80.343477,0,0.03770575672388077,TN
B,MH-002,MH-002_19.601284_80.343747,0,0.03308122605085373,TN
B,MH-002,MH-002_19.601284_80.344016,0,0.03145019710063934,TN
B,MH-002,MH-002_19.601284_80.344286,0,0.028302159160375595,TN
B,MH-002,MH-002_19.601284_80.344555,0,0.031550705432891846,TN
B,MH-002,MH-002_19.601284_80.344825,0,0.0298048947006464,TN
B,MH-002,MH-002_19.601284_80.345094,0,0.03571180999279022,TN
B,MH-002,MH-002_19.601284_80.345364,0,0.03694675490260124,TN
B,MH-002,MH-002_19.601284_80.345633,0,0.03643310070037842,TN
B,MH-002,MH-002_19.601284_80.345903,0,0.04554853215813637,TN
B,MH-002,MH-002_19.601284_80.346172,0,0.0785374641418457,TN
B,MH-002,MH-002_19.601284_80.346442,0,0.13354308903217316,TN
B,MH-002,MH-002_19.601284_80.346711,1,0.20201164484024048,FN
B,MH-002,MH-002_19.601284_80.347789,1,0.36859866976737976,TP
B,MH-002,MH-002_19.601284_80.348867,0,0.2026507556438446,TN
B,MH-002,MH-002_19.601284_80.349137,0,0.15849821269512177,TN
B,MH-002,MH-002_19.601284_80.349406,0,0.131637305021286,TN
B,MH-002,MH-002_19.601284_80.349676,0,0.14251619577407837,TN
B,MH-002,MH-002_19.601284_80.349945,0,0.1374237984418869,TN
B,MH-002,MH-002_19.601284_80.350215,0,0.13032396137714386,TN
B,MH-002,MH-002_19.601284_80.350484,0,0.13973358273506165,TN
B,MH-002,MH-002_19.601284_80.350754,0,0.14202114939689636,TN
B,MH-002,MH-002_19.601284_80.351023,0,0.16534851491451263,TN
B,MH-002,MH-002_19.601284_80.351293,0,0.16663232445716858,TN
B,MH-002,MH-002_19.601284_80.351562,0,0.18619489669799805,TN
B,MH-002,MH-002_19.601284_80.351832,0,0.1827935427427292,TN
B,MH-002,MH-002_19.601284_80.352101,0,0.21924100816249847,TN
B,MH-002,MH-002_19.601284_80.352371,0,0.2237221598625183,TN
B,MH-002,MH-002_19.601284_80.35264,1,0.27030229568481445,TP
B,MH-002,MH-002_19.601284_80.35291,1,0.3252415359020233,TP
B,MH-002,MH-002_19.601284_80.353179,1,0.4091413915157318,TP
B,MH-002,MH-002_19.601284_80.353449,0,0.5010403394699097,FP
B,MH-002,MH-002_19.601284_80.353718,1,0.594065248966217,TP
B,MH-002,MH-002_19.601284_80.353988,1,0.7173269391059875,TP
B,MH-002,MH-002_19.601284_80.354796,1,0.945121169090271,TP
B,MH-002,MH-002_19.601284_80.355066,1,0.9576927423477173,TP
B,MH-002,MH-002_19.601284_80.355335,1,0.96292644739151,TP
B,MH-002,MH-002_19.601284_80.355605,1,0.9725635051727295,TP
B,MH-002,MH-002_19.601284_80.356144,0,0.9718402028083801,FP
B,MH-002,MH-002_19.601284_80.356683,0,0.9484646320343018,FP
B,MH-002,MH-002_19.601015_80.339974,0,0.14170166850090027,TN
B,MH-002,MH-002_19.601015_80.340244,0,0.16380470991134644,TN
B,MH-002,MH-002_19.601015_80.340783,0,0.1753944754600525,TN
B,MH-002,MH-002_19.601015_80.341052,0,0.18343672156333923,TN
B,MH-002,MH-002_19.601015_80.341322,0,0.15155042707920074,TN
B,MH-002,MH-002_19.601015_80.341591,0,0.14360171556472778,TN
B,MH-002,MH-002_19.601015_80.34186,0,0.10154853761196136,TN
B,MH-002,MH-002_19.601015_80.34213,0,0.1022554337978363,TN
B,MH-002,MH-002_19.601015_80.342399,0,0.06989473849534988,TN
B,MH-002,MH-002_19.601015_80.342669,0,0.05367232486605644,TN
B,MH-002,MH-002_19.601015_80.342938,0,0.04945692420005798,TN
B,MH-002,MH-002_19.601015_80.343208,0,0.04720960929989815,TN
B,MH-002,MH-002_19.601015_80.343477,0,0.043796688318252563,TN
B,MH-002,MH-002_19.601015_80.343747,0,0.03811819851398468,TN
B,MH-002,MH-002_19.601015_80.344016,0,0.03592818230390549,TN
B,MH-002,MH-002_19.601015_80.344286,0,0.033959753811359406,TN
B,MH-002,MH-002_19.601015_80.344555,0,0.035912610590457916,TN
B,MH-002,MH-002_19.601015_80.344825,0,0.03586219996213913,TN
B,MH-002,MH-002_19.601015_80.345094,0,0.039118967950344086,TN
B,MH-002,MH-002_19.601015_80.345364,0,0.04502302408218384,TN
B,MH-002,MH-002_19.601015_80.345633,0,0.05423673987388611,TN
B,MH-002,MH-002_19.601015_80.345903,0,0.07341441512107849,TN
B,MH-002,MH-002_19.601015_80.346172,0,0.15422765910625458,TN
B,MH-002,MH-002_19.601015_80.346442,0,0.26799142360687256,FP
B,MH-002,MH-002_19.601015_80.346711,0,0.3242219090461731,FP
B,MH-002,MH-002_19.601015_80.34752,1,0.40829139947891235,TP
B,MH-002,MH-002_19.601015_80.347789,1,0.3587228059768677,TP
B,MH-002,MH-002_19.601015_80.348328,0,0.25210508704185486,FP
B,MH-002,MH-002_19.601015_80.349137,0,0.12928415834903717,TN
B,MH-002,MH-002_19.601015_80.349406,0,0.13312868773937225,TN
B,MH-002,MH-002_19.601015_80.349676,0,0.12797972559928894,TN
B,MH-002,MH-002_19.601015_80.349945,0,0.12647150456905365,TN
B,MH-002,MH-002_19.601015_80.350215,0,0.13398684561252594,TN
B,MH-002,MH-002_19.601015_80.350484,0,0.14806810021400452,TN
B,MH-002,MH-002_19.601015_80.350754,0,0.15299589931964874,TN
B,MH-002,MH-002_19.601015_80.351023,0,0.165421262383461,TN
B,MH-002,MH-002_19.601015_80.351293,0,0.16665524244308472,TN
B,MH-002,MH-002_19.601015_80.351562,0,0.19111326336860657,TN
B,MH-002,MH-002_19.601015_80.351832,0,0.20687296986579895,TN
B,MH-002,MH-002_19.601015_80.352101,0,0.238098606467247,TN
B,MH-002,MH-002_19.601015_80.352371,0,0.26983365416526794,FP
B,MH-002,MH-002_19.601015_80.35264,1,0.3082386553287506,TP
B,MH-002,MH-002_19.601015_80.35291,1,0.35607436299324036,TP
B,MH-002,MH-002_19.601015_80.353179,1,0.40823861956596375,TP
B,MH-002,MH-002_19.601015_80.353449,1,0.530450165271759,TP
B,MH-002,MH-002_19.601015_80.353718,0,0.625075101852417,FP
B,MH-002,MH-002_19.601015_80.353988,1,0.7321902513504028,TP
B,MH-002,MH-002_19.601015_80.355066,1,0.916612446308136,TP
B,MH-002,MH-002_19.601015_80.355335,1,0.9344376921653748,TP
B,MH-002,MH-002_19.601015_80.355605,1,0.9402779340744019,TP
B,MH-002,MH-002_19.601015_80.356952,0,0.8864936232566833,FP
B,MH-002,MH-002_19.601015_80.357222,0,0.9339573383331299,FP
B,MH-002,MH-002_19.600745_80.339974,0,0.10901464521884918,TN
B,MH-002,MH-002_19.600745_80.340244,1,0.14076201617717743,FN
B,MH-002,MH-002_19.600745_80.340513,1,0.19996649026870728,FN
B,MH-002,MH-002_19.600745_80.340783,1,0.19718876481056213,FN
B,MH-002,MH-002_19.600745_80.341052,1,0.2013631910085678,FN
B,MH-002,MH-002_19.600745_80.341322,0,0.1338869333267212,TN
B,MH-002,MH-002_19.600745_80.341591,0,0.1264224648475647,TN
B,MH-002,MH-002_19.600745_80.34186,0,0.10300968587398529,TN
B,MH-002,MH-002_19.600745_80.34213,0,0.09014998376369476,TN
B,MH-002,MH-002_19.600745_80.342399,0,0.07105418294668198,TN
B,MH-002,MH-002_19.600745_80.342669,0,0.05941765382885933,TN
B,MH-002,MH-002_19.600745_80.342938,0,0.0513526052236557,TN
B,MH-002,MH-002_19.600745_80.343208,0,0.05067368596792221,TN
B,MH-002,MH-002_19.600745_80.343477,0,0.04456963762640953,TN
B,MH-002,MH-002_19.600745_80.343747,0,0.04459109529852867,TN
B,MH-002,MH-002_19.600745_80.344016,0,0.03904519975185394,TN
B,MH-002,MH-002_19.600745_80.344286,0,0.04064906761050224,TN
B,MH-002,MH-002_19.600745_80.344555,0,0.040547795593738556,TN
B,MH-002,MH-002_19.600745_80.344825,0,0.045640505850315094,TN
B,MH-002,MH-002_19.600745_80.345094,0,0.050844062119722366,TN
B,MH-002,MH-002_19.600745_80.345364,0,0.05384727567434311,TN
B,MH-002,MH-002_19.600745_80.345633,0,0.06444275379180908,TN
B,MH-002,MH-002_19.600745_80.345903,0,0.09431060403585434,TN
B,MH-002,MH-002_19.600745_80.346172,0,0.16975632309913635,TN
B,MH-002,MH-002_19.600745_80.346442,1,0.28674790263175964,TP
B,MH-002,MH-002_19.600745_80.346711,1,0.3676970303058624,TP
B,MH-002,MH-002_19.600745_80.349137,0,0.12702694535255432,TN
B,MH-002,MH-002_19.600745_80.349406,0,0.113257497549057,TN
B,MH-002,MH-002_19.600745_80.349676,0,0.1316104680299759,TN
B,MH-002,MH-002_19.600745_80.349945,0,0.12124387919902802,TN
B,MH-002,MH-002_19.600745_80.350215,0,0.1195439025759697,TN
B,MH-002,MH-002_19.600745_80.350484,0,0.13351479172706604,TN
B,MH-002,MH-002_19.600745_80.350754,0,0.14750811457633972,TN
B,MH-002,MH-002_19.600745_80.351023,0,0.1511433720588684,TN
B,MH-002,MH-002_19.600745_80.351293,0,0.15608718991279602,TN
B,MH-002,MH-002_19.600745_80.351562,0,0.18534430861473083,TN
B,MH-002,MH-002_19.600745_80.351832,0,0.2188078761100769,TN
B,MH-002,MH-002_19.600745_80.352101,0,0.2891635596752167,FP
B,MH-002,MH-002_19.600745_80.352371,0,0.3198258876800537,FP
B,MH-002,MH-002_19.600745_80.35264,0,0.3524666726589203,FP
B,MH-002,MH-002_19.600745_80.35291,1,0.3990502655506134,TP
B,MH-002,MH-002_19.600745_80.353179,1,0.43909716606140137,TP
B,MH-002,MH-002_19.600745_80.353449,1,0.49122297763824463,TP
B,MH-002,MH-002_19.600745_80.353718,1,0.6042829155921936,TP
B,MH-002,MH-002_19.600745_80.353988,0,0.7132933735847473,FP
B,MH-002,MH-002_19.600745_80.354257,1,0.7318504452705383,TP
B,MH-002,MH-002_19.600745_80.357491,0,0.9664531946182251,FP
B,MH-002,MH-002_19.600476_80.339974,0,0.07282990962266922,TN
B,MH-002,MH-002_19.600476_80.340244,0,0.10669070482254028,TN
B,MH-002,MH-002_19.600476_80.340513,0,0.12848252058029175,TN
B,MH-002,MH-002_19.600476_80.340783,0,0.1341482400894165,TN
B,MH-002,MH-002_19.600476_80.341052,1,0.14749325811862946,FN
B,MH-002,MH-002_19.600476_80.341322,0,0.1334979087114334,TN
B,MH-002,MH-002_19.600476_80.341591,0,0.12851974368095398,TN
B,MH-002,MH-002_19.600476_80.34186,0,0.09508784860372543,TN
B,MH-002,MH-002_19.600476_80.34213,0,0.09256642311811447,TN
B,MH-002,MH-002_19.600476_80.342399,0,0.08422176539897919,TN
B,MH-002,MH-002_19.600476_80.342669,0,0.0722942054271698,TN
B,MH-002,MH-002_19.600476_80.342938,0,0.05645245313644409,TN
B,MH-002,MH-002_19.600476_80.343208,0,0.059866514056921005,TN
B,MH-002,MH-002_19.600476_80.343477,0,0.059245359152555466,TN
B,MH-002,MH-002_19.600476_80.343747,0,0.05558094382286072,TN
B,MH-002,MH-002_19.600476_80.344016,0,0.04986051470041275,TN
B,MH-002,MH-002_19.600476_80.344286,0,0.050118908286094666,TN
B,MH-002,MH-002_19.600476_80.344555,0,0.05111125484108925,TN
B,MH-002,MH-002_19.600476_80.344825,0,0.05573064088821411,TN
B,MH-002,MH-002_19.600476_80.345094,0,0.06548677384853363,TN
B,MH-002,MH-002_19.600476_80.345364,0,0.07561518251895905,TN
B,MH-002,MH-002_19.600476_80.345633,0,0.10449577122926712,TN
B,MH-002,MH-002_19.600476_80.345903,0,0.1447489857673645,TN
B,MH-002,MH-002_19.600476_80.346172,1,0.2521999776363373,TP
B,MH-002,MH-002_19.600476_80.346442,0,0.4181550145149231,FP
B,MH-002,MH-002_19.600476_80.346711,0,0.40884163975715637,FP
B,MH-002,MH-002_19.600476_80.34752,1,0.3229650855064392,TP
B,MH-002,MH-002_19.600476_80.347789,1,0.2603501081466675,TP
B,MH-002,MH-002_19.600476_80.348598,0,0.11309592425823212,TN
B,MH-002,MH-002_19.600476_80.349406,0,0.09423601627349854,TN
B,MH-002,MH-002_19.600476_80.349676,0,0.09789121150970459,TN
B,MH-002,MH-002_19.600476_80.349945,0,0.10733630508184433,TN
B,MH-002,MH-002_19.600476_80.350215,0,0.11038969457149506,TN
B,MH-002,MH-002_19.600476_80.350484,0,0.13094015419483185,TN
B,MH-002,MH-002_19.600476_80.350754,0,0.14052699506282806,TN
B,MH-002,MH-002_19.600476_80.351023,0,0.14860354363918304,TN
B,MH-002,MH-002_19.600476_80.351293,0,0.150889590382576,TN
B,MH-002,MH-002_19.600476_80.351562,0,0.19229727983474731,TN
B,MH-002,MH-002_19.600476_80.351832,0,0.20246796309947968,TN
B,MH-002,MH-002_19.600476_80.352101,0,0.29143619537353516,FP
B,MH-002,MH-002_19.600476_80.352371,0,0.3490954339504242,FP
B,MH-002,MH-002_19.600476_80.35264,0,0.42068493366241455,FP
B,MH-002,MH-002_19.600476_80.35291,1,0.4719775915145874,TP
B,MH-002,MH-002_19.600476_80.353179,1,0.5067591667175293,TP
B,MH-002,MH-002_19.600476_80.353449,1,0.5767943859100342,TP
B,MH-002,MH-002_19.600476_80.353718,1,0.6809520721435547,TP
B,MH-002,MH-002_19.600476_80.353988,1,0.7237950563430786,TP
B,MH-002,MH-002_19.600476_80.354257,0,0.736297070980072,FP
B,MH-002,MH-002_19.600476_80.354527,1,0.7034598588943481,TP
B,MH-002,MH-002_19.600476_80.354796,1,0.6807970404624939,TP
B,MH-002,MH-002_19.600476_80.355066,1,0.6663647294044495,TP
B,MH-002,MH-002_19.600476_80.356144,0,0.5650643110275269,FP
B,MH-002,MH-002_19.600476_80.356413,0,0.5746059417724609,FP
B,MH-002,MH-002_19.600476_80.356683,0,0.6483277678489685,FP
B,MH-002,MH-002_19.600476_80.356952,0,0.6976739168167114,FP
B,MH-002,MH-002_19.600476_80.357222,0,0.8542295694351196,FP
B,MH-002,MH-002_19.600206_80.339705,0,0.04681595414876938,TN
B,MH-002,MH-002_19.600206_80.339974,0,0.05593954399228096,TN
B,MH-002,MH-002_19.600206_80.340244,0,0.0684516653418541,TN
B,MH-002,MH-002_19.600206_80.340513,0,0.08786487579345703,TN
B,MH-002,MH-002_19.600206_80.340783,0,0.09994912892580032,TN
B,MH-002,MH-002_19.600206_80.341052,0,0.10119684785604477,TN
B,MH-002,MH-002_19.600206_80.341322,0,0.0862237736582756,TN
B,MH-002,MH-002_19.600206_80.341591,0,0.09791505336761475,TN
B,MH-002,MH-002_19.600206_80.34186,0,0.09180722385644913,TN
B,MH-002,MH-002_19.600206_80.34213,0,0.08508048951625824,TN
B,MH-002,MH-002_19.600206_80.342399,0,0.06869170069694519,TN
B,MH-002,MH-002_19.600206_80.342669,0,0.06269191950559616,TN
B,MH-002,MH-002_19.600206_80.342938,0,0.062342505902051926,TN
B,MH-002,MH-002_19.600206_80.343208,0,0.06406141072511673,TN
B,MH-002,MH-002_19.600206_80.343477,0,0.06863965094089508,TN
B,MH-002,MH-002_19.600206_80.343747,0,0.06201060488820076,TN
B,MH-002,MH-002_19.600206_80.344016,0,0.0539623498916626,TN
B,MH-002,MH-002_19.600206_80.344286,0,0.05904810503125191,TN
B,MH-002,MH-002_19.600206_80.344555,0,0.05880407243967056,TN
B,MH-002,MH-002_19.600206_80.344825,0,0.06944368034601212,TN
B,MH-002,MH-002_19.600206_80.345094,0,0.07575123012065887,TN
B,MH-002,MH-002_19.600206_80.345364,0,0.08818158507347107,TN
B,MH-002,MH-002_19.600206_80.345633,0,0.10769815742969513,TN
B,MH-002,MH-002_19.600206_80.345903,1,0.1619180142879486,FN
B,MH-002,MH-002_19.600206_80.346172,1,0.2687372863292694,TP
B,MH-002,MH-002_19.600206_80.346442,0,0.32986927032470703,FP
B,MH-002,MH-002_19.600206_80.346711,0,0.3470497131347656,FP
B,MH-002,MH-002_19.600206_80.34725,0,0.289202481508255,FP
B,MH-002,MH-002_19.600206_80.34752,0,0.2654939889907837,FP
B,MH-002,MH-002_19.600206_80.347789,0,0.18628308176994324,TN
B,MH-002,MH-002_19.600206_80.348059,0,0.1651325672864914,TN
B,MH-002,MH-002_19.600206_80.348328,0,0.11636178940534592,TN
B,MH-002,MH-002_19.600206_80.349676,0,0.08607935160398483,TN
B,MH-002,MH-002_19.600206_80.349945,0,0.08398956805467606,TN
B,MH-002,MH-002_19.600206_80.350215,0,0.08616232126951218,TN
B,MH-002,MH-002_19.600206_80.350484,0,0.09768736362457275,TN
B,MH-002,MH-002_19.600206_80.350754,0,0.11109185218811035,TN
B,MH-002,MH-002_19.600206_80.351023,0,0.12214688211679459,TN
B,MH-002,MH-002_19.600206_80.351293,0,0.12371865659952164,TN
B,MH-002,MH-002_19.600206_80.351562,0,0.16629737615585327,TN
B,MH-002,MH-002_19.600206_80.351832,0,0.18785040080547333,TN
B,MH-002,MH-002_19.600206_80.352101,1,0.28148046135902405,TP
B,MH-002,MH-002_19.600206_80.352371,0,0.38609039783477783,FP
B,MH-002,MH-002_19.600206_80.35264,0,0.44781458377838135,FP
B,MH-002,MH-002_19.600206_80.35291,1,0.5125333666801453,TP
B,MH-002,MH-002_19.600206_80.353179,1,0.5550453662872314,TP
B,MH-002,MH-002_19.600206_80.353449,1,0.5992825627326965,TP
B,MH-002,MH-002_19.600206_80.353718,1,0.6322579979896545,TP
B,MH-002,MH-002_19.600206_80.353988,1,0.702056348323822,TP
B,MH-002,MH-002_19.600206_80.354257,1,0.6819216012954712,TP
B,MH-002,MH-002_19.600206_80.354527,0,0.6862201690673828,FP
B,MH-002,MH-002_19.600206_80.354796,1,0.6457898020744324,TP
B,MH-002,MH-002_19.600206_80.355066,1,0.6378878355026245,TP
B,MH-002,MH-002_19.600206_80.355335,1,0.5977596640586853,TP
B,MH-002,MH-002_19.600206_80.355605,1,0.6362358927726746,TP
B,MH-002,MH-002_19.600206_80.355874,0,0.5976074934005737,FP
B,MH-002,MH-002_19.600206_80.356144,0,0.5963928699493408,FP
B,MH-002,MH-002_19.600206_80.356683,0,0.6120985746383667,FP
B,MH-002,MH-002_19.600206_80.356952,0,0.6385626792907715,FP
B,MH-002,MH-002_19.600206_80.357222,0,0.8475059270858765,FP
B,MH-002,MH-002_19.599937_80.339705,0,0.054809894412755966,TN
B,MH-002,MH-002_19.599937_80.339974,0,0.05798187479376793,TN
B,MH-002,MH-002_19.599937_80.340244,0,0.0792469009757042,TN
B,MH-002,MH-002_19.599937_80.340513,0,0.08488209545612335,TN
B,MH-002,MH-002_19.599937_80.340783,0,0.0972694382071495,TN
B,MH-002,MH-002_19.599937_80.341052,0,0.1087188720703125,TN
B,MH-002,MH-002_19.599937_80.341322,0,0.10622050613164902,TN
B,MH-002,MH-002_19.599937_80.341591,0,0.10453897714614868,TN
B,MH-002,MH-002_19.599937_80.34186,0,0.08048278093338013,TN
B,MH-002,MH-002_19.599937_80.34213,0,0.0966741144657135,TN
B,MH-002,MH-002_19.599937_80.342399,0,0.07945151627063751,TN
B,MH-002,MH-002_19.599937_80.342669,0,0.06821811199188232,TN
B,MH-002,MH-002_19.599937_80.342938,0,0.06589432805776596,TN
B,MH-002,MH-002_19.599937_80.343208,0,0.06590817123651505,TN
B,MH-002,MH-002_19.599937_80.343477,0,0.07122469693422318,TN
B,MH-002,MH-002_19.599937_80.343747,0,0.06573188304901123,TN
B,MH-002,MH-002_19.599937_80.344016,0,0.060370948165655136,TN
B,MH-002,MH-002_19.599937_80.344286,0,0.05982758104801178,TN
B,MH-002,MH-002_19.599937_80.344555,0,0.0689147561788559,TN
B,MH-002,MH-002_19.599937_80.344825,0,0.07601030170917511,TN
B,MH-002,MH-002_19.599937_80.345094,0,0.08461401611566544,TN
B,MH-002,MH-002_19.599937_80.345364,0,0.08878164738416672,TN
B,MH-002,MH-002_19.599937_80.345633,0,0.12252331525087357,TN
B,MH-002,MH-002_19.599937_80.345903,0,0.14733389019966125,TN
B,MH-002,MH-002_19.599937_80.346172,1,0.2552945911884308,TP
B,MH-002,MH-002_19.599937_80.346442,0,0.34889158606529236,FP
B,MH-002,MH-002_19.599937_80.346711,0,0.3558191657066345,FP
B,MH-002,MH-002_19.599937_80.34725,0,0.3878602385520935,FP
B,MH-002,MH-002_19.599937_80.34752,0,0.26754841208457947,FP
B,MH-002,MH-002_19.599937_80.347789,0,0.18994462490081787,TN
B,MH-002,MH-002_19.599937_80.348059,0,0.10819626599550247,TN
B,MH-002,MH-002_19.599937_80.348328,0,0.0877767875790596,TN
B,MH-002,MH-002_19.599937_80.348598,0,0.0595988854765892,TN
B,MH-002,MH-002_19.599937_80.348867,0,0.04972940683364868,TN
B,MH-002,MH-002_19.599937_80.349945,0,0.056952279061079025,TN
B,MH-002,MH-002_19.599937_80.350215,0,0.06583940982818604,TN
B,MH-002,MH-002_19.599937_80.350484,0,0.08123510330915451,TN
B,MH-002,MH-002_19.599937_80.350754,0,0.09194332361221313,TN
B,MH-002,MH-002_19.599937_80.351023,0,0.10176936537027359,TN
B,MH-002,MH-002_19.599937_80.351293,0,0.09638522565364838,TN
B,MH-002,MH-002_19.599937_80.351562,0,0.1343803107738495,TN
B,MH-002,MH-002_19.599937_80.351832,0,0.16288022696971893,TN
B,MH-002,MH-002_19.599937_80.352101,1,0.27424198389053345,TP
B,MH-002,MH-002_19.599937_80.352371,0,0.3921567499637604,FP
B,MH-002,MH-002_19.599937_80.35264,0,0.49636921286582947,FP
B,MH-002,MH-002_19.599937_80.35291,0,0.5345341563224792,FP
B,MH-002,MH-002_19.599937_80.353179,0,0.5813367366790771,FP
B,MH-002,MH-002_19.599937_80.353449,0,0.6199554800987244,FP
B,MH-002,MH-002_19.599937_80.353718,1,0.6463857293128967,TP
B,MH-002,MH-002_19.599937_80.353988,1,0.6855433583259583,TP
B,MH-002,MH-002_19.599937_80.354257,1,0.6960770487785339,TP
B,MH-002,MH-002_19.599937_80.354527,1,0.7054985761642456,TP
B,MH-002,MH-002_19.599937_80.354796,1,0.7026193737983704,TP
B,MH-002,MH-002_19.599937_80.355066,1,0.6840217709541321,TP
B,MH-002,MH-002_19.599937_80.355335,1,0.6737358570098877,TP
B,MH-002,MH-002_19.599937_80.355605,1,0.6581776142120361,TP
B,MH-002,MH-002_19.599937_80.355874,1,0.6272523999214172,TP
B,MH-002,MH-002_19.599937_80.356683,0,0.5901248455047607,FP
B,MH-002,MH-002_19.599937_80.356952,0,0.6068732738494873,FP
B,MH-002,MH-002_19.599667_80.339705,0,0.05818065628409386,TN
B,MH-002,MH-002_19.599667_80.339974,0,0.06670055538415909,TN
B,MH-002,MH-002_19.599667_80.340244,0,0.07524902373552322,TN
B,MH-002,MH-002_19.599667_80.340513,0,0.09690231084823608,TN
B,MH-002,MH-002_19.599667_80.340783,0,0.08570356667041779,TN
B,MH-002,MH-002_19.599667_80.341052,0,0.09636356681585312,TN
B,MH-002,MH-002_19.599667_80.341322,0,0.07279510796070099,TN
B,MH-002,MH-002_19.599667_80.341591,0,0.07959990203380585,TN
B,MH-002,MH-002_19.599667_80.34186,0,0.06684351712465286,TN
B,MH-002,MH-002_19.599667_80.34213,0,0.07259558141231537,TN
B,MH-002,MH-002_19.599667_80.342399,1,0.07615986466407776,FN
B,MH-002,MH-002_19.599667_80.342669,1,0.0781451016664505,FN
B,MH-002,MH-002_19.599667_80.342938,0,0.07508935779333115,TN
B,MH-002,MH-002_19.599667_80.343208,0,0.07274770736694336,TN
B,MH-002,MH-002_19.599667_80.343477,0,0.07808942347764969,TN
B,MH-002,MH-002_19.599667_80.343747,0,0.07066532224416733,TN
B,MH-002,MH-002_19.599667_80.344016,0,0.06256718188524246,TN
B,MH-002,MH-002_19.599667_80.344286,0,0.06398484855890274,TN
B,MH-002,MH-002_19.599667_80.344555,0,0.07089011371135712,TN
B,MH-002,MH-002_19.599667_80.344825,0,0.08027496188879013,TN
B,MH-002,MH-002_19.599667_80.345094,0,0.08618192374706268,TN
B,MH-002,MH-002_19.599667_80.345364,0,0.09497886896133423,TN
B,MH-002,MH-002_19.599667_80.345633,0,0.1126570776104927,TN
B,MH-002,MH-002_19.599667_80.345903,0,0.13433228433132172,TN
B,MH-002,MH-002_19.599667_80.346172,0,0.19833098351955414,TN
B,MH-002,MH-002_19.599667_80.346442,0,0.2924307882785797,FP
B,MH-002,MH-002_19.599667_80.346711,0,0.3747720718383789,FP
B,MH-002,MH-002_19.599667_80.34725,0,0.3354921042919159,FP
B,MH-002,MH-002_19.599667_80.34752,0,0.2117164433002472,TN
B,MH-002,MH-002_19.599667_80.347789,0,0.1082419902086258,TN
B,MH-002,MH-002_19.599667_80.348059,0,0.07127755135297775,TN
B,MH-002,MH-002_19.599667_80.348328,0,0.050345778465270996,TN
B,MH-002,MH-002_19.599667_80.348598,0,0.03329692408442497,TN
B,MH-002,MH-002_19.599667_80.348867,0,0.030065547674894333,TN
B,MH-002,MH-002_19.599667_80.349137,0,0.02979285828769207,TN
B,MH-002,MH-002_19.599667_80.349945,0,0.046852122992277145,TN
B,MH-002,MH-002_19.599667_80.350215,0,0.0626620352268219,TN
B,MH-002,MH-002_19.599667_80.350484,0,0.07422750443220139,TN
B,MH-002,MH-002_19.599667_80.350754,0,0.08360990136861801,TN
B,MH-002,MH-002_19.599667_80.351023,0,0.09007474035024643,TN
B,MH-002,MH-002_19.599667_80.351293,0,0.08702315390110016,TN
B,MH-002,MH-002_19.599667_80.351562,0,0.11030017584562302,TN
B,MH-002,MH-002_19.599667_80.351832,0,0.14238807559013367,TN
B,MH-002,MH-002_19.599667_80.352101,0,0.217044398188591,TN
B,MH-002,MH-002_19.599667_80.352371,0,0.3510082960128784,FP
B,MH-002,MH-002_19.599667_80.35264,0,0.4531208276748657,FP
B,MH-002,MH-002_19.599667_80.35291,0,0.5128262639045715,FP
B,MH-002,MH-002_19.599667_80.353179,0,0.543900191783905,FP
B,MH-002,MH-002_19.599667_80.353449,0,0.5775823593139648,FP
B,MH-002,MH-002_19.599667_80.353718,0,0.5904092788696289,FP
B,MH-002,MH-002_19.599667_80.353988,1,0.6401351690292358,TP
B,MH-002,MH-002_19.599667_80.354257,1,0.6585848927497864,TP
B,MH-002,MH-002_19.599667_80.354527,1,0.6827982664108276,TP
B,MH-002,MH-002_19.599667_80.354796,1,0.712336540222168,TP
B,MH-002,MH-002_19.599667_80.355066,1,0.7125253677368164,TP
B,MH-002,MH-002_19.599667_80.355335,0,0.7159097194671631,FP
B,MH-002,MH-002_19.599667_80.355605,1,0.7191644906997681,TP
B,MH-002,MH-002_19.599667_80.355874,1,0.6775345206260681,TP
B,MH-002,MH-002_19.599667_80.356144,0,0.6553491353988647,FP
B,MH-002,MH-002_19.599667_80.357222,0,0.8396194577217102,FP
B,MH-002,MH-002_19.599398_80.339435,0,0.050141945481300354,TN
B,MH-002,MH-002_19.599398_80.339705,0,0.05961189046502113,TN
B,MH-002,MH-002_19.599398_80.339974,0,0.06359408050775528,TN
B,MH-002,MH-002_19.599398_80.340244,0,0.06923755258321762,TN
B,MH-002,MH-002_19.599398_80.340513,0,0.08565165847539902,TN
B,MH-002,MH-002_19.599398_80.340783,0,0.07452680915594101,TN
B,MH-002,MH-002_19.599398_80.341052,0,0.07701374590396881,TN
B,MH-002,MH-002_19.599398_80.341322,0,0.07005161792039871,TN
B,MH-002,MH-002_19.599398_80.341591,0,0.06401540338993073,TN
B,MH-002,MH-002_19.599398_80.34186,0,0.05791264772415161,TN
B,MH-002,MH-002_19.599398_80.34213,0,0.05448172986507416,TN
B,MH-002,MH-002_19.599398_80.342399,1,0.061715152114629745,FN
B,MH-002,MH-002_19.599398_80.342669,1,0.06632455438375473,FN
B,MH-002,MH-002_19.599398_80.343477,0,0.081154964864254,TN
B,MH-002,MH-002_19.599398_80.343747,0,0.0696936547756195,TN
B,MH-002,MH-002_19.599398_80.344016,0,0.06597656011581421,TN
B,MH-002,MH-002_19.599398_80.344286,0,0.07090242952108383,TN
B,MH-002,MH-002_19.599398_80.344555,0,0.06985846161842346,TN
B,MH-002,MH-002_19.599398_80.344825,0,0.08701593428850174,TN
B,MH-002,MH-002_19.599398_80.345094,0,0.09396031498908997,TN
B,MH-002,MH-002_19.599398_80.345364,0,0.09197201579809189,TN
B,MH-002,MH-002_19.599398_80.345633,0,0.10128631442785263,TN
B,MH-002,MH-002_19.599398_80.345903,0,0.12104877084493637,TN
B,MH-002,MH-002_19.599398_80.346172,0,0.14144712686538696,TN
B,MH-002,MH-002_19.599398_80.346442,0,0.23957397043704987,TN
B,MH-002,MH-002_19.599398_80.346711,0,0.31576472520828247,FP
B,MH-002,MH-002_19.599398_80.346981,0,0.25489702820777893,FP
B,MH-002,MH-002_19.599398_80.34725,0,0.2735840678215027,FP
B,MH-002,MH-002_19.599398_80.34752,0,0.20046640932559967,TN
B,MH-002,MH-002_19.599398_80.347789,0,0.09279769659042358,TN
B,MH-002,MH-002_19.599398_80.348059,0,0.04783312603831291,TN
B,MH-002,MH-002_19.599398_80.348328,0,0.03597453236579895,TN
B,MH-002,MH-002_19.599398_80.348598,0,0.025287041440606117,TN
B,MH-002,MH-002_19.599398_80.348867,0,0.020405946299433708,TN
B,MH-002,MH-002_19.599398_80.349137,0,0.018375154584646225,TN
B,MH-002,MH-002_19.599398_80.349676,0,0.02536640129983425,TN
B,MH-002,MH-002_19.599398_80.349945,0,0.036041416227817535,TN
B,MH-002,MH-002_19.599398_80.350215,0,0.049318328499794006,TN
B,MH-002,MH-002_19.599398_80.350484,0,0.058225613087415695,TN
B,MH-002,MH-002_19.599398_80.350754,0,0.06071748957037926,TN
B,MH-002,MH-002_19.599398_80.351023,0,0.07309398800134659,TN
B,MH-002,MH-002_19.599398_80.351293,0,0.06683170050382614,TN
B,MH-002,MH-002_19.599398_80.351562,0,0.08722946792840958,TN
B,MH-002,MH-002_19.599398_80.351832,0,0.1184481680393219,TN
B,MH-002,MH-002_19.599398_80.352101,0,0.18129873275756836,TN
B,MH-002,MH-002_19.599398_80.352371,0,0.2543277442455292,FP
B,MH-002,MH-002_19.599398_80.35264,0,0.38453996181488037,FP
B,MH-002,MH-002_19.599398_80.35291,0,0.4753091633319855,FP
B,MH-002,MH-002_19.599398_80.353179,0,0.5186935067176819,FP
B,MH-002,MH-002_19.599398_80.353449,0,0.5659835338592529,FP
B,MH-002,MH-002_19.599398_80.353718,0,0.5974454879760742,FP
B,MH-002,MH-002_19.599398_80.353988,1,0.5807192325592041,TP
B,MH-002,MH-002_19.599398_80.354257,1,0.6179342269897461,TP
B,MH-002,MH-002_19.599398_80.354527,1,0.6109090447425842,TP
B,MH-002,MH-002_19.599398_80.354796,1,0.6446946263313293,TP
B,MH-002,MH-002_19.599398_80.355066,1,0.6758208274841309,TP
B,MH-002,MH-002_19.599398_80.355335,1,0.6955739855766296,TP
B,MH-002,MH-002_19.599398_80.355605,1,0.7331083416938782,TP
B,MH-002,MH-002_19.599398_80.355874,0,0.7054664492607117,FP
B,MH-002,MH-002_19.599398_80.356144,1,0.6963531374931335,TP
B,MH-002,MH-002_19.599398_80.356413,1,0.65565425157547,TP
B,MH-002,MH-002_19.599398_80.356683,1,0.6454768776893616,TP
B,MH-002,MH-002_19.599128_80.339435,0,0.04723958298563957,TN
B,MH-002,MH-002_19.599128_80.339705,1,0.06146790087223053,FN
B,MH-002,MH-002_19.599128_80.339974,1,0.05977005138993263,FN
B,MH-002,MH-002_19.599128_80.340244,1,0.058398693799972534,FN
B,MH-002,MH-002_19.599128_80.340513,1,0.06995560973882675,FN
B,MH-002,MH-002_19.599128_80.340783,0,0.06527207791805267,TN
B,MH-002,MH-002_19.599128_80.341052,0,0.06176750361919403,TN
B,MH-002,MH-002_19.599128_80.341322,0,0.04903145506978035,TN
B,MH-002,MH-002_19.599128_80.341591,0,0.05218667536973953,TN
B,MH-002,MH-002_19.599128_80.34186,0,0.052648067474365234,TN
B,MH-002,MH-002_19.599128_80.34213,1,0.05076685547828674,FN
B,MH-002,MH-002_19.599128_80.342399,1,0.05814116448163986,FN
B,MH-002,MH-002_19.599128_80.343477,0,0.06463280320167542,TN
B,MH-002,MH-002_19.599128_80.343747,0,0.056347914040088654,TN
B,MH-002,MH-002_19.599128_80.344016,0,0.05736170709133148,TN
B,MH-002,MH-002_19.599128_80.344286,0,0.060432784259319305,TN
B,MH-002,MH-002_19.599128_80.344555,0,0.059441257268190384,TN
B,MH-002,MH-002_19.599128_80.344825,0,0.06646566092967987,TN
B,MH-002,MH-002_19.599128_80.345094,0,0.08092726022005081,TN
B,MH-002,MH-002_19.599128_80.345364,0,0.08174190670251846,TN
B,MH-002,MH-002_19.599128_80.345633,0,0.07832202315330505,TN
B,MH-002,MH-002_19.599128_80.345903,0,0.09732900559902191,TN
B,MH-002,MH-002_19.599128_80.346172,0,0.11665592342615128,TN
B,MH-002,MH-002_19.599128_80.346442,0,0.17673476040363312,TN
B,MH-002,MH-002_19.599128_80.346711,0,0.2630099356174469,FP
B,MH-002,MH-002_19.599128_80.34725,0,0.17816101014614105,TN
B,MH-002,MH-002_19.599128_80.34752,0,0.12958970665931702,TN
B,MH-002,MH-002_19.599128_80.347789,0,0.06473466753959656,TN
B,MH-002,MH-002_19.599128_80.348059,0,0.03824061527848244,TN
B,MH-002,MH-002_19.599128_80.348328,0,0.026506569236516953,TN
B,MH-002,MH-002_19.599128_80.348598,0,0.016739239916205406,TN
B,MH-002,MH-002_19.599128_80.348867,0,0.012443013489246368,TN
B,MH-002,MH-002_19.599128_80.349406,0,0.012292452156543732,TN
B,MH-002,MH-002_19.599128_80.349676,0,0.018517764285206795,TN
B,MH-002,MH-002_19.599128_80.349945,0,0.02330753393471241,TN
B,MH-002,MH-002_19.599128_80.350215,0,0.033263351768255234,TN
B,MH-002,MH-002_19.599128_80.350484,0,0.04418271780014038,TN
B,MH-002,MH-002_19.599128_80.350754,0,0.042368534952402115,TN
B,MH-002,MH-002_19.599128_80.351023,0,0.0496477410197258,TN
B,MH-002,MH-002_19.599128_80.351293,0,0.05059390887618065,TN
B,MH-002,MH-002_19.599128_80.351562,0,0.05807512626051903,TN
B,MH-002,MH-002_19.599128_80.351832,0,0.08500500023365021,TN
B,MH-002,MH-002_19.599128_80.352101,0,0.11771328002214432,TN
B,MH-002,MH-002_19.599128_80.352371,0,0.18979571759700775,TN
B,MH-002,MH-002_19.599128_80.35264,0,0.2774987816810608,FP
B,MH-002,MH-002_19.599128_80.35291,0,0.38547950983047485,FP
B,MH-002,MH-002_19.599128_80.353179,0,0.44698724150657654,FP
B,MH-002,MH-002_19.599128_80.353449,0,0.5327448844909668,FP
B,MH-002,MH-002_19.599128_80.353718,0,0.5161678791046143,FP
B,MH-002,MH-002_19.599128_80.353988,0,0.5175855159759521,FP
B,MH-002,MH-002_19.599128_80.354257,0,0.53764408826828,FP
B,MH-002,MH-002_19.599128_80.354527,1,0.5536167025566101,TP
B,MH-002,MH-002_19.599128_80.354796,1,0.5925734043121338,TP
B,MH-002,MH-002_19.599128_80.355066,1,0.5792752504348755,TP
B,MH-002,MH-002_19.599128_80.355335,1,0.6138718724250793,TP
B,MH-002,MH-002_19.599128_80.355605,1,0.6130807995796204,TP
B,MH-002,MH-002_19.599128_80.355874,1,0.6186997890472412,TP
B,MH-002,MH-002_19.599128_80.356144,1,0.6554981470108032,TP
B,MH-002,MH-002_19.599128_80.356413,0,0.6420978307723999,FP
B,MH-002,MH-002_19.599128_80.356683,1,0.6545002460479736,TP
B,MH-002,MH-002_19.599128_80.356952,1,0.6704365611076355,TP
B,MH-002,MH-002_19.598859_80.339435,0,0.06422916799783707,TN
B,MH-002,MH-002_19.598859_80.339705,0,0.07875534892082214,TN
B,MH-002,MH-002_19.598859_80.340513,0,0.08783534169197083,TN
B,MH-002,MH-002_19.598859_80.34186,0,0.05319517105817795,TN
B,MH-002,MH-002_19.598859_80.34213,0,0.04666077345609665,TN
B,MH-002,MH-002_19.598859_80.343747,0,0.05315925553441048,TN
B,MH-002,MH-002_19.598859_80.344016,0,0.05107850953936577,TN
B,MH-002,MH-002_19.598859_80.344286,0,0.059998635202646255,TN
B,MH-002,MH-002_19.598859_80.344555,0,0.05494621768593788,TN
B,MH-002,MH-002_19.598859_80.344825,0,0.06544611603021622,TN
B,MH-002,MH-002_19.598859_80.345094,0,0.075372114777565,TN
B,MH-002,MH-002_19.598859_80.345364,0,0.07606903463602066,TN
B,MH-002,MH-002_19.598859_80.345633,0,0.06869276612997055,TN
B,MH-002,MH-002_19.598859_80.345903,0,0.07711732387542725,TN
B,MH-002,MH-002_19.598859_80.346172,0,0.09203523397445679,TN
B,MH-002,MH-002_19.598859_80.346442,0,0.14129486680030823,TN
B,MH-002,MH-002_19.598859_80.346711,0,0.1981791853904724,TN
B,MH-002,MH-002_19.598859_80.34752,0,0.12665458023548126,TN
B,MH-002,MH-002_19.598859_80.347789,0,0.06251261383295059,TN
B,MH-002,MH-002_19.598859_80.348059,0,0.034547921270132065,TN
B,MH-002,MH-002_19.598859_80.348328,0,0.02547411248087883,TN
B,MH-002,MH-002_19.598859_80.348598,0,0.01663491129875183,TN
B,MH-002,MH-002_19.598859_80.348867,0,0.011315220966935158,TN
B,MH-002,MH-002_19.598859_80.349137,0,0.011116717010736465,TN
B,MH-002,MH-002_19.598859_80.349406,0,0.010451850481331348,TN
B,MH-002,MH-002_19.598859_80.349676,0,0.014255261979997158,TN
B,MH-002,MH-002_19.598859_80.349945,0,0.019962690770626068,TN
B,MH-002,MH-002_19.598859_80.350215,0,0.03044397570192814,TN
B,MH-002,MH-002_19.598859_80.350484,0,0.03286167234182358,TN
B,MH-002,MH-002_19.598859_80.350754,0,0.0393650196492672,TN
B,MH-002,MH-002_19.598859_80.351023,0,0.03971811383962631,TN
B,MH-002,MH-002_19.598859_80.351293,0,0.03890088573098183,TN
B,MH-002,MH-002_19.598859_80.351562,0,0.0483037605881691,TN
B,MH-002,MH-002_19.598859_80.351832,0,0.06027982383966446,TN
B,MH-002,MH-002_19.598859_80.352101,0,0.09041353315114975,TN
B,MH-002,MH-002_19.598859_80.352371,0,0.1614139974117279,TN
B,MH-002,MH-002_19.598859_80.35264,0,0.23854094743728638,TN
B,MH-002,MH-002_19.598859_80.35291,0,0.3272700905799866,FP
B,MH-002,MH-002_19.598859_80.353179,0,0.4219755530357361,FP
B,MH-002,MH-002_19.598859_80.353449,0,0.5178292989730835,FP
B,MH-002,MH-002_19.598859_80.353718,0,0.48762619495391846,FP
B,MH-002,MH-002_19.598859_80.353988,0,0.4839820861816406,FP
B,MH-002,MH-002_19.598859_80.354257,0,0.4726906418800354,FP
B,MH-002,MH-002_19.598859_80.354527,0,0.46721380949020386,FP
B,MH-002,MH-002_19.598859_80.354796,0,0.499988317489624,FP
B,MH-002,MH-002_19.598859_80.355066,0,0.5118168592453003,FP
B,MH-002,MH-002_19.598859_80.355335,0,0.5218756198883057,FP
B,MH-002,MH-002_19.598859_80.355605,1,0.544921875,TP
B,MH-002,MH-002_19.598859_80.355874,1,0.5492811799049377,TP
B,MH-002,MH-002_19.598859_80.356144,1,0.5961655378341675,TP
B,MH-002,MH-002_19.598859_80.356413,1,0.5838299989700317,TP
B,MH-002,MH-002_19.598859_80.356683,1,0.6056733727455139,TP
B,MH-002,MH-002_19.598859_80.356952,0,0.6224387288093567,FP
B,MH-002,MH-002_19.598859_80.357222,1,0.5955989956855774,TP
B,MH-002,MH-002_19.598859_80.357491,0,0.6490958333015442,FP
B,MH-002,MH-002_19.598589_80.339166,0,0.04199985787272453,TN
B,MH-002,MH-002_19.598589_80.339435,0,0.05637053772807121,TN
B,MH-002,MH-002_19.598589_80.339974,0,0.08365492522716522,TN
B,MH-002,MH-002_19.598589_80.340513,0,0.08821289986371994,TN
B,MH-002,MH-002_19.598589_80.340783,0,0.06231057271361351,TN
B,MH-002,MH-002_19.598589_80.341052,0,0.050886478275060654,TN
B,MH-002,MH-002_19.598589_80.341322,0,0.03763611242175102,TN
B,MH-002,MH-002_19.598589_80.341591,0,0.03572845831513405,TN
B,MH-002,MH-002_19.598589_80.34186,0,0.036530058830976486,TN
B,MH-002,MH-002_19.598589_80.34213,0,0.040839001536369324,TN
B,MH-002,MH-002_19.598589_80.342399,1,0.04585842788219452,FN
B,MH-002,MH-002_19.598589_80.342669,0,0.048025522381067276,TN
B,MH-002,MH-002_19.598589_80.342938,0,0.04967227205634117,TN
B,MH-002,MH-002_19.598589_80.343747,0,0.042596202343702316,TN
B,MH-002,MH-002_19.598589_80.344016,1,0.04806758835911751,FN
B,MH-002,MH-002_19.598589_80.344286,0,0.04960474371910095,TN
B,MH-002,MH-002_19.598589_80.344555,0,0.04840348660945892,TN
B,MH-002,MH-002_19.598589_80.344825,0,0.05259599909186363,TN
B,MH-002,MH-002_19.598589_80.345094,0,0.06540074199438095,TN
B,MH-002,MH-002_19.598589_80.345364,0,0.06932634115219116,TN
B,MH-002,MH-002_19.598589_80.345633,0,0.07211840897798538,TN
B,MH-002,MH-002_19.598589_80.345903,0,0.08558360487222672,TN
B,MH-002,MH-002_19.598589_80.346172,0,0.08697254955768585,TN
B,MH-002,MH-002_19.598589_80.346442,0,0.11672297865152359,TN
B,MH-002,MH-002_19.598589_80.346711,0,0.12795031070709229,TN
B,MH-002,MH-002_19.598589_80.346981,0,0.11765749752521515,TN
B,MH-002,MH-002_19.598589_80.34752,0,0.06552533060312271,TN
B,MH-002,MH-002_19.598589_80.347789,0,0.044832512736320496,TN
B,MH-002,MH-002_19.598589_80.348059,0,0.03208112716674805,TN
B,MH-002,MH-002_19.598589_80.348328,0,0.021293725818395615,TN
B,MH-002,MH-002_19.598589_80.348598,0,0.01387020107358694,TN
B,MH-002,MH-002_19.598589_80.348867,0,0.009918885305523872,TN
B,MH-002,MH-002_19.598589_80.349406,0,0.010746623389422894,TN
B,MH-002,MH-002_19.598589_80.349676,0,0.01608722098171711,TN
B,MH-002,MH-002_19.598589_80.349945,0,0.021246694028377533,TN
B,MH-002,MH-002_19.598589_80.350215,0,0.03099508211016655,TN
B,MH-002,MH-002_19.598589_80.350484,0,0.03934419900178909,TN
B,MH-002,MH-002_19.598589_80.350754,0,0.04807867482304573,TN
B,MH-002,MH-002_19.598589_80.351023,0,0.04947634041309357,TN
B,MH-002,MH-002_19.598589_80.352101,0,0.08518077433109283,TN
B,MH-002,MH-002_19.598589_80.352371,0,0.13749130070209503,TN
B,MH-002,MH-002_19.598589_80.35264,0,0.1897110790014267,TN
B,MH-002,MH-002_19.598589_80.35291,0,0.26096871495246887,FP
B,MH-002,MH-002_19.598589_80.353179,0,0.29669108986854553,FP
B,MH-002,MH-002_19.598589_80.353449,0,0.38559690117836,FP
B,MH-002,MH-002_19.598589_80.353718,0,0.36010289192199707,FP
B,MH-002,MH-002_19.598589_80.353988,0,0.37786442041397095,FP
B,MH-002,MH-002_19.598589_80.354257,0,0.35301852226257324,FP
B,MH-002,MH-002_19.598589_80.354527,0,0.36085274815559387,FP
B,MH-002,MH-002_19.598589_80.354796,0,0.4188706576824188,FP
B,MH-002,MH-002_19.598589_80.355066,0,0.4268469214439392,FP
B,MH-002,MH-002_19.598589_80.355335,0,0.45738863945007324,FP
B,MH-002,MH-002_19.598589_80.355605,1,0.4417179524898529,TP
B,MH-002,MH-002_19.598589_80.355874,1,0.47024306654930115,TP
B,MH-002,MH-002_19.598589_80.356144,1,0.503322184085846,TP
B,MH-002,MH-002_19.598589_80.356413,1,0.5284318923950195,TP
B,MH-002,MH-002_19.598589_80.356683,1,0.5662841200828552,TP
B,MH-002,MH-002_19.598589_80.356952,1,0.6027966141700745,TP
B,MH-002,MH-002_19.598589_80.357222,0,0.612912118434906,FP
B,MH-002,MH-002_19.598589_80.357491,1,0.6478869318962097,TP
B,MH-002,MH-002_19.59832_80.339166,0,0.036026377230882645,TN
B,MH-002,MH-002_19.59832_80.339435,0,0.045966438949108124,TN
B,MH-002,MH-002_19.59832_80.339705,0,0.05876205116510391,TN
B,MH-002,MH-002_19.59832_80.339974,0,0.07068315893411636,TN
B,MH-002,MH-002_19.59832_80.340513,0,0.05866311118006706,TN
B,MH-002,MH-002_19.59832_80.340783,0,0.045004431158304214,TN
B,MH-002,MH-002_19.59832_80.341052,0,0.03309221193194389,TN
B,MH-002,MH-002_19.59832_80.341322,0,0.02674718201160431,TN
B,MH-002,MH-002_19.59832_80.341591,0,0.022240521386265755,TN
B,MH-002,MH-002_19.59832_80.34186,0,0.025963440537452698,TN
B,MH-002,MH-002_19.59832_80.34213,1,0.023313350975513458,FN
B,MH-002,MH-002_19.59832_80.342399,1,0.033005490899086,FN
B,MH-002,MH-002_19.59832_80.342669,0,0.035556137561798096,TN
B,MH-002,MH-002_19.59832_80.342938,1,0.038596030324697495,FN
B,MH-002,MH-002_19.59832_80.343208,0,0.050383713096380234,TN
B,MH-002,MH-002_19.59832_80.343747,0,0.04176885262131691,TN
B,MH-002,MH-002_19.59832_80.344016,0,0.03617298603057861,TN
B,MH-002,MH-002_19.59832_80.344286,0,0.038272421807050705,TN
B,MH-002,MH-002_19.59832_80.344555,0,0.037659674882888794,TN
B,MH-002,MH-002_19.59832_80.344825,0,0.0464504174888134,TN
B,MH-002,MH-002_19.59832_80.345094,0,0.051169563084840775,TN
B,MH-002,MH-002_19.59832_80.345364,0,0.05995408073067665,TN
B,MH-002,MH-002_19.59832_80.345633,0,0.05880039185285568,TN
B,MH-002,MH-002_19.59832_80.345903,0,0.06827174872159958,TN
B,MH-002,MH-002_19.59832_80.346172,0,0.0737825259566307,TN
B,MH-002,MH-002_19.59832_80.346442,0,0.09521610289812088,TN
B,MH-002,MH-002_19.59832_80.346711,0,0.07823733240365982,TN
B,MH-002,MH-002_19.59832_80.346981,0,0.08149249851703644,TN
B,MH-002,MH-002_19.59832_80.34725,0,0.064024418592453,TN
B,MH-002,MH-002_19.59832_80.348328,0,0.01831437647342682,TN
B,MH-002,MH-002_19.59832_80.348598,0,0.01247403584420681,TN
B,MH-002,MH-002_19.59832_80.348867,0,0.01061262283474207,TN
B,MH-002,MH-002_19.59832_80.349137,0,0.009946903213858604,TN
B,MH-002,MH-002_19.59832_80.350215,0,0.02626129239797592,TN
B,MH-002,MH-002_19.59832_80.350484,0,0.03285166993737221,TN
B,MH-002,MH-002_19.59832_80.350754,0,0.037915997207164764,TN
B,MH-002,MH-002_19.59832_80.351562,0,0.04760317504405975,TN
B,MH-002,MH-002_19.59832_80.351832,1,0.06015154346823692,FN
B,MH-002,MH-002_19.59832_80.35264,0,0.16062217950820923,TN
B,MH-002,MH-002_19.59832_80.35291,0,0.21473558247089386,TN
B,MH-002,MH-002_19.59832_80.353179,0,0.23401540517807007,TN
B,MH-002,MH-002_19.59832_80.353449,0,0.2910807430744171,FP
B,MH-002,MH-002_19.59832_80.353718,0,0.2432635873556137,TN
B,MH-002,MH-002_19.59832_80.353988,0,0.25945767760276794,FP
B,MH-002,MH-002_19.59832_80.354257,0,0.22381429374217987,TN
B,MH-002,MH-002_19.59832_80.354527,0,0.24223478138446808,TN
B,MH-002,MH-002_19.59832_80.354796,0,0.23733648657798767,TN
B,MH-002,MH-002_19.59832_80.355066,0,0.2877199947834015,FP
B,MH-002,MH-002_19.59832_80.355335,0,0.28908419609069824,FP
B,MH-002,MH-002_19.59832_80.355605,0,0.31506669521331787,FP
B,MH-002,MH-002_19.59832_80.355874,0,0.3489455580711365,FP
B,MH-002,MH-002_19.59832_80.356144,1,0.4025696814060211,TP
B,MH-002,MH-002_19.59832_80.356413,1,0.42828699946403503,TP
B,MH-002,MH-002_19.59832_80.356683,1,0.47079694271087646,TP
B,MH-002,MH-002_19.59832_80.356952,1,0.5133034586906433,TP
B,MH-002,MH-002_19.59832_80.357222,1,0.5767669081687927,TP
B,MH-002,MH-002_19.59832_80.357491,1,0.6070998311042786,TP
B,MH-002,MH-002_19.59805_80.338896,0,0.029058288782835007,TN
B,MH-002,MH-002_19.59805_80.339166,0,0.02990589290857315,TN
B,MH-002,MH-002_19.59805_80.339435,0,0.0324382558465004,TN
B,MH-002,MH-002_19.59805_80.339705,0,0.04506780952215195,TN
B,MH-002,MH-002_19.59805_80.340244,0,0.05151761695742607,TN
B,MH-002,MH-002_19.59805_80.340513,0,0.04993056878447533,TN
B,MH-002,MH-002_19.59805_80.340783,0,0.04043427109718323,TN
B,MH-002,MH-002_19.59805_80.342399,0,0.02601565048098564,TN
B,MH-002,MH-002_19.59805_80.342669,1,0.027246780693531036,FN
B,MH-002,MH-002_19.59805_80.342938,1,0.0388539619743824,FN
B,MH-002,MH-002_19.59805_80.344016,0,0.03630288317799568,TN
B,MH-002,MH-002_19.59805_80.344286,1,0.030284937471151352,FN
B,MH-002,MH-002_19.59805_80.344555,1,0.0387115515768528,FN
B,MH-002,MH-002_19.59805_80.344825,0,0.035869721323251724,TN
B,MH-002,MH-002_19.59805_80.345094,0,0.04537832364439964,TN
B,MH-002,MH-002_19.59805_80.345364,0,0.04496364668011665,TN
B,MH-002,MH-002_19.59805_80.345633,0,0.05807788670063019,TN
B,MH-002,MH-002_19.59805_80.345903,0,0.05651708319783211,TN
B,MH-002,MH-002_19.59805_80.346172,0,0.06336027383804321,TN
B,MH-002,MH-002_19.59805_80.346442,0,0.07601089030504227,TN
B,MH-002,MH-002_19.59805_80.346711,0,0.0688110738992691,TN
B,MH-002,MH-002_19.59805_80.346981,0,0.0644388198852539,TN
B,MH-002,MH-002_19.59805_80.34725,0,0.04961816966533661,TN
B,MH-002,MH-002_19.59805_80.34752,0,0.04342345893383026,TN
B,MH-002,MH-002_19.59805_80.348867,0,0.0138319106772542,TN
B,MH-002,MH-002_19.59805_80.349137,0,0.012713906355202198,TN
B,MH-002,MH-002_19.59805_80.349406,0,0.011678405106067657,TN
B,MH-002,MH-002_19.59805_80.349676,0,0.013101513497531414,TN
B,MH-002,MH-002_19.59805_80.350215,0,0.025331741198897362,TN
B,MH-002,MH-002_19.59805_80.350484,0,0.029686590656638145,TN
B,MH-002,MH-002_19.59805_80.350754,0,0.03349516913294792,TN
B,MH-002,MH-002_19.59805_80.351293,0,0.041104719042778015,TN
B,MH-002,MH-002_19.59805_80.351562,0,0.046683866530656815,TN
B,MH-002,MH-002_19.59805_80.351832,0,0.06028001755475998,TN
B,MH-002,MH-002_19.59805_80.352101,0,0.07445905357599258,TN
B,MH-002,MH-002_19.59805_80.352371,0,0.10874341428279877,TN
B,MH-002,MH-002_19.59805_80.353179,0,0.1893760710954666,TN
B,MH-002,MH-002_19.59805_80.353449,0,0.22601497173309326,TN
B,MH-002,MH-002_19.59805_80.353718,0,0.23069174587726593,TN
B,MH-002,MH-002_19.59805_80.353988,0,0.2079896330833435,TN
B,MH-002,MH-002_19.59805_80.354257,0,0.18189316987991333,TN
B,MH-002,MH-002_19.59805_80.354527,0,0.19290220737457275,TN
B,MH-002,MH-002_19.59805_80.354796,0,0.1824914515018463,TN
B,MH-002,MH-002_19.59805_80.355066,0,0.19723065197467804,TN
B,MH-002,MH-002_19.59805_80.355335,0,0.2249673753976822,TN
B,MH-002,MH-002_19.59805_80.355605,0,0.21366621553897858,TN
B,MH-002,MH-002_19.59805_80.355874,0,0.2355424016714096,TN
B,MH-002,MH-002_19.59805_80.356144,0,0.27372539043426514,FP
B,MH-002,MH-002_19.59805_80.356413,0,0.31886574625968933,FP
B,MH-002,MH-002_19.59805_80.356683,1,0.3896593451499939,TP
B,MH-002,MH-002_19.59805_80.356952,1,0.4547666907310486,TP
B,MH-002,MH-002_19.59805_80.357222,1,0.5010100603103638,TP
B,MH-002,MH-002_19.59805_80.357491,1,0.5622106194496155,TP
B,MH-002,MH-002_19.597781_80.338627,0,0.015991436317563057,TN
B,MH-002,MH-002_19.597781_80.339166,0,0.023883270099759102,TN
B,MH-002,MH-002_19.597781_80.339435,0,0.03152821958065033,TN
B,MH-002,MH-002_19.597781_80.341322,0,0.023668933659791946,TN
B,MH-002,MH-002_19.597781_80.341591,0,0.01893583871424198,TN
B,MH-002,MH-002_19.597781_80.342938,0,0.04053090140223503,TN
B,MH-002,MH-002_19.597781_80.343747,0,0.03500665724277496,TN
B,MH-002,MH-002_19.597781_80.344555,1,0.028539089486002922,FN
B,MH-002,MH-002_19.597781_80.344825,1,0.033377330750226974,FN
B,MH-002,MH-002_19.597781_80.345094,0,0.03167851269245148,TN
B,MH-002,MH-002_19.597781_80.345364,0,0.036922380328178406,TN
B,MH-002,MH-002_19.597781_80.345633,0,0.04413832351565361,TN
B,MH-002,MH-002_19.597781_80.345903,0,0.05592311546206474,TN
B,MH-002,MH-002_19.597781_80.346172,0,0.05890830233693123,TN
B,MH-002,MH-002_19.597781_80.346442,0,0.0740848109126091,TN
B,MH-002,MH-002_19.597781_80.346711,0,0.06603895127773285,TN
B,MH-002,MH-002_19.597781_80.346981,0,0.065674789249897,TN
B,MH-002,MH-002_19.597781_80.34725,0,0.0552530363202095,TN
B,MH-002,MH-002_19.597781_80.34752,0,0.0457020029425621,TN
B,MH-002,MH-002_19.597781_80.347789,0,0.04694288596510887,TN
B,MH-002,MH-002_19.597781_80.349137,0,0.014978191815316677,TN
B,MH-002,MH-002_19.597781_80.349406,0,0.01380322314798832,TN
B,MH-002,MH-002_19.597781_80.349676,0,0.016933223232626915,TN
B,MH-002,MH-002_19.597781_80.351562,0,0.034883834421634674,TN
B,MH-002,MH-002_19.597781_80.351832,0,0.04251866787672043,TN
B,MH-002,MH-002_19.597781_80.352101,0,0.046523019671440125,TN
B,MH-002,MH-002_19.597781_80.352371,0,0.09174230694770813,TN
B,MH-002,MH-002_19.597781_80.35264,0,0.1058214083313942,TN
B,MH-002,MH-002_19.597781_80.35291,0,0.13139620423316956,TN
B,MH-002,MH-002_19.597781_80.353718,0,0.16222792863845825,TN
B,MH-002,MH-002_19.597781_80.353988,0,0.16038961708545685,TN
B,MH-002,MH-002_19.597781_80.354257,0,0.1451985239982605,TN
B,MH-002,MH-002_19.597781_80.354527,0,0.14979690313339233,TN
B,MH-002,MH-002_19.597781_80.354796,0,0.1365610957145691,TN
B,MH-002,MH-002_19.597781_80.355066,0,0.14867205917835236,TN
B,MH-002,MH-002_19.597781_80.355335,0,0.13076794147491455,TN
B,MH-002,MH-002_19.597781_80.355605,0,0.1491609364748001,TN
B,MH-002,MH-002_19.597781_80.355874,0,0.1586078703403473,TN
B,MH-002,MH-002_19.597781_80.356144,0,0.19363871216773987,TN
B,MH-002,MH-002_19.597781_80.356413,0,0.23366902768611908,TN
B,MH-002,MH-002_19.597781_80.356683,0,0.3035203218460083,FP
B,MH-002,MH-002_19.597781_80.356952,1,0.3592092990875244,TP
B,MH-002,MH-002_19.597781_80.357222,1,0.3981529772281647,TP
B,MH-002,MH-002_19.597781_80.357491,1,0.5072606801986694,TP
B,MH-002,MH-002_19.597511_80.339166,0,0.01747933030128479,TN
B,MH-002,MH-002_19.597511_80.339435,0,0.022465262562036514,TN
B,MH-002,MH-002_19.597511_80.339705,0,0.030854899436235428,TN
B,MH-002,MH-002_19.597511_80.339974,0,0.034892335534095764,TN
B,MH-002,MH-002_19.597511_80.340783,0,0.03335012495517731,TN
B,MH-002,MH-002_19.597511_80.341052,0,0.030061667785048485,TN
B,MH-002,MH-002_19.597511_80.341322,0,0.028121933341026306,TN
B,MH-002,MH-002_19.597511_80.341591,0,0.021178578957915306,TN
B,MH-002,MH-002_19.597511_80.34186,0,0.024130383506417274,TN
B,MH-002,MH-002_19.597511_80.34213,0,0.02276826836168766,TN
B,MH-002,MH-002_19.597511_80.342399,0,0.025882478803396225,TN
B,MH-002,MH-002_19.597511_80.343477,0,0.025335730984807014,TN
B,MH-002,MH-002_19.597511_80.343747,0,0.02138558216392994,TN
B,MH-002,MH-002_19.597511_80.344016,0,0.020436173304915428,TN
B,MH-002,MH-002_19.597511_80.344825,0,0.026308491826057434,TN
B,MH-002,MH-002_19.597511_80.345094,0,0.025236014276742935,TN
B,MH-002,MH-002_19.597511_80.345364,0,0.02806788869202137,TN
B,MH-002,MH-002_19.597511_80.345633,0,0.035933732986450195,TN
B,MH-002,MH-002_19.597511_80.345903,0,0.04780600592494011,TN
B,MH-002,MH-002_19.597511_80.346172,0,0.05293917655944824,TN
B,MH-002,MH-002_19.597511_80.346442,0,0.05786292627453804,TN
B,MH-002,MH-002_19.597511_80.346711,0,0.05885099247097969,TN
B,MH-002,MH-002_19.597511_80.346981,0,0.05849657207727432,TN
B,MH-002,MH-002_19.597511_80.34725,0,0.04220375791192055,TN
B,MH-002,MH-002_19.597511_80.34752,0,0.042199861258268356,TN
B,MH-002,MH-002_19.597511_80.347789,0,0.03666794300079346,TN
B,MH-002,MH-002_19.597511_80.348059,0,0.029066994786262512,TN
B,MH-002,MH-002_19.597511_80.351832,0,0.04442932829260826,TN
B,MH-002,MH-002_19.597511_80.352101,0,0.06026726961135864,TN
B,MH-002,MH-002_19.597511_80.352371,0,0.08111901581287384,TN
B,MH-002,MH-002_19.597511_80.35264,0,0.1030094251036644,TN
B,MH-002,MH-002_19.597511_80.35291,0,0.11846019327640533,TN
B,MH-002,MH-002_19.597511_80.353179,0,0.12208018451929092,TN
B,MH-002,MH-002_19.597511_80.353988,0,0.13580699265003204,TN
B,MH-002,MH-002_19.597511_80.354257,0,0.13737429678440094,TN
B,MH-002,MH-002_19.597511_80.354527,0,0.1288256049156189,TN
B,MH-002,MH-002_19.597511_80.355335,0,0.10143505036830902,TN
B,MH-002,MH-002_19.597511_80.355605,0,0.09428217262029648,TN
B,MH-002,MH-002_19.597511_80.355874,0,0.12455233931541443,TN
B,MH-002,MH-002_19.597511_80.356144,0,0.14175738394260406,TN
B,MH-002,MH-002_19.597511_80.356413,0,0.1737046241760254,TN
B,MH-002,MH-002_19.597511_80.356683,0,0.22042728960514069,TN
B,MH-002,MH-002_19.597511_80.356952,1,0.23697933554649353,FN
B,MH-002,MH-002_19.597511_80.357222,1,0.24736633896827698,FN
B,MH-002,MH-002_19.597511_80.357491,1,0.3378361165523529,TP
B,MH-002,MH-002_19.597242_80.338896,0,0.012540656141936779,TN
B,MH-002,MH-002_19.597242_80.339166,0,0.014675510115921497,TN
B,MH-002,MH-002_19.597242_80.339435,0,0.020069187507033348,TN
B,MH-002,MH-002_19.597242_80.339705,0,0.02806379646062851,TN
B,MH-002,MH-002_19.597242_80.339974,0,0.028533726930618286,TN
B,MH-002,MH-002_19.597242_80.340244,0,0.03176070377230644,TN
B,MH-002,MH-002_19.597242_80.340513,0,0.029082341119647026,TN
B,MH-002,MH-002_19.597242_80.340783,0,0.027211390435695648,TN
B,MH-002,MH-002_19.597242_80.341052,0,0.02547035925090313,TN
B,MH-002,MH-002_19.597242_80.341322,0,0.0239366814494133,TN
B,MH-002,MH-002_19.597242_80.341591,0,0.018574798479676247,TN
B,MH-002,MH-002_19.597242_80.34186,0,0.0183413065969944,TN
B,MH-002,MH-002_19.597242_80.34213,0,0.016767172142863274,TN
B,MH-002,MH-002_19.597242_80.342399,0,0.020650159567594528,TN
B,MH-002,MH-002_19.597242_80.342669,0,0.020104916766285896,TN
B,MH-002,MH-002_19.597242_80.343208,0,0.02216961793601513,TN
B,MH-002,MH-002_19.597242_80.343477,0,0.021358007565140724,TN
B,MH-002,MH-002_19.597242_80.343747,0,0.019377537071704865,TN
B,MH-002,MH-002_19.597242_80.344016,0,0.013530206866562366,TN
B,MH-002,MH-002_19.597242_80.344286,0,0.013450407423079014,TN
B,MH-002,MH-002_19.597242_80.344555,0,0.014583208598196507,TN
B,MH-002,MH-002_19.597242_80.345094,0,0.014125182293355465,TN
B,MH-002,MH-002_19.597242_80.345364,0,0.016787001863121986,TN
B,MH-002,MH-002_19.597242_80.345633,0,0.021754248067736626,TN
B,MH-002,MH-002_19.597242_80.345903,0,0.04273448511958122,TN
B,MH-002,MH-002_19.597242_80.346172,0,0.053021419793367386,TN
B,MH-002,MH-002_19.597242_80.346442,0,0.06674173474311829,TN
B,MH-002,MH-002_19.597242_80.346711,0,0.06161726638674736,TN
B,MH-002,MH-002_19.597242_80.346981,0,0.055701058357954025,TN
B,MH-002,MH-002_19.597242_80.34725,0,0.0458686426281929,TN
B,MH-002,MH-002_19.597242_80.34752,0,0.044993214309215546,TN
B,MH-002,MH-002_19.597242_80.347789,0,0.03400208055973053,TN
B,MH-002,MH-002_19.597242_80.348059,0,0.02166113816201687,TN
B,MH-002,MH-002_19.597242_80.348598,0,0.01627483405172825,TN
B,MH-002,MH-002_19.597242_80.352101,0,0.05301385745406151,TN
B,MH-002,MH-002_19.597242_80.352371,0,0.09031055122613907,TN
B,MH-002,MH-002_19.597242_80.35264,0,0.1006290391087532,TN
B,MH-002,MH-002_19.597242_80.35291,0,0.11077090352773666,TN
B,MH-002,MH-002_19.597242_80.353718,0,0.10892021656036377,TN
B,MH-002,MH-002_19.597242_80.353988,0,0.10698703676462173,TN
B,MH-002,MH-002_19.597242_80.354257,0,0.09844625741243362,TN
B,MH-002,MH-002_19.597242_80.354527,0,0.10379576683044434,TN
B,MH-002,MH-002_19.597242_80.355335,0,0.08307690918445587,TN
B,MH-002,MH-002_19.597242_80.355605,0,0.07858209311962128,TN
B,MH-002,MH-002_19.597242_80.355874,0,0.09334027767181396,TN
B,MH-002,MH-002_19.597242_80.356144,0,0.11048893630504608,TN
B,MH-002,MH-002_19.597242_80.356413,0,0.1391860395669937,TN
B,MH-002,MH-002_19.597242_80.356683,0,0.1693946272134781,TN
B,MH-002,MH-002_19.597242_80.356952,0,0.17329399287700653,TN
B,MH-002,MH-002_19.597242_80.357222,1,0.17885012924671173,FN
B,MH-002,MH-002_19.597242_80.357491,1,0.21296854317188263,FN
B,MH-002,MH-002_19.596973_80.338088,0,0.009198999032378197,TN
B,MH-002,MH-002_19.596973_80.338357,0,0.009228773415088654,TN
B,MH-002,MH-002_19.596973_80.338627,0,0.00920109823346138,TN
B,MH-002,MH-002_19.596973_80.338896,0,0.010869303718209267,TN
B,MH-002,MH-002_19.596973_80.339166,0,0.012979998253285885,TN
B,MH-002,MH-002_19.596973_80.339435,0,0.01775973290205002,TN
B,MH-002,MH-002_19.596973_80.339705,0,0.02653382532298565,TN
B,MH-002,MH-002_19.596973_80.339974,0,0.03081308677792549,TN
B,MH-002,MH-002_19.596973_80.340244,0,0.03174704685807228,TN
B,MH-002,MH-002_19.596973_80.340513,0,0.032567914575338364,TN
B,MH-002,MH-002_19.596973_80.340783,0,0.03292444720864296,TN
B,MH-002,MH-002_19.596973_80.341052,0,0.0326099768280983,TN
B,MH-002,MH-002_19.596973_80.341322,0,0.024387095123529434,TN
B,MH-002,MH-002_19.596973_80.341591,0,0.021835023537278175,TN
B,MH-002,MH-002_19.596973_80.34186,0,0.02523769624531269,TN
B,MH-002,MH-002_19.596973_80.34213,0,0.0222788043320179,TN
B,MH-002,MH-002_19.596973_80.342399,0,0.026560848578810692,TN
B,MH-002,MH-002_19.596973_80.342669,0,0.023256121203303337,TN
B,MH-002,MH-002_19.596973_80.343208,0,0.022752029821276665,TN
B,MH-002,MH-002_19.596973_80.343477,0,0.019485218450427055,TN
B,MH-002,MH-002_19.596973_80.343747,0,0.01779920421540737,TN
B,MH-002,MH-002_19.596973_80.344016,0,0.013618119060993195,TN
B,MH-002,MH-002_19.596973_80.344286,0,0.012066209688782692,TN
B,MH-002,MH-002_19.596973_80.344555,0,0.013104264624416828,TN
B,MH-002,MH-002_19.596973_80.345364,0,0.013944822363555431,TN
B,MH-002,MH-002_19.596973_80.345633,0,0.02122695930302143,TN
B,MH-002,MH-002_19.596973_80.345903,0,0.03640911355614662,TN
B,MH-002,MH-002_19.596973_80.346172,0,0.05178220197558403,TN
B,MH-002,MH-002_19.596973_80.346442,0,0.06526227295398712,TN
B,MH-002,MH-002_19.596973_80.346711,1,0.06159599497914314,FN
B,MH-002,MH-002_19.596973_80.346981,0,0.049665406346321106,TN
B,MH-002,MH-002_19.596973_80.34725,0,0.04048246517777443,TN
B,MH-002,MH-002_19.596973_80.34752,0,0.04242369532585144,TN
B,MH-002,MH-002_19.596973_80.347789,0,0.03324320912361145,TN
B,MH-002,MH-002_19.596973_80.348328,0,0.02987542748451233,TN
B,MH-002,MH-002_19.596973_80.348598,0,0.02816838212311268,TN
B,MH-002,MH-002_19.596973_80.348867,0,0.03107164055109024,TN
B,MH-002,MH-002_19.596973_80.351562,0,0.03722747042775154,TN
B,MH-002,MH-002_19.596973_80.352371,1,0.08969560265541077,FN
B,MH-002,MH-002_19.596973_80.35264,0,0.10142946988344193,TN
B,MH-002,MH-002_19.596973_80.353449,0,0.1090569794178009,TN
B,MH-002,MH-002_19.596973_80.353988,0,0.09653882682323456,TN
B,MH-002,MH-002_19.596973_80.354257,0,0.08241794258356094,TN
B,MH-002,MH-002_19.596973_80.354527,0,0.07983284443616867,TN
B,MH-002,MH-002_19.596973_80.354796,0,0.07065605372190475,TN
B,MH-002,MH-002_19.596973_80.355066,0,0.06997207552194595,TN
B,MH-002,MH-002_19.596973_80.355335,0,0.07043106853961945,TN
B,MH-002,MH-002_19.596973_80.355605,0,0.059581514447927475,TN
B,MH-002,MH-002_19.596973_80.355874,0,0.07446359097957611,TN
B,MH-002,MH-002_19.596973_80.356144,0,0.0837688148021698,TN
B,MH-002,MH-002_19.596973_80.356413,0,0.10806562751531601,TN
B,MH-002,MH-002_19.596973_80.356683,0,0.1238645687699318,TN
B,MH-002,MH-002_19.596973_80.356952,0,0.1293550580739975,TN
B,MH-002,MH-002_19.596973_80.357222,0,0.13228225708007812,TN
B,MH-002,MH-002_19.596973_80.357491,0,0.16080379486083984,TN
B,MH-002,MH-002_19.596703_80.337818,0,0.009162109345197678,TN
B,MH-002,MH-002_19.596703_80.338088,0,0.008836285211145878,TN
B,MH-002,MH-002_19.596703_80.338357,0,0.009245343506336212,TN
B,MH-002,MH-002_19.596703_80.338627,0,0.008958862163126469,TN
B,MH-002,MH-002_19.596703_80.338896,0,0.009286140091717243,TN
B,MH-002,MH-002_19.596703_80.339166,0,0.012955432757735252,TN
B,MH-002,MH-002_19.596703_80.339435,0,0.01760593242943287,TN
B,MH-002,MH-002_19.596703_80.339705,0,0.030026109889149666,TN
B,MH-002,MH-002_19.596703_80.339974,0,0.03274066746234894,TN
B,MH-002,MH-002_19.596703_80.340244,0,0.04066520929336548,TN
B,MH-002,MH-002_19.596703_80.340513,0,0.04032052308320999,TN
B,MH-002,MH-002_19.596703_80.340783,0,0.041878052055835724,TN
B,MH-002,MH-002_19.596703_80.341052,0,0.04128637537360191,TN
B,MH-002,MH-002_19.596703_80.341322,0,0.03178580105304718,TN
B,MH-002,MH-002_19.596703_80.341591,0,0.02686772309243679,TN
B,MH-002,MH-002_19.596703_80.34186,0,0.028656005859375,TN
B,MH-002,MH-002_19.596703_80.34213,0,0.026178237050771713,TN
B,MH-002,MH-002_19.596703_80.342399,0,0.027620164677500725,TN
B,MH-002,MH-002_19.596703_80.342669,0,0.029106587171554565,TN
B,MH-002,MH-002_19.596703_80.343208,0,0.024159735068678856,TN
B,MH-002,MH-002_19.596703_80.343477,0,0.023144111037254333,TN
B,MH-002,MH-002_19.596703_80.343747,0,0.02158132568001747,TN
B,MH-002,MH-002_19.596703_80.344016,0,0.013183198869228363,TN
B,MH-002,MH-002_19.596703_80.344286,0,0.010828700847923756,TN
B,MH-002,MH-002_19.596703_80.344555,0,0.010282267816364765,TN
B,MH-002,MH-002_19.596703_80.345364,0,0.013549204915761948,TN
B,MH-002,MH-002_19.596703_80.345633,0,0.018715154379606247,TN
B,MH-002,MH-002_19.596703_80.345903,0,0.0362996980547905,TN
B,MH-002,MH-002_19.596703_80.346172,0,0.0543656125664711,TN
B,MH-002,MH-002_19.596703_80.346442,0,0.07252804189920425,TN
B,MH-002,MH-002_19.596703_80.346711,0,0.06929939240217209,TN
B,MH-002,MH-002_19.596703_80.346981,0,0.05824645608663559,TN
B,MH-002,MH-002_19.596703_80.34725,0,0.044603876769542694,TN
B,MH-002,MH-002_19.596703_80.34752,0,0.04455823078751564,TN
B,MH-002,MH-002_19.596703_80.347789,0,0.030333038419485092,TN
B,MH-002,MH-002_19.596703_80.348598,0,0.0381222739815712,TN
B,MH-002,MH-002_19.596703_80.348867,0,0.04346626251935959,TN
B,MH-002,MH-002_19.596703_80.351293,0,0.03162675350904465,TN
B,MH-002,MH-002_19.596703_80.351562,0,0.039499420672655106,TN
B,MH-002,MH-002_19.596703_80.352371,0,0.09806173294782639,TN
B,MH-002,MH-002_19.596703_80.35264,0,0.10709184408187866,TN
B,MH-002,MH-002_19.596703_80.35291,0,0.11717861145734787,TN
B,MH-002,MH-002_19.596703_80.353179,0,0.12257449328899384,TN
B,MH-002,MH-002_19.596703_80.353449,0,0.1005973070859909,TN
B,MH-002,MH-002_19.596703_80.353718,0,0.09259530901908875,TN
B,MH-002,MH-002_19.596703_80.353988,0,0.0841078981757164,TN
B,MH-002,MH-002_19.596703_80.354257,0,0.06653137505054474,TN
B,MH-002,MH-002_19.596703_80.354527,0,0.07399213314056396,TN
B,MH-002,MH-002_19.596703_80.354796,0,0.07215815037488937,TN
B,MH-002,MH-002_19.596703_80.355066,0,0.06557939946651459,TN
B,MH-002,MH-002_19.596703_80.355335,0,0.06232903152704239,TN
B,MH-002,MH-002_19.596703_80.355605,0,0.06677061319351196,TN
B,MH-002,MH-002_19.596703_80.355874,0,0.07783699035644531,TN
B,MH-002,MH-002_19.596703_80.356144,0,0.07765097171068192,TN
B,MH-002,MH-002_19.596703_80.356413,0,0.09358199685811996,TN
B,MH-002,MH-002_19.596703_80.356683,0,0.1117747351527214,TN
B,MH-002,MH-002_19.596703_80.356952,0,0.12113190442323685,TN
B,MH-002,MH-002_19.596703_80.357222,0,0.10999234020709991,TN
B,MH-002,MH-002_19.596703_80.357491,0,0.12212434411048889,TN
B,MH-002,MH-002_19.596434_80.337549,0,0.016684742644429207,TN
B,MH-002,MH-002_19.596434_80.337818,0,0.018141543492674828,TN
B,MH-002,MH-002_19.596434_80.338088,0,0.016447119414806366,TN
B,MH-002,MH-002_19.596434_80.338357,0,0.013235881924629211,TN
B,MH-002,MH-002_19.596434_80.338627,0,0.012277478352189064,TN
B,MH-002,MH-002_19.596434_80.338896,0,0.01212647370994091,TN
B,MH-002,MH-002_19.596434_80.339166,0,0.0172739215195179,TN
B,MH-002,MH-002_19.596434_80.339435,0,0.02249285951256752,TN
B,MH-002,MH-002_19.596434_80.339705,0,0.03362682834267616,TN
B,MH-002,MH-002_19.596434_80.339974,0,0.04256753996014595,TN
B,MH-002,MH-002_19.596434_80.340244,0,0.045359056442976,TN
B,MH-002,MH-002_19.596434_80.340513,0,0.04004953056573868,TN
B,MH-002,MH-002_19.596434_80.340783,0,0.04403848946094513,TN
B,MH-002,MH-002_19.596434_80.341052,0,0.03799223154783249,TN
B,MH-002,MH-002_19.596434_80.341322,0,0.035200778394937515,TN
B,MH-002,MH-002_19.596434_80.341591,0,0.02654886245727539,TN
B,MH-002,MH-002_19.596434_80.34186,0,0.02856324426829815,TN
B,MH-002,MH-002_19.596434_80.34213,0,0.0274917371571064,TN
B,MH-002,MH-002_19.596434_80.342399,0,0.029705805703997612,TN
B,MH-002,MH-002_19.596434_80.342669,0,0.02322462946176529,TN
B,MH-002,MH-002_19.596434_80.343477,0,0.020252391695976257,TN
B,MH-002,MH-002_19.596434_80.343747,0,0.0167035274207592,TN
B,MH-002,MH-002_19.596434_80.344016,0,0.011405110359191895,TN
B,MH-002,MH-002_19.596434_80.345364,0,0.00968297477811575,TN
B,MH-002,MH-002_19.596434_80.345633,0,0.015861662104725838,TN
B,MH-002,MH-002_19.596434_80.345903,0,0.030545011162757874,TN
B,MH-002,MH-002_19.596434_80.346172,0,0.045640259981155396,TN
B,MH-002,MH-002_19.596434_80.34752,0,0.03927714750170708,TN
B,MH-002,MH-002_19.596434_80.347789,0,0.024482524022459984,TN
B,MH-002,MH-002_19.596434_80.348598,0,0.0483127236366272,TN
B,MH-002,MH-002_19.596434_80.348867,0,0.059200771152973175,TN
B,MH-002,MH-002_19.596434_80.350754,0,0.03745250403881073,TN
B,MH-002,MH-002_19.596434_80.351023,0,0.030014973133802414,TN
B,MH-002,MH-002_19.596434_80.351293,0,0.028394479304552078,TN
B,MH-002,MH-002_19.596434_80.351832,0,0.03588295355439186,TN
B,MH-002,MH-002_19.596434_80.35264,0,0.07558410614728928,TN
B,MH-002,MH-002_19.596434_80.35291,0,0.09159526973962784,TN
B,MH-002,MH-002_19.596434_80.353179,0,0.08343444764614105,TN
B,MH-002,MH-002_19.596434_80.353449,0,0.06402476876974106,TN
B,MH-002,MH-002_19.596434_80.353718,1,0.07297638058662415,FN
B,MH-002,MH-002_19.596434_80.353988,0,0.07686476409435272,TN
B,MH-002,MH-002_19.596434_80.354257,0,0.060482531785964966,TN
B,MH-002,MH-002_19.596434_80.354527,0,0.05957670509815216,TN
B,MH-002,MH-002_19.596434_80.354796,0,0.06005235016345978,TN
B,MH-002,MH-002_19.596434_80.355066,0,0.06317848712205887,TN
B,MH-002,MH-002_19.596434_80.355874,0,0.06063061207532883,TN
B,MH-002,MH-002_19.596434_80.356144,0,0.05838436260819435,TN
B,MH-002,MH-002_19.596434_80.356413,0,0.07544313371181488,TN
B,MH-002,MH-002_19.596434_80.356683,0,0.08661717921495438,TN
B,MH-002,MH-002_19.596434_80.356952,0,0.10736075043678284,TN
B,MH-002,MH-002_19.596434_80.357222,0,0.09566732496023178,TN
B,MH-002,MH-002_19.596434_80.357491,0,0.09875625371932983,TN
B,MH-002,MH-002_19.596164_80.337549,1,0.02677149884402752,FN
B,MH-002,MH-002_19.596164_80.337818,0,0.026513393968343735,TN
B,MH-002,MH-002_19.596164_80.338088,0,0.024542788043618202,TN
B,MH-002,MH-002_19.596164_80.338357,0,0.017435980960726738,TN
B,MH-002,MH-002_19.596164_80.338627,0,0.01631917990744114,TN
B,MH-002,MH-002_19.596164_80.338896,0,0.016665492206811905,TN
B,MH-002,MH-002_19.596164_80.339166,0,0.024084461852908134,TN
B,MH-002,MH-002_19.596164_80.339435,0,0.02741365134716034,TN
B,MH-002,MH-002_19.596164_80.339705,0,0.044722601771354675,TN
B,MH-002,MH-002_19.596164_80.339974,0,0.04895898699760437,TN
B,MH-002,MH-002_19.596164_80.340244,0,0.05818088352680206,TN
B,MH-002,MH-002_19.596164_80.340513,0,0.053689297288656235,TN
B,MH-002,MH-002_19.596164_80.340783,0,0.05844759941101074,TN
B,MH-002,MH-002_19.596164_80.341052,0,0.04972871020436287,TN
B,MH-002,MH-002_19.596164_80.341322,0,0.044863294810056686,TN
B,MH-002,MH-002_19.596164_80.341591,0,0.0307071004062891,TN
B,MH-002,MH-002_19.596164_80.34186,0,0.026613129302859306,TN
B,MH-002,MH-002_19.596164_80.34213,0,0.0245366208255291,TN
B,MH-002,MH-002_19.596164_80.342399,0,0.0268033966422081,TN
B,MH-002,MH-002_19.596164_80.342669,0,0.023205608129501343,TN
B,MH-002,MH-002_19.596164_80.342938,0,0.02063395455479622,TN
B,MH-002,MH-002_19.596164_80.344016,0,0.008503829129040241,TN
B,MH-002,MH-002_19.596164_80.344286,0,0.006302465219050646,TN
B,MH-002,MH-002_19.596164_80.344555,0,0.00509795593097806,TN
B,MH-002,MH-002_19.596164_80.344825,0,0.005711163394153118,TN
B,MH-002,MH-002_19.596164_80.345094,0,0.005763978231698275,TN
B,MH-002,MH-002_19.596164_80.345364,0,0.009310104884207249,TN
B,MH-002,MH-002_19.596164_80.345633,0,0.013574064709246159,TN
B,MH-002,MH-002_19.596164_80.349676,0,0.06256837397813797,TN
B,MH-002,MH-002_19.596164_80.350484,0,0.041885215789079666,TN
B,MH-002,MH-002_19.596164_80.351023,0,0.025267498567700386,TN
B,MH-002,MH-002_19.596164_80.351293,0,0.019316397607326508,TN
B,MH-002,MH-002_19.596164_80.351562,0,0.027115151286125183,TN
B,MH-002,MH-002_19.596164_80.351832,0,0.020505493506789207,TN
B,MH-002,MH-002_19.596164_80.352101,0,0.042422663420438766,TN
B,MH-002,MH-002_19.596164_80.35291,0,0.06141848862171173,TN
B,MH-002,MH-002_19.596164_80.353179,0,0.06087542325258255,TN
B,MH-002,MH-002_19.596164_80.353449,0,0.05634806677699089,TN
B,MH-002,MH-002_19.596164_80.353718,1,0.053133074194192886,FN
B,MH-002,MH-002_19.596164_80.353988,0,0.0464349091053009,TN
B,MH-002,MH-002_19.596164_80.354257,0,0.044468194246292114,TN
B,MH-002,MH-002_19.596164_80.354527,0,0.05073307827115059,TN
B,MH-002,MH-002_19.596164_80.354796,0,0.04069885239005089,TN
B,MH-002,MH-002_19.596164_80.356144,0,0.03594733774662018,TN
B,MH-002,MH-002_19.596164_80.356413,0,0.05022865906357765,TN
B,MH-002,MH-002_19.596164_80.356683,0,0.06828738749027252,TN
B,MH-002,MH-002_19.596164_80.356952,0,0.0814347192645073,TN
B,MH-002,MH-002_19.596164_80.357222,0,0.08624003827571869,TN
B,MH-002,MH-002_19.596164_80.357491,0,0.08843877166509628,TN
B,MH-002,MH-002_19.595895_80.337279,1,0.05166065692901611,FN
B,MH-002,MH-002_19.595895_80.337549,1,0.04814103990793228,FN
B,MH-002,MH-002_19.595895_80.337818,1,0.04149520397186279,FN
B,MH-002,MH-002_19.595895_80.338088,0,0.03363588824868202,TN
B,MH-002,MH-002_19.595895_80.338357,0,0.02158132568001747,TN
B,MH-002,MH-002_19.595895_80.338627,0,0.018662596121430397,TN
B,MH-002,MH-002_19.595895_80.338896,0,0.018186675384640694,TN
B,MH-002,MH-002_19.595895_80.339166,0,0.023137837648391724,TN
B,MH-002,MH-002_19.595895_80.339435,0,0.025627730414271355,TN
B,MH-002,MH-002_19.595895_80.339705,0,0.040823809802532196,TN
B,MH-002,MH-002_19.595895_80.339974,0,0.051854025572538376,TN
B,MH-002,MH-002_19.595895_80.340244,0,0.05620031803846359,TN
B,MH-002,MH-002_19.595895_80.340513,0,0.07030520588159561,TN
B,MH-002,MH-002_19.595895_80.340783,0,0.0685858204960823,TN
B,MH-002,MH-002_19.595895_80.341052,0,0.06645546853542328,TN
B,MH-002,MH-002_19.595895_80.341322,0,0.05911868065595627,TN
B,MH-002,MH-002_19.595895_80.341591,0,0.04194113612174988,TN
B,MH-002,MH-002_19.595895_80.34186,0,0.03629040718078613,TN
B,MH-002,MH-002_19.595895_80.34213,0,0.03205437213182449,TN
B,MH-002,MH-002_19.595895_80.342399,0,0.03822209686040878,TN
B,MH-002,MH-002_19.595895_80.342669,0,0.026548048481345177,TN
B,MH-002,MH-002_19.595895_80.342938,0,0.025241632014513016,TN
B,MH-002,MH-002_19.595895_80.343208,0,0.022338876500725746,TN
B,MH-002,MH-002_19.595895_80.343477,0,0.0216864962130785,TN
B,MH-002,MH-002_19.595895_80.343747,0,0.014285505749285221,TN
B,MH-002,MH-002_19.595895_80.344016,0,0.009787424467504025,TN
B,MH-002,MH-002_19.595895_80.344286,0,0.008126269094645977,TN
B,MH-002,MH-002_19.595895_80.344555,0,0.006427420768886805,TN
B,MH-002,MH-002_19.595895_80.344825,0,0.00739278644323349,TN
B,MH-002,MH-002_19.595895_80.345094,1,0.007261237129569054,FN
B,MH-002,MH-002_19.595895_80.345364,0,0.011584103107452393,TN
B,MH-002,MH-002_19.595895_80.348328,1,0.039314787834882736,FN
B,MH-002,MH-002_19.595895_80.348598,0,0.06248785927891731,TN
B,MH-002,MH-002_19.595895_80.348867,0,0.05928679555654526,TN
B,MH-002,MH-002_19.595895_80.349406,1,0.05906650424003601,FN
B,MH-002,MH-002_19.595895_80.349945,0,0.05327187106013298,TN
B,MH-002,MH-002_19.595895_80.350215,0,0.05693729966878891,TN
B,MH-002,MH-002_19.595895_80.350484,0,0.062504343688488,TN
B,MH-002,MH-002_19.595895_80.351293,0,0.028438029810786247,TN
B,MH-002,MH-002_19.595895_80.351562,0,0.02478596940636635,TN
B,MH-002,MH-002_19.595895_80.351832,1,0.023193012923002243,FN
B,MH-002,MH-002_19.595895_80.352101,0,0.03531260788440704,TN
B,MH-002,MH-002_19.595895_80.352371,0,0.03793993964791298,TN
B,MH-002,MH-002_19.595895_80.35291,0,0.05536201223731041,TN
B,MH-002,MH-002_19.595895_80.353179,0,0.05318126827478409,TN
B,MH-002,MH-002_19.595895_80.353449,0,0.04618282616138458,TN
B,MH-002,MH-002_19.595895_80.353718,0,0.034152835607528687,TN
B,MH-002,MH-002_19.595895_80.353988,0,0.028961192816495895,TN
B,MH-002,MH-002_19.595895_80.354257,0,0.024311067536473274,TN
B,MH-002,MH-002_19.595895_80.354527,0,0.025440072640776634,TN
B,MH-002,MH-002_19.595895_80.355605,0,0.01860913820564747,TN
B,MH-002,MH-002_19.595895_80.356413,0,0.02949570305645466,TN
B,MH-002,MH-002_19.595895_80.356683,0,0.04216242954134941,TN
B,MH-002,MH-002_19.595895_80.356952,0,0.06285513937473297,TN
B,MH-002,MH-002_19.595895_80.357222,0,0.06541242450475693,TN
B,MH-002,MH-002_19.595895_80.357491,0,0.08823435753583908,TN
B,MH-002,MH-002_19.595625_80.33701,0,0.10711104422807693,TN
B,MH-002,MH-002_19.595625_80.337279,1,0.08339095115661621,FN
B,MH-002,MH-002_19.595625_80.338357,0,0.025688406080007553,TN
B,MH-002,MH-002_19.595625_80.338627,0,0.019781114533543587,TN
B,MH-002,MH-002_19.595625_80.338896,0,0.02044295333325863,TN
B,MH-002,MH-002_19.595625_80.339166,0,0.02605549991130829,TN
B,MH-002,MH-002_19.595625_80.339435,0,0.03528473526239395,TN
B,MH-002,MH-002_19.595625_80.339705,0,0.05599849671125412,TN
B,MH-002,MH-002_19.595625_80.339974,0,0.06751310080289841,TN
B,MH-002,MH-002_19.595625_80.340244,0,0.07494816184043884,TN
B,MH-002,MH-002_19.595625_80.340513,0,0.09550507366657257,TN
B,MH-002,MH-002_19.595625_80.340783,1,0.0941925123333931,FN
B,MH-002,MH-002_19.595625_80.341052,0,0.08115499466657639,TN
B,MH-002,MH-002_19.595625_80.341322,0,0.06820710748434067,TN
B,MH-002,MH-002_19.595625_80.341591,0,0.05517331883311272,TN
B,MH-002,MH-002_19.595625_80.34186,0,0.04532961919903755,TN
B,MH-002,MH-002_19.595625_80.34213,0,0.04443201795220375,TN
B,MH-002,MH-002_19.595625_80.342399,0,0.03536820411682129,TN
B,MH-002,MH-002_19.595625_80.342669,0,0.029448552057147026,TN
B,MH-002,MH-002_19.595625_80.342938,0,0.022178400307893753,TN
B,MH-002,MH-002_19.595625_80.343208,0,0.02306544780731201,TN
B,MH-002,MH-002_19.595625_80.343477,0,0.020156320184469223,TN
B,MH-002,MH-002_19.595625_80.343747,0,0.015847964212298393,TN
B,MH-002,MH-002_19.595625_80.344016,0,0.010798066854476929,TN
B,MH-002,MH-002_19.595625_80.344286,0,0.009554019197821617,TN
B,MH-002,MH-002_19.595625_80.344555,0,0.007978021167218685,TN
B,MH-002,MH-002_19.595625_80.344825,0,0.009690064936876297,TN
B,MH-002,MH-002_19.595625_80.345094,0,0.00870520155876875,TN
B,MH-002,MH-002_19.595625_80.345364,0,0.012097718194127083,TN
B,MH-002,MH-002_19.595625_80.348328,1,0.03655928000807762,FN
B,MH-002,MH-002_19.595625_80.348598,1,0.04677595943212509,FN
B,MH-002,MH-002_19.595625_80.348867,0,0.03763068839907646,TN
B,MH-002,MH-002_19.595625_80.349137,0,0.04415745660662651,TN
B,MH-002,MH-002_19.595625_80.349945,0,0.03944242373108864,TN
B,MH-002,MH-002_19.595625_80.350215,0,0.03321663662791252,TN
B,MH-002,MH-002_19.595625_80.350484,0,0.05136413872241974,TN
B,MH-002,MH-002_19.595625_80.350754,1,0.031533919274806976,FN
B,MH-002,MH-002_19.595625_80.351023,0,0.034940481185913086,TN
B,MH-002,MH-002_19.595625_80.351832,1,0.025410717353224754,FN
B,MH-002,MH-002_19.595625_80.352101,1,0.04378684610128403,FN
B,MH-002,MH-002_19.595625_80.352371,0,0.03764741122722626,TN
B,MH-002,MH-002_19.595625_80.35264,0,0.05133938789367676,TN
B,MH-002,MH-002_19.595625_80.353449,0,0.06004628539085388,TN
B,MH-002,MH-002_19.595625_80.353718,0,0.04430205374956131,TN
B,MH-002,MH-002_19.595625_80.353988,0,0.029903683811426163,TN
B,MH-002,MH-002_19.595625_80.355066,0,0.017792077735066414,TN
B,MH-002,MH-002_19.595625_80.355335,0,0.018154237419366837,TN
B,MH-002,MH-002_19.595625_80.355605,0,0.017143189907073975,TN
B,MH-002,MH-002_19.595625_80.355874,0,0.01621580496430397,TN
B,MH-002,MH-002_19.595625_80.356413,0,0.02010287530720234,TN
B,MH-002,MH-002_19.595625_80.356683,0,0.029545297846198082,TN
B,MH-002,MH-002_19.595625_80.356952,0,0.04618358239531517,TN
B,MH-002,MH-002_19.595625_80.357222,0,0.060753487050533295,TN
B,MH-002,MH-002_19.595625_80.357491,0,0.07946907728910446,TN
B,MH-002,MH-002_19.595356_80.33674,0,0.1607103943824768,TN
B,MH-002,MH-002_19.595356_80.338357,0,0.02431964874267578,TN
B,MH-002,MH-002_19.595356_80.338627,0,0.01890011876821518,TN
B,MH-002,MH-002_19.595356_80.338896,0,0.019512418657541275,TN
B,MH-002,MH-002_19.595356_80.339166,0,0.02547728642821312,TN
B,MH-002,MH-002_19.595356_80.339435,0,0.031274788081645966,TN
B,MH-002,MH-002_19.595356_80.339705,0,0.047549955546855927,TN
B,MH-002,MH-002_19.595356_80.339974,0,0.059379179030656815,TN
B,MH-002,MH-002_19.595356_80.340244,0,0.06910110265016556,TN
B,MH-002,MH-002_19.595356_80.340513,0,0.09066491574048996,TN
B,MH-002,MH-002_19.595356_80.340783,1,0.09990585595369339,FN
B,MH-002,MH-002_19.595356_80.341052,1,0.08246893435716629,FN
B,MH-002,MH-002_19.595356_80.341322,0,0.07469355314970016,TN
B,MH-002,MH-002_19.595356_80.343208,0,0.01679438352584839,TN
B,MH-002,MH-002_19.595356_80.343477,0,0.013120110146701336,TN
B,MH-002,MH-002_19.595356_80.343747,0,0.012701486237347126,TN
B,MH-002,MH-002_19.595356_80.344016,0,0.00889792200177908,TN
B,MH-002,MH-002_19.595356_80.344286,0,0.008057348430156708,TN
B,MH-002,MH-002_19.595356_80.344555,0,0.006184824742376804,TN
B,MH-002,MH-002_19.595356_80.344825,0,0.007200394291430712,TN
B,MH-002,MH-002_19.595356_80.345094,0,0.00833376869559288,TN
B,MH-002,MH-002_19.595356_80.345364,0,0.012775758281350136,TN
B,MH-002,MH-002_19.595356_80.348328,1,0.031252436339855194,FN
B,MH-002,MH-002_19.595356_80.348598,1,0.0338759608566761,FN
B,MH-002,MH-002_19.595356_80.348867,1,0.03725850582122803,FN
B,MH-002,MH-002_19.595356_80.349137,1,0.039389468729496,FN
B,MH-002,MH-002_19.595356_80.349406,1,0.055044401437044144,FN
B,MH-002,MH-002_19.595356_80.349676,0,0.05434712395071983,TN
B,MH-002,MH-002_19.595356_80.349945,0,0.057745352387428284,TN
B,MH-002,MH-002_19.595356_80.350215,0,0.05006023123860359,TN
B,MH-002,MH-002_19.595356_80.350484,0,0.07184372842311859,TN
B,MH-002,MH-002_19.595356_80.350754,1,0.058075226843357086,FN
B,MH-002,MH-002_19.595356_80.351023,1,0.05921747907996178,FN
B,MH-002,MH-002_19.595356_80.351293,0,0.044577110558748245,TN
B,MH-002,MH-002_19.595356_80.351562,0,0.04892459511756897,TN
B,MH-002,MH-002_19.595356_80.352101,1,0.04276334494352341,FN
B,MH-002,MH-002_19.595356_80.352371,1,0.04078248143196106,FN
B,MH-002,MH-002_19.595356_80.35264,0,0.036068372428417206,TN
B,MH-002,MH-002_19.595356_80.354527,0,0.019886689260601997,TN
B,MH-002,MH-002_19.595356_80.354796,0,0.013661660254001617,TN
B,MH-002,MH-002_19.595356_80.355066,0,0.014653675258159637,TN
B,MH-002,MH-002_19.595356_80.355335,0,0.01436680369079113,TN
B,MH-002,MH-002_19.595356_80.355605,0,0.013564381748437881,TN
B,MH-002,MH-002_19.595356_80.355874,0,0.013607836328446865,TN
B,MH-002,MH-002_19.595356_80.356413,0,0.019306357949972153,TN
B,MH-002,MH-002_19.595356_80.356683,0,0.028963634744286537,TN
B,MH-002,MH-002_19.595356_80.356952,0,0.042487114667892456,TN
B,MH-002,MH-002_19.595356_80.357222,0,0.05838053673505783,TN
B,MH-002,MH-002_19.595356_80.357491,0,0.09395719319581985,TN
B,MH-002,MH-002_19.595086_80.33674,0,0.18204358220100403,TN
B,MH-002,MH-002_19.595086_80.338627,0,0.01420458685606718,TN
B,MH-002,MH-002_19.595086_80.338896,0,0.015053031966090202,TN
B,MH-002,MH-002_19.595086_80.339166,0,0.0188465416431427,TN
B,MH-002,MH-002_19.595086_80.339435,0,0.026304246857762337,TN
B,MH-002,MH-002_19.595086_80.339705,0,0.039572782814502716,TN
B,MH-002,MH-002_19.595086_80.339974,0,0.0551617331802845,TN
B,MH-002,MH-002_19.595086_80.340244,0,0.06292465329170227,TN
B,MH-002,MH-002_19.595086_80.340513,0,0.0947079285979271,TN
B,MH-002,MH-002_19.595086_80.340783,0,0.09478232264518738,TN
B,MH-002,MH-002_19.595086_80.341052,1,0.10498715192079544,FN
B,MH-002,MH-002_19.595086_80.341322,0,0.08049414306879044,TN
B,MH-002,MH-002_19.595086_80.341591,0,0.060548387467861176,TN
B,MH-002,MH-002_19.595086_80.343477,0,0.015825318172574043,TN
B,MH-002,MH-002_19.595086_80.343747,0,0.015807155519723892,TN
B,MH-002,MH-002_19.595086_80.344016,0,0.011048663407564163,TN
B,MH-002,MH-002_19.595086_80.344286,0,0.009576357901096344,TN
B,MH-002,MH-002_19.595086_80.344555,0,0.009449867531657219,TN
B,MH-002,MH-002_19.595086_80.344825,0,0.010782146826386452,TN
B,MH-002,MH-002_19.595086_80.345094,0,0.010758979246020317,TN
B,MH-002,MH-002_19.595086_80.345364,0,0.012876681983470917,TN
B,MH-002,MH-002_19.595086_80.348328,1,0.025163613259792328,FN
B,MH-002,MH-002_19.595086_80.348598,1,0.025403527542948723,FN
B,MH-002,MH-002_19.595086_80.348867,0,0.0285841953009367,TN
B,MH-002,MH-002_19.595086_80.349137,0,0.03920171409845352,TN
B,MH-002,MH-002_19.595086_80.349406,0,0.05681539699435234,TN
B,MH-002,MH-002_19.595086_80.349676,0,0.063195139169693,TN
B,MH-002,MH-002_19.595086_80.349945,0,0.07928027957677841,TN
B,MH-002,MH-002_19.595086_80.350215,0,0.05778469517827034,TN
B,MH-002,MH-002_19.595086_80.350484,0,0.09259448945522308,TN
B,MH-002,MH-002_19.595086_80.350754,1,0.05470256134867668,FN
B,MH-002,MH-002_19.595086_80.351023,0,0.07841464877128601,TN
B,MH-002,MH-002_19.595086_80.351293,0,0.05800537392497063,TN
B,MH-002,MH-002_19.595086_80.351832,0,0.04737543687224388,TN
B,MH-002,MH-002_19.595086_80.352371,1,0.03750457614660263,FN
B,MH-002,MH-002_19.595086_80.35264,0,0.05036019906401634,TN
B,MH-002,MH-002_19.595086_80.35291,0,0.05856964737176895,TN
B,MH-002,MH-002_19.595086_80.353449,0,0.05180004611611366,TN
B,MH-002,MH-002_19.595086_80.353718,0,0.028198719024658203,TN
B,MH-002,MH-002_19.595086_80.354257,0,0.015085984952747822,TN
B,MH-002,MH-002_19.595086_80.354527,0,0.012139414437115192,TN
B,MH-002,MH-002_19.595086_80.354796,0,0.010475406423211098,TN
B,MH-002,MH-002_19.595086_80.355066,0,0.009297508746385574,TN
B,MH-002,MH-002_19.595086_80.355335,0,0.010144791565835476,TN
B,MH-002,MH-002_19.595086_80.355605,0,0.010168371722102165,TN
B,MH-002,MH-002_19.595086_80.356144,0,0.010759608820080757,TN
B,MH-002,MH-002_19.595086_80.356413,0,0.01536999549716711,TN
B,MH-002,MH-002_19.595086_80.356683,0,0.0221500676125288,TN
B,MH-002,MH-002_19.595086_80.356952,0,0.029106687754392624,TN
B,MH-002,MH-002_19.595086_80.357222,0,0.04616899788379669,TN
B,MH-002,MH-002_19.595086_80.357491,0,0.0771462619304657,TN
B,MH-002,MH-002_19.594817_80.336471,1,0.19590850174427032,FN
B,MH-002,MH-002_19.594817_80.338627,0,0.011440935544669628,TN
B,MH-002,MH-002_19.594817_80.338896,0,0.011916346848011017,TN
B,MH-002,MH-002_19.594817_80.339166,0,0.014642985537648201,TN
B,MH-002,MH-002_19.594817_80.339435,0,0.016874410212039948,TN
B,MH-002,MH-002_19.594817_80.339705,0,0.02937800996005535,TN
B,MH-002,MH-002_19.594817_80.339974,0,0.0415455661714077,TN
B,MH-002,MH-002_19.594817_80.340244,0,0.04489465057849884,TN
B,MH-002,MH-002_19.594817_80.340513,0,0.06967125833034515,TN
B,MH-002,MH-002_19.594817_80.340783,0,0.0916958823800087,TN
B,MH-002,MH-002_19.594817_80.341052,0,0.0906982570886612,TN
B,MH-002,MH-002_19.594817_80.341322,0,0.08759475499391556,TN
B,MH-002,MH-002_19.594817_80.341591,0,0.06577995419502258,TN
B,MH-002,MH-002_19.594817_80.34186,0,0.05138339474797249,TN
B,MH-002,MH-002_19.594817_80.34213,0,0.04972920939326286,TN
B,MH-002,MH-002_19.594817_80.342399,0,0.038216304033994675,TN
B,MH-002,MH-002_19.594817_80.342669,0,0.026626070961356163,TN
B,MH-002,MH-002_19.594817_80.342938,0,0.022959023714065552,TN
B,MH-002,MH-002_19.594817_80.343208,0,0.021899960935115814,TN
B,MH-002,MH-002_19.594817_80.343477,0,0.018735377117991447,TN
B,MH-002,MH-002_19.594817_80.343747,0,0.018474284559488297,TN
B,MH-002,MH-002_19.594817_80.344016,0,0.012911480851471424,TN
B,MH-002,MH-002_19.594817_80.344286,0,0.011904483661055565,TN
B,MH-002,MH-002_19.594817_80.344555,0,0.010816066525876522,TN
B,MH-002,MH-002_19.594817_80.344825,0,0.012598466128110886,TN
B,MH-002,MH-002_19.594817_80.345094,0,0.014399033971130848,TN
B,MH-002,MH-002_19.594817_80.345364,0,0.016865799203515053,TN
B,MH-002,MH-002_19.594817_80.348059,0,0.012555557303130627,TN
B,MH-002,MH-002_19.594817_80.348328,0,0.018444089218974113,TN
B,MH-002,MH-002_19.594817_80.348598,0,0.016887255012989044,TN
B,MH-002,MH-002_19.594817_80.348867,0,0.022357240319252014,TN
B,MH-002,MH-002_19.594817_80.349137,0,0.03091324307024479,TN
B,MH-002,MH-002_19.594817_80.349406,0,0.04602741450071335,TN
B,MH-002,MH-002_19.594817_80.349676,0,0.0547570176422596,TN
B,MH-002,MH-002_19.594817_80.349945,0,0.0707860067486763,TN
B,MH-002,MH-002_19.594817_80.350215,0,0.046703778207302094,TN
B,MH-002,MH-002_19.594817_80.350484,1,0.06588970869779587,FN
B,MH-002,MH-002_19.594817_80.350754,0,0.05293547362089157,TN
B,MH-002,MH-002_19.594817_80.351023,1,0.07363348454236984,FN
B,MH-002,MH-002_19.594817_80.351293,0,0.05824750289320946,TN
B,MH-002,MH-002_19.594817_80.351562,0,0.0673554316163063,TN
B,MH-002,MH-002_19.594817_80.351832,0,0.05271472409367561,TN
B,MH-002,MH-002_19.594817_80.352101,0,0.04042652249336243,TN
B,MH-002,MH-002_19.594817_80.353179,0,0.044497232884168625,TN
B,MH-002,MH-002_19.594817_80.353718,0,0.01861466094851494,TN
B,MH-002,MH-002_19.594817_80.354257,0,0.009777405299246311,TN
B,MH-002,MH-002_19.594817_80.354527,0,0.01102383341640234,TN
B,MH-002,MH-002_19.594817_80.354796,0,0.008586131036281586,TN
B,MH-002,MH-002_19.594817_80.355066,0,0.010826135985553265,TN
B,MH-002,MH-002_19.594817_80.355335,0,0.009782684035599232,TN
B,MH-002,MH-002_19.594817_80.355605,0,0.009782019071280956,TN
B,MH-002,MH-002_19.594817_80.356144,0,0.00902435090392828,TN
B,MH-002,MH-002_19.594817_80.356413,0,0.01313669141381979,TN
B,MH-002,MH-002_19.594817_80.356683,0,0.017329992726445198,TN
B,MH-002,MH-002_19.594817_80.356952,0,0.029728956520557404,TN
B,MH-002,MH-002_19.594817_80.357222,0,0.04241574928164482,TN
B,MH-002,MH-002_19.594817_80.357491,0,0.08770114928483963,TN
B,MH-002,MH-002_19.594547_80.336201,1,0.23796391487121582,FN
B,MH-002,MH-002_19.594547_80.336471,0,0.19111527502536774,TN
B,MH-002,MH-002_19.594547_80.338627,0,0.008088245987892151,TN
B,MH-002,MH-002_19.594547_80.338896,1,0.009157521650195122,FN
B,MH-002,MH-002_19.594547_80.339166,0,0.00952064711600542,TN
B,MH-002,MH-002_19.594547_80.339435,0,0.011548837646842003,TN
B,MH-002,MH-002_19.594547_80.339705,0,0.019114123657345772,TN
B,MH-002,MH-002_19.594547_80.339974,0,0.030766919255256653,TN
B,MH-002,MH-002_19.594547_80.340244,0,0.03518644720315933,TN
B,MH-002,MH-002_19.594547_80.340513,0,0.05772972106933594,TN
B,MH-002,MH-002_19.594547_80.340783,0,0.06309721618890762,TN
B,MH-002,MH-002_19.594547_80.341052,0,0.06878595054149628,TN
B,MH-002,MH-002_19.594547_80.341322,0,0.06247957795858383,TN
B,MH-002,MH-002_19.594547_80.341591,0,0.05346889793872833,TN
B,MH-002,MH-002_19.594547_80.34186,0,0.04309452697634697,TN
B,MH-002,MH-002_19.594547_80.34213,0,0.040295667946338654,TN
B,MH-002,MH-002_19.594547_80.342399,0,0.028169933706521988,TN
B,MH-002,MH-002_19.594547_80.342669,0,0.024820690974593163,TN
B,MH-002,MH-002_19.594547_80.342938,0,0.021865030750632286,TN
B,MH-002,MH-002_19.594547_80.343208,0,0.01883048191666603,TN
B,MH-002,MH-002_19.594547_80.343477,0,0.0193092729896307,TN
B,MH-002,MH-002_19.594547_80.343747,0,0.020044757053256035,TN
B,MH-002,MH-002_19.594547_80.344016,0,0.017446300014853477,TN
B,MH-002,MH-002_19.594547_80.344286,0,0.014729893766343594,TN
B,MH-002,MH-002_19.594547_80.344555,0,0.014127015136182308,TN
B,MH-002,MH-002_19.594547_80.344825,0,0.016665352508425713,TN
B,MH-002,MH-002_19.594547_80.345094,0,0.019217252731323242,TN
B,MH-002,MH-002_19.594547_80.345364,0,0.018387870863080025,TN
B,MH-002,MH-002_19.594547_80.348328,0,0.013792484067380428,TN
B,MH-002,MH-002_19.594547_80.348598,0,0.013599447906017303,TN
B,MH-002,MH-002_19.594547_80.348867,0,0.0169515460729599,TN
B,MH-002,MH-002_19.594547_80.349137,0,0.028411224484443665,TN
B,MH-002,MH-002_19.594547_80.349406,0,0.04532788693904877,TN
B,MH-002,MH-002_19.594547_80.349676,0,0.06687849014997482,TN
B,MH-002,MH-002_19.594547_80.349945,0,0.06702343374490738,TN
B,MH-002,MH-002_19.594547_80.350215,0,0.051733918488025665,TN
B,MH-002,MH-002_19.594547_80.350484,0,0.07458672672510147,TN
B,MH-002,MH-002_19.594547_80.350754,1,0.0732017531991005,FN
B,MH-002,MH-002_19.594547_80.351023,1,0.11870614439249039,FN
B,MH-002,MH-002_19.594547_80.351293,0,0.0722772404551506,TN
B,MH-002,MH-002_19.594547_80.351562,0,0.07535402476787567,TN
B,MH-002,MH-002_19.594547_80.351832,1,0.05660140514373779,FN
B,MH-002,MH-002_19.594547_80.354257,0,0.008510111831128597,TN
B,MH-002,MH-002_19.594547_80.354527,0,0.006411264650523663,TN
B,MH-002,MH-002_19.594547_80.354796,0,0.007335027679800987,TN
B,MH-002,MH-002_19.594547_80.355066,0,0.008816241286695004,TN
B,MH-002,MH-002_19.594547_80.355874,0,0.006360375788062811,TN
B,MH-002,MH-002_19.594547_80.356144,0,0.007042592391371727,TN
B,MH-002,MH-002_19.594547_80.356413,0,0.010448167100548744,TN
B,MH-002,MH-002_19.594547_80.356683,0,0.013573329895734787,TN
B,MH-002,MH-002_19.594547_80.356952,0,0.02470940165221691,TN
B,MH-002,MH-002_19.594547_80.357222,0,0.04602828249335289,TN
B,MH-002,MH-002_19.594547_80.357491,0,0.0964660570025444,TN
B,MH-002,MH-002_19.594278_80.335932,0,0.08476746082305908,TN
B,MH-002,MH-002_19.594278_80.336201,0,0.16573557257652283,TN
B,MH-002,MH-002_19.594278_80.33674,0,0.18102163076400757,TN
B,MH-002,MH-002_19.594278_80.338627,0,0.0054247560910880566,TN
B,MH-002,MH-002_19.594278_80.338896,1,0.0059768701903522015,FN
B,MH-002,MH-002_19.594278_80.339166,0,0.00648567546159029,TN
B,MH-002,MH-002_19.594278_80.339435,0,0.009138037450611591,TN
B,MH-002,MH-002_19.594278_80.339705,0,0.014172100462019444,TN
B,MH-002,MH-002_19.594278_80.339974,0,0.02130822092294693,TN
B,MH-002,MH-002_19.594278_80.340244,0,0.02836586907505989,TN
B,MH-002,MH-002_19.594278_80.340513,0,0.04397987201809883,TN
B,MH-002,MH-002_19.594278_80.340783,0,0.05652429163455963,TN
B,MH-002,MH-002_19.594278_80.341052,0,0.05396443232893944,TN
B,MH-002,MH-002_19.594278_80.341322,0,0.06211609020829201,TN
B,MH-002,MH-002_19.594278_80.341591,0,0.047069478780031204,TN
B,MH-002,MH-002_19.594278_80.34186,0,0.045748017728328705,TN
B,MH-002,MH-002_19.594278_80.34213,0,0.03396683931350708,TN
B,MH-002,MH-002_19.594278_80.342399,0,0.028859751299023628,TN
B,MH-002,MH-002_19.594278_80.342669,0,0.019283710047602654,TN
B,MH-002,MH-002_19.594278_80.342938,0,0.019261430948972702,TN
B,MH-002,MH-002_19.594278_80.343208,0,0.014695892110466957,TN
B,MH-002,MH-002_19.594278_80.343477,0,0.015235796570777893,TN
B,MH-002,MH-002_19.594278_80.343747,0,0.01752222701907158,TN
B,MH-002,MH-002_19.594278_80.344016,0,0.015122061595320702,TN
B,MH-002,MH-002_19.594278_80.344286,0,0.013708245009183884,TN
B,MH-002,MH-002_19.594278_80.348328,0,0.010499737225472927,TN
B,MH-002,MH-002_19.594278_80.348598,0,0.010700998827815056,TN
B,MH-002,MH-002_19.594278_80.348867,0,0.01556292362511158,TN
B,MH-002,MH-002_19.594278_80.349137,0,0.02611728198826313,TN
B,MH-002,MH-002_19.594278_80.349406,0,0.04128590598702431,TN
B,MH-002,MH-002_19.594278_80.349676,0,0.04918189346790314,TN
B,MH-002,MH-002_19.594278_80.349945,0,0.047673650085926056,TN
B,MH-002,MH-002_19.594278_80.350215,0,0.042822230607271194,TN
B,MH-002,MH-002_19.594278_80.350484,0,0.0649726390838623,TN
B,MH-002,MH-002_19.594278_80.350754,1,0.0710768774151802,FN
B,MH-002,MH-002_19.594278_80.351023,1,0.08286111801862717,FN
B,MH-002,MH-002_19.594278_80.351293,1,0.07203850895166397,FN
B,MH-002,MH-002_19.594278_80.351562,0,0.0698915645480156,TN
B,MH-002,MH-002_19.594278_80.351832,0,0.058256346732378006,TN
B,MH-002,MH-002_19.594278_80.352101,0,0.03296424075961113,TN
B,MH-002,MH-002_19.594278_80.352371,0,0.03841651603579521,TN
B,MH-002,MH-002_19.594278_80.35264,0,0.034437332302331924,TN
B,MH-002,MH-002_19.594278_80.35291,0,0.04784649237990379,TN
B,MH-002,MH-002_19.594278_80.353179,0,0.027852272614836693,TN
B,MH-002,MH-002_19.594278_80.353449,0,0.02510734647512436,TN
B,MH-002,MH-002_19.594278_80.354257,0,0.007188994437456131,TN
B,MH-002,MH-002_19.594278_80.354527,0,0.0073614828288555145,TN
B,MH-002,MH-002_19.594278_80.354796,0,0.0062270499765872955,TN
B,MH-002,MH-002_19.594278_80.355605,0,0.006980156525969505,TN
B,MH-002,MH-002_19.594278_80.355874,0,0.006372613366693258,TN
B,MH-002,MH-002_19.594278_80.356144,0,0.00638280576094985,TN
B,MH-002,MH-002_19.594278_80.356413,0,0.00991994421929121,TN
B,MH-002,MH-002_19.594278_80.356683,0,0.01438603363931179,TN
B,MH-002,MH-002_19.594278_80.356952,0,0.024630097672343254,TN
B,MH-002,MH-002_19.594278_80.357222,0,0.04969341680407524,TN
B,MH-002,MH-002_19.594278_80.357491,0,0.12008070945739746,TN
B,MH-002,MH-002_19.594008_80.335932,0,0.08370817452669144,TN
B,MH-002,MH-002_19.594008_80.336201,0,0.11724497377872467,TN
B,MH-002,MH-002_19.594008_80.33674,0,0.11842439323663712,TN
B,MH-002,MH-002_19.594008_80.338627,0,0.0038039630744606256,TN
B,MH-002,MH-002_19.594008_80.338896,1,0.0038679614663124084,FN
B,MH-002,MH-002_19.594008_80.339166,0,0.00462898425757885,TN
B,MH-002,MH-002_19.594008_80.339435,0,0.006437986623495817,TN
B,MH-002,MH-002_19.594008_80.339705,0,0.01226029358804226,TN
B,MH-002,MH-002_19.594008_80.339974,0,0.022378161549568176,TN
B,MH-002,MH-002_19.594008_80.340244,0,0.027763593941926956,TN
B,MH-002,MH-002_19.594008_80.340513,0,0.040719058364629745,TN
B,MH-002,MH-002_19.594008_80.340783,0,0.04753269627690315,TN
B,MH-002,MH-002_19.594008_80.341052,0,0.05145423486828804,TN
B,MH-002,MH-002_19.594008_80.341322,0,0.05175013840198517,TN
B,MH-002,MH-002_19.594008_80.341591,0,0.05127444863319397,TN
B,MH-002,MH-002_19.594008_80.34186,0,0.04064498096704483,TN
B,MH-002,MH-002_19.594008_80.34213,1,0.037638504058122635,FN
B,MH-002,MH-002_19.594008_80.342399,1,0.028914058580994606,FN
B,MH-002,MH-002_19.594008_80.342669,0,0.024654075503349304,TN
B,MH-002,MH-002_19.594008_80.342938,0,0.01877760700881481,TN
B,MH-002,MH-002_19.594008_80.343208,0,0.014092900790274143,TN
B,MH-002,MH-002_19.594008_80.343477,0,0.014747308567166328,TN
B,MH-002,MH-002_19.594008_80.343747,0,0.016178453341126442,TN
B,MH-002,MH-002_19.594008_80.344016,0,0.015996703878045082,TN
B,MH-002,MH-002_19.594008_80.344286,0,0.0149301178753376,TN
B,MH-002,MH-002_19.594008_80.344555,0,0.013704906217753887,TN
B,MH-002,MH-002_19.594008_80.344825,0,0.015377538278698921,TN
B,MH-002,MH-002_19.594008_80.348328,0,0.00977206602692604,TN
B,MH-002,MH-002_19.594008_80.348598,0,0.01039056945592165,TN
B,MH-002,MH-002_19.594008_80.348867,0,0.017547955736517906,TN
B,MH-002,MH-002_19.594008_80.349137,0,0.030361086130142212,TN
B,MH-002,MH-002_19.594008_80.349406,0,0.04282365366816521,TN
B,MH-002,MH-002_19.594008_80.349676,0,0.05204073339700699,TN
B,MH-002,MH-002_19.594008_80.349945,0,0.050165604799985886,TN
B,MH-002,MH-002_19.594008_80.350215,0,0.048677973449230194,TN
B,MH-002,MH-002_19.594008_80.350484,0,0.043093323707580566,TN
B,MH-002,MH-002_19.594008_80.350754,1,0.050854600965976715,FN
B,MH-002,MH-002_19.594008_80.351023,1,0.056811243295669556,FN
B,MH-002,MH-002_19.594008_80.351293,1,0.06381025910377502,FN
B,MH-002,MH-002_19.594008_80.351562,0,0.06529204547405243,TN
B,MH-002,MH-002_19.594008_80.351832,0,0.06203601509332657,TN
B,MH-002,MH-002_19.594008_80.352101,0,0.04703191667795181,TN
B,MH-002,MH-002_19.594008_80.352371,0,0.047538209706544876,TN
B,MH-002,MH-002_19.594008_80.35264,0,0.044798895716667175,TN
B,MH-002,MH-002_19.594008_80.35291,0,0.038087617605924606,TN
B,MH-002,MH-002_19.594008_80.353179,0,0.027763059362769127,TN
B,MH-002,MH-002_19.594008_80.353449,0,0.019916579127311707,TN
B,MH-002,MH-002_19.594008_80.353988,0,0.008979184553027153,TN
B,MH-002,MH-002_19.594008_80.354257,0,0.006955494172871113,TN
B,MH-002,MH-002_19.594008_80.354527,0,0.005917693488299847,TN
B,MH-002,MH-002_19.594008_80.355066,0,0.00579138845205307,TN
B,MH-002,MH-002_19.594008_80.355335,0,0.005450129974633455,TN
B,MH-002,MH-002_19.594008_80.355605,0,0.005391715094447136,TN
B,MH-002,MH-002_19.594008_80.355874,0,0.005436773411929607,TN
B,MH-002,MH-002_19.594008_80.356144,0,0.0065902648493647575,TN
B,MH-002,MH-002_19.594008_80.356413,0,0.011448320932686329,TN
B,MH-002,MH-002_19.594008_80.356683,0,0.017121806740760803,TN
B,MH-002,MH-002_19.594008_80.356952,0,0.029870755970478058,TN
B,MH-002,MH-002_19.594008_80.357222,1,0.07121245563030243,FN
B,MH-002,MH-002_19.594008_80.357491,1,0.16487669944763184,FN
B,MH-002,MH-002_19.593739_80.335662,0,0.042895931750535965,TN
B,MH-002,MH-002_19.593739_80.335932,0,0.05469553545117378,TN
B,MH-002,MH-002_19.593739_80.336201,0,0.07382453233003616,TN
B,MH-002,MH-002_19.593739_80.337279,0,0.026586979627609253,TN
B,MH-002,MH-002_19.593739_80.337549,0,0.01657271198928356,TN
B,MH-002,MH-002_19.593739_80.337818,0,0.011195061728358269,TN
B,MH-002,MH-002_19.593739_80.338088,0,0.0067555587738752365,TN
B,MH-002,MH-002_19.593739_80.338627,0,0.003875065129250288,TN
B,MH-002,MH-002_19.593739_80.338896,0,0.003869225736707449,TN
B,MH-002,MH-002_19.593739_80.339166,0,0.004606503527611494,TN
B,MH-002,MH-002_19.593739_80.339435,0,0.005884735845029354,TN
B,MH-002,MH-002_19.593739_80.339705,0,0.011803372763097286,TN
B,MH-002,MH-002_19.593739_80.339974,0,0.01815285161137581,TN
B,MH-002,MH-002_19.593739_80.340244,0,0.024621760472655296,TN
B,MH-002,MH-002_19.593739_80.340513,0,0.036206360906362534,TN
B,MH-002,MH-002_19.593739_80.340783,0,0.05279944837093353,TN
B,MH-002,MH-002_19.593739_80.341052,0,0.05781413987278938,TN
B,MH-002,MH-002_19.593739_80.341322,0,0.06097101792693138,TN
B,MH-002,MH-002_19.593739_80.341591,0,0.05136735364794731,TN
B,MH-002,MH-002_19.593739_80.34186,0,0.04508732259273529,TN
B,MH-002,MH-002_19.593739_80.34213,1,0.03146054223179817,FN
B,MH-002,MH-002_19.593739_80.342399,1,0.025709431618452072,FN
B,MH-002,MH-002_19.593739_80.342669,1,0.02056528441607952,FN
B,MH-002,MH-002_19.593739_80.342938,1,0.019799284636974335,FN
B,MH-002,MH-002_19.593739_80.343208,0,0.01518579013645649,TN
B,MH-002,MH-002_19.593739_80.343477,0,0.01478018518537283,TN
B,MH-002,MH-002_19.593739_80.343747,0,0.013879537582397461,TN
B,MH-002,MH-002_19.593739_80.344016,0,0.013832495547831059,TN
B,MH-002,MH-002_19.593739_80.344286,0,0.013362891040742397,TN
B,MH-002,MH-002_19.593739_80.344555,0,0.011768943630158901,TN
B,MH-002,MH-002_19.593739_80.344825,0,0.01767376996576786,TN
B,MH-002,MH-002_19.593739_80.345094,0,0.01922694221138954,TN
B,MH-002,MH-002_19.593739_80.345364,0,0.022953826934099197,TN
B,MH-002,MH-002_19.593739_80.345633,0,0.022754834964871407,TN
B,MH-002,MH-002_19.593739_80.345903,0,0.02347763627767563,TN
B,MH-002,MH-002_19.593739_80.348328,0,0.011762346141040325,TN
B,MH-002,MH-002_19.593739_80.348598,0,0.015526465140283108,TN
B,MH-002,MH-002_19.593739_80.348867,0,0.02195516973733902,TN
B,MH-002,MH-002_19.593739_80.349137,0,0.03256818652153015,TN
B,MH-002,MH-002_19.593739_80.349406,0,0.04214030131697655,TN
B,MH-002,MH-002_19.593739_80.349676,0,0.04454372450709343,TN
B,MH-002,MH-002_19.593739_80.349945,0,0.045367974787950516,TN
B,MH-002,MH-002_19.593739_80.350215,0,0.042513031512498856,TN
B,MH-002,MH-002_19.593739_80.350484,0,0.041809894144535065,TN
B,MH-002,MH-002_19.593739_80.350754,0,0.03988439962267876,TN
B,MH-002,MH-002_19.593739_80.351023,0,0.04281056672334671,TN
B,MH-002,MH-002_19.593739_80.351293,0,0.0398210808634758,TN
B,MH-002,MH-002_19.593739_80.351562,0,0.04628584906458855,TN
B,MH-002,MH-002_19.593739_80.351832,0,0.049202825874090195,TN
B,MH-002,MH-002_19.593739_80.352101,0,0.03619559481739998,TN
B,MH-002,MH-002_19.593739_80.352371,0,0.04373098537325859,TN
B,MH-002,MH-002_19.593739_80.35264,0,0.03867999464273453,TN
B,MH-002,MH-002_19.593739_80.35291,0,0.03959027677774429,TN
B,MH-002,MH-002_19.593739_80.353179,0,0.021411139518022537,TN
B,MH-002,MH-002_19.593739_80.353449,0,0.021776340901851654,TN
B,MH-002,MH-002_19.593739_80.353988,0,0.013294237665832043,TN
B,MH-002,MH-002_19.593739_80.354257,0,0.008519185706973076,TN
B,MH-002,MH-002_19.593739_80.355066,0,0.006714912131428719,TN
B,MH-002,MH-002_19.593739_80.355335,0,0.006030117627233267,TN
B,MH-002,MH-002_19.593739_80.355605,0,0.006192438304424286,TN
B,MH-002,MH-002_19.593739_80.355874,0,0.006182372570037842,TN
B,MH-002,MH-002_19.593739_80.356144,0,0.007993956096470356,TN
B,MH-002,MH-002_19.593739_80.356413,0,0.012844054028391838,TN
B,MH-002,MH-002_19.593739_80.356683,0,0.020840199664235115,TN
B,MH-002,MH-002_19.593739_80.356952,0,0.03785068541765213,TN
B,MH-002,MH-002_19.593739_80.357222,1,0.09204519540071487,FN
B,MH-002,MH-002_19.593739_80.357491,1,0.19533498585224152,FN
B,MH-002,MH-002_19.593469_80.335393,0,0.03094237670302391,TN
B,MH-002,MH-002_19.593469_80.335662,0,0.036221738904714584,TN
B,MH-002,MH-002_19.593469_80.335932,0,0.04358505457639694,TN
B,MH-002,MH-002_19.593469_80.336201,0,0.05218391492962837,TN
B,MH-002,MH-002_19.593469_80.336471,0,0.040546175092458725,TN
B,MH-002,MH-002_19.593469_80.337279,1,0.02092611975967884,FN
B,MH-002,MH-002_19.593469_80.337549,1,0.013109834864735603,FN
B,MH-002,MH-002_19.593469_80.337818,0,0.012202894315123558,TN
B,MH-002,MH-002_19.593469_80.338088,0,0.00778879364952445,TN
B,MH-002,MH-002_19.593469_80.338627,0,0.00399436242878437,TN
B,MH-002,MH-002_19.593469_80.338896,0,0.004355279728770256,TN
B,MH-002,MH-002_19.593469_80.339166,0,0.0041515943594276905,TN
B,MH-002,MH-002_19.593469_80.339435,0,0.006122755352407694,TN
B,MH-002,MH-002_19.593469_80.339705,0,0.012138829566538334,TN
B,MH-002,MH-002_19.593469_80.339974,0,0.02855377271771431,TN
B,MH-002,MH-002_19.593469_80.340244,0,0.033913496881723404,TN
B,MH-002,MH-002_19.593469_80.340513,0,0.054251980036497116,TN
B,MH-002,MH-002_19.593469_80.340783,0,0.06732938438653946,TN
B,MH-002,MH-002_19.593469_80.341052,0,0.08300015330314636,TN
B,MH-002,MH-002_19.593469_80.341322,0,0.09392517060041428,TN
B,MH-002,MH-002_19.593469_80.341591,0,0.07341034710407257,TN
B,MH-002,MH-002_19.593469_80.34186,0,0.09027650952339172,TN
B,MH-002,MH-002_19.593469_80.34213,0,0.06305345147848129,TN
B,MH-002,MH-002_19.593469_80.342399,1,0.05392683297395706,FN
B,MH-002,MH-002_19.593469_80.342669,1,0.04040946811437607,FN
B,MH-002,MH-002_19.593469_80.342938,1,0.03286455199122429,FN
B,MH-002,MH-002_19.593469_80.343208,0,0.019145537167787552,TN
B,MH-002,MH-002_19.593469_80.343477,0,0.017027119174599648,TN
B,MH-002,MH-002_19.593469_80.343747,0,0.01715758442878723,TN
B,MH-002,MH-002_19.593469_80.344016,0,0.014999058097600937,TN
B,MH-002,MH-002_19.593469_80.344286,0,0.012278912588953972,TN
B,MH-002,MH-002_19.593469_80.344555,0,0.011852160096168518,TN
B,MH-002,MH-002_19.593469_80.344825,0,0.01730976812541485,TN
B,MH-002,MH-002_19.593469_80.345094,0,0.02257784828543663,TN
B,MH-002,MH-002_19.593469_80.345364,0,0.021170098334550858,TN
B,MH-002,MH-002_19.593469_80.345633,0,0.021565865725278854,TN
B,MH-002,MH-002_19.593469_80.348598,0,0.02182248793542385,TN
B,MH-002,MH-002_19.593469_80.348867,0,0.029329920187592506,TN
B,MH-002,MH-002_19.593469_80.349137,0,0.035720597952604294,TN
B,MH-002,MH-002_19.593469_80.349406,0,0.04307745769619942,TN
B,MH-002,MH-002_19.593469_80.349676,0,0.041648779064416885,TN
B,MH-002,MH-002_19.593469_80.349945,0,0.03661302104592323,TN
B,MH-002,MH-002_19.593469_80.350215,0,0.0364079587161541,TN
B,MH-002,MH-002_19.593469_80.350484,0,0.03334340825676918,TN
B,MH-002,MH-002_19.593469_80.350754,0,0.03482085093855858,TN
B,MH-002,MH-002_19.593469_80.351023,0,0.02951875887811184,TN
B,MH-002,MH-002_19.593469_80.351293,0,0.03197253495454788,TN
B,MH-002,MH-002_19.593469_80.351562,0,0.0335674025118351,TN
B,MH-002,MH-002_19.593469_80.351832,0,0.043635040521621704,TN
B,MH-002,MH-002_19.593469_80.352101,0,0.0363178513944149,TN
B,MH-002,MH-002_19.593469_80.352371,0,0.04079888015985489,TN
B,MH-002,MH-002_19.593469_80.35264,0,0.03433982655405998,TN
B,MH-002,MH-002_19.593469_80.35291,0,0.033289987593889236,TN
B,MH-002,MH-002_19.593469_80.353179,0,0.023787805810570717,TN
B,MH-002,MH-002_19.593469_80.353449,0,0.019717078655958176,TN
B,MH-002,MH-002_19.593469_80.353718,0,0.018022827804088593,TN
B,MH-002,MH-002_19.593469_80.354796,0,0.007568224798887968,TN
B,MH-002,MH-002_19.593469_80.355066,0,0.007533046882599592,TN
B,MH-002,MH-002_19.593469_80.355335,0,0.006888136733323336,TN
B,MH-002,MH-002_19.593469_80.355605,0,0.007691421080380678,TN
B,MH-002,MH-002_19.593469_80.355874,0,0.00817958451807499,TN
B,MH-002,MH-002_19.593469_80.356144,0,0.011403669603168964,TN
B,MH-002,MH-002_19.593469_80.356413,0,0.01678062602877617,TN
B,MH-002,MH-002_19.593469_80.356683,0,0.030818447470664978,TN
B,MH-002,MH-002_19.593469_80.356952,1,0.056473925709724426,FN
B,MH-002,MH-002_19.593469_80.357222,1,0.12419462949037552,FN
B,MH-002,MH-002_19.593469_80.357491,1,0.23981615900993347,FN
B,MH-002,MH-002_19.5932_80.335123,0,0.028622286394238472,TN
B,MH-002,MH-002_19.5932_80.335393,0,0.03169289603829384,TN
B,MH-002,MH-002_19.5932_80.335662,0,0.030083775520324707,TN
B,MH-002,MH-002_19.5932_80.336201,0,0.03228932246565819,TN
B,MH-002,MH-002_19.5932_80.336471,0,0.027914486825466156,TN
B,MH-002,MH-002_19.5932_80.33674,0,0.02468279004096985,TN
B,MH-002,MH-002_19.5932_80.337549,1,0.010401519015431404,FN
B,MH-002,MH-002_19.5932_80.337818,0,0.010431009344756603,TN
B,MH-002,MH-002_19.5932_80.338088,0,0.006847917102277279,TN
B,MH-002,MH-002_19.5932_80.338896,0,0.005375218577682972,TN
B,MH-002,MH-002_19.5932_80.339166,0,0.004647300112992525,TN
B,MH-002,MH-002_19.5932_80.339435,0,0.006817319896072149,TN
B,MH-002,MH-002_19.5932_80.339705,0,0.013306715525686741,TN
B,MH-002,MH-002_19.5932_80.339974,0,0.034009456634521484,TN
B,MH-002,MH-002_19.5932_80.340244,0,0.04745444655418396,TN
B,MH-002,MH-002_19.5932_80.340513,0,0.06460946798324585,TN
B,MH-002,MH-002_19.5932_80.340783,0,0.1122140884399414,TN
B,MH-002,MH-002_19.5932_80.341052,0,0.10513884574174881,TN
B,MH-002,MH-002_19.5932_80.341322,0,0.1480839103460312,TN
B,MH-002,MH-002_19.5932_80.341591,0,0.10191494226455688,TN
B,MH-002,MH-002_19.5932_80.34186,0,0.1307690292596817,TN
B,MH-002,MH-002_19.5932_80.34213,0,0.08867442607879639,TN
B,MH-002,MH-002_19.5932_80.342399,0,0.09624949097633362,TN
B,MH-002,MH-002_19.5932_80.342669,1,0.051977746188640594,FN
B,MH-002,MH-002_19.5932_80.342938,0,0.050891634076833725,TN
B,MH-002,MH-002_19.5932_80.343747,0,0.01654893159866333,TN
B,MH-002,MH-002_19.5932_80.344016,0,0.017884986475110054,TN
B,MH-002,MH-002_19.5932_80.344286,0,0.014478050172328949,TN
B,MH-002,MH-002_19.5932_80.344555,0,0.01416332833468914,TN
B,MH-002,MH-002_19.5932_80.344825,0,0.01927269995212555,TN
B,MH-002,MH-002_19.5932_80.345094,0,0.026327114552259445,TN
B,MH-002,MH-002_19.5932_80.345364,0,0.027682306244969368,TN
B,MH-002,MH-002_19.5932_80.345633,0,0.026165924966335297,TN
B,MH-002,MH-002_19.5932_80.346442,0,0.023326657712459564,TN
B,MH-002,MH-002_19.5932_80.346711,0,0.025376375764608383,TN
B,MH-002,MH-002_19.5932_80.34725,0,0.019896741956472397,TN
B,MH-002,MH-002_19.5932_80.34752,0,0.016432909294962883,TN
B,MH-002,MH-002_19.5932_80.347789,0,0.020635342225432396,TN
B,MH-002,MH-002_19.5932_80.348059,0,0.022549448534846306,TN
B,MH-002,MH-002_19.5932_80.348328,0,0.027604486793279648,TN
B,MH-002,MH-002_19.5932_80.348598,0,0.03570379689335823,TN
B,MH-002,MH-002_19.5932_80.348867,0,0.035321950912475586,TN
B,MH-002,MH-002_19.5932_80.349137,1,0.0433075912296772,FN
B,MH-002,MH-002_19.5932_80.349406,0,0.04248334467411041,TN
B,MH-002,MH-002_19.5932_80.349676,0,0.04092508181929588,TN
B,MH-002,MH-002_19.5932_80.350215,0,0.03472067788243294,TN
B,MH-002,MH-002_19.5932_80.350484,0,0.03274651989340782,TN
B,MH-002,MH-002_19.5932_80.350754,1,0.029619120061397552,FN
B,MH-002,MH-002_19.5932_80.351023,0,0.030440038070082664,TN
B,MH-002,MH-002_19.5932_80.351293,0,0.03024633228778839,TN
B,MH-002,MH-002_19.5932_80.351562,0,0.028026264160871506,TN
B,MH-002,MH-002_19.5932_80.351832,0,0.029189905151724815,TN
B,MH-002,MH-002_19.5932_80.352101,0,0.025853382423520088,TN
B,MH-002,MH-002_19.5932_80.352371,0,0.024348601698875427,TN
B,MH-002,MH-002_19.5932_80.35264,0,0.023816075176000595,TN
B,MH-002,MH-002_19.5932_80.35291,0,0.022945214062929153,TN
B,MH-002,MH-002_19.5932_80.353179,0,0.02100641094148159,TN
B,MH-002,MH-002_19.5932_80.353449,0,0.016943171620368958,TN
B,MH-002,MH-002_19.5932_80.353718,0,0.018100641667842865,TN
B,MH-002,MH-002_19.5932_80.353988,0,0.015486241318285465,TN
B,MH-002,MH-002_19.5932_80.354527,1,0.011947834864258766,FN
B,MH-002,MH-002_19.5932_80.354796,0,0.011938842944800854,TN
B,MH-002,MH-002_19.5932_80.355066,0,0.012024814262986183,TN
B,MH-002,MH-002_19.5932_80.355335,0,0.01084967702627182,TN
B,MH-002,MH-002_19.5932_80.355605,0,0.011445514857769012,TN
B,MH-002,MH-002_19.5932_80.355874,0,0.012771728448569775,TN
B,MH-002,MH-002_19.5932_80.356144,1,0.017922673374414444,FN
B,MH-002,MH-002_19.5932_80.356413,0,0.024077165871858597,TN
B,MH-002,MH-002_19.5932_80.356683,0,0.03941905125975609,TN
B,MH-002,MH-002_19.5932_80.356952,1,0.06103012338280678,FN
B,MH-002,MH-002_19.5932_80.357222,1,0.1341254711151123,FN
B,MH-002,MH-002_19.59293_80.335123,0,0.0334986187517643,TN
B,MH-002,MH-002_19.59293_80.335393,0,0.0347999706864357,TN
B,MH-002,MH-002_19.59293_80.335662,0,0.03574347123503685,TN
B,MH-002,MH-002_19.59293_80.336471,0,0.0222399290651083,TN
B,MH-002,MH-002_19.59293_80.33674,0,0.02466370165348053,TN
B,MH-002,MH-002_19.59293_80.33701,0,0.018557552248239517,TN
B,MH-002,MH-002_19.59293_80.338896,0,0.007682211231440306,TN
B,MH-002,MH-002_19.59293_80.339166,0,0.005463024601340294,TN
B,MH-002,MH-002_19.59293_80.339435,0,0.008820604532957077,TN
B,MH-002,MH-002_19.59293_80.339705,0,0.017131607979536057,TN
B,MH-002,MH-002_19.59293_80.339974,0,0.05147255212068558,TN
B,MH-002,MH-002_19.59293_80.340244,0,0.06445872783660889,TN
B,MH-002,MH-002_19.59293_80.340513,0,0.1035231351852417,TN
B,MH-002,MH-002_19.59293_80.340783,0,0.13137918710708618,TN
B,MH-002,MH-002_19.59293_80.341052,0,0.15488606691360474,TN
B,MH-002,MH-002_19.59293_80.341322,0,0.1551896631717682,TN
B,MH-002,MH-002_19.59293_80.342399,0,0.09347368776798248,TN
B,MH-002,MH-002_19.59293_80.342669,0,0.07225177437067032,TN
B,MH-002,MH-002_19.59293_80.343208,0,0.025604430586099625,TN
B,MH-002,MH-002_19.59293_80.343477,1,0.02053546905517578,FN
B,MH-002,MH-002_19.59293_80.343747,1,0.020416483283042908,FN
B,MH-002,MH-002_19.59293_80.344016,0,0.017343226820230484,TN
B,MH-002,MH-002_19.59293_80.344286,0,0.016638711094856262,TN
B,MH-002,MH-002_19.59293_80.344555,0,0.01658673584461212,TN
B,MH-002,MH-002_19.59293_80.344825,0,0.022388439625501633,TN
B,MH-002,MH-002_19.59293_80.345094,0,0.03246486559510231,TN
B,MH-002,MH-002_19.59293_80.345364,0,0.03776828572154045,TN
B,MH-002,MH-002_19.59293_80.345633,0,0.03673151135444641,TN
B,MH-002,MH-002_19.59293_80.346442,0,0.03265620395541191,TN
B,MH-002,MH-002_19.59293_80.346711,0,0.03544512018561363,TN
B,MH-002,MH-002_19.59293_80.346981,0,0.03085482306778431,TN
B,MH-002,MH-002_19.59293_80.34725,0,0.029078779742121696,TN
B,MH-002,MH-002_19.59293_80.34752,0,0.02225571684539318,TN
B,MH-002,MH-002_19.59293_80.347789,0,0.022155888378620148,TN
B,MH-002,MH-002_19.59293_80.348059,0,0.02596932463347912,TN
B,MH-002,MH-002_19.59293_80.348328,0,0.03190632164478302,TN
B,MH-002,MH-002_19.59293_80.348598,0,0.035218242555856705,TN
B,MH-002,MH-002_19.59293_80.348867,0,0.03711719810962677,TN
B,MH-002,MH-002_19.59293_80.349137,0,0.04626547917723656,TN
B,MH-002,MH-002_19.59293_80.349406,0,0.043789125978946686,TN
B,MH-002,MH-002_19.59293_80.349676,0,0.041372399777173996,TN
B,MH-002,MH-002_19.59293_80.350215,0,0.03403736650943756,TN
B,MH-002,MH-002_19.59293_80.350484,0,0.027873162180185318,TN
B,MH-002,MH-002_19.59293_80.350754,1,0.027482451871037483,FN
B,MH-002,MH-002_19.59293_80.351023,0,0.02551441639661789,TN
B,MH-002,MH-002_19.59293_80.351293,1,0.02341439761221409,FN
B,MH-002,MH-002_19.59293_80.351562,0,0.021432286128401756,TN
B,MH-002,MH-002_19.59293_80.351832,0,0.023148134350776672,TN
B,MH-002,MH-002_19.59293_80.352101,0,0.020587030798196793,TN
B,MH-002,MH-002_19.59293_80.352371,0,0.02054613269865513,TN
B,MH-002,MH-002_19.59293_80.35264,0,0.020036906003952026,TN
B,MH-002,MH-002_19.59293_80.35291,0,0.022082289680838585,TN
B,MH-002,MH-002_19.59293_80.353179,0,0.017768535763025284,TN
B,MH-002,MH-002_19.59293_80.353449,0,0.016925685107707977,TN
B,MH-002,MH-002_19.59293_80.353718,0,0.017146194353699684,TN
B,MH-002,MH-002_19.59293_80.353988,0,0.016373692080378532,TN
B,MH-002,MH-002_19.59293_80.354257,0,0.015914246439933777,TN
B,MH-002,MH-002_19.59293_80.354527,0,0.01621486246585846,TN
B,MH-002,MH-002_19.59293_80.354796,0,0.01499517634510994,TN
B,MH-002,MH-002_19.59293_80.355066,0,0.013494708575308323,TN
B,MH-002,MH-002_19.59293_80.355335,0,0.013541546650230885,TN
B,MH-002,MH-002_19.59293_80.355605,0,0.015325023792684078,TN
B,MH-002,MH-002_19.59293_80.355874,0,0.018642470240592957,TN
B,MH-002,MH-002_19.59293_80.356144,1,0.022250700742006302,FN
B,MH-002,MH-002_19.59293_80.356413,0,0.03668266534805298,TN
B,MH-002,MH-002_19.59293_80.356683,0,0.051911819726228714,TN
B,MH-002,MH-002_19.59293_80.356952,0,0.09129786491394043,TN
B,MH-002,MH-002_19.592661_80.334854,0,0.032501306384801865,TN
B,MH-002,MH-002_19.592661_80.335123,0,0.03432181477546692,TN
B,MH-002,MH-002_19.592661_80.335393,0,0.03566470742225647,TN
B,MH-002,MH-002_19.592661_80.335662,0,0.03114505484700203,TN
B,MH-002,MH-002_19.592661_80.336471,0,0.02602393552660942,TN
B,MH-002,MH-002_19.592661_80.33674,0,0.022499429062008858,TN
B,MH-002,MH-002_19.592661_80.33701,0,0.02246614545583725,TN
B,MH-002,MH-002_19.592661_80.337279,0,0.022749925032258034,TN
B,MH-002,MH-002_19.592661_80.337549,0,0.022697456181049347,TN
B,MH-002,MH-002_19.592661_80.338357,0,0.010094736702740192,TN
B,MH-002,MH-002_19.592661_80.339166,0,0.006886281073093414,TN
B,MH-002,MH-002_19.592661_80.339435,0,0.010229654610157013,TN
B,MH-002,MH-002_19.592661_80.339705,0,0.017233729362487793,TN
B,MH-002,MH-002_19.592661_80.339974,0,0.041107550263404846,TN
B,MH-002,MH-002_19.592661_80.340244,0,0.057333070784807205,TN
B,MH-002,MH-002_19.592661_80.340513,0,0.08818276226520538,TN
B,MH-002,MH-002_19.592661_80.340783,0,0.11899188160896301,TN
B,MH-002,MH-002_19.592661_80.341052,0,0.10323897749185562,TN
B,MH-002,MH-002_19.592661_80.342669,0,0.036787278950214386,TN
B,MH-002,MH-002_19.592661_80.342938,1,0.02608506567776203,FN
B,MH-002,MH-002_19.592661_80.343208,1,0.012601586990058422,FN
B,MH-002,MH-002_19.592661_80.343747,1,0.010488671250641346,FN
B,MH-002,MH-002_19.592661_80.344016,0,0.010482056066393852,TN
B,MH-002,MH-002_19.592661_80.344286,0,0.009201645851135254,TN
B,MH-002,MH-002_19.592661_80.344555,0,0.012780937366187572,TN
B,MH-002,MH-002_19.592661_80.344825,0,0.019067557528614998,TN
B,MH-002,MH-002_19.592661_80.345094,0,0.03621605411171913,TN
B,MH-002,MH-002_19.592661_80.345364,1,0.04410359635949135,FN
B,MH-002,MH-002_19.592661_80.345633,0,0.0500355064868927,TN
B,MH-002,MH-002_19.592661_80.346172,0,0.0520586334168911,TN
B,MH-002,MH-002_19.592661_80.346711,0,0.04986961930990219,TN
B,MH-002,MH-002_19.592661_80.346981,0,0.04886055737733841,TN
B,MH-002,MH-002_19.592661_80.34725,0,0.04430677741765976,TN
B,MH-002,MH-002_19.592661_80.34752,0,0.03235635533928871,TN
B,MH-002,MH-002_19.592661_80.347789,0,0.03321610018610954,TN
B,MH-002,MH-002_19.592661_80.348059,0,0.03576013445854187,TN
B,MH-002,MH-002_19.592661_80.348328,0,0.04000707343220711,TN
B,MH-002,MH-002_19.592661_80.348598,0,0.0397677943110466,TN
B,MH-002,MH-002_19.592661_80.348867,0,0.03859526291489601,TN
B,MH-002,MH-002_19.592661_80.349137,0,0.04901403561234474,TN
B,MH-002,MH-002_19.592661_80.349406,0,0.04820077121257782,TN
B,MH-002,MH-002_19.592661_80.349676,0,0.04180315136909485,TN
B,MH-002,MH-002_19.592661_80.349945,0,0.03392641618847847,TN
B,MH-002,MH-002_19.592661_80.350215,0,0.030096571892499924,TN
B,MH-002,MH-002_19.592661_80.350484,0,0.02683226950466633,TN
B,MH-002,MH-002_19.592661_80.350754,0,0.024693302810192108,TN
B,MH-002,MH-002_19.592661_80.351023,0,0.022236425429582596,TN
B,MH-002,MH-002_19.592661_80.351293,1,0.02193213254213333,FN
B,MH-002,MH-002_19.592661_80.351562,1,0.02161308005452156,FN
B,MH-002,MH-002_19.592661_80.351832,0,0.0204806849360466,TN
B,MH-002,MH-002_19.592661_80.352101,0,0.017108339816331863,TN
B,MH-002,MH-002_19.592661_80.352371,0,0.015842245891690254,TN
B,MH-002,MH-002_19.592661_80.35264,0,0.013969950377941132,TN
B,MH-002,MH-002_19.592661_80.35291,0,0.014252238906919956,TN
B,MH-002,MH-002_19.592661_80.353179,0,0.012785902246832848,TN
B,MH-002,MH-002_19.592661_80.353449,0,0.012565854005515575,TN
B,MH-002,MH-002_19.592661_80.353718,0,0.01475981343537569,TN
B,MH-002,MH-002_19.592661_80.353988,0,0.0163155198097229,TN
B,MH-002,MH-002_19.592661_80.354257,0,0.01813908852636814,TN
B,MH-002,MH-002_19.592661_80.354527,0,0.018226658925414085,TN
B,MH-002,MH-002_19.592661_80.354796,0,0.01755557768046856,TN
B,MH-002,MH-002_19.592661_80.355066,0,0.017573317512869835,TN
B,MH-002,MH-002_19.592661_80.355335,0,0.018089668825268745,TN
B,MH-002,MH-002_19.592661_80.355605,0,0.017952334135770798,TN
B,MH-002,MH-002_19.592661_80.355874,0,0.024585621431469917,TN
B,MH-002,MH-002_19.592661_80.356144,0,0.033033061772584915,TN
B,MH-002,MH-002_19.592661_80.356413,0,0.0434272326529026,TN
B,MH-002,MH-002_19.592661_80.356683,0,0.0545290969312191,TN
B,MH-002,MH-002_19.592661_80.357222,1,0.1993274688720703,FN
B,MH-002,MH-002_19.592661_80.357491,0,0.3560720682144165,FP
B,MH-002,MH-002_19.592391_80.334854,0,0.032926369458436966,TN
B,MH-002,MH-002_19.592391_80.335123,0,0.03817698732018471,TN
B,MH-002,MH-002_19.592391_80.335393,0,0.03418777883052826,TN
B,MH-002,MH-002_19.592391_80.335662,0,0.03337983787059784,TN
B,MH-002,MH-002_19.592391_80.335932,0,0.030314601957798004,TN
B,MH-002,MH-002_19.592391_80.336201,0,0.034325093030929565,TN
B,MH-002,MH-002_19.592391_80.336471,0,0.030277427285909653,TN
B,MH-002,MH-002_19.592391_80.33674,0,0.02992679923772812,TN
B,MH-002,MH-002_19.592391_80.33701,0,0.03148229792714119,TN
B,MH-002,MH-002_19.592391_80.337279,0,0.03220866248011589,TN
B,MH-002,MH-002_19.592391_80.337549,0,0.030750548467040062,TN
B,MH-002,MH-002_19.592391_80.337818,0,0.025620318949222565,TN
B,MH-002,MH-002_19.592391_80.339435,0,0.01647868938744068,TN
B,MH-002,MH-002_19.592391_80.339705,0,0.025285426527261734,TN
B,MH-002,MH-002_19.592391_80.339974,0,0.06861408054828644,TN
B,MH-002,MH-002_19.592391_80.340244,0,0.09241199493408203,TN
B,MH-002,MH-002_19.592391_80.340513,0,0.13189932703971863,TN
B,MH-002,MH-002_19.592391_80.340783,1,0.13288526237010956,FN
B,MH-002,MH-002_19.592391_80.341322,0,0.13570980727672577,TN
B,MH-002,MH-002_19.592391_80.343747,0,0.00670745549723506,TN
B,MH-002,MH-002_19.592391_80.344016,0,0.0070382459089159966,TN
B,MH-002,MH-002_19.592391_80.344286,0,0.007144578266888857,TN
B,MH-002,MH-002_19.592391_80.344555,0,0.009787078015506268,TN
B,MH-002,MH-002_19.592391_80.344825,0,0.01769370026886463,TN
B,MH-002,MH-002_19.592391_80.345094,0,0.03197111189365387,TN
B,MH-002,MH-002_19.592391_80.345364,1,0.04821992665529251,FN
B,MH-002,MH-002_19.592391_80.346172,0,0.0688810721039772,TN
B,MH-002,MH-002_19.592391_80.346442,0,0.06897354871034622,TN
B,MH-002,MH-002_19.592391_80.346981,0,0.06967630982398987,TN
B,MH-002,MH-002_19.592391_80.34725,0,0.0561954528093338,TN
B,MH-002,MH-002_19.592391_80.34752,0,0.04483209550380707,TN
B,MH-002,MH-002_19.592391_80.347789,0,0.03801063820719719,TN
B,MH-002,MH-002_19.592391_80.348059,0,0.0366051010787487,TN
B,MH-002,MH-002_19.592391_80.348328,0,0.041533462703228,TN
B,MH-002,MH-002_19.592391_80.348598,0,0.03628408536314964,TN
B,MH-002,MH-002_19.592391_80.348867,0,0.037684857845306396,TN
B,MH-002,MH-002_19.592391_80.349137,0,0.05251612514257431,TN
B,MH-002,MH-002_19.592391_80.349406,0,0.05127840116620064,TN
B,MH-002,MH-002_19.592391_80.349676,0,0.04313505068421364,TN
B,MH-002,MH-002_19.592391_80.349945,0,0.032329194247722626,TN
B,MH-002,MH-002_19.592391_80.350215,0,0.02874382585287094,TN
B,MH-002,MH-002_19.592391_80.350484,0,0.02493690885603428,TN
B,MH-002,MH-002_19.592391_80.350754,0,0.02255277708172798,TN
B,MH-002,MH-002_19.592391_80.351023,0,0.01863725297152996,TN
B,MH-002,MH-002_19.592391_80.351293,0,0.019547337666153908,TN
B,MH-002,MH-002_19.592391_80.351562,0,0.018409935757517815,TN
B,MH-002,MH-002_19.592391_80.351832,0,0.017810169607400894,TN
B,MH-002,MH-002_19.592391_80.352101,0,0.014738844707608223,TN
B,MH-002,MH-002_19.592391_80.352371,0,0.013285927474498749,TN
B,MH-002,MH-002_19.592391_80.35264,0,0.011938533745706081,TN
B,MH-002,MH-002_19.592391_80.35291,0,0.012206822633743286,TN
B,MH-002,MH-002_19.592391_80.353179,0,0.011111529543995857,TN
B,MH-002,MH-002_19.592391_80.353449,0,0.011686592362821102,TN
B,MH-002,MH-002_19.592391_80.353718,0,0.015449744649231434,TN
B,MH-002,MH-002_19.592391_80.353988,0,0.016439631581306458,TN
B,MH-002,MH-002_19.592391_80.354257,0,0.017618514597415924,TN
B,MH-002,MH-002_19.592391_80.354527,0,0.017468933016061783,TN
B,MH-002,MH-002_19.592391_80.354796,0,0.019443843513727188,TN
B,MH-002,MH-002_19.592391_80.355066,1,0.021260684356093407,FN
B,MH-002,MH-002_19.592391_80.355335,1,0.020996665582060814,FN
B,MH-002,MH-002_19.592391_80.355605,0,0.02619910053908825,TN
B,MH-002,MH-002_19.592391_80.355874,0,0.029909858480095863,TN
B,MH-002,MH-002_19.592391_80.356144,0,0.03972320631146431,TN
B,MH-002,MH-002_19.592391_80.356413,1,0.056726764887571335,FN
B,MH-002,MH-002_19.592391_80.357491,0,0.399944931268692,FP
B,MH-002,MH-002_19.592122_80.334854,0,0.033584777265787125,TN
B,MH-002,MH-002_19.592122_80.335123,0,0.03736591339111328,TN
B,MH-002,MH-002_19.592122_80.335393,0,0.03398860991001129,TN
B,MH-002,MH-002_19.592122_80.335662,0,0.031839337199926376,TN
B,MH-002,MH-002_19.592122_80.335932,0,0.0340563990175724,TN
B,MH-002,MH-002_19.592122_80.336201,0,0.03250746801495552,TN
B,MH-002,MH-002_19.592122_80.336471,0,0.03461949899792671,TN
B,MH-002,MH-002_19.592122_80.33674,0,0.03409969434142113,TN
B,MH-002,MH-002_19.592122_80.33701,0,0.03727645054459572,TN
B,MH-002,MH-002_19.592122_80.337279,0,0.03838738054037094,TN
B,MH-002,MH-002_19.592122_80.337549,0,0.039788298308849335,TN
B,MH-002,MH-002_19.592122_80.337818,0,0.02858424186706543,TN
B,MH-002,MH-002_19.592122_80.339974,0,0.05960874632000923,TN
B,MH-002,MH-002_19.592122_80.341052,1,0.17332138121128082,FN
B,MH-002,MH-002_19.592122_80.341322,1,0.21527519822120667,FN
B,MH-002,MH-002_19.592122_80.34186,0,0.09954479336738586,TN
B,MH-002,MH-002_19.592122_80.342399,1,0.034680046141147614,FN
B,MH-002,MH-002_19.592122_80.343747,0,0.00527080288156867,TN
B,MH-002,MH-002_19.592122_80.344016,0,0.006154695060104132,TN
B,MH-002,MH-002_19.592122_80.344286,0,0.005769320297986269,TN
B,MH-002,MH-002_19.592122_80.344555,0,0.008132732473313808,TN
B,MH-002,MH-002_19.592122_80.344825,0,0.014867790043354034,TN
B,MH-002,MH-002_19.592122_80.345094,0,0.02878294140100479,TN
B,MH-002,MH-002_19.592122_80.345364,1,0.043834343552589417,FN
B,MH-002,MH-002_19.592122_80.34725,0,0.07297635078430176,TN
B,MH-002,MH-002_19.592122_80.34752,0,0.05163833126425743,TN
B,MH-002,MH-002_19.592122_80.347789,0,0.05214543640613556,TN
B,MH-002,MH-002_19.592122_80.348059,0,0.055447161197662354,TN
B,MH-002,MH-002_19.592122_80.348328,0,0.053885042667388916,TN
B,MH-002,MH-002_19.592122_80.348598,0,0.04781525954604149,TN
B,MH-002,MH-002_19.592122_80.348867,0,0.040999896824359894,TN
B,MH-002,MH-002_19.592122_80.349137,0,0.053693849593400955,TN
B,MH-002,MH-002_19.592122_80.349406,0,0.04967223107814789,TN
B,MH-002,MH-002_19.592122_80.349676,0,0.04196293652057648,TN
B,MH-002,MH-002_19.592122_80.349945,0,0.03205376863479614,TN
B,MH-002,MH-002_19.592122_80.350215,0,0.02847810834646225,TN
B,MH-002,MH-002_19.592122_80.350484,0,0.02429777756333351,TN
B,MH-002,MH-002_19.592122_80.350754,0,0.020343046635389328,TN
B,MH-002,MH-002_19.592122_80.351023,0,0.01696128211915493,TN
B,MH-002,MH-002_19.592122_80.351293,0,0.017001502215862274,TN
B,MH-002,MH-002_19.592122_80.351562,0,0.016962284222245216,TN
B,MH-002,MH-002_19.592122_80.351832,0,0.014720112085342407,TN
B,MH-002,MH-002_19.592122_80.352101,0,0.01349064614623785,TN
B,MH-002,MH-002_19.592122_80.352371,1,0.012048465199768543,FN
B,MH-002,MH-002_19.592122_80.35264,1,0.010414646938443184,FN
B,MH-002,MH-002_19.592122_80.35291,0,0.009076262824237347,TN
B,MH-002,MH-002_19.592122_80.353179,0,0.008922997862100601,TN
B,MH-002,MH-002_19.592122_80.353449,1,0.008990317583084106,FN
B,MH-002,MH-002_19.592122_80.353718,0,0.011964322067797184,TN
B,MH-002,MH-002_19.592122_80.353988,0,0.013896170072257519,TN
B,MH-002,MH-002_19.592122_80.354257,0,0.015948843210935593,TN
B,MH-002,MH-002_19.592122_80.354527,0,0.016887769103050232,TN
B,MH-002,MH-002_19.592122_80.354796,0,0.019274558871984482,TN
B,MH-002,MH-002_19.592122_80.355066,1,0.021373456344008446,FN
B,MH-002,MH-002_19.592122_80.355335,1,0.022412048652768135,FN
B,MH-002,MH-002_19.592122_80.355605,0,0.02771751582622528,TN
B,MH-002,MH-002_19.592122_80.355874,0,0.033961646258831024,TN
B,MH-002,MH-002_19.592122_80.356144,0,0.04534702003002167,TN
B,MH-002,MH-002_19.592122_80.356413,1,0.05863450467586517,FN
B,MH-002,MH-002_19.591852_80.334854,0,0.03471454232931137,TN
B,MH-002,MH-002_19.591852_80.335123,0,0.03556336462497711,TN
B,MH-002,MH-002_19.591852_80.335393,0,0.030055871233344078,TN
B,MH-002,MH-002_19.591852_80.335662,0,0.03325619176030159,TN
B,MH-002,MH-002_19.591852_80.335932,0,0.03312878683209419,TN
B,MH-002,MH-002_19.591852_80.336201,0,0.03389861062169075,TN
B,MH-002,MH-002_19.591852_80.336471,0,0.03649916499853134,TN
B,MH-002,MH-002_19.591852_80.33674,0,0.03342654928565025,TN
B,MH-002,MH-002_19.591852_80.33701,0,0.03579594939947128,TN
B,MH-002,MH-002_19.591852_80.337279,0,0.038374051451683044,TN
B,MH-002,MH-002_19.591852_80.337549,0,0.03945351764559746,TN
B,MH-002,MH-002_19.591852_80.337818,0,0.039585694670677185,TN
B,MH-002,MH-002_19.591852_80.338088,0,0.03192020580172539,TN
B,MH-002,MH-002_19.591852_80.339166,0,0.01306157372891903,TN
B,MH-002,MH-002_19.591852_80.339435,0,0.018474232405424118,TN
B,MH-002,MH-002_19.591852_80.341322,1,0.1413336545228958,FN
B,MH-002,MH-002_19.591852_80.34186,0,0.04699976369738579,TN
B,MH-002,MH-002_19.591852_80.342399,0,0.012942749075591564,TN
B,MH-002,MH-002_19.591852_80.342669,0,0.0075726816430687904,TN
B,MH-002,MH-002_19.591852_80.342938,0,0.005260872188955545,TN
B,MH-002,MH-002_19.591852_80.343208,0,0.00379219395108521,TN
B,MH-002,MH-002_19.591852_80.343477,0,0.0038338054437190294,TN
B,MH-002,MH-002_19.591852_80.343747,0,0.004370018839836121,TN
B,MH-002,MH-002_19.591852_80.344016,0,0.005341441370546818,TN
B,MH-002,MH-002_19.591852_80.344286,0,0.0056534442119300365,TN
B,MH-002,MH-002_19.591852_80.344555,0,0.00846603699028492,TN
B,MH-002,MH-002_19.591852_80.344825,0,0.01605720818042755,TN
B,MH-002,MH-002_19.591852_80.345094,0,0.029762757942080498,TN
B,MH-002,MH-002_19.591852_80.345364,0,0.052427858114242554,TN
B,MH-002,MH-002_19.591852_80.345633,0,0.06027529388666153,TN
B,MH-002,MH-002_19.591852_80.346442,0,0.08850102871656418,TN
B,MH-002,MH-002_19.591852_80.346711,0,0.0755540281534195,TN
B,MH-002,MH-002_19.591852_80.34725,0,0.0621635876595974,TN
B,MH-002,MH-002_19.591852_80.34752,0,0.05409219488501549,TN
B,MH-002,MH-002_19.591852_80.347789,0,0.04555223509669304,TN
B,MH-002,MH-002_19.591852_80.348059,0,0.04908610135316849,TN
B,MH-002,MH-002_19.591852_80.348328,0,0.05671561136841774,TN
B,MH-002,MH-002_19.591852_80.348598,0,0.05274709314107895,TN
B,MH-002,MH-002_19.591852_80.348867,0,0.049284711480140686,TN
B,MH-002,MH-002_19.591852_80.349137,0,0.054074157029390335,TN
B,MH-002,MH-002_19.591852_80.349406,0,0.055344268679618835,TN
B,MH-002,MH-002_19.591852_80.349676,0,0.04699476808309555,TN
B,MH-002,MH-002_19.591852_80.349945,0,0.03682049363851547,TN
B,MH-002,MH-002_19.591852_80.350215,0,0.02937997505068779,TN
B,MH-002,MH-002_19.591852_80.350484,0,0.02597278729081154,TN
B,MH-002,MH-002_19.591852_80.350754,0,0.021118395030498505,TN
B,MH-002,MH-002_19.591852_80.351023,0,0.018091930076479912,TN
B,MH-002,MH-002_19.591852_80.351293,0,0.01820097491145134,TN
B,MH-002,MH-002_19.591852_80.351562,0,0.016148561611771584,TN
B,MH-002,MH-002_19.591852_80.351832,1,0.016150236129760742,FN
B,MH-002,MH-002_19.591852_80.352101,0,0.013759774155914783,TN
B,MH-002,MH-002_19.591852_80.352371,0,0.013218131847679615,TN
B,MH-002,MH-002_19.591852_80.35264,0,0.011127179488539696,TN
B,MH-002,MH-002_19.591852_80.35291,0,0.010841179639101028,TN
B,MH-002,MH-002_19.591852_80.353179,0,0.008828057907521725,TN
B,MH-002,MH-002_19.591852_80.353449,0,0.009946444071829319,TN
B,MH-002,MH-002_19.591852_80.353718,0,0.011101500131189823,TN
B,MH-002,MH-002_19.591852_80.353988,0,0.013896855525672436,TN
B,MH-002,MH-002_19.591852_80.354257,0,0.01442875899374485,TN
B,MH-002,MH-002_19.591852_80.354527,0,0.014942284673452377,TN
B,MH-002,MH-002_19.591852_80.354796,0,0.01672547124326229,TN
B,MH-002,MH-002_19.591852_80.355066,1,0.0219661183655262,FN
B,MH-002,MH-002_19.591852_80.355335,0,0.02766239270567894,TN
B,MH-002,MH-002_19.591852_80.355605,0,0.0403253473341465,TN
B,MH-002,MH-002_19.591852_80.355874,0,0.05157662555575371,TN
B,MH-002,MH-002_19.591852_80.356144,0,0.07193492352962494,TN
B,MH-002,MH-002_19.591852_80.356952,1,0.13590407371520996,FN
B,MH-002,MH-002_19.591852_80.357222,0,0.21513210237026215,TN
B,MH-002,MH-002_19.591583_80.334854,0,0.039286017417907715,TN
B,MH-002,MH-002_19.591583_80.335123,0,0.03933478146791458,TN
B,MH-002,MH-002_19.591583_80.335393,0,0.038202472031116486,TN
B,MH-002,MH-002_19.591583_80.335662,0,0.0372452586889267,TN
B,MH-002,MH-002_19.591583_80.335932,0,0.03911307081580162,TN
B,MH-002,MH-002_19.591583_80.336201,0,0.03484203666448593,TN
B,MH-002,MH-002_19.591583_80.336471,0,0.03734791651368141,TN
B,MH-002,MH-002_19.591583_80.33674,0,0.030847322195768356,TN
B,MH-002,MH-002_19.591583_80.33701,0,0.034659553319215775,TN
B,MH-002,MH-002_19.591583_80.337279,0,0.036119211465120316,TN
B,MH-002,MH-002_19.591583_80.337549,0,0.04199080169200897,TN
B,MH-002,MH-002_19.591583_80.337818,0,0.035793036222457886,TN
B,MH-002,MH-002_19.591583_80.338088,0,0.038481272757053375,TN
B,MH-002,MH-002_19.591583_80.338357,0,0.02769090048968792,TN
B,MH-002,MH-002_19.591583_80.339435,0,0.014874853193759918,TN
B,MH-002,MH-002_19.591583_80.339705,0,0.016643783077597618,TN
B,MH-002,MH-002_19.591583_80.339974,0,0.028749143704771996,TN
B,MH-002,MH-002_19.591583_80.340244,0,0.029740815982222557,TN
B,MH-002,MH-002_19.591583_80.340513,0,0.0961383581161499,TN
B,MH-002,MH-002_19.591583_80.340783,0,0.09780383110046387,TN
B,MH-002,MH-002_19.591583_80.341052,1,0.09983448684215546,FN
B,MH-002,MH-002_19.591583_80.341322,1,0.08800096064805984,FN
B,MH-002,MH-002_19.591583_80.341591,1,0.03991800174117088,FN
B,MH-002,MH-002_19.591583_80.343477,0,0.0044922297820448875,TN
B,MH-002,MH-002_19.591583_80.343747,0,0.0035825420636683702,TN
B,MH-002,MH-002_19.591583_80.344016,0,0.0037387434858828783,TN
B,MH-002,MH-002_19.591583_80.344286,0,0.0044167800806462765,TN
B,MH-002,MH-002_19.591583_80.344555,0,0.008355027996003628,TN
B,MH-002,MH-002_19.591583_80.344825,0,0.01288161613047123,TN
B,MH-002,MH-002_19.591583_80.345094,0,0.026238860562443733,TN
B,MH-002,MH-002_19.591583_80.345364,0,0.03775063157081604,TN
B,MH-002,MH-002_19.591583_80.345633,0,0.042363241314888,TN
B,MH-002,MH-002_19.591583_80.345903,0,0.06761620193719864,TN
B,MH-002,MH-002_19.591583_80.346172,0,0.05761510878801346,TN
B,MH-002,MH-002_19.591583_80.346442,0,0.05916042998433113,TN
B,MH-002,MH-002_19.591583_80.346711,0,0.05018949136137962,TN
B,MH-002,MH-002_19.591583_80.346981,0,0.05277624726295471,TN
B,MH-002,MH-002_19.591583_80.34725,0,0.05145558342337608,TN
B,MH-002,MH-002_19.591583_80.34752,0,0.04256019368767738,TN
B,MH-002,MH-002_19.591583_80.347789,0,0.03904580697417259,TN
B,MH-002,MH-002_19.591583_80.348059,0,0.04306484013795853,TN
B,MH-002,MH-002_19.591583_80.348328,0,0.047365304082632065,TN
B,MH-002,MH-002_19.591583_80.348598,0,0.04946223646402359,TN
B,MH-002,MH-002_19.591583_80.348867,0,0.045347243547439575,TN
B,MH-002,MH-002_19.591583_80.349137,1,0.05020321160554886,FN
B,MH-002,MH-002_19.591583_80.349406,0,0.05047392472624779,TN
B,MH-002,MH-002_19.591583_80.349676,0,0.041260384023189545,TN
B,MH-002,MH-002_19.591583_80.349945,0,0.034367162734270096,TN
B,MH-002,MH-002_19.591583_80.350215,0,0.026363087818026543,TN
B,MH-002,MH-002_19.591583_80.350484,0,0.02337580919265747,TN
B,MH-002,MH-002_19.591583_80.350754,0,0.01788158528506756,TN
B,MH-002,MH-002_19.591583_80.351023,0,0.01487123966217041,TN
B,MH-002,MH-002_19.591583_80.351293,0,0.014913584105670452,TN
B,MH-002,MH-002_19.591583_80.351562,1,0.015280244871973991,FN
B,MH-002,MH-002_19.591583_80.351832,1,0.014874866232275963,FN
B,MH-002,MH-002_19.591583_80.352101,0,0.011000287719070911,TN
B,MH-002,MH-002_19.591583_80.352371,0,0.013710817322134972,TN
B,MH-002,MH-002_19.591583_80.35264,0,0.009931921027600765,TN
B,MH-002,MH-002_19.591583_80.35291,0,0.011745519936084747,TN
B,MH-002,MH-002_19.591583_80.353179,1,0.008596430532634258,FN
B,MH-002,MH-002_19.591583_80.353449,0,0.009954805485904217,TN
B,MH-002,MH-002_19.591583_80.353718,0,0.01004138495773077,TN
B,MH-002,MH-002_19.591583_80.353988,0,0.011655927635729313,TN
B,MH-002,MH-002_19.591583_80.354257,0,0.011943585239350796,TN
B,MH-002,MH-002_19.591583_80.354527,0,0.014611626043915749,TN
B,MH-002,MH-002_19.591583_80.354796,0,0.016505451872944832,TN
B,MH-002,MH-002_19.591583_80.355066,0,0.02000400237739086,TN
B,MH-002,MH-002_19.591583_80.355335,0,0.026758376508951187,TN
B,MH-002,MH-002_19.591583_80.355605,0,0.039016369730234146,TN
B,MH-002,MH-002_19.591583_80.355874,0,0.054004210978746414,TN
B,MH-002,MH-002_19.591583_80.356413,1,0.09400009363889694,FN
B,MH-002,MH-002_19.591583_80.356952,0,0.1526980847120285,TN
B,MH-002,MH-002_19.591583_80.357222,0,0.1918289065361023,TN
B,MH-002,MH-002_19.591313_80.334854,0,0.04913639277219772,TN
B,MH-002,MH-002_19.591313_80.335123,0,0.047596536576747894,TN
B,MH-002,MH-002_19.591313_80.335393,0,0.041704289615154266,TN
B,MH-002,MH-002_19.591313_80.335662,0,0.04471452534198761,TN
B,MH-002,MH-002_19.591313_80.335932,0,0.04279235750436783,TN
B,MH-002,MH-002_19.591313_80.336201,0,0.04371391981840134,TN
B,MH-002,MH-002_19.591313_80.336471,0,0.042236410081386566,TN
B,MH-002,MH-002_19.591313_80.33674,0,0.038901187479496,TN
B,MH-002,MH-002_19.591313_80.33701,0,0.03606945648789406,TN
B,MH-002,MH-002_19.591313_80.337279,0,0.041780248284339905,TN
B,MH-002,MH-002_19.591313_80.337549,0,0.046577513217926025,TN
B,MH-002,MH-002_19.591313_80.337818,0,0.04581081122159958,TN
B,MH-002,MH-002_19.591313_80.338088,0,0.041025031358003616,TN
B,MH-002,MH-002_19.591313_80.338357,0,0.03858024254441261,TN
B,MH-002,MH-002_19.591313_80.338627,0,0.02734118141233921,TN
B,MH-002,MH-002_19.591313_80.338896,0,0.01887410506606102,TN
B,MH-002,MH-002_19.591313_80.339435,0,0.014599485322833061,TN
B,MH-002,MH-002_19.591313_80.339705,0,0.01504359021782875,TN
B,MH-002,MH-002_19.591313_80.339974,0,0.026084452867507935,TN
B,MH-002,MH-002_19.591313_80.340244,0,0.025534631684422493,TN
B,MH-002,MH-002_19.591313_80.340513,0,0.06093569099903107,TN
B,MH-002,MH-002_19.591313_80.340783,1,0.07068344950675964,FN
B,MH-002,MH-002_19.591313_80.341052,1,0.053948014974594116,FN
B,MH-002,MH-002_19.591313_80.341322,1,0.04736323654651642,FN
B,MH-002,MH-002_19.591313_80.341591,1,0.02372681349515915,FN
B,MH-002,MH-002_19.591313_80.34186,1,0.012870555743575096,FN
B,MH-002,MH-002_19.591313_80.343477,0,0.002042406005784869,TN
B,MH-002,MH-002_19.591313_80.343747,0,0.0022217773366719484,TN
B,MH-002,MH-002_19.591313_80.344016,0,0.0022071197163313627,TN
B,MH-002,MH-002_19.591313_80.344286,0,0.0026563582941889763,TN
B,MH-002,MH-002_19.591313_80.344555,0,0.005392738152295351,TN
B,MH-002,MH-002_19.591313_80.344825,0,0.011635258793830872,TN
B,MH-002,MH-002_19.591313_80.345094,0,0.023888057097792625,TN
B,MH-002,MH-002_19.591313_80.345364,0,0.035822879523038864,TN
B,MH-002,MH-002_19.591313_80.345633,0,0.038312625139951706,TN
B,MH-002,MH-002_19.591313_80.345903,0,0.05887613818049431,TN
B,MH-002,MH-002_19.591313_80.346172,0,0.046142756938934326,TN
B,MH-002,MH-002_19.591313_80.346442,0,0.059450335800647736,TN
B,MH-002,MH-002_19.591313_80.346711,0,0.03585333749651909,TN
B,MH-002,MH-002_19.591313_80.346981,0,0.05070211738348007,TN
B,MH-002,MH-002_19.591313_80.34725,0,0.035690177232027054,TN
B,MH-002,MH-002_19.591313_80.34752,0,0.035554591566324234,TN
B,MH-002,MH-002_19.591313_80.347789,0,0.027915308251976967,TN
B,MH-002,MH-002_19.591313_80.348059,0,0.033384207636117935,TN
B,MH-002,MH-002_19.591313_80.348328,0,0.036808744072914124,TN
B,MH-002,MH-002_19.591313_80.348598,0,0.038703061640262604,TN
B,MH-002,MH-002_19.591313_80.348867,0,0.041756026446819305,TN
B,MH-002,MH-002_19.591313_80.349137,1,0.04793965443968773,FN
B,MH-002,MH-002_19.591313_80.349406,0,0.05755642056465149,TN
B,MH-002,MH-002_19.591313_80.349676,0,0.04595902934670448,TN
B,MH-002,MH-002_19.591313_80.349945,0,0.03887513279914856,TN
B,MH-002,MH-002_19.591313_80.350215,0,0.02470860257744789,TN
B,MH-002,MH-002_19.591313_80.350484,0,0.01996033824980259,TN
B,MH-002,MH-002_19.591313_80.350754,0,0.015545522794127464,TN
B,MH-002,MH-002_19.591313_80.351023,0,0.01420297846198082,TN
B,MH-002,MH-002_19.591313_80.351293,0,0.015230338089168072,TN
B,MH-002,MH-002_19.591313_80.351562,0,0.014512327499687672,TN
B,MH-002,MH-002_19.591313_80.351832,1,0.01532336138188839,FN
B,MH-002,MH-002_19.591313_80.352101,0,0.011894246563315392,TN
B,MH-002,MH-002_19.591313_80.352371,0,0.013274910859763622,TN
B,MH-002,MH-002_19.591313_80.35264,0,0.010740836150944233,TN
B,MH-002,MH-002_19.591313_80.35291,0,0.011477108113467693,TN
B,MH-002,MH-002_19.591313_80.353449,1,0.009469365701079369,FN
B,MH-002,MH-002_19.591313_80.353718,0,0.009964942932128906,TN
B,MH-002,MH-002_19.591313_80.353988,0,0.011073659174144268,TN
B,MH-002,MH-002_19.591313_80.354257,0,0.01149666029959917,TN
B,MH-002,MH-002_19.591313_80.354527,0,0.012940100394189358,TN
B,MH-002,MH-002_19.591313_80.354796,0,0.01581781916320324,TN
B,MH-002,MH-002_19.591313_80.355066,0,0.021919503808021545,TN
B,MH-002,MH-002_19.591313_80.355335,0,0.029173003509640694,TN
B,MH-002,MH-002_19.591313_80.355605,0,0.05001918971538544,TN
B,MH-002,MH-002_19.591313_80.355874,0,0.06664688885211945,TN
B,MH-002,MH-002_19.591313_80.356144,0,0.09646578133106232,TN
B,MH-002,MH-002_19.591313_80.356952,0,0.16467300057411194,TN
B,MH-002,MH-002_19.591044_80.334854,0,0.06948903203010559,TN
B,MH-002,MH-002_19.591044_80.335123,0,0.05836758017539978,TN
B,MH-002,MH-002_19.591044_80.335393,0,0.053524985909461975,TN
B,MH-002,MH-002_19.591044_80.335662,0,0.04854315519332886,TN
B,MH-002,MH-002_19.591044_80.335932,0,0.044937364757061005,TN
B,MH-002,MH-002_19.591044_80.336201,0,0.04588021710515022,TN
B,MH-002,MH-002_19.591044_80.336471,0,0.04128771647810936,TN
B,MH-002,MH-002_19.591044_80.33674,0,0.04355667904019356,TN
B,MH-002,MH-002_19.591044_80.33701,0,0.04280230030417442,TN
B,MH-002,MH-002_19.591044_80.337279,0,0.04498901218175888,TN
B,MH-002,MH-002_19.591044_80.337549,0,0.05688849464058876,TN
B,MH-002,MH-002_19.591044_80.337818,0,0.045693539083004,TN
B,MH-002,MH-002_19.591044_80.338088,0,0.048347510397434235,TN
B,MH-002,MH-002_19.591044_80.338357,0,0.030882325023412704,TN
B,MH-002,MH-002_19.591044_80.338627,0,0.02816232293844223,TN
B,MH-002,MH-002_19.591044_80.338896,0,0.0179784893989563,TN
B,MH-002,MH-002_19.591044_80.339166,0,0.012081596069037914,TN
B,MH-002,MH-002_19.591044_80.341591,1,0.023953570052981377,FN
B,MH-002,MH-002_19.591044_80.34186,0,0.010293254628777504,TN
B,MH-002,MH-002_19.591044_80.34213,0,0.003712915815412998,TN
B,MH-002,MH-002_19.591044_80.342669,1,0.0016710263444110751,FN
B,MH-002,MH-002_19.591044_80.343747,0,0.0023274701088666916,TN
B,MH-002,MH-002_19.591044_80.344016,0,0.0026713211555033922,TN
B,MH-002,MH-002_19.591044_80.344286,0,0.0024858105462044477,TN
B,MH-002,MH-002_19.591044_80.344555,0,0.0045713940635323524,TN
B,MH-002,MH-002_19.591044_80.344825,0,0.007728561758995056,TN
B,MH-002,MH-002_19.591044_80.345094,0,0.016985740512609482,TN
B,MH-002,MH-002_19.591044_80.345364,0,0.029068293049931526,TN
B,MH-002,MH-002_19.591044_80.345633,0,0.03227918595075607,TN
B,MH-002,MH-002_19.591044_80.345903,0,0.046337518841028214,TN
B,MH-002,MH-002_19.591044_80.346172,0,0.042124029248952866,TN
B,MH-002,MH-002_19.591044_80.346442,1,0.05281174182891846,FN
B,MH-002,MH-002_19.591044_80.34725,0,0.03099917620420456,TN
B,MH-002,MH-002_19.591044_80.34752,0,0.029727885499596596,TN
B,MH-002,MH-002_19.591044_80.347789,0,0.022485967725515366,TN
B,MH-002,MH-002_19.591044_80.348059,0,0.026890264824032784,TN
B,MH-002,MH-002_19.591044_80.348328,0,0.028669508174061775,TN
B,MH-002,MH-002_19.591044_80.348598,0,0.03098229318857193,TN
B,MH-002,MH-002_19.591044_80.348867,0,0.03879804164171219,TN
B,MH-002,MH-002_19.591044_80.349137,0,0.04187222570180893,TN
B,MH-002,MH-002_19.591044_80.349406,0,0.05399420112371445,TN
B,MH-002,MH-002_19.591044_80.349676,0,0.04423890635371208,TN
B,MH-002,MH-002_19.591044_80.349945,0,0.037949468940496445,TN
B,MH-002,MH-002_19.591044_80.350215,0,0.023681538179516792,TN
B,MH-002,MH-002_19.591044_80.350484,0,0.017965218052268028,TN
B,MH-002,MH-002_19.591044_80.350754,0,0.014426304027438164,TN
B,MH-002,MH-002_19.591044_80.351023,0,0.013303310610353947,TN
B,MH-002,MH-002_19.591044_80.351293,0,0.013501197099685669,TN
B,MH-002,MH-002_19.591044_80.352371,0,0.01311317179352045,TN
B,MH-002,MH-002_19.591044_80.35264,0,0.010138486512005329,TN
B,MH-002,MH-002_19.591044_80.353718,0,0.00991850532591343,TN
B,MH-002,MH-002_19.591044_80.353988,0,0.011699437163770199,TN
B,MH-002,MH-002_19.591044_80.354257,0,0.011864401400089264,TN
B,MH-002,MH-002_19.591044_80.354527,0,0.013353577814996243,TN
B,MH-002,MH-002_19.591044_80.354796,0,0.013462497852742672,TN
B,MH-002,MH-002_19.591044_80.355066,0,0.016280286014080048,TN
B,MH-002,MH-002_19.591044_80.355335,0,0.023759331554174423,TN
B,MH-002,MH-002_19.591044_80.355605,1,0.040313541889190674,FN
B,MH-002,MH-002_19.591044_80.355874,1,0.05586664751172066,FN
B,MH-002,MH-002_19.591044_80.356144,1,0.0919620543718338,FN
B,MH-002,MH-002_19.591044_80.356952,0,0.1990210860967636,TN
B,MH-002,MH-002_19.591044_80.357222,0,0.24826306104660034,TN
B,MH-002,MH-002_19.590774_80.334854,0,0.10047770291566849,TN
B,MH-002,MH-002_19.590774_80.335123,0,0.08361314982175827,TN
B,MH-002,MH-002_19.590774_80.335393,0,0.07169032096862793,TN
B,MH-002,MH-002_19.590774_80.335662,0,0.06618010252714157,TN
B,MH-002,MH-002_19.590774_80.335932,0,0.05944683030247688,TN
B,MH-002,MH-002_19.590774_80.336201,0,0.05623818188905716,TN
B,MH-002,MH-002_19.590774_80.336471,0,0.048745810985565186,TN
B,MH-002,MH-002_19.590774_80.33674,0,0.04953997582197189,TN
B,MH-002,MH-002_19.590774_80.33701,0,0.0444488450884819,TN
B,MH-002,MH-002_19.590774_80.337279,0,0.049927663058042526,TN
B,MH-002,MH-002_19.590774_80.337549,0,0.047980520874261856,TN
B,MH-002,MH-002_19.590774_80.337818,1,0.04648808762431145,FN
B,MH-002,MH-002_19.590774_80.338088,0,0.042281728237867355,TN
B,MH-002,MH-002_19.590774_80.338357,0,0.035297974944114685,TN
B,MH-002,MH-002_19.590774_80.338627,0,0.02450738474726677,TN
B,MH-002,MH-002_19.590774_80.338896,0,0.01759779267013073,TN
B,MH-002,MH-002_19.590774_80.339166,0,0.012965063564479351,TN
B,MH-002,MH-002_19.590774_80.339435,0,0.012260154820978642,TN
B,MH-002,MH-002_19.590774_80.34186,0,0.006734353490173817,TN
B,MH-002,MH-002_19.590774_80.34213,0,0.002466510282829404,TN
B,MH-002,MH-002_19.590774_80.342399,1,0.0016569779254496098,FN
B,MH-002,MH-002_19.590774_80.342938,0,0.0008068456081673503,TN
B,MH-002,MH-002_19.590774_80.344016,0,0.001827613334171474,TN
B,MH-002,MH-002_19.590774_80.344286,0,0.002102307276800275,TN
B,MH-002,MH-002_19.590774_80.344555,0,0.004160898271948099,TN
B,MH-002,MH-002_19.590774_80.344825,0,0.008874177001416683,TN
B,MH-002,MH-002_19.590774_80.345094,0,0.016241416335105896,TN
B,MH-002,MH-002_19.590774_80.345364,1,0.02767842449247837,FN
B,MH-002,MH-002_19.590774_80.345633,0,0.029566755518317223,TN
B,MH-002,MH-002_19.590774_80.345903,0,0.04833684861660004,TN
B,MH-002,MH-002_19.590774_80.346172,0,0.036964669823646545,TN
B,MH-002,MH-002_19.590774_80.34725,0,0.026713402941823006,TN
B,MH-002,MH-002_19.590774_80.347789,0,0.0163424052298069,TN
B,MH-002,MH-002_19.590774_80.348059,0,0.016676200553774834,TN
B,MH-002,MH-002_19.590774_80.348328,0,0.02404387667775154,TN
B,MH-002,MH-002_19.590774_80.348598,0,0.02774360589683056,TN
B,MH-002,MH-002_19.590774_80.348867,0,0.03596537187695503,TN
B,MH-002,MH-002_19.590774_80.349137,0,0.03932865709066391,TN
B,MH-002,MH-002_19.590774_80.349406,0,0.050835903733968735,TN
B,MH-002,MH-002_19.590774_80.349676,0,0.04296600818634033,TN
B,MH-002,MH-002_19.590774_80.349945,0,0.03530437499284744,TN
B,MH-002,MH-002_19.590774_80.350215,0,0.020406123250722885,TN
B,MH-002,MH-002_19.590774_80.350484,0,0.016806144267320633,TN
B,MH-002,MH-002_19.590774_80.350754,0,0.013223214074969292,TN
B,MH-002,MH-002_19.590774_80.351023,0,0.01158734131604433,TN
B,MH-002,MH-002_19.590774_80.351293,0,0.012463808059692383,TN
B,MH-002,MH-002_19.590774_80.353449,0,0.009374492801725864,TN
B,MH-002,MH-002_19.590774_80.353988,0,0.012620319612324238,TN
B,MH-002,MH-002_19.590774_80.354257,0,0.012270795181393623,TN
B,MH-002,MH-002_19.590774_80.354527,0,0.012631423771381378,TN
B,MH-002,MH-002_19.590774_80.354796,0,0.012376898899674416,TN
B,MH-002,MH-002_19.590774_80.355066,0,0.015064554288983345,TN
B,MH-002,MH-002_19.590774_80.355335,0,0.023081323131918907,TN
B,MH-002,MH-002_19.590774_80.355605,1,0.04152204096317291,FN
B,MH-002,MH-002_19.590774_80.355874,1,0.06035670265555382,FN
B,MH-002,MH-002_19.590774_80.356144,1,0.1149979829788208,FN
B,MH-002,MH-002_19.590774_80.356413,1,0.1357576996088028,FN
B,MH-002,MH-002_19.590774_80.357491,0,0.3929522633552551,FP
B,MH-002,MH-002_19.590505_80.334854,0,0.12520308792591095,TN
B,MH-002,MH-002_19.590505_80.335123,0,0.11322210729122162,TN
B,MH-002,MH-002_19.590505_80.335393,0,0.10243705660104752,TN
B,MH-002,MH-002_19.590505_80.335662,0,0.08205744624137878,TN
B,MH-002,MH-002_19.590505_80.335932,0,0.07842269539833069,TN
B,MH-002,MH-002_19.590505_80.336201,0,0.07100489735603333,TN
B,MH-002,MH-002_19.590505_80.336471,0,0.061508405953645706,TN
B,MH-002,MH-002_19.590505_80.33674,0,0.05522545427083969,TN
B,MH-002,MH-002_19.590505_80.33701,0,0.047821398824453354,TN
B,MH-002,MH-002_19.590505_80.337279,0,0.05067180469632149,TN
B,MH-002,MH-002_19.590505_80.337549,0,0.0493532158434391,TN
B,MH-002,MH-002_19.590505_80.337818,1,0.045472536236047745,FN
B,MH-002,MH-002_19.590505_80.338088,0,0.044858045876026154,TN
B,MH-002,MH-002_19.590505_80.338357,0,0.031685955822467804,TN
B,MH-002,MH-002_19.590505_80.338627,0,0.02542814239859581,TN
B,MH-002,MH-002_19.590505_80.338896,0,0.018800392746925354,TN
B,MH-002,MH-002_19.590505_80.339166,0,0.010178248398005962,TN
B,MH-002,MH-002_19.590505_80.339435,0,0.0128128407523036,TN
B,MH-002,MH-002_19.590505_80.34213,0,0.0013716252287849784,TN
B,MH-002,MH-002_19.590505_80.342399,0,0.0011403283569961786,TN
B,MH-002,MH-002_19.590505_80.342669,0,0.0007090879953466356,TN
B,MH-002,MH-002_19.590505_80.342938,0,0.0008679483435116708,TN
B,MH-002,MH-002_19.590505_80.343477,0,0.0013684943551197648,TN
B,MH-002,MH-002_19.590505_80.344016,0,0.0022259249817579985,TN
B,MH-002,MH-002_19.590505_80.344286,0,0.0026627695187926292,TN
B,MH-002,MH-002_19.590505_80.344555,0,0.005600155331194401,TN
B,MH-002,MH-002_19.590505_80.344825,0,0.010171433910727501,TN
B,MH-002,MH-002_19.590505_80.345094,0,0.02068750187754631,TN
B,MH-002,MH-002_19.590505_80.345364,0,0.028287041932344437,TN
B,MH-002,MH-002_19.590505_80.345633,0,0.027861369773745537,TN
B,MH-002,MH-002_19.590505_80.345903,0,0.04107413440942764,TN
B,MH-002,MH-002_19.590505_80.346172,0,0.03870644047856331,TN
B,MH-002,MH-002_19.590505_80.346442,0,0.039061758667230606,TN
B,MH-002,MH-002_19.590505_80.346711,0,0.025561608374118805,TN
B,MH-002,MH-002_19.590505_80.34725,0,0.019411291927099228,TN
B,MH-002,MH-002_19.590505_80.34752,0,0.01663304679095745,TN
B,MH-002,MH-002_19.590505_80.348059,0,0.011854231357574463,TN
B,MH-002,MH-002_19.590505_80.348328,0,0.01612834632396698,TN
B,MH-002,MH-002_19.590505_80.348598,0,0.01847960241138935,TN
B,MH-002,MH-002_19.590505_80.348867,0,0.025783216580748558,TN
B,MH-002,MH-002_19.590505_80.349137,0,0.030647018924355507,TN
B,MH-002,MH-002_19.590505_80.349406,0,0.04222800210118294,TN
B,MH-002,MH-002_19.590505_80.349676,0,0.0369664765894413,TN
B,MH-002,MH-002_19.590505_80.349945,0,0.033638548105955124,TN
B,MH-002,MH-002_19.590505_80.350215,0,0.02094818279147148,TN
B,MH-002,MH-002_19.590505_80.350484,0,0.01618613488972187,TN
B,MH-002,MH-002_19.590505_80.350754,0,0.013102537952363491,TN
B,MH-002,MH-002_19.590505_80.351023,0,0.01350864302366972,TN
B,MH-002,MH-002_19.590505_80.351293,0,0.013768337666988373,TN
B,MH-002,MH-002_19.590505_80.352101,0,0.010636341758072376,TN
B,MH-002,MH-002_19.590505_80.352371,0,0.015723489224910736,TN
B,MH-002,MH-002_19.590505_80.353988,0,0.013019491918385029,TN
B,MH-002,MH-002_19.590505_80.354257,0,0.011175407096743584,TN
B,MH-002,MH-002_19.590505_80.354527,0,0.012433324940502644,TN
B,MH-002,MH-002_19.590505_80.354796,0,0.013596282340586185,TN
B,MH-002,MH-002_19.590505_80.355066,0,0.015823522582650185,TN
B,MH-002,MH-002_19.590505_80.355335,0,0.021464526653289795,TN
B,MH-002,MH-002_19.590505_80.355605,1,0.03870782628655434,FN
B,MH-002,MH-002_19.590505_80.355874,1,0.04945257678627968,FN
B,MH-002,MH-002_19.590505_80.356683,0,0.22753101587295532,TN
B,MH-002,MH-002_19.590505_80.357491,0,0.4073648154735565,FP
B,MH-002,MH-002_19.590235_80.334854,0,0.1394452154636383,TN
B,MH-002,MH-002_19.590235_80.335123,0,0.12047155946493149,TN
B,MH-002,MH-002_19.590235_80.335393,0,0.1133604496717453,TN
B,MH-002,MH-002_19.590235_80.335662,0,0.1031833067536354,TN
B,MH-002,MH-002_19.590235_80.335932,0,0.09585657715797424,TN
B,MH-002,MH-002_19.590235_80.336201,0,0.08407438546419144,TN
B,MH-002,MH-002_19.590235_80.336471,0,0.07320436090230942,TN
B,MH-002,MH-002_19.590235_80.33674,0,0.07046065479516983,TN
B,MH-002,MH-002_19.590235_80.33701,0,0.05000657960772514,TN
B,MH-002,MH-002_19.590235_80.337279,0,0.053916580975055695,TN
B,MH-002,MH-002_19.590235_80.337549,0,0.04999084025621414,TN
B,MH-002,MH-002_19.590235_80.337818,0,0.047623489052057266,TN
B,MH-002,MH-002_19.590235_80.338088,0,0.04909573867917061,TN
B,MH-002,MH-002_19.590235_80.338357,0,0.0393606573343277,TN
B,MH-002,MH-002_19.590235_80.338627,0,0.03150279074907303,TN
B,MH-002,MH-002_19.590235_80.338896,0,0.022297613322734833,TN
B,MH-002,MH-002_19.590235_80.339166,0,0.016279475763440132,TN
B,MH-002,MH-002_19.590235_80.339435,0,0.015532633289694786,TN
B,MH-002,MH-002_19.590235_80.339705,0,0.01256710197776556,TN
B,MH-002,MH-002_19.590235_80.34213,0,0.0014922026311978698,TN
B,MH-002,MH-002_19.590235_80.342399,0,0.0015887869521975517,TN
B,MH-002,MH-002_19.590235_80.342669,1,0.0009779824176803231,FN
B,MH-002,MH-002_19.590235_80.342938,0,0.0009640027419663966,TN
B,MH-002,MH-002_19.590235_80.343208,0,0.0009900809964165092,TN
B,MH-002,MH-002_19.590235_80.343747,0,0.001583243254572153,TN
B,MH-002,MH-002_19.590235_80.344016,0,0.0020060092210769653,TN
B,MH-002,MH-002_19.590235_80.344286,0,0.0028611011803150177,TN
B,MH-002,MH-002_19.590235_80.344555,0,0.00534794619306922,TN
B,MH-002,MH-002_19.590235_80.344825,0,0.011306502856314182,TN
B,MH-002,MH-002_19.590235_80.345094,0,0.016616685315966606,TN
B,MH-002,MH-002_19.590235_80.345364,0,0.025868183001875877,TN
B,MH-002,MH-002_19.590235_80.345633,0,0.026040656492114067,TN
B,MH-002,MH-002_19.590235_80.345903,0,0.03473842144012451,TN
B,MH-002,MH-002_19.590235_80.346442,0,0.03561025857925415,TN
B,MH-002,MH-002_19.590235_80.346711,0,0.023122070357203484,TN
B,MH-002,MH-002_19.590235_80.34725,0,0.014753787778317928,TN
B,MH-002,MH-002_19.590235_80.34752,0,0.01238490454852581,TN
B,MH-002,MH-002_19.590235_80.347789,0,0.010017580352723598,TN
B,MH-002,MH-002_19.590235_80.348328,0,0.01294650323688984,TN
B,MH-002,MH-002_19.590235_80.348598,0,0.014600555412471294,TN
B,MH-002,MH-002_19.590235_80.348867,0,0.018835073336958885,TN
B,MH-002,MH-002_19.590235_80.349137,0,0.022741446271538734,TN
B,MH-002,MH-002_19.590235_80.349406,0,0.03206293284893036,TN
B,MH-002,MH-002_19.590235_80.349676,1,0.03132765740156174,FN
B,MH-002,MH-002_19.590235_80.349945,1,0.03195963054895401,FN
B,MH-002,MH-002_19.590235_80.350215,0,0.020666511729359627,TN
B,MH-002,MH-002_19.590235_80.350484,0,0.01746511086821556,TN
B,MH-002,MH-002_19.590235_80.350754,0,0.014589445665478706,TN
B,MH-002,MH-002_19.590235_80.351023,0,0.015517708845436573,TN
B,MH-002,MH-002_19.590235_80.351293,0,0.015823744237422943,TN
B,MH-002,MH-002_19.590235_80.351562,0,0.01274330448359251,TN
B,MH-002,MH-002_19.590235_80.351832,0,0.015256923623383045,TN
B,MH-002,MH-002_19.590235_80.352101,0,0.010952911339700222,TN
B,MH-002,MH-002_19.590235_80.352371,0,0.015033531934022903,TN
B,MH-002,MH-002_19.590235_80.35264,0,0.012298834510147572,TN
B,MH-002,MH-002_19.590235_80.353988,0,0.012301713228225708,TN
B,MH-002,MH-002_19.590235_80.354257,0,0.01099027507007122,TN
B,MH-002,MH-002_19.590235_80.354527,0,0.012739465571939945,TN
B,MH-002,MH-002_19.590235_80.354796,0,0.014830046333372593,TN
B,MH-002,MH-002_19.590235_80.355066,0,0.01920463889837265,TN
B,MH-002,MH-002_19.590235_80.355335,0,0.025019453838467598,TN
B,MH-002,MH-002_19.590235_80.355605,0,0.04349851235747337,TN
B,MH-002,MH-002_19.590235_80.355874,1,0.056585196405649185,FN
B,MH-002,MH-002_19.590235_80.357491,0,0.430391788482666,FP
B,MH-002,MH-002_19.589966_80.334854,0,0.15845663845539093,TN
B,MH-002,MH-002_19.589966_80.335123,0,0.14279402792453766,TN
B,MH-002,MH-002_19.589966_80.335393,0,0.13366566598415375,TN
B,MH-002,MH-002_19.589966_80.335662,0,0.11143692582845688,TN
B,MH-002,MH-002_19.589966_80.335932,0,0.11190072447061539,TN
B,MH-002,MH-002_19.589966_80.336201,0,0.10399898141622543,TN
B,MH-002,MH-002_19.589966_80.336471,0,0.09132665395736694,TN
B,MH-002,MH-002_19.589966_80.33674,0,0.07832839339971542,TN
B,MH-002,MH-002_19.589966_80.33701,0,0.06519346684217453,TN
B,MH-002,MH-002_19.589966_80.337279,0,0.05671919137239456,TN
B,MH-002,MH-002_19.589966_80.337549,0,0.05840582400560379,TN
B,MH-002,MH-002_19.589966_80.337818,0,0.05032258853316307,TN
B,MH-002,MH-002_19.589966_80.338088,0,0.05088798329234123,TN
B,MH-002,MH-002_19.589966_80.338357,0,0.038298599421978,TN
B,MH-002,MH-002_19.589966_80.338627,0,0.029572516679763794,TN
B,MH-002,MH-002_19.589966_80.338896,0,0.025135397911071777,TN
B,MH-002,MH-002_19.589966_80.339166,0,0.016798771917819977,TN
B,MH-002,MH-002_19.589966_80.339435,0,0.015064384788274765,TN
B,MH-002,MH-002_19.589966_80.339705,0,0.01175380777567625,TN
B,MH-002,MH-002_19.589966_80.339974,0,0.01395085547119379,TN
B,MH-002,MH-002_19.589966_80.341052,0,0.006762832403182983,TN
B,MH-002,MH-002_19.589966_80.341322,0,0.005891794804483652,TN
B,MH-002,MH-002_19.589966_80.341591,0,0.003471615957096219,TN
B,MH-002,MH-002_19.589966_80.34213,0,0.002588978735730052,TN
B,MH-002,MH-002_19.589966_80.342399,0,0.002413250505924225,TN
B,MH-002,MH-002_19.589966_80.342669,0,0.0015436639077961445,TN
B,MH-002,MH-002_19.589966_80.342938,0,0.001943892682902515,TN
B,MH-002,MH-002_19.589966_80.343747,1,0.0023775987792760134,FN
B,MH-002,MH-002_19.589966_80.344016,1,0.00347662135027349,FN
B,MH-002,MH-002_19.589966_80.344286,1,0.003907520789653063,FN
B,MH-002,MH-002_19.589966_80.344555,0,0.007457032334059477,TN
B,MH-002,MH-002_19.589966_80.344825,0,0.009808904491364956,TN
B,MH-002,MH-002_19.589966_80.345094,0,0.014933976344764233,TN
B,MH-002,MH-002_19.589966_80.345364,0,0.018008310347795486,TN
B,MH-002,MH-002_19.589966_80.345633,0,0.019492972642183304,TN
B,MH-002,MH-002_19.589966_80.346172,0,0.019964247941970825,TN
B,MH-002,MH-002_19.589966_80.346442,0,0.0259707011282444,TN
B,MH-002,MH-002_19.589966_80.346711,0,0.019968241453170776,TN
B,MH-002,MH-002_19.589966_80.34725,0,0.015732672065496445,TN
B,MH-002,MH-002_19.589966_80.34752,0,0.012428916990756989,TN
B,MH-002,MH-002_19.589966_80.347789,0,0.011176113039255142,TN
B,MH-002,MH-002_19.589966_80.348059,0,0.01225549541413784,TN
B,MH-002,MH-002_19.589966_80.348328,0,0.014356018975377083,TN
B,MH-002,MH-002_19.589966_80.348598,0,0.014187818393111229,TN
B,MH-002,MH-002_19.589966_80.348867,0,0.018470609560608864,TN
B,MH-002,MH-002_19.589966_80.349137,0,0.02022995613515377,TN
B,MH-002,MH-002_19.589966_80.349406,0,0.024566132575273514,TN
B,MH-002,MH-002_19.589966_80.349676,1,0.02715771459043026,FN
B,MH-002,MH-002_19.589966_80.349945,1,0.028316522017121315,FN
B,MH-002,MH-002_19.589966_80.350215,1,0.019564572721719742,FN
B,MH-002,MH-002_19.589966_80.350484,0,0.01648380607366562,TN
B,MH-002,MH-002_19.589966_80.350754,0,0.013893099501729012,TN
B,MH-002,MH-002_19.589966_80.351023,0,0.014879892580211163,TN
B,MH-002,MH-002_19.589966_80.351293,0,0.015074907802045345,TN
B,MH-002,MH-002_19.589966_80.351562,0,0.011734106577932835,TN
B,MH-002,MH-002_19.589966_80.351832,0,0.01220643613487482,TN
B,MH-002,MH-002_19.589966_80.352101,0,0.010828403756022453,TN
B,MH-002,MH-002_19.589966_80.352371,0,0.018443647772073746,TN
B,MH-002,MH-002_19.589966_80.35264,0,0.01373622752726078,TN
B,MH-002,MH-002_19.589966_80.35291,0,0.01470282580703497,TN
B,MH-002,MH-002_19.589966_80.353718,0,0.012732360512018204,TN
B,MH-002,MH-002_19.589966_80.353988,0,0.014731284230947495,TN
B,MH-002,MH-002_19.589966_80.354257,0,0.012822306714951992,TN
B,MH-002,MH-002_19.589966_80.354527,0,0.015877673402428627,TN
B,MH-002,MH-002_19.589966_80.354796,0,0.016000833362340927,TN
B,MH-002,MH-002_19.589966_80.355066,0,0.02272213064134121,TN
B,MH-002,MH-002_19.589966_80.355335,0,0.029593611136078835,TN
B,MH-002,MH-002_19.589966_80.355605,0,0.047104816883802414,TN
B,MH-002,MH-002_19.589966_80.357491,0,0.42202356457710266,FP
B,MH-002,MH-002_19.589696_80.334854,0,0.15909577906131744,TN
B,MH-002,MH-002_19.589696_80.335123,0,0.15544000267982483,TN
B,MH-002,MH-002_19.589696_80.335393,0,0.14083661139011383,TN
B,MH-002,MH-002_19.589696_80.335662,0,0.13252751529216766,TN
B,MH-002,MH-002_19.589696_80.335932,0,0.12499049305915833,TN
B,MH-002,MH-002_19.589696_80.336201,0,0.12436533719301224,TN
B,MH-002,MH-002_19.589696_80.336471,0,0.11469462513923645,TN
B,MH-002,MH-002_19.589696_80.33674,0,0.10263218730688095,TN
B,MH-002,MH-002_19.589696_80.33701,0,0.0789945125579834,TN
B,MH-002,MH-002_19.589696_80.337279,0,0.06529632955789566,TN
B,MH-002,MH-002_19.589696_80.337549,0,0.06157846003770828,TN
B,MH-002,MH-002_19.589696_80.337818,0,0.05870095640420914,TN
B,MH-002,MH-002_19.589696_80.338088,0,0.05615384876728058,TN
B,MH-002,MH-002_19.589696_80.338357,0,0.046390600502491,TN
B,MH-002,MH-002_19.589696_80.338627,0,0.03603293374180794,TN
B,MH-002,MH-002_19.589696_80.338896,0,0.029091477394104004,TN
B,MH-002,MH-002_19.589696_80.339166,0,0.024385035037994385,TN
B,MH-002,MH-002_19.589696_80.339435,0,0.01988915726542473,TN
B,MH-002,MH-002_19.589696_80.339705,0,0.01801200397312641,TN
B,MH-002,MH-002_19.589696_80.339974,0,0.018702197819948196,TN
B,MH-002,MH-002_19.589696_80.340244,0,0.01973022148013115,TN
B,MH-002,MH-002_19.589696_80.341052,0,0.009620108641684055,TN
B,MH-002,MH-002_19.589696_80.341322,0,0.006422443315386772,TN
B,MH-002,MH-002_19.589696_80.341591,0,0.005780128762125969,TN
B,MH-002,MH-002_19.589696_80.34186,0,0.005800364539027214,TN
B,MH-002,MH-002_19.589696_80.34213,0,0.004698534961789846,TN
B,MH-002,MH-002_19.589696_80.342399,1,0.00395414512604475,FN
B,MH-002,MH-002_19.589696_80.342669,0,0.0036111786030232906,TN
B,MH-002,MH-002_19.589696_80.342938,0,0.003751124022528529,TN
B,MH-002,MH-002_19.589696_80.343477,0,0.0033747435081750154,TN
B,MH-002,MH-002_19.589696_80.343747,1,0.0035732125397771597,FN
B,MH-002,MH-002_19.589696_80.344016,0,0.004556537605822086,TN
B,MH-002,MH-002_19.589696_80.344286,0,0.004526323638856411,TN
B,MH-002,MH-002_19.589696_80.344555,0,0.0074514648877084255,TN
B,MH-002,MH-002_19.589696_80.344825,0,0.010065559297800064,TN
B,MH-002,MH-002_19.589696_80.345094,0,0.013108236715197563,TN
B,MH-002,MH-002_19.589696_80.346442,0,0.016281630843877792,TN
B,MH-002,MH-002_19.589696_80.346711,0,0.015165827237069607,TN
B,MH-002,MH-002_19.589696_80.348059,0,0.008929603733122349,TN
B,MH-002,MH-002_19.589696_80.348328,0,0.009658820927143097,TN
B,MH-002,MH-002_19.589696_80.348598,0,0.009417222812771797,TN
B,MH-002,MH-002_19.589696_80.348867,0,0.013021139428019524,TN
B,MH-002,MH-002_19.589696_80.349137,0,0.014289775863289833,TN
B,MH-002,MH-002_19.589696_80.349406,0,0.017415015026926994,TN
B,MH-002,MH-002_19.589696_80.349676,1,0.019543226808309555,FN
B,MH-002,MH-002_19.589696_80.349945,1,0.02165551856160164,FN
B,MH-002,MH-002_19.589696_80.350215,0,0.01520143635571003,TN
B,MH-002,MH-002_19.589696_80.350484,0,0.015122850425541401,TN
B,MH-002,MH-002_19.589696_80.350754,0,0.012238254770636559,TN
B,MH-002,MH-002_19.589696_80.351023,0,0.012719834223389626,TN
B,MH-002,MH-002_19.589696_80.351293,0,0.01297715213149786,TN
B,MH-002,MH-002_19.589696_80.351562,0,0.012096880935132504,TN
B,MH-002,MH-002_19.589696_80.351832,0,0.01214795932173729,TN
B,MH-002,MH-002_19.589696_80.352101,0,0.011093227192759514,TN
B,MH-002,MH-002_19.589696_80.352371,0,0.015542129054665565,TN
B,MH-002,MH-002_19.589696_80.35264,0,0.016768280416727066,TN
B,MH-002,MH-002_19.589696_80.35291,0,0.014507983811199665,TN
B,MH-002,MH-002_19.589696_80.353718,0,0.014823993667960167,TN
B,MH-002,MH-002_19.589696_80.353988,0,0.015664104372262955,TN
B,MH-002,MH-002_19.589696_80.354257,0,0.01677294261753559,TN
B,MH-002,MH-002_19.589696_80.354527,0,0.01993418112397194,TN
B,MH-002,MH-002_19.589696_80.354796,0,0.021266499534249306,TN
B,MH-002,MH-002_19.589696_80.355066,0,0.02759609743952751,TN
B,MH-002,MH-002_19.589696_80.355335,0,0.038527730852365494,TN
B,MH-002,MH-002_19.589427_80.334854,0,0.16634739935398102,TN
B,MH-002,MH-002_19.589427_80.335123,0,0.14663231372833252,TN
B,MH-002,MH-002_19.589427_80.335393,0,0.1394226998090744,TN
B,MH-002,MH-002_19.589427_80.335662,0,0.13618744909763336,TN
B,MH-002,MH-002_19.589427_80.335932,0,0.1262238323688507,TN
B,MH-002,MH-002_19.589427_80.336201,0,0.12403491139411926,TN
B,MH-002,MH-002_19.589427_80.336471,0,0.13025106489658356,TN
B,MH-002,MH-002_19.589427_80.33674,0,0.11209779232740402,TN
B,MH-002,MH-002_19.589427_80.33701,0,0.0899401381611824,TN
B,MH-002,MH-002_19.589427_80.337279,0,0.0735044926404953,TN
B,MH-002,MH-002_19.589427_80.337549,0,0.0634685605764389,TN
B,MH-002,MH-002_19.589427_80.337818,0,0.05594830587506294,TN
B,MH-002,MH-002_19.589427_80.338088,0,0.05344283953309059,TN
B,MH-002,MH-002_19.589427_80.338357,0,0.047383323311805725,TN
B,MH-002,MH-002_19.589427_80.338627,0,0.038855090737342834,TN
B,MH-002,MH-002_19.589427_80.338896,0,0.031214062124490738,TN
B,MH-002,MH-002_19.589427_80.339166,0,0.024532459676265717,TN
B,MH-002,MH-002_19.589427_80.339435,0,0.02164972573518753,TN
B,MH-002,MH-002_19.589427_80.339705,0,0.016645312309265137,TN
B,MH-002,MH-002_19.589427_80.339974,0,0.01693626493215561,TN
B,MH-002,MH-002_19.589427_80.340244,0,0.014685648493468761,TN
B,MH-002,MH-002_19.589427_80.340513,0,0.012463937513530254,TN
B,MH-002,MH-002_19.589427_80.341322,0,0.006926458794623613,TN
B,MH-002,MH-002_19.589427_80.341591,0,0.004945584572851658,TN
B,MH-002,MH-002_19.589427_80.34186,0,0.004163552541285753,TN
B,MH-002,MH-002_19.589427_80.34213,0,0.0028813739772886038,TN
B,MH-002,MH-002_19.589427_80.342399,0,0.003156114835292101,TN
B,MH-002,MH-002_19.589427_80.342669,0,0.0025994947645813227,TN
B,MH-002,MH-002_19.589427_80.343208,0,0.002173658460378647,TN
B,MH-002,MH-002_19.589427_80.343477,0,0.002664020052179694,TN
B,MH-002,MH-002_19.589427_80.343747,0,0.002903911517933011,TN
B,MH-002,MH-002_19.589427_80.344016,0,0.0038103540427982807,TN
B,MH-002,MH-002_19.589427_80.345364,0,0.013194287195801735,TN
B,MH-002,MH-002_19.589427_80.345633,0,0.01219771709293127,TN
B,MH-002,MH-002_19.589427_80.345903,0,0.01178200077265501,TN
B,MH-002,MH-002_19.589427_80.346172,0,0.010234415531158447,TN
B,MH-002,MH-002_19.589427_80.346711,0,0.010389569215476513,TN
B,MH-002,MH-002_19.589427_80.348328,0,0.009856509044766426,TN
B,MH-002,MH-002_19.589427_80.348598,0,0.009910520166158676,TN
B,MH-002,MH-002_19.589427_80.348867,0,0.01254952885210514,TN
B,MH-002,MH-002_19.589427_80.349137,0,0.012977163307368755,TN
B,MH-002,MH-002_19.589427_80.349406,0,0.015996240079402924,TN
B,MH-002,MH-002_19.589427_80.349676,0,0.01892373338341713,TN
B,MH-002,MH-002_19.589427_80.349945,0,0.020433377474546432,TN
B,MH-002,MH-002_19.589427_80.350215,0,0.015817293897271156,TN
B,MH-002,MH-002_19.589427_80.350484,0,0.014834276400506496,TN
B,MH-002,MH-002_19.589427_80.350754,0,0.013157305307686329,TN
B,MH-002,MH-002_19.589427_80.351023,0,0.014331263490021229,TN
B,MH-002,MH-002_19.589427_80.351293,0,0.014576761983335018,TN
B,MH-002,MH-002_19.589427_80.351562,0,0.013266706839203835,TN
B,MH-002,MH-002_19.589427_80.351832,0,0.012911730445921421,TN
B,MH-002,MH-002_19.589427_80.352101,0,0.017000434920191765,TN
B,MH-002,MH-002_19.589427_80.352371,0,0.018899040296673775,TN
B,MH-002,MH-002_19.589427_80.35264,0,0.01950649917125702,TN
B,MH-002,MH-002_19.589427_80.35291,0,0.019144589081406593,TN
B,MH-002,MH-002_19.589427_80.353988,0,0.02681499905884266,TN
B,MH-002,MH-002_19.589427_80.354257,0,0.023701980710029602,TN
B,MH-002,MH-002_19.589427_80.354527,0,0.03217079117894173,TN
B,MH-002,MH-002_19.589427_80.354796,0,0.03391261398792267,TN
B,MH-002,MH-002_19.589427_80.355066,0,0.04344125837087631,TN
B,MH-002,MH-002_19.589427_80.355335,0,0.051259059458971024,TN
B,MH-002,MH-002_19.589157_80.334854,0,0.14855815470218658,TN
B,MH-002,MH-002_19.589157_80.335123,0,0.13338080048561096,TN
B,MH-002,MH-002_19.589157_80.335393,0,0.13400112092494965,TN
B,MH-002,MH-002_19.589157_80.335662,0,0.1201191321015358,TN
B,MH-002,MH-002_19.589157_80.335932,0,0.11168282479047775,TN
B,MH-002,MH-002_19.589157_80.336201,0,0.11446218937635422,TN
B,MH-002,MH-002_19.589157_80.336471,0,0.11156386137008667,TN
B,MH-002,MH-002_19.589157_80.33674,0,0.11201777309179306,TN
B,MH-002,MH-002_19.589157_80.33701,0,0.08874300867319107,TN
B,MH-002,MH-002_19.589157_80.337279,0,0.08512304723262787,TN
B,MH-002,MH-002_19.589157_80.337549,0,0.06342849135398865,TN
B,MH-002,MH-002_19.589157_80.337818,0,0.06353416293859482,TN
B,MH-002,MH-002_19.589157_80.338088,0,0.05835706740617752,TN
B,MH-002,MH-002_19.589157_80.338357,0,0.05698622763156891,TN
B,MH-002,MH-002_19.589157_80.338627,0,0.04117930680513382,TN
B,MH-002,MH-002_19.589157_80.338896,0,0.037070438265800476,TN
B,MH-002,MH-002_19.589157_80.339166,0,0.03520193696022034,TN
B,MH-002,MH-002_19.589157_80.339435,0,0.02919817343354225,TN
B,MH-002,MH-002_19.589157_80.339705,0,0.01934795454144478,TN
B,MH-002,MH-002_19.589157_80.339974,0,0.018617937341332436,TN
B,MH-002,MH-002_19.589157_80.340244,0,0.015199444256722927,TN
B,MH-002,MH-002_19.589157_80.340513,0,0.01332625187933445,TN
B,MH-002,MH-002_19.589157_80.341322,0,0.0060758744366467,TN
B,MH-002,MH-002_19.589157_80.341591,0,0.005018687341362238,TN
B,MH-002,MH-002_19.589157_80.34186,0,0.004208983387798071,TN
B,MH-002,MH-002_19.589157_80.34213,0,0.0032006404362618923,TN
B,MH-002,MH-002_19.589157_80.342399,0,0.0033589161466807127,TN
B,MH-002,MH-002_19.589157_80.342669,1,0.0034262544941157103,FN
B,MH-002,MH-002_19.589157_80.343208,0,0.0025286085437983274,TN
B,MH-002,MH-002_19.589157_80.343477,0,0.0032042162492871284,TN
B,MH-002,MH-002_19.589157_80.343747,0,0.0029719846788793802,TN
B,MH-002,MH-002_19.589157_80.344555,0,0.006115516647696495,TN
B,MH-002,MH-002_19.589157_80.344825,0,0.009139155969023705,TN
B,MH-002,MH-002_19.589157_80.345094,0,0.012448322959244251,TN
B,MH-002,MH-002_19.589157_80.345364,0,0.012756160460412502,TN
B,MH-002,MH-002_19.589157_80.345633,0,0.013406560756266117,TN
B,MH-002,MH-002_19.589157_80.345903,0,0.011804823763668537,TN
B,MH-002,MH-002_19.589157_80.346172,0,0.01226167380809784,TN
B,MH-002,MH-002_19.589157_80.348328,0,0.01418637577444315,TN
B,MH-002,MH-002_19.589157_80.348598,0,0.01363775972276926,TN
B,MH-002,MH-002_19.589157_80.348867,0,0.014882701449096203,TN
B,MH-002,MH-002_19.589157_80.349137,0,0.01623256504535675,TN
B,MH-002,MH-002_19.589157_80.349406,0,0.018276281654834747,TN
B,MH-002,MH-002_19.589157_80.349676,0,0.019885137677192688,TN
B,MH-002,MH-002_19.589157_80.349945,0,0.019932612776756287,TN
B,MH-002,MH-002_19.589157_80.350215,0,0.01732194796204567,TN
B,MH-002,MH-002_19.589157_80.350484,0,0.01708792895078659,TN
B,MH-002,MH-002_19.589157_80.350754,0,0.016073692589998245,TN
B,MH-002,MH-002_19.589157_80.351023,0,0.015625933185219765,TN
B,MH-002,MH-002_19.589157_80.351293,0,0.015346177853643894,TN
B,MH-002,MH-002_19.589157_80.351562,0,0.013551627285778522,TN
B,MH-002,MH-002_19.589157_80.351832,0,0.01794987916946411,TN
B,MH-002,MH-002_19.589157_80.352101,0,0.017625611275434494,TN
B,MH-002,MH-002_19.589157_80.352371,0,0.022916873916983604,TN
B,MH-002,MH-002_19.589157_80.35264,0,0.022224023938179016,TN
B,MH-002,MH-002_19.589157_80.35291,1,0.023179374635219574,FN
B,MH-002,MH-002_19.589157_80.353988,0,0.034339796751737595,TN
B,MH-002,MH-002_19.589157_80.354257,0,0.034173864871263504,TN
B,MH-002,MH-002_19.589157_80.354527,0,0.04448110982775688,TN
B,MH-002,MH-002_19.589157_80.354796,0,0.06451840698719025,TN
B,MH-002,MH-002_19.589157_80.355066,0,0.09206021577119827,TN
B,MH-002,MH-002_19.588888_80.334854,0,0.14301353693008423,TN
B,MH-002,MH-002_19.588888_80.335123,0,0.14075790345668793,TN
B,MH-002,MH-002_19.588888_80.335393,0,0.1369091421365738,TN
B,MH-002,MH-002_19.588888_80.335662,0,0.13341502845287323,TN
B,MH-002,MH-002_19.588888_80.335932,0,0.12316533923149109,TN
B,MH-002,MH-002_19.588888_80.336201,0,0.11032562702894211,TN
B,MH-002,MH-002_19.588888_80.336471,0,0.11293379217386246,TN
B,MH-002,MH-002_19.588888_80.33674,0,0.10878529399633408,TN
B,MH-002,MH-002_19.588888_80.33701,0,0.09099150449037552,TN
B,MH-002,MH-002_19.588888_80.337279,0,0.08089297264814377,TN
B,MH-002,MH-002_19.588888_80.337549,0,0.06413856148719788,TN
B,MH-002,MH-002_19.588888_80.337818,0,0.06556978821754456,TN
B,MH-002,MH-002_19.588888_80.338088,0,0.06033755838871002,TN
B,MH-002,MH-002_19.588888_80.338357,0,0.05804569646716118,TN
B,MH-002,MH-002_19.588888_80.338627,0,0.04511990398168564,TN
B,MH-002,MH-002_19.588888_80.338896,0,0.04042617976665497,TN
B,MH-002,MH-002_19.588888_80.339166,0,0.03906746208667755,TN
B,MH-002,MH-002_19.588888_80.339435,0,0.03523142263293266,TN
B,MH-002,MH-002_19.588888_80.339705,0,0.028619680553674698,TN
B,MH-002,MH-002_19.588888_80.339974,0,0.02709457464516163,TN
B,MH-002,MH-002_19.588888_80.340244,0,0.021288946270942688,TN
B,MH-002,MH-002_19.588888_80.340513,0,0.01424485258758068,TN
B,MH-002,MH-002_19.588888_80.340783,0,0.010060619562864304,TN
B,MH-002,MH-002_19.588888_80.341322,0,0.006260675378143787,TN
B,MH-002,MH-002_19.588888_80.341591,0,0.004128472879528999,TN
B,MH-002,MH-002_19.588888_80.34186,0,0.0036279817577451468,TN
B,MH-002,MH-002_19.588888_80.34213,0,0.00311634736135602,TN
B,MH-002,MH-002_19.588888_80.342399,0,0.002943321829661727,TN
B,MH-002,MH-002_19.588888_80.342669,0,0.0022195966448634863,TN
B,MH-002,MH-002_19.588888_80.343208,0,0.0013979277573525906,TN
B,MH-002,MH-002_19.588888_80.343477,0,0.0019843687769025564,TN
B,MH-002,MH-002_19.588888_80.343747,0,0.002257175976410508,TN
B,MH-002,MH-002_19.588888_80.344286,0,0.004003041423857212,TN
B,MH-002,MH-002_19.588888_80.344555,0,0.005917289759963751,TN
B,MH-002,MH-002_19.588888_80.344825,0,0.008363083004951477,TN
B,MH-002,MH-002_19.588888_80.345094,0,0.010607977397739887,TN
B,MH-002,MH-002_19.588888_80.345364,0,0.011588292196393013,TN
B,MH-002,MH-002_19.588888_80.345633,0,0.009632524102926254,TN
B,MH-002,MH-002_19.588888_80.345903,0,0.009899545460939407,TN
B,MH-002,MH-002_19.588888_80.346172,0,0.011094623245298862,TN
B,MH-002,MH-002_19.588888_80.34752,0,0.010909652337431908,TN
B,MH-002,MH-002_19.588888_80.348059,0,0.015656372532248497,TN
B,MH-002,MH-002_19.588888_80.348328,0,0.02187206782400608,TN
B,MH-002,MH-002_19.588888_80.348598,0,0.021344874054193497,TN
B,MH-002,MH-002_19.588888_80.348867,0,0.021964270621538162,TN
B,MH-002,MH-002_19.588888_80.349137,0,0.025147482752799988,TN
B,MH-002,MH-002_19.588888_80.349406,0,0.025273870676755905,TN
B,MH-002,MH-002_19.588888_80.349676,0,0.026248347014188766,TN
B,MH-002,MH-002_19.588888_80.349945,0,0.02491961605846882,TN
B,MH-002,MH-002_19.588888_80.350215,0,0.020308608189225197,TN
B,MH-002,MH-002_19.588888_80.350484,0,0.01892666332423687,TN
B,MH-002,MH-002_19.588888_80.350754,0,0.016148803755640984,TN
B,MH-002,MH-002_19.588888_80.351023,0,0.01608201302587986,TN
B,MH-002,MH-002_19.588888_80.351293,0,0.015617795288562775,TN
B,MH-002,MH-002_19.588888_80.351562,0,0.015013718977570534,TN
B,MH-002,MH-002_19.588888_80.351832,0,0.017440572381019592,TN
B,MH-002,MH-002_19.588888_80.352101,0,0.02287464216351509,TN
B,MH-002,MH-002_19.588888_80.352371,0,0.027924446389079094,TN
B,MH-002,MH-002_19.588888_80.35264,0,0.034541599452495575,TN
B,MH-002,MH-002_19.588888_80.35291,0,0.04032791405916214,TN
B,MH-002,MH-002_19.588888_80.353179,1,0.04404545575380325,FN
B,MH-002,MH-002_19.588888_80.354257,0,0.07011809200048447,TN
B,MH-002,MH-002_19.588888_80.354527,0,0.09853747487068176,TN
B,MH-002,MH-002_19.588888_80.354796,0,0.15418216586112976,TN
B,MH-002,MH-002_19.588618_80.334854,0,0.1262684166431427,TN
B,MH-002,MH-002_19.588618_80.335123,0,0.13194598257541656,TN
B,MH-002,MH-002_19.588618_80.335393,0,0.13138586282730103,TN
B,MH-002,MH-002_19.588618_80.335662,0,0.12128134816884995,TN
B,MH-002,MH-002_19.588618_80.335932,0,0.11991625279188156,TN
B,MH-002,MH-002_19.588618_80.336201,0,0.12113644927740097,TN
B,MH-002,MH-002_19.588618_80.336471,0,0.12715697288513184,TN
B,MH-002,MH-002_19.588618_80.33674,0,0.12294943630695343,TN
B,MH-002,MH-002_19.588618_80.33701,0,0.10099582374095917,TN
B,MH-002,MH-002_19.588618_80.337279,0,0.08830583840608597,TN
B,MH-002,MH-002_19.588618_80.337549,0,0.07324797660112381,TN
B,MH-002,MH-002_19.588618_80.337818,0,0.06898705661296844,TN
B,MH-002,MH-002_19.588618_80.338088,0,0.06935987621545792,TN
B,MH-002,MH-002_19.588618_80.338357,0,0.06409952044487,TN
B,MH-002,MH-002_19.588618_80.338627,0,0.052812568843364716,TN
B,MH-002,MH-002_19.588618_80.338896,0,0.05064351111650467,TN
B,MH-002,MH-002_19.588618_80.339166,0,0.05234977975487709,TN
B,MH-002,MH-002_19.588618_80.339435,0,0.045565057545900345,TN
B,MH-002,MH-002_19.588618_80.339705,0,0.039095189422369,TN
B,MH-002,MH-002_19.588618_80.339974,0,0.03358134254813194,TN
B,MH-002,MH-002_19.588618_80.340244,0,0.02878144010901451,TN
B,MH-002,MH-002_19.588618_80.340513,0,0.024883873760700226,TN
B,MH-002,MH-002_19.588618_80.340783,0,0.018414657562971115,TN
B,MH-002,MH-002_19.588618_80.341591,0,0.005862341728061438,TN
B,MH-002,MH-002_19.588618_80.34213,0,0.0037241510581225157,TN
B,MH-002,MH-002_19.588618_80.342399,0,0.0034697442315518856,TN
B,MH-002,MH-002_19.588618_80.342669,0,0.0029116743244230747,TN
B,MH-002,MH-002_19.588618_80.343477,0,0.002562342444434762,TN
B,MH-002,MH-002_19.588618_80.343747,0,0.002489614998921752,TN
B,MH-002,MH-002_19.588618_80.344286,0,0.004586495459079742,TN
B,MH-002,MH-002_19.588618_80.344555,0,0.005244674626737833,TN
B,MH-002,MH-002_19.588618_80.344825,0,0.00816627312451601,TN
B,MH-002,MH-002_19.588618_80.345094,0,0.011488832533359528,TN
B,MH-002,MH-002_19.588618_80.345364,0,0.011042162775993347,TN
B,MH-002,MH-002_19.588618_80.345633,0,0.009037187322974205,TN
B,MH-002,MH-002_19.588618_80.345903,0,0.010759903118014336,TN
B,MH-002,MH-002_19.588618_80.346172,0,0.013212361373007298,TN
B,MH-002,MH-002_19.588618_80.347789,0,0.017426881939172745,TN
B,MH-002,MH-002_19.588618_80.348059,0,0.02135475166141987,TN
B,MH-002,MH-002_19.588618_80.348328,0,0.031155766919255257,TN
B,MH-002,MH-002_19.588618_80.348598,0,0.033727485686540604,TN
B,MH-002,MH-002_19.588618_80.348867,0,0.03341254964470863,TN
B,MH-002,MH-002_19.588618_80.349137,0,0.03203060105443001,TN
B,MH-002,MH-002_19.588618_80.349406,0,0.028898606076836586,TN
B,MH-002,MH-002_19.588618_80.349676,0,0.028405282646417618,TN
B,MH-002,MH-002_19.588618_80.349945,0,0.028411518782377243,TN
B,MH-002,MH-002_19.588618_80.350215,0,0.022698787972331047,TN
B,MH-002,MH-002_19.588618_80.350484,0,0.02380935288965702,TN
B,MH-002,MH-002_19.588618_80.350754,0,0.021200262010097504,TN
B,MH-002,MH-002_19.588618_80.351023,0,0.020018210634589195,TN
B,MH-002,MH-002_19.588618_80.351293,0,0.01861509680747986,TN
B,MH-002,MH-002_19.588618_80.351562,0,0.020318077877163887,TN
B,MH-002,MH-002_19.588618_80.351832,0,0.023067466914653778,TN
B,MH-002,MH-002_19.588618_80.352101,0,0.0292586050927639,TN
B,MH-002,MH-002_19.588618_80.352371,0,0.03723258897662163,TN
B,MH-002,MH-002_19.588618_80.35264,0,0.058507416397333145,TN
B,MH-002,MH-002_19.588618_80.35291,0,0.0624503530561924,TN
B,MH-002,MH-002_19.588618_80.353179,0,0.08746999502182007,TN
B,MH-002,MH-002_19.588618_80.354257,0,0.1356896162033081,TN
B,MH-002,MH-002_19.588618_80.354527,0,0.17899593710899353,TN
B,MH-002,MH-002_19.588618_80.354796,0,0.24513216316699982,TN
B,MH-002,MH-002_19.588349_80.335123,0,0.12001585215330124,TN
B,MH-002,MH-002_19.588349_80.335393,0,0.12271954119205475,TN
B,MH-002,MH-002_19.588349_80.335662,0,0.126360222697258,TN
B,MH-002,MH-002_19.588349_80.335932,0,0.1350533664226532,TN
B,MH-002,MH-002_19.588349_80.336201,0,0.12579111754894257,TN
B,MH-002,MH-002_19.588349_80.336471,0,0.1435212790966034,TN
B,MH-002,MH-002_19.588349_80.33674,0,0.1311701387166977,TN
B,MH-002,MH-002_19.588349_80.33701,0,0.11115310341119766,TN
B,MH-002,MH-002_19.588349_80.337279,0,0.09546591341495514,TN
B,MH-002,MH-002_19.588349_80.337549,0,0.08156798034906387,TN
B,MH-002,MH-002_19.588349_80.337818,0,0.07960300892591476,TN
B,MH-002,MH-002_19.588349_80.338088,0,0.07381800562143326,TN
B,MH-002,MH-002_19.588349_80.338357,0,0.06594812124967575,TN
B,MH-002,MH-002_19.588349_80.338627,0,0.05804426223039627,TN
B,MH-002,MH-002_19.588349_80.338896,0,0.05579080432653427,TN
B,MH-002,MH-002_19.588349_80.339166,0,0.06050969287753105,TN
B,MH-002,MH-002_19.588349_80.339435,0,0.053294070065021515,TN
B,MH-002,MH-002_19.588349_80.339705,0,0.049186792224645615,TN
B,MH-002,MH-002_19.588349_80.339974,0,0.04453236237168312,TN
B,MH-002,MH-002_19.588349_80.340244,0,0.045870229601860046,TN
B,MH-002,MH-002_19.588349_80.340513,0,0.043629229068756104,TN
B,MH-002,MH-002_19.588349_80.340783,0,0.036422248929739,TN
B,MH-002,MH-002_19.588349_80.34186,0,0.007281232625246048,TN
B,MH-002,MH-002_19.588349_80.34213,0,0.005074178799986839,TN
B,MH-002,MH-002_19.588349_80.342399,0,0.003568465355783701,TN
B,MH-002,MH-002_19.588349_80.342669,0,0.003038898343220353,TN
B,MH-002,MH-002_19.588349_80.342938,0,0.002258559688925743,TN
B,MH-002,MH-002_19.588349_80.344286,0,0.0036002607084810734,TN
B,MH-002,MH-002_19.588349_80.344555,0,0.0049772015772759914,TN
B,MH-002,MH-002_19.588349_80.345364,0,0.008788682520389557,TN
B,MH-002,MH-002_19.588349_80.345633,1,0.009083238430321217,FN
B,MH-002,MH-002_19.588349_80.345903,0,0.010979934595525265,TN
B,MH-002,MH-002_19.588349_80.346172,0,0.013807359151542187,TN
B,MH-002,MH-002_19.588349_80.348328,0,0.023373791947960854,TN
B,MH-002,MH-002_19.588349_80.348598,0,0.03551750257611275,TN
B,MH-002,MH-002_19.588349_80.348867,0,0.042305730283260345,TN
B,MH-002,MH-002_19.588349_80.349137,0,0.0415465272963047,TN
B,MH-002,MH-002_19.588349_80.349406,0,0.03256743401288986,TN
B,MH-002,MH-002_19.588349_80.349676,0,0.0322265587747097,TN
B,MH-002,MH-002_19.588349_80.349945,0,0.030114671215415,TN
B,MH-002,MH-002_19.588349_80.350215,0,0.027249958366155624,TN
B,MH-002,MH-002_19.588349_80.350484,0,0.02878129482269287,TN
B,MH-002,MH-002_19.588349_80.350754,0,0.026093225926160812,TN
B,MH-002,MH-002_19.588349_80.351023,0,0.02406979538500309,TN
B,MH-002,MH-002_19.588349_80.351293,0,0.02210894413292408,TN
B,MH-002,MH-002_19.588349_80.351562,0,0.02450977824628353,TN
B,MH-002,MH-002_19.588349_80.351832,0,0.028677495196461678,TN
B,MH-002,MH-002_19.588349_80.352101,0,0.04121016338467598,TN
B,MH-002,MH-002_19.588349_80.352371,0,0.05567781254649162,TN
B,MH-002,MH-002_19.588349_80.35264,0,0.08659560978412628,TN
B,MH-002,MH-002_19.588349_80.35291,0,0.10669511556625366,TN
B,MH-002,MH-002_19.588349_80.353179,0,0.11505607515573502,TN
B,MH-002,MH-002_19.588349_80.354257,0,0.18999315798282623,TN
B,MH-002,MH-002_19.588349_80.354527,0,0.28476256132125854,FP
B,MH-002,MH-002_19.588079_80.335393,0,0.11425752192735672,TN
B,MH-002,MH-002_19.588079_80.335932,0,0.12403520196676254,TN
B,MH-002,MH-002_19.588079_80.337818,0,0.08439376950263977,TN
B,MH-002,MH-002_19.588079_80.338088,0,0.08175615221261978,TN
B,MH-002,MH-002_19.588079_80.338357,0,0.07059358060359955,TN
B,MH-002,MH-002_19.588079_80.338627,0,0.06498337537050247,TN
B,MH-002,MH-002_19.588079_80.338896,0,0.06135179102420807,TN
B,MH-002,MH-002_19.588079_80.339166,0,0.06639359891414642,TN
B,MH-002,MH-002_19.588079_80.339435,0,0.06005462631583214,TN
B,MH-002,MH-002_19.588079_80.339705,0,0.06229240447282791,TN
B,MH-002,MH-002_19.588079_80.339974,0,0.05229828879237175,TN
B,MH-002,MH-002_19.588079_80.340244,0,0.05452505499124527,TN
B,MH-002,MH-002_19.588079_80.340513,0,0.0450444258749485,TN
B,MH-002,MH-002_19.588079_80.340783,0,0.0385267399251461,TN
B,MH-002,MH-002_19.588079_80.341591,0,0.012010377831757069,TN
B,MH-002,MH-002_19.588079_80.34213,0,0.005153927952051163,TN
B,MH-002,MH-002_19.588079_80.342399,0,0.00395976984873414,TN
B,MH-002,MH-002_19.588079_80.342669,0,0.0032067070715129375,TN
B,MH-002,MH-002_19.588079_80.342938,0,0.0025773763190954924,TN
B,MH-002,MH-002_19.588079_80.344016,0,0.003209311282262206,TN
B,MH-002,MH-002_19.588079_80.344286,0,0.0034303960856050253,TN
B,MH-002,MH-002_19.588079_80.345903,0,0.009454572573304176,TN
B,MH-002,MH-002_19.588079_80.346172,0,0.011107165366411209,TN
B,MH-002,MH-002_19.588079_80.348328,0,0.03972727060317993,TN
B,MH-002,MH-002_19.588079_80.348598,0,0.04521176218986511,TN
B,MH-002,MH-002_19.588079_80.348867,0,0.045263975858688354,TN
B,MH-002,MH-002_19.588079_80.349137,0,0.05158243700861931,TN
B,MH-002,MH-002_19.588079_80.349406,0,0.04681495577096939,TN
B,MH-002,MH-002_19.588079_80.349676,0,0.046189602464437485,TN
B,MH-002,MH-002_19.588079_80.349945,0,0.04266594350337982,TN
B,MH-002,MH-002_19.588079_80.350215,0,0.03989255428314209,TN
B,MH-002,MH-002_19.588079_80.350484,0,0.039243441075086594,TN
B,MH-002,MH-002_19.588079_80.350754,0,0.03938303142786026,TN
B,MH-002,MH-002_19.588079_80.351023,0,0.031457509845495224,TN
B,MH-002,MH-002_19.588079_80.351293,0,0.030270686373114586,TN
B,MH-002,MH-002_19.588079_80.351562,0,0.032280419021844864,TN
B,MH-002,MH-002_19.588079_80.351832,0,0.0443999320268631,TN
B,MH-002,MH-002_19.588079_80.352101,0,0.058735743165016174,TN
B,MH-002,MH-002_19.588079_80.352371,0,0.07399187237024307,TN
B,MH-002,MH-002_19.588079_80.35264,1,0.13037553429603577,FN
B,MH-002,MH-002_19.588079_80.35291,1,0.15301613509655,FN
B,MH-002,MH-002_19.588079_80.353179,1,0.199504554271698,FN
B,MH-002,MH-002_19.588079_80.353449,0,0.19052661955356598,TN
B,MH-002,MH-002_19.588079_80.354527,0,0.36226707696914673,FP
B,MH-002,MH-002_19.58781_80.336201,0,0.09163127094507217,TN
B,MH-002,MH-002_19.58781_80.336471,0,0.11634953320026398,TN
B,MH-002,MH-002_19.58781_80.33674,0,0.10405141115188599,TN
B,MH-002,MH-002_19.58781_80.33701,0,0.09107096493244171,TN
B,MH-002,MH-002_19.58781_80.337279,0,0.09655030816793442,TN
B,MH-002,MH-002_19.58781_80.338627,0,0.05264749750494957,TN
B,MH-002,MH-002_19.58781_80.338896,0,0.058327436447143555,TN
B,MH-002,MH-002_19.58781_80.339166,0,0.06794334948062897,TN
B,MH-002,MH-002_19.58781_80.339435,0,0.0652395710349083,TN
B,MH-002,MH-002_19.58781_80.339705,0,0.07284652441740036,TN
B,MH-002,MH-002_19.58781_80.339974,0,0.06932277232408524,TN
B,MH-002,MH-002_19.58781_80.340244,0,0.06774801015853882,TN
B,MH-002,MH-002_19.58781_80.340513,0,0.061075445264577866,TN
B,MH-002,MH-002_19.58781_80.340783,0,0.05569245666265488,TN
B,MH-002,MH-002_19.58781_80.341052,0,0.041981250047683716,TN
B,MH-002,MH-002_19.58781_80.341591,0,0.01762559451162815,TN
B,MH-002,MH-002_19.58781_80.34186,0,0.011806677095592022,TN
B,MH-002,MH-002_19.58781_80.34213,0,0.0055374642834067345,TN
B,MH-002,MH-002_19.58781_80.342399,0,0.003007057821378112,TN
B,MH-002,MH-002_19.58781_80.342669,0,0.002301325323060155,TN
B,MH-002,MH-002_19.58781_80.342938,0,0.0017760229529812932,TN
B,MH-002,MH-002_19.58781_80.343747,0,0.0015602398198097944,TN
B,MH-002,MH-002_19.58781_80.344016,0,0.0027363081462681293,TN
B,MH-002,MH-002_19.58781_80.348598,0,0.044325508177280426,TN
B,MH-002,MH-002_19.58781_80.348867,0,0.05116623267531395,TN
B,MH-002,MH-002_19.58781_80.349137,0,0.07348120212554932,TN
B,MH-002,MH-002_19.58781_80.349406,0,0.06206032633781433,TN
B,MH-002,MH-002_19.58781_80.349676,0,0.0622926689684391,TN
B,MH-002,MH-002_19.58781_80.349945,0,0.06141764670610428,TN
B,MH-002,MH-002_19.58781_80.350215,0,0.05355999618768692,TN
B,MH-002,MH-002_19.58781_80.350484,0,0.05174588784575462,TN
B,MH-002,MH-002_19.58781_80.350754,0,0.047191690653562546,TN
B,MH-002,MH-002_19.58781_80.351023,0,0.042270369827747345,TN
B,MH-002,MH-002_19.58781_80.351293,0,0.03988230973482132,TN
B,MH-002,MH-002_19.58781_80.351562,0,0.04207795113325119,TN
B,MH-002,MH-002_19.58781_80.351832,0,0.05750070884823799,TN
B,MH-002,MH-002_19.58781_80.352101,0,0.06823083758354187,TN
B,MH-002,MH-002_19.58781_80.352371,1,0.09290555119514465,FN
B,MH-002,MH-002_19.58781_80.35264,1,0.14459636807441711,FN
B,MH-002,MH-002_19.58781_80.35291,1,0.21604768931865692,FN
B,MH-002,MH-002_19.58781_80.353179,0,0.2762296497821808,FP
B,MH-002,MH-002_19.58781_80.353449,0,0.23843635618686676,TN
B,MH-002,MH-002_19.58781_80.353718,0,0.35458076000213623,FP
B,MH-002,MH-002_19.58754_80.335932,0,0.08435662090778351,TN
B,MH-002,MH-002_19.58754_80.336201,0,0.0815088152885437,TN
B,MH-002,MH-002_19.58754_80.336471,0,0.10046898573637009,TN
B,MH-002,MH-002_19.58754_80.33674,0,0.07693936675786972,TN
B,MH-002,MH-002_19.58754_80.33701,0,0.08264315128326416,TN
B,MH-002,MH-002_19.58754_80.337279,0,0.0943223088979721,TN
B,MH-002,MH-002_19.58754_80.337549,0,0.08428054302930832,TN
B,MH-002,MH-002_19.58754_80.337818,0,0.08497101813554764,TN
B,MH-002,MH-002_19.58754_80.338088,0,0.08186902105808258,TN
B,MH-002,MH-002_19.58754_80.338896,0,0.06194519251585007,TN
B,MH-002,MH-002_19.58754_80.339166,0,0.0718953087925911,TN
B,MH-002,MH-002_19.58754_80.339435,0,0.0709015429019928,TN
B,MH-002,MH-002_19.58754_80.339705,0,0.07342487573623657,TN
B,MH-002,MH-002_19.58754_80.339974,0,0.06346584856510162,TN
B,MH-002,MH-002_19.58754_80.340244,0,0.06317124515771866,TN
B,MH-002,MH-002_19.58754_80.340513,0,0.05238509550690651,TN
B,MH-002,MH-002_19.58754_80.340783,0,0.052849262952804565,TN
B,MH-002,MH-002_19.58754_80.341052,0,0.04222932085394859,TN
B,MH-002,MH-002_19.58754_80.341591,0,0.017859943211078644,TN
B,MH-002,MH-002_19.58754_80.34186,0,0.011825562454760075,TN
B,MH-002,MH-002_19.58754_80.342399,0,0.002752413507550955,TN
B,MH-002,MH-002_19.58754_80.343747,0,0.0014970729826018214,TN
B,MH-002,MH-002_19.58754_80.344016,0,0.0024811045732349157,TN
B,MH-002,MH-002_19.58754_80.345633,0,0.006510481704026461,TN
B,MH-002,MH-002_19.58754_80.348328,0,0.05247621610760689,TN
B,MH-002,MH-002_19.58754_80.348598,0,0.054627057164907455,TN
B,MH-002,MH-002_19.58754_80.348867,0,0.07033653557300568,TN
B,MH-002,MH-002_19.58754_80.349137,0,0.0907750204205513,TN
B,MH-002,MH-002_19.58754_80.349406,0,0.07857021689414978,TN
B,MH-002,MH-002_19.58754_80.349676,0,0.08752009272575378,TN
B,MH-002,MH-002_19.58754_80.349945,0,0.08522901684045792,TN
B,MH-002,MH-002_19.58754_80.350215,0,0.07982148230075836,TN
B,MH-002,MH-002_19.58754_80.350484,0,0.0703217089176178,TN
B,MH-002,MH-002_19.58754_80.350754,0,0.07352563738822937,TN
B,MH-002,MH-002_19.58754_80.351023,0,0.06278164684772491,TN
B,MH-002,MH-002_19.58754_80.351293,0,0.06261715292930603,TN
B,MH-002,MH-002_19.58754_80.351562,0,0.06367243826389313,TN
B,MH-002,MH-002_19.58754_80.351832,0,0.08079411089420319,TN
B,MH-002,MH-002_19.58754_80.352101,0,0.09627267718315125,TN
B,MH-002,MH-002_19.58754_80.352371,0,0.13024213910102844,TN
B,MH-002,MH-002_19.58754_80.35264,1,0.210408553481102,FN
B,MH-002,MH-002_19.58754_80.35291,0,0.3188113272190094,FP
B,MH-002,MH-002_19.58754_80.353179,0,0.3765493631362915,FP
B,MH-002,MH-002_19.58754_80.353449,0,0.37618422508239746,FP
B,MH-002,MH-002_19.58754_80.353718,0,0.4945337474346161,FP
B,MH-002,MH-002_19.58754_80.353988,0,0.6115552186965942,FP
B,MH-002,MH-002_19.587271_80.336201,0,0.062450893223285675,TN
B,MH-002,MH-002_19.587271_80.336471,0,0.0681128278374672,TN
B,MH-002,MH-002_19.587271_80.33674,0,0.06846139580011368,TN
B,MH-002,MH-002_19.587271_80.33701,0,0.07168114930391312,TN
B,MH-002,MH-002_19.587271_80.337279,0,0.08980448544025421,TN
B,MH-002,MH-002_19.587271_80.337549,0,0.0876506119966507,TN
B,MH-002,MH-002_19.587271_80.337818,0,0.08463168144226074,TN
B,MH-002,MH-002_19.587271_80.338088,0,0.08476566523313522,TN
B,MH-002,MH-002_19.587271_80.338896,0,0.07146014273166656,TN
B,MH-002,MH-002_19.587271_80.339166,0,0.07850524038076401,TN
B,MH-002,MH-002_19.587271_80.339435,0,0.07959066331386566,TN
B,MH-002,MH-002_19.587271_80.339705,0,0.07516388595104218,TN
B,MH-002,MH-002_19.587271_80.339974,0,0.06868916749954224,TN
B,MH-002,MH-002_19.587271_80.340244,0,0.06445252150297165,TN
B,MH-002,MH-002_19.587271_80.340513,0,0.06505667418241501,TN
B,MH-002,MH-002_19.587271_80.340783,0,0.05846588313579559,TN
B,MH-002,MH-002_19.587271_80.34213,0,0.00479481928050518,TN
B,MH-002,MH-002_19.587271_80.342399,1,0.0028260345570743084,FN
B,MH-002,MH-002_19.587271_80.342938,0,0.00125500385183841,TN
B,MH-002,MH-002_19.587271_80.343747,0,0.0015818343963474035,TN
B,MH-002,MH-002_19.587271_80.344016,0,0.0023898431099951267,TN
B,MH-002,MH-002_19.587271_80.344555,0,0.0064038606360554695,TN
B,MH-002,MH-002_19.587271_80.34725,0,0.02159341610968113,TN
B,MH-002,MH-002_19.587271_80.347789,0,0.04018842801451683,TN
B,MH-002,MH-002_19.587271_80.348059,0,0.054653823375701904,TN
B,MH-002,MH-002_19.587271_80.348328,0,0.06073374301195145,TN
B,MH-002,MH-002_19.587271_80.348598,0,0.06627587974071503,TN
B,MH-002,MH-002_19.587271_80.348867,0,0.08441118150949478,TN
B,MH-002,MH-002_19.587271_80.349137,0,0.08757466077804565,TN
B,MH-002,MH-002_19.587271_80.349406,0,0.08460696786642075,TN
B,MH-002,MH-002_19.587271_80.349676,0,0.09392616152763367,TN
B,MH-002,MH-002_19.587271_80.349945,0,0.0977359190583229,TN
B,MH-002,MH-002_19.587271_80.350215,0,0.09695176780223846,TN
B,MH-002,MH-002_19.587271_80.350484,0,0.09182440489530563,TN
B,MH-002,MH-002_19.587271_80.350754,0,0.08855482935905457,TN
B,MH-002,MH-002_19.587271_80.351023,0,0.08023599535226822,TN
B,MH-002,MH-002_19.587271_80.351293,0,0.08158102631568909,TN
B,MH-002,MH-002_19.587271_80.351562,0,0.09238424897193909,TN
B,MH-002,MH-002_19.587271_80.351832,0,0.10924114286899567,TN
B,MH-002,MH-002_19.587271_80.352101,0,0.12252043932676315,TN
B,MH-002,MH-002_19.587271_80.352371,0,0.16029290854930878,TN
B,MH-002,MH-002_19.587271_80.35264,0,0.23548831045627594,TN
B,MH-002,MH-002_19.587271_80.35291,0,0.3296944499015808,FP
B,MH-002,MH-002_19.587271_80.353179,0,0.38972246646881104,FP
B,MH-002,MH-002_19.587271_80.353449,0,0.4130913019180298,FP
B,MH-002,MH-002_19.587271_80.353718,0,0.531911313533783,FP
B,MH-002,MH-002_19.587271_80.353988,0,0.6124379634857178,FP
B,MH-002,MH-002_19.587001_80.338627,0,0.06333503872156143,TN
B,MH-002,MH-002_19.587001_80.338896,0,0.07480882853269577,TN
B,MH-002,MH-002_19.587001_80.339166,0,0.08131683617830276,TN
B,MH-002,MH-002_19.587001_80.339435,0,0.08617077767848969,TN
B,MH-002,MH-002_19.587001_80.339705,0,0.07084547728300095,TN
B,MH-002,MH-002_19.587001_80.339974,0,0.06561139971017838,TN
B,MH-002,MH-002_19.587001_80.340244,0,0.05315162613987923,TN
B,MH-002,MH-002_19.587001_80.340513,0,0.05228431150317192,TN
B,MH-002,MH-002_19.587001_80.340783,0,0.0433274507522583,TN
B,MH-002,MH-002_19.587001_80.341322,0,0.022616548463702202,TN
B,MH-002,MH-002_19.587001_80.341591,0,0.01630549132823944,TN
B,MH-002,MH-002_19.587001_80.343208,0,0.0014771705027669668,TN
B,MH-002,MH-002_19.587001_80.343747,0,0.0020247194916009903,TN
B,MH-002,MH-002_19.587001_80.344016,0,0.003421269590035081,TN
B,MH-002,MH-002_19.587001_80.344825,0,0.007566327229142189,TN
B,MH-002,MH-002_19.587001_80.345094,0,0.009832793846726418,TN
B,MH-002,MH-002_19.587001_80.346442,0,0.012143976986408234,TN
B,MH-002,MH-002_19.587001_80.346711,0,0.010834943503141403,TN
B,MH-002,MH-002_19.587001_80.34725,0,0.02384970709681511,TN
B,MH-002,MH-002_19.587001_80.34752,0,0.038490694016218185,TN
B,MH-002,MH-002_19.587001_80.347789,0,0.057143647223711014,TN
B,MH-002,MH-002_19.587001_80.348059,0,0.07953647524118423,TN
B,MH-002,MH-002_19.587001_80.348328,0,0.08870802074670792,TN
B,MH-002,MH-002_19.587001_80.348598,0,0.09381715953350067,TN
B,MH-002,MH-002_19.587001_80.348867,0,0.09608515352010727,TN
B,MH-002,MH-002_19.587001_80.349137,0,0.1110161766409874,TN
B,MH-002,MH-002_19.587001_80.349406,0,0.10745976865291595,TN
B,MH-002,MH-002_19.587001_80.349676,0,0.1263694167137146,TN
B,MH-002,MH-002_19.587001_80.349945,0,0.11874163150787354,TN
B,MH-002,MH-002_19.587001_80.350215,0,0.1268908679485321,TN
B,MH-002,MH-002_19.587001_80.350484,0,0.11601368337869644,TN
B,MH-002,MH-002_19.587001_80.350754,0,0.11887705326080322,TN
B,MH-002,MH-002_19.587001_80.351023,0,0.10627495497465134,TN
B,MH-002,MH-002_19.587001_80.351293,0,0.11229604482650757,TN
B,MH-002,MH-002_19.587001_80.351562,0,0.11411470174789429,TN
B,MH-002,MH-002_19.587001_80.351832,0,0.14506316184997559,TN
B,MH-002,MH-002_19.587001_80.352101,0,0.16360239684581757,TN
B,MH-002,MH-002_19.587001_80.352371,0,0.20256243646144867,TN
B,MH-002,MH-002_19.587001_80.35264,0,0.2692835032939911,FP
B,MH-002,MH-002_19.587001_80.35291,0,0.3401429355144501,FP
B,MH-002,MH-002_19.587001_80.353179,0,0.40981659293174744,FP
B,MH-002,MH-002_19.587001_80.353449,0,0.46758294105529785,FP
B,MH-002,MH-002_19.587001_80.353718,0,0.5583457350730896,FP
B,MH-002,MH-002_19.586732_80.33674,0,0.053487662225961685,TN
B,MH-002,MH-002_19.586732_80.33701,0,0.06484559923410416,TN
B,MH-002,MH-002_19.586732_80.337279,0,0.07404366135597229,TN
B,MH-002,MH-002_19.586732_80.337549,0,0.0801587924361229,TN
B,MH-002,MH-002_19.586732_80.337818,0,0.08567418158054352,TN
B,MH-002,MH-002_19.586732_80.338088,0,0.09066994488239288,TN
B,MH-002,MH-002_19.586732_80.338357,0,0.08953340351581573,TN
B,MH-002,MH-002_19.586732_80.338627,0,0.06751574575901031,TN
B,MH-002,MH-002_19.586732_80.338896,0,0.08149795979261398,TN
B,MH-002,MH-002_19.586732_80.339166,0,0.08544299006462097,TN
B,MH-002,MH-002_19.586732_80.339435,0,0.09702452272176743,TN
B,MH-002,MH-002_19.586732_80.339705,0,0.09004146605730057,TN
B,MH-002,MH-002_19.586732_80.339974,0,0.08305159956216812,TN
B,MH-002,MH-002_19.586732_80.340244,0,0.07020244002342224,TN
B,MH-002,MH-002_19.586732_80.340513,0,0.07968450337648392,TN
B,MH-002,MH-002_19.586732_80.340783,0,0.05209728330373764,TN
B,MH-002,MH-002_19.586732_80.341591,0,0.01759914495050907,TN
B,MH-002,MH-002_19.586732_80.34213,0,0.0050302487798035145,TN
B,MH-002,MH-002_19.586732_80.342399,0,0.002842511050403118,TN
B,MH-002,MH-002_19.586732_80.342669,0,0.0016985113034024835,TN
B,MH-002,MH-002_19.586732_80.342938,0,0.0017544706352055073,TN
B,MH-002,MH-002_19.586732_80.343747,0,0.0023803873918950558,TN
B,MH-002,MH-002_19.586732_80.345094,1,0.0112108513712883,FN
B,MH-002,MH-002_19.586732_80.346442,0,0.014659887179732323,TN
B,MH-002,MH-002_19.586732_80.346711,0,0.013748008757829666,TN
B,MH-002,MH-002_19.586732_80.34725,0,0.027120040729641914,TN
B,MH-002,MH-002_19.586732_80.34752,0,0.037079136818647385,TN
B,MH-002,MH-002_19.586732_80.347789,0,0.05156528949737549,TN
B,MH-002,MH-002_19.586732_80.348059,0,0.07552988827228546,TN
B,MH-002,MH-002_19.586732_80.348328,0,0.08990957587957382,TN
B,MH-002,MH-002_19.586732_80.348598,0,0.10195138305425644,TN
B,MH-002,MH-002_19.586732_80.348867,0,0.12400900572538376,TN
B,MH-002,MH-002_19.586732_80.349137,0,0.1324511617422104,TN
B,MH-002,MH-002_19.586732_80.349406,0,0.13402020931243896,TN
B,MH-002,MH-002_19.586732_80.349676,0,0.13607308268547058,TN
B,MH-002,MH-002_19.586732_80.349945,0,0.1465887427330017,TN
B,MH-002,MH-002_19.586732_80.350215,0,0.15072894096374512,TN
B,MH-002,MH-002_19.586732_80.350484,0,0.15015996992588043,TN
B,MH-002,MH-002_19.586732_80.350754,0,0.14583510160446167,TN
B,MH-002,MH-002_19.586732_80.351023,0,0.13368737697601318,TN
B,MH-002,MH-002_19.586732_80.351293,0,0.1356876641511917,TN
B,MH-002,MH-002_19.586732_80.351562,0,0.155388742685318,TN
B,MH-002,MH-002_19.586732_80.351832,0,0.17924317717552185,TN
B,MH-002,MH-002_19.586732_80.352371,0,0.23892946541309357,TN
B,MH-002,MH-002_19.586732_80.35264,0,0.30679163336753845,FP
B,MH-002,MH-002_19.586732_80.35291,0,0.38667240738868713,FP
B,MH-002,MH-002_19.586732_80.353179,0,0.43442046642303467,FP
B,MH-002,MH-002_19.586732_80.353449,0,0.4600222110748291,FP
B,MH-002,MH-002_19.586462_80.33701,0,0.0638166069984436,TN
B,MH-002,MH-002_19.586462_80.337279,0,0.0716531053185463,TN
B,MH-002,MH-002_19.586462_80.337549,0,0.07767130434513092,TN
B,MH-002,MH-002_19.586462_80.337818,0,0.09259413182735443,TN
B,MH-002,MH-002_19.586462_80.338088,0,0.08935697376728058,TN
B,MH-002,MH-002_19.586462_80.338357,0,0.0850432813167572,TN
B,MH-002,MH-002_19.586462_80.338627,0,0.07211590558290482,TN
B,MH-002,MH-002_19.586462_80.338896,0,0.08483843505382538,TN
B,MH-002,MH-002_19.586462_80.339166,0,0.09361670166254044,TN
B,MH-002,MH-002_19.586462_80.339435,0,0.10898697376251221,TN
B,MH-002,MH-002_19.586462_80.339705,0,0.09562599658966064,TN
B,MH-002,MH-002_19.586462_80.339974,0,0.0880545973777771,TN
B,MH-002,MH-002_19.586462_80.340244,0,0.06875458359718323,TN
B,MH-002,MH-002_19.586462_80.340513,0,0.06061207875609398,TN
B,MH-002,MH-002_19.586462_80.340783,0,0.03952140733599663,TN
B,MH-002,MH-002_19.586462_80.34186,0,0.010887512937188148,TN
B,MH-002,MH-002_19.586462_80.34213,0,0.005729654338210821,TN
B,MH-002,MH-002_19.586462_80.342399,0,0.003584152553230524,TN
B,MH-002,MH-002_19.586462_80.342669,0,0.0020327342208474874,TN
B,MH-002,MH-002_19.586462_80.342938,0,0.002908973256126046,TN
B,MH-002,MH-002_19.586462_80.343208,0,0.002801818074658513,TN
B,MH-002,MH-002_19.586462_80.343477,0,0.0035156202502548695,TN
B,MH-002,MH-002_19.586462_80.343747,0,0.0038286426570266485,TN
B,MH-002,MH-002_19.586462_80.344016,0,0.005618949420750141,TN
B,MH-002,MH-002_19.586462_80.347789,0,0.06769493222236633,TN
B,MH-002,MH-002_19.586462_80.348059,0,0.08022469282150269,TN
B,MH-002,MH-002_19.586462_80.348328,0,0.09812533110380173,TN
B,MH-002,MH-002_19.586462_80.348598,0,0.11322086304426193,TN
B,MH-002,MH-002_19.586462_80.348867,0,0.14274272322654724,TN
B,MH-002,MH-002_19.586462_80.349137,0,0.16319513320922852,TN
B,MH-002,MH-002_19.586462_80.349406,0,0.15179826319217682,TN
B,MH-002,MH-002_19.586462_80.349676,0,0.1658785194158554,TN
B,MH-002,MH-002_19.586462_80.349945,0,0.16266243159770966,TN
B,MH-002,MH-002_19.586462_80.350215,0,0.17626631259918213,TN
B,MH-002,MH-002_19.586193_80.337279,0,0.0654408261179924,TN
B,MH-002,MH-002_19.586193_80.337549,0,0.06744406372308731,TN
B,MH-002,MH-002_19.586193_80.337818,0,0.07928476482629776,TN
B,MH-002,MH-002_19.586193_80.338088,0,0.08469429612159729,TN
B,MH-002,MH-002_19.586193_80.338357,0,0.0807361900806427,TN
B,MH-002,MH-002_19.586193_80.338627,0,0.06768517196178436,TN
B,MH-002,MH-002_19.586193_80.338896,0,0.08099955320358276,TN
B,MH-002,MH-002_19.586193_80.339166,0,0.09122688323259354,TN
B,MH-002,MH-002_19.586193_80.339435,0,0.1163758784532547,TN
B,MH-002,MH-002_19.586193_80.339705,0,0.10001009702682495,TN
B,MH-002,MH-002_19.586193_80.339974,0,0.08536940813064575,TN
B,MH-002,MH-002_19.586193_80.340244,0,0.061125531792640686,TN
B,MH-002,MH-002_19.586193_80.340513,0,0.05278793349862099,TN
B,MH-002,MH-002_19.586193_80.340783,0,0.029573863372206688,TN
B,MH-002,MH-002_19.586193_80.341052,0,0.019973326474428177,TN
B,MH-002,MH-002_19.586193_80.341322,0,0.019040508195757866,TN
B,MH-002,MH-002_19.586193_80.34186,0,0.008764149621129036,TN
B,MH-002,MH-002_19.586193_80.34213,0,0.004795449320226908,TN
B,MH-002,MH-002_19.586193_80.342399,0,0.0037297760136425495,TN
B,MH-002,MH-002_19.586193_80.342669,0,0.002770898165181279,TN
B,MH-002,MH-002_19.586193_80.342938,0,0.0031931858975440264,TN
B,MH-002,MH-002_19.586193_80.343208,0,0.0030842844862490892,TN
B,MH-002,MH-002_19.586193_80.344286,0,0.007083510980010033,TN
B,MH-002,MH-002_19.586193_80.34725,0,0.023061009123921394,TN
B,MH-002,MH-002_19.586193_80.34752,0,0.038704629987478256,TN
B,MH-002,MH-002_19.586193_80.348059,0,0.07886885106563568,TN
B,MH-002,MH-002_19.586193_80.348328,0,0.10607046633958817,TN
B,MH-002,MH-002_19.586193_80.348598,0,0.1436186134815216,TN
B,MH-002,MH-002_19.586193_80.348867,0,0.1610112488269806,TN
B,MH-002,MH-002_19.585923_80.337549,0,0.06908765435218811,TN
B,MH-002,MH-002_19.585923_80.337818,0,0.08045189082622528,TN
B,MH-002,MH-002_19.585923_80.338088,0,0.07951365411281586,TN
B,MH-002,MH-002_19.585923_80.338357,0,0.07855040580034256,TN
B,MH-002,MH-002_19.585923_80.338627,0,0.0699118971824646,TN
B,MH-002,MH-002_19.585923_80.338896,0,0.07216551899909973,TN
B,MH-002,MH-002_19.585923_80.339166,0,0.08532948791980743,TN
B,MH-002,MH-002_19.585923_80.339435,0,0.10210058093070984,TN
B,MH-002,MH-002_19.585923_80.339705,0,0.08697648346424103,TN
B,MH-002,MH-002_19.585923_80.339974,0,0.07840248197317123,TN
B,MH-002,MH-002_19.585923_80.340244,0,0.05825820192694664,TN
B,MH-002,MH-002_19.585923_80.340513,0,0.04792534559965134,TN
B,MH-002,MH-002_19.585923_80.340783,0,0.028355875983834267,TN
B,MH-002,MH-002_19.585923_80.341052,0,0.02599606104195118,TN
B,MH-002,MH-002_19.585923_80.341322,0,0.02585378661751747,TN
B,MH-002,MH-002_19.585923_80.341591,0,0.017653077840805054,TN
B,MH-002,MH-002_19.585923_80.34213,0,0.0073904069140553474,TN
B,MH-002,MH-002_19.585923_80.342399,0,0.005023246631026268,TN
B,MH-002,MH-002_19.585923_80.342669,0,0.004210012964904308,TN
B,MH-002,MH-002_19.585923_80.342938,0,0.004749331623315811,TN
B,MH-002,MH-002_19.585923_80.344286,0,0.009992236271500587,TN
B,MH-002,MH-002_19.585923_80.344555,0,0.009449724107980728,TN
B,MH-002,MH-002_19.585923_80.344825,0,0.013058819808065891,TN
B,MH-002,MH-002_19.585923_80.346981,0,0.017024094238877296,TN
B,MH-002,MH-002_19.585923_80.34725,0,0.020289869979023933,TN
B,MH-002,MH-002_19.585923_80.34752,0,0.028188321739435196,TN
B,MH-002,MH-002_19.585654_80.337818,0,0.10207225382328033,TN
B,MH-002,MH-002_19.585654_80.338088,0,0.10348556935787201,TN
B,MH-002,MH-002_19.585654_80.338357,0,0.10271736979484558,TN
B,MH-002,MH-002_19.585654_80.338627,0,0.07497070729732513,TN
B,MH-002,MH-002_19.585654_80.338896,0,0.07902851700782776,TN
B,MH-002,MH-002_19.585654_80.339166,0,0.09253755211830139,TN
B,MH-002,MH-002_19.585654_80.339435,0,0.10932167619466782,TN
B,MH-002,MH-002_19.585654_80.339705,0,0.0933995395898819,TN
B,MH-002,MH-002_19.585654_80.339974,0,0.08393678814172745,TN
B,MH-002,MH-002_19.585654_80.340244,0,0.07114312052726746,TN
B,MH-002,MH-002_19.585654_80.340513,0,0.05821504816412926,TN
B,MH-002,MH-002_19.585654_80.340783,0,0.04118000343441963,TN
B,MH-002,MH-002_19.585654_80.341052,0,0.032217592000961304,TN
B,MH-002,MH-002_19.585654_80.341322,0,0.023163631558418274,TN
B,MH-002,MH-002_19.585654_80.341591,0,0.01671499013900757,TN
B,MH-002,MH-002_19.585654_80.34213,0,0.007458814419806004,TN
B,MH-002,MH-002_19.585654_80.342399,0,0.005182440858334303,TN
B,MH-002,MH-002_19.585654_80.342669,0,0.005812724586576223,TN
B,MH-002,MH-002_19.585654_80.342938,0,0.0074345385655760765,TN
B,MH-002,MH-002_19.585654_80.344286,0,0.008893377147614956,TN
B,MH-002,MH-002_19.585654_80.344555,0,0.008240476250648499,TN
B,MH-002,MH-002_19.585654_80.344825,0,0.009514834731817245,TN
B,MH-002,MH-002_19.585654_80.346172,0,0.02828698419034481,TN
B,MH-002,MH-002_19.585654_80.346711,0,0.029317401349544525,TN
B,MH-002,MH-002_19.585654_80.346981,0,0.018587667495012283,TN
B,MH-002,MH-002_19.585384_80.338088,0,0.11834294348955154,TN
B,MH-002,MH-002_19.585384_80.338357,0,0.11193682253360748,TN
B,MH-002,MH-002_19.585384_80.338627,0,0.09449571371078491,TN
B,MH-002,MH-002_19.585384_80.338896,0,0.08687995374202728,TN
B,MH-002,MH-002_19.585384_80.339166,0,0.09487650543451309,TN
B,MH-002,MH-002_19.585384_80.339435,0,0.11444222927093506,TN
B,MH-002,MH-002_19.585384_80.339705,0,0.10927179455757141,TN
B,MH-002,MH-002_19.585384_80.339974,0,0.1161411926150322,TN
B,MH-002,MH-002_19.585384_80.340244,0,0.10355062782764435,TN
B,MH-002,MH-002_19.585384_80.340513,0,0.10207192599773407,TN
B,MH-002,MH-002_19.585384_80.340783,0,0.05823157727718353,TN
B,MH-002,MH-002_19.585384_80.341052,0,0.043588787317276,TN
B,MH-002,MH-002_19.585384_80.341322,0,0.03665585070848465,TN
B,MH-002,MH-002_19.585384_80.341591,0,0.022327207028865814,TN
B,MH-002,MH-002_19.585384_80.342399,0,0.012706714682281017,TN
B,MH-002,MH-002_19.585384_80.342669,0,0.016034608706831932,TN
B,MH-002,MH-002_19.585384_80.342938,1,0.015604457817971706,FN
B,MH-002,MH-002_19.585384_80.343208,0,0.02179238572716713,TN
B,MH-002,MH-002_19.585384_80.344016,0,0.020525289699435234,TN
B,MH-002,MH-002_19.585384_80.344286,0,0.015154792927205563,TN
B,MH-002,MH-002_19.585384_80.344555,0,0.010146241635084152,TN
B,MH-002,MH-002_19.585384_80.344825,0,0.011468376033008099,TN
B,MH-002,MH-002_19.585115_80.338357,0,0.15076357126235962,TN
B,MH-002,MH-002_19.585115_80.338627,0,0.12798704206943512,TN
B,MH-002,MH-002_19.585115_80.338896,0,0.11450721323490143,TN
B,MH-002,MH-002_19.585115_80.339166,0,0.12562721967697144,TN
B,MH-002,MH-002_19.585115_80.339435,0,0.12610574066638947,TN
B,MH-002,MH-002_19.585115_80.339705,0,0.12704119086265564,TN
B,MH-002,MH-002_19.585115_80.339974,0,0.13151569664478302,TN
B,MH-002,MH-002_19.585115_80.340244,0,0.12252549082040787,TN
B,MH-002,MH-002_19.585115_80.340513,0,0.1328016072511673,TN
B,MH-002,MH-002_19.585115_80.340783,0,0.09557728469371796,TN
B,MH-002,MH-002_19.585115_80.341052,0,0.06743533909320831,TN
B,MH-002,MH-002_19.585115_80.341322,0,0.05655885860323906,TN
B,MH-002,MH-002_19.585115_80.341591,0,0.04038597270846367,TN
B,MH-002,MH-002_19.585115_80.342399,0,0.02365005947649479,TN
B,MH-002,MH-002_19.585115_80.342669,0,0.03175252303481102,TN
B,MH-002,MH-002_19.585115_80.342938,1,0.036212872713804245,FN
B,MH-002,MH-002_19.585115_80.343208,1,0.04080696031451225,FN
B,MH-002,MH-002_19.585115_80.343477,0,0.05066148564219475,TN
B,MH-002,MH-002_19.585115_80.343747,0,0.04853629693388939,TN
B,MH-002,MH-002_19.585115_80.344016,0,0.03487471491098404,TN
B,MH-002,MH-002_19.585115_80.344286,0,0.017885731533169746,TN
B,MH-002,MH-002_19.585115_80.344555,0,0.014514938928186893,TN
B,MH-002,MH-002_19.585115_80.344825,0,0.011830094270408154,TN
B,MH-002,MH-002_19.611795_80.36881,0,0.24632711708545685,TN
B,MH-002,MH-002_19.611795_80.369079,0,0.24915233254432678,TN
B,MH-002,MH-002_19.611795_80.369349,0,0.2645564377307892,FP
B,MH-002,MH-002_19.611795_80.369618,0,0.24382007122039795,TN
B,MH-002,MH-002_19.611795_80.369888,0,0.23463845252990723,TN
B,MH-002,MH-002_19.611525_80.367732,0,0.274689257144928,FP
B,MH-002,MH-002_19.611525_80.368001,0,0.22008554637432098,TN
B,MH-002,MH-002_19.611525_80.368271,0,0.20369531214237213,TN
B,MH-002,MH-002_19.611525_80.36854,0,0.18406935036182404,TN
B,MH-002,MH-002_19.611525_80.36881,0,0.21326185762882233,TN
B,MH-002,MH-002_19.611525_80.369079,0,0.2622438669204712,FP
B,MH-002,MH-002_19.611525_80.369349,0,0.27103206515312195,FP
B,MH-002,MH-002_19.611525_80.369618,0,0.28889602422714233,FP
B,MH-002,MH-002_19.611525_80.369888,0,0.2432660609483719,TN
B,MH-002,MH-002_19.611256_80.366385,0,0.531059980392456,FP
B,MH-002,MH-002_19.611256_80.366654,0,0.44528236985206604,FP
B,MH-002,MH-002_19.611256_80.366923,0,0.412152498960495,FP
B,MH-002,MH-002_19.611256_80.367193,0,0.32798489928245544,FP
B,MH-002,MH-002_19.611256_80.367462,0,0.2432943731546402,TN
B,MH-002,MH-002_19.611256_80.367732,0,0.18135058879852295,TN
B,MH-002,MH-002_19.611256_80.368001,0,0.16115544736385345,TN
B,MH-002,MH-002_19.611256_80.368271,0,0.15234966576099396,TN
B,MH-002,MH-002_19.611256_80.36854,0,0.1343211680650711,TN
B,MH-002,MH-002_19.611256_80.36881,0,0.15340593457221985,TN
B,MH-002,MH-002_19.611256_80.369079,0,0.23449204862117767,TN
B,MH-002,MH-002_19.611256_80.369349,0,0.2684171199798584,FP
B,MH-002,MH-002_19.611256_80.369618,0,0.32267844676971436,FP
B,MH-002,MH-002_19.611256_80.369888,0,0.31211620569229126,FP
B,MH-002,MH-002_19.610986_80.365307,0,0.6191369891166687,FP
B,MH-002,MH-002_19.610986_80.365846,0,0.5488598942756653,FP
B,MH-002,MH-002_19.610986_80.366385,0,0.46416670083999634,FP
B,MH-002,MH-002_19.610986_80.366654,0,0.3721327483654022,FP
B,MH-002,MH-002_19.610986_80.366923,0,0.26812154054641724,FP
B,MH-002,MH-002_19.610986_80.367193,0,0.2197483777999878,TN
B,MH-002,MH-002_19.610986_80.367462,0,0.13358016312122345,TN
B,MH-002,MH-002_19.610986_80.367732,0,0.1090230867266655,TN
B,MH-002,MH-002_19.610986_80.368001,0,0.09094509482383728,TN
B,MH-002,MH-002_19.610986_80.368271,0,0.08088291436433792,TN
B,MH-002,MH-002_19.610986_80.36854,0,0.08437658101320267,TN
B,MH-002,MH-002_19.610986_80.36881,0,0.11230125278234482,TN
B,MH-002,MH-002_19.610986_80.369079,0,0.21537619829177856,TN
B,MH-002,MH-002_19.610986_80.369349,0,0.25077328085899353,FP
B,MH-002,MH-002_19.610986_80.369618,1,0.33039599657058716,TP
B,MH-002,MH-002_19.610986_80.369888,0,0.32176846265792847,FP
B,MH-002,MH-002_19.610717_80.363959,1,0.6096488833427429,TP
B,MH-002,MH-002_19.610717_80.364229,1,0.5884071588516235,TP
B,MH-002,MH-002_19.610717_80.364498,1,0.5784783363342285,TP
B,MH-002,MH-002_19.610717_80.364768,0,0.5538508892059326,FP
B,MH-002,MH-002_19.610717_80.365307,1,0.5183038711547852,TP
B,MH-002,MH-002_19.610717_80.368001,0,0.048656657338142395,TN
B,MH-002,MH-002_19.610717_80.368271,0,0.046575747430324554,TN
B,MH-002,MH-002_19.610717_80.36854,0,0.04696252569556236,TN
B,MH-002,MH-002_19.610717_80.36881,0,0.0672091543674469,TN
B,MH-002,MH-002_19.610717_80.369079,0,0.11987124383449554,TN
B,MH-002,MH-002_19.610717_80.369349,0,0.1746721714735031,TN
B,MH-002,MH-002_19.610717_80.369618,0,0.257832795381546,FP
B,MH-002,MH-002_19.610717_80.369888,0,0.3038690388202667,FP
B,MH-002,MH-002_19.610447_80.364229,1,0.5163379311561584,TP
B,MH-002,MH-002_19.610447_80.364498,1,0.49537423253059387,TP
B,MH-002,MH-002_19.610447_80.364768,1,0.4734034538269043,TP
B,MH-002,MH-002_19.610447_80.365846,1,0.33592766523361206,TP
B,MH-002,MH-002_19.610447_80.366115,1,0.3366907238960266,TP
B,MH-002,MH-002_19.610447_80.366385,1,0.23440155386924744,FN
B,MH-002,MH-002_19.610447_80.368271,1,0.028260566294193268,FN
B,MH-002,MH-002_19.610447_80.369079,0,0.1052248552441597,TN
B,MH-002,MH-002_19.610447_80.369349,0,0.1564863920211792,TN
B,MH-002,MH-002_19.610447_80.369618,0,0.20126715302467346,TN
B,MH-002,MH-002_19.610447_80.369888,0,0.24614408612251282,TN
B,MH-002,MH-002_19.610178_80.363959,1,0.43161913752555847,TP
B,MH-002,MH-002_19.610178_80.364229,1,0.39306485652923584,TP
B,MH-002,MH-002_19.610178_80.364498,1,0.3840157687664032,TP
B,MH-002,MH-002_19.610178_80.364768,1,0.3544829487800598,TP
B,MH-002,MH-002_19.610178_80.366115,1,0.26343294978141785,TP
B,MH-002,MH-002_19.610178_80.366385,1,0.21542973816394806,FN
B,MH-002,MH-002_19.610178_80.366923,0,0.12944729626178741,TN
B,MH-002,MH-002_19.610178_80.367193,0,0.07924394309520721,TN
B,MH-002,MH-002_19.610178_80.367462,0,0.04197671636939049,TN
B,MH-002,MH-002_19.610178_80.367732,0,0.033184368163347244,TN
B,MH-002,MH-002_19.610178_80.368001,0,0.020265409722924232,TN
B,MH-002,MH-002_19.610178_80.368271,0,0.019665108993649483,TN
B,MH-002,MH-002_19.610178_80.36854,1,0.017743220552802086,FN
B,MH-002,MH-002_19.610178_80.36881,1,0.02440940961241722,FN
B,MH-002,MH-002_19.610178_80.369349,0,0.09350287169218063,TN
B,MH-002,MH-002_19.610178_80.369618,0,0.15663163363933563,TN
B,MH-002,MH-002_19.610178_80.369888,0,0.19472944736480713,TN
B,MH-002,MH-002_19.609908_80.363959,1,0.29909786581993103,TP
B,MH-002,MH-002_19.609908_80.364229,1,0.30681005120277405,TP
B,MH-002,MH-002_19.609908_80.364498,1,0.2762848138809204,TP
B,MH-002,MH-002_19.609908_80.365307,0,0.1813828945159912,TN
B,MH-002,MH-002_19.609908_80.365576,0,0.1670672744512558,TN
B,MH-002,MH-002_19.609908_80.366385,0,0.12201252579689026,TN
B,MH-002,MH-002_19.609908_80.366654,0,0.15389110147953033,TN
B,MH-002,MH-002_19.609908_80.366923,0,0.08687452971935272,TN
B,MH-002,MH-002_19.609908_80.367193,0,0.06056307628750801,TN
B,MH-002,MH-002_19.609908_80.367462,0,0.032091353088617325,TN
B,MH-002,MH-002_19.609908_80.367732,0,0.029570991173386574,TN
B,MH-002,MH-002_19.609908_80.368001,0,0.017186323180794716,TN
B,MH-002,MH-002_19.609908_80.368271,0,0.019843989983201027,TN
B,MH-002,MH-002_19.609908_80.36854,0,0.017969045788049698,TN
B,MH-002,MH-002_19.609908_80.36881,0,0.02074158377945423,TN
B,MH-002,MH-002_19.609908_80.369079,0,0.03424755111336708,TN
B,MH-002,MH-002_19.609908_80.369618,0,0.08266238868236542,TN
B,MH-002,MH-002_19.609908_80.369888,0,0.08297867327928543,TN
B,MH-002,MH-002_19.609639_80.363959,1,0.20264379680156708,FN
B,MH-002,MH-002_19.609639_80.364229,0,0.18576699495315552,TN
B,MH-002,MH-002_19.609639_80.364498,1,0.2023596614599228,FN
B,MH-002,MH-002_19.609639_80.365037,1,0.16081616282463074,FN
B,MH-002,MH-002_19.609639_80.365846,0,0.18036386370658875,TN
B,MH-002,MH-002_19.609639_80.366115,1,0.16748139262199402,FN
B,MH-002,MH-002_19.609639_80.366385,0,0.15717633068561554,TN
B,MH-002,MH-002_19.609639_80.366654,0,0.1346050500869751,TN
B,MH-002,MH-002_19.609639_80.366923,0,0.09168575704097748,TN
B,MH-002,MH-002_19.609639_80.367193,0,0.06641668826341629,TN
B,MH-002,MH-002_19.609639_80.367462,0,0.032163333147764206,TN
B,MH-002,MH-002_19.609639_80.367732,0,0.02534865215420723,TN
B,MH-002,MH-002_19.609639_80.368001,0,0.015139257535338402,TN
B,MH-002,MH-002_19.609639_80.368271,0,0.014900350011885166,TN
B,MH-002,MH-002_19.609639_80.36854,0,0.010678115300834179,TN
B,MH-002,MH-002_19.609639_80.36881,0,0.010717226192355156,TN
B,MH-002,MH-002_19.609639_80.369079,0,0.014591118320822716,TN
B,MH-002,MH-002_19.609639_80.369618,0,0.02961237169802189,TN
B,MH-002,MH-002_19.609639_80.369888,0,0.042278073728084564,TN
B,MH-002,MH-002_19.609369_80.363959,0,0.15560805797576904,TN
B,MH-002,MH-002_19.609369_80.364229,0,0.13624538481235504,TN
B,MH-002,MH-002_19.609369_80.364498,0,0.12641414999961853,TN
B,MH-002,MH-002_19.609369_80.365307,0,0.09052536636590958,TN
B,MH-002,MH-002_19.609369_80.365576,0,0.0811883732676506,TN
B,MH-002,MH-002_19.609369_80.365846,1,0.10755555331707001,FN
B,MH-002,MH-002_19.609369_80.366115,0,0.09367905557155609,TN
B,MH-002,MH-002_19.609369_80.366385,0,0.07756238430738449,TN
B,MH-002,MH-002_19.609369_80.366654,0,0.07656195759773254,TN
B,MH-002,MH-002_19.609369_80.367193,0,0.04132764786481857,TN
B,MH-002,MH-002_19.609369_80.367462,0,0.02008896879851818,TN
B,MH-002,MH-002_19.609369_80.367732,0,0.01759091205894947,TN
B,MH-002,MH-002_19.609369_80.368001,0,0.010584985837340355,TN
B,MH-002,MH-002_19.609369_80.368271,0,0.01011926680803299,TN
B,MH-002,MH-002_19.609369_80.369079,0,0.00915451068431139,TN
B,MH-002,MH-002_19.609369_80.369349,0,0.01255590096116066,TN
B,MH-002,MH-002_19.609369_80.369618,0,0.015514669939875603,TN
B,MH-002,MH-002_19.609369_80.369888,0,0.025530308485031128,TN
B,MH-002,MH-002_19.6091_80.363959,0,0.134207084774971,TN
B,MH-002,MH-002_19.6091_80.364229,0,0.12924090027809143,TN
B,MH-002,MH-002_19.6091_80.364498,0,0.1245470717549324,TN
B,MH-002,MH-002_19.6091_80.364768,1,0.07974836230278015,FN
B,MH-002,MH-002_19.6091_80.365307,0,0.08341451734304428,TN
B,MH-002,MH-002_19.6091_80.365576,0,0.08780249208211899,TN
B,MH-002,MH-002_19.6091_80.365846,0,0.08420472592115402,TN
B,MH-002,MH-002_19.6091_80.366115,0,0.08019828051328659,TN
B,MH-002,MH-002_19.6091_80.366385,0,0.06886023283004761,TN
B,MH-002,MH-002_19.6091_80.366654,0,0.058084968477487564,TN
B,MH-002,MH-002_19.6091_80.367462,0,0.01706855744123459,TN
B,MH-002,MH-002_19.6091_80.367732,0,0.012771830894052982,TN
B,MH-002,MH-002_19.6091_80.368001,0,0.007169648539274931,TN
B,MH-002,MH-002_19.6091_80.36881,0,0.0058376966044306755,TN
B,MH-002,MH-002_19.6091_80.369079,0,0.005192657932639122,TN
B,MH-002,MH-002_19.6091_80.369349,0,0.006369887385517359,TN
B,MH-002,MH-002_19.6091_80.369618,0,0.008284900337457657,TN
B,MH-002,MH-002_19.6091_80.369888,0,0.011155769228935242,TN
B,MH-002,MH-002_19.60883_80.363959,0,0.08380734920501709,TN
B,MH-002,MH-002_19.60883_80.364229,1,0.0849199965596199,FN
B,MH-002,MH-002_19.60883_80.364498,1,0.07450718432664871,FN
B,MH-002,MH-002_19.60883_80.364768,0,0.06391145288944244,TN
B,MH-002,MH-002_19.60883_80.365037,1,0.06401665508747101,FN
B,MH-002,MH-002_19.60883_80.365576,1,0.06286828964948654,FN
B,MH-002,MH-002_19.60883_80.365846,0,0.0682113766670227,TN
B,MH-002,MH-002_19.60883_80.366115,0,0.05624203756451607,TN
B,MH-002,MH-002_19.60883_80.366385,0,0.05271020904183388,TN
B,MH-002,MH-002_19.60883_80.366654,0,0.041743285953998566,TN
B,MH-002,MH-002_19.60883_80.36854,0,0.006237294524908066,TN
B,MH-002,MH-002_19.60883_80.36881,0,0.005347921047359705,TN
B,MH-002,MH-002_19.60883_80.369079,0,0.004862283356487751,TN
B,MH-002,MH-002_19.60883_80.369349,0,0.007694321684539318,TN
B,MH-002,MH-002_19.60883_80.369618,0,0.010038977488875389,TN
B,MH-002,MH-002_19.60883_80.369888,0,0.013654935173690319,TN
B,MH-002,MH-002_19.608561_80.363959,1,0.06701347976922989,FN
B,MH-002,MH-002_19.608561_80.364229,1,0.07071622461080551,FN
B,MH-002,MH-002_19.608561_80.364498,1,0.06815014034509659,FN
B,MH-002,MH-002_19.608561_80.364768,0,0.058297064155340195,TN
B,MH-002,MH-002_19.608561_80.365037,0,0.07059869170188904,TN
B,MH-002,MH-002_19.608561_80.365307,0,0.05740586668252945,TN
B,MH-002,MH-002_19.608561_80.365846,0,0.0404336042702198,TN
B,MH-002,MH-002_19.608561_80.366115,0,0.03931828960776329,TN
B,MH-002,MH-002_19.608561_80.366385,0,0.028286242857575417,TN
B,MH-002,MH-002_19.608561_80.366654,0,0.02509487420320511,TN
B,MH-002,MH-002_19.608561_80.367732,0,0.007840502075850964,TN
B,MH-002,MH-002_19.608561_80.36881,0,0.0053965370170772076,TN
B,MH-002,MH-002_19.608291_80.363959,1,0.032441217452287674,FN
B,MH-002,MH-002_19.608291_80.364229,1,0.02772340178489685,FN
B,MH-002,MH-002_19.608291_80.364498,1,0.026485390961170197,FN
B,MH-002,MH-002_19.608291_80.364768,1,0.02914975769817829,FN
B,MH-002,MH-002_19.608291_80.365037,0,0.03589705377817154,TN
B,MH-002,MH-002_19.608291_80.365307,1,0.045563191175460815,FN
B,MH-002,MH-002_19.608291_80.366115,0,0.0331219919025898,TN
B,MH-002,MH-002_19.608291_80.366385,0,0.02332928217947483,TN
B,MH-002,MH-002_19.608291_80.366654,0,0.01762004941701889,TN
B,MH-002,MH-002_19.608291_80.366923,0,0.01298255193978548,TN
B,MH-002,MH-002_19.608291_80.367732,0,0.007806789595633745,TN
B,MH-002,MH-002_19.608291_80.369079,0,0.009004011750221252,TN
B,MH-002,MH-002_19.608291_80.369349,1,0.013724494725465775,FN
B,MH-002,MH-002_19.608291_80.369618,1,0.016393456608057022,FN
B,MH-002,MH-002_19.608291_80.369888,0,0.021088773384690285,TN
B,MH-002,MH-002_19.608022_80.364229,0,0.01744060590863228,TN
B,MH-002,MH-002_19.608022_80.364498,1,0.015904584899544716,FN
B,MH-002,MH-002_19.608022_80.364768,1,0.015805426985025406,FN
B,MH-002,MH-002_19.608022_80.365037,1,0.023557957261800766,FN
B,MH-002,MH-002_19.608022_80.365307,0,0.02707652375102043,TN
B,MH-002,MH-002_19.608022_80.365576,0,0.029389550909399986,TN
B,MH-002,MH-002_19.608022_80.366115,0,0.02261361852288246,TN
B,MH-002,MH-002_19.608022_80.366385,0,0.01812979206442833,TN
B,MH-002,MH-002_19.608022_80.366654,0,0.011964716948568821,TN
B,MH-002,MH-002_19.608022_80.367732,0,0.008364776149392128,TN
B,MH-002,MH-002_19.608022_80.368001,0,0.009563377127051353,TN
B,MH-002,MH-002_19.608022_80.368271,0,0.00898236408829689,TN
B,MH-002,MH-002_19.608022_80.36854,0,0.00935959443449974,TN
B,MH-002,MH-002_19.608022_80.36881,0,0.011702822521328926,TN
B,MH-002,MH-002_19.608022_80.369079,0,0.012023432180285454,TN
B,MH-002,MH-002_19.608022_80.369349,0,0.017868928611278534,TN
B,MH-002,MH-002_19.608022_80.369618,0,0.02421686425805092,TN
B,MH-002,MH-002_19.608022_80.369888,0,0.02640524134039879,TN
B,MH-002,MH-002_19.607752_80.363959,0,0.012977433390915394,TN
B,MH-002,MH-002_19.607752_80.364498,1,0.010800527408719063,FN
B,MH-002,MH-002_19.607752_80.364768,0,0.009821486659348011,TN
B,MH-002,MH-002_19.607752_80.365037,0,0.01319469790905714,TN
B,MH-002,MH-002_19.607752_80.365307,0,0.020207220688462257,TN
B,MH-002,MH-002_19.607752_80.365576,0,0.02085479535162449,TN
B,MH-002,MH-002_19.607752_80.366115,0,0.023139143362641335,TN
B,MH-002,MH-002_19.607752_80.366385,0,0.01987960748374462,TN
B,MH-002,MH-002_19.607752_80.367732,0,0.014960669912397861,TN
B,MH-002,MH-002_19.607752_80.368001,0,0.020431000739336014,TN
B,MH-002,MH-002_19.607752_80.368271,0,0.018847642466425896,TN
B,MH-002,MH-002_19.607752_80.36854,0,0.020507872104644775,TN
B,MH-002,MH-002_19.607752_80.369079,0,0.020698662847280502,TN
B,MH-002,MH-002_19.607752_80.369349,0,0.03197662904858589,TN
B,MH-002,MH-002_19.607752_80.369618,0,0.039793211966753006,TN
B,MH-002,MH-002_19.607752_80.369888,0,0.052685823291540146,TN
B,MH-002,MH-002_19.607483_80.363959,1,0.008055778220295906,FN
B,MH-002,MH-002_19.607483_80.364229,0,0.007461939472705126,TN
B,MH-002,MH-002_19.607483_80.364768,0,0.007427065167576075,TN
B,MH-002,MH-002_19.607483_80.365037,0,0.00928842555731535,TN
B,MH-002,MH-002_19.607483_80.365307,0,0.01031876914203167,TN
B,MH-002,MH-002_19.607483_80.365576,0,0.009628640487790108,TN
B,MH-002,MH-002_19.607483_80.365846,0,0.010904764756560326,TN
B,MH-002,MH-002_19.607483_80.366115,0,0.01390891708433628,TN
B,MH-002,MH-002_19.607483_80.367732,0,0.01942049153149128,TN
B,MH-002,MH-002_19.607483_80.368001,0,0.02676277980208397,TN
B,MH-002,MH-002_19.607483_80.368271,1,0.024312203750014305,FN
B,MH-002,MH-002_19.607483_80.369349,0,0.03952622413635254,TN
B,MH-002,MH-002_19.607483_80.369618,0,0.05089890956878662,TN
B,MH-002,MH-002_19.607483_80.369888,0,0.05602492392063141,TN
B,MH-002,MH-002_19.607213_80.363959,0,0.007377678528428078,TN
B,MH-002,MH-002_19.607213_80.364229,0,0.004877664614468813,TN
B,MH-002,MH-002_19.607213_80.367462,0,0.016316233202815056,TN
B,MH-002,MH-002_19.607213_80.367732,0,0.02357674203813076,TN
B,MH-002,MH-002_19.607213_80.368001,0,0.02336716838181019,TN
B,MH-002,MH-002_19.607213_80.368271,1,0.02427915297448635,FN
B,MH-002,MH-002_19.607213_80.369349,0,0.03633926808834076,TN
B,MH-002,MH-002_19.607213_80.369618,0,0.0398714654147625,TN
B,MH-002,MH-002_19.607213_80.369888,0,0.054511092603206635,TN
B,MH-002,MH-002_19.606944_80.367462,0,0.010912878438830376,TN
B,MH-002,MH-002_19.606405_80.363959,0,0.004629889503121376,TN
B,MH-002,MH-002_19.606405_80.364229,0,0.003969982266426086,TN
B,MH-002,MH-002_19.606405_80.364498,0,0.0033296833280473948,TN
B,MH-002,MH-002_19.606135_80.363959,0,0.006277843378484249,TN
B,MH-002,MH-002_19.606135_80.364229,0,0.0054937610402703285,TN
B,MH-002,MH-002_19.606135_80.364498,0,0.005843117833137512,TN
B,MH-002,MH-002_19.606135_80.364768,0,0.004468426574021578,TN
B,MH-002,MH-002_19.606135_80.365037,0,0.005255013704299927,TN
B,MH-002,MH-002_19.606135_80.365307,0,0.003727735485881567,TN
B,MH-002,MH-002_19.606135_80.365576,0,0.004965488333255053,TN
B,MH-002,MH-002_19.606135_80.365846,0,0.0049441722221672535,TN
B,MH-002,MH-002_19.606135_80.366115,0,0.00697314040735364,TN
B,MH-002,MH-002_19.605866_80.363959,0,0.008674542419612408,TN
B,MH-002,MH-002_19.605866_80.364229,0,0.007376627065241337,TN
B,MH-002,MH-002_19.605866_80.364498,0,0.007543080952018499,TN
B,MH-002,MH-002_19.605866_80.364768,0,0.0063247368671,TN
B,MH-002,MH-002_19.605866_80.365037,0,0.007025257684290409,TN
B,MH-002,MH-002_19.605866_80.365307,0,0.004901864565908909,TN
B,MH-002,MH-002_19.605866_80.365576,0,0.005995349492877722,TN
B,MH-002,MH-002_19.605866_80.365846,0,0.0048153456300497055,TN
B,MH-002,MH-002_19.605866_80.366115,0,0.0048069460317492485,TN
B,MH-002,MH-002_19.605866_80.366385,0,0.0056699165143072605,TN
B,MH-002,MH-002_19.605866_80.366654,0,0.0057826777920126915,TN
B,MH-002,MH-002_19.605866_80.366923,0,0.006799830589443445,TN
B,MH-002,MH-002_19.605866_80.367193,0,0.006647901143878698,TN
B,MH-002,MH-002_19.605866_80.367462,0,0.010994530282914639,TN
B,MH-002,MH-002_19.605866_80.367732,0,0.009533105418086052,TN
B,MH-002,MH-002_19.605866_80.368001,0,0.011881436221301556,TN
B,MH-002,MH-002_19.605596_80.363959,0,0.018568705767393112,TN
B,MH-002,MH-002_19.605596_80.364229,0,0.016080399975180626,TN
B,MH-002,MH-002_19.605596_80.364498,0,0.01972680725157261,TN
B,MH-002,MH-002_19.605596_80.364768,0,0.015385786071419716,TN
B,MH-002,MH-002_19.605596_80.365037,0,0.016175979748368263,TN
B,MH-002,MH-002_19.605596_80.365307,0,0.008592908270657063,TN
B,MH-002,MH-002_19.605596_80.365576,0,0.00879803765565157,TN
B,MH-002,MH-002_19.605596_80.365846,0,0.008251708000898361,TN
B,MH-002,MH-002_19.605596_80.366115,0,0.00892368983477354,TN
B,MH-002,MH-002_19.605596_80.366385,0,0.009914844296872616,TN
B,MH-002,MH-002_19.605596_80.366654,0,0.011588433757424355,TN
B,MH-002,MH-002_19.605596_80.366923,0,0.009539924561977386,TN
B,MH-002,MH-002_19.605596_80.367193,0,0.010199090465903282,TN
B,MH-002,MH-002_19.605596_80.367462,0,0.011928030289709568,TN
B,MH-002,MH-002_19.605596_80.367732,0,0.010861663147807121,TN
B,MH-002,MH-002_19.605596_80.368001,0,0.010045059025287628,TN
B,MH-002,MH-002_19.605596_80.368271,0,0.008755137212574482,TN
B,MH-002,MH-002_19.605596_80.36854,0,0.008612005040049553,TN
B,MH-002,MH-002_19.605596_80.36881,0,0.0090344762429595,TN
B,MH-002,MH-002_19.605327_80.363959,0,0.025403426960110664,TN
B,MH-002,MH-002_19.605327_80.364229,0,0.019824735820293427,TN
B,MH-002,MH-002_19.605327_80.364498,0,0.02571026049554348,TN
B,MH-002,MH-002_19.605327_80.364768,1,0.017681222409009933,FN
B,MH-002,MH-002_19.605327_80.365037,0,0.01599247194826603,TN
B,MH-002,MH-002_19.605327_80.365307,0,0.010918577201664448,TN
B,MH-002,MH-002_19.605327_80.365576,0,0.010517627000808716,TN
B,MH-002,MH-002_19.605327_80.365846,0,0.007429628167301416,TN
B,MH-002,MH-002_19.605327_80.366115,0,0.006618705578148365,TN
B,MH-002,MH-002_19.605327_80.366385,1,0.007368140388280153,FN
B,MH-002,MH-002_19.605327_80.366654,0,0.007657464127987623,TN
B,MH-002,MH-002_19.605327_80.366923,0,0.008233729749917984,TN
B,MH-002,MH-002_19.605327_80.367193,0,0.006950337905436754,TN
B,MH-002,MH-002_19.605327_80.367462,0,0.010871917940676212,TN
B,MH-002,MH-002_19.605327_80.367732,0,0.010196543298661709,TN
B,MH-002,MH-002_19.605327_80.368001,0,0.013438655994832516,TN
B,MH-002,MH-002_19.605327_80.368271,0,0.008319192565977573,TN
B,MH-002,MH-002_19.605327_80.36854,0,0.009924637153744698,TN
B,MH-002,MH-002_19.605327_80.36881,0,0.008879400789737701,TN
B,MH-002,MH-002_19.605327_80.369079,0,0.009560789912939072,TN
B,MH-002,MH-002_19.605327_80.369349,1,0.009026176296174526,FN
B,MH-002,MH-002_19.605327_80.369618,0,0.009665007703006268,TN
B,MH-002,MH-002_19.605057_80.363959,0,0.04370274767279625,TN
B,MH-002,MH-002_19.605057_80.364229,0,0.04513469710946083,TN
B,MH-002,MH-002_19.605057_80.364498,0,0.05705873295664787,TN
B,MH-002,MH-002_19.605057_80.364768,0,0.04422205314040184,TN
B,MH-002,MH-002_19.605057_80.365037,0,0.047343458980321884,TN
B,MH-002,MH-002_19.605057_80.365307,0,0.027239855378866196,TN
B,MH-002,MH-002_19.605057_80.365576,0,0.02431068755686283,TN
B,MH-002,MH-002_19.605057_80.365846,0,0.015302933752536774,TN
B,MH-002,MH-002_19.605057_80.366115,0,0.014155354350805283,TN
B,MH-002,MH-002_19.605057_80.366385,0,0.011383839882910252,TN
B,MH-002,MH-002_19.605057_80.366654,0,0.01306542195379734,TN
B,MH-002,MH-002_19.605057_80.366923,0,0.009754898026585579,TN
B,MH-002,MH-002_19.605057_80.367193,0,0.007703658193349838,TN
B,MH-002,MH-002_19.605057_80.367462,0,0.009089082479476929,TN
B,MH-002,MH-002_19.605057_80.367732,0,0.00858665443956852,TN
B,MH-002,MH-002_19.605057_80.368001,0,0.007712612859904766,TN
B,MH-002,MH-002_19.605057_80.368271,0,0.006791913416236639,TN
B,MH-002,MH-002_19.605057_80.36854,0,0.0075853425078094006,TN
B,MH-002,MH-002_19.605057_80.36881,0,0.00778566999360919,TN
B,MH-002,MH-002_19.605057_80.369079,0,0.0071938191540539265,TN
B,MH-002,MH-002_19.605057_80.369349,0,0.006725521292537451,TN
B,MH-002,MH-002_19.605057_80.369618,0,0.009100805036723614,TN
B,MH-002,MH-002_19.605057_80.369888,0,0.012568440288305283,TN
B,MH-002,MH-002_19.604788_80.363959,1,0.13171808421611786,FN
B,MH-002,MH-002_19.604788_80.364229,0,0.11083804070949554,TN
B,MH-002,MH-002_19.604788_80.364498,0,0.14553537964820862,TN
B,MH-002,MH-002_19.604788_80.364768,0,0.10927616059780121,TN
B,MH-002,MH-002_19.604788_80.366115,0,0.033194005489349365,TN
B,MH-002,MH-002_19.604788_80.366385,0,0.021261027082800865,TN
B,MH-002,MH-002_19.604788_80.366654,0,0.02456705830991268,TN
B,MH-002,MH-002_19.604788_80.366923,0,0.018613284453749657,TN
B,MH-002,MH-002_19.604788_80.367193,0,0.015938952565193176,TN
B,MH-002,MH-002_19.604788_80.367462,0,0.015533261001110077,TN
B,MH-002,MH-002_19.604788_80.367732,0,0.013335959985852242,TN
B,MH-002,MH-002_19.604788_80.368001,0,0.011172582395374775,TN
B,MH-002,MH-002_19.604788_80.368271,0,0.008146359585225582,TN
B,MH-002,MH-002_19.604788_80.36854,0,0.009380259551107883,TN
B,MH-002,MH-002_19.604788_80.36881,0,0.00914997048676014,TN
B,MH-002,MH-002_19.604788_80.369079,0,0.007009464781731367,TN
B,MH-002,MH-002_19.604788_80.369349,0,0.006840281654149294,TN
B,MH-002,MH-002_19.604788_80.369618,0,0.007906824350357056,TN
B,MH-002,MH-002_19.604788_80.369888,0,0.010720527730882168,TN
B,MH-002,MH-002_19.604518_80.363959,0,0.3760524392127991,FP
B,MH-002,MH-002_19.604518_80.364229,0,0.3002375364303589,FP
B,MH-002,MH-002_19.604518_80.364498,0,0.27905234694480896,FP
B,MH-002,MH-002_19.604518_80.365846,0,0.08728280663490295,TN
B,MH-002,MH-002_19.604518_80.366654,0,0.04355592280626297,TN
B,MH-002,MH-002_19.604518_80.366923,0,0.043153416365385056,TN
B,MH-002,MH-002_19.604518_80.367193,0,0.031173057854175568,TN
B,MH-002,MH-002_19.604518_80.367462,0,0.026592032983899117,TN
B,MH-002,MH-002_19.604518_80.367732,0,0.02141941897571087,TN
B,MH-002,MH-002_19.604518_80.368001,0,0.0172751285135746,TN
B,MH-002,MH-002_19.604518_80.368271,0,0.012428121641278267,TN
B,MH-002,MH-002_19.604518_80.36854,0,0.014120515435934067,TN
B,MH-002,MH-002_19.604518_80.36881,0,0.01281384751200676,TN
B,MH-002,MH-002_19.604518_80.369079,0,0.01179275382310152,TN
B,MH-002,MH-002_19.604518_80.369349,0,0.010554303415119648,TN
B,MH-002,MH-002_19.604518_80.369618,0,0.010172677226364613,TN
B,MH-002,MH-002_19.604518_80.369888,1,0.012151747941970825,FN
B,MH-002,MH-002_19.604249_80.363959,0,0.5702897310256958,FP
B,MH-002,MH-002_19.604249_80.364229,0,0.4771304428577423,FP
B,MH-002,MH-002_19.604249_80.364498,0,0.37154659628868103,FP
B,MH-002,MH-002_19.604249_80.365037,0,0.3035077750682831,FP
B,MH-002,MH-002_19.604249_80.365307,0,0.19280140101909637,TN
B,MH-002,MH-002_19.604249_80.365576,0,0.15599793195724487,TN
B,MH-002,MH-002_19.604249_80.365846,0,0.10990846902132034,TN
B,MH-002,MH-002_19.604249_80.366115,0,0.09486284852027893,TN
B,MH-002,MH-002_19.604249_80.366385,0,0.06240515038371086,TN
B,MH-002,MH-002_19.604249_80.367462,0,0.033813536167144775,TN
B,MH-002,MH-002_19.604249_80.367732,0,0.03072980046272278,TN
B,MH-002,MH-002_19.604249_80.368001,0,0.027545474469661713,TN
B,MH-002,MH-002_19.604249_80.368271,0,0.022523006424307823,TN
B,MH-002,MH-002_19.604249_80.36854,0,0.02039831317961216,TN
B,MH-002,MH-002_19.604249_80.36881,0,0.021981315687298775,TN
B,MH-002,MH-002_19.604249_80.369079,0,0.021361714228987694,TN
B,MH-002,MH-002_19.604249_80.369349,0,0.01730540581047535,TN
B,MH-002,MH-002_19.604249_80.369618,0,0.015051604248583317,TN
B,MH-002,MH-002_19.604249_80.369888,0,0.01530622597783804,TN
B,MH-002,MH-002_19.603979_80.363959,0,0.7796114087104797,FP
B,MH-002,MH-002_19.603979_80.364229,0,0.5897064208984375,FP
B,MH-002,MH-002_19.603979_80.364768,0,0.28106164932250977,FP
B,MH-002,MH-002_19.603979_80.365037,0,0.30677661299705505,FP
B,MH-002,MH-002_19.603979_80.365307,1,0.19580048322677612,FN
B,MH-002,MH-002_19.603979_80.365576,1,0.17653661966323853,FN
B,MH-002,MH-002_19.603979_80.365846,0,0.12444722652435303,TN
B,MH-002,MH-002_19.603979_80.366115,0,0.11163818091154099,TN
B,MH-002,MH-002_19.603979_80.366385,0,0.0732865035533905,TN
B,MH-002,MH-002_19.603979_80.366654,0,0.07418189197778702,TN
B,MH-002,MH-002_19.603979_80.366923,0,0.05294951796531677,TN
B,MH-002,MH-002_19.603979_80.367193,0,0.04478762298822403,TN
B,MH-002,MH-002_19.603979_80.368001,0,0.031196625903248787,TN
B,MH-002,MH-002_19.603979_80.368271,0,0.02833426557481289,TN
B,MH-002,MH-002_19.603979_80.36854,0,0.03133418411016464,TN
B,MH-002,MH-002_19.603979_80.36881,0,0.030406910926103592,TN
B,MH-002,MH-002_19.603979_80.369079,0,0.027569573372602463,TN
B,MH-002,MH-002_19.603979_80.369349,0,0.02348702773451805,TN
B,MH-002,MH-002_19.603979_80.369618,0,0.022635629400610924,TN
B,MH-002,MH-002_19.603979_80.369888,0,0.02162327989935875,TN
B,MH-002,MH-002_19.60371_80.363959,0,0.8677036166191101,FP
B,MH-002,MH-002_19.60371_80.364229,0,0.6882261037826538,FP
B,MH-002,MH-002_19.60371_80.364768,0,0.3180418312549591,FP
B,MH-002,MH-002_19.60371_80.365037,0,0.3100038468837738,FP
B,MH-002,MH-002_19.60371_80.365307,0,0.15095126628875732,TN
B,MH-002,MH-002_19.60371_80.365576,1,0.12601518630981445,FN
B,MH-002,MH-002_19.60371_80.365846,0,0.09527946263551712,TN
B,MH-002,MH-002_19.60371_80.366115,0,0.10026748478412628,TN
B,MH-002,MH-002_19.60371_80.366385,0,0.06804563105106354,TN
B,MH-002,MH-002_19.60371_80.366654,0,0.05615866184234619,TN
B,MH-002,MH-002_19.60371_80.366923,0,0.048971302807331085,TN
B,MH-002,MH-002_19.60371_80.367193,0,0.043474484235048294,TN
B,MH-002,MH-002_19.60371_80.368271,0,0.03169785067439079,TN
B,MH-002,MH-002_19.60371_80.36854,0,0.035052862018346786,TN
B,MH-002,MH-002_19.60371_80.36881,0,0.03342152759432793,TN
B,MH-002,MH-002_19.60371_80.369079,0,0.030997958034276962,TN
B,MH-002,MH-002_19.60371_80.369349,0,0.02724226750433445,TN
B,MH-002,MH-002_19.60371_80.369618,0,0.02853313460946083,TN
B,MH-002,MH-002_19.60371_80.369888,0,0.02437620423734188,TN
B,MH-002,MH-002_19.60344_80.363959,0,0.9202083945274353,FP
B,MH-002,MH-002_19.60344_80.364229,0,0.741769552230835,FP
B,MH-002,MH-002_19.60344_80.364768,0,0.22473090887069702,TN
B,MH-002,MH-002_19.60344_80.365037,0,0.23656617105007172,TN
B,MH-002,MH-002_19.60344_80.365307,0,0.0998273491859436,TN
B,MH-002,MH-002_19.60344_80.365576,0,0.07590620964765549,TN
B,MH-002,MH-002_19.60344_80.367732,0,0.032812055200338364,TN
B,MH-002,MH-002_19.60344_80.368001,0,0.03428637608885765,TN
B,MH-002,MH-002_19.60344_80.368271,0,0.028397316113114357,TN
B,MH-002,MH-002_19.60344_80.36854,0,0.03369377180933952,TN
B,MH-002,MH-002_19.60344_80.36881,0,0.03338145464658737,TN
B,MH-002,MH-002_19.60344_80.369079,0,0.03508801385760307,TN
B,MH-002,MH-002_19.60344_80.369349,0,0.03203512355685234,TN
B,MH-002,MH-002_19.60344_80.369618,0,0.0343967042863369,TN
B,MH-002,MH-002_19.60344_80.369888,0,0.029352301731705666,TN
B,MH-002,MH-002_19.603171_80.364768,0,0.22171445190906525,TN
B,MH-002,MH-002_19.603171_80.365037,0,0.2156917154788971,TN
B,MH-002,MH-002_19.603171_80.365307,0,0.10258891433477402,TN
B,MH-002,MH-002_19.603171_80.365846,0,0.03708712384104729,TN
B,MH-002,MH-002_19.603171_80.366115,1,0.03779372572898865,FN
B,MH-002,MH-002_19.603171_80.366385,0,0.026694653555750847,TN
B,MH-002,MH-002_19.603171_80.366654,0,0.024830017238855362,TN
B,MH-002,MH-002_19.603171_80.366923,0,0.022490013390779495,TN
B,MH-002,MH-002_19.603171_80.367193,0,0.023915044963359833,TN
B,MH-002,MH-002_19.603171_80.367462,0,0.02470703423023224,TN
B,MH-002,MH-002_19.603171_80.367732,0,0.029700886458158493,TN
B,MH-002,MH-002_19.603171_80.368001,0,0.029192212969064713,TN
B,MH-002,MH-002_19.603171_80.368271,0,0.02535390853881836,TN
B,MH-002,MH-002_19.603171_80.36854,0,0.02867918461561203,TN
B,MH-002,MH-002_19.603171_80.36881,0,0.030339252203702927,TN
B,MH-002,MH-002_19.603171_80.369618,0,0.03825097158551216,TN
B,MH-002,MH-002_19.603171_80.369888,0,0.03800413757562637,TN
B,MH-002,MH-002_19.602901_80.364498,0,0.3745134770870209,FP
B,MH-002,MH-002_19.602901_80.364768,0,0.08385208249092102,TN
B,MH-002,MH-002_19.602901_80.365037,0,0.082730732858181,TN
B,MH-002,MH-002_19.602901_80.365576,0,0.02631426975131035,TN
B,MH-002,MH-002_19.602901_80.365846,1,0.020060203969478607,FN
B,MH-002,MH-002_19.602901_80.366115,0,0.025603312999010086,TN
B,MH-002,MH-002_19.602901_80.366385,0,0.020146869122982025,TN
B,MH-002,MH-002_19.602901_80.366654,0,0.02146649919450283,TN
B,MH-002,MH-002_19.602901_80.366923,0,0.018026314675807953,TN
B,MH-002,MH-002_19.602901_80.367193,0,0.02223043330013752,TN
B,MH-002,MH-002_19.602901_80.367462,0,0.023003200069069862,TN
B,MH-002,MH-002_19.602901_80.367732,0,0.02397804893553257,TN
B,MH-002,MH-002_19.602901_80.368001,0,0.027472175657749176,TN
B,MH-002,MH-002_19.602901_80.368271,0,0.021653570234775543,TN
B,MH-002,MH-002_19.602901_80.36854,0,0.03069661557674408,TN
B,MH-002,MH-002_19.602901_80.36881,0,0.028891347348690033,TN
B,MH-002,MH-002_19.602901_80.369888,0,0.04424302652478218,TN
B,MH-002,MH-002_19.602632_80.364498,0,0.21090355515480042,TN
B,MH-002,MH-002_19.602632_80.365307,0,0.017591867595911026,TN
B,MH-002,MH-002_19.602632_80.365576,0,0.014421314932405949,TN
B,MH-002,MH-002_19.602632_80.365846,0,0.016196709126234055,TN
B,MH-002,MH-002_19.602632_80.366115,0,0.025900742039084435,TN
B,MH-002,MH-002_19.602632_80.366385,0,0.018017064779996872,TN
B,MH-002,MH-002_19.602632_80.366654,0,0.017391465604305267,TN
B,MH-002,MH-002_19.602632_80.366923,0,0.014673282392323017,TN
B,MH-002,MH-002_19.602632_80.367193,0,0.01733614131808281,TN
B,MH-002,MH-002_19.602632_80.367462,0,0.017499536275863647,TN
B,MH-002,MH-002_19.602632_80.367732,0,0.01825030893087387,TN
B,MH-002,MH-002_19.602632_80.368001,0,0.0210261307656765,TN
B,MH-002,MH-002_19.602632_80.368271,0,0.017684418708086014,TN
B,MH-002,MH-002_19.602632_80.36854,0,0.024620136246085167,TN
B,MH-002,MH-002_19.602632_80.36881,0,0.02240024134516716,TN
B,MH-002,MH-002_19.602362_80.364229,0,0.24262426793575287,TN
B,MH-002,MH-002_19.602362_80.365037,0,0.01264102105051279,TN
B,MH-002,MH-002_19.602362_80.365307,0,0.005612590815871954,TN
B,MH-002,MH-002_19.602362_80.365576,0,0.007264126092195511,TN
B,MH-002,MH-002_19.602362_80.365846,0,0.008295755833387375,TN
B,MH-002,MH-002_19.602362_80.366115,0,0.014719627797603607,TN
B,MH-002,MH-002_19.602362_80.366385,0,0.013137180358171463,TN
B,MH-002,MH-002_19.602362_80.366654,0,0.015507570467889309,TN
B,MH-002,MH-002_19.602362_80.366923,0,0.013046915642917156,TN
B,MH-002,MH-002_19.602362_80.367193,0,0.01468874141573906,TN
B,MH-002,MH-002_19.602362_80.367462,0,0.014301561750471592,TN
B,MH-002,MH-002_19.602362_80.367732,0,0.013749328441917896,TN
B,MH-002,MH-002_19.602362_80.368001,0,0.015683172270655632,TN
B,MH-002,MH-002_19.602362_80.368271,0,0.013909355737268925,TN
B,MH-002,MH-002_19.602362_80.36854,0,0.02163524180650711,TN
B,MH-002,MH-002_19.602362_80.36881,0,0.02287474274635315,TN
B,MH-002,MH-002_19.602362_80.369079,0,0.030612904578447342,TN
B,MH-002,MH-002_19.602362_80.369349,0,0.03040359914302826,TN
B,MH-002,MH-002_19.602362_80.369618,0,0.036586154252290726,TN
B,MH-002,MH-002_19.602093_80.363959,0,0.5400291085243225,FP
B,MH-002,MH-002_19.602093_80.364229,0,0.10954568535089493,TN
B,MH-002,MH-002_19.602093_80.364498,0,0.04223327338695526,TN
B,MH-002,MH-002_19.602093_80.365037,0,0.007185058202594519,TN
B,MH-002,MH-002_19.602093_80.365307,0,0.004698129370808601,TN
B,MH-002,MH-002_19.602093_80.365576,0,0.004237885121256113,TN
B,MH-002,MH-002_19.602093_80.365846,0,0.006094586104154587,TN
B,MH-002,MH-002_19.602093_80.366115,0,0.012058043852448463,TN
B,MH-002,MH-002_19.602093_80.366385,0,0.013298504054546356,TN
B,MH-002,MH-002_19.602093_80.366654,0,0.016256973147392273,TN
B,MH-002,MH-002_19.602093_80.366923,0,0.012844083830714226,TN
B,MH-002,MH-002_19.602093_80.367193,0,0.014149853028357029,TN
B,MH-002,MH-002_19.602093_80.367462,0,0.01065832655876875,TN
B,MH-002,MH-002_19.602093_80.367732,0,0.01116939540952444,TN
B,MH-002,MH-002_19.602093_80.368001,0,0.011856013908982277,TN
B,MH-002,MH-002_19.602093_80.368271,0,0.011009426787495613,TN
B,MH-002,MH-002_19.602093_80.36854,0,0.017074022442102432,TN
B,MH-002,MH-002_19.602093_80.36881,0,0.020189620554447174,TN
B,MH-002,MH-002_19.602093_80.369079,0,0.02829842083156109,TN
B,MH-002,MH-002_19.602093_80.369349,1,0.029750455170869827,FN
B,MH-002,MH-002_19.601823_80.363959,0,0.07599040865898132,TN
B,MH-002,MH-002_19.601823_80.364229,0,0.01944963075220585,TN
B,MH-002,MH-002_19.601823_80.364498,0,0.004788961261510849,TN
B,MH-002,MH-002_19.601823_80.365037,0,0.0028402332682162523,TN
B,MH-002,MH-002_19.601823_80.365307,0,0.0013143651885911822,TN
B,MH-002,MH-002_19.601823_80.365576,0,0.0017512842314317822,TN
B,MH-002,MH-002_19.601823_80.365846,0,0.0028782289009541273,TN
B,MH-002,MH-002_19.601823_80.366115,0,0.008931131102144718,TN
B,MH-002,MH-002_19.601823_80.366385,0,0.010713925585150719,TN
B,MH-002,MH-002_19.601823_80.366654,0,0.01640680991113186,TN
B,MH-002,MH-002_19.601823_80.366923,0,0.011753181926906109,TN
B,MH-002,MH-002_19.601823_80.367193,0,0.012541069649159908,TN
B,MH-002,MH-002_19.601823_80.367462,0,0.009934570640325546,TN
B,MH-002,MH-002_19.601823_80.367732,0,0.009014246053993702,TN
B,MH-002,MH-002_19.601823_80.368001,0,0.009360730648040771,TN
B,MH-002,MH-002_19.601823_80.368271,0,0.01163241732865572,TN
B,MH-002,MH-002_19.601823_80.36854,0,0.016110438853502274,TN
B,MH-002,MH-002_19.601823_80.36881,0,0.022354504093527794,TN
B,MH-002,MH-002_19.601823_80.369079,0,0.03293268755078316,TN
B,MH-002,MH-002_19.601823_80.369349,0,0.02985934540629387,TN
B,MH-002,MH-002_19.601554_80.363959,0,0.01587832160294056,TN
B,MH-002,MH-002_19.601554_80.365307,0,0.0012722349492833018,TN
B,MH-002,MH-002_19.601554_80.365576,0,0.0020155657548457384,TN
B,MH-002,MH-002_19.601554_80.365846,0,0.004054803866893053,TN
B,MH-002,MH-002_19.601554_80.366115,0,0.010991244576871395,TN
B,MH-002,MH-002_19.601554_80.367462,0,0.010160858742892742,TN
B,MH-002,MH-002_19.601554_80.367732,0,0.009643852710723877,TN
B,MH-002,MH-002_19.601554_80.368001,0,0.009610005654394627,TN
B,MH-002,MH-002_19.601554_80.368271,0,0.012010179460048676,TN
B,MH-002,MH-002_19.601554_80.36854,0,0.017099352553486824,TN
B,MH-002,MH-002_19.601554_80.36881,0,0.022240115329623222,TN
B,MH-002,MH-002_19.601554_80.369079,0,0.03078732080757618,TN
B,MH-002,MH-002_19.601554_80.369349,0,0.03206584230065346,TN
B,MH-002,MH-002_19.601554_80.369618,0,0.03345708176493645,TN
B,MH-002,MH-002_19.601554_80.369888,0,0.039089545607566833,TN
B,MH-002,MH-002_19.601284_80.365307,0,0.001105859992094338,TN
B,MH-002,MH-002_19.601284_80.365576,0,0.0019953600130975246,TN
B,MH-002,MH-002_19.601284_80.365846,0,0.004090454429388046,TN
B,MH-002,MH-002_19.601284_80.366115,0,0.011254478245973587,TN
B,MH-002,MH-002_19.601284_80.368001,0,0.012993707321584225,TN
B,MH-002,MH-002_19.601284_80.368271,0,0.017372645437717438,TN
B,MH-002,MH-002_19.601284_80.36854,0,0.024823501706123352,TN
B,MH-002,MH-002_19.601284_80.36881,0,0.031160373240709305,TN
B,MH-002,MH-002_19.601284_80.369079,0,0.040113210678100586,TN
B,MH-002,MH-002_19.601284_80.369349,0,0.033459603786468506,TN
B,MH-002,MH-002_19.601284_80.369618,0,0.029460448771715164,TN
B,MH-002,MH-002_19.601284_80.369888,0,0.03475033864378929,TN
B,MH-002,MH-002_19.601015_80.363959,0,0.00019725217134691775,TN
B,MH-002,MH-002_19.601015_80.364229,0,0.0005382382078096271,TN
B,MH-002,MH-002_19.601015_80.364498,0,0.0008652493706904352,TN
B,MH-002,MH-002_19.601015_80.364768,0,0.0010994954500347376,TN
B,MH-002,MH-002_19.601015_80.365037,0,0.0017665950581431389,TN
B,MH-002,MH-002_19.601015_80.365307,0,0.0023824763484299183,TN
B,MH-002,MH-002_19.601015_80.365576,0,0.003651187289506197,TN
B,MH-002,MH-002_19.601015_80.365846,0,0.008415702730417252,TN
B,MH-002,MH-002_19.601015_80.366654,0,0.01933090202510357,TN
B,MH-002,MH-002_19.601015_80.366923,0,0.017136353999376297,TN
B,MH-002,MH-002_19.601015_80.367193,0,0.01794843189418316,TN
B,MH-002,MH-002_19.601015_80.367462,0,0.017226964235305786,TN
B,MH-002,MH-002_19.601015_80.367732,0,0.017029346898198128,TN
B,MH-002,MH-002_19.601015_80.368001,0,0.017077399417757988,TN
B,MH-002,MH-002_19.601015_80.369079,0,0.035228610038757324,TN
B,MH-002,MH-002_19.601015_80.369349,0,0.032172705978155136,TN
B,MH-002,MH-002_19.601015_80.369618,0,0.02987484261393547,TN
B,MH-002,MH-002_19.601015_80.369888,0,0.03150365129113197,TN
B,MH-002,MH-002_19.600745_80.363959,0,0.00030195919680409133,TN
B,MH-002,MH-002_19.600745_80.364229,0,0.0005701287882402539,TN
B,MH-002,MH-002_19.600745_80.365037,0,0.0031078767497092485,TN
B,MH-002,MH-002_19.600745_80.365307,0,0.004555374383926392,TN
B,MH-002,MH-002_19.600745_80.365576,0,0.008654097095131874,TN
B,MH-002,MH-002_19.600745_80.365846,0,0.01312454417347908,TN
B,MH-002,MH-002_19.600745_80.366385,0,0.011487576179206371,TN
B,MH-002,MH-002_19.600745_80.366654,0,0.01852271519601345,TN
B,MH-002,MH-002_19.600745_80.366923,0,0.017117690294981003,TN
B,MH-002,MH-002_19.600745_80.367193,0,0.016683146357536316,TN
B,MH-002,MH-002_19.600745_80.367462,0,0.014297147281467915,TN
B,MH-002,MH-002_19.600745_80.367732,0,0.01709957793354988,TN
B,MH-002,MH-002_19.600745_80.368001,0,0.016057878732681274,TN
B,MH-002,MH-002_19.600745_80.368271,0,0.01931237056851387,TN
B,MH-002,MH-002_19.600745_80.36854,0,0.021973207592964172,TN
B,MH-002,MH-002_19.600745_80.369079,0,0.041747692972421646,TN
B,MH-002,MH-002_19.600745_80.369349,0,0.03673872351646423,TN
B,MH-002,MH-002_19.600745_80.369618,0,0.02807803452014923,TN
B,MH-002,MH-002_19.600745_80.369888,0,0.029584847390651703,TN
B,MH-002,MH-002_19.600476_80.363959,1,0.00082480936544016,FN
B,MH-002,MH-002_19.600476_80.365576,0,0.01072288490831852,TN
B,MH-002,MH-002_19.600476_80.366385,1,0.017468761652708054,FN
B,MH-002,MH-002_19.600476_80.366654,1,0.02271481417119503,FN
B,MH-002,MH-002_19.600476_80.366923,1,0.02070959284901619,FN
B,MH-002,MH-002_19.600476_80.367193,1,0.020288268104195595,FN
B,MH-002,MH-002_19.600476_80.368271,1,0.020520968362689018,FN
B,MH-002,MH-002_19.600476_80.36854,0,0.02214808575809002,TN
B,MH-002,MH-002_19.600476_80.369079,0,0.047619812190532684,TN
B,MH-002,MH-002_19.600476_80.369349,0,0.039250630885362625,TN
B,MH-002,MH-002_19.600476_80.369618,0,0.037333354353904724,TN
B,MH-002,MH-002_19.600476_80.369888,0,0.027576981112360954,TN
B,MH-002,MH-002_19.600206_80.364498,0,0.0061177462339401245,TN
B,MH-002,MH-002_19.600206_80.364768,0,0.006584760267287493,TN
B,MH-002,MH-002_19.600206_80.366654,0,0.02779078483581543,TN
B,MH-002,MH-002_19.600206_80.366923,1,0.022055979818105698,FN
B,MH-002,MH-002_19.600206_80.367193,1,0.023702194914221764,FN
B,MH-002,MH-002_19.600206_80.36881,0,0.04303297773003578,TN
B,MH-002,MH-002_19.600206_80.369079,0,0.050958238542079926,TN
B,MH-002,MH-002_19.600206_80.369349,0,0.04857136309146881,TN
B,MH-002,MH-002_19.600206_80.369618,0,0.036295074969530106,TN
B,MH-002,MH-002_19.600206_80.369888,0,0.032536350190639496,TN
B,MH-002,MH-002_19.599937_80.363959,0,0.006748325657099485,TN
B,MH-002,MH-002_19.599937_80.364229,0,0.011348925530910492,TN
B,MH-002,MH-002_19.599937_80.364498,0,0.016564389690756798,TN
B,MH-002,MH-002_19.599937_80.364768,0,0.013160810805857182,TN
B,MH-002,MH-002_19.599667_80.363959,0,0.0384673997759819,TN
B,MH-002,MH-002_19.599667_80.364229,0,0.051442962139844894,TN
B,MH-002,MH-002_19.599667_80.364498,0,0.050013467669487,TN
B,MH-002,MH-002_19.599667_80.364768,0,0.02790256030857563,TN
B,MH-002,MH-002_19.599398_80.363959,0,0.18031646311283112,TN
B,MH-002,MH-002_19.599398_80.364229,0,0.15092040598392487,TN
B,MH-002,MH-002_19.599398_80.364498,0,0.11228998750448227,TN
B,MH-002,MH-002_19.609639_80.376356,0,0.030638301745057106,TN
B,MH-002,MH-002_19.609369_80.376625,0,0.041129857301712036,TN
B,MH-002,MH-002_19.6091_80.376356,0,0.023694848641753197,TN
B,MH-002,MH-002_19.6091_80.376895,0,0.05700857192277908,TN
B,MH-002,MH-002_19.60883_80.377164,0,0.04878629744052887,TN
B,MH-002,MH-002_19.608561_80.377164,0,0.04566008597612381,TN
B,MH-002,MH-002_19.608561_80.377434,0,0.05400647595524788,TN
B,MH-002,MH-002_19.608291_80.376356,0,0.024318737909197807,TN
B,MH-002,MH-002_19.608291_80.376625,0,0.03810626268386841,TN
B,MH-002,MH-002_19.608291_80.376895,0,0.03859817981719971,TN
B,MH-002,MH-002_19.608291_80.377164,0,0.042172618210315704,TN
B,MH-002,MH-002_19.608291_80.377434,0,0.044145047664642334,TN
B,MH-002,MH-002_19.608291_80.377703,0,0.05686486139893532,TN
B,MH-002,MH-002_19.608022_80.376356,0,0.02616926096379757,TN
B,MH-002,MH-002_19.608022_80.376625,0,0.032947175204753876,TN
B,MH-002,MH-002_19.608022_80.376895,0,0.03621269017457962,TN
B,MH-002,MH-002_19.608022_80.377164,0,0.03698742762207985,TN
B,MH-002,MH-002_19.608022_80.377434,0,0.04230891168117523,TN
B,MH-002,MH-002_19.608022_80.377703,0,0.04550222307443619,TN
B,MH-002,MH-002_19.608022_80.377973,0,0.042563777416944504,TN
B,MH-002,MH-002_19.607752_80.376356,0,0.024595286697149277,TN
B,MH-002,MH-002_19.607752_80.376625,0,0.031842783093452454,TN
B,MH-002,MH-002_19.607752_80.376895,0,0.03109751082956791,TN
B,MH-002,MH-002_19.607752_80.377164,0,0.035941969603300095,TN
B,MH-002,MH-002_19.607752_80.377434,0,0.03786788135766983,TN
B,MH-002,MH-002_19.607752_80.377703,0,0.04550395533442497,TN
B,MH-002,MH-002_19.607752_80.377973,0,0.04372759535908699,TN
B,MH-002,MH-002_19.607752_80.378242,0,0.05770758539438248,TN
B,MH-002,MH-002_19.607483_80.376356,0,0.029155520722270012,TN
B,MH-002,MH-002_19.607483_80.376625,0,0.03281954675912857,TN
B,MH-002,MH-002_19.607483_80.376895,0,0.03560521453619003,TN
B,MH-002,MH-002_19.607483_80.377164,0,0.03870004415512085,TN
B,MH-002,MH-002_19.607483_80.377434,0,0.04619576036930084,TN
B,MH-002,MH-002_19.607483_80.377703,0,0.051205240190029144,TN
B,MH-002,MH-002_19.607483_80.377973,0,0.05638411268591881,TN
B,MH-002,MH-002_19.607483_80.378242,0,0.07083696126937866,TN
B,MH-002,MH-002_19.607483_80.378512,0,0.06962773203849792,TN
B,MH-002,MH-002_19.607483_80.378781,0,0.08065313845872879,TN
B,MH-002,MH-002_19.607213_80.376356,1,0.025140050798654556,FN
B,MH-002,MH-002_19.607213_80.376625,0,0.032256267964839935,TN
B,MH-002,MH-002_19.607213_80.376895,0,0.03708028048276901,TN
B,MH-002,MH-002_19.607213_80.377164,0,0.04721260070800781,TN
B,MH-002,MH-002_19.607213_80.377434,0,0.052274979650974274,TN
B,MH-002,MH-002_19.607213_80.377703,0,0.05864470452070236,TN
B,MH-002,MH-002_19.607213_80.377973,0,0.05416856333613396,TN
B,MH-002,MH-002_19.607213_80.378242,0,0.06829220801591873,TN
B,MH-002,MH-002_19.607213_80.378512,0,0.06854361295700073,TN
B,MH-002,MH-002_19.607213_80.378781,0,0.07756892591714859,TN
B,MH-002,MH-002_19.607213_80.379051,0,0.07142810523509979,TN
B,MH-002,MH-002_19.607213_80.37932,0,0.06515583395957947,TN
B,MH-002,MH-002_19.606944_80.376356,0,0.03808337822556496,TN
B,MH-002,MH-002_19.606944_80.376625,1,0.04268542677164078,FN
B,MH-002,MH-002_19.606944_80.376895,1,0.04599175602197647,FN
B,MH-002,MH-002_19.606944_80.377164,0,0.05446159094572067,TN
B,MH-002,MH-002_19.606944_80.377434,0,0.06090552732348442,TN
B,MH-002,MH-002_19.606944_80.377703,0,0.06406624615192413,TN
B,MH-002,MH-002_19.606944_80.377973,0,0.0659242570400238,TN
B,MH-002,MH-002_19.606944_80.378242,0,0.07358760386705399,TN
B,MH-002,MH-002_19.606944_80.378512,0,0.07254045456647873,TN
B,MH-002,MH-002_19.606944_80.378781,0,0.07608639448881149,TN
B,MH-002,MH-002_19.606944_80.379051,0,0.0758608728647232,TN
B,MH-002,MH-002_19.606944_80.37932,0,0.0684731975197792,TN
B,MH-002,MH-002_19.606944_80.37959,0,0.07177700102329254,TN
B,MH-002,MH-002_19.606944_80.379859,0,0.05595516040921211,TN
B,MH-002,MH-002_19.606674_80.376356,0,0.041986916214227676,TN
B,MH-002,MH-002_19.606674_80.376625,1,0.05409134179353714,FN
B,MH-002,MH-002_19.606674_80.376895,1,0.048045821487903595,FN
B,MH-002,MH-002_19.606674_80.377164,0,0.05923837050795555,TN
B,MH-002,MH-002_19.606674_80.377434,0,0.05616113916039467,TN
B,MH-002,MH-002_19.606674_80.377703,0,0.069588303565979,TN
B,MH-002,MH-002_19.606674_80.377973,0,0.0662640631198883,TN
B,MH-002,MH-002_19.606674_80.378242,0,0.07084942609071732,TN
B,MH-002,MH-002_19.606674_80.378512,0,0.07220415025949478,TN
B,MH-002,MH-002_19.606674_80.378781,0,0.08610253781080246,TN
B,MH-002,MH-002_19.606674_80.379051,0,0.08056271076202393,TN
B,MH-002,MH-002_19.606674_80.37932,0,0.06766033917665482,TN
B,MH-002,MH-002_19.606674_80.37959,0,0.07082361727952957,TN
B,MH-002,MH-002_19.606674_80.379859,0,0.057437196373939514,TN
B,MH-002,MH-002_19.606674_80.380129,0,0.054460905492305756,TN
B,MH-002,MH-002_19.606405_80.376356,1,0.04519619420170784,FN
B,MH-002,MH-002_19.606405_80.376625,1,0.05535976588726044,FN
B,MH-002,MH-002_19.606405_80.376895,1,0.05743270367383957,FN
B,MH-002,MH-002_19.606405_80.377164,0,0.0702616423368454,TN
B,MH-002,MH-002_19.606405_80.377434,0,0.06756797432899475,TN
B,MH-002,MH-002_19.606405_80.377703,0,0.07320541143417358,TN
B,MH-002,MH-002_19.606405_80.377973,0,0.07451724261045456,TN
B,MH-002,MH-002_19.606405_80.378242,0,0.0730779692530632,TN
B,MH-002,MH-002_19.606405_80.378512,0,0.07371676713228226,TN
B,MH-002,MH-002_19.606405_80.378781,0,0.07675205916166306,TN
B,MH-002,MH-002_19.606405_80.379051,0,0.08415111154317856,TN
B,MH-002,MH-002_19.606405_80.37932,0,0.06393938511610031,TN
B,MH-002,MH-002_19.606405_80.37959,0,0.06673543900251389,TN
B,MH-002,MH-002_19.606405_80.379859,0,0.05187145620584488,TN
B,MH-002,MH-002_19.606405_80.380129,0,0.06013239920139313,TN
B,MH-002,MH-002_19.606135_80.376356,1,0.06579200178384781,FN
B,MH-002,MH-002_19.606135_80.376625,1,0.07652363926172256,FN
B,MH-002,MH-002_19.606135_80.376895,1,0.07447480410337448,FN
B,MH-002,MH-002_19.606135_80.377164,1,0.09833483397960663,FN
B,MH-002,MH-002_19.606135_80.377434,0,0.08807379752397537,TN
B,MH-002,MH-002_19.606135_80.377703,0,0.09149704873561859,TN
B,MH-002,MH-002_19.606135_80.377973,0,0.0833270326256752,TN
B,MH-002,MH-002_19.606135_80.378242,0,0.07876169681549072,TN
B,MH-002,MH-002_19.606135_80.378512,0,0.0742737203836441,TN
B,MH-002,MH-002_19.606135_80.378781,0,0.08490687608718872,TN
B,MH-002,MH-002_19.606135_80.379051,0,0.0767873153090477,TN
B,MH-002,MH-002_19.606135_80.37932,0,0.0666622444987297,TN
B,MH-002,MH-002_19.606135_80.37959,0,0.06701134890317917,TN
B,MH-002,MH-002_19.606135_80.379859,0,0.05299000069499016,TN
B,MH-002,MH-002_19.606135_80.380129,0,0.05122024193406105,TN
B,MH-002,MH-002_19.605866_80.376356,1,0.06425442546606064,FN
B,MH-002,MH-002_19.605866_80.376625,1,0.07894796878099442,FN
B,MH-002,MH-002_19.605866_80.376895,0,0.07155515998601913,TN
B,MH-002,MH-002_19.605866_80.377164,0,0.08624890446662903,TN
B,MH-002,MH-002_19.605866_80.377434,0,0.07857406884431839,TN
B,MH-002,MH-002_19.605866_80.377703,0,0.07986430823802948,TN
B,MH-002,MH-002_19.605866_80.377973,0,0.07807192206382751,TN
B,MH-002,MH-002_19.605866_80.378242,0,0.07473637163639069,TN
B,MH-002,MH-002_19.605866_80.378512,0,0.07774632424116135,TN
B,MH-002,MH-002_19.605866_80.378781,0,0.07164311408996582,TN
B,MH-002,MH-002_19.605866_80.379051,0,0.07681626826524734,TN
B,MH-002,MH-002_19.605866_80.37932,0,0.06878125667572021,TN
B,MH-002,MH-002_19.605866_80.37959,0,0.06934799998998642,TN
B,MH-002,MH-002_19.605866_80.379859,0,0.05311772599816322,TN
B,MH-002,MH-002_19.605866_80.380129,0,0.06250132620334625,TN
B,MH-002,MH-002_19.605596_80.376356,1,0.07077819854021072,FN
B,MH-002,MH-002_19.605596_80.376625,0,0.08273877203464508,TN
B,MH-002,MH-002_19.605596_80.376895,0,0.07527363300323486,TN
B,MH-002,MH-002_19.605596_80.377164,0,0.08351868391036987,TN
B,MH-002,MH-002_19.605596_80.377434,0,0.07766128331422806,TN
B,MH-002,MH-002_19.605596_80.377703,0,0.07876614481210709,TN
B,MH-002,MH-002_19.605596_80.377973,0,0.06951157748699188,TN
B,MH-002,MH-002_19.605596_80.378242,0,0.07417339086532593,TN
B,MH-002,MH-002_19.605596_80.378512,0,0.06569389998912811,TN
B,MH-002,MH-002_19.605596_80.378781,0,0.07090407609939575,TN
B,MH-002,MH-002_19.605596_80.379051,0,0.06791385263204575,TN
B,MH-002,MH-002_19.605596_80.37932,0,0.06864765286445618,TN
B,MH-002,MH-002_19.605596_80.37959,0,0.06290747225284576,TN
B,MH-002,MH-002_19.605596_80.379859,0,0.05773323029279709,TN
B,MH-002,MH-002_19.605596_80.380129,0,0.06414318829774857,TN
B,MH-002,MH-002_19.605327_80.376356,1,0.06787100434303284,FN
B,MH-002,MH-002_19.605327_80.376625,1,0.07536196708679199,FN
B,MH-002,MH-002_19.605327_80.376895,0,0.06630999594926834,TN
B,MH-002,MH-002_19.605327_80.377164,1,0.06896820664405823,FN
B,MH-002,MH-002_19.605327_80.377434,0,0.07420838624238968,TN
B,MH-002,MH-002_19.605327_80.377703,0,0.07238920778036118,TN
B,MH-002,MH-002_19.605327_80.377973,0,0.06394285708665848,TN
B,MH-002,MH-002_19.605327_80.378242,0,0.0705883726477623,TN
B,MH-002,MH-002_19.605327_80.378512,0,0.07002807408571243,TN
B,MH-002,MH-002_19.605327_80.378781,0,0.06982404738664627,TN
B,MH-002,MH-002_19.605327_80.379051,0,0.06705918163061142,TN
B,MH-002,MH-002_19.605327_80.37932,0,0.06329067796468735,TN
B,MH-002,MH-002_19.605327_80.37959,0,0.07544372975826263,TN
B,MH-002,MH-002_19.605327_80.379859,0,0.06928624212741852,TN
B,MH-002,MH-002_19.605327_80.380129,0,0.06664998829364777,TN
B,MH-002,MH-002_19.605327_80.380398,0,0.05476298928260803,TN
B,MH-002,MH-002_19.605057_80.376356,0,0.06461336463689804,TN
B,MH-002,MH-002_19.605057_80.376625,0,0.07366722077131271,TN
B,MH-002,MH-002_19.605057_80.376895,0,0.06130397319793701,TN
B,MH-002,MH-002_19.605057_80.377164,0,0.0652855783700943,TN
B,MH-002,MH-002_19.605057_80.377434,0,0.0697024017572403,TN
B,MH-002,MH-002_19.605057_80.377703,0,0.061966847628355026,TN
B,MH-002,MH-002_19.605057_80.377973,0,0.05495321378111839,TN
B,MH-002,MH-002_19.605057_80.378242,0,0.06998513638973236,TN
B,MH-002,MH-002_19.605057_80.378512,0,0.06373386830091476,TN
B,MH-002,MH-002_19.605057_80.378781,0,0.07977506518363953,TN
B,MH-002,MH-002_19.605057_80.379051,0,0.06369851529598236,TN
B,MH-002,MH-002_19.605057_80.37932,0,0.06791629642248154,TN
B,MH-002,MH-002_19.605057_80.37959,0,0.06931323558092117,TN
B,MH-002,MH-002_19.605057_80.379859,0,0.06879599392414093,TN
B,MH-002,MH-002_19.605057_80.380129,0,0.062263358384370804,TN
B,MH-002,MH-002_19.605057_80.380398,0,0.05322565883398056,TN
B,MH-002,MH-002_19.604788_80.376356,0,0.07043913006782532,TN
B,MH-002,MH-002_19.604788_80.376625,0,0.07103697210550308,TN
B,MH-002,MH-002_19.604788_80.376895,1,0.058341678231954575,FN
B,MH-002,MH-002_19.604788_80.377164,0,0.05830976366996765,TN
B,MH-002,MH-002_19.604788_80.377434,0,0.06014329567551613,TN
B,MH-002,MH-002_19.604788_80.377703,0,0.05698389187455177,TN
B,MH-002,MH-002_19.604788_80.378781,0,0.08704029768705368,TN
B,MH-002,MH-002_19.604788_80.379051,0,0.06668129563331604,TN
B,MH-002,MH-002_19.604788_80.37932,0,0.06494710594415665,TN
B,MH-002,MH-002_19.604788_80.37959,0,0.0629638060927391,TN
B,MH-002,MH-002_19.604788_80.379859,0,0.06190731003880501,TN
B,MH-002,MH-002_19.604788_80.380129,0,0.0641898587346077,TN
B,MH-002,MH-002_19.604788_80.380398,0,0.053397197276353836,TN
B,MH-002,MH-002_19.604518_80.376356,0,0.06929132342338562,TN
B,MH-002,MH-002_19.604518_80.376625,1,0.05614898353815079,FN
B,MH-002,MH-002_19.604518_80.376895,0,0.04181841388344765,TN
B,MH-002,MH-002_19.604518_80.377164,0,0.04143558815121651,TN
B,MH-002,MH-002_19.604518_80.377434,0,0.04935522750020027,TN
B,MH-002,MH-002_19.604518_80.378242,0,0.05544565990567207,TN
B,MH-002,MH-002_19.604518_80.379051,0,0.06006326153874397,TN
B,MH-002,MH-002_19.604518_80.37932,0,0.06364626437425613,TN
B,MH-002,MH-002_19.604518_80.37959,0,0.05582727491855621,TN
B,MH-002,MH-002_19.604518_80.379859,0,0.06240738555788994,TN
B,MH-002,MH-002_19.604518_80.380129,0,0.05949114263057709,TN
B,MH-002,MH-002_19.604518_80.380398,0,0.0596451610326767,TN
B,MH-002,MH-002_19.604249_80.376356,0,0.06849052011966705,TN
B,MH-002,MH-002_19.604249_80.376625,1,0.05006646364927292,FN
B,MH-002,MH-002_19.604249_80.377164,0,0.03402087837457657,TN
B,MH-002,MH-002_19.604249_80.377973,0,0.05142940953373909,TN
B,MH-002,MH-002_19.604249_80.378242,0,0.0627068504691124,TN
B,MH-002,MH-002_19.604249_80.378512,0,0.08143126219511032,TN
B,MH-002,MH-002_19.604249_80.379051,0,0.07632415741682053,TN
B,MH-002,MH-002_19.604249_80.37932,0,0.07386519759893417,TN
B,MH-002,MH-002_19.604249_80.37959,0,0.07734616845846176,TN
B,MH-002,MH-002_19.604249_80.379859,0,0.07410336285829544,TN
B,MH-002,MH-002_19.604249_80.380129,0,0.06245458498597145,TN
B,MH-002,MH-002_19.604249_80.380398,0,0.059888631105422974,TN
B,MH-002,MH-002_19.603979_80.376356,0,0.044315703213214874,TN
B,MH-002,MH-002_19.603979_80.376625,0,0.0347881019115448,TN
B,MH-002,MH-002_19.603979_80.376895,0,0.031290989369153976,TN
B,MH-002,MH-002_19.603979_80.377164,0,0.03217361122369766,TN
B,MH-002,MH-002_19.603979_80.378242,0,0.05625884607434273,TN
B,MH-002,MH-002_19.603979_80.379051,0,0.0709398165345192,TN
B,MH-002,MH-002_19.603979_80.37932,0,0.07254976034164429,TN
B,MH-002,MH-002_19.603979_80.37959,0,0.06673107296228409,TN
B,MH-002,MH-002_19.603979_80.379859,0,0.07461053878068924,TN
B,MH-002,MH-002_19.603979_80.380129,0,0.06535609811544418,TN
B,MH-002,MH-002_19.603979_80.380398,0,0.058236733078956604,TN
B,MH-002,MH-002_19.60371_80.376356,0,0.03177284821867943,TN
B,MH-002,MH-002_19.60371_80.376625,0,0.029521888121962547,TN
B,MH-002,MH-002_19.60371_80.376895,1,0.02990608848631382,FN
B,MH-002,MH-002_19.60371_80.377164,0,0.03447987511754036,TN
B,MH-002,MH-002_19.60371_80.377973,0,0.04721542447805405,TN
B,MH-002,MH-002_19.60371_80.379051,0,0.07619691640138626,TN
B,MH-002,MH-002_19.60371_80.37932,0,0.06489153206348419,TN
B,MH-002,MH-002_19.60371_80.37959,0,0.06573841720819473,TN
B,MH-002,MH-002_19.60371_80.379859,0,0.07025977224111557,TN
B,MH-002,MH-002_19.60371_80.380129,0,0.052478790283203125,TN
B,MH-002,MH-002_19.60371_80.380398,0,0.05017450079321861,TN
B,MH-002,MH-002_19.60344_80.376356,0,0.02437896654009819,TN
B,MH-002,MH-002_19.60344_80.376625,0,0.02278374694287777,TN
B,MH-002,MH-002_19.60344_80.376895,0,0.023791691288352013,TN
B,MH-002,MH-002_19.60344_80.377164,1,0.03005623258650303,FN
B,MH-002,MH-002_19.60344_80.378242,0,0.049658048897981644,TN
B,MH-002,MH-002_19.60344_80.378512,0,0.059335533529520035,TN
B,MH-002,MH-002_19.60344_80.379051,0,0.06478315591812134,TN
B,MH-002,MH-002_19.60344_80.37932,0,0.0609423853456974,TN
B,MH-002,MH-002_19.60344_80.37959,0,0.04788415879011154,TN
B,MH-002,MH-002_19.60344_80.379859,0,0.051540397107601166,TN
B,MH-002,MH-002_19.60344_80.380129,0,0.03673306480050087,TN
B,MH-002,MH-002_19.60344_80.380398,0,0.039266619831323624,TN
B,MH-002,MH-002_19.603171_80.376356,0,0.01583300717175007,TN
B,MH-002,MH-002_19.603171_80.376625,0,0.026459552347660065,TN
B,MH-002,MH-002_19.603171_80.376895,0,0.028470972552895546,TN
B,MH-002,MH-002_19.603171_80.377164,1,0.03376554697751999,FN
B,MH-002,MH-002_19.603171_80.378242,0,0.05761280655860901,TN
B,MH-002,MH-002_19.603171_80.378512,0,0.06231436878442764,TN
B,MH-002,MH-002_19.603171_80.37932,0,0.054872624576091766,TN
B,MH-002,MH-002_19.603171_80.37959,0,0.04283611476421356,TN
B,MH-002,MH-002_19.603171_80.379859,0,0.0352388471364975,TN
B,MH-002,MH-002_19.603171_80.380129,0,0.03156626224517822,TN
B,MH-002,MH-002_19.603171_80.380398,0,0.03459197282791138,TN
B,MH-002,MH-002_19.602901_80.376625,0,0.015999730676412582,TN
B,MH-002,MH-002_19.602901_80.376895,0,0.02127285860478878,TN
B,MH-002,MH-002_19.602901_80.377164,0,0.026296988129615784,TN
B,MH-002,MH-002_19.602901_80.379051,0,0.05061822757124901,TN
B,MH-002,MH-002_19.602901_80.37932,0,0.04925914481282234,TN
B,MH-002,MH-002_19.602901_80.380129,0,0.024171143770217896,TN
B,MH-002,MH-002_19.602901_80.380398,0,0.02197626233100891,TN
B,MH-002,MH-002_19.602632_80.376356,0,0.009184246882796288,TN
B,MH-002,MH-002_19.602632_80.376895,0,0.016727102920413017,TN
B,MH-002,MH-002_19.602632_80.377434,0,0.014926396310329437,TN
B,MH-002,MH-002_19.602632_80.377703,0,0.01896689459681511,TN
B,MH-002,MH-002_19.602632_80.377973,1,0.022250421345233917,FN
B,MH-002,MH-002_19.602632_80.378781,0,0.0473586842417717,TN
B,MH-002,MH-002_19.602632_80.379051,0,0.05380236357450485,TN
B,MH-002,MH-002_19.602632_80.37932,0,0.036331597715616226,TN
B,MH-002,MH-002_19.602632_80.37959,0,0.026095498353242874,TN
B,MH-002,MH-002_19.602632_80.379859,0,0.02306474931538105,TN
B,MH-002,MH-002_19.602632_80.380398,0,0.020873507484793663,TN
B,MH-002,MH-002_19.602362_80.376356,0,0.007581212092190981,TN
B,MH-002,MH-002_19.602362_80.376625,0,0.009406535886228085,TN
B,MH-002,MH-002_19.602362_80.376895,0,0.011646373197436333,TN
B,MH-002,MH-002_19.602362_80.377164,0,0.010558944195508957,TN
B,MH-002,MH-002_19.602362_80.377434,0,0.009549097158014774,TN
B,MH-002,MH-002_19.602362_80.377703,0,0.01280510425567627,TN
B,MH-002,MH-002_19.602362_80.377973,0,0.015093264169991016,TN
B,MH-002,MH-002_19.602362_80.379051,0,0.02346448227763176,TN
B,MH-002,MH-002_19.602362_80.37932,0,0.023447846993803978,TN
B,MH-002,MH-002_19.602362_80.37959,0,0.015485200099647045,TN
B,MH-002,MH-002_19.602362_80.379859,0,0.01724104769527912,TN
B,MH-002,MH-002_19.602093_80.376356,0,0.004823203198611736,TN
B,MH-002,MH-002_19.602093_80.376625,0,0.0069171530194580555,TN
B,MH-002,MH-002_19.602093_80.376895,0,0.007415034808218479,TN
B,MH-002,MH-002_19.602093_80.37932,0,0.014583935961127281,TN
B,MH-002,MH-002_19.602093_80.37959,0,0.011352617293596268,TN
B,MH-002,MH-002_19.602093_80.379859,0,0.013143511489033699,TN
B,MH-002,MH-002_19.602093_80.380129,0,0.011447570286691189,TN
B,MH-002,MH-002_19.601823_80.378781,0,0.01575816608965397,TN
B,MH-002,MH-002_19.601823_80.379051,0,0.01176313403993845,TN
B,MH-002,MH-002_19.601823_80.37932,0,0.011951589956879616,TN
B,MH-002,MH-002_19.601823_80.37959,0,0.00940100196748972,TN
B,MH-002,MH-002_19.601823_80.379859,0,0.011021682061254978,TN
B,MH-002,MH-002_19.601554_80.379051,0,0.009532592259347439,TN
B,MH-002,MH-002_19.601554_80.37932,0,0.008590921759605408,TN
B,MH-002,MH-002_19.601554_80.37959,0,0.006401609629392624,TN
B,MH-002,MH-002_19.601554_80.379859,0,0.007424734532833099,TN
B,MH-002,MH-002_19.601554_80.380398,0,0.011699607595801353,TN
B,MH-002,MH-002_19.601284_80.376356,0,0.00398956798017025,TN
B,MH-002,MH-002_19.601284_80.377434,0,0.007597736548632383,TN
B,MH-002,MH-002_19.601284_80.377703,0,0.00889847707003355,TN
B,MH-002,MH-002_19.601284_80.377973,0,0.009447340853512287,TN
B,MH-002,MH-002_19.601284_80.378242,1,0.009481202811002731,FN
B,MH-002,MH-002_19.601284_80.37932,0,0.005295342765748501,TN
B,MH-002,MH-002_19.601284_80.380129,0,0.007797030732035637,TN
B,MH-002,MH-002_19.601284_80.380398,0,0.010344717651605606,TN
B,MH-002,MH-002_19.601015_80.376356,0,0.005238500889390707,TN
B,MH-002,MH-002_19.601015_80.376625,0,0.006373237818479538,TN
B,MH-002,MH-002_19.601015_80.376895,0,0.007328118197619915,TN
B,MH-002,MH-002_19.601015_80.377434,0,0.00804076436907053,TN
B,MH-002,MH-002_19.601015_80.377703,0,0.010342936031520367,TN
B,MH-002,MH-002_19.601015_80.377973,0,0.009156838059425354,TN
B,MH-002,MH-002_19.601015_80.378242,0,0.011649140156805515,TN
B,MH-002,MH-002_19.601015_80.378512,0,0.009344357997179031,TN
B,MH-002,MH-002_19.601015_80.378781,0,0.007292888127267361,TN
B,MH-002,MH-002_19.601015_80.37959,0,0.004183860961347818,TN
B,MH-002,MH-002_19.601015_80.379859,0,0.0048453244380652905,TN
B,MH-002,MH-002_19.601015_80.380129,0,0.006835572887212038,TN
B,MH-002,MH-002_19.601015_80.380398,0,0.01000218465924263,TN
B,MH-002,MH-002_19.600745_80.376356,0,0.008266831748187542,TN
B,MH-002,MH-002_19.600745_80.376625,0,0.007970028556883335,TN
B,MH-002,MH-002_19.600745_80.376895,0,0.010011926293373108,TN
B,MH-002,MH-002_19.600745_80.377164,0,0.0077837868593633175,TN
B,MH-002,MH-002_19.600745_80.377434,0,0.0077554816380143166,TN
B,MH-002,MH-002_19.600745_80.377703,0,0.007828641682863235,TN
B,MH-002,MH-002_19.600745_80.377973,0,0.006476160604506731,TN
B,MH-002,MH-002_19.600745_80.378242,0,0.006242169998586178,TN
B,MH-002,MH-002_19.600745_80.378512,0,0.0051915887743234634,TN
B,MH-002,MH-002_19.600745_80.378781,0,0.004920079838484526,TN
B,MH-002,MH-002_19.600745_80.379051,1,0.004847884643822908,FN
B,MH-002,MH-002_19.600745_80.37959,0,0.004449577536433935,TN
B,MH-002,MH-002_19.600745_80.379859,0,0.004699706099927425,TN
B,MH-002,MH-002_19.600745_80.380129,0,0.005562872625887394,TN
B,MH-002,MH-002_19.600745_80.380398,0,0.008397931233048439,TN
B,MH-002,MH-002_19.600476_80.376356,0,0.010678877122700214,TN
B,MH-002,MH-002_19.600476_80.376625,0,0.009914100170135498,TN
B,MH-002,MH-002_19.600476_80.376895,0,0.01020944956690073,TN
B,MH-002,MH-002_19.600476_80.377164,0,0.007829567417502403,TN
B,MH-002,MH-002_19.600476_80.377434,0,0.006926695350557566,TN
B,MH-002,MH-002_19.600476_80.377703,0,0.006966961547732353,TN
B,MH-002,MH-002_19.600476_80.377973,1,0.005732282064855099,FN
B,MH-002,MH-002_19.600476_80.378242,0,0.004946532659232616,TN
B,MH-002,MH-002_19.600476_80.378512,0,0.0035873025190085173,TN
B,MH-002,MH-002_19.600476_80.378781,0,0.003761230269446969,TN
B,MH-002,MH-002_19.600476_80.379051,0,0.0039221360348165035,TN
B,MH-002,MH-002_19.600476_80.37932,0,0.004658665973693132,TN
B,MH-002,MH-002_19.600476_80.37959,0,0.0046660928055644035,TN
B,MH-002,MH-002_19.600476_80.379859,0,0.005960509181022644,TN
B,MH-002,MH-002_19.600476_80.380129,0,0.006886640097945929,TN
B,MH-002,MH-002_19.600476_80.380398,0,0.009728742763400078,TN
B,MH-002,MH-002_19.600206_80.376356,0,0.021407458931207657,TN
B,MH-002,MH-002_19.600206_80.376625,0,0.016079185530543327,TN
B,MH-002,MH-002_19.600206_80.376895,0,0.015046629123389721,TN
B,MH-002,MH-002_19.600206_80.377164,0,0.008696367964148521,TN
B,MH-002,MH-002_19.600206_80.377434,1,0.006028071511536837,FN
B,MH-002,MH-002_19.600206_80.377703,0,0.004862670786678791,TN
B,MH-002,MH-002_19.600206_80.377973,0,0.00469115749001503,TN
B,MH-002,MH-002_19.600206_80.378242,0,0.003452947363257408,TN
B,MH-002,MH-002_19.600206_80.378512,0,0.00346940103918314,TN
B,MH-002,MH-002_19.600206_80.378781,0,0.004006525967270136,TN
B,MH-002,MH-002_19.600206_80.379051,0,0.0047935061156749725,TN
B,MH-002,MH-002_19.600206_80.37932,0,0.005197197198867798,TN
B,MH-002,MH-002_19.600206_80.37959,0,0.006622744724154472,TN
B,MH-002,MH-002_19.600206_80.379859,0,0.00640356307849288,TN
B,MH-002,MH-002_19.600206_80.380129,0,0.008982024155557156,TN
B,MH-002,MH-002_19.599937_80.376356,0,0.026304371654987335,TN
B,MH-002,MH-002_19.599937_80.376625,0,0.019847208634018898,TN
B,MH-002,MH-002_19.599937_80.376895,0,0.016308153048157692,TN
B,MH-002,MH-002_19.599937_80.377164,0,0.010572773404419422,TN
B,MH-002,MH-002_19.599937_80.377434,0,0.008045919239521027,TN
B,MH-002,MH-002_19.599937_80.377703,0,0.006344417575746775,TN
B,MH-002,MH-002_19.599937_80.377973,0,0.006221127230674028,TN
B,MH-002,MH-002_19.599937_80.378242,0,0.004549116361886263,TN
B,MH-002,MH-002_19.599937_80.378512,0,0.0049491035751998425,TN
B,MH-002,MH-002_19.599937_80.378781,0,0.0047192201018333435,TN
B,MH-002,MH-002_19.599937_80.379051,0,0.005802059080451727,TN
B,MH-002,MH-002_19.599937_80.37932,0,0.00742698460817337,TN
B,MH-002,MH-002_19.599937_80.37959,0,0.008957811631262302,TN
B,MH-002,MH-002_19.599937_80.379859,0,0.008594062179327011,TN
B,MH-002,MH-002_19.599937_80.380129,0,0.008990440517663956,TN
B,MH-002,MH-002_19.599667_80.376356,0,0.03764760121703148,TN
B,MH-002,MH-002_19.599667_80.376625,0,0.023723004385828972,TN
B,MH-002,MH-002_19.599667_80.376895,0,0.019267618656158447,TN
B,MH-002,MH-002_19.599667_80.377164,0,0.012644347734749317,TN
B,MH-002,MH-002_19.599667_80.377434,0,0.009557561948895454,TN
B,MH-002,MH-002_19.599667_80.377703,0,0.00788040366023779,TN
B,MH-002,MH-002_19.599667_80.377973,0,0.0073449574410915375,TN
B,MH-002,MH-002_19.599667_80.378242,0,0.005409629084169865,TN
B,MH-002,MH-002_19.599667_80.378512,0,0.006378231570124626,TN
B,MH-002,MH-002_19.599667_80.378781,0,0.0062853614799678326,TN
B,MH-002,MH-002_19.599667_80.379051,0,0.006743967533111572,TN
B,MH-002,MH-002_19.599667_80.37932,0,0.0072572240605950356,TN
B,MH-002,MH-002_19.599667_80.37959,0,0.008964990265667439,TN
B,MH-002,MH-002_19.599667_80.379859,0,0.009298651479184628,TN
B,MH-002,MH-002_19.599667_80.380129,0,0.010175222530961037,TN
B,MH-002,MH-002_19.599398_80.376895,0,0.024160118773579597,TN
B,MH-002,MH-002_19.599398_80.377164,0,0.013920328579843044,TN
B,MH-002,MH-002_19.599398_80.377434,0,0.012963282875716686,TN
B,MH-002,MH-002_19.599398_80.377703,0,0.01030615996569395,TN
B,MH-002,MH-002_19.599398_80.377973,0,0.009416431188583374,TN
B,MH-002,MH-002_19.599398_80.378242,0,0.007207702845335007,TN
B,MH-002,MH-002_19.599398_80.378512,0,0.0071066091768443584,TN
B,MH-002,MH-002_19.599398_80.378781,0,0.006943929940462112,TN
B,MH-002,MH-002_19.599398_80.379051,0,0.00781534519046545,TN
B,MH-002,MH-002_19.599398_80.37932,0,0.00791206955909729,TN
B,MH-002,MH-002_19.599398_80.37959,0,0.009003016166388988,TN
B,MH-002,MH-002_19.599398_80.379859,0,0.011262048035860062,TN
B,MH-002,MH-002_19.599398_80.380129,0,0.010854318737983704,TN
B,MH-002,MH-002_19.599398_80.380398,0,0.014059633016586304,TN
B,MH-002,MH-002_19.599128_80.377164,0,0.01311566587537527,TN
B,MH-002,MH-002_19.599128_80.377434,0,0.010529493913054466,TN
B,MH-002,MH-002_19.599128_80.377703,0,0.010081060230731964,TN
B,MH-002,MH-002_19.599128_80.377973,0,0.008479392156004906,TN
B,MH-002,MH-002_19.599128_80.378242,0,0.007799848914146423,TN
B,MH-002,MH-002_19.599128_80.378512,0,0.007530772592872381,TN
B,MH-002,MH-002_19.599128_80.378781,0,0.00780056556686759,TN
B,MH-002,MH-002_19.599128_80.379051,0,0.00764036551117897,TN
B,MH-002,MH-002_19.599128_80.37932,0,0.008534479886293411,TN
B,MH-002,MH-002_19.599128_80.37959,0,0.009259418584406376,TN
B,MH-002,MH-002_19.599128_80.379859,0,0.009875751100480556,TN
B,MH-002,MH-002_19.599128_80.380129,0,0.011854756623506546,TN
B,MH-002,MH-002_19.599128_80.380398,0,0.01672605238854885,TN
B,MH-002,MH-002_19.598859_80.377164,0,0.012711919844150543,TN
B,MH-002,MH-002_19.598859_80.377434,0,0.011947727762162685,TN
B,MH-002,MH-002_19.598859_80.377703,1,0.012205200269818306,FN
B,MH-002,MH-002_19.598859_80.377973,0,0.011158594861626625,TN
B,MH-002,MH-002_19.598859_80.378242,0,0.010301030240952969,TN
B,MH-002,MH-002_19.598859_80.378512,0,0.01053857896476984,TN
B,MH-002,MH-002_19.598859_80.378781,0,0.009633752517402172,TN
B,MH-002,MH-002_19.598859_80.379051,0,0.011231770738959312,TN
B,MH-002,MH-002_19.598859_80.37932,0,0.010587713681161404,TN
B,MH-002,MH-002_19.598859_80.37959,0,0.011922423727810383,TN
B,MH-002,MH-002_19.598859_80.379859,0,0.012714624404907227,TN
B,MH-002,MH-002_19.598859_80.380129,0,0.015064927749335766,TN
B,MH-002,MH-002_19.598859_80.380398,0,0.020487554371356964,TN
B,MH-002,MH-002_19.598589_80.376356,0,0.01701188273727894,TN
B,MH-002,MH-002_19.598589_80.376625,0,0.016787614673376083,TN
B,MH-002,MH-002_19.598589_80.377434,0,0.010336003266274929,TN
B,MH-002,MH-002_19.598589_80.377703,1,0.01158521231263876,FN
B,MH-002,MH-002_19.598589_80.377973,1,0.010284893214702606,FN
B,MH-002,MH-002_19.598589_80.378242,1,0.011005979962646961,FN
B,MH-002,MH-002_19.598589_80.378512,0,0.011546824127435684,TN
B,MH-002,MH-002_19.598589_80.378781,0,0.011674167588353157,TN
B,MH-002,MH-002_19.598589_80.379051,0,0.01128950621932745,TN
B,MH-002,MH-002_19.598589_80.37932,0,0.011234519071877003,TN
B,MH-002,MH-002_19.598589_80.37959,0,0.011461544781923294,TN
B,MH-002,MH-002_19.598589_80.379859,0,0.012342818081378937,TN
B,MH-002,MH-002_19.598589_80.380129,0,0.014575597830116749,TN
B,MH-002,MH-002_19.598589_80.380398,0,0.022064585238695145,TN
B,MH-002,MH-002_19.59832_80.376356,0,0.018204469233751297,TN
B,MH-002,MH-002_19.59832_80.376625,0,0.015810584649443626,TN
B,MH-002,MH-002_19.59832_80.376895,0,0.015996284782886505,TN
B,MH-002,MH-002_19.59832_80.377164,0,0.012777701020240784,TN
B,MH-002,MH-002_19.59832_80.377434,0,0.01247058343142271,TN
B,MH-002,MH-002_19.59832_80.377703,1,0.012462111189961433,FN
B,MH-002,MH-002_19.59832_80.377973,1,0.011383517645299435,FN
B,MH-002,MH-002_19.59832_80.378242,1,0.012271934188902378,FN
B,MH-002,MH-002_19.59832_80.378512,0,0.01301871333271265,TN
B,MH-002,MH-002_19.59832_80.378781,0,0.013901914469897747,TN
B,MH-002,MH-002_19.59832_80.379051,0,0.013847398571670055,TN
B,MH-002,MH-002_19.59832_80.37932,0,0.01194275263696909,TN
B,MH-002,MH-002_19.59832_80.37959,0,0.011783299036324024,TN
B,MH-002,MH-002_19.59832_80.379859,0,0.014098660089075565,TN
B,MH-002,MH-002_19.59832_80.380129,0,0.016568157821893692,TN
B,MH-002,MH-002_19.59832_80.380398,0,0.021581994369626045,TN
B,MH-002,MH-002_19.59805_80.376356,0,0.01571316085755825,TN
B,MH-002,MH-002_19.59805_80.376625,0,0.012926324270665646,TN
B,MH-002,MH-002_19.59805_80.376895,0,0.012850814498960972,TN
B,MH-002,MH-002_19.59805_80.377164,1,0.01209069974720478,FN
B,MH-002,MH-002_19.59805_80.377434,1,0.011770895682275295,FN
B,MH-002,MH-002_19.59805_80.377703,1,0.012517154216766357,FN
B,MH-002,MH-002_19.59805_80.377973,0,0.011500156484544277,TN
B,MH-002,MH-002_19.59805_80.378242,0,0.014234409667551517,TN
B,MH-002,MH-002_19.59805_80.378512,0,0.013831254094839096,TN
B,MH-002,MH-002_19.59805_80.378781,0,0.01565876044332981,TN
B,MH-002,MH-002_19.59805_80.379051,0,0.014619523659348488,TN
B,MH-002,MH-002_19.59805_80.37932,0,0.013025392778217793,TN
B,MH-002,MH-002_19.59805_80.37959,0,0.014192379079759121,TN
B,MH-002,MH-002_19.59805_80.379859,0,0.014927918091416359,TN
B,MH-002,MH-002_19.59805_80.380129,0,0.01659530960023403,TN
B,MH-002,MH-002_19.59805_80.380398,0,0.02326350286602974,TN
B,MH-002,MH-002_19.597781_80.376356,0,0.021926037967205048,TN
B,MH-002,MH-002_19.597781_80.376625,0,0.015278681181371212,TN
B,MH-002,MH-002_19.597781_80.376895,1,0.01561431959271431,FN
B,MH-002,MH-002_19.597781_80.377164,1,0.015711095184087753,FN
B,MH-002,MH-002_19.597781_80.377434,1,0.015150068327784538,FN
B,MH-002,MH-002_19.597781_80.377703,0,0.014740638434886932,TN
B,MH-002,MH-002_19.597781_80.377973,0,0.015462624840438366,TN
B,MH-002,MH-002_19.597781_80.378242,0,0.015959031879901886,TN
B,MH-002,MH-002_19.597781_80.378512,1,0.016467750072479248,FN
B,MH-002,MH-002_19.597781_80.378781,1,0.01615840569138527,FN
B,MH-002,MH-002_19.597781_80.379051,1,0.015806354582309723,FN
B,MH-002,MH-002_19.597781_80.37932,0,0.014006680808961391,TN
B,MH-002,MH-002_19.597781_80.37959,0,0.016738228499889374,TN
B,MH-002,MH-002_19.597781_80.379859,0,0.01574788987636566,TN
B,MH-002,MH-002_19.597781_80.380129,0,0.018491871654987335,TN
B,MH-002,MH-002_19.597781_80.380398,0,0.02318667247891426,TN
B,MH-002,MH-002_19.597511_80.376356,0,0.024706615135073662,TN
B,MH-002,MH-002_19.597511_80.376625,0,0.017252210527658463,TN
B,MH-002,MH-002_19.597511_80.376895,0,0.015711301937699318,TN
B,MH-002,MH-002_19.597511_80.377164,1,0.014185376465320587,FN
B,MH-002,MH-002_19.597511_80.377434,0,0.015134167857468128,TN
B,MH-002,MH-002_19.597511_80.377703,0,0.014440399594604969,TN
B,MH-002,MH-002_19.597511_80.377973,0,0.01535454485565424,TN
B,MH-002,MH-002_19.597511_80.378242,0,0.01705726608633995,TN
B,MH-002,MH-002_19.597511_80.378512,1,0.015537548810243607,FN
B,MH-002,MH-002_19.597511_80.378781,1,0.01712939143180847,FN
B,MH-002,MH-002_19.597511_80.379051,0,0.01645672507584095,TN
B,MH-002,MH-002_19.597511_80.37932,0,0.01474743988364935,TN
B,MH-002,MH-002_19.597511_80.37959,0,0.016547363251447678,TN
B,MH-002,MH-002_19.597511_80.379859,0,0.01775554195046425,TN
B,MH-002,MH-002_19.597511_80.380129,0,0.018061943352222443,TN
B,MH-002,MH-002_19.597511_80.380398,0,0.02184291183948517,TN
B,MH-002,MH-002_19.597242_80.376356,0,0.034945450723171234,TN
B,MH-002,MH-002_19.597242_80.376625,0,0.021430930122733116,TN
B,MH-002,MH-002_19.597242_80.376895,0,0.019115304574370384,TN
B,MH-002,MH-002_19.597242_80.377164,1,0.01774771697819233,FN
B,MH-002,MH-002_19.597242_80.377434,1,0.01743420772254467,FN
B,MH-002,MH-002_19.597242_80.377703,0,0.01583530381321907,TN
B,MH-002,MH-002_19.597242_80.377973,0,0.01647271029651165,TN
B,MH-002,MH-002_19.597242_80.378242,0,0.016032608225941658,TN
B,MH-002,MH-002_19.597242_80.378512,0,0.01711057685315609,TN
B,MH-002,MH-002_19.597242_80.378781,0,0.01705051027238369,TN
B,MH-002,MH-002_19.597242_80.379051,0,0.01765153929591179,TN
B,MH-002,MH-002_19.597242_80.37932,0,0.016193069517612457,TN
B,MH-002,MH-002_19.597242_80.37959,0,0.019619334489107132,TN
B,MH-002,MH-002_19.597242_80.379859,0,0.02112666703760624,TN
B,MH-002,MH-002_19.597242_80.380129,0,0.022526776418089867,TN
B,MH-002,MH-002_19.597242_80.380398,0,0.02249067835509777,TN
B,MH-002,MH-002_19.596973_80.376356,0,0.03236476331949234,TN
B,MH-002,MH-002_19.596973_80.376625,0,0.02364972047507763,TN
B,MH-002,MH-002_19.596973_80.376895,0,0.017293822020292282,TN
B,MH-002,MH-002_19.596973_80.377164,1,0.018469175323843956,FN
B,MH-002,MH-002_19.596973_80.377434,1,0.016796598210930824,FN
B,MH-002,MH-002_19.596973_80.377703,0,0.0173246581107378,TN
B,MH-002,MH-002_19.596973_80.377973,0,0.017284108325839043,TN
B,MH-002,MH-002_19.596973_80.378242,0,0.019805094227194786,TN
B,MH-002,MH-002_19.596973_80.378512,0,0.019926954060792923,TN
B,MH-002,MH-002_19.596973_80.378781,0,0.020909825339913368,TN
B,MH-002,MH-002_19.596973_80.379051,0,0.019598420709371567,TN
B,MH-002,MH-002_19.596973_80.37932,0,0.019877076148986816,TN
B,MH-002,MH-002_19.596973_80.37959,0,0.02201404608786106,TN
B,MH-002,MH-002_19.596973_80.379859,0,0.024742553010582924,TN
B,MH-002,MH-002_19.596973_80.380129,0,0.025893138721585274,TN
B,MH-002,MH-002_19.596973_80.380398,0,0.027764461934566498,TN
B,MH-002,MH-002_19.596703_80.376356,0,0.03954237326979637,TN
B,MH-002,MH-002_19.596703_80.376625,0,0.028096076101064682,TN
B,MH-002,MH-002_19.596703_80.376895,0,0.02586965635418892,TN
B,MH-002,MH-002_19.596703_80.377164,0,0.024868478998541832,TN
B,MH-002,MH-002_19.596703_80.377434,1,0.023830752819776535,FN
B,MH-002,MH-002_19.596703_80.377703,0,0.02227906882762909,TN
B,MH-002,MH-002_19.596703_80.377973,0,0.02207549475133419,TN
B,MH-002,MH-002_19.596703_80.378242,0,0.02411678247153759,TN
B,MH-002,MH-002_19.596703_80.378512,0,0.02477043680846691,TN
B,MH-002,MH-002_19.596703_80.378781,0,0.025862397626042366,TN
B,MH-002,MH-002_19.596703_80.379051,0,0.02945784106850624,TN
B,MH-002,MH-002_19.596703_80.37932,0,0.028134163469076157,TN
B,MH-002,MH-002_19.596703_80.37959,0,0.030125049874186516,TN
B,MH-002,MH-002_19.596703_80.379859,0,0.03327775374054909,TN
B,MH-002,MH-002_19.596703_80.380129,0,0.03740062564611435,TN
B,MH-002,MH-002_19.596703_80.380398,0,0.04103420302271843,TN
B,MH-002,MH-002_19.596434_80.376356,1,0.03555161505937576,FN
B,MH-002,MH-002_19.596434_80.376625,1,0.03654959797859192,FN
B,MH-002,MH-002_19.596434_80.376895,1,0.02756710723042488,FN
B,MH-002,MH-002_19.596434_80.377164,0,0.029793858528137207,TN
B,MH-002,MH-002_19.596434_80.377434,0,0.02731565572321415,TN
B,MH-002,MH-002_19.596434_80.377703,0,0.02583577111363411,TN
B,MH-002,MH-002_19.596434_80.377973,0,0.026863116770982742,TN
B,MH-002,MH-002_19.596434_80.378242,0,0.030986273661255836,TN
B,MH-002,MH-002_19.596434_80.378512,0,0.031002793461084366,TN
B,MH-002,MH-002_19.596434_80.378781,0,0.035166285932064056,TN
B,MH-002,MH-002_19.596434_80.379051,0,0.03820030763745308,TN
B,MH-002,MH-002_19.596434_80.37932,0,0.040937136858701706,TN
B,MH-002,MH-002_19.596434_80.37959,0,0.044428750872612,TN
B,MH-002,MH-002_19.596434_80.379859,0,0.050720203667879105,TN
B,MH-002,MH-002_19.596434_80.380129,0,0.056844379752874374,TN
B,MH-002,MH-002_19.596434_80.380398,0,0.06352514028549194,TN
B,MH-002,MH-002_19.596164_80.376356,1,0.03480773791670799,FN
B,MH-002,MH-002_19.596164_80.376625,1,0.036496516317129135,FN
B,MH-002,MH-002_19.596164_80.376895,0,0.03891444578766823,TN
B,MH-002,MH-002_19.596164_80.377164,0,0.03946106880903244,TN
B,MH-002,MH-002_19.596164_80.377434,1,0.03557179495692253,FN
B,MH-002,MH-002_19.596164_80.377703,1,0.03470383957028389,FN
B,MH-002,MH-002_19.596164_80.377973,0,0.03759213164448738,TN
B,MH-002,MH-002_19.596164_80.378242,0,0.0415758416056633,TN
B,MH-002,MH-002_19.596164_80.378512,0,0.04872165992856026,TN
B,MH-002,MH-002_19.596164_80.378781,0,0.049820344895124435,TN
B,MH-002,MH-002_19.596164_80.379051,0,0.05625000223517418,TN
B,MH-002,MH-002_19.596164_80.37932,0,0.05429287627339363,TN
B,MH-002,MH-002_19.596164_80.37959,0,0.06703844666481018,TN
B,MH-002,MH-002_19.596164_80.379859,0,0.06525955349206924,TN
B,MH-002,MH-002_19.596164_80.380129,0,0.07799637317657471,TN
B,MH-002,MH-002_19.596164_80.380398,0,0.09279464185237885,TN
C,MH-003,MH-003_18.947491_73.46355,0,0.5725179314613342,FP
C,MH-003,MH-003_18.946413_73.448189,0,0.7834498882293701,FP
C,MH-003,MH-003_18.946413_73.449267,0,0.7657742500305176,FP
C,MH-003,MH-003_18.946413_73.449536,0,0.7421000003814697,FP
C,MH-003,MH-003_18.946413_73.449806,0,0.6433011889457703,FP
C,MH-003,MH-003_18.946143_73.447381,0,0.6823040843009949,FP
C,MH-003,MH-003_18.946143_73.449267,0,0.7140730619430542,FP
C,MH-003,MH-003_18.946143_73.449536,0,0.6580397486686707,FP
C,MH-003,MH-003_18.946143_73.449806,0,0.5674606561660767,FP
C,MH-003,MH-003_18.946143_73.450075,0,0.5852622389793396,FP
C,MH-003,MH-003_18.946143_73.463011,0,0.5809012055397034,FP
C,MH-003,MH-003_18.945874_73.447381,0,0.7509064078330994,FP
C,MH-003,MH-003_18.945874_73.44765,0,0.7563774585723877,FP
C,MH-003,MH-003_18.945874_73.44792,0,0.806817889213562,FP
C,MH-003,MH-003_18.945874_73.449536,0,0.7793997526168823,FP
C,MH-003,MH-003_18.945874_73.449806,0,0.6850042939186096,FP
C,MH-003,MH-003_18.945874_73.450075,0,0.6072309613227844,FP
C,MH-003,MH-003_18.945874_73.463011,0,0.6434696912765503,FP
C,MH-003,MH-003_18.945604_73.447111,0,0.7148417830467224,FP
C,MH-003,MH-003_18.945604_73.449267,0,0.8020364046096802,FP
C,MH-003,MH-003_18.945604_73.449536,0,0.7359498143196106,FP
C,MH-003,MH-003_18.945604_73.449806,0,0.6490960121154785,FP
C,MH-003,MH-003_18.945604_73.450075,0,0.6148289442062378,FP
C,MH-003,MH-003_18.945604_73.462742,0,0.6188195943832397,FP
C,MH-003,MH-003_18.945335_73.44765,1,0.7277922630310059,TP
C,MH-003,MH-003_18.945335_73.44792,1,0.773354709148407,TP
C,MH-003,MH-003_18.945335_73.448189,1,0.85204017162323,TP
C,MH-003,MH-003_18.945335_73.448728,0,0.901491105556488,FP
C,MH-003,MH-003_18.945335_73.462742,0,0.6945717334747314,FP
C,MH-003,MH-003_18.945065_73.446572,0,0.4812176823616028,TN
C,MH-003,MH-003_18.945065_73.446842,0,0.4870344400405884,TN
C,MH-003,MH-003_18.945065_73.447111,0,0.5652977228164673,FP
C,MH-003,MH-003_18.945065_73.44792,1,0.7103994488716125,TP
C,MH-003,MH-003_18.945065_73.448189,0,0.8051493763923645,FP
C,MH-003,MH-003_18.945065_73.448459,1,0.8489062190055847,TP
C,MH-003,MH-003_18.945065_73.448997,0,0.8720223307609558,FP
C,MH-003,MH-003_18.945065_73.449806,0,0.6367223262786865,FP
C,MH-003,MH-003_18.945065_73.450075,0,0.5813446640968323,FP
C,MH-003,MH-003_18.945065_73.462742,0,0.6631670594215393,FP
C,MH-003,MH-003_18.944796_73.444416,0,0.47054293751716614,TN
C,MH-003,MH-003_18.944796_73.445225,0,0.49331310391426086,TN
C,MH-003,MH-003_18.944796_73.446033,0,0.591333270072937,FP
C,MH-003,MH-003_18.944796_73.447111,0,0.5497787594795227,FP
C,MH-003,MH-003_18.944796_73.44792,0,0.6258750557899475,FP
C,MH-003,MH-003_18.944796_73.448189,1,0.6895007491111755,TP
C,MH-003,MH-003_18.944796_73.448459,1,0.7578129768371582,TP
C,MH-003,MH-003_18.944796_73.449267,0,0.7960355281829834,FP
C,MH-003,MH-003_18.944796_73.449806,0,0.6374223828315735,FP
C,MH-003,MH-003_18.944796_73.450075,0,0.5822539925575256,FP
C,MH-003,MH-003_18.944796_73.463011,0,0.6543039083480835,FP
C,MH-003,MH-003_18.944526_73.444416,0,0.5338588953018188,FP
C,MH-003,MH-003_18.944526_73.444686,0,0.5428226590156555,FP
C,MH-003,MH-003_18.944526_73.444955,0,0.5604816675186157,FP
C,MH-003,MH-003_18.944526_73.44792,1,0.6833791732788086,TP
C,MH-003,MH-003_18.944526_73.448189,1,0.7113850712776184,TP
C,MH-003,MH-003_18.944526_73.448459,1,0.7445780634880066,TP
C,MH-003,MH-003_18.944526_73.448728,0,0.8205784559249878,FP
C,MH-003,MH-003_18.944526_73.448997,1,0.8247189521789551,TP
C,MH-003,MH-003_18.944526_73.449267,1,0.8209707140922546,TP
C,MH-003,MH-003_18.944526_73.449806,0,0.6610488295555115,FP
C,MH-003,MH-003_18.944526_73.450075,0,0.6318680644035339,FP
C,MH-003,MH-003_18.944257_73.445225,0,0.679486870765686,FP
C,MH-003,MH-003_18.944257_73.446033,0,0.8520371913909912,FP
C,MH-003,MH-003_18.944257_73.446303,0,0.8568173050880432,FP
C,MH-003,MH-003_18.944257_73.446572,0,0.8226538896560669,FP
C,MH-003,MH-003_18.944257_73.446842,0,0.8580336570739746,FP
C,MH-003,MH-003_18.944257_73.447111,0,0.8343449234962463,FP
C,MH-003,MH-003_18.944257_73.447381,0,0.8031978607177734,FP
C,MH-003,MH-003_18.944257_73.44792,1,0.744664192199707,TP
C,MH-003,MH-003_18.944257_73.448189,1,0.7136717438697815,TP
C,MH-003,MH-003_18.944257_73.448459,1,0.7712796330451965,TP
C,MH-003,MH-003_18.944257_73.448728,0,0.8118701577186584,FP
C,MH-003,MH-003_18.944257_73.448997,1,0.8521845936775208,TP
C,MH-003,MH-003_18.944257_73.449267,1,0.8469129800796509,TP
C,MH-003,MH-003_18.944257_73.449536,1,0.8220740556716919,TP
C,MH-003,MH-003_18.944257_73.463281,0,0.5073965191841125,FP
C,MH-003,MH-003_18.943987_73.444416,0,0.5788634419441223,FP
C,MH-003,MH-003_18.943987_73.444686,0,0.6090278029441833,FP
C,MH-003,MH-003_18.943987_73.444955,0,0.6583918929100037,FP
C,MH-003,MH-003_18.943987_73.445764,1,0.9262105226516724,TP
C,MH-003,MH-003_18.943987_73.446033,1,0.9387346506118774,TP
C,MH-003,MH-003_18.943987_73.446303,0,0.9325097799301147,FP
C,MH-003,MH-003_18.943987_73.446572,0,0.9376131296157837,FP
C,MH-003,MH-003_18.943987_73.446842,1,0.9276704788208008,TP
C,MH-003,MH-003_18.943987_73.447111,0,0.9168871641159058,FP
C,MH-003,MH-003_18.943987_73.447381,1,0.8711577653884888,TP
C,MH-003,MH-003_18.943987_73.44765,1,0.8420963287353516,TP
C,MH-003,MH-003_18.943987_73.44792,1,0.8120959997177124,TP
C,MH-003,MH-003_18.943987_73.448459,1,0.7929014563560486,TP
C,MH-003,MH-003_18.943987_73.448728,1,0.8007155060768127,TP
C,MH-003,MH-003_18.943987_73.448997,1,0.839120090007782,TP
C,MH-003,MH-003_18.943987_73.449267,1,0.8118093609809875,TP
C,MH-003,MH-003_18.943987_73.449536,1,0.8035627603530884,TP
C,MH-003,MH-003_18.943987_73.449806,1,0.7513097524642944,TP
C,MH-003,MH-003_18.943718_73.444416,0,0.6313584446907043,FP
C,MH-003,MH-003_18.943718_73.444686,0,0.6510370373725891,FP
C,MH-003,MH-003_18.943718_73.445225,0,0.8009356260299683,FP
C,MH-003,MH-003_18.943718_73.445764,1,0.9571777582168579,TP
C,MH-003,MH-003_18.943718_73.446033,0,0.9626942873001099,FP
C,MH-003,MH-003_18.943718_73.446303,0,0.9743781685829163,FP
C,MH-003,MH-003_18.943718_73.446572,0,0.9652835130691528,FP
C,MH-003,MH-003_18.943718_73.446842,1,0.9654252529144287,TP
C,MH-003,MH-003_18.943718_73.447111,1,0.9510025382041931,TP
C,MH-003,MH-003_18.943718_73.447381,1,0.9187707901000977,TP
C,MH-003,MH-003_18.943718_73.44765,1,0.8944289088249207,TP
C,MH-003,MH-003_18.943718_73.44792,0,0.8578466773033142,FP
C,MH-003,MH-003_18.943718_73.448189,0,0.8223822116851807,FP
C,MH-003,MH-003_18.943718_73.448459,1,0.8338911533355713,TP
C,MH-003,MH-003_18.943718_73.449536,1,0.7522531151771545,TP
C,MH-003,MH-003_18.943718_73.449806,1,0.7179854512214661,TP
C,MH-003,MH-003_18.943718_73.450075,1,0.6818156242370605,TP
C,MH-003,MH-003_18.943718_73.46355,0,0.2896099090576172,TN
C,MH-003,MH-003_18.943448_73.444416,0,0.6169320940971375,FP
C,MH-003,MH-003_18.943448_73.444955,0,0.7138712406158447,FP
C,MH-003,MH-003_18.943448_73.445225,0,0.8086273670196533,FP
C,MH-003,MH-003_18.943448_73.445494,0,0.9139510989189148,FP
C,MH-003,MH-003_18.943448_73.445764,0,0.9564658403396606,FP
C,MH-003,MH-003_18.943448_73.446033,0,0.9708733558654785,FP
C,MH-003,MH-003_18.943448_73.446303,0,0.9667704105377197,FP
C,MH-003,MH-003_18.943448_73.446572,1,0.970213770866394,TP
C,MH-003,MH-003_18.943448_73.446842,1,0.9545206427574158,TP
C,MH-003,MH-003_18.943448_73.447111,1,0.9358148574829102,TP
C,MH-003,MH-003_18.943448_73.447381,1,0.8957245349884033,TP
C,MH-003,MH-003_18.943448_73.44765,0,0.8823406100273132,FP
C,MH-003,MH-003_18.943448_73.44792,0,0.8518762588500977,FP
C,MH-003,MH-003_18.943448_73.448189,1,0.8086041808128357,TP
C,MH-003,MH-003_18.943448_73.448459,1,0.8122598528862,TP
C,MH-003,MH-003_18.943448_73.448728,1,0.8227714896202087,TP
C,MH-003,MH-003_18.943448_73.448997,1,0.8484660983085632,TP
C,MH-003,MH-003_18.943448_73.449806,0,0.8152880668640137,FP
C,MH-003,MH-003_18.943448_73.450075,1,0.8175950050354004,TP
C,MH-003,MH-003_18.943448_73.450345,1,0.7885238528251648,TP
C,MH-003,MH-003_18.943448_73.451153,0,0.7239958643913269,FP
C,MH-003,MH-003_18.943448_73.451423,0,0.6752820611000061,FP
C,MH-003,MH-003_18.943448_73.451692,0,0.5471653342247009,FP
C,MH-003,MH-003_18.943448_73.46355,0,0.2985702455043793,TN
C,MH-003,MH-003_18.943179_73.444416,0,0.7342537045478821,FP
C,MH-003,MH-003_18.943179_73.444955,0,0.7906438708305359,FP
C,MH-003,MH-003_18.943179_73.445494,0,0.9301778674125671,FP
C,MH-003,MH-003_18.943179_73.446033,0,0.9578234553337097,FP
C,MH-003,MH-003_18.943179_73.446303,1,0.9690901637077332,TP
C,MH-003,MH-003_18.943179_73.446572,1,0.9587961435317993,TP
C,MH-003,MH-003_18.943179_73.446842,1,0.9455196857452393,TP
C,MH-003,MH-003_18.943179_73.447111,1,0.9168657064437866,TP
C,MH-003,MH-003_18.943179_73.447381,1,0.8591427803039551,TP
C,MH-003,MH-003_18.943179_73.44765,1,0.852299690246582,TP
C,MH-003,MH-003_18.943179_73.44792,0,0.786892831325531,FP
C,MH-003,MH-003_18.943179_73.448189,0,0.7713744044303894,FP
C,MH-003,MH-003_18.943179_73.448459,1,0.7604204416275024,TP
C,MH-003,MH-003_18.943179_73.448728,0,0.7697756886482239,FP
C,MH-003,MH-003_18.943179_73.448997,1,0.7924705147743225,TP
C,MH-003,MH-003_18.943179_73.449267,1,0.8010680079460144,TP
C,MH-003,MH-003_18.943179_73.449806,0,0.8020128011703491,FP
C,MH-003,MH-003_18.943179_73.450075,1,0.8116846084594727,TP
C,MH-003,MH-003_18.943179_73.450345,1,0.8020334839820862,TP
C,MH-003,MH-003_18.943179_73.451423,0,0.643917977809906,FP
C,MH-003,MH-003_18.943179_73.451692,0,0.5409348607063293,FP
C,MH-003,MH-003_18.942909_73.444416,0,0.7124266028404236,FP
C,MH-003,MH-003_18.942909_73.446033,1,0.9196621179580688,TP
C,MH-003,MH-003_18.942909_73.446303,1,0.9142560362815857,TP
C,MH-003,MH-003_18.942909_73.446572,1,0.8903734683990479,TP
C,MH-003,MH-003_18.942909_73.446842,1,0.8610289096832275,TP
C,MH-003,MH-003_18.942909_73.447111,1,0.8190411329269409,TP
C,MH-003,MH-003_18.942909_73.447381,0,0.7976152896881104,FP
C,MH-003,MH-003_18.942909_73.44765,1,0.8178629875183105,TP
C,MH-003,MH-003_18.942909_73.44792,1,0.814742386341095,TP
C,MH-003,MH-003_18.942909_73.448189,1,0.7998178005218506,TP
C,MH-003,MH-003_18.942909_73.448459,1,0.818074643611908,TP
C,MH-003,MH-003_18.942909_73.448728,0,0.8583387136459351,FP
C,MH-003,MH-003_18.942909_73.448997,1,0.8830546736717224,TP
C,MH-003,MH-003_18.942909_73.449267,1,0.8909186124801636,TP
C,MH-003,MH-003_18.942909_73.449536,0,0.8921779990196228,FP
C,MH-003,MH-003_18.942909_73.450075,0,0.8622971773147583,FP
C,MH-003,MH-003_18.942909_73.450614,0,0.8603795170783997,FP
C,MH-003,MH-003_18.942909_73.451153,1,0.7185200452804565,TP
C,MH-003,MH-003_18.942909_73.451423,1,0.660830557346344,TP
C,MH-003,MH-003_18.942909_73.451692,0,0.535111129283905,FP
C,MH-003,MH-003_18.94264_73.444416,0,0.8050182461738586,FP
C,MH-003,MH-003_18.94264_73.445494,1,0.8451662659645081,TP
C,MH-003,MH-003_18.94264_73.445764,1,0.8488319516181946,TP
C,MH-003,MH-003_18.94264_73.446303,1,0.7966647148132324,TP
C,MH-003,MH-003_18.94264_73.446572,1,0.8089287281036377,TP
C,MH-003,MH-003_18.94264_73.446842,1,0.8109586238861084,TP
C,MH-003,MH-003_18.94264_73.447111,0,0.8021783232688904,FP
C,MH-003,MH-003_18.94264_73.447381,0,0.8081886768341064,FP
C,MH-003,MH-003_18.94264_73.44765,1,0.8293092846870422,TP
C,MH-003,MH-003_18.94264_73.44792,1,0.8556467890739441,TP
C,MH-003,MH-003_18.94264_73.448189,1,0.8497791290283203,TP
C,MH-003,MH-003_18.94264_73.448459,1,0.8867907524108887,TP
C,MH-003,MH-003_18.94264_73.448728,1,0.9011924266815186,TP
C,MH-003,MH-003_18.94264_73.448997,1,0.9253982901573181,TP
C,MH-003,MH-003_18.94264_73.449267,1,0.9232191443443298,TP
C,MH-003,MH-003_18.94264_73.449536,1,0.9148839116096497,TP
C,MH-003,MH-003_18.94264_73.450345,1,0.8638791441917419,TP
C,MH-003,MH-003_18.94264_73.450614,1,0.8458135724067688,TP
C,MH-003,MH-003_18.94264_73.451153,1,0.6911852955818176,TP
C,MH-003,MH-003_18.94264_73.451423,0,0.6327468156814575,FP
C,MH-003,MH-003_18.94264_73.463281,0,0.4311148226261139,TN
C,MH-003,MH-003_18.94237_73.444416,1,0.8287582397460938,TP
C,MH-003,MH-003_18.94237_73.447111,1,0.7620084285736084,TP
C,MH-003,MH-003_18.94237_73.447381,1,0.7684645056724548,TP
C,MH-003,MH-003_18.94237_73.448189,1,0.8390730619430542,TP
C,MH-003,MH-003_18.94237_73.448459,1,0.8873714208602905,TP
C,MH-003,MH-003_18.94237_73.448728,0,0.9162015914916992,FP
C,MH-003,MH-003_18.94237_73.448997,0,0.9367438554763794,FP
C,MH-003,MH-003_18.94237_73.449806,0,0.9347295761108398,FP
C,MH-003,MH-003_18.94237_73.450075,0,0.9312941431999207,FP
C,MH-003,MH-003_18.94237_73.450345,1,0.9040351510047913,TP
C,MH-003,MH-003_18.94237_73.451692,0,0.4723477065563202,TN
C,MH-003,MH-003_18.94237_73.451962,0,0.4664440453052521,TN
C,MH-003,MH-003_18.94237_73.463281,0,0.44626834988594055,TN
C,MH-003,MH-003_18.942101_73.444686,1,0.8558089733123779,TP
C,MH-003,MH-003_18.942101_73.444955,0,0.8366892337799072,FP
C,MH-003,MH-003_18.942101_73.445494,1,0.7310969829559326,TP
C,MH-003,MH-003_18.942101_73.445764,1,0.6588700413703918,TP
C,MH-003,MH-003_18.942101_73.446033,1,0.6539939641952515,TP
C,MH-003,MH-003_18.942101_73.446303,1,0.725737988948822,TP
C,MH-003,MH-003_18.942101_73.446572,0,0.7641127109527588,FP
C,MH-003,MH-003_18.942101_73.449806,0,0.9559011459350586,FP
C,MH-003,MH-003_18.942101_73.450075,0,0.9491147398948669,FP
C,MH-003,MH-003_18.942101_73.450345,0,0.9358513951301575,FP
C,MH-003,MH-003_18.942101_73.450614,0,0.8972200155258179,FP
C,MH-003,MH-003_18.942101_73.451423,0,0.6503249406814575,FP
C,MH-003,MH-003_18.942101_73.451692,0,0.5153878331184387,FP
C,MH-003,MH-003_18.942101_73.451962,0,0.4682423770427704,TN
C,MH-003,MH-003_18.942101_73.465706,0,0.791692852973938,FP
C,MH-003,MH-003_18.941831_73.444955,1,0.8277944922447205,TP
C,MH-003,MH-003_18.941831_73.445225,1,0.7839725017547607,TP
C,MH-003,MH-003_18.941831_73.445494,1,0.7570878863334656,TP
C,MH-003,MH-003_18.941831_73.445764,0,0.6826528906822205,FP
C,MH-003,MH-003_18.941831_73.446033,0,0.7032791972160339,FP
C,MH-003,MH-003_18.941831_73.446303,0,0.729080855846405,FP
C,MH-003,MH-003_18.941831_73.446572,0,0.7561211585998535,FP
C,MH-003,MH-003_18.941831_73.447111,1,0.7925408482551575,TP
C,MH-003,MH-003_18.941831_73.447381,0,0.8023228049278259,FP
C,MH-003,MH-003_18.941831_73.44765,1,0.8010553121566772,TP
C,MH-003,MH-003_18.941831_73.44792,1,0.7928982377052307,TP
C,MH-003,MH-003_18.941831_73.448459,0,0.8487316966056824,FP
C,MH-003,MH-003_18.941831_73.450075,0,0.9573990702629089,FP
C,MH-003,MH-003_18.941831_73.450345,0,0.9347385168075562,FP
C,MH-003,MH-003_18.941831_73.450614,0,0.9076555371284485,FP
C,MH-003,MH-003_18.941831_73.451153,0,0.785932719707489,FP
C,MH-003,MH-003_18.941831_73.451423,0,0.6947850584983826,FP
C,MH-003,MH-003_18.941831_73.451962,0,0.4581919312477112,TN
C,MH-003,MH-003_18.941562_73.445225,1,0.8251427412033081,TP
C,MH-003,MH-003_18.941562_73.445494,1,0.7928730249404907,TP
C,MH-003,MH-003_18.941562_73.445764,1,0.7394747734069824,TP
C,MH-003,MH-003_18.941562_73.446033,1,0.7057495713233948,TP
C,MH-003,MH-003_18.941562_73.446303,1,0.7437990307807922,TP
C,MH-003,MH-003_18.941562_73.446572,1,0.7819106578826904,TP
C,MH-003,MH-003_18.941562_73.447111,0,0.819981038570404,FP
C,MH-003,MH-003_18.941562_73.447381,0,0.8168972134590149,FP
C,MH-003,MH-003_18.941562_73.44765,1,0.806895911693573,TP
C,MH-003,MH-003_18.941562_73.448459,0,0.7911479473114014,FP
C,MH-003,MH-003_18.941562_73.449536,0,0.936099112033844,FP
C,MH-003,MH-003_18.941562_73.450075,0,0.9383655786514282,FP
C,MH-003,MH-003_18.941562_73.450345,0,0.9298328757286072,FP
C,MH-003,MH-003_18.941562_73.450614,0,0.9219123721122742,FP
C,MH-003,MH-003_18.941562_73.451153,0,0.8101772665977478,FP
C,MH-003,MH-003_18.941562_73.451423,0,0.7292082905769348,FP
C,MH-003,MH-003_18.941562_73.451692,0,0.5513730645179749,FP
C,MH-003,MH-003_18.941562_73.451962,0,0.47513702511787415,TN
C,MH-003,MH-003_18.941562_73.466245,0,0.7404893040657043,FP
C,MH-003,MH-003_18.941292_73.444955,0,0.8724911212921143,FP
C,MH-003,MH-003_18.941292_73.445225,1,0.8729158043861389,TP
C,MH-003,MH-003_18.941292_73.445764,1,0.803332507610321,TP
C,MH-003,MH-003_18.941292_73.446033,1,0.7944440841674805,TP
C,MH-003,MH-003_18.941292_73.446303,1,0.8092077970504761,TP
C,MH-003,MH-003_18.941292_73.446572,1,0.8559030294418335,TP
C,MH-003,MH-003_18.941292_73.446842,1,0.8517671227455139,TP
C,MH-003,MH-003_18.941292_73.447111,0,0.8608201742172241,FP
C,MH-003,MH-003_18.941292_73.447381,0,0.8608716726303101,FP
C,MH-003,MH-003_18.941292_73.448189,0,0.7562969923019409,FP
C,MH-003,MH-003_18.941292_73.449536,0,0.8621830344200134,FP
C,MH-003,MH-003_18.941292_73.450884,0,0.8862109780311584,FP
C,MH-003,MH-003_18.941292_73.451423,0,0.7806122899055481,FP
C,MH-003,MH-003_18.941292_73.451692,0,0.5889310240745544,FP
C,MH-003,MH-003_18.941292_73.451962,0,0.5433283448219299,FP
C,MH-003,MH-003_18.941023_73.445225,0,0.8919835686683655,FP
C,MH-003,MH-003_18.941023_73.445494,1,0.8723981380462646,TP
C,MH-003,MH-003_18.941023_73.446033,1,0.8602922558784485,TP
C,MH-003,MH-003_18.941023_73.446303,0,0.8907541632652283,FP
C,MH-003,MH-003_18.941023_73.446572,1,0.90460604429245,TP
C,MH-003,MH-003_18.941023_73.446842,1,0.9077149033546448,TP
C,MH-003,MH-003_18.941023_73.447111,0,0.9053690433502197,FP
C,MH-003,MH-003_18.941023_73.447381,1,0.8992191553115845,TP
C,MH-003,MH-003_18.941023_73.44765,1,0.8666536808013916,TP
C,MH-003,MH-003_18.941023_73.44792,1,0.8182951807975769,TP
C,MH-003,MH-003_18.941023_73.448189,0,0.742672860622406,FP
C,MH-003,MH-003_18.941023_73.448459,0,0.6704290509223938,FP
C,MH-003,MH-003_18.941023_73.449806,0,0.7867252826690674,FP
C,MH-003,MH-003_18.941023_73.450345,0,0.840237021446228,FP
C,MH-003,MH-003_18.941023_73.450884,0,0.8487623929977417,FP
C,MH-003,MH-003_18.941023_73.451423,0,0.7633399367332458,FP
C,MH-003,MH-003_18.941023_73.451962,0,0.5710425972938538,FP
C,MH-003,MH-003_18.940753_73.445225,0,0.940362811088562,FP
C,MH-003,MH-003_18.940753_73.445494,1,0.9258253574371338,TP
C,MH-003,MH-003_18.940753_73.446033,0,0.9329344630241394,FP
C,MH-003,MH-003_18.940753_73.446303,0,0.9358187317848206,FP
C,MH-003,MH-003_18.940753_73.446572,1,0.9330493211746216,TP
C,MH-003,MH-003_18.940753_73.446842,0,0.9186689853668213,FP
C,MH-003,MH-003_18.940753_73.447111,1,0.9295451045036316,TP
C,MH-003,MH-003_18.940753_73.447381,1,0.9226906895637512,TP
C,MH-003,MH-003_18.940753_73.44765,1,0.8689870834350586,TP
C,MH-003,MH-003_18.940753_73.44792,1,0.8299058079719543,TP
C,MH-003,MH-003_18.940753_73.448189,1,0.739484429359436,TP
C,MH-003,MH-003_18.940753_73.448728,0,0.6453099250793457,FP
C,MH-003,MH-003_18.940753_73.448997,0,0.6450029611587524,FP
C,MH-003,MH-003_18.940753_73.449806,0,0.6485193371772766,FP
C,MH-003,MH-003_18.940753_73.450614,0,0.8337744474411011,FP
C,MH-003,MH-003_18.940753_73.451153,0,0.8452459573745728,FP
C,MH-003,MH-003_18.940753_73.46382,0,0.26345765590667725,TN
C,MH-003,MH-003_18.940484_73.446303,1,0.9391080737113953,TP
C,MH-003,MH-003_18.940484_73.446572,1,0.9434689879417419,TP
C,MH-003,MH-003_18.940484_73.446842,1,0.9339872002601624,TP
C,MH-003,MH-003_18.940484_73.447111,1,0.9366018772125244,TP
C,MH-003,MH-003_18.940484_73.447381,1,0.9327846765518188,TP
C,MH-003,MH-003_18.940484_73.44765,1,0.9124580025672913,TP
C,MH-003,MH-003_18.940484_73.44792,1,0.8794985413551331,TP
C,MH-003,MH-003_18.940484_73.448728,0,0.655592143535614,FP
C,MH-003,MH-003_18.940484_73.448997,0,0.6668703556060791,FP
C,MH-003,MH-003_18.940484_73.450614,0,0.8377839922904968,FP
C,MH-003,MH-003_18.940484_73.450884,0,0.8522839546203613,FP
C,MH-003,MH-003_18.940484_73.451153,0,0.8342069983482361,FP
C,MH-003,MH-003_18.940484_73.451423,0,0.7998136281967163,FP
C,MH-003,MH-003_18.940484_73.451692,0,0.7186406254768372,FP
C,MH-003,MH-003_18.940484_73.46382,0,0.3580801784992218,TN
C,MH-003,MH-003_18.940214_73.444416,0,0.810354471206665,FP
C,MH-003,MH-003_18.940214_73.446033,1,0.941131055355072,TP
C,MH-003,MH-003_18.940214_73.446303,1,0.9471780061721802,TP
C,MH-003,MH-003_18.940214_73.466515,0,0.5347621440887451,FP
C,MH-003,MH-003_18.939945_73.444416,0,0.7435060739517212,FP
C,MH-003,MH-003_18.939945_73.446033,0,0.9602301716804504,FP
C,MH-003,MH-003_18.939945_73.446303,0,0.9569857716560364,FP
C,MH-003,MH-003_18.939945_73.446572,1,0.946622908115387,TP
C,MH-003,MH-003_18.939945_73.447111,1,0.9384630918502808,TP
C,MH-003,MH-003_18.939945_73.447381,1,0.934730052947998,TP
C,MH-003,MH-003_18.939945_73.448189,1,0.7540073990821838,TP
C,MH-003,MH-003_18.939945_73.450075,0,0.8273501396179199,FP
C,MH-003,MH-003_18.939945_73.450345,0,0.8419716358184814,FP
C,MH-003,MH-003_18.939945_73.450614,0,0.8647828102111816,FP
C,MH-003,MH-003_18.939675_73.444416,0,0.7143821120262146,FP
C,MH-003,MH-003_18.939675_73.444686,0,0.8103642463684082,FP
C,MH-003,MH-003_18.939675_73.444955,0,0.8557071089744568,FP
C,MH-003,MH-003_18.939675_73.446303,0,0.9670246243476868,FP
C,MH-003,MH-003_18.939675_73.446572,1,0.9578757882118225,TP
C,MH-003,MH-003_18.939675_73.446842,1,0.9560765624046326,TP
C,MH-003,MH-003_18.939675_73.447111,1,0.9373223781585693,TP
C,MH-003,MH-003_18.939675_73.447381,1,0.9367408752441406,TP
C,MH-003,MH-003_18.939675_73.450075,0,0.8477722406387329,FP
C,MH-003,MH-003_18.939675_73.450345,0,0.8799103498458862,FP
C,MH-003,MH-003_18.939675_73.450614,0,0.8917175531387329,FP
C,MH-003,MH-003_18.939675_73.450884,0,0.9056848287582397,FP
C,MH-003,MH-003_18.939675_73.451153,0,0.8709211349487305,FP
C,MH-003,MH-003_18.939675_73.451423,0,0.7571565508842468,FP
C,MH-003,MH-003_18.939675_73.451692,0,0.5977574586868286,FP
C,MH-003,MH-003_18.939675_73.451962,0,0.4517821669578552,TN
C,MH-003,MH-003_18.939675_73.452231,0,0.46807071566581726,TN
C,MH-003,MH-003_18.939675_73.452501,0,0.47312283515930176,TN
C,MH-003,MH-003_18.939675_73.45277,0,0.5018049478530884,FP
C,MH-003,MH-003_18.939675_73.45304,0,0.5514455437660217,FP
C,MH-003,MH-003_18.939675_73.453309,0,0.5747731924057007,FP
C,MH-003,MH-003_18.939675_73.453579,0,0.5902342200279236,FP
C,MH-003,MH-003_18.939675_73.453848,0,0.5538218021392822,FP
C,MH-003,MH-003_18.939675_73.454118,0,0.4536161422729492,TN
C,MH-003,MH-003_18.939675_73.465437,0,0.8839125037193298,FP
C,MH-003,MH-003_18.939675_73.465706,0,0.9341356158256531,FP
C,MH-003,MH-003_18.939406_73.444686,0,0.8662598133087158,FP
C,MH-003,MH-003_18.939406_73.444955,0,0.8612000942230225,FP
C,MH-003,MH-003_18.939406_73.445225,0,0.9284438490867615,FP
C,MH-003,MH-003_18.939406_73.445494,0,0.9399138689041138,FP
C,MH-003,MH-003_18.939406_73.446842,1,0.9559959173202515,TP
C,MH-003,MH-003_18.939406_73.447111,1,0.9520614743232727,TP
C,MH-003,MH-003_18.939406_73.447381,1,0.9448873400688171,TP
C,MH-003,MH-003_18.939406_73.448728,0,0.7602314949035645,FP
C,MH-003,MH-003_18.939406_73.448997,0,0.7950031757354736,FP
C,MH-003,MH-003_18.939406_73.449267,0,0.7925897240638733,FP
C,MH-003,MH-003_18.939406_73.450075,0,0.8765686750411987,FP
C,MH-003,MH-003_18.939406_73.450345,0,0.9321559071540833,FP
C,MH-003,MH-003_18.939406_73.450614,0,0.9261190891265869,FP
C,MH-003,MH-003_18.939406_73.450884,0,0.9397618174552917,FP
C,MH-003,MH-003_18.939406_73.451153,0,0.8908469676971436,FP
C,MH-003,MH-003_18.939406_73.451692,0,0.6029375791549683,FP
C,MH-003,MH-003_18.939406_73.451962,0,0.45055317878723145,TN
C,MH-003,MH-003_18.939406_73.452231,0,0.42818787693977356,TN
C,MH-003,MH-003_18.939406_73.452501,0,0.45741263031959534,TN
C,MH-003,MH-003_18.939406_73.45277,0,0.4928494393825531,TN
C,MH-003,MH-003_18.939406_73.45304,0,0.5267687439918518,FP
C,MH-003,MH-003_18.939406_73.453309,0,0.534694254398346,FP
C,MH-003,MH-003_18.939406_73.453579,0,0.6340306401252747,FP
C,MH-003,MH-003_18.939406_73.453848,0,0.6037417054176331,FP
C,MH-003,MH-003_18.939406_73.454118,0,0.5278403162956238,FP
C,MH-003,MH-003_18.939406_73.456274,0,0.5916484594345093,FP
C,MH-003,MH-003_18.939406_73.456543,0,0.5834711790084839,FP
C,MH-003,MH-003_18.939406_73.456813,0,0.5848141312599182,FP
C,MH-003,MH-003_18.939406_73.457082,0,0.548128068447113,FP
C,MH-003,MH-003_18.939406_73.457352,0,0.46311691403388977,TN
C,MH-003,MH-003_18.939406_73.457621,0,0.4352685213088989,TN
C,MH-003,MH-003_18.939406_73.457891,0,0.4301804304122925,TN
C,MH-003,MH-003_18.939406_73.45816,0,0.5213724374771118,FP
C,MH-003,MH-003_18.939406_73.45843,0,0.5878307223320007,FP
C,MH-003,MH-003_18.939406_73.458699,0,0.6985158324241638,FP
C,MH-003,MH-003_18.939406_73.459238,0,0.7580702900886536,FP
C,MH-003,MH-003_18.939406_73.459508,0,0.7596681118011475,FP
C,MH-003,MH-003_18.939406_73.459777,0,0.730397641658783,FP
C,MH-003,MH-003_18.939406_73.460047,0,0.6615626811981201,FP
C,MH-003,MH-003_18.939406_73.460316,0,0.578718364238739,FP
C,MH-003,MH-003_18.939406_73.460586,0,0.5815594792366028,FP
C,MH-003,MH-003_18.939406_73.466784,0,0.8975987434387207,FP
C,MH-003,MH-003_18.939136_73.444955,0,0.8970189094543457,FP
C,MH-003,MH-003_18.939136_73.445225,0,0.9201159477233887,FP
C,MH-003,MH-003_18.939136_73.445494,0,0.9481213688850403,FP
C,MH-003,MH-003_18.939136_73.445764,0,0.9664133787155151,FP
C,MH-003,MH-003_18.939136_73.44792,1,0.8573787808418274,TP
C,MH-003,MH-003_18.939136_73.448728,0,0.8834463953971863,FP
C,MH-003,MH-003_18.939136_73.448997,0,0.8842207193374634,FP
C,MH-003,MH-003_18.939136_73.449267,0,0.8753035664558411,FP
C,MH-003,MH-003_18.939136_73.449536,0,0.8425190448760986,FP
C,MH-003,MH-003_18.939136_73.450614,0,0.9288254380226135,FP
C,MH-003,MH-003_18.939136_73.451423,0,0.8619360327720642,FP
C,MH-003,MH-003_18.939136_73.451692,0,0.7170559167861938,FP
C,MH-003,MH-003_18.939136_73.452231,0,0.46508169174194336,TN
C,MH-003,MH-003_18.939136_73.452501,0,0.48640066385269165,TN
C,MH-003,MH-003_18.939136_73.45277,0,0.5035239458084106,FP
C,MH-003,MH-003_18.939136_73.45304,0,0.5237656235694885,FP
C,MH-003,MH-003_18.939136_73.453309,0,0.5657525062561035,FP
C,MH-003,MH-003_18.939136_73.453579,0,0.6885389685630798,FP
C,MH-003,MH-003_18.939136_73.453848,0,0.6404120922088623,FP
C,MH-003,MH-003_18.939136_73.454118,0,0.630774974822998,FP
C,MH-003,MH-003_18.939136_73.454387,0,0.33865001797676086,TN
C,MH-003,MH-003_18.939136_73.455465,0,0.2824242413043976,TN
C,MH-003,MH-003_18.939136_73.455735,0,0.35754862427711487,TN
C,MH-003,MH-003_18.939136_73.456274,0,0.6250724792480469,FP
C,MH-003,MH-003_18.939136_73.456543,0,0.6150262951850891,FP
C,MH-003,MH-003_18.939136_73.456813,0,0.6036632657051086,FP
C,MH-003,MH-003_18.939136_73.457082,0,0.5100957155227661,FP
C,MH-003,MH-003_18.939136_73.457352,0,0.44831106066703796,TN
C,MH-003,MH-003_18.939136_73.457621,0,0.40795841813087463,TN
C,MH-003,MH-003_18.939136_73.457891,0,0.4354292154312134,TN
C,MH-003,MH-003_18.939136_73.45816,0,0.5413724780082703,FP
C,MH-003,MH-003_18.939136_73.45843,0,0.5823997855186462,FP
C,MH-003,MH-003_18.939136_73.458699,0,0.6809687614440918,FP
C,MH-003,MH-003_18.939136_73.459238,0,0.7427800893783569,FP
C,MH-003,MH-003_18.939136_73.459508,0,0.7487077116966248,FP
C,MH-003,MH-003_18.939136_73.459777,0,0.6819053888320923,FP
C,MH-003,MH-003_18.939136_73.460047,0,0.6597095727920532,FP
C,MH-003,MH-003_18.939136_73.460316,0,0.5733068585395813,FP
C,MH-003,MH-003_18.939136_73.460586,0,0.6183940172195435,FP
C,MH-003,MH-003_18.939136_73.460855,0,0.6799477934837341,FP
C,MH-003,MH-003_18.939136_73.461125,0,0.7760489583015442,FP
C,MH-003,MH-003_18.939136_73.461394,0,0.7735879421234131,FP
C,MH-003,MH-003_18.939136_73.464089,0,0.7262153625488281,FP
C,MH-003,MH-003_18.939136_73.464628,0,0.7005661725997925,FP
C,MH-003,MH-003_18.939136_73.466784,0,0.8927956819534302,FP
C,MH-003,MH-003_18.938867_73.445225,0,0.8733471632003784,FP
C,MH-003,MH-003_18.938867_73.445494,0,0.9077144861221313,FP
C,MH-003,MH-003_18.938867_73.445764,0,0.9435726404190063,FP
C,MH-003,MH-003_18.938867_73.446033,0,0.9416678547859192,FP
C,MH-003,MH-003_18.938867_73.44792,1,0.8802090883255005,TP
C,MH-003,MH-003_18.938867_73.448997,0,0.9390347003936768,FP
C,MH-003,MH-003_18.938867_73.449267,0,0.9373748898506165,FP
C,MH-003,MH-003_18.938867_73.449536,0,0.9224763512611389,FP
C,MH-003,MH-003_18.938867_73.449806,1,0.9591343402862549,TP
C,MH-003,MH-003_18.938867_73.450075,0,0.9527823328971863,FP
C,MH-003,MH-003_18.938867_73.450614,0,0.9464083909988403,FP
C,MH-003,MH-003_18.938867_73.450884,0,0.949024498462677,FP
C,MH-003,MH-003_18.938867_73.451153,0,0.9229016304016113,FP
C,MH-003,MH-003_18.938867_73.451423,0,0.8704317212104797,FP
C,MH-003,MH-003_18.938867_73.451692,0,0.7243321537971497,FP
C,MH-003,MH-003_18.938867_73.452231,0,0.44862350821495056,TN
C,MH-003,MH-003_18.938867_73.452501,0,0.40921515226364136,TN
C,MH-003,MH-003_18.938867_73.45277,0,0.4387490451335907,TN
C,MH-003,MH-003_18.938867_73.45304,0,0.46819743514060974,TN
C,MH-003,MH-003_18.938867_73.453309,0,0.49336788058280945,TN
C,MH-003,MH-003_18.938867_73.453579,0,0.5981744527816772,FP
C,MH-003,MH-003_18.938867_73.453848,0,0.585548996925354,FP
C,MH-003,MH-003_18.938867_73.454118,0,0.5946475267410278,FP
C,MH-003,MH-003_18.938867_73.454387,0,0.43634769320487976,TN
C,MH-003,MH-003_18.938867_73.454657,0,0.29784438014030457,TN
C,MH-003,MH-003_18.938867_73.455465,0,0.30508938431739807,TN
C,MH-003,MH-003_18.938867_73.455735,0,0.39026421308517456,TN
C,MH-003,MH-003_18.938867_73.456004,0,0.4856377840042114,TN
C,MH-003,MH-003_18.938867_73.456813,0,0.5722601413726807,FP
C,MH-003,MH-003_18.938867_73.457082,0,0.41957977414131165,TN
C,MH-003,MH-003_18.938867_73.457352,0,0.377763569355011,TN
C,MH-003,MH-003_18.938867_73.457621,0,0.3053441047668457,TN
C,MH-003,MH-003_18.938867_73.457891,0,0.2893824875354767,TN
C,MH-003,MH-003_18.938867_73.45816,0,0.4371623694896698,TN
C,MH-003,MH-003_18.938867_73.45843,0,0.4524281919002533,TN
C,MH-003,MH-003_18.938867_73.458699,0,0.597729504108429,FP
C,MH-003,MH-003_18.938867_73.458969,0,0.6350523233413696,FP
C,MH-003,MH-003_18.938867_73.459238,0,0.644444465637207,FP
C,MH-003,MH-003_18.938867_73.459508,0,0.6662190556526184,FP
C,MH-003,MH-003_18.938867_73.459777,0,0.636384904384613,FP
C,MH-003,MH-003_18.938867_73.460047,0,0.6309946179389954,FP
C,MH-003,MH-003_18.938867_73.460316,0,0.5580902099609375,FP
C,MH-003,MH-003_18.938867_73.460586,0,0.5777580142021179,FP
C,MH-003,MH-003_18.938867_73.460855,0,0.6971185803413391,FP
C,MH-003,MH-003_18.938867_73.461125,0,0.7660200595855713,FP
C,MH-003,MH-003_18.938867_73.461394,0,0.7802159190177917,FP
C,MH-003,MH-003_18.938867_73.461664,0,0.7836326956748962,FP
C,MH-003,MH-003_18.938867_73.462742,0,0.7709053158760071,FP
C,MH-003,MH-003_18.938867_73.463011,0,0.7528567314147949,FP
C,MH-003,MH-003_18.938867_73.463281,0,0.8279240131378174,FP
C,MH-003,MH-003_18.938867_73.464089,0,0.7525548338890076,FP
C,MH-003,MH-003_18.938867_73.464628,0,0.6700283885002136,FP
C,MH-003,MH-003_18.938867_73.464898,0,0.6772385239601135,FP
C,MH-003,MH-003_18.938867_73.465167,0,0.7663052082061768,FP
C,MH-003,MH-003_18.938867_73.465437,0,0.8801918625831604,FP
C,MH-003,MH-003_18.938867_73.465706,0,0.9223741292953491,FP
C,MH-003,MH-003_18.938867_73.465976,0,0.9337211847305298,FP
C,MH-003,MH-003_18.938867_73.466245,0,0.9346723556518555,FP
C,MH-003,MH-003_18.938867_73.466784,0,0.7943031191825867,FP
C,MH-003,MH-003_18.938597_73.445494,0,0.7408674955368042,FP
C,MH-003,MH-003_18.938597_73.445764,0,0.8053652048110962,FP
C,MH-003,MH-003_18.938597_73.446033,0,0.8115220069885254,FP
C,MH-003,MH-003_18.938597_73.446303,0,0.7818135619163513,FP
C,MH-003,MH-003_18.938597_73.449536,1,0.9114857912063599,TP
C,MH-003,MH-003_18.938597_73.449806,0,0.9385474920272827,FP
C,MH-003,MH-003_18.938597_73.450345,0,0.9505614638328552,FP
C,MH-003,MH-003_18.938597_73.451423,0,0.8862172365188599,FP
C,MH-003,MH-003_18.938597_73.451962,0,0.5568029880523682,FP
C,MH-003,MH-003_18.938597_73.452501,0,0.46157699823379517,TN
C,MH-003,MH-003_18.938597_73.45277,0,0.4785284698009491,TN
C,MH-003,MH-003_18.938597_73.45304,0,0.4620113670825958,TN
C,MH-003,MH-003_18.938597_73.453309,0,0.5043283104896545,FP
C,MH-003,MH-003_18.938597_73.453579,0,0.546558141708374,FP
C,MH-003,MH-003_18.938597_73.453848,0,0.5293400883674622,FP
C,MH-003,MH-003_18.938597_73.454118,0,0.6098123788833618,FP
C,MH-003,MH-003_18.938597_73.454387,0,0.5760381817817688,FP
C,MH-003,MH-003_18.938597_73.454657,0,0.5138422250747681,FP
C,MH-003,MH-003_18.938597_73.454926,0,0.42811453342437744,TN
C,MH-003,MH-003_18.938597_73.455196,0,0.3999273180961609,TN
C,MH-003,MH-003_18.938597_73.455735,0,0.4601511061191559,TN
C,MH-003,MH-003_18.938597_73.456004,0,0.5861879587173462,FP
C,MH-003,MH-003_18.938597_73.457352,0,0.35709550976753235,TN
C,MH-003,MH-003_18.938597_73.457621,0,0.28175073862075806,TN
C,MH-003,MH-003_18.938597_73.457891,0,0.2871178984642029,TN
C,MH-003,MH-003_18.938597_73.45816,0,0.3947918117046356,TN
C,MH-003,MH-003_18.938597_73.45843,0,0.4167995750904083,TN
C,MH-003,MH-003_18.938597_73.458699,0,0.5362701416015625,FP
C,MH-003,MH-003_18.938597_73.458969,0,0.5659387707710266,FP
C,MH-003,MH-003_18.938597_73.459238,0,0.5496480464935303,FP
C,MH-003,MH-003_18.938597_73.459508,0,0.6050863265991211,FP
C,MH-003,MH-003_18.938597_73.459777,0,0.47099703550338745,TN
C,MH-003,MH-003_18.938597_73.460047,0,0.5470999479293823,FP
C,MH-003,MH-003_18.938597_73.460316,0,0.43067532777786255,TN
C,MH-003,MH-003_18.938597_73.460586,0,0.5125507712364197,FP
C,MH-003,MH-003_18.938597_73.460855,0,0.6105712056159973,FP
C,MH-003,MH-003_18.938597_73.461125,0,0.6731616258621216,FP
C,MH-003,MH-003_18.938597_73.461394,0,0.6580129265785217,FP
C,MH-003,MH-003_18.938597_73.461664,0,0.6921308636665344,FP
C,MH-003,MH-003_18.938597_73.461933,0,0.5986217260360718,FP
C,MH-003,MH-003_18.938597_73.462203,0,0.5477728843688965,FP
C,MH-003,MH-003_18.938597_73.462472,0,0.5772919058799744,FP
C,MH-003,MH-003_18.938597_73.462742,0,0.6260418891906738,FP
C,MH-003,MH-003_18.938597_73.463011,0,0.6534655094146729,FP
C,MH-003,MH-003_18.938597_73.463281,0,0.7744330763816833,FP
C,MH-003,MH-003_18.938597_73.464628,0,0.5898676514625549,FP
C,MH-003,MH-003_18.938597_73.464898,0,0.6053785085678101,FP
C,MH-003,MH-003_18.938597_73.465167,0,0.7036266922950745,FP
C,MH-003,MH-003_18.938597_73.465437,0,0.8165177702903748,FP
C,MH-003,MH-003_18.938597_73.465706,0,0.8731903433799744,FP
C,MH-003,MH-003_18.938597_73.465976,0,0.8868535757064819,FP
C,MH-003,MH-003_18.938597_73.466245,0,0.8869475722312927,FP
C,MH-003,MH-003_18.938597_73.466515,0,0.801824688911438,FP
C,MH-003,MH-003_18.938597_73.466784,0,0.702319324016571,FP
C,MH-003,MH-003_18.938597_73.467054,0,0.4794578552246094,TN
C,MH-003,MH-003_18.938597_73.467323,0,0.32620930671691895,TN
C,MH-003,MH-003_18.938597_73.467593,0,0.347696989774704,TN
C,MH-003,MH-003_18.938328_73.445764,0,0.4588990807533264,TN
C,MH-003,MH-003_18.938328_73.446033,0,0.39718759059906006,TN
C,MH-003,MH-003_18.938328_73.446303,0,0.23461271822452545,TN
C,MH-003,MH-003_18.938328_73.446572,0,0.3204222023487091,TN
C,MH-003,MH-003_18.938328_73.449536,1,0.931347131729126,TP
C,MH-003,MH-003_18.938328_73.449806,1,0.9316889643669128,TP
C,MH-003,MH-003_18.938328_73.450075,0,0.9334482550621033,FP
C,MH-003,MH-003_18.938328_73.450345,0,0.937823474407196,FP
C,MH-003,MH-003_18.938328_73.450614,0,0.9239099621772766,FP
C,MH-003,MH-003_18.938328_73.451423,0,0.8701894283294678,FP
C,MH-003,MH-003_18.938328_73.451962,0,0.5618370175361633,FP
C,MH-003,MH-003_18.938328_73.454926,0,0.5346079468727112,FP
C,MH-003,MH-003_18.938328_73.455196,0,0.5623769164085388,FP
C,MH-003,MH-003_18.938328_73.456274,0,0.6519021391868591,FP
C,MH-003,MH-003_18.938328_73.456543,0,0.5638681054115295,FP
C,MH-003,MH-003_18.938328_73.457082,0,0.35436394810676575,TN
C,MH-003,MH-003_18.938328_73.457891,0,0.2862890362739563,TN
C,MH-003,MH-003_18.938328_73.45816,0,0.3406883776187897,TN
C,MH-003,MH-003_18.938328_73.45843,0,0.3479842245578766,TN
C,MH-003,MH-003_18.938328_73.458699,0,0.4161098301410675,TN
C,MH-003,MH-003_18.938328_73.458969,0,0.4923294186592102,TN
C,MH-003,MH-003_18.938328_73.459238,0,0.4365575611591339,TN
C,MH-003,MH-003_18.938328_73.459508,0,0.4525819420814514,TN
C,MH-003,MH-003_18.938328_73.459777,0,0.3327959477901459,TN
C,MH-003,MH-003_18.938328_73.460047,0,0.4033718705177307,TN
C,MH-003,MH-003_18.938328_73.460316,0,0.34066709876060486,TN
C,MH-003,MH-003_18.938328_73.460586,0,0.3850381076335907,TN
C,MH-003,MH-003_18.938328_73.460855,0,0.43249717354774475,TN
C,MH-003,MH-003_18.938328_73.461125,0,0.549857497215271,FP
C,MH-003,MH-003_18.938328_73.461394,0,0.5424907207489014,FP
C,MH-003,MH-003_18.938328_73.461664,0,0.5692728161811829,FP
C,MH-003,MH-003_18.938328_73.461933,0,0.4252297580242157,TN
C,MH-003,MH-003_18.938328_73.462203,0,0.31367531418800354,TN
C,MH-003,MH-003_18.938328_73.462472,0,0.36504778265953064,TN
C,MH-003,MH-003_18.938328_73.462742,0,0.4696371555328369,TN
C,MH-003,MH-003_18.938328_73.463011,0,0.5563255548477173,FP
C,MH-003,MH-003_18.938328_73.463281,0,0.653734028339386,FP
C,MH-003,MH-003_18.938328_73.46355,0,0.6292282342910767,FP
C,MH-003,MH-003_18.938328_73.464359,0,0.5172167420387268,FP
C,MH-003,MH-003_18.938328_73.464628,0,0.5227828025817871,FP
C,MH-003,MH-003_18.938328_73.464898,0,0.6167066693305969,FP
C,MH-003,MH-003_18.938328_73.465167,0,0.6625146269798279,FP
C,MH-003,MH-003_18.938328_73.465437,0,0.8173798322677612,FP
C,MH-003,MH-003_18.938328_73.465706,0,0.8147196173667908,FP
C,MH-003,MH-003_18.938328_73.465976,0,0.8554804921150208,FP
C,MH-003,MH-003_18.938328_73.466245,0,0.8003374338150024,FP
C,MH-003,MH-003_18.938328_73.472713,0,0.7279587984085083,FP
C,MH-003,MH-003_18.938328_73.472983,0,0.6906233429908752,FP
C,MH-003,MH-003_18.938328_73.473252,0,0.738489031791687,FP
C,MH-003,MH-003_18.938328_73.473521,0,0.7612107396125793,FP
C,MH-003,MH-003_18.938058_73.446033,0,0.09713772684335709,TN
C,MH-003,MH-003_18.938058_73.446303,0,0.08608796447515488,TN
C,MH-003,MH-003_18.938058_73.446572,0,0.07951933890581131,TN
C,MH-003,MH-003_18.938058_73.446842,0,0.10611037164926529,TN
C,MH-003,MH-003_18.938058_73.449806,0,0.8635249733924866,FP
C,MH-003,MH-003_18.938058_73.450075,0,0.8506074547767639,FP
C,MH-003,MH-003_18.938058_73.450345,0,0.8859062194824219,FP
C,MH-003,MH-003_18.938058_73.450614,0,0.8889817595481873,FP
C,MH-003,MH-003_18.938058_73.450884,0,0.9048792719841003,FP
C,MH-003,MH-003_18.938058_73.451153,0,0.8919098973274231,FP
C,MH-003,MH-003_18.937789_73.446303,0,0.03765628859400749,TN
C,MH-003,MH-003_18.937789_73.446572,0,0.04315825179219246,TN
C,MH-003,MH-003_18.937789_73.446842,0,0.05138348415493965,TN
C,MH-003,MH-003_18.937789_73.447111,0,0.0743088573217392,TN
C,MH-003,MH-003_18.937789_73.448189,0,0.5885955691337585,FP
C,MH-003,MH-003_18.937789_73.450075,0,0.7058507204055786,FP
C,MH-003,MH-003_18.937789_73.450345,0,0.7545391917228699,FP
C,MH-003,MH-003_18.937789_73.450614,0,0.8174679279327393,FP
C,MH-003,MH-003_18.937789_73.450884,0,0.7891287207603455,FP
C,MH-003,MH-003_18.937789_73.451153,0,0.8367700576782227,FP
C,MH-003,MH-003_18.937789_73.451423,0,0.8115876913070679,FP
C,MH-003,MH-003_18.937519_73.446572,0,0.03185700252652168,TN
C,MH-003,MH-003_18.937519_73.446842,0,0.05227317288517952,TN
C,MH-003,MH-003_18.937519_73.447111,0,0.06816791743040085,TN
C,MH-003,MH-003_18.937519_73.447381,0,0.07739957422018051,TN
C,MH-003,MH-003_18.937519_73.450075,0,0.4845198094844818,TN
C,MH-003,MH-003_18.937519_73.450345,0,0.5698529481887817,FP
C,MH-003,MH-003_18.937519_73.450614,0,0.6010415554046631,FP
C,MH-003,MH-003_18.937519_73.450884,0,0.6336364150047302,FP
C,MH-003,MH-003_18.937519_73.451153,0,0.6467301845550537,FP
C,MH-003,MH-003_18.937519_73.451962,0,0.6853336095809937,FP
C,MH-003,MH-003_18.93725_73.446842,0,0.05936278775334358,TN
C,MH-003,MH-003_18.93725_73.447111,0,0.07356514781713486,TN
C,MH-003,MH-003_18.936711_73.45843,0,0.4842775762081146,TN
C,MH-003,MH-003_18.936172_73.447111,0,0.3299795389175415,TN
C,MH-003,MH-003_18.936172_73.447381,0,0.27141955494880676,TN
C,MH-003,MH-003_18.935902_73.446842,0,0.41555485129356384,TN
C,MH-003,MH-003_18.935902_73.447111,0,0.4319585859775543,TN
C,MH-003,MH-003_18.935902_73.447381,0,0.3792763352394104,TN
C,MH-003,MH-003_18.935902_73.44765,0,0.2653788924217224,TN
C,MH-003,MH-003_18.935902_73.44792,0,0.14781028032302856,TN
C,MH-003,MH-003_18.935902_73.448189,0,0.09810858219861984,TN
C,MH-003,MH-003_18.935902_73.448459,0,0.10968007147312164,TN
C,MH-003,MH-003_18.935902_73.448728,0,0.1028478592634201,TN
C,MH-003,MH-003_18.935633_73.446842,0,0.41206037998199463,TN
C,MH-003,MH-003_18.935633_73.447111,0,0.498228520154953,TN
C,MH-003,MH-003_18.935633_73.447381,0,0.4085746109485626,TN
C,MH-003,MH-003_18.935633_73.44765,0,0.2993435263633728,TN
C,MH-003,MH-003_18.935633_73.44792,0,0.1559932678937912,TN
C,MH-003,MH-003_18.935633_73.448189,0,0.15790720283985138,TN
C,MH-003,MH-003_18.935633_73.448459,0,0.14682038128376007,TN
C,MH-003,MH-003_18.935633_73.448728,0,0.1729324907064438,TN
C,MH-003,MH-003_18.935633_73.448997,0,0.17351028323173523,TN
C,MH-003,MH-003_18.935633_73.449267,0,0.2303871512413025,TN
C,MH-003,MH-003_18.935633_73.449536,0,0.3273172378540039,TN
C,MH-003,MH-003_18.935633_73.449806,0,0.45747363567352295,TN
C,MH-003,MH-003_18.935363_73.447111,0,0.5442224740982056,FP
C,MH-003,MH-003_18.935363_73.447381,0,0.4973815381526947,TN
C,MH-003,MH-003_18.935363_73.44765,0,0.3603525757789612,TN
C,MH-003,MH-003_18.935363_73.44792,0,0.27121424674987793,TN
C,MH-003,MH-003_18.935363_73.448189,0,0.21642343699932098,TN
C,MH-003,MH-003_18.935363_73.448459,0,0.2722354829311371,TN
C,MH-003,MH-003_18.935363_73.448728,0,0.34149497747421265,TN
C,MH-003,MH-003_18.935094_73.447381,0,0.4300503134727478,TN
C,MH-003,MH-003_18.935094_73.44765,0,0.3979402482509613,TN
C,MH-003,MH-003_18.935094_73.44792,0,0.2563018202781677,TN
C,MH-003,MH-003_18.935094_73.448189,0,0.238332599401474,TN
C,MH-003,MH-003_18.934824_73.44765,0,0.3626503646373749,TN
C,MH-003,MH-003_18.938058_73.485649,0,0.20041705667972565,TN
C,MH-003,MH-003_18.938058_73.485918,0,0.23521362245082855,TN
C,MH-003,MH-003_18.93725_73.484301,0,0.24528807401657104,TN
C,MH-003,MH-003_18.93725_73.486188,0,0.3698109984397888,TN
C,MH-003,MH-003_18.936441_73.483493,0,0.5758450031280518,FP
C,MH-003,MH-003_18.936172_73.483493,0,0.6346563100814819,FP
C,MH-003,MH-003_18.914882_73.502896,0,0.4694506525993347,TN
C,MH-003,MH-003_18.914882_73.503166,0,0.4224487841129303,TN
C,MH-003,MH-003_18.914612_73.498046,0,0.2696850895881653,TN
C,MH-003,MH-003_18.914612_73.500471,0,0.28636959195137024,TN
C,MH-003,MH-003_18.914612_73.50074,0,0.34882575273513794,TN
C,MH-003,MH-003_18.914612_73.50101,0,0.5434795022010803,FP
C,MH-003,MH-003_18.914612_73.501279,0,0.6084797978401184,FP
C,MH-003,MH-003_18.914612_73.502896,0,0.419791042804718,TN
C,MH-003,MH-003_18.914612_73.503166,0,0.37531599402427673,TN
C,MH-003,MH-003_18.914343_73.497237,0,0.4392598271369934,TN
C,MH-003,MH-003_18.914343_73.497507,0,0.2923122048377991,TN
C,MH-003,MH-003_18.914343_73.498315,0,0.5074544548988342,FP
C,MH-003,MH-003_18.914343_73.498584,0,0.47001394629478455,TN
C,MH-003,MH-003_18.914343_73.498854,0,0.47597476840019226,TN
C,MH-003,MH-003_18.914343_73.499662,0,0.3752872943878174,TN
C,MH-003,MH-003_18.914343_73.500201,0,0.3332640528678894,TN
C,MH-003,MH-003_18.914343_73.500471,0,0.3544725179672241,TN
C,MH-003,MH-003_18.914343_73.50074,0,0.31406980752944946,TN
C,MH-003,MH-003_18.914343_73.501549,0,0.6271262764930725,FP
C,MH-003,MH-003_18.914343_73.501818,0,0.5667011737823486,FP
C,MH-003,MH-003_18.914343_73.502088,0,0.5447158217430115,FP
C,MH-003,MH-003_18.914343_73.502357,0,0.47019991278648376,TN
C,MH-003,MH-003_18.914343_73.502627,0,0.3236488103866577,TN
C,MH-003,MH-003_18.914343_73.502896,0,0.3248560428619385,TN
C,MH-003,MH-003_18.914343_73.503166,0,0.32475370168685913,TN
C,MH-003,MH-003_18.914073_73.499662,0,0.3230648636817932,TN
C,MH-003,MH-003_18.914073_73.500201,0,0.3744243085384369,TN
C,MH-003,MH-003_18.914073_73.500471,0,0.364011287689209,TN
C,MH-003,MH-003_18.914073_73.50074,0,0.4091704487800598,TN
C,MH-003,MH-003_18.914073_73.50101,0,0.4840415120124817,TN
C,MH-003,MH-003_18.914073_73.501279,0,0.49963250756263733,TN
C,MH-003,MH-003_18.914073_73.501549,0,0.5746927857398987,FP
C,MH-003,MH-003_18.914073_73.501818,0,0.5267421007156372,FP
C,MH-003,MH-003_18.914073_73.502088,0,0.43024513125419617,TN
C,MH-003,MH-003_18.914073_73.502357,0,0.37633147835731506,TN
C,MH-003,MH-003_18.914073_73.502627,0,0.26435232162475586,TN
C,MH-003,MH-003_18.914073_73.502896,0,0.2581079602241516,TN
C,MH-003,MH-003_18.913804_73.500471,0,0.4210229218006134,TN
C,MH-003,MH-003_18.913804_73.50074,0,0.3617720901966095,TN
C,MH-003,MH-003_18.913804_73.50101,0,0.3712371289730072,TN
C,MH-003,MH-003_18.913804_73.501279,0,0.4136826992034912,TN
C,MH-003,MH-003_18.913804_73.501549,0,0.38928934931755066,TN
C,MH-003,MH-003_18.913804_73.501818,0,0.4170049726963043,TN
C,MH-003,MH-003_18.913804_73.502088,0,0.2690984010696411,TN
C,MH-003,MH-003_18.913804_73.502357,0,0.3640240430831909,TN
C,MH-003,MH-003_18.913804_73.502627,0,0.25721052289009094,TN
C,MH-003,MH-003_18.913804_73.502896,0,0.3168230950832367,TN
C,MH-003,MH-003_18.913534_73.497237,0,0.4809703528881073,TN
C,MH-003,MH-003_18.913534_73.500471,0,0.51836758852005,FP
C,MH-003,MH-003_18.913534_73.50074,0,0.5258663296699524,FP
C,MH-003,MH-003_18.913534_73.50101,0,0.4814958870410919,TN
C,MH-003,MH-003_18.913534_73.501279,0,0.4162745475769043,TN
C,MH-003,MH-003_18.913534_73.501549,0,0.2977973222732544,TN
C,MH-003,MH-003_18.913534_73.501818,0,0.2753811180591583,TN
C,MH-003,MH-003_18.913534_73.502088,0,0.23976482450962067,TN
C,MH-003,MH-003_18.913534_73.502357,0,0.25504350662231445,TN
C,MH-003,MH-003_18.913534_73.502627,0,0.23321445286273956,TN
C,MH-003,MH-003_18.913534_73.502896,0,0.28814414143562317,TN
C,MH-003,MH-003_18.913534_73.503166,0,0.255346417427063,TN
C,MH-003,MH-003_18.913265_73.497237,0,0.6979228258132935,FP
C,MH-003,MH-003_18.913265_73.500471,0,0.6612975597381592,FP
C,MH-003,MH-003_18.913265_73.50074,0,0.659644603729248,FP
C,MH-003,MH-003_18.913265_73.50101,0,0.5836156010627747,FP
C,MH-003,MH-003_18.913265_73.501279,0,0.49298104643821716,TN
C,MH-003,MH-003_18.913265_73.501549,0,0.3352082669734955,TN
C,MH-003,MH-003_18.912995_73.50074,0,0.7765165567398071,FP
C,MH-003,MH-003_18.912995_73.50101,0,0.7455766797065735,FP
C,MH-003,MH-003_18.912995_73.501279,0,0.6637491583824158,FP
C,MH-003,MH-003_18.912995_73.502627,0,0.23344361782073975,TN
C,MH-003,MH-003_18.912726_73.50074,0,0.8607363104820251,FP
C,MH-003,MH-003_18.912726_73.502357,0,0.3739723563194275,TN
C,MH-003,MH-003_18.912726_73.502627,0,0.2561814486980438,TN
C,MH-003,MH-003_18.912726_73.502896,0,0.1619555652141571,TN
C,MH-003,MH-003_18.912726_73.503166,0,0.11133914440870285,TN
C,MH-003,MH-003_18.912456_73.502627,0,0.3407169580459595,TN
C,MH-003,MH-003_18.912456_73.502896,0,0.1930599808692932,TN
C,MH-003,MH-003_18.912456_73.503166,0,0.11947664618492126,TN
C,MH-003,MH-003_18.912187_73.502896,0,0.35928812623023987,TN
C,MH-003,MH-003_18.911648_73.502896,0,0.6520915031433105,FP
C,MH-003,MH-003_18.911648_73.503166,0,0.4101380705833435,TN
C,MH-003,MH-003_18.911378_73.503166,0,0.6209959387779236,FP
C,MH-003,MH-003_18.911109_73.502896,0,0.7777685523033142,FP
C,MH-003,MH-003_18.911109_73.503166,0,0.6432281136512756,FP
C,MH-003,MH-003_18.910839_73.502627,0,0.789863646030426,FP
C,MH-003,MH-003_18.910839_73.502896,0,0.7909836769104004,FP
