{
  "type": "FeatureCollection",
  "name": "MH-003_Bhivpuri PSP_Monitoring_Boundary",
  "crs": {
    "type": "name",
    "properties": {
      "name": "urn:ogc:def:crs:OGC:1.3:CRS84"
    }
  },
  "features": [
    {
      "type": "Feature",
      "properties": {
        "project_id": "MH-003",
        "project_name": "Bhivpuri PSP",
        "source_kml": "kml/Bhivpuri Off Stream Open Loop Pumped Storage Project (1000 MW).kml",
        "approved_capacity": "1000 MW Pumped Storage Project",
        "clearance_proposal_no": "FP/MH/HYD/IRRIG/447097/2023",
        "supporting_documents": [
          "fc_ministry_stage_i_clearance174703400589912_FP_MH_HYD_IRRIG_447097_2023_14807299_-signed.pdf",
          "fc_ministry_stage_ii_clearance17622625603074_FP_MH_HYD_IRRIG_447097_2023_14807299_-signed.pdf",
          "diversion order - 20.14 ha. (1).pdf",
          "Project Report-Bhivpuri-PSP.pdf"
        ],
        "boundary_role": "project_monitoring_boundary",
        "boundary_status": "validated",
        "area_ha": 117.024,
        "area_crs": "EPSG:32643"
      },
      "geometry": {
        "type": "MultiPolygon",
        "coordinates": [
          [
            [
              [
                73.497322127,
                18.915007473
              ],
              [
                73.498014832,
                18.915056343
              ],
              [
                73.498760937,
                18.914558116
              ],
              [
                73.49943136,
                18.914182119
              ],
              [
                73.499559869,
                18.91429894
              ],
              [
                73.499609623,
                18.914532261
              ],
              [
                73.500298495,
                18.914583965
              ],
              [
                73.500864025,
                18.91476987
              ],
              [
                73.501217549,
                18.914640843
              ],
              [
                73.502309798,
                18.914456216
              ],
              [
                73.502660024,
                18.914625346
              ],
              [
                73.503051815,
                18.915164713
              ],
              [
                73.503165834,
                18.915347754
              ],
              [
                73.503403671,
                18.915137919
              ],
              [
                73.503632669,
                18.91487024
              ],
              [
                73.503849134,
                18.914750153
              ],
              [
                73.504020078,
                18.914814998
              ],
              [
                73.504051156,
                18.915059239
              ],
              [
                73.504055497,
                18.915229971
              ],
              [
                73.504136816,
                18.915273415
              ],
              [
                73.50430656,
                18.915317136
              ],
              [
                73.504519817,
                18.915367599
              ],
              [
                73.504792899,
                18.915317402
              ],
              [
                73.504948094,
                18.915243
              ],
              [
                73.504988537,
                18.915126942
              ],
              [
                73.505046809,
                18.914912977
              ],
              [
                73.505035681,
                18.914808705
              ],
              [
                73.504869479,
                18.914627666
              ],
              [
                73.504791146,
                18.914430853
              ],
              [
                73.504801756,
                18.914246005
              ],
              [
                73.50479349,
                18.914052459
              ],
              [
                73.50467716,
                18.913939191
              ],
              [
                73.504544699,
                18.913953335
              ],
              [
                73.504432997,
                18.914057338
              ],
              [
                73.504225423,
                18.914173591
              ],
              [
                73.503994549,
                18.914230097
              ],
              [
                73.503778395,
                18.914199299
              ],
              [
                73.503566099,
                18.914187622
              ],
              [
                73.503379944,
                18.914266343
              ],
              [
                73.503250524,
                18.914334161
              ],
              [
                73.50305351,
                18.91425049
              ],
              [
                73.502875225,
                18.914162994
              ],
              [
                73.502931969,
                18.91405341
              ],
              [
                73.503120149,
                18.913935974
              ],
              [
                73.50317161,
                18.913734588
              ],
              [
                73.503258734,
                18.91353513
              ],
              [
                73.503025739,
                18.913418292
              ],
              [
                73.502835914,
                18.91335852
              ],
              [
                73.502653712,
                18.913303939
              ],
              [
                73.502558852,
                18.913202635
              ],
              [
                73.502650331,
                18.913089102
              ],
              [
                73.502777808,
                18.912922319
              ],
              [
                73.5029155,
                18.912830867
              ],
              [
                73.503028939,
                18.912817703
              ],
              [
                73.503120873,
                18.912870525
              ],
              [
                73.503278303,
                18.912919483
              ],
              [
                73.503379452,
                18.912950948
              ],
              [
                73.503486632,
                18.913056054
              ],
              [
                73.503565217,
                18.913144877
              ],
              [
                73.503638751,
                18.913254918
              ],
              [
                73.503711148,
                18.913348041
              ],
              [
                73.503860902,
                18.91354066
              ],
              [
                73.503955347,
                18.913566901
              ],
              [
                73.503955685,
                18.913421864
              ],
              [
                73.503964704,
                18.913252005
              ],
              [
                73.504052355,
                18.913131743
              ],
              [
                73.504164415,
                18.913049918
              ],
              [
                73.504124906,
                18.9129643
              ],
              [
                73.504017519,
                18.912873578
              ],
              [
                73.503960398,
                18.912754661
              ],
              [
                73.503980376,
                18.912662044
              ],
              [
                73.504066608,
                18.912578571
              ],
              [
                73.504149959,
                18.912499216
              ],
              [
                73.504244949,
                18.912434699
              ],
              [
                73.504194685,
                18.912181985
              ],
              [
                73.504121435,
                18.912085545
              ],
              [
                73.503871768,
                18.912186607
              ],
              [
                73.503639314,
                18.912186339
              ],
              [
                73.503381155,
                18.91217577
              ],
              [
                73.502993232,
                18.912236943
              ],
              [
                73.502976638,
                18.912014624
              ],
              [
                73.502965816,
                18.911835553
              ],
              [
                73.503064725,
                18.911717759
              ],
              [
                73.503346655,
                18.911639673
              ],
              [
                73.503562333,
                18.911496705
              ],
              [
                73.503706238,
                18.911315609
              ],
              [
                73.503855612,
                18.911217009
              ],
              [
                73.504113446,
                18.911168892
              ],
              [
                73.504419821,
                18.910994043
              ],
              [
                73.504619492,
                18.91074048
              ],
              [
                73.504784426,
                18.910546934
              ],
              [
                73.504856831,
                18.910315234
              ],
              [
                73.504793375,
                18.91019298
              ],
              [
                73.504671928,
                18.910114832
              ],
              [
                73.504454134,
                18.910087993
              ],
              [
                73.504344624,
                18.910027316
              ],
              [
                73.504348878,
                18.909920473
              ],
              [
                73.504374087,
                18.909823157
              ],
              [
                73.504469196,
                18.909736472
              ],
              [
                73.504421629,
                18.909615875
              ],
              [
                73.504347089,
                18.909487566
              ],
              [
                73.504212492,
                18.909308051
              ],
              [
                73.504081154,
                18.909124672
              ],
              [
                73.503986834,
                18.909007448
              ],
              [
                73.504006719,
                18.908877422
              ],
              [
                73.504066573,
                18.908751344
              ],
              [
                73.504100522,
                18.908633602
              ],
              [
                73.504058869,
                18.908476539
              ],
              [
                73.503965287,
                18.908425326
              ],
              [
                73.503807681,
                18.908471517
              ],
              [
                73.503595226,
                18.908499634
              ],
              [
                73.503430498,
                18.908504656
              ],
              [
                73.503309449,
                18.908538371
              ],
              [
                73.503230624,
                18.908633861
              ],
              [
                73.503095353,
                18.90875655
              ],
              [
                73.502929761,
                18.908836522
              ],
              [
                73.502747641,
                18.908852648
              ],
              [
                73.502659805,
                18.90882586
              ],
              [
                73.502613821,
                18.908701359
              ],
              [
                73.502250412,
                18.908556356
              ],
              [
                73.501907905,
                18.90884643
              ],
              [
                73.501762295,
                18.908969722
              ],
              [
                73.501686481,
                18.909242634
              ],
              [
                73.501844523,
                18.909410632
              ],
              [
                73.502002953,
                18.909549493
              ],
              [
                73.502016248,
                18.909567198
              ],
              [
                73.502228496,
                18.909561379
              ],
              [
                73.502239327,
                18.909561389
              ],
              [
                73.502370073,
                18.909555616
              ],
              [
                73.502380892,
                18.909555639
              ],
              [
                73.502532358,
                18.90955601
              ],
              [
                73.502548582,
                18.909556066
              ],
              [
                73.502630867,
                18.909597769
              ],
              [
                73.502646562,
                18.909603769
              ],
              [
                73.502676836,
                18.909797927
              ],
              [
                73.502608438,
                18.90998041
              ],
              [
                73.502544475,
                18.910156895
              ],
              [
                73.502537479,
                18.910388124
              ],
              [
                73.502476186,
                18.910629581
              ],
              [
                73.502532166,
                18.910834357
              ],
              [
                73.502409142,
                18.910965672
              ],
              [
                73.502321097,
                18.911127408
              ],
              [
                73.502386099,
                18.911258348
              ],
              [
                73.502412489,
                18.911432931
              ],
              [
                73.50228437,
                18.911563613
              ],
              [
                73.502137962,
                18.91165437
              ],
              [
                73.50214084,
                18.911861005
              ],
              [
                73.502351085,
                18.911911624
              ],
              [
                73.502524489,
                18.912061235
              ],
              [
                73.502496735,
                18.912239863
              ],
              [
                73.502359762,
                18.912529672
              ],
              [
                73.502255565,
                18.912667129
              ],
              [
                73.502301022,
                18.91281579
              ],
              [
                73.502442656,
                18.912951849
              ],
              [
                73.502434998,
                18.913166632
              ],
              [
                73.502395094,
                18.913274725
              ],
              [
                73.502270595,
                18.913421776
              ],
              [
                73.502127972,
                18.913438165
              ],
              [
                73.501921798,
                18.913404785
              ],
              [
                73.501699182,
                18.913338681
              ],
              [
                73.501475691,
                18.912949235
              ],
              [
                73.501228575,
                18.912898324
              ],
              [
                73.501058657,
                18.912828037
              ],
              [
                73.500962661,
                18.912724419
              ],
              [
                73.500867467,
                18.912591856
              ],
              [
                73.500766321,
                18.912551042
              ],
              [
                73.500676965,
                18.912773802
              ],
              [
                73.500609138,
                18.913000608
              ],
              [
                73.500523181,
                18.91312547
              ],
              [
                73.500385292,
                18.913226358
              ],
              [
                73.500190412,
                18.913400098
              ],
              [
                73.500162368,
                18.913488745
              ],
              [
                73.500434504,
                18.913652378
              ],
              [
                73.500412918,
                18.913761505
              ],
              [
                73.500140924,
                18.913837287
              ],
              [
                73.499969819,
                18.913939329
              ],
              [
                73.499838701,
                18.914001224
              ],
              [
                73.499699181,
                18.9139443
              ],
              [
                73.49929409,
                18.913908058
              ],
              [
                73.499074582,
                18.91411626
              ],
              [
                73.498970741,
                18.914153415
              ],
              [
                73.49881191,
                18.914227887
              ],
              [
                73.498249365,
                18.914239931
              ],
              [
                73.498016087,
                18.914254353
              ],
              [
                73.497732038,
                18.914295138
              ],
              [
                73.497517722,
                18.914243401
              ],
              [
                73.497271239,
                18.914222567
              ],
              [
                73.497144231,
                18.914181377
              ],
              [
                73.497038844,
                18.914054032
              ],
              [
                73.497019627,
                18.913968595
              ],
              [
                73.496914373,
                18.913824817
              ],
              [
                73.496915713,
                18.913741817
              ],
              [
                73.496853207,
                18.913656454
              ],
              [
                73.496781856,
                18.91353642
              ],
              [
                73.496796613,
                18.913478938
              ],
              [
                73.496892146,
                18.913486209
              ],
              [
                73.497032654,
                18.913597538
              ],
              [
                73.497187421,
                18.913607242
              ],
              [
                73.497201477,
                18.913612038
              ],
              [
                73.497240155,
                18.913531237
              ],
              [
                73.497297278,
                18.913455925
              ],
              [
                73.497322469,
                18.913315314
              ],
              [
                73.497402545,
                18.913288946
              ],
              [
                73.497509662,
                18.913224939
              ],
              [
                73.497543092,
                18.913085085
              ],
              [
                73.497646076,
                18.912947803
              ],
              [
                73.497736531,
                18.912877965
              ],
              [
                73.497851383,
                18.912727448
              ],
              [
                73.497798949,
                18.912642765
              ],
              [
                73.497802956,
                18.912492803
              ],
              [
                73.497648632,
                18.91245453
              ],
              [
                73.497600067,
                18.912439393
              ],
              [
                73.497350949,
                18.912582022
              ],
              [
                73.497234364,
                18.912689157
              ],
              [
                73.497179431,
                18.912795783
              ],
              [
                73.497150787,
                18.912908395
              ],
              [
                73.497044324,
                18.913005018
              ],
              [
                73.496975496,
                18.912960922
              ],
              [
                73.496837061,
                18.912917088
              ],
              [
                73.496728933,
                18.912982844
              ],
              [
                73.496619901,
                18.913093892
              ],
              [
                73.496467864,
                18.913121683
              ],
              [
                73.496261988,
                18.912979537
              ],
              [
                73.496098405,
                18.91294842
              ],
              [
                73.495959546,
                18.912999067
              ],
              [
                73.495762893,
                18.913018718
              ],
              [
                73.495667461,
                18.913113754
              ],
              [
                73.495607507,
                18.913259369
              ],
              [
                73.495517165,
                18.913472178
              ],
              [
                73.495357971,
                18.913530665
              ],
              [
                73.495242136,
                18.913561531
              ],
              [
                73.495129845,
                18.913659765
              ],
              [
                73.495123865,
                18.913692363
              ],
              [
                73.495182054,
                18.913768027
              ],
              [
                73.495274628,
                18.913921419
              ],
              [
                73.4953211,
                18.914051394
              ],
              [
                73.495146499,
                18.914203444
              ],
              [
                73.495044467,
                18.914330864
              ],
              [
                73.494897951,
                18.914528944
              ],
              [
                73.494650994,
                18.91467519
              ],
              [
                73.494556649,
                18.91472453
              ],
              [
                73.494492524,
                18.914946326
              ],
              [
                73.494376709,
                18.91518841
              ],
              [
                73.494221626,
                18.915444961
              ],
              [
                73.493814522,
                18.915560097
              ],
              [
                73.493678999,
                18.915654443
              ],
              [
                73.493622964,
                18.915833627
              ],
              [
                73.493565536,
                18.916022448
              ],
              [
                73.493483559,
                18.916189851
              ],
              [
                73.493289886,
                18.91632846
              ],
              [
                73.492785051,
                18.916346613
              ],
              [
                73.492545439,
                18.916126716
              ],
              [
                73.492290209,
                18.916180755
              ],
              [
                73.492089394,
                18.916127203
              ],
              [
                73.491859923,
                18.915912196
              ],
              [
                73.491597005,
                18.91604642
              ],
              [
                73.491241214,
                18.916308695
              ],
              [
                73.491332679,
                18.916428313
              ],
              [
                73.492688091,
                18.916760655
              ],
              [
                73.493604253,
                18.916425901
              ],
              [
                73.494719376,
                18.915444592
              ],
              [
                73.4950855,
                18.914937679
              ],
              [
                73.496351146,
                18.914786746
              ],
              [
                73.497064525,
                18.914887192
              ],
              [
                73.497322127,
                18.915007473
              ]
            ]
          ],
          [
            [
              [
                73.447614757,
                18.934616937
              ],
              [
                73.446682562,
                18.935828874
              ],
              [
                73.446977532,
                18.936274064
              ],
              [
                73.450225561,
                18.93567285
              ],
              [
                73.448557732,
                18.93532053
              ],
              [
                73.447614757,
                18.934616937
              ]
            ]
          ],
          [
            [
              [
                73.449861274,
                18.937447691
              ],
              [
                73.449858457,
                18.937837853
              ],
              [
                73.450175793,
                18.93788403
              ],
              [
                73.450618085,
                18.938409691
              ],
              [
                73.451822576,
                18.938307996
              ],
              [
                73.452042508,
                18.937359958
              ],
              [
                73.449861274,
                18.937447691
              ]
            ]
          ],
          [
            [
              [
                73.4484532,
                18.93803712
              ],
              [
                73.448455582,
                18.937779349
              ],
              [
                73.448120315,
                18.937776542
              ],
              [
                73.448117933,
                18.938034313
              ],
              [
                73.4484532,
                18.93803712
              ]
            ]
          ],
          [
            [
              [
                73.445237236,
                18.939647649
              ],
              [
                73.447559514,
                18.937512228
              ],
              [
                73.446941657,
                18.937073371
              ],
              [
                73.445762384,
                18.93830582
              ],
              [
                73.445106512,
                18.938896639
              ],
              [
                73.444895213,
                18.939156886
              ],
              [
                73.44392918,
                18.939916767
              ],
              [
                73.444376434,
                18.94032258
              ],
              [
                73.445237236,
                18.939647649
              ]
            ]
          ],
          [
            [
              [
                73.452034516,
                18.943377283
              ],
              [
                73.451650115,
                18.942845519
              ],
              [
                73.451667564,
                18.942497813
              ],
              [
                73.452224489,
                18.94233983
              ],
              [
                73.451891602,
                18.940340289
              ],
              [
                73.450024215,
                18.940514429
              ],
              [
                73.450541735,
                18.94102472
              ],
              [
                73.449452905,
                18.942230843
              ],
              [
                73.450977796,
                18.943160651
              ],
              [
                73.450594723,
                18.943514338
              ],
              [
                73.450921075,
                18.943648073
              ],
              [
                73.452034516,
                18.943377283
              ]
            ]
          ],
          [
            [
              [
                73.456916688,
                18.937154291
              ],
              [
                73.456856837,
                18.937437689
              ],
              [
                73.456758372,
                18.93764541
              ],
              [
                73.456605887,
                18.937813926
              ],
              [
                73.456547021,
                18.937843025
              ],
              [
                73.456349427,
                18.937920113
              ],
              [
                73.456183324,
                18.937986868
              ],
              [
                73.456039981,
                18.938081865
              ],
              [
                73.455967504,
                18.938105316
              ],
              [
                73.455797517,
                18.938151447
              ],
              [
                73.455610128,
                18.938300458
              ],
              [
                73.453613201,
                18.938378422
              ],
              [
                73.452266585,
                18.938430984
              ],
              [
                73.45200886,
                18.938441043
              ],
              [
                73.451997098,
                18.938168159
              ],
              [
                73.452333033,
                18.937610324
              ],
              [
                73.452586855,
                18.937266748
              ],
              [
                73.452531367,
                18.937231888
              ],
              [
                73.452276895,
                18.937576343
              ],
              [
                73.451929907,
                18.938152534
              ],
              [
                73.451942453,
                18.938443634
              ],
              [
                73.45054459,
                18.938498184
              ],
              [
                73.450428381,
                18.938259514
              ],
              [
                73.450426488,
                18.938255671
              ],
              [
                73.45042456,
                18.938251843
              ],
              [
                73.450422598,
                18.938248032
              ],
              [
                73.4504206,
                18.938244237
              ],
              [
                73.450418568,
                18.938240459
              ],
              [
                73.450416502,
                18.938236697
              ],
              [
                73.450414401,
                18.938232953
              ],
              [
                73.450412266,
                18.938229227
              ],
              [
                73.450410097,
                18.938225518
              ],
              [
                73.450407894,
                18.938221827
              ],
              [
                73.450405657,
                18.938218155
              ],
              [
                73.450403387,
                18.938214501
              ],
              [
                73.450401084,
                18.938210867
              ],
              [
                73.450398748,
                18.938207251
              ],
              [
                73.450396378,
                18.938203655
              ],
              [
                73.450393976,
                18.938200079
              ],
              [
                73.450391541,
                18.938196523
              ],
              [
                73.450389074,
                18.938192987
              ],
              [
                73.450386575,
                18.938189471
              ],
              [
                73.450384043,
                18.938185977
              ],
              [
                73.45038148,
                18.938182503
              ],
              [
                73.450378885,
                18.938179051
              ],
              [
                73.450376259,
                18.938175621
              ],
              [
                73.450373601,
                18.938172212
              ],
              [
                73.450370912,
                18.938168825
              ],
              [
                73.450368192,
                18.938165461
              ],
              [
                73.450365442,
                18.93816212
              ],
              [
                73.450362661,
                18.938158801
              ],
              [
                73.45035985,
                18.938155506
              ],
              [
                73.450357009,
                18.938152234
              ],
              [
                73.450354139,
                18.938148985
              ],
              [
                73.450351238,
                18.938145761
              ],
              [
                73.450348309,
                18.93814256
              ],
              [
                73.45034535,
                18.938139384
              ],
              [
                73.450342362,
                18.938136233
              ],
              [
                73.450339345,
                18.938133106
              ],
              [
                73.4503363,
                18.938130005
              ],
              [
                73.450333227,
                18.938126929
              ],
              [
                73.450330126,
                18.938123878
              ],
              [
                73.450326997,
                18.938120853
              ],
              [
                73.45032384,
                18.938117855
              ],
              [
                73.450320656,
                18.938114882
              ],
              [
                73.450317446,
                18.938111936
              ],
              [
                73.450314208,
                18.938109017
              ],
              [
                73.450310944,
                18.938106124
              ],
              [
                73.450307653,
                18.938103259
              ],
              [
                73.450304336,
                18.938100421
              ],
              [
                73.450300994,
                18.938097611
              ],
              [
                73.450297626,
                18.938094828
              ],
              [
                73.450294232,
                18.938092073
              ],
              [
                73.450290814,
                18.938089347
              ],
              [
                73.450287371,
                18.938086649
              ],
              [
                73.450283903,
                18.938083979
              ],
              [
                73.450280411,
                18.938081339
              ],
              [
                73.450276895,
                18.938078727
              ],
              [
                73.450273355,
                18.938076145
              ],
              [
                73.450269792,
                18.938073592
              ],
              [
                73.450266205,
                18.938071068
              ],
              [
                73.450262596,
                18.938068575
              ],
              [
                73.450258964,
                18.938066111
              ],
              [
                73.45025531,
                18.938063677
              ],
              [
                73.450251633,
                18.938061274
              ],
              [
                73.450247935,
                18.938058902
              ],
              [
                73.450244215,
                18.93805656
              ],
              [
                73.450240473,
                18.938054249
              ],
              [
                73.450236711,
                18.938051969
              ],
              [
                73.450232928,
                18.93804972
              ],
              [
                73.450229125,
                18.938047503
              ],
              [
                73.450225302,
                18.938045317
              ],
              [
                73.450221458,
                18.938043163
              ],
              [
                73.450217596,
                18.938041041
              ],
              [
                73.450213713,
                18.938038951
              ],
              [
                73.450209812,
                18.938036893
              ],
              [
                73.450205893,
                18.938034867
              ],
              [
                73.450201955,
                18.938032874
              ],
              [
                73.450197999,
                18.938030914
              ],
              [
                73.450194025,
                18.938028986
              ],
              [
                73.450190033,
                18.938027092
              ],
              [
                73.450186025,
                18.93802523
              ],
              [
                73.450181999,
                18.938023402
              ],
              [
                73.450177957,
                18.938021608
              ],
              [
                73.450173899,
                18.938019846
              ],
              [
                73.450169825,
                18.938018119
              ],
              [
                73.450165735,
                18.938016425
              ],
              [
                73.45016163,
                18.938014765
              ],
              [
                73.45015751,
                18.938013139
              ],
              [
                73.450153375,
                18.938011548
              ],
              [
                73.450149226,
                18.93800999
              ],
              [
                73.450145062,
                18.938008467
              ],
              [
                73.450140885,
                18.938006979
              ],
              [
                73.450136694,
                18.938005525
              ],
              [
                73.450132491,
                18.938004106
              ],
              [
                73.450128274,
                18.938002722
              ],
              [
                73.450124045,
                18.938001373
              ],
              [
                73.450119804,
                18.938000059
              ],
              [
                73.450115551,
                18.93799878
              ],
              [
                73.450111286,
                18.937997536
              ],
              [
                73.450107011,
                18.937996328
              ],
              [
                73.450102724,
                18.937995155
              ],
              [
                73.450098427,
                18.937994017
              ],
              [
                73.450094119,
                18.937992915
              ],
              [
                73.450089802,
                18.937991849
              ],
              [
                73.450085475,
                18.937990819
              ],
              [
                73.450081139,
                18.937989825
              ],
              [
                73.450076794,
                18.937988866
              ],
              [
                73.45007244,
                18.937987943
              ],
              [
                73.450068078,
                18.937987057
              ],
              [
                73.450063708,
                18.937986207
              ],
              [
                73.45005933,
                18.937985393
              ],
              [
                73.450054945,
                18.937984615
              ],
              [
                73.450050554,
                18.937983873
              ],
              [
                73.450046155,
                18.937983168
              ],
              [
                73.450041751,
                18.9379825
              ],
              [
                73.45003734,
                18.937981867
              ],
              [
                73.450032924,
                18.937981272
              ],
              [
                73.450028502,
                18.937980713
              ],
              [
                73.450024076,
                18.93798019
              ],
              [
                73.450019645,
                18.937979704
              ],
              [
                73.450015209,
                18.937979255
              ],
              [
                73.45001077,
                18.937978843
              ],
              [
                73.450006327,
                18.937978467
              ],
              [
                73.450001881,
                18.937978129
              ],
              [
                73.449997432,
                18.937977827
              ],
              [
                73.44999298,
                18.937977561
              ],
              [
                73.449988526,
                18.937977333
              ],
              [
                73.449984071,
                18.937977142
              ],
              [
                73.449979613,
                18.937976987
              ],
              [
                73.449975155,
                18.93797687
              ],
              [
                73.449970695,
                18.937976789
              ],
              [
                73.449966235,
                18.937976745
              ],
              [
                73.449961774,
                18.937976739
              ],
              [
                73.449957314,
                18.937976769
              ],
              [
                73.449952854,
                18.937976836
              ],
              [
                73.449948395,
                18.93797694
              ],
              [
                73.449943937,
                18.93797708
              ],
              [
                73.449939481,
                18.937977258
              ],
              [
                73.449935026,
                18.937977473
              ],
              [
                73.449930574,
                18.937977724
              ],
              [
                73.449926124,
                18.937978013
              ],
              [
                73.449921676,
                18.937978338
              ],
              [
                73.449917232,
                18.9379787
              ],
              [
                73.449912792,
                18.937979099
              ],
              [
                73.449908355,
                18.937979534
              ],
              [
                73.449903922,
                18.937980006
              ],
              [
                73.449899494,
                18.937980515
              ],
              [
                73.449895071,
                18.937981061
              ],
              [
                73.449890652,
                18.937981643
              ],
              [
                73.44988624,
                18.937982261
              ],
              [
                73.449881833,
                18.937982917
              ],
              [
                73.449877432,
                18.937983608
              ],
              [
                73.449873038,
                18.937984336
              ],
              [
                73.44986865,
                18.937985101
              ],
              [
                73.44986427,
                18.937985901
              ],
              [
                73.449859897,
                18.937986738
              ],
              [
                73.449855532,
                18.937987611
              ],
              [
                73.449851175,
                18.937988521
              ],
              [
                73.449846827,
                18.937989466
              ],
              [
                73.449842487,
                18.937990447
              ],
              [
                73.449838157,
                18.937991464
              ],
              [
                73.449833836,
                18.937992517
              ],
              [
                73.449829525,
                18.937993606
              ],
              [
                73.449825224,
                18.93799473
              ],
              [
                73.449820933,
                18.93799589
              ],
              [
                73.449816653,
                18.937997085
              ],
              [
                73.449812385,
                18.937998316
              ],
              [
                73.449808127,
                18.937999582
              ],
              [
                73.449803882,
                18.938000883
              ],
              [
                73.449799648,
                18.938002219
              ],
              [
                73.449795427,
                18.93800359
              ],
              [
                73.449791218,
                18.938004996
              ],
              [
                73.449787023,
                18.938006437
              ],
              [
                73.449782841,
                18.938007913
              ],
              [
                73.449778672,
                18.938009423
              ],
              [
                73.449774518,
                18.938010968
              ],
              [
                73.449770378,
                18.938012547
              ],
              [
                73.449766252,
                18.93801416
              ],
              [
                73.449762141,
                18.938015807
              ],
              [
                73.449758046,
                18.938017488
              ],
              [
                73.449753966,
                18.938019204
              ],
              [
                73.449749901,
                18.938020952
              ],
              [
                73.449167447,
                18.93827696
              ],
              [
                73.448762678,
                18.937543448
              ],
              [
                73.448704359,
                18.9375738
              ],
              [
                73.449107032,
                18.938303514
              ],
              [
                73.448012309,
                18.938787472
              ],
              [
                73.44615523,
                18.939606214
              ],
              [
                73.445411296,
                18.940528016
              ],
              [
                73.442501444,
                18.942893118
              ],
              [
                73.44331157,
                18.944870505
              ],
              [
                73.448641513,
                18.945471094
              ],
              [
                73.450824213,
                18.943146316
              ],
              [
                73.4491726622615,
                18.942347463709993
              ],
              [
                73.450360061,
                18.941030665
              ],
              [
                73.4495103,
                18.940290661
              ],
              [
                73.449795333,
                18.939991472
              ],
              [
                73.449797523,
                18.939993356
              ],
              [
                73.449799727,
                18.939995224
              ],
              [
                73.449801945,
                18.939997077
              ],
              [
                73.449804177,
                18.939998916
              ],
              [
                73.449806422,
                18.940000739
              ],
              [
                73.449808681,
                18.940002547
              ],
              [
                73.449810953,
                18.94000434
              ],
              [
                73.449813238,
                18.940006118
              ],
              [
                73.449815537,
                18.94000788
              ],
              [
                73.449817848,
                18.940009627
              ],
              [
                73.449820173,
                18.940011358
              ],
              [
                73.44982251,
                18.940013074
              ],
              [
                73.44982486,
                18.940014773
              ],
              [
                73.449827223,
                18.940016457
              ],
              [
                73.449829598,
                18.940018125
              ],
              [
                73.449831985,
                18.940019777
              ],
              [
                73.449834384,
                18.940021413
              ],
              [
                73.449836796,
                18.940023033
              ],
              [
                73.449839219,
                18.940024636
              ],
              [
                73.449841655,
                18.940026223
              ],
              [
                73.449844102,
                18.940027794
              ],
              [
                73.449846561,
                18.940029348
              ],
              [
                73.449849031,
                18.940030886
              ],
              [
                73.449851512,
                18.940032407
              ],
              [
                73.449854005,
                18.940033911
              ],
              [
                73.449856509,
                18.940035399
              ],
              [
                73.449859024,
                18.940036869
              ],
              [
                73.44986155,
                18.940038323
              ],
              [
                73.449864086,
                18.94003976
              ],
              [
                73.449866633,
                18.940041179
              ],
              [
                73.449869191,
                18.940042582
              ],
              [
                73.449871759,
                18.940043967
              ],
              [
                73.449874337,
                18.940045335
              ],
              [
                73.449876925,
                18.940046685
              ],
              [
                73.449879523,
                18.940048018
              ],
              [
                73.449882131,
                18.940049334
              ],
              [
                73.449884749,
                18.940050632
              ],
              [
                73.449887376,
                18.940051912
              ],
              [
                73.449890013,
                18.940053175
              ],
              [
                73.449892659,
                18.94005442
              ],
              [
                73.449895314,
                18.940055647
              ],
              [
                73.449897979,
                18.940056856
              ],
              [
                73.449900652,
                18.940058047
              ],
              [
                73.449903334,
                18.940059221
              ],
              [
                73.449906024,
                18.940060376
              ],
              [
                73.449908723,
                18.940061513
              ],
              [
                73.449911431,
                18.940062632
              ],
              [
                73.449914147,
                18.940063732
              ],
              [
                73.44991687,
                18.940064815
              ],
              [
                73.449919602,
                18.940065879
              ],
              [
                73.449922342,
                18.940066924
              ],
              [
                73.449925089,
                18.940067952
              ],
              [
                73.449927844,
                18.94006896
              ],
              [
                73.449930606,
                18.940069951
              ],
              [
                73.449933376,
                18.940070922
              ],
              [
                73.449936153,
                18.940071875
              ],
              [
                73.449938936,
                18.940072809
              ],
              [
                73.449941727,
                18.940073725
              ],
              [
                73.449944524,
                18.940074621
              ],
              [
                73.449947328,
                18.940075499
              ],
              [
                73.449950139,
                18.940076358
              ],
              [
                73.449952955,
                18.940077198
              ],
              [
                73.449955778,
                18.940078019
              ],
              [
                73.449958607,
                18.940078822
              ],
              [
                73.449961442,
                18.940079605
              ],
              [
                73.449964282,
                18.940080369
              ],
              [
                73.449967128,
                18.940081114
              ],
              [
                73.44996998,
                18.940081839
              ],
              [
                73.449972837,
                18.940082546
              ],
              [
                73.449975699,
                18.940083233
              ],
              [
                73.449978566,
                18.940083901
              ],
              [
                73.449981438,
                18.94008455
              ],
              [
                73.449984315,
                18.940085179
              ],
              [
                73.449987196,
                18.940085789
              ],
              [
                73.449990082,
                18.94008638
              ],
              [
                73.449992972,
                18.940086951
              ],
              [
                73.449995866,
                18.940087503
              ],
              [
                73.449998765,
                18.940088036
              ],
              [
                73.450001667,
                18.940088548
              ],
              [
                73.450004573,
                18.940089042
              ],
              [
                73.450007482,
                18.940089516
              ],
              [
                73.450010395,
                18.94008997
              ],
              [
                73.450013311,
                18.940090404
              ],
              [
                73.450016231,
                18.940090819
              ],
              [
                73.450019153,
                18.940091215
              ],
              [
                73.450022078,
                18.94009159
              ],
              [
                73.450025006,
                18.940091946
              ],
              [
                73.450027937,
                18.940092283
              ],
              [
                73.45003087,
                18.940092599
              ],
              [
                73.450033805,
                18.940092896
              ],
              [
                73.450036743,
                18.940093173
              ],
              [
                73.450039682,
                18.940093431
              ],
              [
                73.450042623,
                18.940093668
              ],
              [
                73.450045566,
                18.940093886
              ],
              [
                73.450048511,
                18.940094084
              ],
              [
                73.450051456,
                18.940094263
              ],
              [
                73.450054403,
                18.940094421
              ],
              [
                73.450057352,
                18.94009456
              ],
              [
                73.450060301,
                18.940094678
              ],
              [
                73.450063251,
                18.940094777
              ],
              [
                73.450066201,
                18.940094856
              ],
              [
                73.450069153,
                18.940094916
              ],
              [
                73.450072104,
                18.940094955
              ],
              [
                73.450075056,
                18.940094975
              ],
              [
                73.450078008,
                18.940094975
              ],
              [
                73.450080959,
                18.940094954
              ],
              [
                73.450083911,
                18.940094915
              ],
              [
                73.450086862,
                18.940094855
              ],
              [
                73.450089813,
                18.940094775
              ],
              [
                73.450092763,
                18.940094676
              ],
              [
                73.450095712,
                18.940094556
              ],
              [
                73.45009866,
                18.940094417
              ],
              [
                73.450101607,
                18.940094258
              ],
              [
                73.450104553,
                18.94009408
              ],
              [
                73.450107497,
                18.940093881
              ],
              [
                73.45011044,
                18.940093663
              ],
              [
                73.450113381,
                18.940093425
              ],
              [
                73.45011632,
                18.940093167
              ],
              [
                73.450119258,
                18.940092889
              ],
              [
                73.450122193,
                18.940092592
              ],
              [
                73.450125126,
                18.940092274
              ],
              [
                73.450128056,
                18.940091938
              ],
              [
                73.450130984,
                18.940091581
              ],
              [
                73.45013391,
                18.940091205
              ],
              [
                73.450136832,
                18.940090809
              ],
              [
                73.450139751,
                18.940090394
              ],
              [
                73.450142667,
                18.940089958
              ],
              [
                73.45014558,
                18.940089504
              ],
              [
                73.45014849,
                18.940089029
              ],
              [
                73.450151395,
                18.940088536
              ],
              [
                73.450154298,
                18.940088022
              ],
              [
                73.450157196,
                18.940087489
              ],
              [
                73.45016009,
                18.940086937
              ],
              [
                73.45016298,
                18.940086365
              ],
              [
                73.450165866,
                18.940085774
              ],
              [
                73.450168747,
                18.940085164
              ],
              [
                73.450171623,
                18.940084534
              ],
              [
                73.450174495,
                18.940083884
              ],
              [
                73.450177362,
                18.940083216
              ],
              [
                73.450180224,
                18.940082528
              ],
              [
                73.450183081,
                18.940081821
              ],
              [
                73.450185932,
                18.940081095
              ],
              [
                73.450188778,
                18.940080349
              ],
              [
                73.450191619,
                18.940079585
              ],
              [
                73.450194453,
                18.940078801
              ],
              [
                73.450197282,
                18.940077999
              ],
              [
                73.450200105,
                18.940077177
              ],
              [
                73.450202921,
                18.940076337
              ],
              [
                73.450205731,
                18.940075477
              ],
              [
                73.450208535,
                18.940074599
              ],
              [
                73.450211332,
                18.940073702
              ],
              [
                73.450214123,
                18.940072786
              ],
              [
                73.450216906,
                18.940071851
              ],
              [
                73.450219683,
                18.940070897
              ],
              [
                73.450222452,
                18.940069925
              ],
              [
                73.450225214,
                18.940068935
              ],
              [
                73.450227969,
                18.940067926
              ],
              [
                73.450230716,
                18.940066898
              ],
              [
                73.450233456,
                18.940065852
              ],
              [
                73.450236187,
                18.940064787
              ],
              [
                73.450238911,
                18.940063704
              ],
              [
                73.450241626,
                18.940062603
              ],
              [
                73.450244334,
                18.940061484
              ],
              [
                73.450247033,
                18.940060346
              ],
              [
                73.450249723,
                18.940059191
              ],
              [
                73.450252405,
                18.940058017
              ],
              [
                73.450255078,
                18.940056825
              ],
              [
                73.450257742,
                18.940055616
              ],
              [
                73.450260397,
                18.940054388
              ],
              [
                73.450263042,
                18.940053143
              ],
              [
                73.450265679,
                18.94005188
              ],
              [
                73.450268306,
                18.940050599
              ],
              [
                73.450270923,
                18.9400493
              ],
              [
                73.450273531,
                18.940047984
              ],
              [
                73.450276129,
                18.940046651
              ],
              [
                73.450278717,
                18.9400453
              ],
              [
                73.450281295,
                18.940043932
              ],
              [
                73.450283863,
                18.940042546
              ],
              [
                73.45028642,
                18.940041143
              ],
              [
                73.450288967,
                18.940039723
              ],
              [
                73.45043575,
                18.939957219
              ],
              [
                73.452062213,
                18.939869383
              ],
              [
                73.457367375,
                18.939582781
              ],
              [
                73.45736488312517,
                18.93958195185699
              ],
              [
                73.457367379,
                18.939582781
              ],
              [
                73.457573557,
                18.93957164
              ],
              [
                73.464016046,
                18.939223383
              ],
              [
                73.463979682,
                18.939309925
              ],
              [
                73.463803685,
                18.939537631
              ],
              [
                73.463707242,
                18.93970269
              ],
              [
                73.463679158,
                18.939835638
              ],
              [
                73.463638832,
                18.940026537
              ],
              [
                73.463642099,
                18.940173385
              ],
              [
                73.463660969,
                18.940302744
              ],
              [
                73.463700756,
                18.940513818
              ],
              [
                73.463755089,
                18.940697289
              ],
              [
                73.463822431,
                18.940908576
              ],
              [
                73.463870351,
                18.941040953
              ],
              [
                73.463878608,
                18.941190465
              ],
              [
                73.463874349,
                18.941323446
              ],
              [
                73.463785559,
                18.941468919
              ],
              [
                73.463593955,
                18.941639389
              ],
              [
                73.463464671,
                18.941804885
              ],
              [
                73.463352328,
                18.942050402
              ],
              [
                73.463261006,
                18.942290259
              ],
              [
                73.463225194,
                18.942626478
              ],
              [
                73.463315834,
                18.942931243
              ],
              [
                73.463431962,
                18.943222578
              ],
              [
                73.463475525,
                18.943514919
              ],
              [
                73.463468069,
                18.943668397
              ],
              [
                73.463467422,
                18.943681704
              ],
              [
                73.463435817,
                18.943923575
              ],
              [
                73.463254944,
                18.944254783
              ],
              [
                73.463124831,
                18.944518835
              ],
              [
                73.462951052,
                18.944712953
              ],
              [
                73.462731938,
                18.945014919
              ],
              [
                73.462672096,
                18.945244923
              ],
              [
                73.462660756,
                18.945476172
              ],
              [
                73.462709479,
                18.945623905
              ],
              [
                73.46279479,
                18.945783225
              ],
              [
                73.46289892,
                18.945920222
              ],
              [
                73.462964544,
                18.94603284
              ],
              [
                73.462986443,
                18.946078053
              ],
              [
                73.463014257,
                18.946167528
              ],
              [
                73.463050688,
                18.946419312
              ],
              [
                73.463127883,
                18.946599537
              ],
              [
                73.463230222,
                18.94678729
              ],
              [
                73.463234607,
                18.946803892
              ],
              [
                73.463270818,
                18.946940995
              ],
              [
                73.46332899,
                18.947125638
              ],
              [
                73.463387271,
                18.947288587
              ],
              [
                73.463432534,
                18.947397895
              ],
              [
                73.463507031,
                18.947579785
              ],
              [
                73.463577678,
                18.947689831
              ],
              [
                73.463700352,
                18.947831527
              ],
              [
                73.463890606,
                18.94800415
              ],
              [
                73.464002759,
                18.948110581
              ],
              [
                73.464169554,
                18.948264488
              ],
              [
                73.464342474,
                18.948381851
              ],
              [
                73.464464759,
                18.948443217
              ],
              [
                73.464540289,
                18.94853411
              ],
              [
                73.464652181,
                18.948695193
              ],
              [
                73.464726714,
                18.948796888
              ],
              [
                73.464799089,
                18.948898506
              ],
              [
                73.464862358,
                18.949008162
              ],
              [
                73.46494517,
                18.949083313
              ],
              [
                73.465079208,
                18.949266704
              ],
              [
                73.465292679,
                18.949577252
              ],
              [
                73.465199445,
                18.949227047
              ],
              [
                73.465181551,
                18.949201015
              ],
              [
                73.465039389,
                18.94900651
              ],
              [
                73.464961371,
                18.948935709
              ],
              [
                73.464904514,
                18.948837165
              ],
              [
                73.464828435,
                18.948730347
              ],
              [
                73.464754311,
                18.948629209
              ],
              [
                73.464640372,
                18.948465181
              ],
              [
                73.46454541,
                18.948350904
              ],
              [
                73.464407398,
                18.948281646
              ],
              [
                73.464248808,
                18.948174009
              ],
              [
                73.464089313,
                18.948026837
              ],
              [
                73.463976792,
                18.947920057
              ],
              [
                73.463790906,
                18.947751399
              ],
              [
                73.463678482,
                18.947621541
              ],
              [
                73.463618071,
                18.947527439
              ],
              [
                73.463547462,
                18.947355042
              ],
              [
                73.463503185,
                18.947248115
              ],
              [
                73.463446576,
                18.947089842
              ],
              [
                73.463389854,
                18.946909802
              ],
              [
                73.463362227,
                18.946805201
              ],
              [
                73.463346427,
                18.946745376
              ],
              [
                73.463240058,
                18.946550232
              ],
              [
                73.463170853,
                18.946388661
              ],
              [
                73.463135268,
                18.946142721
              ],
              [
                73.463102279,
                18.946036601
              ],
              [
                73.463074724,
                18.945979709
              ],
              [
                73.46300328,
                18.945857102
              ],
              [
                73.462900423,
                18.945721781
              ],
              [
                73.462824155,
                18.94557935
              ],
              [
                73.462785077,
                18.945460859
              ],
              [
                73.462794831,
                18.945261936
              ],
              [
                73.462846333,
                18.945063986
              ],
              [
                73.463049073,
                18.944784585
              ],
              [
                73.46322955,
                18.944582985
              ],
              [
                73.463365635,
                18.944306814
              ],
              [
                73.463555572,
                18.943959007
              ],
              [
                73.463590503,
                18.943691677
              ],
              [
                73.463596644,
                18.943565298
              ],
              [
                73.463599362,
                18.943509338
              ],
              [
                73.463552245,
                18.943193147
              ],
              [
                73.463433144,
                18.942894356
              ],
              [
                73.463350371,
                18.942616042
              ],
              [
                73.463382268,
                18.942316583
              ],
              [
                73.463467054,
                18.942093893
              ],
              [
                73.463572185,
                18.941864134
              ],
              [
                73.463686381,
                18.941717954
              ],
              [
                73.463883155,
                18.941542883
              ],
              [
                73.463996772,
                18.941356732
              ],
              [
                73.464002139,
                18.94118917
              ],
              [
                73.463992702,
                18.941018306
              ],
              [
                73.463939882,
                18.940872393
              ],
              [
                73.463873563,
                18.940664313
              ],
              [
                73.463821189,
                18.940487459
              ],
              [
                73.463782893,
                18.940284294
              ],
              [
                73.46376535,
                18.940164035
              ],
              [
                73.463762523,
                18.940036993
              ],
              [
                73.46377206711347,
                18.93999181298307
              ],
              [
                73.46666106589407,
                18.9395607980158
              ],
              [
                73.466608664,
                18.939735044
              ],
              [
                73.466482387,
                18.940086458
              ],
              [
                73.466403447,
                18.940274352
              ],
              [
                73.466326785,
                18.940436206
              ],
              [
                73.466336355,
                18.940648643
              ],
              [
                73.466382449,
                18.940929596
              ],
              [
                73.466389142,
                18.941058795
              ],
              [
                73.466366495,
                18.941181432
              ],
              [
                73.466300593,
                18.941389092
              ],
              [
                73.46625097,
                18.941478339
              ],
              [
                73.466243883,
                18.941491086
              ],
              [
                73.466211916,
                18.941550583
              ],
              [
                73.466086781,
                18.941720584
              ],
              [
                73.465699288,
                18.942107077
              ],
              [
                73.465599182,
                18.94231629
              ],
              [
                73.465527324,
                18.94244875
              ],
              [
                73.46618253,
                18.941795236
              ],
              [
                73.466317924,
                18.941611298
              ],
              [
                73.466353391,
                18.941545286
              ],
              [
                73.466415294,
                18.941433951
              ],
              [
                73.466450326,
                18.941323567
              ],
              [
                73.466486789,
                18.94120867
              ],
              [
                73.466513106,
                18.941066158
              ],
              [
                73.466505411,
                18.940917613
              ],
              [
                73.466459378,
                18.940637033
              ],
              [
                73.466451359,
                18.94045904
              ],
              [
                73.466517071,
                18.940320305
              ],
              [
                73.466598164,
                18.940127285
              ],
              [
                73.46672647,
                18.939770224
              ],
              [
                73.466795483,
                18.939540743
              ],
              [
                73.467082907,
                18.939497859
              ],
              [
                73.467086816,
                18.939497261
              ],
              [
                73.46709072,
                18.939496634
              ],
              [
                73.467094618,
                18.939495979
              ],
              [
                73.467098511,
                18.939495295
              ],
              [
                73.467102399,
                18.939494583
              ],
              [
                73.46710628,
                18.939493842
              ],
              [
                73.467110156,
                18.939493072
              ],
              [
                73.467114025,
                18.939492274
              ],
              [
                73.467117887,
                18.939491448
              ],
              [
                73.467121743,
                18.939490593
              ],
              [
                73.467125591,
                18.93948971
              ],
              [
                73.467129433,
                18.939488799
              ],
              [
                73.467133266,
                18.939487859
              ],
              [
                73.467137093,
                18.939486892
              ],
              [
                73.467140911,
                18.939485896
              ],
              [
                73.467144721,
                18.939484872
              ],
              [
                73.467148522,
                18.93948382
              ],
              [
                73.467152315,
                18.939482741
              ],
              [
                73.467156099,
                18.939481633
              ],
              [
                73.467159874,
                18.939480498
              ],
              [
                73.467163639,
                18.939479335
              ],
              [
                73.467167395,
                18.939478145
              ],
              [
                73.467171141,
                18.939476927
              ],
              [
                73.467174878,
                18.939475681
              ],
              [
                73.467178604,
                18.939474408
              ],
              [
                73.467182319,
                18.939473108
              ],
              [
                73.467186024,
                18.93947178
              ],
              [
                73.467189718,
                18.939470425
              ],
              [
                73.467193401,
                18.939469044
              ],
              [
                73.467197073,
                18.939467635
              ],
              [
                73.467200733,
                18.939466199
              ],
              [
                73.467204381,
                18.939464736
              ],
              [
                73.467208017,
                18.939463247
              ],
              [
                73.467211641,
                18.939461731
              ],
              [
                73.467215253,
                18.939460188
              ],
              [
                73.467218852,
                18.939458619
              ],
              [
                73.467222438,
                18.939457023
              ],
              [
                73.467226012,
                18.939455401
              ],
              [
                73.467229571,
                18.939453753
              ],
              [
                73.467233118,
                18.939452079
              ],
              [
                73.467236651,
                18.939450379
              ],
              [
                73.46724017,
                18.939448653
              ],
              [
                73.467243674,
                18.939446901
              ],
              [
                73.467247165,
                18.939445123
              ],
              [
                73.467250641,
                18.93944332
              ],
              [
                73.467254102,
                18.939441491
              ],
              [
                73.467257548,
                18.939439637
              ],
              [
                73.467260979,
                18.939437758
              ],
              [
                73.467264395,
                18.939435853
              ],
              [
                73.467267795,
                18.939433924
              ],
              [
                73.467271179,
                18.939431969
              ],
              [
                73.467274548,
                18.93942999
              ],
              [
                73.4672779,
                18.939427986
              ],
              [
                73.467281236,
                18.939425958
              ],
              [
                73.467284555,
                18.939423905
              ],
              [
                73.467287858,
                18.939421827
              ],
              [
                73.467291143,
                18.939419726
              ],
              [
                73.467294412,
                18.9394176
              ],
              [
                73.467297663,
                18.939415451
              ],
              [
                73.467300897,
                18.939413278
              ],
              [
                73.467304113,
                18.93941108
              ],
              [
                73.467307311,
                18.93940886
              ],
              [
                73.46731049,
                18.939406616
              ],
              [
                73.467313652,
                18.939404349
              ],
              [
                73.467316795,
                18.939402058
              ],
              [
                73.467319919,
                18.939399744
              ],
              [
                73.467323025,
                18.939397408
              ],
              [
                73.467326111,
                18.939395049
              ],
              [
                73.467329178,
                18.939392667
              ],
              [
                73.467332226,
                18.939390263
              ],
              [
                73.467335254,
                18.939387836
              ],
              [
                73.467338263,
                18.939385388
              ],
              [
                73.467341251,
                18.939382917
              ],
              [
                73.46734422,
                18.939380424
              ],
              [
                73.467347168,
                18.93937791
              ],
              [
                73.467350095,
                18.939375374
              ],
              [
                73.467353002,
                18.939372817
              ],
              [
                73.467355888,
                18.939370238
              ],
              [
                73.467358753,
                18.939367638
              ],
              [
                73.467361597,
                18.939365017
              ],
              [
                73.467364419,
                18.939362376
              ],
              [
                73.46736722,
                18.939359713
              ],
              [
                73.467369999,
                18.939357031
              ],
              [
                73.467372757,
                18.939354328
              ],
              [
                73.467375492,
                18.939351604
              ],
              [
                73.467378205,
                18.939348861
              ],
              [
                73.467380896,
                18.939346098
              ],
              [
                73.467383565,
                18.939343315
              ],
              [
                73.46738621,
                18.939340513
              ],
              [
                73.467388833,
                18.939337691
              ],
              [
                73.467391433,
                18.93933485
              ],
              [
                73.46739401,
                18.93933199
              ],
              [
                73.467396564,
                18.939329111
              ],
              [
                73.467399094,
                18.939326214
              ],
              [
                73.4674016,
                18.939323298
              ],
              [
                73.467404083,
                18.939320364
              ],
              [
                73.467406542,
                18.939317411
              ],
              [
                73.467408976,
                18.939314441
              ],
              [
                73.467411387,
                18.939311453
              ],
              [
                73.467413773,
                18.939308447
              ],
              [
                73.467416135,
                18.939305424
              ],
              [
                73.467418473,
                18.939302383
              ],
              [
                73.467420785,
                18.939299325
              ],
              [
                73.467423073,
                18.939296251
              ],
              [
                73.467425335,
                18.93929316
              ],
              [
                73.467427573,
                18.939290052
              ],
              [
                73.467429785,
                18.939286928
              ],
              [
                73.467431972,
                18.939283788
              ],
              [
                73.467434133,
                18.939280631
              ],
              [
                73.467436269,
                18.939277459
              ],
              [
                73.467438378,
                18.939274272
              ],
              [
                73.467440462,
                18.939271069
              ],
              [
                73.46744252,
                18.93926785
              ],
              [
                73.467444552,
                18.939264617
              ],
              [
                73.467446557,
                18.939261369
              ],
              [
                73.467448536,
                18.939258106
              ],
              [
                73.467450488,
                18.939254829
              ],
              [
                73.467452414,
                18.939251538
              ],
              [
                73.467454313,
                18.939248232
              ],
              [
                73.467456185,
                18.939244913
              ],
              [
                73.46745803,
                18.93924158
              ],
              [
                73.467459848,
                18.939238233
              ],
              [
                73.467461639,
                18.939234874
              ],
              [
                73.467463402,
                18.939231501
              ],
              [
                73.467465138,
                18.939228115
              ],
              [
                73.467466847,
                18.939224717
              ],
              [
                73.467468527,
                18.939221306
              ],
              [
                73.467470181,
                18.939217883
              ],
              [
                73.467471806,
                18.939214448
              ],
              [
                73.467473403,
                18.939211001
              ],
              [
                73.467474973,
                18.939207543
              ],
              [
                73.467476514,
                18.939204073
              ],
              [
                73.467478027,
                18.939200592
              ],
              [
                73.467479512,
                18.9391971
              ],
              [
                73.467480968,
                18.939193597
              ],
              [
                73.467482396,
                18.939190083
              ],
              [
                73.467483796,
                18.939186559
              ],
              [
                73.467485166,
                18.939183025
              ],
              [
                73.467486508,
                18.939179481
              ],
              [
                73.467487822,
                18.939175927
              ],
              [
                73.467489106,
                18.939172364
              ],
              [
                73.467490361,
                18.939168791
              ],
              [
                73.467491588,
                18.939165209
              ],
              [
                73.467492785,
                18.939161619
              ],
              [
                73.467493953,
                18.939158019
              ],
              [
                73.467495092,
                18.939154411
              ],
              [
                73.467496201,
                18.939150795
              ],
              [
                73.467497282,
                18.939147171
              ],
              [
                73.467498332,
                18.939143539
              ],
              [
                73.467499353,
                18.939139899
              ],
              [
                73.467500345,
                18.939136252
              ],
              [
                73.467501307,
                18.939132598
              ],
              [
                73.46750224,
                18.939128937
              ],
              [
                73.467503142,
                18.939125269
              ],
              [
                73.467504015,
                18.939121594
              ],
              [
                73.467504858,
                18.939117914
              ],
              [
                73.467505671,
                18.939114227
              ],
              [
                73.467506454,
                18.939110534
              ],
              [
                73.467507207,
                18.939106836
              ],
              [
                73.467507931,
                18.939103132
              ],
              [
                73.467508624,
                18.939099423
              ],
              [
                73.467509287,
                18.939095709
              ],
              [
                73.467509919,
                18.93909199
              ],
              [
                73.467510522,
                18.939088267
              ],
              [
                73.467511094,
                18.93908454
              ],
              [
                73.467511636,
                18.939080808
              ],
              [
                73.467512148,
                18.939077072
              ],
              [
                73.46751263,
                18.939073333
              ],
              [
                73.467513081,
                18.939069591
              ],
              [
                73.467513502,
                18.939065845
              ],
              [
                73.467513892,
                18.939062096
              ],
              [
                73.467514252,
                18.939058345
              ],
              [
                73.467514581,
                18.939054591
              ],
              [
                73.46751488,
                18.939050834
              ],
              [
                73.467515149,
                18.939047076
              ],
              [
                73.467515387,
                18.939043315
              ],
              [
                73.467515594,
                18.939039553
              ],
              [
                73.467515771,
                18.93903579
              ],
              [
                73.467515917,
                18.939032025
              ],
              [
                73.467516033,
                18.93902826
              ],
              [
                73.467527349,
                18.938604478
              ],
              [
                73.471691644,
                18.938441559
              ],
              [
                73.485644675,
                18.937894992
              ],
              [
                73.485639967,
                18.938435333
              ],
              [
                73.485890274,
                18.938432431
              ],
              [
                73.485896981,
                18.93830371
              ],
              [
                73.486100399,
                18.938091153
              ],
              [
                73.486253203,
                18.93794642
              ],
              [
                73.486272546,
                18.937095771
              ],
              [
                73.486095696,
                18.936997638
              ],
              [
                73.48588274,
                18.937030939
              ],
              [
                73.485982623,
                18.937480972
              ],
              [
                73.485836498,
                18.937782213
              ],
              [
                73.485836481,
                18.937782296
              ],
              [
                73.485836464,
                18.937782379
              ],
              [
                73.485836448,
                18.937782462
              ],
              [
                73.485836431,
                18.937782546
              ],
              [
                73.485836414,
                18.937782629
              ],
              [
                73.485836397,
                18.937782712
              ],
              [
                73.48583638,
                18.937782795
              ],
              [
                73.485836363,
                18.937782878
              ],
              [
                73.485836346,
                18.937782961
              ],
              [
                73.485836329,
                18.937783045
              ],
              [
                73.485836312,
                18.937783128
              ],
              [
                73.485836295,
                18.937783211
              ],
              [
                73.485836278,
                18.937783294
              ],
              [
                73.485836261,
                18.937783377
              ],
              [
                73.485836244,
                18.93778346
              ],
              [
                73.485836227,
                18.937783544
              ],
              [
                73.48583621,
                18.937783627
              ],
              [
                73.485836193,
                18.93778371
              ],
              [
                73.485836176,
                18.937783793
              ],
              [
                73.485836159,
                18.937783876
              ],
              [
                73.485836142,
                18.937783959
              ],
              [
                73.485836125,
                18.937784042
              ],
              [
                73.485836108,
                18.937784126
              ],
              [
                73.485836091,
                18.937784209
              ],
              [
                73.485836074,
                18.937784292
              ],
              [
                73.485836057,
                18.937784375
              ],
              [
                73.48583604,
                18.937784458
              ],
              [
                73.485836023,
                18.937784541
              ],
              [
                73.48583600863773,
                18.937784607226003
              ],
              [
                73.485836092,
                18.937784203
              ],
              [
                73.485836753,
                18.937780958
              ],
              [
                73.485837406,
                18.937777712
              ],
              [
                73.485838051,
                18.937774464
              ],
              [
                73.485838689,
                18.937771215
              ],
              [
                73.485839318,
                18.937767965
              ],
              [
                73.48583994,
                18.937764713
              ],
              [
                73.485840553,
                18.937761459
              ],
              [
                73.485841159,
                18.937758205
              ],
              [
                73.485841757,
                18.937754949
              ],
              [
                73.485842347,
                18.937751691
              ],
              [
                73.485842929,
                18.937748433
              ],
              [
                73.485843502,
                18.937745173
              ],
              [
                73.485844069,
                18.937741912
              ],
              [
                73.485844627,
                18.93773865
              ],
              [
                73.485845177,
                18.937735386
              ],
              [
                73.485845719,
                18.937732121
              ],
              [
                73.485846253,
                18.937728855
              ],
              [
                73.485846779,
                18.937725588
              ],
              [
                73.485847298,
                18.93772232
              ],
              [
                73.485847808,
                18.937719051
              ],
              [
                73.485848311,
                18.93771578
              ],
              [
                73.485848805,
                18.937712508
              ],
              [
                73.485849291,
                18.937709236
              ],
              [
                73.48584977,
                18.937705962
              ],
              [
                73.48585024,
                18.937702687
              ],
              [
                73.485850703,
                18.937699411
              ],
              [
                73.485851158,
                18.937696134
              ],
              [
                73.485851604,
                18.937692857
              ],
              [
                73.485852043,
                18.937689578
              ],
              [
                73.485852473,
                18.937686298
              ],
              [
                73.485852896,
                18.937683017
              ],
              [
                73.485853311,
                18.937679736
              ],
              [
                73.485853717,
                18.937676453
              ],
              [
                73.485854116,
                18.93767317
              ],
              [
                73.485854507,
                18.937669885
              ],
              [
                73.485854889,
                18.9376666
              ],
              [
                73.485855264,
                18.937663314
              ],
              [
                73.485855631,
                18.937660027
              ],
              [
                73.485855989,
                18.93765674
              ],
              [
                73.48585634,
                18.937653451
              ],
              [
                73.485856683,
                18.937650162
              ],
              [
                73.485857017,
                18.937646872
              ],
              [
                73.485857344,
                18.937643582
              ],
              [
                73.485857663,
                18.93764029
              ],
              [
                73.485857973,
                18.937636998
              ],
              [
                73.485858276,
                18.937633706
              ],
              [
                73.48585857,
                18.937630412
              ],
              [
                73.485858857,
                18.937627118
              ],
              [
                73.485859136,
                18.937623824
              ],
              [
                73.485859406,
                18.937620528
              ],
              [
                73.485859669,
                18.937617233
              ],
              [
                73.485859923,
                18.937613936
              ],
              [
                73.485860169,
                18.937610639
              ],
              [
                73.485860408,
                18.937607342
              ],
              [
                73.485860638,
                18.937604044
              ],
              [
                73.485860861,
                18.937600745
              ],
              [
                73.485861075,
                18.937597446
              ],
              [
                73.485861281,
                18.937594147
              ],
              [
                73.485861479,
                18.937590847
              ],
              [
                73.48586167,
                18.937587547
              ],
              [
                73.485861852,
                18.937584246
              ],
              [
                73.485862026,
                18.937580945
              ],
              [
                73.485862192,
                18.937577643
              ],
              [
                73.48586235,
                18.937574341
              ],
              [
                73.4858625,
                18.937571039
              ],
              [
                73.485862642,
                18.937567737
              ],
              [
                73.485862776,
                18.937564434
              ],
              [
                73.485862902,
                18.937561131
              ],
              [
                73.48586302,
                18.937557827
              ],
              [
                73.485863129,
                18.937554524
              ],
              [
                73.485863231,
                18.93755122
              ],
              [
                73.485863325,
                18.937547916
              ],
              [
                73.485863411,
                18.937544612
              ],
              [
                73.485863488,
                18.937541307
              ],
              [
                73.485863558,
                18.937538003
              ],
              [
                73.485863619,
                18.937534698
              ],
              [
                73.485863673,
                18.937531393
              ],
              [
                73.485863718,
                18.937528088
              ],
              [
                73.485863756,
                18.937524783
              ],
              [
                73.485863785,
                18.937521478
              ],
              [
                73.485863806,
                18.937518172
              ],
              [
                73.48586382,
                18.937514867
              ],
              [
                73.485863825,
                18.937511562
              ],
              [
                73.485863822,
                18.937508257
              ],
              [
                73.485863811,
                18.937504951
              ],
              [
                73.485863792,
                18.937501646
              ],
              [
                73.485863765,
                18.937498341
              ],
              [
                73.48586373,
                18.937495036
              ],
              [
                73.485863687,
                18.937491731
              ],
              [
                73.485863636,
                18.937488426
              ],
              [
                73.485863577,
                18.937485121
              ],
              [
                73.485863509,
                18.937481817
              ],
              [
                73.485863434,
                18.937478512
              ],
              [
                73.485863351,
                18.937475208
              ],
              [
                73.485863259,
                18.937471904
              ],
              [
                73.48586316,
                18.9374686
              ],
              [
                73.485863053,
                18.937465296
              ],
              [
                73.485862937,
                18.937461992
              ],
              [
                73.485862813,
                18.937458689
              ],
              [
                73.485862682,
                18.937455386
              ],
              [
                73.485862542,
                18.937452084
              ],
              [
                73.485862395,
                18.937448782
              ],
              [
                73.485862239,
                18.93744548
              ],
              [
                73.485862075,
                18.937442178
              ],
              [
                73.485861903,
                18.937438877
              ],
              [
                73.485861724,
                18.937435576
              ],
              [
                73.485861536,
                18.937432275
              ],
              [
                73.48586134,
                18.937428975
              ],
              [
                73.485861136,
                18.937425676
              ],
              [
                73.485860924,
                18.937422377
              ],
              [
                73.485860704,
                18.937419078
              ],
              [
                73.485860476,
                18.93741578
              ],
              [
                73.48586024,
                18.937412482
              ],
              [
                73.485859996,
                18.937409185
              ],
              [
                73.485859744,
                18.937405889
              ],
              [
                73.485859483,
                18.937402593
              ],
              [
                73.485859215,
                18.937399297
              ],
              [
                73.485858939,
                18.937396002
              ],
              [
                73.485858655,
                18.937392708
              ],
              [
                73.485858363,
                18.937389415
              ],
              [
                73.485858062,
                18.937386122
              ],
              [
                73.485857754,
                18.93738283
              ],
              [
                73.485857438,
                18.937379538
              ],
              [
                73.485857114,
                18.937376247
              ],
              [
                73.485856781,
                18.937372957
              ],
              [
                73.485856441,
                18.937369668
              ],
              [
                73.485856093,
                18.937366379
              ],
              [
                73.485855736,
                18.937363091
              ],
              [
                73.485855372,
                18.937359804
              ],
              [
                73.485855,
                18.937356518
              ],
              [
                73.485854619,
                18.937353233
              ],
              [
                73.485854231,
                18.937349948
              ],
              [
                73.485853835,
                18.937346664
              ],
              [
                73.48585343,
                18.937343382
              ],
              [
                73.485853018,
                18.9373401
              ],
              [
                73.485852598,
                18.937336819
              ],
              [
                73.485852169,
                18.937333539
              ],
              [
                73.485851733,
                18.937330259
              ],
              [
                73.485851289,
                18.937326981
              ],
              [
                73.485850836,
                18.937323704
              ],
              [
                73.485850376,
                18.937320428
              ],
              [
                73.485849908,
                18.937317153
              ],
              [
                73.485849432,
                18.937313879
              ],
              [
                73.485848948,
                18.937310606
              ],
              [
                73.485848456,
                18.937307334
              ],
              [
                73.485847956,
                18.937304063
              ],
              [
                73.485847448,
                18.937300793
              ],
              [
                73.485846931,
                18.937297525
              ],
              [
                73.485846408,
                18.937294257
              ],
              [
                73.485845876,
                18.937290991
              ],
              [
                73.485845336,
                18.937287726
              ],
              [
                73.485844788,
                18.937284462
              ],
              [
                73.485844232,
                18.937281199
              ],
              [
                73.485843668,
                18.937277938
              ],
              [
                73.485843097,
                18.937274678
              ],
              [
                73.485842517,
                18.937271419
              ],
              [
                73.48584193,
                18.937268161
              ],
              [
                73.485841334,
                18.937264905
              ],
              [
                73.485840731,
                18.93726165
              ],
              [
                73.48584012,
                18.937258396
              ],
              [
                73.4858395,
                18.937255144
              ],
              [
                73.485838873,
                18.937251893
              ],
              [
                73.485838238,
                18.937248643
              ],
              [
                73.485837595,
                18.937245395
              ],
              [
                73.485836944,
                18.937242148
              ],
              [
                73.485836286,
                18.937238903
              ],
              [
                73.485835619,
                18.937235659
              ],
              [
                73.485834944,
                18.937232417
              ],
              [
                73.485834262,
                18.937229176
              ],
              [
                73.485833572,
                18.937225937
              ],
              [
                73.485832873,
                18.937222699
              ],
              [
                73.485832167,
                18.937219463
              ],
              [
                73.485831453,
                18.937216228
              ],
              [
                73.485830731,
                18.937212995
              ],
              [
                73.485830002,
                18.937209763
              ],
              [
                73.485829264,
                18.937206533
              ],
              [
                73.48582859,
                18.937204039
              ],
              [
                73.48582789,
                18.937201552
              ],
              [
                73.485827166,
                18.93719907
              ],
              [
                73.485826417,
                18.937196596
              ],
              [
                73.485825644,
                18.937194128
              ],
              [
                73.485824846,
                18.937191667
              ],
              [
                73.485824024,
                18.937189213
              ],
              [
                73.485823177,
                18.937186768
              ],
              [
                73.485822306,
                18.937184329
              ],
              [
                73.48582141,
                18.937181899
              ],
              [
                73.48582049,
                18.937179477
              ],
              [
                73.485819547,
                18.937177064
              ],
              [
                73.485818579,
                18.937174659
              ],
              [
                73.485817587,
                18.937172262
              ],
              [
                73.485816572,
                18.937169875
              ],
              [
                73.485815533,
                18.937167498
              ],
              [
                73.48581447,
                18.937165129
              ],
              [
                73.485813383,
                18.937162771
              ],
              [
                73.485812273,
                18.937160422
              ],
              [
                73.48581114,
                18.937158083
              ],
              [
                73.485809984,
                18.937155755
              ],
              [
                73.485808804,
                18.937153437
              ],
              [
                73.485807601,
                18.93715113
              ],
              [
                73.485806376,
                18.937148834
              ],
              [
                73.485805127,
                18.93714655
              ],
              [
                73.485803856,
                18.937144276
              ],
              [
                73.485802562,
                18.937142014
              ],
              [
                73.485801246,
                18.937139764
              ],
              [
                73.485799907,
                18.937137526
              ],
              [
                73.485798546,
                18.9371353
              ],
              [
                73.485797163,
                18.937133086
              ],
              [
                73.485795758,
                18.937130885
              ],
              [
                73.485794331,
                18.937128697
              ],
              [
                73.485792883,
                18.937126522
              ],
              [
                73.485791413,
                18.93712436
              ],
              [
                73.485789921,
                18.937122211
              ],
              [
                73.485788408,
                18.937120076
              ],
              [
                73.485786874,
                18.937117955
              ],
              [
                73.485785318,
                18.937115847
              ],
              [
                73.485783742,
                18.937113754
              ],
              [
                73.485782145,
                18.937111675
              ],
              [
                73.485780527,
                18.93710961
              ],
              [
                73.485778889,
                18.93710756
              ],
              [
                73.48577723,
                18.937105525
              ],
              [
                73.485775552,
                18.937103506
              ],
              [
                73.485773853,
                18.937101501
              ],
              [
                73.485772134,
                18.937099512
              ],
              [
                73.485770396,
                18.937097538
              ],
              [
                73.485768638,
                18.93709558
              ],
              [
                73.48576686,
                18.937093638
              ],
              [
                73.485765063,
                18.937091712
              ],
              [
                73.485763247,
                18.937089803
              ],
              [
                73.485761413,
                18.93708791
              ],
              [
                73.485759559,
                18.937086034
              ],
              [
                73.485757687,
                18.937084174
              ],
              [
                73.485755796,
                18.937082332
              ],
              [
                73.485753887,
                18.937080506
              ],
              [
                73.48575196,
                18.937078698
              ],
              [
                73.485750015,
                18.937076907
              ],
              [
                73.485748052,
                18.937075134
              ],
              [
                73.485746072,
                18.937073379
              ],
              [
                73.485744074,
                18.937071642
              ],
              [
                73.485742059,
                18.937069923
              ],
              [
                73.485740027,
                18.937068222
              ],
              [
                73.485737979,
                18.937066539
              ],
              [
                73.485735913,
                18.937064875
              ],
              [
                73.485733831,
                18.93706323
              ],
              [
                73.485731733,
                18.937061604
              ],
              [
                73.485729618,
                18.937059996
              ],
              [
                73.485727488,
                18.937058408
              ],
              [
                73.485725342,
                18.937056839
              ],
              [
                73.48572318,
                18.93705529
              ],
              [
                73.485721003,
                18.93705376
              ],
              [
                73.485718811,
                18.93705225
              ],
              [
                73.485716604,
                18.937050759
              ],
              [
                73.485714382,
                18.937049289
              ],
              [
                73.485712146,
                18.937047839
              ],
              [
                73.485709895,
                18.937046409
              ],
              [
                73.48570763,
                18.937044999
              ],
              [
                73.485705351,
                18.93704361
              ],
              [
                73.485703059,
                18.937042242
              ],
              [
                73.485700753,
                18.937040894
              ],
              [
                73.485698433,
                18.937039567
              ],
              [
                73.485696101,
                18.937038261
              ],
              [
                73.485693755,
                18.937036977
              ],
              [
                73.485691397,
                18.937035713
              ],
              [
                73.485689027,
                18.937034471
              ],
              [
                73.485686644,
                18.93703325
              ],
              [
                73.485684249,
                18.937032051
              ],
              [
                73.485681842,
                18.937030873
              ],
              [
                73.485679423,
                18.937029718
              ],
              [
                73.485676994,
                18.937028584
              ],
              [
                73.485674553,
                18.937027472
              ],
              [
                73.485672101,
                18.937026382
              ],
              [
                73.485669638,
                18.937025314
              ],
              [
                73.485667165,
                18.937024269
              ],
              [
                73.485664681,
                18.937023246
              ],
              [
                73.485662187,
                18.937022245
              ],
              [
                73.485659684,
                18.937021267
              ],
              [
                73.485657171,
                18.937020312
              ],
              [
                73.485654648,
                18.937019379
              ],
              [
                73.485652116,
                18.93701847
              ],
              [
                73.485649576,
                18.937017583
              ],
              [
                73.485647026,
                18.937016719
              ],
              [
                73.485644468,
                18.937015878
              ],
              [
                73.485641902,
                18.93701506
              ],
              [
                73.485639328,
                18.937014265
              ],
              [
                73.485636746,
                18.937013494
              ],
              [
                73.485634156,
                18.937012746
              ],
              [
                73.485631559,
                18.937012021
              ],
              [
                73.485628955,
                18.93701132
              ],
              [
                73.485626344,
                18.937010642
              ],
              [
                73.485623727,
                18.937009988
              ],
              [
                73.485621103,
                18.937009358
              ],
              [
                73.485618473,
                18.937008751
              ],
              [
                73.485615836,
                18.937008168
              ],
              [
                73.485613195,
                18.937007609
              ],
              [
                73.485610548,
                18.937007074
              ],
              [
                73.485607895,
                18.937006563
              ],
              [
                73.485605238,
                18.937006075
              ],
              [
                73.485602576,
                18.937005612
              ],
              [
                73.485599909,
                18.937005173
              ],
              [
                73.485597238,
                18.937004757
              ],
              [
                73.485594563,
                18.937004366
              ],
              [
                73.485591885,
                18.937003999
              ],
              [
                73.485589202,
                18.937003657
              ],
              [
                73.485586517,
                18.937003338
              ],
              [
                73.485583828,
                18.937003044
              ],
              [
                73.485581137,
                18.937002774
              ],
              [
                73.485578443,
                18.937002528
              ],
              [
                73.485575747,
                18.937002307
              ],
              [
                73.485573048,
                18.937002109
              ],
              [
                73.485570348,
                18.937001937
              ],
              [
                73.485567646,
                18.937001788
              ],
              [
                73.485564943,
                18.937001664
              ],
              [
                73.485562239,
                18.937001565
              ],
              [
                73.485559534,
                18.93700149
              ],
              [
                73.485556828,
                18.937001439
              ],
              [
                73.485554122,
                18.937001413
              ],
              [
                73.485551416,
                18.937001411
              ],
              [
                73.485548709,
                18.937001433
              ],
              [
                73.485546004,
                18.93700148
              ],
              [
                73.485543298,
                18.937001552
              ],
              [
                73.485540594,
                18.937001647
              ],
              [
                73.485537891,
                18.937001768
              ],
              [
                73.485535189,
                18.937001912
              ],
              [
                73.485532488,
                18.937002081
              ],
              [
                73.48552979,
                18.937002274
              ],
              [
                73.485527093,
                18.937002492
              ],
              [
                73.485524399,
                18.937002734
              ],
              [
                73.485521707,
                18.937003
              ],
              [
                73.485519018,
                18.937003291
              ],
              [
                73.485516332,
                18.937003606
              ],
              [
                73.485513649,
                18.937003945
              ],
              [
                73.48551097,
                18.937004308
              ],
              [
                73.485508294,
                18.937004695
              ],
              [
                73.485505623,
                18.937005107
              ],
              [
                73.485502956,
                18.937005542
              ],
              [
                73.485500293,
                18.937006002
              ],
              [
                73.485497635,
                18.937006486
              ],
              [
                73.485494981,
                18.937006993
              ],
              [
                73.485492333,
                18.937007525
              ],
              [
                73.485489691,
                18.93700808
              ],
              [
                73.485487054,
                18.93700866
              ],
              [
                73.485484423,
                18.937009263
              ],
              [
                73.485481798,
                18.937009889
              ],
              [
                73.485479179,
                18.93701054
              ],
              [
                73.485476567,
                18.937011214
              ],
              [
                73.485473962,
                18.937011911
              ],
              [
                73.485471364,
                18.937012632
              ],
              [
                73.485468773,
                18.937013377
              ],
              [
                73.48546619,
                18.937014144
              ],
              [
                73.485463615,
                18.937014935
              ],
              [
                73.485461047,
                18.93701575
              ],
              [
                73.485458488,
                18.937016587
              ],
              [
                73.485455937,
                18.937017447
              ],
              [
                73.485453395,
                18.937018331
              ],
              [
                73.485450862,
                18.937019237
              ],
              [
                73.485448338,
                18.937020166
              ],
              [
                73.485445823,
                18.937021118
              ],
              [
                73.484720591,
                18.937280031
              ],
              [
                73.484714938,
                18.937280735
              ],
              [
                73.484709279,
                18.937281404
              ],
              [
                73.484703616,
                18.937282039
              ],
              [
                73.484697949,
                18.937282639
              ],
              [
                73.484692278,
                18.937283205
              ],
              [
                73.484686604,
                18.937283735
              ],
              [
                73.484680925,
                18.937284231
              ],
              [
                73.484675244,
                18.937284692
              ],
              [
                73.484669559,
                18.937285118
              ],
              [
                73.484663872,
                18.93728551
              ],
              [
                73.484658182,
                18.937285866
              ],
              [
                73.48465249,
                18.937286188
              ],
              [
                73.484646796,
                18.937286474
              ],
              [
                73.4846411,
                18.937286726
              ],
              [
                73.484635403,
                18.937286943
              ],
              [
                73.484629704,
                18.937287125
              ],
              [
                73.484624004,
                18.937287272
              ],
              [
                73.484618303,
                18.937287384
              ],
              [
                73.484612602,
                18.937287461
              ],
              [
                73.4846069,
                18.937287503
              ],
              [
                73.484601198,
                18.93728751
              ],
              [
                73.484595496,
                18.937287482
              ],
              [
                73.484589794,
                18.937287419
              ],
              [
                73.484584093,
                18.937287321
              ],
              [
                73.484578393,
                18.937287189
              ],
              [
                73.484572693,
                18.937287021
              ],
              [
                73.484566995,
                18.937286819
              ],
              [
                73.484561299,
                18.937286581
              ],
              [
                73.484555604,
                18.937286309
              ],
              [
                73.484549911,
                18.937286001
              ],
              [
                73.48454422,
                18.937285659
              ],
              [
                73.484538532,
                18.937285282
              ],
              [
                73.484532846,
                18.93728487
              ],
              [
                73.484527164,
                18.937284423
              ],
              [
                73.484521484,
                18.937283942
              ],
              [
                73.484515808,
                18.937283425
              ],
              [
                73.484510135,
                18.937282874
              ],
              [
                73.484504467,
                18.937282288
              ],
              [
                73.484498802,
                18.937281667
              ],
              [
                73.484493142,
                18.937281012
              ],
              [
                73.484487486,
                18.937280322
              ],
              [
                73.484481835,
                18.937279597
              ],
              [
                73.484476189,
                18.937278838
              ],
              [
                73.484470548,
                18.937278044
              ],
              [
                73.484464913,
                18.937277215
              ],
              [
                73.484459284,
                18.937276352
              ],
              [
                73.48445366,
                18.937275455
              ],
              [
                73.484448043,
                18.937274523
              ],
              [
                73.484442432,
                18.937273556
              ],
              [
                73.484436828,
                18.937272555
              ],
              [
                73.484431231,
                18.93727152
              ],
              [
                73.48442564,
                18.937270451
              ],
              [
                73.484420058,
                18.937269347
              ],
              [
                73.484414482,
                18.937268209
              ],
              [
                73.484408915,
                18.937267037
              ],
              [
                73.484403356,
                18.937265831
              ],
              [
                73.484397804,
                18.937264591
              ],
              [
                73.484392262,
                18.937263316
              ],
              [
                73.484386728,
                18.937262008
              ],
              [
                73.484381203,
                18.937260666
              ],
              [
                73.484375687,
                18.93725929
              ],
              [
                73.484370181,
                18.937257881
              ],
              [
                73.484364685,
                18.937256437
              ],
              [
                73.484359198,
                18.93725496
              ],
              [
                73.484353721,
                18.937253449
              ],
              [
                73.484348255,
                18.937251905
              ],
              [
                73.484342799,
                18.937250327
              ],
              [
                73.484337354,
                18.937248716
              ],
              [
                73.484331921,
                18.937247072
              ],
              [
                73.484326498,
                18.937245394
              ],
              [
                73.484321087,
                18.937243683
              ],
              [
                73.484315687,
                18.937241939
              ],
              [
                73.4843103,
                18.937240162
              ],
              [
                73.484304924,
                18.937238352
              ],
              [
                73.484299561,
                18.937236509
              ],
              [
                73.484294211,
                18.937234633
              ],
              [
                73.484288873,
                18.937232724
              ],
              [
                73.484283549,
                18.937230783
              ],
              [
                73.484278237,
                18.937228809
              ],
              [
                73.48427294,
                18.937226802
              ],
              [
                73.484267655,
                18.937224763
              ],
              [
                73.484262385,
                18.937222692
              ],
              [
                73.484257129,
                18.937220589
              ],
              [
                73.484251887,
                18.937218453
              ],
              [
                73.48424666,
                18.937216285
              ],
              [
                73.484241448,
                18.937214085
              ],
              [
                73.48423625,
                18.937211854
              ],
              [
                73.484231068,
                18.93720959
              ],
              [
                73.484225901,
                18.937207295
              ],
              [
                73.48422075,
                18.937204968
              ],
              [
                73.484215615,
                18.93720261
              ],
              [
                73.484210496,
                18.93720022
              ],
              [
                73.484205393,
                18.937197799
              ],
              [
                73.484200306,
                18.937195346
              ],
              [
                73.484195237,
                18.937192863
              ],
              [
                73.484190184,
                18.937190348
              ],
              [
                73.484185148,
                18.937187803
              ],
              [
                73.48418013,
                18.937185227
              ],
              [
                73.484175129,
                18.93718262
              ],
              [
                73.484170146,
                18.937179982
              ],
              [
                73.484165181,
                18.937177314
              ],
              [
                73.484160234,
                18.937174616
              ],
              [
                73.484155306,
                18.937171887
              ],
              [
                73.484150396,
                18.937169128
              ],
              [
                73.484145504,
                18.937166339
              ],
              [
                73.484140632,
                18.93716352
              ],
              [
                73.484135779,
                18.937160671
              ],
              [
                73.484130946,
                18.937157793
              ],
              [
                73.484126132,
                18.937154885
              ],
              [
                73.484121337,
                18.937151948
              ],
              [
                73.484116563,
                18.937148981
              ],
              [
                73.484111809,
                18.937145985
              ],
              [
                73.484107075,
                18.93714296
              ],
              [
                73.484102362,
                18.937139906
              ],
              [
                73.48409767,
                18.937136823
              ],
              [
                73.484092999,
                18.937133712
              ],
              [
                73.484088348,
                18.937130572
              ],
              [
                73.48408372,
                18.937127403
              ],
              [
                73.484079112,
                18.937124206
              ],
              [
                73.484074527,
                18.937120981
              ],
              [
                73.484069963,
                18.937117728
              ],
              [
                73.484065422,
                18.937114447
              ],
              [
                73.484060902,
                18.937111139
              ],
              [
                73.484056406,
                18.937107802
              ],
              [
                73.484051932,
                18.937104439
              ],
              [
                73.48404748,
                18.937101047
              ],
              [
                73.484043052,
                18.937097629
              ],
              [
                73.484038647,
                18.937094183
              ],
              [
                73.484034266,
                18.937090711
              ],
              [
                73.484029908,
                18.937087212
              ],
              [
                73.484025574,
                18.937083686
              ],
              [
                73.484021264,
                18.937080134
              ],
              [
                73.484016978,
                18.937076555
              ],
              [
                73.484012716,
                18.93707295
              ],
              [
                73.484008479,
                18.937069319
              ],
              [
                73.484004267,
                18.937065662
              ],
              [
                73.484000079,
                18.93706198
              ],
              [
                73.483995916,
                18.937058271
              ],
              [
                73.483991779,
                18.937054538
              ],
              [
                73.483987667,
                18.937050779
              ],
              [
                73.48398358,
                18.937046995
              ],
              [
                73.483979519,
                18.937043186
              ],
              [
                73.483975484,
                18.937039352
              ],
              [
                73.483971475,
                18.937035493
              ],
              [
                73.483967493,
                18.93703161
              ],
              [
                73.483963536,
                18.937027703
              ],
              [
                73.483959607,
                18.937023771
              ],
              [
                73.483955703,
                18.937019816
              ],
              [
                73.483951827,
                18.937015837
              ],
              [
                73.483947978,
                18.937011834
              ],
              [
                73.483944156,
                18.937007807
              ],
              [
                73.483940361,
                18.937003757
              ],
              [
                73.483936594,
                18.936999684
              ],
              [
                73.483932854,
                18.936995588
              ],
              [
                73.483929143,
                18.936991469
              ],
              [
                73.483925459,
                18.936987327
              ],
              [
                73.483921803,
                18.936983163
              ],
              [
                73.483918176,
                18.936978977
              ],
              [
                73.483914577,
                18.936974768
              ],
              [
                73.483911006,
                18.936970538
              ],
              [
                73.483907464,
                18.936966285
              ],
              [
                73.483903952,
                18.936962011
              ],
              [
                73.483900468,
                18.936957716
              ],
              [
                73.483897013,
                18.936953399
              ],
              [
                73.483893588,
                18.936949062
              ],
              [
                73.483890192,
                18.936944703
              ],
              [
                73.483886825,
                18.936940323
              ],
              [
                73.483883489,
                18.936935923
              ],
              [
                73.483880182,
                18.936931503
              ],
              [
                73.483876905,
                18.936927063
              ],
              [
                73.483873658,
                18.936922602
              ],
              [
                73.483870442,
                18.936918122
              ],
              [
                73.483867256,
                18.936913622
              ],
              [
                73.4838641,
                18.936909103
              ],
              [
                73.483860976,
                18.936904564
              ],
              [
                73.483857882,
                18.936900006
              ],
              [
                73.483854818,
                18.93689543
              ],
              [
                73.483851786,
                18.936890834
              ],
              [
                73.483848785,
                18.936886221
              ],
              [
                73.483845816,
                18.936881589
              ],
              [
                73.483842806,
                18.936877004
              ],
              [
                73.483839808,
                18.936872412
              ],
              [
                73.483836821,
                18.936867814
              ],
              [
                73.483833846,
                18.936863209
              ],
              [
                73.483830882,
                18.936858597
              ],
              [
                73.483827929,
                18.936853979
              ],
              [
                73.483824988,
                18.936849354
              ],
              [
                73.483822058,
                18.936844722
              ],
              [
                73.483819139,
                18.936840084
              ],
              [
                73.483816232,
                18.93683544
              ],
              [
                73.483813337,
                18.936830789
              ],
              [
                73.483810453,
                18.936826131
              ],
              [
                73.483807581,
                18.936821467
              ],
              [
                73.48380472,
                18.936816797
              ],
              [
                73.48380187,
                18.93681212
              ],
              [
                73.483799033,
                18.936807437
              ],
              [
                73.483796206,
                18.936802748
              ],
              [
                73.483793392,
                18.936798052
              ],
              [
                73.483790589,
                18.93679335
              ],
              [
                73.483787797,
                18.936788642
              ],
              [
                73.483785018,
                18.936783927
              ],
              [
                73.48378225,
                18.936779207
              ],
              [
                73.483779493,
                18.93677448
              ],
              [
                73.483776749,
                18.936769747
              ],
              [
                73.483774016,
                18.936765007
              ],
              [
                73.483771294,
                18.936760262
              ],
              [
                73.483768585,
                18.936755511
              ],
              [
                73.483765887,
                18.936750753
              ],
              [
                73.483763201,
                18.93674599
              ],
              [
                73.483760527,
                18.93674122
              ],
              [
                73.483757864,
                18.936736445
              ],
              [
                73.483755214,
                18.936731664
              ],
              [
                73.483752575,
                18.936726876
              ],
              [
                73.483749948,
                18.936722083
              ],
              [
                73.483747333,
                18.936717284
              ],
              [
                73.483744729,
                18.936712479
              ],
              [
                73.483742138,
                18.936707669
              ],
              [
                73.483739558,
                18.936702852
              ],
              [
                73.483736991,
                18.93669803
              ],
              [
                73.483734435,
                18.936693202
              ],
              [
                73.483731891,
                18.936688368
              ],
              [
                73.48372936,
                18.936683529
              ],
              [
                73.48372684,
                18.936678684
              ],
              [
                73.483724332,
                18.936673834
              ],
              [
                73.483721836,
                18.936668977
              ],
              [
                73.483719352,
                18.936664116
              ],
              [
                73.483716881,
                18.936659248
              ],
              [
                73.483714421,
                18.936654375
              ],
              [
                73.483711973,
                18.936649497
              ],
              [
                73.483709537,
                18.936644613
              ],
              [
                73.483707114,
                18.936639724
              ],
              [
                73.483704702,
                18.936634829
              ],
              [
                73.483702303,
                18.936629929
              ],
              [
                73.483699916,
                18.936625024
              ],
              [
                73.48369754,
                18.936620113
              ],
              [
                73.483695177,
                18.936615197
              ],
              [
                73.483692827,
                18.936610276
              ],
              [
                73.483690488,
                18.936605349
              ],
              [
                73.483688161,
                18.936600418
              ],
              [
                73.483685847,
                18.936595481
              ],
              [
                73.483683545,
                18.936590539
              ],
              [
                73.483681255,
                18.936585591
              ],
              [
                73.483678977,
                18.936580639
              ],
              [
                73.483676712,
                18.936575682
              ],
              [
                73.483674459,
                18.936570719
              ],
              [
                73.483672218,
                18.936565752
              ],
              [
                73.483669989,
                18.936560779
              ],
              [
                73.483667773,
                18.936555802
              ],
              [
                73.483665569,
                18.936550819
              ],
              [
                73.483663377,
                18.936545832
              ],
              [
                73.483661198,
                18.93654084
              ],
              [
                73.483659031,
                18.936535842
              ],
              [
                73.483656876,
                18.936530841
              ],
              [
                73.483654734,
                18.936525834
              ],
              [
                73.483652604,
                18.936520822
              ],
              [
                73.483650486,
                18.936515806
              ],
              [
                73.483648381,
                18.936510785
              ],
              [
                73.483646289,
                18.936505759
              ],
              [
                73.483644208,
                18.936500729
              ],
              [
                73.48364214,
                18.936495694
              ],
              [
                73.483640085,
                18.936490654
              ],
              [
                73.483638042,
                18.93648561
              ],
              [
                73.483636012,
                18.936480561
              ],
              [
                73.483633994,
                18.936475508
              ],
              [
                73.483631988,
                18.93647045
              ],
              [
                73.483629995,
                18.936465388
              ],
              [
                73.483628015,
                18.936460321
              ],
              [
                73.483626047,
                18.93645525
              ],
              [
                73.483624091,
                18.936450174
              ],
              [
                73.483622148,
                18.936445095
              ],
              [
                73.483620218,
                18.93644001
              ],
              [
                73.4836183,
                18.936434922
              ],
              [
                73.483616395,
                18.936429829
              ],
              [
                73.483614503,
                18.936424732
              ],
              [
                73.483612623,
                18.936419631
              ],
              [
                73.483610755,
                18.936414525
              ],
              [
                73.483608901,
                18.936409416
              ],
              [
                73.483607058,
                18.936404302
              ],
              [
                73.483605229,
                18.936399184
              ],
              [
                73.483603412,
                18.936394062
              ],
              [
                73.483601608,
                18.936388936
              ],
              [
                73.483599816,
                18.936383806
              ],
              [
                73.483598038,
                18.936378672
              ],
              [
                73.483596272,
                18.936373534
              ],
              [
                73.483594518,
                18.936368392
              ],
              [
                73.483592777,
                18.936363246
              ],
              [
                73.483591049,
                18.936358097
              ],
              [
                73.483589334,
                18.936352943
              ],
              [
                73.483587632,
                18.936347786
              ],
              [
                73.483585942,
                18.936342624
              ],
              [
                73.483584265,
                18.936337459
              ],
              [
                73.483582601,
                18.936332291
              ],
              [
                73.483580949,
                18.936327118
              ],
              [
                73.483579311,
                18.936321942
              ],
              [
                73.483577685,
                18.936316763
              ],
              [
                73.483576072,
                18.936311579
              ],
              [
                73.483574471,
                18.936306392
              ],
              [
                73.483572884,
                18.936301202
              ],
              [
                73.483571309,
                18.936296008
              ],
              [
                73.483569748,
                18.93629081
              ],
              [
                73.483568199,
                18.936285609
              ],
              [
                73.483566663,
                18.936280405
              ],
              [
                73.483565139,
                18.936275197
              ],
              [
                73.483563629,
                18.936269985
              ],
              [
                73.483562132,
                18.936264771
              ],
              [
                73.483560647,
                18.936259553
              ],
              [
                73.483559175,
                18.936254331
              ],
              [
                73.483557717,
                18.936249107
              ],
              [
                73.483556271,
                18.936243879
              ],
              [
                73.483554838,
                18.936238648
              ],
              [
                73.483553418,
                18.936233413
              ],
              [
                73.483552011,
                18.936228176
              ],
              [
                73.483550617,
                18.936222936
              ],
              [
                73.483549236,
                18.936217692
              ],
              [
                73.483547867,
                18.936212445
              ],
              [
                73.483546512,
                18.936207195
              ],
              [
                73.48354517,
                18.936201942
              ],
              [
                73.483543841,
                18.936196687
              ],
              [
                73.483542525,
                18.936191428
              ],
              [
                73.483541221,
                18.936186166
              ],
              [
                73.483539931,
                18.936180902
              ],
              [
                73.483538654,
                18.936175634
              ],
              [
                73.48353739,
                18.936170364
              ],
              [
                73.483536138,
                18.936165091
              ],
              [
                73.4835349,
                18.936159815
              ],
              [
                73.483533675,
                18.936154536
              ],
              [
                73.483532463,
                18.936149255
              ],
              [
                73.483531264,
                18.936143971
              ],
              [
                73.483530078,
                18.936138684
              ],
              [
                73.483528905,
                18.936133395
              ],
              [
                73.483527745,
                18.936128103
              ],
              [
                73.483526599,
                18.936122808
              ],
              [
                73.483525465,
                18.936117511
              ],
              [
                73.483524344,
                18.936112211
              ],
              [
                73.483523237,
                18.936106909
              ],
              [
                73.483522143,
                18.936101604
              ],
              [
                73.483521061,
                18.936096297
              ],
              [
                73.483519993,
                18.936090988
              ],
              [
                73.483518938,
                18.936085676
              ],
              [
                73.483517896,
                18.936080362
              ],
              [
                73.483516868,
                18.936075046
              ],
              [
                73.483515852,
                18.936069727
              ],
              [
                73.48351485,
                18.936064406
              ],
              [
                73.48351386,
                18.936059082
              ],
              [
                73.483512884,
                18.936053757
              ],
              [
                73.483511921,
                18.936048429
              ],
              [
                73.483510971,
                18.9360431
              ],
              [
                73.483510035,
                18.936037768
              ],
              [
                73.483509111,
                18.936032434
              ],
              [
                73.483508201,
                18.936027098
              ],
              [
                73.483507304,
                18.93602176
              ],
              [
                73.48350642,
                18.93601642
              ],
              [
                73.483505549,
                18.936011078
              ],
              [
                73.483504692,
                18.936005734
              ],
              [
                73.483503847,
                18.936000388
              ],
              [
                73.483503016,
                18.93599504
              ],
              [
                73.483502199,
                18.935989691
              ],
              [
                73.483501394,
                18.935984339
              ],
              [
                73.483500602,
                18.935978986
              ],
              [
                73.483499824,
                18.935973631
              ],
              [
                73.483498822,
                18.935965887
              ],
              [
                73.483497828,
                18.935958141
              ],
              [
                73.483496843,
                18.935950394
              ],
              [
                73.483495868,
                18.935942646
              ],
              [
                73.483494901,
                18.935934898
              ],
              [
                73.483493943,
                18.935927148
              ],
              [
                73.483492994,
                18.935919397
              ],
              [
                73.483492055,
                18.935911645
              ],
              [
                73.483491124,
                18.935903893
              ],
              [
                73.483490202,
                18.935896139
              ],
              [
                73.48348929,
                18.935888384
              ],
              [
                73.483488386,
                18.935880629
              ],
              [
                73.483487491,
                18.935872872
              ],
              [
                73.483486605,
                18.935865114
              ],
              [
                73.483485729,
                18.935857356
              ],
              [
                73.483484861,
                18.935849597
              ],
              [
                73.483484002,
                18.935841836
              ],
              [
                73.483483152,
                18.935834075
              ],
              [
                73.483482312,
                18.935826313
              ],
              [
                73.48348148,
                18.93581855
              ],
              [
                73.483480657,
                18.935810786
              ],
              [
                73.483479843,
                18.935803022
              ],
              [
                73.483479039,
                18.935795256
              ],
              [
                73.483478243,
                18.93578749
              ],
              [
                73.483477456,
                18.935779722
              ],
              [
                73.483476679,
                18.935771954
              ],
              [
                73.48347591,
                18.935764186
              ],
              [
                73.48347515,
                18.935756416
              ],
              [
                73.4834744,
                18.935748646
              ],
              [
                73.483473658,
                18.935740874
              ],
              [
                73.483472926,
                18.935733102
              ],
              [
                73.483472202,
                18.93572533
              ],
              [
                73.483471487,
                18.935717556
              ],
              [
                73.483470782,
                18.935709782
              ],
              [
                73.483470085,
                18.935702007
              ],
              [
                73.483469398,
                18.935694231
              ],
              [
                73.483468719,
                18.935686455
              ],
              [
                73.48346805,
                18.935678678
              ],
              [
                73.48346739,
                18.9356709
              ],
              [
                73.483466738,
                18.935663121
              ],
              [
                73.483466096,
                18.935655342
              ],
              [
                73.483465462,
                18.935647562
              ],
              [
                73.483464838,
                18.935639782
              ],
              [
                73.483464223,
                18.935632
              ],
              [
                73.483463616,
                18.935624219
              ],
              [
                73.483463019,
                18.935616436
              ],
              [
                73.483462431,
                18.935608653
              ],
              [
                73.483461852,
                18.935600869
              ],
              [
                73.483461282,
                18.935593085
              ],
              [
                73.483460721,
                18.9355853
              ],
              [
                73.483460168,
                18.935577515
              ],
              [
                73.483459625,
                18.935569729
              ],
              [
                73.483459091,
                18.935561942
              ],
              [
                73.483458566,
                18.935554155
              ],
              [
                73.48345805,
                18.935546367
              ],
              [
                73.483457543,
                18.935538579
              ],
              [
                73.483457046,
                18.93553079
              ],
              [
                73.483456557,
                18.935523001
              ],
              [
                73.483456077,
                18.935515211
              ],
              [
                73.483455606,
                18.935507421
              ],
              [
                73.483455144,
                18.93549963
              ],
              [
                73.483454692,
                18.935491839
              ],
              [
                73.483454248,
                18.935484047
              ],
              [
                73.483453813,
                18.935476255
              ],
              [
                73.483453388,
                18.935468462
              ],
              [
                73.483452971,
                18.935460669
              ],
              [
                73.483452564,
                18.935452875
              ],
              [
                73.483452165,
                18.935445081
              ],
              [
                73.483451776,
                18.935437287
              ],
              [
                73.483451396,
                18.935429492
              ],
              [
                73.483451024,
                18.935421697
              ],
              [
                73.483450662,
                18.935413901
              ],
              [
                73.483450309,
                18.935406105
              ],
              [
                73.483449965,
                18.935398309
              ],
              [
                73.483449629,
                18.935390512
              ],
              [
                73.483449303,
                18.935382715
              ],
              [
                73.483448986,
                18.935374918
              ],
              [
                73.483448678,
                18.93536712
              ],
              [
                73.483448379,
                18.935359322
              ],
              [
                73.483448089,
                18.935351524
              ],
              [
                73.483447808,
                18.935343725
              ],
              [
                73.483447537,
                18.935335927
              ],
              [
                73.483447274,
                18.935328127
              ],
              [
                73.48344702,
                18.935320328
              ],
              [
                73.483446775,
                18.935312528
              ],
              [
                73.48344654,
                18.935304728
              ],
              [
                73.483446313,
                18.935296928
              ],
              [
                73.483446096,
                18.935289128
              ],
              [
                73.483445887,
                18.935281327
              ],
              [
                73.483445688,
                18.935273526
              ],
              [
                73.483445497,
                18.935265725
              ],
              [
                73.483445316,
                18.935257924
              ],
              [
                73.483445144,
                18.935250122
              ],
              [
                73.483444981,
                18.935242321
              ],
              [
                73.483444826,
                18.935234519
              ],
              [
                73.483444681,
                18.935226717
              ],
              [
                73.483444545,
                18.935218915
              ],
              [
                73.483444418,
                18.935211112
              ],
              [
                73.4834443,
                18.93520331
              ],
              [
                73.483444191,
                18.935195508
              ],
              [
                73.483444091,
                18.935187705
              ],
              [
                73.483444001,
                18.935179902
              ],
              [
                73.483443919,
                18.935172099
              ],
              [
                73.483443846,
                18.935164297
              ],
              [
                73.483443783,
                18.935156494
              ],
              [
                73.483443728,
                18.935148691
              ],
              [
                73.483443682,
                18.935140887
              ],
              [
                73.483443646,
                18.935133084
              ],
              [
                73.483443618,
                18.935125281
              ],
              [
                73.4834436,
                18.935117478
              ],
              [
                73.483443591,
                18.935109675
              ],
              [
                73.48344359,
                18.935101872
              ],
              [
                73.483443599,
                18.935094069
              ],
              [
                73.483443617,
                18.935086265
              ],
              [
                73.483443644,
                18.935078462
              ],
              [
                73.48344368,
                18.935070659
              ],
              [
                73.483443725,
                18.935062856
              ],
              [
                73.483443779,
                18.935055053
              ],
              [
                73.483443842,
                18.93504725
              ],
              [
                73.483443914,
                18.935039447
              ],
              [
                73.483443995,
                18.935031644
              ],
              [
                73.483444086,
                18.935023842
              ],
              [
                73.483444185,
                18.935016039
              ],
              [
                73.483444293,
                18.935008237
              ],
              [
                73.483444411,
                18.935000434
              ],
              [
                73.483444537,
                18.934992632
              ],
              [
                73.483444673,
                18.93498483
              ],
              [
                73.483444817,
                18.934977028
              ],
              [
                73.483444971,
                18.934969226
              ],
              [
                73.483445133,
                18.934961424
              ],
              [
                73.483445305,
                18.934953623
              ],
              [
                73.483445486,
                18.934945822
              ],
              [
                73.483445676,
                18.93493802
              ],
              [
                73.483445875,
                18.93493022
              ],
              [
                73.483446082,
                18.934922419
              ],
              [
                73.483446299,
                18.934914618
              ],
              [
                73.483446525,
                18.934906818
              ],
              [
                73.48344676,
                18.934899018
              ],
              [
                73.483447005,
                18.934891218
              ],
              [
                73.483447258,
                18.934883419
              ],
              [
                73.48344752,
                18.93487562
              ],
              [
                73.483447791,
                18.934867821
              ],
              [
                73.483448071,
                18.934860022
              ],
              [
                73.483448361,
                18.934852224
              ],
              [
                73.483448659,
                18.934844426
              ],
              [
                73.483448967,
                18.934836628
              ],
              [
                73.483449283,
                18.934828831
              ],
              [
                73.483449609,
                18.934821034
              ],
              [
                73.483449943,
                18.934813237
              ],
              [
                73.483450287,
                18.934805441
              ],
              [
                73.48345064,
                18.934797645
              ],
              [
                73.483451001,
                18.934789849
              ],
              [
                73.483451372,
                18.934782054
              ],
              [
                73.483451752,
                18.934774259
              ],
              [
                73.483452141,
                18.934766465
              ],
              [
                73.483452539,
                18.934758671
              ],
              [
                73.483452946,
                18.934750877
              ],
              [
                73.483453361,
                18.934743084
              ],
              [
                73.483453786,
                18.934735291
              ],
              [
                73.483454221,
                18.934727499
              ],
              [
                73.483454664,
                18.934719707
              ],
              [
                73.483455116,
                18.934711916
              ],
              [
                73.483455577,
                18.934704125
              ],
              [
                73.483456047,
                18.934696335
              ],
              [
                73.483456526,
                18.934688545
              ],
              [
                73.483457015,
                18.934680756
              ],
              [
                73.483457512,
                18.934672967
              ],
              [
                73.483458018,
                18.934665179
              ],
              [
                73.483458534,
                18.934657391
              ],
              [
                73.483459058,
                18.934649604
              ],
              [
                73.483459592,
                18.934641817
              ],
              [
                73.483460134,
                18.934634031
              ],
              [
                73.483460686,
                18.934626245
              ],
              [
                73.483461246,
                18.93461846
              ],
              [
                73.483461816,
                18.934610676
              ],
              [
                73.483462394,
                18.934602892
              ],
              [
                73.483462982,
                18.934595109
              ],
              [
                73.483463579,
                18.934587327
              ],
              [
                73.483464184,
                18.934579545
              ],
              [
                73.483464799,
                18.934571764
              ],
              [
                73.483339492,
                18.934591691
              ],
              [
                73.483338912,
                18.934599448
              ],
              [
                73.483338341,
                18.934607206
              ],
              [
                73.483337779,
                18.934614964
              ],
              [
                73.483337225,
                18.934622723
              ],
              [
                73.483336681,
                18.934630482
              ],
              [
                73.483336145,
                18.934638242
              ],
              [
                73.483335618,
                18.934646003
              ],
              [
                73.4833351,
                18.934653764
              ],
              [
                73.48333459,
                18.934661525
              ],
              [
                73.48333409,
                18.934669287
              ],
              [
                73.483333598,
                18.93467705
              ],
              [
                73.483333115,
                18.934684813
              ],
              [
                73.483332641,
                18.934692577
              ],
              [
                73.483332176,
                18.934700341
              ],
              [
                73.483331719,
                18.934708105
              ],
              [
                73.483331272,
                18.93471587
              ],
              [
                73.483330833,
                18.934723636
              ],
              [
                73.483330403,
                18.934731402
              ],
              [
                73.483329982,
                18.934739168
              ],
              [
                73.48332957,
                18.934746935
              ],
              [
                73.483329166,
                18.934754702
              ],
              [
                73.483328772,
                18.93476247
              ],
              [
                73.483328386,
                18.934770238
              ],
              [
                73.483328009,
                18.934778006
              ],
              [
                73.483327641,
                18.934785775
              ],
              [
                73.483327282,
                18.934793544
              ],
              [
                73.483326931,
                18.934801314
              ],
              [
                73.48332659,
                18.934809083
              ],
              [
                73.483326257,
                18.934816854
              ],
              [
                73.483325933,
                18.934824624
              ],
              [
                73.483325618,
                18.934832395
              ],
              [
                73.483325312,
                18.934840166
              ],
              [
                73.483325014,
                18.934847938
              ],
              [
                73.483324726,
                18.93485571
              ],
              [
                73.483324446,
                18.934863482
              ],
              [
                73.483324175,
                18.934871254
              ],
              [
                73.483323913,
                18.934879027
              ],
              [
                73.48332366,
                18.9348868
              ],
              [
                73.483323416,
                18.934894573
              ],
              [
                73.48332318,
                18.934902346
              ],
              [
                73.483322953,
                18.93491012
              ],
              [
                73.483322736,
                18.934917894
              ],
              [
                73.483322527,
                18.934925668
              ],
              [
                73.483322327,
                18.934933443
              ],
              [
                73.483322135,
                18.934941217
              ],
              [
                73.483321953,
                18.934948992
              ],
              [
                73.483321779,
                18.934956767
              ],
              [
                73.483321614,
                18.934964542
              ],
              [
                73.483321458,
                18.934972317
              ],
              [
                73.483321311,
                18.934980093
              ],
              [
                73.483321173,
                18.934987868
              ],
              [
                73.483321044,
                18.934995644
              ],
              [
                73.483320923,
                18.93500342
              ],
              [
                73.483320811,
                18.935011196
              ],
              [
                73.483320709,
                18.935018972
              ],
              [
                73.483320615,
                18.935026748
              ],
              [
                73.483320529,
                18.935034524
              ],
              [
                73.483320453,
                18.9350423
              ],
              [
                73.483320386,
                18.935050077
              ],
              [
                73.483320327,
                18.935057853
              ],
              [
                73.483320277,
                18.93506563
              ],
              [
                73.483320236,
                18.935073406
              ],
              [
                73.483320204,
                18.935081183
              ],
              [
                73.483320181,
                18.93508896
              ],
              [
                73.483320166,
                18.935096736
              ],
              [
                73.483320161,
                18.935104513
              ],
              [
                73.483320164,
                18.93511229
              ],
              [
                73.483320176,
                18.935120066
              ],
              [
                73.483320197,
                18.935127843
              ],
              [
                73.483320227,
                18.93513562
              ],
              [
                73.483320265,
                18.935143396
              ],
              [
                73.483320313,
                18.935151173
              ],
              [
                73.483320369,
                18.935158949
              ],
              [
                73.483320434,
                18.935166726
              ],
              [
                73.483320508,
                18.935174502
              ],
              [
                73.483320591,
                18.935182278
              ],
              [
                73.483320683,
                18.935190054
              ],
              [
                73.483320784,
                18.935197831
              ],
              [
                73.483320893,
                18.935205607
              ],
              [
                73.483321011,
                18.935213382
              ],
              [
                73.483321138,
                18.935221158
              ],
              [
                73.483321274,
                18.935228934
              ],
              [
                73.483321419,
                18.935236709
              ],
              [
                73.483321573,
                18.935244484
              ],
              [
                73.483321735,
                18.93525226
              ],
              [
                73.483321906,
                18.935260035
              ],
              [
                73.483322086,
                18.935267809
              ],
              [
                73.483322275,
                18.935275584
              ],
              [
                73.483322473,
                18.935283358
              ],
              [
                73.48332268,
                18.935291133
              ],
              [
                73.483322895,
                18.935298907
              ],
              [
                73.48332312,
                18.93530668
              ],
              [
                73.483323353,
                18.935314454
              ],
              [
                73.483323595,
                18.935322227
              ],
              [
                73.483323846,
                18.93533
              ],
              [
                73.483324106,
                18.935337773
              ],
              [
                73.483324374,
                18.935345545
              ],
              [
                73.483324651,
                18.935353317
              ],
              [
                73.483324938,
                18.935361089
              ],
              [
                73.483325233,
                18.935368861
              ],
              [
                73.483325537,
                18.935376632
              ],
              [
                73.483325849,
                18.935384403
              ],
              [
                73.483326171,
                18.935392174
              ],
              [
                73.483326501,
                18.935399944
              ],
              [
                73.483326841,
                18.935407714
              ],
              [
                73.483327189,
                18.935415484
              ],
              [
                73.483327546,
                18.935423253
              ],
              [
                73.483327911,
                18.935431022
              ],
              [
                73.483328286,
                18.93543879
              ],
              [
                73.48332867,
                18.935446559
              ],
              [
                73.483329062,
                18.935454326
              ],
              [
                73.483329463,
                18.935462094
              ],
              [
                73.483329873,
                18.935469861
              ],
              [
                73.483330292,
                18.935477627
              ],
              [
                73.483330719,
                18.935485393
              ],
              [
                73.483331156,
                18.935493159
              ],
              [
                73.483331601,
                18.935500924
              ],
              [
                73.483332055,
                18.935508688
              ],
              [
                73.483332518,
                18.935516453
              ],
              [
                73.48333299,
                18.935524216
              ],
              [
                73.48333347,
                18.935531979
              ],
              [
                73.48333396,
                18.935539742
              ],
              [
                73.483334458,
                18.935547504
              ],
              [
                73.483334965,
                18.935555266
              ],
              [
                73.483335481,
                18.935563027
              ],
              [
                73.483336006,
                18.935570788
              ],
              [
                73.483336539,
                18.935578548
              ],
              [
                73.483337082,
                18.935586307
              ],
              [
                73.483337633,
                18.935594066
              ],
              [
                73.483338193,
                18.935601825
              ],
              [
                73.483338762,
                18.935609583
              ],
              [
                73.483339339,
                18.93561734
              ],
              [
                73.483339926,
                18.935625097
              ],
              [
                73.483340521,
                18.935632853
              ],
              [
                73.483341125,
                18.935640608
              ],
              [
                73.483341738,
                18.935648363
              ],
              [
                73.48334236,
                18.935656117
              ],
              [
                73.483342991,
                18.93566387
              ],
              [
                73.48334363,
                18.935671623
              ],
              [
                73.483344278,
                18.935679375
              ],
              [
                73.483344935,
                18.935687127
              ],
              [
                73.483345601,
                18.935694878
              ],
              [
                73.483346276,
                18.935702628
              ],
              [
                73.483346959,
                18.935710377
              ],
              [
                73.483347652,
                18.935718126
              ],
              [
                73.483348353,
                18.935725874
              ],
              [
                73.483349063,
                18.935733621
              ],
              [
                73.483349782,
                18.935741368
              ],
              [
                73.483350509,
                18.935749114
              ],
              [
                73.483351245,
                18.935756859
              ],
              [
                73.483351991,
                18.935764603
              ],
              [
                73.483352745,
                18.935772346
              ],
              [
                73.483353507,
                18.935780089
              ],
              [
                73.483354279,
                18.935787831
              ],
              [
                73.483355059,
                18.935795572
              ],
              [
                73.483355849,
                18.935803313
              ],
              [
                73.483356647,
                18.935811052
              ],
              [
                73.483357453,
                18.935818791
              ],
              [
                73.483358269,
                18.935826529
              ],
              [
                73.483359093,
                18.935834266
              ],
              [
                73.483359927,
                18.935842002
              ],
              [
                73.483360769,
                18.935849737
              ],
              [
                73.483361619,
                18.935857471
              ],
              [
                73.483362479,
                18.935865205
              ],
              [
                73.483363347,
                18.935872938
              ],
              [
                73.483364224,
                18.935880669
              ],
              [
                73.48336511,
                18.9358884
              ],
              [
                73.483366005,
                18.93589613
              ],
              [
                73.483366909,
                18.935903859
              ],
              [
                73.483367821,
                18.935911587
              ],
              [
                73.483368742,
                18.935919314
              ],
              [
                73.483369672,
                18.93592704
              ],
              [
                73.483370611,
                18.935934766
              ],
              [
                73.483371558,
                18.93594249
              ],
              [
                73.483372515,
                18.935950213
              ],
              [
                73.48337348,
                18.935957935
              ],
              [
                73.483374454,
                18.935965657
              ],
              [
                73.483375436,
                18.935973377
              ],
              [
                73.483376428,
                18.935981096
              ],
              [
                73.483377428,
                18.935988814
              ],
              [
                73.483378244,
                18.935994443
              ],
              [
                73.483379074,
                18.936000069
              ],
              [
                73.483379917,
                18.936005694
              ],
              [
                73.483380775,
                18.936011316
              ],
              [
                73.483381647,
                18.936016937
              ],
              [
                73.483382532,
                18.936022556
              ],
              [
                73.483383431,
                18.936028173
              ],
              [
                73.483384345,
                18.936033787
              ],
              [
                73.483385272,
                18.9360394
              ],
              [
                73.483386213,
                18.936045011
              ],
              [
                73.483387167,
                18.936050619
              ],
              [
                73.483388136,
                18.936056225
              ],
              [
                73.483389119,
                18.93606183
              ],
              [
                73.483390115,
                18.936067431
              ],
              [
                73.483391125,
                18.936073031
              ],
              [
                73.483392149,
                18.936078629
              ],
              [
                73.483393187,
                18.936084224
              ],
              [
                73.483394239,
                18.936089816
              ],
              [
                73.483395304,
                18.936095407
              ],
              [
                73.483396383,
                18.936100995
              ],
              [
                73.483397477,
                18.93610658
              ],
              [
                73.483398583,
                18.936112163
              ],
              [
                73.483399704,
                18.936117744
              ],
              [
                73.483400839,
                18.936123322
              ],
              [
                73.483401987,
                18.936128898
              ],
              [
                73.483403149,
                18.936134471
              ],
              [
                73.483404325,
                18.936140041
              ],
              [
                73.483405514,
                18.936145609
              ],
              [
                73.483406718,
                18.936151174
              ],
              [
                73.483407935,
                18.936156736
              ],
              [
                73.483409165,
                18.936162295
              ],
              [
                73.48341041,
                18.936167852
              ],
              [
                73.483411668,
                18.936173406
              ],
              [
                73.48341294,
                18.936178957
              ],
              [
                73.483414226,
                18.936184506
              ],
              [
                73.483415525,
                18.936190051
              ],
              [
                73.483416838,
                18.936195593
              ],
              [
                73.483418165,
                18.936201133
              ],
              [
                73.483419506,
                18.93620667
              ],
              [
                73.48342086,
                18.936212203
              ],
              [
                73.483422228,
                18.936217734
              ],
              [
                73.483423609,
                18.936223261
              ],
              [
                73.483425004,
                18.936228785
              ],
              [
                73.483426413,
                18.936234306
              ],
              [
                73.483427835,
                18.936239824
              ],
              [
                73.483429271,
                18.936245339
              ],
              [
                73.483430721,
                18.936250851
              ],
              [
                73.483432184,
                18.936256359
              ],
              [
                73.483433661,
                18.936261864
              ],
              [
                73.483435152,
                18.936267366
              ],
              [
                73.483436656,
                18.936272864
              ],
              [
                73.483438174,
                18.936278359
              ],
              [
                73.483439705,
                18.936283851
              ],
              [
                73.48344125,
                18.936289339
              ],
              [
                73.483442808,
                18.936294824
              ],
              [
                73.48344438,
                18.936300305
              ],
              [
                73.483445965,
                18.936305782
              ],
              [
                73.483447564,
                18.936311256
              ],
              [
                73.483449177,
                18.936316727
              ],
              [
                73.483450803,
                18.936322194
              ],
              [
                73.483452442,
                18.936327657
              ],
              [
                73.483454095,
                18.936333116
              ],
              [
                73.483455762,
                18.936338572
              ],
              [
                73.483457442,
                18.936344024
              ],
              [
                73.483459135,
                18.936349472
              ],
              [
                73.483460842,
                18.936354917
              ],
              [
                73.483462562,
                18.936360358
              ],
              [
                73.483464296,
                18.936365794
              ],
              [
                73.483466043,
                18.936371227
              ],
              [
                73.483467804,
                18.936376656
              ],
              [
                73.483469578,
                18.936382081
              ],
              [
                73.483471365,
                18.936387502
              ],
              [
                73.483473166,
                18.936392919
              ],
              [
                73.48347498,
                18.936398332
              ],
              [
                73.483476808,
                18.936403741
              ],
              [
                73.483478649,
                18.936409146
              ],
              [
                73.483480503,
                18.936414546
              ],
              [
                73.483482371,
                18.936419943
              ],
              [
                73.483484252,
                18.936425335
              ],
              [
                73.483486146,
                18.936430723
              ],
              [
                73.483488054,
                18.936436107
              ],
              [
                73.483489975,
                18.936441487
              ],
              [
                73.483491909,
                18.936446862
              ],
              [
                73.483493856,
                18.936452233
              ],
              [
                73.483495817,
                18.936457599
              ],
              [
                73.483497791,
                18.936462961
              ],
              [
                73.483499778,
                18.936468319
              ],
              [
                73.483501778,
                18.936473672
              ],
              [
                73.483503792,
                18.936479021
              ],
              [
                73.483505819,
                18.936484365
              ],
              [
                73.483507859,
                18.936489705
              ],
              [
                73.483509912,
                18.93649504
              ],
              [
                73.483511979,
                18.93650037
              ],
              [
                73.483514058,
                18.936505696
              ],
              [
                73.483516151,
                18.936511017
              ],
              [
                73.483518257,
                18.936516334
              ],
              [
                73.483520376,
                18.936521645
              ],
              [
                73.483522508,
                18.936526952
              ],
              [
                73.483524653,
                18.936532254
              ],
              [
                73.483526812,
                18.936537552
              ],
              [
                73.483528983,
                18.936542844
              ],
              [
                73.483531168,
                18.936548132
              ],
              [
                73.483533365,
                18.936553415
              ],
              [
                73.483535576,
                18.936558693
              ],
              [
                73.483537799,
                18.936563965
              ],
              [
                73.483540036,
                18.936569233
              ],
              [
                73.483542286,
                18.936574496
              ],
              [
                73.483544548,
                18.936579754
              ],
              [
                73.483546824,
                18.936585007
              ],
              [
                73.483549113,
                18.936590254
              ],
              [
                73.483551414,
                18.936595497
              ],
              [
                73.483553729,
                18.936600734
              ],
              [
                73.483556056,
                18.936605966
              ],
              [
                73.483558397,
                18.936611193
              ],
              [
                73.48356075,
                18.936616415
              ],
              [
                73.483563116,
                18.936621631
              ],
              [
                73.483565495,
                18.936626842
              ],
              [
                73.483567887,
                18.936632048
              ],
              [
                73.483570292,
                18.936637248
              ],
              [
                73.48357271,
                18.936642443
              ],
              [
                73.48357514,
                18.936647633
              ],
              [
                73.483577583,
                18.936652817
              ],
              [
                73.48358004,
                18.936657996
              ],
              [
                73.483582508,
                18.936663169
              ],
              [
                73.48358499,
                18.936668336
              ],
              [
                73.483587485,
                18.936673498
              ],
              [
                73.483589992,
                18.936678655
              ],
              [
                73.483592512,
                18.936683805
              ],
              [
                73.483595044,
                18.93668895
              ],
              [
                73.48359759,
                18.93669409
              ],
              [
                73.483600148,
                18.936699224
              ],
              [
                73.483602718,
                18.936704352
              ],
              [
                73.483605302,
                18.936709474
              ],
              [
                73.483607898,
                18.93671459
              ],
              [
                73.483610506,
                18.936719701
              ],
              [
                73.483613128,
                18.936724806
              ],
              [
                73.483615762,
                18.936729905
              ],
              [
                73.483618408,
                18.936734998
              ],
              [
                73.483621067,
                18.936740085
              ],
              [
                73.483623739,
                18.936745166
              ],
              [
                73.483626423,
                18.936750241
              ],
              [
                73.48362912,
                18.93675531
              ],
              [
                73.483631829,
                18.936760373
              ],
              [
                73.48363455,
                18.93676543
              ],
              [
                73.483637285,
                18.936770481
              ],
              [
                73.483640031,
                18.936775525
              ],
              [
                73.48364279,
                18.936780564
              ],
              [
                73.483645562,
                18.936785596
              ],
              [
                73.483648346,
                18.936790622
              ],
              [
                73.483651142,
                18.936795642
              ],
              [
                73.483653951,
                18.936800656
              ],
              [
                73.483656772,
                18.936805663
              ],
              [
                73.483659606,
                18.936810664
              ],
              [
                73.483662452,
                18.936815659
              ],
              [
                73.48366531,
                18.936820647
              ],
              [
                73.483668181,
                18.936825629
              ],
              [
                73.483671063,
                18.936830604
              ],
              [
                73.483673959,
                18.936835573
              ],
              [
                73.483676866,
                18.936840536
              ],
              [
                73.483679786,
                18.936845492
              ],
              [
                73.483682718,
                18.936850441
              ],
              [
                73.483685662,
                18.936855384
              ],
              [
                73.483688618,
                18.93686032
              ],
              [
                73.483691587,
                18.93686525
              ],
              [
                73.483694567,
                18.936870173
              ],
              [
                73.48369756,
                18.936875089
              ],
              [
                73.483700565,
                18.936879999
              ],
              [
                73.483703582,
                18.936884902
              ],
              [
                73.483706611,
                18.936889798
              ],
              [
                73.483709653,
                18.936894687
              ],
              [
                73.483712706,
                18.936899569
              ],
              [
                73.483715772,
                18.936904445
              ],
              [
                73.483718849,
                18.936909314
              ],
              [
                73.483721938,
                18.936914175
              ],
              [
                73.48372504,
                18.93691903
              ],
              [
                73.483728153,
                18.936923878
              ],
              [
                73.483731279,
                18.936928719
              ],
              [
                73.483734416,
                18.936933553
              ],
              [
                73.483737566,
                18.93693838
              ],
              [
                73.483740727,
                18.9369432
              ],
              [
                73.483744155,
                18.936948536
              ],
              [
                73.48374762,
                18.93695385
              ],
              [
                73.483751121,
                18.936959143
              ],
              [
                73.483754658,
                18.936964414
              ],
              [
                73.483758231,
                18.936969663
              ],
              [
                73.48376184,
                18.936974889
              ],
              [
                73.483765485,
                18.936980093
              ],
              [
                73.483769165,
                18.936985275
              ],
              [
                73.483772881,
                18.936990433
              ],
              [
                73.483776632,
                18.936995568
              ],
              [
                73.483780418,
                18.93700068
              ],
              [
                73.483784239,
                18.937005769
              ],
              [
                73.483788094,
                18.937010833
              ],
              [
                73.483791985,
                18.937015874
              ],
              [
                73.48379591,
                18.93702089
              ],
              [
                73.483799869,
                18.937025882
              ],
              [
                73.483803862,
                18.937030849
              ],
              [
                73.483807889,
                18.937035792
              ],
              [
                73.48381195,
                18.937040709
              ],
              [
                73.483816044,
                18.937045601
              ],
              [
                73.483820172,
                18.937050467
              ],
              [
                73.483824333,
                18.937055308
              ],
              [
                73.483828527,
                18.937060123
              ],
              [
                73.483832754,
                18.937064912
              ],
              [
                73.483837014,
                18.937069674
              ],
              [
                73.483841306,
                18.93707441
              ],
              [
                73.483845631,
                18.937079119
              ],
              [
                73.483849988,
                18.937083802
              ],
              [
                73.483854376,
                18.937088457
              ],
              [
                73.483858797,
                18.937093085
              ],
              [
                73.483863249,
                18.937097685
              ],
              [
                73.483867732,
                18.937102258
              ],
              [
                73.483872247,
                18.937106802
              ],
              [
                73.483876793,
                18.937111319
              ],
              [
                73.483881369,
                18.937115807
              ],
              [
                73.483885977,
                18.937120267
              ],
              [
                73.483890614,
                18.937124699
              ],
              [
                73.483895282,
                18.937129101
              ],
              [
                73.48389998,
                18.937133474
              ],
              [
                73.483904708,
                18.937137818
              ],
              [
                73.483909466,
                18.937142133
              ],
              [
                73.483914253,
                18.937146418
              ],
              [
                73.483919069,
                18.937150674
              ],
              [
                73.483923914,
                18.937154899
              ],
              [
                73.483928788,
                18.937159094
              ],
              [
                73.483933691,
                18.937163259
              ],
              [
                73.483938622,
                18.937167394
              ],
              [
                73.483943581,
                18.937171497
              ],
              [
                73.483948568,
                18.93717557
              ],
              [
                73.483953583,
                18.937179612
              ],
              [
                73.483958626,
                18.937183623
              ],
              [
                73.483963696,
                18.937187603
              ],
              [
                73.483968793,
                18.93719155
              ],
              [
                73.483973917,
                18.937195467
              ],
              [
                73.483979068,
                18.937199351
              ],
              [
                73.483984245,
                18.937203203
              ],
              [
                73.483989449,
                18.937207023
              ],
              [
                73.483994679,
                18.937210811
              ],
              [
                73.483999934,
                18.937214566
              ],
              [
                73.484005215,
                18.937218289
              ],
              [
                73.484010521,
                18.937221979
              ],
              [
                73.484015853,
                18.937225635
              ],
              [
                73.48402121,
                18.937229259
              ],
              [
                73.484026591,
                18.937232849
              ],
              [
                73.484031996,
                18.937236406
              ],
              [
                73.484037426,
                18.93723993
              ],
              [
                73.48404288,
                18.937243419
              ],
              [
                73.484048358,
                18.937246875
              ],
              [
                73.484053859,
                18.937250296
              ],
              [
                73.484059384,
                18.937253684
              ],
              [
                73.484064932,
                18.937257037
              ],
              [
                73.484070502,
                18.937260356
              ],
              [
                73.484076095,
                18.93726364
              ],
              [
                73.484081711,
                18.937266889
              ],
              [
                73.484087348,
                18.937270103
              ],
              [
                73.484093008,
                18.937273283
              ],
              [
                73.484098689,
                18.937276427
              ],
              [
                73.484104392,
                18.937279536
              ],
              [
                73.484110115,
                18.937282609
              ],
              [
                73.48411586,
                18.937285647
              ],
              [
                73.484121625,
                18.937288649
              ],
              [
                73.484127411,
                18.937291616
              ],
              [
                73.484133217,
                18.937294546
              ],
              [
                73.484139043,
                18.937297441
              ],
              [
                73.484144889,
                18.937300299
              ],
              [
                73.484150754,
                18.937303121
              ],
              [
                73.484156638,
                18.937305906
              ],
              [
                73.484162541,
                18.937308655
              ],
              [
                73.484168463,
                18.937311367
              ],
              [
                73.484174404,
                18.937314043
              ],
              [
                73.484180362,
                18.937316681
              ],
              [
                73.484186339,
                18.937319283
              ],
              [
                73.484192333,
                18.937321847
              ],
              [
                73.484198345,
                18.937324375
              ],
              [
                73.484204373,
                18.937326865
              ],
              [
                73.484210419,
                18.937329317
              ],
              [
                73.484216482,
                18.937331732
              ],
              [
                73.48422256,
                18.937334109
              ],
              [
                73.484228655,
                18.937336449
              ],
              [
                73.484234766,
                18.937338751
              ],
              [
                73.484240893,
                18.937341014
              ],
              [
                73.484247035,
                18.93734324
              ],
              [
                73.484253192,
                18.937345428
              ],
              [
                73.484259363,
                18.937347577
              ],
              [
                73.48426555,
                18.937349688
              ],
              [
                73.48427175,
                18.937351761
              ],
              [
                73.484277965,
                18.937353795
              ],
              [
                73.484284194,
                18.93735579
              ],
              [
                73.484290436,
                18.937357747
              ],
              [
                73.484296691,
                18.937359665
              ],
              [
                73.48430296,
                18.937361545
              ],
              [
                73.484309241,
                18.937363385
              ],
              [
                73.484315535,
                18.937365186
              ],
              [
                73.48432184,
                18.937366949
              ],
              [
                73.484328158,
                18.937368672
              ],
              [
                73.484334488,
                18.937370356
              ],
              [
                73.484340828,
                18.937372001
              ],
              [
                73.48434718,
                18.937373606
              ],
              [
                73.484353543,
                18.937375172
              ],
              [
                73.484359917,
                18.937376698
              ],
              [
                73.4843663,
                18.937378185
              ],
              [
                73.484372694,
                18.937379633
              ],
              [
                73.484379098,
                18.93738104
              ],
              [
                73.484385511,
                18.937382408
              ],
              [
                73.484391933,
                18.937383736
              ],
              [
                73.484398364,
                18.937385024
              ],
              [
                73.484404804,
                18.937386273
              ],
              [
                73.484411252,
                18.937387481
              ],
              [
                73.484417709,
                18.937388649
              ],
              [
                73.484424173,
                18.937389777
              ],
              [
                73.484430645,
                18.937390866
              ],
              [
                73.484437124,
                18.937391914
              ],
              [
                73.484443611,
                18.937392921
              ],
              [
                73.484450104,
                18.937393889
              ],
              [
                73.484456603,
                18.937394816
              ],
              [
                73.484463109,
                18.937395703
              ],
              [
                73.484469621,
                18.93739655
              ],
              [
                73.484476138,
                18.937397356
              ],
              [
                73.484482661,
                18.937398122
              ],
              [
                73.484489188,
                18.937398847
              ],
              [
                73.484495721,
                18.937399532
              ],
              [
                73.484502258,
                18.937400176
              ],
              [
                73.4845088,
                18.93740078
              ],
              [
                73.484515345,
                18.937401343
              ],
              [
                73.484521894,
                18.937401865
              ],
              [
                73.484528447,
                18.937402347
              ],
              [
                73.484535003,
                18.937402789
              ],
              [
                73.484541562,
                18.937403189
              ],
              [
                73.484548123,
                18.937403549
              ],
              [
                73.484554686,
                18.937403868
              ],
              [
                73.484561252,
                18.937404147
              ],
              [
                73.484567819,
                18.937404385
              ],
              [
                73.484574388,
                18.937404582
              ],
              [
                73.484580958,
                18.937404738
              ],
              [
                73.484587529,
                18.937404854
              ],
              [
                73.484594101,
                18.937404929
              ],
              [
                73.484600673,
                18.937404963
              ],
              [
                73.484607245,
                18.937404956
              ],
              [
                73.484613817,
                18.937404909
              ],
              [
                73.484620389,
                18.937404821
              ],
              [
                73.48462696,
                18.937404692
              ],
              [
                73.484633529,
                18.937404522
              ],
              [
                73.484640098,
                18.937404312
              ],
              [
                73.484646665,
                18.937404061
              ],
              [
                73.48465323,
                18.937403769
              ],
              [
                73.484659793,
                18.937403436
              ],
              [
                73.484666353,
                18.937403063
              ],
              [
                73.484672911,
                18.937402649
              ],
              [
                73.484679466,
                18.937402194
              ],
              [
                73.484686017,
                18.937401699
              ],
              [
                73.484692565,
                18.937401163
              ],
              [
                73.484699109,
                18.937400587
              ],
              [
                73.484705649,
                18.93739997
              ],
              [
                73.484712185,
                18.937399313
              ],
              [
                73.484718716,
                18.937398615
              ],
              [
                73.484725243,
                18.937397876
              ],
              [
                73.484731763,
                18.937397097
              ],
              [
                73.484738279,
                18.937396278
              ],
              [
                73.484744789,
                18.937395418
              ],
              [
                73.484751293,
                18.937394518
              ],
              [
                73.48549079,
                18.937130513
              ],
              [
                73.48549221,
                18.937129962
              ],
              [
                73.485493635,
                18.937129425
              ],
              [
                73.485495066,
                18.937128901
              ],
              [
                73.485496502,
                18.937128389
              ],
              [
                73.485497943,
                18.937127891
              ],
              [
                73.485499389,
                18.937127405
              ],
              [
                73.48550084,
                18.937126933
              ],
              [
                73.485502295,
                18.937126473
              ],
              [
                73.485503755,
                18.937126027
              ],
              [
                73.485505219,
                18.937125594
              ],
              [
                73.485506688,
                18.937125174
              ],
              [
                73.48550816,
                18.937124767
              ],
              [
                73.485509637,
                18.937124374
              ],
              [
                73.485511117,
                18.937123994
              ],
              [
                73.485512601,
                18.937123627
              ],
              [
                73.485514089,
                18.937123274
              ],
              [
                73.48551558,
                18.937122934
              ],
              [
                73.485517074,
                18.937122607
              ],
              [
                73.485518572,
                18.937122294
              ],
              [
                73.485520073,
                18.937121995
              ],
              [
                73.485521576,
                18.937121709
              ],
              [
                73.485523083,
                18.937121437
              ],
              [
                73.485524592,
                18.937121178
              ],
              [
                73.485526103,
                18.937120933
              ],
              [
                73.485527617,
                18.937120701
              ],
              [
                73.485529133,
                18.937120483
              ],
              [
                73.485530651,
                18.937120279
              ],
              [
                73.485532171,
                18.937120089
              ],
              [
                73.485533693,
                18.937119912
              ],
              [
                73.485535217,
                18.937119749
              ],
              [
                73.485536742,
                18.937119599
              ],
              [
                73.485538269,
                18.937119464
              ],
              [
                73.485539797,
                18.937119342
              ],
              [
                73.485541326,
                18.937119234
              ],
              [
                73.485542856,
                18.937119139
              ],
              [
                73.485544387,
                18.937119059
              ],
              [
                73.485545919,
                18.937118992
              ],
              [
                73.485547451,
                18.937118939
              ],
              [
                73.485548984,
                18.9371189
              ],
              [
                73.485550517,
                18.937118875
              ],
              [
                73.48555205,
                18.937118863
              ],
              [
                73.485553583,
                18.937118866
              ],
              [
                73.485555117,
                18.937118882
              ],
              [
                73.48555665,
                18.937118912
              ],
              [
                73.485558182,
                18.937118955
              ],
              [
                73.485559714,
                18.937119013
              ],
              [
                73.485561246,
                18.937119084
              ],
              [
                73.485562776,
                18.937119169
              ],
              [
                73.485564306,
                18.937119268
              ],
              [
                73.485565835,
                18.937119381
              ],
              [
                73.485567362,
                18.937119508
              ],
              [
                73.485568889,
                18.937119648
              ],
              [
                73.485570413,
                18.937119802
              ],
              [
                73.485571936,
                18.93711997
              ],
              [
                73.485573458,
                18.937120151
              ],
              [
                73.485574977,
                18.937120346
              ],
              [
                73.485576495,
                18.937120555
              ],
              [
                73.48557801,
                18.937120777
              ],
              [
                73.485579523,
                18.937121014
              ],
              [
                73.485581034,
                18.937121263
              ],
              [
                73.485582542,
                18.937121527
              ],
              [
                73.485584048,
                18.937121804
              ],
              [
                73.48558555,
                18.937122094
              ],
              [
                73.48558705,
                18.937122398
              ],
              [
                73.485588546,
                18.937122715
              ],
              [
                73.48559004,
                18.937123046
              ],
              [
                73.48559153,
                18.937123391
              ],
              [
                73.485593016,
                18.937123749
              ],
              [
                73.485594499,
                18.93712412
              ],
              [
                73.485595978,
                18.937124504
              ],
              [
                73.485597453,
                18.937124902
              ],
              [
                73.485598925,
                18.937125313
              ],
              [
                73.485600392,
                18.937125738
              ],
              [
                73.485601854,
                18.937126175
              ],
              [
                73.485603313,
                18.937126626
              ],
              [
                73.485604766,
                18.93712709
              ],
              [
                73.485606215,
                18.937127567
              ],
              [
                73.48560766,
                18.937128057
              ],
              [
                73.485609099,
                18.937128559
              ],
              [
                73.485610533,
                18.937129075
              ],
              [
                73.485611962,
                18.937129604
              ],
              [
                73.485613386,
                18.937130146
              ],
              [
                73.485614804,
                18.9371307
              ],
              [
                73.485616217,
                18.937131267
              ],
              [
                73.485617624,
                18.937131847
              ],
              [
                73.485619025,
                18.93713244
              ],
              [
                73.485620421,
                18.937133045
              ],
              [
                73.48562181,
                18.937133662
              ],
              [
                73.485623193,
                18.937134293
              ],
              [
                73.485624569,
                18.937134935
              ],
              [
                73.485625939,
                18.93713559
              ],
              [
                73.485627303,
                18.937136257
              ],
              [
                73.48562866,
                18.937136937
              ],
              [
                73.48563001,
                18.937137629
              ],
              [
                73.485631353,
                18.937138332
              ],
              [
                73.485632689,
                18.937139048
              ],
              [
                73.485634018,
                18.937139776
              ],
              [
                73.485635339,
                18.937140516
              ],
              [
                73.485636653,
                18.937141268
              ],
              [
                73.48563796,
                18.937142031
              ],
              [
                73.485639259,
                18.937142807
              ],
              [
                73.48564055,
                18.937143594
              ],
              [
                73.485641833,
                18.937144392
              ],
              [
                73.485643109,
                18.937145202
              ],
              [
                73.485644376,
                18.937146024
              ],
              [
                73.485645635,
                18.937146857
              ],
              [
                73.485646885,
                18.937147701
              ],
              [
                73.485648127,
                18.937148556
              ],
              [
                73.485649361,
                18.937149423
              ],
              [
                73.485650586,
                18.937150301
              ],
              [
                73.485651802,
                18.937151189
              ],
              [
                73.485653009,
                18.937152089
              ],
              [
                73.485654207,
                18.937152999
              ],
              [
                73.485655396,
                18.93715392
              ],
              [
                73.485656576,
                18.937154852
              ],
              [
                73.485657747,
                18.937155795
              ],
              [
                73.485658908,
                18.937156748
              ],
              [
                73.485660059,
                18.937157711
              ],
              [
                73.485661201,
                18.937158685
              ],
              [
                73.485662334,
                18.937159669
              ],
              [
                73.485663456,
                18.937160663
              ],
              [
                73.485664568,
                18.937161667
              ],
              [
                73.485665671,
                18.937162681
              ],
              [
                73.485666763,
                18.937163705
              ],
              [
                73.485667845,
                18.937164739
              ],
              [
                73.485668917,
                18.937165782
              ],
              [
                73.485669978,
                18.937166835
              ],
              [
                73.485671028,
                18.937167898
              ],
              [
                73.485672069,
                18.93716897
              ],
              [
                73.485673098,
                18.937170052
              ],
              [
                73.485674116,
                18.937171142
              ],
              [
                73.485675124,
                18.937172242
              ],
              [
                73.485676121,
                18.937173351
              ],
              [
                73.485677106,
                18.937174468
              ],
              [
                73.485678081,
                18.937175595
              ],
              [
                73.485679044,
                18.93717673
              ],
              [
                73.485679996,
                18.937177874
              ],
              [
                73.485680936,
                18.937179026
              ],
              [
                73.485681865,
                18.937180187
              ],
              [
                73.485682783,
                18.937181356
              ],
              [
                73.485683688,
                18.937182534
              ],
              [
                73.485684582,
                18.937183719
              ],
              [
                73.485685464,
                18.937184912
              ],
              [
                73.485686334,
                18.937186114
              ],
              [
                73.485687193,
                18.937187323
              ],
              [
                73.485688039,
                18.93718854
              ],
              [
                73.485688873,
                18.937189764
              ],
              [
                73.485689694,
                18.937190996
              ],
              [
                73.485690504,
                18.937192235
              ],
              [
                73.485691301,
                18.937193482
              ],
              [
                73.485692085,
                18.937194735
              ],
              [
                73.485692858,
                18.937195996
              ],
              [
                73.485693617,
                18.937197263
              ],
              [
                73.485694364,
                18.937198537
              ],
              [
                73.485695098,
                18.937199818
              ],
              [
                73.48569582,
                18.937201106
              ],
              [
                73.485696528,
                18.9372024
              ],
              [
                73.485697224,
                18.9372037
              ],
              [
                73.485697906,
                18.937205006
              ],
              [
                73.485698576,
                18.937206319
              ],
              [
                73.485699233,
                18.937207637
              ],
              [
                73.485699876,
                18.937208962
              ],
              [
                73.485700506,
                18.937210292
              ],
              [
                73.485701123,
                18.937211628
              ],
              [
                73.485701727,
                18.937212969
              ],
              [
                73.485702317,
                18.937214316
              ],
              [
                73.485702894,
                18.937215667
              ],
              [
                73.485703457,
                18.937217024
              ],
              [
                73.485704007,
                18.937218386
              ],
              [
                73.485704544,
                18.937219753
              ],
              [
                73.485705066,
                18.937221125
              ],
              [
                73.485705575,
                18.937222501
              ],
              [
                73.48570607,
                18.937223882
              ],
              [
                73.485706552,
                18.937225267
              ],
              [
                73.48570702,
                18.937226657
              ],
              [
                73.485707473,
                18.937228051
              ],
              [
                73.485707913,
                18.937229448
              ],
              [
                73.485708339,
                18.93723085
              ],
              [
                73.485708751,
                18.937232255
              ],
              [
                73.485709149,
                18.937233664
              ],
              [
                73.485709854,
                18.937236777
              ],
              [
                73.485710552,
                18.93723989
              ],
              [
                73.485711241,
                18.937243006
              ],
              [
                73.485711922,
                18.937246123
              ],
              [
                73.485712595,
                18.937249242
              ],
              [
                73.48571326,
                18.937252362
              ],
              [
                73.485713917,
                18.937255483
              ],
              [
                73.485714567,
                18.937258607
              ],
              [
                73.485715208,
                18.937261731
              ],
              [
                73.485715841,
                18.937264858
              ],
              [
                73.485716467,
                18.937267985
              ],
              [
                73.485717084,
                18.937271114
              ],
              [
                73.485717693,
                18.937274245
              ],
              [
                73.485718294,
                18.937277377
              ],
              [
                73.485718888,
                18.93728051
              ],
              [
                73.485719473,
                18.937283645
              ],
              [
                73.48572005,
                18.937286781
              ],
              [
                73.48572062,
                18.937289918
              ],
              [
                73.485721181,
                18.937293057
              ],
              [
                73.485721734,
                18.937296196
              ],
              [
                73.485722279,
                18.937299338
              ],
              [
                73.485722816,
                18.93730248
              ],
              [
                73.485723345,
                18.937305624
              ],
              [
                73.485723866,
                18.937308769
              ],
              [
                73.48572438,
                18.937311915
              ],
              [
                73.485724885,
                18.937315062
              ],
              [
                73.485725381,
                18.93731821
              ],
              [
                73.48572587,
                18.93732136
              ],
              [
                73.485726351,
                18.937324511
              ],
              [
                73.485726824,
                18.937327662
              ],
              [
                73.485727289,
                18.937330815
              ],
              [
                73.485727745,
                18.937333969
              ],
              [
                73.485728194,
                18.937337124
              ],
              [
                73.485728635,
                18.93734028
              ],
              [
                73.485729067,
                18.937343437
              ],
              [
                73.485729492,
                18.937346595
              ],
              [
                73.485729908,
                18.937349754
              ],
              [
                73.485730316,
                18.937352914
              ],
              [
                73.485730716,
                18.937356075
              ],
              [
                73.485731108,
                18.937359237
              ],
              [
                73.485731493,
                18.9373624
              ],
              [
                73.485731868,
                18.937365563
              ],
              [
                73.485732236,
                18.937368728
              ],
              [
                73.485732596,
                18.937371893
              ],
              [
                73.485732948,
                18.937375059
              ],
              [
                73.485733291,
                18.937378226
              ],
              [
                73.485733627,
                18.937381394
              ],
              [
                73.485733954,
                18.937384562
              ],
              [
                73.485734274,
                18.937387731
              ],
              [
                73.485734585,
                18.937390901
              ],
              [
                73.485734888,
                18.937394072
              ],
              [
                73.485735183,
                18.937397243
              ],
              [
                73.48573547,
                18.937400415
              ],
              [
                73.485735749,
                18.937403588
              ],
              [
                73.485736019,
                18.937406761
              ],
              [
                73.485736282,
                18.937409935
              ],
              [
                73.485736536,
                18.93741311
              ],
              [
                73.485736783,
                18.937416285
              ],
              [
                73.485737021,
                18.93741946
              ],
              [
                73.485737251,
                18.937422636
              ],
              [
                73.485737473,
                18.937425813
              ],
              [
                73.485737687,
                18.93742899
              ],
              [
                73.485737892,
                18.937432168
              ],
              [
                73.48573809,
                18.937435346
              ],
              [
                73.48573828,
                18.937438525
              ],
              [
                73.485738461,
                18.937441704
              ],
              [
                73.485738634,
                18.937444883
              ],
              [
                73.485738799,
                18.937448063
              ],
              [
                73.485738956,
                18.937451244
              ],
              [
                73.485739105,
                18.937454424
              ],
              [
                73.485739246,
                18.937457605
              ],
              [
                73.485739378,
                18.937460786
              ],
              [
                73.485739503,
                18.937463968
              ],
              [
                73.485739619,
                18.93746715
              ],
              [
                73.485739727,
                18.937470332
              ],
              [
                73.485739828,
                18.937473514
              ],
              [
                73.485739919,
                18.937476697
              ],
              [
                73.485740003,
                18.937479879
              ],
              [
                73.485740079,
                18.937483062
              ],
              [
                73.485740147,
                18.937486245
              ],
              [
                73.485740206,
                18.937489429
              ],
              [
                73.485740257,
                18.937492612
              ],
              [
                73.4857403,
                18.937495795
              ],
              [
                73.485740335,
                18.937498979
              ],
              [
                73.485740362,
                18.937502163
              ],
              [
                73.485740381,
                18.937505346
              ],
              [
                73.485740391,
                18.93750853
              ],
              [
                73.485740394,
                18.937511714
              ],
              [
                73.485740388,
                18.937514897
              ],
              [
                73.485740374,
                18.937518081
              ],
              [
                73.485740352,
                18.937521265
              ],
              [
                73.485740322,
                18.937524448
              ],
              [
                73.485740284,
                18.937527632
              ],
              [
                73.485740238,
                18.937530815
              ],
              [
                73.485740183,
                18.937533999
              ],
              [
                73.485740121,
                18.937537182
              ],
              [
                73.48574005,
                18.937540365
              ],
              [
                73.485739971,
                18.937543548
              ],
              [
                73.485739884,
                18.93754673
              ],
              [
                73.485739789,
                18.937549913
              ],
              [
                73.485739685,
                18.937553095
              ],
              [
                73.485739574,
                18.937556277
              ],
              [
                73.485739454,
                18.937559459
              ],
              [
                73.485739327,
                18.93756264
              ],
              [
                73.485739191,
                18.937565821
              ],
              [
                73.485739047,
                18.937569002
              ],
              [
                73.485738895,
                18.937572182
              ],
              [
                73.485738734,
                18.937575363
              ],
              [
                73.485738566,
                18.937578542
              ],
              [
                73.48573839,
                18.937581722
              ],
              [
                73.485738205,
                18.9375849
              ],
              [
                73.485738012,
                18.937588079
              ],
              [
                73.485737811,
                18.937591257
              ],
              [
                73.485737602,
                18.937594434
              ],
              [
                73.485737385,
                18.937597611
              ],
              [
                73.48573716,
                18.937600788
              ],
              [
                73.485736927,
                18.937603964
              ],
              [
                73.485736685,
                18.937607139
              ],
              [
                73.485736436,
                18.937610314
              ],
              [
                73.485736178,
                18.937613488
              ],
              [
                73.485735912,
                18.937616662
              ],
              [
                73.485735638,
                18.937619835
              ],
              [
                73.485735356,
                18.937623008
              ],
              [
                73.485735066,
                18.937626179
              ],
              [
                73.485734768,
                18.93762935
              ],
              [
                73.485734462,
                18.937632521
              ],
              [
                73.485734147,
                18.93763569
              ],
              [
                73.485733825,
                18.937638859
              ],
              [
                73.485733494,
                18.937642027
              ],
              [
                73.485733155,
                18.937645195
              ],
              [
                73.485732809,
                18.937648361
              ],
              [
                73.485732454,
                18.937651527
              ],
              [
                73.485732091,
                18.937654692
              ],
              [
                73.48573172,
                18.937657856
              ],
              [
                73.48573134,
                18.937661019
              ],
              [
                73.485730953,
                18.937664182
              ],
              [
                73.485730558,
                18.937667343
              ],
              [
                73.485730154,
                18.937670504
              ],
              [
                73.485729743,
                18.937673663
              ],
              [
                73.485729323,
                18.937676822
              ],
              [
                73.485728896,
                18.93767998
              ],
              [
                73.48572846,
                18.937683136
              ],
              [
                73.485728016,
                18.937686292
              ],
              [
                73.485727564,
                18.937689446
              ],
              [
                73.485727104,
                18.9376926
              ],
              [
                73.485726636,
                18.937695752
              ],
              [
                73.48572616,
                18.937698904
              ],
              [
                73.485725676,
                18.937702054
              ],
              [
                73.485725184,
                18.937705203
              ],
              [
                73.485724684,
                18.937708351
              ],
              [
                73.485724176,
                18.937711498
              ],
              [
                73.48572366,
                18.937714643
              ],
              [
                73.485723135,
                18.937717788
              ],
              [
                73.485722603,
                18.937720931
              ],
              [
                73.485722063,
                18.937724073
              ],
              [
                73.485721514,
                18.937727214
              ],
              [
                73.485720958,
                18.937730353
              ],
              [
                73.485720393,
                18.937733491
              ],
              [
                73.485719821,
                18.937736628
              ],
              [
                73.485719241,
                18.937739763
              ],
              [
                73.485718652,
                18.937742897
              ],
              [
                73.485718056,
                18.93774603
              ],
              [
                73.485717451,
                18.937749161
              ],
              [
                73.485716839,
                18.937752291
              ],
              [
                73.485716218,
                18.93775542
              ],
              [
                73.48571559,
                18.937758547
              ],
              [
                73.485714953,
                18.937761673
              ],
              [
                73.485714309,
                18.937764797
              ],
              [
                73.485713656,
                18.937767919
              ],
              [
                73.485712996,
                18.93777104
              ],
              [
                73.485712327,
                18.93777416
              ],
              [
                73.485711651,
                18.937777278
              ],
              [
                73.485710967,
                18.937780394
              ],
              [
                73.485710274,
                18.937783509
              ],
              [
                73.485709574,
                18.937786622
              ],
              [
                73.485708866,
                18.937789734
              ],
              [
                73.48570815,
                18.937792844
              ],
              [
                73.485707426,
                18.937795952
              ],
              [
                73.485706694,
                18.937799059
              ],
              [
                73.485705954,
                18.937802164
              ],
              [
                73.47172335,
                18.938349893
              ],
              [
                73.467172322,
                18.938527938
              ],
              [
                73.467083077,
                18.938391748
              ],
              [
                73.466510861,
                18.938405236
              ],
              [
                73.466238428,
                18.93827058
              ],
              [
                73.464684746,
                18.93833133
              ],
              [
                73.464673162,
                18.938148673
              ],
              [
                73.460738645,
                18.938302456
              ],
              [
                73.460723302,
                18.938118874
              ],
              [
                73.460659236,
                18.937352314
              ],
              [
                73.460716523,
                18.93704761
              ],
              [
                73.460737243,
                18.936805717
              ],
              [
                73.460736915,
                18.936681801
              ],
              [
                73.460670453,
                18.93668196
              ],
              [
                73.460670775,
                18.936803223
              ],
              [
                73.460650539,
                18.937039454
              ],
              [
                73.460592304,
                18.937349201
              ],
              [
                73.460657384,
                18.938127892
              ],
              [
                73.460671841,
                18.938300871
              ],
              [
                73.460311813,
                18.93817517
              ],
              [
                73.460161485,
                18.938122684
              ],
              [
                73.458016879,
                18.938206465
              ],
              [
                73.457513366,
                18.938226132
              ],
              [
                73.457580387,
                18.938163363
              ],
              [
                73.457657261,
                18.938061694
              ],
              [
                73.457709007,
                18.937998213
              ],
              [
                73.457795564,
                18.937926879
              ],
              [
                73.457867854,
                18.937836823
              ],
              [
                73.457924211,
                18.937790168
              ],
              [
                73.457947606,
                18.937783313
              ],
              [
                73.458006847,
                18.93777724
              ],
              [
                73.458262666,
                18.937684284
              ],
              [
                73.45845587,
                18.936697267
              ],
              [
                73.458390533,
                18.936685686
              ],
              [
                73.45820415,
                18.937637849
              ],
              [
                73.457991174,
                18.937715237
              ],
              [
                73.457934145,
                18.937721084
              ],
              [
                73.457891205,
                18.937733665
              ],
              [
                73.457819137,
                18.937793326
              ],
              [
                73.457746892,
                18.937883325
              ],
              [
                73.457660523,
                18.937954505
              ],
              [
                73.457604011,
                18.938023832
              ],
              [
                73.457529739,
                18.938122061
              ],
              [
                73.457414494,
                18.938229994
              ],
              [
                73.455719127,
                18.938296202
              ],
              [
                73.455829311,
                18.938208584
              ],
              [
                73.455987329,
                18.938165701
              ],
              [
                73.456070262,
                18.938138867
              ],
              [
                73.456215595,
                18.938042551
              ],
              [
                73.456374963,
                18.937978503
              ],
              [
                73.456575003,
                18.93790046
              ],
              [
                73.456647893,
                18.937864429
              ],
              [
                73.456815005,
                18.937679748
              ],
              [
                73.456920514,
                18.937457168
              ],
              [
                73.456982729,
                18.937162575
              ],
              [
                73.45701382,
                18.936699548
              ],
              [
                73.456947348,
                18.936697677
              ],
              [
                73.456916688,
                18.937154291
              ]
            ],
            [
              [
                73.448267347,
                18.941909555
              ],
              [
                73.448766457,
                18.941316158
              ],
              [
                73.447522947,
                18.940214869
              ],
              [
                73.448768939,
                18.941318356
              ],
              [
                73.448267347,
                18.941909555
              ]
            ],
            [
              [
                73.4858334900197,
                18.937796601550883
              ],
              [
                73.485833476,
                18.93779667
              ],
              [
                73.485833458,
                18.937796753
              ],
              [
                73.48583344,
                18.937796836
              ],
              [
                73.48583343532401,
                18.937796857561462
              ],
              [
                73.4858334900197,
                18.937796601550883
              ]
            ],
            [
              [
                73.485833955,
                18.937794428
              ],
              [
                73.485833937,
                18.937794511
              ],
              [
                73.48583392,
                18.937794594
              ],
              [
                73.485833902,
                18.937794677
              ],
              [
                73.485833884,
                18.937794761
              ],
              [
                73.485833867,
                18.937794844
              ],
              [
                73.485833849,
                18.937794927
              ],
              [
                73.485833831,
                18.93779501
              ],
              [
                73.485833813,
                18.937795093
              ],
              [
                73.485833796,
                18.937795176
              ],
              [
                73.485833778,
                18.937795259
              ],
              [
                73.48583376,
                18.937795342
              ],
              [
                73.485833742,
                18.937795425
              ],
              [
                73.485833725,
                18.937795508
              ],
              [
                73.485833707,
                18.937795591
              ],
              [
                73.485833689,
                18.937795674
              ],
              [
                73.485833671,
                18.937795757
              ],
              [
                73.485833654,
                18.93779584
              ],
              [
                73.485833636,
                18.937795923
              ],
              [
                73.485833618,
                18.937796006
              ],
              [
                73.4858336,
                18.937796089
              ],
              [
                73.485833583,
                18.937796172
              ],
              [
                73.485833565,
                18.937796255
              ],
              [
                73.485833547,
                18.937796338
              ],
              [
                73.485833529,
                18.937796421
              ],
              [
                73.485833511,
                18.937796504
              ],
              [
                73.48583350164708,
                18.937796547127334
              ],
              [
                73.4858340417533,
                18.937794019086866
              ],
              [
                73.485834026,
                18.937794096
              ],
              [
                73.485834008,
                18.937794179
              ],
              [
                73.48583399,
                18.937794262
              ],
              [
                73.485833973,
                18.937794345
              ],
              [
                73.485833955,
                18.937794428
              ]
            ],
            [
              [
                73.485834676,
                18.937791024
              ],
              [
                73.485834658,
                18.937791107
              ],
              [
                73.485834641,
                18.93779119
              ],
              [
                73.485834623,
                18.937791273
              ],
              [
                73.485834606,
                18.937791356
              ],
              [
                73.485834588,
                18.937791439
              ],
              [
                73.485834571,
                18.937791522
              ],
              [
                73.485834553,
                18.937791605
              ],
              [
                73.485834536,
                18.937791688
              ],
              [
                73.485834518,
                18.937791771
              ],
              [
                73.485834501,
                18.937791854
              ],
              [
                73.485834483,
                18.937791937
              ],
              [
                73.485834466,
                18.93779202
              ],
              [
                73.485834448,
                18.937792103
              ],
              [
                73.485834431,
                18.937792186
              ],
              [
                73.485834413,
                18.937792269
              ],
              [
                73.485834395,
                18.937792352
              ],
              [
                73.485834378,
                18.937792435
              ],
              [
                73.48583436,
                18.937792519
              ],
              [
                73.485834343,
                18.937792602
              ],
              [
                73.485834325,
                18.937792685
              ],
              [
                73.485834308,
                18.937792768
              ],
              [
                73.48583429,
                18.937792851
              ],
              [
                73.485834272,
                18.937792934
              ],
              [
                73.485834255,
                18.937793017
              ],
              [
                73.485834237,
                18.9377931
              ],
              [
                73.48583422,
                18.937793183
              ],
              [
                73.485834202,
                18.937793266
              ],
              [
                73.485834184,
                18.937793349
              ],
              [
                73.485834167,
                18.937793432
              ],
              [
                73.485834149,
                18.937793515
              ],
              [
                73.485834132,
                18.937793598
              ],
              [
                73.485834114,
                18.937793681
              ],
              [
                73.485834096,
                18.937793764
              ],
              [
                73.485834079,
                18.937793847
              ],
              [
                73.485834061,
                18.93779393
              ],
              [
                73.48583404661709,
                18.937793996321194
              ],
              [
                73.485834061,
                18.937793929
              ],
              [
                73.4858347335315,
                18.937790746993233
              ],
              [
                73.485834728,
                18.937790774
              ],
              [
                73.485834711,
                18.937790857
              ],
              [
                73.485834693,
                18.93779094
              ],
              [
                73.485834676,
                18.937791024
              ]
            ],
            [
              [
                73.48583475514418,
                18.937790644224034
              ],
              [
                73.4858347775608,
                18.93779053690907
              ],
              [
                73.485834763,
                18.937790608
              ],
              [
                73.48583475514418,
                18.937790644224034
              ]
            ],
            [
              [
                73.485835232,
                18.937788365
              ],
              [
                73.485835215,
                18.937788448
              ],
              [
                73.485835197,
                18.937788531
              ],
              [
                73.48583518,
                18.937788614
              ],
              [
                73.485835163,
                18.937788697
              ],
              [
                73.485835145,
                18.93778878
              ],
              [
                73.485835128,
                18.937788863
              ],
              [
                73.485835111,
                18.937788947
              ],
              [
                73.485835093,
                18.93778903
              ],
              [
                73.485835076,
                18.937789113
              ],
              [
                73.485835059,
                18.937789196
              ],
              [
                73.485835041,
                18.937789279
              ],
              [
                73.485835024,
                18.937789362
              ],
              [
                73.485835007,
                18.937789445
              ],
              [
                73.485834989,
                18.937789528
              ],
              [
                73.485834972,
                18.937789611
              ],
              [
                73.485834954,
                18.937789694
              ],
              [
                73.485834937,
                18.937789777
              ],
              [
                73.48583492,
                18.93778986
              ],
              [
                73.485834902,
                18.937789944
              ],
              [
                73.485834885,
                18.937790027
              ],
              [
                73.485834867,
                18.93779011
              ],
              [
                73.48583485,
                18.937790193
              ],
              [
                73.485834833,
                18.937790276
              ],
              [
                73.485834815,
                18.937790359
              ],
              [
                73.485834798,
                18.937790442
              ],
              [
                73.485834781316,
                18.93779051893179
              ],
              [
                73.48583531099177,
                18.93778798321659
              ],
              [
                73.485835301,
                18.937788032
              ],
              [
                73.485835284,
                18.937788116
              ],
              [
                73.485835267,
                18.937788199
              ],
              [
                73.485835249,
                18.937788282
              ],
              [
                73.485835232,
                18.937788365
              ]
            ],
            [
              [
                73.485835353,
                18.937787783
              ],
              [
                73.485835336,
                18.937787866
              ],
              [
                73.48583532178105,
                18.937787931565104
              ],
              [
                73.48583536235488,
                18.937787737326204
              ],
              [
                73.485835353,
                18.937787783
              ]
            ],
            [
              [
                73.485835405,
                18.937787534
              ],
              [
                73.485835388,
                18.937787617
              ],
              [
                73.48583537412469,
                18.937787680980616
              ],
              [
                73.48583541371758,
                18.9377874914377
              ],
              [
                73.485835405,
                18.937787534
              ]
            ],
            [
              [
                73.48583544494976,
                18.937787340564984
              ],
              [
                73.48583551302333,
                18.93778701047429
              ],
              [
                73.485835508,
                18.937787035
              ],
              [
                73.485835491,
                18.937787118
              ],
              [
                73.485835474,
                18.937787201
              ],
              [
                73.485835457,
                18.937787285
              ],
              [
                73.48583544494976,
                18.937787340564984
              ]
            ],
            [
              [
                73.48583592,
                18.93778504
              ],
              [
                73.485835903,
                18.937785123
              ],
              [
                73.485835886,
                18.937785206
              ],
              [
                73.485835869,
                18.93778529
              ],
              [
                73.485835852,
                18.937785373
              ],
              [
                73.485835834,
                18.937785456
              ],
              [
                73.485835817,
                18.937785539
              ],
              [
                73.4858358,
                18.937785622
              ],
              [
                73.485835783,
                18.937785705
              ],
              [
                73.485835766,
                18.937785788
              ],
              [
                73.485835749,
                18.937785871
              ],
              [
                73.485835732,
                18.937785955
              ],
              [
                73.485835715,
                18.937786038
              ],
              [
                73.485835697,
                18.937786121
              ],
              [
                73.48583568,
                18.937786204
              ],
              [
                73.485835663,
                18.937786287
              ],
              [
                73.485835646,
                18.93778637
              ],
              [
                73.485835629,
                18.937786453
              ],
              [
                73.485835611,
                18.937786536
              ],
              [
                73.485835594,
                18.93778662
              ],
              [
                73.485835577,
                18.937786703
              ],
              [
                73.48583556,
                18.937786786
              ],
              [
                73.485835543,
                18.937786869
              ],
              [
                73.48583552667748,
                18.937786944264936
              ],
              [
                73.4858359956079,
                18.937784670407993
              ],
              [
                73.485835988,
                18.937784708
              ],
              [
                73.485835971,
                18.937784791
              ],
              [
                73.485835954,
                18.937784874
              ],
              [
                73.485835937,
                18.937784957
              ],
              [
                73.48583592,
                18.93778504
              ]
            ],
            [
              [
                73.466730165,
                18.938965715
              ],
              [
                73.466728474,
                18.939266327
              ],
              [
                73.466696574,
                18.939442727
              ],
              [
                73.46668410190725,
                18.939484199013837
              ],
              [
                73.4637880253021,
                18.93991626995493
              ],
              [
                73.463800169,
                18.939858784
              ],
              [
                73.463824464,
                18.939743774
              ],
              [
                73.463907759,
                18.939601217
              ],
              [
                73.464088445,
                18.939367443
              ],
              [
                73.464152068,
                18.939216027
              ],
              [
                73.464701471,
                18.939186318
              ],
              [
                73.464713979,
                18.939008371
              ],
              [
                73.466267667,
                18.938947621
              ],
              [
                73.466527571,
                18.938792149
              ],
              [
                73.466735283,
                18.938780816
              ],
              [
                73.466730165,
                18.938965715
              ]
            ],
            [
              [
                73.467439877,
                18.939032839
              ],
              [
                73.467439726,
                18.939036044
              ],
              [
                73.467439549,
                18.939039249
              ],
              [
                73.467439347,
                18.939042452
              ],
              [
                73.467439118,
                18.939045654
              ],
              [
                73.467438863,
                18.939048854
              ],
              [
                73.467438583,
                18.939052052
              ],
              [
                73.467438276,
                18.939055247
              ],
              [
                73.467437944,
                18.939058441
              ],
              [
                73.467437585,
                18.939061632
              ],
              [
                73.467437201,
                18.93906482
              ],
              [
                73.467436791,
                18.939068005
              ],
              [
                73.467436355,
                18.939071187
              ],
              [
                73.467435893,
                18.939074366
              ],
              [
                73.467435405,
                18.939077541
              ],
              [
                73.467434892,
                18.939080713
              ],
              [
                73.467434353,
                18.939083881
              ],
              [
                73.467433788,
                18.939087044
              ],
              [
                73.467433198,
                18.939090204
              ],
              [
                73.467432582,
                18.939093359
              ],
              [
                73.46743194,
                18.939096509
              ],
              [
                73.467431273,
                18.939099655
              ],
              [
                73.467430581,
                18.939102796
              ],
              [
                73.467429862,
                18.939105931
              ],
              [
                73.467429119,
                18.939109061
              ],
              [
                73.46742835,
                18.939112186
              ],
              [
                73.467427556,
                18.939115305
              ],
              [
                73.467426736,
                18.939118417
              ],
              [
                73.467425892,
                18.939121524
              ],
              [
                73.467425022,
                18.939124625
              ],
              [
                73.467424127,
                18.939127718
              ],
              [
                73.467423206,
                18.939130806
              ],
              [
                73.467422261,
                18.939133886
              ],
              [
                73.467421291,
                18.93913696
              ],
              [
                73.467420296,
                18.939140026
              ],
              [
                73.467419276,
                18.939143085
              ],
              [
                73.467418231,
                18.939146136
              ],
              [
                73.467417162,
                18.939149179
              ],
              [
                73.467416068,
                18.939152215
              ],
              [
                73.467414949,
                18.939155242
              ],
              [
                73.467413806,
                18.939158261
              ],
              [
                73.467412638,
                18.939161272
              ],
              [
                73.467411446,
                18.939164273
              ],
              [
                73.46741023,
                18.939167266
              ],
              [
                73.467408989,
                18.93917025
              ],
              [
                73.467407725,
                18.939173225
              ],
              [
                73.467406436,
                18.939176191
              ],
              [
                73.467405123,
                18.939179147
              ],
              [
                73.467403786,
                18.939182093
              ],
              [
                73.467402425,
                18.939185029
              ],
              [
                73.467401041,
                18.939187955
              ],
              [
                73.467399632,
                18.939190871
              ],
              [
                73.4673982,
                18.939193776
              ],
              [
                73.467396745,
                18.939196671
              ],
              [
                73.467395266,
                18.939199555
              ],
              [
                73.467393764,
                18.939202428
              ],
              [
                73.467392239,
                18.93920529
              ],
              [
                73.46739069,
                18.939208141
              ],
              [
                73.467389118,
                18.93921098
              ],
              [
                73.467387524,
                18.939213808
              ],
              [
                73.467385906,
                18.939216623
              ],
              [
                73.467384265,
                18.939219427
              ],
              [
                73.467382602,
                18.939222219
              ],
              [
                73.467380917,
                18.939224998
              ],
              [
                73.467379208,
                18.939227765
              ],
              [
                73.467377478,
                18.939230519
              ],
              [
                73.467375725,
                18.939233261
              ],
              [
                73.46737395,
                18.939235989
              ],
              [
                73.467372153,
                18.939238705
              ],
              [
                73.467370333,
                18.939241407
              ],
              [
                73.467368492,
                18.939244096
              ],
              [
                73.46736663,
                18.939246771
              ],
              [
                73.467364745,
                18.939249432
              ],
              [
                73.467362839,
                18.939252079
              ],
              [
                73.467360912,
                18.939254713
              ],
              [
                73.467358963,
                18.939257332
              ],
              [
                73.467356993,
                18.939259936
              ],
              [
                73.467355002,
                18.939262526
              ],
              [
                73.46735299,
                18.939265102
              ],
              [
                73.467350957,
                18.939267662
              ],
              [
                73.467348904,
                18.939270208
              ],
              [
                73.46734683,
                18.939272738
              ],
              [
                73.467344735,
                18.939275253
              ],
              [
                73.46734262,
                18.939277753
              ],
              [
                73.467340485,
                18.939280237
              ],
              [
                73.46733833,
                18.939282705
              ],
              [
                73.467336154,
                18.939285157
              ],
              [
                73.467333959,
                18.939287593
              ],
              [
                73.467331745,
                18.939290013
              ],
              [
                73.46732951,
                18.939292417
              ],
              [
                73.467327257,
                18.939294804
              ],
              [
                73.467324984,
                18.939297175
              ],
              [
                73.467322691,
                18.939299529
              ],
              [
                73.46732038,
                18.939301865
              ],
              [
                73.46731805,
                18.939304185
              ],
              [
                73.467315701,
                18.939306488
              ],
              [
                73.467313334,
                18.939308773
              ],
              [
                73.467310948,
                18.939311041
              ],
              [
                73.467308543,
                18.939313291
              ],
              [
                73.467306121,
                18.939315524
              ],
              [
                73.46730368,
                18.939317738
              ],
              [
                73.467301222,
                18.939319935
              ],
              [
                73.467298746,
                18.939322114
              ],
              [
                73.467296252,
                18.939324274
              ],
              [
                73.46729374,
                18.939326416
              ],
              [
                73.467291212,
                18.939328539
              ],
              [
                73.467288666,
                18.939330644
              ],
              [
                73.467286103,
                18.93933273
              ],
              [
                73.467283524,
                18.939334797
              ],
              [
                73.467280928,
                18.939336845
              ],
              [
                73.467278315,
                18.939338874
              ],
              [
                73.467275686,
                18.939340883
              ],
              [
                73.46727304,
                18.939342874
              ],
              [
                73.467270379,
                18.939344845
              ],
              [
                73.467267701,
                18.939346796
              ],
              [
                73.467265008,
                18.939348727
              ],
              [
                73.467262299,
                18.939350639
              ],
              [
                73.467259575,
                18.93935253
              ],
              [
                73.467256836,
                18.939354402
              ],
              [
                73.467254081,
                18.939356253
              ],
              [
                73.467251312,
                18.939358084
              ],
              [
                73.467248527,
                18.939359895
              ],
              [
                73.467245729,
                18.939361685
              ],
              [
                73.467242915,
                18.939363455
              ],
              [
                73.467240088,
                18.939365204
              ],
              [
                73.467237246,
                18.939366932
              ],
              [
                73.46723439,
                18.939368639
              ],
              [
                73.467231521,
                18.939370325
              ],
              [
                73.467228638,
                18.93937199
              ],
              [
                73.467225741,
                18.939373633
              ],
              [
                73.467222832,
                18.939375256
              ],
              [
                73.467219909,
                18.939376856
              ],
              [
                73.467216973,
                18.939378436
              ],
              [
                73.467214025,
                18.939379994
              ],
              [
                73.467211064,
                18.93938153
              ],
              [
                73.467208091,
                18.939383044
              ],
              [
                73.467205105,
                18.939384536
              ],
              [
                73.467202108,
                18.939386007
              ],
              [
                73.467199098,
                18.939387455
              ],
              [
                73.467196077,
                18.939388881
              ],
              [
                73.467193045,
                18.939390285
              ],
              [
                73.467190001,
                18.939391667
              ],
              [
                73.467186946,
                18.939393026
              ],
              [
                73.46718388,
                18.939394363
              ],
              [
                73.467180803,
                18.939395677
              ],
              [
                73.467177716,
                18.939396968
              ],
              [
                73.467174619,
                18.939398237
              ],
              [
                73.467171511,
                18.939399483
              ],
              [
                73.467168393,
                18.939400706
              ],
              [
                73.467165265,
                18.939401906
              ],
              [
                73.467162128,
                18.939403083
              ],
              [
                73.467158981,
                18.939404238
              ],
              [
                73.467155825,
                18.939405368
              ],
              [
                73.46715266,
                18.939406476
              ],
              [
                73.467149486,
                18.939407561
              ],
              [
                73.467146303,
                18.939408622
              ],
              [
                73.467143112,
                18.939409659
              ],
              [
                73.467139913,
                18.939410673
              ],
              [
                73.467136705,
                18.939411664
              ],
              [
                73.467133489,
                18.939412631
              ],
              [
                73.467130266,
                18.939413574
              ],
              [
                73.467127035,
                18.939414494
              ],
              [
                73.467123797,
                18.93941539
              ],
              [
                73.467120551,
                18.939416262
              ],
              [
                73.467117299,
                18.93941711
              ],
              [
                73.46711404,
                18.939417934
              ],
              [
                73.467110774,
                18.939418735
              ],
              [
                73.467107502,
                18.939419511
              ],
              [
                73.467104223,
                18.939420263
              ],
              [
                73.467100939,
                18.939420991
              ],
              [
                73.467097648,
                18.939421695
              ],
              [
                73.467094353,
                18.939422375
              ],
              [
                73.467091051,
                18.939423031
              ],
              [
                73.467087745,
                18.939423662
              ],
              [
                73.467084433,
                18.939424269
              ],
              [
                73.467081117,
                18.939424851
              ],
              [
                73.467077796,
                18.939425409
              ],
              [
                73.467074471,
                18.939425943
              ],
              [
                73.467071141,
                18.939426453
              ],
              [
                73.46681793,
                18.939464232
              ],
              [
                73.466817082,
                18.93946892
              ],
              [
                73.466851849,
                18.939276671
              ],
              [
                73.466853587,
                18.938967575
              ],
              [
                73.466858943,
                18.938774068
              ],
              [
                73.467102797,
                18.938760763
              ],
              [
                73.467176221,
                18.938618211
              ],
              [
                73.467451288,
                18.938607453
              ],
              [
                73.4674401,
                18.939026424
              ],
              [
                73.467440002,
                18.939029632
              ],
              [
                73.467439877,
                18.939032839
              ]
            ]
          ],
          [
            [
              [
                73.450208055,
                18.944461028
              ],
              [
                73.449714248,
                18.9444569
              ],
              [
                73.449707827,
                18.945152257
              ],
              [
                73.450201636,
                18.945156385
              ],
              [
                73.450208055,
                18.944461028
              ]
            ]
          ],
          [
            [
              [
                73.447383654,
                18.946776257
              ],
              [
                73.45029328,
                18.946339809
              ],
              [
                73.450269931,
                18.945413918
              ],
              [
                73.448648659,
                18.945651651
              ],
              [
                73.447025669,
                18.945592811
              ],
              [
                73.447383654,
                18.946776257
              ]
            ]
          ]
        ]
      }
    }
  ]
}