{
  "type": "FeatureCollection",
  "name": "MH-002_Gadchiroli_Monitoring_Boundary",
  "crs": {
    "type": "name",
    "properties": {
      "name": "urn:ogc:def:crs:OGC:1.3:CRS84"
    }
  },
  "features": [
    {
      "type": "Feature",
      "properties": {
        "project_id": "MH-002",
        "project_name": "Gadchiroli",
        "source_kml": "kml/30227102_FC_KML_1702025392040_FC_937.077_Area_1.kml",
        "boundary_role": "project_monitoring_boundary",
        "boundary_status": "validated",
        "area_ha": 938.812,
        "area_crs": "EPSG:32644"
      },
      "geometry": {
        "type": "MultiPolygon",
        "coordinates": [
          [
            [
              [
                80.35974373467441,
                19.597772909572
              ],
              [
                80.35911514565342,
                19.59831677498462
              ],
              [
                80.36006888735479,
                19.59798500716875
              ],
              [
                80.36108046151514,
                19.59718537302268
              ],
              [
                80.36119651445428,
                19.59710899523013
              ],
              [
                80.36127033237284,
                19.59706041344709
              ],
              [
                80.36152058470198,
                19.5968957144434
              ],
              [
                80.36177125059358,
                19.59666707061638
              ],
              [
                80.36220830389513,
                19.59651559655903
              ],
              [
                80.36176939695575,
                19.59617029996104
              ],
              [
                80.36136204657686,
                19.5964647535632
              ],
              [
                80.36113406737584,
                19.59658536306765
              ],
              [
                80.36096107735506,
                19.59675193103701
              ],
              [
                80.36090092866338,
                19.59680984665679
              ],
              [
                80.36063021679219,
                19.59697080087317
              ],
              [
                80.36040122233737,
                19.59717606125579
              ],
              [
                80.36030098139393,
                19.59726705754021
              ],
              [
                80.35974373467441,
                19.597772909572
              ]
            ]
          ],
          [
            [
              [
                80.33358503421555,
                19.58962837312487
              ],
              [
                80.33348702571492,
                19.58972559667435
              ],
              [
                80.33345180311417,
                19.58976053713426
              ],
              [
                80.33342324648305,
                19.58978886500385
              ],
              [
                80.33337023112905,
                19.58984145562301
              ],
              [
                80.33324975204573,
                19.58996096929278
              ],
              [
                80.333205356967,
                19.59000500856184
              ],
              [
                80.33313178762397,
                19.59007798819555
              ],
              [
                80.33307278733935,
                19.59013651548089
              ],
              [
                80.33301873874964,
                19.590190130713
              ],
              [
                80.3329844909987,
                19.59022410384052
              ],
              [
                80.33295950923446,
                19.59024888526925
              ],
              [
                80.33293655262928,
                19.59027165776928
              ],
              [
                80.33292779881289,
                19.59028034138014
              ],
              [
                80.33292310127287,
                19.59028500124534
              ],
              [
                80.33291669852244,
                19.59029135264429
              ],
              [
                80.33290668807453,
                19.59030128280484
              ],
              [
                80.33290484560872,
                19.59030311049312
              ],
              [
                80.33290403114376,
                19.59030391842574
              ],
              [
                80.33289622006751,
                19.59031166685257
              ],
              [
                80.33289179950484,
                19.59031605195939
              ],
              [
                80.33288221556772,
                19.59032555902545
              ],
              [
                80.33288214484995,
                19.59032562917604
              ],
              [
                80.33287159212524,
                19.59033609725735
              ],
              [
                80.33286802488816,
                19.5903396358812
              ],
              [
                80.33286238834047,
                19.59034520275769
              ],
              [
                80.33285944492236,
                19.59034813853646
              ],
              [
                80.33285769144149,
                19.59034988163067
              ],
              [
                80.33285676892943,
                19.59035079836089
              ],
              [
                80.33285581153949,
                19.59035174737346
              ],
              [
                80.3328538940782,
                19.5903536522917
              ],
              [
                80.33285273832233,
                19.59035479982889
              ],
              [
                80.33285357645896,
                19.59035562360292
              ],
              [
                80.3328862760165,
                19.59038776280124
              ],
              [
                80.33303296728698,
                19.59053612325057
              ],
              [
                80.33315081700495,
                19.59065980842037
              ],
              [
                80.33334778562717,
                19.59088909288827
              ],
              [
                80.33344136975248,
                19.59100971533137
              ],
              [
                80.33439506427118,
                19.59228260110521
              ],
              [
                80.33461657925221,
                19.59256768808635
              ],
              [
                80.33473832759468,
                19.59273189272716
              ],
              [
                80.33506482994059,
                19.59319372537608
              ],
              [
                80.33546403571727,
                19.59371503366534
              ],
              [
                80.33546877603382,
                19.59372123489474
              ],
              [
                80.33654449035322,
                19.5951309700329
              ],
              [
                80.33659294109636,
                19.59519565279033
              ],
              [
                80.33709845468731,
                19.59588322831405
              ],
              [
                80.337148945745,
                19.59595190345633
              ],
              [
                80.33785400119544,
                19.59681341496404
              ],
              [
                80.33793499520624,
                19.59691238128399
              ],
              [
                80.33796133068925,
                19.59694486347904
              ],
              [
                80.33798098319018,
                19.59696950598053
              ],
              [
                80.33831990684538,
                19.59739751854743
              ],
              [
                80.33848099342904,
                19.59761387396506
              ],
              [
                80.33854174223114,
                19.59770470535858
              ],
              [
                80.33932392784062,
                19.59775971053702
              ],
              [
                80.33854174223113,
                19.59770470535858
              ],
              [
                80.33858435458446,
                19.59776841912665
              ],
              [
                80.33880495829226,
                19.59811352463914
              ],
              [
                80.33886531837369,
                19.59821066390544
              ],
              [
                80.33901132067025,
                19.5984719571412
              ],
              [
                80.33910610751879,
                19.59867227352477
              ],
              [
                80.33913897833222,
                19.59874174044812
              ],
              [
                80.33916068740547,
                19.59879284424756
              ],
              [
                80.33922132714791,
                19.59893814243635
              ],
              [
                80.33929638916467,
                19.59911799729402
              ],
              [
                80.3394365766533,
                19.59943860950481
              ],
              [
                80.33944385922081,
                19.59945535975309
              ],
              [
                80.33955262648965,
                19.59973247773755
              ],
              [
                80.33961991207501,
                19.5999456501422
              ],
              [
                80.33964203648097,
                19.60001574397533
              ],
              [
                80.3397107496586,
                19.60029930705396
              ],
              [
                80.33974674538045,
                19.60047336735845
              ],
              [
                80.33976023197776,
                19.60053858282945
              ],
              [
                80.33976118855409,
                19.60054322127791
              ],
              [
                80.33981081977588,
                19.60083512397489
              ],
              [
                80.33981677701844,
                19.60088120919522
              ],
              [
                80.33985585601133,
                19.60119695705752
              ],
              [
                80.33987927873765,
                19.60144522575529
              ],
              [
                80.33988822598455,
                19.6017389504443
              ],
              [
                80.33988828142422,
                19.60174077044405
              ],
              [
                80.33988735371386,
                19.60196822289223
              ],
              [
                80.33988625303294,
                19.60223807947369
              ],
              [
                80.33987539628019,
                19.60252585681816
              ],
              [
                80.33985934204087,
                19.60275054677457
              ],
              [
                80.33985878544529,
                19.60275823930607
              ],
              [
                80.3398383811828,
                19.60296671645943
              ],
              [
                80.33980299220707,
                19.60325538895667
              ],
              [
                80.33979161572786,
                19.60334104160964
              ],
              [
                80.33973960354515,
                19.60363257182119
              ],
              [
                80.33968958497621,
                19.60383236743927
              ],
              [
                80.33968917368236,
                19.60383401032094
              ],
              [
                80.33966543884074,
                19.60392685930491
              ],
              [
                80.33963920014453,
                19.60402950305
              ],
              [
                80.33927165630867,
                19.60546729090763
              ],
              [
                80.33918710137146,
                19.60566181393668
              ],
              [
                80.33894584488509,
                19.60621683410218
              ],
              [
                80.33851831251026,
                19.60681099941263
              ],
              [
                80.33851347100169,
                19.60681772789215
              ],
              [
                80.33781333855103,
                19.60749295511186
              ],
              [
                80.33759855187087,
                19.60773632186924
              ],
              [
                80.33747108097958,
                19.60796647826304
              ],
              [
                80.33739105385493,
                19.60811097167426
              ],
              [
                80.33735001512198,
                19.60818506926369
              ],
              [
                80.33714630307513,
                19.60855288088231
              ],
              [
                80.33713700192114,
                19.60857274764661
              ],
              [
                80.33704675655105,
                19.60875449710867
              ],
              [
                80.33700517277686,
                19.60883176176522
              ],
              [
                80.33693059029461,
                19.60896711368616
              ],
              [
                80.33685524028307,
                19.60913111805785
              ],
              [
                80.33678730976699,
                19.60926916731578
              ],
              [
                80.33671616725408,
                19.60940622799693
              ],
              [
                80.3366728852454,
                19.6094850249129
              ],
              [
                80.33656004430641,
                19.60968177748848
              ],
              [
                80.3365227379461,
                19.60974682576229
              ],
              [
                80.33642939200823,
                19.6099336426959
              ],
              [
                80.33642684495983,
                19.60993874019804
              ],
              [
                80.33638557574442,
                19.6100192616688
              ],
              [
                80.33637382426757,
                19.6100414706017
              ],
              [
                80.33626733802576,
                19.61024134361028
              ],
              [
                80.33610430283049,
                19.61054735699481
              ],
              [
                80.3360275793512,
                19.61068145907604
              ],
              [
                80.33597128599949,
                19.61077985193756
              ],
              [
                80.33595339833468,
                19.61080904423692
              ],
              [
                80.33581321243038,
                19.611037824293
              ],
              [
                80.33578687453974,
                19.61108080701542
              ],
              [
                80.3356613932223,
                19.61128558873818
              ],
              [
                80.33565801307101,
                19.61129109608909
              ],
              [
                80.33553107281269,
                19.61148605028831
              ],
              [
                80.33552545464761,
                19.61149420833929
              ],
              [
                80.33534266190557,
                19.6117596383019
              ],
              [
                80.33530770800914,
                19.61181039408435
              ],
              [
                80.33526885609095,
                19.61186591148692
              ],
              [
                80.3349898337771,
                19.61221588384543
              ],
              [
                80.33455512861512,
                19.61272075763054
              ],
              [
                80.33366840909233,
                19.61375059497098
              ],
              [
                80.33289496100006,
                19.61464886400006
              ],
              [
                80.33466429256171,
                19.61610072555532
              ],
              [
                80.33561626200003,
                19.61688186600005
              ],
              [
                80.33848901100005,
                19.61389507500007
              ],
              [
                80.33882369796225,
                19.61347437650417
              ],
              [
                80.33883867968656,
                19.6134555445439
              ],
              [
                80.33919368492269,
                19.61273338399943
              ],
              [
                80.33937105632025,
                19.61261232953532
              ],
              [
                80.3394027356292,
                19.61259070863921
              ],
              [
                80.33941350434495,
                19.61258525942878
              ],
              [
                80.33986488400468,
                19.61235685032433
              ],
              [
                80.34000006853297,
                19.61228844330814
              ],
              [
                80.34222172621132,
                19.61094246780423
              ],
              [
                80.34362136452849,
                19.60981264120618
              ],
              [
                80.34491965219527,
                19.6087422952521
              ],
              [
                80.34628689718238,
                19.60810727180387
              ],
              [
                80.34834346369152,
                19.60781963017832
              ],
              [
                80.35057567444451,
                19.60649275183738
              ],
              [
                80.35232325723297,
                19.60481220735082
              ],
              [
                80.35245403660315,
                19.60464386225154
              ],
              [
                80.35252932300006,
                19.60454695000007
              ],
              [
                80.35267850389808,
                19.60461083386317
              ],
              [
                80.35267930199906,
                19.60438285900099
              ],
              [
                80.3529544989455,
                19.60348545312358
              ],
              [
                80.35336220984193,
                19.60273589414096
              ],
              [
                80.3538537193299,
                19.60202447098823
              ],
              [
                80.35451123612896,
                19.60130646050271
              ],
              [
                80.35460707043568,
                19.60120840556572
              ],
              [
                80.35514301646796,
                19.60066003761316
              ],
              [
                80.3557605826695,
                19.60011048408153
              ],
              [
                80.35657621045188,
                19.5995551128545
              ],
              [
                80.35737543006262,
                19.59916183380987
              ],
              [
                80.35821655800777,
                19.5987633922143
              ],
              [
                80.35893561884096,
                19.5983139767675
              ],
              [
                80.35966527706903,
                19.59768328635373
              ],
              [
                80.36031407680812,
                19.59709880938956
              ],
              [
                80.36103213093457,
                19.59653608902234
              ],
              [
                80.3610302096581,
                19.59646970026769
              ],
              [
                80.36102942941997,
                19.59644273951969
              ],
              [
                80.36080862406607,
                19.59574542401479
              ],
              [
                80.36041583483602,
                19.59497134638154
              ],
              [
                80.36041578405786,
                19.59497123452708
              ],
              [
                80.3600384130984,
                19.59420587287597
              ],
              [
                80.3595766965145,
                19.5934105398441
              ],
              [
                80.35901347575506,
                19.59277683594036
              ],
              [
                80.35854436155984,
                19.59197808712285
              ],
              [
                80.35852672703037,
                19.59193447363459
              ],
              [
                80.35822838181616,
                19.59119660644666
              ],
              [
                80.35780613186863,
                19.59035872486827
              ],
              [
                80.35757391863301,
                19.58974634711409
              ],
              [
                80.35725610192532,
                19.59000747412598
              ],
              [
                80.35698766330911,
                19.59022506167462
              ],
              [
                80.35688397936532,
                19.59029120377318
              ],
              [
                80.35642112709681,
                19.59058646524477
              ],
              [
                80.35620986348725,
                19.59064755140719
              ],
              [
                80.35596192700008,
                19.59025735000005
              ],
              [
                80.35574793654314,
                19.58993030860676
              ],
              [
                80.35556707684246,
                19.58965389971099
              ],
              [
                80.35516838719796,
                19.58904457619771
              ],
              [
                80.3549630437029,
                19.58873074448816
              ],
              [
                80.35446426569999,
                19.58796844340879
              ],
              [
                80.3544591073551,
                19.58796055967358
              ],
              [
                80.35439759203624,
                19.58786654291955
              ],
              [
                80.35435431311865,
                19.58780039763861
              ],
              [
                80.35419608818746,
                19.5875585742209
              ],
              [
                80.35410357833572,
                19.58741718619719
              ],
              [
                80.35396326291674,
                19.58720273367881
              ],
              [
                80.35395489897942,
                19.58718995054794
              ],
              [
                80.35394326782286,
                19.58717217391674
              ],
              [
                80.35394047982864,
                19.58716791284844
              ],
              [
                80.35391394793069,
                19.58712736245355
              ],
              [
                80.35390736232654,
                19.58711729725026
              ],
              [
                80.35390537480664,
                19.58711425959521
              ],
              [
                80.35388333493601,
                19.58708057462829
              ],
              [
                80.35387664397992,
                19.58707034840191
              ],
              [
                80.3538572912068,
                19.58704077028291
              ],
              [
                80.35384964195615,
                19.58702907942542
              ],
              [
                80.35383402798723,
                19.58700521555421
              ],
              [
                80.35382874096372,
                19.58699713504127
              ],
              [
                80.35382254586231,
                19.58698766665075
              ],
              [
                80.3537922678672,
                19.58694139073404
              ],
              [
                80.35379093377009,
                19.58693935174206
              ],
              [
                80.3537631900534,
                19.58689694910686
              ],
              [
                80.35375377076875,
                19.58688255295873
              ],
              [
                80.35373630485921,
                19.58685585858604
              ],
              [
                80.353723899261,
                19.58683689823528
              ],
              [
                80.35370778001806,
                19.58681226205158
              ],
              [
                80.3537021346243,
                19.58680363379335
              ],
              [
                80.35369609760488,
                19.58679440698445
              ],
              [
                80.35369188345211,
                19.58678796619239
              ],
              [
                80.35369053100315,
                19.58678589914752
              ],
              [
                80.35367718637433,
                19.58676550358923
              ],
              [
                80.3536764886965,
                19.58676443727768
              ],
              [
                80.35367596767816,
                19.58676364096765
              ],
              [
                80.3536746152296,
                19.58676157392263
              ],
              [
                80.3536711640849,
                19.58675629928817
              ],
              [
                80.35367085267868,
                19.58675582334345
              ],
              [
                80.35367019973444,
                19.5867548254014
              ],
              [
                80.3536700717867,
                19.58675462984959
              ],
              [
                80.35366980521715,
                19.586754222432
              ],
              [
                80.35366908359858,
                19.58675311952996
              ],
              [
                80.35366894749045,
                19.58675291150605
              ],
              [
                80.3536680363826,
                19.58675151899381
              ],
              [
                80.35366778242478,
                19.58675113085157
              ],
              [
                80.3536670567966,
                19.58675002182133
              ],
              [
                80.35366669262584,
                19.58674946523266
              ],
              [
                80.35366595096197,
                19.58674833169386
              ],
              [
                80.3536658051061,
                19.58674810877174
              ],
              [
                80.35366494548623,
                19.58674679495219
              ],
              [
                80.35366472628355,
                19.58674645992884
              ],
              [
                80.35366384558358,
                19.58674511389096
              ],
              [
                80.35366369293469,
                19.58674488058652
              ],
              [
                80.353662961389,
                19.58674376251204
              ],
              [
                80.35366284618448,
                19.58674358643656
              ],
              [
                80.3536619940562,
                19.5867422840669
              ],
              [
                80.35366182538006,
                19.58674202626685
              ],
              [
                80.3536608977816,
                19.5867406085505
              ],
              [
                80.35366064777011,
                19.58674022643974
              ],
              [
                80.3536598915779,
                19.58673907069611
              ],
              [
                80.35365966773519,
                19.58673872858095
              ],
              [
                80.35365889128308,
                19.58673754187257
              ],
              [
                80.3536586908364,
                19.5867372355153
              ],
              [
                80.35365798951167,
                19.58673616362956
              ],
              [
                80.35365770609737,
                19.58673573046681
              ],
              [
                80.35365679925229,
                19.58673434446931
              ],
              [
                80.35365665079583,
                19.58673411757245
              ],
              [
                80.35365572093879,
                19.58673269640401
              ],
              [
                80.35365547945821,
                19.58673232733159
              ],
              [
                80.3536544104175,
                19.58673069343861
              ],
              [
                80.3536543394817,
                19.58673058502221
              ],
              [
                80.35365338476198,
                19.58672912585432
              ],
              [
                80.35365329045244,
                19.58672898171413
              ],
              [
                80.35365245777615,
                19.58672770907407
              ],
              [
                80.35365211597879,
                19.58672718668015
              ],
              [
                80.35365155147878,
                19.58672632391342
              ],
              [
                80.35365111399125,
                19.58672565526924
              ],
              [
                80.3536507071898,
                19.58672503352483
              ],
              [
                80.35365017002178,
                19.58672421253163
              ],
              [
                80.3536497793396,
                19.58672361542345
              ],
              [
                80.35364942362735,
                19.58672307176232
              ],
              [
                80.35364862683737,
                19.58672185396977
              ],
              [
                80.35364857374125,
                19.58672177281913
              ],
              [
                80.35364782820832,
                19.58672063336651
              ],
              [
                80.35364760938712,
                19.58672029892603
              ],
              [
                80.35364695363005,
                19.58671929668441
              ],
              [
                80.35364662464828,
                19.58671879387745
              ],
              [
                80.35364607132072,
                19.58671794818635
              ],
              [
                80.35364563834139,
                19.5867172864323
              ],
              [
                80.35364484271634,
                19.58671607042014
              ],
              [
                80.35364470848452,
                19.5867158652638
              ],
              [
                80.35364373180141,
                19.58671437252731
              ],
              [
                80.35364354812356,
                19.58671409179888
              ],
              [
                80.35364259016568,
                19.58671262768149
              ],
              [
                80.35364244264453,
                19.58671240221409
              ],
              [
                80.35364157097126,
                19.58671106997174
              ],
              [
                80.35364133716551,
                19.58671071262927
              ],
              [
                80.35364047513252,
                19.5867093951209
              ],
              [
                80.35364028186429,
                19.5867090997348
              ],
              [
                80.35363944820712,
                19.58670782559517
              ],
              [
                80.35363923597143,
                19.58670750121979
              ],
              [
                80.35363831840561,
                19.58670609883638
              ],
              [
                80.35363817282999,
                19.58670587634247
              ],
              [
                80.35363706683805,
                19.5867041859735
              ],
              [
                80.35363695758721,
                19.58670401899741
              ],
              [
                80.35363590632232,
                19.58670241227182
              ],
              [
                80.3536357517528,
                19.58670217603184
              ],
              [
                80.35363470972904,
                19.58670058343006
              ],
              [
                80.35363459452812,
                19.58670040735999
              ],
              [
                80.35363362122233,
                19.586698919785
              ],
              [
                80.35363339653401,
                19.58669857637724
              ],
              [
                80.35363242124413,
                19.58669708576977
              ],
              [
                80.35363226910245,
                19.58669685324033
              ],
              [
                80.35363134526995,
                19.58669544127902
              ],
              [
                80.35363118087223,
                19.58669519001779
              ],
              [
                80.35363043363337,
                19.58669404795777
              ],
              [
                80.35363019299758,
                19.58669368017598
              ],
              [
                80.35362937202669,
                19.58669242542942
              ],
              [
                80.35362915494521,
                19.58669209364377
              ],
              [
                80.35362816497884,
                19.58669058067709
              ],
              [
                80.35362806044286,
                19.58669042083492
              ],
              [
                80.35362710577341,
                19.5866889621804
              ],
              [
                80.35362699259747,
                19.58668878876781
              ],
              [
                80.35362619266563,
                19.58668756888822
              ],
              [
                80.35362589966323,
                19.58668711835547
              ],
              [
                80.35362513045567,
                19.58668598251971
              ],
              [
                80.35362496485008,
                19.58668570912389
              ],
              [
                80.35362413582746,
                19.58668444026671
              ],
              [
                80.3536239470641,
                19.58668415135574
              ],
              [
                80.3536230470337,
                19.58668277381788
              ],
              [
                80.35362284315781,
                19.58668246177647
              ],
              [
                80.35362205225924,
                19.58668125126989
              ],
              [
                80.35362183789846,
                19.58668092318085
              ],
              [
                80.3536209854208,
                19.5866796184246
              ],
              [
                80.35362080288846,
                19.58667933905045
              ],
              [
                80.35361996941324,
                19.58667806337829
              ],
              [
                80.35361975691774,
                19.5866777381441
              ],
              [
                80.35361902109689,
                19.58667661193647
              ],
              [
                80.35361875635593,
                19.58667620673818
              ],
              [
                80.3536181788011,
                19.58667532276391
              ],
              [
                80.35361776675488,
                19.5866746921082
              ],
              [
                80.35361729343613,
                19.58667396767199
              ],
              [
                80.35361690398565,
                19.58667337160009
              ],
              [
                80.35361663723434,
                19.58667296332487
              ],
              [
                80.3536161085469,
                19.58667215414437
              ],
              [
                80.35361598028214,
                19.58667195782924
              ],
              [
                80.3536157743127,
                19.58667196006541
              ],
              [
                80.35330587448283,
                19.58667532432627
              ],
              [
                80.35322130676053,
                19.58667624229771
              ],
              [
                80.35321713306635,
                19.58667668332599
              ],
              [
                80.35288956808178,
                19.58670799559306
              ],
              [
                80.35286398164473,
                19.58670961936089
              ],
              [
                80.35246437916432,
                19.58672221018206
              ],
              [
                80.3522378012689,
                19.58673596953501
              ],
              [
                80.35213400149978,
                19.58674227286789
              ],
              [
                80.35210805519334,
                19.58674301691307
              ],
              [
                80.35207414405063,
                19.58674146283368
              ],
              [
                80.35186231106637,
                19.58672276941954
              ],
              [
                80.35184196088484,
                19.58672044930481
              ],
              [
                80.35182996595304,
                19.58671858516536
              ],
              [
                80.35144732251818,
                19.58665316700804
              ],
              [
                80.35100112867727,
                19.58658399952287
              ],
              [
                80.3505429414305,
                19.58651475788167
              ],
              [
                80.35049134441519,
                19.58650696042109
              ],
              [
                80.3504604007093,
                19.58650103007992
              ],
              [
                80.3500246901928,
                19.58639956954317
              ],
              [
                80.34974907586816,
                19.58636167452306
              ],
              [
                80.34972033853214,
                19.58635772331743
              ],
              [
                80.34963107580678,
                19.58634486184394
              ],
              [
                80.34941261056508,
                19.58631338395388
              ],
              [
                80.34938354128184,
                19.5863080938601
              ],
              [
                80.34911889178571,
                19.58624975596598
              ],
              [
                80.3490964479396,
                19.58624412083642
              ],
              [
                80.34908780576535,
                19.58624157569129
              ],
              [
                80.34872120485153,
                19.58612907276664
              ],
              [
                80.34868246767854,
                19.58611493452535
              ],
              [
                80.34853160435496,
                19.58605072464144
              ],
              [
                80.34847671219335,
                19.58602736160123
              ],
              [
                80.34846921390758,
                19.58602403862999
              ],
              [
                80.34836932297246,
                19.58597844249507
              ],
              [
                80.3482362400227,
                19.58591769543553
              ],
              [
                80.34795915173927,
                19.58581405453143
              ],
              [
                80.34782568571511,
                19.58577980478727
              ],
              [
                80.34770705592041,
                19.58574936218768
              ],
              [
                80.34736750761095,
                19.58568233400344
              ],
              [
                80.34710606190563,
                19.5856321844754
              ],
              [
                80.34695893573269,
                19.58560396310901
              ],
              [
                80.34689706804436,
                19.58559209576857
              ],
              [
                80.34648226880651,
                19.58552325416398
              ],
              [
                80.34647122336531,
                19.58552126153041
              ],
              [
                80.34601978771813,
                19.5854332599048
              ],
              [
                80.34564020467421,
                19.58535627717802
              ],
              [
                80.3456248027831,
                19.58535283509029
              ],
              [
                80.34537152278321,
                19.58529094659206
              ],
              [
                80.3453578859421,
                19.5852873574134
              ],
              [
                80.34530555347224,
                19.58526852106744
              ],
              [
                80.34513415711287,
                19.58519196046861
              ],
              [
                80.34510627544324,
                19.58517814520353
              ],
              [
                80.34487757813721,
                19.58505318094845
              ],
              [
                80.34465287177234,
                19.58494567217722
              ],
              [
                80.34462814856852,
                19.58493273335065
              ],
              [
                80.34427955348836,
                19.58473397954448
              ],
              [
                80.34421498712518,
                19.58469716647643
              ],
              [
                80.34399837857748,
                19.58457082716956
              ],
              [
                80.34359856386394,
                19.58436192169829
              ],
              [
                80.34359083825028,
                19.58435777313502
              ],
              [
                80.34332137145292,
                19.58420911842382
              ],
              [
                80.34314731488344,
                19.58414407740351
              ],
              [
                80.34291377613701,
                19.58408705547872
              ],
              [
                80.34251822820691,
                19.58401613832519
              ],
              [
                80.3423894966409,
                19.58399346837304
              ],
              [
                80.34231257634178,
                19.58397992246844
              ],
              [
                80.34220207936943,
                19.58396046354596
              ],
              [
                80.34218505539344,
                19.58395746555482
              ],
              [
                80.34189100791882,
                19.58390410093807
              ],
              [
                80.34176053049539,
                19.58388042134029
              ],
              [
                80.34172340235558,
                19.58387183503894
              ],
              [
                80.34169110774822,
                19.58386120407902
              ],
              [
                80.34164052642592,
                19.58384210485395
              ],
              [
                80.34144174688804,
                19.58376704663017
              ],
              [
                80.3414290785346,
                19.5837620106834
              ],
              [
                80.34127883207125,
                19.5836992444777
              ],
              [
                80.34107337284303,
                19.58361341258662
              ],
              [
                80.34066941675863,
                19.5834430467918
              ],
              [
                80.34025594176654,
                19.58329085229189
              ],
              [
                80.34004916612861,
                19.58321615896771
              ],
              [
                80.34004877295442,
                19.58321601694157
              ],
              [
                80.34004787569867,
                19.5832169054971
              ],
              [
                80.34004759427918,
                19.58321718525115
              ],
              [
                80.3400471287017,
                19.58321764673412
              ],
              [
                80.34004665942236,
                19.58321811188648
              ],
              [
                80.34004592224976,
                19.58321884257604
              ],
              [
                80.34004545010897,
                19.58321931056462
              ],
              [
                80.34004438654698,
                19.58322036477318
              ],
              [
                80.34004427997172,
                19.5832204704112
              ],
              [
                80.34004279076191,
                19.58322194652416
              ],
              [
                80.34004260806802,
                19.58322212761137
              ],
              [
                80.34004116854058,
                19.58322355447889
              ],
              [
                80.3400411302392,
                19.58322359244346
              ],
              [
                80.34003961841798,
                19.58322509096889
              ],
              [
                80.34003946297658,
                19.58322524504326
              ],
              [
                80.34003822210595,
                19.58322647500102
              ],
              [
                80.34003794477155,
                19.58322674989639
              ],
              [
                80.34003667762212,
                19.58322801136705
              ],
              [
                80.34003647519823,
                19.58322819545117
              ],
              [
                80.34003510658307,
                19.58322956929906
              ],
              [
                80.34003494315338,
                19.58322971264016
              ],
              [
                80.340033571128,
                19.58323109881441
              ],
              [
                80.34003341287783,
                19.58323125318073
              ],
              [
                80.3400319863955,
                19.58323267104196
              ],
              [
                80.34003189718676,
                19.58323275895243
              ],
              [
                80.3400304064652,
                19.58323423850517
              ],
              [
                80.34003019581922,
                19.58323444739368
              ],
              [
                80.34002888416148,
                19.58323574879648
              ],
              [
                80.34002858696992,
                19.58323604362809
              ],
              [
                80.3400271337523,
                19.58323748539318
              ],
              [
                80.34002701148333,
                19.58323760669539
              ],
              [
                80.34002539534863,
                19.58323921007911
              ],
              [
                80.34002533903522,
                19.58323926594779
              ],
              [
                80.34002374578601,
                19.58324084662498
              ],
              [
                80.34002368858246,
                19.58324090337705
              ],
              [
                80.34002212743779,
                19.58324245220272
              ],
              [
                80.34002208613451,
                19.58324249318007
              ],
              [
                80.3400205955295,
                19.58324397202256
              ],
              [
                80.34002032147689,
                19.58324424391261
              ],
              [
                80.34001903720896,
                19.58324551804619
              ],
              [
                80.34001885857748,
                19.58324569526813
              ],
              [
                80.34001823843958,
                19.58324631051237
              ],
              [
                80.34001751490506,
                19.5832470283374
              ],
              [
                80.34001743144594,
                19.58324711113792
              ],
              [
                80.34001217983786,
                19.58325232130443
              ],
              [
                80.3400106509308,
                19.58325383814646
              ],
              [
                80.34001045934794,
                19.5832540282175
              ],
              [
                80.34000292895908,
                19.58326149918134
              ],
              [
                80.34000283094143,
                19.58326159642552
              ],
              [
                80.33999919600902,
                19.58326520267293
              ],
              [
                80.33998987952148,
                19.58327444563862
              ],
              [
                80.3399873437883,
                19.58327696136058
              ],
              [
                80.33997529277019,
                19.58328891727415
              ],
              [
                80.33996846523826,
                19.58329569092325
              ],
              [
                80.33995314251324,
                19.58331089271831
              ],
              [
                80.33995285866253,
                19.58331117432874
              ],
              [
                80.33993969628385,
                19.58332423282384
              ],
              [
                80.33993209593984,
                19.58333177318105
              ],
              [
                80.33992294852182,
                19.58334084840025
              ],
              [
                80.33991974835959,
                19.58334402330396
              ],
              [
                80.33990539038058,
                19.58335826795437
              ],
              [
                80.33990295535119,
                19.58336068376352
              ],
              [
                80.33988522102385,
                19.58337827810651
              ],
              [
                80.33988483474391,
                19.58337866133733
              ],
              [
                80.33986379107688,
                19.58339953889049
              ],
              [
                80.33986261611749,
                19.58340070457481
              ],
              [
                80.33984650304832,
                19.58341669044532
              ],
              [
                80.33984238472442,
                19.58342077625793
              ],
              [
                80.33982798444421,
                19.58343506285537
              ],
              [
                80.33982338771952,
                19.58343962329051
              ],
              [
                80.33980862544517,
                19.58345426901923
              ],
              [
                80.3398069951898,
                19.58345588640378
              ],
              [
                80.33978941651131,
                19.58347332629588
              ],
              [
                80.3397881896995,
                19.58347454342165
              ],
              [
                80.3397867152545,
                19.58347600622538
              ],
              [
                80.3397707478244,
                19.58349184758454
              ],
              [
                80.33976757048906,
                19.58349499983266
              ],
              [
                80.33976743068408,
                19.58349513853383
              ],
              [
                80.33971168031084,
                19.58355044868985
              ],
              [
                80.33970014263535,
                19.58356189525429
              ],
              [
                80.33969281151236,
                19.58356916848335
              ],
              [
                80.33962526046554,
                19.58363618603349
              ],
              [
                80.33942292519363,
                19.58383692282923
              ],
              [
                80.33932787702199,
                19.58393121985045
              ],
              [
                80.33918761432899,
                19.58407037376999
              ],
              [
                80.33904326948452,
                19.58421357719829
              ],
              [
                80.33891340428087,
                19.58434241516067
              ],
              [
                80.33883000065516,
                19.58442515889731
              ],
              [
                80.33865263975433,
                19.58460111609897
              ],
              [
                80.3385580306485,
                19.58469497619982
              ],
              [
                80.33839475578347,
                19.58485695806138
              ],
              [
                80.33829566094106,
                19.58495526791734
              ],
              [
                80.33812054306854,
                19.58512899814529
              ],
              [
                80.33804944158943,
                19.58519953605289
              ],
              [
                80.33783624449883,
                19.58541104272876
              ],
              [
                80.33774555834756,
                19.58550100958966
              ],
              [
                80.33757019392574,
                19.58567498265902
              ],
              [
                80.33746568817234,
                19.58577865899126
              ],
              [
                80.33734448246906,
                19.58589890248371
              ],
              [
                80.33725083604426,
                19.58599180529852
              ],
              [
                80.33721602022425,
                19.586026344619
              ],
              [
                80.33656409230097,
                19.58667309100377
              ],
              [
                80.33638574250392,
                19.58685002192627
              ],
              [
                80.33634222647852,
                19.58689319166907
              ],
              [
                80.33623891143864,
                19.58699568443247
              ],
              [
                80.33557248380403,
                19.58765680335708
              ],
              [
                80.33543469771728,
                19.58779349084331
              ],
              [
                80.33513655926113,
                19.58808925099054
              ],
              [
                80.33500706200856,
                19.58821771471469
              ],
              [
                80.33447140917217,
                19.58874908922152
              ],
              [
                80.33413676214238,
                19.5890810607336
              ],
              [
                80.33408840512415,
                19.58912903096688
              ],
              [
                80.33358503421555,
                19.58962837312487
              ]
            ],
            [
              [
                80.35600346461416,
                19.59070723066105
              ],
              [
                80.35488551233539,
                19.59103047633418
              ],
              [
                80.35620986348725,
                19.59064755140719
              ],
              [
                80.35600346461416,
                19.59070723066105
              ]
            ],
            [
              [
                80.34398295820738,
                19.58501947789667
              ],
              [
                80.34407326163932,
                19.5863922118699
              ],
              [
                80.34362911742942,
                19.5864288509728
              ],
              [
                80.3430250933205,
                19.58607757269361
              ],
              [
                80.34294108792315,
                19.58564211374689
              ],
              [
                80.34398295820738,
                19.58501947789667
              ]
            ],
            [
              [
                80.3466281529634,
                19.58570698842753
              ],
              [
                80.34687280790396,
                19.58592896498353
              ],
              [
                80.34697860541718,
                19.58596760335663
              ],
              [
                80.34722992728767,
                19.58620282652368
              ],
              [
                80.34698139528624,
                19.58652709605955
              ],
              [
                80.34607331154292,
                19.58650467768873
              ],
              [
                80.34590975036977,
                19.58577723540395
              ],
              [
                80.34626288364372,
                19.58564303827411
              ],
              [
                80.3464706484763,
                19.58556408338928
              ],
              [
                80.3466281529634,
                19.58570698842753
              ]
            ],
            [
              [
                80.34459816747935,
                19.58705342799957
              ],
              [
                80.34472224870845,
                19.58721337352411
              ],
              [
                80.34592194531895,
                19.58721364638432
              ],
              [
                80.34562944147346,
                19.58740369415546
              ],
              [
                80.34485505923048,
                19.58738457100974
              ],
              [
                80.34499343448218,
                19.58756294114963
              ],
              [
                80.34499348920828,
                19.58756287565473
              ],
              [
                80.34485536125007,
                19.58738482428462
              ],
              [
                80.34536295678895,
                19.58739735958467
              ],
              [
                80.34562974349436,
                19.58740394742907
              ],
              [
                80.345637673149,
                19.58740414323236
              ],
              [
                80.34561126302081,
                19.58769693881798
              ],
              [
                80.34561098275681,
                19.58769680147993
              ],
              [
                80.34564772864879,
                19.58789260391154
              ],
              [
                80.34567270008306,
                19.58802566526868
              ],
              [
                80.34547653925812,
                19.58818634246917
              ],
              [
                80.34504021423335,
                19.58847167210934
              ],
              [
                80.34474935422156,
                19.5886559139665
              ],
              [
                80.3446104363223,
                19.5886972506997
              ],
              [
                80.34459923098042,
                19.58719591809835
              ],
              [
                80.3441183264758,
                19.587183185563
              ],
              [
                80.34432850407127,
                19.58667587302334
              ],
              [
                80.34459816747935,
                19.58705342799957
              ]
            ],
            [
              [
                80.3462435931155,
                19.58892460075204
              ],
              [
                80.34650348494964,
                19.58828715910039
              ],
              [
                80.34611936562332,
                19.58782670404886
              ],
              [
                80.34646819136324,
                19.58765582021455
              ],
              [
                80.34696846420695,
                19.58746396566297
              ],
              [
                80.34748421873633,
                19.58718609146937
              ],
              [
                80.34758970905003,
                19.58730123883094
              ],
              [
                80.34765767702396,
                19.58733734900072
              ],
              [
                80.34811739380588,
                19.58781959276
              ],
              [
                80.34820722926399,
                19.58806379454603
              ],
              [
                80.34785785562799,
                19.58837096399103
              ],
              [
                80.34760721280838,
                19.58859241573811
              ],
              [
                80.34742335291091,
                19.58914406003091
              ],
              [
                80.34612079463325,
                19.58934735365414
              ],
              [
                80.34623564860061,
                19.58901781900806
              ],
              [
                80.3462435931155,
                19.58892460075204
              ]
            ],
            [
              [
                80.35403378202727,
                19.58858852649729
              ],
              [
                80.35419924510155,
                19.58858024440774
              ],
              [
                80.35413710628524,
                19.58872365428587
              ],
              [
                80.35413708314319,
                19.58872362404655
              ],
              [
                80.35370274677297,
                19.58972601882889
              ],
              [
                80.35320606048302,
                19.59091493210114
              ],
              [
                80.35300237756768,
                19.5907492255668
              ],
              [
                80.35298959099374,
                19.59016100538961
              ],
              [
                80.3529846018492,
                19.58951543029396
              ],
              [
                80.35322099070665,
                19.58907156120172
              ],
              [
                80.35325183611157,
                19.58892821467259
              ],
              [
                80.35339686194234,
                19.58862030187578
              ],
              [
                80.35403370567143,
                19.58858842672421
              ],
              [
                80.35403378202727,
                19.58858852649729
              ]
            ],
            [
              [
                80.34091938512809,
                19.58986241149007
              ],
              [
                80.34109007395394,
                19.59007343879253
              ],
              [
                80.34194830464278,
                19.5899522438916
              ],
              [
                80.34191496185304,
                19.5907076618658
              ],
              [
                80.3411664045205,
                19.59115442621494
              ],
              [
                80.33916851298427,
                19.59111842286471
              ],
              [
                80.33956369811499,
                19.59071819179308
              ],
              [
                80.3396854131303,
                19.59056561697597
              ],
              [
                80.33976668631131,
                19.59043202155648
              ],
              [
                80.33995942698043,
                19.59018406871194
              ],
              [
                80.34006166093222,
                19.58985927405752
              ],
              [
                80.34061806068816,
                19.58951701323998
              ],
              [
                80.34091938512809,
                19.58986241149007
              ]
            ],
            [
              [
                80.33808789407036,
                19.59521349885332
              ],
              [
                80.33691696232992,
                19.59529526938648
              ],
              [
                80.33693351593591,
                19.59371730633797
              ],
              [
                80.33741730201093,
                19.59386254189169
              ],
              [
                80.33841577552566,
                19.59400010202848
              ],
              [
                80.3384146422761,
                19.59427744760752
              ],
              [
                80.33808789407036,
                19.59521349885332
              ]
            ],
            [
              [
                80.34590201538596,
                19.59563252275529
              ],
              [
                80.34565240206486,
                19.59559575257659
              ],
              [
                80.34573197045609,
                19.59463488010471
              ],
              [
                80.34539930948895,
                19.59454759825019
              ],
              [
                80.34454489553691,
                19.59434365389214
              ],
              [
                80.34453054280795,
                19.59414993489349
              ],
              [
                80.34593979388094,
                19.59377489271187
              ],
              [
                80.34721301122428,
                19.59334913684928
              ],
              [
                80.34838627539519,
                19.59331034444929
              ],
              [
                80.3481712725706,
                19.59407706205151
              ],
              [
                80.34808614337372,
                19.5945429893812
              ],
              [
                80.3480136853314,
                19.59475970598997
              ],
              [
                80.34824622665344,
                19.59527699199805
              ],
              [
                80.34822126906681,
                19.59583638389585
              ],
              [
                80.34848475028556,
                19.59618880596995
              ],
              [
                80.34837058819627,
                19.5963461959415
              ],
              [
                80.34711428024434,
                19.59632730412973
              ],
              [
                80.34632918699965,
                19.59582235954123
              ],
              [
                80.34590201538596,
                19.59563252275529
              ]
            ],
            [
              [
                80.34597583685397,
                19.60543068292684
              ],
              [
                80.34569125418132,
                19.60561494800757
              ],
              [
                80.34573240912346,
                19.60635629060846
              ],
              [
                80.34561822241976,
                19.6065172647425
              ],
              [
                80.34435762855391,
                19.60629151944134
              ],
              [
                80.34459487762719,
                19.60533600451423
              ],
              [
                80.34497967765998,
                19.6053254490841
              ],
              [
                80.34519429870952,
                19.60528438763206
              ],
              [
                80.3457254981364,
                19.60494560752505
              ],
              [
                80.34597583685397,
                19.60543068292684
              ]
            ],
            [
              [
                80.3516538004757,
                19.59716162376548
              ],
              [
                80.35186004399975,
                19.5976345781762
              ],
              [
                80.35101968841694,
                19.59800812889494
              ],
              [
                80.34930090414258,
                19.59767255128966
              ],
              [
                80.34936410602057,
                19.59783211381008
              ],
              [
                80.3492163995301,
                19.59789386469196
              ],
              [
                80.34908852742757,
                19.59769614964328
              ],
              [
                80.34849387793703,
                19.59782311239706
              ],
              [
                80.34831473230362,
                19.5981416564039
              ],
              [
                80.34814068445762,
                19.59813385416277
              ],
              [
                80.34805646263999,
                19.59837383986634
              ],
              [
                80.34781447088572,
                19.59832275445284
              ],
              [
                80.34787701719951,
                19.59807603728964
              ],
              [
                80.34899893527344,
                19.59691018157896
              ],
              [
                80.34926490185181,
                19.59644063326021
              ],
              [
                80.35127676409456,
                19.59681357938999
              ],
              [
                80.3516538004757,
                19.59716162376548
              ]
            ]
          ],
          [
            [
              [
                80.35894800548628,
                19.59873721261847
              ],
              [
                80.35901716770164,
                19.59840000583418
              ],
              [
                80.35901251444713,
                19.59839950580873
              ],
              [
                80.35826910098383,
                19.59886553803748
              ],
              [
                80.35742877614533,
                19.59926910198942
              ],
              [
                80.35662952498544,
                19.59965150192257
              ],
              [
                80.3558425351736,
                19.60018158728099
              ],
              [
                80.35521072389984,
                19.60078811496956
              ],
              [
                80.35458979242584,
                19.601383223497
              ],
              [
                80.35440688461817,
                19.60157412332132
              ],
              [
                80.35462229404527,
                19.60163435086551
              ],
              [
                80.35564388675282,
                19.60160960400868
              ],
              [
                80.3556542780811,
                19.60160935226258
              ],
              [
                80.35597920990075,
                19.60174201594546
              ],
              [
                80.3564920057893,
                19.60176721659137
              ],
              [
                80.35697550324224,
                19.6018101296959
              ],
              [
                80.35757158662351,
                19.60100650493239
              ],
              [
                80.35813635527693,
                19.60046338046912
              ],
              [
                80.3581741414997,
                19.60047786074005
              ],
              [
                80.35817437852305,
                19.60041808777651
              ],
              [
                80.3577668181934,
                19.59980933413249
              ],
              [
                80.3587698212206,
                19.59966705757981
              ],
              [
                80.35879239579772,
                19.59954925406424
              ],
              [
                80.35885758150141,
                19.59920908712382
              ],
              [
                80.35894800548628,
                19.59873721261847
              ]
            ]
          ],
          [
            [
              [
                80.3716201515164,
                19.59615043972234
              ],
              [
                80.37154042531576,
                19.59626223794035
              ],
              [
                80.37148379370862,
                19.59634165102191
              ],
              [
                80.37135211013913,
                19.59652630720461
              ],
              [
                80.37131896315029,
                19.59657278821483
              ],
              [
                80.37101609314983,
                19.59712452091256
              ],
              [
                80.37066946571926,
                19.59750968963514
              ],
              [
                80.36990267499083,
                19.5974668426034
              ],
              [
                80.36989908418496,
                19.59776713420758
              ],
              [
                80.3701560061956,
                19.59787323429699
              ],
              [
                80.37045161650853,
                19.59915689574937
              ],
              [
                80.37018019781713,
                19.59920974398212
              ],
              [
                80.37008469219764,
                19.59991549942741
              ],
              [
                80.3696163562614,
                19.60006592668624
              ],
              [
                80.3696144144568,
                19.60006620067459
              ],
              [
                80.36834179367939,
                19.600245762546
              ],
              [
                80.36833652812915,
                19.6002465054752
              ],
              [
                80.36817030728031,
                19.60055937704361
              ],
              [
                80.3672698708596,
                19.60049524857949
              ],
              [
                80.36725250536674,
                19.60009709360006
              ],
              [
                80.36705570584259,
                19.6000999889719
              ],
              [
                80.36635942636583,
                19.60024221087616
              ],
              [
                80.36510518328556,
                19.60049839484338
              ],
              [
                80.36476421854756,
                19.5994738649302
              ],
              [
                80.36396807828505,
                19.59919370637152
              ],
              [
                80.36300176416732,
                19.59907552783894
              ],
              [
                80.36216453374911,
                19.59846813373679
              ],
              [
                80.36160101582975,
                19.5985713405525
              ],
              [
                80.36142944317034,
                19.59842082747765
              ],
              [
                80.36079230001637,
                19.59840424759989
              ],
              [
                80.36023445948045,
                19.5983155962861
              ],
              [
                80.3601838980631,
                19.59832553181303
              ],
              [
                80.35969656610655,
                19.59977495670024
              ],
              [
                80.36008482688841,
                19.59997501453275
              ],
              [
                80.36008735255315,
                19.59997631591925
              ],
              [
                80.36014552437103,
                19.60000144655997
              ],
              [
                80.36016159170717,
                19.60000838775924
              ],
              [
                80.36019251392514,
                19.60002591715376
              ],
              [
                80.36050969732614,
                19.60020572368919
              ],
              [
                80.36054002867485,
                19.60019148559822
              ],
              [
                80.36088936026346,
                19.60053463099811
              ],
              [
                80.36153321719806,
                19.60040541076508
              ],
              [
                80.36177851860243,
                19.60089881594217
              ],
              [
                80.3628028731866,
                19.60152887045846
              ],
              [
                80.36336571754083,
                19.60147108588465
              ],
              [
                80.36354419544557,
                19.60163669209069
              ],
              [
                80.36336780081194,
                19.60222424350446
              ],
              [
                80.36406555114692,
                19.60250644872407
              ],
              [
                80.36440178292358,
                19.60297626182751
              ],
              [
                80.36458098401279,
                19.60360093261989
              ],
              [
                80.36429387553738,
                19.60347080849253
              ],
              [
                80.36369784663255,
                19.60298334133878
              ],
              [
                80.36321963686957,
                19.60268995583964
              ],
              [
                80.3629020347194,
                19.60245571533991
              ],
              [
                80.3624736511983,
                19.60239924651647
              ],
              [
                80.36212895343013,
                19.60307552475534
              ],
              [
                80.36163421041542,
                19.60217716562856
              ],
              [
                80.36104478451101,
                19.60209737070848
              ],
              [
                80.36103778076604,
                19.60209651320886
              ],
              [
                80.36017951218493,
                19.60370974720118
              ],
              [
                80.36013758806328,
                19.60359291989805
              ],
              [
                80.36002152958876,
                19.60333811049443
              ],
              [
                80.3600418038597,
                19.60331522936325
              ],
              [
                80.35924929271395,
                19.60262573180827
              ],
              [
                80.35826773428523,
                19.60278482364035
              ],
              [
                80.35819953707473,
                19.60279580229277
              ],
              [
                80.35784870212441,
                19.60270465266227
              ],
              [
                80.35752170800495,
                19.60270922539429
              ],
              [
                80.35724487615319,
                19.60278857412545
              ],
              [
                80.3571781340968,
                19.6028227657414
              ],
              [
                80.35632525178688,
                19.60320456464374
              ],
              [
                80.35548021176517,
                19.60316567987779
              ],
              [
                80.35526258497703,
                19.60317087872557
              ],
              [
                80.3550670219371,
                19.60317914496581
              ],
              [
                80.35470429073263,
                19.60319278980667
              ],
              [
                80.35438873503966,
                19.60320655180811
              ],
              [
                80.35432862369579,
                19.60320917331845
              ],
              [
                80.35393712131247,
                19.60322624659985
              ],
              [
                80.3538760626371,
                19.60333307872614
              ],
              [
                80.35385951581476,
                19.60336454503299
              ],
              [
                80.35365713317992,
                19.60374940532686
              ],
              [
                80.35348704347238,
                19.60433147293096
              ],
              [
                80.35343035736976,
                19.60452545861907
              ],
              [
                80.3534239363679,
                19.60466909091421
              ],
              [
                80.35340080446821,
                19.60510902956886
              ],
              [
                80.35339888762671,
                19.60525115853743
              ],
              [
                80.35344456575446,
                19.60534367060702
              ],
              [
                80.35344600317431,
                19.60534658181658
              ],
              [
                80.35355962109321,
                19.60557457692837
              ],
              [
                80.35481108723192,
                19.60633484018781
              ],
              [
                80.35701444529332,
                19.60741266675355
              ],
              [
                80.35747162216512,
                19.60792148140492
              ],
              [
                80.35792502402428,
                19.60842609041932
              ],
              [
                80.35804759137457,
                19.60868008686918
              ],
              [
                80.35856827203774,
                19.60853621227
              ],
              [
                80.35896681889723,
                19.60845531222677
              ],
              [
                80.35929302449769,
                19.60844939694399
              ],
              [
                80.3597372072815,
                19.60874236266185
              ],
              [
                80.3602580488122,
                19.60914463329903
              ],
              [
                80.36055302600293,
                19.60937245664888
              ],
              [
                80.36078159947193,
                19.60955514749748
              ],
              [
                80.36120259775602,
                19.60989163501285
              ],
              [
                80.36147167028571,
                19.61009810118178
              ],
              [
                80.36190455146831,
                19.61042990727977
              ],
              [
                80.3620551388692,
                19.61054205434387
              ],
              [
                80.36228366208627,
                19.61071224207362
              ],
              [
                80.3630912181008,
                19.6107295284006
              ],
              [
                80.364692199407,
                19.61087219032963
              ],
              [
                80.36539626809655,
                19.61109467211729
              ],
              [
                80.36562156079589,
                19.61110965405004
              ],
              [
                80.36835248749637,
                19.61171711841608
              ],
              [
                80.36972919109918,
                19.61195147216036
              ],
              [
                80.37244930085932,
                19.61125085591184
              ],
              [
                80.37378954971105,
                19.61112640850272
              ],
              [
                80.3750630041447,
                19.61065742182987
              ],
              [
                80.37557224335168,
                19.61011404993031
              ],
              [
                80.37655808551001,
                19.60963688230142
              ],
              [
                80.37744709681681,
                19.60875052097721
              ],
              [
                80.37810811963813,
                19.60799195546754
              ],
              [
                80.37867780755845,
                19.60757841882951
              ],
              [
                80.38013364653598,
                19.60690918353369
              ],
              [
                80.38022056780494,
                19.60641389532343
              ],
              [
                80.38055118430168,
                19.60449351931918
              ],
              [
                80.38078191070011,
                19.60315332190473
              ],
              [
                80.38094642951506,
                19.60170577341958
              ],
              [
                80.38217083519933,
                19.60099125071715
              ],
              [
                80.38213864895884,
                19.59955068109333
              ],
              [
                80.38213851329031,
                19.59954460891688
              ],
              [
                80.38213795917777,
                19.59953973551869
              ],
              [
                80.38213777849236,
                19.59953814639774
              ],
              [
                80.38213663833535,
                19.59952811876067
              ],
              [
                80.38213595631711,
                19.59952212043605
              ],
              [
                80.38213587344306,
                19.59952139156202
              ],
              [
                80.38213389492198,
                19.59950399054141
              ],
              [
                80.38213292808528,
                19.59949548724669
              ],
              [
                80.38213076736362,
                19.59947648377334
              ],
              [
                80.38213069504697,
                19.5994758477507
              ],
              [
                80.3821238295133,
                19.59941546558931
              ],
              [
                80.38211553514898,
                19.59934251685254
              ],
              [
                80.38211115612066,
                19.59930400337918
              ],
              [
                80.38209713051408,
                19.5991806483199
              ],
              [
                80.38209369623544,
                19.59915044385074
              ],
              [
                80.38208167225643,
                19.59904469291781
              ],
              [
                80.38207580124276,
                19.59899305729005
              ],
              [
                80.3820675303592,
                19.59892031473174
              ],
              [
                80.38206035391775,
                19.59885719776365
              ],
              [
                80.38205763126162,
                19.59883325192873
              ],
              [
                80.38205056159096,
                19.59877107395366
              ],
              [
                80.38203818948999,
                19.59868819342365
              ],
              [
                80.38202773407869,
                19.59861815271013
              ],
              [
                80.38198807173627,
                19.59835245450308
              ],
              [
                80.38197837702128,
                19.59828750944308
              ],
              [
                80.38189264351014,
                19.59799497093688
              ],
              [
                80.38181743142454,
                19.59773833260605
              ],
              [
                80.38091934478318,
                19.59599121475684
              ],
              [
                80.38026977600003,
                19.59600665400009
              ],
              [
                80.3716201515164,
                19.59615043972234
              ]
            ],
            [
              [
                80.37011143015573,
                19.60364641218349
              ],
              [
                80.37004351497019,
                19.6032695993233
              ],
              [
                80.36983283391125,
                19.60269778500702
              ],
              [
                80.36976146104611,
                19.6025612509483
              ],
              [
                80.36927591559733,
                19.60188171634032
              ],
              [
                80.37012300609486,
                19.60154981049933
              ],
              [
                80.37041117387685,
                19.60190003188931
              ],
              [
                80.37040760033838,
                19.60191048205413
              ],
              [
                80.37067282025116,
                19.60188639172902
              ],
              [
                80.37067236590663,
                19.60188301205548
              ],
              [
                80.37062169809398,
                19.6015852607246
              ],
              [
                80.37063792203567,
                19.6015882282661
              ],
              [
                80.37035823365632,
                19.60121374223393
              ],
              [
                80.3702532310197,
                19.60064253460935
              ],
              [
                80.37111395044431,
                19.6007023254463
              ],
              [
                80.3715938820987,
                19.60055456480229
              ],
              [
                80.3715755959094,
                19.60120304796519
              ],
              [
                80.37142624904118,
                19.60149243055562
              ],
              [
                80.37132131972743,
                19.60171322797404
              ],
              [
                80.37140177072664,
                19.60211100506639
              ],
              [
                80.37154937746101,
                19.60226992073019
              ],
              [
                80.37163079239494,
                19.60241963939352
              ],
              [
                80.37169337577168,
                19.60255370039722
              ],
              [
                80.37202176529293,
                19.60244192315817
              ],
              [
                80.37212093180335,
                19.6020806365778
              ],
              [
                80.3721193666094,
                19.60167117985043
              ],
              [
                80.3727147225929,
                19.60184958624068
              ],
              [
                80.37312175199918,
                19.6017972060833
              ],
              [
                80.37379461283834,
                19.60150665323043
              ],
              [
                80.37477672242508,
                19.60035044883746
              ],
              [
                80.37496719779303,
                19.60002534154018
              ],
              [
                80.37547175349852,
                19.60003306809308
              ],
              [
                80.37518229384229,
                19.60067463470493
              ],
              [
                80.37514021206958,
                19.60095542633056
              ],
              [
                80.3748074641401,
                19.60137268984462
              ],
              [
                80.37523694801678,
                19.6012217557574
              ],
              [
                80.37529015615938,
                19.60132654460829
              ],
              [
                80.37544050457404,
                19.6015930597696
              ],
              [
                80.37555638237961,
                19.60180267012516
              ],
              [
                80.37583107284955,
                19.60171993823261
              ],
              [
                80.37626063740313,
                19.60154808110796
              ],
              [
                80.37711781789613,
                19.60089054369409
              ],
              [
                80.37735038209263,
                19.60110055622374
              ],
              [
                80.37724893665575,
                19.60123768580009
              ],
              [
                80.37725799510555,
                19.60134232152927
              ],
              [
                80.37749420805868,
                19.60142383247994
              ],
              [
                80.37780285174932,
                19.60153249149834
              ],
              [
                80.37822892724098,
                19.60144728981971
              ],
              [
                80.37831753930816,
                19.60136690067565
              ],
              [
                80.3789051725065,
                19.60109396662042
              ],
              [
                80.37913412624634,
                19.60060162023408
              ],
              [
                80.37935461682757,
                19.60067111978721
              ],
              [
                80.37925821976393,
                19.60113702481233
              ],
              [
                80.37864703131365,
                19.60179542090886
              ],
              [
                80.37932076711768,
                19.60209661252985
              ],
              [
                80.37924137537898,
                19.60223979659305
              ],
              [
                80.37875779806153,
                19.6025160790814
              ],
              [
                80.3786940362843,
                19.60269518114035
              ],
              [
                80.3784386922138,
                19.60266740229195
              ],
              [
                80.37822828041293,
                19.60243654666549
              ],
              [
                80.37779366051078,
                19.60228262294683
              ],
              [
                80.37737721606841,
                19.6023230263426
              ],
              [
                80.37698708222274,
                19.60208258217227
              ],
              [
                80.37668430800188,
                19.60208751255443
              ],
              [
                80.37628128474906,
                19.60191875103935
              ],
              [
                80.37595163368256,
                19.60235097084918
              ],
              [
                80.37596407547602,
                19.60239584438944
              ],
              [
                80.3760359183875,
                19.60257541498166
              ],
              [
                80.37600216920028,
                19.60314912791135
              ],
              [
                80.3754532676778,
                19.60318906806392
              ],
              [
                80.3753475004856,
                19.60362803981989
              ],
              [
                80.37479218594096,
                19.60369485394643
              ],
              [
                80.37437178695727,
                19.60312554259458
              ],
              [
                80.37433420858416,
                19.60305667211419
              ],
              [
                80.37430298381119,
                19.60297586890348
              ],
              [
                80.3742246619935,
                19.60284110561203
              ],
              [
                80.3741277187991,
                19.60262857151553
              ],
              [
                80.37413743407257,
                19.60256285394403
              ],
              [
                80.37398977823165,
                19.6024158949516
              ],
              [
                80.37392701713114,
                19.60233498212048
              ],
              [
                80.37357656740468,
                19.60243537989302
              ],
              [
                80.37327664534445,
                19.60251802053435
              ],
              [
                80.37304531634165,
                19.60280413062755
              ],
              [
                80.37242912221657,
                19.60311878739995
              ],
              [
                80.37212585914905,
                19.60324923355887
              ],
              [
                80.37199737018004,
                19.60303957716201
              ],
              [
                80.37178635245748,
                19.60296711295172
              ],
              [
                80.37154697510337,
                19.60288857220552
              ],
              [
                80.37138637006792,
                19.60282823812273
              ],
              [
                80.37117851819427,
                19.60275279556109
              ],
              [
                80.37080952743555,
                19.60275449626276
              ],
              [
                80.37058856646247,
                19.60276028779137
              ],
              [
                80.37019680618039,
                19.60252690866411
              ],
              [
                80.37002216120838,
                19.60260890047281
              ],
              [
                80.3700219071288,
                19.60260901975719
              ],
              [
                80.37010179340552,
                19.60288127281391
              ],
              [
                80.37025752309955,
                19.60338391773153
              ],
              [
                80.3703130101436,
                19.60371286798545
              ],
              [
                80.37041846812318,
                19.60416751796526
              ],
              [
                80.37044888888286,
                19.60445453886558
              ],
              [
                80.36997588034498,
                19.60444093084342
              ],
              [
                80.37007770619311,
                19.60420816873743
              ],
              [
                80.37013556618412,
                19.60392743378043
              ],
              [
                80.37011143015573,
                19.60364641218349
              ]
            ],
            [
              [
                80.36182670188866,
                19.60803273445963
              ],
              [
                80.36090530671358,
                19.60815499319393
              ],
              [
                80.36089352819955,
                19.60714477470134
              ],
              [
                80.3612149862447,
                19.60720269981113
              ],
              [
                80.36181474078076,
                19.60706734556254
              ],
              [
                80.36234526512175,
                19.60689289132118
              ],
              [
                80.36243059035779,
                19.60764933168003
              ],
              [
                80.36220854312087,
                19.60797431285613
              ],
              [
                80.36197113864239,
                19.6081946352307
              ],
              [
                80.36182670188866,
                19.60803273445963
              ]
            ],
            [
              [
                80.37325736009129,
                19.60691108108332
              ],
              [
                80.37297734807593,
                19.6067367625416
              ],
              [
                80.37271943604671,
                19.60655654313166
              ],
              [
                80.37215396694077,
                19.60644969029
              ],
              [
                80.37150839954491,
                19.60644118618411
              ],
              [
                80.37069171765062,
                19.60616532535638
              ],
              [
                80.37043375818969,
                19.6060630477023
              ],
              [
                80.37009972648349,
                19.60610563628498
              ],
              [
                80.37030296703928,
                19.60660705881105
              ],
              [
                80.36926675398793,
                19.60719093949224
              ],
              [
                80.36898602526942,
                19.60801005361657
              ],
              [
                80.36820227106153,
                19.60712982688558
              ],
              [
                80.36750177405511,
                19.60689783754712
              ],
              [
                80.3674071757001,
                19.60684818689982
              ],
              [
                80.36740922960168,
                19.60688484058539
              ],
              [
                80.36738492846465,
                19.60689555688076
              ],
              [
                80.36764327670136,
                19.60813445708624
              ],
              [
                80.36735782991485,
                19.60822192020647
              ],
              [
                80.36657455684234,
                19.60786530696918
              ],
              [
                80.36618147516498,
                19.60742328841897
              ],
              [
                80.36604962783221,
                19.60744910852317
              ],
              [
                80.36591313256177,
                19.6075131839031
              ],
              [
                80.36570726775595,
                19.60725184541133
              ],
              [
                80.36478097885102,
                19.60733704717212
              ],
              [
                80.36492126433268,
                19.60695020744389
              ],
              [
                80.36492461739313,
                19.60693666819803
              ],
              [
                80.36390448819013,
                19.60718410880714
              ],
              [
                80.36372458103432,
                19.60673875646619
              ],
              [
                80.36411102180357,
                19.60663252792892
              ],
              [
                80.36428205644978,
                19.60644663721177
              ],
              [
                80.36506748641094,
                19.60633624799611
              ],
              [
                80.36549397441365,
                19.60631144996006
              ],
              [
                80.36617780698937,
                19.60628755639277
              ],
              [
                80.3669081196643,
                19.60599125486824
              ],
              [
                80.36706666542703,
                19.60609462288594
              ],
              [
                80.36736206027942,
                19.60604305935275
              ],
              [
                80.3682602950376,
                19.60583891532264
              ],
              [
                80.36867916241746,
                19.60569759569727
              ],
              [
                80.36958084411982,
                19.60544970259829
              ],
              [
                80.36991417018527,
                19.60537555347007
              ],
              [
                80.37021895106766,
                19.60524554688104
              ],
              [
                80.37087761475811,
                19.60559405815583
              ],
              [
                80.37138611507959,
                19.60582469018391
              ],
              [
                80.37163123019808,
                19.60599689697375
              ],
              [
                80.37210686972927,
                19.60607392162914
              ],
              [
                80.37278117604653,
                19.60608753307314
              ],
              [
                80.37393191903385,
                19.60618717355447
              ],
              [
                80.37443009225265,
                19.60785061820654
              ],
              [
                80.37472459455243,
                19.60835672993614
              ],
              [
                80.37446826022061,
                19.60858298085975
              ],
              [
                80.37413136034783,
                19.60843835345302
              ],
              [
                80.37406599816401,
                19.60821397430813
              ],
              [
                80.37354535280188,
                19.60746797982049
              ],
              [
                80.37343883091724,
                19.60728529905201
              ],
              [
                80.37325736009129,
                19.60691108108332
              ]
            ]
          ],
          [
            [
              [
                80.35116202400641,
                19.60781839435516
              ],
              [
                80.35116025606591,
                19.60781871266081
              ],
              [
                80.35098542856639,
                19.60798613536295
              ],
              [
                80.35011665749313,
                19.60881810188697
              ],
              [
                80.35010833211919,
                19.60881930160678
              ],
              [
                80.34981165504992,
                19.60881897140025
              ],
              [
                80.34983176087225,
                19.60885915640371
              ],
              [
                80.34995886820813,
                19.60911320215201
              ],
              [
                80.34975015169671,
                19.60965062085165
              ],
              [
                80.34906421677262,
                19.60978050763906
              ],
              [
                80.34811174528198,
                19.60831879945311
              ],
              [
                80.34807481776598,
                19.60832350673002
              ],
              [
                80.34796764672059,
                19.60833716784006
              ],
              [
                80.3469143798213,
                19.60847142440727
              ],
              [
                80.34630711700062,
                19.60853737007513
              ],
              [
                80.34591483885707,
                19.60876398079629
              ],
              [
                80.345663721222,
                19.60884728659399
              ],
              [
                80.34550638436224,
                19.60895756892614
              ],
              [
                80.34481567477499,
                19.60944170542871
              ],
              [
                80.34472999313061,
                19.60951796202526
              ],
              [
                80.34462238476955,
                19.60961373321897
              ],
              [
                80.3439721454543,
                19.6100622987836
              ],
              [
                80.34363054954147,
                19.61036730906752
              ],
              [
                80.34371415800008,
                19.61200198400009
              ],
              [
                80.34506420000008,
                19.61326313500009
              ],
              [
                80.34242892800006,
                19.61719278000005
              ],
              [
                80.34186757645087,
                19.6180042433797
              ],
              [
                80.3411504476435,
                19.61904087613736
              ],
              [
                80.3401550504577,
                19.62047972709135
              ],
              [
                80.34027847381071,
                19.62197700191156
              ],
              [
                80.34036117237011,
                19.62298022299507
              ],
              [
                80.34037649149332,
                19.62316605906493
              ],
              [
                80.3403780315343,
                19.62316692095907
              ],
              [
                80.34042592454387,
                19.62372143890752
              ],
              [
                80.34294614295149,
                19.62520765636541
              ],
              [
                80.3432313495122,
                19.62476376126065
              ],
              [
                80.34348833384786,
                19.62438551269846
              ],
              [
                80.3454620510001,
                19.62148037600002
              ],
              [
                80.34571304727028,
                19.62110211044192
              ],
              [
                80.34650302446931,
                19.61991155584752
              ],
              [
                80.34989406166763,
                19.61480076270307
              ],
              [
                80.35049116065566,
                19.61390080498895
              ],
              [
                80.35182019037849,
                19.61189762427943
              ],
              [
                80.3538410451236,
                19.60875510351663
              ],
              [
                80.35387962012227,
                19.60869511603045
              ],
              [
                80.353433685451,
                19.60816202652392
              ],
              [
                80.35281206562338,
                19.60800399211231
              ],
              [
                80.35204721150365,
                19.60779022214361
              ],
              [
                80.35171506309017,
                19.60776176102848
              ],
              [
                80.3511728467153,
                19.60781644579958
              ],
              [
                80.35116302340812,
                19.60781743650539
              ],
              [
                80.35116202400641,
                19.60781839435516
              ]
            ]
          ]
        ]
      }
    }
  ]
}