patch_index,sample_id,project_id,project_name,year,center_row,center_col,center_latitude,center_longitude,spatial_block,original_feature6_split,cnn_spatial_split,candidate_category,target,predicted_target,predicted_probability
0,MH-001_2021_R007_C007,MH-001,Gondkhari,2021,7,7,21.179984,78.914617,MH-001_C0,train,cnn_test,2,1,1,0.23104179
1,MH-001_2021_R007_C008,MH-001,Gondkhari,2021,7,8,21.179984,78.914887,MH-001_C1,train,cnn_test,1,0,1,0.117537946
2,MH-001_2021_R007_C009,MH-001,Gondkhari,2021,7,9,21.179984,78.915156,MH-001_C1,train,cnn_test,0,0,1,0.5144779
3,MH-001_2021_R007_C010,MH-001,Gondkhari,2021,7,10,21.179984,78.915426,MH-001_C1,train,cnn_test,0,0,1,0.18846959
4,MH-001_2021_R007_C011,MH-001,Gondkhari,2021,7,11,21.179984,78.915695,MH-001_C1,train,cnn_test,0,0,1,0.24227296
5,MH-001_2021_R007_C012,MH-001,Gondkhari,2021,7,12,21.179984,78.915965,MH-001_C1,train,cnn_test,0,0,1,0.24669492
6,MH-001_2021_R007_C013,MH-001,Gondkhari,2021,7,13,21.179984,78.916234,MH-001_C1,train,cnn_test,1,0,1,0.1818997
7,MH-001_2021_R007_C019,MH-001,Gondkhari,2021,7,19,21.179984,78.917851,MH-001_C2,train,cnn_test,2,1,1,0.82984424
8,MH-001_2021_R007_C020,MH-001,Gondkhari,2021,7,20,21.179984,78.918121,MH-001_C2,train,cnn_test,2,1,1,0.84785897
9,MH-001_2021_R007_C021,MH-001,Gondkhari,2021,7,21,21.179984,78.91839,MH-001_C3,train,cnn_test,1,0,1,0.81313014
10,MH-001_2021_R007_C022,MH-001,Gondkhari,2021,7,22,21.179984,78.91866,MH-001_C3,train,cnn_test,1,0,1,0.8687913
11,MH-001_2021_R007_C023,MH-001,Gondkhari,2021,7,23,21.179984,78.918929,MH-001_C3,train,cnn_test,1,0,1,0.77930635
12,MH-001_2021_R007_C024,MH-001,Gondkhari,2021,7,24,21.179984,78.919199,MH-001_C3,train,cnn_test,1,0,1,0.934364
13,MH-001_2021_R007_C025,MH-001,Gondkhari,2021,7,25,21.179984,78.919468,MH-001_C3,train,cnn_test,1,0,1,0.8752604
14,MH-001_2021_R007_C026,MH-001,Gondkhari,2021,7,26,21.179984,78.919738,MH-001_C3,train,cnn_test,1,0,1,0.82154274
15,MH-001_2021_R007_C027,MH-001,Gondkhari,2021,7,27,21.179984,78.920007,MH-001_C4,train,cnn_test,0,0,1,0.6884297
16,MH-001_2021_R007_C028,MH-001,Gondkhari,2021,7,28,21.179984,78.920277,MH-001_C4,train,cnn_test,0,0,1,0.7364158
17,MH-001_2021_R007_C029,MH-001,Gondkhari,2021,7,29,21.179984,78.920546,MH-001_C4,train,cnn_test,2,1,1,0.49027705
18,MH-001_2021_R007_C030,MH-001,Gondkhari,2021,7,30,21.179984,78.920816,MH-001_C4,train,cnn_test,2,1,1,0.6288269
19,MH-001_2021_R007_C031,MH-001,Gondkhari,2021,7,31,21.179984,78.921085,MH-001_C4,train,cnn_test,2,1,1,0.28121746
20,MH-001_2021_R007_C032,MH-001,Gondkhari,2021,7,32,21.179984,78.921355,MH-001_C4,train,cnn_test,2,1,1,0.52947676
21,MH-001_2021_R007_C033,MH-001,Gondkhari,2021,7,33,21.179984,78.921624,MH-001_C5,train,cnn_test,1,0,1,0.7299356
22,MH-001_2021_R007_C034,MH-001,Gondkhari,2021,7,34,21.179984,78.921894,MH-001_C5,train,cnn_test,1,0,1,0.80641997
23,MH-001_2021_R007_C035,MH-001,Gondkhari,2021,7,35,21.179984,78.922163,MH-001_C5,train,cnn_test,3,1,1,0.8514578
24,MH-001_2021_R007_C038,MH-001,Gondkhari,2021,7,38,21.179984,78.922972,MH-001_C5,train,cnn_test,0,0,1,0.8841454
25,MH-001_2021_R007_C039,MH-001,Gondkhari,2021,7,39,21.179984,78.923241,MH-001_C5,train,cnn_test,0,0,1,0.847693
26,MH-001_2021_R007_C040,MH-001,Gondkhari,2021,7,40,21.179984,78.92351,MH-001_C6,train,cnn_test,1,0,1,0.85678387
27,MH-001_2021_R007_C041,MH-001,Gondkhari,2021,7,41,21.179984,78.92378,MH-001_C6,train,cnn_test,2,1,1,0.8429619
28,MH-001_2021_R007_C042,MH-001,Gondkhari,2021,7,42,21.179984,78.924049,MH-001_C6,train,cnn_test,2,1,1,0.8641062
29,MH-001_2021_R007_C043,MH-001,Gondkhari,2021,7,43,21.179984,78.924319,MH-001_C6,train,cnn_test,0,0,1,0.9225909
30,MH-001_2021_R007_C044,MH-001,Gondkhari,2021,7,44,21.179984,78.924588,MH-001_C6,train,cnn_test,0,0,1,0.95938134
31,MH-001_2021_R008_C007,MH-001,Gondkhari,2021,8,7,21.179714,78.914617,MH-001_C0,train,cnn_test,1,0,1,0.37378386
32,MH-001_2021_R008_C008,MH-001,Gondkhari,2021,8,8,21.179714,78.914887,MH-001_C1,train,cnn_test,1,0,1,0.2022619
33,MH-001_2021_R008_C009,MH-001,Gondkhari,2021,8,9,21.179714,78.915156,MH-001_C1,train,cnn_test,1,0,1,0.6005239
34,MH-001_2021_R008_C010,MH-001,Gondkhari,2021,8,10,21.179714,78.915426,MH-001_C1,train,cnn_test,1,0,1,0.22926734
35,MH-001_2021_R008_C011,MH-001,Gondkhari,2021,8,11,21.179714,78.915695,MH-001_C1,train,cnn_test,0,0,1,0.22879411
36,MH-001_2021_R008_C012,MH-001,Gondkhari,2021,8,12,21.179714,78.915965,MH-001_C1,train,cnn_test,0,0,1,0.33902892
37,MH-001_2021_R008_C013,MH-001,Gondkhari,2021,8,13,21.179714,78.916234,MH-001_C1,train,cnn_test,0,0,1,0.2645868
38,MH-001_2021_R008_C015,MH-001,Gondkhari,2021,8,15,21.179714,78.916773,MH-001_C2,train,cnn_test,1,0,0,0.0959011
39,MH-001_2021_R008_C016,MH-001,Gondkhari,2021,8,16,21.179714,78.917043,MH-001_C2,train,cnn_test,1,0,1,0.258346
40,MH-001_2021_R008_C019,MH-001,Gondkhari,2021,8,19,21.179714,78.917851,MH-001_C2,train,cnn_test,2,1,1,0.83239806
41,MH-001_2021_R008_C020,MH-001,Gondkhari,2021,8,20,21.179714,78.918121,MH-001_C2,train,cnn_test,0,0,1,0.83733636
42,MH-001_2021_R008_C021,MH-001,Gondkhari,2021,8,21,21.179714,78.91839,MH-001_C3,train,cnn_test,2,1,1,0.8178396
43,MH-001_2021_R008_C022,MH-001,Gondkhari,2021,8,22,21.179714,78.91866,MH-001_C3,train,cnn_test,2,1,1,0.7779001
44,MH-001_2021_R008_C025,MH-001,Gondkhari,2021,8,25,21.179714,78.919468,MH-001_C3,train,cnn_test,2,1,1,0.87533605
45,MH-001_2021_R008_C026,MH-001,Gondkhari,2021,8,26,21.179714,78.919738,MH-001_C3,train,cnn_test,1,0,1,0.8797494
46,MH-001_2021_R008_C027,MH-001,Gondkhari,2021,8,27,21.179714,78.920007,MH-001_C4,train,cnn_test,1,0,1,0.8175877
47,MH-001_2021_R008_C028,MH-001,Gondkhari,2021,8,28,21.179714,78.920277,MH-001_C4,train,cnn_test,0,0,1,0.82588875
48,MH-001_2021_R008_C029,MH-001,Gondkhari,2021,8,29,21.179714,78.920546,MH-001_C4,train,cnn_test,2,1,1,0.7651945
49,MH-001_2021_R008_C030,MH-001,Gondkhari,2021,8,30,21.179714,78.920816,MH-001_C4,train,cnn_test,3,1,1,0.82742286
50,MH-001_2021_R008_C031,MH-001,Gondkhari,2021,8,31,21.179714,78.921085,MH-001_C4,train,cnn_test,2,1,1,0.5253611
51,MH-001_2021_R008_C032,MH-001,Gondkhari,2021,8,32,21.179714,78.921355,MH-001_C4,train,cnn_test,1,0,1,0.63463074
52,MH-001_2021_R008_C033,MH-001,Gondkhari,2021,8,33,21.179714,78.921624,MH-001_C5,train,cnn_test,2,1,1,0.8057446
53,MH-001_2021_R008_C034,MH-001,Gondkhari,2021,8,34,21.179714,78.921894,MH-001_C5,train,cnn_test,2,1,1,0.8315772
54,MH-001_2021_R008_C036,MH-001,Gondkhari,2021,8,36,21.179714,78.922433,MH-001_C5,train,cnn_test,2,1,1,0.82382566
55,MH-001_2021_R008_C038,MH-001,Gondkhari,2021,8,38,21.179714,78.922972,MH-001_C5,train,cnn_test,1,0,1,0.78113914
56,MH-001_2021_R008_C039,MH-001,Gondkhari,2021,8,39,21.179714,78.923241,MH-001_C5,train,cnn_test,2,1,1,0.7838565
57,MH-001_2021_R008_C040,MH-001,Gondkhari,2021,8,40,21.179714,78.92351,MH-001_C6,train,cnn_test,0,0,1,0.7793653
58,MH-001_2021_R008_C041,MH-001,Gondkhari,2021,8,41,21.179714,78.92378,MH-001_C6,train,cnn_test,2,1,1,0.8279645
59,MH-001_2021_R008_C042,MH-001,Gondkhari,2021,8,42,21.179714,78.924049,MH-001_C6,train,cnn_test,0,0,1,0.84266603
60,MH-001_2021_R008_C043,MH-001,Gondkhari,2021,8,43,21.179714,78.924319,MH-001_C6,train,cnn_test,1,0,1,0.90837306
61,MH-001_2021_R008_C044,MH-001,Gondkhari,2021,8,44,21.179714,78.924588,MH-001_C6,train,cnn_test,2,1,1,0.9389613
62,MH-001_2021_R008_C045,MH-001,Gondkhari,2021,8,45,21.179714,78.924858,MH-001_C6,train,cnn_test,0,0,1,0.9532092
63,MH-001_2021_R008_C046,MH-001,Gondkhari,2021,8,46,21.179714,78.925127,MH-001_C7,train,cnn_test,0,0,1,0.9693397
64,MH-001_2021_R009_C007,MH-001,Gondkhari,2021,9,7,21.179445,78.914617,MH-001_C0,train,cnn_test,1,0,1,0.2793952
65,MH-001_2021_R009_C008,MH-001,Gondkhari,2021,9,8,21.179445,78.914887,MH-001_C1,train,cnn_test,1,0,1,0.13588637
66,MH-001_2021_R009_C009,MH-001,Gondkhari,2021,9,9,21.179445,78.915156,MH-001_C1,train,cnn_test,0,0,1,0.44835177
67,MH-001_2021_R009_C010,MH-001,Gondkhari,2021,9,10,21.179445,78.915426,MH-001_C1,train,cnn_test,0,0,0,0.09999897
68,MH-001_2021_R009_C011,MH-001,Gondkhari,2021,9,11,21.179445,78.915695,MH-001_C1,train,cnn_test,0,0,1,0.122894995
69,MH-001_2021_R009_C012,MH-001,Gondkhari,2021,9,12,21.179445,78.915965,MH-001_C1,train,cnn_test,0,0,1,0.15965323
70,MH-001_2021_R009_C013,MH-001,Gondkhari,2021,9,13,21.179445,78.916234,MH-001_C1,train,cnn_test,0,0,1,0.13399594
71,MH-001_2021_R009_C015,MH-001,Gondkhari,2021,9,15,21.179445,78.916773,MH-001_C2,train,cnn_test,0,0,0,0.066919714
72,MH-001_2021_R009_C016,MH-001,Gondkhari,2021,9,16,21.179445,78.917043,MH-001_C2,train,cnn_test,1,0,1,0.11713899
73,MH-001_2021_R009_C019,MH-001,Gondkhari,2021,9,19,21.179445,78.917851,MH-001_C2,train,cnn_test,2,1,1,0.8310764
74,MH-001_2021_R009_C020,MH-001,Gondkhari,2021,9,20,21.179445,78.918121,MH-001_C2,train,cnn_test,1,0,1,0.8870201
75,MH-001_2021_R009_C021,MH-001,Gondkhari,2021,9,21,21.179445,78.91839,MH-001_C3,train,cnn_test,3,1,1,0.8562761
76,MH-001_2021_R009_C022,MH-001,Gondkhari,2021,9,22,21.179445,78.91866,MH-001_C3,train,cnn_test,2,1,1,0.8784076
77,MH-001_2021_R009_C026,MH-001,Gondkhari,2021,9,26,21.179445,78.919738,MH-001_C3,train,cnn_test,2,1,1,0.89634657
78,MH-001_2021_R009_C027,MH-001,Gondkhari,2021,9,27,21.179445,78.920007,MH-001_C4,train,cnn_test,2,1,1,0.84376985
79,MH-001_2021_R009_C028,MH-001,Gondkhari,2021,9,28,21.179445,78.920277,MH-001_C4,train,cnn_test,0,0,1,0.8461306
80,MH-001_2021_R009_C029,MH-001,Gondkhari,2021,9,29,21.179445,78.920546,MH-001_C4,train,cnn_test,2,1,1,0.7496573
81,MH-001_2021_R009_C030,MH-001,Gondkhari,2021,9,30,21.179445,78.920816,MH-001_C4,train,cnn_test,3,1,1,0.8089558
82,MH-001_2021_R009_C031,MH-001,Gondkhari,2021,9,31,21.179445,78.921085,MH-001_C4,train,cnn_test,3,1,1,0.57585317
83,MH-001_2021_R009_C032,MH-001,Gondkhari,2021,9,32,21.179445,78.921355,MH-001_C4,train,cnn_test,2,1,1,0.7573197
84,MH-001_2021_R009_C033,MH-001,Gondkhari,2021,9,33,21.179445,78.921624,MH-001_C5,train,cnn_test,2,1,1,0.8785671
85,MH-001_2021_R009_C034,MH-001,Gondkhari,2021,9,34,21.179445,78.921894,MH-001_C5,train,cnn_test,2,1,1,0.84187347
86,MH-001_2021_R009_C035,MH-001,Gondkhari,2021,9,35,21.179445,78.922163,MH-001_C5,train,cnn_test,2,1,1,0.76549107
87,MH-001_2021_R009_C037,MH-001,Gondkhari,2021,9,37,21.179445,78.922702,MH-001_C5,train,cnn_test,2,1,1,0.7687152
88,MH-001_2021_R009_C038,MH-001,Gondkhari,2021,9,38,21.179445,78.922972,MH-001_C5,train,cnn_test,2,1,1,0.7352394
89,MH-001_2021_R009_C039,MH-001,Gondkhari,2021,9,39,21.179445,78.923241,MH-001_C5,train,cnn_test,2,1,1,0.6882875
90,MH-001_2021_R009_C040,MH-001,Gondkhari,2021,9,40,21.179445,78.92351,MH-001_C6,train,cnn_test,2,1,1,0.7969135
91,MH-001_2021_R009_C041,MH-001,Gondkhari,2021,9,41,21.179445,78.92378,MH-001_C6,train,cnn_test,2,1,1,0.7523078
92,MH-001_2021_R009_C042,MH-001,Gondkhari,2021,9,42,21.179445,78.924049,MH-001_C6,train,cnn_test,1,0,1,0.86713797
93,MH-001_2021_R009_C043,MH-001,Gondkhari,2021,9,43,21.179445,78.924319,MH-001_C6,train,cnn_test,1,0,1,0.8487928
94,MH-001_2021_R009_C044,MH-001,Gondkhari,2021,9,44,21.179445,78.924588,MH-001_C6,train,cnn_test,1,0,1,0.948902
95,MH-001_2021_R009_C045,MH-001,Gondkhari,2021,9,45,21.179445,78.924858,MH-001_C6,train,cnn_test,2,1,1,0.9406177
96,MH-001_2021_R009_C046,MH-001,Gondkhari,2021,9,46,21.179445,78.925127,MH-001_C7,train,cnn_test,2,1,1,0.97737575
97,MH-001_2021_R009_C047,MH-001,Gondkhari,2021,9,47,21.179445,78.925397,MH-001_C7,train,cnn_test,0,0,1,0.969607
98,MH-001_2021_R009_C048,MH-001,Gondkhari,2021,9,48,21.179445,78.925666,MH-001_C7,train,cnn_test,0,0,1,0.96872544
99,MH-001_2021_R009_C049,MH-001,Gondkhari,2021,9,49,21.179445,78.925936,MH-001_C7,train,cnn_test,0,0,1,0.94867444
100,MH-001_2021_R010_C007,MH-001,Gondkhari,2021,10,7,21.179175,78.914617,MH-001_C0,train,cnn_test,0,0,1,0.18090583
101,MH-001_2021_R010_C008,MH-001,Gondkhari,2021,10,8,21.179175,78.914887,MH-001_C1,train,cnn_test,0,0,0,0.07346463
102,MH-001_2021_R010_C009,MH-001,Gondkhari,2021,10,9,21.179175,78.915156,MH-001_C1,train,cnn_test,0,0,1,0.21111222
103,MH-001_2021_R010_C010,MH-001,Gondkhari,2021,10,10,21.179175,78.915426,MH-001_C1,train,cnn_test,0,0,0,0.02819981
104,MH-001_2021_R010_C011,MH-001,Gondkhari,2021,10,11,21.179175,78.915695,MH-001_C1,train,cnn_test,0,0,0,0.042553063
105,MH-001_2021_R010_C012,MH-001,Gondkhari,2021,10,12,21.179175,78.915965,MH-001_C1,train,cnn_test,0,0,1,0.11739638
106,MH-001_2021_R010_C014,MH-001,Gondkhari,2021,10,14,21.179175,78.916504,MH-001_C2,train,cnn_test,0,0,1,0.1484459
107,MH-001_2021_R010_C015,MH-001,Gondkhari,2021,10,15,21.179175,78.916773,MH-001_C2,train,cnn_test,0,0,0,0.06674994
108,MH-001_2021_R010_C016,MH-001,Gondkhari,2021,10,16,21.179175,78.917043,MH-001_C2,train,cnn_test,1,0,1,0.2911822
109,MH-001_2021_R010_C017,MH-001,Gondkhari,2021,10,17,21.179175,78.917312,MH-001_C2,train,cnn_test,0,0,1,0.534053
110,MH-001_2021_R010_C020,MH-001,Gondkhari,2021,10,20,21.179175,78.918121,MH-001_C2,train,cnn_test,2,1,1,0.8823883
111,MH-001_2021_R010_C021,MH-001,Gondkhari,2021,10,21,21.179175,78.91839,MH-001_C3,train,cnn_test,3,1,1,0.8169295
112,MH-001_2021_R010_C022,MH-001,Gondkhari,2021,10,22,21.179175,78.91866,MH-001_C3,train,cnn_test,1,0,1,0.8452216
113,MH-001_2021_R010_C023,MH-001,Gondkhari,2021,10,23,21.179175,78.918929,MH-001_C3,train,cnn_test,1,0,1,0.779995
114,MH-001_2021_R010_C024,MH-001,Gondkhari,2021,10,24,21.179175,78.919199,MH-001_C3,train,cnn_test,0,0,1,0.9399187
115,MH-001_2021_R010_C025,MH-001,Gondkhari,2021,10,25,21.179175,78.919468,MH-001_C3,train,cnn_test,1,0,1,0.9093129
116,MH-001_2021_R010_C026,MH-001,Gondkhari,2021,10,26,21.179175,78.919738,MH-001_C3,train,cnn_test,2,1,1,0.9254043
117,MH-001_2021_R010_C027,MH-001,Gondkhari,2021,10,27,21.179175,78.920007,MH-001_C4,train,cnn_test,2,1,1,0.8726671
118,MH-001_2021_R010_C028,MH-001,Gondkhari,2021,10,28,21.179175,78.920277,MH-001_C4,train,cnn_test,1,0,1,0.8784798
119,MH-001_2021_R010_C029,MH-001,Gondkhari,2021,10,29,21.179175,78.920546,MH-001_C4,train,cnn_test,2,1,1,0.82810915
120,MH-001_2021_R010_C030,MH-001,Gondkhari,2021,10,30,21.179175,78.920816,MH-001_C4,train,cnn_test,3,1,1,0.861298
121,MH-001_2021_R010_C031,MH-001,Gondkhari,2021,10,31,21.179175,78.921085,MH-001_C4,train,cnn_test,3,1,1,0.7095502
122,MH-001_2021_R010_C032,MH-001,Gondkhari,2021,10,32,21.179175,78.921355,MH-001_C4,train,cnn_test,3,1,1,0.7041694
123,MH-001_2021_R010_C033,MH-001,Gondkhari,2021,10,33,21.179175,78.921624,MH-001_C5,train,cnn_test,3,1,1,0.8591629
124,MH-001_2021_R010_C034,MH-001,Gondkhari,2021,10,34,21.179175,78.921894,MH-001_C5,train,cnn_test,2,1,1,0.80913526
125,MH-001_2021_R010_C035,MH-001,Gondkhari,2021,10,35,21.179175,78.922163,MH-001_C5,train,cnn_test,0,0,1,0.7496157
126,MH-001_2021_R010_C036,MH-001,Gondkhari,2021,10,36,21.179175,78.922433,MH-001_C5,train,cnn_test,2,1,1,0.6835549
127,MH-001_2021_R010_C037,MH-001,Gondkhari,2021,10,37,21.179175,78.922702,MH-001_C5,train,cnn_test,0,0,1,0.73360455
128,MH-001_2021_R010_C038,MH-001,Gondkhari,2021,10,38,21.179175,78.922972,MH-001_C5,train,cnn_test,2,1,1,0.49952725
129,MH-001_2021_R010_C039,MH-001,Gondkhari,2021,10,39,21.179175,78.923241,MH-001_C5,train,cnn_test,2,1,1,0.4902159
130,MH-001_2021_R010_C040,MH-001,Gondkhari,2021,10,40,21.179175,78.92351,MH-001_C6,train,cnn_test,2,1,1,0.69117904
131,MH-001_2021_R010_C041,MH-001,Gondkhari,2021,10,41,21.179175,78.92378,MH-001_C6,train,cnn_test,2,1,1,0.71524686
132,MH-001_2021_R010_C042,MH-001,Gondkhari,2021,10,42,21.179175,78.924049,MH-001_C6,train,cnn_test,1,0,1,0.77760375
133,MH-001_2021_R010_C043,MH-001,Gondkhari,2021,10,43,21.179175,78.924319,MH-001_C6,train,cnn_test,0,0,1,0.8136281
134,MH-001_2021_R010_C044,MH-001,Gondkhari,2021,10,44,21.179175,78.924588,MH-001_C6,train,cnn_test,0,0,1,0.86950135
135,MH-001_2021_R010_C045,MH-001,Gondkhari,2021,10,45,21.179175,78.924858,MH-001_C6,train,cnn_test,2,1,1,0.9003933
136,MH-001_2021_R010_C046,MH-001,Gondkhari,2021,10,46,21.179175,78.925127,MH-001_C7,train,cnn_test,2,1,1,0.9423851
137,MH-001_2021_R010_C047,MH-001,Gondkhari,2021,10,47,21.179175,78.925397,MH-001_C7,train,cnn_test,2,1,1,0.9437193
138,MH-001_2021_R010_C048,MH-001,Gondkhari,2021,10,48,21.179175,78.925666,MH-001_C7,train,cnn_test,2,1,1,0.94951606
139,MH-001_2021_R010_C049,MH-001,Gondkhari,2021,10,49,21.179175,78.925936,MH-001_C7,train,cnn_test,0,0,1,0.92296225
140,MH-001_2021_R010_C050,MH-001,Gondkhari,2021,10,50,21.179175,78.926205,MH-001_C7,train,cnn_test,0,0,1,0.8983364
141,MH-001_2021_R010_C051,MH-001,Gondkhari,2021,10,51,21.179175,78.926475,MH-001_C7,train,cnn_test,0,0,1,0.84561014
142,MH-001_2021_R011_C007,MH-001,Gondkhari,2021,11,7,21.178906,78.914617,MH-001_C0,train,cnn_test,0,0,0,0.06296595
143,MH-001_2021_R011_C008,MH-001,Gondkhari,2021,11,8,21.178906,78.914887,MH-001_C1,train,cnn_test,0,0,0,0.01717246
144,MH-001_2021_R011_C009,MH-001,Gondkhari,2021,11,9,21.178906,78.915156,MH-001_C1,train,cnn_test,0,0,0,0.038821883
145,MH-001_2021_R011_C010,MH-001,Gondkhari,2021,11,10,21.178906,78.915426,MH-001_C1,train,cnn_test,0,0,0,0.00886496
146,MH-001_2021_R011_C011,MH-001,Gondkhari,2021,11,11,21.178906,78.915695,MH-001_C1,train,cnn_test,0,0,0,0.009105261
147,MH-001_2021_R011_C012,MH-001,Gondkhari,2021,11,12,21.178906,78.915965,MH-001_C1,train,cnn_test,0,0,0,0.02533428
148,MH-001_2021_R011_C014,MH-001,Gondkhari,2021,11,14,21.178906,78.916504,MH-001_C2,train,cnn_test,1,0,0,0.05060156
149,MH-001_2021_R011_C015,MH-001,Gondkhari,2021,11,15,21.178906,78.916773,MH-001_C2,train,cnn_test,1,0,0,0.066734605
150,MH-001_2021_R011_C016,MH-001,Gondkhari,2021,11,16,21.178906,78.917043,MH-001_C2,train,cnn_test,1,0,1,0.18239664
151,MH-001_2021_R011_C017,MH-001,Gondkhari,2021,11,17,21.178906,78.917312,MH-001_C2,train,cnn_test,0,0,1,0.46318814
152,MH-001_2021_R011_C018,MH-001,Gondkhari,2021,11,18,21.178906,78.917582,MH-001_C2,train,cnn_test,0,0,1,0.71992713
153,MH-001_2021_R011_C019,MH-001,Gondkhari,2021,11,19,21.178906,78.917851,MH-001_C2,train,cnn_test,0,0,1,0.8328556
154,MH-001_2021_R011_C020,MH-001,Gondkhari,2021,11,20,21.178906,78.918121,MH-001_C2,train,cnn_test,1,0,1,0.8804026
155,MH-001_2021_R011_C022,MH-001,Gondkhari,2021,11,22,21.178906,78.91866,MH-001_C3,train,cnn_test,0,0,1,0.8787929
156,MH-001_2021_R011_C023,MH-001,Gondkhari,2021,11,23,21.178906,78.918929,MH-001_C3,train,cnn_test,0,0,1,0.84060866
157,MH-001_2021_R011_C024,MH-001,Gondkhari,2021,11,24,21.178906,78.919199,MH-001_C3,train,cnn_test,1,0,1,0.95027614
158,MH-001_2021_R011_C025,MH-001,Gondkhari,2021,11,25,21.178906,78.919468,MH-001_C3,train,cnn_test,1,0,1,0.9147221
159,MH-001_2021_R011_C026,MH-001,Gondkhari,2021,11,26,21.178906,78.919738,MH-001_C3,train,cnn_test,1,0,1,0.8895544
160,MH-001_2021_R011_C027,MH-001,Gondkhari,2021,11,27,21.178906,78.920007,MH-001_C4,train,cnn_test,0,0,1,0.80930793
161,MH-001_2021_R011_C028,MH-001,Gondkhari,2021,11,28,21.178906,78.920277,MH-001_C4,train,cnn_test,0,0,1,0.8152539
162,MH-001_2021_R011_C029,MH-001,Gondkhari,2021,11,29,21.178906,78.920546,MH-001_C4,train,cnn_test,2,1,1,0.61753863
163,MH-001_2021_R011_C030,MH-001,Gondkhari,2021,11,30,21.178906,78.920816,MH-001_C4,train,cnn_test,2,1,1,0.5860198
164,MH-001_2021_R011_C031,MH-001,Gondkhari,2021,11,31,21.178906,78.921085,MH-001_C4,train,cnn_test,2,1,1,0.35500103
165,MH-001_2021_R011_C032,MH-001,Gondkhari,2021,11,32,21.178906,78.921355,MH-001_C4,train,cnn_test,2,1,1,0.50684214
166,MH-001_2021_R011_C033,MH-001,Gondkhari,2021,11,33,21.178906,78.921624,MH-001_C5,train,cnn_test,2,1,1,0.80556905
167,MH-001_2021_R011_C034,MH-001,Gondkhari,2021,11,34,21.178906,78.921894,MH-001_C5,train,cnn_test,2,1,1,0.6954546
168,MH-001_2021_R011_C035,MH-001,Gondkhari,2021,11,35,21.178906,78.922163,MH-001_C5,train,cnn_test,2,1,1,0.5750882
169,MH-001_2021_R011_C036,MH-001,Gondkhari,2021,11,36,21.178906,78.922433,MH-001_C5,train,cnn_test,2,1,1,0.366676
170,MH-001_2021_R011_C037,MH-001,Gondkhari,2021,11,37,21.178906,78.922702,MH-001_C5,train,cnn_test,2,1,1,0.61433023
171,MH-001_2021_R011_C038,MH-001,Gondkhari,2021,11,38,21.178906,78.922972,MH-001_C5,train,cnn_test,2,1,1,0.32725376
172,MH-001_2021_R011_C039,MH-001,Gondkhari,2021,11,39,21.178906,78.923241,MH-001_C5,train,cnn_test,2,1,1,0.40915397
173,MH-001_2021_R011_C040,MH-001,Gondkhari,2021,11,40,21.178906,78.92351,MH-001_C6,train,cnn_test,2,1,1,0.49217552
174,MH-001_2021_R011_C041,MH-001,Gondkhari,2021,11,41,21.178906,78.92378,MH-001_C6,train,cnn_test,3,1,1,0.59538954
175,MH-001_2021_R011_C042,MH-001,Gondkhari,2021,11,42,21.178906,78.924049,MH-001_C6,train,cnn_test,2,1,1,0.7060085
176,MH-001_2021_R011_C043,MH-001,Gondkhari,2021,11,43,21.178906,78.924319,MH-001_C6,train,cnn_test,1,0,1,0.7214133
177,MH-001_2021_R011_C044,MH-001,Gondkhari,2021,11,44,21.178906,78.924588,MH-001_C6,train,cnn_test,0,0,1,0.84033525
178,MH-001_2021_R011_C045,MH-001,Gondkhari,2021,11,45,21.178906,78.924858,MH-001_C6,train,cnn_test,2,1,1,0.8883689
179,MH-001_2021_R011_C046,MH-001,Gondkhari,2021,11,46,21.178906,78.925127,MH-001_C7,train,cnn_test,2,1,1,0.94084984
180,MH-001_2021_R011_C047,MH-001,Gondkhari,2021,11,47,21.178906,78.925397,MH-001_C7,train,cnn_test,2,1,1,0.939507
181,MH-001_2021_R011_C048,MH-001,Gondkhari,2021,11,48,21.178906,78.925666,MH-001_C7,train,cnn_test,3,1,1,0.9286354
182,MH-001_2021_R011_C049,MH-001,Gondkhari,2021,11,49,21.178906,78.925936,MH-001_C7,train,cnn_test,1,0,1,0.9383775
183,MH-001_2021_R011_C050,MH-001,Gondkhari,2021,11,50,21.178906,78.926205,MH-001_C7,train,cnn_test,2,1,1,0.9404743
184,MH-001_2021_R011_C051,MH-001,Gondkhari,2021,11,51,21.178906,78.926475,MH-001_C7,train,cnn_test,2,1,1,0.92659867
185,MH-001_2021_R012_C007,MH-001,Gondkhari,2021,12,7,21.178636,78.914617,MH-001_C0,train,cnn_test,1,0,0,0.012340628
186,MH-001_2021_R012_C008,MH-001,Gondkhari,2021,12,8,21.178636,78.914887,MH-001_C1,train,cnn_test,0,0,0,0.00657555
187,MH-001_2021_R012_C009,MH-001,Gondkhari,2021,12,9,21.178636,78.915156,MH-001_C1,train,cnn_test,0,0,0,0.0059535946
188,MH-001_2021_R012_C010,MH-001,Gondkhari,2021,12,10,21.178636,78.915426,MH-001_C1,train,cnn_test,0,0,0,0.0019835513
189,MH-001_2021_R012_C011,MH-001,Gondkhari,2021,12,11,21.178636,78.915695,MH-001_C1,train,cnn_test,0,0,0,0.0024536327
190,MH-001_2021_R012_C012,MH-001,Gondkhari,2021,12,12,21.178636,78.915965,MH-001_C1,train,cnn_test,0,0,0,0.012973042
191,MH-001_2021_R012_C014,MH-001,Gondkhari,2021,12,14,21.178636,78.916504,MH-001_C2,train,cnn_test,1,0,0,0.024904992
192,MH-001_2021_R012_C015,MH-001,Gondkhari,2021,12,15,21.178636,78.916773,MH-001_C2,train,cnn_test,1,0,0,0.03439923
193,MH-001_2021_R012_C016,MH-001,Gondkhari,2021,12,16,21.178636,78.917043,MH-001_C2,train,cnn_test,1,0,1,0.29077393
194,MH-001_2021_R012_C017,MH-001,Gondkhari,2021,12,17,21.178636,78.917312,MH-001_C2,train,cnn_test,1,0,1,0.43317643
195,MH-001_2021_R012_C018,MH-001,Gondkhari,2021,12,18,21.178636,78.917582,MH-001_C2,train,cnn_test,1,0,1,0.8441499
196,MH-001_2021_R012_C019,MH-001,Gondkhari,2021,12,19,21.178636,78.917851,MH-001_C2,train,cnn_test,1,0,1,0.8544413
197,MH-001_2021_R012_C020,MH-001,Gondkhari,2021,12,20,21.178636,78.918121,MH-001_C2,train,cnn_test,1,0,1,0.8736661
198,MH-001_2021_R012_C021,MH-001,Gondkhari,2021,12,21,21.178636,78.91839,MH-001_C3,train,cnn_test,0,0,1,0.7906477
199,MH-001_2021_R012_C023,MH-001,Gondkhari,2021,12,23,21.178636,78.918929,MH-001_C3,train,cnn_test,0,0,1,0.6490206
200,MH-001_2021_R012_C024,MH-001,Gondkhari,2021,12,24,21.178636,78.919199,MH-001_C3,train,cnn_test,1,0,1,0.92411536
201,MH-001_2021_R012_C025,MH-001,Gondkhari,2021,12,25,21.178636,78.919468,MH-001_C3,train,cnn_test,1,0,1,0.86139745
202,MH-001_2021_R012_C026,MH-001,Gondkhari,2021,12,26,21.178636,78.919738,MH-001_C3,train,cnn_test,0,0,1,0.89187986
203,MH-001_2021_R012_C029,MH-001,Gondkhari,2021,12,29,21.178636,78.920546,MH-001_C4,train,cnn_test,0,0,1,0.6883904
204,MH-001_2021_R012_C030,MH-001,Gondkhari,2021,12,30,21.178636,78.920816,MH-001_C4,train,cnn_test,1,0,1,0.75737107
205,MH-001_2021_R012_C031,MH-001,Gondkhari,2021,12,31,21.178636,78.921085,MH-001_C4,train,cnn_test,3,1,1,0.42793152
206,MH-001_2021_R012_C032,MH-001,Gondkhari,2021,12,32,21.178636,78.921355,MH-001_C4,train,cnn_test,3,1,1,0.6585221
207,MH-001_2021_R012_C033,MH-001,Gondkhari,2021,12,33,21.178636,78.921624,MH-001_C5,train,cnn_test,1,0,1,0.78844404
208,MH-001_2021_R012_C034,MH-001,Gondkhari,2021,12,34,21.178636,78.921894,MH-001_C5,train,cnn_test,3,1,1,0.7359907
209,MH-001_2021_R012_C035,MH-001,Gondkhari,2021,12,35,21.178636,78.922163,MH-001_C5,train,cnn_test,2,1,1,0.66455126
210,MH-001_2021_R012_C036,MH-001,Gondkhari,2021,12,36,21.178636,78.922433,MH-001_C5,train,cnn_test,2,1,1,0.58802044
211,MH-001_2021_R012_C037,MH-001,Gondkhari,2021,12,37,21.178636,78.922702,MH-001_C5,train,cnn_test,1,0,1,0.72697055
212,MH-001_2021_R012_C038,MH-001,Gondkhari,2021,12,38,21.178636,78.922972,MH-001_C5,train,cnn_test,2,1,1,0.4253568
213,MH-001_2021_R012_C039,MH-001,Gondkhari,2021,12,39,21.178636,78.923241,MH-001_C5,train,cnn_test,3,1,1,0.47298968
214,MH-001_2021_R012_C040,MH-001,Gondkhari,2021,12,40,21.178636,78.92351,MH-001_C6,train,cnn_test,2,1,1,0.5878907
215,MH-001_2021_R012_C041,MH-001,Gondkhari,2021,12,41,21.178636,78.92378,MH-001_C6,train,cnn_test,3,1,1,0.62865305
216,MH-001_2021_R012_C042,MH-001,Gondkhari,2021,12,42,21.178636,78.924049,MH-001_C6,train,cnn_test,2,1,1,0.6269768
217,MH-001_2021_R012_C043,MH-001,Gondkhari,2021,12,43,21.178636,78.924319,MH-001_C6,train,cnn_test,1,0,1,0.5783822
218,MH-001_2021_R012_C044,MH-001,Gondkhari,2021,12,44,21.178636,78.924588,MH-001_C6,train,cnn_test,1,0,1,0.73199314
219,MH-001_2021_R012_C045,MH-001,Gondkhari,2021,12,45,21.178636,78.924858,MH-001_C6,train,cnn_test,2,1,1,0.80560213
220,MH-001_2021_R012_C046,MH-001,Gondkhari,2021,12,46,21.178636,78.925127,MH-001_C7,train,cnn_test,2,1,1,0.86778307
221,MH-001_2021_R012_C047,MH-001,Gondkhari,2021,12,47,21.178636,78.925397,MH-001_C7,train,cnn_test,2,1,1,0.863424
222,MH-001_2021_R012_C048,MH-001,Gondkhari,2021,12,48,21.178636,78.925666,MH-001_C7,train,cnn_test,2,1,1,0.8257387
223,MH-001_2021_R012_C049,MH-001,Gondkhari,2021,12,49,21.178636,78.925936,MH-001_C7,train,cnn_test,0,0,1,0.874428
224,MH-001_2021_R012_C050,MH-001,Gondkhari,2021,12,50,21.178636,78.926205,MH-001_C7,train,cnn_test,2,1,1,0.8735566
225,MH-001_2021_R012_C051,MH-001,Gondkhari,2021,12,51,21.178636,78.926475,MH-001_C7,train,cnn_test,3,1,1,0.87812674
226,MH-001_2021_R013_C007,MH-001,Gondkhari,2021,13,7,21.178367,78.914617,MH-001_C0,train,cnn_test,0,0,0,0.015706621
227,MH-001_2021_R013_C008,MH-001,Gondkhari,2021,13,8,21.178367,78.914887,MH-001_C1,train,cnn_test,0,0,0,0.005033777
228,MH-001_2021_R013_C009,MH-001,Gondkhari,2021,13,9,21.178367,78.915156,MH-001_C1,train,cnn_test,0,0,0,0.004394408
229,MH-001_2021_R013_C010,MH-001,Gondkhari,2021,13,10,21.178367,78.915426,MH-001_C1,train,cnn_test,0,0,0,0.0014472413
230,MH-001_2021_R013_C011,MH-001,Gondkhari,2021,13,11,21.178367,78.915695,MH-001_C1,train,cnn_test,0,0,0,0.001734682
231,MH-001_2021_R013_C012,MH-001,Gondkhari,2021,13,12,21.178367,78.915965,MH-001_C1,train,cnn_test,0,0,0,0.0048634396
232,MH-001_2021_R013_C014,MH-001,Gondkhari,2021,13,14,21.178367,78.916504,MH-001_C2,train,cnn_test,1,0,0,0.01106251
233,MH-001_2021_R013_C015,MH-001,Gondkhari,2021,13,15,21.178367,78.916773,MH-001_C2,train,cnn_test,1,0,0,0.04699235
234,MH-001_2021_R013_C016,MH-001,Gondkhari,2021,13,16,21.178367,78.917043,MH-001_C2,train,cnn_test,1,0,1,0.18710107
235,MH-001_2021_R013_C017,MH-001,Gondkhari,2021,13,17,21.178367,78.917312,MH-001_C2,train,cnn_test,1,0,1,0.43915322
236,MH-001_2021_R013_C018,MH-001,Gondkhari,2021,13,18,21.178367,78.917582,MH-001_C2,train,cnn_test,1,0,1,0.8030101
237,MH-001_2021_R013_C019,MH-001,Gondkhari,2021,13,19,21.178367,78.917851,MH-001_C2,train,cnn_test,1,0,1,0.82467514
238,MH-001_2021_R013_C020,MH-001,Gondkhari,2021,13,20,21.178367,78.918121,MH-001_C2,train,cnn_test,1,0,1,0.864399
239,MH-001_2021_R013_C021,MH-001,Gondkhari,2021,13,21,21.178367,78.91839,MH-001_C3,train,cnn_test,1,0,1,0.77358454
240,MH-001_2021_R013_C022,MH-001,Gondkhari,2021,13,22,21.178367,78.91866,MH-001_C3,train,cnn_test,0,0,1,0.8134689
241,MH-001_2021_R013_C023,MH-001,Gondkhari,2021,13,23,21.178367,78.918929,MH-001_C3,train,cnn_test,0,0,1,0.7456692
242,MH-001_2021_R013_C024,MH-001,Gondkhari,2021,13,24,21.178367,78.919199,MH-001_C3,train,cnn_test,0,0,1,0.8990654
243,MH-001_2021_R013_C025,MH-001,Gondkhari,2021,13,25,21.178367,78.919468,MH-001_C3,train,cnn_test,1,0,1,0.83911335
244,MH-001_2021_R013_C026,MH-001,Gondkhari,2021,13,26,21.178367,78.919738,MH-001_C3,train,cnn_test,0,0,1,0.81813616
245,MH-001_2021_R013_C028,MH-001,Gondkhari,2021,13,28,21.178367,78.920277,MH-001_C4,train,cnn_test,0,0,1,0.7065707
246,MH-001_2021_R013_C032,MH-001,Gondkhari,2021,13,32,21.178367,78.921355,MH-001_C4,train,cnn_test,2,1,1,0.59804666
247,MH-001_2021_R013_C033,MH-001,Gondkhari,2021,13,33,21.178367,78.921624,MH-001_C5,train,cnn_test,2,1,1,0.8074749
248,MH-001_2021_R013_C034,MH-001,Gondkhari,2021,13,34,21.178367,78.921894,MH-001_C5,train,cnn_test,2,1,1,0.64237595
249,MH-001_2021_R013_C035,MH-001,Gondkhari,2021,13,35,21.178367,78.922163,MH-001_C5,train,cnn_test,3,1,1,0.5632721
250,MH-001_2021_R013_C036,MH-001,Gondkhari,2021,13,36,21.178367,78.922433,MH-001_C5,train,cnn_test,1,0,1,0.42013118
251,MH-001_2021_R013_C037,MH-001,Gondkhari,2021,13,37,21.178367,78.922702,MH-001_C5,train,cnn_test,1,0,1,0.6666992
252,MH-001_2021_R013_C038,MH-001,Gondkhari,2021,13,38,21.178367,78.922972,MH-001_C5,train,cnn_test,0,0,1,0.52286947
253,MH-001_2021_R013_C040,MH-001,Gondkhari,2021,13,40,21.178367,78.92351,MH-001_C6,train,cnn_test,1,0,1,0.45338964
254,MH-001_2021_R013_C041,MH-001,Gondkhari,2021,13,41,21.178367,78.92378,MH-001_C6,train,cnn_test,1,0,1,0.5078472
255,MH-001_2021_R013_C042,MH-001,Gondkhari,2021,13,42,21.178367,78.924049,MH-001_C6,train,cnn_test,1,0,1,0.6543586
256,MH-001_2021_R013_C043,MH-001,Gondkhari,2021,13,43,21.178367,78.924319,MH-001_C6,train,cnn_test,0,0,1,0.42732993
257,MH-001_2021_R013_C044,MH-001,Gondkhari,2021,13,44,21.178367,78.924588,MH-001_C6,train,cnn_test,1,0,1,0.73299557
258,MH-001_2021_R013_C045,MH-001,Gondkhari,2021,13,45,21.178367,78.924858,MH-001_C6,train,cnn_test,1,0,1,0.804757
259,MH-001_2021_R013_C046,MH-001,Gondkhari,2021,13,46,21.178367,78.925127,MH-001_C7,train,cnn_test,1,0,1,0.86253494
260,MH-001_2021_R013_C047,MH-001,Gondkhari,2021,13,47,21.178367,78.925397,MH-001_C7,train,cnn_test,2,1,1,0.8717801
261,MH-001_2021_R013_C048,MH-001,Gondkhari,2021,13,48,21.178367,78.925666,MH-001_C7,train,cnn_test,2,1,1,0.7744326
262,MH-001_2021_R013_C049,MH-001,Gondkhari,2021,13,49,21.178367,78.925936,MH-001_C7,train,cnn_test,2,1,1,0.83333635
263,MH-001_2021_R013_C050,MH-001,Gondkhari,2021,13,50,21.178367,78.926205,MH-001_C7,train,cnn_test,2,1,1,0.73769367
264,MH-001_2021_R013_C051,MH-001,Gondkhari,2021,13,51,21.178367,78.926475,MH-001_C7,train,cnn_test,2,1,1,0.80181104
265,MH-001_2021_R014_C007,MH-001,Gondkhari,2021,14,7,21.178097,78.914617,MH-001_C0,train,cnn_test,0,0,0,0.014482923
266,MH-001_2021_R014_C008,MH-001,Gondkhari,2021,14,8,21.178097,78.914887,MH-001_C1,train,cnn_test,0,0,0,0.010626285
267,MH-001_2021_R014_C009,MH-001,Gondkhari,2021,14,9,21.178097,78.915156,MH-001_C1,train,cnn_test,0,0,0,0.0077737914
268,MH-001_2021_R014_C010,MH-001,Gondkhari,2021,14,10,21.178097,78.915426,MH-001_C1,train,cnn_test,0,0,0,0.0029071164
269,MH-001_2021_R014_C011,MH-001,Gondkhari,2021,14,11,21.178097,78.915695,MH-001_C1,train,cnn_test,0,0,0,0.0070196716
270,MH-001_2021_R014_C012,MH-001,Gondkhari,2021,14,12,21.178097,78.915965,MH-001_C1,train,cnn_test,0,0,0,0.026537407
271,MH-001_2021_R014_C014,MH-001,Gondkhari,2021,14,14,21.178097,78.916504,MH-001_C2,train,cnn_test,1,0,0,0.012445797
272,MH-001_2021_R014_C015,MH-001,Gondkhari,2021,14,15,21.178097,78.916773,MH-001_C2,train,cnn_test,0,0,0,0.03801765
273,MH-001_2021_R014_C016,MH-001,Gondkhari,2021,14,16,21.178097,78.917043,MH-001_C2,train,cnn_test,0,0,1,0.2734124
274,MH-001_2021_R014_C017,MH-001,Gondkhari,2021,14,17,21.178097,78.917312,MH-001_C2,train,cnn_test,0,0,1,0.38394308
275,MH-001_2021_R014_C018,MH-001,Gondkhari,2021,14,18,21.178097,78.917582,MH-001_C2,train,cnn_test,1,0,1,0.7583463
276,MH-001_2021_R014_C019,MH-001,Gondkhari,2021,14,19,21.178097,78.917851,MH-001_C2,train,cnn_test,1,0,1,0.7622422
277,MH-001_2021_R014_C020,MH-001,Gondkhari,2021,14,20,21.178097,78.918121,MH-001_C2,train,cnn_test,1,0,1,0.82587165
278,MH-001_2021_R014_C021,MH-001,Gondkhari,2021,14,21,21.178097,78.91839,MH-001_C3,train,cnn_test,1,0,1,0.6144493
279,MH-001_2021_R014_C022,MH-001,Gondkhari,2021,14,22,21.178097,78.91866,MH-001_C3,train,cnn_test,0,0,1,0.4181302
280,MH-001_2021_R014_C024,MH-001,Gondkhari,2021,14,24,21.178097,78.919199,MH-001_C3,train,cnn_test,0,0,1,0.8594954
281,MH-001_2021_R014_C025,MH-001,Gondkhari,2021,14,25,21.178097,78.919468,MH-001_C3,train,cnn_test,0,0,1,0.8210007
282,MH-001_2021_R014_C026,MH-001,Gondkhari,2021,14,26,21.178097,78.919738,MH-001_C3,train,cnn_test,0,0,1,0.8162654
283,MH-001_2021_R014_C028,MH-001,Gondkhari,2021,14,28,21.178097,78.920277,MH-001_C4,train,cnn_test,0,0,1,0.75122124
284,MH-001_2021_R014_C029,MH-001,Gondkhari,2021,14,29,21.178097,78.920546,MH-001_C4,train,cnn_test,0,0,1,0.61155826
285,MH-001_2021_R014_C030,MH-001,Gondkhari,2021,14,30,21.178097,78.920816,MH-001_C4,train,cnn_test,0,0,1,0.6353822
286,MH-001_2021_R014_C032,MH-001,Gondkhari,2021,14,32,21.178097,78.921355,MH-001_C4,train,cnn_test,1,0,1,0.75728965
287,MH-001_2021_R014_C033,MH-001,Gondkhari,2021,14,33,21.178097,78.921624,MH-001_C5,train,cnn_test,1,0,1,0.7916265
288,MH-001_2021_R014_C034,MH-001,Gondkhari,2021,14,34,21.178097,78.921894,MH-001_C5,train,cnn_test,3,1,1,0.7149746
289,MH-001_2021_R014_C035,MH-001,Gondkhari,2021,14,35,21.178097,78.922163,MH-001_C5,train,cnn_test,1,0,1,0.60644037
290,MH-001_2021_R014_C036,MH-001,Gondkhari,2021,14,36,21.178097,78.922433,MH-001_C5,train,cnn_test,1,0,1,0.6052368
291,MH-001_2021_R014_C037,MH-001,Gondkhari,2021,14,37,21.178097,78.922702,MH-001_C5,train,cnn_test,1,0,1,0.6954895
292,MH-001_2021_R014_C038,MH-001,Gondkhari,2021,14,38,21.178097,78.922972,MH-001_C5,train,cnn_test,1,0,1,0.48358846
293,MH-001_2021_R014_C041,MH-001,Gondkhari,2021,14,41,21.178097,78.92378,MH-001_C6,train,cnn_test,1,0,1,0.42734858
294,MH-001_2021_R014_C042,MH-001,Gondkhari,2021,14,42,21.178097,78.924049,MH-001_C6,train,cnn_test,1,0,1,0.42806917
295,MH-001_2021_R014_C043,MH-001,Gondkhari,2021,14,43,21.178097,78.924319,MH-001_C6,train,cnn_test,0,0,1,0.3717511
296,MH-001_2021_R014_C044,MH-001,Gondkhari,2021,14,44,21.178097,78.924588,MH-001_C6,train,cnn_test,0,0,1,0.55272293
297,MH-001_2021_R014_C045,MH-001,Gondkhari,2021,14,45,21.178097,78.924858,MH-001_C6,train,cnn_test,0,0,1,0.6929389
298,MH-001_2021_R014_C046,MH-001,Gondkhari,2021,14,46,21.178097,78.925127,MH-001_C7,train,cnn_test,1,0,1,0.6803946
299,MH-001_2021_R014_C047,MH-001,Gondkhari,2021,14,47,21.178097,78.925397,MH-001_C7,train,cnn_test,1,0,1,0.71457297
300,MH-001_2021_R014_C051,MH-001,Gondkhari,2021,14,51,21.178097,78.926475,MH-001_C7,train,cnn_test,0,0,1,0.592794
301,MH-001_2021_R015_C007,MH-001,Gondkhari,2021,15,7,21.177828,78.914617,MH-001_C0,train,cnn_test,1,0,0,0.04014648
302,MH-001_2021_R015_C008,MH-001,Gondkhari,2021,15,8,21.177828,78.914887,MH-001_C1,train,cnn_test,1,0,0,0.01751388
303,MH-001_2021_R015_C009,MH-001,Gondkhari,2021,15,9,21.177828,78.915156,MH-001_C1,train,cnn_test,0,0,0,0.0073027983
304,MH-001_2021_R015_C010,MH-001,Gondkhari,2021,15,10,21.177828,78.915426,MH-001_C1,train,cnn_test,0,0,0,0.0045791385
305,MH-001_2021_R015_C011,MH-001,Gondkhari,2021,15,11,21.177828,78.915695,MH-001_C1,train,cnn_test,0,0,0,0.005708997
306,MH-001_2021_R015_C012,MH-001,Gondkhari,2021,15,12,21.177828,78.915965,MH-001_C1,train,cnn_test,0,0,0,0.0068056392
307,MH-001_2021_R015_C014,MH-001,Gondkhari,2021,15,14,21.177828,78.916504,MH-001_C2,train,cnn_test,0,0,0,0.003765566
308,MH-001_2021_R015_C015,MH-001,Gondkhari,2021,15,15,21.177828,78.916773,MH-001_C2,train,cnn_test,0,0,0,0.017899616
309,MH-001_2021_R015_C016,MH-001,Gondkhari,2021,15,16,21.177828,78.917043,MH-001_C2,train,cnn_test,0,0,0,0.090199575
310,MH-001_2021_R015_C017,MH-001,Gondkhari,2021,15,17,21.177828,78.917312,MH-001_C2,train,cnn_test,0,0,1,0.19757558
311,MH-001_2021_R015_C018,MH-001,Gondkhari,2021,15,18,21.177828,78.917582,MH-001_C2,train,cnn_test,0,0,1,0.42111525
312,MH-001_2021_R015_C019,MH-001,Gondkhari,2021,15,19,21.177828,78.917851,MH-001_C2,train,cnn_test,1,0,1,0.5756214
313,MH-001_2021_R015_C020,MH-001,Gondkhari,2021,15,20,21.177828,78.918121,MH-001_C2,train,cnn_test,1,0,1,0.70431876
314,MH-001_2021_R015_C021,MH-001,Gondkhari,2021,15,21,21.177828,78.91839,MH-001_C3,train,cnn_test,1,0,1,0.5365143
315,MH-001_2021_R015_C022,MH-001,Gondkhari,2021,15,22,21.177828,78.91866,MH-001_C3,train,cnn_test,0,0,1,0.44736198
316,MH-001_2021_R015_C023,MH-001,Gondkhari,2021,15,23,21.177828,78.918929,MH-001_C3,train,cnn_test,0,0,1,0.59960765
317,MH-001_2021_R015_C026,MH-001,Gondkhari,2021,15,26,21.177828,78.919738,MH-001_C3,train,cnn_test,0,0,1,0.8112231
318,MH-001_2021_R015_C028,MH-001,Gondkhari,2021,15,28,21.177828,78.920277,MH-001_C4,train,cnn_test,0,0,1,0.71722806
319,MH-001_2021_R015_C029,MH-001,Gondkhari,2021,15,29,21.177828,78.920546,MH-001_C4,train,cnn_test,0,0,1,0.5630677
320,MH-001_2021_R015_C030,MH-001,Gondkhari,2021,15,30,21.177828,78.920816,MH-001_C4,train,cnn_test,0,0,1,0.48236182
321,MH-001_2021_R015_C031,MH-001,Gondkhari,2021,15,31,21.177828,78.921085,MH-001_C4,train,cnn_test,1,0,1,0.5228904
322,MH-001_2021_R015_C032,MH-001,Gondkhari,2021,15,32,21.177828,78.921355,MH-001_C4,train,cnn_test,1,0,1,0.6840216
323,MH-001_2021_R015_C033,MH-001,Gondkhari,2021,15,33,21.177828,78.921624,MH-001_C5,train,cnn_test,1,0,1,0.7785261
324,MH-001_2021_R015_C034,MH-001,Gondkhari,2021,15,34,21.177828,78.921894,MH-001_C5,train,cnn_test,1,0,1,0.5654583
325,MH-001_2021_R015_C035,MH-001,Gondkhari,2021,15,35,21.177828,78.922163,MH-001_C5,train,cnn_test,2,1,1,0.4433824
326,MH-001_2021_R015_C036,MH-001,Gondkhari,2021,15,36,21.177828,78.922433,MH-001_C5,train,cnn_test,2,1,1,0.24834979
327,MH-001_2021_R015_C037,MH-001,Gondkhari,2021,15,37,21.177828,78.922702,MH-001_C5,train,cnn_test,2,1,1,0.6098493
328,MH-001_2021_R015_C038,MH-001,Gondkhari,2021,15,38,21.177828,78.922972,MH-001_C5,train,cnn_test,2,1,1,0.41932717
329,MH-001_2021_R015_C040,MH-001,Gondkhari,2021,15,40,21.177828,78.92351,MH-001_C6,train,cnn_test,1,0,1,0.28274173
330,MH-001_2021_R015_C041,MH-001,Gondkhari,2021,15,41,21.177828,78.92378,MH-001_C6,train,cnn_test,2,1,1,0.361476
331,MH-001_2021_R015_C042,MH-001,Gondkhari,2021,15,42,21.177828,78.924049,MH-001_C6,train,cnn_test,1,0,1,0.4397678
332,MH-001_2021_R015_C043,MH-001,Gondkhari,2021,15,43,21.177828,78.924319,MH-001_C6,train,cnn_test,1,0,1,0.3264172
333,MH-001_2021_R015_C044,MH-001,Gondkhari,2021,15,44,21.177828,78.924588,MH-001_C6,train,cnn_test,0,0,1,0.61880076
334,MH-001_2021_R015_C045,MH-001,Gondkhari,2021,15,45,21.177828,78.924858,MH-001_C6,train,cnn_test,1,0,1,0.7905399
335,MH-001_2021_R015_C046,MH-001,Gondkhari,2021,15,46,21.177828,78.925127,MH-001_C7,train,cnn_test,2,1,1,0.68679875
336,MH-001_2021_R015_C047,MH-001,Gondkhari,2021,15,47,21.177828,78.925397,MH-001_C7,train,cnn_test,1,0,1,0.8191516
337,MH-001_2021_R015_C048,MH-001,Gondkhari,2021,15,48,21.177828,78.925666,MH-001_C7,train,cnn_test,1,0,1,0.5240394
338,MH-001_2021_R015_C049,MH-001,Gondkhari,2021,15,49,21.177828,78.925936,MH-001_C7,train,cnn_test,3,1,1,0.729118
339,MH-001_2021_R015_C051,MH-001,Gondkhari,2021,15,51,21.177828,78.926475,MH-001_C7,train,cnn_test,2,1,1,0.7196253
340,MH-001_2021_R016_C007,MH-001,Gondkhari,2021,16,7,21.177558,78.914617,MH-001_C0,train,cnn_test,0,0,0,0.034769543
341,MH-001_2021_R016_C008,MH-001,Gondkhari,2021,16,8,21.177558,78.914887,MH-001_C1,train,cnn_test,2,1,0,0.05486782
342,MH-001_2021_R016_C009,MH-001,Gondkhari,2021,16,9,21.177558,78.915156,MH-001_C1,train,cnn_test,1,0,0,0.010645021
343,MH-001_2021_R016_C010,MH-001,Gondkhari,2021,16,10,21.177558,78.915426,MH-001_C1,train,cnn_test,0,0,0,0.0084476
344,MH-001_2021_R016_C011,MH-001,Gondkhari,2021,16,11,21.177558,78.915695,MH-001_C1,train,cnn_test,0,0,0,0.007761634
345,MH-001_2021_R016_C012,MH-001,Gondkhari,2021,16,12,21.177558,78.915965,MH-001_C1,train,cnn_test,0,0,0,0.018618211
346,MH-001_2021_R016_C013,MH-001,Gondkhari,2021,16,13,21.177558,78.916234,MH-001_C1,train,cnn_test,0,0,0,0.0029542067
347,MH-001_2021_R016_C014,MH-001,Gondkhari,2021,16,14,21.177558,78.916504,MH-001_C2,train,cnn_test,1,0,0,0.002590479
348,MH-001_2021_R016_C015,MH-001,Gondkhari,2021,16,15,21.177558,78.916773,MH-001_C2,train,cnn_test,1,0,0,0.010905146
349,MH-001_2021_R016_C018,MH-001,Gondkhari,2021,16,18,21.177558,78.917582,MH-001_C2,train,cnn_test,0,0,1,0.61201614
350,MH-001_2021_R016_C019,MH-001,Gondkhari,2021,16,19,21.177558,78.917851,MH-001_C2,train,cnn_test,0,0,1,0.56577885
351,MH-001_2021_R016_C020,MH-001,Gondkhari,2021,16,20,21.177558,78.918121,MH-001_C2,train,cnn_test,1,0,1,0.71546036
352,MH-001_2021_R016_C021,MH-001,Gondkhari,2021,16,21,21.177558,78.91839,MH-001_C3,train,cnn_test,1,0,1,0.5204524
353,MH-001_2021_R016_C022,MH-001,Gondkhari,2021,16,22,21.177558,78.91866,MH-001_C3,train,cnn_test,0,0,1,0.22619824
354,MH-001_2021_R016_C023,MH-001,Gondkhari,2021,16,23,21.177558,78.918929,MH-001_C3,train,cnn_test,0,0,1,0.42084688
355,MH-001_2021_R016_C024,MH-001,Gondkhari,2021,16,24,21.177558,78.919199,MH-001_C3,train,cnn_test,0,0,1,0.8437931
356,MH-001_2021_R016_C025,MH-001,Gondkhari,2021,16,25,21.177558,78.919468,MH-001_C3,train,cnn_test,0,0,1,0.8469024
357,MH-001_2021_R016_C026,MH-001,Gondkhari,2021,16,26,21.177558,78.919738,MH-001_C3,train,cnn_test,0,0,1,0.8642497
358,MH-001_2021_R016_C027,MH-001,Gondkhari,2021,16,27,21.177558,78.920007,MH-001_C4,train,cnn_test,0,0,1,0.81960726
359,MH-001_2021_R016_C028,MH-001,Gondkhari,2021,16,28,21.177558,78.920277,MH-001_C4,train,cnn_test,0,0,1,0.81603664
360,MH-001_2021_R016_C029,MH-001,Gondkhari,2021,16,29,21.177558,78.920546,MH-001_C4,train,cnn_test,0,0,1,0.63133717
361,MH-001_2021_R016_C030,MH-001,Gondkhari,2021,16,30,21.177558,78.920816,MH-001_C4,train,cnn_test,0,0,1,0.7084243
362,MH-001_2021_R016_C032,MH-001,Gondkhari,2021,16,32,21.177558,78.921355,MH-001_C4,train,cnn_test,1,0,1,0.84391576
363,MH-001_2021_R016_C033,MH-001,Gondkhari,2021,16,33,21.177558,78.921624,MH-001_C5,train,cnn_test,1,0,1,0.8064391
364,MH-001_2021_R016_C034,MH-001,Gondkhari,2021,16,34,21.177558,78.921894,MH-001_C5,train,cnn_test,1,0,1,0.76559156
365,MH-001_2021_R016_C035,MH-001,Gondkhari,2021,16,35,21.177558,78.922163,MH-001_C5,train,cnn_test,2,1,1,0.5496017
366,MH-001_2021_R016_C036,MH-001,Gondkhari,2021,16,36,21.177558,78.922433,MH-001_C5,train,cnn_test,2,1,1,0.60725373
367,MH-001_2021_R016_C037,MH-001,Gondkhari,2021,16,37,21.177558,78.922702,MH-001_C5,train,cnn_test,2,1,1,0.7040092
368,MH-001_2021_R016_C038,MH-001,Gondkhari,2021,16,38,21.177558,78.922972,MH-001_C5,train,cnn_test,2,1,1,0.50968885
369,MH-001_2021_R016_C039,MH-001,Gondkhari,2021,16,39,21.177558,78.923241,MH-001_C5,train,cnn_test,3,1,1,0.67005813
370,MH-001_2021_R016_C040,MH-001,Gondkhari,2021,16,40,21.177558,78.92351,MH-001_C6,train,cnn_test,1,0,1,0.5828495
371,MH-001_2021_R016_C041,MH-001,Gondkhari,2021,16,41,21.177558,78.92378,MH-001_C6,train,cnn_test,1,0,1,0.48909232
372,MH-001_2021_R016_C042,MH-001,Gondkhari,2021,16,42,21.177558,78.924049,MH-001_C6,train,cnn_test,1,0,1,0.37776014
373,MH-001_2021_R016_C043,MH-001,Gondkhari,2021,16,43,21.177558,78.924319,MH-001_C6,train,cnn_test,2,1,1,0.37925366
374,MH-001_2021_R016_C044,MH-001,Gondkhari,2021,16,44,21.177558,78.924588,MH-001_C6,train,cnn_test,1,0,1,0.7420853
375,MH-001_2021_R016_C045,MH-001,Gondkhari,2021,16,45,21.177558,78.924858,MH-001_C6,train,cnn_test,2,1,1,0.74357456
376,MH-001_2021_R016_C046,MH-001,Gondkhari,2021,16,46,21.177558,78.925127,MH-001_C7,train,cnn_test,2,1,1,0.6627581
377,MH-001_2021_R016_C047,MH-001,Gondkhari,2021,16,47,21.177558,78.925397,MH-001_C7,train,cnn_test,1,0,1,0.66825306
378,MH-001_2021_R016_C048,MH-001,Gondkhari,2021,16,48,21.177558,78.925666,MH-001_C7,train,cnn_test,0,0,1,0.5226888
379,MH-001_2021_R016_C051,MH-001,Gondkhari,2021,16,51,21.177558,78.926475,MH-001_C7,train,cnn_test,0,0,1,0.680605
380,MH-001_2021_R017_C007,MH-001,Gondkhari,2021,17,7,21.177289,78.914617,MH-001_C0,train,cnn_test,0,0,1,0.24735989
381,MH-001_2021_R017_C008,MH-001,Gondkhari,2021,17,8,21.177289,78.914887,MH-001_C1,train,cnn_test,1,0,1,0.24280542
382,MH-001_2021_R017_C009,MH-001,Gondkhari,2021,17,9,21.177289,78.915156,MH-001_C1,train,cnn_test,0,0,0,0.022618352
383,MH-001_2021_R017_C010,MH-001,Gondkhari,2021,17,10,21.177289,78.915426,MH-001_C1,train,cnn_test,0,0,0,0.048355706
384,MH-001_2021_R017_C011,MH-001,Gondkhari,2021,17,11,21.177289,78.915695,MH-001_C1,train,cnn_test,0,0,0,0.029062176
385,MH-001_2021_R017_C012,MH-001,Gondkhari,2021,17,12,21.177289,78.915965,MH-001_C1,train,cnn_test,0,0,0,0.034208566
386,MH-001_2021_R017_C013,MH-001,Gondkhari,2021,17,13,21.177289,78.916234,MH-001_C1,train,cnn_test,1,0,0,0.0067913663
387,MH-001_2021_R017_C014,MH-001,Gondkhari,2021,17,14,21.177289,78.916504,MH-001_C2,train,cnn_test,1,0,0,0.0061323005
388,MH-001_2021_R017_C015,MH-001,Gondkhari,2021,17,15,21.177289,78.916773,MH-001_C2,train,cnn_test,1,0,0,0.010578521
389,MH-001_2021_R017_C016,MH-001,Gondkhari,2021,17,16,21.177289,78.917043,MH-001_C2,train,cnn_test,1,0,0,0.095611215
390,MH-001_2021_R017_C017,MH-001,Gondkhari,2021,17,17,21.177289,78.917312,MH-001_C2,train,cnn_test,0,0,1,0.1179757
391,MH-001_2021_R017_C019,MH-001,Gondkhari,2021,17,19,21.177289,78.917851,MH-001_C2,train,cnn_test,1,0,1,0.51953053
392,MH-001_2021_R017_C020,MH-001,Gondkhari,2021,17,20,21.177289,78.918121,MH-001_C2,train,cnn_test,0,0,1,0.7428276
393,MH-001_2021_R017_C021,MH-001,Gondkhari,2021,17,21,21.177289,78.91839,MH-001_C3,train,cnn_test,2,1,1,0.5816856
394,MH-001_2021_R017_C022,MH-001,Gondkhari,2021,17,22,21.177289,78.91866,MH-001_C3,train,cnn_test,0,0,1,0.42257798
395,MH-001_2021_R017_C023,MH-001,Gondkhari,2021,17,23,21.177289,78.918929,MH-001_C3,train,cnn_test,1,0,1,0.76198304
396,MH-001_2021_R017_C024,MH-001,Gondkhari,2021,17,24,21.177289,78.919199,MH-001_C3,train,cnn_test,1,0,1,0.8772494
397,MH-001_2021_R017_C025,MH-001,Gondkhari,2021,17,25,21.177289,78.919468,MH-001_C3,train,cnn_test,1,0,1,0.8442185
398,MH-001_2021_R017_C026,MH-001,Gondkhari,2021,17,26,21.177289,78.919738,MH-001_C3,train,cnn_test,1,0,1,0.8664382
399,MH-001_2021_R017_C027,MH-001,Gondkhari,2021,17,27,21.177289,78.920007,MH-001_C4,train,cnn_test,1,0,1,0.8119791
400,MH-001_2021_R017_C032,MH-001,Gondkhari,2021,17,32,21.177289,78.921355,MH-001_C4,train,cnn_test,1,0,1,0.49394938
401,MH-001_2021_R017_C033,MH-001,Gondkhari,2021,17,33,21.177289,78.921624,MH-001_C5,train,cnn_test,0,0,1,0.5441866
402,MH-001_2021_R017_C034,MH-001,Gondkhari,2021,17,34,21.177289,78.921894,MH-001_C5,train,cnn_test,0,0,1,0.23003568
403,MH-001_2021_R017_C035,MH-001,Gondkhari,2021,17,35,21.177289,78.922163,MH-001_C5,train,cnn_test,1,0,1,0.19433343
404,MH-001_2021_R017_C036,MH-001,Gondkhari,2021,17,36,21.177289,78.922433,MH-001_C5,train,cnn_test,1,0,0,0.057083435
405,MH-001_2021_R017_C037,MH-001,Gondkhari,2021,17,37,21.177289,78.922702,MH-001_C5,train,cnn_test,1,0,1,0.35423586
406,MH-001_2021_R017_C038,MH-001,Gondkhari,2021,17,38,21.177289,78.922972,MH-001_C5,train,cnn_test,2,1,1,0.18846944
407,MH-001_2021_R017_C039,MH-001,Gondkhari,2021,17,39,21.177289,78.923241,MH-001_C5,train,cnn_test,1,0,1,0.5975948
408,MH-001_2021_R017_C040,MH-001,Gondkhari,2021,17,40,21.177289,78.92351,MH-001_C6,train,cnn_test,0,0,1,0.36516798
409,MH-001_2021_R017_C041,MH-001,Gondkhari,2021,17,41,21.177289,78.92378,MH-001_C6,train,cnn_test,0,0,1,0.50635386
410,MH-001_2021_R017_C042,MH-001,Gondkhari,2021,17,42,21.177289,78.924049,MH-001_C6,train,cnn_test,0,0,1,0.4426999
411,MH-001_2021_R017_C043,MH-001,Gondkhari,2021,17,43,21.177289,78.924319,MH-001_C6,train,cnn_test,0,0,1,0.23752433
412,MH-001_2021_R017_C044,MH-001,Gondkhari,2021,17,44,21.177289,78.924588,MH-001_C6,train,cnn_test,0,0,1,0.5768478
413,MH-001_2021_R017_C045,MH-001,Gondkhari,2021,17,45,21.177289,78.924858,MH-001_C6,train,cnn_test,2,1,1,0.5565726
414,MH-001_2021_R017_C046,MH-001,Gondkhari,2021,17,46,21.177289,78.925127,MH-001_C7,train,cnn_test,2,1,1,0.45552185
415,MH-001_2021_R017_C047,MH-001,Gondkhari,2021,17,47,21.177289,78.925397,MH-001_C7,train,cnn_test,0,0,1,0.44514906
416,MH-001_2021_R017_C051,MH-001,Gondkhari,2021,17,51,21.177289,78.926475,MH-001_C7,train,cnn_test,0,0,1,0.6671456
417,MH-001_2021_R018_C007,MH-001,Gondkhari,2021,18,7,21.177019,78.914617,MH-001_C0,train,cnn_test,0,0,0,0.0791259
418,MH-001_2021_R018_C008,MH-001,Gondkhari,2021,18,8,21.177019,78.914887,MH-001_C1,train,cnn_test,0,0,1,0.1494902
419,MH-001_2021_R018_C009,MH-001,Gondkhari,2021,18,9,21.177019,78.915156,MH-001_C1,train,cnn_test,0,0,0,0.021026889
420,MH-001_2021_R018_C010,MH-001,Gondkhari,2021,18,10,21.177019,78.915426,MH-001_C1,train,cnn_test,1,0,0,0.025056027
421,MH-001_2021_R018_C011,MH-001,Gondkhari,2021,18,11,21.177019,78.915695,MH-001_C1,train,cnn_test,2,1,0,0.019383935
422,MH-001_2021_R018_C012,MH-001,Gondkhari,2021,18,12,21.177019,78.915965,MH-001_C1,train,cnn_test,0,0,0,0.020209985
423,MH-001_2021_R018_C013,MH-001,Gondkhari,2021,18,13,21.177019,78.916234,MH-001_C1,train,cnn_test,1,0,0,0.005367994
424,MH-001_2021_R018_C014,MH-001,Gondkhari,2021,18,14,21.177019,78.916504,MH-001_C2,train,cnn_test,2,1,0,0.0032032295
425,MH-001_2021_R018_C015,MH-001,Gondkhari,2021,18,15,21.177019,78.916773,MH-001_C2,train,cnn_test,1,0,0,0.017383328
426,MH-001_2021_R018_C016,MH-001,Gondkhari,2021,18,16,21.177019,78.917043,MH-001_C2,train,cnn_test,1,0,0,0.077153444
427,MH-001_2021_R018_C017,MH-001,Gondkhari,2021,18,17,21.177019,78.917312,MH-001_C2,train,cnn_test,0,0,1,0.11896704
428,MH-001_2021_R018_C018,MH-001,Gondkhari,2021,18,18,21.177019,78.917582,MH-001_C2,train,cnn_test,1,0,1,0.38021132
429,MH-001_2021_R018_C019,MH-001,Gondkhari,2021,18,19,21.177019,78.917851,MH-001_C2,train,cnn_test,1,0,1,0.451988
430,MH-001_2021_R018_C020,MH-001,Gondkhari,2021,18,20,21.177019,78.918121,MH-001_C2,train,cnn_test,0,0,1,0.4044718
431,MH-001_2021_R018_C021,MH-001,Gondkhari,2021,18,21,21.177019,78.91839,MH-001_C3,train,cnn_test,1,0,1,0.4037413
432,MH-001_2021_R018_C022,MH-001,Gondkhari,2021,18,22,21.177019,78.91866,MH-001_C3,train,cnn_test,0,0,1,0.23529579
433,MH-001_2021_R018_C023,MH-001,Gondkhari,2021,18,23,21.177019,78.918929,MH-001_C3,train,cnn_test,0,0,1,0.6976975
434,MH-001_2021_R018_C024,MH-001,Gondkhari,2021,18,24,21.177019,78.919199,MH-001_C3,train,cnn_test,0,0,1,0.8412587
435,MH-001_2021_R018_C025,MH-001,Gondkhari,2021,18,25,21.177019,78.919468,MH-001_C3,train,cnn_test,0,0,1,0.82617325
436,MH-001_2021_R018_C026,MH-001,Gondkhari,2021,18,26,21.177019,78.919738,MH-001_C3,train,cnn_test,0,0,1,0.8484391
437,MH-001_2021_R018_C027,MH-001,Gondkhari,2021,18,27,21.177019,78.920007,MH-001_C4,train,cnn_test,0,0,1,0.8171398
438,MH-001_2021_R018_C029,MH-001,Gondkhari,2021,18,29,21.177019,78.920546,MH-001_C4,train,cnn_test,0,0,1,0.4686558
439,MH-001_2021_R018_C032,MH-001,Gondkhari,2021,18,32,21.177019,78.921355,MH-001_C4,train,cnn_test,0,0,1,0.6120889
440,MH-001_2021_R018_C033,MH-001,Gondkhari,2021,18,33,21.177019,78.921624,MH-001_C5,train,cnn_test,0,0,1,0.5956362
441,MH-001_2021_R018_C034,MH-001,Gondkhari,2021,18,34,21.177019,78.921894,MH-001_C5,train,cnn_test,0,0,1,0.22548164
442,MH-001_2021_R018_C035,MH-001,Gondkhari,2021,18,35,21.177019,78.922163,MH-001_C5,train,cnn_test,0,0,0,0.09965664
443,MH-001_2021_R018_C036,MH-001,Gondkhari,2021,18,36,21.177019,78.922433,MH-001_C5,train,cnn_test,0,0,0,0.06804444
444,MH-001_2021_R018_C037,MH-001,Gondkhari,2021,18,37,21.177019,78.922702,MH-001_C5,train,cnn_test,0,0,1,0.18545547
445,MH-001_2021_R018_C038,MH-001,Gondkhari,2021,18,38,21.177019,78.922972,MH-001_C5,train,cnn_test,0,0,0,0.04999732
446,MH-001_2021_R018_C039,MH-001,Gondkhari,2021,18,39,21.177019,78.923241,MH-001_C5,train,cnn_test,0,0,1,0.14250572
447,MH-001_2021_R018_C040,MH-001,Gondkhari,2021,18,40,21.177019,78.92351,MH-001_C6,train,cnn_test,2,1,1,0.1657658
448,MH-001_2021_R018_C041,MH-001,Gondkhari,2021,18,41,21.177019,78.92378,MH-001_C6,train,cnn_test,2,1,1,0.21683764
449,MH-001_2021_R018_C042,MH-001,Gondkhari,2021,18,42,21.177019,78.924049,MH-001_C6,train,cnn_test,1,0,1,0.12300469
450,MH-001_2021_R018_C043,MH-001,Gondkhari,2021,18,43,21.177019,78.924319,MH-001_C6,train,cnn_test,0,0,0,0.08742607
451,MH-001_2021_R018_C044,MH-001,Gondkhari,2021,18,44,21.177019,78.924588,MH-001_C6,train,cnn_test,1,0,1,0.47233835
452,MH-001_2021_R018_C045,MH-001,Gondkhari,2021,18,45,21.177019,78.924858,MH-001_C6,train,cnn_test,1,0,1,0.58749205
453,MH-001_2021_R018_C046,MH-001,Gondkhari,2021,18,46,21.177019,78.925127,MH-001_C7,train,cnn_test,2,1,1,0.46753737
454,MH-001_2021_R018_C047,MH-001,Gondkhari,2021,18,47,21.177019,78.925397,MH-001_C7,train,cnn_test,1,0,1,0.4578215
455,MH-001_2021_R018_C049,MH-001,Gondkhari,2021,18,49,21.177019,78.925936,MH-001_C7,train,cnn_test,0,0,1,0.18751477
456,MH-001_2021_R018_C050,MH-001,Gondkhari,2021,18,50,21.177019,78.926205,MH-001_C7,train,cnn_test,0,0,1,0.100907214
457,MH-001_2021_R019_C008,MH-001,Gondkhari,2021,19,8,21.17675,78.914887,MH-001_C1,train,cnn_test,0,0,1,0.27781075
458,MH-001_2021_R019_C009,MH-001,Gondkhari,2021,19,9,21.17675,78.915156,MH-001_C1,train,cnn_test,1,0,0,0.04046326
459,MH-001_2021_R019_C010,MH-001,Gondkhari,2021,19,10,21.17675,78.915426,MH-001_C1,train,cnn_test,0,0,1,0.15327565
460,MH-001_2021_R019_C011,MH-001,Gondkhari,2021,19,11,21.17675,78.915695,MH-001_C1,train,cnn_test,1,0,0,0.080297515
461,MH-001_2021_R019_C012,MH-001,Gondkhari,2021,19,12,21.17675,78.915965,MH-001_C1,train,cnn_test,1,0,0,0.03472291
462,MH-001_2021_R019_C013,MH-001,Gondkhari,2021,19,13,21.17675,78.916234,MH-001_C1,train,cnn_test,1,0,0,0.008765347
463,MH-001_2021_R019_C014,MH-001,Gondkhari,2021,19,14,21.17675,78.916504,MH-001_C2,train,cnn_test,1,0,0,0.010755939
464,MH-001_2021_R019_C015,MH-001,Gondkhari,2021,19,15,21.17675,78.916773,MH-001_C2,train,cnn_test,1,0,0,0.012952751
465,MH-001_2021_R019_C016,MH-001,Gondkhari,2021,19,16,21.17675,78.917043,MH-001_C2,train,cnn_test,1,0,0,0.029907474
466,MH-001_2021_R019_C018,MH-001,Gondkhari,2021,19,18,21.17675,78.917582,MH-001_C2,train,cnn_test,0,0,0,0.08348558
467,MH-001_2021_R019_C019,MH-001,Gondkhari,2021,19,19,21.17675,78.917851,MH-001_C2,train,cnn_test,0,0,0,0.045663673
468,MH-001_2021_R019_C020,MH-001,Gondkhari,2021,19,20,21.17675,78.918121,MH-001_C2,train,cnn_test,0,0,1,0.12745532
469,MH-001_2021_R019_C021,MH-001,Gondkhari,2021,19,21,21.17675,78.91839,MH-001_C3,train,cnn_test,1,0,0,0.03852734
470,MH-001_2021_R019_C022,MH-001,Gondkhari,2021,19,22,21.17675,78.91866,MH-001_C3,train,cnn_test,0,0,0,0.050023742
471,MH-001_2021_R019_C023,MH-001,Gondkhari,2021,19,23,21.17675,78.918929,MH-001_C3,train,cnn_test,0,0,1,0.21397036
472,MH-001_2021_R019_C024,MH-001,Gondkhari,2021,19,24,21.17675,78.919199,MH-001_C3,train,cnn_test,0,0,1,0.45484728
473,MH-001_2021_R019_C025,MH-001,Gondkhari,2021,19,25,21.17675,78.919468,MH-001_C3,train,cnn_test,1,0,1,0.45934504
474,MH-001_2021_R019_C026,MH-001,Gondkhari,2021,19,26,21.17675,78.919738,MH-001_C3,train,cnn_test,0,0,1,0.62241775
475,MH-001_2021_R019_C027,MH-001,Gondkhari,2021,19,27,21.17675,78.920007,MH-001_C4,train,cnn_test,0,0,1,0.7348661
476,MH-001_2021_R019_C028,MH-001,Gondkhari,2021,19,28,21.17675,78.920277,MH-001_C4,train,cnn_test,0,0,1,0.6733652
477,MH-001_2021_R019_C029,MH-001,Gondkhari,2021,19,29,21.17675,78.920546,MH-001_C4,train,cnn_test,1,0,1,0.24030472
478,MH-001_2021_R019_C030,MH-001,Gondkhari,2021,19,30,21.17675,78.920816,MH-001_C4,train,cnn_test,1,0,1,0.3117419
479,MH-001_2021_R019_C034,MH-001,Gondkhari,2021,19,34,21.17675,78.921894,MH-001_C5,train,cnn_test,0,0,0,0.054639064
480,MH-001_2021_R019_C035,MH-001,Gondkhari,2021,19,35,21.17675,78.922163,MH-001_C5,train,cnn_test,0,0,0,0.037076116
481,MH-001_2021_R019_C036,MH-001,Gondkhari,2021,19,36,21.17675,78.922433,MH-001_C5,train,cnn_test,1,0,0,0.008393425
482,MH-001_2021_R019_C037,MH-001,Gondkhari,2021,19,37,21.17675,78.922702,MH-001_C5,train,cnn_test,1,0,0,0.09272466
483,MH-001_2021_R019_C038,MH-001,Gondkhari,2021,19,38,21.17675,78.922972,MH-001_C5,train,cnn_test,2,1,0,0.0288402
484,MH-001_2021_R019_C039,MH-001,Gondkhari,2021,19,39,21.17675,78.923241,MH-001_C5,train,cnn_test,2,1,0,0.0984145
485,MH-001_2021_R019_C040,MH-001,Gondkhari,2021,19,40,21.17675,78.92351,MH-001_C6,train,cnn_test,2,1,0,0.0498995
486,MH-001_2021_R019_C041,MH-001,Gondkhari,2021,19,41,21.17675,78.92378,MH-001_C6,train,cnn_test,2,1,1,0.17764983
487,MH-001_2021_R019_C042,MH-001,Gondkhari,2021,19,42,21.17675,78.924049,MH-001_C6,train,cnn_test,2,1,0,0.09557152
488,MH-001_2021_R019_C043,MH-001,Gondkhari,2021,19,43,21.17675,78.924319,MH-001_C6,train,cnn_test,1,0,0,0.047799237
489,MH-001_2021_R019_C044,MH-001,Gondkhari,2021,19,44,21.17675,78.924588,MH-001_C6,train,cnn_test,1,0,1,0.10433438
490,MH-001_2021_R019_C045,MH-001,Gondkhari,2021,19,45,21.17675,78.924858,MH-001_C6,train,cnn_test,0,0,1,0.33320242
491,MH-001_2021_R019_C046,MH-001,Gondkhari,2021,19,46,21.17675,78.925127,MH-001_C7,train,cnn_test,0,0,1,0.10209688
492,MH-001_2021_R019_C047,MH-001,Gondkhari,2021,19,47,21.17675,78.925397,MH-001_C7,train,cnn_test,1,0,1,0.37982166
493,MH-001_2021_R019_C048,MH-001,Gondkhari,2021,19,48,21.17675,78.925666,MH-001_C7,train,cnn_test,0,0,0,0.05662053
494,MH-001_2021_R019_C049,MH-001,Gondkhari,2021,19,49,21.17675,78.925936,MH-001_C7,train,cnn_test,0,0,1,0.4389464
495,MH-001_2021_R019_C050,MH-001,Gondkhari,2021,19,50,21.17675,78.926205,MH-001_C7,train,cnn_test,0,0,0,0.06541801
496,MH-001_2021_R019_C051,MH-001,Gondkhari,2021,19,51,21.17675,78.926475,MH-001_C7,train,cnn_test,0,0,1,0.82167673
497,MH-001_2021_R020_C008,MH-001,Gondkhari,2021,20,8,21.17648,78.914887,MH-001_C1,train,cnn_test,0,0,1,0.48574725
498,MH-001_2021_R020_C009,MH-001,Gondkhari,2021,20,9,21.17648,78.915156,MH-001_C1,train,cnn_test,0,0,0,0.09980419
499,MH-001_2021_R020_C010,MH-001,Gondkhari,2021,20,10,21.17648,78.915426,MH-001_C1,train,cnn_test,0,0,1,0.21110784
500,MH-001_2021_R020_C011,MH-001,Gondkhari,2021,20,11,21.17648,78.915695,MH-001_C1,train,cnn_test,1,0,0,0.06495591
501,MH-001_2021_R020_C012,MH-001,Gondkhari,2021,20,12,21.17648,78.915965,MH-001_C1,train,cnn_test,1,0,0,0.033267453
502,MH-001_2021_R020_C013,MH-001,Gondkhari,2021,20,13,21.17648,78.916234,MH-001_C1,train,cnn_test,1,0,0,0.0069015864
503,MH-001_2021_R020_C014,MH-001,Gondkhari,2021,20,14,21.17648,78.916504,MH-001_C2,train,cnn_test,1,0,0,0.005865135
504,MH-001_2021_R020_C015,MH-001,Gondkhari,2021,20,15,21.17648,78.916773,MH-001_C2,train,cnn_test,1,0,0,0.010425434
505,MH-001_2021_R020_C016,MH-001,Gondkhari,2021,20,16,21.17648,78.917043,MH-001_C2,train,cnn_test,1,0,0,0.011288314
506,MH-001_2021_R020_C018,MH-001,Gondkhari,2021,20,18,21.17648,78.917582,MH-001_C2,train,cnn_test,1,0,0,0.014422908
507,MH-001_2021_R020_C019,MH-001,Gondkhari,2021,20,19,21.17648,78.917851,MH-001_C2,train,cnn_test,0,0,0,0.015296778
508,MH-001_2021_R020_C020,MH-001,Gondkhari,2021,20,20,21.17648,78.918121,MH-001_C2,train,cnn_test,1,0,0,0.022674948
509,MH-001_2021_R020_C021,MH-001,Gondkhari,2021,20,21,21.17648,78.91839,MH-001_C3,train,cnn_test,1,0,0,0.014381221
510,MH-001_2021_R020_C022,MH-001,Gondkhari,2021,20,22,21.17648,78.91866,MH-001_C3,train,cnn_test,0,0,0,0.015318685
511,MH-001_2021_R020_C023,MH-001,Gondkhari,2021,20,23,21.17648,78.918929,MH-001_C3,train,cnn_test,0,0,0,0.07232226
512,MH-001_2021_R020_C024,MH-001,Gondkhari,2021,20,24,21.17648,78.919199,MH-001_C3,train,cnn_test,1,0,1,0.12067216
513,MH-001_2021_R020_C025,MH-001,Gondkhari,2021,20,25,21.17648,78.919468,MH-001_C3,train,cnn_test,1,0,1,0.21414833
514,MH-001_2021_R020_C026,MH-001,Gondkhari,2021,20,26,21.17648,78.919738,MH-001_C3,train,cnn_test,1,0,1,0.47101444
515,MH-001_2021_R020_C027,MH-001,Gondkhari,2021,20,27,21.17648,78.920007,MH-001_C4,train,cnn_test,1,0,1,0.7850836
516,MH-001_2021_R020_C029,MH-001,Gondkhari,2021,20,29,21.17648,78.920546,MH-001_C4,train,cnn_test,1,0,1,0.72649497
517,MH-001_2021_R020_C031,MH-001,Gondkhari,2021,20,31,21.17648,78.921085,MH-001_C4,train,cnn_test,0,0,1,0.88778305
518,MH-001_2021_R020_C032,MH-001,Gondkhari,2021,20,32,21.17648,78.921355,MH-001_C4,train,cnn_test,1,0,1,0.84561616
519,MH-001_2021_R020_C033,MH-001,Gondkhari,2021,20,33,21.17648,78.921624,MH-001_C5,train,cnn_test,1,0,1,0.8502931
520,MH-001_2021_R020_C037,MH-001,Gondkhari,2021,20,37,21.17648,78.922702,MH-001_C5,train,cnn_test,0,0,1,0.25619754
521,MH-001_2021_R020_C039,MH-001,Gondkhari,2021,20,39,21.17648,78.923241,MH-001_C5,train,cnn_test,2,1,0,0.05414632
522,MH-001_2021_R020_C040,MH-001,Gondkhari,2021,20,40,21.17648,78.92351,MH-001_C6,train,cnn_test,3,1,0,0.05721128
523,MH-001_2021_R020_C041,MH-001,Gondkhari,2021,20,41,21.17648,78.92378,MH-001_C6,train,cnn_test,3,1,0,0.08568903
524,MH-001_2021_R020_C042,MH-001,Gondkhari,2021,20,42,21.17648,78.924049,MH-001_C6,train,cnn_test,1,0,0,0.04834909
525,MH-001_2021_R020_C043,MH-001,Gondkhari,2021,20,43,21.17648,78.924319,MH-001_C6,train,cnn_test,1,0,0,0.033239387
526,MH-001_2021_R020_C044,MH-001,Gondkhari,2021,20,44,21.17648,78.924588,MH-001_C6,train,cnn_test,1,0,1,0.17791472
527,MH-001_2021_R020_C045,MH-001,Gondkhari,2021,20,45,21.17648,78.924858,MH-001_C6,train,cnn_test,0,0,1,0.23238686
528,MH-001_2021_R020_C046,MH-001,Gondkhari,2021,20,46,21.17648,78.925127,MH-001_C7,train,cnn_test,0,0,1,0.14305206
529,MH-001_2021_R020_C047,MH-001,Gondkhari,2021,20,47,21.17648,78.925397,MH-001_C7,train,cnn_test,1,0,1,0.28711757
530,MH-001_2021_R020_C048,MH-001,Gondkhari,2021,20,48,21.17648,78.925666,MH-001_C7,train,cnn_test,1,0,1,0.26250815
531,MH-001_2021_R020_C050,MH-001,Gondkhari,2021,20,50,21.17648,78.926205,MH-001_C7,train,cnn_test,0,0,1,0.18720135
532,MH-001_2021_R020_C051,MH-001,Gondkhari,2021,20,51,21.17648,78.926475,MH-001_C7,train,cnn_test,0,0,1,0.5551731
533,MH-001_2021_R021_C009,MH-001,Gondkhari,2021,21,9,21.176211,78.915156,MH-001_C1,train,cnn_test,0,0,1,0.5022965
534,MH-001_2021_R021_C010,MH-001,Gondkhari,2021,21,10,21.176211,78.915426,MH-001_C1,train,cnn_test,0,0,1,0.45608118
535,MH-001_2021_R021_C011,MH-001,Gondkhari,2021,21,11,21.176211,78.915695,MH-001_C1,train,cnn_test,0,0,1,0.37666506
536,MH-001_2021_R021_C012,MH-001,Gondkhari,2021,21,12,21.176211,78.915965,MH-001_C1,train,cnn_test,0,0,0,0.04012188
537,MH-001_2021_R021_C013,MH-001,Gondkhari,2021,21,13,21.176211,78.916234,MH-001_C1,train,cnn_test,1,0,0,0.019839471
538,MH-001_2021_R021_C014,MH-001,Gondkhari,2021,21,14,21.176211,78.916504,MH-001_C2,train,cnn_test,1,0,0,0.01918513
539,MH-001_2021_R021_C015,MH-001,Gondkhari,2021,21,15,21.176211,78.916773,MH-001_C2,train,cnn_test,1,0,0,0.013000902
540,MH-001_2021_R021_C016,MH-001,Gondkhari,2021,21,16,21.176211,78.917043,MH-001_C2,train,cnn_test,1,0,0,0.007996849
541,MH-001_2021_R021_C017,MH-001,Gondkhari,2021,21,17,21.176211,78.917312,MH-001_C2,train,cnn_test,0,0,0,0.002866101
542,MH-001_2021_R021_C019,MH-001,Gondkhari,2021,21,19,21.176211,78.917851,MH-001_C2,train,cnn_test,0,0,0,0.012612865
543,MH-001_2021_R021_C020,MH-001,Gondkhari,2021,21,20,21.176211,78.918121,MH-001_C2,train,cnn_test,1,0,0,0.04242305
544,MH-001_2021_R021_C021,MH-001,Gondkhari,2021,21,21,21.176211,78.91839,MH-001_C3,train,cnn_test,1,0,0,0.013498956
545,MH-001_2021_R021_C022,MH-001,Gondkhari,2021,21,22,21.176211,78.91866,MH-001_C3,train,cnn_test,1,0,0,0.019389756
546,MH-001_2021_R021_C023,MH-001,Gondkhari,2021,21,23,21.176211,78.918929,MH-001_C3,train,cnn_test,1,0,0,0.085194506
547,MH-001_2021_R021_C024,MH-001,Gondkhari,2021,21,24,21.176211,78.919199,MH-001_C3,train,cnn_test,1,0,1,0.20170513
548,MH-001_2021_R021_C025,MH-001,Gondkhari,2021,21,25,21.176211,78.919468,MH-001_C3,train,cnn_test,1,0,1,0.20035921
549,MH-001_2021_R021_C026,MH-001,Gondkhari,2021,21,26,21.176211,78.919738,MH-001_C3,train,cnn_test,1,0,1,0.4987016
550,MH-001_2021_R021_C027,MH-001,Gondkhari,2021,21,27,21.176211,78.920007,MH-001_C4,train,cnn_test,1,0,1,0.7444384
551,MH-001_2021_R021_C028,MH-001,Gondkhari,2021,21,28,21.176211,78.920277,MH-001_C4,train,cnn_test,1,0,1,0.63137037
552,MH-001_2021_R021_C029,MH-001,Gondkhari,2021,21,29,21.176211,78.920546,MH-001_C4,train,cnn_test,2,1,1,0.47486296
553,MH-001_2021_R021_C030,MH-001,Gondkhari,2021,21,30,21.176211,78.920816,MH-001_C4,train,cnn_test,2,1,1,0.27203867
554,MH-001_2021_R021_C031,MH-001,Gondkhari,2021,21,31,21.176211,78.921085,MH-001_C4,train,cnn_test,1,0,1,0.70198566
555,MH-001_2021_R021_C032,MH-001,Gondkhari,2021,21,32,21.176211,78.921355,MH-001_C4,train,cnn_test,1,0,1,0.37917578
556,MH-001_2021_R021_C033,MH-001,Gondkhari,2021,21,33,21.176211,78.921624,MH-001_C5,train,cnn_test,0,0,1,0.41937017
557,MH-001_2021_R021_C034,MH-001,Gondkhari,2021,21,34,21.176211,78.921894,MH-001_C5,train,cnn_test,0,0,1,0.14824621
558,MH-001_2021_R021_C036,MH-001,Gondkhari,2021,21,36,21.176211,78.922433,MH-001_C5,train,cnn_test,1,0,0,0.03280906
559,MH-001_2021_R021_C037,MH-001,Gondkhari,2021,21,37,21.176211,78.922702,MH-001_C5,train,cnn_test,1,0,1,0.16805002
560,MH-001_2021_R021_C038,MH-001,Gondkhari,2021,21,38,21.176211,78.922972,MH-001_C5,train,cnn_test,2,1,1,0.15868084
561,MH-001_2021_R021_C039,MH-001,Gondkhari,2021,21,39,21.176211,78.923241,MH-001_C5,train,cnn_test,2,1,1,0.21324807
562,MH-001_2021_R021_C040,MH-001,Gondkhari,2021,21,40,21.176211,78.92351,MH-001_C6,train,cnn_test,3,1,1,0.19792157
563,MH-001_2021_R021_C041,MH-001,Gondkhari,2021,21,41,21.176211,78.92378,MH-001_C6,train,cnn_test,3,1,1,0.26880056
564,MH-001_2021_R021_C042,MH-001,Gondkhari,2021,21,42,21.176211,78.924049,MH-001_C6,train,cnn_test,2,1,1,0.18929653
565,MH-001_2021_R021_C043,MH-001,Gondkhari,2021,21,43,21.176211,78.924319,MH-001_C6,train,cnn_test,1,0,0,0.056011
566,MH-001_2021_R021_C044,MH-001,Gondkhari,2021,21,44,21.176211,78.924588,MH-001_C6,train,cnn_test,1,0,1,0.2633003
567,MH-001_2021_R021_C045,MH-001,Gondkhari,2021,21,45,21.176211,78.924858,MH-001_C6,train,cnn_test,0,0,1,0.39163515
568,MH-001_2021_R021_C046,MH-001,Gondkhari,2021,21,46,21.176211,78.925127,MH-001_C7,train,cnn_test,0,0,1,0.13149668
569,MH-001_2021_R021_C047,MH-001,Gondkhari,2021,21,47,21.176211,78.925397,MH-001_C7,train,cnn_test,1,0,1,0.59200627
570,MH-001_2021_R021_C048,MH-001,Gondkhari,2021,21,48,21.176211,78.925666,MH-001_C7,train,cnn_test,1,0,1,0.1141874
571,MH-001_2021_R021_C049,MH-001,Gondkhari,2021,21,49,21.176211,78.925936,MH-001_C7,train,cnn_test,0,0,1,0.57109827
572,MH-001_2021_R022_C009,MH-001,Gondkhari,2021,22,9,21.175941,78.915156,MH-001_C1,train,cnn_test,0,0,1,0.56933933
573,MH-001_2021_R022_C010,MH-001,Gondkhari,2021,22,10,21.175941,78.915426,MH-001_C1,train,cnn_test,0,0,1,0.262152
574,MH-001_2021_R022_C011,MH-001,Gondkhari,2021,22,11,21.175941,78.915695,MH-001_C1,train,cnn_test,1,0,1,0.12232889
575,MH-001_2021_R022_C012,MH-001,Gondkhari,2021,22,12,21.175941,78.915965,MH-001_C1,train,cnn_test,1,0,0,0.01039311
576,MH-001_2021_R022_C013,MH-001,Gondkhari,2021,22,13,21.175941,78.916234,MH-001_C1,train,cnn_test,1,0,0,0.0046371096
577,MH-001_2021_R022_C014,MH-001,Gondkhari,2021,22,14,21.175941,78.916504,MH-001_C2,train,cnn_test,1,0,0,0.0021634058
578,MH-001_2021_R022_C015,MH-001,Gondkhari,2021,22,15,21.175941,78.916773,MH-001_C2,train,cnn_test,0,0,0,0.0032159372
579,MH-001_2021_R022_C016,MH-001,Gondkhari,2021,22,16,21.175941,78.917043,MH-001_C2,train,cnn_test,0,0,0,0.001132049
580,MH-001_2021_R022_C017,MH-001,Gondkhari,2021,22,17,21.175941,78.917312,MH-001_C2,train,cnn_test,0,0,0,0.00024625985
581,MH-001_2021_R022_C018,MH-001,Gondkhari,2021,22,18,21.175941,78.917582,MH-001_C2,train,cnn_test,0,0,0,0.0011326057
582,MH-001_2021_R022_C020,MH-001,Gondkhari,2021,22,20,21.175941,78.918121,MH-001_C2,train,cnn_test,0,0,0,0.0042848764
583,MH-001_2021_R022_C021,MH-001,Gondkhari,2021,22,21,21.175941,78.91839,MH-001_C3,train,cnn_test,1,0,0,0.0019451828
584,MH-001_2021_R022_C022,MH-001,Gondkhari,2021,22,22,21.175941,78.91866,MH-001_C3,train,cnn_test,1,0,0,0.0022380692
585,MH-001_2021_R022_C023,MH-001,Gondkhari,2021,22,23,21.175941,78.918929,MH-001_C3,train,cnn_test,0,0,0,0.011175222
586,MH-001_2021_R022_C024,MH-001,Gondkhari,2021,22,24,21.175941,78.919199,MH-001_C3,train,cnn_test,0,0,0,0.020553244
587,MH-001_2021_R022_C025,MH-001,Gondkhari,2021,22,25,21.175941,78.919468,MH-001_C3,train,cnn_test,0,0,0,0.05165344
588,MH-001_2021_R022_C026,MH-001,Gondkhari,2021,22,26,21.175941,78.919738,MH-001_C3,train,cnn_test,1,0,1,0.19185227
589,MH-001_2021_R022_C027,MH-001,Gondkhari,2021,22,27,21.175941,78.920007,MH-001_C4,train,cnn_test,1,0,1,0.6225395
590,MH-001_2021_R022_C028,MH-001,Gondkhari,2021,22,28,21.175941,78.920277,MH-001_C4,train,cnn_test,0,0,1,0.75416076
591,MH-001_2021_R022_C029,MH-001,Gondkhari,2021,22,29,21.175941,78.920546,MH-001_C4,train,cnn_test,2,1,1,0.5642859
592,MH-001_2021_R022_C030,MH-001,Gondkhari,2021,22,30,21.175941,78.920816,MH-001_C4,train,cnn_test,2,1,1,0.39639115
593,MH-001_2021_R022_C031,MH-001,Gondkhari,2021,22,31,21.175941,78.921085,MH-001_C4,train,cnn_test,0,0,1,0.85093707
594,MH-001_2021_R022_C032,MH-001,Gondkhari,2021,22,32,21.175941,78.921355,MH-001_C4,train,cnn_test,1,0,1,0.70867276
595,MH-001_2021_R022_C033,MH-001,Gondkhari,2021,22,33,21.175941,78.921624,MH-001_C5,train,cnn_test,0,0,1,0.67379993
596,MH-001_2021_R022_C034,MH-001,Gondkhari,2021,22,34,21.175941,78.921894,MH-001_C5,train,cnn_test,0,0,1,0.34148312
597,MH-001_2021_R022_C035,MH-001,Gondkhari,2021,22,35,21.175941,78.922163,MH-001_C5,train,cnn_test,0,0,1,0.1454763
598,MH-001_2021_R022_C037,MH-001,Gondkhari,2021,22,37,21.175941,78.922702,MH-001_C5,train,cnn_test,1,0,1,0.1076681
599,MH-001_2021_R022_C039,MH-001,Gondkhari,2021,22,39,21.175941,78.923241,MH-001_C5,train,cnn_test,2,1,1,0.10331847
600,MH-001_2021_R022_C040,MH-001,Gondkhari,2021,22,40,21.175941,78.92351,MH-001_C6,train,cnn_test,3,1,0,0.08781288
601,MH-001_2021_R022_C041,MH-001,Gondkhari,2021,22,41,21.175941,78.92378,MH-001_C6,train,cnn_test,3,1,1,0.16088454
602,MH-001_2021_R022_C042,MH-001,Gondkhari,2021,22,42,21.175941,78.924049,MH-001_C6,train,cnn_test,1,0,0,0.05920186
603,MH-001_2021_R022_C043,MH-001,Gondkhari,2021,22,43,21.175941,78.924319,MH-001_C6,train,cnn_test,1,0,0,0.053659152
604,MH-001_2021_R022_C044,MH-001,Gondkhari,2021,22,44,21.175941,78.924588,MH-001_C6,train,cnn_test,1,0,1,0.1195898
605,MH-001_2021_R022_C045,MH-001,Gondkhari,2021,22,45,21.175941,78.924858,MH-001_C6,train,cnn_test,1,0,0,0.09487108
606,MH-001_2021_R022_C046,MH-001,Gondkhari,2021,22,46,21.175941,78.925127,MH-001_C7,train,cnn_test,0,0,0,0.035752453
607,MH-001_2021_R022_C047,MH-001,Gondkhari,2021,22,47,21.175941,78.925397,MH-001_C7,train,cnn_test,1,0,1,0.16636777
608,MH-001_2021_R022_C048,MH-001,Gondkhari,2021,22,48,21.175941,78.925666,MH-001_C7,train,cnn_test,1,0,0,0.07130544
609,MH-001_2021_R022_C049,MH-001,Gondkhari,2021,22,49,21.175941,78.925936,MH-001_C7,train,cnn_test,1,0,0,0.08525847
610,MH-001_2021_R022_C050,MH-001,Gondkhari,2021,22,50,21.175941,78.926205,MH-001_C7,train,cnn_test,0,0,0,0.019776782
611,MH-001_2021_R022_C051,MH-001,Gondkhari,2021,22,51,21.175941,78.926475,MH-001_C7,train,cnn_test,0,0,1,0.14211777
612,MH-001_2021_R023_C010,MH-001,Gondkhari,2021,23,10,21.175672,78.915426,MH-001_C1,train,cnn_test,0,0,1,0.52580756
613,MH-001_2021_R023_C011,MH-001,Gondkhari,2021,23,11,21.175672,78.915695,MH-001_C1,train,cnn_test,1,0,1,0.21099238
614,MH-001_2021_R023_C012,MH-001,Gondkhari,2021,23,12,21.175672,78.915965,MH-001_C1,train,cnn_test,2,1,0,0.013312589
615,MH-001_2021_R023_C013,MH-001,Gondkhari,2021,23,13,21.175672,78.916234,MH-001_C1,train,cnn_test,2,1,0,0.0034128956
616,MH-001_2021_R023_C014,MH-001,Gondkhari,2021,23,14,21.175672,78.916504,MH-001_C2,train,cnn_test,2,1,0,0.0021307282
617,MH-001_2021_R023_C015,MH-001,Gondkhari,2021,23,15,21.175672,78.916773,MH-001_C2,train,cnn_test,2,1,0,0.0014894642
618,MH-001_2021_R023_C016,MH-001,Gondkhari,2021,23,16,21.175672,78.917043,MH-001_C2,train,cnn_test,2,1,0,0.0013188355
619,MH-001_2021_R023_C017,MH-001,Gondkhari,2021,23,17,21.175672,78.917312,MH-001_C2,train,cnn_test,2,1,0,0.00035447621
620,MH-001_2021_R023_C018,MH-001,Gondkhari,2021,23,18,21.175672,78.917582,MH-001_C2,train,cnn_test,1,0,0,0.001323623
621,MH-001_2021_R023_C020,MH-001,Gondkhari,2021,23,20,21.175672,78.918121,MH-001_C2,train,cnn_test,1,0,0,0.0029463589
622,MH-001_2021_R023_C021,MH-001,Gondkhari,2021,23,21,21.175672,78.91839,MH-001_C3,train,cnn_test,1,0,0,0.0020759937
623,MH-001_2021_R023_C022,MH-001,Gondkhari,2021,23,22,21.175672,78.91866,MH-001_C3,train,cnn_test,0,0,0,0.0013635376
624,MH-001_2021_R023_C023,MH-001,Gondkhari,2021,23,23,21.175672,78.918929,MH-001_C3,train,cnn_test,0,0,0,0.020800745
625,MH-001_2021_R023_C024,MH-001,Gondkhari,2021,23,24,21.175672,78.919199,MH-001_C3,train,cnn_test,0,0,0,0.030028475
626,MH-001_2021_R023_C025,MH-001,Gondkhari,2021,23,25,21.175672,78.919468,MH-001_C3,train,cnn_test,1,0,0,0.08983979
627,MH-001_2021_R023_C026,MH-001,Gondkhari,2021,23,26,21.175672,78.919738,MH-001_C3,train,cnn_test,1,0,1,0.36393124
628,MH-001_2021_R023_C027,MH-001,Gondkhari,2021,23,27,21.175672,78.920007,MH-001_C4,train,cnn_test,2,1,1,0.7196891
629,MH-001_2021_R023_C028,MH-001,Gondkhari,2021,23,28,21.175672,78.920277,MH-001_C4,train,cnn_test,0,0,1,0.6661416
630,MH-001_2021_R023_C029,MH-001,Gondkhari,2021,23,29,21.175672,78.920546,MH-001_C4,train,cnn_test,1,0,1,0.47938195
631,MH-001_2021_R023_C030,MH-001,Gondkhari,2021,23,30,21.175672,78.920816,MH-001_C4,train,cnn_test,0,0,1,0.23489632
632,MH-001_2021_R023_C031,MH-001,Gondkhari,2021,23,31,21.175672,78.921085,MH-001_C4,train,cnn_test,0,0,1,0.7063993
633,MH-001_2021_R023_C032,MH-001,Gondkhari,2021,23,32,21.175672,78.921355,MH-001_C4,train,cnn_test,0,0,1,0.56558776
634,MH-001_2021_R023_C033,MH-001,Gondkhari,2021,23,33,21.175672,78.921624,MH-001_C5,train,cnn_test,0,0,1,0.6539399
635,MH-001_2021_R023_C034,MH-001,Gondkhari,2021,23,34,21.175672,78.921894,MH-001_C5,train,cnn_test,1,0,1,0.3988393
636,MH-001_2021_R023_C035,MH-001,Gondkhari,2021,23,35,21.175672,78.922163,MH-001_C5,train,cnn_test,0,0,1,0.31167775
637,MH-001_2021_R023_C036,MH-001,Gondkhari,2021,23,36,21.175672,78.922433,MH-001_C5,train,cnn_test,1,0,1,0.11637934
638,MH-001_2021_R023_C039,MH-001,Gondkhari,2021,23,39,21.175672,78.923241,MH-001_C5,train,cnn_test,2,1,1,0.219567
639,MH-001_2021_R023_C040,MH-001,Gondkhari,2021,23,40,21.175672,78.92351,MH-001_C6,train,cnn_test,2,1,1,0.36125472
640,MH-001_2021_R023_C041,MH-001,Gondkhari,2021,23,41,21.175672,78.92378,MH-001_C6,train,cnn_test,2,1,1,0.36500606
641,MH-001_2021_R023_C042,MH-001,Gondkhari,2021,23,42,21.175672,78.924049,MH-001_C6,train,cnn_test,0,0,1,0.21824254
642,MH-001_2021_R023_C043,MH-001,Gondkhari,2021,23,43,21.175672,78.924319,MH-001_C6,train,cnn_test,0,0,0,0.026905568
643,MH-001_2021_R023_C044,MH-001,Gondkhari,2021,23,44,21.175672,78.924588,MH-001_C6,train,cnn_test,0,0,0,0.050931692
644,MH-001_2021_R023_C045,MH-001,Gondkhari,2021,23,45,21.175672,78.924858,MH-001_C6,train,cnn_test,0,0,0,0.079969496
645,MH-001_2021_R023_C046,MH-001,Gondkhari,2021,23,46,21.175672,78.925127,MH-001_C7,train,cnn_test,1,0,0,0.0378612
646,MH-001_2021_R023_C047,MH-001,Gondkhari,2021,23,47,21.175672,78.925397,MH-001_C7,train,cnn_test,1,0,1,0.27947837
647,MH-001_2021_R023_C048,MH-001,Gondkhari,2021,23,48,21.175672,78.925666,MH-001_C7,train,cnn_test,1,0,0,0.054319438
648,MH-001_2021_R023_C049,MH-001,Gondkhari,2021,23,49,21.175672,78.925936,MH-001_C7,train,cnn_test,1,0,1,0.32224193
649,MH-001_2021_R023_C050,MH-001,Gondkhari,2021,23,50,21.175672,78.926205,MH-001_C7,train,cnn_test,1,0,0,0.04003975
650,MH-001_2021_R023_C051,MH-001,Gondkhari,2021,23,51,21.175672,78.926475,MH-001_C7,train,cnn_test,0,0,1,0.69471765
651,MH-001_2021_R024_C010,MH-001,Gondkhari,2021,24,10,21.175402,78.915426,MH-001_C1,train,cnn_test,0,0,1,0.30271912
652,MH-001_2021_R024_C011,MH-001,Gondkhari,2021,24,11,21.175402,78.915695,MH-001_C1,train,cnn_test,0,0,0,0.06742285
653,MH-001_2021_R024_C012,MH-001,Gondkhari,2021,24,12,21.175402,78.915965,MH-001_C1,train,cnn_test,2,1,0,0.0057897572
654,MH-001_2021_R024_C013,MH-001,Gondkhari,2021,24,13,21.175402,78.916234,MH-001_C1,train,cnn_test,2,1,0,0.0014127728
655,MH-001_2021_R024_C014,MH-001,Gondkhari,2021,24,14,21.175402,78.916504,MH-001_C2,train,cnn_test,2,1,0,0.00042599379
656,MH-001_2021_R024_C015,MH-001,Gondkhari,2021,24,15,21.175402,78.916773,MH-001_C2,train,cnn_test,2,1,0,0.0015577645
657,MH-001_2021_R024_C016,MH-001,Gondkhari,2021,24,16,21.175402,78.917043,MH-001_C2,train,cnn_test,2,1,0,0.00086797896
658,MH-001_2021_R024_C017,MH-001,Gondkhari,2021,24,17,21.175402,78.917312,MH-001_C2,train,cnn_test,2,1,0,0.00020031387
659,MH-001_2021_R024_C018,MH-001,Gondkhari,2021,24,18,21.175402,78.917582,MH-001_C2,train,cnn_test,1,0,0,0.0006630822
660,MH-001_2021_R024_C020,MH-001,Gondkhari,2021,24,20,21.175402,78.918121,MH-001_C2,train,cnn_test,0,0,0,0.0030323565
661,MH-001_2021_R024_C021,MH-001,Gondkhari,2021,24,21,21.175402,78.91839,MH-001_C3,train,cnn_test,1,0,0,0.0015319079
662,MH-001_2021_R024_C022,MH-001,Gondkhari,2021,24,22,21.175402,78.91866,MH-001_C3,train,cnn_test,0,0,0,0.0022167189
663,MH-001_2021_R024_C023,MH-001,Gondkhari,2021,24,23,21.175402,78.918929,MH-001_C3,train,cnn_test,0,0,0,0.02002111
664,MH-001_2021_R024_C024,MH-001,Gondkhari,2021,24,24,21.175402,78.919199,MH-001_C3,train,cnn_test,0,0,0,0.033733025
665,MH-001_2021_R024_C025,MH-001,Gondkhari,2021,24,25,21.175402,78.919468,MH-001_C3,train,cnn_test,0,0,0,0.04666941
666,MH-001_2021_R024_C026,MH-001,Gondkhari,2021,24,26,21.175402,78.919738,MH-001_C3,train,cnn_test,1,0,1,0.24000531
667,MH-001_2021_R024_C027,MH-001,Gondkhari,2021,24,27,21.175402,78.920007,MH-001_C4,train,cnn_test,1,0,1,0.502364
668,MH-001_2021_R024_C028,MH-001,Gondkhari,2021,24,28,21.175402,78.920277,MH-001_C4,train,cnn_test,0,0,1,0.8375911
669,MH-001_2021_R024_C029,MH-001,Gondkhari,2021,24,29,21.175402,78.920546,MH-001_C4,train,cnn_test,0,0,1,0.3985069
670,MH-001_2021_R024_C030,MH-001,Gondkhari,2021,24,30,21.175402,78.920816,MH-001_C4,train,cnn_test,0,0,1,0.18923046
671,MH-001_2021_R024_C031,MH-001,Gondkhari,2021,24,31,21.175402,78.921085,MH-001_C4,train,cnn_test,1,0,1,0.6445207
672,MH-001_2021_R024_C032,MH-001,Gondkhari,2021,24,32,21.175402,78.921355,MH-001_C4,train,cnn_test,1,0,1,0.67948854
673,MH-001_2021_R024_C033,MH-001,Gondkhari,2021,24,33,21.175402,78.921624,MH-001_C5,train,cnn_test,1,0,1,0.7147774
674,MH-001_2021_R024_C034,MH-001,Gondkhari,2021,24,34,21.175402,78.921894,MH-001_C5,train,cnn_test,0,0,1,0.49663886
675,MH-001_2021_R024_C035,MH-001,Gondkhari,2021,24,35,21.175402,78.922163,MH-001_C5,train,cnn_test,0,0,1,0.25857905
676,MH-001_2021_R024_C036,MH-001,Gondkhari,2021,24,36,21.175402,78.922433,MH-001_C5,train,cnn_test,1,0,0,0.07259192
677,MH-001_2021_R024_C037,MH-001,Gondkhari,2021,24,37,21.175402,78.922702,MH-001_C5,train,cnn_test,2,1,0,0.09535572
678,MH-001_2021_R024_C038,MH-001,Gondkhari,2021,24,38,21.175402,78.922972,MH-001_C5,train,cnn_test,1,0,1,0.107260644
679,MH-001_2021_R024_C040,MH-001,Gondkhari,2021,24,40,21.175402,78.92351,MH-001_C6,train,cnn_test,2,1,0,0.043907918
680,MH-001_2021_R024_C041,MH-001,Gondkhari,2021,24,41,21.175402,78.92378,MH-001_C6,train,cnn_test,1,0,1,0.14721805
681,MH-001_2021_R024_C042,MH-001,Gondkhari,2021,24,42,21.175402,78.924049,MH-001_C6,train,cnn_test,0,0,0,0.09504238
682,MH-001_2021_R024_C043,MH-001,Gondkhari,2021,24,43,21.175402,78.924319,MH-001_C6,train,cnn_test,0,0,0,0.04938036
683,MH-001_2021_R024_C044,MH-001,Gondkhari,2021,24,44,21.175402,78.924588,MH-001_C6,train,cnn_test,0,0,0,0.039046433
684,MH-001_2021_R024_C045,MH-001,Gondkhari,2021,24,45,21.175402,78.924858,MH-001_C6,train,cnn_test,1,0,0,0.02086604
685,MH-001_2021_R024_C046,MH-001,Gondkhari,2021,24,46,21.175402,78.925127,MH-001_C7,train,cnn_test,0,0,0,0.006610177
686,MH-001_2021_R024_C047,MH-001,Gondkhari,2021,24,47,21.175402,78.925397,MH-001_C7,train,cnn_test,0,0,0,0.029259784
687,MH-001_2021_R024_C048,MH-001,Gondkhari,2021,24,48,21.175402,78.925666,MH-001_C7,train,cnn_test,0,0,0,0.021672513
688,MH-001_2021_R024_C049,MH-001,Gondkhari,2021,24,49,21.175402,78.925936,MH-001_C7,train,cnn_test,0,0,0,0.017268265
689,MH-001_2021_R024_C050,MH-001,Gondkhari,2021,24,50,21.175402,78.926205,MH-001_C7,train,cnn_test,0,0,0,0.007970451
690,MH-001_2021_R024_C051,MH-001,Gondkhari,2021,24,51,21.175402,78.926475,MH-001_C7,train,cnn_test,0,0,0,0.048789993
691,MH-001_2021_R025_C011,MH-001,Gondkhari,2021,25,11,21.175133,78.915695,MH-001_C1,train,cnn_test,0,0,0,0.086042725
692,MH-001_2021_R025_C012,MH-001,Gondkhari,2021,25,12,21.175133,78.915965,MH-001_C1,train,cnn_test,2,1,0,0.004086439
693,MH-001_2021_R025_C013,MH-001,Gondkhari,2021,25,13,21.175133,78.916234,MH-001_C1,train,cnn_test,2,1,0,0.00061341637
694,MH-001_2021_R025_C014,MH-001,Gondkhari,2021,25,14,21.175133,78.916504,MH-001_C2,train,cnn_test,2,1,0,0.00055075256
695,MH-001_2021_R025_C015,MH-001,Gondkhari,2021,25,15,21.175133,78.916773,MH-001_C2,train,cnn_test,2,1,0,0.0011238663
696,MH-001_2021_R025_C019,MH-001,Gondkhari,2021,25,19,21.175133,78.917851,MH-001_C2,train,cnn_test,1,0,0,0.0006065132
697,MH-001_2021_R025_C020,MH-001,Gondkhari,2021,25,20,21.175133,78.918121,MH-001_C2,train,cnn_test,1,0,0,0.0016323382
698,MH-001_2021_R025_C021,MH-001,Gondkhari,2021,25,21,21.175133,78.91839,MH-001_C3,train,cnn_test,0,0,0,0.00041707137
699,MH-001_2021_R025_C022,MH-001,Gondkhari,2021,25,22,21.175133,78.91866,MH-001_C3,train,cnn_test,0,0,0,0.00066763
700,MH-001_2021_R025_C023,MH-001,Gondkhari,2021,25,23,21.175133,78.918929,MH-001_C3,train,cnn_test,0,0,0,0.004085669
701,MH-001_2021_R025_C024,MH-001,Gondkhari,2021,25,24,21.175133,78.919199,MH-001_C3,train,cnn_test,1,0,0,0.014975159
702,MH-001_2021_R025_C025,MH-001,Gondkhari,2021,25,25,21.175133,78.919468,MH-001_C3,train,cnn_test,1,0,0,0.027870605
703,MH-001_2021_R025_C026,MH-001,Gondkhari,2021,25,26,21.175133,78.919738,MH-001_C3,train,cnn_test,1,0,1,0.16212207
704,MH-001_2021_R025_C027,MH-001,Gondkhari,2021,25,27,21.175133,78.920007,MH-001_C4,train,cnn_test,0,0,1,0.25733814
705,MH-001_2021_R025_C028,MH-001,Gondkhari,2021,25,28,21.175133,78.920277,MH-001_C4,train,cnn_test,0,0,1,0.28870255
706,MH-001_2021_R025_C029,MH-001,Gondkhari,2021,25,29,21.175133,78.920546,MH-001_C4,train,cnn_test,1,0,0,0.0409314
707,MH-001_2021_R025_C030,MH-001,Gondkhari,2021,25,30,21.175133,78.920816,MH-001_C4,train,cnn_test,1,0,0,0.019117316
708,MH-001_2021_R025_C031,MH-001,Gondkhari,2021,25,31,21.175133,78.921085,MH-001_C4,train,cnn_test,2,1,1,0.19111016
709,MH-001_2021_R025_C032,MH-001,Gondkhari,2021,25,32,21.175133,78.921355,MH-001_C4,train,cnn_test,1,0,1,0.24081491
710,MH-001_2021_R025_C033,MH-001,Gondkhari,2021,25,33,21.175133,78.921624,MH-001_C5,train,cnn_test,2,1,1,0.40832904
711,MH-001_2021_R025_C034,MH-001,Gondkhari,2021,25,34,21.175133,78.921894,MH-001_C5,train,cnn_test,0,0,1,0.40030026
712,MH-001_2021_R025_C035,MH-001,Gondkhari,2021,25,35,21.175133,78.922163,MH-001_C5,train,cnn_test,0,0,1,0.3014185
713,MH-001_2021_R025_C036,MH-001,Gondkhari,2021,25,36,21.175133,78.922433,MH-001_C5,train,cnn_test,1,0,1,0.107404836
714,MH-001_2021_R025_C037,MH-001,Gondkhari,2021,25,37,21.175133,78.922702,MH-001_C5,train,cnn_test,2,1,1,0.11290009
715,MH-001_2021_R025_C038,MH-001,Gondkhari,2021,25,38,21.175133,78.922972,MH-001_C5,train,cnn_test,1,0,1,0.27082732
716,MH-001_2021_R025_C039,MH-001,Gondkhari,2021,25,39,21.175133,78.923241,MH-001_C5,train,cnn_test,0,0,1,0.16902034
717,MH-001_2021_R025_C041,MH-001,Gondkhari,2021,25,41,21.175133,78.92378,MH-001_C6,train,cnn_test,0,0,1,0.19499055
718,MH-001_2021_R025_C042,MH-001,Gondkhari,2021,25,42,21.175133,78.924049,MH-001_C6,train,cnn_test,0,0,1,0.2999088
719,MH-001_2021_R025_C043,MH-001,Gondkhari,2021,25,43,21.175133,78.924319,MH-001_C6,train,cnn_test,0,0,0,0.029721353
720,MH-001_2021_R025_C044,MH-001,Gondkhari,2021,25,44,21.175133,78.924588,MH-001_C6,train,cnn_test,0,0,0,0.05157668
721,MH-001_2021_R025_C045,MH-001,Gondkhari,2021,25,45,21.175133,78.924858,MH-001_C6,train,cnn_test,1,0,0,0.018034825
722,MH-001_2021_R025_C046,MH-001,Gondkhari,2021,25,46,21.175133,78.925127,MH-001_C7,train,cnn_test,0,0,0,0.0116731785
723,MH-001_2021_R025_C047,MH-001,Gondkhari,2021,25,47,21.175133,78.925397,MH-001_C7,train,cnn_test,0,0,0,0.036752094
724,MH-001_2021_R025_C048,MH-001,Gondkhari,2021,25,48,21.175133,78.925666,MH-001_C7,train,cnn_test,0,0,0,0.028329112
725,MH-001_2021_R025_C049,MH-001,Gondkhari,2021,25,49,21.175133,78.925936,MH-001_C7,train,cnn_test,0,0,0,0.07172817
726,MH-001_2021_R025_C050,MH-001,Gondkhari,2021,25,50,21.175133,78.926205,MH-001_C7,train,cnn_test,0,0,0,0.017791836
727,MH-001_2021_R025_C051,MH-001,Gondkhari,2021,25,51,21.175133,78.926475,MH-001_C7,train,cnn_test,0,0,1,0.52363986
728,MH-001_2021_R026_C012,MH-001,Gondkhari,2021,26,12,21.174863,78.915965,MH-001_C1,train,cnn_test,0,0,0,0.002745923
729,MH-001_2021_R026_C013,MH-001,Gondkhari,2021,26,13,21.174863,78.916234,MH-001_C1,train,cnn_test,2,1,0,0.00043575536
730,MH-001_2021_R026_C014,MH-001,Gondkhari,2021,26,14,21.174863,78.916504,MH-001_C2,train,cnn_test,2,1,0,0.00022047682
731,MH-001_2021_R026_C015,MH-001,Gondkhari,2021,26,15,21.174863,78.916773,MH-001_C2,train,cnn_test,1,0,0,0.0009087404
732,MH-001_2021_R026_C016,MH-001,Gondkhari,2021,26,16,21.174863,78.917043,MH-001_C2,train,cnn_test,2,1,0,0.000319385
733,MH-001_2021_R026_C017,MH-001,Gondkhari,2021,26,17,21.174863,78.917312,MH-001_C2,train,cnn_test,2,1,0,8.654948e-05
734,MH-001_2021_R026_C018,MH-001,Gondkhari,2021,26,18,21.174863,78.917582,MH-001_C2,train,cnn_test,0,0,0,0.00023053683
735,MH-001_2021_R026_C019,MH-001,Gondkhari,2021,26,19,21.174863,78.917851,MH-001_C2,train,cnn_test,1,0,0,0.0005036
736,MH-001_2021_R026_C020,MH-001,Gondkhari,2021,26,20,21.174863,78.918121,MH-001_C2,train,cnn_test,1,0,0,0.00092362275
737,MH-001_2021_R026_C022,MH-001,Gondkhari,2021,26,22,21.174863,78.91866,MH-001_C3,train,cnn_test,0,0,0,0.00062965206
738,MH-001_2021_R026_C023,MH-001,Gondkhari,2021,26,23,21.174863,78.918929,MH-001_C3,train,cnn_test,0,0,0,0.0029476224
739,MH-001_2021_R026_C026,MH-001,Gondkhari,2021,26,26,21.174863,78.919738,MH-001_C3,train,cnn_test,1,0,1,0.17114833
740,MH-001_2021_R026_C029,MH-001,Gondkhari,2021,26,29,21.174863,78.920546,MH-001_C4,train,cnn_test,0,0,1,0.22820665
741,MH-001_2021_R026_C030,MH-001,Gondkhari,2021,26,30,21.174863,78.920816,MH-001_C4,train,cnn_test,0,0,1,0.10319125
742,MH-001_2021_R026_C031,MH-001,Gondkhari,2021,26,31,21.174863,78.921085,MH-001_C4,train,cnn_test,0,0,1,0.3649706
743,MH-001_2021_R026_C032,MH-001,Gondkhari,2021,26,32,21.174863,78.921355,MH-001_C4,train,cnn_test,0,0,1,0.4983763
744,MH-001_2021_R026_C033,MH-001,Gondkhari,2021,26,33,21.174863,78.921624,MH-001_C5,train,cnn_test,0,0,1,0.50055563
745,MH-001_2021_R026_C034,MH-001,Gondkhari,2021,26,34,21.174863,78.921894,MH-001_C5,train,cnn_test,0,0,1,0.31992108
746,MH-001_2021_R026_C037,MH-001,Gondkhari,2021,26,37,21.174863,78.922702,MH-001_C5,train,cnn_test,1,0,0,0.028592968
747,MH-001_2021_R026_C038,MH-001,Gondkhari,2021,26,38,21.174863,78.922972,MH-001_C5,train,cnn_test,0,0,0,0.03732067
748,MH-001_2021_R026_C039,MH-001,Gondkhari,2021,26,39,21.174863,78.923241,MH-001_C5,train,cnn_test,0,0,0,0.018601809
749,MH-001_2021_R026_C040,MH-001,Gondkhari,2021,26,40,21.174863,78.92351,MH-001_C6,train,cnn_test,0,0,0,0.025022153
750,MH-001_2021_R026_C041,MH-001,Gondkhari,2021,26,41,21.174863,78.92378,MH-001_C6,train,cnn_test,0,0,0,0.038708933
751,MH-001_2021_R026_C042,MH-001,Gondkhari,2021,26,42,21.174863,78.924049,MH-001_C6,train,cnn_test,0,0,0,0.061706793
752,MH-001_2021_R026_C044,MH-001,Gondkhari,2021,26,44,21.174863,78.924588,MH-001_C6,train,cnn_test,0,0,0,0.039784666
753,MH-001_2021_R026_C045,MH-001,Gondkhari,2021,26,45,21.174863,78.924858,MH-001_C6,train,cnn_test,1,0,0,0.015556918
754,MH-001_2021_R026_C046,MH-001,Gondkhari,2021,26,46,21.174863,78.925127,MH-001_C7,train,cnn_test,0,0,0,0.006782074
755,MH-001_2021_R026_C047,MH-001,Gondkhari,2021,26,47,21.174863,78.925397,MH-001_C7,train,cnn_test,0,0,0,0.01602684
756,MH-001_2021_R026_C048,MH-001,Gondkhari,2021,26,48,21.174863,78.925666,MH-001_C7,train,cnn_test,0,0,0,0.051444124
757,MH-001_2021_R026_C049,MH-001,Gondkhari,2021,26,49,21.174863,78.925936,MH-001_C7,train,cnn_test,0,0,0,0.018444601
758,MH-001_2021_R026_C050,MH-001,Gondkhari,2021,26,50,21.174863,78.926205,MH-001_C7,train,cnn_test,0,0,0,0.017334672
759,MH-001_2021_R026_C051,MH-001,Gondkhari,2021,26,51,21.174863,78.926475,MH-001_C7,train,cnn_test,0,0,0,0.075964734
760,MH-001_2021_R027_C013,MH-001,Gondkhari,2021,27,13,21.174594,78.916234,MH-001_C1,train,cnn_test,1,0,0,0.00047499372
761,MH-001_2021_R027_C014,MH-001,Gondkhari,2021,27,14,21.174594,78.916504,MH-001_C2,train,cnn_test,2,1,0,0.00093106146
762,MH-001_2021_R027_C016,MH-001,Gondkhari,2021,27,16,21.174594,78.917043,MH-001_C2,train,cnn_test,1,0,0,0.0008104086
763,MH-001_2021_R027_C017,MH-001,Gondkhari,2021,27,17,21.174594,78.917312,MH-001_C2,train,cnn_test,1,0,0,0.00013885192
764,MH-001_2021_R027_C018,MH-001,Gondkhari,2021,27,18,21.174594,78.917582,MH-001_C2,train,cnn_test,1,0,0,0.0006987669
765,MH-001_2021_R027_C019,MH-001,Gondkhari,2021,27,19,21.174594,78.917851,MH-001_C2,train,cnn_test,1,0,0,0.000851906
766,MH-001_2021_R027_C021,MH-001,Gondkhari,2021,27,21,21.174594,78.91839,MH-001_C3,train,cnn_test,0,0,0,0.0010101781
767,MH-001_2021_R027_C022,MH-001,Gondkhari,2021,27,22,21.174594,78.91866,MH-001_C3,train,cnn_test,0,0,0,0.0010882874
768,MH-001_2021_R027_C023,MH-001,Gondkhari,2021,27,23,21.174594,78.918929,MH-001_C3,train,cnn_test,0,0,0,0.008213717
769,MH-001_2021_R027_C024,MH-001,Gondkhari,2021,27,24,21.174594,78.919199,MH-001_C3,train,cnn_test,0,0,0,0.047674287
770,MH-001_2021_R027_C025,MH-001,Gondkhari,2021,27,25,21.174594,78.919468,MH-001_C3,train,cnn_test,1,0,1,0.15264978
771,MH-001_2021_R027_C026,MH-001,Gondkhari,2021,27,26,21.174594,78.919738,MH-001_C3,train,cnn_test,1,0,1,0.65597826
772,MH-001_2021_R027_C027,MH-001,Gondkhari,2021,27,27,21.174594,78.920007,MH-001_C4,train,cnn_test,1,0,1,0.72894686
773,MH-001_2021_R027_C028,MH-001,Gondkhari,2021,27,28,21.174594,78.920277,MH-001_C4,train,cnn_test,0,0,1,0.72680163
774,MH-001_2021_R027_C029,MH-001,Gondkhari,2021,27,29,21.174594,78.920546,MH-001_C4,train,cnn_test,0,0,1,0.28009716
775,MH-001_2021_R027_C030,MH-001,Gondkhari,2021,27,30,21.174594,78.920816,MH-001_C4,train,cnn_test,2,1,0,0.09361062
776,MH-001_2021_R027_C031,MH-001,Gondkhari,2021,27,31,21.174594,78.921085,MH-001_C4,train,cnn_test,0,0,1,0.29916283
777,MH-001_2021_R027_C032,MH-001,Gondkhari,2021,27,32,21.174594,78.921355,MH-001_C4,train,cnn_test,1,0,1,0.40938374
778,MH-001_2021_R027_C033,MH-001,Gondkhari,2021,27,33,21.174594,78.921624,MH-001_C5,train,cnn_test,1,0,1,0.49801823
779,MH-001_2021_R027_C034,MH-001,Gondkhari,2021,27,34,21.174594,78.921894,MH-001_C5,train,cnn_test,0,0,1,0.41303727
780,MH-001_2021_R027_C035,MH-001,Gondkhari,2021,27,35,21.174594,78.922163,MH-001_C5,train,cnn_test,0,0,1,0.16291545
781,MH-001_2021_R027_C036,MH-001,Gondkhari,2021,27,36,21.174594,78.922433,MH-001_C5,train,cnn_test,0,0,0,0.042885408
782,MH-001_2021_R027_C038,MH-001,Gondkhari,2021,27,38,21.174594,78.922972,MH-001_C5,train,cnn_test,1,0,0,0.082690164
783,MH-001_2021_R027_C039,MH-001,Gondkhari,2021,27,39,21.174594,78.923241,MH-001_C5,train,cnn_test,1,0,0,0.033329334
784,MH-001_2021_R027_C040,MH-001,Gondkhari,2021,27,40,21.174594,78.92351,MH-001_C6,train,cnn_test,1,0,1,0.11179499
785,MH-001_2021_R027_C041,MH-001,Gondkhari,2021,27,41,21.174594,78.92378,MH-001_C6,train,cnn_test,0,0,0,0.09590523
786,MH-001_2021_R027_C042,MH-001,Gondkhari,2021,27,42,21.174594,78.924049,MH-001_C6,train,cnn_test,0,0,1,0.13974832
787,MH-001_2021_R027_C046,MH-001,Gondkhari,2021,27,46,21.174594,78.925127,MH-001_C7,train,cnn_test,0,0,0,0.013397204
788,MH-001_2021_R027_C047,MH-001,Gondkhari,2021,27,47,21.174594,78.925397,MH-001_C7,train,cnn_test,0,0,0,0.062355034
789,MH-001_2021_R027_C048,MH-001,Gondkhari,2021,27,48,21.174594,78.925666,MH-001_C7,train,cnn_test,0,0,0,0.06988327
790,MH-001_2021_R027_C049,MH-001,Gondkhari,2021,27,49,21.174594,78.925936,MH-001_C7,train,cnn_test,0,0,1,0.11234801
791,MH-001_2021_R027_C050,MH-001,Gondkhari,2021,27,50,21.174594,78.926205,MH-001_C7,train,cnn_test,0,0,1,0.18672374
792,MH-001_2021_R027_C051,MH-001,Gondkhari,2021,27,51,21.174594,78.926475,MH-001_C7,train,cnn_test,0,0,1,0.8854054
793,MH-001_2021_R028_C013,MH-001,Gondkhari,2021,28,13,21.174324,78.916234,MH-001_C1,train,cnn_test,0,0,0,0.0011731683
794,MH-001_2021_R028_C016,MH-001,Gondkhari,2021,28,16,21.174324,78.917043,MH-001_C2,train,cnn_test,1,0,0,0.00091976573
795,MH-001_2021_R028_C017,MH-001,Gondkhari,2021,28,17,21.174324,78.917312,MH-001_C2,train,cnn_test,1,0,0,0.00014403541
796,MH-001_2021_R028_C018,MH-001,Gondkhari,2021,28,18,21.174324,78.917582,MH-001_C2,train,cnn_test,1,0,0,0.0005747081
797,MH-001_2021_R028_C019,MH-001,Gondkhari,2021,28,19,21.174324,78.917851,MH-001_C2,train,cnn_test,1,0,0,0.0013544906
798,MH-001_2021_R028_C020,MH-001,Gondkhari,2021,28,20,21.174324,78.918121,MH-001_C2,train,cnn_test,0,0,0,0.004799083
799,MH-001_2021_R028_C021,MH-001,Gondkhari,2021,28,21,21.174324,78.91839,MH-001_C3,train,cnn_test,0,0,0,0.0016751584
800,MH-001_2021_R028_C022,MH-001,Gondkhari,2021,28,22,21.174324,78.91866,MH-001_C3,train,cnn_test,0,0,0,0.005517703
801,MH-001_2021_R028_C023,MH-001,Gondkhari,2021,28,23,21.174324,78.918929,MH-001_C3,train,cnn_test,0,0,0,0.02853133
802,MH-001_2021_R028_C024,MH-001,Gondkhari,2021,28,24,21.174324,78.919199,MH-001_C3,train,cnn_test,0,0,1,0.33216643
803,MH-001_2021_R028_C025,MH-001,Gondkhari,2021,28,25,21.174324,78.919468,MH-001_C3,train,cnn_test,0,0,1,0.36478284
804,MH-001_2021_R028_C026,MH-001,Gondkhari,2021,28,26,21.174324,78.919738,MH-001_C3,train,cnn_test,0,0,1,0.8161782
805,MH-001_2021_R028_C027,MH-001,Gondkhari,2021,28,27,21.174324,78.920007,MH-001_C4,train,cnn_test,1,0,1,0.7552175
806,MH-001_2021_R028_C028,MH-001,Gondkhari,2021,28,28,21.174324,78.920277,MH-001_C4,train,cnn_test,0,0,1,0.9514837
807,MH-001_2021_R028_C029,MH-001,Gondkhari,2021,28,29,21.174324,78.920546,MH-001_C4,train,cnn_test,2,1,1,0.867259
808,MH-001_2021_R028_C030,MH-001,Gondkhari,2021,28,30,21.174324,78.920816,MH-001_C4,train,cnn_test,2,1,1,0.68393356
809,MH-001_2021_R028_C031,MH-001,Gondkhari,2021,28,31,21.174324,78.921085,MH-001_C4,train,cnn_test,2,1,1,0.71599394
810,MH-001_2021_R028_C032,MH-001,Gondkhari,2021,28,32,21.174324,78.921355,MH-001_C4,train,cnn_test,2,1,1,0.82784235
811,MH-001_2021_R028_C033,MH-001,Gondkhari,2021,28,33,21.174324,78.921624,MH-001_C5,train,cnn_test,2,1,1,0.7431118
812,MH-001_2021_R028_C034,MH-001,Gondkhari,2021,28,34,21.174324,78.921894,MH-001_C5,train,cnn_test,0,0,1,0.62837094
813,MH-001_2021_R028_C035,MH-001,Gondkhari,2021,28,35,21.174324,78.922163,MH-001_C5,train,cnn_test,0,0,1,0.16160029
814,MH-001_2021_R028_C036,MH-001,Gondkhari,2021,28,36,21.174324,78.922433,MH-001_C5,train,cnn_test,0,0,0,0.023045724
815,MH-001_2021_R028_C037,MH-001,Gondkhari,2021,28,37,21.174324,78.922702,MH-001_C5,train,cnn_test,0,0,0,0.017140217
816,MH-001_2021_R028_C038,MH-001,Gondkhari,2021,28,38,21.174324,78.922972,MH-001_C5,train,cnn_test,0,0,0,0.01966707
817,MH-001_2021_R028_C040,MH-001,Gondkhari,2021,28,40,21.174324,78.92351,MH-001_C6,train,cnn_test,1,0,0,0.007951637
818,MH-001_2021_R028_C043,MH-001,Gondkhari,2021,28,43,21.174324,78.924319,MH-001_C6,train,cnn_test,0,0,0,0.017677512
819,MH-001_2021_R028_C044,MH-001,Gondkhari,2021,28,44,21.174324,78.924588,MH-001_C6,train,cnn_test,0,0,0,0.015710285
820,MH-001_2021_R028_C045,MH-001,Gondkhari,2021,28,45,21.174324,78.924858,MH-001_C6,train,cnn_test,0,0,0,0.012891545
821,MH-001_2021_R028_C046,MH-001,Gondkhari,2021,28,46,21.174324,78.925127,MH-001_C7,train,cnn_test,1,0,0,0.0064756577
822,MH-001_2021_R028_C047,MH-001,Gondkhari,2021,28,47,21.174324,78.925397,MH-001_C7,train,cnn_test,0,0,0,0.016396109
823,MH-001_2021_R028_C048,MH-001,Gondkhari,2021,28,48,21.174324,78.925666,MH-001_C7,train,cnn_test,0,0,0,0.011459038
824,MH-001_2021_R028_C049,MH-001,Gondkhari,2021,28,49,21.174324,78.925936,MH-001_C7,train,cnn_test,0,0,0,0.025124066
825,MH-001_2021_R028_C050,MH-001,Gondkhari,2021,28,50,21.174324,78.926205,MH-001_C7,train,cnn_test,0,0,0,0.06771901
826,MH-001_2021_R028_C051,MH-001,Gondkhari,2021,28,51,21.174324,78.926475,MH-001_C7,train,cnn_test,0,0,1,0.47238302
827,MH-001_2021_R029_C013,MH-001,Gondkhari,2021,29,13,21.174055,78.916234,MH-001_C1,train,cnn_test,0,0,0,0.0009861981
828,MH-001_2021_R029_C014,MH-001,Gondkhari,2021,29,14,21.174055,78.916504,MH-001_C2,train,cnn_test,1,0,0,0.0020148512
829,MH-001_2021_R029_C017,MH-001,Gondkhari,2021,29,17,21.174055,78.917312,MH-001_C2,train,cnn_test,2,1,0,0.00055640406
830,MH-001_2021_R029_C019,MH-001,Gondkhari,2021,29,19,21.174055,78.917851,MH-001_C2,train,cnn_test,0,0,0,0.009557197
831,MH-001_2021_R029_C020,MH-001,Gondkhari,2021,29,20,21.174055,78.918121,MH-001_C2,train,cnn_test,0,0,0,0.05474855
832,MH-001_2021_R029_C021,MH-001,Gondkhari,2021,29,21,21.174055,78.91839,MH-001_C3,train,cnn_test,1,0,0,0.014102756
833,MH-001_2021_R029_C022,MH-001,Gondkhari,2021,29,22,21.174055,78.91866,MH-001_C3,train,cnn_test,0,0,0,0.0064334255
834,MH-001_2021_R029_C023,MH-001,Gondkhari,2021,29,23,21.174055,78.918929,MH-001_C3,train,cnn_test,0,0,0,0.097145006
835,MH-001_2021_R029_C024,MH-001,Gondkhari,2021,29,24,21.174055,78.919199,MH-001_C3,train,cnn_test,0,0,1,0.6191912
836,MH-001_2021_R029_C025,MH-001,Gondkhari,2021,29,25,21.174055,78.919468,MH-001_C3,train,cnn_test,0,0,1,0.89888954
837,MH-001_2021_R029_C026,MH-001,Gondkhari,2021,29,26,21.174055,78.919738,MH-001_C3,train,cnn_test,1,0,1,0.96837896
838,MH-001_2021_R029_C027,MH-001,Gondkhari,2021,29,27,21.174055,78.920007,MH-001_C4,train,cnn_test,0,0,1,0.96483487
839,MH-001_2021_R029_C028,MH-001,Gondkhari,2021,29,28,21.174055,78.920277,MH-001_C4,train,cnn_test,0,0,1,0.9724386
840,MH-001_2021_R029_C029,MH-001,Gondkhari,2021,29,29,21.174055,78.920546,MH-001_C4,train,cnn_test,0,0,1,0.9246734
841,MH-001_2021_R029_C030,MH-001,Gondkhari,2021,29,30,21.174055,78.920816,MH-001_C4,train,cnn_test,0,0,1,0.8012031
842,MH-001_2021_R029_C031,MH-001,Gondkhari,2021,29,31,21.174055,78.921085,MH-001_C4,train,cnn_test,0,0,1,0.63196516
843,MH-001_2021_R029_C032,MH-001,Gondkhari,2021,29,32,21.174055,78.921355,MH-001_C4,train,cnn_test,0,0,1,0.7406342
844,MH-001_2021_R029_C033,MH-001,Gondkhari,2021,29,33,21.174055,78.921624,MH-001_C5,train,cnn_test,0,0,1,0.66359115
845,MH-001_2021_R029_C034,MH-001,Gondkhari,2021,29,34,21.174055,78.921894,MH-001_C5,train,cnn_test,0,0,1,0.70359105
846,MH-001_2021_R029_C035,MH-001,Gondkhari,2021,29,35,21.174055,78.922163,MH-001_C5,train,cnn_test,0,0,1,0.34550077
847,MH-001_2021_R029_C036,MH-001,Gondkhari,2021,29,36,21.174055,78.922433,MH-001_C5,train,cnn_test,0,0,0,0.03426333
848,MH-001_2021_R029_C037,MH-001,Gondkhari,2021,29,37,21.174055,78.922702,MH-001_C5,train,cnn_test,0,0,0,0.028908418
849,MH-001_2021_R029_C038,MH-001,Gondkhari,2021,29,38,21.174055,78.922972,MH-001_C5,train,cnn_test,1,0,0,0.042787205
850,MH-001_2021_R029_C039,MH-001,Gondkhari,2021,29,39,21.174055,78.923241,MH-001_C5,train,cnn_test,1,0,0,0.019375354
851,MH-001_2021_R029_C040,MH-001,Gondkhari,2021,29,40,21.174055,78.92351,MH-001_C6,train,cnn_test,1,0,0,0.049630165
852,MH-001_2021_R029_C041,MH-001,Gondkhari,2021,29,41,21.174055,78.92378,MH-001_C6,train,cnn_test,0,0,0,0.0507697
853,MH-001_2021_R029_C042,MH-001,Gondkhari,2021,29,42,21.174055,78.924049,MH-001_C6,train,cnn_test,0,0,1,0.10188869
854,MH-001_2021_R029_C043,MH-001,Gondkhari,2021,29,43,21.174055,78.924319,MH-001_C6,train,cnn_test,0,0,0,0.006981558
855,MH-001_2021_R029_C044,MH-001,Gondkhari,2021,29,44,21.174055,78.924588,MH-001_C6,train,cnn_test,0,0,0,0.00590687
856,MH-001_2021_R029_C045,MH-001,Gondkhari,2021,29,45,21.174055,78.924858,MH-001_C6,train,cnn_test,0,0,0,0.0067346627
857,MH-001_2021_R029_C046,MH-001,Gondkhari,2021,29,46,21.174055,78.925127,MH-001_C7,train,cnn_test,1,0,0,0.009871282
858,MH-001_2021_R029_C047,MH-001,Gondkhari,2021,29,47,21.174055,78.925397,MH-001_C7,train,cnn_test,1,0,0,0.041035302
859,MH-001_2021_R029_C048,MH-001,Gondkhari,2021,29,48,21.174055,78.925666,MH-001_C7,train,cnn_test,0,0,0,0.05913019
860,MH-001_2021_R029_C049,MH-001,Gondkhari,2021,29,49,21.174055,78.925936,MH-001_C7,train,cnn_test,0,0,1,0.26184988
861,MH-001_2021_R029_C050,MH-001,Gondkhari,2021,29,50,21.174055,78.926205,MH-001_C7,train,cnn_test,0,0,1,0.49597818
862,MH-001_2021_R029_C051,MH-001,Gondkhari,2021,29,51,21.174055,78.926475,MH-001_C7,train,cnn_test,0,0,1,0.8589116
863,MH-001_2021_R030_C014,MH-001,Gondkhari,2021,30,14,21.173785,78.916504,MH-001_C2,train,cnn_test,0,0,0,0.002865252
864,MH-001_2021_R030_C015,MH-001,Gondkhari,2021,30,15,21.173785,78.916773,MH-001_C2,train,cnn_test,1,0,0,0.00827939
865,MH-001_2021_R030_C018,MH-001,Gondkhari,2021,30,18,21.173785,78.917582,MH-001_C2,train,cnn_test,0,0,0,0.011363085
866,MH-001_2021_R030_C019,MH-001,Gondkhari,2021,30,19,21.173785,78.917851,MH-001_C2,train,cnn_test,0,0,0,0.051391955
867,MH-001_2021_R030_C020,MH-001,Gondkhari,2021,30,20,21.173785,78.918121,MH-001_C2,train,cnn_test,0,0,1,0.2098233
868,MH-001_2021_R030_C021,MH-001,Gondkhari,2021,30,21,21.173785,78.91839,MH-001_C3,train,cnn_test,0,0,0,0.062008146
869,MH-001_2021_R030_C023,MH-001,Gondkhari,2021,30,23,21.173785,78.918929,MH-001_C3,train,cnn_test,0,0,1,0.3497638
870,MH-001_2021_R030_C024,MH-001,Gondkhari,2021,30,24,21.173785,78.919199,MH-001_C3,train,cnn_test,0,0,1,0.8252827
871,MH-001_2021_R030_C025,MH-001,Gondkhari,2021,30,25,21.173785,78.919468,MH-001_C3,train,cnn_test,0,0,1,0.91183305
872,MH-001_2021_R030_C026,MH-001,Gondkhari,2021,30,26,21.173785,78.919738,MH-001_C3,train,cnn_test,0,0,1,0.95626837
873,MH-001_2021_R030_C029,MH-001,Gondkhari,2021,30,29,21.173785,78.920546,MH-001_C4,train,cnn_test,0,0,1,0.9529812
874,MH-001_2021_R030_C030,MH-001,Gondkhari,2021,30,30,21.173785,78.920816,MH-001_C4,train,cnn_test,0,0,1,0.8598332
875,MH-001_2021_R030_C031,MH-001,Gondkhari,2021,30,31,21.173785,78.921085,MH-001_C4,train,cnn_test,0,0,1,0.871022
876,MH-001_2021_R030_C032,MH-001,Gondkhari,2021,30,32,21.173785,78.921355,MH-001_C4,train,cnn_test,0,0,1,0.8740201
877,MH-001_2021_R030_C033,MH-001,Gondkhari,2021,30,33,21.173785,78.921624,MH-001_C5,train,cnn_test,0,0,1,0.9180185
878,MH-001_2021_R030_C034,MH-001,Gondkhari,2021,30,34,21.173785,78.921894,MH-001_C5,train,cnn_test,0,0,1,0.89470476
879,MH-001_2021_R030_C035,MH-001,Gondkhari,2021,30,35,21.173785,78.922163,MH-001_C5,train,cnn_test,0,0,1,0.54384124
880,MH-001_2021_R030_C036,MH-001,Gondkhari,2021,30,36,21.173785,78.922433,MH-001_C5,train,cnn_test,0,0,0,0.041583195
881,MH-001_2021_R030_C037,MH-001,Gondkhari,2021,30,37,21.173785,78.922702,MH-001_C5,train,cnn_test,0,0,0,0.01818552
882,MH-001_2021_R030_C038,MH-001,Gondkhari,2021,30,38,21.173785,78.922972,MH-001_C5,train,cnn_test,0,0,0,0.05371265
883,MH-001_2021_R030_C039,MH-001,Gondkhari,2021,30,39,21.173785,78.923241,MH-001_C5,train,cnn_test,0,0,0,0.041691903
884,MH-001_2021_R030_C040,MH-001,Gondkhari,2021,30,40,21.173785,78.92351,MH-001_C6,train,cnn_test,0,0,0,0.028183788
885,MH-001_2021_R030_C041,MH-001,Gondkhari,2021,30,41,21.173785,78.92378,MH-001_C6,train,cnn_test,0,0,0,0.05495762
886,MH-001_2021_R030_C042,MH-001,Gondkhari,2021,30,42,21.173785,78.924049,MH-001_C6,train,cnn_test,0,0,0,0.05198163
887,MH-001_2021_R030_C043,MH-001,Gondkhari,2021,30,43,21.173785,78.924319,MH-001_C6,train,cnn_test,0,0,0,0.011853545
888,MH-001_2021_R030_C044,MH-001,Gondkhari,2021,30,44,21.173785,78.924588,MH-001_C6,train,cnn_test,0,0,0,0.010323631
889,MH-001_2021_R030_C045,MH-001,Gondkhari,2021,30,45,21.173785,78.924858,MH-001_C6,train,cnn_test,2,1,0,0.010740005
890,MH-001_2021_R030_C046,MH-001,Gondkhari,2021,30,46,21.173785,78.925127,MH-001_C7,train,cnn_test,0,0,0,0.004051622
891,MH-001_2021_R030_C047,MH-001,Gondkhari,2021,30,47,21.173785,78.925397,MH-001_C7,train,cnn_test,0,0,0,0.024430476
892,MH-001_2021_R030_C048,MH-001,Gondkhari,2021,30,48,21.173785,78.925666,MH-001_C7,train,cnn_test,0,0,0,0.023421362
893,MH-001_2021_R030_C049,MH-001,Gondkhari,2021,30,49,21.173785,78.925936,MH-001_C7,train,cnn_test,0,0,0,0.07223564
894,MH-001_2021_R030_C050,MH-001,Gondkhari,2021,30,50,21.173785,78.926205,MH-001_C7,train,cnn_test,0,0,1,0.23312096
895,MH-001_2021_R030_C051,MH-001,Gondkhari,2021,30,51,21.173785,78.926475,MH-001_C7,train,cnn_test,0,0,1,0.6831949
5820,MH-001_2022_R007_C007,MH-001,Gondkhari,2022,7,7,21.179984,78.914617,MH-001_C0,train,cnn_test,2,1,1,0.29401806
5821,MH-001_2022_R007_C008,MH-001,Gondkhari,2022,7,8,21.179984,78.914887,MH-001_C1,train,cnn_test,1,0,1,0.27354565
5822,MH-001_2022_R007_C009,MH-001,Gondkhari,2022,7,9,21.179984,78.915156,MH-001_C1,train,cnn_test,0,0,1,0.69674575
5823,MH-001_2022_R007_C010,MH-001,Gondkhari,2022,7,10,21.179984,78.915426,MH-001_C1,train,cnn_test,0,0,1,0.36490503
5824,MH-001_2022_R007_C011,MH-001,Gondkhari,2022,7,11,21.179984,78.915695,MH-001_C1,train,cnn_test,0,0,1,0.20348147
5825,MH-001_2022_R007_C012,MH-001,Gondkhari,2022,7,12,21.179984,78.915965,MH-001_C1,train,cnn_test,0,0,1,0.26947543
5826,MH-001_2022_R007_C013,MH-001,Gondkhari,2022,7,13,21.179984,78.916234,MH-001_C1,train,cnn_test,1,0,0,0.0875297
5827,MH-001_2022_R007_C014,MH-001,Gondkhari,2022,7,14,21.179984,78.916504,MH-001_C2,train,cnn_test,1,0,0,0.063521974
5828,MH-001_2022_R007_C015,MH-001,Gondkhari,2022,7,15,21.179984,78.916773,MH-001_C2,train,cnn_test,1,0,0,0.009902018
5829,MH-001_2022_R007_C016,MH-001,Gondkhari,2022,7,16,21.179984,78.917043,MH-001_C2,train,cnn_test,1,0,0,0.033181254
5830,MH-001_2022_R007_C017,MH-001,Gondkhari,2022,7,17,21.179984,78.917312,MH-001_C2,train,cnn_test,1,0,1,0.1088193
5831,MH-001_2022_R007_C018,MH-001,Gondkhari,2022,7,18,21.179984,78.917582,MH-001_C2,train,cnn_test,0,0,1,0.61668354
5832,MH-001_2022_R007_C019,MH-001,Gondkhari,2022,7,19,21.179984,78.917851,MH-001_C2,train,cnn_test,2,1,1,0.526971
5833,MH-001_2022_R007_C020,MH-001,Gondkhari,2022,7,20,21.179984,78.918121,MH-001_C2,train,cnn_test,2,1,1,0.56703603
5834,MH-001_2022_R007_C021,MH-001,Gondkhari,2022,7,21,21.179984,78.91839,MH-001_C3,train,cnn_test,1,0,1,0.5799982
5835,MH-001_2022_R007_C022,MH-001,Gondkhari,2022,7,22,21.179984,78.91866,MH-001_C3,train,cnn_test,1,0,1,0.80835754
5836,MH-001_2022_R007_C023,MH-001,Gondkhari,2022,7,23,21.179984,78.918929,MH-001_C3,train,cnn_test,1,0,1,0.35258994
5837,MH-001_2022_R007_C024,MH-001,Gondkhari,2022,7,24,21.179984,78.919199,MH-001_C3,train,cnn_test,1,0,1,0.91777974
5838,MH-001_2022_R007_C025,MH-001,Gondkhari,2022,7,25,21.179984,78.919468,MH-001_C3,train,cnn_test,1,0,1,0.81066334
5839,MH-001_2022_R007_C026,MH-001,Gondkhari,2022,7,26,21.179984,78.919738,MH-001_C3,train,cnn_test,1,0,1,0.94494146
5840,MH-001_2022_R007_C027,MH-001,Gondkhari,2022,7,27,21.179984,78.920007,MH-001_C4,train,cnn_test,0,0,1,0.8889321
5841,MH-001_2022_R007_C028,MH-001,Gondkhari,2022,7,28,21.179984,78.920277,MH-001_C4,train,cnn_test,0,0,1,0.9401179
5842,MH-001_2022_R007_C029,MH-001,Gondkhari,2022,7,29,21.179984,78.920546,MH-001_C4,train,cnn_test,2,1,1,0.84862095
5843,MH-001_2022_R007_C030,MH-001,Gondkhari,2022,7,30,21.179984,78.920816,MH-001_C4,train,cnn_test,2,1,1,0.9197284
5844,MH-001_2022_R007_C031,MH-001,Gondkhari,2022,7,31,21.179984,78.921085,MH-001_C4,train,cnn_test,2,1,1,0.7190798
5845,MH-001_2022_R007_C032,MH-001,Gondkhari,2022,7,32,21.179984,78.921355,MH-001_C4,train,cnn_test,2,1,1,0.8055483
5846,MH-001_2022_R007_C033,MH-001,Gondkhari,2022,7,33,21.179984,78.921624,MH-001_C5,train,cnn_test,1,0,1,0.7955687
5847,MH-001_2022_R007_C034,MH-001,Gondkhari,2022,7,34,21.179984,78.921894,MH-001_C5,train,cnn_test,1,0,1,0.7949204
5848,MH-001_2022_R007_C035,MH-001,Gondkhari,2022,7,35,21.179984,78.922163,MH-001_C5,train,cnn_test,3,1,1,0.8066055
5849,MH-001_2022_R007_C036,MH-001,Gondkhari,2022,7,36,21.179984,78.922433,MH-001_C5,train,cnn_test,0,0,1,0.755306
5850,MH-001_2022_R007_C037,MH-001,Gondkhari,2022,7,37,21.179984,78.922702,MH-001_C5,train,cnn_test,0,0,1,0.8724586
5851,MH-001_2022_R007_C038,MH-001,Gondkhari,2022,7,38,21.179984,78.922972,MH-001_C5,train,cnn_test,0,0,1,0.78488517
5852,MH-001_2022_R007_C039,MH-001,Gondkhari,2022,7,39,21.179984,78.923241,MH-001_C5,train,cnn_test,0,0,1,0.8545814
5853,MH-001_2022_R007_C040,MH-001,Gondkhari,2022,7,40,21.179984,78.92351,MH-001_C6,train,cnn_test,1,0,1,0.9135774
5854,MH-001_2022_R007_C041,MH-001,Gondkhari,2022,7,41,21.179984,78.92378,MH-001_C6,train,cnn_test,2,1,1,0.9319867
5855,MH-001_2022_R007_C042,MH-001,Gondkhari,2022,7,42,21.179984,78.924049,MH-001_C6,train,cnn_test,2,1,1,0.9084724
5856,MH-001_2022_R007_C043,MH-001,Gondkhari,2022,7,43,21.179984,78.924319,MH-001_C6,train,cnn_test,0,0,1,0.940819
5857,MH-001_2022_R007_C044,MH-001,Gondkhari,2022,7,44,21.179984,78.924588,MH-001_C6,train,cnn_test,0,0,1,0.9573037
5858,MH-001_2022_R008_C007,MH-001,Gondkhari,2022,8,7,21.179714,78.914617,MH-001_C0,train,cnn_test,1,0,1,0.13703084
5859,MH-001_2022_R008_C008,MH-001,Gondkhari,2022,8,8,21.179714,78.914887,MH-001_C1,train,cnn_test,1,0,1,0.27990437
5860,MH-001_2022_R008_C009,MH-001,Gondkhari,2022,8,9,21.179714,78.915156,MH-001_C1,train,cnn_test,1,0,1,0.47648445
5861,MH-001_2022_R008_C010,MH-001,Gondkhari,2022,8,10,21.179714,78.915426,MH-001_C1,train,cnn_test,1,0,1,0.25846896
5862,MH-001_2022_R008_C011,MH-001,Gondkhari,2022,8,11,21.179714,78.915695,MH-001_C1,train,cnn_test,0,0,0,0.09370353
5863,MH-001_2022_R008_C012,MH-001,Gondkhari,2022,8,12,21.179714,78.915965,MH-001_C1,train,cnn_test,0,0,1,0.21724115
5864,MH-001_2022_R008_C013,MH-001,Gondkhari,2022,8,13,21.179714,78.916234,MH-001_C1,train,cnn_test,0,0,0,0.033251844
5865,MH-001_2022_R008_C014,MH-001,Gondkhari,2022,8,14,21.179714,78.916504,MH-001_C2,train,cnn_test,0,0,0,0.03675194
5866,MH-001_2022_R008_C015,MH-001,Gondkhari,2022,8,15,21.179714,78.916773,MH-001_C2,train,cnn_test,1,0,0,0.006593085
5867,MH-001_2022_R008_C016,MH-001,Gondkhari,2022,8,16,21.179714,78.917043,MH-001_C2,train,cnn_test,1,0,0,0.031996872
5868,MH-001_2022_R008_C017,MH-001,Gondkhari,2022,8,17,21.179714,78.917312,MH-001_C2,train,cnn_test,1,0,0,0.08625314
5869,MH-001_2022_R008_C018,MH-001,Gondkhari,2022,8,18,21.179714,78.917582,MH-001_C2,train,cnn_test,0,0,1,0.53193384
5870,MH-001_2022_R008_C019,MH-001,Gondkhari,2022,8,19,21.179714,78.917851,MH-001_C2,train,cnn_test,2,1,1,0.5650335
5871,MH-001_2022_R008_C020,MH-001,Gondkhari,2022,8,20,21.179714,78.918121,MH-001_C2,train,cnn_test,0,0,1,0.6045705
5872,MH-001_2022_R008_C021,MH-001,Gondkhari,2022,8,21,21.179714,78.91839,MH-001_C3,train,cnn_test,2,1,1,0.5534375
5873,MH-001_2022_R008_C022,MH-001,Gondkhari,2022,8,22,21.179714,78.91866,MH-001_C3,train,cnn_test,2,1,1,0.8095596
5874,MH-001_2022_R008_C023,MH-001,Gondkhari,2022,8,23,21.179714,78.918929,MH-001_C3,train,cnn_test,2,1,1,0.27941424
5875,MH-001_2022_R008_C024,MH-001,Gondkhari,2022,8,24,21.179714,78.919199,MH-001_C3,train,cnn_test,2,1,1,0.90524507
5876,MH-001_2022_R008_C025,MH-001,Gondkhari,2022,8,25,21.179714,78.919468,MH-001_C3,train,cnn_test,2,1,1,0.92638826
5877,MH-001_2022_R008_C026,MH-001,Gondkhari,2022,8,26,21.179714,78.919738,MH-001_C3,train,cnn_test,1,0,1,0.9636768
5878,MH-001_2022_R008_C027,MH-001,Gondkhari,2022,8,27,21.179714,78.920007,MH-001_C4,train,cnn_test,1,0,1,0.93887115
5879,MH-001_2022_R008_C028,MH-001,Gondkhari,2022,8,28,21.179714,78.920277,MH-001_C4,train,cnn_test,0,0,1,0.94636256
5880,MH-001_2022_R008_C029,MH-001,Gondkhari,2022,8,29,21.179714,78.920546,MH-001_C4,train,cnn_test,2,1,1,0.9347115
5881,MH-001_2022_R008_C030,MH-001,Gondkhari,2022,8,30,21.179714,78.920816,MH-001_C4,train,cnn_test,3,1,1,0.9608093
5882,MH-001_2022_R008_C031,MH-001,Gondkhari,2022,8,31,21.179714,78.921085,MH-001_C4,train,cnn_test,2,1,1,0.9271032
5883,MH-001_2022_R008_C032,MH-001,Gondkhari,2022,8,32,21.179714,78.921355,MH-001_C4,train,cnn_test,1,0,1,0.91088533
5884,MH-001_2022_R008_C033,MH-001,Gondkhari,2022,8,33,21.179714,78.921624,MH-001_C5,train,cnn_test,2,1,1,0.93174106
5885,MH-001_2022_R008_C034,MH-001,Gondkhari,2022,8,34,21.179714,78.921894,MH-001_C5,train,cnn_test,2,1,1,0.84659797
5886,MH-001_2022_R008_C035,MH-001,Gondkhari,2022,8,35,21.179714,78.922163,MH-001_C5,train,cnn_test,3,1,1,0.9007228
5887,MH-001_2022_R008_C038,MH-001,Gondkhari,2022,8,38,21.179714,78.922972,MH-001_C5,train,cnn_test,1,0,1,0.8558454
5888,MH-001_2022_R008_C039,MH-001,Gondkhari,2022,8,39,21.179714,78.923241,MH-001_C5,train,cnn_test,2,1,1,0.8616297
5889,MH-001_2022_R008_C040,MH-001,Gondkhari,2022,8,40,21.179714,78.92351,MH-001_C6,train,cnn_test,0,0,1,0.92334014
5890,MH-001_2022_R008_C041,MH-001,Gondkhari,2022,8,41,21.179714,78.92378,MH-001_C6,train,cnn_test,2,1,1,0.9489351
5891,MH-001_2022_R008_C042,MH-001,Gondkhari,2022,8,42,21.179714,78.924049,MH-001_C6,train,cnn_test,0,0,1,0.9402461
5892,MH-001_2022_R008_C043,MH-001,Gondkhari,2022,8,43,21.179714,78.924319,MH-001_C6,train,cnn_test,1,0,1,0.9477029
5893,MH-001_2022_R008_C044,MH-001,Gondkhari,2022,8,44,21.179714,78.924588,MH-001_C6,train,cnn_test,2,1,1,0.9574573
5894,MH-001_2022_R008_C045,MH-001,Gondkhari,2022,8,45,21.179714,78.924858,MH-001_C6,train,cnn_test,0,0,1,0.9722277
5895,MH-001_2022_R008_C046,MH-001,Gondkhari,2022,8,46,21.179714,78.925127,MH-001_C7,train,cnn_test,0,0,1,0.9799713
5896,MH-001_2022_R009_C007,MH-001,Gondkhari,2022,9,7,21.179445,78.914617,MH-001_C0,train,cnn_test,1,0,0,0.06673373
5897,MH-001_2022_R009_C008,MH-001,Gondkhari,2022,9,8,21.179445,78.914887,MH-001_C1,train,cnn_test,1,0,0,0.09747112
5898,MH-001_2022_R009_C009,MH-001,Gondkhari,2022,9,9,21.179445,78.915156,MH-001_C1,train,cnn_test,0,0,1,0.29724452
5899,MH-001_2022_R009_C010,MH-001,Gondkhari,2022,9,10,21.179445,78.915426,MH-001_C1,train,cnn_test,0,0,1,0.16163655
5900,MH-001_2022_R009_C011,MH-001,Gondkhari,2022,9,11,21.179445,78.915695,MH-001_C1,train,cnn_test,0,0,0,0.03511123
5901,MH-001_2022_R009_C012,MH-001,Gondkhari,2022,9,12,21.179445,78.915965,MH-001_C1,train,cnn_test,0,0,0,0.0832048
5902,MH-001_2022_R009_C013,MH-001,Gondkhari,2022,9,13,21.179445,78.916234,MH-001_C1,train,cnn_test,0,0,0,0.01931949
5903,MH-001_2022_R009_C014,MH-001,Gondkhari,2022,9,14,21.179445,78.916504,MH-001_C2,train,cnn_test,0,0,0,0.020542717
5904,MH-001_2022_R009_C015,MH-001,Gondkhari,2022,9,15,21.179445,78.916773,MH-001_C2,train,cnn_test,0,0,0,0.004462574
5905,MH-001_2022_R009_C016,MH-001,Gondkhari,2022,9,16,21.179445,78.917043,MH-001_C2,train,cnn_test,1,0,0,0.01397133
5906,MH-001_2022_R009_C017,MH-001,Gondkhari,2022,9,17,21.179445,78.917312,MH-001_C2,train,cnn_test,1,0,0,0.03029747
5907,MH-001_2022_R009_C018,MH-001,Gondkhari,2022,9,18,21.179445,78.917582,MH-001_C2,train,cnn_test,0,0,1,0.32123223
5908,MH-001_2022_R009_C021,MH-001,Gondkhari,2022,9,21,21.179445,78.91839,MH-001_C3,train,cnn_test,3,1,1,0.49844146
5909,MH-001_2022_R009_C022,MH-001,Gondkhari,2022,9,22,21.179445,78.91866,MH-001_C3,train,cnn_test,2,1,1,0.7430388
5910,MH-001_2022_R009_C023,MH-001,Gondkhari,2022,9,23,21.179445,78.918929,MH-001_C3,train,cnn_test,1,0,1,0.2254606
5911,MH-001_2022_R009_C024,MH-001,Gondkhari,2022,9,24,21.179445,78.919199,MH-001_C3,train,cnn_test,2,1,1,0.91111326
5912,MH-001_2022_R009_C025,MH-001,Gondkhari,2022,9,25,21.179445,78.919468,MH-001_C3,train,cnn_test,3,1,1,0.9001629
5913,MH-001_2022_R009_C026,MH-001,Gondkhari,2022,9,26,21.179445,78.919738,MH-001_C3,train,cnn_test,2,1,1,0.9738506
5914,MH-001_2022_R009_C027,MH-001,Gondkhari,2022,9,27,21.179445,78.920007,MH-001_C4,train,cnn_test,2,1,1,0.929801
5915,MH-001_2022_R009_C028,MH-001,Gondkhari,2022,9,28,21.179445,78.920277,MH-001_C4,train,cnn_test,0,0,1,0.9590167
5916,MH-001_2022_R009_C029,MH-001,Gondkhari,2022,9,29,21.179445,78.920546,MH-001_C4,train,cnn_test,2,1,1,0.93003047
5917,MH-001_2022_R009_C030,MH-001,Gondkhari,2022,9,30,21.179445,78.920816,MH-001_C4,train,cnn_test,3,1,1,0.9600852
5918,MH-001_2022_R009_C031,MH-001,Gondkhari,2022,9,31,21.179445,78.921085,MH-001_C4,train,cnn_test,3,1,1,0.910514
5919,MH-001_2022_R009_C032,MH-001,Gondkhari,2022,9,32,21.179445,78.921355,MH-001_C4,train,cnn_test,2,1,1,0.9213064
5920,MH-001_2022_R009_C033,MH-001,Gondkhari,2022,9,33,21.179445,78.921624,MH-001_C5,train,cnn_test,2,1,1,0.9115061
5921,MH-001_2022_R009_C034,MH-001,Gondkhari,2022,9,34,21.179445,78.921894,MH-001_C5,train,cnn_test,2,1,1,0.88608956
5922,MH-001_2022_R009_C035,MH-001,Gondkhari,2022,9,35,21.179445,78.922163,MH-001_C5,train,cnn_test,2,1,1,0.8975778
5923,MH-001_2022_R009_C036,MH-001,Gondkhari,2022,9,36,21.179445,78.922433,MH-001_C5,train,cnn_test,2,1,1,0.8789426
5924,MH-001_2022_R009_C037,MH-001,Gondkhari,2022,9,37,21.179445,78.922702,MH-001_C5,train,cnn_test,2,1,1,0.9111306
5925,MH-001_2022_R009_C038,MH-001,Gondkhari,2022,9,38,21.179445,78.922972,MH-001_C5,train,cnn_test,2,1,1,0.84634477
5926,MH-001_2022_R009_C039,MH-001,Gondkhari,2022,9,39,21.179445,78.923241,MH-001_C5,train,cnn_test,2,1,1,0.8900263
5927,MH-001_2022_R009_C040,MH-001,Gondkhari,2022,9,40,21.179445,78.92351,MH-001_C6,train,cnn_test,2,1,1,0.9380231
5928,MH-001_2022_R009_C041,MH-001,Gondkhari,2022,9,41,21.179445,78.92378,MH-001_C6,train,cnn_test,2,1,1,0.9648899
5929,MH-001_2022_R009_C042,MH-001,Gondkhari,2022,9,42,21.179445,78.924049,MH-001_C6,train,cnn_test,1,0,1,0.9585156
5930,MH-001_2022_R009_C043,MH-001,Gondkhari,2022,9,43,21.179445,78.924319,MH-001_C6,train,cnn_test,1,0,1,0.9576816
5931,MH-001_2022_R009_C044,MH-001,Gondkhari,2022,9,44,21.179445,78.924588,MH-001_C6,train,cnn_test,1,0,1,0.95756114
5932,MH-001_2022_R009_C045,MH-001,Gondkhari,2022,9,45,21.179445,78.924858,MH-001_C6,train,cnn_test,2,1,1,0.97049975
5933,MH-001_2022_R009_C046,MH-001,Gondkhari,2022,9,46,21.179445,78.925127,MH-001_C7,train,cnn_test,2,1,1,0.97884655
5934,MH-001_2022_R009_C047,MH-001,Gondkhari,2022,9,47,21.179445,78.925397,MH-001_C7,train,cnn_test,0,0,1,0.9829541
5935,MH-001_2022_R009_C048,MH-001,Gondkhari,2022,9,48,21.179445,78.925666,MH-001_C7,train,cnn_test,0,0,1,0.97076136
5936,MH-001_2022_R009_C049,MH-001,Gondkhari,2022,9,49,21.179445,78.925936,MH-001_C7,train,cnn_test,0,0,1,0.968864
5937,MH-001_2022_R010_C007,MH-001,Gondkhari,2022,10,7,21.179175,78.914617,MH-001_C0,train,cnn_test,0,0,0,0.09852504
5938,MH-001_2022_R010_C008,MH-001,Gondkhari,2022,10,8,21.179175,78.914887,MH-001_C1,train,cnn_test,0,0,0,0.08373095
5939,MH-001_2022_R010_C009,MH-001,Gondkhari,2022,10,9,21.179175,78.915156,MH-001_C1,train,cnn_test,0,0,1,0.116000466
5940,MH-001_2022_R010_C010,MH-001,Gondkhari,2022,10,10,21.179175,78.915426,MH-001_C1,train,cnn_test,0,0,0,0.02481041
5941,MH-001_2022_R010_C011,MH-001,Gondkhari,2022,10,11,21.179175,78.915695,MH-001_C1,train,cnn_test,0,0,0,0.019627102
5942,MH-001_2022_R010_C012,MH-001,Gondkhari,2022,10,12,21.179175,78.915965,MH-001_C1,train,cnn_test,0,0,0,0.026753472
5943,MH-001_2022_R010_C013,MH-001,Gondkhari,2022,10,13,21.179175,78.916234,MH-001_C1,train,cnn_test,0,0,0,0.013371041
5944,MH-001_2022_R010_C014,MH-001,Gondkhari,2022,10,14,21.179175,78.916504,MH-001_C2,train,cnn_test,0,0,0,0.012888481
5945,MH-001_2022_R010_C015,MH-001,Gondkhari,2022,10,15,21.179175,78.916773,MH-001_C2,train,cnn_test,0,0,0,0.008230565
5946,MH-001_2022_R010_C016,MH-001,Gondkhari,2022,10,16,21.179175,78.917043,MH-001_C2,train,cnn_test,1,0,0,0.030378588
5947,MH-001_2022_R010_C017,MH-001,Gondkhari,2022,10,17,21.179175,78.917312,MH-001_C2,train,cnn_test,0,0,0,0.08982552
5948,MH-001_2022_R010_C022,MH-001,Gondkhari,2022,10,22,21.179175,78.91866,MH-001_C3,train,cnn_test,1,0,1,0.77169085
5949,MH-001_2022_R010_C023,MH-001,Gondkhari,2022,10,23,21.179175,78.918929,MH-001_C3,train,cnn_test,1,0,1,0.26222554
5950,MH-001_2022_R010_C027,MH-001,Gondkhari,2022,10,27,21.179175,78.920007,MH-001_C4,train,cnn_test,2,1,1,0.9522479
5951,MH-001_2022_R010_C028,MH-001,Gondkhari,2022,10,28,21.179175,78.920277,MH-001_C4,train,cnn_test,1,0,1,0.95666707
5952,MH-001_2022_R010_C029,MH-001,Gondkhari,2022,10,29,21.179175,78.920546,MH-001_C4,train,cnn_test,2,1,1,0.9529516
5953,MH-001_2022_R010_C030,MH-001,Gondkhari,2022,10,30,21.179175,78.920816,MH-001_C4,train,cnn_test,3,1,1,0.95151156
5954,MH-001_2022_R010_C031,MH-001,Gondkhari,2022,10,31,21.179175,78.921085,MH-001_C4,train,cnn_test,3,1,1,0.9397878
5955,MH-001_2022_R010_C032,MH-001,Gondkhari,2022,10,32,21.179175,78.921355,MH-001_C4,train,cnn_test,3,1,1,0.82670295
5956,MH-001_2022_R010_C033,MH-001,Gondkhari,2022,10,33,21.179175,78.921624,MH-001_C5,train,cnn_test,3,1,1,0.8933973
5957,MH-001_2022_R010_C034,MH-001,Gondkhari,2022,10,34,21.179175,78.921894,MH-001_C5,train,cnn_test,2,1,1,0.7583806
5958,MH-001_2022_R010_C035,MH-001,Gondkhari,2022,10,35,21.179175,78.922163,MH-001_C5,train,cnn_test,0,0,1,0.88087094
5959,MH-001_2022_R010_C036,MH-001,Gondkhari,2022,10,36,21.179175,78.922433,MH-001_C5,train,cnn_test,2,1,1,0.8003933
5960,MH-001_2022_R010_C037,MH-001,Gondkhari,2022,10,37,21.179175,78.922702,MH-001_C5,train,cnn_test,0,0,1,0.88958615
5961,MH-001_2022_R010_C038,MH-001,Gondkhari,2022,10,38,21.179175,78.922972,MH-001_C5,train,cnn_test,2,1,1,0.74126756
5962,MH-001_2022_R010_C039,MH-001,Gondkhari,2022,10,39,21.179175,78.923241,MH-001_C5,train,cnn_test,2,1,1,0.83434355
5963,MH-001_2022_R010_C040,MH-001,Gondkhari,2022,10,40,21.179175,78.92351,MH-001_C6,train,cnn_test,2,1,1,0.92279166
5964,MH-001_2022_R010_C041,MH-001,Gondkhari,2022,10,41,21.179175,78.92378,MH-001_C6,train,cnn_test,2,1,1,0.96770614
5965,MH-001_2022_R010_C042,MH-001,Gondkhari,2022,10,42,21.179175,78.924049,MH-001_C6,train,cnn_test,1,0,1,0.9694214
5966,MH-001_2022_R010_C043,MH-001,Gondkhari,2022,10,43,21.179175,78.924319,MH-001_C6,train,cnn_test,0,0,1,0.9500652
5967,MH-001_2022_R010_C044,MH-001,Gondkhari,2022,10,44,21.179175,78.924588,MH-001_C6,train,cnn_test,0,0,1,0.9369789
5968,MH-001_2022_R010_C045,MH-001,Gondkhari,2022,10,45,21.179175,78.924858,MH-001_C6,train,cnn_test,2,1,1,0.93773943
5969,MH-001_2022_R010_C046,MH-001,Gondkhari,2022,10,46,21.179175,78.925127,MH-001_C7,train,cnn_test,2,1,1,0.95839125
5970,MH-001_2022_R010_C047,MH-001,Gondkhari,2022,10,47,21.179175,78.925397,MH-001_C7,train,cnn_test,2,1,1,0.96360916
5971,MH-001_2022_R010_C048,MH-001,Gondkhari,2022,10,48,21.179175,78.925666,MH-001_C7,train,cnn_test,2,1,1,0.9469697
5972,MH-001_2022_R010_C049,MH-001,Gondkhari,2022,10,49,21.179175,78.925936,MH-001_C7,train,cnn_test,0,0,1,0.9426662
5973,MH-001_2022_R010_C050,MH-001,Gondkhari,2022,10,50,21.179175,78.926205,MH-001_C7,train,cnn_test,0,0,1,0.89459646
5974,MH-001_2022_R010_C051,MH-001,Gondkhari,2022,10,51,21.179175,78.926475,MH-001_C7,train,cnn_test,0,0,1,0.84973407
5975,MH-001_2022_R011_C007,MH-001,Gondkhari,2022,11,7,21.178906,78.914617,MH-001_C0,train,cnn_test,0,0,0,0.0144257005
5976,MH-001_2022_R011_C008,MH-001,Gondkhari,2022,11,8,21.178906,78.914887,MH-001_C1,train,cnn_test,0,0,0,0.011275298
5977,MH-001_2022_R011_C009,MH-001,Gondkhari,2022,11,9,21.178906,78.915156,MH-001_C1,train,cnn_test,0,0,0,0.019934604
5978,MH-001_2022_R011_C010,MH-001,Gondkhari,2022,11,10,21.178906,78.915426,MH-001_C1,train,cnn_test,0,0,0,0.007715733
5979,MH-001_2022_R011_C011,MH-001,Gondkhari,2022,11,11,21.178906,78.915695,MH-001_C1,train,cnn_test,0,0,0,0.0034384779
5980,MH-001_2022_R011_C012,MH-001,Gondkhari,2022,11,12,21.178906,78.915965,MH-001_C1,train,cnn_test,0,0,0,0.0066422173
5981,MH-001_2022_R011_C013,MH-001,Gondkhari,2022,11,13,21.178906,78.916234,MH-001_C1,train,cnn_test,1,0,0,0.0068359906
5982,MH-001_2022_R011_C016,MH-001,Gondkhari,2022,11,16,21.178906,78.917043,MH-001_C2,train,cnn_test,1,0,0,0.034998305
5983,MH-001_2022_R011_C017,MH-001,Gondkhari,2022,11,17,21.178906,78.917312,MH-001_C2,train,cnn_test,0,0,0,0.0696429
5984,MH-001_2022_R011_C018,MH-001,Gondkhari,2022,11,18,21.178906,78.917582,MH-001_C2,train,cnn_test,0,0,1,0.3231365
5985,MH-001_2022_R011_C022,MH-001,Gondkhari,2022,11,22,21.178906,78.91866,MH-001_C3,train,cnn_test,0,0,1,0.7704551
5986,MH-001_2022_R011_C028,MH-001,Gondkhari,2022,11,28,21.178906,78.920277,MH-001_C4,train,cnn_test,0,0,1,0.953714
5987,MH-001_2022_R011_C029,MH-001,Gondkhari,2022,11,29,21.178906,78.920546,MH-001_C4,train,cnn_test,2,1,1,0.9409881
5988,MH-001_2022_R011_C030,MH-001,Gondkhari,2022,11,30,21.178906,78.920816,MH-001_C4,train,cnn_test,2,1,1,0.9436104
5989,MH-001_2022_R011_C031,MH-001,Gondkhari,2022,11,31,21.178906,78.921085,MH-001_C4,train,cnn_test,2,1,1,0.89502573
5990,MH-001_2022_R011_C032,MH-001,Gondkhari,2022,11,32,21.178906,78.921355,MH-001_C4,train,cnn_test,2,1,1,0.6317083
5991,MH-001_2022_R011_C033,MH-001,Gondkhari,2022,11,33,21.178906,78.921624,MH-001_C5,train,cnn_test,2,1,1,0.3962745
5992,MH-001_2022_R011_C034,MH-001,Gondkhari,2022,11,34,21.178906,78.921894,MH-001_C5,train,cnn_test,2,1,1,0.6078275
5993,MH-001_2022_R011_C035,MH-001,Gondkhari,2022,11,35,21.178906,78.922163,MH-001_C5,train,cnn_test,2,1,1,0.6233173
5994,MH-001_2022_R011_C036,MH-001,Gondkhari,2022,11,36,21.178906,78.922433,MH-001_C5,train,cnn_test,2,1,1,0.24353679
5995,MH-001_2022_R011_C037,MH-001,Gondkhari,2022,11,37,21.178906,78.922702,MH-001_C5,train,cnn_test,2,1,1,0.20099448
5996,MH-001_2022_R011_C038,MH-001,Gondkhari,2022,11,38,21.178906,78.922972,MH-001_C5,train,cnn_test,2,1,1,0.2259838
5997,MH-001_2022_R011_C039,MH-001,Gondkhari,2022,11,39,21.178906,78.923241,MH-001_C5,train,cnn_test,2,1,1,0.47629377
5998,MH-001_2022_R011_C040,MH-001,Gondkhari,2022,11,40,21.178906,78.92351,MH-001_C6,train,cnn_test,2,1,1,0.87463695
5999,MH-001_2022_R011_C041,MH-001,Gondkhari,2022,11,41,21.178906,78.92378,MH-001_C6,train,cnn_test,3,1,1,0.9455979
6000,MH-001_2022_R011_C042,MH-001,Gondkhari,2022,11,42,21.178906,78.924049,MH-001_C6,train,cnn_test,2,1,1,0.94678867
6001,MH-001_2022_R011_C043,MH-001,Gondkhari,2022,11,43,21.178906,78.924319,MH-001_C6,train,cnn_test,1,0,1,0.9534381
6002,MH-001_2022_R011_C044,MH-001,Gondkhari,2022,11,44,21.178906,78.924588,MH-001_C6,train,cnn_test,0,0,1,0.9585351
6003,MH-001_2022_R011_C045,MH-001,Gondkhari,2022,11,45,21.178906,78.924858,MH-001_C6,train,cnn_test,2,1,1,0.968437
6004,MH-001_2022_R011_C046,MH-001,Gondkhari,2022,11,46,21.178906,78.925127,MH-001_C7,train,cnn_test,2,1,1,0.9717866
6005,MH-001_2022_R011_C047,MH-001,Gondkhari,2022,11,47,21.178906,78.925397,MH-001_C7,train,cnn_test,2,1,1,0.98397833
6006,MH-001_2022_R011_C048,MH-001,Gondkhari,2022,11,48,21.178906,78.925666,MH-001_C7,train,cnn_test,3,1,1,0.9684276
6007,MH-001_2022_R011_C049,MH-001,Gondkhari,2022,11,49,21.178906,78.925936,MH-001_C7,train,cnn_test,1,0,1,0.9701255
6008,MH-001_2022_R011_C050,MH-001,Gondkhari,2022,11,50,21.178906,78.926205,MH-001_C7,train,cnn_test,2,1,1,0.9415702
6009,MH-001_2022_R011_C051,MH-001,Gondkhari,2022,11,51,21.178906,78.926475,MH-001_C7,train,cnn_test,2,1,1,0.9142402
6010,MH-001_2022_R012_C007,MH-001,Gondkhari,2022,12,7,21.178636,78.914617,MH-001_C0,train,cnn_test,1,0,0,0.006965306
6011,MH-001_2022_R012_C008,MH-001,Gondkhari,2022,12,8,21.178636,78.914887,MH-001_C1,train,cnn_test,0,0,0,0.0059930054
6012,MH-001_2022_R012_C009,MH-001,Gondkhari,2022,12,9,21.178636,78.915156,MH-001_C1,train,cnn_test,0,0,0,0.0033145028
6013,MH-001_2022_R012_C010,MH-001,Gondkhari,2022,12,10,21.178636,78.915426,MH-001_C1,train,cnn_test,0,0,0,0.002052871
6014,MH-001_2022_R012_C011,MH-001,Gondkhari,2022,12,11,21.178636,78.915695,MH-001_C1,train,cnn_test,0,0,0,0.0017806861
6015,MH-001_2022_R012_C012,MH-001,Gondkhari,2022,12,12,21.178636,78.915965,MH-001_C1,train,cnn_test,0,0,0,0.003046957
6016,MH-001_2022_R012_C014,MH-001,Gondkhari,2022,12,14,21.178636,78.916504,MH-001_C2,train,cnn_test,1,0,0,0.003931142
6017,MH-001_2022_R012_C015,MH-001,Gondkhari,2022,12,15,21.178636,78.916773,MH-001_C2,train,cnn_test,1,0,0,0.0070655476
6018,MH-001_2022_R012_C016,MH-001,Gondkhari,2022,12,16,21.178636,78.917043,MH-001_C2,train,cnn_test,1,0,0,0.06646952
6019,MH-001_2022_R012_C017,MH-001,Gondkhari,2022,12,17,21.178636,78.917312,MH-001_C2,train,cnn_test,1,0,0,0.09326819
6020,MH-001_2022_R012_C018,MH-001,Gondkhari,2022,12,18,21.178636,78.917582,MH-001_C2,train,cnn_test,1,0,1,0.39727628
6021,MH-001_2022_R012_C019,MH-001,Gondkhari,2022,12,19,21.178636,78.917851,MH-001_C2,train,cnn_test,1,0,1,0.3954965
6022,MH-001_2022_R012_C020,MH-001,Gondkhari,2022,12,20,21.178636,78.918121,MH-001_C2,train,cnn_test,1,0,1,0.7574159
6023,MH-001_2022_R012_C021,MH-001,Gondkhari,2022,12,21,21.178636,78.91839,MH-001_C3,train,cnn_test,0,0,1,0.70916647
6024,MH-001_2022_R012_C025,MH-001,Gondkhari,2022,12,25,21.178636,78.919468,MH-001_C3,train,cnn_test,1,0,1,0.87085694
6025,MH-001_2022_R012_C031,MH-001,Gondkhari,2022,12,31,21.178636,78.921085,MH-001_C4,train,cnn_test,3,1,1,0.8153727
6026,MH-001_2022_R012_C032,MH-001,Gondkhari,2022,12,32,21.178636,78.921355,MH-001_C4,train,cnn_test,3,1,1,0.41780263
6027,MH-001_2022_R012_C033,MH-001,Gondkhari,2022,12,33,21.178636,78.921624,MH-001_C5,train,cnn_test,1,0,1,0.47639635
6028,MH-001_2022_R012_C034,MH-001,Gondkhari,2022,12,34,21.178636,78.921894,MH-001_C5,train,cnn_test,3,1,1,0.39863297
6029,MH-001_2022_R012_C035,MH-001,Gondkhari,2022,12,35,21.178636,78.922163,MH-001_C5,train,cnn_test,2,1,1,0.6705196
6030,MH-001_2022_R012_C036,MH-001,Gondkhari,2022,12,36,21.178636,78.922433,MH-001_C5,train,cnn_test,2,1,1,0.33654544
6031,MH-001_2022_R012_C037,MH-001,Gondkhari,2022,12,37,21.178636,78.922702,MH-001_C5,train,cnn_test,1,0,1,0.44367158
6032,MH-001_2022_R012_C038,MH-001,Gondkhari,2022,12,38,21.178636,78.922972,MH-001_C5,train,cnn_test,2,1,1,0.3023999
6033,MH-001_2022_R012_C039,MH-001,Gondkhari,2022,12,39,21.178636,78.923241,MH-001_C5,train,cnn_test,3,1,1,0.5162709
6034,MH-001_2022_R012_C040,MH-001,Gondkhari,2022,12,40,21.178636,78.92351,MH-001_C6,train,cnn_test,2,1,1,0.8371196
6035,MH-001_2022_R012_C041,MH-001,Gondkhari,2022,12,41,21.178636,78.92378,MH-001_C6,train,cnn_test,3,1,1,0.94812584
6036,MH-001_2022_R012_C042,MH-001,Gondkhari,2022,12,42,21.178636,78.924049,MH-001_C6,train,cnn_test,2,1,1,0.9479692
6037,MH-001_2022_R012_C043,MH-001,Gondkhari,2022,12,43,21.178636,78.924319,MH-001_C6,train,cnn_test,1,0,1,0.95343804
6038,MH-001_2022_R012_C044,MH-001,Gondkhari,2022,12,44,21.178636,78.924588,MH-001_C6,train,cnn_test,1,0,1,0.95684475
6039,MH-001_2022_R012_C045,MH-001,Gondkhari,2022,12,45,21.178636,78.924858,MH-001_C6,train,cnn_test,2,1,1,0.97335714
6040,MH-001_2022_R012_C046,MH-001,Gondkhari,2022,12,46,21.178636,78.925127,MH-001_C7,train,cnn_test,2,1,1,0.97515917
6041,MH-001_2022_R012_C047,MH-001,Gondkhari,2022,12,47,21.178636,78.925397,MH-001_C7,train,cnn_test,2,1,1,0.98202443
6042,MH-001_2022_R012_C048,MH-001,Gondkhari,2022,12,48,21.178636,78.925666,MH-001_C7,train,cnn_test,2,1,1,0.962055
6043,MH-001_2022_R012_C049,MH-001,Gondkhari,2022,12,49,21.178636,78.925936,MH-001_C7,train,cnn_test,0,0,1,0.97112626
6044,MH-001_2022_R012_C050,MH-001,Gondkhari,2022,12,50,21.178636,78.926205,MH-001_C7,train,cnn_test,2,1,1,0.95349795
6045,MH-001_2022_R012_C051,MH-001,Gondkhari,2022,12,51,21.178636,78.926475,MH-001_C7,train,cnn_test,3,1,1,0.9250583
6046,MH-001_2022_R013_C007,MH-001,Gondkhari,2022,13,7,21.178367,78.914617,MH-001_C0,train,cnn_test,0,0,0,0.00980245
6047,MH-001_2022_R013_C008,MH-001,Gondkhari,2022,13,8,21.178367,78.914887,MH-001_C1,train,cnn_test,0,0,0,0.0063019455
6048,MH-001_2022_R013_C009,MH-001,Gondkhari,2022,13,9,21.178367,78.915156,MH-001_C1,train,cnn_test,0,0,0,0.006672773
6049,MH-001_2022_R013_C010,MH-001,Gondkhari,2022,13,10,21.178367,78.915426,MH-001_C1,train,cnn_test,0,0,0,0.0044024405
6050,MH-001_2022_R013_C011,MH-001,Gondkhari,2022,13,11,21.178367,78.915695,MH-001_C1,train,cnn_test,0,0,0,0.0027266184
6051,MH-001_2022_R013_C013,MH-001,Gondkhari,2022,13,13,21.178367,78.916234,MH-001_C1,train,cnn_test,1,0,0,0.0016542075
6052,MH-001_2022_R013_C014,MH-001,Gondkhari,2022,13,14,21.178367,78.916504,MH-001_C2,train,cnn_test,1,0,0,0.001187444
6053,MH-001_2022_R013_C015,MH-001,Gondkhari,2022,13,15,21.178367,78.916773,MH-001_C2,train,cnn_test,1,0,0,0.008745756
6054,MH-001_2022_R013_C016,MH-001,Gondkhari,2022,13,16,21.178367,78.917043,MH-001_C2,train,cnn_test,1,0,0,0.039106727
6055,MH-001_2022_R013_C017,MH-001,Gondkhari,2022,13,17,21.178367,78.917312,MH-001_C2,train,cnn_test,1,0,0,0.07659108
6056,MH-001_2022_R013_C018,MH-001,Gondkhari,2022,13,18,21.178367,78.917582,MH-001_C2,train,cnn_test,1,0,1,0.21571952
6057,MH-001_2022_R013_C019,MH-001,Gondkhari,2022,13,19,21.178367,78.917851,MH-001_C2,train,cnn_test,1,0,1,0.21712826
6058,MH-001_2022_R013_C020,MH-001,Gondkhari,2022,13,20,21.178367,78.918121,MH-001_C2,train,cnn_test,1,0,1,0.41696638
6059,MH-001_2022_R013_C021,MH-001,Gondkhari,2022,13,21,21.178367,78.91839,MH-001_C3,train,cnn_test,1,0,1,0.56609136
6060,MH-001_2022_R013_C022,MH-001,Gondkhari,2022,13,22,21.178367,78.91866,MH-001_C3,train,cnn_test,0,0,1,0.4639103
6061,MH-001_2022_R013_C023,MH-001,Gondkhari,2022,13,23,21.178367,78.918929,MH-001_C3,train,cnn_test,0,0,1,0.23616247
6062,MH-001_2022_R013_C027,MH-001,Gondkhari,2022,13,27,21.178367,78.920007,MH-001_C4,train,cnn_test,0,0,1,0.9160472
6063,MH-001_2022_R013_C028,MH-001,Gondkhari,2022,13,28,21.178367,78.920277,MH-001_C4,train,cnn_test,0,0,1,0.8668731
6064,MH-001_2022_R013_C031,MH-001,Gondkhari,2022,13,31,21.178367,78.921085,MH-001_C4,train,cnn_test,2,1,1,0.81428725
6065,MH-001_2022_R013_C032,MH-001,Gondkhari,2022,13,32,21.178367,78.921355,MH-001_C4,train,cnn_test,2,1,1,0.72040135
6066,MH-001_2022_R013_C033,MH-001,Gondkhari,2022,13,33,21.178367,78.921624,MH-001_C5,train,cnn_test,2,1,1,0.6744648
6067,MH-001_2022_R013_C034,MH-001,Gondkhari,2022,13,34,21.178367,78.921894,MH-001_C5,train,cnn_test,2,1,1,0.67191046
6068,MH-001_2022_R013_C035,MH-001,Gondkhari,2022,13,35,21.178367,78.922163,MH-001_C5,train,cnn_test,3,1,1,0.6906885
6069,MH-001_2022_R013_C036,MH-001,Gondkhari,2022,13,36,21.178367,78.922433,MH-001_C5,train,cnn_test,1,0,1,0.44446272
6070,MH-001_2022_R013_C037,MH-001,Gondkhari,2022,13,37,21.178367,78.922702,MH-001_C5,train,cnn_test,1,0,1,0.43188718
6071,MH-001_2022_R013_C038,MH-001,Gondkhari,2022,13,38,21.178367,78.922972,MH-001_C5,train,cnn_test,0,0,1,0.5640794
6072,MH-001_2022_R013_C040,MH-001,Gondkhari,2022,13,40,21.178367,78.92351,MH-001_C6,train,cnn_test,1,0,1,0.91309834
6073,MH-001_2022_R013_C041,MH-001,Gondkhari,2022,13,41,21.178367,78.92378,MH-001_C6,train,cnn_test,1,0,1,0.9631251
6074,MH-001_2022_R013_C042,MH-001,Gondkhari,2022,13,42,21.178367,78.924049,MH-001_C6,train,cnn_test,1,0,1,0.9496311
6075,MH-001_2022_R013_C043,MH-001,Gondkhari,2022,13,43,21.178367,78.924319,MH-001_C6,train,cnn_test,0,0,1,0.9608974
6076,MH-001_2022_R013_C044,MH-001,Gondkhari,2022,13,44,21.178367,78.924588,MH-001_C6,train,cnn_test,1,0,1,0.9580304
6077,MH-001_2022_R013_C045,MH-001,Gondkhari,2022,13,45,21.178367,78.924858,MH-001_C6,train,cnn_test,1,0,1,0.97468466
6078,MH-001_2022_R013_C046,MH-001,Gondkhari,2022,13,46,21.178367,78.925127,MH-001_C7,train,cnn_test,1,0,1,0.9720648
6079,MH-001_2022_R013_C047,MH-001,Gondkhari,2022,13,47,21.178367,78.925397,MH-001_C7,train,cnn_test,2,1,1,0.98260015
6080,MH-001_2022_R013_C048,MH-001,Gondkhari,2022,13,48,21.178367,78.925666,MH-001_C7,train,cnn_test,2,1,1,0.96228963
6081,MH-001_2022_R013_C049,MH-001,Gondkhari,2022,13,49,21.178367,78.925936,MH-001_C7,train,cnn_test,2,1,1,0.9646391
6082,MH-001_2022_R013_C050,MH-001,Gondkhari,2022,13,50,21.178367,78.926205,MH-001_C7,train,cnn_test,2,1,1,0.93894756
6083,MH-001_2022_R013_C051,MH-001,Gondkhari,2022,13,51,21.178367,78.926475,MH-001_C7,train,cnn_test,2,1,1,0.89951676
6084,MH-001_2022_R014_C007,MH-001,Gondkhari,2022,14,7,21.178097,78.914617,MH-001_C0,train,cnn_test,0,0,0,0.017147375
6085,MH-001_2022_R014_C008,MH-001,Gondkhari,2022,14,8,21.178097,78.914887,MH-001_C1,train,cnn_test,0,0,0,0.0210806
6086,MH-001_2022_R014_C009,MH-001,Gondkhari,2022,14,9,21.178097,78.915156,MH-001_C1,train,cnn_test,0,0,0,0.007095726
6087,MH-001_2022_R014_C010,MH-001,Gondkhari,2022,14,10,21.178097,78.915426,MH-001_C1,train,cnn_test,0,0,0,0.0060552084
6088,MH-001_2022_R014_C011,MH-001,Gondkhari,2022,14,11,21.178097,78.915695,MH-001_C1,train,cnn_test,0,0,0,0.006519123
6089,MH-001_2022_R014_C013,MH-001,Gondkhari,2022,14,13,21.178097,78.916234,MH-001_C1,train,cnn_test,1,0,0,0.0015501569
6090,MH-001_2022_R014_C014,MH-001,Gondkhari,2022,14,14,21.178097,78.916504,MH-001_C2,train,cnn_test,1,0,0,0.0039601554
6091,MH-001_2022_R014_C015,MH-001,Gondkhari,2022,14,15,21.178097,78.916773,MH-001_C2,train,cnn_test,0,0,0,0.01708772
6092,MH-001_2022_R014_C016,MH-001,Gondkhari,2022,14,16,21.178097,78.917043,MH-001_C2,train,cnn_test,0,0,1,0.102865115
6093,MH-001_2022_R014_C017,MH-001,Gondkhari,2022,14,17,21.178097,78.917312,MH-001_C2,train,cnn_test,0,0,1,0.13510433
6094,MH-001_2022_R014_C018,MH-001,Gondkhari,2022,14,18,21.178097,78.917582,MH-001_C2,train,cnn_test,1,0,1,0.29853857
6095,MH-001_2022_R014_C019,MH-001,Gondkhari,2022,14,19,21.178097,78.917851,MH-001_C2,train,cnn_test,1,0,1,0.3241442
6096,MH-001_2022_R014_C020,MH-001,Gondkhari,2022,14,20,21.178097,78.918121,MH-001_C2,train,cnn_test,1,0,1,0.60675836
6097,MH-001_2022_R014_C021,MH-001,Gondkhari,2022,14,21,21.178097,78.91839,MH-001_C3,train,cnn_test,1,0,1,0.64975744
6098,MH-001_2022_R014_C022,MH-001,Gondkhari,2022,14,22,21.178097,78.91866,MH-001_C3,train,cnn_test,0,0,1,0.5204128
6099,MH-001_2022_R014_C028,MH-001,Gondkhari,2022,14,28,21.178097,78.920277,MH-001_C4,train,cnn_test,0,0,1,0.88274103
6100,MH-001_2022_R014_C029,MH-001,Gondkhari,2022,14,29,21.178097,78.920546,MH-001_C4,train,cnn_test,0,0,1,0.9324659
6101,MH-001_2022_R014_C030,MH-001,Gondkhari,2022,14,30,21.178097,78.920816,MH-001_C4,train,cnn_test,0,0,1,0.88494736
6102,MH-001_2022_R014_C031,MH-001,Gondkhari,2022,14,31,21.178097,78.921085,MH-001_C4,train,cnn_test,1,0,1,0.90734696
6103,MH-001_2022_R014_C032,MH-001,Gondkhari,2022,14,32,21.178097,78.921355,MH-001_C4,train,cnn_test,1,0,1,0.6948752
6104,MH-001_2022_R014_C033,MH-001,Gondkhari,2022,14,33,21.178097,78.921624,MH-001_C5,train,cnn_test,1,0,1,0.8127065
6105,MH-001_2022_R014_C034,MH-001,Gondkhari,2022,14,34,21.178097,78.921894,MH-001_C5,train,cnn_test,3,1,1,0.69750065
6106,MH-001_2022_R014_C035,MH-001,Gondkhari,2022,14,35,21.178097,78.922163,MH-001_C5,train,cnn_test,1,0,1,0.85843784
6107,MH-001_2022_R014_C036,MH-001,Gondkhari,2022,14,36,21.178097,78.922433,MH-001_C5,train,cnn_test,1,0,1,0.82018673
6108,MH-001_2022_R014_C037,MH-001,Gondkhari,2022,14,37,21.178097,78.922702,MH-001_C5,train,cnn_test,1,0,1,0.8732997
6109,MH-001_2022_R014_C038,MH-001,Gondkhari,2022,14,38,21.178097,78.922972,MH-001_C5,train,cnn_test,1,0,1,0.80929655
6110,MH-001_2022_R014_C040,MH-001,Gondkhari,2022,14,40,21.178097,78.92351,MH-001_C6,train,cnn_test,1,0,1,0.8663831
6111,MH-001_2022_R014_C041,MH-001,Gondkhari,2022,14,41,21.178097,78.92378,MH-001_C6,train,cnn_test,1,0,1,0.9482941
6112,MH-001_2022_R014_C042,MH-001,Gondkhari,2022,14,42,21.178097,78.924049,MH-001_C6,train,cnn_test,1,0,1,0.94560707
6113,MH-001_2022_R014_C043,MH-001,Gondkhari,2022,14,43,21.178097,78.924319,MH-001_C6,train,cnn_test,0,0,1,0.9366986
6114,MH-001_2022_R014_C044,MH-001,Gondkhari,2022,14,44,21.178097,78.924588,MH-001_C6,train,cnn_test,0,0,1,0.9381927
6115,MH-001_2022_R014_C045,MH-001,Gondkhari,2022,14,45,21.178097,78.924858,MH-001_C6,train,cnn_test,0,0,1,0.9622676
6116,MH-001_2022_R014_C046,MH-001,Gondkhari,2022,14,46,21.178097,78.925127,MH-001_C7,train,cnn_test,1,0,1,0.95651305
6117,MH-001_2022_R014_C047,MH-001,Gondkhari,2022,14,47,21.178097,78.925397,MH-001_C7,train,cnn_test,1,0,1,0.9666023
6118,MH-001_2022_R014_C048,MH-001,Gondkhari,2022,14,48,21.178097,78.925666,MH-001_C7,train,cnn_test,1,0,1,0.92070967
6119,MH-001_2022_R014_C049,MH-001,Gondkhari,2022,14,49,21.178097,78.925936,MH-001_C7,train,cnn_test,2,1,1,0.89431006
6120,MH-001_2022_R014_C050,MH-001,Gondkhari,2022,14,50,21.178097,78.926205,MH-001_C7,train,cnn_test,3,1,1,0.8788507
6121,MH-001_2022_R014_C051,MH-001,Gondkhari,2022,14,51,21.178097,78.926475,MH-001_C7,train,cnn_test,0,0,1,0.79424405
6122,MH-001_2022_R015_C007,MH-001,Gondkhari,2022,15,7,21.177828,78.914617,MH-001_C0,train,cnn_test,1,0,0,0.026577523
6123,MH-001_2022_R015_C008,MH-001,Gondkhari,2022,15,8,21.177828,78.914887,MH-001_C1,train,cnn_test,1,0,0,0.026187072
6124,MH-001_2022_R015_C009,MH-001,Gondkhari,2022,15,9,21.177828,78.915156,MH-001_C1,train,cnn_test,0,0,0,0.011403858
6125,MH-001_2022_R015_C010,MH-001,Gondkhari,2022,15,10,21.177828,78.915426,MH-001_C1,train,cnn_test,0,0,0,0.014394116
6126,MH-001_2022_R015_C011,MH-001,Gondkhari,2022,15,11,21.177828,78.915695,MH-001_C1,train,cnn_test,0,0,0,0.009175061
6127,MH-001_2022_R015_C013,MH-001,Gondkhari,2022,15,13,21.177828,78.916234,MH-001_C1,train,cnn_test,0,0,0,0.0013741335
6128,MH-001_2022_R015_C014,MH-001,Gondkhari,2022,15,14,21.177828,78.916504,MH-001_C2,train,cnn_test,0,0,0,0.0014327051
6129,MH-001_2022_R015_C019,MH-001,Gondkhari,2022,15,19,21.177828,78.917851,MH-001_C2,train,cnn_test,1,0,1,0.15971877
6130,MH-001_2022_R015_C020,MH-001,Gondkhari,2022,15,20,21.177828,78.918121,MH-001_C2,train,cnn_test,1,0,1,0.12751798
6131,MH-001_2022_R015_C021,MH-001,Gondkhari,2022,15,21,21.177828,78.91839,MH-001_C3,train,cnn_test,1,0,1,0.26290426
6132,MH-001_2022_R015_C028,MH-001,Gondkhari,2022,15,28,21.177828,78.920277,MH-001_C4,train,cnn_test,0,0,1,0.8557128
6133,MH-001_2022_R015_C029,MH-001,Gondkhari,2022,15,29,21.177828,78.920546,MH-001_C4,train,cnn_test,0,0,1,0.90777105
6134,MH-001_2022_R015_C031,MH-001,Gondkhari,2022,15,31,21.177828,78.921085,MH-001_C4,train,cnn_test,1,0,1,0.8864499
6135,MH-001_2022_R015_C032,MH-001,Gondkhari,2022,15,32,21.177828,78.921355,MH-001_C4,train,cnn_test,1,0,1,0.72949445
6136,MH-001_2022_R015_C033,MH-001,Gondkhari,2022,15,33,21.177828,78.921624,MH-001_C5,train,cnn_test,1,0,1,0.7295401
6137,MH-001_2022_R015_C034,MH-001,Gondkhari,2022,15,34,21.177828,78.921894,MH-001_C5,train,cnn_test,1,0,1,0.7624789
6138,MH-001_2022_R015_C035,MH-001,Gondkhari,2022,15,35,21.177828,78.922163,MH-001_C5,train,cnn_test,2,1,1,0.83867127
6139,MH-001_2022_R015_C036,MH-001,Gondkhari,2022,15,36,21.177828,78.922433,MH-001_C5,train,cnn_test,2,1,1,0.747396
6140,MH-001_2022_R015_C037,MH-001,Gondkhari,2022,15,37,21.177828,78.922702,MH-001_C5,train,cnn_test,2,1,1,0.7755595
6141,MH-001_2022_R015_C038,MH-001,Gondkhari,2022,15,38,21.177828,78.922972,MH-001_C5,train,cnn_test,2,1,1,0.81998914
6142,MH-001_2022_R015_C039,MH-001,Gondkhari,2022,15,39,21.177828,78.923241,MH-001_C5,train,cnn_test,2,1,1,0.862135
6143,MH-001_2022_R015_C040,MH-001,Gondkhari,2022,15,40,21.177828,78.92351,MH-001_C6,train,cnn_test,1,0,1,0.88616127
6144,MH-001_2022_R015_C041,MH-001,Gondkhari,2022,15,41,21.177828,78.92378,MH-001_C6,train,cnn_test,2,1,1,0.91126925
6145,MH-001_2022_R015_C042,MH-001,Gondkhari,2022,15,42,21.177828,78.924049,MH-001_C6,train,cnn_test,1,0,1,0.93042845
6146,MH-001_2022_R015_C043,MH-001,Gondkhari,2022,15,43,21.177828,78.924319,MH-001_C6,train,cnn_test,1,0,1,0.9355227
6147,MH-001_2022_R015_C044,MH-001,Gondkhari,2022,15,44,21.177828,78.924588,MH-001_C6,train,cnn_test,0,0,1,0.9454947
6148,MH-001_2022_R015_C045,MH-001,Gondkhari,2022,15,45,21.177828,78.924858,MH-001_C6,train,cnn_test,1,0,1,0.9598598
6149,MH-001_2022_R015_C046,MH-001,Gondkhari,2022,15,46,21.177828,78.925127,MH-001_C7,train,cnn_test,2,1,1,0.9479263
6150,MH-001_2022_R015_C047,MH-001,Gondkhari,2022,15,47,21.177828,78.925397,MH-001_C7,train,cnn_test,1,0,1,0.96771663
6151,MH-001_2022_R015_C048,MH-001,Gondkhari,2022,15,48,21.177828,78.925666,MH-001_C7,train,cnn_test,1,0,1,0.91775966
6152,MH-001_2022_R015_C049,MH-001,Gondkhari,2022,15,49,21.177828,78.925936,MH-001_C7,train,cnn_test,3,1,1,0.87887204
6153,MH-001_2022_R015_C050,MH-001,Gondkhari,2022,15,50,21.177828,78.926205,MH-001_C7,train,cnn_test,2,1,1,0.8229365
6154,MH-001_2022_R015_C051,MH-001,Gondkhari,2022,15,51,21.177828,78.926475,MH-001_C7,train,cnn_test,2,1,1,0.74566543
6155,MH-001_2022_R016_C007,MH-001,Gondkhari,2022,16,7,21.177558,78.914617,MH-001_C0,train,cnn_test,0,0,0,0.07767893
6156,MH-001_2022_R016_C008,MH-001,Gondkhari,2022,16,8,21.177558,78.914887,MH-001_C1,train,cnn_test,2,1,0,0.09614302
6157,MH-001_2022_R016_C009,MH-001,Gondkhari,2022,16,9,21.177558,78.915156,MH-001_C1,train,cnn_test,1,0,0,0.019290444
6158,MH-001_2022_R016_C010,MH-001,Gondkhari,2022,16,10,21.177558,78.915426,MH-001_C1,train,cnn_test,0,0,0,0.025705399
6159,MH-001_2022_R016_C011,MH-001,Gondkhari,2022,16,11,21.177558,78.915695,MH-001_C1,train,cnn_test,0,0,0,0.024102764
6160,MH-001_2022_R016_C012,MH-001,Gondkhari,2022,16,12,21.177558,78.915965,MH-001_C1,train,cnn_test,0,0,0,0.009450403
6161,MH-001_2022_R016_C015,MH-001,Gondkhari,2022,16,15,21.177558,78.916773,MH-001_C2,train,cnn_test,1,0,0,0.027114812
6162,MH-001_2022_R016_C016,MH-001,Gondkhari,2022,16,16,21.177558,78.917043,MH-001_C2,train,cnn_test,1,0,1,0.18223217
6163,MH-001_2022_R016_C017,MH-001,Gondkhari,2022,16,17,21.177558,78.917312,MH-001_C2,train,cnn_test,0,0,1,0.20515677
6164,MH-001_2022_R016_C018,MH-001,Gondkhari,2022,16,18,21.177558,78.917582,MH-001_C2,train,cnn_test,0,0,1,0.30385694
6165,MH-001_2022_R016_C020,MH-001,Gondkhari,2022,16,20,21.177558,78.918121,MH-001_C2,train,cnn_test,1,0,1,0.25339288
6166,MH-001_2022_R016_C021,MH-001,Gondkhari,2022,16,21,21.177558,78.91839,MH-001_C3,train,cnn_test,1,0,1,0.19302894
6167,MH-001_2022_R016_C022,MH-001,Gondkhari,2022,16,22,21.177558,78.91866,MH-001_C3,train,cnn_test,0,0,1,0.14335723
6168,MH-001_2022_R016_C023,MH-001,Gondkhari,2022,16,23,21.177558,78.918929,MH-001_C3,train,cnn_test,0,0,1,0.48589197
6169,MH-001_2022_R016_C024,MH-001,Gondkhari,2022,16,24,21.177558,78.919199,MH-001_C3,train,cnn_test,0,0,1,0.6229671
6170,MH-001_2022_R016_C025,MH-001,Gondkhari,2022,16,25,21.177558,78.919468,MH-001_C3,train,cnn_test,0,0,1,0.8151418
6171,MH-001_2022_R016_C026,MH-001,Gondkhari,2022,16,26,21.177558,78.919738,MH-001_C3,train,cnn_test,0,0,1,0.8843611
6172,MH-001_2022_R016_C027,MH-001,Gondkhari,2022,16,27,21.177558,78.920007,MH-001_C4,train,cnn_test,0,0,1,0.9084792
6173,MH-001_2022_R016_C028,MH-001,Gondkhari,2022,16,28,21.177558,78.920277,MH-001_C4,train,cnn_test,0,0,1,0.8250269
6174,MH-001_2022_R016_C029,MH-001,Gondkhari,2022,16,29,21.177558,78.920546,MH-001_C4,train,cnn_test,0,0,1,0.80581295
6175,MH-001_2022_R016_C031,MH-001,Gondkhari,2022,16,31,21.177558,78.921085,MH-001_C4,train,cnn_test,1,0,1,0.78775376
6176,MH-001_2022_R016_C032,MH-001,Gondkhari,2022,16,32,21.177558,78.921355,MH-001_C4,train,cnn_test,1,0,1,0.57169765
6177,MH-001_2022_R016_C033,MH-001,Gondkhari,2022,16,33,21.177558,78.921624,MH-001_C5,train,cnn_test,1,0,1,0.61983836
6178,MH-001_2022_R016_C034,MH-001,Gondkhari,2022,16,34,21.177558,78.921894,MH-001_C5,train,cnn_test,1,0,1,0.619337
6179,MH-001_2022_R016_C035,MH-001,Gondkhari,2022,16,35,21.177558,78.922163,MH-001_C5,train,cnn_test,2,1,1,0.68875927
6180,MH-001_2022_R016_C036,MH-001,Gondkhari,2022,16,36,21.177558,78.922433,MH-001_C5,train,cnn_test,2,1,1,0.68709636
6181,MH-001_2022_R016_C037,MH-001,Gondkhari,2022,16,37,21.177558,78.922702,MH-001_C5,train,cnn_test,2,1,1,0.78060824
6182,MH-001_2022_R016_C038,MH-001,Gondkhari,2022,16,38,21.177558,78.922972,MH-001_C5,train,cnn_test,2,1,1,0.76744425
6183,MH-001_2022_R016_C039,MH-001,Gondkhari,2022,16,39,21.177558,78.923241,MH-001_C5,train,cnn_test,3,1,1,0.8372894
6184,MH-001_2022_R016_C040,MH-001,Gondkhari,2022,16,40,21.177558,78.92351,MH-001_C6,train,cnn_test,1,0,1,0.85948676
6185,MH-001_2022_R016_C041,MH-001,Gondkhari,2022,16,41,21.177558,78.92378,MH-001_C6,train,cnn_test,1,0,1,0.92312086
6186,MH-001_2022_R016_C042,MH-001,Gondkhari,2022,16,42,21.177558,78.924049,MH-001_C6,train,cnn_test,1,0,1,0.9364423
6187,MH-001_2022_R016_C043,MH-001,Gondkhari,2022,16,43,21.177558,78.924319,MH-001_C6,train,cnn_test,2,1,1,0.9353276
6188,MH-001_2022_R016_C044,MH-001,Gondkhari,2022,16,44,21.177558,78.924588,MH-001_C6,train,cnn_test,1,0,1,0.9500473
6189,MH-001_2022_R016_C045,MH-001,Gondkhari,2022,16,45,21.177558,78.924858,MH-001_C6,train,cnn_test,2,1,1,0.9659403
6190,MH-001_2022_R016_C046,MH-001,Gondkhari,2022,16,46,21.177558,78.925127,MH-001_C7,train,cnn_test,2,1,1,0.9072701
6191,MH-001_2022_R016_C047,MH-001,Gondkhari,2022,16,47,21.177558,78.925397,MH-001_C7,train,cnn_test,1,0,1,0.95511264
6192,MH-001_2022_R016_C048,MH-001,Gondkhari,2022,16,48,21.177558,78.925666,MH-001_C7,train,cnn_test,0,0,1,0.8908255
6193,MH-001_2022_R016_C049,MH-001,Gondkhari,2022,16,49,21.177558,78.925936,MH-001_C7,train,cnn_test,2,1,1,0.8989529
6194,MH-001_2022_R016_C050,MH-001,Gondkhari,2022,16,50,21.177558,78.926205,MH-001_C7,train,cnn_test,0,0,1,0.9045325
6195,MH-001_2022_R016_C051,MH-001,Gondkhari,2022,16,51,21.177558,78.926475,MH-001_C7,train,cnn_test,0,0,1,0.881905
6196,MH-001_2022_R017_C007,MH-001,Gondkhari,2022,17,7,21.177289,78.914617,MH-001_C0,train,cnn_test,0,0,1,0.27904087
6197,MH-001_2022_R017_C008,MH-001,Gondkhari,2022,17,8,21.177289,78.914887,MH-001_C1,train,cnn_test,1,0,1,0.12115705
6198,MH-001_2022_R017_C009,MH-001,Gondkhari,2022,17,9,21.177289,78.915156,MH-001_C1,train,cnn_test,0,0,0,0.030198354
6199,MH-001_2022_R017_C010,MH-001,Gondkhari,2022,17,10,21.177289,78.915426,MH-001_C1,train,cnn_test,0,0,0,0.0382159
6200,MH-001_2022_R017_C011,MH-001,Gondkhari,2022,17,11,21.177289,78.915695,MH-001_C1,train,cnn_test,0,0,0,0.026101235
6201,MH-001_2022_R017_C012,MH-001,Gondkhari,2022,17,12,21.177289,78.915965,MH-001_C1,train,cnn_test,0,0,0,0.012208288
6202,MH-001_2022_R017_C013,MH-001,Gondkhari,2022,17,13,21.177289,78.916234,MH-001_C1,train,cnn_test,1,0,0,0.003114813
6203,MH-001_2022_R017_C014,MH-001,Gondkhari,2022,17,14,21.177289,78.916504,MH-001_C2,train,cnn_test,1,0,0,0.0027614764
6204,MH-001_2022_R017_C015,MH-001,Gondkhari,2022,17,15,21.177289,78.916773,MH-001_C2,train,cnn_test,1,0,0,0.048413627
6205,MH-001_2022_R017_C016,MH-001,Gondkhari,2022,17,16,21.177289,78.917043,MH-001_C2,train,cnn_test,1,0,1,0.27457988
6206,MH-001_2022_R017_C017,MH-001,Gondkhari,2022,17,17,21.177289,78.917312,MH-001_C2,train,cnn_test,0,0,1,0.24498807
6207,MH-001_2022_R017_C018,MH-001,Gondkhari,2022,17,18,21.177289,78.917582,MH-001_C2,train,cnn_test,1,0,1,0.22372308
6208,MH-001_2022_R017_C019,MH-001,Gondkhari,2022,17,19,21.177289,78.917851,MH-001_C2,train,cnn_test,1,0,1,0.1898791
6209,MH-001_2022_R017_C020,MH-001,Gondkhari,2022,17,20,21.177289,78.918121,MH-001_C2,train,cnn_test,0,0,1,0.11320649
6210,MH-001_2022_R017_C021,MH-001,Gondkhari,2022,17,21,21.177289,78.91839,MH-001_C3,train,cnn_test,2,1,1,0.10329734
6211,MH-001_2022_R017_C022,MH-001,Gondkhari,2022,17,22,21.177289,78.91866,MH-001_C3,train,cnn_test,0,0,0,0.0666009
6212,MH-001_2022_R017_C023,MH-001,Gondkhari,2022,17,23,21.177289,78.918929,MH-001_C3,train,cnn_test,1,0,1,0.37260082
6213,MH-001_2022_R017_C024,MH-001,Gondkhari,2022,17,24,21.177289,78.919199,MH-001_C3,train,cnn_test,1,0,1,0.5187272
6214,MH-001_2022_R017_C025,MH-001,Gondkhari,2022,17,25,21.177289,78.919468,MH-001_C3,train,cnn_test,1,0,1,0.6207926
6215,MH-001_2022_R017_C026,MH-001,Gondkhari,2022,17,26,21.177289,78.919738,MH-001_C3,train,cnn_test,1,0,1,0.6377061
6216,MH-001_2022_R017_C027,MH-001,Gondkhari,2022,17,27,21.177289,78.920007,MH-001_C4,train,cnn_test,1,0,1,0.72402805
6217,MH-001_2022_R017_C028,MH-001,Gondkhari,2022,17,28,21.177289,78.920277,MH-001_C4,train,cnn_test,0,0,1,0.3603329
6218,MH-001_2022_R017_C029,MH-001,Gondkhari,2022,17,29,21.177289,78.920546,MH-001_C4,train,cnn_test,0,0,1,0.19711463
6219,MH-001_2022_R017_C031,MH-001,Gondkhari,2022,17,31,21.177289,78.921085,MH-001_C4,train,cnn_test,1,0,1,0.1849306
6220,MH-001_2022_R017_C032,MH-001,Gondkhari,2022,17,32,21.177289,78.921355,MH-001_C4,train,cnn_test,1,0,0,0.06876962
6221,MH-001_2022_R017_C033,MH-001,Gondkhari,2022,17,33,21.177289,78.921624,MH-001_C5,train,cnn_test,0,0,1,0.12550706
6222,MH-001_2022_R017_C034,MH-001,Gondkhari,2022,17,34,21.177289,78.921894,MH-001_C5,train,cnn_test,0,0,1,0.17514472
6223,MH-001_2022_R017_C035,MH-001,Gondkhari,2022,17,35,21.177289,78.922163,MH-001_C5,train,cnn_test,1,0,1,0.44170737
6224,MH-001_2022_R017_C036,MH-001,Gondkhari,2022,17,36,21.177289,78.922433,MH-001_C5,train,cnn_test,1,0,1,0.18654823
6225,MH-001_2022_R017_C037,MH-001,Gondkhari,2022,17,37,21.177289,78.922702,MH-001_C5,train,cnn_test,1,0,1,0.49254796
6226,MH-001_2022_R017_C038,MH-001,Gondkhari,2022,17,38,21.177289,78.922972,MH-001_C5,train,cnn_test,2,1,1,0.4303013
6227,MH-001_2022_R017_C039,MH-001,Gondkhari,2022,17,39,21.177289,78.923241,MH-001_C5,train,cnn_test,1,0,1,0.87647396
6228,MH-001_2022_R017_C040,MH-001,Gondkhari,2022,17,40,21.177289,78.92351,MH-001_C6,train,cnn_test,0,0,1,0.878233
6229,MH-001_2022_R017_C041,MH-001,Gondkhari,2022,17,41,21.177289,78.92378,MH-001_C6,train,cnn_test,0,0,1,0.9120426
6230,MH-001_2022_R017_C042,MH-001,Gondkhari,2022,17,42,21.177289,78.924049,MH-001_C6,train,cnn_test,0,0,1,0.9024119
6231,MH-001_2022_R017_C043,MH-001,Gondkhari,2022,17,43,21.177289,78.924319,MH-001_C6,train,cnn_test,0,0,1,0.9195631
6232,MH-001_2022_R017_C044,MH-001,Gondkhari,2022,17,44,21.177289,78.924588,MH-001_C6,train,cnn_test,0,0,1,0.93373394
6233,MH-001_2022_R017_C045,MH-001,Gondkhari,2022,17,45,21.177289,78.924858,MH-001_C6,train,cnn_test,2,1,1,0.9304006
6234,MH-001_2022_R017_C046,MH-001,Gondkhari,2022,17,46,21.177289,78.925127,MH-001_C7,train,cnn_test,2,1,1,0.86992323
6235,MH-001_2022_R017_C047,MH-001,Gondkhari,2022,17,47,21.177289,78.925397,MH-001_C7,train,cnn_test,0,0,1,0.9309565
6236,MH-001_2022_R017_C048,MH-001,Gondkhari,2022,17,48,21.177289,78.925666,MH-001_C7,train,cnn_test,1,0,1,0.80931437
6237,MH-001_2022_R017_C049,MH-001,Gondkhari,2022,17,49,21.177289,78.925936,MH-001_C7,train,cnn_test,0,0,1,0.81043917
6238,MH-001_2022_R017_C050,MH-001,Gondkhari,2022,17,50,21.177289,78.926205,MH-001_C7,train,cnn_test,0,0,1,0.66556054
6239,MH-001_2022_R017_C051,MH-001,Gondkhari,2022,17,51,21.177289,78.926475,MH-001_C7,train,cnn_test,0,0,1,0.7436556
6240,MH-001_2022_R018_C007,MH-001,Gondkhari,2022,18,7,21.177019,78.914617,MH-001_C0,train,cnn_test,0,0,1,0.25333914
6241,MH-001_2022_R018_C008,MH-001,Gondkhari,2022,18,8,21.177019,78.914887,MH-001_C1,train,cnn_test,0,0,1,0.10340356
6242,MH-001_2022_R018_C009,MH-001,Gondkhari,2022,18,9,21.177019,78.915156,MH-001_C1,train,cnn_test,0,0,0,0.024574503
6243,MH-001_2022_R018_C010,MH-001,Gondkhari,2022,18,10,21.177019,78.915426,MH-001_C1,train,cnn_test,1,0,0,0.021696355
6244,MH-001_2022_R018_C011,MH-001,Gondkhari,2022,18,11,21.177019,78.915695,MH-001_C1,train,cnn_test,2,1,0,0.042014718
6245,MH-001_2022_R018_C012,MH-001,Gondkhari,2022,18,12,21.177019,78.915965,MH-001_C1,train,cnn_test,0,0,0,0.015304715
6246,MH-001_2022_R018_C013,MH-001,Gondkhari,2022,18,13,21.177019,78.916234,MH-001_C1,train,cnn_test,1,0,0,0.0023562473
6247,MH-001_2022_R018_C014,MH-001,Gondkhari,2022,18,14,21.177019,78.916504,MH-001_C2,train,cnn_test,2,1,0,0.008746955
6248,MH-001_2022_R018_C015,MH-001,Gondkhari,2022,18,15,21.177019,78.916773,MH-001_C2,train,cnn_test,1,0,0,0.052728046
6249,MH-001_2022_R018_C016,MH-001,Gondkhari,2022,18,16,21.177019,78.917043,MH-001_C2,train,cnn_test,1,0,1,0.40255907
6250,MH-001_2022_R018_C017,MH-001,Gondkhari,2022,18,17,21.177019,78.917312,MH-001_C2,train,cnn_test,0,0,1,0.36032122
6251,MH-001_2022_R018_C019,MH-001,Gondkhari,2022,18,19,21.177019,78.917851,MH-001_C2,train,cnn_test,1,0,1,0.3307129
6252,MH-001_2022_R018_C020,MH-001,Gondkhari,2022,18,20,21.177019,78.918121,MH-001_C2,train,cnn_test,0,0,1,0.20219997
6253,MH-001_2022_R018_C021,MH-001,Gondkhari,2022,18,21,21.177019,78.91839,MH-001_C3,train,cnn_test,1,0,1,0.111593805
6254,MH-001_2022_R018_C022,MH-001,Gondkhari,2022,18,22,21.177019,78.91866,MH-001_C3,train,cnn_test,0,0,0,0.047957342
6255,MH-001_2022_R018_C023,MH-001,Gondkhari,2022,18,23,21.177019,78.918929,MH-001_C3,train,cnn_test,0,0,1,0.34444812
6256,MH-001_2022_R018_C024,MH-001,Gondkhari,2022,18,24,21.177019,78.919199,MH-001_C3,train,cnn_test,0,0,1,0.37050664
6257,MH-001_2022_R018_C025,MH-001,Gondkhari,2022,18,25,21.177019,78.919468,MH-001_C3,train,cnn_test,0,0,1,0.55802137
6258,MH-001_2022_R018_C026,MH-001,Gondkhari,2022,18,26,21.177019,78.919738,MH-001_C3,train,cnn_test,0,0,1,0.5399785
6259,MH-001_2022_R018_C027,MH-001,Gondkhari,2022,18,27,21.177019,78.920007,MH-001_C4,train,cnn_test,0,0,1,0.57034034
6260,MH-001_2022_R018_C028,MH-001,Gondkhari,2022,18,28,21.177019,78.920277,MH-001_C4,train,cnn_test,0,0,1,0.2153879
6261,MH-001_2022_R018_C031,MH-001,Gondkhari,2022,18,31,21.177019,78.921085,MH-001_C4,train,cnn_test,1,0,1,0.21755344
6262,MH-001_2022_R018_C032,MH-001,Gondkhari,2022,18,32,21.177019,78.921355,MH-001_C4,train,cnn_test,0,0,1,0.12540668
6263,MH-001_2022_R018_C033,MH-001,Gondkhari,2022,18,33,21.177019,78.921624,MH-001_C5,train,cnn_test,0,0,1,0.26573282
6264,MH-001_2022_R018_C034,MH-001,Gondkhari,2022,18,34,21.177019,78.921894,MH-001_C5,train,cnn_test,0,0,1,0.23125243
6265,MH-001_2022_R018_C035,MH-001,Gondkhari,2022,18,35,21.177019,78.922163,MH-001_C5,train,cnn_test,0,0,1,0.27554753
6266,MH-001_2022_R018_C036,MH-001,Gondkhari,2022,18,36,21.177019,78.922433,MH-001_C5,train,cnn_test,0,0,1,0.19205624
6267,MH-001_2022_R018_C037,MH-001,Gondkhari,2022,18,37,21.177019,78.922702,MH-001_C5,train,cnn_test,0,0,1,0.29729843
6268,MH-001_2022_R018_C038,MH-001,Gondkhari,2022,18,38,21.177019,78.922972,MH-001_C5,train,cnn_test,0,0,1,0.34433654
6269,MH-001_2022_R018_C039,MH-001,Gondkhari,2022,18,39,21.177019,78.923241,MH-001_C5,train,cnn_test,0,0,1,0.62673706
6270,MH-001_2022_R018_C040,MH-001,Gondkhari,2022,18,40,21.177019,78.92351,MH-001_C6,train,cnn_test,2,1,1,0.6063184
6271,MH-001_2022_R018_C041,MH-001,Gondkhari,2022,18,41,21.177019,78.92378,MH-001_C6,train,cnn_test,2,1,1,0.80154926
6272,MH-001_2022_R018_C042,MH-001,Gondkhari,2022,18,42,21.177019,78.924049,MH-001_C6,train,cnn_test,1,0,1,0.8032998
6273,MH-001_2022_R018_C043,MH-001,Gondkhari,2022,18,43,21.177019,78.924319,MH-001_C6,train,cnn_test,0,0,1,0.8581982
6274,MH-001_2022_R018_C044,MH-001,Gondkhari,2022,18,44,21.177019,78.924588,MH-001_C6,train,cnn_test,1,0,1,0.8985715
6275,MH-001_2022_R018_C045,MH-001,Gondkhari,2022,18,45,21.177019,78.924858,MH-001_C6,train,cnn_test,1,0,1,0.9441679
6276,MH-001_2022_R018_C046,MH-001,Gondkhari,2022,18,46,21.177019,78.925127,MH-001_C7,train,cnn_test,2,1,1,0.8182738
6277,MH-001_2022_R018_C047,MH-001,Gondkhari,2022,18,47,21.177019,78.925397,MH-001_C7,train,cnn_test,1,0,1,0.8970645
6278,MH-001_2022_R018_C048,MH-001,Gondkhari,2022,18,48,21.177019,78.925666,MH-001_C7,train,cnn_test,1,0,1,0.35570687
6279,MH-001_2022_R018_C049,MH-001,Gondkhari,2022,18,49,21.177019,78.925936,MH-001_C7,train,cnn_test,0,0,1,0.3272775
6280,MH-001_2022_R018_C050,MH-001,Gondkhari,2022,18,50,21.177019,78.926205,MH-001_C7,train,cnn_test,0,0,1,0.26372308
6281,MH-001_2022_R018_C051,MH-001,Gondkhari,2022,18,51,21.177019,78.926475,MH-001_C7,train,cnn_test,0,0,1,0.31953886
6282,MH-001_2022_R019_C008,MH-001,Gondkhari,2022,19,8,21.17675,78.914887,MH-001_C1,train,cnn_test,0,0,1,0.103125736
6283,MH-001_2022_R019_C009,MH-001,Gondkhari,2022,19,9,21.17675,78.915156,MH-001_C1,train,cnn_test,1,0,0,0.08088067
6284,MH-001_2022_R019_C010,MH-001,Gondkhari,2022,19,10,21.17675,78.915426,MH-001_C1,train,cnn_test,0,0,0,0.04994576
6285,MH-001_2022_R019_C011,MH-001,Gondkhari,2022,19,11,21.17675,78.915695,MH-001_C1,train,cnn_test,1,0,1,0.123633236
6286,MH-001_2022_R019_C012,MH-001,Gondkhari,2022,19,12,21.17675,78.915965,MH-001_C1,train,cnn_test,1,0,0,0.011270096
6287,MH-001_2022_R019_C013,MH-001,Gondkhari,2022,19,13,21.17675,78.916234,MH-001_C1,train,cnn_test,1,0,0,0.01395136
6288,MH-001_2022_R019_C014,MH-001,Gondkhari,2022,19,14,21.17675,78.916504,MH-001_C2,train,cnn_test,1,0,0,0.012105495
6289,MH-001_2022_R019_C015,MH-001,Gondkhari,2022,19,15,21.17675,78.916773,MH-001_C2,train,cnn_test,1,0,1,0.17330146
6290,MH-001_2022_R019_C016,MH-001,Gondkhari,2022,19,16,21.17675,78.917043,MH-001_C2,train,cnn_test,1,0,1,0.5477852
6291,MH-001_2022_R019_C018,MH-001,Gondkhari,2022,19,18,21.17675,78.917582,MH-001_C2,train,cnn_test,0,0,1,0.35094604
6292,MH-001_2022_R019_C019,MH-001,Gondkhari,2022,19,19,21.17675,78.917851,MH-001_C2,train,cnn_test,0,0,1,0.41538173
6293,MH-001_2022_R019_C020,MH-001,Gondkhari,2022,19,20,21.17675,78.918121,MH-001_C2,train,cnn_test,0,0,1,0.23226716
6294,MH-001_2022_R019_C021,MH-001,Gondkhari,2022,19,21,21.17675,78.91839,MH-001_C3,train,cnn_test,1,0,1,0.13387492
6295,MH-001_2022_R019_C022,MH-001,Gondkhari,2022,19,22,21.17675,78.91866,MH-001_C3,train,cnn_test,0,0,0,0.030396292
6296,MH-001_2022_R019_C023,MH-001,Gondkhari,2022,19,23,21.17675,78.918929,MH-001_C3,train,cnn_test,0,0,1,0.18643725
6297,MH-001_2022_R019_C024,MH-001,Gondkhari,2022,19,24,21.17675,78.919199,MH-001_C3,train,cnn_test,0,0,1,0.45629573
6298,MH-001_2022_R019_C025,MH-001,Gondkhari,2022,19,25,21.17675,78.919468,MH-001_C3,train,cnn_test,1,0,1,0.62839407
6299,MH-001_2022_R019_C026,MH-001,Gondkhari,2022,19,26,21.17675,78.919738,MH-001_C3,train,cnn_test,0,0,1,0.538856
6300,MH-001_2022_R019_C027,MH-001,Gondkhari,2022,19,27,21.17675,78.920007,MH-001_C4,train,cnn_test,0,0,1,0.6875507
6301,MH-001_2022_R019_C032,MH-001,Gondkhari,2022,19,32,21.17675,78.921355,MH-001_C4,train,cnn_test,1,0,1,0.2527443
6302,MH-001_2022_R019_C033,MH-001,Gondkhari,2022,19,33,21.17675,78.921624,MH-001_C5,train,cnn_test,0,0,1,0.3658594
6303,MH-001_2022_R019_C034,MH-001,Gondkhari,2022,19,34,21.17675,78.921894,MH-001_C5,train,cnn_test,0,0,1,0.42297426
6304,MH-001_2022_R019_C035,MH-001,Gondkhari,2022,19,35,21.17675,78.922163,MH-001_C5,train,cnn_test,0,0,1,0.37220424
6305,MH-001_2022_R019_C036,MH-001,Gondkhari,2022,19,36,21.17675,78.922433,MH-001_C5,train,cnn_test,1,0,1,0.14902803
6306,MH-001_2022_R019_C037,MH-001,Gondkhari,2022,19,37,21.17675,78.922702,MH-001_C5,train,cnn_test,1,0,1,0.301429
6307,MH-001_2022_R019_C038,MH-001,Gondkhari,2022,19,38,21.17675,78.922972,MH-001_C5,train,cnn_test,2,1,1,0.24304216
6308,MH-001_2022_R019_C039,MH-001,Gondkhari,2022,19,39,21.17675,78.923241,MH-001_C5,train,cnn_test,2,1,1,0.29710886
6309,MH-001_2022_R019_C040,MH-001,Gondkhari,2022,19,40,21.17675,78.92351,MH-001_C6,train,cnn_test,2,1,1,0.4625198
6310,MH-001_2022_R019_C041,MH-001,Gondkhari,2022,19,41,21.17675,78.92378,MH-001_C6,train,cnn_test,2,1,1,0.5873948
6311,MH-001_2022_R019_C042,MH-001,Gondkhari,2022,19,42,21.17675,78.924049,MH-001_C6,train,cnn_test,2,1,1,0.52559996
6312,MH-001_2022_R019_C043,MH-001,Gondkhari,2022,19,43,21.17675,78.924319,MH-001_C6,train,cnn_test,1,0,1,0.6044254
6313,MH-001_2022_R019_C044,MH-001,Gondkhari,2022,19,44,21.17675,78.924588,MH-001_C6,train,cnn_test,1,0,1,0.80645597
6314,MH-001_2022_R019_C045,MH-001,Gondkhari,2022,19,45,21.17675,78.924858,MH-001_C6,train,cnn_test,0,0,1,0.8660666
6315,MH-001_2022_R019_C046,MH-001,Gondkhari,2022,19,46,21.17675,78.925127,MH-001_C7,train,cnn_test,0,0,1,0.7102809
6316,MH-001_2022_R019_C047,MH-001,Gondkhari,2022,19,47,21.17675,78.925397,MH-001_C7,train,cnn_test,1,0,1,0.6754201
6317,MH-001_2022_R019_C050,MH-001,Gondkhari,2022,19,50,21.17675,78.926205,MH-001_C7,train,cnn_test,0,0,1,0.25346363
6318,MH-001_2022_R020_C008,MH-001,Gondkhari,2022,20,8,21.17648,78.914887,MH-001_C1,train,cnn_test,0,0,1,0.39734626
6319,MH-001_2022_R020_C009,MH-001,Gondkhari,2022,20,9,21.17648,78.915156,MH-001_C1,train,cnn_test,0,0,1,0.19080365
6320,MH-001_2022_R020_C010,MH-001,Gondkhari,2022,20,10,21.17648,78.915426,MH-001_C1,train,cnn_test,0,0,1,0.1391473
6321,MH-001_2022_R020_C011,MH-001,Gondkhari,2022,20,11,21.17648,78.915695,MH-001_C1,train,cnn_test,1,0,1,0.10463337
6322,MH-001_2022_R020_C012,MH-001,Gondkhari,2022,20,12,21.17648,78.915965,MH-001_C1,train,cnn_test,1,0,0,0.0063826516
6323,MH-001_2022_R020_C013,MH-001,Gondkhari,2022,20,13,21.17648,78.916234,MH-001_C1,train,cnn_test,1,0,0,0.004088827
6324,MH-001_2022_R020_C014,MH-001,Gondkhari,2022,20,14,21.17648,78.916504,MH-001_C2,train,cnn_test,1,0,0,0.0073584
6325,MH-001_2022_R020_C015,MH-001,Gondkhari,2022,20,15,21.17648,78.916773,MH-001_C2,train,cnn_test,1,0,0,0.07758151
6326,MH-001_2022_R020_C016,MH-001,Gondkhari,2022,20,16,21.17648,78.917043,MH-001_C2,train,cnn_test,1,0,1,0.614079
6327,MH-001_2022_R020_C018,MH-001,Gondkhari,2022,20,18,21.17648,78.917582,MH-001_C2,train,cnn_test,1,0,1,0.4689605
6328,MH-001_2022_R020_C019,MH-001,Gondkhari,2022,20,19,21.17648,78.917851,MH-001_C2,train,cnn_test,0,0,1,0.32493553
6329,MH-001_2022_R020_C020,MH-001,Gondkhari,2022,20,20,21.17648,78.918121,MH-001_C2,train,cnn_test,1,0,1,0.2664693
6330,MH-001_2022_R020_C021,MH-001,Gondkhari,2022,20,21,21.17648,78.91839,MH-001_C3,train,cnn_test,1,0,0,0.081798635
6331,MH-001_2022_R020_C022,MH-001,Gondkhari,2022,20,22,21.17648,78.91866,MH-001_C3,train,cnn_test,0,0,0,0.050072394
6332,MH-001_2022_R020_C023,MH-001,Gondkhari,2022,20,23,21.17648,78.918929,MH-001_C3,train,cnn_test,0,0,1,0.48460895
6333,MH-001_2022_R020_C024,MH-001,Gondkhari,2022,20,24,21.17648,78.919199,MH-001_C3,train,cnn_test,1,0,1,0.6305721
6334,MH-001_2022_R020_C025,MH-001,Gondkhari,2022,20,25,21.17648,78.919468,MH-001_C3,train,cnn_test,1,0,1,0.8185017
6335,MH-001_2022_R020_C026,MH-001,Gondkhari,2022,20,26,21.17648,78.919738,MH-001_C3,train,cnn_test,1,0,1,0.8535623
6336,MH-001_2022_R020_C027,MH-001,Gondkhari,2022,20,27,21.17648,78.920007,MH-001_C4,train,cnn_test,1,0,1,0.90287685
6337,MH-001_2022_R020_C030,MH-001,Gondkhari,2022,20,30,21.17648,78.920816,MH-001_C4,train,cnn_test,1,0,1,0.76737756
6338,MH-001_2022_R020_C031,MH-001,Gondkhari,2022,20,31,21.17648,78.921085,MH-001_C4,train,cnn_test,0,0,1,0.8499982
6339,MH-001_2022_R020_C037,MH-001,Gondkhari,2022,20,37,21.17648,78.922702,MH-001_C5,train,cnn_test,0,0,1,0.3838601
6340,MH-001_2022_R020_C038,MH-001,Gondkhari,2022,20,38,21.17648,78.922972,MH-001_C5,train,cnn_test,1,0,1,0.49541134
6341,MH-001_2022_R020_C039,MH-001,Gondkhari,2022,20,39,21.17648,78.923241,MH-001_C5,train,cnn_test,2,1,1,0.2582925
6342,MH-001_2022_R020_C040,MH-001,Gondkhari,2022,20,40,21.17648,78.92351,MH-001_C6,train,cnn_test,3,1,1,0.32729223
6343,MH-001_2022_R020_C041,MH-001,Gondkhari,2022,20,41,21.17648,78.92378,MH-001_C6,train,cnn_test,3,1,1,0.4451053
6344,MH-001_2022_R020_C042,MH-001,Gondkhari,2022,20,42,21.17648,78.924049,MH-001_C6,train,cnn_test,1,0,1,0.6821976
6345,MH-001_2022_R020_C043,MH-001,Gondkhari,2022,20,43,21.17648,78.924319,MH-001_C6,train,cnn_test,1,0,1,0.63169867
6346,MH-001_2022_R020_C044,MH-001,Gondkhari,2022,20,44,21.17648,78.924588,MH-001_C6,train,cnn_test,1,0,1,0.85027707
6347,MH-001_2022_R020_C045,MH-001,Gondkhari,2022,20,45,21.17648,78.924858,MH-001_C6,train,cnn_test,0,0,1,0.92824954
6348,MH-001_2022_R020_C046,MH-001,Gondkhari,2022,20,46,21.17648,78.925127,MH-001_C7,train,cnn_test,0,0,1,0.6252174
6349,MH-001_2022_R020_C047,MH-001,Gondkhari,2022,20,47,21.17648,78.925397,MH-001_C7,train,cnn_test,1,0,1,0.84521246
6350,MH-001_2022_R020_C049,MH-001,Gondkhari,2022,20,49,21.17648,78.925936,MH-001_C7,train,cnn_test,0,0,1,0.51510334
6351,MH-001_2022_R020_C050,MH-001,Gondkhari,2022,20,50,21.17648,78.926205,MH-001_C7,train,cnn_test,0,0,1,0.7625491
6352,MH-001_2022_R020_C051,MH-001,Gondkhari,2022,20,51,21.17648,78.926475,MH-001_C7,train,cnn_test,0,0,1,0.8310403
6353,MH-001_2022_R021_C009,MH-001,Gondkhari,2022,21,9,21.176211,78.915156,MH-001_C1,train,cnn_test,0,0,1,0.68330324
6354,MH-001_2022_R021_C010,MH-001,Gondkhari,2022,21,10,21.176211,78.915426,MH-001_C1,train,cnn_test,0,0,1,0.50907296
6355,MH-001_2022_R021_C011,MH-001,Gondkhari,2022,21,11,21.176211,78.915695,MH-001_C1,train,cnn_test,0,0,1,0.3080439
6356,MH-001_2022_R021_C012,MH-001,Gondkhari,2022,21,12,21.176211,78.915965,MH-001_C1,train,cnn_test,0,0,0,0.013037162
6357,MH-001_2022_R021_C013,MH-001,Gondkhari,2022,21,13,21.176211,78.916234,MH-001_C1,train,cnn_test,1,0,0,0.029469179
6358,MH-001_2022_R021_C014,MH-001,Gondkhari,2022,21,14,21.176211,78.916504,MH-001_C2,train,cnn_test,1,0,0,0.01794134
6359,MH-001_2022_R021_C015,MH-001,Gondkhari,2022,21,15,21.176211,78.916773,MH-001_C2,train,cnn_test,1,0,1,0.25712103
6360,MH-001_2022_R021_C016,MH-001,Gondkhari,2022,21,16,21.176211,78.917043,MH-001_C2,train,cnn_test,1,0,1,0.618071
6361,MH-001_2022_R021_C017,MH-001,Gondkhari,2022,21,17,21.176211,78.917312,MH-001_C2,train,cnn_test,0,0,1,0.62912375
6362,MH-001_2022_R021_C018,MH-001,Gondkhari,2022,21,18,21.176211,78.917582,MH-001_C2,train,cnn_test,0,0,1,0.48350576
6363,MH-001_2022_R021_C019,MH-001,Gondkhari,2022,21,19,21.176211,78.917851,MH-001_C2,train,cnn_test,0,0,1,0.52155733
6364,MH-001_2022_R021_C020,MH-001,Gondkhari,2022,21,20,21.176211,78.918121,MH-001_C2,train,cnn_test,1,0,1,0.3815597
6365,MH-001_2022_R021_C021,MH-001,Gondkhari,2022,21,21,21.176211,78.91839,MH-001_C3,train,cnn_test,1,0,1,0.24227273
6366,MH-001_2022_R021_C022,MH-001,Gondkhari,2022,21,22,21.176211,78.91866,MH-001_C3,train,cnn_test,1,0,1,0.11513402
6367,MH-001_2022_R021_C023,MH-001,Gondkhari,2022,21,23,21.176211,78.918929,MH-001_C3,train,cnn_test,1,0,1,0.47077534
6368,MH-001_2022_R021_C024,MH-001,Gondkhari,2022,21,24,21.176211,78.919199,MH-001_C3,train,cnn_test,1,0,1,0.7568853
6369,MH-001_2022_R021_C025,MH-001,Gondkhari,2022,21,25,21.176211,78.919468,MH-001_C3,train,cnn_test,1,0,1,0.80605793
6370,MH-001_2022_R021_C026,MH-001,Gondkhari,2022,21,26,21.176211,78.919738,MH-001_C3,train,cnn_test,1,0,1,0.8262099
6371,MH-001_2022_R021_C027,MH-001,Gondkhari,2022,21,27,21.176211,78.920007,MH-001_C4,train,cnn_test,1,0,1,0.8665654
6372,MH-001_2022_R021_C029,MH-001,Gondkhari,2022,21,29,21.176211,78.920546,MH-001_C4,train,cnn_test,2,1,1,0.38218135
6373,MH-001_2022_R021_C030,MH-001,Gondkhari,2022,21,30,21.176211,78.920816,MH-001_C4,train,cnn_test,2,1,1,0.32173806
6374,MH-001_2022_R021_C031,MH-001,Gondkhari,2022,21,31,21.176211,78.921085,MH-001_C4,train,cnn_test,1,0,1,0.53963923
6375,MH-001_2022_R021_C032,MH-001,Gondkhari,2022,21,32,21.176211,78.921355,MH-001_C4,train,cnn_test,1,0,1,0.70812595
6376,MH-001_2022_R021_C033,MH-001,Gondkhari,2022,21,33,21.176211,78.921624,MH-001_C5,train,cnn_test,0,0,1,0.80455583
6377,MH-001_2022_R021_C036,MH-001,Gondkhari,2022,21,36,21.176211,78.922433,MH-001_C5,train,cnn_test,1,0,1,0.51775914
6378,MH-001_2022_R021_C038,MH-001,Gondkhari,2022,21,38,21.176211,78.922972,MH-001_C5,train,cnn_test,2,1,1,0.5410011
6379,MH-001_2022_R021_C039,MH-001,Gondkhari,2022,21,39,21.176211,78.923241,MH-001_C5,train,cnn_test,2,1,1,0.4567644
6380,MH-001_2022_R021_C040,MH-001,Gondkhari,2022,21,40,21.176211,78.92351,MH-001_C6,train,cnn_test,3,1,1,0.58586407
6381,MH-001_2022_R021_C041,MH-001,Gondkhari,2022,21,41,21.176211,78.92378,MH-001_C6,train,cnn_test,3,1,1,0.7557551
6382,MH-001_2022_R021_C042,MH-001,Gondkhari,2022,21,42,21.176211,78.924049,MH-001_C6,train,cnn_test,2,1,1,0.67522067
6383,MH-001_2022_R021_C043,MH-001,Gondkhari,2022,21,43,21.176211,78.924319,MH-001_C6,train,cnn_test,1,0,1,0.66327304
6384,MH-001_2022_R021_C044,MH-001,Gondkhari,2022,21,44,21.176211,78.924588,MH-001_C6,train,cnn_test,1,0,1,0.84100276
6385,MH-001_2022_R021_C045,MH-001,Gondkhari,2022,21,45,21.176211,78.924858,MH-001_C6,train,cnn_test,0,0,1,0.8433351
6386,MH-001_2022_R021_C046,MH-001,Gondkhari,2022,21,46,21.176211,78.925127,MH-001_C7,train,cnn_test,0,0,1,0.56752187
6387,MH-001_2022_R021_C047,MH-001,Gondkhari,2022,21,47,21.176211,78.925397,MH-001_C7,train,cnn_test,1,0,1,0.6682024
6388,MH-001_2022_R021_C049,MH-001,Gondkhari,2022,21,49,21.176211,78.925936,MH-001_C7,train,cnn_test,0,0,1,0.3762141
6389,MH-001_2022_R021_C050,MH-001,Gondkhari,2022,21,50,21.176211,78.926205,MH-001_C7,train,cnn_test,0,0,1,0.54312575
6390,MH-001_2022_R021_C051,MH-001,Gondkhari,2022,21,51,21.176211,78.926475,MH-001_C7,train,cnn_test,0,0,1,0.8813476
6391,MH-001_2022_R022_C010,MH-001,Gondkhari,2022,22,10,21.175941,78.915426,MH-001_C1,train,cnn_test,0,0,1,0.25440538
6392,MH-001_2022_R022_C011,MH-001,Gondkhari,2022,22,11,21.175941,78.915695,MH-001_C1,train,cnn_test,1,0,0,0.08063132
6393,MH-001_2022_R022_C012,MH-001,Gondkhari,2022,22,12,21.175941,78.915965,MH-001_C1,train,cnn_test,1,0,0,0.0018689665
6394,MH-001_2022_R022_C013,MH-001,Gondkhari,2022,22,13,21.175941,78.916234,MH-001_C1,train,cnn_test,1,0,0,0.0067924405
6395,MH-001_2022_R022_C014,MH-001,Gondkhari,2022,22,14,21.175941,78.916504,MH-001_C2,train,cnn_test,1,0,0,0.0016361184
6396,MH-001_2022_R022_C015,MH-001,Gondkhari,2022,22,15,21.175941,78.916773,MH-001_C2,train,cnn_test,0,0,0,0.019955955
6397,MH-001_2022_R022_C016,MH-001,Gondkhari,2022,22,16,21.175941,78.917043,MH-001_C2,train,cnn_test,0,0,0,0.080520354
6398,MH-001_2022_R022_C017,MH-001,Gondkhari,2022,22,17,21.175941,78.917312,MH-001_C2,train,cnn_test,0,0,0,0.08431024
6399,MH-001_2022_R022_C019,MH-001,Gondkhari,2022,22,19,21.175941,78.917851,MH-001_C2,train,cnn_test,0,0,1,0.13268787
6400,MH-001_2022_R022_C020,MH-001,Gondkhari,2022,22,20,21.175941,78.918121,MH-001_C2,train,cnn_test,0,0,0,0.057761606
6401,MH-001_2022_R022_C021,MH-001,Gondkhari,2022,22,21,21.175941,78.91839,MH-001_C3,train,cnn_test,1,0,0,0.0328147
6402,MH-001_2022_R022_C022,MH-001,Gondkhari,2022,22,22,21.175941,78.91866,MH-001_C3,train,cnn_test,1,0,0,0.016002433
6403,MH-001_2022_R022_C023,MH-001,Gondkhari,2022,22,23,21.175941,78.918929,MH-001_C3,train,cnn_test,0,0,1,0.282743
6404,MH-001_2022_R022_C024,MH-001,Gondkhari,2022,22,24,21.175941,78.919199,MH-001_C3,train,cnn_test,0,0,1,0.3672164
6405,MH-001_2022_R022_C025,MH-001,Gondkhari,2022,22,25,21.175941,78.919468,MH-001_C3,train,cnn_test,0,0,1,0.72681385
6406,MH-001_2022_R022_C026,MH-001,Gondkhari,2022,22,26,21.175941,78.919738,MH-001_C3,train,cnn_test,1,0,1,0.8171895
6407,MH-001_2022_R022_C027,MH-001,Gondkhari,2022,22,27,21.175941,78.920007,MH-001_C4,train,cnn_test,1,0,1,0.9055726
6408,MH-001_2022_R022_C028,MH-001,Gondkhari,2022,22,28,21.175941,78.920277,MH-001_C4,train,cnn_test,0,0,1,0.723142
6409,MH-001_2022_R022_C029,MH-001,Gondkhari,2022,22,29,21.175941,78.920546,MH-001_C4,train,cnn_test,2,1,1,0.3755429
6410,MH-001_2022_R022_C030,MH-001,Gondkhari,2022,22,30,21.175941,78.920816,MH-001_C4,train,cnn_test,2,1,1,0.42470416
6411,MH-001_2022_R022_C031,MH-001,Gondkhari,2022,22,31,21.175941,78.921085,MH-001_C4,train,cnn_test,0,0,1,0.75029874
6412,MH-001_2022_R022_C032,MH-001,Gondkhari,2022,22,32,21.175941,78.921355,MH-001_C4,train,cnn_test,1,0,1,0.8467791
6413,MH-001_2022_R022_C033,MH-001,Gondkhari,2022,22,33,21.175941,78.921624,MH-001_C5,train,cnn_test,0,0,1,0.90711886
6414,MH-001_2022_R022_C034,MH-001,Gondkhari,2022,22,34,21.175941,78.921894,MH-001_C5,train,cnn_test,0,0,1,0.9052294
6415,MH-001_2022_R022_C038,MH-001,Gondkhari,2022,22,38,21.175941,78.922972,MH-001_C5,train,cnn_test,2,1,1,0.8005873
6416,MH-001_2022_R022_C039,MH-001,Gondkhari,2022,22,39,21.175941,78.923241,MH-001_C5,train,cnn_test,2,1,1,0.60897326
6417,MH-001_2022_R022_C040,MH-001,Gondkhari,2022,22,40,21.175941,78.92351,MH-001_C6,train,cnn_test,3,1,1,0.46741432
6418,MH-001_2022_R022_C041,MH-001,Gondkhari,2022,22,41,21.175941,78.92378,MH-001_C6,train,cnn_test,3,1,1,0.3014596
6419,MH-001_2022_R022_C042,MH-001,Gondkhari,2022,22,42,21.175941,78.924049,MH-001_C6,train,cnn_test,1,0,1,0.5069575
6420,MH-001_2022_R022_C043,MH-001,Gondkhari,2022,22,43,21.175941,78.924319,MH-001_C6,train,cnn_test,1,0,1,0.2722932
6421,MH-001_2022_R022_C044,MH-001,Gondkhari,2022,22,44,21.175941,78.924588,MH-001_C6,train,cnn_test,1,0,1,0.6376046
6422,MH-001_2022_R022_C045,MH-001,Gondkhari,2022,22,45,21.175941,78.924858,MH-001_C6,train,cnn_test,1,0,1,0.5842272
6423,MH-001_2022_R022_C046,MH-001,Gondkhari,2022,22,46,21.175941,78.925127,MH-001_C7,train,cnn_test,0,0,0,0.05361186
6424,MH-001_2022_R022_C047,MH-001,Gondkhari,2022,22,47,21.175941,78.925397,MH-001_C7,train,cnn_test,1,0,1,0.13764058
6425,MH-001_2022_R022_C049,MH-001,Gondkhari,2022,22,49,21.175941,78.925936,MH-001_C7,train,cnn_test,1,0,0,0.030620921
6426,MH-001_2022_R022_C050,MH-001,Gondkhari,2022,22,50,21.175941,78.926205,MH-001_C7,train,cnn_test,0,0,0,0.07683218
6427,MH-001_2022_R022_C051,MH-001,Gondkhari,2022,22,51,21.175941,78.926475,MH-001_C7,train,cnn_test,0,0,1,0.20955381
6428,MH-001_2022_R023_C010,MH-001,Gondkhari,2022,23,10,21.175672,78.915426,MH-001_C1,train,cnn_test,0,0,1,0.76857144
6429,MH-001_2022_R023_C011,MH-001,Gondkhari,2022,23,11,21.175672,78.915695,MH-001_C1,train,cnn_test,1,0,1,0.2089205
6430,MH-001_2022_R023_C012,MH-001,Gondkhari,2022,23,12,21.175672,78.915965,MH-001_C1,train,cnn_test,2,1,0,0.009872391
6431,MH-001_2022_R023_C013,MH-001,Gondkhari,2022,23,13,21.175672,78.916234,MH-001_C1,train,cnn_test,2,1,0,0.014000098
6432,MH-001_2022_R023_C014,MH-001,Gondkhari,2022,23,14,21.175672,78.916504,MH-001_C2,train,cnn_test,2,1,0,0.005678019
6433,MH-001_2022_R023_C015,MH-001,Gondkhari,2022,23,15,21.175672,78.916773,MH-001_C2,train,cnn_test,2,1,0,0.038566433
6434,MH-001_2022_R023_C016,MH-001,Gondkhari,2022,23,16,21.175672,78.917043,MH-001_C2,train,cnn_test,2,1,1,0.1474449
6435,MH-001_2022_R023_C017,MH-001,Gondkhari,2022,23,17,21.175672,78.917312,MH-001_C2,train,cnn_test,2,1,1,0.20340823
6436,MH-001_2022_R023_C019,MH-001,Gondkhari,2022,23,19,21.175672,78.917851,MH-001_C2,train,cnn_test,1,0,1,0.18321355
6437,MH-001_2022_R023_C020,MH-001,Gondkhari,2022,23,20,21.175672,78.918121,MH-001_C2,train,cnn_test,1,0,1,0.11484236
6438,MH-001_2022_R023_C021,MH-001,Gondkhari,2022,23,21,21.175672,78.91839,MH-001_C3,train,cnn_test,1,0,0,0.09647168
6439,MH-001_2022_R023_C022,MH-001,Gondkhari,2022,23,22,21.175672,78.91866,MH-001_C3,train,cnn_test,0,0,0,0.01946854
6440,MH-001_2022_R023_C023,MH-001,Gondkhari,2022,23,23,21.175672,78.918929,MH-001_C3,train,cnn_test,0,0,1,0.19503139
6441,MH-001_2022_R023_C024,MH-001,Gondkhari,2022,23,24,21.175672,78.919199,MH-001_C3,train,cnn_test,0,0,1,0.507685
6442,MH-001_2022_R023_C025,MH-001,Gondkhari,2022,23,25,21.175672,78.919468,MH-001_C3,train,cnn_test,1,0,1,0.69747907
6443,MH-001_2022_R023_C026,MH-001,Gondkhari,2022,23,26,21.175672,78.919738,MH-001_C3,train,cnn_test,1,0,1,0.80604994
6444,MH-001_2022_R023_C027,MH-001,Gondkhari,2022,23,27,21.175672,78.920007,MH-001_C4,train,cnn_test,2,1,1,0.85989857
6445,MH-001_2022_R023_C028,MH-001,Gondkhari,2022,23,28,21.175672,78.920277,MH-001_C4,train,cnn_test,0,0,1,0.6771498
6446,MH-001_2022_R023_C029,MH-001,Gondkhari,2022,23,29,21.175672,78.920546,MH-001_C4,train,cnn_test,1,0,0,0.083530456
6447,MH-001_2022_R023_C030,MH-001,Gondkhari,2022,23,30,21.175672,78.920816,MH-001_C4,train,cnn_test,0,0,0,0.03148943
6448,MH-001_2022_R023_C031,MH-001,Gondkhari,2022,23,31,21.175672,78.921085,MH-001_C4,train,cnn_test,0,0,1,0.22716464
6449,MH-001_2022_R023_C032,MH-001,Gondkhari,2022,23,32,21.175672,78.921355,MH-001_C4,train,cnn_test,0,0,1,0.70059544
6450,MH-001_2022_R023_C033,MH-001,Gondkhari,2022,23,33,21.175672,78.921624,MH-001_C5,train,cnn_test,0,0,1,0.8560786
6451,MH-001_2022_R023_C034,MH-001,Gondkhari,2022,23,34,21.175672,78.921894,MH-001_C5,train,cnn_test,1,0,1,0.8762244
6452,MH-001_2022_R023_C037,MH-001,Gondkhari,2022,23,37,21.175672,78.922702,MH-001_C5,train,cnn_test,2,1,1,0.8074758
6453,MH-001_2022_R023_C038,MH-001,Gondkhari,2022,23,38,21.175672,78.922972,MH-001_C5,train,cnn_test,2,1,1,0.7890667
6454,MH-001_2022_R023_C039,MH-001,Gondkhari,2022,23,39,21.175672,78.923241,MH-001_C5,train,cnn_test,2,1,1,0.5067891
6455,MH-001_2022_R023_C040,MH-001,Gondkhari,2022,23,40,21.175672,78.92351,MH-001_C6,train,cnn_test,2,1,1,0.56052464
6456,MH-001_2022_R023_C041,MH-001,Gondkhari,2022,23,41,21.175672,78.92378,MH-001_C6,train,cnn_test,2,1,1,0.53324866
6457,MH-001_2022_R023_C042,MH-001,Gondkhari,2022,23,42,21.175672,78.924049,MH-001_C6,train,cnn_test,0,0,1,0.24927932
6458,MH-001_2022_R023_C043,MH-001,Gondkhari,2022,23,43,21.175672,78.924319,MH-001_C6,train,cnn_test,0,0,0,0.05544842
6459,MH-001_2022_R023_C044,MH-001,Gondkhari,2022,23,44,21.175672,78.924588,MH-001_C6,train,cnn_test,0,0,0,0.061273865
6460,MH-001_2022_R023_C045,MH-001,Gondkhari,2022,23,45,21.175672,78.924858,MH-001_C6,train,cnn_test,0,0,0,0.052881066
6461,MH-001_2022_R023_C046,MH-001,Gondkhari,2022,23,46,21.175672,78.925127,MH-001_C7,train,cnn_test,1,0,0,0.010263466
6462,MH-001_2022_R023_C047,MH-001,Gondkhari,2022,23,47,21.175672,78.925397,MH-001_C7,train,cnn_test,1,0,0,0.021176854
6463,MH-001_2022_R023_C048,MH-001,Gondkhari,2022,23,48,21.175672,78.925666,MH-001_C7,train,cnn_test,1,0,0,0.004053154
6464,MH-001_2022_R023_C051,MH-001,Gondkhari,2022,23,51,21.175672,78.926475,MH-001_C7,train,cnn_test,0,0,1,0.3275184
6465,MH-001_2022_R024_C010,MH-001,Gondkhari,2022,24,10,21.175402,78.915426,MH-001_C1,train,cnn_test,0,0,1,0.4329504
6466,MH-001_2022_R024_C011,MH-001,Gondkhari,2022,24,11,21.175402,78.915695,MH-001_C1,train,cnn_test,0,0,0,0.045843784
6467,MH-001_2022_R024_C012,MH-001,Gondkhari,2022,24,12,21.175402,78.915965,MH-001_C1,train,cnn_test,2,1,0,0.002008294
6468,MH-001_2022_R024_C013,MH-001,Gondkhari,2022,24,13,21.175402,78.916234,MH-001_C1,train,cnn_test,2,1,0,0.0027732817
6469,MH-001_2022_R024_C014,MH-001,Gondkhari,2022,24,14,21.175402,78.916504,MH-001_C2,train,cnn_test,2,1,0,0.0009772191
6470,MH-001_2022_R024_C015,MH-001,Gondkhari,2022,24,15,21.175402,78.916773,MH-001_C2,train,cnn_test,2,1,0,0.017190656
6471,MH-001_2022_R024_C017,MH-001,Gondkhari,2022,24,17,21.175402,78.917312,MH-001_C2,train,cnn_test,2,1,0,0.030552037
6472,MH-001_2022_R024_C018,MH-001,Gondkhari,2022,24,18,21.175402,78.917582,MH-001_C2,train,cnn_test,1,0,0,0.036037285
6473,MH-001_2022_R024_C019,MH-001,Gondkhari,2022,24,19,21.175402,78.917851,MH-001_C2,train,cnn_test,0,0,0,0.045097865
6474,MH-001_2022_R024_C020,MH-001,Gondkhari,2022,24,20,21.175402,78.918121,MH-001_C2,train,cnn_test,0,0,0,0.019214146
6475,MH-001_2022_R024_C021,MH-001,Gondkhari,2022,24,21,21.175402,78.91839,MH-001_C3,train,cnn_test,1,0,0,0.008436631
6476,MH-001_2022_R024_C022,MH-001,Gondkhari,2022,24,22,21.175402,78.91866,MH-001_C3,train,cnn_test,0,0,0,0.006228528
6477,MH-001_2022_R024_C023,MH-001,Gondkhari,2022,24,23,21.175402,78.918929,MH-001_C3,train,cnn_test,0,0,0,0.04161002
6478,MH-001_2022_R024_C024,MH-001,Gondkhari,2022,24,24,21.175402,78.919199,MH-001_C3,train,cnn_test,0,0,1,0.18777832
6479,MH-001_2022_R024_C025,MH-001,Gondkhari,2022,24,25,21.175402,78.919468,MH-001_C3,train,cnn_test,0,0,1,0.18221311
6480,MH-001_2022_R024_C026,MH-001,Gondkhari,2022,24,26,21.175402,78.919738,MH-001_C3,train,cnn_test,1,0,1,0.4766247
6481,MH-001_2022_R024_C027,MH-001,Gondkhari,2022,24,27,21.175402,78.920007,MH-001_C4,train,cnn_test,1,0,1,0.4907852
6482,MH-001_2022_R024_C028,MH-001,Gondkhari,2022,24,28,21.175402,78.920277,MH-001_C4,train,cnn_test,0,0,1,0.1445379
6483,MH-001_2022_R024_C029,MH-001,Gondkhari,2022,24,29,21.175402,78.920546,MH-001_C4,train,cnn_test,0,0,0,0.010773331
6484,MH-001_2022_R024_C030,MH-001,Gondkhari,2022,24,30,21.175402,78.920816,MH-001_C4,train,cnn_test,0,0,0,0.012119079
6485,MH-001_2022_R024_C031,MH-001,Gondkhari,2022,24,31,21.175402,78.921085,MH-001_C4,train,cnn_test,1,0,0,0.09132546
6486,MH-001_2022_R024_C032,MH-001,Gondkhari,2022,24,32,21.175402,78.921355,MH-001_C4,train,cnn_test,1,0,1,0.5549309
6487,MH-001_2022_R024_C033,MH-001,Gondkhari,2022,24,33,21.175402,78.921624,MH-001_C5,train,cnn_test,1,0,1,0.858901
6488,MH-001_2022_R024_C034,MH-001,Gondkhari,2022,24,34,21.175402,78.921894,MH-001_C5,train,cnn_test,0,0,1,0.8626586
6489,MH-001_2022_R024_C035,MH-001,Gondkhari,2022,24,35,21.175402,78.922163,MH-001_C5,train,cnn_test,0,0,1,0.77308017
6490,MH-001_2022_R024_C037,MH-001,Gondkhari,2022,24,37,21.175402,78.922702,MH-001_C5,train,cnn_test,2,1,1,0.21982394
6491,MH-001_2022_R024_C038,MH-001,Gondkhari,2022,24,38,21.175402,78.922972,MH-001_C5,train,cnn_test,1,0,1,0.3682992
6492,MH-001_2022_R024_C039,MH-001,Gondkhari,2022,24,39,21.175402,78.923241,MH-001_C5,train,cnn_test,1,0,0,0.08954199
6493,MH-001_2022_R024_C040,MH-001,Gondkhari,2022,24,40,21.175402,78.92351,MH-001_C6,train,cnn_test,2,1,0,0.075858966
6494,MH-001_2022_R024_C041,MH-001,Gondkhari,2022,24,41,21.175402,78.92378,MH-001_C6,train,cnn_test,1,0,0,0.058030747
6495,MH-001_2022_R024_C042,MH-001,Gondkhari,2022,24,42,21.175402,78.924049,MH-001_C6,train,cnn_test,0,0,1,0.1905474
6496,MH-001_2022_R024_C043,MH-001,Gondkhari,2022,24,43,21.175402,78.924319,MH-001_C6,train,cnn_test,0,0,0,0.03703215
6497,MH-001_2022_R024_C044,MH-001,Gondkhari,2022,24,44,21.175402,78.924588,MH-001_C6,train,cnn_test,0,0,0,0.060881738
6498,MH-001_2022_R024_C045,MH-001,Gondkhari,2022,24,45,21.175402,78.924858,MH-001_C6,train,cnn_test,1,0,0,0.02751132
6499,MH-001_2022_R024_C046,MH-001,Gondkhari,2022,24,46,21.175402,78.925127,MH-001_C7,train,cnn_test,0,0,0,0.006346949
6500,MH-001_2022_R024_C047,MH-001,Gondkhari,2022,24,47,21.175402,78.925397,MH-001_C7,train,cnn_test,0,0,0,0.024942493
6501,MH-001_2022_R024_C048,MH-001,Gondkhari,2022,24,48,21.175402,78.925666,MH-001_C7,train,cnn_test,0,0,0,0.012117886
6502,MH-001_2022_R024_C049,MH-001,Gondkhari,2022,24,49,21.175402,78.925936,MH-001_C7,train,cnn_test,0,0,0,0.009370388
6503,MH-001_2022_R024_C050,MH-001,Gondkhari,2022,24,50,21.175402,78.926205,MH-001_C7,train,cnn_test,0,0,0,0.018272249
6504,MH-001_2022_R025_C011,MH-001,Gondkhari,2022,25,11,21.175133,78.915695,MH-001_C1,train,cnn_test,0,0,0,0.049269274
6505,MH-001_2022_R025_C012,MH-001,Gondkhari,2022,25,12,21.175133,78.915965,MH-001_C1,train,cnn_test,2,1,0,0.0030446157
6506,MH-001_2022_R025_C013,MH-001,Gondkhari,2022,25,13,21.175133,78.916234,MH-001_C1,train,cnn_test,2,1,0,0.0037037393
6507,MH-001_2022_R025_C014,MH-001,Gondkhari,2022,25,14,21.175133,78.916504,MH-001_C2,train,cnn_test,2,1,0,0.0023875101
6508,MH-001_2022_R025_C015,MH-001,Gondkhari,2022,25,15,21.175133,78.916773,MH-001_C2,train,cnn_test,2,1,0,0.043617792
6509,MH-001_2022_R025_C016,MH-001,Gondkhari,2022,25,16,21.175133,78.917043,MH-001_C2,train,cnn_test,2,1,1,0.17380285
6510,MH-001_2022_R025_C017,MH-001,Gondkhari,2022,25,17,21.175133,78.917312,MH-001_C2,train,cnn_test,2,1,1,0.14252344
6511,MH-001_2022_R025_C018,MH-001,Gondkhari,2022,25,18,21.175133,78.917582,MH-001_C2,train,cnn_test,1,0,1,0.115385905
6512,MH-001_2022_R025_C019,MH-001,Gondkhari,2022,25,19,21.175133,78.917851,MH-001_C2,train,cnn_test,1,0,0,0.081141785
6513,MH-001_2022_R025_C020,MH-001,Gondkhari,2022,25,20,21.175133,78.918121,MH-001_C2,train,cnn_test,1,0,0,0.07676669
6514,MH-001_2022_R025_C021,MH-001,Gondkhari,2022,25,21,21.175133,78.91839,MH-001_C3,train,cnn_test,0,0,0,0.04097277
6515,MH-001_2022_R025_C022,MH-001,Gondkhari,2022,25,22,21.175133,78.91866,MH-001_C3,train,cnn_test,0,0,0,0.010888853
6516,MH-001_2022_R025_C023,MH-001,Gondkhari,2022,25,23,21.175133,78.918929,MH-001_C3,train,cnn_test,0,0,1,0.13315201
6517,MH-001_2022_R025_C024,MH-001,Gondkhari,2022,25,24,21.175133,78.919199,MH-001_C3,train,cnn_test,1,0,1,0.49126828
6518,MH-001_2022_R025_C025,MH-001,Gondkhari,2022,25,25,21.175133,78.919468,MH-001_C3,train,cnn_test,1,0,1,0.57056093
6519,MH-001_2022_R025_C026,MH-001,Gondkhari,2022,25,26,21.175133,78.919738,MH-001_C3,train,cnn_test,1,0,1,0.6145709
6520,MH-001_2022_R025_C027,MH-001,Gondkhari,2022,25,27,21.175133,78.920007,MH-001_C4,train,cnn_test,0,0,1,0.51726836
6521,MH-001_2022_R025_C028,MH-001,Gondkhari,2022,25,28,21.175133,78.920277,MH-001_C4,train,cnn_test,0,0,1,0.11722558
6522,MH-001_2022_R025_C029,MH-001,Gondkhari,2022,25,29,21.175133,78.920546,MH-001_C4,train,cnn_test,1,0,0,0.0046899733
6523,MH-001_2022_R025_C030,MH-001,Gondkhari,2022,25,30,21.175133,78.920816,MH-001_C4,train,cnn_test,1,0,0,0.0028743916
6524,MH-001_2022_R025_C031,MH-001,Gondkhari,2022,25,31,21.175133,78.921085,MH-001_C4,train,cnn_test,2,1,0,0.030899562
6525,MH-001_2022_R025_C032,MH-001,Gondkhari,2022,25,32,21.175133,78.921355,MH-001_C4,train,cnn_test,1,0,1,0.30000058
6526,MH-001_2022_R025_C033,MH-001,Gondkhari,2022,25,33,21.175133,78.921624,MH-001_C5,train,cnn_test,2,1,1,0.7428852
6527,MH-001_2022_R025_C034,MH-001,Gondkhari,2022,25,34,21.175133,78.921894,MH-001_C5,train,cnn_test,0,0,1,0.86906505
6528,MH-001_2022_R025_C035,MH-001,Gondkhari,2022,25,35,21.175133,78.922163,MH-001_C5,train,cnn_test,0,0,1,0.84829485
6529,MH-001_2022_R025_C038,MH-001,Gondkhari,2022,25,38,21.175133,78.922972,MH-001_C5,train,cnn_test,1,0,1,0.57521373
6530,MH-001_2022_R025_C039,MH-001,Gondkhari,2022,25,39,21.175133,78.923241,MH-001_C5,train,cnn_test,0,0,1,0.1899438
6531,MH-001_2022_R025_C040,MH-001,Gondkhari,2022,25,40,21.175133,78.92351,MH-001_C6,train,cnn_test,1,0,1,0.28418845
6532,MH-001_2022_R025_C041,MH-001,Gondkhari,2022,25,41,21.175133,78.92378,MH-001_C6,train,cnn_test,0,0,1,0.16772251
6533,MH-001_2022_R025_C042,MH-001,Gondkhari,2022,25,42,21.175133,78.924049,MH-001_C6,train,cnn_test,0,0,1,0.10926427
6534,MH-001_2022_R025_C043,MH-001,Gondkhari,2022,25,43,21.175133,78.924319,MH-001_C6,train,cnn_test,0,0,0,0.022478554
6535,MH-001_2022_R025_C044,MH-001,Gondkhari,2022,25,44,21.175133,78.924588,MH-001_C6,train,cnn_test,0,0,0,0.028723003
6536,MH-001_2022_R025_C045,MH-001,Gondkhari,2022,25,45,21.175133,78.924858,MH-001_C6,train,cnn_test,1,0,0,0.0046926453
6537,MH-001_2022_R025_C046,MH-001,Gondkhari,2022,25,46,21.175133,78.925127,MH-001_C7,train,cnn_test,0,0,0,0.0026331649
6538,MH-001_2022_R025_C047,MH-001,Gondkhari,2022,25,47,21.175133,78.925397,MH-001_C7,train,cnn_test,0,0,0,0.0044718753
6539,MH-001_2022_R025_C048,MH-001,Gondkhari,2022,25,48,21.175133,78.925666,MH-001_C7,train,cnn_test,0,0,0,0.0057859053
6540,MH-001_2022_R025_C049,MH-001,Gondkhari,2022,25,49,21.175133,78.925936,MH-001_C7,train,cnn_test,0,0,0,0.009879762
6541,MH-001_2022_R025_C050,MH-001,Gondkhari,2022,25,50,21.175133,78.926205,MH-001_C7,train,cnn_test,0,0,0,0.02383556
6542,MH-001_2022_R026_C012,MH-001,Gondkhari,2022,26,12,21.174863,78.915965,MH-001_C1,train,cnn_test,0,0,0,0.00059447
6543,MH-001_2022_R026_C013,MH-001,Gondkhari,2022,26,13,21.174863,78.916234,MH-001_C1,train,cnn_test,2,1,0,0.0006626365
6544,MH-001_2022_R026_C014,MH-001,Gondkhari,2022,26,14,21.174863,78.916504,MH-001_C2,train,cnn_test,2,1,0,0.0007396237
6545,MH-001_2022_R026_C015,MH-001,Gondkhari,2022,26,15,21.174863,78.916773,MH-001_C2,train,cnn_test,1,0,0,0.00674383
6546,MH-001_2022_R026_C016,MH-001,Gondkhari,2022,26,16,21.174863,78.917043,MH-001_C2,train,cnn_test,2,1,0,0.030174032
6547,MH-001_2022_R026_C017,MH-001,Gondkhari,2022,26,17,21.174863,78.917312,MH-001_C2,train,cnn_test,2,1,0,0.009992184
6548,MH-001_2022_R026_C018,MH-001,Gondkhari,2022,26,18,21.174863,78.917582,MH-001_C2,train,cnn_test,0,0,0,0.015258813
6549,MH-001_2022_R026_C019,MH-001,Gondkhari,2022,26,19,21.174863,78.917851,MH-001_C2,train,cnn_test,1,0,0,0.01430446
6550,MH-001_2022_R026_C020,MH-001,Gondkhari,2022,26,20,21.174863,78.918121,MH-001_C2,train,cnn_test,1,0,0,0.02065965
6551,MH-001_2022_R026_C021,MH-001,Gondkhari,2022,26,21,21.174863,78.91839,MH-001_C3,train,cnn_test,0,0,0,0.0062279026
6552,MH-001_2022_R026_C024,MH-001,Gondkhari,2022,26,24,21.174863,78.919199,MH-001_C3,train,cnn_test,0,0,1,0.32867602
6553,MH-001_2022_R026_C025,MH-001,Gondkhari,2022,26,25,21.174863,78.919468,MH-001_C3,train,cnn_test,1,0,1,0.272242
6554,MH-001_2022_R026_C026,MH-001,Gondkhari,2022,26,26,21.174863,78.919738,MH-001_C3,train,cnn_test,1,0,1,0.6904457
6555,MH-001_2022_R026_C027,MH-001,Gondkhari,2022,26,27,21.174863,78.920007,MH-001_C4,train,cnn_test,0,0,1,0.61319506
6556,MH-001_2022_R026_C029,MH-001,Gondkhari,2022,26,29,21.174863,78.920546,MH-001_C4,train,cnn_test,0,0,0,0.011939039
6557,MH-001_2022_R026_C030,MH-001,Gondkhari,2022,26,30,21.174863,78.920816,MH-001_C4,train,cnn_test,0,0,0,0.011123356
6558,MH-001_2022_R026_C031,MH-001,Gondkhari,2022,26,31,21.174863,78.921085,MH-001_C4,train,cnn_test,0,0,0,0.051396072
6559,MH-001_2022_R026_C032,MH-001,Gondkhari,2022,26,32,21.174863,78.921355,MH-001_C4,train,cnn_test,0,0,1,0.34700212
6560,MH-001_2022_R026_C033,MH-001,Gondkhari,2022,26,33,21.174863,78.921624,MH-001_C5,train,cnn_test,0,0,1,0.68330586
6561,MH-001_2022_R026_C034,MH-001,Gondkhari,2022,26,34,21.174863,78.921894,MH-001_C5,train,cnn_test,0,0,1,0.750969
6562,MH-001_2022_R026_C037,MH-001,Gondkhari,2022,26,37,21.174863,78.922702,MH-001_C5,train,cnn_test,1,0,0,0.097688556
6563,MH-001_2022_R026_C038,MH-001,Gondkhari,2022,26,38,21.174863,78.922972,MH-001_C5,train,cnn_test,0,0,1,0.19278693
6564,MH-001_2022_R026_C041,MH-001,Gondkhari,2022,26,41,21.174863,78.92378,MH-001_C6,train,cnn_test,0,0,0,0.029527605
6565,MH-001_2022_R026_C042,MH-001,Gondkhari,2022,26,42,21.174863,78.924049,MH-001_C6,train,cnn_test,0,0,1,0.10127848
6566,MH-001_2022_R026_C043,MH-001,Gondkhari,2022,26,43,21.174863,78.924319,MH-001_C6,train,cnn_test,0,0,0,0.030921973
6567,MH-001_2022_R026_C044,MH-001,Gondkhari,2022,26,44,21.174863,78.924588,MH-001_C6,train,cnn_test,0,0,0,0.04483904
6568,MH-001_2022_R026_C045,MH-001,Gondkhari,2022,26,45,21.174863,78.924858,MH-001_C6,train,cnn_test,1,0,0,0.012393703
6569,MH-001_2022_R026_C046,MH-001,Gondkhari,2022,26,46,21.174863,78.925127,MH-001_C7,train,cnn_test,0,0,0,0.0017332135
6570,MH-001_2022_R026_C047,MH-001,Gondkhari,2022,26,47,21.174863,78.925397,MH-001_C7,train,cnn_test,0,0,0,0.007260443
6571,MH-001_2022_R026_C048,MH-001,Gondkhari,2022,26,48,21.174863,78.925666,MH-001_C7,train,cnn_test,0,0,0,0.0058975983
6572,MH-001_2022_R026_C049,MH-001,Gondkhari,2022,26,49,21.174863,78.925936,MH-001_C7,train,cnn_test,0,0,0,0.0075583286
6573,MH-001_2022_R027_C012,MH-001,Gondkhari,2022,27,12,21.174594,78.915965,MH-001_C1,train,cnn_test,0,0,0,0.0008352912
6574,MH-001_2022_R027_C013,MH-001,Gondkhari,2022,27,13,21.174594,78.916234,MH-001_C1,train,cnn_test,1,0,0,0.0014378607
6575,MH-001_2022_R027_C014,MH-001,Gondkhari,2022,27,14,21.174594,78.916504,MH-001_C2,train,cnn_test,2,1,0,0.0024473474
6576,MH-001_2022_R027_C016,MH-001,Gondkhari,2022,27,16,21.174594,78.917043,MH-001_C2,train,cnn_test,1,0,0,0.036796477
6577,MH-001_2022_R027_C017,MH-001,Gondkhari,2022,27,17,21.174594,78.917312,MH-001_C2,train,cnn_test,1,0,0,0.019432064
6578,MH-001_2022_R027_C018,MH-001,Gondkhari,2022,27,18,21.174594,78.917582,MH-001_C2,train,cnn_test,1,0,0,0.061662354
6579,MH-001_2022_R027_C019,MH-001,Gondkhari,2022,27,19,21.174594,78.917851,MH-001_C2,train,cnn_test,1,0,0,0.071857624
6580,MH-001_2022_R027_C020,MH-001,Gondkhari,2022,27,20,21.174594,78.918121,MH-001_C2,train,cnn_test,1,0,1,0.34835157
6581,MH-001_2022_R027_C022,MH-001,Gondkhari,2022,27,22,21.174594,78.91866,MH-001_C3,train,cnn_test,0,0,0,0.052002613
6582,MH-001_2022_R027_C025,MH-001,Gondkhari,2022,27,25,21.174594,78.919468,MH-001_C3,train,cnn_test,1,0,1,0.78244215
6583,MH-001_2022_R027_C027,MH-001,Gondkhari,2022,27,27,21.174594,78.920007,MH-001_C4,train,cnn_test,1,0,1,0.72057086
6584,MH-001_2022_R027_C028,MH-001,Gondkhari,2022,27,28,21.174594,78.920277,MH-001_C4,train,cnn_test,0,0,1,0.2667581
6585,MH-001_2022_R027_C029,MH-001,Gondkhari,2022,27,29,21.174594,78.920546,MH-001_C4,train,cnn_test,0,0,0,0.012154525
6586,MH-001_2022_R027_C030,MH-001,Gondkhari,2022,27,30,21.174594,78.920816,MH-001_C4,train,cnn_test,2,1,0,0.0054687327
6587,MH-001_2022_R027_C031,MH-001,Gondkhari,2022,27,31,21.174594,78.921085,MH-001_C4,train,cnn_test,0,0,0,0.018943617
6588,MH-001_2022_R027_C032,MH-001,Gondkhari,2022,27,32,21.174594,78.921355,MH-001_C4,train,cnn_test,1,0,1,0.15029535
6589,MH-001_2022_R027_C033,MH-001,Gondkhari,2022,27,33,21.174594,78.921624,MH-001_C5,train,cnn_test,1,0,1,0.52017397
6590,MH-001_2022_R027_C034,MH-001,Gondkhari,2022,27,34,21.174594,78.921894,MH-001_C5,train,cnn_test,0,0,1,0.66786057
6591,MH-001_2022_R027_C035,MH-001,Gondkhari,2022,27,35,21.174594,78.922163,MH-001_C5,train,cnn_test,0,0,1,0.63538665
6592,MH-001_2022_R027_C036,MH-001,Gondkhari,2022,27,36,21.174594,78.922433,MH-001_C5,train,cnn_test,0,0,1,0.34561694
6593,MH-001_2022_R027_C037,MH-001,Gondkhari,2022,27,37,21.174594,78.922702,MH-001_C5,train,cnn_test,0,0,1,0.36194563
6594,MH-001_2022_R027_C038,MH-001,Gondkhari,2022,27,38,21.174594,78.922972,MH-001_C5,train,cnn_test,1,0,1,0.40893653
6595,MH-001_2022_R027_C039,MH-001,Gondkhari,2022,27,39,21.174594,78.923241,MH-001_C5,train,cnn_test,1,0,1,0.13350171
6596,MH-001_2022_R027_C040,MH-001,Gondkhari,2022,27,40,21.174594,78.92351,MH-001_C6,train,cnn_test,1,0,1,0.38430697
6597,MH-001_2022_R027_C047,MH-001,Gondkhari,2022,27,47,21.174594,78.925397,MH-001_C7,train,cnn_test,0,0,0,0.012219621
6598,MH-001_2022_R027_C048,MH-001,Gondkhari,2022,27,48,21.174594,78.925666,MH-001_C7,train,cnn_test,0,0,0,0.008305855
6599,MH-001_2022_R027_C049,MH-001,Gondkhari,2022,27,49,21.174594,78.925936,MH-001_C7,train,cnn_test,0,0,0,0.008063231
6600,MH-001_2022_R027_C050,MH-001,Gondkhari,2022,27,50,21.174594,78.926205,MH-001_C7,train,cnn_test,0,0,0,0.028511023
6601,MH-001_2022_R027_C051,MH-001,Gondkhari,2022,27,51,21.174594,78.926475,MH-001_C7,train,cnn_test,0,0,1,0.67323124
6602,MH-001_2022_R028_C016,MH-001,Gondkhari,2022,28,16,21.174324,78.917043,MH-001_C2,train,cnn_test,1,0,0,0.022897296
6603,MH-001_2022_R028_C017,MH-001,Gondkhari,2022,28,17,21.174324,78.917312,MH-001_C2,train,cnn_test,1,0,0,0.009075932
6604,MH-001_2022_R028_C018,MH-001,Gondkhari,2022,28,18,21.174324,78.917582,MH-001_C2,train,cnn_test,1,0,0,0.0076910495
6605,MH-001_2022_R028_C019,MH-001,Gondkhari,2022,28,19,21.174324,78.917851,MH-001_C2,train,cnn_test,1,0,0,0.03314046
6606,MH-001_2022_R028_C020,MH-001,Gondkhari,2022,28,20,21.174324,78.918121,MH-001_C2,train,cnn_test,0,0,0,0.06256673
6607,MH-001_2022_R028_C021,MH-001,Gondkhari,2022,28,21,21.174324,78.91839,MH-001_C3,train,cnn_test,0,0,0,0.0531844
6608,MH-001_2022_R028_C023,MH-001,Gondkhari,2022,28,23,21.174324,78.918929,MH-001_C3,train,cnn_test,0,0,1,0.1777389
6609,MH-001_2022_R028_C026,MH-001,Gondkhari,2022,28,26,21.174324,78.919738,MH-001_C3,train,cnn_test,0,0,1,0.89973605
6610,MH-001_2022_R028_C027,MH-001,Gondkhari,2022,28,27,21.174324,78.920007,MH-001_C4,train,cnn_test,1,0,1,0.79442
6611,MH-001_2022_R028_C028,MH-001,Gondkhari,2022,28,28,21.174324,78.920277,MH-001_C4,train,cnn_test,0,0,1,0.82368046
6612,MH-001_2022_R028_C029,MH-001,Gondkhari,2022,28,29,21.174324,78.920546,MH-001_C4,train,cnn_test,2,1,1,0.122691005
6613,MH-001_2022_R028_C030,MH-001,Gondkhari,2022,28,30,21.174324,78.920816,MH-001_C4,train,cnn_test,2,1,1,0.2115259
6614,MH-001_2022_R028_C031,MH-001,Gondkhari,2022,28,31,21.174324,78.921085,MH-001_C4,train,cnn_test,2,1,1,0.1282315
6615,MH-001_2022_R028_C032,MH-001,Gondkhari,2022,28,32,21.174324,78.921355,MH-001_C4,train,cnn_test,2,1,1,0.7325955
6616,MH-001_2022_R028_C033,MH-001,Gondkhari,2022,28,33,21.174324,78.921624,MH-001_C5,train,cnn_test,2,1,1,0.8476352
6617,MH-001_2022_R028_C034,MH-001,Gondkhari,2022,28,34,21.174324,78.921894,MH-001_C5,train,cnn_test,0,0,1,0.9185264
6618,MH-001_2022_R028_C035,MH-001,Gondkhari,2022,28,35,21.174324,78.922163,MH-001_C5,train,cnn_test,0,0,1,0.7694384
6619,MH-001_2022_R028_C036,MH-001,Gondkhari,2022,28,36,21.174324,78.922433,MH-001_C5,train,cnn_test,0,0,1,0.42773896
6620,MH-001_2022_R028_C037,MH-001,Gondkhari,2022,28,37,21.174324,78.922702,MH-001_C5,train,cnn_test,0,0,1,0.20558828
6621,MH-001_2022_R028_C038,MH-001,Gondkhari,2022,28,38,21.174324,78.922972,MH-001_C5,train,cnn_test,0,0,1,0.31570637
6622,MH-001_2022_R028_C039,MH-001,Gondkhari,2022,28,39,21.174324,78.923241,MH-001_C5,train,cnn_test,1,0,0,0.08529416
6623,MH-001_2022_R028_C040,MH-001,Gondkhari,2022,28,40,21.174324,78.92351,MH-001_C6,train,cnn_test,1,0,1,0.15154262
6624,MH-001_2022_R028_C041,MH-001,Gondkhari,2022,28,41,21.174324,78.92378,MH-001_C6,train,cnn_test,1,0,1,0.17881918
6625,MH-001_2022_R028_C043,MH-001,Gondkhari,2022,28,43,21.174324,78.924319,MH-001_C6,train,cnn_test,0,0,0,0.07781448
6626,MH-001_2022_R028_C044,MH-001,Gondkhari,2022,28,44,21.174324,78.924588,MH-001_C6,train,cnn_test,0,0,0,0.035723094
6627,MH-001_2022_R028_C045,MH-001,Gondkhari,2022,28,45,21.174324,78.924858,MH-001_C6,train,cnn_test,0,0,0,0.010818342
6628,MH-001_2022_R028_C046,MH-001,Gondkhari,2022,28,46,21.174324,78.925127,MH-001_C7,train,cnn_test,1,0,0,0.0048318654
6629,MH-001_2022_R028_C047,MH-001,Gondkhari,2022,28,47,21.174324,78.925397,MH-001_C7,train,cnn_test,0,0,0,0.010931263
6630,MH-001_2022_R028_C048,MH-001,Gondkhari,2022,28,48,21.174324,78.925666,MH-001_C7,train,cnn_test,0,0,0,0.0065803486
6631,MH-001_2022_R028_C049,MH-001,Gondkhari,2022,28,49,21.174324,78.925936,MH-001_C7,train,cnn_test,0,0,0,0.0073008216
6632,MH-001_2022_R028_C050,MH-001,Gondkhari,2022,28,50,21.174324,78.926205,MH-001_C7,train,cnn_test,0,0,0,0.0048632734
6633,MH-001_2022_R028_C051,MH-001,Gondkhari,2022,28,51,21.174324,78.926475,MH-001_C7,train,cnn_test,0,0,0,0.068403035
6634,MH-001_2022_R029_C015,MH-001,Gondkhari,2022,29,15,21.174055,78.916773,MH-001_C2,train,cnn_test,1,0,0,0.05567733
6635,MH-001_2022_R029_C016,MH-001,Gondkhari,2022,29,16,21.174055,78.917043,MH-001_C2,train,cnn_test,2,1,0,0.08975464
6636,MH-001_2022_R029_C017,MH-001,Gondkhari,2022,29,17,21.174055,78.917312,MH-001_C2,train,cnn_test,2,1,0,0.057350982
6637,MH-001_2022_R029_C019,MH-001,Gondkhari,2022,29,19,21.174055,78.917851,MH-001_C2,train,cnn_test,0,0,1,0.37631232
6638,MH-001_2022_R029_C020,MH-001,Gondkhari,2022,29,20,21.174055,78.918121,MH-001_C2,train,cnn_test,0,0,1,0.65412784
6639,MH-001_2022_R029_C021,MH-001,Gondkhari,2022,29,21,21.174055,78.91839,MH-001_C3,train,cnn_test,1,0,1,0.66063064
6640,MH-001_2022_R029_C022,MH-001,Gondkhari,2022,29,22,21.174055,78.91866,MH-001_C3,train,cnn_test,0,0,0,0.0982425
6641,MH-001_2022_R029_C023,MH-001,Gondkhari,2022,29,23,21.174055,78.918929,MH-001_C3,train,cnn_test,0,0,1,0.4634069
6642,MH-001_2022_R029_C024,MH-001,Gondkhari,2022,29,24,21.174055,78.919199,MH-001_C3,train,cnn_test,0,0,1,0.83898103
6643,MH-001_2022_R029_C026,MH-001,Gondkhari,2022,29,26,21.174055,78.919738,MH-001_C3,train,cnn_test,1,0,1,0.92708725
6644,MH-001_2022_R029_C027,MH-001,Gondkhari,2022,29,27,21.174055,78.920007,MH-001_C4,train,cnn_test,0,0,1,0.8563083
6645,MH-001_2022_R029_C028,MH-001,Gondkhari,2022,29,28,21.174055,78.920277,MH-001_C4,train,cnn_test,0,0,1,0.8442265
6646,MH-001_2022_R029_C029,MH-001,Gondkhari,2022,29,29,21.174055,78.920546,MH-001_C4,train,cnn_test,0,0,1,0.2356965
6647,MH-001_2022_R029_C030,MH-001,Gondkhari,2022,29,30,21.174055,78.920816,MH-001_C4,train,cnn_test,0,0,1,0.18654875
6648,MH-001_2022_R029_C031,MH-001,Gondkhari,2022,29,31,21.174055,78.921085,MH-001_C4,train,cnn_test,0,0,1,0.15817149
6649,MH-001_2022_R029_C032,MH-001,Gondkhari,2022,29,32,21.174055,78.921355,MH-001_C4,train,cnn_test,0,0,1,0.58707416
6650,MH-001_2022_R029_C033,MH-001,Gondkhari,2022,29,33,21.174055,78.921624,MH-001_C5,train,cnn_test,0,0,1,0.7742219
6651,MH-001_2022_R029_C034,MH-001,Gondkhari,2022,29,34,21.174055,78.921894,MH-001_C5,train,cnn_test,0,0,1,0.91139835
6652,MH-001_2022_R029_C035,MH-001,Gondkhari,2022,29,35,21.174055,78.922163,MH-001_C5,train,cnn_test,0,0,1,0.82483625
6653,MH-001_2022_R029_C036,MH-001,Gondkhari,2022,29,36,21.174055,78.922433,MH-001_C5,train,cnn_test,0,0,1,0.71217644
6654,MH-001_2022_R029_C037,MH-001,Gondkhari,2022,29,37,21.174055,78.922702,MH-001_C5,train,cnn_test,0,0,1,0.65786636
6655,MH-001_2022_R029_C038,MH-001,Gondkhari,2022,29,38,21.174055,78.922972,MH-001_C5,train,cnn_test,1,0,1,0.7272279
6656,MH-001_2022_R029_C041,MH-001,Gondkhari,2022,29,41,21.174055,78.92378,MH-001_C6,train,cnn_test,0,0,1,0.6699644
6657,MH-001_2022_R029_C042,MH-001,Gondkhari,2022,29,42,21.174055,78.924049,MH-001_C6,train,cnn_test,0,0,1,0.41028923
6658,MH-001_2022_R029_C043,MH-001,Gondkhari,2022,29,43,21.174055,78.924319,MH-001_C6,train,cnn_test,0,0,0,0.05805447
6659,MH-001_2022_R029_C044,MH-001,Gondkhari,2022,29,44,21.174055,78.924588,MH-001_C6,train,cnn_test,0,0,0,0.014100528
6660,MH-001_2022_R029_C045,MH-001,Gondkhari,2022,29,45,21.174055,78.924858,MH-001_C6,train,cnn_test,0,0,0,0.0036156457
6661,MH-001_2022_R029_C046,MH-001,Gondkhari,2022,29,46,21.174055,78.925127,MH-001_C7,train,cnn_test,1,0,0,0.0029533613
6662,MH-001_2022_R029_C047,MH-001,Gondkhari,2022,29,47,21.174055,78.925397,MH-001_C7,train,cnn_test,1,0,0,0.007717793
6663,MH-001_2022_R029_C048,MH-001,Gondkhari,2022,29,48,21.174055,78.925666,MH-001_C7,train,cnn_test,0,0,0,0.012248582
6664,MH-001_2022_R029_C049,MH-001,Gondkhari,2022,29,49,21.174055,78.925936,MH-001_C7,train,cnn_test,0,0,0,0.019669913
6665,MH-001_2022_R029_C050,MH-001,Gondkhari,2022,29,50,21.174055,78.926205,MH-001_C7,train,cnn_test,0,0,0,0.03911315
6666,MH-001_2022_R029_C051,MH-001,Gondkhari,2022,29,51,21.174055,78.926475,MH-001_C7,train,cnn_test,0,0,1,0.21096186
6667,MH-001_2022_R030_C018,MH-001,Gondkhari,2022,30,18,21.173785,78.917582,MH-001_C2,train,cnn_test,0,0,0,0.055616535
6668,MH-001_2022_R030_C019,MH-001,Gondkhari,2022,30,19,21.173785,78.917851,MH-001_C2,train,cnn_test,0,0,1,0.22944365
6669,MH-001_2022_R030_C020,MH-001,Gondkhari,2022,30,20,21.173785,78.918121,MH-001_C2,train,cnn_test,0,0,1,0.51360977
6670,MH-001_2022_R030_C022,MH-001,Gondkhari,2022,30,22,21.173785,78.91866,MH-001_C3,train,cnn_test,0,0,1,0.105319895
6671,MH-001_2022_R030_C023,MH-001,Gondkhari,2022,30,23,21.173785,78.918929,MH-001_C3,train,cnn_test,0,0,1,0.3880787
6672,MH-001_2022_R030_C024,MH-001,Gondkhari,2022,30,24,21.173785,78.919199,MH-001_C3,train,cnn_test,0,0,1,0.7949575
6673,MH-001_2022_R030_C025,MH-001,Gondkhari,2022,30,25,21.173785,78.919468,MH-001_C3,train,cnn_test,0,0,1,0.7793942
6674,MH-001_2022_R030_C026,MH-001,Gondkhari,2022,30,26,21.173785,78.919738,MH-001_C3,train,cnn_test,0,0,1,0.891247
6675,MH-001_2022_R030_C027,MH-001,Gondkhari,2022,30,27,21.173785,78.920007,MH-001_C4,train,cnn_test,1,0,1,0.8099179
6676,MH-001_2022_R030_C028,MH-001,Gondkhari,2022,30,28,21.173785,78.920277,MH-001_C4,train,cnn_test,0,0,1,0.83319855
6677,MH-001_2022_R030_C029,MH-001,Gondkhari,2022,30,29,21.173785,78.920546,MH-001_C4,train,cnn_test,0,0,1,0.49896204
6678,MH-001_2022_R030_C031,MH-001,Gondkhari,2022,30,31,21.173785,78.921085,MH-001_C4,train,cnn_test,0,0,1,0.42234606
6679,MH-001_2022_R030_C032,MH-001,Gondkhari,2022,30,32,21.173785,78.921355,MH-001_C4,train,cnn_test,0,0,1,0.8491639
6680,MH-001_2022_R030_C033,MH-001,Gondkhari,2022,30,33,21.173785,78.921624,MH-001_C5,train,cnn_test,0,0,1,0.9382164
6681,MH-001_2022_R030_C034,MH-001,Gondkhari,2022,30,34,21.173785,78.921894,MH-001_C5,train,cnn_test,0,0,1,0.95140153
6682,MH-001_2022_R030_C035,MH-001,Gondkhari,2022,30,35,21.173785,78.922163,MH-001_C5,train,cnn_test,0,0,1,0.89001256
6683,MH-001_2022_R030_C036,MH-001,Gondkhari,2022,30,36,21.173785,78.922433,MH-001_C5,train,cnn_test,0,0,1,0.7291205
6684,MH-001_2022_R030_C037,MH-001,Gondkhari,2022,30,37,21.173785,78.922702,MH-001_C5,train,cnn_test,0,0,1,0.6226357
6685,MH-001_2022_R030_C038,MH-001,Gondkhari,2022,30,38,21.173785,78.922972,MH-001_C5,train,cnn_test,0,0,1,0.7489319
6686,MH-001_2022_R030_C039,MH-001,Gondkhari,2022,30,39,21.173785,78.923241,MH-001_C5,train,cnn_test,0,0,1,0.4127415
6687,MH-001_2022_R030_C040,MH-001,Gondkhari,2022,30,40,21.173785,78.92351,MH-001_C6,train,cnn_test,0,0,1,0.32588887
6688,MH-001_2022_R030_C041,MH-001,Gondkhari,2022,30,41,21.173785,78.92378,MH-001_C6,train,cnn_test,0,0,1,0.30266577
6689,MH-001_2022_R030_C042,MH-001,Gondkhari,2022,30,42,21.173785,78.924049,MH-001_C6,train,cnn_test,0,0,1,0.32487097
6690,MH-001_2022_R030_C043,MH-001,Gondkhari,2022,30,43,21.173785,78.924319,MH-001_C6,train,cnn_test,0,0,0,0.06158832
6691,MH-001_2022_R030_C044,MH-001,Gondkhari,2022,30,44,21.173785,78.924588,MH-001_C6,train,cnn_test,0,0,0,0.020223347
6692,MH-001_2022_R030_C045,MH-001,Gondkhari,2022,30,45,21.173785,78.924858,MH-001_C6,train,cnn_test,2,1,0,0.0063795587
6693,MH-001_2022_R030_C046,MH-001,Gondkhari,2022,30,46,21.173785,78.925127,MH-001_C7,train,cnn_test,0,0,0,0.0018806546
6694,MH-001_2022_R030_C047,MH-001,Gondkhari,2022,30,47,21.173785,78.925397,MH-001_C7,train,cnn_test,0,0,0,0.0072094845
6695,MH-001_2022_R030_C048,MH-001,Gondkhari,2022,30,48,21.173785,78.925666,MH-001_C7,train,cnn_test,0,0,0,0.0047756145
6696,MH-001_2022_R030_C049,MH-001,Gondkhari,2022,30,49,21.173785,78.925936,MH-001_C7,train,cnn_test,0,0,0,0.005702443
6697,MH-001_2022_R030_C050,MH-001,Gondkhari,2022,30,50,21.173785,78.926205,MH-001_C7,train,cnn_test,0,0,0,0.0030355025
6698,MH-001_2022_R030_C051,MH-001,Gondkhari,2022,30,51,21.173785,78.926475,MH-001_C7,train,cnn_test,0,0,0,0.02709984
11588,MH-001_2023_R007_C007,MH-001,Gondkhari,2023,7,7,21.179984,78.914617,MH-001_C0,train,cnn_test,2,1,0,0.04032018
11589,MH-001_2023_R007_C008,MH-001,Gondkhari,2023,7,8,21.179984,78.914887,MH-001_C1,train,cnn_test,1,0,0,0.038256567
11590,MH-001_2023_R007_C009,MH-001,Gondkhari,2023,7,9,21.179984,78.915156,MH-001_C1,train,cnn_test,0,0,1,0.13929339
11591,MH-001_2023_R007_C010,MH-001,Gondkhari,2023,7,10,21.179984,78.915426,MH-001_C1,train,cnn_test,0,0,0,0.081208825
11592,MH-001_2023_R007_C011,MH-001,Gondkhari,2023,7,11,21.179984,78.915695,MH-001_C1,train,cnn_test,0,0,1,0.23120534
11593,MH-001_2023_R007_C012,MH-001,Gondkhari,2023,7,12,21.179984,78.915965,MH-001_C1,train,cnn_test,0,0,1,0.107982285
11594,MH-001_2023_R007_C013,MH-001,Gondkhari,2023,7,13,21.179984,78.916234,MH-001_C1,train,cnn_test,1,0,1,0.25075752
11595,MH-001_2023_R007_C014,MH-001,Gondkhari,2023,7,14,21.179984,78.916504,MH-001_C2,train,cnn_test,1,0,0,0.03646558
11596,MH-001_2023_R007_C015,MH-001,Gondkhari,2023,7,15,21.179984,78.916773,MH-001_C2,train,cnn_test,1,0,0,0.035283543
11597,MH-001_2023_R007_C016,MH-001,Gondkhari,2023,7,16,21.179984,78.917043,MH-001_C2,train,cnn_test,1,0,0,0.095845416
11598,MH-001_2023_R007_C017,MH-001,Gondkhari,2023,7,17,21.179984,78.917312,MH-001_C2,train,cnn_test,1,0,1,0.36903766
11599,MH-001_2023_R007_C018,MH-001,Gondkhari,2023,7,18,21.179984,78.917582,MH-001_C2,train,cnn_test,0,0,1,0.6198812
11600,MH-001_2023_R007_C020,MH-001,Gondkhari,2023,7,20,21.179984,78.918121,MH-001_C2,train,cnn_test,2,1,1,0.71389407
11601,MH-001_2023_R007_C021,MH-001,Gondkhari,2023,7,21,21.179984,78.91839,MH-001_C3,train,cnn_test,1,0,0,0.09775009
11602,MH-001_2023_R007_C022,MH-001,Gondkhari,2023,7,22,21.179984,78.91866,MH-001_C3,train,cnn_test,1,0,1,0.56471616
11603,MH-001_2023_R007_C023,MH-001,Gondkhari,2023,7,23,21.179984,78.918929,MH-001_C3,train,cnn_test,1,0,1,0.20306632
11604,MH-001_2023_R007_C024,MH-001,Gondkhari,2023,7,24,21.179984,78.919199,MH-001_C3,train,cnn_test,1,0,1,0.20202543
11605,MH-001_2023_R007_C025,MH-001,Gondkhari,2023,7,25,21.179984,78.919468,MH-001_C3,train,cnn_test,1,0,1,0.12404022
11606,MH-001_2023_R007_C026,MH-001,Gondkhari,2023,7,26,21.179984,78.919738,MH-001_C3,train,cnn_test,1,0,1,0.4769763
11607,MH-001_2023_R007_C027,MH-001,Gondkhari,2023,7,27,21.179984,78.920007,MH-001_C4,train,cnn_test,0,0,1,0.44242844
11608,MH-001_2023_R007_C028,MH-001,Gondkhari,2023,7,28,21.179984,78.920277,MH-001_C4,train,cnn_test,0,0,1,0.6783011
11609,MH-001_2023_R007_C029,MH-001,Gondkhari,2023,7,29,21.179984,78.920546,MH-001_C4,train,cnn_test,2,1,1,0.4770115
11610,MH-001_2023_R007_C030,MH-001,Gondkhari,2023,7,30,21.179984,78.920816,MH-001_C4,train,cnn_test,2,1,1,0.72960836
11611,MH-001_2023_R007_C031,MH-001,Gondkhari,2023,7,31,21.179984,78.921085,MH-001_C4,train,cnn_test,2,1,1,0.2131697
11612,MH-001_2023_R007_C032,MH-001,Gondkhari,2023,7,32,21.179984,78.921355,MH-001_C4,train,cnn_test,2,1,1,0.53397995
11613,MH-001_2023_R007_C033,MH-001,Gondkhari,2023,7,33,21.179984,78.921624,MH-001_C5,train,cnn_test,1,0,1,0.47203726
11614,MH-001_2023_R007_C034,MH-001,Gondkhari,2023,7,34,21.179984,78.921894,MH-001_C5,train,cnn_test,1,0,1,0.73583126
11615,MH-001_2023_R007_C036,MH-001,Gondkhari,2023,7,36,21.179984,78.922433,MH-001_C5,train,cnn_test,0,0,1,0.82625157
11616,MH-001_2023_R007_C038,MH-001,Gondkhari,2023,7,38,21.179984,78.922972,MH-001_C5,train,cnn_test,0,0,1,0.59604156
11617,MH-001_2023_R007_C039,MH-001,Gondkhari,2023,7,39,21.179984,78.923241,MH-001_C5,train,cnn_test,0,0,1,0.6606684
11618,MH-001_2023_R007_C040,MH-001,Gondkhari,2023,7,40,21.179984,78.92351,MH-001_C6,train,cnn_test,1,0,1,0.852272
11619,MH-001_2023_R007_C041,MH-001,Gondkhari,2023,7,41,21.179984,78.92378,MH-001_C6,train,cnn_test,2,1,1,0.89857745
11620,MH-001_2023_R007_C042,MH-001,Gondkhari,2023,7,42,21.179984,78.924049,MH-001_C6,train,cnn_test,2,1,1,0.9331035
11621,MH-001_2023_R007_C043,MH-001,Gondkhari,2023,7,43,21.179984,78.924319,MH-001_C6,train,cnn_test,0,0,1,0.95097256
11622,MH-001_2023_R007_C044,MH-001,Gondkhari,2023,7,44,21.179984,78.924588,MH-001_C6,train,cnn_test,0,0,1,0.94947493
11623,MH-001_2023_R008_C007,MH-001,Gondkhari,2023,8,7,21.179714,78.914617,MH-001_C0,train,cnn_test,1,0,0,0.05068907
11624,MH-001_2023_R008_C008,MH-001,Gondkhari,2023,8,8,21.179714,78.914887,MH-001_C1,train,cnn_test,1,0,0,0.054804448
11625,MH-001_2023_R008_C009,MH-001,Gondkhari,2023,8,9,21.179714,78.915156,MH-001_C1,train,cnn_test,1,0,1,0.31099725
11626,MH-001_2023_R008_C010,MH-001,Gondkhari,2023,8,10,21.179714,78.915426,MH-001_C1,train,cnn_test,1,0,0,0.08741709
11627,MH-001_2023_R008_C011,MH-001,Gondkhari,2023,8,11,21.179714,78.915695,MH-001_C1,train,cnn_test,0,0,1,0.39047226
11628,MH-001_2023_R008_C012,MH-001,Gondkhari,2023,8,12,21.179714,78.915965,MH-001_C1,train,cnn_test,0,0,1,0.3278983
11629,MH-001_2023_R008_C013,MH-001,Gondkhari,2023,8,13,21.179714,78.916234,MH-001_C1,train,cnn_test,0,0,1,0.60158044
11630,MH-001_2023_R008_C014,MH-001,Gondkhari,2023,8,14,21.179714,78.916504,MH-001_C2,train,cnn_test,0,0,1,0.1601942
11631,MH-001_2023_R008_C015,MH-001,Gondkhari,2023,8,15,21.179714,78.916773,MH-001_C2,train,cnn_test,1,0,1,0.10920363
11632,MH-001_2023_R008_C016,MH-001,Gondkhari,2023,8,16,21.179714,78.917043,MH-001_C2,train,cnn_test,1,0,1,0.35048088
11633,MH-001_2023_R008_C017,MH-001,Gondkhari,2023,8,17,21.179714,78.917312,MH-001_C2,train,cnn_test,1,0,1,0.49652246
11634,MH-001_2023_R008_C018,MH-001,Gondkhari,2023,8,18,21.179714,78.917582,MH-001_C2,train,cnn_test,0,0,1,0.718472
11635,MH-001_2023_R008_C019,MH-001,Gondkhari,2023,8,19,21.179714,78.917851,MH-001_C2,train,cnn_test,2,1,1,0.6765452
11636,MH-001_2023_R008_C020,MH-001,Gondkhari,2023,8,20,21.179714,78.918121,MH-001_C2,train,cnn_test,0,0,1,0.8739845
11637,MH-001_2023_R008_C021,MH-001,Gondkhari,2023,8,21,21.179714,78.91839,MH-001_C3,train,cnn_test,2,1,1,0.47896963
11638,MH-001_2023_R008_C022,MH-001,Gondkhari,2023,8,22,21.179714,78.91866,MH-001_C3,train,cnn_test,2,1,1,0.8141805
11639,MH-001_2023_R008_C023,MH-001,Gondkhari,2023,8,23,21.179714,78.918929,MH-001_C3,train,cnn_test,2,1,1,0.6473541
11640,MH-001_2023_R008_C024,MH-001,Gondkhari,2023,8,24,21.179714,78.919199,MH-001_C3,train,cnn_test,2,1,1,0.6715061
11641,MH-001_2023_R008_C025,MH-001,Gondkhari,2023,8,25,21.179714,78.919468,MH-001_C3,train,cnn_test,2,1,1,0.51519537
11642,MH-001_2023_R008_C026,MH-001,Gondkhari,2023,8,26,21.179714,78.919738,MH-001_C3,train,cnn_test,1,0,1,0.8493975
11643,MH-001_2023_R008_C027,MH-001,Gondkhari,2023,8,27,21.179714,78.920007,MH-001_C4,train,cnn_test,1,0,1,0.75344276
11644,MH-001_2023_R008_C028,MH-001,Gondkhari,2023,8,28,21.179714,78.920277,MH-001_C4,train,cnn_test,0,0,1,0.8523591
11645,MH-001_2023_R008_C029,MH-001,Gondkhari,2023,8,29,21.179714,78.920546,MH-001_C4,train,cnn_test,2,1,1,0.5909267
11646,MH-001_2023_R008_C030,MH-001,Gondkhari,2023,8,30,21.179714,78.920816,MH-001_C4,train,cnn_test,3,1,1,0.76931655
11647,MH-001_2023_R008_C031,MH-001,Gondkhari,2023,8,31,21.179714,78.921085,MH-001_C4,train,cnn_test,2,1,1,0.149641
11648,MH-001_2023_R008_C032,MH-001,Gondkhari,2023,8,32,21.179714,78.921355,MH-001_C4,train,cnn_test,1,0,1,0.2914828
11649,MH-001_2023_R008_C033,MH-001,Gondkhari,2023,8,33,21.179714,78.921624,MH-001_C5,train,cnn_test,2,1,1,0.24465416
11650,MH-001_2023_R008_C034,MH-001,Gondkhari,2023,8,34,21.179714,78.921894,MH-001_C5,train,cnn_test,2,1,1,0.65748626
11651,MH-001_2023_R008_C036,MH-001,Gondkhari,2023,8,36,21.179714,78.922433,MH-001_C5,train,cnn_test,2,1,1,0.83162093
11652,MH-001_2023_R008_C038,MH-001,Gondkhari,2023,8,38,21.179714,78.922972,MH-001_C5,train,cnn_test,1,0,1,0.5533917
11653,MH-001_2023_R008_C039,MH-001,Gondkhari,2023,8,39,21.179714,78.923241,MH-001_C5,train,cnn_test,2,1,1,0.53816086
11654,MH-001_2023_R008_C040,MH-001,Gondkhari,2023,8,40,21.179714,78.92351,MH-001_C6,train,cnn_test,0,0,1,0.84451115
11655,MH-001_2023_R008_C041,MH-001,Gondkhari,2023,8,41,21.179714,78.92378,MH-001_C6,train,cnn_test,2,1,1,0.84338367
11656,MH-001_2023_R008_C042,MH-001,Gondkhari,2023,8,42,21.179714,78.924049,MH-001_C6,train,cnn_test,0,0,1,0.8851318
11657,MH-001_2023_R008_C043,MH-001,Gondkhari,2023,8,43,21.179714,78.924319,MH-001_C6,train,cnn_test,1,0,1,0.8968565
11658,MH-001_2023_R008_C044,MH-001,Gondkhari,2023,8,44,21.179714,78.924588,MH-001_C6,train,cnn_test,2,1,1,0.90042096
11659,MH-001_2023_R008_C045,MH-001,Gondkhari,2023,8,45,21.179714,78.924858,MH-001_C6,train,cnn_test,0,0,1,0.9313655
11660,MH-001_2023_R008_C046,MH-001,Gondkhari,2023,8,46,21.179714,78.925127,MH-001_C7,train,cnn_test,0,0,1,0.94073296
11661,MH-001_2023_R009_C007,MH-001,Gondkhari,2023,9,7,21.179445,78.914617,MH-001_C0,train,cnn_test,1,0,0,0.019244691
11662,MH-001_2023_R009_C008,MH-001,Gondkhari,2023,9,8,21.179445,78.914887,MH-001_C1,train,cnn_test,1,0,0,0.030525314
11663,MH-001_2023_R009_C009,MH-001,Gondkhari,2023,9,9,21.179445,78.915156,MH-001_C1,train,cnn_test,0,0,1,0.1457804
11664,MH-001_2023_R009_C010,MH-001,Gondkhari,2023,9,10,21.179445,78.915426,MH-001_C1,train,cnn_test,0,0,1,0.1113679
11665,MH-001_2023_R009_C011,MH-001,Gondkhari,2023,9,11,21.179445,78.915695,MH-001_C1,train,cnn_test,0,0,1,0.2291012
11666,MH-001_2023_R009_C012,MH-001,Gondkhari,2023,9,12,21.179445,78.915965,MH-001_C1,train,cnn_test,0,0,1,0.17343737
11667,MH-001_2023_R009_C013,MH-001,Gondkhari,2023,9,13,21.179445,78.916234,MH-001_C1,train,cnn_test,0,0,1,0.25758025
11668,MH-001_2023_R009_C014,MH-001,Gondkhari,2023,9,14,21.179445,78.916504,MH-001_C2,train,cnn_test,0,0,0,0.052210346
11669,MH-001_2023_R009_C015,MH-001,Gondkhari,2023,9,15,21.179445,78.916773,MH-001_C2,train,cnn_test,0,0,0,0.06748112
11670,MH-001_2023_R009_C016,MH-001,Gondkhari,2023,9,16,21.179445,78.917043,MH-001_C2,train,cnn_test,1,0,1,0.13357976
11671,MH-001_2023_R009_C017,MH-001,Gondkhari,2023,9,17,21.179445,78.917312,MH-001_C2,train,cnn_test,1,0,1,0.4379052
11672,MH-001_2023_R009_C018,MH-001,Gondkhari,2023,9,18,21.179445,78.917582,MH-001_C2,train,cnn_test,0,0,1,0.75748616
11673,MH-001_2023_R009_C019,MH-001,Gondkhari,2023,9,19,21.179445,78.917851,MH-001_C2,train,cnn_test,2,1,1,0.7819463
11674,MH-001_2023_R009_C020,MH-001,Gondkhari,2023,9,20,21.179445,78.918121,MH-001_C2,train,cnn_test,1,0,1,0.84717727
11675,MH-001_2023_R009_C021,MH-001,Gondkhari,2023,9,21,21.179445,78.91839,MH-001_C3,train,cnn_test,3,1,1,0.35209265
11676,MH-001_2023_R009_C022,MH-001,Gondkhari,2023,9,22,21.179445,78.91866,MH-001_C3,train,cnn_test,2,1,1,0.74197334
11677,MH-001_2023_R009_C023,MH-001,Gondkhari,2023,9,23,21.179445,78.918929,MH-001_C3,train,cnn_test,1,0,1,0.42237303
11678,MH-001_2023_R009_C024,MH-001,Gondkhari,2023,9,24,21.179445,78.919199,MH-001_C3,train,cnn_test,2,1,1,0.548794
11679,MH-001_2023_R009_C025,MH-001,Gondkhari,2023,9,25,21.179445,78.919468,MH-001_C3,train,cnn_test,3,1,1,0.2843288
11680,MH-001_2023_R009_C026,MH-001,Gondkhari,2023,9,26,21.179445,78.919738,MH-001_C3,train,cnn_test,2,1,1,0.7418231
11681,MH-001_2023_R009_C027,MH-001,Gondkhari,2023,9,27,21.179445,78.920007,MH-001_C4,train,cnn_test,2,1,1,0.62071836
11682,MH-001_2023_R009_C028,MH-001,Gondkhari,2023,9,28,21.179445,78.920277,MH-001_C4,train,cnn_test,0,0,1,0.76494265
11683,MH-001_2023_R009_C029,MH-001,Gondkhari,2023,9,29,21.179445,78.920546,MH-001_C4,train,cnn_test,2,1,1,0.5591278
11684,MH-001_2023_R009_C030,MH-001,Gondkhari,2023,9,30,21.179445,78.920816,MH-001_C4,train,cnn_test,3,1,1,0.6792591
11685,MH-001_2023_R009_C031,MH-001,Gondkhari,2023,9,31,21.179445,78.921085,MH-001_C4,train,cnn_test,3,1,1,0.23405696
11686,MH-001_2023_R009_C032,MH-001,Gondkhari,2023,9,32,21.179445,78.921355,MH-001_C4,train,cnn_test,2,1,1,0.3471594
11687,MH-001_2023_R009_C033,MH-001,Gondkhari,2023,9,33,21.179445,78.921624,MH-001_C5,train,cnn_test,2,1,1,0.49351558
11688,MH-001_2023_R009_C034,MH-001,Gondkhari,2023,9,34,21.179445,78.921894,MH-001_C5,train,cnn_test,2,1,1,0.7527674
11689,MH-001_2023_R009_C035,MH-001,Gondkhari,2023,9,35,21.179445,78.922163,MH-001_C5,train,cnn_test,2,1,1,0.84231997
11690,MH-001_2023_R009_C036,MH-001,Gondkhari,2023,9,36,21.179445,78.922433,MH-001_C5,train,cnn_test,2,1,1,0.8378329
11691,MH-001_2023_R009_C037,MH-001,Gondkhari,2023,9,37,21.179445,78.922702,MH-001_C5,train,cnn_test,2,1,1,0.7085258
11692,MH-001_2023_R009_C038,MH-001,Gondkhari,2023,9,38,21.179445,78.922972,MH-001_C5,train,cnn_test,2,1,1,0.63210785
11693,MH-001_2023_R009_C039,MH-001,Gondkhari,2023,9,39,21.179445,78.923241,MH-001_C5,train,cnn_test,2,1,1,0.5866049
11694,MH-001_2023_R009_C040,MH-001,Gondkhari,2023,9,40,21.179445,78.92351,MH-001_C6,train,cnn_test,2,1,1,0.87455815
11695,MH-001_2023_R009_C041,MH-001,Gondkhari,2023,9,41,21.179445,78.92378,MH-001_C6,train,cnn_test,2,1,1,0.9034033
11696,MH-001_2023_R009_C042,MH-001,Gondkhari,2023,9,42,21.179445,78.924049,MH-001_C6,train,cnn_test,1,0,1,0.94012904
11697,MH-001_2023_R009_C043,MH-001,Gondkhari,2023,9,43,21.179445,78.924319,MH-001_C6,train,cnn_test,1,0,1,0.93491685
11698,MH-001_2023_R009_C044,MH-001,Gondkhari,2023,9,44,21.179445,78.924588,MH-001_C6,train,cnn_test,1,0,1,0.9410237
11699,MH-001_2023_R009_C045,MH-001,Gondkhari,2023,9,45,21.179445,78.924858,MH-001_C6,train,cnn_test,2,1,1,0.94095975
11700,MH-001_2023_R009_C046,MH-001,Gondkhari,2023,9,46,21.179445,78.925127,MH-001_C7,train,cnn_test,2,1,1,0.9375486
11701,MH-001_2023_R009_C047,MH-001,Gondkhari,2023,9,47,21.179445,78.925397,MH-001_C7,train,cnn_test,0,0,1,0.9550923
11702,MH-001_2023_R009_C048,MH-001,Gondkhari,2023,9,48,21.179445,78.925666,MH-001_C7,train,cnn_test,0,0,1,0.92475146
11703,MH-001_2023_R009_C049,MH-001,Gondkhari,2023,9,49,21.179445,78.925936,MH-001_C7,train,cnn_test,0,0,1,0.9581807
11704,MH-001_2023_R010_C007,MH-001,Gondkhari,2023,10,7,21.179175,78.914617,MH-001_C0,train,cnn_test,0,0,0,0.0425015
11705,MH-001_2023_R010_C008,MH-001,Gondkhari,2023,10,8,21.179175,78.914887,MH-001_C1,train,cnn_test,0,0,0,0.026875684
11706,MH-001_2023_R010_C009,MH-001,Gondkhari,2023,10,9,21.179175,78.915156,MH-001_C1,train,cnn_test,0,0,1,0.15649897
11707,MH-001_2023_R010_C010,MH-001,Gondkhari,2023,10,10,21.179175,78.915426,MH-001_C1,train,cnn_test,0,0,0,0.030653875
11708,MH-001_2023_R010_C011,MH-001,Gondkhari,2023,10,11,21.179175,78.915695,MH-001_C1,train,cnn_test,0,0,0,0.0960577
11709,MH-001_2023_R010_C012,MH-001,Gondkhari,2023,10,12,21.179175,78.915965,MH-001_C1,train,cnn_test,0,0,0,0.07754636
11710,MH-001_2023_R010_C013,MH-001,Gondkhari,2023,10,13,21.179175,78.916234,MH-001_C1,train,cnn_test,0,0,1,0.26125136
11711,MH-001_2023_R010_C014,MH-001,Gondkhari,2023,10,14,21.179175,78.916504,MH-001_C2,train,cnn_test,0,0,0,0.08674066
11712,MH-001_2023_R010_C015,MH-001,Gondkhari,2023,10,15,21.179175,78.916773,MH-001_C2,train,cnn_test,0,0,1,0.12962054
11713,MH-001_2023_R010_C016,MH-001,Gondkhari,2023,10,16,21.179175,78.917043,MH-001_C2,train,cnn_test,1,0,1,0.35949317
11714,MH-001_2023_R010_C017,MH-001,Gondkhari,2023,10,17,21.179175,78.917312,MH-001_C2,train,cnn_test,0,0,1,0.51626927
11715,MH-001_2023_R010_C021,MH-001,Gondkhari,2023,10,21,21.179175,78.91839,MH-001_C3,train,cnn_test,3,1,1,0.7961144
11716,MH-001_2023_R010_C022,MH-001,Gondkhari,2023,10,22,21.179175,78.91866,MH-001_C3,train,cnn_test,1,0,1,0.8456722
11717,MH-001_2023_R010_C023,MH-001,Gondkhari,2023,10,23,21.179175,78.918929,MH-001_C3,train,cnn_test,1,0,1,0.7747043
11718,MH-001_2023_R010_C024,MH-001,Gondkhari,2023,10,24,21.179175,78.919199,MH-001_C3,train,cnn_test,0,0,1,0.7917719
11719,MH-001_2023_R010_C026,MH-001,Gondkhari,2023,10,26,21.179175,78.919738,MH-001_C3,train,cnn_test,2,1,1,0.8645741
11720,MH-001_2023_R010_C028,MH-001,Gondkhari,2023,10,28,21.179175,78.920277,MH-001_C4,train,cnn_test,1,0,1,0.8653749
11721,MH-001_2023_R010_C029,MH-001,Gondkhari,2023,10,29,21.179175,78.920546,MH-001_C4,train,cnn_test,2,1,1,0.53565496
11722,MH-001_2023_R010_C030,MH-001,Gondkhari,2023,10,30,21.179175,78.920816,MH-001_C4,train,cnn_test,3,1,1,0.6684353
11723,MH-001_2023_R010_C031,MH-001,Gondkhari,2023,10,31,21.179175,78.921085,MH-001_C4,train,cnn_test,3,1,1,0.11278421
11724,MH-001_2023_R010_C032,MH-001,Gondkhari,2023,10,32,21.179175,78.921355,MH-001_C4,train,cnn_test,3,1,1,0.21276471
11725,MH-001_2023_R010_C033,MH-001,Gondkhari,2023,10,33,21.179175,78.921624,MH-001_C5,train,cnn_test,3,1,1,0.17372878
11726,MH-001_2023_R010_C034,MH-001,Gondkhari,2023,10,34,21.179175,78.921894,MH-001_C5,train,cnn_test,2,1,1,0.7398146
11727,MH-001_2023_R010_C035,MH-001,Gondkhari,2023,10,35,21.179175,78.922163,MH-001_C5,train,cnn_test,0,0,1,0.69140166
11728,MH-001_2023_R010_C036,MH-001,Gondkhari,2023,10,36,21.179175,78.922433,MH-001_C5,train,cnn_test,2,1,1,0.7597035
11729,MH-001_2023_R010_C037,MH-001,Gondkhari,2023,10,37,21.179175,78.922702,MH-001_C5,train,cnn_test,0,0,1,0.2770433
11730,MH-001_2023_R010_C038,MH-001,Gondkhari,2023,10,38,21.179175,78.922972,MH-001_C5,train,cnn_test,2,1,1,0.19177794
11731,MH-001_2023_R010_C039,MH-001,Gondkhari,2023,10,39,21.179175,78.923241,MH-001_C5,train,cnn_test,2,1,1,0.1401124
11732,MH-001_2023_R010_C040,MH-001,Gondkhari,2023,10,40,21.179175,78.92351,MH-001_C6,train,cnn_test,2,1,1,0.7795714
11733,MH-001_2023_R010_C041,MH-001,Gondkhari,2023,10,41,21.179175,78.92378,MH-001_C6,train,cnn_test,2,1,1,0.7772855
11734,MH-001_2023_R010_C042,MH-001,Gondkhari,2023,10,42,21.179175,78.924049,MH-001_C6,train,cnn_test,1,0,1,0.85689545
11735,MH-001_2023_R010_C043,MH-001,Gondkhari,2023,10,43,21.179175,78.924319,MH-001_C6,train,cnn_test,0,0,1,0.83628696
11736,MH-001_2023_R010_C044,MH-001,Gondkhari,2023,10,44,21.179175,78.924588,MH-001_C6,train,cnn_test,0,0,1,0.85538584
11737,MH-001_2023_R010_C045,MH-001,Gondkhari,2023,10,45,21.179175,78.924858,MH-001_C6,train,cnn_test,2,1,1,0.89477915
11738,MH-001_2023_R010_C046,MH-001,Gondkhari,2023,10,46,21.179175,78.925127,MH-001_C7,train,cnn_test,2,1,1,0.92214376
11739,MH-001_2023_R010_C047,MH-001,Gondkhari,2023,10,47,21.179175,78.925397,MH-001_C7,train,cnn_test,2,1,1,0.93178076
11740,MH-001_2023_R010_C048,MH-001,Gondkhari,2023,10,48,21.179175,78.925666,MH-001_C7,train,cnn_test,2,1,1,0.90841395
11741,MH-001_2023_R010_C049,MH-001,Gondkhari,2023,10,49,21.179175,78.925936,MH-001_C7,train,cnn_test,0,0,1,0.9336762
11742,MH-001_2023_R010_C050,MH-001,Gondkhari,2023,10,50,21.179175,78.926205,MH-001_C7,train,cnn_test,0,0,1,0.9340316
11743,MH-001_2023_R010_C051,MH-001,Gondkhari,2023,10,51,21.179175,78.926475,MH-001_C7,train,cnn_test,0,0,1,0.9581159
11744,MH-001_2023_R011_C007,MH-001,Gondkhari,2023,11,7,21.178906,78.914617,MH-001_C0,train,cnn_test,0,0,0,0.010374113
11745,MH-001_2023_R011_C008,MH-001,Gondkhari,2023,11,8,21.178906,78.914887,MH-001_C1,train,cnn_test,0,0,0,0.008797655
11746,MH-001_2023_R011_C009,MH-001,Gondkhari,2023,11,9,21.178906,78.915156,MH-001_C1,train,cnn_test,0,0,0,0.03310439
11747,MH-001_2023_R011_C010,MH-001,Gondkhari,2023,11,10,21.178906,78.915426,MH-001_C1,train,cnn_test,0,0,0,0.011751482
11748,MH-001_2023_R011_C011,MH-001,Gondkhari,2023,11,11,21.178906,78.915695,MH-001_C1,train,cnn_test,0,0,0,0.017415423
11749,MH-001_2023_R011_C012,MH-001,Gondkhari,2023,11,12,21.178906,78.915965,MH-001_C1,train,cnn_test,0,0,0,0.019374756
11750,MH-001_2023_R011_C014,MH-001,Gondkhari,2023,11,14,21.178906,78.916504,MH-001_C2,train,cnn_test,1,0,0,0.026622767
11751,MH-001_2023_R011_C015,MH-001,Gondkhari,2023,11,15,21.178906,78.916773,MH-001_C2,train,cnn_test,1,0,0,0.044524107
11752,MH-001_2023_R011_C016,MH-001,Gondkhari,2023,11,16,21.178906,78.917043,MH-001_C2,train,cnn_test,1,0,1,0.14601976
11753,MH-001_2023_R011_C017,MH-001,Gondkhari,2023,11,17,21.178906,78.917312,MH-001_C2,train,cnn_test,0,0,1,0.23165002
11754,MH-001_2023_R011_C018,MH-001,Gondkhari,2023,11,18,21.178906,78.917582,MH-001_C2,train,cnn_test,0,0,1,0.69395936
11755,MH-001_2023_R011_C021,MH-001,Gondkhari,2023,11,21,21.178906,78.91839,MH-001_C3,train,cnn_test,2,1,1,0.705964
11756,MH-001_2023_R011_C022,MH-001,Gondkhari,2023,11,22,21.178906,78.91866,MH-001_C3,train,cnn_test,0,0,1,0.87098813
11757,MH-001_2023_R011_C023,MH-001,Gondkhari,2023,11,23,21.178906,78.918929,MH-001_C3,train,cnn_test,0,0,1,0.67008215
11758,MH-001_2023_R011_C026,MH-001,Gondkhari,2023,11,26,21.178906,78.919738,MH-001_C3,train,cnn_test,1,0,1,0.6863109
11759,MH-001_2023_R011_C028,MH-001,Gondkhari,2023,11,28,21.178906,78.920277,MH-001_C4,train,cnn_test,0,0,1,0.6524615
11760,MH-001_2023_R011_C029,MH-001,Gondkhari,2023,11,29,21.178906,78.920546,MH-001_C4,train,cnn_test,2,1,1,0.27908763
11761,MH-001_2023_R011_C030,MH-001,Gondkhari,2023,11,30,21.178906,78.920816,MH-001_C4,train,cnn_test,2,1,1,0.36721647
11762,MH-001_2023_R011_C031,MH-001,Gondkhari,2023,11,31,21.178906,78.921085,MH-001_C4,train,cnn_test,2,1,0,0.080685675
11763,MH-001_2023_R011_C032,MH-001,Gondkhari,2023,11,32,21.178906,78.921355,MH-001_C4,train,cnn_test,2,1,1,0.14318587
11764,MH-001_2023_R011_C033,MH-001,Gondkhari,2023,11,33,21.178906,78.921624,MH-001_C5,train,cnn_test,2,1,1,0.18507476
11765,MH-001_2023_R011_C034,MH-001,Gondkhari,2023,11,34,21.178906,78.921894,MH-001_C5,train,cnn_test,2,1,1,0.6636669
11766,MH-001_2023_R011_C035,MH-001,Gondkhari,2023,11,35,21.178906,78.922163,MH-001_C5,train,cnn_test,2,1,1,0.7193979
11767,MH-001_2023_R011_C036,MH-001,Gondkhari,2023,11,36,21.178906,78.922433,MH-001_C5,train,cnn_test,2,1,1,0.43767455
11768,MH-001_2023_R011_C037,MH-001,Gondkhari,2023,11,37,21.178906,78.922702,MH-001_C5,train,cnn_test,2,1,1,0.29648408
11769,MH-001_2023_R011_C038,MH-001,Gondkhari,2023,11,38,21.178906,78.922972,MH-001_C5,train,cnn_test,2,1,1,0.18339895
11770,MH-001_2023_R011_C039,MH-001,Gondkhari,2023,11,39,21.178906,78.923241,MH-001_C5,train,cnn_test,2,1,1,0.11676346
11771,MH-001_2023_R011_C040,MH-001,Gondkhari,2023,11,40,21.178906,78.92351,MH-001_C6,train,cnn_test,2,1,1,0.6652889
11772,MH-001_2023_R011_C041,MH-001,Gondkhari,2023,11,41,21.178906,78.92378,MH-001_C6,train,cnn_test,3,1,1,0.78719854
11773,MH-001_2023_R011_C042,MH-001,Gondkhari,2023,11,42,21.178906,78.924049,MH-001_C6,train,cnn_test,2,1,1,0.85916555
11774,MH-001_2023_R011_C043,MH-001,Gondkhari,2023,11,43,21.178906,78.924319,MH-001_C6,train,cnn_test,1,0,1,0.8636228
11775,MH-001_2023_R011_C044,MH-001,Gondkhari,2023,11,44,21.178906,78.924588,MH-001_C6,train,cnn_test,0,0,1,0.86074615
11776,MH-001_2023_R011_C045,MH-001,Gondkhari,2023,11,45,21.178906,78.924858,MH-001_C6,train,cnn_test,2,1,1,0.8930034
11777,MH-001_2023_R011_C046,MH-001,Gondkhari,2023,11,46,21.178906,78.925127,MH-001_C7,train,cnn_test,2,1,1,0.9363275
11778,MH-001_2023_R011_C047,MH-001,Gondkhari,2023,11,47,21.178906,78.925397,MH-001_C7,train,cnn_test,2,1,1,0.95625407
11779,MH-001_2023_R011_C048,MH-001,Gondkhari,2023,11,48,21.178906,78.925666,MH-001_C7,train,cnn_test,3,1,1,0.9508207
11780,MH-001_2023_R011_C049,MH-001,Gondkhari,2023,11,49,21.178906,78.925936,MH-001_C7,train,cnn_test,1,0,1,0.97284657
11781,MH-001_2023_R011_C050,MH-001,Gondkhari,2023,11,50,21.178906,78.926205,MH-001_C7,train,cnn_test,2,1,1,0.9617853
11782,MH-001_2023_R011_C051,MH-001,Gondkhari,2023,11,51,21.178906,78.926475,MH-001_C7,train,cnn_test,2,1,1,0.9748999
11783,MH-001_2023_R012_C007,MH-001,Gondkhari,2023,12,7,21.178636,78.914617,MH-001_C0,train,cnn_test,1,0,0,0.0018745332
11784,MH-001_2023_R012_C008,MH-001,Gondkhari,2023,12,8,21.178636,78.914887,MH-001_C1,train,cnn_test,0,0,0,0.002320209
11785,MH-001_2023_R012_C009,MH-001,Gondkhari,2023,12,9,21.178636,78.915156,MH-001_C1,train,cnn_test,0,0,0,0.006760171
11786,MH-001_2023_R012_C010,MH-001,Gondkhari,2023,12,10,21.178636,78.915426,MH-001_C1,train,cnn_test,0,0,0,0.0033766846
11787,MH-001_2023_R012_C011,MH-001,Gondkhari,2023,12,11,21.178636,78.915695,MH-001_C1,train,cnn_test,0,0,0,0.004181142
11788,MH-001_2023_R012_C013,MH-001,Gondkhari,2023,12,13,21.178636,78.916234,MH-001_C1,train,cnn_test,1,0,0,0.01979626
11789,MH-001_2023_R012_C014,MH-001,Gondkhari,2023,12,14,21.178636,78.916504,MH-001_C2,train,cnn_test,1,0,0,0.017585868
11790,MH-001_2023_R012_C015,MH-001,Gondkhari,2023,12,15,21.178636,78.916773,MH-001_C2,train,cnn_test,1,0,0,0.02653735
11791,MH-001_2023_R012_C016,MH-001,Gondkhari,2023,12,16,21.178636,78.917043,MH-001_C2,train,cnn_test,1,0,0,0.097669266
11792,MH-001_2023_R012_C017,MH-001,Gondkhari,2023,12,17,21.178636,78.917312,MH-001_C2,train,cnn_test,1,0,1,0.27205974
11793,MH-001_2023_R012_C018,MH-001,Gondkhari,2023,12,18,21.178636,78.917582,MH-001_C2,train,cnn_test,1,0,1,0.5618392
11794,MH-001_2023_R012_C019,MH-001,Gondkhari,2023,12,19,21.178636,78.917851,MH-001_C2,train,cnn_test,1,0,1,0.73377603
11795,MH-001_2023_R012_C020,MH-001,Gondkhari,2023,12,20,21.178636,78.918121,MH-001_C2,train,cnn_test,1,0,1,0.834913
11796,MH-001_2023_R012_C026,MH-001,Gondkhari,2023,12,26,21.178636,78.919738,MH-001_C3,train,cnn_test,0,0,1,0.7884564
11797,MH-001_2023_R012_C027,MH-001,Gondkhari,2023,12,27,21.178636,78.920007,MH-001_C4,train,cnn_test,0,0,1,0.45010144
11798,MH-001_2023_R012_C028,MH-001,Gondkhari,2023,12,28,21.178636,78.920277,MH-001_C4,train,cnn_test,0,0,1,0.6536567
11799,MH-001_2023_R012_C029,MH-001,Gondkhari,2023,12,29,21.178636,78.920546,MH-001_C4,train,cnn_test,0,0,1,0.1350297
11800,MH-001_2023_R012_C030,MH-001,Gondkhari,2023,12,30,21.178636,78.920816,MH-001_C4,train,cnn_test,1,0,1,0.16871384
11801,MH-001_2023_R012_C031,MH-001,Gondkhari,2023,12,31,21.178636,78.921085,MH-001_C4,train,cnn_test,3,1,0,0.030399255
11802,MH-001_2023_R012_C032,MH-001,Gondkhari,2023,12,32,21.178636,78.921355,MH-001_C4,train,cnn_test,3,1,0,0.06411755
11803,MH-001_2023_R012_C033,MH-001,Gondkhari,2023,12,33,21.178636,78.921624,MH-001_C5,train,cnn_test,1,0,0,0.081005044
11804,MH-001_2023_R012_C034,MH-001,Gondkhari,2023,12,34,21.178636,78.921894,MH-001_C5,train,cnn_test,3,1,1,0.52241063
11805,MH-001_2023_R012_C035,MH-001,Gondkhari,2023,12,35,21.178636,78.922163,MH-001_C5,train,cnn_test,2,1,1,0.69422764
11806,MH-001_2023_R012_C036,MH-001,Gondkhari,2023,12,36,21.178636,78.922433,MH-001_C5,train,cnn_test,2,1,1,0.804012
11807,MH-001_2023_R012_C037,MH-001,Gondkhari,2023,12,37,21.178636,78.922702,MH-001_C5,train,cnn_test,1,0,1,0.31338724
11808,MH-001_2023_R012_C038,MH-001,Gondkhari,2023,12,38,21.178636,78.922972,MH-001_C5,train,cnn_test,2,1,1,0.34337795
11809,MH-001_2023_R012_C039,MH-001,Gondkhari,2023,12,39,21.178636,78.923241,MH-001_C5,train,cnn_test,3,1,1,0.2160394
11810,MH-001_2023_R012_C040,MH-001,Gondkhari,2023,12,40,21.178636,78.92351,MH-001_C6,train,cnn_test,2,1,1,0.84205776
11811,MH-001_2023_R012_C041,MH-001,Gondkhari,2023,12,41,21.178636,78.92378,MH-001_C6,train,cnn_test,3,1,1,0.8173147
11812,MH-001_2023_R012_C042,MH-001,Gondkhari,2023,12,42,21.178636,78.924049,MH-001_C6,train,cnn_test,2,1,1,0.84306145
11813,MH-001_2023_R012_C043,MH-001,Gondkhari,2023,12,43,21.178636,78.924319,MH-001_C6,train,cnn_test,1,0,1,0.7795702
11814,MH-001_2023_R012_C044,MH-001,Gondkhari,2023,12,44,21.178636,78.924588,MH-001_C6,train,cnn_test,1,0,1,0.8679021
11815,MH-001_2023_R012_C045,MH-001,Gondkhari,2023,12,45,21.178636,78.924858,MH-001_C6,train,cnn_test,2,1,1,0.9131841
11816,MH-001_2023_R012_C046,MH-001,Gondkhari,2023,12,46,21.178636,78.925127,MH-001_C7,train,cnn_test,2,1,1,0.9449786
11817,MH-001_2023_R012_C047,MH-001,Gondkhari,2023,12,47,21.178636,78.925397,MH-001_C7,train,cnn_test,2,1,1,0.9424426
11818,MH-001_2023_R012_C048,MH-001,Gondkhari,2023,12,48,21.178636,78.925666,MH-001_C7,train,cnn_test,2,1,1,0.91641456
11819,MH-001_2023_R012_C049,MH-001,Gondkhari,2023,12,49,21.178636,78.925936,MH-001_C7,train,cnn_test,0,0,1,0.94808406
11820,MH-001_2023_R012_C050,MH-001,Gondkhari,2023,12,50,21.178636,78.926205,MH-001_C7,train,cnn_test,2,1,1,0.93475735
11821,MH-001_2023_R012_C051,MH-001,Gondkhari,2023,12,51,21.178636,78.926475,MH-001_C7,train,cnn_test,3,1,1,0.9531245
11822,MH-001_2023_R013_C008,MH-001,Gondkhari,2023,13,8,21.178367,78.914887,MH-001_C1,train,cnn_test,0,0,0,0.00405506
11823,MH-001_2023_R013_C009,MH-001,Gondkhari,2023,13,9,21.178367,78.915156,MH-001_C1,train,cnn_test,0,0,0,0.0035416216
11824,MH-001_2023_R013_C010,MH-001,Gondkhari,2023,13,10,21.178367,78.915426,MH-001_C1,train,cnn_test,0,0,0,0.0040303315
11825,MH-001_2023_R013_C011,MH-001,Gondkhari,2023,13,11,21.178367,78.915695,MH-001_C1,train,cnn_test,0,0,0,0.0038028501
11826,MH-001_2023_R013_C012,MH-001,Gondkhari,2023,13,12,21.178367,78.915965,MH-001_C1,train,cnn_test,0,0,0,0.011813866
11827,MH-001_2023_R013_C015,MH-001,Gondkhari,2023,13,15,21.178367,78.916773,MH-001_C2,train,cnn_test,1,0,0,0.017036762
11828,MH-001_2023_R013_C016,MH-001,Gondkhari,2023,13,16,21.178367,78.917043,MH-001_C2,train,cnn_test,1,0,0,0.06856419
11829,MH-001_2023_R013_C017,MH-001,Gondkhari,2023,13,17,21.178367,78.917312,MH-001_C2,train,cnn_test,1,0,0,0.0714867
11830,MH-001_2023_R013_C018,MH-001,Gondkhari,2023,13,18,21.178367,78.917582,MH-001_C2,train,cnn_test,1,0,1,0.34067184
11831,MH-001_2023_R013_C019,MH-001,Gondkhari,2023,13,19,21.178367,78.917851,MH-001_C2,train,cnn_test,1,0,1,0.49929896
11832,MH-001_2023_R013_C020,MH-001,Gondkhari,2023,13,20,21.178367,78.918121,MH-001_C2,train,cnn_test,1,0,1,0.6873399
11833,MH-001_2023_R013_C021,MH-001,Gondkhari,2023,13,21,21.178367,78.91839,MH-001_C3,train,cnn_test,1,0,1,0.34922412
11834,MH-001_2023_R013_C026,MH-001,Gondkhari,2023,13,26,21.178367,78.919738,MH-001_C3,train,cnn_test,0,0,1,0.2748482
11835,MH-001_2023_R013_C027,MH-001,Gondkhari,2023,13,27,21.178367,78.920007,MH-001_C4,train,cnn_test,0,0,1,0.11423115
11836,MH-001_2023_R013_C028,MH-001,Gondkhari,2023,13,28,21.178367,78.920277,MH-001_C4,train,cnn_test,0,0,1,0.36116204
11837,MH-001_2023_R013_C029,MH-001,Gondkhari,2023,13,29,21.178367,78.920546,MH-001_C4,train,cnn_test,0,0,1,0.11419913
11838,MH-001_2023_R013_C030,MH-001,Gondkhari,2023,13,30,21.178367,78.920816,MH-001_C4,train,cnn_test,1,0,1,0.22495279
11839,MH-001_2023_R013_C031,MH-001,Gondkhari,2023,13,31,21.178367,78.921085,MH-001_C4,train,cnn_test,2,1,0,0.06372587
11840,MH-001_2023_R013_C032,MH-001,Gondkhari,2023,13,32,21.178367,78.921355,MH-001_C4,train,cnn_test,2,1,1,0.12358509
11841,MH-001_2023_R013_C033,MH-001,Gondkhari,2023,13,33,21.178367,78.921624,MH-001_C5,train,cnn_test,2,1,1,0.15436691
11842,MH-001_2023_R013_C034,MH-001,Gondkhari,2023,13,34,21.178367,78.921894,MH-001_C5,train,cnn_test,2,1,1,0.6406439
11843,MH-001_2023_R013_C035,MH-001,Gondkhari,2023,13,35,21.178367,78.922163,MH-001_C5,train,cnn_test,3,1,1,0.7985417
11844,MH-001_2023_R013_C036,MH-001,Gondkhari,2023,13,36,21.178367,78.922433,MH-001_C5,train,cnn_test,1,0,1,0.7139348
11845,MH-001_2023_R013_C037,MH-001,Gondkhari,2023,13,37,21.178367,78.922702,MH-001_C5,train,cnn_test,1,0,1,0.68245083
11846,MH-001_2023_R013_C038,MH-001,Gondkhari,2023,13,38,21.178367,78.922972,MH-001_C5,train,cnn_test,0,0,1,0.7541394
11847,MH-001_2023_R013_C039,MH-001,Gondkhari,2023,13,39,21.178367,78.923241,MH-001_C5,train,cnn_test,1,0,1,0.4500646
11848,MH-001_2023_R013_C040,MH-001,Gondkhari,2023,13,40,21.178367,78.92351,MH-001_C6,train,cnn_test,1,0,1,0.8641381
11849,MH-001_2023_R013_C041,MH-001,Gondkhari,2023,13,41,21.178367,78.92378,MH-001_C6,train,cnn_test,1,0,1,0.8929462
11850,MH-001_2023_R013_C042,MH-001,Gondkhari,2023,13,42,21.178367,78.924049,MH-001_C6,train,cnn_test,1,0,1,0.922867
11851,MH-001_2023_R013_C043,MH-001,Gondkhari,2023,13,43,21.178367,78.924319,MH-001_C6,train,cnn_test,0,0,1,0.87748396
11852,MH-001_2023_R013_C044,MH-001,Gondkhari,2023,13,44,21.178367,78.924588,MH-001_C6,train,cnn_test,1,0,1,0.9071957
11853,MH-001_2023_R013_C045,MH-001,Gondkhari,2023,13,45,21.178367,78.924858,MH-001_C6,train,cnn_test,1,0,1,0.93360335
11854,MH-001_2023_R013_C046,MH-001,Gondkhari,2023,13,46,21.178367,78.925127,MH-001_C7,train,cnn_test,1,0,1,0.94315064
11855,MH-001_2023_R013_C047,MH-001,Gondkhari,2023,13,47,21.178367,78.925397,MH-001_C7,train,cnn_test,2,1,1,0.95895934
11856,MH-001_2023_R013_C048,MH-001,Gondkhari,2023,13,48,21.178367,78.925666,MH-001_C7,train,cnn_test,2,1,1,0.92811996
11857,MH-001_2023_R013_C049,MH-001,Gondkhari,2023,13,49,21.178367,78.925936,MH-001_C7,train,cnn_test,2,1,1,0.95389134
11858,MH-001_2023_R013_C050,MH-001,Gondkhari,2023,13,50,21.178367,78.926205,MH-001_C7,train,cnn_test,2,1,1,0.927537
11859,MH-001_2023_R013_C051,MH-001,Gondkhari,2023,13,51,21.178367,78.926475,MH-001_C7,train,cnn_test,2,1,1,0.91185904
11860,MH-001_2023_R014_C007,MH-001,Gondkhari,2023,14,7,21.178097,78.914617,MH-001_C0,train,cnn_test,0,0,0,0.0036882276
11861,MH-001_2023_R014_C008,MH-001,Gondkhari,2023,14,8,21.178097,78.914887,MH-001_C1,train,cnn_test,0,0,0,0.0056819725
11862,MH-001_2023_R014_C009,MH-001,Gondkhari,2023,14,9,21.178097,78.915156,MH-001_C1,train,cnn_test,0,0,0,0.01216977
11863,MH-001_2023_R014_C010,MH-001,Gondkhari,2023,14,10,21.178097,78.915426,MH-001_C1,train,cnn_test,0,0,0,0.008285014
11864,MH-001_2023_R014_C011,MH-001,Gondkhari,2023,14,11,21.178097,78.915695,MH-001_C1,train,cnn_test,0,0,0,0.007723086
11865,MH-001_2023_R014_C012,MH-001,Gondkhari,2023,14,12,21.178097,78.915965,MH-001_C1,train,cnn_test,0,0,0,0.011656504
11866,MH-001_2023_R014_C013,MH-001,Gondkhari,2023,14,13,21.178097,78.916234,MH-001_C1,train,cnn_test,1,0,0,0.013970698
11867,MH-001_2023_R014_C014,MH-001,Gondkhari,2023,14,14,21.178097,78.916504,MH-001_C2,train,cnn_test,1,0,0,0.011650254
11868,MH-001_2023_R014_C015,MH-001,Gondkhari,2023,14,15,21.178097,78.916773,MH-001_C2,train,cnn_test,0,0,0,0.040412262
11869,MH-001_2023_R014_C017,MH-001,Gondkhari,2023,14,17,21.178097,78.917312,MH-001_C2,train,cnn_test,0,0,1,0.23730789
11870,MH-001_2023_R014_C018,MH-001,Gondkhari,2023,14,18,21.178097,78.917582,MH-001_C2,train,cnn_test,1,0,1,0.30263034
11871,MH-001_2023_R014_C019,MH-001,Gondkhari,2023,14,19,21.178097,78.917851,MH-001_C2,train,cnn_test,1,0,1,0.43172657
11872,MH-001_2023_R014_C020,MH-001,Gondkhari,2023,14,20,21.178097,78.918121,MH-001_C2,train,cnn_test,1,0,1,0.5295844
11873,MH-001_2023_R014_C021,MH-001,Gondkhari,2023,14,21,21.178097,78.91839,MH-001_C3,train,cnn_test,1,0,1,0.34092316
11874,MH-001_2023_R014_C023,MH-001,Gondkhari,2023,14,23,21.178097,78.918929,MH-001_C3,train,cnn_test,0,0,1,0.33125702
11875,MH-001_2023_R014_C024,MH-001,Gondkhari,2023,14,24,21.178097,78.919199,MH-001_C3,train,cnn_test,0,0,1,0.19112758
11876,MH-001_2023_R014_C025,MH-001,Gondkhari,2023,14,25,21.178097,78.919468,MH-001_C3,train,cnn_test,0,0,1,0.15167262
11877,MH-001_2023_R014_C027,MH-001,Gondkhari,2023,14,27,21.178097,78.920007,MH-001_C4,train,cnn_test,0,0,1,0.23448807
11878,MH-001_2023_R014_C028,MH-001,Gondkhari,2023,14,28,21.178097,78.920277,MH-001_C4,train,cnn_test,0,0,1,0.3946385
11879,MH-001_2023_R014_C029,MH-001,Gondkhari,2023,14,29,21.178097,78.920546,MH-001_C4,train,cnn_test,0,0,1,0.23270506
11880,MH-001_2023_R014_C030,MH-001,Gondkhari,2023,14,30,21.178097,78.920816,MH-001_C4,train,cnn_test,0,0,1,0.42658594
11881,MH-001_2023_R014_C031,MH-001,Gondkhari,2023,14,31,21.178097,78.921085,MH-001_C4,train,cnn_test,1,0,1,0.15103915
11882,MH-001_2023_R014_C032,MH-001,Gondkhari,2023,14,32,21.178097,78.921355,MH-001_C4,train,cnn_test,1,0,1,0.20346038
11883,MH-001_2023_R014_C033,MH-001,Gondkhari,2023,14,33,21.178097,78.921624,MH-001_C5,train,cnn_test,1,0,1,0.21811095
11884,MH-001_2023_R014_C034,MH-001,Gondkhari,2023,14,34,21.178097,78.921894,MH-001_C5,train,cnn_test,3,1,1,0.55649465
11885,MH-001_2023_R014_C035,MH-001,Gondkhari,2023,14,35,21.178097,78.922163,MH-001_C5,train,cnn_test,1,0,1,0.7627004
11886,MH-001_2023_R014_C036,MH-001,Gondkhari,2023,14,36,21.178097,78.922433,MH-001_C5,train,cnn_test,1,0,1,0.8414363
11887,MH-001_2023_R014_C037,MH-001,Gondkhari,2023,14,37,21.178097,78.922702,MH-001_C5,train,cnn_test,1,0,1,0.49432796
11888,MH-001_2023_R014_C038,MH-001,Gondkhari,2023,14,38,21.178097,78.922972,MH-001_C5,train,cnn_test,1,0,1,0.6299478
11889,MH-001_2023_R014_C039,MH-001,Gondkhari,2023,14,39,21.178097,78.923241,MH-001_C5,train,cnn_test,1,0,1,0.24677318
11890,MH-001_2023_R014_C040,MH-001,Gondkhari,2023,14,40,21.178097,78.92351,MH-001_C6,train,cnn_test,1,0,1,0.77462184
11891,MH-001_2023_R014_C041,MH-001,Gondkhari,2023,14,41,21.178097,78.92378,MH-001_C6,train,cnn_test,1,0,1,0.76398855
11892,MH-001_2023_R014_C042,MH-001,Gondkhari,2023,14,42,21.178097,78.924049,MH-001_C6,train,cnn_test,1,0,1,0.7889962
11893,MH-001_2023_R014_C043,MH-001,Gondkhari,2023,14,43,21.178097,78.924319,MH-001_C6,train,cnn_test,0,0,1,0.5329369
11894,MH-001_2023_R014_C044,MH-001,Gondkhari,2023,14,44,21.178097,78.924588,MH-001_C6,train,cnn_test,0,0,1,0.82676667
11895,MH-001_2023_R014_C045,MH-001,Gondkhari,2023,14,45,21.178097,78.924858,MH-001_C6,train,cnn_test,0,0,1,0.88545936
11896,MH-001_2023_R014_C046,MH-001,Gondkhari,2023,14,46,21.178097,78.925127,MH-001_C7,train,cnn_test,1,0,1,0.8988097
11897,MH-001_2023_R014_C047,MH-001,Gondkhari,2023,14,47,21.178097,78.925397,MH-001_C7,train,cnn_test,1,0,1,0.9001462
11898,MH-001_2023_R014_C048,MH-001,Gondkhari,2023,14,48,21.178097,78.925666,MH-001_C7,train,cnn_test,1,0,1,0.8530465
11899,MH-001_2023_R014_C049,MH-001,Gondkhari,2023,14,49,21.178097,78.925936,MH-001_C7,train,cnn_test,2,1,1,0.84018326
11900,MH-001_2023_R014_C050,MH-001,Gondkhari,2023,14,50,21.178097,78.926205,MH-001_C7,train,cnn_test,3,1,1,0.8321104
11901,MH-001_2023_R014_C051,MH-001,Gondkhari,2023,14,51,21.178097,78.926475,MH-001_C7,train,cnn_test,0,0,1,0.7386667
11902,MH-001_2023_R015_C007,MH-001,Gondkhari,2023,15,7,21.177828,78.914617,MH-001_C0,train,cnn_test,1,0,0,0.008575029
11903,MH-001_2023_R015_C008,MH-001,Gondkhari,2023,15,8,21.177828,78.914887,MH-001_C1,train,cnn_test,1,0,0,0.018215377
11904,MH-001_2023_R015_C009,MH-001,Gondkhari,2023,15,9,21.177828,78.915156,MH-001_C1,train,cnn_test,0,0,0,0.019661289
11905,MH-001_2023_R015_C010,MH-001,Gondkhari,2023,15,10,21.177828,78.915426,MH-001_C1,train,cnn_test,0,0,0,0.014502564
11906,MH-001_2023_R015_C011,MH-001,Gondkhari,2023,15,11,21.177828,78.915695,MH-001_C1,train,cnn_test,0,0,0,0.014239953
11907,MH-001_2023_R015_C012,MH-001,Gondkhari,2023,15,12,21.177828,78.915965,MH-001_C1,train,cnn_test,0,0,0,0.016001636
11908,MH-001_2023_R015_C013,MH-001,Gondkhari,2023,15,13,21.177828,78.916234,MH-001_C1,train,cnn_test,0,0,0,0.004613729
11909,MH-001_2023_R015_C014,MH-001,Gondkhari,2023,15,14,21.177828,78.916504,MH-001_C2,train,cnn_test,0,0,0,0.00523363
11910,MH-001_2023_R015_C015,MH-001,Gondkhari,2023,15,15,21.177828,78.916773,MH-001_C2,train,cnn_test,0,0,0,0.014499621
11911,MH-001_2023_R015_C016,MH-001,Gondkhari,2023,15,16,21.177828,78.917043,MH-001_C2,train,cnn_test,0,0,0,0.05208477
11912,MH-001_2023_R015_C017,MH-001,Gondkhari,2023,15,17,21.177828,78.917312,MH-001_C2,train,cnn_test,0,0,0,0.06476309
11913,MH-001_2023_R015_C019,MH-001,Gondkhari,2023,15,19,21.177828,78.917851,MH-001_C2,train,cnn_test,1,0,1,0.21514206
11914,MH-001_2023_R015_C020,MH-001,Gondkhari,2023,15,20,21.177828,78.918121,MH-001_C2,train,cnn_test,1,0,1,0.3438151
11915,MH-001_2023_R015_C023,MH-001,Gondkhari,2023,15,23,21.177828,78.918929,MH-001_C3,train,cnn_test,0,0,1,0.27729818
11916,MH-001_2023_R015_C024,MH-001,Gondkhari,2023,15,24,21.177828,78.919199,MH-001_C3,train,cnn_test,1,0,1,0.15920784
11917,MH-001_2023_R015_C025,MH-001,Gondkhari,2023,15,25,21.177828,78.919468,MH-001_C3,train,cnn_test,0,0,0,0.08782595
11918,MH-001_2023_R015_C026,MH-001,Gondkhari,2023,15,26,21.177828,78.919738,MH-001_C3,train,cnn_test,0,0,1,0.2611915
11919,MH-001_2023_R015_C028,MH-001,Gondkhari,2023,15,28,21.177828,78.920277,MH-001_C4,train,cnn_test,0,0,1,0.23274256
11920,MH-001_2023_R015_C029,MH-001,Gondkhari,2023,15,29,21.177828,78.920546,MH-001_C4,train,cnn_test,0,0,0,0.072636075
11921,MH-001_2023_R015_C030,MH-001,Gondkhari,2023,15,30,21.177828,78.920816,MH-001_C4,train,cnn_test,0,0,1,0.24440545
11922,MH-001_2023_R015_C031,MH-001,Gondkhari,2023,15,31,21.177828,78.921085,MH-001_C4,train,cnn_test,1,0,1,0.19932222
11923,MH-001_2023_R015_C032,MH-001,Gondkhari,2023,15,32,21.177828,78.921355,MH-001_C4,train,cnn_test,1,0,1,0.1069437
11924,MH-001_2023_R015_C033,MH-001,Gondkhari,2023,15,33,21.177828,78.921624,MH-001_C5,train,cnn_test,1,0,1,0.22302963
11925,MH-001_2023_R015_C034,MH-001,Gondkhari,2023,15,34,21.177828,78.921894,MH-001_C5,train,cnn_test,1,0,1,0.39176562
11926,MH-001_2023_R015_C035,MH-001,Gondkhari,2023,15,35,21.177828,78.922163,MH-001_C5,train,cnn_test,2,1,1,0.5922889
11927,MH-001_2023_R015_C036,MH-001,Gondkhari,2023,15,36,21.177828,78.922433,MH-001_C5,train,cnn_test,2,1,1,0.37182206
11928,MH-001_2023_R015_C037,MH-001,Gondkhari,2023,15,37,21.177828,78.922702,MH-001_C5,train,cnn_test,2,1,1,0.5787777
11929,MH-001_2023_R015_C038,MH-001,Gondkhari,2023,15,38,21.177828,78.922972,MH-001_C5,train,cnn_test,2,1,1,0.8643504
11930,MH-001_2023_R015_C039,MH-001,Gondkhari,2023,15,39,21.177828,78.923241,MH-001_C5,train,cnn_test,2,1,1,0.5107741
11931,MH-001_2023_R015_C040,MH-001,Gondkhari,2023,15,40,21.177828,78.92351,MH-001_C6,train,cnn_test,1,0,1,0.8193628
11932,MH-001_2023_R015_C041,MH-001,Gondkhari,2023,15,41,21.177828,78.92378,MH-001_C6,train,cnn_test,2,1,1,0.844578
11933,MH-001_2023_R015_C042,MH-001,Gondkhari,2023,15,42,21.177828,78.924049,MH-001_C6,train,cnn_test,1,0,1,0.88893366
11934,MH-001_2023_R015_C043,MH-001,Gondkhari,2023,15,43,21.177828,78.924319,MH-001_C6,train,cnn_test,1,0,1,0.7990417
11935,MH-001_2023_R015_C044,MH-001,Gondkhari,2023,15,44,21.177828,78.924588,MH-001_C6,train,cnn_test,0,0,1,0.8750683
11936,MH-001_2023_R015_C045,MH-001,Gondkhari,2023,15,45,21.177828,78.924858,MH-001_C6,train,cnn_test,1,0,1,0.9224561
11937,MH-001_2023_R015_C046,MH-001,Gondkhari,2023,15,46,21.177828,78.925127,MH-001_C7,train,cnn_test,2,1,1,0.8952751
11938,MH-001_2023_R015_C047,MH-001,Gondkhari,2023,15,47,21.177828,78.925397,MH-001_C7,train,cnn_test,1,0,1,0.9346405
11939,MH-001_2023_R015_C048,MH-001,Gondkhari,2023,15,48,21.177828,78.925666,MH-001_C7,train,cnn_test,1,0,1,0.82098985
11940,MH-001_2023_R015_C049,MH-001,Gondkhari,2023,15,49,21.177828,78.925936,MH-001_C7,train,cnn_test,3,1,1,0.79328185
11941,MH-001_2023_R015_C050,MH-001,Gondkhari,2023,15,50,21.177828,78.926205,MH-001_C7,train,cnn_test,2,1,1,0.7059091
11942,MH-001_2023_R015_C051,MH-001,Gondkhari,2023,15,51,21.177828,78.926475,MH-001_C7,train,cnn_test,2,1,1,0.68566656
11943,MH-001_2023_R016_C007,MH-001,Gondkhari,2023,16,7,21.177558,78.914617,MH-001_C0,train,cnn_test,0,0,0,0.07251673
11944,MH-001_2023_R016_C008,MH-001,Gondkhari,2023,16,8,21.177558,78.914887,MH-001_C1,train,cnn_test,2,1,0,0.09031594
11945,MH-001_2023_R016_C009,MH-001,Gondkhari,2023,16,9,21.177558,78.915156,MH-001_C1,train,cnn_test,1,0,1,0.1347218
11946,MH-001_2023_R016_C010,MH-001,Gondkhari,2023,16,10,21.177558,78.915426,MH-001_C1,train,cnn_test,0,0,1,0.119962454
11947,MH-001_2023_R016_C011,MH-001,Gondkhari,2023,16,11,21.177558,78.915695,MH-001_C1,train,cnn_test,0,0,1,0.14845471
11948,MH-001_2023_R016_C012,MH-001,Gondkhari,2023,16,12,21.177558,78.915965,MH-001_C1,train,cnn_test,0,0,0,0.017915381
11949,MH-001_2023_R016_C013,MH-001,Gondkhari,2023,16,13,21.177558,78.916234,MH-001_C1,train,cnn_test,0,0,0,0.008015697
11950,MH-001_2023_R016_C014,MH-001,Gondkhari,2023,16,14,21.177558,78.916504,MH-001_C2,train,cnn_test,1,0,0,0.003358399
11951,MH-001_2023_R016_C015,MH-001,Gondkhari,2023,16,15,21.177558,78.916773,MH-001_C2,train,cnn_test,1,0,0,0.018900424
11952,MH-001_2023_R016_C016,MH-001,Gondkhari,2023,16,16,21.177558,78.917043,MH-001_C2,train,cnn_test,1,0,0,0.05307554
11953,MH-001_2023_R016_C017,MH-001,Gondkhari,2023,16,17,21.177558,78.917312,MH-001_C2,train,cnn_test,0,0,1,0.1088087
11954,MH-001_2023_R016_C018,MH-001,Gondkhari,2023,16,18,21.177558,78.917582,MH-001_C2,train,cnn_test,0,0,1,0.13779351
11955,MH-001_2023_R016_C019,MH-001,Gondkhari,2023,16,19,21.177558,78.917851,MH-001_C2,train,cnn_test,0,0,1,0.20624837
11956,MH-001_2023_R016_C020,MH-001,Gondkhari,2023,16,20,21.177558,78.918121,MH-001_C2,train,cnn_test,1,0,1,0.21732892
11957,MH-001_2023_R016_C021,MH-001,Gondkhari,2023,16,21,21.177558,78.91839,MH-001_C3,train,cnn_test,1,0,1,0.18866637
11958,MH-001_2023_R016_C023,MH-001,Gondkhari,2023,16,23,21.177558,78.918929,MH-001_C3,train,cnn_test,0,0,1,0.31075057
11959,MH-001_2023_R016_C024,MH-001,Gondkhari,2023,16,24,21.177558,78.919199,MH-001_C3,train,cnn_test,0,0,1,0.2333772
11960,MH-001_2023_R016_C025,MH-001,Gondkhari,2023,16,25,21.177558,78.919468,MH-001_C3,train,cnn_test,0,0,1,0.1937343
11961,MH-001_2023_R016_C026,MH-001,Gondkhari,2023,16,26,21.177558,78.919738,MH-001_C3,train,cnn_test,0,0,1,0.5003167
11962,MH-001_2023_R016_C027,MH-001,Gondkhari,2023,16,27,21.177558,78.920007,MH-001_C4,train,cnn_test,0,0,1,0.22843723
11963,MH-001_2023_R016_C029,MH-001,Gondkhari,2023,16,29,21.177558,78.920546,MH-001_C4,train,cnn_test,0,0,0,0.08398282
11964,MH-001_2023_R016_C030,MH-001,Gondkhari,2023,16,30,21.177558,78.920816,MH-001_C4,train,cnn_test,0,0,1,0.29332337
11965,MH-001_2023_R016_C031,MH-001,Gondkhari,2023,16,31,21.177558,78.921085,MH-001_C4,train,cnn_test,1,0,1,0.35077
11966,MH-001_2023_R016_C032,MH-001,Gondkhari,2023,16,32,21.177558,78.921355,MH-001_C4,train,cnn_test,1,0,1,0.14783952
11967,MH-001_2023_R016_C033,MH-001,Gondkhari,2023,16,33,21.177558,78.921624,MH-001_C5,train,cnn_test,1,0,1,0.1914442
11968,MH-001_2023_R016_C034,MH-001,Gondkhari,2023,16,34,21.177558,78.921894,MH-001_C5,train,cnn_test,1,0,1,0.2796167
11969,MH-001_2023_R016_C035,MH-001,Gondkhari,2023,16,35,21.177558,78.922163,MH-001_C5,train,cnn_test,2,1,1,0.60233355
11970,MH-001_2023_R016_C036,MH-001,Gondkhari,2023,16,36,21.177558,78.922433,MH-001_C5,train,cnn_test,2,1,1,0.6801785
11971,MH-001_2023_R016_C037,MH-001,Gondkhari,2023,16,37,21.177558,78.922702,MH-001_C5,train,cnn_test,2,1,1,0.42420164
11972,MH-001_2023_R016_C038,MH-001,Gondkhari,2023,16,38,21.177558,78.922972,MH-001_C5,train,cnn_test,2,1,1,0.53257596
11973,MH-001_2023_R016_C039,MH-001,Gondkhari,2023,16,39,21.177558,78.923241,MH-001_C5,train,cnn_test,3,1,1,0.375716
11974,MH-001_2023_R016_C040,MH-001,Gondkhari,2023,16,40,21.177558,78.92351,MH-001_C6,train,cnn_test,1,0,1,0.7459633
11975,MH-001_2023_R016_C041,MH-001,Gondkhari,2023,16,41,21.177558,78.92378,MH-001_C6,train,cnn_test,1,0,1,0.8637684
11976,MH-001_2023_R016_C042,MH-001,Gondkhari,2023,16,42,21.177558,78.924049,MH-001_C6,train,cnn_test,1,0,1,0.8876102
11977,MH-001_2023_R016_C043,MH-001,Gondkhari,2023,16,43,21.177558,78.924319,MH-001_C6,train,cnn_test,2,1,1,0.6653178
11978,MH-001_2023_R016_C044,MH-001,Gondkhari,2023,16,44,21.177558,78.924588,MH-001_C6,train,cnn_test,1,0,1,0.909502
11979,MH-001_2023_R016_C045,MH-001,Gondkhari,2023,16,45,21.177558,78.924858,MH-001_C6,train,cnn_test,2,1,1,0.9444744
11980,MH-001_2023_R016_C046,MH-001,Gondkhari,2023,16,46,21.177558,78.925127,MH-001_C7,train,cnn_test,2,1,1,0.90818137
11981,MH-001_2023_R016_C047,MH-001,Gondkhari,2023,16,47,21.177558,78.925397,MH-001_C7,train,cnn_test,1,0,1,0.9139368
11982,MH-001_2023_R016_C048,MH-001,Gondkhari,2023,16,48,21.177558,78.925666,MH-001_C7,train,cnn_test,0,0,1,0.8332778
11983,MH-001_2023_R016_C049,MH-001,Gondkhari,2023,16,49,21.177558,78.925936,MH-001_C7,train,cnn_test,2,1,1,0.82997286
11984,MH-001_2023_R016_C050,MH-001,Gondkhari,2023,16,50,21.177558,78.926205,MH-001_C7,train,cnn_test,0,0,1,0.808679
11985,MH-001_2023_R016_C051,MH-001,Gondkhari,2023,16,51,21.177558,78.926475,MH-001_C7,train,cnn_test,0,0,1,0.7637759
11986,MH-001_2023_R017_C007,MH-001,Gondkhari,2023,17,7,21.177289,78.914617,MH-001_C0,train,cnn_test,0,0,0,0.08793964
11987,MH-001_2023_R017_C008,MH-001,Gondkhari,2023,17,8,21.177289,78.914887,MH-001_C1,train,cnn_test,1,0,1,0.13425547
11988,MH-001_2023_R017_C009,MH-001,Gondkhari,2023,17,9,21.177289,78.915156,MH-001_C1,train,cnn_test,0,0,0,0.06888754
11989,MH-001_2023_R017_C010,MH-001,Gondkhari,2023,17,10,21.177289,78.915426,MH-001_C1,train,cnn_test,0,0,1,0.14722481
11990,MH-001_2023_R017_C011,MH-001,Gondkhari,2023,17,11,21.177289,78.915695,MH-001_C1,train,cnn_test,0,0,1,0.10245124
11991,MH-001_2023_R017_C012,MH-001,Gondkhari,2023,17,12,21.177289,78.915965,MH-001_C1,train,cnn_test,0,0,0,0.029972875
11992,MH-001_2023_R017_C013,MH-001,Gondkhari,2023,17,13,21.177289,78.916234,MH-001_C1,train,cnn_test,1,0,0,0.005998615
11993,MH-001_2023_R017_C014,MH-001,Gondkhari,2023,17,14,21.177289,78.916504,MH-001_C2,train,cnn_test,1,0,0,0.005781189
11994,MH-001_2023_R017_C015,MH-001,Gondkhari,2023,17,15,21.177289,78.916773,MH-001_C2,train,cnn_test,1,0,0,0.019113198
11995,MH-001_2023_R017_C016,MH-001,Gondkhari,2023,17,16,21.177289,78.917043,MH-001_C2,train,cnn_test,1,0,0,0.060848378
11996,MH-001_2023_R017_C017,MH-001,Gondkhari,2023,17,17,21.177289,78.917312,MH-001_C2,train,cnn_test,0,0,0,0.060362414
11997,MH-001_2023_R017_C018,MH-001,Gondkhari,2023,17,18,21.177289,78.917582,MH-001_C2,train,cnn_test,1,0,0,0.07335871
11998,MH-001_2023_R017_C019,MH-001,Gondkhari,2023,17,19,21.177289,78.917851,MH-001_C2,train,cnn_test,1,0,1,0.15311335
11999,MH-001_2023_R017_C020,MH-001,Gondkhari,2023,17,20,21.177289,78.918121,MH-001_C2,train,cnn_test,0,0,1,0.32881474
12000,MH-001_2023_R017_C021,MH-001,Gondkhari,2023,17,21,21.177289,78.91839,MH-001_C3,train,cnn_test,2,1,1,0.16981496
12001,MH-001_2023_R017_C024,MH-001,Gondkhari,2023,17,24,21.177289,78.919199,MH-001_C3,train,cnn_test,1,0,1,0.39380407
12002,MH-001_2023_R017_C025,MH-001,Gondkhari,2023,17,25,21.177289,78.919468,MH-001_C3,train,cnn_test,1,0,1,0.29526415
12003,MH-001_2023_R017_C026,MH-001,Gondkhari,2023,17,26,21.177289,78.919738,MH-001_C3,train,cnn_test,1,0,1,0.48602462
12004,MH-001_2023_R017_C027,MH-001,Gondkhari,2023,17,27,21.177289,78.920007,MH-001_C4,train,cnn_test,1,0,1,0.15262592
12005,MH-001_2023_R017_C028,MH-001,Gondkhari,2023,17,28,21.177289,78.920277,MH-001_C4,train,cnn_test,0,0,1,0.1730589
12006,MH-001_2023_R017_C030,MH-001,Gondkhari,2023,17,30,21.177289,78.920816,MH-001_C4,train,cnn_test,0,0,0,0.061134413
12007,MH-001_2023_R017_C031,MH-001,Gondkhari,2023,17,31,21.177289,78.921085,MH-001_C4,train,cnn_test,1,0,1,0.14460066
12008,MH-001_2023_R017_C032,MH-001,Gondkhari,2023,17,32,21.177289,78.921355,MH-001_C4,train,cnn_test,1,0,0,0.050485063
12009,MH-001_2023_R017_C033,MH-001,Gondkhari,2023,17,33,21.177289,78.921624,MH-001_C5,train,cnn_test,0,0,0,0.056325633
12010,MH-001_2023_R017_C034,MH-001,Gondkhari,2023,17,34,21.177289,78.921894,MH-001_C5,train,cnn_test,0,0,1,0.10653652
12011,MH-001_2023_R017_C035,MH-001,Gondkhari,2023,17,35,21.177289,78.922163,MH-001_C5,train,cnn_test,1,0,1,0.15750836
12012,MH-001_2023_R017_C036,MH-001,Gondkhari,2023,17,36,21.177289,78.922433,MH-001_C5,train,cnn_test,1,0,0,0.04534845
12013,MH-001_2023_R017_C037,MH-001,Gondkhari,2023,17,37,21.177289,78.922702,MH-001_C5,train,cnn_test,1,0,1,0.11156138
12014,MH-001_2023_R017_C038,MH-001,Gondkhari,2023,17,38,21.177289,78.922972,MH-001_C5,train,cnn_test,2,1,1,0.18221779
12015,MH-001_2023_R017_C039,MH-001,Gondkhari,2023,17,39,21.177289,78.923241,MH-001_C5,train,cnn_test,1,0,1,0.11463383
12016,MH-001_2023_R017_C040,MH-001,Gondkhari,2023,17,40,21.177289,78.92351,MH-001_C6,train,cnn_test,0,0,1,0.3771006
12017,MH-001_2023_R017_C041,MH-001,Gondkhari,2023,17,41,21.177289,78.92378,MH-001_C6,train,cnn_test,0,0,1,0.90607566
12018,MH-001_2023_R017_C042,MH-001,Gondkhari,2023,17,42,21.177289,78.924049,MH-001_C6,train,cnn_test,0,0,1,0.8624549
12019,MH-001_2023_R017_C043,MH-001,Gondkhari,2023,17,43,21.177289,78.924319,MH-001_C6,train,cnn_test,0,0,1,0.7370964
12020,MH-001_2023_R017_C044,MH-001,Gondkhari,2023,17,44,21.177289,78.924588,MH-001_C6,train,cnn_test,0,0,1,0.8809444
12021,MH-001_2023_R017_C045,MH-001,Gondkhari,2023,17,45,21.177289,78.924858,MH-001_C6,train,cnn_test,2,1,1,0.9035325
12022,MH-001_2023_R017_C046,MH-001,Gondkhari,2023,17,46,21.177289,78.925127,MH-001_C7,train,cnn_test,2,1,1,0.8387473
12023,MH-001_2023_R017_C047,MH-001,Gondkhari,2023,17,47,21.177289,78.925397,MH-001_C7,train,cnn_test,0,0,1,0.91866565
12024,MH-001_2023_R017_C048,MH-001,Gondkhari,2023,17,48,21.177289,78.925666,MH-001_C7,train,cnn_test,1,0,1,0.7703206
12025,MH-001_2023_R017_C049,MH-001,Gondkhari,2023,17,49,21.177289,78.925936,MH-001_C7,train,cnn_test,0,0,1,0.7816012
12026,MH-001_2023_R017_C050,MH-001,Gondkhari,2023,17,50,21.177289,78.926205,MH-001_C7,train,cnn_test,0,0,1,0.6440824
12027,MH-001_2023_R017_C051,MH-001,Gondkhari,2023,17,51,21.177289,78.926475,MH-001_C7,train,cnn_test,0,0,1,0.7959957
12028,MH-001_2023_R018_C007,MH-001,Gondkhari,2023,18,7,21.177019,78.914617,MH-001_C0,train,cnn_test,0,0,1,0.39043295
12029,MH-001_2023_R018_C008,MH-001,Gondkhari,2023,18,8,21.177019,78.914887,MH-001_C1,train,cnn_test,0,0,1,0.46819407
12030,MH-001_2023_R018_C009,MH-001,Gondkhari,2023,18,9,21.177019,78.915156,MH-001_C1,train,cnn_test,0,0,1,0.3359495
12031,MH-001_2023_R018_C010,MH-001,Gondkhari,2023,18,10,21.177019,78.915426,MH-001_C1,train,cnn_test,1,0,1,0.44487607
12032,MH-001_2023_R018_C011,MH-001,Gondkhari,2023,18,11,21.177019,78.915695,MH-001_C1,train,cnn_test,2,1,1,0.38799682
12033,MH-001_2023_R018_C012,MH-001,Gondkhari,2023,18,12,21.177019,78.915965,MH-001_C1,train,cnn_test,0,0,0,0.043849863
12034,MH-001_2023_R018_C013,MH-001,Gondkhari,2023,18,13,21.177019,78.916234,MH-001_C1,train,cnn_test,1,0,0,0.022124799
12035,MH-001_2023_R018_C014,MH-001,Gondkhari,2023,18,14,21.177019,78.916504,MH-001_C2,train,cnn_test,2,1,0,0.009944824
12036,MH-001_2023_R018_C015,MH-001,Gondkhari,2023,18,15,21.177019,78.916773,MH-001_C2,train,cnn_test,1,0,0,0.057635244
12037,MH-001_2023_R018_C016,MH-001,Gondkhari,2023,18,16,21.177019,78.917043,MH-001_C2,train,cnn_test,1,0,1,0.11448541
12038,MH-001_2023_R018_C018,MH-001,Gondkhari,2023,18,18,21.177019,78.917582,MH-001_C2,train,cnn_test,1,0,1,0.11027333
12039,MH-001_2023_R018_C019,MH-001,Gondkhari,2023,18,19,21.177019,78.917851,MH-001_C2,train,cnn_test,1,0,1,0.13035922
12040,MH-001_2023_R018_C020,MH-001,Gondkhari,2023,18,20,21.177019,78.918121,MH-001_C2,train,cnn_test,0,0,1,0.2406469
12041,MH-001_2023_R018_C024,MH-001,Gondkhari,2023,18,24,21.177019,78.919199,MH-001_C3,train,cnn_test,0,0,1,0.36109132
12042,MH-001_2023_R018_C025,MH-001,Gondkhari,2023,18,25,21.177019,78.919468,MH-001_C3,train,cnn_test,0,0,1,0.28020233
12043,MH-001_2023_R018_C026,MH-001,Gondkhari,2023,18,26,21.177019,78.919738,MH-001_C3,train,cnn_test,0,0,1,0.37902275
12044,MH-001_2023_R018_C027,MH-001,Gondkhari,2023,18,27,21.177019,78.920007,MH-001_C4,train,cnn_test,0,0,1,0.20334187
12045,MH-001_2023_R018_C028,MH-001,Gondkhari,2023,18,28,21.177019,78.920277,MH-001_C4,train,cnn_test,0,0,1,0.271833
12046,MH-001_2023_R018_C030,MH-001,Gondkhari,2023,18,30,21.177019,78.920816,MH-001_C4,train,cnn_test,0,0,1,0.16636191
12047,MH-001_2023_R018_C031,MH-001,Gondkhari,2023,18,31,21.177019,78.921085,MH-001_C4,train,cnn_test,1,0,1,0.5058979
12048,MH-001_2023_R018_C032,MH-001,Gondkhari,2023,18,32,21.177019,78.921355,MH-001_C4,train,cnn_test,0,0,1,0.23532511
12049,MH-001_2023_R018_C033,MH-001,Gondkhari,2023,18,33,21.177019,78.921624,MH-001_C5,train,cnn_test,0,0,1,0.4688783
12050,MH-001_2023_R018_C034,MH-001,Gondkhari,2023,18,34,21.177019,78.921894,MH-001_C5,train,cnn_test,0,0,1,0.24483119
12051,MH-001_2023_R018_C035,MH-001,Gondkhari,2023,18,35,21.177019,78.922163,MH-001_C5,train,cnn_test,0,0,1,0.3709763
12052,MH-001_2023_R018_C036,MH-001,Gondkhari,2023,18,36,21.177019,78.922433,MH-001_C5,train,cnn_test,0,0,1,0.2799721
12053,MH-001_2023_R018_C037,MH-001,Gondkhari,2023,18,37,21.177019,78.922702,MH-001_C5,train,cnn_test,0,0,1,0.13338171
12054,MH-001_2023_R018_C038,MH-001,Gondkhari,2023,18,38,21.177019,78.922972,MH-001_C5,train,cnn_test,0,0,1,0.105615094
12055,MH-001_2023_R018_C039,MH-001,Gondkhari,2023,18,39,21.177019,78.923241,MH-001_C5,train,cnn_test,0,0,0,0.03731611
12056,MH-001_2023_R018_C040,MH-001,Gondkhari,2023,18,40,21.177019,78.92351,MH-001_C6,train,cnn_test,2,1,1,0.3133096
12057,MH-001_2023_R018_C041,MH-001,Gondkhari,2023,18,41,21.177019,78.92378,MH-001_C6,train,cnn_test,2,1,1,0.67394274
12058,MH-001_2023_R018_C042,MH-001,Gondkhari,2023,18,42,21.177019,78.924049,MH-001_C6,train,cnn_test,1,0,1,0.6299155
12059,MH-001_2023_R018_C043,MH-001,Gondkhari,2023,18,43,21.177019,78.924319,MH-001_C6,train,cnn_test,0,0,1,0.22842166
12060,MH-001_2023_R018_C044,MH-001,Gondkhari,2023,18,44,21.177019,78.924588,MH-001_C6,train,cnn_test,1,0,1,0.78553027
12061,MH-001_2023_R018_C045,MH-001,Gondkhari,2023,18,45,21.177019,78.924858,MH-001_C6,train,cnn_test,1,0,1,0.91629696
12062,MH-001_2023_R018_C046,MH-001,Gondkhari,2023,18,46,21.177019,78.925127,MH-001_C7,train,cnn_test,2,1,1,0.8321652
12063,MH-001_2023_R018_C047,MH-001,Gondkhari,2023,18,47,21.177019,78.925397,MH-001_C7,train,cnn_test,1,0,1,0.81170565
12064,MH-001_2023_R018_C051,MH-001,Gondkhari,2023,18,51,21.177019,78.926475,MH-001_C7,train,cnn_test,0,0,1,0.4094216
12065,MH-001_2023_R019_C008,MH-001,Gondkhari,2023,19,8,21.17675,78.914887,MH-001_C1,train,cnn_test,0,0,1,0.31868148
12066,MH-001_2023_R019_C009,MH-001,Gondkhari,2023,19,9,21.17675,78.915156,MH-001_C1,train,cnn_test,1,0,1,0.20930073
12067,MH-001_2023_R019_C010,MH-001,Gondkhari,2023,19,10,21.17675,78.915426,MH-001_C1,train,cnn_test,0,0,1,0.25227398
12068,MH-001_2023_R019_C011,MH-001,Gondkhari,2023,19,11,21.17675,78.915695,MH-001_C1,train,cnn_test,1,0,1,0.23422034
12069,MH-001_2023_R019_C012,MH-001,Gondkhari,2023,19,12,21.17675,78.915965,MH-001_C1,train,cnn_test,1,0,0,0.030064957
12070,MH-001_2023_R019_C013,MH-001,Gondkhari,2023,19,13,21.17675,78.916234,MH-001_C1,train,cnn_test,1,0,0,0.008453249
12071,MH-001_2023_R019_C014,MH-001,Gondkhari,2023,19,14,21.17675,78.916504,MH-001_C2,train,cnn_test,1,0,0,0.009470954
12072,MH-001_2023_R019_C015,MH-001,Gondkhari,2023,19,15,21.17675,78.916773,MH-001_C2,train,cnn_test,1,0,0,0.029394766
12073,MH-001_2023_R019_C016,MH-001,Gondkhari,2023,19,16,21.17675,78.917043,MH-001_C2,train,cnn_test,1,0,0,0.09920076
12074,MH-001_2023_R019_C018,MH-001,Gondkhari,2023,19,18,21.17675,78.917582,MH-001_C2,train,cnn_test,0,0,0,0.04815379
12075,MH-001_2023_R019_C019,MH-001,Gondkhari,2023,19,19,21.17675,78.917851,MH-001_C2,train,cnn_test,0,0,0,0.06911129
12076,MH-001_2023_R019_C020,MH-001,Gondkhari,2023,19,20,21.17675,78.918121,MH-001_C2,train,cnn_test,0,0,1,0.1303892
12077,MH-001_2023_R019_C021,MH-001,Gondkhari,2023,19,21,21.17675,78.91839,MH-001_C3,train,cnn_test,1,0,0,0.060082175
12078,MH-001_2023_R019_C026,MH-001,Gondkhari,2023,19,26,21.17675,78.919738,MH-001_C3,train,cnn_test,0,0,1,0.20316574
12079,MH-001_2023_R019_C027,MH-001,Gondkhari,2023,19,27,21.17675,78.920007,MH-001_C4,train,cnn_test,0,0,1,0.24387573
12080,MH-001_2023_R019_C028,MH-001,Gondkhari,2023,19,28,21.17675,78.920277,MH-001_C4,train,cnn_test,0,0,1,0.14558192
12081,MH-001_2023_R019_C029,MH-001,Gondkhari,2023,19,29,21.17675,78.920546,MH-001_C4,train,cnn_test,1,0,0,0.031115197
12082,MH-001_2023_R019_C030,MH-001,Gondkhari,2023,19,30,21.17675,78.920816,MH-001_C4,train,cnn_test,1,0,1,0.17159328
12083,MH-001_2023_R019_C031,MH-001,Gondkhari,2023,19,31,21.17675,78.921085,MH-001_C4,train,cnn_test,0,0,1,0.44386598
12084,MH-001_2023_R019_C032,MH-001,Gondkhari,2023,19,32,21.17675,78.921355,MH-001_C4,train,cnn_test,1,0,1,0.21618377
12085,MH-001_2023_R019_C033,MH-001,Gondkhari,2023,19,33,21.17675,78.921624,MH-001_C5,train,cnn_test,0,0,1,0.25767118
12086,MH-001_2023_R019_C034,MH-001,Gondkhari,2023,19,34,21.17675,78.921894,MH-001_C5,train,cnn_test,0,0,1,0.13705176
12087,MH-001_2023_R019_C035,MH-001,Gondkhari,2023,19,35,21.17675,78.922163,MH-001_C5,train,cnn_test,0,0,0,0.048062406
12088,MH-001_2023_R019_C036,MH-001,Gondkhari,2023,19,36,21.17675,78.922433,MH-001_C5,train,cnn_test,1,0,0,0.023011317
12089,MH-001_2023_R019_C037,MH-001,Gondkhari,2023,19,37,21.17675,78.922702,MH-001_C5,train,cnn_test,1,0,0,0.044710718
12090,MH-001_2023_R019_C038,MH-001,Gondkhari,2023,19,38,21.17675,78.922972,MH-001_C5,train,cnn_test,2,1,0,0.062985666
12091,MH-001_2023_R019_C039,MH-001,Gondkhari,2023,19,39,21.17675,78.923241,MH-001_C5,train,cnn_test,2,1,0,0.008361628
12092,MH-001_2023_R019_C040,MH-001,Gondkhari,2023,19,40,21.17675,78.92351,MH-001_C6,train,cnn_test,2,1,0,0.07331399
12093,MH-001_2023_R019_C041,MH-001,Gondkhari,2023,19,41,21.17675,78.92378,MH-001_C6,train,cnn_test,2,1,1,0.40272135
12094,MH-001_2023_R019_C042,MH-001,Gondkhari,2023,19,42,21.17675,78.924049,MH-001_C6,train,cnn_test,2,1,1,0.31773037
12095,MH-001_2023_R019_C043,MH-001,Gondkhari,2023,19,43,21.17675,78.924319,MH-001_C6,train,cnn_test,1,0,1,0.21959445
12096,MH-001_2023_R019_C044,MH-001,Gondkhari,2023,19,44,21.17675,78.924588,MH-001_C6,train,cnn_test,1,0,1,0.43785042
12097,MH-001_2023_R019_C045,MH-001,Gondkhari,2023,19,45,21.17675,78.924858,MH-001_C6,train,cnn_test,0,0,1,0.74384975
12098,MH-001_2023_R019_C046,MH-001,Gondkhari,2023,19,46,21.17675,78.925127,MH-001_C7,train,cnn_test,0,0,1,0.30105287
12099,MH-001_2023_R019_C047,MH-001,Gondkhari,2023,19,47,21.17675,78.925397,MH-001_C7,train,cnn_test,1,0,1,0.52147883
12100,MH-001_2023_R019_C048,MH-001,Gondkhari,2023,19,48,21.17675,78.925666,MH-001_C7,train,cnn_test,0,0,1,0.10532623
12101,MH-001_2023_R019_C049,MH-001,Gondkhari,2023,19,49,21.17675,78.925936,MH-001_C7,train,cnn_test,0,0,1,0.19891967
12102,MH-001_2023_R019_C050,MH-001,Gondkhari,2023,19,50,21.17675,78.926205,MH-001_C7,train,cnn_test,0,0,1,0.14230132
12103,MH-001_2023_R020_C008,MH-001,Gondkhari,2023,20,8,21.17648,78.914887,MH-001_C1,train,cnn_test,0,0,1,0.7384779
12104,MH-001_2023_R020_C009,MH-001,Gondkhari,2023,20,9,21.17648,78.915156,MH-001_C1,train,cnn_test,0,0,1,0.5192697
12105,MH-001_2023_R020_C010,MH-001,Gondkhari,2023,20,10,21.17648,78.915426,MH-001_C1,train,cnn_test,0,0,1,0.549812
12106,MH-001_2023_R020_C011,MH-001,Gondkhari,2023,20,11,21.17648,78.915695,MH-001_C1,train,cnn_test,1,0,1,0.5417653
12107,MH-001_2023_R020_C012,MH-001,Gondkhari,2023,20,12,21.17648,78.915965,MH-001_C1,train,cnn_test,1,0,0,0.034884565
12108,MH-001_2023_R020_C013,MH-001,Gondkhari,2023,20,13,21.17648,78.916234,MH-001_C1,train,cnn_test,1,0,0,0.013511268
12109,MH-001_2023_R020_C014,MH-001,Gondkhari,2023,20,14,21.17648,78.916504,MH-001_C2,train,cnn_test,1,0,0,0.0076887286
12110,MH-001_2023_R020_C015,MH-001,Gondkhari,2023,20,15,21.17648,78.916773,MH-001_C2,train,cnn_test,1,0,0,0.06785769
12111,MH-001_2023_R020_C016,MH-001,Gondkhari,2023,20,16,21.17648,78.917043,MH-001_C2,train,cnn_test,1,0,1,0.117763355
12112,MH-001_2023_R020_C018,MH-001,Gondkhari,2023,20,18,21.17648,78.917582,MH-001_C2,train,cnn_test,1,0,0,0.03978843
12113,MH-001_2023_R020_C019,MH-001,Gondkhari,2023,20,19,21.17648,78.917851,MH-001_C2,train,cnn_test,0,0,0,0.035053942
12114,MH-001_2023_R020_C020,MH-001,Gondkhari,2023,20,20,21.17648,78.918121,MH-001_C2,train,cnn_test,1,0,0,0.07055382
12115,MH-001_2023_R020_C024,MH-001,Gondkhari,2023,20,24,21.17648,78.919199,MH-001_C3,train,cnn_test,1,0,1,0.25376737
12116,MH-001_2023_R020_C025,MH-001,Gondkhari,2023,20,25,21.17648,78.919468,MH-001_C3,train,cnn_test,1,0,1,0.5223441
12117,MH-001_2023_R020_C027,MH-001,Gondkhari,2023,20,27,21.17648,78.920007,MH-001_C4,train,cnn_test,1,0,1,0.8555195
12118,MH-001_2023_R020_C028,MH-001,Gondkhari,2023,20,28,21.17648,78.920277,MH-001_C4,train,cnn_test,1,0,1,0.87625706
12119,MH-001_2023_R020_C029,MH-001,Gondkhari,2023,20,29,21.17648,78.920546,MH-001_C4,train,cnn_test,1,0,1,0.8364805
12120,MH-001_2023_R020_C030,MH-001,Gondkhari,2023,20,30,21.17648,78.920816,MH-001_C4,train,cnn_test,1,0,1,0.93467
12121,MH-001_2023_R020_C031,MH-001,Gondkhari,2023,20,31,21.17648,78.921085,MH-001_C4,train,cnn_test,0,0,1,0.9490199
12122,MH-001_2023_R020_C032,MH-001,Gondkhari,2023,20,32,21.17648,78.921355,MH-001_C4,train,cnn_test,1,0,1,0.9552948
12123,MH-001_2023_R020_C033,MH-001,Gondkhari,2023,20,33,21.17648,78.921624,MH-001_C5,train,cnn_test,1,0,1,0.95351213
12124,MH-001_2023_R020_C034,MH-001,Gondkhari,2023,20,34,21.17648,78.921894,MH-001_C5,train,cnn_test,0,0,1,0.9492057
12125,MH-001_2023_R020_C035,MH-001,Gondkhari,2023,20,35,21.17648,78.922163,MH-001_C5,train,cnn_test,0,0,1,0.90771824
12126,MH-001_2023_R020_C038,MH-001,Gondkhari,2023,20,38,21.17648,78.922972,MH-001_C5,train,cnn_test,1,0,1,0.3743927
12127,MH-001_2023_R020_C039,MH-001,Gondkhari,2023,20,39,21.17648,78.923241,MH-001_C5,train,cnn_test,2,1,0,0.07036185
12128,MH-001_2023_R020_C040,MH-001,Gondkhari,2023,20,40,21.17648,78.92351,MH-001_C6,train,cnn_test,3,1,1,0.19123255
12129,MH-001_2023_R020_C041,MH-001,Gondkhari,2023,20,41,21.17648,78.92378,MH-001_C6,train,cnn_test,3,1,1,0.5629646
12130,MH-001_2023_R020_C042,MH-001,Gondkhari,2023,20,42,21.17648,78.924049,MH-001_C6,train,cnn_test,1,0,1,0.41231114
12131,MH-001_2023_R020_C043,MH-001,Gondkhari,2023,20,43,21.17648,78.924319,MH-001_C6,train,cnn_test,1,0,1,0.19640623
12132,MH-001_2023_R020_C044,MH-001,Gondkhari,2023,20,44,21.17648,78.924588,MH-001_C6,train,cnn_test,1,0,1,0.5469495
12133,MH-001_2023_R020_C045,MH-001,Gondkhari,2023,20,45,21.17648,78.924858,MH-001_C6,train,cnn_test,0,0,1,0.85855335
12134,MH-001_2023_R020_C046,MH-001,Gondkhari,2023,20,46,21.17648,78.925127,MH-001_C7,train,cnn_test,0,0,1,0.47705254
12135,MH-001_2023_R020_C047,MH-001,Gondkhari,2023,20,47,21.17648,78.925397,MH-001_C7,train,cnn_test,1,0,1,0.4855087
12136,MH-001_2023_R020_C048,MH-001,Gondkhari,2023,20,48,21.17648,78.925666,MH-001_C7,train,cnn_test,1,0,1,0.38340607
12137,MH-001_2023_R020_C049,MH-001,Gondkhari,2023,20,49,21.17648,78.925936,MH-001_C7,train,cnn_test,0,0,1,0.29111323
12138,MH-001_2023_R020_C050,MH-001,Gondkhari,2023,20,50,21.17648,78.926205,MH-001_C7,train,cnn_test,0,0,1,0.510864
12139,MH-001_2023_R020_C051,MH-001,Gondkhari,2023,20,51,21.17648,78.926475,MH-001_C7,train,cnn_test,0,0,1,0.5385623
12140,MH-001_2023_R021_C009,MH-001,Gondkhari,2023,21,9,21.176211,78.915156,MH-001_C1,train,cnn_test,0,0,1,0.7635364
12141,MH-001_2023_R021_C010,MH-001,Gondkhari,2023,21,10,21.176211,78.915426,MH-001_C1,train,cnn_test,0,0,1,0.59915453
12142,MH-001_2023_R021_C011,MH-001,Gondkhari,2023,21,11,21.176211,78.915695,MH-001_C1,train,cnn_test,0,0,1,0.42793387
12143,MH-001_2023_R021_C012,MH-001,Gondkhari,2023,21,12,21.176211,78.915965,MH-001_C1,train,cnn_test,0,0,0,0.026121473
12144,MH-001_2023_R021_C013,MH-001,Gondkhari,2023,21,13,21.176211,78.916234,MH-001_C1,train,cnn_test,1,0,0,0.016261488
12145,MH-001_2023_R021_C014,MH-001,Gondkhari,2023,21,14,21.176211,78.916504,MH-001_C2,train,cnn_test,1,0,0,0.013004562
12146,MH-001_2023_R021_C015,MH-001,Gondkhari,2023,21,15,21.176211,78.916773,MH-001_C2,train,cnn_test,1,0,0,0.039213877
12147,MH-001_2023_R021_C016,MH-001,Gondkhari,2023,21,16,21.176211,78.917043,MH-001_C2,train,cnn_test,1,0,0,0.08815644
12148,MH-001_2023_R021_C017,MH-001,Gondkhari,2023,21,17,21.176211,78.917312,MH-001_C2,train,cnn_test,0,0,0,0.028564349
12149,MH-001_2023_R021_C019,MH-001,Gondkhari,2023,21,19,21.176211,78.917851,MH-001_C2,train,cnn_test,0,0,0,0.017893884
12150,MH-001_2023_R021_C020,MH-001,Gondkhari,2023,21,20,21.176211,78.918121,MH-001_C2,train,cnn_test,1,0,0,0.042093363
12151,MH-001_2023_R021_C025,MH-001,Gondkhari,2023,21,25,21.176211,78.919468,MH-001_C3,train,cnn_test,1,0,1,0.56379175
12152,MH-001_2023_R021_C031,MH-001,Gondkhari,2023,21,31,21.176211,78.921085,MH-001_C4,train,cnn_test,1,0,1,0.9393032
12153,MH-001_2023_R021_C032,MH-001,Gondkhari,2023,21,32,21.176211,78.921355,MH-001_C4,train,cnn_test,1,0,1,0.9334872
12154,MH-001_2023_R021_C033,MH-001,Gondkhari,2023,21,33,21.176211,78.921624,MH-001_C5,train,cnn_test,0,0,1,0.9149673
12155,MH-001_2023_R021_C034,MH-001,Gondkhari,2023,21,34,21.176211,78.921894,MH-001_C5,train,cnn_test,0,0,1,0.7893315
12156,MH-001_2023_R021_C036,MH-001,Gondkhari,2023,21,36,21.176211,78.922433,MH-001_C5,train,cnn_test,1,0,1,0.48207167
12157,MH-001_2023_R021_C037,MH-001,Gondkhari,2023,21,37,21.176211,78.922702,MH-001_C5,train,cnn_test,1,0,1,0.48498875
12158,MH-001_2023_R021_C038,MH-001,Gondkhari,2023,21,38,21.176211,78.922972,MH-001_C5,train,cnn_test,2,1,1,0.4565551
12159,MH-001_2023_R021_C039,MH-001,Gondkhari,2023,21,39,21.176211,78.923241,MH-001_C5,train,cnn_test,2,1,0,0.018879758
12160,MH-001_2023_R021_C040,MH-001,Gondkhari,2023,21,40,21.176211,78.92351,MH-001_C6,train,cnn_test,3,1,0,0.058813818
12161,MH-001_2023_R021_C041,MH-001,Gondkhari,2023,21,41,21.176211,78.92378,MH-001_C6,train,cnn_test,3,1,1,0.39527908
12162,MH-001_2023_R021_C042,MH-001,Gondkhari,2023,21,42,21.176211,78.924049,MH-001_C6,train,cnn_test,2,1,1,0.1330246
12163,MH-001_2023_R021_C043,MH-001,Gondkhari,2023,21,43,21.176211,78.924319,MH-001_C6,train,cnn_test,1,0,0,0.07269657
12164,MH-001_2023_R021_C044,MH-001,Gondkhari,2023,21,44,21.176211,78.924588,MH-001_C6,train,cnn_test,1,0,1,0.10321596
12165,MH-001_2023_R021_C045,MH-001,Gondkhari,2023,21,45,21.176211,78.924858,MH-001_C6,train,cnn_test,0,0,1,0.24615246
12166,MH-001_2023_R021_C046,MH-001,Gondkhari,2023,21,46,21.176211,78.925127,MH-001_C7,train,cnn_test,0,0,0,0.031261753
12167,MH-001_2023_R021_C047,MH-001,Gondkhari,2023,21,47,21.176211,78.925397,MH-001_C7,train,cnn_test,1,0,1,0.14374574
12168,MH-001_2023_R021_C049,MH-001,Gondkhari,2023,21,49,21.176211,78.925936,MH-001_C7,train,cnn_test,0,0,1,0.14696904
12169,MH-001_2023_R021_C050,MH-001,Gondkhari,2023,21,50,21.176211,78.926205,MH-001_C7,train,cnn_test,0,0,1,0.20879038
12170,MH-001_2023_R021_C051,MH-001,Gondkhari,2023,21,51,21.176211,78.926475,MH-001_C7,train,cnn_test,0,0,1,0.8083914
12171,MH-001_2023_R022_C010,MH-001,Gondkhari,2023,22,10,21.175941,78.915426,MH-001_C1,train,cnn_test,0,0,1,0.72276497
12172,MH-001_2023_R022_C011,MH-001,Gondkhari,2023,22,11,21.175941,78.915695,MH-001_C1,train,cnn_test,1,0,1,0.5762408
12173,MH-001_2023_R022_C012,MH-001,Gondkhari,2023,22,12,21.175941,78.915965,MH-001_C1,train,cnn_test,1,0,0,0.025095578
12174,MH-001_2023_R022_C013,MH-001,Gondkhari,2023,22,13,21.175941,78.916234,MH-001_C1,train,cnn_test,1,0,0,0.0236259
12175,MH-001_2023_R022_C014,MH-001,Gondkhari,2023,22,14,21.175941,78.916504,MH-001_C2,train,cnn_test,1,0,0,0.008834799
12176,MH-001_2023_R022_C015,MH-001,Gondkhari,2023,22,15,21.175941,78.916773,MH-001_C2,train,cnn_test,0,0,0,0.043197196
12177,MH-001_2023_R022_C016,MH-001,Gondkhari,2023,22,16,21.175941,78.917043,MH-001_C2,train,cnn_test,0,0,0,0.058774397
12178,MH-001_2023_R022_C017,MH-001,Gondkhari,2023,22,17,21.175941,78.917312,MH-001_C2,train,cnn_test,0,0,0,0.018123109
12179,MH-001_2023_R022_C019,MH-001,Gondkhari,2023,22,19,21.175941,78.917851,MH-001_C2,train,cnn_test,0,0,0,0.01251604
12180,MH-001_2023_R022_C020,MH-001,Gondkhari,2023,22,20,21.175941,78.918121,MH-001_C2,train,cnn_test,0,0,0,0.014095829
12181,MH-001_2023_R022_C021,MH-001,Gondkhari,2023,22,21,21.175941,78.91839,MH-001_C3,train,cnn_test,1,0,0,0.009633415
12182,MH-001_2023_R022_C022,MH-001,Gondkhari,2023,22,22,21.175941,78.91866,MH-001_C3,train,cnn_test,1,0,0,0.0073431083
12183,MH-001_2023_R022_C024,MH-001,Gondkhari,2023,22,24,21.175941,78.919199,MH-001_C3,train,cnn_test,0,0,0,0.049164902
12184,MH-001_2023_R022_C025,MH-001,Gondkhari,2023,22,25,21.175941,78.919468,MH-001_C3,train,cnn_test,0,0,1,0.19444034
12185,MH-001_2023_R022_C026,MH-001,Gondkhari,2023,22,26,21.175941,78.919738,MH-001_C3,train,cnn_test,1,0,1,0.45294142
12186,MH-001_2023_R022_C033,MH-001,Gondkhari,2023,22,33,21.175941,78.921624,MH-001_C5,train,cnn_test,0,0,1,0.9259351
12187,MH-001_2023_R022_C034,MH-001,Gondkhari,2023,22,34,21.175941,78.921894,MH-001_C5,train,cnn_test,0,0,1,0.75841814
12188,MH-001_2023_R022_C038,MH-001,Gondkhari,2023,22,38,21.175941,78.922972,MH-001_C5,train,cnn_test,2,1,1,0.49763408
12189,MH-001_2023_R022_C039,MH-001,Gondkhari,2023,22,39,21.175941,78.923241,MH-001_C5,train,cnn_test,2,1,1,0.18727167
12190,MH-001_2023_R022_C040,MH-001,Gondkhari,2023,22,40,21.175941,78.92351,MH-001_C6,train,cnn_test,3,1,1,0.10908506
12191,MH-001_2023_R022_C041,MH-001,Gondkhari,2023,22,41,21.175941,78.92378,MH-001_C6,train,cnn_test,3,1,1,0.15576889
12192,MH-001_2023_R022_C042,MH-001,Gondkhari,2023,22,42,21.175941,78.924049,MH-001_C6,train,cnn_test,1,0,0,0.07997031
12193,MH-001_2023_R022_C043,MH-001,Gondkhari,2023,22,43,21.175941,78.924319,MH-001_C6,train,cnn_test,1,0,0,0.016709348
12194,MH-001_2023_R022_C044,MH-001,Gondkhari,2023,22,44,21.175941,78.924588,MH-001_C6,train,cnn_test,1,0,0,0.039357122
12195,MH-001_2023_R022_C045,MH-001,Gondkhari,2023,22,45,21.175941,78.924858,MH-001_C6,train,cnn_test,1,0,0,0.06421397
12196,MH-001_2023_R022_C046,MH-001,Gondkhari,2023,22,46,21.175941,78.925127,MH-001_C7,train,cnn_test,0,0,0,0.010566046
12197,MH-001_2023_R022_C047,MH-001,Gondkhari,2023,22,47,21.175941,78.925397,MH-001_C7,train,cnn_test,1,0,0,0.0146186305
12198,MH-001_2023_R022_C049,MH-001,Gondkhari,2023,22,49,21.175941,78.925936,MH-001_C7,train,cnn_test,1,0,0,0.010153304
12199,MH-001_2023_R022_C050,MH-001,Gondkhari,2023,22,50,21.175941,78.926205,MH-001_C7,train,cnn_test,0,0,0,0.014316285
12200,MH-001_2023_R022_C051,MH-001,Gondkhari,2023,22,51,21.175941,78.926475,MH-001_C7,train,cnn_test,0,0,0,0.040720828
12201,MH-001_2023_R023_C011,MH-001,Gondkhari,2023,23,11,21.175672,78.915695,MH-001_C1,train,cnn_test,1,0,1,0.29948285
12202,MH-001_2023_R023_C012,MH-001,Gondkhari,2023,23,12,21.175672,78.915965,MH-001_C1,train,cnn_test,2,1,0,0.019391093
12203,MH-001_2023_R023_C013,MH-001,Gondkhari,2023,23,13,21.175672,78.916234,MH-001_C1,train,cnn_test,2,1,0,0.008645698
12204,MH-001_2023_R023_C014,MH-001,Gondkhari,2023,23,14,21.175672,78.916504,MH-001_C2,train,cnn_test,2,1,0,0.006096519
12205,MH-001_2023_R023_C015,MH-001,Gondkhari,2023,23,15,21.175672,78.916773,MH-001_C2,train,cnn_test,2,1,0,0.017454542
12206,MH-001_2023_R023_C016,MH-001,Gondkhari,2023,23,16,21.175672,78.917043,MH-001_C2,train,cnn_test,2,1,0,0.058400854
12207,MH-001_2023_R023_C017,MH-001,Gondkhari,2023,23,17,21.175672,78.917312,MH-001_C2,train,cnn_test,2,1,0,0.041957602
12208,MH-001_2023_R023_C018,MH-001,Gondkhari,2023,23,18,21.175672,78.917582,MH-001_C2,train,cnn_test,1,0,0,0.019780694
12209,MH-001_2023_R023_C019,MH-001,Gondkhari,2023,23,19,21.175672,78.917851,MH-001_C2,train,cnn_test,1,0,0,0.025169047
12210,MH-001_2023_R023_C020,MH-001,Gondkhari,2023,23,20,21.175672,78.918121,MH-001_C2,train,cnn_test,1,0,0,0.014686573
12211,MH-001_2023_R023_C021,MH-001,Gondkhari,2023,23,21,21.175672,78.91839,MH-001_C3,train,cnn_test,1,0,0,0.017333014
12212,MH-001_2023_R023_C022,MH-001,Gondkhari,2023,23,22,21.175672,78.91866,MH-001_C3,train,cnn_test,0,0,0,0.0028536057
12213,MH-001_2023_R023_C024,MH-001,Gondkhari,2023,23,24,21.175672,78.919199,MH-001_C3,train,cnn_test,0,0,0,0.09715138
12214,MH-001_2023_R023_C025,MH-001,Gondkhari,2023,23,25,21.175672,78.919468,MH-001_C3,train,cnn_test,1,0,1,0.38959968
12215,MH-001_2023_R023_C026,MH-001,Gondkhari,2023,23,26,21.175672,78.919738,MH-001_C3,train,cnn_test,1,0,1,0.55237377
12216,MH-001_2023_R023_C027,MH-001,Gondkhari,2023,23,27,21.175672,78.920007,MH-001_C4,train,cnn_test,2,1,1,0.83300304
12217,MH-001_2023_R023_C028,MH-001,Gondkhari,2023,23,28,21.175672,78.920277,MH-001_C4,train,cnn_test,0,0,1,0.20288083
12218,MH-001_2023_R023_C029,MH-001,Gondkhari,2023,23,29,21.175672,78.920546,MH-001_C4,train,cnn_test,1,0,0,0.0710169
12219,MH-001_2023_R023_C030,MH-001,Gondkhari,2023,23,30,21.175672,78.920816,MH-001_C4,train,cnn_test,0,0,1,0.14340693
12220,MH-001_2023_R023_C031,MH-001,Gondkhari,2023,23,31,21.175672,78.921085,MH-001_C4,train,cnn_test,0,0,1,0.718981
12221,MH-001_2023_R023_C032,MH-001,Gondkhari,2023,23,32,21.175672,78.921355,MH-001_C4,train,cnn_test,0,0,1,0.70631564
12222,MH-001_2023_R023_C033,MH-001,Gondkhari,2023,23,33,21.175672,78.921624,MH-001_C5,train,cnn_test,0,0,1,0.86899835
12223,MH-001_2023_R023_C035,MH-001,Gondkhari,2023,23,35,21.175672,78.922163,MH-001_C5,train,cnn_test,0,0,1,0.3724257
12224,MH-001_2023_R023_C036,MH-001,Gondkhari,2023,23,36,21.175672,78.922433,MH-001_C5,train,cnn_test,1,0,1,0.17066455
12225,MH-001_2023_R023_C037,MH-001,Gondkhari,2023,23,37,21.175672,78.922702,MH-001_C5,train,cnn_test,2,1,1,0.26611668
12226,MH-001_2023_R023_C038,MH-001,Gondkhari,2023,23,38,21.175672,78.922972,MH-001_C5,train,cnn_test,2,1,1,0.35632303
12227,MH-001_2023_R023_C039,MH-001,Gondkhari,2023,23,39,21.175672,78.923241,MH-001_C5,train,cnn_test,2,1,0,0.029824493
12228,MH-001_2023_R023_C040,MH-001,Gondkhari,2023,23,40,21.175672,78.92351,MH-001_C6,train,cnn_test,2,1,0,0.041568417
12229,MH-001_2023_R023_C041,MH-001,Gondkhari,2023,23,41,21.175672,78.92378,MH-001_C6,train,cnn_test,2,1,1,0.15577586
12230,MH-001_2023_R023_C042,MH-001,Gondkhari,2023,23,42,21.175672,78.924049,MH-001_C6,train,cnn_test,0,0,0,0.029864352
12231,MH-001_2023_R023_C043,MH-001,Gondkhari,2023,23,43,21.175672,78.924319,MH-001_C6,train,cnn_test,0,0,0,0.0054009617
12232,MH-001_2023_R023_C044,MH-001,Gondkhari,2023,23,44,21.175672,78.924588,MH-001_C6,train,cnn_test,0,0,0,0.0047874865
12233,MH-001_2023_R023_C045,MH-001,Gondkhari,2023,23,45,21.175672,78.924858,MH-001_C6,train,cnn_test,0,0,0,0.008709198
12234,MH-001_2023_R023_C046,MH-001,Gondkhari,2023,23,46,21.175672,78.925127,MH-001_C7,train,cnn_test,1,0,0,0.0015436596
12235,MH-001_2023_R023_C047,MH-001,Gondkhari,2023,23,47,21.175672,78.925397,MH-001_C7,train,cnn_test,1,0,0,0.005610997
12236,MH-001_2023_R023_C048,MH-001,Gondkhari,2023,23,48,21.175672,78.925666,MH-001_C7,train,cnn_test,1,0,0,0.0024114272
12237,MH-001_2023_R023_C050,MH-001,Gondkhari,2023,23,50,21.175672,78.926205,MH-001_C7,train,cnn_test,1,0,0,0.007541347
12238,MH-001_2023_R023_C051,MH-001,Gondkhari,2023,23,51,21.175672,78.926475,MH-001_C7,train,cnn_test,0,0,1,0.2206448
12239,MH-001_2023_R024_C010,MH-001,Gondkhari,2023,24,10,21.175402,78.915426,MH-001_C1,train,cnn_test,0,0,1,0.8007989
12240,MH-001_2023_R024_C011,MH-001,Gondkhari,2023,24,11,21.175402,78.915695,MH-001_C1,train,cnn_test,0,0,1,0.3775455
12241,MH-001_2023_R024_C012,MH-001,Gondkhari,2023,24,12,21.175402,78.915965,MH-001_C1,train,cnn_test,2,1,0,0.012539493
12242,MH-001_2023_R024_C013,MH-001,Gondkhari,2023,24,13,21.175402,78.916234,MH-001_C1,train,cnn_test,2,1,0,0.0062665464
12243,MH-001_2023_R024_C014,MH-001,Gondkhari,2023,24,14,21.175402,78.916504,MH-001_C2,train,cnn_test,2,1,0,0.0038248145
12244,MH-001_2023_R024_C015,MH-001,Gondkhari,2023,24,15,21.175402,78.916773,MH-001_C2,train,cnn_test,2,1,0,0.05249827
12245,MH-001_2023_R024_C016,MH-001,Gondkhari,2023,24,16,21.175402,78.917043,MH-001_C2,train,cnn_test,2,1,0,0.076043494
12246,MH-001_2023_R024_C017,MH-001,Gondkhari,2023,24,17,21.175402,78.917312,MH-001_C2,train,cnn_test,2,1,0,0.027532715
12247,MH-001_2023_R024_C019,MH-001,Gondkhari,2023,24,19,21.175402,78.917851,MH-001_C2,train,cnn_test,0,0,0,0.00997097
12248,MH-001_2023_R024_C020,MH-001,Gondkhari,2023,24,20,21.175402,78.918121,MH-001_C2,train,cnn_test,0,0,0,0.0051001324
12249,MH-001_2023_R024_C021,MH-001,Gondkhari,2023,24,21,21.175402,78.91839,MH-001_C3,train,cnn_test,1,0,0,0.0077887494
12250,MH-001_2023_R024_C022,MH-001,Gondkhari,2023,24,22,21.175402,78.91866,MH-001_C3,train,cnn_test,0,0,0,0.0024155683
12251,MH-001_2023_R024_C023,MH-001,Gondkhari,2023,24,23,21.175402,78.918929,MH-001_C3,train,cnn_test,0,0,0,0.0058428682
12252,MH-001_2023_R024_C024,MH-001,Gondkhari,2023,24,24,21.175402,78.919199,MH-001_C3,train,cnn_test,0,0,0,0.028933207
12253,MH-001_2023_R024_C025,MH-001,Gondkhari,2023,24,25,21.175402,78.919468,MH-001_C3,train,cnn_test,0,0,0,0.097104
12254,MH-001_2023_R024_C026,MH-001,Gondkhari,2023,24,26,21.175402,78.919738,MH-001_C3,train,cnn_test,1,0,1,0.244194
12255,MH-001_2023_R024_C027,MH-001,Gondkhari,2023,24,27,21.175402,78.920007,MH-001_C4,train,cnn_test,1,0,1,0.6160262
12256,MH-001_2023_R024_C028,MH-001,Gondkhari,2023,24,28,21.175402,78.920277,MH-001_C4,train,cnn_test,0,0,1,0.21254905
12257,MH-001_2023_R024_C029,MH-001,Gondkhari,2023,24,29,21.175402,78.920546,MH-001_C4,train,cnn_test,0,0,0,0.033314995
12258,MH-001_2023_R024_C030,MH-001,Gondkhari,2023,24,30,21.175402,78.920816,MH-001_C4,train,cnn_test,0,0,0,0.0453289
12259,MH-001_2023_R024_C031,MH-001,Gondkhari,2023,24,31,21.175402,78.921085,MH-001_C4,train,cnn_test,1,0,1,0.51511234
12260,MH-001_2023_R024_C032,MH-001,Gondkhari,2023,24,32,21.175402,78.921355,MH-001_C4,train,cnn_test,1,0,1,0.76947606
12261,MH-001_2023_R024_C033,MH-001,Gondkhari,2023,24,33,21.175402,78.921624,MH-001_C5,train,cnn_test,1,0,1,0.9232431
12262,MH-001_2023_R024_C034,MH-001,Gondkhari,2023,24,34,21.175402,78.921894,MH-001_C5,train,cnn_test,0,0,1,0.7107003
12263,MH-001_2023_R024_C035,MH-001,Gondkhari,2023,24,35,21.175402,78.922163,MH-001_C5,train,cnn_test,0,0,1,0.5939876
12264,MH-001_2023_R024_C036,MH-001,Gondkhari,2023,24,36,21.175402,78.922433,MH-001_C5,train,cnn_test,1,0,1,0.30800992
12265,MH-001_2023_R024_C037,MH-001,Gondkhari,2023,24,37,21.175402,78.922702,MH-001_C5,train,cnn_test,2,1,1,0.26557794
12266,MH-001_2023_R024_C038,MH-001,Gondkhari,2023,24,38,21.175402,78.922972,MH-001_C5,train,cnn_test,1,0,1,0.31385463
12267,MH-001_2023_R024_C039,MH-001,Gondkhari,2023,24,39,21.175402,78.923241,MH-001_C5,train,cnn_test,1,0,1,0.15292567
12268,MH-001_2023_R024_C040,MH-001,Gondkhari,2023,24,40,21.175402,78.92351,MH-001_C6,train,cnn_test,2,1,0,0.04960336
12269,MH-001_2023_R024_C041,MH-001,Gondkhari,2023,24,41,21.175402,78.92378,MH-001_C6,train,cnn_test,1,0,1,0.1137336
12270,MH-001_2023_R024_C042,MH-001,Gondkhari,2023,24,42,21.175402,78.924049,MH-001_C6,train,cnn_test,0,0,0,0.06372578
12271,MH-001_2023_R024_C043,MH-001,Gondkhari,2023,24,43,21.175402,78.924319,MH-001_C6,train,cnn_test,0,0,0,0.025440464
12272,MH-001_2023_R024_C044,MH-001,Gondkhari,2023,24,44,21.175402,78.924588,MH-001_C6,train,cnn_test,0,0,0,0.015627716
12273,MH-001_2023_R024_C045,MH-001,Gondkhari,2023,24,45,21.175402,78.924858,MH-001_C6,train,cnn_test,1,0,0,0.023865549
12274,MH-001_2023_R024_C046,MH-001,Gondkhari,2023,24,46,21.175402,78.925127,MH-001_C7,train,cnn_test,0,0,0,0.0026023644
12275,MH-001_2023_R024_C047,MH-001,Gondkhari,2023,24,47,21.175402,78.925397,MH-001_C7,train,cnn_test,0,0,0,0.012733938
12276,MH-001_2023_R024_C048,MH-001,Gondkhari,2023,24,48,21.175402,78.925666,MH-001_C7,train,cnn_test,0,0,0,0.00963242
12277,MH-001_2023_R024_C049,MH-001,Gondkhari,2023,24,49,21.175402,78.925936,MH-001_C7,train,cnn_test,0,0,0,0.0069026644
12278,MH-001_2023_R024_C051,MH-001,Gondkhari,2023,24,51,21.175402,78.926475,MH-001_C7,train,cnn_test,0,0,0,0.027851157
12279,MH-001_2023_R025_C011,MH-001,Gondkhari,2023,25,11,21.175133,78.915695,MH-001_C1,train,cnn_test,0,0,1,0.17306529
12280,MH-001_2023_R025_C012,MH-001,Gondkhari,2023,25,12,21.175133,78.915965,MH-001_C1,train,cnn_test,2,1,0,0.008850688
12281,MH-001_2023_R025_C013,MH-001,Gondkhari,2023,25,13,21.175133,78.916234,MH-001_C1,train,cnn_test,2,1,0,0.0032899554
12282,MH-001_2023_R025_C014,MH-001,Gondkhari,2023,25,14,21.175133,78.916504,MH-001_C2,train,cnn_test,2,1,0,0.005421276
12283,MH-001_2023_R025_C015,MH-001,Gondkhari,2023,25,15,21.175133,78.916773,MH-001_C2,train,cnn_test,2,1,0,0.032721862
12284,MH-001_2023_R025_C016,MH-001,Gondkhari,2023,25,16,21.175133,78.917043,MH-001_C2,train,cnn_test,2,1,1,0.19179727
12285,MH-001_2023_R025_C017,MH-001,Gondkhari,2023,25,17,21.175133,78.917312,MH-001_C2,train,cnn_test,2,1,0,0.053796977
12286,MH-001_2023_R025_C018,MH-001,Gondkhari,2023,25,18,21.175133,78.917582,MH-001_C2,train,cnn_test,1,0,0,0.024152907
12287,MH-001_2023_R025_C019,MH-001,Gondkhari,2023,25,19,21.175133,78.917851,MH-001_C2,train,cnn_test,1,0,0,0.012191669
12288,MH-001_2023_R025_C020,MH-001,Gondkhari,2023,25,20,21.175133,78.918121,MH-001_C2,train,cnn_test,1,0,0,0.010880635
12289,MH-001_2023_R025_C021,MH-001,Gondkhari,2023,25,21,21.175133,78.91839,MH-001_C3,train,cnn_test,0,0,0,0.010776187
12290,MH-001_2023_R025_C022,MH-001,Gondkhari,2023,25,22,21.175133,78.91866,MH-001_C3,train,cnn_test,0,0,0,0.0018749199
12291,MH-001_2023_R025_C023,MH-001,Gondkhari,2023,25,23,21.175133,78.918929,MH-001_C3,train,cnn_test,0,0,0,0.017836614
12292,MH-001_2023_R025_C026,MH-001,Gondkhari,2023,25,26,21.175133,78.919738,MH-001_C3,train,cnn_test,1,0,1,0.23769587
12293,MH-001_2023_R025_C027,MH-001,Gondkhari,2023,25,27,21.175133,78.920007,MH-001_C4,train,cnn_test,0,0,1,0.16290414
12294,MH-001_2023_R025_C028,MH-001,Gondkhari,2023,25,28,21.175133,78.920277,MH-001_C4,train,cnn_test,0,0,0,0.019796731
12295,MH-001_2023_R025_C029,MH-001,Gondkhari,2023,25,29,21.175133,78.920546,MH-001_C4,train,cnn_test,1,0,0,0.0064077545
12296,MH-001_2023_R025_C030,MH-001,Gondkhari,2023,25,30,21.175133,78.920816,MH-001_C4,train,cnn_test,1,0,0,0.0083837155
12297,MH-001_2023_R025_C031,MH-001,Gondkhari,2023,25,31,21.175133,78.921085,MH-001_C4,train,cnn_test,2,1,1,0.25627935
12298,MH-001_2023_R025_C032,MH-001,Gondkhari,2023,25,32,21.175133,78.921355,MH-001_C4,train,cnn_test,1,0,1,0.45258653
12299,MH-001_2023_R025_C033,MH-001,Gondkhari,2023,25,33,21.175133,78.921624,MH-001_C5,train,cnn_test,2,1,1,0.84222585
12300,MH-001_2023_R025_C037,MH-001,Gondkhari,2023,25,37,21.175133,78.922702,MH-001_C5,train,cnn_test,2,1,1,0.4270553
12301,MH-001_2023_R025_C038,MH-001,Gondkhari,2023,25,38,21.175133,78.922972,MH-001_C5,train,cnn_test,1,0,1,0.3413394
12302,MH-001_2023_R025_C039,MH-001,Gondkhari,2023,25,39,21.175133,78.923241,MH-001_C5,train,cnn_test,0,0,0,0.0460349
12303,MH-001_2023_R025_C040,MH-001,Gondkhari,2023,25,40,21.175133,78.92351,MH-001_C6,train,cnn_test,1,0,0,0.024688065
12304,MH-001_2023_R025_C041,MH-001,Gondkhari,2023,25,41,21.175133,78.92378,MH-001_C6,train,cnn_test,0,0,0,0.0932843
12305,MH-001_2023_R025_C042,MH-001,Gondkhari,2023,25,42,21.175133,78.924049,MH-001_C6,train,cnn_test,0,0,0,0.03005378
12306,MH-001_2023_R025_C043,MH-001,Gondkhari,2023,25,43,21.175133,78.924319,MH-001_C6,train,cnn_test,0,0,0,0.0101820305
12307,MH-001_2023_R025_C044,MH-001,Gondkhari,2023,25,44,21.175133,78.924588,MH-001_C6,train,cnn_test,0,0,0,0.0038576552
12308,MH-001_2023_R025_C045,MH-001,Gondkhari,2023,25,45,21.175133,78.924858,MH-001_C6,train,cnn_test,1,0,0,0.0018516621
12309,MH-001_2023_R025_C046,MH-001,Gondkhari,2023,25,46,21.175133,78.925127,MH-001_C7,train,cnn_test,0,0,0,0.0004627116
12310,MH-001_2023_R025_C047,MH-001,Gondkhari,2023,25,47,21.175133,78.925397,MH-001_C7,train,cnn_test,0,0,0,0.0022305588
12311,MH-001_2023_R025_C048,MH-001,Gondkhari,2023,25,48,21.175133,78.925666,MH-001_C7,train,cnn_test,0,0,0,0.0029804346
12312,MH-001_2023_R025_C049,MH-001,Gondkhari,2023,25,49,21.175133,78.925936,MH-001_C7,train,cnn_test,0,0,0,0.0035709296
12313,MH-001_2023_R025_C050,MH-001,Gondkhari,2023,25,50,21.175133,78.926205,MH-001_C7,train,cnn_test,0,0,0,0.004737556
12314,MH-001_2023_R026_C012,MH-001,Gondkhari,2023,26,12,21.174863,78.915965,MH-001_C1,train,cnn_test,0,0,0,0.005159611
12315,MH-001_2023_R026_C013,MH-001,Gondkhari,2023,26,13,21.174863,78.916234,MH-001_C1,train,cnn_test,2,1,0,0.0022351863
12316,MH-001_2023_R026_C014,MH-001,Gondkhari,2023,26,14,21.174863,78.916504,MH-001_C2,train,cnn_test,2,1,0,0.0052073714
12317,MH-001_2023_R026_C015,MH-001,Gondkhari,2023,26,15,21.174863,78.916773,MH-001_C2,train,cnn_test,1,0,0,0.047993276
12318,MH-001_2023_R026_C016,MH-001,Gondkhari,2023,26,16,21.174863,78.917043,MH-001_C2,train,cnn_test,2,1,0,0.088610925
12319,MH-001_2023_R026_C017,MH-001,Gondkhari,2023,26,17,21.174863,78.917312,MH-001_C2,train,cnn_test,2,1,0,0.016819434
12320,MH-001_2023_R026_C018,MH-001,Gondkhari,2023,26,18,21.174863,78.917582,MH-001_C2,train,cnn_test,0,0,0,0.0114430925
12321,MH-001_2023_R026_C019,MH-001,Gondkhari,2023,26,19,21.174863,78.917851,MH-001_C2,train,cnn_test,1,0,0,0.005746442
12322,MH-001_2023_R026_C020,MH-001,Gondkhari,2023,26,20,21.174863,78.918121,MH-001_C2,train,cnn_test,1,0,0,0.005489863
12323,MH-001_2023_R026_C022,MH-001,Gondkhari,2023,26,22,21.174863,78.91866,MH-001_C3,train,cnn_test,0,0,0,0.0009858852
12324,MH-001_2023_R026_C030,MH-001,Gondkhari,2023,26,30,21.174863,78.920816,MH-001_C4,train,cnn_test,0,0,0,0.009202172
12325,MH-001_2023_R026_C031,MH-001,Gondkhari,2023,26,31,21.174863,78.921085,MH-001_C4,train,cnn_test,0,0,0,0.095427595
12326,MH-001_2023_R026_C032,MH-001,Gondkhari,2023,26,32,21.174863,78.921355,MH-001_C4,train,cnn_test,0,0,1,0.5169395
12327,MH-001_2023_R026_C033,MH-001,Gondkhari,2023,26,33,21.174863,78.921624,MH-001_C5,train,cnn_test,0,0,1,0.8133338
12328,MH-001_2023_R026_C034,MH-001,Gondkhari,2023,26,34,21.174863,78.921894,MH-001_C5,train,cnn_test,0,0,1,0.5200627
12329,MH-001_2023_R026_C038,MH-001,Gondkhari,2023,26,38,21.174863,78.922972,MH-001_C5,train,cnn_test,0,0,1,0.33612463
12330,MH-001_2023_R026_C039,MH-001,Gondkhari,2023,26,39,21.174863,78.923241,MH-001_C5,train,cnn_test,0,0,0,0.09848158
12331,MH-001_2023_R026_C040,MH-001,Gondkhari,2023,26,40,21.174863,78.92351,MH-001_C6,train,cnn_test,0,0,0,0.022658156
12332,MH-001_2023_R026_C041,MH-001,Gondkhari,2023,26,41,21.174863,78.92378,MH-001_C6,train,cnn_test,0,0,0,0.03271569
12333,MH-001_2023_R026_C042,MH-001,Gondkhari,2023,26,42,21.174863,78.924049,MH-001_C6,train,cnn_test,0,0,0,0.026315946
12334,MH-001_2023_R026_C043,MH-001,Gondkhari,2023,26,43,21.174863,78.924319,MH-001_C6,train,cnn_test,0,0,0,0.024241593
12335,MH-001_2023_R026_C046,MH-001,Gondkhari,2023,26,46,21.174863,78.925127,MH-001_C7,train,cnn_test,0,0,0,0.0010953988
12336,MH-001_2023_R026_C047,MH-001,Gondkhari,2023,26,47,21.174863,78.925397,MH-001_C7,train,cnn_test,0,0,0,0.0073858052
12337,MH-001_2023_R026_C048,MH-001,Gondkhari,2023,26,48,21.174863,78.925666,MH-001_C7,train,cnn_test,0,0,0,0.0067426995
12338,MH-001_2023_R027_C012,MH-001,Gondkhari,2023,27,12,21.174594,78.915965,MH-001_C1,train,cnn_test,0,0,0,0.006180211
12339,MH-001_2023_R027_C013,MH-001,Gondkhari,2023,27,13,21.174594,78.916234,MH-001_C1,train,cnn_test,1,0,0,0.001987324
12340,MH-001_2023_R027_C014,MH-001,Gondkhari,2023,27,14,21.174594,78.916504,MH-001_C2,train,cnn_test,2,1,0,0.009491535
12341,MH-001_2023_R027_C015,MH-001,Gondkhari,2023,27,15,21.174594,78.916773,MH-001_C2,train,cnn_test,1,0,0,0.03154289
12342,MH-001_2023_R027_C017,MH-001,Gondkhari,2023,27,17,21.174594,78.917312,MH-001_C2,train,cnn_test,1,0,0,0.015175267
12343,MH-001_2023_R027_C018,MH-001,Gondkhari,2023,27,18,21.174594,78.917582,MH-001_C2,train,cnn_test,1,0,0,0.039658014
12344,MH-001_2023_R027_C019,MH-001,Gondkhari,2023,27,19,21.174594,78.917851,MH-001_C2,train,cnn_test,1,0,0,0.014144046
12345,MH-001_2023_R027_C021,MH-001,Gondkhari,2023,27,21,21.174594,78.91839,MH-001_C3,train,cnn_test,0,0,0,0.033459965
12346,MH-001_2023_R027_C022,MH-001,Gondkhari,2023,27,22,21.174594,78.91866,MH-001_C3,train,cnn_test,0,0,0,0.0023100278
12347,MH-001_2023_R027_C023,MH-001,Gondkhari,2023,27,23,21.174594,78.918929,MH-001_C3,train,cnn_test,0,0,0,0.010942353
12348,MH-001_2023_R027_C024,MH-001,Gondkhari,2023,27,24,21.174594,78.919199,MH-001_C3,train,cnn_test,0,0,0,0.05812013
12349,MH-001_2023_R027_C028,MH-001,Gondkhari,2023,27,28,21.174594,78.920277,MH-001_C4,train,cnn_test,0,0,0,0.015736733
12350,MH-001_2023_R027_C029,MH-001,Gondkhari,2023,27,29,21.174594,78.920546,MH-001_C4,train,cnn_test,0,0,0,0.011202465
12351,MH-001_2023_R027_C030,MH-001,Gondkhari,2023,27,30,21.174594,78.920816,MH-001_C4,train,cnn_test,2,1,0,0.010920246
12352,MH-001_2023_R027_C031,MH-001,Gondkhari,2023,27,31,21.174594,78.921085,MH-001_C4,train,cnn_test,0,0,0,0.078584544
12353,MH-001_2023_R027_C032,MH-001,Gondkhari,2023,27,32,21.174594,78.921355,MH-001_C4,train,cnn_test,1,0,1,0.38544634
12354,MH-001_2023_R027_C033,MH-001,Gondkhari,2023,27,33,21.174594,78.921624,MH-001_C5,train,cnn_test,1,0,1,0.75217944
12355,MH-001_2023_R027_C034,MH-001,Gondkhari,2023,27,34,21.174594,78.921894,MH-001_C5,train,cnn_test,0,0,1,0.5018773
12356,MH-001_2023_R027_C035,MH-001,Gondkhari,2023,27,35,21.174594,78.922163,MH-001_C5,train,cnn_test,0,0,1,0.43146667
12357,MH-001_2023_R027_C036,MH-001,Gondkhari,2023,27,36,21.174594,78.922433,MH-001_C5,train,cnn_test,0,0,1,0.32887015
12358,MH-001_2023_R027_C037,MH-001,Gondkhari,2023,27,37,21.174594,78.922702,MH-001_C5,train,cnn_test,0,0,1,0.4404475
12359,MH-001_2023_R027_C038,MH-001,Gondkhari,2023,27,38,21.174594,78.922972,MH-001_C5,train,cnn_test,1,0,1,0.5336906
12360,MH-001_2023_R027_C039,MH-001,Gondkhari,2023,27,39,21.174594,78.923241,MH-001_C5,train,cnn_test,1,0,0,0.08558519
12361,MH-001_2023_R027_C040,MH-001,Gondkhari,2023,27,40,21.174594,78.92351,MH-001_C6,train,cnn_test,1,0,0,0.039663523
12362,MH-001_2023_R027_C041,MH-001,Gondkhari,2023,27,41,21.174594,78.92378,MH-001_C6,train,cnn_test,0,0,0,0.08939366
12363,MH-001_2023_R027_C042,MH-001,Gondkhari,2023,27,42,21.174594,78.924049,MH-001_C6,train,cnn_test,0,0,0,0.03055571
12364,MH-001_2023_R027_C043,MH-001,Gondkhari,2023,27,43,21.174594,78.924319,MH-001_C6,train,cnn_test,0,0,0,0.009520071
12365,MH-001_2023_R027_C047,MH-001,Gondkhari,2023,27,47,21.174594,78.925397,MH-001_C7,train,cnn_test,0,0,0,0.0067467527
12366,MH-001_2023_R027_C048,MH-001,Gondkhari,2023,27,48,21.174594,78.925666,MH-001_C7,train,cnn_test,0,0,0,0.0057722833
12367,MH-001_2023_R027_C049,MH-001,Gondkhari,2023,27,49,21.174594,78.925936,MH-001_C7,train,cnn_test,0,0,0,0.004740392
12368,MH-001_2023_R027_C050,MH-001,Gondkhari,2023,27,50,21.174594,78.926205,MH-001_C7,train,cnn_test,0,0,0,0.009978788
12369,MH-001_2023_R027_C051,MH-001,Gondkhari,2023,27,51,21.174594,78.926475,MH-001_C7,train,cnn_test,0,0,1,0.7735914
12370,MH-001_2023_R028_C013,MH-001,Gondkhari,2023,28,13,21.174324,78.916234,MH-001_C1,train,cnn_test,0,0,0,0.009813649
12371,MH-001_2023_R028_C014,MH-001,Gondkhari,2023,28,14,21.174324,78.916504,MH-001_C2,train,cnn_test,1,0,0,0.026373737
12372,MH-001_2023_R028_C016,MH-001,Gondkhari,2023,28,16,21.174324,78.917043,MH-001_C2,train,cnn_test,1,0,1,0.11451364
12373,MH-001_2023_R028_C017,MH-001,Gondkhari,2023,28,17,21.174324,78.917312,MH-001_C2,train,cnn_test,1,0,0,0.011796511
12374,MH-001_2023_R028_C018,MH-001,Gondkhari,2023,28,18,21.174324,78.917582,MH-001_C2,train,cnn_test,1,0,0,0.018326463
12375,MH-001_2023_R028_C019,MH-001,Gondkhari,2023,28,19,21.174324,78.917851,MH-001_C2,train,cnn_test,1,0,0,0.009165988
12376,MH-001_2023_R028_C020,MH-001,Gondkhari,2023,28,20,21.174324,78.918121,MH-001_C2,train,cnn_test,0,0,0,0.011717761
12377,MH-001_2023_R028_C021,MH-001,Gondkhari,2023,28,21,21.174324,78.91839,MH-001_C3,train,cnn_test,0,0,0,0.008201036
12378,MH-001_2023_R028_C022,MH-001,Gondkhari,2023,28,22,21.174324,78.91866,MH-001_C3,train,cnn_test,0,0,0,0.00159233
12379,MH-001_2023_R028_C023,MH-001,Gondkhari,2023,28,23,21.174324,78.918929,MH-001_C3,train,cnn_test,0,0,0,0.0033731386
12380,MH-001_2023_R028_C024,MH-001,Gondkhari,2023,28,24,21.174324,78.919199,MH-001_C3,train,cnn_test,0,0,0,0.08039414
12381,MH-001_2023_R028_C025,MH-001,Gondkhari,2023,28,25,21.174324,78.919468,MH-001_C3,train,cnn_test,0,0,1,0.13625602
12382,MH-001_2023_R028_C026,MH-001,Gondkhari,2023,28,26,21.174324,78.919738,MH-001_C3,train,cnn_test,0,0,1,0.59962374
12383,MH-001_2023_R028_C027,MH-001,Gondkhari,2023,28,27,21.174324,78.920007,MH-001_C4,train,cnn_test,1,0,1,0.38507238
12384,MH-001_2023_R028_C028,MH-001,Gondkhari,2023,28,28,21.174324,78.920277,MH-001_C4,train,cnn_test,0,0,1,0.33986336
12385,MH-001_2023_R028_C029,MH-001,Gondkhari,2023,28,29,21.174324,78.920546,MH-001_C4,train,cnn_test,2,1,0,0.034429517
12386,MH-001_2023_R028_C030,MH-001,Gondkhari,2023,28,30,21.174324,78.920816,MH-001_C4,train,cnn_test,2,1,0,0.056520756
12387,MH-001_2023_R028_C031,MH-001,Gondkhari,2023,28,31,21.174324,78.921085,MH-001_C4,train,cnn_test,2,1,0,0.056856345
12388,MH-001_2023_R028_C032,MH-001,Gondkhari,2023,28,32,21.174324,78.921355,MH-001_C4,train,cnn_test,2,1,1,0.6686653
12389,MH-001_2023_R028_C033,MH-001,Gondkhari,2023,28,33,21.174324,78.921624,MH-001_C5,train,cnn_test,2,1,1,0.84148514
12390,MH-001_2023_R028_C034,MH-001,Gondkhari,2023,28,34,21.174324,78.921894,MH-001_C5,train,cnn_test,0,0,1,0.7895196
12391,MH-001_2023_R028_C035,MH-001,Gondkhari,2023,28,35,21.174324,78.922163,MH-001_C5,train,cnn_test,0,0,1,0.5559581
12392,MH-001_2023_R028_C036,MH-001,Gondkhari,2023,28,36,21.174324,78.922433,MH-001_C5,train,cnn_test,0,0,1,0.53100866
12393,MH-001_2023_R028_C037,MH-001,Gondkhari,2023,28,37,21.174324,78.922702,MH-001_C5,train,cnn_test,0,0,1,0.29877153
12394,MH-001_2023_R028_C038,MH-001,Gondkhari,2023,28,38,21.174324,78.922972,MH-001_C5,train,cnn_test,0,0,1,0.39636436
12395,MH-001_2023_R028_C039,MH-001,Gondkhari,2023,28,39,21.174324,78.923241,MH-001_C5,train,cnn_test,1,0,1,0.17750525
12396,MH-001_2023_R028_C040,MH-001,Gondkhari,2023,28,40,21.174324,78.92351,MH-001_C6,train,cnn_test,1,0,0,0.034925193
12397,MH-001_2023_R028_C041,MH-001,Gondkhari,2023,28,41,21.174324,78.92378,MH-001_C6,train,cnn_test,1,0,0,0.06841489
12398,MH-001_2023_R028_C044,MH-001,Gondkhari,2023,28,44,21.174324,78.924588,MH-001_C6,train,cnn_test,0,0,0,0.007232339
12399,MH-001_2023_R028_C045,MH-001,Gondkhari,2023,28,45,21.174324,78.924858,MH-001_C6,train,cnn_test,0,0,0,0.006835851
12400,MH-001_2023_R028_C046,MH-001,Gondkhari,2023,28,46,21.174324,78.925127,MH-001_C7,train,cnn_test,1,0,0,0.0010526202
12401,MH-001_2023_R028_C047,MH-001,Gondkhari,2023,28,47,21.174324,78.925397,MH-001_C7,train,cnn_test,0,0,0,0.01211827
12402,MH-001_2023_R028_C048,MH-001,Gondkhari,2023,28,48,21.174324,78.925666,MH-001_C7,train,cnn_test,0,0,0,0.003624715
12403,MH-001_2023_R028_C049,MH-001,Gondkhari,2023,28,49,21.174324,78.925936,MH-001_C7,train,cnn_test,0,0,0,0.0059149535
12404,MH-001_2023_R028_C050,MH-001,Gondkhari,2023,28,50,21.174324,78.926205,MH-001_C7,train,cnn_test,0,0,0,0.0041261367
12405,MH-001_2023_R028_C051,MH-001,Gondkhari,2023,28,51,21.174324,78.926475,MH-001_C7,train,cnn_test,0,0,1,0.2561672
12406,MH-001_2023_R029_C013,MH-001,Gondkhari,2023,29,13,21.174055,78.916234,MH-001_C1,train,cnn_test,0,0,0,0.019536722
12407,MH-001_2023_R029_C014,MH-001,Gondkhari,2023,29,14,21.174055,78.916504,MH-001_C2,train,cnn_test,1,0,1,0.10592106
12408,MH-001_2023_R029_C015,MH-001,Gondkhari,2023,29,15,21.174055,78.916773,MH-001_C2,train,cnn_test,1,0,1,0.14291021
12409,MH-001_2023_R029_C016,MH-001,Gondkhari,2023,29,16,21.174055,78.917043,MH-001_C2,train,cnn_test,2,1,1,0.58655035
12410,MH-001_2023_R029_C017,MH-001,Gondkhari,2023,29,17,21.174055,78.917312,MH-001_C2,train,cnn_test,2,1,0,0.040816773
12411,MH-001_2023_R029_C019,MH-001,Gondkhari,2023,29,19,21.174055,78.917851,MH-001_C2,train,cnn_test,0,0,0,0.08298454
12412,MH-001_2023_R029_C020,MH-001,Gondkhari,2023,29,20,21.174055,78.918121,MH-001_C2,train,cnn_test,0,0,1,0.2722179
12413,MH-001_2023_R029_C021,MH-001,Gondkhari,2023,29,21,21.174055,78.91839,MH-001_C3,train,cnn_test,1,0,1,0.15019256
12414,MH-001_2023_R029_C022,MH-001,Gondkhari,2023,29,22,21.174055,78.91866,MH-001_C3,train,cnn_test,0,0,0,0.0066116676
12415,MH-001_2023_R029_C023,MH-001,Gondkhari,2023,29,23,21.174055,78.918929,MH-001_C3,train,cnn_test,0,0,0,0.023389073
12416,MH-001_2023_R029_C024,MH-001,Gondkhari,2023,29,24,21.174055,78.919199,MH-001_C3,train,cnn_test,0,0,1,0.21948299
12417,MH-001_2023_R029_C025,MH-001,Gondkhari,2023,29,25,21.174055,78.919468,MH-001_C3,train,cnn_test,0,0,1,0.5893306
12418,MH-001_2023_R029_C026,MH-001,Gondkhari,2023,29,26,21.174055,78.919738,MH-001_C3,train,cnn_test,1,0,1,0.77468884
12419,MH-001_2023_R029_C027,MH-001,Gondkhari,2023,29,27,21.174055,78.920007,MH-001_C4,train,cnn_test,0,0,1,0.4351335
12420,MH-001_2023_R029_C028,MH-001,Gondkhari,2023,29,28,21.174055,78.920277,MH-001_C4,train,cnn_test,0,0,1,0.12675495
12421,MH-001_2023_R029_C029,MH-001,Gondkhari,2023,29,29,21.174055,78.920546,MH-001_C4,train,cnn_test,0,0,1,0.10803162
12422,MH-001_2023_R029_C030,MH-001,Gondkhari,2023,29,30,21.174055,78.920816,MH-001_C4,train,cnn_test,0,0,0,0.045019004
12423,MH-001_2023_R029_C031,MH-001,Gondkhari,2023,29,31,21.174055,78.921085,MH-001_C4,train,cnn_test,0,0,1,0.12206398
12424,MH-001_2023_R029_C032,MH-001,Gondkhari,2023,29,32,21.174055,78.921355,MH-001_C4,train,cnn_test,0,0,1,0.36000532
12425,MH-001_2023_R029_C033,MH-001,Gondkhari,2023,29,33,21.174055,78.921624,MH-001_C5,train,cnn_test,0,0,1,0.7567251
12426,MH-001_2023_R029_C034,MH-001,Gondkhari,2023,29,34,21.174055,78.921894,MH-001_C5,train,cnn_test,0,0,1,0.54448724
12427,MH-001_2023_R029_C035,MH-001,Gondkhari,2023,29,35,21.174055,78.922163,MH-001_C5,train,cnn_test,0,0,1,0.6620292
12428,MH-001_2023_R029_C036,MH-001,Gondkhari,2023,29,36,21.174055,78.922433,MH-001_C5,train,cnn_test,0,0,1,0.1842197
12429,MH-001_2023_R029_C037,MH-001,Gondkhari,2023,29,37,21.174055,78.922702,MH-001_C5,train,cnn_test,0,0,1,0.25773597
12430,MH-001_2023_R029_C038,MH-001,Gondkhari,2023,29,38,21.174055,78.922972,MH-001_C5,train,cnn_test,1,0,1,0.23492648
12431,MH-001_2023_R029_C042,MH-001,Gondkhari,2023,29,42,21.174055,78.924049,MH-001_C6,train,cnn_test,0,0,0,0.03563831
12432,MH-001_2023_R029_C043,MH-001,Gondkhari,2023,29,43,21.174055,78.924319,MH-001_C6,train,cnn_test,0,0,0,0.0048092594
12433,MH-001_2023_R029_C044,MH-001,Gondkhari,2023,29,44,21.174055,78.924588,MH-001_C6,train,cnn_test,0,0,0,0.0012083811
12434,MH-001_2023_R029_C045,MH-001,Gondkhari,2023,29,45,21.174055,78.924858,MH-001_C6,train,cnn_test,0,0,0,0.00087859563
12435,MH-001_2023_R029_C046,MH-001,Gondkhari,2023,29,46,21.174055,78.925127,MH-001_C7,train,cnn_test,1,0,0,0.0005418858
12436,MH-001_2023_R029_C047,MH-001,Gondkhari,2023,29,47,21.174055,78.925397,MH-001_C7,train,cnn_test,1,0,0,0.0031752067
12437,MH-001_2023_R029_C048,MH-001,Gondkhari,2023,29,48,21.174055,78.925666,MH-001_C7,train,cnn_test,0,0,0,0.0031452077
12438,MH-001_2023_R029_C049,MH-001,Gondkhari,2023,29,49,21.174055,78.925936,MH-001_C7,train,cnn_test,0,0,0,0.00633534
12439,MH-001_2023_R029_C050,MH-001,Gondkhari,2023,29,50,21.174055,78.926205,MH-001_C7,train,cnn_test,0,0,0,0.012514496
12440,MH-001_2023_R029_C051,MH-001,Gondkhari,2023,29,51,21.174055,78.926475,MH-001_C7,train,cnn_test,0,0,1,0.35770613
12441,MH-001_2023_R030_C014,MH-001,Gondkhari,2023,30,14,21.173785,78.916504,MH-001_C2,train,cnn_test,0,0,0,0.038819164
12442,MH-001_2023_R030_C015,MH-001,Gondkhari,2023,30,15,21.173785,78.916773,MH-001_C2,train,cnn_test,1,0,1,0.1622907
12443,MH-001_2023_R030_C016,MH-001,Gondkhari,2023,30,16,21.173785,78.917043,MH-001_C2,train,cnn_test,1,0,1,0.14503247
12444,MH-001_2023_R030_C018,MH-001,Gondkhari,2023,30,18,21.173785,78.917582,MH-001_C2,train,cnn_test,0,0,0,0.0971573
12445,MH-001_2023_R030_C019,MH-001,Gondkhari,2023,30,19,21.173785,78.917851,MH-001_C2,train,cnn_test,0,0,0,0.055343796
12446,MH-001_2023_R030_C020,MH-001,Gondkhari,2023,30,20,21.173785,78.918121,MH-001_C2,train,cnn_test,0,0,1,0.12002558
12447,MH-001_2023_R030_C021,MH-001,Gondkhari,2023,30,21,21.173785,78.91839,MH-001_C3,train,cnn_test,0,0,0,0.048292197
12448,MH-001_2023_R030_C022,MH-001,Gondkhari,2023,30,22,21.173785,78.91866,MH-001_C3,train,cnn_test,0,0,0,0.00758302
12449,MH-001_2023_R030_C023,MH-001,Gondkhari,2023,30,23,21.173785,78.918929,MH-001_C3,train,cnn_test,0,0,0,0.021764703
12450,MH-001_2023_R030_C024,MH-001,Gondkhari,2023,30,24,21.173785,78.919199,MH-001_C3,train,cnn_test,0,0,1,0.2266281
12451,MH-001_2023_R030_C027,MH-001,Gondkhari,2023,30,27,21.173785,78.920007,MH-001_C4,train,cnn_test,1,0,1,0.26287153
12452,MH-001_2023_R030_C028,MH-001,Gondkhari,2023,30,28,21.173785,78.920277,MH-001_C4,train,cnn_test,0,0,1,0.17607544
12453,MH-001_2023_R030_C029,MH-001,Gondkhari,2023,30,29,21.173785,78.920546,MH-001_C4,train,cnn_test,0,0,0,0.043908942
12454,MH-001_2023_R030_C031,MH-001,Gondkhari,2023,30,31,21.173785,78.921085,MH-001_C4,train,cnn_test,0,0,0,0.070470616
12455,MH-001_2023_R030_C032,MH-001,Gondkhari,2023,30,32,21.173785,78.921355,MH-001_C4,train,cnn_test,0,0,1,0.39733455
12456,MH-001_2023_R030_C033,MH-001,Gondkhari,2023,30,33,21.173785,78.921624,MH-001_C5,train,cnn_test,0,0,1,0.87114996
12457,MH-001_2023_R030_C034,MH-001,Gondkhari,2023,30,34,21.173785,78.921894,MH-001_C5,train,cnn_test,0,0,1,0.7760592
12458,MH-001_2023_R030_C035,MH-001,Gondkhari,2023,30,35,21.173785,78.922163,MH-001_C5,train,cnn_test,0,0,1,0.57250345
12459,MH-001_2023_R030_C036,MH-001,Gondkhari,2023,30,36,21.173785,78.922433,MH-001_C5,train,cnn_test,0,0,1,0.22958319
12460,MH-001_2023_R030_C037,MH-001,Gondkhari,2023,30,37,21.173785,78.922702,MH-001_C5,train,cnn_test,0,0,1,0.18934248
12461,MH-001_2023_R030_C038,MH-001,Gondkhari,2023,30,38,21.173785,78.922972,MH-001_C5,train,cnn_test,0,0,1,0.33698916
12462,MH-001_2023_R030_C039,MH-001,Gondkhari,2023,30,39,21.173785,78.923241,MH-001_C5,train,cnn_test,0,0,1,0.15180449
12463,MH-001_2023_R030_C040,MH-001,Gondkhari,2023,30,40,21.173785,78.92351,MH-001_C6,train,cnn_test,0,0,0,0.029519072
12464,MH-001_2023_R030_C041,MH-001,Gondkhari,2023,30,41,21.173785,78.92378,MH-001_C6,train,cnn_test,0,0,0,0.050388224
12465,MH-001_2023_R030_C042,MH-001,Gondkhari,2023,30,42,21.173785,78.924049,MH-001_C6,train,cnn_test,0,0,0,0.054174
12466,MH-001_2023_R030_C043,MH-001,Gondkhari,2023,30,43,21.173785,78.924319,MH-001_C6,train,cnn_test,0,0,0,0.01632192
12467,MH-001_2023_R030_C044,MH-001,Gondkhari,2023,30,44,21.173785,78.924588,MH-001_C6,train,cnn_test,0,0,0,0.007088661
12468,MH-001_2023_R030_C045,MH-001,Gondkhari,2023,30,45,21.173785,78.924858,MH-001_C6,train,cnn_test,2,1,0,0.003003282
12469,MH-001_2023_R030_C046,MH-001,Gondkhari,2023,30,46,21.173785,78.925127,MH-001_C7,train,cnn_test,0,0,0,0.0005685637
12470,MH-001_2023_R030_C047,MH-001,Gondkhari,2023,30,47,21.173785,78.925397,MH-001_C7,train,cnn_test,0,0,0,0.011724024
12471,MH-001_2023_R030_C048,MH-001,Gondkhari,2023,30,48,21.173785,78.925666,MH-001_C7,train,cnn_test,0,0,0,0.0031700372
12472,MH-001_2023_R030_C049,MH-001,Gondkhari,2023,30,49,21.173785,78.925936,MH-001_C7,train,cnn_test,0,0,0,0.006325975
12473,MH-001_2023_R030_C050,MH-001,Gondkhari,2023,30,50,21.173785,78.926205,MH-001_C7,train,cnn_test,0,0,0,0.0026535466
12474,MH-001_2023_R030_C051,MH-001,Gondkhari,2023,30,51,21.173785,78.926475,MH-001_C7,train,cnn_test,0,0,0,0.09898749
17232,MH-001_2024_R007_C008,MH-001,Gondkhari,2024,7,8,21.179984,78.914887,MH-001_C1,train,cnn_test,1,0,0,0.046446096
17233,MH-001_2024_R007_C009,MH-001,Gondkhari,2024,7,9,21.179984,78.915156,MH-001_C1,train,cnn_test,0,0,1,0.44861424
17234,MH-001_2024_R007_C010,MH-001,Gondkhari,2024,7,10,21.179984,78.915426,MH-001_C1,train,cnn_test,0,0,0,0.04011155
17235,MH-001_2024_R007_C011,MH-001,Gondkhari,2024,7,11,21.179984,78.915695,MH-001_C1,train,cnn_test,0,0,1,0.15815488
17236,MH-001_2024_R007_C012,MH-001,Gondkhari,2024,7,12,21.179984,78.915965,MH-001_C1,train,cnn_test,0,0,0,0.062273875
17237,MH-001_2024_R007_C013,MH-001,Gondkhari,2024,7,13,21.179984,78.916234,MH-001_C1,train,cnn_test,1,0,1,0.37703994
17238,MH-001_2024_R007_C014,MH-001,Gondkhari,2024,7,14,21.179984,78.916504,MH-001_C2,train,cnn_test,1,0,0,0.07886012
17239,MH-001_2024_R007_C015,MH-001,Gondkhari,2024,7,15,21.179984,78.916773,MH-001_C2,train,cnn_test,1,0,0,0.05261377
17240,MH-001_2024_R007_C016,MH-001,Gondkhari,2024,7,16,21.179984,78.917043,MH-001_C2,train,cnn_test,1,0,0,0.095558725
17241,MH-001_2024_R007_C017,MH-001,Gondkhari,2024,7,17,21.179984,78.917312,MH-001_C2,train,cnn_test,1,0,1,0.16918334
17242,MH-001_2024_R007_C018,MH-001,Gondkhari,2024,7,18,21.179984,78.917582,MH-001_C2,train,cnn_test,0,0,1,0.33766776
17243,MH-001_2024_R007_C019,MH-001,Gondkhari,2024,7,19,21.179984,78.917851,MH-001_C2,train,cnn_test,2,1,1,0.4488476
17244,MH-001_2024_R007_C020,MH-001,Gondkhari,2024,7,20,21.179984,78.918121,MH-001_C2,train,cnn_test,2,1,1,0.44769412
17245,MH-001_2024_R007_C021,MH-001,Gondkhari,2024,7,21,21.179984,78.91839,MH-001_C3,train,cnn_test,1,0,1,0.13638179
17246,MH-001_2024_R007_C023,MH-001,Gondkhari,2024,7,23,21.179984,78.918929,MH-001_C3,train,cnn_test,1,0,1,0.7287709
17247,MH-001_2024_R007_C024,MH-001,Gondkhari,2024,7,24,21.179984,78.919199,MH-001_C3,train,cnn_test,1,0,1,0.7943554
17248,MH-001_2024_R007_C026,MH-001,Gondkhari,2024,7,26,21.179984,78.919738,MH-001_C3,train,cnn_test,1,0,1,0.766922
17249,MH-001_2024_R007_C027,MH-001,Gondkhari,2024,7,27,21.179984,78.920007,MH-001_C4,train,cnn_test,0,0,1,0.7853362
17250,MH-001_2024_R007_C028,MH-001,Gondkhari,2024,7,28,21.179984,78.920277,MH-001_C4,train,cnn_test,0,0,1,0.81960994
17251,MH-001_2024_R007_C029,MH-001,Gondkhari,2024,7,29,21.179984,78.920546,MH-001_C4,train,cnn_test,2,1,1,0.78797567
17252,MH-001_2024_R007_C030,MH-001,Gondkhari,2024,7,30,21.179984,78.920816,MH-001_C4,train,cnn_test,2,1,1,0.7418326
17253,MH-001_2024_R007_C031,MH-001,Gondkhari,2024,7,31,21.179984,78.921085,MH-001_C4,train,cnn_test,2,1,1,0.4922047
17254,MH-001_2024_R007_C032,MH-001,Gondkhari,2024,7,32,21.179984,78.921355,MH-001_C4,train,cnn_test,2,1,1,0.528454
17255,MH-001_2024_R007_C033,MH-001,Gondkhari,2024,7,33,21.179984,78.921624,MH-001_C5,train,cnn_test,1,0,1,0.56957453
17256,MH-001_2024_R007_C034,MH-001,Gondkhari,2024,7,34,21.179984,78.921894,MH-001_C5,train,cnn_test,1,0,1,0.68866307
17257,MH-001_2024_R007_C035,MH-001,Gondkhari,2024,7,35,21.179984,78.922163,MH-001_C5,train,cnn_test,3,1,1,0.7111343
17258,MH-001_2024_R007_C041,MH-001,Gondkhari,2024,7,41,21.179984,78.92378,MH-001_C6,train,cnn_test,2,1,1,0.83010846
17259,MH-001_2024_R007_C042,MH-001,Gondkhari,2024,7,42,21.179984,78.924049,MH-001_C6,train,cnn_test,2,1,1,0.8397512
17260,MH-001_2024_R007_C043,MH-001,Gondkhari,2024,7,43,21.179984,78.924319,MH-001_C6,train,cnn_test,0,0,1,0.8708065
17261,MH-001_2024_R007_C044,MH-001,Gondkhari,2024,7,44,21.179984,78.924588,MH-001_C6,train,cnn_test,0,0,1,0.90447474
17262,MH-001_2024_R008_C008,MH-001,Gondkhari,2024,8,8,21.179714,78.914887,MH-001_C1,train,cnn_test,1,0,0,0.030344969
17263,MH-001_2024_R008_C009,MH-001,Gondkhari,2024,8,9,21.179714,78.915156,MH-001_C1,train,cnn_test,1,0,1,0.14413868
17264,MH-001_2024_R008_C010,MH-001,Gondkhari,2024,8,10,21.179714,78.915426,MH-001_C1,train,cnn_test,1,0,0,0.033910315
17265,MH-001_2024_R008_C011,MH-001,Gondkhari,2024,8,11,21.179714,78.915695,MH-001_C1,train,cnn_test,0,0,0,0.0793788
17266,MH-001_2024_R008_C012,MH-001,Gondkhari,2024,8,12,21.179714,78.915965,MH-001_C1,train,cnn_test,0,0,0,0.07313485
17267,MH-001_2024_R008_C013,MH-001,Gondkhari,2024,8,13,21.179714,78.916234,MH-001_C1,train,cnn_test,0,0,1,0.31333935
17268,MH-001_2024_R008_C014,MH-001,Gondkhari,2024,8,14,21.179714,78.916504,MH-001_C2,train,cnn_test,0,0,1,0.14638191
17269,MH-001_2024_R008_C015,MH-001,Gondkhari,2024,8,15,21.179714,78.916773,MH-001_C2,train,cnn_test,1,0,0,0.0799237
17270,MH-001_2024_R008_C016,MH-001,Gondkhari,2024,8,16,21.179714,78.917043,MH-001_C2,train,cnn_test,1,0,1,0.18304591
17271,MH-001_2024_R008_C017,MH-001,Gondkhari,2024,8,17,21.179714,78.917312,MH-001_C2,train,cnn_test,1,0,1,0.14487927
17272,MH-001_2024_R008_C018,MH-001,Gondkhari,2024,8,18,21.179714,78.917582,MH-001_C2,train,cnn_test,0,0,1,0.28782004
17273,MH-001_2024_R008_C019,MH-001,Gondkhari,2024,8,19,21.179714,78.917851,MH-001_C2,train,cnn_test,2,1,1,0.39638835
17274,MH-001_2024_R008_C020,MH-001,Gondkhari,2024,8,20,21.179714,78.918121,MH-001_C2,train,cnn_test,0,0,1,0.722841
17275,MH-001_2024_R008_C021,MH-001,Gondkhari,2024,8,21,21.179714,78.91839,MH-001_C3,train,cnn_test,2,1,1,0.48617724
17276,MH-001_2024_R008_C023,MH-001,Gondkhari,2024,8,23,21.179714,78.918929,MH-001_C3,train,cnn_test,2,1,1,0.699921
17277,MH-001_2024_R008_C024,MH-001,Gondkhari,2024,8,24,21.179714,78.919199,MH-001_C3,train,cnn_test,2,1,1,0.8190181
17278,MH-001_2024_R008_C025,MH-001,Gondkhari,2024,8,25,21.179714,78.919468,MH-001_C3,train,cnn_test,2,1,1,0.8077484
17279,MH-001_2024_R008_C027,MH-001,Gondkhari,2024,8,27,21.179714,78.920007,MH-001_C4,train,cnn_test,1,0,1,0.83161867
17280,MH-001_2024_R008_C028,MH-001,Gondkhari,2024,8,28,21.179714,78.920277,MH-001_C4,train,cnn_test,0,0,1,0.85802007
17281,MH-001_2024_R008_C029,MH-001,Gondkhari,2024,8,29,21.179714,78.920546,MH-001_C4,train,cnn_test,2,1,1,0.80413705
17282,MH-001_2024_R008_C030,MH-001,Gondkhari,2024,8,30,21.179714,78.920816,MH-001_C4,train,cnn_test,3,1,1,0.8125831
17283,MH-001_2024_R008_C031,MH-001,Gondkhari,2024,8,31,21.179714,78.921085,MH-001_C4,train,cnn_test,2,1,1,0.5578917
17284,MH-001_2024_R008_C032,MH-001,Gondkhari,2024,8,32,21.179714,78.921355,MH-001_C4,train,cnn_test,1,0,1,0.6096673
17285,MH-001_2024_R008_C033,MH-001,Gondkhari,2024,8,33,21.179714,78.921624,MH-001_C5,train,cnn_test,2,1,1,0.59298366
17286,MH-001_2024_R008_C034,MH-001,Gondkhari,2024,8,34,21.179714,78.921894,MH-001_C5,train,cnn_test,2,1,1,0.70098436
17287,MH-001_2024_R008_C040,MH-001,Gondkhari,2024,8,40,21.179714,78.92351,MH-001_C6,train,cnn_test,0,0,1,0.84567
17288,MH-001_2024_R008_C041,MH-001,Gondkhari,2024,8,41,21.179714,78.92378,MH-001_C6,train,cnn_test,2,1,1,0.8570152
17289,MH-001_2024_R008_C042,MH-001,Gondkhari,2024,8,42,21.179714,78.924049,MH-001_C6,train,cnn_test,0,0,1,0.8881188
17290,MH-001_2024_R008_C043,MH-001,Gondkhari,2024,8,43,21.179714,78.924319,MH-001_C6,train,cnn_test,1,0,1,0.87001455
17291,MH-001_2024_R008_C044,MH-001,Gondkhari,2024,8,44,21.179714,78.924588,MH-001_C6,train,cnn_test,2,1,1,0.89476794
17292,MH-001_2024_R009_C008,MH-001,Gondkhari,2024,9,8,21.179445,78.914887,MH-001_C1,train,cnn_test,1,0,0,0.01116321
17293,MH-001_2024_R009_C009,MH-001,Gondkhari,2024,9,9,21.179445,78.915156,MH-001_C1,train,cnn_test,0,0,0,0.07393684
17294,MH-001_2024_R009_C010,MH-001,Gondkhari,2024,9,10,21.179445,78.915426,MH-001_C1,train,cnn_test,0,0,0,0.026778787
17295,MH-001_2024_R009_C011,MH-001,Gondkhari,2024,9,11,21.179445,78.915695,MH-001_C1,train,cnn_test,0,0,0,0.072828375
17296,MH-001_2024_R009_C012,MH-001,Gondkhari,2024,9,12,21.179445,78.915965,MH-001_C1,train,cnn_test,0,0,0,0.08165953
17297,MH-001_2024_R009_C013,MH-001,Gondkhari,2024,9,13,21.179445,78.916234,MH-001_C1,train,cnn_test,0,0,1,0.2891808
17298,MH-001_2024_R009_C014,MH-001,Gondkhari,2024,9,14,21.179445,78.916504,MH-001_C2,train,cnn_test,0,0,0,0.07591611
17299,MH-001_2024_R009_C015,MH-001,Gondkhari,2024,9,15,21.179445,78.916773,MH-001_C2,train,cnn_test,0,0,0,0.093597755
17300,MH-001_2024_R009_C016,MH-001,Gondkhari,2024,9,16,21.179445,78.917043,MH-001_C2,train,cnn_test,1,0,1,0.14670128
17301,MH-001_2024_R009_C017,MH-001,Gondkhari,2024,9,17,21.179445,78.917312,MH-001_C2,train,cnn_test,1,0,1,0.21264309
17302,MH-001_2024_R009_C018,MH-001,Gondkhari,2024,9,18,21.179445,78.917582,MH-001_C2,train,cnn_test,0,0,1,0.45794603
17303,MH-001_2024_R009_C019,MH-001,Gondkhari,2024,9,19,21.179445,78.917851,MH-001_C2,train,cnn_test,2,1,1,0.69325364
17304,MH-001_2024_R009_C020,MH-001,Gondkhari,2024,9,20,21.179445,78.918121,MH-001_C2,train,cnn_test,1,0,1,0.7289964
17305,MH-001_2024_R009_C021,MH-001,Gondkhari,2024,9,21,21.179445,78.91839,MH-001_C3,train,cnn_test,3,1,1,0.334934
17306,MH-001_2024_R009_C023,MH-001,Gondkhari,2024,9,23,21.179445,78.918929,MH-001_C3,train,cnn_test,1,0,1,0.6816297
17307,MH-001_2024_R009_C024,MH-001,Gondkhari,2024,9,24,21.179445,78.919199,MH-001_C3,train,cnn_test,2,1,1,0.7808403
17308,MH-001_2024_R009_C025,MH-001,Gondkhari,2024,9,25,21.179445,78.919468,MH-001_C3,train,cnn_test,3,1,1,0.74504715
17309,MH-001_2024_R009_C027,MH-001,Gondkhari,2024,9,27,21.179445,78.920007,MH-001_C4,train,cnn_test,2,1,1,0.8020309
17310,MH-001_2024_R009_C028,MH-001,Gondkhari,2024,9,28,21.179445,78.920277,MH-001_C4,train,cnn_test,0,0,1,0.75573385
17311,MH-001_2024_R009_C029,MH-001,Gondkhari,2024,9,29,21.179445,78.920546,MH-001_C4,train,cnn_test,2,1,1,0.68843424
17312,MH-001_2024_R009_C030,MH-001,Gondkhari,2024,9,30,21.179445,78.920816,MH-001_C4,train,cnn_test,3,1,1,0.6032111
17313,MH-001_2024_R009_C031,MH-001,Gondkhari,2024,9,31,21.179445,78.921085,MH-001_C4,train,cnn_test,3,1,1,0.37545905
17314,MH-001_2024_R009_C032,MH-001,Gondkhari,2024,9,32,21.179445,78.921355,MH-001_C4,train,cnn_test,2,1,1,0.409622
17315,MH-001_2024_R009_C033,MH-001,Gondkhari,2024,9,33,21.179445,78.921624,MH-001_C5,train,cnn_test,2,1,1,0.5781621
17316,MH-001_2024_R009_C034,MH-001,Gondkhari,2024,9,34,21.179445,78.921894,MH-001_C5,train,cnn_test,2,1,1,0.6461703
17317,MH-001_2024_R009_C035,MH-001,Gondkhari,2024,9,35,21.179445,78.922163,MH-001_C5,train,cnn_test,2,1,1,0.68511343
17318,MH-001_2024_R009_C036,MH-001,Gondkhari,2024,9,36,21.179445,78.922433,MH-001_C5,train,cnn_test,2,1,1,0.71818715
17319,MH-001_2024_R009_C037,MH-001,Gondkhari,2024,9,37,21.179445,78.922702,MH-001_C5,train,cnn_test,2,1,1,0.7162687
17320,MH-001_2024_R009_C038,MH-001,Gondkhari,2024,9,38,21.179445,78.922972,MH-001_C5,train,cnn_test,2,1,1,0.7510154
17321,MH-001_2024_R009_C040,MH-001,Gondkhari,2024,9,40,21.179445,78.92351,MH-001_C6,train,cnn_test,2,1,1,0.83604676
17322,MH-001_2024_R009_C041,MH-001,Gondkhari,2024,9,41,21.179445,78.92378,MH-001_C6,train,cnn_test,2,1,1,0.92034096
17323,MH-001_2024_R009_C042,MH-001,Gondkhari,2024,9,42,21.179445,78.924049,MH-001_C6,train,cnn_test,1,0,1,0.9321277
17324,MH-001_2024_R009_C043,MH-001,Gondkhari,2024,9,43,21.179445,78.924319,MH-001_C6,train,cnn_test,1,0,1,0.9402512
17325,MH-001_2024_R009_C046,MH-001,Gondkhari,2024,9,46,21.179445,78.925127,MH-001_C7,train,cnn_test,2,1,1,0.9623022
17326,MH-001_2024_R009_C047,MH-001,Gondkhari,2024,9,47,21.179445,78.925397,MH-001_C7,train,cnn_test,0,0,1,0.94034195
17327,MH-001_2024_R009_C048,MH-001,Gondkhari,2024,9,48,21.179445,78.925666,MH-001_C7,train,cnn_test,0,0,1,0.8932711
17328,MH-001_2024_R009_C049,MH-001,Gondkhari,2024,9,49,21.179445,78.925936,MH-001_C7,train,cnn_test,0,0,1,0.8791289
17329,MH-001_2024_R010_C008,MH-001,Gondkhari,2024,10,8,21.179175,78.914887,MH-001_C1,train,cnn_test,0,0,0,0.012862809
17330,MH-001_2024_R010_C009,MH-001,Gondkhari,2024,10,9,21.179175,78.915156,MH-001_C1,train,cnn_test,0,0,0,0.039873183
17331,MH-001_2024_R010_C011,MH-001,Gondkhari,2024,10,11,21.179175,78.915695,MH-001_C1,train,cnn_test,0,0,0,0.034262884
17332,MH-001_2024_R010_C012,MH-001,Gondkhari,2024,10,12,21.179175,78.915965,MH-001_C1,train,cnn_test,0,0,0,0.06861782
17333,MH-001_2024_R010_C013,MH-001,Gondkhari,2024,10,13,21.179175,78.916234,MH-001_C1,train,cnn_test,0,0,1,0.3193396
17334,MH-001_2024_R010_C014,MH-001,Gondkhari,2024,10,14,21.179175,78.916504,MH-001_C2,train,cnn_test,0,0,1,0.19649571
17335,MH-001_2024_R010_C015,MH-001,Gondkhari,2024,10,15,21.179175,78.916773,MH-001_C2,train,cnn_test,0,0,1,0.25175694
17336,MH-001_2024_R010_C016,MH-001,Gondkhari,2024,10,16,21.179175,78.917043,MH-001_C2,train,cnn_test,1,0,1,0.40029785
17337,MH-001_2024_R010_C017,MH-001,Gondkhari,2024,10,17,21.179175,78.917312,MH-001_C2,train,cnn_test,0,0,1,0.3433869
17338,MH-001_2024_R010_C018,MH-001,Gondkhari,2024,10,18,21.179175,78.917582,MH-001_C2,train,cnn_test,2,1,1,0.5981346
17339,MH-001_2024_R010_C019,MH-001,Gondkhari,2024,10,19,21.179175,78.917851,MH-001_C2,train,cnn_test,2,1,1,0.72653913
17340,MH-001_2024_R010_C020,MH-001,Gondkhari,2024,10,20,21.179175,78.918121,MH-001_C2,train,cnn_test,2,1,1,0.8559087
17341,MH-001_2024_R010_C021,MH-001,Gondkhari,2024,10,21,21.179175,78.91839,MH-001_C3,train,cnn_test,3,1,1,0.7807057
17342,MH-001_2024_R010_C022,MH-001,Gondkhari,2024,10,22,21.179175,78.91866,MH-001_C3,train,cnn_test,1,0,1,0.72641116
17343,MH-001_2024_R010_C023,MH-001,Gondkhari,2024,10,23,21.179175,78.918929,MH-001_C3,train,cnn_test,1,0,1,0.69579047
17344,MH-001_2024_R010_C026,MH-001,Gondkhari,2024,10,26,21.179175,78.919738,MH-001_C3,train,cnn_test,2,1,1,0.7742867
17345,MH-001_2024_R010_C028,MH-001,Gondkhari,2024,10,28,21.179175,78.920277,MH-001_C4,train,cnn_test,1,0,1,0.7753565
17346,MH-001_2024_R010_C029,MH-001,Gondkhari,2024,10,29,21.179175,78.920546,MH-001_C4,train,cnn_test,2,1,1,0.6571106
17347,MH-001_2024_R010_C030,MH-001,Gondkhari,2024,10,30,21.179175,78.920816,MH-001_C4,train,cnn_test,3,1,1,0.67977065
17348,MH-001_2024_R010_C031,MH-001,Gondkhari,2024,10,31,21.179175,78.921085,MH-001_C4,train,cnn_test,3,1,1,0.38509226
17349,MH-001_2024_R010_C032,MH-001,Gondkhari,2024,10,32,21.179175,78.921355,MH-001_C4,train,cnn_test,3,1,1,0.5853287
17350,MH-001_2024_R010_C033,MH-001,Gondkhari,2024,10,33,21.179175,78.921624,MH-001_C5,train,cnn_test,3,1,1,0.67429453
17351,MH-001_2024_R010_C034,MH-001,Gondkhari,2024,10,34,21.179175,78.921894,MH-001_C5,train,cnn_test,2,1,1,0.73872983
17352,MH-001_2024_R010_C035,MH-001,Gondkhari,2024,10,35,21.179175,78.922163,MH-001_C5,train,cnn_test,0,0,1,0.75396127
17353,MH-001_2024_R010_C036,MH-001,Gondkhari,2024,10,36,21.179175,78.922433,MH-001_C5,train,cnn_test,2,1,1,0.7727909
17354,MH-001_2024_R010_C037,MH-001,Gondkhari,2024,10,37,21.179175,78.922702,MH-001_C5,train,cnn_test,0,0,1,0.6407821
17355,MH-001_2024_R010_C039,MH-001,Gondkhari,2024,10,39,21.179175,78.923241,MH-001_C5,train,cnn_test,2,1,1,0.77722
17356,MH-001_2024_R010_C040,MH-001,Gondkhari,2024,10,40,21.179175,78.92351,MH-001_C6,train,cnn_test,2,1,1,0.88113976
17357,MH-001_2024_R010_C041,MH-001,Gondkhari,2024,10,41,21.179175,78.92378,MH-001_C6,train,cnn_test,2,1,1,0.9148007
17358,MH-001_2024_R010_C042,MH-001,Gondkhari,2024,10,42,21.179175,78.924049,MH-001_C6,train,cnn_test,1,0,1,0.93705213
17359,MH-001_2024_R010_C043,MH-001,Gondkhari,2024,10,43,21.179175,78.924319,MH-001_C6,train,cnn_test,0,0,1,0.9159289
17360,MH-001_2024_R010_C046,MH-001,Gondkhari,2024,10,46,21.179175,78.925127,MH-001_C7,train,cnn_test,2,1,1,0.949289
17361,MH-001_2024_R010_C047,MH-001,Gondkhari,2024,10,47,21.179175,78.925397,MH-001_C7,train,cnn_test,2,1,1,0.91363186
17362,MH-001_2024_R010_C048,MH-001,Gondkhari,2024,10,48,21.179175,78.925666,MH-001_C7,train,cnn_test,2,1,1,0.8725552
17363,MH-001_2024_R010_C049,MH-001,Gondkhari,2024,10,49,21.179175,78.925936,MH-001_C7,train,cnn_test,0,0,1,0.84603554
17364,MH-001_2024_R010_C051,MH-001,Gondkhari,2024,10,51,21.179175,78.926475,MH-001_C7,train,cnn_test,0,0,1,0.8302095
17365,MH-001_2024_R011_C007,MH-001,Gondkhari,2024,11,7,21.178906,78.914617,MH-001_C0,train,cnn_test,0,0,0,0.002929228
17366,MH-001_2024_R011_C008,MH-001,Gondkhari,2024,11,8,21.178906,78.914887,MH-001_C1,train,cnn_test,0,0,0,0.003420881
17367,MH-001_2024_R011_C009,MH-001,Gondkhari,2024,11,9,21.178906,78.915156,MH-001_C1,train,cnn_test,0,0,0,0.009267343
17368,MH-001_2024_R011_C010,MH-001,Gondkhari,2024,11,10,21.178906,78.915426,MH-001_C1,train,cnn_test,0,0,0,0.0047302297
17369,MH-001_2024_R011_C012,MH-001,Gondkhari,2024,11,12,21.178906,78.915965,MH-001_C1,train,cnn_test,0,0,0,0.028548338
17370,MH-001_2024_R011_C013,MH-001,Gondkhari,2024,11,13,21.178906,78.916234,MH-001_C1,train,cnn_test,1,0,0,0.0971527
17371,MH-001_2024_R011_C014,MH-001,Gondkhari,2024,11,14,21.178906,78.916504,MH-001_C2,train,cnn_test,1,0,0,0.061662797
17372,MH-001_2024_R011_C015,MH-001,Gondkhari,2024,11,15,21.178906,78.916773,MH-001_C2,train,cnn_test,1,0,0,0.09002793
17373,MH-001_2024_R011_C016,MH-001,Gondkhari,2024,11,16,21.178906,78.917043,MH-001_C2,train,cnn_test,1,0,1,0.18628055
17374,MH-001_2024_R011_C017,MH-001,Gondkhari,2024,11,17,21.178906,78.917312,MH-001_C2,train,cnn_test,0,0,1,0.14833069
17375,MH-001_2024_R011_C018,MH-001,Gondkhari,2024,11,18,21.178906,78.917582,MH-001_C2,train,cnn_test,0,0,1,0.44376174
17376,MH-001_2024_R011_C019,MH-001,Gondkhari,2024,11,19,21.178906,78.917851,MH-001_C2,train,cnn_test,0,0,1,0.6967538
17377,MH-001_2024_R011_C020,MH-001,Gondkhari,2024,11,20,21.178906,78.918121,MH-001_C2,train,cnn_test,1,0,1,0.7953689
17378,MH-001_2024_R011_C021,MH-001,Gondkhari,2024,11,21,21.178906,78.91839,MH-001_C3,train,cnn_test,2,1,1,0.64594436
17379,MH-001_2024_R011_C022,MH-001,Gondkhari,2024,11,22,21.178906,78.91866,MH-001_C3,train,cnn_test,0,0,1,0.8253977
17380,MH-001_2024_R011_C023,MH-001,Gondkhari,2024,11,23,21.178906,78.918929,MH-001_C3,train,cnn_test,0,0,1,0.62448853
17381,MH-001_2024_R011_C024,MH-001,Gondkhari,2024,11,24,21.178906,78.919199,MH-001_C3,train,cnn_test,1,0,1,0.8317777
17382,MH-001_2024_R011_C029,MH-001,Gondkhari,2024,11,29,21.178906,78.920546,MH-001_C4,train,cnn_test,2,1,1,0.43687892
17383,MH-001_2024_R011_C030,MH-001,Gondkhari,2024,11,30,21.178906,78.920816,MH-001_C4,train,cnn_test,2,1,1,0.44390357
17384,MH-001_2024_R011_C031,MH-001,Gondkhari,2024,11,31,21.178906,78.921085,MH-001_C4,train,cnn_test,2,1,1,0.22705866
17385,MH-001_2024_R011_C032,MH-001,Gondkhari,2024,11,32,21.178906,78.921355,MH-001_C4,train,cnn_test,2,1,1,0.37186658
17386,MH-001_2024_R011_C033,MH-001,Gondkhari,2024,11,33,21.178906,78.921624,MH-001_C5,train,cnn_test,2,1,1,0.45802966
17387,MH-001_2024_R011_C034,MH-001,Gondkhari,2024,11,34,21.178906,78.921894,MH-001_C5,train,cnn_test,2,1,1,0.60428405
17388,MH-001_2024_R011_C035,MH-001,Gondkhari,2024,11,35,21.178906,78.922163,MH-001_C5,train,cnn_test,2,1,1,0.6196582
17389,MH-001_2024_R011_C036,MH-001,Gondkhari,2024,11,36,21.178906,78.922433,MH-001_C5,train,cnn_test,2,1,1,0.57142293
17390,MH-001_2024_R011_C037,MH-001,Gondkhari,2024,11,37,21.178906,78.922702,MH-001_C5,train,cnn_test,2,1,1,0.5594686
17391,MH-001_2024_R011_C039,MH-001,Gondkhari,2024,11,39,21.178906,78.923241,MH-001_C5,train,cnn_test,2,1,1,0.6910192
17392,MH-001_2024_R011_C040,MH-001,Gondkhari,2024,11,40,21.178906,78.92351,MH-001_C6,train,cnn_test,2,1,1,0.7229622
17393,MH-001_2024_R011_C041,MH-001,Gondkhari,2024,11,41,21.178906,78.92378,MH-001_C6,train,cnn_test,3,1,1,0.8837174
17394,MH-001_2024_R011_C042,MH-001,Gondkhari,2024,11,42,21.178906,78.924049,MH-001_C6,train,cnn_test,2,1,1,0.89085215
17395,MH-001_2024_R011_C043,MH-001,Gondkhari,2024,11,43,21.178906,78.924319,MH-001_C6,train,cnn_test,1,0,1,0.9189847
17396,MH-001_2024_R011_C045,MH-001,Gondkhari,2024,11,45,21.178906,78.924858,MH-001_C6,train,cnn_test,2,1,1,0.91798633
17397,MH-001_2024_R011_C047,MH-001,Gondkhari,2024,11,47,21.178906,78.925397,MH-001_C7,train,cnn_test,2,1,1,0.9061188
17398,MH-001_2024_R011_C048,MH-001,Gondkhari,2024,11,48,21.178906,78.925666,MH-001_C7,train,cnn_test,3,1,1,0.81218565
17399,MH-001_2024_R011_C049,MH-001,Gondkhari,2024,11,49,21.178906,78.925936,MH-001_C7,train,cnn_test,1,0,1,0.88685894
17400,MH-001_2024_R011_C050,MH-001,Gondkhari,2024,11,50,21.178906,78.926205,MH-001_C7,train,cnn_test,2,1,1,0.8172175
17401,MH-001_2024_R011_C051,MH-001,Gondkhari,2024,11,51,21.178906,78.926475,MH-001_C7,train,cnn_test,2,1,1,0.83382386
17402,MH-001_2024_R012_C007,MH-001,Gondkhari,2024,12,7,21.178636,78.914617,MH-001_C0,train,cnn_test,1,0,0,0.00022120768
17403,MH-001_2024_R012_C008,MH-001,Gondkhari,2024,12,8,21.178636,78.914887,MH-001_C1,train,cnn_test,0,0,0,0.0007584485
17404,MH-001_2024_R012_C009,MH-001,Gondkhari,2024,12,9,21.178636,78.915156,MH-001_C1,train,cnn_test,0,0,0,0.00091809424
17405,MH-001_2024_R012_C013,MH-001,Gondkhari,2024,12,13,21.178636,78.916234,MH-001_C1,train,cnn_test,1,0,0,0.028821807
17406,MH-001_2024_R012_C014,MH-001,Gondkhari,2024,12,14,21.178636,78.916504,MH-001_C2,train,cnn_test,1,0,0,0.04766078
17407,MH-001_2024_R012_C015,MH-001,Gondkhari,2024,12,15,21.178636,78.916773,MH-001_C2,train,cnn_test,1,0,1,0.1033651
17408,MH-001_2024_R012_C016,MH-001,Gondkhari,2024,12,16,21.178636,78.917043,MH-001_C2,train,cnn_test,1,0,1,0.25054094
17409,MH-001_2024_R012_C017,MH-001,Gondkhari,2024,12,17,21.178636,78.917312,MH-001_C2,train,cnn_test,1,0,1,0.3232898
17410,MH-001_2024_R012_C018,MH-001,Gondkhari,2024,12,18,21.178636,78.917582,MH-001_C2,train,cnn_test,1,0,1,0.5944014
17411,MH-001_2024_R012_C019,MH-001,Gondkhari,2024,12,19,21.178636,78.917851,MH-001_C2,train,cnn_test,1,0,1,0.70027834
17412,MH-001_2024_R012_C020,MH-001,Gondkhari,2024,12,20,21.178636,78.918121,MH-001_C2,train,cnn_test,1,0,1,0.8097538
17413,MH-001_2024_R012_C021,MH-001,Gondkhari,2024,12,21,21.178636,78.91839,MH-001_C3,train,cnn_test,0,0,1,0.7664411
17414,MH-001_2024_R012_C022,MH-001,Gondkhari,2024,12,22,21.178636,78.91866,MH-001_C3,train,cnn_test,0,0,1,0.679912
17415,MH-001_2024_R012_C023,MH-001,Gondkhari,2024,12,23,21.178636,78.918929,MH-001_C3,train,cnn_test,0,0,1,0.53794354
17416,MH-001_2024_R012_C024,MH-001,Gondkhari,2024,12,24,21.178636,78.919199,MH-001_C3,train,cnn_test,1,0,1,0.76306045
17417,MH-001_2024_R012_C025,MH-001,Gondkhari,2024,12,25,21.178636,78.919468,MH-001_C3,train,cnn_test,1,0,1,0.7346183
17418,MH-001_2024_R012_C026,MH-001,Gondkhari,2024,12,26,21.178636,78.919738,MH-001_C3,train,cnn_test,0,0,1,0.6780817
17419,MH-001_2024_R012_C027,MH-001,Gondkhari,2024,12,27,21.178636,78.920007,MH-001_C4,train,cnn_test,0,0,1,0.6207969
17420,MH-001_2024_R012_C028,MH-001,Gondkhari,2024,12,28,21.178636,78.920277,MH-001_C4,train,cnn_test,0,0,1,0.5275348
17421,MH-001_2024_R012_C029,MH-001,Gondkhari,2024,12,29,21.178636,78.920546,MH-001_C4,train,cnn_test,0,0,1,0.3312148
17422,MH-001_2024_R012_C030,MH-001,Gondkhari,2024,12,30,21.178636,78.920816,MH-001_C4,train,cnn_test,1,0,1,0.34014
17423,MH-001_2024_R012_C032,MH-001,Gondkhari,2024,12,32,21.178636,78.921355,MH-001_C4,train,cnn_test,3,1,1,0.35124022
17424,MH-001_2024_R012_C033,MH-001,Gondkhari,2024,12,33,21.178636,78.921624,MH-001_C5,train,cnn_test,1,0,1,0.4551336
17425,MH-001_2024_R012_C034,MH-001,Gondkhari,2024,12,34,21.178636,78.921894,MH-001_C5,train,cnn_test,3,1,1,0.5246119
17426,MH-001_2024_R012_C035,MH-001,Gondkhari,2024,12,35,21.178636,78.922163,MH-001_C5,train,cnn_test,2,1,1,0.6477771
17427,MH-001_2024_R012_C036,MH-001,Gondkhari,2024,12,36,21.178636,78.922433,MH-001_C5,train,cnn_test,2,1,1,0.5954026
17428,MH-001_2024_R012_C037,MH-001,Gondkhari,2024,12,37,21.178636,78.922702,MH-001_C5,train,cnn_test,1,0,1,0.48405313
17429,MH-001_2024_R012_C039,MH-001,Gondkhari,2024,12,39,21.178636,78.923241,MH-001_C5,train,cnn_test,3,1,1,0.686038
17430,MH-001_2024_R012_C040,MH-001,Gondkhari,2024,12,40,21.178636,78.92351,MH-001_C6,train,cnn_test,2,1,1,0.7751606
17431,MH-001_2024_R012_C041,MH-001,Gondkhari,2024,12,41,21.178636,78.92378,MH-001_C6,train,cnn_test,3,1,1,0.8337585
17432,MH-001_2024_R012_C042,MH-001,Gondkhari,2024,12,42,21.178636,78.924049,MH-001_C6,train,cnn_test,2,1,1,0.7935386
17433,MH-001_2024_R012_C043,MH-001,Gondkhari,2024,12,43,21.178636,78.924319,MH-001_C6,train,cnn_test,1,0,1,0.7561843
17434,MH-001_2024_R012_C044,MH-001,Gondkhari,2024,12,44,21.178636,78.924588,MH-001_C6,train,cnn_test,1,0,1,0.8167589
17435,MH-001_2024_R012_C045,MH-001,Gondkhari,2024,12,45,21.178636,78.924858,MH-001_C6,train,cnn_test,2,1,1,0.8824107
17436,MH-001_2024_R012_C046,MH-001,Gondkhari,2024,12,46,21.178636,78.925127,MH-001_C7,train,cnn_test,2,1,1,0.91254884
17437,MH-001_2024_R012_C048,MH-001,Gondkhari,2024,12,48,21.178636,78.925666,MH-001_C7,train,cnn_test,2,1,1,0.7445482
17438,MH-001_2024_R013_C007,MH-001,Gondkhari,2024,13,7,21.178367,78.914617,MH-001_C0,train,cnn_test,0,0,0,0.00045521435
17439,MH-001_2024_R013_C008,MH-001,Gondkhari,2024,13,8,21.178367,78.914887,MH-001_C1,train,cnn_test,0,0,0,0.00090466824
17440,MH-001_2024_R013_C009,MH-001,Gondkhari,2024,13,9,21.178367,78.915156,MH-001_C1,train,cnn_test,0,0,0,0.0017866666
17441,MH-001_2024_R013_C011,MH-001,Gondkhari,2024,13,11,21.178367,78.915695,MH-001_C1,train,cnn_test,0,0,0,0.0038395515
17442,MH-001_2024_R013_C012,MH-001,Gondkhari,2024,13,12,21.178367,78.915965,MH-001_C1,train,cnn_test,0,0,0,0.015155797
17443,MH-001_2024_R013_C014,MH-001,Gondkhari,2024,13,14,21.178367,78.916504,MH-001_C2,train,cnn_test,1,0,0,0.008026199
17444,MH-001_2024_R013_C015,MH-001,Gondkhari,2024,13,15,21.178367,78.916773,MH-001_C2,train,cnn_test,1,0,0,0.041730784
17445,MH-001_2024_R013_C016,MH-001,Gondkhari,2024,13,16,21.178367,78.917043,MH-001_C2,train,cnn_test,1,0,1,0.13078459
17446,MH-001_2024_R013_C017,MH-001,Gondkhari,2024,13,17,21.178367,78.917312,MH-001_C2,train,cnn_test,1,0,1,0.17027088
17447,MH-001_2024_R013_C018,MH-001,Gondkhari,2024,13,18,21.178367,78.917582,MH-001_C2,train,cnn_test,1,0,1,0.52058136
17448,MH-001_2024_R013_C019,MH-001,Gondkhari,2024,13,19,21.178367,78.917851,MH-001_C2,train,cnn_test,1,0,1,0.5896211
17449,MH-001_2024_R013_C020,MH-001,Gondkhari,2024,13,20,21.178367,78.918121,MH-001_C2,train,cnn_test,1,0,1,0.6875585
17450,MH-001_2024_R013_C021,MH-001,Gondkhari,2024,13,21,21.178367,78.91839,MH-001_C3,train,cnn_test,1,0,1,0.56028587
17451,MH-001_2024_R013_C022,MH-001,Gondkhari,2024,13,22,21.178367,78.91866,MH-001_C3,train,cnn_test,0,0,1,0.6728407
17452,MH-001_2024_R013_C023,MH-001,Gondkhari,2024,13,23,21.178367,78.918929,MH-001_C3,train,cnn_test,0,0,1,0.37101066
17453,MH-001_2024_R013_C024,MH-001,Gondkhari,2024,13,24,21.178367,78.919199,MH-001_C3,train,cnn_test,0,0,1,0.64541996
17454,MH-001_2024_R013_C025,MH-001,Gondkhari,2024,13,25,21.178367,78.919468,MH-001_C3,train,cnn_test,1,0,1,0.5513985
17455,MH-001_2024_R013_C026,MH-001,Gondkhari,2024,13,26,21.178367,78.919738,MH-001_C3,train,cnn_test,0,0,1,0.5411491
17456,MH-001_2024_R013_C027,MH-001,Gondkhari,2024,13,27,21.178367,78.920007,MH-001_C4,train,cnn_test,0,0,1,0.5011297
17457,MH-001_2024_R013_C028,MH-001,Gondkhari,2024,13,28,21.178367,78.920277,MH-001_C4,train,cnn_test,0,0,1,0.33841205
17458,MH-001_2024_R013_C029,MH-001,Gondkhari,2024,13,29,21.178367,78.920546,MH-001_C4,train,cnn_test,0,0,1,0.26820517
17459,MH-001_2024_R013_C030,MH-001,Gondkhari,2024,13,30,21.178367,78.920816,MH-001_C4,train,cnn_test,1,0,1,0.226748
17460,MH-001_2024_R013_C031,MH-001,Gondkhari,2024,13,31,21.178367,78.921085,MH-001_C4,train,cnn_test,2,1,1,0.16536322
17461,MH-001_2024_R013_C032,MH-001,Gondkhari,2024,13,32,21.178367,78.921355,MH-001_C4,train,cnn_test,2,1,1,0.20941874
17462,MH-001_2024_R013_C033,MH-001,Gondkhari,2024,13,33,21.178367,78.921624,MH-001_C5,train,cnn_test,2,1,1,0.3162465
17463,MH-001_2024_R013_C034,MH-001,Gondkhari,2024,13,34,21.178367,78.921894,MH-001_C5,train,cnn_test,2,1,1,0.46227273
17464,MH-001_2024_R013_C035,MH-001,Gondkhari,2024,13,35,21.178367,78.922163,MH-001_C5,train,cnn_test,3,1,1,0.6056617
17465,MH-001_2024_R013_C036,MH-001,Gondkhari,2024,13,36,21.178367,78.922433,MH-001_C5,train,cnn_test,1,0,1,0.60696507
17466,MH-001_2024_R013_C037,MH-001,Gondkhari,2024,13,37,21.178367,78.922702,MH-001_C5,train,cnn_test,1,0,1,0.59757704
17467,MH-001_2024_R013_C039,MH-001,Gondkhari,2024,13,39,21.178367,78.923241,MH-001_C5,train,cnn_test,1,0,1,0.70002794
17468,MH-001_2024_R013_C040,MH-001,Gondkhari,2024,13,40,21.178367,78.92351,MH-001_C6,train,cnn_test,1,0,1,0.7245713
17469,MH-001_2024_R013_C041,MH-001,Gondkhari,2024,13,41,21.178367,78.92378,MH-001_C6,train,cnn_test,1,0,1,0.8608222
17470,MH-001_2024_R013_C042,MH-001,Gondkhari,2024,13,42,21.178367,78.924049,MH-001_C6,train,cnn_test,1,0,1,0.83187103
17471,MH-001_2024_R013_C043,MH-001,Gondkhari,2024,13,43,21.178367,78.924319,MH-001_C6,train,cnn_test,0,0,1,0.72880197
17472,MH-001_2024_R013_C045,MH-001,Gondkhari,2024,13,45,21.178367,78.924858,MH-001_C6,train,cnn_test,1,0,1,0.8405334
17473,MH-001_2024_R013_C051,MH-001,Gondkhari,2024,13,51,21.178367,78.926475,MH-001_C7,train,cnn_test,2,1,1,0.67228746
17474,MH-001_2024_R014_C007,MH-001,Gondkhari,2024,14,7,21.178097,78.914617,MH-001_C0,train,cnn_test,0,0,0,0.00071831135
17475,MH-001_2024_R014_C008,MH-001,Gondkhari,2024,14,8,21.178097,78.914887,MH-001_C1,train,cnn_test,0,0,0,0.0013948526
17476,MH-001_2024_R014_C010,MH-001,Gondkhari,2024,14,10,21.178097,78.915426,MH-001_C1,train,cnn_test,0,0,0,0.0030372473
17477,MH-001_2024_R014_C011,MH-001,Gondkhari,2024,14,11,21.178097,78.915695,MH-001_C1,train,cnn_test,0,0,0,0.004760854
17478,MH-001_2024_R014_C012,MH-001,Gondkhari,2024,14,12,21.178097,78.915965,MH-001_C1,train,cnn_test,0,0,0,0.009166188
17479,MH-001_2024_R014_C013,MH-001,Gondkhari,2024,14,13,21.178097,78.916234,MH-001_C1,train,cnn_test,1,0,0,0.0049515837
17480,MH-001_2024_R014_C015,MH-001,Gondkhari,2024,14,15,21.178097,78.916773,MH-001_C2,train,cnn_test,0,0,0,0.05634334
17481,MH-001_2024_R014_C016,MH-001,Gondkhari,2024,14,16,21.178097,78.917043,MH-001_C2,train,cnn_test,0,0,1,0.2804517
17482,MH-001_2024_R014_C017,MH-001,Gondkhari,2024,14,17,21.178097,78.917312,MH-001_C2,train,cnn_test,0,0,1,0.41208062
17483,MH-001_2024_R014_C018,MH-001,Gondkhari,2024,14,18,21.178097,78.917582,MH-001_C2,train,cnn_test,1,0,1,0.6989533
17484,MH-001_2024_R014_C019,MH-001,Gondkhari,2024,14,19,21.178097,78.917851,MH-001_C2,train,cnn_test,1,0,1,0.6779707
17485,MH-001_2024_R014_C020,MH-001,Gondkhari,2024,14,20,21.178097,78.918121,MH-001_C2,train,cnn_test,1,0,1,0.76839787
17486,MH-001_2024_R014_C021,MH-001,Gondkhari,2024,14,21,21.178097,78.91839,MH-001_C3,train,cnn_test,1,0,1,0.760793
17487,MH-001_2024_R014_C022,MH-001,Gondkhari,2024,14,22,21.178097,78.91866,MH-001_C3,train,cnn_test,0,0,1,0.6266841
17488,MH-001_2024_R014_C023,MH-001,Gondkhari,2024,14,23,21.178097,78.918929,MH-001_C3,train,cnn_test,0,0,1,0.4046208
17489,MH-001_2024_R014_C026,MH-001,Gondkhari,2024,14,26,21.178097,78.919738,MH-001_C3,train,cnn_test,0,0,1,0.5698545
17490,MH-001_2024_R014_C027,MH-001,Gondkhari,2024,14,27,21.178097,78.920007,MH-001_C4,train,cnn_test,0,0,1,0.6010197
17491,MH-001_2024_R014_C028,MH-001,Gondkhari,2024,14,28,21.178097,78.920277,MH-001_C4,train,cnn_test,0,0,1,0.41679654
17492,MH-001_2024_R014_C029,MH-001,Gondkhari,2024,14,29,21.178097,78.920546,MH-001_C4,train,cnn_test,0,0,1,0.33340096
17493,MH-001_2024_R014_C030,MH-001,Gondkhari,2024,14,30,21.178097,78.920816,MH-001_C4,train,cnn_test,0,0,1,0.34060726
17494,MH-001_2024_R014_C032,MH-001,Gondkhari,2024,14,32,21.178097,78.921355,MH-001_C4,train,cnn_test,1,0,1,0.36217445
17495,MH-001_2024_R014_C033,MH-001,Gondkhari,2024,14,33,21.178097,78.921624,MH-001_C5,train,cnn_test,1,0,1,0.4453481
17496,MH-001_2024_R014_C034,MH-001,Gondkhari,2024,14,34,21.178097,78.921894,MH-001_C5,train,cnn_test,3,1,1,0.5689949
17497,MH-001_2024_R014_C035,MH-001,Gondkhari,2024,14,35,21.178097,78.922163,MH-001_C5,train,cnn_test,1,0,1,0.67981946
17498,MH-001_2024_R014_C036,MH-001,Gondkhari,2024,14,36,21.178097,78.922433,MH-001_C5,train,cnn_test,1,0,1,0.73367214
17499,MH-001_2024_R014_C037,MH-001,Gondkhari,2024,14,37,21.178097,78.922702,MH-001_C5,train,cnn_test,1,0,1,0.5701969
17500,MH-001_2024_R014_C038,MH-001,Gondkhari,2024,14,38,21.178097,78.922972,MH-001_C5,train,cnn_test,1,0,1,0.75816894
17501,MH-001_2024_R014_C040,MH-001,Gondkhari,2024,14,40,21.178097,78.92351,MH-001_C6,train,cnn_test,1,0,1,0.78422767
17502,MH-001_2024_R014_C041,MH-001,Gondkhari,2024,14,41,21.178097,78.92378,MH-001_C6,train,cnn_test,1,0,1,0.76985747
17503,MH-001_2024_R014_C042,MH-001,Gondkhari,2024,14,42,21.178097,78.924049,MH-001_C6,train,cnn_test,1,0,1,0.67472994
17504,MH-001_2024_R014_C050,MH-001,Gondkhari,2024,14,50,21.178097,78.926205,MH-001_C7,train,cnn_test,3,1,1,0.48707056
17505,MH-001_2024_R014_C051,MH-001,Gondkhari,2024,14,51,21.178097,78.926475,MH-001_C7,train,cnn_test,0,0,1,0.42961502
17506,MH-001_2024_R015_C007,MH-001,Gondkhari,2024,15,7,21.177828,78.914617,MH-001_C0,train,cnn_test,1,0,0,0.0061352127
17507,MH-001_2024_R015_C008,MH-001,Gondkhari,2024,15,8,21.177828,78.914887,MH-001_C1,train,cnn_test,1,0,0,0.0140099805
17508,MH-001_2024_R015_C009,MH-001,Gondkhari,2024,15,9,21.177828,78.915156,MH-001_C1,train,cnn_test,0,0,0,0.017176596
17509,MH-001_2024_R015_C010,MH-001,Gondkhari,2024,15,10,21.177828,78.915426,MH-001_C1,train,cnn_test,0,0,0,0.019363893
17510,MH-001_2024_R015_C011,MH-001,Gondkhari,2024,15,11,21.177828,78.915695,MH-001_C1,train,cnn_test,0,0,0,0.025350414
17511,MH-001_2024_R015_C012,MH-001,Gondkhari,2024,15,12,21.177828,78.915965,MH-001_C1,train,cnn_test,0,0,0,0.021087736
17512,MH-001_2024_R015_C013,MH-001,Gondkhari,2024,15,13,21.177828,78.916234,MH-001_C1,train,cnn_test,0,0,0,0.0038630646
17513,MH-001_2024_R015_C015,MH-001,Gondkhari,2024,15,15,21.177828,78.916773,MH-001_C2,train,cnn_test,0,0,0,0.019010102
17514,MH-001_2024_R015_C016,MH-001,Gondkhari,2024,15,16,21.177828,78.917043,MH-001_C2,train,cnn_test,0,0,1,0.1600214
17515,MH-001_2024_R015_C017,MH-001,Gondkhari,2024,15,17,21.177828,78.917312,MH-001_C2,train,cnn_test,0,0,1,0.35202447
17516,MH-001_2024_R015_C018,MH-001,Gondkhari,2024,15,18,21.177828,78.917582,MH-001_C2,train,cnn_test,0,0,1,0.5370673
17517,MH-001_2024_R015_C019,MH-001,Gondkhari,2024,15,19,21.177828,78.917851,MH-001_C2,train,cnn_test,1,0,1,0.589632
17518,MH-001_2024_R015_C020,MH-001,Gondkhari,2024,15,20,21.177828,78.918121,MH-001_C2,train,cnn_test,1,0,1,0.6545328
17519,MH-001_2024_R015_C021,MH-001,Gondkhari,2024,15,21,21.177828,78.91839,MH-001_C3,train,cnn_test,1,0,1,0.665193
17520,MH-001_2024_R015_C022,MH-001,Gondkhari,2024,15,22,21.177828,78.91866,MH-001_C3,train,cnn_test,0,0,1,0.6285144
17521,MH-001_2024_R015_C023,MH-001,Gondkhari,2024,15,23,21.177828,78.918929,MH-001_C3,train,cnn_test,0,0,1,0.42179143
17522,MH-001_2024_R015_C024,MH-001,Gondkhari,2024,15,24,21.177828,78.919199,MH-001_C3,train,cnn_test,1,0,1,0.6205976
17523,MH-001_2024_R015_C025,MH-001,Gondkhari,2024,15,25,21.177828,78.919468,MH-001_C3,train,cnn_test,0,0,1,0.56734043
17524,MH-001_2024_R015_C026,MH-001,Gondkhari,2024,15,26,21.177828,78.919738,MH-001_C3,train,cnn_test,0,0,1,0.4909181
17525,MH-001_2024_R015_C027,MH-001,Gondkhari,2024,15,27,21.177828,78.920007,MH-001_C4,train,cnn_test,0,0,1,0.4829862
17526,MH-001_2024_R015_C028,MH-001,Gondkhari,2024,15,28,21.177828,78.920277,MH-001_C4,train,cnn_test,0,0,1,0.26144928
17527,MH-001_2024_R015_C029,MH-001,Gondkhari,2024,15,29,21.177828,78.920546,MH-001_C4,train,cnn_test,0,0,1,0.17033425
17528,MH-001_2024_R015_C030,MH-001,Gondkhari,2024,15,30,21.177828,78.920816,MH-001_C4,train,cnn_test,0,0,1,0.16711463
17529,MH-001_2024_R015_C032,MH-001,Gondkhari,2024,15,32,21.177828,78.921355,MH-001_C4,train,cnn_test,1,0,1,0.1152715
17530,MH-001_2024_R015_C033,MH-001,Gondkhari,2024,15,33,21.177828,78.921624,MH-001_C5,train,cnn_test,1,0,1,0.1687357
17531,MH-001_2024_R015_C034,MH-001,Gondkhari,2024,15,34,21.177828,78.921894,MH-001_C5,train,cnn_test,1,0,1,0.28353372
17532,MH-001_2024_R015_C035,MH-001,Gondkhari,2024,15,35,21.177828,78.922163,MH-001_C5,train,cnn_test,2,1,1,0.55152124
17533,MH-001_2024_R015_C036,MH-001,Gondkhari,2024,15,36,21.177828,78.922433,MH-001_C5,train,cnn_test,2,1,1,0.51517504
17534,MH-001_2024_R015_C037,MH-001,Gondkhari,2024,15,37,21.177828,78.922702,MH-001_C5,train,cnn_test,2,1,1,0.5892496
17535,MH-001_2024_R015_C038,MH-001,Gondkhari,2024,15,38,21.177828,78.922972,MH-001_C5,train,cnn_test,2,1,1,0.74012905
17536,MH-001_2024_R015_C041,MH-001,Gondkhari,2024,15,41,21.177828,78.92378,MH-001_C6,train,cnn_test,2,1,1,0.82887053
17537,MH-001_2024_R015_C042,MH-001,Gondkhari,2024,15,42,21.177828,78.924049,MH-001_C6,train,cnn_test,1,0,1,0.7919468
17538,MH-001_2024_R015_C044,MH-001,Gondkhari,2024,15,44,21.177828,78.924588,MH-001_C6,train,cnn_test,0,0,1,0.7387634
17539,MH-001_2024_R015_C045,MH-001,Gondkhari,2024,15,45,21.177828,78.924858,MH-001_C6,train,cnn_test,1,0,1,0.8622983
17540,MH-001_2024_R015_C046,MH-001,Gondkhari,2024,15,46,21.177828,78.925127,MH-001_C7,train,cnn_test,2,1,1,0.7879872
17541,MH-001_2024_R015_C050,MH-001,Gondkhari,2024,15,50,21.177828,78.926205,MH-001_C7,train,cnn_test,2,1,1,0.5167116
17542,MH-001_2024_R015_C051,MH-001,Gondkhari,2024,15,51,21.177828,78.926475,MH-001_C7,train,cnn_test,2,1,1,0.58159775
17543,MH-001_2024_R016_C007,MH-001,Gondkhari,2024,16,7,21.177558,78.914617,MH-001_C0,train,cnn_test,0,0,0,0.009756643
17544,MH-001_2024_R016_C009,MH-001,Gondkhari,2024,16,9,21.177558,78.915156,MH-001_C1,train,cnn_test,1,0,0,0.026536651
17545,MH-001_2024_R016_C010,MH-001,Gondkhari,2024,16,10,21.177558,78.915426,MH-001_C1,train,cnn_test,0,0,0,0.051691502
17546,MH-001_2024_R016_C011,MH-001,Gondkhari,2024,16,11,21.177558,78.915695,MH-001_C1,train,cnn_test,0,0,0,0.032332193
17547,MH-001_2024_R016_C012,MH-001,Gondkhari,2024,16,12,21.177558,78.915965,MH-001_C1,train,cnn_test,0,0,0,0.011171118
17548,MH-001_2024_R016_C016,MH-001,Gondkhari,2024,16,16,21.177558,78.917043,MH-001_C2,train,cnn_test,1,0,1,0.20794086
17549,MH-001_2024_R016_C017,MH-001,Gondkhari,2024,16,17,21.177558,78.917312,MH-001_C2,train,cnn_test,0,0,1,0.3340435
17550,MH-001_2024_R016_C018,MH-001,Gondkhari,2024,16,18,21.177558,78.917582,MH-001_C2,train,cnn_test,0,0,1,0.6175143
17551,MH-001_2024_R016_C019,MH-001,Gondkhari,2024,16,19,21.177558,78.917851,MH-001_C2,train,cnn_test,0,0,1,0.559342
17552,MH-001_2024_R016_C020,MH-001,Gondkhari,2024,16,20,21.177558,78.918121,MH-001_C2,train,cnn_test,1,0,1,0.61505485
17553,MH-001_2024_R016_C021,MH-001,Gondkhari,2024,16,21,21.177558,78.91839,MH-001_C3,train,cnn_test,1,0,1,0.6658789
17554,MH-001_2024_R016_C022,MH-001,Gondkhari,2024,16,22,21.177558,78.91866,MH-001_C3,train,cnn_test,0,0,1,0.4280476
17555,MH-001_2024_R016_C023,MH-001,Gondkhari,2024,16,23,21.177558,78.918929,MH-001_C3,train,cnn_test,0,0,1,0.36039087
17556,MH-001_2024_R016_C024,MH-001,Gondkhari,2024,16,24,21.177558,78.919199,MH-001_C3,train,cnn_test,0,0,1,0.6516153
17557,MH-001_2024_R016_C025,MH-001,Gondkhari,2024,16,25,21.177558,78.919468,MH-001_C3,train,cnn_test,0,0,1,0.70551544
17558,MH-001_2024_R016_C026,MH-001,Gondkhari,2024,16,26,21.177558,78.919738,MH-001_C3,train,cnn_test,0,0,1,0.566219
17559,MH-001_2024_R016_C027,MH-001,Gondkhari,2024,16,27,21.177558,78.920007,MH-001_C4,train,cnn_test,0,0,1,0.62422997
17560,MH-001_2024_R016_C028,MH-001,Gondkhari,2024,16,28,21.177558,78.920277,MH-001_C4,train,cnn_test,0,0,1,0.33732268
17561,MH-001_2024_R016_C029,MH-001,Gondkhari,2024,16,29,21.177558,78.920546,MH-001_C4,train,cnn_test,0,0,1,0.1396902
17562,MH-001_2024_R016_C030,MH-001,Gondkhari,2024,16,30,21.177558,78.920816,MH-001_C4,train,cnn_test,0,0,1,0.14884822
17563,MH-001_2024_R016_C032,MH-001,Gondkhari,2024,16,32,21.177558,78.921355,MH-001_C4,train,cnn_test,1,0,1,0.1452935
17564,MH-001_2024_R016_C033,MH-001,Gondkhari,2024,16,33,21.177558,78.921624,MH-001_C5,train,cnn_test,1,0,1,0.19828399
17565,MH-001_2024_R016_C034,MH-001,Gondkhari,2024,16,34,21.177558,78.921894,MH-001_C5,train,cnn_test,1,0,1,0.32948157
17566,MH-001_2024_R016_C035,MH-001,Gondkhari,2024,16,35,21.177558,78.922163,MH-001_C5,train,cnn_test,2,1,1,0.5991951
17567,MH-001_2024_R016_C036,MH-001,Gondkhari,2024,16,36,21.177558,78.922433,MH-001_C5,train,cnn_test,2,1,1,0.6310191
17568,MH-001_2024_R016_C037,MH-001,Gondkhari,2024,16,37,21.177558,78.922702,MH-001_C5,train,cnn_test,2,1,1,0.5729019
17569,MH-001_2024_R016_C038,MH-001,Gondkhari,2024,16,38,21.177558,78.922972,MH-001_C5,train,cnn_test,2,1,1,0.7185806
17570,MH-001_2024_R016_C039,MH-001,Gondkhari,2024,16,39,21.177558,78.923241,MH-001_C5,train,cnn_test,3,1,1,0.728928
17571,MH-001_2024_R016_C040,MH-001,Gondkhari,2024,16,40,21.177558,78.92351,MH-001_C6,train,cnn_test,1,0,1,0.80864733
17572,MH-001_2024_R016_C043,MH-001,Gondkhari,2024,16,43,21.177558,78.924319,MH-001_C6,train,cnn_test,2,1,1,0.3316075
17573,MH-001_2024_R016_C044,MH-001,Gondkhari,2024,16,44,21.177558,78.924588,MH-001_C6,train,cnn_test,1,0,1,0.6928482
17574,MH-001_2024_R016_C045,MH-001,Gondkhari,2024,16,45,21.177558,78.924858,MH-001_C6,train,cnn_test,2,1,1,0.84651667
17575,MH-001_2024_R016_C046,MH-001,Gondkhari,2024,16,46,21.177558,78.925127,MH-001_C7,train,cnn_test,2,1,1,0.76350045
17576,MH-001_2024_R016_C047,MH-001,Gondkhari,2024,16,47,21.177558,78.925397,MH-001_C7,train,cnn_test,1,0,1,0.6956676
17577,MH-001_2024_R016_C048,MH-001,Gondkhari,2024,16,48,21.177558,78.925666,MH-001_C7,train,cnn_test,0,0,1,0.40585673
17578,MH-001_2024_R016_C050,MH-001,Gondkhari,2024,16,50,21.177558,78.926205,MH-001_C7,train,cnn_test,0,0,1,0.52573
17579,MH-001_2024_R017_C008,MH-001,Gondkhari,2024,17,8,21.177289,78.914887,MH-001_C1,train,cnn_test,1,0,1,0.1693833
17580,MH-001_2024_R017_C009,MH-001,Gondkhari,2024,17,9,21.177289,78.915156,MH-001_C1,train,cnn_test,0,0,0,0.08971803
17581,MH-001_2024_R017_C010,MH-001,Gondkhari,2024,17,10,21.177289,78.915426,MH-001_C1,train,cnn_test,0,0,1,0.16728742
17582,MH-001_2024_R017_C015,MH-001,Gondkhari,2024,17,15,21.177289,78.916773,MH-001_C2,train,cnn_test,1,0,0,0.012186462
17583,MH-001_2024_R017_C017,MH-001,Gondkhari,2024,17,17,21.177289,78.917312,MH-001_C2,train,cnn_test,0,0,1,0.113531545
17584,MH-001_2024_R017_C018,MH-001,Gondkhari,2024,17,18,21.177289,78.917582,MH-001_C2,train,cnn_test,1,0,1,0.23749606
17585,MH-001_2024_R017_C019,MH-001,Gondkhari,2024,17,19,21.177289,78.917851,MH-001_C2,train,cnn_test,1,0,1,0.36379474
17586,MH-001_2024_R017_C020,MH-001,Gondkhari,2024,17,20,21.177289,78.918121,MH-001_C2,train,cnn_test,0,0,1,0.6497688
17587,MH-001_2024_R017_C021,MH-001,Gondkhari,2024,17,21,21.177289,78.91839,MH-001_C3,train,cnn_test,2,1,1,0.637077
17588,MH-001_2024_R017_C022,MH-001,Gondkhari,2024,17,22,21.177289,78.91866,MH-001_C3,train,cnn_test,0,0,1,0.5327123
17589,MH-001_2024_R017_C023,MH-001,Gondkhari,2024,17,23,21.177289,78.918929,MH-001_C3,train,cnn_test,1,0,1,0.3132448
17590,MH-001_2024_R017_C024,MH-001,Gondkhari,2024,17,24,21.177289,78.919199,MH-001_C3,train,cnn_test,1,0,1,0.49127245
17591,MH-001_2024_R017_C025,MH-001,Gondkhari,2024,17,25,21.177289,78.919468,MH-001_C3,train,cnn_test,1,0,1,0.36948562
17592,MH-001_2024_R017_C026,MH-001,Gondkhari,2024,17,26,21.177289,78.919738,MH-001_C3,train,cnn_test,1,0,1,0.38501287
17593,MH-001_2024_R017_C027,MH-001,Gondkhari,2024,17,27,21.177289,78.920007,MH-001_C4,train,cnn_test,1,0,1,0.31502497
17594,MH-001_2024_R017_C028,MH-001,Gondkhari,2024,17,28,21.177289,78.920277,MH-001_C4,train,cnn_test,0,0,0,0.0854582
17595,MH-001_2024_R017_C029,MH-001,Gondkhari,2024,17,29,21.177289,78.920546,MH-001_C4,train,cnn_test,0,0,0,0.028607946
17596,MH-001_2024_R017_C030,MH-001,Gondkhari,2024,17,30,21.177289,78.920816,MH-001_C4,train,cnn_test,0,0,0,0.011787559
17597,MH-001_2024_R017_C032,MH-001,Gondkhari,2024,17,32,21.177289,78.921355,MH-001_C4,train,cnn_test,1,0,0,0.014353016
17598,MH-001_2024_R017_C033,MH-001,Gondkhari,2024,17,33,21.177289,78.921624,MH-001_C5,train,cnn_test,0,0,0,0.037610665
17599,MH-001_2024_R017_C034,MH-001,Gondkhari,2024,17,34,21.177289,78.921894,MH-001_C5,train,cnn_test,0,0,0,0.05251776
17600,MH-001_2024_R017_C035,MH-001,Gondkhari,2024,17,35,21.177289,78.922163,MH-001_C5,train,cnn_test,1,0,1,0.30329007
17601,MH-001_2024_R017_C036,MH-001,Gondkhari,2024,17,36,21.177289,78.922433,MH-001_C5,train,cnn_test,1,0,1,0.18120918
17602,MH-001_2024_R017_C037,MH-001,Gondkhari,2024,17,37,21.177289,78.922702,MH-001_C5,train,cnn_test,1,0,1,0.3937767
17603,MH-001_2024_R017_C038,MH-001,Gondkhari,2024,17,38,21.177289,78.922972,MH-001_C5,train,cnn_test,2,1,1,0.59643495
17604,MH-001_2024_R017_C039,MH-001,Gondkhari,2024,17,39,21.177289,78.923241,MH-001_C5,train,cnn_test,1,0,1,0.6666337
17605,MH-001_2024_R017_C040,MH-001,Gondkhari,2024,17,40,21.177289,78.92351,MH-001_C6,train,cnn_test,0,0,1,0.6662378
17606,MH-001_2024_R017_C041,MH-001,Gondkhari,2024,17,41,21.177289,78.92378,MH-001_C6,train,cnn_test,0,0,1,0.825459
17607,MH-001_2024_R017_C042,MH-001,Gondkhari,2024,17,42,21.177289,78.924049,MH-001_C6,train,cnn_test,0,0,1,0.76850283
17608,MH-001_2024_R017_C043,MH-001,Gondkhari,2024,17,43,21.177289,78.924319,MH-001_C6,train,cnn_test,0,0,1,0.3752511
17609,MH-001_2024_R017_C044,MH-001,Gondkhari,2024,17,44,21.177289,78.924588,MH-001_C6,train,cnn_test,0,0,1,0.59534216
17610,MH-001_2024_R017_C045,MH-001,Gondkhari,2024,17,45,21.177289,78.924858,MH-001_C6,train,cnn_test,2,1,1,0.75235075
17611,MH-001_2024_R017_C047,MH-001,Gondkhari,2024,17,47,21.177289,78.925397,MH-001_C7,train,cnn_test,0,0,1,0.71406883
17612,MH-001_2024_R017_C048,MH-001,Gondkhari,2024,17,48,21.177289,78.925666,MH-001_C7,train,cnn_test,1,0,1,0.62734485
17613,MH-001_2024_R017_C049,MH-001,Gondkhari,2024,17,49,21.177289,78.925936,MH-001_C7,train,cnn_test,0,0,1,0.5556996
17614,MH-001_2024_R018_C007,MH-001,Gondkhari,2024,18,7,21.177019,78.914617,MH-001_C0,train,cnn_test,0,0,0,0.022158673
17615,MH-001_2024_R018_C008,MH-001,Gondkhari,2024,18,8,21.177019,78.914887,MH-001_C1,train,cnn_test,0,0,1,0.114477284
17616,MH-001_2024_R018_C009,MH-001,Gondkhari,2024,18,9,21.177019,78.915156,MH-001_C1,train,cnn_test,0,0,0,0.040380135
17617,MH-001_2024_R018_C010,MH-001,Gondkhari,2024,18,10,21.177019,78.915426,MH-001_C1,train,cnn_test,1,0,1,0.11223172
17618,MH-001_2024_R018_C011,MH-001,Gondkhari,2024,18,11,21.177019,78.915695,MH-001_C1,train,cnn_test,2,1,0,0.032790255
17619,MH-001_2024_R018_C017,MH-001,Gondkhari,2024,18,17,21.177019,78.917312,MH-001_C2,train,cnn_test,0,0,0,0.08247536
17620,MH-001_2024_R018_C018,MH-001,Gondkhari,2024,18,18,21.177019,78.917582,MH-001_C2,train,cnn_test,1,0,1,0.1880728
17621,MH-001_2024_R018_C019,MH-001,Gondkhari,2024,18,19,21.177019,78.917851,MH-001_C2,train,cnn_test,1,0,1,0.25237244
17622,MH-001_2024_R018_C020,MH-001,Gondkhari,2024,18,20,21.177019,78.918121,MH-001_C2,train,cnn_test,0,0,1,0.47416663
17623,MH-001_2024_R018_C021,MH-001,Gondkhari,2024,18,21,21.177019,78.91839,MH-001_C3,train,cnn_test,1,0,1,0.46286234
17624,MH-001_2024_R018_C022,MH-001,Gondkhari,2024,18,22,21.177019,78.91866,MH-001_C3,train,cnn_test,0,0,1,0.12405384
17625,MH-001_2024_R018_C023,MH-001,Gondkhari,2024,18,23,21.177019,78.918929,MH-001_C3,train,cnn_test,0,0,1,0.20769429
17626,MH-001_2024_R018_C024,MH-001,Gondkhari,2024,18,24,21.177019,78.919199,MH-001_C3,train,cnn_test,0,0,1,0.43129995
17627,MH-001_2024_R018_C025,MH-001,Gondkhari,2024,18,25,21.177019,78.919468,MH-001_C3,train,cnn_test,0,0,1,0.45984513
17628,MH-001_2024_R018_C026,MH-001,Gondkhari,2024,18,26,21.177019,78.919738,MH-001_C3,train,cnn_test,0,0,1,0.33993012
17629,MH-001_2024_R018_C027,MH-001,Gondkhari,2024,18,27,21.177019,78.920007,MH-001_C4,train,cnn_test,0,0,1,0.44234848
17630,MH-001_2024_R018_C028,MH-001,Gondkhari,2024,18,28,21.177019,78.920277,MH-001_C4,train,cnn_test,0,0,1,0.18151209
17631,MH-001_2024_R018_C029,MH-001,Gondkhari,2024,18,29,21.177019,78.920546,MH-001_C4,train,cnn_test,0,0,0,0.043932207
17632,MH-001_2024_R018_C031,MH-001,Gondkhari,2024,18,31,21.177019,78.921085,MH-001_C4,train,cnn_test,1,0,0,0.06890201
17633,MH-001_2024_R018_C032,MH-001,Gondkhari,2024,18,32,21.177019,78.921355,MH-001_C4,train,cnn_test,0,0,1,0.10156329
17634,MH-001_2024_R018_C033,MH-001,Gondkhari,2024,18,33,21.177019,78.921624,MH-001_C5,train,cnn_test,0,0,1,0.11947881
17635,MH-001_2024_R018_C034,MH-001,Gondkhari,2024,18,34,21.177019,78.921894,MH-001_C5,train,cnn_test,0,0,1,0.16611817
17636,MH-001_2024_R018_C035,MH-001,Gondkhari,2024,18,35,21.177019,78.922163,MH-001_C5,train,cnn_test,0,0,1,0.36229637
17637,MH-001_2024_R018_C036,MH-001,Gondkhari,2024,18,36,21.177019,78.922433,MH-001_C5,train,cnn_test,0,0,1,0.42301732
17638,MH-001_2024_R018_C037,MH-001,Gondkhari,2024,18,37,21.177019,78.922702,MH-001_C5,train,cnn_test,0,0,1,0.24525133
17639,MH-001_2024_R018_C038,MH-001,Gondkhari,2024,18,38,21.177019,78.922972,MH-001_C5,train,cnn_test,0,0,1,0.40959597
17640,MH-001_2024_R018_C039,MH-001,Gondkhari,2024,18,39,21.177019,78.923241,MH-001_C5,train,cnn_test,0,0,1,0.1776017
17641,MH-001_2024_R018_C040,MH-001,Gondkhari,2024,18,40,21.177019,78.92351,MH-001_C6,train,cnn_test,2,1,1,0.30965215
17642,MH-001_2024_R018_C041,MH-001,Gondkhari,2024,18,41,21.177019,78.92378,MH-001_C6,train,cnn_test,2,1,1,0.52146655
17643,MH-001_2024_R018_C042,MH-001,Gondkhari,2024,18,42,21.177019,78.924049,MH-001_C6,train,cnn_test,1,0,1,0.22355814
17644,MH-001_2024_R018_C043,MH-001,Gondkhari,2024,18,43,21.177019,78.924319,MH-001_C6,train,cnn_test,0,0,0,0.06968346
17645,MH-001_2024_R018_C044,MH-001,Gondkhari,2024,18,44,21.177019,78.924588,MH-001_C6,train,cnn_test,1,0,1,0.22983412
17646,MH-001_2024_R018_C046,MH-001,Gondkhari,2024,18,46,21.177019,78.925127,MH-001_C7,train,cnn_test,2,1,1,0.35816774
17647,MH-001_2024_R018_C047,MH-001,Gondkhari,2024,18,47,21.177019,78.925397,MH-001_C7,train,cnn_test,1,0,1,0.43070778
17648,MH-001_2024_R018_C048,MH-001,Gondkhari,2024,18,48,21.177019,78.925666,MH-001_C7,train,cnn_test,1,0,1,0.1412611
17649,MH-001_2024_R018_C049,MH-001,Gondkhari,2024,18,49,21.177019,78.925936,MH-001_C7,train,cnn_test,0,0,1,0.21036007
17650,MH-001_2024_R018_C050,MH-001,Gondkhari,2024,18,50,21.177019,78.926205,MH-001_C7,train,cnn_test,0,0,0,0.08459436
17651,MH-001_2024_R018_C051,MH-001,Gondkhari,2024,18,51,21.177019,78.926475,MH-001_C7,train,cnn_test,0,0,1,0.16797157
17652,MH-001_2024_R019_C008,MH-001,Gondkhari,2024,19,8,21.17675,78.914887,MH-001_C1,train,cnn_test,0,0,1,0.108069755
17653,MH-001_2024_R019_C009,MH-001,Gondkhari,2024,19,9,21.17675,78.915156,MH-001_C1,train,cnn_test,1,0,0,0.061096188
17654,MH-001_2024_R019_C010,MH-001,Gondkhari,2024,19,10,21.17675,78.915426,MH-001_C1,train,cnn_test,0,0,0,0.07698748
17655,MH-001_2024_R019_C011,MH-001,Gondkhari,2024,19,11,21.17675,78.915695,MH-001_C1,train,cnn_test,1,0,0,0.044118825
17656,MH-001_2024_R019_C012,MH-001,Gondkhari,2024,19,12,21.17675,78.915965,MH-001_C1,train,cnn_test,1,0,0,0.008318551
17657,MH-001_2024_R019_C013,MH-001,Gondkhari,2024,19,13,21.17675,78.916234,MH-001_C1,train,cnn_test,1,0,0,0.002536017
17658,MH-001_2024_R019_C014,MH-001,Gondkhari,2024,19,14,21.17675,78.916504,MH-001_C2,train,cnn_test,1,0,0,0.0012760613
17659,MH-001_2024_R019_C016,MH-001,Gondkhari,2024,19,16,21.17675,78.917043,MH-001_C2,train,cnn_test,1,0,0,0.019630505
17660,MH-001_2024_R019_C017,MH-001,Gondkhari,2024,19,17,21.17675,78.917312,MH-001_C2,train,cnn_test,0,0,0,0.05094324
17661,MH-001_2024_R019_C018,MH-001,Gondkhari,2024,19,18,21.17675,78.917582,MH-001_C2,train,cnn_test,0,0,0,0.045678165
17662,MH-001_2024_R019_C019,MH-001,Gondkhari,2024,19,19,21.17675,78.917851,MH-001_C2,train,cnn_test,0,0,1,0.19293413
17663,MH-001_2024_R019_C020,MH-001,Gondkhari,2024,19,20,21.17675,78.918121,MH-001_C2,train,cnn_test,0,0,1,0.32697585
17664,MH-001_2024_R019_C021,MH-001,Gondkhari,2024,19,21,21.17675,78.91839,MH-001_C3,train,cnn_test,1,0,1,0.3469037
17665,MH-001_2024_R019_C022,MH-001,Gondkhari,2024,19,22,21.17675,78.91866,MH-001_C3,train,cnn_test,0,0,0,0.037556954
17666,MH-001_2024_R019_C023,MH-001,Gondkhari,2024,19,23,21.17675,78.918929,MH-001_C3,train,cnn_test,0,0,0,0.09386955
17667,MH-001_2024_R019_C024,MH-001,Gondkhari,2024,19,24,21.17675,78.919199,MH-001_C3,train,cnn_test,0,0,1,0.13363808
17668,MH-001_2024_R019_C025,MH-001,Gondkhari,2024,19,25,21.17675,78.919468,MH-001_C3,train,cnn_test,1,0,1,0.2585946
17669,MH-001_2024_R019_C026,MH-001,Gondkhari,2024,19,26,21.17675,78.919738,MH-001_C3,train,cnn_test,0,0,1,0.3063334
17670,MH-001_2024_R019_C027,MH-001,Gondkhari,2024,19,27,21.17675,78.920007,MH-001_C4,train,cnn_test,0,0,1,0.637169
17671,MH-001_2024_R019_C028,MH-001,Gondkhari,2024,19,28,21.17675,78.920277,MH-001_C4,train,cnn_test,0,0,1,0.22263218
17672,MH-001_2024_R019_C029,MH-001,Gondkhari,2024,19,29,21.17675,78.920546,MH-001_C4,train,cnn_test,1,0,0,0.04085843
17673,MH-001_2024_R019_C031,MH-001,Gondkhari,2024,19,31,21.17675,78.921085,MH-001_C4,train,cnn_test,0,0,1,0.10739064
17674,MH-001_2024_R019_C032,MH-001,Gondkhari,2024,19,32,21.17675,78.921355,MH-001_C4,train,cnn_test,1,0,0,0.07461067
17675,MH-001_2024_R019_C033,MH-001,Gondkhari,2024,19,33,21.17675,78.921624,MH-001_C5,train,cnn_test,0,0,1,0.12397719
17676,MH-001_2024_R019_C034,MH-001,Gondkhari,2024,19,34,21.17675,78.921894,MH-001_C5,train,cnn_test,0,0,1,0.18858859
17677,MH-001_2024_R019_C037,MH-001,Gondkhari,2024,19,37,21.17675,78.922702,MH-001_C5,train,cnn_test,1,0,1,0.4858632
17678,MH-001_2024_R019_C038,MH-001,Gondkhari,2024,19,38,21.17675,78.922972,MH-001_C5,train,cnn_test,2,1,1,0.56629825
17679,MH-001_2024_R019_C043,MH-001,Gondkhari,2024,19,43,21.17675,78.924319,MH-001_C6,train,cnn_test,1,0,0,0.045208964
17680,MH-001_2024_R019_C045,MH-001,Gondkhari,2024,19,45,21.17675,78.924858,MH-001_C6,train,cnn_test,0,0,1,0.17638323
17681,MH-001_2024_R019_C046,MH-001,Gondkhari,2024,19,46,21.17675,78.925127,MH-001_C7,train,cnn_test,0,0,0,0.051465582
17682,MH-001_2024_R019_C047,MH-001,Gondkhari,2024,19,47,21.17675,78.925397,MH-001_C7,train,cnn_test,1,0,0,0.076961786
17683,MH-001_2024_R019_C048,MH-001,Gondkhari,2024,19,48,21.17675,78.925666,MH-001_C7,train,cnn_test,0,0,0,0.039019655
17684,MH-001_2024_R019_C049,MH-001,Gondkhari,2024,19,49,21.17675,78.925936,MH-001_C7,train,cnn_test,0,0,1,0.11983357
17685,MH-001_2024_R019_C050,MH-001,Gondkhari,2024,19,50,21.17675,78.926205,MH-001_C7,train,cnn_test,0,0,0,0.043960687
17686,MH-001_2024_R019_C051,MH-001,Gondkhari,2024,19,51,21.17675,78.926475,MH-001_C7,train,cnn_test,0,0,1,0.4227448
17687,MH-001_2024_R020_C008,MH-001,Gondkhari,2024,20,8,21.17648,78.914887,MH-001_C1,train,cnn_test,0,0,1,0.13367313
17688,MH-001_2024_R020_C009,MH-001,Gondkhari,2024,20,9,21.17648,78.915156,MH-001_C1,train,cnn_test,0,0,0,0.034853898
17689,MH-001_2024_R020_C010,MH-001,Gondkhari,2024,20,10,21.17648,78.915426,MH-001_C1,train,cnn_test,0,0,0,0.08295268
17690,MH-001_2024_R020_C011,MH-001,Gondkhari,2024,20,11,21.17648,78.915695,MH-001_C1,train,cnn_test,1,0,0,0.044893436
17691,MH-001_2024_R020_C012,MH-001,Gondkhari,2024,20,12,21.17648,78.915965,MH-001_C1,train,cnn_test,1,0,0,0.007898389
17692,MH-001_2024_R020_C013,MH-001,Gondkhari,2024,20,13,21.17648,78.916234,MH-001_C1,train,cnn_test,1,0,0,0.001622061
17693,MH-001_2024_R020_C014,MH-001,Gondkhari,2024,20,14,21.17648,78.916504,MH-001_C2,train,cnn_test,1,0,0,0.0008886593
17694,MH-001_2024_R020_C016,MH-001,Gondkhari,2024,20,16,21.17648,78.917043,MH-001_C2,train,cnn_test,1,0,0,0.023760432
17695,MH-001_2024_R020_C017,MH-001,Gondkhari,2024,20,17,21.17648,78.917312,MH-001_C2,train,cnn_test,0,0,0,0.031055558
17696,MH-001_2024_R020_C018,MH-001,Gondkhari,2024,20,18,21.17648,78.917582,MH-001_C2,train,cnn_test,1,0,0,0.037136085
17697,MH-001_2024_R020_C019,MH-001,Gondkhari,2024,20,19,21.17648,78.917851,MH-001_C2,train,cnn_test,0,0,1,0.10180159
17698,MH-001_2024_R020_C020,MH-001,Gondkhari,2024,20,20,21.17648,78.918121,MH-001_C2,train,cnn_test,1,0,1,0.2494951
17699,MH-001_2024_R020_C021,MH-001,Gondkhari,2024,20,21,21.17648,78.91839,MH-001_C3,train,cnn_test,1,0,1,0.33410287
17700,MH-001_2024_R020_C022,MH-001,Gondkhari,2024,20,22,21.17648,78.91866,MH-001_C3,train,cnn_test,0,0,0,0.057778556
17701,MH-001_2024_R020_C023,MH-001,Gondkhari,2024,20,23,21.17648,78.918929,MH-001_C3,train,cnn_test,0,0,1,0.2014745
17702,MH-001_2024_R020_C025,MH-001,Gondkhari,2024,20,25,21.17648,78.919468,MH-001_C3,train,cnn_test,1,0,1,0.63493276
17703,MH-001_2024_R020_C026,MH-001,Gondkhari,2024,20,26,21.17648,78.919738,MH-001_C3,train,cnn_test,1,0,1,0.69308394
17704,MH-001_2024_R020_C027,MH-001,Gondkhari,2024,20,27,21.17648,78.920007,MH-001_C4,train,cnn_test,1,0,1,0.84018457
17705,MH-001_2024_R020_C028,MH-001,Gondkhari,2024,20,28,21.17648,78.920277,MH-001_C4,train,cnn_test,1,0,1,0.7862231
17706,MH-001_2024_R020_C029,MH-001,Gondkhari,2024,20,29,21.17648,78.920546,MH-001_C4,train,cnn_test,1,0,1,0.32169792
17707,MH-001_2024_R020_C030,MH-001,Gondkhari,2024,20,30,21.17648,78.920816,MH-001_C4,train,cnn_test,1,0,1,0.28118595
17708,MH-001_2024_R020_C032,MH-001,Gondkhari,2024,20,32,21.17648,78.921355,MH-001_C4,train,cnn_test,1,0,1,0.603069
17709,MH-001_2024_R020_C035,MH-001,Gondkhari,2024,20,35,21.17648,78.922163,MH-001_C5,train,cnn_test,0,0,1,0.711669
17710,MH-001_2024_R020_C036,MH-001,Gondkhari,2024,20,36,21.17648,78.922433,MH-001_C5,train,cnn_test,0,0,1,0.7139616
17711,MH-001_2024_R020_C037,MH-001,Gondkhari,2024,20,37,21.17648,78.922702,MH-001_C5,train,cnn_test,0,0,1,0.38971078
17712,MH-001_2024_R020_C038,MH-001,Gondkhari,2024,20,38,21.17648,78.922972,MH-001_C5,train,cnn_test,1,0,1,0.38362166
17713,MH-001_2024_R020_C039,MH-001,Gondkhari,2024,20,39,21.17648,78.923241,MH-001_C5,train,cnn_test,2,1,0,0.076950304
17714,MH-001_2024_R020_C041,MH-001,Gondkhari,2024,20,41,21.17648,78.92378,MH-001_C6,train,cnn_test,3,1,1,0.23189478
17715,MH-001_2024_R020_C042,MH-001,Gondkhari,2024,20,42,21.17648,78.924049,MH-001_C6,train,cnn_test,1,0,0,0.06304292
17716,MH-001_2024_R020_C043,MH-001,Gondkhari,2024,20,43,21.17648,78.924319,MH-001_C6,train,cnn_test,1,0,0,0.03433049
17717,MH-001_2024_R020_C044,MH-001,Gondkhari,2024,20,44,21.17648,78.924588,MH-001_C6,train,cnn_test,1,0,1,0.10040628
17718,MH-001_2024_R020_C048,MH-001,Gondkhari,2024,20,48,21.17648,78.925666,MH-001_C7,train,cnn_test,1,0,0,0.03221518
17719,MH-001_2024_R020_C049,MH-001,Gondkhari,2024,20,49,21.17648,78.925936,MH-001_C7,train,cnn_test,0,0,1,0.10022978
17720,MH-001_2024_R020_C050,MH-001,Gondkhari,2024,20,50,21.17648,78.926205,MH-001_C7,train,cnn_test,0,0,0,0.07438067
17721,MH-001_2024_R020_C051,MH-001,Gondkhari,2024,20,51,21.17648,78.926475,MH-001_C7,train,cnn_test,0,0,0,0.07555488
17722,MH-001_2024_R021_C009,MH-001,Gondkhari,2024,21,9,21.176211,78.915156,MH-001_C1,train,cnn_test,0,0,1,0.27910942
17723,MH-001_2024_R021_C010,MH-001,Gondkhari,2024,21,10,21.176211,78.915426,MH-001_C1,train,cnn_test,0,0,1,0.14347437
17724,MH-001_2024_R021_C011,MH-001,Gondkhari,2024,21,11,21.176211,78.915695,MH-001_C1,train,cnn_test,0,0,0,0.080454
17725,MH-001_2024_R021_C012,MH-001,Gondkhari,2024,21,12,21.176211,78.915965,MH-001_C1,train,cnn_test,0,0,0,0.009367928
17726,MH-001_2024_R021_C013,MH-001,Gondkhari,2024,21,13,21.176211,78.916234,MH-001_C1,train,cnn_test,1,0,0,0.0037284228
17727,MH-001_2024_R021_C014,MH-001,Gondkhari,2024,21,14,21.176211,78.916504,MH-001_C2,train,cnn_test,1,0,0,0.0045376006
17728,MH-001_2024_R021_C016,MH-001,Gondkhari,2024,21,16,21.176211,78.917043,MH-001_C2,train,cnn_test,1,0,0,0.015316111
17729,MH-001_2024_R021_C017,MH-001,Gondkhari,2024,21,17,21.176211,78.917312,MH-001_C2,train,cnn_test,0,0,0,0.027714133
17730,MH-001_2024_R021_C018,MH-001,Gondkhari,2024,21,18,21.176211,78.917582,MH-001_C2,train,cnn_test,0,0,0,0.015263064
17731,MH-001_2024_R021_C019,MH-001,Gondkhari,2024,21,19,21.176211,78.917851,MH-001_C2,train,cnn_test,0,0,0,0.064349174
17732,MH-001_2024_R021_C020,MH-001,Gondkhari,2024,21,20,21.176211,78.918121,MH-001_C2,train,cnn_test,1,0,1,0.13270168
17733,MH-001_2024_R021_C021,MH-001,Gondkhari,2024,21,21,21.176211,78.91839,MH-001_C3,train,cnn_test,1,0,1,0.20464791
17734,MH-001_2024_R021_C022,MH-001,Gondkhari,2024,21,22,21.176211,78.91866,MH-001_C3,train,cnn_test,1,0,0,0.03891746
17735,MH-001_2024_R021_C023,MH-001,Gondkhari,2024,21,23,21.176211,78.918929,MH-001_C3,train,cnn_test,1,0,0,0.06807989
17736,MH-001_2024_R021_C024,MH-001,Gondkhari,2024,21,24,21.176211,78.919199,MH-001_C3,train,cnn_test,1,0,1,0.1813538
17737,MH-001_2024_R021_C026,MH-001,Gondkhari,2024,21,26,21.176211,78.919738,MH-001_C3,train,cnn_test,1,0,1,0.54379344
17738,MH-001_2024_R021_C027,MH-001,Gondkhari,2024,21,27,21.176211,78.920007,MH-001_C4,train,cnn_test,1,0,1,0.73085594
17739,MH-001_2024_R021_C028,MH-001,Gondkhari,2024,21,28,21.176211,78.920277,MH-001_C4,train,cnn_test,1,0,1,0.5249936
17740,MH-001_2024_R021_C029,MH-001,Gondkhari,2024,21,29,21.176211,78.920546,MH-001_C4,train,cnn_test,2,1,1,0.14712653
17741,MH-001_2024_R021_C030,MH-001,Gondkhari,2024,21,30,21.176211,78.920816,MH-001_C4,train,cnn_test,2,1,1,0.13833627
17742,MH-001_2024_R021_C031,MH-001,Gondkhari,2024,21,31,21.176211,78.921085,MH-001_C4,train,cnn_test,1,0,1,0.35790396
17743,MH-001_2024_R021_C032,MH-001,Gondkhari,2024,21,32,21.176211,78.921355,MH-001_C4,train,cnn_test,1,0,1,0.27904055
17744,MH-001_2024_R021_C035,MH-001,Gondkhari,2024,21,35,21.176211,78.922163,MH-001_C5,train,cnn_test,0,0,1,0.4580217
17745,MH-001_2024_R021_C036,MH-001,Gondkhari,2024,21,36,21.176211,78.922433,MH-001_C5,train,cnn_test,1,0,1,0.383443
17746,MH-001_2024_R021_C037,MH-001,Gondkhari,2024,21,37,21.176211,78.922702,MH-001_C5,train,cnn_test,1,0,1,0.39320245
17747,MH-001_2024_R021_C038,MH-001,Gondkhari,2024,21,38,21.176211,78.922972,MH-001_C5,train,cnn_test,2,1,1,0.6398683
17748,MH-001_2024_R021_C040,MH-001,Gondkhari,2024,21,40,21.176211,78.92351,MH-001_C6,train,cnn_test,3,1,0,0.06587063
17749,MH-001_2024_R021_C041,MH-001,Gondkhari,2024,21,41,21.176211,78.92378,MH-001_C6,train,cnn_test,3,1,1,0.20404162
17750,MH-001_2024_R021_C042,MH-001,Gondkhari,2024,21,42,21.176211,78.924049,MH-001_C6,train,cnn_test,2,1,0,0.046686295
17751,MH-001_2024_R021_C043,MH-001,Gondkhari,2024,21,43,21.176211,78.924319,MH-001_C6,train,cnn_test,1,0,0,0.016324049
17752,MH-001_2024_R021_C044,MH-001,Gondkhari,2024,21,44,21.176211,78.924588,MH-001_C6,train,cnn_test,1,0,0,0.022786448
17753,MH-001_2024_R021_C045,MH-001,Gondkhari,2024,21,45,21.176211,78.924858,MH-001_C6,train,cnn_test,0,0,0,0.043421816
17754,MH-001_2024_R021_C047,MH-001,Gondkhari,2024,21,47,21.176211,78.925397,MH-001_C7,train,cnn_test,1,0,0,0.022054318
17755,MH-001_2024_R021_C048,MH-001,Gondkhari,2024,21,48,21.176211,78.925666,MH-001_C7,train,cnn_test,1,0,0,0.011627353
17756,MH-001_2024_R021_C049,MH-001,Gondkhari,2024,21,49,21.176211,78.925936,MH-001_C7,train,cnn_test,0,0,0,0.039391987
17757,MH-001_2024_R021_C050,MH-001,Gondkhari,2024,21,50,21.176211,78.926205,MH-001_C7,train,cnn_test,0,0,0,0.013117684
17758,MH-001_2024_R021_C051,MH-001,Gondkhari,2024,21,51,21.176211,78.926475,MH-001_C7,train,cnn_test,0,0,1,0.12890857
17759,MH-001_2024_R022_C010,MH-001,Gondkhari,2024,22,10,21.175941,78.915426,MH-001_C1,train,cnn_test,0,0,1,0.30374065
17760,MH-001_2024_R022_C011,MH-001,Gondkhari,2024,22,11,21.175941,78.915695,MH-001_C1,train,cnn_test,1,0,0,0.08089639
17761,MH-001_2024_R022_C012,MH-001,Gondkhari,2024,22,12,21.175941,78.915965,MH-001_C1,train,cnn_test,1,0,0,0.009241714
17762,MH-001_2024_R022_C013,MH-001,Gondkhari,2024,22,13,21.175941,78.916234,MH-001_C1,train,cnn_test,1,0,0,0.005370291
17763,MH-001_2024_R022_C014,MH-001,Gondkhari,2024,22,14,21.175941,78.916504,MH-001_C2,train,cnn_test,1,0,0,0.001510374
17764,MH-001_2024_R022_C016,MH-001,Gondkhari,2024,22,16,21.175941,78.917043,MH-001_C2,train,cnn_test,0,0,0,0.013456186
17765,MH-001_2024_R022_C017,MH-001,Gondkhari,2024,22,17,21.175941,78.917312,MH-001_C2,train,cnn_test,0,0,0,0.009390137
17766,MH-001_2024_R022_C018,MH-001,Gondkhari,2024,22,18,21.175941,78.917582,MH-001_C2,train,cnn_test,0,0,0,0.0065082763
17767,MH-001_2024_R022_C019,MH-001,Gondkhari,2024,22,19,21.175941,78.917851,MH-001_C2,train,cnn_test,0,0,0,0.01501429
17768,MH-001_2024_R022_C020,MH-001,Gondkhari,2024,22,20,21.175941,78.918121,MH-001_C2,train,cnn_test,0,0,0,0.029208854
17769,MH-001_2024_R022_C021,MH-001,Gondkhari,2024,22,21,21.175941,78.91839,MH-001_C3,train,cnn_test,1,0,0,0.017555602
17770,MH-001_2024_R022_C022,MH-001,Gondkhari,2024,22,22,21.175941,78.91866,MH-001_C3,train,cnn_test,1,0,0,0.005775149
17771,MH-001_2024_R022_C023,MH-001,Gondkhari,2024,22,23,21.175941,78.918929,MH-001_C3,train,cnn_test,0,0,0,0.011090945
17772,MH-001_2024_R022_C025,MH-001,Gondkhari,2024,22,25,21.175941,78.919468,MH-001_C3,train,cnn_test,0,0,0,0.031428184
17773,MH-001_2024_R022_C026,MH-001,Gondkhari,2024,22,26,21.175941,78.919738,MH-001_C3,train,cnn_test,1,0,1,0.15576883
17774,MH-001_2024_R022_C029,MH-001,Gondkhari,2024,22,29,21.175941,78.920546,MH-001_C4,train,cnn_test,2,1,0,0.012517378
17775,MH-001_2024_R022_C030,MH-001,Gondkhari,2024,22,30,21.175941,78.920816,MH-001_C4,train,cnn_test,2,1,0,0.019672612
17776,MH-001_2024_R022_C031,MH-001,Gondkhari,2024,22,31,21.175941,78.921085,MH-001_C4,train,cnn_test,0,0,0,0.053325925
17777,MH-001_2024_R022_C032,MH-001,Gondkhari,2024,22,32,21.175941,78.921355,MH-001_C4,train,cnn_test,1,0,1,0.20642194
17778,MH-001_2024_R022_C033,MH-001,Gondkhari,2024,22,33,21.175941,78.921624,MH-001_C5,train,cnn_test,0,0,1,0.20915951
17779,MH-001_2024_R022_C034,MH-001,Gondkhari,2024,22,34,21.175941,78.921894,MH-001_C5,train,cnn_test,0,0,1,0.13543202
17780,MH-001_2024_R022_C036,MH-001,Gondkhari,2024,22,36,21.175941,78.922433,MH-001_C5,train,cnn_test,0,0,0,0.074209675
17781,MH-001_2024_R022_C037,MH-001,Gondkhari,2024,22,37,21.175941,78.922702,MH-001_C5,train,cnn_test,1,0,0,0.09871624
17782,MH-001_2024_R022_C038,MH-001,Gondkhari,2024,22,38,21.175941,78.922972,MH-001_C5,train,cnn_test,2,1,1,0.18212308
17783,MH-001_2024_R022_C039,MH-001,Gondkhari,2024,22,39,21.175941,78.923241,MH-001_C5,train,cnn_test,2,1,0,0.08134263
17784,MH-001_2024_R022_C040,MH-001,Gondkhari,2024,22,40,21.175941,78.92351,MH-001_C6,train,cnn_test,3,1,0,0.026320476
17785,MH-001_2024_R022_C041,MH-001,Gondkhari,2024,22,41,21.175941,78.92378,MH-001_C6,train,cnn_test,3,1,0,0.048618972
17786,MH-001_2024_R022_C042,MH-001,Gondkhari,2024,22,42,21.175941,78.924049,MH-001_C6,train,cnn_test,1,0,0,0.0127625335
17787,MH-001_2024_R022_C043,MH-001,Gondkhari,2024,22,43,21.175941,78.924319,MH-001_C6,train,cnn_test,1,0,0,0.009946157
17788,MH-001_2024_R022_C044,MH-001,Gondkhari,2024,22,44,21.175941,78.924588,MH-001_C6,train,cnn_test,1,0,0,0.014665061
17789,MH-001_2024_R022_C045,MH-001,Gondkhari,2024,22,45,21.175941,78.924858,MH-001_C6,train,cnn_test,1,0,0,0.04818299
17790,MH-001_2024_R022_C047,MH-001,Gondkhari,2024,22,47,21.175941,78.925397,MH-001_C7,train,cnn_test,1,0,0,0.009180642
17791,MH-001_2024_R022_C048,MH-001,Gondkhari,2024,22,48,21.175941,78.925666,MH-001_C7,train,cnn_test,1,0,0,0.0026502663
17792,MH-001_2024_R022_C049,MH-001,Gondkhari,2024,22,49,21.175941,78.925936,MH-001_C7,train,cnn_test,1,0,0,0.0047140336
17793,MH-001_2024_R022_C050,MH-001,Gondkhari,2024,22,50,21.175941,78.926205,MH-001_C7,train,cnn_test,0,0,0,0.0027679128
17794,MH-001_2024_R022_C051,MH-001,Gondkhari,2024,22,51,21.175941,78.926475,MH-001_C7,train,cnn_test,0,0,0,0.00503377
17795,MH-001_2024_R023_C013,MH-001,Gondkhari,2024,23,13,21.175672,78.916234,MH-001_C1,train,cnn_test,2,1,0,0.0018638152
17796,MH-001_2024_R023_C014,MH-001,Gondkhari,2024,23,14,21.175672,78.916504,MH-001_C2,train,cnn_test,2,1,0,0.0014462685
17797,MH-001_2024_R023_C015,MH-001,Gondkhari,2024,23,15,21.175672,78.916773,MH-001_C2,train,cnn_test,2,1,0,0.0039538033
17798,MH-001_2024_R023_C016,MH-001,Gondkhari,2024,23,16,21.175672,78.917043,MH-001_C2,train,cnn_test,2,1,0,0.015228093
17799,MH-001_2024_R023_C017,MH-001,Gondkhari,2024,23,17,21.175672,78.917312,MH-001_C2,train,cnn_test,2,1,0,0.021801531
17800,MH-001_2024_R023_C018,MH-001,Gondkhari,2024,23,18,21.175672,78.917582,MH-001_C2,train,cnn_test,1,0,0,0.012321544
17801,MH-001_2024_R023_C019,MH-001,Gondkhari,2024,23,19,21.175672,78.917851,MH-001_C2,train,cnn_test,1,0,0,0.051240873
17802,MH-001_2024_R023_C020,MH-001,Gondkhari,2024,23,20,21.175672,78.918121,MH-001_C2,train,cnn_test,1,0,0,0.03962588
17803,MH-001_2024_R023_C021,MH-001,Gondkhari,2024,23,21,21.175672,78.91839,MH-001_C3,train,cnn_test,1,0,0,0.0537644
17804,MH-001_2024_R023_C022,MH-001,Gondkhari,2024,23,22,21.175672,78.91866,MH-001_C3,train,cnn_test,0,0,0,0.0065822466
17805,MH-001_2024_R023_C023,MH-001,Gondkhari,2024,23,23,21.175672,78.918929,MH-001_C3,train,cnn_test,0,0,0,0.0281128
17806,MH-001_2024_R023_C024,MH-001,Gondkhari,2024,23,24,21.175672,78.919199,MH-001_C3,train,cnn_test,0,0,0,0.02025983
17807,MH-001_2024_R023_C025,MH-001,Gondkhari,2024,23,25,21.175672,78.919468,MH-001_C3,train,cnn_test,1,0,1,0.101619095
17808,MH-001_2024_R023_C026,MH-001,Gondkhari,2024,23,26,21.175672,78.919738,MH-001_C3,train,cnn_test,1,0,1,0.160236
17809,MH-001_2024_R023_C027,MH-001,Gondkhari,2024,23,27,21.175672,78.920007,MH-001_C4,train,cnn_test,2,1,1,0.59019333
17810,MH-001_2024_R023_C028,MH-001,Gondkhari,2024,23,28,21.175672,78.920277,MH-001_C4,train,cnn_test,0,0,1,0.17905681
17811,MH-001_2024_R023_C030,MH-001,Gondkhari,2024,23,30,21.175672,78.920816,MH-001_C4,train,cnn_test,0,0,0,0.018957695
17812,MH-001_2024_R023_C031,MH-001,Gondkhari,2024,23,31,21.175672,78.921085,MH-001_C4,train,cnn_test,0,0,0,0.06791478
17813,MH-001_2024_R023_C032,MH-001,Gondkhari,2024,23,32,21.175672,78.921355,MH-001_C4,train,cnn_test,0,0,0,0.08291652
17814,MH-001_2024_R023_C033,MH-001,Gondkhari,2024,23,33,21.175672,78.921624,MH-001_C5,train,cnn_test,0,0,1,0.42814225
17815,MH-001_2024_R023_C034,MH-001,Gondkhari,2024,23,34,21.175672,78.921894,MH-001_C5,train,cnn_test,1,0,1,0.32363018
17816,MH-001_2024_R023_C035,MH-001,Gondkhari,2024,23,35,21.175672,78.922163,MH-001_C5,train,cnn_test,0,0,1,0.49802265
17817,MH-001_2024_R023_C039,MH-001,Gondkhari,2024,23,39,21.175672,78.923241,MH-001_C5,train,cnn_test,2,1,0,0.05974597
17818,MH-001_2024_R023_C040,MH-001,Gondkhari,2024,23,40,21.175672,78.92351,MH-001_C6,train,cnn_test,2,1,0,0.027485128
17819,MH-001_2024_R023_C041,MH-001,Gondkhari,2024,23,41,21.175672,78.92378,MH-001_C6,train,cnn_test,2,1,0,0.07778425
17820,MH-001_2024_R023_C042,MH-001,Gondkhari,2024,23,42,21.175672,78.924049,MH-001_C6,train,cnn_test,0,0,0,0.008269376
17821,MH-001_2024_R023_C043,MH-001,Gondkhari,2024,23,43,21.175672,78.924319,MH-001_C6,train,cnn_test,0,0,0,0.0050692945
17822,MH-001_2024_R023_C044,MH-001,Gondkhari,2024,23,44,21.175672,78.924588,MH-001_C6,train,cnn_test,0,0,0,0.0023018694
17823,MH-001_2024_R023_C045,MH-001,Gondkhari,2024,23,45,21.175672,78.924858,MH-001_C6,train,cnn_test,0,0,0,0.0071527986
17824,MH-001_2024_R023_C047,MH-001,Gondkhari,2024,23,47,21.175672,78.925397,MH-001_C7,train,cnn_test,1,0,0,0.0071203057
17825,MH-001_2024_R023_C048,MH-001,Gondkhari,2024,23,48,21.175672,78.925666,MH-001_C7,train,cnn_test,1,0,0,0.0035432104
17826,MH-001_2024_R023_C049,MH-001,Gondkhari,2024,23,49,21.175672,78.925936,MH-001_C7,train,cnn_test,1,0,0,0.005185655
17827,MH-001_2024_R023_C050,MH-001,Gondkhari,2024,23,50,21.175672,78.926205,MH-001_C7,train,cnn_test,1,0,0,0.002164569
17828,MH-001_2024_R023_C051,MH-001,Gondkhari,2024,23,51,21.175672,78.926475,MH-001_C7,train,cnn_test,0,0,0,0.01942803
17829,MH-001_2024_R024_C010,MH-001,Gondkhari,2024,24,10,21.175402,78.915426,MH-001_C1,train,cnn_test,0,0,1,0.34930617
17830,MH-001_2024_R024_C011,MH-001,Gondkhari,2024,24,11,21.175402,78.915695,MH-001_C1,train,cnn_test,0,0,0,0.039872233
17831,MH-001_2024_R024_C014,MH-001,Gondkhari,2024,24,14,21.175402,78.916504,MH-001_C2,train,cnn_test,2,1,0,0.0008056244
17832,MH-001_2024_R024_C015,MH-001,Gondkhari,2024,24,15,21.175402,78.916773,MH-001_C2,train,cnn_test,2,1,0,0.003535728
17833,MH-001_2024_R024_C016,MH-001,Gondkhari,2024,24,16,21.175402,78.917043,MH-001_C2,train,cnn_test,2,1,0,0.007426763
17834,MH-001_2024_R024_C017,MH-001,Gondkhari,2024,24,17,21.175402,78.917312,MH-001_C2,train,cnn_test,2,1,0,0.006164766
17835,MH-001_2024_R024_C018,MH-001,Gondkhari,2024,24,18,21.175402,78.917582,MH-001_C2,train,cnn_test,1,0,0,0.0029698391
17836,MH-001_2024_R024_C019,MH-001,Gondkhari,2024,24,19,21.175402,78.917851,MH-001_C2,train,cnn_test,0,0,0,0.009522598
17837,MH-001_2024_R024_C020,MH-001,Gondkhari,2024,24,20,21.175402,78.918121,MH-001_C2,train,cnn_test,0,0,0,0.010876735
17838,MH-001_2024_R024_C021,MH-001,Gondkhari,2024,24,21,21.175402,78.91839,MH-001_C3,train,cnn_test,1,0,0,0.010248404
17839,MH-001_2024_R024_C022,MH-001,Gondkhari,2024,24,22,21.175402,78.91866,MH-001_C3,train,cnn_test,0,0,0,0.0021536262
17840,MH-001_2024_R024_C023,MH-001,Gondkhari,2024,24,23,21.175402,78.918929,MH-001_C3,train,cnn_test,0,0,0,0.008554698
17841,MH-001_2024_R024_C024,MH-001,Gondkhari,2024,24,24,21.175402,78.919199,MH-001_C3,train,cnn_test,0,0,0,0.008570526
17842,MH-001_2024_R024_C025,MH-001,Gondkhari,2024,24,25,21.175402,78.919468,MH-001_C3,train,cnn_test,0,0,0,0.013514
17843,MH-001_2024_R024_C026,MH-001,Gondkhari,2024,24,26,21.175402,78.919738,MH-001_C3,train,cnn_test,1,0,0,0.0701268
17844,MH-001_2024_R024_C027,MH-001,Gondkhari,2024,24,27,21.175402,78.920007,MH-001_C4,train,cnn_test,1,0,1,0.17946856
17845,MH-001_2024_R024_C028,MH-001,Gondkhari,2024,24,28,21.175402,78.920277,MH-001_C4,train,cnn_test,0,0,1,0.107312374
17846,MH-001_2024_R024_C029,MH-001,Gondkhari,2024,24,29,21.175402,78.920546,MH-001_C4,train,cnn_test,0,0,0,0.0076303543
17847,MH-001_2024_R024_C031,MH-001,Gondkhari,2024,24,31,21.175402,78.921085,MH-001_C4,train,cnn_test,1,0,0,0.011265766
17848,MH-001_2024_R024_C032,MH-001,Gondkhari,2024,24,32,21.175402,78.921355,MH-001_C4,train,cnn_test,1,0,1,0.11637243
17849,MH-001_2024_R024_C033,MH-001,Gondkhari,2024,24,33,21.175402,78.921624,MH-001_C5,train,cnn_test,1,0,1,0.64162874
17850,MH-001_2024_R024_C034,MH-001,Gondkhari,2024,24,34,21.175402,78.921894,MH-001_C5,train,cnn_test,0,0,1,0.7906236
17851,MH-001_2024_R024_C035,MH-001,Gondkhari,2024,24,35,21.175402,78.922163,MH-001_C5,train,cnn_test,0,0,1,0.5483002
17852,MH-001_2024_R024_C036,MH-001,Gondkhari,2024,24,36,21.175402,78.922433,MH-001_C5,train,cnn_test,1,0,1,0.61501116
17853,MH-001_2024_R024_C037,MH-001,Gondkhari,2024,24,37,21.175402,78.922702,MH-001_C5,train,cnn_test,2,1,1,0.34824964
17854,MH-001_2024_R024_C040,MH-001,Gondkhari,2024,24,40,21.175402,78.92351,MH-001_C6,train,cnn_test,2,1,0,0.05819072
17855,MH-001_2024_R024_C041,MH-001,Gondkhari,2024,24,41,21.175402,78.92378,MH-001_C6,train,cnn_test,1,0,0,0.070832156
17856,MH-001_2024_R024_C042,MH-001,Gondkhari,2024,24,42,21.175402,78.924049,MH-001_C6,train,cnn_test,0,0,0,0.0480008
17857,MH-001_2024_R024_C046,MH-001,Gondkhari,2024,24,46,21.175402,78.925127,MH-001_C7,train,cnn_test,0,0,0,0.0008779809
17858,MH-001_2024_R024_C047,MH-001,Gondkhari,2024,24,47,21.175402,78.925397,MH-001_C7,train,cnn_test,0,0,0,0.0027380069
17859,MH-001_2024_R024_C048,MH-001,Gondkhari,2024,24,48,21.175402,78.925666,MH-001_C7,train,cnn_test,0,0,0,0.0017329265
17860,MH-001_2024_R025_C013,MH-001,Gondkhari,2024,25,13,21.175133,78.916234,MH-001_C1,train,cnn_test,2,1,0,0.0009215662
17861,MH-001_2024_R025_C014,MH-001,Gondkhari,2024,25,14,21.175133,78.916504,MH-001_C2,train,cnn_test,2,1,0,0.0020020877
17862,MH-001_2024_R025_C015,MH-001,Gondkhari,2024,25,15,21.175133,78.916773,MH-001_C2,train,cnn_test,2,1,0,0.010507246
17863,MH-001_2024_R025_C016,MH-001,Gondkhari,2024,25,16,21.175133,78.917043,MH-001_C2,train,cnn_test,2,1,0,0.0366966
17864,MH-001_2024_R025_C017,MH-001,Gondkhari,2024,25,17,21.175133,78.917312,MH-001_C2,train,cnn_test,2,1,0,0.0421955
17865,MH-001_2024_R025_C018,MH-001,Gondkhari,2024,25,18,21.175133,78.917582,MH-001_C2,train,cnn_test,1,0,0,0.019152734
17866,MH-001_2024_R025_C019,MH-001,Gondkhari,2024,25,19,21.175133,78.917851,MH-001_C2,train,cnn_test,1,0,0,0.073868394
17867,MH-001_2024_R025_C020,MH-001,Gondkhari,2024,25,20,21.175133,78.918121,MH-001_C2,train,cnn_test,1,0,1,0.100387566
17868,MH-001_2024_R025_C021,MH-001,Gondkhari,2024,25,21,21.175133,78.91839,MH-001_C3,train,cnn_test,0,0,1,0.10612203
17869,MH-001_2024_R025_C022,MH-001,Gondkhari,2024,25,22,21.175133,78.91866,MH-001_C3,train,cnn_test,0,0,0,0.011684708
17870,MH-001_2024_R025_C025,MH-001,Gondkhari,2024,25,25,21.175133,78.919468,MH-001_C3,train,cnn_test,1,0,0,0.09470262
17871,MH-001_2024_R025_C026,MH-001,Gondkhari,2024,25,26,21.175133,78.919738,MH-001_C3,train,cnn_test,1,0,1,0.21593437
17872,MH-001_2024_R025_C027,MH-001,Gondkhari,2024,25,27,21.175133,78.920007,MH-001_C4,train,cnn_test,0,0,1,0.31457013
17873,MH-001_2024_R025_C028,MH-001,Gondkhari,2024,25,28,21.175133,78.920277,MH-001_C4,train,cnn_test,0,0,0,0.09164641
17874,MH-001_2024_R025_C032,MH-001,Gondkhari,2024,25,32,21.175133,78.921355,MH-001_C4,train,cnn_test,1,0,0,0.0433822
17875,MH-001_2024_R025_C033,MH-001,Gondkhari,2024,25,33,21.175133,78.921624,MH-001_C5,train,cnn_test,2,1,1,0.41323212
17876,MH-001_2024_R025_C034,MH-001,Gondkhari,2024,25,34,21.175133,78.921894,MH-001_C5,train,cnn_test,0,0,1,0.5734367
17877,MH-001_2024_R025_C035,MH-001,Gondkhari,2024,25,35,21.175133,78.922163,MH-001_C5,train,cnn_test,0,0,1,0.59826016
17878,MH-001_2024_R025_C036,MH-001,Gondkhari,2024,25,36,21.175133,78.922433,MH-001_C5,train,cnn_test,1,0,1,0.21565911
17879,MH-001_2024_R025_C037,MH-001,Gondkhari,2024,25,37,21.175133,78.922702,MH-001_C5,train,cnn_test,2,1,1,0.21621375
17880,MH-001_2024_R025_C038,MH-001,Gondkhari,2024,25,38,21.175133,78.922972,MH-001_C5,train,cnn_test,1,0,1,0.24807346
17881,MH-001_2024_R025_C039,MH-001,Gondkhari,2024,25,39,21.175133,78.923241,MH-001_C5,train,cnn_test,0,0,0,0.06273547
17882,MH-001_2024_R025_C041,MH-001,Gondkhari,2024,25,41,21.175133,78.92378,MH-001_C6,train,cnn_test,0,0,0,0.042590078
17883,MH-001_2024_R025_C044,MH-001,Gondkhari,2024,25,44,21.175133,78.924588,MH-001_C6,train,cnn_test,0,0,0,0.0013046024
17884,MH-001_2024_R025_C045,MH-001,Gondkhari,2024,25,45,21.175133,78.924858,MH-001_C6,train,cnn_test,1,0,0,0.0009937921
17885,MH-001_2024_R025_C046,MH-001,Gondkhari,2024,25,46,21.175133,78.925127,MH-001_C7,train,cnn_test,0,0,0,0.00036050787
17886,MH-001_2024_R025_C048,MH-001,Gondkhari,2024,25,48,21.175133,78.925666,MH-001_C7,train,cnn_test,0,0,0,0.00047118313
17887,MH-001_2024_R025_C049,MH-001,Gondkhari,2024,25,49,21.175133,78.925936,MH-001_C7,train,cnn_test,0,0,0,0.0007848447
17888,MH-001_2024_R025_C050,MH-001,Gondkhari,2024,25,50,21.175133,78.926205,MH-001_C7,train,cnn_test,0,0,0,0.00032029155
17889,MH-001_2024_R026_C013,MH-001,Gondkhari,2024,26,13,21.174863,78.916234,MH-001_C1,train,cnn_test,2,1,0,0.0013987895
17890,MH-001_2024_R026_C014,MH-001,Gondkhari,2024,26,14,21.174863,78.916504,MH-001_C2,train,cnn_test,2,1,0,0.0014888977
17891,MH-001_2024_R026_C015,MH-001,Gondkhari,2024,26,15,21.174863,78.916773,MH-001_C2,train,cnn_test,1,0,0,0.0052557117
17892,MH-001_2024_R026_C016,MH-001,Gondkhari,2024,26,16,21.174863,78.917043,MH-001_C2,train,cnn_test,2,1,0,0.0146415215
17893,MH-001_2024_R026_C017,MH-001,Gondkhari,2024,26,17,21.174863,78.917312,MH-001_C2,train,cnn_test,2,1,0,0.011340882
17894,MH-001_2024_R026_C018,MH-001,Gondkhari,2024,26,18,21.174863,78.917582,MH-001_C2,train,cnn_test,0,0,0,0.0062463335
17895,MH-001_2024_R026_C019,MH-001,Gondkhari,2024,26,19,21.174863,78.917851,MH-001_C2,train,cnn_test,1,0,0,0.024671825
17896,MH-001_2024_R026_C020,MH-001,Gondkhari,2024,26,20,21.174863,78.918121,MH-001_C2,train,cnn_test,1,0,0,0.05305065
17897,MH-001_2024_R026_C022,MH-001,Gondkhari,2024,26,22,21.174863,78.91866,MH-001_C3,train,cnn_test,0,0,0,0.007770114
17898,MH-001_2024_R026_C023,MH-001,Gondkhari,2024,26,23,21.174863,78.918929,MH-001_C3,train,cnn_test,0,0,0,0.036825474
17899,MH-001_2024_R026_C029,MH-001,Gondkhari,2024,26,29,21.174863,78.920546,MH-001_C4,train,cnn_test,0,0,0,0.0057971897
17900,MH-001_2024_R026_C030,MH-001,Gondkhari,2024,26,30,21.174863,78.920816,MH-001_C4,train,cnn_test,0,0,0,0.003996323
17901,MH-001_2024_R026_C031,MH-001,Gondkhari,2024,26,31,21.174863,78.921085,MH-001_C4,train,cnn_test,0,0,0,0.01003882
17902,MH-001_2024_R026_C032,MH-001,Gondkhari,2024,26,32,21.174863,78.921355,MH-001_C4,train,cnn_test,0,0,0,0.08343284
17903,MH-001_2024_R026_C033,MH-001,Gondkhari,2024,26,33,21.174863,78.921624,MH-001_C5,train,cnn_test,0,0,1,0.40808213
17904,MH-001_2024_R026_C034,MH-001,Gondkhari,2024,26,34,21.174863,78.921894,MH-001_C5,train,cnn_test,0,0,1,0.4763693
17905,MH-001_2024_R026_C037,MH-001,Gondkhari,2024,26,37,21.174863,78.922702,MH-001_C5,train,cnn_test,1,0,0,0.09832792
17906,MH-001_2024_R026_C038,MH-001,Gondkhari,2024,26,38,21.174863,78.922972,MH-001_C5,train,cnn_test,0,0,1,0.13095114
17907,MH-001_2024_R026_C039,MH-001,Gondkhari,2024,26,39,21.174863,78.923241,MH-001_C5,train,cnn_test,0,0,0,0.053404197
17908,MH-001_2024_R026_C040,MH-001,Gondkhari,2024,26,40,21.174863,78.92351,MH-001_C6,train,cnn_test,0,0,0,0.03204275
17909,MH-001_2024_R026_C041,MH-001,Gondkhari,2024,26,41,21.174863,78.92378,MH-001_C6,train,cnn_test,0,0,0,0.029076228
17910,MH-001_2024_R026_C042,MH-001,Gondkhari,2024,26,42,21.174863,78.924049,MH-001_C6,train,cnn_test,0,0,0,0.031467784
17911,MH-001_2024_R026_C043,MH-001,Gondkhari,2024,26,43,21.174863,78.924319,MH-001_C6,train,cnn_test,0,0,0,0.026598908
17912,MH-001_2024_R026_C044,MH-001,Gondkhari,2024,26,44,21.174863,78.924588,MH-001_C6,train,cnn_test,0,0,0,0.015446054
17913,MH-001_2024_R026_C048,MH-001,Gondkhari,2024,26,48,21.174863,78.925666,MH-001_C7,train,cnn_test,0,0,0,0.0010038882
17914,MH-001_2024_R026_C051,MH-001,Gondkhari,2024,26,51,21.174863,78.926475,MH-001_C7,train,cnn_test,0,0,0,0.0027083547
17915,MH-001_2024_R027_C012,MH-001,Gondkhari,2024,27,12,21.174594,78.915965,MH-001_C1,train,cnn_test,0,0,0,0.002321523
17916,MH-001_2024_R027_C013,MH-001,Gondkhari,2024,27,13,21.174594,78.916234,MH-001_C1,train,cnn_test,1,0,0,0.0017220867
17917,MH-001_2024_R027_C014,MH-001,Gondkhari,2024,27,14,21.174594,78.916504,MH-001_C2,train,cnn_test,2,1,0,0.0028725266
17918,MH-001_2024_R027_C015,MH-001,Gondkhari,2024,27,15,21.174594,78.916773,MH-001_C2,train,cnn_test,1,0,0,0.012948295
17919,MH-001_2024_R027_C016,MH-001,Gondkhari,2024,27,16,21.174594,78.917043,MH-001_C2,train,cnn_test,1,0,0,0.03218422
17920,MH-001_2024_R027_C017,MH-001,Gondkhari,2024,27,17,21.174594,78.917312,MH-001_C2,train,cnn_test,1,0,0,0.015813233
17921,MH-001_2024_R027_C018,MH-001,Gondkhari,2024,27,18,21.174594,78.917582,MH-001_C2,train,cnn_test,1,0,0,0.0150832925
17922,MH-001_2024_R027_C019,MH-001,Gondkhari,2024,27,19,21.174594,78.917851,MH-001_C2,train,cnn_test,1,0,1,0.12387048
17923,MH-001_2024_R027_C021,MH-001,Gondkhari,2024,27,21,21.174594,78.91839,MH-001_C3,train,cnn_test,0,0,1,0.15491785
17924,MH-001_2024_R027_C022,MH-001,Gondkhari,2024,27,22,21.174594,78.91866,MH-001_C3,train,cnn_test,0,0,0,0.021989312
17925,MH-001_2024_R027_C023,MH-001,Gondkhari,2024,27,23,21.174594,78.918929,MH-001_C3,train,cnn_test,0,0,0,0.04916381
17926,MH-001_2024_R027_C024,MH-001,Gondkhari,2024,27,24,21.174594,78.919199,MH-001_C3,train,cnn_test,0,0,0,0.092642434
17927,MH-001_2024_R027_C025,MH-001,Gondkhari,2024,27,25,21.174594,78.919468,MH-001_C3,train,cnn_test,1,0,1,0.15173277
17928,MH-001_2024_R027_C026,MH-001,Gondkhari,2024,27,26,21.174594,78.919738,MH-001_C3,train,cnn_test,1,0,1,0.34329015
17929,MH-001_2024_R027_C027,MH-001,Gondkhari,2024,27,27,21.174594,78.920007,MH-001_C4,train,cnn_test,1,0,1,0.33203357
17930,MH-001_2024_R027_C028,MH-001,Gondkhari,2024,27,28,21.174594,78.920277,MH-001_C4,train,cnn_test,0,0,1,0.12798896
17931,MH-001_2024_R027_C029,MH-001,Gondkhari,2024,27,29,21.174594,78.920546,MH-001_C4,train,cnn_test,0,0,0,0.010252467
17932,MH-001_2024_R027_C030,MH-001,Gondkhari,2024,27,30,21.174594,78.920816,MH-001_C4,train,cnn_test,2,1,0,0.014580654
17933,MH-001_2024_R027_C031,MH-001,Gondkhari,2024,27,31,21.174594,78.921085,MH-001_C4,train,cnn_test,0,0,0,0.015949396
17934,MH-001_2024_R027_C032,MH-001,Gondkhari,2024,27,32,21.174594,78.921355,MH-001_C4,train,cnn_test,1,0,0,0.07582095
17935,MH-001_2024_R027_C033,MH-001,Gondkhari,2024,27,33,21.174594,78.921624,MH-001_C5,train,cnn_test,1,0,1,0.45670646
17936,MH-001_2024_R027_C034,MH-001,Gondkhari,2024,27,34,21.174594,78.921894,MH-001_C5,train,cnn_test,0,0,1,0.7286713
17937,MH-001_2024_R027_C035,MH-001,Gondkhari,2024,27,35,21.174594,78.922163,MH-001_C5,train,cnn_test,0,0,1,0.5967548
17938,MH-001_2024_R027_C036,MH-001,Gondkhari,2024,27,36,21.174594,78.922433,MH-001_C5,train,cnn_test,0,0,1,0.27055538
17939,MH-001_2024_R027_C038,MH-001,Gondkhari,2024,27,38,21.174594,78.922972,MH-001_C5,train,cnn_test,1,0,1,0.19585699
17940,MH-001_2024_R027_C039,MH-001,Gondkhari,2024,27,39,21.174594,78.923241,MH-001_C5,train,cnn_test,1,0,0,0.055327076
17941,MH-001_2024_R027_C040,MH-001,Gondkhari,2024,27,40,21.174594,78.92351,MH-001_C6,train,cnn_test,1,0,0,0.028738966
17942,MH-001_2024_R027_C041,MH-001,Gondkhari,2024,27,41,21.174594,78.92378,MH-001_C6,train,cnn_test,0,0,0,0.06136601
17943,MH-001_2024_R027_C042,MH-001,Gondkhari,2024,27,42,21.174594,78.924049,MH-001_C6,train,cnn_test,0,0,0,0.008087427
17944,MH-001_2024_R027_C045,MH-001,Gondkhari,2024,27,45,21.174594,78.924858,MH-001_C6,train,cnn_test,0,0,0,0.0011634456
17945,MH-001_2024_R027_C046,MH-001,Gondkhari,2024,27,46,21.174594,78.925127,MH-001_C7,train,cnn_test,0,0,0,0.0004966299
17946,MH-001_2024_R027_C047,MH-001,Gondkhari,2024,27,47,21.174594,78.925397,MH-001_C7,train,cnn_test,0,0,0,0.0020494119
17947,MH-001_2024_R027_C048,MH-001,Gondkhari,2024,27,48,21.174594,78.925666,MH-001_C7,train,cnn_test,0,0,0,0.0009274765
17948,MH-001_2024_R027_C049,MH-001,Gondkhari,2024,27,49,21.174594,78.925936,MH-001_C7,train,cnn_test,0,0,0,0.0012659379
17949,MH-001_2024_R027_C050,MH-001,Gondkhari,2024,27,50,21.174594,78.926205,MH-001_C7,train,cnn_test,0,0,0,0.0008928014
17950,MH-001_2024_R027_C051,MH-001,Gondkhari,2024,27,51,21.174594,78.926475,MH-001_C7,train,cnn_test,0,0,0,0.02360614
17951,MH-001_2024_R028_C013,MH-001,Gondkhari,2024,28,13,21.174324,78.916234,MH-001_C1,train,cnn_test,0,0,0,0.004569184
17952,MH-001_2024_R028_C014,MH-001,Gondkhari,2024,28,14,21.174324,78.916504,MH-001_C2,train,cnn_test,1,0,0,0.0034885858
17953,MH-001_2024_R028_C015,MH-001,Gondkhari,2024,28,15,21.174324,78.916773,MH-001_C2,train,cnn_test,1,0,0,0.0052331043
17954,MH-001_2024_R028_C016,MH-001,Gondkhari,2024,28,16,21.174324,78.917043,MH-001_C2,train,cnn_test,1,0,0,0.007584463
17955,MH-001_2024_R028_C017,MH-001,Gondkhari,2024,28,17,21.174324,78.917312,MH-001_C2,train,cnn_test,1,0,0,0.005927919
17956,MH-001_2024_R028_C018,MH-001,Gondkhari,2024,28,18,21.174324,78.917582,MH-001_C2,train,cnn_test,1,0,0,0.007122929
17957,MH-001_2024_R028_C019,MH-001,Gondkhari,2024,28,19,21.174324,78.917851,MH-001_C2,train,cnn_test,1,0,0,0.04178246
17958,MH-001_2024_R028_C020,MH-001,Gondkhari,2024,28,20,21.174324,78.918121,MH-001_C2,train,cnn_test,0,0,0,0.047225967
17959,MH-001_2024_R028_C021,MH-001,Gondkhari,2024,28,21,21.174324,78.91839,MH-001_C3,train,cnn_test,0,0,0,0.056290284
17960,MH-001_2024_R028_C022,MH-001,Gondkhari,2024,28,22,21.174324,78.91866,MH-001_C3,train,cnn_test,0,0,0,0.0112625
17961,MH-001_2024_R028_C023,MH-001,Gondkhari,2024,28,23,21.174324,78.918929,MH-001_C3,train,cnn_test,0,0,0,0.043730397
17962,MH-001_2024_R028_C024,MH-001,Gondkhari,2024,28,24,21.174324,78.919199,MH-001_C3,train,cnn_test,0,0,1,0.18766259
17963,MH-001_2024_R028_C025,MH-001,Gondkhari,2024,28,25,21.174324,78.919468,MH-001_C3,train,cnn_test,0,0,1,0.13379885
17964,MH-001_2024_R028_C026,MH-001,Gondkhari,2024,28,26,21.174324,78.919738,MH-001_C3,train,cnn_test,0,0,1,0.5989296
17965,MH-001_2024_R028_C027,MH-001,Gondkhari,2024,28,27,21.174324,78.920007,MH-001_C4,train,cnn_test,1,0,1,0.40254524
17966,MH-001_2024_R028_C028,MH-001,Gondkhari,2024,28,28,21.174324,78.920277,MH-001_C4,train,cnn_test,0,0,1,0.59301996
17967,MH-001_2024_R028_C029,MH-001,Gondkhari,2024,28,29,21.174324,78.920546,MH-001_C4,train,cnn_test,2,1,0,0.08452647
17968,MH-001_2024_R028_C030,MH-001,Gondkhari,2024,28,30,21.174324,78.920816,MH-001_C4,train,cnn_test,2,1,1,0.1160604
17969,MH-001_2024_R028_C031,MH-001,Gondkhari,2024,28,31,21.174324,78.921085,MH-001_C4,train,cnn_test,2,1,0,0.04973935
17970,MH-001_2024_R028_C032,MH-001,Gondkhari,2024,28,32,21.174324,78.921355,MH-001_C4,train,cnn_test,2,1,1,0.4370071
17971,MH-001_2024_R028_C033,MH-001,Gondkhari,2024,28,33,21.174324,78.921624,MH-001_C5,train,cnn_test,2,1,1,0.8312631
17972,MH-001_2024_R028_C034,MH-001,Gondkhari,2024,28,34,21.174324,78.921894,MH-001_C5,train,cnn_test,0,0,1,0.89687794
17973,MH-001_2024_R028_C035,MH-001,Gondkhari,2024,28,35,21.174324,78.922163,MH-001_C5,train,cnn_test,0,0,1,0.5856821
17974,MH-001_2024_R028_C036,MH-001,Gondkhari,2024,28,36,21.174324,78.922433,MH-001_C5,train,cnn_test,0,0,1,0.42318404
17975,MH-001_2024_R028_C037,MH-001,Gondkhari,2024,28,37,21.174324,78.922702,MH-001_C5,train,cnn_test,0,0,1,0.1508039
17976,MH-001_2024_R028_C038,MH-001,Gondkhari,2024,28,38,21.174324,78.922972,MH-001_C5,train,cnn_test,0,0,1,0.12911887
17977,MH-001_2024_R028_C040,MH-001,Gondkhari,2024,28,40,21.174324,78.92351,MH-001_C6,train,cnn_test,1,0,0,0.05266442
17978,MH-001_2024_R028_C043,MH-001,Gondkhari,2024,28,43,21.174324,78.924319,MH-001_C6,train,cnn_test,0,0,0,0.0150894495
17979,MH-001_2024_R028_C044,MH-001,Gondkhari,2024,28,44,21.174324,78.924588,MH-001_C6,train,cnn_test,0,0,0,0.0078669535
17980,MH-001_2024_R028_C045,MH-001,Gondkhari,2024,28,45,21.174324,78.924858,MH-001_C6,train,cnn_test,0,0,0,0.004434399
17981,MH-001_2024_R028_C046,MH-001,Gondkhari,2024,28,46,21.174324,78.925127,MH-001_C7,train,cnn_test,1,0,0,0.0009692509
17982,MH-001_2024_R028_C047,MH-001,Gondkhari,2024,28,47,21.174324,78.925397,MH-001_C7,train,cnn_test,0,0,0,0.0022604784
17983,MH-001_2024_R028_C048,MH-001,Gondkhari,2024,28,48,21.174324,78.925666,MH-001_C7,train,cnn_test,0,0,0,0.0010020589
17984,MH-001_2024_R028_C049,MH-001,Gondkhari,2024,28,49,21.174324,78.925936,MH-001_C7,train,cnn_test,0,0,0,0.0020475287
17985,MH-001_2024_R028_C050,MH-001,Gondkhari,2024,28,50,21.174324,78.926205,MH-001_C7,train,cnn_test,0,0,0,0.00092002604
17986,MH-001_2024_R028_C051,MH-001,Gondkhari,2024,28,51,21.174324,78.926475,MH-001_C7,train,cnn_test,0,0,0,0.0058184643
17987,MH-001_2024_R029_C013,MH-001,Gondkhari,2024,29,13,21.174055,78.916234,MH-001_C1,train,cnn_test,0,0,0,0.008578593
17988,MH-001_2024_R029_C014,MH-001,Gondkhari,2024,29,14,21.174055,78.916504,MH-001_C2,train,cnn_test,1,0,0,0.012016671
17989,MH-001_2024_R029_C015,MH-001,Gondkhari,2024,29,15,21.174055,78.916773,MH-001_C2,train,cnn_test,1,0,0,0.026109757
17990,MH-001_2024_R029_C016,MH-001,Gondkhari,2024,29,16,21.174055,78.917043,MH-001_C2,train,cnn_test,2,1,0,0.093459755
17991,MH-001_2024_R029_C017,MH-001,Gondkhari,2024,29,17,21.174055,78.917312,MH-001_C2,train,cnn_test,2,1,0,0.053368147
17992,MH-001_2024_R029_C019,MH-001,Gondkhari,2024,29,19,21.174055,78.917851,MH-001_C2,train,cnn_test,0,0,1,0.5132993
17993,MH-001_2024_R029_C020,MH-001,Gondkhari,2024,29,20,21.174055,78.918121,MH-001_C2,train,cnn_test,0,0,1,0.43383825
17994,MH-001_2024_R029_C021,MH-001,Gondkhari,2024,29,21,21.174055,78.91839,MH-001_C3,train,cnn_test,1,0,1,0.49379247
17995,MH-001_2024_R029_C024,MH-001,Gondkhari,2024,29,24,21.174055,78.919199,MH-001_C3,train,cnn_test,0,0,1,0.4810841
17996,MH-001_2024_R029_C025,MH-001,Gondkhari,2024,29,25,21.174055,78.919468,MH-001_C3,train,cnn_test,0,0,1,0.7673967
17997,MH-001_2024_R029_C026,MH-001,Gondkhari,2024,29,26,21.174055,78.919738,MH-001_C3,train,cnn_test,1,0,1,0.86132944
17998,MH-001_2024_R029_C027,MH-001,Gondkhari,2024,29,27,21.174055,78.920007,MH-001_C4,train,cnn_test,0,0,1,0.7745694
17999,MH-001_2024_R029_C028,MH-001,Gondkhari,2024,29,28,21.174055,78.920277,MH-001_C4,train,cnn_test,0,0,1,0.6679177
18000,MH-001_2024_R029_C029,MH-001,Gondkhari,2024,29,29,21.174055,78.920546,MH-001_C4,train,cnn_test,0,0,1,0.14515358
18001,MH-001_2024_R029_C030,MH-001,Gondkhari,2024,29,30,21.174055,78.920816,MH-001_C4,train,cnn_test,0,0,1,0.19985686
18002,MH-001_2024_R029_C031,MH-001,Gondkhari,2024,29,31,21.174055,78.921085,MH-001_C4,train,cnn_test,0,0,0,0.04466093
18003,MH-001_2024_R029_C032,MH-001,Gondkhari,2024,29,32,21.174055,78.921355,MH-001_C4,train,cnn_test,0,0,1,0.14130934
18004,MH-001_2024_R029_C033,MH-001,Gondkhari,2024,29,33,21.174055,78.921624,MH-001_C5,train,cnn_test,0,0,1,0.37397075
18005,MH-001_2024_R029_C034,MH-001,Gondkhari,2024,29,34,21.174055,78.921894,MH-001_C5,train,cnn_test,0,0,1,0.8020732
18006,MH-001_2024_R029_C035,MH-001,Gondkhari,2024,29,35,21.174055,78.922163,MH-001_C5,train,cnn_test,0,0,1,0.640051
18007,MH-001_2024_R029_C036,MH-001,Gondkhari,2024,29,36,21.174055,78.922433,MH-001_C5,train,cnn_test,0,0,1,0.27894583
18008,MH-001_2024_R029_C037,MH-001,Gondkhari,2024,29,37,21.174055,78.922702,MH-001_C5,train,cnn_test,0,0,1,0.17381534
18009,MH-001_2024_R029_C038,MH-001,Gondkhari,2024,29,38,21.174055,78.922972,MH-001_C5,train,cnn_test,1,0,1,0.27348155
18010,MH-001_2024_R029_C039,MH-001,Gondkhari,2024,29,39,21.174055,78.923241,MH-001_C5,train,cnn_test,1,0,1,0.20876311
18011,MH-001_2024_R029_C040,MH-001,Gondkhari,2024,29,40,21.174055,78.92351,MH-001_C6,train,cnn_test,1,0,1,0.12315374
18012,MH-001_2024_R029_C041,MH-001,Gondkhari,2024,29,41,21.174055,78.92378,MH-001_C6,train,cnn_test,0,0,1,0.16293646
18013,MH-001_2024_R029_C042,MH-001,Gondkhari,2024,29,42,21.174055,78.924049,MH-001_C6,train,cnn_test,0,0,0,0.027547518
18014,MH-001_2024_R029_C043,MH-001,Gondkhari,2024,29,43,21.174055,78.924319,MH-001_C6,train,cnn_test,0,0,0,0.007300141
18015,MH-001_2024_R029_C044,MH-001,Gondkhari,2024,29,44,21.174055,78.924588,MH-001_C6,train,cnn_test,0,0,0,0.0012451439
18016,MH-001_2024_R029_C045,MH-001,Gondkhari,2024,29,45,21.174055,78.924858,MH-001_C6,train,cnn_test,0,0,0,0.0015118367
18017,MH-001_2024_R029_C046,MH-001,Gondkhari,2024,29,46,21.174055,78.925127,MH-001_C7,train,cnn_test,1,0,0,0.00087481306
18018,MH-001_2024_R029_C047,MH-001,Gondkhari,2024,29,47,21.174055,78.925397,MH-001_C7,train,cnn_test,1,0,0,0.0030952133
18019,MH-001_2024_R029_C048,MH-001,Gondkhari,2024,29,48,21.174055,78.925666,MH-001_C7,train,cnn_test,0,0,0,0.0026648662
18020,MH-001_2024_R029_C049,MH-001,Gondkhari,2024,29,49,21.174055,78.925936,MH-001_C7,train,cnn_test,0,0,0,0.0057310155
18021,MH-001_2024_R029_C050,MH-001,Gondkhari,2024,29,50,21.174055,78.926205,MH-001_C7,train,cnn_test,0,0,0,0.006605285
18022,MH-001_2024_R029_C051,MH-001,Gondkhari,2024,29,51,21.174055,78.926475,MH-001_C7,train,cnn_test,0,0,0,0.029741718
18023,MH-001_2024_R030_C014,MH-001,Gondkhari,2024,30,14,21.173785,78.916504,MH-001_C2,train,cnn_test,0,0,0,0.009584779
18024,MH-001_2024_R030_C015,MH-001,Gondkhari,2024,30,15,21.173785,78.916773,MH-001_C2,train,cnn_test,1,0,0,0.02950044
18025,MH-001_2024_R030_C018,MH-001,Gondkhari,2024,30,18,21.173785,78.917582,MH-001_C2,train,cnn_test,0,0,1,0.1245785
18026,MH-001_2024_R030_C019,MH-001,Gondkhari,2024,30,19,21.173785,78.917851,MH-001_C2,train,cnn_test,0,0,1,0.38437548
18027,MH-001_2024_R030_C020,MH-001,Gondkhari,2024,30,20,21.173785,78.918121,MH-001_C2,train,cnn_test,0,0,1,0.3577328
18028,MH-001_2024_R030_C021,MH-001,Gondkhari,2024,30,21,21.173785,78.91839,MH-001_C3,train,cnn_test,0,0,1,0.3605178
18029,MH-001_2024_R030_C022,MH-001,Gondkhari,2024,30,22,21.173785,78.91866,MH-001_C3,train,cnn_test,0,0,0,0.0812413
18030,MH-001_2024_R030_C023,MH-001,Gondkhari,2024,30,23,21.173785,78.918929,MH-001_C3,train,cnn_test,0,0,1,0.31063125
18031,MH-001_2024_R030_C024,MH-001,Gondkhari,2024,30,24,21.173785,78.919199,MH-001_C3,train,cnn_test,0,0,1,0.55716944
18032,MH-001_2024_R030_C027,MH-001,Gondkhari,2024,30,27,21.173785,78.920007,MH-001_C4,train,cnn_test,1,0,1,0.62522584
18033,MH-001_2024_R030_C028,MH-001,Gondkhari,2024,30,28,21.173785,78.920277,MH-001_C4,train,cnn_test,0,0,1,0.6857522
18034,MH-001_2024_R030_C029,MH-001,Gondkhari,2024,30,29,21.173785,78.920546,MH-001_C4,train,cnn_test,0,0,1,0.39913547
18035,MH-001_2024_R030_C031,MH-001,Gondkhari,2024,30,31,21.173785,78.921085,MH-001_C4,train,cnn_test,0,0,1,0.25749716
18036,MH-001_2024_R030_C032,MH-001,Gondkhari,2024,30,32,21.173785,78.921355,MH-001_C4,train,cnn_test,0,0,1,0.66662747
18037,MH-001_2024_R030_C033,MH-001,Gondkhari,2024,30,33,21.173785,78.921624,MH-001_C5,train,cnn_test,0,0,1,0.894206
18038,MH-001_2024_R030_C034,MH-001,Gondkhari,2024,30,34,21.173785,78.921894,MH-001_C5,train,cnn_test,0,0,1,0.9127938
18039,MH-001_2024_R030_C035,MH-001,Gondkhari,2024,30,35,21.173785,78.922163,MH-001_C5,train,cnn_test,0,0,1,0.7927643
18040,MH-001_2024_R030_C036,MH-001,Gondkhari,2024,30,36,21.173785,78.922433,MH-001_C5,train,cnn_test,0,0,1,0.5792259
18041,MH-001_2024_R030_C037,MH-001,Gondkhari,2024,30,37,21.173785,78.922702,MH-001_C5,train,cnn_test,0,0,1,0.5212959
18042,MH-001_2024_R030_C038,MH-001,Gondkhari,2024,30,38,21.173785,78.922972,MH-001_C5,train,cnn_test,0,0,1,0.3819494
18043,MH-001_2024_R030_C039,MH-001,Gondkhari,2024,30,39,21.173785,78.923241,MH-001_C5,train,cnn_test,0,0,1,0.48986244
18044,MH-001_2024_R030_C040,MH-001,Gondkhari,2024,30,40,21.173785,78.92351,MH-001_C6,train,cnn_test,0,0,1,0.17363527
18045,MH-001_2024_R030_C041,MH-001,Gondkhari,2024,30,41,21.173785,78.92378,MH-001_C6,train,cnn_test,0,0,1,0.11403695
18046,MH-001_2024_R030_C042,MH-001,Gondkhari,2024,30,42,21.173785,78.924049,MH-001_C6,train,cnn_test,0,0,0,0.07606997
18047,MH-001_2024_R030_C043,MH-001,Gondkhari,2024,30,43,21.173785,78.924319,MH-001_C6,train,cnn_test,0,0,0,0.022657491
18048,MH-001_2024_R030_C044,MH-001,Gondkhari,2024,30,44,21.173785,78.924588,MH-001_C6,train,cnn_test,0,0,0,0.011814311
18049,MH-001_2024_R030_C045,MH-001,Gondkhari,2024,30,45,21.173785,78.924858,MH-001_C6,train,cnn_test,2,1,0,0.004853922
18050,MH-001_2024_R030_C046,MH-001,Gondkhari,2024,30,46,21.173785,78.925127,MH-001_C7,train,cnn_test,0,0,0,0.0021782191
18051,MH-001_2024_R030_C047,MH-001,Gondkhari,2024,30,47,21.173785,78.925397,MH-001_C7,train,cnn_test,0,0,0,0.004685566
18052,MH-001_2024_R030_C048,MH-001,Gondkhari,2024,30,48,21.173785,78.925666,MH-001_C7,train,cnn_test,0,0,0,0.0025321722
18053,MH-001_2024_R030_C049,MH-001,Gondkhari,2024,30,49,21.173785,78.925936,MH-001_C7,train,cnn_test,0,0,0,0.0041015455
18054,MH-001_2024_R030_C050,MH-001,Gondkhari,2024,30,50,21.173785,78.926205,MH-001_C7,train,cnn_test,0,0,0,0.0035573721
18055,MH-001_2024_R030_C051,MH-001,Gondkhari,2024,30,51,21.173785,78.926475,MH-001_C7,train,cnn_test,0,0,0,0.015543722
23008,MH-001_2025_R007_C007,MH-001,Gondkhari,2025,7,7,21.179984,78.914617,MH-001_C0,train,cnn_test,2,1,0,0.058874816
23009,MH-001_2025_R007_C008,MH-001,Gondkhari,2025,7,8,21.179984,78.914887,MH-001_C1,train,cnn_test,1,0,0,0.05442393
23010,MH-001_2025_R007_C009,MH-001,Gondkhari,2025,7,9,21.179984,78.915156,MH-001_C1,train,cnn_test,0,0,1,0.29961178
23011,MH-001_2025_R007_C010,MH-001,Gondkhari,2025,7,10,21.179984,78.915426,MH-001_C1,train,cnn_test,0,0,0,0.0141601795
23012,MH-001_2025_R007_C013,MH-001,Gondkhari,2025,7,13,21.179984,78.916234,MH-001_C1,train,cnn_test,1,0,1,0.25072393
23013,MH-001_2025_R007_C014,MH-001,Gondkhari,2025,7,14,21.179984,78.916504,MH-001_C2,train,cnn_test,1,0,1,0.1465438
23014,MH-001_2025_R007_C016,MH-001,Gondkhari,2025,7,16,21.179984,78.917043,MH-001_C2,train,cnn_test,1,0,1,0.37985677
23015,MH-001_2025_R007_C017,MH-001,Gondkhari,2025,7,17,21.179984,78.917312,MH-001_C2,train,cnn_test,1,0,1,0.6202358
23016,MH-001_2025_R007_C018,MH-001,Gondkhari,2025,7,18,21.179984,78.917582,MH-001_C2,train,cnn_test,0,0,1,0.78762144
23017,MH-001_2025_R007_C019,MH-001,Gondkhari,2025,7,19,21.179984,78.917851,MH-001_C2,train,cnn_test,2,1,1,0.64569396
23018,MH-001_2025_R007_C020,MH-001,Gondkhari,2025,7,20,21.179984,78.918121,MH-001_C2,train,cnn_test,2,1,1,0.7976271
23019,MH-001_2025_R007_C021,MH-001,Gondkhari,2025,7,21,21.179984,78.91839,MH-001_C3,train,cnn_test,1,0,0,0.07450858
23020,MH-001_2025_R007_C022,MH-001,Gondkhari,2025,7,22,21.179984,78.91866,MH-001_C3,train,cnn_test,1,0,1,0.4360524
23021,MH-001_2025_R007_C023,MH-001,Gondkhari,2025,7,23,21.179984,78.918929,MH-001_C3,train,cnn_test,1,0,0,0.09906513
23022,MH-001_2025_R007_C024,MH-001,Gondkhari,2025,7,24,21.179984,78.919199,MH-001_C3,train,cnn_test,1,0,1,0.17188236
23023,MH-001_2025_R007_C025,MH-001,Gondkhari,2025,7,25,21.179984,78.919468,MH-001_C3,train,cnn_test,1,0,1,0.36977345
23024,MH-001_2025_R007_C026,MH-001,Gondkhari,2025,7,26,21.179984,78.919738,MH-001_C3,train,cnn_test,1,0,1,0.83983433
23025,MH-001_2025_R007_C027,MH-001,Gondkhari,2025,7,27,21.179984,78.920007,MH-001_C4,train,cnn_test,0,0,1,0.84479904
23026,MH-001_2025_R007_C028,MH-001,Gondkhari,2025,7,28,21.179984,78.920277,MH-001_C4,train,cnn_test,0,0,1,0.89471567
23027,MH-001_2025_R007_C029,MH-001,Gondkhari,2025,7,29,21.179984,78.920546,MH-001_C4,train,cnn_test,2,1,1,0.41929948
23028,MH-001_2025_R007_C030,MH-001,Gondkhari,2025,7,30,21.179984,78.920816,MH-001_C4,train,cnn_test,2,1,0,0.065256424
23029,MH-001_2025_R007_C031,MH-001,Gondkhari,2025,7,31,21.179984,78.921085,MH-001_C4,train,cnn_test,2,1,1,0.5582049
23030,MH-001_2025_R007_C032,MH-001,Gondkhari,2025,7,32,21.179984,78.921355,MH-001_C4,train,cnn_test,2,1,1,0.4180909
23031,MH-001_2025_R007_C033,MH-001,Gondkhari,2025,7,33,21.179984,78.921624,MH-001_C5,train,cnn_test,1,0,1,0.65928876
23032,MH-001_2025_R007_C034,MH-001,Gondkhari,2025,7,34,21.179984,78.921894,MH-001_C5,train,cnn_test,1,0,1,0.5785943
23033,MH-001_2025_R007_C035,MH-001,Gondkhari,2025,7,35,21.179984,78.922163,MH-001_C5,train,cnn_test,3,1,1,0.7861327
23034,MH-001_2025_R007_C037,MH-001,Gondkhari,2025,7,37,21.179984,78.922702,MH-001_C5,train,cnn_test,0,0,1,0.75498253
23035,MH-001_2025_R007_C039,MH-001,Gondkhari,2025,7,39,21.179984,78.923241,MH-001_C5,train,cnn_test,0,0,1,0.5813217
23036,MH-001_2025_R007_C040,MH-001,Gondkhari,2025,7,40,21.179984,78.92351,MH-001_C6,train,cnn_test,1,0,1,0.6183639
23037,MH-001_2025_R007_C041,MH-001,Gondkhari,2025,7,41,21.179984,78.92378,MH-001_C6,train,cnn_test,2,1,1,0.9217647
23038,MH-001_2025_R007_C043,MH-001,Gondkhari,2025,7,43,21.179984,78.924319,MH-001_C6,train,cnn_test,0,0,1,0.9078539
23039,MH-001_2025_R007_C044,MH-001,Gondkhari,2025,7,44,21.179984,78.924588,MH-001_C6,train,cnn_test,0,0,1,0.94340575
23040,MH-001_2025_R008_C007,MH-001,Gondkhari,2025,8,7,21.179714,78.914617,MH-001_C0,train,cnn_test,1,0,0,0.024488265
23041,MH-001_2025_R008_C008,MH-001,Gondkhari,2025,8,8,21.179714,78.914887,MH-001_C1,train,cnn_test,1,0,0,0.013220831
23042,MH-001_2025_R008_C009,MH-001,Gondkhari,2025,8,9,21.179714,78.915156,MH-001_C1,train,cnn_test,1,0,0,0.054447994
23043,MH-001_2025_R008_C011,MH-001,Gondkhari,2025,8,11,21.179714,78.915695,MH-001_C1,train,cnn_test,0,0,0,0.018884225
23044,MH-001_2025_R008_C017,MH-001,Gondkhari,2025,8,17,21.179714,78.917312,MH-001_C2,train,cnn_test,1,0,1,0.77691835
23045,MH-001_2025_R008_C018,MH-001,Gondkhari,2025,8,18,21.179714,78.917582,MH-001_C2,train,cnn_test,0,0,1,0.8737254
23046,MH-001_2025_R008_C019,MH-001,Gondkhari,2025,8,19,21.179714,78.917851,MH-001_C2,train,cnn_test,2,1,1,0.8226323
23047,MH-001_2025_R008_C020,MH-001,Gondkhari,2025,8,20,21.179714,78.918121,MH-001_C2,train,cnn_test,0,0,1,0.8824084
23048,MH-001_2025_R008_C021,MH-001,Gondkhari,2025,8,21,21.179714,78.91839,MH-001_C3,train,cnn_test,2,1,1,0.42259896
23049,MH-001_2025_R008_C022,MH-001,Gondkhari,2025,8,22,21.179714,78.91866,MH-001_C3,train,cnn_test,2,1,1,0.86061907
23050,MH-001_2025_R008_C023,MH-001,Gondkhari,2025,8,23,21.179714,78.918929,MH-001_C3,train,cnn_test,2,1,1,0.6032035
23051,MH-001_2025_R008_C024,MH-001,Gondkhari,2025,8,24,21.179714,78.919199,MH-001_C3,train,cnn_test,2,1,1,0.40885663
23052,MH-001_2025_R008_C025,MH-001,Gondkhari,2025,8,25,21.179714,78.919468,MH-001_C3,train,cnn_test,2,1,1,0.6218449
23053,MH-001_2025_R008_C027,MH-001,Gondkhari,2025,8,27,21.179714,78.920007,MH-001_C4,train,cnn_test,1,0,1,0.8133103
23054,MH-001_2025_R008_C028,MH-001,Gondkhari,2025,8,28,21.179714,78.920277,MH-001_C4,train,cnn_test,0,0,1,0.8736727
23055,MH-001_2025_R008_C029,MH-001,Gondkhari,2025,8,29,21.179714,78.920546,MH-001_C4,train,cnn_test,2,1,1,0.3376653
23056,MH-001_2025_R008_C030,MH-001,Gondkhari,2025,8,30,21.179714,78.920816,MH-001_C4,train,cnn_test,3,1,1,0.10895977
23057,MH-001_2025_R008_C031,MH-001,Gondkhari,2025,8,31,21.179714,78.921085,MH-001_C4,train,cnn_test,2,1,1,0.4469068
23058,MH-001_2025_R008_C032,MH-001,Gondkhari,2025,8,32,21.179714,78.921355,MH-001_C4,train,cnn_test,1,0,1,0.36303547
23059,MH-001_2025_R008_C033,MH-001,Gondkhari,2025,8,33,21.179714,78.921624,MH-001_C5,train,cnn_test,2,1,1,0.37943444
23060,MH-001_2025_R008_C034,MH-001,Gondkhari,2025,8,34,21.179714,78.921894,MH-001_C5,train,cnn_test,2,1,1,0.67271554
23061,MH-001_2025_R008_C035,MH-001,Gondkhari,2025,8,35,21.179714,78.922163,MH-001_C5,train,cnn_test,3,1,1,0.7179898
23062,MH-001_2025_R008_C037,MH-001,Gondkhari,2025,8,37,21.179714,78.922702,MH-001_C5,train,cnn_test,2,1,1,0.52295727
23063,MH-001_2025_R008_C038,MH-001,Gondkhari,2025,8,38,21.179714,78.922972,MH-001_C5,train,cnn_test,1,0,1,0.2678358
23064,MH-001_2025_R008_C040,MH-001,Gondkhari,2025,8,40,21.179714,78.92351,MH-001_C6,train,cnn_test,0,0,1,0.68018633
23065,MH-001_2025_R008_C042,MH-001,Gondkhari,2025,8,42,21.179714,78.924049,MH-001_C6,train,cnn_test,0,0,1,0.80173934
23066,MH-001_2025_R008_C043,MH-001,Gondkhari,2025,8,43,21.179714,78.924319,MH-001_C6,train,cnn_test,1,0,1,0.78983426
23067,MH-001_2025_R008_C044,MH-001,Gondkhari,2025,8,44,21.179714,78.924588,MH-001_C6,train,cnn_test,2,1,1,0.85761136
23068,MH-001_2025_R008_C046,MH-001,Gondkhari,2025,8,46,21.179714,78.925127,MH-001_C7,train,cnn_test,0,0,1,0.95664823
23069,MH-001_2025_R009_C007,MH-001,Gondkhari,2025,9,7,21.179445,78.914617,MH-001_C0,train,cnn_test,1,0,0,0.008450967
23070,MH-001_2025_R009_C008,MH-001,Gondkhari,2025,9,8,21.179445,78.914887,MH-001_C1,train,cnn_test,1,0,0,0.0073207477
23071,MH-001_2025_R009_C009,MH-001,Gondkhari,2025,9,9,21.179445,78.915156,MH-001_C1,train,cnn_test,0,0,0,0.038544856
23072,MH-001_2025_R009_C010,MH-001,Gondkhari,2025,9,10,21.179445,78.915426,MH-001_C1,train,cnn_test,0,0,0,0.0051883687
23073,MH-001_2025_R009_C011,MH-001,Gondkhari,2025,9,11,21.179445,78.915695,MH-001_C1,train,cnn_test,0,0,0,0.058825918
23074,MH-001_2025_R009_C012,MH-001,Gondkhari,2025,9,12,21.179445,78.915965,MH-001_C1,train,cnn_test,0,0,1,0.121438384
23075,MH-001_2025_R009_C020,MH-001,Gondkhari,2025,9,20,21.179445,78.918121,MH-001_C2,train,cnn_test,1,0,1,0.9379743
23076,MH-001_2025_R009_C021,MH-001,Gondkhari,2025,9,21,21.179445,78.91839,MH-001_C3,train,cnn_test,3,1,1,0.45575705
23077,MH-001_2025_R009_C022,MH-001,Gondkhari,2025,9,22,21.179445,78.91866,MH-001_C3,train,cnn_test,2,1,1,0.7047912
23078,MH-001_2025_R009_C023,MH-001,Gondkhari,2025,9,23,21.179445,78.918929,MH-001_C3,train,cnn_test,1,0,1,0.36092973
23079,MH-001_2025_R009_C024,MH-001,Gondkhari,2025,9,24,21.179445,78.919199,MH-001_C3,train,cnn_test,2,1,1,0.14580597
23080,MH-001_2025_R009_C025,MH-001,Gondkhari,2025,9,25,21.179445,78.919468,MH-001_C3,train,cnn_test,3,1,1,0.21235262
23081,MH-001_2025_R009_C026,MH-001,Gondkhari,2025,9,26,21.179445,78.919738,MH-001_C3,train,cnn_test,2,1,1,0.6679514
23082,MH-001_2025_R009_C027,MH-001,Gondkhari,2025,9,27,21.179445,78.920007,MH-001_C4,train,cnn_test,2,1,1,0.7808387
23083,MH-001_2025_R009_C028,MH-001,Gondkhari,2025,9,28,21.179445,78.920277,MH-001_C4,train,cnn_test,0,0,1,0.8226724
23084,MH-001_2025_R009_C029,MH-001,Gondkhari,2025,9,29,21.179445,78.920546,MH-001_C4,train,cnn_test,2,1,1,0.13125396
23085,MH-001_2025_R009_C030,MH-001,Gondkhari,2025,9,30,21.179445,78.920816,MH-001_C4,train,cnn_test,3,1,0,0.020695087
23086,MH-001_2025_R009_C031,MH-001,Gondkhari,2025,9,31,21.179445,78.921085,MH-001_C4,train,cnn_test,3,1,1,0.1053821
23087,MH-001_2025_R009_C032,MH-001,Gondkhari,2025,9,32,21.179445,78.921355,MH-001_C4,train,cnn_test,2,1,0,0.072664864
23088,MH-001_2025_R009_C033,MH-001,Gondkhari,2025,9,33,21.179445,78.921624,MH-001_C5,train,cnn_test,2,1,1,0.34052482
23089,MH-001_2025_R009_C034,MH-001,Gondkhari,2025,9,34,21.179445,78.921894,MH-001_C5,train,cnn_test,2,1,1,0.29832983
23090,MH-001_2025_R009_C035,MH-001,Gondkhari,2025,9,35,21.179445,78.922163,MH-001_C5,train,cnn_test,2,1,1,0.69099855
23091,MH-001_2025_R009_C036,MH-001,Gondkhari,2025,9,36,21.179445,78.922433,MH-001_C5,train,cnn_test,2,1,1,0.38690466
23092,MH-001_2025_R009_C039,MH-001,Gondkhari,2025,9,39,21.179445,78.923241,MH-001_C5,train,cnn_test,2,1,1,0.41626272
23093,MH-001_2025_R009_C042,MH-001,Gondkhari,2025,9,42,21.179445,78.924049,MH-001_C6,train,cnn_test,1,0,1,0.92554516
23094,MH-001_2025_R009_C046,MH-001,Gondkhari,2025,9,46,21.179445,78.925127,MH-001_C7,train,cnn_test,2,1,1,0.9747319
23095,MH-001_2025_R009_C047,MH-001,Gondkhari,2025,9,47,21.179445,78.925397,MH-001_C7,train,cnn_test,0,0,1,0.9695007
23096,MH-001_2025_R009_C048,MH-001,Gondkhari,2025,9,48,21.179445,78.925666,MH-001_C7,train,cnn_test,0,0,1,0.94929224
23097,MH-001_2025_R009_C049,MH-001,Gondkhari,2025,9,49,21.179445,78.925936,MH-001_C7,train,cnn_test,0,0,1,0.9551175
23098,MH-001_2025_R010_C007,MH-001,Gondkhari,2025,10,7,21.179175,78.914617,MH-001_C0,train,cnn_test,0,0,0,0.058198325
23099,MH-001_2025_R010_C008,MH-001,Gondkhari,2025,10,8,21.179175,78.914887,MH-001_C1,train,cnn_test,0,0,0,0.03378215
23100,MH-001_2025_R010_C009,MH-001,Gondkhari,2025,10,9,21.179175,78.915156,MH-001_C1,train,cnn_test,0,0,0,0.09384885
23101,MH-001_2025_R010_C010,MH-001,Gondkhari,2025,10,10,21.179175,78.915426,MH-001_C1,train,cnn_test,0,0,0,0.0034842636
23102,MH-001_2025_R010_C011,MH-001,Gondkhari,2025,10,11,21.179175,78.915695,MH-001_C1,train,cnn_test,0,0,0,0.011336931
23103,MH-001_2025_R010_C012,MH-001,Gondkhari,2025,10,12,21.179175,78.915965,MH-001_C1,train,cnn_test,0,0,0,0.062704936
23104,MH-001_2025_R010_C014,MH-001,Gondkhari,2025,10,14,21.179175,78.916504,MH-001_C2,train,cnn_test,0,0,1,0.6576816
23105,MH-001_2025_R010_C015,MH-001,Gondkhari,2025,10,15,21.179175,78.916773,MH-001_C2,train,cnn_test,0,0,1,0.71723926
23106,MH-001_2025_R010_C016,MH-001,Gondkhari,2025,10,16,21.179175,78.917043,MH-001_C2,train,cnn_test,1,0,1,0.82733357
23107,MH-001_2025_R010_C017,MH-001,Gondkhari,2025,10,17,21.179175,78.917312,MH-001_C2,train,cnn_test,0,0,1,0.8820144
23108,MH-001_2025_R010_C018,MH-001,Gondkhari,2025,10,18,21.179175,78.917582,MH-001_C2,train,cnn_test,2,1,1,0.9157618
23109,MH-001_2025_R010_C019,MH-001,Gondkhari,2025,10,19,21.179175,78.917851,MH-001_C2,train,cnn_test,2,1,1,0.9199611
23110,MH-001_2025_R010_C021,MH-001,Gondkhari,2025,10,21,21.179175,78.91839,MH-001_C3,train,cnn_test,3,1,1,0.7959221
23111,MH-001_2025_R010_C022,MH-001,Gondkhari,2025,10,22,21.179175,78.91866,MH-001_C3,train,cnn_test,1,0,1,0.86482
23112,MH-001_2025_R010_C023,MH-001,Gondkhari,2025,10,23,21.179175,78.918929,MH-001_C3,train,cnn_test,1,0,1,0.7732362
23113,MH-001_2025_R010_C024,MH-001,Gondkhari,2025,10,24,21.179175,78.919199,MH-001_C3,train,cnn_test,0,0,1,0.5261497
23114,MH-001_2025_R010_C025,MH-001,Gondkhari,2025,10,25,21.179175,78.919468,MH-001_C3,train,cnn_test,1,0,1,0.58085275
23115,MH-001_2025_R010_C026,MH-001,Gondkhari,2025,10,26,21.179175,78.919738,MH-001_C3,train,cnn_test,2,1,1,0.74595577
23116,MH-001_2025_R010_C028,MH-001,Gondkhari,2025,10,28,21.179175,78.920277,MH-001_C4,train,cnn_test,1,0,1,0.7732941
23117,MH-001_2025_R010_C029,MH-001,Gondkhari,2025,10,29,21.179175,78.920546,MH-001_C4,train,cnn_test,2,1,1,0.16533414
23118,MH-001_2025_R010_C030,MH-001,Gondkhari,2025,10,30,21.179175,78.920816,MH-001_C4,train,cnn_test,3,1,1,0.11467119
23119,MH-001_2025_R010_C031,MH-001,Gondkhari,2025,10,31,21.179175,78.921085,MH-001_C4,train,cnn_test,3,1,1,0.2366805
23120,MH-001_2025_R010_C032,MH-001,Gondkhari,2025,10,32,21.179175,78.921355,MH-001_C4,train,cnn_test,3,1,1,0.4356863
23121,MH-001_2025_R010_C033,MH-001,Gondkhari,2025,10,33,21.179175,78.921624,MH-001_C5,train,cnn_test,3,1,1,0.59749115
23122,MH-001_2025_R010_C034,MH-001,Gondkhari,2025,10,34,21.179175,78.921894,MH-001_C5,train,cnn_test,2,1,1,0.81605864
23123,MH-001_2025_R010_C035,MH-001,Gondkhari,2025,10,35,21.179175,78.922163,MH-001_C5,train,cnn_test,0,0,1,0.8510842
23124,MH-001_2025_R010_C036,MH-001,Gondkhari,2025,10,36,21.179175,78.922433,MH-001_C5,train,cnn_test,2,1,1,0.7892414
23125,MH-001_2025_R010_C037,MH-001,Gondkhari,2025,10,37,21.179175,78.922702,MH-001_C5,train,cnn_test,0,0,1,0.5227369
23126,MH-001_2025_R010_C038,MH-001,Gondkhari,2025,10,38,21.179175,78.922972,MH-001_C5,train,cnn_test,2,1,0,0.09460681
23127,MH-001_2025_R010_C039,MH-001,Gondkhari,2025,10,39,21.179175,78.923241,MH-001_C5,train,cnn_test,2,1,1,0.15360661
23128,MH-001_2025_R010_C040,MH-001,Gondkhari,2025,10,40,21.179175,78.92351,MH-001_C6,train,cnn_test,2,1,1,0.42381287
23129,MH-001_2025_R010_C043,MH-001,Gondkhari,2025,10,43,21.179175,78.924319,MH-001_C6,train,cnn_test,0,0,1,0.75022525
23130,MH-001_2025_R010_C045,MH-001,Gondkhari,2025,10,45,21.179175,78.924858,MH-001_C6,train,cnn_test,2,1,1,0.8791816
23131,MH-001_2025_R010_C046,MH-001,Gondkhari,2025,10,46,21.179175,78.925127,MH-001_C7,train,cnn_test,2,1,1,0.9594867
23132,MH-001_2025_R010_C047,MH-001,Gondkhari,2025,10,47,21.179175,78.925397,MH-001_C7,train,cnn_test,2,1,1,0.94175214
23133,MH-001_2025_R010_C048,MH-001,Gondkhari,2025,10,48,21.179175,78.925666,MH-001_C7,train,cnn_test,2,1,1,0.9159357
23134,MH-001_2025_R010_C049,MH-001,Gondkhari,2025,10,49,21.179175,78.925936,MH-001_C7,train,cnn_test,0,0,1,0.9317164
23135,MH-001_2025_R010_C050,MH-001,Gondkhari,2025,10,50,21.179175,78.926205,MH-001_C7,train,cnn_test,0,0,1,0.9151895
23136,MH-001_2025_R011_C007,MH-001,Gondkhari,2025,11,7,21.178906,78.914617,MH-001_C0,train,cnn_test,0,0,0,0.01570104
23137,MH-001_2025_R011_C008,MH-001,Gondkhari,2025,11,8,21.178906,78.914887,MH-001_C1,train,cnn_test,0,0,0,0.022583008
23138,MH-001_2025_R011_C009,MH-001,Gondkhari,2025,11,9,21.178906,78.915156,MH-001_C1,train,cnn_test,0,0,0,0.013235222
23139,MH-001_2025_R011_C010,MH-001,Gondkhari,2025,11,10,21.178906,78.915426,MH-001_C1,train,cnn_test,0,0,0,0.001499268
23140,MH-001_2025_R011_C011,MH-001,Gondkhari,2025,11,11,21.178906,78.915695,MH-001_C1,train,cnn_test,0,0,0,0.00542534
23141,MH-001_2025_R011_C013,MH-001,Gondkhari,2025,11,13,21.178906,78.916234,MH-001_C1,train,cnn_test,1,0,0,0.076174945
23142,MH-001_2025_R011_C014,MH-001,Gondkhari,2025,11,14,21.178906,78.916504,MH-001_C2,train,cnn_test,1,0,1,0.2337691
23143,MH-001_2025_R011_C015,MH-001,Gondkhari,2025,11,15,21.178906,78.916773,MH-001_C2,train,cnn_test,1,0,1,0.47181603
23144,MH-001_2025_R011_C016,MH-001,Gondkhari,2025,11,16,21.178906,78.917043,MH-001_C2,train,cnn_test,1,0,1,0.81858
23145,MH-001_2025_R011_C017,MH-001,Gondkhari,2025,11,17,21.178906,78.917312,MH-001_C2,train,cnn_test,0,0,1,0.87372386
23146,MH-001_2025_R011_C018,MH-001,Gondkhari,2025,11,18,21.178906,78.917582,MH-001_C2,train,cnn_test,0,0,1,0.91764706
23147,MH-001_2025_R011_C019,MH-001,Gondkhari,2025,11,19,21.178906,78.917851,MH-001_C2,train,cnn_test,0,0,1,0.89609796
23148,MH-001_2025_R011_C020,MH-001,Gondkhari,2025,11,20,21.178906,78.918121,MH-001_C2,train,cnn_test,1,0,1,0.9318998
23149,MH-001_2025_R011_C022,MH-001,Gondkhari,2025,11,22,21.178906,78.91866,MH-001_C3,train,cnn_test,0,0,1,0.83102983
23150,MH-001_2025_R011_C023,MH-001,Gondkhari,2025,11,23,21.178906,78.918929,MH-001_C3,train,cnn_test,0,0,1,0.51122326
23151,MH-001_2025_R011_C024,MH-001,Gondkhari,2025,11,24,21.178906,78.919199,MH-001_C3,train,cnn_test,1,0,1,0.537667
23152,MH-001_2025_R011_C025,MH-001,Gondkhari,2025,11,25,21.178906,78.919468,MH-001_C3,train,cnn_test,1,0,1,0.20923284
23153,MH-001_2025_R011_C026,MH-001,Gondkhari,2025,11,26,21.178906,78.919738,MH-001_C3,train,cnn_test,1,0,1,0.5436509
23154,MH-001_2025_R011_C027,MH-001,Gondkhari,2025,11,27,21.178906,78.920007,MH-001_C4,train,cnn_test,0,0,1,0.5748178
23155,MH-001_2025_R011_C028,MH-001,Gondkhari,2025,11,28,21.178906,78.920277,MH-001_C4,train,cnn_test,0,0,1,0.63005143
23156,MH-001_2025_R011_C029,MH-001,Gondkhari,2025,11,29,21.178906,78.920546,MH-001_C4,train,cnn_test,2,1,0,0.025063653
23157,MH-001_2025_R011_C030,MH-001,Gondkhari,2025,11,30,21.178906,78.920816,MH-001_C4,train,cnn_test,2,1,0,0.01164155
23158,MH-001_2025_R011_C031,MH-001,Gondkhari,2025,11,31,21.178906,78.921085,MH-001_C4,train,cnn_test,2,1,0,0.02416412
23159,MH-001_2025_R011_C032,MH-001,Gondkhari,2025,11,32,21.178906,78.921355,MH-001_C4,train,cnn_test,2,1,0,0.03427158
23160,MH-001_2025_R011_C033,MH-001,Gondkhari,2025,11,33,21.178906,78.921624,MH-001_C5,train,cnn_test,2,1,1,0.11057613
23161,MH-001_2025_R011_C034,MH-001,Gondkhari,2025,11,34,21.178906,78.921894,MH-001_C5,train,cnn_test,2,1,1,0.10466357
23162,MH-001_2025_R011_C035,MH-001,Gondkhari,2025,11,35,21.178906,78.922163,MH-001_C5,train,cnn_test,2,1,1,0.28736702
23163,MH-001_2025_R011_C036,MH-001,Gondkhari,2025,11,36,21.178906,78.922433,MH-001_C5,train,cnn_test,2,1,1,0.14244635
23164,MH-001_2025_R011_C037,MH-001,Gondkhari,2025,11,37,21.178906,78.922702,MH-001_C5,train,cnn_test,2,1,1,0.31809378
23165,MH-001_2025_R011_C038,MH-001,Gondkhari,2025,11,38,21.178906,78.922972,MH-001_C5,train,cnn_test,2,1,0,0.050400615
23166,MH-001_2025_R011_C039,MH-001,Gondkhari,2025,11,39,21.178906,78.923241,MH-001_C5,train,cnn_test,2,1,0,0.07023544
23167,MH-001_2025_R011_C040,MH-001,Gondkhari,2025,11,40,21.178906,78.92351,MH-001_C6,train,cnn_test,2,1,0,0.09424323
23168,MH-001_2025_R011_C042,MH-001,Gondkhari,2025,11,42,21.178906,78.924049,MH-001_C6,train,cnn_test,2,1,1,0.5809242
23169,MH-001_2025_R011_C043,MH-001,Gondkhari,2025,11,43,21.178906,78.924319,MH-001_C6,train,cnn_test,1,0,1,0.8069655
23170,MH-001_2025_R011_C044,MH-001,Gondkhari,2025,11,44,21.178906,78.924588,MH-001_C6,train,cnn_test,0,0,1,0.87521935
23171,MH-001_2025_R011_C045,MH-001,Gondkhari,2025,11,45,21.178906,78.924858,MH-001_C6,train,cnn_test,2,1,1,0.9428042
23172,MH-001_2025_R011_C046,MH-001,Gondkhari,2025,11,46,21.178906,78.925127,MH-001_C7,train,cnn_test,2,1,1,0.933557
23173,MH-001_2025_R011_C047,MH-001,Gondkhari,2025,11,47,21.178906,78.925397,MH-001_C7,train,cnn_test,2,1,1,0.93039316
23174,MH-001_2025_R011_C048,MH-001,Gondkhari,2025,11,48,21.178906,78.925666,MH-001_C7,train,cnn_test,3,1,1,0.87902117
23175,MH-001_2025_R011_C049,MH-001,Gondkhari,2025,11,49,21.178906,78.925936,MH-001_C7,train,cnn_test,1,0,1,0.922412
23176,MH-001_2025_R011_C050,MH-001,Gondkhari,2025,11,50,21.178906,78.926205,MH-001_C7,train,cnn_test,2,1,1,0.90259075
23177,MH-001_2025_R011_C051,MH-001,Gondkhari,2025,11,51,21.178906,78.926475,MH-001_C7,train,cnn_test,2,1,1,0.90575725
23178,MH-001_2025_R012_C007,MH-001,Gondkhari,2025,12,7,21.178636,78.914617,MH-001_C0,train,cnn_test,1,0,0,0.0032811859
23179,MH-001_2025_R012_C008,MH-001,Gondkhari,2025,12,8,21.178636,78.914887,MH-001_C1,train,cnn_test,0,0,0,0.0046866937
23180,MH-001_2025_R012_C009,MH-001,Gondkhari,2025,12,9,21.178636,78.915156,MH-001_C1,train,cnn_test,0,0,0,0.003784776
23181,MH-001_2025_R012_C010,MH-001,Gondkhari,2025,12,10,21.178636,78.915426,MH-001_C1,train,cnn_test,0,0,0,0.0005402837
23182,MH-001_2025_R012_C011,MH-001,Gondkhari,2025,12,11,21.178636,78.915695,MH-001_C1,train,cnn_test,0,0,0,0.001330111
23183,MH-001_2025_R012_C012,MH-001,Gondkhari,2025,12,12,21.178636,78.915965,MH-001_C1,train,cnn_test,0,0,0,0.02112673
23184,MH-001_2025_R012_C013,MH-001,Gondkhari,2025,12,13,21.178636,78.916234,MH-001_C1,train,cnn_test,1,0,1,0.15759031
23185,MH-001_2025_R012_C014,MH-001,Gondkhari,2025,12,14,21.178636,78.916504,MH-001_C2,train,cnn_test,1,0,1,0.71139085
23186,MH-001_2025_R012_C015,MH-001,Gondkhari,2025,12,15,21.178636,78.916773,MH-001_C2,train,cnn_test,1,0,1,0.8431063
23187,MH-001_2025_R012_C016,MH-001,Gondkhari,2025,12,16,21.178636,78.917043,MH-001_C2,train,cnn_test,1,0,1,0.91924673
23188,MH-001_2025_R012_C017,MH-001,Gondkhari,2025,12,17,21.178636,78.917312,MH-001_C2,train,cnn_test,1,0,1,0.9205256
23189,MH-001_2025_R012_C018,MH-001,Gondkhari,2025,12,18,21.178636,78.917582,MH-001_C2,train,cnn_test,1,0,1,0.9522821
23190,MH-001_2025_R012_C019,MH-001,Gondkhari,2025,12,19,21.178636,78.917851,MH-001_C2,train,cnn_test,1,0,1,0.9467208
23191,MH-001_2025_R012_C020,MH-001,Gondkhari,2025,12,20,21.178636,78.918121,MH-001_C2,train,cnn_test,1,0,1,0.9551897
23192,MH-001_2025_R012_C023,MH-001,Gondkhari,2025,12,23,21.178636,78.918929,MH-001_C3,train,cnn_test,0,0,1,0.75519675
23193,MH-001_2025_R012_C024,MH-001,Gondkhari,2025,12,24,21.178636,78.919199,MH-001_C3,train,cnn_test,1,0,1,0.6802647
23194,MH-001_2025_R012_C025,MH-001,Gondkhari,2025,12,25,21.178636,78.919468,MH-001_C3,train,cnn_test,1,0,1,0.6159808
23195,MH-001_2025_R012_C027,MH-001,Gondkhari,2025,12,27,21.178636,78.920007,MH-001_C4,train,cnn_test,0,0,1,0.60568035
23196,MH-001_2025_R012_C028,MH-001,Gondkhari,2025,12,28,21.178636,78.920277,MH-001_C4,train,cnn_test,0,0,1,0.27536166
23197,MH-001_2025_R012_C029,MH-001,Gondkhari,2025,12,29,21.178636,78.920546,MH-001_C4,train,cnn_test,0,0,0,0.028818104
23198,MH-001_2025_R012_C030,MH-001,Gondkhari,2025,12,30,21.178636,78.920816,MH-001_C4,train,cnn_test,1,0,0,0.0131388875
23199,MH-001_2025_R012_C031,MH-001,Gondkhari,2025,12,31,21.178636,78.921085,MH-001_C4,train,cnn_test,3,1,0,0.048850432
23200,MH-001_2025_R012_C032,MH-001,Gondkhari,2025,12,32,21.178636,78.921355,MH-001_C4,train,cnn_test,3,1,0,0.045395315
23201,MH-001_2025_R012_C033,MH-001,Gondkhari,2025,12,33,21.178636,78.921624,MH-001_C5,train,cnn_test,1,0,0,0.095895514
23202,MH-001_2025_R012_C034,MH-001,Gondkhari,2025,12,34,21.178636,78.921894,MH-001_C5,train,cnn_test,3,1,0,0.08135322
23203,MH-001_2025_R012_C035,MH-001,Gondkhari,2025,12,35,21.178636,78.922163,MH-001_C5,train,cnn_test,2,1,1,0.37924606
23204,MH-001_2025_R012_C036,MH-001,Gondkhari,2025,12,36,21.178636,78.922433,MH-001_C5,train,cnn_test,2,1,1,0.1795019
23205,MH-001_2025_R012_C037,MH-001,Gondkhari,2025,12,37,21.178636,78.922702,MH-001_C5,train,cnn_test,1,0,1,0.122041024
23206,MH-001_2025_R012_C038,MH-001,Gondkhari,2025,12,38,21.178636,78.922972,MH-001_C5,train,cnn_test,2,1,0,0.012707013
23207,MH-001_2025_R012_C039,MH-001,Gondkhari,2025,12,39,21.178636,78.923241,MH-001_C5,train,cnn_test,3,1,0,0.029473474
23208,MH-001_2025_R012_C040,MH-001,Gondkhari,2025,12,40,21.178636,78.92351,MH-001_C6,train,cnn_test,2,1,0,0.07057744
23209,MH-001_2025_R012_C042,MH-001,Gondkhari,2025,12,42,21.178636,78.924049,MH-001_C6,train,cnn_test,2,1,1,0.12842909
23210,MH-001_2025_R012_C043,MH-001,Gondkhari,2025,12,43,21.178636,78.924319,MH-001_C6,train,cnn_test,1,0,1,0.2661685
23211,MH-001_2025_R012_C044,MH-001,Gondkhari,2025,12,44,21.178636,78.924588,MH-001_C6,train,cnn_test,1,0,1,0.50604767
23212,MH-001_2025_R012_C045,MH-001,Gondkhari,2025,12,45,21.178636,78.924858,MH-001_C6,train,cnn_test,2,1,1,0.9131771
23213,MH-001_2025_R012_C046,MH-001,Gondkhari,2025,12,46,21.178636,78.925127,MH-001_C7,train,cnn_test,2,1,1,0.93500984
23214,MH-001_2025_R012_C047,MH-001,Gondkhari,2025,12,47,21.178636,78.925397,MH-001_C7,train,cnn_test,2,1,1,0.9276071
23215,MH-001_2025_R012_C048,MH-001,Gondkhari,2025,12,48,21.178636,78.925666,MH-001_C7,train,cnn_test,2,1,1,0.85525084
23216,MH-001_2025_R012_C049,MH-001,Gondkhari,2025,12,49,21.178636,78.925936,MH-001_C7,train,cnn_test,0,0,1,0.8817281
23217,MH-001_2025_R012_C050,MH-001,Gondkhari,2025,12,50,21.178636,78.926205,MH-001_C7,train,cnn_test,2,1,1,0.8211852
23218,MH-001_2025_R012_C051,MH-001,Gondkhari,2025,12,51,21.178636,78.926475,MH-001_C7,train,cnn_test,3,1,1,0.7688087
23219,MH-001_2025_R013_C007,MH-001,Gondkhari,2025,13,7,21.178367,78.914617,MH-001_C0,train,cnn_test,0,0,0,0.004053949
23220,MH-001_2025_R013_C008,MH-001,Gondkhari,2025,13,8,21.178367,78.914887,MH-001_C1,train,cnn_test,0,0,0,0.004513834
23221,MH-001_2025_R013_C009,MH-001,Gondkhari,2025,13,9,21.178367,78.915156,MH-001_C1,train,cnn_test,0,0,0,0.0028344118
23222,MH-001_2025_R013_C010,MH-001,Gondkhari,2025,13,10,21.178367,78.915426,MH-001_C1,train,cnn_test,0,0,0,0.0008855134
23223,MH-001_2025_R013_C011,MH-001,Gondkhari,2025,13,11,21.178367,78.915695,MH-001_C1,train,cnn_test,0,0,0,0.0027732302
23224,MH-001_2025_R013_C013,MH-001,Gondkhari,2025,13,13,21.178367,78.916234,MH-001_C1,train,cnn_test,1,0,0,0.049307317
23225,MH-001_2025_R013_C014,MH-001,Gondkhari,2025,13,14,21.178367,78.916504,MH-001_C2,train,cnn_test,1,0,1,0.36229
23226,MH-001_2025_R013_C015,MH-001,Gondkhari,2025,13,15,21.178367,78.916773,MH-001_C2,train,cnn_test,1,0,1,0.82250404
23227,MH-001_2025_R013_C016,MH-001,Gondkhari,2025,13,16,21.178367,78.917043,MH-001_C2,train,cnn_test,1,0,1,0.93917704
23228,MH-001_2025_R013_C017,MH-001,Gondkhari,2025,13,17,21.178367,78.917312,MH-001_C2,train,cnn_test,1,0,1,0.9413576
23229,MH-001_2025_R013_C018,MH-001,Gondkhari,2025,13,18,21.178367,78.917582,MH-001_C2,train,cnn_test,1,0,1,0.95578015
23230,MH-001_2025_R013_C019,MH-001,Gondkhari,2025,13,19,21.178367,78.917851,MH-001_C2,train,cnn_test,1,0,1,0.9345555
23231,MH-001_2025_R013_C027,MH-001,Gondkhari,2025,13,27,21.178367,78.920007,MH-001_C4,train,cnn_test,0,0,1,0.5053801
23232,MH-001_2025_R013_C028,MH-001,Gondkhari,2025,13,28,21.178367,78.920277,MH-001_C4,train,cnn_test,0,0,1,0.5395563
23233,MH-001_2025_R013_C029,MH-001,Gondkhari,2025,13,29,21.178367,78.920546,MH-001_C4,train,cnn_test,0,0,0,0.04495868
23234,MH-001_2025_R013_C030,MH-001,Gondkhari,2025,13,30,21.178367,78.920816,MH-001_C4,train,cnn_test,1,0,0,0.039648514
23235,MH-001_2025_R013_C031,MH-001,Gondkhari,2025,13,31,21.178367,78.921085,MH-001_C4,train,cnn_test,2,1,0,0.020954594
23236,MH-001_2025_R013_C032,MH-001,Gondkhari,2025,13,32,21.178367,78.921355,MH-001_C4,train,cnn_test,2,1,0,0.039950665
23237,MH-001_2025_R013_C033,MH-001,Gondkhari,2025,13,33,21.178367,78.921624,MH-001_C5,train,cnn_test,2,1,0,0.03258656
23238,MH-001_2025_R013_C034,MH-001,Gondkhari,2025,13,34,21.178367,78.921894,MH-001_C5,train,cnn_test,2,1,0,0.06490956
23239,MH-001_2025_R013_C035,MH-001,Gondkhari,2025,13,35,21.178367,78.922163,MH-001_C5,train,cnn_test,3,1,1,0.23751871
23240,MH-001_2025_R013_C036,MH-001,Gondkhari,2025,13,36,21.178367,78.922433,MH-001_C5,train,cnn_test,1,0,1,0.16363639
23241,MH-001_2025_R013_C037,MH-001,Gondkhari,2025,13,37,21.178367,78.922702,MH-001_C5,train,cnn_test,1,0,1,0.28646013
23242,MH-001_2025_R013_C038,MH-001,Gondkhari,2025,13,38,21.178367,78.922972,MH-001_C5,train,cnn_test,0,0,0,0.07090378
23243,MH-001_2025_R013_C039,MH-001,Gondkhari,2025,13,39,21.178367,78.923241,MH-001_C5,train,cnn_test,1,0,0,0.059098322
23244,MH-001_2025_R013_C040,MH-001,Gondkhari,2025,13,40,21.178367,78.92351,MH-001_C6,train,cnn_test,1,0,1,0.10483486
23245,MH-001_2025_R013_C041,MH-001,Gondkhari,2025,13,41,21.178367,78.92378,MH-001_C6,train,cnn_test,1,0,1,0.44261217
23246,MH-001_2025_R013_C042,MH-001,Gondkhari,2025,13,42,21.178367,78.924049,MH-001_C6,train,cnn_test,1,0,1,0.4361477
23247,MH-001_2025_R013_C043,MH-001,Gondkhari,2025,13,43,21.178367,78.924319,MH-001_C6,train,cnn_test,0,0,1,0.87906593
23248,MH-001_2025_R013_C044,MH-001,Gondkhari,2025,13,44,21.178367,78.924588,MH-001_C6,train,cnn_test,1,0,1,0.88858
23249,MH-001_2025_R013_C045,MH-001,Gondkhari,2025,13,45,21.178367,78.924858,MH-001_C6,train,cnn_test,1,0,1,0.9644243
23250,MH-001_2025_R013_C046,MH-001,Gondkhari,2025,13,46,21.178367,78.925127,MH-001_C7,train,cnn_test,1,0,1,0.91291034
23251,MH-001_2025_R013_C047,MH-001,Gondkhari,2025,13,47,21.178367,78.925397,MH-001_C7,train,cnn_test,2,1,1,0.94542694
23252,MH-001_2025_R013_C048,MH-001,Gondkhari,2025,13,48,21.178367,78.925666,MH-001_C7,train,cnn_test,2,1,1,0.86352694
23253,MH-001_2025_R013_C049,MH-001,Gondkhari,2025,13,49,21.178367,78.925936,MH-001_C7,train,cnn_test,2,1,1,0.904738
23254,MH-001_2025_R013_C050,MH-001,Gondkhari,2025,13,50,21.178367,78.926205,MH-001_C7,train,cnn_test,2,1,1,0.7377816
23255,MH-001_2025_R013_C051,MH-001,Gondkhari,2025,13,51,21.178367,78.926475,MH-001_C7,train,cnn_test,2,1,1,0.70025563
23256,MH-001_2025_R014_C007,MH-001,Gondkhari,2025,14,7,21.178097,78.914617,MH-001_C0,train,cnn_test,0,0,0,0.009672335
23257,MH-001_2025_R014_C008,MH-001,Gondkhari,2025,14,8,21.178097,78.914887,MH-001_C1,train,cnn_test,0,0,0,0.007015405
23258,MH-001_2025_R014_C009,MH-001,Gondkhari,2025,14,9,21.178097,78.915156,MH-001_C1,train,cnn_test,0,0,0,0.0050703166
23259,MH-001_2025_R014_C010,MH-001,Gondkhari,2025,14,10,21.178097,78.915426,MH-001_C1,train,cnn_test,0,0,0,0.0012155315
23260,MH-001_2025_R014_C011,MH-001,Gondkhari,2025,14,11,21.178097,78.915695,MH-001_C1,train,cnn_test,0,0,0,0.0032064999
23261,MH-001_2025_R014_C013,MH-001,Gondkhari,2025,14,13,21.178097,78.916234,MH-001_C1,train,cnn_test,1,0,0,0.020904262
23262,MH-001_2025_R014_C014,MH-001,Gondkhari,2025,14,14,21.178097,78.916504,MH-001_C2,train,cnn_test,1,0,1,0.3610139
23263,MH-001_2025_R014_C015,MH-001,Gondkhari,2025,14,15,21.178097,78.916773,MH-001_C2,train,cnn_test,0,0,1,0.9025846
23264,MH-001_2025_R014_C016,MH-001,Gondkhari,2025,14,16,21.178097,78.917043,MH-001_C2,train,cnn_test,0,0,1,0.9433431
23265,MH-001_2025_R014_C017,MH-001,Gondkhari,2025,14,17,21.178097,78.917312,MH-001_C2,train,cnn_test,0,0,1,0.94507366
23266,MH-001_2025_R014_C018,MH-001,Gondkhari,2025,14,18,21.178097,78.917582,MH-001_C2,train,cnn_test,1,0,1,0.95129937
23267,MH-001_2025_R014_C019,MH-001,Gondkhari,2025,14,19,21.178097,78.917851,MH-001_C2,train,cnn_test,1,0,1,0.93703604
23268,MH-001_2025_R014_C020,MH-001,Gondkhari,2025,14,20,21.178097,78.918121,MH-001_C2,train,cnn_test,1,0,1,0.9175461
23269,MH-001_2025_R014_C021,MH-001,Gondkhari,2025,14,21,21.178097,78.91839,MH-001_C3,train,cnn_test,1,0,1,0.8434396
23270,MH-001_2025_R014_C025,MH-001,Gondkhari,2025,14,25,21.178097,78.919468,MH-001_C3,train,cnn_test,0,0,1,0.6694165
23271,MH-001_2025_R014_C026,MH-001,Gondkhari,2025,14,26,21.178097,78.919738,MH-001_C3,train,cnn_test,0,0,1,0.37258837
23272,MH-001_2025_R014_C028,MH-001,Gondkhari,2025,14,28,21.178097,78.920277,MH-001_C4,train,cnn_test,0,0,1,0.29846257
23273,MH-001_2025_R014_C029,MH-001,Gondkhari,2025,14,29,21.178097,78.920546,MH-001_C4,train,cnn_test,0,0,1,0.3474389
23274,MH-001_2025_R014_C030,MH-001,Gondkhari,2025,14,30,21.178097,78.920816,MH-001_C4,train,cnn_test,0,0,1,0.21353418
23275,MH-001_2025_R014_C031,MH-001,Gondkhari,2025,14,31,21.178097,78.921085,MH-001_C4,train,cnn_test,1,0,1,0.43654624
23276,MH-001_2025_R014_C032,MH-001,Gondkhari,2025,14,32,21.178097,78.921355,MH-001_C4,train,cnn_test,1,0,1,0.14101845
23277,MH-001_2025_R014_C033,MH-001,Gondkhari,2025,14,33,21.178097,78.921624,MH-001_C5,train,cnn_test,1,0,1,0.27559033
23278,MH-001_2025_R014_C034,MH-001,Gondkhari,2025,14,34,21.178097,78.921894,MH-001_C5,train,cnn_test,3,1,1,0.24039672
23279,MH-001_2025_R014_C035,MH-001,Gondkhari,2025,14,35,21.178097,78.922163,MH-001_C5,train,cnn_test,1,0,1,0.7734982
23280,MH-001_2025_R014_C036,MH-001,Gondkhari,2025,14,36,21.178097,78.922433,MH-001_C5,train,cnn_test,1,0,1,0.41482714
23281,MH-001_2025_R014_C037,MH-001,Gondkhari,2025,14,37,21.178097,78.922702,MH-001_C5,train,cnn_test,1,0,1,0.26333427
23282,MH-001_2025_R014_C038,MH-001,Gondkhari,2025,14,38,21.178097,78.922972,MH-001_C5,train,cnn_test,1,0,0,0.026948566
23283,MH-001_2025_R014_C039,MH-001,Gondkhari,2025,14,39,21.178097,78.923241,MH-001_C5,train,cnn_test,1,0,0,0.022291804
23284,MH-001_2025_R014_C040,MH-001,Gondkhari,2025,14,40,21.178097,78.92351,MH-001_C6,train,cnn_test,1,0,0,0.06041804
23285,MH-001_2025_R014_C041,MH-001,Gondkhari,2025,14,41,21.178097,78.92378,MH-001_C6,train,cnn_test,1,0,0,0.086908884
23286,MH-001_2025_R014_C042,MH-001,Gondkhari,2025,14,42,21.178097,78.924049,MH-001_C6,train,cnn_test,1,0,0,0.05483743
23287,MH-001_2025_R014_C043,MH-001,Gondkhari,2025,14,43,21.178097,78.924319,MH-001_C6,train,cnn_test,0,0,1,0.14106062
23288,MH-001_2025_R014_C044,MH-001,Gondkhari,2025,14,44,21.178097,78.924588,MH-001_C6,train,cnn_test,0,0,1,0.5254311
23289,MH-001_2025_R014_C045,MH-001,Gondkhari,2025,14,45,21.178097,78.924858,MH-001_C6,train,cnn_test,0,0,1,0.8162119
23290,MH-001_2025_R014_C046,MH-001,Gondkhari,2025,14,46,21.178097,78.925127,MH-001_C7,train,cnn_test,1,0,1,0.8465582
23291,MH-001_2025_R014_C047,MH-001,Gondkhari,2025,14,47,21.178097,78.925397,MH-001_C7,train,cnn_test,1,0,1,0.8755038
23292,MH-001_2025_R014_C048,MH-001,Gondkhari,2025,14,48,21.178097,78.925666,MH-001_C7,train,cnn_test,1,0,1,0.80051106
23293,MH-001_2025_R014_C049,MH-001,Gondkhari,2025,14,49,21.178097,78.925936,MH-001_C7,train,cnn_test,2,1,1,0.7563014
23294,MH-001_2025_R014_C050,MH-001,Gondkhari,2025,14,50,21.178097,78.926205,MH-001_C7,train,cnn_test,3,1,1,0.6250102
23295,MH-001_2025_R014_C051,MH-001,Gondkhari,2025,14,51,21.178097,78.926475,MH-001_C7,train,cnn_test,0,0,1,0.4972136
23296,MH-001_2025_R015_C007,MH-001,Gondkhari,2025,15,7,21.177828,78.914617,MH-001_C0,train,cnn_test,1,0,0,0.023011478
23297,MH-001_2025_R015_C008,MH-001,Gondkhari,2025,15,8,21.177828,78.914887,MH-001_C1,train,cnn_test,1,0,0,0.023836717
23298,MH-001_2025_R015_C009,MH-001,Gondkhari,2025,15,9,21.177828,78.915156,MH-001_C1,train,cnn_test,0,0,0,0.010573875
23299,MH-001_2025_R015_C010,MH-001,Gondkhari,2025,15,10,21.177828,78.915426,MH-001_C1,train,cnn_test,0,0,0,0.006584186
23300,MH-001_2025_R015_C011,MH-001,Gondkhari,2025,15,11,21.177828,78.915695,MH-001_C1,train,cnn_test,0,0,0,0.008210085
23301,MH-001_2025_R015_C014,MH-001,Gondkhari,2025,15,14,21.177828,78.916504,MH-001_C2,train,cnn_test,0,0,0,0.019134335
23302,MH-001_2025_R015_C015,MH-001,Gondkhari,2025,15,15,21.177828,78.916773,MH-001_C2,train,cnn_test,0,0,1,0.42657647
23303,MH-001_2025_R015_C016,MH-001,Gondkhari,2025,15,16,21.177828,78.917043,MH-001_C2,train,cnn_test,0,0,1,0.91128665
23304,MH-001_2025_R015_C017,MH-001,Gondkhari,2025,15,17,21.177828,78.917312,MH-001_C2,train,cnn_test,0,0,1,0.9241748
23305,MH-001_2025_R015_C018,MH-001,Gondkhari,2025,15,18,21.177828,78.917582,MH-001_C2,train,cnn_test,0,0,1,0.9239143
23306,MH-001_2025_R015_C019,MH-001,Gondkhari,2025,15,19,21.177828,78.917851,MH-001_C2,train,cnn_test,1,0,1,0.8670215
23307,MH-001_2025_R015_C020,MH-001,Gondkhari,2025,15,20,21.177828,78.918121,MH-001_C2,train,cnn_test,1,0,1,0.8452287
23308,MH-001_2025_R015_C021,MH-001,Gondkhari,2025,15,21,21.177828,78.91839,MH-001_C3,train,cnn_test,1,0,1,0.5887318
23309,MH-001_2025_R015_C022,MH-001,Gondkhari,2025,15,22,21.177828,78.91866,MH-001_C3,train,cnn_test,0,0,1,0.83248365
23310,MH-001_2025_R015_C025,MH-001,Gondkhari,2025,15,25,21.177828,78.919468,MH-001_C3,train,cnn_test,0,0,1,0.2980188
23311,MH-001_2025_R015_C026,MH-001,Gondkhari,2025,15,26,21.177828,78.919738,MH-001_C3,train,cnn_test,0,0,1,0.38446274
23312,MH-001_2025_R015_C028,MH-001,Gondkhari,2025,15,28,21.177828,78.920277,MH-001_C4,train,cnn_test,0,0,1,0.26289073
23313,MH-001_2025_R015_C029,MH-001,Gondkhari,2025,15,29,21.177828,78.920546,MH-001_C4,train,cnn_test,0,0,0,0.06880753
23314,MH-001_2025_R015_C030,MH-001,Gondkhari,2025,15,30,21.177828,78.920816,MH-001_C4,train,cnn_test,0,0,0,0.041932575
23315,MH-001_2025_R015_C031,MH-001,Gondkhari,2025,15,31,21.177828,78.921085,MH-001_C4,train,cnn_test,1,0,0,0.014633254
23316,MH-001_2025_R015_C032,MH-001,Gondkhari,2025,15,32,21.177828,78.921355,MH-001_C4,train,cnn_test,1,0,0,0.0070190635
23317,MH-001_2025_R015_C033,MH-001,Gondkhari,2025,15,33,21.177828,78.921624,MH-001_C5,train,cnn_test,1,0,0,0.016263876
23318,MH-001_2025_R015_C034,MH-001,Gondkhari,2025,15,34,21.177828,78.921894,MH-001_C5,train,cnn_test,1,0,0,0.014759147
23319,MH-001_2025_R015_C035,MH-001,Gondkhari,2025,15,35,21.177828,78.922163,MH-001_C5,train,cnn_test,2,1,0,0.08768236
23320,MH-001_2025_R015_C036,MH-001,Gondkhari,2025,15,36,21.177828,78.922433,MH-001_C5,train,cnn_test,2,1,0,0.04637456
23321,MH-001_2025_R015_C037,MH-001,Gondkhari,2025,15,37,21.177828,78.922702,MH-001_C5,train,cnn_test,2,1,1,0.1580816
23322,MH-001_2025_R015_C038,MH-001,Gondkhari,2025,15,38,21.177828,78.922972,MH-001_C5,train,cnn_test,2,1,0,0.055903886
23323,MH-001_2025_R015_C039,MH-001,Gondkhari,2025,15,39,21.177828,78.923241,MH-001_C5,train,cnn_test,2,1,0,0.019087948
23324,MH-001_2025_R015_C040,MH-001,Gondkhari,2025,15,40,21.177828,78.92351,MH-001_C6,train,cnn_test,1,0,0,0.03579696
23325,MH-001_2025_R015_C041,MH-001,Gondkhari,2025,15,41,21.177828,78.92378,MH-001_C6,train,cnn_test,2,1,0,0.07934872
23326,MH-001_2025_R015_C042,MH-001,Gondkhari,2025,15,42,21.177828,78.924049,MH-001_C6,train,cnn_test,1,0,0,0.08369106
23327,MH-001_2025_R015_C043,MH-001,Gondkhari,2025,15,43,21.177828,78.924319,MH-001_C6,train,cnn_test,1,0,1,0.35092878
23328,MH-001_2025_R015_C044,MH-001,Gondkhari,2025,15,44,21.177828,78.924588,MH-001_C6,train,cnn_test,0,0,1,0.6640027
23329,MH-001_2025_R015_C045,MH-001,Gondkhari,2025,15,45,21.177828,78.924858,MH-001_C6,train,cnn_test,1,0,1,0.8626118
23330,MH-001_2025_R015_C046,MH-001,Gondkhari,2025,15,46,21.177828,78.925127,MH-001_C7,train,cnn_test,2,1,1,0.730414
23331,MH-001_2025_R015_C047,MH-001,Gondkhari,2025,15,47,21.177828,78.925397,MH-001_C7,train,cnn_test,1,0,1,0.88349915
23332,MH-001_2025_R015_C048,MH-001,Gondkhari,2025,15,48,21.177828,78.925666,MH-001_C7,train,cnn_test,1,0,1,0.7611139
23333,MH-001_2025_R015_C049,MH-001,Gondkhari,2025,15,49,21.177828,78.925936,MH-001_C7,train,cnn_test,3,1,1,0.7508733
23334,MH-001_2025_R015_C050,MH-001,Gondkhari,2025,15,50,21.177828,78.926205,MH-001_C7,train,cnn_test,2,1,1,0.4666416
23335,MH-001_2025_R015_C051,MH-001,Gondkhari,2025,15,51,21.177828,78.926475,MH-001_C7,train,cnn_test,2,1,1,0.55638796
23336,MH-001_2025_R016_C007,MH-001,Gondkhari,2025,16,7,21.177558,78.914617,MH-001_C0,train,cnn_test,0,0,0,0.07968558
23337,MH-001_2025_R016_C008,MH-001,Gondkhari,2025,16,8,21.177558,78.914887,MH-001_C1,train,cnn_test,2,1,1,0.22134371
23338,MH-001_2025_R016_C009,MH-001,Gondkhari,2025,16,9,21.177558,78.915156,MH-001_C1,train,cnn_test,1,0,0,0.075904354
23339,MH-001_2025_R016_C010,MH-001,Gondkhari,2025,16,10,21.177558,78.915426,MH-001_C1,train,cnn_test,0,0,0,0.05679706
23340,MH-001_2025_R016_C011,MH-001,Gondkhari,2025,16,11,21.177558,78.915695,MH-001_C1,train,cnn_test,0,0,0,0.05457236
23341,MH-001_2025_R016_C012,MH-001,Gondkhari,2025,16,12,21.177558,78.915965,MH-001_C1,train,cnn_test,0,0,0,0.0098365275
23342,MH-001_2025_R016_C013,MH-001,Gondkhari,2025,16,13,21.177558,78.916234,MH-001_C1,train,cnn_test,0,0,0,0.0037272237
23343,MH-001_2025_R016_C014,MH-001,Gondkhari,2025,16,14,21.177558,78.916504,MH-001_C2,train,cnn_test,1,0,0,0.03799039
23344,MH-001_2025_R016_C019,MH-001,Gondkhari,2025,16,19,21.177558,78.917851,MH-001_C2,train,cnn_test,0,0,1,0.86929834
23345,MH-001_2025_R016_C020,MH-001,Gondkhari,2025,16,20,21.177558,78.918121,MH-001_C2,train,cnn_test,1,0,1,0.7210876
23346,MH-001_2025_R016_C021,MH-001,Gondkhari,2025,16,21,21.177558,78.91839,MH-001_C3,train,cnn_test,1,0,1,0.22298405
23347,MH-001_2025_R016_C022,MH-001,Gondkhari,2025,16,22,21.177558,78.91866,MH-001_C3,train,cnn_test,0,0,1,0.7645286
23348,MH-001_2025_R016_C023,MH-001,Gondkhari,2025,16,23,21.177558,78.918929,MH-001_C3,train,cnn_test,0,0,1,0.31499675
23349,MH-001_2025_R016_C024,MH-001,Gondkhari,2025,16,24,21.177558,78.919199,MH-001_C3,train,cnn_test,0,0,1,0.32221982
23350,MH-001_2025_R016_C025,MH-001,Gondkhari,2025,16,25,21.177558,78.919468,MH-001_C3,train,cnn_test,0,0,1,0.550316
23351,MH-001_2025_R016_C026,MH-001,Gondkhari,2025,16,26,21.177558,78.919738,MH-001_C3,train,cnn_test,0,0,1,0.50742453
23352,MH-001_2025_R016_C028,MH-001,Gondkhari,2025,16,28,21.177558,78.920277,MH-001_C4,train,cnn_test,0,0,0,0.068523645
23353,MH-001_2025_R016_C029,MH-001,Gondkhari,2025,16,29,21.177558,78.920546,MH-001_C4,train,cnn_test,0,0,1,0.16670942
23354,MH-001_2025_R016_C030,MH-001,Gondkhari,2025,16,30,21.177558,78.920816,MH-001_C4,train,cnn_test,0,0,0,0.031237101
23355,MH-001_2025_R016_C031,MH-001,Gondkhari,2025,16,31,21.177558,78.921085,MH-001_C4,train,cnn_test,1,0,0,0.043032195
23356,MH-001_2025_R016_C032,MH-001,Gondkhari,2025,16,32,21.177558,78.921355,MH-001_C4,train,cnn_test,1,0,0,0.011145927
23357,MH-001_2025_R016_C033,MH-001,Gondkhari,2025,16,33,21.177558,78.921624,MH-001_C5,train,cnn_test,1,0,0,0.031894483
23358,MH-001_2025_R016_C034,MH-001,Gondkhari,2025,16,34,21.177558,78.921894,MH-001_C5,train,cnn_test,1,0,0,0.022875037
23359,MH-001_2025_R016_C035,MH-001,Gondkhari,2025,16,35,21.177558,78.922163,MH-001_C5,train,cnn_test,2,1,0,0.0997069
23360,MH-001_2025_R016_C036,MH-001,Gondkhari,2025,16,36,21.177558,78.922433,MH-001_C5,train,cnn_test,2,1,0,0.07800416
23361,MH-001_2025_R016_C037,MH-001,Gondkhari,2025,16,37,21.177558,78.922702,MH-001_C5,train,cnn_test,2,1,0,0.06911836
23362,MH-001_2025_R016_C038,MH-001,Gondkhari,2025,16,38,21.177558,78.922972,MH-001_C5,train,cnn_test,2,1,0,0.024142468
23363,MH-001_2025_R016_C039,MH-001,Gondkhari,2025,16,39,21.177558,78.923241,MH-001_C5,train,cnn_test,3,1,0,0.0038078155
23364,MH-001_2025_R016_C040,MH-001,Gondkhari,2025,16,40,21.177558,78.92351,MH-001_C6,train,cnn_test,1,0,0,0.051082227
23365,MH-001_2025_R016_C041,MH-001,Gondkhari,2025,16,41,21.177558,78.92378,MH-001_C6,train,cnn_test,1,0,1,0.14457136
23366,MH-001_2025_R016_C042,MH-001,Gondkhari,2025,16,42,21.177558,78.924049,MH-001_C6,train,cnn_test,1,0,0,0.07801998
23367,MH-001_2025_R016_C043,MH-001,Gondkhari,2025,16,43,21.177558,78.924319,MH-001_C6,train,cnn_test,2,1,0,0.09889392
23368,MH-001_2025_R016_C044,MH-001,Gondkhari,2025,16,44,21.177558,78.924588,MH-001_C6,train,cnn_test,1,0,1,0.23383312
23369,MH-001_2025_R016_C045,MH-001,Gondkhari,2025,16,45,21.177558,78.924858,MH-001_C6,train,cnn_test,2,1,1,0.7959307
23370,MH-001_2025_R016_C046,MH-001,Gondkhari,2025,16,46,21.177558,78.925127,MH-001_C7,train,cnn_test,2,1,1,0.7306172
23371,MH-001_2025_R016_C047,MH-001,Gondkhari,2025,16,47,21.177558,78.925397,MH-001_C7,train,cnn_test,1,0,1,0.8237297
23372,MH-001_2025_R016_C048,MH-001,Gondkhari,2025,16,48,21.177558,78.925666,MH-001_C7,train,cnn_test,0,0,1,0.63528574
23373,MH-001_2025_R016_C049,MH-001,Gondkhari,2025,16,49,21.177558,78.925936,MH-001_C7,train,cnn_test,2,1,1,0.76676214
23374,MH-001_2025_R016_C050,MH-001,Gondkhari,2025,16,50,21.177558,78.926205,MH-001_C7,train,cnn_test,0,0,1,0.7090389
23375,MH-001_2025_R016_C051,MH-001,Gondkhari,2025,16,51,21.177558,78.926475,MH-001_C7,train,cnn_test,0,0,1,0.74951166
23376,MH-001_2025_R017_C007,MH-001,Gondkhari,2025,17,7,21.177289,78.914617,MH-001_C0,train,cnn_test,0,0,0,0.09958385
23377,MH-001_2025_R017_C008,MH-001,Gondkhari,2025,17,8,21.177289,78.914887,MH-001_C1,train,cnn_test,1,0,1,0.19035248
23378,MH-001_2025_R017_C009,MH-001,Gondkhari,2025,17,9,21.177289,78.915156,MH-001_C1,train,cnn_test,0,0,0,0.04839455
23379,MH-001_2025_R017_C010,MH-001,Gondkhari,2025,17,10,21.177289,78.915426,MH-001_C1,train,cnn_test,0,0,0,0.030223362
23380,MH-001_2025_R017_C011,MH-001,Gondkhari,2025,17,11,21.177289,78.915695,MH-001_C1,train,cnn_test,0,0,0,0.013568395
23381,MH-001_2025_R017_C012,MH-001,Gondkhari,2025,17,12,21.177289,78.915965,MH-001_C1,train,cnn_test,0,0,0,0.01974261
23382,MH-001_2025_R017_C013,MH-001,Gondkhari,2025,17,13,21.177289,78.916234,MH-001_C1,train,cnn_test,1,0,0,0.0041859294
23383,MH-001_2025_R017_C014,MH-001,Gondkhari,2025,17,14,21.177289,78.916504,MH-001_C2,train,cnn_test,1,0,0,0.00942016
23384,MH-001_2025_R017_C015,MH-001,Gondkhari,2025,17,15,21.177289,78.916773,MH-001_C2,train,cnn_test,1,0,1,0.36956704
23385,MH-001_2025_R017_C016,MH-001,Gondkhari,2025,17,16,21.177289,78.917043,MH-001_C2,train,cnn_test,1,0,1,0.89150345
23386,MH-001_2025_R017_C018,MH-001,Gondkhari,2025,17,18,21.177289,78.917582,MH-001_C2,train,cnn_test,1,0,1,0.8577574
23387,MH-001_2025_R017_C019,MH-001,Gondkhari,2025,17,19,21.177289,78.917851,MH-001_C2,train,cnn_test,1,0,1,0.84110236
23388,MH-001_2025_R017_C020,MH-001,Gondkhari,2025,17,20,21.177289,78.918121,MH-001_C2,train,cnn_test,0,0,1,0.7483257
23389,MH-001_2025_R017_C021,MH-001,Gondkhari,2025,17,21,21.177289,78.91839,MH-001_C3,train,cnn_test,2,1,1,0.36863396
23390,MH-001_2025_R017_C022,MH-001,Gondkhari,2025,17,22,21.177289,78.91866,MH-001_C3,train,cnn_test,0,0,1,0.7461618
23391,MH-001_2025_R017_C023,MH-001,Gondkhari,2025,17,23,21.177289,78.918929,MH-001_C3,train,cnn_test,1,0,1,0.57405436
23392,MH-001_2025_R017_C024,MH-001,Gondkhari,2025,17,24,21.177289,78.919199,MH-001_C3,train,cnn_test,1,0,1,0.45100334
23393,MH-001_2025_R017_C025,MH-001,Gondkhari,2025,17,25,21.177289,78.919468,MH-001_C3,train,cnn_test,1,0,1,0.48406723
23394,MH-001_2025_R017_C026,MH-001,Gondkhari,2025,17,26,21.177289,78.919738,MH-001_C3,train,cnn_test,1,0,1,0.55811006
23395,MH-001_2025_R017_C027,MH-001,Gondkhari,2025,17,27,21.177289,78.920007,MH-001_C4,train,cnn_test,1,0,1,0.32830077
23396,MH-001_2025_R017_C029,MH-001,Gondkhari,2025,17,29,21.177289,78.920546,MH-001_C4,train,cnn_test,0,0,0,0.031580698
23397,MH-001_2025_R017_C030,MH-001,Gondkhari,2025,17,30,21.177289,78.920816,MH-001_C4,train,cnn_test,0,0,0,0.018355386
23398,MH-001_2025_R017_C031,MH-001,Gondkhari,2025,17,31,21.177289,78.921085,MH-001_C4,train,cnn_test,1,0,0,0.014905418
23399,MH-001_2025_R017_C032,MH-001,Gondkhari,2025,17,32,21.177289,78.921355,MH-001_C4,train,cnn_test,1,0,0,0.006702415
23400,MH-001_2025_R017_C033,MH-001,Gondkhari,2025,17,33,21.177289,78.921624,MH-001_C5,train,cnn_test,0,0,0,0.019310132
23401,MH-001_2025_R017_C034,MH-001,Gondkhari,2025,17,34,21.177289,78.921894,MH-001_C5,train,cnn_test,0,0,0,0.012728046
23402,MH-001_2025_R017_C035,MH-001,Gondkhari,2025,17,35,21.177289,78.922163,MH-001_C5,train,cnn_test,1,0,0,0.08244884
23403,MH-001_2025_R017_C036,MH-001,Gondkhari,2025,17,36,21.177289,78.922433,MH-001_C5,train,cnn_test,1,0,0,0.034364242
23404,MH-001_2025_R017_C037,MH-001,Gondkhari,2025,17,37,21.177289,78.922702,MH-001_C5,train,cnn_test,1,0,0,0.0854794
23405,MH-001_2025_R017_C038,MH-001,Gondkhari,2025,17,38,21.177289,78.922972,MH-001_C5,train,cnn_test,2,1,0,0.033726033
23406,MH-001_2025_R017_C039,MH-001,Gondkhari,2025,17,39,21.177289,78.923241,MH-001_C5,train,cnn_test,1,0,0,0.0050398014
23407,MH-001_2025_R017_C040,MH-001,Gondkhari,2025,17,40,21.177289,78.92351,MH-001_C6,train,cnn_test,0,0,0,0.025499275
23408,MH-001_2025_R017_C041,MH-001,Gondkhari,2025,17,41,21.177289,78.92378,MH-001_C6,train,cnn_test,0,0,0,0.08853376
23409,MH-001_2025_R017_C042,MH-001,Gondkhari,2025,17,42,21.177289,78.924049,MH-001_C6,train,cnn_test,0,0,0,0.07517007
23410,MH-001_2025_R017_C043,MH-001,Gondkhari,2025,17,43,21.177289,78.924319,MH-001_C6,train,cnn_test,0,0,1,0.16354372
23411,MH-001_2025_R017_C044,MH-001,Gondkhari,2025,17,44,21.177289,78.924588,MH-001_C6,train,cnn_test,0,0,1,0.3661964
23412,MH-001_2025_R017_C045,MH-001,Gondkhari,2025,17,45,21.177289,78.924858,MH-001_C6,train,cnn_test,2,1,1,0.77946526
23413,MH-001_2025_R017_C046,MH-001,Gondkhari,2025,17,46,21.177289,78.925127,MH-001_C7,train,cnn_test,2,1,1,0.61984843
23414,MH-001_2025_R017_C047,MH-001,Gondkhari,2025,17,47,21.177289,78.925397,MH-001_C7,train,cnn_test,0,0,1,0.79624057
23415,MH-001_2025_R017_C048,MH-001,Gondkhari,2025,17,48,21.177289,78.925666,MH-001_C7,train,cnn_test,1,0,1,0.7116426
23416,MH-001_2025_R017_C049,MH-001,Gondkhari,2025,17,49,21.177289,78.925936,MH-001_C7,train,cnn_test,0,0,1,0.79816264
23417,MH-001_2025_R017_C050,MH-001,Gondkhari,2025,17,50,21.177289,78.926205,MH-001_C7,train,cnn_test,0,0,1,0.64534235
23418,MH-001_2025_R017_C051,MH-001,Gondkhari,2025,17,51,21.177289,78.926475,MH-001_C7,train,cnn_test,0,0,1,0.8106123
23419,MH-001_2025_R018_C007,MH-001,Gondkhari,2025,18,7,21.177019,78.914617,MH-001_C0,train,cnn_test,0,0,1,0.27326703
23420,MH-001_2025_R018_C008,MH-001,Gondkhari,2025,18,8,21.177019,78.914887,MH-001_C1,train,cnn_test,0,0,1,0.45487756
23421,MH-001_2025_R018_C009,MH-001,Gondkhari,2025,18,9,21.177019,78.915156,MH-001_C1,train,cnn_test,0,0,1,0.3012557
23422,MH-001_2025_R018_C010,MH-001,Gondkhari,2025,18,10,21.177019,78.915426,MH-001_C1,train,cnn_test,1,0,1,0.17928135
23423,MH-001_2025_R018_C011,MH-001,Gondkhari,2025,18,11,21.177019,78.915695,MH-001_C1,train,cnn_test,2,1,0,0.027042152
23424,MH-001_2025_R018_C012,MH-001,Gondkhari,2025,18,12,21.177019,78.915965,MH-001_C1,train,cnn_test,0,0,0,0.008330676
23425,MH-001_2025_R018_C013,MH-001,Gondkhari,2025,18,13,21.177019,78.916234,MH-001_C1,train,cnn_test,1,0,0,0.003645121
23426,MH-001_2025_R018_C014,MH-001,Gondkhari,2025,18,14,21.177019,78.916504,MH-001_C2,train,cnn_test,2,1,0,0.038099192
23427,MH-001_2025_R018_C015,MH-001,Gondkhari,2025,18,15,21.177019,78.916773,MH-001_C2,train,cnn_test,1,0,1,0.81717956
23428,MH-001_2025_R018_C016,MH-001,Gondkhari,2025,18,16,21.177019,78.917043,MH-001_C2,train,cnn_test,1,0,1,0.91085356
23429,MH-001_2025_R018_C017,MH-001,Gondkhari,2025,18,17,21.177019,78.917312,MH-001_C2,train,cnn_test,0,0,1,0.8599866
23430,MH-001_2025_R018_C018,MH-001,Gondkhari,2025,18,18,21.177019,78.917582,MH-001_C2,train,cnn_test,1,0,1,0.85964346
23431,MH-001_2025_R018_C019,MH-001,Gondkhari,2025,18,19,21.177019,78.917851,MH-001_C2,train,cnn_test,1,0,1,0.80999696
23432,MH-001_2025_R018_C020,MH-001,Gondkhari,2025,18,20,21.177019,78.918121,MH-001_C2,train,cnn_test,0,0,1,0.63864565
23433,MH-001_2025_R018_C021,MH-001,Gondkhari,2025,18,21,21.177019,78.91839,MH-001_C3,train,cnn_test,1,0,1,0.25239393
23434,MH-001_2025_R018_C022,MH-001,Gondkhari,2025,18,22,21.177019,78.91866,MH-001_C3,train,cnn_test,0,0,1,0.6999043
23435,MH-001_2025_R018_C023,MH-001,Gondkhari,2025,18,23,21.177019,78.918929,MH-001_C3,train,cnn_test,0,0,1,0.72504765
23436,MH-001_2025_R018_C024,MH-001,Gondkhari,2025,18,24,21.177019,78.919199,MH-001_C3,train,cnn_test,0,0,1,0.7351606
23437,MH-001_2025_R018_C025,MH-001,Gondkhari,2025,18,25,21.177019,78.919468,MH-001_C3,train,cnn_test,0,0,1,0.8540973
23438,MH-001_2025_R018_C026,MH-001,Gondkhari,2025,18,26,21.177019,78.919738,MH-001_C3,train,cnn_test,0,0,1,0.7755659
23439,MH-001_2025_R018_C027,MH-001,Gondkhari,2025,18,27,21.177019,78.920007,MH-001_C4,train,cnn_test,0,0,1,0.56054366
23440,MH-001_2025_R018_C029,MH-001,Gondkhari,2025,18,29,21.177019,78.920546,MH-001_C4,train,cnn_test,0,0,1,0.14965102
23441,MH-001_2025_R018_C030,MH-001,Gondkhari,2025,18,30,21.177019,78.920816,MH-001_C4,train,cnn_test,0,0,0,0.048871033
23442,MH-001_2025_R018_C031,MH-001,Gondkhari,2025,18,31,21.177019,78.921085,MH-001_C4,train,cnn_test,1,0,1,0.10400451
23443,MH-001_2025_R018_C032,MH-001,Gondkhari,2025,18,32,21.177019,78.921355,MH-001_C4,train,cnn_test,0,0,0,0.071478926
23444,MH-001_2025_R018_C033,MH-001,Gondkhari,2025,18,33,21.177019,78.921624,MH-001_C5,train,cnn_test,0,0,1,0.107122466
23445,MH-001_2025_R018_C034,MH-001,Gondkhari,2025,18,34,21.177019,78.921894,MH-001_C5,train,cnn_test,0,0,0,0.060100537
23446,MH-001_2025_R018_C035,MH-001,Gondkhari,2025,18,35,21.177019,78.922163,MH-001_C5,train,cnn_test,0,0,0,0.05664967
23447,MH-001_2025_R018_C036,MH-001,Gondkhari,2025,18,36,21.177019,78.922433,MH-001_C5,train,cnn_test,0,0,0,0.043064922
23448,MH-001_2025_R018_C037,MH-001,Gondkhari,2025,18,37,21.177019,78.922702,MH-001_C5,train,cnn_test,0,0,0,0.021110592
23449,MH-001_2025_R018_C038,MH-001,Gondkhari,2025,18,38,21.177019,78.922972,MH-001_C5,train,cnn_test,0,0,0,0.009238506
23450,MH-001_2025_R018_C039,MH-001,Gondkhari,2025,18,39,21.177019,78.923241,MH-001_C5,train,cnn_test,0,0,0,0.00049630576
23451,MH-001_2025_R018_C040,MH-001,Gondkhari,2025,18,40,21.177019,78.92351,MH-001_C6,train,cnn_test,2,1,0,0.010905763
23452,MH-001_2025_R018_C041,MH-001,Gondkhari,2025,18,41,21.177019,78.92378,MH-001_C6,train,cnn_test,2,1,0,0.025257383
23453,MH-001_2025_R018_C042,MH-001,Gondkhari,2025,18,42,21.177019,78.924049,MH-001_C6,train,cnn_test,1,0,0,0.014040049
23454,MH-001_2025_R018_C043,MH-001,Gondkhari,2025,18,43,21.177019,78.924319,MH-001_C6,train,cnn_test,0,0,0,0.00836673
23455,MH-001_2025_R018_C044,MH-001,Gondkhari,2025,18,44,21.177019,78.924588,MH-001_C6,train,cnn_test,1,0,1,0.100917555
23456,MH-001_2025_R018_C045,MH-001,Gondkhari,2025,18,45,21.177019,78.924858,MH-001_C6,train,cnn_test,1,0,1,0.35161385
23457,MH-001_2025_R018_C046,MH-001,Gondkhari,2025,18,46,21.177019,78.925127,MH-001_C7,train,cnn_test,2,1,1,0.47122204
23458,MH-001_2025_R018_C047,MH-001,Gondkhari,2025,18,47,21.177019,78.925397,MH-001_C7,train,cnn_test,1,0,1,0.31722066
23459,MH-001_2025_R018_C048,MH-001,Gondkhari,2025,18,48,21.177019,78.925666,MH-001_C7,train,cnn_test,1,0,1,0.25827438
23460,MH-001_2025_R018_C049,MH-001,Gondkhari,2025,18,49,21.177019,78.925936,MH-001_C7,train,cnn_test,0,0,1,0.3496867
23461,MH-001_2025_R018_C050,MH-001,Gondkhari,2025,18,50,21.177019,78.926205,MH-001_C7,train,cnn_test,0,0,1,0.3022288
23462,MH-001_2025_R018_C051,MH-001,Gondkhari,2025,18,51,21.177019,78.926475,MH-001_C7,train,cnn_test,0,0,1,0.5882394
23463,MH-001_2025_R019_C008,MH-001,Gondkhari,2025,19,8,21.17675,78.914887,MH-001_C1,train,cnn_test,0,0,1,0.34169337
23464,MH-001_2025_R019_C009,MH-001,Gondkhari,2025,19,9,21.17675,78.915156,MH-001_C1,train,cnn_test,1,0,1,0.15226626
23465,MH-001_2025_R019_C010,MH-001,Gondkhari,2025,19,10,21.17675,78.915426,MH-001_C1,train,cnn_test,0,0,0,0.06611555
23466,MH-001_2025_R019_C011,MH-001,Gondkhari,2025,19,11,21.17675,78.915695,MH-001_C1,train,cnn_test,1,0,0,0.005860839
23467,MH-001_2025_R019_C012,MH-001,Gondkhari,2025,19,12,21.17675,78.915965,MH-001_C1,train,cnn_test,1,0,0,0.004277278
23468,MH-001_2025_R019_C013,MH-001,Gondkhari,2025,19,13,21.17675,78.916234,MH-001_C1,train,cnn_test,1,0,0,0.004100289
23469,MH-001_2025_R019_C014,MH-001,Gondkhari,2025,19,14,21.17675,78.916504,MH-001_C2,train,cnn_test,1,0,0,0.006522061
23470,MH-001_2025_R019_C015,MH-001,Gondkhari,2025,19,15,21.17675,78.916773,MH-001_C2,train,cnn_test,1,0,1,0.5369759
23471,MH-001_2025_R019_C016,MH-001,Gondkhari,2025,19,16,21.17675,78.917043,MH-001_C2,train,cnn_test,1,0,1,0.8134082
23472,MH-001_2025_R019_C017,MH-001,Gondkhari,2025,19,17,21.17675,78.917312,MH-001_C2,train,cnn_test,0,0,1,0.79096085
23473,MH-001_2025_R019_C018,MH-001,Gondkhari,2025,19,18,21.17675,78.917582,MH-001_C2,train,cnn_test,0,0,1,0.5044702
23474,MH-001_2025_R019_C019,MH-001,Gondkhari,2025,19,19,21.17675,78.917851,MH-001_C2,train,cnn_test,0,0,1,0.6474301
23475,MH-001_2025_R019_C020,MH-001,Gondkhari,2025,19,20,21.17675,78.918121,MH-001_C2,train,cnn_test,0,0,1,0.48241365
23476,MH-001_2025_R019_C021,MH-001,Gondkhari,2025,19,21,21.17675,78.91839,MH-001_C3,train,cnn_test,1,0,1,0.21293339
23477,MH-001_2025_R019_C022,MH-001,Gondkhari,2025,19,22,21.17675,78.91866,MH-001_C3,train,cnn_test,0,0,1,0.5670743
23478,MH-001_2025_R019_C023,MH-001,Gondkhari,2025,19,23,21.17675,78.918929,MH-001_C3,train,cnn_test,0,0,1,0.6558841
23479,MH-001_2025_R019_C024,MH-001,Gondkhari,2025,19,24,21.17675,78.919199,MH-001_C3,train,cnn_test,0,0,1,0.71389514
23480,MH-001_2025_R019_C025,MH-001,Gondkhari,2025,19,25,21.17675,78.919468,MH-001_C3,train,cnn_test,1,0,1,0.814773
23481,MH-001_2025_R019_C026,MH-001,Gondkhari,2025,19,26,21.17675,78.919738,MH-001_C3,train,cnn_test,0,0,1,0.8048178
23482,MH-001_2025_R019_C027,MH-001,Gondkhari,2025,19,27,21.17675,78.920007,MH-001_C4,train,cnn_test,0,0,1,0.80788887
23483,MH-001_2025_R019_C029,MH-001,Gondkhari,2025,19,29,21.17675,78.920546,MH-001_C4,train,cnn_test,1,0,1,0.2374851
23484,MH-001_2025_R019_C030,MH-001,Gondkhari,2025,19,30,21.17675,78.920816,MH-001_C4,train,cnn_test,1,0,1,0.5442502
23485,MH-001_2025_R019_C031,MH-001,Gondkhari,2025,19,31,21.17675,78.921085,MH-001_C4,train,cnn_test,0,0,1,0.5012888
23486,MH-001_2025_R019_C032,MH-001,Gondkhari,2025,19,32,21.17675,78.921355,MH-001_C4,train,cnn_test,1,0,1,0.45434988
23487,MH-001_2025_R019_C033,MH-001,Gondkhari,2025,19,33,21.17675,78.921624,MH-001_C5,train,cnn_test,0,0,1,0.54069275
23488,MH-001_2025_R019_C034,MH-001,Gondkhari,2025,19,34,21.17675,78.921894,MH-001_C5,train,cnn_test,0,0,1,0.35539383
23489,MH-001_2025_R019_C035,MH-001,Gondkhari,2025,19,35,21.17675,78.922163,MH-001_C5,train,cnn_test,0,0,1,0.3081867
23490,MH-001_2025_R019_C036,MH-001,Gondkhari,2025,19,36,21.17675,78.922433,MH-001_C5,train,cnn_test,1,0,1,0.12989113
23491,MH-001_2025_R019_C037,MH-001,Gondkhari,2025,19,37,21.17675,78.922702,MH-001_C5,train,cnn_test,1,0,0,0.082545154
23492,MH-001_2025_R019_C038,MH-001,Gondkhari,2025,19,38,21.17675,78.922972,MH-001_C5,train,cnn_test,2,1,0,0.05499923
23493,MH-001_2025_R019_C039,MH-001,Gondkhari,2025,19,39,21.17675,78.923241,MH-001_C5,train,cnn_test,2,1,0,0.0013241462
23494,MH-001_2025_R019_C040,MH-001,Gondkhari,2025,19,40,21.17675,78.92351,MH-001_C6,train,cnn_test,2,1,0,0.008646618
23495,MH-001_2025_R019_C041,MH-001,Gondkhari,2025,19,41,21.17675,78.92378,MH-001_C6,train,cnn_test,2,1,0,0.013839613
23496,MH-001_2025_R019_C042,MH-001,Gondkhari,2025,19,42,21.17675,78.924049,MH-001_C6,train,cnn_test,2,1,0,0.005656434
23497,MH-001_2025_R019_C043,MH-001,Gondkhari,2025,19,43,21.17675,78.924319,MH-001_C6,train,cnn_test,1,0,0,0.0053722444
23498,MH-001_2025_R019_C044,MH-001,Gondkhari,2025,19,44,21.17675,78.924588,MH-001_C6,train,cnn_test,1,0,0,0.026901286
23499,MH-001_2025_R019_C045,MH-001,Gondkhari,2025,19,45,21.17675,78.924858,MH-001_C6,train,cnn_test,0,0,0,0.07971463
23500,MH-001_2025_R019_C046,MH-001,Gondkhari,2025,19,46,21.17675,78.925127,MH-001_C7,train,cnn_test,0,0,0,0.025292702
23501,MH-001_2025_R019_C047,MH-001,Gondkhari,2025,19,47,21.17675,78.925397,MH-001_C7,train,cnn_test,1,0,0,0.019052718
23502,MH-001_2025_R019_C048,MH-001,Gondkhari,2025,19,48,21.17675,78.925666,MH-001_C7,train,cnn_test,0,0,0,0.0337018
23503,MH-001_2025_R019_C049,MH-001,Gondkhari,2025,19,49,21.17675,78.925936,MH-001_C7,train,cnn_test,0,0,1,0.20151916
23504,MH-001_2025_R019_C050,MH-001,Gondkhari,2025,19,50,21.17675,78.926205,MH-001_C7,train,cnn_test,0,0,1,0.20288143
23505,MH-001_2025_R019_C051,MH-001,Gondkhari,2025,19,51,21.17675,78.926475,MH-001_C7,train,cnn_test,0,0,1,0.7726127
23506,MH-001_2025_R020_C008,MH-001,Gondkhari,2025,20,8,21.17648,78.914887,MH-001_C1,train,cnn_test,0,0,1,0.15421942
23507,MH-001_2025_R020_C009,MH-001,Gondkhari,2025,20,9,21.17648,78.915156,MH-001_C1,train,cnn_test,0,0,1,0.11909982
23508,MH-001_2025_R020_C010,MH-001,Gondkhari,2025,20,10,21.17648,78.915426,MH-001_C1,train,cnn_test,0,0,1,0.105071366
23509,MH-001_2025_R020_C011,MH-001,Gondkhari,2025,20,11,21.17648,78.915695,MH-001_C1,train,cnn_test,1,0,0,0.011322585
23510,MH-001_2025_R020_C012,MH-001,Gondkhari,2025,20,12,21.17648,78.915965,MH-001_C1,train,cnn_test,1,0,0,0.00315568
23511,MH-001_2025_R020_C013,MH-001,Gondkhari,2025,20,13,21.17648,78.916234,MH-001_C1,train,cnn_test,1,0,0,0.0017718171
23512,MH-001_2025_R020_C014,MH-001,Gondkhari,2025,20,14,21.17648,78.916504,MH-001_C2,train,cnn_test,1,0,0,0.008285511
23513,MH-001_2025_R020_C015,MH-001,Gondkhari,2025,20,15,21.17648,78.916773,MH-001_C2,train,cnn_test,1,0,1,0.4122722
23514,MH-001_2025_R020_C016,MH-001,Gondkhari,2025,20,16,21.17648,78.917043,MH-001_C2,train,cnn_test,1,0,1,0.35454187
23515,MH-001_2025_R020_C017,MH-001,Gondkhari,2025,20,17,21.17648,78.917312,MH-001_C2,train,cnn_test,0,0,1,0.24420615
23516,MH-001_2025_R020_C018,MH-001,Gondkhari,2025,20,18,21.17648,78.917582,MH-001_C2,train,cnn_test,1,0,1,0.10694403
23517,MH-001_2025_R020_C019,MH-001,Gondkhari,2025,20,19,21.17648,78.917851,MH-001_C2,train,cnn_test,0,0,0,0.07463408
23518,MH-001_2025_R020_C020,MH-001,Gondkhari,2025,20,20,21.17648,78.918121,MH-001_C2,train,cnn_test,1,0,0,0.060862266
23519,MH-001_2025_R020_C021,MH-001,Gondkhari,2025,20,21,21.17648,78.91839,MH-001_C3,train,cnn_test,1,0,0,0.015906384
23520,MH-001_2025_R020_C022,MH-001,Gondkhari,2025,20,22,21.17648,78.91866,MH-001_C3,train,cnn_test,0,0,1,0.2768581
23521,MH-001_2025_R020_C023,MH-001,Gondkhari,2025,20,23,21.17648,78.918929,MH-001_C3,train,cnn_test,0,0,1,0.24076404
23522,MH-001_2025_R020_C024,MH-001,Gondkhari,2025,20,24,21.17648,78.919199,MH-001_C3,train,cnn_test,1,0,1,0.306074
23523,MH-001_2025_R020_C025,MH-001,Gondkhari,2025,20,25,21.17648,78.919468,MH-001_C3,train,cnn_test,1,0,1,0.7010172
23524,MH-001_2025_R020_C028,MH-001,Gondkhari,2025,20,28,21.17648,78.920277,MH-001_C4,train,cnn_test,1,0,1,0.6679497
23525,MH-001_2025_R020_C029,MH-001,Gondkhari,2025,20,29,21.17648,78.920546,MH-001_C4,train,cnn_test,1,0,1,0.8220908
23526,MH-001_2025_R020_C030,MH-001,Gondkhari,2025,20,30,21.17648,78.920816,MH-001_C4,train,cnn_test,1,0,1,0.69590276
23527,MH-001_2025_R020_C031,MH-001,Gondkhari,2025,20,31,21.17648,78.921085,MH-001_C4,train,cnn_test,0,0,1,0.8405089
23528,MH-001_2025_R020_C032,MH-001,Gondkhari,2025,20,32,21.17648,78.921355,MH-001_C4,train,cnn_test,1,0,1,0.8183152
23529,MH-001_2025_R020_C033,MH-001,Gondkhari,2025,20,33,21.17648,78.921624,MH-001_C5,train,cnn_test,1,0,1,0.86709046
23530,MH-001_2025_R020_C034,MH-001,Gondkhari,2025,20,34,21.17648,78.921894,MH-001_C5,train,cnn_test,0,0,1,0.8271986
23531,MH-001_2025_R020_C036,MH-001,Gondkhari,2025,20,36,21.17648,78.922433,MH-001_C5,train,cnn_test,0,0,1,0.38813812
23532,MH-001_2025_R020_C038,MH-001,Gondkhari,2025,20,38,21.17648,78.922972,MH-001_C5,train,cnn_test,1,0,0,0.03813733
23533,MH-001_2025_R020_C039,MH-001,Gondkhari,2025,20,39,21.17648,78.923241,MH-001_C5,train,cnn_test,2,1,0,0.0005921109
23534,MH-001_2025_R020_C040,MH-001,Gondkhari,2025,20,40,21.17648,78.92351,MH-001_C6,train,cnn_test,3,1,0,0.010899418
23535,MH-001_2025_R020_C041,MH-001,Gondkhari,2025,20,41,21.17648,78.92378,MH-001_C6,train,cnn_test,3,1,0,0.018800098
23536,MH-001_2025_R020_C042,MH-001,Gondkhari,2025,20,42,21.17648,78.924049,MH-001_C6,train,cnn_test,1,0,0,0.010654195
23537,MH-001_2025_R020_C043,MH-001,Gondkhari,2025,20,43,21.17648,78.924319,MH-001_C6,train,cnn_test,1,0,0,0.006977771
23538,MH-001_2025_R020_C044,MH-001,Gondkhari,2025,20,44,21.17648,78.924588,MH-001_C6,train,cnn_test,1,0,0,0.036620986
23539,MH-001_2025_R020_C045,MH-001,Gondkhari,2025,20,45,21.17648,78.924858,MH-001_C6,train,cnn_test,0,0,0,0.099438734
23540,MH-001_2025_R020_C046,MH-001,Gondkhari,2025,20,46,21.17648,78.925127,MH-001_C7,train,cnn_test,0,0,0,0.02896024
23541,MH-001_2025_R020_C047,MH-001,Gondkhari,2025,20,47,21.17648,78.925397,MH-001_C7,train,cnn_test,1,0,0,0.022953516
23542,MH-001_2025_R020_C048,MH-001,Gondkhari,2025,20,48,21.17648,78.925666,MH-001_C7,train,cnn_test,1,0,0,0.05070284
23543,MH-001_2025_R020_C049,MH-001,Gondkhari,2025,20,49,21.17648,78.925936,MH-001_C7,train,cnn_test,0,0,1,0.14391488
23544,MH-001_2025_R020_C050,MH-001,Gondkhari,2025,20,50,21.17648,78.926205,MH-001_C7,train,cnn_test,0,0,1,0.15524514
23545,MH-001_2025_R021_C009,MH-001,Gondkhari,2025,21,9,21.176211,78.915156,MH-001_C1,train,cnn_test,0,0,1,0.17985609
23546,MH-001_2025_R021_C010,MH-001,Gondkhari,2025,21,10,21.176211,78.915426,MH-001_C1,train,cnn_test,0,0,0,0.03548107
23547,MH-001_2025_R021_C011,MH-001,Gondkhari,2025,21,11,21.176211,78.915695,MH-001_C1,train,cnn_test,0,0,0,0.005961894
23548,MH-001_2025_R021_C012,MH-001,Gondkhari,2025,21,12,21.176211,78.915965,MH-001_C1,train,cnn_test,0,0,0,0.0017472344
23549,MH-001_2025_R021_C013,MH-001,Gondkhari,2025,21,13,21.176211,78.916234,MH-001_C1,train,cnn_test,1,0,0,0.0026595858
23550,MH-001_2025_R021_C014,MH-001,Gondkhari,2025,21,14,21.176211,78.916504,MH-001_C2,train,cnn_test,1,0,0,0.004269434
23551,MH-001_2025_R021_C015,MH-001,Gondkhari,2025,21,15,21.176211,78.916773,MH-001_C2,train,cnn_test,1,0,0,0.077757515
23552,MH-001_2025_R021_C017,MH-001,Gondkhari,2025,21,17,21.176211,78.917312,MH-001_C2,train,cnn_test,0,0,1,0.1267573
23553,MH-001_2025_R021_C018,MH-001,Gondkhari,2025,21,18,21.176211,78.917582,MH-001_C2,train,cnn_test,0,0,0,0.030800123
23554,MH-001_2025_R021_C019,MH-001,Gondkhari,2025,21,19,21.176211,78.917851,MH-001_C2,train,cnn_test,0,0,1,0.15783697
23555,MH-001_2025_R021_C020,MH-001,Gondkhari,2025,21,20,21.176211,78.918121,MH-001_C2,train,cnn_test,1,0,1,0.16232184
23556,MH-001_2025_R021_C021,MH-001,Gondkhari,2025,21,21,21.176211,78.91839,MH-001_C3,train,cnn_test,1,0,1,0.23998307
23557,MH-001_2025_R021_C022,MH-001,Gondkhari,2025,21,22,21.176211,78.91866,MH-001_C3,train,cnn_test,1,0,1,0.5993588
23558,MH-001_2025_R021_C023,MH-001,Gondkhari,2025,21,23,21.176211,78.918929,MH-001_C3,train,cnn_test,1,0,1,0.81964666
23559,MH-001_2025_R021_C026,MH-001,Gondkhari,2025,21,26,21.176211,78.919738,MH-001_C3,train,cnn_test,1,0,1,0.9001538
23560,MH-001_2025_R021_C027,MH-001,Gondkhari,2025,21,27,21.176211,78.920007,MH-001_C4,train,cnn_test,1,0,1,0.91039944
23561,MH-001_2025_R021_C028,MH-001,Gondkhari,2025,21,28,21.176211,78.920277,MH-001_C4,train,cnn_test,1,0,1,0.62724155
23562,MH-001_2025_R021_C029,MH-001,Gondkhari,2025,21,29,21.176211,78.920546,MH-001_C4,train,cnn_test,2,1,1,0.60264003
23563,MH-001_2025_R021_C030,MH-001,Gondkhari,2025,21,30,21.176211,78.920816,MH-001_C4,train,cnn_test,2,1,1,0.6810327
23564,MH-001_2025_R021_C031,MH-001,Gondkhari,2025,21,31,21.176211,78.921085,MH-001_C4,train,cnn_test,1,0,1,0.6610873
23565,MH-001_2025_R021_C032,MH-001,Gondkhari,2025,21,32,21.176211,78.921355,MH-001_C4,train,cnn_test,1,0,1,0.4521499
23566,MH-001_2025_R021_C033,MH-001,Gondkhari,2025,21,33,21.176211,78.921624,MH-001_C5,train,cnn_test,0,0,1,0.5813938
23567,MH-001_2025_R021_C036,MH-001,Gondkhari,2025,21,36,21.176211,78.922433,MH-001_C5,train,cnn_test,1,0,1,0.25591207
23568,MH-001_2025_R021_C037,MH-001,Gondkhari,2025,21,37,21.176211,78.922702,MH-001_C5,train,cnn_test,1,0,1,0.17635334
23569,MH-001_2025_R021_C038,MH-001,Gondkhari,2025,21,38,21.176211,78.922972,MH-001_C5,train,cnn_test,2,1,1,0.2514789
23570,MH-001_2025_R021_C039,MH-001,Gondkhari,2025,21,39,21.176211,78.923241,MH-001_C5,train,cnn_test,2,1,0,0.003792522
23571,MH-001_2025_R021_C040,MH-001,Gondkhari,2025,21,40,21.176211,78.92351,MH-001_C6,train,cnn_test,3,1,0,0.021018265
23572,MH-001_2025_R021_C041,MH-001,Gondkhari,2025,21,41,21.176211,78.92378,MH-001_C6,train,cnn_test,3,1,0,0.04861645
23573,MH-001_2025_R021_C042,MH-001,Gondkhari,2025,21,42,21.176211,78.924049,MH-001_C6,train,cnn_test,2,1,0,0.0077895047
23574,MH-001_2025_R021_C043,MH-001,Gondkhari,2025,21,43,21.176211,78.924319,MH-001_C6,train,cnn_test,1,0,0,0.008623017
23575,MH-001_2025_R021_C044,MH-001,Gondkhari,2025,21,44,21.176211,78.924588,MH-001_C6,train,cnn_test,1,0,0,0.01844965
23576,MH-001_2025_R021_C045,MH-001,Gondkhari,2025,21,45,21.176211,78.924858,MH-001_C6,train,cnn_test,0,0,0,0.040852424
23577,MH-001_2025_R021_C046,MH-001,Gondkhari,2025,21,46,21.176211,78.925127,MH-001_C7,train,cnn_test,0,0,0,0.004961339
23578,MH-001_2025_R021_C047,MH-001,Gondkhari,2025,21,47,21.176211,78.925397,MH-001_C7,train,cnn_test,1,0,0,0.011770723
23579,MH-001_2025_R021_C048,MH-001,Gondkhari,2025,21,48,21.176211,78.925666,MH-001_C7,train,cnn_test,1,0,0,0.016827038
23580,MH-001_2025_R021_C049,MH-001,Gondkhari,2025,21,49,21.176211,78.925936,MH-001_C7,train,cnn_test,0,0,1,0.21055599
23581,MH-001_2025_R021_C051,MH-001,Gondkhari,2025,21,51,21.176211,78.926475,MH-001_C7,train,cnn_test,0,0,1,0.796242
23582,MH-001_2025_R022_C009,MH-001,Gondkhari,2025,22,9,21.175941,78.915156,MH-001_C1,train,cnn_test,0,0,1,0.48883465
23583,MH-001_2025_R022_C010,MH-001,Gondkhari,2025,22,10,21.175941,78.915426,MH-001_C1,train,cnn_test,0,0,1,0.14427188
23584,MH-001_2025_R022_C011,MH-001,Gondkhari,2025,22,11,21.175941,78.915695,MH-001_C1,train,cnn_test,1,0,0,0.018154202
23585,MH-001_2025_R022_C012,MH-001,Gondkhari,2025,22,12,21.175941,78.915965,MH-001_C1,train,cnn_test,1,0,0,0.003282819
23586,MH-001_2025_R022_C013,MH-001,Gondkhari,2025,22,13,21.175941,78.916234,MH-001_C1,train,cnn_test,1,0,0,0.0051726582
23587,MH-001_2025_R022_C014,MH-001,Gondkhari,2025,22,14,21.175941,78.916504,MH-001_C2,train,cnn_test,1,0,0,0.004551814
23588,MH-001_2025_R022_C015,MH-001,Gondkhari,2025,22,15,21.175941,78.916773,MH-001_C2,train,cnn_test,0,0,0,0.03188946
23589,MH-001_2025_R022_C017,MH-001,Gondkhari,2025,22,17,21.175941,78.917312,MH-001_C2,train,cnn_test,0,0,0,0.008867918
23590,MH-001_2025_R022_C018,MH-001,Gondkhari,2025,22,18,21.175941,78.917582,MH-001_C2,train,cnn_test,0,0,0,0.0073800464
23591,MH-001_2025_R022_C019,MH-001,Gondkhari,2025,22,19,21.175941,78.917851,MH-001_C2,train,cnn_test,0,0,0,0.018336667
23592,MH-001_2025_R022_C020,MH-001,Gondkhari,2025,22,20,21.175941,78.918121,MH-001_C2,train,cnn_test,0,0,0,0.043708757
23593,MH-001_2025_R022_C021,MH-001,Gondkhari,2025,22,21,21.175941,78.91839,MH-001_C3,train,cnn_test,1,0,0,0.026433777
23594,MH-001_2025_R022_C022,MH-001,Gondkhari,2025,22,22,21.175941,78.91866,MH-001_C3,train,cnn_test,1,0,1,0.21869978
23595,MH-001_2025_R022_C024,MH-001,Gondkhari,2025,22,24,21.175941,78.919199,MH-001_C3,train,cnn_test,0,0,1,0.5654249
23596,MH-001_2025_R022_C025,MH-001,Gondkhari,2025,22,25,21.175941,78.919468,MH-001_C3,train,cnn_test,0,0,1,0.73119557
23597,MH-001_2025_R022_C026,MH-001,Gondkhari,2025,22,26,21.175941,78.919738,MH-001_C3,train,cnn_test,1,0,1,0.84206265
23598,MH-001_2025_R022_C027,MH-001,Gondkhari,2025,22,27,21.175941,78.920007,MH-001_C4,train,cnn_test,1,0,1,0.8411957
23599,MH-001_2025_R022_C028,MH-001,Gondkhari,2025,22,28,21.175941,78.920277,MH-001_C4,train,cnn_test,0,0,1,0.55206114
23600,MH-001_2025_R022_C029,MH-001,Gondkhari,2025,22,29,21.175941,78.920546,MH-001_C4,train,cnn_test,2,1,1,0.5319986
23601,MH-001_2025_R022_C030,MH-001,Gondkhari,2025,22,30,21.175941,78.920816,MH-001_C4,train,cnn_test,2,1,1,0.23766261
23602,MH-001_2025_R022_C031,MH-001,Gondkhari,2025,22,31,21.175941,78.921085,MH-001_C4,train,cnn_test,0,0,1,0.25452086
23603,MH-001_2025_R022_C038,MH-001,Gondkhari,2025,22,38,21.175941,78.922972,MH-001_C5,train,cnn_test,2,1,0,0.02322525
23604,MH-001_2025_R022_C039,MH-001,Gondkhari,2025,22,39,21.175941,78.923241,MH-001_C5,train,cnn_test,2,1,0,0.00068079046
23605,MH-001_2025_R022_C040,MH-001,Gondkhari,2025,22,40,21.175941,78.92351,MH-001_C6,train,cnn_test,3,1,0,0.0049082576
23606,MH-001_2025_R022_C041,MH-001,Gondkhari,2025,22,41,21.175941,78.92378,MH-001_C6,train,cnn_test,3,1,0,0.003079084
23607,MH-001_2025_R022_C042,MH-001,Gondkhari,2025,22,42,21.175941,78.924049,MH-001_C6,train,cnn_test,1,0,0,0.0022213757
23608,MH-001_2025_R022_C043,MH-001,Gondkhari,2025,22,43,21.175941,78.924319,MH-001_C6,train,cnn_test,1,0,0,0.0015863405
23609,MH-001_2025_R022_C044,MH-001,Gondkhari,2025,22,44,21.175941,78.924588,MH-001_C6,train,cnn_test,1,0,0,0.0029019956
23610,MH-001_2025_R022_C045,MH-001,Gondkhari,2025,22,45,21.175941,78.924858,MH-001_C6,train,cnn_test,1,0,0,0.0128851645
23611,MH-001_2025_R022_C046,MH-001,Gondkhari,2025,22,46,21.175941,78.925127,MH-001_C7,train,cnn_test,0,0,0,0.0018019498
23612,MH-001_2025_R022_C047,MH-001,Gondkhari,2025,22,47,21.175941,78.925397,MH-001_C7,train,cnn_test,1,0,0,0.0029768846
23613,MH-001_2025_R022_C048,MH-001,Gondkhari,2025,22,48,21.175941,78.925666,MH-001_C7,train,cnn_test,1,0,0,0.0015903149
23614,MH-001_2025_R022_C049,MH-001,Gondkhari,2025,22,49,21.175941,78.925936,MH-001_C7,train,cnn_test,1,0,0,0.0040874523
23615,MH-001_2025_R022_C050,MH-001,Gondkhari,2025,22,50,21.175941,78.926205,MH-001_C7,train,cnn_test,0,0,0,0.006015191
23616,MH-001_2025_R023_C010,MH-001,Gondkhari,2025,23,10,21.175672,78.915426,MH-001_C1,train,cnn_test,0,0,1,0.16160224
23617,MH-001_2025_R023_C011,MH-001,Gondkhari,2025,23,11,21.175672,78.915695,MH-001_C1,train,cnn_test,1,0,0,0.008813729
23618,MH-001_2025_R023_C012,MH-001,Gondkhari,2025,23,12,21.175672,78.915965,MH-001_C1,train,cnn_test,2,1,0,0.0016394368
23619,MH-001_2025_R023_C013,MH-001,Gondkhari,2025,23,13,21.175672,78.916234,MH-001_C1,train,cnn_test,2,1,0,0.0011506468
23620,MH-001_2025_R023_C014,MH-001,Gondkhari,2025,23,14,21.175672,78.916504,MH-001_C2,train,cnn_test,2,1,0,0.000736445
23621,MH-001_2025_R023_C015,MH-001,Gondkhari,2025,23,15,21.175672,78.916773,MH-001_C2,train,cnn_test,2,1,0,0.007988943
23622,MH-001_2025_R023_C017,MH-001,Gondkhari,2025,23,17,21.175672,78.917312,MH-001_C2,train,cnn_test,2,1,0,0.024420029
23623,MH-001_2025_R023_C018,MH-001,Gondkhari,2025,23,18,21.175672,78.917582,MH-001_C2,train,cnn_test,1,0,0,0.01362434
23624,MH-001_2025_R023_C019,MH-001,Gondkhari,2025,23,19,21.175672,78.917851,MH-001_C2,train,cnn_test,1,0,0,0.088561304
23625,MH-001_2025_R023_C020,MH-001,Gondkhari,2025,23,20,21.175672,78.918121,MH-001_C2,train,cnn_test,1,0,1,0.13795389
23626,MH-001_2025_R023_C021,MH-001,Gondkhari,2025,23,21,21.175672,78.91839,MH-001_C3,train,cnn_test,1,0,1,0.1633857
23627,MH-001_2025_R023_C022,MH-001,Gondkhari,2025,23,22,21.175672,78.91866,MH-001_C3,train,cnn_test,0,0,1,0.17839982
23628,MH-001_2025_R023_C023,MH-001,Gondkhari,2025,23,23,21.175672,78.918929,MH-001_C3,train,cnn_test,0,0,1,0.7150646
23629,MH-001_2025_R023_C024,MH-001,Gondkhari,2025,23,24,21.175672,78.919199,MH-001_C3,train,cnn_test,0,0,1,0.5301561
23630,MH-001_2025_R023_C025,MH-001,Gondkhari,2025,23,25,21.175672,78.919468,MH-001_C3,train,cnn_test,1,0,1,0.7476063
23631,MH-001_2025_R023_C026,MH-001,Gondkhari,2025,23,26,21.175672,78.919738,MH-001_C3,train,cnn_test,1,0,1,0.82280815
23632,MH-001_2025_R023_C027,MH-001,Gondkhari,2025,23,27,21.175672,78.920007,MH-001_C4,train,cnn_test,2,1,1,0.8703999
23633,MH-001_2025_R023_C028,MH-001,Gondkhari,2025,23,28,21.175672,78.920277,MH-001_C4,train,cnn_test,0,0,1,0.20934843
23634,MH-001_2025_R023_C029,MH-001,Gondkhari,2025,23,29,21.175672,78.920546,MH-001_C4,train,cnn_test,1,0,1,0.33806008
23635,MH-001_2025_R023_C030,MH-001,Gondkhari,2025,23,30,21.175672,78.920816,MH-001_C4,train,cnn_test,0,0,1,0.27900225
23636,MH-001_2025_R023_C031,MH-001,Gondkhari,2025,23,31,21.175672,78.921085,MH-001_C4,train,cnn_test,0,0,1,0.26178274
23637,MH-001_2025_R023_C032,MH-001,Gondkhari,2025,23,32,21.175672,78.921355,MH-001_C4,train,cnn_test,0,0,1,0.15149105
23638,MH-001_2025_R023_C034,MH-001,Gondkhari,2025,23,34,21.175672,78.921894,MH-001_C5,train,cnn_test,1,0,1,0.14233622
23639,MH-001_2025_R023_C035,MH-001,Gondkhari,2025,23,35,21.175672,78.922163,MH-001_C5,train,cnn_test,0,0,1,0.18714406
23640,MH-001_2025_R023_C037,MH-001,Gondkhari,2025,23,37,21.175672,78.922702,MH-001_C5,train,cnn_test,2,1,0,0.050037965
23641,MH-001_2025_R023_C038,MH-001,Gondkhari,2025,23,38,21.175672,78.922972,MH-001_C5,train,cnn_test,2,1,1,0.31839082
23642,MH-001_2025_R023_C039,MH-001,Gondkhari,2025,23,39,21.175672,78.923241,MH-001_C5,train,cnn_test,2,1,0,0.009026641
23643,MH-001_2025_R023_C040,MH-001,Gondkhari,2025,23,40,21.175672,78.92351,MH-001_C6,train,cnn_test,2,1,0,0.03542249
23644,MH-001_2025_R023_C041,MH-001,Gondkhari,2025,23,41,21.175672,78.92378,MH-001_C6,train,cnn_test,2,1,0,0.035404786
23645,MH-001_2025_R023_C042,MH-001,Gondkhari,2025,23,42,21.175672,78.924049,MH-001_C6,train,cnn_test,0,0,0,0.0063675945
23646,MH-001_2025_R023_C043,MH-001,Gondkhari,2025,23,43,21.175672,78.924319,MH-001_C6,train,cnn_test,0,0,0,0.0020768454
23647,MH-001_2025_R023_C044,MH-001,Gondkhari,2025,23,44,21.175672,78.924588,MH-001_C6,train,cnn_test,0,0,0,0.0074697165
23648,MH-001_2025_R023_C045,MH-001,Gondkhari,2025,23,45,21.175672,78.924858,MH-001_C6,train,cnn_test,0,0,0,0.008515871
23649,MH-001_2025_R023_C046,MH-001,Gondkhari,2025,23,46,21.175672,78.925127,MH-001_C7,train,cnn_test,1,0,0,0.0029104883
23650,MH-001_2025_R023_C047,MH-001,Gondkhari,2025,23,47,21.175672,78.925397,MH-001_C7,train,cnn_test,1,0,0,0.0034290107
23651,MH-001_2025_R023_C048,MH-001,Gondkhari,2025,23,48,21.175672,78.925666,MH-001_C7,train,cnn_test,1,0,0,0.003095974
23652,MH-001_2025_R023_C049,MH-001,Gondkhari,2025,23,49,21.175672,78.925936,MH-001_C7,train,cnn_test,1,0,0,0.009350508
23653,MH-001_2025_R023_C050,MH-001,Gondkhari,2025,23,50,21.175672,78.926205,MH-001_C7,train,cnn_test,1,0,0,0.014751294
23654,MH-001_2025_R023_C051,MH-001,Gondkhari,2025,23,51,21.175672,78.926475,MH-001_C7,train,cnn_test,0,0,1,0.6119256
23655,MH-001_2025_R024_C010,MH-001,Gondkhari,2025,24,10,21.175402,78.915426,MH-001_C1,train,cnn_test,0,0,1,0.22016534
23656,MH-001_2025_R024_C011,MH-001,Gondkhari,2025,24,11,21.175402,78.915695,MH-001_C1,train,cnn_test,0,0,0,0.009814538
23657,MH-001_2025_R024_C012,MH-001,Gondkhari,2025,24,12,21.175402,78.915965,MH-001_C1,train,cnn_test,2,1,0,0.0007124647
23658,MH-001_2025_R024_C013,MH-001,Gondkhari,2025,24,13,21.175402,78.916234,MH-001_C1,train,cnn_test,2,1,0,0.00040745817
23659,MH-001_2025_R024_C014,MH-001,Gondkhari,2025,24,14,21.175402,78.916504,MH-001_C2,train,cnn_test,2,1,0,0.00018497636
23660,MH-001_2025_R024_C015,MH-001,Gondkhari,2025,24,15,21.175402,78.916773,MH-001_C2,train,cnn_test,2,1,0,0.002958537
23661,MH-001_2025_R024_C017,MH-001,Gondkhari,2025,24,17,21.175402,78.917312,MH-001_C2,train,cnn_test,2,1,0,0.0027259535
23662,MH-001_2025_R024_C018,MH-001,Gondkhari,2025,24,18,21.175402,78.917582,MH-001_C2,train,cnn_test,1,0,0,0.0023405242
23663,MH-001_2025_R024_C019,MH-001,Gondkhari,2025,24,19,21.175402,78.917851,MH-001_C2,train,cnn_test,0,0,0,0.011834928
23664,MH-001_2025_R024_C020,MH-001,Gondkhari,2025,24,20,21.175402,78.918121,MH-001_C2,train,cnn_test,0,0,0,0.015009903
23665,MH-001_2025_R024_C021,MH-001,Gondkhari,2025,24,21,21.175402,78.91839,MH-001_C3,train,cnn_test,1,0,0,0.015672399
23666,MH-001_2025_R024_C022,MH-001,Gondkhari,2025,24,22,21.175402,78.91866,MH-001_C3,train,cnn_test,0,0,0,0.012409681
23667,MH-001_2025_R024_C023,MH-001,Gondkhari,2025,24,23,21.175402,78.918929,MH-001_C3,train,cnn_test,0,0,0,0.08067208
23668,MH-001_2025_R024_C024,MH-001,Gondkhari,2025,24,24,21.175402,78.919199,MH-001_C3,train,cnn_test,0,0,0,0.08423109
23669,MH-001_2025_R024_C025,MH-001,Gondkhari,2025,24,25,21.175402,78.919468,MH-001_C3,train,cnn_test,0,0,1,0.12400343
23670,MH-001_2025_R024_C026,MH-001,Gondkhari,2025,24,26,21.175402,78.919738,MH-001_C3,train,cnn_test,1,0,1,0.40907326
23671,MH-001_2025_R024_C027,MH-001,Gondkhari,2025,24,27,21.175402,78.920007,MH-001_C4,train,cnn_test,1,0,1,0.6640828
23672,MH-001_2025_R024_C028,MH-001,Gondkhari,2025,24,28,21.175402,78.920277,MH-001_C4,train,cnn_test,0,0,1,0.11445387
23673,MH-001_2025_R024_C029,MH-001,Gondkhari,2025,24,29,21.175402,78.920546,MH-001_C4,train,cnn_test,0,0,0,0.082102925
23674,MH-001_2025_R024_C030,MH-001,Gondkhari,2025,24,30,21.175402,78.920816,MH-001_C4,train,cnn_test,0,0,0,0.03844092
23675,MH-001_2025_R024_C031,MH-001,Gondkhari,2025,24,31,21.175402,78.921085,MH-001_C4,train,cnn_test,1,0,0,0.079606846
23676,MH-001_2025_R024_C032,MH-001,Gondkhari,2025,24,32,21.175402,78.921355,MH-001_C4,train,cnn_test,1,0,1,0.3101214
23677,MH-001_2025_R024_C033,MH-001,Gondkhari,2025,24,33,21.175402,78.921624,MH-001_C5,train,cnn_test,1,0,1,0.5535916
23678,MH-001_2025_R024_C035,MH-001,Gondkhari,2025,24,35,21.175402,78.922163,MH-001_C5,train,cnn_test,0,0,1,0.11064314
23679,MH-001_2025_R024_C038,MH-001,Gondkhari,2025,24,38,21.175402,78.922972,MH-001_C5,train,cnn_test,1,0,1,0.16210622
23680,MH-001_2025_R024_C039,MH-001,Gondkhari,2025,24,39,21.175402,78.923241,MH-001_C5,train,cnn_test,1,0,0,0.01867734
23681,MH-001_2025_R024_C040,MH-001,Gondkhari,2025,24,40,21.175402,78.92351,MH-001_C6,train,cnn_test,2,1,0,0.022752997
23682,MH-001_2025_R024_C041,MH-001,Gondkhari,2025,24,41,21.175402,78.92378,MH-001_C6,train,cnn_test,1,0,0,0.015343447
23683,MH-001_2025_R024_C042,MH-001,Gondkhari,2025,24,42,21.175402,78.924049,MH-001_C6,train,cnn_test,0,0,0,0.010583463
23684,MH-001_2025_R024_C043,MH-001,Gondkhari,2025,24,43,21.175402,78.924319,MH-001_C6,train,cnn_test,0,0,0,0.0051863166
23685,MH-001_2025_R024_C044,MH-001,Gondkhari,2025,24,44,21.175402,78.924588,MH-001_C6,train,cnn_test,0,0,0,0.0058159987
23686,MH-001_2025_R024_C045,MH-001,Gondkhari,2025,24,45,21.175402,78.924858,MH-001_C6,train,cnn_test,1,0,0,0.0050065513
23687,MH-001_2025_R024_C046,MH-001,Gondkhari,2025,24,46,21.175402,78.925127,MH-001_C7,train,cnn_test,0,0,0,0.00063941535
23688,MH-001_2025_R024_C047,MH-001,Gondkhari,2025,24,47,21.175402,78.925397,MH-001_C7,train,cnn_test,0,0,0,0.00087411486
23689,MH-001_2025_R024_C048,MH-001,Gondkhari,2025,24,48,21.175402,78.925666,MH-001_C7,train,cnn_test,0,0,0,0.0004949746
23690,MH-001_2025_R024_C049,MH-001,Gondkhari,2025,24,49,21.175402,78.925936,MH-001_C7,train,cnn_test,0,0,0,0.00089910155
23691,MH-001_2025_R024_C050,MH-001,Gondkhari,2025,24,50,21.175402,78.926205,MH-001_C7,train,cnn_test,0,0,0,0.0014884744
23692,MH-001_2025_R024_C051,MH-001,Gondkhari,2025,24,51,21.175402,78.926475,MH-001_C7,train,cnn_test,0,0,1,0.113036275
23693,MH-001_2025_R025_C011,MH-001,Gondkhari,2025,25,11,21.175133,78.915695,MH-001_C1,train,cnn_test,0,0,0,0.016996747
23694,MH-001_2025_R025_C012,MH-001,Gondkhari,2025,25,12,21.175133,78.915965,MH-001_C1,train,cnn_test,2,1,0,0.0013630224
23695,MH-001_2025_R025_C013,MH-001,Gondkhari,2025,25,13,21.175133,78.916234,MH-001_C1,train,cnn_test,2,1,0,0.00036474006
23696,MH-001_2025_R025_C015,MH-001,Gondkhari,2025,25,15,21.175133,78.916773,MH-001_C2,train,cnn_test,2,1,0,0.0034463184
23697,MH-001_2025_R025_C016,MH-001,Gondkhari,2025,25,16,21.175133,78.917043,MH-001_C2,train,cnn_test,2,1,0,0.005902073
23698,MH-001_2025_R025_C017,MH-001,Gondkhari,2025,25,17,21.175133,78.917312,MH-001_C2,train,cnn_test,2,1,0,0.010175165
23699,MH-001_2025_R025_C018,MH-001,Gondkhari,2025,25,18,21.175133,78.917582,MH-001_C2,train,cnn_test,1,0,0,0.008483895
23700,MH-001_2025_R025_C019,MH-001,Gondkhari,2025,25,19,21.175133,78.917851,MH-001_C2,train,cnn_test,1,0,0,0.019308921
23701,MH-001_2025_R025_C020,MH-001,Gondkhari,2025,25,20,21.175133,78.918121,MH-001_C2,train,cnn_test,1,0,0,0.059333675
23702,MH-001_2025_R025_C021,MH-001,Gondkhari,2025,25,21,21.175133,78.91839,MH-001_C3,train,cnn_test,0,0,0,0.08372506
23703,MH-001_2025_R025_C024,MH-001,Gondkhari,2025,25,24,21.175133,78.919199,MH-001_C3,train,cnn_test,1,0,1,0.39598852
23704,MH-001_2025_R025_C025,MH-001,Gondkhari,2025,25,25,21.175133,78.919468,MH-001_C3,train,cnn_test,1,0,1,0.41646096
23705,MH-001_2025_R025_C026,MH-001,Gondkhari,2025,25,26,21.175133,78.919738,MH-001_C3,train,cnn_test,1,0,1,0.6255931
23706,MH-001_2025_R025_C027,MH-001,Gondkhari,2025,25,27,21.175133,78.920007,MH-001_C4,train,cnn_test,0,0,1,0.6331595
23707,MH-001_2025_R025_C028,MH-001,Gondkhari,2025,25,28,21.175133,78.920277,MH-001_C4,train,cnn_test,0,0,0,0.049704775
23708,MH-001_2025_R025_C029,MH-001,Gondkhari,2025,25,29,21.175133,78.920546,MH-001_C4,train,cnn_test,1,0,0,0.0895864
23709,MH-001_2025_R025_C030,MH-001,Gondkhari,2025,25,30,21.175133,78.920816,MH-001_C4,train,cnn_test,1,0,0,0.09551321
23710,MH-001_2025_R025_C031,MH-001,Gondkhari,2025,25,31,21.175133,78.921085,MH-001_C4,train,cnn_test,2,1,1,0.24935128
23711,MH-001_2025_R025_C032,MH-001,Gondkhari,2025,25,32,21.175133,78.921355,MH-001_C4,train,cnn_test,1,0,1,0.36038247
23712,MH-001_2025_R025_C036,MH-001,Gondkhari,2025,25,36,21.175133,78.922433,MH-001_C5,train,cnn_test,1,0,0,0.09915117
23713,MH-001_2025_R025_C039,MH-001,Gondkhari,2025,25,39,21.175133,78.923241,MH-001_C5,train,cnn_test,0,0,0,0.051520105
23714,MH-001_2025_R025_C040,MH-001,Gondkhari,2025,25,40,21.175133,78.92351,MH-001_C6,train,cnn_test,1,0,0,0.034107495
23715,MH-001_2025_R025_C041,MH-001,Gondkhari,2025,25,41,21.175133,78.92378,MH-001_C6,train,cnn_test,0,0,0,0.028873486
23716,MH-001_2025_R025_C042,MH-001,Gondkhari,2025,25,42,21.175133,78.924049,MH-001_C6,train,cnn_test,0,0,0,0.004680634
23717,MH-001_2025_R025_C043,MH-001,Gondkhari,2025,25,43,21.175133,78.924319,MH-001_C6,train,cnn_test,0,0,0,0.0015654095
23718,MH-001_2025_R025_C044,MH-001,Gondkhari,2025,25,44,21.175133,78.924588,MH-001_C6,train,cnn_test,0,0,0,0.0018808802
23719,MH-001_2025_R025_C045,MH-001,Gondkhari,2025,25,45,21.175133,78.924858,MH-001_C6,train,cnn_test,1,0,0,0.00084914325
23720,MH-001_2025_R025_C046,MH-001,Gondkhari,2025,25,46,21.175133,78.925127,MH-001_C7,train,cnn_test,0,0,0,0.00038274372
23721,MH-001_2025_R025_C047,MH-001,Gondkhari,2025,25,47,21.175133,78.925397,MH-001_C7,train,cnn_test,0,0,0,0.0007236038
23722,MH-001_2025_R025_C048,MH-001,Gondkhari,2025,25,48,21.175133,78.925666,MH-001_C7,train,cnn_test,0,0,0,0.0002729076
23723,MH-001_2025_R025_C049,MH-001,Gondkhari,2025,25,49,21.175133,78.925936,MH-001_C7,train,cnn_test,0,0,0,0.0015129779
23724,MH-001_2025_R025_C050,MH-001,Gondkhari,2025,25,50,21.175133,78.926205,MH-001_C7,train,cnn_test,0,0,0,0.0031601829
23725,MH-001_2025_R025_C051,MH-001,Gondkhari,2025,25,51,21.175133,78.926475,MH-001_C7,train,cnn_test,0,0,1,0.58409554
23726,MH-001_2025_R026_C012,MH-001,Gondkhari,2025,26,12,21.174863,78.915965,MH-001_C1,train,cnn_test,0,0,0,0.001087086
23727,MH-001_2025_R026_C014,MH-001,Gondkhari,2025,26,14,21.174863,78.916504,MH-001_C2,train,cnn_test,2,1,0,0.00019278238
23728,MH-001_2025_R026_C015,MH-001,Gondkhari,2025,26,15,21.174863,78.916773,MH-001_C2,train,cnn_test,1,0,0,0.002026121
23729,MH-001_2025_R026_C016,MH-001,Gondkhari,2025,26,16,21.174863,78.917043,MH-001_C2,train,cnn_test,2,1,0,0.0009335557
23730,MH-001_2025_R026_C017,MH-001,Gondkhari,2025,26,17,21.174863,78.917312,MH-001_C2,train,cnn_test,2,1,0,0.0007696083
23731,MH-001_2025_R026_C018,MH-001,Gondkhari,2025,26,18,21.174863,78.917582,MH-001_C2,train,cnn_test,0,0,0,0.0009956288
23732,MH-001_2025_R026_C019,MH-001,Gondkhari,2025,26,19,21.174863,78.917851,MH-001_C2,train,cnn_test,1,0,0,0.0017926696
23733,MH-001_2025_R026_C020,MH-001,Gondkhari,2025,26,20,21.174863,78.918121,MH-001_C2,train,cnn_test,1,0,0,0.003559049
23734,MH-001_2025_R026_C021,MH-001,Gondkhari,2025,26,21,21.174863,78.91839,MH-001_C3,train,cnn_test,0,0,0,0.0022026058
23735,MH-001_2025_R026_C023,MH-001,Gondkhari,2025,26,23,21.174863,78.918929,MH-001_C3,train,cnn_test,0,0,0,0.002913329
23736,MH-001_2025_R026_C026,MH-001,Gondkhari,2025,26,26,21.174863,78.919738,MH-001_C3,train,cnn_test,1,0,0,0.065208524
23737,MH-001_2025_R026_C027,MH-001,Gondkhari,2025,26,27,21.174863,78.920007,MH-001_C4,train,cnn_test,0,0,0,0.0586533
23738,MH-001_2025_R026_C028,MH-001,Gondkhari,2025,26,28,21.174863,78.920277,MH-001_C4,train,cnn_test,0,0,0,0.013747912
23739,MH-001_2025_R026_C031,MH-001,Gondkhari,2025,26,31,21.174863,78.921085,MH-001_C4,train,cnn_test,0,0,0,0.013798616
23740,MH-001_2025_R026_C032,MH-001,Gondkhari,2025,26,32,21.174863,78.921355,MH-001_C4,train,cnn_test,0,0,1,0.29066306
23741,MH-001_2025_R026_C033,MH-001,Gondkhari,2025,26,33,21.174863,78.921624,MH-001_C5,train,cnn_test,0,0,1,0.57210386
23742,MH-001_2025_R026_C034,MH-001,Gondkhari,2025,26,34,21.174863,78.921894,MH-001_C5,train,cnn_test,0,0,1,0.76945573
23743,MH-001_2025_R026_C039,MH-001,Gondkhari,2025,26,39,21.174863,78.923241,MH-001_C5,train,cnn_test,0,0,0,0.03918551
23744,MH-001_2025_R026_C041,MH-001,Gondkhari,2025,26,41,21.174863,78.92378,MH-001_C6,train,cnn_test,0,0,0,0.011089728
23745,MH-001_2025_R026_C042,MH-001,Gondkhari,2025,26,42,21.174863,78.924049,MH-001_C6,train,cnn_test,0,0,0,0.0093896715
23746,MH-001_2025_R026_C043,MH-001,Gondkhari,2025,26,43,21.174863,78.924319,MH-001_C6,train,cnn_test,0,0,0,0.0054272907
23747,MH-001_2025_R026_C044,MH-001,Gondkhari,2025,26,44,21.174863,78.924588,MH-001_C6,train,cnn_test,0,0,0,0.0030427827
23748,MH-001_2025_R026_C045,MH-001,Gondkhari,2025,26,45,21.174863,78.924858,MH-001_C6,train,cnn_test,1,0,0,0.0024961566
23749,MH-001_2025_R026_C046,MH-001,Gondkhari,2025,26,46,21.174863,78.925127,MH-001_C7,train,cnn_test,0,0,0,0.0003002297
23750,MH-001_2025_R026_C047,MH-001,Gondkhari,2025,26,47,21.174863,78.925397,MH-001_C7,train,cnn_test,0,0,0,0.00076337554
23751,MH-001_2025_R026_C048,MH-001,Gondkhari,2025,26,48,21.174863,78.925666,MH-001_C7,train,cnn_test,0,0,0,0.00020099094
23752,MH-001_2025_R026_C049,MH-001,Gondkhari,2025,26,49,21.174863,78.925936,MH-001_C7,train,cnn_test,0,0,0,0.00054962037
23753,MH-001_2025_R027_C013,MH-001,Gondkhari,2025,27,13,21.174594,78.916234,MH-001_C1,train,cnn_test,1,0,0,0.00087791233
23754,MH-001_2025_R027_C014,MH-001,Gondkhari,2025,27,14,21.174594,78.916504,MH-001_C2,train,cnn_test,2,1,0,0.0013074988
23755,MH-001_2025_R027_C015,MH-001,Gondkhari,2025,27,15,21.174594,78.916773,MH-001_C2,train,cnn_test,1,0,0,0.009024369
23756,MH-001_2025_R027_C016,MH-001,Gondkhari,2025,27,16,21.174594,78.917043,MH-001_C2,train,cnn_test,1,0,0,0.00992355
23757,MH-001_2025_R027_C017,MH-001,Gondkhari,2025,27,17,21.174594,78.917312,MH-001_C2,train,cnn_test,1,0,0,0.0043959436
23758,MH-001_2025_R027_C018,MH-001,Gondkhari,2025,27,18,21.174594,78.917582,MH-001_C2,train,cnn_test,1,0,0,0.0072907098
23759,MH-001_2025_R027_C019,MH-001,Gondkhari,2025,27,19,21.174594,78.917851,MH-001_C2,train,cnn_test,1,0,0,0.008993661
23760,MH-001_2025_R027_C020,MH-001,Gondkhari,2025,27,20,21.174594,78.918121,MH-001_C2,train,cnn_test,1,0,0,0.0137065435
23761,MH-001_2025_R027_C021,MH-001,Gondkhari,2025,27,21,21.174594,78.91839,MH-001_C3,train,cnn_test,0,0,0,0.008958993
23762,MH-001_2025_R027_C022,MH-001,Gondkhari,2025,27,22,21.174594,78.91866,MH-001_C3,train,cnn_test,0,0,0,0.0011911909
23763,MH-001_2025_R027_C023,MH-001,Gondkhari,2025,27,23,21.174594,78.918929,MH-001_C3,train,cnn_test,0,0,0,0.008596415
23764,MH-001_2025_R027_C024,MH-001,Gondkhari,2025,27,24,21.174594,78.919199,MH-001_C3,train,cnn_test,0,0,0,0.08224826
23765,MH-001_2025_R027_C025,MH-001,Gondkhari,2025,27,25,21.174594,78.919468,MH-001_C3,train,cnn_test,1,0,0,0.09730511
23766,MH-001_2025_R027_C026,MH-001,Gondkhari,2025,27,26,21.174594,78.919738,MH-001_C3,train,cnn_test,1,0,1,0.26531324
23767,MH-001_2025_R027_C027,MH-001,Gondkhari,2025,27,27,21.174594,78.920007,MH-001_C4,train,cnn_test,1,0,1,0.4252865
23768,MH-001_2025_R027_C028,MH-001,Gondkhari,2025,27,28,21.174594,78.920277,MH-001_C4,train,cnn_test,0,0,0,0.066194
23769,MH-001_2025_R027_C029,MH-001,Gondkhari,2025,27,29,21.174594,78.920546,MH-001_C4,train,cnn_test,0,0,1,0.11600855
23770,MH-001_2025_R027_C030,MH-001,Gondkhari,2025,27,30,21.174594,78.920816,MH-001_C4,train,cnn_test,2,1,1,0.2243813
23771,MH-001_2025_R027_C031,MH-001,Gondkhari,2025,27,31,21.174594,78.921085,MH-001_C4,train,cnn_test,0,0,1,0.27130377
23772,MH-001_2025_R027_C032,MH-001,Gondkhari,2025,27,32,21.174594,78.921355,MH-001_C4,train,cnn_test,1,0,1,0.63610965
23773,MH-001_2025_R027_C033,MH-001,Gondkhari,2025,27,33,21.174594,78.921624,MH-001_C5,train,cnn_test,1,0,1,0.7905074
23774,MH-001_2025_R027_C034,MH-001,Gondkhari,2025,27,34,21.174594,78.921894,MH-001_C5,train,cnn_test,0,0,1,0.715235
23775,MH-001_2025_R027_C035,MH-001,Gondkhari,2025,27,35,21.174594,78.922163,MH-001_C5,train,cnn_test,0,0,1,0.26519236
23776,MH-001_2025_R027_C036,MH-001,Gondkhari,2025,27,36,21.174594,78.922433,MH-001_C5,train,cnn_test,0,0,0,0.09610794
23777,MH-001_2025_R027_C039,MH-001,Gondkhari,2025,27,39,21.174594,78.923241,MH-001_C5,train,cnn_test,1,0,0,0.0552589
23778,MH-001_2025_R027_C040,MH-001,Gondkhari,2025,27,40,21.174594,78.92351,MH-001_C6,train,cnn_test,1,0,0,0.037815493
23779,MH-001_2025_R027_C043,MH-001,Gondkhari,2025,27,43,21.174594,78.924319,MH-001_C6,train,cnn_test,0,0,0,0.0010787843
23780,MH-001_2025_R027_C044,MH-001,Gondkhari,2025,27,44,21.174594,78.924588,MH-001_C6,train,cnn_test,0,0,0,0.0005352155
23781,MH-001_2025_R027_C047,MH-001,Gondkhari,2025,27,47,21.174594,78.925397,MH-001_C7,train,cnn_test,0,0,0,0.0015508663
23782,MH-001_2025_R027_C048,MH-001,Gondkhari,2025,27,48,21.174594,78.925666,MH-001_C7,train,cnn_test,0,0,0,0.0002792735
23783,MH-001_2025_R027_C049,MH-001,Gondkhari,2025,27,49,21.174594,78.925936,MH-001_C7,train,cnn_test,0,0,0,0.0010637195
23784,MH-001_2025_R027_C050,MH-001,Gondkhari,2025,27,50,21.174594,78.926205,MH-001_C7,train,cnn_test,0,0,0,0.005599236
23785,MH-001_2025_R027_C051,MH-001,Gondkhari,2025,27,51,21.174594,78.926475,MH-001_C7,train,cnn_test,0,0,1,0.466238
23786,MH-001_2025_R028_C013,MH-001,Gondkhari,2025,28,13,21.174324,78.916234,MH-001_C1,train,cnn_test,0,0,0,0.0055159116
23787,MH-001_2025_R028_C014,MH-001,Gondkhari,2025,28,14,21.174324,78.916504,MH-001_C2,train,cnn_test,1,0,0,0.0026410988
23788,MH-001_2025_R028_C015,MH-001,Gondkhari,2025,28,15,21.174324,78.916773,MH-001_C2,train,cnn_test,1,0,0,0.010241345
23789,MH-001_2025_R028_C016,MH-001,Gondkhari,2025,28,16,21.174324,78.917043,MH-001_C2,train,cnn_test,1,0,0,0.002922402
23790,MH-001_2025_R028_C017,MH-001,Gondkhari,2025,28,17,21.174324,78.917312,MH-001_C2,train,cnn_test,1,0,0,0.0013845196
23791,MH-001_2025_R028_C018,MH-001,Gondkhari,2025,28,18,21.174324,78.917582,MH-001_C2,train,cnn_test,1,0,0,0.0014659215
23792,MH-001_2025_R028_C019,MH-001,Gondkhari,2025,28,19,21.174324,78.917851,MH-001_C2,train,cnn_test,1,0,0,0.003079406
23793,MH-001_2025_R028_C020,MH-001,Gondkhari,2025,28,20,21.174324,78.918121,MH-001_C2,train,cnn_test,0,0,0,0.005573322
23794,MH-001_2025_R028_C021,MH-001,Gondkhari,2025,28,21,21.174324,78.91839,MH-001_C3,train,cnn_test,0,0,0,0.005206675
23795,MH-001_2025_R028_C022,MH-001,Gondkhari,2025,28,22,21.174324,78.91866,MH-001_C3,train,cnn_test,0,0,0,0.0010627679
23796,MH-001_2025_R028_C023,MH-001,Gondkhari,2025,28,23,21.174324,78.918929,MH-001_C3,train,cnn_test,0,0,0,0.0072306856
23797,MH-001_2025_R028_C024,MH-001,Gondkhari,2025,28,24,21.174324,78.919199,MH-001_C3,train,cnn_test,0,0,1,0.10930554
23798,MH-001_2025_R028_C025,MH-001,Gondkhari,2025,28,25,21.174324,78.919468,MH-001_C3,train,cnn_test,0,0,0,0.058553457
23799,MH-001_2025_R028_C026,MH-001,Gondkhari,2025,28,26,21.174324,78.919738,MH-001_C3,train,cnn_test,0,0,1,0.33411443
23800,MH-001_2025_R028_C027,MH-001,Gondkhari,2025,28,27,21.174324,78.920007,MH-001_C4,train,cnn_test,1,0,1,0.31763074
23801,MH-001_2025_R028_C028,MH-001,Gondkhari,2025,28,28,21.174324,78.920277,MH-001_C4,train,cnn_test,0,0,1,0.2279237
23802,MH-001_2025_R028_C029,MH-001,Gondkhari,2025,28,29,21.174324,78.920546,MH-001_C4,train,cnn_test,2,1,0,0.09403069
23803,MH-001_2025_R028_C030,MH-001,Gondkhari,2025,28,30,21.174324,78.920816,MH-001_C4,train,cnn_test,2,1,1,0.1589962
23804,MH-001_2025_R028_C031,MH-001,Gondkhari,2025,28,31,21.174324,78.921085,MH-001_C4,train,cnn_test,2,1,0,0.09624567
23805,MH-001_2025_R028_C032,MH-001,Gondkhari,2025,28,32,21.174324,78.921355,MH-001_C4,train,cnn_test,2,1,1,0.7169596
23806,MH-001_2025_R028_C033,MH-001,Gondkhari,2025,28,33,21.174324,78.921624,MH-001_C5,train,cnn_test,2,1,1,0.7950528
23807,MH-001_2025_R028_C034,MH-001,Gondkhari,2025,28,34,21.174324,78.921894,MH-001_C5,train,cnn_test,0,0,1,0.84464884
23808,MH-001_2025_R028_C035,MH-001,Gondkhari,2025,28,35,21.174324,78.922163,MH-001_C5,train,cnn_test,0,0,1,0.34575227
23809,MH-001_2025_R028_C036,MH-001,Gondkhari,2025,28,36,21.174324,78.922433,MH-001_C5,train,cnn_test,0,0,1,0.17650469
23810,MH-001_2025_R028_C037,MH-001,Gondkhari,2025,28,37,21.174324,78.922702,MH-001_C5,train,cnn_test,0,0,0,0.06575993
23811,MH-001_2025_R028_C038,MH-001,Gondkhari,2025,28,38,21.174324,78.922972,MH-001_C5,train,cnn_test,0,0,1,0.31464094
23812,MH-001_2025_R028_C042,MH-001,Gondkhari,2025,28,42,21.174324,78.924049,MH-001_C6,train,cnn_test,0,0,0,0.01083641
23813,MH-001_2025_R028_C043,MH-001,Gondkhari,2025,28,43,21.174324,78.924319,MH-001_C6,train,cnn_test,0,0,0,0.006236136
23814,MH-001_2025_R028_C044,MH-001,Gondkhari,2025,28,44,21.174324,78.924588,MH-001_C6,train,cnn_test,0,0,0,0.0029563324
23815,MH-001_2025_R028_C045,MH-001,Gondkhari,2025,28,45,21.174324,78.924858,MH-001_C6,train,cnn_test,0,0,0,0.0031101347
23816,MH-001_2025_R028_C046,MH-001,Gondkhari,2025,28,46,21.174324,78.925127,MH-001_C7,train,cnn_test,1,0,0,0.00062270544
23817,MH-001_2025_R028_C047,MH-001,Gondkhari,2025,28,47,21.174324,78.925397,MH-001_C7,train,cnn_test,0,0,0,0.0013068694
23818,MH-001_2025_R028_C048,MH-001,Gondkhari,2025,28,48,21.174324,78.925666,MH-001_C7,train,cnn_test,0,0,0,0.000109534485
23819,MH-001_2025_R028_C049,MH-001,Gondkhari,2025,28,49,21.174324,78.925936,MH-001_C7,train,cnn_test,0,0,0,0.00029582085
23820,MH-001_2025_R028_C050,MH-001,Gondkhari,2025,28,50,21.174324,78.926205,MH-001_C7,train,cnn_test,0,0,0,0.00033120284
23821,MH-001_2025_R028_C051,MH-001,Gondkhari,2025,28,51,21.174324,78.926475,MH-001_C7,train,cnn_test,0,0,0,0.089162335
23822,MH-001_2025_R029_C013,MH-001,Gondkhari,2025,29,13,21.174055,78.916234,MH-001_C1,train,cnn_test,0,0,0,0.008503834
23823,MH-001_2025_R029_C014,MH-001,Gondkhari,2025,29,14,21.174055,78.916504,MH-001_C2,train,cnn_test,1,0,0,0.009527384
23824,MH-001_2025_R029_C015,MH-001,Gondkhari,2025,29,15,21.174055,78.916773,MH-001_C2,train,cnn_test,1,0,0,0.022172878
23825,MH-001_2025_R029_C016,MH-001,Gondkhari,2025,29,16,21.174055,78.917043,MH-001_C2,train,cnn_test,2,1,0,0.064284965
23826,MH-001_2025_R029_C017,MH-001,Gondkhari,2025,29,17,21.174055,78.917312,MH-001_C2,train,cnn_test,2,1,0,0.031601675
23827,MH-001_2025_R029_C019,MH-001,Gondkhari,2025,29,19,21.174055,78.917851,MH-001_C2,train,cnn_test,0,0,1,0.18212044
23828,MH-001_2025_R029_C020,MH-001,Gondkhari,2025,29,20,21.174055,78.918121,MH-001_C2,train,cnn_test,0,0,1,0.30452636
23829,MH-001_2025_R029_C021,MH-001,Gondkhari,2025,29,21,21.174055,78.91839,MH-001_C3,train,cnn_test,1,0,1,0.14158244
23830,MH-001_2025_R029_C022,MH-001,Gondkhari,2025,29,22,21.174055,78.91866,MH-001_C3,train,cnn_test,0,0,0,0.0072618285
23831,MH-001_2025_R029_C025,MH-001,Gondkhari,2025,29,25,21.174055,78.919468,MH-001_C3,train,cnn_test,0,0,1,0.7766421
23832,MH-001_2025_R029_C026,MH-001,Gondkhari,2025,29,26,21.174055,78.919738,MH-001_C3,train,cnn_test,1,0,1,0.88451654
23833,MH-001_2025_R029_C027,MH-001,Gondkhari,2025,29,27,21.174055,78.920007,MH-001_C4,train,cnn_test,0,0,1,0.797484
23834,MH-001_2025_R029_C028,MH-001,Gondkhari,2025,29,28,21.174055,78.920277,MH-001_C4,train,cnn_test,0,0,1,0.6307222
23835,MH-001_2025_R029_C029,MH-001,Gondkhari,2025,29,29,21.174055,78.920546,MH-001_C4,train,cnn_test,0,0,1,0.4904231
23836,MH-001_2025_R029_C030,MH-001,Gondkhari,2025,29,30,21.174055,78.920816,MH-001_C4,train,cnn_test,0,0,1,0.63595116
23837,MH-001_2025_R029_C031,MH-001,Gondkhari,2025,29,31,21.174055,78.921085,MH-001_C4,train,cnn_test,0,0,1,0.3739164
23838,MH-001_2025_R029_C032,MH-001,Gondkhari,2025,29,32,21.174055,78.921355,MH-001_C4,train,cnn_test,0,0,1,0.85864305
23839,MH-001_2025_R029_C033,MH-001,Gondkhari,2025,29,33,21.174055,78.921624,MH-001_C5,train,cnn_test,0,0,1,0.8038736
23840,MH-001_2025_R029_C034,MH-001,Gondkhari,2025,29,34,21.174055,78.921894,MH-001_C5,train,cnn_test,0,0,1,0.7760089
23841,MH-001_2025_R029_C035,MH-001,Gondkhari,2025,29,35,21.174055,78.922163,MH-001_C5,train,cnn_test,0,0,1,0.21782495
23842,MH-001_2025_R029_C036,MH-001,Gondkhari,2025,29,36,21.174055,78.922433,MH-001_C5,train,cnn_test,0,0,0,0.04099961
23843,MH-001_2025_R029_C037,MH-001,Gondkhari,2025,29,37,21.174055,78.922702,MH-001_C5,train,cnn_test,0,0,0,0.02967995
23844,MH-001_2025_R029_C038,MH-001,Gondkhari,2025,29,38,21.174055,78.922972,MH-001_C5,train,cnn_test,1,0,1,0.31820783
23845,MH-001_2025_R029_C039,MH-001,Gondkhari,2025,29,39,21.174055,78.923241,MH-001_C5,train,cnn_test,1,0,1,0.19514562
23846,MH-001_2025_R029_C040,MH-001,Gondkhari,2025,29,40,21.174055,78.92351,MH-001_C6,train,cnn_test,1,0,0,0.05391236
23847,MH-001_2025_R029_C041,MH-001,Gondkhari,2025,29,41,21.174055,78.92378,MH-001_C6,train,cnn_test,0,0,0,0.0196442
23848,MH-001_2025_R029_C042,MH-001,Gondkhari,2025,29,42,21.174055,78.924049,MH-001_C6,train,cnn_test,0,0,0,0.0018913407
23849,MH-001_2025_R029_C043,MH-001,Gondkhari,2025,29,43,21.174055,78.924319,MH-001_C6,train,cnn_test,0,0,0,0.00094016286
23850,MH-001_2025_R029_C044,MH-001,Gondkhari,2025,29,44,21.174055,78.924588,MH-001_C6,train,cnn_test,0,0,0,0.00024604768
23851,MH-001_2025_R029_C045,MH-001,Gondkhari,2025,29,45,21.174055,78.924858,MH-001_C6,train,cnn_test,0,0,0,0.00031324683
23852,MH-001_2025_R029_C046,MH-001,Gondkhari,2025,29,46,21.174055,78.925127,MH-001_C7,train,cnn_test,1,0,0,0.0004944656
23853,MH-001_2025_R029_C047,MH-001,Gondkhari,2025,29,47,21.174055,78.925397,MH-001_C7,train,cnn_test,1,0,0,0.0009956013
23854,MH-001_2025_R029_C048,MH-001,Gondkhari,2025,29,48,21.174055,78.925666,MH-001_C7,train,cnn_test,0,0,0,0.0001797078
23855,MH-001_2025_R029_C049,MH-001,Gondkhari,2025,29,49,21.174055,78.925936,MH-001_C7,train,cnn_test,0,0,0,0.001021025
23856,MH-001_2025_R029_C050,MH-001,Gondkhari,2025,29,50,21.174055,78.926205,MH-001_C7,train,cnn_test,0,0,0,0.0017313788
23857,MH-001_2025_R029_C051,MH-001,Gondkhari,2025,29,51,21.174055,78.926475,MH-001_C7,train,cnn_test,0,0,0,0.043057363
23858,MH-001_2025_R030_C018,MH-001,Gondkhari,2025,30,18,21.173785,78.917582,MH-001_C2,train,cnn_test,0,0,0,0.051365927
23859,MH-001_2025_R030_C019,MH-001,Gondkhari,2025,30,19,21.173785,78.917851,MH-001_C2,train,cnn_test,0,0,1,0.18928902
23860,MH-001_2025_R030_C020,MH-001,Gondkhari,2025,30,20,21.173785,78.918121,MH-001_C2,train,cnn_test,0,0,1,0.18764067
23861,MH-001_2025_R030_C021,MH-001,Gondkhari,2025,30,21,21.173785,78.91839,MH-001_C3,train,cnn_test,0,0,1,0.11316546
23862,MH-001_2025_R030_C028,MH-001,Gondkhari,2025,30,28,21.173785,78.920277,MH-001_C4,train,cnn_test,0,0,1,0.4194533
23863,MH-001_2025_R030_C029,MH-001,Gondkhari,2025,30,29,21.173785,78.920546,MH-001_C4,train,cnn_test,0,0,1,0.36653852
23864,MH-001_2025_R030_C030,MH-001,Gondkhari,2025,30,30,21.173785,78.920816,MH-001_C4,train,cnn_test,0,0,1,0.11595231
23865,MH-001_2025_R030_C031,MH-001,Gondkhari,2025,30,31,21.173785,78.921085,MH-001_C4,train,cnn_test,0,0,1,0.148505
23866,MH-001_2025_R030_C032,MH-001,Gondkhari,2025,30,32,21.173785,78.921355,MH-001_C4,train,cnn_test,0,0,1,0.6008627
23867,MH-001_2025_R030_C033,MH-001,Gondkhari,2025,30,33,21.173785,78.921624,MH-001_C5,train,cnn_test,0,0,1,0.8612071
23868,MH-001_2025_R030_C034,MH-001,Gondkhari,2025,30,34,21.173785,78.921894,MH-001_C5,train,cnn_test,0,0,1,0.79599774
23869,MH-001_2025_R030_C035,MH-001,Gondkhari,2025,30,35,21.173785,78.922163,MH-001_C5,train,cnn_test,0,0,1,0.33540016
23870,MH-001_2025_R030_C036,MH-001,Gondkhari,2025,30,36,21.173785,78.922433,MH-001_C5,train,cnn_test,0,0,0,0.040027052
23871,MH-001_2025_R030_C037,MH-001,Gondkhari,2025,30,37,21.173785,78.922702,MH-001_C5,train,cnn_test,0,0,0,0.053149592
23872,MH-001_2025_R030_C038,MH-001,Gondkhari,2025,30,38,21.173785,78.922972,MH-001_C5,train,cnn_test,0,0,1,0.3781207
23873,MH-001_2025_R030_C039,MH-001,Gondkhari,2025,30,39,21.173785,78.923241,MH-001_C5,train,cnn_test,0,0,1,0.27423343
23874,MH-001_2025_R030_C040,MH-001,Gondkhari,2025,30,40,21.173785,78.92351,MH-001_C6,train,cnn_test,0,0,0,0.03010913
23875,MH-001_2025_R030_C041,MH-001,Gondkhari,2025,30,41,21.173785,78.92378,MH-001_C6,train,cnn_test,0,0,0,0.013166726
23876,MH-001_2025_R030_C042,MH-001,Gondkhari,2025,30,42,21.173785,78.924049,MH-001_C6,train,cnn_test,0,0,0,0.005000742
23877,MH-001_2025_R030_C043,MH-001,Gondkhari,2025,30,43,21.173785,78.924319,MH-001_C6,train,cnn_test,0,0,0,0.0043425118
23878,MH-001_2025_R030_C044,MH-001,Gondkhari,2025,30,44,21.173785,78.924588,MH-001_C6,train,cnn_test,0,0,0,0.0015076711
23879,MH-001_2025_R030_C045,MH-001,Gondkhari,2025,30,45,21.173785,78.924858,MH-001_C6,train,cnn_test,2,1,0,0.001374595
23880,MH-001_2025_R030_C046,MH-001,Gondkhari,2025,30,46,21.173785,78.925127,MH-001_C7,train,cnn_test,0,0,0,0.00031626862
23881,MH-001_2025_R030_C047,MH-001,Gondkhari,2025,30,47,21.173785,78.925397,MH-001_C7,train,cnn_test,0,0,0,0.0027076325
23882,MH-001_2025_R030_C048,MH-001,Gondkhari,2025,30,48,21.173785,78.925666,MH-001_C7,train,cnn_test,0,0,0,0.0001879952
23883,MH-001_2025_R030_C049,MH-001,Gondkhari,2025,30,49,21.173785,78.925936,MH-001_C7,train,cnn_test,0,0,0,0.000533193
23884,MH-001_2025_R030_C050,MH-001,Gondkhari,2025,30,50,21.173785,78.926205,MH-001_C7,train,cnn_test,0,0,0,0.0005158345
23885,MH-001_2025_R030_C051,MH-001,Gondkhari,2025,30,51,21.173785,78.926475,MH-001_C7,train,cnn_test,0,0,0,0.020417344
30727,MH-002_2021_R058_C161,MH-002,Gadchiroli,2021,58,161,19.609639,80.376356,MH-002_C14,test,cnn_test,0,0,1,0.104972586
30800,MH-002_2021_R059_C161,MH-002,Gadchiroli,2021,59,161,19.609369,80.376356,MH-002_C14,test,cnn_test,0,0,0,0.061531007
30801,MH-002_2021_R059_C162,MH-002,Gadchiroli,2021,59,162,19.609369,80.376625,MH-002_C14,test,cnn_test,0,0,1,0.108332284
30874,MH-002_2021_R060_C161,MH-002,Gadchiroli,2021,60,161,19.6091,80.376356,MH-002_C14,test,cnn_test,0,0,0,0.09639596
30875,MH-002_2021_R060_C162,MH-002,Gadchiroli,2021,60,162,19.6091,80.376625,MH-002_C14,test,cnn_test,0,0,1,0.16756506
30876,MH-002_2021_R060_C163,MH-002,Gadchiroli,2021,60,163,19.6091,80.376895,MH-002_C14,test,cnn_test,0,0,0,0.058315486
30950,MH-002_2021_R061_C162,MH-002,Gadchiroli,2021,61,162,19.60883,80.376625,MH-002_C14,test,cnn_test,0,0,1,0.1163183
30951,MH-002_2021_R061_C163,MH-002,Gadchiroli,2021,61,163,19.60883,80.376895,MH-002_C14,test,cnn_test,0,0,0,0.03015928
30952,MH-002_2021_R061_C164,MH-002,Gadchiroli,2021,61,164,19.60883,80.377164,MH-002_C14,test,cnn_test,0,0,1,0.33637622
31020,MH-002_2021_R062_C162,MH-002,Gadchiroli,2021,62,162,19.608561,80.376625,MH-002_C14,test,cnn_test,0,0,1,0.15970093
31021,MH-002_2021_R062_C163,MH-002,Gadchiroli,2021,62,163,19.608561,80.376895,MH-002_C14,test,cnn_test,0,0,0,0.09718472
31022,MH-002_2021_R062_C164,MH-002,Gadchiroli,2021,62,164,19.608561,80.377164,MH-002_C14,test,cnn_test,0,0,1,0.31201786
31023,MH-002_2021_R062_C165,MH-002,Gadchiroli,2021,62,165,19.608561,80.377434,MH-002_C14,test,cnn_test,0,0,1,0.39220646
31083,MH-002_2021_R063_C161,MH-002,Gadchiroli,2021,63,161,19.608291,80.376356,MH-002_C14,test,cnn_test,0,0,1,0.18237314
31084,MH-002_2021_R063_C162,MH-002,Gadchiroli,2021,63,162,19.608291,80.376625,MH-002_C14,test,cnn_test,0,0,1,0.15702248
31085,MH-002_2021_R063_C163,MH-002,Gadchiroli,2021,63,163,19.608291,80.376895,MH-002_C14,test,cnn_test,0,0,1,0.10741359
31086,MH-002_2021_R063_C164,MH-002,Gadchiroli,2021,63,164,19.608291,80.377164,MH-002_C14,test,cnn_test,0,0,1,0.38503343
31087,MH-002_2021_R063_C165,MH-002,Gadchiroli,2021,63,165,19.608291,80.377434,MH-002_C14,test,cnn_test,0,0,1,0.5058322
31088,MH-002_2021_R063_C166,MH-002,Gadchiroli,2021,63,166,19.608291,80.377703,MH-002_C14,test,cnn_test,0,0,1,0.6959852
31150,MH-002_2021_R064_C161,MH-002,Gadchiroli,2021,64,161,19.608022,80.376356,MH-002_C14,test,cnn_test,0,0,1,0.18219969
31151,MH-002_2021_R064_C162,MH-002,Gadchiroli,2021,64,162,19.608022,80.376625,MH-002_C14,test,cnn_test,0,0,1,0.22177145
31152,MH-002_2021_R064_C163,MH-002,Gadchiroli,2021,64,163,19.608022,80.376895,MH-002_C14,test,cnn_test,0,0,1,0.10369488
31153,MH-002_2021_R064_C164,MH-002,Gadchiroli,2021,64,164,19.608022,80.377164,MH-002_C14,test,cnn_test,0,0,0,0.096575886
31154,MH-002_2021_R064_C165,MH-002,Gadchiroli,2021,64,165,19.608022,80.377434,MH-002_C14,test,cnn_test,0,0,0,0.085233234
31155,MH-002_2021_R064_C166,MH-002,Gadchiroli,2021,64,166,19.608022,80.377703,MH-002_C14,test,cnn_test,0,0,1,0.25075558
31156,MH-002_2021_R064_C167,MH-002,Gadchiroli,2021,64,167,19.608022,80.377973,MH-002_C14,test,cnn_test,0,0,1,0.22940268
31216,MH-002_2021_R065_C161,MH-002,Gadchiroli,2021,65,161,19.607752,80.376356,MH-002_C14,test,cnn_test,0,0,1,0.13372314
31217,MH-002_2021_R065_C162,MH-002,Gadchiroli,2021,65,162,19.607752,80.376625,MH-002_C14,test,cnn_test,0,0,1,0.15443574
31218,MH-002_2021_R065_C163,MH-002,Gadchiroli,2021,65,163,19.607752,80.376895,MH-002_C14,test,cnn_test,0,0,0,0.09371663
31219,MH-002_2021_R065_C164,MH-002,Gadchiroli,2021,65,164,19.607752,80.377164,MH-002_C14,test,cnn_test,0,0,0,0.09360054
31220,MH-002_2021_R065_C165,MH-002,Gadchiroli,2021,65,165,19.607752,80.377434,MH-002_C14,test,cnn_test,0,0,1,0.12493616
31221,MH-002_2021_R065_C166,MH-002,Gadchiroli,2021,65,166,19.607752,80.377703,MH-002_C14,test,cnn_test,0,0,1,0.36921284
31222,MH-002_2021_R065_C167,MH-002,Gadchiroli,2021,65,167,19.607752,80.377973,MH-002_C14,test,cnn_test,0,0,1,0.23264053
31223,MH-002_2021_R065_C168,MH-002,Gadchiroli,2021,65,168,19.607752,80.378242,MH-002_C14,test,cnn_test,0,0,1,0.3404539
31278,MH-002_2021_R066_C161,MH-002,Gadchiroli,2021,66,161,19.607483,80.376356,MH-002_C14,test,cnn_test,0,0,0,0.09594479
31279,MH-002_2021_R066_C162,MH-002,Gadchiroli,2021,66,162,19.607483,80.376625,MH-002_C14,test,cnn_test,0,0,1,0.11563499
31280,MH-002_2021_R066_C163,MH-002,Gadchiroli,2021,66,163,19.607483,80.376895,MH-002_C14,test,cnn_test,0,0,0,0.090997525
31281,MH-002_2021_R066_C164,MH-002,Gadchiroli,2021,66,164,19.607483,80.377164,MH-002_C14,test,cnn_test,0,0,0,0.04952242
31282,MH-002_2021_R066_C165,MH-002,Gadchiroli,2021,66,165,19.607483,80.377434,MH-002_C14,test,cnn_test,0,0,0,0.05200635
31283,MH-002_2021_R066_C166,MH-002,Gadchiroli,2021,66,166,19.607483,80.377703,MH-002_C14,test,cnn_test,0,0,0,0.070635356
31284,MH-002_2021_R066_C167,MH-002,Gadchiroli,2021,66,167,19.607483,80.377973,MH-002_C14,test,cnn_test,0,0,0,0.057808947
31285,MH-002_2021_R066_C168,MH-002,Gadchiroli,2021,66,168,19.607483,80.378242,MH-002_C14,test,cnn_test,0,0,0,0.09202943
31286,MH-002_2021_R066_C169,MH-002,Gadchiroli,2021,66,169,19.607483,80.378512,MH-002_C14,test,cnn_test,0,0,1,0.22624397
31287,MH-002_2021_R066_C170,MH-002,Gadchiroli,2021,66,170,19.607483,80.378781,MH-002_C14,test,cnn_test,0,0,1,0.25870973
31339,MH-002_2021_R067_C161,MH-002,Gadchiroli,2021,67,161,19.607213,80.376356,MH-002_C14,test,cnn_test,2,1,1,0.51290923
31340,MH-002_2021_R067_C162,MH-002,Gadchiroli,2021,67,162,19.607213,80.376625,MH-002_C14,test,cnn_test,1,0,1,0.67416984
31341,MH-002_2021_R067_C163,MH-002,Gadchiroli,2021,67,163,19.607213,80.376895,MH-002_C14,test,cnn_test,0,0,1,0.5701088
31342,MH-002_2021_R067_C164,MH-002,Gadchiroli,2021,67,164,19.607213,80.377164,MH-002_C14,test,cnn_test,0,0,1,0.61208093
31343,MH-002_2021_R067_C165,MH-002,Gadchiroli,2021,67,165,19.607213,80.377434,MH-002_C14,test,cnn_test,0,0,1,0.27799153
31344,MH-002_2021_R067_C166,MH-002,Gadchiroli,2021,67,166,19.607213,80.377703,MH-002_C14,test,cnn_test,0,0,1,0.33190838
31345,MH-002_2021_R067_C167,MH-002,Gadchiroli,2021,67,167,19.607213,80.377973,MH-002_C14,test,cnn_test,0,0,1,0.16282187
31346,MH-002_2021_R067_C168,MH-002,Gadchiroli,2021,67,168,19.607213,80.378242,MH-002_C14,test,cnn_test,0,0,1,0.28609887
31347,MH-002_2021_R067_C169,MH-002,Gadchiroli,2021,67,169,19.607213,80.378512,MH-002_C14,test,cnn_test,0,0,1,0.326995
31348,MH-002_2021_R067_C170,MH-002,Gadchiroli,2021,67,170,19.607213,80.378781,MH-002_C14,test,cnn_test,0,0,1,0.50060827
31349,MH-002_2021_R067_C171,MH-002,Gadchiroli,2021,67,171,19.607213,80.379051,MH-002_C14,test,cnn_test,0,0,1,0.6566548
31350,MH-002_2021_R067_C172,MH-002,Gadchiroli,2021,67,172,19.607213,80.37932,MH-002_C15,test,cnn_test,0,0,1,0.75498766
31399,MH-002_2021_R068_C161,MH-002,Gadchiroli,2021,68,161,19.606944,80.376356,MH-002_C14,test,cnn_test,1,0,1,0.15114217
31400,MH-002_2021_R068_C162,MH-002,Gadchiroli,2021,68,162,19.606944,80.376625,MH-002_C14,test,cnn_test,2,1,1,0.40740943
31401,MH-002_2021_R068_C163,MH-002,Gadchiroli,2021,68,163,19.606944,80.376895,MH-002_C14,test,cnn_test,2,1,1,0.35080987
31402,MH-002_2021_R068_C164,MH-002,Gadchiroli,2021,68,164,19.606944,80.377164,MH-002_C14,test,cnn_test,1,0,1,0.29086837
31403,MH-002_2021_R068_C165,MH-002,Gadchiroli,2021,68,165,19.606944,80.377434,MH-002_C14,test,cnn_test,0,0,1,0.24508801
31404,MH-002_2021_R068_C166,MH-002,Gadchiroli,2021,68,166,19.606944,80.377703,MH-002_C14,test,cnn_test,0,0,1,0.28502855
31405,MH-002_2021_R068_C167,MH-002,Gadchiroli,2021,68,167,19.606944,80.377973,MH-002_C14,test,cnn_test,0,0,1,0.15908669
31406,MH-002_2021_R068_C168,MH-002,Gadchiroli,2021,68,168,19.606944,80.378242,MH-002_C14,test,cnn_test,0,0,1,0.2755255
31407,MH-002_2021_R068_C169,MH-002,Gadchiroli,2021,68,169,19.606944,80.378512,MH-002_C14,test,cnn_test,0,0,1,0.32568583
31408,MH-002_2021_R068_C170,MH-002,Gadchiroli,2021,68,170,19.606944,80.378781,MH-002_C14,test,cnn_test,0,0,1,0.65929675
31409,MH-002_2021_R068_C171,MH-002,Gadchiroli,2021,68,171,19.606944,80.379051,MH-002_C14,test,cnn_test,0,0,1,0.7495762
31410,MH-002_2021_R068_C172,MH-002,Gadchiroli,2021,68,172,19.606944,80.37932,MH-002_C15,test,cnn_test,0,0,1,0.8117462
31411,MH-002_2021_R068_C173,MH-002,Gadchiroli,2021,68,173,19.606944,80.37959,MH-002_C15,test,cnn_test,0,0,1,0.82191974
31412,MH-002_2021_R068_C174,MH-002,Gadchiroli,2021,68,174,19.606944,80.379859,MH-002_C15,test,cnn_test,0,0,1,0.8637033
31463,MH-002_2021_R069_C161,MH-002,Gadchiroli,2021,69,161,19.606674,80.376356,MH-002_C14,test,cnn_test,1,0,1,0.44364214
31464,MH-002_2021_R069_C162,MH-002,Gadchiroli,2021,69,162,19.606674,80.376625,MH-002_C14,test,cnn_test,2,1,1,0.2833137
31465,MH-002_2021_R069_C163,MH-002,Gadchiroli,2021,69,163,19.606674,80.376895,MH-002_C14,test,cnn_test,2,1,1,0.40555286
31466,MH-002_2021_R069_C164,MH-002,Gadchiroli,2021,69,164,19.606674,80.377164,MH-002_C14,test,cnn_test,1,0,1,0.16387133
31467,MH-002_2021_R069_C165,MH-002,Gadchiroli,2021,69,165,19.606674,80.377434,MH-002_C14,test,cnn_test,0,0,1,0.2517999
31468,MH-002_2021_R069_C166,MH-002,Gadchiroli,2021,69,166,19.606674,80.377703,MH-002_C14,test,cnn_test,0,0,1,0.29427108
31469,MH-002_2021_R069_C167,MH-002,Gadchiroli,2021,69,167,19.606674,80.377973,MH-002_C14,test,cnn_test,0,0,1,0.15175888
31470,MH-002_2021_R069_C168,MH-002,Gadchiroli,2021,69,168,19.606674,80.378242,MH-002_C14,test,cnn_test,0,0,1,0.29995096
31471,MH-002_2021_R069_C169,MH-002,Gadchiroli,2021,69,169,19.606674,80.378512,MH-002_C14,test,cnn_test,0,0,1,0.1973665
31472,MH-002_2021_R069_C170,MH-002,Gadchiroli,2021,69,170,19.606674,80.378781,MH-002_C14,test,cnn_test,0,0,1,0.4080974
31473,MH-002_2021_R069_C171,MH-002,Gadchiroli,2021,69,171,19.606674,80.379051,MH-002_C14,test,cnn_test,0,0,1,0.7407752
31474,MH-002_2021_R069_C172,MH-002,Gadchiroli,2021,69,172,19.606674,80.37932,MH-002_C15,test,cnn_test,0,0,1,0.79342455
31475,MH-002_2021_R069_C173,MH-002,Gadchiroli,2021,69,173,19.606674,80.37959,MH-002_C15,test,cnn_test,0,0,1,0.88135135
31476,MH-002_2021_R069_C174,MH-002,Gadchiroli,2021,69,174,19.606674,80.379859,MH-002_C15,test,cnn_test,0,0,1,0.90590656
31477,MH-002_2021_R069_C175,MH-002,Gadchiroli,2021,69,175,19.606674,80.380129,MH-002_C15,test,cnn_test,0,0,1,0.8030197
31530,MH-002_2021_R070_C161,MH-002,Gadchiroli,2021,70,161,19.606405,80.376356,MH-002_C14,test,cnn_test,2,1,1,0.19761044
31531,MH-002_2021_R070_C162,MH-002,Gadchiroli,2021,70,162,19.606405,80.376625,MH-002_C14,test,cnn_test,2,1,1,0.27625623
31532,MH-002_2021_R070_C163,MH-002,Gadchiroli,2021,70,163,19.606405,80.376895,MH-002_C14,test,cnn_test,2,1,1,0.27680466
31533,MH-002_2021_R070_C164,MH-002,Gadchiroli,2021,70,164,19.606405,80.377164,MH-002_C14,test,cnn_test,1,0,1,0.11110692
31534,MH-002_2021_R070_C165,MH-002,Gadchiroli,2021,70,165,19.606405,80.377434,MH-002_C14,test,cnn_test,0,0,1,0.19921242
31535,MH-002_2021_R070_C166,MH-002,Gadchiroli,2021,70,166,19.606405,80.377703,MH-002_C14,test,cnn_test,0,0,1,0.23526254
31536,MH-002_2021_R070_C167,MH-002,Gadchiroli,2021,70,167,19.606405,80.377973,MH-002_C14,test,cnn_test,0,0,1,0.12213575
31537,MH-002_2021_R070_C168,MH-002,Gadchiroli,2021,70,168,19.606405,80.378242,MH-002_C14,test,cnn_test,0,0,1,0.23018087
31538,MH-002_2021_R070_C169,MH-002,Gadchiroli,2021,70,169,19.606405,80.378512,MH-002_C14,test,cnn_test,0,0,0,0.07025047
31539,MH-002_2021_R070_C170,MH-002,Gadchiroli,2021,70,170,19.606405,80.378781,MH-002_C14,test,cnn_test,0,0,1,0.6149465
31540,MH-002_2021_R070_C171,MH-002,Gadchiroli,2021,70,171,19.606405,80.379051,MH-002_C14,test,cnn_test,0,0,1,0.8480265
31541,MH-002_2021_R070_C172,MH-002,Gadchiroli,2021,70,172,19.606405,80.37932,MH-002_C15,test,cnn_test,0,0,1,0.8547445
31542,MH-002_2021_R070_C173,MH-002,Gadchiroli,2021,70,173,19.606405,80.37959,MH-002_C15,test,cnn_test,0,0,1,0.9404949
31543,MH-002_2021_R070_C174,MH-002,Gadchiroli,2021,70,174,19.606405,80.379859,MH-002_C15,test,cnn_test,0,0,1,0.9334154
31544,MH-002_2021_R070_C175,MH-002,Gadchiroli,2021,70,175,19.606405,80.380129,MH-002_C15,test,cnn_test,0,0,1,0.8477119
31604,MH-002_2021_R071_C161,MH-002,Gadchiroli,2021,71,161,19.606135,80.376356,MH-002_C14,test,cnn_test,2,1,1,0.37578577
31605,MH-002_2021_R071_C162,MH-002,Gadchiroli,2021,71,162,19.606135,80.376625,MH-002_C14,test,cnn_test,2,1,1,0.32401082
31606,MH-002_2021_R071_C163,MH-002,Gadchiroli,2021,71,163,19.606135,80.376895,MH-002_C14,test,cnn_test,2,1,1,0.38723183
31607,MH-002_2021_R071_C164,MH-002,Gadchiroli,2021,71,164,19.606135,80.377164,MH-002_C14,test,cnn_test,2,1,0,0.08755693
31608,MH-002_2021_R071_C165,MH-002,Gadchiroli,2021,71,165,19.606135,80.377434,MH-002_C14,test,cnn_test,1,0,0,0.069509834
31609,MH-002_2021_R071_C166,MH-002,Gadchiroli,2021,71,166,19.606135,80.377703,MH-002_C14,test,cnn_test,0,0,1,0.14307386
31610,MH-002_2021_R071_C167,MH-002,Gadchiroli,2021,71,167,19.606135,80.377973,MH-002_C14,test,cnn_test,0,0,0,0.0506286
31611,MH-002_2021_R071_C168,MH-002,Gadchiroli,2021,71,168,19.606135,80.378242,MH-002_C14,test,cnn_test,0,0,0,0.09468322
31612,MH-002_2021_R071_C169,MH-002,Gadchiroli,2021,71,169,19.606135,80.378512,MH-002_C14,test,cnn_test,0,0,0,0.010708413
31613,MH-002_2021_R071_C170,MH-002,Gadchiroli,2021,71,170,19.606135,80.378781,MH-002_C14,test,cnn_test,0,0,1,0.11935575
31614,MH-002_2021_R071_C171,MH-002,Gadchiroli,2021,71,171,19.606135,80.379051,MH-002_C14,test,cnn_test,0,0,1,0.7829539
31615,MH-002_2021_R071_C172,MH-002,Gadchiroli,2021,71,172,19.606135,80.37932,MH-002_C15,test,cnn_test,0,0,1,0.85103875
31616,MH-002_2021_R071_C173,MH-002,Gadchiroli,2021,71,173,19.606135,80.37959,MH-002_C15,test,cnn_test,0,0,1,0.9445936
31617,MH-002_2021_R071_C174,MH-002,Gadchiroli,2021,71,174,19.606135,80.379859,MH-002_C15,test,cnn_test,0,0,1,0.9574819
31618,MH-002_2021_R071_C175,MH-002,Gadchiroli,2021,71,175,19.606135,80.380129,MH-002_C15,test,cnn_test,0,0,1,0.92884725
31687,MH-002_2021_R072_C161,MH-002,Gadchiroli,2021,72,161,19.605866,80.376356,MH-002_C14,test,cnn_test,2,1,0,0.03457932
31688,MH-002_2021_R072_C162,MH-002,Gadchiroli,2021,72,162,19.605866,80.376625,MH-002_C14,test,cnn_test,2,1,1,0.22636954
31689,MH-002_2021_R072_C163,MH-002,Gadchiroli,2021,72,163,19.605866,80.376895,MH-002_C14,test,cnn_test,1,0,1,0.16125181
31690,MH-002_2021_R072_C164,MH-002,Gadchiroli,2021,72,164,19.605866,80.377164,MH-002_C14,test,cnn_test,0,0,1,0.13565023
31691,MH-002_2021_R072_C165,MH-002,Gadchiroli,2021,72,165,19.605866,80.377434,MH-002_C14,test,cnn_test,0,0,0,0.09597603
31692,MH-002_2021_R072_C166,MH-002,Gadchiroli,2021,72,166,19.605866,80.377703,MH-002_C14,test,cnn_test,0,0,1,0.38437134
31693,MH-002_2021_R072_C167,MH-002,Gadchiroli,2021,72,167,19.605866,80.377973,MH-002_C14,test,cnn_test,0,0,0,0.09738877
31694,MH-002_2021_R072_C168,MH-002,Gadchiroli,2021,72,168,19.605866,80.378242,MH-002_C14,test,cnn_test,0,0,1,0.18457301
31695,MH-002_2021_R072_C169,MH-002,Gadchiroli,2021,72,169,19.605866,80.378512,MH-002_C14,test,cnn_test,0,0,0,0.0128729055
31696,MH-002_2021_R072_C170,MH-002,Gadchiroli,2021,72,170,19.605866,80.378781,MH-002_C14,test,cnn_test,0,0,1,0.22881581
31697,MH-002_2021_R072_C171,MH-002,Gadchiroli,2021,72,171,19.605866,80.379051,MH-002_C14,test,cnn_test,0,0,1,0.72265446
31698,MH-002_2021_R072_C172,MH-002,Gadchiroli,2021,72,172,19.605866,80.37932,MH-002_C15,test,cnn_test,0,0,1,0.86647314
31699,MH-002_2021_R072_C173,MH-002,Gadchiroli,2021,72,173,19.605866,80.37959,MH-002_C15,test,cnn_test,0,0,1,0.94804955
31700,MH-002_2021_R072_C174,MH-002,Gadchiroli,2021,72,174,19.605866,80.379859,MH-002_C15,test,cnn_test,0,0,1,0.95083904
31701,MH-002_2021_R072_C175,MH-002,Gadchiroli,2021,72,175,19.605866,80.380129,MH-002_C15,test,cnn_test,0,0,1,0.94320714
31772,MH-002_2021_R073_C161,MH-002,Gadchiroli,2021,73,161,19.605596,80.376356,MH-002_C14,test,cnn_test,2,1,1,0.29196543
31773,MH-002_2021_R073_C162,MH-002,Gadchiroli,2021,73,162,19.605596,80.376625,MH-002_C14,test,cnn_test,1,0,1,0.2997799
31774,MH-002_2021_R073_C163,MH-002,Gadchiroli,2021,73,163,19.605596,80.376895,MH-002_C14,test,cnn_test,1,0,1,0.7687967
31775,MH-002_2021_R073_C164,MH-002,Gadchiroli,2021,73,164,19.605596,80.377164,MH-002_C14,test,cnn_test,0,0,1,0.5594289
31776,MH-002_2021_R073_C165,MH-002,Gadchiroli,2021,73,165,19.605596,80.377434,MH-002_C14,test,cnn_test,0,0,1,0.53242147
31777,MH-002_2021_R073_C166,MH-002,Gadchiroli,2021,73,166,19.605596,80.377703,MH-002_C14,test,cnn_test,0,0,1,0.70280415
31778,MH-002_2021_R073_C167,MH-002,Gadchiroli,2021,73,167,19.605596,80.377973,MH-002_C14,test,cnn_test,0,0,1,0.4023706
31779,MH-002_2021_R073_C168,MH-002,Gadchiroli,2021,73,168,19.605596,80.378242,MH-002_C14,test,cnn_test,0,0,1,0.5231509
31780,MH-002_2021_R073_C169,MH-002,Gadchiroli,2021,73,169,19.605596,80.378512,MH-002_C14,test,cnn_test,0,0,0,0.029913098
31781,MH-002_2021_R073_C170,MH-002,Gadchiroli,2021,73,170,19.605596,80.378781,MH-002_C14,test,cnn_test,0,0,1,0.11516911
31782,MH-002_2021_R073_C171,MH-002,Gadchiroli,2021,73,171,19.605596,80.379051,MH-002_C14,test,cnn_test,0,0,1,0.6259843
31783,MH-002_2021_R073_C172,MH-002,Gadchiroli,2021,73,172,19.605596,80.37932,MH-002_C15,test,cnn_test,0,0,1,0.8944768
31784,MH-002_2021_R073_C173,MH-002,Gadchiroli,2021,73,173,19.605596,80.37959,MH-002_C15,test,cnn_test,0,0,1,0.956382
31785,MH-002_2021_R073_C174,MH-002,Gadchiroli,2021,73,174,19.605596,80.379859,MH-002_C15,test,cnn_test,0,0,1,0.9694233
31786,MH-002_2021_R073_C175,MH-002,Gadchiroli,2021,73,175,19.605596,80.380129,MH-002_C15,test,cnn_test,0,0,1,0.9565853
31864,MH-002_2021_R074_C161,MH-002,Gadchiroli,2021,74,161,19.605327,80.376356,MH-002_C14,test,cnn_test,2,1,1,0.11708463
31865,MH-002_2021_R074_C162,MH-002,Gadchiroli,2021,74,162,19.605327,80.376625,MH-002_C14,test,cnn_test,2,1,1,0.24921596
31866,MH-002_2021_R074_C163,MH-002,Gadchiroli,2021,74,163,19.605327,80.376895,MH-002_C14,test,cnn_test,1,0,1,0.75513273
31867,MH-002_2021_R074_C164,MH-002,Gadchiroli,2021,74,164,19.605327,80.377164,MH-002_C14,test,cnn_test,2,1,1,0.87542915
31868,MH-002_2021_R074_C165,MH-002,Gadchiroli,2021,74,165,19.605327,80.377434,MH-002_C14,test,cnn_test,0,0,1,0.86438364
31869,MH-002_2021_R074_C166,MH-002,Gadchiroli,2021,74,166,19.605327,80.377703,MH-002_C14,test,cnn_test,1,0,1,0.8527276
31870,MH-002_2021_R074_C167,MH-002,Gadchiroli,2021,74,167,19.605327,80.377973,MH-002_C14,test,cnn_test,0,0,1,0.75966763
31871,MH-002_2021_R074_C168,MH-002,Gadchiroli,2021,74,168,19.605327,80.378242,MH-002_C14,test,cnn_test,0,0,1,0.77389973
31872,MH-002_2021_R074_C169,MH-002,Gadchiroli,2021,74,169,19.605327,80.378512,MH-002_C14,test,cnn_test,0,0,1,0.22232397
31873,MH-002_2021_R074_C170,MH-002,Gadchiroli,2021,74,170,19.605327,80.378781,MH-002_C14,test,cnn_test,0,0,1,0.45117062
31874,MH-002_2021_R074_C171,MH-002,Gadchiroli,2021,74,171,19.605327,80.379051,MH-002_C14,test,cnn_test,0,0,1,0.78690505
31875,MH-002_2021_R074_C172,MH-002,Gadchiroli,2021,74,172,19.605327,80.37932,MH-002_C15,test,cnn_test,0,0,1,0.933113
31876,MH-002_2021_R074_C173,MH-002,Gadchiroli,2021,74,173,19.605327,80.37959,MH-002_C15,test,cnn_test,0,0,1,0.9818542
31877,MH-002_2021_R074_C174,MH-002,Gadchiroli,2021,74,174,19.605327,80.379859,MH-002_C15,test,cnn_test,0,0,1,0.97338134
31878,MH-002_2021_R074_C175,MH-002,Gadchiroli,2021,74,175,19.605327,80.380129,MH-002_C15,test,cnn_test,0,0,1,0.9654678
31879,MH-002_2021_R074_C176,MH-002,Gadchiroli,2021,74,176,19.605327,80.380398,MH-002_C15,test,cnn_test,0,0,1,0.9401824
31962,MH-002_2021_R075_C161,MH-002,Gadchiroli,2021,75,161,19.605057,80.376356,MH-002_C14,test,cnn_test,1,0,1,0.3074879
31963,MH-002_2021_R075_C162,MH-002,Gadchiroli,2021,75,162,19.605057,80.376625,MH-002_C14,test,cnn_test,1,0,0,0.08065521
31964,MH-002_2021_R075_C163,MH-002,Gadchiroli,2021,75,163,19.605057,80.376895,MH-002_C14,test,cnn_test,1,0,1,0.6208354
31965,MH-002_2021_R075_C164,MH-002,Gadchiroli,2021,75,164,19.605057,80.377164,MH-002_C14,test,cnn_test,0,0,1,0.8356102
31966,MH-002_2021_R075_C165,MH-002,Gadchiroli,2021,75,165,19.605057,80.377434,MH-002_C14,test,cnn_test,0,0,1,0.79716617
31967,MH-002_2021_R075_C166,MH-002,Gadchiroli,2021,75,166,19.605057,80.377703,MH-002_C14,test,cnn_test,0,0,1,0.8714785
31968,MH-002_2021_R075_C167,MH-002,Gadchiroli,2021,75,167,19.605057,80.377973,MH-002_C14,test,cnn_test,0,0,1,0.7759327
31969,MH-002_2021_R075_C168,MH-002,Gadchiroli,2021,75,168,19.605057,80.378242,MH-002_C14,test,cnn_test,0,0,1,0.8228364
31970,MH-002_2021_R075_C169,MH-002,Gadchiroli,2021,75,169,19.605057,80.378512,MH-002_C14,test,cnn_test,0,0,1,0.19286345
31971,MH-002_2021_R075_C170,MH-002,Gadchiroli,2021,75,170,19.605057,80.378781,MH-002_C14,test,cnn_test,0,0,1,0.28185216
31972,MH-002_2021_R075_C171,MH-002,Gadchiroli,2021,75,171,19.605057,80.379051,MH-002_C14,test,cnn_test,0,0,1,0.6770321
31973,MH-002_2021_R075_C172,MH-002,Gadchiroli,2021,75,172,19.605057,80.37932,MH-002_C15,test,cnn_test,0,0,1,0.94503736
31974,MH-002_2021_R075_C173,MH-002,Gadchiroli,2021,75,173,19.605057,80.37959,MH-002_C15,test,cnn_test,0,0,1,0.95775235
31975,MH-002_2021_R075_C174,MH-002,Gadchiroli,2021,75,174,19.605057,80.379859,MH-002_C15,test,cnn_test,0,0,1,0.9613192
31976,MH-002_2021_R075_C175,MH-002,Gadchiroli,2021,75,175,19.605057,80.380129,MH-002_C15,test,cnn_test,0,0,1,0.9650159
31977,MH-002_2021_R075_C176,MH-002,Gadchiroli,2021,75,176,19.605057,80.380398,MH-002_C15,test,cnn_test,0,0,1,0.94490623
32061,MH-002_2021_R076_C161,MH-002,Gadchiroli,2021,76,161,19.604788,80.376356,MH-002_C14,test,cnn_test,1,0,0,0.09637308
32062,MH-002_2021_R076_C162,MH-002,Gadchiroli,2021,76,162,19.604788,80.376625,MH-002_C14,test,cnn_test,1,0,0,0.059379302
32063,MH-002_2021_R076_C163,MH-002,Gadchiroli,2021,76,163,19.604788,80.376895,MH-002_C14,test,cnn_test,2,1,1,0.27197716
32064,MH-002_2021_R076_C164,MH-002,Gadchiroli,2021,76,164,19.604788,80.377164,MH-002_C14,test,cnn_test,1,0,1,0.9054701
32065,MH-002_2021_R076_C165,MH-002,Gadchiroli,2021,76,165,19.604788,80.377434,MH-002_C14,test,cnn_test,0,0,1,0.80547434
32066,MH-002_2021_R076_C166,MH-002,Gadchiroli,2021,76,166,19.604788,80.377703,MH-002_C14,test,cnn_test,0,0,1,0.8838922
32067,MH-002_2021_R076_C167,MH-002,Gadchiroli,2021,76,167,19.604788,80.377973,MH-002_C14,test,cnn_test,0,0,1,0.7952345
32068,MH-002_2021_R076_C170,MH-002,Gadchiroli,2021,76,170,19.604788,80.378781,MH-002_C14,test,cnn_test,0,0,1,0.42255473
32069,MH-002_2021_R076_C171,MH-002,Gadchiroli,2021,76,171,19.604788,80.379051,MH-002_C14,test,cnn_test,0,0,1,0.5199027
32070,MH-002_2021_R076_C172,MH-002,Gadchiroli,2021,76,172,19.604788,80.37932,MH-002_C15,test,cnn_test,0,0,1,0.8920575
32071,MH-002_2021_R076_C173,MH-002,Gadchiroli,2021,76,173,19.604788,80.37959,MH-002_C15,test,cnn_test,0,0,1,0.9506794
32072,MH-002_2021_R076_C174,MH-002,Gadchiroli,2021,76,174,19.604788,80.379859,MH-002_C15,test,cnn_test,0,0,1,0.9459614
32073,MH-002_2021_R076_C175,MH-002,Gadchiroli,2021,76,175,19.604788,80.380129,MH-002_C15,test,cnn_test,0,0,1,0.9494823
32074,MH-002_2021_R076_C176,MH-002,Gadchiroli,2021,76,176,19.604788,80.380398,MH-002_C15,test,cnn_test,0,0,1,0.9217767
32159,MH-002_2021_R077_C161,MH-002,Gadchiroli,2021,77,161,19.604518,80.376356,MH-002_C14,test,cnn_test,1,0,1,0.18101102
32160,MH-002_2021_R077_C162,MH-002,Gadchiroli,2021,77,162,19.604518,80.376625,MH-002_C14,test,cnn_test,2,1,0,0.04928467
32161,MH-002_2021_R077_C163,MH-002,Gadchiroli,2021,77,163,19.604518,80.376895,MH-002_C14,test,cnn_test,1,0,1,0.32902506
32162,MH-002_2021_R077_C164,MH-002,Gadchiroli,2021,77,164,19.604518,80.377164,MH-002_C14,test,cnn_test,1,0,1,0.8598685
32163,MH-002_2021_R077_C165,MH-002,Gadchiroli,2021,77,165,19.604518,80.377434,MH-002_C14,test,cnn_test,1,0,1,0.74279964
32164,MH-002_2021_R077_C166,MH-002,Gadchiroli,2021,77,166,19.604518,80.377703,MH-002_C14,test,cnn_test,0,0,1,0.8776327
32165,MH-002_2021_R077_C168,MH-002,Gadchiroli,2021,77,168,19.604518,80.378242,MH-002_C14,test,cnn_test,0,0,1,0.8552561
32166,MH-002_2021_R077_C170,MH-002,Gadchiroli,2021,77,170,19.604518,80.378781,MH-002_C14,test,cnn_test,0,0,1,0.10130053
32167,MH-002_2021_R077_C171,MH-002,Gadchiroli,2021,77,171,19.604518,80.379051,MH-002_C14,test,cnn_test,0,0,1,0.2773541
32168,MH-002_2021_R077_C172,MH-002,Gadchiroli,2021,77,172,19.604518,80.37932,MH-002_C15,test,cnn_test,0,0,1,0.79699975
32169,MH-002_2021_R077_C173,MH-002,Gadchiroli,2021,77,173,19.604518,80.37959,MH-002_C15,test,cnn_test,0,0,1,0.9316874
32170,MH-002_2021_R077_C174,MH-002,Gadchiroli,2021,77,174,19.604518,80.379859,MH-002_C15,test,cnn_test,0,0,1,0.88737315
32171,MH-002_2021_R077_C175,MH-002,Gadchiroli,2021,77,175,19.604518,80.380129,MH-002_C15,test,cnn_test,0,0,1,0.95235515
32172,MH-002_2021_R077_C176,MH-002,Gadchiroli,2021,77,176,19.604518,80.380398,MH-002_C15,test,cnn_test,0,0,1,0.88458323
32258,MH-002_2021_R078_C161,MH-002,Gadchiroli,2021,78,161,19.604249,80.376356,MH-002_C14,test,cnn_test,1,0,0,0.021571752
32259,MH-002_2021_R078_C162,MH-002,Gadchiroli,2021,78,162,19.604249,80.376625,MH-002_C14,test,cnn_test,2,1,0,0.008318614
32260,MH-002_2021_R078_C163,MH-002,Gadchiroli,2021,78,163,19.604249,80.376895,MH-002_C14,test,cnn_test,2,1,1,0.10308785
32261,MH-002_2021_R078_C164,MH-002,Gadchiroli,2021,78,164,19.604249,80.377164,MH-002_C14,test,cnn_test,1,0,1,0.850724
32262,MH-002_2021_R078_C165,MH-002,Gadchiroli,2021,78,165,19.604249,80.377434,MH-002_C14,test,cnn_test,1,0,1,0.79295444
32263,MH-002_2021_R078_C167,MH-002,Gadchiroli,2021,78,167,19.604249,80.377973,MH-002_C14,test,cnn_test,0,0,1,0.783518
32264,MH-002_2021_R078_C168,MH-002,Gadchiroli,2021,78,168,19.604249,80.378242,MH-002_C14,test,cnn_test,0,0,1,0.8486862
32265,MH-002_2021_R078_C169,MH-002,Gadchiroli,2021,78,169,19.604249,80.378512,MH-002_C14,test,cnn_test,0,0,1,0.35308614
32266,MH-002_2021_R078_C171,MH-002,Gadchiroli,2021,78,171,19.604249,80.379051,MH-002_C14,test,cnn_test,0,0,1,0.18975104
32267,MH-002_2021_R078_C172,MH-002,Gadchiroli,2021,78,172,19.604249,80.37932,MH-002_C15,test,cnn_test,0,0,1,0.4589622
32268,MH-002_2021_R078_C173,MH-002,Gadchiroli,2021,78,173,19.604249,80.37959,MH-002_C15,test,cnn_test,0,0,1,0.78368866
32269,MH-002_2021_R078_C174,MH-002,Gadchiroli,2021,78,174,19.604249,80.379859,MH-002_C15,test,cnn_test,0,0,1,0.7564734
32270,MH-002_2021_R078_C175,MH-002,Gadchiroli,2021,78,175,19.604249,80.380129,MH-002_C15,test,cnn_test,0,0,1,0.8661608
32271,MH-002_2021_R078_C176,MH-002,Gadchiroli,2021,78,176,19.604249,80.380398,MH-002_C15,test,cnn_test,0,0,1,0.8506179
32359,MH-002_2021_R079_C161,MH-002,Gadchiroli,2021,79,161,19.603979,80.376356,MH-002_C14,test,cnn_test,0,0,0,0.040016737
32360,MH-002_2021_R079_C162,MH-002,Gadchiroli,2021,79,162,19.603979,80.376625,MH-002_C14,test,cnn_test,1,0,0,0.024661282
32361,MH-002_2021_R079_C163,MH-002,Gadchiroli,2021,79,163,19.603979,80.376895,MH-002_C14,test,cnn_test,0,0,1,0.37759465
32362,MH-002_2021_R079_C164,MH-002,Gadchiroli,2021,79,164,19.603979,80.377164,MH-002_C14,test,cnn_test,1,0,1,0.867256
32363,MH-002_2021_R079_C166,MH-002,Gadchiroli,2021,79,166,19.603979,80.377703,MH-002_C14,test,cnn_test,0,0,1,0.9529098
32364,MH-002_2021_R079_C167,MH-002,Gadchiroli,2021,79,167,19.603979,80.377973,MH-002_C14,test,cnn_test,0,0,1,0.8872697
32365,MH-002_2021_R079_C168,MH-002,Gadchiroli,2021,79,168,19.603979,80.378242,MH-002_C14,test,cnn_test,0,0,1,0.91138154
32366,MH-002_2021_R079_C169,MH-002,Gadchiroli,2021,79,169,19.603979,80.378512,MH-002_C14,test,cnn_test,0,0,1,0.7273771
32367,MH-002_2021_R079_C171,MH-002,Gadchiroli,2021,79,171,19.603979,80.379051,MH-002_C14,test,cnn_test,0,0,1,0.27091885
32368,MH-002_2021_R079_C172,MH-002,Gadchiroli,2021,79,172,19.603979,80.37932,MH-002_C15,test,cnn_test,0,0,1,0.5385087
32369,MH-002_2021_R079_C173,MH-002,Gadchiroli,2021,79,173,19.603979,80.37959,MH-002_C15,test,cnn_test,0,0,1,0.757605
32370,MH-002_2021_R079_C174,MH-002,Gadchiroli,2021,79,174,19.603979,80.379859,MH-002_C15,test,cnn_test,0,0,1,0.64248645
32371,MH-002_2021_R079_C175,MH-002,Gadchiroli,2021,79,175,19.603979,80.380129,MH-002_C15,test,cnn_test,0,0,1,0.9063263
32372,MH-002_2021_R079_C176,MH-002,Gadchiroli,2021,79,176,19.603979,80.380398,MH-002_C15,test,cnn_test,0,0,1,0.839321
32453,MH-002_2021_R080_C161,MH-002,Gadchiroli,2021,80,161,19.60371,80.376356,MH-002_C14,test,cnn_test,0,0,0,0.0054910188
32454,MH-002_2021_R080_C162,MH-002,Gadchiroli,2021,80,162,19.60371,80.376625,MH-002_C14,test,cnn_test,1,0,0,0.0011596412
32455,MH-002_2021_R080_C163,MH-002,Gadchiroli,2021,80,163,19.60371,80.376895,MH-002_C14,test,cnn_test,2,1,0,0.022550385
32456,MH-002_2021_R080_C164,MH-002,Gadchiroli,2021,80,164,19.60371,80.377164,MH-002_C14,test,cnn_test,1,0,1,0.6753565
32457,MH-002_2021_R080_C166,MH-002,Gadchiroli,2021,80,166,19.60371,80.377703,MH-002_C14,test,cnn_test,1,0,1,0.79868907
32458,MH-002_2021_R080_C167,MH-002,Gadchiroli,2021,80,167,19.60371,80.377973,MH-002_C14,test,cnn_test,0,0,1,0.7990986
32459,MH-002_2021_R080_C168,MH-002,Gadchiroli,2021,80,168,19.60371,80.378242,MH-002_C14,test,cnn_test,0,0,1,0.8097266
32460,MH-002_2021_R080_C169,MH-002,Gadchiroli,2021,80,169,19.60371,80.378512,MH-002_C14,test,cnn_test,0,0,1,0.46290576
32461,MH-002_2021_R080_C171,MH-002,Gadchiroli,2021,80,171,19.60371,80.379051,MH-002_C14,test,cnn_test,0,0,0,0.090907454
32462,MH-002_2021_R080_C172,MH-002,Gadchiroli,2021,80,172,19.60371,80.37932,MH-002_C15,test,cnn_test,0,0,0,0.07883394
32463,MH-002_2021_R080_C173,MH-002,Gadchiroli,2021,80,173,19.60371,80.37959,MH-002_C15,test,cnn_test,0,0,1,0.17076805
32464,MH-002_2021_R080_C174,MH-002,Gadchiroli,2021,80,174,19.60371,80.379859,MH-002_C15,test,cnn_test,0,0,1,0.541623
32465,MH-002_2021_R080_C175,MH-002,Gadchiroli,2021,80,175,19.60371,80.380129,MH-002_C15,test,cnn_test,0,0,1,0.8755519
32466,MH-002_2021_R080_C176,MH-002,Gadchiroli,2021,80,176,19.60371,80.380398,MH-002_C15,test,cnn_test,0,0,1,0.92678416
32545,MH-002_2021_R081_C161,MH-002,Gadchiroli,2021,81,161,19.60344,80.376356,MH-002_C14,test,cnn_test,0,0,0,0.004028221
32546,MH-002_2021_R081_C162,MH-002,Gadchiroli,2021,81,162,19.60344,80.376625,MH-002_C14,test,cnn_test,1,0,0,0.0010704538
32547,MH-002_2021_R081_C163,MH-002,Gadchiroli,2021,81,163,19.60344,80.376895,MH-002_C14,test,cnn_test,1,0,0,0.07169712
32548,MH-002_2021_R081_C164,MH-002,Gadchiroli,2021,81,164,19.60344,80.377164,MH-002_C14,test,cnn_test,2,1,1,0.53643084
32549,MH-002_2021_R081_C166,MH-002,Gadchiroli,2021,81,166,19.60344,80.377703,MH-002_C14,test,cnn_test,2,1,1,0.8308157
32550,MH-002_2021_R081_C167,MH-002,Gadchiroli,2021,81,167,19.60344,80.377973,MH-002_C14,test,cnn_test,1,0,1,0.86072093
32551,MH-002_2021_R081_C168,MH-002,Gadchiroli,2021,81,168,19.60344,80.378242,MH-002_C14,test,cnn_test,0,0,1,0.7794292
32552,MH-002_2021_R081_C169,MH-002,Gadchiroli,2021,81,169,19.60344,80.378512,MH-002_C14,test,cnn_test,0,0,1,0.7225546
32553,MH-002_2021_R081_C171,MH-002,Gadchiroli,2021,81,171,19.60344,80.379051,MH-002_C14,test,cnn_test,0,0,1,0.41382903
32554,MH-002_2021_R081_C172,MH-002,Gadchiroli,2021,81,172,19.60344,80.37932,MH-002_C15,test,cnn_test,0,0,1,0.24932116
32555,MH-002_2021_R081_C173,MH-002,Gadchiroli,2021,81,173,19.60344,80.37959,MH-002_C15,test,cnn_test,0,0,1,0.6795723
32556,MH-002_2021_R081_C174,MH-002,Gadchiroli,2021,81,174,19.60344,80.379859,MH-002_C15,test,cnn_test,0,0,1,0.77495503
32557,MH-002_2021_R081_C175,MH-002,Gadchiroli,2021,81,175,19.60344,80.380129,MH-002_C15,test,cnn_test,0,0,1,0.94766915
32558,MH-002_2021_R081_C176,MH-002,Gadchiroli,2021,81,176,19.60344,80.380398,MH-002_C15,test,cnn_test,0,0,1,0.9377978
32630,MH-002_2021_R082_C161,MH-002,Gadchiroli,2021,82,161,19.603171,80.376356,MH-002_C14,test,cnn_test,0,0,0,0.012505224
32631,MH-002_2021_R082_C162,MH-002,Gadchiroli,2021,82,162,19.603171,80.376625,MH-002_C14,test,cnn_test,0,0,0,0.0023581714
32632,MH-002_2021_R082_C163,MH-002,Gadchiroli,2021,82,163,19.603171,80.376895,MH-002_C14,test,cnn_test,1,0,0,0.09439079
32633,MH-002_2021_R082_C164,MH-002,Gadchiroli,2021,82,164,19.603171,80.377164,MH-002_C14,test,cnn_test,2,1,1,0.77114546
32634,MH-002_2021_R082_C166,MH-002,Gadchiroli,2021,82,166,19.603171,80.377703,MH-002_C14,test,cnn_test,2,1,1,0.7521323
32635,MH-002_2021_R082_C167,MH-002,Gadchiroli,2021,82,167,19.603171,80.377973,MH-002_C14,test,cnn_test,1,0,1,0.85959023
32636,MH-002_2021_R082_C168,MH-002,Gadchiroli,2021,82,168,19.603171,80.378242,MH-002_C14,test,cnn_test,0,0,1,0.8354098
32637,MH-002_2021_R082_C169,MH-002,Gadchiroli,2021,82,169,19.603171,80.378512,MH-002_C14,test,cnn_test,0,0,1,0.7075811
32638,MH-002_2021_R082_C171,MH-002,Gadchiroli,2021,82,171,19.603171,80.379051,MH-002_C14,test,cnn_test,0,0,1,0.13138701
32639,MH-002_2021_R082_C172,MH-002,Gadchiroli,2021,82,172,19.603171,80.37932,MH-002_C15,test,cnn_test,0,0,0,0.021029001
32640,MH-002_2021_R082_C173,MH-002,Gadchiroli,2021,82,173,19.603171,80.37959,MH-002_C15,test,cnn_test,0,0,0,0.045767337
32641,MH-002_2021_R082_C174,MH-002,Gadchiroli,2021,82,174,19.603171,80.379859,MH-002_C15,test,cnn_test,0,0,1,0.4550451
32642,MH-002_2021_R082_C175,MH-002,Gadchiroli,2021,82,175,19.603171,80.380129,MH-002_C15,test,cnn_test,0,0,1,0.8615221
32643,MH-002_2021_R082_C176,MH-002,Gadchiroli,2021,82,176,19.603171,80.380398,MH-002_C15,test,cnn_test,0,0,1,0.884697
32715,MH-002_2021_R083_C161,MH-002,Gadchiroli,2021,83,161,19.602901,80.376356,MH-002_C14,test,cnn_test,1,0,0,0.047878686
32716,MH-002_2021_R083_C162,MH-002,Gadchiroli,2021,83,162,19.602901,80.376625,MH-002_C14,test,cnn_test,1,0,0,0.0070728413
32717,MH-002_2021_R083_C163,MH-002,Gadchiroli,2021,83,163,19.602901,80.376895,MH-002_C14,test,cnn_test,1,0,1,0.3368509
32718,MH-002_2021_R083_C164,MH-002,Gadchiroli,2021,83,164,19.602901,80.377164,MH-002_C14,test,cnn_test,1,0,1,0.7936398
32719,MH-002_2021_R083_C166,MH-002,Gadchiroli,2021,83,166,19.602901,80.377703,MH-002_C14,test,cnn_test,1,0,1,0.81486666
32720,MH-002_2021_R083_C167,MH-002,Gadchiroli,2021,83,167,19.602901,80.377973,MH-002_C14,test,cnn_test,0,0,1,0.8281857
32721,MH-002_2021_R083_C169,MH-002,Gadchiroli,2021,83,169,19.602901,80.378512,MH-002_C14,test,cnn_test,0,0,1,0.79001904
32722,MH-002_2021_R083_C170,MH-002,Gadchiroli,2021,83,170,19.602901,80.378781,MH-002_C14,test,cnn_test,0,0,1,0.39599293
32723,MH-002_2021_R083_C171,MH-002,Gadchiroli,2021,83,171,19.602901,80.379051,MH-002_C14,test,cnn_test,0,0,1,0.1934192
32724,MH-002_2021_R083_C172,MH-002,Gadchiroli,2021,83,172,19.602901,80.37932,MH-002_C15,test,cnn_test,0,0,1,0.11186597
32725,MH-002_2021_R083_C173,MH-002,Gadchiroli,2021,83,173,19.602901,80.37959,MH-002_C15,test,cnn_test,0,0,1,0.38358936
32726,MH-002_2021_R083_C175,MH-002,Gadchiroli,2021,83,175,19.602901,80.380129,MH-002_C15,test,cnn_test,0,0,1,0.734111
32727,MH-002_2021_R083_C176,MH-002,Gadchiroli,2021,83,176,19.602901,80.380398,MH-002_C15,test,cnn_test,0,0,1,0.83897346
32795,MH-002_2021_R084_C161,MH-002,Gadchiroli,2021,84,161,19.602632,80.376356,MH-002_C14,test,cnn_test,1,0,0,0.022263505
32796,MH-002_2021_R084_C163,MH-002,Gadchiroli,2021,84,163,19.602632,80.376895,MH-002_C14,test,cnn_test,1,0,1,0.27663568
32797,MH-002_2021_R084_C165,MH-002,Gadchiroli,2021,84,165,19.602632,80.377434,MH-002_C14,test,cnn_test,0,0,1,0.650598
32798,MH-002_2021_R084_C166,MH-002,Gadchiroli,2021,84,166,19.602632,80.377703,MH-002_C14,test,cnn_test,1,0,1,0.664801
32799,MH-002_2021_R084_C167,MH-002,Gadchiroli,2021,84,167,19.602632,80.377973,MH-002_C14,test,cnn_test,2,1,1,0.805556
32800,MH-002_2021_R084_C168,MH-002,Gadchiroli,2021,84,168,19.602632,80.378242,MH-002_C14,test,cnn_test,0,0,1,0.7204955
32801,MH-002_2021_R084_C170,MH-002,Gadchiroli,2021,84,170,19.602632,80.378781,MH-002_C14,test,cnn_test,0,0,1,0.13142926
32802,MH-002_2021_R084_C171,MH-002,Gadchiroli,2021,84,171,19.602632,80.379051,MH-002_C14,test,cnn_test,0,0,0,0.08686601
32803,MH-002_2021_R084_C172,MH-002,Gadchiroli,2021,84,172,19.602632,80.37932,MH-002_C15,test,cnn_test,0,0,0,0.05003867
32804,MH-002_2021_R084_C173,MH-002,Gadchiroli,2021,84,173,19.602632,80.37959,MH-002_C15,test,cnn_test,0,0,0,0.07251638
32805,MH-002_2021_R084_C174,MH-002,Gadchiroli,2021,84,174,19.602632,80.379859,MH-002_C15,test,cnn_test,0,0,1,0.3727254
32806,MH-002_2021_R084_C176,MH-002,Gadchiroli,2021,84,176,19.602632,80.380398,MH-002_C15,test,cnn_test,0,0,1,0.82944584
32879,MH-002_2021_R085_C161,MH-002,Gadchiroli,2021,85,161,19.602362,80.376356,MH-002_C14,test,cnn_test,0,0,0,0.0103744995
32880,MH-002_2021_R085_C162,MH-002,Gadchiroli,2021,85,162,19.602362,80.376625,MH-002_C14,test,cnn_test,0,0,0,0.019746883
32881,MH-002_2021_R085_C163,MH-002,Gadchiroli,2021,85,163,19.602362,80.376895,MH-002_C14,test,cnn_test,0,0,1,0.35989547
32882,MH-002_2021_R085_C164,MH-002,Gadchiroli,2021,85,164,19.602362,80.377164,MH-002_C14,test,cnn_test,0,0,1,0.7532144
32883,MH-002_2021_R085_C165,MH-002,Gadchiroli,2021,85,165,19.602362,80.377434,MH-002_C14,test,cnn_test,0,0,1,0.60540503
32884,MH-002_2021_R085_C166,MH-002,Gadchiroli,2021,85,166,19.602362,80.377703,MH-002_C14,test,cnn_test,1,0,1,0.7310836
32885,MH-002_2021_R085_C167,MH-002,Gadchiroli,2021,85,167,19.602362,80.377973,MH-002_C14,test,cnn_test,1,0,1,0.7127678
32886,MH-002_2021_R085_C171,MH-002,Gadchiroli,2021,85,171,19.602362,80.379051,MH-002_C14,test,cnn_test,0,0,1,0.13077465
32887,MH-002_2021_R085_C172,MH-002,Gadchiroli,2021,85,172,19.602362,80.37932,MH-002_C15,test,cnn_test,0,0,1,0.1548149
32888,MH-002_2021_R085_C173,MH-002,Gadchiroli,2021,85,173,19.602362,80.37959,MH-002_C15,test,cnn_test,0,0,1,0.4642692
32889,MH-002_2021_R085_C174,MH-002,Gadchiroli,2021,85,174,19.602362,80.379859,MH-002_C15,test,cnn_test,0,0,1,0.5568068
32890,MH-002_2021_R085_C176,MH-002,Gadchiroli,2021,85,176,19.602362,80.380398,MH-002_C15,test,cnn_test,0,0,1,0.9008619
32963,MH-002_2021_R086_C161,MH-002,Gadchiroli,2021,86,161,19.602093,80.376356,MH-002_C14,test,cnn_test,0,0,0,0.041541923
32964,MH-002_2021_R086_C162,MH-002,Gadchiroli,2021,86,162,19.602093,80.376625,MH-002_C14,test,cnn_test,0,0,0,0.04655448
32965,MH-002_2021_R086_C163,MH-002,Gadchiroli,2021,86,163,19.602093,80.376895,MH-002_C14,test,cnn_test,0,0,1,0.8010575
32966,MH-002_2021_R086_C172,MH-002,Gadchiroli,2021,86,172,19.602093,80.37932,MH-002_C15,test,cnn_test,0,0,1,0.19740917
32967,MH-002_2021_R086_C173,MH-002,Gadchiroli,2021,86,173,19.602093,80.37959,MH-002_C15,test,cnn_test,0,0,1,0.3301096
32968,MH-002_2021_R086_C174,MH-002,Gadchiroli,2021,86,174,19.602093,80.379859,MH-002_C15,test,cnn_test,0,0,1,0.20617768
32969,MH-002_2021_R086_C175,MH-002,Gadchiroli,2021,86,175,19.602093,80.380129,MH-002_C15,test,cnn_test,0,0,1,0.5352728
32970,MH-002_2021_R086_C176,MH-002,Gadchiroli,2021,86,176,19.602093,80.380398,MH-002_C15,test,cnn_test,0,0,1,0.80134237
33042,MH-002_2021_R087_C170,MH-002,Gadchiroli,2021,87,170,19.601823,80.378781,MH-002_C14,test,cnn_test,0,0,1,0.37798026
33043,MH-002_2021_R087_C171,MH-002,Gadchiroli,2021,87,171,19.601823,80.379051,MH-002_C14,test,cnn_test,0,0,1,0.43789488
33044,MH-002_2021_R087_C172,MH-002,Gadchiroli,2021,87,172,19.601823,80.37932,MH-002_C15,test,cnn_test,0,0,1,0.23902823
33045,MH-002_2021_R087_C173,MH-002,Gadchiroli,2021,87,173,19.601823,80.37959,MH-002_C15,test,cnn_test,0,0,1,0.55231386
33046,MH-002_2021_R087_C174,MH-002,Gadchiroli,2021,87,174,19.601823,80.379859,MH-002_C15,test,cnn_test,0,0,1,0.21269864
33047,MH-002_2021_R087_C176,MH-002,Gadchiroli,2021,87,176,19.601823,80.380398,MH-002_C15,test,cnn_test,0,0,1,0.72502315
33131,MH-002_2021_R088_C171,MH-002,Gadchiroli,2021,88,171,19.601554,80.379051,MH-002_C14,test,cnn_test,0,0,1,0.68978673
33132,MH-002_2021_R088_C172,MH-002,Gadchiroli,2021,88,172,19.601554,80.37932,MH-002_C15,test,cnn_test,0,0,1,0.24451333
33133,MH-002_2021_R088_C173,MH-002,Gadchiroli,2021,88,173,19.601554,80.37959,MH-002_C15,test,cnn_test,0,0,1,0.25222743
33134,MH-002_2021_R088_C174,MH-002,Gadchiroli,2021,88,174,19.601554,80.379859,MH-002_C15,test,cnn_test,0,0,0,0.07731475
33135,MH-002_2021_R088_C176,MH-002,Gadchiroli,2021,88,176,19.601554,80.380398,MH-002_C15,test,cnn_test,0,0,1,0.5660884
33215,MH-002_2021_R089_C161,MH-002,Gadchiroli,2021,89,161,19.601284,80.376356,MH-002_C14,test,cnn_test,0,0,0,0.025995964
33216,MH-002_2021_R089_C165,MH-002,Gadchiroli,2021,89,165,19.601284,80.377434,MH-002_C14,test,cnn_test,0,0,1,0.8984894
33217,MH-002_2021_R089_C166,MH-002,Gadchiroli,2021,89,166,19.601284,80.377703,MH-002_C14,test,cnn_test,1,0,1,0.76228434
33218,MH-002_2021_R089_C167,MH-002,Gadchiroli,2021,89,167,19.601284,80.377973,MH-002_C14,test,cnn_test,1,0,1,0.44895956
33219,MH-002_2021_R089_C168,MH-002,Gadchiroli,2021,89,168,19.601284,80.378242,MH-002_C14,test,cnn_test,2,1,1,0.14973818
33220,MH-002_2021_R089_C172,MH-002,Gadchiroli,2021,89,172,19.601284,80.37932,MH-002_C15,test,cnn_test,0,0,1,0.4957871
33221,MH-002_2021_R089_C173,MH-002,Gadchiroli,2021,89,173,19.601284,80.37959,MH-002_C15,test,cnn_test,0,0,1,0.74884915
33222,MH-002_2021_R089_C175,MH-002,Gadchiroli,2021,89,175,19.601284,80.380129,MH-002_C15,test,cnn_test,0,0,1,0.21301886
33223,MH-002_2021_R089_C176,MH-002,Gadchiroli,2021,89,176,19.601284,80.380398,MH-002_C15,test,cnn_test,0,0,1,0.84083
33307,MH-002_2021_R090_C161,MH-002,Gadchiroli,2021,90,161,19.601015,80.376356,MH-002_C14,test,cnn_test,0,0,0,0.07767805
33308,MH-002_2021_R090_C162,MH-002,Gadchiroli,2021,90,162,19.601015,80.376625,MH-002_C14,test,cnn_test,0,0,0,0.07701187
33309,MH-002_2021_R090_C163,MH-002,Gadchiroli,2021,90,163,19.601015,80.376895,MH-002_C14,test,cnn_test,1,0,1,0.42058197
33310,MH-002_2021_R090_C165,MH-002,Gadchiroli,2021,90,165,19.601015,80.377434,MH-002_C14,test,cnn_test,0,0,1,0.6944709
33311,MH-002_2021_R090_C166,MH-002,Gadchiroli,2021,90,166,19.601015,80.377703,MH-002_C14,test,cnn_test,1,0,1,0.37129056
33312,MH-002_2021_R090_C167,MH-002,Gadchiroli,2021,90,167,19.601015,80.377973,MH-002_C14,test,cnn_test,0,0,1,0.40230176
33313,MH-002_2021_R090_C168,MH-002,Gadchiroli,2021,90,168,19.601015,80.378242,MH-002_C14,test,cnn_test,1,0,0,0.034547053
33314,MH-002_2021_R090_C169,MH-002,Gadchiroli,2021,90,169,19.601015,80.378512,MH-002_C14,test,cnn_test,1,0,1,0.30896583
33315,MH-002_2021_R090_C170,MH-002,Gadchiroli,2021,90,170,19.601015,80.378781,MH-002_C14,test,cnn_test,1,0,1,0.5961438
33316,MH-002_2021_R090_C172,MH-002,Gadchiroli,2021,90,172,19.601015,80.37932,MH-002_C15,test,cnn_test,0,0,1,0.24681367
33317,MH-002_2021_R090_C173,MH-002,Gadchiroli,2021,90,173,19.601015,80.37959,MH-002_C15,test,cnn_test,0,0,1,0.3753945
33318,MH-002_2021_R090_C174,MH-002,Gadchiroli,2021,90,174,19.601015,80.379859,MH-002_C15,test,cnn_test,0,0,1,0.28944162
33319,MH-002_2021_R090_C175,MH-002,Gadchiroli,2021,90,175,19.601015,80.380129,MH-002_C15,test,cnn_test,0,0,1,0.2857687
33320,MH-002_2021_R090_C176,MH-002,Gadchiroli,2021,90,176,19.601015,80.380398,MH-002_C15,test,cnn_test,0,0,1,0.83119166
33405,MH-002_2021_R091_C161,MH-002,Gadchiroli,2021,91,161,19.600745,80.376356,MH-002_C14,test,cnn_test,0,0,0,0.074333645
33406,MH-002_2021_R091_C162,MH-002,Gadchiroli,2021,91,162,19.600745,80.376625,MH-002_C14,test,cnn_test,0,0,1,0.45918387
33407,MH-002_2021_R091_C163,MH-002,Gadchiroli,2021,91,163,19.600745,80.376895,MH-002_C14,test,cnn_test,0,0,1,0.4518865
33408,MH-002_2021_R091_C164,MH-002,Gadchiroli,2021,91,164,19.600745,80.377164,MH-002_C14,test,cnn_test,1,0,1,0.7765012
33409,MH-002_2021_R091_C165,MH-002,Gadchiroli,2021,91,165,19.600745,80.377434,MH-002_C14,test,cnn_test,1,0,1,0.76594496
33410,MH-002_2021_R091_C166,MH-002,Gadchiroli,2021,91,166,19.600745,80.377703,MH-002_C14,test,cnn_test,0,0,1,0.81057066
33411,MH-002_2021_R091_C167,MH-002,Gadchiroli,2021,91,167,19.600745,80.377973,MH-002_C14,test,cnn_test,1,0,1,0.61745334
33412,MH-002_2021_R091_C168,MH-002,Gadchiroli,2021,91,168,19.600745,80.378242,MH-002_C14,test,cnn_test,0,0,1,0.2685934
33413,MH-002_2021_R091_C169,MH-002,Gadchiroli,2021,91,169,19.600745,80.378512,MH-002_C14,test,cnn_test,0,0,1,0.7096851
33414,MH-002_2021_R091_C170,MH-002,Gadchiroli,2021,91,170,19.600745,80.378781,MH-002_C14,test,cnn_test,0,0,1,0.7139408
33415,MH-002_2021_R091_C171,MH-002,Gadchiroli,2021,91,171,19.600745,80.379051,MH-002_C14,test,cnn_test,2,1,1,0.65301305
33416,MH-002_2021_R091_C173,MH-002,Gadchiroli,2021,91,173,19.600745,80.37959,MH-002_C15,test,cnn_test,0,0,1,0.49035975
33417,MH-002_2021_R091_C174,MH-002,Gadchiroli,2021,91,174,19.600745,80.379859,MH-002_C15,test,cnn_test,0,0,1,0.36563048
33418,MH-002_2021_R091_C175,MH-002,Gadchiroli,2021,91,175,19.600745,80.380129,MH-002_C15,test,cnn_test,0,0,1,0.2260938
33419,MH-002_2021_R091_C176,MH-002,Gadchiroli,2021,91,176,19.600745,80.380398,MH-002_C15,test,cnn_test,0,0,1,0.8307362
33501,MH-002_2021_R092_C161,MH-002,Gadchiroli,2021,92,161,19.600476,80.376356,MH-002_C14,test,cnn_test,0,0,1,0.74533206
33502,MH-002_2021_R092_C162,MH-002,Gadchiroli,2021,92,162,19.600476,80.376625,MH-002_C14,test,cnn_test,0,0,1,0.92617184
33503,MH-002_2021_R092_C163,MH-002,Gadchiroli,2021,92,163,19.600476,80.376895,MH-002_C14,test,cnn_test,0,0,1,0.87081707
33504,MH-002_2021_R092_C164,MH-002,Gadchiroli,2021,92,164,19.600476,80.377164,MH-002_C14,test,cnn_test,1,0,1,0.9396339
33505,MH-002_2021_R092_C165,MH-002,Gadchiroli,2021,92,165,19.600476,80.377434,MH-002_C14,test,cnn_test,1,0,1,0.91382617
33506,MH-002_2021_R092_C166,MH-002,Gadchiroli,2021,92,166,19.600476,80.377703,MH-002_C14,test,cnn_test,1,0,1,0.6375858
33507,MH-002_2021_R092_C167,MH-002,Gadchiroli,2021,92,167,19.600476,80.377973,MH-002_C14,test,cnn_test,2,1,1,0.43525687
33508,MH-002_2021_R092_C168,MH-002,Gadchiroli,2021,92,168,19.600476,80.378242,MH-002_C14,test,cnn_test,0,0,1,0.26292047
33509,MH-002_2021_R092_C169,MH-002,Gadchiroli,2021,92,169,19.600476,80.378512,MH-002_C14,test,cnn_test,0,0,1,0.71740764
33510,MH-002_2021_R092_C170,MH-002,Gadchiroli,2021,92,170,19.600476,80.378781,MH-002_C14,test,cnn_test,0,0,1,0.7140825
33511,MH-002_2021_R092_C171,MH-002,Gadchiroli,2021,92,171,19.600476,80.379051,MH-002_C14,test,cnn_test,1,0,1,0.68622434
33512,MH-002_2021_R092_C172,MH-002,Gadchiroli,2021,92,172,19.600476,80.37932,MH-002_C15,test,cnn_test,0,0,1,0.29805863
33513,MH-002_2021_R092_C173,MH-002,Gadchiroli,2021,92,173,19.600476,80.37959,MH-002_C15,test,cnn_test,0,0,1,0.28560248
33514,MH-002_2021_R092_C174,MH-002,Gadchiroli,2021,92,174,19.600476,80.379859,MH-002_C15,test,cnn_test,0,0,1,0.3784497
33515,MH-002_2021_R092_C175,MH-002,Gadchiroli,2021,92,175,19.600476,80.380129,MH-002_C15,test,cnn_test,0,0,1,0.37856704
33516,MH-002_2021_R092_C176,MH-002,Gadchiroli,2021,92,176,19.600476,80.380398,MH-002_C15,test,cnn_test,0,0,1,0.8453451
33594,MH-002_2021_R093_C161,MH-002,Gadchiroli,2021,93,161,19.600206,80.376356,MH-002_C14,test,cnn_test,1,0,1,0.41710702
33595,MH-002_2021_R093_C162,MH-002,Gadchiroli,2021,93,162,19.600206,80.376625,MH-002_C14,test,cnn_test,1,0,1,0.81969637
33596,MH-002_2021_R093_C163,MH-002,Gadchiroli,2021,93,163,19.600206,80.376895,MH-002_C14,test,cnn_test,1,0,1,0.7833109
33597,MH-002_2021_R093_C164,MH-002,Gadchiroli,2021,93,164,19.600206,80.377164,MH-002_C14,test,cnn_test,1,0,1,0.9019487
33598,MH-002_2021_R093_C165,MH-002,Gadchiroli,2021,93,165,19.600206,80.377434,MH-002_C14,test,cnn_test,2,1,1,0.8874158
33599,MH-002_2021_R093_C166,MH-002,Gadchiroli,2021,93,166,19.600206,80.377703,MH-002_C14,test,cnn_test,0,0,1,0.5415032
33600,MH-002_2021_R093_C167,MH-002,Gadchiroli,2021,93,167,19.600206,80.377973,MH-002_C14,test,cnn_test,0,0,1,0.24108596
33601,MH-002_2021_R093_C168,MH-002,Gadchiroli,2021,93,168,19.600206,80.378242,MH-002_C14,test,cnn_test,1,0,1,0.27773216
33602,MH-002_2021_R093_C169,MH-002,Gadchiroli,2021,93,169,19.600206,80.378512,MH-002_C14,test,cnn_test,0,0,1,0.7321084
33603,MH-002_2021_R093_C170,MH-002,Gadchiroli,2021,93,170,19.600206,80.378781,MH-002_C14,test,cnn_test,0,0,1,0.7703243
33604,MH-002_2021_R093_C171,MH-002,Gadchiroli,2021,93,171,19.600206,80.379051,MH-002_C14,test,cnn_test,1,0,1,0.7655128
33605,MH-002_2021_R093_C172,MH-002,Gadchiroli,2021,93,172,19.600206,80.37932,MH-002_C15,test,cnn_test,1,0,1,0.4157133
33606,MH-002_2021_R093_C173,MH-002,Gadchiroli,2021,93,173,19.600206,80.37959,MH-002_C15,test,cnn_test,0,0,1,0.3262632
33607,MH-002_2021_R093_C174,MH-002,Gadchiroli,2021,93,174,19.600206,80.379859,MH-002_C15,test,cnn_test,0,0,1,0.40887317
33608,MH-002_2021_R093_C175,MH-002,Gadchiroli,2021,93,175,19.600206,80.380129,MH-002_C15,test,cnn_test,0,0,1,0.36148393
33677,MH-002_2021_R094_C161,MH-002,Gadchiroli,2021,94,161,19.599937,80.376356,MH-002_C14,test,cnn_test,1,0,1,0.862358
33678,MH-002_2021_R094_C162,MH-002,Gadchiroli,2021,94,162,19.599937,80.376625,MH-002_C14,test,cnn_test,1,0,1,0.8691898
33679,MH-002_2021_R094_C163,MH-002,Gadchiroli,2021,94,163,19.599937,80.376895,MH-002_C14,test,cnn_test,1,0,1,0.8844505
33680,MH-002_2021_R094_C164,MH-002,Gadchiroli,2021,94,164,19.599937,80.377164,MH-002_C14,test,cnn_test,1,0,1,0.9274194
33681,MH-002_2021_R094_C165,MH-002,Gadchiroli,2021,94,165,19.599937,80.377434,MH-002_C14,test,cnn_test,0,0,1,0.9065861
33682,MH-002_2021_R094_C166,MH-002,Gadchiroli,2021,94,166,19.599937,80.377703,MH-002_C14,test,cnn_test,0,0,1,0.39794952
33683,MH-002_2021_R094_C167,MH-002,Gadchiroli,2021,94,167,19.599937,80.377973,MH-002_C14,test,cnn_test,0,0,1,0.23084375
33684,MH-002_2021_R094_C168,MH-002,Gadchiroli,2021,94,168,19.599937,80.378242,MH-002_C14,test,cnn_test,0,0,1,0.18655904
33685,MH-002_2021_R094_C169,MH-002,Gadchiroli,2021,94,169,19.599937,80.378512,MH-002_C14,test,cnn_test,0,0,1,0.6571182
33686,MH-002_2021_R094_C170,MH-002,Gadchiroli,2021,94,170,19.599937,80.378781,MH-002_C14,test,cnn_test,0,0,1,0.75492096
33687,MH-002_2021_R094_C171,MH-002,Gadchiroli,2021,94,171,19.599937,80.379051,MH-002_C14,test,cnn_test,0,0,1,0.7140656
33688,MH-002_2021_R094_C172,MH-002,Gadchiroli,2021,94,172,19.599937,80.37932,MH-002_C15,test,cnn_test,0,0,1,0.30252647
33689,MH-002_2021_R094_C173,MH-002,Gadchiroli,2021,94,173,19.599937,80.37959,MH-002_C15,test,cnn_test,0,0,1,0.13990368
33690,MH-002_2021_R094_C174,MH-002,Gadchiroli,2021,94,174,19.599937,80.379859,MH-002_C15,test,cnn_test,0,0,1,0.35991648
33691,MH-002_2021_R094_C175,MH-002,Gadchiroli,2021,94,175,19.599937,80.380129,MH-002_C15,test,cnn_test,0,0,1,0.45477328
33761,MH-002_2021_R095_C161,MH-002,Gadchiroli,2021,95,161,19.599667,80.376356,MH-002_C14,test,cnn_test,0,0,1,0.55607426
33762,MH-002_2021_R095_C162,MH-002,Gadchiroli,2021,95,162,19.599667,80.376625,MH-002_C14,test,cnn_test,0,0,1,0.79372096
33763,MH-002_2021_R095_C163,MH-002,Gadchiroli,2021,95,163,19.599667,80.376895,MH-002_C14,test,cnn_test,0,0,1,0.8228892
33764,MH-002_2021_R095_C164,MH-002,Gadchiroli,2021,95,164,19.599667,80.377164,MH-002_C14,test,cnn_test,1,0,1,0.9053065
33765,MH-002_2021_R095_C165,MH-002,Gadchiroli,2021,95,165,19.599667,80.377434,MH-002_C14,test,cnn_test,1,0,1,0.8244435
33766,MH-002_2021_R095_C166,MH-002,Gadchiroli,2021,95,166,19.599667,80.377703,MH-002_C14,test,cnn_test,0,0,1,0.4872075
33767,MH-002_2021_R095_C167,MH-002,Gadchiroli,2021,95,167,19.599667,80.377973,MH-002_C14,test,cnn_test,0,0,1,0.2501103
33768,MH-002_2021_R095_C168,MH-002,Gadchiroli,2021,95,168,19.599667,80.378242,MH-002_C14,test,cnn_test,0,0,1,0.14189115
33769,MH-002_2021_R095_C169,MH-002,Gadchiroli,2021,95,169,19.599667,80.378512,MH-002_C14,test,cnn_test,0,0,1,0.48132482
33770,MH-002_2021_R095_C170,MH-002,Gadchiroli,2021,95,170,19.599667,80.378781,MH-002_C14,test,cnn_test,0,0,1,0.69120437
33771,MH-002_2021_R095_C171,MH-002,Gadchiroli,2021,95,171,19.599667,80.379051,MH-002_C14,test,cnn_test,1,0,1,0.67864996
33772,MH-002_2021_R095_C172,MH-002,Gadchiroli,2021,95,172,19.599667,80.37932,MH-002_C15,test,cnn_test,1,0,1,0.24141188
33773,MH-002_2021_R095_C173,MH-002,Gadchiroli,2021,95,173,19.599667,80.37959,MH-002_C15,test,cnn_test,0,0,1,0.18473056
33774,MH-002_2021_R095_C174,MH-002,Gadchiroli,2021,95,174,19.599667,80.379859,MH-002_C15,test,cnn_test,0,0,1,0.45065114
33775,MH-002_2021_R095_C175,MH-002,Gadchiroli,2021,95,175,19.599667,80.380129,MH-002_C15,test,cnn_test,0,0,1,0.47259855
33776,MH-002_2021_R095_C176,MH-002,Gadchiroli,2021,95,176,19.599667,80.380398,MH-002_C15,test,cnn_test,0,0,1,0.87489307
33847,MH-002_2021_R096_C161,MH-002,Gadchiroli,2021,96,161,19.599398,80.376356,MH-002_C14,test,cnn_test,0,0,1,0.66067845
33848,MH-002_2021_R096_C162,MH-002,Gadchiroli,2021,96,162,19.599398,80.376625,MH-002_C14,test,cnn_test,0,0,1,0.72070426
33849,MH-002_2021_R096_C163,MH-002,Gadchiroli,2021,96,163,19.599398,80.376895,MH-002_C14,test,cnn_test,0,0,1,0.43321943
33850,MH-002_2021_R096_C164,MH-002,Gadchiroli,2021,96,164,19.599398,80.377164,MH-002_C14,test,cnn_test,1,0,1,0.897435
33851,MH-002_2021_R096_C165,MH-002,Gadchiroli,2021,96,165,19.599398,80.377434,MH-002_C14,test,cnn_test,1,0,1,0.68915015
33852,MH-002_2021_R096_C166,MH-002,Gadchiroli,2021,96,166,19.599398,80.377703,MH-002_C14,test,cnn_test,1,0,1,0.22755568
33853,MH-002_2021_R096_C167,MH-002,Gadchiroli,2021,96,167,19.599398,80.377973,MH-002_C14,test,cnn_test,0,0,1,0.15233862
33854,MH-002_2021_R096_C168,MH-002,Gadchiroli,2021,96,168,19.599398,80.378242,MH-002_C14,test,cnn_test,1,0,1,0.26006538
33855,MH-002_2021_R096_C169,MH-002,Gadchiroli,2021,96,169,19.599398,80.378512,MH-002_C14,test,cnn_test,0,0,1,0.65379107
33856,MH-002_2021_R096_C170,MH-002,Gadchiroli,2021,96,170,19.599398,80.378781,MH-002_C14,test,cnn_test,0,0,1,0.7031865
33857,MH-002_2021_R096_C171,MH-002,Gadchiroli,2021,96,171,19.599398,80.379051,MH-002_C14,test,cnn_test,1,0,1,0.55512244
33858,MH-002_2021_R096_C172,MH-002,Gadchiroli,2021,96,172,19.599398,80.37932,MH-002_C15,test,cnn_test,1,0,1,0.24707112
33859,MH-002_2021_R096_C173,MH-002,Gadchiroli,2021,96,173,19.599398,80.37959,MH-002_C15,test,cnn_test,0,0,1,0.16401637
33860,MH-002_2021_R096_C174,MH-002,Gadchiroli,2021,96,174,19.599398,80.379859,MH-002_C15,test,cnn_test,0,0,1,0.51872945
33861,MH-002_2021_R096_C175,MH-002,Gadchiroli,2021,96,175,19.599398,80.380129,MH-002_C15,test,cnn_test,0,0,1,0.47389314
33862,MH-002_2021_R096_C176,MH-002,Gadchiroli,2021,96,176,19.599398,80.380398,MH-002_C15,test,cnn_test,0,0,1,0.8565138
33929,MH-002_2021_R097_C161,MH-002,Gadchiroli,2021,97,161,19.599128,80.376356,MH-002_C14,test,cnn_test,0,0,0,0.03702801
33930,MH-002_2021_R097_C162,MH-002,Gadchiroli,2021,97,162,19.599128,80.376625,MH-002_C14,test,cnn_test,0,0,1,0.13245739
33931,MH-002_2021_R097_C163,MH-002,Gadchiroli,2021,97,163,19.599128,80.376895,MH-002_C14,test,cnn_test,0,0,0,0.0551197
33932,MH-002_2021_R097_C164,MH-002,Gadchiroli,2021,97,164,19.599128,80.377164,MH-002_C14,test,cnn_test,0,0,1,0.264206
33933,MH-002_2021_R097_C165,MH-002,Gadchiroli,2021,97,165,19.599128,80.377434,MH-002_C14,test,cnn_test,1,0,1,0.13050035
33934,MH-002_2021_R097_C166,MH-002,Gadchiroli,2021,97,166,19.599128,80.377703,MH-002_C14,test,cnn_test,0,0,0,0.053846885
33935,MH-002_2021_R097_C167,MH-002,Gadchiroli,2021,97,167,19.599128,80.377973,MH-002_C14,test,cnn_test,1,0,0,0.06122311
33936,MH-002_2021_R097_C168,MH-002,Gadchiroli,2021,97,168,19.599128,80.378242,MH-002_C14,test,cnn_test,1,0,0,0.087685294
33937,MH-002_2021_R097_C169,MH-002,Gadchiroli,2021,97,169,19.599128,80.378512,MH-002_C14,test,cnn_test,1,0,1,0.14978558
33938,MH-002_2021_R097_C170,MH-002,Gadchiroli,2021,97,170,19.599128,80.378781,MH-002_C14,test,cnn_test,0,0,1,0.5701732
33939,MH-002_2021_R097_C171,MH-002,Gadchiroli,2021,97,171,19.599128,80.379051,MH-002_C14,test,cnn_test,0,0,1,0.67383605
33940,MH-002_2021_R097_C172,MH-002,Gadchiroli,2021,97,172,19.599128,80.37932,MH-002_C15,test,cnn_test,0,0,1,0.24539715
33941,MH-002_2021_R097_C173,MH-002,Gadchiroli,2021,97,173,19.599128,80.37959,MH-002_C15,test,cnn_test,0,0,1,0.18077826
33942,MH-002_2021_R097_C174,MH-002,Gadchiroli,2021,97,174,19.599128,80.379859,MH-002_C15,test,cnn_test,0,0,1,0.6495615
33943,MH-002_2021_R097_C175,MH-002,Gadchiroli,2021,97,175,19.599128,80.380129,MH-002_C15,test,cnn_test,0,0,1,0.49394053
33944,MH-002_2021_R097_C176,MH-002,Gadchiroli,2021,97,176,19.599128,80.380398,MH-002_C15,test,cnn_test,0,0,1,0.88394266
34010,MH-002_2021_R098_C161,MH-002,Gadchiroli,2021,98,161,19.598859,80.376356,MH-002_C14,test,cnn_test,0,0,1,0.3310666
34011,MH-002_2021_R098_C162,MH-002,Gadchiroli,2021,98,162,19.598859,80.376625,MH-002_C14,test,cnn_test,0,0,1,0.4774733
34012,MH-002_2021_R098_C163,MH-002,Gadchiroli,2021,98,163,19.598859,80.376895,MH-002_C14,test,cnn_test,0,0,1,0.48390627
34013,MH-002_2021_R098_C164,MH-002,Gadchiroli,2021,98,164,19.598859,80.377164,MH-002_C14,test,cnn_test,0,0,1,0.8571409
34014,MH-002_2021_R098_C165,MH-002,Gadchiroli,2021,98,165,19.598859,80.377434,MH-002_C14,test,cnn_test,0,0,1,0.39702746
34015,MH-002_2021_R098_C166,MH-002,Gadchiroli,2021,98,166,19.598859,80.377703,MH-002_C14,test,cnn_test,2,1,1,0.12042154
34016,MH-002_2021_R098_C167,MH-002,Gadchiroli,2021,98,167,19.598859,80.377973,MH-002_C14,test,cnn_test,1,0,1,0.12265787
34017,MH-002_2021_R098_C168,MH-002,Gadchiroli,2021,98,168,19.598859,80.378242,MH-002_C14,test,cnn_test,1,0,1,0.38549638
34018,MH-002_2021_R098_C169,MH-002,Gadchiroli,2021,98,169,19.598859,80.378512,MH-002_C14,test,cnn_test,0,0,1,0.68823266
34019,MH-002_2021_R098_C170,MH-002,Gadchiroli,2021,98,170,19.598859,80.378781,MH-002_C14,test,cnn_test,1,0,1,0.832465
34020,MH-002_2021_R098_C171,MH-002,Gadchiroli,2021,98,171,19.598859,80.379051,MH-002_C14,test,cnn_test,0,0,1,0.8183863
34021,MH-002_2021_R098_C172,MH-002,Gadchiroli,2021,98,172,19.598859,80.37932,MH-002_C15,test,cnn_test,0,0,1,0.80315226
34022,MH-002_2021_R098_C173,MH-002,Gadchiroli,2021,98,173,19.598859,80.37959,MH-002_C15,test,cnn_test,0,0,1,0.6211591
34023,MH-002_2021_R098_C174,MH-002,Gadchiroli,2021,98,174,19.598859,80.379859,MH-002_C15,test,cnn_test,0,0,1,0.9045014
34024,MH-002_2021_R098_C175,MH-002,Gadchiroli,2021,98,175,19.598859,80.380129,MH-002_C15,test,cnn_test,0,0,1,0.80880636
34025,MH-002_2021_R098_C176,MH-002,Gadchiroli,2021,98,176,19.598859,80.380398,MH-002_C15,test,cnn_test,0,0,1,0.95065045
34089,MH-002_2021_R099_C161,MH-002,Gadchiroli,2021,99,161,19.598589,80.376356,MH-002_C14,test,cnn_test,1,0,0,0.06995821
34090,MH-002_2021_R099_C162,MH-002,Gadchiroli,2021,99,162,19.598589,80.376625,MH-002_C14,test,cnn_test,1,0,1,0.2773118
34091,MH-002_2021_R099_C163,MH-002,Gadchiroli,2021,99,163,19.598589,80.376895,MH-002_C14,test,cnn_test,1,0,1,0.29320365
34092,MH-002_2021_R099_C164,MH-002,Gadchiroli,2021,99,164,19.598589,80.377164,MH-002_C14,test,cnn_test,2,1,1,0.8053229
34093,MH-002_2021_R099_C165,MH-002,Gadchiroli,2021,99,165,19.598589,80.377434,MH-002_C14,test,cnn_test,1,0,1,0.5025452
34094,MH-002_2021_R099_C166,MH-002,Gadchiroli,2021,99,166,19.598589,80.377703,MH-002_C14,test,cnn_test,2,1,1,0.40735972
34095,MH-002_2021_R099_C167,MH-002,Gadchiroli,2021,99,167,19.598589,80.377973,MH-002_C14,test,cnn_test,2,1,1,0.3557683
34096,MH-002_2021_R099_C168,MH-002,Gadchiroli,2021,99,168,19.598589,80.378242,MH-002_C14,test,cnn_test,2,1,1,0.5079257
34097,MH-002_2021_R099_C169,MH-002,Gadchiroli,2021,99,169,19.598589,80.378512,MH-002_C14,test,cnn_test,0,0,1,0.5847172
34098,MH-002_2021_R099_C170,MH-002,Gadchiroli,2021,99,170,19.598589,80.378781,MH-002_C14,test,cnn_test,0,0,1,0.8506171
34099,MH-002_2021_R099_C171,MH-002,Gadchiroli,2021,99,171,19.598589,80.379051,MH-002_C14,test,cnn_test,0,0,1,0.89620227
34100,MH-002_2021_R099_C172,MH-002,Gadchiroli,2021,99,172,19.598589,80.37932,MH-002_C15,test,cnn_test,0,0,1,0.8737983
34101,MH-002_2021_R099_C173,MH-002,Gadchiroli,2021,99,173,19.598589,80.37959,MH-002_C15,test,cnn_test,0,0,1,0.7915999
34102,MH-002_2021_R099_C174,MH-002,Gadchiroli,2021,99,174,19.598589,80.379859,MH-002_C15,test,cnn_test,0,0,1,0.9460384
34103,MH-002_2021_R099_C175,MH-002,Gadchiroli,2021,99,175,19.598589,80.380129,MH-002_C15,test,cnn_test,0,0,1,0.8748413
34104,MH-002_2021_R099_C176,MH-002,Gadchiroli,2021,99,176,19.598589,80.380398,MH-002_C15,test,cnn_test,0,0,1,0.95378274
34168,MH-002_2021_R100_C161,MH-002,Gadchiroli,2021,100,161,19.59832,80.376356,MH-002_C14,test,cnn_test,0,0,0,0.06491758
34169,MH-002_2021_R100_C162,MH-002,Gadchiroli,2021,100,162,19.59832,80.376625,MH-002_C14,test,cnn_test,1,0,1,0.26744157
34170,MH-002_2021_R100_C163,MH-002,Gadchiroli,2021,100,163,19.59832,80.376895,MH-002_C14,test,cnn_test,1,0,1,0.15869318
34171,MH-002_2021_R100_C164,MH-002,Gadchiroli,2021,100,164,19.59832,80.377164,MH-002_C14,test,cnn_test,1,0,1,0.8946915
34172,MH-002_2021_R100_C165,MH-002,Gadchiroli,2021,100,165,19.59832,80.377434,MH-002_C14,test,cnn_test,1,0,1,0.7157569
34173,MH-002_2021_R100_C166,MH-002,Gadchiroli,2021,100,166,19.59832,80.377703,MH-002_C14,test,cnn_test,2,1,1,0.41614395
34174,MH-002_2021_R100_C167,MH-002,Gadchiroli,2021,100,167,19.59832,80.377973,MH-002_C14,test,cnn_test,2,1,1,0.3788042
34175,MH-002_2021_R100_C168,MH-002,Gadchiroli,2021,100,168,19.59832,80.378242,MH-002_C14,test,cnn_test,2,1,1,0.8167334
34176,MH-002_2021_R100_C169,MH-002,Gadchiroli,2021,100,169,19.59832,80.378512,MH-002_C14,test,cnn_test,1,0,1,0.8524211
34177,MH-002_2021_R100_C170,MH-002,Gadchiroli,2021,100,170,19.59832,80.378781,MH-002_C14,test,cnn_test,0,0,1,0.8955391
34178,MH-002_2021_R100_C171,MH-002,Gadchiroli,2021,100,171,19.59832,80.379051,MH-002_C14,test,cnn_test,0,0,1,0.88474417
34179,MH-002_2021_R100_C172,MH-002,Gadchiroli,2021,100,172,19.59832,80.37932,MH-002_C15,test,cnn_test,0,0,1,0.9246074
34180,MH-002_2021_R100_C173,MH-002,Gadchiroli,2021,100,173,19.59832,80.37959,MH-002_C15,test,cnn_test,0,0,1,0.89148706
34181,MH-002_2021_R100_C174,MH-002,Gadchiroli,2021,100,174,19.59832,80.379859,MH-002_C15,test,cnn_test,0,0,1,0.9544179
34182,MH-002_2021_R100_C175,MH-002,Gadchiroli,2021,100,175,19.59832,80.380129,MH-002_C15,test,cnn_test,0,0,1,0.909887
34183,MH-002_2021_R100_C176,MH-002,Gadchiroli,2021,100,176,19.59832,80.380398,MH-002_C15,test,cnn_test,0,0,1,0.90383965
34244,MH-002_2021_R101_C161,MH-002,Gadchiroli,2021,101,161,19.59805,80.376356,MH-002_C14,test,cnn_test,0,0,0,0.019185247
34245,MH-002_2021_R101_C162,MH-002,Gadchiroli,2021,101,162,19.59805,80.376625,MH-002_C14,test,cnn_test,0,0,0,0.03396121
34246,MH-002_2021_R101_C163,MH-002,Gadchiroli,2021,101,163,19.59805,80.376895,MH-002_C14,test,cnn_test,1,0,0,0.035108335
34247,MH-002_2021_R101_C164,MH-002,Gadchiroli,2021,101,164,19.59805,80.377164,MH-002_C14,test,cnn_test,2,1,1,0.3833838
34248,MH-002_2021_R101_C165,MH-002,Gadchiroli,2021,101,165,19.59805,80.377434,MH-002_C14,test,cnn_test,2,1,1,0.64198077
34249,MH-002_2021_R101_C166,MH-002,Gadchiroli,2021,101,166,19.59805,80.377703,MH-002_C14,test,cnn_test,2,1,1,0.35656026
34250,MH-002_2021_R101_C167,MH-002,Gadchiroli,2021,101,167,19.59805,80.377973,MH-002_C14,test,cnn_test,1,0,1,0.4942468
34251,MH-002_2021_R101_C168,MH-002,Gadchiroli,2021,101,168,19.59805,80.378242,MH-002_C14,test,cnn_test,0,0,1,0.41572097
34252,MH-002_2021_R101_C169,MH-002,Gadchiroli,2021,101,169,19.59805,80.378512,MH-002_C14,test,cnn_test,1,0,1,0.48812985
34253,MH-002_2021_R101_C170,MH-002,Gadchiroli,2021,101,170,19.59805,80.378781,MH-002_C14,test,cnn_test,1,0,1,0.4196208
34254,MH-002_2021_R101_C171,MH-002,Gadchiroli,2021,101,171,19.59805,80.379051,MH-002_C14,test,cnn_test,1,0,1,0.763697
34255,MH-002_2021_R101_C172,MH-002,Gadchiroli,2021,101,172,19.59805,80.37932,MH-002_C15,test,cnn_test,0,0,1,0.8369984
34256,MH-002_2021_R101_C173,MH-002,Gadchiroli,2021,101,173,19.59805,80.37959,MH-002_C15,test,cnn_test,0,0,1,0.90874857
34257,MH-002_2021_R101_C174,MH-002,Gadchiroli,2021,101,174,19.59805,80.379859,MH-002_C15,test,cnn_test,0,0,1,0.94740015
34258,MH-002_2021_R101_C175,MH-002,Gadchiroli,2021,101,175,19.59805,80.380129,MH-002_C15,test,cnn_test,0,0,1,0.8879558
34259,MH-002_2021_R101_C176,MH-002,Gadchiroli,2021,101,176,19.59805,80.380398,MH-002_C15,test,cnn_test,0,0,1,0.90741307
34315,MH-002_2021_R102_C161,MH-002,Gadchiroli,2021,102,161,19.597781,80.376356,MH-002_C14,test,cnn_test,0,0,1,0.44503123
34316,MH-002_2021_R102_C162,MH-002,Gadchiroli,2021,102,162,19.597781,80.376625,MH-002_C14,test,cnn_test,0,0,1,0.49230155
34317,MH-002_2021_R102_C163,MH-002,Gadchiroli,2021,102,163,19.597781,80.376895,MH-002_C14,test,cnn_test,2,1,1,0.20096599
34318,MH-002_2021_R102_C164,MH-002,Gadchiroli,2021,102,164,19.597781,80.377164,MH-002_C14,test,cnn_test,2,1,1,0.88417745
34319,MH-002_2021_R102_C165,MH-002,Gadchiroli,2021,102,165,19.597781,80.377434,MH-002_C14,test,cnn_test,2,1,1,0.74198794
34320,MH-002_2021_R102_C166,MH-002,Gadchiroli,2021,102,166,19.597781,80.377703,MH-002_C14,test,cnn_test,1,0,1,0.29746798
34321,MH-002_2021_R102_C167,MH-002,Gadchiroli,2021,102,167,19.597781,80.377973,MH-002_C14,test,cnn_test,1,0,1,0.16983525
34322,MH-002_2021_R102_C168,MH-002,Gadchiroli,2021,102,168,19.597781,80.378242,MH-002_C14,test,cnn_test,1,0,1,0.4951124
34323,MH-002_2021_R102_C169,MH-002,Gadchiroli,2021,102,169,19.597781,80.378512,MH-002_C14,test,cnn_test,2,1,1,0.26546624
34324,MH-002_2021_R102_C170,MH-002,Gadchiroli,2021,102,170,19.597781,80.378781,MH-002_C14,test,cnn_test,2,1,1,0.2430951
34325,MH-002_2021_R102_C171,MH-002,Gadchiroli,2021,102,171,19.597781,80.379051,MH-002_C14,test,cnn_test,2,1,1,0.17696637
34326,MH-002_2021_R102_C172,MH-002,Gadchiroli,2021,102,172,19.597781,80.37932,MH-002_C15,test,cnn_test,0,0,1,0.51569086
34327,MH-002_2021_R102_C173,MH-002,Gadchiroli,2021,102,173,19.597781,80.37959,MH-002_C15,test,cnn_test,0,0,1,0.8380146
34328,MH-002_2021_R102_C174,MH-002,Gadchiroli,2021,102,174,19.597781,80.379859,MH-002_C15,test,cnn_test,0,0,1,0.91433865
34329,MH-002_2021_R102_C175,MH-002,Gadchiroli,2021,102,175,19.597781,80.380129,MH-002_C15,test,cnn_test,0,0,1,0.8872353
34330,MH-002_2021_R102_C176,MH-002,Gadchiroli,2021,102,176,19.597781,80.380398,MH-002_C15,test,cnn_test,0,0,1,0.8389436
34385,MH-002_2021_R103_C161,MH-002,Gadchiroli,2021,103,161,19.597511,80.376356,MH-002_C14,test,cnn_test,0,0,1,0.21434607
34386,MH-002_2021_R103_C162,MH-002,Gadchiroli,2021,103,162,19.597511,80.376625,MH-002_C14,test,cnn_test,0,0,1,0.13869016
34387,MH-002_2021_R103_C163,MH-002,Gadchiroli,2021,103,163,19.597511,80.376895,MH-002_C14,test,cnn_test,1,0,1,0.18912162
34388,MH-002_2021_R103_C164,MH-002,Gadchiroli,2021,103,164,19.597511,80.377164,MH-002_C14,test,cnn_test,2,1,1,0.62793666
34389,MH-002_2021_R103_C165,MH-002,Gadchiroli,2021,103,165,19.597511,80.377434,MH-002_C14,test,cnn_test,1,0,1,0.65058684
34390,MH-002_2021_R103_C166,MH-002,Gadchiroli,2021,103,166,19.597511,80.377703,MH-002_C14,test,cnn_test,1,0,1,0.29698646
34391,MH-002_2021_R103_C167,MH-002,Gadchiroli,2021,103,167,19.597511,80.377973,MH-002_C14,test,cnn_test,0,0,1,0.3743239
34392,MH-002_2021_R103_C168,MH-002,Gadchiroli,2021,103,168,19.597511,80.378242,MH-002_C14,test,cnn_test,1,0,1,0.20497268
34393,MH-002_2021_R103_C169,MH-002,Gadchiroli,2021,103,169,19.597511,80.378512,MH-002_C14,test,cnn_test,2,1,1,0.1900153
34394,MH-002_2021_R103_C170,MH-002,Gadchiroli,2021,103,170,19.597511,80.378781,MH-002_C14,test,cnn_test,2,1,0,0.042010143
34395,MH-002_2021_R103_C171,MH-002,Gadchiroli,2021,103,171,19.597511,80.379051,MH-002_C14,test,cnn_test,0,0,1,0.116490014
34396,MH-002_2021_R103_C172,MH-002,Gadchiroli,2021,103,172,19.597511,80.37932,MH-002_C15,test,cnn_test,0,0,1,0.10085585
34397,MH-002_2021_R103_C173,MH-002,Gadchiroli,2021,103,173,19.597511,80.37959,MH-002_C15,test,cnn_test,0,0,1,0.8017196
34398,MH-002_2021_R103_C174,MH-002,Gadchiroli,2021,103,174,19.597511,80.379859,MH-002_C15,test,cnn_test,0,0,1,0.86036795
34399,MH-002_2021_R103_C175,MH-002,Gadchiroli,2021,103,175,19.597511,80.380129,MH-002_C15,test,cnn_test,0,0,1,0.8368511
34400,MH-002_2021_R103_C176,MH-002,Gadchiroli,2021,103,176,19.597511,80.380398,MH-002_C15,test,cnn_test,0,0,1,0.84395736
34459,MH-002_2021_R104_C161,MH-002,Gadchiroli,2021,104,161,19.597242,80.376356,MH-002_C14,test,cnn_test,1,0,1,0.5669533
34460,MH-002_2021_R104_C162,MH-002,Gadchiroli,2021,104,162,19.597242,80.376625,MH-002_C14,test,cnn_test,0,0,1,0.6223286
34461,MH-002_2021_R104_C163,MH-002,Gadchiroli,2021,104,163,19.597242,80.376895,MH-002_C14,test,cnn_test,0,0,1,0.54192936
34462,MH-002_2021_R104_C164,MH-002,Gadchiroli,2021,104,164,19.597242,80.377164,MH-002_C14,test,cnn_test,2,1,1,0.91427547
34463,MH-002_2021_R104_C165,MH-002,Gadchiroli,2021,104,165,19.597242,80.377434,MH-002_C14,test,cnn_test,2,1,1,0.853344
34464,MH-002_2021_R104_C166,MH-002,Gadchiroli,2021,104,166,19.597242,80.377703,MH-002_C14,test,cnn_test,1,0,1,0.8018542
34465,MH-002_2021_R104_C167,MH-002,Gadchiroli,2021,104,167,19.597242,80.377973,MH-002_C14,test,cnn_test,1,0,1,0.5836144
34466,MH-002_2021_R104_C168,MH-002,Gadchiroli,2021,104,168,19.597242,80.378242,MH-002_C14,test,cnn_test,0,0,1,0.70511085
34467,MH-002_2021_R104_C169,MH-002,Gadchiroli,2021,104,169,19.597242,80.378512,MH-002_C14,test,cnn_test,0,0,1,0.3844229
34468,MH-002_2021_R104_C170,MH-002,Gadchiroli,2021,104,170,19.597242,80.378781,MH-002_C14,test,cnn_test,1,0,1,0.31692356
34469,MH-002_2021_R104_C171,MH-002,Gadchiroli,2021,104,171,19.597242,80.379051,MH-002_C14,test,cnn_test,0,0,1,0.31640032
34470,MH-002_2021_R104_C172,MH-002,Gadchiroli,2021,104,172,19.597242,80.37932,MH-002_C15,test,cnn_test,0,0,1,0.23206018
34471,MH-002_2021_R104_C173,MH-002,Gadchiroli,2021,104,173,19.597242,80.37959,MH-002_C15,test,cnn_test,0,0,1,0.7341815
34472,MH-002_2021_R104_C174,MH-002,Gadchiroli,2021,104,174,19.597242,80.379859,MH-002_C15,test,cnn_test,0,0,1,0.7889341
34473,MH-002_2021_R104_C175,MH-002,Gadchiroli,2021,104,175,19.597242,80.380129,MH-002_C15,test,cnn_test,0,0,1,0.8108855
34474,MH-002_2021_R104_C176,MH-002,Gadchiroli,2021,104,176,19.597242,80.380398,MH-002_C15,test,cnn_test,0,0,1,0.77718526
34537,MH-002_2021_R105_C161,MH-002,Gadchiroli,2021,105,161,19.596973,80.376356,MH-002_C14,test,cnn_test,0,0,1,0.33847207
34538,MH-002_2021_R105_C162,MH-002,Gadchiroli,2021,105,162,19.596973,80.376625,MH-002_C14,test,cnn_test,1,0,1,0.79014874
34539,MH-002_2021_R105_C163,MH-002,Gadchiroli,2021,105,163,19.596973,80.376895,MH-002_C14,test,cnn_test,0,0,1,0.22798976
34540,MH-002_2021_R105_C164,MH-002,Gadchiroli,2021,105,164,19.596973,80.377164,MH-002_C14,test,cnn_test,2,1,1,0.8340102
34541,MH-002_2021_R105_C165,MH-002,Gadchiroli,2021,105,165,19.596973,80.377434,MH-002_C14,test,cnn_test,2,1,1,0.39963114
34542,MH-002_2021_R105_C166,MH-002,Gadchiroli,2021,105,166,19.596973,80.377703,MH-002_C14,test,cnn_test,0,0,1,0.78827375
34543,MH-002_2021_R105_C167,MH-002,Gadchiroli,2021,105,167,19.596973,80.377973,MH-002_C14,test,cnn_test,0,0,1,0.14674239
34544,MH-002_2021_R105_C168,MH-002,Gadchiroli,2021,105,168,19.596973,80.378242,MH-002_C14,test,cnn_test,0,0,1,0.2552729
34545,MH-002_2021_R105_C169,MH-002,Gadchiroli,2021,105,169,19.596973,80.378512,MH-002_C14,test,cnn_test,0,0,0,0.046491724
34546,MH-002_2021_R105_C170,MH-002,Gadchiroli,2021,105,170,19.596973,80.378781,MH-002_C14,test,cnn_test,0,0,0,0.09243466
34547,MH-002_2021_R105_C171,MH-002,Gadchiroli,2021,105,171,19.596973,80.379051,MH-002_C14,test,cnn_test,0,0,1,0.14512713
34548,MH-002_2021_R105_C172,MH-002,Gadchiroli,2021,105,172,19.596973,80.37932,MH-002_C15,test,cnn_test,0,0,1,0.14206375
34549,MH-002_2021_R105_C173,MH-002,Gadchiroli,2021,105,173,19.596973,80.37959,MH-002_C15,test,cnn_test,0,0,1,0.29841378
34550,MH-002_2021_R105_C174,MH-002,Gadchiroli,2021,105,174,19.596973,80.379859,MH-002_C15,test,cnn_test,0,0,1,0.6003916
34551,MH-002_2021_R105_C175,MH-002,Gadchiroli,2021,105,175,19.596973,80.380129,MH-002_C15,test,cnn_test,0,0,1,0.49771014
34552,MH-002_2021_R105_C176,MH-002,Gadchiroli,2021,105,176,19.596973,80.380398,MH-002_C15,test,cnn_test,0,0,1,0.6485899
34618,MH-002_2021_R106_C161,MH-002,Gadchiroli,2021,106,161,19.596703,80.376356,MH-002_C14,test,cnn_test,0,0,1,0.75798625
34619,MH-002_2021_R106_C162,MH-002,Gadchiroli,2021,106,162,19.596703,80.376625,MH-002_C14,test,cnn_test,1,0,1,0.873041
34620,MH-002_2021_R106_C163,MH-002,Gadchiroli,2021,106,163,19.596703,80.376895,MH-002_C14,test,cnn_test,0,0,1,0.6637273
34621,MH-002_2021_R106_C164,MH-002,Gadchiroli,2021,106,164,19.596703,80.377164,MH-002_C14,test,cnn_test,0,0,1,0.8629657
34622,MH-002_2021_R106_C165,MH-002,Gadchiroli,2021,106,165,19.596703,80.377434,MH-002_C14,test,cnn_test,2,1,1,0.84457415
34623,MH-002_2021_R106_C166,MH-002,Gadchiroli,2021,106,166,19.596703,80.377703,MH-002_C14,test,cnn_test,1,0,1,0.85650325
34624,MH-002_2021_R106_C167,MH-002,Gadchiroli,2021,106,167,19.596703,80.377973,MH-002_C14,test,cnn_test,1,0,1,0.27856374
34625,MH-002_2021_R106_C168,MH-002,Gadchiroli,2021,106,168,19.596703,80.378242,MH-002_C14,test,cnn_test,1,0,1,0.47466886
34626,MH-002_2021_R106_C169,MH-002,Gadchiroli,2021,106,169,19.596703,80.378512,MH-002_C14,test,cnn_test,0,0,0,0.06294314
34627,MH-002_2021_R106_C170,MH-002,Gadchiroli,2021,106,170,19.596703,80.378781,MH-002_C14,test,cnn_test,0,0,1,0.20145099
34628,MH-002_2021_R106_C171,MH-002,Gadchiroli,2021,106,171,19.596703,80.379051,MH-002_C14,test,cnn_test,0,0,1,0.23310712
34629,MH-002_2021_R106_C172,MH-002,Gadchiroli,2021,106,172,19.596703,80.37932,MH-002_C15,test,cnn_test,0,0,1,0.20431706
34630,MH-002_2021_R106_C173,MH-002,Gadchiroli,2021,106,173,19.596703,80.37959,MH-002_C15,test,cnn_test,0,0,0,0.050451815
34631,MH-002_2021_R106_C174,MH-002,Gadchiroli,2021,106,174,19.596703,80.379859,MH-002_C15,test,cnn_test,0,0,1,0.18533848
34632,MH-002_2021_R106_C175,MH-002,Gadchiroli,2021,106,175,19.596703,80.380129,MH-002_C15,test,cnn_test,0,0,1,0.23256478
34633,MH-002_2021_R106_C176,MH-002,Gadchiroli,2021,106,176,19.596703,80.380398,MH-002_C15,test,cnn_test,0,0,1,0.35234612
34705,MH-002_2021_R107_C161,MH-002,Gadchiroli,2021,107,161,19.596434,80.376356,MH-002_C14,test,cnn_test,2,1,1,0.7364798
34706,MH-002_2021_R107_C162,MH-002,Gadchiroli,2021,107,162,19.596434,80.376625,MH-002_C14,test,cnn_test,2,1,1,0.8664237
34707,MH-002_2021_R107_C163,MH-002,Gadchiroli,2021,107,163,19.596434,80.376895,MH-002_C14,test,cnn_test,2,1,1,0.5809301
34708,MH-002_2021_R107_C164,MH-002,Gadchiroli,2021,107,164,19.596434,80.377164,MH-002_C14,test,cnn_test,1,0,1,0.85144836
34709,MH-002_2021_R107_C165,MH-002,Gadchiroli,2021,107,165,19.596434,80.377434,MH-002_C14,test,cnn_test,0,0,1,0.77437556
34710,MH-002_2021_R107_C166,MH-002,Gadchiroli,2021,107,166,19.596434,80.377703,MH-002_C14,test,cnn_test,0,0,1,0.9022324
34711,MH-002_2021_R107_C167,MH-002,Gadchiroli,2021,107,167,19.596434,80.377973,MH-002_C14,test,cnn_test,1,0,1,0.32909825
34712,MH-002_2021_R107_C168,MH-002,Gadchiroli,2021,107,168,19.596434,80.378242,MH-002_C14,test,cnn_test,1,0,1,0.36345404
34713,MH-002_2021_R107_C169,MH-002,Gadchiroli,2021,107,169,19.596434,80.378512,MH-002_C14,test,cnn_test,0,0,0,0.015078291
34714,MH-002_2021_R107_C170,MH-002,Gadchiroli,2021,107,170,19.596434,80.378781,MH-002_C14,test,cnn_test,0,0,0,0.024520777
34715,MH-002_2021_R107_C171,MH-002,Gadchiroli,2021,107,171,19.596434,80.379051,MH-002_C14,test,cnn_test,0,0,0,0.032536138
34716,MH-002_2021_R107_C172,MH-002,Gadchiroli,2021,107,172,19.596434,80.37932,MH-002_C15,test,cnn_test,0,0,0,0.09311549
34717,MH-002_2021_R107_C173,MH-002,Gadchiroli,2021,107,173,19.596434,80.37959,MH-002_C15,test,cnn_test,0,0,0,0.031363115
34718,MH-002_2021_R107_C174,MH-002,Gadchiroli,2021,107,174,19.596434,80.379859,MH-002_C15,test,cnn_test,0,0,0,0.092009135
34719,MH-002_2021_R107_C175,MH-002,Gadchiroli,2021,107,175,19.596434,80.380129,MH-002_C15,test,cnn_test,0,0,0,0.060274087
34720,MH-002_2021_R107_C176,MH-002,Gadchiroli,2021,107,176,19.596434,80.380398,MH-002_C15,test,cnn_test,0,0,0,0.09721123
34787,MH-002_2021_R108_C161,MH-002,Gadchiroli,2021,108,161,19.596164,80.376356,MH-002_C14,test,cnn_test,2,1,1,0.8710998
34788,MH-002_2021_R108_C162,MH-002,Gadchiroli,2021,108,162,19.596164,80.376625,MH-002_C14,test,cnn_test,2,1,1,0.9005614
34789,MH-002_2021_R108_C163,MH-002,Gadchiroli,2021,108,163,19.596164,80.376895,MH-002_C14,test,cnn_test,1,0,1,0.85407484
34790,MH-002_2021_R108_C164,MH-002,Gadchiroli,2021,108,164,19.596164,80.377164,MH-002_C14,test,cnn_test,1,0,1,0.8932442
34791,MH-002_2021_R108_C165,MH-002,Gadchiroli,2021,108,165,19.596164,80.377434,MH-002_C14,test,cnn_test,2,1,1,0.88350093
34792,MH-002_2021_R108_C166,MH-002,Gadchiroli,2021,108,166,19.596164,80.377703,MH-002_C14,test,cnn_test,2,1,1,0.8765977
34793,MH-002_2021_R108_C167,MH-002,Gadchiroli,2021,108,167,19.596164,80.377973,MH-002_C14,test,cnn_test,1,0,1,0.45809108
34794,MH-002_2021_R108_C168,MH-002,Gadchiroli,2021,108,168,19.596164,80.378242,MH-002_C14,test,cnn_test,0,0,1,0.59285164
34795,MH-002_2021_R108_C169,MH-002,Gadchiroli,2021,108,169,19.596164,80.378512,MH-002_C14,test,cnn_test,0,0,0,0.054930955
34796,MH-002_2021_R108_C170,MH-002,Gadchiroli,2021,108,170,19.596164,80.378781,MH-002_C14,test,cnn_test,0,0,1,0.116259366
34797,MH-002_2021_R108_C171,MH-002,Gadchiroli,2021,108,171,19.596164,80.379051,MH-002_C14,test,cnn_test,0,0,1,0.12433046
34798,MH-002_2021_R108_C172,MH-002,Gadchiroli,2021,108,172,19.596164,80.37932,MH-002_C15,test,cnn_test,0,0,1,0.23955385
34799,MH-002_2021_R108_C173,MH-002,Gadchiroli,2021,108,173,19.596164,80.37959,MH-002_C15,test,cnn_test,0,0,0,0.022629634
34800,MH-002_2021_R108_C174,MH-002,Gadchiroli,2021,108,174,19.596164,80.379859,MH-002_C15,test,cnn_test,0,0,1,0.10849649
34801,MH-002_2021_R108_C175,MH-002,Gadchiroli,2021,108,175,19.596164,80.380129,MH-002_C15,test,cnn_test,0,0,0,0.054596778
34802,MH-002_2021_R108_C176,MH-002,Gadchiroli,2021,108,176,19.596164,80.380398,MH-002_C15,test,cnn_test,0,0,0,0.08577709
39077,MH-002_2022_R058_C161,MH-002,Gadchiroli,2022,58,161,19.609639,80.376356,MH-002_C14,test,cnn_test,0,0,0,0.06910532
39151,MH-002_2022_R059_C161,MH-002,Gadchiroli,2022,59,161,19.609369,80.376356,MH-002_C14,test,cnn_test,0,0,1,0.28673708
39152,MH-002_2022_R059_C162,MH-002,Gadchiroli,2022,59,162,19.609369,80.376625,MH-002_C14,test,cnn_test,0,0,1,0.6311007
39226,MH-002_2022_R060_C161,MH-002,Gadchiroli,2022,60,161,19.6091,80.376356,MH-002_C14,test,cnn_test,0,0,1,0.22835183
39227,MH-002_2022_R060_C162,MH-002,Gadchiroli,2022,60,162,19.6091,80.376625,MH-002_C14,test,cnn_test,0,0,1,0.5116404
39228,MH-002_2022_R060_C163,MH-002,Gadchiroli,2022,60,163,19.6091,80.376895,MH-002_C14,test,cnn_test,0,0,1,0.50194365
39300,MH-002_2022_R061_C161,MH-002,Gadchiroli,2022,61,161,19.60883,80.376356,MH-002_C14,test,cnn_test,0,0,1,0.3305737
39301,MH-002_2022_R061_C162,MH-002,Gadchiroli,2022,61,162,19.60883,80.376625,MH-002_C14,test,cnn_test,0,0,1,0.754489
39302,MH-002_2022_R061_C163,MH-002,Gadchiroli,2022,61,163,19.60883,80.376895,MH-002_C14,test,cnn_test,0,0,1,0.42447597
39303,MH-002_2022_R061_C164,MH-002,Gadchiroli,2022,61,164,19.60883,80.377164,MH-002_C14,test,cnn_test,0,0,1,0.8034996
39367,MH-002_2022_R062_C161,MH-002,Gadchiroli,2022,62,161,19.608561,80.376356,MH-002_C14,test,cnn_test,0,0,1,0.3117464
39368,MH-002_2022_R062_C162,MH-002,Gadchiroli,2022,62,162,19.608561,80.376625,MH-002_C14,test,cnn_test,0,0,1,0.5564393
39369,MH-002_2022_R062_C163,MH-002,Gadchiroli,2022,62,163,19.608561,80.376895,MH-002_C14,test,cnn_test,0,0,1,0.58626765
39370,MH-002_2022_R062_C164,MH-002,Gadchiroli,2022,62,164,19.608561,80.377164,MH-002_C14,test,cnn_test,0,0,1,0.77414906
39371,MH-002_2022_R062_C165,MH-002,Gadchiroli,2022,62,165,19.608561,80.377434,MH-002_C14,test,cnn_test,0,0,1,0.576227
39430,MH-002_2022_R063_C161,MH-002,Gadchiroli,2022,63,161,19.608291,80.376356,MH-002_C14,test,cnn_test,0,0,1,0.73892075
39431,MH-002_2022_R063_C162,MH-002,Gadchiroli,2022,63,162,19.608291,80.376625,MH-002_C14,test,cnn_test,0,0,1,0.84347916
39432,MH-002_2022_R063_C163,MH-002,Gadchiroli,2022,63,163,19.608291,80.376895,MH-002_C14,test,cnn_test,0,0,1,0.7363434
39433,MH-002_2022_R063_C164,MH-002,Gadchiroli,2022,63,164,19.608291,80.377164,MH-002_C14,test,cnn_test,0,0,1,0.8358616
39434,MH-002_2022_R063_C165,MH-002,Gadchiroli,2022,63,165,19.608291,80.377434,MH-002_C14,test,cnn_test,0,0,1,0.7875305
39435,MH-002_2022_R063_C166,MH-002,Gadchiroli,2022,63,166,19.608291,80.377703,MH-002_C14,test,cnn_test,0,0,1,0.7692121
39496,MH-002_2022_R064_C161,MH-002,Gadchiroli,2022,64,161,19.608022,80.376356,MH-002_C14,test,cnn_test,0,0,1,0.4210002
39497,MH-002_2022_R064_C162,MH-002,Gadchiroli,2022,64,162,19.608022,80.376625,MH-002_C14,test,cnn_test,0,0,1,0.649061
39498,MH-002_2022_R064_C163,MH-002,Gadchiroli,2022,64,163,19.608022,80.376895,MH-002_C14,test,cnn_test,0,0,1,0.33672014
39499,MH-002_2022_R064_C164,MH-002,Gadchiroli,2022,64,164,19.608022,80.377164,MH-002_C14,test,cnn_test,0,0,1,0.5150666
39500,MH-002_2022_R064_C165,MH-002,Gadchiroli,2022,64,165,19.608022,80.377434,MH-002_C14,test,cnn_test,0,0,1,0.35376772
39501,MH-002_2022_R064_C166,MH-002,Gadchiroli,2022,64,166,19.608022,80.377703,MH-002_C14,test,cnn_test,0,0,1,0.5236045
39502,MH-002_2022_R064_C167,MH-002,Gadchiroli,2022,64,167,19.608022,80.377973,MH-002_C14,test,cnn_test,0,0,1,0.45339155
39562,MH-002_2022_R065_C161,MH-002,Gadchiroli,2022,65,161,19.607752,80.376356,MH-002_C14,test,cnn_test,0,0,1,0.38196555
39563,MH-002_2022_R065_C162,MH-002,Gadchiroli,2022,65,162,19.607752,80.376625,MH-002_C14,test,cnn_test,0,0,1,0.6464549
39564,MH-002_2022_R065_C163,MH-002,Gadchiroli,2022,65,163,19.607752,80.376895,MH-002_C14,test,cnn_test,0,0,1,0.4354171
39565,MH-002_2022_R065_C164,MH-002,Gadchiroli,2022,65,164,19.607752,80.377164,MH-002_C14,test,cnn_test,0,0,1,0.48438004
39566,MH-002_2022_R065_C165,MH-002,Gadchiroli,2022,65,165,19.607752,80.377434,MH-002_C14,test,cnn_test,0,0,1,0.4016917
39567,MH-002_2022_R065_C166,MH-002,Gadchiroli,2022,65,166,19.607752,80.377703,MH-002_C14,test,cnn_test,0,0,1,0.48852924
39568,MH-002_2022_R065_C167,MH-002,Gadchiroli,2022,65,167,19.607752,80.377973,MH-002_C14,test,cnn_test,0,0,1,0.40174478
39569,MH-002_2022_R065_C168,MH-002,Gadchiroli,2022,65,168,19.607752,80.378242,MH-002_C14,test,cnn_test,0,0,1,0.45813653
39626,MH-002_2022_R066_C161,MH-002,Gadchiroli,2022,66,161,19.607483,80.376356,MH-002_C14,test,cnn_test,0,0,0,0.055787146
39627,MH-002_2022_R066_C162,MH-002,Gadchiroli,2022,66,162,19.607483,80.376625,MH-002_C14,test,cnn_test,0,0,1,0.22963986
39628,MH-002_2022_R066_C163,MH-002,Gadchiroli,2022,66,163,19.607483,80.376895,MH-002_C14,test,cnn_test,0,0,1,0.3929437
39629,MH-002_2022_R066_C164,MH-002,Gadchiroli,2022,66,164,19.607483,80.377164,MH-002_C14,test,cnn_test,0,0,1,0.23427254
39630,MH-002_2022_R066_C165,MH-002,Gadchiroli,2022,66,165,19.607483,80.377434,MH-002_C14,test,cnn_test,0,0,1,0.29350644
39631,MH-002_2022_R066_C166,MH-002,Gadchiroli,2022,66,166,19.607483,80.377703,MH-002_C14,test,cnn_test,0,0,1,0.26486975
39632,MH-002_2022_R066_C167,MH-002,Gadchiroli,2022,66,167,19.607483,80.377973,MH-002_C14,test,cnn_test,0,0,1,0.28475484
39633,MH-002_2022_R066_C168,MH-002,Gadchiroli,2022,66,168,19.607483,80.378242,MH-002_C14,test,cnn_test,0,0,1,0.4452987
39634,MH-002_2022_R066_C169,MH-002,Gadchiroli,2022,66,169,19.607483,80.378512,MH-002_C14,test,cnn_test,0,0,1,0.6156673
39635,MH-002_2022_R066_C170,MH-002,Gadchiroli,2022,66,170,19.607483,80.378781,MH-002_C14,test,cnn_test,0,0,1,0.6157535
39689,MH-002_2022_R067_C161,MH-002,Gadchiroli,2022,67,161,19.607213,80.376356,MH-002_C14,test,cnn_test,2,1,1,0.6138591
39690,MH-002_2022_R067_C162,MH-002,Gadchiroli,2022,67,162,19.607213,80.376625,MH-002_C14,test,cnn_test,1,0,1,0.7552114
39691,MH-002_2022_R067_C163,MH-002,Gadchiroli,2022,67,163,19.607213,80.376895,MH-002_C14,test,cnn_test,0,0,1,0.83970535
39692,MH-002_2022_R067_C164,MH-002,Gadchiroli,2022,67,164,19.607213,80.377164,MH-002_C14,test,cnn_test,0,0,1,0.74844265
39693,MH-002_2022_R067_C165,MH-002,Gadchiroli,2022,67,165,19.607213,80.377434,MH-002_C14,test,cnn_test,0,0,1,0.6379237
39694,MH-002_2022_R067_C166,MH-002,Gadchiroli,2022,67,166,19.607213,80.377703,MH-002_C14,test,cnn_test,0,0,1,0.53697217
39695,MH-002_2022_R067_C167,MH-002,Gadchiroli,2022,67,167,19.607213,80.377973,MH-002_C14,test,cnn_test,0,0,1,0.46320453
39696,MH-002_2022_R067_C168,MH-002,Gadchiroli,2022,67,168,19.607213,80.378242,MH-002_C14,test,cnn_test,0,0,1,0.62692946
39697,MH-002_2022_R067_C169,MH-002,Gadchiroli,2022,67,169,19.607213,80.378512,MH-002_C14,test,cnn_test,0,0,1,0.6384706
39698,MH-002_2022_R067_C170,MH-002,Gadchiroli,2022,67,170,19.607213,80.378781,MH-002_C14,test,cnn_test,0,0,1,0.5813007
39699,MH-002_2022_R067_C171,MH-002,Gadchiroli,2022,67,171,19.607213,80.379051,MH-002_C14,test,cnn_test,0,0,1,0.6194828
39700,MH-002_2022_R067_C172,MH-002,Gadchiroli,2022,67,172,19.607213,80.37932,MH-002_C15,test,cnn_test,0,0,1,0.77477247
39749,MH-002_2022_R068_C161,MH-002,Gadchiroli,2022,68,161,19.606944,80.376356,MH-002_C14,test,cnn_test,1,0,1,0.30942678
39750,MH-002_2022_R068_C162,MH-002,Gadchiroli,2022,68,162,19.606944,80.376625,MH-002_C14,test,cnn_test,2,1,1,0.7007721
39751,MH-002_2022_R068_C163,MH-002,Gadchiroli,2022,68,163,19.606944,80.376895,MH-002_C14,test,cnn_test,2,1,1,0.81893647
39752,MH-002_2022_R068_C164,MH-002,Gadchiroli,2022,68,164,19.606944,80.377164,MH-002_C14,test,cnn_test,1,0,1,0.68399704
39753,MH-002_2022_R068_C165,MH-002,Gadchiroli,2022,68,165,19.606944,80.377434,MH-002_C14,test,cnn_test,0,0,1,0.6582548
39754,MH-002_2022_R068_C166,MH-002,Gadchiroli,2022,68,166,19.606944,80.377703,MH-002_C14,test,cnn_test,0,0,1,0.59430605
39755,MH-002_2022_R068_C167,MH-002,Gadchiroli,2022,68,167,19.606944,80.377973,MH-002_C14,test,cnn_test,0,0,1,0.5164379
39756,MH-002_2022_R068_C168,MH-002,Gadchiroli,2022,68,168,19.606944,80.378242,MH-002_C14,test,cnn_test,0,0,1,0.68234915
39757,MH-002_2022_R068_C169,MH-002,Gadchiroli,2022,68,169,19.606944,80.378512,MH-002_C14,test,cnn_test,0,0,1,0.72403866
39758,MH-002_2022_R068_C170,MH-002,Gadchiroli,2022,68,170,19.606944,80.378781,MH-002_C14,test,cnn_test,0,0,1,0.72674036
39759,MH-002_2022_R068_C171,MH-002,Gadchiroli,2022,68,171,19.606944,80.379051,MH-002_C14,test,cnn_test,0,0,1,0.7738636
39760,MH-002_2022_R068_C172,MH-002,Gadchiroli,2022,68,172,19.606944,80.37932,MH-002_C15,test,cnn_test,0,0,1,0.8531574
39761,MH-002_2022_R068_C173,MH-002,Gadchiroli,2022,68,173,19.606944,80.37959,MH-002_C15,test,cnn_test,0,0,1,0.8831372
39762,MH-002_2022_R068_C174,MH-002,Gadchiroli,2022,68,174,19.606944,80.379859,MH-002_C15,test,cnn_test,0,0,1,0.9073067
39813,MH-002_2022_R069_C161,MH-002,Gadchiroli,2022,69,161,19.606674,80.376356,MH-002_C14,test,cnn_test,1,0,1,0.26493177
39814,MH-002_2022_R069_C162,MH-002,Gadchiroli,2022,69,162,19.606674,80.376625,MH-002_C14,test,cnn_test,2,1,1,0.43723932
39815,MH-002_2022_R069_C163,MH-002,Gadchiroli,2022,69,163,19.606674,80.376895,MH-002_C14,test,cnn_test,2,1,1,0.7191677
39816,MH-002_2022_R069_C164,MH-002,Gadchiroli,2022,69,164,19.606674,80.377164,MH-002_C14,test,cnn_test,1,0,1,0.5675646
39817,MH-002_2022_R069_C165,MH-002,Gadchiroli,2022,69,165,19.606674,80.377434,MH-002_C14,test,cnn_test,0,0,1,0.57308775
39818,MH-002_2022_R069_C166,MH-002,Gadchiroli,2022,69,166,19.606674,80.377703,MH-002_C14,test,cnn_test,0,0,1,0.6455027
39819,MH-002_2022_R069_C167,MH-002,Gadchiroli,2022,69,167,19.606674,80.377973,MH-002_C14,test,cnn_test,0,0,1,0.45206127
39820,MH-002_2022_R069_C168,MH-002,Gadchiroli,2022,69,168,19.606674,80.378242,MH-002_C14,test,cnn_test,0,0,1,0.675747
39821,MH-002_2022_R069_C169,MH-002,Gadchiroli,2022,69,169,19.606674,80.378512,MH-002_C14,test,cnn_test,0,0,1,0.5490793
39822,MH-002_2022_R069_C170,MH-002,Gadchiroli,2022,69,170,19.606674,80.378781,MH-002_C14,test,cnn_test,0,0,1,0.60781854
39823,MH-002_2022_R069_C171,MH-002,Gadchiroli,2022,69,171,19.606674,80.379051,MH-002_C14,test,cnn_test,0,0,1,0.7006181
39824,MH-002_2022_R069_C172,MH-002,Gadchiroli,2022,69,172,19.606674,80.37932,MH-002_C15,test,cnn_test,0,0,1,0.8355577
39825,MH-002_2022_R069_C173,MH-002,Gadchiroli,2022,69,173,19.606674,80.37959,MH-002_C15,test,cnn_test,0,0,1,0.87548864
39826,MH-002_2022_R069_C174,MH-002,Gadchiroli,2022,69,174,19.606674,80.379859,MH-002_C15,test,cnn_test,0,0,1,0.90074295
39827,MH-002_2022_R069_C175,MH-002,Gadchiroli,2022,69,175,19.606674,80.380129,MH-002_C15,test,cnn_test,0,0,1,0.48335245
39880,MH-002_2022_R070_C161,MH-002,Gadchiroli,2022,70,161,19.606405,80.376356,MH-002_C14,test,cnn_test,2,1,0,0.0837497
39881,MH-002_2022_R070_C162,MH-002,Gadchiroli,2022,70,162,19.606405,80.376625,MH-002_C14,test,cnn_test,2,1,1,0.29858443
39882,MH-002_2022_R070_C163,MH-002,Gadchiroli,2022,70,163,19.606405,80.376895,MH-002_C14,test,cnn_test,2,1,1,0.5225288
39883,MH-002_2022_R070_C164,MH-002,Gadchiroli,2022,70,164,19.606405,80.377164,MH-002_C14,test,cnn_test,1,0,1,0.42327043
39884,MH-002_2022_R070_C165,MH-002,Gadchiroli,2022,70,165,19.606405,80.377434,MH-002_C14,test,cnn_test,0,0,1,0.41345075
39885,MH-002_2022_R070_C166,MH-002,Gadchiroli,2022,70,166,19.606405,80.377703,MH-002_C14,test,cnn_test,0,0,1,0.56350636
39886,MH-002_2022_R070_C167,MH-002,Gadchiroli,2022,70,167,19.606405,80.377973,MH-002_C14,test,cnn_test,0,0,1,0.29796103
39887,MH-002_2022_R070_C168,MH-002,Gadchiroli,2022,70,168,19.606405,80.378242,MH-002_C14,test,cnn_test,0,0,1,0.6215999
39888,MH-002_2022_R070_C169,MH-002,Gadchiroli,2022,70,169,19.606405,80.378512,MH-002_C14,test,cnn_test,0,0,1,0.17417535
39889,MH-002_2022_R070_C170,MH-002,Gadchiroli,2022,70,170,19.606405,80.378781,MH-002_C14,test,cnn_test,0,0,1,0.7574101
39890,MH-002_2022_R070_C171,MH-002,Gadchiroli,2022,70,171,19.606405,80.379051,MH-002_C14,test,cnn_test,0,0,1,0.8687535
39891,MH-002_2022_R070_C172,MH-002,Gadchiroli,2022,70,172,19.606405,80.37932,MH-002_C15,test,cnn_test,0,0,1,0.9003419
39892,MH-002_2022_R070_C173,MH-002,Gadchiroli,2022,70,173,19.606405,80.37959,MH-002_C15,test,cnn_test,0,0,1,0.9423848
39893,MH-002_2022_R070_C174,MH-002,Gadchiroli,2022,70,174,19.606405,80.379859,MH-002_C15,test,cnn_test,0,0,1,0.9372538
39894,MH-002_2022_R070_C175,MH-002,Gadchiroli,2022,70,175,19.606405,80.380129,MH-002_C15,test,cnn_test,0,0,1,0.7971516
39955,MH-002_2022_R071_C161,MH-002,Gadchiroli,2022,71,161,19.606135,80.376356,MH-002_C14,test,cnn_test,2,1,0,0.04592681
39956,MH-002_2022_R071_C162,MH-002,Gadchiroli,2022,71,162,19.606135,80.376625,MH-002_C14,test,cnn_test,2,1,0,0.059681375
39957,MH-002_2022_R071_C163,MH-002,Gadchiroli,2022,71,163,19.606135,80.376895,MH-002_C14,test,cnn_test,2,1,1,0.28403303
39958,MH-002_2022_R071_C164,MH-002,Gadchiroli,2022,71,164,19.606135,80.377164,MH-002_C14,test,cnn_test,2,1,0,0.05899679
39959,MH-002_2022_R071_C165,MH-002,Gadchiroli,2022,71,165,19.606135,80.377434,MH-002_C14,test,cnn_test,1,0,0,0.08032072
39960,MH-002_2022_R071_C166,MH-002,Gadchiroli,2022,71,166,19.606135,80.377703,MH-002_C14,test,cnn_test,0,0,1,0.18524984
39961,MH-002_2022_R071_C167,MH-002,Gadchiroli,2022,71,167,19.606135,80.377973,MH-002_C14,test,cnn_test,0,0,0,0.057297245
39962,MH-002_2022_R071_C168,MH-002,Gadchiroli,2022,71,168,19.606135,80.378242,MH-002_C14,test,cnn_test,0,0,1,0.1441165
39963,MH-002_2022_R071_C169,MH-002,Gadchiroli,2022,71,169,19.606135,80.378512,MH-002_C14,test,cnn_test,0,0,0,0.017713469
39964,MH-002_2022_R071_C170,MH-002,Gadchiroli,2022,71,170,19.606135,80.378781,MH-002_C14,test,cnn_test,0,0,0,0.07507805
39965,MH-002_2022_R071_C171,MH-002,Gadchiroli,2022,71,171,19.606135,80.379051,MH-002_C14,test,cnn_test,0,0,1,0.7110395
39966,MH-002_2022_R071_C172,MH-002,Gadchiroli,2022,71,172,19.606135,80.37932,MH-002_C15,test,cnn_test,0,0,1,0.8522825
39967,MH-002_2022_R071_C173,MH-002,Gadchiroli,2022,71,173,19.606135,80.37959,MH-002_C15,test,cnn_test,0,0,1,0.92220354
39968,MH-002_2022_R071_C174,MH-002,Gadchiroli,2022,71,174,19.606135,80.379859,MH-002_C15,test,cnn_test,0,0,1,0.9421199
39969,MH-002_2022_R071_C175,MH-002,Gadchiroli,2022,71,175,19.606135,80.380129,MH-002_C15,test,cnn_test,0,0,1,0.8493638
40039,MH-002_2022_R072_C161,MH-002,Gadchiroli,2022,72,161,19.605866,80.376356,MH-002_C14,test,cnn_test,2,1,0,0.022486106
40040,MH-002_2022_R072_C162,MH-002,Gadchiroli,2022,72,162,19.605866,80.376625,MH-002_C14,test,cnn_test,2,1,0,0.051025778
40041,MH-002_2022_R072_C163,MH-002,Gadchiroli,2022,72,163,19.605866,80.376895,MH-002_C14,test,cnn_test,1,0,1,0.13539237
40042,MH-002_2022_R072_C164,MH-002,Gadchiroli,2022,72,164,19.605866,80.377164,MH-002_C14,test,cnn_test,0,0,0,0.063571535
40043,MH-002_2022_R072_C165,MH-002,Gadchiroli,2022,72,165,19.605866,80.377434,MH-002_C14,test,cnn_test,0,0,0,0.046423946
40044,MH-002_2022_R072_C166,MH-002,Gadchiroli,2022,72,166,19.605866,80.377703,MH-002_C14,test,cnn_test,0,0,1,0.26419222
40045,MH-002_2022_R072_C167,MH-002,Gadchiroli,2022,72,167,19.605866,80.377973,MH-002_C14,test,cnn_test,0,0,0,0.038584445
40046,MH-002_2022_R072_C168,MH-002,Gadchiroli,2022,72,168,19.605866,80.378242,MH-002_C14,test,cnn_test,0,0,1,0.12975393
40047,MH-002_2022_R072_C169,MH-002,Gadchiroli,2022,72,169,19.605866,80.378512,MH-002_C14,test,cnn_test,0,0,0,0.004665176
40048,MH-002_2022_R072_C170,MH-002,Gadchiroli,2022,72,170,19.605866,80.378781,MH-002_C14,test,cnn_test,0,0,1,0.10895393
40049,MH-002_2022_R072_C171,MH-002,Gadchiroli,2022,72,171,19.605866,80.379051,MH-002_C14,test,cnn_test,0,0,1,0.61672866
40050,MH-002_2022_R072_C172,MH-002,Gadchiroli,2022,72,172,19.605866,80.37932,MH-002_C15,test,cnn_test,0,0,1,0.8749338
40051,MH-002_2022_R072_C173,MH-002,Gadchiroli,2022,72,173,19.605866,80.37959,MH-002_C15,test,cnn_test,0,0,1,0.9328609
40052,MH-002_2022_R072_C174,MH-002,Gadchiroli,2022,72,174,19.605866,80.379859,MH-002_C15,test,cnn_test,0,0,1,0.9582888
40053,MH-002_2022_R072_C175,MH-002,Gadchiroli,2022,72,175,19.605866,80.380129,MH-002_C15,test,cnn_test,0,0,1,0.9314503
40124,MH-002_2022_R073_C161,MH-002,Gadchiroli,2022,73,161,19.605596,80.376356,MH-002_C14,test,cnn_test,2,1,0,0.029496145
40125,MH-002_2022_R073_C162,MH-002,Gadchiroli,2022,73,162,19.605596,80.376625,MH-002_C14,test,cnn_test,1,0,0,0.05588384
40126,MH-002_2022_R073_C163,MH-002,Gadchiroli,2022,73,163,19.605596,80.376895,MH-002_C14,test,cnn_test,1,0,1,0.21971433
40127,MH-002_2022_R073_C164,MH-002,Gadchiroli,2022,73,164,19.605596,80.377164,MH-002_C14,test,cnn_test,0,0,1,0.27608868
40128,MH-002_2022_R073_C165,MH-002,Gadchiroli,2022,73,165,19.605596,80.377434,MH-002_C14,test,cnn_test,0,0,0,0.07944092
40129,MH-002_2022_R073_C166,MH-002,Gadchiroli,2022,73,166,19.605596,80.377703,MH-002_C14,test,cnn_test,0,0,1,0.7458277
40130,MH-002_2022_R073_C167,MH-002,Gadchiroli,2022,73,167,19.605596,80.377973,MH-002_C14,test,cnn_test,0,0,0,0.08351629
40131,MH-002_2022_R073_C168,MH-002,Gadchiroli,2022,73,168,19.605596,80.378242,MH-002_C14,test,cnn_test,0,0,1,0.53882474
40132,MH-002_2022_R073_C169,MH-002,Gadchiroli,2022,73,169,19.605596,80.378512,MH-002_C14,test,cnn_test,0,0,0,0.008183756
40133,MH-002_2022_R073_C170,MH-002,Gadchiroli,2022,73,170,19.605596,80.378781,MH-002_C14,test,cnn_test,0,0,0,0.080889665
40134,MH-002_2022_R073_C171,MH-002,Gadchiroli,2022,73,171,19.605596,80.379051,MH-002_C14,test,cnn_test,0,0,1,0.21719442
40135,MH-002_2022_R073_C172,MH-002,Gadchiroli,2022,73,172,19.605596,80.37932,MH-002_C15,test,cnn_test,0,0,1,0.8833963
40136,MH-002_2022_R073_C173,MH-002,Gadchiroli,2022,73,173,19.605596,80.37959,MH-002_C15,test,cnn_test,0,0,1,0.92341566
40137,MH-002_2022_R073_C174,MH-002,Gadchiroli,2022,73,174,19.605596,80.379859,MH-002_C15,test,cnn_test,0,0,1,0.9667701
40138,MH-002_2022_R073_C175,MH-002,Gadchiroli,2022,73,175,19.605596,80.380129,MH-002_C15,test,cnn_test,0,0,1,0.9395854
40219,MH-002_2022_R074_C161,MH-002,Gadchiroli,2022,74,161,19.605327,80.376356,MH-002_C14,test,cnn_test,2,1,0,0.013890395
40220,MH-002_2022_R074_C162,MH-002,Gadchiroli,2022,74,162,19.605327,80.376625,MH-002_C14,test,cnn_test,2,1,0,0.034201197
40221,MH-002_2022_R074_C163,MH-002,Gadchiroli,2022,74,163,19.605327,80.376895,MH-002_C14,test,cnn_test,1,0,1,0.37763152
40222,MH-002_2022_R074_C164,MH-002,Gadchiroli,2022,74,164,19.605327,80.377164,MH-002_C14,test,cnn_test,2,1,1,0.760181
40223,MH-002_2022_R074_C165,MH-002,Gadchiroli,2022,74,165,19.605327,80.377434,MH-002_C14,test,cnn_test,0,0,1,0.7419581
40224,MH-002_2022_R074_C166,MH-002,Gadchiroli,2022,74,166,19.605327,80.377703,MH-002_C14,test,cnn_test,1,0,1,0.8286412
40225,MH-002_2022_R074_C167,MH-002,Gadchiroli,2022,74,167,19.605327,80.377973,MH-002_C14,test,cnn_test,0,0,1,0.716199
40226,MH-002_2022_R074_C168,MH-002,Gadchiroli,2022,74,168,19.605327,80.378242,MH-002_C14,test,cnn_test,0,0,1,0.76202106
40227,MH-002_2022_R074_C169,MH-002,Gadchiroli,2022,74,169,19.605327,80.378512,MH-002_C14,test,cnn_test,0,0,0,0.08814657
40228,MH-002_2022_R074_C170,MH-002,Gadchiroli,2022,74,170,19.605327,80.378781,MH-002_C14,test,cnn_test,0,0,1,0.37151054
40229,MH-002_2022_R074_C171,MH-002,Gadchiroli,2022,74,171,19.605327,80.379051,MH-002_C14,test,cnn_test,0,0,1,0.65758926
40230,MH-002_2022_R074_C172,MH-002,Gadchiroli,2022,74,172,19.605327,80.37932,MH-002_C15,test,cnn_test,0,0,1,0.89724594
40231,MH-002_2022_R074_C173,MH-002,Gadchiroli,2022,74,173,19.605327,80.37959,MH-002_C15,test,cnn_test,0,0,1,0.9612683
40232,MH-002_2022_R074_C174,MH-002,Gadchiroli,2022,74,174,19.605327,80.379859,MH-002_C15,test,cnn_test,0,0,1,0.97556067
40233,MH-002_2022_R074_C175,MH-002,Gadchiroli,2022,74,175,19.605327,80.380129,MH-002_C15,test,cnn_test,0,0,1,0.9629611
40234,MH-002_2022_R074_C176,MH-002,Gadchiroli,2022,74,176,19.605327,80.380398,MH-002_C15,test,cnn_test,0,0,1,0.9349152
40318,MH-002_2022_R075_C161,MH-002,Gadchiroli,2022,75,161,19.605057,80.376356,MH-002_C14,test,cnn_test,1,0,0,0.009823727
40319,MH-002_2022_R075_C162,MH-002,Gadchiroli,2022,75,162,19.605057,80.376625,MH-002_C14,test,cnn_test,1,0,0,0.0056931875
40320,MH-002_2022_R075_C163,MH-002,Gadchiroli,2022,75,163,19.605057,80.376895,MH-002_C14,test,cnn_test,1,0,1,0.14827321
40321,MH-002_2022_R075_C164,MH-002,Gadchiroli,2022,75,164,19.605057,80.377164,MH-002_C14,test,cnn_test,0,0,1,0.5695535
40322,MH-002_2022_R075_C165,MH-002,Gadchiroli,2022,75,165,19.605057,80.377434,MH-002_C14,test,cnn_test,0,0,1,0.59340805
40323,MH-002_2022_R075_C166,MH-002,Gadchiroli,2022,75,166,19.605057,80.377703,MH-002_C14,test,cnn_test,0,0,1,0.8977218
40324,MH-002_2022_R075_C167,MH-002,Gadchiroli,2022,75,167,19.605057,80.377973,MH-002_C14,test,cnn_test,0,0,1,0.6774017
40325,MH-002_2022_R075_C168,MH-002,Gadchiroli,2022,75,168,19.605057,80.378242,MH-002_C14,test,cnn_test,0,0,1,0.78596914
40326,MH-002_2022_R075_C169,MH-002,Gadchiroli,2022,75,169,19.605057,80.378512,MH-002_C14,test,cnn_test,0,0,0,0.05248045
40327,MH-002_2022_R075_C170,MH-002,Gadchiroli,2022,75,170,19.605057,80.378781,MH-002_C14,test,cnn_test,0,0,1,0.19002126
40328,MH-002_2022_R075_C171,MH-002,Gadchiroli,2022,75,171,19.605057,80.379051,MH-002_C14,test,cnn_test,0,0,1,0.14713003
40329,MH-002_2022_R075_C172,MH-002,Gadchiroli,2022,75,172,19.605057,80.37932,MH-002_C15,test,cnn_test,0,0,1,0.8411844
40330,MH-002_2022_R075_C173,MH-002,Gadchiroli,2022,75,173,19.605057,80.37959,MH-002_C15,test,cnn_test,0,0,1,0.93290013
40331,MH-002_2022_R075_C174,MH-002,Gadchiroli,2022,75,174,19.605057,80.379859,MH-002_C15,test,cnn_test,0,0,1,0.9576712
40332,MH-002_2022_R075_C175,MH-002,Gadchiroli,2022,75,175,19.605057,80.380129,MH-002_C15,test,cnn_test,0,0,1,0.95621777
40333,MH-002_2022_R075_C176,MH-002,Gadchiroli,2022,75,176,19.605057,80.380398,MH-002_C15,test,cnn_test,0,0,1,0.93138266
40417,MH-002_2022_R076_C161,MH-002,Gadchiroli,2022,76,161,19.604788,80.376356,MH-002_C14,test,cnn_test,1,0,0,0.014503859
40418,MH-002_2022_R076_C162,MH-002,Gadchiroli,2022,76,162,19.604788,80.376625,MH-002_C14,test,cnn_test,1,0,0,0.0117313415
40419,MH-002_2022_R076_C163,MH-002,Gadchiroli,2022,76,163,19.604788,80.376895,MH-002_C14,test,cnn_test,2,1,0,0.09628454
40420,MH-002_2022_R076_C164,MH-002,Gadchiroli,2022,76,164,19.604788,80.377164,MH-002_C14,test,cnn_test,1,0,1,0.72487235
40421,MH-002_2022_R076_C165,MH-002,Gadchiroli,2022,76,165,19.604788,80.377434,MH-002_C14,test,cnn_test,0,0,1,0.5516974
40422,MH-002_2022_R076_C166,MH-002,Gadchiroli,2022,76,166,19.604788,80.377703,MH-002_C14,test,cnn_test,0,0,1,0.8692208
40423,MH-002_2022_R076_C167,MH-002,Gadchiroli,2022,76,167,19.604788,80.377973,MH-002_C14,test,cnn_test,0,0,1,0.76894027
40424,MH-002_2022_R076_C168,MH-002,Gadchiroli,2022,76,168,19.604788,80.378242,MH-002_C14,test,cnn_test,0,0,1,0.8952832
40425,MH-002_2022_R076_C169,MH-002,Gadchiroli,2022,76,169,19.604788,80.378512,MH-002_C14,test,cnn_test,0,0,1,0.2071928
40426,MH-002_2022_R076_C170,MH-002,Gadchiroli,2022,76,170,19.604788,80.378781,MH-002_C14,test,cnn_test,0,0,1,0.49949697
40427,MH-002_2022_R076_C171,MH-002,Gadchiroli,2022,76,171,19.604788,80.379051,MH-002_C14,test,cnn_test,0,0,1,0.33120283
40428,MH-002_2022_R076_C172,MH-002,Gadchiroli,2022,76,172,19.604788,80.37932,MH-002_C15,test,cnn_test,0,0,1,0.85236335
40429,MH-002_2022_R076_C173,MH-002,Gadchiroli,2022,76,173,19.604788,80.37959,MH-002_C15,test,cnn_test,0,0,1,0.9412973
40430,MH-002_2022_R076_C174,MH-002,Gadchiroli,2022,76,174,19.604788,80.379859,MH-002_C15,test,cnn_test,0,0,1,0.9619801
40431,MH-002_2022_R076_C175,MH-002,Gadchiroli,2022,76,175,19.604788,80.380129,MH-002_C15,test,cnn_test,0,0,1,0.97373384
40432,MH-002_2022_R076_C176,MH-002,Gadchiroli,2022,76,176,19.604788,80.380398,MH-002_C15,test,cnn_test,0,0,1,0.9180578
40518,MH-002_2022_R077_C161,MH-002,Gadchiroli,2022,77,161,19.604518,80.376356,MH-002_C14,test,cnn_test,1,0,0,0.011638016
40519,MH-002_2022_R077_C162,MH-002,Gadchiroli,2022,77,162,19.604518,80.376625,MH-002_C14,test,cnn_test,2,1,0,0.008443599
40520,MH-002_2022_R077_C163,MH-002,Gadchiroli,2022,77,163,19.604518,80.376895,MH-002_C14,test,cnn_test,1,0,0,0.07733822
40521,MH-002_2022_R077_C164,MH-002,Gadchiroli,2022,77,164,19.604518,80.377164,MH-002_C14,test,cnn_test,1,0,1,0.70607054
40522,MH-002_2022_R077_C165,MH-002,Gadchiroli,2022,77,165,19.604518,80.377434,MH-002_C14,test,cnn_test,1,0,1,0.3575562
40523,MH-002_2022_R077_C166,MH-002,Gadchiroli,2022,77,166,19.604518,80.377703,MH-002_C14,test,cnn_test,0,0,1,0.9125692
40524,MH-002_2022_R077_C168,MH-002,Gadchiroli,2022,77,168,19.604518,80.378242,MH-002_C14,test,cnn_test,0,0,1,0.85196626
40525,MH-002_2022_R077_C170,MH-002,Gadchiroli,2022,77,170,19.604518,80.378781,MH-002_C14,test,cnn_test,0,0,1,0.17213508
40526,MH-002_2022_R077_C171,MH-002,Gadchiroli,2022,77,171,19.604518,80.379051,MH-002_C14,test,cnn_test,0,0,0,0.04520073
40527,MH-002_2022_R077_C172,MH-002,Gadchiroli,2022,77,172,19.604518,80.37932,MH-002_C15,test,cnn_test,0,0,1,0.6679146
40528,MH-002_2022_R077_C173,MH-002,Gadchiroli,2022,77,173,19.604518,80.37959,MH-002_C15,test,cnn_test,0,0,1,0.91682804
40529,MH-002_2022_R077_C174,MH-002,Gadchiroli,2022,77,174,19.604518,80.379859,MH-002_C15,test,cnn_test,0,0,1,0.9370828
40530,MH-002_2022_R077_C175,MH-002,Gadchiroli,2022,77,175,19.604518,80.380129,MH-002_C15,test,cnn_test,0,0,1,0.96822816
40531,MH-002_2022_R077_C176,MH-002,Gadchiroli,2022,77,176,19.604518,80.380398,MH-002_C15,test,cnn_test,0,0,1,0.90323967
40613,MH-002_2022_R078_C161,MH-002,Gadchiroli,2022,78,161,19.604249,80.376356,MH-002_C14,test,cnn_test,1,0,0,0.009072159
40614,MH-002_2022_R078_C162,MH-002,Gadchiroli,2022,78,162,19.604249,80.376625,MH-002_C14,test,cnn_test,2,1,0,0.006946972
40615,MH-002_2022_R078_C163,MH-002,Gadchiroli,2022,78,163,19.604249,80.376895,MH-002_C14,test,cnn_test,2,1,1,0.13567023
40616,MH-002_2022_R078_C164,MH-002,Gadchiroli,2022,78,164,19.604249,80.377164,MH-002_C14,test,cnn_test,1,0,1,0.7894217
40617,MH-002_2022_R078_C165,MH-002,Gadchiroli,2022,78,165,19.604249,80.377434,MH-002_C14,test,cnn_test,1,0,1,0.6094036
40618,MH-002_2022_R078_C166,MH-002,Gadchiroli,2022,78,166,19.604249,80.377703,MH-002_C14,test,cnn_test,1,0,1,0.8591314
40619,MH-002_2022_R078_C167,MH-002,Gadchiroli,2022,78,167,19.604249,80.377973,MH-002_C14,test,cnn_test,0,0,1,0.7802068
40620,MH-002_2022_R078_C168,MH-002,Gadchiroli,2022,78,168,19.604249,80.378242,MH-002_C14,test,cnn_test,0,0,1,0.8355202
40621,MH-002_2022_R078_C169,MH-002,Gadchiroli,2022,78,169,19.604249,80.378512,MH-002_C14,test,cnn_test,0,0,1,0.20327784
40622,MH-002_2022_R078_C170,MH-002,Gadchiroli,2022,78,170,19.604249,80.378781,MH-002_C14,test,cnn_test,0,0,1,0.11587174
40623,MH-002_2022_R078_C171,MH-002,Gadchiroli,2022,78,171,19.604249,80.379051,MH-002_C14,test,cnn_test,0,0,1,0.119670816
40624,MH-002_2022_R078_C172,MH-002,Gadchiroli,2022,78,172,19.604249,80.37932,MH-002_C15,test,cnn_test,0,0,1,0.35013375
40625,MH-002_2022_R078_C173,MH-002,Gadchiroli,2022,78,173,19.604249,80.37959,MH-002_C15,test,cnn_test,0,0,1,0.82672805
40626,MH-002_2022_R078_C174,MH-002,Gadchiroli,2022,78,174,19.604249,80.379859,MH-002_C15,test,cnn_test,0,0,1,0.779924
40627,MH-002_2022_R078_C175,MH-002,Gadchiroli,2022,78,175,19.604249,80.380129,MH-002_C15,test,cnn_test,0,0,1,0.94776034
40628,MH-002_2022_R078_C176,MH-002,Gadchiroli,2022,78,176,19.604249,80.380398,MH-002_C15,test,cnn_test,0,0,1,0.81208664
40711,MH-002_2022_R079_C161,MH-002,Gadchiroli,2022,79,161,19.603979,80.376356,MH-002_C14,test,cnn_test,0,0,0,0.00200838
40712,MH-002_2022_R079_C162,MH-002,Gadchiroli,2022,79,162,19.603979,80.376625,MH-002_C14,test,cnn_test,1,0,0,0.0024562285
40713,MH-002_2022_R079_C163,MH-002,Gadchiroli,2022,79,163,19.603979,80.376895,MH-002_C14,test,cnn_test,0,0,0,0.044878613
40714,MH-002_2022_R079_C164,MH-002,Gadchiroli,2022,79,164,19.603979,80.377164,MH-002_C14,test,cnn_test,1,0,1,0.46110675
40715,MH-002_2022_R079_C165,MH-002,Gadchiroli,2022,79,165,19.603979,80.377434,MH-002_C14,test,cnn_test,1,0,1,0.18520847
40716,MH-002_2022_R079_C166,MH-002,Gadchiroli,2022,79,166,19.603979,80.377703,MH-002_C14,test,cnn_test,0,0,1,0.87187034
40717,MH-002_2022_R079_C168,MH-002,Gadchiroli,2022,79,168,19.603979,80.378242,MH-002_C14,test,cnn_test,0,0,1,0.79609114
40718,MH-002_2022_R079_C170,MH-002,Gadchiroli,2022,79,170,19.603979,80.378781,MH-002_C14,test,cnn_test,0,0,0,0.05950484
40719,MH-002_2022_R079_C171,MH-002,Gadchiroli,2022,79,171,19.603979,80.379051,MH-002_C14,test,cnn_test,0,0,0,0.023094837
40720,MH-002_2022_R079_C172,MH-002,Gadchiroli,2022,79,172,19.603979,80.37932,MH-002_C15,test,cnn_test,0,0,1,0.2039741
40721,MH-002_2022_R079_C173,MH-002,Gadchiroli,2022,79,173,19.603979,80.37959,MH-002_C15,test,cnn_test,0,0,1,0.55956197
40722,MH-002_2022_R079_C174,MH-002,Gadchiroli,2022,79,174,19.603979,80.379859,MH-002_C15,test,cnn_test,0,0,1,0.74378365
40723,MH-002_2022_R079_C175,MH-002,Gadchiroli,2022,79,175,19.603979,80.380129,MH-002_C15,test,cnn_test,0,0,1,0.9658966
40724,MH-002_2022_R079_C176,MH-002,Gadchiroli,2022,79,176,19.603979,80.380398,MH-002_C15,test,cnn_test,0,0,1,0.9273592
40804,MH-002_2022_R080_C161,MH-002,Gadchiroli,2022,80,161,19.60371,80.376356,MH-002_C14,test,cnn_test,0,0,0,0.00057982665
40805,MH-002_2022_R080_C162,MH-002,Gadchiroli,2022,80,162,19.60371,80.376625,MH-002_C14,test,cnn_test,1,0,0,0.00035695362
40806,MH-002_2022_R080_C163,MH-002,Gadchiroli,2022,80,163,19.60371,80.376895,MH-002_C14,test,cnn_test,2,1,0,0.015464055
40807,MH-002_2022_R080_C164,MH-002,Gadchiroli,2022,80,164,19.60371,80.377164,MH-002_C14,test,cnn_test,1,0,1,0.25335833
40808,MH-002_2022_R080_C165,MH-002,Gadchiroli,2022,80,165,19.60371,80.377434,MH-002_C14,test,cnn_test,1,0,1,0.18539792
40809,MH-002_2022_R080_C167,MH-002,Gadchiroli,2022,80,167,19.60371,80.377973,MH-002_C14,test,cnn_test,0,0,1,0.8113908
40810,MH-002_2022_R080_C170,MH-002,Gadchiroli,2022,80,170,19.60371,80.378781,MH-002_C14,test,cnn_test,0,0,1,0.17846693
40811,MH-002_2022_R080_C171,MH-002,Gadchiroli,2022,80,171,19.60371,80.379051,MH-002_C14,test,cnn_test,0,0,1,0.44743624
40812,MH-002_2022_R080_C172,MH-002,Gadchiroli,2022,80,172,19.60371,80.37932,MH-002_C15,test,cnn_test,0,0,1,0.35889822
40813,MH-002_2022_R080_C173,MH-002,Gadchiroli,2022,80,173,19.60371,80.37959,MH-002_C15,test,cnn_test,0,0,1,0.69029295
40814,MH-002_2022_R080_C174,MH-002,Gadchiroli,2022,80,174,19.60371,80.379859,MH-002_C15,test,cnn_test,0,0,1,0.89129025
40815,MH-002_2022_R080_C175,MH-002,Gadchiroli,2022,80,175,19.60371,80.380129,MH-002_C15,test,cnn_test,0,0,1,0.98037213
40816,MH-002_2022_R080_C176,MH-002,Gadchiroli,2022,80,176,19.60371,80.380398,MH-002_C15,test,cnn_test,0,0,1,0.9650344
40895,MH-002_2022_R081_C161,MH-002,Gadchiroli,2022,81,161,19.60344,80.376356,MH-002_C14,test,cnn_test,0,0,0,0.00032129162
40896,MH-002_2022_R081_C162,MH-002,Gadchiroli,2022,81,162,19.60344,80.376625,MH-002_C14,test,cnn_test,1,0,0,0.00024594893
40897,MH-002_2022_R081_C163,MH-002,Gadchiroli,2022,81,163,19.60344,80.376895,MH-002_C14,test,cnn_test,1,0,0,0.014515327
40898,MH-002_2022_R081_C164,MH-002,Gadchiroli,2022,81,164,19.60344,80.377164,MH-002_C14,test,cnn_test,2,1,0,0.04811397
40899,MH-002_2022_R081_C165,MH-002,Gadchiroli,2022,81,165,19.60344,80.377434,MH-002_C14,test,cnn_test,1,0,0,0.023532977
40900,MH-002_2022_R081_C166,MH-002,Gadchiroli,2022,81,166,19.60344,80.377703,MH-002_C14,test,cnn_test,2,1,1,0.79579777
40901,MH-002_2022_R081_C167,MH-002,Gadchiroli,2022,81,167,19.60344,80.377973,MH-002_C14,test,cnn_test,1,0,1,0.56725365
40902,MH-002_2022_R081_C168,MH-002,Gadchiroli,2022,81,168,19.60344,80.378242,MH-002_C14,test,cnn_test,0,0,1,0.84065443
40903,MH-002_2022_R081_C169,MH-002,Gadchiroli,2022,81,169,19.60344,80.378512,MH-002_C14,test,cnn_test,0,0,1,0.17137636
40904,MH-002_2022_R081_C170,MH-002,Gadchiroli,2022,81,170,19.60344,80.378781,MH-002_C14,test,cnn_test,0,0,1,0.34608042
40905,MH-002_2022_R081_C171,MH-002,Gadchiroli,2022,81,171,19.60344,80.379051,MH-002_C14,test,cnn_test,0,0,1,0.22253764
40906,MH-002_2022_R081_C172,MH-002,Gadchiroli,2022,81,172,19.60344,80.37932,MH-002_C15,test,cnn_test,0,0,1,0.16778551
40907,MH-002_2022_R081_C173,MH-002,Gadchiroli,2022,81,173,19.60344,80.37959,MH-002_C15,test,cnn_test,0,0,1,0.2624613
40908,MH-002_2022_R081_C174,MH-002,Gadchiroli,2022,81,174,19.60344,80.379859,MH-002_C15,test,cnn_test,0,0,1,0.7384289
40909,MH-002_2022_R081_C175,MH-002,Gadchiroli,2022,81,175,19.60344,80.380129,MH-002_C15,test,cnn_test,0,0,1,0.9731556
40910,MH-002_2022_R081_C176,MH-002,Gadchiroli,2022,81,176,19.60344,80.380398,MH-002_C15,test,cnn_test,0,0,1,0.9524542
40984,MH-002_2022_R082_C161,MH-002,Gadchiroli,2022,82,161,19.603171,80.376356,MH-002_C14,test,cnn_test,0,0,0,0.0006588864
40985,MH-002_2022_R082_C162,MH-002,Gadchiroli,2022,82,162,19.603171,80.376625,MH-002_C14,test,cnn_test,0,0,0,0.00020459389
40986,MH-002_2022_R082_C163,MH-002,Gadchiroli,2022,82,163,19.603171,80.376895,MH-002_C14,test,cnn_test,1,0,0,0.027825546
40987,MH-002_2022_R082_C164,MH-002,Gadchiroli,2022,82,164,19.603171,80.377164,MH-002_C14,test,cnn_test,2,1,1,0.28712952
40988,MH-002_2022_R082_C165,MH-002,Gadchiroli,2022,82,165,19.603171,80.377434,MH-002_C14,test,cnn_test,1,0,1,0.10573865
40989,MH-002_2022_R082_C166,MH-002,Gadchiroli,2022,82,166,19.603171,80.377703,MH-002_C14,test,cnn_test,2,1,1,0.5592755
40990,MH-002_2022_R082_C167,MH-002,Gadchiroli,2022,82,167,19.603171,80.377973,MH-002_C14,test,cnn_test,1,0,1,0.78295135
40991,MH-002_2022_R082_C168,MH-002,Gadchiroli,2022,82,168,19.603171,80.378242,MH-002_C14,test,cnn_test,0,0,1,0.785489
40992,MH-002_2022_R082_C169,MH-002,Gadchiroli,2022,82,169,19.603171,80.378512,MH-002_C14,test,cnn_test,0,0,1,0.5791361
40993,MH-002_2022_R082_C170,MH-002,Gadchiroli,2022,82,170,19.603171,80.378781,MH-002_C14,test,cnn_test,0,0,0,0.09241077
40994,MH-002_2022_R082_C171,MH-002,Gadchiroli,2022,82,171,19.603171,80.379051,MH-002_C14,test,cnn_test,0,0,1,0.26684088
40995,MH-002_2022_R082_C172,MH-002,Gadchiroli,2022,82,172,19.603171,80.37932,MH-002_C15,test,cnn_test,0,0,0,0.02020455
40996,MH-002_2022_R082_C173,MH-002,Gadchiroli,2022,82,173,19.603171,80.37959,MH-002_C15,test,cnn_test,0,0,0,0.019947903
40997,MH-002_2022_R082_C174,MH-002,Gadchiroli,2022,82,174,19.603171,80.379859,MH-002_C15,test,cnn_test,0,0,0,0.053715914
40998,MH-002_2022_R082_C175,MH-002,Gadchiroli,2022,82,175,19.603171,80.380129,MH-002_C15,test,cnn_test,0,0,1,0.8792038
40999,MH-002_2022_R082_C176,MH-002,Gadchiroli,2022,82,176,19.603171,80.380398,MH-002_C15,test,cnn_test,0,0,1,0.8931331
41070,MH-002_2022_R083_C161,MH-002,Gadchiroli,2022,83,161,19.602901,80.376356,MH-002_C14,test,cnn_test,1,0,0,0.0019424177
41071,MH-002_2022_R083_C162,MH-002,Gadchiroli,2022,83,162,19.602901,80.376625,MH-002_C14,test,cnn_test,1,0,0,0.0009791655
41072,MH-002_2022_R083_C163,MH-002,Gadchiroli,2022,83,163,19.602901,80.376895,MH-002_C14,test,cnn_test,1,0,0,0.0786847
41073,MH-002_2022_R083_C164,MH-002,Gadchiroli,2022,83,164,19.602901,80.377164,MH-002_C14,test,cnn_test,1,0,1,0.396259
41074,MH-002_2022_R083_C168,MH-002,Gadchiroli,2022,83,168,19.602901,80.378242,MH-002_C14,test,cnn_test,0,0,1,0.92474574
41075,MH-002_2022_R083_C169,MH-002,Gadchiroli,2022,83,169,19.602901,80.378512,MH-002_C14,test,cnn_test,0,0,1,0.7536716
41076,MH-002_2022_R083_C171,MH-002,Gadchiroli,2022,83,171,19.602901,80.379051,MH-002_C14,test,cnn_test,0,0,1,0.4920784
41077,MH-002_2022_R083_C172,MH-002,Gadchiroli,2022,83,172,19.602901,80.37932,MH-002_C15,test,cnn_test,0,0,1,0.13809866
41078,MH-002_2022_R083_C174,MH-002,Gadchiroli,2022,83,174,19.602901,80.379859,MH-002_C15,test,cnn_test,0,0,0,0.08140146
41079,MH-002_2022_R083_C175,MH-002,Gadchiroli,2022,83,175,19.602901,80.380129,MH-002_C15,test,cnn_test,0,0,1,0.92086583
41080,MH-002_2022_R083_C176,MH-002,Gadchiroli,2022,83,176,19.602901,80.380398,MH-002_C15,test,cnn_test,0,0,1,0.87435323
41149,MH-002_2022_R084_C161,MH-002,Gadchiroli,2022,84,161,19.602632,80.376356,MH-002_C14,test,cnn_test,1,0,0,0.0016287124
41150,MH-002_2022_R084_C163,MH-002,Gadchiroli,2022,84,163,19.602632,80.376895,MH-002_C14,test,cnn_test,1,0,0,0.054264437
41151,MH-002_2022_R084_C165,MH-002,Gadchiroli,2022,84,165,19.602632,80.377434,MH-002_C14,test,cnn_test,0,0,0,0.05639827
41152,MH-002_2022_R084_C166,MH-002,Gadchiroli,2022,84,166,19.602632,80.377703,MH-002_C14,test,cnn_test,1,0,1,0.58442986
41153,MH-002_2022_R084_C167,MH-002,Gadchiroli,2022,84,167,19.602632,80.377973,MH-002_C14,test,cnn_test,2,1,1,0.66391593
41154,MH-002_2022_R084_C170,MH-002,Gadchiroli,2022,84,170,19.602632,80.378781,MH-002_C14,test,cnn_test,0,0,1,0.3980632
41155,MH-002_2022_R084_C171,MH-002,Gadchiroli,2022,84,171,19.602632,80.379051,MH-002_C14,test,cnn_test,0,0,1,0.29322538
41156,MH-002_2022_R084_C172,MH-002,Gadchiroli,2022,84,172,19.602632,80.37932,MH-002_C15,test,cnn_test,0,0,0,0.0630932
41157,MH-002_2022_R084_C173,MH-002,Gadchiroli,2022,84,173,19.602632,80.37959,MH-002_C15,test,cnn_test,0,0,0,0.018223463
41158,MH-002_2022_R084_C174,MH-002,Gadchiroli,2022,84,174,19.602632,80.379859,MH-002_C15,test,cnn_test,0,0,0,0.04633433
41159,MH-002_2022_R084_C175,MH-002,Gadchiroli,2022,84,175,19.602632,80.380129,MH-002_C15,test,cnn_test,0,0,1,0.7895267
41160,MH-002_2022_R084_C176,MH-002,Gadchiroli,2022,84,176,19.602632,80.380398,MH-002_C15,test,cnn_test,0,0,1,0.8163461
41233,MH-002_2022_R085_C161,MH-002,Gadchiroli,2022,85,161,19.602362,80.376356,MH-002_C14,test,cnn_test,0,0,0,0.001874702
41234,MH-002_2022_R085_C162,MH-002,Gadchiroli,2022,85,162,19.602362,80.376625,MH-002_C14,test,cnn_test,0,0,0,0.0024148824
41235,MH-002_2022_R085_C163,MH-002,Gadchiroli,2022,85,163,19.602362,80.376895,MH-002_C14,test,cnn_test,0,0,0,0.03268703
41236,MH-002_2022_R085_C164,MH-002,Gadchiroli,2022,85,164,19.602362,80.377164,MH-002_C14,test,cnn_test,0,0,1,0.28224024
41237,MH-002_2022_R085_C165,MH-002,Gadchiroli,2022,85,165,19.602362,80.377434,MH-002_C14,test,cnn_test,0,0,0,0.05026986
41238,MH-002_2022_R085_C166,MH-002,Gadchiroli,2022,85,166,19.602362,80.377703,MH-002_C14,test,cnn_test,1,0,1,0.6049478
41239,MH-002_2022_R085_C167,MH-002,Gadchiroli,2022,85,167,19.602362,80.377973,MH-002_C14,test,cnn_test,1,0,1,0.5937425
41240,MH-002_2022_R085_C171,MH-002,Gadchiroli,2022,85,171,19.602362,80.379051,MH-002_C14,test,cnn_test,0,0,1,0.23959152
41241,MH-002_2022_R085_C172,MH-002,Gadchiroli,2022,85,172,19.602362,80.37932,MH-002_C15,test,cnn_test,0,0,1,0.16361801
41242,MH-002_2022_R085_C173,MH-002,Gadchiroli,2022,85,173,19.602362,80.37959,MH-002_C15,test,cnn_test,0,0,1,0.13937873
41243,MH-002_2022_R085_C174,MH-002,Gadchiroli,2022,85,174,19.602362,80.379859,MH-002_C15,test,cnn_test,0,0,0,0.07698158
41244,MH-002_2022_R085_C176,MH-002,Gadchiroli,2022,85,176,19.602362,80.380398,MH-002_C15,test,cnn_test,0,0,1,0.86130095
41317,MH-002_2022_R086_C161,MH-002,Gadchiroli,2022,86,161,19.602093,80.376356,MH-002_C14,test,cnn_test,0,0,0,0.0019405364
41318,MH-002_2022_R086_C162,MH-002,Gadchiroli,2022,86,162,19.602093,80.376625,MH-002_C14,test,cnn_test,0,0,0,0.0022535825
41319,MH-002_2022_R086_C163,MH-002,Gadchiroli,2022,86,163,19.602093,80.376895,MH-002_C14,test,cnn_test,0,0,1,0.1652454
41320,MH-002_2022_R086_C172,MH-002,Gadchiroli,2022,86,172,19.602093,80.37932,MH-002_C15,test,cnn_test,0,0,1,0.16146302
41321,MH-002_2022_R086_C173,MH-002,Gadchiroli,2022,86,173,19.602093,80.37959,MH-002_C15,test,cnn_test,0,0,1,0.11236176
41322,MH-002_2022_R086_C174,MH-002,Gadchiroli,2022,86,174,19.602093,80.379859,MH-002_C15,test,cnn_test,0,0,0,0.026732361
41323,MH-002_2022_R086_C175,MH-002,Gadchiroli,2022,86,175,19.602093,80.380129,MH-002_C15,test,cnn_test,0,0,1,0.3105575
41324,MH-002_2022_R086_C176,MH-002,Gadchiroli,2022,86,176,19.602093,80.380398,MH-002_C15,test,cnn_test,0,0,1,0.7660384
41396,MH-002_2022_R087_C170,MH-002,Gadchiroli,2022,87,170,19.601823,80.378781,MH-002_C14,test,cnn_test,0,0,1,0.5101713
41397,MH-002_2022_R087_C171,MH-002,Gadchiroli,2022,87,171,19.601823,80.379051,MH-002_C14,test,cnn_test,0,0,1,0.43424088
41398,MH-002_2022_R087_C172,MH-002,Gadchiroli,2022,87,172,19.601823,80.37932,MH-002_C15,test,cnn_test,0,0,1,0.1937788
41399,MH-002_2022_R087_C173,MH-002,Gadchiroli,2022,87,173,19.601823,80.37959,MH-002_C15,test,cnn_test,0,0,1,0.2141566
41400,MH-002_2022_R087_C174,MH-002,Gadchiroli,2022,87,174,19.601823,80.379859,MH-002_C15,test,cnn_test,0,0,0,0.028222097
41401,MH-002_2022_R087_C176,MH-002,Gadchiroli,2022,87,176,19.601823,80.380398,MH-002_C15,test,cnn_test,0,0,1,0.52780604
41484,MH-002_2022_R088_C171,MH-002,Gadchiroli,2022,88,171,19.601554,80.379051,MH-002_C14,test,cnn_test,0,0,1,0.7175981
41485,MH-002_2022_R088_C172,MH-002,Gadchiroli,2022,88,172,19.601554,80.37932,MH-002_C15,test,cnn_test,0,0,1,0.243642
41486,MH-002_2022_R088_C173,MH-002,Gadchiroli,2022,88,173,19.601554,80.37959,MH-002_C15,test,cnn_test,0,0,1,0.17514172
41487,MH-002_2022_R088_C174,MH-002,Gadchiroli,2022,88,174,19.601554,80.379859,MH-002_C15,test,cnn_test,0,0,0,0.018553054
41488,MH-002_2022_R088_C175,MH-002,Gadchiroli,2022,88,175,19.601554,80.380129,MH-002_C15,test,cnn_test,0,0,0,0.047854207
41489,MH-002_2022_R088_C176,MH-002,Gadchiroli,2022,88,176,19.601554,80.380398,MH-002_C15,test,cnn_test,0,0,1,0.58503324
41573,MH-002_2022_R089_C161,MH-002,Gadchiroli,2022,89,161,19.601284,80.376356,MH-002_C14,test,cnn_test,0,0,0,0.0022377092
41574,MH-002_2022_R089_C165,MH-002,Gadchiroli,2022,89,165,19.601284,80.377434,MH-002_C14,test,cnn_test,0,0,1,0.5193034
41575,MH-002_2022_R089_C166,MH-002,Gadchiroli,2022,89,166,19.601284,80.377703,MH-002_C14,test,cnn_test,1,0,1,0.71851075
41576,MH-002_2022_R089_C167,MH-002,Gadchiroli,2022,89,167,19.601284,80.377973,MH-002_C14,test,cnn_test,1,0,1,0.73598796
41577,MH-002_2022_R089_C168,MH-002,Gadchiroli,2022,89,168,19.601284,80.378242,MH-002_C14,test,cnn_test,2,1,1,0.83308136
41578,MH-002_2022_R089_C172,MH-002,Gadchiroli,2022,89,172,19.601284,80.37932,MH-002_C15,test,cnn_test,0,0,1,0.69031894
41579,MH-002_2022_R089_C174,MH-002,Gadchiroli,2022,89,174,19.601284,80.379859,MH-002_C15,test,cnn_test,0,0,1,0.2901154
41580,MH-002_2022_R089_C175,MH-002,Gadchiroli,2022,89,175,19.601284,80.380129,MH-002_C15,test,cnn_test,0,0,1,0.42045835
41581,MH-002_2022_R089_C176,MH-002,Gadchiroli,2022,89,176,19.601284,80.380398,MH-002_C15,test,cnn_test,0,0,1,0.8335746
41666,MH-002_2022_R090_C161,MH-002,Gadchiroli,2022,90,161,19.601015,80.376356,MH-002_C14,test,cnn_test,0,0,0,0.002372051
41667,MH-002_2022_R090_C162,MH-002,Gadchiroli,2022,90,162,19.601015,80.376625,MH-002_C14,test,cnn_test,0,0,0,0.00268388
41668,MH-002_2022_R090_C163,MH-002,Gadchiroli,2022,90,163,19.601015,80.376895,MH-002_C14,test,cnn_test,1,0,0,0.020775838
41669,MH-002_2022_R090_C165,MH-002,Gadchiroli,2022,90,165,19.601015,80.377434,MH-002_C14,test,cnn_test,0,0,1,0.13358696
41670,MH-002_2022_R090_C166,MH-002,Gadchiroli,2022,90,166,19.601015,80.377703,MH-002_C14,test,cnn_test,1,0,1,0.3311147
41671,MH-002_2022_R090_C167,MH-002,Gadchiroli,2022,90,167,19.601015,80.377973,MH-002_C14,test,cnn_test,0,0,1,0.5465934
41672,MH-002_2022_R090_C168,MH-002,Gadchiroli,2022,90,168,19.601015,80.378242,MH-002_C14,test,cnn_test,1,0,1,0.5374007
41673,MH-002_2022_R090_C169,MH-002,Gadchiroli,2022,90,169,19.601015,80.378512,MH-002_C14,test,cnn_test,1,0,1,0.51743984
41674,MH-002_2022_R090_C170,MH-002,Gadchiroli,2022,90,170,19.601015,80.378781,MH-002_C14,test,cnn_test,1,0,1,0.7001837
41675,MH-002_2022_R090_C172,MH-002,Gadchiroli,2022,90,172,19.601015,80.37932,MH-002_C15,test,cnn_test,0,0,1,0.5650365
41676,MH-002_2022_R090_C173,MH-002,Gadchiroli,2022,90,173,19.601015,80.37959,MH-002_C15,test,cnn_test,0,0,1,0.65017825
41677,MH-002_2022_R090_C174,MH-002,Gadchiroli,2022,90,174,19.601015,80.379859,MH-002_C15,test,cnn_test,0,0,1,0.29904693
41678,MH-002_2022_R090_C175,MH-002,Gadchiroli,2022,90,175,19.601015,80.380129,MH-002_C15,test,cnn_test,0,0,1,0.39803976
41679,MH-002_2022_R090_C176,MH-002,Gadchiroli,2022,90,176,19.601015,80.380398,MH-002_C15,test,cnn_test,0,0,1,0.8622067
41759,MH-002_2022_R091_C161,MH-002,Gadchiroli,2022,91,161,19.600745,80.376356,MH-002_C14,test,cnn_test,0,0,0,0.008466173
41760,MH-002_2022_R091_C162,MH-002,Gadchiroli,2022,91,162,19.600745,80.376625,MH-002_C14,test,cnn_test,0,0,0,0.038856134
41761,MH-002_2022_R091_C163,MH-002,Gadchiroli,2022,91,163,19.600745,80.376895,MH-002_C14,test,cnn_test,0,0,0,0.03319442
41762,MH-002_2022_R091_C164,MH-002,Gadchiroli,2022,91,164,19.600745,80.377164,MH-002_C14,test,cnn_test,1,0,1,0.20413648
41763,MH-002_2022_R091_C165,MH-002,Gadchiroli,2022,91,165,19.600745,80.377434,MH-002_C14,test,cnn_test,1,0,1,0.5074927
41764,MH-002_2022_R091_C166,MH-002,Gadchiroli,2022,91,166,19.600745,80.377703,MH-002_C14,test,cnn_test,0,0,1,0.8785138
41765,MH-002_2022_R091_C167,MH-002,Gadchiroli,2022,91,167,19.600745,80.377973,MH-002_C14,test,cnn_test,1,0,1,0.9195334
41766,MH-002_2022_R091_C168,MH-002,Gadchiroli,2022,91,168,19.600745,80.378242,MH-002_C14,test,cnn_test,0,0,1,0.90706
41767,MH-002_2022_R091_C169,MH-002,Gadchiroli,2022,91,169,19.600745,80.378512,MH-002_C14,test,cnn_test,0,0,1,0.76917905
41768,MH-002_2022_R091_C170,MH-002,Gadchiroli,2022,91,170,19.600745,80.378781,MH-002_C14,test,cnn_test,0,0,1,0.7253808
41769,MH-002_2022_R091_C171,MH-002,Gadchiroli,2022,91,171,19.600745,80.379051,MH-002_C14,test,cnn_test,2,1,1,0.68633366
41770,MH-002_2022_R091_C173,MH-002,Gadchiroli,2022,91,173,19.600745,80.37959,MH-002_C15,test,cnn_test,0,0,1,0.5234504
41771,MH-002_2022_R091_C174,MH-002,Gadchiroli,2022,91,174,19.600745,80.379859,MH-002_C15,test,cnn_test,0,0,1,0.28515008
41772,MH-002_2022_R091_C175,MH-002,Gadchiroli,2022,91,175,19.600745,80.380129,MH-002_C15,test,cnn_test,0,0,1,0.36135602
41773,MH-002_2022_R091_C176,MH-002,Gadchiroli,2022,91,176,19.600745,80.380398,MH-002_C15,test,cnn_test,0,0,1,0.8188675
41853,MH-002_2022_R092_C161,MH-002,Gadchiroli,2022,92,161,19.600476,80.376356,MH-002_C14,test,cnn_test,0,0,0,0.09220448
41854,MH-002_2022_R092_C162,MH-002,Gadchiroli,2022,92,162,19.600476,80.376625,MH-002_C14,test,cnn_test,0,0,1,0.1409846
41855,MH-002_2022_R092_C163,MH-002,Gadchiroli,2022,92,163,19.600476,80.376895,MH-002_C14,test,cnn_test,0,0,0,0.07817699
41856,MH-002_2022_R092_C164,MH-002,Gadchiroli,2022,92,164,19.600476,80.377164,MH-002_C14,test,cnn_test,1,0,1,0.58610445
41857,MH-002_2022_R092_C165,MH-002,Gadchiroli,2022,92,165,19.600476,80.377434,MH-002_C14,test,cnn_test,1,0,1,0.6024759
41858,MH-002_2022_R092_C166,MH-002,Gadchiroli,2022,92,166,19.600476,80.377703,MH-002_C14,test,cnn_test,1,0,1,0.7126596
41859,MH-002_2022_R092_C167,MH-002,Gadchiroli,2022,92,167,19.600476,80.377973,MH-002_C14,test,cnn_test,2,1,1,0.7823304
41860,MH-002_2022_R092_C168,MH-002,Gadchiroli,2022,92,168,19.600476,80.378242,MH-002_C14,test,cnn_test,0,0,1,0.9189856
41861,MH-002_2022_R092_C169,MH-002,Gadchiroli,2022,92,169,19.600476,80.378512,MH-002_C14,test,cnn_test,0,0,1,0.89250994
41862,MH-002_2022_R092_C170,MH-002,Gadchiroli,2022,92,170,19.600476,80.378781,MH-002_C14,test,cnn_test,0,0,1,0.8815583
41863,MH-002_2022_R092_C171,MH-002,Gadchiroli,2022,92,171,19.600476,80.379051,MH-002_C14,test,cnn_test,1,0,1,0.7943322
41864,MH-002_2022_R092_C172,MH-002,Gadchiroli,2022,92,172,19.600476,80.37932,MH-002_C15,test,cnn_test,0,0,1,0.60087174
41865,MH-002_2022_R092_C173,MH-002,Gadchiroli,2022,92,173,19.600476,80.37959,MH-002_C15,test,cnn_test,0,0,1,0.54559886
41866,MH-002_2022_R092_C174,MH-002,Gadchiroli,2022,92,174,19.600476,80.379859,MH-002_C15,test,cnn_test,0,0,1,0.468585
41867,MH-002_2022_R092_C175,MH-002,Gadchiroli,2022,92,175,19.600476,80.380129,MH-002_C15,test,cnn_test,0,0,1,0.49469456
41868,MH-002_2022_R092_C176,MH-002,Gadchiroli,2022,92,176,19.600476,80.380398,MH-002_C15,test,cnn_test,0,0,1,0.9057582
41946,MH-002_2022_R093_C161,MH-002,Gadchiroli,2022,93,161,19.600206,80.376356,MH-002_C14,test,cnn_test,1,0,1,0.17578284
41947,MH-002_2022_R093_C162,MH-002,Gadchiroli,2022,93,162,19.600206,80.376625,MH-002_C14,test,cnn_test,1,0,1,0.2985485
41948,MH-002_2022_R093_C163,MH-002,Gadchiroli,2022,93,163,19.600206,80.376895,MH-002_C14,test,cnn_test,1,0,1,0.28297806
41949,MH-002_2022_R093_C164,MH-002,Gadchiroli,2022,93,164,19.600206,80.377164,MH-002_C14,test,cnn_test,1,0,1,0.7329733
41950,MH-002_2022_R093_C165,MH-002,Gadchiroli,2022,93,165,19.600206,80.377434,MH-002_C14,test,cnn_test,2,1,1,0.81295526
41951,MH-002_2022_R093_C166,MH-002,Gadchiroli,2022,93,166,19.600206,80.377703,MH-002_C14,test,cnn_test,0,0,1,0.5798721
41952,MH-002_2022_R093_C167,MH-002,Gadchiroli,2022,93,167,19.600206,80.377973,MH-002_C14,test,cnn_test,0,0,1,0.7708807
41953,MH-002_2022_R093_C168,MH-002,Gadchiroli,2022,93,168,19.600206,80.378242,MH-002_C14,test,cnn_test,1,0,1,0.88170135
41954,MH-002_2022_R093_C169,MH-002,Gadchiroli,2022,93,169,19.600206,80.378512,MH-002_C14,test,cnn_test,0,0,1,0.8276482
41955,MH-002_2022_R093_C170,MH-002,Gadchiroli,2022,93,170,19.600206,80.378781,MH-002_C14,test,cnn_test,0,0,1,0.8063657
41956,MH-002_2022_R093_C171,MH-002,Gadchiroli,2022,93,171,19.600206,80.379051,MH-002_C14,test,cnn_test,1,0,1,0.7621251
41957,MH-002_2022_R093_C172,MH-002,Gadchiroli,2022,93,172,19.600206,80.37932,MH-002_C15,test,cnn_test,1,0,1,0.62941325
41958,MH-002_2022_R093_C173,MH-002,Gadchiroli,2022,93,173,19.600206,80.37959,MH-002_C15,test,cnn_test,0,0,1,0.5443339
41959,MH-002_2022_R093_C174,MH-002,Gadchiroli,2022,93,174,19.600206,80.379859,MH-002_C15,test,cnn_test,0,0,1,0.43901578
41960,MH-002_2022_R093_C175,MH-002,Gadchiroli,2022,93,175,19.600206,80.380129,MH-002_C15,test,cnn_test,0,0,1,0.50179964
42030,MH-002_2022_R094_C161,MH-002,Gadchiroli,2022,94,161,19.599937,80.376356,MH-002_C14,test,cnn_test,1,0,1,0.8099568
42031,MH-002_2022_R094_C162,MH-002,Gadchiroli,2022,94,162,19.599937,80.376625,MH-002_C14,test,cnn_test,1,0,1,0.8101735
42032,MH-002_2022_R094_C163,MH-002,Gadchiroli,2022,94,163,19.599937,80.376895,MH-002_C14,test,cnn_test,1,0,1,0.84666914
42033,MH-002_2022_R094_C164,MH-002,Gadchiroli,2022,94,164,19.599937,80.377164,MH-002_C14,test,cnn_test,1,0,1,0.9124633
42034,MH-002_2022_R094_C165,MH-002,Gadchiroli,2022,94,165,19.599937,80.377434,MH-002_C14,test,cnn_test,0,0,1,0.86711234
42035,MH-002_2022_R094_C166,MH-002,Gadchiroli,2022,94,166,19.599937,80.377703,MH-002_C14,test,cnn_test,0,0,1,0.32680514
42036,MH-002_2022_R094_C167,MH-002,Gadchiroli,2022,94,167,19.599937,80.377973,MH-002_C14,test,cnn_test,0,0,1,0.50903744
42037,MH-002_2022_R094_C168,MH-002,Gadchiroli,2022,94,168,19.599937,80.378242,MH-002_C14,test,cnn_test,0,0,1,0.8614933
42038,MH-002_2022_R094_C169,MH-002,Gadchiroli,2022,94,169,19.599937,80.378512,MH-002_C14,test,cnn_test,0,0,1,0.83162457
42039,MH-002_2022_R094_C170,MH-002,Gadchiroli,2022,94,170,19.599937,80.378781,MH-002_C14,test,cnn_test,0,0,1,0.8420754
42040,MH-002_2022_R094_C171,MH-002,Gadchiroli,2022,94,171,19.599937,80.379051,MH-002_C14,test,cnn_test,0,0,1,0.75647026
42041,MH-002_2022_R094_C172,MH-002,Gadchiroli,2022,94,172,19.599937,80.37932,MH-002_C15,test,cnn_test,0,0,1,0.5013929
42042,MH-002_2022_R094_C173,MH-002,Gadchiroli,2022,94,173,19.599937,80.37959,MH-002_C15,test,cnn_test,0,0,1,0.44748217
42043,MH-002_2022_R094_C174,MH-002,Gadchiroli,2022,94,174,19.599937,80.379859,MH-002_C15,test,cnn_test,0,0,1,0.48321173
42044,MH-002_2022_R094_C175,MH-002,Gadchiroli,2022,94,175,19.599937,80.380129,MH-002_C15,test,cnn_test,0,0,1,0.4983172
42114,MH-002_2022_R095_C161,MH-002,Gadchiroli,2022,95,161,19.599667,80.376356,MH-002_C14,test,cnn_test,0,0,1,0.4855075
42115,MH-002_2022_R095_C162,MH-002,Gadchiroli,2022,95,162,19.599667,80.376625,MH-002_C14,test,cnn_test,0,0,1,0.76576954
42116,MH-002_2022_R095_C163,MH-002,Gadchiroli,2022,95,163,19.599667,80.376895,MH-002_C14,test,cnn_test,0,0,1,0.8182802
42117,MH-002_2022_R095_C164,MH-002,Gadchiroli,2022,95,164,19.599667,80.377164,MH-002_C14,test,cnn_test,1,0,1,0.9022404
42118,MH-002_2022_R095_C165,MH-002,Gadchiroli,2022,95,165,19.599667,80.377434,MH-002_C14,test,cnn_test,1,0,1,0.7114702
42119,MH-002_2022_R095_C166,MH-002,Gadchiroli,2022,95,166,19.599667,80.377703,MH-002_C14,test,cnn_test,0,0,1,0.4262107
42120,MH-002_2022_R095_C167,MH-002,Gadchiroli,2022,95,167,19.599667,80.377973,MH-002_C14,test,cnn_test,0,0,1,0.42860827
42121,MH-002_2022_R095_C168,MH-002,Gadchiroli,2022,95,168,19.599667,80.378242,MH-002_C14,test,cnn_test,0,0,1,0.7894548
42122,MH-002_2022_R095_C169,MH-002,Gadchiroli,2022,95,169,19.599667,80.378512,MH-002_C14,test,cnn_test,0,0,1,0.4956428
42123,MH-002_2022_R095_C170,MH-002,Gadchiroli,2022,95,170,19.599667,80.378781,MH-002_C14,test,cnn_test,0,0,1,0.65575206
42124,MH-002_2022_R095_C171,MH-002,Gadchiroli,2022,95,171,19.599667,80.379051,MH-002_C14,test,cnn_test,1,0,1,0.4699025
42125,MH-002_2022_R095_C172,MH-002,Gadchiroli,2022,95,172,19.599667,80.37932,MH-002_C15,test,cnn_test,1,0,1,0.42053065
42126,MH-002_2022_R095_C173,MH-002,Gadchiroli,2022,95,173,19.599667,80.37959,MH-002_C15,test,cnn_test,0,0,1,0.23821798
42127,MH-002_2022_R095_C174,MH-002,Gadchiroli,2022,95,174,19.599667,80.379859,MH-002_C15,test,cnn_test,0,0,1,0.3897936
42128,MH-002_2022_R095_C175,MH-002,Gadchiroli,2022,95,175,19.599667,80.380129,MH-002_C15,test,cnn_test,0,0,1,0.43115002
42129,MH-002_2022_R095_C176,MH-002,Gadchiroli,2022,95,176,19.599667,80.380398,MH-002_C15,test,cnn_test,0,0,1,0.8625621
42199,MH-002_2022_R096_C161,MH-002,Gadchiroli,2022,96,161,19.599398,80.376356,MH-002_C14,test,cnn_test,0,0,1,0.6975675
42200,MH-002_2022_R096_C162,MH-002,Gadchiroli,2022,96,162,19.599398,80.376625,MH-002_C14,test,cnn_test,0,0,1,0.8036868
42201,MH-002_2022_R096_C163,MH-002,Gadchiroli,2022,96,163,19.599398,80.376895,MH-002_C14,test,cnn_test,0,0,1,0.62701994
42202,MH-002_2022_R096_C164,MH-002,Gadchiroli,2022,96,164,19.599398,80.377164,MH-002_C14,test,cnn_test,1,0,1,0.84735864
42203,MH-002_2022_R096_C165,MH-002,Gadchiroli,2022,96,165,19.599398,80.377434,MH-002_C14,test,cnn_test,1,0,1,0.35538268
42204,MH-002_2022_R096_C166,MH-002,Gadchiroli,2022,96,166,19.599398,80.377703,MH-002_C14,test,cnn_test,1,0,0,0.09287176
42205,MH-002_2022_R096_C167,MH-002,Gadchiroli,2022,96,167,19.599398,80.377973,MH-002_C14,test,cnn_test,0,0,1,0.24718939
42206,MH-002_2022_R096_C168,MH-002,Gadchiroli,2022,96,168,19.599398,80.378242,MH-002_C14,test,cnn_test,1,0,1,0.5463823
42207,MH-002_2022_R096_C169,MH-002,Gadchiroli,2022,96,169,19.599398,80.378512,MH-002_C14,test,cnn_test,0,0,1,0.6100254
42208,MH-002_2022_R096_C170,MH-002,Gadchiroli,2022,96,170,19.599398,80.378781,MH-002_C14,test,cnn_test,0,0,1,0.7519946
42209,MH-002_2022_R096_C171,MH-002,Gadchiroli,2022,96,171,19.599398,80.379051,MH-002_C14,test,cnn_test,1,0,1,0.3254285
42210,MH-002_2022_R096_C172,MH-002,Gadchiroli,2022,96,172,19.599398,80.37932,MH-002_C15,test,cnn_test,1,0,1,0.2160306
42211,MH-002_2022_R096_C173,MH-002,Gadchiroli,2022,96,173,19.599398,80.37959,MH-002_C15,test,cnn_test,0,0,1,0.16801296
42212,MH-002_2022_R096_C174,MH-002,Gadchiroli,2022,96,174,19.599398,80.379859,MH-002_C15,test,cnn_test,0,0,1,0.37683594
42213,MH-002_2022_R096_C175,MH-002,Gadchiroli,2022,96,175,19.599398,80.380129,MH-002_C15,test,cnn_test,0,0,1,0.34297675
42214,MH-002_2022_R096_C176,MH-002,Gadchiroli,2022,96,176,19.599398,80.380398,MH-002_C15,test,cnn_test,0,0,1,0.86717016
42280,MH-002_2022_R097_C161,MH-002,Gadchiroli,2022,97,161,19.599128,80.376356,MH-002_C14,test,cnn_test,0,0,0,0.06273838
42281,MH-002_2022_R097_C162,MH-002,Gadchiroli,2022,97,162,19.599128,80.376625,MH-002_C14,test,cnn_test,0,0,1,0.5221221
42282,MH-002_2022_R097_C163,MH-002,Gadchiroli,2022,97,163,19.599128,80.376895,MH-002_C14,test,cnn_test,0,0,1,0.21356206
42283,MH-002_2022_R097_C164,MH-002,Gadchiroli,2022,97,164,19.599128,80.377164,MH-002_C14,test,cnn_test,0,0,1,0.6763378
42284,MH-002_2022_R097_C165,MH-002,Gadchiroli,2022,97,165,19.599128,80.377434,MH-002_C14,test,cnn_test,1,0,1,0.24079145
42285,MH-002_2022_R097_C166,MH-002,Gadchiroli,2022,97,166,19.599128,80.377703,MH-002_C14,test,cnn_test,0,0,1,0.12265961
42286,MH-002_2022_R097_C167,MH-002,Gadchiroli,2022,97,167,19.599128,80.377973,MH-002_C14,test,cnn_test,1,0,1,0.33992583
42287,MH-002_2022_R097_C168,MH-002,Gadchiroli,2022,97,168,19.599128,80.378242,MH-002_C14,test,cnn_test,1,0,1,0.33933336
42288,MH-002_2022_R097_C169,MH-002,Gadchiroli,2022,97,169,19.599128,80.378512,MH-002_C14,test,cnn_test,1,0,1,0.28620285
42289,MH-002_2022_R097_C170,MH-002,Gadchiroli,2022,97,170,19.599128,80.378781,MH-002_C14,test,cnn_test,0,0,1,0.68529826
42290,MH-002_2022_R097_C171,MH-002,Gadchiroli,2022,97,171,19.599128,80.379051,MH-002_C14,test,cnn_test,0,0,1,0.67913705
42291,MH-002_2022_R097_C172,MH-002,Gadchiroli,2022,97,172,19.599128,80.37932,MH-002_C15,test,cnn_test,0,0,1,0.7058968
42292,MH-002_2022_R097_C173,MH-002,Gadchiroli,2022,97,173,19.599128,80.37959,MH-002_C15,test,cnn_test,0,0,1,0.39104778
42293,MH-002_2022_R097_C174,MH-002,Gadchiroli,2022,97,174,19.599128,80.379859,MH-002_C15,test,cnn_test,0,0,1,0.6052953
42294,MH-002_2022_R097_C175,MH-002,Gadchiroli,2022,97,175,19.599128,80.380129,MH-002_C15,test,cnn_test,0,0,1,0.56879616
42295,MH-002_2022_R097_C176,MH-002,Gadchiroli,2022,97,176,19.599128,80.380398,MH-002_C15,test,cnn_test,0,0,1,0.9113113
42361,MH-002_2022_R098_C161,MH-002,Gadchiroli,2022,98,161,19.598859,80.376356,MH-002_C14,test,cnn_test,0,0,1,0.5484519
42362,MH-002_2022_R098_C162,MH-002,Gadchiroli,2022,98,162,19.598859,80.376625,MH-002_C14,test,cnn_test,0,0,1,0.7675499
42363,MH-002_2022_R098_C163,MH-002,Gadchiroli,2022,98,163,19.598859,80.376895,MH-002_C14,test,cnn_test,0,0,1,0.738521
42364,MH-002_2022_R098_C164,MH-002,Gadchiroli,2022,98,164,19.598859,80.377164,MH-002_C14,test,cnn_test,0,0,1,0.8809999
42365,MH-002_2022_R098_C165,MH-002,Gadchiroli,2022,98,165,19.598859,80.377434,MH-002_C14,test,cnn_test,0,0,1,0.44302052
42366,MH-002_2022_R098_C166,MH-002,Gadchiroli,2022,98,166,19.598859,80.377703,MH-002_C14,test,cnn_test,2,1,0,0.07209966
42367,MH-002_2022_R098_C167,MH-002,Gadchiroli,2022,98,167,19.598859,80.377973,MH-002_C14,test,cnn_test,1,0,1,0.3776838
42368,MH-002_2022_R098_C168,MH-002,Gadchiroli,2022,98,168,19.598859,80.378242,MH-002_C14,test,cnn_test,1,0,1,0.51000476
42369,MH-002_2022_R098_C169,MH-002,Gadchiroli,2022,98,169,19.598859,80.378512,MH-002_C14,test,cnn_test,0,0,1,0.69403684
42370,MH-002_2022_R098_C170,MH-002,Gadchiroli,2022,98,170,19.598859,80.378781,MH-002_C14,test,cnn_test,1,0,1,0.7196114
42371,MH-002_2022_R098_C171,MH-002,Gadchiroli,2022,98,171,19.598859,80.379051,MH-002_C14,test,cnn_test,0,0,1,0.57201225
42372,MH-002_2022_R098_C172,MH-002,Gadchiroli,2022,98,172,19.598859,80.37932,MH-002_C15,test,cnn_test,0,0,1,0.6005883
42373,MH-002_2022_R098_C173,MH-002,Gadchiroli,2022,98,173,19.598859,80.37959,MH-002_C15,test,cnn_test,0,0,1,0.42567414
42374,MH-002_2022_R098_C174,MH-002,Gadchiroli,2022,98,174,19.598859,80.379859,MH-002_C15,test,cnn_test,0,0,1,0.82076216
42375,MH-002_2022_R098_C175,MH-002,Gadchiroli,2022,98,175,19.598859,80.380129,MH-002_C15,test,cnn_test,0,0,1,0.71535623
42376,MH-002_2022_R098_C176,MH-002,Gadchiroli,2022,98,176,19.598859,80.380398,MH-002_C15,test,cnn_test,0,0,1,0.94406843
42443,MH-002_2022_R099_C161,MH-002,Gadchiroli,2022,99,161,19.598589,80.376356,MH-002_C14,test,cnn_test,1,0,0,0.06276463
42444,MH-002_2022_R099_C162,MH-002,Gadchiroli,2022,99,162,19.598589,80.376625,MH-002_C14,test,cnn_test,1,0,1,0.31727937
42445,MH-002_2022_R099_C163,MH-002,Gadchiroli,2022,99,163,19.598589,80.376895,MH-002_C14,test,cnn_test,1,0,1,0.4783879
42446,MH-002_2022_R099_C164,MH-002,Gadchiroli,2022,99,164,19.598589,80.377164,MH-002_C14,test,cnn_test,2,1,1,0.8220897
42447,MH-002_2022_R099_C165,MH-002,Gadchiroli,2022,99,165,19.598589,80.377434,MH-002_C14,test,cnn_test,1,0,1,0.40388286
42448,MH-002_2022_R099_C166,MH-002,Gadchiroli,2022,99,166,19.598589,80.377703,MH-002_C14,test,cnn_test,2,1,1,0.14113486
42449,MH-002_2022_R099_C167,MH-002,Gadchiroli,2022,99,167,19.598589,80.377973,MH-002_C14,test,cnn_test,2,1,1,0.4363622
42450,MH-002_2022_R099_C168,MH-002,Gadchiroli,2022,99,168,19.598589,80.378242,MH-002_C14,test,cnn_test,2,1,1,0.45171273
42451,MH-002_2022_R099_C169,MH-002,Gadchiroli,2022,99,169,19.598589,80.378512,MH-002_C14,test,cnn_test,0,0,1,0.5044542
42452,MH-002_2022_R099_C170,MH-002,Gadchiroli,2022,99,170,19.598589,80.378781,MH-002_C14,test,cnn_test,0,0,1,0.61471957
42453,MH-002_2022_R099_C171,MH-002,Gadchiroli,2022,99,171,19.598589,80.379051,MH-002_C14,test,cnn_test,0,0,1,0.81231123
42454,MH-002_2022_R099_C172,MH-002,Gadchiroli,2022,99,172,19.598589,80.37932,MH-002_C15,test,cnn_test,0,0,1,0.7274939
42455,MH-002_2022_R099_C173,MH-002,Gadchiroli,2022,99,173,19.598589,80.37959,MH-002_C15,test,cnn_test,0,0,1,0.7364682
42456,MH-002_2022_R099_C174,MH-002,Gadchiroli,2022,99,174,19.598589,80.379859,MH-002_C15,test,cnn_test,0,0,1,0.91114867
42457,MH-002_2022_R099_C175,MH-002,Gadchiroli,2022,99,175,19.598589,80.380129,MH-002_C15,test,cnn_test,0,0,1,0.8808731
42458,MH-002_2022_R099_C176,MH-002,Gadchiroli,2022,99,176,19.598589,80.380398,MH-002_C15,test,cnn_test,0,0,1,0.9453023
42523,MH-002_2022_R100_C161,MH-002,Gadchiroli,2022,100,161,19.59832,80.376356,MH-002_C14,test,cnn_test,0,0,0,0.07450111
42524,MH-002_2022_R100_C162,MH-002,Gadchiroli,2022,100,162,19.59832,80.376625,MH-002_C14,test,cnn_test,1,0,1,0.14048679
42525,MH-002_2022_R100_C163,MH-002,Gadchiroli,2022,100,163,19.59832,80.376895,MH-002_C14,test,cnn_test,1,0,1,0.3943412
42526,MH-002_2022_R100_C164,MH-002,Gadchiroli,2022,100,164,19.59832,80.377164,MH-002_C14,test,cnn_test,1,0,1,0.87489355
42527,MH-002_2022_R100_C165,MH-002,Gadchiroli,2022,100,165,19.59832,80.377434,MH-002_C14,test,cnn_test,1,0,1,0.5082821
42528,MH-002_2022_R100_C166,MH-002,Gadchiroli,2022,100,166,19.59832,80.377703,MH-002_C14,test,cnn_test,2,1,0,0.0839062
42529,MH-002_2022_R100_C167,MH-002,Gadchiroli,2022,100,167,19.59832,80.377973,MH-002_C14,test,cnn_test,2,1,1,0.4571947
42530,MH-002_2022_R100_C168,MH-002,Gadchiroli,2022,100,168,19.59832,80.378242,MH-002_C14,test,cnn_test,2,1,1,0.7768931
42531,MH-002_2022_R100_C169,MH-002,Gadchiroli,2022,100,169,19.59832,80.378512,MH-002_C14,test,cnn_test,1,0,1,0.8005921
42532,MH-002_2022_R100_C170,MH-002,Gadchiroli,2022,100,170,19.59832,80.378781,MH-002_C14,test,cnn_test,0,0,1,0.51916367
42533,MH-002_2022_R100_C171,MH-002,Gadchiroli,2022,100,171,19.59832,80.379051,MH-002_C14,test,cnn_test,0,0,1,0.5427976
42534,MH-002_2022_R100_C172,MH-002,Gadchiroli,2022,100,172,19.59832,80.37932,MH-002_C15,test,cnn_test,0,0,1,0.527105
42535,MH-002_2022_R100_C173,MH-002,Gadchiroli,2022,100,173,19.59832,80.37959,MH-002_C15,test,cnn_test,0,0,1,0.76572865
42536,MH-002_2022_R100_C174,MH-002,Gadchiroli,2022,100,174,19.59832,80.379859,MH-002_C15,test,cnn_test,0,0,1,0.9136858
42537,MH-002_2022_R100_C175,MH-002,Gadchiroli,2022,100,175,19.59832,80.380129,MH-002_C15,test,cnn_test,0,0,1,0.8518628
42538,MH-002_2022_R100_C176,MH-002,Gadchiroli,2022,100,176,19.59832,80.380398,MH-002_C15,test,cnn_test,0,0,1,0.89701617
42603,MH-002_2022_R101_C161,MH-002,Gadchiroli,2022,101,161,19.59805,80.376356,MH-002_C14,test,cnn_test,0,0,0,0.005673837
42604,MH-002_2022_R101_C162,MH-002,Gadchiroli,2022,101,162,19.59805,80.376625,MH-002_C14,test,cnn_test,0,0,0,0.011201726
42605,MH-002_2022_R101_C163,MH-002,Gadchiroli,2022,101,163,19.59805,80.376895,MH-002_C14,test,cnn_test,1,0,0,0.0702105
42606,MH-002_2022_R101_C164,MH-002,Gadchiroli,2022,101,164,19.59805,80.377164,MH-002_C14,test,cnn_test,2,1,1,0.24074315
42607,MH-002_2022_R101_C165,MH-002,Gadchiroli,2022,101,165,19.59805,80.377434,MH-002_C14,test,cnn_test,2,1,1,0.5497507
42608,MH-002_2022_R101_C166,MH-002,Gadchiroli,2022,101,166,19.59805,80.377703,MH-002_C14,test,cnn_test,2,1,1,0.22545832
42609,MH-002_2022_R101_C167,MH-002,Gadchiroli,2022,101,167,19.59805,80.377973,MH-002_C14,test,cnn_test,1,0,1,0.6405456
42610,MH-002_2022_R101_C168,MH-002,Gadchiroli,2022,101,168,19.59805,80.378242,MH-002_C14,test,cnn_test,0,0,1,0.66119266
42611,MH-002_2022_R101_C169,MH-002,Gadchiroli,2022,101,169,19.59805,80.378512,MH-002_C14,test,cnn_test,1,0,1,0.52686596
42612,MH-002_2022_R101_C170,MH-002,Gadchiroli,2022,101,170,19.59805,80.378781,MH-002_C14,test,cnn_test,1,0,1,0.16107601
42613,MH-002_2022_R101_C171,MH-002,Gadchiroli,2022,101,171,19.59805,80.379051,MH-002_C14,test,cnn_test,1,0,1,0.16178218
42614,MH-002_2022_R101_C172,MH-002,Gadchiroli,2022,101,172,19.59805,80.37932,MH-002_C15,test,cnn_test,0,0,1,0.11963218
42615,MH-002_2022_R101_C173,MH-002,Gadchiroli,2022,101,173,19.59805,80.37959,MH-002_C15,test,cnn_test,0,0,1,0.22148846
42616,MH-002_2022_R101_C174,MH-002,Gadchiroli,2022,101,174,19.59805,80.379859,MH-002_C15,test,cnn_test,0,0,1,0.7292582
42617,MH-002_2022_R101_C175,MH-002,Gadchiroli,2022,101,175,19.59805,80.380129,MH-002_C15,test,cnn_test,0,0,1,0.37417898
42618,MH-002_2022_R101_C176,MH-002,Gadchiroli,2022,101,176,19.59805,80.380398,MH-002_C15,test,cnn_test,0,0,1,0.78275067
42674,MH-002_2022_R102_C161,MH-002,Gadchiroli,2022,102,161,19.597781,80.376356,MH-002_C14,test,cnn_test,0,0,1,0.26550213
42675,MH-002_2022_R102_C162,MH-002,Gadchiroli,2022,102,162,19.597781,80.376625,MH-002_C14,test,cnn_test,0,0,1,0.36318925
42676,MH-002_2022_R102_C163,MH-002,Gadchiroli,2022,102,163,19.597781,80.376895,MH-002_C14,test,cnn_test,2,1,1,0.6364002
42677,MH-002_2022_R102_C164,MH-002,Gadchiroli,2022,102,164,19.597781,80.377164,MH-002_C14,test,cnn_test,2,1,1,0.85839546
42678,MH-002_2022_R102_C165,MH-002,Gadchiroli,2022,102,165,19.597781,80.377434,MH-002_C14,test,cnn_test,2,1,1,0.7993452
42679,MH-002_2022_R102_C166,MH-002,Gadchiroli,2022,102,166,19.597781,80.377703,MH-002_C14,test,cnn_test,1,0,1,0.20287159
42680,MH-002_2022_R102_C167,MH-002,Gadchiroli,2022,102,167,19.597781,80.377973,MH-002_C14,test,cnn_test,1,0,1,0.43443403
42681,MH-002_2022_R102_C168,MH-002,Gadchiroli,2022,102,168,19.597781,80.378242,MH-002_C14,test,cnn_test,1,0,1,0.5900169
42682,MH-002_2022_R102_C169,MH-002,Gadchiroli,2022,102,169,19.597781,80.378512,MH-002_C14,test,cnn_test,2,1,1,0.2563736
42683,MH-002_2022_R102_C170,MH-002,Gadchiroli,2022,102,170,19.597781,80.378781,MH-002_C14,test,cnn_test,2,1,0,0.05018108
42684,MH-002_2022_R102_C171,MH-002,Gadchiroli,2022,102,171,19.597781,80.379051,MH-002_C14,test,cnn_test,2,1,0,0.014917367
42685,MH-002_2022_R102_C172,MH-002,Gadchiroli,2022,102,172,19.597781,80.37932,MH-002_C15,test,cnn_test,0,0,0,0.013702534
42686,MH-002_2022_R102_C173,MH-002,Gadchiroli,2022,102,173,19.597781,80.37959,MH-002_C15,test,cnn_test,0,0,0,0.040242895
42687,MH-002_2022_R102_C174,MH-002,Gadchiroli,2022,102,174,19.597781,80.379859,MH-002_C15,test,cnn_test,0,0,1,0.14359896
42688,MH-002_2022_R102_C175,MH-002,Gadchiroli,2022,102,175,19.597781,80.380129,MH-002_C15,test,cnn_test,0,0,1,0.15583959
42689,MH-002_2022_R102_C176,MH-002,Gadchiroli,2022,102,176,19.597781,80.380398,MH-002_C15,test,cnn_test,0,0,1,0.26561943
42743,MH-002_2022_R103_C161,MH-002,Gadchiroli,2022,103,161,19.597511,80.376356,MH-002_C14,test,cnn_test,0,0,0,0.09454155
42744,MH-002_2022_R103_C162,MH-002,Gadchiroli,2022,103,162,19.597511,80.376625,MH-002_C14,test,cnn_test,0,0,0,0.08820956
42745,MH-002_2022_R103_C163,MH-002,Gadchiroli,2022,103,163,19.597511,80.376895,MH-002_C14,test,cnn_test,1,0,1,0.5948673
42746,MH-002_2022_R103_C164,MH-002,Gadchiroli,2022,103,164,19.597511,80.377164,MH-002_C14,test,cnn_test,2,1,1,0.69957834
42747,MH-002_2022_R103_C165,MH-002,Gadchiroli,2022,103,165,19.597511,80.377434,MH-002_C14,test,cnn_test,1,0,1,0.8031582
42748,MH-002_2022_R103_C166,MH-002,Gadchiroli,2022,103,166,19.597511,80.377703,MH-002_C14,test,cnn_test,1,0,1,0.5600214
42749,MH-002_2022_R103_C167,MH-002,Gadchiroli,2022,103,167,19.597511,80.377973,MH-002_C14,test,cnn_test,0,0,1,0.696695
42750,MH-002_2022_R103_C168,MH-002,Gadchiroli,2022,103,168,19.597511,80.378242,MH-002_C14,test,cnn_test,1,0,1,0.6302991
42751,MH-002_2022_R103_C169,MH-002,Gadchiroli,2022,103,169,19.597511,80.378512,MH-002_C14,test,cnn_test,2,1,1,0.6207189
42752,MH-002_2022_R103_C170,MH-002,Gadchiroli,2022,103,170,19.597511,80.378781,MH-002_C14,test,cnn_test,2,1,0,0.027615983
42753,MH-002_2022_R103_C171,MH-002,Gadchiroli,2022,103,171,19.597511,80.379051,MH-002_C14,test,cnn_test,0,0,0,0.014314077
42754,MH-002_2022_R103_C172,MH-002,Gadchiroli,2022,103,172,19.597511,80.37932,MH-002_C15,test,cnn_test,0,0,0,0.0071348497
42755,MH-002_2022_R103_C173,MH-002,Gadchiroli,2022,103,173,19.597511,80.37959,MH-002_C15,test,cnn_test,0,0,0,0.024985226
42756,MH-002_2022_R103_C174,MH-002,Gadchiroli,2022,103,174,19.597511,80.379859,MH-002_C15,test,cnn_test,0,0,0,0.046765435
42757,MH-002_2022_R103_C175,MH-002,Gadchiroli,2022,103,175,19.597511,80.380129,MH-002_C15,test,cnn_test,0,0,0,0.028644526
42758,MH-002_2022_R103_C176,MH-002,Gadchiroli,2022,103,176,19.597511,80.380398,MH-002_C15,test,cnn_test,0,0,0,0.03907208
42816,MH-002_2022_R104_C161,MH-002,Gadchiroli,2022,104,161,19.597242,80.376356,MH-002_C14,test,cnn_test,1,0,1,0.29717198
42817,MH-002_2022_R104_C162,MH-002,Gadchiroli,2022,104,162,19.597242,80.376625,MH-002_C14,test,cnn_test,0,0,1,0.56798637
42818,MH-002_2022_R104_C163,MH-002,Gadchiroli,2022,104,163,19.597242,80.376895,MH-002_C14,test,cnn_test,0,0,1,0.7445495
42819,MH-002_2022_R104_C164,MH-002,Gadchiroli,2022,104,164,19.597242,80.377164,MH-002_C14,test,cnn_test,2,1,1,0.84453166
42820,MH-002_2022_R104_C165,MH-002,Gadchiroli,2022,104,165,19.597242,80.377434,MH-002_C14,test,cnn_test,2,1,1,0.8581117
42821,MH-002_2022_R104_C166,MH-002,Gadchiroli,2022,104,166,19.597242,80.377703,MH-002_C14,test,cnn_test,1,0,1,0.8048545
42822,MH-002_2022_R104_C167,MH-002,Gadchiroli,2022,104,167,19.597242,80.377973,MH-002_C14,test,cnn_test,1,0,1,0.7635919
42823,MH-002_2022_R104_C168,MH-002,Gadchiroli,2022,104,168,19.597242,80.378242,MH-002_C14,test,cnn_test,0,0,1,0.64203155
42824,MH-002_2022_R104_C169,MH-002,Gadchiroli,2022,104,169,19.597242,80.378512,MH-002_C14,test,cnn_test,0,0,1,0.27644983
42825,MH-002_2022_R104_C170,MH-002,Gadchiroli,2022,104,170,19.597242,80.378781,MH-002_C14,test,cnn_test,1,0,0,0.07362342
42826,MH-002_2022_R104_C171,MH-002,Gadchiroli,2022,104,171,19.597242,80.379051,MH-002_C14,test,cnn_test,0,0,0,0.047498338
42827,MH-002_2022_R104_C172,MH-002,Gadchiroli,2022,104,172,19.597242,80.37932,MH-002_C15,test,cnn_test,0,0,0,0.019424815
42828,MH-002_2022_R104_C173,MH-002,Gadchiroli,2022,104,173,19.597242,80.37959,MH-002_C15,test,cnn_test,0,0,0,0.026875684
42829,MH-002_2022_R104_C174,MH-002,Gadchiroli,2022,104,174,19.597242,80.379859,MH-002_C15,test,cnn_test,0,0,0,0.029871564
42830,MH-002_2022_R104_C175,MH-002,Gadchiroli,2022,104,175,19.597242,80.380129,MH-002_C15,test,cnn_test,0,0,0,0.022059051
42831,MH-002_2022_R104_C176,MH-002,Gadchiroli,2022,104,176,19.597242,80.380398,MH-002_C15,test,cnn_test,0,0,0,0.036592852
42893,MH-002_2022_R105_C161,MH-002,Gadchiroli,2022,105,161,19.596973,80.376356,MH-002_C14,test,cnn_test,0,0,0,0.078527026
42894,MH-002_2022_R105_C162,MH-002,Gadchiroli,2022,105,162,19.596973,80.376625,MH-002_C14,test,cnn_test,1,0,1,0.5207289
42895,MH-002_2022_R105_C163,MH-002,Gadchiroli,2022,105,163,19.596973,80.376895,MH-002_C14,test,cnn_test,0,0,1,0.10669532
42896,MH-002_2022_R105_C164,MH-002,Gadchiroli,2022,105,164,19.596973,80.377164,MH-002_C14,test,cnn_test,2,1,1,0.52658963
42897,MH-002_2022_R105_C165,MH-002,Gadchiroli,2022,105,165,19.596973,80.377434,MH-002_C14,test,cnn_test,2,1,1,0.23199041
42898,MH-002_2022_R105_C166,MH-002,Gadchiroli,2022,105,166,19.596973,80.377703,MH-002_C14,test,cnn_test,0,0,1,0.66109854
42899,MH-002_2022_R105_C167,MH-002,Gadchiroli,2022,105,167,19.596973,80.377973,MH-002_C14,test,cnn_test,0,0,1,0.107071355
42900,MH-002_2022_R105_C168,MH-002,Gadchiroli,2022,105,168,19.596973,80.378242,MH-002_C14,test,cnn_test,0,0,1,0.27830708
42901,MH-002_2022_R105_C169,MH-002,Gadchiroli,2022,105,169,19.596973,80.378512,MH-002_C14,test,cnn_test,0,0,0,0.05512986
42902,MH-002_2022_R105_C170,MH-002,Gadchiroli,2022,105,170,19.596973,80.378781,MH-002_C14,test,cnn_test,0,0,0,0.025190221
42903,MH-002_2022_R105_C171,MH-002,Gadchiroli,2022,105,171,19.596973,80.379051,MH-002_C14,test,cnn_test,0,0,0,0.011647212
42904,MH-002_2022_R105_C172,MH-002,Gadchiroli,2022,105,172,19.596973,80.37932,MH-002_C15,test,cnn_test,0,0,0,0.014776485
42905,MH-002_2022_R105_C173,MH-002,Gadchiroli,2022,105,173,19.596973,80.37959,MH-002_C15,test,cnn_test,0,0,0,0.0062998137
42906,MH-002_2022_R105_C174,MH-002,Gadchiroli,2022,105,174,19.596973,80.379859,MH-002_C15,test,cnn_test,0,0,0,0.0068936353
42907,MH-002_2022_R105_C175,MH-002,Gadchiroli,2022,105,175,19.596973,80.380129,MH-002_C15,test,cnn_test,0,0,0,0.0025391453
42908,MH-002_2022_R105_C176,MH-002,Gadchiroli,2022,105,176,19.596973,80.380398,MH-002_C15,test,cnn_test,0,0,0,0.0048554335
42973,MH-002_2022_R106_C161,MH-002,Gadchiroli,2022,106,161,19.596703,80.376356,MH-002_C14,test,cnn_test,0,0,1,0.14189851
42974,MH-002_2022_R106_C162,MH-002,Gadchiroli,2022,106,162,19.596703,80.376625,MH-002_C14,test,cnn_test,1,0,1,0.17524074
42975,MH-002_2022_R106_C163,MH-002,Gadchiroli,2022,106,163,19.596703,80.376895,MH-002_C14,test,cnn_test,0,0,0,0.0637073
42976,MH-002_2022_R106_C164,MH-002,Gadchiroli,2022,106,164,19.596703,80.377164,MH-002_C14,test,cnn_test,0,0,1,0.39126414
42977,MH-002_2022_R106_C165,MH-002,Gadchiroli,2022,106,165,19.596703,80.377434,MH-002_C14,test,cnn_test,2,1,1,0.51009583
42978,MH-002_2022_R106_C166,MH-002,Gadchiroli,2022,106,166,19.596703,80.377703,MH-002_C14,test,cnn_test,1,0,1,0.75667936
42979,MH-002_2022_R106_C167,MH-002,Gadchiroli,2022,106,167,19.596703,80.377973,MH-002_C14,test,cnn_test,1,0,0,0.076920405
42980,MH-002_2022_R106_C168,MH-002,Gadchiroli,2022,106,168,19.596703,80.378242,MH-002_C14,test,cnn_test,1,0,0,0.061207768
42981,MH-002_2022_R106_C169,MH-002,Gadchiroli,2022,106,169,19.596703,80.378512,MH-002_C14,test,cnn_test,0,0,0,0.008331314
42982,MH-002_2022_R106_C170,MH-002,Gadchiroli,2022,106,170,19.596703,80.378781,MH-002_C14,test,cnn_test,0,0,0,0.009053904
42983,MH-002_2022_R106_C171,MH-002,Gadchiroli,2022,106,171,19.596703,80.379051,MH-002_C14,test,cnn_test,0,0,0,0.013032034
42984,MH-002_2022_R106_C172,MH-002,Gadchiroli,2022,106,172,19.596703,80.37932,MH-002_C15,test,cnn_test,0,0,0,0.012672005
42985,MH-002_2022_R106_C173,MH-002,Gadchiroli,2022,106,173,19.596703,80.37959,MH-002_C15,test,cnn_test,0,0,0,0.0033337004
42986,MH-002_2022_R106_C174,MH-002,Gadchiroli,2022,106,174,19.596703,80.379859,MH-002_C15,test,cnn_test,0,0,0,0.002908351
42987,MH-002_2022_R106_C175,MH-002,Gadchiroli,2022,106,175,19.596703,80.380129,MH-002_C15,test,cnn_test,0,0,0,0.0017306297
42988,MH-002_2022_R106_C176,MH-002,Gadchiroli,2022,106,176,19.596703,80.380398,MH-002_C15,test,cnn_test,0,0,0,0.0017720633
43052,MH-002_2022_R107_C161,MH-002,Gadchiroli,2022,107,161,19.596434,80.376356,MH-002_C14,test,cnn_test,2,1,0,0.034562342
43053,MH-002_2022_R107_C162,MH-002,Gadchiroli,2022,107,162,19.596434,80.376625,MH-002_C14,test,cnn_test,2,1,1,0.629214
43054,MH-002_2022_R107_C163,MH-002,Gadchiroli,2022,107,163,19.596434,80.376895,MH-002_C14,test,cnn_test,2,1,0,0.044854134
43055,MH-002_2022_R107_C164,MH-002,Gadchiroli,2022,107,164,19.596434,80.377164,MH-002_C14,test,cnn_test,1,0,1,0.58907646
43056,MH-002_2022_R107_C165,MH-002,Gadchiroli,2022,107,165,19.596434,80.377434,MH-002_C14,test,cnn_test,0,0,1,0.2748708
43057,MH-002_2022_R107_C166,MH-002,Gadchiroli,2022,107,166,19.596434,80.377703,MH-002_C14,test,cnn_test,0,0,1,0.8713522
43058,MH-002_2022_R107_C167,MH-002,Gadchiroli,2022,107,167,19.596434,80.377973,MH-002_C14,test,cnn_test,1,0,0,0.06643854
43059,MH-002_2022_R107_C168,MH-002,Gadchiroli,2022,107,168,19.596434,80.378242,MH-002_C14,test,cnn_test,1,0,0,0.070216104
43060,MH-002_2022_R107_C169,MH-002,Gadchiroli,2022,107,169,19.596434,80.378512,MH-002_C14,test,cnn_test,0,0,0,0.005042318
43061,MH-002_2022_R107_C170,MH-002,Gadchiroli,2022,107,170,19.596434,80.378781,MH-002_C14,test,cnn_test,0,0,0,0.0034400143
43062,MH-002_2022_R107_C171,MH-002,Gadchiroli,2022,107,171,19.596434,80.379051,MH-002_C14,test,cnn_test,0,0,0,0.0015018921
43063,MH-002_2022_R107_C172,MH-002,Gadchiroli,2022,107,172,19.596434,80.37932,MH-002_C15,test,cnn_test,0,0,0,0.006220741
43064,MH-002_2022_R107_C173,MH-002,Gadchiroli,2022,107,173,19.596434,80.37959,MH-002_C15,test,cnn_test,0,0,0,0.0014177785
43065,MH-002_2022_R107_C174,MH-002,Gadchiroli,2022,107,174,19.596434,80.379859,MH-002_C15,test,cnn_test,0,0,0,0.0014401327
43066,MH-002_2022_R107_C175,MH-002,Gadchiroli,2022,107,175,19.596434,80.380129,MH-002_C15,test,cnn_test,0,0,0,0.00097623223
43067,MH-002_2022_R107_C176,MH-002,Gadchiroli,2022,107,176,19.596434,80.380398,MH-002_C15,test,cnn_test,0,0,0,0.0013321013
43131,MH-002_2022_R108_C161,MH-002,Gadchiroli,2022,108,161,19.596164,80.376356,MH-002_C14,test,cnn_test,2,1,1,0.14344123
43132,MH-002_2022_R108_C162,MH-002,Gadchiroli,2022,108,162,19.596164,80.376625,MH-002_C14,test,cnn_test,2,1,1,0.2506417
43133,MH-002_2022_R108_C163,MH-002,Gadchiroli,2022,108,163,19.596164,80.376895,MH-002_C14,test,cnn_test,1,0,1,0.2253375
43134,MH-002_2022_R108_C164,MH-002,Gadchiroli,2022,108,164,19.596164,80.377164,MH-002_C14,test,cnn_test,1,0,1,0.59040254
43135,MH-002_2022_R108_C165,MH-002,Gadchiroli,2022,108,165,19.596164,80.377434,MH-002_C14,test,cnn_test,2,1,1,0.65442675
43136,MH-002_2022_R108_C166,MH-002,Gadchiroli,2022,108,166,19.596164,80.377703,MH-002_C14,test,cnn_test,2,1,1,0.8481945
43137,MH-002_2022_R108_C167,MH-002,Gadchiroli,2022,108,167,19.596164,80.377973,MH-002_C14,test,cnn_test,1,0,1,0.21791296
43138,MH-002_2022_R108_C168,MH-002,Gadchiroli,2022,108,168,19.596164,80.378242,MH-002_C14,test,cnn_test,0,0,1,0.16117395
43139,MH-002_2022_R108_C169,MH-002,Gadchiroli,2022,108,169,19.596164,80.378512,MH-002_C14,test,cnn_test,0,0,0,0.010766386
43140,MH-002_2022_R108_C170,MH-002,Gadchiroli,2022,108,170,19.596164,80.378781,MH-002_C14,test,cnn_test,0,0,0,0.01975305
43141,MH-002_2022_R108_C171,MH-002,Gadchiroli,2022,108,171,19.596164,80.379051,MH-002_C14,test,cnn_test,0,0,0,0.03132532
43142,MH-002_2022_R108_C172,MH-002,Gadchiroli,2022,108,172,19.596164,80.37932,MH-002_C15,test,cnn_test,0,0,0,0.037671205
43143,MH-002_2022_R108_C173,MH-002,Gadchiroli,2022,108,173,19.596164,80.37959,MH-002_C15,test,cnn_test,0,0,0,0.0047371737
43144,MH-002_2022_R108_C174,MH-002,Gadchiroli,2022,108,174,19.596164,80.379859,MH-002_C15,test,cnn_test,0,0,0,0.0049012573
43145,MH-002_2022_R108_C175,MH-002,Gadchiroli,2022,108,175,19.596164,80.380129,MH-002_C15,test,cnn_test,0,0,0,0.0024066693
43146,MH-002_2022_R108_C176,MH-002,Gadchiroli,2022,108,176,19.596164,80.380398,MH-002_C15,test,cnn_test,0,0,0,0.0027321877
47415,MH-002_2023_R058_C161,MH-002,Gadchiroli,2023,58,161,19.609639,80.376356,MH-002_C14,test,cnn_test,0,0,1,0.11549901
47490,MH-002_2023_R059_C161,MH-002,Gadchiroli,2023,59,161,19.609369,80.376356,MH-002_C14,test,cnn_test,0,0,1,0.24379604
47491,MH-002_2023_R059_C162,MH-002,Gadchiroli,2023,59,162,19.609369,80.376625,MH-002_C14,test,cnn_test,0,0,1,0.39462656
47565,MH-002_2023_R060_C161,MH-002,Gadchiroli,2023,60,161,19.6091,80.376356,MH-002_C14,test,cnn_test,0,0,1,0.18128178
47566,MH-002_2023_R060_C162,MH-002,Gadchiroli,2023,60,162,19.6091,80.376625,MH-002_C14,test,cnn_test,0,0,1,0.5108287
47567,MH-002_2023_R060_C163,MH-002,Gadchiroli,2023,60,163,19.6091,80.376895,MH-002_C14,test,cnn_test,0,0,1,0.107615575
47640,MH-002_2023_R061_C161,MH-002,Gadchiroli,2023,61,161,19.60883,80.376356,MH-002_C14,test,cnn_test,0,0,1,0.31975362
47641,MH-002_2023_R061_C162,MH-002,Gadchiroli,2023,61,162,19.60883,80.376625,MH-002_C14,test,cnn_test,0,0,1,0.39435264
47642,MH-002_2023_R061_C163,MH-002,Gadchiroli,2023,61,163,19.60883,80.376895,MH-002_C14,test,cnn_test,0,0,1,0.105426244
47643,MH-002_2023_R061_C164,MH-002,Gadchiroli,2023,61,164,19.60883,80.377164,MH-002_C14,test,cnn_test,0,0,1,0.55931854
47711,MH-002_2023_R062_C161,MH-002,Gadchiroli,2023,62,161,19.608561,80.376356,MH-002_C14,test,cnn_test,0,0,1,0.32482016
47712,MH-002_2023_R062_C162,MH-002,Gadchiroli,2023,62,162,19.608561,80.376625,MH-002_C14,test,cnn_test,0,0,1,0.62159395
47713,MH-002_2023_R062_C163,MH-002,Gadchiroli,2023,62,163,19.608561,80.376895,MH-002_C14,test,cnn_test,0,0,1,0.19808234
47714,MH-002_2023_R062_C164,MH-002,Gadchiroli,2023,62,164,19.608561,80.377164,MH-002_C14,test,cnn_test,0,0,1,0.60637975
47715,MH-002_2023_R062_C165,MH-002,Gadchiroli,2023,62,165,19.608561,80.377434,MH-002_C14,test,cnn_test,0,0,1,0.44968328
47775,MH-002_2023_R063_C161,MH-002,Gadchiroli,2023,63,161,19.608291,80.376356,MH-002_C14,test,cnn_test,0,0,1,0.5790731
47776,MH-002_2023_R063_C162,MH-002,Gadchiroli,2023,63,162,19.608291,80.376625,MH-002_C14,test,cnn_test,0,0,1,0.54163074
47777,MH-002_2023_R063_C163,MH-002,Gadchiroli,2023,63,163,19.608291,80.376895,MH-002_C14,test,cnn_test,0,0,1,0.2669995
47778,MH-002_2023_R063_C164,MH-002,Gadchiroli,2023,63,164,19.608291,80.377164,MH-002_C14,test,cnn_test,0,0,1,0.6426843
47779,MH-002_2023_R063_C165,MH-002,Gadchiroli,2023,63,165,19.608291,80.377434,MH-002_C14,test,cnn_test,0,0,1,0.676599
47780,MH-002_2023_R063_C166,MH-002,Gadchiroli,2023,63,166,19.608291,80.377703,MH-002_C14,test,cnn_test,0,0,1,0.7037933
47839,MH-002_2023_R064_C161,MH-002,Gadchiroli,2023,64,161,19.608022,80.376356,MH-002_C14,test,cnn_test,0,0,1,0.30986705
47840,MH-002_2023_R064_C162,MH-002,Gadchiroli,2023,64,162,19.608022,80.376625,MH-002_C14,test,cnn_test,0,0,1,0.6523744
47841,MH-002_2023_R064_C163,MH-002,Gadchiroli,2023,64,163,19.608022,80.376895,MH-002_C14,test,cnn_test,0,0,1,0.16467555
47842,MH-002_2023_R064_C164,MH-002,Gadchiroli,2023,64,164,19.608022,80.377164,MH-002_C14,test,cnn_test,0,0,1,0.30943322
47843,MH-002_2023_R064_C165,MH-002,Gadchiroli,2023,64,165,19.608022,80.377434,MH-002_C14,test,cnn_test,0,0,1,0.278178
47844,MH-002_2023_R064_C166,MH-002,Gadchiroli,2023,64,166,19.608022,80.377703,MH-002_C14,test,cnn_test,0,0,1,0.5712804
47845,MH-002_2023_R064_C167,MH-002,Gadchiroli,2023,64,167,19.608022,80.377973,MH-002_C14,test,cnn_test,0,0,1,0.45601502
47903,MH-002_2023_R065_C161,MH-002,Gadchiroli,2023,65,161,19.607752,80.376356,MH-002_C14,test,cnn_test,0,0,1,0.18361092
47904,MH-002_2023_R065_C162,MH-002,Gadchiroli,2023,65,162,19.607752,80.376625,MH-002_C14,test,cnn_test,0,0,1,0.38510028
47905,MH-002_2023_R065_C163,MH-002,Gadchiroli,2023,65,163,19.607752,80.376895,MH-002_C14,test,cnn_test,0,0,0,0.096575975
47906,MH-002_2023_R065_C164,MH-002,Gadchiroli,2023,65,164,19.607752,80.377164,MH-002_C14,test,cnn_test,0,0,1,0.17037433
47907,MH-002_2023_R065_C165,MH-002,Gadchiroli,2023,65,165,19.607752,80.377434,MH-002_C14,test,cnn_test,0,0,1,0.14675148
47908,MH-002_2023_R065_C166,MH-002,Gadchiroli,2023,65,166,19.607752,80.377703,MH-002_C14,test,cnn_test,0,0,1,0.36131945
47909,MH-002_2023_R065_C167,MH-002,Gadchiroli,2023,65,167,19.607752,80.377973,MH-002_C14,test,cnn_test,0,0,1,0.18754233
47910,MH-002_2023_R065_C168,MH-002,Gadchiroli,2023,65,168,19.607752,80.378242,MH-002_C14,test,cnn_test,0,0,1,0.27268812
47966,MH-002_2023_R066_C161,MH-002,Gadchiroli,2023,66,161,19.607483,80.376356,MH-002_C14,test,cnn_test,0,0,0,0.06893044
47967,MH-002_2023_R066_C162,MH-002,Gadchiroli,2023,66,162,19.607483,80.376625,MH-002_C14,test,cnn_test,0,0,1,0.20567
47968,MH-002_2023_R066_C163,MH-002,Gadchiroli,2023,66,163,19.607483,80.376895,MH-002_C14,test,cnn_test,0,0,1,0.118214786
47969,MH-002_2023_R066_C164,MH-002,Gadchiroli,2023,66,164,19.607483,80.377164,MH-002_C14,test,cnn_test,0,0,0,0.06660368
47970,MH-002_2023_R066_C165,MH-002,Gadchiroli,2023,66,165,19.607483,80.377434,MH-002_C14,test,cnn_test,0,0,1,0.10286176
47971,MH-002_2023_R066_C166,MH-002,Gadchiroli,2023,66,166,19.607483,80.377703,MH-002_C14,test,cnn_test,0,0,1,0.10617881
47972,MH-002_2023_R066_C167,MH-002,Gadchiroli,2023,66,167,19.607483,80.377973,MH-002_C14,test,cnn_test,0,0,1,0.13859287
47973,MH-002_2023_R066_C168,MH-002,Gadchiroli,2023,66,168,19.607483,80.378242,MH-002_C14,test,cnn_test,0,0,1,0.19699165
47974,MH-002_2023_R066_C169,MH-002,Gadchiroli,2023,66,169,19.607483,80.378512,MH-002_C14,test,cnn_test,0,0,1,0.32822877
47975,MH-002_2023_R066_C170,MH-002,Gadchiroli,2023,66,170,19.607483,80.378781,MH-002_C14,test,cnn_test,0,0,1,0.3707405
48028,MH-002_2023_R067_C161,MH-002,Gadchiroli,2023,67,161,19.607213,80.376356,MH-002_C14,test,cnn_test,2,1,1,0.44468778
48029,MH-002_2023_R067_C162,MH-002,Gadchiroli,2023,67,162,19.607213,80.376625,MH-002_C14,test,cnn_test,1,0,1,0.7081225
48030,MH-002_2023_R067_C163,MH-002,Gadchiroli,2023,67,163,19.607213,80.376895,MH-002_C14,test,cnn_test,0,0,1,0.6504005
48031,MH-002_2023_R067_C164,MH-002,Gadchiroli,2023,67,164,19.607213,80.377164,MH-002_C14,test,cnn_test,0,0,1,0.6731193
48032,MH-002_2023_R067_C165,MH-002,Gadchiroli,2023,67,165,19.607213,80.377434,MH-002_C14,test,cnn_test,0,0,1,0.5698183
48033,MH-002_2023_R067_C166,MH-002,Gadchiroli,2023,67,166,19.607213,80.377703,MH-002_C14,test,cnn_test,0,0,1,0.463819
48034,MH-002_2023_R067_C167,MH-002,Gadchiroli,2023,67,167,19.607213,80.377973,MH-002_C14,test,cnn_test,0,0,1,0.2561516
48035,MH-002_2023_R067_C168,MH-002,Gadchiroli,2023,67,168,19.607213,80.378242,MH-002_C14,test,cnn_test,0,0,1,0.43917644
48036,MH-002_2023_R067_C169,MH-002,Gadchiroli,2023,67,169,19.607213,80.378512,MH-002_C14,test,cnn_test,0,0,1,0.30543128
48037,MH-002_2023_R067_C170,MH-002,Gadchiroli,2023,67,170,19.607213,80.378781,MH-002_C14,test,cnn_test,0,0,1,0.3314089
48038,MH-002_2023_R067_C171,MH-002,Gadchiroli,2023,67,171,19.607213,80.379051,MH-002_C14,test,cnn_test,0,0,1,0.32404444
48039,MH-002_2023_R067_C172,MH-002,Gadchiroli,2023,67,172,19.607213,80.37932,MH-002_C15,test,cnn_test,0,0,1,0.72801214
48087,MH-002_2023_R068_C161,MH-002,Gadchiroli,2023,68,161,19.606944,80.376356,MH-002_C14,test,cnn_test,1,0,1,0.1530312
48088,MH-002_2023_R068_C162,MH-002,Gadchiroli,2023,68,162,19.606944,80.376625,MH-002_C14,test,cnn_test,2,1,1,0.49473745
48089,MH-002_2023_R068_C163,MH-002,Gadchiroli,2023,68,163,19.606944,80.376895,MH-002_C14,test,cnn_test,2,1,1,0.57389784
48090,MH-002_2023_R068_C164,MH-002,Gadchiroli,2023,68,164,19.606944,80.377164,MH-002_C14,test,cnn_test,1,0,1,0.4425967
48091,MH-002_2023_R068_C165,MH-002,Gadchiroli,2023,68,165,19.606944,80.377434,MH-002_C14,test,cnn_test,0,0,1,0.6060837
48092,MH-002_2023_R068_C166,MH-002,Gadchiroli,2023,68,166,19.606944,80.377703,MH-002_C14,test,cnn_test,0,0,1,0.518218
48093,MH-002_2023_R068_C167,MH-002,Gadchiroli,2023,68,167,19.606944,80.377973,MH-002_C14,test,cnn_test,0,0,1,0.50987446
48094,MH-002_2023_R068_C168,MH-002,Gadchiroli,2023,68,168,19.606944,80.378242,MH-002_C14,test,cnn_test,0,0,1,0.55706537
48095,MH-002_2023_R068_C169,MH-002,Gadchiroli,2023,68,169,19.606944,80.378512,MH-002_C14,test,cnn_test,0,0,1,0.42912102
48096,MH-002_2023_R068_C170,MH-002,Gadchiroli,2023,68,170,19.606944,80.378781,MH-002_C14,test,cnn_test,0,0,1,0.5855586
48097,MH-002_2023_R068_C171,MH-002,Gadchiroli,2023,68,171,19.606944,80.379051,MH-002_C14,test,cnn_test,0,0,1,0.6383121
48098,MH-002_2023_R068_C172,MH-002,Gadchiroli,2023,68,172,19.606944,80.37932,MH-002_C15,test,cnn_test,0,0,1,0.8056466
48099,MH-002_2023_R068_C173,MH-002,Gadchiroli,2023,68,173,19.606944,80.37959,MH-002_C15,test,cnn_test,0,0,1,0.80014133
48100,MH-002_2023_R068_C174,MH-002,Gadchiroli,2023,68,174,19.606944,80.379859,MH-002_C15,test,cnn_test,0,0,1,0.8396936
48150,MH-002_2023_R069_C161,MH-002,Gadchiroli,2023,69,161,19.606674,80.376356,MH-002_C14,test,cnn_test,1,0,1,0.33890167
48151,MH-002_2023_R069_C162,MH-002,Gadchiroli,2023,69,162,19.606674,80.376625,MH-002_C14,test,cnn_test,2,1,1,0.39941356
48152,MH-002_2023_R069_C163,MH-002,Gadchiroli,2023,69,163,19.606674,80.376895,MH-002_C14,test,cnn_test,2,1,1,0.51500595
48153,MH-002_2023_R069_C164,MH-002,Gadchiroli,2023,69,164,19.606674,80.377164,MH-002_C14,test,cnn_test,1,0,1,0.46807015
48154,MH-002_2023_R069_C165,MH-002,Gadchiroli,2023,69,165,19.606674,80.377434,MH-002_C14,test,cnn_test,0,0,1,0.63770694
48155,MH-002_2023_R069_C166,MH-002,Gadchiroli,2023,69,166,19.606674,80.377703,MH-002_C14,test,cnn_test,0,0,1,0.7115476
48156,MH-002_2023_R069_C167,MH-002,Gadchiroli,2023,69,167,19.606674,80.377973,MH-002_C14,test,cnn_test,0,0,1,0.2822383
48157,MH-002_2023_R069_C168,MH-002,Gadchiroli,2023,69,168,19.606674,80.378242,MH-002_C14,test,cnn_test,0,0,1,0.51503676
48158,MH-002_2023_R069_C169,MH-002,Gadchiroli,2023,69,169,19.606674,80.378512,MH-002_C14,test,cnn_test,0,0,1,0.19465993
48159,MH-002_2023_R069_C170,MH-002,Gadchiroli,2023,69,170,19.606674,80.378781,MH-002_C14,test,cnn_test,0,0,1,0.2874154
48160,MH-002_2023_R069_C171,MH-002,Gadchiroli,2023,69,171,19.606674,80.379051,MH-002_C14,test,cnn_test,0,0,1,0.515007
48161,MH-002_2023_R069_C172,MH-002,Gadchiroli,2023,69,172,19.606674,80.37932,MH-002_C15,test,cnn_test,0,0,1,0.7594288
48162,MH-002_2023_R069_C173,MH-002,Gadchiroli,2023,69,173,19.606674,80.37959,MH-002_C15,test,cnn_test,0,0,1,0.82199275
48163,MH-002_2023_R069_C174,MH-002,Gadchiroli,2023,69,174,19.606674,80.379859,MH-002_C15,test,cnn_test,0,0,1,0.83445245
48164,MH-002_2023_R069_C175,MH-002,Gadchiroli,2023,69,175,19.606674,80.380129,MH-002_C15,test,cnn_test,0,0,1,0.40076134
48219,MH-002_2023_R070_C161,MH-002,Gadchiroli,2023,70,161,19.606405,80.376356,MH-002_C14,test,cnn_test,2,1,1,0.17301233
48220,MH-002_2023_R070_C162,MH-002,Gadchiroli,2023,70,162,19.606405,80.376625,MH-002_C14,test,cnn_test,2,1,1,0.41633132
48221,MH-002_2023_R070_C163,MH-002,Gadchiroli,2023,70,163,19.606405,80.376895,MH-002_C14,test,cnn_test,2,1,1,0.49215028
48222,MH-002_2023_R070_C164,MH-002,Gadchiroli,2023,70,164,19.606405,80.377164,MH-002_C14,test,cnn_test,1,0,1,0.464395
48223,MH-002_2023_R070_C165,MH-002,Gadchiroli,2023,70,165,19.606405,80.377434,MH-002_C14,test,cnn_test,0,0,1,0.5283283
48224,MH-002_2023_R070_C166,MH-002,Gadchiroli,2023,70,166,19.606405,80.377703,MH-002_C14,test,cnn_test,0,0,1,0.66199
48225,MH-002_2023_R070_C167,MH-002,Gadchiroli,2023,70,167,19.606405,80.377973,MH-002_C14,test,cnn_test,0,0,1,0.40973228
48226,MH-002_2023_R070_C168,MH-002,Gadchiroli,2023,70,168,19.606405,80.378242,MH-002_C14,test,cnn_test,0,0,1,0.5432522
48227,MH-002_2023_R070_C169,MH-002,Gadchiroli,2023,70,169,19.606405,80.378512,MH-002_C14,test,cnn_test,0,0,0,0.08120596
48228,MH-002_2023_R070_C170,MH-002,Gadchiroli,2023,70,170,19.606405,80.378781,MH-002_C14,test,cnn_test,0,0,1,0.6271817
48229,MH-002_2023_R070_C171,MH-002,Gadchiroli,2023,70,171,19.606405,80.379051,MH-002_C14,test,cnn_test,0,0,1,0.77306145
48230,MH-002_2023_R070_C172,MH-002,Gadchiroli,2023,70,172,19.606405,80.37932,MH-002_C15,test,cnn_test,0,0,1,0.87888867
48231,MH-002_2023_R070_C173,MH-002,Gadchiroli,2023,70,173,19.606405,80.37959,MH-002_C15,test,cnn_test,0,0,1,0.94190896
48232,MH-002_2023_R070_C174,MH-002,Gadchiroli,2023,70,174,19.606405,80.379859,MH-002_C15,test,cnn_test,0,0,1,0.92110115
48233,MH-002_2023_R070_C175,MH-002,Gadchiroli,2023,70,175,19.606405,80.380129,MH-002_C15,test,cnn_test,0,0,1,0.782734
48293,MH-002_2023_R071_C161,MH-002,Gadchiroli,2023,71,161,19.606135,80.376356,MH-002_C14,test,cnn_test,2,1,0,0.092224315
48294,MH-002_2023_R071_C162,MH-002,Gadchiroli,2023,71,162,19.606135,80.376625,MH-002_C14,test,cnn_test,2,1,1,0.17454803
48295,MH-002_2023_R071_C163,MH-002,Gadchiroli,2023,71,163,19.606135,80.376895,MH-002_C14,test,cnn_test,2,1,1,0.3185863
48296,MH-002_2023_R071_C164,MH-002,Gadchiroli,2023,71,164,19.606135,80.377164,MH-002_C14,test,cnn_test,2,1,1,0.14061987
48297,MH-002_2023_R071_C165,MH-002,Gadchiroli,2023,71,165,19.606135,80.377434,MH-002_C14,test,cnn_test,1,0,1,0.22397965
48298,MH-002_2023_R071_C166,MH-002,Gadchiroli,2023,71,166,19.606135,80.377703,MH-002_C14,test,cnn_test,0,0,1,0.6093209
48299,MH-002_2023_R071_C167,MH-002,Gadchiroli,2023,71,167,19.606135,80.377973,MH-002_C14,test,cnn_test,0,0,1,0.12644382
48300,MH-002_2023_R071_C168,MH-002,Gadchiroli,2023,71,168,19.606135,80.378242,MH-002_C14,test,cnn_test,0,0,1,0.28917035
48301,MH-002_2023_R071_C169,MH-002,Gadchiroli,2023,71,169,19.606135,80.378512,MH-002_C14,test,cnn_test,0,0,0,0.0152386585
48302,MH-002_2023_R071_C170,MH-002,Gadchiroli,2023,71,170,19.606135,80.378781,MH-002_C14,test,cnn_test,0,0,0,0.059386708
48303,MH-002_2023_R071_C171,MH-002,Gadchiroli,2023,71,171,19.606135,80.379051,MH-002_C14,test,cnn_test,0,0,1,0.6742146
48304,MH-002_2023_R071_C172,MH-002,Gadchiroli,2023,71,172,19.606135,80.37932,MH-002_C15,test,cnn_test,0,0,1,0.83654976
48305,MH-002_2023_R071_C173,MH-002,Gadchiroli,2023,71,173,19.606135,80.37959,MH-002_C15,test,cnn_test,0,0,1,0.95017374
48306,MH-002_2023_R071_C174,MH-002,Gadchiroli,2023,71,174,19.606135,80.379859,MH-002_C15,test,cnn_test,0,0,1,0.9354063
48307,MH-002_2023_R071_C175,MH-002,Gadchiroli,2023,71,175,19.606135,80.380129,MH-002_C15,test,cnn_test,0,0,1,0.88766843
48376,MH-002_2023_R072_C161,MH-002,Gadchiroli,2023,72,161,19.605866,80.376356,MH-002_C14,test,cnn_test,2,1,0,0.017117098
48377,MH-002_2023_R072_C162,MH-002,Gadchiroli,2023,72,162,19.605866,80.376625,MH-002_C14,test,cnn_test,2,1,0,0.06025467
48378,MH-002_2023_R072_C163,MH-002,Gadchiroli,2023,72,163,19.605866,80.376895,MH-002_C14,test,cnn_test,1,0,0,0.090485595
48379,MH-002_2023_R072_C164,MH-002,Gadchiroli,2023,72,164,19.605866,80.377164,MH-002_C14,test,cnn_test,0,0,1,0.25384694
48380,MH-002_2023_R072_C165,MH-002,Gadchiroli,2023,72,165,19.605866,80.377434,MH-002_C14,test,cnn_test,0,0,1,0.16836104
48381,MH-002_2023_R072_C166,MH-002,Gadchiroli,2023,72,166,19.605866,80.377703,MH-002_C14,test,cnn_test,0,0,1,0.62600833
48382,MH-002_2023_R072_C167,MH-002,Gadchiroli,2023,72,167,19.605866,80.377973,MH-002_C14,test,cnn_test,0,0,1,0.1634405
48383,MH-002_2023_R072_C168,MH-002,Gadchiroli,2023,72,168,19.605866,80.378242,MH-002_C14,test,cnn_test,0,0,1,0.38249946
48384,MH-002_2023_R072_C169,MH-002,Gadchiroli,2023,72,169,19.605866,80.378512,MH-002_C14,test,cnn_test,0,0,0,0.01292105
48385,MH-002_2023_R072_C170,MH-002,Gadchiroli,2023,72,170,19.605866,80.378781,MH-002_C14,test,cnn_test,0,0,1,0.12555778
48386,MH-002_2023_R072_C171,MH-002,Gadchiroli,2023,72,171,19.605866,80.379051,MH-002_C14,test,cnn_test,0,0,1,0.68067545
48387,MH-002_2023_R072_C172,MH-002,Gadchiroli,2023,72,172,19.605866,80.37932,MH-002_C15,test,cnn_test,0,0,1,0.88332194
48388,MH-002_2023_R072_C173,MH-002,Gadchiroli,2023,72,173,19.605866,80.37959,MH-002_C15,test,cnn_test,0,0,1,0.96693325
48389,MH-002_2023_R072_C174,MH-002,Gadchiroli,2023,72,174,19.605866,80.379859,MH-002_C15,test,cnn_test,0,0,1,0.947465
48390,MH-002_2023_R072_C175,MH-002,Gadchiroli,2023,72,175,19.605866,80.380129,MH-002_C15,test,cnn_test,0,0,1,0.9364445
48461,MH-002_2023_R073_C161,MH-002,Gadchiroli,2023,73,161,19.605596,80.376356,MH-002_C14,test,cnn_test,2,1,0,0.039263707
48462,MH-002_2023_R073_C162,MH-002,Gadchiroli,2023,73,162,19.605596,80.376625,MH-002_C14,test,cnn_test,1,0,0,0.087164454
48463,MH-002_2023_R073_C163,MH-002,Gadchiroli,2023,73,163,19.605596,80.376895,MH-002_C14,test,cnn_test,1,0,1,0.36786577
48464,MH-002_2023_R073_C164,MH-002,Gadchiroli,2023,73,164,19.605596,80.377164,MH-002_C14,test,cnn_test,0,0,1,0.6271829
48465,MH-002_2023_R073_C165,MH-002,Gadchiroli,2023,73,165,19.605596,80.377434,MH-002_C14,test,cnn_test,0,0,1,0.5423719
48466,MH-002_2023_R073_C166,MH-002,Gadchiroli,2023,73,166,19.605596,80.377703,MH-002_C14,test,cnn_test,0,0,1,0.8340682
48467,MH-002_2023_R073_C167,MH-002,Gadchiroli,2023,73,167,19.605596,80.377973,MH-002_C14,test,cnn_test,0,0,1,0.46674296
48468,MH-002_2023_R073_C168,MH-002,Gadchiroli,2023,73,168,19.605596,80.378242,MH-002_C14,test,cnn_test,0,0,1,0.6998103
48469,MH-002_2023_R073_C169,MH-002,Gadchiroli,2023,73,169,19.605596,80.378512,MH-002_C14,test,cnn_test,0,0,0,0.027941173
48470,MH-002_2023_R073_C170,MH-002,Gadchiroli,2023,73,170,19.605596,80.378781,MH-002_C14,test,cnn_test,0,0,0,0.04670056
48471,MH-002_2023_R073_C171,MH-002,Gadchiroli,2023,73,171,19.605596,80.379051,MH-002_C14,test,cnn_test,0,0,1,0.32767868
48472,MH-002_2023_R073_C172,MH-002,Gadchiroli,2023,73,172,19.605596,80.37932,MH-002_C15,test,cnn_test,0,0,1,0.839512
48473,MH-002_2023_R073_C173,MH-002,Gadchiroli,2023,73,173,19.605596,80.37959,MH-002_C15,test,cnn_test,0,0,1,0.9527112
48474,MH-002_2023_R073_C174,MH-002,Gadchiroli,2023,73,174,19.605596,80.379859,MH-002_C15,test,cnn_test,0,0,1,0.9415145
48475,MH-002_2023_R073_C175,MH-002,Gadchiroli,2023,73,175,19.605596,80.380129,MH-002_C15,test,cnn_test,0,0,1,0.94043934
48553,MH-002_2023_R074_C161,MH-002,Gadchiroli,2023,74,161,19.605327,80.376356,MH-002_C14,test,cnn_test,2,1,0,0.040648516
48554,MH-002_2023_R074_C162,MH-002,Gadchiroli,2023,74,162,19.605327,80.376625,MH-002_C14,test,cnn_test,2,1,0,0.031729612
48555,MH-002_2023_R074_C163,MH-002,Gadchiroli,2023,74,163,19.605327,80.376895,MH-002_C14,test,cnn_test,1,0,1,0.43830633
48556,MH-002_2023_R074_C164,MH-002,Gadchiroli,2023,74,164,19.605327,80.377164,MH-002_C14,test,cnn_test,2,1,1,0.8541877
48557,MH-002_2023_R074_C165,MH-002,Gadchiroli,2023,74,165,19.605327,80.377434,MH-002_C14,test,cnn_test,0,0,1,0.8350939
48558,MH-002_2023_R074_C166,MH-002,Gadchiroli,2023,74,166,19.605327,80.377703,MH-002_C14,test,cnn_test,1,0,1,0.8690268
48559,MH-002_2023_R074_C167,MH-002,Gadchiroli,2023,74,167,19.605327,80.377973,MH-002_C14,test,cnn_test,0,0,1,0.7782766
48560,MH-002_2023_R074_C168,MH-002,Gadchiroli,2023,74,168,19.605327,80.378242,MH-002_C14,test,cnn_test,0,0,1,0.8084289
48561,MH-002_2023_R074_C169,MH-002,Gadchiroli,2023,74,169,19.605327,80.378512,MH-002_C14,test,cnn_test,0,0,1,0.16713588
48562,MH-002_2023_R074_C170,MH-002,Gadchiroli,2023,74,170,19.605327,80.378781,MH-002_C14,test,cnn_test,0,0,1,0.29182628
48563,MH-002_2023_R074_C171,MH-002,Gadchiroli,2023,74,171,19.605327,80.379051,MH-002_C14,test,cnn_test,0,0,1,0.71713966
48564,MH-002_2023_R074_C172,MH-002,Gadchiroli,2023,74,172,19.605327,80.37932,MH-002_C15,test,cnn_test,0,0,1,0.9038102
48565,MH-002_2023_R074_C173,MH-002,Gadchiroli,2023,74,173,19.605327,80.37959,MH-002_C15,test,cnn_test,0,0,1,0.9753921
48566,MH-002_2023_R074_C174,MH-002,Gadchiroli,2023,74,174,19.605327,80.379859,MH-002_C15,test,cnn_test,0,0,1,0.9572368
48567,MH-002_2023_R074_C175,MH-002,Gadchiroli,2023,74,175,19.605327,80.380129,MH-002_C15,test,cnn_test,0,0,1,0.96579605
48568,MH-002_2023_R074_C176,MH-002,Gadchiroli,2023,74,176,19.605327,80.380398,MH-002_C15,test,cnn_test,0,0,1,0.89093524
48653,MH-002_2023_R075_C161,MH-002,Gadchiroli,2023,75,161,19.605057,80.376356,MH-002_C14,test,cnn_test,1,0,0,0.04344767
48654,MH-002_2023_R075_C162,MH-002,Gadchiroli,2023,75,162,19.605057,80.376625,MH-002_C14,test,cnn_test,1,0,0,0.0103372075
48655,MH-002_2023_R075_C163,MH-002,Gadchiroli,2023,75,163,19.605057,80.376895,MH-002_C14,test,cnn_test,1,0,1,0.22090629
48656,MH-002_2023_R075_C164,MH-002,Gadchiroli,2023,75,164,19.605057,80.377164,MH-002_C14,test,cnn_test,0,0,1,0.78208584
48657,MH-002_2023_R075_C165,MH-002,Gadchiroli,2023,75,165,19.605057,80.377434,MH-002_C14,test,cnn_test,0,0,1,0.77027714
48658,MH-002_2023_R075_C166,MH-002,Gadchiroli,2023,75,166,19.605057,80.377703,MH-002_C14,test,cnn_test,0,0,1,0.914935
48659,MH-002_2023_R075_C167,MH-002,Gadchiroli,2023,75,167,19.605057,80.377973,MH-002_C14,test,cnn_test,0,0,1,0.78724307
48660,MH-002_2023_R075_C168,MH-002,Gadchiroli,2023,75,168,19.605057,80.378242,MH-002_C14,test,cnn_test,0,0,1,0.8613077
48661,MH-002_2023_R075_C169,MH-002,Gadchiroli,2023,75,169,19.605057,80.378512,MH-002_C14,test,cnn_test,0,0,1,0.12992682
48662,MH-002_2023_R075_C170,MH-002,Gadchiroli,2023,75,170,19.605057,80.378781,MH-002_C14,test,cnn_test,0,0,1,0.10688189
48663,MH-002_2023_R075_C171,MH-002,Gadchiroli,2023,75,171,19.605057,80.379051,MH-002_C14,test,cnn_test,0,0,1,0.2894995
48664,MH-002_2023_R075_C172,MH-002,Gadchiroli,2023,75,172,19.605057,80.37932,MH-002_C15,test,cnn_test,0,0,1,0.85275805
48665,MH-002_2023_R075_C173,MH-002,Gadchiroli,2023,75,173,19.605057,80.37959,MH-002_C15,test,cnn_test,0,0,1,0.9577282
48666,MH-002_2023_R075_C174,MH-002,Gadchiroli,2023,75,174,19.605057,80.379859,MH-002_C15,test,cnn_test,0,0,1,0.9309542
48667,MH-002_2023_R075_C175,MH-002,Gadchiroli,2023,75,175,19.605057,80.380129,MH-002_C15,test,cnn_test,0,0,1,0.95650107
48668,MH-002_2023_R075_C176,MH-002,Gadchiroli,2023,75,176,19.605057,80.380398,MH-002_C15,test,cnn_test,0,0,1,0.90953386
48751,MH-002_2023_R076_C161,MH-002,Gadchiroli,2023,76,161,19.604788,80.376356,MH-002_C14,test,cnn_test,1,0,0,0.041103844
48752,MH-002_2023_R076_C162,MH-002,Gadchiroli,2023,76,162,19.604788,80.376625,MH-002_C14,test,cnn_test,1,0,0,0.007548859
48753,MH-002_2023_R076_C163,MH-002,Gadchiroli,2023,76,163,19.604788,80.376895,MH-002_C14,test,cnn_test,2,1,0,0.0833544
48754,MH-002_2023_R076_C164,MH-002,Gadchiroli,2023,76,164,19.604788,80.377164,MH-002_C14,test,cnn_test,1,0,1,0.8858218
48755,MH-002_2023_R076_C165,MH-002,Gadchiroli,2023,76,165,19.604788,80.377434,MH-002_C14,test,cnn_test,0,0,1,0.7320527
48756,MH-002_2023_R076_C166,MH-002,Gadchiroli,2023,76,166,19.604788,80.377703,MH-002_C14,test,cnn_test,0,0,1,0.9253176
48757,MH-002_2023_R076_C167,MH-002,Gadchiroli,2023,76,167,19.604788,80.377973,MH-002_C14,test,cnn_test,0,0,1,0.8088968
48758,MH-002_2023_R076_C170,MH-002,Gadchiroli,2023,76,170,19.604788,80.378781,MH-002_C14,test,cnn_test,0,0,1,0.22176565
48759,MH-002_2023_R076_C171,MH-002,Gadchiroli,2023,76,171,19.604788,80.379051,MH-002_C14,test,cnn_test,0,0,1,0.2640479
48760,MH-002_2023_R076_C172,MH-002,Gadchiroli,2023,76,172,19.604788,80.37932,MH-002_C15,test,cnn_test,0,0,1,0.81406283
48761,MH-002_2023_R076_C173,MH-002,Gadchiroli,2023,76,173,19.604788,80.37959,MH-002_C15,test,cnn_test,0,0,1,0.9475267
48762,MH-002_2023_R076_C174,MH-002,Gadchiroli,2023,76,174,19.604788,80.379859,MH-002_C15,test,cnn_test,0,0,1,0.9330212
48763,MH-002_2023_R076_C175,MH-002,Gadchiroli,2023,76,175,19.604788,80.380129,MH-002_C15,test,cnn_test,0,0,1,0.9561638
48764,MH-002_2023_R076_C176,MH-002,Gadchiroli,2023,76,176,19.604788,80.380398,MH-002_C15,test,cnn_test,0,0,1,0.8706124
48849,MH-002_2023_R077_C161,MH-002,Gadchiroli,2023,77,161,19.604518,80.376356,MH-002_C14,test,cnn_test,1,0,0,0.07699296
48850,MH-002_2023_R077_C162,MH-002,Gadchiroli,2023,77,162,19.604518,80.376625,MH-002_C14,test,cnn_test,2,1,0,0.015251221
48851,MH-002_2023_R077_C163,MH-002,Gadchiroli,2023,77,163,19.604518,80.376895,MH-002_C14,test,cnn_test,1,0,1,0.1039136
48852,MH-002_2023_R077_C164,MH-002,Gadchiroli,2023,77,164,19.604518,80.377164,MH-002_C14,test,cnn_test,1,0,1,0.8090121
48853,MH-002_2023_R077_C165,MH-002,Gadchiroli,2023,77,165,19.604518,80.377434,MH-002_C14,test,cnn_test,1,0,1,0.6058207
48854,MH-002_2023_R077_C166,MH-002,Gadchiroli,2023,77,166,19.604518,80.377703,MH-002_C14,test,cnn_test,0,0,1,0.9241236
48855,MH-002_2023_R077_C168,MH-002,Gadchiroli,2023,77,168,19.604518,80.378242,MH-002_C14,test,cnn_test,0,0,1,0.8769286
48856,MH-002_2023_R077_C169,MH-002,Gadchiroli,2023,77,169,19.604518,80.378512,MH-002_C14,test,cnn_test,0,0,0,0.084331445
48857,MH-002_2023_R077_C170,MH-002,Gadchiroli,2023,77,170,19.604518,80.378781,MH-002_C14,test,cnn_test,0,0,0,0.023961008
48858,MH-002_2023_R077_C171,MH-002,Gadchiroli,2023,77,171,19.604518,80.379051,MH-002_C14,test,cnn_test,0,0,0,0.028808486
48859,MH-002_2023_R077_C172,MH-002,Gadchiroli,2023,77,172,19.604518,80.37932,MH-002_C15,test,cnn_test,0,0,1,0.40248385
48860,MH-002_2023_R077_C173,MH-002,Gadchiroli,2023,77,173,19.604518,80.37959,MH-002_C15,test,cnn_test,0,0,1,0.9353828
48861,MH-002_2023_R077_C174,MH-002,Gadchiroli,2023,77,174,19.604518,80.379859,MH-002_C15,test,cnn_test,0,0,1,0.8507491
48862,MH-002_2023_R077_C175,MH-002,Gadchiroli,2023,77,175,19.604518,80.380129,MH-002_C15,test,cnn_test,0,0,1,0.95845073
48863,MH-002_2023_R077_C176,MH-002,Gadchiroli,2023,77,176,19.604518,80.380398,MH-002_C15,test,cnn_test,0,0,1,0.88332325
48946,MH-002_2023_R078_C161,MH-002,Gadchiroli,2023,78,161,19.604249,80.376356,MH-002_C14,test,cnn_test,1,0,0,0.021898262
48947,MH-002_2023_R078_C162,MH-002,Gadchiroli,2023,78,162,19.604249,80.376625,MH-002_C14,test,cnn_test,2,1,0,0.0013071488
48948,MH-002_2023_R078_C163,MH-002,Gadchiroli,2023,78,163,19.604249,80.376895,MH-002_C14,test,cnn_test,2,1,0,0.043637183
48949,MH-002_2023_R078_C164,MH-002,Gadchiroli,2023,78,164,19.604249,80.377164,MH-002_C14,test,cnn_test,1,0,1,0.83146214
48950,MH-002_2023_R078_C165,MH-002,Gadchiroli,2023,78,165,19.604249,80.377434,MH-002_C14,test,cnn_test,1,0,1,0.6466864
48951,MH-002_2023_R078_C167,MH-002,Gadchiroli,2023,78,167,19.604249,80.377973,MH-002_C14,test,cnn_test,0,0,1,0.79630256
48952,MH-002_2023_R078_C168,MH-002,Gadchiroli,2023,78,168,19.604249,80.378242,MH-002_C14,test,cnn_test,0,0,1,0.890218
48953,MH-002_2023_R078_C169,MH-002,Gadchiroli,2023,78,169,19.604249,80.378512,MH-002_C14,test,cnn_test,0,0,1,0.27704245
48954,MH-002_2023_R078_C171,MH-002,Gadchiroli,2023,78,171,19.604249,80.379051,MH-002_C14,test,cnn_test,0,0,0,0.056328457
48955,MH-002_2023_R078_C172,MH-002,Gadchiroli,2023,78,172,19.604249,80.37932,MH-002_C15,test,cnn_test,0,0,0,0.07059544
48956,MH-002_2023_R078_C173,MH-002,Gadchiroli,2023,78,173,19.604249,80.37959,MH-002_C15,test,cnn_test,0,0,1,0.7034628
48957,MH-002_2023_R078_C174,MH-002,Gadchiroli,2023,78,174,19.604249,80.379859,MH-002_C15,test,cnn_test,0,0,1,0.4259274
48958,MH-002_2023_R078_C175,MH-002,Gadchiroli,2023,78,175,19.604249,80.380129,MH-002_C15,test,cnn_test,0,0,1,0.8538806
48959,MH-002_2023_R078_C176,MH-002,Gadchiroli,2023,78,176,19.604249,80.380398,MH-002_C15,test,cnn_test,0,0,1,0.6351326
49041,MH-002_2023_R079_C161,MH-002,Gadchiroli,2023,79,161,19.603979,80.376356,MH-002_C14,test,cnn_test,0,0,0,0.012214339
49042,MH-002_2023_R079_C162,MH-002,Gadchiroli,2023,79,162,19.603979,80.376625,MH-002_C14,test,cnn_test,1,0,0,0.0068331747
49043,MH-002_2023_R079_C163,MH-002,Gadchiroli,2023,79,163,19.603979,80.376895,MH-002_C14,test,cnn_test,0,0,0,0.09470755
49044,MH-002_2023_R079_C164,MH-002,Gadchiroli,2023,79,164,19.603979,80.377164,MH-002_C14,test,cnn_test,1,0,1,0.75062174
49045,MH-002_2023_R079_C165,MH-002,Gadchiroli,2023,79,165,19.603979,80.377434,MH-002_C14,test,cnn_test,1,0,1,0.65578854
49046,MH-002_2023_R079_C167,MH-002,Gadchiroli,2023,79,167,19.603979,80.377973,MH-002_C14,test,cnn_test,0,0,1,0.8559571
49047,MH-002_2023_R079_C168,MH-002,Gadchiroli,2023,79,168,19.603979,80.378242,MH-002_C14,test,cnn_test,0,0,1,0.9120108
49048,MH-002_2023_R079_C169,MH-002,Gadchiroli,2023,79,169,19.603979,80.378512,MH-002_C14,test,cnn_test,0,0,1,0.2535893
49049,MH-002_2023_R079_C171,MH-002,Gadchiroli,2023,79,171,19.603979,80.379051,MH-002_C14,test,cnn_test,0,0,0,0.052375197
49050,MH-002_2023_R079_C172,MH-002,Gadchiroli,2023,79,172,19.603979,80.37932,MH-002_C15,test,cnn_test,0,0,0,0.09674967
49051,MH-002_2023_R079_C173,MH-002,Gadchiroli,2023,79,173,19.603979,80.37959,MH-002_C15,test,cnn_test,0,0,1,0.7526451
49052,MH-002_2023_R079_C174,MH-002,Gadchiroli,2023,79,174,19.603979,80.379859,MH-002_C15,test,cnn_test,0,0,1,0.43505755
49053,MH-002_2023_R079_C175,MH-002,Gadchiroli,2023,79,175,19.603979,80.380129,MH-002_C15,test,cnn_test,0,0,1,0.93965286
49054,MH-002_2023_R079_C176,MH-002,Gadchiroli,2023,79,176,19.603979,80.380398,MH-002_C15,test,cnn_test,0,0,1,0.88384897
49135,MH-002_2023_R080_C161,MH-002,Gadchiroli,2023,80,161,19.60371,80.376356,MH-002_C14,test,cnn_test,0,0,0,0.00386398
49136,MH-002_2023_R080_C162,MH-002,Gadchiroli,2023,80,162,19.60371,80.376625,MH-002_C14,test,cnn_test,1,0,0,8.79067e-05
49137,MH-002_2023_R080_C163,MH-002,Gadchiroli,2023,80,163,19.60371,80.376895,MH-002_C14,test,cnn_test,2,1,0,0.0075223804
49138,MH-002_2023_R080_C164,MH-002,Gadchiroli,2023,80,164,19.60371,80.377164,MH-002_C14,test,cnn_test,1,0,1,0.2983265
49139,MH-002_2023_R080_C165,MH-002,Gadchiroli,2023,80,165,19.60371,80.377434,MH-002_C14,test,cnn_test,1,0,1,0.30068707
49140,MH-002_2023_R080_C166,MH-002,Gadchiroli,2023,80,166,19.60371,80.377703,MH-002_C14,test,cnn_test,1,0,1,0.848503
49141,MH-002_2023_R080_C167,MH-002,Gadchiroli,2023,80,167,19.60371,80.377973,MH-002_C14,test,cnn_test,0,0,1,0.7720137
49142,MH-002_2023_R080_C170,MH-002,Gadchiroli,2023,80,170,19.60371,80.378781,MH-002_C14,test,cnn_test,0,0,0,0.044823542
49143,MH-002_2023_R080_C171,MH-002,Gadchiroli,2023,80,171,19.60371,80.379051,MH-002_C14,test,cnn_test,0,0,0,0.06654842
49144,MH-002_2023_R080_C172,MH-002,Gadchiroli,2023,80,172,19.60371,80.37932,MH-002_C15,test,cnn_test,0,0,0,0.050312094
49145,MH-002_2023_R080_C173,MH-002,Gadchiroli,2023,80,173,19.60371,80.37959,MH-002_C15,test,cnn_test,0,0,1,0.29335266
49146,MH-002_2023_R080_C174,MH-002,Gadchiroli,2023,80,174,19.60371,80.379859,MH-002_C15,test,cnn_test,0,0,1,0.6828033
49147,MH-002_2023_R080_C175,MH-002,Gadchiroli,2023,80,175,19.60371,80.380129,MH-002_C15,test,cnn_test,0,0,1,0.96302783
49148,MH-002_2023_R080_C176,MH-002,Gadchiroli,2023,80,176,19.60371,80.380398,MH-002_C15,test,cnn_test,0,0,1,0.9508897
49226,MH-002_2023_R081_C161,MH-002,Gadchiroli,2023,81,161,19.60344,80.376356,MH-002_C14,test,cnn_test,0,0,0,0.0047178967
49227,MH-002_2023_R081_C162,MH-002,Gadchiroli,2023,81,162,19.60344,80.376625,MH-002_C14,test,cnn_test,1,0,0,0.0004090741
49228,MH-002_2023_R081_C163,MH-002,Gadchiroli,2023,81,163,19.60344,80.376895,MH-002_C14,test,cnn_test,1,0,0,0.04217155
49229,MH-002_2023_R081_C164,MH-002,Gadchiroli,2023,81,164,19.60344,80.377164,MH-002_C14,test,cnn_test,2,1,1,0.13092624
49230,MH-002_2023_R081_C165,MH-002,Gadchiroli,2023,81,165,19.60344,80.377434,MH-002_C14,test,cnn_test,1,0,1,0.1787647
49231,MH-002_2023_R081_C168,MH-002,Gadchiroli,2023,81,168,19.60344,80.378242,MH-002_C14,test,cnn_test,0,0,1,0.7957446
49232,MH-002_2023_R081_C169,MH-002,Gadchiroli,2023,81,169,19.60344,80.378512,MH-002_C14,test,cnn_test,0,0,1,0.16019687
49233,MH-002_2023_R081_C170,MH-002,Gadchiroli,2023,81,170,19.60344,80.378781,MH-002_C14,test,cnn_test,0,0,0,0.05639714
49234,MH-002_2023_R081_C171,MH-002,Gadchiroli,2023,81,171,19.60344,80.379051,MH-002_C14,test,cnn_test,0,0,0,0.08825677
49235,MH-002_2023_R081_C172,MH-002,Gadchiroli,2023,81,172,19.60344,80.37932,MH-002_C15,test,cnn_test,0,0,0,0.050641596
49236,MH-002_2023_R081_C173,MH-002,Gadchiroli,2023,81,173,19.60344,80.37959,MH-002_C15,test,cnn_test,0,0,1,0.39931977
49237,MH-002_2023_R081_C174,MH-002,Gadchiroli,2023,81,174,19.60344,80.379859,MH-002_C15,test,cnn_test,0,0,1,0.39632753
49238,MH-002_2023_R081_C175,MH-002,Gadchiroli,2023,81,175,19.60344,80.380129,MH-002_C15,test,cnn_test,0,0,1,0.9452483
49239,MH-002_2023_R081_C176,MH-002,Gadchiroli,2023,81,176,19.60344,80.380398,MH-002_C15,test,cnn_test,0,0,1,0.95175904
49313,MH-002_2023_R082_C161,MH-002,Gadchiroli,2023,82,161,19.603171,80.376356,MH-002_C14,test,cnn_test,0,0,0,0.015300671
49314,MH-002_2023_R082_C162,MH-002,Gadchiroli,2023,82,162,19.603171,80.376625,MH-002_C14,test,cnn_test,0,0,0,0.0002769539
49315,MH-002_2023_R082_C163,MH-002,Gadchiroli,2023,82,163,19.603171,80.376895,MH-002_C14,test,cnn_test,1,0,0,0.05106674
49316,MH-002_2023_R082_C164,MH-002,Gadchiroli,2023,82,164,19.603171,80.377164,MH-002_C14,test,cnn_test,2,1,1,0.72153777
49317,MH-002_2023_R082_C168,MH-002,Gadchiroli,2023,82,168,19.603171,80.378242,MH-002_C14,test,cnn_test,0,0,1,0.92811346
49318,MH-002_2023_R082_C169,MH-002,Gadchiroli,2023,82,169,19.603171,80.378512,MH-002_C14,test,cnn_test,0,0,1,0.80082065
49319,MH-002_2023_R082_C170,MH-002,Gadchiroli,2023,82,170,19.603171,80.378781,MH-002_C14,test,cnn_test,0,0,1,0.13442832
49320,MH-002_2023_R082_C171,MH-002,Gadchiroli,2023,82,171,19.603171,80.379051,MH-002_C14,test,cnn_test,0,0,1,0.3157557
49321,MH-002_2023_R082_C172,MH-002,Gadchiroli,2023,82,172,19.603171,80.37932,MH-002_C15,test,cnn_test,0,0,0,0.016876634
49322,MH-002_2023_R082_C173,MH-002,Gadchiroli,2023,82,173,19.603171,80.37959,MH-002_C15,test,cnn_test,0,0,0,0.034411713
49323,MH-002_2023_R082_C174,MH-002,Gadchiroli,2023,82,174,19.603171,80.379859,MH-002_C15,test,cnn_test,0,0,0,0.0659484
49324,MH-002_2023_R082_C175,MH-002,Gadchiroli,2023,82,175,19.603171,80.380129,MH-002_C15,test,cnn_test,0,0,1,0.76262367
49325,MH-002_2023_R082_C176,MH-002,Gadchiroli,2023,82,176,19.603171,80.380398,MH-002_C15,test,cnn_test,0,0,1,0.8647651
49396,MH-002_2023_R083_C161,MH-002,Gadchiroli,2023,83,161,19.602901,80.376356,MH-002_C14,test,cnn_test,1,0,0,0.02538439
49397,MH-002_2023_R083_C162,MH-002,Gadchiroli,2023,83,162,19.602901,80.376625,MH-002_C14,test,cnn_test,1,0,0,0.0011057609
49398,MH-002_2023_R083_C163,MH-002,Gadchiroli,2023,83,163,19.602901,80.376895,MH-002_C14,test,cnn_test,1,0,1,0.21433648
49399,MH-002_2023_R083_C164,MH-002,Gadchiroli,2023,83,164,19.602901,80.377164,MH-002_C14,test,cnn_test,1,0,1,0.72478545
49400,MH-002_2023_R083_C166,MH-002,Gadchiroli,2023,83,166,19.602901,80.377703,MH-002_C14,test,cnn_test,1,0,1,0.91139895
49401,MH-002_2023_R083_C168,MH-002,Gadchiroli,2023,83,168,19.602901,80.378242,MH-002_C14,test,cnn_test,0,0,1,0.9345647
49402,MH-002_2023_R083_C169,MH-002,Gadchiroli,2023,83,169,19.602901,80.378512,MH-002_C14,test,cnn_test,0,0,1,0.86063987
49403,MH-002_2023_R083_C171,MH-002,Gadchiroli,2023,83,171,19.602901,80.379051,MH-002_C14,test,cnn_test,0,0,1,0.46602058
49404,MH-002_2023_R083_C172,MH-002,Gadchiroli,2023,83,172,19.602901,80.37932,MH-002_C15,test,cnn_test,0,0,0,0.05440459
49405,MH-002_2023_R083_C173,MH-002,Gadchiroli,2023,83,173,19.602901,80.37959,MH-002_C15,test,cnn_test,0,0,1,0.3845828
49406,MH-002_2023_R083_C175,MH-002,Gadchiroli,2023,83,175,19.602901,80.380129,MH-002_C15,test,cnn_test,0,0,1,0.83013946
49407,MH-002_2023_R083_C176,MH-002,Gadchiroli,2023,83,176,19.602901,80.380398,MH-002_C15,test,cnn_test,0,0,1,0.7862731
49478,MH-002_2023_R084_C161,MH-002,Gadchiroli,2023,84,161,19.602632,80.376356,MH-002_C14,test,cnn_test,1,0,0,0.0035113764
49479,MH-002_2023_R084_C163,MH-002,Gadchiroli,2023,84,163,19.602632,80.376895,MH-002_C14,test,cnn_test,1,0,0,0.014871582
49480,MH-002_2023_R084_C165,MH-002,Gadchiroli,2023,84,165,19.602632,80.377434,MH-002_C14,test,cnn_test,0,0,1,0.108679995
49481,MH-002_2023_R084_C166,MH-002,Gadchiroli,2023,84,166,19.602632,80.377703,MH-002_C14,test,cnn_test,1,0,1,0.7825651
49482,MH-002_2023_R084_C167,MH-002,Gadchiroli,2023,84,167,19.602632,80.377973,MH-002_C14,test,cnn_test,2,1,1,0.78882724
49483,MH-002_2023_R084_C170,MH-002,Gadchiroli,2023,84,170,19.602632,80.378781,MH-002_C14,test,cnn_test,0,0,1,0.33925682
49484,MH-002_2023_R084_C171,MH-002,Gadchiroli,2023,84,171,19.602632,80.379051,MH-002_C14,test,cnn_test,0,0,1,0.28398106
49485,MH-002_2023_R084_C172,MH-002,Gadchiroli,2023,84,172,19.602632,80.37932,MH-002_C15,test,cnn_test,0,0,0,0.029606465
49486,MH-002_2023_R084_C173,MH-002,Gadchiroli,2023,84,173,19.602632,80.37959,MH-002_C15,test,cnn_test,0,0,0,0.038691547
49487,MH-002_2023_R084_C174,MH-002,Gadchiroli,2023,84,174,19.602632,80.379859,MH-002_C15,test,cnn_test,0,0,0,0.03753581
49488,MH-002_2023_R084_C176,MH-002,Gadchiroli,2023,84,176,19.602632,80.380398,MH-002_C15,test,cnn_test,0,0,1,0.8040071
49561,MH-002_2023_R085_C161,MH-002,Gadchiroli,2023,85,161,19.602362,80.376356,MH-002_C14,test,cnn_test,0,0,0,0.002696479
49562,MH-002_2023_R085_C162,MH-002,Gadchiroli,2023,85,162,19.602362,80.376625,MH-002_C14,test,cnn_test,0,0,0,0.0012695476
49563,MH-002_2023_R085_C163,MH-002,Gadchiroli,2023,85,163,19.602362,80.376895,MH-002_C14,test,cnn_test,0,0,0,0.034672055
49564,MH-002_2023_R085_C164,MH-002,Gadchiroli,2023,85,164,19.602362,80.377164,MH-002_C14,test,cnn_test,0,0,1,0.43027085
49565,MH-002_2023_R085_C165,MH-002,Gadchiroli,2023,85,165,19.602362,80.377434,MH-002_C14,test,cnn_test,0,0,1,0.1748053
49566,MH-002_2023_R085_C166,MH-002,Gadchiroli,2023,85,166,19.602362,80.377703,MH-002_C14,test,cnn_test,1,0,1,0.8121672
49567,MH-002_2023_R085_C167,MH-002,Gadchiroli,2023,85,167,19.602362,80.377973,MH-002_C14,test,cnn_test,1,0,1,0.72410744
49568,MH-002_2023_R085_C171,MH-002,Gadchiroli,2023,85,171,19.602362,80.379051,MH-002_C14,test,cnn_test,0,0,1,0.17064205
49569,MH-002_2023_R085_C172,MH-002,Gadchiroli,2023,85,172,19.602362,80.37932,MH-002_C15,test,cnn_test,0,0,0,0.087254755
49570,MH-002_2023_R085_C173,MH-002,Gadchiroli,2023,85,173,19.602362,80.37959,MH-002_C15,test,cnn_test,0,0,1,0.34499937
49571,MH-002_2023_R085_C174,MH-002,Gadchiroli,2023,85,174,19.602362,80.379859,MH-002_C15,test,cnn_test,0,0,0,0.06162299
49572,MH-002_2023_R085_C175,MH-002,Gadchiroli,2023,85,175,19.602362,80.380129,MH-002_C15,test,cnn_test,0,0,1,0.7082502
49573,MH-002_2023_R085_C176,MH-002,Gadchiroli,2023,85,176,19.602362,80.380398,MH-002_C15,test,cnn_test,0,0,1,0.8517531
49644,MH-002_2023_R086_C161,MH-002,Gadchiroli,2023,86,161,19.602093,80.376356,MH-002_C14,test,cnn_test,0,0,0,0.0040328284
49645,MH-002_2023_R086_C162,MH-002,Gadchiroli,2023,86,162,19.602093,80.376625,MH-002_C14,test,cnn_test,0,0,0,0.0013103224
49646,MH-002_2023_R086_C163,MH-002,Gadchiroli,2023,86,163,19.602093,80.376895,MH-002_C14,test,cnn_test,0,0,1,0.11808432
49647,MH-002_2023_R086_C172,MH-002,Gadchiroli,2023,86,172,19.602093,80.37932,MH-002_C15,test,cnn_test,0,0,1,0.10477102
49648,MH-002_2023_R086_C173,MH-002,Gadchiroli,2023,86,173,19.602093,80.37959,MH-002_C15,test,cnn_test,0,0,1,0.21506992
49649,MH-002_2023_R086_C174,MH-002,Gadchiroli,2023,86,174,19.602093,80.379859,MH-002_C15,test,cnn_test,0,0,0,0.02454723
49650,MH-002_2023_R086_C175,MH-002,Gadchiroli,2023,86,175,19.602093,80.380129,MH-002_C15,test,cnn_test,0,0,1,0.24669346
49721,MH-002_2023_R087_C170,MH-002,Gadchiroli,2023,87,170,19.601823,80.378781,MH-002_C14,test,cnn_test,0,0,1,0.45000288
49722,MH-002_2023_R087_C171,MH-002,Gadchiroli,2023,87,171,19.601823,80.379051,MH-002_C14,test,cnn_test,0,0,1,0.49149656
49723,MH-002_2023_R087_C172,MH-002,Gadchiroli,2023,87,172,19.601823,80.37932,MH-002_C15,test,cnn_test,0,0,1,0.18755928
49724,MH-002_2023_R087_C173,MH-002,Gadchiroli,2023,87,173,19.601823,80.37959,MH-002_C15,test,cnn_test,0,0,1,0.43345895
49725,MH-002_2023_R087_C174,MH-002,Gadchiroli,2023,87,174,19.601823,80.379859,MH-002_C15,test,cnn_test,0,0,0,0.033743076
49726,MH-002_2023_R087_C175,MH-002,Gadchiroli,2023,87,175,19.601823,80.380129,MH-002_C15,test,cnn_test,0,0,1,0.15244943
49727,MH-002_2023_R087_C176,MH-002,Gadchiroli,2023,87,176,19.601823,80.380398,MH-002_C15,test,cnn_test,0,0,1,0.55540615
49811,MH-002_2023_R088_C171,MH-002,Gadchiroli,2023,88,171,19.601554,80.379051,MH-002_C14,test,cnn_test,0,0,1,0.7702227
49812,MH-002_2023_R088_C172,MH-002,Gadchiroli,2023,88,172,19.601554,80.37932,MH-002_C15,test,cnn_test,0,0,1,0.25751528
49813,MH-002_2023_R088_C173,MH-002,Gadchiroli,2023,88,173,19.601554,80.37959,MH-002_C15,test,cnn_test,0,0,1,0.22596745
49814,MH-002_2023_R088_C174,MH-002,Gadchiroli,2023,88,174,19.601554,80.379859,MH-002_C15,test,cnn_test,0,0,0,0.011139196
49815,MH-002_2023_R088_C175,MH-002,Gadchiroli,2023,88,175,19.601554,80.380129,MH-002_C15,test,cnn_test,0,0,0,0.026895264
49816,MH-002_2023_R088_C176,MH-002,Gadchiroli,2023,88,176,19.601554,80.380398,MH-002_C15,test,cnn_test,0,0,1,0.4700856
49900,MH-002_2023_R089_C161,MH-002,Gadchiroli,2023,89,161,19.601284,80.376356,MH-002_C14,test,cnn_test,0,0,0,0.0032163684
49901,MH-002_2023_R089_C165,MH-002,Gadchiroli,2023,89,165,19.601284,80.377434,MH-002_C14,test,cnn_test,0,0,1,0.64628464
49902,MH-002_2023_R089_C166,MH-002,Gadchiroli,2023,89,166,19.601284,80.377703,MH-002_C14,test,cnn_test,1,0,1,0.74798566
49903,MH-002_2023_R089_C167,MH-002,Gadchiroli,2023,89,167,19.601284,80.377973,MH-002_C14,test,cnn_test,1,0,1,0.39814875
49904,MH-002_2023_R089_C168,MH-002,Gadchiroli,2023,89,168,19.601284,80.378242,MH-002_C14,test,cnn_test,2,1,1,0.19651341
49905,MH-002_2023_R089_C172,MH-002,Gadchiroli,2023,89,172,19.601284,80.37932,MH-002_C15,test,cnn_test,0,0,1,0.6644448
49906,MH-002_2023_R089_C173,MH-002,Gadchiroli,2023,89,173,19.601284,80.37959,MH-002_C15,test,cnn_test,0,0,1,0.66837245
49907,MH-002_2023_R089_C174,MH-002,Gadchiroli,2023,89,174,19.601284,80.379859,MH-002_C15,test,cnn_test,0,0,1,0.14157137
49908,MH-002_2023_R089_C175,MH-002,Gadchiroli,2023,89,175,19.601284,80.380129,MH-002_C15,test,cnn_test,0,0,1,0.14040838
49909,MH-002_2023_R089_C176,MH-002,Gadchiroli,2023,89,176,19.601284,80.380398,MH-002_C15,test,cnn_test,0,0,1,0.8007958
49993,MH-002_2023_R090_C161,MH-002,Gadchiroli,2023,90,161,19.601015,80.376356,MH-002_C14,test,cnn_test,0,0,0,0.00590999
49994,MH-002_2023_R090_C162,MH-002,Gadchiroli,2023,90,162,19.601015,80.376625,MH-002_C14,test,cnn_test,0,0,0,0.004753715
49995,MH-002_2023_R090_C163,MH-002,Gadchiroli,2023,90,163,19.601015,80.376895,MH-002_C14,test,cnn_test,1,0,0,0.0065611624
49996,MH-002_2023_R090_C165,MH-002,Gadchiroli,2023,90,165,19.601015,80.377434,MH-002_C14,test,cnn_test,0,0,1,0.1721938
49997,MH-002_2023_R090_C166,MH-002,Gadchiroli,2023,90,166,19.601015,80.377703,MH-002_C14,test,cnn_test,1,0,1,0.3258536
49998,MH-002_2023_R090_C167,MH-002,Gadchiroli,2023,90,167,19.601015,80.377973,MH-002_C14,test,cnn_test,0,0,1,0.49096292
49999,MH-002_2023_R090_C168,MH-002,Gadchiroli,2023,90,168,19.601015,80.378242,MH-002_C14,test,cnn_test,1,0,0,0.028129833
50000,MH-002_2023_R090_C169,MH-002,Gadchiroli,2023,90,169,19.601015,80.378512,MH-002_C14,test,cnn_test,1,0,1,0.24530143
50001,MH-002_2023_R090_C170,MH-002,Gadchiroli,2023,90,170,19.601015,80.378781,MH-002_C14,test,cnn_test,1,0,1,0.73062843
50002,MH-002_2023_R090_C173,MH-002,Gadchiroli,2023,90,173,19.601015,80.37959,MH-002_C15,test,cnn_test,0,0,1,0.60983574
50003,MH-002_2023_R090_C174,MH-002,Gadchiroli,2023,90,174,19.601015,80.379859,MH-002_C15,test,cnn_test,0,0,1,0.16139932
50004,MH-002_2023_R090_C175,MH-002,Gadchiroli,2023,90,175,19.601015,80.380129,MH-002_C15,test,cnn_test,0,0,1,0.32184213
50005,MH-002_2023_R090_C176,MH-002,Gadchiroli,2023,90,176,19.601015,80.380398,MH-002_C15,test,cnn_test,0,0,1,0.8131706
50089,MH-002_2023_R091_C161,MH-002,Gadchiroli,2023,91,161,19.600745,80.376356,MH-002_C14,test,cnn_test,0,0,0,0.037776213
50090,MH-002_2023_R091_C162,MH-002,Gadchiroli,2023,91,162,19.600745,80.376625,MH-002_C14,test,cnn_test,0,0,0,0.03967287
50091,MH-002_2023_R091_C163,MH-002,Gadchiroli,2023,91,163,19.600745,80.376895,MH-002_C14,test,cnn_test,0,0,0,0.016063636
50092,MH-002_2023_R091_C164,MH-002,Gadchiroli,2023,91,164,19.600745,80.377164,MH-002_C14,test,cnn_test,1,0,1,0.21094982
50093,MH-002_2023_R091_C165,MH-002,Gadchiroli,2023,91,165,19.600745,80.377434,MH-002_C14,test,cnn_test,1,0,1,0.6350506
50094,MH-002_2023_R091_C166,MH-002,Gadchiroli,2023,91,166,19.600745,80.377703,MH-002_C14,test,cnn_test,0,0,1,0.9178618
50095,MH-002_2023_R091_C167,MH-002,Gadchiroli,2023,91,167,19.600745,80.377973,MH-002_C14,test,cnn_test,1,0,1,0.8523553
50096,MH-002_2023_R091_C168,MH-002,Gadchiroli,2023,91,168,19.600745,80.378242,MH-002_C14,test,cnn_test,0,0,1,0.5408706
50097,MH-002_2023_R091_C169,MH-002,Gadchiroli,2023,91,169,19.600745,80.378512,MH-002_C14,test,cnn_test,0,0,1,0.6894464
50098,MH-002_2023_R091_C170,MH-002,Gadchiroli,2023,91,170,19.600745,80.378781,MH-002_C14,test,cnn_test,0,0,1,0.7731257
50099,MH-002_2023_R091_C171,MH-002,Gadchiroli,2023,91,171,19.600745,80.379051,MH-002_C14,test,cnn_test,2,1,1,0.7480858
50100,MH-002_2023_R091_C173,MH-002,Gadchiroli,2023,91,173,19.600745,80.37959,MH-002_C15,test,cnn_test,0,0,1,0.67027485
50101,MH-002_2023_R091_C174,MH-002,Gadchiroli,2023,91,174,19.600745,80.379859,MH-002_C15,test,cnn_test,0,0,1,0.281828
50102,MH-002_2023_R091_C175,MH-002,Gadchiroli,2023,91,175,19.600745,80.380129,MH-002_C15,test,cnn_test,0,0,1,0.2925018
50103,MH-002_2023_R091_C176,MH-002,Gadchiroli,2023,91,176,19.600745,80.380398,MH-002_C15,test,cnn_test,0,0,1,0.79866093
50183,MH-002_2023_R092_C161,MH-002,Gadchiroli,2023,92,161,19.600476,80.376356,MH-002_C14,test,cnn_test,0,0,1,0.33471304
50184,MH-002_2023_R092_C162,MH-002,Gadchiroli,2023,92,162,19.600476,80.376625,MH-002_C14,test,cnn_test,0,0,1,0.47754952
50185,MH-002_2023_R092_C163,MH-002,Gadchiroli,2023,92,163,19.600476,80.376895,MH-002_C14,test,cnn_test,0,0,1,0.114323445
50186,MH-002_2023_R092_C164,MH-002,Gadchiroli,2023,92,164,19.600476,80.377164,MH-002_C14,test,cnn_test,1,0,1,0.65745234
50187,MH-002_2023_R092_C165,MH-002,Gadchiroli,2023,92,165,19.600476,80.377434,MH-002_C14,test,cnn_test,1,0,1,0.828094
50188,MH-002_2023_R092_C166,MH-002,Gadchiroli,2023,92,166,19.600476,80.377703,MH-002_C14,test,cnn_test,1,0,1,0.7627211
50189,MH-002_2023_R092_C167,MH-002,Gadchiroli,2023,92,167,19.600476,80.377973,MH-002_C14,test,cnn_test,2,1,1,0.8098189
50190,MH-002_2023_R092_C168,MH-002,Gadchiroli,2023,92,168,19.600476,80.378242,MH-002_C14,test,cnn_test,0,0,1,0.4342474
50191,MH-002_2023_R092_C169,MH-002,Gadchiroli,2023,92,169,19.600476,80.378512,MH-002_C14,test,cnn_test,0,0,1,0.8666852
50192,MH-002_2023_R092_C170,MH-002,Gadchiroli,2023,92,170,19.600476,80.378781,MH-002_C14,test,cnn_test,0,0,1,0.8469913
50193,MH-002_2023_R092_C171,MH-002,Gadchiroli,2023,92,171,19.600476,80.379051,MH-002_C14,test,cnn_test,1,0,1,0.80151695
50194,MH-002_2023_R092_C172,MH-002,Gadchiroli,2023,92,172,19.600476,80.37932,MH-002_C15,test,cnn_test,0,0,1,0.5802381
50195,MH-002_2023_R092_C173,MH-002,Gadchiroli,2023,92,173,19.600476,80.37959,MH-002_C15,test,cnn_test,0,0,1,0.648761
50196,MH-002_2023_R092_C174,MH-002,Gadchiroli,2023,92,174,19.600476,80.379859,MH-002_C15,test,cnn_test,0,0,1,0.38633296
50197,MH-002_2023_R092_C175,MH-002,Gadchiroli,2023,92,175,19.600476,80.380129,MH-002_C15,test,cnn_test,0,0,1,0.4012119
50198,MH-002_2023_R092_C176,MH-002,Gadchiroli,2023,92,176,19.600476,80.380398,MH-002_C15,test,cnn_test,0,0,1,0.842358
50277,MH-002_2023_R093_C161,MH-002,Gadchiroli,2023,93,161,19.600206,80.376356,MH-002_C14,test,cnn_test,1,0,1,0.51108843
50278,MH-002_2023_R093_C162,MH-002,Gadchiroli,2023,93,162,19.600206,80.376625,MH-002_C14,test,cnn_test,1,0,1,0.67373145
50279,MH-002_2023_R093_C163,MH-002,Gadchiroli,2023,93,163,19.600206,80.376895,MH-002_C14,test,cnn_test,1,0,1,0.36751395
50280,MH-002_2023_R093_C164,MH-002,Gadchiroli,2023,93,164,19.600206,80.377164,MH-002_C14,test,cnn_test,1,0,1,0.8765712
50281,MH-002_2023_R093_C165,MH-002,Gadchiroli,2023,93,165,19.600206,80.377434,MH-002_C14,test,cnn_test,2,1,1,0.88140035
50282,MH-002_2023_R093_C166,MH-002,Gadchiroli,2023,93,166,19.600206,80.377703,MH-002_C14,test,cnn_test,0,0,1,0.8312776
50283,MH-002_2023_R093_C167,MH-002,Gadchiroli,2023,93,167,19.600206,80.377973,MH-002_C14,test,cnn_test,0,0,1,0.6074737
50284,MH-002_2023_R093_C168,MH-002,Gadchiroli,2023,93,168,19.600206,80.378242,MH-002_C14,test,cnn_test,1,0,1,0.47039983
50285,MH-002_2023_R093_C169,MH-002,Gadchiroli,2023,93,169,19.600206,80.378512,MH-002_C14,test,cnn_test,0,0,1,0.7470298
50286,MH-002_2023_R093_C170,MH-002,Gadchiroli,2023,93,170,19.600206,80.378781,MH-002_C14,test,cnn_test,0,0,1,0.8078675
50287,MH-002_2023_R093_C171,MH-002,Gadchiroli,2023,93,171,19.600206,80.379051,MH-002_C14,test,cnn_test,1,0,1,0.7843746
50288,MH-002_2023_R093_C172,MH-002,Gadchiroli,2023,93,172,19.600206,80.37932,MH-002_C15,test,cnn_test,1,0,1,0.6708464
50289,MH-002_2023_R093_C173,MH-002,Gadchiroli,2023,93,173,19.600206,80.37959,MH-002_C15,test,cnn_test,0,0,1,0.66408205
50290,MH-002_2023_R093_C174,MH-002,Gadchiroli,2023,93,174,19.600206,80.379859,MH-002_C15,test,cnn_test,0,0,1,0.35098127
50291,MH-002_2023_R093_C175,MH-002,Gadchiroli,2023,93,175,19.600206,80.380129,MH-002_C15,test,cnn_test,0,0,1,0.37022972
50359,MH-002_2023_R094_C161,MH-002,Gadchiroli,2023,94,161,19.599937,80.376356,MH-002_C14,test,cnn_test,1,0,1,0.881558
50360,MH-002_2023_R094_C162,MH-002,Gadchiroli,2023,94,162,19.599937,80.376625,MH-002_C14,test,cnn_test,1,0,1,0.90516984
50361,MH-002_2023_R094_C163,MH-002,Gadchiroli,2023,94,163,19.599937,80.376895,MH-002_C14,test,cnn_test,1,0,1,0.8902188
50362,MH-002_2023_R094_C164,MH-002,Gadchiroli,2023,94,164,19.599937,80.377164,MH-002_C14,test,cnn_test,1,0,1,0.9389312
50363,MH-002_2023_R094_C165,MH-002,Gadchiroli,2023,94,165,19.599937,80.377434,MH-002_C14,test,cnn_test,0,0,1,0.92237836
50364,MH-002_2023_R094_C166,MH-002,Gadchiroli,2023,94,166,19.599937,80.377703,MH-002_C14,test,cnn_test,0,0,1,0.72080344
50365,MH-002_2023_R094_C167,MH-002,Gadchiroli,2023,94,167,19.599937,80.377973,MH-002_C14,test,cnn_test,0,0,1,0.70194924
50366,MH-002_2023_R094_C168,MH-002,Gadchiroli,2023,94,168,19.599937,80.378242,MH-002_C14,test,cnn_test,0,0,1,0.265453
50367,MH-002_2023_R094_C169,MH-002,Gadchiroli,2023,94,169,19.599937,80.378512,MH-002_C14,test,cnn_test,0,0,1,0.76535726
50368,MH-002_2023_R094_C170,MH-002,Gadchiroli,2023,94,170,19.599937,80.378781,MH-002_C14,test,cnn_test,0,0,1,0.7812083
50369,MH-002_2023_R094_C171,MH-002,Gadchiroli,2023,94,171,19.599937,80.379051,MH-002_C14,test,cnn_test,0,0,1,0.69887877
50370,MH-002_2023_R094_C172,MH-002,Gadchiroli,2023,94,172,19.599937,80.37932,MH-002_C15,test,cnn_test,0,0,1,0.37243664
50371,MH-002_2023_R094_C173,MH-002,Gadchiroli,2023,94,173,19.599937,80.37959,MH-002_C15,test,cnn_test,0,0,1,0.44296616
50372,MH-002_2023_R094_C174,MH-002,Gadchiroli,2023,94,174,19.599937,80.379859,MH-002_C15,test,cnn_test,0,0,1,0.35583127
50373,MH-002_2023_R094_C175,MH-002,Gadchiroli,2023,94,175,19.599937,80.380129,MH-002_C15,test,cnn_test,0,0,1,0.42015803
50443,MH-002_2023_R095_C161,MH-002,Gadchiroli,2023,95,161,19.599667,80.376356,MH-002_C14,test,cnn_test,0,0,1,0.6605898
50444,MH-002_2023_R095_C162,MH-002,Gadchiroli,2023,95,162,19.599667,80.376625,MH-002_C14,test,cnn_test,0,0,1,0.8041951
50445,MH-002_2023_R095_C163,MH-002,Gadchiroli,2023,95,163,19.599667,80.376895,MH-002_C14,test,cnn_test,0,0,1,0.79974353
50446,MH-002_2023_R095_C164,MH-002,Gadchiroli,2023,95,164,19.599667,80.377164,MH-002_C14,test,cnn_test,1,0,1,0.9249717
50447,MH-002_2023_R095_C165,MH-002,Gadchiroli,2023,95,165,19.599667,80.377434,MH-002_C14,test,cnn_test,1,0,1,0.87614185
50448,MH-002_2023_R095_C166,MH-002,Gadchiroli,2023,95,166,19.599667,80.377703,MH-002_C14,test,cnn_test,0,0,1,0.7275924
50449,MH-002_2023_R095_C167,MH-002,Gadchiroli,2023,95,167,19.599667,80.377973,MH-002_C14,test,cnn_test,0,0,1,0.60168034
50450,MH-002_2023_R095_C168,MH-002,Gadchiroli,2023,95,168,19.599667,80.378242,MH-002_C14,test,cnn_test,0,0,1,0.43472344
50451,MH-002_2023_R095_C169,MH-002,Gadchiroli,2023,95,169,19.599667,80.378512,MH-002_C14,test,cnn_test,0,0,1,0.5295849
50452,MH-002_2023_R095_C170,MH-002,Gadchiroli,2023,95,170,19.599667,80.378781,MH-002_C14,test,cnn_test,0,0,1,0.70208806
50453,MH-002_2023_R095_C171,MH-002,Gadchiroli,2023,95,171,19.599667,80.379051,MH-002_C14,test,cnn_test,1,0,1,0.6713777
50454,MH-002_2023_R095_C172,MH-002,Gadchiroli,2023,95,172,19.599667,80.37932,MH-002_C15,test,cnn_test,1,0,1,0.43627408
50455,MH-002_2023_R095_C173,MH-002,Gadchiroli,2023,95,173,19.599667,80.37959,MH-002_C15,test,cnn_test,0,0,1,0.42170042
50456,MH-002_2023_R095_C174,MH-002,Gadchiroli,2023,95,174,19.599667,80.379859,MH-002_C15,test,cnn_test,0,0,1,0.3264374
50457,MH-002_2023_R095_C175,MH-002,Gadchiroli,2023,95,175,19.599667,80.380129,MH-002_C15,test,cnn_test,0,0,1,0.43250877
50458,MH-002_2023_R095_C176,MH-002,Gadchiroli,2023,95,176,19.599667,80.380398,MH-002_C15,test,cnn_test,0,0,1,0.85040635
50528,MH-002_2023_R096_C161,MH-002,Gadchiroli,2023,96,161,19.599398,80.376356,MH-002_C14,test,cnn_test,0,0,1,0.6368424
50529,MH-002_2023_R096_C162,MH-002,Gadchiroli,2023,96,162,19.599398,80.376625,MH-002_C14,test,cnn_test,0,0,1,0.79072034
50530,MH-002_2023_R096_C163,MH-002,Gadchiroli,2023,96,163,19.599398,80.376895,MH-002_C14,test,cnn_test,0,0,1,0.36503947
50531,MH-002_2023_R096_C164,MH-002,Gadchiroli,2023,96,164,19.599398,80.377164,MH-002_C14,test,cnn_test,1,0,1,0.908329
50532,MH-002_2023_R096_C165,MH-002,Gadchiroli,2023,96,165,19.599398,80.377434,MH-002_C14,test,cnn_test,1,0,1,0.7743132
50533,MH-002_2023_R096_C166,MH-002,Gadchiroli,2023,96,166,19.599398,80.377703,MH-002_C14,test,cnn_test,1,0,1,0.37472168
50534,MH-002_2023_R096_C167,MH-002,Gadchiroli,2023,96,167,19.599398,80.377973,MH-002_C14,test,cnn_test,0,0,1,0.37624982
50535,MH-002_2023_R096_C168,MH-002,Gadchiroli,2023,96,168,19.599398,80.378242,MH-002_C14,test,cnn_test,1,0,1,0.26253715
50536,MH-002_2023_R096_C169,MH-002,Gadchiroli,2023,96,169,19.599398,80.378512,MH-002_C14,test,cnn_test,0,0,1,0.63682836
50537,MH-002_2023_R096_C170,MH-002,Gadchiroli,2023,96,170,19.599398,80.378781,MH-002_C14,test,cnn_test,0,0,1,0.73182154
50538,MH-002_2023_R096_C171,MH-002,Gadchiroli,2023,96,171,19.599398,80.379051,MH-002_C14,test,cnn_test,1,0,1,0.4255432
50539,MH-002_2023_R096_C172,MH-002,Gadchiroli,2023,96,172,19.599398,80.37932,MH-002_C15,test,cnn_test,1,0,1,0.2687344
50540,MH-002_2023_R096_C173,MH-002,Gadchiroli,2023,96,173,19.599398,80.37959,MH-002_C15,test,cnn_test,0,0,1,0.22159909
50541,MH-002_2023_R096_C174,MH-002,Gadchiroli,2023,96,174,19.599398,80.379859,MH-002_C15,test,cnn_test,0,0,1,0.3548755
50542,MH-002_2023_R096_C175,MH-002,Gadchiroli,2023,96,175,19.599398,80.380129,MH-002_C15,test,cnn_test,0,0,1,0.31041527
50543,MH-002_2023_R096_C176,MH-002,Gadchiroli,2023,96,176,19.599398,80.380398,MH-002_C15,test,cnn_test,0,0,1,0.8053297
50607,MH-002_2023_R097_C163,MH-002,Gadchiroli,2023,97,163,19.599128,80.376895,MH-002_C14,test,cnn_test,0,0,0,0.046847746
50608,MH-002_2023_R097_C164,MH-002,Gadchiroli,2023,97,164,19.599128,80.377164,MH-002_C14,test,cnn_test,0,0,1,0.6613909
50609,MH-002_2023_R097_C165,MH-002,Gadchiroli,2023,97,165,19.599128,80.377434,MH-002_C14,test,cnn_test,1,0,1,0.34447092
50610,MH-002_2023_R097_C166,MH-002,Gadchiroli,2023,97,166,19.599128,80.377703,MH-002_C14,test,cnn_test,0,0,1,0.34059265
50611,MH-002_2023_R097_C167,MH-002,Gadchiroli,2023,97,167,19.599128,80.377973,MH-002_C14,test,cnn_test,1,0,1,0.3591957
50612,MH-002_2023_R097_C168,MH-002,Gadchiroli,2023,97,168,19.599128,80.378242,MH-002_C14,test,cnn_test,1,0,1,0.21937984
50613,MH-002_2023_R097_C169,MH-002,Gadchiroli,2023,97,169,19.599128,80.378512,MH-002_C14,test,cnn_test,1,0,1,0.17391391
50614,MH-002_2023_R097_C170,MH-002,Gadchiroli,2023,97,170,19.599128,80.378781,MH-002_C14,test,cnn_test,0,0,1,0.6625288
50615,MH-002_2023_R097_C171,MH-002,Gadchiroli,2023,97,171,19.599128,80.379051,MH-002_C14,test,cnn_test,0,0,1,0.67416745
50616,MH-002_2023_R097_C172,MH-002,Gadchiroli,2023,97,172,19.599128,80.37932,MH-002_C15,test,cnn_test,0,0,1,0.57376605
50617,MH-002_2023_R097_C173,MH-002,Gadchiroli,2023,97,173,19.599128,80.37959,MH-002_C15,test,cnn_test,0,0,1,0.41828004
50618,MH-002_2023_R097_C174,MH-002,Gadchiroli,2023,97,174,19.599128,80.379859,MH-002_C15,test,cnn_test,0,0,1,0.49559504
50619,MH-002_2023_R097_C175,MH-002,Gadchiroli,2023,97,175,19.599128,80.380129,MH-002_C15,test,cnn_test,0,0,1,0.42031795
50620,MH-002_2023_R097_C176,MH-002,Gadchiroli,2023,97,176,19.599128,80.380398,MH-002_C15,test,cnn_test,0,0,1,0.88045377
50684,MH-002_2023_R098_C161,MH-002,Gadchiroli,2023,98,161,19.598859,80.376356,MH-002_C14,test,cnn_test,0,0,1,0.53397447
50685,MH-002_2023_R098_C163,MH-002,Gadchiroli,2023,98,163,19.598859,80.376895,MH-002_C14,test,cnn_test,0,0,1,0.63772154
50686,MH-002_2023_R098_C164,MH-002,Gadchiroli,2023,98,164,19.598859,80.377164,MH-002_C14,test,cnn_test,0,0,1,0.917032
50687,MH-002_2023_R098_C165,MH-002,Gadchiroli,2023,98,165,19.598859,80.377434,MH-002_C14,test,cnn_test,0,0,1,0.771573
50688,MH-002_2023_R098_C166,MH-002,Gadchiroli,2023,98,166,19.598859,80.377703,MH-002_C14,test,cnn_test,2,1,1,0.4904585
50689,MH-002_2023_R098_C167,MH-002,Gadchiroli,2023,98,167,19.598859,80.377973,MH-002_C14,test,cnn_test,1,0,1,0.45343152
50690,MH-002_2023_R098_C168,MH-002,Gadchiroli,2023,98,168,19.598859,80.378242,MH-002_C14,test,cnn_test,1,0,1,0.4134739
50691,MH-002_2023_R098_C169,MH-002,Gadchiroli,2023,98,169,19.598859,80.378512,MH-002_C14,test,cnn_test,0,0,1,0.77450603
50692,MH-002_2023_R098_C170,MH-002,Gadchiroli,2023,98,170,19.598859,80.378781,MH-002_C14,test,cnn_test,1,0,1,0.78074205
50693,MH-002_2023_R098_C171,MH-002,Gadchiroli,2023,98,171,19.598859,80.379051,MH-002_C14,test,cnn_test,0,0,1,0.822562
50694,MH-002_2023_R098_C172,MH-002,Gadchiroli,2023,98,172,19.598859,80.37932,MH-002_C15,test,cnn_test,0,0,1,0.85838634
50695,MH-002_2023_R098_C173,MH-002,Gadchiroli,2023,98,173,19.598859,80.37959,MH-002_C15,test,cnn_test,0,0,1,0.7936901
50696,MH-002_2023_R098_C174,MH-002,Gadchiroli,2023,98,174,19.598859,80.379859,MH-002_C15,test,cnn_test,0,0,1,0.8562551
50697,MH-002_2023_R098_C175,MH-002,Gadchiroli,2023,98,175,19.598859,80.380129,MH-002_C15,test,cnn_test,0,0,1,0.74851435
50698,MH-002_2023_R098_C176,MH-002,Gadchiroli,2023,98,176,19.598859,80.380398,MH-002_C15,test,cnn_test,0,0,1,0.95339704
50765,MH-002_2023_R099_C161,MH-002,Gadchiroli,2023,99,161,19.598589,80.376356,MH-002_C14,test,cnn_test,1,0,1,0.10068039
50766,MH-002_2023_R099_C162,MH-002,Gadchiroli,2023,99,162,19.598589,80.376625,MH-002_C14,test,cnn_test,1,0,1,0.30657881
50767,MH-002_2023_R099_C163,MH-002,Gadchiroli,2023,99,163,19.598589,80.376895,MH-002_C14,test,cnn_test,1,0,1,0.201735
50768,MH-002_2023_R099_C164,MH-002,Gadchiroli,2023,99,164,19.598589,80.377164,MH-002_C14,test,cnn_test,2,1,1,0.86309814
50769,MH-002_2023_R099_C165,MH-002,Gadchiroli,2023,99,165,19.598589,80.377434,MH-002_C14,test,cnn_test,1,0,1,0.5329311
50770,MH-002_2023_R099_C166,MH-002,Gadchiroli,2023,99,166,19.598589,80.377703,MH-002_C14,test,cnn_test,2,1,1,0.6114491
50771,MH-002_2023_R099_C167,MH-002,Gadchiroli,2023,99,167,19.598589,80.377973,MH-002_C14,test,cnn_test,2,1,1,0.49037674
50772,MH-002_2023_R099_C168,MH-002,Gadchiroli,2023,99,168,19.598589,80.378242,MH-002_C14,test,cnn_test,2,1,1,0.3932408
50773,MH-002_2023_R099_C169,MH-002,Gadchiroli,2023,99,169,19.598589,80.378512,MH-002_C14,test,cnn_test,0,0,1,0.3342983
50774,MH-002_2023_R099_C170,MH-002,Gadchiroli,2023,99,170,19.598589,80.378781,MH-002_C14,test,cnn_test,0,0,1,0.6707671
50775,MH-002_2023_R099_C171,MH-002,Gadchiroli,2023,99,171,19.598589,80.379051,MH-002_C14,test,cnn_test,0,0,1,0.8663918
50776,MH-002_2023_R099_C172,MH-002,Gadchiroli,2023,99,172,19.598589,80.37932,MH-002_C15,test,cnn_test,0,0,1,0.803629
50777,MH-002_2023_R099_C173,MH-002,Gadchiroli,2023,99,173,19.598589,80.37959,MH-002_C15,test,cnn_test,0,0,1,0.8508183
50778,MH-002_2023_R099_C174,MH-002,Gadchiroli,2023,99,174,19.598589,80.379859,MH-002_C15,test,cnn_test,0,0,1,0.9123199
50779,MH-002_2023_R099_C175,MH-002,Gadchiroli,2023,99,175,19.598589,80.380129,MH-002_C15,test,cnn_test,0,0,1,0.86369264
50780,MH-002_2023_R099_C176,MH-002,Gadchiroli,2023,99,176,19.598589,80.380398,MH-002_C15,test,cnn_test,0,0,1,0.9358248
50845,MH-002_2023_R100_C161,MH-002,Gadchiroli,2023,100,161,19.59832,80.376356,MH-002_C14,test,cnn_test,0,0,0,0.095226474
50846,MH-002_2023_R100_C162,MH-002,Gadchiroli,2023,100,162,19.59832,80.376625,MH-002_C14,test,cnn_test,1,0,1,0.39939088
50847,MH-002_2023_R100_C163,MH-002,Gadchiroli,2023,100,163,19.59832,80.376895,MH-002_C14,test,cnn_test,1,0,1,0.25537094
50848,MH-002_2023_R100_C164,MH-002,Gadchiroli,2023,100,164,19.59832,80.377164,MH-002_C14,test,cnn_test,1,0,1,0.9284138
50849,MH-002_2023_R100_C165,MH-002,Gadchiroli,2023,100,165,19.59832,80.377434,MH-002_C14,test,cnn_test,1,0,1,0.8048591
50850,MH-002_2023_R100_C166,MH-002,Gadchiroli,2023,100,166,19.59832,80.377703,MH-002_C14,test,cnn_test,2,1,1,0.5872737
50851,MH-002_2023_R100_C167,MH-002,Gadchiroli,2023,100,167,19.59832,80.377973,MH-002_C14,test,cnn_test,2,1,1,0.5934729
50852,MH-002_2023_R100_C168,MH-002,Gadchiroli,2023,100,168,19.59832,80.378242,MH-002_C14,test,cnn_test,2,1,1,0.70857966
50853,MH-002_2023_R100_C169,MH-002,Gadchiroli,2023,100,169,19.59832,80.378512,MH-002_C14,test,cnn_test,1,0,1,0.8100449
50854,MH-002_2023_R100_C170,MH-002,Gadchiroli,2023,100,170,19.59832,80.378781,MH-002_C14,test,cnn_test,0,0,1,0.5136557
50855,MH-002_2023_R100_C171,MH-002,Gadchiroli,2023,100,171,19.59832,80.379051,MH-002_C14,test,cnn_test,0,0,1,0.5644862
50856,MH-002_2023_R100_C172,MH-002,Gadchiroli,2023,100,172,19.59832,80.37932,MH-002_C15,test,cnn_test,0,0,1,0.5879989
50857,MH-002_2023_R100_C173,MH-002,Gadchiroli,2023,100,173,19.59832,80.37959,MH-002_C15,test,cnn_test,0,0,1,0.8080954
50858,MH-002_2023_R100_C174,MH-002,Gadchiroli,2023,100,174,19.59832,80.379859,MH-002_C15,test,cnn_test,0,0,1,0.8758817
50859,MH-002_2023_R100_C175,MH-002,Gadchiroli,2023,100,175,19.59832,80.380129,MH-002_C15,test,cnn_test,0,0,1,0.80866104
50860,MH-002_2023_R100_C176,MH-002,Gadchiroli,2023,100,176,19.59832,80.380398,MH-002_C15,test,cnn_test,0,0,1,0.84399074
50922,MH-002_2023_R101_C161,MH-002,Gadchiroli,2023,101,161,19.59805,80.376356,MH-002_C14,test,cnn_test,0,0,0,0.019524766
50923,MH-002_2023_R101_C162,MH-002,Gadchiroli,2023,101,162,19.59805,80.376625,MH-002_C14,test,cnn_test,0,0,0,0.057464216
50924,MH-002_2023_R101_C163,MH-002,Gadchiroli,2023,101,163,19.59805,80.376895,MH-002_C14,test,cnn_test,1,0,0,0.030068733
50925,MH-002_2023_R101_C164,MH-002,Gadchiroli,2023,101,164,19.59805,80.377164,MH-002_C14,test,cnn_test,2,1,1,0.6325346
50926,MH-002_2023_R101_C165,MH-002,Gadchiroli,2023,101,165,19.59805,80.377434,MH-002_C14,test,cnn_test,2,1,1,0.666293
50927,MH-002_2023_R101_C166,MH-002,Gadchiroli,2023,101,166,19.59805,80.377703,MH-002_C14,test,cnn_test,2,1,1,0.755733
50928,MH-002_2023_R101_C167,MH-002,Gadchiroli,2023,101,167,19.59805,80.377973,MH-002_C14,test,cnn_test,1,0,1,0.7564858
50929,MH-002_2023_R101_C168,MH-002,Gadchiroli,2023,101,168,19.59805,80.378242,MH-002_C14,test,cnn_test,0,0,1,0.6168863
50930,MH-002_2023_R101_C169,MH-002,Gadchiroli,2023,101,169,19.59805,80.378512,MH-002_C14,test,cnn_test,1,0,1,0.5181031
50931,MH-002_2023_R101_C170,MH-002,Gadchiroli,2023,101,170,19.59805,80.378781,MH-002_C14,test,cnn_test,1,0,1,0.16168548
50932,MH-002_2023_R101_C171,MH-002,Gadchiroli,2023,101,171,19.59805,80.379051,MH-002_C14,test,cnn_test,1,0,1,0.30299076
50933,MH-002_2023_R101_C172,MH-002,Gadchiroli,2023,101,172,19.59805,80.37932,MH-002_C15,test,cnn_test,0,0,1,0.13216935
50934,MH-002_2023_R101_C173,MH-002,Gadchiroli,2023,101,173,19.59805,80.37959,MH-002_C15,test,cnn_test,0,0,1,0.27927366
50935,MH-002_2023_R101_C174,MH-002,Gadchiroli,2023,101,174,19.59805,80.379859,MH-002_C15,test,cnn_test,0,0,1,0.49005222
50936,MH-002_2023_R101_C175,MH-002,Gadchiroli,2023,101,175,19.59805,80.380129,MH-002_C15,test,cnn_test,0,0,1,0.36712435
50937,MH-002_2023_R101_C176,MH-002,Gadchiroli,2023,101,176,19.59805,80.380398,MH-002_C15,test,cnn_test,0,0,1,0.55117005
50992,MH-002_2023_R102_C161,MH-002,Gadchiroli,2023,102,161,19.597781,80.376356,MH-002_C14,test,cnn_test,0,0,1,0.38370615
50993,MH-002_2023_R102_C162,MH-002,Gadchiroli,2023,102,162,19.597781,80.376625,MH-002_C14,test,cnn_test,0,0,1,0.5130121
50994,MH-002_2023_R102_C163,MH-002,Gadchiroli,2023,102,163,19.597781,80.376895,MH-002_C14,test,cnn_test,2,1,1,0.16397788
50995,MH-002_2023_R102_C164,MH-002,Gadchiroli,2023,102,164,19.597781,80.377164,MH-002_C14,test,cnn_test,2,1,1,0.867876
50996,MH-002_2023_R102_C165,MH-002,Gadchiroli,2023,102,165,19.597781,80.377434,MH-002_C14,test,cnn_test,2,1,1,0.70243615
50997,MH-002_2023_R102_C166,MH-002,Gadchiroli,2023,102,166,19.597781,80.377703,MH-002_C14,test,cnn_test,1,0,1,0.45430583
50998,MH-002_2023_R102_C167,MH-002,Gadchiroli,2023,102,167,19.597781,80.377973,MH-002_C14,test,cnn_test,1,0,1,0.24754328
50999,MH-002_2023_R102_C168,MH-002,Gadchiroli,2023,102,168,19.597781,80.378242,MH-002_C14,test,cnn_test,1,0,1,0.43404388
51000,MH-002_2023_R102_C169,MH-002,Gadchiroli,2023,102,169,19.597781,80.378512,MH-002_C14,test,cnn_test,2,1,0,0.08203435
51001,MH-002_2023_R102_C170,MH-002,Gadchiroli,2023,102,170,19.597781,80.378781,MH-002_C14,test,cnn_test,2,1,0,0.018206703
51002,MH-002_2023_R102_C171,MH-002,Gadchiroli,2023,102,171,19.597781,80.379051,MH-002_C14,test,cnn_test,2,1,0,0.0098771965
51003,MH-002_2023_R102_C172,MH-002,Gadchiroli,2023,102,172,19.597781,80.37932,MH-002_C15,test,cnn_test,0,0,0,0.020001914
51004,MH-002_2023_R102_C173,MH-002,Gadchiroli,2023,102,173,19.597781,80.37959,MH-002_C15,test,cnn_test,0,0,0,0.05306235
51005,MH-002_2023_R102_C174,MH-002,Gadchiroli,2023,102,174,19.597781,80.379859,MH-002_C15,test,cnn_test,0,0,1,0.10191354
51006,MH-002_2023_R102_C175,MH-002,Gadchiroli,2023,102,175,19.597781,80.380129,MH-002_C15,test,cnn_test,0,0,1,0.10285466
51007,MH-002_2023_R102_C176,MH-002,Gadchiroli,2023,102,176,19.597781,80.380398,MH-002_C15,test,cnn_test,0,0,1,0.13089867
51061,MH-002_2023_R103_C161,MH-002,Gadchiroli,2023,103,161,19.597511,80.376356,MH-002_C14,test,cnn_test,0,0,1,0.18578464
51062,MH-002_2023_R103_C162,MH-002,Gadchiroli,2023,103,162,19.597511,80.376625,MH-002_C14,test,cnn_test,0,0,1,0.1544818
51063,MH-002_2023_R103_C163,MH-002,Gadchiroli,2023,103,163,19.597511,80.376895,MH-002_C14,test,cnn_test,1,0,1,0.11858156
51064,MH-002_2023_R103_C164,MH-002,Gadchiroli,2023,103,164,19.597511,80.377164,MH-002_C14,test,cnn_test,2,1,1,0.71121675
51065,MH-002_2023_R103_C165,MH-002,Gadchiroli,2023,103,165,19.597511,80.377434,MH-002_C14,test,cnn_test,1,0,1,0.64976186
51066,MH-002_2023_R103_C166,MH-002,Gadchiroli,2023,103,166,19.597511,80.377703,MH-002_C14,test,cnn_test,1,0,1,0.7307234
51067,MH-002_2023_R103_C167,MH-002,Gadchiroli,2023,103,167,19.597511,80.377973,MH-002_C14,test,cnn_test,0,0,1,0.6558976
51068,MH-002_2023_R103_C168,MH-002,Gadchiroli,2023,103,168,19.597511,80.378242,MH-002_C14,test,cnn_test,1,0,1,0.51897234
51069,MH-002_2023_R103_C169,MH-002,Gadchiroli,2023,103,169,19.597511,80.378512,MH-002_C14,test,cnn_test,2,1,1,0.3093583
51070,MH-002_2023_R103_C170,MH-002,Gadchiroli,2023,103,170,19.597511,80.378781,MH-002_C14,test,cnn_test,2,1,0,0.008403789
51071,MH-002_2023_R103_C171,MH-002,Gadchiroli,2023,103,171,19.597511,80.379051,MH-002_C14,test,cnn_test,0,0,0,0.0066904896
51072,MH-002_2023_R103_C172,MH-002,Gadchiroli,2023,103,172,19.597511,80.37932,MH-002_C15,test,cnn_test,0,0,0,0.0039549675
51073,MH-002_2023_R103_C173,MH-002,Gadchiroli,2023,103,173,19.597511,80.37959,MH-002_C15,test,cnn_test,0,0,0,0.03310838
51074,MH-002_2023_R103_C174,MH-002,Gadchiroli,2023,103,174,19.597511,80.379859,MH-002_C15,test,cnn_test,0,0,0,0.033057846
51075,MH-002_2023_R103_C175,MH-002,Gadchiroli,2023,103,175,19.597511,80.380129,MH-002_C15,test,cnn_test,0,0,0,0.021825094
51076,MH-002_2023_R103_C176,MH-002,Gadchiroli,2023,103,176,19.597511,80.380398,MH-002_C15,test,cnn_test,0,0,0,0.024357041
51134,MH-002_2023_R104_C161,MH-002,Gadchiroli,2023,104,161,19.597242,80.376356,MH-002_C14,test,cnn_test,1,0,1,0.32639024
51135,MH-002_2023_R104_C162,MH-002,Gadchiroli,2023,104,162,19.597242,80.376625,MH-002_C14,test,cnn_test,0,0,1,0.42196104
51136,MH-002_2023_R104_C163,MH-002,Gadchiroli,2023,104,163,19.597242,80.376895,MH-002_C14,test,cnn_test,0,0,1,0.5234835
51137,MH-002_2023_R104_C164,MH-002,Gadchiroli,2023,104,164,19.597242,80.377164,MH-002_C14,test,cnn_test,2,1,1,0.83001626
51138,MH-002_2023_R104_C165,MH-002,Gadchiroli,2023,104,165,19.597242,80.377434,MH-002_C14,test,cnn_test,2,1,1,0.7659413
51139,MH-002_2023_R104_C166,MH-002,Gadchiroli,2023,104,166,19.597242,80.377703,MH-002_C14,test,cnn_test,1,0,1,0.80714554
51140,MH-002_2023_R104_C167,MH-002,Gadchiroli,2023,104,167,19.597242,80.377973,MH-002_C14,test,cnn_test,1,0,1,0.70168626
51141,MH-002_2023_R104_C168,MH-002,Gadchiroli,2023,104,168,19.597242,80.378242,MH-002_C14,test,cnn_test,0,0,1,0.54291135
51142,MH-002_2023_R104_C169,MH-002,Gadchiroli,2023,104,169,19.597242,80.378512,MH-002_C14,test,cnn_test,0,0,0,0.09701297
51143,MH-002_2023_R104_C170,MH-002,Gadchiroli,2023,104,170,19.597242,80.378781,MH-002_C14,test,cnn_test,1,0,0,0.015846603
51144,MH-002_2023_R104_C171,MH-002,Gadchiroli,2023,104,171,19.597242,80.379051,MH-002_C14,test,cnn_test,0,0,0,0.012434877
51145,MH-002_2023_R104_C172,MH-002,Gadchiroli,2023,104,172,19.597242,80.37932,MH-002_C15,test,cnn_test,0,0,0,0.008836799
51146,MH-002_2023_R104_C173,MH-002,Gadchiroli,2023,104,173,19.597242,80.37959,MH-002_C15,test,cnn_test,0,0,0,0.013378157
51147,MH-002_2023_R104_C174,MH-002,Gadchiroli,2023,104,174,19.597242,80.379859,MH-002_C15,test,cnn_test,0,0,0,0.012874542
51148,MH-002_2023_R104_C175,MH-002,Gadchiroli,2023,104,175,19.597242,80.380129,MH-002_C15,test,cnn_test,0,0,0,0.010421081
51149,MH-002_2023_R104_C176,MH-002,Gadchiroli,2023,104,176,19.597242,80.380398,MH-002_C15,test,cnn_test,0,0,0,0.017234966
51212,MH-002_2023_R105_C161,MH-002,Gadchiroli,2023,105,161,19.596973,80.376356,MH-002_C14,test,cnn_test,0,0,1,0.16919632
51213,MH-002_2023_R105_C162,MH-002,Gadchiroli,2023,105,162,19.596973,80.376625,MH-002_C14,test,cnn_test,1,0,1,0.60252565
51214,MH-002_2023_R105_C163,MH-002,Gadchiroli,2023,105,163,19.596973,80.376895,MH-002_C14,test,cnn_test,0,0,1,0.26601267
51215,MH-002_2023_R105_C164,MH-002,Gadchiroli,2023,105,164,19.596973,80.377164,MH-002_C14,test,cnn_test,2,1,1,0.5749478
51216,MH-002_2023_R105_C165,MH-002,Gadchiroli,2023,105,165,19.596973,80.377434,MH-002_C14,test,cnn_test,2,1,1,0.2840765
51217,MH-002_2023_R105_C166,MH-002,Gadchiroli,2023,105,166,19.596973,80.377703,MH-002_C14,test,cnn_test,0,0,1,0.699272
51218,MH-002_2023_R105_C167,MH-002,Gadchiroli,2023,105,167,19.596973,80.377973,MH-002_C14,test,cnn_test,0,0,1,0.21335989
51219,MH-002_2023_R105_C168,MH-002,Gadchiroli,2023,105,168,19.596973,80.378242,MH-002_C14,test,cnn_test,0,0,1,0.15718739
51220,MH-002_2023_R105_C169,MH-002,Gadchiroli,2023,105,169,19.596973,80.378512,MH-002_C14,test,cnn_test,0,0,0,0.048404023
51221,MH-002_2023_R105_C170,MH-002,Gadchiroli,2023,105,170,19.596973,80.378781,MH-002_C14,test,cnn_test,0,0,0,0.00515803
51222,MH-002_2023_R105_C171,MH-002,Gadchiroli,2023,105,171,19.596973,80.379051,MH-002_C14,test,cnn_test,0,0,0,0.005382867
51223,MH-002_2023_R105_C172,MH-002,Gadchiroli,2023,105,172,19.596973,80.37932,MH-002_C15,test,cnn_test,0,0,0,0.005029411
51224,MH-002_2023_R105_C173,MH-002,Gadchiroli,2023,105,173,19.596973,80.37959,MH-002_C15,test,cnn_test,0,0,0,0.0027177525
51225,MH-002_2023_R105_C174,MH-002,Gadchiroli,2023,105,174,19.596973,80.379859,MH-002_C15,test,cnn_test,0,0,0,0.0022371833
51226,MH-002_2023_R105_C175,MH-002,Gadchiroli,2023,105,175,19.596973,80.380129,MH-002_C15,test,cnn_test,0,0,0,0.0011361543
51227,MH-002_2023_R105_C176,MH-002,Gadchiroli,2023,105,176,19.596973,80.380398,MH-002_C15,test,cnn_test,0,0,0,0.002018211
51291,MH-002_2023_R106_C161,MH-002,Gadchiroli,2023,106,161,19.596703,80.376356,MH-002_C14,test,cnn_test,0,0,1,0.42197004
51292,MH-002_2023_R106_C162,MH-002,Gadchiroli,2023,106,162,19.596703,80.376625,MH-002_C14,test,cnn_test,1,0,1,0.60066336
51293,MH-002_2023_R106_C163,MH-002,Gadchiroli,2023,106,163,19.596703,80.376895,MH-002_C14,test,cnn_test,0,0,1,0.26503268
51294,MH-002_2023_R106_C164,MH-002,Gadchiroli,2023,106,164,19.596703,80.377164,MH-002_C14,test,cnn_test,0,0,1,0.58286023
51295,MH-002_2023_R106_C165,MH-002,Gadchiroli,2023,106,165,19.596703,80.377434,MH-002_C14,test,cnn_test,2,1,1,0.60756725
51296,MH-002_2023_R106_C166,MH-002,Gadchiroli,2023,106,166,19.596703,80.377703,MH-002_C14,test,cnn_test,1,0,1,0.8093455
51297,MH-002_2023_R106_C167,MH-002,Gadchiroli,2023,106,167,19.596703,80.377973,MH-002_C14,test,cnn_test,1,0,1,0.14102322
51298,MH-002_2023_R106_C168,MH-002,Gadchiroli,2023,106,168,19.596703,80.378242,MH-002_C14,test,cnn_test,1,0,0,0.070473306
51299,MH-002_2023_R106_C169,MH-002,Gadchiroli,2023,106,169,19.596703,80.378512,MH-002_C14,test,cnn_test,0,0,0,0.010496686
51300,MH-002_2023_R106_C170,MH-002,Gadchiroli,2023,106,170,19.596703,80.378781,MH-002_C14,test,cnn_test,0,0,0,0.003914069
51301,MH-002_2023_R106_C171,MH-002,Gadchiroli,2023,106,171,19.596703,80.379051,MH-002_C14,test,cnn_test,0,0,0,0.011007729
51302,MH-002_2023_R106_C172,MH-002,Gadchiroli,2023,106,172,19.596703,80.37932,MH-002_C15,test,cnn_test,0,0,0,0.009157968
51303,MH-002_2023_R106_C173,MH-002,Gadchiroli,2023,106,173,19.596703,80.37959,MH-002_C15,test,cnn_test,0,0,0,0.0012733593
51304,MH-002_2023_R106_C174,MH-002,Gadchiroli,2023,106,174,19.596703,80.379859,MH-002_C15,test,cnn_test,0,0,0,0.0009417574
51305,MH-002_2023_R106_C175,MH-002,Gadchiroli,2023,106,175,19.596703,80.380129,MH-002_C15,test,cnn_test,0,0,0,0.00047029063
51306,MH-002_2023_R106_C176,MH-002,Gadchiroli,2023,106,176,19.596703,80.380398,MH-002_C15,test,cnn_test,0,0,0,0.0006793034
51374,MH-002_2023_R107_C161,MH-002,Gadchiroli,2023,107,161,19.596434,80.376356,MH-002_C14,test,cnn_test,2,1,1,0.39598572
51375,MH-002_2023_R107_C162,MH-002,Gadchiroli,2023,107,162,19.596434,80.376625,MH-002_C14,test,cnn_test,2,1,1,0.7794956
51376,MH-002_2023_R107_C163,MH-002,Gadchiroli,2023,107,163,19.596434,80.376895,MH-002_C14,test,cnn_test,2,1,1,0.269324
51377,MH-002_2023_R107_C164,MH-002,Gadchiroli,2023,107,164,19.596434,80.377164,MH-002_C14,test,cnn_test,1,0,1,0.66655535
51378,MH-002_2023_R107_C165,MH-002,Gadchiroli,2023,107,165,19.596434,80.377434,MH-002_C14,test,cnn_test,0,0,1,0.44088316
51379,MH-002_2023_R107_C166,MH-002,Gadchiroli,2023,107,166,19.596434,80.377703,MH-002_C14,test,cnn_test,0,0,1,0.8856173
51380,MH-002_2023_R107_C167,MH-002,Gadchiroli,2023,107,167,19.596434,80.377973,MH-002_C14,test,cnn_test,1,0,1,0.20980005
51381,MH-002_2023_R107_C168,MH-002,Gadchiroli,2023,107,168,19.596434,80.378242,MH-002_C14,test,cnn_test,1,0,0,0.060202096
51382,MH-002_2023_R107_C169,MH-002,Gadchiroli,2023,107,169,19.596434,80.378512,MH-002_C14,test,cnn_test,0,0,0,0.0059231436
51383,MH-002_2023_R107_C170,MH-002,Gadchiroli,2023,107,170,19.596434,80.378781,MH-002_C14,test,cnn_test,0,0,0,0.00096699013
51384,MH-002_2023_R107_C171,MH-002,Gadchiroli,2023,107,171,19.596434,80.379051,MH-002_C14,test,cnn_test,0,0,0,0.0008584694
51385,MH-002_2023_R107_C172,MH-002,Gadchiroli,2023,107,172,19.596434,80.37932,MH-002_C15,test,cnn_test,0,0,0,0.0036261051
51386,MH-002_2023_R107_C173,MH-002,Gadchiroli,2023,107,173,19.596434,80.37959,MH-002_C15,test,cnn_test,0,0,0,0.0008338486
51387,MH-002_2023_R107_C174,MH-002,Gadchiroli,2023,107,174,19.596434,80.379859,MH-002_C15,test,cnn_test,0,0,0,0.0006694439
51388,MH-002_2023_R107_C175,MH-002,Gadchiroli,2023,107,175,19.596434,80.380129,MH-002_C15,test,cnn_test,0,0,0,0.00046446445
51389,MH-002_2023_R107_C176,MH-002,Gadchiroli,2023,107,176,19.596434,80.380398,MH-002_C15,test,cnn_test,0,0,0,0.0005637221
51449,MH-002_2023_R108_C161,MH-002,Gadchiroli,2023,108,161,19.596164,80.376356,MH-002_C14,test,cnn_test,2,1,1,0.75955683
51450,MH-002_2023_R108_C162,MH-002,Gadchiroli,2023,108,162,19.596164,80.376625,MH-002_C14,test,cnn_test,2,1,1,0.72261506
51451,MH-002_2023_R108_C163,MH-002,Gadchiroli,2023,108,163,19.596164,80.376895,MH-002_C14,test,cnn_test,1,0,1,0.7285708
51452,MH-002_2023_R108_C164,MH-002,Gadchiroli,2023,108,164,19.596164,80.377164,MH-002_C14,test,cnn_test,1,0,1,0.70507485
51453,MH-002_2023_R108_C165,MH-002,Gadchiroli,2023,108,165,19.596164,80.377434,MH-002_C14,test,cnn_test,2,1,1,0.7220561
51454,MH-002_2023_R108_C166,MH-002,Gadchiroli,2023,108,166,19.596164,80.377703,MH-002_C14,test,cnn_test,2,1,1,0.84224725
51455,MH-002_2023_R108_C167,MH-002,Gadchiroli,2023,108,167,19.596164,80.377973,MH-002_C14,test,cnn_test,1,0,1,0.36608315
51456,MH-002_2023_R108_C168,MH-002,Gadchiroli,2023,108,168,19.596164,80.378242,MH-002_C14,test,cnn_test,0,0,1,0.14805453
51457,MH-002_2023_R108_C169,MH-002,Gadchiroli,2023,108,169,19.596164,80.378512,MH-002_C14,test,cnn_test,0,0,0,0.0066028074
51458,MH-002_2023_R108_C170,MH-002,Gadchiroli,2023,108,170,19.596164,80.378781,MH-002_C14,test,cnn_test,0,0,0,0.002871624
51459,MH-002_2023_R108_C171,MH-002,Gadchiroli,2023,108,171,19.596164,80.379051,MH-002_C14,test,cnn_test,0,0,0,0.0072983196
51460,MH-002_2023_R108_C172,MH-002,Gadchiroli,2023,108,172,19.596164,80.37932,MH-002_C15,test,cnn_test,0,0,0,0.017052772
51461,MH-002_2023_R108_C173,MH-002,Gadchiroli,2023,108,173,19.596164,80.37959,MH-002_C15,test,cnn_test,0,0,0,0.0013912413
51462,MH-002_2023_R108_C174,MH-002,Gadchiroli,2023,108,174,19.596164,80.379859,MH-002_C15,test,cnn_test,0,0,0,0.0012028883
51463,MH-002_2023_R108_C175,MH-002,Gadchiroli,2023,108,175,19.596164,80.380129,MH-002_C15,test,cnn_test,0,0,0,0.0008010387
51464,MH-002_2023_R108_C176,MH-002,Gadchiroli,2023,108,176,19.596164,80.380398,MH-002_C15,test,cnn_test,0,0,0,0.0010290365
55722,MH-002_2024_R058_C161,MH-002,Gadchiroli,2024,58,161,19.609639,80.376356,MH-002_C14,test,cnn_test,0,0,0,0.03718285
55799,MH-002_2024_R059_C162,MH-002,Gadchiroli,2024,59,162,19.609369,80.376625,MH-002_C14,test,cnn_test,0,0,1,0.19228517
55873,MH-002_2024_R060_C161,MH-002,Gadchiroli,2024,60,161,19.6091,80.376356,MH-002_C14,test,cnn_test,0,0,1,0.1226529
55874,MH-002_2024_R060_C163,MH-002,Gadchiroli,2024,60,163,19.6091,80.376895,MH-002_C14,test,cnn_test,0,0,1,0.12648608
55946,MH-002_2024_R061_C161,MH-002,Gadchiroli,2024,61,161,19.60883,80.376356,MH-002_C14,test,cnn_test,0,0,1,0.13705713
55947,MH-002_2024_R061_C163,MH-002,Gadchiroli,2024,61,163,19.60883,80.376895,MH-002_C14,test,cnn_test,0,0,0,0.096255936
55948,MH-002_2024_R061_C164,MH-002,Gadchiroli,2024,61,164,19.60883,80.377164,MH-002_C14,test,cnn_test,0,0,1,0.53098714
56014,MH-002_2024_R062_C161,MH-002,Gadchiroli,2024,62,161,19.608561,80.376356,MH-002_C14,test,cnn_test,0,0,1,0.13175601
56015,MH-002_2024_R062_C163,MH-002,Gadchiroli,2024,62,163,19.608561,80.376895,MH-002_C14,test,cnn_test,0,0,1,0.11198871
56016,MH-002_2024_R062_C164,MH-002,Gadchiroli,2024,62,164,19.608561,80.377164,MH-002_C14,test,cnn_test,0,0,1,0.35533547
56017,MH-002_2024_R062_C165,MH-002,Gadchiroli,2024,62,165,19.608561,80.377434,MH-002_C14,test,cnn_test,0,0,1,0.11360348
56082,MH-002_2024_R063_C161,MH-002,Gadchiroli,2024,63,161,19.608291,80.376356,MH-002_C14,test,cnn_test,0,0,1,0.10532971
56083,MH-002_2024_R063_C162,MH-002,Gadchiroli,2024,63,162,19.608291,80.376625,MH-002_C14,test,cnn_test,0,0,1,0.1608006
56084,MH-002_2024_R063_C163,MH-002,Gadchiroli,2024,63,163,19.608291,80.376895,MH-002_C14,test,cnn_test,0,0,0,0.09901433
56085,MH-002_2024_R063_C164,MH-002,Gadchiroli,2024,63,164,19.608291,80.377164,MH-002_C14,test,cnn_test,0,0,1,0.39992827
56086,MH-002_2024_R063_C165,MH-002,Gadchiroli,2024,63,165,19.608291,80.377434,MH-002_C14,test,cnn_test,0,0,1,0.35841095
56087,MH-002_2024_R063_C166,MH-002,Gadchiroli,2024,63,166,19.608291,80.377703,MH-002_C14,test,cnn_test,0,0,1,0.34677184
56144,MH-002_2024_R064_C161,MH-002,Gadchiroli,2024,64,161,19.608022,80.376356,MH-002_C14,test,cnn_test,0,0,0,0.07858078
56145,MH-002_2024_R064_C162,MH-002,Gadchiroli,2024,64,162,19.608022,80.376625,MH-002_C14,test,cnn_test,0,0,1,0.14399207
56146,MH-002_2024_R064_C163,MH-002,Gadchiroli,2024,64,163,19.608022,80.376895,MH-002_C14,test,cnn_test,0,0,0,0.08067692
56147,MH-002_2024_R064_C164,MH-002,Gadchiroli,2024,64,164,19.608022,80.377164,MH-002_C14,test,cnn_test,0,0,0,0.0630395
56148,MH-002_2024_R064_C165,MH-002,Gadchiroli,2024,64,165,19.608022,80.377434,MH-002_C14,test,cnn_test,0,0,0,0.06580945
56149,MH-002_2024_R064_C166,MH-002,Gadchiroli,2024,64,166,19.608022,80.377703,MH-002_C14,test,cnn_test,0,0,1,0.11948998
56150,MH-002_2024_R064_C167,MH-002,Gadchiroli,2024,64,167,19.608022,80.377973,MH-002_C14,test,cnn_test,0,0,0,0.09057931
56208,MH-002_2024_R065_C161,MH-002,Gadchiroli,2024,65,161,19.607752,80.376356,MH-002_C14,test,cnn_test,0,0,0,0.068969555
56209,MH-002_2024_R065_C162,MH-002,Gadchiroli,2024,65,162,19.607752,80.376625,MH-002_C14,test,cnn_test,0,0,1,0.14358972
56210,MH-002_2024_R065_C163,MH-002,Gadchiroli,2024,65,163,19.607752,80.376895,MH-002_C14,test,cnn_test,0,0,0,0.052892007
56211,MH-002_2024_R065_C164,MH-002,Gadchiroli,2024,65,164,19.607752,80.377164,MH-002_C14,test,cnn_test,0,0,0,0.09647306
56212,MH-002_2024_R065_C165,MH-002,Gadchiroli,2024,65,165,19.607752,80.377434,MH-002_C14,test,cnn_test,0,0,0,0.0713763
56213,MH-002_2024_R065_C166,MH-002,Gadchiroli,2024,65,166,19.607752,80.377703,MH-002_C14,test,cnn_test,0,0,1,0.107904635
56214,MH-002_2024_R065_C167,MH-002,Gadchiroli,2024,65,167,19.607752,80.377973,MH-002_C14,test,cnn_test,0,0,0,0.070279464
56215,MH-002_2024_R065_C168,MH-002,Gadchiroli,2024,65,168,19.607752,80.378242,MH-002_C14,test,cnn_test,0,0,1,0.30826598
56270,MH-002_2024_R066_C161,MH-002,Gadchiroli,2024,66,161,19.607483,80.376356,MH-002_C14,test,cnn_test,0,0,0,0.046787683
56271,MH-002_2024_R066_C162,MH-002,Gadchiroli,2024,66,162,19.607483,80.376625,MH-002_C14,test,cnn_test,0,0,0,0.09592425
56272,MH-002_2024_R066_C163,MH-002,Gadchiroli,2024,66,163,19.607483,80.376895,MH-002_C14,test,cnn_test,0,0,0,0.06625353
56273,MH-002_2024_R066_C164,MH-002,Gadchiroli,2024,66,164,19.607483,80.377164,MH-002_C14,test,cnn_test,0,0,0,0.053247817
56274,MH-002_2024_R066_C165,MH-002,Gadchiroli,2024,66,165,19.607483,80.377434,MH-002_C14,test,cnn_test,0,0,0,0.04920163
56275,MH-002_2024_R066_C166,MH-002,Gadchiroli,2024,66,166,19.607483,80.377703,MH-002_C14,test,cnn_test,0,0,0,0.05697507
56276,MH-002_2024_R066_C167,MH-002,Gadchiroli,2024,66,167,19.607483,80.377973,MH-002_C14,test,cnn_test,0,0,0,0.035626188
56277,MH-002_2024_R066_C168,MH-002,Gadchiroli,2024,66,168,19.607483,80.378242,MH-002_C14,test,cnn_test,0,0,0,0.07831653
56278,MH-002_2024_R066_C169,MH-002,Gadchiroli,2024,66,169,19.607483,80.378512,MH-002_C14,test,cnn_test,0,0,1,0.1210713
56279,MH-002_2024_R066_C170,MH-002,Gadchiroli,2024,66,170,19.607483,80.378781,MH-002_C14,test,cnn_test,0,0,1,0.1641684
56333,MH-002_2024_R067_C161,MH-002,Gadchiroli,2024,67,161,19.607213,80.376356,MH-002_C14,test,cnn_test,2,1,1,0.38850906
56334,MH-002_2024_R067_C162,MH-002,Gadchiroli,2024,67,162,19.607213,80.376625,MH-002_C14,test,cnn_test,1,0,1,0.6624351
56335,MH-002_2024_R067_C163,MH-002,Gadchiroli,2024,67,163,19.607213,80.376895,MH-002_C14,test,cnn_test,0,0,1,0.55715746
56336,MH-002_2024_R067_C164,MH-002,Gadchiroli,2024,67,164,19.607213,80.377164,MH-002_C14,test,cnn_test,0,0,1,0.5101909
56337,MH-002_2024_R067_C165,MH-002,Gadchiroli,2024,67,165,19.607213,80.377434,MH-002_C14,test,cnn_test,0,0,1,0.35090587
56338,MH-002_2024_R067_C166,MH-002,Gadchiroli,2024,67,166,19.607213,80.377703,MH-002_C14,test,cnn_test,0,0,1,0.19678214
56339,MH-002_2024_R067_C167,MH-002,Gadchiroli,2024,67,167,19.607213,80.377973,MH-002_C14,test,cnn_test,0,0,1,0.14525042
56340,MH-002_2024_R067_C168,MH-002,Gadchiroli,2024,67,168,19.607213,80.378242,MH-002_C14,test,cnn_test,0,0,1,0.4173054
56341,MH-002_2024_R067_C169,MH-002,Gadchiroli,2024,67,169,19.607213,80.378512,MH-002_C14,test,cnn_test,0,0,1,0.27161455
56342,MH-002_2024_R067_C170,MH-002,Gadchiroli,2024,67,170,19.607213,80.378781,MH-002_C14,test,cnn_test,0,0,1,0.40599746
56343,MH-002_2024_R067_C171,MH-002,Gadchiroli,2024,67,171,19.607213,80.379051,MH-002_C14,test,cnn_test,0,0,1,0.31987342
56344,MH-002_2024_R067_C172,MH-002,Gadchiroli,2024,67,172,19.607213,80.37932,MH-002_C15,test,cnn_test,0,0,1,0.65483445
56390,MH-002_2024_R068_C161,MH-002,Gadchiroli,2024,68,161,19.606944,80.376356,MH-002_C14,test,cnn_test,1,0,1,0.4156197
56391,MH-002_2024_R068_C162,MH-002,Gadchiroli,2024,68,162,19.606944,80.376625,MH-002_C14,test,cnn_test,2,1,1,0.72384274
56392,MH-002_2024_R068_C163,MH-002,Gadchiroli,2024,68,163,19.606944,80.376895,MH-002_C14,test,cnn_test,2,1,1,0.70624995
56393,MH-002_2024_R068_C164,MH-002,Gadchiroli,2024,68,164,19.606944,80.377164,MH-002_C14,test,cnn_test,1,0,1,0.6441386
56394,MH-002_2024_R068_C165,MH-002,Gadchiroli,2024,68,165,19.606944,80.377434,MH-002_C14,test,cnn_test,0,0,1,0.4985756
56395,MH-002_2024_R068_C166,MH-002,Gadchiroli,2024,68,166,19.606944,80.377703,MH-002_C14,test,cnn_test,0,0,1,0.3193279
56396,MH-002_2024_R068_C167,MH-002,Gadchiroli,2024,68,167,19.606944,80.377973,MH-002_C14,test,cnn_test,0,0,1,0.18223174
56397,MH-002_2024_R068_C168,MH-002,Gadchiroli,2024,68,168,19.606944,80.378242,MH-002_C14,test,cnn_test,0,0,1,0.33534408
56398,MH-002_2024_R068_C169,MH-002,Gadchiroli,2024,68,169,19.606944,80.378512,MH-002_C14,test,cnn_test,0,0,1,0.35500205
56399,MH-002_2024_R068_C170,MH-002,Gadchiroli,2024,68,170,19.606944,80.378781,MH-002_C14,test,cnn_test,0,0,1,0.5559103
56400,MH-002_2024_R068_C171,MH-002,Gadchiroli,2024,68,171,19.606944,80.379051,MH-002_C14,test,cnn_test,0,0,1,0.67067903
56401,MH-002_2024_R068_C172,MH-002,Gadchiroli,2024,68,172,19.606944,80.37932,MH-002_C15,test,cnn_test,0,0,1,0.7950779
56402,MH-002_2024_R068_C173,MH-002,Gadchiroli,2024,68,173,19.606944,80.37959,MH-002_C15,test,cnn_test,0,0,1,0.7572202
56403,MH-002_2024_R068_C174,MH-002,Gadchiroli,2024,68,174,19.606944,80.379859,MH-002_C15,test,cnn_test,0,0,1,0.8826818
56453,MH-002_2024_R069_C161,MH-002,Gadchiroli,2024,69,161,19.606674,80.376356,MH-002_C14,test,cnn_test,1,0,1,0.38747373
56454,MH-002_2024_R069_C162,MH-002,Gadchiroli,2024,69,162,19.606674,80.376625,MH-002_C14,test,cnn_test,2,1,1,0.55973315
56455,MH-002_2024_R069_C163,MH-002,Gadchiroli,2024,69,163,19.606674,80.376895,MH-002_C14,test,cnn_test,2,1,1,0.58594877
56456,MH-002_2024_R069_C164,MH-002,Gadchiroli,2024,69,164,19.606674,80.377164,MH-002_C14,test,cnn_test,1,0,1,0.48533478
56457,MH-002_2024_R069_C165,MH-002,Gadchiroli,2024,69,165,19.606674,80.377434,MH-002_C14,test,cnn_test,0,0,1,0.46799347
56458,MH-002_2024_R069_C166,MH-002,Gadchiroli,2024,69,166,19.606674,80.377703,MH-002_C14,test,cnn_test,0,0,1,0.34509414
56459,MH-002_2024_R069_C167,MH-002,Gadchiroli,2024,69,167,19.606674,80.377973,MH-002_C14,test,cnn_test,0,0,1,0.18083067
56460,MH-002_2024_R069_C168,MH-002,Gadchiroli,2024,69,168,19.606674,80.378242,MH-002_C14,test,cnn_test,0,0,1,0.45341343
56461,MH-002_2024_R069_C169,MH-002,Gadchiroli,2024,69,169,19.606674,80.378512,MH-002_C14,test,cnn_test,0,0,1,0.2645731
56462,MH-002_2024_R069_C170,MH-002,Gadchiroli,2024,69,170,19.606674,80.378781,MH-002_C14,test,cnn_test,0,0,1,0.50175565
56463,MH-002_2024_R069_C171,MH-002,Gadchiroli,2024,69,171,19.606674,80.379051,MH-002_C14,test,cnn_test,0,0,1,0.63457614
56464,MH-002_2024_R069_C172,MH-002,Gadchiroli,2024,69,172,19.606674,80.37932,MH-002_C15,test,cnn_test,0,0,1,0.82577676
56465,MH-002_2024_R069_C173,MH-002,Gadchiroli,2024,69,173,19.606674,80.37959,MH-002_C15,test,cnn_test,0,0,1,0.86356544
56466,MH-002_2024_R069_C174,MH-002,Gadchiroli,2024,69,174,19.606674,80.379859,MH-002_C15,test,cnn_test,0,0,1,0.93463457
56467,MH-002_2024_R069_C175,MH-002,Gadchiroli,2024,69,175,19.606674,80.380129,MH-002_C15,test,cnn_test,0,0,1,0.6699859
56521,MH-002_2024_R070_C161,MH-002,Gadchiroli,2024,70,161,19.606405,80.376356,MH-002_C14,test,cnn_test,2,1,1,0.19714983
56522,MH-002_2024_R070_C162,MH-002,Gadchiroli,2024,70,162,19.606405,80.376625,MH-002_C14,test,cnn_test,2,1,1,0.3238582
56523,MH-002_2024_R070_C163,MH-002,Gadchiroli,2024,70,163,19.606405,80.376895,MH-002_C14,test,cnn_test,2,1,1,0.37761152
56524,MH-002_2024_R070_C164,MH-002,Gadchiroli,2024,70,164,19.606405,80.377164,MH-002_C14,test,cnn_test,1,0,1,0.42040303
56525,MH-002_2024_R070_C165,MH-002,Gadchiroli,2024,70,165,19.606405,80.377434,MH-002_C14,test,cnn_test,0,0,1,0.21242218
56526,MH-002_2024_R070_C166,MH-002,Gadchiroli,2024,70,166,19.606405,80.377703,MH-002_C14,test,cnn_test,0,0,1,0.3591005
56527,MH-002_2024_R070_C167,MH-002,Gadchiroli,2024,70,167,19.606405,80.377973,MH-002_C14,test,cnn_test,0,0,0,0.0980358
56528,MH-002_2024_R070_C168,MH-002,Gadchiroli,2024,70,168,19.606405,80.378242,MH-002_C14,test,cnn_test,0,0,1,0.3679125
56529,MH-002_2024_R070_C169,MH-002,Gadchiroli,2024,70,169,19.606405,80.378512,MH-002_C14,test,cnn_test,0,0,0,0.06478851
56530,MH-002_2024_R070_C170,MH-002,Gadchiroli,2024,70,170,19.606405,80.378781,MH-002_C14,test,cnn_test,0,0,1,0.4727292
56531,MH-002_2024_R070_C171,MH-002,Gadchiroli,2024,70,171,19.606405,80.379051,MH-002_C14,test,cnn_test,0,0,1,0.78086066
56532,MH-002_2024_R070_C172,MH-002,Gadchiroli,2024,70,172,19.606405,80.37932,MH-002_C15,test,cnn_test,0,0,1,0.88873744
56533,MH-002_2024_R070_C173,MH-002,Gadchiroli,2024,70,173,19.606405,80.37959,MH-002_C15,test,cnn_test,0,0,1,0.93851453
56534,MH-002_2024_R070_C174,MH-002,Gadchiroli,2024,70,174,19.606405,80.379859,MH-002_C15,test,cnn_test,0,0,1,0.96029156
56535,MH-002_2024_R070_C175,MH-002,Gadchiroli,2024,70,175,19.606405,80.380129,MH-002_C15,test,cnn_test,0,0,1,0.7725411
56595,MH-002_2024_R071_C161,MH-002,Gadchiroli,2024,71,161,19.606135,80.376356,MH-002_C14,test,cnn_test,2,1,0,0.08221648
56596,MH-002_2024_R071_C162,MH-002,Gadchiroli,2024,71,162,19.606135,80.376625,MH-002_C14,test,cnn_test,2,1,1,0.23066102
56597,MH-002_2024_R071_C163,MH-002,Gadchiroli,2024,71,163,19.606135,80.376895,MH-002_C14,test,cnn_test,2,1,1,0.19008991
56598,MH-002_2024_R071_C164,MH-002,Gadchiroli,2024,71,164,19.606135,80.377164,MH-002_C14,test,cnn_test,2,1,1,0.16457759
56599,MH-002_2024_R071_C165,MH-002,Gadchiroli,2024,71,165,19.606135,80.377434,MH-002_C14,test,cnn_test,1,0,0,0.073409855
56600,MH-002_2024_R071_C166,MH-002,Gadchiroli,2024,71,166,19.606135,80.377703,MH-002_C14,test,cnn_test,0,0,1,0.23716402
56601,MH-002_2024_R071_C167,MH-002,Gadchiroli,2024,71,167,19.606135,80.377973,MH-002_C14,test,cnn_test,0,0,0,0.044169992
56602,MH-002_2024_R071_C168,MH-002,Gadchiroli,2024,71,168,19.606135,80.378242,MH-002_C14,test,cnn_test,0,0,1,0.16762148
56603,MH-002_2024_R071_C169,MH-002,Gadchiroli,2024,71,169,19.606135,80.378512,MH-002_C14,test,cnn_test,0,0,0,0.010185486
56604,MH-002_2024_R071_C170,MH-002,Gadchiroli,2024,71,170,19.606135,80.378781,MH-002_C14,test,cnn_test,0,0,1,0.10043081
56605,MH-002_2024_R071_C171,MH-002,Gadchiroli,2024,71,171,19.606135,80.379051,MH-002_C14,test,cnn_test,0,0,1,0.6734064
56606,MH-002_2024_R071_C172,MH-002,Gadchiroli,2024,71,172,19.606135,80.37932,MH-002_C15,test,cnn_test,0,0,1,0.87721765
56607,MH-002_2024_R071_C173,MH-002,Gadchiroli,2024,71,173,19.606135,80.37959,MH-002_C15,test,cnn_test,0,0,1,0.94931114
56608,MH-002_2024_R071_C174,MH-002,Gadchiroli,2024,71,174,19.606135,80.379859,MH-002_C15,test,cnn_test,0,0,1,0.968221
56609,MH-002_2024_R071_C175,MH-002,Gadchiroli,2024,71,175,19.606135,80.380129,MH-002_C15,test,cnn_test,0,0,1,0.9160667
56679,MH-002_2024_R072_C161,MH-002,Gadchiroli,2024,72,161,19.605866,80.376356,MH-002_C14,test,cnn_test,2,1,0,0.024975073
56680,MH-002_2024_R072_C162,MH-002,Gadchiroli,2024,72,162,19.605866,80.376625,MH-002_C14,test,cnn_test,2,1,0,0.06935519
56681,MH-002_2024_R072_C163,MH-002,Gadchiroli,2024,72,163,19.605866,80.376895,MH-002_C14,test,cnn_test,1,0,0,0.07940565
56682,MH-002_2024_R072_C164,MH-002,Gadchiroli,2024,72,164,19.605866,80.377164,MH-002_C14,test,cnn_test,0,0,1,0.28451043
56683,MH-002_2024_R072_C165,MH-002,Gadchiroli,2024,72,165,19.605866,80.377434,MH-002_C14,test,cnn_test,0,0,0,0.09967972
56684,MH-002_2024_R072_C166,MH-002,Gadchiroli,2024,72,166,19.605866,80.377703,MH-002_C14,test,cnn_test,0,0,1,0.39881167
56685,MH-002_2024_R072_C167,MH-002,Gadchiroli,2024,72,167,19.605866,80.377973,MH-002_C14,test,cnn_test,0,0,0,0.061308302
56686,MH-002_2024_R072_C168,MH-002,Gadchiroli,2024,72,168,19.605866,80.378242,MH-002_C14,test,cnn_test,0,0,1,0.22225444
56687,MH-002_2024_R072_C169,MH-002,Gadchiroli,2024,72,169,19.605866,80.378512,MH-002_C14,test,cnn_test,0,0,0,0.009030605
56688,MH-002_2024_R072_C170,MH-002,Gadchiroli,2024,72,170,19.605866,80.378781,MH-002_C14,test,cnn_test,0,0,1,0.102169976
56689,MH-002_2024_R072_C171,MH-002,Gadchiroli,2024,72,171,19.605866,80.379051,MH-002_C14,test,cnn_test,0,0,1,0.76244575
56690,MH-002_2024_R072_C172,MH-002,Gadchiroli,2024,72,172,19.605866,80.37932,MH-002_C15,test,cnn_test,0,0,1,0.893445
56691,MH-002_2024_R072_C173,MH-002,Gadchiroli,2024,72,173,19.605866,80.37959,MH-002_C15,test,cnn_test,0,0,1,0.9675675
56692,MH-002_2024_R072_C174,MH-002,Gadchiroli,2024,72,174,19.605866,80.379859,MH-002_C15,test,cnn_test,0,0,1,0.9733325
56693,MH-002_2024_R072_C175,MH-002,Gadchiroli,2024,72,175,19.605866,80.380129,MH-002_C15,test,cnn_test,0,0,1,0.9527741
56767,MH-002_2024_R073_C161,MH-002,Gadchiroli,2024,73,161,19.605596,80.376356,MH-002_C14,test,cnn_test,2,1,0,0.030249167
56768,MH-002_2024_R073_C162,MH-002,Gadchiroli,2024,73,162,19.605596,80.376625,MH-002_C14,test,cnn_test,1,0,0,0.07109854
56769,MH-002_2024_R073_C163,MH-002,Gadchiroli,2024,73,163,19.605596,80.376895,MH-002_C14,test,cnn_test,1,0,1,0.20214832
56770,MH-002_2024_R073_C164,MH-002,Gadchiroli,2024,73,164,19.605596,80.377164,MH-002_C14,test,cnn_test,0,0,1,0.46915248
56771,MH-002_2024_R073_C165,MH-002,Gadchiroli,2024,73,165,19.605596,80.377434,MH-002_C14,test,cnn_test,0,0,1,0.1970837
56772,MH-002_2024_R073_C166,MH-002,Gadchiroli,2024,73,166,19.605596,80.377703,MH-002_C14,test,cnn_test,0,0,1,0.6481659
56773,MH-002_2024_R073_C167,MH-002,Gadchiroli,2024,73,167,19.605596,80.377973,MH-002_C14,test,cnn_test,0,0,1,0.1608349
56774,MH-002_2024_R073_C168,MH-002,Gadchiroli,2024,73,168,19.605596,80.378242,MH-002_C14,test,cnn_test,0,0,1,0.37653702
56775,MH-002_2024_R073_C169,MH-002,Gadchiroli,2024,73,169,19.605596,80.378512,MH-002_C14,test,cnn_test,0,0,0,0.014544713
56776,MH-002_2024_R073_C170,MH-002,Gadchiroli,2024,73,170,19.605596,80.378781,MH-002_C14,test,cnn_test,0,0,0,0.057660814
56777,MH-002_2024_R073_C171,MH-002,Gadchiroli,2024,73,171,19.605596,80.379051,MH-002_C14,test,cnn_test,0,0,1,0.3620702
56778,MH-002_2024_R073_C172,MH-002,Gadchiroli,2024,73,172,19.605596,80.37932,MH-002_C15,test,cnn_test,0,0,1,0.8626831
56779,MH-002_2024_R073_C173,MH-002,Gadchiroli,2024,73,173,19.605596,80.37959,MH-002_C15,test,cnn_test,0,0,1,0.9527637
56780,MH-002_2024_R073_C174,MH-002,Gadchiroli,2024,73,174,19.605596,80.379859,MH-002_C15,test,cnn_test,0,0,1,0.9796125
56781,MH-002_2024_R073_C175,MH-002,Gadchiroli,2024,73,175,19.605596,80.380129,MH-002_C15,test,cnn_test,0,0,1,0.9537271
56859,MH-002_2024_R074_C161,MH-002,Gadchiroli,2024,74,161,19.605327,80.376356,MH-002_C14,test,cnn_test,2,1,0,0.033902884
56860,MH-002_2024_R074_C162,MH-002,Gadchiroli,2024,74,162,19.605327,80.376625,MH-002_C14,test,cnn_test,2,1,0,0.02876365
56861,MH-002_2024_R074_C163,MH-002,Gadchiroli,2024,74,163,19.605327,80.376895,MH-002_C14,test,cnn_test,1,0,1,0.33705756
56862,MH-002_2024_R074_C164,MH-002,Gadchiroli,2024,74,164,19.605327,80.377164,MH-002_C14,test,cnn_test,2,1,1,0.8280735
56863,MH-002_2024_R074_C165,MH-002,Gadchiroli,2024,74,165,19.605327,80.377434,MH-002_C14,test,cnn_test,0,0,1,0.73908335
56864,MH-002_2024_R074_C166,MH-002,Gadchiroli,2024,74,166,19.605327,80.377703,MH-002_C14,test,cnn_test,1,0,1,0.8032541
56865,MH-002_2024_R074_C167,MH-002,Gadchiroli,2024,74,167,19.605327,80.377973,MH-002_C14,test,cnn_test,0,0,1,0.5865652
56866,MH-002_2024_R074_C168,MH-002,Gadchiroli,2024,74,168,19.605327,80.378242,MH-002_C14,test,cnn_test,0,0,1,0.71986026
56867,MH-002_2024_R074_C169,MH-002,Gadchiroli,2024,74,169,19.605327,80.378512,MH-002_C14,test,cnn_test,0,0,0,0.08202597
56868,MH-002_2024_R074_C170,MH-002,Gadchiroli,2024,74,170,19.605327,80.378781,MH-002_C14,test,cnn_test,0,0,1,0.16338576
56869,MH-002_2024_R074_C171,MH-002,Gadchiroli,2024,74,171,19.605327,80.379051,MH-002_C14,test,cnn_test,0,0,1,0.70071125
56870,MH-002_2024_R074_C172,MH-002,Gadchiroli,2024,74,172,19.605327,80.37932,MH-002_C15,test,cnn_test,0,0,1,0.90568787
56871,MH-002_2024_R074_C173,MH-002,Gadchiroli,2024,74,173,19.605327,80.37959,MH-002_C15,test,cnn_test,0,0,1,0.9700742
56872,MH-002_2024_R074_C174,MH-002,Gadchiroli,2024,74,174,19.605327,80.379859,MH-002_C15,test,cnn_test,0,0,1,0.97818154
56873,MH-002_2024_R074_C175,MH-002,Gadchiroli,2024,74,175,19.605327,80.380129,MH-002_C15,test,cnn_test,0,0,1,0.9571063
56874,MH-002_2024_R074_C176,MH-002,Gadchiroli,2024,74,176,19.605327,80.380398,MH-002_C15,test,cnn_test,0,0,1,0.95407325
56958,MH-002_2024_R075_C161,MH-002,Gadchiroli,2024,75,161,19.605057,80.376356,MH-002_C14,test,cnn_test,1,0,0,0.03684199
56959,MH-002_2024_R075_C162,MH-002,Gadchiroli,2024,75,162,19.605057,80.376625,MH-002_C14,test,cnn_test,1,0,0,0.016155995
56960,MH-002_2024_R075_C163,MH-002,Gadchiroli,2024,75,163,19.605057,80.376895,MH-002_C14,test,cnn_test,1,0,1,0.22504121
56961,MH-002_2024_R075_C164,MH-002,Gadchiroli,2024,75,164,19.605057,80.377164,MH-002_C14,test,cnn_test,0,0,1,0.8616959
56962,MH-002_2024_R075_C165,MH-002,Gadchiroli,2024,75,165,19.605057,80.377434,MH-002_C14,test,cnn_test,0,0,1,0.7748573
56963,MH-002_2024_R075_C166,MH-002,Gadchiroli,2024,75,166,19.605057,80.377703,MH-002_C14,test,cnn_test,0,0,1,0.89206004
56964,MH-002_2024_R075_C167,MH-002,Gadchiroli,2024,75,167,19.605057,80.377973,MH-002_C14,test,cnn_test,0,0,1,0.74345434
56965,MH-002_2024_R075_C168,MH-002,Gadchiroli,2024,75,168,19.605057,80.378242,MH-002_C14,test,cnn_test,0,0,1,0.8196707
56966,MH-002_2024_R075_C169,MH-002,Gadchiroli,2024,75,169,19.605057,80.378512,MH-002_C14,test,cnn_test,0,0,0,0.08742271
56967,MH-002_2024_R075_C170,MH-002,Gadchiroli,2024,75,170,19.605057,80.378781,MH-002_C14,test,cnn_test,0,0,1,0.14511715
56968,MH-002_2024_R075_C171,MH-002,Gadchiroli,2024,75,171,19.605057,80.379051,MH-002_C14,test,cnn_test,0,0,1,0.2837966
56969,MH-002_2024_R075_C172,MH-002,Gadchiroli,2024,75,172,19.605057,80.37932,MH-002_C15,test,cnn_test,0,0,1,0.8525273
56970,MH-002_2024_R075_C173,MH-002,Gadchiroli,2024,75,173,19.605057,80.37959,MH-002_C15,test,cnn_test,0,0,1,0.9454368
56971,MH-002_2024_R075_C174,MH-002,Gadchiroli,2024,75,174,19.605057,80.379859,MH-002_C15,test,cnn_test,0,0,1,0.9583638
56972,MH-002_2024_R075_C175,MH-002,Gadchiroli,2024,75,175,19.605057,80.380129,MH-002_C15,test,cnn_test,0,0,1,0.9619446
56973,MH-002_2024_R075_C176,MH-002,Gadchiroli,2024,75,176,19.605057,80.380398,MH-002_C15,test,cnn_test,0,0,1,0.9581198
57057,MH-002_2024_R076_C161,MH-002,Gadchiroli,2024,76,161,19.604788,80.376356,MH-002_C14,test,cnn_test,1,0,0,0.059685923
57058,MH-002_2024_R076_C162,MH-002,Gadchiroli,2024,76,162,19.604788,80.376625,MH-002_C14,test,cnn_test,1,0,0,0.015106935
57059,MH-002_2024_R076_C163,MH-002,Gadchiroli,2024,76,163,19.604788,80.376895,MH-002_C14,test,cnn_test,2,1,1,0.100811996
57060,MH-002_2024_R076_C164,MH-002,Gadchiroli,2024,76,164,19.604788,80.377164,MH-002_C14,test,cnn_test,1,0,1,0.92892265
57061,MH-002_2024_R076_C165,MH-002,Gadchiroli,2024,76,165,19.604788,80.377434,MH-002_C14,test,cnn_test,0,0,1,0.7685452
57062,MH-002_2024_R076_C166,MH-002,Gadchiroli,2024,76,166,19.604788,80.377703,MH-002_C14,test,cnn_test,0,0,1,0.9242734
57063,MH-002_2024_R076_C168,MH-002,Gadchiroli,2024,76,168,19.604788,80.378242,MH-002_C14,test,cnn_test,0,0,1,0.9133255
57064,MH-002_2024_R076_C170,MH-002,Gadchiroli,2024,76,170,19.604788,80.378781,MH-002_C14,test,cnn_test,0,0,1,0.20294017
57065,MH-002_2024_R076_C171,MH-002,Gadchiroli,2024,76,171,19.604788,80.379051,MH-002_C14,test,cnn_test,0,0,1,0.44189084
57066,MH-002_2024_R076_C172,MH-002,Gadchiroli,2024,76,172,19.604788,80.37932,MH-002_C15,test,cnn_test,0,0,1,0.85106647
57067,MH-002_2024_R076_C173,MH-002,Gadchiroli,2024,76,173,19.604788,80.37959,MH-002_C15,test,cnn_test,0,0,1,0.97063994
57068,MH-002_2024_R076_C174,MH-002,Gadchiroli,2024,76,174,19.604788,80.379859,MH-002_C15,test,cnn_test,0,0,1,0.970554
57069,MH-002_2024_R076_C175,MH-002,Gadchiroli,2024,76,175,19.604788,80.380129,MH-002_C15,test,cnn_test,0,0,1,0.97048426
57070,MH-002_2024_R076_C176,MH-002,Gadchiroli,2024,76,176,19.604788,80.380398,MH-002_C15,test,cnn_test,0,0,1,0.95329356
57155,MH-002_2024_R077_C161,MH-002,Gadchiroli,2024,77,161,19.604518,80.376356,MH-002_C14,test,cnn_test,1,0,0,0.027366739
57156,MH-002_2024_R077_C162,MH-002,Gadchiroli,2024,77,162,19.604518,80.376625,MH-002_C14,test,cnn_test,2,1,0,0.012956653
57157,MH-002_2024_R077_C163,MH-002,Gadchiroli,2024,77,163,19.604518,80.376895,MH-002_C14,test,cnn_test,1,0,0,0.056468584
57158,MH-002_2024_R077_C164,MH-002,Gadchiroli,2024,77,164,19.604518,80.377164,MH-002_C14,test,cnn_test,1,0,1,0.89435935
57159,MH-002_2024_R077_C165,MH-002,Gadchiroli,2024,77,165,19.604518,80.377434,MH-002_C14,test,cnn_test,1,0,1,0.6972961
57160,MH-002_2024_R077_C167,MH-002,Gadchiroli,2024,77,167,19.604518,80.377973,MH-002_C14,test,cnn_test,0,0,1,0.73231643
57161,MH-002_2024_R077_C168,MH-002,Gadchiroli,2024,77,168,19.604518,80.378242,MH-002_C14,test,cnn_test,0,0,1,0.87405133
57162,MH-002_2024_R077_C169,MH-002,Gadchiroli,2024,77,169,19.604518,80.378512,MH-002_C14,test,cnn_test,0,0,1,0.12685962
57163,MH-002_2024_R077_C171,MH-002,Gadchiroli,2024,77,171,19.604518,80.379051,MH-002_C14,test,cnn_test,0,0,0,0.038967337
57164,MH-002_2024_R077_C172,MH-002,Gadchiroli,2024,77,172,19.604518,80.37932,MH-002_C15,test,cnn_test,0,0,1,0.7096997
57165,MH-002_2024_R077_C173,MH-002,Gadchiroli,2024,77,173,19.604518,80.37959,MH-002_C15,test,cnn_test,0,0,1,0.9374721
57166,MH-002_2024_R077_C174,MH-002,Gadchiroli,2024,77,174,19.604518,80.379859,MH-002_C15,test,cnn_test,0,0,1,0.9514874
57167,MH-002_2024_R077_C175,MH-002,Gadchiroli,2024,77,175,19.604518,80.380129,MH-002_C15,test,cnn_test,0,0,1,0.96414113
57168,MH-002_2024_R077_C176,MH-002,Gadchiroli,2024,77,176,19.604518,80.380398,MH-002_C15,test,cnn_test,0,0,1,0.9568697
57253,MH-002_2024_R078_C161,MH-002,Gadchiroli,2024,78,161,19.604249,80.376356,MH-002_C14,test,cnn_test,1,0,0,0.017184133
57254,MH-002_2024_R078_C162,MH-002,Gadchiroli,2024,78,162,19.604249,80.376625,MH-002_C14,test,cnn_test,2,1,0,0.0008127209
57255,MH-002_2024_R078_C164,MH-002,Gadchiroli,2024,78,164,19.604249,80.377164,MH-002_C14,test,cnn_test,1,0,1,0.8374879
57256,MH-002_2024_R078_C166,MH-002,Gadchiroli,2024,78,166,19.604249,80.377703,MH-002_C14,test,cnn_test,1,0,1,0.8824934
57257,MH-002_2024_R078_C167,MH-002,Gadchiroli,2024,78,167,19.604249,80.377973,MH-002_C14,test,cnn_test,0,0,1,0.8147574
57258,MH-002_2024_R078_C168,MH-002,Gadchiroli,2024,78,168,19.604249,80.378242,MH-002_C14,test,cnn_test,0,0,1,0.8840719
57259,MH-002_2024_R078_C169,MH-002,Gadchiroli,2024,78,169,19.604249,80.378512,MH-002_C14,test,cnn_test,0,0,1,0.3099842
57260,MH-002_2024_R078_C171,MH-002,Gadchiroli,2024,78,171,19.604249,80.379051,MH-002_C14,test,cnn_test,0,0,0,0.09589655
57261,MH-002_2024_R078_C172,MH-002,Gadchiroli,2024,78,172,19.604249,80.37932,MH-002_C15,test,cnn_test,0,0,1,0.2864606
57262,MH-002_2024_R078_C173,MH-002,Gadchiroli,2024,78,173,19.604249,80.37959,MH-002_C15,test,cnn_test,0,0,1,0.8807677
57263,MH-002_2024_R078_C174,MH-002,Gadchiroli,2024,78,174,19.604249,80.379859,MH-002_C15,test,cnn_test,0,0,1,0.83500594
57264,MH-002_2024_R078_C175,MH-002,Gadchiroli,2024,78,175,19.604249,80.380129,MH-002_C15,test,cnn_test,0,0,1,0.8787491
57265,MH-002_2024_R078_C176,MH-002,Gadchiroli,2024,78,176,19.604249,80.380398,MH-002_C15,test,cnn_test,0,0,1,0.8586713
57351,MH-002_2024_R079_C161,MH-002,Gadchiroli,2024,79,161,19.603979,80.376356,MH-002_C14,test,cnn_test,0,0,0,0.007447051
57352,MH-002_2024_R079_C162,MH-002,Gadchiroli,2024,79,162,19.603979,80.376625,MH-002_C14,test,cnn_test,1,0,0,0.00345257
57353,MH-002_2024_R079_C163,MH-002,Gadchiroli,2024,79,163,19.603979,80.376895,MH-002_C14,test,cnn_test,0,0,0,0.08188621
57354,MH-002_2024_R079_C164,MH-002,Gadchiroli,2024,79,164,19.603979,80.377164,MH-002_C14,test,cnn_test,1,0,1,0.8748772
57355,MH-002_2024_R079_C166,MH-002,Gadchiroli,2024,79,166,19.603979,80.377703,MH-002_C14,test,cnn_test,0,0,1,0.9658582
57356,MH-002_2024_R079_C167,MH-002,Gadchiroli,2024,79,167,19.603979,80.377973,MH-002_C14,test,cnn_test,0,0,1,0.9172818
57357,MH-002_2024_R079_C168,MH-002,Gadchiroli,2024,79,168,19.603979,80.378242,MH-002_C14,test,cnn_test,0,0,1,0.950479
57358,MH-002_2024_R079_C169,MH-002,Gadchiroli,2024,79,169,19.603979,80.378512,MH-002_C14,test,cnn_test,0,0,1,0.7034604
57359,MH-002_2024_R079_C170,MH-002,Gadchiroli,2024,79,170,19.603979,80.378781,MH-002_C14,test,cnn_test,0,0,1,0.2176991
57360,MH-002_2024_R079_C171,MH-002,Gadchiroli,2024,79,171,19.603979,80.379051,MH-002_C14,test,cnn_test,0,0,1,0.10524686
57361,MH-002_2024_R079_C172,MH-002,Gadchiroli,2024,79,172,19.603979,80.37932,MH-002_C15,test,cnn_test,0,0,1,0.31457907
57362,MH-002_2024_R079_C173,MH-002,Gadchiroli,2024,79,173,19.603979,80.37959,MH-002_C15,test,cnn_test,0,0,1,0.8080687
57363,MH-002_2024_R079_C174,MH-002,Gadchiroli,2024,79,174,19.603979,80.379859,MH-002_C15,test,cnn_test,0,0,1,0.8295701
57364,MH-002_2024_R079_C175,MH-002,Gadchiroli,2024,79,175,19.603979,80.380129,MH-002_C15,test,cnn_test,0,0,1,0.92654413
57365,MH-002_2024_R079_C176,MH-002,Gadchiroli,2024,79,176,19.603979,80.380398,MH-002_C15,test,cnn_test,0,0,1,0.92066014
57447,MH-002_2024_R080_C161,MH-002,Gadchiroli,2024,80,161,19.60371,80.376356,MH-002_C14,test,cnn_test,0,0,0,0.004660453
57448,MH-002_2024_R080_C162,MH-002,Gadchiroli,2024,80,162,19.60371,80.376625,MH-002_C14,test,cnn_test,1,0,0,8.397337e-05
57449,MH-002_2024_R080_C163,MH-002,Gadchiroli,2024,80,163,19.60371,80.376895,MH-002_C14,test,cnn_test,2,1,0,0.006259732
57450,MH-002_2024_R080_C164,MH-002,Gadchiroli,2024,80,164,19.60371,80.377164,MH-002_C14,test,cnn_test,1,0,1,0.49650177
57451,MH-002_2024_R080_C165,MH-002,Gadchiroli,2024,80,165,19.60371,80.377434,MH-002_C14,test,cnn_test,1,0,1,0.6620534
57452,MH-002_2024_R080_C166,MH-002,Gadchiroli,2024,80,166,19.60371,80.377703,MH-002_C14,test,cnn_test,1,0,1,0.8762471
57453,MH-002_2024_R080_C167,MH-002,Gadchiroli,2024,80,167,19.60371,80.377973,MH-002_C14,test,cnn_test,0,0,1,0.87935734
57454,MH-002_2024_R080_C168,MH-002,Gadchiroli,2024,80,168,19.60371,80.378242,MH-002_C14,test,cnn_test,0,0,1,0.8846311
57455,MH-002_2024_R080_C169,MH-002,Gadchiroli,2024,80,169,19.60371,80.378512,MH-002_C14,test,cnn_test,0,0,1,0.6215038
57456,MH-002_2024_R080_C171,MH-002,Gadchiroli,2024,80,171,19.60371,80.379051,MH-002_C14,test,cnn_test,0,0,0,0.08769659
57457,MH-002_2024_R080_C172,MH-002,Gadchiroli,2024,80,172,19.60371,80.37932,MH-002_C15,test,cnn_test,0,0,1,0.10615348
57458,MH-002_2024_R080_C173,MH-002,Gadchiroli,2024,80,173,19.60371,80.37959,MH-002_C15,test,cnn_test,0,0,1,0.5000872
57459,MH-002_2024_R080_C174,MH-002,Gadchiroli,2024,80,174,19.60371,80.379859,MH-002_C15,test,cnn_test,0,0,1,0.8396454
57460,MH-002_2024_R080_C175,MH-002,Gadchiroli,2024,80,175,19.60371,80.380129,MH-002_C15,test,cnn_test,0,0,1,0.9467194
57461,MH-002_2024_R080_C176,MH-002,Gadchiroli,2024,80,176,19.60371,80.380398,MH-002_C15,test,cnn_test,0,0,1,0.960162
57543,MH-002_2024_R081_C161,MH-002,Gadchiroli,2024,81,161,19.60344,80.376356,MH-002_C14,test,cnn_test,0,0,0,0.0011743999
57544,MH-002_2024_R081_C162,MH-002,Gadchiroli,2024,81,162,19.60344,80.376625,MH-002_C14,test,cnn_test,1,0,0,0.00016053556
57545,MH-002_2024_R081_C163,MH-002,Gadchiroli,2024,81,163,19.60344,80.376895,MH-002_C14,test,cnn_test,1,0,0,0.008760568
57546,MH-002_2024_R081_C164,MH-002,Gadchiroli,2024,81,164,19.60344,80.377164,MH-002_C14,test,cnn_test,2,1,1,0.25717226
57547,MH-002_2024_R081_C165,MH-002,Gadchiroli,2024,81,165,19.60344,80.377434,MH-002_C14,test,cnn_test,1,0,1,0.44884068
57548,MH-002_2024_R081_C166,MH-002,Gadchiroli,2024,81,166,19.60344,80.377703,MH-002_C14,test,cnn_test,2,1,1,0.8702736
57549,MH-002_2024_R081_C167,MH-002,Gadchiroli,2024,81,167,19.60344,80.377973,MH-002_C14,test,cnn_test,1,0,1,0.88331
57550,MH-002_2024_R081_C168,MH-002,Gadchiroli,2024,81,168,19.60344,80.378242,MH-002_C14,test,cnn_test,0,0,1,0.85711443
57551,MH-002_2024_R081_C169,MH-002,Gadchiroli,2024,81,169,19.60344,80.378512,MH-002_C14,test,cnn_test,0,0,1,0.6809556
57552,MH-002_2024_R081_C171,MH-002,Gadchiroli,2024,81,171,19.60344,80.379051,MH-002_C14,test,cnn_test,0,0,0,0.09345459
57553,MH-002_2024_R081_C172,MH-002,Gadchiroli,2024,81,172,19.60344,80.37932,MH-002_C15,test,cnn_test,0,0,0,0.088173844
57554,MH-002_2024_R081_C173,MH-002,Gadchiroli,2024,81,173,19.60344,80.37959,MH-002_C15,test,cnn_test,0,0,1,0.4866961
57555,MH-002_2024_R081_C174,MH-002,Gadchiroli,2024,81,174,19.60344,80.379859,MH-002_C15,test,cnn_test,0,0,1,0.76556164
57556,MH-002_2024_R081_C175,MH-002,Gadchiroli,2024,81,175,19.60344,80.380129,MH-002_C15,test,cnn_test,0,0,1,0.91940844
57557,MH-002_2024_R081_C176,MH-002,Gadchiroli,2024,81,176,19.60344,80.380398,MH-002_C15,test,cnn_test,0,0,1,0.9527926
57631,MH-002_2024_R082_C161,MH-002,Gadchiroli,2024,82,161,19.603171,80.376356,MH-002_C14,test,cnn_test,0,0,0,0.0113164475
57632,MH-002_2024_R082_C162,MH-002,Gadchiroli,2024,82,162,19.603171,80.376625,MH-002_C14,test,cnn_test,0,0,0,0.00014739718
57633,MH-002_2024_R082_C163,MH-002,Gadchiroli,2024,82,163,19.603171,80.376895,MH-002_C14,test,cnn_test,1,0,0,0.013269566
57634,MH-002_2024_R082_C164,MH-002,Gadchiroli,2024,82,164,19.603171,80.377164,MH-002_C14,test,cnn_test,2,1,1,0.6650885
57635,MH-002_2024_R082_C165,MH-002,Gadchiroli,2024,82,165,19.603171,80.377434,MH-002_C14,test,cnn_test,1,0,1,0.5966474
57636,MH-002_2024_R082_C166,MH-002,Gadchiroli,2024,82,166,19.603171,80.377703,MH-002_C14,test,cnn_test,2,1,1,0.83901083
57637,MH-002_2024_R082_C167,MH-002,Gadchiroli,2024,82,167,19.603171,80.377973,MH-002_C14,test,cnn_test,1,0,1,0.90989333
57638,MH-002_2024_R082_C168,MH-002,Gadchiroli,2024,82,168,19.603171,80.378242,MH-002_C14,test,cnn_test,0,0,1,0.8894279
57639,MH-002_2024_R082_C169,MH-002,Gadchiroli,2024,82,169,19.603171,80.378512,MH-002_C14,test,cnn_test,0,0,1,0.77313745
57640,MH-002_2024_R082_C170,MH-002,Gadchiroli,2024,82,170,19.603171,80.378781,MH-002_C14,test,cnn_test,0,0,0,0.06845425
57641,MH-002_2024_R082_C172,MH-002,Gadchiroli,2024,82,172,19.603171,80.37932,MH-002_C15,test,cnn_test,0,0,0,0.013417779
57642,MH-002_2024_R082_C173,MH-002,Gadchiroli,2024,82,173,19.603171,80.37959,MH-002_C15,test,cnn_test,0,0,0,0.03404632
57643,MH-002_2024_R082_C174,MH-002,Gadchiroli,2024,82,174,19.603171,80.379859,MH-002_C15,test,cnn_test,0,0,1,0.17934938
57644,MH-002_2024_R082_C175,MH-002,Gadchiroli,2024,82,175,19.603171,80.380129,MH-002_C15,test,cnn_test,0,0,1,0.72577035
57645,MH-002_2024_R082_C176,MH-002,Gadchiroli,2024,82,176,19.603171,80.380398,MH-002_C15,test,cnn_test,0,0,1,0.8600868
57718,MH-002_2024_R083_C161,MH-002,Gadchiroli,2024,83,161,19.602901,80.376356,MH-002_C14,test,cnn_test,1,0,0,0.013949931
57719,MH-002_2024_R083_C162,MH-002,Gadchiroli,2024,83,162,19.602901,80.376625,MH-002_C14,test,cnn_test,1,0,0,0.0009743608
57720,MH-002_2024_R083_C163,MH-002,Gadchiroli,2024,83,163,19.602901,80.376895,MH-002_C14,test,cnn_test,1,0,0,0.051611297
57721,MH-002_2024_R083_C164,MH-002,Gadchiroli,2024,83,164,19.602901,80.377164,MH-002_C14,test,cnn_test,1,0,1,0.7177861
57722,MH-002_2024_R083_C165,MH-002,Gadchiroli,2024,83,165,19.602901,80.377434,MH-002_C14,test,cnn_test,0,0,1,0.6368647
57723,MH-002_2024_R083_C166,MH-002,Gadchiroli,2024,83,166,19.602901,80.377703,MH-002_C14,test,cnn_test,1,0,1,0.87178373
57724,MH-002_2024_R083_C167,MH-002,Gadchiroli,2024,83,167,19.602901,80.377973,MH-002_C14,test,cnn_test,0,0,1,0.89366496
57725,MH-002_2024_R083_C168,MH-002,Gadchiroli,2024,83,168,19.602901,80.378242,MH-002_C14,test,cnn_test,0,0,1,0.87954235
57726,MH-002_2024_R083_C169,MH-002,Gadchiroli,2024,83,169,19.602901,80.378512,MH-002_C14,test,cnn_test,0,0,1,0.7658062
57727,MH-002_2024_R083_C170,MH-002,Gadchiroli,2024,83,170,19.602901,80.378781,MH-002_C14,test,cnn_test,0,0,1,0.22077446
57728,MH-002_2024_R083_C171,MH-002,Gadchiroli,2024,83,171,19.602901,80.379051,MH-002_C14,test,cnn_test,0,0,0,0.05457056
57729,MH-002_2024_R083_C172,MH-002,Gadchiroli,2024,83,172,19.602901,80.37932,MH-002_C15,test,cnn_test,0,0,0,0.04528805
57730,MH-002_2024_R083_C173,MH-002,Gadchiroli,2024,83,173,19.602901,80.37959,MH-002_C15,test,cnn_test,0,0,1,0.12813403
57731,MH-002_2024_R083_C175,MH-002,Gadchiroli,2024,83,175,19.602901,80.380129,MH-002_C15,test,cnn_test,0,0,1,0.6062541
57732,MH-002_2024_R083_C176,MH-002,Gadchiroli,2024,83,176,19.602901,80.380398,MH-002_C15,test,cnn_test,0,0,1,0.80785555
57801,MH-002_2024_R084_C161,MH-002,Gadchiroli,2024,84,161,19.602632,80.376356,MH-002_C14,test,cnn_test,1,0,0,0.0028430717
57802,MH-002_2024_R084_C163,MH-002,Gadchiroli,2024,84,163,19.602632,80.376895,MH-002_C14,test,cnn_test,1,0,0,0.006191872
57803,MH-002_2024_R084_C165,MH-002,Gadchiroli,2024,84,165,19.602632,80.377434,MH-002_C14,test,cnn_test,0,0,1,0.1319585
57804,MH-002_2024_R084_C166,MH-002,Gadchiroli,2024,84,166,19.602632,80.377703,MH-002_C14,test,cnn_test,1,0,1,0.6779212
57805,MH-002_2024_R084_C167,MH-002,Gadchiroli,2024,84,167,19.602632,80.377973,MH-002_C14,test,cnn_test,2,1,1,0.7634721
57806,MH-002_2024_R084_C168,MH-002,Gadchiroli,2024,84,168,19.602632,80.378242,MH-002_C14,test,cnn_test,0,0,1,0.7693845
57807,MH-002_2024_R084_C170,MH-002,Gadchiroli,2024,84,170,19.602632,80.378781,MH-002_C14,test,cnn_test,0,0,0,0.067074604
57808,MH-002_2024_R084_C171,MH-002,Gadchiroli,2024,84,171,19.602632,80.379051,MH-002_C14,test,cnn_test,0,0,0,0.0429274
57809,MH-002_2024_R084_C172,MH-002,Gadchiroli,2024,84,172,19.602632,80.37932,MH-002_C15,test,cnn_test,0,0,0,0.022222154
57810,MH-002_2024_R084_C173,MH-002,Gadchiroli,2024,84,173,19.602632,80.37959,MH-002_C15,test,cnn_test,0,0,0,0.023753565
57811,MH-002_2024_R084_C174,MH-002,Gadchiroli,2024,84,174,19.602632,80.379859,MH-002_C15,test,cnn_test,0,0,0,0.09390349
57812,MH-002_2024_R084_C175,MH-002,Gadchiroli,2024,84,175,19.602632,80.380129,MH-002_C15,test,cnn_test,0,0,1,0.31776634
57813,MH-002_2024_R084_C176,MH-002,Gadchiroli,2024,84,176,19.602632,80.380398,MH-002_C15,test,cnn_test,0,0,1,0.6847672
57886,MH-002_2024_R085_C161,MH-002,Gadchiroli,2024,85,161,19.602362,80.376356,MH-002_C14,test,cnn_test,0,0,0,0.0029912884
57887,MH-002_2024_R085_C162,MH-002,Gadchiroli,2024,85,162,19.602362,80.376625,MH-002_C14,test,cnn_test,0,0,0,0.0015982944
57888,MH-002_2024_R085_C163,MH-002,Gadchiroli,2024,85,163,19.602362,80.376895,MH-002_C14,test,cnn_test,0,0,0,0.017532606
57889,MH-002_2024_R085_C164,MH-002,Gadchiroli,2024,85,164,19.602362,80.377164,MH-002_C14,test,cnn_test,0,0,1,0.1906867
57890,MH-002_2024_R085_C165,MH-002,Gadchiroli,2024,85,165,19.602362,80.377434,MH-002_C14,test,cnn_test,0,0,1,0.22006555
57891,MH-002_2024_R085_C166,MH-002,Gadchiroli,2024,85,166,19.602362,80.377703,MH-002_C14,test,cnn_test,1,0,1,0.68941027
57892,MH-002_2024_R085_C167,MH-002,Gadchiroli,2024,85,167,19.602362,80.377973,MH-002_C14,test,cnn_test,1,0,1,0.6472211
57893,MH-002_2024_R085_C171,MH-002,Gadchiroli,2024,85,171,19.602362,80.379051,MH-002_C14,test,cnn_test,0,0,0,0.034368087
57894,MH-002_2024_R085_C172,MH-002,Gadchiroli,2024,85,172,19.602362,80.37932,MH-002_C15,test,cnn_test,0,0,0,0.08095759
57895,MH-002_2024_R085_C173,MH-002,Gadchiroli,2024,85,173,19.602362,80.37959,MH-002_C15,test,cnn_test,0,0,1,0.34818244
57896,MH-002_2024_R085_C174,MH-002,Gadchiroli,2024,85,174,19.602362,80.379859,MH-002_C15,test,cnn_test,0,0,1,0.24528745
57897,MH-002_2024_R085_C175,MH-002,Gadchiroli,2024,85,175,19.602362,80.380129,MH-002_C15,test,cnn_test,0,0,1,0.49670258
57970,MH-002_2024_R086_C161,MH-002,Gadchiroli,2024,86,161,19.602093,80.376356,MH-002_C14,test,cnn_test,0,0,0,0.0073998715
57971,MH-002_2024_R086_C162,MH-002,Gadchiroli,2024,86,162,19.602093,80.376625,MH-002_C14,test,cnn_test,0,0,0,0.00120054
57972,MH-002_2024_R086_C163,MH-002,Gadchiroli,2024,86,163,19.602093,80.376895,MH-002_C14,test,cnn_test,0,0,0,0.082077704
57973,MH-002_2024_R086_C172,MH-002,Gadchiroli,2024,86,172,19.602093,80.37932,MH-002_C15,test,cnn_test,0,0,1,0.148676
57974,MH-002_2024_R086_C173,MH-002,Gadchiroli,2024,86,173,19.602093,80.37959,MH-002_C15,test,cnn_test,0,0,1,0.32916093
57975,MH-002_2024_R086_C174,MH-002,Gadchiroli,2024,86,174,19.602093,80.379859,MH-002_C15,test,cnn_test,0,0,1,0.12340727
57976,MH-002_2024_R086_C175,MH-002,Gadchiroli,2024,86,175,19.602093,80.380129,MH-002_C15,test,cnn_test,0,0,1,0.26392362
57977,MH-002_2024_R086_C176,MH-002,Gadchiroli,2024,86,176,19.602093,80.380398,MH-002_C15,test,cnn_test,0,0,1,0.71298635
58049,MH-002_2024_R087_C170,MH-002,Gadchiroli,2024,87,170,19.601823,80.378781,MH-002_C14,test,cnn_test,0,0,1,0.18465467
58050,MH-002_2024_R087_C171,MH-002,Gadchiroli,2024,87,171,19.601823,80.379051,MH-002_C14,test,cnn_test,0,0,1,0.2713263
58051,MH-002_2024_R087_C172,MH-002,Gadchiroli,2024,87,172,19.601823,80.37932,MH-002_C15,test,cnn_test,0,0,1,0.2321634
58052,MH-002_2024_R087_C173,MH-002,Gadchiroli,2024,87,173,19.601823,80.37959,MH-002_C15,test,cnn_test,0,0,1,0.4877488
58053,MH-002_2024_R087_C174,MH-002,Gadchiroli,2024,87,174,19.601823,80.379859,MH-002_C15,test,cnn_test,0,0,0,0.09323237
58054,MH-002_2024_R087_C175,MH-002,Gadchiroli,2024,87,175,19.601823,80.380129,MH-002_C15,test,cnn_test,0,0,1,0.12310114
58135,MH-002_2024_R088_C171,MH-002,Gadchiroli,2024,88,171,19.601554,80.379051,MH-002_C14,test,cnn_test,0,0,1,0.66555345
58136,MH-002_2024_R088_C172,MH-002,Gadchiroli,2024,88,172,19.601554,80.37932,MH-002_C15,test,cnn_test,0,0,1,0.4509949
58137,MH-002_2024_R088_C173,MH-002,Gadchiroli,2024,88,173,19.601554,80.37959,MH-002_C15,test,cnn_test,0,0,1,0.3372225
58138,MH-002_2024_R088_C174,MH-002,Gadchiroli,2024,88,174,19.601554,80.379859,MH-002_C15,test,cnn_test,0,0,0,0.052747894
58139,MH-002_2024_R088_C176,MH-002,Gadchiroli,2024,88,176,19.601554,80.380398,MH-002_C15,test,cnn_test,0,0,1,0.5383831
58217,MH-002_2024_R089_C161,MH-002,Gadchiroli,2024,89,161,19.601284,80.376356,MH-002_C14,test,cnn_test,0,0,0,0.017223565
58218,MH-002_2024_R089_C165,MH-002,Gadchiroli,2024,89,165,19.601284,80.377434,MH-002_C14,test,cnn_test,0,0,1,0.7393596
58219,MH-002_2024_R089_C166,MH-002,Gadchiroli,2024,89,166,19.601284,80.377703,MH-002_C14,test,cnn_test,1,0,1,0.81995696
58220,MH-002_2024_R089_C167,MH-002,Gadchiroli,2024,89,167,19.601284,80.377973,MH-002_C14,test,cnn_test,1,0,1,0.62918186
58221,MH-002_2024_R089_C168,MH-002,Gadchiroli,2024,89,168,19.601284,80.378242,MH-002_C14,test,cnn_test,2,1,1,0.26033694
58222,MH-002_2024_R089_C172,MH-002,Gadchiroli,2024,89,172,19.601284,80.37932,MH-002_C15,test,cnn_test,0,0,1,0.6123254
58223,MH-002_2024_R089_C173,MH-002,Gadchiroli,2024,89,173,19.601284,80.37959,MH-002_C15,test,cnn_test,0,0,1,0.72056025
58224,MH-002_2024_R089_C175,MH-002,Gadchiroli,2024,89,175,19.601284,80.380129,MH-002_C15,test,cnn_test,0,0,1,0.18390636
58225,MH-002_2024_R089_C176,MH-002,Gadchiroli,2024,89,176,19.601284,80.380398,MH-002_C15,test,cnn_test,0,0,1,0.79348856
58308,MH-002_2024_R090_C161,MH-002,Gadchiroli,2024,90,161,19.601015,80.376356,MH-002_C14,test,cnn_test,0,0,0,0.021449128
58309,MH-002_2024_R090_C162,MH-002,Gadchiroli,2024,90,162,19.601015,80.376625,MH-002_C14,test,cnn_test,0,0,0,0.0052665668
58310,MH-002_2024_R090_C163,MH-002,Gadchiroli,2024,90,163,19.601015,80.376895,MH-002_C14,test,cnn_test,1,0,0,0.017683616
58311,MH-002_2024_R090_C165,MH-002,Gadchiroli,2024,90,165,19.601015,80.377434,MH-002_C14,test,cnn_test,0,0,1,0.22473371
58312,MH-002_2024_R090_C166,MH-002,Gadchiroli,2024,90,166,19.601015,80.377703,MH-002_C14,test,cnn_test,1,0,1,0.30384907
58313,MH-002_2024_R090_C167,MH-002,Gadchiroli,2024,90,167,19.601015,80.377973,MH-002_C14,test,cnn_test,0,0,1,0.3552044
58314,MH-002_2024_R090_C168,MH-002,Gadchiroli,2024,90,168,19.601015,80.378242,MH-002_C14,test,cnn_test,1,0,0,0.015194464
58315,MH-002_2024_R090_C169,MH-002,Gadchiroli,2024,90,169,19.601015,80.378512,MH-002_C14,test,cnn_test,1,0,1,0.14487419
58316,MH-002_2024_R090_C170,MH-002,Gadchiroli,2024,90,170,19.601015,80.378781,MH-002_C14,test,cnn_test,1,0,1,0.4272357
58317,MH-002_2024_R090_C172,MH-002,Gadchiroli,2024,90,172,19.601015,80.37932,MH-002_C15,test,cnn_test,0,0,1,0.42375055
58318,MH-002_2024_R090_C173,MH-002,Gadchiroli,2024,90,173,19.601015,80.37959,MH-002_C15,test,cnn_test,0,0,1,0.45694265
58319,MH-002_2024_R090_C174,MH-002,Gadchiroli,2024,90,174,19.601015,80.379859,MH-002_C15,test,cnn_test,0,0,1,0.2550485
58320,MH-002_2024_R090_C175,MH-002,Gadchiroli,2024,90,175,19.601015,80.380129,MH-002_C15,test,cnn_test,0,0,1,0.3177238
58321,MH-002_2024_R090_C176,MH-002,Gadchiroli,2024,90,176,19.601015,80.380398,MH-002_C15,test,cnn_test,0,0,1,0.7606851
58404,MH-002_2024_R091_C161,MH-002,Gadchiroli,2024,91,161,19.600745,80.376356,MH-002_C14,test,cnn_test,0,0,0,0.08774768
58405,MH-002_2024_R091_C162,MH-002,Gadchiroli,2024,91,162,19.600745,80.376625,MH-002_C14,test,cnn_test,0,0,1,0.19943422
58406,MH-002_2024_R091_C163,MH-002,Gadchiroli,2024,91,163,19.600745,80.376895,MH-002_C14,test,cnn_test,0,0,0,0.0565404
58407,MH-002_2024_R091_C164,MH-002,Gadchiroli,2024,91,164,19.600745,80.377164,MH-002_C14,test,cnn_test,1,0,1,0.12936942
58408,MH-002_2024_R091_C165,MH-002,Gadchiroli,2024,91,165,19.600745,80.377434,MH-002_C14,test,cnn_test,1,0,1,0.6507988
58409,MH-002_2024_R091_C166,MH-002,Gadchiroli,2024,91,166,19.600745,80.377703,MH-002_C14,test,cnn_test,0,0,1,0.9151989
58410,MH-002_2024_R091_C167,MH-002,Gadchiroli,2024,91,167,19.600745,80.377973,MH-002_C14,test,cnn_test,1,0,1,0.89232254
58411,MH-002_2024_R091_C168,MH-002,Gadchiroli,2024,91,168,19.600745,80.378242,MH-002_C14,test,cnn_test,0,0,1,0.66438144
58412,MH-002_2024_R091_C169,MH-002,Gadchiroli,2024,91,169,19.600745,80.378512,MH-002_C14,test,cnn_test,0,0,1,0.6244611
58413,MH-002_2024_R091_C170,MH-002,Gadchiroli,2024,91,170,19.600745,80.378781,MH-002_C14,test,cnn_test,0,0,1,0.67549753
58414,MH-002_2024_R091_C171,MH-002,Gadchiroli,2024,91,171,19.600745,80.379051,MH-002_C14,test,cnn_test,2,1,1,0.6256648
58415,MH-002_2024_R091_C173,MH-002,Gadchiroli,2024,91,173,19.600745,80.37959,MH-002_C15,test,cnn_test,0,0,1,0.50989926
58416,MH-002_2024_R091_C174,MH-002,Gadchiroli,2024,91,174,19.600745,80.379859,MH-002_C15,test,cnn_test,0,0,1,0.31672597
58417,MH-002_2024_R091_C175,MH-002,Gadchiroli,2024,91,175,19.600745,80.380129,MH-002_C15,test,cnn_test,0,0,1,0.24861175
58418,MH-002_2024_R091_C176,MH-002,Gadchiroli,2024,91,176,19.600745,80.380398,MH-002_C15,test,cnn_test,0,0,1,0.7566168
58500,MH-002_2024_R092_C161,MH-002,Gadchiroli,2024,92,161,19.600476,80.376356,MH-002_C14,test,cnn_test,0,0,1,0.5642989
58501,MH-002_2024_R092_C162,MH-002,Gadchiroli,2024,92,162,19.600476,80.376625,MH-002_C14,test,cnn_test,0,0,1,0.60437393
58502,MH-002_2024_R092_C163,MH-002,Gadchiroli,2024,92,163,19.600476,80.376895,MH-002_C14,test,cnn_test,0,0,1,0.29108334
58503,MH-002_2024_R092_C164,MH-002,Gadchiroli,2024,92,164,19.600476,80.377164,MH-002_C14,test,cnn_test,1,0,1,0.6071109
58504,MH-002_2024_R092_C165,MH-002,Gadchiroli,2024,92,165,19.600476,80.377434,MH-002_C14,test,cnn_test,1,0,1,0.88165975
58505,MH-002_2024_R092_C166,MH-002,Gadchiroli,2024,92,166,19.600476,80.377703,MH-002_C14,test,cnn_test,1,0,1,0.75837374
58506,MH-002_2024_R092_C167,MH-002,Gadchiroli,2024,92,167,19.600476,80.377973,MH-002_C14,test,cnn_test,2,1,1,0.83002007
58507,MH-002_2024_R092_C168,MH-002,Gadchiroli,2024,92,168,19.600476,80.378242,MH-002_C14,test,cnn_test,0,0,1,0.34113926
58508,MH-002_2024_R092_C169,MH-002,Gadchiroli,2024,92,169,19.600476,80.378512,MH-002_C14,test,cnn_test,0,0,1,0.7303657
58509,MH-002_2024_R092_C170,MH-002,Gadchiroli,2024,92,170,19.600476,80.378781,MH-002_C14,test,cnn_test,0,0,1,0.6958534
58510,MH-002_2024_R092_C171,MH-002,Gadchiroli,2024,92,171,19.600476,80.379051,MH-002_C14,test,cnn_test,1,0,1,0.6509516
58511,MH-002_2024_R092_C172,MH-002,Gadchiroli,2024,92,172,19.600476,80.37932,MH-002_C15,test,cnn_test,0,0,1,0.32709455
58512,MH-002_2024_R092_C173,MH-002,Gadchiroli,2024,92,173,19.600476,80.37959,MH-002_C15,test,cnn_test,0,0,1,0.42165285
58513,MH-002_2024_R092_C174,MH-002,Gadchiroli,2024,92,174,19.600476,80.379859,MH-002_C15,test,cnn_test,0,0,1,0.3554511
58514,MH-002_2024_R092_C175,MH-002,Gadchiroli,2024,92,175,19.600476,80.380129,MH-002_C15,test,cnn_test,0,0,1,0.39358065
58515,MH-002_2024_R092_C176,MH-002,Gadchiroli,2024,92,176,19.600476,80.380398,MH-002_C15,test,cnn_test,0,0,1,0.7377343
58594,MH-002_2024_R093_C161,MH-002,Gadchiroli,2024,93,161,19.600206,80.376356,MH-002_C14,test,cnn_test,1,0,1,0.5686303
58595,MH-002_2024_R093_C162,MH-002,Gadchiroli,2024,93,162,19.600206,80.376625,MH-002_C14,test,cnn_test,1,0,1,0.8490568
58596,MH-002_2024_R093_C163,MH-002,Gadchiroli,2024,93,163,19.600206,80.376895,MH-002_C14,test,cnn_test,1,0,1,0.72816503
58597,MH-002_2024_R093_C164,MH-002,Gadchiroli,2024,93,164,19.600206,80.377164,MH-002_C14,test,cnn_test,1,0,1,0.8656552
58598,MH-002_2024_R093_C165,MH-002,Gadchiroli,2024,93,165,19.600206,80.377434,MH-002_C14,test,cnn_test,2,1,1,0.9008329
58599,MH-002_2024_R093_C166,MH-002,Gadchiroli,2024,93,166,19.600206,80.377703,MH-002_C14,test,cnn_test,0,0,1,0.819928
58600,MH-002_2024_R093_C167,MH-002,Gadchiroli,2024,93,167,19.600206,80.377973,MH-002_C14,test,cnn_test,0,0,1,0.8072396
58601,MH-002_2024_R093_C168,MH-002,Gadchiroli,2024,93,168,19.600206,80.378242,MH-002_C14,test,cnn_test,1,0,1,0.7430642
58602,MH-002_2024_R093_C169,MH-002,Gadchiroli,2024,93,169,19.600206,80.378512,MH-002_C14,test,cnn_test,0,0,1,0.7062993
58603,MH-002_2024_R093_C170,MH-002,Gadchiroli,2024,93,170,19.600206,80.378781,MH-002_C14,test,cnn_test,0,0,1,0.7606229
58604,MH-002_2024_R093_C171,MH-002,Gadchiroli,2024,93,171,19.600206,80.379051,MH-002_C14,test,cnn_test,1,0,1,0.7120531
58605,MH-002_2024_R093_C172,MH-002,Gadchiroli,2024,93,172,19.600206,80.37932,MH-002_C15,test,cnn_test,1,0,1,0.44647622
58606,MH-002_2024_R093_C173,MH-002,Gadchiroli,2024,93,173,19.600206,80.37959,MH-002_C15,test,cnn_test,0,0,1,0.43773472
58607,MH-002_2024_R093_C174,MH-002,Gadchiroli,2024,93,174,19.600206,80.379859,MH-002_C15,test,cnn_test,0,0,1,0.39293185
58608,MH-002_2024_R093_C175,MH-002,Gadchiroli,2024,93,175,19.600206,80.380129,MH-002_C15,test,cnn_test,0,0,1,0.35357434
58678,MH-002_2024_R094_C161,MH-002,Gadchiroli,2024,94,161,19.599937,80.376356,MH-002_C14,test,cnn_test,1,0,1,0.9043746
58679,MH-002_2024_R094_C162,MH-002,Gadchiroli,2024,94,162,19.599937,80.376625,MH-002_C14,test,cnn_test,1,0,1,0.9037588
58680,MH-002_2024_R094_C163,MH-002,Gadchiroli,2024,94,163,19.599937,80.376895,MH-002_C14,test,cnn_test,1,0,1,0.90532523
58681,MH-002_2024_R094_C164,MH-002,Gadchiroli,2024,94,164,19.599937,80.377164,MH-002_C14,test,cnn_test,1,0,1,0.9184753
58682,MH-002_2024_R094_C165,MH-002,Gadchiroli,2024,94,165,19.599937,80.377434,MH-002_C14,test,cnn_test,0,0,1,0.9000964
58683,MH-002_2024_R094_C166,MH-002,Gadchiroli,2024,94,166,19.599937,80.377703,MH-002_C14,test,cnn_test,0,0,1,0.65005565
58684,MH-002_2024_R094_C167,MH-002,Gadchiroli,2024,94,167,19.599937,80.377973,MH-002_C14,test,cnn_test,0,0,1,0.5893999
58685,MH-002_2024_R094_C168,MH-002,Gadchiroli,2024,94,168,19.599937,80.378242,MH-002_C14,test,cnn_test,0,0,1,0.27848396
58686,MH-002_2024_R094_C169,MH-002,Gadchiroli,2024,94,169,19.599937,80.378512,MH-002_C14,test,cnn_test,0,0,1,0.6492664
58687,MH-002_2024_R094_C170,MH-002,Gadchiroli,2024,94,170,19.599937,80.378781,MH-002_C14,test,cnn_test,0,0,1,0.74288327
58688,MH-002_2024_R094_C171,MH-002,Gadchiroli,2024,94,171,19.599937,80.379051,MH-002_C14,test,cnn_test,0,0,1,0.67943746
58689,MH-002_2024_R094_C172,MH-002,Gadchiroli,2024,94,172,19.599937,80.37932,MH-002_C15,test,cnn_test,0,0,1,0.27298498
58690,MH-002_2024_R094_C173,MH-002,Gadchiroli,2024,94,173,19.599937,80.37959,MH-002_C15,test,cnn_test,0,0,1,0.26319107
58691,MH-002_2024_R094_C174,MH-002,Gadchiroli,2024,94,174,19.599937,80.379859,MH-002_C15,test,cnn_test,0,0,1,0.40289226
58692,MH-002_2024_R094_C175,MH-002,Gadchiroli,2024,94,175,19.599937,80.380129,MH-002_C15,test,cnn_test,0,0,1,0.4274699
58761,MH-002_2024_R095_C161,MH-002,Gadchiroli,2024,95,161,19.599667,80.376356,MH-002_C14,test,cnn_test,0,0,1,0.6335389
58762,MH-002_2024_R095_C162,MH-002,Gadchiroli,2024,95,162,19.599667,80.376625,MH-002_C14,test,cnn_test,0,0,1,0.8476621
58763,MH-002_2024_R095_C163,MH-002,Gadchiroli,2024,95,163,19.599667,80.376895,MH-002_C14,test,cnn_test,0,0,1,0.7180868
58764,MH-002_2024_R095_C164,MH-002,Gadchiroli,2024,95,164,19.599667,80.377164,MH-002_C14,test,cnn_test,1,0,1,0.88995856
58765,MH-002_2024_R095_C165,MH-002,Gadchiroli,2024,95,165,19.599667,80.377434,MH-002_C14,test,cnn_test,1,0,1,0.74412304
58766,MH-002_2024_R095_C166,MH-002,Gadchiroli,2024,95,166,19.599667,80.377703,MH-002_C14,test,cnn_test,0,0,1,0.6217091
58767,MH-002_2024_R095_C167,MH-002,Gadchiroli,2024,95,167,19.599667,80.377973,MH-002_C14,test,cnn_test,0,0,1,0.59468573
58768,MH-002_2024_R095_C168,MH-002,Gadchiroli,2024,95,168,19.599667,80.378242,MH-002_C14,test,cnn_test,0,0,1,0.5165002
58769,MH-002_2024_R095_C169,MH-002,Gadchiroli,2024,95,169,19.599667,80.378512,MH-002_C14,test,cnn_test,0,0,1,0.43698838
58770,MH-002_2024_R095_C170,MH-002,Gadchiroli,2024,95,170,19.599667,80.378781,MH-002_C14,test,cnn_test,0,0,1,0.6844639
58771,MH-002_2024_R095_C171,MH-002,Gadchiroli,2024,95,171,19.599667,80.379051,MH-002_C14,test,cnn_test,1,0,1,0.6229089
58772,MH-002_2024_R095_C172,MH-002,Gadchiroli,2024,95,172,19.599667,80.37932,MH-002_C15,test,cnn_test,1,0,1,0.20004404
58773,MH-002_2024_R095_C173,MH-002,Gadchiroli,2024,95,173,19.599667,80.37959,MH-002_C15,test,cnn_test,0,0,1,0.277127
58774,MH-002_2024_R095_C174,MH-002,Gadchiroli,2024,95,174,19.599667,80.379859,MH-002_C15,test,cnn_test,0,0,1,0.45950252
58775,MH-002_2024_R095_C175,MH-002,Gadchiroli,2024,95,175,19.599667,80.380129,MH-002_C15,test,cnn_test,0,0,1,0.44477633
58844,MH-002_2024_R096_C161,MH-002,Gadchiroli,2024,96,161,19.599398,80.376356,MH-002_C14,test,cnn_test,0,0,1,0.7208638
58845,MH-002_2024_R096_C163,MH-002,Gadchiroli,2024,96,163,19.599398,80.376895,MH-002_C14,test,cnn_test,0,0,1,0.21495707
58846,MH-002_2024_R096_C164,MH-002,Gadchiroli,2024,96,164,19.599398,80.377164,MH-002_C14,test,cnn_test,1,0,1,0.84535336
58847,MH-002_2024_R096_C165,MH-002,Gadchiroli,2024,96,165,19.599398,80.377434,MH-002_C14,test,cnn_test,1,0,1,0.5325013
58848,MH-002_2024_R096_C166,MH-002,Gadchiroli,2024,96,166,19.599398,80.377703,MH-002_C14,test,cnn_test,1,0,1,0.2603903
58849,MH-002_2024_R096_C167,MH-002,Gadchiroli,2024,96,167,19.599398,80.377973,MH-002_C14,test,cnn_test,0,0,1,0.387342
58850,MH-002_2024_R096_C168,MH-002,Gadchiroli,2024,96,168,19.599398,80.378242,MH-002_C14,test,cnn_test,1,0,1,0.29012462
58851,MH-002_2024_R096_C169,MH-002,Gadchiroli,2024,96,169,19.599398,80.378512,MH-002_C14,test,cnn_test,0,0,1,0.5407747
58852,MH-002_2024_R096_C170,MH-002,Gadchiroli,2024,96,170,19.599398,80.378781,MH-002_C14,test,cnn_test,0,0,1,0.5060182
58853,MH-002_2024_R096_C171,MH-002,Gadchiroli,2024,96,171,19.599398,80.379051,MH-002_C14,test,cnn_test,1,0,1,0.45128125
58854,MH-002_2024_R096_C172,MH-002,Gadchiroli,2024,96,172,19.599398,80.37932,MH-002_C15,test,cnn_test,1,0,1,0.12577981
58855,MH-002_2024_R096_C173,MH-002,Gadchiroli,2024,96,173,19.599398,80.37959,MH-002_C15,test,cnn_test,0,0,1,0.19303562
58856,MH-002_2024_R096_C174,MH-002,Gadchiroli,2024,96,174,19.599398,80.379859,MH-002_C15,test,cnn_test,0,0,1,0.45401204
58857,MH-002_2024_R096_C175,MH-002,Gadchiroli,2024,96,175,19.599398,80.380129,MH-002_C15,test,cnn_test,0,0,1,0.413116
58858,MH-002_2024_R096_C176,MH-002,Gadchiroli,2024,96,176,19.599398,80.380398,MH-002_C15,test,cnn_test,0,0,1,0.7988665
58923,MH-002_2024_R097_C161,MH-002,Gadchiroli,2024,97,161,19.599128,80.376356,MH-002_C14,test,cnn_test,0,0,0,0.052025855
58924,MH-002_2024_R097_C163,MH-002,Gadchiroli,2024,97,163,19.599128,80.376895,MH-002_C14,test,cnn_test,0,0,0,0.037267305
58925,MH-002_2024_R097_C164,MH-002,Gadchiroli,2024,97,164,19.599128,80.377164,MH-002_C14,test,cnn_test,0,0,1,0.5328685
58926,MH-002_2024_R097_C165,MH-002,Gadchiroli,2024,97,165,19.599128,80.377434,MH-002_C14,test,cnn_test,1,0,1,0.30819288
58927,MH-002_2024_R097_C166,MH-002,Gadchiroli,2024,97,166,19.599128,80.377703,MH-002_C14,test,cnn_test,0,0,1,0.22644168
58928,MH-002_2024_R097_C167,MH-002,Gadchiroli,2024,97,167,19.599128,80.377973,MH-002_C14,test,cnn_test,1,0,1,0.4117063
58929,MH-002_2024_R097_C168,MH-002,Gadchiroli,2024,97,168,19.599128,80.378242,MH-002_C14,test,cnn_test,1,0,1,0.19690147
58930,MH-002_2024_R097_C169,MH-002,Gadchiroli,2024,97,169,19.599128,80.378512,MH-002_C14,test,cnn_test,1,0,1,0.17733087
58931,MH-002_2024_R097_C170,MH-002,Gadchiroli,2024,97,170,19.599128,80.378781,MH-002_C14,test,cnn_test,0,0,1,0.45481423
58932,MH-002_2024_R097_C171,MH-002,Gadchiroli,2024,97,171,19.599128,80.379051,MH-002_C14,test,cnn_test,0,0,1,0.42740622
58933,MH-002_2024_R097_C172,MH-002,Gadchiroli,2024,97,172,19.599128,80.37932,MH-002_C15,test,cnn_test,0,0,1,0.16323252
58934,MH-002_2024_R097_C173,MH-002,Gadchiroli,2024,97,173,19.599128,80.37959,MH-002_C15,test,cnn_test,0,0,1,0.27660167
58935,MH-002_2024_R097_C174,MH-002,Gadchiroli,2024,97,174,19.599128,80.379859,MH-002_C15,test,cnn_test,0,0,1,0.62167937
58936,MH-002_2024_R097_C175,MH-002,Gadchiroli,2024,97,175,19.599128,80.380129,MH-002_C15,test,cnn_test,0,0,1,0.41981265
58937,MH-002_2024_R097_C176,MH-002,Gadchiroli,2024,97,176,19.599128,80.380398,MH-002_C15,test,cnn_test,0,0,1,0.8675499
58999,MH-002_2024_R098_C163,MH-002,Gadchiroli,2024,98,163,19.598859,80.376895,MH-002_C14,test,cnn_test,0,0,1,0.39194888
59000,MH-002_2024_R098_C164,MH-002,Gadchiroli,2024,98,164,19.598859,80.377164,MH-002_C14,test,cnn_test,0,0,1,0.84970355
59001,MH-002_2024_R098_C165,MH-002,Gadchiroli,2024,98,165,19.598859,80.377434,MH-002_C14,test,cnn_test,0,0,1,0.43978852
59002,MH-002_2024_R098_C166,MH-002,Gadchiroli,2024,98,166,19.598859,80.377703,MH-002_C14,test,cnn_test,2,1,1,0.26767063
59003,MH-002_2024_R098_C167,MH-002,Gadchiroli,2024,98,167,19.598859,80.377973,MH-002_C14,test,cnn_test,1,0,1,0.47434714
59004,MH-002_2024_R098_C168,MH-002,Gadchiroli,2024,98,168,19.598859,80.378242,MH-002_C14,test,cnn_test,1,0,1,0.32276917
59005,MH-002_2024_R098_C169,MH-002,Gadchiroli,2024,98,169,19.598859,80.378512,MH-002_C14,test,cnn_test,0,0,1,0.6796908
59006,MH-002_2024_R098_C170,MH-002,Gadchiroli,2024,98,170,19.598859,80.378781,MH-002_C14,test,cnn_test,1,0,1,0.7252064
59007,MH-002_2024_R098_C171,MH-002,Gadchiroli,2024,98,171,19.598859,80.379051,MH-002_C14,test,cnn_test,0,0,1,0.81764513
59008,MH-002_2024_R098_C172,MH-002,Gadchiroli,2024,98,172,19.598859,80.37932,MH-002_C15,test,cnn_test,0,0,1,0.5960663
59009,MH-002_2024_R098_C173,MH-002,Gadchiroli,2024,98,173,19.598859,80.37959,MH-002_C15,test,cnn_test,0,0,1,0.62741715
59010,MH-002_2024_R098_C174,MH-002,Gadchiroli,2024,98,174,19.598859,80.379859,MH-002_C15,test,cnn_test,0,0,1,0.84161955
59011,MH-002_2024_R098_C175,MH-002,Gadchiroli,2024,98,175,19.598859,80.380129,MH-002_C15,test,cnn_test,0,0,1,0.6835878
59012,MH-002_2024_R098_C176,MH-002,Gadchiroli,2024,98,176,19.598859,80.380398,MH-002_C15,test,cnn_test,0,0,1,0.9294963
59076,MH-002_2024_R099_C161,MH-002,Gadchiroli,2024,99,161,19.598589,80.376356,MH-002_C14,test,cnn_test,1,0,1,0.10719258
59077,MH-002_2024_R099_C162,MH-002,Gadchiroli,2024,99,162,19.598589,80.376625,MH-002_C14,test,cnn_test,1,0,1,0.45084313
59078,MH-002_2024_R099_C163,MH-002,Gadchiroli,2024,99,163,19.598589,80.376895,MH-002_C14,test,cnn_test,1,0,1,0.17306338
59079,MH-002_2024_R099_C164,MH-002,Gadchiroli,2024,99,164,19.598589,80.377164,MH-002_C14,test,cnn_test,2,1,1,0.81750184
59080,MH-002_2024_R099_C165,MH-002,Gadchiroli,2024,99,165,19.598589,80.377434,MH-002_C14,test,cnn_test,1,0,1,0.5711362
59081,MH-002_2024_R099_C166,MH-002,Gadchiroli,2024,99,166,19.598589,80.377703,MH-002_C14,test,cnn_test,2,1,1,0.601679
59082,MH-002_2024_R099_C167,MH-002,Gadchiroli,2024,99,167,19.598589,80.377973,MH-002_C14,test,cnn_test,2,1,1,0.6922597
59083,MH-002_2024_R099_C168,MH-002,Gadchiroli,2024,99,168,19.598589,80.378242,MH-002_C14,test,cnn_test,2,1,1,0.51182616
59084,MH-002_2024_R099_C169,MH-002,Gadchiroli,2024,99,169,19.598589,80.378512,MH-002_C14,test,cnn_test,0,0,1,0.4767467
59085,MH-002_2024_R099_C170,MH-002,Gadchiroli,2024,99,170,19.598589,80.378781,MH-002_C14,test,cnn_test,0,0,1,0.77675456
59086,MH-002_2024_R099_C171,MH-002,Gadchiroli,2024,99,171,19.598589,80.379051,MH-002_C14,test,cnn_test,0,0,1,0.85645634
59087,MH-002_2024_R099_C172,MH-002,Gadchiroli,2024,99,172,19.598589,80.37932,MH-002_C15,test,cnn_test,0,0,1,0.826542
59088,MH-002_2024_R099_C173,MH-002,Gadchiroli,2024,99,173,19.598589,80.37959,MH-002_C15,test,cnn_test,0,0,1,0.8322678
59089,MH-002_2024_R099_C174,MH-002,Gadchiroli,2024,99,174,19.598589,80.379859,MH-002_C15,test,cnn_test,0,0,1,0.898753
59090,MH-002_2024_R099_C175,MH-002,Gadchiroli,2024,99,175,19.598589,80.380129,MH-002_C15,test,cnn_test,0,0,1,0.7793418
59091,MH-002_2024_R099_C176,MH-002,Gadchiroli,2024,99,176,19.598589,80.380398,MH-002_C15,test,cnn_test,0,0,1,0.93187696
59156,MH-002_2024_R100_C161,MH-002,Gadchiroli,2024,100,161,19.59832,80.376356,MH-002_C14,test,cnn_test,0,0,1,0.3778009
59157,MH-002_2024_R100_C162,MH-002,Gadchiroli,2024,100,162,19.59832,80.376625,MH-002_C14,test,cnn_test,1,0,1,0.60085416
59158,MH-002_2024_R100_C163,MH-002,Gadchiroli,2024,100,163,19.59832,80.376895,MH-002_C14,test,cnn_test,1,0,1,0.51114917
59159,MH-002_2024_R100_C164,MH-002,Gadchiroli,2024,100,164,19.59832,80.377164,MH-002_C14,test,cnn_test,1,0,1,0.9033507
59160,MH-002_2024_R100_C165,MH-002,Gadchiroli,2024,100,165,19.59832,80.377434,MH-002_C14,test,cnn_test,1,0,1,0.73585194
59161,MH-002_2024_R100_C166,MH-002,Gadchiroli,2024,100,166,19.59832,80.377703,MH-002_C14,test,cnn_test,2,1,1,0.4619934
59162,MH-002_2024_R100_C167,MH-002,Gadchiroli,2024,100,167,19.59832,80.377973,MH-002_C14,test,cnn_test,2,1,1,0.69648945
59163,MH-002_2024_R100_C168,MH-002,Gadchiroli,2024,100,168,19.59832,80.378242,MH-002_C14,test,cnn_test,2,1,1,0.70969385
59164,MH-002_2024_R100_C169,MH-002,Gadchiroli,2024,100,169,19.59832,80.378512,MH-002_C14,test,cnn_test,1,0,1,0.7708328
59165,MH-002_2024_R100_C170,MH-002,Gadchiroli,2024,100,170,19.59832,80.378781,MH-002_C14,test,cnn_test,0,0,1,0.6951594
59166,MH-002_2024_R100_C171,MH-002,Gadchiroli,2024,100,171,19.59832,80.379051,MH-002_C14,test,cnn_test,0,0,1,0.82216185
59167,MH-002_2024_R100_C172,MH-002,Gadchiroli,2024,100,172,19.59832,80.37932,MH-002_C15,test,cnn_test,0,0,1,0.83700484
59168,MH-002_2024_R100_C173,MH-002,Gadchiroli,2024,100,173,19.59832,80.37959,MH-002_C15,test,cnn_test,0,0,1,0.86376965
59169,MH-002_2024_R100_C174,MH-002,Gadchiroli,2024,100,174,19.59832,80.379859,MH-002_C15,test,cnn_test,0,0,1,0.9141184
59170,MH-002_2024_R100_C175,MH-002,Gadchiroli,2024,100,175,19.59832,80.380129,MH-002_C15,test,cnn_test,0,0,1,0.83431894
59171,MH-002_2024_R100_C176,MH-002,Gadchiroli,2024,100,176,19.59832,80.380398,MH-002_C15,test,cnn_test,0,0,1,0.879044
59233,MH-002_2024_R101_C161,MH-002,Gadchiroli,2024,101,161,19.59805,80.376356,MH-002_C14,test,cnn_test,0,0,0,0.058075227
59234,MH-002_2024_R101_C162,MH-002,Gadchiroli,2024,101,162,19.59805,80.376625,MH-002_C14,test,cnn_test,0,0,1,0.2788551
59235,MH-002_2024_R101_C163,MH-002,Gadchiroli,2024,101,163,19.59805,80.376895,MH-002_C14,test,cnn_test,1,0,1,0.1117006
59236,MH-002_2024_R101_C164,MH-002,Gadchiroli,2024,101,164,19.59805,80.377164,MH-002_C14,test,cnn_test,2,1,1,0.7958819
59237,MH-002_2024_R101_C165,MH-002,Gadchiroli,2024,101,165,19.59805,80.377434,MH-002_C14,test,cnn_test,2,1,1,0.7480816
59238,MH-002_2024_R101_C166,MH-002,Gadchiroli,2024,101,166,19.59805,80.377703,MH-002_C14,test,cnn_test,2,1,1,0.62335926
59239,MH-002_2024_R101_C167,MH-002,Gadchiroli,2024,101,167,19.59805,80.377973,MH-002_C14,test,cnn_test,1,0,1,0.8075506
59240,MH-002_2024_R101_C168,MH-002,Gadchiroli,2024,101,168,19.59805,80.378242,MH-002_C14,test,cnn_test,0,0,1,0.7110867
59241,MH-002_2024_R101_C169,MH-002,Gadchiroli,2024,101,169,19.59805,80.378512,MH-002_C14,test,cnn_test,1,0,1,0.5317067
59242,MH-002_2024_R101_C170,MH-002,Gadchiroli,2024,101,170,19.59805,80.378781,MH-002_C14,test,cnn_test,1,0,1,0.33752447
59243,MH-002_2024_R101_C171,MH-002,Gadchiroli,2024,101,171,19.59805,80.379051,MH-002_C14,test,cnn_test,1,0,1,0.551372
59244,MH-002_2024_R101_C172,MH-002,Gadchiroli,2024,101,172,19.59805,80.37932,MH-002_C15,test,cnn_test,0,0,1,0.65711987
59245,MH-002_2024_R101_C173,MH-002,Gadchiroli,2024,101,173,19.59805,80.37959,MH-002_C15,test,cnn_test,0,0,1,0.89005953
59246,MH-002_2024_R101_C174,MH-002,Gadchiroli,2024,101,174,19.59805,80.379859,MH-002_C15,test,cnn_test,0,0,1,0.92044795
59247,MH-002_2024_R101_C175,MH-002,Gadchiroli,2024,101,175,19.59805,80.380129,MH-002_C15,test,cnn_test,0,0,1,0.8546938
59248,MH-002_2024_R101_C176,MH-002,Gadchiroli,2024,101,176,19.59805,80.380398,MH-002_C15,test,cnn_test,0,0,1,0.885807
59306,MH-002_2024_R102_C161,MH-002,Gadchiroli,2024,102,161,19.597781,80.376356,MH-002_C14,test,cnn_test,0,0,1,0.42603466
59307,MH-002_2024_R102_C162,MH-002,Gadchiroli,2024,102,162,19.597781,80.376625,MH-002_C14,test,cnn_test,0,0,1,0.64260304
59308,MH-002_2024_R102_C163,MH-002,Gadchiroli,2024,102,163,19.597781,80.376895,MH-002_C14,test,cnn_test,2,1,1,0.24862646
59309,MH-002_2024_R102_C164,MH-002,Gadchiroli,2024,102,164,19.597781,80.377164,MH-002_C14,test,cnn_test,2,1,1,0.8961597
59310,MH-002_2024_R102_C165,MH-002,Gadchiroli,2024,102,165,19.597781,80.377434,MH-002_C14,test,cnn_test,2,1,1,0.77976245
59311,MH-002_2024_R102_C166,MH-002,Gadchiroli,2024,102,166,19.597781,80.377703,MH-002_C14,test,cnn_test,1,0,1,0.4949558
59312,MH-002_2024_R102_C167,MH-002,Gadchiroli,2024,102,167,19.597781,80.377973,MH-002_C14,test,cnn_test,1,0,1,0.6073401
59313,MH-002_2024_R102_C168,MH-002,Gadchiroli,2024,102,168,19.597781,80.378242,MH-002_C14,test,cnn_test,1,0,1,0.60759455
59314,MH-002_2024_R102_C169,MH-002,Gadchiroli,2024,102,169,19.597781,80.378512,MH-002_C14,test,cnn_test,2,1,1,0.29350993
59315,MH-002_2024_R102_C170,MH-002,Gadchiroli,2024,102,170,19.597781,80.378781,MH-002_C14,test,cnn_test,2,1,0,0.069987394
59316,MH-002_2024_R102_C171,MH-002,Gadchiroli,2024,102,171,19.597781,80.379051,MH-002_C14,test,cnn_test,2,1,0,0.073613584
59317,MH-002_2024_R102_C172,MH-002,Gadchiroli,2024,102,172,19.597781,80.37932,MH-002_C15,test,cnn_test,0,0,1,0.218998
59318,MH-002_2024_R102_C173,MH-002,Gadchiroli,2024,102,173,19.597781,80.37959,MH-002_C15,test,cnn_test,0,0,1,0.85159177
59319,MH-002_2024_R102_C174,MH-002,Gadchiroli,2024,102,174,19.597781,80.379859,MH-002_C15,test,cnn_test,0,0,1,0.8577427
59320,MH-002_2024_R102_C175,MH-002,Gadchiroli,2024,102,175,19.597781,80.380129,MH-002_C15,test,cnn_test,0,0,1,0.85215753
59321,MH-002_2024_R102_C176,MH-002,Gadchiroli,2024,102,176,19.597781,80.380398,MH-002_C15,test,cnn_test,0,0,1,0.83936507
59374,MH-002_2024_R103_C161,MH-002,Gadchiroli,2024,103,161,19.597511,80.376356,MH-002_C14,test,cnn_test,0,0,1,0.21542148
59375,MH-002_2024_R103_C162,MH-002,Gadchiroli,2024,103,162,19.597511,80.376625,MH-002_C14,test,cnn_test,0,0,1,0.25417754
59376,MH-002_2024_R103_C163,MH-002,Gadchiroli,2024,103,163,19.597511,80.376895,MH-002_C14,test,cnn_test,1,0,1,0.108477525
59377,MH-002_2024_R103_C164,MH-002,Gadchiroli,2024,103,164,19.597511,80.377164,MH-002_C14,test,cnn_test,2,1,1,0.80172867
59378,MH-002_2024_R103_C165,MH-002,Gadchiroli,2024,103,165,19.597511,80.377434,MH-002_C14,test,cnn_test,1,0,1,0.7440189
59379,MH-002_2024_R103_C166,MH-002,Gadchiroli,2024,103,166,19.597511,80.377703,MH-002_C14,test,cnn_test,1,0,1,0.52610683
59380,MH-002_2024_R103_C167,MH-002,Gadchiroli,2024,103,167,19.597511,80.377973,MH-002_C14,test,cnn_test,0,0,1,0.7064106
59381,MH-002_2024_R103_C168,MH-002,Gadchiroli,2024,103,168,19.597511,80.378242,MH-002_C14,test,cnn_test,1,0,1,0.5189597
59382,MH-002_2024_R103_C169,MH-002,Gadchiroli,2024,103,169,19.597511,80.378512,MH-002_C14,test,cnn_test,2,1,1,0.2525923
59383,MH-002_2024_R103_C170,MH-002,Gadchiroli,2024,103,170,19.597511,80.378781,MH-002_C14,test,cnn_test,2,1,0,0.018270893
59384,MH-002_2024_R103_C171,MH-002,Gadchiroli,2024,103,171,19.597511,80.379051,MH-002_C14,test,cnn_test,0,0,0,0.018765882
59385,MH-002_2024_R103_C172,MH-002,Gadchiroli,2024,103,172,19.597511,80.37932,MH-002_C15,test,cnn_test,0,0,0,0.022624772
59386,MH-002_2024_R103_C173,MH-002,Gadchiroli,2024,103,173,19.597511,80.37959,MH-002_C15,test,cnn_test,0,0,1,0.49020192
59387,MH-002_2024_R103_C174,MH-002,Gadchiroli,2024,103,174,19.597511,80.379859,MH-002_C15,test,cnn_test,0,0,1,0.4508847
59388,MH-002_2024_R103_C175,MH-002,Gadchiroli,2024,103,175,19.597511,80.380129,MH-002_C15,test,cnn_test,0,0,1,0.52050936
59389,MH-002_2024_R103_C176,MH-002,Gadchiroli,2024,103,176,19.597511,80.380398,MH-002_C15,test,cnn_test,0,0,1,0.6356505
59448,MH-002_2024_R104_C161,MH-002,Gadchiroli,2024,104,161,19.597242,80.376356,MH-002_C14,test,cnn_test,1,0,1,0.5117663
59449,MH-002_2024_R104_C162,MH-002,Gadchiroli,2024,104,162,19.597242,80.376625,MH-002_C14,test,cnn_test,0,0,1,0.6405045
59450,MH-002_2024_R104_C163,MH-002,Gadchiroli,2024,104,163,19.597242,80.376895,MH-002_C14,test,cnn_test,0,0,1,0.5768776
59451,MH-002_2024_R104_C164,MH-002,Gadchiroli,2024,104,164,19.597242,80.377164,MH-002_C14,test,cnn_test,2,1,1,0.8872607
59452,MH-002_2024_R104_C165,MH-002,Gadchiroli,2024,104,165,19.597242,80.377434,MH-002_C14,test,cnn_test,2,1,1,0.86095
59453,MH-002_2024_R104_C166,MH-002,Gadchiroli,2024,104,166,19.597242,80.377703,MH-002_C14,test,cnn_test,1,0,1,0.7985691
59454,MH-002_2024_R104_C167,MH-002,Gadchiroli,2024,104,167,19.597242,80.377973,MH-002_C14,test,cnn_test,1,0,1,0.83657104
59455,MH-002_2024_R104_C168,MH-002,Gadchiroli,2024,104,168,19.597242,80.378242,MH-002_C14,test,cnn_test,0,0,1,0.7319967
59456,MH-002_2024_R104_C169,MH-002,Gadchiroli,2024,104,169,19.597242,80.378512,MH-002_C14,test,cnn_test,0,0,1,0.5544236
59457,MH-002_2024_R104_C170,MH-002,Gadchiroli,2024,104,170,19.597242,80.378781,MH-002_C14,test,cnn_test,1,0,0,0.062237225
59458,MH-002_2024_R104_C171,MH-002,Gadchiroli,2024,104,171,19.597242,80.379051,MH-002_C14,test,cnn_test,0,0,1,0.13587037
59459,MH-002_2024_R104_C172,MH-002,Gadchiroli,2024,104,172,19.597242,80.37932,MH-002_C15,test,cnn_test,0,0,0,0.079145275
59460,MH-002_2024_R104_C173,MH-002,Gadchiroli,2024,104,173,19.597242,80.37959,MH-002_C15,test,cnn_test,0,0,1,0.41668794
59461,MH-002_2024_R104_C174,MH-002,Gadchiroli,2024,104,174,19.597242,80.379859,MH-002_C15,test,cnn_test,0,0,1,0.21236573
59462,MH-002_2024_R104_C175,MH-002,Gadchiroli,2024,104,175,19.597242,80.380129,MH-002_C15,test,cnn_test,0,0,1,0.22175674
59463,MH-002_2024_R104_C176,MH-002,Gadchiroli,2024,104,176,19.597242,80.380398,MH-002_C15,test,cnn_test,0,0,1,0.29873022
59525,MH-002_2024_R105_C161,MH-002,Gadchiroli,2024,105,161,19.596973,80.376356,MH-002_C14,test,cnn_test,0,0,1,0.4660777
59526,MH-002_2024_R105_C162,MH-002,Gadchiroli,2024,105,162,19.596973,80.376625,MH-002_C14,test,cnn_test,1,0,1,0.81402093
59527,MH-002_2024_R105_C163,MH-002,Gadchiroli,2024,105,163,19.596973,80.376895,MH-002_C14,test,cnn_test,0,0,1,0.5259177
59528,MH-002_2024_R105_C164,MH-002,Gadchiroli,2024,105,164,19.596973,80.377164,MH-002_C14,test,cnn_test,2,1,1,0.80565345
59529,MH-002_2024_R105_C165,MH-002,Gadchiroli,2024,105,165,19.596973,80.377434,MH-002_C14,test,cnn_test,2,1,1,0.7127625
59530,MH-002_2024_R105_C166,MH-002,Gadchiroli,2024,105,166,19.596973,80.377703,MH-002_C14,test,cnn_test,0,0,1,0.7725889
59531,MH-002_2024_R105_C167,MH-002,Gadchiroli,2024,105,167,19.596973,80.377973,MH-002_C14,test,cnn_test,0,0,1,0.61587435
59532,MH-002_2024_R105_C168,MH-002,Gadchiroli,2024,105,168,19.596973,80.378242,MH-002_C14,test,cnn_test,0,0,1,0.5875951
59533,MH-002_2024_R105_C169,MH-002,Gadchiroli,2024,105,169,19.596973,80.378512,MH-002_C14,test,cnn_test,0,0,1,0.22853605
59534,MH-002_2024_R105_C170,MH-002,Gadchiroli,2024,105,170,19.596973,80.378781,MH-002_C14,test,cnn_test,0,0,0,0.05134202
59535,MH-002_2024_R105_C171,MH-002,Gadchiroli,2024,105,171,19.596973,80.379051,MH-002_C14,test,cnn_test,0,0,0,0.057909373
59536,MH-002_2024_R105_C172,MH-002,Gadchiroli,2024,105,172,19.596973,80.37932,MH-002_C15,test,cnn_test,0,0,0,0.036643315
59537,MH-002_2024_R105_C173,MH-002,Gadchiroli,2024,105,173,19.596973,80.37959,MH-002_C15,test,cnn_test,0,0,0,0.036022294
59538,MH-002_2024_R105_C174,MH-002,Gadchiroli,2024,105,174,19.596973,80.379859,MH-002_C15,test,cnn_test,0,0,0,0.024500597
59539,MH-002_2024_R105_C175,MH-002,Gadchiroli,2024,105,175,19.596973,80.380129,MH-002_C15,test,cnn_test,0,0,0,0.014481684
59540,MH-002_2024_R105_C176,MH-002,Gadchiroli,2024,105,176,19.596973,80.380398,MH-002_C15,test,cnn_test,0,0,0,0.03410308
59605,MH-002_2024_R106_C161,MH-002,Gadchiroli,2024,106,161,19.596703,80.376356,MH-002_C14,test,cnn_test,0,0,1,0.6714261
59606,MH-002_2024_R106_C162,MH-002,Gadchiroli,2024,106,162,19.596703,80.376625,MH-002_C14,test,cnn_test,1,0,1,0.7962115
59607,MH-002_2024_R106_C163,MH-002,Gadchiroli,2024,106,163,19.596703,80.376895,MH-002_C14,test,cnn_test,0,0,1,0.7023752
59608,MH-002_2024_R106_C164,MH-002,Gadchiroli,2024,106,164,19.596703,80.377164,MH-002_C14,test,cnn_test,0,0,1,0.8305267
59609,MH-002_2024_R106_C165,MH-002,Gadchiroli,2024,106,165,19.596703,80.377434,MH-002_C14,test,cnn_test,2,1,1,0.86949325
59610,MH-002_2024_R106_C166,MH-002,Gadchiroli,2024,106,166,19.596703,80.377703,MH-002_C14,test,cnn_test,1,0,1,0.8633714
59611,MH-002_2024_R106_C167,MH-002,Gadchiroli,2024,106,167,19.596703,80.377973,MH-002_C14,test,cnn_test,1,0,1,0.64419293
59612,MH-002_2024_R106_C168,MH-002,Gadchiroli,2024,106,168,19.596703,80.378242,MH-002_C14,test,cnn_test,1,0,1,0.6112376
59613,MH-002_2024_R106_C169,MH-002,Gadchiroli,2024,106,169,19.596703,80.378512,MH-002_C14,test,cnn_test,0,0,1,0.14903049
59614,MH-002_2024_R106_C170,MH-002,Gadchiroli,2024,106,170,19.596703,80.378781,MH-002_C14,test,cnn_test,0,0,0,0.07017717
59615,MH-002_2024_R106_C171,MH-002,Gadchiroli,2024,106,171,19.596703,80.379051,MH-002_C14,test,cnn_test,0,0,1,0.11050996
59616,MH-002_2024_R106_C172,MH-002,Gadchiroli,2024,106,172,19.596703,80.37932,MH-002_C15,test,cnn_test,0,0,0,0.080371395
59617,MH-002_2024_R106_C173,MH-002,Gadchiroli,2024,106,173,19.596703,80.37959,MH-002_C15,test,cnn_test,0,0,0,0.028537951
59618,MH-002_2024_R106_C174,MH-002,Gadchiroli,2024,106,174,19.596703,80.379859,MH-002_C15,test,cnn_test,0,0,0,0.015998416
59619,MH-002_2024_R106_C175,MH-002,Gadchiroli,2024,106,175,19.596703,80.380129,MH-002_C15,test,cnn_test,0,0,0,0.0091517735
59620,MH-002_2024_R106_C176,MH-002,Gadchiroli,2024,106,176,19.596703,80.380398,MH-002_C15,test,cnn_test,0,0,0,0.012319989
59687,MH-002_2024_R107_C161,MH-002,Gadchiroli,2024,107,161,19.596434,80.376356,MH-002_C14,test,cnn_test,2,1,1,0.72604287
59688,MH-002_2024_R107_C162,MH-002,Gadchiroli,2024,107,162,19.596434,80.376625,MH-002_C14,test,cnn_test,2,1,1,0.8238488
59689,MH-002_2024_R107_C163,MH-002,Gadchiroli,2024,107,163,19.596434,80.376895,MH-002_C14,test,cnn_test,2,1,1,0.77847713
59690,MH-002_2024_R107_C164,MH-002,Gadchiroli,2024,107,164,19.596434,80.377164,MH-002_C14,test,cnn_test,1,0,1,0.8020947
59691,MH-002_2024_R107_C165,MH-002,Gadchiroli,2024,107,165,19.596434,80.377434,MH-002_C14,test,cnn_test,0,0,1,0.8849604
59692,MH-002_2024_R107_C166,MH-002,Gadchiroli,2024,107,166,19.596434,80.377703,MH-002_C14,test,cnn_test,0,0,1,0.89248097
59693,MH-002_2024_R107_C167,MH-002,Gadchiroli,2024,107,167,19.596434,80.377973,MH-002_C14,test,cnn_test,1,0,1,0.75978774
59694,MH-002_2024_R107_C168,MH-002,Gadchiroli,2024,107,168,19.596434,80.378242,MH-002_C14,test,cnn_test,1,0,1,0.411691
59695,MH-002_2024_R107_C169,MH-002,Gadchiroli,2024,107,169,19.596434,80.378512,MH-002_C14,test,cnn_test,0,0,0,0.0914126
59696,MH-002_2024_R107_C170,MH-002,Gadchiroli,2024,107,170,19.596434,80.378781,MH-002_C14,test,cnn_test,0,0,0,0.007238302
59697,MH-002_2024_R107_C171,MH-002,Gadchiroli,2024,107,171,19.596434,80.379051,MH-002_C14,test,cnn_test,0,0,0,0.02204651
59698,MH-002_2024_R107_C172,MH-002,Gadchiroli,2024,107,172,19.596434,80.37932,MH-002_C15,test,cnn_test,0,0,0,0.022103207
59699,MH-002_2024_R107_C173,MH-002,Gadchiroli,2024,107,173,19.596434,80.37959,MH-002_C15,test,cnn_test,0,0,0,0.01023557
59700,MH-002_2024_R107_C174,MH-002,Gadchiroli,2024,107,174,19.596434,80.379859,MH-002_C15,test,cnn_test,0,0,0,0.0072823004
59701,MH-002_2024_R107_C175,MH-002,Gadchiroli,2024,107,175,19.596434,80.380129,MH-002_C15,test,cnn_test,0,0,0,0.0036879003
59702,MH-002_2024_R107_C176,MH-002,Gadchiroli,2024,107,176,19.596434,80.380398,MH-002_C15,test,cnn_test,0,0,0,0.003359564
59765,MH-002_2024_R108_C161,MH-002,Gadchiroli,2024,108,161,19.596164,80.376356,MH-002_C14,test,cnn_test,2,1,1,0.7776734
59766,MH-002_2024_R108_C162,MH-002,Gadchiroli,2024,108,162,19.596164,80.376625,MH-002_C14,test,cnn_test,2,1,1,0.79217124
59767,MH-002_2024_R108_C163,MH-002,Gadchiroli,2024,108,163,19.596164,80.376895,MH-002_C14,test,cnn_test,1,0,1,0.8248852
59768,MH-002_2024_R108_C164,MH-002,Gadchiroli,2024,108,164,19.596164,80.377164,MH-002_C14,test,cnn_test,1,0,1,0.82778186
59769,MH-002_2024_R108_C165,MH-002,Gadchiroli,2024,108,165,19.596164,80.377434,MH-002_C14,test,cnn_test,2,1,1,0.8667428
59770,MH-002_2024_R108_C166,MH-002,Gadchiroli,2024,108,166,19.596164,80.377703,MH-002_C14,test,cnn_test,2,1,1,0.86347085
59771,MH-002_2024_R108_C167,MH-002,Gadchiroli,2024,108,167,19.596164,80.377973,MH-002_C14,test,cnn_test,1,0,1,0.67137134
59772,MH-002_2024_R108_C168,MH-002,Gadchiroli,2024,108,168,19.596164,80.378242,MH-002_C14,test,cnn_test,0,0,1,0.48083648
59773,MH-002_2024_R108_C169,MH-002,Gadchiroli,2024,108,169,19.596164,80.378512,MH-002_C14,test,cnn_test,0,0,0,0.060029555
59774,MH-002_2024_R108_C170,MH-002,Gadchiroli,2024,108,170,19.596164,80.378781,MH-002_C14,test,cnn_test,0,0,0,0.018939901
59775,MH-002_2024_R108_C171,MH-002,Gadchiroli,2024,108,171,19.596164,80.379051,MH-002_C14,test,cnn_test,0,0,0,0.060715042
59776,MH-002_2024_R108_C172,MH-002,Gadchiroli,2024,108,172,19.596164,80.37932,MH-002_C15,test,cnn_test,0,0,0,0.07186868
59777,MH-002_2024_R108_C173,MH-002,Gadchiroli,2024,108,173,19.596164,80.37959,MH-002_C15,test,cnn_test,0,0,0,0.011595957
59778,MH-002_2024_R108_C174,MH-002,Gadchiroli,2024,108,174,19.596164,80.379859,MH-002_C15,test,cnn_test,0,0,0,0.0113442885
59779,MH-002_2024_R108_C175,MH-002,Gadchiroli,2024,108,175,19.596164,80.380129,MH-002_C15,test,cnn_test,0,0,0,0.00451278
59780,MH-002_2024_R108_C176,MH-002,Gadchiroli,2024,108,176,19.596164,80.380398,MH-002_C15,test,cnn_test,0,0,0,0.0037387472
63967,MH-002_2025_R058_C161,MH-002,Gadchiroli,2025,58,161,19.609639,80.376356,MH-002_C14,test,cnn_test,0,0,0,0.02934318
64044,MH-002_2025_R059_C162,MH-002,Gadchiroli,2025,59,162,19.609369,80.376625,MH-002_C14,test,cnn_test,0,0,1,0.2615212
64119,MH-002_2025_R060_C161,MH-002,Gadchiroli,2025,60,161,19.6091,80.376356,MH-002_C14,test,cnn_test,0,0,0,0.068376206
64120,MH-002_2025_R060_C163,MH-002,Gadchiroli,2025,60,163,19.6091,80.376895,MH-002_C14,test,cnn_test,0,0,0,0.07944198
64193,MH-002_2025_R061_C161,MH-002,Gadchiroli,2025,61,161,19.60883,80.376356,MH-002_C14,test,cnn_test,0,0,0,0.09199724
64194,MH-002_2025_R061_C162,MH-002,Gadchiroli,2025,61,162,19.60883,80.376625,MH-002_C14,test,cnn_test,0,0,1,0.45389512
64195,MH-002_2025_R061_C164,MH-002,Gadchiroli,2025,61,164,19.60883,80.377164,MH-002_C14,test,cnn_test,0,0,1,0.55039114
64264,MH-002_2025_R062_C161,MH-002,Gadchiroli,2025,62,161,19.608561,80.376356,MH-002_C14,test,cnn_test,0,0,0,0.08543701
64265,MH-002_2025_R062_C162,MH-002,Gadchiroli,2025,62,162,19.608561,80.376625,MH-002_C14,test,cnn_test,0,0,1,0.26020637
64266,MH-002_2025_R062_C164,MH-002,Gadchiroli,2025,62,164,19.608561,80.377164,MH-002_C14,test,cnn_test,0,0,1,0.46901003
64267,MH-002_2025_R062_C165,MH-002,Gadchiroli,2025,62,165,19.608561,80.377434,MH-002_C14,test,cnn_test,0,0,1,0.22587195
64331,MH-002_2025_R063_C161,MH-002,Gadchiroli,2025,63,161,19.608291,80.376356,MH-002_C14,test,cnn_test,0,0,1,0.18287025
64332,MH-002_2025_R063_C162,MH-002,Gadchiroli,2025,63,162,19.608291,80.376625,MH-002_C14,test,cnn_test,0,0,1,0.25828877
64333,MH-002_2025_R063_C163,MH-002,Gadchiroli,2025,63,163,19.608291,80.376895,MH-002_C14,test,cnn_test,0,0,1,0.23985192
64334,MH-002_2025_R063_C164,MH-002,Gadchiroli,2025,63,164,19.608291,80.377164,MH-002_C14,test,cnn_test,0,0,1,0.5528967
64335,MH-002_2025_R063_C165,MH-002,Gadchiroli,2025,63,165,19.608291,80.377434,MH-002_C14,test,cnn_test,0,0,1,0.53245336
64336,MH-002_2025_R063_C166,MH-002,Gadchiroli,2025,63,166,19.608291,80.377703,MH-002_C14,test,cnn_test,0,0,1,0.39256138
64397,MH-002_2025_R064_C161,MH-002,Gadchiroli,2025,64,161,19.608022,80.376356,MH-002_C14,test,cnn_test,0,0,1,0.21579371
64398,MH-002_2025_R064_C162,MH-002,Gadchiroli,2025,64,162,19.608022,80.376625,MH-002_C14,test,cnn_test,0,0,1,0.4786673
64399,MH-002_2025_R064_C163,MH-002,Gadchiroli,2025,64,163,19.608022,80.376895,MH-002_C14,test,cnn_test,0,0,0,0.077049226
64400,MH-002_2025_R064_C164,MH-002,Gadchiroli,2025,64,164,19.608022,80.377164,MH-002_C14,test,cnn_test,0,0,1,0.15723526
64401,MH-002_2025_R064_C165,MH-002,Gadchiroli,2025,64,165,19.608022,80.377434,MH-002_C14,test,cnn_test,0,0,1,0.11361298
64402,MH-002_2025_R064_C166,MH-002,Gadchiroli,2025,64,166,19.608022,80.377703,MH-002_C14,test,cnn_test,0,0,1,0.26284015
64403,MH-002_2025_R064_C167,MH-002,Gadchiroli,2025,64,167,19.608022,80.377973,MH-002_C14,test,cnn_test,0,0,0,0.050897084
64461,MH-002_2025_R065_C161,MH-002,Gadchiroli,2025,65,161,19.607752,80.376356,MH-002_C14,test,cnn_test,0,0,1,0.21531962
64462,MH-002_2025_R065_C162,MH-002,Gadchiroli,2025,65,162,19.607752,80.376625,MH-002_C14,test,cnn_test,0,0,1,0.24370186
64463,MH-002_2025_R065_C163,MH-002,Gadchiroli,2025,65,163,19.607752,80.376895,MH-002_C14,test,cnn_test,0,0,1,0.17117736
64464,MH-002_2025_R065_C164,MH-002,Gadchiroli,2025,65,164,19.607752,80.377164,MH-002_C14,test,cnn_test,0,0,1,0.1621237
64465,MH-002_2025_R065_C165,MH-002,Gadchiroli,2025,65,165,19.607752,80.377434,MH-002_C14,test,cnn_test,0,0,1,0.1468744
64466,MH-002_2025_R065_C166,MH-002,Gadchiroli,2025,65,166,19.607752,80.377703,MH-002_C14,test,cnn_test,0,0,1,0.19408312
64467,MH-002_2025_R065_C167,MH-002,Gadchiroli,2025,65,167,19.607752,80.377973,MH-002_C14,test,cnn_test,0,0,0,0.049692906
64468,MH-002_2025_R065_C168,MH-002,Gadchiroli,2025,65,168,19.607752,80.378242,MH-002_C14,test,cnn_test,0,0,1,0.13196038
64523,MH-002_2025_R066_C161,MH-002,Gadchiroli,2025,66,161,19.607483,80.376356,MH-002_C14,test,cnn_test,0,0,1,0.23654336
64524,MH-002_2025_R066_C162,MH-002,Gadchiroli,2025,66,162,19.607483,80.376625,MH-002_C14,test,cnn_test,0,0,1,0.5819409
64525,MH-002_2025_R066_C163,MH-002,Gadchiroli,2025,66,163,19.607483,80.376895,MH-002_C14,test,cnn_test,0,0,1,0.29048747
64526,MH-002_2025_R066_C164,MH-002,Gadchiroli,2025,66,164,19.607483,80.377164,MH-002_C14,test,cnn_test,0,0,1,0.3028113
64527,MH-002_2025_R066_C165,MH-002,Gadchiroli,2025,66,165,19.607483,80.377434,MH-002_C14,test,cnn_test,0,0,1,0.17302017
64528,MH-002_2025_R066_C166,MH-002,Gadchiroli,2025,66,166,19.607483,80.377703,MH-002_C14,test,cnn_test,0,0,1,0.176629
64529,MH-002_2025_R066_C167,MH-002,Gadchiroli,2025,66,167,19.607483,80.377973,MH-002_C14,test,cnn_test,0,0,0,0.07202578
64530,MH-002_2025_R066_C168,MH-002,Gadchiroli,2025,66,168,19.607483,80.378242,MH-002_C14,test,cnn_test,0,0,1,0.12883712
64531,MH-002_2025_R066_C169,MH-002,Gadchiroli,2025,66,169,19.607483,80.378512,MH-002_C14,test,cnn_test,0,0,1,0.5597914
64532,MH-002_2025_R066_C170,MH-002,Gadchiroli,2025,66,170,19.607483,80.378781,MH-002_C14,test,cnn_test,0,0,1,0.6225185
64586,MH-002_2025_R067_C161,MH-002,Gadchiroli,2025,67,161,19.607213,80.376356,MH-002_C14,test,cnn_test,2,1,1,0.6279274
64587,MH-002_2025_R067_C162,MH-002,Gadchiroli,2025,67,162,19.607213,80.376625,MH-002_C14,test,cnn_test,1,0,1,0.7594309
64588,MH-002_2025_R067_C163,MH-002,Gadchiroli,2025,67,163,19.607213,80.376895,MH-002_C14,test,cnn_test,0,0,1,0.8289628
64589,MH-002_2025_R067_C164,MH-002,Gadchiroli,2025,67,164,19.607213,80.377164,MH-002_C14,test,cnn_test,0,0,1,0.7591526
64590,MH-002_2025_R067_C165,MH-002,Gadchiroli,2025,67,165,19.607213,80.377434,MH-002_C14,test,cnn_test,0,0,1,0.61147267
64591,MH-002_2025_R067_C166,MH-002,Gadchiroli,2025,67,166,19.607213,80.377703,MH-002_C14,test,cnn_test,0,0,1,0.22513825
64592,MH-002_2025_R067_C167,MH-002,Gadchiroli,2025,67,167,19.607213,80.377973,MH-002_C14,test,cnn_test,0,0,0,0.080919296
64593,MH-002_2025_R067_C168,MH-002,Gadchiroli,2025,67,168,19.607213,80.378242,MH-002_C14,test,cnn_test,0,0,1,0.23335186
64594,MH-002_2025_R067_C169,MH-002,Gadchiroli,2025,67,169,19.607213,80.378512,MH-002_C14,test,cnn_test,0,0,1,0.3933193
64595,MH-002_2025_R067_C170,MH-002,Gadchiroli,2025,67,170,19.607213,80.378781,MH-002_C14,test,cnn_test,0,0,1,0.6380991
64596,MH-002_2025_R067_C171,MH-002,Gadchiroli,2025,67,171,19.607213,80.379051,MH-002_C14,test,cnn_test,0,0,1,0.6649219
64597,MH-002_2025_R067_C172,MH-002,Gadchiroli,2025,67,172,19.607213,80.37932,MH-002_C15,test,cnn_test,0,0,1,0.75331795
64646,MH-002_2025_R068_C161,MH-002,Gadchiroli,2025,68,161,19.606944,80.376356,MH-002_C14,test,cnn_test,1,0,1,0.33504993
64647,MH-002_2025_R068_C162,MH-002,Gadchiroli,2025,68,162,19.606944,80.376625,MH-002_C14,test,cnn_test,2,1,1,0.7569742
64648,MH-002_2025_R068_C163,MH-002,Gadchiroli,2025,68,163,19.606944,80.376895,MH-002_C14,test,cnn_test,2,1,1,0.6890036
64649,MH-002_2025_R068_C164,MH-002,Gadchiroli,2025,68,164,19.606944,80.377164,MH-002_C14,test,cnn_test,1,0,1,0.6925921
64650,MH-002_2025_R068_C165,MH-002,Gadchiroli,2025,68,165,19.606944,80.377434,MH-002_C14,test,cnn_test,0,0,1,0.5633108
64651,MH-002_2025_R068_C166,MH-002,Gadchiroli,2025,68,166,19.606944,80.377703,MH-002_C14,test,cnn_test,0,0,1,0.45827827
64652,MH-002_2025_R068_C167,MH-002,Gadchiroli,2025,68,167,19.606944,80.377973,MH-002_C14,test,cnn_test,0,0,1,0.19377899
64653,MH-002_2025_R068_C168,MH-002,Gadchiroli,2025,68,168,19.606944,80.378242,MH-002_C14,test,cnn_test,0,0,1,0.3068045
64654,MH-002_2025_R068_C169,MH-002,Gadchiroli,2025,68,169,19.606944,80.378512,MH-002_C14,test,cnn_test,0,0,1,0.3992143
64655,MH-002_2025_R068_C170,MH-002,Gadchiroli,2025,68,170,19.606944,80.378781,MH-002_C14,test,cnn_test,0,0,1,0.73904115
64656,MH-002_2025_R068_C171,MH-002,Gadchiroli,2025,68,171,19.606944,80.379051,MH-002_C14,test,cnn_test,0,0,1,0.7699466
64657,MH-002_2025_R068_C172,MH-002,Gadchiroli,2025,68,172,19.606944,80.37932,MH-002_C15,test,cnn_test,0,0,1,0.8196181
64658,MH-002_2025_R068_C173,MH-002,Gadchiroli,2025,68,173,19.606944,80.37959,MH-002_C15,test,cnn_test,0,0,1,0.7854149
64659,MH-002_2025_R068_C174,MH-002,Gadchiroli,2025,68,174,19.606944,80.379859,MH-002_C15,test,cnn_test,0,0,1,0.81552106
64709,MH-002_2025_R069_C161,MH-002,Gadchiroli,2025,69,161,19.606674,80.376356,MH-002_C14,test,cnn_test,1,0,1,0.31598637
64710,MH-002_2025_R069_C162,MH-002,Gadchiroli,2025,69,162,19.606674,80.376625,MH-002_C14,test,cnn_test,2,1,1,0.3280539
64711,MH-002_2025_R069_C163,MH-002,Gadchiroli,2025,69,163,19.606674,80.376895,MH-002_C14,test,cnn_test,2,1,1,0.45254594
64712,MH-002_2025_R069_C164,MH-002,Gadchiroli,2025,69,164,19.606674,80.377164,MH-002_C14,test,cnn_test,1,0,1,0.5500524
64713,MH-002_2025_R069_C165,MH-002,Gadchiroli,2025,69,165,19.606674,80.377434,MH-002_C14,test,cnn_test,0,0,1,0.5019805
64714,MH-002_2025_R069_C166,MH-002,Gadchiroli,2025,69,166,19.606674,80.377703,MH-002_C14,test,cnn_test,0,0,1,0.5432868
64715,MH-002_2025_R069_C167,MH-002,Gadchiroli,2025,69,167,19.606674,80.377973,MH-002_C14,test,cnn_test,0,0,0,0.07670221
64716,MH-002_2025_R069_C168,MH-002,Gadchiroli,2025,69,168,19.606674,80.378242,MH-002_C14,test,cnn_test,0,0,1,0.32744783
64717,MH-002_2025_R069_C169,MH-002,Gadchiroli,2025,69,169,19.606674,80.378512,MH-002_C14,test,cnn_test,0,0,1,0.17859681
64718,MH-002_2025_R069_C170,MH-002,Gadchiroli,2025,69,170,19.606674,80.378781,MH-002_C14,test,cnn_test,0,0,1,0.5310221
64719,MH-002_2025_R069_C171,MH-002,Gadchiroli,2025,69,171,19.606674,80.379051,MH-002_C14,test,cnn_test,0,0,1,0.7137706
64720,MH-002_2025_R069_C172,MH-002,Gadchiroli,2025,69,172,19.606674,80.37932,MH-002_C15,test,cnn_test,0,0,1,0.7836611
64721,MH-002_2025_R069_C173,MH-002,Gadchiroli,2025,69,173,19.606674,80.37959,MH-002_C15,test,cnn_test,0,0,1,0.8048274
64722,MH-002_2025_R069_C174,MH-002,Gadchiroli,2025,69,174,19.606674,80.379859,MH-002_C15,test,cnn_test,0,0,1,0.8657561
64723,MH-002_2025_R069_C175,MH-002,Gadchiroli,2025,69,175,19.606674,80.380129,MH-002_C15,test,cnn_test,0,0,1,0.43954235
64776,MH-002_2025_R070_C161,MH-002,Gadchiroli,2025,70,161,19.606405,80.376356,MH-002_C14,test,cnn_test,2,1,1,0.16239281
64777,MH-002_2025_R070_C162,MH-002,Gadchiroli,2025,70,162,19.606405,80.376625,MH-002_C14,test,cnn_test,2,1,1,0.49408543
64778,MH-002_2025_R070_C163,MH-002,Gadchiroli,2025,70,163,19.606405,80.376895,MH-002_C14,test,cnn_test,2,1,1,0.3865037
64779,MH-002_2025_R070_C164,MH-002,Gadchiroli,2025,70,164,19.606405,80.377164,MH-002_C14,test,cnn_test,1,0,1,0.47933435
64780,MH-002_2025_R070_C165,MH-002,Gadchiroli,2025,70,165,19.606405,80.377434,MH-002_C14,test,cnn_test,0,0,1,0.40085125
64781,MH-002_2025_R070_C166,MH-002,Gadchiroli,2025,70,166,19.606405,80.377703,MH-002_C14,test,cnn_test,0,0,1,0.61636823
64782,MH-002_2025_R070_C167,MH-002,Gadchiroli,2025,70,167,19.606405,80.377973,MH-002_C14,test,cnn_test,0,0,1,0.154278
64783,MH-002_2025_R070_C168,MH-002,Gadchiroli,2025,70,168,19.606405,80.378242,MH-002_C14,test,cnn_test,0,0,1,0.3270344
64784,MH-002_2025_R070_C169,MH-002,Gadchiroli,2025,70,169,19.606405,80.378512,MH-002_C14,test,cnn_test,0,0,0,0.02641057
64785,MH-002_2025_R070_C170,MH-002,Gadchiroli,2025,70,170,19.606405,80.378781,MH-002_C14,test,cnn_test,0,0,1,0.4477842
64786,MH-002_2025_R070_C171,MH-002,Gadchiroli,2025,70,171,19.606405,80.379051,MH-002_C14,test,cnn_test,0,0,1,0.7969533
64787,MH-002_2025_R070_C172,MH-002,Gadchiroli,2025,70,172,19.606405,80.37932,MH-002_C15,test,cnn_test,0,0,1,0.85504353
64788,MH-002_2025_R070_C173,MH-002,Gadchiroli,2025,70,173,19.606405,80.37959,MH-002_C15,test,cnn_test,0,0,1,0.92126983
64789,MH-002_2025_R070_C174,MH-002,Gadchiroli,2025,70,174,19.606405,80.379859,MH-002_C15,test,cnn_test,0,0,1,0.92406964
64790,MH-002_2025_R070_C175,MH-002,Gadchiroli,2025,70,175,19.606405,80.380129,MH-002_C15,test,cnn_test,0,0,1,0.5807293
64850,MH-002_2025_R071_C161,MH-002,Gadchiroli,2025,71,161,19.606135,80.376356,MH-002_C14,test,cnn_test,2,1,1,0.10012108
64851,MH-002_2025_R071_C162,MH-002,Gadchiroli,2025,71,162,19.606135,80.376625,MH-002_C14,test,cnn_test,2,1,1,0.11782943
64852,MH-002_2025_R071_C163,MH-002,Gadchiroli,2025,71,163,19.606135,80.376895,MH-002_C14,test,cnn_test,2,1,1,0.18032849
64853,MH-002_2025_R071_C164,MH-002,Gadchiroli,2025,71,164,19.606135,80.377164,MH-002_C14,test,cnn_test,2,1,0,0.09929642
64854,MH-002_2025_R071_C165,MH-002,Gadchiroli,2025,71,165,19.606135,80.377434,MH-002_C14,test,cnn_test,1,0,1,0.15083879
64855,MH-002_2025_R071_C166,MH-002,Gadchiroli,2025,71,166,19.606135,80.377703,MH-002_C14,test,cnn_test,0,0,1,0.3451425
64856,MH-002_2025_R071_C167,MH-002,Gadchiroli,2025,71,167,19.606135,80.377973,MH-002_C14,test,cnn_test,0,0,0,0.041960847
64857,MH-002_2025_R071_C168,MH-002,Gadchiroli,2025,71,168,19.606135,80.378242,MH-002_C14,test,cnn_test,0,0,0,0.08412404
64858,MH-002_2025_R071_C169,MH-002,Gadchiroli,2025,71,169,19.606135,80.378512,MH-002_C14,test,cnn_test,0,0,0,0.0035947708
64859,MH-002_2025_R071_C170,MH-002,Gadchiroli,2025,71,170,19.606135,80.378781,MH-002_C14,test,cnn_test,0,0,0,0.027574752
64860,MH-002_2025_R071_C171,MH-002,Gadchiroli,2025,71,171,19.606135,80.379051,MH-002_C14,test,cnn_test,0,0,1,0.61339796
64861,MH-002_2025_R071_C172,MH-002,Gadchiroli,2025,71,172,19.606135,80.37932,MH-002_C15,test,cnn_test,0,0,1,0.7780146
64862,MH-002_2025_R071_C173,MH-002,Gadchiroli,2025,71,173,19.606135,80.37959,MH-002_C15,test,cnn_test,0,0,1,0.9283631
64863,MH-002_2025_R071_C174,MH-002,Gadchiroli,2025,71,174,19.606135,80.379859,MH-002_C15,test,cnn_test,0,0,1,0.9178387
64864,MH-002_2025_R071_C175,MH-002,Gadchiroli,2025,71,175,19.606135,80.380129,MH-002_C15,test,cnn_test,0,0,1,0.839324
64934,MH-002_2025_R072_C161,MH-002,Gadchiroli,2025,72,161,19.605866,80.376356,MH-002_C14,test,cnn_test,2,1,0,0.046071872
64935,MH-002_2025_R072_C162,MH-002,Gadchiroli,2025,72,162,19.605866,80.376625,MH-002_C14,test,cnn_test,2,1,0,0.0796516
64936,MH-002_2025_R072_C163,MH-002,Gadchiroli,2025,72,163,19.605866,80.376895,MH-002_C14,test,cnn_test,1,0,0,0.084601685
64937,MH-002_2025_R072_C164,MH-002,Gadchiroli,2025,72,164,19.605866,80.377164,MH-002_C14,test,cnn_test,0,0,1,0.26820132
64938,MH-002_2025_R072_C165,MH-002,Gadchiroli,2025,72,165,19.605866,80.377434,MH-002_C14,test,cnn_test,0,0,0,0.09433174
64939,MH-002_2025_R072_C166,MH-002,Gadchiroli,2025,72,166,19.605866,80.377703,MH-002_C14,test,cnn_test,0,0,1,0.5138295
64940,MH-002_2025_R072_C167,MH-002,Gadchiroli,2025,72,167,19.605866,80.377973,MH-002_C14,test,cnn_test,0,0,0,0.06370242
64941,MH-002_2025_R072_C168,MH-002,Gadchiroli,2025,72,168,19.605866,80.378242,MH-002_C14,test,cnn_test,0,0,1,0.1962988
64942,MH-002_2025_R072_C169,MH-002,Gadchiroli,2025,72,169,19.605866,80.378512,MH-002_C14,test,cnn_test,0,0,0,0.0032141707
64943,MH-002_2025_R072_C170,MH-002,Gadchiroli,2025,72,170,19.605866,80.378781,MH-002_C14,test,cnn_test,0,0,0,0.07601856
64944,MH-002_2025_R072_C171,MH-002,Gadchiroli,2025,72,171,19.605866,80.379051,MH-002_C14,test,cnn_test,0,0,1,0.619369
64945,MH-002_2025_R072_C172,MH-002,Gadchiroli,2025,72,172,19.605866,80.37932,MH-002_C15,test,cnn_test,0,0,1,0.85593265
64946,MH-002_2025_R072_C173,MH-002,Gadchiroli,2025,72,173,19.605866,80.37959,MH-002_C15,test,cnn_test,0,0,1,0.94550776
64947,MH-002_2025_R072_C174,MH-002,Gadchiroli,2025,72,174,19.605866,80.379859,MH-002_C15,test,cnn_test,0,0,1,0.9452624
64948,MH-002_2025_R072_C175,MH-002,Gadchiroli,2025,72,175,19.605866,80.380129,MH-002_C15,test,cnn_test,0,0,1,0.91105086
65022,MH-002_2025_R073_C161,MH-002,Gadchiroli,2025,73,161,19.605596,80.376356,MH-002_C14,test,cnn_test,2,1,0,0.064185165
65023,MH-002_2025_R073_C162,MH-002,Gadchiroli,2025,73,162,19.605596,80.376625,MH-002_C14,test,cnn_test,1,0,0,0.076202065
65024,MH-002_2025_R073_C163,MH-002,Gadchiroli,2025,73,163,19.605596,80.376895,MH-002_C14,test,cnn_test,1,0,1,0.3231435
65025,MH-002_2025_R073_C164,MH-002,Gadchiroli,2025,73,164,19.605596,80.377164,MH-002_C14,test,cnn_test,0,0,1,0.64860076
65026,MH-002_2025_R073_C165,MH-002,Gadchiroli,2025,73,165,19.605596,80.377434,MH-002_C14,test,cnn_test,0,0,1,0.2830905
65027,MH-002_2025_R073_C166,MH-002,Gadchiroli,2025,73,166,19.605596,80.377703,MH-002_C14,test,cnn_test,0,0,1,0.7745721
65028,MH-002_2025_R073_C167,MH-002,Gadchiroli,2025,73,167,19.605596,80.377973,MH-002_C14,test,cnn_test,0,0,1,0.14149027
65029,MH-002_2025_R073_C168,MH-002,Gadchiroli,2025,73,168,19.605596,80.378242,MH-002_C14,test,cnn_test,0,0,1,0.41783777
65030,MH-002_2025_R073_C169,MH-002,Gadchiroli,2025,73,169,19.605596,80.378512,MH-002_C14,test,cnn_test,0,0,0,0.0059321574
65031,MH-002_2025_R073_C170,MH-002,Gadchiroli,2025,73,170,19.605596,80.378781,MH-002_C14,test,cnn_test,0,0,0,0.02892257
65032,MH-002_2025_R073_C171,MH-002,Gadchiroli,2025,73,171,19.605596,80.379051,MH-002_C14,test,cnn_test,0,0,1,0.39241838
65033,MH-002_2025_R073_C172,MH-002,Gadchiroli,2025,73,172,19.605596,80.37932,MH-002_C15,test,cnn_test,0,0,1,0.84535223
65034,MH-002_2025_R073_C173,MH-002,Gadchiroli,2025,73,173,19.605596,80.37959,MH-002_C15,test,cnn_test,0,0,1,0.95340323
65035,MH-002_2025_R073_C174,MH-002,Gadchiroli,2025,73,174,19.605596,80.379859,MH-002_C15,test,cnn_test,0,0,1,0.93691045
65036,MH-002_2025_R073_C175,MH-002,Gadchiroli,2025,73,175,19.605596,80.380129,MH-002_C15,test,cnn_test,0,0,1,0.9189389
65114,MH-002_2025_R074_C161,MH-002,Gadchiroli,2025,74,161,19.605327,80.376356,MH-002_C14,test,cnn_test,2,1,0,0.049988613
65115,MH-002_2025_R074_C162,MH-002,Gadchiroli,2025,74,162,19.605327,80.376625,MH-002_C14,test,cnn_test,2,1,0,0.04072682
65116,MH-002_2025_R074_C163,MH-002,Gadchiroli,2025,74,163,19.605327,80.376895,MH-002_C14,test,cnn_test,1,0,1,0.2977997
65117,MH-002_2025_R074_C164,MH-002,Gadchiroli,2025,74,164,19.605327,80.377164,MH-002_C14,test,cnn_test,2,1,1,0.8262038
65118,MH-002_2025_R074_C165,MH-002,Gadchiroli,2025,74,165,19.605327,80.377434,MH-002_C14,test,cnn_test,0,0,1,0.7762313
65119,MH-002_2025_R074_C166,MH-002,Gadchiroli,2025,74,166,19.605327,80.377703,MH-002_C14,test,cnn_test,1,0,1,0.835758
65120,MH-002_2025_R074_C167,MH-002,Gadchiroli,2025,74,167,19.605327,80.377973,MH-002_C14,test,cnn_test,0,0,1,0.5018911
65121,MH-002_2025_R074_C168,MH-002,Gadchiroli,2025,74,168,19.605327,80.378242,MH-002_C14,test,cnn_test,0,0,1,0.6812839
65122,MH-002_2025_R074_C169,MH-002,Gadchiroli,2025,74,169,19.605327,80.378512,MH-002_C14,test,cnn_test,0,0,0,0.030927176
65123,MH-002_2025_R074_C170,MH-002,Gadchiroli,2025,74,170,19.605327,80.378781,MH-002_C14,test,cnn_test,0,0,1,0.14671604
65124,MH-002_2025_R074_C171,MH-002,Gadchiroli,2025,74,171,19.605327,80.379051,MH-002_C14,test,cnn_test,0,0,1,0.6716435
65125,MH-002_2025_R074_C172,MH-002,Gadchiroli,2025,74,172,19.605327,80.37932,MH-002_C15,test,cnn_test,0,0,1,0.88599753
65126,MH-002_2025_R074_C173,MH-002,Gadchiroli,2025,74,173,19.605327,80.37959,MH-002_C15,test,cnn_test,0,0,1,0.96848834
65127,MH-002_2025_R074_C174,MH-002,Gadchiroli,2025,74,174,19.605327,80.379859,MH-002_C15,test,cnn_test,0,0,1,0.9621955
65128,MH-002_2025_R074_C175,MH-002,Gadchiroli,2025,74,175,19.605327,80.380129,MH-002_C15,test,cnn_test,0,0,1,0.95992744
65129,MH-002_2025_R074_C176,MH-002,Gadchiroli,2025,74,176,19.605327,80.380398,MH-002_C15,test,cnn_test,0,0,1,0.9030724
65212,MH-002_2025_R075_C161,MH-002,Gadchiroli,2025,75,161,19.605057,80.376356,MH-002_C14,test,cnn_test,1,0,0,0.036409106
65213,MH-002_2025_R075_C162,MH-002,Gadchiroli,2025,75,162,19.605057,80.376625,MH-002_C14,test,cnn_test,1,0,0,0.014214559
65214,MH-002_2025_R075_C163,MH-002,Gadchiroli,2025,75,163,19.605057,80.376895,MH-002_C14,test,cnn_test,1,0,1,0.17291214
65215,MH-002_2025_R075_C164,MH-002,Gadchiroli,2025,75,164,19.605057,80.377164,MH-002_C14,test,cnn_test,0,0,1,0.8350919
65216,MH-002_2025_R075_C165,MH-002,Gadchiroli,2025,75,165,19.605057,80.377434,MH-002_C14,test,cnn_test,0,0,1,0.76453555
65217,MH-002_2025_R075_C166,MH-002,Gadchiroli,2025,75,166,19.605057,80.377703,MH-002_C14,test,cnn_test,0,0,1,0.895736
65218,MH-002_2025_R075_C167,MH-002,Gadchiroli,2025,75,167,19.605057,80.377973,MH-002_C14,test,cnn_test,0,0,1,0.6773144
65219,MH-002_2025_R075_C168,MH-002,Gadchiroli,2025,75,168,19.605057,80.378242,MH-002_C14,test,cnn_test,0,0,1,0.7993919
65220,MH-002_2025_R075_C169,MH-002,Gadchiroli,2025,75,169,19.605057,80.378512,MH-002_C14,test,cnn_test,0,0,0,0.02486802
65221,MH-002_2025_R075_C170,MH-002,Gadchiroli,2025,75,170,19.605057,80.378781,MH-002_C14,test,cnn_test,0,0,0,0.05996324
65222,MH-002_2025_R075_C171,MH-002,Gadchiroli,2025,75,171,19.605057,80.379051,MH-002_C14,test,cnn_test,0,0,1,0.44362658
65223,MH-002_2025_R075_C172,MH-002,Gadchiroli,2025,75,172,19.605057,80.37932,MH-002_C15,test,cnn_test,0,0,1,0.8557505
65224,MH-002_2025_R075_C173,MH-002,Gadchiroli,2025,75,173,19.605057,80.37959,MH-002_C15,test,cnn_test,0,0,1,0.9529564
65225,MH-002_2025_R075_C174,MH-002,Gadchiroli,2025,75,174,19.605057,80.379859,MH-002_C15,test,cnn_test,0,0,1,0.94727224
65226,MH-002_2025_R075_C175,MH-002,Gadchiroli,2025,75,175,19.605057,80.380129,MH-002_C15,test,cnn_test,0,0,1,0.95900875
65227,MH-002_2025_R075_C176,MH-002,Gadchiroli,2025,75,176,19.605057,80.380398,MH-002_C15,test,cnn_test,0,0,1,0.9251861
65309,MH-002_2025_R076_C161,MH-002,Gadchiroli,2025,76,161,19.604788,80.376356,MH-002_C14,test,cnn_test,1,0,1,0.14985488
65310,MH-002_2025_R076_C162,MH-002,Gadchiroli,2025,76,162,19.604788,80.376625,MH-002_C14,test,cnn_test,1,0,0,0.038043484
65311,MH-002_2025_R076_C163,MH-002,Gadchiroli,2025,76,163,19.604788,80.376895,MH-002_C14,test,cnn_test,2,1,0,0.09401083
65312,MH-002_2025_R076_C164,MH-002,Gadchiroli,2025,76,164,19.604788,80.377164,MH-002_C14,test,cnn_test,1,0,1,0.89724576
65313,MH-002_2025_R076_C165,MH-002,Gadchiroli,2025,76,165,19.604788,80.377434,MH-002_C14,test,cnn_test,0,0,1,0.7144303
65314,MH-002_2025_R076_C166,MH-002,Gadchiroli,2025,76,166,19.604788,80.377703,MH-002_C14,test,cnn_test,0,0,1,0.9175621
65315,MH-002_2025_R076_C167,MH-002,Gadchiroli,2025,76,167,19.604788,80.377973,MH-002_C14,test,cnn_test,0,0,1,0.70869523
65316,MH-002_2025_R076_C170,MH-002,Gadchiroli,2025,76,170,19.604788,80.378781,MH-002_C14,test,cnn_test,0,0,0,0.08977013
65317,MH-002_2025_R076_C171,MH-002,Gadchiroli,2025,76,171,19.604788,80.379051,MH-002_C14,test,cnn_test,0,0,1,0.23054911
65318,MH-002_2025_R076_C172,MH-002,Gadchiroli,2025,76,172,19.604788,80.37932,MH-002_C15,test,cnn_test,0,0,1,0.6377026
65319,MH-002_2025_R076_C173,MH-002,Gadchiroli,2025,76,173,19.604788,80.37959,MH-002_C15,test,cnn_test,0,0,1,0.9322762
65320,MH-002_2025_R076_C174,MH-002,Gadchiroli,2025,76,174,19.604788,80.379859,MH-002_C15,test,cnn_test,0,0,1,0.94822264
65321,MH-002_2025_R076_C175,MH-002,Gadchiroli,2025,76,175,19.604788,80.380129,MH-002_C15,test,cnn_test,0,0,1,0.9575315
65322,MH-002_2025_R076_C176,MH-002,Gadchiroli,2025,76,176,19.604788,80.380398,MH-002_C15,test,cnn_test,0,0,1,0.9123419
65406,MH-002_2025_R077_C161,MH-002,Gadchiroli,2025,77,161,19.604518,80.376356,MH-002_C14,test,cnn_test,1,0,1,0.16609463
65407,MH-002_2025_R077_C162,MH-002,Gadchiroli,2025,77,162,19.604518,80.376625,MH-002_C14,test,cnn_test,2,1,0,0.019860681
65408,MH-002_2025_R077_C163,MH-002,Gadchiroli,2025,77,163,19.604518,80.376895,MH-002_C14,test,cnn_test,1,0,1,0.10708104
65409,MH-002_2025_R077_C164,MH-002,Gadchiroli,2025,77,164,19.604518,80.377164,MH-002_C14,test,cnn_test,1,0,1,0.8278264
65410,MH-002_2025_R077_C165,MH-002,Gadchiroli,2025,77,165,19.604518,80.377434,MH-002_C14,test,cnn_test,1,0,1,0.5104753
65411,MH-002_2025_R077_C166,MH-002,Gadchiroli,2025,77,166,19.604518,80.377703,MH-002_C14,test,cnn_test,0,0,1,0.9080377
65412,MH-002_2025_R077_C168,MH-002,Gadchiroli,2025,77,168,19.604518,80.378242,MH-002_C14,test,cnn_test,0,0,1,0.7770617
65413,MH-002_2025_R077_C169,MH-002,Gadchiroli,2025,77,169,19.604518,80.378512,MH-002_C14,test,cnn_test,0,0,0,0.014587218
65414,MH-002_2025_R077_C170,MH-002,Gadchiroli,2025,77,170,19.604518,80.378781,MH-002_C14,test,cnn_test,0,0,0,0.008009925
65415,MH-002_2025_R077_C171,MH-002,Gadchiroli,2025,77,171,19.604518,80.379051,MH-002_C14,test,cnn_test,0,0,0,0.010537042
65416,MH-002_2025_R077_C172,MH-002,Gadchiroli,2025,77,172,19.604518,80.37932,MH-002_C15,test,cnn_test,0,0,1,0.14809503
65417,MH-002_2025_R077_C173,MH-002,Gadchiroli,2025,77,173,19.604518,80.37959,MH-002_C15,test,cnn_test,0,0,1,0.85780835
65418,MH-002_2025_R077_C174,MH-002,Gadchiroli,2025,77,174,19.604518,80.379859,MH-002_C15,test,cnn_test,0,0,1,0.866837
65419,MH-002_2025_R077_C175,MH-002,Gadchiroli,2025,77,175,19.604518,80.380129,MH-002_C15,test,cnn_test,0,0,1,0.94840425
65420,MH-002_2025_R077_C176,MH-002,Gadchiroli,2025,77,176,19.604518,80.380398,MH-002_C15,test,cnn_test,0,0,1,0.8918807
65503,MH-002_2025_R078_C161,MH-002,Gadchiroli,2025,78,161,19.604249,80.376356,MH-002_C14,test,cnn_test,1,0,0,0.03112385
65504,MH-002_2025_R078_C162,MH-002,Gadchiroli,2025,78,162,19.604249,80.376625,MH-002_C14,test,cnn_test,2,1,0,0.0019566137
65505,MH-002_2025_R078_C163,MH-002,Gadchiroli,2025,78,163,19.604249,80.376895,MH-002_C14,test,cnn_test,2,1,0,0.029326688
65506,MH-002_2025_R078_C164,MH-002,Gadchiroli,2025,78,164,19.604249,80.377164,MH-002_C14,test,cnn_test,1,0,1,0.8399355
65507,MH-002_2025_R078_C165,MH-002,Gadchiroli,2025,78,165,19.604249,80.377434,MH-002_C14,test,cnn_test,1,0,1,0.6078156
65508,MH-002_2025_R078_C167,MH-002,Gadchiroli,2025,78,167,19.604249,80.377973,MH-002_C14,test,cnn_test,0,0,1,0.6928847
65509,MH-002_2025_R078_C168,MH-002,Gadchiroli,2025,78,168,19.604249,80.378242,MH-002_C14,test,cnn_test,0,0,1,0.7860322
65510,MH-002_2025_R078_C169,MH-002,Gadchiroli,2025,78,169,19.604249,80.378512,MH-002_C14,test,cnn_test,0,0,0,0.08277026
65511,MH-002_2025_R078_C170,MH-002,Gadchiroli,2025,78,170,19.604249,80.378781,MH-002_C14,test,cnn_test,0,0,0,0.036670376
65512,MH-002_2025_R078_C171,MH-002,Gadchiroli,2025,78,171,19.604249,80.379051,MH-002_C14,test,cnn_test,0,0,0,0.03377135
65513,MH-002_2025_R078_C172,MH-002,Gadchiroli,2025,78,172,19.604249,80.37932,MH-002_C15,test,cnn_test,0,0,0,0.04206286
65514,MH-002_2025_R078_C173,MH-002,Gadchiroli,2025,78,173,19.604249,80.37959,MH-002_C15,test,cnn_test,0,0,1,0.5725963
65515,MH-002_2025_R078_C174,MH-002,Gadchiroli,2025,78,174,19.604249,80.379859,MH-002_C15,test,cnn_test,0,0,1,0.7295855
65516,MH-002_2025_R078_C175,MH-002,Gadchiroli,2025,78,175,19.604249,80.380129,MH-002_C15,test,cnn_test,0,0,1,0.8707369
65517,MH-002_2025_R078_C176,MH-002,Gadchiroli,2025,78,176,19.604249,80.380398,MH-002_C15,test,cnn_test,0,0,1,0.81953555
65601,MH-002_2025_R079_C161,MH-002,Gadchiroli,2025,79,161,19.603979,80.376356,MH-002_C14,test,cnn_test,0,0,0,0.021035904
65602,MH-002_2025_R079_C162,MH-002,Gadchiroli,2025,79,162,19.603979,80.376625,MH-002_C14,test,cnn_test,1,0,0,0.003645999
65603,MH-002_2025_R079_C163,MH-002,Gadchiroli,2025,79,163,19.603979,80.376895,MH-002_C14,test,cnn_test,0,0,1,0.11210114
65604,MH-002_2025_R079_C164,MH-002,Gadchiroli,2025,79,164,19.603979,80.377164,MH-002_C14,test,cnn_test,1,0,1,0.7858422
65605,MH-002_2025_R079_C165,MH-002,Gadchiroli,2025,79,165,19.603979,80.377434,MH-002_C14,test,cnn_test,1,0,1,0.5867666
65606,MH-002_2025_R079_C167,MH-002,Gadchiroli,2025,79,167,19.603979,80.377973,MH-002_C14,test,cnn_test,0,0,1,0.7672327
65607,MH-002_2025_R079_C168,MH-002,Gadchiroli,2025,79,168,19.603979,80.378242,MH-002_C14,test,cnn_test,0,0,1,0.85246277
65608,MH-002_2025_R079_C170,MH-002,Gadchiroli,2025,79,170,19.603979,80.378781,MH-002_C14,test,cnn_test,0,0,0,0.03627351
65609,MH-002_2025_R079_C171,MH-002,Gadchiroli,2025,79,171,19.603979,80.379051,MH-002_C14,test,cnn_test,0,0,0,0.013993681
65610,MH-002_2025_R079_C172,MH-002,Gadchiroli,2025,79,172,19.603979,80.37932,MH-002_C15,test,cnn_test,0,0,0,0.03887585
65611,MH-002_2025_R079_C173,MH-002,Gadchiroli,2025,79,173,19.603979,80.37959,MH-002_C15,test,cnn_test,0,0,1,0.38557875
65612,MH-002_2025_R079_C174,MH-002,Gadchiroli,2025,79,174,19.603979,80.379859,MH-002_C15,test,cnn_test,0,0,1,0.61639345
65613,MH-002_2025_R079_C175,MH-002,Gadchiroli,2025,79,175,19.603979,80.380129,MH-002_C15,test,cnn_test,0,0,1,0.92285776
65614,MH-002_2025_R079_C176,MH-002,Gadchiroli,2025,79,176,19.603979,80.380398,MH-002_C15,test,cnn_test,0,0,1,0.8795835
65693,MH-002_2025_R080_C161,MH-002,Gadchiroli,2025,80,161,19.60371,80.376356,MH-002_C14,test,cnn_test,0,0,0,0.002066471
65694,MH-002_2025_R080_C162,MH-002,Gadchiroli,2025,80,162,19.60371,80.376625,MH-002_C14,test,cnn_test,1,0,0,5.4139386e-05
65695,MH-002_2025_R080_C163,MH-002,Gadchiroli,2025,80,163,19.60371,80.376895,MH-002_C14,test,cnn_test,2,1,0,0.0030154826
65696,MH-002_2025_R080_C164,MH-002,Gadchiroli,2025,80,164,19.60371,80.377164,MH-002_C14,test,cnn_test,1,0,1,0.3188208
65697,MH-002_2025_R080_C165,MH-002,Gadchiroli,2025,80,165,19.60371,80.377434,MH-002_C14,test,cnn_test,1,0,1,0.32143515
65698,MH-002_2025_R080_C167,MH-002,Gadchiroli,2025,80,167,19.60371,80.377973,MH-002_C14,test,cnn_test,0,0,1,0.72753936
65699,MH-002_2025_R080_C170,MH-002,Gadchiroli,2025,80,170,19.60371,80.378781,MH-002_C14,test,cnn_test,0,0,0,0.049086243
65700,MH-002_2025_R080_C171,MH-002,Gadchiroli,2025,80,171,19.60371,80.379051,MH-002_C14,test,cnn_test,0,0,0,0.062042408
65701,MH-002_2025_R080_C172,MH-002,Gadchiroli,2025,80,172,19.60371,80.37932,MH-002_C15,test,cnn_test,0,0,0,0.011898826
65702,MH-002_2025_R080_C173,MH-002,Gadchiroli,2025,80,173,19.60371,80.37959,MH-002_C15,test,cnn_test,0,0,1,0.11068495
65703,MH-002_2025_R080_C174,MH-002,Gadchiroli,2025,80,174,19.60371,80.379859,MH-002_C15,test,cnn_test,0,0,1,0.8186118
65704,MH-002_2025_R080_C175,MH-002,Gadchiroli,2025,80,175,19.60371,80.380129,MH-002_C15,test,cnn_test,0,0,1,0.96377647
65705,MH-002_2025_R080_C176,MH-002,Gadchiroli,2025,80,176,19.60371,80.380398,MH-002_C15,test,cnn_test,0,0,1,0.9623337
65779,MH-002_2025_R081_C161,MH-002,Gadchiroli,2025,81,161,19.60344,80.376356,MH-002_C14,test,cnn_test,0,0,0,0.0022064142
65780,MH-002_2025_R081_C162,MH-002,Gadchiroli,2025,81,162,19.60344,80.376625,MH-002_C14,test,cnn_test,1,0,0,7.3935444e-05
65781,MH-002_2025_R081_C163,MH-002,Gadchiroli,2025,81,163,19.60344,80.376895,MH-002_C14,test,cnn_test,1,0,0,0.029276093
65782,MH-002_2025_R081_C164,MH-002,Gadchiroli,2025,81,164,19.60344,80.377164,MH-002_C14,test,cnn_test,2,1,1,0.10744087
65783,MH-002_2025_R081_C165,MH-002,Gadchiroli,2025,81,165,19.60344,80.377434,MH-002_C14,test,cnn_test,1,0,1,0.13459025
65784,MH-002_2025_R081_C167,MH-002,Gadchiroli,2025,81,167,19.60344,80.377973,MH-002_C14,test,cnn_test,1,0,1,0.6850543
65785,MH-002_2025_R081_C168,MH-002,Gadchiroli,2025,81,168,19.60344,80.378242,MH-002_C14,test,cnn_test,0,0,1,0.8439815
65786,MH-002_2025_R081_C169,MH-002,Gadchiroli,2025,81,169,19.60344,80.378512,MH-002_C14,test,cnn_test,0,0,1,0.35333365
65787,MH-002_2025_R081_C170,MH-002,Gadchiroli,2025,81,170,19.60344,80.378781,MH-002_C14,test,cnn_test,0,0,1,0.20345971
65788,MH-002_2025_R081_C171,MH-002,Gadchiroli,2025,81,171,19.60344,80.379051,MH-002_C14,test,cnn_test,0,0,0,0.08947585
65789,MH-002_2025_R081_C172,MH-002,Gadchiroli,2025,81,172,19.60344,80.37932,MH-002_C15,test,cnn_test,0,0,0,0.039229788
65790,MH-002_2025_R081_C173,MH-002,Gadchiroli,2025,81,173,19.60344,80.37959,MH-002_C15,test,cnn_test,0,0,1,0.42154953
65791,MH-002_2025_R081_C174,MH-002,Gadchiroli,2025,81,174,19.60344,80.379859,MH-002_C15,test,cnn_test,0,0,1,0.8258754
65792,MH-002_2025_R081_C175,MH-002,Gadchiroli,2025,81,175,19.60344,80.380129,MH-002_C15,test,cnn_test,0,0,1,0.9600465
65793,MH-002_2025_R081_C176,MH-002,Gadchiroli,2025,81,176,19.60344,80.380398,MH-002_C15,test,cnn_test,0,0,1,0.9664788
65864,MH-002_2025_R082_C161,MH-002,Gadchiroli,2025,82,161,19.603171,80.376356,MH-002_C14,test,cnn_test,0,0,0,0.005528095
65865,MH-002_2025_R082_C162,MH-002,Gadchiroli,2025,82,162,19.603171,80.376625,MH-002_C14,test,cnn_test,0,0,0,8.633524e-05
65866,MH-002_2025_R082_C163,MH-002,Gadchiroli,2025,82,163,19.603171,80.376895,MH-002_C14,test,cnn_test,1,0,0,0.0114472415
65867,MH-002_2025_R082_C164,MH-002,Gadchiroli,2025,82,164,19.603171,80.377164,MH-002_C14,test,cnn_test,2,1,1,0.6105088
65868,MH-002_2025_R082_C165,MH-002,Gadchiroli,2025,82,165,19.603171,80.377434,MH-002_C14,test,cnn_test,1,0,1,0.58651716
65869,MH-002_2025_R082_C167,MH-002,Gadchiroli,2025,82,167,19.603171,80.377973,MH-002_C14,test,cnn_test,1,0,1,0.8606935
65870,MH-002_2025_R082_C168,MH-002,Gadchiroli,2025,82,168,19.603171,80.378242,MH-002_C14,test,cnn_test,0,0,1,0.8909946
65871,MH-002_2025_R082_C169,MH-002,Gadchiroli,2025,82,169,19.603171,80.378512,MH-002_C14,test,cnn_test,0,0,1,0.7418742
65872,MH-002_2025_R082_C170,MH-002,Gadchiroli,2025,82,170,19.603171,80.378781,MH-002_C14,test,cnn_test,0,0,1,0.11157329
65873,MH-002_2025_R082_C171,MH-002,Gadchiroli,2025,82,171,19.603171,80.379051,MH-002_C14,test,cnn_test,0,0,1,0.18090802
65874,MH-002_2025_R082_C172,MH-002,Gadchiroli,2025,82,172,19.603171,80.37932,MH-002_C15,test,cnn_test,0,0,0,0.0023579272
65875,MH-002_2025_R082_C173,MH-002,Gadchiroli,2025,82,173,19.603171,80.37959,MH-002_C15,test,cnn_test,0,0,0,0.016204134
65876,MH-002_2025_R082_C174,MH-002,Gadchiroli,2025,82,174,19.603171,80.379859,MH-002_C15,test,cnn_test,0,0,1,0.26732978
65877,MH-002_2025_R082_C175,MH-002,Gadchiroli,2025,82,175,19.603171,80.380129,MH-002_C15,test,cnn_test,0,0,1,0.82733715
65878,MH-002_2025_R082_C176,MH-002,Gadchiroli,2025,82,176,19.603171,80.380398,MH-002_C15,test,cnn_test,0,0,1,0.9187712
65949,MH-002_2025_R083_C162,MH-002,Gadchiroli,2025,83,162,19.602901,80.376625,MH-002_C14,test,cnn_test,1,0,0,0.00046732026
65950,MH-002_2025_R083_C163,MH-002,Gadchiroli,2025,83,163,19.602901,80.376895,MH-002_C14,test,cnn_test,1,0,1,0.11683935
65951,MH-002_2025_R083_C164,MH-002,Gadchiroli,2025,83,164,19.602901,80.377164,MH-002_C14,test,cnn_test,1,0,1,0.69093436
65952,MH-002_2025_R083_C166,MH-002,Gadchiroli,2025,83,166,19.602901,80.377703,MH-002_C14,test,cnn_test,1,0,1,0.94182837
65953,MH-002_2025_R083_C170,MH-002,Gadchiroli,2025,83,170,19.602901,80.378781,MH-002_C14,test,cnn_test,0,0,1,0.50670224
65954,MH-002_2025_R083_C171,MH-002,Gadchiroli,2025,83,171,19.602901,80.379051,MH-002_C14,test,cnn_test,0,0,1,0.15729682
65955,MH-002_2025_R083_C172,MH-002,Gadchiroli,2025,83,172,19.602901,80.37932,MH-002_C15,test,cnn_test,0,0,0,0.015155938
65956,MH-002_2025_R083_C173,MH-002,Gadchiroli,2025,83,173,19.602901,80.37959,MH-002_C15,test,cnn_test,0,0,1,0.1737115
65957,MH-002_2025_R083_C175,MH-002,Gadchiroli,2025,83,175,19.602901,80.380129,MH-002_C15,test,cnn_test,0,0,1,0.71505517
65958,MH-002_2025_R083_C176,MH-002,Gadchiroli,2025,83,176,19.602901,80.380398,MH-002_C15,test,cnn_test,0,0,1,0.8664523
66026,MH-002_2025_R084_C161,MH-002,Gadchiroli,2025,84,161,19.602632,80.376356,MH-002_C14,test,cnn_test,1,0,0,0.0004035031
66027,MH-002_2025_R084_C163,MH-002,Gadchiroli,2025,84,163,19.602632,80.376895,MH-002_C14,test,cnn_test,1,0,0,0.0013357449
66028,MH-002_2025_R084_C165,MH-002,Gadchiroli,2025,84,165,19.602632,80.377434,MH-002_C14,test,cnn_test,0,0,0,0.050674524
66029,MH-002_2025_R084_C166,MH-002,Gadchiroli,2025,84,166,19.602632,80.377703,MH-002_C14,test,cnn_test,1,0,1,0.82320946
66030,MH-002_2025_R084_C167,MH-002,Gadchiroli,2025,84,167,19.602632,80.377973,MH-002_C14,test,cnn_test,2,1,1,0.6945449
66031,MH-002_2025_R084_C168,MH-002,Gadchiroli,2025,84,168,19.602632,80.378242,MH-002_C14,test,cnn_test,0,0,1,0.89804935
66032,MH-002_2025_R084_C170,MH-002,Gadchiroli,2025,84,170,19.602632,80.378781,MH-002_C14,test,cnn_test,0,0,1,0.28284797
66033,MH-002_2025_R084_C171,MH-002,Gadchiroli,2025,84,171,19.602632,80.379051,MH-002_C14,test,cnn_test,0,0,0,0.08666505
66034,MH-002_2025_R084_C172,MH-002,Gadchiroli,2025,84,172,19.602632,80.37932,MH-002_C15,test,cnn_test,0,0,0,0.0037676056
66035,MH-002_2025_R084_C173,MH-002,Gadchiroli,2025,84,173,19.602632,80.37959,MH-002_C15,test,cnn_test,0,0,0,0.012984978
66036,MH-002_2025_R084_C174,MH-002,Gadchiroli,2025,84,174,19.602632,80.379859,MH-002_C15,test,cnn_test,0,0,0,0.09425113
66037,MH-002_2025_R084_C176,MH-002,Gadchiroli,2025,84,176,19.602632,80.380398,MH-002_C15,test,cnn_test,0,0,1,0.8171265
66108,MH-002_2025_R085_C161,MH-002,Gadchiroli,2025,85,161,19.602362,80.376356,MH-002_C14,test,cnn_test,0,0,0,0.0007498682
66109,MH-002_2025_R085_C162,MH-002,Gadchiroli,2025,85,162,19.602362,80.376625,MH-002_C14,test,cnn_test,0,0,0,0.00021165941
66110,MH-002_2025_R085_C163,MH-002,Gadchiroli,2025,85,163,19.602362,80.376895,MH-002_C14,test,cnn_test,0,0,0,0.008143425
66111,MH-002_2025_R085_C164,MH-002,Gadchiroli,2025,85,164,19.602362,80.377164,MH-002_C14,test,cnn_test,0,0,0,0.04223757
66112,MH-002_2025_R085_C165,MH-002,Gadchiroli,2025,85,165,19.602362,80.377434,MH-002_C14,test,cnn_test,0,0,0,0.050356098
66113,MH-002_2025_R085_C166,MH-002,Gadchiroli,2025,85,166,19.602362,80.377703,MH-002_C14,test,cnn_test,1,0,1,0.8410732
66114,MH-002_2025_R085_C167,MH-002,Gadchiroli,2025,85,167,19.602362,80.377973,MH-002_C14,test,cnn_test,1,0,1,0.5935398
66115,MH-002_2025_R085_C171,MH-002,Gadchiroli,2025,85,171,19.602362,80.379051,MH-002_C14,test,cnn_test,0,0,0,0.052185364
66116,MH-002_2025_R085_C172,MH-002,Gadchiroli,2025,85,172,19.602362,80.37932,MH-002_C15,test,cnn_test,0,0,0,0.023590617
66117,MH-002_2025_R085_C173,MH-002,Gadchiroli,2025,85,173,19.602362,80.37959,MH-002_C15,test,cnn_test,0,0,1,0.21348505
66118,MH-002_2025_R085_C174,MH-002,Gadchiroli,2025,85,174,19.602362,80.379859,MH-002_C15,test,cnn_test,0,0,1,0.17340341
66119,MH-002_2025_R085_C175,MH-002,Gadchiroli,2025,85,175,19.602362,80.380129,MH-002_C15,test,cnn_test,0,0,1,0.5146644
66192,MH-002_2025_R086_C161,MH-002,Gadchiroli,2025,86,161,19.602093,80.376356,MH-002_C14,test,cnn_test,0,0,0,0.0005613843
66193,MH-002_2025_R086_C162,MH-002,Gadchiroli,2025,86,162,19.602093,80.376625,MH-002_C14,test,cnn_test,0,0,0,0.00019198077
66194,MH-002_2025_R086_C163,MH-002,Gadchiroli,2025,86,163,19.602093,80.376895,MH-002_C14,test,cnn_test,0,0,0,0.005046779
66195,MH-002_2025_R086_C172,MH-002,Gadchiroli,2025,86,172,19.602093,80.37932,MH-002_C15,test,cnn_test,0,0,0,0.033997733
66196,MH-002_2025_R086_C173,MH-002,Gadchiroli,2025,86,173,19.602093,80.37959,MH-002_C15,test,cnn_test,0,0,1,0.12739658
66197,MH-002_2025_R086_C174,MH-002,Gadchiroli,2025,86,174,19.602093,80.379859,MH-002_C15,test,cnn_test,0,0,1,0.13166896
66198,MH-002_2025_R086_C175,MH-002,Gadchiroli,2025,86,175,19.602093,80.380129,MH-002_C15,test,cnn_test,0,0,1,0.23573653
66271,MH-002_2025_R087_C170,MH-002,Gadchiroli,2025,87,170,19.601823,80.378781,MH-002_C14,test,cnn_test,0,0,1,0.40605798
66272,MH-002_2025_R087_C171,MH-002,Gadchiroli,2025,87,171,19.601823,80.379051,MH-002_C14,test,cnn_test,0,0,1,0.40088752
66273,MH-002_2025_R087_C172,MH-002,Gadchiroli,2025,87,172,19.601823,80.37932,MH-002_C15,test,cnn_test,0,0,0,0.091351576
66274,MH-002_2025_R087_C173,MH-002,Gadchiroli,2025,87,173,19.601823,80.37959,MH-002_C15,test,cnn_test,0,0,1,0.47960988
66275,MH-002_2025_R087_C174,MH-002,Gadchiroli,2025,87,174,19.601823,80.379859,MH-002_C15,test,cnn_test,0,0,0,0.09420889
66276,MH-002_2025_R087_C175,MH-002,Gadchiroli,2025,87,175,19.601823,80.380129,MH-002_C15,test,cnn_test,0,0,0,0.06151654
66277,MH-002_2025_R087_C176,MH-002,Gadchiroli,2025,87,176,19.601823,80.380398,MH-002_C15,test,cnn_test,0,0,1,0.63651645
66357,MH-002_2025_R088_C171,MH-002,Gadchiroli,2025,88,171,19.601554,80.379051,MH-002_C14,test,cnn_test,0,0,1,0.7666438
66358,MH-002_2025_R088_C172,MH-002,Gadchiroli,2025,88,172,19.601554,80.37932,MH-002_C15,test,cnn_test,0,0,1,0.39469314
66359,MH-002_2025_R088_C173,MH-002,Gadchiroli,2025,88,173,19.601554,80.37959,MH-002_C15,test,cnn_test,0,0,1,0.3618213
66360,MH-002_2025_R088_C174,MH-002,Gadchiroli,2025,88,174,19.601554,80.379859,MH-002_C15,test,cnn_test,0,0,0,0.052561697
66361,MH-002_2025_R088_C175,MH-002,Gadchiroli,2025,88,175,19.601554,80.380129,MH-002_C15,test,cnn_test,0,0,0,0.024854975
66362,MH-002_2025_R088_C176,MH-002,Gadchiroli,2025,88,176,19.601554,80.380398,MH-002_C15,test,cnn_test,0,0,1,0.6952282
66444,MH-002_2025_R089_C161,MH-002,Gadchiroli,2025,89,161,19.601284,80.376356,MH-002_C14,test,cnn_test,0,0,0,0.0005687057
66445,MH-002_2025_R089_C165,MH-002,Gadchiroli,2025,89,165,19.601284,80.377434,MH-002_C14,test,cnn_test,0,0,1,0.13037108
66446,MH-002_2025_R089_C166,MH-002,Gadchiroli,2025,89,166,19.601284,80.377703,MH-002_C14,test,cnn_test,1,0,1,0.23391311
66447,MH-002_2025_R089_C167,MH-002,Gadchiroli,2025,89,167,19.601284,80.377973,MH-002_C14,test,cnn_test,1,0,1,0.114671536
66448,MH-002_2025_R089_C168,MH-002,Gadchiroli,2025,89,168,19.601284,80.378242,MH-002_C14,test,cnn_test,2,1,0,0.045520358
66449,MH-002_2025_R089_C172,MH-002,Gadchiroli,2025,89,172,19.601284,80.37932,MH-002_C15,test,cnn_test,0,0,1,0.5506208
66450,MH-002_2025_R089_C173,MH-002,Gadchiroli,2025,89,173,19.601284,80.37959,MH-002_C15,test,cnn_test,0,0,1,0.7902064
66451,MH-002_2025_R089_C174,MH-002,Gadchiroli,2025,89,174,19.601284,80.379859,MH-002_C15,test,cnn_test,0,0,1,0.25687113
66452,MH-002_2025_R089_C175,MH-002,Gadchiroli,2025,89,175,19.601284,80.380129,MH-002_C15,test,cnn_test,0,0,0,0.06738863
66453,MH-002_2025_R089_C176,MH-002,Gadchiroli,2025,89,176,19.601284,80.380398,MH-002_C15,test,cnn_test,0,0,1,0.80732167
66535,MH-002_2025_R090_C161,MH-002,Gadchiroli,2025,90,161,19.601015,80.376356,MH-002_C14,test,cnn_test,0,0,0,0.00078856153
66536,MH-002_2025_R090_C162,MH-002,Gadchiroli,2025,90,162,19.601015,80.376625,MH-002_C14,test,cnn_test,0,0,0,0.00074879074
66537,MH-002_2025_R090_C163,MH-002,Gadchiroli,2025,90,163,19.601015,80.376895,MH-002_C14,test,cnn_test,1,0,0,0.00064475456
66538,MH-002_2025_R090_C165,MH-002,Gadchiroli,2025,90,165,19.601015,80.377434,MH-002_C14,test,cnn_test,0,0,0,0.013788172
66539,MH-002_2025_R090_C166,MH-002,Gadchiroli,2025,90,166,19.601015,80.377703,MH-002_C14,test,cnn_test,1,0,0,0.04241196
66540,MH-002_2025_R090_C167,MH-002,Gadchiroli,2025,90,167,19.601015,80.377973,MH-002_C14,test,cnn_test,0,0,0,0.041143004
66541,MH-002_2025_R090_C168,MH-002,Gadchiroli,2025,90,168,19.601015,80.378242,MH-002_C14,test,cnn_test,1,0,0,0.003533026
66542,MH-002_2025_R090_C169,MH-002,Gadchiroli,2025,90,169,19.601015,80.378512,MH-002_C14,test,cnn_test,1,0,0,0.093476385
66543,MH-002_2025_R090_C170,MH-002,Gadchiroli,2025,90,170,19.601015,80.378781,MH-002_C14,test,cnn_test,1,0,1,0.38576266
66544,MH-002_2025_R090_C173,MH-002,Gadchiroli,2025,90,173,19.601015,80.37959,MH-002_C15,test,cnn_test,0,0,1,0.7378804
66545,MH-002_2025_R090_C174,MH-002,Gadchiroli,2025,90,174,19.601015,80.379859,MH-002_C15,test,cnn_test,0,0,1,0.3031098
66546,MH-002_2025_R090_C175,MH-002,Gadchiroli,2025,90,175,19.601015,80.380129,MH-002_C15,test,cnn_test,0,0,1,0.23776257
66547,MH-002_2025_R090_C176,MH-002,Gadchiroli,2025,90,176,19.601015,80.380398,MH-002_C15,test,cnn_test,0,0,1,0.77654356
66628,MH-002_2025_R091_C161,MH-002,Gadchiroli,2025,91,161,19.600745,80.376356,MH-002_C14,test,cnn_test,0,0,0,0.010803004
66629,MH-002_2025_R091_C162,MH-002,Gadchiroli,2025,91,162,19.600745,80.376625,MH-002_C14,test,cnn_test,0,0,0,0.014828082
66630,MH-002_2025_R091_C163,MH-002,Gadchiroli,2025,91,163,19.600745,80.376895,MH-002_C14,test,cnn_test,0,0,0,0.012789567
66631,MH-002_2025_R091_C164,MH-002,Gadchiroli,2025,91,164,19.600745,80.377164,MH-002_C14,test,cnn_test,1,0,0,0.011347802
66632,MH-002_2025_R091_C165,MH-002,Gadchiroli,2025,91,165,19.600745,80.377434,MH-002_C14,test,cnn_test,1,0,1,0.121541254
66633,MH-002_2025_R091_C166,MH-002,Gadchiroli,2025,91,166,19.600745,80.377703,MH-002_C14,test,cnn_test,0,0,1,0.58682853
66634,MH-002_2025_R091_C167,MH-002,Gadchiroli,2025,91,167,19.600745,80.377973,MH-002_C14,test,cnn_test,1,0,1,0.51023984
66635,MH-002_2025_R091_C168,MH-002,Gadchiroli,2025,91,168,19.600745,80.378242,MH-002_C14,test,cnn_test,0,0,1,0.12838314
66636,MH-002_2025_R091_C169,MH-002,Gadchiroli,2025,91,169,19.600745,80.378512,MH-002_C14,test,cnn_test,0,0,1,0.6339691
66637,MH-002_2025_R091_C170,MH-002,Gadchiroli,2025,91,170,19.600745,80.378781,MH-002_C14,test,cnn_test,0,0,1,0.7197272
66638,MH-002_2025_R091_C171,MH-002,Gadchiroli,2025,91,171,19.600745,80.379051,MH-002_C14,test,cnn_test,2,1,1,0.73743325
66639,MH-002_2025_R091_C173,MH-002,Gadchiroli,2025,91,173,19.600745,80.37959,MH-002_C15,test,cnn_test,0,0,1,0.7530895
66640,MH-002_2025_R091_C174,MH-002,Gadchiroli,2025,91,174,19.600745,80.379859,MH-002_C15,test,cnn_test,0,0,1,0.3581015
66641,MH-002_2025_R091_C175,MH-002,Gadchiroli,2025,91,175,19.600745,80.380129,MH-002_C15,test,cnn_test,0,0,0,0.09076638
66642,MH-002_2025_R091_C176,MH-002,Gadchiroli,2025,91,176,19.600745,80.380398,MH-002_C15,test,cnn_test,0,0,1,0.76382214
66723,MH-002_2025_R092_C161,MH-002,Gadchiroli,2025,92,161,19.600476,80.376356,MH-002_C14,test,cnn_test,0,0,0,0.021521775
66724,MH-002_2025_R092_C162,MH-002,Gadchiroli,2025,92,162,19.600476,80.376625,MH-002_C14,test,cnn_test,0,0,0,0.082075566
66725,MH-002_2025_R092_C163,MH-002,Gadchiroli,2025,92,163,19.600476,80.376895,MH-002_C14,test,cnn_test,0,0,0,0.0069218455
66726,MH-002_2025_R092_C164,MH-002,Gadchiroli,2025,92,164,19.600476,80.377164,MH-002_C14,test,cnn_test,1,0,0,0.06971179
66727,MH-002_2025_R092_C165,MH-002,Gadchiroli,2025,92,165,19.600476,80.377434,MH-002_C14,test,cnn_test,1,0,1,0.23329432
66728,MH-002_2025_R092_C166,MH-002,Gadchiroli,2025,92,166,19.600476,80.377703,MH-002_C14,test,cnn_test,1,0,1,0.31823
66729,MH-002_2025_R092_C167,MH-002,Gadchiroli,2025,92,167,19.600476,80.377973,MH-002_C14,test,cnn_test,2,1,1,0.3640745
66730,MH-002_2025_R092_C168,MH-002,Gadchiroli,2025,92,168,19.600476,80.378242,MH-002_C14,test,cnn_test,0,0,1,0.12374713
66731,MH-002_2025_R092_C169,MH-002,Gadchiroli,2025,92,169,19.600476,80.378512,MH-002_C14,test,cnn_test,0,0,1,0.8276008
66732,MH-002_2025_R092_C170,MH-002,Gadchiroli,2025,92,170,19.600476,80.378781,MH-002_C14,test,cnn_test,0,0,1,0.8351577
66733,MH-002_2025_R092_C171,MH-002,Gadchiroli,2025,92,171,19.600476,80.379051,MH-002_C14,test,cnn_test,1,0,1,0.81160516
66734,MH-002_2025_R092_C172,MH-002,Gadchiroli,2025,92,172,19.600476,80.37932,MH-002_C15,test,cnn_test,0,0,1,0.5962577
66735,MH-002_2025_R092_C173,MH-002,Gadchiroli,2025,92,173,19.600476,80.37959,MH-002_C15,test,cnn_test,0,0,1,0.7513971
66736,MH-002_2025_R092_C174,MH-002,Gadchiroli,2025,92,174,19.600476,80.379859,MH-002_C15,test,cnn_test,0,0,1,0.5578521
66737,MH-002_2025_R092_C175,MH-002,Gadchiroli,2025,92,175,19.600476,80.380129,MH-002_C15,test,cnn_test,0,0,1,0.4037339
66738,MH-002_2025_R092_C176,MH-002,Gadchiroli,2025,92,176,19.600476,80.380398,MH-002_C15,test,cnn_test,0,0,1,0.8270441
66813,MH-002_2025_R093_C161,MH-002,Gadchiroli,2025,93,161,19.600206,80.376356,MH-002_C14,test,cnn_test,1,0,1,0.1572857
66814,MH-002_2025_R093_C162,MH-002,Gadchiroli,2025,93,162,19.600206,80.376625,MH-002_C14,test,cnn_test,1,0,1,0.3658051
66815,MH-002_2025_R093_C163,MH-002,Gadchiroli,2025,93,163,19.600206,80.376895,MH-002_C14,test,cnn_test,1,0,1,0.29520908
66816,MH-002_2025_R093_C164,MH-002,Gadchiroli,2025,93,164,19.600206,80.377164,MH-002_C14,test,cnn_test,1,0,1,0.4964228
66817,MH-002_2025_R093_C165,MH-002,Gadchiroli,2025,93,165,19.600206,80.377434,MH-002_C14,test,cnn_test,2,1,1,0.7720119
66818,MH-002_2025_R093_C166,MH-002,Gadchiroli,2025,93,166,19.600206,80.377703,MH-002_C14,test,cnn_test,0,0,1,0.65822875
66819,MH-002_2025_R093_C167,MH-002,Gadchiroli,2025,93,167,19.600206,80.377973,MH-002_C14,test,cnn_test,0,0,1,0.40247208
66820,MH-002_2025_R093_C168,MH-002,Gadchiroli,2025,93,168,19.600206,80.378242,MH-002_C14,test,cnn_test,1,0,1,0.24374619
66821,MH-002_2025_R093_C169,MH-002,Gadchiroli,2025,93,169,19.600206,80.378512,MH-002_C14,test,cnn_test,0,0,1,0.7530749
66822,MH-002_2025_R093_C170,MH-002,Gadchiroli,2025,93,170,19.600206,80.378781,MH-002_C14,test,cnn_test,0,0,1,0.863627
66823,MH-002_2025_R093_C171,MH-002,Gadchiroli,2025,93,171,19.600206,80.379051,MH-002_C14,test,cnn_test,1,0,1,0.83964765
66824,MH-002_2025_R093_C172,MH-002,Gadchiroli,2025,93,172,19.600206,80.37932,MH-002_C15,test,cnn_test,1,0,1,0.6531567
66825,MH-002_2025_R093_C173,MH-002,Gadchiroli,2025,93,173,19.600206,80.37959,MH-002_C15,test,cnn_test,0,0,1,0.7927185
66826,MH-002_2025_R093_C174,MH-002,Gadchiroli,2025,93,174,19.600206,80.379859,MH-002_C15,test,cnn_test,0,0,1,0.5192836
66827,MH-002_2025_R093_C175,MH-002,Gadchiroli,2025,93,175,19.600206,80.380129,MH-002_C15,test,cnn_test,0,0,1,0.24587324
66894,MH-002_2025_R094_C161,MH-002,Gadchiroli,2025,94,161,19.599937,80.376356,MH-002_C14,test,cnn_test,1,0,1,0.84504366
66895,MH-002_2025_R094_C162,MH-002,Gadchiroli,2025,94,162,19.599937,80.376625,MH-002_C14,test,cnn_test,1,0,1,0.92029434
66896,MH-002_2025_R094_C163,MH-002,Gadchiroli,2025,94,163,19.599937,80.376895,MH-002_C14,test,cnn_test,1,0,1,0.87827224
66897,MH-002_2025_R094_C164,MH-002,Gadchiroli,2025,94,164,19.599937,80.377164,MH-002_C14,test,cnn_test,1,0,1,0.9409557
66898,MH-002_2025_R094_C165,MH-002,Gadchiroli,2025,94,165,19.599937,80.377434,MH-002_C14,test,cnn_test,0,0,1,0.9414598
66899,MH-002_2025_R094_C166,MH-002,Gadchiroli,2025,94,166,19.599937,80.377703,MH-002_C14,test,cnn_test,0,0,1,0.64664745
66900,MH-002_2025_R094_C167,MH-002,Gadchiroli,2025,94,167,19.599937,80.377973,MH-002_C14,test,cnn_test,0,0,1,0.6564516
66901,MH-002_2025_R094_C168,MH-002,Gadchiroli,2025,94,168,19.599937,80.378242,MH-002_C14,test,cnn_test,0,0,1,0.20498563
66902,MH-002_2025_R094_C169,MH-002,Gadchiroli,2025,94,169,19.599937,80.378512,MH-002_C14,test,cnn_test,0,0,1,0.7858721
66903,MH-002_2025_R094_C170,MH-002,Gadchiroli,2025,94,170,19.599937,80.378781,MH-002_C14,test,cnn_test,0,0,1,0.8110608
66904,MH-002_2025_R094_C171,MH-002,Gadchiroli,2025,94,171,19.599937,80.379051,MH-002_C14,test,cnn_test,0,0,1,0.7753823
66905,MH-002_2025_R094_C172,MH-002,Gadchiroli,2025,94,172,19.599937,80.37932,MH-002_C15,test,cnn_test,0,0,1,0.3207975
66906,MH-002_2025_R094_C173,MH-002,Gadchiroli,2025,94,173,19.599937,80.37959,MH-002_C15,test,cnn_test,0,0,1,0.5835857
66907,MH-002_2025_R094_C174,MH-002,Gadchiroli,2025,94,174,19.599937,80.379859,MH-002_C15,test,cnn_test,0,0,1,0.48562124
66908,MH-002_2025_R094_C175,MH-002,Gadchiroli,2025,94,175,19.599937,80.380129,MH-002_C15,test,cnn_test,0,0,1,0.45586267
66977,MH-002_2025_R095_C161,MH-002,Gadchiroli,2025,95,161,19.599667,80.376356,MH-002_C14,test,cnn_test,0,0,1,0.13374966
66978,MH-002_2025_R095_C162,MH-002,Gadchiroli,2025,95,162,19.599667,80.376625,MH-002_C14,test,cnn_test,0,0,1,0.557606
66979,MH-002_2025_R095_C163,MH-002,Gadchiroli,2025,95,163,19.599667,80.376895,MH-002_C14,test,cnn_test,0,0,1,0.46194598
66980,MH-002_2025_R095_C164,MH-002,Gadchiroli,2025,95,164,19.599667,80.377164,MH-002_C14,test,cnn_test,1,0,1,0.64189464
66981,MH-002_2025_R095_C165,MH-002,Gadchiroli,2025,95,165,19.599667,80.377434,MH-002_C14,test,cnn_test,1,0,1,0.42361543
66982,MH-002_2025_R095_C166,MH-002,Gadchiroli,2025,95,166,19.599667,80.377703,MH-002_C14,test,cnn_test,0,0,1,0.39496312
66983,MH-002_2025_R095_C167,MH-002,Gadchiroli,2025,95,167,19.599667,80.377973,MH-002_C14,test,cnn_test,0,0,1,0.21271236
66984,MH-002_2025_R095_C168,MH-002,Gadchiroli,2025,95,168,19.599667,80.378242,MH-002_C14,test,cnn_test,0,0,1,0.11133947
66985,MH-002_2025_R095_C169,MH-002,Gadchiroli,2025,95,169,19.599667,80.378512,MH-002_C14,test,cnn_test,0,0,1,0.42530414
66986,MH-002_2025_R095_C170,MH-002,Gadchiroli,2025,95,170,19.599667,80.378781,MH-002_C14,test,cnn_test,0,0,1,0.6458604
66987,MH-002_2025_R095_C171,MH-002,Gadchiroli,2025,95,171,19.599667,80.379051,MH-002_C14,test,cnn_test,1,0,1,0.6329261
66988,MH-002_2025_R095_C172,MH-002,Gadchiroli,2025,95,172,19.599667,80.37932,MH-002_C15,test,cnn_test,1,0,1,0.16328163
66989,MH-002_2025_R095_C173,MH-002,Gadchiroli,2025,95,173,19.599667,80.37959,MH-002_C15,test,cnn_test,0,0,1,0.5318695
66990,MH-002_2025_R095_C174,MH-002,Gadchiroli,2025,95,174,19.599667,80.379859,MH-002_C15,test,cnn_test,0,0,1,0.5191662
66991,MH-002_2025_R095_C175,MH-002,Gadchiroli,2025,95,175,19.599667,80.380129,MH-002_C15,test,cnn_test,0,0,1,0.387755
66992,MH-002_2025_R095_C176,MH-002,Gadchiroli,2025,95,176,19.599667,80.380398,MH-002_C15,test,cnn_test,0,0,1,0.90787935
67061,MH-002_2025_R096_C163,MH-002,Gadchiroli,2025,96,163,19.599398,80.376895,MH-002_C14,test,cnn_test,0,0,0,0.069232635
67062,MH-002_2025_R096_C164,MH-002,Gadchiroli,2025,96,164,19.599398,80.377164,MH-002_C14,test,cnn_test,1,0,1,0.51169854
67063,MH-002_2025_R096_C165,MH-002,Gadchiroli,2025,96,165,19.599398,80.377434,MH-002_C14,test,cnn_test,1,0,1,0.17344844
67064,MH-002_2025_R096_C166,MH-002,Gadchiroli,2025,96,166,19.599398,80.377703,MH-002_C14,test,cnn_test,1,0,1,0.13349591
67065,MH-002_2025_R096_C167,MH-002,Gadchiroli,2025,96,167,19.599398,80.377973,MH-002_C14,test,cnn_test,0,0,0,0.06497009
67066,MH-002_2025_R096_C168,MH-002,Gadchiroli,2025,96,168,19.599398,80.378242,MH-002_C14,test,cnn_test,1,0,0,0.051070787
67067,MH-002_2025_R096_C169,MH-002,Gadchiroli,2025,96,169,19.599398,80.378512,MH-002_C14,test,cnn_test,0,0,1,0.48895147
67068,MH-002_2025_R096_C170,MH-002,Gadchiroli,2025,96,170,19.599398,80.378781,MH-002_C14,test,cnn_test,0,0,1,0.7570552
67069,MH-002_2025_R096_C171,MH-002,Gadchiroli,2025,96,171,19.599398,80.379051,MH-002_C14,test,cnn_test,1,0,1,0.5391099
67070,MH-002_2025_R096_C172,MH-002,Gadchiroli,2025,96,172,19.599398,80.37932,MH-002_C15,test,cnn_test,1,0,1,0.27658948
67071,MH-002_2025_R096_C173,MH-002,Gadchiroli,2025,96,173,19.599398,80.37959,MH-002_C15,test,cnn_test,0,0,1,0.5394855
67072,MH-002_2025_R096_C174,MH-002,Gadchiroli,2025,96,174,19.599398,80.379859,MH-002_C15,test,cnn_test,0,0,1,0.6479501
67073,MH-002_2025_R096_C175,MH-002,Gadchiroli,2025,96,175,19.599398,80.380129,MH-002_C15,test,cnn_test,0,0,1,0.51421297
67074,MH-002_2025_R096_C176,MH-002,Gadchiroli,2025,96,176,19.599398,80.380398,MH-002_C15,test,cnn_test,0,0,1,0.90272456
67139,MH-002_2025_R097_C161,MH-002,Gadchiroli,2025,97,161,19.599128,80.376356,MH-002_C14,test,cnn_test,0,0,0,0.0044714375
67140,MH-002_2025_R097_C162,MH-002,Gadchiroli,2025,97,162,19.599128,80.376625,MH-002_C14,test,cnn_test,0,0,0,0.06044644
67141,MH-002_2025_R097_C164,MH-002,Gadchiroli,2025,97,164,19.599128,80.377164,MH-002_C14,test,cnn_test,0,0,1,0.1954125
67142,MH-002_2025_R097_C165,MH-002,Gadchiroli,2025,97,165,19.599128,80.377434,MH-002_C14,test,cnn_test,1,0,0,0.029639747
67143,MH-002_2025_R097_C166,MH-002,Gadchiroli,2025,97,166,19.599128,80.377703,MH-002_C14,test,cnn_test,0,0,1,0.120284714
67144,MH-002_2025_R097_C167,MH-002,Gadchiroli,2025,97,167,19.599128,80.377973,MH-002_C14,test,cnn_test,1,0,0,0.03994313
67145,MH-002_2025_R097_C168,MH-002,Gadchiroli,2025,97,168,19.599128,80.378242,MH-002_C14,test,cnn_test,1,0,0,0.034690257
67146,MH-002_2025_R097_C169,MH-002,Gadchiroli,2025,97,169,19.599128,80.378512,MH-002_C14,test,cnn_test,1,0,1,0.14880402
67147,MH-002_2025_R097_C170,MH-002,Gadchiroli,2025,97,170,19.599128,80.378781,MH-002_C14,test,cnn_test,0,0,1,0.7769971
67148,MH-002_2025_R097_C171,MH-002,Gadchiroli,2025,97,171,19.599128,80.379051,MH-002_C14,test,cnn_test,0,0,1,0.8436938
67149,MH-002_2025_R097_C172,MH-002,Gadchiroli,2025,97,172,19.599128,80.37932,MH-002_C15,test,cnn_test,0,0,1,0.6090588
67150,MH-002_2025_R097_C173,MH-002,Gadchiroli,2025,97,173,19.599128,80.37959,MH-002_C15,test,cnn_test,0,0,1,0.73530734
67151,MH-002_2025_R097_C174,MH-002,Gadchiroli,2025,97,174,19.599128,80.379859,MH-002_C15,test,cnn_test,0,0,1,0.8617778
67152,MH-002_2025_R097_C175,MH-002,Gadchiroli,2025,97,175,19.599128,80.380129,MH-002_C15,test,cnn_test,0,0,1,0.5612012
67153,MH-002_2025_R097_C176,MH-002,Gadchiroli,2025,97,176,19.599128,80.380398,MH-002_C15,test,cnn_test,0,0,1,0.9603293
67218,MH-002_2025_R098_C164,MH-002,Gadchiroli,2025,98,164,19.598859,80.377164,MH-002_C14,test,cnn_test,0,0,1,0.85289156
67219,MH-002_2025_R098_C165,MH-002,Gadchiroli,2025,98,165,19.598859,80.377434,MH-002_C14,test,cnn_test,0,0,1,0.26421583
67220,MH-002_2025_R098_C166,MH-002,Gadchiroli,2025,98,166,19.598859,80.377703,MH-002_C14,test,cnn_test,2,1,1,0.2610739
67221,MH-002_2025_R098_C167,MH-002,Gadchiroli,2025,98,167,19.598859,80.377973,MH-002_C14,test,cnn_test,1,0,1,0.14439312
67222,MH-002_2025_R098_C168,MH-002,Gadchiroli,2025,98,168,19.598859,80.378242,MH-002_C14,test,cnn_test,1,0,1,0.26753286
67223,MH-002_2025_R098_C169,MH-002,Gadchiroli,2025,98,169,19.598859,80.378512,MH-002_C14,test,cnn_test,0,0,1,0.8436889
67224,MH-002_2025_R098_C170,MH-002,Gadchiroli,2025,98,170,19.598859,80.378781,MH-002_C14,test,cnn_test,1,0,1,0.9232414
67225,MH-002_2025_R098_C171,MH-002,Gadchiroli,2025,98,171,19.598859,80.379051,MH-002_C14,test,cnn_test,0,0,1,0.94411135
67226,MH-002_2025_R098_C172,MH-002,Gadchiroli,2025,98,172,19.598859,80.37932,MH-002_C15,test,cnn_test,0,0,1,0.900927
67227,MH-002_2025_R098_C173,MH-002,Gadchiroli,2025,98,173,19.598859,80.37959,MH-002_C15,test,cnn_test,0,0,1,0.92150736
67228,MH-002_2025_R098_C174,MH-002,Gadchiroli,2025,98,174,19.598859,80.379859,MH-002_C15,test,cnn_test,0,0,1,0.9544027
67229,MH-002_2025_R098_C175,MH-002,Gadchiroli,2025,98,175,19.598859,80.380129,MH-002_C15,test,cnn_test,0,0,1,0.9127958
67230,MH-002_2025_R098_C176,MH-002,Gadchiroli,2025,98,176,19.598859,80.380398,MH-002_C15,test,cnn_test,0,0,1,0.9753533
67296,MH-002_2025_R099_C161,MH-002,Gadchiroli,2025,99,161,19.598589,80.376356,MH-002_C14,test,cnn_test,1,0,0,0.012618091
67297,MH-002_2025_R099_C162,MH-002,Gadchiroli,2025,99,162,19.598589,80.376625,MH-002_C14,test,cnn_test,1,0,1,0.11577024
67298,MH-002_2025_R099_C165,MH-002,Gadchiroli,2025,99,165,19.598589,80.377434,MH-002_C14,test,cnn_test,1,0,1,0.1516016
67299,MH-002_2025_R099_C166,MH-002,Gadchiroli,2025,99,166,19.598589,80.377703,MH-002_C14,test,cnn_test,2,1,1,0.6403323
67300,MH-002_2025_R099_C167,MH-002,Gadchiroli,2025,99,167,19.598589,80.377973,MH-002_C14,test,cnn_test,2,1,1,0.18175523
67301,MH-002_2025_R099_C168,MH-002,Gadchiroli,2025,99,168,19.598589,80.378242,MH-002_C14,test,cnn_test,2,1,1,0.2908595
67302,MH-002_2025_R099_C169,MH-002,Gadchiroli,2025,99,169,19.598589,80.378512,MH-002_C14,test,cnn_test,0,0,1,0.39460492
67303,MH-002_2025_R099_C170,MH-002,Gadchiroli,2025,99,170,19.598589,80.378781,MH-002_C14,test,cnn_test,0,0,1,0.8949563
67304,MH-002_2025_R099_C171,MH-002,Gadchiroli,2025,99,171,19.598589,80.379051,MH-002_C14,test,cnn_test,0,0,1,0.9410689
67305,MH-002_2025_R099_C172,MH-002,Gadchiroli,2025,99,172,19.598589,80.37932,MH-002_C15,test,cnn_test,0,0,1,0.6674602
67306,MH-002_2025_R099_C173,MH-002,Gadchiroli,2025,99,173,19.598589,80.37959,MH-002_C15,test,cnn_test,0,0,1,0.8443605
67307,MH-002_2025_R099_C174,MH-002,Gadchiroli,2025,99,174,19.598589,80.379859,MH-002_C15,test,cnn_test,0,0,1,0.93647856
67308,MH-002_2025_R099_C175,MH-002,Gadchiroli,2025,99,175,19.598589,80.380129,MH-002_C15,test,cnn_test,0,0,1,0.87837285
67309,MH-002_2025_R099_C176,MH-002,Gadchiroli,2025,99,176,19.598589,80.380398,MH-002_C15,test,cnn_test,0,0,1,0.95493746
67373,MH-002_2025_R100_C161,MH-002,Gadchiroli,2025,100,161,19.59832,80.376356,MH-002_C14,test,cnn_test,0,0,0,0.09845923
67374,MH-002_2025_R100_C162,MH-002,Gadchiroli,2025,100,162,19.59832,80.376625,MH-002_C14,test,cnn_test,1,0,1,0.34916744
67375,MH-002_2025_R100_C163,MH-002,Gadchiroli,2025,100,163,19.59832,80.376895,MH-002_C14,test,cnn_test,1,0,1,0.43416068
67376,MH-002_2025_R100_C164,MH-002,Gadchiroli,2025,100,164,19.59832,80.377164,MH-002_C14,test,cnn_test,1,0,1,0.9357821
67377,MH-002_2025_R100_C165,MH-002,Gadchiroli,2025,100,165,19.59832,80.377434,MH-002_C14,test,cnn_test,1,0,1,0.72482705
67378,MH-002_2025_R100_C166,MH-002,Gadchiroli,2025,100,166,19.59832,80.377703,MH-002_C14,test,cnn_test,2,1,1,0.6514543
67379,MH-002_2025_R100_C167,MH-002,Gadchiroli,2025,100,167,19.59832,80.377973,MH-002_C14,test,cnn_test,2,1,1,0.3627084
67380,MH-002_2025_R100_C168,MH-002,Gadchiroli,2025,100,168,19.59832,80.378242,MH-002_C14,test,cnn_test,2,1,1,0.7630122
67381,MH-002_2025_R100_C169,MH-002,Gadchiroli,2025,100,169,19.59832,80.378512,MH-002_C14,test,cnn_test,1,0,1,0.86277324
67382,MH-002_2025_R100_C170,MH-002,Gadchiroli,2025,100,170,19.59832,80.378781,MH-002_C14,test,cnn_test,0,0,1,0.8534439
67383,MH-002_2025_R100_C171,MH-002,Gadchiroli,2025,100,171,19.59832,80.379051,MH-002_C14,test,cnn_test,0,0,1,0.8896336
67384,MH-002_2025_R100_C172,MH-002,Gadchiroli,2025,100,172,19.59832,80.37932,MH-002_C15,test,cnn_test,0,0,1,0.6955204
67385,MH-002_2025_R100_C173,MH-002,Gadchiroli,2025,100,173,19.59832,80.37959,MH-002_C15,test,cnn_test,0,0,1,0.8261155
67386,MH-002_2025_R100_C174,MH-002,Gadchiroli,2025,100,174,19.59832,80.379859,MH-002_C15,test,cnn_test,0,0,1,0.8839423
67387,MH-002_2025_R100_C175,MH-002,Gadchiroli,2025,100,175,19.59832,80.380129,MH-002_C15,test,cnn_test,0,0,1,0.87365234
67388,MH-002_2025_R100_C176,MH-002,Gadchiroli,2025,100,176,19.59832,80.380398,MH-002_C15,test,cnn_test,0,0,1,0.8939886
67449,MH-002_2025_R101_C161,MH-002,Gadchiroli,2025,101,161,19.59805,80.376356,MH-002_C14,test,cnn_test,0,0,0,0.007504839
67450,MH-002_2025_R101_C162,MH-002,Gadchiroli,2025,101,162,19.59805,80.376625,MH-002_C14,test,cnn_test,0,0,0,0.052935638
67451,MH-002_2025_R101_C163,MH-002,Gadchiroli,2025,101,163,19.59805,80.376895,MH-002_C14,test,cnn_test,1,0,0,0.015400969
67452,MH-002_2025_R101_C164,MH-002,Gadchiroli,2025,101,164,19.59805,80.377164,MH-002_C14,test,cnn_test,2,1,1,0.71410114
67453,MH-002_2025_R101_C165,MH-002,Gadchiroli,2025,101,165,19.59805,80.377434,MH-002_C14,test,cnn_test,2,1,1,0.28616053
67454,MH-002_2025_R101_C166,MH-002,Gadchiroli,2025,101,166,19.59805,80.377703,MH-002_C14,test,cnn_test,2,1,1,0.7857621
67455,MH-002_2025_R101_C167,MH-002,Gadchiroli,2025,101,167,19.59805,80.377973,MH-002_C14,test,cnn_test,1,0,1,0.3087253
67456,MH-002_2025_R101_C168,MH-002,Gadchiroli,2025,101,168,19.59805,80.378242,MH-002_C14,test,cnn_test,0,0,1,0.47760788
67457,MH-002_2025_R101_C169,MH-002,Gadchiroli,2025,101,169,19.59805,80.378512,MH-002_C14,test,cnn_test,1,0,1,0.1779607
67458,MH-002_2025_R101_C170,MH-002,Gadchiroli,2025,101,170,19.59805,80.378781,MH-002_C14,test,cnn_test,1,0,1,0.20957592
67459,MH-002_2025_R101_C171,MH-002,Gadchiroli,2025,101,171,19.59805,80.379051,MH-002_C14,test,cnn_test,1,0,1,0.26698768
67460,MH-002_2025_R101_C172,MH-002,Gadchiroli,2025,101,172,19.59805,80.37932,MH-002_C15,test,cnn_test,0,0,0,0.051326256
67461,MH-002_2025_R101_C173,MH-002,Gadchiroli,2025,101,173,19.59805,80.37959,MH-002_C15,test,cnn_test,0,0,1,0.10117432
67462,MH-002_2025_R101_C174,MH-002,Gadchiroli,2025,101,174,19.59805,80.379859,MH-002_C15,test,cnn_test,0,0,1,0.24561687
67463,MH-002_2025_R101_C175,MH-002,Gadchiroli,2025,101,175,19.59805,80.380129,MH-002_C15,test,cnn_test,0,0,1,0.14013496
67464,MH-002_2025_R101_C176,MH-002,Gadchiroli,2025,101,176,19.59805,80.380398,MH-002_C15,test,cnn_test,0,0,1,0.7142941
67522,MH-002_2025_R102_C161,MH-002,Gadchiroli,2025,102,161,19.597781,80.376356,MH-002_C14,test,cnn_test,0,0,1,0.26900405
67523,MH-002_2025_R102_C162,MH-002,Gadchiroli,2025,102,162,19.597781,80.376625,MH-002_C14,test,cnn_test,0,0,1,0.39940616
67524,MH-002_2025_R102_C163,MH-002,Gadchiroli,2025,102,163,19.597781,80.376895,MH-002_C14,test,cnn_test,2,1,0,0.08390142
67525,MH-002_2025_R102_C164,MH-002,Gadchiroli,2025,102,164,19.597781,80.377164,MH-002_C14,test,cnn_test,2,1,1,0.85204333
67526,MH-002_2025_R102_C165,MH-002,Gadchiroli,2025,102,165,19.597781,80.377434,MH-002_C14,test,cnn_test,2,1,1,0.39319232
67527,MH-002_2025_R102_C166,MH-002,Gadchiroli,2025,102,166,19.597781,80.377703,MH-002_C14,test,cnn_test,1,0,1,0.25036246
67528,MH-002_2025_R102_C167,MH-002,Gadchiroli,2025,102,167,19.597781,80.377973,MH-002_C14,test,cnn_test,1,0,0,0.057451017
67529,MH-002_2025_R102_C168,MH-002,Gadchiroli,2025,102,168,19.597781,80.378242,MH-002_C14,test,cnn_test,1,0,1,0.19887505
67530,MH-002_2025_R102_C169,MH-002,Gadchiroli,2025,102,169,19.597781,80.378512,MH-002_C14,test,cnn_test,2,1,0,0.031231735
67531,MH-002_2025_R102_C170,MH-002,Gadchiroli,2025,102,170,19.597781,80.378781,MH-002_C14,test,cnn_test,2,1,0,0.008916772
67532,MH-002_2025_R102_C171,MH-002,Gadchiroli,2025,102,171,19.597781,80.379051,MH-002_C14,test,cnn_test,2,1,0,0.011056493
67533,MH-002_2025_R102_C172,MH-002,Gadchiroli,2025,102,172,19.597781,80.37932,MH-002_C15,test,cnn_test,0,0,0,0.014280544
67534,MH-002_2025_R102_C173,MH-002,Gadchiroli,2025,102,173,19.597781,80.37959,MH-002_C15,test,cnn_test,0,0,0,0.025452182
67535,MH-002_2025_R102_C174,MH-002,Gadchiroli,2025,102,174,19.597781,80.379859,MH-002_C15,test,cnn_test,0,0,0,0.056108568
67536,MH-002_2025_R102_C175,MH-002,Gadchiroli,2025,102,175,19.597781,80.380129,MH-002_C15,test,cnn_test,0,0,0,0.078355506
67537,MH-002_2025_R102_C176,MH-002,Gadchiroli,2025,102,176,19.597781,80.380398,MH-002_C15,test,cnn_test,0,0,1,0.19516478
67591,MH-002_2025_R103_C161,MH-002,Gadchiroli,2025,103,161,19.597511,80.376356,MH-002_C14,test,cnn_test,0,0,0,0.057872444
67592,MH-002_2025_R103_C162,MH-002,Gadchiroli,2025,103,162,19.597511,80.376625,MH-002_C14,test,cnn_test,0,0,0,0.048262425
67593,MH-002_2025_R103_C163,MH-002,Gadchiroli,2025,103,163,19.597511,80.376895,MH-002_C14,test,cnn_test,1,0,0,0.014190079
67594,MH-002_2025_R103_C164,MH-002,Gadchiroli,2025,103,164,19.597511,80.377164,MH-002_C14,test,cnn_test,2,1,1,0.6706543
67595,MH-002_2025_R103_C165,MH-002,Gadchiroli,2025,103,165,19.597511,80.377434,MH-002_C14,test,cnn_test,1,0,1,0.24800265
67596,MH-002_2025_R103_C166,MH-002,Gadchiroli,2025,103,166,19.597511,80.377703,MH-002_C14,test,cnn_test,1,0,1,0.5369881
67597,MH-002_2025_R103_C167,MH-002,Gadchiroli,2025,103,167,19.597511,80.377973,MH-002_C14,test,cnn_test,0,0,0,0.09080995
67598,MH-002_2025_R103_C168,MH-002,Gadchiroli,2025,103,168,19.597511,80.378242,MH-002_C14,test,cnn_test,1,0,1,0.19364373
67599,MH-002_2025_R103_C169,MH-002,Gadchiroli,2025,103,169,19.597511,80.378512,MH-002_C14,test,cnn_test,2,1,0,0.030442461
67600,MH-002_2025_R103_C170,MH-002,Gadchiroli,2025,103,170,19.597511,80.378781,MH-002_C14,test,cnn_test,2,1,0,0.002608709
67601,MH-002_2025_R103_C171,MH-002,Gadchiroli,2025,103,171,19.597511,80.379051,MH-002_C14,test,cnn_test,0,0,0,0.0015384767
67602,MH-002_2025_R103_C172,MH-002,Gadchiroli,2025,103,172,19.597511,80.37932,MH-002_C15,test,cnn_test,0,0,0,0.0008470854
67603,MH-002_2025_R103_C173,MH-002,Gadchiroli,2025,103,173,19.597511,80.37959,MH-002_C15,test,cnn_test,0,0,0,0.004857643
67604,MH-002_2025_R103_C174,MH-002,Gadchiroli,2025,103,174,19.597511,80.379859,MH-002_C15,test,cnn_test,0,0,0,0.0054268944
67605,MH-002_2025_R103_C175,MH-002,Gadchiroli,2025,103,175,19.597511,80.380129,MH-002_C15,test,cnn_test,0,0,0,0.0039473353
67606,MH-002_2025_R103_C176,MH-002,Gadchiroli,2025,103,176,19.597511,80.380398,MH-002_C15,test,cnn_test,0,0,0,0.0116641475
67662,MH-002_2025_R104_C161,MH-002,Gadchiroli,2025,104,161,19.597242,80.376356,MH-002_C14,test,cnn_test,1,0,1,0.31161287
67663,MH-002_2025_R104_C162,MH-002,Gadchiroli,2025,104,162,19.597242,80.376625,MH-002_C14,test,cnn_test,0,0,1,0.50523937
67664,MH-002_2025_R104_C163,MH-002,Gadchiroli,2025,104,163,19.597242,80.376895,MH-002_C14,test,cnn_test,0,0,1,0.47531608
67665,MH-002_2025_R104_C164,MH-002,Gadchiroli,2025,104,164,19.597242,80.377164,MH-002_C14,test,cnn_test,2,1,1,0.853819
67666,MH-002_2025_R104_C165,MH-002,Gadchiroli,2025,104,165,19.597242,80.377434,MH-002_C14,test,cnn_test,2,1,1,0.7121989
67667,MH-002_2025_R104_C166,MH-002,Gadchiroli,2025,104,166,19.597242,80.377703,MH-002_C14,test,cnn_test,1,0,1,0.7713269
67668,MH-002_2025_R104_C167,MH-002,Gadchiroli,2025,104,167,19.597242,80.377973,MH-002_C14,test,cnn_test,1,0,1,0.33931282
67669,MH-002_2025_R104_C168,MH-002,Gadchiroli,2025,104,168,19.597242,80.378242,MH-002_C14,test,cnn_test,0,0,1,0.23582132
67670,MH-002_2025_R104_C169,MH-002,Gadchiroli,2025,104,169,19.597242,80.378512,MH-002_C14,test,cnn_test,0,0,0,0.023905559
67671,MH-002_2025_R104_C170,MH-002,Gadchiroli,2025,104,170,19.597242,80.378781,MH-002_C14,test,cnn_test,1,0,0,0.003538249
67672,MH-002_2025_R104_C171,MH-002,Gadchiroli,2025,104,171,19.597242,80.379051,MH-002_C14,test,cnn_test,0,0,0,0.013851456
67673,MH-002_2025_R104_C172,MH-002,Gadchiroli,2025,104,172,19.597242,80.37932,MH-002_C15,test,cnn_test,0,0,0,0.0026343
67674,MH-002_2025_R104_C173,MH-002,Gadchiroli,2025,104,173,19.597242,80.37959,MH-002_C15,test,cnn_test,0,0,0,0.0027709077
67675,MH-002_2025_R104_C174,MH-002,Gadchiroli,2025,104,174,19.597242,80.379859,MH-002_C15,test,cnn_test,0,0,0,0.0023478356
67676,MH-002_2025_R104_C175,MH-002,Gadchiroli,2025,104,175,19.597242,80.380129,MH-002_C15,test,cnn_test,0,0,0,0.0038470384
67677,MH-002_2025_R104_C176,MH-002,Gadchiroli,2025,104,176,19.597242,80.380398,MH-002_C15,test,cnn_test,0,0,0,0.0055722655
67737,MH-002_2025_R105_C161,MH-002,Gadchiroli,2025,105,161,19.596973,80.376356,MH-002_C14,test,cnn_test,0,0,1,0.22700165
67738,MH-002_2025_R105_C162,MH-002,Gadchiroli,2025,105,162,19.596973,80.376625,MH-002_C14,test,cnn_test,1,0,1,0.55346006
67739,MH-002_2025_R105_C163,MH-002,Gadchiroli,2025,105,163,19.596973,80.376895,MH-002_C14,test,cnn_test,0,0,1,0.28012964
67740,MH-002_2025_R105_C164,MH-002,Gadchiroli,2025,105,164,19.596973,80.377164,MH-002_C14,test,cnn_test,2,1,1,0.6141454
67741,MH-002_2025_R105_C165,MH-002,Gadchiroli,2025,105,165,19.596973,80.377434,MH-002_C14,test,cnn_test,2,1,1,0.35042298
67742,MH-002_2025_R105_C166,MH-002,Gadchiroli,2025,105,166,19.596973,80.377703,MH-002_C14,test,cnn_test,0,0,1,0.55890656
67743,MH-002_2025_R105_C167,MH-002,Gadchiroli,2025,105,167,19.596973,80.377973,MH-002_C14,test,cnn_test,0,0,1,0.11764154
67744,MH-002_2025_R105_C168,MH-002,Gadchiroli,2025,105,168,19.596973,80.378242,MH-002_C14,test,cnn_test,0,0,0,0.060306493
67745,MH-002_2025_R105_C169,MH-002,Gadchiroli,2025,105,169,19.596973,80.378512,MH-002_C14,test,cnn_test,0,0,0,0.015413115
67746,MH-002_2025_R105_C170,MH-002,Gadchiroli,2025,105,170,19.596973,80.378781,MH-002_C14,test,cnn_test,0,0,0,0.0016143357
67747,MH-002_2025_R105_C171,MH-002,Gadchiroli,2025,105,171,19.596973,80.379051,MH-002_C14,test,cnn_test,0,0,0,0.002512694
67748,MH-002_2025_R105_C172,MH-002,Gadchiroli,2025,105,172,19.596973,80.37932,MH-002_C15,test,cnn_test,0,0,0,0.00061899005
67749,MH-002_2025_R105_C173,MH-002,Gadchiroli,2025,105,173,19.596973,80.37959,MH-002_C15,test,cnn_test,0,0,0,0.00038313982
67750,MH-002_2025_R105_C174,MH-002,Gadchiroli,2025,105,174,19.596973,80.379859,MH-002_C15,test,cnn_test,0,0,0,0.00040177107
67751,MH-002_2025_R105_C175,MH-002,Gadchiroli,2025,105,175,19.596973,80.380129,MH-002_C15,test,cnn_test,0,0,0,0.00016127386
67752,MH-002_2025_R105_C176,MH-002,Gadchiroli,2025,105,176,19.596973,80.380398,MH-002_C15,test,cnn_test,0,0,0,0.001002596
67817,MH-002_2025_R106_C161,MH-002,Gadchiroli,2025,106,161,19.596703,80.376356,MH-002_C14,test,cnn_test,0,0,1,0.64076495
67818,MH-002_2025_R106_C162,MH-002,Gadchiroli,2025,106,162,19.596703,80.376625,MH-002_C14,test,cnn_test,1,0,1,0.7163634
67819,MH-002_2025_R106_C163,MH-002,Gadchiroli,2025,106,163,19.596703,80.376895,MH-002_C14,test,cnn_test,0,0,1,0.51325685
67820,MH-002_2025_R106_C164,MH-002,Gadchiroli,2025,106,164,19.596703,80.377164,MH-002_C14,test,cnn_test,0,0,1,0.7512204
67821,MH-002_2025_R106_C165,MH-002,Gadchiroli,2025,106,165,19.596703,80.377434,MH-002_C14,test,cnn_test,2,1,1,0.77810246
67822,MH-002_2025_R106_C166,MH-002,Gadchiroli,2025,106,166,19.596703,80.377703,MH-002_C14,test,cnn_test,1,0,1,0.83979106
67823,MH-002_2025_R106_C167,MH-002,Gadchiroli,2025,106,167,19.596703,80.377973,MH-002_C14,test,cnn_test,1,0,1,0.13339794
67824,MH-002_2025_R106_C168,MH-002,Gadchiroli,2025,106,168,19.596703,80.378242,MH-002_C14,test,cnn_test,1,0,0,0.061452195
67825,MH-002_2025_R106_C169,MH-002,Gadchiroli,2025,106,169,19.596703,80.378512,MH-002_C14,test,cnn_test,0,0,0,0.010964049
67826,MH-002_2025_R106_C170,MH-002,Gadchiroli,2025,106,170,19.596703,80.378781,MH-002_C14,test,cnn_test,0,0,0,0.0020149231
67827,MH-002_2025_R106_C171,MH-002,Gadchiroli,2025,106,171,19.596703,80.379051,MH-002_C14,test,cnn_test,0,0,0,0.009357972
67828,MH-002_2025_R106_C172,MH-002,Gadchiroli,2025,106,172,19.596703,80.37932,MH-002_C15,test,cnn_test,0,0,0,0.0024671508
67829,MH-002_2025_R106_C173,MH-002,Gadchiroli,2025,106,173,19.596703,80.37959,MH-002_C15,test,cnn_test,0,0,0,0.000405527
67830,MH-002_2025_R106_C174,MH-002,Gadchiroli,2025,106,174,19.596703,80.379859,MH-002_C15,test,cnn_test,0,0,0,0.00015795202
67831,MH-002_2025_R106_C175,MH-002,Gadchiroli,2025,106,175,19.596703,80.380129,MH-002_C15,test,cnn_test,0,0,0,0.00019496142
67832,MH-002_2025_R106_C176,MH-002,Gadchiroli,2025,106,176,19.596703,80.380398,MH-002_C15,test,cnn_test,0,0,0,0.00037905795
67897,MH-002_2025_R107_C161,MH-002,Gadchiroli,2025,107,161,19.596434,80.376356,MH-002_C14,test,cnn_test,2,1,1,0.536002
67898,MH-002_2025_R107_C162,MH-002,Gadchiroli,2025,107,162,19.596434,80.376625,MH-002_C14,test,cnn_test,2,1,1,0.6600763
67899,MH-002_2025_R107_C163,MH-002,Gadchiroli,2025,107,163,19.596434,80.376895,MH-002_C14,test,cnn_test,2,1,1,0.48297387
67900,MH-002_2025_R107_C164,MH-002,Gadchiroli,2025,107,164,19.596434,80.377164,MH-002_C14,test,cnn_test,1,0,1,0.57580453
67901,MH-002_2025_R107_C165,MH-002,Gadchiroli,2025,107,165,19.596434,80.377434,MH-002_C14,test,cnn_test,0,0,1,0.7042401
67902,MH-002_2025_R107_C166,MH-002,Gadchiroli,2025,107,166,19.596434,80.377703,MH-002_C14,test,cnn_test,0,0,1,0.844388
67903,MH-002_2025_R107_C167,MH-002,Gadchiroli,2025,107,167,19.596434,80.377973,MH-002_C14,test,cnn_test,1,0,1,0.37066668
67904,MH-002_2025_R107_C168,MH-002,Gadchiroli,2025,107,168,19.596434,80.378242,MH-002_C14,test,cnn_test,1,0,0,0.03490475
67905,MH-002_2025_R107_C169,MH-002,Gadchiroli,2025,107,169,19.596434,80.378512,MH-002_C14,test,cnn_test,0,0,0,0.012858911
67906,MH-002_2025_R107_C170,MH-002,Gadchiroli,2025,107,170,19.596434,80.378781,MH-002_C14,test,cnn_test,0,0,0,0.00029695735
67907,MH-002_2025_R107_C171,MH-002,Gadchiroli,2025,107,171,19.596434,80.379051,MH-002_C14,test,cnn_test,0,0,0,0.0013062081
67908,MH-002_2025_R107_C172,MH-002,Gadchiroli,2025,107,172,19.596434,80.37932,MH-002_C15,test,cnn_test,0,0,0,0.000622991
67909,MH-002_2025_R107_C173,MH-002,Gadchiroli,2025,107,173,19.596434,80.37959,MH-002_C15,test,cnn_test,0,0,0,0.00028082664
67910,MH-002_2025_R107_C174,MH-002,Gadchiroli,2025,107,174,19.596434,80.379859,MH-002_C15,test,cnn_test,0,0,0,0.000133226
67911,MH-002_2025_R107_C175,MH-002,Gadchiroli,2025,107,175,19.596434,80.380129,MH-002_C15,test,cnn_test,0,0,0,0.00010274448
67912,MH-002_2025_R107_C176,MH-002,Gadchiroli,2025,107,176,19.596434,80.380398,MH-002_C15,test,cnn_test,0,0,0,0.00025733255
67972,MH-002_2025_R108_C161,MH-002,Gadchiroli,2025,108,161,19.596164,80.376356,MH-002_C14,test,cnn_test,2,1,1,0.75567454
67973,MH-002_2025_R108_C162,MH-002,Gadchiroli,2025,108,162,19.596164,80.376625,MH-002_C14,test,cnn_test,2,1,1,0.73040426
67974,MH-002_2025_R108_C163,MH-002,Gadchiroli,2025,108,163,19.596164,80.376895,MH-002_C14,test,cnn_test,1,0,1,0.731211
67975,MH-002_2025_R108_C164,MH-002,Gadchiroli,2025,108,164,19.596164,80.377164,MH-002_C14,test,cnn_test,1,0,1,0.758597
67976,MH-002_2025_R108_C165,MH-002,Gadchiroli,2025,108,165,19.596164,80.377434,MH-002_C14,test,cnn_test,2,1,1,0.7442116
67977,MH-002_2025_R108_C166,MH-002,Gadchiroli,2025,108,166,19.596164,80.377703,MH-002_C14,test,cnn_test,2,1,1,0.8462444
67978,MH-002_2025_R108_C167,MH-002,Gadchiroli,2025,108,167,19.596164,80.377973,MH-002_C14,test,cnn_test,1,0,1,0.32411134
67979,MH-002_2025_R108_C168,MH-002,Gadchiroli,2025,108,168,19.596164,80.378242,MH-002_C14,test,cnn_test,0,0,0,0.08514319
67980,MH-002_2025_R108_C169,MH-002,Gadchiroli,2025,108,169,19.596164,80.378512,MH-002_C14,test,cnn_test,0,0,0,0.0055603036
67981,MH-002_2025_R108_C170,MH-002,Gadchiroli,2025,108,170,19.596164,80.378781,MH-002_C14,test,cnn_test,0,0,0,0.0007511886
67982,MH-002_2025_R108_C171,MH-002,Gadchiroli,2025,108,171,19.596164,80.379051,MH-002_C14,test,cnn_test,0,0,0,0.007014176
67983,MH-002_2025_R108_C172,MH-002,Gadchiroli,2025,108,172,19.596164,80.37932,MH-002_C15,test,cnn_test,0,0,0,0.0061199614
67984,MH-002_2025_R108_C173,MH-002,Gadchiroli,2025,108,173,19.596164,80.37959,MH-002_C15,test,cnn_test,0,0,0,0.0010372343
67985,MH-002_2025_R108_C174,MH-002,Gadchiroli,2025,108,174,19.596164,80.379859,MH-002_C15,test,cnn_test,0,0,0,0.0003735865
67986,MH-002_2025_R108_C175,MH-002,Gadchiroli,2025,108,175,19.596164,80.380129,MH-002_C15,test,cnn_test,0,0,0,0.00036103185
67987,MH-002_2025_R108_C176,MH-002,Gadchiroli,2025,108,176,19.596164,80.380398,MH-002_C15,test,cnn_test,0,0,0,0.0003506568
71402,MH-003_2021_R128_C225,MH-003,Bhivpuri PSP,2021,128,225,18.915151,73.503166,MH-003_C15,test,cnn_test,0,0,1,0.2118411
71403,MH-003_2021_R129_C203,MH-003,Bhivpuri PSP,2021,129,203,18.914882,73.497237,MH-003_C14,test,cnn_test,0,0,0,0.042417035
71404,MH-003_2021_R129_C204,MH-003,Bhivpuri PSP,2021,129,204,18.914882,73.497507,MH-003_C14,test,cnn_test,0,0,0,0.050616674
71405,MH-003_2021_R129_C205,MH-003,Bhivpuri PSP,2021,129,205,18.914882,73.497776,MH-003_C14,test,cnn_test,0,0,0,0.0074635646
71406,MH-003_2021_R129_C206,MH-003,Bhivpuri PSP,2021,129,206,18.914882,73.498046,MH-003_C14,test,cnn_test,0,0,0,0.017329132
71407,MH-003_2021_R129_C224,MH-003,Bhivpuri PSP,2021,129,224,18.914882,73.502896,MH-003_C15,test,cnn_test,0,0,0,0.05897492
71408,MH-003_2021_R129_C225,MH-003,Bhivpuri PSP,2021,129,225,18.914882,73.503166,MH-003_C15,test,cnn_test,0,0,1,0.26583096
71409,MH-003_2021_R130_C203,MH-003,Bhivpuri PSP,2021,130,203,18.914612,73.497237,MH-003_C14,test,cnn_test,0,0,1,0.13037817
71410,MH-003_2021_R130_C204,MH-003,Bhivpuri PSP,2021,130,204,18.914612,73.497507,MH-003_C14,test,cnn_test,0,0,0,0.08976358
71411,MH-003_2021_R130_C205,MH-003,Bhivpuri PSP,2021,130,205,18.914612,73.497776,MH-003_C14,test,cnn_test,0,0,0,0.0239715
71412,MH-003_2021_R130_C206,MH-003,Bhivpuri PSP,2021,130,206,18.914612,73.498046,MH-003_C14,test,cnn_test,0,0,0,0.015706591
71413,MH-003_2021_R130_C207,MH-003,Bhivpuri PSP,2021,130,207,18.914612,73.498315,MH-003_C14,test,cnn_test,0,0,0,0.008820705
71414,MH-003_2021_R130_C208,MH-003,Bhivpuri PSP,2021,130,208,18.914612,73.498584,MH-003_C14,test,cnn_test,0,0,0,0.00357808
71415,MH-003_2021_R130_C215,MH-003,Bhivpuri PSP,2021,130,215,18.914612,73.500471,MH-003_C14,test,cnn_test,0,0,0,0.053271003
71416,MH-003_2021_R130_C216,MH-003,Bhivpuri PSP,2021,130,216,18.914612,73.50074,MH-003_C14,test,cnn_test,0,0,0,0.02918633
71417,MH-003_2021_R130_C217,MH-003,Bhivpuri PSP,2021,130,217,18.914612,73.50101,MH-003_C14,test,cnn_test,1,0,0,0.007374952
71418,MH-003_2021_R130_C218,MH-003,Bhivpuri PSP,2021,130,218,18.914612,73.501279,MH-003_C15,test,cnn_test,1,0,0,0.009790494
71419,MH-003_2021_R130_C224,MH-003,Bhivpuri PSP,2021,130,224,18.914612,73.502896,MH-003_C15,test,cnn_test,0,0,0,0.02208132
71420,MH-003_2021_R130_C225,MH-003,Bhivpuri PSP,2021,130,225,18.914612,73.503166,MH-003_C15,test,cnn_test,0,0,0,0.096672975
71421,MH-003_2021_R131_C203,MH-003,Bhivpuri PSP,2021,131,203,18.914343,73.497237,MH-003_C14,test,cnn_test,0,0,1,0.12638919
71422,MH-003_2021_R131_C204,MH-003,Bhivpuri PSP,2021,131,204,18.914343,73.497507,MH-003_C14,test,cnn_test,0,0,1,0.31226307
71423,MH-003_2021_R131_C205,MH-003,Bhivpuri PSP,2021,131,205,18.914343,73.497776,MH-003_C14,test,cnn_test,0,0,0,0.0698306
71424,MH-003_2021_R131_C207,MH-003,Bhivpuri PSP,2021,131,207,18.914343,73.498315,MH-003_C14,test,cnn_test,0,0,0,0.015720293
71425,MH-003_2021_R131_C208,MH-003,Bhivpuri PSP,2021,131,208,18.914343,73.498584,MH-003_C14,test,cnn_test,0,0,0,0.010114921
71426,MH-003_2021_R131_C209,MH-003,Bhivpuri PSP,2021,131,209,18.914343,73.498854,MH-003_C14,test,cnn_test,0,0,0,0.04425896
71427,MH-003_2021_R131_C210,MH-003,Bhivpuri PSP,2021,131,210,18.914343,73.499123,MH-003_C14,test,cnn_test,0,0,1,0.17247207
71428,MH-003_2021_R131_C212,MH-003,Bhivpuri PSP,2021,131,212,18.914343,73.499662,MH-003_C14,test,cnn_test,1,0,1,0.20384067
71429,MH-003_2021_R131_C214,MH-003,Bhivpuri PSP,2021,131,214,18.914343,73.500201,MH-003_C14,test,cnn_test,0,0,1,0.4160151
71430,MH-003_2021_R131_C215,MH-003,Bhivpuri PSP,2021,131,215,18.914343,73.500471,MH-003_C14,test,cnn_test,0,0,0,0.097407505
71431,MH-003_2021_R131_C216,MH-003,Bhivpuri PSP,2021,131,216,18.914343,73.50074,MH-003_C14,test,cnn_test,0,0,0,0.018513666
71432,MH-003_2021_R131_C217,MH-003,Bhivpuri PSP,2021,131,217,18.914343,73.50101,MH-003_C14,test,cnn_test,1,0,0,0.0042381166
71433,MH-003_2021_R131_C218,MH-003,Bhivpuri PSP,2021,131,218,18.914343,73.501279,MH-003_C15,test,cnn_test,0,0,0,0.0059744627
71434,MH-003_2021_R131_C219,MH-003,Bhivpuri PSP,2021,131,219,18.914343,73.501549,MH-003_C15,test,cnn_test,0,0,0,0.0012170712
71435,MH-003_2021_R131_C220,MH-003,Bhivpuri PSP,2021,131,220,18.914343,73.501818,MH-003_C15,test,cnn_test,0,0,0,0.007036143
71436,MH-003_2021_R131_C221,MH-003,Bhivpuri PSP,2021,131,221,18.914343,73.502088,MH-003_C15,test,cnn_test,0,0,0,0.055660527
71437,MH-003_2021_R131_C222,MH-003,Bhivpuri PSP,2021,131,222,18.914343,73.502357,MH-003_C15,test,cnn_test,0,0,0,0.04058008
71438,MH-003_2021_R131_C223,MH-003,Bhivpuri PSP,2021,131,223,18.914343,73.502627,MH-003_C15,test,cnn_test,0,0,0,0.0045652557
71439,MH-003_2021_R131_C224,MH-003,Bhivpuri PSP,2021,131,224,18.914343,73.502896,MH-003_C15,test,cnn_test,0,0,0,0.0063177734
71440,MH-003_2021_R131_C225,MH-003,Bhivpuri PSP,2021,131,225,18.914343,73.503166,MH-003_C15,test,cnn_test,0,0,0,0.021039449
71441,MH-003_2021_R132_C210,MH-003,Bhivpuri PSP,2021,132,210,18.914073,73.499123,MH-003_C14,test,cnn_test,1,0,0,0.050999247
71442,MH-003_2021_R132_C211,MH-003,Bhivpuri PSP,2021,132,211,18.914073,73.499393,MH-003_C14,test,cnn_test,1,0,1,0.14417207
71443,MH-003_2021_R132_C212,MH-003,Bhivpuri PSP,2021,132,212,18.914073,73.499662,MH-003_C14,test,cnn_test,0,0,0,0.09013839
71444,MH-003_2021_R132_C214,MH-003,Bhivpuri PSP,2021,132,214,18.914073,73.500201,MH-003_C14,test,cnn_test,0,0,0,0.08133171
71445,MH-003_2021_R132_C215,MH-003,Bhivpuri PSP,2021,132,215,18.914073,73.500471,MH-003_C14,test,cnn_test,0,0,0,0.03466754
71446,MH-003_2021_R132_C216,MH-003,Bhivpuri PSP,2021,132,216,18.914073,73.50074,MH-003_C14,test,cnn_test,0,0,0,0.016035218
71447,MH-003_2021_R132_C217,MH-003,Bhivpuri PSP,2021,132,217,18.914073,73.50101,MH-003_C14,test,cnn_test,0,0,0,0.0073889596
71448,MH-003_2021_R132_C218,MH-003,Bhivpuri PSP,2021,132,218,18.914073,73.501279,MH-003_C15,test,cnn_test,0,0,0,0.010692048
71449,MH-003_2021_R132_C219,MH-003,Bhivpuri PSP,2021,132,219,18.914073,73.501549,MH-003_C15,test,cnn_test,0,0,0,0.002150861
71450,MH-003_2021_R132_C220,MH-003,Bhivpuri PSP,2021,132,220,18.914073,73.501818,MH-003_C15,test,cnn_test,0,0,0,0.016027832
71451,MH-003_2021_R132_C221,MH-003,Bhivpuri PSP,2021,132,221,18.914073,73.502088,MH-003_C15,test,cnn_test,0,0,1,0.11528836
71452,MH-003_2021_R132_C222,MH-003,Bhivpuri PSP,2021,132,222,18.914073,73.502357,MH-003_C15,test,cnn_test,0,0,0,0.092724554
71453,MH-003_2021_R132_C223,MH-003,Bhivpuri PSP,2021,132,223,18.914073,73.502627,MH-003_C15,test,cnn_test,0,0,0,0.011586113
71454,MH-003_2021_R132_C224,MH-003,Bhivpuri PSP,2021,132,224,18.914073,73.502896,MH-003_C15,test,cnn_test,0,0,0,0.018077295
71455,MH-003_2021_R133_C215,MH-003,Bhivpuri PSP,2021,133,215,18.913804,73.500471,MH-003_C14,test,cnn_test,0,0,0,0.045482635
71456,MH-003_2021_R133_C216,MH-003,Bhivpuri PSP,2021,133,216,18.913804,73.50074,MH-003_C14,test,cnn_test,0,0,0,0.022136275
71457,MH-003_2021_R133_C217,MH-003,Bhivpuri PSP,2021,133,217,18.913804,73.50101,MH-003_C14,test,cnn_test,0,0,0,0.022035183
71458,MH-003_2021_R133_C218,MH-003,Bhivpuri PSP,2021,133,218,18.913804,73.501279,MH-003_C15,test,cnn_test,0,0,0,0.04001919
71459,MH-003_2021_R133_C219,MH-003,Bhivpuri PSP,2021,133,219,18.913804,73.501549,MH-003_C15,test,cnn_test,0,0,0,0.014275968
71460,MH-003_2021_R133_C220,MH-003,Bhivpuri PSP,2021,133,220,18.913804,73.501818,MH-003_C15,test,cnn_test,0,0,0,0.07453119
71461,MH-003_2021_R133_C221,MH-003,Bhivpuri PSP,2021,133,221,18.913804,73.502088,MH-003_C15,test,cnn_test,0,0,1,0.28258777
71462,MH-003_2021_R133_C222,MH-003,Bhivpuri PSP,2021,133,222,18.913804,73.502357,MH-003_C15,test,cnn_test,0,0,1,0.2049479
71463,MH-003_2021_R133_C223,MH-003,Bhivpuri PSP,2021,133,223,18.913804,73.502627,MH-003_C15,test,cnn_test,0,0,0,0.030115256
71464,MH-003_2021_R133_C224,MH-003,Bhivpuri PSP,2021,133,224,18.913804,73.502896,MH-003_C15,test,cnn_test,0,0,0,0.09836792
71465,MH-003_2021_R134_C203,MH-003,Bhivpuri PSP,2021,134,203,18.913534,73.497237,MH-003_C14,test,cnn_test,0,0,0,0.015284528
71466,MH-003_2021_R134_C215,MH-003,Bhivpuri PSP,2021,134,215,18.913534,73.500471,MH-003_C14,test,cnn_test,0,0,0,0.021093946
71467,MH-003_2021_R134_C216,MH-003,Bhivpuri PSP,2021,134,216,18.913534,73.50074,MH-003_C14,test,cnn_test,0,0,0,0.01006373
71468,MH-003_2021_R134_C217,MH-003,Bhivpuri PSP,2021,134,217,18.913534,73.50101,MH-003_C14,test,cnn_test,0,0,0,0.02203736
71469,MH-003_2021_R134_C218,MH-003,Bhivpuri PSP,2021,134,218,18.913534,73.501279,MH-003_C15,test,cnn_test,0,0,0,0.056041252
71470,MH-003_2021_R134_C219,MH-003,Bhivpuri PSP,2021,134,219,18.913534,73.501549,MH-003_C15,test,cnn_test,0,0,0,0.03043902
71471,MH-003_2021_R134_C220,MH-003,Bhivpuri PSP,2021,134,220,18.913534,73.501818,MH-003_C15,test,cnn_test,0,0,1,0.10775141
71472,MH-003_2021_R134_C221,MH-003,Bhivpuri PSP,2021,134,221,18.913534,73.502088,MH-003_C15,test,cnn_test,0,0,1,0.2910967
71473,MH-003_2021_R134_C222,MH-003,Bhivpuri PSP,2021,134,222,18.913534,73.502357,MH-003_C15,test,cnn_test,0,0,1,0.4013585
71474,MH-003_2021_R134_C223,MH-003,Bhivpuri PSP,2021,134,223,18.913534,73.502627,MH-003_C15,test,cnn_test,0,0,0,0.062205132
71475,MH-003_2021_R134_C224,MH-003,Bhivpuri PSP,2021,134,224,18.913534,73.502896,MH-003_C15,test,cnn_test,0,0,0,0.087552756
71476,MH-003_2021_R134_C225,MH-003,Bhivpuri PSP,2021,134,225,18.913534,73.503166,MH-003_C15,test,cnn_test,0,0,1,0.7274213
71477,MH-003_2021_R135_C203,MH-003,Bhivpuri PSP,2021,135,203,18.913265,73.497237,MH-003_C14,test,cnn_test,0,0,0,0.0135062225
71478,MH-003_2021_R135_C215,MH-003,Bhivpuri PSP,2021,135,215,18.913265,73.500471,MH-003_C14,test,cnn_test,0,0,0,0.027146531
71479,MH-003_2021_R135_C216,MH-003,Bhivpuri PSP,2021,135,216,18.913265,73.50074,MH-003_C14,test,cnn_test,0,0,0,0.022160346
71480,MH-003_2021_R135_C217,MH-003,Bhivpuri PSP,2021,135,217,18.913265,73.50101,MH-003_C14,test,cnn_test,0,0,0,0.0201359
71481,MH-003_2021_R135_C218,MH-003,Bhivpuri PSP,2021,135,218,18.913265,73.501279,MH-003_C15,test,cnn_test,0,0,0,0.06644805
71482,MH-003_2021_R135_C219,MH-003,Bhivpuri PSP,2021,135,219,18.913265,73.501549,MH-003_C15,test,cnn_test,0,0,0,0.022785323
71483,MH-003_2021_R136_C203,MH-003,Bhivpuri PSP,2021,136,203,18.912995,73.497237,MH-003_C14,test,cnn_test,0,0,0,0.026045596
71484,MH-003_2021_R136_C204,MH-003,Bhivpuri PSP,2021,136,204,18.912995,73.497507,MH-003_C14,test,cnn_test,1,0,0,0.018307664
71485,MH-003_2021_R136_C216,MH-003,Bhivpuri PSP,2021,136,216,18.912995,73.50074,MH-003_C14,test,cnn_test,0,0,0,0.009548818
71486,MH-003_2021_R136_C217,MH-003,Bhivpuri PSP,2021,136,217,18.912995,73.50101,MH-003_C14,test,cnn_test,0,0,0,0.019903736
71487,MH-003_2021_R136_C218,MH-003,Bhivpuri PSP,2021,136,218,18.912995,73.501279,MH-003_C15,test,cnn_test,0,0,0,0.05587115
71488,MH-003_2021_R136_C223,MH-003,Bhivpuri PSP,2021,136,223,18.912995,73.502627,MH-003_C15,test,cnn_test,0,0,0,0.075035095
71489,MH-003_2021_R137_C203,MH-003,Bhivpuri PSP,2021,137,203,18.912726,73.497237,MH-003_C14,test,cnn_test,0,0,0,0.03372747
71490,MH-003_2021_R137_C204,MH-003,Bhivpuri PSP,2021,137,204,18.912726,73.497507,MH-003_C14,test,cnn_test,0,0,0,0.07025697
71491,MH-003_2021_R137_C205,MH-003,Bhivpuri PSP,2021,137,205,18.912726,73.497776,MH-003_C14,test,cnn_test,1,0,0,0.058692142
71492,MH-003_2021_R137_C216,MH-003,Bhivpuri PSP,2021,137,216,18.912726,73.50074,MH-003_C14,test,cnn_test,0,0,0,0.001942916
71493,MH-003_2021_R137_C222,MH-003,Bhivpuri PSP,2021,137,222,18.912726,73.502357,MH-003_C15,test,cnn_test,0,0,1,0.5995984
71494,MH-003_2021_R137_C223,MH-003,Bhivpuri PSP,2021,137,223,18.912726,73.502627,MH-003_C15,test,cnn_test,0,0,0,0.087658525
71495,MH-003_2021_R137_C224,MH-003,Bhivpuri PSP,2021,137,224,18.912726,73.502896,MH-003_C15,test,cnn_test,0,0,1,0.4274545
71496,MH-003_2021_R137_C225,MH-003,Bhivpuri PSP,2021,137,225,18.912726,73.503166,MH-003_C15,test,cnn_test,0,0,1,0.88237447
71497,MH-003_2021_R138_C223,MH-003,Bhivpuri PSP,2021,138,223,18.912456,73.502627,MH-003_C15,test,cnn_test,0,0,0,0.07782863
71498,MH-003_2021_R138_C224,MH-003,Bhivpuri PSP,2021,138,224,18.912456,73.502896,MH-003_C15,test,cnn_test,0,0,1,0.38096067
71499,MH-003_2021_R138_C225,MH-003,Bhivpuri PSP,2021,138,225,18.912456,73.503166,MH-003_C15,test,cnn_test,0,0,1,0.9262718
71500,MH-003_2021_R139_C224,MH-003,Bhivpuri PSP,2021,139,224,18.912187,73.502896,MH-003_C15,test,cnn_test,0,0,1,0.78111213
71501,MH-003_2021_R141_C222,MH-003,Bhivpuri PSP,2021,141,222,18.911648,73.502357,MH-003_C15,test,cnn_test,0,0,1,0.17099792
71502,MH-003_2021_R141_C224,MH-003,Bhivpuri PSP,2021,141,224,18.911648,73.502896,MH-003_C15,test,cnn_test,0,0,1,0.6252529
71503,MH-003_2021_R141_C225,MH-003,Bhivpuri PSP,2021,141,225,18.911648,73.503166,MH-003_C15,test,cnn_test,0,0,1,0.9020866
71504,MH-003_2021_R142_C223,MH-003,Bhivpuri PSP,2021,142,223,18.911378,73.502627,MH-003_C15,test,cnn_test,0,0,0,0.02995584
71505,MH-003_2021_R142_C224,MH-003,Bhivpuri PSP,2021,142,224,18.911378,73.502896,MH-003_C15,test,cnn_test,0,0,1,0.114210494
71506,MH-003_2021_R142_C225,MH-003,Bhivpuri PSP,2021,142,225,18.911378,73.503166,MH-003_C15,test,cnn_test,0,0,1,0.80491185
71507,MH-003_2021_R143_C222,MH-003,Bhivpuri PSP,2021,143,222,18.911109,73.502357,MH-003_C15,test,cnn_test,0,0,0,0.024456065
71508,MH-003_2021_R143_C223,MH-003,Bhivpuri PSP,2021,143,223,18.911109,73.502627,MH-003_C15,test,cnn_test,0,0,0,0.019569471
71509,MH-003_2021_R143_C224,MH-003,Bhivpuri PSP,2021,143,224,18.911109,73.502896,MH-003_C15,test,cnn_test,0,0,1,0.106132686
71510,MH-003_2021_R143_C225,MH-003,Bhivpuri PSP,2021,143,225,18.911109,73.503166,MH-003_C15,test,cnn_test,0,0,1,0.72511244
71511,MH-003_2021_R144_C223,MH-003,Bhivpuri PSP,2021,144,223,18.910839,73.502627,MH-003_C15,test,cnn_test,0,0,0,0.00049373414
71512,MH-003_2021_R144_C224,MH-003,Bhivpuri PSP,2021,144,224,18.910839,73.502896,MH-003_C15,test,cnn_test,0,0,0,0.0029542234
71513,MH-003_2021_R144_C225,MH-003,Bhivpuri PSP,2021,144,225,18.910839,73.503166,MH-003_C15,test,cnn_test,0,0,1,0.22133355
71514,MH-003_2021_R145_C223,MH-003,Bhivpuri PSP,2021,145,223,18.91057,73.502627,MH-003_C15,test,cnn_test,0,0,0,0.0005857401
71515,MH-003_2021_R145_C224,MH-003,Bhivpuri PSP,2021,145,224,18.91057,73.502896,MH-003_C15,test,cnn_test,0,0,0,0.007528841
71516,MH-003_2021_R146_C223,MH-003,Bhivpuri PSP,2021,146,223,18.9103,73.502627,MH-003_C15,test,cnn_test,0,0,0,0.00033413235
71517,MH-003_2021_R146_C224,MH-003,Bhivpuri PSP,2021,146,224,18.9103,73.502896,MH-003_C15,test,cnn_test,0,0,0,0.0014389675
72467,MH-003_2022_R128_C225,MH-003,Bhivpuri PSP,2022,128,225,18.915151,73.503166,MH-003_C15,test,cnn_test,0,0,1,0.46372074
72468,MH-003_2022_R129_C224,MH-003,Bhivpuri PSP,2022,129,224,18.914882,73.502896,MH-003_C15,test,cnn_test,0,0,1,0.2356556
72469,MH-003_2022_R129_C225,MH-003,Bhivpuri PSP,2022,129,225,18.914882,73.503166,MH-003_C15,test,cnn_test,0,0,1,0.65806973
72470,MH-003_2022_R130_C203,MH-003,Bhivpuri PSP,2022,130,203,18.914612,73.497237,MH-003_C14,test,cnn_test,0,0,1,0.82760584
72471,MH-003_2022_R130_C204,MH-003,Bhivpuri PSP,2022,130,204,18.914612,73.497507,MH-003_C14,test,cnn_test,0,0,1,0.6418639
72472,MH-003_2022_R130_C205,MH-003,Bhivpuri PSP,2022,130,205,18.914612,73.497776,MH-003_C14,test,cnn_test,0,0,1,0.8016066
72473,MH-003_2022_R130_C206,MH-003,Bhivpuri PSP,2022,130,206,18.914612,73.498046,MH-003_C14,test,cnn_test,0,0,1,0.43049148
72474,MH-003_2022_R130_C207,MH-003,Bhivpuri PSP,2022,130,207,18.914612,73.498315,MH-003_C14,test,cnn_test,0,0,1,0.7651064
72475,MH-003_2022_R130_C208,MH-003,Bhivpuri PSP,2022,130,208,18.914612,73.498584,MH-003_C14,test,cnn_test,0,0,1,0.16263382
72476,MH-003_2022_R130_C215,MH-003,Bhivpuri PSP,2022,130,215,18.914612,73.500471,MH-003_C14,test,cnn_test,0,0,1,0.6493568
72477,MH-003_2022_R130_C216,MH-003,Bhivpuri PSP,2022,130,216,18.914612,73.50074,MH-003_C14,test,cnn_test,0,0,1,0.25663573
72478,MH-003_2022_R130_C217,MH-003,Bhivpuri PSP,2022,130,217,18.914612,73.50101,MH-003_C14,test,cnn_test,1,0,0,0.048633166
72479,MH-003_2022_R130_C218,MH-003,Bhivpuri PSP,2022,130,218,18.914612,73.501279,MH-003_C15,test,cnn_test,1,0,0,0.07252831
72480,MH-003_2022_R130_C224,MH-003,Bhivpuri PSP,2022,130,224,18.914612,73.502896,MH-003_C15,test,cnn_test,0,0,1,0.2390975
72481,MH-003_2022_R130_C225,MH-003,Bhivpuri PSP,2022,130,225,18.914612,73.503166,MH-003_C15,test,cnn_test,0,0,1,0.65534073
72482,MH-003_2022_R131_C203,MH-003,Bhivpuri PSP,2022,131,203,18.914343,73.497237,MH-003_C14,test,cnn_test,0,0,1,0.84178096
72483,MH-003_2022_R131_C204,MH-003,Bhivpuri PSP,2022,131,204,18.914343,73.497507,MH-003_C14,test,cnn_test,0,0,1,0.85249925
72484,MH-003_2022_R131_C205,MH-003,Bhivpuri PSP,2022,131,205,18.914343,73.497776,MH-003_C14,test,cnn_test,0,0,1,0.8111077
72485,MH-003_2022_R131_C206,MH-003,Bhivpuri PSP,2022,131,206,18.914343,73.498046,MH-003_C14,test,cnn_test,1,0,1,0.79822415
72486,MH-003_2022_R131_C207,MH-003,Bhivpuri PSP,2022,131,207,18.914343,73.498315,MH-003_C14,test,cnn_test,0,0,1,0.6913486
72487,MH-003_2022_R131_C208,MH-003,Bhivpuri PSP,2022,131,208,18.914343,73.498584,MH-003_C14,test,cnn_test,0,0,1,0.5726536
72488,MH-003_2022_R131_C209,MH-003,Bhivpuri PSP,2022,131,209,18.914343,73.498854,MH-003_C14,test,cnn_test,0,0,1,0.70128155
72489,MH-003_2022_R131_C210,MH-003,Bhivpuri PSP,2022,131,210,18.914343,73.499123,MH-003_C14,test,cnn_test,0,0,1,0.7324646
72490,MH-003_2022_R131_C212,MH-003,Bhivpuri PSP,2022,131,212,18.914343,73.499662,MH-003_C14,test,cnn_test,1,0,1,0.8411613
72491,MH-003_2022_R131_C213,MH-003,Bhivpuri PSP,2022,131,213,18.914343,73.499932,MH-003_C14,test,cnn_test,1,0,1,0.88892186
72492,MH-003_2022_R131_C214,MH-003,Bhivpuri PSP,2022,131,214,18.914343,73.500201,MH-003_C14,test,cnn_test,0,0,1,0.8548877
72493,MH-003_2022_R131_C215,MH-003,Bhivpuri PSP,2022,131,215,18.914343,73.500471,MH-003_C14,test,cnn_test,0,0,1,0.71616185
72494,MH-003_2022_R131_C216,MH-003,Bhivpuri PSP,2022,131,216,18.914343,73.50074,MH-003_C14,test,cnn_test,0,0,1,0.3311837
72495,MH-003_2022_R131_C217,MH-003,Bhivpuri PSP,2022,131,217,18.914343,73.50101,MH-003_C14,test,cnn_test,1,0,0,0.03993373
72496,MH-003_2022_R131_C218,MH-003,Bhivpuri PSP,2022,131,218,18.914343,73.501279,MH-003_C15,test,cnn_test,0,0,0,0.064174324
72497,MH-003_2022_R131_C219,MH-003,Bhivpuri PSP,2022,131,219,18.914343,73.501549,MH-003_C15,test,cnn_test,0,0,0,0.029419033
72498,MH-003_2022_R131_C220,MH-003,Bhivpuri PSP,2022,131,220,18.914343,73.501818,MH-003_C15,test,cnn_test,0,0,0,0.018579828
72499,MH-003_2022_R131_C221,MH-003,Bhivpuri PSP,2022,131,221,18.914343,73.502088,MH-003_C15,test,cnn_test,0,0,0,0.057307288
72500,MH-003_2022_R131_C222,MH-003,Bhivpuri PSP,2022,131,222,18.914343,73.502357,MH-003_C15,test,cnn_test,0,0,0,0.07586777
72501,MH-003_2022_R131_C223,MH-003,Bhivpuri PSP,2022,131,223,18.914343,73.502627,MH-003_C15,test,cnn_test,0,0,0,0.021863554
72502,MH-003_2022_R131_C224,MH-003,Bhivpuri PSP,2022,131,224,18.914343,73.502896,MH-003_C15,test,cnn_test,0,0,1,0.15183654
72503,MH-003_2022_R131_C225,MH-003,Bhivpuri PSP,2022,131,225,18.914343,73.503166,MH-003_C15,test,cnn_test,0,0,1,0.33363774
72504,MH-003_2022_R132_C210,MH-003,Bhivpuri PSP,2022,132,210,18.914073,73.499123,MH-003_C14,test,cnn_test,1,0,1,0.6638001
72505,MH-003_2022_R132_C211,MH-003,Bhivpuri PSP,2022,132,211,18.914073,73.499393,MH-003_C14,test,cnn_test,1,0,1,0.7720107
72506,MH-003_2022_R132_C212,MH-003,Bhivpuri PSP,2022,132,212,18.914073,73.499662,MH-003_C14,test,cnn_test,0,0,1,0.79644865
72507,MH-003_2022_R132_C213,MH-003,Bhivpuri PSP,2022,132,213,18.914073,73.499932,MH-003_C14,test,cnn_test,0,0,1,0.85145235
72508,MH-003_2022_R132_C214,MH-003,Bhivpuri PSP,2022,132,214,18.914073,73.500201,MH-003_C14,test,cnn_test,0,0,1,0.8190951
72509,MH-003_2022_R132_C215,MH-003,Bhivpuri PSP,2022,132,215,18.914073,73.500471,MH-003_C14,test,cnn_test,0,0,1,0.7159115
72510,MH-003_2022_R132_C216,MH-003,Bhivpuri PSP,2022,132,216,18.914073,73.50074,MH-003_C14,test,cnn_test,0,0,1,0.43820247
72511,MH-003_2022_R132_C217,MH-003,Bhivpuri PSP,2022,132,217,18.914073,73.50101,MH-003_C14,test,cnn_test,0,0,1,0.13686995
72512,MH-003_2022_R132_C218,MH-003,Bhivpuri PSP,2022,132,218,18.914073,73.501279,MH-003_C15,test,cnn_test,0,0,1,0.25864163
72513,MH-003_2022_R132_C219,MH-003,Bhivpuri PSP,2022,132,219,18.914073,73.501549,MH-003_C15,test,cnn_test,0,0,0,0.09915353
72514,MH-003_2022_R132_C220,MH-003,Bhivpuri PSP,2022,132,220,18.914073,73.501818,MH-003_C15,test,cnn_test,0,0,0,0.048041493
72515,MH-003_2022_R132_C221,MH-003,Bhivpuri PSP,2022,132,221,18.914073,73.502088,MH-003_C15,test,cnn_test,0,0,1,0.10652871
72516,MH-003_2022_R132_C222,MH-003,Bhivpuri PSP,2022,132,222,18.914073,73.502357,MH-003_C15,test,cnn_test,0,0,0,0.045246296
72517,MH-003_2022_R132_C223,MH-003,Bhivpuri PSP,2022,132,223,18.914073,73.502627,MH-003_C15,test,cnn_test,0,0,0,0.021439072
72518,MH-003_2022_R132_C224,MH-003,Bhivpuri PSP,2022,132,224,18.914073,73.502896,MH-003_C15,test,cnn_test,0,0,1,0.18605489
72519,MH-003_2022_R133_C215,MH-003,Bhivpuri PSP,2022,133,215,18.913804,73.500471,MH-003_C14,test,cnn_test,0,0,1,0.761007
72520,MH-003_2022_R133_C216,MH-003,Bhivpuri PSP,2022,133,216,18.913804,73.50074,MH-003_C14,test,cnn_test,0,0,1,0.49207884
72521,MH-003_2022_R133_C217,MH-003,Bhivpuri PSP,2022,133,217,18.913804,73.50101,MH-003_C14,test,cnn_test,0,0,1,0.26784348
72522,MH-003_2022_R133_C218,MH-003,Bhivpuri PSP,2022,133,218,18.913804,73.501279,MH-003_C15,test,cnn_test,0,0,1,0.5048914
72523,MH-003_2022_R133_C219,MH-003,Bhivpuri PSP,2022,133,219,18.913804,73.501549,MH-003_C15,test,cnn_test,0,0,1,0.44193733
72524,MH-003_2022_R133_C220,MH-003,Bhivpuri PSP,2022,133,220,18.913804,73.501818,MH-003_C15,test,cnn_test,0,0,1,0.21666372
72525,MH-003_2022_R133_C221,MH-003,Bhivpuri PSP,2022,133,221,18.913804,73.502088,MH-003_C15,test,cnn_test,0,0,1,0.49515587
72526,MH-003_2022_R133_C222,MH-003,Bhivpuri PSP,2022,133,222,18.913804,73.502357,MH-003_C15,test,cnn_test,0,0,1,0.17029853
72527,MH-003_2022_R133_C223,MH-003,Bhivpuri PSP,2022,133,223,18.913804,73.502627,MH-003_C15,test,cnn_test,0,0,0,0.05130859
72528,MH-003_2022_R133_C224,MH-003,Bhivpuri PSP,2022,133,224,18.913804,73.502896,MH-003_C15,test,cnn_test,0,0,1,0.4765559
72529,MH-003_2022_R134_C203,MH-003,Bhivpuri PSP,2022,134,203,18.913534,73.497237,MH-003_C14,test,cnn_test,0,0,1,0.15071946
72530,MH-003_2022_R134_C215,MH-003,Bhivpuri PSP,2022,134,215,18.913534,73.500471,MH-003_C14,test,cnn_test,0,0,1,0.5270313
72531,MH-003_2022_R134_C216,MH-003,Bhivpuri PSP,2022,134,216,18.913534,73.50074,MH-003_C14,test,cnn_test,0,0,1,0.22727393
72532,MH-003_2022_R134_C217,MH-003,Bhivpuri PSP,2022,134,217,18.913534,73.50101,MH-003_C14,test,cnn_test,0,0,1,0.10657558
72533,MH-003_2022_R134_C218,MH-003,Bhivpuri PSP,2022,134,218,18.913534,73.501279,MH-003_C15,test,cnn_test,0,0,1,0.48192134
72534,MH-003_2022_R134_C219,MH-003,Bhivpuri PSP,2022,134,219,18.913534,73.501549,MH-003_C15,test,cnn_test,0,0,1,0.3935009
72535,MH-003_2022_R134_C220,MH-003,Bhivpuri PSP,2022,134,220,18.913534,73.501818,MH-003_C15,test,cnn_test,0,0,1,0.33525285
72536,MH-003_2022_R134_C221,MH-003,Bhivpuri PSP,2022,134,221,18.913534,73.502088,MH-003_C15,test,cnn_test,0,0,1,0.5781664
72537,MH-003_2022_R134_C222,MH-003,Bhivpuri PSP,2022,134,222,18.913534,73.502357,MH-003_C15,test,cnn_test,0,0,1,0.39828804
72538,MH-003_2022_R134_C223,MH-003,Bhivpuri PSP,2022,134,223,18.913534,73.502627,MH-003_C15,test,cnn_test,0,0,1,0.15053123
72539,MH-003_2022_R134_C224,MH-003,Bhivpuri PSP,2022,134,224,18.913534,73.502896,MH-003_C15,test,cnn_test,0,0,1,0.8252105
72540,MH-003_2022_R134_C225,MH-003,Bhivpuri PSP,2022,134,225,18.913534,73.503166,MH-003_C15,test,cnn_test,0,0,1,0.9571074
72541,MH-003_2022_R135_C203,MH-003,Bhivpuri PSP,2022,135,203,18.913265,73.497237,MH-003_C14,test,cnn_test,0,0,1,0.33921984
72542,MH-003_2022_R135_C215,MH-003,Bhivpuri PSP,2022,135,215,18.913265,73.500471,MH-003_C14,test,cnn_test,0,0,1,0.58513594
72543,MH-003_2022_R135_C216,MH-003,Bhivpuri PSP,2022,135,216,18.913265,73.50074,MH-003_C14,test,cnn_test,0,0,1,0.3786135
72544,MH-003_2022_R135_C217,MH-003,Bhivpuri PSP,2022,135,217,18.913265,73.50101,MH-003_C14,test,cnn_test,0,0,1,0.1435344
72545,MH-003_2022_R135_C218,MH-003,Bhivpuri PSP,2022,135,218,18.913265,73.501279,MH-003_C15,test,cnn_test,0,0,1,0.5590686
72546,MH-003_2022_R135_C219,MH-003,Bhivpuri PSP,2022,135,219,18.913265,73.501549,MH-003_C15,test,cnn_test,0,0,1,0.60663795
72547,MH-003_2022_R136_C216,MH-003,Bhivpuri PSP,2022,136,216,18.912995,73.50074,MH-003_C14,test,cnn_test,0,0,0,0.05822771
72548,MH-003_2022_R136_C217,MH-003,Bhivpuri PSP,2022,136,217,18.912995,73.50101,MH-003_C14,test,cnn_test,0,0,0,0.03252364
72549,MH-003_2022_R136_C218,MH-003,Bhivpuri PSP,2022,136,218,18.912995,73.501279,MH-003_C15,test,cnn_test,0,0,1,0.40723425
72550,MH-003_2022_R136_C223,MH-003,Bhivpuri PSP,2022,136,223,18.912995,73.502627,MH-003_C15,test,cnn_test,0,0,1,0.26776162
72551,MH-003_2022_R137_C204,MH-003,Bhivpuri PSP,2022,137,204,18.912726,73.497507,MH-003_C14,test,cnn_test,0,0,1,0.3592745
72552,MH-003_2022_R137_C216,MH-003,Bhivpuri PSP,2022,137,216,18.912726,73.50074,MH-003_C14,test,cnn_test,0,0,0,0.014271573
72553,MH-003_2022_R137_C222,MH-003,Bhivpuri PSP,2022,137,222,18.912726,73.502357,MH-003_C15,test,cnn_test,0,0,1,0.8817667
72554,MH-003_2022_R137_C223,MH-003,Bhivpuri PSP,2022,137,223,18.912726,73.502627,MH-003_C15,test,cnn_test,0,0,1,0.28673974
72555,MH-003_2022_R137_C224,MH-003,Bhivpuri PSP,2022,137,224,18.912726,73.502896,MH-003_C15,test,cnn_test,0,0,1,0.8192271
72556,MH-003_2022_R137_C225,MH-003,Bhivpuri PSP,2022,137,225,18.912726,73.503166,MH-003_C15,test,cnn_test,0,0,1,0.97369844
72557,MH-003_2022_R138_C223,MH-003,Bhivpuri PSP,2022,138,223,18.912456,73.502627,MH-003_C15,test,cnn_test,0,0,0,0.08319025
72558,MH-003_2022_R138_C224,MH-003,Bhivpuri PSP,2022,138,224,18.912456,73.502896,MH-003_C15,test,cnn_test,0,0,1,0.78762203
72559,MH-003_2022_R138_C225,MH-003,Bhivpuri PSP,2022,138,225,18.912456,73.503166,MH-003_C15,test,cnn_test,0,0,1,0.98290277
72560,MH-003_2022_R139_C223,MH-003,Bhivpuri PSP,2022,139,223,18.912187,73.502627,MH-003_C15,test,cnn_test,0,0,1,0.20373033
72561,MH-003_2022_R139_C224,MH-003,Bhivpuri PSP,2022,139,224,18.912187,73.502896,MH-003_C15,test,cnn_test,0,0,1,0.9019127
72562,MH-003_2022_R140_C223,MH-003,Bhivpuri PSP,2022,140,223,18.911917,73.502627,MH-003_C15,test,cnn_test,0,0,0,0.007899843
72563,MH-003_2022_R140_C224,MH-003,Bhivpuri PSP,2022,140,224,18.911917,73.502896,MH-003_C15,test,cnn_test,0,0,1,0.3522223
72564,MH-003_2022_R141_C222,MH-003,Bhivpuri PSP,2022,141,222,18.911648,73.502357,MH-003_C15,test,cnn_test,0,0,0,0.095204
72565,MH-003_2022_R141_C223,MH-003,Bhivpuri PSP,2022,141,223,18.911648,73.502627,MH-003_C15,test,cnn_test,0,0,0,0.013391168
72566,MH-003_2022_R141_C224,MH-003,Bhivpuri PSP,2022,141,224,18.911648,73.502896,MH-003_C15,test,cnn_test,0,0,1,0.6627925
72567,MH-003_2022_R141_C225,MH-003,Bhivpuri PSP,2022,141,225,18.911648,73.503166,MH-003_C15,test,cnn_test,0,0,1,0.92550886
72568,MH-003_2022_R142_C223,MH-003,Bhivpuri PSP,2022,142,223,18.911378,73.502627,MH-003_C15,test,cnn_test,0,0,0,0.0077229976
72569,MH-003_2022_R142_C224,MH-003,Bhivpuri PSP,2022,142,224,18.911378,73.502896,MH-003_C15,test,cnn_test,0,0,1,0.10927437
72570,MH-003_2022_R142_C225,MH-003,Bhivpuri PSP,2022,142,225,18.911378,73.503166,MH-003_C15,test,cnn_test,0,0,1,0.8732502
72571,MH-003_2022_R143_C222,MH-003,Bhivpuri PSP,2022,143,222,18.911109,73.502357,MH-003_C15,test,cnn_test,0,0,0,0.017609049
72572,MH-003_2022_R143_C223,MH-003,Bhivpuri PSP,2022,143,223,18.911109,73.502627,MH-003_C15,test,cnn_test,0,0,0,0.0035407399
72573,MH-003_2022_R143_C224,MH-003,Bhivpuri PSP,2022,143,224,18.911109,73.502896,MH-003_C15,test,cnn_test,0,0,0,0.074461475
72574,MH-003_2022_R143_C225,MH-003,Bhivpuri PSP,2022,143,225,18.911109,73.503166,MH-003_C15,test,cnn_test,0,0,1,0.7965067
72575,MH-003_2022_R144_C223,MH-003,Bhivpuri PSP,2022,144,223,18.910839,73.502627,MH-003_C15,test,cnn_test,0,0,0,0.00023395017
72576,MH-003_2022_R144_C224,MH-003,Bhivpuri PSP,2022,144,224,18.910839,73.502896,MH-003_C15,test,cnn_test,0,0,0,0.0035582813
72577,MH-003_2022_R145_C223,MH-003,Bhivpuri PSP,2022,145,223,18.91057,73.502627,MH-003_C15,test,cnn_test,0,0,0,0.0003032329
72578,MH-003_2022_R145_C224,MH-003,Bhivpuri PSP,2022,145,224,18.91057,73.502896,MH-003_C15,test,cnn_test,0,0,0,0.009958862
72579,MH-003_2022_R145_C225,MH-003,Bhivpuri PSP,2022,145,225,18.91057,73.503166,MH-003_C15,test,cnn_test,0,0,1,0.39729455
72580,MH-003_2022_R146_C223,MH-003,Bhivpuri PSP,2022,146,223,18.9103,73.502627,MH-003_C15,test,cnn_test,0,0,0,0.00022238518
72581,MH-003_2022_R146_C225,MH-003,Bhivpuri PSP,2022,146,225,18.9103,73.503166,MH-003_C15,test,cnn_test,0,0,1,0.1864401
73515,MH-003_2023_R128_C225,MH-003,Bhivpuri PSP,2023,128,225,18.915151,73.503166,MH-003_C15,test,cnn_test,0,0,1,0.7401038
73516,MH-003_2023_R129_C224,MH-003,Bhivpuri PSP,2023,129,224,18.914882,73.502896,MH-003_C15,test,cnn_test,0,0,1,0.17586286
73517,MH-003_2023_R129_C225,MH-003,Bhivpuri PSP,2023,129,225,18.914882,73.503166,MH-003_C15,test,cnn_test,0,0,1,0.75162184
73518,MH-003_2023_R130_C203,MH-003,Bhivpuri PSP,2023,130,203,18.914612,73.497237,MH-003_C14,test,cnn_test,0,0,1,0.7464152
73519,MH-003_2023_R130_C204,MH-003,Bhivpuri PSP,2023,130,204,18.914612,73.497507,MH-003_C14,test,cnn_test,0,0,1,0.7374823
73520,MH-003_2023_R130_C205,MH-003,Bhivpuri PSP,2023,130,205,18.914612,73.497776,MH-003_C14,test,cnn_test,0,0,1,0.5849331
73521,MH-003_2023_R130_C206,MH-003,Bhivpuri PSP,2023,130,206,18.914612,73.498046,MH-003_C14,test,cnn_test,0,0,1,0.33606488
73522,MH-003_2023_R130_C215,MH-003,Bhivpuri PSP,2023,130,215,18.914612,73.500471,MH-003_C14,test,cnn_test,0,0,1,0.33203205
73523,MH-003_2023_R130_C216,MH-003,Bhivpuri PSP,2023,130,216,18.914612,73.50074,MH-003_C14,test,cnn_test,0,0,1,0.18836932
73524,MH-003_2023_R130_C217,MH-003,Bhivpuri PSP,2023,130,217,18.914612,73.50101,MH-003_C14,test,cnn_test,1,0,0,0.032609835
73525,MH-003_2023_R130_C218,MH-003,Bhivpuri PSP,2023,130,218,18.914612,73.501279,MH-003_C15,test,cnn_test,1,0,0,0.018575212
73526,MH-003_2023_R130_C224,MH-003,Bhivpuri PSP,2023,130,224,18.914612,73.502896,MH-003_C15,test,cnn_test,0,0,1,0.18349966
73527,MH-003_2023_R130_C225,MH-003,Bhivpuri PSP,2023,130,225,18.914612,73.503166,MH-003_C15,test,cnn_test,0,0,1,0.7061326
73528,MH-003_2023_R131_C203,MH-003,Bhivpuri PSP,2023,131,203,18.914343,73.497237,MH-003_C14,test,cnn_test,0,0,1,0.90429544
73529,MH-003_2023_R131_C204,MH-003,Bhivpuri PSP,2023,131,204,18.914343,73.497507,MH-003_C14,test,cnn_test,0,0,1,0.8764068
73530,MH-003_2023_R131_C205,MH-003,Bhivpuri PSP,2023,131,205,18.914343,73.497776,MH-003_C14,test,cnn_test,0,0,1,0.7637032
73531,MH-003_2023_R131_C206,MH-003,Bhivpuri PSP,2023,131,206,18.914343,73.498046,MH-003_C14,test,cnn_test,1,0,1,0.38279408
73532,MH-003_2023_R131_C207,MH-003,Bhivpuri PSP,2023,131,207,18.914343,73.498315,MH-003_C14,test,cnn_test,0,0,1,0.7934057
73533,MH-003_2023_R131_C208,MH-003,Bhivpuri PSP,2023,131,208,18.914343,73.498584,MH-003_C14,test,cnn_test,0,0,1,0.14740932
73534,MH-003_2023_R131_C209,MH-003,Bhivpuri PSP,2023,131,209,18.914343,73.498854,MH-003_C14,test,cnn_test,0,0,1,0.3524731
73535,MH-003_2023_R131_C210,MH-003,Bhivpuri PSP,2023,131,210,18.914343,73.499123,MH-003_C14,test,cnn_test,0,0,1,0.6561473
73536,MH-003_2023_R131_C212,MH-003,Bhivpuri PSP,2023,131,212,18.914343,73.499662,MH-003_C14,test,cnn_test,1,0,1,0.7153577
73537,MH-003_2023_R131_C213,MH-003,Bhivpuri PSP,2023,131,213,18.914343,73.499932,MH-003_C14,test,cnn_test,1,0,1,0.8689121
73538,MH-003_2023_R131_C214,MH-003,Bhivpuri PSP,2023,131,214,18.914343,73.500201,MH-003_C14,test,cnn_test,0,0,1,0.74875027
73539,MH-003_2023_R131_C215,MH-003,Bhivpuri PSP,2023,131,215,18.914343,73.500471,MH-003_C14,test,cnn_test,0,0,1,0.62175643
73540,MH-003_2023_R131_C216,MH-003,Bhivpuri PSP,2023,131,216,18.914343,73.50074,MH-003_C14,test,cnn_test,0,0,1,0.1873237
73541,MH-003_2023_R131_C219,MH-003,Bhivpuri PSP,2023,131,219,18.914343,73.501549,MH-003_C15,test,cnn_test,0,0,0,0.017915407
73542,MH-003_2023_R131_C220,MH-003,Bhivpuri PSP,2023,131,220,18.914343,73.501818,MH-003_C15,test,cnn_test,0,0,0,0.09482584
73543,MH-003_2023_R131_C221,MH-003,Bhivpuri PSP,2023,131,221,18.914343,73.502088,MH-003_C15,test,cnn_test,0,0,1,0.16077201
73544,MH-003_2023_R131_C222,MH-003,Bhivpuri PSP,2023,131,222,18.914343,73.502357,MH-003_C15,test,cnn_test,0,0,0,0.062881336
73545,MH-003_2023_R131_C223,MH-003,Bhivpuri PSP,2023,131,223,18.914343,73.502627,MH-003_C15,test,cnn_test,0,0,0,0.07253347
73546,MH-003_2023_R131_C224,MH-003,Bhivpuri PSP,2023,131,224,18.914343,73.502896,MH-003_C15,test,cnn_test,0,0,1,0.1693394
73547,MH-003_2023_R131_C225,MH-003,Bhivpuri PSP,2023,131,225,18.914343,73.503166,MH-003_C15,test,cnn_test,0,0,1,0.67741966
73548,MH-003_2023_R132_C210,MH-003,Bhivpuri PSP,2023,132,210,18.914073,73.499123,MH-003_C14,test,cnn_test,1,0,1,0.31284964
73549,MH-003_2023_R132_C211,MH-003,Bhivpuri PSP,2023,132,211,18.914073,73.499393,MH-003_C14,test,cnn_test,1,0,1,0.5922155
73550,MH-003_2023_R132_C212,MH-003,Bhivpuri PSP,2023,132,212,18.914073,73.499662,MH-003_C14,test,cnn_test,0,0,1,0.48428476
73551,MH-003_2023_R132_C213,MH-003,Bhivpuri PSP,2023,132,213,18.914073,73.499932,MH-003_C14,test,cnn_test,0,0,1,0.81540734
73552,MH-003_2023_R132_C214,MH-003,Bhivpuri PSP,2023,132,214,18.914073,73.500201,MH-003_C14,test,cnn_test,0,0,1,0.47313094
73553,MH-003_2023_R132_C215,MH-003,Bhivpuri PSP,2023,132,215,18.914073,73.500471,MH-003_C14,test,cnn_test,0,0,1,0.4274118
73554,MH-003_2023_R132_C216,MH-003,Bhivpuri PSP,2023,132,216,18.914073,73.50074,MH-003_C14,test,cnn_test,0,0,1,0.14280331
73555,MH-003_2023_R132_C217,MH-003,Bhivpuri PSP,2023,132,217,18.914073,73.50101,MH-003_C14,test,cnn_test,0,0,0,0.06626732
73556,MH-003_2023_R132_C218,MH-003,Bhivpuri PSP,2023,132,218,18.914073,73.501279,MH-003_C15,test,cnn_test,0,0,0,0.030529842
73557,MH-003_2023_R132_C219,MH-003,Bhivpuri PSP,2023,132,219,18.914073,73.501549,MH-003_C15,test,cnn_test,0,0,0,0.041795224
73558,MH-003_2023_R132_C220,MH-003,Bhivpuri PSP,2023,132,220,18.914073,73.501818,MH-003_C15,test,cnn_test,0,0,1,0.10823971
73559,MH-003_2023_R132_C221,MH-003,Bhivpuri PSP,2023,132,221,18.914073,73.502088,MH-003_C15,test,cnn_test,0,0,1,0.24653804
73560,MH-003_2023_R132_C222,MH-003,Bhivpuri PSP,2023,132,222,18.914073,73.502357,MH-003_C15,test,cnn_test,0,0,0,0.07505678
73561,MH-003_2023_R132_C223,MH-003,Bhivpuri PSP,2023,132,223,18.914073,73.502627,MH-003_C15,test,cnn_test,0,0,0,0.028519118
73562,MH-003_2023_R132_C224,MH-003,Bhivpuri PSP,2023,132,224,18.914073,73.502896,MH-003_C15,test,cnn_test,0,0,1,0.20520552
73563,MH-003_2023_R133_C215,MH-003,Bhivpuri PSP,2023,133,215,18.913804,73.500471,MH-003_C14,test,cnn_test,0,0,1,0.43929818
73564,MH-003_2023_R133_C216,MH-003,Bhivpuri PSP,2023,133,216,18.913804,73.50074,MH-003_C14,test,cnn_test,0,0,1,0.17076628
73565,MH-003_2023_R133_C217,MH-003,Bhivpuri PSP,2023,133,217,18.913804,73.50101,MH-003_C14,test,cnn_test,0,0,0,0.08296545
73566,MH-003_2023_R133_C218,MH-003,Bhivpuri PSP,2023,133,218,18.913804,73.501279,MH-003_C15,test,cnn_test,0,0,1,0.10528083
73567,MH-003_2023_R133_C219,MH-003,Bhivpuri PSP,2023,133,219,18.913804,73.501549,MH-003_C15,test,cnn_test,0,0,1,0.10502687
73568,MH-003_2023_R133_C220,MH-003,Bhivpuri PSP,2023,133,220,18.913804,73.501818,MH-003_C15,test,cnn_test,0,0,1,0.46336862
73569,MH-003_2023_R133_C221,MH-003,Bhivpuri PSP,2023,133,221,18.913804,73.502088,MH-003_C15,test,cnn_test,0,0,1,0.33296987
73570,MH-003_2023_R133_C222,MH-003,Bhivpuri PSP,2023,133,222,18.913804,73.502357,MH-003_C15,test,cnn_test,0,0,1,0.17041226
73571,MH-003_2023_R133_C223,MH-003,Bhivpuri PSP,2023,133,223,18.913804,73.502627,MH-003_C15,test,cnn_test,0,0,0,0.050447155
73572,MH-003_2023_R133_C224,MH-003,Bhivpuri PSP,2023,133,224,18.913804,73.502896,MH-003_C15,test,cnn_test,0,0,1,0.35175577
73573,MH-003_2023_R134_C203,MH-003,Bhivpuri PSP,2023,134,203,18.913534,73.497237,MH-003_C14,test,cnn_test,0,0,1,0.37515748
73574,MH-003_2023_R134_C215,MH-003,Bhivpuri PSP,2023,134,215,18.913534,73.500471,MH-003_C14,test,cnn_test,0,0,1,0.27701667
73575,MH-003_2023_R134_C216,MH-003,Bhivpuri PSP,2023,134,216,18.913534,73.50074,MH-003_C14,test,cnn_test,0,0,1,0.2025391
73576,MH-003_2023_R134_C217,MH-003,Bhivpuri PSP,2023,134,217,18.913534,73.50101,MH-003_C14,test,cnn_test,0,0,0,0.09998171
73577,MH-003_2023_R134_C218,MH-003,Bhivpuri PSP,2023,134,218,18.913534,73.501279,MH-003_C15,test,cnn_test,0,0,0,0.09067811
73578,MH-003_2023_R134_C219,MH-003,Bhivpuri PSP,2023,134,219,18.913534,73.501549,MH-003_C15,test,cnn_test,0,0,1,0.14781778
73579,MH-003_2023_R134_C220,MH-003,Bhivpuri PSP,2023,134,220,18.913534,73.501818,MH-003_C15,test,cnn_test,0,0,1,0.4772343
73580,MH-003_2023_R134_C221,MH-003,Bhivpuri PSP,2023,134,221,18.913534,73.502088,MH-003_C15,test,cnn_test,0,0,1,0.66681963
73581,MH-003_2023_R134_C222,MH-003,Bhivpuri PSP,2023,134,222,18.913534,73.502357,MH-003_C15,test,cnn_test,0,0,1,0.584978
73582,MH-003_2023_R134_C223,MH-003,Bhivpuri PSP,2023,134,223,18.913534,73.502627,MH-003_C15,test,cnn_test,0,0,0,0.09700156
73583,MH-003_2023_R134_C224,MH-003,Bhivpuri PSP,2023,134,224,18.913534,73.502896,MH-003_C15,test,cnn_test,0,0,1,0.6998055
73584,MH-003_2023_R134_C225,MH-003,Bhivpuri PSP,2023,134,225,18.913534,73.503166,MH-003_C15,test,cnn_test,0,0,1,0.92730165
73585,MH-003_2023_R135_C203,MH-003,Bhivpuri PSP,2023,135,203,18.913265,73.497237,MH-003_C14,test,cnn_test,0,0,1,0.83620685
73586,MH-003_2023_R135_C215,MH-003,Bhivpuri PSP,2023,135,215,18.913265,73.500471,MH-003_C14,test,cnn_test,0,0,1,0.284884
73587,MH-003_2023_R135_C216,MH-003,Bhivpuri PSP,2023,135,216,18.913265,73.50074,MH-003_C14,test,cnn_test,0,0,1,0.1429588
73588,MH-003_2023_R135_C217,MH-003,Bhivpuri PSP,2023,135,217,18.913265,73.50101,MH-003_C14,test,cnn_test,0,0,0,0.04198686
73589,MH-003_2023_R135_C218,MH-003,Bhivpuri PSP,2023,135,218,18.913265,73.501279,MH-003_C15,test,cnn_test,0,0,0,0.09085098
73590,MH-003_2023_R135_C219,MH-003,Bhivpuri PSP,2023,135,219,18.913265,73.501549,MH-003_C15,test,cnn_test,0,0,1,0.121868856
73591,MH-003_2023_R136_C203,MH-003,Bhivpuri PSP,2023,136,203,18.912995,73.497237,MH-003_C14,test,cnn_test,0,0,1,0.16463894
73592,MH-003_2023_R136_C204,MH-003,Bhivpuri PSP,2023,136,204,18.912995,73.497507,MH-003_C14,test,cnn_test,1,0,1,0.11634468
73593,MH-003_2023_R136_C216,MH-003,Bhivpuri PSP,2023,136,216,18.912995,73.50074,MH-003_C14,test,cnn_test,0,0,0,0.025381766
73594,MH-003_2023_R136_C217,MH-003,Bhivpuri PSP,2023,136,217,18.912995,73.50101,MH-003_C14,test,cnn_test,0,0,0,0.029485153
73595,MH-003_2023_R136_C218,MH-003,Bhivpuri PSP,2023,136,218,18.912995,73.501279,MH-003_C15,test,cnn_test,0,0,0,0.03788789
73596,MH-003_2023_R136_C223,MH-003,Bhivpuri PSP,2023,136,223,18.912995,73.502627,MH-003_C15,test,cnn_test,0,0,1,0.18086025
73597,MH-003_2023_R137_C203,MH-003,Bhivpuri PSP,2023,137,203,18.912726,73.497237,MH-003_C14,test,cnn_test,0,0,1,0.21005389
73598,MH-003_2023_R137_C204,MH-003,Bhivpuri PSP,2023,137,204,18.912726,73.497507,MH-003_C14,test,cnn_test,0,0,1,0.10005365
73599,MH-003_2023_R137_C205,MH-003,Bhivpuri PSP,2023,137,205,18.912726,73.497776,MH-003_C14,test,cnn_test,1,0,1,0.7361965
73600,MH-003_2023_R137_C216,MH-003,Bhivpuri PSP,2023,137,216,18.912726,73.50074,MH-003_C14,test,cnn_test,0,0,0,0.0022508416
73601,MH-003_2023_R137_C222,MH-003,Bhivpuri PSP,2023,137,222,18.912726,73.502357,MH-003_C15,test,cnn_test,0,0,1,0.7553314
73602,MH-003_2023_R137_C223,MH-003,Bhivpuri PSP,2023,137,223,18.912726,73.502627,MH-003_C15,test,cnn_test,0,0,1,0.38323945
73603,MH-003_2023_R137_C224,MH-003,Bhivpuri PSP,2023,137,224,18.912726,73.502896,MH-003_C15,test,cnn_test,0,0,1,0.81251085
73604,MH-003_2023_R137_C225,MH-003,Bhivpuri PSP,2023,137,225,18.912726,73.503166,MH-003_C15,test,cnn_test,0,0,1,0.94780725
73605,MH-003_2023_R138_C223,MH-003,Bhivpuri PSP,2023,138,223,18.912456,73.502627,MH-003_C15,test,cnn_test,0,0,1,0.19790165
73606,MH-003_2023_R138_C224,MH-003,Bhivpuri PSP,2023,138,224,18.912456,73.502896,MH-003_C15,test,cnn_test,0,0,1,0.8450823
73607,MH-003_2023_R138_C225,MH-003,Bhivpuri PSP,2023,138,225,18.912456,73.503166,MH-003_C15,test,cnn_test,0,0,1,0.9631666
73608,MH-003_2023_R139_C224,MH-003,Bhivpuri PSP,2023,139,224,18.912187,73.502896,MH-003_C15,test,cnn_test,0,0,1,0.8960022
73609,MH-003_2023_R141_C222,MH-003,Bhivpuri PSP,2023,141,222,18.911648,73.502357,MH-003_C15,test,cnn_test,0,0,0,0.09117445
73610,MH-003_2023_R141_C224,MH-003,Bhivpuri PSP,2023,141,224,18.911648,73.502896,MH-003_C15,test,cnn_test,0,0,1,0.6696323
73611,MH-003_2023_R141_C225,MH-003,Bhivpuri PSP,2023,141,225,18.911648,73.503166,MH-003_C15,test,cnn_test,0,0,1,0.88716435
73612,MH-003_2023_R142_C224,MH-003,Bhivpuri PSP,2023,142,224,18.911378,73.502896,MH-003_C15,test,cnn_test,0,0,0,0.099427536
73613,MH-003_2023_R142_C225,MH-003,Bhivpuri PSP,2023,142,225,18.911378,73.503166,MH-003_C15,test,cnn_test,0,0,1,0.7311833
73614,MH-003_2023_R143_C223,MH-003,Bhivpuri PSP,2023,143,223,18.911109,73.502627,MH-003_C15,test,cnn_test,0,0,0,0.0022297418
73615,MH-003_2023_R143_C224,MH-003,Bhivpuri PSP,2023,143,224,18.911109,73.502896,MH-003_C15,test,cnn_test,0,0,0,0.03624605
73616,MH-003_2023_R143_C225,MH-003,Bhivpuri PSP,2023,143,225,18.911109,73.503166,MH-003_C15,test,cnn_test,0,0,1,0.440304
73617,MH-003_2023_R144_C223,MH-003,Bhivpuri PSP,2023,144,223,18.910839,73.502627,MH-003_C15,test,cnn_test,0,0,0,0.00010955945
73618,MH-003_2023_R144_C224,MH-003,Bhivpuri PSP,2023,144,224,18.910839,73.502896,MH-003_C15,test,cnn_test,0,0,0,0.0024208839
73619,MH-003_2023_R146_C223,MH-003,Bhivpuri PSP,2023,146,223,18.9103,73.502627,MH-003_C15,test,cnn_test,0,0,0,0.00032376012
74550,MH-003_2024_R129_C203,MH-003,Bhivpuri PSP,2024,129,203,18.914882,73.497237,MH-003_C14,test,cnn_test,0,0,1,0.108424135
74551,MH-003_2024_R129_C204,MH-003,Bhivpuri PSP,2024,129,204,18.914882,73.497507,MH-003_C14,test,cnn_test,0,0,0,0.050869424
74552,MH-003_2024_R129_C205,MH-003,Bhivpuri PSP,2024,129,205,18.914882,73.497776,MH-003_C14,test,cnn_test,0,0,0,0.013211826
74553,MH-003_2024_R129_C224,MH-003,Bhivpuri PSP,2024,129,224,18.914882,73.502896,MH-003_C15,test,cnn_test,0,0,1,0.39859346
74554,MH-003_2024_R129_C225,MH-003,Bhivpuri PSP,2024,129,225,18.914882,73.503166,MH-003_C15,test,cnn_test,0,0,1,0.79406565
74555,MH-003_2024_R130_C206,MH-003,Bhivpuri PSP,2024,130,206,18.914612,73.498046,MH-003_C14,test,cnn_test,0,0,1,0.17893851
74556,MH-003_2024_R130_C207,MH-003,Bhivpuri PSP,2024,130,207,18.914612,73.498315,MH-003_C14,test,cnn_test,0,0,1,0.6507909
74557,MH-003_2024_R130_C208,MH-003,Bhivpuri PSP,2024,130,208,18.914612,73.498584,MH-003_C14,test,cnn_test,0,0,1,0.19937581
74558,MH-003_2024_R130_C215,MH-003,Bhivpuri PSP,2024,130,215,18.914612,73.500471,MH-003_C14,test,cnn_test,0,0,1,0.289459
74559,MH-003_2024_R130_C216,MH-003,Bhivpuri PSP,2024,130,216,18.914612,73.50074,MH-003_C14,test,cnn_test,0,0,1,0.7061951
74560,MH-003_2024_R130_C217,MH-003,Bhivpuri PSP,2024,130,217,18.914612,73.50101,MH-003_C14,test,cnn_test,1,0,1,0.2340127
74561,MH-003_2024_R130_C218,MH-003,Bhivpuri PSP,2024,130,218,18.914612,73.501279,MH-003_C15,test,cnn_test,1,0,1,0.21682595
74562,MH-003_2024_R130_C224,MH-003,Bhivpuri PSP,2024,130,224,18.914612,73.502896,MH-003_C15,test,cnn_test,0,0,1,0.53506774
74563,MH-003_2024_R130_C225,MH-003,Bhivpuri PSP,2024,130,225,18.914612,73.503166,MH-003_C15,test,cnn_test,0,0,1,0.77057767
74564,MH-003_2024_R131_C203,MH-003,Bhivpuri PSP,2024,131,203,18.914343,73.497237,MH-003_C14,test,cnn_test,0,0,1,0.5022348
74565,MH-003_2024_R131_C204,MH-003,Bhivpuri PSP,2024,131,204,18.914343,73.497507,MH-003_C14,test,cnn_test,0,0,1,0.77400106
74566,MH-003_2024_R131_C205,MH-003,Bhivpuri PSP,2024,131,205,18.914343,73.497776,MH-003_C14,test,cnn_test,0,0,1,0.3297646
74567,MH-003_2024_R131_C206,MH-003,Bhivpuri PSP,2024,131,206,18.914343,73.498046,MH-003_C14,test,cnn_test,1,0,1,0.29465112
74568,MH-003_2024_R131_C207,MH-003,Bhivpuri PSP,2024,131,207,18.914343,73.498315,MH-003_C14,test,cnn_test,0,0,1,0.62667173
74569,MH-003_2024_R131_C208,MH-003,Bhivpuri PSP,2024,131,208,18.914343,73.498584,MH-003_C14,test,cnn_test,0,0,1,0.4984874
74570,MH-003_2024_R131_C209,MH-003,Bhivpuri PSP,2024,131,209,18.914343,73.498854,MH-003_C14,test,cnn_test,0,0,1,0.7340998
74571,MH-003_2024_R131_C212,MH-003,Bhivpuri PSP,2024,131,212,18.914343,73.499662,MH-003_C14,test,cnn_test,1,0,1,0.93808746
74572,MH-003_2024_R131_C213,MH-003,Bhivpuri PSP,2024,131,213,18.914343,73.499932,MH-003_C14,test,cnn_test,1,0,1,0.8587097
74573,MH-003_2024_R131_C214,MH-003,Bhivpuri PSP,2024,131,214,18.914343,73.500201,MH-003_C14,test,cnn_test,0,0,1,0.6813906
74574,MH-003_2024_R131_C215,MH-003,Bhivpuri PSP,2024,131,215,18.914343,73.500471,MH-003_C14,test,cnn_test,0,0,1,0.6351699
74575,MH-003_2024_R131_C216,MH-003,Bhivpuri PSP,2024,131,216,18.914343,73.50074,MH-003_C14,test,cnn_test,0,0,1,0.7372358
74576,MH-003_2024_R131_C217,MH-003,Bhivpuri PSP,2024,131,217,18.914343,73.50101,MH-003_C14,test,cnn_test,1,0,1,0.21844405
74577,MH-003_2024_R131_C218,MH-003,Bhivpuri PSP,2024,131,218,18.914343,73.501279,MH-003_C15,test,cnn_test,0,0,1,0.21218804
74578,MH-003_2024_R131_C219,MH-003,Bhivpuri PSP,2024,131,219,18.914343,73.501549,MH-003_C15,test,cnn_test,0,0,0,0.056534145
74579,MH-003_2024_R131_C220,MH-003,Bhivpuri PSP,2024,131,220,18.914343,73.501818,MH-003_C15,test,cnn_test,0,0,1,0.1853182
74580,MH-003_2024_R131_C221,MH-003,Bhivpuri PSP,2024,131,221,18.914343,73.502088,MH-003_C15,test,cnn_test,0,0,1,0.1937009
74581,MH-003_2024_R131_C222,MH-003,Bhivpuri PSP,2024,131,222,18.914343,73.502357,MH-003_C15,test,cnn_test,0,0,1,0.26999548
74582,MH-003_2024_R131_C223,MH-003,Bhivpuri PSP,2024,131,223,18.914343,73.502627,MH-003_C15,test,cnn_test,0,0,0,0.09757245
74583,MH-003_2024_R131_C224,MH-003,Bhivpuri PSP,2024,131,224,18.914343,73.502896,MH-003_C15,test,cnn_test,0,0,1,0.33523074
74584,MH-003_2024_R131_C225,MH-003,Bhivpuri PSP,2024,131,225,18.914343,73.503166,MH-003_C15,test,cnn_test,0,0,1,0.7181062
74585,MH-003_2024_R132_C212,MH-003,Bhivpuri PSP,2024,132,212,18.914073,73.499662,MH-003_C14,test,cnn_test,0,0,1,0.9290215
74586,MH-003_2024_R132_C213,MH-003,Bhivpuri PSP,2024,132,213,18.914073,73.499932,MH-003_C14,test,cnn_test,0,0,1,0.89894646
74587,MH-003_2024_R132_C214,MH-003,Bhivpuri PSP,2024,132,214,18.914073,73.500201,MH-003_C14,test,cnn_test,0,0,1,0.62306094
74588,MH-003_2024_R132_C215,MH-003,Bhivpuri PSP,2024,132,215,18.914073,73.500471,MH-003_C14,test,cnn_test,0,0,1,0.44667032
74589,MH-003_2024_R132_C216,MH-003,Bhivpuri PSP,2024,132,216,18.914073,73.50074,MH-003_C14,test,cnn_test,0,0,1,0.6555279
74590,MH-003_2024_R132_C217,MH-003,Bhivpuri PSP,2024,132,217,18.914073,73.50101,MH-003_C14,test,cnn_test,0,0,1,0.36692473
74591,MH-003_2024_R132_C218,MH-003,Bhivpuri PSP,2024,132,218,18.914073,73.501279,MH-003_C15,test,cnn_test,0,0,1,0.35733104
74592,MH-003_2024_R132_C219,MH-003,Bhivpuri PSP,2024,132,219,18.914073,73.501549,MH-003_C15,test,cnn_test,0,0,0,0.071254775
74593,MH-003_2024_R132_C220,MH-003,Bhivpuri PSP,2024,132,220,18.914073,73.501818,MH-003_C15,test,cnn_test,0,0,1,0.19825673
74594,MH-003_2024_R132_C221,MH-003,Bhivpuri PSP,2024,132,221,18.914073,73.502088,MH-003_C15,test,cnn_test,0,0,1,0.226209
74595,MH-003_2024_R132_C222,MH-003,Bhivpuri PSP,2024,132,222,18.914073,73.502357,MH-003_C15,test,cnn_test,0,0,1,0.18702284
74596,MH-003_2024_R132_C223,MH-003,Bhivpuri PSP,2024,132,223,18.914073,73.502627,MH-003_C15,test,cnn_test,0,0,0,0.01580169
74597,MH-003_2024_R132_C224,MH-003,Bhivpuri PSP,2024,132,224,18.914073,73.502896,MH-003_C15,test,cnn_test,0,0,1,0.2840323
74598,MH-003_2024_R133_C215,MH-003,Bhivpuri PSP,2024,133,215,18.913804,73.500471,MH-003_C14,test,cnn_test,0,0,1,0.47792858
74599,MH-003_2024_R133_C216,MH-003,Bhivpuri PSP,2024,133,216,18.913804,73.50074,MH-003_C14,test,cnn_test,0,0,1,0.57195574
74600,MH-003_2024_R133_C217,MH-003,Bhivpuri PSP,2024,133,217,18.913804,73.50101,MH-003_C14,test,cnn_test,0,0,1,0.3639183
74601,MH-003_2024_R133_C218,MH-003,Bhivpuri PSP,2024,133,218,18.913804,73.501279,MH-003_C15,test,cnn_test,0,0,1,0.3358049
74602,MH-003_2024_R133_C219,MH-003,Bhivpuri PSP,2024,133,219,18.913804,73.501549,MH-003_C15,test,cnn_test,0,0,1,0.1371388
74603,MH-003_2024_R133_C220,MH-003,Bhivpuri PSP,2024,133,220,18.913804,73.501818,MH-003_C15,test,cnn_test,0,0,1,0.3406073
74604,MH-003_2024_R133_C221,MH-003,Bhivpuri PSP,2024,133,221,18.913804,73.502088,MH-003_C15,test,cnn_test,0,0,1,0.3645445
74605,MH-003_2024_R133_C222,MH-003,Bhivpuri PSP,2024,133,222,18.913804,73.502357,MH-003_C15,test,cnn_test,0,0,1,0.24839503
74606,MH-003_2024_R133_C223,MH-003,Bhivpuri PSP,2024,133,223,18.913804,73.502627,MH-003_C15,test,cnn_test,0,0,0,0.06270745
74607,MH-003_2024_R133_C224,MH-003,Bhivpuri PSP,2024,133,224,18.913804,73.502896,MH-003_C15,test,cnn_test,0,0,1,0.5278792
74608,MH-003_2024_R134_C203,MH-003,Bhivpuri PSP,2024,134,203,18.913534,73.497237,MH-003_C14,test,cnn_test,0,0,1,0.58330315
74609,MH-003_2024_R134_C215,MH-003,Bhivpuri PSP,2024,134,215,18.913534,73.500471,MH-003_C14,test,cnn_test,0,0,1,0.15987936
74610,MH-003_2024_R134_C216,MH-003,Bhivpuri PSP,2024,134,216,18.913534,73.50074,MH-003_C14,test,cnn_test,0,0,1,0.25656244
74611,MH-003_2024_R134_C217,MH-003,Bhivpuri PSP,2024,134,217,18.913534,73.50101,MH-003_C14,test,cnn_test,0,0,1,0.19833049
74612,MH-003_2024_R134_C218,MH-003,Bhivpuri PSP,2024,134,218,18.913534,73.501279,MH-003_C15,test,cnn_test,0,0,1,0.14821404
74613,MH-003_2024_R134_C219,MH-003,Bhivpuri PSP,2024,134,219,18.913534,73.501549,MH-003_C15,test,cnn_test,0,0,0,0.051396165
74614,MH-003_2024_R134_C220,MH-003,Bhivpuri PSP,2024,134,220,18.913534,73.501818,MH-003_C15,test,cnn_test,0,0,1,0.3158633
74615,MH-003_2024_R134_C221,MH-003,Bhivpuri PSP,2024,134,221,18.913534,73.502088,MH-003_C15,test,cnn_test,0,0,1,0.30316693
74616,MH-003_2024_R134_C222,MH-003,Bhivpuri PSP,2024,134,222,18.913534,73.502357,MH-003_C15,test,cnn_test,0,0,1,0.28160575
74617,MH-003_2024_R134_C223,MH-003,Bhivpuri PSP,2024,134,223,18.913534,73.502627,MH-003_C15,test,cnn_test,0,0,0,0.02189514
74618,MH-003_2024_R134_C224,MH-003,Bhivpuri PSP,2024,134,224,18.913534,73.502896,MH-003_C15,test,cnn_test,0,0,1,0.65643275
74619,MH-003_2024_R134_C225,MH-003,Bhivpuri PSP,2024,134,225,18.913534,73.503166,MH-003_C15,test,cnn_test,0,0,1,0.9173823
74620,MH-003_2024_R135_C203,MH-003,Bhivpuri PSP,2024,135,203,18.913265,73.497237,MH-003_C14,test,cnn_test,0,0,1,0.5818427
74621,MH-003_2024_R135_C215,MH-003,Bhivpuri PSP,2024,135,215,18.913265,73.500471,MH-003_C14,test,cnn_test,0,0,1,0.12626049
74622,MH-003_2024_R135_C216,MH-003,Bhivpuri PSP,2024,135,216,18.913265,73.50074,MH-003_C14,test,cnn_test,0,0,0,0.08378247
74623,MH-003_2024_R135_C217,MH-003,Bhivpuri PSP,2024,135,217,18.913265,73.50101,MH-003_C14,test,cnn_test,0,0,0,0.04180321
74624,MH-003_2024_R135_C218,MH-003,Bhivpuri PSP,2024,135,218,18.913265,73.501279,MH-003_C15,test,cnn_test,0,0,0,0.041884765
74625,MH-003_2024_R135_C219,MH-003,Bhivpuri PSP,2024,135,219,18.913265,73.501549,MH-003_C15,test,cnn_test,0,0,0,0.043429717
74626,MH-003_2024_R136_C203,MH-003,Bhivpuri PSP,2024,136,203,18.912995,73.497237,MH-003_C14,test,cnn_test,0,0,1,0.73746926
74627,MH-003_2024_R136_C204,MH-003,Bhivpuri PSP,2024,136,204,18.912995,73.497507,MH-003_C14,test,cnn_test,1,0,1,0.8793618
74628,MH-003_2024_R136_C216,MH-003,Bhivpuri PSP,2024,136,216,18.912995,73.50074,MH-003_C14,test,cnn_test,0,0,0,0.01652355
74629,MH-003_2024_R136_C217,MH-003,Bhivpuri PSP,2024,136,217,18.912995,73.50101,MH-003_C14,test,cnn_test,0,0,0,0.031664826
74630,MH-003_2024_R136_C218,MH-003,Bhivpuri PSP,2024,136,218,18.912995,73.501279,MH-003_C15,test,cnn_test,0,0,0,0.091185555
74631,MH-003_2024_R136_C223,MH-003,Bhivpuri PSP,2024,136,223,18.912995,73.502627,MH-003_C15,test,cnn_test,0,0,0,0.031128952
74632,MH-003_2024_R137_C203,MH-003,Bhivpuri PSP,2024,137,203,18.912726,73.497237,MH-003_C14,test,cnn_test,0,0,1,0.54932
74633,MH-003_2024_R137_C205,MH-003,Bhivpuri PSP,2024,137,205,18.912726,73.497776,MH-003_C14,test,cnn_test,1,0,1,0.82822317
74634,MH-003_2024_R137_C216,MH-003,Bhivpuri PSP,2024,137,216,18.912726,73.50074,MH-003_C14,test,cnn_test,0,0,0,0.0006291854
74635,MH-003_2024_R137_C222,MH-003,Bhivpuri PSP,2024,137,222,18.912726,73.502357,MH-003_C15,test,cnn_test,0,0,1,0.60169774
74636,MH-003_2024_R137_C223,MH-003,Bhivpuri PSP,2024,137,223,18.912726,73.502627,MH-003_C15,test,cnn_test,0,0,1,0.10806223
74637,MH-003_2024_R137_C224,MH-003,Bhivpuri PSP,2024,137,224,18.912726,73.502896,MH-003_C15,test,cnn_test,0,0,1,0.68227404
74638,MH-003_2024_R137_C225,MH-003,Bhivpuri PSP,2024,137,225,18.912726,73.503166,MH-003_C15,test,cnn_test,0,0,1,0.95808053
74639,MH-003_2024_R138_C223,MH-003,Bhivpuri PSP,2024,138,223,18.912456,73.502627,MH-003_C15,test,cnn_test,0,0,0,0.026064625
74640,MH-003_2024_R138_C224,MH-003,Bhivpuri PSP,2024,138,224,18.912456,73.502896,MH-003_C15,test,cnn_test,0,0,1,0.52131027
74641,MH-003_2024_R138_C225,MH-003,Bhivpuri PSP,2024,138,225,18.912456,73.503166,MH-003_C15,test,cnn_test,0,0,1,0.9538895
74642,MH-003_2024_R139_C223,MH-003,Bhivpuri PSP,2024,139,223,18.912187,73.502627,MH-003_C15,test,cnn_test,0,0,1,0.17290998
74643,MH-003_2024_R139_C224,MH-003,Bhivpuri PSP,2024,139,224,18.912187,73.502896,MH-003_C15,test,cnn_test,0,0,1,0.8385939
74644,MH-003_2024_R140_C223,MH-003,Bhivpuri PSP,2024,140,223,18.911917,73.502627,MH-003_C15,test,cnn_test,0,0,0,0.004150071
74645,MH-003_2024_R140_C224,MH-003,Bhivpuri PSP,2024,140,224,18.911917,73.502896,MH-003_C15,test,cnn_test,0,0,1,0.25597462
74646,MH-003_2024_R141_C224,MH-003,Bhivpuri PSP,2024,141,224,18.911648,73.502896,MH-003_C15,test,cnn_test,0,0,1,0.5194574
74647,MH-003_2024_R141_C225,MH-003,Bhivpuri PSP,2024,141,225,18.911648,73.503166,MH-003_C15,test,cnn_test,0,0,1,0.9094091
74648,MH-003_2024_R142_C225,MH-003,Bhivpuri PSP,2024,142,225,18.911378,73.503166,MH-003_C15,test,cnn_test,0,0,1,0.71015453
74649,MH-003_2024_R143_C224,MH-003,Bhivpuri PSP,2024,143,224,18.911109,73.502896,MH-003_C15,test,cnn_test,0,0,0,0.040621832
74650,MH-003_2024_R143_C225,MH-003,Bhivpuri PSP,2024,143,225,18.911109,73.503166,MH-003_C15,test,cnn_test,0,0,1,0.48394534
74651,MH-003_2024_R144_C223,MH-003,Bhivpuri PSP,2024,144,223,18.910839,73.502627,MH-003_C15,test,cnn_test,0,0,0,0.00032479267
74652,MH-003_2024_R144_C224,MH-003,Bhivpuri PSP,2024,144,224,18.910839,73.502896,MH-003_C15,test,cnn_test,0,0,0,0.002681307
74653,MH-003_2024_R144_C225,MH-003,Bhivpuri PSP,2024,144,225,18.910839,73.503166,MH-003_C15,test,cnn_test,0,0,1,0.10320819
74654,MH-003_2024_R145_C223,MH-003,Bhivpuri PSP,2024,145,223,18.91057,73.502627,MH-003_C15,test,cnn_test,0,0,0,0.00079530245
74655,MH-003_2024_R145_C225,MH-003,Bhivpuri PSP,2024,145,225,18.91057,73.503166,MH-003_C15,test,cnn_test,0,0,1,0.11326243
74656,MH-003_2024_R146_C225,MH-003,Bhivpuri PSP,2024,146,225,18.9103,73.503166,MH-003_C15,test,cnn_test,0,0,0,0.03406636
75478,MH-003_2025_R128_C225,MH-003,Bhivpuri PSP,2025,128,225,18.915151,73.503166,MH-003_C15,test,cnn_test,0,0,1,0.81014717
75479,MH-003_2025_R129_C203,MH-003,Bhivpuri PSP,2025,129,203,18.914882,73.497237,MH-003_C14,test,cnn_test,0,0,1,0.21339531
75480,MH-003_2025_R129_C204,MH-003,Bhivpuri PSP,2025,129,204,18.914882,73.497507,MH-003_C14,test,cnn_test,0,0,1,0.16161452
75481,MH-003_2025_R129_C206,MH-003,Bhivpuri PSP,2025,129,206,18.914882,73.498046,MH-003_C14,test,cnn_test,0,0,1,0.3356594
75482,MH-003_2025_R129_C224,MH-003,Bhivpuri PSP,2025,129,224,18.914882,73.502896,MH-003_C15,test,cnn_test,0,0,1,0.5854531
75483,MH-003_2025_R129_C225,MH-003,Bhivpuri PSP,2025,129,225,18.914882,73.503166,MH-003_C15,test,cnn_test,0,0,1,0.87140954
75484,MH-003_2025_R130_C203,MH-003,Bhivpuri PSP,2025,130,203,18.914612,73.497237,MH-003_C14,test,cnn_test,0,0,1,0.8366412
75485,MH-003_2025_R130_C204,MH-003,Bhivpuri PSP,2025,130,204,18.914612,73.497507,MH-003_C14,test,cnn_test,0,0,1,0.62429786
75486,MH-003_2025_R130_C205,MH-003,Bhivpuri PSP,2025,130,205,18.914612,73.497776,MH-003_C14,test,cnn_test,0,0,1,0.66440433
75487,MH-003_2025_R130_C206,MH-003,Bhivpuri PSP,2025,130,206,18.914612,73.498046,MH-003_C14,test,cnn_test,0,0,1,0.73802555
75488,MH-003_2025_R130_C207,MH-003,Bhivpuri PSP,2025,130,207,18.914612,73.498315,MH-003_C14,test,cnn_test,0,0,1,0.92125934
75489,MH-003_2025_R130_C208,MH-003,Bhivpuri PSP,2025,130,208,18.914612,73.498584,MH-003_C14,test,cnn_test,0,0,1,0.8232822
75490,MH-003_2025_R130_C215,MH-003,Bhivpuri PSP,2025,130,215,18.914612,73.500471,MH-003_C14,test,cnn_test,0,0,1,0.94838053
75491,MH-003_2025_R130_C216,MH-003,Bhivpuri PSP,2025,130,216,18.914612,73.50074,MH-003_C14,test,cnn_test,0,0,1,0.86910486
75492,MH-003_2025_R130_C217,MH-003,Bhivpuri PSP,2025,130,217,18.914612,73.50101,MH-003_C14,test,cnn_test,1,0,1,0.4447026
75493,MH-003_2025_R130_C218,MH-003,Bhivpuri PSP,2025,130,218,18.914612,73.501279,MH-003_C15,test,cnn_test,1,0,1,0.48972687
75494,MH-003_2025_R130_C224,MH-003,Bhivpuri PSP,2025,130,224,18.914612,73.502896,MH-003_C15,test,cnn_test,0,0,1,0.7054327
75495,MH-003_2025_R130_C225,MH-003,Bhivpuri PSP,2025,130,225,18.914612,73.503166,MH-003_C15,test,cnn_test,0,0,1,0.8376155
75496,MH-003_2025_R131_C203,MH-003,Bhivpuri PSP,2025,131,203,18.914343,73.497237,MH-003_C14,test,cnn_test,0,0,1,0.6839558
75497,MH-003_2025_R131_C204,MH-003,Bhivpuri PSP,2025,131,204,18.914343,73.497507,MH-003_C14,test,cnn_test,0,0,1,0.65392995
75498,MH-003_2025_R131_C206,MH-003,Bhivpuri PSP,2025,131,206,18.914343,73.498046,MH-003_C14,test,cnn_test,1,0,1,0.48320118
75499,MH-003_2025_R131_C207,MH-003,Bhivpuri PSP,2025,131,207,18.914343,73.498315,MH-003_C14,test,cnn_test,0,0,1,0.90028685
75500,MH-003_2025_R131_C208,MH-003,Bhivpuri PSP,2025,131,208,18.914343,73.498584,MH-003_C14,test,cnn_test,0,0,1,0.72712433
75501,MH-003_2025_R131_C209,MH-003,Bhivpuri PSP,2025,131,209,18.914343,73.498854,MH-003_C14,test,cnn_test,0,0,1,0.92841417
75502,MH-003_2025_R131_C210,MH-003,Bhivpuri PSP,2025,131,210,18.914343,73.499123,MH-003_C14,test,cnn_test,0,0,1,0.894845
75503,MH-003_2025_R131_C212,MH-003,Bhivpuri PSP,2025,131,212,18.914343,73.499662,MH-003_C14,test,cnn_test,1,0,1,0.9714973
75504,MH-003_2025_R131_C213,MH-003,Bhivpuri PSP,2025,131,213,18.914343,73.499932,MH-003_C14,test,cnn_test,1,0,1,0.9724822
75505,MH-003_2025_R131_C214,MH-003,Bhivpuri PSP,2025,131,214,18.914343,73.500201,MH-003_C14,test,cnn_test,0,0,1,0.9719663
75506,MH-003_2025_R131_C215,MH-003,Bhivpuri PSP,2025,131,215,18.914343,73.500471,MH-003_C14,test,cnn_test,0,0,1,0.94736767
75507,MH-003_2025_R131_C216,MH-003,Bhivpuri PSP,2025,131,216,18.914343,73.50074,MH-003_C14,test,cnn_test,0,0,1,0.9275521
75508,MH-003_2025_R131_C217,MH-003,Bhivpuri PSP,2025,131,217,18.914343,73.50101,MH-003_C14,test,cnn_test,1,0,1,0.3225181
75509,MH-003_2025_R131_C218,MH-003,Bhivpuri PSP,2025,131,218,18.914343,73.501279,MH-003_C15,test,cnn_test,0,0,1,0.7432145
75510,MH-003_2025_R131_C219,MH-003,Bhivpuri PSP,2025,131,219,18.914343,73.501549,MH-003_C15,test,cnn_test,0,0,1,0.21634255
75511,MH-003_2025_R131_C220,MH-003,Bhivpuri PSP,2025,131,220,18.914343,73.501818,MH-003_C15,test,cnn_test,0,0,0,0.09533793
75512,MH-003_2025_R131_C221,MH-003,Bhivpuri PSP,2025,131,221,18.914343,73.502088,MH-003_C15,test,cnn_test,0,0,1,0.60699
75513,MH-003_2025_R131_C222,MH-003,Bhivpuri PSP,2025,131,222,18.914343,73.502357,MH-003_C15,test,cnn_test,0,0,1,0.7585316
75514,MH-003_2025_R131_C223,MH-003,Bhivpuri PSP,2025,131,223,18.914343,73.502627,MH-003_C15,test,cnn_test,0,0,1,0.45964396
75515,MH-003_2025_R131_C224,MH-003,Bhivpuri PSP,2025,131,224,18.914343,73.502896,MH-003_C15,test,cnn_test,0,0,1,0.6358976
75516,MH-003_2025_R131_C225,MH-003,Bhivpuri PSP,2025,131,225,18.914343,73.503166,MH-003_C15,test,cnn_test,0,0,1,0.7836404
75517,MH-003_2025_R132_C210,MH-003,Bhivpuri PSP,2025,132,210,18.914073,73.499123,MH-003_C14,test,cnn_test,1,0,1,0.65173835
75518,MH-003_2025_R132_C211,MH-003,Bhivpuri PSP,2025,132,211,18.914073,73.499393,MH-003_C14,test,cnn_test,1,0,1,0.82022285
75519,MH-003_2025_R132_C212,MH-003,Bhivpuri PSP,2025,132,212,18.914073,73.499662,MH-003_C14,test,cnn_test,0,0,1,0.92138
75520,MH-003_2025_R132_C213,MH-003,Bhivpuri PSP,2025,132,213,18.914073,73.499932,MH-003_C14,test,cnn_test,0,0,1,0.97490543
75521,MH-003_2025_R132_C214,MH-003,Bhivpuri PSP,2025,132,214,18.914073,73.500201,MH-003_C14,test,cnn_test,0,0,1,0.9600193
75522,MH-003_2025_R132_C215,MH-003,Bhivpuri PSP,2025,132,215,18.914073,73.500471,MH-003_C14,test,cnn_test,0,0,1,0.94130343
75523,MH-003_2025_R132_C216,MH-003,Bhivpuri PSP,2025,132,216,18.914073,73.50074,MH-003_C14,test,cnn_test,0,0,1,0.88487774
75524,MH-003_2025_R132_C217,MH-003,Bhivpuri PSP,2025,132,217,18.914073,73.50101,MH-003_C14,test,cnn_test,0,0,1,0.7318135
75525,MH-003_2025_R132_C218,MH-003,Bhivpuri PSP,2025,132,218,18.914073,73.501279,MH-003_C15,test,cnn_test,0,0,1,0.87249106
75526,MH-003_2025_R132_C219,MH-003,Bhivpuri PSP,2025,132,219,18.914073,73.501549,MH-003_C15,test,cnn_test,0,0,1,0.5729084
75527,MH-003_2025_R132_C220,MH-003,Bhivpuri PSP,2025,132,220,18.914073,73.501818,MH-003_C15,test,cnn_test,0,0,1,0.33408841
75528,MH-003_2025_R132_C221,MH-003,Bhivpuri PSP,2025,132,221,18.914073,73.502088,MH-003_C15,test,cnn_test,0,0,1,0.76822215
75529,MH-003_2025_R132_C222,MH-003,Bhivpuri PSP,2025,132,222,18.914073,73.502357,MH-003_C15,test,cnn_test,0,0,1,0.7174093
75530,MH-003_2025_R132_C223,MH-003,Bhivpuri PSP,2025,132,223,18.914073,73.502627,MH-003_C15,test,cnn_test,0,0,1,0.13683361
75531,MH-003_2025_R132_C224,MH-003,Bhivpuri PSP,2025,132,224,18.914073,73.502896,MH-003_C15,test,cnn_test,0,0,1,0.4245167
75532,MH-003_2025_R133_C215,MH-003,Bhivpuri PSP,2025,133,215,18.913804,73.500471,MH-003_C14,test,cnn_test,0,0,1,0.9622115
75533,MH-003_2025_R133_C216,MH-003,Bhivpuri PSP,2025,133,216,18.913804,73.50074,MH-003_C14,test,cnn_test,0,0,1,0.9357562
75534,MH-003_2025_R133_C217,MH-003,Bhivpuri PSP,2025,133,217,18.913804,73.50101,MH-003_C14,test,cnn_test,0,0,1,0.7004436
75535,MH-003_2025_R133_C218,MH-003,Bhivpuri PSP,2025,133,218,18.913804,73.501279,MH-003_C15,test,cnn_test,0,0,1,0.91661954
75536,MH-003_2025_R133_C219,MH-003,Bhivpuri PSP,2025,133,219,18.913804,73.501549,MH-003_C15,test,cnn_test,0,0,1,0.81261045
75537,MH-003_2025_R133_C220,MH-003,Bhivpuri PSP,2025,133,220,18.913804,73.501818,MH-003_C15,test,cnn_test,0,0,1,0.5710436
75538,MH-003_2025_R133_C221,MH-003,Bhivpuri PSP,2025,133,221,18.913804,73.502088,MH-003_C15,test,cnn_test,0,0,1,0.8020283
75539,MH-003_2025_R133_C222,MH-003,Bhivpuri PSP,2025,133,222,18.913804,73.502357,MH-003_C15,test,cnn_test,0,0,1,0.7860481
75540,MH-003_2025_R133_C223,MH-003,Bhivpuri PSP,2025,133,223,18.913804,73.502627,MH-003_C15,test,cnn_test,0,0,1,0.15395762
75541,MH-003_2025_R133_C224,MH-003,Bhivpuri PSP,2025,133,224,18.913804,73.502896,MH-003_C15,test,cnn_test,0,0,1,0.75642896
75542,MH-003_2025_R134_C203,MH-003,Bhivpuri PSP,2025,134,203,18.913534,73.497237,MH-003_C14,test,cnn_test,0,0,1,0.9118742
75543,MH-003_2025_R134_C215,MH-003,Bhivpuri PSP,2025,134,215,18.913534,73.500471,MH-003_C14,test,cnn_test,0,0,1,0.904652
75544,MH-003_2025_R134_C216,MH-003,Bhivpuri PSP,2025,134,216,18.913534,73.50074,MH-003_C14,test,cnn_test,0,0,1,0.7651007
75545,MH-003_2025_R134_C217,MH-003,Bhivpuri PSP,2025,134,217,18.913534,73.50101,MH-003_C14,test,cnn_test,0,0,1,0.68448216
75546,MH-003_2025_R134_C218,MH-003,Bhivpuri PSP,2025,134,218,18.913534,73.501279,MH-003_C15,test,cnn_test,0,0,1,0.6343487
75547,MH-003_2025_R134_C219,MH-003,Bhivpuri PSP,2025,134,219,18.913534,73.501549,MH-003_C15,test,cnn_test,0,0,1,0.33052498
75548,MH-003_2025_R134_C220,MH-003,Bhivpuri PSP,2025,134,220,18.913534,73.501818,MH-003_C15,test,cnn_test,0,0,1,0.5345457
75549,MH-003_2025_R134_C221,MH-003,Bhivpuri PSP,2025,134,221,18.913534,73.502088,MH-003_C15,test,cnn_test,0,0,1,0.8144568
75550,MH-003_2025_R134_C222,MH-003,Bhivpuri PSP,2025,134,222,18.913534,73.502357,MH-003_C15,test,cnn_test,0,0,1,0.7763599
75551,MH-003_2025_R134_C223,MH-003,Bhivpuri PSP,2025,134,223,18.913534,73.502627,MH-003_C15,test,cnn_test,0,0,1,0.13993147
75552,MH-003_2025_R134_C224,MH-003,Bhivpuri PSP,2025,134,224,18.913534,73.502896,MH-003_C15,test,cnn_test,0,0,1,0.8724259
75553,MH-003_2025_R134_C225,MH-003,Bhivpuri PSP,2025,134,225,18.913534,73.503166,MH-003_C15,test,cnn_test,0,0,1,0.9311684
75554,MH-003_2025_R135_C203,MH-003,Bhivpuri PSP,2025,135,203,18.913265,73.497237,MH-003_C14,test,cnn_test,0,0,1,0.8139439
75555,MH-003_2025_R135_C215,MH-003,Bhivpuri PSP,2025,135,215,18.913265,73.500471,MH-003_C14,test,cnn_test,0,0,1,0.71432453
75556,MH-003_2025_R135_C216,MH-003,Bhivpuri PSP,2025,135,216,18.913265,73.50074,MH-003_C14,test,cnn_test,0,0,1,0.10927985
75557,MH-003_2025_R135_C217,MH-003,Bhivpuri PSP,2025,135,217,18.913265,73.50101,MH-003_C14,test,cnn_test,0,0,0,0.023515582
75558,MH-003_2025_R135_C218,MH-003,Bhivpuri PSP,2025,135,218,18.913265,73.501279,MH-003_C15,test,cnn_test,0,0,1,0.10760729
75559,MH-003_2025_R135_C219,MH-003,Bhivpuri PSP,2025,135,219,18.913265,73.501549,MH-003_C15,test,cnn_test,0,0,0,0.05571765
75560,MH-003_2025_R136_C203,MH-003,Bhivpuri PSP,2025,136,203,18.912995,73.497237,MH-003_C14,test,cnn_test,0,0,1,0.25320452
75561,MH-003_2025_R136_C204,MH-003,Bhivpuri PSP,2025,136,204,18.912995,73.497507,MH-003_C14,test,cnn_test,1,0,1,0.44408602
75562,MH-003_2025_R136_C216,MH-003,Bhivpuri PSP,2025,136,216,18.912995,73.50074,MH-003_C14,test,cnn_test,0,0,0,0.015604421
75563,MH-003_2025_R136_C217,MH-003,Bhivpuri PSP,2025,136,217,18.912995,73.50101,MH-003_C14,test,cnn_test,0,0,0,0.041843407
75564,MH-003_2025_R136_C218,MH-003,Bhivpuri PSP,2025,136,218,18.912995,73.501279,MH-003_C15,test,cnn_test,0,0,1,0.114921056
75565,MH-003_2025_R136_C223,MH-003,Bhivpuri PSP,2025,136,223,18.912995,73.502627,MH-003_C15,test,cnn_test,0,0,0,0.022920031
75566,MH-003_2025_R137_C203,MH-003,Bhivpuri PSP,2025,137,203,18.912726,73.497237,MH-003_C14,test,cnn_test,0,0,0,0.007686262
75567,MH-003_2025_R137_C204,MH-003,Bhivpuri PSP,2025,137,204,18.912726,73.497507,MH-003_C14,test,cnn_test,0,0,0,0.03336528
75568,MH-003_2025_R137_C205,MH-003,Bhivpuri PSP,2025,137,205,18.912726,73.497776,MH-003_C14,test,cnn_test,1,0,0,0.090467036
75569,MH-003_2025_R137_C216,MH-003,Bhivpuri PSP,2025,137,216,18.912726,73.50074,MH-003_C14,test,cnn_test,0,0,0,0.00034462428
75570,MH-003_2025_R137_C222,MH-003,Bhivpuri PSP,2025,137,222,18.912726,73.502357,MH-003_C15,test,cnn_test,0,0,1,0.21308859
75571,MH-003_2025_R137_C223,MH-003,Bhivpuri PSP,2025,137,223,18.912726,73.502627,MH-003_C15,test,cnn_test,0,0,0,0.020192795
75572,MH-003_2025_R137_C224,MH-003,Bhivpuri PSP,2025,137,224,18.912726,73.502896,MH-003_C15,test,cnn_test,0,0,1,0.8946485
75573,MH-003_2025_R137_C225,MH-003,Bhivpuri PSP,2025,137,225,18.912726,73.503166,MH-003_C15,test,cnn_test,0,0,1,0.95527554
75574,MH-003_2025_R138_C223,MH-003,Bhivpuri PSP,2025,138,223,18.912456,73.502627,MH-003_C15,test,cnn_test,0,0,0,0.0042825313
75575,MH-003_2025_R138_C224,MH-003,Bhivpuri PSP,2025,138,224,18.912456,73.502896,MH-003_C15,test,cnn_test,0,0,1,0.8638413
75576,MH-003_2025_R138_C225,MH-003,Bhivpuri PSP,2025,138,225,18.912456,73.503166,MH-003_C15,test,cnn_test,0,0,1,0.9746166
75577,MH-003_2025_R139_C223,MH-003,Bhivpuri PSP,2025,139,223,18.912187,73.502627,MH-003_C15,test,cnn_test,0,0,0,0.017845554
75578,MH-003_2025_R139_C224,MH-003,Bhivpuri PSP,2025,139,224,18.912187,73.502896,MH-003_C15,test,cnn_test,0,0,1,0.9425018
75579,MH-003_2025_R140_C223,MH-003,Bhivpuri PSP,2025,140,223,18.911917,73.502627,MH-003_C15,test,cnn_test,0,0,0,9.9329794e-05
75580,MH-003_2025_R140_C224,MH-003,Bhivpuri PSP,2025,140,224,18.911917,73.502896,MH-003_C15,test,cnn_test,0,0,1,0.13607442
75581,MH-003_2025_R141_C222,MH-003,Bhivpuri PSP,2025,141,222,18.911648,73.502357,MH-003_C15,test,cnn_test,0,0,0,0.00046612992
75582,MH-003_2025_R141_C223,MH-003,Bhivpuri PSP,2025,141,223,18.911648,73.502627,MH-003_C15,test,cnn_test,0,0,0,0.0005226837
75583,MH-003_2025_R141_C224,MH-003,Bhivpuri PSP,2025,141,224,18.911648,73.502896,MH-003_C15,test,cnn_test,0,0,1,0.46645597
75584,MH-003_2025_R141_C225,MH-003,Bhivpuri PSP,2025,141,225,18.911648,73.503166,MH-003_C15,test,cnn_test,0,0,1,0.8922646
75585,MH-003_2025_R142_C223,MH-003,Bhivpuri PSP,2025,142,223,18.911378,73.502627,MH-003_C15,test,cnn_test,0,0,0,9.6307085e-05
75586,MH-003_2025_R142_C224,MH-003,Bhivpuri PSP,2025,142,224,18.911378,73.502896,MH-003_C15,test,cnn_test,0,0,0,0.03367355
75587,MH-003_2025_R142_C225,MH-003,Bhivpuri PSP,2025,142,225,18.911378,73.503166,MH-003_C15,test,cnn_test,0,0,1,0.5436268
75588,MH-003_2025_R143_C222,MH-003,Bhivpuri PSP,2025,143,222,18.911109,73.502357,MH-003_C15,test,cnn_test,0,0,0,1.1125003e-05
75589,MH-003_2025_R143_C223,MH-003,Bhivpuri PSP,2025,143,223,18.911109,73.502627,MH-003_C15,test,cnn_test,0,0,0,4.3404263e-05
75590,MH-003_2025_R143_C224,MH-003,Bhivpuri PSP,2025,143,224,18.911109,73.502896,MH-003_C15,test,cnn_test,0,0,0,0.014634623
75591,MH-003_2025_R143_C225,MH-003,Bhivpuri PSP,2025,143,225,18.911109,73.503166,MH-003_C15,test,cnn_test,0,0,1,0.31692365
75592,MH-003_2025_R144_C223,MH-003,Bhivpuri PSP,2025,144,223,18.910839,73.502627,MH-003_C15,test,cnn_test,0,0,0,5.628764e-06
75593,MH-003_2025_R144_C224,MH-003,Bhivpuri PSP,2025,144,224,18.910839,73.502896,MH-003_C15,test,cnn_test,0,0,0,0.00093696057
75594,MH-003_2025_R144_C225,MH-003,Bhivpuri PSP,2025,144,225,18.910839,73.503166,MH-003_C15,test,cnn_test,0,0,0,0.058322776
75595,MH-003_2025_R145_C223,MH-003,Bhivpuri PSP,2025,145,223,18.91057,73.502627,MH-003_C15,test,cnn_test,0,0,0,2.0565936e-05
75596,MH-003_2025_R145_C224,MH-003,Bhivpuri PSP,2025,145,224,18.91057,73.502896,MH-003_C15,test,cnn_test,0,0,0,0.008060935
75597,MH-003_2025_R145_C225,MH-003,Bhivpuri PSP,2025,145,225,18.91057,73.503166,MH-003_C15,test,cnn_test,0,0,1,0.31140587
75598,MH-003_2025_R146_C224,MH-003,Bhivpuri PSP,2025,146,224,18.9103,73.502896,MH-003_C15,test,cnn_test,0,0,0,0.00047266315
75599,MH-003_2025_R146_C225,MH-003,Bhivpuri PSP,2025,146,225,18.9103,73.503166,MH-003_C15,test,cnn_test,0,0,0,0.095232554
